#! /home/xpektra/.apio/packages/oss-cad-suite/bin/vvp
:ivl_version "13.0 (devel)" "(s20250103-66-gd67d3323a)";
:ivl_delay_selection "TYPICAL";
:vpi_time_precision - 12;
:vpi_module "/home/xpektra/.apio/packages/oss-cad-suite/lib/ivl/system.vpi";
:vpi_module "/home/xpektra/.apio/packages/oss-cad-suite/lib/ivl/vhdl_sys.vpi";
:vpi_module "/home/xpektra/.apio/packages/oss-cad-suite/lib/ivl/vhdl_textio.vpi";
:vpi_module "/home/xpektra/.apio/packages/oss-cad-suite/lib/ivl/v2005_math.vpi";
:vpi_module "/home/xpektra/.apio/packages/oss-cad-suite/lib/ivl/va_math.vpi";
:vpi_module "/home/xpektra/.apio/packages/oss-cad-suite/lib/ivl/v2009.vpi";
S_0x55555be09890 .scope package, "$unit" "$unit" 2 1;
 .timescale 0 0;
S_0x55555bf62ba0 .scope module, "And16" "And16" 3 7;
 .timescale -12 -12;
    .port_info 0 /INPUT 16 "a";
    .port_info 1 /INPUT 16 "b";
    .port_info 2 /OUTPUT 16 "out";
o0x7f8a6a1d0218 .functor BUFZ 16, c4<zzzzzzzzzzzzzzzz>; HiZ drive
v0x55555bf5e0a0_0 .net "a", 15 0, o0x7f8a6a1d0218;  0 drivers
o0x7f8a6a1d0248 .functor BUFZ 16, c4<zzzzzzzzzzzzzzzz>; HiZ drive
v0x55555bf5d3a0_0 .net "b", 15 0, o0x7f8a6a1d0248;  0 drivers
v0x55555bf5c430_0 .net "out", 15 0, L_0x55555c066f90;  1 drivers
L_0x55555c063b00 .part o0x7f8a6a1d0218, 0, 1;
L_0x55555c063bf0 .part o0x7f8a6a1d0248, 0, 1;
L_0x55555c063db0 .part o0x7f8a6a1d0218, 1, 1;
L_0x55555c063ef0 .part o0x7f8a6a1d0248, 1, 1;
L_0x55555c0640d0 .part o0x7f8a6a1d0218, 2, 1;
L_0x55555c0641c0 .part o0x7f8a6a1d0248, 2, 1;
L_0x55555c064360 .part o0x7f8a6a1d0218, 3, 1;
L_0x55555c0644e0 .part o0x7f8a6a1d0248, 3, 1;
L_0x55555c0646d0 .part o0x7f8a6a1d0218, 4, 1;
L_0x55555c064770 .part o0x7f8a6a1d0248, 4, 1;
L_0x55555c064930 .part o0x7f8a6a1d0218, 5, 1;
L_0x55555c0649d0 .part o0x7f8a6a1d0248, 5, 1;
L_0x55555c064ba0 .part o0x7f8a6a1d0218, 6, 1;
L_0x55555c064c90 .part o0x7f8a6a1d0248, 6, 1;
L_0x55555c064e30 .part o0x7f8a6a1d0218, 7, 1;
L_0x55555c064f20 .part o0x7f8a6a1d0248, 7, 1;
L_0x55555c065220 .part o0x7f8a6a1d0218, 8, 1;
L_0x55555c065310 .part o0x7f8a6a1d0248, 8, 1;
L_0x55555c065540 .part o0x7f8a6a1d0218, 9, 1;
L_0x55555c065630 .part o0x7f8a6a1d0248, 9, 1;
L_0x55555c065400 .part o0x7f8a6a1d0218, 10, 1;
L_0x55555c0658c0 .part o0x7f8a6a1d0248, 10, 1;
L_0x55555c065b10 .part o0x7f8a6a1d0218, 11, 1;
L_0x55555c065c00 .part o0x7f8a6a1d0248, 11, 1;
L_0x55555c065e60 .part o0x7f8a6a1d0218, 12, 1;
L_0x55555c065f50 .part o0x7f8a6a1d0248, 12, 1;
L_0x55555c0661c0 .part o0x7f8a6a1d0218, 13, 1;
L_0x55555c0662b0 .part o0x7f8a6a1d0248, 13, 1;
L_0x55555c066500 .part o0x7f8a6a1d0218, 14, 1;
L_0x55555c0665f0 .part o0x7f8a6a1d0248, 14, 1;
L_0x55555c066880 .part o0x7f8a6a1d0218, 15, 1;
L_0x55555c066b80 .part o0x7f8a6a1d0248, 15, 1;
LS_0x55555c066f90_0_0 .concat8 [ 1 1 1 1], L_0x55555c063a30, L_0x55555c063ce0, L_0x55555c064060, L_0x55555c0642f0;
LS_0x55555c066f90_0_4 .concat8 [ 1 1 1 1], L_0x55555c064660, L_0x55555c0648c0, L_0x55555c064b30, L_0x55555c064ac0;
LS_0x55555c066f90_0_8 .concat8 [ 1 1 1 1], L_0x55555c0651b0, L_0x55555c0654a0, L_0x55555c0657d0, L_0x55555c065a70;
LS_0x55555c066f90_0_12 .concat8 [ 1 1 1 1], L_0x55555c065dc0, L_0x55555c066120, L_0x55555c066490, L_0x55555c0667e0;
L_0x55555c066f90 .concat8 [ 4 4 4 4], LS_0x55555c066f90_0_0, LS_0x55555c066f90_0_4, LS_0x55555c066f90_0_8, LS_0x55555c066f90_0_12;
S_0x55555bf6e220 .scope generate, "gen_bit[0]" "gen_bit[0]" 3 35, 3 35 0, S_0x55555bf62ba0;
 .timescale -12 -12;
P_0x55555bdcc180 .param/l "i" 1 3 35, +C4<00>;
S_0x55555bf6d320 .scope module, "and_inst" "And" 3 36, 4 8 0, S_0x55555bf6e220;
 .timescale -12 -12;
    .port_info 0 /INPUT 1 "a";
    .port_info 1 /INPUT 1 "b";
    .port_info 2 /OUTPUT 1 "out";
L_0x55555c063a30 .functor AND 1, L_0x55555c063b00, L_0x55555c063bf0, C4<1>, C4<1>;
v0x55555bfc09b0_0 .net "a", 0 0, L_0x55555c063b00;  1 drivers
v0x55555bf6d9e0_0 .net "b", 0 0, L_0x55555c063bf0;  1 drivers
v0x55555bf6cae0_0 .net "out", 0 0, L_0x55555c063a30;  1 drivers
S_0x55555bf6c420 .scope generate, "gen_bit[1]" "gen_bit[1]" 3 35, 3 35 0, S_0x55555bf62ba0;
 .timescale -12 -12;
P_0x55555bf5d8a0 .param/l "i" 1 3 35, +C4<01>;
S_0x55555bf6b520 .scope module, "and_inst" "And" 3 36, 4 8 0, S_0x55555bf6c420;
 .timescale -12 -12;
    .port_info 0 /INPUT 1 "a";
    .port_info 1 /INPUT 1 "b";
    .port_info 2 /OUTPUT 1 "out";
L_0x55555c063ce0 .functor AND 1, L_0x55555c063db0, L_0x55555c063ef0, C4<1>, C4<1>;
v0x55555bf6bbe0_0 .net "a", 0 0, L_0x55555c063db0;  1 drivers
v0x55555bf6ace0_0 .net "b", 0 0, L_0x55555c063ef0;  1 drivers
v0x55555bf69de0_0 .net "out", 0 0, L_0x55555c063ce0;  1 drivers
S_0x55555bf6a620 .scope generate, "gen_bit[2]" "gen_bit[2]" 3 35, 3 35 0, S_0x55555bf62ba0;
 .timescale -12 -12;
P_0x55555bd65660 .param/l "i" 1 3 35, +C4<010>;
S_0x55555bf593b0 .scope module, "and_inst" "And" 3 36, 4 8 0, S_0x55555bf6a620;
 .timescale -12 -12;
    .port_info 0 /INPUT 1 "a";
    .port_info 1 /INPUT 1 "b";
    .port_info 2 /OUTPUT 1 "out";
L_0x55555c064060 .functor AND 1, L_0x55555c0640d0, L_0x55555c0641c0, C4<1>, C4<1>;
v0x55555bf5f720_0 .net "a", 0 0, L_0x55555c0640d0;  1 drivers
v0x55555bd74310_0 .net "b", 0 0, L_0x55555c0641c0;  1 drivers
v0x55555bd78d40_0 .net "out", 0 0, L_0x55555c064060;  1 drivers
S_0x55555bfc0f90 .scope generate, "gen_bit[3]" "gen_bit[3]" 3 35, 3 35 0, S_0x55555bf62ba0;
 .timescale -12 -12;
P_0x55555bd72c50 .param/l "i" 1 3 35, +C4<011>;
S_0x55555bfb5e50 .scope module, "and_inst" "And" 3 36, 4 8 0, S_0x55555bfc0f90;
 .timescale -12 -12;
    .port_info 0 /INPUT 1 "a";
    .port_info 1 /INPUT 1 "b";
    .port_info 2 /OUTPUT 1 "out";
L_0x55555c0642f0 .functor AND 1, L_0x55555c064360, L_0x55555c0644e0, C4<1>, C4<1>;
v0x55555bf5cf30_0 .net "a", 0 0, L_0x55555c064360;  1 drivers
v0x55555bf5cba0_0 .net "b", 0 0, L_0x55555c0644e0;  1 drivers
v0x55555bf5cc60_0 .net "out", 0 0, L_0x55555c0642f0;  1 drivers
S_0x55555bf682e0 .scope generate, "gen_bit[4]" "gen_bit[4]" 3 35, 3 35 0, S_0x55555bf62ba0;
 .timescale -12 -12;
P_0x55555bf5c010 .param/l "i" 1 3 35, +C4<0100>;
S_0x55555bfd1ba0 .scope module, "and_inst" "And" 3 36, 4 8 0, S_0x55555bf682e0;
 .timescale -12 -12;
    .port_info 0 /INPUT 1 "a";
    .port_info 1 /INPUT 1 "b";
    .port_info 2 /OUTPUT 1 "out";
L_0x55555c064660 .functor AND 1, L_0x55555c0646d0, L_0x55555c064770, C4<1>, C4<1>;
v0x55555bf5bca0_0 .net "a", 0 0, L_0x55555c0646d0;  1 drivers
v0x55555bf5b050_0 .net "b", 0 0, L_0x55555c064770;  1 drivers
v0x55555bf5b0f0_0 .net "out", 0 0, L_0x55555c064660;  1 drivers
S_0x55555be7cd60 .scope generate, "gen_bit[5]" "gen_bit[5]" 3 35, 3 35 0, S_0x55555bf62ba0;
 .timescale -12 -12;
P_0x55555be7cf40 .param/l "i" 1 3 35, +C4<0101>;
S_0x55555be7d020 .scope module, "and_inst" "And" 3 36, 4 8 0, S_0x55555be7cd60;
 .timescale -12 -12;
    .port_info 0 /INPUT 1 "a";
    .port_info 1 /INPUT 1 "b";
    .port_info 2 /OUTPUT 1 "out";
L_0x55555c0648c0 .functor AND 1, L_0x55555c064930, L_0x55555c0649d0, C4<1>, C4<1>;
v0x55555bf5ad30_0 .net "a", 0 0, L_0x55555c064930;  1 drivers
v0x55555bf5a0e0_0 .net "b", 0 0, L_0x55555c0649d0;  1 drivers
v0x55555bf5a180_0 .net "out", 0 0, L_0x55555c0648c0;  1 drivers
S_0x55555be80750 .scope generate, "gen_bit[6]" "gen_bit[6]" 3 35, 3 35 0, S_0x55555bf62ba0;
 .timescale -12 -12;
P_0x55555be80950 .param/l "i" 1 3 35, +C4<0110>;
S_0x55555be80a30 .scope module, "and_inst" "And" 3 36, 4 8 0, S_0x55555be80750;
 .timescale -12 -12;
    .port_info 0 /INPUT 1 "a";
    .port_info 1 /INPUT 1 "b";
    .port_info 2 /OUTPUT 1 "out";
L_0x55555c064b30 .functor AND 1, L_0x55555c064ba0, L_0x55555c064c90, C4<1>, C4<1>;
v0x55555bf59170_0 .net "a", 0 0, L_0x55555c064ba0;  1 drivers
v0x55555bf58de0_0 .net "b", 0 0, L_0x55555c064c90;  1 drivers
v0x55555bf58ea0_0 .net "out", 0 0, L_0x55555c064b30;  1 drivers
S_0x55555be85780 .scope generate, "gen_bit[7]" "gen_bit[7]" 3 35, 3 35 0, S_0x55555bf62ba0;
 .timescale -12 -12;
P_0x55555be85960 .param/l "i" 1 3 35, +C4<0111>;
S_0x55555be85a40 .scope module, "and_inst" "And" 3 36, 4 8 0, S_0x55555be85780;
 .timescale -12 -12;
    .port_info 0 /INPUT 1 "a";
    .port_info 1 /INPUT 1 "b";
    .port_info 2 /OUTPUT 1 "out";
L_0x55555c064ac0 .functor AND 1, L_0x55555c064e30, L_0x55555c064f20, C4<1>, C4<1>;
v0x55555bf58200_0 .net "a", 0 0, L_0x55555c064e30;  1 drivers
v0x55555bf582c0_0 .net "b", 0 0, L_0x55555c064f20;  1 drivers
v0x55555bf57e90_0 .net "out", 0 0, L_0x55555c064ac0;  1 drivers
S_0x55555be66ef0 .scope generate, "gen_bit[8]" "gen_bit[8]" 3 35, 3 35 0, S_0x55555bf62ba0;
 .timescale -12 -12;
P_0x55555bf5bfc0 .param/l "i" 1 3 35, +C4<01000>;
S_0x55555be67180 .scope module, "and_inst" "And" 3 36, 4 8 0, S_0x55555be66ef0;
 .timescale -12 -12;
    .port_info 0 /INPUT 1 "a";
    .port_info 1 /INPUT 1 "b";
    .port_info 2 /OUTPUT 1 "out";
L_0x55555c0651b0 .functor AND 1, L_0x55555c065220, L_0x55555c065310, C4<1>, C4<1>;
v0x55555bf57300_0 .net "a", 0 0, L_0x55555c065220;  1 drivers
v0x55555bf56f00_0 .net "b", 0 0, L_0x55555c065310;  1 drivers
v0x55555bf56fc0_0 .net "out", 0 0, L_0x55555c0651b0;  1 drivers
S_0x55555be67da0 .scope generate, "gen_bit[9]" "gen_bit[9]" 3 35, 3 35 0, S_0x55555bf62ba0;
 .timescale -12 -12;
P_0x55555be67f80 .param/l "i" 1 3 35, +C4<01001>;
S_0x55555be68060 .scope module, "and_inst" "And" 3 36, 4 8 0, S_0x55555be67da0;
 .timescale -12 -12;
    .port_info 0 /INPUT 1 "a";
    .port_info 1 /INPUT 1 "b";
    .port_info 2 /OUTPUT 1 "out";
L_0x55555c0654a0 .functor AND 1, L_0x55555c065540, L_0x55555c065630, C4<1>, C4<1>;
v0x55555bf56390_0 .net "a", 0 0, L_0x55555c065540;  1 drivers
v0x55555bf55f90_0 .net "b", 0 0, L_0x55555c065630;  1 drivers
v0x55555bf56030_0 .net "out", 0 0, L_0x55555c0654a0;  1 drivers
S_0x55555be6eef0 .scope generate, "gen_bit[10]" "gen_bit[10]" 3 35, 3 35 0, S_0x55555bf62ba0;
 .timescale -12 -12;
P_0x55555be6f0f0 .param/l "i" 1 3 35, +C4<01010>;
S_0x55555be6f1d0 .scope module, "and_inst" "And" 3 36, 4 8 0, S_0x55555be6eef0;
 .timescale -12 -12;
    .port_info 0 /INPUT 1 "a";
    .port_info 1 /INPUT 1 "b";
    .port_info 2 /OUTPUT 1 "out";
L_0x55555c0657d0 .functor AND 1, L_0x55555c065400, L_0x55555c0658c0, C4<1>, C4<1>;
v0x55555bf55020_0 .net "a", 0 0, L_0x55555c065400;  1 drivers
v0x55555bf54440_0 .net "b", 0 0, L_0x55555c0658c0;  1 drivers
v0x55555bf54500_0 .net "out", 0 0, L_0x55555c0657d0;  1 drivers
S_0x55555be6a490 .scope generate, "gen_bit[11]" "gen_bit[11]" 3 35, 3 35 0, S_0x55555bf62ba0;
 .timescale -12 -12;
P_0x55555be6a670 .param/l "i" 1 3 35, +C4<01011>;
S_0x55555be6a750 .scope module, "and_inst" "And" 3 36, 4 8 0, S_0x55555be6a490;
 .timescale -12 -12;
    .port_info 0 /INPUT 1 "a";
    .port_info 1 /INPUT 1 "b";
    .port_info 2 /OUTPUT 1 "out";
L_0x55555c065a70 .functor AND 1, L_0x55555c065b10, L_0x55555c065c00, C4<1>, C4<1>;
v0x55555bf540b0_0 .net "a", 0 0, L_0x55555c065b10;  1 drivers
v0x55555bf534d0_0 .net "b", 0 0, L_0x55555c065c00;  1 drivers
v0x55555bf53590_0 .net "out", 0 0, L_0x55555c065a70;  1 drivers
S_0x55555be73f40 .scope generate, "gen_bit[12]" "gen_bit[12]" 3 35, 3 35 0, S_0x55555bf62ba0;
 .timescale -12 -12;
P_0x55555be74140 .param/l "i" 1 3 35, +C4<01100>;
S_0x55555be74220 .scope module, "and_inst" "And" 3 36, 4 8 0, S_0x55555be73f40;
 .timescale -12 -12;
    .port_info 0 /INPUT 1 "a";
    .port_info 1 /INPUT 1 "b";
    .port_info 2 /OUTPUT 1 "out";
L_0x55555c065dc0 .functor AND 1, L_0x55555c065e60, L_0x55555c065f50, C4<1>, C4<1>;
v0x55555bf531f0_0 .net "a", 0 0, L_0x55555c065e60;  1 drivers
v0x55555bf52580_0 .net "b", 0 0, L_0x55555c065f50;  1 drivers
v0x55555bf521d0_0 .net "out", 0 0, L_0x55555c065dc0;  1 drivers
S_0x55555be7be60 .scope generate, "gen_bit[13]" "gen_bit[13]" 3 35, 3 35 0, S_0x55555bf62ba0;
 .timescale -12 -12;
P_0x55555be7bff0 .param/l "i" 1 3 35, +C4<01101>;
S_0x55555be7c0d0 .scope module, "and_inst" "And" 3 36, 4 8 0, S_0x55555be7be60;
 .timescale -12 -12;
    .port_info 0 /INPUT 1 "a";
    .port_info 1 /INPUT 1 "b";
    .port_info 2 /OUTPUT 1 "out";
L_0x55555c066120 .functor AND 1, L_0x55555c0661c0, L_0x55555c0662b0, C4<1>, C4<1>;
v0x55555bf515f0_0 .net "a", 0 0, L_0x55555c0661c0;  1 drivers
v0x55555bf516b0_0 .net "b", 0 0, L_0x55555c0662b0;  1 drivers
v0x55555bf51260_0 .net "out", 0 0, L_0x55555c066120;  1 drivers
S_0x55555bd5ae70 .scope generate, "gen_bit[14]" "gen_bit[14]" 3 35, 3 35 0, S_0x55555bf62ba0;
 .timescale -12 -12;
P_0x55555bd5b050 .param/l "i" 1 3 35, +C4<01110>;
S_0x55555bd5b110 .scope module, "and_inst" "And" 3 36, 4 8 0, S_0x55555bd5ae70;
 .timescale -12 -12;
    .port_info 0 /INPUT 1 "a";
    .port_info 1 /INPUT 1 "b";
    .port_info 2 /OUTPUT 1 "out";
L_0x55555c066490 .functor AND 1, L_0x55555c066500, L_0x55555c0665f0, C4<1>, C4<1>;
v0x55555bf9c3d0_0 .net "a", 0 0, L_0x55555c066500;  1 drivers
v0x55555bf9b980_0 .net "b", 0 0, L_0x55555c0665f0;  1 drivers
v0x55555bf9ba40_0 .net "out", 0 0, L_0x55555c066490;  1 drivers
S_0x55555bd57170 .scope generate, "gen_bit[15]" "gen_bit[15]" 3 35, 3 35 0, S_0x55555bf62ba0;
 .timescale -12 -12;
P_0x55555bd57350 .param/l "i" 1 3 35, +C4<01111>;
S_0x55555bd57430 .scope module, "and_inst" "And" 3 36, 4 8 0, S_0x55555bd57170;
 .timescale -12 -12;
    .port_info 0 /INPUT 1 "a";
    .port_info 1 /INPUT 1 "b";
    .port_info 2 /OUTPUT 1 "out";
L_0x55555c0667e0 .functor AND 1, L_0x55555c066880, L_0x55555c066b80, C4<1>, C4<1>;
v0x55555bf98870_0 .net "a", 0 0, L_0x55555c066880;  1 drivers
v0x55555bf9a270_0 .net "b", 0 0, L_0x55555c066b80;  1 drivers
v0x55555bf98db0_0 .net "out", 0 0, L_0x55555c0667e0;  1 drivers
S_0x55555bf64160 .scope module, "Buffer16" "Buffer16" 5 7;
 .timescale -12 -12;
    .port_info 0 /INPUT 16 "in";
    .port_info 1 /OUTPUT 16 "out";
o0x7f8a6a1d0f38 .functor BUFZ 16, c4<zzzzzzzzzzzzzzzz>; HiZ drive
v0x55555bf5edc0_0 .net "in", 15 0, o0x7f8a6a1d0f38;  0 drivers
v0x55555bf5eea0_0 .net "out", 15 0, L_0x55555c068ef0;  1 drivers
L_0x55555c0675a0 .part o0x7f8a6a1d0f38, 0, 1;
L_0x55555c067700 .part o0x7f8a6a1d0f38, 1, 1;
L_0x55555c0678b0 .part o0x7f8a6a1d0f38, 2, 1;
L_0x55555c067a10 .part o0x7f8a6a1d0f38, 3, 1;
L_0x55555c067b70 .part o0x7f8a6a1d0f38, 4, 1;
L_0x55555c067c80 .part o0x7f8a6a1d0f38, 5, 1;
L_0x55555c067e20 .part o0x7f8a6a1d0f38, 6, 1;
L_0x55555c067f80 .part o0x7f8a6a1d0f38, 7, 1;
L_0x55555c068130 .part o0x7f8a6a1d0f38, 8, 1;
L_0x55555c068290 .part o0x7f8a6a1d0f38, 9, 1;
L_0x55555c068450 .part o0x7f8a6a1d0f38, 10, 1;
L_0x55555c068560 .part o0x7f8a6a1d0f38, 11, 1;
L_0x55555c068730 .part o0x7f8a6a1d0f38, 12, 1;
L_0x55555c068890 .part o0x7f8a6a1d0f38, 13, 1;
L_0x55555c068a00 .part o0x7f8a6a1d0f38, 14, 1;
L_0x55555c068b60 .part o0x7f8a6a1d0f38, 15, 1;
LS_0x55555c068ef0_0_0 .concat8 [ 1 1 1 1], L_0x55555c067530, L_0x55555c067690, L_0x55555c067840, L_0x55555c0679a0;
LS_0x55555c068ef0_0_4 .concat8 [ 1 1 1 1], L_0x55555c067b00, L_0x55555c067c10, L_0x55555c067db0, L_0x55555c067f10;
LS_0x55555c068ef0_0_8 .concat8 [ 1 1 1 1], L_0x55555c0680c0, L_0x55555c068220, L_0x55555c0683e0, L_0x55555c0684f0;
LS_0x55555c068ef0_0_12 .concat8 [ 1 1 1 1], L_0x55555c0686c0, L_0x55555c068820, L_0x55555c068650, L_0x55555c068af0;
L_0x55555c068ef0 .concat8 [ 4 4 4 4], LS_0x55555c068ef0_0_0, LS_0x55555c068ef0_0_4, LS_0x55555c068ef0_0_8, LS_0x55555c068ef0_0_12;
S_0x55555bd11a00 .scope generate, "gen_buffer[0]" "gen_buffer[0]" 5 32, 5 32 0, S_0x55555bf64160;
 .timescale -12 -12;
P_0x55555bd11c00 .param/l "i" 1 5 32, +C4<00>;
S_0x55555bd11ce0 .scope module, "buffer_inst" "Buffer" 5 33, 6 7 0, S_0x55555bd11a00;
 .timescale -12 -12;
    .port_info 0 /INPUT 1 "in";
    .port_info 1 /OUTPUT 1 "out";
L_0x55555c067530 .functor BUFZ 1, L_0x55555c0675a0, C4<0>, C4<0>, C4<0>;
v0x55555bf5b4c0_0 .net "in", 0 0, L_0x55555c0675a0;  1 drivers
v0x55555bf5a550_0 .net "out", 0 0, L_0x55555c067530;  1 drivers
S_0x55555be0dcf0 .scope generate, "gen_buffer[1]" "gen_buffer[1]" 5 32, 5 32 0, S_0x55555bf64160;
 .timescale -12 -12;
P_0x55555be0dec0 .param/l "i" 1 5 32, +C4<01>;
S_0x55555be0df80 .scope module, "buffer_inst" "Buffer" 5 33, 6 7 0, S_0x55555be0dcf0;
 .timescale -12 -12;
    .port_info 0 /INPUT 1 "in";
    .port_info 1 /OUTPUT 1 "out";
L_0x55555c067690 .functor BUFZ 1, L_0x55555c067700, C4<0>, C4<0>, C4<0>;
v0x55555bf595e0_0 .net "in", 0 0, L_0x55555c067700;  1 drivers
v0x55555bf58670_0 .net "out", 0 0, L_0x55555c067690;  1 drivers
S_0x55555be19a70 .scope generate, "gen_buffer[2]" "gen_buffer[2]" 5 32, 5 32 0, S_0x55555bf64160;
 .timescale -12 -12;
P_0x55555be19c00 .param/l "i" 1 5 32, +C4<010>;
S_0x55555be19cc0 .scope module, "buffer_inst" "Buffer" 5 33, 6 7 0, S_0x55555be19a70;
 .timescale -12 -12;
    .port_info 0 /INPUT 1 "in";
    .port_info 1 /OUTPUT 1 "out";
L_0x55555c067840 .functor BUFZ 1, L_0x55555c0678b0, C4<0>, C4<0>, C4<0>;
v0x55555bf57700_0 .net "in", 0 0, L_0x55555c0678b0;  1 drivers
v0x55555bf56790_0 .net "out", 0 0, L_0x55555c067840;  1 drivers
S_0x55555be25000 .scope generate, "gen_buffer[3]" "gen_buffer[3]" 5 32, 5 32 0, S_0x55555bf64160;
 .timescale -12 -12;
P_0x55555be25190 .param/l "i" 1 5 32, +C4<011>;
S_0x55555be25270 .scope module, "buffer_inst" "Buffer" 5 33, 6 7 0, S_0x55555be25000;
 .timescale -12 -12;
    .port_info 0 /INPUT 1 "in";
    .port_info 1 /OUTPUT 1 "out";
L_0x55555c0679a0 .functor BUFZ 1, L_0x55555c067a10, C4<0>, C4<0>, C4<0>;
v0x55555bf55820_0 .net "in", 0 0, L_0x55555c067a10;  1 drivers
v0x55555bf548b0_0 .net "out", 0 0, L_0x55555c0679a0;  1 drivers
S_0x55555bd80ee0 .scope generate, "gen_buffer[4]" "gen_buffer[4]" 5 32, 5 32 0, S_0x55555bf64160;
 .timescale -12 -12;
P_0x55555bd810c0 .param/l "i" 1 5 32, +C4<0100>;
S_0x55555bd811a0 .scope module, "buffer_inst" "Buffer" 5 33, 6 7 0, S_0x55555bd80ee0;
 .timescale -12 -12;
    .port_info 0 /INPUT 1 "in";
    .port_info 1 /OUTPUT 1 "out";
L_0x55555c067b00 .functor BUFZ 1, L_0x55555c067b70, C4<0>, C4<0>, C4<0>;
v0x55555bf53940_0 .net "in", 0 0, L_0x55555c067b70;  1 drivers
v0x55555bf529d0_0 .net "out", 0 0, L_0x55555c067b00;  1 drivers
S_0x55555bdaf6d0 .scope generate, "gen_buffer[5]" "gen_buffer[5]" 5 32, 5 32 0, S_0x55555bf64160;
 .timescale -12 -12;
P_0x55555bdaf880 .param/l "i" 1 5 32, +C4<0101>;
S_0x55555bdaf960 .scope module, "buffer_inst" "Buffer" 5 33, 6 7 0, S_0x55555bdaf6d0;
 .timescale -12 -12;
    .port_info 0 /INPUT 1 "in";
    .port_info 1 /OUTPUT 1 "out";
L_0x55555c067c10 .functor BUFZ 1, L_0x55555c067c80, C4<0>, C4<0>, C4<0>;
v0x55555bf51a60_0 .net "in", 0 0, L_0x55555c067c80;  1 drivers
v0x55555bf50af0_0 .net "out", 0 0, L_0x55555c067c10;  1 drivers
S_0x55555bdc40a0 .scope generate, "gen_buffer[6]" "gen_buffer[6]" 5 32, 5 32 0, S_0x55555bf64160;
 .timescale -12 -12;
P_0x55555bdc4230 .param/l "i" 1 5 32, +C4<0110>;
S_0x55555bdc4310 .scope module, "buffer_inst" "Buffer" 5 33, 6 7 0, S_0x55555bdc40a0;
 .timescale -12 -12;
    .port_info 0 /INPUT 1 "in";
    .port_info 1 /OUTPUT 1 "out";
L_0x55555c067db0 .functor BUFZ 1, L_0x55555c067e20, C4<0>, C4<0>, C4<0>;
v0x55555bfcdcf0_0 .net "in", 0 0, L_0x55555c067e20;  1 drivers
v0x55555bfcddd0_0 .net "out", 0 0, L_0x55555c067db0;  1 drivers
S_0x55555be694e0 .scope generate, "gen_buffer[7]" "gen_buffer[7]" 5 32, 5 32 0, S_0x55555bf64160;
 .timescale -12 -12;
P_0x55555be696c0 .param/l "i" 1 5 32, +C4<0111>;
S_0x55555be69780 .scope module, "buffer_inst" "Buffer" 5 33, 6 7 0, S_0x55555be694e0;
 .timescale -12 -12;
    .port_info 0 /INPUT 1 "in";
    .port_info 1 /OUTPUT 1 "out";
L_0x55555c067f10 .functor BUFZ 1, L_0x55555c067f80, C4<0>, C4<0>, C4<0>;
v0x55555bfcd930_0 .net "in", 0 0, L_0x55555c067f80;  1 drivers
v0x55555bfcda10_0 .net "out", 0 0, L_0x55555c067f10;  1 drivers
S_0x55555bdfa6e0 .scope generate, "gen_buffer[8]" "gen_buffer[8]" 5 32, 5 32 0, S_0x55555bf64160;
 .timescale -12 -12;
P_0x55555bd81070 .param/l "i" 1 5 32, +C4<01000>;
S_0x55555bdfa930 .scope module, "buffer_inst" "Buffer" 5 33, 6 7 0, S_0x55555bdfa6e0;
 .timescale -12 -12;
    .port_info 0 /INPUT 1 "in";
    .port_info 1 /OUTPUT 1 "out";
L_0x55555c0680c0 .functor BUFZ 1, L_0x55555c068130, C4<0>, C4<0>, C4<0>;
v0x55555bfd4e10_0 .net "in", 0 0, L_0x55555c068130;  1 drivers
v0x55555bfd4ef0_0 .net "out", 0 0, L_0x55555c0680c0;  1 drivers
S_0x55555bdf7ed0 .scope generate, "gen_buffer[9]" "gen_buffer[9]" 5 32, 5 32 0, S_0x55555bf64160;
 .timescale -12 -12;
P_0x55555bdf80b0 .param/l "i" 1 5 32, +C4<01001>;
S_0x55555bdf8190 .scope module, "buffer_inst" "Buffer" 5 33, 6 7 0, S_0x55555bdf7ed0;
 .timescale -12 -12;
    .port_info 0 /INPUT 1 "in";
    .port_info 1 /OUTPUT 1 "out";
L_0x55555c068220 .functor BUFZ 1, L_0x55555c068290, C4<0>, C4<0>, C4<0>;
v0x55555bfd4a80_0 .net "in", 0 0, L_0x55555c068290;  1 drivers
v0x55555bfd4b60_0 .net "out", 0 0, L_0x55555c068220;  1 drivers
S_0x55555bddcf30 .scope generate, "gen_buffer[10]" "gen_buffer[10]" 5 32, 5 32 0, S_0x55555bf64160;
 .timescale -12 -12;
P_0x55555bddd110 .param/l "i" 1 5 32, +C4<01010>;
S_0x55555bddd1f0 .scope module, "buffer_inst" "Buffer" 5 33, 6 7 0, S_0x55555bddcf30;
 .timescale -12 -12;
    .port_info 0 /INPUT 1 "in";
    .port_info 1 /OUTPUT 1 "out";
L_0x55555c0683e0 .functor BUFZ 1, L_0x55555c068450, C4<0>, C4<0>, C4<0>;
v0x55555bfd46f0_0 .net "in", 0 0, L_0x55555c068450;  1 drivers
v0x55555bfd47d0_0 .net "out", 0 0, L_0x55555c0683e0;  1 drivers
S_0x55555bdd9730 .scope generate, "gen_buffer[11]" "gen_buffer[11]" 5 32, 5 32 0, S_0x55555bf64160;
 .timescale -12 -12;
P_0x55555bdd9910 .param/l "i" 1 5 32, +C4<01011>;
S_0x55555bdd99f0 .scope module, "buffer_inst" "Buffer" 5 33, 6 7 0, S_0x55555bdd9730;
 .timescale -12 -12;
    .port_info 0 /INPUT 1 "in";
    .port_info 1 /OUTPUT 1 "out";
L_0x55555c0684f0 .functor BUFZ 1, L_0x55555c068560, C4<0>, C4<0>, C4<0>;
v0x55555bfd4360_0 .net "in", 0 0, L_0x55555c068560;  1 drivers
v0x55555bfd4440_0 .net "out", 0 0, L_0x55555c0684f0;  1 drivers
S_0x55555bde06c0 .scope generate, "gen_buffer[12]" "gen_buffer[12]" 5 32, 5 32 0, S_0x55555bf64160;
 .timescale -12 -12;
P_0x55555bde08a0 .param/l "i" 1 5 32, +C4<01100>;
S_0x55555bde0980 .scope module, "buffer_inst" "Buffer" 5 33, 6 7 0, S_0x55555bde06c0;
 .timescale -12 -12;
    .port_info 0 /INPUT 1 "in";
    .port_info 1 /OUTPUT 1 "out";
L_0x55555c0686c0 .functor BUFZ 1, L_0x55555c068730, C4<0>, C4<0>, C4<0>;
v0x55555bfcd570_0 .net "in", 0 0, L_0x55555c068730;  1 drivers
v0x55555bfcd650_0 .net "out", 0 0, L_0x55555c0686c0;  1 drivers
S_0x55555bde8370 .scope generate, "gen_buffer[13]" "gen_buffer[13]" 5 32, 5 32 0, S_0x55555bf64160;
 .timescale -12 -12;
P_0x55555bde8550 .param/l "i" 1 5 32, +C4<01101>;
S_0x55555bde8630 .scope module, "buffer_inst" "Buffer" 5 33, 6 7 0, S_0x55555bde8370;
 .timescale -12 -12;
    .port_info 0 /INPUT 1 "in";
    .port_info 1 /OUTPUT 1 "out";
L_0x55555c068820 .functor BUFZ 1, L_0x55555c068890, C4<0>, C4<0>, C4<0>;
v0x55555bfe0fd0_0 .net "in", 0 0, L_0x55555c068890;  1 drivers
v0x55555bfe10b0_0 .net "out", 0 0, L_0x55555c068820;  1 drivers
S_0x55555bde4470 .scope generate, "gen_buffer[14]" "gen_buffer[14]" 5 32, 5 32 0, S_0x55555bf64160;
 .timescale -12 -12;
P_0x55555bde4650 .param/l "i" 1 5 32, +C4<01110>;
S_0x55555bde4730 .scope module, "buffer_inst" "Buffer" 5 33, 6 7 0, S_0x55555bde4470;
 .timescale -12 -12;
    .port_info 0 /INPUT 1 "in";
    .port_info 1 /OUTPUT 1 "out";
L_0x55555c068650 .functor BUFZ 1, L_0x55555c068a00, C4<0>, C4<0>, C4<0>;
v0x55555bfdb3d0_0 .net "in", 0 0, L_0x55555c068a00;  1 drivers
v0x55555bfdb4b0_0 .net "out", 0 0, L_0x55555c068650;  1 drivers
S_0x55555bdf7230 .scope generate, "gen_buffer[15]" "gen_buffer[15]" 5 32, 5 32 0, S_0x55555bf64160;
 .timescale -12 -12;
P_0x55555bdf7410 .param/l "i" 1 5 32, +C4<01111>;
S_0x55555bdf74f0 .scope module, "buffer_inst" "Buffer" 5 33, 6 7 0, S_0x55555bdf7230;
 .timescale -12 -12;
    .port_info 0 /INPUT 1 "in";
    .port_info 1 /OUTPUT 1 "out";
L_0x55555c068af0 .functor BUFZ 1, L_0x55555c068b60, C4<0>, C4<0>, C4<0>;
v0x55555bfdb070_0 .net "in", 0 0, L_0x55555c068b60;  1 drivers
v0x55555bfce0b0_0 .net "out", 0 0, L_0x55555c068af0;  1 drivers
S_0x55555bf64c40 .scope module, "DMux" "DMux" 7 8;
 .timescale -12 -12;
    .port_info 0 /INPUT 1 "in";
    .port_info 1 /INPUT 1 "sel";
    .port_info 2 /OUTPUT 1 "a";
    .port_info 3 /OUTPUT 1 "b";
L_0x7f8a6a186018 .functor BUFT 1, C4<0>, C4<0>, C4<0>, C4<0>;
v0x55555bf5c200_0 .net/2u *"_ivl_0", 0 0, L_0x7f8a6a186018;  1 drivers
L_0x7f8a6a186060 .functor BUFT 1, C4<0>, C4<0>, C4<0>, C4<0>;
v0x55555bf5c2e0_0 .net/2u *"_ivl_4", 0 0, L_0x7f8a6a186060;  1 drivers
v0x55555bdf9cb0_0 .net "a", 0 0, L_0x55555c069490;  1 drivers
v0x55555bdf9d50_0 .net "b", 0 0, L_0x55555c069530;  1 drivers
o0x7f8a6a1d10b8 .functor BUFZ 1, c4<z>; HiZ drive
v0x55555bdf9e10_0 .net "in", 0 0, o0x7f8a6a1d10b8;  0 drivers
o0x7f8a6a1d10e8 .functor BUFZ 1, c4<z>; HiZ drive
v0x55555bdf9f20_0 .net "sel", 0 0, o0x7f8a6a1d10e8;  0 drivers
L_0x55555c069490 .functor MUXZ 1, o0x7f8a6a1d10b8, L_0x7f8a6a186018, o0x7f8a6a1d10e8, C4<>;
L_0x55555c069530 .functor MUXZ 1, L_0x7f8a6a186060, o0x7f8a6a1d10b8, o0x7f8a6a1d10e8, C4<>;
S_0x55555bf65720 .scope module, "ICESTORM_LC" "ICESTORM_LC" 8 2136;
 .timescale -12 -12;
    .port_info 0 /INPUT 1 "I0";
    .port_info 1 /INPUT 1 "I1";
    .port_info 2 /INPUT 1 "I2";
    .port_info 3 /INPUT 1 "I3";
    .port_info 4 /INPUT 1 "CIN";
    .port_info 5 /INPUT 1 "CLK";
    .port_info 6 /INPUT 1 "CEN";
    .port_info 7 /INPUT 1 "SR";
    .port_info 8 /OUTPUT 1 "LO";
    .port_info 9 /OUTPUT 1 "O";
    .port_info 10 /OUTPUT 1 "COUT";
P_0x55555bfe4170 .param/l "ASYNC_SR" 0 8 2148, C4<0>;
P_0x55555bfe41b0 .param/l "CARRY_ENABLE" 0 8 2145, C4<0>;
P_0x55555bfe41f0 .param/l "CIN_CONST" 0 8 2150, C4<0>;
P_0x55555bfe4230 .param/l "CIN_SET" 0 8 2151, C4<0>;
P_0x55555bfe4270 .param/l "DFF_ENABLE" 0 8 2146, C4<0>;
P_0x55555bfe42b0 .param/l "LUT_INIT" 0 8 2142, C4<0000000000000000>;
P_0x55555bfe42f0 .param/l "NEG_CLK" 0 8 2144, C4<0>;
P_0x55555bfe4330 .param/l "SET_NORESET" 0 8 2147, C4<0>;
o0x7f8a6a1d1238 .functor BUFZ 1, c4<z>; HiZ drive
L_0x55555c06a5d0 .functor BUFZ 1, o0x7f8a6a1d1238, C4<0>, C4<0>, C4<0>;
L_0x55555c06a440 .functor BUFZ 1, L_0x55555c06b1a0, C4<0>, C4<0>, C4<0>;
o0x7f8a6a1d1268 .functor BUFZ 1, c4<z>; HiZ drive
L_0x7f8a6a186330 .functor BUFT 1, C4<0>, C4<0>, C4<0>, C4<0>;
L_0x55555c06b440 .functor XOR 1, o0x7f8a6a1d1268, L_0x7f8a6a186330, C4<0>, C4<0>;
L_0x55555c06b500 .functor BUFZ 1, L_0x55555c06b1a0, C4<0>, C4<0>, C4<0>;
o0x7f8a6a1d11d8 .functor BUFZ 1, c4<z>; HiZ drive
v0x55555be09b90_0 .net "CEN", 0 0, o0x7f8a6a1d11d8;  0 drivers
v0x55555be09c70_0 .net "CEN_pu", 0 0, L_0x55555c06a3a0;  1 drivers
v0x55555be09d30_0 .net "CIN", 0 0, o0x7f8a6a1d1238;  0 drivers
v0x55555be09dd0_0 .net "CLK", 0 0, o0x7f8a6a1d1268;  0 drivers
L_0x7f8a6a186258 .functor BUFT 1, C4<x>, C4<0>, C4<0>, C4<0>;
v0x55555be09e90_0 .net "COUT", 0 0, L_0x7f8a6a186258;  1 drivers
o0x7f8a6a1d12c8 .functor BUFZ 1, c4<z>; HiZ drive
v0x55555be09fa0_0 .net "I0", 0 0, o0x7f8a6a1d12c8;  0 drivers
v0x55555bdfc460_0 .net "I0_pd", 0 0, L_0x55555c069760;  1 drivers
o0x7f8a6a1d1328 .functor BUFZ 1, c4<z>; HiZ drive
v0x55555bdfc520_0 .net "I1", 0 0, o0x7f8a6a1d1328;  0 drivers
v0x55555bdfc5e0_0 .net "I1_pd", 0 0, L_0x55555c069990;  1 drivers
o0x7f8a6a1d1388 .functor BUFZ 1, c4<z>; HiZ drive
v0x55555bdfc6a0_0 .net "I2", 0 0, o0x7f8a6a1d1388;  0 drivers
v0x55555bdfc760_0 .net "I2_pd", 0 0, L_0x55555c069c10;  1 drivers
o0x7f8a6a1d13e8 .functor BUFZ 1, c4<z>; HiZ drive
v0x55555bdfc820_0 .net "I3", 0 0, o0x7f8a6a1d13e8;  0 drivers
v0x55555bdf4b60_0 .net "I3_pd", 0 0, L_0x55555c069e80;  1 drivers
v0x55555bdf4c20_0 .net "LO", 0 0, L_0x55555c06a440;  1 drivers
v0x55555bdf4ce0_0 .net "O", 0 0, L_0x55555c06b500;  1 drivers
o0x7f8a6a1d14a8 .functor BUFZ 1, c4<z>; HiZ drive
v0x55555bdf4da0_0 .net "SR", 0 0, o0x7f8a6a1d14a8;  0 drivers
v0x55555bdf4e60_0 .net "SR_pd", 0 0, L_0x55555c06a100;  1 drivers
o0x7f8a6a1d1508 .functor BUFZ 1, c4<z>; HiZ drive
; Elide local net with no drivers, v0x55555be02420_0 name=_ivl_0
v0x55555be02500_0 .net *"_ivl_10", 0 0, L_0x55555c0698f0;  1 drivers
L_0x7f8a6a1860f0 .functor BUFT 1, C4<0>, C4<0>, C4<0>, C4<0>;
v0x55555be025c0_0 .net/2u *"_ivl_12", 0 0, L_0x7f8a6a1860f0;  1 drivers
o0x7f8a6a1d1598 .functor BUFZ 1, c4<z>; HiZ drive
; Elide local net with no drivers, v0x55555be026a0_0 name=_ivl_16
v0x55555be02780_0 .net *"_ivl_18", 0 0, L_0x55555c069b20;  1 drivers
v0x55555be02840_0 .net *"_ivl_2", 0 0, L_0x55555c0696c0;  1 drivers
L_0x7f8a6a186138 .functor BUFT 1, C4<0>, C4<0>, C4<0>, C4<0>;
v0x55555bd5ba10_0 .net/2u *"_ivl_20", 0 0, L_0x7f8a6a186138;  1 drivers
o0x7f8a6a1d1658 .functor BUFZ 1, c4<z>; HiZ drive
; Elide local net with no drivers, v0x55555bd5baf0_0 name=_ivl_24
v0x55555bd5bbd0_0 .net *"_ivl_26", 0 0, L_0x55555c069de0;  1 drivers
L_0x7f8a6a186180 .functor BUFT 1, C4<0>, C4<0>, C4<0>, C4<0>;
v0x55555bd5bc90_0 .net/2u *"_ivl_28", 0 0, L_0x7f8a6a186180;  1 drivers
o0x7f8a6a1d16e8 .functor BUFZ 1, c4<z>; HiZ drive
; Elide local net with no drivers, v0x55555bd5bd70_0 name=_ivl_32
v0x55555bd5be50_0 .net *"_ivl_34", 0 0, L_0x55555c06a060;  1 drivers
L_0x7f8a6a1861c8 .functor BUFT 1, C4<0>, C4<0>, C4<0>, C4<0>;
v0x55555bd660f0_0 .net/2u *"_ivl_36", 0 0, L_0x7f8a6a1861c8;  1 drivers
L_0x7f8a6a1860a8 .functor BUFT 1, C4<0>, C4<0>, C4<0>, C4<0>;
v0x55555bd661d0_0 .net/2u *"_ivl_4", 0 0, L_0x7f8a6a1860a8;  1 drivers
o0x7f8a6a1d17a8 .functor BUFZ 1, c4<z>; HiZ drive
; Elide local net with no drivers, v0x55555bd662b0_0 name=_ivl_40
v0x55555bd66390_0 .net *"_ivl_42", 0 0, L_0x55555c06a2d0;  1 drivers
L_0x7f8a6a186210 .functor BUFT 1, C4<1>, C4<0>, C4<0>, C4<0>;
v0x55555bd66450_0 .net/2u *"_ivl_44", 0 0, L_0x7f8a6a186210;  1 drivers
L_0x7f8a6a1862a0 .functor BUFT 1, C4<00000000>, C4<0>, C4<0>, C4<0>;
v0x55555bd66530_0 .net/2u *"_ivl_52", 7 0, L_0x7f8a6a1862a0;  1 drivers
L_0x7f8a6a1862e8 .functor BUFT 1, C4<00000000>, C4<0>, C4<0>, C4<0>;
v0x55555bd62f30_0 .net/2u *"_ivl_54", 7 0, L_0x7f8a6a1862e8;  1 drivers
v0x55555bd63010_0 .net *"_ivl_59", 3 0, L_0x55555c06a810;  1 drivers
v0x55555bd630f0_0 .net *"_ivl_61", 3 0, L_0x55555c06a980;  1 drivers
v0x55555bd631d0_0 .net *"_ivl_65", 1 0, L_0x55555c06ac40;  1 drivers
v0x55555bd632b0_0 .net *"_ivl_67", 1 0, L_0x55555c06ad30;  1 drivers
v0x55555bd63390_0 .net *"_ivl_71", 0 0, L_0x55555c06b000;  1 drivers
v0x55555bd67960_0 .net *"_ivl_73", 0 0, L_0x55555c06add0;  1 drivers
v0x55555bd67a40_0 .net/2u *"_ivl_78", 0 0, L_0x7f8a6a186330;  1 drivers
o0x7f8a6a1d19e8 .functor BUFZ 1, c4<z>; HiZ drive
; Elide local net with no drivers, v0x55555bd67b20_0 name=_ivl_8
v0x55555bd67c00_0 .net "lut_o", 0 0, L_0x55555c06b1a0;  1 drivers
v0x55555bd67cc0_0 .net "lut_s1", 1 0, L_0x55555c06ae70;  1 drivers
v0x55555bd67da0_0 .net "lut_s2", 3 0, L_0x55555c06aa20;  1 drivers
v0x55555bd647a0_0 .net "lut_s3", 7 0, L_0x55555c06a6a0;  1 drivers
v0x55555bd64880_0 .net "mux_cin", 0 0, L_0x55555c06a5d0;  1 drivers
v0x55555bd64940_0 .var "o_reg", 0 0;
v0x55555bd64a00_0 .var "o_reg_async", 0 0;
v0x55555bd64ac0_0 .net "polarized_clk", 0 0, L_0x55555c06b440;  1 drivers
E_0x55555bdfa060 .event posedge, v0x55555bdf4e60_0, v0x55555bd64ac0_0;
E_0x55555bdfa0e0 .event posedge, v0x55555bd64ac0_0;
L_0x55555c0696c0 .cmp/eeq 1, o0x7f8a6a1d12c8, o0x7f8a6a1d1508;
L_0x55555c069760 .functor MUXZ 1, o0x7f8a6a1d12c8, L_0x7f8a6a1860a8, L_0x55555c0696c0, C4<>;
L_0x55555c0698f0 .cmp/eeq 1, o0x7f8a6a1d1328, o0x7f8a6a1d19e8;
L_0x55555c069990 .functor MUXZ 1, o0x7f8a6a1d1328, L_0x7f8a6a1860f0, L_0x55555c0698f0, C4<>;
L_0x55555c069b20 .cmp/eeq 1, o0x7f8a6a1d1388, o0x7f8a6a1d1598;
L_0x55555c069c10 .functor MUXZ 1, o0x7f8a6a1d1388, L_0x7f8a6a186138, L_0x55555c069b20, C4<>;
L_0x55555c069de0 .cmp/eeq 1, o0x7f8a6a1d13e8, o0x7f8a6a1d1658;
L_0x55555c069e80 .functor MUXZ 1, o0x7f8a6a1d13e8, L_0x7f8a6a186180, L_0x55555c069de0, C4<>;
L_0x55555c06a060 .cmp/eeq 1, o0x7f8a6a1d14a8, o0x7f8a6a1d16e8;
L_0x55555c06a100 .functor MUXZ 1, o0x7f8a6a1d14a8, L_0x7f8a6a1861c8, L_0x55555c06a060, C4<>;
L_0x55555c06a2d0 .cmp/eeq 1, o0x7f8a6a1d11d8, o0x7f8a6a1d17a8;
L_0x55555c06a3a0 .functor MUXZ 1, o0x7f8a6a1d11d8, L_0x7f8a6a186210, L_0x55555c06a2d0, C4<>;
L_0x55555c06a6a0 .functor MUXZ 8, L_0x7f8a6a1862e8, L_0x7f8a6a1862a0, L_0x55555c069e80, C4<>;
L_0x55555c06a810 .part L_0x55555c06a6a0, 4, 4;
L_0x55555c06a980 .part L_0x55555c06a6a0, 0, 4;
L_0x55555c06aa20 .functor MUXZ 4, L_0x55555c06a980, L_0x55555c06a810, L_0x55555c069c10, C4<>;
L_0x55555c06ac40 .part L_0x55555c06aa20, 2, 2;
L_0x55555c06ad30 .part L_0x55555c06aa20, 0, 2;
L_0x55555c06ae70 .functor MUXZ 2, L_0x55555c06ad30, L_0x55555c06ac40, L_0x55555c069990, C4<>;
L_0x55555c06b000 .part L_0x55555c06ae70, 1, 1;
L_0x55555c06add0 .part L_0x55555c06ae70, 0, 1;
L_0x55555c06b1a0 .functor MUXZ 1, L_0x55555c06add0, L_0x55555c06b000, L_0x55555c069760, C4<>;
S_0x55555bf66200 .scope module, "ICESTORM_RAM" "ICESTORM_RAM" 8 3167;
 .timescale -12 -12;
    .port_info 0 /OUTPUT 1 "RDATA_15";
    .port_info 1 /OUTPUT 1 "RDATA_14";
    .port_info 2 /OUTPUT 1 "RDATA_13";
    .port_info 3 /OUTPUT 1 "RDATA_12";
    .port_info 4 /OUTPUT 1 "RDATA_11";
    .port_info 5 /OUTPUT 1 "RDATA_10";
    .port_info 6 /OUTPUT 1 "RDATA_9";
    .port_info 7 /OUTPUT 1 "RDATA_8";
    .port_info 8 /OUTPUT 1 "RDATA_7";
    .port_info 9 /OUTPUT 1 "RDATA_6";
    .port_info 10 /OUTPUT 1 "RDATA_5";
    .port_info 11 /OUTPUT 1 "RDATA_4";
    .port_info 12 /OUTPUT 1 "RDATA_3";
    .port_info 13 /OUTPUT 1 "RDATA_2";
    .port_info 14 /OUTPUT 1 "RDATA_1";
    .port_info 15 /OUTPUT 1 "RDATA_0";
    .port_info 16 /INPUT 1 "RCLK";
    .port_info 17 /INPUT 1 "RCLKE";
    .port_info 18 /INPUT 1 "RE";
    .port_info 19 /INPUT 1 "RADDR_10";
    .port_info 20 /INPUT 1 "RADDR_9";
    .port_info 21 /INPUT 1 "RADDR_8";
    .port_info 22 /INPUT 1 "RADDR_7";
    .port_info 23 /INPUT 1 "RADDR_6";
    .port_info 24 /INPUT 1 "RADDR_5";
    .port_info 25 /INPUT 1 "RADDR_4";
    .port_info 26 /INPUT 1 "RADDR_3";
    .port_info 27 /INPUT 1 "RADDR_2";
    .port_info 28 /INPUT 1 "RADDR_1";
    .port_info 29 /INPUT 1 "RADDR_0";
    .port_info 30 /INPUT 1 "WCLK";
    .port_info 31 /INPUT 1 "WCLKE";
    .port_info 32 /INPUT 1 "WE";
    .port_info 33 /INPUT 1 "WADDR_10";
    .port_info 34 /INPUT 1 "WADDR_9";
    .port_info 35 /INPUT 1 "WADDR_8";
    .port_info 36 /INPUT 1 "WADDR_7";
    .port_info 37 /INPUT 1 "WADDR_6";
    .port_info 38 /INPUT 1 "WADDR_5";
    .port_info 39 /INPUT 1 "WADDR_4";
    .port_info 40 /INPUT 1 "WADDR_3";
    .port_info 41 /INPUT 1 "WADDR_2";
    .port_info 42 /INPUT 1 "WADDR_1";
    .port_info 43 /INPUT 1 "WADDR_0";
    .port_info 44 /INPUT 1 "MASK_15";
    .port_info 45 /INPUT 1 "MASK_14";
    .port_info 46 /INPUT 1 "MASK_13";
    .port_info 47 /INPUT 1 "MASK_12";
    .port_info 48 /INPUT 1 "MASK_11";
    .port_info 49 /INPUT 1 "MASK_10";
    .port_info 50 /INPUT 1 "MASK_9";
    .port_info 51 /INPUT 1 "MASK_8";
    .port_info 52 /INPUT 1 "MASK_7";
    .port_info 53 /INPUT 1 "MASK_6";
    .port_info 54 /INPUT 1 "MASK_5";
    .port_info 55 /INPUT 1 "MASK_4";
    .port_info 56 /INPUT 1 "MASK_3";
    .port_info 57 /INPUT 1 "MASK_2";
    .port_info 58 /INPUT 1 "MASK_1";
    .port_info 59 /INPUT 1 "MASK_0";
    .port_info 60 /INPUT 1 "WDATA_15";
    .port_info 61 /INPUT 1 "WDATA_14";
    .port_info 62 /INPUT 1 "WDATA_13";
    .port_info 63 /INPUT 1 "WDATA_12";
    .port_info 64 /INPUT 1 "WDATA_11";
    .port_info 65 /INPUT 1 "WDATA_10";
    .port_info 66 /INPUT 1 "WDATA_9";
    .port_info 67 /INPUT 1 "WDATA_8";
    .port_info 68 /INPUT 1 "WDATA_7";
    .port_info 69 /INPUT 1 "WDATA_6";
    .port_info 70 /INPUT 1 "WDATA_5";
    .port_info 71 /INPUT 1 "WDATA_4";
    .port_info 72 /INPUT 1 "WDATA_3";
    .port_info 73 /INPUT 1 "WDATA_2";
    .port_info 74 /INPUT 1 "WDATA_1";
    .port_info 75 /INPUT 1 "WDATA_0";
P_0x55555bd5f100 .param/l "INIT_0" 0 8 3182, C4<0000000000000000000000000000000000000000000000000000000000000000000000000000000000000000000000000000000000000000000000000000000000000000000000000000000000000000000000000000000000000000000000000000000000000000000000000000000000000000000000000000000000000000>;
P_0x55555bd5f140 .param/l "INIT_1" 0 8 3183, C4<0000000000000000000000000000000000000000000000000000000000000000000000000000000000000000000000000000000000000000000000000000000000000000000000000000000000000000000000000000000000000000000000000000000000000000000000000000000000000000000000000000000000000000>;
P_0x55555bd5f180 .param/l "INIT_2" 0 8 3184, C4<0000000000000000000000000000000000000000000000000000000000000000000000000000000000000000000000000000000000000000000000000000000000000000000000000000000000000000000000000000000000000000000000000000000000000000000000000000000000000000000000000000000000000000>;
P_0x55555bd5f1c0 .param/l "INIT_3" 0 8 3185, C4<0000000000000000000000000000000000000000000000000000000000000000000000000000000000000000000000000000000000000000000000000000000000000000000000000000000000000000000000000000000000000000000000000000000000000000000000000000000000000000000000000000000000000000>;
P_0x55555bd5f200 .param/l "INIT_4" 0 8 3186, C4<0000000000000000000000000000000000000000000000000000000000000000000000000000000000000000000000000000000000000000000000000000000000000000000000000000000000000000000000000000000000000000000000000000000000000000000000000000000000000000000000000000000000000000>;
P_0x55555bd5f240 .param/l "INIT_5" 0 8 3187, C4<0000000000000000000000000000000000000000000000000000000000000000000000000000000000000000000000000000000000000000000000000000000000000000000000000000000000000000000000000000000000000000000000000000000000000000000000000000000000000000000000000000000000000000>;
P_0x55555bd5f280 .param/l "INIT_6" 0 8 3188, C4<0000000000000000000000000000000000000000000000000000000000000000000000000000000000000000000000000000000000000000000000000000000000000000000000000000000000000000000000000000000000000000000000000000000000000000000000000000000000000000000000000000000000000000>;
P_0x55555bd5f2c0 .param/l "INIT_7" 0 8 3189, C4<0000000000000000000000000000000000000000000000000000000000000000000000000000000000000000000000000000000000000000000000000000000000000000000000000000000000000000000000000000000000000000000000000000000000000000000000000000000000000000000000000000000000000000>;
P_0x55555bd5f300 .param/l "INIT_8" 0 8 3190, C4<0000000000000000000000000000000000000000000000000000000000000000000000000000000000000000000000000000000000000000000000000000000000000000000000000000000000000000000000000000000000000000000000000000000000000000000000000000000000000000000000000000000000000000>;
P_0x55555bd5f340 .param/l "INIT_9" 0 8 3191, C4<0000000000000000000000000000000000000000000000000000000000000000000000000000000000000000000000000000000000000000000000000000000000000000000000000000000000000000000000000000000000000000000000000000000000000000000000000000000000000000000000000000000000000000>;
P_0x55555bd5f380 .param/l "INIT_A" 0 8 3192, C4<0000000000000000000000000000000000000000000000000000000000000000000000000000000000000000000000000000000000000000000000000000000000000000000000000000000000000000000000000000000000000000000000000000000000000000000000000000000000000000000000000000000000000000>;
P_0x55555bd5f3c0 .param/l "INIT_B" 0 8 3193, C4<0000000000000000000000000000000000000000000000000000000000000000000000000000000000000000000000000000000000000000000000000000000000000000000000000000000000000000000000000000000000000000000000000000000000000000000000000000000000000000000000000000000000000000>;
P_0x55555bd5f400 .param/l "INIT_C" 0 8 3194, C4<0000000000000000000000000000000000000000000000000000000000000000000000000000000000000000000000000000000000000000000000000000000000000000000000000000000000000000000000000000000000000000000000000000000000000000000000000000000000000000000000000000000000000000>;
P_0x55555bd5f440 .param/l "INIT_D" 0 8 3195, C4<0000000000000000000000000000000000000000000000000000000000000000000000000000000000000000000000000000000000000000000000000000000000000000000000000000000000000000000000000000000000000000000000000000000000000000000000000000000000000000000000000000000000000000>;
P_0x55555bd5f480 .param/l "INIT_E" 0 8 3196, C4<0000000000000000000000000000000000000000000000000000000000000000000000000000000000000000000000000000000000000000000000000000000000000000000000000000000000000000000000000000000000000000000000000000000000000000000000000000000000000000000000000000000000000000>;
P_0x55555bd5f4c0 .param/l "INIT_F" 0 8 3197, C4<0000000000000000000000000000000000000000000000000000000000000000000000000000000000000000000000000000000000000000000000000000000000000000000000000000000000000000000000000000000000000000000000000000000000000000000000000000000000000000000000000000000000000000>;
P_0x55555bd5f500 .param/l "NEG_CLK_R" 0 8 3179, C4<0>;
P_0x55555bd5f540 .param/l "NEG_CLK_W" 0 8 3180, C4<0>;
P_0x55555bd5f580 .param/l "READ_MODE" 0 8 3177, +C4<00000000000000000000000000000000>;
P_0x55555bd5f5c0 .param/l "WRITE_MODE" 0 8 3176, +C4<00000000000000000000000000000000>;
L_0x7f8a6a1863c0 .functor BUFT 1, C4<0>, C4<0>, C4<0>, C4<0>;
L_0x55555c07c1c0 .functor XOR 1, L_0x55555c07c890, L_0x7f8a6a1863c0, C4<0>, C4<0>;
L_0x7f8a6a186408 .functor BUFT 1, C4<0>, C4<0>, C4<0>, C4<0>;
L_0x55555c07e1d0 .functor XOR 1, L_0x55555c07e020, L_0x7f8a6a186408, C4<0>, C4<0>;
o0x7f8a6a1d2378 .functor BUFZ 1, c4<z>; HiZ drive
v0x55555bd69480_0 .net "MASK_0", 0 0, o0x7f8a6a1d2378;  0 drivers
o0x7f8a6a1d23a8 .functor BUFZ 1, c4<z>; HiZ drive
v0x55555bd69560_0 .net "MASK_1", 0 0, o0x7f8a6a1d23a8;  0 drivers
o0x7f8a6a1d23d8 .functor BUFZ 1, c4<z>; HiZ drive
v0x55555bd69620_0 .net "MASK_10", 0 0, o0x7f8a6a1d23d8;  0 drivers
o0x7f8a6a1d2408 .functor BUFZ 1, c4<z>; HiZ drive
v0x55555bd696f0_0 .net "MASK_11", 0 0, o0x7f8a6a1d2408;  0 drivers
o0x7f8a6a1d2438 .functor BUFZ 1, c4<z>; HiZ drive
v0x55555bd6ed90_0 .net "MASK_12", 0 0, o0x7f8a6a1d2438;  0 drivers
o0x7f8a6a1d2468 .functor BUFZ 1, c4<z>; HiZ drive
v0x55555bd6ee50_0 .net "MASK_13", 0 0, o0x7f8a6a1d2468;  0 drivers
o0x7f8a6a1d2498 .functor BUFZ 1, c4<z>; HiZ drive
v0x55555bd6ef10_0 .net "MASK_14", 0 0, o0x7f8a6a1d2498;  0 drivers
o0x7f8a6a1d24c8 .functor BUFZ 1, c4<z>; HiZ drive
v0x55555bd6efd0_0 .net "MASK_15", 0 0, o0x7f8a6a1d24c8;  0 drivers
o0x7f8a6a1d24f8 .functor BUFZ 1, c4<z>; HiZ drive
v0x55555bd6f090_0 .net "MASK_2", 0 0, o0x7f8a6a1d24f8;  0 drivers
o0x7f8a6a1d2528 .functor BUFZ 1, c4<z>; HiZ drive
v0x55555bd6f150_0 .net "MASK_3", 0 0, o0x7f8a6a1d2528;  0 drivers
o0x7f8a6a1d2558 .functor BUFZ 1, c4<z>; HiZ drive
v0x55555bd6f210_0 .net "MASK_4", 0 0, o0x7f8a6a1d2558;  0 drivers
o0x7f8a6a1d2588 .functor BUFZ 1, c4<z>; HiZ drive
v0x55555bd6b1f0_0 .net "MASK_5", 0 0, o0x7f8a6a1d2588;  0 drivers
o0x7f8a6a1d25b8 .functor BUFZ 1, c4<z>; HiZ drive
v0x55555bd6b2b0_0 .net "MASK_6", 0 0, o0x7f8a6a1d25b8;  0 drivers
o0x7f8a6a1d25e8 .functor BUFZ 1, c4<z>; HiZ drive
v0x55555bd6b370_0 .net "MASK_7", 0 0, o0x7f8a6a1d25e8;  0 drivers
o0x7f8a6a1d2618 .functor BUFZ 1, c4<z>; HiZ drive
v0x55555bd6b430_0 .net "MASK_8", 0 0, o0x7f8a6a1d2618;  0 drivers
o0x7f8a6a1d2648 .functor BUFZ 1, c4<z>; HiZ drive
v0x55555bd6b4f0_0 .net "MASK_9", 0 0, o0x7f8a6a1d2648;  0 drivers
o0x7f8a6a1d2678 .functor BUFZ 1, c4<z>; HiZ drive
v0x55555bd6b5b0_0 .net "RADDR_0", 0 0, o0x7f8a6a1d2678;  0 drivers
o0x7f8a6a1d26a8 .functor BUFZ 1, c4<z>; HiZ drive
v0x55555bd619a0_0 .net "RADDR_1", 0 0, o0x7f8a6a1d26a8;  0 drivers
o0x7f8a6a1d26d8 .functor BUFZ 1, c4<z>; HiZ drive
v0x55555bd61a60_0 .net "RADDR_10", 0 0, o0x7f8a6a1d26d8;  0 drivers
o0x7f8a6a1d2708 .functor BUFZ 1, c4<z>; HiZ drive
v0x55555bd61b20_0 .net "RADDR_2", 0 0, o0x7f8a6a1d2708;  0 drivers
o0x7f8a6a1d2738 .functor BUFZ 1, c4<z>; HiZ drive
v0x55555bd61be0_0 .net "RADDR_3", 0 0, o0x7f8a6a1d2738;  0 drivers
o0x7f8a6a1d2768 .functor BUFZ 1, c4<z>; HiZ drive
v0x55555bd61ca0_0 .net "RADDR_4", 0 0, o0x7f8a6a1d2768;  0 drivers
o0x7f8a6a1d2798 .functor BUFZ 1, c4<z>; HiZ drive
v0x55555bd6b650_0 .net "RADDR_5", 0 0, o0x7f8a6a1d2798;  0 drivers
o0x7f8a6a1d27c8 .functor BUFZ 1, c4<z>; HiZ drive
v0x55555bd605d0_0 .net "RADDR_6", 0 0, o0x7f8a6a1d27c8;  0 drivers
o0x7f8a6a1d27f8 .functor BUFZ 1, c4<z>; HiZ drive
v0x55555bd60690_0 .net "RADDR_7", 0 0, o0x7f8a6a1d27f8;  0 drivers
o0x7f8a6a1d2828 .functor BUFZ 1, c4<z>; HiZ drive
v0x55555bd60750_0 .net "RADDR_8", 0 0, o0x7f8a6a1d2828;  0 drivers
o0x7f8a6a1d2858 .functor BUFZ 1, c4<z>; HiZ drive
v0x55555bd60810_0 .net "RADDR_9", 0 0, o0x7f8a6a1d2858;  0 drivers
o0x7f8a6a1d2888 .functor BUFZ 1, c4<z>; HiZ drive
v0x55555bd608d0_0 .net "RCLK", 0 0, o0x7f8a6a1d2888;  0 drivers
o0x7f8a6a1d28b8 .functor BUFZ 1, c4<z>; HiZ drive
v0x55555bd60990_0 .net "RCLKE", 0 0, o0x7f8a6a1d28b8;  0 drivers
v0x55555bd60a50_0 .net "RDATA_0", 0 0, L_0x55555c07c730;  1 drivers
v0x55555bdec270_0 .net "RDATA_1", 0 0, L_0x55555c07c450;  1 drivers
v0x55555bdec330_0 .net "RDATA_10", 0 0, L_0x55555c07bb50;  1 drivers
v0x55555bdec3f0_0 .net "RDATA_11", 0 0, L_0x55555c07ba80;  1 drivers
v0x55555bdec6c0_0 .net "RDATA_12", 0 0, L_0x55555c07b9b0;  1 drivers
v0x55555c0244b0_0 .net "RDATA_13", 0 0, L_0x55555c07b8e0;  1 drivers
v0x55555c024550_0 .net "RDATA_14", 0 0, L_0x55555c07b840;  1 drivers
v0x55555c0245f0_0 .net "RDATA_15", 0 0, L_0x55555c07b720;  1 drivers
v0x55555c024690_0 .net "RDATA_2", 0 0, L_0x55555c07c300;  1 drivers
v0x55555c024730_0 .net "RDATA_3", 0 0, L_0x55555c07c230;  1 drivers
v0x55555c0247d0_0 .net "RDATA_4", 0 0, L_0x55555c07c0f0;  1 drivers
v0x55555c024870_0 .net "RDATA_5", 0 0, L_0x55555c07c020;  1 drivers
v0x55555c024930_0 .net "RDATA_6", 0 0, L_0x55555c07bef0;  1 drivers
v0x55555c0249f0_0 .net "RDATA_7", 0 0, L_0x55555c07be20;  1 drivers
v0x55555c024ab0_0 .net "RDATA_8", 0 0, L_0x55555c07bd00;  1 drivers
v0x55555c024b70_0 .net "RDATA_9", 0 0, L_0x55555c07bc60;  1 drivers
o0x7f8a6a1d2be8 .functor BUFZ 1, c4<z>; HiZ drive
v0x55555c024c30_0 .net "RE", 0 0, o0x7f8a6a1d2be8;  0 drivers
o0x7f8a6a1d2c18 .functor BUFZ 1, c4<z>; HiZ drive
v0x55555c024cf0_0 .net "WADDR_0", 0 0, o0x7f8a6a1d2c18;  0 drivers
o0x7f8a6a1d2c48 .functor BUFZ 1, c4<z>; HiZ drive
v0x55555c024db0_0 .net "WADDR_1", 0 0, o0x7f8a6a1d2c48;  0 drivers
o0x7f8a6a1d2c78 .functor BUFZ 1, c4<z>; HiZ drive
v0x55555c024e70_0 .net "WADDR_10", 0 0, o0x7f8a6a1d2c78;  0 drivers
o0x7f8a6a1d2ca8 .functor BUFZ 1, c4<z>; HiZ drive
v0x55555c024f30_0 .net "WADDR_2", 0 0, o0x7f8a6a1d2ca8;  0 drivers
o0x7f8a6a1d2cd8 .functor BUFZ 1, c4<z>; HiZ drive
v0x55555c024ff0_0 .net "WADDR_3", 0 0, o0x7f8a6a1d2cd8;  0 drivers
o0x7f8a6a1d2d08 .functor BUFZ 1, c4<z>; HiZ drive
v0x55555c0250b0_0 .net "WADDR_4", 0 0, o0x7f8a6a1d2d08;  0 drivers
o0x7f8a6a1d2d38 .functor BUFZ 1, c4<z>; HiZ drive
v0x55555c025170_0 .net "WADDR_5", 0 0, o0x7f8a6a1d2d38;  0 drivers
o0x7f8a6a1d2d68 .functor BUFZ 1, c4<z>; HiZ drive
v0x55555c025230_0 .net "WADDR_6", 0 0, o0x7f8a6a1d2d68;  0 drivers
o0x7f8a6a1d2d98 .functor BUFZ 1, c4<z>; HiZ drive
v0x55555c0252f0_0 .net "WADDR_7", 0 0, o0x7f8a6a1d2d98;  0 drivers
o0x7f8a6a1d2dc8 .functor BUFZ 1, c4<z>; HiZ drive
v0x55555c0253b0_0 .net "WADDR_8", 0 0, o0x7f8a6a1d2dc8;  0 drivers
o0x7f8a6a1d2df8 .functor BUFZ 1, c4<z>; HiZ drive
v0x55555c025470_0 .net "WADDR_9", 0 0, o0x7f8a6a1d2df8;  0 drivers
o0x7f8a6a1d2e28 .functor BUFZ 1, c4<z>; HiZ drive
v0x55555c025530_0 .net "WCLK", 0 0, o0x7f8a6a1d2e28;  0 drivers
o0x7f8a6a1d2e58 .functor BUFZ 1, c4<z>; HiZ drive
v0x55555c0255f0_0 .net "WCLKE", 0 0, o0x7f8a6a1d2e58;  0 drivers
o0x7f8a6a1d2e88 .functor BUFZ 1, c4<z>; HiZ drive
v0x55555c0256b0_0 .net "WDATA_0", 0 0, o0x7f8a6a1d2e88;  0 drivers
o0x7f8a6a1d2eb8 .functor BUFZ 1, c4<z>; HiZ drive
v0x55555c025770_0 .net "WDATA_1", 0 0, o0x7f8a6a1d2eb8;  0 drivers
o0x7f8a6a1d2ee8 .functor BUFZ 1, c4<z>; HiZ drive
v0x55555c025830_0 .net "WDATA_10", 0 0, o0x7f8a6a1d2ee8;  0 drivers
o0x7f8a6a1d2f18 .functor BUFZ 1, c4<z>; HiZ drive
v0x55555c0258f0_0 .net "WDATA_11", 0 0, o0x7f8a6a1d2f18;  0 drivers
o0x7f8a6a1d2f48 .functor BUFZ 1, c4<z>; HiZ drive
v0x55555c0259b0_0 .net "WDATA_12", 0 0, o0x7f8a6a1d2f48;  0 drivers
o0x7f8a6a1d2f78 .functor BUFZ 1, c4<z>; HiZ drive
v0x55555c025a70_0 .net "WDATA_13", 0 0, o0x7f8a6a1d2f78;  0 drivers
o0x7f8a6a1d2fa8 .functor BUFZ 1, c4<z>; HiZ drive
v0x55555c025b30_0 .net "WDATA_14", 0 0, o0x7f8a6a1d2fa8;  0 drivers
o0x7f8a6a1d2fd8 .functor BUFZ 1, c4<z>; HiZ drive
v0x55555c025bf0_0 .net "WDATA_15", 0 0, o0x7f8a6a1d2fd8;  0 drivers
o0x7f8a6a1d3008 .functor BUFZ 1, c4<z>; HiZ drive
v0x55555c025cb0_0 .net "WDATA_2", 0 0, o0x7f8a6a1d3008;  0 drivers
o0x7f8a6a1d3038 .functor BUFZ 1, c4<z>; HiZ drive
v0x55555c025d70_0 .net "WDATA_3", 0 0, o0x7f8a6a1d3038;  0 drivers
o0x7f8a6a1d3068 .functor BUFZ 1, c4<z>; HiZ drive
v0x55555c025e30_0 .net "WDATA_4", 0 0, o0x7f8a6a1d3068;  0 drivers
o0x7f8a6a1d3098 .functor BUFZ 1, c4<z>; HiZ drive
v0x55555c025ef0_0 .net "WDATA_5", 0 0, o0x7f8a6a1d3098;  0 drivers
o0x7f8a6a1d30c8 .functor BUFZ 1, c4<z>; HiZ drive
v0x55555c025fb0_0 .net "WDATA_6", 0 0, o0x7f8a6a1d30c8;  0 drivers
o0x7f8a6a1d30f8 .functor BUFZ 1, c4<z>; HiZ drive
v0x55555c026070_0 .net "WDATA_7", 0 0, o0x7f8a6a1d30f8;  0 drivers
o0x7f8a6a1d3128 .functor BUFZ 1, c4<z>; HiZ drive
v0x55555c026130_0 .net "WDATA_8", 0 0, o0x7f8a6a1d3128;  0 drivers
o0x7f8a6a1d3158 .functor BUFZ 1, c4<z>; HiZ drive
v0x55555c0261f0_0 .net "WDATA_9", 0 0, o0x7f8a6a1d3158;  0 drivers
o0x7f8a6a1d3188 .functor BUFZ 1, c4<z>; HiZ drive
v0x55555c0262b0_0 .net "WE", 0 0, o0x7f8a6a1d3188;  0 drivers
v0x55555c026370_0 .net *"_ivl_100", 0 0, L_0x55555c0805e0;  1 drivers
v0x55555c026450_0 .net *"_ivl_102", 0 0, L_0x55555c080330;  1 drivers
v0x55555c026530_0 .net *"_ivl_104", 0 0, L_0x55555c080430;  1 drivers
v0x55555c026610_0 .net *"_ivl_106", 0 0, L_0x55555c080ad0;  1 drivers
v0x55555c0266f0_0 .net *"_ivl_108", 0 0, L_0x55555c080bd0;  1 drivers
v0x55555c0267d0_0 .net *"_ivl_110", 0 0, L_0x55555c080eb0;  1 drivers
v0x55555c0268b0_0 .net *"_ivl_112", 0 0, L_0x55555c080f80;  1 drivers
v0x55555c026990_0 .net *"_ivl_114", 0 0, L_0x55555c081270;  1 drivers
v0x55555c026a70_0 .net *"_ivl_116", 0 0, L_0x55555c081370;  1 drivers
v0x55555c026b50_0 .net *"_ivl_120", 0 0, L_0x55555c081c60;  1 drivers
v0x55555c026c30_0 .net *"_ivl_122", 0 0, L_0x55555c081f10;  1 drivers
v0x55555c026d10_0 .net *"_ivl_124", 0 0, L_0x55555c081fb0;  1 drivers
v0x55555c026df0_0 .net *"_ivl_126", 0 0, L_0x55555c082270;  1 drivers
v0x55555c026ed0_0 .net *"_ivl_128", 0 0, L_0x55555c082310;  1 drivers
v0x55555c026fb0_0 .net *"_ivl_130", 0 0, L_0x55555c0825e0;  1 drivers
v0x55555c027090_0 .net *"_ivl_132", 0 0, L_0x55555c082680;  1 drivers
v0x55555c027170_0 .net *"_ivl_134", 0 0, L_0x55555c082960;  1 drivers
v0x55555c027250_0 .net *"_ivl_136", 0 0, L_0x55555c082a00;  1 drivers
v0x55555c027330_0 .net *"_ivl_138", 0 0, L_0x55555c082d20;  1 drivers
v0x55555c027410_0 .net *"_ivl_140", 0 0, L_0x55555c082e20;  1 drivers
v0x55555c0274f0_0 .net *"_ivl_142", 0 0, L_0x55555c083180;  1 drivers
v0x55555c0275d0_0 .net *"_ivl_144", 0 0, L_0x55555c083220;  1 drivers
v0x55555c0276b0_0 .net *"_ivl_146", 0 0, L_0x55555c083530;  1 drivers
v0x55555c027790_0 .net *"_ivl_148", 0 0, L_0x55555c083600;  1 drivers
v0x55555c027870_0 .net *"_ivl_150", 0 0, L_0x55555c083980;  1 drivers
v0x55555c027950_0 .net *"_ivl_18", 0 0, L_0x55555c07c890;  1 drivers
v0x55555c027a30_0 .net/2u *"_ivl_19", 0 0, L_0x7f8a6a1863c0;  1 drivers
v0x55555c027b10_0 .net *"_ivl_28", 0 0, L_0x55555c07cc00;  1 drivers
v0x55555c027bf0_0 .net *"_ivl_30", 0 0, L_0x55555c07ca60;  1 drivers
v0x55555c027cd0_0 .net *"_ivl_32", 0 0, L_0x55555c07ce10;  1 drivers
v0x55555c027db0_0 .net *"_ivl_34", 0 0, L_0x55555c07cfd0;  1 drivers
v0x55555c027e90_0 .net *"_ivl_36", 0 0, L_0x55555c07d0d0;  1 drivers
v0x55555c027f70_0 .net *"_ivl_38", 0 0, L_0x55555c07d2a0;  1 drivers
v0x55555c028050_0 .net *"_ivl_40", 0 0, L_0x55555c07d3a0;  1 drivers
v0x55555c028130_0 .net *"_ivl_42", 0 0, L_0x55555c07d580;  1 drivers
v0x55555c028210_0 .net *"_ivl_44", 0 0, L_0x55555c07d680;  1 drivers
v0x55555c0282f0_0 .net *"_ivl_46", 0 0, L_0x55555c07d870;  1 drivers
v0x55555c0283d0_0 .net *"_ivl_48", 0 0, L_0x55555c07d970;  1 drivers
v0x55555c0284b0_0 .net *"_ivl_52", 0 0, L_0x55555c07e020;  1 drivers
v0x55555c028590_0 .net/2u *"_ivl_53", 0 0, L_0x7f8a6a186408;  1 drivers
v0x55555c028670_0 .net *"_ivl_62", 0 0, L_0x55555c07e540;  1 drivers
v0x55555c028750_0 .net *"_ivl_64", 0 0, L_0x55555c07e5e0;  1 drivers
v0x55555c028830_0 .net *"_ivl_66", 0 0, L_0x55555c07e7b0;  1 drivers
v0x55555c028910_0 .net *"_ivl_68", 0 0, L_0x55555c07e880;  1 drivers
v0x55555c0289f0_0 .net *"_ivl_70", 0 0, L_0x55555c07eac0;  1 drivers
v0x55555c028ad0_0 .net *"_ivl_72", 0 0, L_0x55555c07ebc0;  1 drivers
v0x55555c028bb0_0 .net *"_ivl_74", 0 0, L_0x55555c07ee10;  1 drivers
v0x55555c028c90_0 .net *"_ivl_76", 0 0, L_0x55555c07ef10;  1 drivers
v0x55555c028d70_0 .net *"_ivl_78", 0 0, L_0x55555c07f170;  1 drivers
v0x55555c028e50_0 .net *"_ivl_80", 0 0, L_0x55555c07f270;  1 drivers
v0x55555c028f30_0 .net *"_ivl_82", 0 0, L_0x55555c07f4e0;  1 drivers
v0x55555c029010_0 .net *"_ivl_86", 0 0, L_0x55555c07fc10;  1 drivers
v0x55555c0290f0_0 .net *"_ivl_88", 0 0, L_0x55555c07fcb0;  1 drivers
v0x55555c0299e0_0 .net *"_ivl_90", 0 0, L_0x55555c07fee0;  1 drivers
v0x55555c029ac0_0 .net *"_ivl_92", 0 0, L_0x55555c07ff80;  1 drivers
v0x55555c029ba0_0 .net *"_ivl_94", 0 0, L_0x55555c0801c0;  1 drivers
v0x55555c029c80_0 .net *"_ivl_96", 0 0, L_0x55555c080260;  1 drivers
v0x55555c029d60_0 .net *"_ivl_98", 0 0, L_0x55555c0804e0;  1 drivers
L_0x55555c07b720 .part v0x55555bd7f640_0, 15, 1;
L_0x55555c07b840 .part v0x55555bd7f640_0, 14, 1;
L_0x55555c07b8e0 .part v0x55555bd7f640_0, 13, 1;
L_0x55555c07b9b0 .part v0x55555bd7f640_0, 12, 1;
L_0x55555c07ba80 .part v0x55555bd7f640_0, 11, 1;
L_0x55555c07bb50 .part v0x55555bd7f640_0, 10, 1;
L_0x55555c07bc60 .part v0x55555bd7f640_0, 9, 1;
L_0x55555c07bd00 .part v0x55555bd7f640_0, 8, 1;
L_0x55555c07be20 .part v0x55555bd7f640_0, 7, 1;
L_0x55555c07bef0 .part v0x55555bd7f640_0, 6, 1;
L_0x55555c07c020 .part v0x55555bd7f640_0, 5, 1;
L_0x55555c07c0f0 .part v0x55555bd7f640_0, 4, 1;
L_0x55555c07c230 .part v0x55555bd7f640_0, 3, 1;
L_0x55555c07c300 .part v0x55555bd7f640_0, 2, 1;
L_0x55555c07c450 .part v0x55555bd7f640_0, 1, 1;
L_0x55555c07c730 .part v0x55555bd7f640_0, 0, 1;
L_0x55555c07c890 .ufunc/vec4 TD_ICESTORM_RAM.pd, 1, o0x7f8a6a1d2888 (v0x55555bd6d190_0) S_0x55555bd6cf20;
L_0x55555c07c9c0 .ufunc/vec4 TD_ICESTORM_RAM.pu, 1, o0x7f8a6a1d28b8 (v0x55555bd693c0_0) S_0x55555bd6d250;
L_0x55555c07cb00 .ufunc/vec4 TD_ICESTORM_RAM.pd, 1, o0x7f8a6a1d2be8 (v0x55555bd6d190_0) S_0x55555bd6cf20;
L_0x55555c07cc00 .ufunc/vec4 TD_ICESTORM_RAM.pd, 1, o0x7f8a6a1d26d8 (v0x55555bd6d190_0) S_0x55555bd6cf20;
L_0x55555c07ca60 .ufunc/vec4 TD_ICESTORM_RAM.pd, 1, o0x7f8a6a1d2858 (v0x55555bd6d190_0) S_0x55555bd6cf20;
L_0x55555c07ce10 .ufunc/vec4 TD_ICESTORM_RAM.pd, 1, o0x7f8a6a1d2828 (v0x55555bd6d190_0) S_0x55555bd6cf20;
L_0x55555c07cfd0 .ufunc/vec4 TD_ICESTORM_RAM.pd, 1, o0x7f8a6a1d27f8 (v0x55555bd6d190_0) S_0x55555bd6cf20;
L_0x55555c07d0d0 .ufunc/vec4 TD_ICESTORM_RAM.pd, 1, o0x7f8a6a1d27c8 (v0x55555bd6d190_0) S_0x55555bd6cf20;
L_0x55555c07d2a0 .ufunc/vec4 TD_ICESTORM_RAM.pd, 1, o0x7f8a6a1d2798 (v0x55555bd6d190_0) S_0x55555bd6cf20;
L_0x55555c07d3a0 .ufunc/vec4 TD_ICESTORM_RAM.pd, 1, o0x7f8a6a1d2768 (v0x55555bd6d190_0) S_0x55555bd6cf20;
L_0x55555c07d580 .ufunc/vec4 TD_ICESTORM_RAM.pd, 1, o0x7f8a6a1d2738 (v0x55555bd6d190_0) S_0x55555bd6cf20;
L_0x55555c07d680 .ufunc/vec4 TD_ICESTORM_RAM.pd, 1, o0x7f8a6a1d2708 (v0x55555bd6d190_0) S_0x55555bd6cf20;
L_0x55555c07d870 .ufunc/vec4 TD_ICESTORM_RAM.pd, 1, o0x7f8a6a1d26a8 (v0x55555bd6d190_0) S_0x55555bd6cf20;
L_0x55555c07d970 .ufunc/vec4 TD_ICESTORM_RAM.pd, 1, o0x7f8a6a1d2678 (v0x55555bd6d190_0) S_0x55555bd6cf20;
LS_0x55555c07db70_0_0 .concat [ 1 1 1 1], L_0x55555c07d970, L_0x55555c07d870, L_0x55555c07d680, L_0x55555c07d580;
LS_0x55555c07db70_0_4 .concat [ 1 1 1 1], L_0x55555c07d3a0, L_0x55555c07d2a0, L_0x55555c07d0d0, L_0x55555c07cfd0;
LS_0x55555c07db70_0_8 .concat [ 1 1 1 0], L_0x55555c07ce10, L_0x55555c07ca60, L_0x55555c07cc00;
L_0x55555c07db70 .concat [ 4 4 3 0], LS_0x55555c07db70_0_0, LS_0x55555c07db70_0_4, LS_0x55555c07db70_0_8;
L_0x55555c07e020 .ufunc/vec4 TD_ICESTORM_RAM.pd, 1, o0x7f8a6a1d2e28 (v0x55555bd6d190_0) S_0x55555bd6cf20;
L_0x55555c07e2e0 .ufunc/vec4 TD_ICESTORM_RAM.pu, 1, o0x7f8a6a1d2e58 (v0x55555bd693c0_0) S_0x55555bd6d250;
L_0x55555c07e380 .ufunc/vec4 TD_ICESTORM_RAM.pd, 1, o0x7f8a6a1d3188 (v0x55555bd6d190_0) S_0x55555bd6cf20;
L_0x55555c07e540 .ufunc/vec4 TD_ICESTORM_RAM.pd, 1, o0x7f8a6a1d2c78 (v0x55555bd6d190_0) S_0x55555bd6cf20;
L_0x55555c07e5e0 .ufunc/vec4 TD_ICESTORM_RAM.pd, 1, o0x7f8a6a1d2df8 (v0x55555bd6d190_0) S_0x55555bd6cf20;
L_0x55555c07e7b0 .ufunc/vec4 TD_ICESTORM_RAM.pd, 1, o0x7f8a6a1d2dc8 (v0x55555bd6d190_0) S_0x55555bd6cf20;
L_0x55555c07e880 .ufunc/vec4 TD_ICESTORM_RAM.pd, 1, o0x7f8a6a1d2d98 (v0x55555bd6d190_0) S_0x55555bd6cf20;
L_0x55555c07eac0 .ufunc/vec4 TD_ICESTORM_RAM.pd, 1, o0x7f8a6a1d2d68 (v0x55555bd6d190_0) S_0x55555bd6cf20;
L_0x55555c07ebc0 .ufunc/vec4 TD_ICESTORM_RAM.pd, 1, o0x7f8a6a1d2d38 (v0x55555bd6d190_0) S_0x55555bd6cf20;
L_0x55555c07ee10 .ufunc/vec4 TD_ICESTORM_RAM.pd, 1, o0x7f8a6a1d2d08 (v0x55555bd6d190_0) S_0x55555bd6cf20;
L_0x55555c07ef10 .ufunc/vec4 TD_ICESTORM_RAM.pd, 1, o0x7f8a6a1d2cd8 (v0x55555bd6d190_0) S_0x55555bd6cf20;
L_0x55555c07f170 .ufunc/vec4 TD_ICESTORM_RAM.pd, 1, o0x7f8a6a1d2ca8 (v0x55555bd6d190_0) S_0x55555bd6cf20;
L_0x55555c07f270 .ufunc/vec4 TD_ICESTORM_RAM.pd, 1, o0x7f8a6a1d2c48 (v0x55555bd6d190_0) S_0x55555bd6cf20;
L_0x55555c07f4e0 .ufunc/vec4 TD_ICESTORM_RAM.pd, 1, o0x7f8a6a1d2c18 (v0x55555bd6d190_0) S_0x55555bd6cf20;
LS_0x55555c07f5e0_0_0 .concat [ 1 1 1 1], L_0x55555c07f4e0, L_0x55555c07f270, L_0x55555c07f170, L_0x55555c07ef10;
LS_0x55555c07f5e0_0_4 .concat [ 1 1 1 1], L_0x55555c07ee10, L_0x55555c07ebc0, L_0x55555c07eac0, L_0x55555c07e880;
LS_0x55555c07f5e0_0_8 .concat [ 1 1 1 0], L_0x55555c07e7b0, L_0x55555c07e5e0, L_0x55555c07e540;
L_0x55555c07f5e0 .concat [ 4 4 3 0], LS_0x55555c07f5e0_0_0, LS_0x55555c07f5e0_0_4, LS_0x55555c07f5e0_0_8;
L_0x55555c07fc10 .ufunc/vec4 TD_ICESTORM_RAM.pd, 1, o0x7f8a6a1d24c8 (v0x55555bd6d190_0) S_0x55555bd6cf20;
L_0x55555c07fcb0 .ufunc/vec4 TD_ICESTORM_RAM.pd, 1, o0x7f8a6a1d2498 (v0x55555bd6d190_0) S_0x55555bd6cf20;
L_0x55555c07fee0 .ufunc/vec4 TD_ICESTORM_RAM.pd, 1, o0x7f8a6a1d2468 (v0x55555bd6d190_0) S_0x55555bd6cf20;
L_0x55555c07ff80 .ufunc/vec4 TD_ICESTORM_RAM.pd, 1, o0x7f8a6a1d2438 (v0x55555bd6d190_0) S_0x55555bd6cf20;
L_0x55555c0801c0 .ufunc/vec4 TD_ICESTORM_RAM.pd, 1, o0x7f8a6a1d2408 (v0x55555bd6d190_0) S_0x55555bd6cf20;
L_0x55555c080260 .ufunc/vec4 TD_ICESTORM_RAM.pd, 1, o0x7f8a6a1d23d8 (v0x55555bd6d190_0) S_0x55555bd6cf20;
L_0x55555c0804e0 .ufunc/vec4 TD_ICESTORM_RAM.pd, 1, o0x7f8a6a1d2648 (v0x55555bd6d190_0) S_0x55555bd6cf20;
L_0x55555c0805e0 .ufunc/vec4 TD_ICESTORM_RAM.pd, 1, o0x7f8a6a1d2618 (v0x55555bd6d190_0) S_0x55555bd6cf20;
L_0x55555c080330 .ufunc/vec4 TD_ICESTORM_RAM.pd, 1, o0x7f8a6a1d25e8 (v0x55555bd6d190_0) S_0x55555bd6cf20;
L_0x55555c080430 .ufunc/vec4 TD_ICESTORM_RAM.pd, 1, o0x7f8a6a1d25b8 (v0x55555bd6d190_0) S_0x55555bd6cf20;
L_0x55555c080ad0 .ufunc/vec4 TD_ICESTORM_RAM.pd, 1, o0x7f8a6a1d2588 (v0x55555bd6d190_0) S_0x55555bd6cf20;
L_0x55555c080bd0 .ufunc/vec4 TD_ICESTORM_RAM.pd, 1, o0x7f8a6a1d2558 (v0x55555bd6d190_0) S_0x55555bd6cf20;
L_0x55555c080eb0 .ufunc/vec4 TD_ICESTORM_RAM.pd, 1, o0x7f8a6a1d2528 (v0x55555bd6d190_0) S_0x55555bd6cf20;
L_0x55555c080f80 .ufunc/vec4 TD_ICESTORM_RAM.pd, 1, o0x7f8a6a1d24f8 (v0x55555bd6d190_0) S_0x55555bd6cf20;
L_0x55555c081270 .ufunc/vec4 TD_ICESTORM_RAM.pd, 1, o0x7f8a6a1d23a8 (v0x55555bd6d190_0) S_0x55555bd6cf20;
L_0x55555c081370 .ufunc/vec4 TD_ICESTORM_RAM.pd, 1, o0x7f8a6a1d2378 (v0x55555bd6d190_0) S_0x55555bd6cf20;
LS_0x55555c081670_0_0 .concat [ 1 1 1 1], L_0x55555c081370, L_0x55555c081270, L_0x55555c080f80, L_0x55555c080eb0;
LS_0x55555c081670_0_4 .concat [ 1 1 1 1], L_0x55555c080bd0, L_0x55555c080ad0, L_0x55555c080430, L_0x55555c080330;
LS_0x55555c081670_0_8 .concat [ 1 1 1 1], L_0x55555c0805e0, L_0x55555c0804e0, L_0x55555c080260, L_0x55555c0801c0;
LS_0x55555c081670_0_12 .concat [ 1 1 1 1], L_0x55555c07ff80, L_0x55555c07fee0, L_0x55555c07fcb0, L_0x55555c07fc10;
L_0x55555c081670 .concat [ 4 4 4 4], LS_0x55555c081670_0_0, LS_0x55555c081670_0_4, LS_0x55555c081670_0_8, LS_0x55555c081670_0_12;
L_0x55555c081c60 .ufunc/vec4 TD_ICESTORM_RAM.pd, 1, o0x7f8a6a1d2fd8 (v0x55555bd6d190_0) S_0x55555bd6cf20;
L_0x55555c081f10 .ufunc/vec4 TD_ICESTORM_RAM.pd, 1, o0x7f8a6a1d2fa8 (v0x55555bd6d190_0) S_0x55555bd6cf20;
L_0x55555c081fb0 .ufunc/vec4 TD_ICESTORM_RAM.pd, 1, o0x7f8a6a1d2f78 (v0x55555bd6d190_0) S_0x55555bd6cf20;
L_0x55555c082270 .ufunc/vec4 TD_ICESTORM_RAM.pd, 1, o0x7f8a6a1d2f48 (v0x55555bd6d190_0) S_0x55555bd6cf20;
L_0x55555c082310 .ufunc/vec4 TD_ICESTORM_RAM.pd, 1, o0x7f8a6a1d2f18 (v0x55555bd6d190_0) S_0x55555bd6cf20;
L_0x55555c0825e0 .ufunc/vec4 TD_ICESTORM_RAM.pd, 1, o0x7f8a6a1d2ee8 (v0x55555bd6d190_0) S_0x55555bd6cf20;
L_0x55555c082680 .ufunc/vec4 TD_ICESTORM_RAM.pd, 1, o0x7f8a6a1d3158 (v0x55555bd6d190_0) S_0x55555bd6cf20;
L_0x55555c082960 .ufunc/vec4 TD_ICESTORM_RAM.pd, 1, o0x7f8a6a1d3128 (v0x55555bd6d190_0) S_0x55555bd6cf20;
L_0x55555c082a00 .ufunc/vec4 TD_ICESTORM_RAM.pd, 1, o0x7f8a6a1d30f8 (v0x55555bd6d190_0) S_0x55555bd6cf20;
L_0x55555c082d20 .ufunc/vec4 TD_ICESTORM_RAM.pd, 1, o0x7f8a6a1d30c8 (v0x55555bd6d190_0) S_0x55555bd6cf20;
L_0x55555c082e20 .ufunc/vec4 TD_ICESTORM_RAM.pd, 1, o0x7f8a6a1d3098 (v0x55555bd6d190_0) S_0x55555bd6cf20;
L_0x55555c083180 .ufunc/vec4 TD_ICESTORM_RAM.pd, 1, o0x7f8a6a1d3068 (v0x55555bd6d190_0) S_0x55555bd6cf20;
L_0x55555c083220 .ufunc/vec4 TD_ICESTORM_RAM.pd, 1, o0x7f8a6a1d3038 (v0x55555bd6d190_0) S_0x55555bd6cf20;
L_0x55555c083530 .ufunc/vec4 TD_ICESTORM_RAM.pd, 1, o0x7f8a6a1d3008 (v0x55555bd6d190_0) S_0x55555bd6cf20;
L_0x55555c083600 .ufunc/vec4 TD_ICESTORM_RAM.pd, 1, o0x7f8a6a1d2eb8 (v0x55555bd6d190_0) S_0x55555bd6cf20;
L_0x55555c083980 .ufunc/vec4 TD_ICESTORM_RAM.pd, 1, o0x7f8a6a1d2e88 (v0x55555bd6d190_0) S_0x55555bd6cf20;
LS_0x55555c083a80_0_0 .concat [ 1 1 1 1], L_0x55555c083980, L_0x55555c083600, L_0x55555c083530, L_0x55555c083220;
LS_0x55555c083a80_0_4 .concat [ 1 1 1 1], L_0x55555c083180, L_0x55555c082e20, L_0x55555c082d20, L_0x55555c082a00;
LS_0x55555c083a80_0_8 .concat [ 1 1 1 1], L_0x55555c082960, L_0x55555c082680, L_0x55555c0825e0, L_0x55555c082310;
LS_0x55555c083a80_0_12 .concat [ 1 1 1 1], L_0x55555c082270, L_0x55555c081fb0, L_0x55555c081f10, L_0x55555c081c60;
L_0x55555c083a80 .concat [ 4 4 4 4], LS_0x55555c083a80_0_0, LS_0x55555c083a80_0_4, LS_0x55555c083a80_0_8, LS_0x55555c083a80_0_12;
S_0x55555bd76610 .scope module, "RAM" "SB_RAM40_4K" 8 3233, 8 1487 0, S_0x55555bf66200;
 .timescale -12 -12;
    .port_info 0 /OUTPUT 16 "RDATA";
    .port_info 1 /INPUT 1 "RCLK";
    .port_info 2 /INPUT 1 "RCLKE";
    .port_info 3 /INPUT 1 "RE";
    .port_info 4 /INPUT 11 "RADDR";
    .port_info 5 /INPUT 1 "WCLK";
    .port_info 6 /INPUT 1 "WCLKE";
    .port_info 7 /INPUT 1 "WE";
    .port_info 8 /INPUT 11 "WADDR";
    .port_info 9 /INPUT 16 "MASK";
    .port_info 10 /INPUT 16 "WDATA";
P_0x55555bd73450 .param/l "INIT_0" 0 8 1507, C4<0000000000000000000000000000000000000000000000000000000000000000000000000000000000000000000000000000000000000000000000000000000000000000000000000000000000000000000000000000000000000000000000000000000000000000000000000000000000000000000000000000000000000000>;
P_0x55555bd73490 .param/l "INIT_1" 0 8 1508, C4<0000000000000000000000000000000000000000000000000000000000000000000000000000000000000000000000000000000000000000000000000000000000000000000000000000000000000000000000000000000000000000000000000000000000000000000000000000000000000000000000000000000000000000>;
P_0x55555bd734d0 .param/l "INIT_2" 0 8 1509, C4<0000000000000000000000000000000000000000000000000000000000000000000000000000000000000000000000000000000000000000000000000000000000000000000000000000000000000000000000000000000000000000000000000000000000000000000000000000000000000000000000000000000000000000>;
P_0x55555bd73510 .param/l "INIT_3" 0 8 1510, C4<0000000000000000000000000000000000000000000000000000000000000000000000000000000000000000000000000000000000000000000000000000000000000000000000000000000000000000000000000000000000000000000000000000000000000000000000000000000000000000000000000000000000000000>;
P_0x55555bd73550 .param/l "INIT_4" 0 8 1511, C4<0000000000000000000000000000000000000000000000000000000000000000000000000000000000000000000000000000000000000000000000000000000000000000000000000000000000000000000000000000000000000000000000000000000000000000000000000000000000000000000000000000000000000000>;
P_0x55555bd73590 .param/l "INIT_5" 0 8 1512, C4<0000000000000000000000000000000000000000000000000000000000000000000000000000000000000000000000000000000000000000000000000000000000000000000000000000000000000000000000000000000000000000000000000000000000000000000000000000000000000000000000000000000000000000>;
P_0x55555bd735d0 .param/l "INIT_6" 0 8 1513, C4<0000000000000000000000000000000000000000000000000000000000000000000000000000000000000000000000000000000000000000000000000000000000000000000000000000000000000000000000000000000000000000000000000000000000000000000000000000000000000000000000000000000000000000>;
P_0x55555bd73610 .param/l "INIT_7" 0 8 1514, C4<0000000000000000000000000000000000000000000000000000000000000000000000000000000000000000000000000000000000000000000000000000000000000000000000000000000000000000000000000000000000000000000000000000000000000000000000000000000000000000000000000000000000000000>;
P_0x55555bd73650 .param/l "INIT_8" 0 8 1515, C4<0000000000000000000000000000000000000000000000000000000000000000000000000000000000000000000000000000000000000000000000000000000000000000000000000000000000000000000000000000000000000000000000000000000000000000000000000000000000000000000000000000000000000000>;
P_0x55555bd73690 .param/l "INIT_9" 0 8 1516, C4<0000000000000000000000000000000000000000000000000000000000000000000000000000000000000000000000000000000000000000000000000000000000000000000000000000000000000000000000000000000000000000000000000000000000000000000000000000000000000000000000000000000000000000>;
P_0x55555bd736d0 .param/l "INIT_A" 0 8 1517, C4<0000000000000000000000000000000000000000000000000000000000000000000000000000000000000000000000000000000000000000000000000000000000000000000000000000000000000000000000000000000000000000000000000000000000000000000000000000000000000000000000000000000000000000>;
P_0x55555bd73710 .param/l "INIT_B" 0 8 1518, C4<0000000000000000000000000000000000000000000000000000000000000000000000000000000000000000000000000000000000000000000000000000000000000000000000000000000000000000000000000000000000000000000000000000000000000000000000000000000000000000000000000000000000000000>;
P_0x55555bd73750 .param/l "INIT_C" 0 8 1519, C4<0000000000000000000000000000000000000000000000000000000000000000000000000000000000000000000000000000000000000000000000000000000000000000000000000000000000000000000000000000000000000000000000000000000000000000000000000000000000000000000000000000000000000000>;
P_0x55555bd73790 .param/l "INIT_D" 0 8 1520, C4<0000000000000000000000000000000000000000000000000000000000000000000000000000000000000000000000000000000000000000000000000000000000000000000000000000000000000000000000000000000000000000000000000000000000000000000000000000000000000000000000000000000000000000>;
P_0x55555bd737d0 .param/l "INIT_E" 0 8 1521, C4<0000000000000000000000000000000000000000000000000000000000000000000000000000000000000000000000000000000000000000000000000000000000000000000000000000000000000000000000000000000000000000000000000000000000000000000000000000000000000000000000000000000000000000>;
P_0x55555bd73810 .param/l "INIT_F" 0 8 1522, C4<0000000000000000000000000000000000000000000000000000000000000000000000000000000000000000000000000000000000000000000000000000000000000000000000000000000000000000000000000000000000000000000000000000000000000000000000000000000000000000000000000000000000000000>;
P_0x55555bd73850 .param/str "INIT_FILE" 0 8 1524, "\000";
P_0x55555bd73890 .param/l "READ_MODE" 0 8 1505, +C4<00000000000000000000000000000000>;
P_0x55555bd738d0 .param/l "WRITE_MODE" 0 8 1504, +C4<00000000000000000000000000000000>;
v0x55555bd7b8a0_0 .net "MASK", 15 0, L_0x55555c081670;  1 drivers
v0x55555bd7b960_0 .net "RADDR", 10 0, L_0x55555c07db70;  1 drivers
v0x55555bd7ba40_0 .net "RCLK", 0 0, L_0x55555c07c1c0;  1 drivers
v0x55555bd7bb10_0 .net "RCLKE", 0 0, L_0x55555c07c9c0;  1 drivers
v0x55555bd79bf0_0 .net "RDATA", 15 0, v0x55555bd7f640_0;  1 drivers
v0x55555bd7f640_0 .var "RDATA_I", 15 0;
v0x55555bd71d90_0 .net "RE", 0 0, L_0x55555c07cb00;  1 drivers
L_0x7f8a6a186378 .functor BUFT 1, C4<0000000000000000>, C4<0>, C4<0>, C4<0>;
v0x55555bd71e50_0 .net "RMASK_I", 15 0, L_0x7f8a6a186378;  1 drivers
v0x55555bd71f30_0 .net "WADDR", 10 0, L_0x55555c07f5e0;  1 drivers
v0x55555bd72010_0 .net "WCLK", 0 0, L_0x55555c07e1d0;  1 drivers
v0x55555bd720d0_0 .net "WCLKE", 0 0, L_0x55555c07e2e0;  1 drivers
v0x55555bd72190_0 .net "WDATA", 15 0, L_0x55555c083a80;  1 drivers
v0x55555bd70a40_0 .net "WDATA_I", 15 0, L_0x55555c06a900;  1 drivers
v0x55555bd70b20_0 .net "WE", 0 0, L_0x55555c07e380;  1 drivers
v0x55555bd70be0_0 .net "WMASK_I", 15 0, L_0x55555c06b5a0;  1 drivers
v0x55555bd70cc0_0 .var/i "i", 31 0;
v0x55555bd70da0 .array "memory", 255 0, 15 0;
E_0x55555bdfa140 .event posedge, v0x55555bd7ba40_0;
E_0x55555bd76b20 .event posedge, v0x55555bd72010_0;
S_0x55555bd79a10 .scope generate, "genblk1" "genblk1" 8 1534, 8 1534 0, S_0x55555bd76610;
 .timescale -12 -12;
L_0x55555c06b5a0 .functor BUFZ 16, L_0x55555c081670, C4<0000000000000000>, C4<0000000000000000>, C4<0000000000000000>;
S_0x55555bd7f260 .scope generate, "genblk2" "genblk2" 8 1555, 8 1555 0, S_0x55555bd76610;
 .timescale -12 -12;
S_0x55555bd7f460 .scope generate, "genblk3" "genblk3" 8 1576, 8 1576 0, S_0x55555bd76610;
 .timescale -12 -12;
L_0x55555c06a900 .functor BUFZ 16, L_0x55555c083a80, C4<0000000000000000>, C4<0000000000000000>, C4<0000000000000000>;
S_0x55555bd7b6c0 .scope generate, "genblk4" "genblk4" 8 1595, 8 1595 0, S_0x55555bd76610;
 .timescale -12 -12;
S_0x55555bd6cf20 .scope function.vec4.s1, "pd" "pd" 8 3200, 8 3200 0, S_0x55555bf66200;
 .timescale -12 -12;
; Variable pd is vec4 return value of scope S_0x55555bd6cf20
v0x55555bd6d190_0 .var "x", 0 0;
TD_ICESTORM_RAM.pd ;
    %load/vec4 v0x55555bd6d190_0;
    %cmpi/e 0, 1, 1;
    %flag_mov 8, 6;
    %jmp/0 T_0.0, 8;
    %pushi/vec4 0, 0, 1;
    %jmp/1 T_0.1, 8;
T_0.0 ; End of true expr.
    %load/vec4 v0x55555bd6d190_0;
    %jmp/0 T_0.1, 8;
 ; End of false expr.
    %blend;
T_0.1;
    %ret/vec4 0, 0, 1;  Assign to pd (store_vec4_to_lval)
    %end;
S_0x55555bd6d250 .scope function.vec4.s1, "pu" "pu" 8 3207, 8 3207 0, S_0x55555bf66200;
 .timescale -12 -12;
; Variable pu is vec4 return value of scope S_0x55555bd6d250
v0x55555bd693c0_0 .var "x", 0 0;
TD_ICESTORM_RAM.pu ;
    %load/vec4 v0x55555bd693c0_0;
    %cmpi/e 0, 1, 1;
    %flag_mov 8, 6;
    %jmp/0 T_1.2, 8;
    %pushi/vec4 1, 0, 1;
    %jmp/1 T_1.3, 8;
T_1.2 ; End of true expr.
    %load/vec4 v0x55555bd693c0_0;
    %jmp/0 T_1.3, 8;
 ; End of false expr.
    %blend;
T_1.3;
    %ret/vec4 0, 0, 1;  Assign to pu (store_vec4_to_lval)
    %end;
S_0x55555bf66ce0 .scope module, "Mux" "Mux" 9 8;
 .timescale -12 -12;
    .port_info 0 /INPUT 1 "a";
    .port_info 1 /INPUT 1 "b";
    .port_info 2 /INPUT 1 "sel";
    .port_info 3 /OUTPUT 1 "out";
o0x7f8a6a1d4ad8 .functor BUFZ 1, c4<z>; HiZ drive
v0x55555c02aa30_0 .net "a", 0 0, o0x7f8a6a1d4ad8;  0 drivers
o0x7f8a6a1d4b08 .functor BUFZ 1, c4<z>; HiZ drive
v0x55555c02ab10_0 .net "b", 0 0, o0x7f8a6a1d4b08;  0 drivers
v0x55555c02abd0_0 .net "out", 0 0, L_0x55555c084300;  1 drivers
o0x7f8a6a1d4b68 .functor BUFZ 1, c4<z>; HiZ drive
v0x55555c02ac70_0 .net "sel", 0 0, o0x7f8a6a1d4b68;  0 drivers
L_0x55555c084300 .functor MUXZ 1, o0x7f8a6a1d4ad8, o0x7f8a6a1d4b08, o0x7f8a6a1d4b68, C4<>;
S_0x55555bf677c0 .scope module, "Mux8Way16_tb" "Mux8Way16_tb" 10 2;
 .timescale -12 -12;
v0x55555c0301e0_0 .net *"_ivl_1", 0 0, L_0x55555c085730;  1 drivers
v0x55555c0302c0_0 .net *"_ivl_10", 15 0, L_0x55555c085a50;  1 drivers
v0x55555c0303a0_0 .net *"_ivl_12", 15 0, L_0x55555c085b30;  1 drivers
v0x55555c030460_0 .net *"_ivl_15", 0 0, L_0x55555c085bd0;  1 drivers
v0x55555c030540_0 .net *"_ivl_17", 0 0, L_0x55555c085cc0;  1 drivers
v0x55555c030670_0 .net *"_ivl_18", 15 0, L_0x55555c085d60;  1 drivers
v0x55555c030750_0 .net *"_ivl_21", 0 0, L_0x55555c085e60;  1 drivers
v0x55555c030830_0 .net *"_ivl_22", 15 0, L_0x55555c085f00;  1 drivers
v0x55555c030910_0 .net *"_ivl_24", 15 0, L_0x55555c086010;  1 drivers
v0x55555c030a80_0 .net *"_ivl_3", 0 0, L_0x55555c0857d0;  1 drivers
v0x55555c030b60_0 .net *"_ivl_5", 0 0, L_0x55555c085870;  1 drivers
v0x55555c030c40_0 .net *"_ivl_6", 15 0, L_0x55555c085910;  1 drivers
v0x55555c030d20_0 .net *"_ivl_9", 0 0, L_0x55555c0859b0;  1 drivers
v0x55555c030e00_0 .var "a", 15 0;
v0x55555c030ec0_0 .var "b", 15 0;
v0x55555c030f80_0 .var "c", 15 0;
v0x55555c031040_0 .var "d", 15 0;
v0x55555c031100_0 .var "e", 15 0;
v0x55555c0311c0_0 .var "f", 15 0;
v0x55555c031280_0 .var "fail", 0 0;
v0x55555c031340_0 .var "g", 15 0;
v0x55555c031400_0 .var "h", 15 0;
v0x55555c0314c0_0 .var "n", 15 0;
v0x55555c0315a0_0 .net "out", 15 0, L_0x55555c085560;  1 drivers
v0x55555c031660_0 .net "out_cmp", 15 0, L_0x55555c086150;  1 drivers
v0x55555c031740_0 .var "sel", 2 0;
L_0x55555c085730 .part v0x55555c031740_0, 2, 1;
L_0x55555c0857d0 .part v0x55555c031740_0, 1, 1;
L_0x55555c085870 .part v0x55555c031740_0, 0, 1;
L_0x55555c085910 .functor MUXZ 16, v0x55555c031340_0, v0x55555c031400_0, L_0x55555c085870, C4<>;
L_0x55555c0859b0 .part v0x55555c031740_0, 0, 1;
L_0x55555c085a50 .functor MUXZ 16, v0x55555c031100_0, v0x55555c0311c0_0, L_0x55555c0859b0, C4<>;
L_0x55555c085b30 .functor MUXZ 16, L_0x55555c085a50, L_0x55555c085910, L_0x55555c0857d0, C4<>;
L_0x55555c085bd0 .part v0x55555c031740_0, 1, 1;
L_0x55555c085cc0 .part v0x55555c031740_0, 0, 1;
L_0x55555c085d60 .functor MUXZ 16, v0x55555c030f80_0, v0x55555c031040_0, L_0x55555c085cc0, C4<>;
L_0x55555c085e60 .part v0x55555c031740_0, 0, 1;
L_0x55555c085f00 .functor MUXZ 16, v0x55555c030e00_0, v0x55555c030ec0_0, L_0x55555c085e60, C4<>;
L_0x55555c086010 .functor MUXZ 16, L_0x55555c085f00, L_0x55555c085d60, L_0x55555c085bd0, C4<>;
L_0x55555c086150 .functor MUXZ 16, L_0x55555c086010, L_0x55555c085b30, L_0x55555c085730, C4<>;
S_0x55555c02ade0 .scope module, "MUX8WAY16" "Mux8Way16" 10 10, 11 8 0, S_0x55555bf677c0;
 .timescale -12 -12;
    .port_info 0 /INPUT 16 "a";
    .port_info 1 /INPUT 16 "b";
    .port_info 2 /INPUT 16 "c";
    .port_info 3 /INPUT 16 "d";
    .port_info 4 /INPUT 16 "e";
    .port_info 5 /INPUT 16 "f";
    .port_info 6 /INPUT 16 "g";
    .port_info 7 /INPUT 16 "h";
    .port_info 8 /INPUT 3 "sel";
    .port_info 9 /OUTPUT 16 "out";
v0x55555c02f230_0 .net "a", 15 0, v0x55555c030e00_0;  1 drivers
v0x55555c02f360_0 .net "b", 15 0, v0x55555c030ec0_0;  1 drivers
v0x55555c02f470_0 .net "c", 15 0, v0x55555c030f80_0;  1 drivers
v0x55555c02f560_0 .net "d", 15 0, v0x55555c031040_0;  1 drivers
v0x55555c02f670_0 .net "e", 15 0, v0x55555c031100_0;  1 drivers
v0x55555c02f7d0_0 .net "f", 15 0, v0x55555c0311c0_0;  1 drivers
v0x55555c02f8e0_0 .net "g", 15 0, v0x55555c031340_0;  1 drivers
v0x55555c02f9f0_0 .net "h", 15 0, v0x55555c031400_0;  1 drivers
v0x55555c02fb00_0 .net "lower4", 15 0, L_0x55555c085140;  1 drivers
v0x55555c02fc50_0 .net "out", 15 0, L_0x55555c085560;  alias, 1 drivers
v0x55555c02fd10_0 .net "sel", 2 0, v0x55555c031740_0;  1 drivers
v0x55555c02fdd0_0 .net "upper4", 15 0, L_0x55555c084860;  1 drivers
L_0x55555c084b50 .part v0x55555c031740_0, 0, 2;
L_0x55555c085430 .part v0x55555c031740_0, 0, 2;
L_0x55555c085600 .part v0x55555c031740_0, 2, 1;
S_0x55555c02af90 .scope module, "m1" "Mux4Way16" 11 32, 12 12 0, S_0x55555c02ade0;
 .timescale -12 -12;
    .port_info 0 /INPUT 16 "a";
    .port_info 1 /INPUT 16 "b";
    .port_info 2 /INPUT 16 "c";
    .port_info 3 /INPUT 16 "d";
    .port_info 4 /INPUT 2 "sel";
    .port_info 5 /OUTPUT 16 "out";
v0x55555c02c520_0 .net "a", 15 0, v0x55555c030e00_0;  alias, 1 drivers
v0x55555c02c600_0 .net "b", 15 0, v0x55555c030ec0_0;  alias, 1 drivers
v0x55555c02c6d0_0 .net "c", 15 0, v0x55555c030f80_0;  alias, 1 drivers
v0x55555c02c7d0_0 .net "d", 15 0, v0x55555c031040_0;  alias, 1 drivers
v0x55555c02c8a0_0 .net "lower2", 15 0, L_0x55555c084600;  1 drivers
v0x55555c02c9e0_0 .net "out", 15 0, L_0x55555c084860;  alias, 1 drivers
v0x55555c02ca80_0 .net "sel", 1 0, L_0x55555c084b50;  1 drivers
v0x55555c02cb40_0 .net "upper2", 15 0, L_0x55555c0843a0;  1 drivers
L_0x55555c084560 .part L_0x55555c084b50, 0, 1;
L_0x55555c0847c0 .part L_0x55555c084b50, 0, 1;
L_0x55555c084ab0 .part L_0x55555c084b50, 1, 1;
S_0x55555c02b190 .scope module, "m1" "Mux16" 12 25, 13 8 0, S_0x55555c02af90;
 .timescale -12 -12;
    .port_info 0 /INPUT 16 "a";
    .port_info 1 /INPUT 16 "b";
    .port_info 2 /INPUT 1 "sel";
    .port_info 3 /OUTPUT 16 "out";
v0x55555c02b390_0 .net "a", 15 0, v0x55555c030e00_0;  alias, 1 drivers
v0x55555c02b490_0 .net "b", 15 0, v0x55555c030ec0_0;  alias, 1 drivers
v0x55555c02b570_0 .net "out", 15 0, L_0x55555c0843a0;  alias, 1 drivers
v0x55555c02b660_0 .net "sel", 0 0, L_0x55555c084560;  1 drivers
L_0x55555c0843a0 .functor MUXZ 16, v0x55555c030e00_0, v0x55555c030ec0_0, L_0x55555c084560, C4<>;
S_0x55555c02b7d0 .scope module, "m2" "Mux16" 12 26, 13 8 0, S_0x55555c02af90;
 .timescale -12 -12;
    .port_info 0 /INPUT 16 "a";
    .port_info 1 /INPUT 16 "b";
    .port_info 2 /INPUT 1 "sel";
    .port_info 3 /OUTPUT 16 "out";
v0x55555c02ba60_0 .net "a", 15 0, v0x55555c030f80_0;  alias, 1 drivers
v0x55555c02bb40_0 .net "b", 15 0, v0x55555c031040_0;  alias, 1 drivers
v0x55555c02bc20_0 .net "out", 15 0, L_0x55555c084600;  alias, 1 drivers
v0x55555c02bd10_0 .net "sel", 0 0, L_0x55555c0847c0;  1 drivers
L_0x55555c084600 .functor MUXZ 16, v0x55555c030f80_0, v0x55555c031040_0, L_0x55555c0847c0, C4<>;
S_0x55555c02be80 .scope module, "m3" "Mux16" 12 28, 13 8 0, S_0x55555c02af90;
 .timescale -12 -12;
    .port_info 0 /INPUT 16 "a";
    .port_info 1 /INPUT 16 "b";
    .port_info 2 /INPUT 1 "sel";
    .port_info 3 /OUTPUT 16 "out";
v0x55555c02c120_0 .net "a", 15 0, L_0x55555c0843a0;  alias, 1 drivers
v0x55555c02c210_0 .net "b", 15 0, L_0x55555c084600;  alias, 1 drivers
v0x55555c02c2e0_0 .net "out", 15 0, L_0x55555c084860;  alias, 1 drivers
v0x55555c02c3b0_0 .net "sel", 0 0, L_0x55555c084ab0;  1 drivers
L_0x55555c084860 .functor MUXZ 16, L_0x55555c0843a0, L_0x55555c084600, L_0x55555c084ab0, C4<>;
S_0x55555c02cd10 .scope module, "m2" "Mux4Way16" 11 33, 12 12 0, S_0x55555c02ade0;
 .timescale -12 -12;
    .port_info 0 /INPUT 16 "a";
    .port_info 1 /INPUT 16 "b";
    .port_info 2 /INPUT 16 "c";
    .port_info 3 /INPUT 16 "d";
    .port_info 4 /INPUT 2 "sel";
    .port_info 5 /OUTPUT 16 "out";
v0x55555c02e3b0_0 .net "a", 15 0, v0x55555c031100_0;  alias, 1 drivers
v0x55555c02e490_0 .net "b", 15 0, v0x55555c0311c0_0;  alias, 1 drivers
v0x55555c02e560_0 .net "c", 15 0, v0x55555c031340_0;  alias, 1 drivers
v0x55555c02e660_0 .net "d", 15 0, v0x55555c031400_0;  alias, 1 drivers
v0x55555c02e730_0 .net "lower2", 15 0, L_0x55555c084ee0;  1 drivers
v0x55555c02e870_0 .net "out", 15 0, L_0x55555c085140;  alias, 1 drivers
v0x55555c02e910_0 .net "sel", 1 0, L_0x55555c085430;  1 drivers
v0x55555c02e9d0_0 .net "upper2", 15 0, L_0x55555c084c80;  1 drivers
L_0x55555c084e40 .part L_0x55555c085430, 0, 1;
L_0x55555c0850a0 .part L_0x55555c085430, 0, 1;
L_0x55555c085390 .part L_0x55555c085430, 1, 1;
S_0x55555c02cfe0 .scope module, "m1" "Mux16" 12 25, 13 8 0, S_0x55555c02cd10;
 .timescale -12 -12;
    .port_info 0 /INPUT 16 "a";
    .port_info 1 /INPUT 16 "b";
    .port_info 2 /INPUT 1 "sel";
    .port_info 3 /OUTPUT 16 "out";
v0x55555c02d250_0 .net "a", 15 0, v0x55555c031100_0;  alias, 1 drivers
v0x55555c02d350_0 .net "b", 15 0, v0x55555c0311c0_0;  alias, 1 drivers
v0x55555c02d430_0 .net "out", 15 0, L_0x55555c084c80;  alias, 1 drivers
v0x55555c02d4f0_0 .net "sel", 0 0, L_0x55555c084e40;  1 drivers
L_0x55555c084c80 .functor MUXZ 16, v0x55555c031100_0, v0x55555c0311c0_0, L_0x55555c084e40, C4<>;
S_0x55555c02d660 .scope module, "m2" "Mux16" 12 26, 13 8 0, S_0x55555c02cd10;
 .timescale -12 -12;
    .port_info 0 /INPUT 16 "a";
    .port_info 1 /INPUT 16 "b";
    .port_info 2 /INPUT 1 "sel";
    .port_info 3 /OUTPUT 16 "out";
v0x55555c02d8f0_0 .net "a", 15 0, v0x55555c031340_0;  alias, 1 drivers
v0x55555c02d9d0_0 .net "b", 15 0, v0x55555c031400_0;  alias, 1 drivers
v0x55555c02dab0_0 .net "out", 15 0, L_0x55555c084ee0;  alias, 1 drivers
v0x55555c02dba0_0 .net "sel", 0 0, L_0x55555c0850a0;  1 drivers
L_0x55555c084ee0 .functor MUXZ 16, v0x55555c031340_0, v0x55555c031400_0, L_0x55555c0850a0, C4<>;
S_0x55555c02dd10 .scope module, "m3" "Mux16" 12 28, 13 8 0, S_0x55555c02cd10;
 .timescale -12 -12;
    .port_info 0 /INPUT 16 "a";
    .port_info 1 /INPUT 16 "b";
    .port_info 2 /INPUT 1 "sel";
    .port_info 3 /OUTPUT 16 "out";
v0x55555c02dfb0_0 .net "a", 15 0, L_0x55555c084c80;  alias, 1 drivers
v0x55555c02e0a0_0 .net "b", 15 0, L_0x55555c084ee0;  alias, 1 drivers
v0x55555c02e170_0 .net "out", 15 0, L_0x55555c085140;  alias, 1 drivers
v0x55555c02e240_0 .net "sel", 0 0, L_0x55555c085390;  1 drivers
L_0x55555c085140 .functor MUXZ 16, L_0x55555c084c80, L_0x55555c084ee0, L_0x55555c085390, C4<>;
S_0x55555c02eba0 .scope module, "m3" "Mux16" 11 35, 13 8 0, S_0x55555c02ade0;
 .timescale -12 -12;
    .port_info 0 /INPUT 16 "a";
    .port_info 1 /INPUT 16 "b";
    .port_info 2 /INPUT 1 "sel";
    .port_info 3 /OUTPUT 16 "out";
v0x55555c02ee10_0 .net "a", 15 0, L_0x55555c084860;  alias, 1 drivers
v0x55555c02ef20_0 .net "b", 15 0, L_0x55555c085140;  alias, 1 drivers
v0x55555c02f030_0 .net "out", 15 0, L_0x55555c085560;  alias, 1 drivers
v0x55555c02f0f0_0 .net "sel", 0 0, L_0x55555c085600;  1 drivers
L_0x55555c085560 .functor MUXZ 16, L_0x55555c084860, L_0x55555c085140, L_0x55555c085600, C4<>;
S_0x55555c030030 .scope task, "check" "check" 10 30, 10 30 0, S_0x55555bf677c0;
 .timescale -12 -12;
TD_Mux8Way16_tb.check ;
    %delay 1, 0;
    %load/vec4 v0x55555c0315a0_0;
    %load/vec4 v0x55555c031660_0;
    %cmp/ne;
    %jmp/0xz  T_2.4, 4;
    %vpi_call/w 10 34 "$display", "FAIL: a=%16b, b=%16b, c=%16b, d=%16b, e=%16b, f=%16b, g=%16b, h=%16b, sel=%3b, out=%16b", v0x55555c030e00_0, v0x55555c030ec0_0, v0x55555c030f80_0, v0x55555c031040_0, v0x55555c031100_0, v0x55555c0311c0_0, v0x55555c031340_0, v0x55555c031400_0, v0x55555c031740_0, v0x55555c0315a0_0 {0 0 0};
    %pushi/vec4 1, 0, 1;
    %store/vec4 v0x55555c031280_0, 0, 1;
T_2.4 ;
    %end;
S_0x55555bfa5b90 .scope module, "Nand" "Nand" 14 8;
 .timescale -12 -12;
    .port_info 0 /INPUT 1 "a";
    .port_info 1 /INPUT 1 "b";
    .port_info 2 /OUTPUT 1 "out";
o0x7f8a6a1d5d68 .functor BUFZ 1, c4<z>; HiZ drive
o0x7f8a6a1d5d98 .functor BUFZ 1, c4<z>; HiZ drive
L_0x55555c085fa0 .functor NAND 1, o0x7f8a6a1d5d68, o0x7f8a6a1d5d98, C4<1>, C4<1>;
v0x55555c031800_0 .net "a", 0 0, o0x7f8a6a1d5d68;  0 drivers
v0x55555c0318c0_0 .net "b", 0 0, o0x7f8a6a1d5d98;  0 drivers
v0x55555c031980_0 .net "out", 0 0, L_0x55555c085fa0;  1 drivers
S_0x55555bf620c0 .scope module, "Not" "Not" 15 7;
 .timescale -12 -12;
    .port_info 0 /INPUT 1 "in";
    .port_info 1 /OUTPUT 1 "out";
o0x7f8a6a1d5e88 .functor BUFZ 1, c4<z>; HiZ drive
L_0x55555c086360 .functor NOT 1, o0x7f8a6a1d5e88, C4<0>, C4<0>, C4<0>;
v0x55555c031aa0_0 .net "in", 0 0, o0x7f8a6a1d5e88;  0 drivers
v0x55555c031b60_0 .net "out", 0 0, L_0x55555c086360;  1 drivers
S_0x55555bf5f590 .scope module, "Not16" "Not16" 16 7;
 .timescale -12 -12;
    .port_info 0 /INPUT 16 "in";
    .port_info 1 /OUTPUT 16 "out";
o0x7f8a6a1d5f48 .functor BUFZ 16, c4<zzzzzzzzzzzzzzzz>; HiZ drive
L_0x55555c0863d0 .functor NOT 16, o0x7f8a6a1d5f48, C4<0000000000000000>, C4<0000000000000000>, C4<0000000000000000>;
v0x55555c031c80_0 .net "in", 15 0, o0x7f8a6a1d5f48;  0 drivers
v0x55555c031d60_0 .net "out", 15 0, L_0x55555c0863d0;  1 drivers
S_0x55555bf60020 .scope module, "Or" "Or" 17 8;
 .timescale -12 -12;
    .port_info 0 /INPUT 1 "a";
    .port_info 1 /INPUT 1 "b";
    .port_info 2 /OUTPUT 1 "out";
o0x7f8a6a1d6008 .functor BUFZ 1, c4<z>; HiZ drive
o0x7f8a6a1d6038 .functor BUFZ 1, c4<z>; HiZ drive
L_0x55555c086440 .functor OR 1, o0x7f8a6a1d6008, o0x7f8a6a1d6038, C4<0>, C4<0>;
v0x55555c031ea0_0 .net "a", 0 0, o0x7f8a6a1d6008;  0 drivers
v0x55555c031f60_0 .net "b", 0 0, o0x7f8a6a1d6038;  0 drivers
v0x55555c032020_0 .net "out", 0 0, L_0x55555c086440;  1 drivers
S_0x55555bf60b00 .scope module, "Or16" "Or16" 18 7;
 .timescale -12 -12;
    .port_info 0 /INPUT 16 "a";
    .port_info 1 /INPUT 16 "b";
    .port_info 2 /OUTPUT 16 "out";
L_0x55555c086650 .functor OR 1, L_0x55555c0864b0, L_0x55555c086550, C4<0>, C4<0>;
L_0x55555c0869a0 .functor OR 1, L_0x55555c086790, L_0x55555c086880, C4<0>, C4<0>;
L_0x55555c086c30 .functor OR 1, L_0x55555c086ab0, L_0x55555c086b50, C4<0>, C4<0>;
L_0x55555c086f60 .functor OR 1, L_0x55555c086d40, L_0x55555c086de0, C4<0>, C4<0>;
L_0x55555c0871a0 .functor OR 1, L_0x55555c087000, L_0x55555c0870a0, C4<0>, C4<0>;
L_0x55555c087440 .functor OR 1, L_0x55555c087290, L_0x55555c087330, C4<0>, C4<0>;
L_0x55555c0873d0 .functor OR 1, L_0x55555c0875c0, L_0x55555c087660, C4<0>, C4<0>;
L_0x55555c0879f0 .functor OR 1, L_0x55555c087820, L_0x55555c0878c0, C4<0>, C4<0>;
L_0x55555c087d60 .functor OR 1, L_0x55555c087b80, L_0x55555c087c20, C4<0>, C4<0>;
L_0x55555c088090 .functor OR 1, L_0x55555c087ea0, L_0x55555c087f40, C4<0>, C4<0>;
L_0x55555c088390 .functor OR 1, L_0x55555c087cc0, L_0x55555c088230, C4<0>, C4<0>;
L_0x55555c088690 .functor OR 1, L_0x55555c088480, L_0x55555c088520, C4<0>, C4<0>;
L_0x55555c088a60 .functor OR 1, L_0x55555c088840, L_0x55555c0888e0, C4<0>, C4<0>;
L_0x55555c088dd0 .functor OR 1, L_0x55555c088ba0, L_0x55555c088c40, C4<0>, C4<0>;
L_0x55555c0887d0 .functor OR 1, L_0x55555c088f10, L_0x55555c088fb0, C4<0>, C4<0>;
L_0x55555c089bd0 .functor OR 1, L_0x55555c089770, L_0x55555c089920, C4<0>, C4<0>;
v0x55555c032140_0 .net *"_ivl_101", 0 0, L_0x55555c0888e0;  1 drivers
v0x55555c032220_0 .net *"_ivl_102", 0 0, L_0x55555c088a60;  1 drivers
v0x55555c032300_0 .net *"_ivl_107", 0 0, L_0x55555c088ba0;  1 drivers
v0x55555c0323c0_0 .net *"_ivl_109", 0 0, L_0x55555c088c40;  1 drivers
v0x55555c0324a0_0 .net *"_ivl_11", 0 0, L_0x55555c086790;  1 drivers
v0x55555c0325d0_0 .net *"_ivl_110", 0 0, L_0x55555c088dd0;  1 drivers
v0x55555c0326b0_0 .net *"_ivl_115", 0 0, L_0x55555c088f10;  1 drivers
v0x55555c032790_0 .net *"_ivl_117", 0 0, L_0x55555c088fb0;  1 drivers
v0x55555c032870_0 .net *"_ivl_118", 0 0, L_0x55555c0887d0;  1 drivers
v0x55555c032950_0 .net *"_ivl_124", 0 0, L_0x55555c089770;  1 drivers
v0x55555c032a30_0 .net *"_ivl_126", 0 0, L_0x55555c089920;  1 drivers
v0x55555c032b10_0 .net *"_ivl_127", 0 0, L_0x55555c089bd0;  1 drivers
v0x55555c032bf0_0 .net *"_ivl_13", 0 0, L_0x55555c086880;  1 drivers
v0x55555c032cd0_0 .net *"_ivl_14", 0 0, L_0x55555c0869a0;  1 drivers
v0x55555c032db0_0 .net *"_ivl_19", 0 0, L_0x55555c086ab0;  1 drivers
v0x55555c032e90_0 .net *"_ivl_21", 0 0, L_0x55555c086b50;  1 drivers
v0x55555c032f70_0 .net *"_ivl_22", 0 0, L_0x55555c086c30;  1 drivers
v0x55555c033160_0 .net *"_ivl_27", 0 0, L_0x55555c086d40;  1 drivers
v0x55555c033240_0 .net *"_ivl_29", 0 0, L_0x55555c086de0;  1 drivers
v0x55555c033320_0 .net *"_ivl_3", 0 0, L_0x55555c0864b0;  1 drivers
v0x55555c033400_0 .net *"_ivl_30", 0 0, L_0x55555c086f60;  1 drivers
v0x55555c0334e0_0 .net *"_ivl_35", 0 0, L_0x55555c087000;  1 drivers
v0x55555c0335c0_0 .net *"_ivl_37", 0 0, L_0x55555c0870a0;  1 drivers
v0x55555c0336a0_0 .net *"_ivl_38", 0 0, L_0x55555c0871a0;  1 drivers
v0x55555c033780_0 .net *"_ivl_43", 0 0, L_0x55555c087290;  1 drivers
v0x55555c033860_0 .net *"_ivl_45", 0 0, L_0x55555c087330;  1 drivers
v0x55555c033940_0 .net *"_ivl_46", 0 0, L_0x55555c087440;  1 drivers
v0x55555c033a20_0 .net *"_ivl_5", 0 0, L_0x55555c086550;  1 drivers
v0x55555c033b00_0 .net *"_ivl_51", 0 0, L_0x55555c0875c0;  1 drivers
v0x55555c033be0_0 .net *"_ivl_53", 0 0, L_0x55555c087660;  1 drivers
v0x55555c033cc0_0 .net *"_ivl_54", 0 0, L_0x55555c0873d0;  1 drivers
v0x55555c033da0_0 .net *"_ivl_59", 0 0, L_0x55555c087820;  1 drivers
v0x55555c033e80_0 .net *"_ivl_6", 0 0, L_0x55555c086650;  1 drivers
v0x55555c033f60_0 .net *"_ivl_61", 0 0, L_0x55555c0878c0;  1 drivers
v0x55555c034040_0 .net *"_ivl_62", 0 0, L_0x55555c0879f0;  1 drivers
v0x55555c034120_0 .net *"_ivl_67", 0 0, L_0x55555c087b80;  1 drivers
v0x55555c034200_0 .net *"_ivl_69", 0 0, L_0x55555c087c20;  1 drivers
v0x55555c0342e0_0 .net *"_ivl_70", 0 0, L_0x55555c087d60;  1 drivers
v0x55555c0343c0_0 .net *"_ivl_75", 0 0, L_0x55555c087ea0;  1 drivers
v0x55555c0344a0_0 .net *"_ivl_77", 0 0, L_0x55555c087f40;  1 drivers
v0x55555c034580_0 .net *"_ivl_78", 0 0, L_0x55555c088090;  1 drivers
v0x55555c034660_0 .net *"_ivl_83", 0 0, L_0x55555c087cc0;  1 drivers
v0x55555c034740_0 .net *"_ivl_85", 0 0, L_0x55555c088230;  1 drivers
v0x55555c034820_0 .net *"_ivl_86", 0 0, L_0x55555c088390;  1 drivers
v0x55555c034900_0 .net *"_ivl_91", 0 0, L_0x55555c088480;  1 drivers
v0x55555c0349e0_0 .net *"_ivl_93", 0 0, L_0x55555c088520;  1 drivers
v0x55555c034ac0_0 .net *"_ivl_94", 0 0, L_0x55555c088690;  1 drivers
v0x55555c034ba0_0 .net *"_ivl_99", 0 0, L_0x55555c088840;  1 drivers
o0x7f8a6a1d6a28 .functor BUFZ 16, c4<zzzzzzzzzzzzzzzz>; HiZ drive
v0x55555c034c80_0 .net "a", 15 0, o0x7f8a6a1d6a28;  0 drivers
o0x7f8a6a1d6a58 .functor BUFZ 16, c4<zzzzzzzzzzzzzzzz>; HiZ drive
v0x55555c034d60_0 .net "b", 15 0, o0x7f8a6a1d6a58;  0 drivers
v0x55555c034e40_0 .net "out", 15 0, L_0x55555c089220;  1 drivers
L_0x55555c0864b0 .part o0x7f8a6a1d6a28, 0, 1;
L_0x55555c086550 .part o0x7f8a6a1d6a58, 0, 1;
L_0x55555c086790 .part o0x7f8a6a1d6a28, 1, 1;
L_0x55555c086880 .part o0x7f8a6a1d6a58, 1, 1;
L_0x55555c086ab0 .part o0x7f8a6a1d6a28, 2, 1;
L_0x55555c086b50 .part o0x7f8a6a1d6a58, 2, 1;
L_0x55555c086d40 .part o0x7f8a6a1d6a28, 3, 1;
L_0x55555c086de0 .part o0x7f8a6a1d6a58, 3, 1;
L_0x55555c087000 .part o0x7f8a6a1d6a28, 4, 1;
L_0x55555c0870a0 .part o0x7f8a6a1d6a58, 4, 1;
L_0x55555c087290 .part o0x7f8a6a1d6a28, 5, 1;
L_0x55555c087330 .part o0x7f8a6a1d6a58, 5, 1;
L_0x55555c0875c0 .part o0x7f8a6a1d6a28, 6, 1;
L_0x55555c087660 .part o0x7f8a6a1d6a58, 6, 1;
L_0x55555c087820 .part o0x7f8a6a1d6a28, 7, 1;
L_0x55555c0878c0 .part o0x7f8a6a1d6a58, 7, 1;
L_0x55555c087b80 .part o0x7f8a6a1d6a28, 8, 1;
L_0x55555c087c20 .part o0x7f8a6a1d6a58, 8, 1;
L_0x55555c087ea0 .part o0x7f8a6a1d6a28, 9, 1;
L_0x55555c087f40 .part o0x7f8a6a1d6a58, 9, 1;
L_0x55555c087cc0 .part o0x7f8a6a1d6a28, 10, 1;
L_0x55555c088230 .part o0x7f8a6a1d6a58, 10, 1;
L_0x55555c088480 .part o0x7f8a6a1d6a28, 11, 1;
L_0x55555c088520 .part o0x7f8a6a1d6a58, 11, 1;
L_0x55555c088840 .part o0x7f8a6a1d6a28, 12, 1;
L_0x55555c0888e0 .part o0x7f8a6a1d6a58, 12, 1;
L_0x55555c088ba0 .part o0x7f8a6a1d6a28, 13, 1;
L_0x55555c088c40 .part o0x7f8a6a1d6a58, 13, 1;
L_0x55555c088f10 .part o0x7f8a6a1d6a28, 14, 1;
L_0x55555c088fb0 .part o0x7f8a6a1d6a58, 14, 1;
LS_0x55555c089220_0_0 .concat8 [ 1 1 1 1], L_0x55555c086650, L_0x55555c0869a0, L_0x55555c086c30, L_0x55555c086f60;
LS_0x55555c089220_0_4 .concat8 [ 1 1 1 1], L_0x55555c0871a0, L_0x55555c087440, L_0x55555c0873d0, L_0x55555c0879f0;
LS_0x55555c089220_0_8 .concat8 [ 1 1 1 1], L_0x55555c087d60, L_0x55555c088090, L_0x55555c088390, L_0x55555c088690;
LS_0x55555c089220_0_12 .concat8 [ 1 1 1 1], L_0x55555c088a60, L_0x55555c088dd0, L_0x55555c0887d0, L_0x55555c089bd0;
L_0x55555c089220 .concat8 [ 4 4 4 4], LS_0x55555c089220_0_0, LS_0x55555c089220_0_4, LS_0x55555c089220_0_8, LS_0x55555c089220_0_12;
L_0x55555c089770 .part o0x7f8a6a1d6a28, 15, 1;
L_0x55555c089920 .part o0x7f8a6a1d6a58, 15, 1;
S_0x55555bf615e0 .scope module, "Or8Way" "Or8Way" 19 7;
 .timescale -12 -12;
    .port_info 0 /INPUT 8 "in";
    .port_info 1 /OUTPUT 1 "out";
o0x7f8a6a1d6b48 .functor BUFZ 8, c4<zzzzzzzz>; HiZ drive
v0x55555c034fa0_0 .net "in", 7 0, o0x7f8a6a1d6b48;  0 drivers
v0x55555c035080_0 .net "out", 0 0, L_0x55555c089dc0;  1 drivers
L_0x55555c089dc0 .reduce/or o0x7f8a6a1d6b48;
S_0x55555bfe6cd0 .scope module, "SB_CARRY" "SB_CARRY" 8 228;
 .timescale -12 -12;
    .port_info 0 /OUTPUT 1 "CO";
    .port_info 1 /INPUT 1 "I0";
    .port_info 2 /INPUT 1 "I1";
    .port_info 3 /INPUT 1 "CI";
o0x7f8a6a1d6c68 .functor BUFZ 1, c4<z>; HiZ drive
o0x7f8a6a1d6c98 .functor BUFZ 1, c4<z>; HiZ drive
L_0x55555c089e60 .functor AND 1, o0x7f8a6a1d6c68, o0x7f8a6a1d6c98, C4<1>, C4<1>;
L_0x55555c089ed0 .functor OR 1, o0x7f8a6a1d6c68, o0x7f8a6a1d6c98, C4<0>, C4<0>;
o0x7f8a6a1d6c08 .functor BUFZ 1, c4<z>; HiZ drive
L_0x55555c089fe0 .functor AND 1, L_0x55555c089ed0, o0x7f8a6a1d6c08, C4<1>, C4<1>;
L_0x55555c08a0a0 .functor OR 1, L_0x55555c089e60, L_0x55555c089fe0, C4<0>, C4<0>;
v0x55555c0351a0_0 .net "CI", 0 0, o0x7f8a6a1d6c08;  0 drivers
v0x55555c035260_0 .net "CO", 0 0, L_0x55555c08a0a0;  1 drivers
v0x55555c035320_0 .net "I0", 0 0, o0x7f8a6a1d6c68;  0 drivers
v0x55555c0353c0_0 .net "I1", 0 0, o0x7f8a6a1d6c98;  0 drivers
v0x55555c035480_0 .net *"_ivl_1", 0 0, L_0x55555c089e60;  1 drivers
v0x55555c035540_0 .net *"_ivl_3", 0 0, L_0x55555c089ed0;  1 drivers
v0x55555c035600_0 .net *"_ivl_5", 0 0, L_0x55555c089fe0;  1 drivers
S_0x55555bfe7820 .scope module, "SB_DFF" "SB_DFF" 8 265;
 .timescale -12 -12;
    .port_info 0 /OUTPUT 1 "Q";
    .port_info 1 /INPUT 1 "C";
    .port_info 2 /INPUT 1 "D";
o0x7f8a6a1d6e18 .functor BUFZ 1, c4<z>; HiZ drive
v0x55555c035780_0 .net "C", 0 0, o0x7f8a6a1d6e18;  0 drivers
o0x7f8a6a1d6e48 .functor BUFZ 1, c4<z>; HiZ drive
v0x55555c035860_0 .net "D", 0 0, o0x7f8a6a1d6e48;  0 drivers
v0x55555c035920_0 .var "Q", 0 0;
E_0x55555bdfc930 .event posedge, v0x55555c035780_0;
S_0x55555bfe8bb0 .scope module, "SB_DFFE" "SB_DFFE" 8 303;
 .timescale -12 -12;
    .port_info 0 /OUTPUT 1 "Q";
    .port_info 1 /INPUT 1 "C";
    .port_info 2 /INPUT 1 "E";
    .port_info 3 /INPUT 1 "D";
o0x7f8a6a1d6f38 .functor BUFZ 1, c4<z>; HiZ drive
v0x55555c035aa0_0 .net "C", 0 0, o0x7f8a6a1d6f38;  0 drivers
o0x7f8a6a1d6f68 .functor BUFZ 1, c4<z>; HiZ drive
v0x55555c035b80_0 .net "D", 0 0, o0x7f8a6a1d6f68;  0 drivers
o0x7f8a6a1d6f98 .functor BUFZ 1, c4<z>; HiZ drive
v0x55555c035c40_0 .net "E", 0 0, o0x7f8a6a1d6f98;  0 drivers
v0x55555c035ce0_0 .var "Q", 0 0;
E_0x55555c035a40 .event posedge, v0x55555c035aa0_0;
S_0x55555bffce40 .scope module, "SB_DFFER" "SB_DFFER" 8 653;
 .timescale -12 -12;
    .port_info 0 /OUTPUT 1 "Q";
    .port_info 1 /INPUT 1 "C";
    .port_info 2 /INPUT 1 "E";
    .port_info 3 /INPUT 1 "R";
    .port_info 4 /INPUT 1 "D";
o0x7f8a6a1d70b8 .functor BUFZ 1, c4<z>; HiZ drive
v0x55555c035ea0_0 .net "C", 0 0, o0x7f8a6a1d70b8;  0 drivers
o0x7f8a6a1d70e8 .functor BUFZ 1, c4<z>; HiZ drive
v0x55555c035f80_0 .net "D", 0 0, o0x7f8a6a1d70e8;  0 drivers
o0x7f8a6a1d7118 .functor BUFZ 1, c4<z>; HiZ drive
v0x55555c036040_0 .net "E", 0 0, o0x7f8a6a1d7118;  0 drivers
v0x55555c0360e0_0 .var "Q", 0 0;
o0x7f8a6a1d7178 .functor BUFZ 1, c4<z>; HiZ drive
v0x55555c0361a0_0 .net "R", 0 0, o0x7f8a6a1d7178;  0 drivers
E_0x55555c035e20 .event posedge, v0x55555c0361a0_0, v0x55555c035ea0_0;
S_0x55555bffca50 .scope module, "SB_DFFES" "SB_DFFES" 8 794;
 .timescale -12 -12;
    .port_info 0 /OUTPUT 1 "Q";
    .port_info 1 /INPUT 1 "C";
    .port_info 2 /INPUT 1 "E";
    .port_info 3 /INPUT 1 "S";
    .port_info 4 /INPUT 1 "D";
o0x7f8a6a1d7298 .functor BUFZ 1, c4<z>; HiZ drive
v0x55555c0363d0_0 .net "C", 0 0, o0x7f8a6a1d7298;  0 drivers
o0x7f8a6a1d72c8 .functor BUFZ 1, c4<z>; HiZ drive
v0x55555c0364b0_0 .net "D", 0 0, o0x7f8a6a1d72c8;  0 drivers
o0x7f8a6a1d72f8 .functor BUFZ 1, c4<z>; HiZ drive
v0x55555c036570_0 .net "E", 0 0, o0x7f8a6a1d72f8;  0 drivers
v0x55555c036610_0 .var "Q", 0 0;
o0x7f8a6a1d7358 .functor BUFZ 1, c4<z>; HiZ drive
v0x55555c0366d0_0 .net "S", 0 0, o0x7f8a6a1d7358;  0 drivers
E_0x55555c036350 .event posedge, v0x55555c0366d0_0, v0x55555c0363d0_0;
S_0x55555bfeb2e0 .scope module, "SB_DFFESR" "SB_DFFESR" 8 592;
 .timescale -12 -12;
    .port_info 0 /OUTPUT 1 "Q";
    .port_info 1 /INPUT 1 "C";
    .port_info 2 /INPUT 1 "E";
    .port_info 3 /INPUT 1 "R";
    .port_info 4 /INPUT 1 "D";
o0x7f8a6a1d7478 .functor BUFZ 1, c4<z>; HiZ drive
v0x55555c036900_0 .net "C", 0 0, o0x7f8a6a1d7478;  0 drivers
o0x7f8a6a1d74a8 .functor BUFZ 1, c4<z>; HiZ drive
v0x55555c0369e0_0 .net "D", 0 0, o0x7f8a6a1d74a8;  0 drivers
o0x7f8a6a1d74d8 .functor BUFZ 1, c4<z>; HiZ drive
v0x55555c036aa0_0 .net "E", 0 0, o0x7f8a6a1d74d8;  0 drivers
v0x55555c036b40_0 .var "Q", 0 0;
o0x7f8a6a1d7538 .functor BUFZ 1, c4<z>; HiZ drive
v0x55555c036c00_0 .net "R", 0 0, o0x7f8a6a1d7538;  0 drivers
E_0x55555c036880 .event posedge, v0x55555c036900_0;
S_0x55555bfeaef0 .scope module, "SB_DFFESS" "SB_DFFESS" 8 733;
 .timescale -12 -12;
    .port_info 0 /OUTPUT 1 "Q";
    .port_info 1 /INPUT 1 "C";
    .port_info 2 /INPUT 1 "E";
    .port_info 3 /INPUT 1 "S";
    .port_info 4 /INPUT 1 "D";
o0x7f8a6a1d7658 .functor BUFZ 1, c4<z>; HiZ drive
v0x55555c036e30_0 .net "C", 0 0, o0x7f8a6a1d7658;  0 drivers
o0x7f8a6a1d7688 .functor BUFZ 1, c4<z>; HiZ drive
v0x55555c036f10_0 .net "D", 0 0, o0x7f8a6a1d7688;  0 drivers
o0x7f8a6a1d76b8 .functor BUFZ 1, c4<z>; HiZ drive
v0x55555c036fd0_0 .net "E", 0 0, o0x7f8a6a1d76b8;  0 drivers
v0x55555c037070_0 .var "Q", 0 0;
o0x7f8a6a1d7718 .functor BUFZ 1, c4<z>; HiZ drive
v0x55555c037130_0 .net "S", 0 0, o0x7f8a6a1d7718;  0 drivers
E_0x55555c036db0 .event posedge, v0x55555c036e30_0;
S_0x55555bfea720 .scope module, "SB_DFFN" "SB_DFFN" 8 876;
 .timescale -12 -12;
    .port_info 0 /OUTPUT 1 "Q";
    .port_info 1 /INPUT 1 "C";
    .port_info 2 /INPUT 1 "D";
o0x7f8a6a1d7838 .functor BUFZ 1, c4<z>; HiZ drive
v0x55555c037360_0 .net "C", 0 0, o0x7f8a6a1d7838;  0 drivers
o0x7f8a6a1d7868 .functor BUFZ 1, c4<z>; HiZ drive
v0x55555c037440_0 .net "D", 0 0, o0x7f8a6a1d7868;  0 drivers
v0x55555c037500_0 .var "Q", 0 0;
E_0x55555c0372e0 .event negedge, v0x55555c037360_0;
S_0x55555bfe5530 .scope module, "SB_DFFNE" "SB_DFFNE" 8 914;
 .timescale -12 -12;
    .port_info 0 /OUTPUT 1 "Q";
    .port_info 1 /INPUT 1 "C";
    .port_info 2 /INPUT 1 "E";
    .port_info 3 /INPUT 1 "D";
o0x7f8a6a1d7958 .functor BUFZ 1, c4<z>; HiZ drive
v0x55555c037680_0 .net "C", 0 0, o0x7f8a6a1d7958;  0 drivers
o0x7f8a6a1d7988 .functor BUFZ 1, c4<z>; HiZ drive
v0x55555c037760_0 .net "D", 0 0, o0x7f8a6a1d7988;  0 drivers
o0x7f8a6a1d79b8 .functor BUFZ 1, c4<z>; HiZ drive
v0x55555c037820_0 .net "E", 0 0, o0x7f8a6a1d79b8;  0 drivers
v0x55555c0378c0_0 .var "Q", 0 0;
E_0x55555c037620 .event negedge, v0x55555c037680_0;
S_0x55555bfdfee0 .scope module, "SB_DFFNER" "SB_DFFNER" 8 1264;
 .timescale -12 -12;
    .port_info 0 /OUTPUT 1 "Q";
    .port_info 1 /INPUT 1 "C";
    .port_info 2 /INPUT 1 "E";
    .port_info 3 /INPUT 1 "R";
    .port_info 4 /INPUT 1 "D";
o0x7f8a6a1d7ad8 .functor BUFZ 1, c4<z>; HiZ drive
v0x55555c037a80_0 .net "C", 0 0, o0x7f8a6a1d7ad8;  0 drivers
o0x7f8a6a1d7b08 .functor BUFZ 1, c4<z>; HiZ drive
v0x55555c037b60_0 .net "D", 0 0, o0x7f8a6a1d7b08;  0 drivers
o0x7f8a6a1d7b38 .functor BUFZ 1, c4<z>; HiZ drive
v0x55555c037c20_0 .net "E", 0 0, o0x7f8a6a1d7b38;  0 drivers
v0x55555c037cc0_0 .var "Q", 0 0;
o0x7f8a6a1d7b98 .functor BUFZ 1, c4<z>; HiZ drive
v0x55555c037d80_0 .net "R", 0 0, o0x7f8a6a1d7b98;  0 drivers
E_0x55555c037a00/0 .event negedge, v0x55555c037a80_0;
E_0x55555c037a00/1 .event posedge, v0x55555c037d80_0;
E_0x55555c037a00 .event/or E_0x55555c037a00/0, E_0x55555c037a00/1;
S_0x55555bfc7ee0 .scope module, "SB_DFFNES" "SB_DFFNES" 8 1405;
 .timescale -12 -12;
    .port_info 0 /OUTPUT 1 "Q";
    .port_info 1 /INPUT 1 "C";
    .port_info 2 /INPUT 1 "E";
    .port_info 3 /INPUT 1 "S";
    .port_info 4 /INPUT 1 "D";
o0x7f8a6a1d7cb8 .functor BUFZ 1, c4<z>; HiZ drive
v0x55555c037fb0_0 .net "C", 0 0, o0x7f8a6a1d7cb8;  0 drivers
o0x7f8a6a1d7ce8 .functor BUFZ 1, c4<z>; HiZ drive
v0x55555c038090_0 .net "D", 0 0, o0x7f8a6a1d7ce8;  0 drivers
o0x7f8a6a1d7d18 .functor BUFZ 1, c4<z>; HiZ drive
v0x55555c038150_0 .net "E", 0 0, o0x7f8a6a1d7d18;  0 drivers
v0x55555c0381f0_0 .var "Q", 0 0;
o0x7f8a6a1d7d78 .functor BUFZ 1, c4<z>; HiZ drive
v0x55555c0382b0_0 .net "S", 0 0, o0x7f8a6a1d7d78;  0 drivers
E_0x55555c037f30/0 .event negedge, v0x55555c037fb0_0;
E_0x55555c037f30/1 .event posedge, v0x55555c0382b0_0;
E_0x55555c037f30 .event/or E_0x55555c037f30/0, E_0x55555c037f30/1;
S_0x55555bfc7af0 .scope module, "SB_DFFNESR" "SB_DFFNESR" 8 1203;
 .timescale -12 -12;
    .port_info 0 /OUTPUT 1 "Q";
    .port_info 1 /INPUT 1 "C";
    .port_info 2 /INPUT 1 "E";
    .port_info 3 /INPUT 1 "R";
    .port_info 4 /INPUT 1 "D";
o0x7f8a6a1d7e98 .functor BUFZ 1, c4<z>; HiZ drive
v0x55555c0384e0_0 .net "C", 0 0, o0x7f8a6a1d7e98;  0 drivers
o0x7f8a6a1d7ec8 .functor BUFZ 1, c4<z>; HiZ drive
v0x55555c0385c0_0 .net "D", 0 0, o0x7f8a6a1d7ec8;  0 drivers
o0x7f8a6a1d7ef8 .functor BUFZ 1, c4<z>; HiZ drive
v0x55555c038680_0 .net "E", 0 0, o0x7f8a6a1d7ef8;  0 drivers
v0x55555c038720_0 .var "Q", 0 0;
o0x7f8a6a1d7f58 .functor BUFZ 1, c4<z>; HiZ drive
v0x55555c0387e0_0 .net "R", 0 0, o0x7f8a6a1d7f58;  0 drivers
E_0x55555c038460 .event negedge, v0x55555c0384e0_0;
S_0x55555bfc4bf0 .scope module, "SB_DFFNESS" "SB_DFFNESS" 8 1344;
 .timescale -12 -12;
    .port_info 0 /OUTPUT 1 "Q";
    .port_info 1 /INPUT 1 "C";
    .port_info 2 /INPUT 1 "E";
    .port_info 3 /INPUT 1 "S";
    .port_info 4 /INPUT 1 "D";
o0x7f8a6a1d8078 .functor BUFZ 1, c4<z>; HiZ drive
v0x55555c038a10_0 .net "C", 0 0, o0x7f8a6a1d8078;  0 drivers
o0x7f8a6a1d80a8 .functor BUFZ 1, c4<z>; HiZ drive
v0x55555c038af0_0 .net "D", 0 0, o0x7f8a6a1d80a8;  0 drivers
o0x7f8a6a1d80d8 .functor BUFZ 1, c4<z>; HiZ drive
v0x55555c038bb0_0 .net "E", 0 0, o0x7f8a6a1d80d8;  0 drivers
v0x55555c038c50_0 .var "Q", 0 0;
o0x7f8a6a1d8138 .functor BUFZ 1, c4<z>; HiZ drive
v0x55555c038d10_0 .net "S", 0 0, o0x7f8a6a1d8138;  0 drivers
E_0x55555c038990 .event negedge, v0x55555c038a10_0;
S_0x55555bfc4800 .scope module, "SB_DFFNR" "SB_DFFNR" 8 1011;
 .timescale -12 -12;
    .port_info 0 /OUTPUT 1 "Q";
    .port_info 1 /INPUT 1 "C";
    .port_info 2 /INPUT 1 "R";
    .port_info 3 /INPUT 1 "D";
o0x7f8a6a1d8258 .functor BUFZ 1, c4<z>; HiZ drive
v0x55555c038f40_0 .net "C", 0 0, o0x7f8a6a1d8258;  0 drivers
o0x7f8a6a1d8288 .functor BUFZ 1, c4<z>; HiZ drive
v0x55555c039020_0 .net "D", 0 0, o0x7f8a6a1d8288;  0 drivers
v0x55555c0390e0_0 .var "Q", 0 0;
o0x7f8a6a1d82e8 .functor BUFZ 1, c4<z>; HiZ drive
v0x55555c039180_0 .net "R", 0 0, o0x7f8a6a1d82e8;  0 drivers
E_0x55555c038ec0/0 .event negedge, v0x55555c038f40_0;
E_0x55555c038ec0/1 .event posedge, v0x55555c039180_0;
E_0x55555c038ec0 .event/or E_0x55555c038ec0/0, E_0x55555c038ec0/1;
S_0x55555bfbea60 .scope module, "SB_DFFNS" "SB_DFFNS" 8 1132;
 .timescale -12 -12;
    .port_info 0 /OUTPUT 1 "Q";
    .port_info 1 /INPUT 1 "C";
    .port_info 2 /INPUT 1 "S";
    .port_info 3 /INPUT 1 "D";
o0x7f8a6a1d83d8 .functor BUFZ 1, c4<z>; HiZ drive
v0x55555c039340_0 .net "C", 0 0, o0x7f8a6a1d83d8;  0 drivers
o0x7f8a6a1d8408 .functor BUFZ 1, c4<z>; HiZ drive
v0x55555c039420_0 .net "D", 0 0, o0x7f8a6a1d8408;  0 drivers
v0x55555c0394e0_0 .var "Q", 0 0;
o0x7f8a6a1d8468 .functor BUFZ 1, c4<z>; HiZ drive
v0x55555c039580_0 .net "S", 0 0, o0x7f8a6a1d8468;  0 drivers
E_0x55555c0392c0/0 .event negedge, v0x55555c039340_0;
E_0x55555c0392c0/1 .event posedge, v0x55555c039580_0;
E_0x55555c0392c0 .event/or E_0x55555c0392c0/0, E_0x55555c0392c0/1;
S_0x55555bfc1790 .scope module, "SB_DFFNSR" "SB_DFFNSR" 8 961;
 .timescale -12 -12;
    .port_info 0 /OUTPUT 1 "Q";
    .port_info 1 /INPUT 1 "C";
    .port_info 2 /INPUT 1 "R";
    .port_info 3 /INPUT 1 "D";
o0x7f8a6a1d8558 .functor BUFZ 1, c4<z>; HiZ drive
v0x55555c039770_0 .net "C", 0 0, o0x7f8a6a1d8558;  0 drivers
o0x7f8a6a1d8588 .functor BUFZ 1, c4<z>; HiZ drive
v0x55555c039850_0 .net "D", 0 0, o0x7f8a6a1d8588;  0 drivers
v0x55555c039910_0 .var "Q", 0 0;
o0x7f8a6a1d85e8 .functor BUFZ 1, c4<z>; HiZ drive
v0x55555c0399b0_0 .net "R", 0 0, o0x7f8a6a1d85e8;  0 drivers
E_0x55555c0396f0 .event negedge, v0x55555c039770_0;
S_0x55555bfc13a0 .scope module, "SB_DFFNSS" "SB_DFFNSS" 8 1082;
 .timescale -12 -12;
    .port_info 0 /OUTPUT 1 "Q";
    .port_info 1 /INPUT 1 "C";
    .port_info 2 /INPUT 1 "S";
    .port_info 3 /INPUT 1 "D";
o0x7f8a6a1d86d8 .functor BUFZ 1, c4<z>; HiZ drive
v0x55555c039ba0_0 .net "C", 0 0, o0x7f8a6a1d86d8;  0 drivers
o0x7f8a6a1d8708 .functor BUFZ 1, c4<z>; HiZ drive
v0x55555c039c80_0 .net "D", 0 0, o0x7f8a6a1d8708;  0 drivers
v0x55555c039d40_0 .var "Q", 0 0;
o0x7f8a6a1d8768 .functor BUFZ 1, c4<z>; HiZ drive
v0x55555c039de0_0 .net "S", 0 0, o0x7f8a6a1d8768;  0 drivers
E_0x55555c039b20 .event negedge, v0x55555c039ba0_0;
S_0x55555bfbe6a0 .scope module, "SB_DFFR" "SB_DFFR" 8 400;
 .timescale -12 -12;
    .port_info 0 /OUTPUT 1 "Q";
    .port_info 1 /INPUT 1 "C";
    .port_info 2 /INPUT 1 "R";
    .port_info 3 /INPUT 1 "D";
o0x7f8a6a1d8858 .functor BUFZ 1, c4<z>; HiZ drive
v0x55555c039fd0_0 .net "C", 0 0, o0x7f8a6a1d8858;  0 drivers
o0x7f8a6a1d8888 .functor BUFZ 1, c4<z>; HiZ drive
v0x55555c03a0b0_0 .net "D", 0 0, o0x7f8a6a1d8888;  0 drivers
v0x55555c03a170_0 .var "Q", 0 0;
o0x7f8a6a1d88e8 .functor BUFZ 1, c4<z>; HiZ drive
v0x55555c03a210_0 .net "R", 0 0, o0x7f8a6a1d88e8;  0 drivers
E_0x55555c039f50 .event posedge, v0x55555c03a210_0, v0x55555c039fd0_0;
S_0x55555bf8c230 .scope module, "SB_DFFS" "SB_DFFS" 8 521;
 .timescale -12 -12;
    .port_info 0 /OUTPUT 1 "Q";
    .port_info 1 /INPUT 1 "C";
    .port_info 2 /INPUT 1 "S";
    .port_info 3 /INPUT 1 "D";
o0x7f8a6a1d89d8 .functor BUFZ 1, c4<z>; HiZ drive
v0x55555c03a400_0 .net "C", 0 0, o0x7f8a6a1d89d8;  0 drivers
o0x7f8a6a1d8a08 .functor BUFZ 1, c4<z>; HiZ drive
v0x55555c03a4e0_0 .net "D", 0 0, o0x7f8a6a1d8a08;  0 drivers
v0x55555c03a5a0_0 .var "Q", 0 0;
o0x7f8a6a1d8a68 .functor BUFZ 1, c4<z>; HiZ drive
v0x55555c03a640_0 .net "S", 0 0, o0x7f8a6a1d8a68;  0 drivers
E_0x55555c03a380 .event posedge, v0x55555c03a640_0, v0x55555c03a400_0;
S_0x55555bf8bef0 .scope module, "SB_DFFSR" "SB_DFFSR" 8 350;
 .timescale -12 -12;
    .port_info 0 /OUTPUT 1 "Q";
    .port_info 1 /INPUT 1 "C";
    .port_info 2 /INPUT 1 "R";
    .port_info 3 /INPUT 1 "D";
o0x7f8a6a1d8b58 .functor BUFZ 1, c4<z>; HiZ drive
v0x55555c03a830_0 .net "C", 0 0, o0x7f8a6a1d8b58;  0 drivers
o0x7f8a6a1d8b88 .functor BUFZ 1, c4<z>; HiZ drive
v0x55555c03a910_0 .net "D", 0 0, o0x7f8a6a1d8b88;  0 drivers
v0x55555c03a9d0_0 .var "Q", 0 0;
o0x7f8a6a1d8be8 .functor BUFZ 1, c4<z>; HiZ drive
v0x55555c03aa70_0 .net "R", 0 0, o0x7f8a6a1d8be8;  0 drivers
E_0x55555c03a7b0 .event posedge, v0x55555c03a830_0;
S_0x55555bf87de0 .scope module, "SB_DFFSS" "SB_DFFSS" 8 471;
 .timescale -12 -12;
    .port_info 0 /OUTPUT 1 "Q";
    .port_info 1 /INPUT 1 "C";
    .port_info 2 /INPUT 1 "S";
    .port_info 3 /INPUT 1 "D";
o0x7f8a6a1d8cd8 .functor BUFZ 1, c4<z>; HiZ drive
v0x55555c03ac60_0 .net "C", 0 0, o0x7f8a6a1d8cd8;  0 drivers
o0x7f8a6a1d8d08 .functor BUFZ 1, c4<z>; HiZ drive
v0x55555c03ad40_0 .net "D", 0 0, o0x7f8a6a1d8d08;  0 drivers
v0x55555c03ae00_0 .var "Q", 0 0;
o0x7f8a6a1d8d68 .functor BUFZ 1, c4<z>; HiZ drive
v0x55555c03aea0_0 .net "S", 0 0, o0x7f8a6a1d8d68;  0 drivers
E_0x55555c03abe0 .event posedge, v0x55555c03ac60_0;
S_0x55555bf87a20 .scope module, "SB_FILTER_50NS" "SB_FILTER_50NS" 8 2856;
 .timescale -12 -12;
    .port_info 0 /INPUT 1 "FILTERIN";
    .port_info 1 /OUTPUT 1 "FILTEROUT";
o0x7f8a6a1d8e58 .functor BUFZ 1, c4<z>; HiZ drive
v0x55555c03b010_0 .net "FILTERIN", 0 0, o0x7f8a6a1d8e58;  0 drivers
o0x7f8a6a1d8e88 .functor BUFZ 1, c4<z>; HiZ drive
v0x55555c03b0f0_0 .net "FILTEROUT", 0 0, o0x7f8a6a1d8e88;  0 drivers
S_0x55555bf74e60 .scope module, "SB_GB" "SB_GB" 8 162;
 .timescale -12 -12;
    .port_info 0 /INPUT 1 "USER_SIGNAL_TO_GLOBAL_BUFFER";
    .port_info 1 /OUTPUT 1 "GLOBAL_BUFFER_OUTPUT";
o0x7f8a6a1d8f48 .functor BUFZ 1, c4<z>; HiZ drive
L_0x55555c08a1b0 .functor BUFZ 1, o0x7f8a6a1d8f48, C4<0>, C4<0>, C4<0>;
v0x55555c03b210_0 .net "GLOBAL_BUFFER_OUTPUT", 0 0, L_0x55555c08a1b0;  1 drivers
v0x55555c03b2d0_0 .net "USER_SIGNAL_TO_GLOBAL_BUFFER", 0 0, o0x7f8a6a1d8f48;  0 drivers
S_0x55555bf74a70 .scope module, "SB_GB_IO" "SB_GB_IO" 8 123;
 .timescale -12 -12;
    .port_info 0 /INOUT 1 "PACKAGE_PIN";
    .port_info 1 /OUTPUT 1 "GLOBAL_BUFFER_OUTPUT";
    .port_info 2 /INPUT 1 "LATCH_INPUT_VALUE";
    .port_info 3 /INPUT 1 "CLOCK_ENABLE";
    .port_info 4 /INPUT 1 "INPUT_CLK";
    .port_info 5 /INPUT 1 "OUTPUT_CLK";
    .port_info 6 /INPUT 1 "OUTPUT_ENABLE";
    .port_info 7 /INPUT 1 "D_OUT_0";
    .port_info 8 /INPUT 1 "D_OUT_1";
    .port_info 9 /OUTPUT 1 "D_IN_0";
    .port_info 10 /OUTPUT 1 "D_IN_1";
P_0x55555bf60e80 .param/str "IO_STANDARD" 0 8 139, "SB_LVCMOS";
P_0x55555bf60ec0 .param/l "NEG_TRIGGER" 0 8 138, C4<0>;
P_0x55555bf60f00 .param/l "PIN_TYPE" 0 8 136, C4<000000>;
P_0x55555bf60f40 .param/l "PULLUP" 0 8 137, C4<0>;
o0x7f8a6a1d9188 .functor BUFZ 1, c4<z>; HiZ drive
L_0x55555c08a220 .functor BUFZ 1, o0x7f8a6a1d9188, C4<0>, C4<0>, C4<0>;
o0x7f8a6a1d8fd8 .functor BUFZ 1, c4<z>; HiZ drive
v0x55555c03d2d0_0 .net "CLOCK_ENABLE", 0 0, o0x7f8a6a1d8fd8;  0 drivers
v0x55555c03d390_0 .net "D_IN_0", 0 0, L_0x55555c08a490;  1 drivers
v0x55555c03d460_0 .net "D_IN_1", 0 0, L_0x55555c08a550;  1 drivers
o0x7f8a6a1d9068 .functor BUFZ 1, c4<z>; HiZ drive
v0x55555c03d560_0 .net "D_OUT_0", 0 0, o0x7f8a6a1d9068;  0 drivers
o0x7f8a6a1d9098 .functor BUFZ 1, c4<z>; HiZ drive
v0x55555c03d630_0 .net "D_OUT_1", 0 0, o0x7f8a6a1d9098;  0 drivers
v0x55555c03d6d0_0 .net "GLOBAL_BUFFER_OUTPUT", 0 0, L_0x55555c08a220;  1 drivers
o0x7f8a6a1d90c8 .functor BUFZ 1, c4<z>; HiZ drive
v0x55555c03d770_0 .net "INPUT_CLK", 0 0, o0x7f8a6a1d90c8;  0 drivers
o0x7f8a6a1d90f8 .functor BUFZ 1, c4<z>; HiZ drive
v0x55555c03d840_0 .net "LATCH_INPUT_VALUE", 0 0, o0x7f8a6a1d90f8;  0 drivers
o0x7f8a6a1d9128 .functor BUFZ 1, c4<z>; HiZ drive
v0x55555c03d910_0 .net "OUTPUT_CLK", 0 0, o0x7f8a6a1d9128;  0 drivers
o0x7f8a6a1d9158 .functor BUFZ 1, c4<z>; HiZ drive
v0x55555c03d9e0_0 .net "OUTPUT_ENABLE", 0 0, o0x7f8a6a1d9158;  0 drivers
v0x55555c03dab0_0 .net "PACKAGE_PIN", 0 0, o0x7f8a6a1d9188;  0 drivers
S_0x55555c03b3f0 .scope module, "IO" "SB_IO" 8 148, 8 17 0, S_0x55555bf74a70;
 .timescale -12 -12;
    .port_info 0 /INOUT 1 "PACKAGE_PIN";
    .port_info 1 /INPUT 1 "LATCH_INPUT_VALUE";
    .port_info 2 /INPUT 1 "CLOCK_ENABLE";
    .port_info 3 /INPUT 1 "INPUT_CLK";
    .port_info 4 /INPUT 1 "OUTPUT_CLK";
    .port_info 5 /INPUT 1 "OUTPUT_ENABLE";
    .port_info 6 /INPUT 1 "D_OUT_0";
    .port_info 7 /INPUT 1 "D_OUT_1";
    .port_info 8 /OUTPUT 1 "D_IN_0";
    .port_info 9 /OUTPUT 1 "D_IN_1";
P_0x55555c033010 .param/str "IO_STANDARD" 0 8 32, "SB_LVCMOS";
P_0x55555c033050 .param/l "NEG_TRIGGER" 0 8 31, C4<0>;
P_0x55555c033090 .param/l "PIN_TYPE" 0 8 29, C4<000000>;
P_0x55555c0330d0 .param/l "PULLUP" 0 8 30, C4<0>;
L_0x55555c08a3d0 .functor OR 1, o0x7f8a6a1d8fd8, L_0x55555c08a2e0, C4<0>, C4<0>;
L_0x55555c08a490 .functor BUFZ 1, v0x55555c03c8a0_0, C4<0>, C4<0>, C4<0>;
L_0x55555c08a550 .functor BUFZ 1, v0x55555c03c960_0, C4<0>, C4<0>, C4<0>;
v0x55555c03bd10_0 .net "CLOCK_ENABLE", 0 0, o0x7f8a6a1d8fd8;  alias, 0 drivers
v0x55555c03bdd0_0 .net "D_IN_0", 0 0, L_0x55555c08a490;  alias, 1 drivers
v0x55555c03be90_0 .net "D_IN_1", 0 0, L_0x55555c08a550;  alias, 1 drivers
v0x55555c03bf30_0 .net "D_OUT_0", 0 0, o0x7f8a6a1d9068;  alias, 0 drivers
v0x55555c03bff0_0 .net "D_OUT_1", 0 0, o0x7f8a6a1d9098;  alias, 0 drivers
v0x55555c03c100_0 .net "INPUT_CLK", 0 0, o0x7f8a6a1d90c8;  alias, 0 drivers
v0x55555c03c1c0_0 .net "LATCH_INPUT_VALUE", 0 0, o0x7f8a6a1d90f8;  alias, 0 drivers
v0x55555c03c280_0 .net "OUTPUT_CLK", 0 0, o0x7f8a6a1d9128;  alias, 0 drivers
v0x55555c03c340_0 .net "OUTPUT_ENABLE", 0 0, o0x7f8a6a1d9158;  alias, 0 drivers
v0x55555c03c400_0 .net "PACKAGE_PIN", 0 0, o0x7f8a6a1d9188;  alias, 0 drivers
o0x7f8a6a1d91b8 .functor BUFZ 1, c4<z>; HiZ drive
; Elide local net with no drivers, v0x55555c03c4c0_0 name=_ivl_0
v0x55555c03c5a0_0 .net *"_ivl_2", 0 0, L_0x55555c08a2e0;  1 drivers
v0x55555c03c660_0 .net "clken_pulled", 0 0, L_0x55555c08a3d0;  1 drivers
v0x55555c03c720_0 .var "clken_pulled_ri", 0 0;
v0x55555c03c7e0_0 .var "clken_pulled_ro", 0 0;
v0x55555c03c8a0_0 .var "din_0", 0 0;
v0x55555c03c960_0 .var "din_1", 0 0;
v0x55555c03cb30_0 .var "din_q_0", 0 0;
v0x55555c03cbf0_0 .var "din_q_1", 0 0;
v0x55555c03ccb0_0 .var "dout", 0 0;
v0x55555c03cd70_0 .var "dout_q_0", 0 0;
v0x55555c03ce30_0 .var "dout_q_1", 0 0;
v0x55555c03cef0_0 .var "outclk_delayed_1", 0 0;
v0x55555c03cfb0_0 .var "outclk_delayed_2", 0 0;
v0x55555c03d070_0 .var "outena_q", 0 0;
E_0x55555c03b7b0 .event anyedge, v0x55555c03cfb0_0, v0x55555c03cd70_0, v0x55555c03ce30_0;
E_0x55555c03b810 .event anyedge, v0x55555c03cef0_0;
E_0x55555c03b870 .event anyedge, v0x55555c03c280_0;
E_0x55555c03b8d0 .event anyedge, v0x55555c03cb30_0, v0x55555c03cbf0_0;
L_0x55555c08a2e0 .cmp/eeq 1, o0x7f8a6a1d8fd8, o0x7f8a6a1d91b8;
S_0x55555c03b960 .scope generate, "genblk1" "genblk1" 8 45, 8 45 0, S_0x55555c03b3f0;
 .timescale -12 -12;
E_0x55555c03bb40 .event posedge, v0x55555c03c280_0;
E_0x55555c03bbc0 .event negedge, v0x55555c03c280_0;
E_0x55555c03bc20 .event negedge, v0x55555c03c100_0;
E_0x55555c03bc80 .event posedge, v0x55555c03c100_0;
S_0x55555bf742a0 .scope module, "SB_HFOSC" "SB_HFOSC" 8 2664;
 .timescale -12 -12;
    .port_info 0 /INPUT 1 "TRIM0";
    .port_info 1 /INPUT 1 "TRIM1";
    .port_info 2 /INPUT 1 "TRIM2";
    .port_info 3 /INPUT 1 "TRIM3";
    .port_info 4 /INPUT 1 "TRIM4";
    .port_info 5 /INPUT 1 "TRIM5";
    .port_info 6 /INPUT 1 "TRIM6";
    .port_info 7 /INPUT 1 "TRIM7";
    .port_info 8 /INPUT 1 "TRIM8";
    .port_info 9 /INPUT 1 "TRIM9";
    .port_info 10 /INPUT 1 "CLKHFPU";
    .port_info 11 /INPUT 1 "CLKHFEN";
    .port_info 12 /OUTPUT 1 "CLKHF";
P_0x55555bf50490 .param/str "CLKHF_DIV" 0 8 2680, "0b00";
P_0x55555bf504d0 .param/str "TRIM_EN" 0 8 2679, "0b0";
o0x7f8a6a1d98a8 .functor BUFZ 1, c4<z>; HiZ drive
v0x55555c03dba0_0 .net "CLKHF", 0 0, o0x7f8a6a1d98a8;  0 drivers
o0x7f8a6a1d98d8 .functor BUFZ 1, c4<z>; HiZ drive
v0x55555c03dc80_0 .net "CLKHFEN", 0 0, o0x7f8a6a1d98d8;  0 drivers
o0x7f8a6a1d9908 .functor BUFZ 1, c4<z>; HiZ drive
v0x55555c03dd40_0 .net "CLKHFPU", 0 0, o0x7f8a6a1d9908;  0 drivers
o0x7f8a6a1d9938 .functor BUFZ 1, c4<z>; HiZ drive
v0x55555c03de10_0 .net "TRIM0", 0 0, o0x7f8a6a1d9938;  0 drivers
o0x7f8a6a1d9968 .functor BUFZ 1, c4<z>; HiZ drive
v0x55555c03ded0_0 .net "TRIM1", 0 0, o0x7f8a6a1d9968;  0 drivers
o0x7f8a6a1d9998 .functor BUFZ 1, c4<z>; HiZ drive
v0x55555c03df90_0 .net "TRIM2", 0 0, o0x7f8a6a1d9998;  0 drivers
o0x7f8a6a1d99c8 .functor BUFZ 1, c4<z>; HiZ drive
v0x55555c03e050_0 .net "TRIM3", 0 0, o0x7f8a6a1d99c8;  0 drivers
o0x7f8a6a1d99f8 .functor BUFZ 1, c4<z>; HiZ drive
v0x55555c03e110_0 .net "TRIM4", 0 0, o0x7f8a6a1d99f8;  0 drivers
o0x7f8a6a1d9a28 .functor BUFZ 1, c4<z>; HiZ drive
v0x55555c03e1d0_0 .net "TRIM5", 0 0, o0x7f8a6a1d9a28;  0 drivers
o0x7f8a6a1d9a58 .functor BUFZ 1, c4<z>; HiZ drive
v0x55555c03e320_0 .net "TRIM6", 0 0, o0x7f8a6a1d9a58;  0 drivers
o0x7f8a6a1d9a88 .functor BUFZ 1, c4<z>; HiZ drive
v0x55555c03e3e0_0 .net "TRIM7", 0 0, o0x7f8a6a1d9a88;  0 drivers
o0x7f8a6a1d9ab8 .functor BUFZ 1, c4<z>; HiZ drive
v0x55555c03e4a0_0 .net "TRIM8", 0 0, o0x7f8a6a1d9ab8;  0 drivers
o0x7f8a6a1d9ae8 .functor BUFZ 1, c4<z>; HiZ drive
v0x55555c03e560_0 .net "TRIM9", 0 0, o0x7f8a6a1d9ae8;  0 drivers
S_0x55555bf71f50 .scope module, "SB_I2C" "SB_I2C" 8 2733;
 .timescale -12 -12;
    .port_info 0 /INPUT 1 "SBCLKI";
    .port_info 1 /INPUT 1 "SBRWI";
    .port_info 2 /INPUT 1 "SBSTBI";
    .port_info 3 /INPUT 1 "SBADRI7";
    .port_info 4 /INPUT 1 "SBADRI6";
    .port_info 5 /INPUT 1 "SBADRI5";
    .port_info 6 /INPUT 1 "SBADRI4";
    .port_info 7 /INPUT 1 "SBADRI3";
    .port_info 8 /INPUT 1 "SBADRI2";
    .port_info 9 /INPUT 1 "SBADRI1";
    .port_info 10 /INPUT 1 "SBADRI0";
    .port_info 11 /INPUT 1 "SBDATI7";
    .port_info 12 /INPUT 1 "SBDATI6";
    .port_info 13 /INPUT 1 "SBDATI5";
    .port_info 14 /INPUT 1 "SBDATI4";
    .port_info 15 /INPUT 1 "SBDATI3";
    .port_info 16 /INPUT 1 "SBDATI2";
    .port_info 17 /INPUT 1 "SBDATI1";
    .port_info 18 /INPUT 1 "SBDATI0";
    .port_info 19 /INPUT 1 "SCLI";
    .port_info 20 /INPUT 1 "SDAI";
    .port_info 21 /OUTPUT 1 "SBDATO7";
    .port_info 22 /OUTPUT 1 "SBDATO6";
    .port_info 23 /OUTPUT 1 "SBDATO5";
    .port_info 24 /OUTPUT 1 "SBDATO4";
    .port_info 25 /OUTPUT 1 "SBDATO3";
    .port_info 26 /OUTPUT 1 "SBDATO2";
    .port_info 27 /OUTPUT 1 "SBDATO1";
    .port_info 28 /OUTPUT 1 "SBDATO0";
    .port_info 29 /OUTPUT 1 "SBACKO";
    .port_info 30 /OUTPUT 1 "I2CIRQ";
    .port_info 31 /OUTPUT 1 "I2CWKUP";
    .port_info 32 /OUTPUT 1 "SCLO";
    .port_info 33 /OUTPUT 1 "SCLOE";
    .port_info 34 /OUTPUT 1 "SDAO";
    .port_info 35 /OUTPUT 1 "SDAOE";
P_0x55555bf5dcb0 .param/str "BUS_ADDR74" 0 8 2772, "0b0001";
P_0x55555bf5dcf0 .param/str "I2C_SLAVE_INIT_ADDR" 0 8 2771, "0b1111100001";
o0x7f8a6a1d9d88 .functor BUFZ 1, c4<z>; HiZ drive
v0x55555c03e830_0 .net "I2CIRQ", 0 0, o0x7f8a6a1d9d88;  0 drivers
o0x7f8a6a1d9db8 .functor BUFZ 1, c4<z>; HiZ drive
v0x55555c03e910_0 .net "I2CWKUP", 0 0, o0x7f8a6a1d9db8;  0 drivers
o0x7f8a6a1d9de8 .functor BUFZ 1, c4<z>; HiZ drive
v0x55555c03e9d0_0 .net "SBACKO", 0 0, o0x7f8a6a1d9de8;  0 drivers
o0x7f8a6a1d9e18 .functor BUFZ 1, c4<z>; HiZ drive
v0x55555c03ea70_0 .net "SBADRI0", 0 0, o0x7f8a6a1d9e18;  0 drivers
o0x7f8a6a1d9e48 .functor BUFZ 1, c4<z>; HiZ drive
v0x55555c03eb30_0 .net "SBADRI1", 0 0, o0x7f8a6a1d9e48;  0 drivers
o0x7f8a6a1d9e78 .functor BUFZ 1, c4<z>; HiZ drive
v0x55555c03ebf0_0 .net "SBADRI2", 0 0, o0x7f8a6a1d9e78;  0 drivers
o0x7f8a6a1d9ea8 .functor BUFZ 1, c4<z>; HiZ drive
v0x55555c03ecb0_0 .net "SBADRI3", 0 0, o0x7f8a6a1d9ea8;  0 drivers
o0x7f8a6a1d9ed8 .functor BUFZ 1, c4<z>; HiZ drive
v0x55555c03ed70_0 .net "SBADRI4", 0 0, o0x7f8a6a1d9ed8;  0 drivers
o0x7f8a6a1d9f08 .functor BUFZ 1, c4<z>; HiZ drive
v0x55555c03ee30_0 .net "SBADRI5", 0 0, o0x7f8a6a1d9f08;  0 drivers
o0x7f8a6a1d9f38 .functor BUFZ 1, c4<z>; HiZ drive
v0x55555c03ef80_0 .net "SBADRI6", 0 0, o0x7f8a6a1d9f38;  0 drivers
o0x7f8a6a1d9f68 .functor BUFZ 1, c4<z>; HiZ drive
v0x55555c03f040_0 .net "SBADRI7", 0 0, o0x7f8a6a1d9f68;  0 drivers
o0x7f8a6a1d9f98 .functor BUFZ 1, c4<z>; HiZ drive
v0x55555c03f100_0 .net "SBCLKI", 0 0, o0x7f8a6a1d9f98;  0 drivers
o0x7f8a6a1d9fc8 .functor BUFZ 1, c4<z>; HiZ drive
v0x55555c03f1c0_0 .net "SBDATI0", 0 0, o0x7f8a6a1d9fc8;  0 drivers
o0x7f8a6a1d9ff8 .functor BUFZ 1, c4<z>; HiZ drive
v0x55555c03f280_0 .net "SBDATI1", 0 0, o0x7f8a6a1d9ff8;  0 drivers
o0x7f8a6a1da028 .functor BUFZ 1, c4<z>; HiZ drive
v0x55555c03f340_0 .net "SBDATI2", 0 0, o0x7f8a6a1da028;  0 drivers
o0x7f8a6a1da058 .functor BUFZ 1, c4<z>; HiZ drive
v0x55555c03f400_0 .net "SBDATI3", 0 0, o0x7f8a6a1da058;  0 drivers
o0x7f8a6a1da088 .functor BUFZ 1, c4<z>; HiZ drive
v0x55555c03f4c0_0 .net "SBDATI4", 0 0, o0x7f8a6a1da088;  0 drivers
o0x7f8a6a1da0b8 .functor BUFZ 1, c4<z>; HiZ drive
v0x55555c03f690_0 .net "SBDATI5", 0 0, o0x7f8a6a1da0b8;  0 drivers
o0x7f8a6a1da0e8 .functor BUFZ 1, c4<z>; HiZ drive
v0x55555c03f750_0 .net "SBDATI6", 0 0, o0x7f8a6a1da0e8;  0 drivers
o0x7f8a6a1da118 .functor BUFZ 1, c4<z>; HiZ drive
v0x55555c03f810_0 .net "SBDATI7", 0 0, o0x7f8a6a1da118;  0 drivers
o0x7f8a6a1da148 .functor BUFZ 1, c4<z>; HiZ drive
v0x55555c03f8d0_0 .net "SBDATO0", 0 0, o0x7f8a6a1da148;  0 drivers
o0x7f8a6a1da178 .functor BUFZ 1, c4<z>; HiZ drive
v0x55555c03f990_0 .net "SBDATO1", 0 0, o0x7f8a6a1da178;  0 drivers
o0x7f8a6a1da1a8 .functor BUFZ 1, c4<z>; HiZ drive
v0x55555c03fa50_0 .net "SBDATO2", 0 0, o0x7f8a6a1da1a8;  0 drivers
o0x7f8a6a1da1d8 .functor BUFZ 1, c4<z>; HiZ drive
v0x55555c03fb10_0 .net "SBDATO3", 0 0, o0x7f8a6a1da1d8;  0 drivers
o0x7f8a6a1da208 .functor BUFZ 1, c4<z>; HiZ drive
v0x55555c03fbd0_0 .net "SBDATO4", 0 0, o0x7f8a6a1da208;  0 drivers
o0x7f8a6a1da238 .functor BUFZ 1, c4<z>; HiZ drive
v0x55555c03fc90_0 .net "SBDATO5", 0 0, o0x7f8a6a1da238;  0 drivers
o0x7f8a6a1da268 .functor BUFZ 1, c4<z>; HiZ drive
v0x55555c03fd50_0 .net "SBDATO6", 0 0, o0x7f8a6a1da268;  0 drivers
o0x7f8a6a1da298 .functor BUFZ 1, c4<z>; HiZ drive
v0x55555c03fe10_0 .net "SBDATO7", 0 0, o0x7f8a6a1da298;  0 drivers
o0x7f8a6a1da2c8 .functor BUFZ 1, c4<z>; HiZ drive
v0x55555c03fed0_0 .net "SBRWI", 0 0, o0x7f8a6a1da2c8;  0 drivers
o0x7f8a6a1da2f8 .functor BUFZ 1, c4<z>; HiZ drive
v0x55555c03ff90_0 .net "SBSTBI", 0 0, o0x7f8a6a1da2f8;  0 drivers
o0x7f8a6a1da328 .functor BUFZ 1, c4<z>; HiZ drive
v0x55555c040050_0 .net "SCLI", 0 0, o0x7f8a6a1da328;  0 drivers
o0x7f8a6a1da358 .functor BUFZ 1, c4<z>; HiZ drive
v0x55555c040110_0 .net "SCLO", 0 0, o0x7f8a6a1da358;  0 drivers
o0x7f8a6a1da388 .functor BUFZ 1, c4<z>; HiZ drive
v0x55555c0401d0_0 .net "SCLOE", 0 0, o0x7f8a6a1da388;  0 drivers
o0x7f8a6a1da3b8 .functor BUFZ 1, c4<z>; HiZ drive
v0x55555c0404a0_0 .net "SDAI", 0 0, o0x7f8a6a1da3b8;  0 drivers
o0x7f8a6a1da3e8 .functor BUFZ 1, c4<z>; HiZ drive
v0x55555c040560_0 .net "SDAO", 0 0, o0x7f8a6a1da3e8;  0 drivers
o0x7f8a6a1da418 .functor BUFZ 1, c4<z>; HiZ drive
v0x55555c040620_0 .net "SDAOE", 0 0, o0x7f8a6a1da418;  0 drivers
S_0x55555bf5dea0 .scope module, "SB_IO_I3C" "SB_IO_I3C" 8 2862;
 .timescale -12 -12;
    .port_info 0 /INOUT 1 "PACKAGE_PIN";
    .port_info 1 /INPUT 1 "LATCH_INPUT_VALUE";
    .port_info 2 /INPUT 1 "CLOCK_ENABLE";
    .port_info 3 /INPUT 1 "INPUT_CLK";
    .port_info 4 /INPUT 1 "OUTPUT_CLK";
    .port_info 5 /INPUT 1 "OUTPUT_ENABLE";
    .port_info 6 /INPUT 1 "D_OUT_0";
    .port_info 7 /INPUT 1 "D_OUT_1";
    .port_info 8 /OUTPUT 1 "D_IN_0";
    .port_info 9 /OUTPUT 1 "D_IN_1";
    .port_info 10 /INPUT 1 "PU_ENB";
    .port_info 11 /INPUT 1 "WEAK_PU_ENB";
P_0x55555c0235c0 .param/str "IO_STANDARD" 0 8 2880, "SB_LVCMOS";
P_0x55555c023600 .param/l "NEG_TRIGGER" 0 8 2879, C4<0>;
P_0x55555c023640 .param/l "PIN_TYPE" 0 8 2876, C4<000000>;
P_0x55555c023680 .param/l "PULLUP" 0 8 2877, C4<0>;
P_0x55555c0236c0 .param/l "WEAK_PULLUP" 0 8 2878, C4<0>;
L_0x55555c08a610 .functor BUFZ 1, v0x55555c0419c0_0, C4<0>, C4<0>, C4<0>;
L_0x55555c08a680 .functor BUFZ 1, v0x55555c041a80_0, C4<0>, C4<0>, C4<0>;
o0x7f8a6a1dab08 .functor BUFZ 1, c4<z>; HiZ drive
v0x55555c041090_0 .net "CLOCK_ENABLE", 0 0, o0x7f8a6a1dab08;  0 drivers
v0x55555c041150_0 .net "D_IN_0", 0 0, L_0x55555c08a610;  1 drivers
v0x55555c041210_0 .net "D_IN_1", 0 0, L_0x55555c08a680;  1 drivers
o0x7f8a6a1dab98 .functor BUFZ 1, c4<z>; HiZ drive
v0x55555c0412b0_0 .net "D_OUT_0", 0 0, o0x7f8a6a1dab98;  0 drivers
o0x7f8a6a1dabc8 .functor BUFZ 1, c4<z>; HiZ drive
v0x55555c041370_0 .net "D_OUT_1", 0 0, o0x7f8a6a1dabc8;  0 drivers
o0x7f8a6a1dabf8 .functor BUFZ 1, c4<z>; HiZ drive
v0x55555c041480_0 .net "INPUT_CLK", 0 0, o0x7f8a6a1dabf8;  0 drivers
o0x7f8a6a1dac28 .functor BUFZ 1, c4<z>; HiZ drive
v0x55555c041540_0 .net "LATCH_INPUT_VALUE", 0 0, o0x7f8a6a1dac28;  0 drivers
o0x7f8a6a1dac58 .functor BUFZ 1, c4<z>; HiZ drive
v0x55555c041600_0 .net "OUTPUT_CLK", 0 0, o0x7f8a6a1dac58;  0 drivers
o0x7f8a6a1dac88 .functor BUFZ 1, c4<z>; HiZ drive
v0x55555c0416c0_0 .net "OUTPUT_ENABLE", 0 0, o0x7f8a6a1dac88;  0 drivers
o0x7f8a6a1dacb8 .functor BUFZ 1, c4<z>; HiZ drive
v0x55555c041780_0 .net "PACKAGE_PIN", 0 0, o0x7f8a6a1dacb8;  0 drivers
o0x7f8a6a1dace8 .functor BUFZ 1, c4<z>; HiZ drive
v0x55555c041840_0 .net "PU_ENB", 0 0, o0x7f8a6a1dace8;  0 drivers
o0x7f8a6a1dad18 .functor BUFZ 1, c4<z>; HiZ drive
v0x55555c041900_0 .net "WEAK_PU_ENB", 0 0, o0x7f8a6a1dad18;  0 drivers
v0x55555c0419c0_0 .var "din_0", 0 0;
v0x55555c041a80_0 .var "din_1", 0 0;
v0x55555c041b40_0 .var "din_q_0", 0 0;
v0x55555c041c00_0 .var "din_q_1", 0 0;
v0x55555c041cc0_0 .var "dout", 0 0;
v0x55555c041d80_0 .var "dout_q_0", 0 0;
v0x55555c041e40_0 .var "dout_q_1", 0 0;
v0x55555c041f00_0 .var "outclk_delayed_1", 0 0;
v0x55555c041fc0_0 .var "outclk_delayed_2", 0 0;
v0x55555c042080_0 .var "outena_q", 0 0;
E_0x55555c040b60 .event anyedge, v0x55555c041fc0_0, v0x55555c041d80_0, v0x55555c041e40_0;
E_0x55555c040be0 .event anyedge, v0x55555c041f00_0;
E_0x55555c040c40 .event anyedge, v0x55555c041600_0;
E_0x55555c040ca0 .event anyedge, v0x55555c041b40_0, v0x55555c041c00_0;
S_0x55555c040d30 .scope generate, "genblk1" "genblk1" 8 2888, 8 2888 0, S_0x55555bf5dea0;
 .timescale -12 -12;
E_0x55555c040ec0 .event posedge, v0x55555c041600_0;
E_0x55555c040f40 .event negedge, v0x55555c041600_0;
E_0x55555c040fa0 .event negedge, v0x55555c041480_0;
E_0x55555c041000 .event posedge, v0x55555c041480_0;
S_0x55555bfcd010 .scope module, "SB_IO_OD" "SB_IO_OD" 8 2931;
 .timescale -12 -12;
    .port_info 0 /INOUT 1 "PACKAGEPIN";
    .port_info 1 /INPUT 1 "LATCHINPUTVALUE";
    .port_info 2 /INPUT 1 "CLOCKENABLE";
    .port_info 3 /INPUT 1 "INPUTCLK";
    .port_info 4 /INPUT 1 "OUTPUTCLK";
    .port_info 5 /INPUT 1 "OUTPUTENABLE";
    .port_info 6 /INPUT 1 "DOUT1";
    .port_info 7 /INPUT 1 "DOUT0";
    .port_info 8 /OUTPUT 1 "DIN1";
    .port_info 9 /OUTPUT 1 "DIN0";
P_0x55555bf5f0f0 .param/l "NEG_TRIGGER" 0 8 2944, C4<0>;
P_0x55555bf5f130 .param/l "PIN_TYPE" 0 8 2943, C4<000000>;
L_0x55555c08a6f0 .functor BUFZ 1, v0x55555c042fa0_0, C4<0>, C4<0>, C4<0>;
L_0x55555c08a760 .functor BUFZ 1, v0x55555c043060_0, C4<0>, C4<0>, C4<0>;
o0x7f8a6a1db168 .functor BUFZ 1, c4<z>; HiZ drive
v0x55555c0427f0_0 .net "CLOCKENABLE", 0 0, o0x7f8a6a1db168;  0 drivers
v0x55555c0428b0_0 .net "DIN0", 0 0, L_0x55555c08a6f0;  1 drivers
v0x55555c042970_0 .net "DIN1", 0 0, L_0x55555c08a760;  1 drivers
o0x7f8a6a1db1f8 .functor BUFZ 1, c4<z>; HiZ drive
v0x55555c042a10_0 .net "DOUT0", 0 0, o0x7f8a6a1db1f8;  0 drivers
o0x7f8a6a1db228 .functor BUFZ 1, c4<z>; HiZ drive
v0x55555c042ad0_0 .net "DOUT1", 0 0, o0x7f8a6a1db228;  0 drivers
o0x7f8a6a1db258 .functor BUFZ 1, c4<z>; HiZ drive
v0x55555c042be0_0 .net "INPUTCLK", 0 0, o0x7f8a6a1db258;  0 drivers
o0x7f8a6a1db288 .functor BUFZ 1, c4<z>; HiZ drive
v0x55555c042ca0_0 .net "LATCHINPUTVALUE", 0 0, o0x7f8a6a1db288;  0 drivers
o0x7f8a6a1db2b8 .functor BUFZ 1, c4<z>; HiZ drive
v0x55555c042d60_0 .net "OUTPUTCLK", 0 0, o0x7f8a6a1db2b8;  0 drivers
o0x7f8a6a1db2e8 .functor BUFZ 1, c4<z>; HiZ drive
v0x55555c042e20_0 .net "OUTPUTENABLE", 0 0, o0x7f8a6a1db2e8;  0 drivers
o0x7f8a6a1db318 .functor BUFZ 1, c4<z>; HiZ drive
v0x55555c042ee0_0 .net "PACKAGEPIN", 0 0, o0x7f8a6a1db318;  0 drivers
v0x55555c042fa0_0 .var "din_0", 0 0;
v0x55555c043060_0 .var "din_1", 0 0;
v0x55555c043120_0 .var "din_q_0", 0 0;
v0x55555c0431e0_0 .var "din_q_1", 0 0;
v0x55555c0432a0_0 .var "dout", 0 0;
v0x55555c043360_0 .var "dout_q_0", 0 0;
v0x55555c043420_0 .var "dout_q_1", 0 0;
v0x55555c0435f0_0 .var "outclk_delayed_1", 0 0;
v0x55555c0436b0_0 .var "outclk_delayed_2", 0 0;
v0x55555c043770_0 .var "outena_q", 0 0;
E_0x55555c0422c0 .event anyedge, v0x55555c0436b0_0, v0x55555c043360_0, v0x55555c043420_0;
E_0x55555c042340 .event anyedge, v0x55555c0435f0_0;
E_0x55555c0423a0 .event anyedge, v0x55555c042d60_0;
E_0x55555c042400 .event anyedge, v0x55555c043120_0, v0x55555c0431e0_0;
S_0x55555c042490 .scope generate, "genblk1" "genblk1" 8 2952, 8 2952 0, S_0x55555bfcd010;
 .timescale -12 -12;
E_0x55555c042620 .event posedge, v0x55555c042d60_0;
E_0x55555c0426a0 .event negedge, v0x55555c042d60_0;
E_0x55555c042700 .event negedge, v0x55555c042be0_0;
E_0x55555c042760 .event posedge, v0x55555c042be0_0;
S_0x55555bfe4fa0 .scope module, "SB_LEDDA_IP" "SB_LEDDA_IP" 8 2830;
 .timescale -12 -12;
    .port_info 0 /INPUT 1 "LEDDCS";
    .port_info 1 /INPUT 1 "LEDDCLK";
    .port_info 2 /INPUT 1 "LEDDDAT7";
    .port_info 3 /INPUT 1 "LEDDDAT6";
    .port_info 4 /INPUT 1 "LEDDDAT5";
    .port_info 5 /INPUT 1 "LEDDDAT4";
    .port_info 6 /INPUT 1 "LEDDDAT3";
    .port_info 7 /INPUT 1 "LEDDDAT2";
    .port_info 8 /INPUT 1 "LEDDDAT1";
    .port_info 9 /INPUT 1 "LEDDDAT0";
    .port_info 10 /INPUT 1 "LEDDADDR3";
    .port_info 11 /INPUT 1 "LEDDADDR2";
    .port_info 12 /INPUT 1 "LEDDADDR1";
    .port_info 13 /INPUT 1 "LEDDADDR0";
    .port_info 14 /INPUT 1 "LEDDDEN";
    .port_info 15 /INPUT 1 "LEDDEXE";
    .port_info 16 /INPUT 1 "LEDDRST";
    .port_info 17 /OUTPUT 1 "PWMOUT0";
    .port_info 18 /OUTPUT 1 "PWMOUT1";
    .port_info 19 /OUTPUT 1 "PWMOUT2";
    .port_info 20 /OUTPUT 1 "LEDDON";
o0x7f8a6a1db708 .functor BUFZ 1, c4<z>; HiZ drive
v0x55555c043970_0 .net "LEDDADDR0", 0 0, o0x7f8a6a1db708;  0 drivers
o0x7f8a6a1db738 .functor BUFZ 1, c4<z>; HiZ drive
v0x55555c043a50_0 .net "LEDDADDR1", 0 0, o0x7f8a6a1db738;  0 drivers
o0x7f8a6a1db768 .functor BUFZ 1, c4<z>; HiZ drive
v0x55555c043b10_0 .net "LEDDADDR2", 0 0, o0x7f8a6a1db768;  0 drivers
o0x7f8a6a1db798 .functor BUFZ 1, c4<z>; HiZ drive
v0x55555c043bb0_0 .net "LEDDADDR3", 0 0, o0x7f8a6a1db798;  0 drivers
o0x7f8a6a1db7c8 .functor BUFZ 1, c4<z>; HiZ drive
v0x55555c043c70_0 .net "LEDDCLK", 0 0, o0x7f8a6a1db7c8;  0 drivers
o0x7f8a6a1db7f8 .functor BUFZ 1, c4<z>; HiZ drive
v0x55555c043d30_0 .net "LEDDCS", 0 0, o0x7f8a6a1db7f8;  0 drivers
o0x7f8a6a1db828 .functor BUFZ 1, c4<z>; HiZ drive
v0x55555c043df0_0 .net "LEDDDAT0", 0 0, o0x7f8a6a1db828;  0 drivers
o0x7f8a6a1db858 .functor BUFZ 1, c4<z>; HiZ drive
v0x55555c043eb0_0 .net "LEDDDAT1", 0 0, o0x7f8a6a1db858;  0 drivers
o0x7f8a6a1db888 .functor BUFZ 1, c4<z>; HiZ drive
v0x55555c043f70_0 .net "LEDDDAT2", 0 0, o0x7f8a6a1db888;  0 drivers
o0x7f8a6a1db8b8 .functor BUFZ 1, c4<z>; HiZ drive
v0x55555c044030_0 .net "LEDDDAT3", 0 0, o0x7f8a6a1db8b8;  0 drivers
o0x7f8a6a1db8e8 .functor BUFZ 1, c4<z>; HiZ drive
v0x55555c0440f0_0 .net "LEDDDAT4", 0 0, o0x7f8a6a1db8e8;  0 drivers
o0x7f8a6a1db918 .functor BUFZ 1, c4<z>; HiZ drive
v0x55555c0441b0_0 .net "LEDDDAT5", 0 0, o0x7f8a6a1db918;  0 drivers
o0x7f8a6a1db948 .functor BUFZ 1, c4<z>; HiZ drive
v0x55555c044270_0 .net "LEDDDAT6", 0 0, o0x7f8a6a1db948;  0 drivers
o0x7f8a6a1db978 .functor BUFZ 1, c4<z>; HiZ drive
v0x55555c044330_0 .net "LEDDDAT7", 0 0, o0x7f8a6a1db978;  0 drivers
o0x7f8a6a1db9a8 .functor BUFZ 1, c4<z>; HiZ drive
v0x55555c0443f0_0 .net "LEDDDEN", 0 0, o0x7f8a6a1db9a8;  0 drivers
o0x7f8a6a1db9d8 .functor BUFZ 1, c4<z>; HiZ drive
v0x55555c0444b0_0 .net "LEDDEXE", 0 0, o0x7f8a6a1db9d8;  0 drivers
o0x7f8a6a1dba08 .functor BUFZ 1, c4<z>; HiZ drive
v0x55555c044570_0 .net "LEDDON", 0 0, o0x7f8a6a1dba08;  0 drivers
o0x7f8a6a1dba38 .functor BUFZ 1, c4<z>; HiZ drive
v0x55555c044740_0 .net "LEDDRST", 0 0, o0x7f8a6a1dba38;  0 drivers
o0x7f8a6a1dba68 .functor BUFZ 1, c4<z>; HiZ drive
v0x55555c044800_0 .net "PWMOUT0", 0 0, o0x7f8a6a1dba68;  0 drivers
o0x7f8a6a1dba98 .functor BUFZ 1, c4<z>; HiZ drive
v0x55555c0448c0_0 .net "PWMOUT1", 0 0, o0x7f8a6a1dba98;  0 drivers
o0x7f8a6a1dbac8 .functor BUFZ 1, c4<z>; HiZ drive
v0x55555c044980_0 .net "PWMOUT2", 0 0, o0x7f8a6a1dbac8;  0 drivers
S_0x55555bfe0c70 .scope module, "SB_LED_DRV_CUR" "SB_LED_DRV_CUR" 8 2709;
 .timescale -12 -12;
    .port_info 0 /INPUT 1 "EN";
    .port_info 1 /OUTPUT 1 "LEDPU";
o0x7f8a6a1dbee8 .functor BUFZ 1, c4<z>; HiZ drive
v0x55555c044d90_0 .net "EN", 0 0, o0x7f8a6a1dbee8;  0 drivers
o0x7f8a6a1dbf18 .functor BUFZ 1, c4<z>; HiZ drive
v0x55555c044e70_0 .net "LEDPU", 0 0, o0x7f8a6a1dbf18;  0 drivers
S_0x55555bfceea0 .scope module, "SB_LFOSC" "SB_LFOSC" 8 2684;
 .timescale -12 -12;
    .port_info 0 /INPUT 1 "CLKLFPU";
    .port_info 1 /INPUT 1 "CLKLFEN";
    .port_info 2 /OUTPUT 1 "CLKLF";
o0x7f8a6a1dbfa8 .functor BUFZ 1, c4<z>; HiZ drive
v0x55555c044f90_0 .net "CLKLF", 0 0, o0x7f8a6a1dbfa8;  0 drivers
o0x7f8a6a1dbfd8 .functor BUFZ 1, c4<z>; HiZ drive
v0x55555c045050_0 .net "CLKLFEN", 0 0, o0x7f8a6a1dbfd8;  0 drivers
o0x7f8a6a1dc008 .functor BUFZ 1, c4<z>; HiZ drive
v0x55555c045110_0 .net "CLKLFPU", 0 0, o0x7f8a6a1dc008;  0 drivers
S_0x55555bfdf950 .scope module, "SB_LUT4" "SB_LUT4" 8 177;
 .timescale -12 -12;
    .port_info 0 /OUTPUT 1 "O";
    .port_info 1 /INPUT 1 "I0";
    .port_info 2 /INPUT 1 "I1";
    .port_info 3 /INPUT 1 "I2";
    .port_info 4 /INPUT 1 "I3";
P_0x55555bf5b830 .param/l "LUT_INIT" 0 8 184, C4<0000000000000000>;
o0x7f8a6a1dc0c8 .functor BUFZ 1, c4<z>; HiZ drive
v0x55555c045230_0 .net "I0", 0 0, o0x7f8a6a1dc0c8;  0 drivers
o0x7f8a6a1dc0f8 .functor BUFZ 1, c4<z>; HiZ drive
v0x55555c0452f0_0 .net "I1", 0 0, o0x7f8a6a1dc0f8;  0 drivers
o0x7f8a6a1dc128 .functor BUFZ 1, c4<z>; HiZ drive
v0x55555c0453b0_0 .net "I2", 0 0, o0x7f8a6a1dc128;  0 drivers
o0x7f8a6a1dc158 .functor BUFZ 1, c4<z>; HiZ drive
v0x55555c045480_0 .net "I3", 0 0, o0x7f8a6a1dc158;  0 drivers
v0x55555c045540_0 .net "O", 0 0, L_0x55555c08b1b0;  1 drivers
L_0x7f8a6a186450 .functor BUFT 1, C4<00000000>, C4<0>, C4<0>, C4<0>;
v0x55555c045600_0 .net/2u *"_ivl_0", 7 0, L_0x7f8a6a186450;  1 drivers
v0x55555c0456e0_0 .net *"_ivl_13", 1 0, L_0x55555c08ad00;  1 drivers
v0x55555c0457c0_0 .net *"_ivl_15", 1 0, L_0x55555c08adf0;  1 drivers
v0x55555c0458a0_0 .net *"_ivl_19", 0 0, L_0x55555c08afd0;  1 drivers
L_0x7f8a6a186498 .functor BUFT 1, C4<00000000>, C4<0>, C4<0>, C4<0>;
v0x55555c045980_0 .net/2u *"_ivl_2", 7 0, L_0x7f8a6a186498;  1 drivers
v0x55555c045a60_0 .net *"_ivl_21", 0 0, L_0x55555c08b110;  1 drivers
v0x55555c045b40_0 .net *"_ivl_7", 3 0, L_0x55555c08a9d0;  1 drivers
v0x55555c045c20_0 .net *"_ivl_9", 3 0, L_0x55555c08aac0;  1 drivers
v0x55555c045d00_0 .net "s1", 1 0, L_0x55555c08ae90;  1 drivers
v0x55555c045de0_0 .net "s2", 3 0, L_0x55555c08ab60;  1 drivers
v0x55555c045ec0_0 .net "s3", 7 0, L_0x55555c08a830;  1 drivers
L_0x55555c08a830 .functor MUXZ 8, L_0x7f8a6a186498, L_0x7f8a6a186450, o0x7f8a6a1dc158, C4<>;
L_0x55555c08a9d0 .part L_0x55555c08a830, 4, 4;
L_0x55555c08aac0 .part L_0x55555c08a830, 0, 4;
L_0x55555c08ab60 .functor MUXZ 4, L_0x55555c08aac0, L_0x55555c08a9d0, o0x7f8a6a1dc128, C4<>;
L_0x55555c08ad00 .part L_0x55555c08ab60, 2, 2;
L_0x55555c08adf0 .part L_0x55555c08ab60, 0, 2;
L_0x55555c08ae90 .functor MUXZ 2, L_0x55555c08adf0, L_0x55555c08ad00, o0x7f8a6a1dc0f8, C4<>;
L_0x55555c08afd0 .part L_0x55555c08ae90, 1, 1;
L_0x55555c08b110 .part L_0x55555c08ae90, 0, 1;
L_0x55555c08b1b0 .functor MUXZ 1, L_0x55555c08b110, L_0x55555c08afd0, o0x7f8a6a1dc0c8, C4<>;
S_0x55555bfdaad0 .scope module, "SB_MAC16" "SB_MAC16" 8 2996;
 .timescale -12 -12;
    .port_info 0 /INPUT 1 "CLK";
    .port_info 1 /INPUT 1 "CE";
    .port_info 2 /INPUT 16 "C";
    .port_info 3 /INPUT 16 "A";
    .port_info 4 /INPUT 16 "B";
    .port_info 5 /INPUT 16 "D";
    .port_info 6 /INPUT 1 "AHOLD";
    .port_info 7 /INPUT 1 "BHOLD";
    .port_info 8 /INPUT 1 "CHOLD";
    .port_info 9 /INPUT 1 "DHOLD";
    .port_info 10 /INPUT 1 "IRSTTOP";
    .port_info 11 /INPUT 1 "IRSTBOT";
    .port_info 12 /INPUT 1 "ORSTTOP";
    .port_info 13 /INPUT 1 "ORSTBOT";
    .port_info 14 /INPUT 1 "OLOADTOP";
    .port_info 15 /INPUT 1 "OLOADBOT";
    .port_info 16 /INPUT 1 "ADDSUBTOP";
    .port_info 17 /INPUT 1 "ADDSUBBOT";
    .port_info 18 /INPUT 1 "OHOLDTOP";
    .port_info 19 /INPUT 1 "OHOLDBOT";
    .port_info 20 /INPUT 1 "CI";
    .port_info 21 /INPUT 1 "ACCUMCI";
    .port_info 22 /INPUT 1 "SIGNEXTIN";
    .port_info 23 /OUTPUT 32 "O";
    .port_info 24 /OUTPUT 1 "CO";
    .port_info 25 /OUTPUT 1 "ACCUMCO";
    .port_info 26 /OUTPUT 1 "SIGNEXTOUT";
P_0x55555be0d2b0 .param/l "A_REG" 0 8 3011, C4<0>;
P_0x55555be0d2f0 .param/l "A_SIGNED" 0 8 3027, C4<0>;
P_0x55555be0d330 .param/l "BOTADDSUB_CARRYSELECT" 0 8 3025, C4<00>;
P_0x55555be0d370 .param/l "BOTADDSUB_LOWERINPUT" 0 8 3023, C4<00>;
P_0x55555be0d3b0 .param/l "BOTADDSUB_UPPERINPUT" 0 8 3024, C4<0>;
P_0x55555be0d3f0 .param/l "BOTOUTPUT_SELECT" 0 8 3022, C4<00>;
P_0x55555be0d430 .param/l "BOT_8x8_MULT_REG" 0 8 3015, C4<0>;
P_0x55555be0d470 .param/l "B_REG" 0 8 3012, C4<0>;
P_0x55555be0d4b0 .param/l "B_SIGNED" 0 8 3028, C4<0>;
P_0x55555be0d4f0 .param/l "C_REG" 0 8 3010, C4<0>;
P_0x55555be0d530 .param/l "D_REG" 0 8 3013, C4<0>;
P_0x55555be0d570 .param/l "MODE_8x8" 0 8 3026, C4<0>;
P_0x55555be0d5b0 .param/l "NEG_TRIGGER" 0 8 3009, C4<0>;
P_0x55555be0d5f0 .param/l "PIPELINE_16x16_MULT_REG1" 0 8 3016, C4<0>;
P_0x55555be0d630 .param/l "PIPELINE_16x16_MULT_REG2" 0 8 3017, C4<0>;
P_0x55555be0d670 .param/l "TOPADDSUB_CARRYSELECT" 0 8 3021, C4<00>;
P_0x55555be0d6b0 .param/l "TOPADDSUB_LOWERINPUT" 0 8 3019, C4<00>;
P_0x55555be0d6f0 .param/l "TOPADDSUB_UPPERINPUT" 0 8 3020, C4<0>;
P_0x55555be0d730 .param/l "TOPOUTPUT_SELECT" 0 8 3018, C4<00>;
P_0x55555be0d770 .param/l "TOP_8x8_MULT_REG" 0 8 3014, C4<0>;
o0x7f8a6a1dc7b8 .functor BUFZ 1, c4<z>; HiZ drive
L_0x7f8a6a1864e0 .functor BUFT 1, C4<0>, C4<0>, C4<0>, C4<0>;
L_0x55555c08b2d0 .functor XOR 1, o0x7f8a6a1dc7b8, L_0x7f8a6a1864e0, C4<0>, C4<0>;
o0x7f8a6a1dc6f8 .functor BUFZ 16, c4<zzzzzzzzzzzzzzzz>; HiZ drive
L_0x55555c08b3c0 .functor BUFZ 16, o0x7f8a6a1dc6f8, C4<0000000000000000>, C4<0000000000000000>, C4<0000000000000000>;
o0x7f8a6a1dc4b8 .functor BUFZ 16, c4<zzzzzzzzzzzzzzzz>; HiZ drive
L_0x55555c08b460 .functor BUFZ 16, o0x7f8a6a1dc4b8, C4<0000000000000000>, C4<0000000000000000>, C4<0000000000000000>;
o0x7f8a6a1dc638 .functor BUFZ 16, c4<zzzzzzzzzzzzzzzz>; HiZ drive
L_0x55555c08b530 .functor BUFZ 16, o0x7f8a6a1dc638, C4<0000000000000000>, C4<0000000000000000>, C4<0000000000000000>;
o0x7f8a6a1dc818 .functor BUFZ 16, c4<zzzzzzzzzzzzzzzz>; HiZ drive
L_0x55555c08b630 .functor BUFZ 16, o0x7f8a6a1dc818, C4<0000000000000000>, C4<0000000000000000>, C4<0000000000000000>;
L_0x55555c08c4a0 .functor BUFZ 16, L_0x55555c08c030, C4<0000000000000000>, C4<0000000000000000>, C4<0000000000000000>;
L_0x55555c08c9b0 .functor BUFZ 16, L_0x55555c08c3b0, C4<0000000000000000>, C4<0000000000000000>, C4<0000000000000000>;
L_0x55555c08ca70 .functor BUFZ 16, L_0x55555c08c740, C4<0000000000000000>, C4<0000000000000000>, C4<0000000000000000>;
L_0x55555c08cb80 .functor BUFZ 16, L_0x55555c08c830, C4<0000000000000000>, C4<0000000000000000>, C4<0000000000000000>;
L_0x55555c08d580 .functor BUFZ 32, L_0x55555c08e460, C4<00000000000000000000000000000000>, C4<00000000000000000000000000000000>, C4<00000000000000000000000000000000>;
L_0x55555c08e5f0 .functor BUFZ 16, v0x55555c04dfb0_0, C4<0000000000000000>, C4<0000000000000000>, C4<0000000000000000>;
L_0x55555c08e660 .functor BUFZ 16, L_0x55555c08b460, C4<0000000000000000>, C4<0000000000000000>, C4<0000000000000000>;
L_0x55555c08f050 .functor XOR 17, L_0x55555c08eba0, L_0x55555c08eee0, C4<00000000000000000>, C4<00000000000000000>;
o0x7f8a6a1dc578 .functor BUFZ 1, c4<z>; HiZ drive
L_0x55555c08f200 .functor XOR 1, L_0x55555c08e740, o0x7f8a6a1dc578, C4<0>, C4<0>;
L_0x55555c08e6d0 .functor XOR 16, L_0x55555c08e8f0, L_0x55555c08f4f0, C4<0000000000000000>, C4<0000000000000000>;
L_0x55555c08fa10 .functor BUFZ 16, L_0x55555c08f780, C4<0000000000000000>, C4<0000000000000000>, C4<0000000000000000>;
L_0x55555c08fcd0 .functor BUFZ 16, v0x55555c04e090_0, C4<0000000000000000>, C4<0000000000000000>, C4<0000000000000000>;
L_0x55555c08fde0 .functor BUFZ 16, L_0x55555c08b530, C4<0000000000000000>, C4<0000000000000000>, C4<0000000000000000>;
L_0x55555c090990 .functor XOR 17, L_0x55555c090300, L_0x55555c090690, C4<00000000000000000>, C4<00000000000000000>;
L_0x55555c090b50 .functor XOR 16, L_0x55555c08ff50, L_0x55555c090ef0, C4<0000000000000000>, C4<0000000000000000>;
L_0x55555c0914f0 .functor BUFZ 16, L_0x55555c091080, C4<0000000000000000>, C4<0000000000000000>, C4<0000000000000000>;
v0x55555c046210_0 .net "A", 15 0, o0x7f8a6a1dc4b8;  0 drivers
o0x7f8a6a1dc4e8 .functor BUFZ 1, c4<z>; HiZ drive
v0x55555c0462f0_0 .net "ACCUMCI", 0 0, o0x7f8a6a1dc4e8;  0 drivers
v0x55555c0463b0_0 .net "ACCUMCO", 0 0, L_0x55555c08e740;  1 drivers
o0x7f8a6a1dc548 .functor BUFZ 1, c4<z>; HiZ drive
v0x55555c046450_0 .net "ADDSUBBOT", 0 0, o0x7f8a6a1dc548;  0 drivers
v0x55555c046510_0 .net "ADDSUBTOP", 0 0, o0x7f8a6a1dc578;  0 drivers
o0x7f8a6a1dc5a8 .functor BUFZ 1, c4<z>; HiZ drive
v0x55555c0465d0_0 .net "AHOLD", 0 0, o0x7f8a6a1dc5a8;  0 drivers
v0x55555c046690_0 .net "Ah", 15 0, L_0x55555c08b850;  1 drivers
v0x55555c046770_0 .net "Al", 15 0, L_0x55555c08ba30;  1 drivers
v0x55555c046850_0 .net "B", 15 0, o0x7f8a6a1dc638;  0 drivers
o0x7f8a6a1dc668 .functor BUFZ 1, c4<z>; HiZ drive
v0x55555c0469c0_0 .net "BHOLD", 0 0, o0x7f8a6a1dc668;  0 drivers
v0x55555c046a80_0 .net "Bh", 15 0, L_0x55555c08bcc0;  1 drivers
v0x55555c046b60_0 .net "Bl", 15 0, L_0x55555c08bea0;  1 drivers
v0x55555c046c40_0 .net "C", 15 0, o0x7f8a6a1dc6f8;  0 drivers
o0x7f8a6a1dc728 .functor BUFZ 1, c4<z>; HiZ drive
v0x55555c046d20_0 .net "CE", 0 0, o0x7f8a6a1dc728;  0 drivers
o0x7f8a6a1dc758 .functor BUFZ 1, c4<z>; HiZ drive
v0x55555c046de0_0 .net "CHOLD", 0 0, o0x7f8a6a1dc758;  0 drivers
o0x7f8a6a1dc788 .functor BUFZ 1, c4<z>; HiZ drive
v0x55555c046ea0_0 .net "CI", 0 0, o0x7f8a6a1dc788;  0 drivers
v0x55555c046f60_0 .net "CLK", 0 0, o0x7f8a6a1dc7b8;  0 drivers
v0x55555c047130_0 .net "CO", 0 0, L_0x55555c08f200;  1 drivers
v0x55555c0471f0_0 .net "D", 15 0, o0x7f8a6a1dc818;  0 drivers
o0x7f8a6a1dc848 .functor BUFZ 1, c4<z>; HiZ drive
v0x55555c0472d0_0 .net "DHOLD", 0 0, o0x7f8a6a1dc848;  0 drivers
L_0x7f8a6a186a38 .functor BUFT 1, C4<0>, C4<0>, C4<0>, C4<0>;
v0x55555c047390_0 .net "HCI", 0 0, L_0x7f8a6a186a38;  1 drivers
o0x7f8a6a1dc8a8 .functor BUFZ 1, c4<z>; HiZ drive
v0x55555c047450_0 .net "IRSTBOT", 0 0, o0x7f8a6a1dc8a8;  0 drivers
o0x7f8a6a1dc8d8 .functor BUFZ 1, c4<z>; HiZ drive
v0x55555c047510_0 .net "IRSTTOP", 0 0, o0x7f8a6a1dc8d8;  0 drivers
L_0x7f8a6a186b58 .functor BUFT 1, C4<0>, C4<0>, C4<0>, C4<0>;
v0x55555c0475d0_0 .net "LCI", 0 0, L_0x7f8a6a186b58;  1 drivers
v0x55555c047690_0 .net "LCO", 0 0, L_0x55555c08fe50;  1 drivers
v0x55555c047750_0 .net "O", 31 0, L_0x55555c0915b0;  1 drivers
o0x7f8a6a1dc998 .functor BUFZ 1, c4<z>; HiZ drive
v0x55555c047830_0 .net "OHOLDBOT", 0 0, o0x7f8a6a1dc998;  0 drivers
o0x7f8a6a1dc9c8 .functor BUFZ 1, c4<z>; HiZ drive
v0x55555c0478f0_0 .net "OHOLDTOP", 0 0, o0x7f8a6a1dc9c8;  0 drivers
o0x7f8a6a1dc9f8 .functor BUFZ 1, c4<z>; HiZ drive
v0x55555c0479b0_0 .net "OLOADBOT", 0 0, o0x7f8a6a1dc9f8;  0 drivers
o0x7f8a6a1dca28 .functor BUFZ 1, c4<z>; HiZ drive
v0x55555c047a70_0 .net "OLOADTOP", 0 0, o0x7f8a6a1dca28;  0 drivers
o0x7f8a6a1dca58 .functor BUFZ 1, c4<z>; HiZ drive
v0x55555c047b30_0 .net "ORSTBOT", 0 0, o0x7f8a6a1dca58;  0 drivers
o0x7f8a6a1dca88 .functor BUFZ 1, c4<z>; HiZ drive
v0x55555c047bf0_0 .net "ORSTTOP", 0 0, o0x7f8a6a1dca88;  0 drivers
v0x55555c047cb0_0 .net "Oh", 15 0, L_0x55555c08fa10;  1 drivers
v0x55555c047fa0_0 .net "Ol", 15 0, L_0x55555c0914f0;  1 drivers
o0x7f8a6a1dcb18 .functor BUFZ 1, c4<z>; HiZ drive
v0x55555c048080_0 .net "SIGNEXTIN", 0 0, o0x7f8a6a1dcb18;  0 drivers
v0x55555c048140_0 .net "SIGNEXTOUT", 0 0, L_0x55555c08fad0;  1 drivers
v0x55555c048200_0 .net "XW", 15 0, L_0x55555c08e8f0;  1 drivers
v0x55555c0482e0_0 .net "YZ", 15 0, L_0x55555c08ff50;  1 drivers
v0x55555c0483c0_0 .net/2u *"_ivl_0", 0 0, L_0x7f8a6a1864e0;  1 drivers
v0x55555c0484a0_0 .net *"_ivl_100", 31 0, L_0x55555c08dcf0;  1 drivers
L_0x7f8a6a1868d0 .functor BUFT 1, C4<0000000000000000>, C4<0>, C4<0>, C4<0>;
v0x55555c048580_0 .net *"_ivl_103", 15 0, L_0x7f8a6a1868d0;  1 drivers
v0x55555c048660_0 .net *"_ivl_104", 31 0, L_0x55555c08e220;  1 drivers
v0x55555c048740_0 .net *"_ivl_106", 15 0, L_0x55555c08df20;  1 drivers
L_0x7f8a6a186918 .functor BUFT 1, C4<0000000000000000>, C4<0>, C4<0>, C4<0>;
v0x55555c048820_0 .net *"_ivl_108", 15 0, L_0x7f8a6a186918;  1 drivers
L_0x7f8a6a186528 .functor BUFT 1, C4<00000000>, C4<0>, C4<0>, C4<0>;
v0x55555c048900_0 .net/2u *"_ivl_12", 7 0, L_0x7f8a6a186528;  1 drivers
v0x55555c0489e0_0 .net *"_ivl_121", 16 0, L_0x55555c08e990;  1 drivers
L_0x7f8a6a186960 .functor BUFT 1, C4<0>, C4<0>, C4<0>, C4<0>;
v0x55555c048ac0_0 .net *"_ivl_124", 0 0, L_0x7f8a6a186960;  1 drivers
v0x55555c048ba0_0 .net *"_ivl_125", 16 0, L_0x55555c08eba0;  1 drivers
L_0x7f8a6a1869a8 .functor BUFT 1, C4<0>, C4<0>, C4<0>, C4<0>;
v0x55555c048c80_0 .net *"_ivl_128", 0 0, L_0x7f8a6a1869a8;  1 drivers
v0x55555c048d60_0 .net *"_ivl_130", 15 0, L_0x55555c08ece0;  1 drivers
v0x55555c048e40_0 .net *"_ivl_131", 16 0, L_0x55555c08eee0;  1 drivers
L_0x7f8a6a1869f0 .functor BUFT 1, C4<0>, C4<0>, C4<0>, C4<0>;
v0x55555c048f20_0 .net *"_ivl_134", 0 0, L_0x7f8a6a1869f0;  1 drivers
v0x55555c049000_0 .net *"_ivl_135", 16 0, L_0x55555c08f050;  1 drivers
v0x55555c0490e0_0 .net *"_ivl_137", 16 0, L_0x55555c08f160;  1 drivers
L_0x7f8a6a186d08 .functor BUFT 1, C4<00000000000000000>, C4<0>, C4<0>, C4<0>;
v0x55555c0491c0_0 .net *"_ivl_139", 16 0, L_0x7f8a6a186d08;  1 drivers
v0x55555c0492a0_0 .net *"_ivl_143", 16 0, L_0x55555c08edb0;  1 drivers
v0x55555c049380_0 .net *"_ivl_148", 15 0, L_0x55555c08f4f0;  1 drivers
v0x55555c049460_0 .net *"_ivl_149", 15 0, L_0x55555c08e6d0;  1 drivers
v0x55555c049540_0 .net *"_ivl_15", 7 0, L_0x55555c08b730;  1 drivers
v0x55555c049620_0 .net *"_ivl_168", 16 0, L_0x55555c090190;  1 drivers
L_0x7f8a6a186a80 .functor BUFT 1, C4<0>, C4<0>, C4<0>, C4<0>;
v0x55555c049700_0 .net *"_ivl_171", 0 0, L_0x7f8a6a186a80;  1 drivers
v0x55555c0497e0_0 .net *"_ivl_172", 16 0, L_0x55555c090300;  1 drivers
L_0x7f8a6a186ac8 .functor BUFT 1, C4<0>, C4<0>, C4<0>, C4<0>;
v0x55555c0498c0_0 .net *"_ivl_175", 0 0, L_0x7f8a6a186ac8;  1 drivers
v0x55555c0499a0_0 .net *"_ivl_177", 15 0, L_0x55555c0905c0;  1 drivers
v0x55555c049a80_0 .net *"_ivl_178", 16 0, L_0x55555c090690;  1 drivers
L_0x7f8a6a186570 .functor BUFT 1, C4<00000000>, C4<0>, C4<0>, C4<0>;
v0x55555c049b60_0 .net/2u *"_ivl_18", 7 0, L_0x7f8a6a186570;  1 drivers
L_0x7f8a6a186b10 .functor BUFT 1, C4<0>, C4<0>, C4<0>, C4<0>;
v0x55555c049c40_0 .net *"_ivl_181", 0 0, L_0x7f8a6a186b10;  1 drivers
v0x55555c049d20_0 .net *"_ivl_182", 16 0, L_0x55555c090990;  1 drivers
v0x55555c049e00_0 .net *"_ivl_184", 16 0, L_0x55555c08fd40;  1 drivers
L_0x7f8a6a186d50 .functor BUFT 1, C4<00000000000000000>, C4<0>, C4<0>, C4<0>;
v0x55555c049ee0_0 .net *"_ivl_186", 16 0, L_0x7f8a6a186d50;  1 drivers
v0x55555c049fc0_0 .net *"_ivl_190", 16 0, L_0x55555c090c60;  1 drivers
v0x55555c04a0a0_0 .net *"_ivl_193", 15 0, L_0x55555c090ef0;  1 drivers
v0x55555c04a180_0 .net *"_ivl_194", 15 0, L_0x55555c090b50;  1 drivers
v0x55555c04a260_0 .net *"_ivl_21", 7 0, L_0x55555c08b990;  1 drivers
L_0x7f8a6a1865b8 .functor BUFT 1, C4<00000000>, C4<0>, C4<0>, C4<0>;
v0x55555c04a340_0 .net/2u *"_ivl_24", 7 0, L_0x7f8a6a1865b8;  1 drivers
v0x55555c04a420_0 .net *"_ivl_27", 7 0, L_0x55555c08bbd0;  1 drivers
L_0x7f8a6a186600 .functor BUFT 1, C4<00000000>, C4<0>, C4<0>, C4<0>;
v0x55555c04a500_0 .net/2u *"_ivl_30", 7 0, L_0x7f8a6a186600;  1 drivers
v0x55555c04a5e0_0 .net *"_ivl_33", 7 0, L_0x55555c08be00;  1 drivers
L_0x7f8a6a186648 .functor BUFT 1, C4<00000000>, C4<0>, C4<0>, C4<0>;
v0x55555c04a6c0_0 .net/2u *"_ivl_38", 7 0, L_0x7f8a6a186648;  1 drivers
v0x55555c04a7a0_0 .net *"_ivl_41", 7 0, L_0x55555c08c170;  1 drivers
v0x55555c04a880_0 .net *"_ivl_42", 15 0, L_0x55555c08c2c0;  1 drivers
L_0x7f8a6a186690 .functor BUFT 1, C4<00000000>, C4<0>, C4<0>, C4<0>;
v0x55555c04a960_0 .net/2u *"_ivl_46", 7 0, L_0x7f8a6a186690;  1 drivers
v0x55555c04aa40_0 .net *"_ivl_49", 7 0, L_0x55555c08c510;  1 drivers
v0x55555c04ab20_0 .net *"_ivl_50", 15 0, L_0x55555c08c600;  1 drivers
L_0x7f8a6a1866d8 .functor BUFT 1, C4<00000000>, C4<0>, C4<0>, C4<0>;
v0x55555c04ac00_0 .net/2u *"_ivl_64", 7 0, L_0x7f8a6a1866d8;  1 drivers
L_0x7f8a6a186720 .functor BUFT 1, C4<00000000>, C4<0>, C4<0>, C4<0>;
v0x55555c04ace0_0 .net/2u *"_ivl_68", 7 0, L_0x7f8a6a186720;  1 drivers
v0x55555c04adc0_0 .net *"_ivl_72", 31 0, L_0x55555c08cf60;  1 drivers
L_0x7f8a6a186768 .functor BUFT 1, C4<0000000000000000>, C4<0>, C4<0>, C4<0>;
v0x55555c04aea0_0 .net *"_ivl_75", 15 0, L_0x7f8a6a186768;  1 drivers
v0x55555c04af80_0 .net *"_ivl_76", 31 0, L_0x55555c08d0a0;  1 drivers
L_0x7f8a6a1867b0 .functor BUFT 1, C4<00000000>, C4<0>, C4<0>, C4<0>;
v0x55555c04b060_0 .net *"_ivl_79", 7 0, L_0x7f8a6a1867b0;  1 drivers
v0x55555c04b140_0 .net *"_ivl_80", 31 0, L_0x55555c08d2e0;  1 drivers
v0x55555c04b220_0 .net *"_ivl_82", 23 0, L_0x55555c08cec0;  1 drivers
L_0x7f8a6a1867f8 .functor BUFT 1, C4<00000000>, C4<0>, C4<0>, C4<0>;
v0x55555c04b300_0 .net *"_ivl_84", 7 0, L_0x7f8a6a1867f8;  1 drivers
v0x55555c04b3e0_0 .net *"_ivl_86", 31 0, L_0x55555c08d4e0;  1 drivers
v0x55555c04b4c0_0 .net *"_ivl_88", 31 0, L_0x55555c08d690;  1 drivers
L_0x7f8a6a186840 .functor BUFT 1, C4<00000000>, C4<0>, C4<0>, C4<0>;
v0x55555c04b5a0_0 .net *"_ivl_91", 7 0, L_0x7f8a6a186840;  1 drivers
v0x55555c04b680_0 .net *"_ivl_92", 31 0, L_0x55555c08d990;  1 drivers
v0x55555c04b760_0 .net *"_ivl_94", 23 0, L_0x55555c08d8a0;  1 drivers
L_0x7f8a6a186888 .functor BUFT 1, C4<00000000>, C4<0>, C4<0>, C4<0>;
v0x55555c04b840_0 .net *"_ivl_96", 7 0, L_0x7f8a6a186888;  1 drivers
v0x55555c04b920_0 .net *"_ivl_98", 31 0, L_0x55555c08dbb0;  1 drivers
v0x55555c04ba00_0 .net "clock", 0 0, L_0x55555c08b2d0;  1 drivers
v0x55555c04bac0_0 .net "iA", 15 0, L_0x55555c08b460;  1 drivers
v0x55555c04bba0_0 .net "iB", 15 0, L_0x55555c08b530;  1 drivers
v0x55555c04bc80_0 .net "iC", 15 0, L_0x55555c08b3c0;  1 drivers
v0x55555c04bd60_0 .net "iD", 15 0, L_0x55555c08b630;  1 drivers
v0x55555c04be40_0 .net "iF", 15 0, L_0x55555c08c4a0;  1 drivers
v0x55555c04bf20_0 .net "iG", 15 0, L_0x55555c08cb80;  1 drivers
v0x55555c04c000_0 .net "iH", 31 0, L_0x55555c08d580;  1 drivers
v0x55555c04c0e0_0 .net "iJ", 15 0, L_0x55555c08c9b0;  1 drivers
v0x55555c04c1c0_0 .net "iJ_e", 23 0, L_0x55555c08cd80;  1 drivers
v0x55555c04c2a0_0 .net "iK", 15 0, L_0x55555c08ca70;  1 drivers
v0x55555c04c380_0 .net "iK_e", 23 0, L_0x55555c08cc40;  1 drivers
v0x55555c04c460_0 .net "iL", 31 0, L_0x55555c08e460;  1 drivers
v0x55555c04c540_0 .net "iP", 15 0, L_0x55555c08f780;  1 drivers
v0x55555c04c620_0 .net "iQ", 15 0, v0x55555c04dfb0_0;  1 drivers
v0x55555c04c700_0 .net "iR", 15 0, L_0x55555c091080;  1 drivers
v0x55555c04c7e0_0 .net "iS", 15 0, v0x55555c04e090_0;  1 drivers
v0x55555c04c8c0_0 .net "iW", 15 0, L_0x55555c08e5f0;  1 drivers
v0x55555c04c9a0_0 .net "iX", 15 0, L_0x55555c08e660;  1 drivers
v0x55555c04ca80_0 .net "iY", 15 0, L_0x55555c08fcd0;  1 drivers
v0x55555c04cb60_0 .net "iZ", 15 0, L_0x55555c08fde0;  1 drivers
v0x55555c04cc40_0 .net "p_Ah_Bh", 15 0, L_0x55555c08c030;  1 drivers
v0x55555c04cd20_0 .net "p_Ah_Bl", 15 0, L_0x55555c08c740;  1 drivers
v0x55555c04ce00_0 .net "p_Al_Bh", 15 0, L_0x55555c08c3b0;  1 drivers
v0x55555c04cee0_0 .net "p_Al_Bl", 15 0, L_0x55555c08c830;  1 drivers
v0x55555c04cfc0_0 .var "rA", 15 0;
v0x55555c04d0a0_0 .var "rB", 15 0;
v0x55555c04d180_0 .var "rC", 15 0;
v0x55555c04d260_0 .var "rD", 15 0;
v0x55555c04db50_0 .var "rF", 15 0;
v0x55555c04dc30_0 .var "rG", 15 0;
v0x55555c04dd10_0 .var "rH", 31 0;
v0x55555c04ddf0_0 .var "rJ", 15 0;
v0x55555c04ded0_0 .var "rK", 15 0;
v0x55555c04dfb0_0 .var "rQ", 15 0;
v0x55555c04e090_0 .var "rS", 15 0;
E_0x55555c046040 .event posedge, v0x55555c047b30_0, v0x55555c04ba00_0;
E_0x55555c0460c0 .event posedge, v0x55555c047bf0_0, v0x55555c04ba00_0;
E_0x55555c046120 .event posedge, v0x55555c047450_0, v0x55555c04ba00_0;
E_0x55555c046180 .event posedge, v0x55555c047510_0, v0x55555c04ba00_0;
L_0x55555c08b730 .part L_0x55555c08b460, 8, 8;
L_0x55555c08b850 .concat [ 8 8 0 0], L_0x55555c08b730, L_0x7f8a6a186528;
L_0x55555c08b990 .part L_0x55555c08b460, 0, 8;
L_0x55555c08ba30 .concat [ 8 8 0 0], L_0x55555c08b990, L_0x7f8a6a186570;
L_0x55555c08bbd0 .part L_0x55555c08b530, 8, 8;
L_0x55555c08bcc0 .concat [ 8 8 0 0], L_0x55555c08bbd0, L_0x7f8a6a1865b8;
L_0x55555c08be00 .part L_0x55555c08b530, 0, 8;
L_0x55555c08bea0 .concat [ 8 8 0 0], L_0x55555c08be00, L_0x7f8a6a186600;
L_0x55555c08c030 .arith/mult 16, L_0x55555c08b850, L_0x55555c08bcc0;
L_0x55555c08c170 .part L_0x55555c08ba30, 0, 8;
L_0x55555c08c2c0 .concat [ 8 8 0 0], L_0x55555c08c170, L_0x7f8a6a186648;
L_0x55555c08c3b0 .arith/mult 16, L_0x55555c08c2c0, L_0x55555c08bcc0;
L_0x55555c08c510 .part L_0x55555c08bea0, 0, 8;
L_0x55555c08c600 .concat [ 8 8 0 0], L_0x55555c08c510, L_0x7f8a6a186690;
L_0x55555c08c740 .arith/mult 16, L_0x55555c08b850, L_0x55555c08c600;
L_0x55555c08c830 .arith/mult 16, L_0x55555c08ba30, L_0x55555c08bea0;
L_0x55555c08cc40 .concat [ 16 8 0 0], L_0x55555c08ca70, L_0x7f8a6a1866d8;
L_0x55555c08cd80 .concat [ 16 8 0 0], L_0x55555c08c9b0, L_0x7f8a6a186720;
L_0x55555c08cf60 .concat [ 16 16 0 0], L_0x55555c08cb80, L_0x7f8a6a186768;
L_0x55555c08d0a0 .concat [ 24 8 0 0], L_0x55555c08cc40, L_0x7f8a6a1867b0;
L_0x55555c08cec0 .part L_0x55555c08d0a0, 0, 24;
L_0x55555c08d2e0 .concat [ 8 24 0 0], L_0x7f8a6a1867f8, L_0x55555c08cec0;
L_0x55555c08d4e0 .arith/sum 32, L_0x55555c08cf60, L_0x55555c08d2e0;
L_0x55555c08d690 .concat [ 24 8 0 0], L_0x55555c08cd80, L_0x7f8a6a186840;
L_0x55555c08d8a0 .part L_0x55555c08d690, 0, 24;
L_0x55555c08d990 .concat [ 8 24 0 0], L_0x7f8a6a186888, L_0x55555c08d8a0;
L_0x55555c08dbb0 .arith/sum 32, L_0x55555c08d4e0, L_0x55555c08d990;
L_0x55555c08dcf0 .concat [ 16 16 0 0], L_0x55555c08c4a0, L_0x7f8a6a1868d0;
L_0x55555c08df20 .part L_0x55555c08dcf0, 0, 16;
L_0x55555c08e220 .concat [ 16 16 0 0], L_0x7f8a6a186918, L_0x55555c08df20;
L_0x55555c08e460 .arith/sum 32, L_0x55555c08dbb0, L_0x55555c08e220;
L_0x55555c08e740 .part L_0x55555c08edb0, 16, 1;
L_0x55555c08e8f0 .part L_0x55555c08edb0, 0, 16;
L_0x55555c08e990 .concat [ 16 1 0 0], L_0x55555c08e660, L_0x7f8a6a186960;
L_0x55555c08eba0 .concat [ 16 1 0 0], L_0x55555c08e5f0, L_0x7f8a6a1869a8;
L_0x55555c08ece0 .repeat 16, 16, o0x7f8a6a1dc578;
L_0x55555c08eee0 .concat [ 16 1 0 0], L_0x55555c08ece0, L_0x7f8a6a1869f0;
L_0x55555c08f160 .arith/sum 17, L_0x55555c08e990, L_0x55555c08f050;
L_0x55555c08edb0 .arith/sum 17, L_0x55555c08f160, L_0x7f8a6a186d08;
L_0x55555c08f4f0 .repeat 16, 16, o0x7f8a6a1dc578;
L_0x55555c08f780 .functor MUXZ 16, L_0x55555c08e6d0, L_0x55555c08b3c0, o0x7f8a6a1dca28, C4<>;
L_0x55555c08fad0 .part L_0x55555c08e660, 15, 1;
L_0x55555c08fe50 .part L_0x55555c090c60, 16, 1;
L_0x55555c08ff50 .part L_0x55555c090c60, 0, 16;
L_0x55555c090190 .concat [ 16 1 0 0], L_0x55555c08fde0, L_0x7f8a6a186a80;
L_0x55555c090300 .concat [ 16 1 0 0], L_0x55555c08fcd0, L_0x7f8a6a186ac8;
L_0x55555c0905c0 .repeat 16, 16, o0x7f8a6a1dc548;
L_0x55555c090690 .concat [ 16 1 0 0], L_0x55555c0905c0, L_0x7f8a6a186b10;
L_0x55555c08fd40 .arith/sum 17, L_0x55555c090190, L_0x55555c090990;
L_0x55555c090c60 .arith/sum 17, L_0x55555c08fd40, L_0x7f8a6a186d50;
L_0x55555c090ef0 .repeat 16, 16, o0x7f8a6a1dc548;
L_0x55555c091080 .functor MUXZ 16, L_0x55555c090b50, L_0x55555c08b630, o0x7f8a6a1dc9f8, C4<>;
L_0x55555c0915b0 .concat [ 16 16 0 0], L_0x55555c0914f0, L_0x55555c08fa10;
S_0x55555bfca1b0 .scope module, "SB_PLL40_2F_CORE" "SB_PLL40_2F_CORE" 8 2521;
 .timescale -12 -12;
    .port_info 0 /INPUT 1 "REFERENCECLK";
    .port_info 1 /OUTPUT 1 "PLLOUTCOREA";
    .port_info 2 /OUTPUT 1 "PLLOUTGLOBALA";
    .port_info 3 /OUTPUT 1 "PLLOUTCOREB";
    .port_info 4 /OUTPUT 1 "PLLOUTGLOBALB";
    .port_info 5 /INPUT 1 "EXTFEEDBACK";
    .port_info 6 /INPUT 8 "DYNAMICDELAY";
    .port_info 7 /OUTPUT 1 "LOCK";
    .port_info 8 /INPUT 1 "BYPASS";
    .port_info 9 /INPUT 1 "RESETB";
    .port_info 10 /INPUT 1 "LATCHINPUTVALUE";
    .port_info 11 /OUTPUT 1 "SDO";
    .port_info 12 /INPUT 1 "SDI";
    .port_info 13 /INPUT 1 "SCLK";
P_0x55555be68900 .param/str "DELAY_ADJUSTMENT_MODE_FEEDBACK" 0 8 2538, "FIXED";
P_0x55555be68940 .param/str "DELAY_ADJUSTMENT_MODE_RELATIVE" 0 8 2539, "FIXED";
P_0x55555be68980 .param/l "DIVF" 0 8 2546, C4<0000000>;
P_0x55555be689c0 .param/l "DIVQ" 0 8 2547, C4<000>;
P_0x55555be68a00 .param/l "DIVR" 0 8 2545, C4<0000>;
P_0x55555be68a40 .param/l "ENABLE_ICEGATE_PORTA" 0 8 2549, C4<0>;
P_0x55555be68a80 .param/l "ENABLE_ICEGATE_PORTB" 0 8 2550, C4<0>;
P_0x55555be68ac0 .param/l "EXTERNAL_DIVIDE_FACTOR" 0 8 2552, +C4<00000000000000000000000000000001>;
P_0x55555be68b00 .param/l "FDA_FEEDBACK" 0 8 2541, C4<0000>;
P_0x55555be68b40 .param/l "FDA_RELATIVE" 0 8 2542, C4<0000>;
P_0x55555be68b80 .param/str "FEEDBACK_PATH" 0 8 2537, "SIMPLE";
P_0x55555be68bc0 .param/l "FILTER_RANGE" 0 8 2548, C4<000>;
P_0x55555be68c00 .param/str "PLLOUT_SELECT_PORTA" 0 8 2543, "GENCLK";
P_0x55555be68c40 .param/str "PLLOUT_SELECT_PORTB" 0 8 2544, "GENCLK";
P_0x55555be68c80 .param/l "SHIFTREG_DIV_MODE" 0 8 2540, C4<0>;
P_0x55555be68cc0 .param/l "TEST_MODE" 0 8 2551, C4<0>;
o0x7f8a6a1de348 .functor BUFZ 1, c4<z>; HiZ drive
v0x55555c04e5b0_0 .net "BYPASS", 0 0, o0x7f8a6a1de348;  0 drivers
o0x7f8a6a1de378 .functor BUFZ 8, c4<zzzzzzzz>; HiZ drive
v0x55555c04e690_0 .net "DYNAMICDELAY", 7 0, o0x7f8a6a1de378;  0 drivers
o0x7f8a6a1de3a8 .functor BUFZ 1, c4<z>; HiZ drive
v0x55555c04e770_0 .net "EXTFEEDBACK", 0 0, o0x7f8a6a1de3a8;  0 drivers
o0x7f8a6a1de3d8 .functor BUFZ 1, c4<z>; HiZ drive
v0x55555c04e810_0 .net "LATCHINPUTVALUE", 0 0, o0x7f8a6a1de3d8;  0 drivers
o0x7f8a6a1de408 .functor BUFZ 1, c4<z>; HiZ drive
v0x55555c04e8d0_0 .net "LOCK", 0 0, o0x7f8a6a1de408;  0 drivers
o0x7f8a6a1de438 .functor BUFZ 1, c4<z>; HiZ drive
v0x55555c04e990_0 .net "PLLOUTCOREA", 0 0, o0x7f8a6a1de438;  0 drivers
o0x7f8a6a1de468 .functor BUFZ 1, c4<z>; HiZ drive
v0x55555c04ea50_0 .net "PLLOUTCOREB", 0 0, o0x7f8a6a1de468;  0 drivers
o0x7f8a6a1de498 .functor BUFZ 1, c4<z>; HiZ drive
v0x55555c04eb10_0 .net "PLLOUTGLOBALA", 0 0, o0x7f8a6a1de498;  0 drivers
o0x7f8a6a1de4c8 .functor BUFZ 1, c4<z>; HiZ drive
v0x55555c04ebd0_0 .net "PLLOUTGLOBALB", 0 0, o0x7f8a6a1de4c8;  0 drivers
o0x7f8a6a1de4f8 .functor BUFZ 1, c4<z>; HiZ drive
v0x55555c04ec90_0 .net "REFERENCECLK", 0 0, o0x7f8a6a1de4f8;  0 drivers
o0x7f8a6a1de528 .functor BUFZ 1, c4<z>; HiZ drive
v0x55555c04ed50_0 .net "RESETB", 0 0, o0x7f8a6a1de528;  0 drivers
o0x7f8a6a1de558 .functor BUFZ 1, c4<z>; HiZ drive
v0x55555c04ee10_0 .net "SCLK", 0 0, o0x7f8a6a1de558;  0 drivers
o0x7f8a6a1de588 .functor BUFZ 1, c4<z>; HiZ drive
v0x55555c04eed0_0 .net "SDI", 0 0, o0x7f8a6a1de588;  0 drivers
o0x7f8a6a1de5b8 .functor BUFZ 1, c4<z>; HiZ drive
v0x55555c04ef90_0 .net "SDO", 0 0, o0x7f8a6a1de5b8;  0 drivers
S_0x55555bfcc8a0 .scope module, "SB_PLL40_2F_PAD" "SB_PLL40_2F_PAD" 8 2556;
 .timescale -12 -12;
    .port_info 0 /INPUT 1 "PACKAGEPIN";
    .port_info 1 /OUTPUT 1 "PLLOUTCOREA";
    .port_info 2 /OUTPUT 1 "PLLOUTGLOBALA";
    .port_info 3 /OUTPUT 1 "PLLOUTCOREB";
    .port_info 4 /OUTPUT 1 "PLLOUTGLOBALB";
    .port_info 5 /INPUT 1 "EXTFEEDBACK";
    .port_info 6 /INPUT 8 "DYNAMICDELAY";
    .port_info 7 /OUTPUT 1 "LOCK";
    .port_info 8 /INPUT 1 "BYPASS";
    .port_info 9 /INPUT 1 "RESETB";
    .port_info 10 /INPUT 1 "LATCHINPUTVALUE";
    .port_info 11 /OUTPUT 1 "SDO";
    .port_info 12 /INPUT 1 "SDI";
    .port_info 13 /INPUT 1 "SCLK";
P_0x55555bdce600 .param/str "DELAY_ADJUSTMENT_MODE_FEEDBACK" 0 8 2573, "FIXED";
P_0x55555bdce640 .param/str "DELAY_ADJUSTMENT_MODE_RELATIVE" 0 8 2574, "FIXED";
P_0x55555bdce680 .param/l "DIVF" 0 8 2581, C4<0000000>;
P_0x55555bdce6c0 .param/l "DIVQ" 0 8 2582, C4<000>;
P_0x55555bdce700 .param/l "DIVR" 0 8 2580, C4<0000>;
P_0x55555bdce740 .param/l "ENABLE_ICEGATE_PORTA" 0 8 2584, C4<0>;
P_0x55555bdce780 .param/l "ENABLE_ICEGATE_PORTB" 0 8 2585, C4<0>;
P_0x55555bdce7c0 .param/l "EXTERNAL_DIVIDE_FACTOR" 0 8 2587, +C4<00000000000000000000000000000001>;
P_0x55555bdce800 .param/l "FDA_FEEDBACK" 0 8 2576, C4<0000>;
P_0x55555bdce840 .param/l "FDA_RELATIVE" 0 8 2577, C4<0000>;
P_0x55555bdce880 .param/str "FEEDBACK_PATH" 0 8 2572, "SIMPLE";
P_0x55555bdce8c0 .param/l "FILTER_RANGE" 0 8 2583, C4<000>;
P_0x55555bdce900 .param/str "PLLOUT_SELECT_PORTA" 0 8 2578, "GENCLK";
P_0x55555bdce940 .param/str "PLLOUT_SELECT_PORTB" 0 8 2579, "GENCLK";
P_0x55555bdce980 .param/l "SHIFTREG_DIV_MODE" 0 8 2575, C4<00>;
P_0x55555bdce9c0 .param/l "TEST_MODE" 0 8 2586, C4<0>;
o0x7f8a6a1de888 .functor BUFZ 1, c4<z>; HiZ drive
v0x55555c04f210_0 .net "BYPASS", 0 0, o0x7f8a6a1de888;  0 drivers
o0x7f8a6a1de8b8 .functor BUFZ 8, c4<zzzzzzzz>; HiZ drive
v0x55555c04f2f0_0 .net "DYNAMICDELAY", 7 0, o0x7f8a6a1de8b8;  0 drivers
o0x7f8a6a1de8e8 .functor BUFZ 1, c4<z>; HiZ drive
v0x55555c04f3d0_0 .net "EXTFEEDBACK", 0 0, o0x7f8a6a1de8e8;  0 drivers
o0x7f8a6a1de918 .functor BUFZ 1, c4<z>; HiZ drive
v0x55555c04f470_0 .net "LATCHINPUTVALUE", 0 0, o0x7f8a6a1de918;  0 drivers
o0x7f8a6a1de948 .functor BUFZ 1, c4<z>; HiZ drive
v0x55555c04f530_0 .net "LOCK", 0 0, o0x7f8a6a1de948;  0 drivers
o0x7f8a6a1de978 .functor BUFZ 1, c4<z>; HiZ drive
v0x55555c04f5f0_0 .net "PACKAGEPIN", 0 0, o0x7f8a6a1de978;  0 drivers
o0x7f8a6a1de9a8 .functor BUFZ 1, c4<z>; HiZ drive
v0x55555c04f6b0_0 .net "PLLOUTCOREA", 0 0, o0x7f8a6a1de9a8;  0 drivers
o0x7f8a6a1de9d8 .functor BUFZ 1, c4<z>; HiZ drive
v0x55555c04f770_0 .net "PLLOUTCOREB", 0 0, o0x7f8a6a1de9d8;  0 drivers
o0x7f8a6a1dea08 .functor BUFZ 1, c4<z>; HiZ drive
v0x55555c04f830_0 .net "PLLOUTGLOBALA", 0 0, o0x7f8a6a1dea08;  0 drivers
o0x7f8a6a1dea38 .functor BUFZ 1, c4<z>; HiZ drive
v0x55555c04f980_0 .net "PLLOUTGLOBALB", 0 0, o0x7f8a6a1dea38;  0 drivers
o0x7f8a6a1dea68 .functor BUFZ 1, c4<z>; HiZ drive
v0x55555c04fa40_0 .net "RESETB", 0 0, o0x7f8a6a1dea68;  0 drivers
o0x7f8a6a1dea98 .functor BUFZ 1, c4<z>; HiZ drive
v0x55555c04fb00_0 .net "SCLK", 0 0, o0x7f8a6a1dea98;  0 drivers
o0x7f8a6a1deac8 .functor BUFZ 1, c4<z>; HiZ drive
v0x55555c04fbc0_0 .net "SDI", 0 0, o0x7f8a6a1deac8;  0 drivers
o0x7f8a6a1deaf8 .functor BUFZ 1, c4<z>; HiZ drive
v0x55555c04fc80_0 .net "SDO", 0 0, o0x7f8a6a1deaf8;  0 drivers
S_0x55555bfcbb50 .scope module, "SB_PLL40_2_PAD" "SB_PLL40_2_PAD" 8 2487;
 .timescale -12 -12;
    .port_info 0 /INPUT 1 "PACKAGEPIN";
    .port_info 1 /OUTPUT 1 "PLLOUTCOREA";
    .port_info 2 /OUTPUT 1 "PLLOUTGLOBALA";
    .port_info 3 /OUTPUT 1 "PLLOUTCOREB";
    .port_info 4 /OUTPUT 1 "PLLOUTGLOBALB";
    .port_info 5 /INPUT 1 "EXTFEEDBACK";
    .port_info 6 /INPUT 8 "DYNAMICDELAY";
    .port_info 7 /OUTPUT 1 "LOCK";
    .port_info 8 /INPUT 1 "BYPASS";
    .port_info 9 /INPUT 1 "RESETB";
    .port_info 10 /INPUT 1 "LATCHINPUTVALUE";
    .port_info 11 /OUTPUT 1 "SDO";
    .port_info 12 /INPUT 1 "SDI";
    .port_info 13 /INPUT 1 "SCLK";
P_0x55555bd382b0 .param/str "DELAY_ADJUSTMENT_MODE_FEEDBACK" 0 8 2504, "FIXED";
P_0x55555bd382f0 .param/str "DELAY_ADJUSTMENT_MODE_RELATIVE" 0 8 2505, "FIXED";
P_0x55555bd38330 .param/l "DIVF" 0 8 2511, C4<0000000>;
P_0x55555bd38370 .param/l "DIVQ" 0 8 2512, C4<000>;
P_0x55555bd383b0 .param/l "DIVR" 0 8 2510, C4<0000>;
P_0x55555bd383f0 .param/l "ENABLE_ICEGATE_PORTA" 0 8 2514, C4<0>;
P_0x55555bd38430 .param/l "ENABLE_ICEGATE_PORTB" 0 8 2515, C4<0>;
P_0x55555bd38470 .param/l "EXTERNAL_DIVIDE_FACTOR" 0 8 2517, +C4<00000000000000000000000000000001>;
P_0x55555bd384b0 .param/l "FDA_FEEDBACK" 0 8 2507, C4<0000>;
P_0x55555bd384f0 .param/l "FDA_RELATIVE" 0 8 2508, C4<0000>;
P_0x55555bd38530 .param/str "FEEDBACK_PATH" 0 8 2503, "SIMPLE";
P_0x55555bd38570 .param/l "FILTER_RANGE" 0 8 2513, C4<000>;
P_0x55555bd385b0 .param/str "PLLOUT_SELECT_PORTB" 0 8 2509, "GENCLK";
P_0x55555bd385f0 .param/l "SHIFTREG_DIV_MODE" 0 8 2506, C4<0>;
P_0x55555bd38630 .param/l "TEST_MODE" 0 8 2516, C4<0>;
o0x7f8a6a1dedc8 .functor BUFZ 1, c4<z>; HiZ drive
v0x55555c04ff00_0 .net "BYPASS", 0 0, o0x7f8a6a1dedc8;  0 drivers
o0x7f8a6a1dedf8 .functor BUFZ 8, c4<zzzzzzzz>; HiZ drive
v0x55555c04ffe0_0 .net "DYNAMICDELAY", 7 0, o0x7f8a6a1dedf8;  0 drivers
o0x7f8a6a1dee28 .functor BUFZ 1, c4<z>; HiZ drive
v0x55555c0500c0_0 .net "EXTFEEDBACK", 0 0, o0x7f8a6a1dee28;  0 drivers
o0x7f8a6a1dee58 .functor BUFZ 1, c4<z>; HiZ drive
v0x55555c050160_0 .net "LATCHINPUTVALUE", 0 0, o0x7f8a6a1dee58;  0 drivers
o0x7f8a6a1dee88 .functor BUFZ 1, c4<z>; HiZ drive
v0x55555c050220_0 .net "LOCK", 0 0, o0x7f8a6a1dee88;  0 drivers
o0x7f8a6a1deeb8 .functor BUFZ 1, c4<z>; HiZ drive
v0x55555c0502e0_0 .net "PACKAGEPIN", 0 0, o0x7f8a6a1deeb8;  0 drivers
o0x7f8a6a1deee8 .functor BUFZ 1, c4<z>; HiZ drive
v0x55555c0503a0_0 .net "PLLOUTCOREA", 0 0, o0x7f8a6a1deee8;  0 drivers
o0x7f8a6a1def18 .functor BUFZ 1, c4<z>; HiZ drive
v0x55555c050460_0 .net "PLLOUTCOREB", 0 0, o0x7f8a6a1def18;  0 drivers
o0x7f8a6a1def48 .functor BUFZ 1, c4<z>; HiZ drive
v0x55555c050520_0 .net "PLLOUTGLOBALA", 0 0, o0x7f8a6a1def48;  0 drivers
o0x7f8a6a1def78 .functor BUFZ 1, c4<z>; HiZ drive
v0x55555c050670_0 .net "PLLOUTGLOBALB", 0 0, o0x7f8a6a1def78;  0 drivers
o0x7f8a6a1defa8 .functor BUFZ 1, c4<z>; HiZ drive
v0x55555c050730_0 .net "RESETB", 0 0, o0x7f8a6a1defa8;  0 drivers
o0x7f8a6a1defd8 .functor BUFZ 1, c4<z>; HiZ drive
v0x55555c0507f0_0 .net "SCLK", 0 0, o0x7f8a6a1defd8;  0 drivers
o0x7f8a6a1df008 .functor BUFZ 1, c4<z>; HiZ drive
v0x55555c0508b0_0 .net "SDI", 0 0, o0x7f8a6a1df008;  0 drivers
o0x7f8a6a1df038 .functor BUFZ 1, c4<z>; HiZ drive
v0x55555c050970_0 .net "SDO", 0 0, o0x7f8a6a1df038;  0 drivers
S_0x55555bfcae80 .scope module, "SB_PLL40_CORE" "SB_PLL40_CORE" 8 2425;
 .timescale -12 -12;
    .port_info 0 /INPUT 1 "REFERENCECLK";
    .port_info 1 /OUTPUT 1 "PLLOUTCORE";
    .port_info 2 /OUTPUT 1 "PLLOUTGLOBAL";
    .port_info 3 /INPUT 1 "EXTFEEDBACK";
    .port_info 4 /INPUT 8 "DYNAMICDELAY";
    .port_info 5 /OUTPUT 1 "LOCK";
    .port_info 6 /INPUT 1 "BYPASS";
    .port_info 7 /INPUT 1 "RESETB";
    .port_info 8 /INPUT 1 "LATCHINPUTVALUE";
    .port_info 9 /OUTPUT 1 "SDO";
    .port_info 10 /INPUT 1 "SDI";
    .port_info 11 /INPUT 1 "SCLK";
P_0x55555be4bb90 .param/str "DELAY_ADJUSTMENT_MODE_FEEDBACK" 0 8 2440, "FIXED";
P_0x55555be4bbd0 .param/str "DELAY_ADJUSTMENT_MODE_RELATIVE" 0 8 2441, "FIXED";
P_0x55555be4bc10 .param/l "DIVF" 0 8 2447, C4<0000000>;
P_0x55555be4bc50 .param/l "DIVQ" 0 8 2448, C4<000>;
P_0x55555be4bc90 .param/l "DIVR" 0 8 2446, C4<0000>;
P_0x55555be4bcd0 .param/l "ENABLE_ICEGATE" 0 8 2450, C4<0>;
P_0x55555be4bd10 .param/l "EXTERNAL_DIVIDE_FACTOR" 0 8 2452, +C4<00000000000000000000000000000001>;
P_0x55555be4bd50 .param/l "FDA_FEEDBACK" 0 8 2443, C4<0000>;
P_0x55555be4bd90 .param/l "FDA_RELATIVE" 0 8 2444, C4<0000>;
P_0x55555be4bdd0 .param/str "FEEDBACK_PATH" 0 8 2439, "SIMPLE";
P_0x55555be4be10 .param/l "FILTER_RANGE" 0 8 2449, C4<000>;
P_0x55555be4be50 .param/str "PLLOUT_SELECT" 0 8 2445, "GENCLK";
P_0x55555be4be90 .param/l "SHIFTREG_DIV_MODE" 0 8 2442, C4<0>;
P_0x55555be4bed0 .param/l "TEST_MODE" 0 8 2451, C4<0>;
o0x7f8a6a1df308 .functor BUFZ 1, c4<z>; HiZ drive
v0x55555c050bf0_0 .net "BYPASS", 0 0, o0x7f8a6a1df308;  0 drivers
o0x7f8a6a1df338 .functor BUFZ 8, c4<zzzzzzzz>; HiZ drive
v0x55555c050cd0_0 .net "DYNAMICDELAY", 7 0, o0x7f8a6a1df338;  0 drivers
o0x7f8a6a1df368 .functor BUFZ 1, c4<z>; HiZ drive
v0x55555c050db0_0 .net "EXTFEEDBACK", 0 0, o0x7f8a6a1df368;  0 drivers
o0x7f8a6a1df398 .functor BUFZ 1, c4<z>; HiZ drive
v0x55555c050e50_0 .net "LATCHINPUTVALUE", 0 0, o0x7f8a6a1df398;  0 drivers
o0x7f8a6a1df3c8 .functor BUFZ 1, c4<z>; HiZ drive
v0x55555c050f10_0 .net "LOCK", 0 0, o0x7f8a6a1df3c8;  0 drivers
o0x7f8a6a1df3f8 .functor BUFZ 1, c4<z>; HiZ drive
v0x55555c050fd0_0 .net "PLLOUTCORE", 0 0, o0x7f8a6a1df3f8;  0 drivers
o0x7f8a6a1df428 .functor BUFZ 1, c4<z>; HiZ drive
v0x55555c051090_0 .net "PLLOUTGLOBAL", 0 0, o0x7f8a6a1df428;  0 drivers
o0x7f8a6a1df458 .functor BUFZ 1, c4<z>; HiZ drive
v0x55555c051150_0 .net "REFERENCECLK", 0 0, o0x7f8a6a1df458;  0 drivers
o0x7f8a6a1df488 .functor BUFZ 1, c4<z>; HiZ drive
v0x55555c051210_0 .net "RESETB", 0 0, o0x7f8a6a1df488;  0 drivers
o0x7f8a6a1df4b8 .functor BUFZ 1, c4<z>; HiZ drive
v0x55555c051360_0 .net "SCLK", 0 0, o0x7f8a6a1df4b8;  0 drivers
o0x7f8a6a1df4e8 .functor BUFZ 1, c4<z>; HiZ drive
v0x55555c051420_0 .net "SDI", 0 0, o0x7f8a6a1df4e8;  0 drivers
o0x7f8a6a1df518 .functor BUFZ 1, c4<z>; HiZ drive
v0x55555c0514e0_0 .net "SDO", 0 0, o0x7f8a6a1df518;  0 drivers
S_0x55555bfa5f70 .scope module, "SB_PLL40_PAD" "SB_PLL40_PAD" 8 2456;
 .timescale -12 -12;
    .port_info 0 /INPUT 1 "PACKAGEPIN";
    .port_info 1 /OUTPUT 1 "PLLOUTCORE";
    .port_info 2 /OUTPUT 1 "PLLOUTGLOBAL";
    .port_info 3 /INPUT 1 "EXTFEEDBACK";
    .port_info 4 /INPUT 8 "DYNAMICDELAY";
    .port_info 5 /OUTPUT 1 "LOCK";
    .port_info 6 /INPUT 1 "BYPASS";
    .port_info 7 /INPUT 1 "RESETB";
    .port_info 8 /INPUT 1 "LATCHINPUTVALUE";
    .port_info 9 /OUTPUT 1 "SDO";
    .port_info 10 /INPUT 1 "SDI";
    .port_info 11 /INPUT 1 "SCLK";
P_0x55555be6c590 .param/str "DELAY_ADJUSTMENT_MODE_FEEDBACK" 0 8 2471, "FIXED";
P_0x55555be6c5d0 .param/str "DELAY_ADJUSTMENT_MODE_RELATIVE" 0 8 2472, "FIXED";
P_0x55555be6c610 .param/l "DIVF" 0 8 2478, C4<0000000>;
P_0x55555be6c650 .param/l "DIVQ" 0 8 2479, C4<000>;
P_0x55555be6c690 .param/l "DIVR" 0 8 2477, C4<0000>;
P_0x55555be6c6d0 .param/l "ENABLE_ICEGATE" 0 8 2481, C4<0>;
P_0x55555be6c710 .param/l "EXTERNAL_DIVIDE_FACTOR" 0 8 2483, +C4<00000000000000000000000000000001>;
P_0x55555be6c750 .param/l "FDA_FEEDBACK" 0 8 2474, C4<0000>;
P_0x55555be6c790 .param/l "FDA_RELATIVE" 0 8 2475, C4<0000>;
P_0x55555be6c7d0 .param/str "FEEDBACK_PATH" 0 8 2470, "SIMPLE";
P_0x55555be6c810 .param/l "FILTER_RANGE" 0 8 2480, C4<000>;
P_0x55555be6c850 .param/str "PLLOUT_SELECT" 0 8 2476, "GENCLK";
P_0x55555be6c890 .param/l "SHIFTREG_DIV_MODE" 0 8 2473, C4<0>;
P_0x55555be6c8d0 .param/l "TEST_MODE" 0 8 2482, C4<0>;
o0x7f8a6a1df788 .functor BUFZ 1, c4<z>; HiZ drive
v0x55555c051790_0 .net "BYPASS", 0 0, o0x7f8a6a1df788;  0 drivers
o0x7f8a6a1df7b8 .functor BUFZ 8, c4<zzzzzzzz>; HiZ drive
v0x55555c051870_0 .net "DYNAMICDELAY", 7 0, o0x7f8a6a1df7b8;  0 drivers
o0x7f8a6a1df7e8 .functor BUFZ 1, c4<z>; HiZ drive
v0x55555c051950_0 .net "EXTFEEDBACK", 0 0, o0x7f8a6a1df7e8;  0 drivers
o0x7f8a6a1df818 .functor BUFZ 1, c4<z>; HiZ drive
v0x55555c0519f0_0 .net "LATCHINPUTVALUE", 0 0, o0x7f8a6a1df818;  0 drivers
o0x7f8a6a1df848 .functor BUFZ 1, c4<z>; HiZ drive
v0x55555c051ab0_0 .net "LOCK", 0 0, o0x7f8a6a1df848;  0 drivers
o0x7f8a6a1df878 .functor BUFZ 1, c4<z>; HiZ drive
v0x55555c051b70_0 .net "PACKAGEPIN", 0 0, o0x7f8a6a1df878;  0 drivers
o0x7f8a6a1df8a8 .functor BUFZ 1, c4<z>; HiZ drive
v0x55555c051c30_0 .net "PLLOUTCORE", 0 0, o0x7f8a6a1df8a8;  0 drivers
o0x7f8a6a1df8d8 .functor BUFZ 1, c4<z>; HiZ drive
v0x55555c051cf0_0 .net "PLLOUTGLOBAL", 0 0, o0x7f8a6a1df8d8;  0 drivers
o0x7f8a6a1df908 .functor BUFZ 1, c4<z>; HiZ drive
v0x55555c051db0_0 .net "RESETB", 0 0, o0x7f8a6a1df908;  0 drivers
o0x7f8a6a1df938 .functor BUFZ 1, c4<z>; HiZ drive
v0x55555c051f00_0 .net "SCLK", 0 0, o0x7f8a6a1df938;  0 drivers
o0x7f8a6a1df968 .functor BUFZ 1, c4<z>; HiZ drive
v0x55555c051fc0_0 .net "SDI", 0 0, o0x7f8a6a1df968;  0 drivers
o0x7f8a6a1df998 .functor BUFZ 1, c4<z>; HiZ drive
v0x55555c052080_0 .net "SDO", 0 0, o0x7f8a6a1df998;  0 drivers
S_0x55555bf8f150 .scope module, "SB_RAM40_4KNR" "SB_RAM40_4KNR" 8 1726;
 .timescale -12 -12;
    .port_info 0 /OUTPUT 16 "RDATA";
    .port_info 1 /INPUT 1 "RCLKN";
    .port_info 2 /INPUT 1 "RCLKE";
    .port_info 3 /INPUT 1 "RE";
    .port_info 4 /INPUT 11 "RADDR";
    .port_info 5 /INPUT 1 "WCLK";
    .port_info 6 /INPUT 1 "WCLKE";
    .port_info 7 /INPUT 1 "WE";
    .port_info 8 /INPUT 11 "WADDR";
    .port_info 9 /INPUT 16 "MASK";
    .port_info 10 /INPUT 16 "WDATA";
P_0x55555be6b460 .param/l "INIT_0" 0 8 1742, C4<0000000000000000000000000000000000000000000000000000000000000000000000000000000000000000000000000000000000000000000000000000000000000000000000000000000000000000000000000000000000000000000000000000000000000000000000000000000000000000000000000000000000000000>;
P_0x55555be6b4a0 .param/l "INIT_1" 0 8 1743, C4<0000000000000000000000000000000000000000000000000000000000000000000000000000000000000000000000000000000000000000000000000000000000000000000000000000000000000000000000000000000000000000000000000000000000000000000000000000000000000000000000000000000000000000>;
P_0x55555be6b4e0 .param/l "INIT_2" 0 8 1744, C4<0000000000000000000000000000000000000000000000000000000000000000000000000000000000000000000000000000000000000000000000000000000000000000000000000000000000000000000000000000000000000000000000000000000000000000000000000000000000000000000000000000000000000000>;
P_0x55555be6b520 .param/l "INIT_3" 0 8 1745, C4<0000000000000000000000000000000000000000000000000000000000000000000000000000000000000000000000000000000000000000000000000000000000000000000000000000000000000000000000000000000000000000000000000000000000000000000000000000000000000000000000000000000000000000>;
P_0x55555be6b560 .param/l "INIT_4" 0 8 1746, C4<0000000000000000000000000000000000000000000000000000000000000000000000000000000000000000000000000000000000000000000000000000000000000000000000000000000000000000000000000000000000000000000000000000000000000000000000000000000000000000000000000000000000000000>;
P_0x55555be6b5a0 .param/l "INIT_5" 0 8 1747, C4<0000000000000000000000000000000000000000000000000000000000000000000000000000000000000000000000000000000000000000000000000000000000000000000000000000000000000000000000000000000000000000000000000000000000000000000000000000000000000000000000000000000000000000>;
P_0x55555be6b5e0 .param/l "INIT_6" 0 8 1748, C4<0000000000000000000000000000000000000000000000000000000000000000000000000000000000000000000000000000000000000000000000000000000000000000000000000000000000000000000000000000000000000000000000000000000000000000000000000000000000000000000000000000000000000000>;
P_0x55555be6b620 .param/l "INIT_7" 0 8 1749, C4<0000000000000000000000000000000000000000000000000000000000000000000000000000000000000000000000000000000000000000000000000000000000000000000000000000000000000000000000000000000000000000000000000000000000000000000000000000000000000000000000000000000000000000>;
P_0x55555be6b660 .param/l "INIT_8" 0 8 1750, C4<0000000000000000000000000000000000000000000000000000000000000000000000000000000000000000000000000000000000000000000000000000000000000000000000000000000000000000000000000000000000000000000000000000000000000000000000000000000000000000000000000000000000000000>;
P_0x55555be6b6a0 .param/l "INIT_9" 0 8 1751, C4<0000000000000000000000000000000000000000000000000000000000000000000000000000000000000000000000000000000000000000000000000000000000000000000000000000000000000000000000000000000000000000000000000000000000000000000000000000000000000000000000000000000000000000>;
P_0x55555be6b6e0 .param/l "INIT_A" 0 8 1752, C4<0000000000000000000000000000000000000000000000000000000000000000000000000000000000000000000000000000000000000000000000000000000000000000000000000000000000000000000000000000000000000000000000000000000000000000000000000000000000000000000000000000000000000000>;
P_0x55555be6b720 .param/l "INIT_B" 0 8 1753, C4<0000000000000000000000000000000000000000000000000000000000000000000000000000000000000000000000000000000000000000000000000000000000000000000000000000000000000000000000000000000000000000000000000000000000000000000000000000000000000000000000000000000000000000>;
P_0x55555be6b760 .param/l "INIT_C" 0 8 1754, C4<0000000000000000000000000000000000000000000000000000000000000000000000000000000000000000000000000000000000000000000000000000000000000000000000000000000000000000000000000000000000000000000000000000000000000000000000000000000000000000000000000000000000000000>;
P_0x55555be6b7a0 .param/l "INIT_D" 0 8 1755, C4<0000000000000000000000000000000000000000000000000000000000000000000000000000000000000000000000000000000000000000000000000000000000000000000000000000000000000000000000000000000000000000000000000000000000000000000000000000000000000000000000000000000000000000>;
P_0x55555be6b7e0 .param/l "INIT_E" 0 8 1756, C4<0000000000000000000000000000000000000000000000000000000000000000000000000000000000000000000000000000000000000000000000000000000000000000000000000000000000000000000000000000000000000000000000000000000000000000000000000000000000000000000000000000000000000000>;
P_0x55555be6b820 .param/l "INIT_F" 0 8 1757, C4<0000000000000000000000000000000000000000000000000000000000000000000000000000000000000000000000000000000000000000000000000000000000000000000000000000000000000000000000000000000000000000000000000000000000000000000000000000000000000000000000000000000000000000>;
P_0x55555be6b860 .param/str "INIT_FILE" 0 8 1759, "\000";
P_0x55555be6b8a0 .param/l "READ_MODE" 0 8 1740, +C4<00000000000000000000000000000000>;
P_0x55555be6b8e0 .param/l "WRITE_MODE" 0 8 1739, +C4<00000000000000000000000000000000>;
o0x7f8a6a1e0118 .functor BUFZ 1, c4<z>; HiZ drive
L_0x55555c091930 .functor NOT 1, o0x7f8a6a1e0118, C4<0>, C4<0>, C4<0>;
o0x7f8a6a1dfc08 .functor BUFZ 16, c4<zzzzzzzzzzzzzzzz>; HiZ drive
v0x55555c055a50_0 .net "MASK", 15 0, o0x7f8a6a1dfc08;  0 drivers
o0x7f8a6a1dfc38 .functor BUFZ 11, c4<zzzzzzzzzzz>; HiZ drive
v0x55555c055b30_0 .net "RADDR", 10 0, o0x7f8a6a1dfc38;  0 drivers
o0x7f8a6a1dfc98 .functor BUFZ 1, c4<z>; HiZ drive
v0x55555c055c00_0 .net "RCLKE", 0 0, o0x7f8a6a1dfc98;  0 drivers
v0x55555c055d00_0 .net "RCLKN", 0 0, o0x7f8a6a1e0118;  0 drivers
v0x55555c055da0_0 .net "RDATA", 15 0, L_0x55555c091870;  1 drivers
o0x7f8a6a1dfd28 .functor BUFZ 1, c4<z>; HiZ drive
v0x55555c055e40_0 .net "RE", 0 0, o0x7f8a6a1dfd28;  0 drivers
o0x7f8a6a1dfd88 .functor BUFZ 11, c4<zzzzzzzzzzz>; HiZ drive
v0x55555c055f10_0 .net "WADDR", 10 0, o0x7f8a6a1dfd88;  0 drivers
o0x7f8a6a1dfdb8 .functor BUFZ 1, c4<z>; HiZ drive
v0x55555c055fe0_0 .net "WCLK", 0 0, o0x7f8a6a1dfdb8;  0 drivers
o0x7f8a6a1dfde8 .functor BUFZ 1, c4<z>; HiZ drive
v0x55555c0560b0_0 .net "WCLKE", 0 0, o0x7f8a6a1dfde8;  0 drivers
o0x7f8a6a1dfe18 .functor BUFZ 16, c4<zzzzzzzzzzzzzzzz>; HiZ drive
v0x55555c056180_0 .net "WDATA", 15 0, o0x7f8a6a1dfe18;  0 drivers
o0x7f8a6a1dfe78 .functor BUFZ 1, c4<z>; HiZ drive
v0x55555c056250_0 .net "WE", 0 0, o0x7f8a6a1dfe78;  0 drivers
S_0x55555c052330 .scope module, "RAM" "SB_RAM40_4K" 8 1781, 8 1487 0, S_0x55555bf8f150;
 .timescale -12 -12;
    .port_info 0 /OUTPUT 16 "RDATA";
    .port_info 1 /INPUT 1 "RCLK";
    .port_info 2 /INPUT 1 "RCLKE";
    .port_info 3 /INPUT 1 "RE";
    .port_info 4 /INPUT 11 "RADDR";
    .port_info 5 /INPUT 1 "WCLK";
    .port_info 6 /INPUT 1 "WCLKE";
    .port_info 7 /INPUT 1 "WE";
    .port_info 8 /INPUT 11 "WADDR";
    .port_info 9 /INPUT 16 "MASK";
    .port_info 10 /INPUT 16 "WDATA";
P_0x55555c0524e0 .param/l "INIT_0" 0 8 1507, C4<0000000000000000000000000000000000000000000000000000000000000000000000000000000000000000000000000000000000000000000000000000000000000000000000000000000000000000000000000000000000000000000000000000000000000000000000000000000000000000000000000000000000000000>;
P_0x55555c052520 .param/l "INIT_1" 0 8 1508, C4<0000000000000000000000000000000000000000000000000000000000000000000000000000000000000000000000000000000000000000000000000000000000000000000000000000000000000000000000000000000000000000000000000000000000000000000000000000000000000000000000000000000000000000>;
P_0x55555c052560 .param/l "INIT_2" 0 8 1509, C4<0000000000000000000000000000000000000000000000000000000000000000000000000000000000000000000000000000000000000000000000000000000000000000000000000000000000000000000000000000000000000000000000000000000000000000000000000000000000000000000000000000000000000000>;
P_0x55555c0525a0 .param/l "INIT_3" 0 8 1510, C4<0000000000000000000000000000000000000000000000000000000000000000000000000000000000000000000000000000000000000000000000000000000000000000000000000000000000000000000000000000000000000000000000000000000000000000000000000000000000000000000000000000000000000000>;
P_0x55555c0525e0 .param/l "INIT_4" 0 8 1511, C4<0000000000000000000000000000000000000000000000000000000000000000000000000000000000000000000000000000000000000000000000000000000000000000000000000000000000000000000000000000000000000000000000000000000000000000000000000000000000000000000000000000000000000000>;
P_0x55555c052620 .param/l "INIT_5" 0 8 1512, C4<0000000000000000000000000000000000000000000000000000000000000000000000000000000000000000000000000000000000000000000000000000000000000000000000000000000000000000000000000000000000000000000000000000000000000000000000000000000000000000000000000000000000000000>;
P_0x55555c052660 .param/l "INIT_6" 0 8 1513, C4<0000000000000000000000000000000000000000000000000000000000000000000000000000000000000000000000000000000000000000000000000000000000000000000000000000000000000000000000000000000000000000000000000000000000000000000000000000000000000000000000000000000000000000>;
P_0x55555c0526a0 .param/l "INIT_7" 0 8 1514, C4<0000000000000000000000000000000000000000000000000000000000000000000000000000000000000000000000000000000000000000000000000000000000000000000000000000000000000000000000000000000000000000000000000000000000000000000000000000000000000000000000000000000000000000>;
P_0x55555c0526e0 .param/l "INIT_8" 0 8 1515, C4<0000000000000000000000000000000000000000000000000000000000000000000000000000000000000000000000000000000000000000000000000000000000000000000000000000000000000000000000000000000000000000000000000000000000000000000000000000000000000000000000000000000000000000>;
P_0x55555c052720 .param/l "INIT_9" 0 8 1516, C4<0000000000000000000000000000000000000000000000000000000000000000000000000000000000000000000000000000000000000000000000000000000000000000000000000000000000000000000000000000000000000000000000000000000000000000000000000000000000000000000000000000000000000000>;
P_0x55555c052760 .param/l "INIT_A" 0 8 1517, C4<0000000000000000000000000000000000000000000000000000000000000000000000000000000000000000000000000000000000000000000000000000000000000000000000000000000000000000000000000000000000000000000000000000000000000000000000000000000000000000000000000000000000000000>;
P_0x55555c0527a0 .param/l "INIT_B" 0 8 1518, C4<0000000000000000000000000000000000000000000000000000000000000000000000000000000000000000000000000000000000000000000000000000000000000000000000000000000000000000000000000000000000000000000000000000000000000000000000000000000000000000000000000000000000000000>;
P_0x55555c0527e0 .param/l "INIT_C" 0 8 1519, C4<0000000000000000000000000000000000000000000000000000000000000000000000000000000000000000000000000000000000000000000000000000000000000000000000000000000000000000000000000000000000000000000000000000000000000000000000000000000000000000000000000000000000000000>;
P_0x55555c052820 .param/l "INIT_D" 0 8 1520, C4<0000000000000000000000000000000000000000000000000000000000000000000000000000000000000000000000000000000000000000000000000000000000000000000000000000000000000000000000000000000000000000000000000000000000000000000000000000000000000000000000000000000000000000>;
P_0x55555c052860 .param/l "INIT_E" 0 8 1521, C4<0000000000000000000000000000000000000000000000000000000000000000000000000000000000000000000000000000000000000000000000000000000000000000000000000000000000000000000000000000000000000000000000000000000000000000000000000000000000000000000000000000000000000000>;
P_0x55555c0528a0 .param/l "INIT_F" 0 8 1522, C4<0000000000000000000000000000000000000000000000000000000000000000000000000000000000000000000000000000000000000000000000000000000000000000000000000000000000000000000000000000000000000000000000000000000000000000000000000000000000000000000000000000000000000000>;
P_0x55555c0528e0 .param/str "INIT_FILE" 0 8 1524, "\000";
P_0x55555c052920 .param/l "READ_MODE" 0 8 1505, +C4<00000000000000000000000000000000>;
P_0x55555c052960 .param/l "WRITE_MODE" 0 8 1504, +C4<00000000000000000000000000000000>;
v0x55555c054940_0 .net "MASK", 15 0, o0x7f8a6a1dfc08;  alias, 0 drivers
v0x55555c054a00_0 .net "RADDR", 10 0, o0x7f8a6a1dfc38;  alias, 0 drivers
v0x55555c054ae0_0 .net "RCLK", 0 0, L_0x55555c091930;  1 drivers
v0x55555c054bb0_0 .net "RCLKE", 0 0, o0x7f8a6a1dfc98;  alias, 0 drivers
v0x55555c054c70_0 .net "RDATA", 15 0, L_0x55555c091870;  alias, 1 drivers
v0x55555c054da0_0 .var "RDATA_I", 15 0;
v0x55555c054e80_0 .net "RE", 0 0, o0x7f8a6a1dfd28;  alias, 0 drivers
L_0x7f8a6a186ba0 .functor BUFT 1, C4<0000000000000000>, C4<0>, C4<0>, C4<0>;
v0x55555c054f40_0 .net "RMASK_I", 15 0, L_0x7f8a6a186ba0;  1 drivers
v0x55555c055020_0 .net "WADDR", 10 0, o0x7f8a6a1dfd88;  alias, 0 drivers
v0x55555c055100_0 .net "WCLK", 0 0, o0x7f8a6a1dfdb8;  alias, 0 drivers
v0x55555c0551c0_0 .net "WCLKE", 0 0, o0x7f8a6a1dfde8;  alias, 0 drivers
v0x55555c055280_0 .net "WDATA", 15 0, o0x7f8a6a1dfe18;  alias, 0 drivers
v0x55555c055360_0 .net "WDATA_I", 15 0, L_0x55555c0917b0;  1 drivers
v0x55555c055440_0 .net "WE", 0 0, o0x7f8a6a1dfe78;  alias, 0 drivers
v0x55555c055500_0 .net "WMASK_I", 15 0, L_0x55555c0916f0;  1 drivers
v0x55555c0555e0_0 .var/i "i", 31 0;
v0x55555c0556c0 .array "memory", 255 0, 15 0;
E_0x55555c054070 .event posedge, v0x55555c054ae0_0;
E_0x55555c0540f0 .event posedge, v0x55555c055100_0;
S_0x55555c054150 .scope generate, "genblk1" "genblk1" 8 1534, 8 1534 0, S_0x55555c052330;
 .timescale -12 -12;
L_0x55555c0916f0 .functor BUFZ 16, o0x7f8a6a1dfc08, C4<0000000000000000>, C4<0000000000000000>, C4<0000000000000000>;
S_0x55555c054350 .scope generate, "genblk2" "genblk2" 8 1555, 8 1555 0, S_0x55555c052330;
 .timescale -12 -12;
S_0x55555c054550 .scope generate, "genblk3" "genblk3" 8 1576, 8 1576 0, S_0x55555c052330;
 .timescale -12 -12;
L_0x55555c0917b0 .functor BUFZ 16, o0x7f8a6a1dfe18, C4<0000000000000000>, C4<0000000000000000>, C4<0000000000000000>;
S_0x55555c054760 .scope generate, "genblk4" "genblk4" 8 1595, 8 1595 0, S_0x55555c052330;
 .timescale -12 -12;
L_0x55555c091870 .functor BUFZ 16, v0x55555c054da0_0, C4<0000000000000000>, C4<0000000000000000>, C4<0000000000000000>;
S_0x55555bf8b2a0 .scope module, "SB_RAM40_4KNRNW" "SB_RAM40_4KNRNW" 8 1998;
 .timescale -12 -12;
    .port_info 0 /OUTPUT 16 "RDATA";
    .port_info 1 /INPUT 1 "RCLKN";
    .port_info 2 /INPUT 1 "RCLKE";
    .port_info 3 /INPUT 1 "RE";
    .port_info 4 /INPUT 11 "RADDR";
    .port_info 5 /INPUT 1 "WCLKN";
    .port_info 6 /INPUT 1 "WCLKE";
    .port_info 7 /INPUT 1 "WE";
    .port_info 8 /INPUT 11 "WADDR";
    .port_info 9 /INPUT 16 "MASK";
    .port_info 10 /INPUT 16 "WDATA";
P_0x55555bdecf50 .param/l "INIT_0" 0 8 2014, C4<0000000000000000000000000000000000000000000000000000000000000000000000000000000000000000000000000000000000000000000000000000000000000000000000000000000000000000000000000000000000000000000000000000000000000000000000000000000000000000000000000000000000000000>;
P_0x55555bdecf90 .param/l "INIT_1" 0 8 2015, C4<0000000000000000000000000000000000000000000000000000000000000000000000000000000000000000000000000000000000000000000000000000000000000000000000000000000000000000000000000000000000000000000000000000000000000000000000000000000000000000000000000000000000000000>;
P_0x55555bdecfd0 .param/l "INIT_2" 0 8 2016, C4<0000000000000000000000000000000000000000000000000000000000000000000000000000000000000000000000000000000000000000000000000000000000000000000000000000000000000000000000000000000000000000000000000000000000000000000000000000000000000000000000000000000000000000>;
P_0x55555bded010 .param/l "INIT_3" 0 8 2017, C4<0000000000000000000000000000000000000000000000000000000000000000000000000000000000000000000000000000000000000000000000000000000000000000000000000000000000000000000000000000000000000000000000000000000000000000000000000000000000000000000000000000000000000000>;
P_0x55555bded050 .param/l "INIT_4" 0 8 2018, C4<0000000000000000000000000000000000000000000000000000000000000000000000000000000000000000000000000000000000000000000000000000000000000000000000000000000000000000000000000000000000000000000000000000000000000000000000000000000000000000000000000000000000000000>;
P_0x55555bded090 .param/l "INIT_5" 0 8 2019, C4<0000000000000000000000000000000000000000000000000000000000000000000000000000000000000000000000000000000000000000000000000000000000000000000000000000000000000000000000000000000000000000000000000000000000000000000000000000000000000000000000000000000000000000>;
P_0x55555bded0d0 .param/l "INIT_6" 0 8 2020, C4<0000000000000000000000000000000000000000000000000000000000000000000000000000000000000000000000000000000000000000000000000000000000000000000000000000000000000000000000000000000000000000000000000000000000000000000000000000000000000000000000000000000000000000>;
P_0x55555bded110 .param/l "INIT_7" 0 8 2021, C4<0000000000000000000000000000000000000000000000000000000000000000000000000000000000000000000000000000000000000000000000000000000000000000000000000000000000000000000000000000000000000000000000000000000000000000000000000000000000000000000000000000000000000000>;
P_0x55555bded150 .param/l "INIT_8" 0 8 2022, C4<0000000000000000000000000000000000000000000000000000000000000000000000000000000000000000000000000000000000000000000000000000000000000000000000000000000000000000000000000000000000000000000000000000000000000000000000000000000000000000000000000000000000000000>;
P_0x55555bded190 .param/l "INIT_9" 0 8 2023, C4<0000000000000000000000000000000000000000000000000000000000000000000000000000000000000000000000000000000000000000000000000000000000000000000000000000000000000000000000000000000000000000000000000000000000000000000000000000000000000000000000000000000000000000>;
P_0x55555bded1d0 .param/l "INIT_A" 0 8 2024, C4<0000000000000000000000000000000000000000000000000000000000000000000000000000000000000000000000000000000000000000000000000000000000000000000000000000000000000000000000000000000000000000000000000000000000000000000000000000000000000000000000000000000000000000>;
P_0x55555bded210 .param/l "INIT_B" 0 8 2025, C4<0000000000000000000000000000000000000000000000000000000000000000000000000000000000000000000000000000000000000000000000000000000000000000000000000000000000000000000000000000000000000000000000000000000000000000000000000000000000000000000000000000000000000000>;
P_0x55555bded250 .param/l "INIT_C" 0 8 2026, C4<0000000000000000000000000000000000000000000000000000000000000000000000000000000000000000000000000000000000000000000000000000000000000000000000000000000000000000000000000000000000000000000000000000000000000000000000000000000000000000000000000000000000000000>;
P_0x55555bded290 .param/l "INIT_D" 0 8 2027, C4<0000000000000000000000000000000000000000000000000000000000000000000000000000000000000000000000000000000000000000000000000000000000000000000000000000000000000000000000000000000000000000000000000000000000000000000000000000000000000000000000000000000000000000>;
P_0x55555bded2d0 .param/l "INIT_E" 0 8 2028, C4<0000000000000000000000000000000000000000000000000000000000000000000000000000000000000000000000000000000000000000000000000000000000000000000000000000000000000000000000000000000000000000000000000000000000000000000000000000000000000000000000000000000000000000>;
P_0x55555bded310 .param/l "INIT_F" 0 8 2029, C4<0000000000000000000000000000000000000000000000000000000000000000000000000000000000000000000000000000000000000000000000000000000000000000000000000000000000000000000000000000000000000000000000000000000000000000000000000000000000000000000000000000000000000000>;
P_0x55555bded350 .param/str "INIT_FILE" 0 8 2031, "\000";
P_0x55555bded390 .param/l "READ_MODE" 0 8 2012, +C4<00000000000000000000000000000000>;
P_0x55555bded3d0 .param/l "WRITE_MODE" 0 8 2011, +C4<00000000000000000000000000000000>;
o0x7f8a6a1e0868 .functor BUFZ 1, c4<z>; HiZ drive
L_0x55555c091c10 .functor NOT 1, o0x7f8a6a1e0868, C4<0>, C4<0>, C4<0>;
o0x7f8a6a1e0898 .functor BUFZ 1, c4<z>; HiZ drive
L_0x55555c091cb0 .functor NOT 1, o0x7f8a6a1e0898, C4<0>, C4<0>, C4<0>;
o0x7f8a6a1e0358 .functor BUFZ 16, c4<zzzzzzzzzzzzzzzz>; HiZ drive
v0x55555c059c20_0 .net "MASK", 15 0, o0x7f8a6a1e0358;  0 drivers
o0x7f8a6a1e0388 .functor BUFZ 11, c4<zzzzzzzzzzz>; HiZ drive
v0x55555c059d00_0 .net "RADDR", 10 0, o0x7f8a6a1e0388;  0 drivers
o0x7f8a6a1e03e8 .functor BUFZ 1, c4<z>; HiZ drive
v0x55555c059dd0_0 .net "RCLKE", 0 0, o0x7f8a6a1e03e8;  0 drivers
v0x55555c059ed0_0 .net "RCLKN", 0 0, o0x7f8a6a1e0868;  0 drivers
v0x55555c059f70_0 .net "RDATA", 15 0, L_0x55555c091b50;  1 drivers
o0x7f8a6a1e0478 .functor BUFZ 1, c4<z>; HiZ drive
v0x55555c05a010_0 .net "RE", 0 0, o0x7f8a6a1e0478;  0 drivers
o0x7f8a6a1e04d8 .functor BUFZ 11, c4<zzzzzzzzzzz>; HiZ drive
v0x55555c05a0e0_0 .net "WADDR", 10 0, o0x7f8a6a1e04d8;  0 drivers
o0x7f8a6a1e0538 .functor BUFZ 1, c4<z>; HiZ drive
v0x55555c05a1b0_0 .net "WCLKE", 0 0, o0x7f8a6a1e0538;  0 drivers
v0x55555c05a280_0 .net "WCLKN", 0 0, o0x7f8a6a1e0898;  0 drivers
o0x7f8a6a1e0568 .functor BUFZ 16, c4<zzzzzzzzzzzzzzzz>; HiZ drive
v0x55555c05a320_0 .net "WDATA", 15 0, o0x7f8a6a1e0568;  0 drivers
o0x7f8a6a1e05c8 .functor BUFZ 1, c4<z>; HiZ drive
v0x55555c05a3f0_0 .net "WE", 0 0, o0x7f8a6a1e05c8;  0 drivers
S_0x55555c0563c0 .scope module, "RAM" "SB_RAM40_4K" 8 2053, 8 1487 0, S_0x55555bf8b2a0;
 .timescale -12 -12;
    .port_info 0 /OUTPUT 16 "RDATA";
    .port_info 1 /INPUT 1 "RCLK";
    .port_info 2 /INPUT 1 "RCLKE";
    .port_info 3 /INPUT 1 "RE";
    .port_info 4 /INPUT 11 "RADDR";
    .port_info 5 /INPUT 1 "WCLK";
    .port_info 6 /INPUT 1 "WCLKE";
    .port_info 7 /INPUT 1 "WE";
    .port_info 8 /INPUT 11 "WADDR";
    .port_info 9 /INPUT 16 "MASK";
    .port_info 10 /INPUT 16 "WDATA";
P_0x55555c056570 .param/l "INIT_0" 0 8 1507, C4<0000000000000000000000000000000000000000000000000000000000000000000000000000000000000000000000000000000000000000000000000000000000000000000000000000000000000000000000000000000000000000000000000000000000000000000000000000000000000000000000000000000000000000>;
P_0x55555c0565b0 .param/l "INIT_1" 0 8 1508, C4<0000000000000000000000000000000000000000000000000000000000000000000000000000000000000000000000000000000000000000000000000000000000000000000000000000000000000000000000000000000000000000000000000000000000000000000000000000000000000000000000000000000000000000>;
P_0x55555c0565f0 .param/l "INIT_2" 0 8 1509, C4<0000000000000000000000000000000000000000000000000000000000000000000000000000000000000000000000000000000000000000000000000000000000000000000000000000000000000000000000000000000000000000000000000000000000000000000000000000000000000000000000000000000000000000>;
P_0x55555c056630 .param/l "INIT_3" 0 8 1510, C4<0000000000000000000000000000000000000000000000000000000000000000000000000000000000000000000000000000000000000000000000000000000000000000000000000000000000000000000000000000000000000000000000000000000000000000000000000000000000000000000000000000000000000000>;
P_0x55555c056670 .param/l "INIT_4" 0 8 1511, C4<0000000000000000000000000000000000000000000000000000000000000000000000000000000000000000000000000000000000000000000000000000000000000000000000000000000000000000000000000000000000000000000000000000000000000000000000000000000000000000000000000000000000000000>;
P_0x55555c0566b0 .param/l "INIT_5" 0 8 1512, C4<0000000000000000000000000000000000000000000000000000000000000000000000000000000000000000000000000000000000000000000000000000000000000000000000000000000000000000000000000000000000000000000000000000000000000000000000000000000000000000000000000000000000000000>;
P_0x55555c0566f0 .param/l "INIT_6" 0 8 1513, C4<0000000000000000000000000000000000000000000000000000000000000000000000000000000000000000000000000000000000000000000000000000000000000000000000000000000000000000000000000000000000000000000000000000000000000000000000000000000000000000000000000000000000000000>;
P_0x55555c056730 .param/l "INIT_7" 0 8 1514, C4<0000000000000000000000000000000000000000000000000000000000000000000000000000000000000000000000000000000000000000000000000000000000000000000000000000000000000000000000000000000000000000000000000000000000000000000000000000000000000000000000000000000000000000>;
P_0x55555c056770 .param/l "INIT_8" 0 8 1515, C4<0000000000000000000000000000000000000000000000000000000000000000000000000000000000000000000000000000000000000000000000000000000000000000000000000000000000000000000000000000000000000000000000000000000000000000000000000000000000000000000000000000000000000000>;
P_0x55555c0567b0 .param/l "INIT_9" 0 8 1516, C4<0000000000000000000000000000000000000000000000000000000000000000000000000000000000000000000000000000000000000000000000000000000000000000000000000000000000000000000000000000000000000000000000000000000000000000000000000000000000000000000000000000000000000000>;
P_0x55555c0567f0 .param/l "INIT_A" 0 8 1517, C4<0000000000000000000000000000000000000000000000000000000000000000000000000000000000000000000000000000000000000000000000000000000000000000000000000000000000000000000000000000000000000000000000000000000000000000000000000000000000000000000000000000000000000000>;
P_0x55555c056830 .param/l "INIT_B" 0 8 1518, C4<0000000000000000000000000000000000000000000000000000000000000000000000000000000000000000000000000000000000000000000000000000000000000000000000000000000000000000000000000000000000000000000000000000000000000000000000000000000000000000000000000000000000000000>;
P_0x55555c056870 .param/l "INIT_C" 0 8 1519, C4<0000000000000000000000000000000000000000000000000000000000000000000000000000000000000000000000000000000000000000000000000000000000000000000000000000000000000000000000000000000000000000000000000000000000000000000000000000000000000000000000000000000000000000>;
P_0x55555c0568b0 .param/l "INIT_D" 0 8 1520, C4<0000000000000000000000000000000000000000000000000000000000000000000000000000000000000000000000000000000000000000000000000000000000000000000000000000000000000000000000000000000000000000000000000000000000000000000000000000000000000000000000000000000000000000>;
P_0x55555c0568f0 .param/l "INIT_E" 0 8 1521, C4<0000000000000000000000000000000000000000000000000000000000000000000000000000000000000000000000000000000000000000000000000000000000000000000000000000000000000000000000000000000000000000000000000000000000000000000000000000000000000000000000000000000000000000>;
P_0x55555c056930 .param/l "INIT_F" 0 8 1522, C4<0000000000000000000000000000000000000000000000000000000000000000000000000000000000000000000000000000000000000000000000000000000000000000000000000000000000000000000000000000000000000000000000000000000000000000000000000000000000000000000000000000000000000000>;
P_0x55555c056970 .param/str "INIT_FILE" 0 8 1524, "\000";
P_0x55555c0569b0 .param/l "READ_MODE" 0 8 1505, +C4<00000000000000000000000000000000>;
P_0x55555c0569f0 .param/l "WRITE_MODE" 0 8 1504, +C4<00000000000000000000000000000000>;
v0x55555c058b10_0 .net "MASK", 15 0, o0x7f8a6a1e0358;  alias, 0 drivers
v0x55555c058bd0_0 .net "RADDR", 10 0, o0x7f8a6a1e0388;  alias, 0 drivers
v0x55555c058cb0_0 .net "RCLK", 0 0, L_0x55555c091c10;  1 drivers
v0x55555c058d80_0 .net "RCLKE", 0 0, o0x7f8a6a1e03e8;  alias, 0 drivers
v0x55555c058e40_0 .net "RDATA", 15 0, L_0x55555c091b50;  alias, 1 drivers
v0x55555c058f70_0 .var "RDATA_I", 15 0;
v0x55555c059050_0 .net "RE", 0 0, o0x7f8a6a1e0478;  alias, 0 drivers
L_0x7f8a6a186be8 .functor BUFT 1, C4<0000000000000000>, C4<0>, C4<0>, C4<0>;
v0x55555c059110_0 .net "RMASK_I", 15 0, L_0x7f8a6a186be8;  1 drivers
v0x55555c0591f0_0 .net "WADDR", 10 0, o0x7f8a6a1e04d8;  alias, 0 drivers
v0x55555c0592d0_0 .net "WCLK", 0 0, L_0x55555c091cb0;  1 drivers
v0x55555c059390_0 .net "WCLKE", 0 0, o0x7f8a6a1e0538;  alias, 0 drivers
v0x55555c059450_0 .net "WDATA", 15 0, o0x7f8a6a1e0568;  alias, 0 drivers
v0x55555c059530_0 .net "WDATA_I", 15 0, L_0x55555c091a60;  1 drivers
v0x55555c059610_0 .net "WE", 0 0, o0x7f8a6a1e05c8;  alias, 0 drivers
v0x55555c0596d0_0 .net "WMASK_I", 15 0, L_0x55555c0919a0;  1 drivers
v0x55555c0597b0_0 .var/i "i", 31 0;
v0x55555c059890 .array "memory", 255 0, 15 0;
E_0x55555c058240 .event posedge, v0x55555c058cb0_0;
E_0x55555c0582c0 .event posedge, v0x55555c0592d0_0;
S_0x55555c058320 .scope generate, "genblk1" "genblk1" 8 1534, 8 1534 0, S_0x55555c0563c0;
 .timescale -12 -12;
L_0x55555c0919a0 .functor BUFZ 16, o0x7f8a6a1e0358, C4<0000000000000000>, C4<0000000000000000>, C4<0000000000000000>;
S_0x55555c058520 .scope generate, "genblk2" "genblk2" 8 1555, 8 1555 0, S_0x55555c0563c0;
 .timescale -12 -12;
S_0x55555c058720 .scope generate, "genblk3" "genblk3" 8 1576, 8 1576 0, S_0x55555c0563c0;
 .timescale -12 -12;
L_0x55555c091a60 .functor BUFZ 16, o0x7f8a6a1e0568, C4<0000000000000000>, C4<0000000000000000>, C4<0000000000000000>;
S_0x55555c058930 .scope generate, "genblk4" "genblk4" 8 1595, 8 1595 0, S_0x55555c0563c0;
 .timescale -12 -12;
L_0x55555c091b50 .functor BUFZ 16, v0x55555c058f70_0, C4<0000000000000000>, C4<0000000000000000>, C4<0000000000000000>;
S_0x55555bf875c0 .scope module, "SB_RAM40_4KNW" "SB_RAM40_4KNW" 8 1862;
 .timescale -12 -12;
    .port_info 0 /OUTPUT 16 "RDATA";
    .port_info 1 /INPUT 1 "RCLK";
    .port_info 2 /INPUT 1 "RCLKE";
    .port_info 3 /INPUT 1 "RE";
    .port_info 4 /INPUT 11 "RADDR";
    .port_info 5 /INPUT 1 "WCLKN";
    .port_info 6 /INPUT 1 "WCLKE";
    .port_info 7 /INPUT 1 "WE";
    .port_info 8 /INPUT 11 "WADDR";
    .port_info 9 /INPUT 16 "MASK";
    .port_info 10 /INPUT 16 "WDATA";
P_0x55555bdb9b80 .param/l "INIT_0" 0 8 1878, C4<0000000000000000000000000000000000000000000000000000000000000000000000000000000000000000000000000000000000000000000000000000000000000000000000000000000000000000000000000000000000000000000000000000000000000000000000000000000000000000000000000000000000000000>;
P_0x55555bdb9bc0 .param/l "INIT_1" 0 8 1879, C4<0000000000000000000000000000000000000000000000000000000000000000000000000000000000000000000000000000000000000000000000000000000000000000000000000000000000000000000000000000000000000000000000000000000000000000000000000000000000000000000000000000000000000000>;
P_0x55555bdb9c00 .param/l "INIT_2" 0 8 1880, C4<0000000000000000000000000000000000000000000000000000000000000000000000000000000000000000000000000000000000000000000000000000000000000000000000000000000000000000000000000000000000000000000000000000000000000000000000000000000000000000000000000000000000000000>;
P_0x55555bdb9c40 .param/l "INIT_3" 0 8 1881, C4<0000000000000000000000000000000000000000000000000000000000000000000000000000000000000000000000000000000000000000000000000000000000000000000000000000000000000000000000000000000000000000000000000000000000000000000000000000000000000000000000000000000000000000>;
P_0x55555bdb9c80 .param/l "INIT_4" 0 8 1882, C4<0000000000000000000000000000000000000000000000000000000000000000000000000000000000000000000000000000000000000000000000000000000000000000000000000000000000000000000000000000000000000000000000000000000000000000000000000000000000000000000000000000000000000000>;
P_0x55555bdb9cc0 .param/l "INIT_5" 0 8 1883, C4<0000000000000000000000000000000000000000000000000000000000000000000000000000000000000000000000000000000000000000000000000000000000000000000000000000000000000000000000000000000000000000000000000000000000000000000000000000000000000000000000000000000000000000>;
P_0x55555bdb9d00 .param/l "INIT_6" 0 8 1884, C4<0000000000000000000000000000000000000000000000000000000000000000000000000000000000000000000000000000000000000000000000000000000000000000000000000000000000000000000000000000000000000000000000000000000000000000000000000000000000000000000000000000000000000000>;
P_0x55555bdb9d40 .param/l "INIT_7" 0 8 1885, C4<0000000000000000000000000000000000000000000000000000000000000000000000000000000000000000000000000000000000000000000000000000000000000000000000000000000000000000000000000000000000000000000000000000000000000000000000000000000000000000000000000000000000000000>;
P_0x55555bdb9d80 .param/l "INIT_8" 0 8 1886, C4<0000000000000000000000000000000000000000000000000000000000000000000000000000000000000000000000000000000000000000000000000000000000000000000000000000000000000000000000000000000000000000000000000000000000000000000000000000000000000000000000000000000000000000>;
P_0x55555bdb9dc0 .param/l "INIT_9" 0 8 1887, C4<0000000000000000000000000000000000000000000000000000000000000000000000000000000000000000000000000000000000000000000000000000000000000000000000000000000000000000000000000000000000000000000000000000000000000000000000000000000000000000000000000000000000000000>;
P_0x55555bdb9e00 .param/l "INIT_A" 0 8 1888, C4<0000000000000000000000000000000000000000000000000000000000000000000000000000000000000000000000000000000000000000000000000000000000000000000000000000000000000000000000000000000000000000000000000000000000000000000000000000000000000000000000000000000000000000>;
P_0x55555bdb9e40 .param/l "INIT_B" 0 8 1889, C4<0000000000000000000000000000000000000000000000000000000000000000000000000000000000000000000000000000000000000000000000000000000000000000000000000000000000000000000000000000000000000000000000000000000000000000000000000000000000000000000000000000000000000000>;
P_0x55555bdb9e80 .param/l "INIT_C" 0 8 1890, C4<0000000000000000000000000000000000000000000000000000000000000000000000000000000000000000000000000000000000000000000000000000000000000000000000000000000000000000000000000000000000000000000000000000000000000000000000000000000000000000000000000000000000000000>;
P_0x55555bdb9ec0 .param/l "INIT_D" 0 8 1891, C4<0000000000000000000000000000000000000000000000000000000000000000000000000000000000000000000000000000000000000000000000000000000000000000000000000000000000000000000000000000000000000000000000000000000000000000000000000000000000000000000000000000000000000000>;
P_0x55555bdb9f00 .param/l "INIT_E" 0 8 1892, C4<0000000000000000000000000000000000000000000000000000000000000000000000000000000000000000000000000000000000000000000000000000000000000000000000000000000000000000000000000000000000000000000000000000000000000000000000000000000000000000000000000000000000000000>;
P_0x55555bdb9f40 .param/l "INIT_F" 0 8 1893, C4<0000000000000000000000000000000000000000000000000000000000000000000000000000000000000000000000000000000000000000000000000000000000000000000000000000000000000000000000000000000000000000000000000000000000000000000000000000000000000000000000000000000000000000>;
P_0x55555bdb9f80 .param/str "INIT_FILE" 0 8 1895, "\000";
P_0x55555bdb9fc0 .param/l "READ_MODE" 0 8 1876, +C4<00000000000000000000000000000000>;
P_0x55555bdba000 .param/l "WRITE_MODE" 0 8 1875, +C4<00000000000000000000000000000000>;
o0x7f8a6a1e0fe8 .functor BUFZ 1, c4<z>; HiZ drive
L_0x55555c092020 .functor NOT 1, o0x7f8a6a1e0fe8, C4<0>, C4<0>, C4<0>;
o0x7f8a6a1e0ad8 .functor BUFZ 16, c4<zzzzzzzzzzzzzzzz>; HiZ drive
v0x55555c05df70_0 .net "MASK", 15 0, o0x7f8a6a1e0ad8;  0 drivers
o0x7f8a6a1e0b08 .functor BUFZ 11, c4<zzzzzzzzzzz>; HiZ drive
v0x55555c05e050_0 .net "RADDR", 10 0, o0x7f8a6a1e0b08;  0 drivers
o0x7f8a6a1e0b38 .functor BUFZ 1, c4<z>; HiZ drive
v0x55555c05e120_0 .net "RCLK", 0 0, o0x7f8a6a1e0b38;  0 drivers
o0x7f8a6a1e0b68 .functor BUFZ 1, c4<z>; HiZ drive
v0x55555c05e220_0 .net "RCLKE", 0 0, o0x7f8a6a1e0b68;  0 drivers
v0x55555c05e2f0_0 .net "RDATA", 15 0, L_0x55555c091f60;  1 drivers
o0x7f8a6a1e0bf8 .functor BUFZ 1, c4<z>; HiZ drive
v0x55555c05e390_0 .net "RE", 0 0, o0x7f8a6a1e0bf8;  0 drivers
o0x7f8a6a1e0c58 .functor BUFZ 11, c4<zzzzzzzzzzz>; HiZ drive
v0x55555c05e460_0 .net "WADDR", 10 0, o0x7f8a6a1e0c58;  0 drivers
o0x7f8a6a1e0cb8 .functor BUFZ 1, c4<z>; HiZ drive
v0x55555c05e530_0 .net "WCLKE", 0 0, o0x7f8a6a1e0cb8;  0 drivers
v0x55555c05e600_0 .net "WCLKN", 0 0, o0x7f8a6a1e0fe8;  0 drivers
o0x7f8a6a1e0ce8 .functor BUFZ 16, c4<zzzzzzzzzzzzzzzz>; HiZ drive
v0x55555c05e6a0_0 .net "WDATA", 15 0, o0x7f8a6a1e0ce8;  0 drivers
o0x7f8a6a1e0d48 .functor BUFZ 1, c4<z>; HiZ drive
v0x55555c05e770_0 .net "WE", 0 0, o0x7f8a6a1e0d48;  0 drivers
S_0x55555c05a5a0 .scope module, "RAM" "SB_RAM40_4K" 8 1917, 8 1487 0, S_0x55555bf875c0;
 .timescale -12 -12;
    .port_info 0 /OUTPUT 16 "RDATA";
    .port_info 1 /INPUT 1 "RCLK";
    .port_info 2 /INPUT 1 "RCLKE";
    .port_info 3 /INPUT 1 "RE";
    .port_info 4 /INPUT 11 "RADDR";
    .port_info 5 /INPUT 1 "WCLK";
    .port_info 6 /INPUT 1 "WCLKE";
    .port_info 7 /INPUT 1 "WE";
    .port_info 8 /INPUT 11 "WADDR";
    .port_info 9 /INPUT 16 "MASK";
    .port_info 10 /INPUT 16 "WDATA";
P_0x55555c05a750 .param/l "INIT_0" 0 8 1507, C4<0000000000000000000000000000000000000000000000000000000000000000000000000000000000000000000000000000000000000000000000000000000000000000000000000000000000000000000000000000000000000000000000000000000000000000000000000000000000000000000000000000000000000000>;
P_0x55555c05a790 .param/l "INIT_1" 0 8 1508, C4<0000000000000000000000000000000000000000000000000000000000000000000000000000000000000000000000000000000000000000000000000000000000000000000000000000000000000000000000000000000000000000000000000000000000000000000000000000000000000000000000000000000000000000>;
P_0x55555c05a7d0 .param/l "INIT_2" 0 8 1509, C4<0000000000000000000000000000000000000000000000000000000000000000000000000000000000000000000000000000000000000000000000000000000000000000000000000000000000000000000000000000000000000000000000000000000000000000000000000000000000000000000000000000000000000000>;
P_0x55555c05a810 .param/l "INIT_3" 0 8 1510, C4<0000000000000000000000000000000000000000000000000000000000000000000000000000000000000000000000000000000000000000000000000000000000000000000000000000000000000000000000000000000000000000000000000000000000000000000000000000000000000000000000000000000000000000>;
P_0x55555c05a850 .param/l "INIT_4" 0 8 1511, C4<0000000000000000000000000000000000000000000000000000000000000000000000000000000000000000000000000000000000000000000000000000000000000000000000000000000000000000000000000000000000000000000000000000000000000000000000000000000000000000000000000000000000000000>;
P_0x55555c05a890 .param/l "INIT_5" 0 8 1512, C4<0000000000000000000000000000000000000000000000000000000000000000000000000000000000000000000000000000000000000000000000000000000000000000000000000000000000000000000000000000000000000000000000000000000000000000000000000000000000000000000000000000000000000000>;
P_0x55555c05a8d0 .param/l "INIT_6" 0 8 1513, C4<0000000000000000000000000000000000000000000000000000000000000000000000000000000000000000000000000000000000000000000000000000000000000000000000000000000000000000000000000000000000000000000000000000000000000000000000000000000000000000000000000000000000000000>;
P_0x55555c05a910 .param/l "INIT_7" 0 8 1514, C4<0000000000000000000000000000000000000000000000000000000000000000000000000000000000000000000000000000000000000000000000000000000000000000000000000000000000000000000000000000000000000000000000000000000000000000000000000000000000000000000000000000000000000000>;
P_0x55555c05a950 .param/l "INIT_8" 0 8 1515, C4<0000000000000000000000000000000000000000000000000000000000000000000000000000000000000000000000000000000000000000000000000000000000000000000000000000000000000000000000000000000000000000000000000000000000000000000000000000000000000000000000000000000000000000>;
P_0x55555c05a990 .param/l "INIT_9" 0 8 1516, C4<0000000000000000000000000000000000000000000000000000000000000000000000000000000000000000000000000000000000000000000000000000000000000000000000000000000000000000000000000000000000000000000000000000000000000000000000000000000000000000000000000000000000000000>;
P_0x55555c05a9d0 .param/l "INIT_A" 0 8 1517, C4<0000000000000000000000000000000000000000000000000000000000000000000000000000000000000000000000000000000000000000000000000000000000000000000000000000000000000000000000000000000000000000000000000000000000000000000000000000000000000000000000000000000000000000>;
P_0x55555c05aa10 .param/l "INIT_B" 0 8 1518, C4<0000000000000000000000000000000000000000000000000000000000000000000000000000000000000000000000000000000000000000000000000000000000000000000000000000000000000000000000000000000000000000000000000000000000000000000000000000000000000000000000000000000000000000>;
P_0x55555c05aa50 .param/l "INIT_C" 0 8 1519, C4<0000000000000000000000000000000000000000000000000000000000000000000000000000000000000000000000000000000000000000000000000000000000000000000000000000000000000000000000000000000000000000000000000000000000000000000000000000000000000000000000000000000000000000>;
P_0x55555c05aa90 .param/l "INIT_D" 0 8 1520, C4<0000000000000000000000000000000000000000000000000000000000000000000000000000000000000000000000000000000000000000000000000000000000000000000000000000000000000000000000000000000000000000000000000000000000000000000000000000000000000000000000000000000000000000>;
P_0x55555c05aad0 .param/l "INIT_E" 0 8 1521, C4<0000000000000000000000000000000000000000000000000000000000000000000000000000000000000000000000000000000000000000000000000000000000000000000000000000000000000000000000000000000000000000000000000000000000000000000000000000000000000000000000000000000000000000>;
P_0x55555c05ab10 .param/l "INIT_F" 0 8 1522, C4<0000000000000000000000000000000000000000000000000000000000000000000000000000000000000000000000000000000000000000000000000000000000000000000000000000000000000000000000000000000000000000000000000000000000000000000000000000000000000000000000000000000000000000>;
P_0x55555c05ab50 .param/str "INIT_FILE" 0 8 1524, "\000";
P_0x55555c05ab90 .param/l "READ_MODE" 0 8 1505, +C4<00000000000000000000000000000000>;
P_0x55555c05abd0 .param/l "WRITE_MODE" 0 8 1504, +C4<00000000000000000000000000000000>;
v0x55555c05ce60_0 .net "MASK", 15 0, o0x7f8a6a1e0ad8;  alias, 0 drivers
v0x55555c05cf20_0 .net "RADDR", 10 0, o0x7f8a6a1e0b08;  alias, 0 drivers
v0x55555c05d000_0 .net "RCLK", 0 0, o0x7f8a6a1e0b38;  alias, 0 drivers
v0x55555c05d0d0_0 .net "RCLKE", 0 0, o0x7f8a6a1e0b68;  alias, 0 drivers
v0x55555c05d190_0 .net "RDATA", 15 0, L_0x55555c091f60;  alias, 1 drivers
v0x55555c05d2c0_0 .var "RDATA_I", 15 0;
v0x55555c05d3a0_0 .net "RE", 0 0, o0x7f8a6a1e0bf8;  alias, 0 drivers
L_0x7f8a6a186c30 .functor BUFT 1, C4<0000000000000000>, C4<0>, C4<0>, C4<0>;
v0x55555c05d460_0 .net "RMASK_I", 15 0, L_0x7f8a6a186c30;  1 drivers
v0x55555c05d540_0 .net "WADDR", 10 0, o0x7f8a6a1e0c58;  alias, 0 drivers
v0x55555c05d620_0 .net "WCLK", 0 0, L_0x55555c092020;  1 drivers
v0x55555c05d6e0_0 .net "WCLKE", 0 0, o0x7f8a6a1e0cb8;  alias, 0 drivers
v0x55555c05d7a0_0 .net "WDATA", 15 0, o0x7f8a6a1e0ce8;  alias, 0 drivers
v0x55555c05d880_0 .net "WDATA_I", 15 0, L_0x55555c091e70;  1 drivers
v0x55555c05d960_0 .net "WE", 0 0, o0x7f8a6a1e0d48;  alias, 0 drivers
v0x55555c05da20_0 .net "WMASK_I", 15 0, L_0x55555c091d80;  1 drivers
v0x55555c05db00_0 .var/i "i", 31 0;
v0x55555c05dbe0 .array "memory", 255 0, 15 0;
E_0x55555c05c590 .event posedge, v0x55555c05d000_0;
E_0x55555c05c610 .event posedge, v0x55555c05d620_0;
S_0x55555c05c670 .scope generate, "genblk1" "genblk1" 8 1534, 8 1534 0, S_0x55555c05a5a0;
 .timescale -12 -12;
L_0x55555c091d80 .functor BUFZ 16, o0x7f8a6a1e0ad8, C4<0000000000000000>, C4<0000000000000000>, C4<0000000000000000>;
S_0x55555c05c870 .scope generate, "genblk2" "genblk2" 8 1555, 8 1555 0, S_0x55555c05a5a0;
 .timescale -12 -12;
S_0x55555c05ca70 .scope generate, "genblk3" "genblk3" 8 1576, 8 1576 0, S_0x55555c05a5a0;
 .timescale -12 -12;
L_0x55555c091e70 .functor BUFZ 16, o0x7f8a6a1e0ce8, C4<0000000000000000>, C4<0000000000000000>, C4<0000000000000000>;
S_0x55555c05cc80 .scope generate, "genblk4" "genblk4" 8 1595, 8 1595 0, S_0x55555c05a5a0;
 .timescale -12 -12;
L_0x55555c091f60 .functor BUFZ 16, v0x55555c05d2c0_0, C4<0000000000000000>, C4<0000000000000000>, C4<0000000000000000>;
S_0x55555bf97730 .scope module, "SB_RGBA_DRV" "SB_RGBA_DRV" 8 2692;
 .timescale -12 -12;
    .port_info 0 /INPUT 1 "CURREN";
    .port_info 1 /INPUT 1 "RGBLEDEN";
    .port_info 2 /INPUT 1 "RGB0PWM";
    .port_info 3 /INPUT 1 "RGB1PWM";
    .port_info 4 /INPUT 1 "RGB2PWM";
    .port_info 5 /OUTPUT 1 "RGB0";
    .port_info 6 /OUTPUT 1 "RGB1";
    .port_info 7 /OUTPUT 1 "RGB2";
P_0x55555bf60930 .param/str "CURRENT_MODE" 0 8 2702, "0b0";
P_0x55555bf60970 .param/str "RGB0_CURRENT" 0 8 2703, "0b000000";
P_0x55555bf609b0 .param/str "RGB1_CURRENT" 0 8 2704, "0b000000";
P_0x55555bf609f0 .param/str "RGB2_CURRENT" 0 8 2705, "0b000000";
o0x7f8a6a1e1228 .functor BUFZ 1, c4<z>; HiZ drive
v0x55555c05e8e0_0 .net "CURREN", 0 0, o0x7f8a6a1e1228;  0 drivers
o0x7f8a6a1e1258 .functor BUFZ 1, c4<z>; HiZ drive
v0x55555c05e9c0_0 .net "RGB0", 0 0, o0x7f8a6a1e1258;  0 drivers
o0x7f8a6a1e1288 .functor BUFZ 1, c4<z>; HiZ drive
v0x55555c05ea80_0 .net "RGB0PWM", 0 0, o0x7f8a6a1e1288;  0 drivers
o0x7f8a6a1e12b8 .functor BUFZ 1, c4<z>; HiZ drive
v0x55555c05eb50_0 .net "RGB1", 0 0, o0x7f8a6a1e12b8;  0 drivers
o0x7f8a6a1e12e8 .functor BUFZ 1, c4<z>; HiZ drive
v0x55555c05ec10_0 .net "RGB1PWM", 0 0, o0x7f8a6a1e12e8;  0 drivers
o0x7f8a6a1e1318 .functor BUFZ 1, c4<z>; HiZ drive
v0x55555c05ecd0_0 .net "RGB2", 0 0, o0x7f8a6a1e1318;  0 drivers
o0x7f8a6a1e1348 .functor BUFZ 1, c4<z>; HiZ drive
v0x55555c05ed90_0 .net "RGB2PWM", 0 0, o0x7f8a6a1e1348;  0 drivers
o0x7f8a6a1e1378 .functor BUFZ 1, c4<z>; HiZ drive
v0x55555c05ee50_0 .net "RGBLEDEN", 0 0, o0x7f8a6a1e1378;  0 drivers
S_0x55555bf93640 .scope module, "SB_RGB_DRV" "SB_RGB_DRV" 8 2716;
 .timescale -12 -12;
    .port_info 0 /INPUT 1 "RGBLEDEN";
    .port_info 1 /INPUT 1 "RGB0PWM";
    .port_info 2 /INPUT 1 "RGB1PWM";
    .port_info 3 /INPUT 1 "RGB2PWM";
    .port_info 4 /INPUT 1 "RGBPU";
    .port_info 5 /OUTPUT 1 "RGB0";
    .port_info 6 /OUTPUT 1 "RGB1";
    .port_info 7 /OUTPUT 1 "RGB2";
P_0x55555bf5f3c0 .param/str "CURRENT_MODE" 0 8 2726, "0b0";
P_0x55555bf5f400 .param/str "RGB0_CURRENT" 0 8 2727, "0b000000";
P_0x55555bf5f440 .param/str "RGB1_CURRENT" 0 8 2728, "0b000000";
P_0x55555bf5f480 .param/str "RGB2_CURRENT" 0 8 2729, "0b000000";
o0x7f8a6a1e1528 .functor BUFZ 1, c4<z>; HiZ drive
v0x55555c05f060_0 .net "RGB0", 0 0, o0x7f8a6a1e1528;  0 drivers
o0x7f8a6a1e1558 .functor BUFZ 1, c4<z>; HiZ drive
v0x55555c05f140_0 .net "RGB0PWM", 0 0, o0x7f8a6a1e1558;  0 drivers
o0x7f8a6a1e1588 .functor BUFZ 1, c4<z>; HiZ drive
v0x55555c05f200_0 .net "RGB1", 0 0, o0x7f8a6a1e1588;  0 drivers
o0x7f8a6a1e15b8 .functor BUFZ 1, c4<z>; HiZ drive
v0x55555c05f2a0_0 .net "RGB1PWM", 0 0, o0x7f8a6a1e15b8;  0 drivers
o0x7f8a6a1e15e8 .functor BUFZ 1, c4<z>; HiZ drive
v0x55555c05f360_0 .net "RGB2", 0 0, o0x7f8a6a1e15e8;  0 drivers
o0x7f8a6a1e1618 .functor BUFZ 1, c4<z>; HiZ drive
v0x55555c05f420_0 .net "RGB2PWM", 0 0, o0x7f8a6a1e1618;  0 drivers
o0x7f8a6a1e1648 .functor BUFZ 1, c4<z>; HiZ drive
v0x55555c05f4e0_0 .net "RGBLEDEN", 0 0, o0x7f8a6a1e1648;  0 drivers
o0x7f8a6a1e1678 .functor BUFZ 1, c4<z>; HiZ drive
v0x55555c05f5a0_0 .net "RGBPU", 0 0, o0x7f8a6a1e1678;  0 drivers
S_0x55555bf725b0 .scope module, "SB_SPI" "SB_SPI" 8 2776;
 .timescale -12 -12;
    .port_info 0 /INPUT 1 "SBCLKI";
    .port_info 1 /INPUT 1 "SBRWI";
    .port_info 2 /INPUT 1 "SBSTBI";
    .port_info 3 /INPUT 1 "SBADRI7";
    .port_info 4 /INPUT 1 "SBADRI6";
    .port_info 5 /INPUT 1 "SBADRI5";
    .port_info 6 /INPUT 1 "SBADRI4";
    .port_info 7 /INPUT 1 "SBADRI3";
    .port_info 8 /INPUT 1 "SBADRI2";
    .port_info 9 /INPUT 1 "SBADRI1";
    .port_info 10 /INPUT 1 "SBADRI0";
    .port_info 11 /INPUT 1 "SBDATI7";
    .port_info 12 /INPUT 1 "SBDATI6";
    .port_info 13 /INPUT 1 "SBDATI5";
    .port_info 14 /INPUT 1 "SBDATI4";
    .port_info 15 /INPUT 1 "SBDATI3";
    .port_info 16 /INPUT 1 "SBDATI2";
    .port_info 17 /INPUT 1 "SBDATI1";
    .port_info 18 /INPUT 1 "SBDATI0";
    .port_info 19 /INPUT 1 "MI";
    .port_info 20 /INPUT 1 "SI";
    .port_info 21 /INPUT 1 "SCKI";
    .port_info 22 /INPUT 1 "SCSNI";
    .port_info 23 /OUTPUT 1 "SBDATO7";
    .port_info 24 /OUTPUT 1 "SBDATO6";
    .port_info 25 /OUTPUT 1 "SBDATO5";
    .port_info 26 /OUTPUT 1 "SBDATO4";
    .port_info 27 /OUTPUT 1 "SBDATO3";
    .port_info 28 /OUTPUT 1 "SBDATO2";
    .port_info 29 /OUTPUT 1 "SBDATO1";
    .port_info 30 /OUTPUT 1 "SBDATO0";
    .port_info 31 /OUTPUT 1 "SBACKO";
    .port_info 32 /OUTPUT 1 "SPIIRQ";
    .port_info 33 /OUTPUT 1 "SPIWKUP";
    .port_info 34 /OUTPUT 1 "SO";
    .port_info 35 /OUTPUT 1 "SOE";
    .port_info 36 /OUTPUT 1 "MO";
    .port_info 37 /OUTPUT 1 "MOE";
    .port_info 38 /OUTPUT 1 "SCKO";
    .port_info 39 /OUTPUT 1 "SCKOE";
    .port_info 40 /OUTPUT 1 "MCSNO3";
    .port_info 41 /OUTPUT 1 "MCSNO2";
    .port_info 42 /OUTPUT 1 "MCSNO1";
    .port_info 43 /OUTPUT 1 "MCSNO0";
    .port_info 44 /OUTPUT 1 "MCSNOE3";
    .port_info 45 /OUTPUT 1 "MCSNOE2";
    .port_info 46 /OUTPUT 1 "MCSNOE1";
    .port_info 47 /OUTPUT 1 "MCSNOE0";
P_0x55555bf5ecd0 .param/str "BUS_ADDR74" 0 8 2826, "0b0000";
o0x7f8a6a1e1828 .functor BUFZ 1, c4<z>; HiZ drive
v0x55555c05f7b0_0 .net "MCSNO0", 0 0, o0x7f8a6a1e1828;  0 drivers
o0x7f8a6a1e1858 .functor BUFZ 1, c4<z>; HiZ drive
v0x55555c05f890_0 .net "MCSNO1", 0 0, o0x7f8a6a1e1858;  0 drivers
o0x7f8a6a1e1888 .functor BUFZ 1, c4<z>; HiZ drive
v0x55555c05f950_0 .net "MCSNO2", 0 0, o0x7f8a6a1e1888;  0 drivers
o0x7f8a6a1e18b8 .functor BUFZ 1, c4<z>; HiZ drive
v0x55555c05f9f0_0 .net "MCSNO3", 0 0, o0x7f8a6a1e18b8;  0 drivers
o0x7f8a6a1e18e8 .functor BUFZ 1, c4<z>; HiZ drive
v0x55555c05fab0_0 .net "MCSNOE0", 0 0, o0x7f8a6a1e18e8;  0 drivers
o0x7f8a6a1e1918 .functor BUFZ 1, c4<z>; HiZ drive
v0x55555c05fb70_0 .net "MCSNOE1", 0 0, o0x7f8a6a1e1918;  0 drivers
o0x7f8a6a1e1948 .functor BUFZ 1, c4<z>; HiZ drive
v0x55555c05fc30_0 .net "MCSNOE2", 0 0, o0x7f8a6a1e1948;  0 drivers
o0x7f8a6a1e1978 .functor BUFZ 1, c4<z>; HiZ drive
v0x55555c05fcf0_0 .net "MCSNOE3", 0 0, o0x7f8a6a1e1978;  0 drivers
o0x7f8a6a1e19a8 .functor BUFZ 1, c4<z>; HiZ drive
v0x55555c05fdb0_0 .net "MI", 0 0, o0x7f8a6a1e19a8;  0 drivers
o0x7f8a6a1e19d8 .functor BUFZ 1, c4<z>; HiZ drive
v0x55555c05ff00_0 .net "MO", 0 0, o0x7f8a6a1e19d8;  0 drivers
o0x7f8a6a1e1a08 .functor BUFZ 1, c4<z>; HiZ drive
v0x55555c05ffc0_0 .net "MOE", 0 0, o0x7f8a6a1e1a08;  0 drivers
o0x7f8a6a1e1a38 .functor BUFZ 1, c4<z>; HiZ drive
v0x55555c060080_0 .net "SBACKO", 0 0, o0x7f8a6a1e1a38;  0 drivers
o0x7f8a6a1e1a68 .functor BUFZ 1, c4<z>; HiZ drive
v0x55555c060140_0 .net "SBADRI0", 0 0, o0x7f8a6a1e1a68;  0 drivers
o0x7f8a6a1e1a98 .functor BUFZ 1, c4<z>; HiZ drive
v0x55555c060200_0 .net "SBADRI1", 0 0, o0x7f8a6a1e1a98;  0 drivers
o0x7f8a6a1e1ac8 .functor BUFZ 1, c4<z>; HiZ drive
v0x55555c0602c0_0 .net "SBADRI2", 0 0, o0x7f8a6a1e1ac8;  0 drivers
o0x7f8a6a1e1af8 .functor BUFZ 1, c4<z>; HiZ drive
v0x55555c060380_0 .net "SBADRI3", 0 0, o0x7f8a6a1e1af8;  0 drivers
o0x7f8a6a1e1b28 .functor BUFZ 1, c4<z>; HiZ drive
v0x55555c060440_0 .net "SBADRI4", 0 0, o0x7f8a6a1e1b28;  0 drivers
o0x7f8a6a1e1b58 .functor BUFZ 1, c4<z>; HiZ drive
v0x55555c060610_0 .net "SBADRI5", 0 0, o0x7f8a6a1e1b58;  0 drivers
o0x7f8a6a1e1b88 .functor BUFZ 1, c4<z>; HiZ drive
v0x55555c0606d0_0 .net "SBADRI6", 0 0, o0x7f8a6a1e1b88;  0 drivers
o0x7f8a6a1e1bb8 .functor BUFZ 1, c4<z>; HiZ drive
v0x55555c060790_0 .net "SBADRI7", 0 0, o0x7f8a6a1e1bb8;  0 drivers
o0x7f8a6a1e1be8 .functor BUFZ 1, c4<z>; HiZ drive
v0x55555c060850_0 .net "SBCLKI", 0 0, o0x7f8a6a1e1be8;  0 drivers
o0x7f8a6a1e1c18 .functor BUFZ 1, c4<z>; HiZ drive
v0x55555c060910_0 .net "SBDATI0", 0 0, o0x7f8a6a1e1c18;  0 drivers
o0x7f8a6a1e1c48 .functor BUFZ 1, c4<z>; HiZ drive
v0x55555c0609d0_0 .net "SBDATI1", 0 0, o0x7f8a6a1e1c48;  0 drivers
o0x7f8a6a1e1c78 .functor BUFZ 1, c4<z>; HiZ drive
v0x55555c060a90_0 .net "SBDATI2", 0 0, o0x7f8a6a1e1c78;  0 drivers
o0x7f8a6a1e1ca8 .functor BUFZ 1, c4<z>; HiZ drive
v0x55555c060b50_0 .net "SBDATI3", 0 0, o0x7f8a6a1e1ca8;  0 drivers
o0x7f8a6a1e1cd8 .functor BUFZ 1, c4<z>; HiZ drive
v0x55555c060c10_0 .net "SBDATI4", 0 0, o0x7f8a6a1e1cd8;  0 drivers
o0x7f8a6a1e1d08 .functor BUFZ 1, c4<z>; HiZ drive
v0x55555c060cd0_0 .net "SBDATI5", 0 0, o0x7f8a6a1e1d08;  0 drivers
o0x7f8a6a1e1d38 .functor BUFZ 1, c4<z>; HiZ drive
v0x55555c060d90_0 .net "SBDATI6", 0 0, o0x7f8a6a1e1d38;  0 drivers
o0x7f8a6a1e1d68 .functor BUFZ 1, c4<z>; HiZ drive
v0x55555c060e50_0 .net "SBDATI7", 0 0, o0x7f8a6a1e1d68;  0 drivers
o0x7f8a6a1e1d98 .functor BUFZ 1, c4<z>; HiZ drive
v0x55555c060f10_0 .net "SBDATO0", 0 0, o0x7f8a6a1e1d98;  0 drivers
o0x7f8a6a1e1dc8 .functor BUFZ 1, c4<z>; HiZ drive
v0x55555c060fd0_0 .net "SBDATO1", 0 0, o0x7f8a6a1e1dc8;  0 drivers
o0x7f8a6a1e1df8 .functor BUFZ 1, c4<z>; HiZ drive
v0x55555c061090_0 .net "SBDATO2", 0 0, o0x7f8a6a1e1df8;  0 drivers
o0x7f8a6a1e1e28 .functor BUFZ 1, c4<z>; HiZ drive
v0x55555c061150_0 .net "SBDATO3", 0 0, o0x7f8a6a1e1e28;  0 drivers
o0x7f8a6a1e1e58 .functor BUFZ 1, c4<z>; HiZ drive
v0x55555c061210_0 .net "SBDATO4", 0 0, o0x7f8a6a1e1e58;  0 drivers
o0x7f8a6a1e1e88 .functor BUFZ 1, c4<z>; HiZ drive
v0x55555c0612d0_0 .net "SBDATO5", 0 0, o0x7f8a6a1e1e88;  0 drivers
o0x7f8a6a1e1eb8 .functor BUFZ 1, c4<z>; HiZ drive
v0x55555c061390_0 .net "SBDATO6", 0 0, o0x7f8a6a1e1eb8;  0 drivers
o0x7f8a6a1e1ee8 .functor BUFZ 1, c4<z>; HiZ drive
v0x55555c061450_0 .net "SBDATO7", 0 0, o0x7f8a6a1e1ee8;  0 drivers
o0x7f8a6a1e1f18 .functor BUFZ 1, c4<z>; HiZ drive
v0x55555c061510_0 .net "SBRWI", 0 0, o0x7f8a6a1e1f18;  0 drivers
o0x7f8a6a1e1f48 .functor BUFZ 1, c4<z>; HiZ drive
v0x55555c0615d0_0 .net "SBSTBI", 0 0, o0x7f8a6a1e1f48;  0 drivers
o0x7f8a6a1e1f78 .functor BUFZ 1, c4<z>; HiZ drive
v0x55555c061690_0 .net "SCKI", 0 0, o0x7f8a6a1e1f78;  0 drivers
o0x7f8a6a1e1fa8 .functor BUFZ 1, c4<z>; HiZ drive
v0x55555c061750_0 .net "SCKO", 0 0, o0x7f8a6a1e1fa8;  0 drivers
o0x7f8a6a1e1fd8 .functor BUFZ 1, c4<z>; HiZ drive
v0x55555c061810_0 .net "SCKOE", 0 0, o0x7f8a6a1e1fd8;  0 drivers
o0x7f8a6a1e2008 .functor BUFZ 1, c4<z>; HiZ drive
v0x55555c0618d0_0 .net "SCSNI", 0 0, o0x7f8a6a1e2008;  0 drivers
o0x7f8a6a1e2038 .functor BUFZ 1, c4<z>; HiZ drive
v0x55555c061990_0 .net "SI", 0 0, o0x7f8a6a1e2038;  0 drivers
o0x7f8a6a1e2068 .functor BUFZ 1, c4<z>; HiZ drive
v0x55555c061a50_0 .net "SO", 0 0, o0x7f8a6a1e2068;  0 drivers
o0x7f8a6a1e2098 .functor BUFZ 1, c4<z>; HiZ drive
v0x55555c061b10_0 .net "SOE", 0 0, o0x7f8a6a1e2098;  0 drivers
o0x7f8a6a1e20c8 .functor BUFZ 1, c4<z>; HiZ drive
v0x55555c061bd0_0 .net "SPIIRQ", 0 0, o0x7f8a6a1e20c8;  0 drivers
o0x7f8a6a1e20f8 .functor BUFZ 1, c4<z>; HiZ drive
v0x55555c061c90_0 .net "SPIWKUP", 0 0, o0x7f8a6a1e20f8;  0 drivers
S_0x55555bf70dc0 .scope module, "SB_SPRAM256KA" "SB_SPRAM256KA" 8 2600;
 .timescale -12 -12;
    .port_info 0 /INPUT 14 "ADDRESS";
    .port_info 1 /INPUT 16 "DATAIN";
    .port_info 2 /INPUT 4 "MASKWREN";
    .port_info 3 /INPUT 1 "WREN";
    .port_info 4 /INPUT 1 "CHIPSELECT";
    .port_info 5 /INPUT 1 "CLOCK";
    .port_info 6 /INPUT 1 "STANDBY";
    .port_info 7 /INPUT 1 "SLEEP";
    .port_info 8 /INPUT 1 "POWEROFF";
    .port_info 9 /OUTPUT 16 "DATAOUT";
o0x7f8a6a1e2b78 .functor BUFZ 1, c4<z>; HiZ drive
L_0x55555c0921c0 .functor OR 1, o0x7f8a6a1e2b78, L_0x55555c0920c0, C4<0>, C4<0>;
o0x7f8a6a1e2a28 .functor BUFZ 14, c4<zzzzzzzzzzzzzz>; HiZ drive
v0x55555c0625c0_0 .net "ADDRESS", 13 0, o0x7f8a6a1e2a28;  0 drivers
o0x7f8a6a1e2a58 .functor BUFZ 1, c4<z>; HiZ drive
v0x55555c0626c0_0 .net "CHIPSELECT", 0 0, o0x7f8a6a1e2a58;  0 drivers
o0x7f8a6a1e2a88 .functor BUFZ 1, c4<z>; HiZ drive
v0x55555c062780_0 .net "CLOCK", 0 0, o0x7f8a6a1e2a88;  0 drivers
o0x7f8a6a1e2ab8 .functor BUFZ 16, c4<zzzzzzzzzzzzzzzz>; HiZ drive
v0x55555c062820_0 .net "DATAIN", 15 0, o0x7f8a6a1e2ab8;  0 drivers
v0x55555c062900_0 .var "DATAOUT", 15 0;
o0x7f8a6a1e2b18 .functor BUFZ 4, c4<zzzz>; HiZ drive
v0x55555c0629e0_0 .net "MASKWREN", 3 0, o0x7f8a6a1e2b18;  0 drivers
o0x7f8a6a1e2b48 .functor BUFZ 1, c4<z>; HiZ drive
v0x55555c062ac0_0 .net "POWEROFF", 0 0, o0x7f8a6a1e2b48;  0 drivers
v0x55555c062b80_0 .net "SLEEP", 0 0, o0x7f8a6a1e2b78;  0 drivers
o0x7f8a6a1e2ba8 .functor BUFZ 1, c4<z>; HiZ drive
v0x55555c062c40_0 .net "STANDBY", 0 0, o0x7f8a6a1e2ba8;  0 drivers
o0x7f8a6a1e2bd8 .functor BUFZ 1, c4<z>; HiZ drive
v0x55555c062d00_0 .net "WREN", 0 0, o0x7f8a6a1e2bd8;  0 drivers
v0x55555c062dc0_0 .net *"_ivl_1", 0 0, L_0x55555c0920c0;  1 drivers
v0x55555c062e80_0 .var/i "i", 31 0;
v0x55555c062f60 .array "mem", 16383 0, 15 0;
v0x55555c063020_0 .net "off", 0 0, L_0x55555c0921c0;  1 drivers
E_0x55555c0624e0 .event posedge, v0x55555c063020_0, v0x55555c062780_0;
E_0x55555c062560 .event negedge, v0x55555c062ac0_0;
L_0x55555c0920c0 .reduce/nor o0x7f8a6a1e2b48;
S_0x55555bf70170 .scope module, "SB_WARMBOOT" "SB_WARMBOOT" 8 2593;
 .timescale -12 -12;
    .port_info 0 /INPUT 1 "BOOT";
    .port_info 1 /INPUT 1 "S1";
    .port_info 2 /INPUT 1 "S0";
o0x7f8a6a1e2e78 .functor BUFZ 1, c4<z>; HiZ drive
v0x55555c063220_0 .net "BOOT", 0 0, o0x7f8a6a1e2e78;  0 drivers
o0x7f8a6a1e2ea8 .functor BUFZ 1, c4<z>; HiZ drive
v0x55555c063300_0 .net "S0", 0 0, o0x7f8a6a1e2ea8;  0 drivers
o0x7f8a6a1e2ed8 .functor BUFZ 1, c4<z>; HiZ drive
v0x55555c0633c0_0 .net "S1", 0 0, o0x7f8a6a1e2ed8;  0 drivers
S_0x55555bf697c0 .scope module, "Xor" "Xor" 20 7;
 .timescale -12 -12;
    .port_info 0 /INPUT 1 "a";
    .port_info 1 /INPUT 1 "b";
    .port_info 2 /OUTPUT 1 "out";
o0x7f8a6a1e3028 .functor BUFZ 1, c4<z>; HiZ drive
o0x7f8a6a1e3058 .functor BUFZ 1, c4<z>; HiZ drive
L_0x55555c0922e0 .functor XNOR 1, o0x7f8a6a1e3028, o0x7f8a6a1e3058, C4<0>, C4<0>;
v0x55555c0634e0_0 .net *"_ivl_0", 0 0, L_0x55555c0922e0;  1 drivers
L_0x7f8a6a186c78 .functor BUFT 1, C4<0>, C4<0>, C4<0>, C4<0>;
v0x55555c0635a0_0 .net/2u *"_ivl_2", 0 0, L_0x7f8a6a186c78;  1 drivers
L_0x7f8a6a186cc0 .functor BUFT 1, C4<1>, C4<0>, C4<0>, C4<0>;
v0x55555c063680_0 .net/2u *"_ivl_4", 0 0, L_0x7f8a6a186cc0;  1 drivers
v0x55555c063770_0 .net "a", 0 0, o0x7f8a6a1e3028;  0 drivers
v0x55555c063830_0 .net "b", 0 0, o0x7f8a6a1e3058;  0 drivers
v0x55555c0638f0_0 .net "out", 0 0, L_0x55555c092410;  1 drivers
L_0x55555c092410 .functor MUXZ 1, L_0x7f8a6a186cc0, L_0x7f8a6a186c78, L_0x55555c0922e0, C4<>;
    .scope S_0x55555bf65720;
T_3 ;
    %pushi/vec4 0, 0, 1;
    %store/vec4 v0x55555bd64940_0, 0, 1;
    %pushi/vec4 0, 0, 1;
    %store/vec4 v0x55555bd64a00_0, 0, 1;
    %end;
    .thread T_3, $init;
    .scope S_0x55555bf65720;
T_4 ;
    %wait E_0x55555bdfa0e0;
    %load/vec4 v0x55555be09c70_0;
    %flag_set/vec4 8;
    %jmp/0xz  T_4.0, 8;
    %load/vec4 v0x55555bdf4e60_0;
    %flag_set/vec4 8;
    %jmp/0 T_4.2, 8;
    %pushi/vec4 0, 0, 1;
    %jmp/1 T_4.3, 8;
T_4.2 ; End of true expr.
    %load/vec4 v0x55555bd67c00_0;
    %jmp/0 T_4.3, 8;
 ; End of false expr.
    %blend;
T_4.3;
    %assign/vec4 v0x55555bd64940_0, 0;
T_4.0 ;
    %jmp T_4;
    .thread T_4;
    .scope S_0x55555bf65720;
T_5 ;
    %wait E_0x55555bdfa060;
    %load/vec4 v0x55555bdf4e60_0;
    %flag_set/vec4 8;
    %jmp/0xz  T_5.0, 8;
    %pushi/vec4 0, 0, 1;
    %assign/vec4 v0x55555bd64a00_0, 0;
    %jmp T_5.1;
T_5.0 ;
    %load/vec4 v0x55555be09c70_0;
    %flag_set/vec4 8;
    %jmp/0xz  T_5.2, 8;
    %load/vec4 v0x55555bd67c00_0;
    %assign/vec4 v0x55555bd64a00_0, 0;
T_5.2 ;
T_5.1 ;
    %jmp T_5;
    .thread T_5;
    .scope S_0x55555bd76610;
T_6 ;
    %pushi/vec4 0, 0, 32;
    %store/vec4 v0x55555bd70cc0_0, 0, 32;
T_6.0 ; Top of for-loop
    %load/vec4 v0x55555bd70cc0_0;
    %cmpi/s 16, 0, 32;
	  %jmp/0xz T_6.1, 5;
    %pushi/vec4 0, 0, 256;
    %load/vec4 v0x55555bd70cc0_0;
    %muli 16, 0, 32;
    %part/s 16;
    %pushi/vec4 0, 0, 32;
    %load/vec4 v0x55555bd70cc0_0;
    %add;
    %ix/vec4/s 4;
    %store/vec4a v0x55555bd70da0, 4, 0;
    %pushi/vec4 0, 0, 256;
    %load/vec4 v0x55555bd70cc0_0;
    %muli 16, 0, 32;
    %part/s 16;
    %pushi/vec4 16, 0, 32;
    %load/vec4 v0x55555bd70cc0_0;
    %add;
    %ix/vec4/s 4;
    %store/vec4a v0x55555bd70da0, 4, 0;
    %pushi/vec4 0, 0, 256;
    %load/vec4 v0x55555bd70cc0_0;
    %muli 16, 0, 32;
    %part/s 16;
    %pushi/vec4 32, 0, 32;
    %load/vec4 v0x55555bd70cc0_0;
    %add;
    %ix/vec4/s 4;
    %store/vec4a v0x55555bd70da0, 4, 0;
    %pushi/vec4 0, 0, 256;
    %load/vec4 v0x55555bd70cc0_0;
    %muli 16, 0, 32;
    %part/s 16;
    %pushi/vec4 48, 0, 32;
    %load/vec4 v0x55555bd70cc0_0;
    %add;
    %ix/vec4/s 4;
    %store/vec4a v0x55555bd70da0, 4, 0;
    %pushi/vec4 0, 0, 256;
    %load/vec4 v0x55555bd70cc0_0;
    %muli 16, 0, 32;
    %part/s 16;
    %pushi/vec4 64, 0, 32;
    %load/vec4 v0x55555bd70cc0_0;
    %add;
    %ix/vec4/s 4;
    %store/vec4a v0x55555bd70da0, 4, 0;
    %pushi/vec4 0, 0, 256;
    %load/vec4 v0x55555bd70cc0_0;
    %muli 16, 0, 32;
    %part/s 16;
    %pushi/vec4 80, 0, 32;
    %load/vec4 v0x55555bd70cc0_0;
    %add;
    %ix/vec4/s 4;
    %store/vec4a v0x55555bd70da0, 4, 0;
    %pushi/vec4 0, 0, 256;
    %load/vec4 v0x55555bd70cc0_0;
    %muli 16, 0, 32;
    %part/s 16;
    %pushi/vec4 96, 0, 32;
    %load/vec4 v0x55555bd70cc0_0;
    %add;
    %ix/vec4/s 4;
    %store/vec4a v0x55555bd70da0, 4, 0;
    %pushi/vec4 0, 0, 256;
    %load/vec4 v0x55555bd70cc0_0;
    %muli 16, 0, 32;
    %part/s 16;
    %pushi/vec4 112, 0, 32;
    %load/vec4 v0x55555bd70cc0_0;
    %add;
    %ix/vec4/s 4;
    %store/vec4a v0x55555bd70da0, 4, 0;
    %pushi/vec4 0, 0, 256;
    %load/vec4 v0x55555bd70cc0_0;
    %muli 16, 0, 32;
    %part/s 16;
    %pushi/vec4 128, 0, 32;
    %load/vec4 v0x55555bd70cc0_0;
    %add;
    %ix/vec4/s 4;
    %store/vec4a v0x55555bd70da0, 4, 0;
    %pushi/vec4 0, 0, 256;
    %load/vec4 v0x55555bd70cc0_0;
    %muli 16, 0, 32;
    %part/s 16;
    %pushi/vec4 144, 0, 32;
    %load/vec4 v0x55555bd70cc0_0;
    %add;
    %ix/vec4/s 4;
    %store/vec4a v0x55555bd70da0, 4, 0;
    %pushi/vec4 0, 0, 256;
    %load/vec4 v0x55555bd70cc0_0;
    %muli 16, 0, 32;
    %part/s 16;
    %pushi/vec4 160, 0, 32;
    %load/vec4 v0x55555bd70cc0_0;
    %add;
    %ix/vec4/s 4;
    %store/vec4a v0x55555bd70da0, 4, 0;
    %pushi/vec4 0, 0, 256;
    %load/vec4 v0x55555bd70cc0_0;
    %muli 16, 0, 32;
    %part/s 16;
    %pushi/vec4 176, 0, 32;
    %load/vec4 v0x55555bd70cc0_0;
    %add;
    %ix/vec4/s 4;
    %store/vec4a v0x55555bd70da0, 4, 0;
    %pushi/vec4 0, 0, 256;
    %load/vec4 v0x55555bd70cc0_0;
    %muli 16, 0, 32;
    %part/s 16;
    %pushi/vec4 192, 0, 32;
    %load/vec4 v0x55555bd70cc0_0;
    %add;
    %ix/vec4/s 4;
    %store/vec4a v0x55555bd70da0, 4, 0;
    %pushi/vec4 0, 0, 256;
    %load/vec4 v0x55555bd70cc0_0;
    %muli 16, 0, 32;
    %part/s 16;
    %pushi/vec4 208, 0, 32;
    %load/vec4 v0x55555bd70cc0_0;
    %add;
    %ix/vec4/s 4;
    %store/vec4a v0x55555bd70da0, 4, 0;
    %pushi/vec4 0, 0, 256;
    %load/vec4 v0x55555bd70cc0_0;
    %muli 16, 0, 32;
    %part/s 16;
    %pushi/vec4 224, 0, 32;
    %load/vec4 v0x55555bd70cc0_0;
    %add;
    %ix/vec4/s 4;
    %store/vec4a v0x55555bd70da0, 4, 0;
    %pushi/vec4 0, 0, 256;
    %load/vec4 v0x55555bd70cc0_0;
    %muli 16, 0, 32;
    %part/s 16;
    %pushi/vec4 240, 0, 32;
    %load/vec4 v0x55555bd70cc0_0;
    %add;
    %ix/vec4/s 4;
    %store/vec4a v0x55555bd70da0, 4, 0;
T_6.2 ; for-loop step statement
    %load/vec4 v0x55555bd70cc0_0;
    %addi 1, 0, 32;
    %store/vec4 v0x55555bd70cc0_0, 0, 32;
    %jmp T_6.0;
T_6.1 ; for-loop exit label
    %end;
    .thread T_6;
    .scope S_0x55555bd76610;
T_7 ;
    %wait E_0x55555bd76b20;
    %load/vec4 v0x55555bd70b20_0;
    %flag_set/vec4 9;
    %flag_get/vec4 9;
    %jmp/0 T_7.2, 9;
    %load/vec4 v0x55555bd720d0_0;
    %and;
T_7.2;
    %flag_set/vec4 8;
    %jmp/0xz  T_7.0, 8;
    %load/vec4 v0x55555bd70be0_0;
    %parti/s 1, 0, 2;
    %nor/r;
    %flag_set/vec4 8;
    %jmp/0xz  T_7.3, 8;
    %load/vec4 v0x55555bd70a40_0;
    %parti/s 1, 0, 2;
    %load/vec4 v0x55555bd71f30_0;
    %parti/s 8, 0, 2;
    %pad/u 10;
    %ix/vec4 3;
    %ix/load 4, 0, 0; Constant delay
    %assign/vec4/a/d v0x55555bd70da0, 0, 4;
T_7.3 ;
    %load/vec4 v0x55555bd70be0_0;
    %parti/s 1, 1, 2;
    %nor/r;
    %flag_set/vec4 8;
    %jmp/0xz  T_7.5, 8;
    %load/vec4 v0x55555bd70a40_0;
    %parti/s 1, 1, 2;
    %load/vec4 v0x55555bd71f30_0;
    %parti/s 8, 0, 2;
    %pad/u 10;
    %ix/vec4 3;
    %ix/load 4, 1, 0; part off
    %ix/load 5, 0, 0; Constant delay
    %assign/vec4/a/d v0x55555bd70da0, 4, 5;
T_7.5 ;
    %load/vec4 v0x55555bd70be0_0;
    %parti/s 1, 2, 3;
    %nor/r;
    %flag_set/vec4 8;
    %jmp/0xz  T_7.7, 8;
    %load/vec4 v0x55555bd70a40_0;
    %parti/s 1, 2, 3;
    %load/vec4 v0x55555bd71f30_0;
    %parti/s 8, 0, 2;
    %pad/u 10;
    %ix/vec4 3;
    %ix/load 4, 2, 0; part off
    %ix/load 5, 0, 0; Constant delay
    %assign/vec4/a/d v0x55555bd70da0, 4, 5;
T_7.7 ;
    %load/vec4 v0x55555bd70be0_0;
    %parti/s 1, 3, 3;
    %nor/r;
    %flag_set/vec4 8;
    %jmp/0xz  T_7.9, 8;
    %load/vec4 v0x55555bd70a40_0;
    %parti/s 1, 3, 3;
    %load/vec4 v0x55555bd71f30_0;
    %parti/s 8, 0, 2;
    %pad/u 10;
    %ix/vec4 3;
    %ix/load 4, 3, 0; part off
    %ix/load 5, 0, 0; Constant delay
    %assign/vec4/a/d v0x55555bd70da0, 4, 5;
T_7.9 ;
    %load/vec4 v0x55555bd70be0_0;
    %parti/s 1, 4, 4;
    %nor/r;
    %flag_set/vec4 8;
    %jmp/0xz  T_7.11, 8;
    %load/vec4 v0x55555bd70a40_0;
    %parti/s 1, 4, 4;
    %load/vec4 v0x55555bd71f30_0;
    %parti/s 8, 0, 2;
    %pad/u 10;
    %ix/vec4 3;
    %ix/load 4, 4, 0; part off
    %ix/load 5, 0, 0; Constant delay
    %assign/vec4/a/d v0x55555bd70da0, 4, 5;
T_7.11 ;
    %load/vec4 v0x55555bd70be0_0;
    %parti/s 1, 5, 4;
    %nor/r;
    %flag_set/vec4 8;
    %jmp/0xz  T_7.13, 8;
    %load/vec4 v0x55555bd70a40_0;
    %parti/s 1, 5, 4;
    %load/vec4 v0x55555bd71f30_0;
    %parti/s 8, 0, 2;
    %pad/u 10;
    %ix/vec4 3;
    %ix/load 4, 5, 0; part off
    %ix/load 5, 0, 0; Constant delay
    %assign/vec4/a/d v0x55555bd70da0, 4, 5;
T_7.13 ;
    %load/vec4 v0x55555bd70be0_0;
    %parti/s 1, 6, 4;
    %nor/r;
    %flag_set/vec4 8;
    %jmp/0xz  T_7.15, 8;
    %load/vec4 v0x55555bd70a40_0;
    %parti/s 1, 6, 4;
    %load/vec4 v0x55555bd71f30_0;
    %parti/s 8, 0, 2;
    %pad/u 10;
    %ix/vec4 3;
    %ix/load 4, 6, 0; part off
    %ix/load 5, 0, 0; Constant delay
    %assign/vec4/a/d v0x55555bd70da0, 4, 5;
T_7.15 ;
    %load/vec4 v0x55555bd70be0_0;
    %parti/s 1, 7, 4;
    %nor/r;
    %flag_set/vec4 8;
    %jmp/0xz  T_7.17, 8;
    %load/vec4 v0x55555bd70a40_0;
    %parti/s 1, 7, 4;
    %load/vec4 v0x55555bd71f30_0;
    %parti/s 8, 0, 2;
    %pad/u 10;
    %ix/vec4 3;
    %ix/load 4, 7, 0; part off
    %ix/load 5, 0, 0; Constant delay
    %assign/vec4/a/d v0x55555bd70da0, 4, 5;
T_7.17 ;
    %load/vec4 v0x55555bd70be0_0;
    %parti/s 1, 8, 5;
    %nor/r;
    %flag_set/vec4 8;
    %jmp/0xz  T_7.19, 8;
    %load/vec4 v0x55555bd70a40_0;
    %parti/s 1, 8, 5;
    %load/vec4 v0x55555bd71f30_0;
    %parti/s 8, 0, 2;
    %pad/u 10;
    %ix/vec4 3;
    %ix/load 4, 8, 0; part off
    %ix/load 5, 0, 0; Constant delay
    %assign/vec4/a/d v0x55555bd70da0, 4, 5;
T_7.19 ;
    %load/vec4 v0x55555bd70be0_0;
    %parti/s 1, 9, 5;
    %nor/r;
    %flag_set/vec4 8;
    %jmp/0xz  T_7.21, 8;
    %load/vec4 v0x55555bd70a40_0;
    %parti/s 1, 9, 5;
    %load/vec4 v0x55555bd71f30_0;
    %parti/s 8, 0, 2;
    %pad/u 10;
    %ix/vec4 3;
    %ix/load 4, 9, 0; part off
    %ix/load 5, 0, 0; Constant delay
    %assign/vec4/a/d v0x55555bd70da0, 4, 5;
T_7.21 ;
    %load/vec4 v0x55555bd70be0_0;
    %parti/s 1, 10, 5;
    %nor/r;
    %flag_set/vec4 8;
    %jmp/0xz  T_7.23, 8;
    %load/vec4 v0x55555bd70a40_0;
    %parti/s 1, 10, 5;
    %load/vec4 v0x55555bd71f30_0;
    %parti/s 8, 0, 2;
    %pad/u 10;
    %ix/vec4 3;
    %ix/load 4, 10, 0; part off
    %ix/load 5, 0, 0; Constant delay
    %assign/vec4/a/d v0x55555bd70da0, 4, 5;
T_7.23 ;
    %load/vec4 v0x55555bd70be0_0;
    %parti/s 1, 11, 5;
    %nor/r;
    %flag_set/vec4 8;
    %jmp/0xz  T_7.25, 8;
    %load/vec4 v0x55555bd70a40_0;
    %parti/s 1, 11, 5;
    %load/vec4 v0x55555bd71f30_0;
    %parti/s 8, 0, 2;
    %pad/u 10;
    %ix/vec4 3;
    %ix/load 4, 11, 0; part off
    %ix/load 5, 0, 0; Constant delay
    %assign/vec4/a/d v0x55555bd70da0, 4, 5;
T_7.25 ;
    %load/vec4 v0x55555bd70be0_0;
    %parti/s 1, 12, 5;
    %nor/r;
    %flag_set/vec4 8;
    %jmp/0xz  T_7.27, 8;
    %load/vec4 v0x55555bd70a40_0;
    %parti/s 1, 12, 5;
    %load/vec4 v0x55555bd71f30_0;
    %parti/s 8, 0, 2;
    %pad/u 10;
    %ix/vec4 3;
    %ix/load 4, 12, 0; part off
    %ix/load 5, 0, 0; Constant delay
    %assign/vec4/a/d v0x55555bd70da0, 4, 5;
T_7.27 ;
    %load/vec4 v0x55555bd70be0_0;
    %parti/s 1, 13, 5;
    %nor/r;
    %flag_set/vec4 8;
    %jmp/0xz  T_7.29, 8;
    %load/vec4 v0x55555bd70a40_0;
    %parti/s 1, 13, 5;
    %load/vec4 v0x55555bd71f30_0;
    %parti/s 8, 0, 2;
    %pad/u 10;
    %ix/vec4 3;
    %ix/load 4, 13, 0; part off
    %ix/load 5, 0, 0; Constant delay
    %assign/vec4/a/d v0x55555bd70da0, 4, 5;
T_7.29 ;
    %load/vec4 v0x55555bd70be0_0;
    %parti/s 1, 14, 5;
    %nor/r;
    %flag_set/vec4 8;
    %jmp/0xz  T_7.31, 8;
    %load/vec4 v0x55555bd70a40_0;
    %parti/s 1, 14, 5;
    %load/vec4 v0x55555bd71f30_0;
    %parti/s 8, 0, 2;
    %pad/u 10;
    %ix/vec4 3;
    %ix/load 4, 14, 0; part off
    %ix/load 5, 0, 0; Constant delay
    %assign/vec4/a/d v0x55555bd70da0, 4, 5;
T_7.31 ;
    %load/vec4 v0x55555bd70be0_0;
    %parti/s 1, 15, 5;
    %nor/r;
    %flag_set/vec4 8;
    %jmp/0xz  T_7.33, 8;
    %load/vec4 v0x55555bd70a40_0;
    %parti/s 1, 15, 5;
    %load/vec4 v0x55555bd71f30_0;
    %parti/s 8, 0, 2;
    %pad/u 10;
    %ix/vec4 3;
    %ix/load 4, 15, 0; part off
    %ix/load 5, 0, 0; Constant delay
    %assign/vec4/a/d v0x55555bd70da0, 4, 5;
T_7.33 ;
T_7.0 ;
    %jmp T_7;
    .thread T_7;
    .scope S_0x55555bd76610;
T_8 ;
    %wait E_0x55555bdfa140;
    %load/vec4 v0x55555bd71d90_0;
    %flag_set/vec4 9;
    %flag_get/vec4 9;
    %jmp/0 T_8.2, 9;
    %load/vec4 v0x55555bd7bb10_0;
    %and;
T_8.2;
    %flag_set/vec4 8;
    %jmp/0xz  T_8.0, 8;
    %load/vec4 v0x55555bd7b960_0;
    %parti/s 8, 0, 2;
    %pad/u 10;
    %ix/vec4 4;
    %load/vec4a v0x55555bd70da0, 4;
    %load/vec4 v0x55555bd71e50_0;
    %inv;
    %and;
    %assign/vec4 v0x55555bd7f640_0, 0;
T_8.0 ;
    %jmp T_8;
    .thread T_8;
    .scope S_0x55555bf677c0;
T_9 ;
    %pushi/vec4 0, 0, 1;
    %store/vec4 v0x55555c031280_0, 0, 1;
    %pushi/vec4 0, 0, 16;
    %store/vec4 v0x55555c0314c0_0, 0, 16;
    %end;
    .thread T_9, $init;
    .scope S_0x55555bf677c0;
T_10 ;
    %vpi_call/w 10 40 "$dumpvars", 32'sb00000000000000000000000000000000, S_0x55555bf677c0 {0 0 0};
    %vpi_call/w 10 42 "$display", "------------------------" {0 0 0};
    %vpi_call/w 10 43 "$display", "Testbench: Mux8Way16" {0 0 0};
    %pushi/vec4 0, 0, 16;
    %store/vec4 v0x55555c0314c0_0, 0, 16;
T_10.0 ; Top of for-loop
    %load/vec4 v0x55555c0314c0_0;
    %pad/u 32;
    %cmpi/u 100, 0, 32;
	  %jmp/0xz T_10.1, 5;
    %vpi_func 10 47 "$random" 32 {0 0 0};
    %pad/s 16;
    %store/vec4 v0x55555c030e00_0, 0, 16;
    %vpi_func 10 48 "$random" 32 {0 0 0};
    %pad/s 16;
    %store/vec4 v0x55555c030ec0_0, 0, 16;
    %vpi_func 10 49 "$random" 32 {0 0 0};
    %pad/s 16;
    %store/vec4 v0x55555c030f80_0, 0, 16;
    %vpi_func 10 50 "$random" 32 {0 0 0};
    %pad/s 16;
    %store/vec4 v0x55555c031040_0, 0, 16;
    %vpi_func 10 51 "$random" 32 {0 0 0};
    %pad/s 16;
    %store/vec4 v0x55555c031100_0, 0, 16;
    %vpi_func 10 52 "$random" 32 {0 0 0};
    %pad/s 16;
    %store/vec4 v0x55555c0311c0_0, 0, 16;
    %vpi_func 10 53 "$random" 32 {0 0 0};
    %pad/s 16;
    %store/vec4 v0x55555c031340_0, 0, 16;
    %vpi_func 10 54 "$random" 32 {0 0 0};
    %pad/s 16;
    %store/vec4 v0x55555c031400_0, 0, 16;
    %pushi/vec4 0, 0, 3;
    %store/vec4 v0x55555c031740_0, 0, 3;
    %fork TD_Mux8Way16_tb.check, S_0x55555c030030;
    %join;
    %pushi/vec4 1, 0, 3;
    %store/vec4 v0x55555c031740_0, 0, 3;
    %fork TD_Mux8Way16_tb.check, S_0x55555c030030;
    %join;
    %pushi/vec4 2, 0, 3;
    %store/vec4 v0x55555c031740_0, 0, 3;
    %fork TD_Mux8Way16_tb.check, S_0x55555c030030;
    %join;
    %pushi/vec4 3, 0, 3;
    %store/vec4 v0x55555c031740_0, 0, 3;
    %fork TD_Mux8Way16_tb.check, S_0x55555c030030;
    %join;
    %pushi/vec4 4, 0, 3;
    %store/vec4 v0x55555c031740_0, 0, 3;
    %fork TD_Mux8Way16_tb.check, S_0x55555c030030;
    %join;
    %pushi/vec4 5, 0, 3;
    %store/vec4 v0x55555c031740_0, 0, 3;
    %fork TD_Mux8Way16_tb.check, S_0x55555c030030;
    %join;
    %pushi/vec4 6, 0, 3;
    %store/vec4 v0x55555c031740_0, 0, 3;
    %fork TD_Mux8Way16_tb.check, S_0x55555c030030;
    %join;
    %pushi/vec4 7, 0, 3;
    %store/vec4 v0x55555c031740_0, 0, 3;
    %fork TD_Mux8Way16_tb.check, S_0x55555c030030;
    %join;
T_10.2 ; for-loop step statement
    %load/vec4 v0x55555c0314c0_0;
    %addi 1, 0, 16;
    %store/vec4 v0x55555c0314c0_0, 0, 16;
    %jmp T_10.0;
T_10.1 ; for-loop exit label
    %load/vec4 v0x55555c031280_0;
    %pad/u 32;
    %cmpi/e 0, 0, 32;
    %jmp/0xz  T_10.3, 4;
    %vpi_call/w 10 65 "$display", "passed" {0 0 0};
T_10.3 ;
    %vpi_call/w 10 66 "$display", "------------------------" {0 0 0};
    %vpi_call/w 10 67 "$finish" {0 0 0};
    %end;
    .thread T_10;
    .scope S_0x55555bfe7820;
T_11 ;
    %pushi/vec4 0, 0, 1;
    %store/vec4 v0x55555c035920_0, 0, 1;
    %end;
    .thread T_11;
    .scope S_0x55555bfe7820;
T_12 ;
    %wait E_0x55555bdfc930;
    %load/vec4 v0x55555c035860_0;
    %assign/vec4 v0x55555c035920_0, 0;
    %jmp T_12;
    .thread T_12;
    .scope S_0x55555bfe8bb0;
T_13 ;
    %pushi/vec4 0, 0, 1;
    %store/vec4 v0x55555c035ce0_0, 0, 1;
    %end;
    .thread T_13;
    .scope S_0x55555bfe8bb0;
T_14 ;
    %wait E_0x55555c035a40;
    %load/vec4 v0x55555c035c40_0;
    %flag_set/vec4 8;
    %jmp/0xz  T_14.0, 8;
    %load/vec4 v0x55555c035b80_0;
    %assign/vec4 v0x55555c035ce0_0, 0;
T_14.0 ;
    %jmp T_14;
    .thread T_14;
    .scope S_0x55555bffce40;
T_15 ;
    %pushi/vec4 0, 0, 1;
    %store/vec4 v0x55555c0360e0_0, 0, 1;
    %end;
    .thread T_15;
    .scope S_0x55555bffce40;
T_16 ;
    %wait E_0x55555c035e20;
    %load/vec4 v0x55555c0361a0_0;
    %flag_set/vec4 8;
    %jmp/0xz  T_16.0, 8;
    %pushi/vec4 0, 0, 1;
    %assign/vec4 v0x55555c0360e0_0, 0;
    %jmp T_16.1;
T_16.0 ;
    %load/vec4 v0x55555c036040_0;
    %flag_set/vec4 8;
    %jmp/0xz  T_16.2, 8;
    %load/vec4 v0x55555c035f80_0;
    %assign/vec4 v0x55555c0360e0_0, 0;
T_16.2 ;
T_16.1 ;
    %jmp T_16;
    .thread T_16;
    .scope S_0x55555bffca50;
T_17 ;
    %pushi/vec4 0, 0, 1;
    %store/vec4 v0x55555c036610_0, 0, 1;
    %end;
    .thread T_17;
    .scope S_0x55555bffca50;
T_18 ;
    %wait E_0x55555c036350;
    %load/vec4 v0x55555c0366d0_0;
    %flag_set/vec4 8;
    %jmp/0xz  T_18.0, 8;
    %pushi/vec4 1, 0, 1;
    %assign/vec4 v0x55555c036610_0, 0;
    %jmp T_18.1;
T_18.0 ;
    %load/vec4 v0x55555c036570_0;
    %flag_set/vec4 8;
    %jmp/0xz  T_18.2, 8;
    %load/vec4 v0x55555c0364b0_0;
    %assign/vec4 v0x55555c036610_0, 0;
T_18.2 ;
T_18.1 ;
    %jmp T_18;
    .thread T_18;
    .scope S_0x55555bfeb2e0;
T_19 ;
    %pushi/vec4 0, 0, 1;
    %store/vec4 v0x55555c036b40_0, 0, 1;
    %end;
    .thread T_19;
    .scope S_0x55555bfeb2e0;
T_20 ;
    %wait E_0x55555c036880;
    %load/vec4 v0x55555c036aa0_0;
    %flag_set/vec4 8;
    %jmp/0xz  T_20.0, 8;
    %load/vec4 v0x55555c036c00_0;
    %flag_set/vec4 8;
    %jmp/0xz  T_20.2, 8;
    %pushi/vec4 0, 0, 1;
    %assign/vec4 v0x55555c036b40_0, 0;
    %jmp T_20.3;
T_20.2 ;
    %load/vec4 v0x55555c0369e0_0;
    %assign/vec4 v0x55555c036b40_0, 0;
T_20.3 ;
T_20.0 ;
    %jmp T_20;
    .thread T_20;
    .scope S_0x55555bfeaef0;
T_21 ;
    %pushi/vec4 0, 0, 1;
    %store/vec4 v0x55555c037070_0, 0, 1;
    %end;
    .thread T_21;
    .scope S_0x55555bfeaef0;
T_22 ;
    %wait E_0x55555c036db0;
    %load/vec4 v0x55555c036fd0_0;
    %flag_set/vec4 8;
    %jmp/0xz  T_22.0, 8;
    %load/vec4 v0x55555c037130_0;
    %flag_set/vec4 8;
    %jmp/0xz  T_22.2, 8;
    %pushi/vec4 1, 0, 1;
    %assign/vec4 v0x55555c037070_0, 0;
    %jmp T_22.3;
T_22.2 ;
    %load/vec4 v0x55555c036f10_0;
    %assign/vec4 v0x55555c037070_0, 0;
T_22.3 ;
T_22.0 ;
    %jmp T_22;
    .thread T_22;
    .scope S_0x55555bfea720;
T_23 ;
    %pushi/vec4 0, 0, 1;
    %store/vec4 v0x55555c037500_0, 0, 1;
    %end;
    .thread T_23;
    .scope S_0x55555bfea720;
T_24 ;
    %wait E_0x55555c0372e0;
    %load/vec4 v0x55555c037440_0;
    %assign/vec4 v0x55555c037500_0, 0;
    %jmp T_24;
    .thread T_24;
    .scope S_0x55555bfe5530;
T_25 ;
    %pushi/vec4 0, 0, 1;
    %store/vec4 v0x55555c0378c0_0, 0, 1;
    %end;
    .thread T_25;
    .scope S_0x55555bfe5530;
T_26 ;
    %wait E_0x55555c037620;
    %load/vec4 v0x55555c037820_0;
    %flag_set/vec4 8;
    %jmp/0xz  T_26.0, 8;
    %load/vec4 v0x55555c037760_0;
    %assign/vec4 v0x55555c0378c0_0, 0;
T_26.0 ;
    %jmp T_26;
    .thread T_26;
    .scope S_0x55555bfdfee0;
T_27 ;
    %pushi/vec4 0, 0, 1;
    %store/vec4 v0x55555c037cc0_0, 0, 1;
    %end;
    .thread T_27;
    .scope S_0x55555bfdfee0;
T_28 ;
    %wait E_0x55555c037a00;
    %load/vec4 v0x55555c037d80_0;
    %flag_set/vec4 8;
    %jmp/0xz  T_28.0, 8;
    %pushi/vec4 0, 0, 1;
    %assign/vec4 v0x55555c037cc0_0, 0;
    %jmp T_28.1;
T_28.0 ;
    %load/vec4 v0x55555c037c20_0;
    %flag_set/vec4 8;
    %jmp/0xz  T_28.2, 8;
    %load/vec4 v0x55555c037b60_0;
    %assign/vec4 v0x55555c037cc0_0, 0;
T_28.2 ;
T_28.1 ;
    %jmp T_28;
    .thread T_28;
    .scope S_0x55555bfc7ee0;
T_29 ;
    %pushi/vec4 0, 0, 1;
    %store/vec4 v0x55555c0381f0_0, 0, 1;
    %end;
    .thread T_29;
    .scope S_0x55555bfc7ee0;
T_30 ;
    %wait E_0x55555c037f30;
    %load/vec4 v0x55555c0382b0_0;
    %flag_set/vec4 8;
    %jmp/0xz  T_30.0, 8;
    %pushi/vec4 1, 0, 1;
    %assign/vec4 v0x55555c0381f0_0, 0;
    %jmp T_30.1;
T_30.0 ;
    %load/vec4 v0x55555c038150_0;
    %flag_set/vec4 8;
    %jmp/0xz  T_30.2, 8;
    %load/vec4 v0x55555c038090_0;
    %assign/vec4 v0x55555c0381f0_0, 0;
T_30.2 ;
T_30.1 ;
    %jmp T_30;
    .thread T_30;
    .scope S_0x55555bfc7af0;
T_31 ;
    %pushi/vec4 0, 0, 1;
    %store/vec4 v0x55555c038720_0, 0, 1;
    %end;
    .thread T_31;
    .scope S_0x55555bfc7af0;
T_32 ;
    %wait E_0x55555c038460;
    %load/vec4 v0x55555c038680_0;
    %flag_set/vec4 8;
    %jmp/0xz  T_32.0, 8;
    %load/vec4 v0x55555c0387e0_0;
    %flag_set/vec4 8;
    %jmp/0xz  T_32.2, 8;
    %pushi/vec4 0, 0, 1;
    %assign/vec4 v0x55555c038720_0, 0;
    %jmp T_32.3;
T_32.2 ;
    %load/vec4 v0x55555c0385c0_0;
    %assign/vec4 v0x55555c038720_0, 0;
T_32.3 ;
T_32.0 ;
    %jmp T_32;
    .thread T_32;
    .scope S_0x55555bfc4bf0;
T_33 ;
    %pushi/vec4 0, 0, 1;
    %store/vec4 v0x55555c038c50_0, 0, 1;
    %end;
    .thread T_33;
    .scope S_0x55555bfc4bf0;
T_34 ;
    %wait E_0x55555c038990;
    %load/vec4 v0x55555c038bb0_0;
    %flag_set/vec4 8;
    %jmp/0xz  T_34.0, 8;
    %load/vec4 v0x55555c038d10_0;
    %flag_set/vec4 8;
    %jmp/0xz  T_34.2, 8;
    %pushi/vec4 1, 0, 1;
    %assign/vec4 v0x55555c038c50_0, 0;
    %jmp T_34.3;
T_34.2 ;
    %load/vec4 v0x55555c038af0_0;
    %assign/vec4 v0x55555c038c50_0, 0;
T_34.3 ;
T_34.0 ;
    %jmp T_34;
    .thread T_34;
    .scope S_0x55555bfc4800;
T_35 ;
    %pushi/vec4 0, 0, 1;
    %store/vec4 v0x55555c0390e0_0, 0, 1;
    %end;
    .thread T_35;
    .scope S_0x55555bfc4800;
T_36 ;
    %wait E_0x55555c038ec0;
    %load/vec4 v0x55555c039180_0;
    %flag_set/vec4 8;
    %jmp/0xz  T_36.0, 8;
    %pushi/vec4 0, 0, 1;
    %assign/vec4 v0x55555c0390e0_0, 0;
    %jmp T_36.1;
T_36.0 ;
    %load/vec4 v0x55555c039020_0;
    %assign/vec4 v0x55555c0390e0_0, 0;
T_36.1 ;
    %jmp T_36;
    .thread T_36;
    .scope S_0x55555bfbea60;
T_37 ;
    %pushi/vec4 0, 0, 1;
    %store/vec4 v0x55555c0394e0_0, 0, 1;
    %end;
    .thread T_37;
    .scope S_0x55555bfbea60;
T_38 ;
    %wait E_0x55555c0392c0;
    %load/vec4 v0x55555c039580_0;
    %flag_set/vec4 8;
    %jmp/0xz  T_38.0, 8;
    %pushi/vec4 1, 0, 1;
    %assign/vec4 v0x55555c0394e0_0, 0;
    %jmp T_38.1;
T_38.0 ;
    %load/vec4 v0x55555c039420_0;
    %assign/vec4 v0x55555c0394e0_0, 0;
T_38.1 ;
    %jmp T_38;
    .thread T_38;
    .scope S_0x55555bfc1790;
T_39 ;
    %pushi/vec4 0, 0, 1;
    %store/vec4 v0x55555c039910_0, 0, 1;
    %end;
    .thread T_39;
    .scope S_0x55555bfc1790;
T_40 ;
    %wait E_0x55555c0396f0;
    %load/vec4 v0x55555c0399b0_0;
    %flag_set/vec4 8;
    %jmp/0xz  T_40.0, 8;
    %pushi/vec4 0, 0, 1;
    %assign/vec4 v0x55555c039910_0, 0;
    %jmp T_40.1;
T_40.0 ;
    %load/vec4 v0x55555c039850_0;
    %assign/vec4 v0x55555c039910_0, 0;
T_40.1 ;
    %jmp T_40;
    .thread T_40;
    .scope S_0x55555bfc13a0;
T_41 ;
    %pushi/vec4 0, 0, 1;
    %store/vec4 v0x55555c039d40_0, 0, 1;
    %end;
    .thread T_41;
    .scope S_0x55555bfc13a0;
T_42 ;
    %wait E_0x55555c039b20;
    %load/vec4 v0x55555c039de0_0;
    %flag_set/vec4 8;
    %jmp/0xz  T_42.0, 8;
    %pushi/vec4 1, 0, 1;
    %assign/vec4 v0x55555c039d40_0, 0;
    %jmp T_42.1;
T_42.0 ;
    %load/vec4 v0x55555c039c80_0;
    %assign/vec4 v0x55555c039d40_0, 0;
T_42.1 ;
    %jmp T_42;
    .thread T_42;
    .scope S_0x55555bfbe6a0;
T_43 ;
    %pushi/vec4 0, 0, 1;
    %store/vec4 v0x55555c03a170_0, 0, 1;
    %end;
    .thread T_43;
    .scope S_0x55555bfbe6a0;
T_44 ;
    %wait E_0x55555c039f50;
    %load/vec4 v0x55555c03a210_0;
    %flag_set/vec4 8;
    %jmp/0xz  T_44.0, 8;
    %pushi/vec4 0, 0, 1;
    %assign/vec4 v0x55555c03a170_0, 0;
    %jmp T_44.1;
T_44.0 ;
    %load/vec4 v0x55555c03a0b0_0;
    %assign/vec4 v0x55555c03a170_0, 0;
T_44.1 ;
    %jmp T_44;
    .thread T_44;
    .scope S_0x55555bf8c230;
T_45 ;
    %pushi/vec4 0, 0, 1;
    %store/vec4 v0x55555c03a5a0_0, 0, 1;
    %end;
    .thread T_45;
    .scope S_0x55555bf8c230;
T_46 ;
    %wait E_0x55555c03a380;
    %load/vec4 v0x55555c03a640_0;
    %flag_set/vec4 8;
    %jmp/0xz  T_46.0, 8;
    %pushi/vec4 1, 0, 1;
    %assign/vec4 v0x55555c03a5a0_0, 0;
    %jmp T_46.1;
T_46.0 ;
    %load/vec4 v0x55555c03a4e0_0;
    %assign/vec4 v0x55555c03a5a0_0, 0;
T_46.1 ;
    %jmp T_46;
    .thread T_46;
    .scope S_0x55555bf8bef0;
T_47 ;
    %pushi/vec4 0, 0, 1;
    %store/vec4 v0x55555c03a9d0_0, 0, 1;
    %end;
    .thread T_47;
    .scope S_0x55555bf8bef0;
T_48 ;
    %wait E_0x55555c03a7b0;
    %load/vec4 v0x55555c03aa70_0;
    %flag_set/vec4 8;
    %jmp/0xz  T_48.0, 8;
    %pushi/vec4 0, 0, 1;
    %assign/vec4 v0x55555c03a9d0_0, 0;
    %jmp T_48.1;
T_48.0 ;
    %load/vec4 v0x55555c03a910_0;
    %assign/vec4 v0x55555c03a9d0_0, 0;
T_48.1 ;
    %jmp T_48;
    .thread T_48;
    .scope S_0x55555bf87de0;
T_49 ;
    %pushi/vec4 0, 0, 1;
    %store/vec4 v0x55555c03ae00_0, 0, 1;
    %end;
    .thread T_49;
    .scope S_0x55555bf87de0;
T_50 ;
    %wait E_0x55555c03abe0;
    %load/vec4 v0x55555c03aea0_0;
    %flag_set/vec4 8;
    %jmp/0xz  T_50.0, 8;
    %pushi/vec4 1, 0, 1;
    %assign/vec4 v0x55555c03ae00_0, 0;
    %jmp T_50.1;
T_50.0 ;
    %load/vec4 v0x55555c03ad40_0;
    %assign/vec4 v0x55555c03ae00_0, 0;
T_50.1 ;
    %jmp T_50;
    .thread T_50;
    .scope S_0x55555c03b960;
T_51 ;
    %wait E_0x55555c03bc80;
    %load/vec4 v0x55555c03c660_0;
    %assign/vec4 v0x55555c03c720_0, 0;
    %jmp T_51;
    .thread T_51;
    .scope S_0x55555c03b960;
T_52 ;
    %wait E_0x55555c03bc80;
    %load/vec4 v0x55555c03c660_0;
    %flag_set/vec4 8;
    %jmp/0xz  T_52.0, 8;
    %load/vec4 v0x55555c03c400_0;
    %assign/vec4 v0x55555c03cb30_0, 0;
T_52.0 ;
    %jmp T_52;
    .thread T_52;
    .scope S_0x55555c03b960;
T_53 ;
    %wait E_0x55555c03bc20;
    %load/vec4 v0x55555c03c720_0;
    %flag_set/vec4 8;
    %jmp/0xz  T_53.0, 8;
    %load/vec4 v0x55555c03c400_0;
    %assign/vec4 v0x55555c03cbf0_0, 0;
T_53.0 ;
    %jmp T_53;
    .thread T_53;
    .scope S_0x55555c03b960;
T_54 ;
    %wait E_0x55555c03bb40;
    %load/vec4 v0x55555c03c660_0;
    %assign/vec4 v0x55555c03c7e0_0, 0;
    %jmp T_54;
    .thread T_54;
    .scope S_0x55555c03b960;
T_55 ;
    %wait E_0x55555c03bb40;
    %load/vec4 v0x55555c03c660_0;
    %flag_set/vec4 8;
    %jmp/0xz  T_55.0, 8;
    %load/vec4 v0x55555c03bf30_0;
    %assign/vec4 v0x55555c03cd70_0, 0;
T_55.0 ;
    %jmp T_55;
    .thread T_55;
    .scope S_0x55555c03b960;
T_56 ;
    %wait E_0x55555c03bbc0;
    %load/vec4 v0x55555c03c7e0_0;
    %flag_set/vec4 8;
    %jmp/0xz  T_56.0, 8;
    %load/vec4 v0x55555c03bff0_0;
    %assign/vec4 v0x55555c03ce30_0, 0;
T_56.0 ;
    %jmp T_56;
    .thread T_56;
    .scope S_0x55555c03b960;
T_57 ;
    %wait E_0x55555c03bb40;
    %load/vec4 v0x55555c03c660_0;
    %flag_set/vec4 8;
    %jmp/0xz  T_57.0, 8;
    %load/vec4 v0x55555c03c340_0;
    %assign/vec4 v0x55555c03d070_0, 0;
T_57.0 ;
    %jmp T_57;
    .thread T_57;
    .scope S_0x55555c03b3f0;
T_58 ;
    %wait E_0x55555c03b8d0;
    %load/vec4 v0x55555c03cb30_0;
    %store/vec4 v0x55555c03c8a0_0, 0, 1;
    %load/vec4 v0x55555c03cbf0_0;
    %store/vec4 v0x55555c03c960_0, 0, 1;
    %jmp T_58;
    .thread T_58, $push;
    .scope S_0x55555c03b3f0;
T_59 ;
    %wait E_0x55555c03b870;
    %load/vec4 v0x55555c03c280_0;
    %assign/vec4 v0x55555c03cef0_0, 0;
    %jmp T_59;
    .thread T_59, $push;
    .scope S_0x55555c03b3f0;
T_60 ;
    %wait E_0x55555c03b810;
    %load/vec4 v0x55555c03cef0_0;
    %assign/vec4 v0x55555c03cfb0_0, 0;
    %jmp T_60;
    .thread T_60, $push;
    .scope S_0x55555c03b3f0;
T_61 ;
    %wait E_0x55555c03b7b0;
    %load/vec4 v0x55555c03cfb0_0;
    %pushi/vec4 0, 0, 1;
    %xor;
    %flag_set/vec4 8;
    %jmp/1 T_61.2, 8;
    %pushi/vec4 0, 0, 1;
    %flag_set/vec4 9;
    %flag_or 8, 9;
T_61.2;
    %jmp/0 T_61.0, 8;
    %load/vec4 v0x55555c03cd70_0;
    %jmp/1 T_61.1, 8;
T_61.0 ; End of true expr.
    %load/vec4 v0x55555c03ce30_0;
    %jmp/0 T_61.1, 8;
 ; End of false expr.
    %blend;
T_61.1;
    %store/vec4 v0x55555c03ccb0_0, 0, 1;
    %jmp T_61;
    .thread T_61, $push;
    .scope S_0x55555c040d30;
T_62 ;
    %wait E_0x55555c041000;
    %load/vec4 v0x55555c041090_0;
    %flag_set/vec4 8;
    %jmp/0xz  T_62.0, 8;
    %load/vec4 v0x55555c041780_0;
    %assign/vec4 v0x55555c041b40_0, 0;
T_62.0 ;
    %jmp T_62;
    .thread T_62;
    .scope S_0x55555c040d30;
T_63 ;
    %wait E_0x55555c040fa0;
    %load/vec4 v0x55555c041090_0;
    %flag_set/vec4 8;
    %jmp/0xz  T_63.0, 8;
    %load/vec4 v0x55555c041780_0;
    %assign/vec4 v0x55555c041c00_0, 0;
T_63.0 ;
    %jmp T_63;
    .thread T_63;
    .scope S_0x55555c040d30;
T_64 ;
    %wait E_0x55555c040ec0;
    %load/vec4 v0x55555c041090_0;
    %flag_set/vec4 8;
    %jmp/0xz  T_64.0, 8;
    %load/vec4 v0x55555c0412b0_0;
    %assign/vec4 v0x55555c041d80_0, 0;
T_64.0 ;
    %jmp T_64;
    .thread T_64;
    .scope S_0x55555c040d30;
T_65 ;
    %wait E_0x55555c040f40;
    %load/vec4 v0x55555c041090_0;
    %flag_set/vec4 8;
    %jmp/0xz  T_65.0, 8;
    %load/vec4 v0x55555c041370_0;
    %assign/vec4 v0x55555c041e40_0, 0;
T_65.0 ;
    %jmp T_65;
    .thread T_65;
    .scope S_0x55555c040d30;
T_66 ;
    %wait E_0x55555c040ec0;
    %load/vec4 v0x55555c041090_0;
    %flag_set/vec4 8;
    %jmp/0xz  T_66.0, 8;
    %load/vec4 v0x55555c0416c0_0;
    %assign/vec4 v0x55555c042080_0, 0;
T_66.0 ;
    %jmp T_66;
    .thread T_66;
    .scope S_0x55555bf5dea0;
T_67 ;
    %wait E_0x55555c040ca0;
    %load/vec4 v0x55555c041b40_0;
    %store/vec4 v0x55555c0419c0_0, 0, 1;
    %load/vec4 v0x55555c041c00_0;
    %store/vec4 v0x55555c041a80_0, 0, 1;
    %jmp T_67;
    .thread T_67, $push;
    .scope S_0x55555bf5dea0;
T_68 ;
    %wait E_0x55555c040c40;
    %load/vec4 v0x55555c041600_0;
    %assign/vec4 v0x55555c041f00_0, 0;
    %jmp T_68;
    .thread T_68, $push;
    .scope S_0x55555bf5dea0;
T_69 ;
    %wait E_0x55555c040be0;
    %load/vec4 v0x55555c041f00_0;
    %assign/vec4 v0x55555c041fc0_0, 0;
    %jmp T_69;
    .thread T_69, $push;
    .scope S_0x55555bf5dea0;
T_70 ;
    %wait E_0x55555c040b60;
    %load/vec4 v0x55555c041fc0_0;
    %pushi/vec4 0, 0, 1;
    %xor;
    %flag_set/vec4 8;
    %jmp/1 T_70.2, 8;
    %pushi/vec4 0, 0, 1;
    %flag_set/vec4 9;
    %flag_or 8, 9;
T_70.2;
    %jmp/0 T_70.0, 8;
    %load/vec4 v0x55555c041d80_0;
    %jmp/1 T_70.1, 8;
T_70.0 ; End of true expr.
    %load/vec4 v0x55555c041e40_0;
    %jmp/0 T_70.1, 8;
 ; End of false expr.
    %blend;
T_70.1;
    %store/vec4 v0x55555c041cc0_0, 0, 1;
    %jmp T_70;
    .thread T_70, $push;
    .scope S_0x55555c042490;
T_71 ;
    %wait E_0x55555c042760;
    %load/vec4 v0x55555c0427f0_0;
    %flag_set/vec4 8;
    %jmp/0xz  T_71.0, 8;
    %load/vec4 v0x55555c042ee0_0;
    %assign/vec4 v0x55555c043120_0, 0;
T_71.0 ;
    %jmp T_71;
    .thread T_71;
    .scope S_0x55555c042490;
T_72 ;
    %wait E_0x55555c042700;
    %load/vec4 v0x55555c0427f0_0;
    %flag_set/vec4 8;
    %jmp/0xz  T_72.0, 8;
    %load/vec4 v0x55555c042ee0_0;
    %assign/vec4 v0x55555c0431e0_0, 0;
T_72.0 ;
    %jmp T_72;
    .thread T_72;
    .scope S_0x55555c042490;
T_73 ;
    %wait E_0x55555c042620;
    %load/vec4 v0x55555c0427f0_0;
    %flag_set/vec4 8;
    %jmp/0xz  T_73.0, 8;
    %load/vec4 v0x55555c042a10_0;
    %assign/vec4 v0x55555c043360_0, 0;
T_73.0 ;
    %jmp T_73;
    .thread T_73;
    .scope S_0x55555c042490;
T_74 ;
    %wait E_0x55555c0426a0;
    %load/vec4 v0x55555c0427f0_0;
    %flag_set/vec4 8;
    %jmp/0xz  T_74.0, 8;
    %load/vec4 v0x55555c042ad0_0;
    %assign/vec4 v0x55555c043420_0, 0;
T_74.0 ;
    %jmp T_74;
    .thread T_74;
    .scope S_0x55555c042490;
T_75 ;
    %wait E_0x55555c042620;
    %load/vec4 v0x55555c0427f0_0;
    %flag_set/vec4 8;
    %jmp/0xz  T_75.0, 8;
    %load/vec4 v0x55555c042e20_0;
    %assign/vec4 v0x55555c043770_0, 0;
T_75.0 ;
    %jmp T_75;
    .thread T_75;
    .scope S_0x55555bfcd010;
T_76 ;
    %wait E_0x55555c042400;
    %load/vec4 v0x55555c043120_0;
    %store/vec4 v0x55555c042fa0_0, 0, 1;
    %load/vec4 v0x55555c0431e0_0;
    %store/vec4 v0x55555c043060_0, 0, 1;
    %jmp T_76;
    .thread T_76, $push;
    .scope S_0x55555bfcd010;
T_77 ;
    %wait E_0x55555c0423a0;
    %load/vec4 v0x55555c042d60_0;
    %assign/vec4 v0x55555c0435f0_0, 0;
    %jmp T_77;
    .thread T_77, $push;
    .scope S_0x55555bfcd010;
T_78 ;
    %wait E_0x55555c042340;
    %load/vec4 v0x55555c0435f0_0;
    %assign/vec4 v0x55555c0436b0_0, 0;
    %jmp T_78;
    .thread T_78, $push;
    .scope S_0x55555bfcd010;
T_79 ;
    %wait E_0x55555c0422c0;
    %load/vec4 v0x55555c0436b0_0;
    %pushi/vec4 0, 0, 1;
    %xor;
    %flag_set/vec4 8;
    %jmp/1 T_79.2, 8;
    %pushi/vec4 0, 0, 1;
    %flag_set/vec4 9;
    %flag_or 8, 9;
T_79.2;
    %jmp/0 T_79.0, 8;
    %load/vec4 v0x55555c043360_0;
    %jmp/1 T_79.1, 8;
T_79.0 ; End of true expr.
    %load/vec4 v0x55555c043420_0;
    %jmp/0 T_79.1, 8;
 ; End of false expr.
    %blend;
T_79.1;
    %store/vec4 v0x55555c0432a0_0, 0, 1;
    %jmp T_79;
    .thread T_79, $push;
    .scope S_0x55555bfdaad0;
T_80 ;
    %wait E_0x55555c046180;
    %load/vec4 v0x55555c047510_0;
    %flag_set/vec4 8;
    %jmp/0xz  T_80.0, 8;
    %pushi/vec4 0, 0, 16;
    %assign/vec4 v0x55555c04d180_0, 0;
    %pushi/vec4 0, 0, 16;
    %assign/vec4 v0x55555c04cfc0_0, 0;
    %jmp T_80.1;
T_80.0 ;
    %load/vec4 v0x55555c046d20_0;
    %flag_set/vec4 8;
    %jmp/0xz  T_80.2, 8;
    %load/vec4 v0x55555c046de0_0;
    %nor/r;
    %flag_set/vec4 8;
    %jmp/0xz  T_80.4, 8;
    %load/vec4 v0x55555c046c40_0;
    %assign/vec4 v0x55555c04d180_0, 0;
T_80.4 ;
    %load/vec4 v0x55555c0465d0_0;
    %nor/r;
    %flag_set/vec4 8;
    %jmp/0xz  T_80.6, 8;
    %load/vec4 v0x55555c046210_0;
    %assign/vec4 v0x55555c04cfc0_0, 0;
T_80.6 ;
T_80.2 ;
T_80.1 ;
    %jmp T_80;
    .thread T_80;
    .scope S_0x55555bfdaad0;
T_81 ;
    %wait E_0x55555c046120;
    %load/vec4 v0x55555c047450_0;
    %flag_set/vec4 8;
    %jmp/0xz  T_81.0, 8;
    %pushi/vec4 0, 0, 16;
    %assign/vec4 v0x55555c04d0a0_0, 0;
    %pushi/vec4 0, 0, 16;
    %assign/vec4 v0x55555c04d260_0, 0;
    %jmp T_81.1;
T_81.0 ;
    %load/vec4 v0x55555c046d20_0;
    %flag_set/vec4 8;
    %jmp/0xz  T_81.2, 8;
    %load/vec4 v0x55555c0469c0_0;
    %nor/r;
    %flag_set/vec4 8;
    %jmp/0xz  T_81.4, 8;
    %load/vec4 v0x55555c046850_0;
    %assign/vec4 v0x55555c04d0a0_0, 0;
T_81.4 ;
    %load/vec4 v0x55555c0472d0_0;
    %nor/r;
    %flag_set/vec4 8;
    %jmp/0xz  T_81.6, 8;
    %load/vec4 v0x55555c0471f0_0;
    %assign/vec4 v0x55555c04d260_0, 0;
T_81.6 ;
T_81.2 ;
T_81.1 ;
    %jmp T_81;
    .thread T_81;
    .scope S_0x55555bfdaad0;
T_82 ;
    %wait E_0x55555c046180;
    %load/vec4 v0x55555c047510_0;
    %flag_set/vec4 8;
    %jmp/0xz  T_82.0, 8;
    %pushi/vec4 0, 0, 16;
    %assign/vec4 v0x55555c04db50_0, 0;
    %pushi/vec4 0, 0, 16;
    %assign/vec4 v0x55555c04ddf0_0, 0;
    %jmp T_82.1;
T_82.0 ;
    %load/vec4 v0x55555c046d20_0;
    %flag_set/vec4 8;
    %jmp/0xz  T_82.2, 8;
    %load/vec4 v0x55555c04cc40_0;
    %assign/vec4 v0x55555c04db50_0, 0;
    %load/vec4 v0x55555c04ce00_0;
    %assign/vec4 v0x55555c04ddf0_0, 0;
T_82.2 ;
T_82.1 ;
    %jmp T_82;
    .thread T_82;
    .scope S_0x55555bfdaad0;
T_83 ;
    %wait E_0x55555c046120;
    %load/vec4 v0x55555c047450_0;
    %flag_set/vec4 8;
    %jmp/0xz  T_83.0, 8;
    %pushi/vec4 0, 0, 16;
    %assign/vec4 v0x55555c04ded0_0, 0;
    %pushi/vec4 0, 0, 16;
    %assign/vec4 v0x55555c04dc30_0, 0;
    %jmp T_83.1;
T_83.0 ;
    %load/vec4 v0x55555c046d20_0;
    %flag_set/vec4 8;
    %jmp/0xz  T_83.2, 8;
    %load/vec4 v0x55555c04cd20_0;
    %assign/vec4 v0x55555c04ded0_0, 0;
    %load/vec4 v0x55555c04cee0_0;
    %assign/vec4 v0x55555c04dc30_0, 0;
T_83.2 ;
T_83.1 ;
    %jmp T_83;
    .thread T_83;
    .scope S_0x55555bfdaad0;
T_84 ;
    %wait E_0x55555c046120;
    %load/vec4 v0x55555c047450_0;
    %flag_set/vec4 8;
    %jmp/0xz  T_84.0, 8;
    %pushi/vec4 0, 0, 32;
    %assign/vec4 v0x55555c04dd10_0, 0;
    %jmp T_84.1;
T_84.0 ;
    %load/vec4 v0x55555c046d20_0;
    %flag_set/vec4 8;
    %jmp/0xz  T_84.2, 8;
    %load/vec4 v0x55555c04c460_0;
    %assign/vec4 v0x55555c04dd10_0, 0;
T_84.2 ;
T_84.1 ;
    %jmp T_84;
    .thread T_84;
    .scope S_0x55555bfdaad0;
T_85 ;
    %wait E_0x55555c0460c0;
    %load/vec4 v0x55555c047bf0_0;
    %flag_set/vec4 8;
    %jmp/0xz  T_85.0, 8;
    %pushi/vec4 0, 0, 16;
    %assign/vec4 v0x55555c04dfb0_0, 0;
    %jmp T_85.1;
T_85.0 ;
    %load/vec4 v0x55555c046d20_0;
    %flag_set/vec4 8;
    %jmp/0xz  T_85.2, 8;
    %load/vec4 v0x55555c0478f0_0;
    %nor/r;
    %flag_set/vec4 8;
    %jmp/0xz  T_85.4, 8;
    %load/vec4 v0x55555c04c540_0;
    %assign/vec4 v0x55555c04dfb0_0, 0;
T_85.4 ;
T_85.2 ;
T_85.1 ;
    %jmp T_85;
    .thread T_85;
    .scope S_0x55555bfdaad0;
T_86 ;
    %wait E_0x55555c046040;
    %load/vec4 v0x55555c047b30_0;
    %flag_set/vec4 8;
    %jmp/0xz  T_86.0, 8;
    %pushi/vec4 0, 0, 16;
    %assign/vec4 v0x55555c04e090_0, 0;
    %jmp T_86.1;
T_86.0 ;
    %load/vec4 v0x55555c046d20_0;
    %flag_set/vec4 8;
    %jmp/0xz  T_86.2, 8;
    %load/vec4 v0x55555c047830_0;
    %nor/r;
    %flag_set/vec4 8;
    %jmp/0xz  T_86.4, 8;
    %load/vec4 v0x55555c04c700_0;
    %assign/vec4 v0x55555c04e090_0, 0;
T_86.4 ;
T_86.2 ;
T_86.1 ;
    %jmp T_86;
    .thread T_86;
    .scope S_0x55555c052330;
T_87 ;
    %pushi/vec4 0, 0, 32;
    %store/vec4 v0x55555c0555e0_0, 0, 32;
T_87.0 ; Top of for-loop
    %load/vec4 v0x55555c0555e0_0;
    %cmpi/s 16, 0, 32;
	  %jmp/0xz T_87.1, 5;
    %pushi/vec4 0, 0, 256;
    %load/vec4 v0x55555c0555e0_0;
    %muli 16, 0, 32;
    %part/s 16;
    %pushi/vec4 0, 0, 32;
    %load/vec4 v0x55555c0555e0_0;
    %add;
    %ix/vec4/s 4;
    %store/vec4a v0x55555c0556c0, 4, 0;
    %pushi/vec4 0, 0, 256;
    %load/vec4 v0x55555c0555e0_0;
    %muli 16, 0, 32;
    %part/s 16;
    %pushi/vec4 16, 0, 32;
    %load/vec4 v0x55555c0555e0_0;
    %add;
    %ix/vec4/s 4;
    %store/vec4a v0x55555c0556c0, 4, 0;
    %pushi/vec4 0, 0, 256;
    %load/vec4 v0x55555c0555e0_0;
    %muli 16, 0, 32;
    %part/s 16;
    %pushi/vec4 32, 0, 32;
    %load/vec4 v0x55555c0555e0_0;
    %add;
    %ix/vec4/s 4;
    %store/vec4a v0x55555c0556c0, 4, 0;
    %pushi/vec4 0, 0, 256;
    %load/vec4 v0x55555c0555e0_0;
    %muli 16, 0, 32;
    %part/s 16;
    %pushi/vec4 48, 0, 32;
    %load/vec4 v0x55555c0555e0_0;
    %add;
    %ix/vec4/s 4;
    %store/vec4a v0x55555c0556c0, 4, 0;
    %pushi/vec4 0, 0, 256;
    %load/vec4 v0x55555c0555e0_0;
    %muli 16, 0, 32;
    %part/s 16;
    %pushi/vec4 64, 0, 32;
    %load/vec4 v0x55555c0555e0_0;
    %add;
    %ix/vec4/s 4;
    %store/vec4a v0x55555c0556c0, 4, 0;
    %pushi/vec4 0, 0, 256;
    %load/vec4 v0x55555c0555e0_0;
    %muli 16, 0, 32;
    %part/s 16;
    %pushi/vec4 80, 0, 32;
    %load/vec4 v0x55555c0555e0_0;
    %add;
    %ix/vec4/s 4;
    %store/vec4a v0x55555c0556c0, 4, 0;
    %pushi/vec4 0, 0, 256;
    %load/vec4 v0x55555c0555e0_0;
    %muli 16, 0, 32;
    %part/s 16;
    %pushi/vec4 96, 0, 32;
    %load/vec4 v0x55555c0555e0_0;
    %add;
    %ix/vec4/s 4;
    %store/vec4a v0x55555c0556c0, 4, 0;
    %pushi/vec4 0, 0, 256;
    %load/vec4 v0x55555c0555e0_0;
    %muli 16, 0, 32;
    %part/s 16;
    %pushi/vec4 112, 0, 32;
    %load/vec4 v0x55555c0555e0_0;
    %add;
    %ix/vec4/s 4;
    %store/vec4a v0x55555c0556c0, 4, 0;
    %pushi/vec4 0, 0, 256;
    %load/vec4 v0x55555c0555e0_0;
    %muli 16, 0, 32;
    %part/s 16;
    %pushi/vec4 128, 0, 32;
    %load/vec4 v0x55555c0555e0_0;
    %add;
    %ix/vec4/s 4;
    %store/vec4a v0x55555c0556c0, 4, 0;
    %pushi/vec4 0, 0, 256;
    %load/vec4 v0x55555c0555e0_0;
    %muli 16, 0, 32;
    %part/s 16;
    %pushi/vec4 144, 0, 32;
    %load/vec4 v0x55555c0555e0_0;
    %add;
    %ix/vec4/s 4;
    %store/vec4a v0x55555c0556c0, 4, 0;
    %pushi/vec4 0, 0, 256;
    %load/vec4 v0x55555c0555e0_0;
    %muli 16, 0, 32;
    %part/s 16;
    %pushi/vec4 160, 0, 32;
    %load/vec4 v0x55555c0555e0_0;
    %add;
    %ix/vec4/s 4;
    %store/vec4a v0x55555c0556c0, 4, 0;
    %pushi/vec4 0, 0, 256;
    %load/vec4 v0x55555c0555e0_0;
    %muli 16, 0, 32;
    %part/s 16;
    %pushi/vec4 176, 0, 32;
    %load/vec4 v0x55555c0555e0_0;
    %add;
    %ix/vec4/s 4;
    %store/vec4a v0x55555c0556c0, 4, 0;
    %pushi/vec4 0, 0, 256;
    %load/vec4 v0x55555c0555e0_0;
    %muli 16, 0, 32;
    %part/s 16;
    %pushi/vec4 192, 0, 32;
    %load/vec4 v0x55555c0555e0_0;
    %add;
    %ix/vec4/s 4;
    %store/vec4a v0x55555c0556c0, 4, 0;
    %pushi/vec4 0, 0, 256;
    %load/vec4 v0x55555c0555e0_0;
    %muli 16, 0, 32;
    %part/s 16;
    %pushi/vec4 208, 0, 32;
    %load/vec4 v0x55555c0555e0_0;
    %add;
    %ix/vec4/s 4;
    %store/vec4a v0x55555c0556c0, 4, 0;
    %pushi/vec4 0, 0, 256;
    %load/vec4 v0x55555c0555e0_0;
    %muli 16, 0, 32;
    %part/s 16;
    %pushi/vec4 224, 0, 32;
    %load/vec4 v0x55555c0555e0_0;
    %add;
    %ix/vec4/s 4;
    %store/vec4a v0x55555c0556c0, 4, 0;
    %pushi/vec4 0, 0, 256;
    %load/vec4 v0x55555c0555e0_0;
    %muli 16, 0, 32;
    %part/s 16;
    %pushi/vec4 240, 0, 32;
    %load/vec4 v0x55555c0555e0_0;
    %add;
    %ix/vec4/s 4;
    %store/vec4a v0x55555c0556c0, 4, 0;
T_87.2 ; for-loop step statement
    %load/vec4 v0x55555c0555e0_0;
    %addi 1, 0, 32;
    %store/vec4 v0x55555c0555e0_0, 0, 32;
    %jmp T_87.0;
T_87.1 ; for-loop exit label
    %end;
    .thread T_87;
    .scope S_0x55555c052330;
T_88 ;
    %wait E_0x55555c0540f0;
    %load/vec4 v0x55555c055440_0;
    %flag_set/vec4 9;
    %flag_get/vec4 9;
    %jmp/0 T_88.2, 9;
    %load/vec4 v0x55555c0551c0_0;
    %and;
T_88.2;
    %flag_set/vec4 8;
    %jmp/0xz  T_88.0, 8;
    %load/vec4 v0x55555c055500_0;
    %parti/s 1, 0, 2;
    %nor/r;
    %flag_set/vec4 8;
    %jmp/0xz  T_88.3, 8;
    %load/vec4 v0x55555c055360_0;
    %parti/s 1, 0, 2;
    %load/vec4 v0x55555c055020_0;
    %parti/s 8, 0, 2;
    %pad/u 10;
    %ix/vec4 3;
    %ix/load 4, 0, 0; Constant delay
    %assign/vec4/a/d v0x55555c0556c0, 0, 4;
T_88.3 ;
    %load/vec4 v0x55555c055500_0;
    %parti/s 1, 1, 2;
    %nor/r;
    %flag_set/vec4 8;
    %jmp/0xz  T_88.5, 8;
    %load/vec4 v0x55555c055360_0;
    %parti/s 1, 1, 2;
    %load/vec4 v0x55555c055020_0;
    %parti/s 8, 0, 2;
    %pad/u 10;
    %ix/vec4 3;
    %ix/load 4, 1, 0; part off
    %ix/load 5, 0, 0; Constant delay
    %assign/vec4/a/d v0x55555c0556c0, 4, 5;
T_88.5 ;
    %load/vec4 v0x55555c055500_0;
    %parti/s 1, 2, 3;
    %nor/r;
    %flag_set/vec4 8;
    %jmp/0xz  T_88.7, 8;
    %load/vec4 v0x55555c055360_0;
    %parti/s 1, 2, 3;
    %load/vec4 v0x55555c055020_0;
    %parti/s 8, 0, 2;
    %pad/u 10;
    %ix/vec4 3;
    %ix/load 4, 2, 0; part off
    %ix/load 5, 0, 0; Constant delay
    %assign/vec4/a/d v0x55555c0556c0, 4, 5;
T_88.7 ;
    %load/vec4 v0x55555c055500_0;
    %parti/s 1, 3, 3;
    %nor/r;
    %flag_set/vec4 8;
    %jmp/0xz  T_88.9, 8;
    %load/vec4 v0x55555c055360_0;
    %parti/s 1, 3, 3;
    %load/vec4 v0x55555c055020_0;
    %parti/s 8, 0, 2;
    %pad/u 10;
    %ix/vec4 3;
    %ix/load 4, 3, 0; part off
    %ix/load 5, 0, 0; Constant delay
    %assign/vec4/a/d v0x55555c0556c0, 4, 5;
T_88.9 ;
    %load/vec4 v0x55555c055500_0;
    %parti/s 1, 4, 4;
    %nor/r;
    %flag_set/vec4 8;
    %jmp/0xz  T_88.11, 8;
    %load/vec4 v0x55555c055360_0;
    %parti/s 1, 4, 4;
    %load/vec4 v0x55555c055020_0;
    %parti/s 8, 0, 2;
    %pad/u 10;
    %ix/vec4 3;
    %ix/load 4, 4, 0; part off
    %ix/load 5, 0, 0; Constant delay
    %assign/vec4/a/d v0x55555c0556c0, 4, 5;
T_88.11 ;
    %load/vec4 v0x55555c055500_0;
    %parti/s 1, 5, 4;
    %nor/r;
    %flag_set/vec4 8;
    %jmp/0xz  T_88.13, 8;
    %load/vec4 v0x55555c055360_0;
    %parti/s 1, 5, 4;
    %load/vec4 v0x55555c055020_0;
    %parti/s 8, 0, 2;
    %pad/u 10;
    %ix/vec4 3;
    %ix/load 4, 5, 0; part off
    %ix/load 5, 0, 0; Constant delay
    %assign/vec4/a/d v0x55555c0556c0, 4, 5;
T_88.13 ;
    %load/vec4 v0x55555c055500_0;
    %parti/s 1, 6, 4;
    %nor/r;
    %flag_set/vec4 8;
    %jmp/0xz  T_88.15, 8;
    %load/vec4 v0x55555c055360_0;
    %parti/s 1, 6, 4;
    %load/vec4 v0x55555c055020_0;
    %parti/s 8, 0, 2;
    %pad/u 10;
    %ix/vec4 3;
    %ix/load 4, 6, 0; part off
    %ix/load 5, 0, 0; Constant delay
    %assign/vec4/a/d v0x55555c0556c0, 4, 5;
T_88.15 ;
    %load/vec4 v0x55555c055500_0;
    %parti/s 1, 7, 4;
    %nor/r;
    %flag_set/vec4 8;
    %jmp/0xz  T_88.17, 8;
    %load/vec4 v0x55555c055360_0;
    %parti/s 1, 7, 4;
    %load/vec4 v0x55555c055020_0;
    %parti/s 8, 0, 2;
    %pad/u 10;
    %ix/vec4 3;
    %ix/load 4, 7, 0; part off
    %ix/load 5, 0, 0; Constant delay
    %assign/vec4/a/d v0x55555c0556c0, 4, 5;
T_88.17 ;
    %load/vec4 v0x55555c055500_0;
    %parti/s 1, 8, 5;
    %nor/r;
    %flag_set/vec4 8;
    %jmp/0xz  T_88.19, 8;
    %load/vec4 v0x55555c055360_0;
    %parti/s 1, 8, 5;
    %load/vec4 v0x55555c055020_0;
    %parti/s 8, 0, 2;
    %pad/u 10;
    %ix/vec4 3;
    %ix/load 4, 8, 0; part off
    %ix/load 5, 0, 0; Constant delay
    %assign/vec4/a/d v0x55555c0556c0, 4, 5;
T_88.19 ;
    %load/vec4 v0x55555c055500_0;
    %parti/s 1, 9, 5;
    %nor/r;
    %flag_set/vec4 8;
    %jmp/0xz  T_88.21, 8;
    %load/vec4 v0x55555c055360_0;
    %parti/s 1, 9, 5;
    %load/vec4 v0x55555c055020_0;
    %parti/s 8, 0, 2;
    %pad/u 10;
    %ix/vec4 3;
    %ix/load 4, 9, 0; part off
    %ix/load 5, 0, 0; Constant delay
    %assign/vec4/a/d v0x55555c0556c0, 4, 5;
T_88.21 ;
    %load/vec4 v0x55555c055500_0;
    %parti/s 1, 10, 5;
    %nor/r;
    %flag_set/vec4 8;
    %jmp/0xz  T_88.23, 8;
    %load/vec4 v0x55555c055360_0;
    %parti/s 1, 10, 5;
    %load/vec4 v0x55555c055020_0;
    %parti/s 8, 0, 2;
    %pad/u 10;
    %ix/vec4 3;
    %ix/load 4, 10, 0; part off
    %ix/load 5, 0, 0; Constant delay
    %assign/vec4/a/d v0x55555c0556c0, 4, 5;
T_88.23 ;
    %load/vec4 v0x55555c055500_0;
    %parti/s 1, 11, 5;
    %nor/r;
    %flag_set/vec4 8;
    %jmp/0xz  T_88.25, 8;
    %load/vec4 v0x55555c055360_0;
    %parti/s 1, 11, 5;
    %load/vec4 v0x55555c055020_0;
    %parti/s 8, 0, 2;
    %pad/u 10;
    %ix/vec4 3;
    %ix/load 4, 11, 0; part off
    %ix/load 5, 0, 0; Constant delay
    %assign/vec4/a/d v0x55555c0556c0, 4, 5;
T_88.25 ;
    %load/vec4 v0x55555c055500_0;
    %parti/s 1, 12, 5;
    %nor/r;
    %flag_set/vec4 8;
    %jmp/0xz  T_88.27, 8;
    %load/vec4 v0x55555c055360_0;
    %parti/s 1, 12, 5;
    %load/vec4 v0x55555c055020_0;
    %parti/s 8, 0, 2;
    %pad/u 10;
    %ix/vec4 3;
    %ix/load 4, 12, 0; part off
    %ix/load 5, 0, 0; Constant delay
    %assign/vec4/a/d v0x55555c0556c0, 4, 5;
T_88.27 ;
    %load/vec4 v0x55555c055500_0;
    %parti/s 1, 13, 5;
    %nor/r;
    %flag_set/vec4 8;
    %jmp/0xz  T_88.29, 8;
    %load/vec4 v0x55555c055360_0;
    %parti/s 1, 13, 5;
    %load/vec4 v0x55555c055020_0;
    %parti/s 8, 0, 2;
    %pad/u 10;
    %ix/vec4 3;
    %ix/load 4, 13, 0; part off
    %ix/load 5, 0, 0; Constant delay
    %assign/vec4/a/d v0x55555c0556c0, 4, 5;
T_88.29 ;
    %load/vec4 v0x55555c055500_0;
    %parti/s 1, 14, 5;
    %nor/r;
    %flag_set/vec4 8;
    %jmp/0xz  T_88.31, 8;
    %load/vec4 v0x55555c055360_0;
    %parti/s 1, 14, 5;
    %load/vec4 v0x55555c055020_0;
    %parti/s 8, 0, 2;
    %pad/u 10;
    %ix/vec4 3;
    %ix/load 4, 14, 0; part off
    %ix/load 5, 0, 0; Constant delay
    %assign/vec4/a/d v0x55555c0556c0, 4, 5;
T_88.31 ;
    %load/vec4 v0x55555c055500_0;
    %parti/s 1, 15, 5;
    %nor/r;
    %flag_set/vec4 8;
    %jmp/0xz  T_88.33, 8;
    %load/vec4 v0x55555c055360_0;
    %parti/s 1, 15, 5;
    %load/vec4 v0x55555c055020_0;
    %parti/s 8, 0, 2;
    %pad/u 10;
    %ix/vec4 3;
    %ix/load 4, 15, 0; part off
    %ix/load 5, 0, 0; Constant delay
    %assign/vec4/a/d v0x55555c0556c0, 4, 5;
T_88.33 ;
T_88.0 ;
    %jmp T_88;
    .thread T_88;
    .scope S_0x55555c052330;
T_89 ;
    %wait E_0x55555c054070;
    %load/vec4 v0x55555c054e80_0;
    %flag_set/vec4 9;
    %flag_get/vec4 9;
    %jmp/0 T_89.2, 9;
    %load/vec4 v0x55555c054bb0_0;
    %and;
T_89.2;
    %flag_set/vec4 8;
    %jmp/0xz  T_89.0, 8;
    %load/vec4 v0x55555c054a00_0;
    %parti/s 8, 0, 2;
    %pad/u 10;
    %ix/vec4 4;
    %load/vec4a v0x55555c0556c0, 4;
    %load/vec4 v0x55555c054f40_0;
    %inv;
    %and;
    %assign/vec4 v0x55555c054da0_0, 0;
T_89.0 ;
    %jmp T_89;
    .thread T_89;
    .scope S_0x55555c0563c0;
T_90 ;
    %pushi/vec4 0, 0, 32;
    %store/vec4 v0x55555c0597b0_0, 0, 32;
T_90.0 ; Top of for-loop
    %load/vec4 v0x55555c0597b0_0;
    %cmpi/s 16, 0, 32;
	  %jmp/0xz T_90.1, 5;
    %pushi/vec4 0, 0, 256;
    %load/vec4 v0x55555c0597b0_0;
    %muli 16, 0, 32;
    %part/s 16;
    %pushi/vec4 0, 0, 32;
    %load/vec4 v0x55555c0597b0_0;
    %add;
    %ix/vec4/s 4;
    %store/vec4a v0x55555c059890, 4, 0;
    %pushi/vec4 0, 0, 256;
    %load/vec4 v0x55555c0597b0_0;
    %muli 16, 0, 32;
    %part/s 16;
    %pushi/vec4 16, 0, 32;
    %load/vec4 v0x55555c0597b0_0;
    %add;
    %ix/vec4/s 4;
    %store/vec4a v0x55555c059890, 4, 0;
    %pushi/vec4 0, 0, 256;
    %load/vec4 v0x55555c0597b0_0;
    %muli 16, 0, 32;
    %part/s 16;
    %pushi/vec4 32, 0, 32;
    %load/vec4 v0x55555c0597b0_0;
    %add;
    %ix/vec4/s 4;
    %store/vec4a v0x55555c059890, 4, 0;
    %pushi/vec4 0, 0, 256;
    %load/vec4 v0x55555c0597b0_0;
    %muli 16, 0, 32;
    %part/s 16;
    %pushi/vec4 48, 0, 32;
    %load/vec4 v0x55555c0597b0_0;
    %add;
    %ix/vec4/s 4;
    %store/vec4a v0x55555c059890, 4, 0;
    %pushi/vec4 0, 0, 256;
    %load/vec4 v0x55555c0597b0_0;
    %muli 16, 0, 32;
    %part/s 16;
    %pushi/vec4 64, 0, 32;
    %load/vec4 v0x55555c0597b0_0;
    %add;
    %ix/vec4/s 4;
    %store/vec4a v0x55555c059890, 4, 0;
    %pushi/vec4 0, 0, 256;
    %load/vec4 v0x55555c0597b0_0;
    %muli 16, 0, 32;
    %part/s 16;
    %pushi/vec4 80, 0, 32;
    %load/vec4 v0x55555c0597b0_0;
    %add;
    %ix/vec4/s 4;
    %store/vec4a v0x55555c059890, 4, 0;
    %pushi/vec4 0, 0, 256;
    %load/vec4 v0x55555c0597b0_0;
    %muli 16, 0, 32;
    %part/s 16;
    %pushi/vec4 96, 0, 32;
    %load/vec4 v0x55555c0597b0_0;
    %add;
    %ix/vec4/s 4;
    %store/vec4a v0x55555c059890, 4, 0;
    %pushi/vec4 0, 0, 256;
    %load/vec4 v0x55555c0597b0_0;
    %muli 16, 0, 32;
    %part/s 16;
    %pushi/vec4 112, 0, 32;
    %load/vec4 v0x55555c0597b0_0;
    %add;
    %ix/vec4/s 4;
    %store/vec4a v0x55555c059890, 4, 0;
    %pushi/vec4 0, 0, 256;
    %load/vec4 v0x55555c0597b0_0;
    %muli 16, 0, 32;
    %part/s 16;
    %pushi/vec4 128, 0, 32;
    %load/vec4 v0x55555c0597b0_0;
    %add;
    %ix/vec4/s 4;
    %store/vec4a v0x55555c059890, 4, 0;
    %pushi/vec4 0, 0, 256;
    %load/vec4 v0x55555c0597b0_0;
    %muli 16, 0, 32;
    %part/s 16;
    %pushi/vec4 144, 0, 32;
    %load/vec4 v0x55555c0597b0_0;
    %add;
    %ix/vec4/s 4;
    %store/vec4a v0x55555c059890, 4, 0;
    %pushi/vec4 0, 0, 256;
    %load/vec4 v0x55555c0597b0_0;
    %muli 16, 0, 32;
    %part/s 16;
    %pushi/vec4 160, 0, 32;
    %load/vec4 v0x55555c0597b0_0;
    %add;
    %ix/vec4/s 4;
    %store/vec4a v0x55555c059890, 4, 0;
    %pushi/vec4 0, 0, 256;
    %load/vec4 v0x55555c0597b0_0;
    %muli 16, 0, 32;
    %part/s 16;
    %pushi/vec4 176, 0, 32;
    %load/vec4 v0x55555c0597b0_0;
    %add;
    %ix/vec4/s 4;
    %store/vec4a v0x55555c059890, 4, 0;
    %pushi/vec4 0, 0, 256;
    %load/vec4 v0x55555c0597b0_0;
    %muli 16, 0, 32;
    %part/s 16;
    %pushi/vec4 192, 0, 32;
    %load/vec4 v0x55555c0597b0_0;
    %add;
    %ix/vec4/s 4;
    %store/vec4a v0x55555c059890, 4, 0;
    %pushi/vec4 0, 0, 256;
    %load/vec4 v0x55555c0597b0_0;
    %muli 16, 0, 32;
    %part/s 16;
    %pushi/vec4 208, 0, 32;
    %load/vec4 v0x55555c0597b0_0;
    %add;
    %ix/vec4/s 4;
    %store/vec4a v0x55555c059890, 4, 0;
    %pushi/vec4 0, 0, 256;
    %load/vec4 v0x55555c0597b0_0;
    %muli 16, 0, 32;
    %part/s 16;
    %pushi/vec4 224, 0, 32;
    %load/vec4 v0x55555c0597b0_0;
    %add;
    %ix/vec4/s 4;
    %store/vec4a v0x55555c059890, 4, 0;
    %pushi/vec4 0, 0, 256;
    %load/vec4 v0x55555c0597b0_0;
    %muli 16, 0, 32;
    %part/s 16;
    %pushi/vec4 240, 0, 32;
    %load/vec4 v0x55555c0597b0_0;
    %add;
    %ix/vec4/s 4;
    %store/vec4a v0x55555c059890, 4, 0;
T_90.2 ; for-loop step statement
    %load/vec4 v0x55555c0597b0_0;
    %addi 1, 0, 32;
    %store/vec4 v0x55555c0597b0_0, 0, 32;
    %jmp T_90.0;
T_90.1 ; for-loop exit label
    %end;
    .thread T_90;
    .scope S_0x55555c0563c0;
T_91 ;
    %wait E_0x55555c0582c0;
    %load/vec4 v0x55555c059610_0;
    %flag_set/vec4 9;
    %flag_get/vec4 9;
    %jmp/0 T_91.2, 9;
    %load/vec4 v0x55555c059390_0;
    %and;
T_91.2;
    %flag_set/vec4 8;
    %jmp/0xz  T_91.0, 8;
    %load/vec4 v0x55555c0596d0_0;
    %parti/s 1, 0, 2;
    %nor/r;
    %flag_set/vec4 8;
    %jmp/0xz  T_91.3, 8;
    %load/vec4 v0x55555c059530_0;
    %parti/s 1, 0, 2;
    %load/vec4 v0x55555c0591f0_0;
    %parti/s 8, 0, 2;
    %pad/u 10;
    %ix/vec4 3;
    %ix/load 4, 0, 0; Constant delay
    %assign/vec4/a/d v0x55555c059890, 0, 4;
T_91.3 ;
    %load/vec4 v0x55555c0596d0_0;
    %parti/s 1, 1, 2;
    %nor/r;
    %flag_set/vec4 8;
    %jmp/0xz  T_91.5, 8;
    %load/vec4 v0x55555c059530_0;
    %parti/s 1, 1, 2;
    %load/vec4 v0x55555c0591f0_0;
    %parti/s 8, 0, 2;
    %pad/u 10;
    %ix/vec4 3;
    %ix/load 4, 1, 0; part off
    %ix/load 5, 0, 0; Constant delay
    %assign/vec4/a/d v0x55555c059890, 4, 5;
T_91.5 ;
    %load/vec4 v0x55555c0596d0_0;
    %parti/s 1, 2, 3;
    %nor/r;
    %flag_set/vec4 8;
    %jmp/0xz  T_91.7, 8;
    %load/vec4 v0x55555c059530_0;
    %parti/s 1, 2, 3;
    %load/vec4 v0x55555c0591f0_0;
    %parti/s 8, 0, 2;
    %pad/u 10;
    %ix/vec4 3;
    %ix/load 4, 2, 0; part off
    %ix/load 5, 0, 0; Constant delay
    %assign/vec4/a/d v0x55555c059890, 4, 5;
T_91.7 ;
    %load/vec4 v0x55555c0596d0_0;
    %parti/s 1, 3, 3;
    %nor/r;
    %flag_set/vec4 8;
    %jmp/0xz  T_91.9, 8;
    %load/vec4 v0x55555c059530_0;
    %parti/s 1, 3, 3;
    %load/vec4 v0x55555c0591f0_0;
    %parti/s 8, 0, 2;
    %pad/u 10;
    %ix/vec4 3;
    %ix/load 4, 3, 0; part off
    %ix/load 5, 0, 0; Constant delay
    %assign/vec4/a/d v0x55555c059890, 4, 5;
T_91.9 ;
    %load/vec4 v0x55555c0596d0_0;
    %parti/s 1, 4, 4;
    %nor/r;
    %flag_set/vec4 8;
    %jmp/0xz  T_91.11, 8;
    %load/vec4 v0x55555c059530_0;
    %parti/s 1, 4, 4;
    %load/vec4 v0x55555c0591f0_0;
    %parti/s 8, 0, 2;
    %pad/u 10;
    %ix/vec4 3;
    %ix/load 4, 4, 0; part off
    %ix/load 5, 0, 0; Constant delay
    %assign/vec4/a/d v0x55555c059890, 4, 5;
T_91.11 ;
    %load/vec4 v0x55555c0596d0_0;
    %parti/s 1, 5, 4;
    %nor/r;
    %flag_set/vec4 8;
    %jmp/0xz  T_91.13, 8;
    %load/vec4 v0x55555c059530_0;
    %parti/s 1, 5, 4;
    %load/vec4 v0x55555c0591f0_0;
    %parti/s 8, 0, 2;
    %pad/u 10;
    %ix/vec4 3;
    %ix/load 4, 5, 0; part off
    %ix/load 5, 0, 0; Constant delay
    %assign/vec4/a/d v0x55555c059890, 4, 5;
T_91.13 ;
    %load/vec4 v0x55555c0596d0_0;
    %parti/s 1, 6, 4;
    %nor/r;
    %flag_set/vec4 8;
    %jmp/0xz  T_91.15, 8;
    %load/vec4 v0x55555c059530_0;
    %parti/s 1, 6, 4;
    %load/vec4 v0x55555c0591f0_0;
    %parti/s 8, 0, 2;
    %pad/u 10;
    %ix/vec4 3;
    %ix/load 4, 6, 0; part off
    %ix/load 5, 0, 0; Constant delay
    %assign/vec4/a/d v0x55555c059890, 4, 5;
T_91.15 ;
    %load/vec4 v0x55555c0596d0_0;
    %parti/s 1, 7, 4;
    %nor/r;
    %flag_set/vec4 8;
    %jmp/0xz  T_91.17, 8;
    %load/vec4 v0x55555c059530_0;
    %parti/s 1, 7, 4;
    %load/vec4 v0x55555c0591f0_0;
    %parti/s 8, 0, 2;
    %pad/u 10;
    %ix/vec4 3;
    %ix/load 4, 7, 0; part off
    %ix/load 5, 0, 0; Constant delay
    %assign/vec4/a/d v0x55555c059890, 4, 5;
T_91.17 ;
    %load/vec4 v0x55555c0596d0_0;
    %parti/s 1, 8, 5;
    %nor/r;
    %flag_set/vec4 8;
    %jmp/0xz  T_91.19, 8;
    %load/vec4 v0x55555c059530_0;
    %parti/s 1, 8, 5;
    %load/vec4 v0x55555c0591f0_0;
    %parti/s 8, 0, 2;
    %pad/u 10;
    %ix/vec4 3;
    %ix/load 4, 8, 0; part off
    %ix/load 5, 0, 0; Constant delay
    %assign/vec4/a/d v0x55555c059890, 4, 5;
T_91.19 ;
    %load/vec4 v0x55555c0596d0_0;
    %parti/s 1, 9, 5;
    %nor/r;
    %flag_set/vec4 8;
    %jmp/0xz  T_91.21, 8;
    %load/vec4 v0x55555c059530_0;
    %parti/s 1, 9, 5;
    %load/vec4 v0x55555c0591f0_0;
    %parti/s 8, 0, 2;
    %pad/u 10;
    %ix/vec4 3;
    %ix/load 4, 9, 0; part off
    %ix/load 5, 0, 0; Constant delay
    %assign/vec4/a/d v0x55555c059890, 4, 5;
T_91.21 ;
    %load/vec4 v0x55555c0596d0_0;
    %parti/s 1, 10, 5;
    %nor/r;
    %flag_set/vec4 8;
    %jmp/0xz  T_91.23, 8;
    %load/vec4 v0x55555c059530_0;
    %parti/s 1, 10, 5;
    %load/vec4 v0x55555c0591f0_0;
    %parti/s 8, 0, 2;
    %pad/u 10;
    %ix/vec4 3;
    %ix/load 4, 10, 0; part off
    %ix/load 5, 0, 0; Constant delay
    %assign/vec4/a/d v0x55555c059890, 4, 5;
T_91.23 ;
    %load/vec4 v0x55555c0596d0_0;
    %parti/s 1, 11, 5;
    %nor/r;
    %flag_set/vec4 8;
    %jmp/0xz  T_91.25, 8;
    %load/vec4 v0x55555c059530_0;
    %parti/s 1, 11, 5;
    %load/vec4 v0x55555c0591f0_0;
    %parti/s 8, 0, 2;
    %pad/u 10;
    %ix/vec4 3;
    %ix/load 4, 11, 0; part off
    %ix/load 5, 0, 0; Constant delay
    %assign/vec4/a/d v0x55555c059890, 4, 5;
T_91.25 ;
    %load/vec4 v0x55555c0596d0_0;
    %parti/s 1, 12, 5;
    %nor/r;
    %flag_set/vec4 8;
    %jmp/0xz  T_91.27, 8;
    %load/vec4 v0x55555c059530_0;
    %parti/s 1, 12, 5;
    %load/vec4 v0x55555c0591f0_0;
    %parti/s 8, 0, 2;
    %pad/u 10;
    %ix/vec4 3;
    %ix/load 4, 12, 0; part off
    %ix/load 5, 0, 0; Constant delay
    %assign/vec4/a/d v0x55555c059890, 4, 5;
T_91.27 ;
    %load/vec4 v0x55555c0596d0_0;
    %parti/s 1, 13, 5;
    %nor/r;
    %flag_set/vec4 8;
    %jmp/0xz  T_91.29, 8;
    %load/vec4 v0x55555c059530_0;
    %parti/s 1, 13, 5;
    %load/vec4 v0x55555c0591f0_0;
    %parti/s 8, 0, 2;
    %pad/u 10;
    %ix/vec4 3;
    %ix/load 4, 13, 0; part off
    %ix/load 5, 0, 0; Constant delay
    %assign/vec4/a/d v0x55555c059890, 4, 5;
T_91.29 ;
    %load/vec4 v0x55555c0596d0_0;
    %parti/s 1, 14, 5;
    %nor/r;
    %flag_set/vec4 8;
    %jmp/0xz  T_91.31, 8;
    %load/vec4 v0x55555c059530_0;
    %parti/s 1, 14, 5;
    %load/vec4 v0x55555c0591f0_0;
    %parti/s 8, 0, 2;
    %pad/u 10;
    %ix/vec4 3;
    %ix/load 4, 14, 0; part off
    %ix/load 5, 0, 0; Constant delay
    %assign/vec4/a/d v0x55555c059890, 4, 5;
T_91.31 ;
    %load/vec4 v0x55555c0596d0_0;
    %parti/s 1, 15, 5;
    %nor/r;
    %flag_set/vec4 8;
    %jmp/0xz  T_91.33, 8;
    %load/vec4 v0x55555c059530_0;
    %parti/s 1, 15, 5;
    %load/vec4 v0x55555c0591f0_0;
    %parti/s 8, 0, 2;
    %pad/u 10;
    %ix/vec4 3;
    %ix/load 4, 15, 0; part off
    %ix/load 5, 0, 0; Constant delay
    %assign/vec4/a/d v0x55555c059890, 4, 5;
T_91.33 ;
T_91.0 ;
    %jmp T_91;
    .thread T_91;
    .scope S_0x55555c0563c0;
T_92 ;
    %wait E_0x55555c058240;
    %load/vec4 v0x55555c059050_0;
    %flag_set/vec4 9;
    %flag_get/vec4 9;
    %jmp/0 T_92.2, 9;
    %load/vec4 v0x55555c058d80_0;
    %and;
T_92.2;
    %flag_set/vec4 8;
    %jmp/0xz  T_92.0, 8;
    %load/vec4 v0x55555c058bd0_0;
    %parti/s 8, 0, 2;
    %pad/u 10;
    %ix/vec4 4;
    %load/vec4a v0x55555c059890, 4;
    %load/vec4 v0x55555c059110_0;
    %inv;
    %and;
    %assign/vec4 v0x55555c058f70_0, 0;
T_92.0 ;
    %jmp T_92;
    .thread T_92;
    .scope S_0x55555c05a5a0;
T_93 ;
    %pushi/vec4 0, 0, 32;
    %store/vec4 v0x55555c05db00_0, 0, 32;
T_93.0 ; Top of for-loop
    %load/vec4 v0x55555c05db00_0;
    %cmpi/s 16, 0, 32;
	  %jmp/0xz T_93.1, 5;
    %pushi/vec4 0, 0, 256;
    %load/vec4 v0x55555c05db00_0;
    %muli 16, 0, 32;
    %part/s 16;
    %pushi/vec4 0, 0, 32;
    %load/vec4 v0x55555c05db00_0;
    %add;
    %ix/vec4/s 4;
    %store/vec4a v0x55555c05dbe0, 4, 0;
    %pushi/vec4 0, 0, 256;
    %load/vec4 v0x55555c05db00_0;
    %muli 16, 0, 32;
    %part/s 16;
    %pushi/vec4 16, 0, 32;
    %load/vec4 v0x55555c05db00_0;
    %add;
    %ix/vec4/s 4;
    %store/vec4a v0x55555c05dbe0, 4, 0;
    %pushi/vec4 0, 0, 256;
    %load/vec4 v0x55555c05db00_0;
    %muli 16, 0, 32;
    %part/s 16;
    %pushi/vec4 32, 0, 32;
    %load/vec4 v0x55555c05db00_0;
    %add;
    %ix/vec4/s 4;
    %store/vec4a v0x55555c05dbe0, 4, 0;
    %pushi/vec4 0, 0, 256;
    %load/vec4 v0x55555c05db00_0;
    %muli 16, 0, 32;
    %part/s 16;
    %pushi/vec4 48, 0, 32;
    %load/vec4 v0x55555c05db00_0;
    %add;
    %ix/vec4/s 4;
    %store/vec4a v0x55555c05dbe0, 4, 0;
    %pushi/vec4 0, 0, 256;
    %load/vec4 v0x55555c05db00_0;
    %muli 16, 0, 32;
    %part/s 16;
    %pushi/vec4 64, 0, 32;
    %load/vec4 v0x55555c05db00_0;
    %add;
    %ix/vec4/s 4;
    %store/vec4a v0x55555c05dbe0, 4, 0;
    %pushi/vec4 0, 0, 256;
    %load/vec4 v0x55555c05db00_0;
    %muli 16, 0, 32;
    %part/s 16;
    %pushi/vec4 80, 0, 32;
    %load/vec4 v0x55555c05db00_0;
    %add;
    %ix/vec4/s 4;
    %store/vec4a v0x55555c05dbe0, 4, 0;
    %pushi/vec4 0, 0, 256;
    %load/vec4 v0x55555c05db00_0;
    %muli 16, 0, 32;
    %part/s 16;
    %pushi/vec4 96, 0, 32;
    %load/vec4 v0x55555c05db00_0;
    %add;
    %ix/vec4/s 4;
    %store/vec4a v0x55555c05dbe0, 4, 0;
    %pushi/vec4 0, 0, 256;
    %load/vec4 v0x55555c05db00_0;
    %muli 16, 0, 32;
    %part/s 16;
    %pushi/vec4 112, 0, 32;
    %load/vec4 v0x55555c05db00_0;
    %add;
    %ix/vec4/s 4;
    %store/vec4a v0x55555c05dbe0, 4, 0;
    %pushi/vec4 0, 0, 256;
    %load/vec4 v0x55555c05db00_0;
    %muli 16, 0, 32;
    %part/s 16;
    %pushi/vec4 128, 0, 32;
    %load/vec4 v0x55555c05db00_0;
    %add;
    %ix/vec4/s 4;
    %store/vec4a v0x55555c05dbe0, 4, 0;
    %pushi/vec4 0, 0, 256;
    %load/vec4 v0x55555c05db00_0;
    %muli 16, 0, 32;
    %part/s 16;
    %pushi/vec4 144, 0, 32;
    %load/vec4 v0x55555c05db00_0;
    %add;
    %ix/vec4/s 4;
    %store/vec4a v0x55555c05dbe0, 4, 0;
    %pushi/vec4 0, 0, 256;
    %load/vec4 v0x55555c05db00_0;
    %muli 16, 0, 32;
    %part/s 16;
    %pushi/vec4 160, 0, 32;
    %load/vec4 v0x55555c05db00_0;
    %add;
    %ix/vec4/s 4;
    %store/vec4a v0x55555c05dbe0, 4, 0;
    %pushi/vec4 0, 0, 256;
    %load/vec4 v0x55555c05db00_0;
    %muli 16, 0, 32;
    %part/s 16;
    %pushi/vec4 176, 0, 32;
    %load/vec4 v0x55555c05db00_0;
    %add;
    %ix/vec4/s 4;
    %store/vec4a v0x55555c05dbe0, 4, 0;
    %pushi/vec4 0, 0, 256;
    %load/vec4 v0x55555c05db00_0;
    %muli 16, 0, 32;
    %part/s 16;
    %pushi/vec4 192, 0, 32;
    %load/vec4 v0x55555c05db00_0;
    %add;
    %ix/vec4/s 4;
    %store/vec4a v0x55555c05dbe0, 4, 0;
    %pushi/vec4 0, 0, 256;
    %load/vec4 v0x55555c05db00_0;
    %muli 16, 0, 32;
    %part/s 16;
    %pushi/vec4 208, 0, 32;
    %load/vec4 v0x55555c05db00_0;
    %add;
    %ix/vec4/s 4;
    %store/vec4a v0x55555c05dbe0, 4, 0;
    %pushi/vec4 0, 0, 256;
    %load/vec4 v0x55555c05db00_0;
    %muli 16, 0, 32;
    %part/s 16;
    %pushi/vec4 224, 0, 32;
    %load/vec4 v0x55555c05db00_0;
    %add;
    %ix/vec4/s 4;
    %store/vec4a v0x55555c05dbe0, 4, 0;
    %pushi/vec4 0, 0, 256;
    %load/vec4 v0x55555c05db00_0;
    %muli 16, 0, 32;
    %part/s 16;
    %pushi/vec4 240, 0, 32;
    %load/vec4 v0x55555c05db00_0;
    %add;
    %ix/vec4/s 4;
    %store/vec4a v0x55555c05dbe0, 4, 0;
T_93.2 ; for-loop step statement
    %load/vec4 v0x55555c05db00_0;
    %addi 1, 0, 32;
    %store/vec4 v0x55555c05db00_0, 0, 32;
    %jmp T_93.0;
T_93.1 ; for-loop exit label
    %end;
    .thread T_93;
    .scope S_0x55555c05a5a0;
T_94 ;
    %wait E_0x55555c05c610;
    %load/vec4 v0x55555c05d960_0;
    %flag_set/vec4 9;
    %flag_get/vec4 9;
    %jmp/0 T_94.2, 9;
    %load/vec4 v0x55555c05d6e0_0;
    %and;
T_94.2;
    %flag_set/vec4 8;
    %jmp/0xz  T_94.0, 8;
    %load/vec4 v0x55555c05da20_0;
    %parti/s 1, 0, 2;
    %nor/r;
    %flag_set/vec4 8;
    %jmp/0xz  T_94.3, 8;
    %load/vec4 v0x55555c05d880_0;
    %parti/s 1, 0, 2;
    %load/vec4 v0x55555c05d540_0;
    %parti/s 8, 0, 2;
    %pad/u 10;
    %ix/vec4 3;
    %ix/load 4, 0, 0; Constant delay
    %assign/vec4/a/d v0x55555c05dbe0, 0, 4;
T_94.3 ;
    %load/vec4 v0x55555c05da20_0;
    %parti/s 1, 1, 2;
    %nor/r;
    %flag_set/vec4 8;
    %jmp/0xz  T_94.5, 8;
    %load/vec4 v0x55555c05d880_0;
    %parti/s 1, 1, 2;
    %load/vec4 v0x55555c05d540_0;
    %parti/s 8, 0, 2;
    %pad/u 10;
    %ix/vec4 3;
    %ix/load 4, 1, 0; part off
    %ix/load 5, 0, 0; Constant delay
    %assign/vec4/a/d v0x55555c05dbe0, 4, 5;
T_94.5 ;
    %load/vec4 v0x55555c05da20_0;
    %parti/s 1, 2, 3;
    %nor/r;
    %flag_set/vec4 8;
    %jmp/0xz  T_94.7, 8;
    %load/vec4 v0x55555c05d880_0;
    %parti/s 1, 2, 3;
    %load/vec4 v0x55555c05d540_0;
    %parti/s 8, 0, 2;
    %pad/u 10;
    %ix/vec4 3;
    %ix/load 4, 2, 0; part off
    %ix/load 5, 0, 0; Constant delay
    %assign/vec4/a/d v0x55555c05dbe0, 4, 5;
T_94.7 ;
    %load/vec4 v0x55555c05da20_0;
    %parti/s 1, 3, 3;
    %nor/r;
    %flag_set/vec4 8;
    %jmp/0xz  T_94.9, 8;
    %load/vec4 v0x55555c05d880_0;
    %parti/s 1, 3, 3;
    %load/vec4 v0x55555c05d540_0;
    %parti/s 8, 0, 2;
    %pad/u 10;
    %ix/vec4 3;
    %ix/load 4, 3, 0; part off
    %ix/load 5, 0, 0; Constant delay
    %assign/vec4/a/d v0x55555c05dbe0, 4, 5;
T_94.9 ;
    %load/vec4 v0x55555c05da20_0;
    %parti/s 1, 4, 4;
    %nor/r;
    %flag_set/vec4 8;
    %jmp/0xz  T_94.11, 8;
    %load/vec4 v0x55555c05d880_0;
    %parti/s 1, 4, 4;
    %load/vec4 v0x55555c05d540_0;
    %parti/s 8, 0, 2;
    %pad/u 10;
    %ix/vec4 3;
    %ix/load 4, 4, 0; part off
    %ix/load 5, 0, 0; Constant delay
    %assign/vec4/a/d v0x55555c05dbe0, 4, 5;
T_94.11 ;
    %load/vec4 v0x55555c05da20_0;
    %parti/s 1, 5, 4;
    %nor/r;
    %flag_set/vec4 8;
    %jmp/0xz  T_94.13, 8;
    %load/vec4 v0x55555c05d880_0;
    %parti/s 1, 5, 4;
    %load/vec4 v0x55555c05d540_0;
    %parti/s 8, 0, 2;
    %pad/u 10;
    %ix/vec4 3;
    %ix/load 4, 5, 0; part off
    %ix/load 5, 0, 0; Constant delay
    %assign/vec4/a/d v0x55555c05dbe0, 4, 5;
T_94.13 ;
    %load/vec4 v0x55555c05da20_0;
    %parti/s 1, 6, 4;
    %nor/r;
    %flag_set/vec4 8;
    %jmp/0xz  T_94.15, 8;
    %load/vec4 v0x55555c05d880_0;
    %parti/s 1, 6, 4;
    %load/vec4 v0x55555c05d540_0;
    %parti/s 8, 0, 2;
    %pad/u 10;
    %ix/vec4 3;
    %ix/load 4, 6, 0; part off
    %ix/load 5, 0, 0; Constant delay
    %assign/vec4/a/d v0x55555c05dbe0, 4, 5;
T_94.15 ;
    %load/vec4 v0x55555c05da20_0;
    %parti/s 1, 7, 4;
    %nor/r;
    %flag_set/vec4 8;
    %jmp/0xz  T_94.17, 8;
    %load/vec4 v0x55555c05d880_0;
    %parti/s 1, 7, 4;
    %load/vec4 v0x55555c05d540_0;
    %parti/s 8, 0, 2;
    %pad/u 10;
    %ix/vec4 3;
    %ix/load 4, 7, 0; part off
    %ix/load 5, 0, 0; Constant delay
    %assign/vec4/a/d v0x55555c05dbe0, 4, 5;
T_94.17 ;
    %load/vec4 v0x55555c05da20_0;
    %parti/s 1, 8, 5;
    %nor/r;
    %flag_set/vec4 8;
    %jmp/0xz  T_94.19, 8;
    %load/vec4 v0x55555c05d880_0;
    %parti/s 1, 8, 5;
    %load/vec4 v0x55555c05d540_0;
    %parti/s 8, 0, 2;
    %pad/u 10;
    %ix/vec4 3;
    %ix/load 4, 8, 0; part off
    %ix/load 5, 0, 0; Constant delay
    %assign/vec4/a/d v0x55555c05dbe0, 4, 5;
T_94.19 ;
    %load/vec4 v0x55555c05da20_0;
    %parti/s 1, 9, 5;
    %nor/r;
    %flag_set/vec4 8;
    %jmp/0xz  T_94.21, 8;
    %load/vec4 v0x55555c05d880_0;
    %parti/s 1, 9, 5;
    %load/vec4 v0x55555c05d540_0;
    %parti/s 8, 0, 2;
    %pad/u 10;
    %ix/vec4 3;
    %ix/load 4, 9, 0; part off
    %ix/load 5, 0, 0; Constant delay
    %assign/vec4/a/d v0x55555c05dbe0, 4, 5;
T_94.21 ;
    %load/vec4 v0x55555c05da20_0;
    %parti/s 1, 10, 5;
    %nor/r;
    %flag_set/vec4 8;
    %jmp/0xz  T_94.23, 8;
    %load/vec4 v0x55555c05d880_0;
    %parti/s 1, 10, 5;
    %load/vec4 v0x55555c05d540_0;
    %parti/s 8, 0, 2;
    %pad/u 10;
    %ix/vec4 3;
    %ix/load 4, 10, 0; part off
    %ix/load 5, 0, 0; Constant delay
    %assign/vec4/a/d v0x55555c05dbe0, 4, 5;
T_94.23 ;
    %load/vec4 v0x55555c05da20_0;
    %parti/s 1, 11, 5;
    %nor/r;
    %flag_set/vec4 8;
    %jmp/0xz  T_94.25, 8;
    %load/vec4 v0x55555c05d880_0;
    %parti/s 1, 11, 5;
    %load/vec4 v0x55555c05d540_0;
    %parti/s 8, 0, 2;
    %pad/u 10;
    %ix/vec4 3;
    %ix/load 4, 11, 0; part off
    %ix/load 5, 0, 0; Constant delay
    %assign/vec4/a/d v0x55555c05dbe0, 4, 5;
T_94.25 ;
    %load/vec4 v0x55555c05da20_0;
    %parti/s 1, 12, 5;
    %nor/r;
    %flag_set/vec4 8;
    %jmp/0xz  T_94.27, 8;
    %load/vec4 v0x55555c05d880_0;
    %parti/s 1, 12, 5;
    %load/vec4 v0x55555c05d540_0;
    %parti/s 8, 0, 2;
    %pad/u 10;
    %ix/vec4 3;
    %ix/load 4, 12, 0; part off
    %ix/load 5, 0, 0; Constant delay
    %assign/vec4/a/d v0x55555c05dbe0, 4, 5;
T_94.27 ;
    %load/vec4 v0x55555c05da20_0;
    %parti/s 1, 13, 5;
    %nor/r;
    %flag_set/vec4 8;
    %jmp/0xz  T_94.29, 8;
    %load/vec4 v0x55555c05d880_0;
    %parti/s 1, 13, 5;
    %load/vec4 v0x55555c05d540_0;
    %parti/s 8, 0, 2;
    %pad/u 10;
    %ix/vec4 3;
    %ix/load 4, 13, 0; part off
    %ix/load 5, 0, 0; Constant delay
    %assign/vec4/a/d v0x55555c05dbe0, 4, 5;
T_94.29 ;
    %load/vec4 v0x55555c05da20_0;
    %parti/s 1, 14, 5;
    %nor/r;
    %flag_set/vec4 8;
    %jmp/0xz  T_94.31, 8;
    %load/vec4 v0x55555c05d880_0;
    %parti/s 1, 14, 5;
    %load/vec4 v0x55555c05d540_0;
    %parti/s 8, 0, 2;
    %pad/u 10;
    %ix/vec4 3;
    %ix/load 4, 14, 0; part off
    %ix/load 5, 0, 0; Constant delay
    %assign/vec4/a/d v0x55555c05dbe0, 4, 5;
T_94.31 ;
    %load/vec4 v0x55555c05da20_0;
    %parti/s 1, 15, 5;
    %nor/r;
    %flag_set/vec4 8;
    %jmp/0xz  T_94.33, 8;
    %load/vec4 v0x55555c05d880_0;
    %parti/s 1, 15, 5;
    %load/vec4 v0x55555c05d540_0;
    %parti/s 8, 0, 2;
    %pad/u 10;
    %ix/vec4 3;
    %ix/load 4, 15, 0; part off
    %ix/load 5, 0, 0; Constant delay
    %assign/vec4/a/d v0x55555c05dbe0, 4, 5;
T_94.33 ;
T_94.0 ;
    %jmp T_94;
    .thread T_94;
    .scope S_0x55555c05a5a0;
T_95 ;
    %wait E_0x55555c05c590;
    %load/vec4 v0x55555c05d3a0_0;
    %flag_set/vec4 9;
    %flag_get/vec4 9;
    %jmp/0 T_95.2, 9;
    %load/vec4 v0x55555c05d0d0_0;
    %and;
T_95.2;
    %flag_set/vec4 8;
    %jmp/0xz  T_95.0, 8;
    %load/vec4 v0x55555c05cf20_0;
    %parti/s 8, 0, 2;
    %pad/u 10;
    %ix/vec4 4;
    %load/vec4a v0x55555c05dbe0, 4;
    %load/vec4 v0x55555c05d460_0;
    %inv;
    %and;
    %assign/vec4 v0x55555c05d2c0_0, 0;
T_95.0 ;
    %jmp T_95;
    .thread T_95;
    .scope S_0x55555bf70dc0;
T_96 ;
    %wait E_0x55555c062560;
    %pushi/vec4 0, 0, 32;
    %store/vec4 v0x55555c062e80_0, 0, 32;
T_96.0 ; Top of for-loop
    %load/vec4 v0x55555c062e80_0;
    %cmpi/s 16383, 0, 32;
    %flag_or 5, 4;
	  %jmp/0xz T_96.1, 5;
    %pushi/vec4 65535, 65535, 16;
    %ix/getv/s 4, v0x55555c062e80_0;
    %store/vec4a v0x55555c062f60, 4, 0;
T_96.2 ; for-loop step statement
    %load/vec4 v0x55555c062e80_0;
    %addi 1, 0, 32;
    %store/vec4 v0x55555c062e80_0, 0, 32;
    %jmp T_96.0;
T_96.1 ; for-loop exit label
    %jmp T_96;
    .thread T_96;
    .scope S_0x55555bf70dc0;
T_97 ;
    %wait E_0x55555c0624e0;
    %load/vec4 v0x55555c063020_0;
    %flag_set/vec4 8;
    %jmp/0xz  T_97.0, 8;
    %pushi/vec4 0, 0, 16;
    %assign/vec4 v0x55555c062900_0, 0;
    %jmp T_97.1;
T_97.0 ;
    %load/vec4 v0x55555c062c40_0;
    %flag_set/vec4 8;
    %jmp/0xz  T_97.2, 8;
    %pushi/vec4 65535, 65535, 16;
    %assign/vec4 v0x55555c062900_0, 0;
    %jmp T_97.3;
T_97.2 ;
    %load/vec4 v0x55555c0626c0_0;
    %flag_set/vec4 8;
    %jmp/0xz  T_97.4, 8;
    %load/vec4 v0x55555c062d00_0;
    %nor/r;
    %flag_set/vec4 8;
    %jmp/0xz  T_97.6, 8;
    %load/vec4 v0x55555c0625c0_0;
    %pad/u 16;
    %ix/vec4 4;
    %load/vec4a v0x55555c062f60, 4;
    %assign/vec4 v0x55555c062900_0, 0;
    %jmp T_97.7;
T_97.6 ;
    %load/vec4 v0x55555c0629e0_0;
    %parti/s 1, 0, 2;
    %flag_set/vec4 8;
    %jmp/0xz  T_97.8, 8;
    %load/vec4 v0x55555c062820_0;
    %parti/s 4, 0, 2;
    %load/vec4 v0x55555c0625c0_0;
    %pad/u 16;
    %ix/vec4 3;
    %ix/load 4, 0, 0; Constant delay
    %assign/vec4/a/d v0x55555c062f60, 0, 4;
T_97.8 ;
    %load/vec4 v0x55555c0629e0_0;
    %parti/s 1, 1, 2;
    %flag_set/vec4 8;
    %jmp/0xz  T_97.10, 8;
    %load/vec4 v0x55555c062820_0;
    %parti/s 4, 4, 4;
    %load/vec4 v0x55555c0625c0_0;
    %pad/u 16;
    %ix/vec4 3;
    %ix/load 4, 4, 0; part off
    %ix/load 5, 0, 0; Constant delay
    %assign/vec4/a/d v0x55555c062f60, 4, 5;
T_97.10 ;
    %load/vec4 v0x55555c0629e0_0;
    %parti/s 1, 2, 3;
    %flag_set/vec4 8;
    %jmp/0xz  T_97.12, 8;
    %load/vec4 v0x55555c062820_0;
    %parti/s 4, 8, 5;
    %load/vec4 v0x55555c0625c0_0;
    %pad/u 16;
    %ix/vec4 3;
    %ix/load 4, 8, 0; part off
    %ix/load 5, 0, 0; Constant delay
    %assign/vec4/a/d v0x55555c062f60, 4, 5;
T_97.12 ;
    %load/vec4 v0x55555c0629e0_0;
    %parti/s 1, 3, 3;
    %flag_set/vec4 8;
    %jmp/0xz  T_97.14, 8;
    %load/vec4 v0x55555c062820_0;
    %parti/s 4, 12, 5;
    %load/vec4 v0x55555c0625c0_0;
    %pad/u 16;
    %ix/vec4 3;
    %ix/load 4, 12, 0; part off
    %ix/load 5, 0, 0; Constant delay
    %assign/vec4/a/d v0x55555c062f60, 4, 5;
T_97.14 ;
    %pushi/vec4 65535, 65535, 16;
    %assign/vec4 v0x55555c062900_0, 0;
T_97.7 ;
T_97.4 ;
T_97.3 ;
T_97.1 ;
    %jmp T_97;
    .thread T_97;
# The file index is used to find the file name in the following table.
:file_names 21;
    "N/A";
    "<interactive>";
    "-";
    "./../../01_Boolean_Logic/And16.v";
    "./../../01_Boolean_Logic/And.v";
    "./../../01_Boolean_Logic/Buffer16.v";
    "./../../01_Boolean_Logic/Buffer.v";
    "./../../01_Boolean_Logic/DMux.v";
    "/home/xpektra/.apio/packages/oss-cad-suite/share/yosys/ice40/cells_sim.v";
    "./../../01_Boolean_Logic/Mux.v";
    "Mux8Way16_tb.v";
    "./../../01_Boolean_Logic/Mux8Way16.v";
    "./../../01_Boolean_Logic/Mux4Way16.v";
    "./../../01_Boolean_Logic/Mux16.v";
    "./../../01_Boolean_Logic/Nand.v";
    "./../../01_Boolean_Logic/Not.v";
    "./../../01_Boolean_Logic/Not16.v";
    "./../../01_Boolean_Logic/Or.v";
    "./../../01_Boolean_Logic/Or16.v";
    "./../../01_Boolean_Logic/Or8Way.v";
    "./../../01_Boolean_Logic/Xor.v";
