$date
	Wed Aug  5 02:33:54 2026
$end
$version
	Icarus Verilog
$end
$timescale
	1ps
$end
$scope module Mux8Way16_tb $end
$var wire 16 ! out_cmp [15:0] $end
$var wire 16 " out [15:0] $end
$var reg 16 # a [15:0] $end
$var reg 16 $ b [15:0] $end
$var reg 16 % c [15:0] $end
$var reg 16 & d [15:0] $end
$var reg 16 ' e [15:0] $end
$var reg 16 ( f [15:0] $end
$var reg 1 ) fail $end
$var reg 16 * g [15:0] $end
$var reg 16 + h [15:0] $end
$var reg 16 , n [15:0] $end
$var reg 3 - sel [2:0] $end
$scope module MUX8WAY16 $end
$var wire 16 . a [15:0] $end
$var wire 16 / b [15:0] $end
$var wire 16 0 c [15:0] $end
$var wire 16 1 d [15:0] $end
$var wire 16 2 e [15:0] $end
$var wire 16 3 f [15:0] $end
$var wire 16 4 g [15:0] $end
$var wire 16 5 h [15:0] $end
$var wire 3 6 sel [2:0] $end
$var wire 16 7 upper4 [15:0] $end
$var wire 16 8 out [15:0] $end
$var wire 16 9 lower4 [15:0] $end
$scope module m1 $end
$var wire 16 : a [15:0] $end
$var wire 16 ; b [15:0] $end
$var wire 16 < c [15:0] $end
$var wire 16 = d [15:0] $end
$var wire 2 > sel [1:0] $end
$var wire 16 ? upper2 [15:0] $end
$var wire 16 @ out [15:0] $end
$var wire 16 A lower2 [15:0] $end
$scope module m1 $end
$var wire 16 B a [15:0] $end
$var wire 16 C b [15:0] $end
$var wire 1 D sel $end
$var wire 16 E out [15:0] $end
$upscope $end
$scope module m2 $end
$var wire 16 F a [15:0] $end
$var wire 16 G b [15:0] $end
$var wire 1 H sel $end
$var wire 16 I out [15:0] $end
$upscope $end
$scope module m3 $end
$var wire 16 J a [15:0] $end
$var wire 16 K b [15:0] $end
$var wire 1 L sel $end
$var wire 16 M out [15:0] $end
$upscope $end
$upscope $end
$scope module m2 $end
$var wire 16 N a [15:0] $end
$var wire 16 O b [15:0] $end
$var wire 16 P c [15:0] $end
$var wire 16 Q d [15:0] $end
$var wire 2 R sel [1:0] $end
$var wire 16 S upper2 [15:0] $end
$var wire 16 T out [15:0] $end
$var wire 16 U lower2 [15:0] $end
$scope module m1 $end
$var wire 16 V a [15:0] $end
$var wire 16 W b [15:0] $end
$var wire 1 X sel $end
$var wire 16 Y out [15:0] $end
$upscope $end
$scope module m2 $end
$var wire 16 Z a [15:0] $end
$var wire 16 [ b [15:0] $end
$var wire 1 \ sel $end
$var wire 16 ] out [15:0] $end
$upscope $end
$scope module m3 $end
$var wire 16 ^ a [15:0] $end
$var wire 16 _ b [15:0] $end
$var wire 1 ` sel $end
$var wire 16 a out [15:0] $end
$upscope $end
$upscope $end
$scope module m3 $end
$var wire 16 b a [15:0] $end
$var wire 16 c b [15:0] $end
$var wire 1 d sel $end
$var wire 16 e out [15:0] $end
$upscope $end
$upscope $end
$scope task check $end
$upscope $end
$upscope $end
$enddefinitions $end
$comment Show the parameter values. $end
$dumpall
$end
#0
$dumpvars
b11010100100100 e
0d
b111101100001101 c
b11010100100100 b
b111101100001101 a
0`
b1000010001100101 _
b111101100001101 ^
b1000010001100101 ]
0\
b101001000010010 [
b1000010001100101 Z
b111101100001101 Y
0X
b1001100110001101 W
b111101100001101 V
b1000010001100101 U
b111101100001101 T
b111101100001101 S
b0 R
b101001000010010 Q
b1000010001100101 P
b1001100110001101 O
b111101100001101 N
b11010100100100 M
0L
b1101011000001001 K
b11010100100100 J
b1101011000001001 I
0H
b101011001100011 G
b1101011000001001 F
b11010100100100 E
0D
b101111010000001 C
b11010100100100 B
b1101011000001001 A
b11010100100100 @
b11010100100100 ?
b0 >
b101011001100011 =
b1101011000001001 <
b101111010000001 ;
b11010100100100 :
b111101100001101 9
b11010100100100 8
b11010100100100 7
b0 6
b101001000010010 5
b1000010001100101 4
b1001100110001101 3
b111101100001101 2
b101011001100011 1
b1101011000001001 0
b101111010000001 /
b11010100100100 .
b0 -
b0 ,
b101001000010010 +
b1000010001100101 *
0)
b1001100110001101 (
b111101100001101 '
b101011001100011 &
b1101011000001001 %
b101111010000001 $
b11010100100100 #
b11010100100100 "
b11010100100100 !
$end
#1
b101111010000001 "
b101111010000001 8
b101111010000001 e
b101111010000001 !
b101111010000001 7
b101111010000001 @
b101111010000001 M
b101111010000001 b
b1001100110001101 9
b1001100110001101 T
b1001100110001101 a
b1001100110001101 c
b101111010000001 ?
b101111010000001 E
b101111010000001 J
b101011001100011 A
b101011001100011 I
b101011001100011 K
b1001100110001101 S
b1001100110001101 Y
b1001100110001101 ^
b101001000010010 U
b101001000010010 ]
b101001000010010 _
1D
1H
1X
1\
b1 >
b1 R
b1 -
b1 6
#2
b1101011000001001 "
b1101011000001001 8
b1101011000001001 e
b1101011000001001 !
b11010100100100 ?
b11010100100100 E
b11010100100100 J
b1101011000001001 A
b1101011000001001 I
b1101011000001001 K
b1101011000001001 7
b1101011000001001 @
b1101011000001001 M
b1101011000001001 b
b111101100001101 S
b111101100001101 Y
b111101100001101 ^
b1000010001100101 U
b1000010001100101 ]
b1000010001100101 _
b1000010001100101 9
b1000010001100101 T
b1000010001100101 a
b1000010001100101 c
0D
0H
1L
0X
0\
1`
b10 >
b10 R
b10 -
b10 6
#3
b101011001100011 "
b101011001100011 8
b101011001100011 e
b101011001100011 !
b101011001100011 7
b101011001100011 @
b101011001100011 M
b101011001100011 b
b101001000010010 9
b101001000010010 T
b101001000010010 a
b101001000010010 c
b101111010000001 ?
b101111010000001 E
b101111010000001 J
b101011001100011 A
b101011001100011 I
b101011001100011 K
b1001100110001101 S
b1001100110001101 Y
b1001100110001101 ^
b101001000010010 U
b101001000010010 ]
b101001000010010 _
1D
1H
1X
1\
b11 >
b11 R
b11 -
b11 6
#4
b11010100100100 ?
b11010100100100 E
b11010100100100 J
b1101011000001001 A
b1101011000001001 I
b1101011000001001 K
b11010100100100 7
b11010100100100 @
b11010100100100 M
b11010100100100 b
b111101100001101 S
b111101100001101 Y
b111101100001101 ^
b1000010001100101 U
b1000010001100101 ]
b1000010001100101 _
b111101100001101 9
b111101100001101 T
b111101100001101 a
b111101100001101 c
b111101100001101 !
0D
0H
0L
0X
0\
0`
b111101100001101 "
b111101100001101 8
b111101100001101 e
b0 >
b0 R
1d
b100 -
b100 6
#5
b1001100110001101 "
b1001100110001101 8
b1001100110001101 e
b1001100110001101 !
b101111010000001 7
b101111010000001 @
b101111010000001 M
b101111010000001 b
b1001100110001101 9
b1001100110001101 T
b1001100110001101 a
b1001100110001101 c
b101111010000001 ?
b101111010000001 E
b101111010000001 J
b101011001100011 A
b101011001100011 I
b101011001100011 K
b1001100110001101 S
b1001100110001101 Y
b1001100110001101 ^
b101001000010010 U
b101001000010010 ]
b101001000010010 _
1D
1H
1X
1\
b1 >
b1 R
b101 -
b101 6
#6
b1000010001100101 "
b1000010001100101 8
b1000010001100101 e
b1000010001100101 !
b11010100100100 ?
b11010100100100 E
b11010100100100 J
b1101011000001001 A
b1101011000001001 I
b1101011000001001 K
b1101011000001001 7
b1101011000001001 @
b1101011000001001 M
b1101011000001001 b
b111101100001101 S
b111101100001101 Y
b111101100001101 ^
b1000010001100101 U
b1000010001100101 ]
b1000010001100101 _
b1000010001100101 9
b1000010001100101 T
b1000010001100101 a
b1000010001100101 c
0D
0H
1L
0X
0\
1`
b10 >
b10 R
b110 -
b110 6
#7
b101001000010010 "
b101001000010010 8
b101001000010010 e
b101001000010010 !
b101011001100011 7
b101011001100011 @
b101011001100011 M
b101011001100011 b
b101001000010010 9
b101001000010010 T
b101001000010010 a
b101001000010010 c
b101111010000001 ?
b101111010000001 E
b101111010000001 J
b101011001100011 A
b101011001100011 I
b101011001100011 K
b1001100110001101 S
b1001100110001101 Y
b1001100110001101 ^
b101001000010010 U
b101001000010010 ]
b101001000010010 _
1D
1H
1X
1\
b11 >
b11 R
b111 -
b111 6
#8
b1110001100000001 !
0D
0H
0L
0X
0\
0`
b1110001100000001 "
b1110001100000001 8
b1110001100000001 e
b101011111101101 9
b101011111101101 T
b101011111101101 a
b101011111101101 c
b1110001100000001 7
b1110001100000001 @
b1110001100000001 M
b1110001100000001 b
b0 >
b0 R
0d
b1110100111111001 U
b1110100111111001 ]
b1110100111111001 _
b101011111101101 S
b101011111101101 Y
b101011111101101 ^
b1111000101110110 A
b1111000101110110 I
b1111000101110110 K
b1110001100000001 ?
b1110001100000001 E
b1110001100000001 J
b0 -
b0 6
b10010011000110 +
b10010011000110 5
b10010011000110 Q
b10010011000110 [
b1110100111111001 *
b1110100111111001 4
b1110100111111001 P
b1110100111111001 Z
b1111011110001100 (
b1111011110001100 3
b1111011110001100 O
b1111011110001100 W
b101011111101101 '
b101011111101101 2
b101011111101101 N
b101011111101101 V
b1100110100111101 &
b1100110100111101 1
b1100110100111101 =
b1100110100111101 G
b1111000101110110 %
b1111000101110110 0
b1111000101110110 <
b1111000101110110 F
b1100110100001101 $
b1100110100001101 /
b1100110100001101 ;
b1100110100001101 C
b1110001100000001 #
b1110001100000001 .
b1110001100000001 :
b1110001100000001 B
b1 ,
#9
b1100110100001101 "
b1100110100001101 8
b1100110100001101 e
b1100110100001101 !
b1100110100001101 7
b1100110100001101 @
b1100110100001101 M
b1100110100001101 b
b1111011110001100 9
b1111011110001100 T
b1111011110001100 a
b1111011110001100 c
b1100110100001101 ?
b1100110100001101 E
b1100110100001101 J
b1100110100111101 A
b1100110100111101 I
b1100110100111101 K
b1111011110001100 S
b1111011110001100 Y
b1111011110001100 ^
b10010011000110 U
b10010011000110 ]
b10010011000110 _
1D
1H
1X
1\
b1 >
b1 R
b1 -
b1 6
#10
b1111000101110110 "
b1111000101110110 8
b1111000101110110 e
b1111000101110110 !
b1110001100000001 ?
b1110001100000001 E
b1110001100000001 J
b1111000101110110 A
b1111000101110110 I
b1111000101110110 K
b1111000101110110 7
b1111000101110110 @
b1111000101110110 M
b1111000101110110 b
b101011111101101 S
b101011111101101 Y
b101011111101101 ^
b1110100111111001 U
b1110100111111001 ]
b1110100111111001 _
b1110100111111001 9
b1110100111111001 T
b1110100111111001 a
b1110100111111001 c
0D
0H
1L
0X
0\
1`
b10 >
b10 R
b10 -
b10 6
#11
b1100110100111101 "
b1100110100111101 8
b1100110100111101 e
b1100110100111101 !
b1100110100111101 7
b1100110100111101 @
b1100110100111101 M
b1100110100111101 b
b10010011000110 9
b10010011000110 T
b10010011000110 a
b10010011000110 c
b1100110100001101 ?
b1100110100001101 E
b1100110100001101 J
b1100110100111101 A
b1100110100111101 I
b1100110100111101 K
b1111011110001100 S
b1111011110001100 Y
b1111011110001100 ^
b10010011000110 U
b10010011000110 ]
b10010011000110 _
1D
1H
1X
1\
b11 >
b11 R
b11 -
b11 6
#12
b1110001100000001 ?
b1110001100000001 E
b1110001100000001 J
b1111000101110110 A
b1111000101110110 I
b1111000101110110 K
b1110001100000001 7
b1110001100000001 @
b1110001100000001 M
b1110001100000001 b
b101011111101101 S
b101011111101101 Y
b101011111101101 ^
b1110100111111001 U
b1110100111111001 ]
b1110100111111001 _
b101011111101101 9
b101011111101101 T
b101011111101101 a
b101011111101101 c
b101011111101101 !
0D
0H
0L
0X
0\
0`
b101011111101101 "
b101011111101101 8
b101011111101101 e
b0 >
b0 R
1d
b100 -
b100 6
#13
b1111011110001100 "
b1111011110001100 8
b1111011110001100 e
b1111011110001100 !
b1100110100001101 7
b1100110100001101 @
b1100110100001101 M
b1100110100001101 b
b1111011110001100 9
b1111011110001100 T
b1111011110001100 a
b1111011110001100 c
b1100110100001101 ?
b1100110100001101 E
b1100110100001101 J
b1100110100111101 A
b1100110100111101 I
b1100110100111101 K
b1111011110001100 S
b1111011110001100 Y
b1111011110001100 ^
b10010011000110 U
b10010011000110 ]
b10010011000110 _
1D
1H
1X
1\
b1 >
b1 R
b101 -
b101 6
#14
b1110100111111001 "
b1110100111111001 8
b1110100111111001 e
b1110100111111001 !
b1110001100000001 ?
b1110001100000001 E
b1110001100000001 J
b1111000101110110 A
b1111000101110110 I
b1111000101110110 K
b1111000101110110 7
b1111000101110110 @
b1111000101110110 M
b1111000101110110 b
b101011111101101 S
b101011111101101 Y
b101011111101101 ^
b1110100111111001 U
b1110100111111001 ]
b1110100111111001 _
b1110100111111001 9
b1110100111111001 T
b1110100111111001 a
b1110100111111001 c
0D
0H
1L
0X
0\
1`
b10 >
b10 R
b110 -
b110 6
#15
b10010011000110 "
b10010011000110 8
b10010011000110 e
b10010011000110 !
b1100110100111101 7
b1100110100111101 @
b1100110100111101 M
b1100110100111101 b
b10010011000110 9
b10010011000110 T
b10010011000110 a
b10010011000110 c
b1100110100001101 ?
b1100110100001101 E
b1100110100001101 J
b1100110100111101 A
b1100110100111101 I
b1100110100111101 K
b1111011110001100 S
b1111011110001100 Y
b1111011110001100 ^
b10010011000110 U
b10010011000110 ]
b10010011000110 _
1D
1H
1X
1\
b11 >
b11 R
b111 -
b111 6
#16
b1000010011000101 !
0D
0H
0L
0X
0\
0`
b1000010011000101 "
b1000010011000101 8
b1000010011000101 e
b1101011000010010 9
b1101011000010010 T
b1101011000010010 a
b1101011000010010 c
b1000010011000101 7
b1000010011000101 @
b1000010011000101 M
b1000010011000101 b
b0 >
b0 R
0d
b110100111110010 U
b110100111110010 ]
b110100111110010 _
b1101011000010010 S
b1101011000010010 Y
b1101011000010010 ^
b1111011111100101 A
b1111011111100101 I
b1111011111100101 K
b1000010011000101 ?
b1000010011000101 E
b1000010011000101 J
b0 -
b0 6
b1001011011001110 +
b1001011011001110 5
b1001011011001110 Q
b1001011011001110 [
b110100111110010 *
b110100111110010 4
b110100111110010 P
b110100111110010 Z
b1101101110001111 (
b1101101110001111 3
b1101101110001111 O
b1101101110001111 W
b1101011000010010 '
b1101011000010010 2
b1101011000010010 N
b1101011000010010 V
b111001001110111 &
b111001001110111 1
b111001001110111 =
b111001001110111 G
b1111011111100101 %
b1111011111100101 0
b1111011111100101 <
b1111011111100101 F
b1101001010101010 $
b1101001010101010 /
b1101001010101010 ;
b1101001010101010 C
b1000010011000101 #
b1000010011000101 .
b1000010011000101 :
b1000010011000101 B
b10 ,
#17
b1101001010101010 "
b1101001010101010 8
b1101001010101010 e
b1101001010101010 !
b1101001010101010 7
b1101001010101010 @
b1101001010101010 M
b1101001010101010 b
b1101101110001111 9
b1101101110001111 T
b1101101110001111 a
b1101101110001111 c
b1101001010101010 ?
b1101001010101010 E
b1101001010101010 J
b111001001110111 A
b111001001110111 I
b111001001110111 K
b1101101110001111 S
b1101101110001111 Y
b1101101110001111 ^
b1001011011001110 U
b1001011011001110 ]
b1001011011001110 _
1D
1H
1X
1\
b1 >
b1 R
b1 -
b1 6
#18
b1111011111100101 "
b1111011111100101 8
b1111011111100101 e
b1111011111100101 !
b1000010011000101 ?
b1000010011000101 E
b1000010011000101 J
b1111011111100101 A
b1111011111100101 I
b1111011111100101 K
b1111011111100101 7
b1111011111100101 @
b1111011111100101 M
b1111011111100101 b
b1101011000010010 S
b1101011000010010 Y
b1101011000010010 ^
b110100111110010 U
b110100111110010 ]
b110100111110010 _
b110100111110010 9
b110100111110010 T
b110100111110010 a
b110100111110010 c
0D
0H
1L
0X
0\
1`
b10 >
b10 R
b10 -
b10 6
#19
b111001001110111 "
b111001001110111 8
b111001001110111 e
b111001001110111 !
b111001001110111 7
b111001001110111 @
b111001001110111 M
b111001001110111 b
b1001011011001110 9
b1001011011001110 T
b1001011011001110 a
b1001011011001110 c
b1101001010101010 ?
b1101001010101010 E
b1101001010101010 J
b111001001110111 A
b111001001110111 I
b111001001110111 K
b1101101110001111 S
b1101101110001111 Y
b1101101110001111 ^
b1001011011001110 U
b1001011011001110 ]
b1001011011001110 _
1D
1H
1X
1\
b11 >
b11 R
b11 -
b11 6
#20
b1000010011000101 ?
b1000010011000101 E
b1000010011000101 J
b1111011111100101 A
b1111011111100101 I
b1111011111100101 K
b1000010011000101 7
b1000010011000101 @
b1000010011000101 M
b1000010011000101 b
b1101011000010010 S
b1101011000010010 Y
b1101011000010010 ^
b110100111110010 U
b110100111110010 ]
b110100111110010 _
b1101011000010010 9
b1101011000010010 T
b1101011000010010 a
b1101011000010010 c
b1101011000010010 !
0D
0H
0L
0X
0\
0`
b1101011000010010 "
b1101011000010010 8
b1101011000010010 e
b0 >
b0 R
1d
b100 -
b100 6
#21
b1101101110001111 "
b1101101110001111 8
b1101101110001111 e
b1101101110001111 !
b1101001010101010 7
b1101001010101010 @
b1101001010101010 M
b1101001010101010 b
b1101101110001111 9
b1101101110001111 T
b1101101110001111 a
b1101101110001111 c
b1101001010101010 ?
b1101001010101010 E
b1101001010101010 J
b111001001110111 A
b111001001110111 I
b111001001110111 K
b1101101110001111 S
b1101101110001111 Y
b1101101110001111 ^
b1001011011001110 U
b1001011011001110 ]
b1001011011001110 _
1D
1H
1X
1\
b1 >
b1 R
b101 -
b101 6
#22
b110100111110010 "
b110100111110010 8
b110100111110010 e
b110100111110010 !
b1000010011000101 ?
b1000010011000101 E
b1000010011000101 J
b1111011111100101 A
b1111011111100101 I
b1111011111100101 K
b1111011111100101 7
b1111011111100101 @
b1111011111100101 M
b1111011111100101 b
b1101011000010010 S
b1101011000010010 Y
b1101011000010010 ^
b110100111110010 U
b110100111110010 ]
b110100111110010 _
b110100111110010 9
b110100111110010 T
b110100111110010 a
b110100111110010 c
0D
0H
1L
0X
0\
1`
b10 >
b10 R
b110 -
b110 6
#23
b1001011011001110 "
b1001011011001110 8
b1001011011001110 e
b1001011011001110 !
b111001001110111 7
b111001001110111 @
b111001001110111 M
b111001001110111 b
b1001011011001110 9
b1001011011001110 T
b1001011011001110 a
b1001011011001110 c
b1101001010101010 ?
b1101001010101010 E
b1101001010101010 J
b111001001110111 A
b111001001110111 I
b111001001110111 K
b1101101110001111 S
b1101101110001111 Y
b1101101110001111 ^
b1001011011001110 U
b1001011011001110 ]
b1001011011001110 _
1D
1H
1X
1\
b11 >
b11 R
b111 -
b111 6
#24
b111101011101000 !
0D
0H
0L
0X
0\
0`
b111101011101000 "
b111101011101000 8
b111101011101000 e
b101100000101101 9
b101100000101101 T
b101100000101101 a
b101100000101101 c
b111101011101000 7
b111101011101000 @
b111101011101000 M
b111101011101000 b
b0 >
b0 R
0d
b110001001100011 U
b110001001100011 ]
b110001001100011 _
b101100000101101 S
b101100000101101 Y
b101100000101101 ^
b100100101011100 A
b100100101011100 I
b100100101011100 K
b111101011101000 ?
b111101011101000 E
b111101011101000 J
b0 -
b0 6
b1000011100001010 +
b1000011100001010 5
b1000011100001010 Q
b1000011100001010 [
b110001001100011 *
b110001001100011 4
b110001001100011 P
b110001001100011 Z
b10011001100101 (
b10011001100101 3
b10011001100101 O
b10011001100101 W
b101100000101101 '
b101100000101101 2
b101100000101101 N
b101100000101101 V
b10100010111101 &
b10100010111101 1
b10100010111101 =
b10100010111101 G
b100100101011100 %
b100100101011100 0
b100100101011100 <
b100100101011100 F
b100111011000101 $
b100111011000101 /
b100111011000101 ;
b100111011000101 C
b111101011101000 #
b111101011101000 .
b111101011101000 :
b111101011101000 B
b11 ,
#25
b100111011000101 "
b100111011000101 8
b100111011000101 e
b100111011000101 !
b100111011000101 7
b100111011000101 @
b100111011000101 M
b100111011000101 b
b10011001100101 9
b10011001100101 T
b10011001100101 a
b10011001100101 c
b100111011000101 ?
b100111011000101 E
b100111011000101 J
b10100010111101 A
b10100010111101 I
b10100010111101 K
b10011001100101 S
b10011001100101 Y
b10011001100101 ^
b1000011100001010 U
b1000011100001010 ]
b1000011100001010 _
1D
1H
1X
1\
b1 >
b1 R
b1 -
b1 6
#26
b100100101011100 "
b100100101011100 8
b100100101011100 e
b100100101011100 !
b111101011101000 ?
b111101011101000 E
b111101011101000 J
b100100101011100 A
b100100101011100 I
b100100101011100 K
b100100101011100 7
b100100101011100 @
b100100101011100 M
b100100101011100 b
b101100000101101 S
b101100000101101 Y
b101100000101101 ^
b110001001100011 U
b110001001100011 ]
b110001001100011 _
b110001001100011 9
b110001001100011 T
b110001001100011 a
b110001001100011 c
0D
0H
1L
0X
0\
1`
b10 >
b10 R
b10 -
b10 6
#27
b10100010111101 "
b10100010111101 8
b10100010111101 e
b10100010111101 !
b10100010111101 7
b10100010111101 @
b10100010111101 M
b10100010111101 b
b1000011100001010 9
b1000011100001010 T
b1000011100001010 a
b1000011100001010 c
b100111011000101 ?
b100111011000101 E
b100111011000101 J
b10100010111101 A
b10100010111101 I
b10100010111101 K
b10011001100101 S
b10011001100101 Y
b10011001100101 ^
b1000011100001010 U
b1000011100001010 ]
b1000011100001010 _
1D
1H
1X
1\
b11 >
b11 R
b11 -
b11 6
#28
b111101011101000 ?
b111101011101000 E
b111101011101000 J
b100100101011100 A
b100100101011100 I
b100100101011100 K
b111101011101000 7
b111101011101000 @
b111101011101000 M
b111101011101000 b
b101100000101101 S
b101100000101101 Y
b101100000101101 ^
b110001001100011 U
b110001001100011 ]
b110001001100011 _
b101100000101101 9
b101100000101101 T
b101100000101101 a
b101100000101101 c
b101100000101101 !
0D
0H
0L
0X
0\
0`
b101100000101101 "
b101100000101101 8
b101100000101101 e
b0 >
b0 R
1d
b100 -
b100 6
#29
b10011001100101 "
b10011001100101 8
b10011001100101 e
b10011001100101 !
b100111011000101 7
b100111011000101 @
b100111011000101 M
b100111011000101 b
b10011001100101 9
b10011001100101 T
b10011001100101 a
b10011001100101 c
b100111011000101 ?
b100111011000101 E
b100111011000101 J
b10100010111101 A
b10100010111101 I
b10100010111101 K
b10011001100101 S
b10011001100101 Y
b10011001100101 ^
b1000011100001010 U
b1000011100001010 ]
b1000011100001010 _
1D
1H
1X
1\
b1 >
b1 R
b101 -
b101 6
#30
b110001001100011 "
b110001001100011 8
b110001001100011 e
b110001001100011 !
b111101011101000 ?
b111101011101000 E
b111101011101000 J
b100100101011100 A
b100100101011100 I
b100100101011100 K
b100100101011100 7
b100100101011100 @
b100100101011100 M
b100100101011100 b
b101100000101101 S
b101100000101101 Y
b101100000101101 ^
b110001001100011 U
b110001001100011 ]
b110001001100011 _
b110001001100011 9
b110001001100011 T
b110001001100011 a
b110001001100011 c
0D
0H
1L
0X
0\
1`
b10 >
b10 R
b110 -
b110 6
#31
b1000011100001010 "
b1000011100001010 8
b1000011100001010 e
b1000011100001010 !
b10100010111101 7
b10100010111101 @
b10100010111101 M
b10100010111101 b
b1000011100001010 9
b1000011100001010 T
b1000011100001010 a
b1000011100001010 c
b100111011000101 ?
b100111011000101 E
b100111011000101 J
b10100010111101 A
b10100010111101 I
b10100010111101 K
b10011001100101 S
b10011001100101 Y
b10011001100101 ^
b1000011100001010 U
b1000011100001010 ]
b1000011100001010 _
1D
1H
1X
1\
b11 >
b11 R
b111 -
b111 6
#32
b10001010000000 !
0D
0H
0L
0X
0\
0`
b10001010000000 "
b10001010000000 8
b10001010000000 e
b11111010010110 9
b11111010010110 T
b11111010010110 a
b11111010010110 c
b10001010000000 7
b10001010000000 @
b10001010000000 M
b10001010000000 b
b0 >
b0 R
0d
b11100000001101 U
b11100000001101 ]
b11100000001101 _
b11111010010110 S
b11111010010110 Y
b11111010010110 ^
b100010110101010 A
b100010110101010 I
b100010110101010 K
b10001010000000 ?
b10001010000000 E
b10001010000000 J
b0 -
b0 6
b1101011001010011 +
b1101011001010011 5
b1101011001010011 Q
b1101011001010011 [
b11100000001101 *
b11100000001101 4
b11100000001101 P
b11100000001101 Z
b1011100000010011 (
b1011100000010011 3
b1011100000010011 O
b1011100000010011 W
b11111010010110 '
b11111010010110 2
b11111010010110 N
b11111010010110 V
b1100110010011101 &
b1100110010011101 1
b1100110010011101 =
b1100110010011101 G
b100010110101010 %
b100010110101010 0
b100010110101010 <
b100010110101010 F
b10000100100000 $
b10000100100000 /
b10000100100000 ;
b10000100100000 C
b10001010000000 #
b10001010000000 .
b10001010000000 :
b10001010000000 B
b100 ,
#33
b10000100100000 "
b10000100100000 8
b10000100100000 e
b10000100100000 !
b10000100100000 7
b10000100100000 @
b10000100100000 M
b10000100100000 b
b1011100000010011 9
b1011100000010011 T
b1011100000010011 a
b1011100000010011 c
b10000100100000 ?
b10000100100000 E
b10000100100000 J
b1100110010011101 A
b1100110010011101 I
b1100110010011101 K
b1011100000010011 S
b1011100000010011 Y
b1011100000010011 ^
b1101011001010011 U
b1101011001010011 ]
b1101011001010011 _
1D
1H
1X
1\
b1 >
b1 R
b1 -
b1 6
#34
b100010110101010 "
b100010110101010 8
b100010110101010 e
b100010110101010 !
b10001010000000 ?
b10001010000000 E
b10001010000000 J
b100010110101010 A
b100010110101010 I
b100010110101010 K
b100010110101010 7
b100010110101010 @
b100010110101010 M
b100010110101010 b
b11111010010110 S
b11111010010110 Y
b11111010010110 ^
b11100000001101 U
b11100000001101 ]
b11100000001101 _
b11100000001101 9
b11100000001101 T
b11100000001101 a
b11100000001101 c
0D
0H
1L
0X
0\
1`
b10 >
b10 R
b10 -
b10 6
#35
b1100110010011101 "
b1100110010011101 8
b1100110010011101 e
b1100110010011101 !
b1100110010011101 7
b1100110010011101 @
b1100110010011101 M
b1100110010011101 b
b1101011001010011 9
b1101011001010011 T
b1101011001010011 a
b1101011001010011 c
b10000100100000 ?
b10000100100000 E
b10000100100000 J
b1100110010011101 A
b1100110010011101 I
b1100110010011101 K
b1011100000010011 S
b1011100000010011 Y
b1011100000010011 ^
b1101011001010011 U
b1101011001010011 ]
b1101011001010011 _
1D
1H
1X
1\
b11 >
b11 R
b11 -
b11 6
#36
b10001010000000 ?
b10001010000000 E
b10001010000000 J
b100010110101010 A
b100010110101010 I
b100010110101010 K
b10001010000000 7
b10001010000000 @
b10001010000000 M
b10001010000000 b
b11111010010110 S
b11111010010110 Y
b11111010010110 ^
b11100000001101 U
b11100000001101 ]
b11100000001101 _
b11111010010110 9
b11111010010110 T
b11111010010110 a
b11111010010110 c
b11111010010110 !
0D
0H
0L
0X
0\
0`
b11111010010110 "
b11111010010110 8
b11111010010110 e
b0 >
b0 R
1d
b100 -
b100 6
#37
b1011100000010011 "
b1011100000010011 8
b1011100000010011 e
b1011100000010011 !
b10000100100000 7
b10000100100000 @
b10000100100000 M
b10000100100000 b
b1011100000010011 9
b1011100000010011 T
b1011100000010011 a
b1011100000010011 c
b10000100100000 ?
b10000100100000 E
b10000100100000 J
b1100110010011101 A
b1100110010011101 I
b1100110010011101 K
b1011100000010011 S
b1011100000010011 Y
b1011100000010011 ^
b1101011001010011 U
b1101011001010011 ]
b1101011001010011 _
1D
1H
1X
1\
b1 >
b1 R
b101 -
b101 6
#38
b11100000001101 "
b11100000001101 8
b11100000001101 e
b11100000001101 !
b10001010000000 ?
b10001010000000 E
b10001010000000 J
b100010110101010 A
b100010110101010 I
b100010110101010 K
b100010110101010 7
b100010110101010 @
b100010110101010 M
b100010110101010 b
b11111010010110 S
b11111010010110 Y
b11111010010110 ^
b11100000001101 U
b11100000001101 ]
b11100000001101 _
b11100000001101 9
b11100000001101 T
b11100000001101 a
b11100000001101 c
0D
0H
1L
0X
0\
1`
b10 >
b10 R
b110 -
b110 6
#39
b1101011001010011 "
b1101011001010011 8
b1101011001010011 e
b1101011001010011 !
b1100110010011101 7
b1100110010011101 @
b1100110010011101 M
b1100110010011101 b
b1101011001010011 9
b1101011001010011 T
b1101011001010011 a
b1101011001010011 c
b10000100100000 ?
b10000100100000 E
b10000100100000 J
b1100110010011101 A
b1100110010011101 I
b1100110010011101 K
b1011100000010011 S
b1011100000010011 Y
b1011100000010011 ^
b1101011001010011 U
b1101011001010011 ]
b1101011001010011 _
1D
1H
1X
1\
b11 >
b11 R
b111 -
b111 6
#40
b1101110101101011 !
0D
0H
0L
0X
0\
0`
b1101110101101011 "
b1101110101101011 8
b1101110101101011 e
b1110100100011101 9
b1110100100011101 T
b1110100100011101 a
b1110100100011101 c
b1101110101101011 7
b1101110101101011 @
b1101110101101011 M
b1101110101101011 b
b0 >
b0 R
0d
b100100100100011 U
b100100100100011 ]
b100100100100011 _
b1110100100011101 S
b1110100100011101 Y
b1110100100011101 ^
b100101000000010 A
b100101000000010 I
b100101000000010 K
b1101110101101011 ?
b1101110101101011 E
b1101110101101011 J
b0 -
b0 6
b110010100001010 +
b110010100001010 5
b110010100001010 Q
b110010100001010 [
b100100100100011 *
b100100100100011 4
b100100100100011 P
b100100100100011 Z
b111001011001111 (
b111001011001111 3
b111001011001111 O
b111001011001111 W
b1110100100011101 '
b1110100100011101 2
b1110100100011101 N
b1110100100011101 V
b11111010101110 &
b11111010101110 1
b11111010101110 =
b11111010101110 G
b100101000000010 %
b100101000000010 0
b100101000000010 <
b100101000000010 F
b10101011010101 $
b10101011010101 /
b10101011010101 ;
b10101011010101 C
b1101110101101011 #
b1101110101101011 .
b1101110101101011 :
b1101110101101011 B
b101 ,
#41
b10101011010101 "
b10101011010101 8
b10101011010101 e
b10101011010101 !
b10101011010101 7
b10101011010101 @
b10101011010101 M
b10101011010101 b
b111001011001111 9
b111001011001111 T
b111001011001111 a
b111001011001111 c
b10101011010101 ?
b10101011010101 E
b10101011010101 J
b11111010101110 A
b11111010101110 I
b11111010101110 K
b111001011001111 S
b111001011001111 Y
b111001011001111 ^
b110010100001010 U
b110010100001010 ]
b110010100001010 _
1D
1H
1X
1\
b1 >
b1 R
b1 -
b1 6
#42
b100101000000010 "
b100101000000010 8
b100101000000010 e
b100101000000010 !
b1101110101101011 ?
b1101110101101011 E
b1101110101101011 J
b100101000000010 A
b100101000000010 I
b100101000000010 K
b100101000000010 7
b100101000000010 @
b100101000000010 M
b100101000000010 b
b1110100100011101 S
b1110100100011101 Y
b1110100100011101 ^
b100100100100011 U
b100100100100011 ]
b100100100100011 _
b100100100100011 9
b100100100100011 T
b100100100100011 a
b100100100100011 c
0D
0H
1L
0X
0\
1`
b10 >
b10 R
b10 -
b10 6
#43
b11111010101110 "
b11111010101110 8
b11111010101110 e
b11111010101110 !
b11111010101110 7
b11111010101110 @
b11111010101110 M
b11111010101110 b
b110010100001010 9
b110010100001010 T
b110010100001010 a
b110010100001010 c
b10101011010101 ?
b10101011010101 E
b10101011010101 J
b11111010101110 A
b11111010101110 I
b11111010101110 K
b111001011001111 S
b111001011001111 Y
b111001011001111 ^
b110010100001010 U
b110010100001010 ]
b110010100001010 _
1D
1H
1X
1\
b11 >
b11 R
b11 -
b11 6
#44
b1101110101101011 ?
b1101110101101011 E
b1101110101101011 J
b100101000000010 A
b100101000000010 I
b100101000000010 K
b1101110101101011 7
b1101110101101011 @
b1101110101101011 M
b1101110101101011 b
b1110100100011101 S
b1110100100011101 Y
b1110100100011101 ^
b100100100100011 U
b100100100100011 ]
b100100100100011 _
b1110100100011101 9
b1110100100011101 T
b1110100100011101 a
b1110100100011101 c
b1110100100011101 !
0D
0H
0L
0X
0\
0`
b1110100100011101 "
b1110100100011101 8
b1110100100011101 e
b0 >
b0 R
1d
b100 -
b100 6
#45
b111001011001111 "
b111001011001111 8
b111001011001111 e
b111001011001111 !
b10101011010101 7
b10101011010101 @
b10101011010101 M
b10101011010101 b
b111001011001111 9
b111001011001111 T
b111001011001111 a
b111001011001111 c
b10101011010101 ?
b10101011010101 E
b10101011010101 J
b11111010101110 A
b11111010101110 I
b11111010101110 K
b111001011001111 S
b111001011001111 Y
b111001011001111 ^
b110010100001010 U
b110010100001010 ]
b110010100001010 _
1D
1H
1X
1\
b1 >
b1 R
b101 -
b101 6
#46
b100100100100011 "
b100100100100011 8
b100100100100011 e
b100100100100011 !
b1101110101101011 ?
b1101110101101011 E
b1101110101101011 J
b100101000000010 A
b100101000000010 I
b100101000000010 K
b100101000000010 7
b100101000000010 @
b100101000000010 M
b100101000000010 b
b1110100100011101 S
b1110100100011101 Y
b1110100100011101 ^
b100100100100011 U
b100100100100011 ]
b100100100100011 _
b100100100100011 9
b100100100100011 T
b100100100100011 a
b100100100100011 c
0D
0H
1L
0X
0\
1`
b10 >
b10 R
b110 -
b110 6
#47
b110010100001010 "
b110010100001010 8
b110010100001010 e
b110010100001010 !
b11111010101110 7
b11111010101110 @
b11111010101110 M
b11111010101110 b
b110010100001010 9
b110010100001010 T
b110010100001010 a
b110010100001010 c
b10101011010101 ?
b10101011010101 E
b10101011010101 J
b11111010101110 A
b11111010101110 I
b11111010101110 K
b111001011001111 S
b111001011001111 Y
b111001011001111 ^
b110010100001010 U
b110010100001010 ]
b110010100001010 _
1D
1H
1X
1\
b11 >
b11 R
b111 -
b111 6
#48
b101011001010 !
0D
0H
0L
0X
0\
0`
b101011001010 "
b101011001010 8
b101011001010 e
b1011001101000001 9
b1011001101000001 T
b1011001101000001 a
b1011001101000001 c
b101011001010 7
b101011001010 @
b101011001010 M
b101011001010 b
b0 >
b0 R
0d
b1111001101111000 U
b1111001101111000 ]
b1111001101111000 _
b1011001101000001 S
b1011001101000001 Y
b1011001101000001 ^
b1011110111110010 A
b1011110111110010 I
b1011110111110010 K
b101011001010 ?
b101011001010 E
b101011001010 J
b0 -
b0 6
b1001010001001 +
b1001010001001 5
b1001010001001 Q
b1001010001001 [
b1111001101111000 *
b1111001101111000 4
b1111001101111000 P
b1111001101111000 Z
b11010011011000 (
b11010011011000 3
b11010011011000 O
b11010011011000 W
b1011001101000001 '
b1011001101000001 2
b1011001101000001 N
b1011001101000001 V
b110000110001010 &
b110000110001010 1
b110000110001010 =
b110000110001010 G
b1011110111110010 %
b1011110111110010 0
b1011110111110010 <
b1011110111110010 F
b100110000111100 $
b100110000111100 /
b100110000111100 ;
b100110000111100 C
b101011001010 #
b101011001010 .
b101011001010 :
b101011001010 B
b110 ,
#49
b100110000111100 "
b100110000111100 8
b100110000111100 e
b100110000111100 !
b100110000111100 7
b100110000111100 @
b100110000111100 M
b100110000111100 b
b11010011011000 9
b11010011011000 T
b11010011011000 a
b11010011011000 c
b100110000111100 ?
b100110000111100 E
b100110000111100 J
b110000110001010 A
b110000110001010 I
b110000110001010 K
b11010011011000 S
b11010011011000 Y
b11010011011000 ^
b1001010001001 U
b1001010001001 ]
b1001010001001 _
1D
1H
1X
1\
b1 >
b1 R
b1 -
b1 6
#50
b1011110111110010 "
b1011110111110010 8
b1011110111110010 e
b1011110111110010 !
b101011001010 ?
b101011001010 E
b101011001010 J
b1011110111110010 A
b1011110111110010 I
b1011110111110010 K
b1011110111110010 7
b1011110111110010 @
b1011110111110010 M
b1011110111110010 b
b1011001101000001 S
b1011001101000001 Y
b1011001101000001 ^
b1111001101111000 U
b1111001101111000 ]
b1111001101111000 _
b1111001101111000 9
b1111001101111000 T
b1111001101111000 a
b1111001101111000 c
0D
0H
1L
0X
0\
1`
b10 >
b10 R
b10 -
b10 6
#51
b110000110001010 "
b110000110001010 8
b110000110001010 e
b110000110001010 !
b110000110001010 7
b110000110001010 @
b110000110001010 M
b110000110001010 b
b1001010001001 9
b1001010001001 T
b1001010001001 a
b1001010001001 c
b100110000111100 ?
b100110000111100 E
b100110000111100 J
b110000110001010 A
b110000110001010 I
b110000110001010 K
b11010011011000 S
b11010011011000 Y
b11010011011000 ^
b1001010001001 U
b1001010001001 ]
b1001010001001 _
1D
1H
1X
1\
b11 >
b11 R
b11 -
b11 6
#52
b101011001010 ?
b101011001010 E
b101011001010 J
b1011110111110010 A
b1011110111110010 I
b1011110111110010 K
b101011001010 7
b101011001010 @
b101011001010 M
b101011001010 b
b1011001101000001 S
b1011001101000001 Y
b1011001101000001 ^
b1111001101111000 U
b1111001101111000 ]
b1111001101111000 _
b1011001101000001 9
b1011001101000001 T
b1011001101000001 a
b1011001101000001 c
b1011001101000001 !
0D
0H
0L
0X
0\
0`
b1011001101000001 "
b1011001101000001 8
b1011001101000001 e
b0 >
b0 R
1d
b100 -
b100 6
#53
b11010011011000 "
b11010011011000 8
b11010011011000 e
b11010011011000 !
b100110000111100 7
b100110000111100 @
b100110000111100 M
b100110000111100 b
b11010011011000 9
b11010011011000 T
b11010011011000 a
b11010011011000 c
b100110000111100 ?
b100110000111100 E
b100110000111100 J
b110000110001010 A
b110000110001010 I
b110000110001010 K
b11010011011000 S
b11010011011000 Y
b11010011011000 ^
b1001010001001 U
b1001010001001 ]
b1001010001001 _
1D
1H
1X
1\
b1 >
b1 R
b101 -
b101 6
#54
b1111001101111000 "
b1111001101111000 8
b1111001101111000 e
b1111001101111000 !
b101011001010 ?
b101011001010 E
b101011001010 J
b1011110111110010 A
b1011110111110010 I
b1011110111110010 K
b1011110111110010 7
b1011110111110010 @
b1011110111110010 M
b1011110111110010 b
b1011001101000001 S
b1011001101000001 Y
b1011001101000001 ^
b1111001101111000 U
b1111001101111000 ]
b1111001101111000 _
b1111001101111000 9
b1111001101111000 T
b1111001101111000 a
b1111001101111000 c
0D
0H
1L
0X
0\
1`
b10 >
b10 R
b110 -
b110 6
#55
b1001010001001 "
b1001010001001 8
b1001010001001 e
b1001010001001 !
b110000110001010 7
b110000110001010 @
b110000110001010 M
b110000110001010 b
b1001010001001 9
b1001010001001 T
b1001010001001 a
b1001010001001 c
b100110000111100 ?
b100110000111100 E
b100110000111100 J
b110000110001010 A
b110000110001010 I
b110000110001010 K
b11010011011000 S
b11010011011000 Y
b11010011011000 ^
b1001010001001 U
b1001010001001 ]
b1001010001001 _
1D
1H
1X
1\
b11 >
b11 R
b111 -
b111 6
#56
b110111101011 !
0D
0H
0L
0X
0\
0`
b110111101011 "
b110111101011 8
b110111101011 e
b1010111100 9
b1010111100 T
b1010111100 a
b1010111100 c
b110111101011 7
b110111101011 @
b110111101011 M
b110111101011 b
b0 >
b0 R
0d
b1001101000001011 U
b1001101000001011 ]
b1001101000001011 _
b1010111100 S
b1010111100 Y
b1010111100 ^
b1111100111000110 A
b1111100111000110 I
b1111100111000110 K
b110111101011 ?
b110111101011 E
b110111101011 J
b0 -
b0 6
b1011111001110001 +
b1011111001110001 5
b1011111001110001 Q
b1011111001110001 [
b1001101000001011 *
b1001101000001011 4
b1001101000001011 P
b1001101000001011 Z
b1101110100101010 (
b1101110100101010 3
b1101110100101010 O
b1101110100101010 W
b1010111100 '
b1010111100 2
b1010111100 N
b1010111100 V
b1001110101110 &
b1001110101110 1
b1001110101110 =
b1001110101110 G
b1111100111000110 %
b1111100111000110 0
b1111100111000110 <
b1111100111000110 F
b110010110110110 $
b110010110110110 /
b110010110110110 ;
b110010110110110 C
b110111101011 #
b110111101011 .
b110111101011 :
b110111101011 B
b111 ,
#57
b110010110110110 "
b110010110110110 8
b110010110110110 e
b110010110110110 !
b110010110110110 7
b110010110110110 @
b110010110110110 M
b110010110110110 b
b1101110100101010 9
b1101110100101010 T
b1101110100101010 a
b1101110100101010 c
b110010110110110 ?
b110010110110110 E
b110010110110110 J
b1001110101110 A
b1001110101110 I
b1001110101110 K
b1101110100101010 S
b1101110100101010 Y
b1101110100101010 ^
b1011111001110001 U
b1011111001110001 ]
b1011111001110001 _
1D
1H
1X
1\
b1 >
b1 R
b1 -
b1 6
#58
b1111100111000110 "
b1111100111000110 8
b1111100111000110 e
b1111100111000110 !
b110111101011 ?
b110111101011 E
b110111101011 J
b1111100111000110 A
b1111100111000110 I
b1111100111000110 K
b1111100111000110 7
b1111100111000110 @
b1111100111000110 M
b1111100111000110 b
b1010111100 S
b1010111100 Y
b1010111100 ^
b1001101000001011 U
b1001101000001011 ]
b1001101000001011 _
b1001101000001011 9
b1001101000001011 T
b1001101000001011 a
b1001101000001011 c
0D
0H
1L
0X
0\
1`
b10 >
b10 R
b10 -
b10 6
#59
b1001110101110 "
b1001110101110 8
b1001110101110 e
b1001110101110 !
b1001110101110 7
b1001110101110 @
b1001110101110 M
b1001110101110 b
b1011111001110001 9
b1011111001110001 T
b1011111001110001 a
b1011111001110001 c
b110010110110110 ?
b110010110110110 E
b110010110110110 J
b1001110101110 A
b1001110101110 I
b1001110101110 K
b1101110100101010 S
b1101110100101010 Y
b1101110100101010 ^
b1011111001110001 U
b1011111001110001 ]
b1011111001110001 _
1D
1H
1X
1\
b11 >
b11 R
b11 -
b11 6
#60
b110111101011 ?
b110111101011 E
b110111101011 J
b1111100111000110 A
b1111100111000110 I
b1111100111000110 K
b110111101011 7
b110111101011 @
b110111101011 M
b110111101011 b
b1010111100 S
b1010111100 Y
b1010111100 ^
b1001101000001011 U
b1001101000001011 ]
b1001101000001011 _
b1010111100 9
b1010111100 T
b1010111100 a
b1010111100 c
b1010111100 !
0D
0H
0L
0X
0\
0`
b1010111100 "
b1010111100 8
b1010111100 e
b0 >
b0 R
1d
b100 -
b100 6
#61
b1101110100101010 "
b1101110100101010 8
b1101110100101010 e
b1101110100101010 !
b110010110110110 7
b110010110110110 @
b110010110110110 M
b110010110110110 b
b1101110100101010 9
b1101110100101010 T
b1101110100101010 a
b1101110100101010 c
b110010110110110 ?
b110010110110110 E
b110010110110110 J
b1001110101110 A
b1001110101110 I
b1001110101110 K
b1101110100101010 S
b1101110100101010 Y
b1101110100101010 ^
b1011111001110001 U
b1011111001110001 ]
b1011111001110001 _
1D
1H
1X
1\
b1 >
b1 R
b101 -
b101 6
#62
b1001101000001011 "
b1001101000001011 8
b1001101000001011 e
b1001101000001011 !
b110111101011 ?
b110111101011 E
b110111101011 J
b1111100111000110 A
b1111100111000110 I
b1111100111000110 K
b1111100111000110 7
b1111100111000110 @
b1111100111000110 M
b1111100111000110 b
b1010111100 S
b1010111100 Y
b1010111100 ^
b1001101000001011 U
b1001101000001011 ]
b1001101000001011 _
b1001101000001011 9
b1001101000001011 T
b1001101000001011 a
b1001101000001011 c
0D
0H
1L
0X
0\
1`
b10 >
b10 R
b110 -
b110 6
#63
b1011111001110001 "
b1011111001110001 8
b1011111001110001 e
b1011111001110001 !
b1001110101110 7
b1001110101110 @
b1001110101110 M
b1001110101110 b
b1011111001110001 9
b1011111001110001 T
b1011111001110001 a
b1011111001110001 c
b110010110110110 ?
b110010110110110 E
b110010110110110 J
b1001110101110 A
b1001110101110 I
b1001110101110 K
b1101110100101010 S
b1101110100101010 Y
b1101110100101010 ^
b1011111001110001 U
b1011111001110001 ]
b1011111001110001 _
1D
1H
1X
1\
b11 >
b11 R
b111 -
b111 6
#64
b100000110000101 !
0D
0H
0L
0X
0\
0`
b100000110000101 "
b100000110000101 8
b100000110000101 e
b11001001111110 9
b11001001111110 T
b11001001111110 a
b11001001111110 c
b100000110000101 7
b100000110000101 @
b100000110000101 M
b100000110000101 b
b0 >
b0 R
0d
b1001101111110001 U
b1001101111110001 ]
b1001101111110001 _
b11001001111110 S
b11001001111110 Y
b11001001111110 ^
b110000000111011 A
b110000000111011 I
b110000000111011 K
b100000110000101 ?
b100000110000101 E
b100000110000101 J
b0 -
b0 6
b100101111011001 +
b100101111011001 5
b100101111011001 Q
b100101111011001 [
b1001101111110001 *
b1001101111110001 4
b1001101111110001 P
b1001101111110001 Z
b100101100010101 (
b100101100010101 3
b100101100010101 O
b100101100010101 W
b11001001111110 '
b11001001111110 2
b11001001111110 N
b11001001111110 V
b11001100111010 &
b11001100111010 1
b11001100111010 =
b11001100111010 G
b110000000111011 %
b110000000111011 0
b110000000111011 <
b110000000111011 F
b101010101001111 $
b101010101001111 /
b101010101001111 ;
b101010101001111 C
b100000110000101 #
b100000110000101 .
b100000110000101 :
b100000110000101 B
b1000 ,
#65
b101010101001111 "
b101010101001111 8
b101010101001111 e
b101010101001111 !
b101010101001111 7
b101010101001111 @
b101010101001111 M
b101010101001111 b
b100101100010101 9
b100101100010101 T
b100101100010101 a
b100101100010101 c
b101010101001111 ?
b101010101001111 E
b101010101001111 J
b11001100111010 A
b11001100111010 I
b11001100111010 K
b100101100010101 S
b100101100010101 Y
b100101100010101 ^
b100101111011001 U
b100101111011001 ]
b100101111011001 _
1D
1H
1X
1\
b1 >
b1 R
b1 -
b1 6
#66
b110000000111011 "
b110000000111011 8
b110000000111011 e
b110000000111011 !
b100000110000101 ?
b100000110000101 E
b100000110000101 J
b110000000111011 A
b110000000111011 I
b110000000111011 K
b110000000111011 7
b110000000111011 @
b110000000111011 M
b110000000111011 b
b11001001111110 S
b11001001111110 Y
b11001001111110 ^
b1001101111110001 U
b1001101111110001 ]
b1001101111110001 _
b1001101111110001 9
b1001101111110001 T
b1001101111110001 a
b1001101111110001 c
0D
0H
1L
0X
0\
1`
b10 >
b10 R
b10 -
b10 6
#67
b11001100111010 "
b11001100111010 8
b11001100111010 e
b11001100111010 !
b11001100111010 7
b11001100111010 @
b11001100111010 M
b11001100111010 b
b100101111011001 9
b100101111011001 T
b100101111011001 a
b100101111011001 c
b101010101001111 ?
b101010101001111 E
b101010101001111 J
b11001100111010 A
b11001100111010 I
b11001100111010 K
b100101100010101 S
b100101100010101 Y
b100101100010101 ^
b100101111011001 U
b100101111011001 ]
b100101111011001 _
1D
1H
1X
1\
b11 >
b11 R
b11 -
b11 6
#68
b100000110000101 ?
b100000110000101 E
b100000110000101 J
b110000000111011 A
b110000000111011 I
b110000000111011 K
b100000110000101 7
b100000110000101 @
b100000110000101 M
b100000110000101 b
b11001001111110 S
b11001001111110 Y
b11001001111110 ^
b1001101111110001 U
b1001101111110001 ]
b1001101111110001 _
b11001001111110 9
b11001001111110 T
b11001001111110 a
b11001001111110 c
b11001001111110 !
0D
0H
0L
0X
0\
0`
b11001001111110 "
b11001001111110 8
b11001001111110 e
b0 >
b0 R
1d
b100 -
b100 6
#69
b100101100010101 "
b100101100010101 8
b100101100010101 e
b100101100010101 !
b101010101001111 7
b101010101001111 @
b101010101001111 M
b101010101001111 b
b100101100010101 9
b100101100010101 T
b100101100010101 a
b100101100010101 c
b101010101001111 ?
b101010101001111 E
b101010101001111 J
b11001100111010 A
b11001100111010 I
b11001100111010 K
b100101100010101 S
b100101100010101 Y
b100101100010101 ^
b100101111011001 U
b100101111011001 ]
b100101111011001 _
1D
1H
1X
1\
b1 >
b1 R
b101 -
b101 6
#70
b1001101111110001 "
b1001101111110001 8
b1001101111110001 e
b1001101111110001 !
b100000110000101 ?
b100000110000101 E
b100000110000101 J
b110000000111011 A
b110000000111011 I
b110000000111011 K
b110000000111011 7
b110000000111011 @
b110000000111011 M
b110000000111011 b
b11001001111110 S
b11001001111110 Y
b11001001111110 ^
b1001101111110001 U
b1001101111110001 ]
b1001101111110001 _
b1001101111110001 9
b1001101111110001 T
b1001101111110001 a
b1001101111110001 c
0D
0H
1L
0X
0\
1`
b10 >
b10 R
b110 -
b110 6
#71
b100101111011001 "
b100101111011001 8
b100101111011001 e
b100101111011001 !
b11001100111010 7
b11001100111010 @
b11001100111010 M
b11001100111010 b
b100101111011001 9
b100101111011001 T
b100101111011001 a
b100101111011001 c
b101010101001111 ?
b101010101001111 E
b101010101001111 J
b11001100111010 A
b11001100111010 I
b11001100111010 K
b100101100010101 S
b100101100010101 Y
b100101100010101 ^
b100101111011001 U
b100101111011001 ]
b100101111011001 _
1D
1H
1X
1\
b11 >
b11 R
b111 -
b111 6
#72
b11101100010 !
0D
0H
0L
0X
0\
0`
b11101100010 "
b11101100010 8
b11101100010 e
b1010100111111000 9
b1010100111111000 T
b1010100111111000 a
b1010100111111000 c
b11101100010 7
b11101100010 @
b11101100010 M
b11101100010 b
b0 >
b0 R
0d
b101011010011111 U
b101011010011111 ]
b101011010011111 _
b1010100111111000 S
b1010100111111000 Y
b1010100111111000 ^
b101010110011111 A
b101010110011111 I
b101010110011111 K
b11101100010 ?
b11101100010 E
b11101100010 J
b0 -
b0 6
b1001010001011100 +
b1001010001011100 5
b1001010001011100 Q
b1001010001011100 [
b101011010011111 *
b101011010011111 4
b101011010011111 P
b101011010011111 Z
b110000010110111 (
b110000010110111 3
b110000010110111 O
b110000010110111 W
b1010100111111000 '
b1010100111111000 2
b1010100111111000 N
b1010100111111000 V
b1010000110001111 &
b1010000110001111 1
b1010000110001111 =
b1010000110001111 G
b101010110011111 %
b101010110011111 0
b101010110011111 <
b101010110011111 F
b1111101101001100 $
b1111101101001100 /
b1111101101001100 ;
b1111101101001100 C
b11101100010 #
b11101100010 .
b11101100010 :
b11101100010 B
b1001 ,
#73
b1111101101001100 "
b1111101101001100 8
b1111101101001100 e
b1111101101001100 !
b1111101101001100 7
b1111101101001100 @
b1111101101001100 M
b1111101101001100 b
b110000010110111 9
b110000010110111 T
b110000010110111 a
b110000010110111 c
b1111101101001100 ?
b1111101101001100 E
b1111101101001100 J
b1010000110001111 A
b1010000110001111 I
b1010000110001111 K
b110000010110111 S
b110000010110111 Y
b110000010110111 ^
b1001010001011100 U
b1001010001011100 ]
b1001010001011100 _
1D
1H
1X
1\
b1 >
b1 R
b1 -
b1 6
#74
b101010110011111 "
b101010110011111 8
b101010110011111 e
b101010110011111 !
b11101100010 ?
b11101100010 E
b11101100010 J
b101010110011111 A
b101010110011111 I
b101010110011111 K
b101010110011111 7
b101010110011111 @
b101010110011111 M
b101010110011111 b
b1010100111111000 S
b1010100111111000 Y
b1010100111111000 ^
b101011010011111 U
b101011010011111 ]
b101011010011111 _
b101011010011111 9
b101011010011111 T
b101011010011111 a
b101011010011111 c
0D
0H
1L
0X
0\
1`
b10 >
b10 R
b10 -
b10 6
#75
b1010000110001111 "
b1010000110001111 8
b1010000110001111 e
b1010000110001111 !
b1010000110001111 7
b1010000110001111 @
b1010000110001111 M
b1010000110001111 b
b1001010001011100 9
b1001010001011100 T
b1001010001011100 a
b1001010001011100 c
b1111101101001100 ?
b1111101101001100 E
b1111101101001100 J
b1010000110001111 A
b1010000110001111 I
b1010000110001111 K
b110000010110111 S
b110000010110111 Y
b110000010110111 ^
b1001010001011100 U
b1001010001011100 ]
b1001010001011100 _
1D
1H
1X
1\
b11 >
b11 R
b11 -
b11 6
#76
b11101100010 ?
b11101100010 E
b11101100010 J
b101010110011111 A
b101010110011111 I
b101010110011111 K
b11101100010 7
b11101100010 @
b11101100010 M
b11101100010 b
b1010100111111000 S
b1010100111111000 Y
b1010100111111000 ^
b101011010011111 U
b101011010011111 ]
b101011010011111 _
b1010100111111000 9
b1010100111111000 T
b1010100111111000 a
b1010100111111000 c
b1010100111111000 !
0D
0H
0L
0X
0\
0`
b1010100111111000 "
b1010100111111000 8
b1010100111111000 e
b0 >
b0 R
1d
b100 -
b100 6
#77
b110000010110111 "
b110000010110111 8
b110000010110111 e
b110000010110111 !
b1111101101001100 7
b1111101101001100 @
b1111101101001100 M
b1111101101001100 b
b110000010110111 9
b110000010110111 T
b110000010110111 a
b110000010110111 c
b1111101101001100 ?
b1111101101001100 E
b1111101101001100 J
b1010000110001111 A
b1010000110001111 I
b1010000110001111 K
b110000010110111 S
b110000010110111 Y
b110000010110111 ^
b1001010001011100 U
b1001010001011100 ]
b1001010001011100 _
1D
1H
1X
1\
b1 >
b1 R
b101 -
b101 6
#78
b101011010011111 "
b101011010011111 8
b101011010011111 e
b101011010011111 !
b11101100010 ?
b11101100010 E
b11101100010 J
b101010110011111 A
b101010110011111 I
b101010110011111 K
b101010110011111 7
b101010110011111 @
b101010110011111 M
b101010110011111 b
b1010100111111000 S
b1010100111111000 Y
b1010100111111000 ^
b101011010011111 U
b101011010011111 ]
b101011010011111 _
b101011010011111 9
b101011010011111 T
b101011010011111 a
b101011010011111 c
0D
0H
1L
0X
0\
1`
b10 >
b10 R
b110 -
b110 6
#79
b1001010001011100 "
b1001010001011100 8
b1001010001011100 e
b1001010001011100 !
b1010000110001111 7
b1010000110001111 @
b1010000110001111 M
b1010000110001111 b
b1001010001011100 9
b1001010001011100 T
b1001010001011100 a
b1001010001011100 c
b1111101101001100 ?
b1111101101001100 E
b1111101101001100 J
b1010000110001111 A
b1010000110001111 I
b1010000110001111 K
b110000010110111 S
b110000010110111 Y
b110000010110111 ^
b1001010001011100 U
b1001010001011100 ]
b1001010001011100 _
1D
1H
1X
1\
b11 >
b11 R
b111 -
b111 6
#80
b1100000001011011 !
0D
0H
0L
0X
0\
0`
b1100000001011011 "
b1100000001011011 8
b1100000001011011 e
b1100000011010111 9
b1100000011010111 T
b1100000011010111 a
b1100000011010111 c
b1100000001011011 7
b1100000001011011 @
b1100000001011011 M
b1100000001011011 b
b0 >
b0 R
0d
b10111110010110 U
b10111110010110 ]
b10111110010110 _
b1100000011010111 S
b1100000011010111 Y
b1100000011010111 ^
b11001001001001 A
b11001001001001 I
b11001001001001 K
b1100000001011011 ?
b1100000001011011 E
b1100000001011011 J
b0 -
b0 6
b111111100001100 +
b111111100001100 5
b111111100001100 Q
b111111100001100 [
b10111110010110 *
b10111110010110 4
b10111110010110 P
b10111110010110 Z
b1111110001010001 (
b1111110001010001 3
b1111110001010001 O
b1111110001010001 W
b1100000011010111 '
b1100000011010111 2
b1100000011010111 N
b1100000011010111 V
b11111011010000 &
b11111011010000 1
b11111011010000 =
b11111011010000 G
b11001001001001 %
b11001001001001 0
b11001001001001 <
b11001001001001 F
b11011110001001 $
b11011110001001 /
b11011110001001 ;
b11011110001001 C
b1100000001011011 #
b1100000001011011 .
b1100000001011011 :
b1100000001011011 B
b1010 ,
#81
b11011110001001 "
b11011110001001 8
b11011110001001 e
b11011110001001 !
b11011110001001 7
b11011110001001 @
b11011110001001 M
b11011110001001 b
b1111110001010001 9
b1111110001010001 T
b1111110001010001 a
b1111110001010001 c
b11011110001001 ?
b11011110001001 E
b11011110001001 J
b11111011010000 A
b11111011010000 I
b11111011010000 K
b1111110001010001 S
b1111110001010001 Y
b1111110001010001 ^
b111111100001100 U
b111111100001100 ]
b111111100001100 _
1D
1H
1X
1\
b1 >
b1 R
b1 -
b1 6
#82
b11001001001001 "
b11001001001001 8
b11001001001001 e
b11001001001001 !
b1100000001011011 ?
b1100000001011011 E
b1100000001011011 J
b11001001001001 A
b11001001001001 I
b11001001001001 K
b11001001001001 7
b11001001001001 @
b11001001001001 M
b11001001001001 b
b1100000011010111 S
b1100000011010111 Y
b1100000011010111 ^
b10111110010110 U
b10111110010110 ]
b10111110010110 _
b10111110010110 9
b10111110010110 T
b10111110010110 a
b10111110010110 c
0D
0H
1L
0X
0\
1`
b10 >
b10 R
b10 -
b10 6
#83
b11111011010000 "
b11111011010000 8
b11111011010000 e
b11111011010000 !
b11111011010000 7
b11111011010000 @
b11111011010000 M
b11111011010000 b
b111111100001100 9
b111111100001100 T
b111111100001100 a
b111111100001100 c
b11011110001001 ?
b11011110001001 E
b11011110001001 J
b11111011010000 A
b11111011010000 I
b11111011010000 K
b1111110001010001 S
b1111110001010001 Y
b1111110001010001 ^
b111111100001100 U
b111111100001100 ]
b111111100001100 _
1D
1H
1X
1\
b11 >
b11 R
b11 -
b11 6
#84
b1100000001011011 ?
b1100000001011011 E
b1100000001011011 J
b11001001001001 A
b11001001001001 I
b11001001001001 K
b1100000001011011 7
b1100000001011011 @
b1100000001011011 M
b1100000001011011 b
b1100000011010111 S
b1100000011010111 Y
b1100000011010111 ^
b10111110010110 U
b10111110010110 ]
b10111110010110 _
b1100000011010111 9
b1100000011010111 T
b1100000011010111 a
b1100000011010111 c
b1100000011010111 !
0D
0H
0L
0X
0\
0`
b1100000011010111 "
b1100000011010111 8
b1100000011010111 e
b0 >
b0 R
1d
b100 -
b100 6
#85
b1111110001010001 "
b1111110001010001 8
b1111110001010001 e
b1111110001010001 !
b11011110001001 7
b11011110001001 @
b11011110001001 M
b11011110001001 b
b1111110001010001 9
b1111110001010001 T
b1111110001010001 a
b1111110001010001 c
b11011110001001 ?
b11011110001001 E
b11011110001001 J
b11111011010000 A
b11111011010000 I
b11111011010000 K
b1111110001010001 S
b1111110001010001 Y
b1111110001010001 ^
b111111100001100 U
b111111100001100 ]
b111111100001100 _
1D
1H
1X
1\
b1 >
b1 R
b101 -
b101 6
#86
b10111110010110 "
b10111110010110 8
b10111110010110 e
b10111110010110 !
b1100000001011011 ?
b1100000001011011 E
b1100000001011011 J
b11001001001001 A
b11001001001001 I
b11001001001001 K
b11001001001001 7
b11001001001001 @
b11001001001001 M
b11001001001001 b
b1100000011010111 S
b1100000011010111 Y
b1100000011010111 ^
b10111110010110 U
b10111110010110 ]
b10111110010110 _
b10111110010110 9
b10111110010110 T
b10111110010110 a
b10111110010110 c
0D
0H
1L
0X
0\
1`
b10 >
b10 R
b110 -
b110 6
#87
b111111100001100 "
b111111100001100 8
b111111100001100 e
b111111100001100 !
b11111011010000 7
b11111011010000 @
b11111011010000 M
b11111011010000 b
b111111100001100 9
b111111100001100 T
b111111100001100 a
b111111100001100 c
b11011110001001 ?
b11011110001001 E
b11011110001001 J
b11111011010000 A
b11111011010000 I
b11111011010000 K
b1111110001010001 S
b1111110001010001 Y
b1111110001010001 ^
b111111100001100 U
b111111100001100 ]
b111111100001100 _
1D
1H
1X
1\
b11 >
b11 R
b111 -
b111 6
#88
b1100111011000010 !
0D
0H
0L
0X
0\
0`
b1100111011000010 "
b1100111011000010 8
b1100111011000010 e
b1101101100010010 9
b1101101100010010 T
b1101101100010010 a
b1101101100010010 c
b1100111011000010 7
b1100111011000010 @
b1100111011000010 M
b1100111011000010 b
b0 >
b0 R
0d
b1000000101101101 U
b1000000101101101 ]
b1000000101101101 _
b1101101100010010 S
b1101101100010010 Y
b1101101100010010 ^
b101101001110111 A
b101101001110111 I
b101101001110111 K
b1100111011000010 ?
b1100111011000010 E
b1100111011000010 J
b0 -
b0 6
b1110011100111001 +
b1110011100111001 5
b1110011100111001 Q
b1110011100111001 [
b1000000101101101 *
b1000000101101101 4
b1000000101101101 P
b1000000101101101 Z
b1111110 (
b1111110 3
b1111110 O
b1111110 W
b1101101100010010 '
b1101101100010010 2
b1101101100010010 N
b1101101100010010 V
b1110110100111101 &
b1110110100111101 1
b1110110100111101 =
b1110110100111101 G
b101101001110111 %
b101101001110111 0
b101101001110111 <
b101101001110111 F
b1110110111001000 $
b1110110111001000 /
b1110110111001000 ;
b1110110111001000 C
b1100111011000010 #
b1100111011000010 .
b1100111011000010 :
b1100111011000010 B
b1011 ,
#89
b1110110111001000 "
b1110110111001000 8
b1110110111001000 e
b1110110111001000 !
b1110110111001000 7
b1110110111001000 @
b1110110111001000 M
b1110110111001000 b
b1111110 9
b1111110 T
b1111110 a
b1111110 c
b1110110111001000 ?
b1110110111001000 E
b1110110111001000 J
b1110110100111101 A
b1110110100111101 I
b1110110100111101 K
b1111110 S
b1111110 Y
b1111110 ^
b1110011100111001 U
b1110011100111001 ]
b1110011100111001 _
1D
1H
1X
1\
b1 >
b1 R
b1 -
b1 6
#90
b101101001110111 "
b101101001110111 8
b101101001110111 e
b101101001110111 !
b1100111011000010 ?
b1100111011000010 E
b1100111011000010 J
b101101001110111 A
b101101001110111 I
b101101001110111 K
b101101001110111 7
b101101001110111 @
b101101001110111 M
b101101001110111 b
b1101101100010010 S
b1101101100010010 Y
b1101101100010010 ^
b1000000101101101 U
b1000000101101101 ]
b1000000101101101 _
b1000000101101101 9
b1000000101101101 T
b1000000101101101 a
b1000000101101101 c
0D
0H
1L
0X
0\
1`
b10 >
b10 R
b10 -
b10 6
#91
b1110110100111101 "
b1110110100111101 8
b1110110100111101 e
b1110110100111101 !
b1110110100111101 7
b1110110100111101 @
b1110110100111101 M
b1110110100111101 b
b1110011100111001 9
b1110011100111001 T
b1110011100111001 a
b1110011100111001 c
b1110110111001000 ?
b1110110111001000 E
b1110110111001000 J
b1110110100111101 A
b1110110100111101 I
b1110110100111101 K
b1111110 S
b1111110 Y
b1111110 ^
b1110011100111001 U
b1110011100111001 ]
b1110011100111001 _
1D
1H
1X
1\
b11 >
b11 R
b11 -
b11 6
#92
b1100111011000010 ?
b1100111011000010 E
b1100111011000010 J
b101101001110111 A
b101101001110111 I
b101101001110111 K
b1100111011000010 7
b1100111011000010 @
b1100111011000010 M
b1100111011000010 b
b1101101100010010 S
b1101101100010010 Y
b1101101100010010 ^
b1000000101101101 U
b1000000101101101 ]
b1000000101101101 _
b1101101100010010 9
b1101101100010010 T
b1101101100010010 a
b1101101100010010 c
b1101101100010010 !
0D
0H
0L
0X
0\
0`
b1101101100010010 "
b1101101100010010 8
b1101101100010010 e
b0 >
b0 R
1d
b100 -
b100 6
#93
b1111110 "
b1111110 8
b1111110 e
b1111110 !
b1110110111001000 7
b1110110111001000 @
b1110110111001000 M
b1110110111001000 b
b1111110 9
b1111110 T
b1111110 a
b1111110 c
b1110110111001000 ?
b1110110111001000 E
b1110110111001000 J
b1110110100111101 A
b1110110100111101 I
b1110110100111101 K
b1111110 S
b1111110 Y
b1111110 ^
b1110011100111001 U
b1110011100111001 ]
b1110011100111001 _
1D
1H
1X
1\
b1 >
b1 R
b101 -
b101 6
#94
b1000000101101101 "
b1000000101101101 8
b1000000101101101 e
b1000000101101101 !
b1100111011000010 ?
b1100111011000010 E
b1100111011000010 J
b101101001110111 A
b101101001110111 I
b101101001110111 K
b101101001110111 7
b101101001110111 @
b101101001110111 M
b101101001110111 b
b1101101100010010 S
b1101101100010010 Y
b1101101100010010 ^
b1000000101101101 U
b1000000101101101 ]
b1000000101101101 _
b1000000101101101 9
b1000000101101101 T
b1000000101101101 a
b1000000101101101 c
0D
0H
1L
0X
0\
1`
b10 >
b10 R
b110 -
b110 6
#95
b1110011100111001 "
b1110011100111001 8
b1110011100111001 e
b1110011100111001 !
b1110110100111101 7
b1110110100111101 @
b1110110100111101 M
b1110110100111101 b
b1110011100111001 9
b1110011100111001 T
b1110011100111001 a
b1110011100111001 c
b1110110111001000 ?
b1110110111001000 E
b1110110111001000 J
b1110110100111101 A
b1110110100111101 I
b1110110100111101 K
b1111110 S
b1111110 Y
b1111110 ^
b1110011100111001 U
b1110011100111001 ]
b1110011100111001 _
1D
1H
1X
1\
b11 >
b11 R
b111 -
b111 6
#96
b1000111100011111 !
0D
0H
0L
0X
0\
0`
b1000111100011111 "
b1000111100011111 8
b1000111100011111 e
b101100101011011 9
b101100101011011 T
b101100101011011 a
b101100101011011 c
b1000111100011111 7
b1000111100011111 @
b1000111100011111 M
b1000111100011111 b
b0 >
b0 R
0d
b1010111000111111 U
b1010111000111111 ]
b1010111000111111 _
b101100101011011 S
b101100101011011 Y
b101100101011011 ^
b10111110000101 A
b10111110000101 I
b10111110000101 K
b1000111100011111 ?
b1000111100011111 E
b1000111100011111 J
b0 -
b0 6
b1010111100101010 +
b1010111100101010 5
b1010111100101010 Q
b1010111100101010 [
b1010111000111111 *
b1010111000111111 4
b1010111000111111 P
b1010111000111111 Z
b100101101001001 (
b100101101001001 3
b100101101001001 O
b100101101001001 W
b101100101011011 '
b101100101011011 2
b101100101011011 N
b101100101011011 V
b1000100001111000 &
b1000100001111000 1
b1000100001111000 =
b1000100001111000 G
b10111110000101 %
b10111110000101 0
b10111110000101 <
b10111110000101 F
b1111011011010011 $
b1111011011010011 /
b1111011011010011 ;
b1111011011010011 C
b1000111100011111 #
b1000111100011111 .
b1000111100011111 :
b1000111100011111 B
b1100 ,
#97
b1111011011010011 "
b1111011011010011 8
b1111011011010011 e
b1111011011010011 !
b1111011011010011 7
b1111011011010011 @
b1111011011010011 M
b1111011011010011 b
b100101101001001 9
b100101101001001 T
b100101101001001 a
b100101101001001 c
b1111011011010011 ?
b1111011011010011 E
b1111011011010011 J
b1000100001111000 A
b1000100001111000 I
b1000100001111000 K
b100101101001001 S
b100101101001001 Y
b100101101001001 ^
b1010111100101010 U
b1010111100101010 ]
b1010111100101010 _
1D
1H
1X
1\
b1 >
b1 R
b1 -
b1 6
#98
b10111110000101 "
b10111110000101 8
b10111110000101 e
b10111110000101 !
b1000111100011111 ?
b1000111100011111 E
b1000111100011111 J
b10111110000101 A
b10111110000101 I
b10111110000101 K
b10111110000101 7
b10111110000101 @
b10111110000101 M
b10111110000101 b
b101100101011011 S
b101100101011011 Y
b101100101011011 ^
b1010111000111111 U
b1010111000111111 ]
b1010111000111111 _
b1010111000111111 9
b1010111000111111 T
b1010111000111111 a
b1010111000111111 c
0D
0H
1L
0X
0\
1`
b10 >
b10 R
b10 -
b10 6
#99
b1000100001111000 "
b1000100001111000 8
b1000100001111000 e
b1000100001111000 !
b1000100001111000 7
b1000100001111000 @
b1000100001111000 M
b1000100001111000 b
b1010111100101010 9
b1010111100101010 T
b1010111100101010 a
b1010111100101010 c
b1111011011010011 ?
b1111011011010011 E
b1111011011010011 J
b1000100001111000 A
b1000100001111000 I
b1000100001111000 K
b100101101001001 S
b100101101001001 Y
b100101101001001 ^
b1010111100101010 U
b1010111100101010 ]
b1010111100101010 _
1D
1H
1X
1\
b11 >
b11 R
b11 -
b11 6
#100
b1000111100011111 ?
b1000111100011111 E
b1000111100011111 J
b10111110000101 A
b10111110000101 I
b10111110000101 K
b1000111100011111 7
b1000111100011111 @
b1000111100011111 M
b1000111100011111 b
b101100101011011 S
b101100101011011 Y
b101100101011011 ^
b1010111000111111 U
b1010111000111111 ]
b1010111000111111 _
b101100101011011 9
b101100101011011 T
b101100101011011 a
b101100101011011 c
b101100101011011 !
0D
0H
0L
0X
0\
0`
b101100101011011 "
b101100101011011 8
b101100101011011 e
b0 >
b0 R
1d
b100 -
b100 6
#101
b100101101001001 "
b100101101001001 8
b100101101001001 e
b100101101001001 !
b1111011011010011 7
b1111011011010011 @
b1111011011010011 M
b1111011011010011 b
b100101101001001 9
b100101101001001 T
b100101101001001 a
b100101101001001 c
b1111011011010011 ?
b1111011011010011 E
b1111011011010011 J
b1000100001111000 A
b1000100001111000 I
b1000100001111000 K
b100101101001001 S
b100101101001001 Y
b100101101001001 ^
b1010111100101010 U
b1010111100101010 ]
b1010111100101010 _
1D
1H
1X
1\
b1 >
b1 R
b101 -
b101 6
#102
b1010111000111111 "
b1010111000111111 8
b1010111000111111 e
b1010111000111111 !
b1000111100011111 ?
b1000111100011111 E
b1000111100011111 J
b10111110000101 A
b10111110000101 I
b10111110000101 K
b10111110000101 7
b10111110000101 @
b10111110000101 M
b10111110000101 b
b101100101011011 S
b101100101011011 Y
b101100101011011 ^
b1010111000111111 U
b1010111000111111 ]
b1010111000111111 _
b1010111000111111 9
b1010111000111111 T
b1010111000111111 a
b1010111000111111 c
0D
0H
1L
0X
0\
1`
b10 >
b10 R
b110 -
b110 6
#103
b1010111100101010 "
b1010111100101010 8
b1010111100101010 e
b1010111100101010 !
b1000100001111000 7
b1000100001111000 @
b1000100001111000 M
b1000100001111000 b
b1010111100101010 9
b1010111100101010 T
b1010111100101010 a
b1010111100101010 c
b1111011011010011 ?
b1111011011010011 E
b1111011011010011 J
b1000100001111000 A
b1000100001111000 I
b1000100001111000 K
b100101101001001 S
b100101101001001 Y
b100101101001001 ^
b1010111100101010 U
b1010111100101010 ]
b1010111100101010 _
1D
1H
1X
1\
b11 >
b11 R
b111 -
b111 6
#104
b110001101011000 !
0D
0H
0L
0X
0\
0`
b110001101011000 "
b110001101011000 8
b110001101011000 e
b1001100111111010 9
b1001100111111010 T
b1001100111111010 a
b1001100111111010 c
b110001101011000 7
b110001101011000 @
b110001101011000 M
b110001101011000 b
b0 >
b0 R
0d
b1011101110011 U
b1011101110011 ]
b1011101110011 _
b1001100111111010 S
b1001100111111010 Y
b1001100111111010 ^
b110010001110 A
b110010001110 I
b110010001110 K
b110001101011000 ?
b110001101011000 E
b110001101011000 J
b0 -
b0 6
b1011010010100011 +
b1011010010100011 5
b1011010010100011 Q
b1011010010100011 [
b1011101110011 *
b1011101110011 4
b1011101110011 P
b1011101110011 Z
b1011110000100110 (
b1011110000100110 3
b1011110000100110 O
b1011110000100110 W
b1001100111111010 '
b1001100111111010 2
b1001100111111010 N
b1001100111111010 V
b1111001010011100 &
b1111001010011100 1
b1111001010011100 =
b1111001010011100 G
b110010001110 %
b110010001110 0
b110010001110 <
b110010001110 F
b11100010000110 $
b11100010000110 /
b11100010000110 ;
b11100010000110 C
b110001101011000 #
b110001101011000 .
b110001101011000 :
b110001101011000 B
b1101 ,
#105
b11100010000110 "
b11100010000110 8
b11100010000110 e
b11100010000110 !
b11100010000110 7
b11100010000110 @
b11100010000110 M
b11100010000110 b
b1011110000100110 9
b1011110000100110 T
b1011110000100110 a
b1011110000100110 c
b11100010000110 ?
b11100010000110 E
b11100010000110 J
b1111001010011100 A
b1111001010011100 I
b1111001010011100 K
b1011110000100110 S
b1011110000100110 Y
b1011110000100110 ^
b1011010010100011 U
b1011010010100011 ]
b1011010010100011 _
1D
1H
1X
1\
b1 >
b1 R
b1 -
b1 6
#106
b110010001110 "
b110010001110 8
b110010001110 e
b110010001110 !
b110001101011000 ?
b110001101011000 E
b110001101011000 J
b110010001110 A
b110010001110 I
b110010001110 K
b110010001110 7
b110010001110 @
b110010001110 M
b110010001110 b
b1001100111111010 S
b1001100111111010 Y
b1001100111111010 ^
b1011101110011 U
b1011101110011 ]
b1011101110011 _
b1011101110011 9
b1011101110011 T
b1011101110011 a
b1011101110011 c
0D
0H
1L
0X
0\
1`
b10 >
b10 R
b10 -
b10 6
#107
b1111001010011100 "
b1111001010011100 8
b1111001010011100 e
b1111001010011100 !
b1111001010011100 7
b1111001010011100 @
b1111001010011100 M
b1111001010011100 b
b1011010010100011 9
b1011010010100011 T
b1011010010100011 a
b1011010010100011 c
b11100010000110 ?
b11100010000110 E
b11100010000110 J
b1111001010011100 A
b1111001010011100 I
b1111001010011100 K
b1011110000100110 S
b1011110000100110 Y
b1011110000100110 ^
b1011010010100011 U
b1011010010100011 ]
b1011010010100011 _
1D
1H
1X
1\
b11 >
b11 R
b11 -
b11 6
#108
b110001101011000 ?
b110001101011000 E
b110001101011000 J
b110010001110 A
b110010001110 I
b110010001110 K
b110001101011000 7
b110001101011000 @
b110001101011000 M
b110001101011000 b
b1001100111111010 S
b1001100111111010 Y
b1001100111111010 ^
b1011101110011 U
b1011101110011 ]
b1011101110011 _
b1001100111111010 9
b1001100111111010 T
b1001100111111010 a
b1001100111111010 c
b1001100111111010 !
0D
0H
0L
0X
0\
0`
b1001100111111010 "
b1001100111111010 8
b1001100111111010 e
b0 >
b0 R
1d
b100 -
b100 6
#109
b1011110000100110 "
b1011110000100110 8
b1011110000100110 e
b1011110000100110 !
b11100010000110 7
b11100010000110 @
b11100010000110 M
b11100010000110 b
b1011110000100110 9
b1011110000100110 T
b1011110000100110 a
b1011110000100110 c
b11100010000110 ?
b11100010000110 E
b11100010000110 J
b1111001010011100 A
b1111001010011100 I
b1111001010011100 K
b1011110000100110 S
b1011110000100110 Y
b1011110000100110 ^
b1011010010100011 U
b1011010010100011 ]
b1011010010100011 _
1D
1H
1X
1\
b1 >
b1 R
b101 -
b101 6
#110
b1011101110011 "
b1011101110011 8
b1011101110011 e
b1011101110011 !
b110001101011000 ?
b110001101011000 E
b110001101011000 J
b110010001110 A
b110010001110 I
b110010001110 K
b110010001110 7
b110010001110 @
b110010001110 M
b110010001110 b
b1001100111111010 S
b1001100111111010 Y
b1001100111111010 ^
b1011101110011 U
b1011101110011 ]
b1011101110011 _
b1011101110011 9
b1011101110011 T
b1011101110011 a
b1011101110011 c
0D
0H
1L
0X
0\
1`
b10 >
b10 R
b110 -
b110 6
#111
b1011010010100011 "
b1011010010100011 8
b1011010010100011 e
b1011010010100011 !
b1111001010011100 7
b1111001010011100 @
b1111001010011100 M
b1111001010011100 b
b1011010010100011 9
b1011010010100011 T
b1011010010100011 a
b1011010010100011 c
b11100010000110 ?
b11100010000110 E
b11100010000110 J
b1111001010011100 A
b1111001010011100 I
b1111001010011100 K
b1011110000100110 S
b1011110000100110 Y
b1011110000100110 ^
b1011010010100011 U
b1011010010100011 ]
b1011010010100011 _
1D
1H
1X
1\
b11 >
b11 R
b111 -
b111 6
#112
b1010100000101111 !
0D
0H
0L
0X
0\
0`
b1010100000101111 "
b1010100000101111 8
b1010100000101111 e
b1111110111110111 9
b1111110111110111 T
b1111110111110111 a
b1111110111110111 c
b1010100000101111 7
b1010100000101111 @
b1010100000101111 M
b1010100000101111 b
b0 >
b0 R
0d
b1101011100110 U
b1101011100110 ]
b1101011100110 _
b1111110111110111 S
b1111110111110111 Y
b1111110111110111 ^
b101011001011111 A
b101011001011111 I
b101011001011111 K
b1010100000101111 ?
b1010100000101111 E
b1010100000101111 J
b0 -
b0 6
b1101101101011010 +
b1101101101011010 5
b1101101101011010 Q
b1101101101011010 [
b1101011100110 *
b1101011100110 4
b1101011100110 P
b1101011100110 Z
b11011011001011 (
b11011011001011 3
b11011011001011 O
b11011011001011 W
b1111110111110111 '
b1111110111110111 2
b1111110111110111 N
b1111110111110111 V
b110101000100 &
b110101000100 1
b110101000100 =
b110101000100 G
b101011001011111 %
b101011001011111 0
b101011001011111 <
b101011001011111 F
b1001001010110011 $
b1001001010110011 /
b1001001010110011 ;
b1001001010110011 C
b1010100000101111 #
b1010100000101111 .
b1010100000101111 :
b1010100000101111 B
b1110 ,
#113
b1001001010110011 "
b1001001010110011 8
b1001001010110011 e
b1001001010110011 !
b1001001010110011 7
b1001001010110011 @
b1001001010110011 M
b1001001010110011 b
b11011011001011 9
b11011011001011 T
b11011011001011 a
b11011011001011 c
b1001001010110011 ?
b1001001010110011 E
b1001001010110011 J
b110101000100 A
b110101000100 I
b110101000100 K
b11011011001011 S
b11011011001011 Y
b11011011001011 ^
b1101101101011010 U
b1101101101011010 ]
b1101101101011010 _
1D
1H
1X
1\
b1 >
b1 R
b1 -
b1 6
#114
b101011001011111 "
b101011001011111 8
b101011001011111 e
b101011001011111 !
b1010100000101111 ?
b1010100000101111 E
b1010100000101111 J
b101011001011111 A
b101011001011111 I
b101011001011111 K
b101011001011111 7
b101011001011111 @
b101011001011111 M
b101011001011111 b
b1111110111110111 S
b1111110111110111 Y
b1111110111110111 ^
b1101011100110 U
b1101011100110 ]
b1101011100110 _
b1101011100110 9
b1101011100110 T
b1101011100110 a
b1101011100110 c
0D
0H
1L
0X
0\
1`
b10 >
b10 R
b10 -
b10 6
#115
b110101000100 "
b110101000100 8
b110101000100 e
b110101000100 !
b110101000100 7
b110101000100 @
b110101000100 M
b110101000100 b
b1101101101011010 9
b1101101101011010 T
b1101101101011010 a
b1101101101011010 c
b1001001010110011 ?
b1001001010110011 E
b1001001010110011 J
b110101000100 A
b110101000100 I
b110101000100 K
b11011011001011 S
b11011011001011 Y
b11011011001011 ^
b1101101101011010 U
b1101101101011010 ]
b1101101101011010 _
1D
1H
1X
1\
b11 >
b11 R
b11 -
b11 6
#116
b1010100000101111 ?
b1010100000101111 E
b1010100000101111 J
b101011001011111 A
b101011001011111 I
b101011001011111 K
b1010100000101111 7
b1010100000101111 @
b1010100000101111 M
b1010100000101111 b
b1111110111110111 S
b1111110111110111 Y
b1111110111110111 ^
b1101011100110 U
b1101011100110 ]
b1101011100110 _
b1111110111110111 9
b1111110111110111 T
b1111110111110111 a
b1111110111110111 c
b1111110111110111 !
0D
0H
0L
0X
0\
0`
b1111110111110111 "
b1111110111110111 8
b1111110111110111 e
b0 >
b0 R
1d
b100 -
b100 6
#117
b11011011001011 "
b11011011001011 8
b11011011001011 e
b11011011001011 !
b1001001010110011 7
b1001001010110011 @
b1001001010110011 M
b1001001010110011 b
b11011011001011 9
b11011011001011 T
b11011011001011 a
b11011011001011 c
b1001001010110011 ?
b1001001010110011 E
b1001001010110011 J
b110101000100 A
b110101000100 I
b110101000100 K
b11011011001011 S
b11011011001011 Y
b11011011001011 ^
b1101101101011010 U
b1101101101011010 ]
b1101101101011010 _
1D
1H
1X
1\
b1 >
b1 R
b101 -
b101 6
#118
b1101011100110 "
b1101011100110 8
b1101011100110 e
b1101011100110 !
b1010100000101111 ?
b1010100000101111 E
b1010100000101111 J
b101011001011111 A
b101011001011111 I
b101011001011111 K
b101011001011111 7
b101011001011111 @
b101011001011111 M
b101011001011111 b
b1111110111110111 S
b1111110111110111 Y
b1111110111110111 ^
b1101011100110 U
b1101011100110 ]
b1101011100110 _
b1101011100110 9
b1101011100110 T
b1101011100110 a
b1101011100110 c
0D
0H
1L
0X
0\
1`
b10 >
b10 R
b110 -
b110 6
#119
b1101101101011010 "
b1101101101011010 8
b1101101101011010 e
b1101101101011010 !
b110101000100 7
b110101000100 @
b110101000100 M
b110101000100 b
b1101101101011010 9
b1101101101011010 T
b1101101101011010 a
b1101101101011010 c
b1001001010110011 ?
b1001001010110011 E
b1001001010110011 J
b110101000100 A
b110101000100 I
b110101000100 K
b11011011001011 S
b11011011001011 Y
b11011011001011 ^
b1101101101011010 U
b1101101101011010 ]
b1101101101011010 _
1D
1H
1X
1\
b11 >
b11 R
b111 -
b111 6
#120
b1100000100101001 !
0D
0H
0L
0X
0\
0`
b1100000100101001 "
b1100000100101001 8
b1100000100101001 e
b1110001010110101 9
b1110001010110101 T
b1110001010110101 a
b1110001010110101 c
b1100000100101001 7
b1100000100101001 @
b1100000100101001 M
b1100000100101001 b
b0 >
b0 R
0d
b1100101111001 U
b1100101111001 ]
b1100101111001 _
b1110001010110101 S
b1110001010110101 Y
b1110001010110101 ^
b110110011011010 A
b110110011011010 I
b110110011011010 K
b1100000100101001 ?
b1100000100101001 E
b1100000100101001 J
b0 -
b0 6
b1111111101000100 +
b1111111101000100 5
b1111111101000100 Q
b1111111101000100 [
b1100101111001 *
b1100101111001 4
b1100101111001 P
b1100101111001 Z
b1001010011011111 (
b1001010011011111 3
b1001010011011111 O
b1001010011011111 W
b1110001010110101 '
b1110001010110101 2
b1110001010110101 N
b1110001010110101 V
b1011011001100101 &
b1011011001100101 1
b1011011001100101 =
b1011011001100101 G
b110110011011010 %
b110110011011010 0
b110110011011010 <
b110110011011010 F
b1110001011101101 $
b1110001011101101 /
b1110001011101101 ;
b1110001011101101 C
b1100000100101001 #
b1100000100101001 .
b1100000100101001 :
b1100000100101001 B
b1111 ,
#121
b1110001011101101 "
b1110001011101101 8
b1110001011101101 e
b1110001011101101 !
b1110001011101101 7
b1110001011101101 @
b1110001011101101 M
b1110001011101101 b
b1001010011011111 9
b1001010011011111 T
b1001010011011111 a
b1001010011011111 c
b1110001011101101 ?
b1110001011101101 E
b1110001011101101 J
b1011011001100101 A
b1011011001100101 I
b1011011001100101 K
b1001010011011111 S
b1001010011011111 Y
b1001010011011111 ^
b1111111101000100 U
b1111111101000100 ]
b1111111101000100 _
1D
1H
1X
1\
b1 >
b1 R
b1 -
b1 6
#122
b110110011011010 "
b110110011011010 8
b110110011011010 e
b110110011011010 !
b1100000100101001 ?
b1100000100101001 E
b1100000100101001 J
b110110011011010 A
b110110011011010 I
b110110011011010 K
b110110011011010 7
b110110011011010 @
b110110011011010 M
b110110011011010 b
b1110001010110101 S
b1110001010110101 Y
b1110001010110101 ^
b1100101111001 U
b1100101111001 ]
b1100101111001 _
b1100101111001 9
b1100101111001 T
b1100101111001 a
b1100101111001 c
0D
0H
1L
0X
0\
1`
b10 >
b10 R
b10 -
b10 6
#123
b1011011001100101 "
b1011011001100101 8
b1011011001100101 e
b1011011001100101 !
b1011011001100101 7
b1011011001100101 @
b1011011001100101 M
b1011011001100101 b
b1111111101000100 9
b1111111101000100 T
b1111111101000100 a
b1111111101000100 c
b1110001011101101 ?
b1110001011101101 E
b1110001011101101 J
b1011011001100101 A
b1011011001100101 I
b1011011001100101 K
b1001010011011111 S
b1001010011011111 Y
b1001010011011111 ^
b1111111101000100 U
b1111111101000100 ]
b1111111101000100 _
1D
1H
1X
1\
b11 >
b11 R
b11 -
b11 6
#124
b1100000100101001 ?
b1100000100101001 E
b1100000100101001 J
b110110011011010 A
b110110011011010 I
b110110011011010 K
b1100000100101001 7
b1100000100101001 @
b1100000100101001 M
b1100000100101001 b
b1110001010110101 S
b1110001010110101 Y
b1110001010110101 ^
b1100101111001 U
b1100101111001 ]
b1100101111001 _
b1110001010110101 9
b1110001010110101 T
b1110001010110101 a
b1110001010110101 c
b1110001010110101 !
0D
0H
0L
0X
0\
0`
b1110001010110101 "
b1110001010110101 8
b1110001010110101 e
b0 >
b0 R
1d
b100 -
b100 6
#125
b1001010011011111 "
b1001010011011111 8
b1001010011011111 e
b1001010011011111 !
b1110001011101101 7
b1110001011101101 @
b1110001011101101 M
b1110001011101101 b
b1001010011011111 9
b1001010011011111 T
b1001010011011111 a
b1001010011011111 c
b1110001011101101 ?
b1110001011101101 E
b1110001011101101 J
b1011011001100101 A
b1011011001100101 I
b1011011001100101 K
b1001010011011111 S
b1001010011011111 Y
b1001010011011111 ^
b1111111101000100 U
b1111111101000100 ]
b1111111101000100 _
1D
1H
1X
1\
b1 >
b1 R
b101 -
b101 6
#126
b1100101111001 "
b1100101111001 8
b1100101111001 e
b1100101111001 !
b1100000100101001 ?
b1100000100101001 E
b1100000100101001 J
b110110011011010 A
b110110011011010 I
b110110011011010 K
b110110011011010 7
b110110011011010 @
b110110011011010 M
b110110011011010 b
b1110001010110101 S
b1110001010110101 Y
b1110001010110101 ^
b1100101111001 U
b1100101111001 ]
b1100101111001 _
b1100101111001 9
b1100101111001 T
b1100101111001 a
b1100101111001 c
0D
0H
1L
0X
0\
1`
b10 >
b10 R
b110 -
b110 6
#127
b1111111101000100 "
b1111111101000100 8
b1111111101000100 e
b1111111101000100 !
b1011011001100101 7
b1011011001100101 @
b1011011001100101 M
b1011011001100101 b
b1111111101000100 9
b1111111101000100 T
b1111111101000100 a
b1111111101000100 c
b1110001011101101 ?
b1110001011101101 E
b1110001011101101 J
b1011011001100101 A
b1011011001100101 I
b1011011001100101 K
b1001010011011111 S
b1001010011011111 Y
b1001010011011111 ^
b1111111101000100 U
b1111111101000100 ]
b1111111101000100 _
1D
1H
1X
1\
b11 >
b11 R
b111 -
b111 6
#128
b110011010000 !
0D
0H
0L
0X
0\
0`
b110011010000 "
b110011010000 8
b110011010000 e
b1010110111011100 9
b1010110111011100 T
b1010110111011100 a
b1010110111011100 c
b110011010000 7
b110011010000 @
b110011010000 M
b110011010000 b
b0 >
b0 R
0d
b111001011111101 U
b111001011111101 ]
b111001011111101 _
b1010110111011100 S
b1010110111011100 Y
b1010110111011100 ^
b1010110110101011 A
b1010110110101011 I
b1010110110101011 K
b110011010000 ?
b110011010000 E
b110011010000 J
b0 -
b0 6
b1011000011 +
b1011000011 5
b1011000011 Q
b1011000011 [
b111001011111101 *
b111001011111101 4
b111001011111101 P
b111001011111101 Z
b1011110010011010 (
b1011110010011010 3
b1011110010011010 O
b1011110010011010 W
b1010110111011100 '
b1010110111011100 2
b1010110111011100 N
b1010110111011100 V
b1100111100001110 &
b1100111100001110 1
b1100111100001110 =
b1100111100001110 G
b1010110110101011 %
b1010110110101011 0
b1010110110101011 <
b1010110110101011 F
b101100101010 $
b101100101010 /
b101100101010 ;
b101100101010 C
b110011010000 #
b110011010000 .
b110011010000 :
b110011010000 B
b10000 ,
#129
b101100101010 "
b101100101010 8
b101100101010 e
b101100101010 !
b101100101010 7
b101100101010 @
b101100101010 M
b101100101010 b
b1011110010011010 9
b1011110010011010 T
b1011110010011010 a
b1011110010011010 c
b101100101010 ?
b101100101010 E
b101100101010 J
b1100111100001110 A
b1100111100001110 I
b1100111100001110 K
b1011110010011010 S
b1011110010011010 Y
b1011110010011010 ^
b1011000011 U
b1011000011 ]
b1011000011 _
1D
1H
1X
1\
b1 >
b1 R
b1 -
b1 6
#130
b1010110110101011 "
b1010110110101011 8
b1010110110101011 e
b1010110110101011 !
b110011010000 ?
b110011010000 E
b110011010000 J
b1010110110101011 A
b1010110110101011 I
b1010110110101011 K
b1010110110101011 7
b1010110110101011 @
b1010110110101011 M
b1010110110101011 b
b1010110111011100 S
b1010110111011100 Y
b1010110111011100 ^
b111001011111101 U
b111001011111101 ]
b111001011111101 _
b111001011111101 9
b111001011111101 T
b111001011111101 a
b111001011111101 c
0D
0H
1L
0X
0\
1`
b10 >
b10 R
b10 -
b10 6
#131
b1100111100001110 "
b1100111100001110 8
b1100111100001110 e
b1100111100001110 !
b1100111100001110 7
b1100111100001110 @
b1100111100001110 M
b1100111100001110 b
b1011000011 9
b1011000011 T
b1011000011 a
b1011000011 c
b101100101010 ?
b101100101010 E
b101100101010 J
b1100111100001110 A
b1100111100001110 I
b1100111100001110 K
b1011110010011010 S
b1011110010011010 Y
b1011110010011010 ^
b1011000011 U
b1011000011 ]
b1011000011 _
1D
1H
1X
1\
b11 >
b11 R
b11 -
b11 6
#132
b110011010000 ?
b110011010000 E
b110011010000 J
b1010110110101011 A
b1010110110101011 I
b1010110110101011 K
b110011010000 7
b110011010000 @
b110011010000 M
b110011010000 b
b1010110111011100 S
b1010110111011100 Y
b1010110111011100 ^
b111001011111101 U
b111001011111101 ]
b111001011111101 _
b1010110111011100 9
b1010110111011100 T
b1010110111011100 a
b1010110111011100 c
b1010110111011100 !
0D
0H
0L
0X
0\
0`
b1010110111011100 "
b1010110111011100 8
b1010110111011100 e
b0 >
b0 R
1d
b100 -
b100 6
#133
b1011110010011010 "
b1011110010011010 8
b1011110010011010 e
b1011110010011010 !
b101100101010 7
b101100101010 @
b101100101010 M
b101100101010 b
b1011110010011010 9
b1011110010011010 T
b1011110010011010 a
b1011110010011010 c
b101100101010 ?
b101100101010 E
b101100101010 J
b1100111100001110 A
b1100111100001110 I
b1100111100001110 K
b1011110010011010 S
b1011110010011010 Y
b1011110010011010 ^
b1011000011 U
b1011000011 ]
b1011000011 _
1D
1H
1X
1\
b1 >
b1 R
b101 -
b101 6
#134
b111001011111101 "
b111001011111101 8
b111001011111101 e
b111001011111101 !
b110011010000 ?
b110011010000 E
b110011010000 J
b1010110110101011 A
b1010110110101011 I
b1010110110101011 K
b1010110110101011 7
b1010110110101011 @
b1010110110101011 M
b1010110110101011 b
b1010110111011100 S
b1010110111011100 Y
b1010110111011100 ^
b111001011111101 U
b111001011111101 ]
b111001011111101 _
b111001011111101 9
b111001011111101 T
b111001011111101 a
b111001011111101 c
0D
0H
1L
0X
0\
1`
b10 >
b10 R
b110 -
b110 6
#135
b1011000011 "
b1011000011 8
b1011000011 e
b1011000011 !
b1100111100001110 7
b1100111100001110 @
b1100111100001110 M
b1100111100001110 b
b1011000011 9
b1011000011 T
b1011000011 a
b1011000011 c
b101100101010 ?
b101100101010 E
b101100101010 J
b1100111100001110 A
b1100111100001110 I
b1100111100001110 K
b1011110010011010 S
b1011110010011010 Y
b1011110010011010 ^
b1011000011 U
b1011000011 ]
b1011000011 _
1D
1H
1X
1\
b11 >
b11 R
b111 -
b111 6
#136
b1110110101010110 !
0D
0H
0L
0X
0\
0`
b1110110101010110 "
b1110110101010110 8
b1110110101010110 e
b1011100110110110 9
b1011100110110110 T
b1011100110110110 a
b1011100110110110 c
b1110110101010110 7
b1110110101010110 @
b1110110101010110 M
b1110110101010110 b
b0 >
b0 R
0d
b1000011101111001 U
b1000011101111001 ]
b1000011101111001 _
b1011100110110110 S
b1011100110110110 Y
b1011100110110110 ^
b111011001100111 A
b111011001100111 I
b111011001100111 K
b1110110101010110 ?
b1110110101010110 E
b1110110101010110 J
b0 -
b0 6
b1100010010111000 +
b1100010010111000 5
b1100010010111000 Q
b1100010010111000 [
b1000011101111001 *
b1000011101111001 4
b1000011101111001 P
b1000011101111001 Z
b1000101000111000 (
b1000101000111000 3
b1000101000111000 O
b1000101000111000 W
b1011100110110110 '
b1011100110110110 2
b1011100110110110 N
b1011100110110110 V
b11010000001010 &
b11010000001010 1
b11010000001010 =
b11010000001010 G
b111011001100111 %
b111011001100111 0
b111011001100111 <
b111011001100111 F
b1110100101001110 $
b1110100101001110 /
b1110100101001110 ;
b1110100101001110 C
b1110110101010110 #
b1110110101010110 .
b1110110101010110 :
b1110110101010110 B
b10001 ,
#137
b1110100101001110 "
b1110100101001110 8
b1110100101001110 e
b1110100101001110 !
b1110100101001110 7
b1110100101001110 @
b1110100101001110 M
b1110100101001110 b
b1000101000111000 9
b1000101000111000 T
b1000101000111000 a
b1000101000111000 c
b1110100101001110 ?
b1110100101001110 E
b1110100101001110 J
b11010000001010 A
b11010000001010 I
b11010000001010 K
b1000101000111000 S
b1000101000111000 Y
b1000101000111000 ^
b1100010010111000 U
b1100010010111000 ]
b1100010010111000 _
1D
1H
1X
1\
b1 >
b1 R
b1 -
b1 6
#138
b111011001100111 "
b111011001100111 8
b111011001100111 e
b111011001100111 !
b1110110101010110 ?
b1110110101010110 E
b1110110101010110 J
b111011001100111 A
b111011001100111 I
b111011001100111 K
b111011001100111 7
b111011001100111 @
b111011001100111 M
b111011001100111 b
b1011100110110110 S
b1011100110110110 Y
b1011100110110110 ^
b1000011101111001 U
b1000011101111001 ]
b1000011101111001 _
b1000011101111001 9
b1000011101111001 T
b1000011101111001 a
b1000011101111001 c
0D
0H
1L
0X
0\
1`
b10 >
b10 R
b10 -
b10 6
#139
b11010000001010 "
b11010000001010 8
b11010000001010 e
b11010000001010 !
b11010000001010 7
b11010000001010 @
b11010000001010 M
b11010000001010 b
b1100010010111000 9
b1100010010111000 T
b1100010010111000 a
b1100010010111000 c
b1110100101001110 ?
b1110100101001110 E
b1110100101001110 J
b11010000001010 A
b11010000001010 I
b11010000001010 K
b1000101000111000 S
b1000101000111000 Y
b1000101000111000 ^
b1100010010111000 U
b1100010010111000 ]
b1100010010111000 _
1D
1H
1X
1\
b11 >
b11 R
b11 -
b11 6
#140
b1110110101010110 ?
b1110110101010110 E
b1110110101010110 J
b111011001100111 A
b111011001100111 I
b111011001100111 K
b1110110101010110 7
b1110110101010110 @
b1110110101010110 M
b1110110101010110 b
b1011100110110110 S
b1011100110110110 Y
b1011100110110110 ^
b1000011101111001 U
b1000011101111001 ]
b1000011101111001 _
b1011100110110110 9
b1011100110110110 T
b1011100110110110 a
b1011100110110110 c
b1011100110110110 !
0D
0H
0L
0X
0\
0`
b1011100110110110 "
b1011100110110110 8
b1011100110110110 e
b0 >
b0 R
1d
b100 -
b100 6
#141
b1000101000111000 "
b1000101000111000 8
b1000101000111000 e
b1000101000111000 !
b1110100101001110 7
b1110100101001110 @
b1110100101001110 M
b1110100101001110 b
b1000101000111000 9
b1000101000111000 T
b1000101000111000 a
b1000101000111000 c
b1110100101001110 ?
b1110100101001110 E
b1110100101001110 J
b11010000001010 A
b11010000001010 I
b11010000001010 K
b1000101000111000 S
b1000101000111000 Y
b1000101000111000 ^
b1100010010111000 U
b1100010010111000 ]
b1100010010111000 _
1D
1H
1X
1\
b1 >
b1 R
b101 -
b101 6
#142
b1000011101111001 "
b1000011101111001 8
b1000011101111001 e
b1000011101111001 !
b1110110101010110 ?
b1110110101010110 E
b1110110101010110 J
b111011001100111 A
b111011001100111 I
b111011001100111 K
b111011001100111 7
b111011001100111 @
b111011001100111 M
b111011001100111 b
b1011100110110110 S
b1011100110110110 Y
b1011100110110110 ^
b1000011101111001 U
b1000011101111001 ]
b1000011101111001 _
b1000011101111001 9
b1000011101111001 T
b1000011101111001 a
b1000011101111001 c
0D
0H
1L
0X
0\
1`
b10 >
b10 R
b110 -
b110 6
#143
b1100010010111000 "
b1100010010111000 8
b1100010010111000 e
b1100010010111000 !
b11010000001010 7
b11010000001010 @
b11010000001010 M
b11010000001010 b
b1100010010111000 9
b1100010010111000 T
b1100010010111000 a
b1100010010111000 c
b1110100101001110 ?
b1110100101001110 E
b1110100101001110 J
b11010000001010 A
b11010000001010 I
b11010000001010 K
b1000101000111000 S
b1000101000111000 Y
b1000101000111000 ^
b1100010010111000 U
b1100010010111000 ]
b1100010010111000 _
1D
1H
1X
1\
b11 >
b11 R
b111 -
b111 6
#144
b1011111110010100 !
0D
0H
0L
0X
0\
0`
b1011111110010100 "
b1011111110010100 8
b1011111110010100 e
b110100111011011 9
b110100111011011 T
b110100111011011 a
b110100111011011 c
b1011111110010100 7
b1011111110010100 @
b1011111110010100 M
b1011111110010100 b
b0 >
b0 R
0d
b1011011111011001 U
b1011011111011001 ]
b1011011111011001 _
b110100111011011 S
b110100111011011 Y
b110100111011011 ^
b10110000000100 A
b10110000000100 I
b10110000000100 K
b1011111110010100 ?
b1011111110010100 E
b1011111110010100 J
b0 -
b0 6
b10011001101101 +
b10011001101101 5
b10011001101101 Q
b10011001101101 [
b1011011111011001 *
b1011011111011001 4
b1011011111011001 P
b1011011111011001 Z
b1101111001001101 (
b1101111001001101 3
b1101111001001101 O
b1101111001001101 W
b110100111011011 '
b110100111011011 2
b110100111011011 N
b110100111011011 V
b1100101001011001 &
b1100101001011001 1
b1100101001011001 =
b1100101001011001 G
b10110000000100 %
b10110000000100 0
b10110000000100 <
b10110000000100 F
b101110110010011 $
b101110110010011 /
b101110110010011 ;
b101110110010011 C
b1011111110010100 #
b1011111110010100 .
b1011111110010100 :
b1011111110010100 B
b10010 ,
#145
b101110110010011 "
b101110110010011 8
b101110110010011 e
b101110110010011 !
b101110110010011 7
b101110110010011 @
b101110110010011 M
b101110110010011 b
b1101111001001101 9
b1101111001001101 T
b1101111001001101 a
b1101111001001101 c
b101110110010011 ?
b101110110010011 E
b101110110010011 J
b1100101001011001 A
b1100101001011001 I
b1100101001011001 K
b1101111001001101 S
b1101111001001101 Y
b1101111001001101 ^
b10011001101101 U
b10011001101101 ]
b10011001101101 _
1D
1H
1X
1\
b1 >
b1 R
b1 -
b1 6
#146
b10110000000100 "
b10110000000100 8
b10110000000100 e
b10110000000100 !
b1011111110010100 ?
b1011111110010100 E
b1011111110010100 J
b10110000000100 A
b10110000000100 I
b10110000000100 K
b10110000000100 7
b10110000000100 @
b10110000000100 M
b10110000000100 b
b110100111011011 S
b110100111011011 Y
b110100111011011 ^
b1011011111011001 U
b1011011111011001 ]
b1011011111011001 _
b1011011111011001 9
b1011011111011001 T
b1011011111011001 a
b1011011111011001 c
0D
0H
1L
0X
0\
1`
b10 >
b10 R
b10 -
b10 6
#147
b1100101001011001 "
b1100101001011001 8
b1100101001011001 e
b1100101001011001 !
b1100101001011001 7
b1100101001011001 @
b1100101001011001 M
b1100101001011001 b
b10011001101101 9
b10011001101101 T
b10011001101101 a
b10011001101101 c
b101110110010011 ?
b101110110010011 E
b101110110010011 J
b1100101001011001 A
b1100101001011001 I
b1100101001011001 K
b1101111001001101 S
b1101111001001101 Y
b1101111001001101 ^
b10011001101101 U
b10011001101101 ]
b10011001101101 _
1D
1H
1X
1\
b11 >
b11 R
b11 -
b11 6
#148
b1011111110010100 ?
b1011111110010100 E
b1011111110010100 J
b10110000000100 A
b10110000000100 I
b10110000000100 K
b1011111110010100 7
b1011111110010100 @
b1011111110010100 M
b1011111110010100 b
b110100111011011 S
b110100111011011 Y
b110100111011011 ^
b1011011111011001 U
b1011011111011001 ]
b1011011111011001 _
b110100111011011 9
b110100111011011 T
b110100111011011 a
b110100111011011 c
b110100111011011 !
0D
0H
0L
0X
0\
0`
b110100111011011 "
b110100111011011 8
b110100111011011 e
b0 >
b0 R
1d
b100 -
b100 6
#149
b1101111001001101 "
b1101111001001101 8
b1101111001001101 e
b1101111001001101 !
b101110110010011 7
b101110110010011 @
b101110110010011 M
b101110110010011 b
b1101111001001101 9
b1101111001001101 T
b1101111001001101 a
b1101111001001101 c
b101110110010011 ?
b101110110010011 E
b101110110010011 J
b1100101001011001 A
b1100101001011001 I
b1100101001011001 K
b1101111001001101 S
b1101111001001101 Y
b1101111001001101 ^
b10011001101101 U
b10011001101101 ]
b10011001101101 _
1D
1H
1X
1\
b1 >
b1 R
b101 -
b101 6
#150
b1011011111011001 "
b1011011111011001 8
b1011011111011001 e
b1011011111011001 !
b1011111110010100 ?
b1011111110010100 E
b1011111110010100 J
b10110000000100 A
b10110000000100 I
b10110000000100 K
b10110000000100 7
b10110000000100 @
b10110000000100 M
b10110000000100 b
b110100111011011 S
b110100111011011 Y
b110100111011011 ^
b1011011111011001 U
b1011011111011001 ]
b1011011111011001 _
b1011011111011001 9
b1011011111011001 T
b1011011111011001 a
b1011011111011001 c
0D
0H
1L
0X
0\
1`
b10 >
b10 R
b110 -
b110 6
#151
b10011001101101 "
b10011001101101 8
b10011001101101 e
b10011001101101 !
b1100101001011001 7
b1100101001011001 @
b1100101001011001 M
b1100101001011001 b
b10011001101101 9
b10011001101101 T
b10011001101101 a
b10011001101101 c
b101110110010011 ?
b101110110010011 E
b101110110010011 J
b1100101001011001 A
b1100101001011001 I
b1100101001011001 K
b1101111001001101 S
b1101111001001101 Y
b1101111001001101 ^
b10011001101101 U
b10011001101101 ]
b10011001101101 _
1D
1H
1X
1\
b11 >
b11 R
b111 -
b111 6
#152
b1110001001110110 !
0D
0H
0L
0X
0\
0`
b1110001001110110 "
b1110001001110110 8
b1110001001110110 e
b1101001000110 9
b1101001000110 T
b1101001000110 a
b1101001000110 c
b1110001001110110 7
b1110001001110110 @
b1110001001110110 M
b1110001001110110 b
b0 >
b0 R
0d
b110000111110111 U
b110000111110111 ]
b110000111110111 _
b1101001000110 S
b1101001000110 Y
b1101001000110 ^
b10110110110110 A
b10110110110110 I
b10110110110110 K
b1110001001110110 ?
b1110001001110110 E
b1110001001110110 J
b0 -
b0 6
b11101101001 +
b11101101001 5
b11101101001 Q
b11101101001 [
b110000111110111 *
b110000111110111 4
b110000111110111 P
b110000111110111 Z
b1001101100000100 (
b1001101100000100 3
b1001101100000100 O
b1001101100000100 W
b1101001000110 '
b1101001000110 2
b1101001000110 N
b1101001000110 V
b111000110010101 &
b111000110010101 1
b111000110010101 =
b111000110010101 G
b10110110110110 %
b10110110110110 0
b10110110110110 <
b10110110110110 F
b100100111001010 $
b100100111001010 /
b100100111001010 ;
b100100111001010 C
b1110001001110110 #
b1110001001110110 .
b1110001001110110 :
b1110001001110110 B
b10011 ,
#153
b100100111001010 "
b100100111001010 8
b100100111001010 e
b100100111001010 !
b100100111001010 7
b100100111001010 @
b100100111001010 M
b100100111001010 b
b1001101100000100 9
b1001101100000100 T
b1001101100000100 a
b1001101100000100 c
b100100111001010 ?
b100100111001010 E
b100100111001010 J
b111000110010101 A
b111000110010101 I
b111000110010101 K
b1001101100000100 S
b1001101100000100 Y
b1001101100000100 ^
b11101101001 U
b11101101001 ]
b11101101001 _
1D
1H
1X
1\
b1 >
b1 R
b1 -
b1 6
#154
b10110110110110 "
b10110110110110 8
b10110110110110 e
b10110110110110 !
b1110001001110110 ?
b1110001001110110 E
b1110001001110110 J
b10110110110110 A
b10110110110110 I
b10110110110110 K
b10110110110110 7
b10110110110110 @
b10110110110110 M
b10110110110110 b
b1101001000110 S
b1101001000110 Y
b1101001000110 ^
b110000111110111 U
b110000111110111 ]
b110000111110111 _
b110000111110111 9
b110000111110111 T
b110000111110111 a
b110000111110111 c
0D
0H
1L
0X
0\
1`
b10 >
b10 R
b10 -
b10 6
#155
b111000110010101 "
b111000110010101 8
b111000110010101 e
b111000110010101 !
b111000110010101 7
b111000110010101 @
b111000110010101 M
b111000110010101 b
b11101101001 9
b11101101001 T
b11101101001 a
b11101101001 c
b100100111001010 ?
b100100111001010 E
b100100111001010 J
b111000110010101 A
b111000110010101 I
b111000110010101 K
b1001101100000100 S
b1001101100000100 Y
b1001101100000100 ^
b11101101001 U
b11101101001 ]
b11101101001 _
1D
1H
1X
1\
b11 >
b11 R
b11 -
b11 6
#156
b1110001001110110 ?
b1110001001110110 E
b1110001001110110 J
b10110110110110 A
b10110110110110 I
b10110110110110 K
b1110001001110110 7
b1110001001110110 @
b1110001001110110 M
b1110001001110110 b
b1101001000110 S
b1101001000110 Y
b1101001000110 ^
b110000111110111 U
b110000111110111 ]
b110000111110111 _
b1101001000110 9
b1101001000110 T
b1101001000110 a
b1101001000110 c
b1101001000110 !
0D
0H
0L
0X
0\
0`
b1101001000110 "
b1101001000110 8
b1101001000110 e
b0 >
b0 R
1d
b100 -
b100 6
#157
b1001101100000100 "
b1001101100000100 8
b1001101100000100 e
b1001101100000100 !
b100100111001010 7
b100100111001010 @
b100100111001010 M
b100100111001010 b
b1001101100000100 9
b1001101100000100 T
b1001101100000100 a
b1001101100000100 c
b100100111001010 ?
b100100111001010 E
b100100111001010 J
b111000110010101 A
b111000110010101 I
b111000110010101 K
b1001101100000100 S
b1001101100000100 Y
b1001101100000100 ^
b11101101001 U
b11101101001 ]
b11101101001 _
1D
1H
1X
1\
b1 >
b1 R
b101 -
b101 6
#158
b110000111110111 "
b110000111110111 8
b110000111110111 e
b110000111110111 !
b1110001001110110 ?
b1110001001110110 E
b1110001001110110 J
b10110110110110 A
b10110110110110 I
b10110110110110 K
b10110110110110 7
b10110110110110 @
b10110110110110 M
b10110110110110 b
b1101001000110 S
b1101001000110 Y
b1101001000110 ^
b110000111110111 U
b110000111110111 ]
b110000111110111 _
b110000111110111 9
b110000111110111 T
b110000111110111 a
b110000111110111 c
0D
0H
1L
0X
0\
1`
b10 >
b10 R
b110 -
b110 6
#159
b11101101001 "
b11101101001 8
b11101101001 e
b11101101001 !
b111000110010101 7
b111000110010101 @
b111000110010101 M
b111000110010101 b
b11101101001 9
b11101101001 T
b11101101001 a
b11101101001 c
b100100111001010 ?
b100100111001010 E
b100100111001010 J
b111000110010101 A
b111000110010101 I
b111000110010101 K
b1001101100000100 S
b1001101100000100 Y
b1001101100000100 ^
b11101101001 U
b11101101001 ]
b11101101001 _
1D
1H
1X
1\
b11 >
b11 R
b111 -
b111 6
#160
b1011101010110100 !
0D
0H
0L
0X
0\
0`
b1011101010110100 "
b1011101010110100 8
b1011101010110100 e
b11000011000111 9
b11000011000111 T
b11000011000111 a
b11000011000111 c
b1011101010110100 7
b1011101010110100 @
b1011101010110100 M
b1011101010110100 b
b0 >
b0 R
0d
b1110010000001000 U
b1110010000001000 ]
b1110010000001000 _
b11000011000111 S
b11000011000111 Y
b11000011000111 ^
b1101100100101000 A
b1101100100101000 I
b1101100100101000 K
b1011101010110100 ?
b1011101010110100 E
b1011101010110100 J
b0 -
b0 6
b100010100011100 +
b100010100011100 5
b100010100011100 Q
b100010100011100 [
b1110010000001000 *
b1110010000001000 4
b1110010000001000 P
b1110010000001000 Z
b1001110000101110 (
b1001110000101110 3
b1001110000101110 O
b1001110000101110 W
b11000011000111 '
b11000011000111 2
b11000011000111 N
b11000011000111 V
b10000101101 &
b10000101101 1
b10000101101 =
b10000101101 G
b1101100100101000 %
b1101100100101000 0
b1101100100101000 <
b1101100100101000 F
b1000110110001000 $
b1000110110001000 /
b1000110110001000 ;
b1000110110001000 C
b1011101010110100 #
b1011101010110100 .
b1011101010110100 :
b1011101010110100 B
b10100 ,
#161
b1000110110001000 "
b1000110110001000 8
b1000110110001000 e
b1000110110001000 !
b1000110110001000 7
b1000110110001000 @
b1000110110001000 M
b1000110110001000 b
b1001110000101110 9
b1001110000101110 T
b1001110000101110 a
b1001110000101110 c
b1000110110001000 ?
b1000110110001000 E
b1000110110001000 J
b10000101101 A
b10000101101 I
b10000101101 K
b1001110000101110 S
b1001110000101110 Y
b1001110000101110 ^
b100010100011100 U
b100010100011100 ]
b100010100011100 _
1D
1H
1X
1\
b1 >
b1 R
b1 -
b1 6
#162
b1101100100101000 "
b1101100100101000 8
b1101100100101000 e
b1101100100101000 !
b1011101010110100 ?
b1011101010110100 E
b1011101010110100 J
b1101100100101000 A
b1101100100101000 I
b1101100100101000 K
b1101100100101000 7
b1101100100101000 @
b1101100100101000 M
b1101100100101000 b
b11000011000111 S
b11000011000111 Y
b11000011000111 ^
b1110010000001000 U
b1110010000001000 ]
b1110010000001000 _
b1110010000001000 9
b1110010000001000 T
b1110010000001000 a
b1110010000001000 c
0D
0H
1L
0X
0\
1`
b10 >
b10 R
b10 -
b10 6
#163
b10000101101 "
b10000101101 8
b10000101101 e
b10000101101 !
b10000101101 7
b10000101101 @
b10000101101 M
b10000101101 b
b100010100011100 9
b100010100011100 T
b100010100011100 a
b100010100011100 c
b1000110110001000 ?
b1000110110001000 E
b1000110110001000 J
b10000101101 A
b10000101101 I
b10000101101 K
b1001110000101110 S
b1001110000101110 Y
b1001110000101110 ^
b100010100011100 U
b100010100011100 ]
b100010100011100 _
1D
1H
1X
1\
b11 >
b11 R
b11 -
b11 6
#164
b1011101010110100 ?
b1011101010110100 E
b1011101010110100 J
b1101100100101000 A
b1101100100101000 I
b1101100100101000 K
b1011101010110100 7
b1011101010110100 @
b1011101010110100 M
b1011101010110100 b
b11000011000111 S
b11000011000111 Y
b11000011000111 ^
b1110010000001000 U
b1110010000001000 ]
b1110010000001000 _
b11000011000111 9
b11000011000111 T
b11000011000111 a
b11000011000111 c
b11000011000111 !
0D
0H
0L
0X
0\
0`
b11000011000111 "
b11000011000111 8
b11000011000111 e
b0 >
b0 R
1d
b100 -
b100 6
#165
b1001110000101110 "
b1001110000101110 8
b1001110000101110 e
b1001110000101110 !
b1000110110001000 7
b1000110110001000 @
b1000110110001000 M
b1000110110001000 b
b1001110000101110 9
b1001110000101110 T
b1001110000101110 a
b1001110000101110 c
b1000110110001000 ?
b1000110110001000 E
b1000110110001000 J
b10000101101 A
b10000101101 I
b10000101101 K
b1001110000101110 S
b1001110000101110 Y
b1001110000101110 ^
b100010100011100 U
b100010100011100 ]
b100010100011100 _
1D
1H
1X
1\
b1 >
b1 R
b101 -
b101 6
#166
b1110010000001000 "
b1110010000001000 8
b1110010000001000 e
b1110010000001000 !
b1011101010110100 ?
b1011101010110100 E
b1011101010110100 J
b1101100100101000 A
b1101100100101000 I
b1101100100101000 K
b1101100100101000 7
b1101100100101000 @
b1101100100101000 M
b1101100100101000 b
b11000011000111 S
b11000011000111 Y
b11000011000111 ^
b1110010000001000 U
b1110010000001000 ]
b1110010000001000 _
b1110010000001000 9
b1110010000001000 T
b1110010000001000 a
b1110010000001000 c
0D
0H
1L
0X
0\
1`
b10 >
b10 R
b110 -
b110 6
#167
b100010100011100 "
b100010100011100 8
b100010100011100 e
b100010100011100 !
b10000101101 7
b10000101101 @
b10000101101 M
b10000101101 b
b100010100011100 9
b100010100011100 T
b100010100011100 a
b100010100011100 c
b1000110110001000 ?
b1000110110001000 E
b1000110110001000 J
b10000101101 A
b10000101101 I
b10000101101 K
b1001110000101110 S
b1001110000101110 Y
b1001110000101110 ^
b100010100011100 U
b100010100011100 ]
b100010100011100 _
1D
1H
1X
1\
b11 >
b11 R
b111 -
b111 6
#168
b1010011011111101 !
0D
0H
0L
0X
0\
0`
b1010011011111101 "
b1010011011111101 8
b1010011011111101 e
b100011011010 9
b100011011010 T
b100011011010 a
b100011011010 c
b1010011011111101 7
b1010011011111101 @
b1010011011111101 M
b1010011011111101 b
b0 >
b0 R
0d
b1010011101100110 U
b1010011101100110 ]
b1010011101100110 _
b100011011010 S
b100011011010 Y
b100011011010 ^
b1001000000011100 A
b1001000000011100 I
b1001000000011100 K
b1010011011111101 ?
b1010011011111101 E
b1010011011111101 J
b0 -
b0 6
b1100010001110000 +
b1100010001110000 5
b1100010001110000 Q
b1100010001110000 [
b1010011101100110 *
b1010011101100110 4
b1010011101100110 P
b1010011101100110 Z
b1100011000111101 (
b1100011000111101 3
b1100011000111101 O
b1100011000111101 W
b100011011010 '
b100011011010 2
b100011011010 N
b100011011010 V
b110011110000110 &
b110011110000110 1
b110011110000110 =
b110011110000110 G
b1001000000011100 %
b1001000000011100 0
b1001000000011100 <
b1001000000011100 F
b11100101001 $
b11100101001 /
b11100101001 ;
b11100101001 C
b1010011011111101 #
b1010011011111101 .
b1010011011111101 :
b1010011011111101 B
b10101 ,
#169
b11100101001 "
b11100101001 8
b11100101001 e
b11100101001 !
b11100101001 7
b11100101001 @
b11100101001 M
b11100101001 b
b1100011000111101 9
b1100011000111101 T
b1100011000111101 a
b1100011000111101 c
b11100101001 ?
b11100101001 E
b11100101001 J
b110011110000110 A
b110011110000110 I
b110011110000110 K
b1100011000111101 S
b1100011000111101 Y
b1100011000111101 ^
b1100010001110000 U
b1100010001110000 ]
b1100010001110000 _
1D
1H
1X
1\
b1 >
b1 R
b1 -
b1 6
#170
b1001000000011100 "
b1001000000011100 8
b1001000000011100 e
b1001000000011100 !
b1010011011111101 ?
b1010011011111101 E
b1010011011111101 J
b1001000000011100 A
b1001000000011100 I
b1001000000011100 K
b1001000000011100 7
b1001000000011100 @
b1001000000011100 M
b1001000000011100 b
b100011011010 S
b100011011010 Y
b100011011010 ^
b1010011101100110 U
b1010011101100110 ]
b1010011101100110 _
b1010011101100110 9
b1010011101100110 T
b1010011101100110 a
b1010011101100110 c
0D
0H
1L
0X
0\
1`
b10 >
b10 R
b10 -
b10 6
#171
b110011110000110 "
b110011110000110 8
b110011110000110 e
b110011110000110 !
b110011110000110 7
b110011110000110 @
b110011110000110 M
b110011110000110 b
b1100010001110000 9
b1100010001110000 T
b1100010001110000 a
b1100010001110000 c
b11100101001 ?
b11100101001 E
b11100101001 J
b110011110000110 A
b110011110000110 I
b110011110000110 K
b1100011000111101 S
b1100011000111101 Y
b1100011000111101 ^
b1100010001110000 U
b1100010001110000 ]
b1100010001110000 _
1D
1H
1X
1\
b11 >
b11 R
b11 -
b11 6
#172
b1010011011111101 ?
b1010011011111101 E
b1010011011111101 J
b1001000000011100 A
b1001000000011100 I
b1001000000011100 K
b1010011011111101 7
b1010011011111101 @
b1010011011111101 M
b1010011011111101 b
b100011011010 S
b100011011010 Y
b100011011010 ^
b1010011101100110 U
b1010011101100110 ]
b1010011101100110 _
b100011011010 9
b100011011010 T
b100011011010 a
b100011011010 c
b100011011010 !
0D
0H
0L
0X
0\
0`
b100011011010 "
b100011011010 8
b100011011010 e
b0 >
b0 R
1d
b100 -
b100 6
#173
b1100011000111101 "
b1100011000111101 8
b1100011000111101 e
b1100011000111101 !
b11100101001 7
b11100101001 @
b11100101001 M
b11100101001 b
b1100011000111101 9
b1100011000111101 T
b1100011000111101 a
b1100011000111101 c
b11100101001 ?
b11100101001 E
b11100101001 J
b110011110000110 A
b110011110000110 I
b110011110000110 K
b1100011000111101 S
b1100011000111101 Y
b1100011000111101 ^
b1100010001110000 U
b1100010001110000 ]
b1100010001110000 _
1D
1H
1X
1\
b1 >
b1 R
b101 -
b101 6
#174
b1010011101100110 "
b1010011101100110 8
b1010011101100110 e
b1010011101100110 !
b1010011011111101 ?
b1010011011111101 E
b1010011011111101 J
b1001000000011100 A
b1001000000011100 I
b1001000000011100 K
b1001000000011100 7
b1001000000011100 @
b1001000000011100 M
b1001000000011100 b
b100011011010 S
b100011011010 Y
b100011011010 ^
b1010011101100110 U
b1010011101100110 ]
b1010011101100110 _
b1010011101100110 9
b1010011101100110 T
b1010011101100110 a
b1010011101100110 c
0D
0H
1L
0X
0\
1`
b10 >
b10 R
b110 -
b110 6
#175
b1100010001110000 "
b1100010001110000 8
b1100010001110000 e
b1100010001110000 !
b110011110000110 7
b110011110000110 @
b110011110000110 M
b110011110000110 b
b1100010001110000 9
b1100010001110000 T
b1100010001110000 a
b1100010001110000 c
b11100101001 ?
b11100101001 E
b11100101001 J
b110011110000110 A
b110011110000110 I
b110011110000110 K
b1100011000111101 S
b1100011000111101 Y
b1100011000111101 ^
b1100010001110000 U
b1100010001110000 ]
b1100010001110000 _
1D
1H
1X
1\
b11 >
b11 R
b111 -
b111 6
#176
b10001110011 !
0D
0H
0L
0X
0\
0`
b10001110011 "
b10001110011 8
b10001110011 e
b10111010101 9
b10111010101 T
b10111010101 a
b10111010101 c
b10001110011 7
b10001110011 @
b10001110011 M
b10001110011 b
b0 >
b0 R
0d
b10111001 U
b10111001 ]
b10111001 _
b10111010101 S
b10111010101 Y
b10111010101 ^
b1011001101011110 A
b1011001101011110 I
b1011001101011110 K
b10001110011 ?
b10001110011 E
b10001110011 J
b0 -
b0 6
b110000100110111 +
b110000100110111 5
b110000100110111 Q
b110000100110111 [
b10111001 *
b10111001 4
b10111001 P
b10111001 Z
b1111011000011010 (
b1111011000011010 3
b1111011000011010 O
b1111011000011010 W
b10111010101 '
b10111010101 2
b10111010101 N
b10111010101 V
b111100111111010 &
b111100111111010 1
b111100111111010 =
b111100111111010 G
b1011001101011110 %
b1011001101011110 0
b1011001101011110 <
b1011001101011110 F
b1001100110111010 $
b1001100110111010 /
b1001100110111010 ;
b1001100110111010 C
b10001110011 #
b10001110011 .
b10001110011 :
b10001110011 B
b10110 ,
#177
b1001100110111010 "
b1001100110111010 8
b1001100110111010 e
b1001100110111010 !
b1001100110111010 7
b1001100110111010 @
b1001100110111010 M
b1001100110111010 b
b1111011000011010 9
b1111011000011010 T
b1111011000011010 a
b1111011000011010 c
b1001100110111010 ?
b1001100110111010 E
b1001100110111010 J
b111100111111010 A
b111100111111010 I
b111100111111010 K
b1111011000011010 S
b1111011000011010 Y
b1111011000011010 ^
b110000100110111 U
b110000100110111 ]
b110000100110111 _
1D
1H
1X
1\
b1 >
b1 R
b1 -
b1 6
#178
b1011001101011110 "
b1011001101011110 8
b1011001101011110 e
b1011001101011110 !
b10001110011 ?
b10001110011 E
b10001110011 J
b1011001101011110 A
b1011001101011110 I
b1011001101011110 K
b1011001101011110 7
b1011001101011110 @
b1011001101011110 M
b1011001101011110 b
b10111010101 S
b10111010101 Y
b10111010101 ^
b10111001 U
b10111001 ]
b10111001 _
b10111001 9
b10111001 T
b10111001 a
b10111001 c
0D
0H
1L
0X
0\
1`
b10 >
b10 R
b10 -
b10 6
#179
b111100111111010 "
b111100111111010 8
b111100111111010 e
b111100111111010 !
b111100111111010 7
b111100111111010 @
b111100111111010 M
b111100111111010 b
b110000100110111 9
b110000100110111 T
b110000100110111 a
b110000100110111 c
b1001100110111010 ?
b1001100110111010 E
b1001100110111010 J
b111100111111010 A
b111100111111010 I
b111100111111010 K
b1111011000011010 S
b1111011000011010 Y
b1111011000011010 ^
b110000100110111 U
b110000100110111 ]
b110000100110111 _
1D
1H
1X
1\
b11 >
b11 R
b11 -
b11 6
#180
b10001110011 ?
b10001110011 E
b10001110011 J
b1011001101011110 A
b1011001101011110 I
b1011001101011110 K
b10001110011 7
b10001110011 @
b10001110011 M
b10001110011 b
b10111010101 S
b10111010101 Y
b10111010101 ^
b10111001 U
b10111001 ]
b10111001 _
b10111010101 9
b10111010101 T
b10111010101 a
b10111010101 c
b10111010101 !
0D
0H
0L
0X
0\
0`
b10111010101 "
b10111010101 8
b10111010101 e
b0 >
b0 R
1d
b100 -
b100 6
#181
b1111011000011010 "
b1111011000011010 8
b1111011000011010 e
b1111011000011010 !
b1001100110111010 7
b1001100110111010 @
b1001100110111010 M
b1001100110111010 b
b1111011000011010 9
b1111011000011010 T
b1111011000011010 a
b1111011000011010 c
b1001100110111010 ?
b1001100110111010 E
b1001100110111010 J
b111100111111010 A
b111100111111010 I
b111100111111010 K
b1111011000011010 S
b1111011000011010 Y
b1111011000011010 ^
b110000100110111 U
b110000100110111 ]
b110000100110111 _
1D
1H
1X
1\
b1 >
b1 R
b101 -
b101 6
#182
b10111001 "
b10111001 8
b10111001 e
b10111001 !
b10001110011 ?
b10001110011 E
b10001110011 J
b1011001101011110 A
b1011001101011110 I
b1011001101011110 K
b1011001101011110 7
b1011001101011110 @
b1011001101011110 M
b1011001101011110 b
b10111010101 S
b10111010101 Y
b10111010101 ^
b10111001 U
b10111001 ]
b10111001 _
b10111001 9
b10111001 T
b10111001 a
b10111001 c
0D
0H
1L
0X
0\
1`
b10 >
b10 R
b110 -
b110 6
#183
b110000100110111 "
b110000100110111 8
b110000100110111 e
b110000100110111 !
b111100111111010 7
b111100111111010 @
b111100111111010 M
b111100111111010 b
b110000100110111 9
b110000100110111 T
b110000100110111 a
b110000100110111 c
b1001100110111010 ?
b1001100110111010 E
b1001100110111010 J
b111100111111010 A
b111100111111010 I
b111100111111010 K
b1111011000011010 S
b1111011000011010 Y
b1111011000011010 ^
b110000100110111 U
b110000100110111 ]
b110000100110111 _
1D
1H
1X
1\
b11 >
b11 R
b111 -
b111 6
#184
b11011110010110 !
0D
0H
0L
0X
0\
0`
b11011110010110 "
b11011110010110 8
b11011110010110 e
b1000001101111101 9
b1000001101111101 T
b1000001101111101 a
b1000001101111101 c
b11011110010110 7
b11011110010110 @
b11011110010110 M
b11011110010110 b
b0 >
b0 R
0d
b101011110000110 U
b101011110000110 ]
b101011110000110 _
b1000001101111101 S
b1000001101111101 Y
b1000001101111101 ^
b1001111100100110 A
b1001111100100110 I
b1001111100100110 K
b11011110010110 ?
b11011110010110 E
b11011110010110 J
b0 -
b0 6
b1111111101111000 +
b1111111101111000 5
b1111111101111000 Q
b1111111101111000 [
b101011110000110 *
b101011110000110 4
b101011110000110 P
b101011110000110 Z
b111111011100 (
b111111011100 3
b111111011100 O
b111111011100 W
b1000001101111101 '
b1000001101111101 2
b1000001101111101 N
b1000001101111101 V
b1101010110110 &
b1101010110110 1
b1101010110110 =
b1101010110110 G
b1001111100100110 %
b1001111100100110 0
b1001111100100110 <
b1001111100100110 F
b10000111000000 $
b10000111000000 /
b10000111000000 ;
b10000111000000 C
b11011110010110 #
b11011110010110 .
b11011110010110 :
b11011110010110 B
b10111 ,
#185
b10000111000000 "
b10000111000000 8
b10000111000000 e
b10000111000000 !
b10000111000000 7
b10000111000000 @
b10000111000000 M
b10000111000000 b
b111111011100 9
b111111011100 T
b111111011100 a
b111111011100 c
b10000111000000 ?
b10000111000000 E
b10000111000000 J
b1101010110110 A
b1101010110110 I
b1101010110110 K
b111111011100 S
b111111011100 Y
b111111011100 ^
b1111111101111000 U
b1111111101111000 ]
b1111111101111000 _
1D
1H
1X
1\
b1 >
b1 R
b1 -
b1 6
#186
b1001111100100110 "
b1001111100100110 8
b1001111100100110 e
b1001111100100110 !
b11011110010110 ?
b11011110010110 E
b11011110010110 J
b1001111100100110 A
b1001111100100110 I
b1001111100100110 K
b1001111100100110 7
b1001111100100110 @
b1001111100100110 M
b1001111100100110 b
b1000001101111101 S
b1000001101111101 Y
b1000001101111101 ^
b101011110000110 U
b101011110000110 ]
b101011110000110 _
b101011110000110 9
b101011110000110 T
b101011110000110 a
b101011110000110 c
0D
0H
1L
0X
0\
1`
b10 >
b10 R
b10 -
b10 6
#187
b1101010110110 "
b1101010110110 8
b1101010110110 e
b1101010110110 !
b1101010110110 7
b1101010110110 @
b1101010110110 M
b1101010110110 b
b1111111101111000 9
b1111111101111000 T
b1111111101111000 a
b1111111101111000 c
b10000111000000 ?
b10000111000000 E
b10000111000000 J
b1101010110110 A
b1101010110110 I
b1101010110110 K
b111111011100 S
b111111011100 Y
b111111011100 ^
b1111111101111000 U
b1111111101111000 ]
b1111111101111000 _
1D
1H
1X
1\
b11 >
b11 R
b11 -
b11 6
#188
b11011110010110 ?
b11011110010110 E
b11011110010110 J
b1001111100100110 A
b1001111100100110 I
b1001111100100110 K
b11011110010110 7
b11011110010110 @
b11011110010110 M
b11011110010110 b
b1000001101111101 S
b1000001101111101 Y
b1000001101111101 ^
b101011110000110 U
b101011110000110 ]
b101011110000110 _
b1000001101111101 9
b1000001101111101 T
b1000001101111101 a
b1000001101111101 c
b1000001101111101 !
0D
0H
0L
0X
0\
0`
b1000001101111101 "
b1000001101111101 8
b1000001101111101 e
b0 >
b0 R
1d
b100 -
b100 6
#189
b111111011100 "
b111111011100 8
b111111011100 e
b111111011100 !
b10000111000000 7
b10000111000000 @
b10000111000000 M
b10000111000000 b
b111111011100 9
b111111011100 T
b111111011100 a
b111111011100 c
b10000111000000 ?
b10000111000000 E
b10000111000000 J
b1101010110110 A
b1101010110110 I
b1101010110110 K
b111111011100 S
b111111011100 Y
b111111011100 ^
b1111111101111000 U
b1111111101111000 ]
b1111111101111000 _
1D
1H
1X
1\
b1 >
b1 R
b101 -
b101 6
#190
b101011110000110 "
b101011110000110 8
b101011110000110 e
b101011110000110 !
b11011110010110 ?
b11011110010110 E
b11011110010110 J
b1001111100100110 A
b1001111100100110 I
b1001111100100110 K
b1001111100100110 7
b1001111100100110 @
b1001111100100110 M
b1001111100100110 b
b1000001101111101 S
b1000001101111101 Y
b1000001101111101 ^
b101011110000110 U
b101011110000110 ]
b101011110000110 _
b101011110000110 9
b101011110000110 T
b101011110000110 a
b101011110000110 c
0D
0H
1L
0X
0\
1`
b10 >
b10 R
b110 -
b110 6
#191
b1111111101111000 "
b1111111101111000 8
b1111111101111000 e
b1111111101111000 !
b1101010110110 7
b1101010110110 @
b1101010110110 M
b1101010110110 b
b1111111101111000 9
b1111111101111000 T
b1111111101111000 a
b1111111101111000 c
b10000111000000 ?
b10000111000000 E
b10000111000000 J
b1101010110110 A
b1101010110110 I
b1101010110110 K
b111111011100 S
b111111011100 Y
b111111011100 ^
b1111111101111000 U
b1111111101111000 ]
b1111111101111000 _
1D
1H
1X
1\
b11 >
b11 R
b111 -
b111 6
#192
b1001101101111110 !
0D
0H
0L
0X
0\
0`
b1001101101111110 "
b1001101101111110 8
b1001101101111110 e
b1110010011111010 9
b1110010011111010 T
b1110010011111010 a
b1110010011111010 c
b1001101101111110 7
b1001101101111110 @
b1001101101111110 M
b1001101101111110 b
b0 >
b0 R
0d
b100100010111 U
b100100010111 ]
b100100010111 _
b1110010011111010 S
b1110010011111010 Y
b1110010011111010 ^
b1011011011001111 A
b1011011011001111 I
b1011011011001111 K
b1001101101111110 ?
b1001101101111110 E
b1001101101111110 J
b0 -
b0 6
b111100010100001 +
b111100010100001 5
b111100010100001 Q
b111100010100001 [
b100100010111 *
b100100010111 4
b100100010111 P
b100100010111 Z
b1110111001100001 (
b1110111001100001 3
b1110111001100001 O
b1110111001100001 W
b1110010011111010 '
b1110010011111010 2
b1110010011111010 N
b1110010011111010 V
b10101101111001 &
b10101101111001 1
b10101101111001 =
b10101101111001 G
b1011011011001111 %
b1011011011001111 0
b1011011011001111 <
b1011011011001111 F
b1000000011011011 $
b1000000011011011 /
b1000000011011011 ;
b1000000011011011 C
b1001101101111110 #
b1001101101111110 .
b1001101101111110 :
b1001101101111110 B
b11000 ,
#193
b1000000011011011 "
b1000000011011011 8
b1000000011011011 e
b1000000011011011 !
b1000000011011011 7
b1000000011011011 @
b1000000011011011 M
b1000000011011011 b
b1110111001100001 9
b1110111001100001 T
b1110111001100001 a
b1110111001100001 c
b1000000011011011 ?
b1000000011011011 E
b1000000011011011 J
b10101101111001 A
b10101101111001 I
b10101101111001 K
b1110111001100001 S
b1110111001100001 Y
b1110111001100001 ^
b111100010100001 U
b111100010100001 ]
b111100010100001 _
1D
1H
1X
1\
b1 >
b1 R
b1 -
b1 6
#194
b1011011011001111 "
b1011011011001111 8
b1011011011001111 e
b1011011011001111 !
b1001101101111110 ?
b1001101101111110 E
b1001101101111110 J
b1011011011001111 A
b1011011011001111 I
b1011011011001111 K
b1011011011001111 7
b1011011011001111 @
b1011011011001111 M
b1011011011001111 b
b1110010011111010 S
b1110010011111010 Y
b1110010011111010 ^
b100100010111 U
b100100010111 ]
b100100010111 _
b100100010111 9
b100100010111 T
b100100010111 a
b100100010111 c
0D
0H
1L
0X
0\
1`
b10 >
b10 R
b10 -
b10 6
#195
b10101101111001 "
b10101101111001 8
b10101101111001 e
b10101101111001 !
b10101101111001 7
b10101101111001 @
b10101101111001 M
b10101101111001 b
b111100010100001 9
b111100010100001 T
b111100010100001 a
b111100010100001 c
b1000000011011011 ?
b1000000011011011 E
b1000000011011011 J
b10101101111001 A
b10101101111001 I
b10101101111001 K
b1110111001100001 S
b1110111001100001 Y
b1110111001100001 ^
b111100010100001 U
b111100010100001 ]
b111100010100001 _
1D
1H
1X
1\
b11 >
b11 R
b11 -
b11 6
#196
b1001101101111110 ?
b1001101101111110 E
b1001101101111110 J
b1011011011001111 A
b1011011011001111 I
b1011011011001111 K
b1001101101111110 7
b1001101101111110 @
b1001101101111110 M
b1001101101111110 b
b1110010011111010 S
b1110010011111010 Y
b1110010011111010 ^
b100100010111 U
b100100010111 ]
b100100010111 _
b1110010011111010 9
b1110010011111010 T
b1110010011111010 a
b1110010011111010 c
b1110010011111010 !
0D
0H
0L
0X
0\
0`
b1110010011111010 "
b1110010011111010 8
b1110010011111010 e
b0 >
b0 R
1d
b100 -
b100 6
#197
b1110111001100001 "
b1110111001100001 8
b1110111001100001 e
b1110111001100001 !
b1000000011011011 7
b1000000011011011 @
b1000000011011011 M
b1000000011011011 b
b1110111001100001 9
b1110111001100001 T
b1110111001100001 a
b1110111001100001 c
b1000000011011011 ?
b1000000011011011 E
b1000000011011011 J
b10101101111001 A
b10101101111001 I
b10101101111001 K
b1110111001100001 S
b1110111001100001 Y
b1110111001100001 ^
b111100010100001 U
b111100010100001 ]
b111100010100001 _
1D
1H
1X
1\
b1 >
b1 R
b101 -
b101 6
#198
b100100010111 "
b100100010111 8
b100100010111 e
b100100010111 !
b1001101101111110 ?
b1001101101111110 E
b1001101101111110 J
b1011011011001111 A
b1011011011001111 I
b1011011011001111 K
b1011011011001111 7
b1011011011001111 @
b1011011011001111 M
b1011011011001111 b
b1110010011111010 S
b1110010011111010 Y
b1110010011111010 ^
b100100010111 U
b100100010111 ]
b100100010111 _
b100100010111 9
b100100010111 T
b100100010111 a
b100100010111 c
0D
0H
1L
0X
0\
1`
b10 >
b10 R
b110 -
b110 6
#199
b111100010100001 "
b111100010100001 8
b111100010100001 e
b111100010100001 !
b10101101111001 7
b10101101111001 @
b10101101111001 M
b10101101111001 b
b111100010100001 9
b111100010100001 T
b111100010100001 a
b111100010100001 c
b1000000011011011 ?
b1000000011011011 E
b1000000011011011 J
b10101101111001 A
b10101101111001 I
b10101101111001 K
b1110111001100001 S
b1110111001100001 Y
b1110111001100001 ^
b111100010100001 U
b111100010100001 ]
b111100010100001 _
1D
1H
1X
1\
b11 >
b11 R
b111 -
b111 6
#200
b1001000110000110 !
0D
0H
0L
0X
0\
0`
b1001000110000110 "
b1001000110000110 8
b1001000110000110 e
b1000101000101001 9
b1000101000101001 T
b1000101000101001 a
b1000101000101001 c
b1001000110000110 7
b1001000110000110 @
b1001000110000110 M
b1001000110000110 b
b0 >
b0 R
0d
b111010011000101 U
b111010011000101 ]
b111010011000101 _
b1000101000101001 S
b1000101000101001 Y
b1000101000101001 ^
b101100111110101 A
b101100111110101 I
b101100111110101 K
b1001000110000110 ?
b1001000110000110 E
b1001000110000110 J
b0 -
b0 6
b1011010010011000 +
b1011010010011000 5
b1011010010011000 Q
b1011010010011000 [
b111010011000101 *
b111010011000101 4
b111010011000101 P
b111010011000101 Z
b111010111000001 (
b111010111000001 3
b111010111000001 O
b111010111000001 W
b1000101000101001 '
b1000101000101001 2
b1000101000101001 N
b1000101000101001 V
b1000100000110101 &
b1000100000110101 1
b1000100000110101 =
b1000100000110101 G
b101100111110101 %
b101100111110101 0
b101100111110101 <
b101100111110101 F
b1001011001010000 $
b1001011001010000 /
b1001011001010000 ;
b1001011001010000 C
b1001000110000110 #
b1001000110000110 .
b1001000110000110 :
b1001000110000110 B
b11001 ,
#201
b1001011001010000 "
b1001011001010000 8
b1001011001010000 e
b1001011001010000 !
b1001011001010000 7
b1001011001010000 @
b1001011001010000 M
b1001011001010000 b
b111010111000001 9
b111010111000001 T
b111010111000001 a
b111010111000001 c
b1001011001010000 ?
b1001011001010000 E
b1001011001010000 J
b1000100000110101 A
b1000100000110101 I
b1000100000110101 K
b111010111000001 S
b111010111000001 Y
b111010111000001 ^
b1011010010011000 U
b1011010010011000 ]
b1011010010011000 _
1D
1H
1X
1\
b1 >
b1 R
b1 -
b1 6
#202
b101100111110101 "
b101100111110101 8
b101100111110101 e
b101100111110101 !
b1001000110000110 ?
b1001000110000110 E
b1001000110000110 J
b101100111110101 A
b101100111110101 I
b101100111110101 K
b101100111110101 7
b101100111110101 @
b101100111110101 M
b101100111110101 b
b1000101000101001 S
b1000101000101001 Y
b1000101000101001 ^
b111010011000101 U
b111010011000101 ]
b111010011000101 _
b111010011000101 9
b111010011000101 T
b111010011000101 a
b111010011000101 c
0D
0H
1L
0X
0\
1`
b10 >
b10 R
b10 -
b10 6
#203
b1000100000110101 "
b1000100000110101 8
b1000100000110101 e
b1000100000110101 !
b1000100000110101 7
b1000100000110101 @
b1000100000110101 M
b1000100000110101 b
b1011010010011000 9
b1011010010011000 T
b1011010010011000 a
b1011010010011000 c
b1001011001010000 ?
b1001011001010000 E
b1001011001010000 J
b1000100000110101 A
b1000100000110101 I
b1000100000110101 K
b111010111000001 S
b111010111000001 Y
b111010111000001 ^
b1011010010011000 U
b1011010010011000 ]
b1011010010011000 _
1D
1H
1X
1\
b11 >
b11 R
b11 -
b11 6
#204
b1001000110000110 ?
b1001000110000110 E
b1001000110000110 J
b101100111110101 A
b101100111110101 I
b101100111110101 K
b1001000110000110 7
b1001000110000110 @
b1001000110000110 M
b1001000110000110 b
b1000101000101001 S
b1000101000101001 Y
b1000101000101001 ^
b111010011000101 U
b111010011000101 ]
b111010011000101 _
b1000101000101001 9
b1000101000101001 T
b1000101000101001 a
b1000101000101001 c
b1000101000101001 !
0D
0H
0L
0X
0\
0`
b1000101000101001 "
b1000101000101001 8
b1000101000101001 e
b0 >
b0 R
1d
b100 -
b100 6
#205
b111010111000001 "
b111010111000001 8
b111010111000001 e
b111010111000001 !
b1001011001010000 7
b1001011001010000 @
b1001011001010000 M
b1001011001010000 b
b111010111000001 9
b111010111000001 T
b111010111000001 a
b111010111000001 c
b1001011001010000 ?
b1001011001010000 E
b1001011001010000 J
b1000100000110101 A
b1000100000110101 I
b1000100000110101 K
b111010111000001 S
b111010111000001 Y
b111010111000001 ^
b1011010010011000 U
b1011010010011000 ]
b1011010010011000 _
1D
1H
1X
1\
b1 >
b1 R
b101 -
b101 6
#206
b111010011000101 "
b111010011000101 8
b111010011000101 e
b111010011000101 !
b1001000110000110 ?
b1001000110000110 E
b1001000110000110 J
b101100111110101 A
b101100111110101 I
b101100111110101 K
b101100111110101 7
b101100111110101 @
b101100111110101 M
b101100111110101 b
b1000101000101001 S
b1000101000101001 Y
b1000101000101001 ^
b111010011000101 U
b111010011000101 ]
b111010011000101 _
b111010011000101 9
b111010011000101 T
b111010011000101 a
b111010011000101 c
0D
0H
1L
0X
0\
1`
b10 >
b10 R
b110 -
b110 6
#207
b1011010010011000 "
b1011010010011000 8
b1011010010011000 e
b1011010010011000 !
b1000100000110101 7
b1000100000110101 @
b1000100000110101 M
b1000100000110101 b
b1011010010011000 9
b1011010010011000 T
b1011010010011000 a
b1011010010011000 c
b1001011001010000 ?
b1001011001010000 E
b1001011001010000 J
b1000100000110101 A
b1000100000110101 I
b1000100000110101 K
b111010111000001 S
b111010111000001 Y
b111010111000001 ^
b1011010010011000 U
b1011010010011000 ]
b1011010010011000 _
1D
1H
1X
1\
b11 >
b11 R
b111 -
b111 6
#208
b111101101001011 !
0D
0H
0L
0X
0\
0`
b111101101001011 "
b111101101001011 8
b111101101001011 e
b1101000101001110 9
b1101000101001110 T
b1101000101001110 a
b1101000101001110 c
b111101101001011 7
b111101101001011 @
b111101101001011 M
b111101101001011 b
b0 >
b0 R
0d
b1111110110101001 U
b1111110110101001 ]
b1111110110101001 _
b1101000101001110 S
b1101000101001110 Y
b1101000101001110 ^
b1110011011101100 A
b1110011011101100 I
b1110011011101100 K
b111101101001011 ?
b111101101001011 E
b111101101001011 J
b0 -
b0 6
b1000110010100001 +
b1000110010100001 5
b1000110010100001 Q
b1000110010100001 [
b1111110110101001 *
b1111110110101001 4
b1111110110101001 P
b1111110110101001 Z
b1000000010101000 (
b1000000010101000 3
b1000000010101000 O
b1000000010101000 W
b1101000101001110 '
b1101000101001110 2
b1101000101001110 N
b1101000101001110 V
b1011010001010 &
b1011010001010 1
b1011010001010 =
b1011010001010 G
b1110011011101100 %
b1110011011101100 0
b1110011011101100 <
b1110011011101100 F
b100001001110011 $
b100001001110011 /
b100001001110011 ;
b100001001110011 C
b111101101001011 #
b111101101001011 .
b111101101001011 :
b111101101001011 B
b11010 ,
#209
b100001001110011 "
b100001001110011 8
b100001001110011 e
b100001001110011 !
b100001001110011 7
b100001001110011 @
b100001001110011 M
b100001001110011 b
b1000000010101000 9
b1000000010101000 T
b1000000010101000 a
b1000000010101000 c
b100001001110011 ?
b100001001110011 E
b100001001110011 J
b1011010001010 A
b1011010001010 I
b1011010001010 K
b1000000010101000 S
b1000000010101000 Y
b1000000010101000 ^
b1000110010100001 U
b1000110010100001 ]
b1000110010100001 _
1D
1H
1X
1\
b1 >
b1 R
b1 -
b1 6
#210
b1110011011101100 "
b1110011011101100 8
b1110011011101100 e
b1110011011101100 !
b111101101001011 ?
b111101101001011 E
b111101101001011 J
b1110011011101100 A
b1110011011101100 I
b1110011011101100 K
b1110011011101100 7
b1110011011101100 @
b1110011011101100 M
b1110011011101100 b
b1101000101001110 S
b1101000101001110 Y
b1101000101001110 ^
b1111110110101001 U
b1111110110101001 ]
b1111110110101001 _
b1111110110101001 9
b1111110110101001 T
b1111110110101001 a
b1111110110101001 c
0D
0H
1L
0X
0\
1`
b10 >
b10 R
b10 -
b10 6
#211
b1011010001010 "
b1011010001010 8
b1011010001010 e
b1011010001010 !
b1011010001010 7
b1011010001010 @
b1011010001010 M
b1011010001010 b
b1000110010100001 9
b1000110010100001 T
b1000110010100001 a
b1000110010100001 c
b100001001110011 ?
b100001001110011 E
b100001001110011 J
b1011010001010 A
b1011010001010 I
b1011010001010 K
b1000000010101000 S
b1000000010101000 Y
b1000000010101000 ^
b1000110010100001 U
b1000110010100001 ]
b1000110010100001 _
1D
1H
1X
1\
b11 >
b11 R
b11 -
b11 6
#212
b111101101001011 ?
b111101101001011 E
b111101101001011 J
b1110011011101100 A
b1110011011101100 I
b1110011011101100 K
b111101101001011 7
b111101101001011 @
b111101101001011 M
b111101101001011 b
b1101000101001110 S
b1101000101001110 Y
b1101000101001110 ^
b1111110110101001 U
b1111110110101001 ]
b1111110110101001 _
b1101000101001110 9
b1101000101001110 T
b1101000101001110 a
b1101000101001110 c
b1101000101001110 !
0D
0H
0L
0X
0\
0`
b1101000101001110 "
b1101000101001110 8
b1101000101001110 e
b0 >
b0 R
1d
b100 -
b100 6
#213
b1000000010101000 "
b1000000010101000 8
b1000000010101000 e
b1000000010101000 !
b100001001110011 7
b100001001110011 @
b100001001110011 M
b100001001110011 b
b1000000010101000 9
b1000000010101000 T
b1000000010101000 a
b1000000010101000 c
b100001001110011 ?
b100001001110011 E
b100001001110011 J
b1011010001010 A
b1011010001010 I
b1011010001010 K
b1000000010101000 S
b1000000010101000 Y
b1000000010101000 ^
b1000110010100001 U
b1000110010100001 ]
b1000110010100001 _
1D
1H
1X
1\
b1 >
b1 R
b101 -
b101 6
#214
b1111110110101001 "
b1111110110101001 8
b1111110110101001 e
b1111110110101001 !
b111101101001011 ?
b111101101001011 E
b111101101001011 J
b1110011011101100 A
b1110011011101100 I
b1110011011101100 K
b1110011011101100 7
b1110011011101100 @
b1110011011101100 M
b1110011011101100 b
b1101000101001110 S
b1101000101001110 Y
b1101000101001110 ^
b1111110110101001 U
b1111110110101001 ]
b1111110110101001 _
b1111110110101001 9
b1111110110101001 T
b1111110110101001 a
b1111110110101001 c
0D
0H
1L
0X
0\
1`
b10 >
b10 R
b110 -
b110 6
#215
b1000110010100001 "
b1000110010100001 8
b1000110010100001 e
b1000110010100001 !
b1011010001010 7
b1011010001010 @
b1011010001010 M
b1011010001010 b
b1000110010100001 9
b1000110010100001 T
b1000110010100001 a
b1000110010100001 c
b100001001110011 ?
b100001001110011 E
b100001001110011 J
b1011010001010 A
b1011010001010 I
b1011010001010 K
b1000000010101000 S
b1000000010101000 Y
b1000000010101000 ^
b1000110010100001 U
b1000110010100001 ]
b1000110010100001 _
1D
1H
1X
1\
b11 >
b11 R
b111 -
b111 6
#216
b1011100100001110 !
0D
0H
0L
0X
0\
0`
b1011100100001110 "
b1011100100001110 8
b1011100100001110 e
b1110100101010 9
b1110100101010 T
b1110100101010 a
b1110100101010 c
b1011100100001110 7
b1011100100001110 @
b1011100100001110 M
b1011100100001110 b
b0 >
b0 R
0d
b1111111110011110 U
b1111111110011110 ]
b1111111110011110 _
b1110100101010 S
b1110100101010 Y
b1110100101010 ^
b1100000010011111 A
b1100000010011111 I
b1100000010011111 K
b1011100100001110 ?
b1011100100001110 E
b1011100100001110 J
b0 -
b0 6
b1110011000111000 +
b1110011000111000 5
b1110011000111000 Q
b1110011000111000 [
b1111111110011110 *
b1111111110011110 4
b1111111110011110 P
b1111111110011110 Z
b1111010010001101 (
b1111010010001101 3
b1111010010001101 O
b1111010010001101 W
b1110100101010 '
b1110100101010 2
b1110100101010 N
b1110100101010 V
b1011010100101010 &
b1011010100101010 1
b1011010100101010 =
b1011010100101010 G
b1100000010011111 %
b1100000010011111 0
b1100000010011111 <
b1100000010011111 F
b110011011100110 $
b110011011100110 /
b110011011100110 ;
b110011011100110 C
b1011100100001110 #
b1011100100001110 .
b1011100100001110 :
b1011100100001110 B
b11011 ,
#217
b110011011100110 "
b110011011100110 8
b110011011100110 e
b110011011100110 !
b110011011100110 7
b110011011100110 @
b110011011100110 M
b110011011100110 b
b1111010010001101 9
b1111010010001101 T
b1111010010001101 a
b1111010010001101 c
b110011011100110 ?
b110011011100110 E
b110011011100110 J
b1011010100101010 A
b1011010100101010 I
b1011010100101010 K
b1111010010001101 S
b1111010010001101 Y
b1111010010001101 ^
b1110011000111000 U
b1110011000111000 ]
b1110011000111000 _
1D
1H
1X
1\
b1 >
b1 R
b1 -
b1 6
#218
b1100000010011111 "
b1100000010011111 8
b1100000010011111 e
b1100000010011111 !
b1011100100001110 ?
b1011100100001110 E
b1011100100001110 J
b1100000010011111 A
b1100000010011111 I
b1100000010011111 K
b1100000010011111 7
b1100000010011111 @
b1100000010011111 M
b1100000010011111 b
b1110100101010 S
b1110100101010 Y
b1110100101010 ^
b1111111110011110 U
b1111111110011110 ]
b1111111110011110 _
b1111111110011110 9
b1111111110011110 T
b1111111110011110 a
b1111111110011110 c
0D
0H
1L
0X
0\
1`
b10 >
b10 R
b10 -
b10 6
#219
b1011010100101010 "
b1011010100101010 8
b1011010100101010 e
b1011010100101010 !
b1011010100101010 7
b1011010100101010 @
b1011010100101010 M
b1011010100101010 b
b1110011000111000 9
b1110011000111000 T
b1110011000111000 a
b1110011000111000 c
b110011011100110 ?
b110011011100110 E
b110011011100110 J
b1011010100101010 A
b1011010100101010 I
b1011010100101010 K
b1111010010001101 S
b1111010010001101 Y
b1111010010001101 ^
b1110011000111000 U
b1110011000111000 ]
b1110011000111000 _
1D
1H
1X
1\
b11 >
b11 R
b11 -
b11 6
#220
b1011100100001110 ?
b1011100100001110 E
b1011100100001110 J
b1100000010011111 A
b1100000010011111 I
b1100000010011111 K
b1011100100001110 7
b1011100100001110 @
b1011100100001110 M
b1011100100001110 b
b1110100101010 S
b1110100101010 Y
b1110100101010 ^
b1111111110011110 U
b1111111110011110 ]
b1111111110011110 _
b1110100101010 9
b1110100101010 T
b1110100101010 a
b1110100101010 c
b1110100101010 !
0D
0H
0L
0X
0\
0`
b1110100101010 "
b1110100101010 8
b1110100101010 e
b0 >
b0 R
1d
b100 -
b100 6
#221
b1111010010001101 "
b1111010010001101 8
b1111010010001101 e
b1111010010001101 !
b110011011100110 7
b110011011100110 @
b110011011100110 M
b110011011100110 b
b1111010010001101 9
b1111010010001101 T
b1111010010001101 a
b1111010010001101 c
b110011011100110 ?
b110011011100110 E
b110011011100110 J
b1011010100101010 A
b1011010100101010 I
b1011010100101010 K
b1111010010001101 S
b1111010010001101 Y
b1111010010001101 ^
b1110011000111000 U
b1110011000111000 ]
b1110011000111000 _
1D
1H
1X
1\
b1 >
b1 R
b101 -
b101 6
#222
b1111111110011110 "
b1111111110011110 8
b1111111110011110 e
b1111111110011110 !
b1011100100001110 ?
b1011100100001110 E
b1011100100001110 J
b1100000010011111 A
b1100000010011111 I
b1100000010011111 K
b1100000010011111 7
b1100000010011111 @
b1100000010011111 M
b1100000010011111 b
b1110100101010 S
b1110100101010 Y
b1110100101010 ^
b1111111110011110 U
b1111111110011110 ]
b1111111110011110 _
b1111111110011110 9
b1111111110011110 T
b1111111110011110 a
b1111111110011110 c
0D
0H
1L
0X
0\
1`
b10 >
b10 R
b110 -
b110 6
#223
b1110011000111000 "
b1110011000111000 8
b1110011000111000 e
b1110011000111000 !
b1011010100101010 7
b1011010100101010 @
b1011010100101010 M
b1011010100101010 b
b1110011000111000 9
b1110011000111000 T
b1110011000111000 a
b1110011000111000 c
b110011011100110 ?
b110011011100110 E
b110011011100110 J
b1011010100101010 A
b1011010100101010 I
b1011010100101010 K
b1111010010001101 S
b1111010010001101 Y
b1111010010001101 ^
b1110011000111000 U
b1110011000111000 ]
b1110011000111000 _
1D
1H
1X
1\
b11 >
b11 R
b111 -
b111 6
#224
b1010100001111001 !
0D
0H
0L
0X
0\
0`
b1010100001111001 "
b1010100001111001 8
b1010100001111001 e
b1100100101101011 9
b1100100101101011 T
b1100100101101011 a
b1100100101101011 c
b1010100001111001 7
b1010100001111001 @
b1010100001111001 M
b1010100001111001 b
b0 >
b0 R
0d
b1101110110110110 U
b1101110110110110 ]
b1101110110110110 _
b1100100101101011 S
b1100100101101011 Y
b1100100101101011 ^
b100010111001010 A
b100010111001010 I
b100010111001010 K
b1010100001111001 ?
b1010100001111001 E
b1010100001111001 J
b0 -
b0 6
b1001110110111010 +
b1001110110111010 5
b1001110110111010 Q
b1001110110111010 [
b1101110110110110 *
b1101110110110110 4
b1101110110110110 P
b1101110110110110 Z
b1010111011000111 (
b1010111011000111 3
b1010111011000111 O
b1010111011000111 W
b1100100101101011 '
b1100100101101011 2
b1100100101101011 N
b1100100101101011 V
b100000100010011 &
b100000100010011 1
b100000100010011 =
b100000100010011 G
b100010111001010 %
b100010111001010 0
b100010111001010 <
b100010111001010 F
b1110001111001000 $
b1110001111001000 /
b1110001111001000 ;
b1110001111001000 C
b1010100001111001 #
b1010100001111001 .
b1010100001111001 :
b1010100001111001 B
b11100 ,
#225
b1110001111001000 "
b1110001111001000 8
b1110001111001000 e
b1110001111001000 !
b1110001111001000 7
b1110001111001000 @
b1110001111001000 M
b1110001111001000 b
b1010111011000111 9
b1010111011000111 T
b1010111011000111 a
b1010111011000111 c
b1110001111001000 ?
b1110001111001000 E
b1110001111001000 J
b100000100010011 A
b100000100010011 I
b100000100010011 K
b1010111011000111 S
b1010111011000111 Y
b1010111011000111 ^
b1001110110111010 U
b1001110110111010 ]
b1001110110111010 _
1D
1H
1X
1\
b1 >
b1 R
b1 -
b1 6
#226
b100010111001010 "
b100010111001010 8
b100010111001010 e
b100010111001010 !
b1010100001111001 ?
b1010100001111001 E
b1010100001111001 J
b100010111001010 A
b100010111001010 I
b100010111001010 K
b100010111001010 7
b100010111001010 @
b100010111001010 M
b100010111001010 b
b1100100101101011 S
b1100100101101011 Y
b1100100101101011 ^
b1101110110110110 U
b1101110110110110 ]
b1101110110110110 _
b1101110110110110 9
b1101110110110110 T
b1101110110110110 a
b1101110110110110 c
0D
0H
1L
0X
0\
1`
b10 >
b10 R
b10 -
b10 6
#227
b100000100010011 "
b100000100010011 8
b100000100010011 e
b100000100010011 !
b100000100010011 7
b100000100010011 @
b100000100010011 M
b100000100010011 b
b1001110110111010 9
b1001110110111010 T
b1001110110111010 a
b1001110110111010 c
b1110001111001000 ?
b1110001111001000 E
b1110001111001000 J
b100000100010011 A
b100000100010011 I
b100000100010011 K
b1010111011000111 S
b1010111011000111 Y
b1010111011000111 ^
b1001110110111010 U
b1001110110111010 ]
b1001110110111010 _
1D
1H
1X
1\
b11 >
b11 R
b11 -
b11 6
#228
b1010100001111001 ?
b1010100001111001 E
b1010100001111001 J
b100010111001010 A
b100010111001010 I
b100010111001010 K
b1010100001111001 7
b1010100001111001 @
b1010100001111001 M
b1010100001111001 b
b1100100101101011 S
b1100100101101011 Y
b1100100101101011 ^
b1101110110110110 U
b1101110110110110 ]
b1101110110110110 _
b1100100101101011 9
b1100100101101011 T
b1100100101101011 a
b1100100101101011 c
b1100100101101011 !
0D
0H
0L
0X
0\
0`
b1100100101101011 "
b1100100101101011 8
b1100100101101011 e
b0 >
b0 R
1d
b100 -
b100 6
#229
b1010111011000111 "
b1010111011000111 8
b1010111011000111 e
b1010111011000111 !
b1110001111001000 7
b1110001111001000 @
b1110001111001000 M
b1110001111001000 b
b1010111011000111 9
b1010111011000111 T
b1010111011000111 a
b1010111011000111 c
b1110001111001000 ?
b1110001111001000 E
b1110001111001000 J
b100000100010011 A
b100000100010011 I
b100000100010011 K
b1010111011000111 S
b1010111011000111 Y
b1010111011000111 ^
b1001110110111010 U
b1001110110111010 ]
b1001110110111010 _
1D
1H
1X
1\
b1 >
b1 R
b101 -
b101 6
#230
b1101110110110110 "
b1101110110110110 8
b1101110110110110 e
b1101110110110110 !
b1010100001111001 ?
b1010100001111001 E
b1010100001111001 J
b100010111001010 A
b100010111001010 I
b100010111001010 K
b100010111001010 7
b100010111001010 @
b100010111001010 M
b100010111001010 b
b1100100101101011 S
b1100100101101011 Y
b1100100101101011 ^
b1101110110110110 U
b1101110110110110 ]
b1101110110110110 _
b1101110110110110 9
b1101110110110110 T
b1101110110110110 a
b1101110110110110 c
0D
0H
1L
0X
0\
1`
b10 >
b10 R
b110 -
b110 6
#231
b1001110110111010 "
b1001110110111010 8
b1001110110111010 e
b1001110110111010 !
b100000100010011 7
b100000100010011 @
b100000100010011 M
b100000100010011 b
b1001110110111010 9
b1001110110111010 T
b1001110110111010 a
b1001110110111010 c
b1110001111001000 ?
b1110001111001000 E
b1110001111001000 J
b100000100010011 A
b100000100010011 I
b100000100010011 K
b1010111011000111 S
b1010111011000111 Y
b1010111011000111 ^
b1001110110111010 U
b1001110110111010 ]
b1001110110111010 _
1D
1H
1X
1\
b11 >
b11 R
b111 -
b111 6
#232
b1010101111000100 !
0D
0H
0L
0X
0\
0`
b1010101111000100 "
b1010101111000100 8
b1010101111000100 e
b11101101111111 9
b11101101111111 T
b11101101111111 a
b11101101111111 c
b1010101111000100 7
b1010101111000100 @
b1010101111000100 M
b1010101111000100 b
b0 >
b0 R
0d
b1111010111111010 U
b1111010111111010 ]
b1111010111111010 _
b11101101111111 S
b11101101111111 Y
b11101101111111 ^
b1101001110010010 A
b1101001110010010 I
b1101001110010010 K
b1010101111000100 ?
b1010101111000100 E
b1010101111000100 J
b0 -
b0 6
b1001010011110010 +
b1001010011110010 5
b1001010011110010 Q
b1001010011110010 [
b1111010111111010 *
b1111010111111010 4
b1111010111111010 P
b1111010111111010 Z
b1001000010000110 (
b1001000010000110 3
b1001000010000110 O
b1001000010000110 W
b11101101111111 '
b11101101111111 2
b11101101111111 N
b11101101111111 V
b1001101010110100 &
b1001101010110100 1
b1001101010110100 =
b1001101010110100 G
b1101001110010010 %
b1101001110010010 0
b1101001110010010 <
b1101001110010010 F
b1001010110111001 $
b1001010110111001 /
b1001010110111001 ;
b1001010110111001 C
b1010101111000100 #
b1010101111000100 .
b1010101111000100 :
b1010101111000100 B
b11101 ,
#233
b1001010110111001 "
b1001010110111001 8
b1001010110111001 e
b1001010110111001 !
b1001010110111001 7
b1001010110111001 @
b1001010110111001 M
b1001010110111001 b
b1001000010000110 9
b1001000010000110 T
b1001000010000110 a
b1001000010000110 c
b1001010110111001 ?
b1001010110111001 E
b1001010110111001 J
b1001101010110100 A
b1001101010110100 I
b1001101010110100 K
b1001000010000110 S
b1001000010000110 Y
b1001000010000110 ^
b1001010011110010 U
b1001010011110010 ]
b1001010011110010 _
1D
1H
1X
1\
b1 >
b1 R
b1 -
b1 6
#234
b1101001110010010 "
b1101001110010010 8
b1101001110010010 e
b1101001110010010 !
b1010101111000100 ?
b1010101111000100 E
b1010101111000100 J
b1101001110010010 A
b1101001110010010 I
b1101001110010010 K
b1101001110010010 7
b1101001110010010 @
b1101001110010010 M
b1101001110010010 b
b11101101111111 S
b11101101111111 Y
b11101101111111 ^
b1111010111111010 U
b1111010111111010 ]
b1111010111111010 _
b1111010111111010 9
b1111010111111010 T
b1111010111111010 a
b1111010111111010 c
0D
0H
1L
0X
0\
1`
b10 >
b10 R
b10 -
b10 6
#235
b1001101010110100 "
b1001101010110100 8
b1001101010110100 e
b1001101010110100 !
b1001101010110100 7
b1001101010110100 @
b1001101010110100 M
b1001101010110100 b
b1001010011110010 9
b1001010011110010 T
b1001010011110010 a
b1001010011110010 c
b1001010110111001 ?
b1001010110111001 E
b1001010110111001 J
b1001101010110100 A
b1001101010110100 I
b1001101010110100 K
b1001000010000110 S
b1001000010000110 Y
b1001000010000110 ^
b1001010011110010 U
b1001010011110010 ]
b1001010011110010 _
1D
1H
1X
1\
b11 >
b11 R
b11 -
b11 6
#236
b1010101111000100 ?
b1010101111000100 E
b1010101111000100 J
b1101001110010010 A
b1101001110010010 I
b1101001110010010 K
b1010101111000100 7
b1010101111000100 @
b1010101111000100 M
b1010101111000100 b
b11101101111111 S
b11101101111111 Y
b11101101111111 ^
b1111010111111010 U
b1111010111111010 ]
b1111010111111010 _
b11101101111111 9
b11101101111111 T
b11101101111111 a
b11101101111111 c
b11101101111111 !
0D
0H
0L
0X
0\
0`
b11101101111111 "
b11101101111111 8
b11101101111111 e
b0 >
b0 R
1d
b100 -
b100 6
#237
b1001000010000110 "
b1001000010000110 8
b1001000010000110 e
b1001000010000110 !
b1001010110111001 7
b1001010110111001 @
b1001010110111001 M
b1001010110111001 b
b1001000010000110 9
b1001000010000110 T
b1001000010000110 a
b1001000010000110 c
b1001010110111001 ?
b1001010110111001 E
b1001010110111001 J
b1001101010110100 A
b1001101010110100 I
b1001101010110100 K
b1001000010000110 S
b1001000010000110 Y
b1001000010000110 ^
b1001010011110010 U
b1001010011110010 ]
b1001010011110010 _
1D
1H
1X
1\
b1 >
b1 R
b101 -
b101 6
#238
b1111010111111010 "
b1111010111111010 8
b1111010111111010 e
b1111010111111010 !
b1010101111000100 ?
b1010101111000100 E
b1010101111000100 J
b1101001110010010 A
b1101001110010010 I
b1101001110010010 K
b1101001110010010 7
b1101001110010010 @
b1101001110010010 M
b1101001110010010 b
b11101101111111 S
b11101101111111 Y
b11101101111111 ^
b1111010111111010 U
b1111010111111010 ]
b1111010111111010 _
b1111010111111010 9
b1111010111111010 T
b1111010111111010 a
b1111010111111010 c
0D
0H
1L
0X
0\
1`
b10 >
b10 R
b110 -
b110 6
#239
b1001010011110010 "
b1001010011110010 8
b1001010011110010 e
b1001010011110010 !
b1001101010110100 7
b1001101010110100 @
b1001101010110100 M
b1001101010110100 b
b1001010011110010 9
b1001010011110010 T
b1001010011110010 a
b1001010011110010 c
b1001010110111001 ?
b1001010110111001 E
b1001010110111001 J
b1001101010110100 A
b1001101010110100 I
b1001101010110100 K
b1001000010000110 S
b1001000010000110 Y
b1001000010000110 ^
b1001010011110010 U
b1001010011110010 ]
b1001010011110010 _
1D
1H
1X
1\
b11 >
b11 R
b111 -
b111 6
#240
b10000100110010 !
0D
0H
0L
0X
0\
0`
b10000100110010 "
b10000100110010 8
b10000100110010 e
b1100111111001010 9
b1100111111001010 T
b1100111111001010 a
b1100111111001010 c
b10000100110010 7
b10000100110010 @
b10000100110010 M
b10000100110010 b
b0 >
b0 R
0d
b1010100010100001 U
b1010100010100001 ]
b1010100010100001 _
b1100111111001010 S
b1100111111001010 Y
b1100111111001010 ^
b1100110110000100 A
b1100110110000100 I
b1100110110000100 K
b10000100110010 ?
b10000100110010 E
b10000100110010 J
b0 -
b0 6
b1010100110001110 +
b1010100110001110 5
b1010100110001110 Q
b1010100110001110 [
b1010100010100001 *
b1010100010100001 4
b1010100010100001 P
b1010100010100001 Z
b111100110101001 (
b111100110101001 3
b111100110101001 O
b111100110101001 W
b1100111111001010 '
b1100111111001010 2
b1100111111001010 N
b1100111111001010 V
b1010010011100100 &
b1010010011100100 1
b1010010011100100 =
b1010010011100100 G
b1100110110000100 %
b1100110110000100 0
b1100110110000100 <
b1100110110000100 F
b101111010111101 $
b101111010111101 /
b101111010111101 ;
b101111010111101 C
b10000100110010 #
b10000100110010 .
b10000100110010 :
b10000100110010 B
b11110 ,
#241
b101111010111101 "
b101111010111101 8
b101111010111101 e
b101111010111101 !
b101111010111101 7
b101111010111101 @
b101111010111101 M
b101111010111101 b
b111100110101001 9
b111100110101001 T
b111100110101001 a
b111100110101001 c
b101111010111101 ?
b101111010111101 E
b101111010111101 J
b1010010011100100 A
b1010010011100100 I
b1010010011100100 K
b111100110101001 S
b111100110101001 Y
b111100110101001 ^
b1010100110001110 U
b1010100110001110 ]
b1010100110001110 _
1D
1H
1X
1\
b1 >
b1 R
b1 -
b1 6
#242
b1100110110000100 "
b1100110110000100 8
b1100110110000100 e
b1100110110000100 !
b10000100110010 ?
b10000100110010 E
b10000100110010 J
b1100110110000100 A
b1100110110000100 I
b1100110110000100 K
b1100110110000100 7
b1100110110000100 @
b1100110110000100 M
b1100110110000100 b
b1100111111001010 S
b1100111111001010 Y
b1100111111001010 ^
b1010100010100001 U
b1010100010100001 ]
b1010100010100001 _
b1010100010100001 9
b1010100010100001 T
b1010100010100001 a
b1010100010100001 c
0D
0H
1L
0X
0\
1`
b10 >
b10 R
b10 -
b10 6
#243
b1010010011100100 "
b1010010011100100 8
b1010010011100100 e
b1010010011100100 !
b1010010011100100 7
b1010010011100100 @
b1010010011100100 M
b1010010011100100 b
b1010100110001110 9
b1010100110001110 T
b1010100110001110 a
b1010100110001110 c
b101111010111101 ?
b101111010111101 E
b101111010111101 J
b1010010011100100 A
b1010010011100100 I
b1010010011100100 K
b111100110101001 S
b111100110101001 Y
b111100110101001 ^
b1010100110001110 U
b1010100110001110 ]
b1010100110001110 _
1D
1H
1X
1\
b11 >
b11 R
b11 -
b11 6
#244
b10000100110010 ?
b10000100110010 E
b10000100110010 J
b1100110110000100 A
b1100110110000100 I
b1100110110000100 K
b10000100110010 7
b10000100110010 @
b10000100110010 M
b10000100110010 b
b1100111111001010 S
b1100111111001010 Y
b1100111111001010 ^
b1010100010100001 U
b1010100010100001 ]
b1010100010100001 _
b1100111111001010 9
b1100111111001010 T
b1100111111001010 a
b1100111111001010 c
b1100111111001010 !
0D
0H
0L
0X
0\
0`
b1100111111001010 "
b1100111111001010 8
b1100111111001010 e
b0 >
b0 R
1d
b100 -
b100 6
#245
b111100110101001 "
b111100110101001 8
b111100110101001 e
b111100110101001 !
b101111010111101 7
b101111010111101 @
b101111010111101 M
b101111010111101 b
b111100110101001 9
b111100110101001 T
b111100110101001 a
b111100110101001 c
b101111010111101 ?
b101111010111101 E
b101111010111101 J
b1010010011100100 A
b1010010011100100 I
b1010010011100100 K
b111100110101001 S
b111100110101001 Y
b111100110101001 ^
b1010100110001110 U
b1010100110001110 ]
b1010100110001110 _
1D
1H
1X
1\
b1 >
b1 R
b101 -
b101 6
#246
b1010100010100001 "
b1010100010100001 8
b1010100010100001 e
b1010100010100001 !
b10000100110010 ?
b10000100110010 E
b10000100110010 J
b1100110110000100 A
b1100110110000100 I
b1100110110000100 K
b1100110110000100 7
b1100110110000100 @
b1100110110000100 M
b1100110110000100 b
b1100111111001010 S
b1100111111001010 Y
b1100111111001010 ^
b1010100010100001 U
b1010100010100001 ]
b1010100010100001 _
b1010100010100001 9
b1010100010100001 T
b1010100010100001 a
b1010100010100001 c
0D
0H
1L
0X
0\
1`
b10 >
b10 R
b110 -
b110 6
#247
b1010100110001110 "
b1010100110001110 8
b1010100110001110 e
b1010100110001110 !
b1010010011100100 7
b1010010011100100 @
b1010010011100100 M
b1010010011100100 b
b1010100110001110 9
b1010100110001110 T
b1010100110001110 a
b1010100110001110 c
b101111010111101 ?
b101111010111101 E
b101111010111101 J
b1010010011100100 A
b1010010011100100 I
b1010010011100100 K
b111100110101001 S
b111100110101001 Y
b111100110101001 ^
b1010100110001110 U
b1010100110001110 ]
b1010100110001110 _
1D
1H
1X
1\
b11 >
b11 R
b111 -
b111 6
#248
b110101011111011 !
0D
0H
0L
0X
0\
0`
b110101011111011 "
b110101011111011 8
b110101011111011 e
b1110010100110110 9
b1110010100110110 T
b1110010100110110 a
b1110010100110110 c
b110101011111011 7
b110101011111011 @
b110101011111011 M
b110101011111011 b
b0 >
b0 R
0d
b101011010001111 U
b101011010001111 ]
b101011010001111 _
b1110010100110110 S
b1110010100110110 Y
b1110010100110110 ^
b1001000011101111 A
b1001000011101111 I
b1001000011101111 K
b110101011111011 ?
b110101011111011 E
b110101011111011 J
b0 -
b0 6
b1011111101101011 +
b1011111101101011 5
b1011111101101011 Q
b1011111101101011 [
b101011010001111 *
b101011010001111 4
b101011010001111 P
b101011010001111 Z
b100100001110101 (
b100100001110101 3
b100100001110101 O
b100100001110101 W
b1110010100110110 '
b1110010100110110 2
b1110010100110110 N
b1110010100110110 V
b11110111001001 &
b11110111001001 1
b11110111001001 =
b11110111001001 G
b1001000011101111 %
b1001000011101111 0
b1001000011101111 <
b1001000011101111 F
b1111000001011 $
b1111000001011 /
b1111000001011 ;
b1111000001011 C
b110101011111011 #
b110101011111011 .
b110101011111011 :
b110101011111011 B
b11111 ,
#249
b1111000001011 "
b1111000001011 8
b1111000001011 e
b1111000001011 !
b1111000001011 7
b1111000001011 @
b1111000001011 M
b1111000001011 b
b100100001110101 9
b100100001110101 T
b100100001110101 a
b100100001110101 c
b1111000001011 ?
b1111000001011 E
b1111000001011 J
b11110111001001 A
b11110111001001 I
b11110111001001 K
b100100001110101 S
b100100001110101 Y
b100100001110101 ^
b1011111101101011 U
b1011111101101011 ]
b1011111101101011 _
1D
1H
1X
1\
b1 >
b1 R
b1 -
b1 6
#250
b1001000011101111 "
b1001000011101111 8
b1001000011101111 e
b1001000011101111 !
b110101011111011 ?
b110101011111011 E
b110101011111011 J
b1001000011101111 A
b1001000011101111 I
b1001000011101111 K
b1001000011101111 7
b1001000011101111 @
b1001000011101111 M
b1001000011101111 b
b1110010100110110 S
b1110010100110110 Y
b1110010100110110 ^
b101011010001111 U
b101011010001111 ]
b101011010001111 _
b101011010001111 9
b101011010001111 T
b101011010001111 a
b101011010001111 c
0D
0H
1L
0X
0\
1`
b10 >
b10 R
b10 -
b10 6
#251
b11110111001001 "
b11110111001001 8
b11110111001001 e
b11110111001001 !
b11110111001001 7
b11110111001001 @
b11110111001001 M
b11110111001001 b
b1011111101101011 9
b1011111101101011 T
b1011111101101011 a
b1011111101101011 c
b1111000001011 ?
b1111000001011 E
b1111000001011 J
b11110111001001 A
b11110111001001 I
b11110111001001 K
b100100001110101 S
b100100001110101 Y
b100100001110101 ^
b1011111101101011 U
b1011111101101011 ]
b1011111101101011 _
1D
1H
1X
1\
b11 >
b11 R
b11 -
b11 6
#252
b110101011111011 ?
b110101011111011 E
b110101011111011 J
b1001000011101111 A
b1001000011101111 I
b1001000011101111 K
b110101011111011 7
b110101011111011 @
b110101011111011 M
b110101011111011 b
b1110010100110110 S
b1110010100110110 Y
b1110010100110110 ^
b101011010001111 U
b101011010001111 ]
b101011010001111 _
b1110010100110110 9
b1110010100110110 T
b1110010100110110 a
b1110010100110110 c
b1110010100110110 !
0D
0H
0L
0X
0\
0`
b1110010100110110 "
b1110010100110110 8
b1110010100110110 e
b0 >
b0 R
1d
b100 -
b100 6
#253
b100100001110101 "
b100100001110101 8
b100100001110101 e
b100100001110101 !
b1111000001011 7
b1111000001011 @
b1111000001011 M
b1111000001011 b
b100100001110101 9
b100100001110101 T
b100100001110101 a
b100100001110101 c
b1111000001011 ?
b1111000001011 E
b1111000001011 J
b11110111001001 A
b11110111001001 I
b11110111001001 K
b100100001110101 S
b100100001110101 Y
b100100001110101 ^
b1011111101101011 U
b1011111101101011 ]
b1011111101101011 _
1D
1H
1X
1\
b1 >
b1 R
b101 -
b101 6
#254
b101011010001111 "
b101011010001111 8
b101011010001111 e
b101011010001111 !
b110101011111011 ?
b110101011111011 E
b110101011111011 J
b1001000011101111 A
b1001000011101111 I
b1001000011101111 K
b1001000011101111 7
b1001000011101111 @
b1001000011101111 M
b1001000011101111 b
b1110010100110110 S
b1110010100110110 Y
b1110010100110110 ^
b101011010001111 U
b101011010001111 ]
b101011010001111 _
b101011010001111 9
b101011010001111 T
b101011010001111 a
b101011010001111 c
0D
0H
1L
0X
0\
1`
b10 >
b10 R
b110 -
b110 6
#255
b1011111101101011 "
b1011111101101011 8
b1011111101101011 e
b1011111101101011 !
b11110111001001 7
b11110111001001 @
b11110111001001 M
b11110111001001 b
b1011111101101011 9
b1011111101101011 T
b1011111101101011 a
b1011111101101011 c
b1111000001011 ?
b1111000001011 E
b1111000001011 J
b11110111001001 A
b11110111001001 I
b11110111001001 K
b100100001110101 S
b100100001110101 Y
b100100001110101 ^
b1011111101101011 U
b1011111101101011 ]
b1011111101101011 _
1D
1H
1X
1\
b11 >
b11 R
b111 -
b111 6
#256
b1110011110001000 !
0D
0H
0L
0X
0\
0`
b1110011110001000 "
b1110011110001000 8
b1110011110001000 e
b1101111100101000 9
b1101111100101000 T
b1101111100101000 a
b1101111100101000 c
b1110011110001000 7
b1110011110001000 @
b1110011110001000 M
b1110011110001000 b
b0 >
b0 R
0d
b101111101001011 U
b101111101001011 ]
b101111101001011 _
b1101111100101000 S
b1101111100101000 Y
b1101111100101000 ^
b1000000110011011 A
b1000000110011011 I
b1000000110011011 K
b1110011110001000 ?
b1110011110001000 E
b1110011110001000 J
b0 -
b0 6
b1011000011000010 +
b1011000011000010 5
b1011000011000010 Q
b1011000011000010 [
b101111101001011 *
b101111101001011 4
b101111101001011 P
b101111101001011 Z
b1110000000101101 (
b1110000000101101 3
b1110000000101101 O
b1110000000101101 W
b1101111100101000 '
b1101111100101000 2
b1101111100101000 N
b1101111100101000 V
b100010110010010 &
b100010110010010 1
b100010110010010 =
b100010110010010 G
b1000000110011011 %
b1000000110011011 0
b1000000110011011 <
b1000000110011011 F
b1011010010101110 $
b1011010010101110 /
b1011010010101110 ;
b1011010010101110 C
b1110011110001000 #
b1110011110001000 .
b1110011110001000 :
b1110011110001000 B
b100000 ,
#257
b1011010010101110 "
b1011010010101110 8
b1011010010101110 e
b1011010010101110 !
b1011010010101110 7
b1011010010101110 @
b1011010010101110 M
b1011010010101110 b
b1110000000101101 9
b1110000000101101 T
b1110000000101101 a
b1110000000101101 c
b1011010010101110 ?
b1011010010101110 E
b1011010010101110 J
b100010110010010 A
b100010110010010 I
b100010110010010 K
b1110000000101101 S
b1110000000101101 Y
b1110000000101101 ^
b1011000011000010 U
b1011000011000010 ]
b1011000011000010 _
1D
1H
1X
1\
b1 >
b1 R
b1 -
b1 6
#258
b1000000110011011 "
b1000000110011011 8
b1000000110011011 e
b1000000110011011 !
b1110011110001000 ?
b1110011110001000 E
b1110011110001000 J
b1000000110011011 A
b1000000110011011 I
b1000000110011011 K
b1000000110011011 7
b1000000110011011 @
b1000000110011011 M
b1000000110011011 b
b1101111100101000 S
b1101111100101000 Y
b1101111100101000 ^
b101111101001011 U
b101111101001011 ]
b101111101001011 _
b101111101001011 9
b101111101001011 T
b101111101001011 a
b101111101001011 c
0D
0H
1L
0X
0\
1`
b10 >
b10 R
b10 -
b10 6
#259
b100010110010010 "
b100010110010010 8
b100010110010010 e
b100010110010010 !
b100010110010010 7
b100010110010010 @
b100010110010010 M
b100010110010010 b
b1011000011000010 9
b1011000011000010 T
b1011000011000010 a
b1011000011000010 c
b1011010010101110 ?
b1011010010101110 E
b1011010010101110 J
b100010110010010 A
b100010110010010 I
b100010110010010 K
b1110000000101101 S
b1110000000101101 Y
b1110000000101101 ^
b1011000011000010 U
b1011000011000010 ]
b1011000011000010 _
1D
1H
1X
1\
b11 >
b11 R
b11 -
b11 6
#260
b1110011110001000 ?
b1110011110001000 E
b1110011110001000 J
b1000000110011011 A
b1000000110011011 I
b1000000110011011 K
b1110011110001000 7
b1110011110001000 @
b1110011110001000 M
b1110011110001000 b
b1101111100101000 S
b1101111100101000 Y
b1101111100101000 ^
b101111101001011 U
b101111101001011 ]
b101111101001011 _
b1101111100101000 9
b1101111100101000 T
b1101111100101000 a
b1101111100101000 c
b1101111100101000 !
0D
0H
0L
0X
0\
0`
b1101111100101000 "
b1101111100101000 8
b1101111100101000 e
b0 >
b0 R
1d
b100 -
b100 6
#261
b1110000000101101 "
b1110000000101101 8
b1110000000101101 e
b1110000000101101 !
b1011010010101110 7
b1011010010101110 @
b1011010010101110 M
b1011010010101110 b
b1110000000101101 9
b1110000000101101 T
b1110000000101101 a
b1110000000101101 c
b1011010010101110 ?
b1011010010101110 E
b1011010010101110 J
b100010110010010 A
b100010110010010 I
b100010110010010 K
b1110000000101101 S
b1110000000101101 Y
b1110000000101101 ^
b1011000011000010 U
b1011000011000010 ]
b1011000011000010 _
1D
1H
1X
1\
b1 >
b1 R
b101 -
b101 6
#262
b101111101001011 "
b101111101001011 8
b101111101001011 e
b101111101001011 !
b1110011110001000 ?
b1110011110001000 E
b1110011110001000 J
b1000000110011011 A
b1000000110011011 I
b1000000110011011 K
b1000000110011011 7
b1000000110011011 @
b1000000110011011 M
b1000000110011011 b
b1101111100101000 S
b1101111100101000 Y
b1101111100101000 ^
b101111101001011 U
b101111101001011 ]
b101111101001011 _
b101111101001011 9
b101111101001011 T
b101111101001011 a
b101111101001011 c
0D
0H
1L
0X
0\
1`
b10 >
b10 R
b110 -
b110 6
#263
b1011000011000010 "
b1011000011000010 8
b1011000011000010 e
b1011000011000010 !
b100010110010010 7
b100010110010010 @
b100010110010010 M
b100010110010010 b
b1011000011000010 9
b1011000011000010 T
b1011000011000010 a
b1011000011000010 c
b1011010010101110 ?
b1011010010101110 E
b1011010010101110 J
b100010110010010 A
b100010110010010 I
b100010110010010 K
b1110000000101101 S
b1110000000101101 Y
b1110000000101101 ^
b1011000011000010 U
b1011000011000010 ]
b1011000011000010 _
1D
1H
1X
1\
b11 >
b11 R
b111 -
b111 6
#264
b1111011000011110 !
0D
0H
0L
0X
0\
0`
b1111011000011110 "
b1111011000011110 8
b1111011000011110 e
b1101111010001 9
b1101111010001 T
b1101111010001 a
b1101111010001 c
b1111011000011110 7
b1111011000011110 @
b1111011000011110 M
b1111011000011110 b
b0 >
b0 R
0d
b10010001000001 U
b10010001000001 ]
b10010001000001 _
b1101111010001 S
b1101111010001 Y
b1101111010001 ^
b1111110111101100 A
b1111110111101100 I
b1111110111101100 K
b1111011000011110 ?
b1111011000011110 E
b1111011000011110 J
b0 -
b0 6
b110010000111011 +
b110010000111011 5
b110010000111011 Q
b110010000111011 [
b10010001000001 *
b10010001000001 4
b10010001000001 P
b10010001000001 Z
b1110010000110 (
b1110010000110 3
b1110010000110 O
b1110010000110 W
b1101111010001 '
b1101111010001 2
b1101111010001 N
b1101111010001 V
b1001110100011000 &
b1001110100011000 1
b1001110100011000 =
b1001110100011000 G
b1111110111101100 %
b1111110111101100 0
b1111110111101100 <
b1111110111101100 F
b10100001101 $
b10100001101 /
b10100001101 ;
b10100001101 C
b1111011000011110 #
b1111011000011110 .
b1111011000011110 :
b1111011000011110 B
b100001 ,
#265
b10100001101 "
b10100001101 8
b10100001101 e
b10100001101 !
b10100001101 7
b10100001101 @
b10100001101 M
b10100001101 b
b1110010000110 9
b1110010000110 T
b1110010000110 a
b1110010000110 c
b10100001101 ?
b10100001101 E
b10100001101 J
b1001110100011000 A
b1001110100011000 I
b1001110100011000 K
b1110010000110 S
b1110010000110 Y
b1110010000110 ^
b110010000111011 U
b110010000111011 ]
b110010000111011 _
1D
1H
1X
1\
b1 >
b1 R
b1 -
b1 6
#266
b1111110111101100 "
b1111110111101100 8
b1111110111101100 e
b1111110111101100 !
b1111011000011110 ?
b1111011000011110 E
b1111011000011110 J
b1111110111101100 A
b1111110111101100 I
b1111110111101100 K
b1111110111101100 7
b1111110111101100 @
b1111110111101100 M
b1111110111101100 b
b1101111010001 S
b1101111010001 Y
b1101111010001 ^
b10010001000001 U
b10010001000001 ]
b10010001000001 _
b10010001000001 9
b10010001000001 T
b10010001000001 a
b10010001000001 c
0D
0H
1L
0X
0\
1`
b10 >
b10 R
b10 -
b10 6
#267
b1001110100011000 "
b1001110100011000 8
b1001110100011000 e
b1001110100011000 !
b1001110100011000 7
b1001110100011000 @
b1001110100011000 M
b1001110100011000 b
b110010000111011 9
b110010000111011 T
b110010000111011 a
b110010000111011 c
b10100001101 ?
b10100001101 E
b10100001101 J
b1001110100011000 A
b1001110100011000 I
b1001110100011000 K
b1110010000110 S
b1110010000110 Y
b1110010000110 ^
b110010000111011 U
b110010000111011 ]
b110010000111011 _
1D
1H
1X
1\
b11 >
b11 R
b11 -
b11 6
#268
b1111011000011110 ?
b1111011000011110 E
b1111011000011110 J
b1111110111101100 A
b1111110111101100 I
b1111110111101100 K
b1111011000011110 7
b1111011000011110 @
b1111011000011110 M
b1111011000011110 b
b1101111010001 S
b1101111010001 Y
b1101111010001 ^
b10010001000001 U
b10010001000001 ]
b10010001000001 _
b1101111010001 9
b1101111010001 T
b1101111010001 a
b1101111010001 c
b1101111010001 !
0D
0H
0L
0X
0\
0`
b1101111010001 "
b1101111010001 8
b1101111010001 e
b0 >
b0 R
1d
b100 -
b100 6
#269
b1110010000110 "
b1110010000110 8
b1110010000110 e
b1110010000110 !
b10100001101 7
b10100001101 @
b10100001101 M
b10100001101 b
b1110010000110 9
b1110010000110 T
b1110010000110 a
b1110010000110 c
b10100001101 ?
b10100001101 E
b10100001101 J
b1001110100011000 A
b1001110100011000 I
b1001110100011000 K
b1110010000110 S
b1110010000110 Y
b1110010000110 ^
b110010000111011 U
b110010000111011 ]
b110010000111011 _
1D
1H
1X
1\
b1 >
b1 R
b101 -
b101 6
#270
b10010001000001 "
b10010001000001 8
b10010001000001 e
b10010001000001 !
b1111011000011110 ?
b1111011000011110 E
b1111011000011110 J
b1111110111101100 A
b1111110111101100 I
b1111110111101100 K
b1111110111101100 7
b1111110111101100 @
b1111110111101100 M
b1111110111101100 b
b1101111010001 S
b1101111010001 Y
b1101111010001 ^
b10010001000001 U
b10010001000001 ]
b10010001000001 _
b10010001000001 9
b10010001000001 T
b10010001000001 a
b10010001000001 c
0D
0H
1L
0X
0\
1`
b10 >
b10 R
b110 -
b110 6
#271
b110010000111011 "
b110010000111011 8
b110010000111011 e
b110010000111011 !
b1001110100011000 7
b1001110100011000 @
b1001110100011000 M
b1001110100011000 b
b110010000111011 9
b110010000111011 T
b110010000111011 a
b110010000111011 c
b10100001101 ?
b10100001101 E
b10100001101 J
b1001110100011000 A
b1001110100011000 I
b1001110100011000 K
b1110010000110 S
b1110010000110 Y
b1110010000110 ^
b110010000111011 U
b110010000111011 ]
b110010000111011 _
1D
1H
1X
1\
b11 >
b11 R
b111 -
b111 6
#272
b1111100111011000 !
0D
0H
0L
0X
0\
0`
b1111100111011000 "
b1111100111011000 8
b1111100111011000 e
b1111101011100010 9
b1111101011100010 T
b1111101011100010 a
b1111101011100010 c
b1111100111011000 7
b1111100111011000 @
b1111100111011000 M
b1111100111011000 b
b0 >
b0 R
0d
b1101110011 U
b1101110011 ]
b1101110011 _
b1111101011100010 S
b1111101011100010 Y
b1111101011100010 ^
b110001001010110 A
b110001001010110 I
b110001001010110 K
b1111100111011000 ?
b1111100111011000 E
b1111100111011000 J
b0 -
b0 6
b1011010011011000 +
b1011010011011000 5
b1011010011011000 Q
b1011010011011000 [
b1101110011 *
b1101110011 4
b1101110011 P
b1101110011 Z
b1110001000000100 (
b1110001000000100 3
b1110001000000100 O
b1110001000000100 W
b1111101011100010 '
b1111101011100010 2
b1111101011100010 N
b1111101011100010 V
b10001001011011 &
b10001001011011 1
b10001001011011 =
b10001001011011 G
b110001001010110 %
b110001001010110 0
b110001001010110 <
b110001001010110 F
b1110100101010011 $
b1110100101010011 /
b1110100101010011 ;
b1110100101010011 C
b1111100111011000 #
b1111100111011000 .
b1111100111011000 :
b1111100111011000 B
b100010 ,
#273
b1110100101010011 "
b1110100101010011 8
b1110100101010011 e
b1110100101010011 !
b1110100101010011 7
b1110100101010011 @
b1110100101010011 M
b1110100101010011 b
b1110001000000100 9
b1110001000000100 T
b1110001000000100 a
b1110001000000100 c
b1110100101010011 ?
b1110100101010011 E
b1110100101010011 J
b10001001011011 A
b10001001011011 I
b10001001011011 K
b1110001000000100 S
b1110001000000100 Y
b1110001000000100 ^
b1011010011011000 U
b1011010011011000 ]
b1011010011011000 _
1D
1H
1X
1\
b1 >
b1 R
b1 -
b1 6
#274
b110001001010110 "
b110001001010110 8
b110001001010110 e
b110001001010110 !
b1111100111011000 ?
b1111100111011000 E
b1111100111011000 J
b110001001010110 A
b110001001010110 I
b110001001010110 K
b110001001010110 7
b110001001010110 @
b110001001010110 M
b110001001010110 b
b1111101011100010 S
b1111101011100010 Y
b1111101011100010 ^
b1101110011 U
b1101110011 ]
b1101110011 _
b1101110011 9
b1101110011 T
b1101110011 a
b1101110011 c
0D
0H
1L
0X
0\
1`
b10 >
b10 R
b10 -
b10 6
#275
b10001001011011 "
b10001001011011 8
b10001001011011 e
b10001001011011 !
b10001001011011 7
b10001001011011 @
b10001001011011 M
b10001001011011 b
b1011010011011000 9
b1011010011011000 T
b1011010011011000 a
b1011010011011000 c
b1110100101010011 ?
b1110100101010011 E
b1110100101010011 J
b10001001011011 A
b10001001011011 I
b10001001011011 K
b1110001000000100 S
b1110001000000100 Y
b1110001000000100 ^
b1011010011011000 U
b1011010011011000 ]
b1011010011011000 _
1D
1H
1X
1\
b11 >
b11 R
b11 -
b11 6
#276
b1111100111011000 ?
b1111100111011000 E
b1111100111011000 J
b110001001010110 A
b110001001010110 I
b110001001010110 K
b1111100111011000 7
b1111100111011000 @
b1111100111011000 M
b1111100111011000 b
b1111101011100010 S
b1111101011100010 Y
b1111101011100010 ^
b1101110011 U
b1101110011 ]
b1101110011 _
b1111101011100010 9
b1111101011100010 T
b1111101011100010 a
b1111101011100010 c
b1111101011100010 !
0D
0H
0L
0X
0\
0`
b1111101011100010 "
b1111101011100010 8
b1111101011100010 e
b0 >
b0 R
1d
b100 -
b100 6
#277
b1110001000000100 "
b1110001000000100 8
b1110001000000100 e
b1110001000000100 !
b1110100101010011 7
b1110100101010011 @
b1110100101010011 M
b1110100101010011 b
b1110001000000100 9
b1110001000000100 T
b1110001000000100 a
b1110001000000100 c
b1110100101010011 ?
b1110100101010011 E
b1110100101010011 J
b10001001011011 A
b10001001011011 I
b10001001011011 K
b1110001000000100 S
b1110001000000100 Y
b1110001000000100 ^
b1011010011011000 U
b1011010011011000 ]
b1011010011011000 _
1D
1H
1X
1\
b1 >
b1 R
b101 -
b101 6
#278
b1101110011 "
b1101110011 8
b1101110011 e
b1101110011 !
b1111100111011000 ?
b1111100111011000 E
b1111100111011000 J
b110001001010110 A
b110001001010110 I
b110001001010110 K
b110001001010110 7
b110001001010110 @
b110001001010110 M
b110001001010110 b
b1111101011100010 S
b1111101011100010 Y
b1111101011100010 ^
b1101110011 U
b1101110011 ]
b1101110011 _
b1101110011 9
b1101110011 T
b1101110011 a
b1101110011 c
0D
0H
1L
0X
0\
1`
b10 >
b10 R
b110 -
b110 6
#279
b1011010011011000 "
b1011010011011000 8
b1011010011011000 e
b1011010011011000 !
b10001001011011 7
b10001001011011 @
b10001001011011 M
b10001001011011 b
b1011010011011000 9
b1011010011011000 T
b1011010011011000 a
b1011010011011000 c
b1110100101010011 ?
b1110100101010011 E
b1110100101010011 J
b10001001011011 A
b10001001011011 I
b10001001011011 K
b1110001000000100 S
b1110001000000100 Y
b1110001000000100 ^
b1011010011011000 U
b1011010011011000 ]
b1011010011011000 _
1D
1H
1X
1\
b11 >
b11 R
b111 -
b111 6
#280
b100110100010010 !
0D
0H
0L
0X
0\
0`
b100110100010010 "
b100110100010010 8
b100110100010010 e
b1101110010100001 9
b1101110010100001 T
b1101110010100001 a
b1101110010100001 c
b100110100010010 7
b100110100010010 @
b100110100010010 M
b100110100010010 b
b0 >
b0 R
0d
b101110110000001 U
b101110110000001 ]
b101110110000001 _
b1101110010100001 S
b1101110010100001 Y
b1101110010100001 ^
b1001000111001 A
b1001000111001 I
b1001000111001 K
b100110100010010 ?
b100110100010010 E
b100110100010010 J
b0 -
b0 6
b1000010111001000 +
b1000010111001000 5
b1000010111001000 Q
b1000010111001000 [
b101110110000001 *
b101110110000001 4
b101110110000001 P
b101110110000001 Z
b111100101011 (
b111100101011 3
b111100101011 O
b111100101011 W
b1101110010100001 '
b1101110010100001 2
b1101110010100001 N
b1101110010100001 V
b1011011011100101 &
b1011011011100101 1
b1011011011100101 =
b1011011011100101 G
b1001000111001 %
b1001000111001 0
b1001000111001 <
b1001000111001 F
b100010010111000 $
b100010010111000 /
b100010010111000 ;
b100010010111000 C
b100110100010010 #
b100110100010010 .
b100110100010010 :
b100110100010010 B
b100011 ,
#281
b100010010111000 "
b100010010111000 8
b100010010111000 e
b100010010111000 !
b100010010111000 7
b100010010111000 @
b100010010111000 M
b100010010111000 b
b111100101011 9
b111100101011 T
b111100101011 a
b111100101011 c
b100010010111000 ?
b100010010111000 E
b100010010111000 J
b1011011011100101 A
b1011011011100101 I
b1011011011100101 K
b111100101011 S
b111100101011 Y
b111100101011 ^
b1000010111001000 U
b1000010111001000 ]
b1000010111001000 _
1D
1H
1X
1\
b1 >
b1 R
b1 -
b1 6
#282
b1001000111001 "
b1001000111001 8
b1001000111001 e
b1001000111001 !
b100110100010010 ?
b100110100010010 E
b100110100010010 J
b1001000111001 A
b1001000111001 I
b1001000111001 K
b1001000111001 7
b1001000111001 @
b1001000111001 M
b1001000111001 b
b1101110010100001 S
b1101110010100001 Y
b1101110010100001 ^
b101110110000001 U
b101110110000001 ]
b101110110000001 _
b101110110000001 9
b101110110000001 T
b101110110000001 a
b101110110000001 c
0D
0H
1L
0X
0\
1`
b10 >
b10 R
b10 -
b10 6
#283
b1011011011100101 "
b1011011011100101 8
b1011011011100101 e
b1011011011100101 !
b1011011011100101 7
b1011011011100101 @
b1011011011100101 M
b1011011011100101 b
b1000010111001000 9
b1000010111001000 T
b1000010111001000 a
b1000010111001000 c
b100010010111000 ?
b100010010111000 E
b100010010111000 J
b1011011011100101 A
b1011011011100101 I
b1011011011100101 K
b111100101011 S
b111100101011 Y
b111100101011 ^
b1000010111001000 U
b1000010111001000 ]
b1000010111001000 _
1D
1H
1X
1\
b11 >
b11 R
b11 -
b11 6
#284
b100110100010010 ?
b100110100010010 E
b100110100010010 J
b1001000111001 A
b1001000111001 I
b1001000111001 K
b100110100010010 7
b100110100010010 @
b100110100010010 M
b100110100010010 b
b1101110010100001 S
b1101110010100001 Y
b1101110010100001 ^
b101110110000001 U
b101110110000001 ]
b101110110000001 _
b1101110010100001 9
b1101110010100001 T
b1101110010100001 a
b1101110010100001 c
b1101110010100001 !
0D
0H
0L
0X
0\
0`
b1101110010100001 "
b1101110010100001 8
b1101110010100001 e
b0 >
b0 R
1d
b100 -
b100 6
#285
b111100101011 "
b111100101011 8
b111100101011 e
b111100101011 !
b100010010111000 7
b100010010111000 @
b100010010111000 M
b100010010111000 b
b111100101011 9
b111100101011 T
b111100101011 a
b111100101011 c
b100010010111000 ?
b100010010111000 E
b100010010111000 J
b1011011011100101 A
b1011011011100101 I
b1011011011100101 K
b111100101011 S
b111100101011 Y
b111100101011 ^
b1000010111001000 U
b1000010111001000 ]
b1000010111001000 _
1D
1H
1X
1\
b1 >
b1 R
b101 -
b101 6
#286
b101110110000001 "
b101110110000001 8
b101110110000001 e
b101110110000001 !
b100110100010010 ?
b100110100010010 E
b100110100010010 J
b1001000111001 A
b1001000111001 I
b1001000111001 K
b1001000111001 7
b1001000111001 @
b1001000111001 M
b1001000111001 b
b1101110010100001 S
b1101110010100001 Y
b1101110010100001 ^
b101110110000001 U
b101110110000001 ]
b101110110000001 _
b101110110000001 9
b101110110000001 T
b101110110000001 a
b101110110000001 c
0D
0H
1L
0X
0\
1`
b10 >
b10 R
b110 -
b110 6
#287
b1000010111001000 "
b1000010111001000 8
b1000010111001000 e
b1000010111001000 !
b1011011011100101 7
b1011011011100101 @
b1011011011100101 M
b1011011011100101 b
b1000010111001000 9
b1000010111001000 T
b1000010111001000 a
b1000010111001000 c
b100010010111000 ?
b100010010111000 E
b100010010111000 J
b1011011011100101 A
b1011011011100101 I
b1011011011100101 K
b111100101011 S
b111100101011 Y
b111100101011 ^
b1000010111001000 U
b1000010111001000 ]
b1000010111001000 _
1D
1H
1X
1\
b11 >
b11 R
b111 -
b111 6
#288
b101010100100111 !
0D
0H
0L
0X
0\
0`
b101010100100111 "
b101010100100111 8
b101010100100111 e
b10001101011000 9
b10001101011000 T
b10001101011000 a
b10001101011000 c
b101010100100111 7
b101010100100111 @
b101010100100111 M
b101010100100111 b
b0 >
b0 R
0d
b1001001100010100 U
b1001001100010100 ]
b1001001100010100 _
b10001101011000 S
b10001101011000 Y
b10001101011000 ^
b110111000011111 A
b110111000011111 I
b110111000011111 K
b101010100100111 ?
b101010100100111 E
b101010100100111 J
b0 -
b0 6
b1011010000010010 +
b1011010000010010 5
b1011010000010010 Q
b1011010000010010 [
b1001001100010100 *
b1001001100010100 4
b1001001100010100 P
b1001001100010100 Z
b1000000010010110 (
b1000000010010110 3
b1000000010010110 O
b1000000010010110 W
b10001101011000 '
b10001101011000 2
b10001101011000 N
b10001101011000 V
b11101000000100 &
b11101000000100 1
b11101000000100 =
b11101000000100 G
b110111000011111 %
b110111000011111 0
b110111000011111 <
b110111000011111 F
b1111100110100001 $
b1111100110100001 /
b1111100110100001 ;
b1111100110100001 C
b101010100100111 #
b101010100100111 .
b101010100100111 :
b101010100100111 B
b100100 ,
#289
b1111100110100001 "
b1111100110100001 8
b1111100110100001 e
b1111100110100001 !
b1111100110100001 7
b1111100110100001 @
b1111100110100001 M
b1111100110100001 b
b1000000010010110 9
b1000000010010110 T
b1000000010010110 a
b1000000010010110 c
b1111100110100001 ?
b1111100110100001 E
b1111100110100001 J
b11101000000100 A
b11101000000100 I
b11101000000100 K
b1000000010010110 S
b1000000010010110 Y
b1000000010010110 ^
b1011010000010010 U
b1011010000010010 ]
b1011010000010010 _
1D
1H
1X
1\
b1 >
b1 R
b1 -
b1 6
#290
b110111000011111 "
b110111000011111 8
b110111000011111 e
b110111000011111 !
b101010100100111 ?
b101010100100111 E
b101010100100111 J
b110111000011111 A
b110111000011111 I
b110111000011111 K
b110111000011111 7
b110111000011111 @
b110111000011111 M
b110111000011111 b
b10001101011000 S
b10001101011000 Y
b10001101011000 ^
b1001001100010100 U
b1001001100010100 ]
b1001001100010100 _
b1001001100010100 9
b1001001100010100 T
b1001001100010100 a
b1001001100010100 c
0D
0H
1L
0X
0\
1`
b10 >
b10 R
b10 -
b10 6
#291
b11101000000100 "
b11101000000100 8
b11101000000100 e
b11101000000100 !
b11101000000100 7
b11101000000100 @
b11101000000100 M
b11101000000100 b
b1011010000010010 9
b1011010000010010 T
b1011010000010010 a
b1011010000010010 c
b1111100110100001 ?
b1111100110100001 E
b1111100110100001 J
b11101000000100 A
b11101000000100 I
b11101000000100 K
b1000000010010110 S
b1000000010010110 Y
b1000000010010110 ^
b1011010000010010 U
b1011010000010010 ]
b1011010000010010 _
1D
1H
1X
1\
b11 >
b11 R
b11 -
b11 6
#292
b101010100100111 ?
b101010100100111 E
b101010100100111 J
b110111000011111 A
b110111000011111 I
b110111000011111 K
b101010100100111 7
b101010100100111 @
b101010100100111 M
b101010100100111 b
b10001101011000 S
b10001101011000 Y
b10001101011000 ^
b1001001100010100 U
b1001001100010100 ]
b1001001100010100 _
b10001101011000 9
b10001101011000 T
b10001101011000 a
b10001101011000 c
b10001101011000 !
0D
0H
0L
0X
0\
0`
b10001101011000 "
b10001101011000 8
b10001101011000 e
b0 >
b0 R
1d
b100 -
b100 6
#293
b1000000010010110 "
b1000000010010110 8
b1000000010010110 e
b1000000010010110 !
b1111100110100001 7
b1111100110100001 @
b1111100110100001 M
b1111100110100001 b
b1000000010010110 9
b1000000010010110 T
b1000000010010110 a
b1000000010010110 c
b1111100110100001 ?
b1111100110100001 E
b1111100110100001 J
b11101000000100 A
b11101000000100 I
b11101000000100 K
b1000000010010110 S
b1000000010010110 Y
b1000000010010110 ^
b1011010000010010 U
b1011010000010010 ]
b1011010000010010 _
1D
1H
1X
1\
b1 >
b1 R
b101 -
b101 6
#294
b1001001100010100 "
b1001001100010100 8
b1001001100010100 e
b1001001100010100 !
b101010100100111 ?
b101010100100111 E
b101010100100111 J
b110111000011111 A
b110111000011111 I
b110111000011111 K
b110111000011111 7
b110111000011111 @
b110111000011111 M
b110111000011111 b
b10001101011000 S
b10001101011000 Y
b10001101011000 ^
b1001001100010100 U
b1001001100010100 ]
b1001001100010100 _
b1001001100010100 9
b1001001100010100 T
b1001001100010100 a
b1001001100010100 c
0D
0H
1L
0X
0\
1`
b10 >
b10 R
b110 -
b110 6
#295
b1011010000010010 "
b1011010000010010 8
b1011010000010010 e
b1011010000010010 !
b11101000000100 7
b11101000000100 @
b11101000000100 M
b11101000000100 b
b1011010000010010 9
b1011010000010010 T
b1011010000010010 a
b1011010000010010 c
b1111100110100001 ?
b1111100110100001 E
b1111100110100001 J
b11101000000100 A
b11101000000100 I
b11101000000100 K
b1000000010010110 S
b1000000010010110 Y
b1000000010010110 ^
b1011010000010010 U
b1011010000010010 ]
b1011010000010010 _
1D
1H
1X
1\
b11 >
b11 R
b111 -
b111 6
#296
b111000010010110 !
0D
0H
0L
0X
0\
0`
b111000010010110 "
b111000010010110 8
b111000010010110 e
b10101100101011 9
b10101100101011 T
b10101100101011 a
b10101100101011 c
b111000010010110 7
b111000010010110 @
b111000010010110 M
b111000010010110 b
b0 >
b0 R
0d
b1110101101 U
b1110101101 ]
b1110101101 _
b10101100101011 S
b10101100101011 Y
b10101100101011 ^
b1101010101010101 A
b1101010101010101 I
b1101010101010101 K
b111000010010110 ?
b111000010010110 E
b111000010010110 J
b0 -
b0 6
b10001000100111 +
b10001000100111 5
b10001000100111 Q
b10001000100111 [
b1110101101 *
b1110101101 4
b1110101101 P
b1110101101 Z
b1101111110101 (
b1101111110101 3
b1101111110101 O
b1101111110101 W
b10101100101011 '
b10101100101011 2
b10101100101011 N
b10101100101011 V
b1000111011101101 &
b1000111011101101 1
b1000111011101101 =
b1000111011101101 G
b1101010101010101 %
b1101010101010101 0
b1101010101010101 <
b1101010101010101 F
b1110001010110001 $
b1110001010110001 /
b1110001010110001 ;
b1110001010110001 C
b111000010010110 #
b111000010010110 .
b111000010010110 :
b111000010010110 B
b100101 ,
#297
b1110001010110001 "
b1110001010110001 8
b1110001010110001 e
b1110001010110001 !
b1110001010110001 7
b1110001010110001 @
b1110001010110001 M
b1110001010110001 b
b1101111110101 9
b1101111110101 T
b1101111110101 a
b1101111110101 c
b1110001010110001 ?
b1110001010110001 E
b1110001010110001 J
b1000111011101101 A
b1000111011101101 I
b1000111011101101 K
b1101111110101 S
b1101111110101 Y
b1101111110101 ^
b10001000100111 U
b10001000100111 ]
b10001000100111 _
1D
1H
1X
1\
b1 >
b1 R
b1 -
b1 6
#298
b1101010101010101 "
b1101010101010101 8
b1101010101010101 e
b1101010101010101 !
b111000010010110 ?
b111000010010110 E
b111000010010110 J
b1101010101010101 A
b1101010101010101 I
b1101010101010101 K
b1101010101010101 7
b1101010101010101 @
b1101010101010101 M
b1101010101010101 b
b10101100101011 S
b10101100101011 Y
b10101100101011 ^
b1110101101 U
b1110101101 ]
b1110101101 _
b1110101101 9
b1110101101 T
b1110101101 a
b1110101101 c
0D
0H
1L
0X
0\
1`
b10 >
b10 R
b10 -
b10 6
#299
b1000111011101101 "
b1000111011101101 8
b1000111011101101 e
b1000111011101101 !
b1000111011101101 7
b1000111011101101 @
b1000111011101101 M
b1000111011101101 b
b10001000100111 9
b10001000100111 T
b10001000100111 a
b10001000100111 c
b1110001010110001 ?
b1110001010110001 E
b1110001010110001 J
b1000111011101101 A
b1000111011101101 I
b1000111011101101 K
b1101111110101 S
b1101111110101 Y
b1101111110101 ^
b10001000100111 U
b10001000100111 ]
b10001000100111 _
1D
1H
1X
1\
b11 >
b11 R
b11 -
b11 6
#300
b111000010010110 ?
b111000010010110 E
b111000010010110 J
b1101010101010101 A
b1101010101010101 I
b1101010101010101 K
b111000010010110 7
b111000010010110 @
b111000010010110 M
b111000010010110 b
b10101100101011 S
b10101100101011 Y
b10101100101011 ^
b1110101101 U
b1110101101 ]
b1110101101 _
b10101100101011 9
b10101100101011 T
b10101100101011 a
b10101100101011 c
b10101100101011 !
0D
0H
0L
0X
0\
0`
b10101100101011 "
b10101100101011 8
b10101100101011 e
b0 >
b0 R
1d
b100 -
b100 6
#301
b1101111110101 "
b1101111110101 8
b1101111110101 e
b1101111110101 !
b1110001010110001 7
b1110001010110001 @
b1110001010110001 M
b1110001010110001 b
b1101111110101 9
b1101111110101 T
b1101111110101 a
b1101111110101 c
b1110001010110001 ?
b1110001010110001 E
b1110001010110001 J
b1000111011101101 A
b1000111011101101 I
b1000111011101101 K
b1101111110101 S
b1101111110101 Y
b1101111110101 ^
b10001000100111 U
b10001000100111 ]
b10001000100111 _
1D
1H
1X
1\
b1 >
b1 R
b101 -
b101 6
#302
b1110101101 "
b1110101101 8
b1110101101 e
b1110101101 !
b111000010010110 ?
b111000010010110 E
b111000010010110 J
b1101010101010101 A
b1101010101010101 I
b1101010101010101 K
b1101010101010101 7
b1101010101010101 @
b1101010101010101 M
b1101010101010101 b
b10101100101011 S
b10101100101011 Y
b10101100101011 ^
b1110101101 U
b1110101101 ]
b1110101101 _
b1110101101 9
b1110101101 T
b1110101101 a
b1110101101 c
0D
0H
1L
0X
0\
1`
b10 >
b10 R
b110 -
b110 6
#303
b10001000100111 "
b10001000100111 8
b10001000100111 e
b10001000100111 !
b1000111011101101 7
b1000111011101101 @
b1000111011101101 M
b1000111011101101 b
b10001000100111 9
b10001000100111 T
b10001000100111 a
b10001000100111 c
b1110001010110001 ?
b1110001010110001 E
b1110001010110001 J
b1000111011101101 A
b1000111011101101 I
b1000111011101101 K
b1101111110101 S
b1101111110101 Y
b1101111110101 ^
b10001000100111 U
b10001000100111 ]
b10001000100111 _
1D
1H
1X
1\
b11 >
b11 R
b111 -
b111 6
#304
b1111111110000100 !
0D
0H
0L
0X
0\
0`
b1111111110000100 "
b1111111110000100 8
b1111111110000100 e
b101011001001001 9
b101011001001001 T
b101011001001001 a
b101011001001001 c
b1111111110000100 7
b1111111110000100 @
b1111111110000100 M
b1111111110000100 b
b0 >
b0 R
0d
b111111001001 U
b111111001001 ]
b111111001001 _
b101011001001001 S
b101011001001001 Y
b101011001001001 ^
b1010011011100111 A
b1010011011100111 I
b1010011011100111 K
b1111111110000100 ?
b1111111110000100 E
b1111111110000100 J
b0 -
b0 6
b1011000101010001 +
b1011000101010001 5
b1011000101010001 Q
b1011000101010001 [
b111111001001 *
b111111001001 4
b111111001001 P
b111111001001 Z
b1011101111011011 (
b1011101111011011 3
b1011101111011011 O
b1011101111011011 W
b101011001001001 '
b101011001001001 2
b101011001001001 N
b101011001001001 V
b1001000010111001 &
b1001000010111001 1
b1001000010111001 =
b1001000010111001 G
b1010011011100111 %
b1010011011100111 0
b1010011011100111 <
b1010011011100111 F
b1110010010100111 $
b1110010010100111 /
b1110010010100111 ;
b1110010010100111 C
b1111111110000100 #
b1111111110000100 .
b1111111110000100 :
b1111111110000100 B
b100110 ,
#305
b1110010010100111 "
b1110010010100111 8
b1110010010100111 e
b1110010010100111 !
b1110010010100111 7
b1110010010100111 @
b1110010010100111 M
b1110010010100111 b
b1011101111011011 9
b1011101111011011 T
b1011101111011011 a
b1011101111011011 c
b1110010010100111 ?
b1110010010100111 E
b1110010010100111 J
b1001000010111001 A
b1001000010111001 I
b1001000010111001 K
b1011101111011011 S
b1011101111011011 Y
b1011101111011011 ^
b1011000101010001 U
b1011000101010001 ]
b1011000101010001 _
1D
1H
1X
1\
b1 >
b1 R
b1 -
b1 6
#306
b1010011011100111 "
b1010011011100111 8
b1010011011100111 e
b1010011011100111 !
b1111111110000100 ?
b1111111110000100 E
b1111111110000100 J
b1010011011100111 A
b1010011011100111 I
b1010011011100111 K
b1010011011100111 7
b1010011011100111 @
b1010011011100111 M
b1010011011100111 b
b101011001001001 S
b101011001001001 Y
b101011001001001 ^
b111111001001 U
b111111001001 ]
b111111001001 _
b111111001001 9
b111111001001 T
b111111001001 a
b111111001001 c
0D
0H
1L
0X
0\
1`
b10 >
b10 R
b10 -
b10 6
#307
b1001000010111001 "
b1001000010111001 8
b1001000010111001 e
b1001000010111001 !
b1001000010111001 7
b1001000010111001 @
b1001000010111001 M
b1001000010111001 b
b1011000101010001 9
b1011000101010001 T
b1011000101010001 a
b1011000101010001 c
b1110010010100111 ?
b1110010010100111 E
b1110010010100111 J
b1001000010111001 A
b1001000010111001 I
b1001000010111001 K
b1011101111011011 S
b1011101111011011 Y
b1011101111011011 ^
b1011000101010001 U
b1011000101010001 ]
b1011000101010001 _
1D
1H
1X
1\
b11 >
b11 R
b11 -
b11 6
#308
b1111111110000100 ?
b1111111110000100 E
b1111111110000100 J
b1010011011100111 A
b1010011011100111 I
b1010011011100111 K
b1111111110000100 7
b1111111110000100 @
b1111111110000100 M
b1111111110000100 b
b101011001001001 S
b101011001001001 Y
b101011001001001 ^
b111111001001 U
b111111001001 ]
b111111001001 _
b101011001001001 9
b101011001001001 T
b101011001001001 a
b101011001001001 c
b101011001001001 !
0D
0H
0L
0X
0\
0`
b101011001001001 "
b101011001001001 8
b101011001001001 e
b0 >
b0 R
1d
b100 -
b100 6
#309
b1011101111011011 "
b1011101111011011 8
b1011101111011011 e
b1011101111011011 !
b1110010010100111 7
b1110010010100111 @
b1110010010100111 M
b1110010010100111 b
b1011101111011011 9
b1011101111011011 T
b1011101111011011 a
b1011101111011011 c
b1110010010100111 ?
b1110010010100111 E
b1110010010100111 J
b1001000010111001 A
b1001000010111001 I
b1001000010111001 K
b1011101111011011 S
b1011101111011011 Y
b1011101111011011 ^
b1011000101010001 U
b1011000101010001 ]
b1011000101010001 _
1D
1H
1X
1\
b1 >
b1 R
b101 -
b101 6
#310
b111111001001 "
b111111001001 8
b111111001001 e
b111111001001 !
b1111111110000100 ?
b1111111110000100 E
b1111111110000100 J
b1010011011100111 A
b1010011011100111 I
b1010011011100111 K
b1010011011100111 7
b1010011011100111 @
b1010011011100111 M
b1010011011100111 b
b101011001001001 S
b101011001001001 Y
b101011001001001 ^
b111111001001 U
b111111001001 ]
b111111001001 _
b111111001001 9
b111111001001 T
b111111001001 a
b111111001001 c
0D
0H
1L
0X
0\
1`
b10 >
b10 R
b110 -
b110 6
#311
b1011000101010001 "
b1011000101010001 8
b1011000101010001 e
b1011000101010001 !
b1001000010111001 7
b1001000010111001 @
b1001000010111001 M
b1001000010111001 b
b1011000101010001 9
b1011000101010001 T
b1011000101010001 a
b1011000101010001 c
b1110010010100111 ?
b1110010010100111 E
b1110010010100111 J
b1001000010111001 A
b1001000010111001 I
b1001000010111001 K
b1011101111011011 S
b1011101111011011 Y
b1011101111011011 ^
b1011000101010001 U
b1011000101010001 ]
b1011000101010001 _
1D
1H
1X
1\
b11 >
b11 R
b111 -
b111 6
#312
b101111010100001 !
0D
0H
0L
0X
0\
0`
b101111010100001 "
b101111010100001 8
b101111010100001 e
b10110000011 9
b10110000011 T
b10110000011 a
b10110000011 c
b101111010100001 7
b101111010100001 @
b101111010100001 M
b101111010100001 b
b0 >
b0 R
0d
b1010001110010 U
b1010001110010 ]
b1010001110010 _
b10110000011 S
b10110000011 Y
b10110000011 ^
b100010111111010 A
b100010111111010 I
b100010111111010 K
b101111010100001 ?
b101111010100001 E
b101111010100001 J
b0 -
b0 6
b11110011111110 +
b11110011111110 5
b11110011111110 Q
b11110011111110 [
b1010001110010 *
b1010001110010 4
b1010001110010 P
b1010001110010 Z
b100001001111100 (
b100001001111100 3
b100001001111100 O
b100001001111100 W
b10110000011 '
b10110000011 2
b10110000011 N
b10110000011 V
b10000001000101 &
b10000001000101 1
b10000001000101 =
b10000001000101 G
b100010111111010 %
b100010111111010 0
b100010111111010 <
b100010111111010 F
b1101110100101010 $
b1101110100101010 /
b1101110100101010 ;
b1101110100101010 C
b101111010100001 #
b101111010100001 .
b101111010100001 :
b101111010100001 B
b100111 ,
#313
b1101110100101010 "
b1101110100101010 8
b1101110100101010 e
b1101110100101010 !
b1101110100101010 7
b1101110100101010 @
b1101110100101010 M
b1101110100101010 b
b100001001111100 9
b100001001111100 T
b100001001111100 a
b100001001111100 c
b1101110100101010 ?
b1101110100101010 E
b1101110100101010 J
b10000001000101 A
b10000001000101 I
b10000001000101 K
b100001001111100 S
b100001001111100 Y
b100001001111100 ^
b11110011111110 U
b11110011111110 ]
b11110011111110 _
1D
1H
1X
1\
b1 >
b1 R
b1 -
b1 6
#314
b100010111111010 "
b100010111111010 8
b100010111111010 e
b100010111111010 !
b101111010100001 ?
b101111010100001 E
b101111010100001 J
b100010111111010 A
b100010111111010 I
b100010111111010 K
b100010111111010 7
b100010111111010 @
b100010111111010 M
b100010111111010 b
b10110000011 S
b10110000011 Y
b10110000011 ^
b1010001110010 U
b1010001110010 ]
b1010001110010 _
b1010001110010 9
b1010001110010 T
b1010001110010 a
b1010001110010 c
0D
0H
1L
0X
0\
1`
b10 >
b10 R
b10 -
b10 6
#315
b10000001000101 "
b10000001000101 8
b10000001000101 e
b10000001000101 !
b10000001000101 7
b10000001000101 @
b10000001000101 M
b10000001000101 b
b11110011111110 9
b11110011111110 T
b11110011111110 a
b11110011111110 c
b1101110100101010 ?
b1101110100101010 E
b1101110100101010 J
b10000001000101 A
b10000001000101 I
b10000001000101 K
b100001001111100 S
b100001001111100 Y
b100001001111100 ^
b11110011111110 U
b11110011111110 ]
b11110011111110 _
1D
1H
1X
1\
b11 >
b11 R
b11 -
b11 6
#316
b101111010100001 ?
b101111010100001 E
b101111010100001 J
b100010111111010 A
b100010111111010 I
b100010111111010 K
b101111010100001 7
b101111010100001 @
b101111010100001 M
b101111010100001 b
b10110000011 S
b10110000011 Y
b10110000011 ^
b1010001110010 U
b1010001110010 ]
b1010001110010 _
b10110000011 9
b10110000011 T
b10110000011 a
b10110000011 c
b10110000011 !
0D
0H
0L
0X
0\
0`
b10110000011 "
b10110000011 8
b10110000011 e
b0 >
b0 R
1d
b100 -
b100 6
#317
b100001001111100 "
b100001001111100 8
b100001001111100 e
b100001001111100 !
b1101110100101010 7
b1101110100101010 @
b1101110100101010 M
b1101110100101010 b
b100001001111100 9
b100001001111100 T
b100001001111100 a
b100001001111100 c
b1101110100101010 ?
b1101110100101010 E
b1101110100101010 J
b10000001000101 A
b10000001000101 I
b10000001000101 K
b100001001111100 S
b100001001111100 Y
b100001001111100 ^
b11110011111110 U
b11110011111110 ]
b11110011111110 _
1D
1H
1X
1\
b1 >
b1 R
b101 -
b101 6
#318
b1010001110010 "
b1010001110010 8
b1010001110010 e
b1010001110010 !
b101111010100001 ?
b101111010100001 E
b101111010100001 J
b100010111111010 A
b100010111111010 I
b100010111111010 K
b100010111111010 7
b100010111111010 @
b100010111111010 M
b100010111111010 b
b10110000011 S
b10110000011 Y
b10110000011 ^
b1010001110010 U
b1010001110010 ]
b1010001110010 _
b1010001110010 9
b1010001110010 T
b1010001110010 a
b1010001110010 c
0D
0H
1L
0X
0\
1`
b10 >
b10 R
b110 -
b110 6
#319
b11110011111110 "
b11110011111110 8
b11110011111110 e
b11110011111110 !
b10000001000101 7
b10000001000101 @
b10000001000101 M
b10000001000101 b
b11110011111110 9
b11110011111110 T
b11110011111110 a
b11110011111110 c
b1101110100101010 ?
b1101110100101010 E
b1101110100101010 J
b10000001000101 A
b10000001000101 I
b10000001000101 K
b100001001111100 S
b100001001111100 Y
b100001001111100 ^
b11110011111110 U
b11110011111110 ]
b11110011111110 _
1D
1H
1X
1\
b11 >
b11 R
b111 -
b111 6
#320
b1111001001101000 !
0D
0H
0L
0X
0\
0`
b1111001001101000 "
b1111001001101000 8
b1111001001101000 e
b1001011100111000 9
b1001011100111000 T
b1001011100111000 a
b1001011100111000 c
b1111001001101000 7
b1111001001101000 @
b1111001001101000 M
b1111001001101000 b
b0 >
b0 R
0d
b111011000101000 U
b111011000101000 ]
b111011000101000 _
b1001011100111000 S
b1001011100111000 Y
b1001011100111000 ^
b110110000110 A
b110110000110 I
b110110000110 K
b1111001001101000 ?
b1111001001101000 E
b1111001001101000 J
b0 -
b0 6
b1010100111110110 +
b1010100111110110 5
b1010100111110110 Q
b1010100111110110 [
b111011000101000 *
b111011000101000 4
b111011000101000 P
b111011000101000 Z
b1001000101000000 (
b1001000101000000 3
b1001000101000000 O
b1001000101000000 W
b1001011100111000 '
b1001011100111000 2
b1001011100111000 N
b1001011100111000 V
b10000111110000 &
b10000111110000 1
b10000111110000 =
b10000111110000 G
b110110000110 %
b110110000110 0
b110110000110 <
b110110000110 F
b1010101001101111 $
b1010101001101111 /
b1010101001101111 ;
b1010101001101111 C
b1111001001101000 #
b1111001001101000 .
b1111001001101000 :
b1111001001101000 B
b101000 ,
#321
b1010101001101111 "
b1010101001101111 8
b1010101001101111 e
b1010101001101111 !
b1010101001101111 7
b1010101001101111 @
b1010101001101111 M
b1010101001101111 b
b1001000101000000 9
b1001000101000000 T
b1001000101000000 a
b1001000101000000 c
b1010101001101111 ?
b1010101001101111 E
b1010101001101111 J
b10000111110000 A
b10000111110000 I
b10000111110000 K
b1001000101000000 S
b1001000101000000 Y
b1001000101000000 ^
b1010100111110110 U
b1010100111110110 ]
b1010100111110110 _
1D
1H
1X
1\
b1 >
b1 R
b1 -
b1 6
#322
b110110000110 "
b110110000110 8
b110110000110 e
b110110000110 !
b1111001001101000 ?
b1111001001101000 E
b1111001001101000 J
b110110000110 A
b110110000110 I
b110110000110 K
b110110000110 7
b110110000110 @
b110110000110 M
b110110000110 b
b1001011100111000 S
b1001011100111000 Y
b1001011100111000 ^
b111011000101000 U
b111011000101000 ]
b111011000101000 _
b111011000101000 9
b111011000101000 T
b111011000101000 a
b111011000101000 c
0D
0H
1L
0X
0\
1`
b10 >
b10 R
b10 -
b10 6
#323
b10000111110000 "
b10000111110000 8
b10000111110000 e
b10000111110000 !
b10000111110000 7
b10000111110000 @
b10000111110000 M
b10000111110000 b
b1010100111110110 9
b1010100111110110 T
b1010100111110110 a
b1010100111110110 c
b1010101001101111 ?
b1010101001101111 E
b1010101001101111 J
b10000111110000 A
b10000111110000 I
b10000111110000 K
b1001000101000000 S
b1001000101000000 Y
b1001000101000000 ^
b1010100111110110 U
b1010100111110110 ]
b1010100111110110 _
1D
1H
1X
1\
b11 >
b11 R
b11 -
b11 6
#324
b1111001001101000 ?
b1111001001101000 E
b1111001001101000 J
b110110000110 A
b110110000110 I
b110110000110 K
b1111001001101000 7
b1111001001101000 @
b1111001001101000 M
b1111001001101000 b
b1001011100111000 S
b1001011100111000 Y
b1001011100111000 ^
b111011000101000 U
b111011000101000 ]
b111011000101000 _
b1001011100111000 9
b1001011100111000 T
b1001011100111000 a
b1001011100111000 c
b1001011100111000 !
0D
0H
0L
0X
0\
0`
b1001011100111000 "
b1001011100111000 8
b1001011100111000 e
b0 >
b0 R
1d
b100 -
b100 6
#325
b1001000101000000 "
b1001000101000000 8
b1001000101000000 e
b1001000101000000 !
b1010101001101111 7
b1010101001101111 @
b1010101001101111 M
b1010101001101111 b
b1001000101000000 9
b1001000101000000 T
b1001000101000000 a
b1001000101000000 c
b1010101001101111 ?
b1010101001101111 E
b1010101001101111 J
b10000111110000 A
b10000111110000 I
b10000111110000 K
b1001000101000000 S
b1001000101000000 Y
b1001000101000000 ^
b1010100111110110 U
b1010100111110110 ]
b1010100111110110 _
1D
1H
1X
1\
b1 >
b1 R
b101 -
b101 6
#326
b111011000101000 "
b111011000101000 8
b111011000101000 e
b111011000101000 !
b1111001001101000 ?
b1111001001101000 E
b1111001001101000 J
b110110000110 A
b110110000110 I
b110110000110 K
b110110000110 7
b110110000110 @
b110110000110 M
b110110000110 b
b1001011100111000 S
b1001011100111000 Y
b1001011100111000 ^
b111011000101000 U
b111011000101000 ]
b111011000101000 _
b111011000101000 9
b111011000101000 T
b111011000101000 a
b111011000101000 c
0D
0H
1L
0X
0\
1`
b10 >
b10 R
b110 -
b110 6
#327
b1010100111110110 "
b1010100111110110 8
b1010100111110110 e
b1010100111110110 !
b10000111110000 7
b10000111110000 @
b10000111110000 M
b10000111110000 b
b1010100111110110 9
b1010100111110110 T
b1010100111110110 a
b1010100111110110 c
b1010101001101111 ?
b1010101001101111 E
b1010101001101111 J
b10000111110000 A
b10000111110000 I
b10000111110000 K
b1001000101000000 S
b1001000101000000 Y
b1001000101000000 ^
b1010100111110110 U
b1010100111110110 ]
b1010100111110110 _
1D
1H
1X
1\
b11 >
b11 R
b111 -
b111 6
#328
b1101011000101 !
0D
0H
0L
0X
0\
0`
b1101011000101 "
b1101011000101 8
b1101011000101 e
b110101010110000 9
b110101010110000 T
b110101010110000 a
b110101010110000 c
b1101011000101 7
b1101011000101 @
b1101011000101 M
b1101011000101 b
b0 >
b0 R
0d
b1001001100101010 U
b1001001100101010 ]
b1001001100101010 _
b110101010110000 S
b110101010110000 Y
b110101010110000 ^
b101111101110100 A
b101111101110100 I
b101111101110100 K
b1101011000101 ?
b1101011000101 E
b1101011000101 J
b0 -
b0 6
b1101001101100010 +
b1101001101100010 5
b1101001101100010 Q
b1101001101100010 [
b1001001100101010 *
b1001001100101010 4
b1001001100101010 P
b1001001100101010 Z
b1000011100111100 (
b1000011100111100 3
b1000011100111100 O
b1000011100111100 W
b110101010110000 '
b110101010110000 2
b110101010110000 N
b110101010110000 V
b111000100111001 &
b111000100111001 1
b111000100111001 =
b111000100111001 G
b101111101110100 %
b101111101110100 0
b101111101110100 <
b101111101110100 F
b11000111000000 $
b11000111000000 /
b11000111000000 ;
b11000111000000 C
b1101011000101 #
b1101011000101 .
b1101011000101 :
b1101011000101 B
b101001 ,
#329
b11000111000000 "
b11000111000000 8
b11000111000000 e
b11000111000000 !
b11000111000000 7
b11000111000000 @
b11000111000000 M
b11000111000000 b
b1000011100111100 9
b1000011100111100 T
b1000011100111100 a
b1000011100111100 c
b11000111000000 ?
b11000111000000 E
b11000111000000 J
b111000100111001 A
b111000100111001 I
b111000100111001 K
b1000011100111100 S
b1000011100111100 Y
b1000011100111100 ^
b1101001101100010 U
b1101001101100010 ]
b1101001101100010 _
1D
1H
1X
1\
b1 >
b1 R
b1 -
b1 6
#330
b101111101110100 "
b101111101110100 8
b101111101110100 e
b101111101110100 !
b1101011000101 ?
b1101011000101 E
b1101011000101 J
b101111101110100 A
b101111101110100 I
b101111101110100 K
b101111101110100 7
b101111101110100 @
b101111101110100 M
b101111101110100 b
b110101010110000 S
b110101010110000 Y
b110101010110000 ^
b1001001100101010 U
b1001001100101010 ]
b1001001100101010 _
b1001001100101010 9
b1001001100101010 T
b1001001100101010 a
b1001001100101010 c
0D
0H
1L
0X
0\
1`
b10 >
b10 R
b10 -
b10 6
#331
b111000100111001 "
b111000100111001 8
b111000100111001 e
b111000100111001 !
b111000100111001 7
b111000100111001 @
b111000100111001 M
b111000100111001 b
b1101001101100010 9
b1101001101100010 T
b1101001101100010 a
b1101001101100010 c
b11000111000000 ?
b11000111000000 E
b11000111000000 J
b111000100111001 A
b111000100111001 I
b111000100111001 K
b1000011100111100 S
b1000011100111100 Y
b1000011100111100 ^
b1101001101100010 U
b1101001101100010 ]
b1101001101100010 _
1D
1H
1X
1\
b11 >
b11 R
b11 -
b11 6
#332
b1101011000101 ?
b1101011000101 E
b1101011000101 J
b101111101110100 A
b101111101110100 I
b101111101110100 K
b1101011000101 7
b1101011000101 @
b1101011000101 M
b1101011000101 b
b110101010110000 S
b110101010110000 Y
b110101010110000 ^
b1001001100101010 U
b1001001100101010 ]
b1001001100101010 _
b110101010110000 9
b110101010110000 T
b110101010110000 a
b110101010110000 c
b110101010110000 !
0D
0H
0L
0X
0\
0`
b110101010110000 "
b110101010110000 8
b110101010110000 e
b0 >
b0 R
1d
b100 -
b100 6
#333
b1000011100111100 "
b1000011100111100 8
b1000011100111100 e
b1000011100111100 !
b11000111000000 7
b11000111000000 @
b11000111000000 M
b11000111000000 b
b1000011100111100 9
b1000011100111100 T
b1000011100111100 a
b1000011100111100 c
b11000111000000 ?
b11000111000000 E
b11000111000000 J
b111000100111001 A
b111000100111001 I
b111000100111001 K
b1000011100111100 S
b1000011100111100 Y
b1000011100111100 ^
b1101001101100010 U
b1101001101100010 ]
b1101001101100010 _
1D
1H
1X
1\
b1 >
b1 R
b101 -
b101 6
#334
b1001001100101010 "
b1001001100101010 8
b1001001100101010 e
b1001001100101010 !
b1101011000101 ?
b1101011000101 E
b1101011000101 J
b101111101110100 A
b101111101110100 I
b101111101110100 K
b101111101110100 7
b101111101110100 @
b101111101110100 M
b101111101110100 b
b110101010110000 S
b110101010110000 Y
b110101010110000 ^
b1001001100101010 U
b1001001100101010 ]
b1001001100101010 _
b1001001100101010 9
b1001001100101010 T
b1001001100101010 a
b1001001100101010 c
0D
0H
1L
0X
0\
1`
b10 >
b10 R
b110 -
b110 6
#335
b1101001101100010 "
b1101001101100010 8
b1101001101100010 e
b1101001101100010 !
b111000100111001 7
b111000100111001 @
b111000100111001 M
b111000100111001 b
b1101001101100010 9
b1101001101100010 T
b1101001101100010 a
b1101001101100010 c
b11000111000000 ?
b11000111000000 E
b11000111000000 J
b111000100111001 A
b111000100111001 I
b111000100111001 K
b1000011100111100 S
b1000011100111100 Y
b1000011100111100 ^
b1101001101100010 U
b1101001101100010 ]
b1101001101100010 _
1D
1H
1X
1\
b11 >
b11 R
b111 -
b111 6
#336
b11010100010101 !
0D
0H
0L
0X
0\
0`
b11010100010101 "
b11010100010101 8
b11010100010101 e
b1110001111001001 9
b1110001111001001 T
b1110001111001001 a
b1110001111001001 c
b11010100010101 7
b11010100010101 @
b11010100010101 M
b11010100010101 b
b0 >
b0 R
0d
b1100101100100101 U
b1100101100100101 ]
b1100101100100101 _
b1110001111001001 S
b1110001111001001 Y
b1110001111001001 ^
b1001110100010111 A
b1001110100010111 I
b1001110100010111 K
b11010100010101 ?
b11010100010101 E
b11010100010101 J
b0 -
b0 6
b1001110111000001 +
b1001110111000001 5
b1001110111000001 Q
b1001110111000001 [
b1100101100100101 *
b1100101100100101 4
b1100101100100101 P
b1100101100100101 Z
b10010000110 (
b10010000110 3
b10010000110 O
b10010000110 W
b1110001111001001 '
b1110001111001001 2
b1110001111001001 N
b1110001111001001 V
b1110111001000011 &
b1110111001000011 1
b1110111001000011 =
b1110111001000011 G
b1001110100010111 %
b1001110100010111 0
b1001110100010111 <
b1001110100010111 F
b100111011100001 $
b100111011100001 /
b100111011100001 ;
b100111011100001 C
b11010100010101 #
b11010100010101 .
b11010100010101 :
b11010100010101 B
b101010 ,
#337
b100111011100001 "
b100111011100001 8
b100111011100001 e
b100111011100001 !
b100111011100001 7
b100111011100001 @
b100111011100001 M
b100111011100001 b
b10010000110 9
b10010000110 T
b10010000110 a
b10010000110 c
b100111011100001 ?
b100111011100001 E
b100111011100001 J
b1110111001000011 A
b1110111001000011 I
b1110111001000011 K
b10010000110 S
b10010000110 Y
b10010000110 ^
b1001110111000001 U
b1001110111000001 ]
b1001110111000001 _
1D
1H
1X
1\
b1 >
b1 R
b1 -
b1 6
#338
b1001110100010111 "
b1001110100010111 8
b1001110100010111 e
b1001110100010111 !
b11010100010101 ?
b11010100010101 E
b11010100010101 J
b1001110100010111 A
b1001110100010111 I
b1001110100010111 K
b1001110100010111 7
b1001110100010111 @
b1001110100010111 M
b1001110100010111 b
b1110001111001001 S
b1110001111001001 Y
b1110001111001001 ^
b1100101100100101 U
b1100101100100101 ]
b1100101100100101 _
b1100101100100101 9
b1100101100100101 T
b1100101100100101 a
b1100101100100101 c
0D
0H
1L
0X
0\
1`
b10 >
b10 R
b10 -
b10 6
#339
b1110111001000011 "
b1110111001000011 8
b1110111001000011 e
b1110111001000011 !
b1110111001000011 7
b1110111001000011 @
b1110111001000011 M
b1110111001000011 b
b1001110111000001 9
b1001110111000001 T
b1001110111000001 a
b1001110111000001 c
b100111011100001 ?
b100111011100001 E
b100111011100001 J
b1110111001000011 A
b1110111001000011 I
b1110111001000011 K
b10010000110 S
b10010000110 Y
b10010000110 ^
b1001110111000001 U
b1001110111000001 ]
b1001110111000001 _
1D
1H
1X
1\
b11 >
b11 R
b11 -
b11 6
#340
b11010100010101 ?
b11010100010101 E
b11010100010101 J
b1001110100010111 A
b1001110100010111 I
b1001110100010111 K
b11010100010101 7
b11010100010101 @
b11010100010101 M
b11010100010101 b
b1110001111001001 S
b1110001111001001 Y
b1110001111001001 ^
b1100101100100101 U
b1100101100100101 ]
b1100101100100101 _
b1110001111001001 9
b1110001111001001 T
b1110001111001001 a
b1110001111001001 c
b1110001111001001 !
0D
0H
0L
0X
0\
0`
b1110001111001001 "
b1110001111001001 8
b1110001111001001 e
b0 >
b0 R
1d
b100 -
b100 6
#341
b10010000110 "
b10010000110 8
b10010000110 e
b10010000110 !
b100111011100001 7
b100111011100001 @
b100111011100001 M
b100111011100001 b
b10010000110 9
b10010000110 T
b10010000110 a
b10010000110 c
b100111011100001 ?
b100111011100001 E
b100111011100001 J
b1110111001000011 A
b1110111001000011 I
b1110111001000011 K
b10010000110 S
b10010000110 Y
b10010000110 ^
b1001110111000001 U
b1001110111000001 ]
b1001110111000001 _
1D
1H
1X
1\
b1 >
b1 R
b101 -
b101 6
#342
b1100101100100101 "
b1100101100100101 8
b1100101100100101 e
b1100101100100101 !
b11010100010101 ?
b11010100010101 E
b11010100010101 J
b1001110100010111 A
b1001110100010111 I
b1001110100010111 K
b1001110100010111 7
b1001110100010111 @
b1001110100010111 M
b1001110100010111 b
b1110001111001001 S
b1110001111001001 Y
b1110001111001001 ^
b1100101100100101 U
b1100101100100101 ]
b1100101100100101 _
b1100101100100101 9
b1100101100100101 T
b1100101100100101 a
b1100101100100101 c
0D
0H
1L
0X
0\
1`
b10 >
b10 R
b110 -
b110 6
#343
b1001110111000001 "
b1001110111000001 8
b1001110111000001 e
b1001110111000001 !
b1110111001000011 7
b1110111001000011 @
b1110111001000011 M
b1110111001000011 b
b1001110111000001 9
b1001110111000001 T
b1001110111000001 a
b1001110111000001 c
b100111011100001 ?
b100111011100001 E
b100111011100001 J
b1110111001000011 A
b1110111001000011 I
b1110111001000011 K
b10010000110 S
b10010000110 Y
b10010000110 ^
b1001110111000001 U
b1001110111000001 ]
b1001110111000001 _
1D
1H
1X
1\
b11 >
b11 R
b111 -
b111 6
#344
b1010001010001101 !
0D
0H
0L
0X
0\
0`
b1010001010001101 "
b1010001010001101 8
b1010001010001101 e
b101110100001100 9
b101110100001100 T
b101110100001100 a
b101110100001100 c
b1010001010001101 7
b1010001010001101 @
b1010001010001101 M
b1010001010001101 b
b0 >
b0 R
0d
b111110000111011 U
b111110000111011 ]
b111110000111011 _
b101110100001100 S
b101110100001100 Y
b101110100001100 ^
b10011100000111 A
b10011100000111 I
b10011100000111 K
b1010001010001101 ?
b1010001010001101 E
b1010001010001101 J
b0 -
b0 6
b1110010110110110 +
b1110010110110110 5
b1110010110110110 Q
b1110010110110110 [
b111110000111011 *
b111110000111011 4
b111110000111011 P
b111110000111011 Z
b1110011001110001 (
b1110011001110001 3
b1110011001110001 O
b1110011001110001 W
b101110100001100 '
b101110100001100 2
b101110100001100 N
b101110100001100 V
b111101100101100 &
b111101100101100 1
b111101100101100 =
b111101100101100 G
b10011100000111 %
b10011100000111 0
b10011100000111 <
b10011100000111 F
b1110001001011010 $
b1110001001011010 /
b1110001001011010 ;
b1110001001011010 C
b1010001010001101 #
b1010001010001101 .
b1010001010001101 :
b1010001010001101 B
b101011 ,
#345
b1110001001011010 "
b1110001001011010 8
b1110001001011010 e
b1110001001011010 !
b1110001001011010 7
b1110001001011010 @
b1110001001011010 M
b1110001001011010 b
b1110011001110001 9
b1110011001110001 T
b1110011001110001 a
b1110011001110001 c
b1110001001011010 ?
b1110001001011010 E
b1110001001011010 J
b111101100101100 A
b111101100101100 I
b111101100101100 K
b1110011001110001 S
b1110011001110001 Y
b1110011001110001 ^
b1110010110110110 U
b1110010110110110 ]
b1110010110110110 _
1D
1H
1X
1\
b1 >
b1 R
b1 -
b1 6
#346
b10011100000111 "
b10011100000111 8
b10011100000111 e
b10011100000111 !
b1010001010001101 ?
b1010001010001101 E
b1010001010001101 J
b10011100000111 A
b10011100000111 I
b10011100000111 K
b10011100000111 7
b10011100000111 @
b10011100000111 M
b10011100000111 b
b101110100001100 S
b101110100001100 Y
b101110100001100 ^
b111110000111011 U
b111110000111011 ]
b111110000111011 _
b111110000111011 9
b111110000111011 T
b111110000111011 a
b111110000111011 c
0D
0H
1L
0X
0\
1`
b10 >
b10 R
b10 -
b10 6
#347
b111101100101100 "
b111101100101100 8
b111101100101100 e
b111101100101100 !
b111101100101100 7
b111101100101100 @
b111101100101100 M
b111101100101100 b
b1110010110110110 9
b1110010110110110 T
b1110010110110110 a
b1110010110110110 c
b1110001001011010 ?
b1110001001011010 E
b1110001001011010 J
b111101100101100 A
b111101100101100 I
b111101100101100 K
b1110011001110001 S
b1110011001110001 Y
b1110011001110001 ^
b1110010110110110 U
b1110010110110110 ]
b1110010110110110 _
1D
1H
1X
1\
b11 >
b11 R
b11 -
b11 6
#348
b1010001010001101 ?
b1010001010001101 E
b1010001010001101 J
b10011100000111 A
b10011100000111 I
b10011100000111 K
b1010001010001101 7
b1010001010001101 @
b1010001010001101 M
b1010001010001101 b
b101110100001100 S
b101110100001100 Y
b101110100001100 ^
b111110000111011 U
b111110000111011 ]
b111110000111011 _
b101110100001100 9
b101110100001100 T
b101110100001100 a
b101110100001100 c
b101110100001100 !
0D
0H
0L
0X
0\
0`
b101110100001100 "
b101110100001100 8
b101110100001100 e
b0 >
b0 R
1d
b100 -
b100 6
#349
b1110011001110001 "
b1110011001110001 8
b1110011001110001 e
b1110011001110001 !
b1110001001011010 7
b1110001001011010 @
b1110001001011010 M
b1110001001011010 b
b1110011001110001 9
b1110011001110001 T
b1110011001110001 a
b1110011001110001 c
b1110001001011010 ?
b1110001001011010 E
b1110001001011010 J
b111101100101100 A
b111101100101100 I
b111101100101100 K
b1110011001110001 S
b1110011001110001 Y
b1110011001110001 ^
b1110010110110110 U
b1110010110110110 ]
b1110010110110110 _
1D
1H
1X
1\
b1 >
b1 R
b101 -
b101 6
#350
b111110000111011 "
b111110000111011 8
b111110000111011 e
b111110000111011 !
b1010001010001101 ?
b1010001010001101 E
b1010001010001101 J
b10011100000111 A
b10011100000111 I
b10011100000111 K
b10011100000111 7
b10011100000111 @
b10011100000111 M
b10011100000111 b
b101110100001100 S
b101110100001100 Y
b101110100001100 ^
b111110000111011 U
b111110000111011 ]
b111110000111011 _
b111110000111011 9
b111110000111011 T
b111110000111011 a
b111110000111011 c
0D
0H
1L
0X
0\
1`
b10 >
b10 R
b110 -
b110 6
#351
b1110010110110110 "
b1110010110110110 8
b1110010110110110 e
b1110010110110110 !
b111101100101100 7
b111101100101100 @
b111101100101100 M
b111101100101100 b
b1110010110110110 9
b1110010110110110 T
b1110010110110110 a
b1110010110110110 c
b1110001001011010 ?
b1110001001011010 E
b1110001001011010 J
b111101100101100 A
b111101100101100 I
b111101100101100 K
b1110011001110001 S
b1110011001110001 Y
b1110011001110001 ^
b1110010110110110 U
b1110010110110110 ]
b1110010110110110 _
1D
1H
1X
1\
b11 >
b11 R
b111 -
b111 6
#352
b1100001011110111 !
0D
0H
0L
0X
0\
0`
b1100001011110111 "
b1100001011110111 8
b1100001011110111 e
b11101000100000 9
b11101000100000 T
b11101000100000 a
b11101000100000 c
b1100001011110111 7
b1100001011110111 @
b1100001011110111 M
b1100001011110111 b
b0 >
b0 R
0d
b100101110010 U
b100101110010 ]
b100101110010 _
b11101000100000 S
b11101000100000 Y
b11101000100000 ^
b101100001011100 A
b101100001011100 I
b101100001011100 K
b1100001011110111 ?
b1100001011110111 E
b1100001011110111 J
b0 -
b0 6
b1000110010110100 +
b1000110010110100 5
b1000110010110100 Q
b1000110010110100 [
b100101110010 *
b100101110010 4
b100101110010 P
b100101110010 Z
b1001010100000 (
b1001010100000 3
b1001010100000 O
b1001010100000 W
b11101000100000 '
b11101000100000 2
b11101000100000 N
b11101000100000 V
b1111011101010101 &
b1111011101010101 1
b1111011101010101 =
b1111011101010101 G
b101100001011100 %
b101100001011100 0
b101100001011100 <
b101100001011100 F
b1100111010011110 $
b1100111010011110 /
b1100111010011110 ;
b1100111010011110 C
b1100001011110111 #
b1100001011110111 .
b1100001011110111 :
b1100001011110111 B
b101100 ,
#353
b1100111010011110 "
b1100111010011110 8
b1100111010011110 e
b1100111010011110 !
b1100111010011110 7
b1100111010011110 @
b1100111010011110 M
b1100111010011110 b
b1001010100000 9
b1001010100000 T
b1001010100000 a
b1001010100000 c
b1100111010011110 ?
b1100111010011110 E
b1100111010011110 J
b1111011101010101 A
b1111011101010101 I
b1111011101010101 K
b1001010100000 S
b1001010100000 Y
b1001010100000 ^
b1000110010110100 U
b1000110010110100 ]
b1000110010110100 _
1D
1H
1X
1\
b1 >
b1 R
b1 -
b1 6
#354
b101100001011100 "
b101100001011100 8
b101100001011100 e
b101100001011100 !
b1100001011110111 ?
b1100001011110111 E
b1100001011110111 J
b101100001011100 A
b101100001011100 I
b101100001011100 K
b101100001011100 7
b101100001011100 @
b101100001011100 M
b101100001011100 b
b11101000100000 S
b11101000100000 Y
b11101000100000 ^
b100101110010 U
b100101110010 ]
b100101110010 _
b100101110010 9
b100101110010 T
b100101110010 a
b100101110010 c
0D
0H
1L
0X
0\
1`
b10 >
b10 R
b10 -
b10 6
#355
b1111011101010101 "
b1111011101010101 8
b1111011101010101 e
b1111011101010101 !
b1111011101010101 7
b1111011101010101 @
b1111011101010101 M
b1111011101010101 b
b1000110010110100 9
b1000110010110100 T
b1000110010110100 a
b1000110010110100 c
b1100111010011110 ?
b1100111010011110 E
b1100111010011110 J
b1111011101010101 A
b1111011101010101 I
b1111011101010101 K
b1001010100000 S
b1001010100000 Y
b1001010100000 ^
b1000110010110100 U
b1000110010110100 ]
b1000110010110100 _
1D
1H
1X
1\
b11 >
b11 R
b11 -
b11 6
#356
b1100001011110111 ?
b1100001011110111 E
b1100001011110111 J
b101100001011100 A
b101100001011100 I
b101100001011100 K
b1100001011110111 7
b1100001011110111 @
b1100001011110111 M
b1100001011110111 b
b11101000100000 S
b11101000100000 Y
b11101000100000 ^
b100101110010 U
b100101110010 ]
b100101110010 _
b11101000100000 9
b11101000100000 T
b11101000100000 a
b11101000100000 c
b11101000100000 !
0D
0H
0L
0X
0\
0`
b11101000100000 "
b11101000100000 8
b11101000100000 e
b0 >
b0 R
1d
b100 -
b100 6
#357
b1001010100000 "
b1001010100000 8
b1001010100000 e
b1001010100000 !
b1100111010011110 7
b1100111010011110 @
b1100111010011110 M
b1100111010011110 b
b1001010100000 9
b1001010100000 T
b1001010100000 a
b1001010100000 c
b1100111010011110 ?
b1100111010011110 E
b1100111010011110 J
b1111011101010101 A
b1111011101010101 I
b1111011101010101 K
b1001010100000 S
b1001010100000 Y
b1001010100000 ^
b1000110010110100 U
b1000110010110100 ]
b1000110010110100 _
1D
1H
1X
1\
b1 >
b1 R
b101 -
b101 6
#358
b100101110010 "
b100101110010 8
b100101110010 e
b100101110010 !
b1100001011110111 ?
b1100001011110111 E
b1100001011110111 J
b101100001011100 A
b101100001011100 I
b101100001011100 K
b101100001011100 7
b101100001011100 @
b101100001011100 M
b101100001011100 b
b11101000100000 S
b11101000100000 Y
b11101000100000 ^
b100101110010 U
b100101110010 ]
b100101110010 _
b100101110010 9
b100101110010 T
b100101110010 a
b100101110010 c
0D
0H
1L
0X
0\
1`
b10 >
b10 R
b110 -
b110 6
#359
b1000110010110100 "
b1000110010110100 8
b1000110010110100 e
b1000110010110100 !
b1111011101010101 7
b1111011101010101 @
b1111011101010101 M
b1111011101010101 b
b1000110010110100 9
b1000110010110100 T
b1000110010110100 a
b1000110010110100 c
b1100111010011110 ?
b1100111010011110 E
b1100111010011110 J
b1111011101010101 A
b1111011101010101 I
b1111011101010101 K
b1001010100000 S
b1001010100000 Y
b1001010100000 ^
b1000110010110100 U
b1000110010110100 ]
b1000110010110100 _
1D
1H
1X
1\
b11 >
b11 R
b111 -
b111 6
#360
b1111010111011101 !
0D
0H
0L
0X
0\
0`
b1111010111011101 "
b1111010111011101 8
b1111010111011101 e
b1101101010011110 9
b1101101010011110 T
b1101101010011110 a
b1101101010011110 c
b1111010111011101 7
b1111010111011101 @
b1111010111011101 M
b1111010111011101 b
b0 >
b0 R
0d
b1101001001111011 U
b1101001001111011 ]
b1101001001111011 _
b1101101010011110 S
b1101101010011110 Y
b1101101010011110 ^
b1001100101001011 A
b1001100101001011 I
b1001100101001011 K
b1111010111011101 ?
b1111010111011101 E
b1111010111011101 J
b0 -
b0 6
b111001110001111 +
b111001110001111 5
b111001110001111 Q
b111001110001111 [
b1101001001111011 *
b1101001001111011 4
b1101001001111011 P
b1101001001111011 Z
b110010011111101 (
b110010011111101 3
b110010011111101 O
b110010011111101 W
b1101101010011110 '
b1101101010011110 2
b1101101010011110 N
b1101101010011110 V
b100001001111001 &
b100001001111001 1
b100001001111001 =
b100001001111001 G
b1001100101001011 %
b1001100101001011 0
b1001100101001011 <
b1001100101001011 F
b1111000000001101 $
b1111000000001101 /
b1111000000001101 ;
b1111000000001101 C
b1111010111011101 #
b1111010111011101 .
b1111010111011101 :
b1111010111011101 B
b101101 ,
#361
b1111000000001101 "
b1111000000001101 8
b1111000000001101 e
b1111000000001101 !
b1111000000001101 7
b1111000000001101 @
b1111000000001101 M
b1111000000001101 b
b110010011111101 9
b110010011111101 T
b110010011111101 a
b110010011111101 c
b1111000000001101 ?
b1111000000001101 E
b1111000000001101 J
b100001001111001 A
b100001001111001 I
b100001001111001 K
b110010011111101 S
b110010011111101 Y
b110010011111101 ^
b111001110001111 U
b111001110001111 ]
b111001110001111 _
1D
1H
1X
1\
b1 >
b1 R
b1 -
b1 6
#362
b1001100101001011 "
b1001100101001011 8
b1001100101001011 e
b1001100101001011 !
b1111010111011101 ?
b1111010111011101 E
b1111010111011101 J
b1001100101001011 A
b1001100101001011 I
b1001100101001011 K
b1001100101001011 7
b1001100101001011 @
b1001100101001011 M
b1001100101001011 b
b1101101010011110 S
b1101101010011110 Y
b1101101010011110 ^
b1101001001111011 U
b1101001001111011 ]
b1101001001111011 _
b1101001001111011 9
b1101001001111011 T
b1101001001111011 a
b1101001001111011 c
0D
0H
1L
0X
0\
1`
b10 >
b10 R
b10 -
b10 6
#363
b100001001111001 "
b100001001111001 8
b100001001111001 e
b100001001111001 !
b100001001111001 7
b100001001111001 @
b100001001111001 M
b100001001111001 b
b111001110001111 9
b111001110001111 T
b111001110001111 a
b111001110001111 c
b1111000000001101 ?
b1111000000001101 E
b1111000000001101 J
b100001001111001 A
b100001001111001 I
b100001001111001 K
b110010011111101 S
b110010011111101 Y
b110010011111101 ^
b111001110001111 U
b111001110001111 ]
b111001110001111 _
1D
1H
1X
1\
b11 >
b11 R
b11 -
b11 6
#364
b1111010111011101 ?
b1111010111011101 E
b1111010111011101 J
b1001100101001011 A
b1001100101001011 I
b1001100101001011 K
b1111010111011101 7
b1111010111011101 @
b1111010111011101 M
b1111010111011101 b
b1101101010011110 S
b1101101010011110 Y
b1101101010011110 ^
b1101001001111011 U
b1101001001111011 ]
b1101001001111011 _
b1101101010011110 9
b1101101010011110 T
b1101101010011110 a
b1101101010011110 c
b1101101010011110 !
0D
0H
0L
0X
0\
0`
b1101101010011110 "
b1101101010011110 8
b1101101010011110 e
b0 >
b0 R
1d
b100 -
b100 6
#365
b110010011111101 "
b110010011111101 8
b110010011111101 e
b110010011111101 !
b1111000000001101 7
b1111000000001101 @
b1111000000001101 M
b1111000000001101 b
b110010011111101 9
b110010011111101 T
b110010011111101 a
b110010011111101 c
b1111000000001101 ?
b1111000000001101 E
b1111000000001101 J
b100001001111001 A
b100001001111001 I
b100001001111001 K
b110010011111101 S
b110010011111101 Y
b110010011111101 ^
b111001110001111 U
b111001110001111 ]
b111001110001111 _
1D
1H
1X
1\
b1 >
b1 R
b101 -
b101 6
#366
b1101001001111011 "
b1101001001111011 8
b1101001001111011 e
b1101001001111011 !
b1111010111011101 ?
b1111010111011101 E
b1111010111011101 J
b1001100101001011 A
b1001100101001011 I
b1001100101001011 K
b1001100101001011 7
b1001100101001011 @
b1001100101001011 M
b1001100101001011 b
b1101101010011110 S
b1101101010011110 Y
b1101101010011110 ^
b1101001001111011 U
b1101001001111011 ]
b1101001001111011 _
b1101001001111011 9
b1101001001111011 T
b1101001001111011 a
b1101001001111011 c
0D
0H
1L
0X
0\
1`
b10 >
b10 R
b110 -
b110 6
#367
b111001110001111 "
b111001110001111 8
b111001110001111 e
b111001110001111 !
b100001001111001 7
b100001001111001 @
b100001001111001 M
b100001001111001 b
b111001110001111 9
b111001110001111 T
b111001110001111 a
b111001110001111 c
b1111000000001101 ?
b1111000000001101 E
b1111000000001101 J
b100001001111001 A
b100001001111001 I
b100001001111001 K
b110010011111101 S
b110010011111101 Y
b110010011111101 ^
b111001110001111 U
b111001110001111 ]
b111001110001111 _
1D
1H
1X
1\
b11 >
b11 R
b111 -
b111 6
#368
b1001101000000011 !
0D
0H
0L
0X
0\
0`
b1001101000000011 "
b1001101000000011 8
b1001101000000011 e
b1001111101000100 9
b1001111101000100 T
b1001111101000100 a
b1001111101000100 c
b1001101000000011 7
b1001101000000011 @
b1001101000000011 M
b1001101000000011 b
b0 >
b0 R
0d
b11010011100000 U
b11010011100000 ]
b11010011100000 _
b1001111101000100 S
b1001111101000100 Y
b1001111101000100 ^
b100001100011101 A
b100001100011101 I
b100001100011101 K
b1001101000000011 ?
b1001101000000011 E
b1001101000000011 J
b0 -
b0 6
b111100011101101 +
b111100011101101 5
b111100011101101 Q
b111100011101101 [
b11010011100000 *
b11010011100000 4
b11010011100000 P
b11010011100000 Z
b1011110010010101 (
b1011110010010101 3
b1011110010010101 O
b1011110010010101 W
b1001111101000100 '
b1001111101000100 2
b1001111101000100 N
b1001111101000100 V
b11110110110001 &
b11110110110001 1
b11110110110001 =
b11110110110001 G
b100001100011101 %
b100001100011101 0
b100001100011101 <
b100001100011101 F
b10100111100011 $
b10100111100011 /
b10100111100011 ;
b10100111100011 C
b1001101000000011 #
b1001101000000011 .
b1001101000000011 :
b1001101000000011 B
b101110 ,
#369
b10100111100011 "
b10100111100011 8
b10100111100011 e
b10100111100011 !
b10100111100011 7
b10100111100011 @
b10100111100011 M
b10100111100011 b
b1011110010010101 9
b1011110010010101 T
b1011110010010101 a
b1011110010010101 c
b10100111100011 ?
b10100111100011 E
b10100111100011 J
b11110110110001 A
b11110110110001 I
b11110110110001 K
b1011110010010101 S
b1011110010010101 Y
b1011110010010101 ^
b111100011101101 U
b111100011101101 ]
b111100011101101 _
1D
1H
1X
1\
b1 >
b1 R
b1 -
b1 6
#370
b100001100011101 "
b100001100011101 8
b100001100011101 e
b100001100011101 !
b1001101000000011 ?
b1001101000000011 E
b1001101000000011 J
b100001100011101 A
b100001100011101 I
b100001100011101 K
b100001100011101 7
b100001100011101 @
b100001100011101 M
b100001100011101 b
b1001111101000100 S
b1001111101000100 Y
b1001111101000100 ^
b11010011100000 U
b11010011100000 ]
b11010011100000 _
b11010011100000 9
b11010011100000 T
b11010011100000 a
b11010011100000 c
0D
0H
1L
0X
0\
1`
b10 >
b10 R
b10 -
b10 6
#371
b11110110110001 "
b11110110110001 8
b11110110110001 e
b11110110110001 !
b11110110110001 7
b11110110110001 @
b11110110110001 M
b11110110110001 b
b111100011101101 9
b111100011101101 T
b111100011101101 a
b111100011101101 c
b10100111100011 ?
b10100111100011 E
b10100111100011 J
b11110110110001 A
b11110110110001 I
b11110110110001 K
b1011110010010101 S
b1011110010010101 Y
b1011110010010101 ^
b111100011101101 U
b111100011101101 ]
b111100011101101 _
1D
1H
1X
1\
b11 >
b11 R
b11 -
b11 6
#372
b1001101000000011 ?
b1001101000000011 E
b1001101000000011 J
b100001100011101 A
b100001100011101 I
b100001100011101 K
b1001101000000011 7
b1001101000000011 @
b1001101000000011 M
b1001101000000011 b
b1001111101000100 S
b1001111101000100 Y
b1001111101000100 ^
b11010011100000 U
b11010011100000 ]
b11010011100000 _
b1001111101000100 9
b1001111101000100 T
b1001111101000100 a
b1001111101000100 c
b1001111101000100 !
0D
0H
0L
0X
0\
0`
b1001111101000100 "
b1001111101000100 8
b1001111101000100 e
b0 >
b0 R
1d
b100 -
b100 6
#373
b1011110010010101 "
b1011110010010101 8
b1011110010010101 e
b1011110010010101 !
b10100111100011 7
b10100111100011 @
b10100111100011 M
b10100111100011 b
b1011110010010101 9
b1011110010010101 T
b1011110010010101 a
b1011110010010101 c
b10100111100011 ?
b10100111100011 E
b10100111100011 J
b11110110110001 A
b11110110110001 I
b11110110110001 K
b1011110010010101 S
b1011110010010101 Y
b1011110010010101 ^
b111100011101101 U
b111100011101101 ]
b111100011101101 _
1D
1H
1X
1\
b1 >
b1 R
b101 -
b101 6
#374
b11010011100000 "
b11010011100000 8
b11010011100000 e
b11010011100000 !
b1001101000000011 ?
b1001101000000011 E
b1001101000000011 J
b100001100011101 A
b100001100011101 I
b100001100011101 K
b100001100011101 7
b100001100011101 @
b100001100011101 M
b100001100011101 b
b1001111101000100 S
b1001111101000100 Y
b1001111101000100 ^
b11010011100000 U
b11010011100000 ]
b11010011100000 _
b11010011100000 9
b11010011100000 T
b11010011100000 a
b11010011100000 c
0D
0H
1L
0X
0\
1`
b10 >
b10 R
b110 -
b110 6
#375
b111100011101101 "
b111100011101101 8
b111100011101101 e
b111100011101101 !
b11110110110001 7
b11110110110001 @
b11110110110001 M
b11110110110001 b
b111100011101101 9
b111100011101101 T
b111100011101101 a
b111100011101101 c
b10100111100011 ?
b10100111100011 E
b10100111100011 J
b11110110110001 A
b11110110110001 I
b11110110110001 K
b1011110010010101 S
b1011110010010101 Y
b1011110010010101 ^
b111100011101101 U
b111100011101101 ]
b111100011101101 _
1D
1H
1X
1\
b11 >
b11 R
b111 -
b111 6
#376
b1010101010010 !
0D
0H
0L
0X
0\
0`
b1010101010010 "
b1010101010010 8
b1010101010010 e
b1110011110000100 9
b1110011110000100 T
b1110011110000100 a
b1110011110000100 c
b1010101010010 7
b1010101010010 @
b1010101010010 M
b1010101010010 b
b0 >
b0 R
0d
b1001001010001100 U
b1001001010001100 ]
b1001001010001100 _
b1110011110000100 S
b1110011110000100 Y
b1110011110000100 ^
b1011011110001101 A
b1011011110001101 I
b1011011110001101 K
b1010101010010 ?
b1010101010010 E
b1010101010010 J
b0 -
b0 6
b111110110010000 +
b111110110010000 5
b111110110010000 Q
b111110110010000 [
b1001001010001100 *
b1001001010001100 4
b1001001010001100 P
b1001001010001100 Z
b1111110101000110 (
b1111110101000110 3
b1111110101000110 O
b1111110101000110 W
b1110011110000100 '
b1110011110000100 2
b1110011110000100 N
b1110011110000100 V
b1100010001010010 &
b1100010001010010 1
b1100010001010010 =
b1100010001010010 G
b1011011110001101 %
b1011011110001101 0
b1011011110001101 <
b1011011110001101 F
b101101111111000 $
b101101111111000 /
b101101111111000 ;
b101101111111000 C
b1010101010010 #
b1010101010010 .
b1010101010010 :
b1010101010010 B
b101111 ,
#377
b101101111111000 "
b101101111111000 8
b101101111111000 e
b101101111111000 !
b101101111111000 7
b101101111111000 @
b101101111111000 M
b101101111111000 b
b1111110101000110 9
b1111110101000110 T
b1111110101000110 a
b1111110101000110 c
b101101111111000 ?
b101101111111000 E
b101101111111000 J
b1100010001010010 A
b1100010001010010 I
b1100010001010010 K
b1111110101000110 S
b1111110101000110 Y
b1111110101000110 ^
b111110110010000 U
b111110110010000 ]
b111110110010000 _
1D
1H
1X
1\
b1 >
b1 R
b1 -
b1 6
#378
b1011011110001101 "
b1011011110001101 8
b1011011110001101 e
b1011011110001101 !
b1010101010010 ?
b1010101010010 E
b1010101010010 J
b1011011110001101 A
b1011011110001101 I
b1011011110001101 K
b1011011110001101 7
b1011011110001101 @
b1011011110001101 M
b1011011110001101 b
b1110011110000100 S
b1110011110000100 Y
b1110011110000100 ^
b1001001010001100 U
b1001001010001100 ]
b1001001010001100 _
b1001001010001100 9
b1001001010001100 T
b1001001010001100 a
b1001001010001100 c
0D
0H
1L
0X
0\
1`
b10 >
b10 R
b10 -
b10 6
#379
b1100010001010010 "
b1100010001010010 8
b1100010001010010 e
b1100010001010010 !
b1100010001010010 7
b1100010001010010 @
b1100010001010010 M
b1100010001010010 b
b111110110010000 9
b111110110010000 T
b111110110010000 a
b111110110010000 c
b101101111111000 ?
b101101111111000 E
b101101111111000 J
b1100010001010010 A
b1100010001010010 I
b1100010001010010 K
b1111110101000110 S
b1111110101000110 Y
b1111110101000110 ^
b111110110010000 U
b111110110010000 ]
b111110110010000 _
1D
1H
1X
1\
b11 >
b11 R
b11 -
b11 6
#380
b1010101010010 ?
b1010101010010 E
b1010101010010 J
b1011011110001101 A
b1011011110001101 I
b1011011110001101 K
b1010101010010 7
b1010101010010 @
b1010101010010 M
b1010101010010 b
b1110011110000100 S
b1110011110000100 Y
b1110011110000100 ^
b1001001010001100 U
b1001001010001100 ]
b1001001010001100 _
b1110011110000100 9
b1110011110000100 T
b1110011110000100 a
b1110011110000100 c
b1110011110000100 !
0D
0H
0L
0X
0\
0`
b1110011110000100 "
b1110011110000100 8
b1110011110000100 e
b0 >
b0 R
1d
b100 -
b100 6
#381
b1111110101000110 "
b1111110101000110 8
b1111110101000110 e
b1111110101000110 !
b101101111111000 7
b101101111111000 @
b101101111111000 M
b101101111111000 b
b1111110101000110 9
b1111110101000110 T
b1111110101000110 a
b1111110101000110 c
b101101111111000 ?
b101101111111000 E
b101101111111000 J
b1100010001010010 A
b1100010001010010 I
b1100010001010010 K
b1111110101000110 S
b1111110101000110 Y
b1111110101000110 ^
b111110110010000 U
b111110110010000 ]
b111110110010000 _
1D
1H
1X
1\
b1 >
b1 R
b101 -
b101 6
#382
b1001001010001100 "
b1001001010001100 8
b1001001010001100 e
b1001001010001100 !
b1010101010010 ?
b1010101010010 E
b1010101010010 J
b1011011110001101 A
b1011011110001101 I
b1011011110001101 K
b1011011110001101 7
b1011011110001101 @
b1011011110001101 M
b1011011110001101 b
b1110011110000100 S
b1110011110000100 Y
b1110011110000100 ^
b1001001010001100 U
b1001001010001100 ]
b1001001010001100 _
b1001001010001100 9
b1001001010001100 T
b1001001010001100 a
b1001001010001100 c
0D
0H
1L
0X
0\
1`
b10 >
b10 R
b110 -
b110 6
#383
b111110110010000 "
b111110110010000 8
b111110110010000 e
b111110110010000 !
b1100010001010010 7
b1100010001010010 @
b1100010001010010 M
b1100010001010010 b
b111110110010000 9
b111110110010000 T
b111110110010000 a
b111110110010000 c
b101101111111000 ?
b101101111111000 E
b101101111111000 J
b1100010001010010 A
b1100010001010010 I
b1100010001010010 K
b1111110101000110 S
b1111110101000110 Y
b1111110101000110 ^
b111110110010000 U
b111110110010000 ]
b111110110010000 _
1D
1H
1X
1\
b11 >
b11 R
b111 -
b111 6
#384
b1100000100010111 !
0D
0H
0L
0X
0\
0`
b1100000100010111 "
b1100000100010111 8
b1100000100010111 e
b111101111100 9
b111101111100 T
b111101111100 a
b111101111100 c
b1100000100010111 7
b1100000100010111 @
b1100000100010111 M
b1100000100010111 b
b0 >
b0 R
0d
b100110110111010 U
b100110110111010 ]
b100110110111010 _
b111101111100 S
b111101111100 Y
b111101111100 ^
b101011110000100 A
b101011110000100 I
b101011110000100 K
b1100000100010111 ?
b1100000100010111 E
b1100000100010111 J
b0 -
b0 6
b110000010001011 +
b110000010001011 5
b110000010001011 Q
b110000010001011 [
b100110110111010 *
b100110110111010 4
b100110110111010 P
b100110110111010 Z
b1001100000 (
b1001100000 3
b1001100000 O
b1001100000 W
b111101111100 '
b111101111100 2
b111101111100 N
b111101111100 V
b1011110010101010 &
b1011110010101010 1
b1011110010101010 =
b1011110010101010 G
b101011110000100 %
b101011110000100 0
b101011110000100 <
b101011110000100 F
b110000101101010 $
b110000101101010 /
b110000101101010 ;
b110000101101010 C
b1100000100010111 #
b1100000100010111 .
b1100000100010111 :
b1100000100010111 B
b110000 ,
#385
b110000101101010 "
b110000101101010 8
b110000101101010 e
b110000101101010 !
b110000101101010 7
b110000101101010 @
b110000101101010 M
b110000101101010 b
b1001100000 9
b1001100000 T
b1001100000 a
b1001100000 c
b110000101101010 ?
b110000101101010 E
b110000101101010 J
b1011110010101010 A
b1011110010101010 I
b1011110010101010 K
b1001100000 S
b1001100000 Y
b1001100000 ^
b110000010001011 U
b110000010001011 ]
b110000010001011 _
1D
1H
1X
1\
b1 >
b1 R
b1 -
b1 6
#386
b101011110000100 "
b101011110000100 8
b101011110000100 e
b101011110000100 !
b1100000100010111 ?
b1100000100010111 E
b1100000100010111 J
b101011110000100 A
b101011110000100 I
b101011110000100 K
b101011110000100 7
b101011110000100 @
b101011110000100 M
b101011110000100 b
b111101111100 S
b111101111100 Y
b111101111100 ^
b100110110111010 U
b100110110111010 ]
b100110110111010 _
b100110110111010 9
b100110110111010 T
b100110110111010 a
b100110110111010 c
0D
0H
1L
0X
0\
1`
b10 >
b10 R
b10 -
b10 6
#387
b1011110010101010 "
b1011110010101010 8
b1011110010101010 e
b1011110010101010 !
b1011110010101010 7
b1011110010101010 @
b1011110010101010 M
b1011110010101010 b
b110000010001011 9
b110000010001011 T
b110000010001011 a
b110000010001011 c
b110000101101010 ?
b110000101101010 E
b110000101101010 J
b1011110010101010 A
b1011110010101010 I
b1011110010101010 K
b1001100000 S
b1001100000 Y
b1001100000 ^
b110000010001011 U
b110000010001011 ]
b110000010001011 _
1D
1H
1X
1\
b11 >
b11 R
b11 -
b11 6
#388
b1100000100010111 ?
b1100000100010111 E
b1100000100010111 J
b101011110000100 A
b101011110000100 I
b101011110000100 K
b1100000100010111 7
b1100000100010111 @
b1100000100010111 M
b1100000100010111 b
b111101111100 S
b111101111100 Y
b111101111100 ^
b100110110111010 U
b100110110111010 ]
b100110110111010 _
b111101111100 9
b111101111100 T
b111101111100 a
b111101111100 c
b111101111100 !
0D
0H
0L
0X
0\
0`
b111101111100 "
b111101111100 8
b111101111100 e
b0 >
b0 R
1d
b100 -
b100 6
#389
b1001100000 "
b1001100000 8
b1001100000 e
b1001100000 !
b110000101101010 7
b110000101101010 @
b110000101101010 M
b110000101101010 b
b1001100000 9
b1001100000 T
b1001100000 a
b1001100000 c
b110000101101010 ?
b110000101101010 E
b110000101101010 J
b1011110010101010 A
b1011110010101010 I
b1011110010101010 K
b1001100000 S
b1001100000 Y
b1001100000 ^
b110000010001011 U
b110000010001011 ]
b110000010001011 _
1D
1H
1X
1\
b1 >
b1 R
b101 -
b101 6
#390
b100110110111010 "
b100110110111010 8
b100110110111010 e
b100110110111010 !
b1100000100010111 ?
b1100000100010111 E
b1100000100010111 J
b101011110000100 A
b101011110000100 I
b101011110000100 K
b101011110000100 7
b101011110000100 @
b101011110000100 M
b101011110000100 b
b111101111100 S
b111101111100 Y
b111101111100 ^
b100110110111010 U
b100110110111010 ]
b100110110111010 _
b100110110111010 9
b100110110111010 T
b100110110111010 a
b100110110111010 c
0D
0H
1L
0X
0\
1`
b10 >
b10 R
b110 -
b110 6
#391
b110000010001011 "
b110000010001011 8
b110000010001011 e
b110000010001011 !
b1011110010101010 7
b1011110010101010 @
b1011110010101010 M
b1011110010101010 b
b110000010001011 9
b110000010001011 T
b110000010001011 a
b110000010001011 c
b110000101101010 ?
b110000101101010 E
b110000101101010 J
b1011110010101010 A
b1011110010101010 I
b1011110010101010 K
b1001100000 S
b1001100000 Y
b1001100000 ^
b110000010001011 U
b110000010001011 ]
b110000010001011 _
1D
1H
1X
1\
b11 >
b11 R
b111 -
b111 6
#392
b1111111010100110 !
0D
0H
0L
0X
0\
0`
b1111111010100110 "
b1111111010100110 8
b1111111010100110 e
b111110001001001 9
b111110001001001 T
b111110001001001 a
b111110001001001 c
b1111111010100110 7
b1111111010100110 @
b1111111010100110 M
b1111111010100110 b
b0 >
b0 R
0d
b1100000000111101 U
b1100000000111101 ]
b1100000000111101 _
b111110001001001 S
b111110001001001 Y
b111110001001001 ^
b1000001100110010 A
b1000001100110010 I
b1000001100110010 K
b1111111010100110 ?
b1111111010100110 E
b1111111010100110 J
b0 -
b0 6
b1101001011 +
b1101001011 5
b1101001011 Q
b1101001011 [
b1100000000111101 *
b1100000000111101 4
b1100000000111101 P
b1100000000111101 Z
b1011000000010100 (
b1011000000010100 3
b1011000000010100 O
b1011000000010100 W
b111110001001001 '
b111110001001001 2
b111110001001001 N
b111110001001001 V
b10010100010 &
b10010100010 1
b10010100010 =
b10010100010 G
b1000001100110010 %
b1000001100110010 0
b1000001100110010 <
b1000001100110010 F
b1111000100101 $
b1111000100101 /
b1111000100101 ;
b1111000100101 C
b1111111010100110 #
b1111111010100110 .
b1111111010100110 :
b1111111010100110 B
b110001 ,
#393
b1111000100101 "
b1111000100101 8
b1111000100101 e
b1111000100101 !
b1111000100101 7
b1111000100101 @
b1111000100101 M
b1111000100101 b
b1011000000010100 9
b1011000000010100 T
b1011000000010100 a
b1011000000010100 c
b1111000100101 ?
b1111000100101 E
b1111000100101 J
b10010100010 A
b10010100010 I
b10010100010 K
b1011000000010100 S
b1011000000010100 Y
b1011000000010100 ^
b1101001011 U
b1101001011 ]
b1101001011 _
1D
1H
1X
1\
b1 >
b1 R
b1 -
b1 6
#394
b1000001100110010 "
b1000001100110010 8
b1000001100110010 e
b1000001100110010 !
b1111111010100110 ?
b1111111010100110 E
b1111111010100110 J
b1000001100110010 A
b1000001100110010 I
b1000001100110010 K
b1000001100110010 7
b1000001100110010 @
b1000001100110010 M
b1000001100110010 b
b111110001001001 S
b111110001001001 Y
b111110001001001 ^
b1100000000111101 U
b1100000000111101 ]
b1100000000111101 _
b1100000000111101 9
b1100000000111101 T
b1100000000111101 a
b1100000000111101 c
0D
0H
1L
0X
0\
1`
b10 >
b10 R
b10 -
b10 6
#395
b10010100010 "
b10010100010 8
b10010100010 e
b10010100010 !
b10010100010 7
b10010100010 @
b10010100010 M
b10010100010 b
b1101001011 9
b1101001011 T
b1101001011 a
b1101001011 c
b1111000100101 ?
b1111000100101 E
b1111000100101 J
b10010100010 A
b10010100010 I
b10010100010 K
b1011000000010100 S
b1011000000010100 Y
b1011000000010100 ^
b1101001011 U
b1101001011 ]
b1101001011 _
1D
1H
1X
1\
b11 >
b11 R
b11 -
b11 6
#396
b1111111010100110 ?
b1111111010100110 E
b1111111010100110 J
b1000001100110010 A
b1000001100110010 I
b1000001100110010 K
b1111111010100110 7
b1111111010100110 @
b1111111010100110 M
b1111111010100110 b
b111110001001001 S
b111110001001001 Y
b111110001001001 ^
b1100000000111101 U
b1100000000111101 ]
b1100000000111101 _
b111110001001001 9
b111110001001001 T
b111110001001001 a
b111110001001001 c
b111110001001001 !
0D
0H
0L
0X
0\
0`
b111110001001001 "
b111110001001001 8
b111110001001001 e
b0 >
b0 R
1d
b100 -
b100 6
#397
b1011000000010100 "
b1011000000010100 8
b1011000000010100 e
b1011000000010100 !
b1111000100101 7
b1111000100101 @
b1111000100101 M
b1111000100101 b
b1011000000010100 9
b1011000000010100 T
b1011000000010100 a
b1011000000010100 c
b1111000100101 ?
b1111000100101 E
b1111000100101 J
b10010100010 A
b10010100010 I
b10010100010 K
b1011000000010100 S
b1011000000010100 Y
b1011000000010100 ^
b1101001011 U
b1101001011 ]
b1101001011 _
1D
1H
1X
1\
b1 >
b1 R
b101 -
b101 6
#398
b1100000000111101 "
b1100000000111101 8
b1100000000111101 e
b1100000000111101 !
b1111111010100110 ?
b1111111010100110 E
b1111111010100110 J
b1000001100110010 A
b1000001100110010 I
b1000001100110010 K
b1000001100110010 7
b1000001100110010 @
b1000001100110010 M
b1000001100110010 b
b111110001001001 S
b111110001001001 Y
b111110001001001 ^
b1100000000111101 U
b1100000000111101 ]
b1100000000111101 _
b1100000000111101 9
b1100000000111101 T
b1100000000111101 a
b1100000000111101 c
0D
0H
1L
0X
0\
1`
b10 >
b10 R
b110 -
b110 6
#399
b1101001011 "
b1101001011 8
b1101001011 e
b1101001011 !
b10010100010 7
b10010100010 @
b10010100010 M
b10010100010 b
b1101001011 9
b1101001011 T
b1101001011 a
b1101001011 c
b1111000100101 ?
b1111000100101 E
b1111000100101 J
b10010100010 A
b10010100010 I
b10010100010 K
b1011000000010100 S
b1011000000010100 Y
b1011000000010100 ^
b1101001011 U
b1101001011 ]
b1101001011 _
1D
1H
1X
1\
b11 >
b11 R
b111 -
b111 6
#400
b11000001011100 !
0D
0H
0L
0X
0\
0`
b11000001011100 "
b11000001011100 8
b11000001011100 e
b1000101010110100 9
b1000101010110100 T
b1000101010110100 a
b1000101010110100 c
b11000001011100 7
b11000001011100 @
b11000001011100 M
b11000001011100 b
b0 >
b0 R
0d
b101000000101100 U
b101000000101100 ]
b101000000101100 _
b1000101010110100 S
b1000101010110100 Y
b1000101010110100 ^
b1001011110000110 A
b1001011110000110 I
b1001011110000110 K
b11000001011100 ?
b11000001011100 E
b11000001011100 J
b0 -
b0 6
b100010110001100 +
b100010110001100 5
b100010110001100 Q
b100010110001100 [
b101000000101100 *
b101000000101100 4
b101000000101100 P
b101000000101100 Z
b1110010111010000 (
b1110010111010000 3
b1110010111010000 O
b1110010111010000 W
b1000101010110100 '
b1000101010110100 2
b1000101010110100 N
b1000101010110100 V
b111101000111001 &
b111101000111001 1
b111101000111001 =
b111101000111001 G
b1001011110000110 %
b1001011110000110 0
b1001011110000110 <
b1001011110000110 F
b111010101000111 $
b111010101000111 /
b111010101000111 ;
b111010101000111 C
b11000001011100 #
b11000001011100 .
b11000001011100 :
b11000001011100 B
b110010 ,
#401
b111010101000111 "
b111010101000111 8
b111010101000111 e
b111010101000111 !
b111010101000111 7
b111010101000111 @
b111010101000111 M
b111010101000111 b
b1110010111010000 9
b1110010111010000 T
b1110010111010000 a
b1110010111010000 c
b111010101000111 ?
b111010101000111 E
b111010101000111 J
b111101000111001 A
b111101000111001 I
b111101000111001 K
b1110010111010000 S
b1110010111010000 Y
b1110010111010000 ^
b100010110001100 U
b100010110001100 ]
b100010110001100 _
1D
1H
1X
1\
b1 >
b1 R
b1 -
b1 6
#402
b1001011110000110 "
b1001011110000110 8
b1001011110000110 e
b1001011110000110 !
b11000001011100 ?
b11000001011100 E
b11000001011100 J
b1001011110000110 A
b1001011110000110 I
b1001011110000110 K
b1001011110000110 7
b1001011110000110 @
b1001011110000110 M
b1001011110000110 b
b1000101010110100 S
b1000101010110100 Y
b1000101010110100 ^
b101000000101100 U
b101000000101100 ]
b101000000101100 _
b101000000101100 9
b101000000101100 T
b101000000101100 a
b101000000101100 c
0D
0H
1L
0X
0\
1`
b10 >
b10 R
b10 -
b10 6
#403
b111101000111001 "
b111101000111001 8
b111101000111001 e
b111101000111001 !
b111101000111001 7
b111101000111001 @
b111101000111001 M
b111101000111001 b
b100010110001100 9
b100010110001100 T
b100010110001100 a
b100010110001100 c
b111010101000111 ?
b111010101000111 E
b111010101000111 J
b111101000111001 A
b111101000111001 I
b111101000111001 K
b1110010111010000 S
b1110010111010000 Y
b1110010111010000 ^
b100010110001100 U
b100010110001100 ]
b100010110001100 _
1D
1H
1X
1\
b11 >
b11 R
b11 -
b11 6
#404
b11000001011100 ?
b11000001011100 E
b11000001011100 J
b1001011110000110 A
b1001011110000110 I
b1001011110000110 K
b11000001011100 7
b11000001011100 @
b11000001011100 M
b11000001011100 b
b1000101010110100 S
b1000101010110100 Y
b1000101010110100 ^
b101000000101100 U
b101000000101100 ]
b101000000101100 _
b1000101010110100 9
b1000101010110100 T
b1000101010110100 a
b1000101010110100 c
b1000101010110100 !
0D
0H
0L
0X
0\
0`
b1000101010110100 "
b1000101010110100 8
b1000101010110100 e
b0 >
b0 R
1d
b100 -
b100 6
#405
b1110010111010000 "
b1110010111010000 8
b1110010111010000 e
b1110010111010000 !
b111010101000111 7
b111010101000111 @
b111010101000111 M
b111010101000111 b
b1110010111010000 9
b1110010111010000 T
b1110010111010000 a
b1110010111010000 c
b111010101000111 ?
b111010101000111 E
b111010101000111 J
b111101000111001 A
b111101000111001 I
b111101000111001 K
b1110010111010000 S
b1110010111010000 Y
b1110010111010000 ^
b100010110001100 U
b100010110001100 ]
b100010110001100 _
1D
1H
1X
1\
b1 >
b1 R
b101 -
b101 6
#406
b101000000101100 "
b101000000101100 8
b101000000101100 e
b101000000101100 !
b11000001011100 ?
b11000001011100 E
b11000001011100 J
b1001011110000110 A
b1001011110000110 I
b1001011110000110 K
b1001011110000110 7
b1001011110000110 @
b1001011110000110 M
b1001011110000110 b
b1000101010110100 S
b1000101010110100 Y
b1000101010110100 ^
b101000000101100 U
b101000000101100 ]
b101000000101100 _
b101000000101100 9
b101000000101100 T
b101000000101100 a
b101000000101100 c
0D
0H
1L
0X
0\
1`
b10 >
b10 R
b110 -
b110 6
#407
b100010110001100 "
b100010110001100 8
b100010110001100 e
b100010110001100 !
b111101000111001 7
b111101000111001 @
b111101000111001 M
b111101000111001 b
b100010110001100 9
b100010110001100 T
b100010110001100 a
b100010110001100 c
b111010101000111 ?
b111010101000111 E
b111010101000111 J
b111101000111001 A
b111101000111001 I
b111101000111001 K
b1110010111010000 S
b1110010111010000 Y
b1110010111010000 ^
b100010110001100 U
b100010110001100 ]
b100010110001100 _
1D
1H
1X
1\
b11 >
b11 R
b111 -
b111 6
#408
b1011011100000111 !
0D
0H
0L
0X
0\
0`
b1011011100000111 "
b1011011100000111 8
b1011011100000111 e
b1001111001001011 9
b1001111001001011 T
b1001111001001011 a
b1001111001001011 c
b1011011100000111 7
b1011011100000111 @
b1011011100000111 M
b1011011100000111 b
b0 >
b0 R
0d
b101101111101100 U
b101101111101100 ]
b101101111101100 _
b1001111001001011 S
b1001111001001011 Y
b1001111001001011 ^
b1111100100010001 A
b1111100100010001 I
b1111100100010001 K
b1011011100000111 ?
b1011011100000111 E
b1011011100000111 J
b0 -
b0 6
b10100100011 +
b10100100011 5
b10100100011 Q
b10100100011 [
b101101111101100 *
b101101111101100 4
b101101111101100 P
b101101111101100 Z
b1000000101110011 (
b1000000101110011 3
b1000000101110011 O
b1000000101110011 W
b1001111001001011 '
b1001111001001011 2
b1001111001001011 N
b1001111001001011 V
b1111111111101000 &
b1111111111101000 1
b1111111111101000 =
b1111111111101000 G
b1111100100010001 %
b1111100100010001 0
b1111100100010001 <
b1111100100010001 F
b100000001101010 $
b100000001101010 /
b100000001101010 ;
b100000001101010 C
b1011011100000111 #
b1011011100000111 .
b1011011100000111 :
b1011011100000111 B
b110011 ,
#409
b100000001101010 "
b100000001101010 8
b100000001101010 e
b100000001101010 !
b100000001101010 7
b100000001101010 @
b100000001101010 M
b100000001101010 b
b1000000101110011 9
b1000000101110011 T
b1000000101110011 a
b1000000101110011 c
b100000001101010 ?
b100000001101010 E
b100000001101010 J
b1111111111101000 A
b1111111111101000 I
b1111111111101000 K
b1000000101110011 S
b1000000101110011 Y
b1000000101110011 ^
b10100100011 U
b10100100011 ]
b10100100011 _
1D
1H
1X
1\
b1 >
b1 R
b1 -
b1 6
#410
b1111100100010001 "
b1111100100010001 8
b1111100100010001 e
b1111100100010001 !
b1011011100000111 ?
b1011011100000111 E
b1011011100000111 J
b1111100100010001 A
b1111100100010001 I
b1111100100010001 K
b1111100100010001 7
b1111100100010001 @
b1111100100010001 M
b1111100100010001 b
b1001111001001011 S
b1001111001001011 Y
b1001111001001011 ^
b101101111101100 U
b101101111101100 ]
b101101111101100 _
b101101111101100 9
b101101111101100 T
b101101111101100 a
b101101111101100 c
0D
0H
1L
0X
0\
1`
b10 >
b10 R
b10 -
b10 6
#411
b1111111111101000 "
b1111111111101000 8
b1111111111101000 e
b1111111111101000 !
b1111111111101000 7
b1111111111101000 @
b1111111111101000 M
b1111111111101000 b
b10100100011 9
b10100100011 T
b10100100011 a
b10100100011 c
b100000001101010 ?
b100000001101010 E
b100000001101010 J
b1111111111101000 A
b1111111111101000 I
b1111111111101000 K
b1000000101110011 S
b1000000101110011 Y
b1000000101110011 ^
b10100100011 U
b10100100011 ]
b10100100011 _
1D
1H
1X
1\
b11 >
b11 R
b11 -
b11 6
#412
b1011011100000111 ?
b1011011100000111 E
b1011011100000111 J
b1111100100010001 A
b1111100100010001 I
b1111100100010001 K
b1011011100000111 7
b1011011100000111 @
b1011011100000111 M
b1011011100000111 b
b1001111001001011 S
b1001111001001011 Y
b1001111001001011 ^
b101101111101100 U
b101101111101100 ]
b101101111101100 _
b1001111001001011 9
b1001111001001011 T
b1001111001001011 a
b1001111001001011 c
b1001111001001011 !
0D
0H
0L
0X
0\
0`
b1001111001001011 "
b1001111001001011 8
b1001111001001011 e
b0 >
b0 R
1d
b100 -
b100 6
#413
b1000000101110011 "
b1000000101110011 8
b1000000101110011 e
b1000000101110011 !
b100000001101010 7
b100000001101010 @
b100000001101010 M
b100000001101010 b
b1000000101110011 9
b1000000101110011 T
b1000000101110011 a
b1000000101110011 c
b100000001101010 ?
b100000001101010 E
b100000001101010 J
b1111111111101000 A
b1111111111101000 I
b1111111111101000 K
b1000000101110011 S
b1000000101110011 Y
b1000000101110011 ^
b10100100011 U
b10100100011 ]
b10100100011 _
1D
1H
1X
1\
b1 >
b1 R
b101 -
b101 6
#414
b101101111101100 "
b101101111101100 8
b101101111101100 e
b101101111101100 !
b1011011100000111 ?
b1011011100000111 E
b1011011100000111 J
b1111100100010001 A
b1111100100010001 I
b1111100100010001 K
b1111100100010001 7
b1111100100010001 @
b1111100100010001 M
b1111100100010001 b
b1001111001001011 S
b1001111001001011 Y
b1001111001001011 ^
b101101111101100 U
b101101111101100 ]
b101101111101100 _
b101101111101100 9
b101101111101100 T
b101101111101100 a
b101101111101100 c
0D
0H
1L
0X
0\
1`
b10 >
b10 R
b110 -
b110 6
#415
b10100100011 "
b10100100011 8
b10100100011 e
b10100100011 !
b1111111111101000 7
b1111111111101000 @
b1111111111101000 M
b1111111111101000 b
b10100100011 9
b10100100011 T
b10100100011 a
b10100100011 c
b100000001101010 ?
b100000001101010 E
b100000001101010 J
b1111111111101000 A
b1111111111101000 I
b1111111111101000 K
b1000000101110011 S
b1000000101110011 Y
b1000000101110011 ^
b10100100011 U
b10100100011 ]
b10100100011 _
1D
1H
1X
1\
b11 >
b11 R
b111 -
b111 6
#416
b1110111110100100 !
0D
0H
0L
0X
0\
0`
b1110111110100100 "
b1110111110100100 8
b1110111110100100 e
b1010011010100 9
b1010011010100 T
b1010011010100 a
b1010011010100 c
b1110111110100100 7
b1110111110100100 @
b1110111110100100 M
b1110111110100100 b
b0 >
b0 R
0d
b100000110011101 U
b100000110011101 ]
b100000110011101 _
b1010011010100 S
b1010011010100 Y
b1010011010100 ^
b10000111001 A
b10000111001 I
b10000111001 K
b1110111110100100 ?
b1110111110100100 E
b1110111110100100 J
b0 -
b0 6
b10010110110000 +
b10010110110000 5
b10010110110000 Q
b10010110110000 [
b100000110011101 *
b100000110011101 4
b100000110011101 P
b100000110011101 Z
b110010101100111 (
b110010101100111 3
b110010101100111 O
b110010101100111 W
b1010011010100 '
b1010011010100 2
b1010011010100 N
b1010011010100 V
b111001011011111 &
b111001011011111 1
b111001011011111 =
b111001011011111 G
b10000111001 %
b10000111001 0
b10000111001 <
b10000111001 F
b110010111001001 $
b110010111001001 /
b110010111001001 ;
b110010111001001 C
b1110111110100100 #
b1110111110100100 .
b1110111110100100 :
b1110111110100100 B
b110100 ,
#417
b110010111001001 "
b110010111001001 8
b110010111001001 e
b110010111001001 !
b110010111001001 7
b110010111001001 @
b110010111001001 M
b110010111001001 b
b110010101100111 9
b110010101100111 T
b110010101100111 a
b110010101100111 c
b110010111001001 ?
b110010111001001 E
b110010111001001 J
b111001011011111 A
b111001011011111 I
b111001011011111 K
b110010101100111 S
b110010101100111 Y
b110010101100111 ^
b10010110110000 U
b10010110110000 ]
b10010110110000 _
1D
1H
1X
1\
b1 >
b1 R
b1 -
b1 6
#418
b10000111001 "
b10000111001 8
b10000111001 e
b10000111001 !
b1110111110100100 ?
b1110111110100100 E
b1110111110100100 J
b10000111001 A
b10000111001 I
b10000111001 K
b10000111001 7
b10000111001 @
b10000111001 M
b10000111001 b
b1010011010100 S
b1010011010100 Y
b1010011010100 ^
b100000110011101 U
b100000110011101 ]
b100000110011101 _
b100000110011101 9
b100000110011101 T
b100000110011101 a
b100000110011101 c
0D
0H
1L
0X
0\
1`
b10 >
b10 R
b10 -
b10 6
#419
b111001011011111 "
b111001011011111 8
b111001011011111 e
b111001011011111 !
b111001011011111 7
b111001011011111 @
b111001011011111 M
b111001011011111 b
b10010110110000 9
b10010110110000 T
b10010110110000 a
b10010110110000 c
b110010111001001 ?
b110010111001001 E
b110010111001001 J
b111001011011111 A
b111001011011111 I
b111001011011111 K
b110010101100111 S
b110010101100111 Y
b110010101100111 ^
b10010110110000 U
b10010110110000 ]
b10010110110000 _
1D
1H
1X
1\
b11 >
b11 R
b11 -
b11 6
#420
b1110111110100100 ?
b1110111110100100 E
b1110111110100100 J
b10000111001 A
b10000111001 I
b10000111001 K
b1110111110100100 7
b1110111110100100 @
b1110111110100100 M
b1110111110100100 b
b1010011010100 S
b1010011010100 Y
b1010011010100 ^
b100000110011101 U
b100000110011101 ]
b100000110011101 _
b1010011010100 9
b1010011010100 T
b1010011010100 a
b1010011010100 c
b1010011010100 !
0D
0H
0L
0X
0\
0`
b1010011010100 "
b1010011010100 8
b1010011010100 e
b0 >
b0 R
1d
b100 -
b100 6
#421
b110010101100111 "
b110010101100111 8
b110010101100111 e
b110010101100111 !
b110010111001001 7
b110010111001001 @
b110010111001001 M
b110010111001001 b
b110010101100111 9
b110010101100111 T
b110010101100111 a
b110010101100111 c
b110010111001001 ?
b110010111001001 E
b110010111001001 J
b111001011011111 A
b111001011011111 I
b111001011011111 K
b110010101100111 S
b110010101100111 Y
b110010101100111 ^
b10010110110000 U
b10010110110000 ]
b10010110110000 _
1D
1H
1X
1\
b1 >
b1 R
b101 -
b101 6
#422
b100000110011101 "
b100000110011101 8
b100000110011101 e
b100000110011101 !
b1110111110100100 ?
b1110111110100100 E
b1110111110100100 J
b10000111001 A
b10000111001 I
b10000111001 K
b10000111001 7
b10000111001 @
b10000111001 M
b10000111001 b
b1010011010100 S
b1010011010100 Y
b1010011010100 ^
b100000110011101 U
b100000110011101 ]
b100000110011101 _
b100000110011101 9
b100000110011101 T
b100000110011101 a
b100000110011101 c
0D
0H
1L
0X
0\
1`
b10 >
b10 R
b110 -
b110 6
#423
b10010110110000 "
b10010110110000 8
b10010110110000 e
b10010110110000 !
b111001011011111 7
b111001011011111 @
b111001011011111 M
b111001011011111 b
b10010110110000 9
b10010110110000 T
b10010110110000 a
b10010110110000 c
b110010111001001 ?
b110010111001001 E
b110010111001001 J
b111001011011111 A
b111001011011111 I
b111001011011111 K
b110010101100111 S
b110010101100111 Y
b110010101100111 ^
b10010110110000 U
b10010110110000 ]
b10010110110000 _
1D
1H
1X
1\
b11 >
b11 R
b111 -
b111 6
#424
b11100110000010 !
0D
0H
0L
0X
0\
0`
b11100110000010 "
b11100110000010 8
b11100110000010 e
b100110000011100 9
b100110000011100 T
b100110000011100 a
b100110000011100 c
b11100110000010 7
b11100110000010 @
b11100110000010 M
b11100110000010 b
b0 >
b0 R
0d
b110000111100011 U
b110000111100011 ]
b110000111100011 _
b100110000011100 S
b100110000011100 Y
b100110000011100 ^
b1101011011001 A
b1101011011001 I
b1101011011001 K
b11100110000010 ?
b11100110000010 E
b11100110000010 J
b0 -
b0 6
b1000001000101010 +
b1000001000101010 5
b1000001000101010 Q
b1000001000101010 [
b110000111100011 *
b110000111100011 4
b110000111100011 P
b110000111100011 Z
b110111110010011 (
b110111110010011 3
b110111110010011 O
b110111110010011 W
b100110000011100 '
b100110000011100 2
b100110000011100 N
b100110000011100 V
b1011011100100000 &
b1011011100100000 1
b1011011100100000 =
b1011011100100000 G
b1101011011001 %
b1101011011001 0
b1101011011001 <
b1101011011001 F
b1011111101001001 $
b1011111101001001 /
b1011111101001001 ;
b1011111101001001 C
b11100110000010 #
b11100110000010 .
b11100110000010 :
b11100110000010 B
b110101 ,
#425
b1011111101001001 "
b1011111101001001 8
b1011111101001001 e
b1011111101001001 !
b1011111101001001 7
b1011111101001001 @
b1011111101001001 M
b1011111101001001 b
b110111110010011 9
b110111110010011 T
b110111110010011 a
b110111110010011 c
b1011111101001001 ?
b1011111101001001 E
b1011111101001001 J
b1011011100100000 A
b1011011100100000 I
b1011011100100000 K
b110111110010011 S
b110111110010011 Y
b110111110010011 ^
b1000001000101010 U
b1000001000101010 ]
b1000001000101010 _
1D
1H
1X
1\
b1 >
b1 R
b1 -
b1 6
#426
b1101011011001 "
b1101011011001 8
b1101011011001 e
b1101011011001 !
b11100110000010 ?
b11100110000010 E
b11100110000010 J
b1101011011001 A
b1101011011001 I
b1101011011001 K
b1101011011001 7
b1101011011001 @
b1101011011001 M
b1101011011001 b
b100110000011100 S
b100110000011100 Y
b100110000011100 ^
b110000111100011 U
b110000111100011 ]
b110000111100011 _
b110000111100011 9
b110000111100011 T
b110000111100011 a
b110000111100011 c
0D
0H
1L
0X
0\
1`
b10 >
b10 R
b10 -
b10 6
#427
b1011011100100000 "
b1011011100100000 8
b1011011100100000 e
b1011011100100000 !
b1011011100100000 7
b1011011100100000 @
b1011011100100000 M
b1011011100100000 b
b1000001000101010 9
b1000001000101010 T
b1000001000101010 a
b1000001000101010 c
b1011111101001001 ?
b1011111101001001 E
b1011111101001001 J
b1011011100100000 A
b1011011100100000 I
b1011011100100000 K
b110111110010011 S
b110111110010011 Y
b110111110010011 ^
b1000001000101010 U
b1000001000101010 ]
b1000001000101010 _
1D
1H
1X
1\
b11 >
b11 R
b11 -
b11 6
#428
b11100110000010 ?
b11100110000010 E
b11100110000010 J
b1101011011001 A
b1101011011001 I
b1101011011001 K
b11100110000010 7
b11100110000010 @
b11100110000010 M
b11100110000010 b
b100110000011100 S
b100110000011100 Y
b100110000011100 ^
b110000111100011 U
b110000111100011 ]
b110000111100011 _
b100110000011100 9
b100110000011100 T
b100110000011100 a
b100110000011100 c
b100110000011100 !
0D
0H
0L
0X
0\
0`
b100110000011100 "
b100110000011100 8
b100110000011100 e
b0 >
b0 R
1d
b100 -
b100 6
#429
b110111110010011 "
b110111110010011 8
b110111110010011 e
b110111110010011 !
b1011111101001001 7
b1011111101001001 @
b1011111101001001 M
b1011111101001001 b
b110111110010011 9
b110111110010011 T
b110111110010011 a
b110111110010011 c
b1011111101001001 ?
b1011111101001001 E
b1011111101001001 J
b1011011100100000 A
b1011011100100000 I
b1011011100100000 K
b110111110010011 S
b110111110010011 Y
b110111110010011 ^
b1000001000101010 U
b1000001000101010 ]
b1000001000101010 _
1D
1H
1X
1\
b1 >
b1 R
b101 -
b101 6
#430
b110000111100011 "
b110000111100011 8
b110000111100011 e
b110000111100011 !
b11100110000010 ?
b11100110000010 E
b11100110000010 J
b1101011011001 A
b1101011011001 I
b1101011011001 K
b1101011011001 7
b1101011011001 @
b1101011011001 M
b1101011011001 b
b100110000011100 S
b100110000011100 Y
b100110000011100 ^
b110000111100011 U
b110000111100011 ]
b110000111100011 _
b110000111100011 9
b110000111100011 T
b110000111100011 a
b110000111100011 c
0D
0H
1L
0X
0\
1`
b10 >
b10 R
b110 -
b110 6
#431
b1000001000101010 "
b1000001000101010 8
b1000001000101010 e
b1000001000101010 !
b1011011100100000 7
b1011011100100000 @
b1011011100100000 M
b1011011100100000 b
b1000001000101010 9
b1000001000101010 T
b1000001000101010 a
b1000001000101010 c
b1011111101001001 ?
b1011111101001001 E
b1011111101001001 J
b1011011100100000 A
b1011011100100000 I
b1011011100100000 K
b110111110010011 S
b110111110010011 Y
b110111110010011 ^
b1000001000101010 U
b1000001000101010 ]
b1000001000101010 _
1D
1H
1X
1\
b11 >
b11 R
b111 -
b111 6
#432
b1111100011001000 !
0D
0H
0L
0X
0\
0`
b1111100011001000 "
b1111100011001000 8
b1111100011001000 e
b1010100000101011 9
b1010100000101011 T
b1010100000101011 a
b1010100000101011 c
b1111100011001000 7
b1111100011001000 @
b1111100011001000 M
b1111100011001000 b
b0 >
b0 R
0d
b1110000010010 U
b1110000010010 ]
b1110000010010 _
b1010100000101011 S
b1010100000101011 Y
b1010100000101011 ^
b1001110100111010 A
b1001110100111010 I
b1001110100111010 K
b1111100011001000 ?
b1111100011001000 E
b1111100011001000 J
b0 -
b0 6
b1010010 +
b1010010 5
b1010010 Q
b1010010 [
b1110000010010 *
b1110000010010 4
b1110000010010 P
b1110000010010 Z
b111111100111001 (
b111111100111001 3
b111111100111001 O
b111111100111001 W
b1010100000101011 '
b1010100000101011 2
b1010100000101011 N
b1010100000101011 V
b1010100110000100 &
b1010100110000100 1
b1010100110000100 =
b1010100110000100 G
b1001110100111010 %
b1001110100111010 0
b1001110100111010 <
b1001110100111010 F
b10111001011101 $
b10111001011101 /
b10111001011101 ;
b10111001011101 C
b1111100011001000 #
b1111100011001000 .
b1111100011001000 :
b1111100011001000 B
b110110 ,
#433
b10111001011101 "
b10111001011101 8
b10111001011101 e
b10111001011101 !
b10111001011101 7
b10111001011101 @
b10111001011101 M
b10111001011101 b
b111111100111001 9
b111111100111001 T
b111111100111001 a
b111111100111001 c
b10111001011101 ?
b10111001011101 E
b10111001011101 J
b1010100110000100 A
b1010100110000100 I
b1010100110000100 K
b111111100111001 S
b111111100111001 Y
b111111100111001 ^
b1010010 U
b1010010 ]
b1010010 _
1D
1H
1X
1\
b1 >
b1 R
b1 -
b1 6
#434
b1001110100111010 "
b1001110100111010 8
b1001110100111010 e
b1001110100111010 !
b1111100011001000 ?
b1111100011001000 E
b1111100011001000 J
b1001110100111010 A
b1001110100111010 I
b1001110100111010 K
b1001110100111010 7
b1001110100111010 @
b1001110100111010 M
b1001110100111010 b
b1010100000101011 S
b1010100000101011 Y
b1010100000101011 ^
b1110000010010 U
b1110000010010 ]
b1110000010010 _
b1110000010010 9
b1110000010010 T
b1110000010010 a
b1110000010010 c
0D
0H
1L
0X
0\
1`
b10 >
b10 R
b10 -
b10 6
#435
b1010100110000100 "
b1010100110000100 8
b1010100110000100 e
b1010100110000100 !
b1010100110000100 7
b1010100110000100 @
b1010100110000100 M
b1010100110000100 b
b1010010 9
b1010010 T
b1010010 a
b1010010 c
b10111001011101 ?
b10111001011101 E
b10111001011101 J
b1010100110000100 A
b1010100110000100 I
b1010100110000100 K
b111111100111001 S
b111111100111001 Y
b111111100111001 ^
b1010010 U
b1010010 ]
b1010010 _
1D
1H
1X
1\
b11 >
b11 R
b11 -
b11 6
#436
b1111100011001000 ?
b1111100011001000 E
b1111100011001000 J
b1001110100111010 A
b1001110100111010 I
b1001110100111010 K
b1111100011001000 7
b1111100011001000 @
b1111100011001000 M
b1111100011001000 b
b1010100000101011 S
b1010100000101011 Y
b1010100000101011 ^
b1110000010010 U
b1110000010010 ]
b1110000010010 _
b1010100000101011 9
b1010100000101011 T
b1010100000101011 a
b1010100000101011 c
b1010100000101011 !
0D
0H
0L
0X
0\
0`
b1010100000101011 "
b1010100000101011 8
b1010100000101011 e
b0 >
b0 R
1d
b100 -
b100 6
#437
b111111100111001 "
b111111100111001 8
b111111100111001 e
b111111100111001 !
b10111001011101 7
b10111001011101 @
b10111001011101 M
b10111001011101 b
b111111100111001 9
b111111100111001 T
b111111100111001 a
b111111100111001 c
b10111001011101 ?
b10111001011101 E
b10111001011101 J
b1010100110000100 A
b1010100110000100 I
b1010100110000100 K
b111111100111001 S
b111111100111001 Y
b111111100111001 ^
b1010010 U
b1010010 ]
b1010010 _
1D
1H
1X
1\
b1 >
b1 R
b101 -
b101 6
#438
b1110000010010 "
b1110000010010 8
b1110000010010 e
b1110000010010 !
b1111100011001000 ?
b1111100011001000 E
b1111100011001000 J
b1001110100111010 A
b1001110100111010 I
b1001110100111010 K
b1001110100111010 7
b1001110100111010 @
b1001110100111010 M
b1001110100111010 b
b1010100000101011 S
b1010100000101011 Y
b1010100000101011 ^
b1110000010010 U
b1110000010010 ]
b1110000010010 _
b1110000010010 9
b1110000010010 T
b1110000010010 a
b1110000010010 c
0D
0H
1L
0X
0\
1`
b10 >
b10 R
b110 -
b110 6
#439
b1010010 "
b1010010 8
b1010010 e
b1010010 !
b1010100110000100 7
b1010100110000100 @
b1010100110000100 M
b1010100110000100 b
b1010010 9
b1010010 T
b1010010 a
b1010010 c
b10111001011101 ?
b10111001011101 E
b10111001011101 J
b1010100110000100 A
b1010100110000100 I
b1010100110000100 K
b111111100111001 S
b111111100111001 Y
b111111100111001 ^
b1010010 U
b1010010 ]
b1010010 _
1D
1H
1X
1\
b11 >
b11 R
b111 -
b111 6
#440
b1000100101011001 !
0D
0H
0L
0X
0\
0`
b1000100101011001 "
b1000100101011001 8
b1000100101011001 e
b1000011111011011 9
b1000011111011011 T
b1000011111011011 a
b1000011111011011 c
b1000100101011001 7
b1000100101011001 @
b1000100101011001 M
b1000100101011001 b
b0 >
b0 R
0d
b1101001110111011 U
b1101001110111011 ]
b1101001110111011 _
b1000011111011011 S
b1000011111011011 Y
b1000011111011011 ^
b1110101001101110 A
b1110101001101110 I
b1110101001101110 K
b1000100101011001 ?
b1000100101011001 E
b1000100101011001 J
b0 -
b0 6
b111110000000000 +
b111110000000000 5
b111110000000000 Q
b111110000000000 [
b1101001110111011 *
b1101001110111011 4
b1101001110111011 P
b1101001110111011 Z
b111011110100110 (
b111011110100110 3
b111011110100110 O
b111011110100110 W
b1000011111011011 '
b1000011111011011 2
b1000011111011011 N
b1000011111011011 V
b10100110010111 &
b10100110010111 1
b10100110010111 =
b10100110010111 G
b1110101001101110 %
b1110101001101110 0
b1110101001101110 <
b1110101001101110 F
b1001011011010000 $
b1001011011010000 /
b1001011011010000 ;
b1001011011010000 C
b1000100101011001 #
b1000100101011001 .
b1000100101011001 :
b1000100101011001 B
b110111 ,
#441
b1001011011010000 "
b1001011011010000 8
b1001011011010000 e
b1001011011010000 !
b1001011011010000 7
b1001011011010000 @
b1001011011010000 M
b1001011011010000 b
b111011110100110 9
b111011110100110 T
b111011110100110 a
b111011110100110 c
b1001011011010000 ?
b1001011011010000 E
b1001011011010000 J
b10100110010111 A
b10100110010111 I
b10100110010111 K
b111011110100110 S
b111011110100110 Y
b111011110100110 ^
b111110000000000 U
b111110000000000 ]
b111110000000000 _
1D
1H
1X
1\
b1 >
b1 R
b1 -
b1 6
#442
b1110101001101110 "
b1110101001101110 8
b1110101001101110 e
b1110101001101110 !
b1000100101011001 ?
b1000100101011001 E
b1000100101011001 J
b1110101001101110 A
b1110101001101110 I
b1110101001101110 K
b1110101001101110 7
b1110101001101110 @
b1110101001101110 M
b1110101001101110 b
b1000011111011011 S
b1000011111011011 Y
b1000011111011011 ^
b1101001110111011 U
b1101001110111011 ]
b1101001110111011 _
b1101001110111011 9
b1101001110111011 T
b1101001110111011 a
b1101001110111011 c
0D
0H
1L
0X
0\
1`
b10 >
b10 R
b10 -
b10 6
#443
b10100110010111 "
b10100110010111 8
b10100110010111 e
b10100110010111 !
b10100110010111 7
b10100110010111 @
b10100110010111 M
b10100110010111 b
b111110000000000 9
b111110000000000 T
b111110000000000 a
b111110000000000 c
b1001011011010000 ?
b1001011011010000 E
b1001011011010000 J
b10100110010111 A
b10100110010111 I
b10100110010111 K
b111011110100110 S
b111011110100110 Y
b111011110100110 ^
b111110000000000 U
b111110000000000 ]
b111110000000000 _
1D
1H
1X
1\
b11 >
b11 R
b11 -
b11 6
#444
b1000100101011001 ?
b1000100101011001 E
b1000100101011001 J
b1110101001101110 A
b1110101001101110 I
b1110101001101110 K
b1000100101011001 7
b1000100101011001 @
b1000100101011001 M
b1000100101011001 b
b1000011111011011 S
b1000011111011011 Y
b1000011111011011 ^
b1101001110111011 U
b1101001110111011 ]
b1101001110111011 _
b1000011111011011 9
b1000011111011011 T
b1000011111011011 a
b1000011111011011 c
b1000011111011011 !
0D
0H
0L
0X
0\
0`
b1000011111011011 "
b1000011111011011 8
b1000011111011011 e
b0 >
b0 R
1d
b100 -
b100 6
#445
b111011110100110 "
b111011110100110 8
b111011110100110 e
b111011110100110 !
b1001011011010000 7
b1001011011010000 @
b1001011011010000 M
b1001011011010000 b
b111011110100110 9
b111011110100110 T
b111011110100110 a
b111011110100110 c
b1001011011010000 ?
b1001011011010000 E
b1001011011010000 J
b10100110010111 A
b10100110010111 I
b10100110010111 K
b111011110100110 S
b111011110100110 Y
b111011110100110 ^
b111110000000000 U
b111110000000000 ]
b111110000000000 _
1D
1H
1X
1\
b1 >
b1 R
b101 -
b101 6
#446
b1101001110111011 "
b1101001110111011 8
b1101001110111011 e
b1101001110111011 !
b1000100101011001 ?
b1000100101011001 E
b1000100101011001 J
b1110101001101110 A
b1110101001101110 I
b1110101001101110 K
b1110101001101110 7
b1110101001101110 @
b1110101001101110 M
b1110101001101110 b
b1000011111011011 S
b1000011111011011 Y
b1000011111011011 ^
b1101001110111011 U
b1101001110111011 ]
b1101001110111011 _
b1101001110111011 9
b1101001110111011 T
b1101001110111011 a
b1101001110111011 c
0D
0H
1L
0X
0\
1`
b10 >
b10 R
b110 -
b110 6
#447
b111110000000000 "
b111110000000000 8
b111110000000000 e
b111110000000000 !
b10100110010111 7
b10100110010111 @
b10100110010111 M
b10100110010111 b
b111110000000000 9
b111110000000000 T
b111110000000000 a
b111110000000000 c
b1001011011010000 ?
b1001011011010000 E
b1001011011010000 J
b10100110010111 A
b10100110010111 I
b10100110010111 K
b111011110100110 S
b111011110100110 Y
b111011110100110 ^
b111110000000000 U
b111110000000000 ]
b111110000000000 _
1D
1H
1X
1\
b11 >
b11 R
b111 -
b111 6
#448
b100110000001111 !
0D
0H
0L
0X
0\
0`
b100110000001111 "
b100110000001111 8
b100110000001111 e
b100100111000101 9
b100100111000101 T
b100100111000101 a
b100100111000101 c
b100110000001111 7
b100110000001111 @
b100110000001111 M
b100110000001111 b
b0 >
b0 R
0d
b1110010110010000 U
b1110010110010000 ]
b1110010110010000 _
b100100111000101 S
b100100111000101 Y
b100100111000101 ^
b110001000001100 A
b110001000001100 I
b110001000001100 K
b100110000001111 ?
b100110000001111 E
b100110000001111 J
b0 -
b0 6
b1101100001010001 +
b1101100001010001 5
b1101100001010001 Q
b1101100001010001 [
b1110010110010000 *
b1110010110010000 4
b1110010110010000 P
b1110010110010000 Z
b11010111001111 (
b11010111001111 3
b11010111001111 O
b11010111001111 W
b100100111000101 '
b100100111000101 2
b100100111000101 N
b100100111000101 V
b1100101011001 &
b1100101011001 1
b1100101011001 =
b1100101011001 G
b110001000001100 %
b110001000001100 0
b110001000001100 <
b110001000001100 F
b1101011001101001 $
b1101011001101001 /
b1101011001101001 ;
b1101011001101001 C
b100110000001111 #
b100110000001111 .
b100110000001111 :
b100110000001111 B
b111000 ,
#449
b1101011001101001 "
b1101011001101001 8
b1101011001101001 e
b1101011001101001 !
b1101011001101001 7
b1101011001101001 @
b1101011001101001 M
b1101011001101001 b
b11010111001111 9
b11010111001111 T
b11010111001111 a
b11010111001111 c
b1101011001101001 ?
b1101011001101001 E
b1101011001101001 J
b1100101011001 A
b1100101011001 I
b1100101011001 K
b11010111001111 S
b11010111001111 Y
b11010111001111 ^
b1101100001010001 U
b1101100001010001 ]
b1101100001010001 _
1D
1H
1X
1\
b1 >
b1 R
b1 -
b1 6
#450
b110001000001100 "
b110001000001100 8
b110001000001100 e
b110001000001100 !
b100110000001111 ?
b100110000001111 E
b100110000001111 J
b110001000001100 A
b110001000001100 I
b110001000001100 K
b110001000001100 7
b110001000001100 @
b110001000001100 M
b110001000001100 b
b100100111000101 S
b100100111000101 Y
b100100111000101 ^
b1110010110010000 U
b1110010110010000 ]
b1110010110010000 _
b1110010110010000 9
b1110010110010000 T
b1110010110010000 a
b1110010110010000 c
0D
0H
1L
0X
0\
1`
b10 >
b10 R
b10 -
b10 6
#451
b1100101011001 "
b1100101011001 8
b1100101011001 e
b1100101011001 !
b1100101011001 7
b1100101011001 @
b1100101011001 M
b1100101011001 b
b1101100001010001 9
b1101100001010001 T
b1101100001010001 a
b1101100001010001 c
b1101011001101001 ?
b1101011001101001 E
b1101011001101001 J
b1100101011001 A
b1100101011001 I
b1100101011001 K
b11010111001111 S
b11010111001111 Y
b11010111001111 ^
b1101100001010001 U
b1101100001010001 ]
b1101100001010001 _
1D
1H
1X
1\
b11 >
b11 R
b11 -
b11 6
#452
b100110000001111 ?
b100110000001111 E
b100110000001111 J
b110001000001100 A
b110001000001100 I
b110001000001100 K
b100110000001111 7
b100110000001111 @
b100110000001111 M
b100110000001111 b
b100100111000101 S
b100100111000101 Y
b100100111000101 ^
b1110010110010000 U
b1110010110010000 ]
b1110010110010000 _
b100100111000101 9
b100100111000101 T
b100100111000101 a
b100100111000101 c
b100100111000101 !
0D
0H
0L
0X
0\
0`
b100100111000101 "
b100100111000101 8
b100100111000101 e
b0 >
b0 R
1d
b100 -
b100 6
#453
b11010111001111 "
b11010111001111 8
b11010111001111 e
b11010111001111 !
b1101011001101001 7
b1101011001101001 @
b1101011001101001 M
b1101011001101001 b
b11010111001111 9
b11010111001111 T
b11010111001111 a
b11010111001111 c
b1101011001101001 ?
b1101011001101001 E
b1101011001101001 J
b1100101011001 A
b1100101011001 I
b1100101011001 K
b11010111001111 S
b11010111001111 Y
b11010111001111 ^
b1101100001010001 U
b1101100001010001 ]
b1101100001010001 _
1D
1H
1X
1\
b1 >
b1 R
b101 -
b101 6
#454
b1110010110010000 "
b1110010110010000 8
b1110010110010000 e
b1110010110010000 !
b100110000001111 ?
b100110000001111 E
b100110000001111 J
b110001000001100 A
b110001000001100 I
b110001000001100 K
b110001000001100 7
b110001000001100 @
b110001000001100 M
b110001000001100 b
b100100111000101 S
b100100111000101 Y
b100100111000101 ^
b1110010110010000 U
b1110010110010000 ]
b1110010110010000 _
b1110010110010000 9
b1110010110010000 T
b1110010110010000 a
b1110010110010000 c
0D
0H
1L
0X
0\
1`
b10 >
b10 R
b110 -
b110 6
#455
b1101100001010001 "
b1101100001010001 8
b1101100001010001 e
b1101100001010001 !
b1100101011001 7
b1100101011001 @
b1100101011001 M
b1100101011001 b
b1101100001010001 9
b1101100001010001 T
b1101100001010001 a
b1101100001010001 c
b1101011001101001 ?
b1101011001101001 E
b1101011001101001 J
b1100101011001 A
b1100101011001 I
b1100101011001 K
b11010111001111 S
b11010111001111 Y
b11010111001111 ^
b1101100001010001 U
b1101100001010001 ]
b1101100001010001 _
1D
1H
1X
1\
b11 >
b11 R
b111 -
b111 6
#456
b1010010001101001 !
0D
0H
0L
0X
0\
0`
b1010010001101001 "
b1010010001101001 8
b1010010001101001 e
b100110110011011 9
b100110110011011 T
b100110110011011 a
b100110110011011 c
b1010010001101001 7
b1010010001101001 @
b1010010001101001 M
b1010010001101001 b
b0 >
b0 R
0d
b1011000110111000 U
b1011000110111000 ]
b1011000110111000 _
b100110110011011 S
b100110110011011 Y
b100110110011011 ^
b110010101001010 A
b110010101001010 I
b110010101001010 K
b1010010001101001 ?
b1010010001101001 E
b1010010001101001 J
b0 -
b0 6
b1111001010110111 +
b1111001010110111 5
b1111001010110111 Q
b1111001010110111 [
b1011000110111000 *
b1011000110111000 4
b1011000110111000 P
b1011000110111000 Z
b1001101011000100 (
b1001101011000100 3
b1001101011000100 O
b1001101011000100 W
b100110110011011 '
b100110110011011 2
b100110110011011 N
b100110110011011 V
b101100011011000 &
b101100011011000 1
b101100011011000 =
b101100011011000 G
b110010101001010 %
b110010101001010 0
b110010101001010 <
b110010101001010 F
b1100110101110111 $
b1100110101110111 /
b1100110101110111 ;
b1100110101110111 C
b1010010001101001 #
b1010010001101001 .
b1010010001101001 :
b1010010001101001 B
b111001 ,
#457
b1100110101110111 "
b1100110101110111 8
b1100110101110111 e
b1100110101110111 !
b1100110101110111 7
b1100110101110111 @
b1100110101110111 M
b1100110101110111 b
b1001101011000100 9
b1001101011000100 T
b1001101011000100 a
b1001101011000100 c
b1100110101110111 ?
b1100110101110111 E
b1100110101110111 J
b101100011011000 A
b101100011011000 I
b101100011011000 K
b1001101011000100 S
b1001101011000100 Y
b1001101011000100 ^
b1111001010110111 U
b1111001010110111 ]
b1111001010110111 _
1D
1H
1X
1\
b1 >
b1 R
b1 -
b1 6
#458
b110010101001010 "
b110010101001010 8
b110010101001010 e
b110010101001010 !
b1010010001101001 ?
b1010010001101001 E
b1010010001101001 J
b110010101001010 A
b110010101001010 I
b110010101001010 K
b110010101001010 7
b110010101001010 @
b110010101001010 M
b110010101001010 b
b100110110011011 S
b100110110011011 Y
b100110110011011 ^
b1011000110111000 U
b1011000110111000 ]
b1011000110111000 _
b1011000110111000 9
b1011000110111000 T
b1011000110111000 a
b1011000110111000 c
0D
0H
1L
0X
0\
1`
b10 >
b10 R
b10 -
b10 6
#459
b101100011011000 "
b101100011011000 8
b101100011011000 e
b101100011011000 !
b101100011011000 7
b101100011011000 @
b101100011011000 M
b101100011011000 b
b1111001010110111 9
b1111001010110111 T
b1111001010110111 a
b1111001010110111 c
b1100110101110111 ?
b1100110101110111 E
b1100110101110111 J
b101100011011000 A
b101100011011000 I
b101100011011000 K
b1001101011000100 S
b1001101011000100 Y
b1001101011000100 ^
b1111001010110111 U
b1111001010110111 ]
b1111001010110111 _
1D
1H
1X
1\
b11 >
b11 R
b11 -
b11 6
#460
b1010010001101001 ?
b1010010001101001 E
b1010010001101001 J
b110010101001010 A
b110010101001010 I
b110010101001010 K
b1010010001101001 7
b1010010001101001 @
b1010010001101001 M
b1010010001101001 b
b100110110011011 S
b100110110011011 Y
b100110110011011 ^
b1011000110111000 U
b1011000110111000 ]
b1011000110111000 _
b100110110011011 9
b100110110011011 T
b100110110011011 a
b100110110011011 c
b100110110011011 !
0D
0H
0L
0X
0\
0`
b100110110011011 "
b100110110011011 8
b100110110011011 e
b0 >
b0 R
1d
b100 -
b100 6
#461
b1001101011000100 "
b1001101011000100 8
b1001101011000100 e
b1001101011000100 !
b1100110101110111 7
b1100110101110111 @
b1100110101110111 M
b1100110101110111 b
b1001101011000100 9
b1001101011000100 T
b1001101011000100 a
b1001101011000100 c
b1100110101110111 ?
b1100110101110111 E
b1100110101110111 J
b101100011011000 A
b101100011011000 I
b101100011011000 K
b1001101011000100 S
b1001101011000100 Y
b1001101011000100 ^
b1111001010110111 U
b1111001010110111 ]
b1111001010110111 _
1D
1H
1X
1\
b1 >
b1 R
b101 -
b101 6
#462
b1011000110111000 "
b1011000110111000 8
b1011000110111000 e
b1011000110111000 !
b1010010001101001 ?
b1010010001101001 E
b1010010001101001 J
b110010101001010 A
b110010101001010 I
b110010101001010 K
b110010101001010 7
b110010101001010 @
b110010101001010 M
b110010101001010 b
b100110110011011 S
b100110110011011 Y
b100110110011011 ^
b1011000110111000 U
b1011000110111000 ]
b1011000110111000 _
b1011000110111000 9
b1011000110111000 T
b1011000110111000 a
b1011000110111000 c
0D
0H
1L
0X
0\
1`
b10 >
b10 R
b110 -
b110 6
#463
b1111001010110111 "
b1111001010110111 8
b1111001010110111 e
b1111001010110111 !
b101100011011000 7
b101100011011000 @
b101100011011000 M
b101100011011000 b
b1111001010110111 9
b1111001010110111 T
b1111001010110111 a
b1111001010110111 c
b1100110101110111 ?
b1100110101110111 E
b1100110101110111 J
b101100011011000 A
b101100011011000 I
b101100011011000 K
b1001101011000100 S
b1001101011000100 Y
b1001101011000100 ^
b1111001010110111 U
b1111001010110111 ]
b1111001010110111 _
1D
1H
1X
1\
b11 >
b11 R
b111 -
b111 6
#464
b1110111010000110 !
0D
0H
0L
0X
0\
0`
b1110111010000110 "
b1110111010000110 8
b1110111010000110 e
b1111010111010100 9
b1111010111010100 T
b1111010111010100 a
b1111010111010100 c
b1110111010000110 7
b1110111010000110 @
b1110111010000110 M
b1110111010000110 b
b0 >
b0 R
0d
b1001011101110110 U
b1001011101110110 ]
b1001011101110110 _
b1111010111010100 S
b1111010111010100 Y
b1111010111010100 ^
b101001101110111 A
b101001101110111 I
b101001101110111 K
b1110111010000110 ?
b1110111010000110 E
b1110111010000110 J
b0 -
b0 6
b1010110111101001 +
b1010110111101001 5
b1010110111101001 Q
b1010110111101001 [
b1001011101110110 *
b1001011101110110 4
b1001011101110110 P
b1001011101110110 Z
b1000011100000111 (
b1000011100000111 3
b1000011100000111 O
b1000011100000111 W
b1111010111010100 '
b1111010111010100 2
b1111010111010100 N
b1111010111010100 V
b1100011110110101 &
b1100011110110101 1
b1100011110110101 =
b1100011110110101 G
b101001101110111 %
b101001101110111 0
b101001101110111 <
b101001101110111 F
b101101000110000 $
b101101000110000 /
b101101000110000 ;
b101101000110000 C
b1110111010000110 #
b1110111010000110 .
b1110111010000110 :
b1110111010000110 B
b111010 ,
#465
b101101000110000 "
b101101000110000 8
b101101000110000 e
b101101000110000 !
b101101000110000 7
b101101000110000 @
b101101000110000 M
b101101000110000 b
b1000011100000111 9
b1000011100000111 T
b1000011100000111 a
b1000011100000111 c
b101101000110000 ?
b101101000110000 E
b101101000110000 J
b1100011110110101 A
b1100011110110101 I
b1100011110110101 K
b1000011100000111 S
b1000011100000111 Y
b1000011100000111 ^
b1010110111101001 U
b1010110111101001 ]
b1010110111101001 _
1D
1H
1X
1\
b1 >
b1 R
b1 -
b1 6
#466
b101001101110111 "
b101001101110111 8
b101001101110111 e
b101001101110111 !
b1110111010000110 ?
b1110111010000110 E
b1110111010000110 J
b101001101110111 A
b101001101110111 I
b101001101110111 K
b101001101110111 7
b101001101110111 @
b101001101110111 M
b101001101110111 b
b1111010111010100 S
b1111010111010100 Y
b1111010111010100 ^
b1001011101110110 U
b1001011101110110 ]
b1001011101110110 _
b1001011101110110 9
b1001011101110110 T
b1001011101110110 a
b1001011101110110 c
0D
0H
1L
0X
0\
1`
b10 >
b10 R
b10 -
b10 6
#467
b1100011110110101 "
b1100011110110101 8
b1100011110110101 e
b1100011110110101 !
b1100011110110101 7
b1100011110110101 @
b1100011110110101 M
b1100011110110101 b
b1010110111101001 9
b1010110111101001 T
b1010110111101001 a
b1010110111101001 c
b101101000110000 ?
b101101000110000 E
b101101000110000 J
b1100011110110101 A
b1100011110110101 I
b1100011110110101 K
b1000011100000111 S
b1000011100000111 Y
b1000011100000111 ^
b1010110111101001 U
b1010110111101001 ]
b1010110111101001 _
1D
1H
1X
1\
b11 >
b11 R
b11 -
b11 6
#468
b1110111010000110 ?
b1110111010000110 E
b1110111010000110 J
b101001101110111 A
b101001101110111 I
b101001101110111 K
b1110111010000110 7
b1110111010000110 @
b1110111010000110 M
b1110111010000110 b
b1111010111010100 S
b1111010111010100 Y
b1111010111010100 ^
b1001011101110110 U
b1001011101110110 ]
b1001011101110110 _
b1111010111010100 9
b1111010111010100 T
b1111010111010100 a
b1111010111010100 c
b1111010111010100 !
0D
0H
0L
0X
0\
0`
b1111010111010100 "
b1111010111010100 8
b1111010111010100 e
b0 >
b0 R
1d
b100 -
b100 6
#469
b1000011100000111 "
b1000011100000111 8
b1000011100000111 e
b1000011100000111 !
b101101000110000 7
b101101000110000 @
b101101000110000 M
b101101000110000 b
b1000011100000111 9
b1000011100000111 T
b1000011100000111 a
b1000011100000111 c
b101101000110000 ?
b101101000110000 E
b101101000110000 J
b1100011110110101 A
b1100011110110101 I
b1100011110110101 K
b1000011100000111 S
b1000011100000111 Y
b1000011100000111 ^
b1010110111101001 U
b1010110111101001 ]
b1010110111101001 _
1D
1H
1X
1\
b1 >
b1 R
b101 -
b101 6
#470
b1001011101110110 "
b1001011101110110 8
b1001011101110110 e
b1001011101110110 !
b1110111010000110 ?
b1110111010000110 E
b1110111010000110 J
b101001101110111 A
b101001101110111 I
b101001101110111 K
b101001101110111 7
b101001101110111 @
b101001101110111 M
b101001101110111 b
b1111010111010100 S
b1111010111010100 Y
b1111010111010100 ^
b1001011101110110 U
b1001011101110110 ]
b1001011101110110 _
b1001011101110110 9
b1001011101110110 T
b1001011101110110 a
b1001011101110110 c
0D
0H
1L
0X
0\
1`
b10 >
b10 R
b110 -
b110 6
#471
b1010110111101001 "
b1010110111101001 8
b1010110111101001 e
b1010110111101001 !
b1100011110110101 7
b1100011110110101 @
b1100011110110101 M
b1100011110110101 b
b1010110111101001 9
b1010110111101001 T
b1010110111101001 a
b1010110111101001 c
b101101000110000 ?
b101101000110000 E
b101101000110000 J
b1100011110110101 A
b1100011110110101 I
b1100011110110101 K
b1000011100000111 S
b1000011100000111 Y
b1000011100000111 ^
b1010110111101001 U
b1010110111101001 ]
b1010110111101001 _
1D
1H
1X
1\
b11 >
b11 R
b111 -
b111 6
#472
b1000101110001011 !
0D
0H
0L
0X
0\
0`
b1000101110001011 "
b1000101110001011 8
b1000101110001011 e
b1001111111000010 9
b1001111111000010 T
b1001111111000010 a
b1001111111000010 c
b1000101110001011 7
b1000101110001011 @
b1000101110001011 M
b1000101110001011 b
b0 >
b0 R
0d
b1111101000110000 U
b1111101000110000 ]
b1111101000110000 _
b1001111111000010 S
b1001111111000010 Y
b1001111111000010 ^
b1000101111011011 A
b1000101111011011 I
b1000101111011011 K
b1000101110001011 ?
b1000101110001011 E
b1000101110001011 J
b0 -
b0 6
b1110010010101111 +
b1110010010101111 5
b1110010010101111 Q
b1110010010101111 [
b1111101000110000 *
b1111101000110000 4
b1111101000110000 P
b1111101000110000 Z
b1101101011000101 (
b1101101011000101 3
b1101101011000101 O
b1101101011000101 W
b1001111111000010 '
b1001111111000010 2
b1001111111000010 N
b1001111111000010 V
b100001010000000 &
b100001010000000 1
b100001010000000 =
b100001010000000 G
b1000101111011011 %
b1000101111011011 0
b1000101111011011 <
b1000101111011011 F
b101111100000001 $
b101111100000001 /
b101111100000001 ;
b101111100000001 C
b1000101110001011 #
b1000101110001011 .
b1000101110001011 :
b1000101110001011 B
b111011 ,
#473
b101111100000001 "
b101111100000001 8
b101111100000001 e
b101111100000001 !
b101111100000001 7
b101111100000001 @
b101111100000001 M
b101111100000001 b
b1101101011000101 9
b1101101011000101 T
b1101101011000101 a
b1101101011000101 c
b101111100000001 ?
b101111100000001 E
b101111100000001 J
b100001010000000 A
b100001010000000 I
b100001010000000 K
b1101101011000101 S
b1101101011000101 Y
b1101101011000101 ^
b1110010010101111 U
b1110010010101111 ]
b1110010010101111 _
1D
1H
1X
1\
b1 >
b1 R
b1 -
b1 6
#474
b1000101111011011 "
b1000101111011011 8
b1000101111011011 e
b1000101111011011 !
b1000101110001011 ?
b1000101110001011 E
b1000101110001011 J
b1000101111011011 A
b1000101111011011 I
b1000101111011011 K
b1000101111011011 7
b1000101111011011 @
b1000101111011011 M
b1000101111011011 b
b1001111111000010 S
b1001111111000010 Y
b1001111111000010 ^
b1111101000110000 U
b1111101000110000 ]
b1111101000110000 _
b1111101000110000 9
b1111101000110000 T
b1111101000110000 a
b1111101000110000 c
0D
0H
1L
0X
0\
1`
b10 >
b10 R
b10 -
b10 6
#475
b100001010000000 "
b100001010000000 8
b100001010000000 e
b100001010000000 !
b100001010000000 7
b100001010000000 @
b100001010000000 M
b100001010000000 b
b1110010010101111 9
b1110010010101111 T
b1110010010101111 a
b1110010010101111 c
b101111100000001 ?
b101111100000001 E
b101111100000001 J
b100001010000000 A
b100001010000000 I
b100001010000000 K
b1101101011000101 S
b1101101011000101 Y
b1101101011000101 ^
b1110010010101111 U
b1110010010101111 ]
b1110010010101111 _
1D
1H
1X
1\
b11 >
b11 R
b11 -
b11 6
#476
b1000101110001011 ?
b1000101110001011 E
b1000101110001011 J
b1000101111011011 A
b1000101111011011 I
b1000101111011011 K
b1000101110001011 7
b1000101110001011 @
b1000101110001011 M
b1000101110001011 b
b1001111111000010 S
b1001111111000010 Y
b1001111111000010 ^
b1111101000110000 U
b1111101000110000 ]
b1111101000110000 _
b1001111111000010 9
b1001111111000010 T
b1001111111000010 a
b1001111111000010 c
b1001111111000010 !
0D
0H
0L
0X
0\
0`
b1001111111000010 "
b1001111111000010 8
b1001111111000010 e
b0 >
b0 R
1d
b100 -
b100 6
#477
b1101101011000101 "
b1101101011000101 8
b1101101011000101 e
b1101101011000101 !
b101111100000001 7
b101111100000001 @
b101111100000001 M
b101111100000001 b
b1101101011000101 9
b1101101011000101 T
b1101101011000101 a
b1101101011000101 c
b101111100000001 ?
b101111100000001 E
b101111100000001 J
b100001010000000 A
b100001010000000 I
b100001010000000 K
b1101101011000101 S
b1101101011000101 Y
b1101101011000101 ^
b1110010010101111 U
b1110010010101111 ]
b1110010010101111 _
1D
1H
1X
1\
b1 >
b1 R
b101 -
b101 6
#478
b1111101000110000 "
b1111101000110000 8
b1111101000110000 e
b1111101000110000 !
b1000101110001011 ?
b1000101110001011 E
b1000101110001011 J
b1000101111011011 A
b1000101111011011 I
b1000101111011011 K
b1000101111011011 7
b1000101111011011 @
b1000101111011011 M
b1000101111011011 b
b1001111111000010 S
b1001111111000010 Y
b1001111111000010 ^
b1111101000110000 U
b1111101000110000 ]
b1111101000110000 _
b1111101000110000 9
b1111101000110000 T
b1111101000110000 a
b1111101000110000 c
0D
0H
1L
0X
0\
1`
b10 >
b10 R
b110 -
b110 6
#479
b1110010010101111 "
b1110010010101111 8
b1110010010101111 e
b1110010010101111 !
b100001010000000 7
b100001010000000 @
b100001010000000 M
b100001010000000 b
b1110010010101111 9
b1110010010101111 T
b1110010010101111 a
b1110010010101111 c
b101111100000001 ?
b101111100000001 E
b101111100000001 J
b100001010000000 A
b100001010000000 I
b100001010000000 K
b1101101011000101 S
b1101101011000101 Y
b1101101011000101 ^
b1110010010101111 U
b1110010010101111 ]
b1110010010101111 _
1D
1H
1X
1\
b11 >
b11 R
b111 -
b111 6
#480
b1101101001100110 !
0D
0H
0L
0X
0\
0`
b1101101001100110 "
b1101101001100110 8
b1101101001100110 e
b1010110000000110 9
b1010110000000110 T
b1010110000000110 a
b1010110000000110 c
b1101101001100110 7
b1101101001100110 @
b1101101001100110 M
b1101101001100110 b
b0 >
b0 R
0d
b11011111100001 U
b11011111100001 ]
b11011111100001 _
b1010110000000110 S
b1010110000000110 Y
b1010110000000110 ^
b110111011101001 A
b110111011101001 I
b110111011101001 K
b1101101001100110 ?
b1101101001100110 E
b1101101001100110 J
b0 -
b0 6
b111110010010101 +
b111110010010101 5
b111110010010101 Q
b111110010010101 [
b11011111100001 *
b11011111100001 4
b11011111100001 P
b11011111100001 Z
b111011011101111 (
b111011011101111 3
b111011011101111 O
b111011011101111 W
b1010110000000110 '
b1010110000000110 2
b1010110000000110 N
b1010110000000110 V
b1010111111111000 &
b1010111111111000 1
b1010111111111000 =
b1010111111111000 G
b110111011101001 %
b110111011101001 0
b110111011101001 <
b110111011101001 F
b1011100110101111 $
b1011100110101111 /
b1011100110101111 ;
b1011100110101111 C
b1101101001100110 #
b1101101001100110 .
b1101101001100110 :
b1101101001100110 B
b111100 ,
#481
b1011100110101111 "
b1011100110101111 8
b1011100110101111 e
b1011100110101111 !
b1011100110101111 7
b1011100110101111 @
b1011100110101111 M
b1011100110101111 b
b111011011101111 9
b111011011101111 T
b111011011101111 a
b111011011101111 c
b1011100110101111 ?
b1011100110101111 E
b1011100110101111 J
b1010111111111000 A
b1010111111111000 I
b1010111111111000 K
b111011011101111 S
b111011011101111 Y
b111011011101111 ^
b111110010010101 U
b111110010010101 ]
b111110010010101 _
1D
1H
1X
1\
b1 >
b1 R
b1 -
b1 6
#482
b110111011101001 "
b110111011101001 8
b110111011101001 e
b110111011101001 !
b1101101001100110 ?
b1101101001100110 E
b1101101001100110 J
b110111011101001 A
b110111011101001 I
b110111011101001 K
b110111011101001 7
b110111011101001 @
b110111011101001 M
b110111011101001 b
b1010110000000110 S
b1010110000000110 Y
b1010110000000110 ^
b11011111100001 U
b11011111100001 ]
b11011111100001 _
b11011111100001 9
b11011111100001 T
b11011111100001 a
b11011111100001 c
0D
0H
1L
0X
0\
1`
b10 >
b10 R
b10 -
b10 6
#483
b1010111111111000 "
b1010111111111000 8
b1010111111111000 e
b1010111111111000 !
b1010111111111000 7
b1010111111111000 @
b1010111111111000 M
b1010111111111000 b
b111110010010101 9
b111110010010101 T
b111110010010101 a
b111110010010101 c
b1011100110101111 ?
b1011100110101111 E
b1011100110101111 J
b1010111111111000 A
b1010111111111000 I
b1010111111111000 K
b111011011101111 S
b111011011101111 Y
b111011011101111 ^
b111110010010101 U
b111110010010101 ]
b111110010010101 _
1D
1H
1X
1\
b11 >
b11 R
b11 -
b11 6
#484
b1101101001100110 ?
b1101101001100110 E
b1101101001100110 J
b110111011101001 A
b110111011101001 I
b110111011101001 K
b1101101001100110 7
b1101101001100110 @
b1101101001100110 M
b1101101001100110 b
b1010110000000110 S
b1010110000000110 Y
b1010110000000110 ^
b11011111100001 U
b11011111100001 ]
b11011111100001 _
b1010110000000110 9
b1010110000000110 T
b1010110000000110 a
b1010110000000110 c
b1010110000000110 !
0D
0H
0L
0X
0\
0`
b1010110000000110 "
b1010110000000110 8
b1010110000000110 e
b0 >
b0 R
1d
b100 -
b100 6
#485
b111011011101111 "
b111011011101111 8
b111011011101111 e
b111011011101111 !
b1011100110101111 7
b1011100110101111 @
b1011100110101111 M
b1011100110101111 b
b111011011101111 9
b111011011101111 T
b111011011101111 a
b111011011101111 c
b1011100110101111 ?
b1011100110101111 E
b1011100110101111 J
b1010111111111000 A
b1010111111111000 I
b1010111111111000 K
b111011011101111 S
b111011011101111 Y
b111011011101111 ^
b111110010010101 U
b111110010010101 ]
b111110010010101 _
1D
1H
1X
1\
b1 >
b1 R
b101 -
b101 6
#486
b11011111100001 "
b11011111100001 8
b11011111100001 e
b11011111100001 !
b1101101001100110 ?
b1101101001100110 E
b1101101001100110 J
b110111011101001 A
b110111011101001 I
b110111011101001 K
b110111011101001 7
b110111011101001 @
b110111011101001 M
b110111011101001 b
b1010110000000110 S
b1010110000000110 Y
b1010110000000110 ^
b11011111100001 U
b11011111100001 ]
b11011111100001 _
b11011111100001 9
b11011111100001 T
b11011111100001 a
b11011111100001 c
0D
0H
1L
0X
0\
1`
b10 >
b10 R
b110 -
b110 6
#487
b111110010010101 "
b111110010010101 8
b111110010010101 e
b111110010010101 !
b1010111111111000 7
b1010111111111000 @
b1010111111111000 M
b1010111111111000 b
b111110010010101 9
b111110010010101 T
b111110010010101 a
b111110010010101 c
b1011100110101111 ?
b1011100110101111 E
b1011100110101111 J
b1010111111111000 A
b1010111111111000 I
b1010111111111000 K
b111011011101111 S
b111011011101111 Y
b111011011101111 ^
b111110010010101 U
b111110010010101 ]
b111110010010101 _
1D
1H
1X
1\
b11 >
b11 R
b111 -
b111 6
#488
b11111011101110 !
0D
0H
0L
0X
0\
0`
b11111011101110 "
b11111011101110 8
b11111011101110 e
b111110101100100 9
b111110101100100 T
b111110101100100 a
b111110101100100 c
b11111011101110 7
b11111011101110 @
b11111011101110 M
b11111011101110 b
b0 >
b0 R
0d
b1010111011100001 U
b1010111011100001 ]
b1010111011100001 _
b111110101100100 S
b111110101100100 Y
b111110101100100 ^
b101111011100101 A
b101111011100101 I
b101111011100101 K
b11111011101110 ?
b11111011101110 E
b11111011101110 J
b0 -
b0 6
b101001001110111 +
b101001001110111 5
b101001001110111 Q
b101001001110111 [
b1010111011100001 *
b1010111011100001 4
b1010111011100001 P
b1010111011100001 Z
b11011100101001 (
b11011100101001 3
b11011100101001 O
b11011100101001 W
b111110101100100 '
b111110101100100 2
b111110101100100 N
b111110101100100 V
b1110101000101000 &
b1110101000101000 1
b1110101000101000 =
b1110101000101000 G
b101111011100101 %
b101111011100101 0
b101111011100101 <
b101111011100101 F
b100110101100000 $
b100110101100000 /
b100110101100000 ;
b100110101100000 C
b11111011101110 #
b11111011101110 .
b11111011101110 :
b11111011101110 B
b111101 ,
#489
b100110101100000 "
b100110101100000 8
b100110101100000 e
b100110101100000 !
b100110101100000 7
b100110101100000 @
b100110101100000 M
b100110101100000 b
b11011100101001 9
b11011100101001 T
b11011100101001 a
b11011100101001 c
b100110101100000 ?
b100110101100000 E
b100110101100000 J
b1110101000101000 A
b1110101000101000 I
b1110101000101000 K
b11011100101001 S
b11011100101001 Y
b11011100101001 ^
b101001001110111 U
b101001001110111 ]
b101001001110111 _
1D
1H
1X
1\
b1 >
b1 R
b1 -
b1 6
#490
b101111011100101 "
b101111011100101 8
b101111011100101 e
b101111011100101 !
b11111011101110 ?
b11111011101110 E
b11111011101110 J
b101111011100101 A
b101111011100101 I
b101111011100101 K
b101111011100101 7
b101111011100101 @
b101111011100101 M
b101111011100101 b
b111110101100100 S
b111110101100100 Y
b111110101100100 ^
b1010111011100001 U
b1010111011100001 ]
b1010111011100001 _
b1010111011100001 9
b1010111011100001 T
b1010111011100001 a
b1010111011100001 c
0D
0H
1L
0X
0\
1`
b10 >
b10 R
b10 -
b10 6
#491
b1110101000101000 "
b1110101000101000 8
b1110101000101000 e
b1110101000101000 !
b1110101000101000 7
b1110101000101000 @
b1110101000101000 M
b1110101000101000 b
b101001001110111 9
b101001001110111 T
b101001001110111 a
b101001001110111 c
b100110101100000 ?
b100110101100000 E
b100110101100000 J
b1110101000101000 A
b1110101000101000 I
b1110101000101000 K
b11011100101001 S
b11011100101001 Y
b11011100101001 ^
b101001001110111 U
b101001001110111 ]
b101001001110111 _
1D
1H
1X
1\
b11 >
b11 R
b11 -
b11 6
#492
b11111011101110 ?
b11111011101110 E
b11111011101110 J
b101111011100101 A
b101111011100101 I
b101111011100101 K
b11111011101110 7
b11111011101110 @
b11111011101110 M
b11111011101110 b
b111110101100100 S
b111110101100100 Y
b111110101100100 ^
b1010111011100001 U
b1010111011100001 ]
b1010111011100001 _
b111110101100100 9
b111110101100100 T
b111110101100100 a
b111110101100100 c
b111110101100100 !
0D
0H
0L
0X
0\
0`
b111110101100100 "
b111110101100100 8
b111110101100100 e
b0 >
b0 R
1d
b100 -
b100 6
#493
b11011100101001 "
b11011100101001 8
b11011100101001 e
b11011100101001 !
b100110101100000 7
b100110101100000 @
b100110101100000 M
b100110101100000 b
b11011100101001 9
b11011100101001 T
b11011100101001 a
b11011100101001 c
b100110101100000 ?
b100110101100000 E
b100110101100000 J
b1110101000101000 A
b1110101000101000 I
b1110101000101000 K
b11011100101001 S
b11011100101001 Y
b11011100101001 ^
b101001001110111 U
b101001001110111 ]
b101001001110111 _
1D
1H
1X
1\
b1 >
b1 R
b101 -
b101 6
#494
b1010111011100001 "
b1010111011100001 8
b1010111011100001 e
b1010111011100001 !
b11111011101110 ?
b11111011101110 E
b11111011101110 J
b101111011100101 A
b101111011100101 I
b101111011100101 K
b101111011100101 7
b101111011100101 @
b101111011100101 M
b101111011100101 b
b111110101100100 S
b111110101100100 Y
b111110101100100 ^
b1010111011100001 U
b1010111011100001 ]
b1010111011100001 _
b1010111011100001 9
b1010111011100001 T
b1010111011100001 a
b1010111011100001 c
0D
0H
1L
0X
0\
1`
b10 >
b10 R
b110 -
b110 6
#495
b101001001110111 "
b101001001110111 8
b101001001110111 e
b101001001110111 !
b1110101000101000 7
b1110101000101000 @
b1110101000101000 M
b1110101000101000 b
b101001001110111 9
b101001001110111 T
b101001001110111 a
b101001001110111 c
b100110101100000 ?
b100110101100000 E
b100110101100000 J
b1110101000101000 A
b1110101000101000 I
b1110101000101000 K
b11011100101001 S
b11011100101001 Y
b11011100101001 ^
b101001001110111 U
b101001001110111 ]
b101001001110111 _
1D
1H
1X
1\
b11 >
b11 R
b111 -
b111 6
#496
b1010101101110 !
0D
0H
0L
0X
0\
0`
b1010101101110 "
b1010101101110 8
b1010101101110 e
b111000111110000 9
b111000111110000 T
b111000111110000 a
b111000111110000 c
b1010101101110 7
b1010101101110 @
b1010101101110 M
b1010101101110 b
b0 >
b0 R
0d
b1100001100001111 U
b1100001100001111 ]
b1100001100001111 _
b111000111110000 S
b111000111110000 Y
b111000111110000 ^
b1011100111010101 A
b1011100111010101 I
b1011100111010101 K
b1010101101110 ?
b1010101101110 E
b1010101101110 J
b0 -
b0 6
b100100011110001 +
b100100011110001 5
b100100011110001 Q
b100100011110001 [
b1100001100001111 *
b1100001100001111 4
b1100001100001111 P
b1100001100001111 Z
b10101010 (
b10101010 3
b10101010 O
b10101010 W
b111000111110000 '
b111000111110000 2
b111000111110000 N
b111000111110000 V
b1101010101101000 &
b1101010101101000 1
b1101010101101000 =
b1101010101101000 G
b1011100111010101 %
b1011100111010101 0
b1011100111010101 <
b1011100111010101 F
b1111010110000001 $
b1111010110000001 /
b1111010110000001 ;
b1111010110000001 C
b1010101101110 #
b1010101101110 .
b1010101101110 :
b1010101101110 B
b111110 ,
#497
b1111010110000001 "
b1111010110000001 8
b1111010110000001 e
b1111010110000001 !
b1111010110000001 7
b1111010110000001 @
b1111010110000001 M
b1111010110000001 b
b10101010 9
b10101010 T
b10101010 a
b10101010 c
b1111010110000001 ?
b1111010110000001 E
b1111010110000001 J
b1101010101101000 A
b1101010101101000 I
b1101010101101000 K
b10101010 S
b10101010 Y
b10101010 ^
b100100011110001 U
b100100011110001 ]
b100100011110001 _
1D
1H
1X
1\
b1 >
b1 R
b1 -
b1 6
#498
b1011100111010101 "
b1011100111010101 8
b1011100111010101 e
b1011100111010101 !
b1010101101110 ?
b1010101101110 E
b1010101101110 J
b1011100111010101 A
b1011100111010101 I
b1011100111010101 K
b1011100111010101 7
b1011100111010101 @
b1011100111010101 M
b1011100111010101 b
b111000111110000 S
b111000111110000 Y
b111000111110000 ^
b1100001100001111 U
b1100001100001111 ]
b1100001100001111 _
b1100001100001111 9
b1100001100001111 T
b1100001100001111 a
b1100001100001111 c
0D
0H
1L
0X
0\
1`
b10 >
b10 R
b10 -
b10 6
#499
b1101010101101000 "
b1101010101101000 8
b1101010101101000 e
b1101010101101000 !
b1101010101101000 7
b1101010101101000 @
b1101010101101000 M
b1101010101101000 b
b100100011110001 9
b100100011110001 T
b100100011110001 a
b100100011110001 c
b1111010110000001 ?
b1111010110000001 E
b1111010110000001 J
b1101010101101000 A
b1101010101101000 I
b1101010101101000 K
b10101010 S
b10101010 Y
b10101010 ^
b100100011110001 U
b100100011110001 ]
b100100011110001 _
1D
1H
1X
1\
b11 >
b11 R
b11 -
b11 6
#500
b1010101101110 ?
b1010101101110 E
b1010101101110 J
b1011100111010101 A
b1011100111010101 I
b1011100111010101 K
b1010101101110 7
b1010101101110 @
b1010101101110 M
b1010101101110 b
b111000111110000 S
b111000111110000 Y
b111000111110000 ^
b1100001100001111 U
b1100001100001111 ]
b1100001100001111 _
b111000111110000 9
b111000111110000 T
b111000111110000 a
b111000111110000 c
b111000111110000 !
0D
0H
0L
0X
0\
0`
b111000111110000 "
b111000111110000 8
b111000111110000 e
b0 >
b0 R
1d
b100 -
b100 6
#501
b10101010 "
b10101010 8
b10101010 e
b10101010 !
b1111010110000001 7
b1111010110000001 @
b1111010110000001 M
b1111010110000001 b
b10101010 9
b10101010 T
b10101010 a
b10101010 c
b1111010110000001 ?
b1111010110000001 E
b1111010110000001 J
b1101010101101000 A
b1101010101101000 I
b1101010101101000 K
b10101010 S
b10101010 Y
b10101010 ^
b100100011110001 U
b100100011110001 ]
b100100011110001 _
1D
1H
1X
1\
b1 >
b1 R
b101 -
b101 6
#502
b1100001100001111 "
b1100001100001111 8
b1100001100001111 e
b1100001100001111 !
b1010101101110 ?
b1010101101110 E
b1010101101110 J
b1011100111010101 A
b1011100111010101 I
b1011100111010101 K
b1011100111010101 7
b1011100111010101 @
b1011100111010101 M
b1011100111010101 b
b111000111110000 S
b111000111110000 Y
b111000111110000 ^
b1100001100001111 U
b1100001100001111 ]
b1100001100001111 _
b1100001100001111 9
b1100001100001111 T
b1100001100001111 a
b1100001100001111 c
0D
0H
1L
0X
0\
1`
b10 >
b10 R
b110 -
b110 6
#503
b100100011110001 "
b100100011110001 8
b100100011110001 e
b100100011110001 !
b1101010101101000 7
b1101010101101000 @
b1101010101101000 M
b1101010101101000 b
b100100011110001 9
b100100011110001 T
b100100011110001 a
b100100011110001 c
b1111010110000001 ?
b1111010110000001 E
b1111010110000001 J
b1101010101101000 A
b1101010101101000 I
b1101010101101000 K
b10101010 S
b10101010 Y
b10101010 ^
b100100011110001 U
b100100011110001 ]
b100100011110001 _
1D
1H
1X
1\
b11 >
b11 R
b111 -
b111 6
#504
b1011110001111101 !
0D
0H
0L
0X
0\
0`
b1011110001111101 "
b1011110001111101 8
b1011110001111101 e
b1110011010101001 9
b1110011010101001 T
b1110011010101001 a
b1110011010101001 c
b1011110001111101 7
b1011110001111101 @
b1011110001111101 M
b1011110001111101 b
b0 >
b0 R
0d
b1101000001011011 U
b1101000001011011 ]
b1101000001011011 _
b1110011010101001 S
b1110011010101001 Y
b1110011010101001 ^
b1101110011100010 A
b1101110011100010 I
b1101110011100010 K
b1011110001111101 ?
b1011110001111101 E
b1011110001111101 J
b0 -
b0 6
b11110010101111 +
b11110010101111 5
b11110010101111 Q
b11110010101111 [
b1101000001011011 *
b1101000001011011 4
b1101000001011011 P
b1101000001011011 Z
b1011000111101111 (
b1011000111101111 3
b1011000111101111 O
b1011000111101111 W
b1110011010101001 '
b1110011010101001 2
b1110011010101001 N
b1110011010101001 V
b100110100111100 &
b100110100111100 1
b100110100111100 =
b100110100111100 G
b1101110011100010 %
b1101110011100010 0
b1101110011100010 <
b1101110011100010 F
b1001010110001110 $
b1001010110001110 /
b1001010110001110 ;
b1001010110001110 C
b1011110001111101 #
b1011110001111101 .
b1011110001111101 :
b1011110001111101 B
b111111 ,
#505
b1001010110001110 "
b1001010110001110 8
b1001010110001110 e
b1001010110001110 !
b1001010110001110 7
b1001010110001110 @
b1001010110001110 M
b1001010110001110 b
b1011000111101111 9
b1011000111101111 T
b1011000111101111 a
b1011000111101111 c
b1001010110001110 ?
b1001010110001110 E
b1001010110001110 J
b100110100111100 A
b100110100111100 I
b100110100111100 K
b1011000111101111 S
b1011000111101111 Y
b1011000111101111 ^
b11110010101111 U
b11110010101111 ]
b11110010101111 _
1D
1H
1X
1\
b1 >
b1 R
b1 -
b1 6
#506
b1101110011100010 "
b1101110011100010 8
b1101110011100010 e
b1101110011100010 !
b1011110001111101 ?
b1011110001111101 E
b1011110001111101 J
b1101110011100010 A
b1101110011100010 I
b1101110011100010 K
b1101110011100010 7
b1101110011100010 @
b1101110011100010 M
b1101110011100010 b
b1110011010101001 S
b1110011010101001 Y
b1110011010101001 ^
b1101000001011011 U
b1101000001011011 ]
b1101000001011011 _
b1101000001011011 9
b1101000001011011 T
b1101000001011011 a
b1101000001011011 c
0D
0H
1L
0X
0\
1`
b10 >
b10 R
b10 -
b10 6
#507
b100110100111100 "
b100110100111100 8
b100110100111100 e
b100110100111100 !
b100110100111100 7
b100110100111100 @
b100110100111100 M
b100110100111100 b
b11110010101111 9
b11110010101111 T
b11110010101111 a
b11110010101111 c
b1001010110001110 ?
b1001010110001110 E
b1001010110001110 J
b100110100111100 A
b100110100111100 I
b100110100111100 K
b1011000111101111 S
b1011000111101111 Y
b1011000111101111 ^
b11110010101111 U
b11110010101111 ]
b11110010101111 _
1D
1H
1X
1\
b11 >
b11 R
b11 -
b11 6
#508
b1011110001111101 ?
b1011110001111101 E
b1011110001111101 J
b1101110011100010 A
b1101110011100010 I
b1101110011100010 K
b1011110001111101 7
b1011110001111101 @
b1011110001111101 M
b1011110001111101 b
b1110011010101001 S
b1110011010101001 Y
b1110011010101001 ^
b1101000001011011 U
b1101000001011011 ]
b1101000001011011 _
b1110011010101001 9
b1110011010101001 T
b1110011010101001 a
b1110011010101001 c
b1110011010101001 !
0D
0H
0L
0X
0\
0`
b1110011010101001 "
b1110011010101001 8
b1110011010101001 e
b0 >
b0 R
1d
b100 -
b100 6
#509
b1011000111101111 "
b1011000111101111 8
b1011000111101111 e
b1011000111101111 !
b1001010110001110 7
b1001010110001110 @
b1001010110001110 M
b1001010110001110 b
b1011000111101111 9
b1011000111101111 T
b1011000111101111 a
b1011000111101111 c
b1001010110001110 ?
b1001010110001110 E
b1001010110001110 J
b100110100111100 A
b100110100111100 I
b100110100111100 K
b1011000111101111 S
b1011000111101111 Y
b1011000111101111 ^
b11110010101111 U
b11110010101111 ]
b11110010101111 _
1D
1H
1X
1\
b1 >
b1 R
b101 -
b101 6
#510
b1101000001011011 "
b1101000001011011 8
b1101000001011011 e
b1101000001011011 !
b1011110001111101 ?
b1011110001111101 E
b1011110001111101 J
b1101110011100010 A
b1101110011100010 I
b1101110011100010 K
b1101110011100010 7
b1101110011100010 @
b1101110011100010 M
b1101110011100010 b
b1110011010101001 S
b1110011010101001 Y
b1110011010101001 ^
b1101000001011011 U
b1101000001011011 ]
b1101000001011011 _
b1101000001011011 9
b1101000001011011 T
b1101000001011011 a
b1101000001011011 c
0D
0H
1L
0X
0\
1`
b10 >
b10 R
b110 -
b110 6
#511
b11110010101111 "
b11110010101111 8
b11110010101111 e
b11110010101111 !
b100110100111100 7
b100110100111100 @
b100110100111100 M
b100110100111100 b
b11110010101111 9
b11110010101111 T
b11110010101111 a
b11110010101111 c
b1001010110001110 ?
b1001010110001110 E
b1001010110001110 J
b100110100111100 A
b100110100111100 I
b100110100111100 K
b1011000111101111 S
b1011000111101111 Y
b1011000111101111 ^
b11110010101111 U
b11110010101111 ]
b11110010101111 _
1D
1H
1X
1\
b11 >
b11 R
b111 -
b111 6
#512
b1001101101001010 !
0D
0H
0L
0X
0\
0`
b1001101101001010 "
b1001101101001010 8
b1001101101001010 e
b100000101100101 9
b100000101100101 T
b100000101100101 a
b100000101100101 c
b1001101101001010 7
b1001101101001010 @
b1001101101001010 M
b1001101101001010 b
b0 >
b0 R
0d
b11101010110111 U
b11101010110111 ]
b11101010110111 _
b100000101100101 S
b100000101100101 Y
b100000101100101 ^
b10110100010011 A
b10110100010011 I
b10110100010011 K
b1001101101001010 ?
b1001101101001010 E
b1001101101001010 J
b0 -
b0 6
b1000010011001 +
b1000010011001 5
b1000010011001 Q
b1000010011001 [
b11101010110111 *
b11101010110111 4
b11101010110111 P
b11101010110111 Z
b10011101010001 (
b10011101010001 3
b10011101010001 O
b10011101010001 W
b100000101100101 '
b100000101100101 2
b100000101100101 N
b100000101100101 V
b11010100010011 &
b11010100010011 1
b11010100010011 =
b11010100010011 G
b10110100010011 %
b10110100010011 0
b10110100010011 <
b10110100010011 F
b110110111001 $
b110110111001 /
b110110111001 ;
b110110111001 C
b1001101101001010 #
b1001101101001010 .
b1001101101001010 :
b1001101101001010 B
b1000000 ,
#513
b110110111001 "
b110110111001 8
b110110111001 e
b110110111001 !
b110110111001 7
b110110111001 @
b110110111001 M
b110110111001 b
b10011101010001 9
b10011101010001 T
b10011101010001 a
b10011101010001 c
b110110111001 ?
b110110111001 E
b110110111001 J
b11010100010011 A
b11010100010011 I
b11010100010011 K
b10011101010001 S
b10011101010001 Y
b10011101010001 ^
b1000010011001 U
b1000010011001 ]
b1000010011001 _
1D
1H
1X
1\
b1 >
b1 R
b1 -
b1 6
#514
b10110100010011 "
b10110100010011 8
b10110100010011 e
b10110100010011 !
b1001101101001010 ?
b1001101101001010 E
b1001101101001010 J
b10110100010011 A
b10110100010011 I
b10110100010011 K
b10110100010011 7
b10110100010011 @
b10110100010011 M
b10110100010011 b
b100000101100101 S
b100000101100101 Y
b100000101100101 ^
b11101010110111 U
b11101010110111 ]
b11101010110111 _
b11101010110111 9
b11101010110111 T
b11101010110111 a
b11101010110111 c
0D
0H
1L
0X
0\
1`
b10 >
b10 R
b10 -
b10 6
#515
b11010100010011 "
b11010100010011 8
b11010100010011 e
b11010100010011 !
b11010100010011 7
b11010100010011 @
b11010100010011 M
b11010100010011 b
b1000010011001 9
b1000010011001 T
b1000010011001 a
b1000010011001 c
b110110111001 ?
b110110111001 E
b110110111001 J
b11010100010011 A
b11010100010011 I
b11010100010011 K
b10011101010001 S
b10011101010001 Y
b10011101010001 ^
b1000010011001 U
b1000010011001 ]
b1000010011001 _
1D
1H
1X
1\
b11 >
b11 R
b11 -
b11 6
#516
b1001101101001010 ?
b1001101101001010 E
b1001101101001010 J
b10110100010011 A
b10110100010011 I
b10110100010011 K
b1001101101001010 7
b1001101101001010 @
b1001101101001010 M
b1001101101001010 b
b100000101100101 S
b100000101100101 Y
b100000101100101 ^
b11101010110111 U
b11101010110111 ]
b11101010110111 _
b100000101100101 9
b100000101100101 T
b100000101100101 a
b100000101100101 c
b100000101100101 !
0D
0H
0L
0X
0\
0`
b100000101100101 "
b100000101100101 8
b100000101100101 e
b0 >
b0 R
1d
b100 -
b100 6
#517
b10011101010001 "
b10011101010001 8
b10011101010001 e
b10011101010001 !
b110110111001 7
b110110111001 @
b110110111001 M
b110110111001 b
b10011101010001 9
b10011101010001 T
b10011101010001 a
b10011101010001 c
b110110111001 ?
b110110111001 E
b110110111001 J
b11010100010011 A
b11010100010011 I
b11010100010011 K
b10011101010001 S
b10011101010001 Y
b10011101010001 ^
b1000010011001 U
b1000010011001 ]
b1000010011001 _
1D
1H
1X
1\
b1 >
b1 R
b101 -
b101 6
#518
b11101010110111 "
b11101010110111 8
b11101010110111 e
b11101010110111 !
b1001101101001010 ?
b1001101101001010 E
b1001101101001010 J
b10110100010011 A
b10110100010011 I
b10110100010011 K
b10110100010011 7
b10110100010011 @
b10110100010011 M
b10110100010011 b
b100000101100101 S
b100000101100101 Y
b100000101100101 ^
b11101010110111 U
b11101010110111 ]
b11101010110111 _
b11101010110111 9
b11101010110111 T
b11101010110111 a
b11101010110111 c
0D
0H
1L
0X
0\
1`
b10 >
b10 R
b110 -
b110 6
#519
b1000010011001 "
b1000010011001 8
b1000010011001 e
b1000010011001 !
b11010100010011 7
b11010100010011 @
b11010100010011 M
b11010100010011 b
b1000010011001 9
b1000010011001 T
b1000010011001 a
b1000010011001 c
b110110111001 ?
b110110111001 E
b110110111001 J
b11010100010011 A
b11010100010011 I
b11010100010011 K
b10011101010001 S
b10011101010001 Y
b10011101010001 ^
b1000010011001 U
b1000010011001 ]
b1000010011001 _
1D
1H
1X
1\
b11 >
b11 R
b111 -
b111 6
#520
b100000111010 !
0D
0H
0L
0X
0\
0`
b100000111010 "
b100000111010 8
b100000111010 e
b1101110100101010 9
b1101110100101010 T
b1101110100101010 a
b1101110100101010 c
b100000111010 7
b100000111010 @
b100000111010 M
b100000111010 b
b0 >
b0 R
0d
b101111101011001 U
b101111101011001 ]
b101111101011001 _
b1101110100101010 S
b1101110100101010 Y
b1101110100101010 ^
b11101100010 A
b11101100010 I
b11101100010 K
b100000111010 ?
b100000111010 E
b100000111010 J
b0 -
b0 6
b1010001111100101 +
b1010001111100101 5
b1010001111100101 Q
b1010001111100101 [
b101111101011001 *
b101111101011001 4
b101111101011001 P
b101111101011001 Z
b100010001111101 (
b100010001111101 3
b100010001111101 O
b100010001111101 W
b1101110100101010 '
b1101110100101010 2
b1101110100101010 N
b1101110100101010 V
b110101011100100 &
b110101011100100 1
b110101011100100 =
b110101011100100 G
b11101100010 %
b11101100010 0
b11101100010 <
b11101100010 F
b11101001110001 $
b11101001110001 /
b11101001110001 ;
b11101001110001 C
b100000111010 #
b100000111010 .
b100000111010 :
b100000111010 B
b1000001 ,
#521
b11101001110001 "
b11101001110001 8
b11101001110001 e
b11101001110001 !
b11101001110001 7
b11101001110001 @
b11101001110001 M
b11101001110001 b
b100010001111101 9
b100010001111101 T
b100010001111101 a
b100010001111101 c
b11101001110001 ?
b11101001110001 E
b11101001110001 J
b110101011100100 A
b110101011100100 I
b110101011100100 K
b100010001111101 S
b100010001111101 Y
b100010001111101 ^
b1010001111100101 U
b1010001111100101 ]
b1010001111100101 _
1D
1H
1X
1\
b1 >
b1 R
b1 -
b1 6
#522
b11101100010 "
b11101100010 8
b11101100010 e
b11101100010 !
b100000111010 ?
b100000111010 E
b100000111010 J
b11101100010 A
b11101100010 I
b11101100010 K
b11101100010 7
b11101100010 @
b11101100010 M
b11101100010 b
b1101110100101010 S
b1101110100101010 Y
b1101110100101010 ^
b101111101011001 U
b101111101011001 ]
b101111101011001 _
b101111101011001 9
b101111101011001 T
b101111101011001 a
b101111101011001 c
0D
0H
1L
0X
0\
1`
b10 >
b10 R
b10 -
b10 6
#523
b110101011100100 "
b110101011100100 8
b110101011100100 e
b110101011100100 !
b110101011100100 7
b110101011100100 @
b110101011100100 M
b110101011100100 b
b1010001111100101 9
b1010001111100101 T
b1010001111100101 a
b1010001111100101 c
b11101001110001 ?
b11101001110001 E
b11101001110001 J
b110101011100100 A
b110101011100100 I
b110101011100100 K
b100010001111101 S
b100010001111101 Y
b100010001111101 ^
b1010001111100101 U
b1010001111100101 ]
b1010001111100101 _
1D
1H
1X
1\
b11 >
b11 R
b11 -
b11 6
#524
b100000111010 ?
b100000111010 E
b100000111010 J
b11101100010 A
b11101100010 I
b11101100010 K
b100000111010 7
b100000111010 @
b100000111010 M
b100000111010 b
b1101110100101010 S
b1101110100101010 Y
b1101110100101010 ^
b101111101011001 U
b101111101011001 ]
b101111101011001 _
b1101110100101010 9
b1101110100101010 T
b1101110100101010 a
b1101110100101010 c
b1101110100101010 !
0D
0H
0L
0X
0\
0`
b1101110100101010 "
b1101110100101010 8
b1101110100101010 e
b0 >
b0 R
1d
b100 -
b100 6
#525
b100010001111101 "
b100010001111101 8
b100010001111101 e
b100010001111101 !
b11101001110001 7
b11101001110001 @
b11101001110001 M
b11101001110001 b
b100010001111101 9
b100010001111101 T
b100010001111101 a
b100010001111101 c
b11101001110001 ?
b11101001110001 E
b11101001110001 J
b110101011100100 A
b110101011100100 I
b110101011100100 K
b100010001111101 S
b100010001111101 Y
b100010001111101 ^
b1010001111100101 U
b1010001111100101 ]
b1010001111100101 _
1D
1H
1X
1\
b1 >
b1 R
b101 -
b101 6
#526
b101111101011001 "
b101111101011001 8
b101111101011001 e
b101111101011001 !
b100000111010 ?
b100000111010 E
b100000111010 J
b11101100010 A
b11101100010 I
b11101100010 K
b11101100010 7
b11101100010 @
b11101100010 M
b11101100010 b
b1101110100101010 S
b1101110100101010 Y
b1101110100101010 ^
b101111101011001 U
b101111101011001 ]
b101111101011001 _
b101111101011001 9
b101111101011001 T
b101111101011001 a
b101111101011001 c
0D
0H
1L
0X
0\
1`
b10 >
b10 R
b110 -
b110 6
#527
b1010001111100101 "
b1010001111100101 8
b1010001111100101 e
b1010001111100101 !
b110101011100100 7
b110101011100100 @
b110101011100100 M
b110101011100100 b
b1010001111100101 9
b1010001111100101 T
b1010001111100101 a
b1010001111100101 c
b11101001110001 ?
b11101001110001 E
b11101001110001 J
b110101011100100 A
b110101011100100 I
b110101011100100 K
b100010001111101 S
b100010001111101 Y
b100010001111101 ^
b1010001111100101 U
b1010001111100101 ]
b1010001111100101 _
1D
1H
1X
1\
b11 >
b11 R
b111 -
b111 6
#528
b110101111101101 !
0D
0H
0L
0X
0\
0`
b110101111101101 "
b110101111101101 8
b110101111101101 e
b1110011011011 9
b1110011011011 T
b1110011011011 a
b1110011011011 c
b110101111101101 7
b110101111101101 @
b110101111101101 M
b110101111101101 b
b0 >
b0 R
0d
b1001111101110000 U
b1001111101110000 ]
b1001111101110000 _
b1110011011011 S
b1110011011011 Y
b1110011011011 ^
b1100110001000001 A
b1100110001000001 I
b1100110001000001 K
b110101111101101 ?
b110101111101101 E
b110101111101101 J
b0 -
b0 6
b1101010000000110 +
b1101010000000110 5
b1101010000000110 Q
b1101010000000110 [
b1001111101110000 *
b1001111101110000 4
b1001111101110000 P
b1001111101110000 Z
b1110100011001101 (
b1110100011001101 3
b1110100011001101 O
b1110100011001101 W
b1110011011011 '
b1110011011011 2
b1110011011011 N
b1110011011011 V
b1101000110101111 &
b1101000110101111 1
b1101000110101111 =
b1101000110101111 G
b1100110001000001 %
b1100110001000001 0
b1100110001000001 <
b1100110001000001 F
b11001001 $
b11001001 /
b11001001 ;
b11001001 C
b110101111101101 #
b110101111101101 .
b110101111101101 :
b110101111101101 B
b1000010 ,
#529
b11001001 "
b11001001 8
b11001001 e
b11001001 !
b11001001 7
b11001001 @
b11001001 M
b11001001 b
b1110100011001101 9
b1110100011001101 T
b1110100011001101 a
b1110100011001101 c
b11001001 ?
b11001001 E
b11001001 J
b1101000110101111 A
b1101000110101111 I
b1101000110101111 K
b1110100011001101 S
b1110100011001101 Y
b1110100011001101 ^
b1101010000000110 U
b1101010000000110 ]
b1101010000000110 _
1D
1H
1X
1\
b1 >
b1 R
b1 -
b1 6
#530
b1100110001000001 "
b1100110001000001 8
b1100110001000001 e
b1100110001000001 !
b110101111101101 ?
b110101111101101 E
b110101111101101 J
b1100110001000001 A
b1100110001000001 I
b1100110001000001 K
b1100110001000001 7
b1100110001000001 @
b1100110001000001 M
b1100110001000001 b
b1110011011011 S
b1110011011011 Y
b1110011011011 ^
b1001111101110000 U
b1001111101110000 ]
b1001111101110000 _
b1001111101110000 9
b1001111101110000 T
b1001111101110000 a
b1001111101110000 c
0D
0H
1L
0X
0\
1`
b10 >
b10 R
b10 -
b10 6
#531
b1101000110101111 "
b1101000110101111 8
b1101000110101111 e
b1101000110101111 !
b1101000110101111 7
b1101000110101111 @
b1101000110101111 M
b1101000110101111 b
b1101010000000110 9
b1101010000000110 T
b1101010000000110 a
b1101010000000110 c
b11001001 ?
b11001001 E
b11001001 J
b1101000110101111 A
b1101000110101111 I
b1101000110101111 K
b1110100011001101 S
b1110100011001101 Y
b1110100011001101 ^
b1101010000000110 U
b1101010000000110 ]
b1101010000000110 _
1D
1H
1X
1\
b11 >
b11 R
b11 -
b11 6
#532
b110101111101101 ?
b110101111101101 E
b110101111101101 J
b1100110001000001 A
b1100110001000001 I
b1100110001000001 K
b110101111101101 7
b110101111101101 @
b110101111101101 M
b110101111101101 b
b1110011011011 S
b1110011011011 Y
b1110011011011 ^
b1001111101110000 U
b1001111101110000 ]
b1001111101110000 _
b1110011011011 9
b1110011011011 T
b1110011011011 a
b1110011011011 c
b1110011011011 !
0D
0H
0L
0X
0\
0`
b1110011011011 "
b1110011011011 8
b1110011011011 e
b0 >
b0 R
1d
b100 -
b100 6
#533
b1110100011001101 "
b1110100011001101 8
b1110100011001101 e
b1110100011001101 !
b11001001 7
b11001001 @
b11001001 M
b11001001 b
b1110100011001101 9
b1110100011001101 T
b1110100011001101 a
b1110100011001101 c
b11001001 ?
b11001001 E
b11001001 J
b1101000110101111 A
b1101000110101111 I
b1101000110101111 K
b1110100011001101 S
b1110100011001101 Y
b1110100011001101 ^
b1101010000000110 U
b1101010000000110 ]
b1101010000000110 _
1D
1H
1X
1\
b1 >
b1 R
b101 -
b101 6
#534
b1001111101110000 "
b1001111101110000 8
b1001111101110000 e
b1001111101110000 !
b110101111101101 ?
b110101111101101 E
b110101111101101 J
b1100110001000001 A
b1100110001000001 I
b1100110001000001 K
b1100110001000001 7
b1100110001000001 @
b1100110001000001 M
b1100110001000001 b
b1110011011011 S
b1110011011011 Y
b1110011011011 ^
b1001111101110000 U
b1001111101110000 ]
b1001111101110000 _
b1001111101110000 9
b1001111101110000 T
b1001111101110000 a
b1001111101110000 c
0D
0H
1L
0X
0\
1`
b10 >
b10 R
b110 -
b110 6
#535
b1101010000000110 "
b1101010000000110 8
b1101010000000110 e
b1101010000000110 !
b1101000110101111 7
b1101000110101111 @
b1101000110101111 M
b1101000110101111 b
b1101010000000110 9
b1101010000000110 T
b1101010000000110 a
b1101010000000110 c
b11001001 ?
b11001001 E
b11001001 J
b1101000110101111 A
b1101000110101111 I
b1101000110101111 K
b1110100011001101 S
b1110100011001101 Y
b1110100011001101 ^
b1101010000000110 U
b1101010000000110 ]
b1101010000000110 _
1D
1H
1X
1\
b11 >
b11 R
b111 -
b111 6
#536
b10000010100010 !
0D
0H
0L
0X
0\
0`
b10000010100010 "
b10000010100010 8
b10000010100010 e
b101111001010000 9
b101111001010000 T
b101111001010000 a
b101111001010000 c
b10000010100010 7
b10000010100010 @
b10000010100010 M
b10000010100010 b
b0 >
b0 R
0d
b101100000100101 U
b101100000100101 ]
b101100000100101 _
b101111001010000 S
b101111001010000 Y
b101111001010000 ^
b1101111001101010 A
b1101111001101010 I
b1101111001101010 K
b10000010100010 ?
b10000010100010 E
b10000010100010 J
b0 -
b0 6
b1000010001111000 +
b1000010001111000 5
b1000010001111000 Q
b1000010001111000 [
b101100000100101 *
b101100000100101 4
b101100000100101 P
b101100000100101 Z
b1111010001111011 (
b1111010001111011 3
b1111010001111011 O
b1111010001111011 W
b101111001010000 '
b101111001010000 2
b101111001010000 N
b101111001010000 V
b100011111011100 &
b100011111011100 1
b100011111011100 =
b100011111011100 G
b1101111001101010 %
b1101111001101010 0
b1101111001101010 <
b1101111001101010 F
b11110110111101 $
b11110110111101 /
b11110110111101 ;
b11110110111101 C
b10000010100010 #
b10000010100010 .
b10000010100010 :
b10000010100010 B
b1000011 ,
#537
b11110110111101 "
b11110110111101 8
b11110110111101 e
b11110110111101 !
b11110110111101 7
b11110110111101 @
b11110110111101 M
b11110110111101 b
b1111010001111011 9
b1111010001111011 T
b1111010001111011 a
b1111010001111011 c
b11110110111101 ?
b11110110111101 E
b11110110111101 J
b100011111011100 A
b100011111011100 I
b100011111011100 K
b1111010001111011 S
b1111010001111011 Y
b1111010001111011 ^
b1000010001111000 U
b1000010001111000 ]
b1000010001111000 _
1D
1H
1X
1\
b1 >
b1 R
b1 -
b1 6
#538
b1101111001101010 "
b1101111001101010 8
b1101111001101010 e
b1101111001101010 !
b10000010100010 ?
b10000010100010 E
b10000010100010 J
b1101111001101010 A
b1101111001101010 I
b1101111001101010 K
b1101111001101010 7
b1101111001101010 @
b1101111001101010 M
b1101111001101010 b
b101111001010000 S
b101111001010000 Y
b101111001010000 ^
b101100000100101 U
b101100000100101 ]
b101100000100101 _
b101100000100101 9
b101100000100101 T
b101100000100101 a
b101100000100101 c
0D
0H
1L
0X
0\
1`
b10 >
b10 R
b10 -
b10 6
#539
b100011111011100 "
b100011111011100 8
b100011111011100 e
b100011111011100 !
b100011111011100 7
b100011111011100 @
b100011111011100 M
b100011111011100 b
b1000010001111000 9
b1000010001111000 T
b1000010001111000 a
b1000010001111000 c
b11110110111101 ?
b11110110111101 E
b11110110111101 J
b100011111011100 A
b100011111011100 I
b100011111011100 K
b1111010001111011 S
b1111010001111011 Y
b1111010001111011 ^
b1000010001111000 U
b1000010001111000 ]
b1000010001111000 _
1D
1H
1X
1\
b11 >
b11 R
b11 -
b11 6
#540
b10000010100010 ?
b10000010100010 E
b10000010100010 J
b1101111001101010 A
b1101111001101010 I
b1101111001101010 K
b10000010100010 7
b10000010100010 @
b10000010100010 M
b10000010100010 b
b101111001010000 S
b101111001010000 Y
b101111001010000 ^
b101100000100101 U
b101100000100101 ]
b101100000100101 _
b101111001010000 9
b101111001010000 T
b101111001010000 a
b101111001010000 c
b101111001010000 !
0D
0H
0L
0X
0\
0`
b101111001010000 "
b101111001010000 8
b101111001010000 e
b0 >
b0 R
1d
b100 -
b100 6
#541
b1111010001111011 "
b1111010001111011 8
b1111010001111011 e
b1111010001111011 !
b11110110111101 7
b11110110111101 @
b11110110111101 M
b11110110111101 b
b1111010001111011 9
b1111010001111011 T
b1111010001111011 a
b1111010001111011 c
b11110110111101 ?
b11110110111101 E
b11110110111101 J
b100011111011100 A
b100011111011100 I
b100011111011100 K
b1111010001111011 S
b1111010001111011 Y
b1111010001111011 ^
b1000010001111000 U
b1000010001111000 ]
b1000010001111000 _
1D
1H
1X
1\
b1 >
b1 R
b101 -
b101 6
#542
b101100000100101 "
b101100000100101 8
b101100000100101 e
b101100000100101 !
b10000010100010 ?
b10000010100010 E
b10000010100010 J
b1101111001101010 A
b1101111001101010 I
b1101111001101010 K
b1101111001101010 7
b1101111001101010 @
b1101111001101010 M
b1101111001101010 b
b101111001010000 S
b101111001010000 Y
b101111001010000 ^
b101100000100101 U
b101100000100101 ]
b101100000100101 _
b101100000100101 9
b101100000100101 T
b101100000100101 a
b101100000100101 c
0D
0H
1L
0X
0\
1`
b10 >
b10 R
b110 -
b110 6
#543
b1000010001111000 "
b1000010001111000 8
b1000010001111000 e
b1000010001111000 !
b100011111011100 7
b100011111011100 @
b100011111011100 M
b100011111011100 b
b1000010001111000 9
b1000010001111000 T
b1000010001111000 a
b1000010001111000 c
b11110110111101 ?
b11110110111101 E
b11110110111101 J
b100011111011100 A
b100011111011100 I
b100011111011100 K
b1111010001111011 S
b1111010001111011 Y
b1111010001111011 ^
b1000010001111000 U
b1000010001111000 ]
b1000010001111000 _
1D
1H
1X
1\
b11 >
b11 R
b111 -
b111 6
#544
b1000100111110110 !
0D
0H
0L
0X
0\
0`
b1000100111110110 "
b1000100111110110 8
b1000100111110110 e
b10111001000 9
b10111001000 T
b10111001000 a
b10111001000 c
b1000100111110110 7
b1000100111110110 @
b1000100111110110 M
b1000100111110110 b
b0 >
b0 R
0d
b1110111000001110 U
b1110111000001110 ]
b1110111000001110 _
b10111001000 S
b10111001000 Y
b10111001000 ^
b1001101100100011 A
b1001101100100011 I
b1001101100100011 K
b1000100111110110 ?
b1000100111110110 E
b1000100111110110 J
b0 -
b0 6
b1001010001110011 +
b1001010001110011 5
b1001010001110011 Q
b1001010001110011 [
b1110111000001110 *
b1110111000001110 4
b1110111000001110 P
b1110111000001110 Z
b100011010111011 (
b100011010111011 3
b100011010111011 O
b100011010111011 W
b10111001000 '
b10111001000 2
b10111001000 N
b10111001000 V
b1010101101111001 &
b1010101101111001 1
b1010101101111001 =
b1010101101111001 G
b1001101100100011 %
b1001101100100011 0
b1001101100100011 <
b1001101100100011 F
b1100111001011100 $
b1100111001011100 /
b1100111001011100 ;
b1100111001011100 C
b1000100111110110 #
b1000100111110110 .
b1000100111110110 :
b1000100111110110 B
b1000100 ,
#545
b1100111001011100 "
b1100111001011100 8
b1100111001011100 e
b1100111001011100 !
b1100111001011100 7
b1100111001011100 @
b1100111001011100 M
b1100111001011100 b
b100011010111011 9
b100011010111011 T
b100011010111011 a
b100011010111011 c
b1100111001011100 ?
b1100111001011100 E
b1100111001011100 J
b1010101101111001 A
b1010101101111001 I
b1010101101111001 K
b100011010111011 S
b100011010111011 Y
b100011010111011 ^
b1001010001110011 U
b1001010001110011 ]
b1001010001110011 _
1D
1H
1X
1\
b1 >
b1 R
b1 -
b1 6
#546
b1001101100100011 "
b1001101100100011 8
b1001101100100011 e
b1001101100100011 !
b1000100111110110 ?
b1000100111110110 E
b1000100111110110 J
b1001101100100011 A
b1001101100100011 I
b1001101100100011 K
b1001101100100011 7
b1001101100100011 @
b1001101100100011 M
b1001101100100011 b
b10111001000 S
b10111001000 Y
b10111001000 ^
b1110111000001110 U
b1110111000001110 ]
b1110111000001110 _
b1110111000001110 9
b1110111000001110 T
b1110111000001110 a
b1110111000001110 c
0D
0H
1L
0X
0\
1`
b10 >
b10 R
b10 -
b10 6
#547
b1010101101111001 "
b1010101101111001 8
b1010101101111001 e
b1010101101111001 !
b1010101101111001 7
b1010101101111001 @
b1010101101111001 M
b1010101101111001 b
b1001010001110011 9
b1001010001110011 T
b1001010001110011 a
b1001010001110011 c
b1100111001011100 ?
b1100111001011100 E
b1100111001011100 J
b1010101101111001 A
b1010101101111001 I
b1010101101111001 K
b100011010111011 S
b100011010111011 Y
b100011010111011 ^
b1001010001110011 U
b1001010001110011 ]
b1001010001110011 _
1D
1H
1X
1\
b11 >
b11 R
b11 -
b11 6
#548
b1000100111110110 ?
b1000100111110110 E
b1000100111110110 J
b1001101100100011 A
b1001101100100011 I
b1001101100100011 K
b1000100111110110 7
b1000100111110110 @
b1000100111110110 M
b1000100111110110 b
b10111001000 S
b10111001000 Y
b10111001000 ^
b1110111000001110 U
b1110111000001110 ]
b1110111000001110 _
b10111001000 9
b10111001000 T
b10111001000 a
b10111001000 c
b10111001000 !
0D
0H
0L
0X
0\
0`
b10111001000 "
b10111001000 8
b10111001000 e
b0 >
b0 R
1d
b100 -
b100 6
#549
b100011010111011 "
b100011010111011 8
b100011010111011 e
b100011010111011 !
b1100111001011100 7
b1100111001011100 @
b1100111001011100 M
b1100111001011100 b
b100011010111011 9
b100011010111011 T
b100011010111011 a
b100011010111011 c
b1100111001011100 ?
b1100111001011100 E
b1100111001011100 J
b1010101101111001 A
b1010101101111001 I
b1010101101111001 K
b100011010111011 S
b100011010111011 Y
b100011010111011 ^
b1001010001110011 U
b1001010001110011 ]
b1001010001110011 _
1D
1H
1X
1\
b1 >
b1 R
b101 -
b101 6
#550
b1110111000001110 "
b1110111000001110 8
b1110111000001110 e
b1110111000001110 !
b1000100111110110 ?
b1000100111110110 E
b1000100111110110 J
b1001101100100011 A
b1001101100100011 I
b1001101100100011 K
b1001101100100011 7
b1001101100100011 @
b1001101100100011 M
b1001101100100011 b
b10111001000 S
b10111001000 Y
b10111001000 ^
b1110111000001110 U
b1110111000001110 ]
b1110111000001110 _
b1110111000001110 9
b1110111000001110 T
b1110111000001110 a
b1110111000001110 c
0D
0H
1L
0X
0\
1`
b10 >
b10 R
b110 -
b110 6
#551
b1001010001110011 "
b1001010001110011 8
b1001010001110011 e
b1001010001110011 !
b1010101101111001 7
b1010101101111001 @
b1010101101111001 M
b1010101101111001 b
b1001010001110011 9
b1001010001110011 T
b1001010001110011 a
b1001010001110011 c
b1100111001011100 ?
b1100111001011100 E
b1100111001011100 J
b1010101101111001 A
b1010101101111001 I
b1010101101111001 K
b100011010111011 S
b100011010111011 Y
b100011010111011 ^
b1001010001110011 U
b1001010001110011 ]
b1001010001110011 _
1D
1H
1X
1\
b11 >
b11 R
b111 -
b111 6
#552
b1100001100 !
0D
0H
0L
0X
0\
0`
b1100001100 "
b1100001100 8
b1100001100 e
b110111110111001 9
b110111110111001 T
b110111110111001 a
b110111110111001 c
b1100001100 7
b1100001100 @
b1100001100 M
b1100001100 b
b0 >
b0 R
0d
b1011111111110100 U
b1011111111110100 ]
b1011111111110100 _
b110111110111001 S
b110111110111001 Y
b110111110111001 ^
b110000111010100 A
b110000111010100 I
b110000111010100 K
b1100001100 ?
b1100001100 E
b1100001100 J
b0 -
b0 6
b1110001001110101 +
b1110001001110101 5
b1110001001110101 Q
b1110001001110101 [
b1011111111110100 *
b1011111111110100 4
b1011111111110100 P
b1011111111110100 Z
b1100000010110011 (
b1100000010110011 3
b1100000010110011 O
b1100000010110011 W
b110111110111001 '
b110111110111001 2
b110111110111001 N
b110111110111001 V
b1101110001011001 &
b1101110001011001 1
b1101110001011001 =
b1101110001011001 G
b110000111010100 %
b110000111010100 0
b110000111010100 <
b110000111010100 F
b1001100011001110 $
b1001100011001110 /
b1001100011001110 ;
b1001100011001110 C
b1100001100 #
b1100001100 .
b1100001100 :
b1100001100 B
b1000101 ,
#553
b1001100011001110 "
b1001100011001110 8
b1001100011001110 e
b1001100011001110 !
b1001100011001110 7
b1001100011001110 @
b1001100011001110 M
b1001100011001110 b
b1100000010110011 9
b1100000010110011 T
b1100000010110011 a
b1100000010110011 c
b1001100011001110 ?
b1001100011001110 E
b1001100011001110 J
b1101110001011001 A
b1101110001011001 I
b1101110001011001 K
b1100000010110011 S
b1100000010110011 Y
b1100000010110011 ^
b1110001001110101 U
b1110001001110101 ]
b1110001001110101 _
1D
1H
1X
1\
b1 >
b1 R
b1 -
b1 6
#554
b110000111010100 "
b110000111010100 8
b110000111010100 e
b110000111010100 !
b1100001100 ?
b1100001100 E
b1100001100 J
b110000111010100 A
b110000111010100 I
b110000111010100 K
b110000111010100 7
b110000111010100 @
b110000111010100 M
b110000111010100 b
b110111110111001 S
b110111110111001 Y
b110111110111001 ^
b1011111111110100 U
b1011111111110100 ]
b1011111111110100 _
b1011111111110100 9
b1011111111110100 T
b1011111111110100 a
b1011111111110100 c
0D
0H
1L
0X
0\
1`
b10 >
b10 R
b10 -
b10 6
#555
b1101110001011001 "
b1101110001011001 8
b1101110001011001 e
b1101110001011001 !
b1101110001011001 7
b1101110001011001 @
b1101110001011001 M
b1101110001011001 b
b1110001001110101 9
b1110001001110101 T
b1110001001110101 a
b1110001001110101 c
b1001100011001110 ?
b1001100011001110 E
b1001100011001110 J
b1101110001011001 A
b1101110001011001 I
b1101110001011001 K
b1100000010110011 S
b1100000010110011 Y
b1100000010110011 ^
b1110001001110101 U
b1110001001110101 ]
b1110001001110101 _
1D
1H
1X
1\
b11 >
b11 R
b11 -
b11 6
#556
b1100001100 ?
b1100001100 E
b1100001100 J
b110000111010100 A
b110000111010100 I
b110000111010100 K
b1100001100 7
b1100001100 @
b1100001100 M
b1100001100 b
b110111110111001 S
b110111110111001 Y
b110111110111001 ^
b1011111111110100 U
b1011111111110100 ]
b1011111111110100 _
b110111110111001 9
b110111110111001 T
b110111110111001 a
b110111110111001 c
b110111110111001 !
0D
0H
0L
0X
0\
0`
b110111110111001 "
b110111110111001 8
b110111110111001 e
b0 >
b0 R
1d
b100 -
b100 6
#557
b1100000010110011 "
b1100000010110011 8
b1100000010110011 e
b1100000010110011 !
b1001100011001110 7
b1001100011001110 @
b1001100011001110 M
b1001100011001110 b
b1100000010110011 9
b1100000010110011 T
b1100000010110011 a
b1100000010110011 c
b1001100011001110 ?
b1001100011001110 E
b1001100011001110 J
b1101110001011001 A
b1101110001011001 I
b1101110001011001 K
b1100000010110011 S
b1100000010110011 Y
b1100000010110011 ^
b1110001001110101 U
b1110001001110101 ]
b1110001001110101 _
1D
1H
1X
1\
b1 >
b1 R
b101 -
b101 6
#558
b1011111111110100 "
b1011111111110100 8
b1011111111110100 e
b1011111111110100 !
b1100001100 ?
b1100001100 E
b1100001100 J
b110000111010100 A
b110000111010100 I
b110000111010100 K
b110000111010100 7
b110000111010100 @
b110000111010100 M
b110000111010100 b
b110111110111001 S
b110111110111001 Y
b110111110111001 ^
b1011111111110100 U
b1011111111110100 ]
b1011111111110100 _
b1011111111110100 9
b1011111111110100 T
b1011111111110100 a
b1011111111110100 c
0D
0H
1L
0X
0\
1`
b10 >
b10 R
b110 -
b110 6
#559
b1110001001110101 "
b1110001001110101 8
b1110001001110101 e
b1110001001110101 !
b1101110001011001 7
b1101110001011001 @
b1101110001011001 M
b1101110001011001 b
b1110001001110101 9
b1110001001110101 T
b1110001001110101 a
b1110001001110101 c
b1001100011001110 ?
b1001100011001110 E
b1001100011001110 J
b1101110001011001 A
b1101110001011001 I
b1101110001011001 K
b1100000010110011 S
b1100000010110011 Y
b1100000010110011 ^
b1110001001110101 U
b1110001001110101 ]
b1110001001110101 _
1D
1H
1X
1\
b11 >
b11 R
b111 -
b111 6
#560
b1111000100001100 !
0D
0H
0L
0X
0\
0`
b1111000100001100 "
b1111000100001100 8
b1111000100001100 e
b1111100100000101 9
b1111100100000101 T
b1111100100000101 a
b1111100100000101 c
b1111000100001100 7
b1111000100001100 @
b1111000100001100 M
b1111000100001100 b
b0 >
b0 R
0d
b10100100000010 U
b10100100000010 ]
b10100100000010 _
b1111100100000101 S
b1111100100000101 Y
b1111100100000101 ^
b1001001100000010 A
b1001001100000010 I
b1001001100000010 K
b1111000100001100 ?
b1111000100001100 E
b1111000100001100 J
b0 -
b0 6
b101000110111000 +
b101000110111000 5
b101000110111000 Q
b101000110111000 [
b10100100000010 *
b10100100000010 4
b10100100000010 P
b10100100000010 Z
b100001101001110 (
b100001101001110 3
b100001101001110 O
b100001101001110 W
b1111100100000101 '
b1111100100000101 2
b1111100100000101 N
b1111100100000101 V
b1011111000010101 &
b1011111000010101 1
b1011111000010101 =
b1011111000010101 G
b1001001100000010 %
b1001001100000010 0
b1001001100000010 <
b1001001100000010 F
b111101000111001 $
b111101000111001 /
b111101000111001 ;
b111101000111001 C
b1111000100001100 #
b1111000100001100 .
b1111000100001100 :
b1111000100001100 B
b1000110 ,
#561
b111101000111001 "
b111101000111001 8
b111101000111001 e
b111101000111001 !
b111101000111001 7
b111101000111001 @
b111101000111001 M
b111101000111001 b
b100001101001110 9
b100001101001110 T
b100001101001110 a
b100001101001110 c
b111101000111001 ?
b111101000111001 E
b111101000111001 J
b1011111000010101 A
b1011111000010101 I
b1011111000010101 K
b100001101001110 S
b100001101001110 Y
b100001101001110 ^
b101000110111000 U
b101000110111000 ]
b101000110111000 _
1D
1H
1X
1\
b1 >
b1 R
b1 -
b1 6
#562
b1001001100000010 "
b1001001100000010 8
b1001001100000010 e
b1001001100000010 !
b1111000100001100 ?
b1111000100001100 E
b1111000100001100 J
b1001001100000010 A
b1001001100000010 I
b1001001100000010 K
b1001001100000010 7
b1001001100000010 @
b1001001100000010 M
b1001001100000010 b
b1111100100000101 S
b1111100100000101 Y
b1111100100000101 ^
b10100100000010 U
b10100100000010 ]
b10100100000010 _
b10100100000010 9
b10100100000010 T
b10100100000010 a
b10100100000010 c
0D
0H
1L
0X
0\
1`
b10 >
b10 R
b10 -
b10 6
#563
b1011111000010101 "
b1011111000010101 8
b1011111000010101 e
b1011111000010101 !
b1011111000010101 7
b1011111000010101 @
b1011111000010101 M
b1011111000010101 b
b101000110111000 9
b101000110111000 T
b101000110111000 a
b101000110111000 c
b111101000111001 ?
b111101000111001 E
b111101000111001 J
b1011111000010101 A
b1011111000010101 I
b1011111000010101 K
b100001101001110 S
b100001101001110 Y
b100001101001110 ^
b101000110111000 U
b101000110111000 ]
b101000110111000 _
1D
1H
1X
1\
b11 >
b11 R
b11 -
b11 6
#564
b1111000100001100 ?
b1111000100001100 E
b1111000100001100 J
b1001001100000010 A
b1001001100000010 I
b1001001100000010 K
b1111000100001100 7
b1111000100001100 @
b1111000100001100 M
b1111000100001100 b
b1111100100000101 S
b1111100100000101 Y
b1111100100000101 ^
b10100100000010 U
b10100100000010 ]
b10100100000010 _
b1111100100000101 9
b1111100100000101 T
b1111100100000101 a
b1111100100000101 c
b1111100100000101 !
0D
0H
0L
0X
0\
0`
b1111100100000101 "
b1111100100000101 8
b1111100100000101 e
b0 >
b0 R
1d
b100 -
b100 6
#565
b100001101001110 "
b100001101001110 8
b100001101001110 e
b100001101001110 !
b111101000111001 7
b111101000111001 @
b111101000111001 M
b111101000111001 b
b100001101001110 9
b100001101001110 T
b100001101001110 a
b100001101001110 c
b111101000111001 ?
b111101000111001 E
b111101000111001 J
b1011111000010101 A
b1011111000010101 I
b1011111000010101 K
b100001101001110 S
b100001101001110 Y
b100001101001110 ^
b101000110111000 U
b101000110111000 ]
b101000110111000 _
1D
1H
1X
1\
b1 >
b1 R
b101 -
b101 6
#566
b10100100000010 "
b10100100000010 8
b10100100000010 e
b10100100000010 !
b1111000100001100 ?
b1111000100001100 E
b1111000100001100 J
b1001001100000010 A
b1001001100000010 I
b1001001100000010 K
b1001001100000010 7
b1001001100000010 @
b1001001100000010 M
b1001001100000010 b
b1111100100000101 S
b1111100100000101 Y
b1111100100000101 ^
b10100100000010 U
b10100100000010 ]
b10100100000010 _
b10100100000010 9
b10100100000010 T
b10100100000010 a
b10100100000010 c
0D
0H
1L
0X
0\
1`
b10 >
b10 R
b110 -
b110 6
#567
b101000110111000 "
b101000110111000 8
b101000110111000 e
b101000110111000 !
b1011111000010101 7
b1011111000010101 @
b1011111000010101 M
b1011111000010101 b
b101000110111000 9
b101000110111000 T
b101000110111000 a
b101000110111000 c
b111101000111001 ?
b111101000111001 E
b111101000111001 J
b1011111000010101 A
b1011111000010101 I
b1011111000010101 K
b100001101001110 S
b100001101001110 Y
b100001101001110 ^
b101000110111000 U
b101000110111000 ]
b101000110111000 _
1D
1H
1X
1\
b11 >
b11 R
b111 -
b111 6
#568
b1011001000001000 !
0D
0H
0L
0X
0\
0`
b1011001000001000 "
b1011001000001000 8
b1011001000001000 e
b100110010000 9
b100110010000 T
b100110010000 a
b100110010000 c
b1011001000001000 7
b1011001000001000 @
b1011001000001000 M
b1011001000001000 b
b0 >
b0 R
0d
b1001000001001100 U
b1001000001001100 ]
b1001000001001100 _
b100110010000 S
b100110010000 Y
b100110010000 ^
b1000111010101111 A
b1000111010101111 I
b1000111010101111 K
b1011001000001000 ?
b1011001000001000 E
b1011001000001000 J
b0 -
b0 6
b1011110101111011 +
b1011110101111011 5
b1011110101111011 Q
b1011110101111011 [
b1001000001001100 *
b1001000001001100 4
b1001000001001100 P
b1001000001001100 Z
b1010101111110101 (
b1010101111110101 3
b1010101111110101 O
b1010101111110101 W
b100110010000 '
b100110010000 2
b100110010000 N
b100110010000 V
b11000111101000 &
b11000111101000 1
b11000111101000 =
b11000111101000 G
b1000111010101111 %
b1000111010101111 0
b1000111010101111 <
b1000111010101111 F
b101001110001101 $
b101001110001101 /
b101001110001101 ;
b101001110001101 C
b1011001000001000 #
b1011001000001000 .
b1011001000001000 :
b1011001000001000 B
b1000111 ,
#569
b101001110001101 "
b101001110001101 8
b101001110001101 e
b101001110001101 !
b101001110001101 7
b101001110001101 @
b101001110001101 M
b101001110001101 b
b1010101111110101 9
b1010101111110101 T
b1010101111110101 a
b1010101111110101 c
b101001110001101 ?
b101001110001101 E
b101001110001101 J
b11000111101000 A
b11000111101000 I
b11000111101000 K
b1010101111110101 S
b1010101111110101 Y
b1010101111110101 ^
b1011110101111011 U
b1011110101111011 ]
b1011110101111011 _
1D
1H
1X
1\
b1 >
b1 R
b1 -
b1 6
#570
b1000111010101111 "
b1000111010101111 8
b1000111010101111 e
b1000111010101111 !
b1011001000001000 ?
b1011001000001000 E
b1011001000001000 J
b1000111010101111 A
b1000111010101111 I
b1000111010101111 K
b1000111010101111 7
b1000111010101111 @
b1000111010101111 M
b1000111010101111 b
b100110010000 S
b100110010000 Y
b100110010000 ^
b1001000001001100 U
b1001000001001100 ]
b1001000001001100 _
b1001000001001100 9
b1001000001001100 T
b1001000001001100 a
b1001000001001100 c
0D
0H
1L
0X
0\
1`
b10 >
b10 R
b10 -
b10 6
#571
b11000111101000 "
b11000111101000 8
b11000111101000 e
b11000111101000 !
b11000111101000 7
b11000111101000 @
b11000111101000 M
b11000111101000 b
b1011110101111011 9
b1011110101111011 T
b1011110101111011 a
b1011110101111011 c
b101001110001101 ?
b101001110001101 E
b101001110001101 J
b11000111101000 A
b11000111101000 I
b11000111101000 K
b1010101111110101 S
b1010101111110101 Y
b1010101111110101 ^
b1011110101111011 U
b1011110101111011 ]
b1011110101111011 _
1D
1H
1X
1\
b11 >
b11 R
b11 -
b11 6
#572
b1011001000001000 ?
b1011001000001000 E
b1011001000001000 J
b1000111010101111 A
b1000111010101111 I
b1000111010101111 K
b1011001000001000 7
b1011001000001000 @
b1011001000001000 M
b1011001000001000 b
b100110010000 S
b100110010000 Y
b100110010000 ^
b1001000001001100 U
b1001000001001100 ]
b1001000001001100 _
b100110010000 9
b100110010000 T
b100110010000 a
b100110010000 c
b100110010000 !
0D
0H
0L
0X
0\
0`
b100110010000 "
b100110010000 8
b100110010000 e
b0 >
b0 R
1d
b100 -
b100 6
#573
b1010101111110101 "
b1010101111110101 8
b1010101111110101 e
b1010101111110101 !
b101001110001101 7
b101001110001101 @
b101001110001101 M
b101001110001101 b
b1010101111110101 9
b1010101111110101 T
b1010101111110101 a
b1010101111110101 c
b101001110001101 ?
b101001110001101 E
b101001110001101 J
b11000111101000 A
b11000111101000 I
b11000111101000 K
b1010101111110101 S
b1010101111110101 Y
b1010101111110101 ^
b1011110101111011 U
b1011110101111011 ]
b1011110101111011 _
1D
1H
1X
1\
b1 >
b1 R
b101 -
b101 6
#574
b1001000001001100 "
b1001000001001100 8
b1001000001001100 e
b1001000001001100 !
b1011001000001000 ?
b1011001000001000 E
b1011001000001000 J
b1000111010101111 A
b1000111010101111 I
b1000111010101111 K
b1000111010101111 7
b1000111010101111 @
b1000111010101111 M
b1000111010101111 b
b100110010000 S
b100110010000 Y
b100110010000 ^
b1001000001001100 U
b1001000001001100 ]
b1001000001001100 _
b1001000001001100 9
b1001000001001100 T
b1001000001001100 a
b1001000001001100 c
0D
0H
1L
0X
0\
1`
b10 >
b10 R
b110 -
b110 6
#575
b1011110101111011 "
b1011110101111011 8
b1011110101111011 e
b1011110101111011 !
b11000111101000 7
b11000111101000 @
b11000111101000 M
b11000111101000 b
b1011110101111011 9
b1011110101111011 T
b1011110101111011 a
b1011110101111011 c
b101001110001101 ?
b101001110001101 E
b101001110001101 J
b11000111101000 A
b11000111101000 I
b11000111101000 K
b1010101111110101 S
b1010101111110101 Y
b1010101111110101 ^
b1011110101111011 U
b1011110101111011 ]
b1011110101111011 _
1D
1H
1X
1\
b11 >
b11 R
b111 -
b111 6
#576
b1010011001000000 !
0D
0H
0L
0X
0\
0`
b1010011001000000 "
b1010011001000000 8
b1010011001000000 e
b1111100100101101 9
b1111100100101101 T
b1111100100101101 a
b1111100100101101 c
b1010011001000000 7
b1010011001000000 @
b1010011001000000 M
b1010011001000000 b
b0 >
b0 R
0d
b101000110111100 U
b101000110111100 ]
b101000110111100 _
b1111100100101101 S
b1111100100101101 Y
b1111100100101101 ^
b1011011000001101 A
b1011011000001101 I
b1011011000001101 K
b1010011001000000 ?
b1010011001000000 E
b1010011001000000 J
b0 -
b0 6
b100000110000 +
b100000110000 5
b100000110000 Q
b100000110000 [
b101000110111100 *
b101000110111100 4
b101000110111100 P
b101000110111100 Z
b1101100000101001 (
b1101100000101001 3
b1101100000101001 O
b1101100000101001 W
b1111100100101101 '
b1111100100101101 2
b1111100100101101 N
b1111100100101101 V
b1000001110000 &
b1000001110000 1
b1000001110000 =
b1000001110000 G
b1011011000001101 %
b1011011000001101 0
b1011011000001101 <
b1011011000001101 F
b1100100101 $
b1100100101 /
b1100100101 ;
b1100100101 C
b1010011001000000 #
b1010011001000000 .
b1010011001000000 :
b1010011001000000 B
b1001000 ,
#577
b1100100101 "
b1100100101 8
b1100100101 e
b1100100101 !
b1100100101 7
b1100100101 @
b1100100101 M
b1100100101 b
b1101100000101001 9
b1101100000101001 T
b1101100000101001 a
b1101100000101001 c
b1100100101 ?
b1100100101 E
b1100100101 J
b1000001110000 A
b1000001110000 I
b1000001110000 K
b1101100000101001 S
b1101100000101001 Y
b1101100000101001 ^
b100000110000 U
b100000110000 ]
b100000110000 _
1D
1H
1X
1\
b1 >
b1 R
b1 -
b1 6
#578
b1011011000001101 "
b1011011000001101 8
b1011011000001101 e
b1011011000001101 !
b1010011001000000 ?
b1010011001000000 E
b1010011001000000 J
b1011011000001101 A
b1011011000001101 I
b1011011000001101 K
b1011011000001101 7
b1011011000001101 @
b1011011000001101 M
b1011011000001101 b
b1111100100101101 S
b1111100100101101 Y
b1111100100101101 ^
b101000110111100 U
b101000110111100 ]
b101000110111100 _
b101000110111100 9
b101000110111100 T
b101000110111100 a
b101000110111100 c
0D
0H
1L
0X
0\
1`
b10 >
b10 R
b10 -
b10 6
#579
b1000001110000 "
b1000001110000 8
b1000001110000 e
b1000001110000 !
b1000001110000 7
b1000001110000 @
b1000001110000 M
b1000001110000 b
b100000110000 9
b100000110000 T
b100000110000 a
b100000110000 c
b1100100101 ?
b1100100101 E
b1100100101 J
b1000001110000 A
b1000001110000 I
b1000001110000 K
b1101100000101001 S
b1101100000101001 Y
b1101100000101001 ^
b100000110000 U
b100000110000 ]
b100000110000 _
1D
1H
1X
1\
b11 >
b11 R
b11 -
b11 6
#580
b1010011001000000 ?
b1010011001000000 E
b1010011001000000 J
b1011011000001101 A
b1011011000001101 I
b1011011000001101 K
b1010011001000000 7
b1010011001000000 @
b1010011001000000 M
b1010011001000000 b
b1111100100101101 S
b1111100100101101 Y
b1111100100101101 ^
b101000110111100 U
b101000110111100 ]
b101000110111100 _
b1111100100101101 9
b1111100100101101 T
b1111100100101101 a
b1111100100101101 c
b1111100100101101 !
0D
0H
0L
0X
0\
0`
b1111100100101101 "
b1111100100101101 8
b1111100100101101 e
b0 >
b0 R
1d
b100 -
b100 6
#581
b1101100000101001 "
b1101100000101001 8
b1101100000101001 e
b1101100000101001 !
b1100100101 7
b1100100101 @
b1100100101 M
b1100100101 b
b1101100000101001 9
b1101100000101001 T
b1101100000101001 a
b1101100000101001 c
b1100100101 ?
b1100100101 E
b1100100101 J
b1000001110000 A
b1000001110000 I
b1000001110000 K
b1101100000101001 S
b1101100000101001 Y
b1101100000101001 ^
b100000110000 U
b100000110000 ]
b100000110000 _
1D
1H
1X
1\
b1 >
b1 R
b101 -
b101 6
#582
b101000110111100 "
b101000110111100 8
b101000110111100 e
b101000110111100 !
b1010011001000000 ?
b1010011001000000 E
b1010011001000000 J
b1011011000001101 A
b1011011000001101 I
b1011011000001101 K
b1011011000001101 7
b1011011000001101 @
b1011011000001101 M
b1011011000001101 b
b1111100100101101 S
b1111100100101101 Y
b1111100100101101 ^
b101000110111100 U
b101000110111100 ]
b101000110111100 _
b101000110111100 9
b101000110111100 T
b101000110111100 a
b101000110111100 c
0D
0H
1L
0X
0\
1`
b10 >
b10 R
b110 -
b110 6
#583
b100000110000 "
b100000110000 8
b100000110000 e
b100000110000 !
b1000001110000 7
b1000001110000 @
b1000001110000 M
b1000001110000 b
b100000110000 9
b100000110000 T
b100000110000 a
b100000110000 c
b1100100101 ?
b1100100101 E
b1100100101 J
b1000001110000 A
b1000001110000 I
b1000001110000 K
b1101100000101001 S
b1101100000101001 Y
b1101100000101001 ^
b100000110000 U
b100000110000 ]
b100000110000 _
1D
1H
1X
1\
b11 >
b11 R
b111 -
b111 6
#584
b10110111000000 !
0D
0H
0L
0X
0\
0`
b10110111000000 "
b10110111000000 8
b10110111000000 e
b10111011110101 9
b10111011110101 T
b10111011110101 a
b10111011110101 c
b10110111000000 7
b10110111000000 @
b10110111000000 M
b10110111000000 b
b0 >
b0 R
0d
b1100110001011101 U
b1100110001011101 ]
b1100110001011101 _
b10111011110101 S
b10111011110101 Y
b10111011110101 ^
b110101010100001 A
b110101010100001 I
b110101010100001 K
b10110111000000 ?
b10110111000000 E
b10110111000000 J
b0 -
b0 6
b1001010010100 +
b1001010010100 5
b1001010010100 Q
b1001010010100 [
b1100110001011101 *
b1100110001011101 4
b1100110001011101 P
b1100110001011101 Z
b1010111111110101 (
b1010111111110101 3
b1010111111110101 O
b1010111111110101 W
b10111011110101 '
b10111011110101 2
b10111011110101 N
b10111011110101 V
b11111101001101 &
b11111101001101 1
b11111101001101 =
b11111101001101 G
b110101010100001 %
b110101010100001 0
b110101010100001 <
b110101010100001 F
b110100101010000 $
b110100101010000 /
b110100101010000 ;
b110100101010000 C
b10110111000000 #
b10110111000000 .
b10110111000000 :
b10110111000000 B
b1001001 ,
#585
b110100101010000 "
b110100101010000 8
b110100101010000 e
b110100101010000 !
b110100101010000 7
b110100101010000 @
b110100101010000 M
b110100101010000 b
b1010111111110101 9
b1010111111110101 T
b1010111111110101 a
b1010111111110101 c
b110100101010000 ?
b110100101010000 E
b110100101010000 J
b11111101001101 A
b11111101001101 I
b11111101001101 K
b1010111111110101 S
b1010111111110101 Y
b1010111111110101 ^
b1001010010100 U
b1001010010100 ]
b1001010010100 _
1D
1H
1X
1\
b1 >
b1 R
b1 -
b1 6
#586
b110101010100001 "
b110101010100001 8
b110101010100001 e
b110101010100001 !
b10110111000000 ?
b10110111000000 E
b10110111000000 J
b110101010100001 A
b110101010100001 I
b110101010100001 K
b110101010100001 7
b110101010100001 @
b110101010100001 M
b110101010100001 b
b10111011110101 S
b10111011110101 Y
b10111011110101 ^
b1100110001011101 U
b1100110001011101 ]
b1100110001011101 _
b1100110001011101 9
b1100110001011101 T
b1100110001011101 a
b1100110001011101 c
0D
0H
1L
0X
0\
1`
b10 >
b10 R
b10 -
b10 6
#587
b11111101001101 "
b11111101001101 8
b11111101001101 e
b11111101001101 !
b11111101001101 7
b11111101001101 @
b11111101001101 M
b11111101001101 b
b1001010010100 9
b1001010010100 T
b1001010010100 a
b1001010010100 c
b110100101010000 ?
b110100101010000 E
b110100101010000 J
b11111101001101 A
b11111101001101 I
b11111101001101 K
b1010111111110101 S
b1010111111110101 Y
b1010111111110101 ^
b1001010010100 U
b1001010010100 ]
b1001010010100 _
1D
1H
1X
1\
b11 >
b11 R
b11 -
b11 6
#588
b10110111000000 ?
b10110111000000 E
b10110111000000 J
b110101010100001 A
b110101010100001 I
b110101010100001 K
b10110111000000 7
b10110111000000 @
b10110111000000 M
b10110111000000 b
b10111011110101 S
b10111011110101 Y
b10111011110101 ^
b1100110001011101 U
b1100110001011101 ]
b1100110001011101 _
b10111011110101 9
b10111011110101 T
b10111011110101 a
b10111011110101 c
b10111011110101 !
0D
0H
0L
0X
0\
0`
b10111011110101 "
b10111011110101 8
b10111011110101 e
b0 >
b0 R
1d
b100 -
b100 6
#589
b1010111111110101 "
b1010111111110101 8
b1010111111110101 e
b1010111111110101 !
b110100101010000 7
b110100101010000 @
b110100101010000 M
b110100101010000 b
b1010111111110101 9
b1010111111110101 T
b1010111111110101 a
b1010111111110101 c
b110100101010000 ?
b110100101010000 E
b110100101010000 J
b11111101001101 A
b11111101001101 I
b11111101001101 K
b1010111111110101 S
b1010111111110101 Y
b1010111111110101 ^
b1001010010100 U
b1001010010100 ]
b1001010010100 _
1D
1H
1X
1\
b1 >
b1 R
b101 -
b101 6
#590
b1100110001011101 "
b1100110001011101 8
b1100110001011101 e
b1100110001011101 !
b10110111000000 ?
b10110111000000 E
b10110111000000 J
b110101010100001 A
b110101010100001 I
b110101010100001 K
b110101010100001 7
b110101010100001 @
b110101010100001 M
b110101010100001 b
b10111011110101 S
b10111011110101 Y
b10111011110101 ^
b1100110001011101 U
b1100110001011101 ]
b1100110001011101 _
b1100110001011101 9
b1100110001011101 T
b1100110001011101 a
b1100110001011101 c
0D
0H
1L
0X
0\
1`
b10 >
b10 R
b110 -
b110 6
#591
b1001010010100 "
b1001010010100 8
b1001010010100 e
b1001010010100 !
b11111101001101 7
b11111101001101 @
b11111101001101 M
b11111101001101 b
b1001010010100 9
b1001010010100 T
b1001010010100 a
b1001010010100 c
b110100101010000 ?
b110100101010000 E
b110100101010000 J
b11111101001101 A
b11111101001101 I
b11111101001101 K
b1010111111110101 S
b1010111111110101 Y
b1010111111110101 ^
b1001010010100 U
b1001010010100 ]
b1001010010100 _
1D
1H
1X
1\
b11 >
b11 R
b111 -
b111 6
#592
b1010011001101010 !
0D
0H
0L
0X
0\
0`
b1010011001101010 "
b1010011001101010 8
b1010011001101010 e
b11011111010 9
b11011111010 T
b11011111010 a
b11011111010 c
b1010011001101010 7
b1010011001101010 @
b1010011001101010 M
b1010011001101010 b
b0 >
b0 R
0d
b110010000000111 U
b110010000000111 ]
b110010000000111 _
b11011111010 S
b11011111010 Y
b11011111010 ^
b100010111000 A
b100010111000 I
b100010111000 K
b1010011001101010 ?
b1010011001101010 E
b1010011001101010 J
b0 -
b0 6
b1011110010010011 +
b1011110010010011 5
b1011110010010011 Q
b1011110010010011 [
b110010000000111 *
b110010000000111 4
b110010000000111 P
b110010000000111 Z
b101101000110 (
b101101000110 3
b101101000110 O
b101101000110 W
b11011111010 '
b11011111010 2
b11011111010 N
b11011111010 V
b1001110010011110 &
b1001110010011110 1
b1001110010011110 =
b1001110010011110 G
b100010111000 %
b100010111000 0
b100010111000 <
b100010111000 F
b110010110111100 $
b110010110111100 /
b110010110111100 ;
b110010110111100 C
b1010011001101010 #
b1010011001101010 .
b1010011001101010 :
b1010011001101010 B
b1001010 ,
#593
b110010110111100 "
b110010110111100 8
b110010110111100 e
b110010110111100 !
b110010110111100 7
b110010110111100 @
b110010110111100 M
b110010110111100 b
b101101000110 9
b101101000110 T
b101101000110 a
b101101000110 c
b110010110111100 ?
b110010110111100 E
b110010110111100 J
b1001110010011110 A
b1001110010011110 I
b1001110010011110 K
b101101000110 S
b101101000110 Y
b101101000110 ^
b1011110010010011 U
b1011110010010011 ]
b1011110010010011 _
1D
1H
1X
1\
b1 >
b1 R
b1 -
b1 6
#594
b100010111000 "
b100010111000 8
b100010111000 e
b100010111000 !
b1010011001101010 ?
b1010011001101010 E
b1010011001101010 J
b100010111000 A
b100010111000 I
b100010111000 K
b100010111000 7
b100010111000 @
b100010111000 M
b100010111000 b
b11011111010 S
b11011111010 Y
b11011111010 ^
b110010000000111 U
b110010000000111 ]
b110010000000111 _
b110010000000111 9
b110010000000111 T
b110010000000111 a
b110010000000111 c
0D
0H
1L
0X
0\
1`
b10 >
b10 R
b10 -
b10 6
#595
b1001110010011110 "
b1001110010011110 8
b1001110010011110 e
b1001110010011110 !
b1001110010011110 7
b1001110010011110 @
b1001110010011110 M
b1001110010011110 b
b1011110010010011 9
b1011110010010011 T
b1011110010010011 a
b1011110010010011 c
b110010110111100 ?
b110010110111100 E
b110010110111100 J
b1001110010011110 A
b1001110010011110 I
b1001110010011110 K
b101101000110 S
b101101000110 Y
b101101000110 ^
b1011110010010011 U
b1011110010010011 ]
b1011110010010011 _
1D
1H
1X
1\
b11 >
b11 R
b11 -
b11 6
#596
b1010011001101010 ?
b1010011001101010 E
b1010011001101010 J
b100010111000 A
b100010111000 I
b100010111000 K
b1010011001101010 7
b1010011001101010 @
b1010011001101010 M
b1010011001101010 b
b11011111010 S
b11011111010 Y
b11011111010 ^
b110010000000111 U
b110010000000111 ]
b110010000000111 _
b11011111010 9
b11011111010 T
b11011111010 a
b11011111010 c
b11011111010 !
0D
0H
0L
0X
0\
0`
b11011111010 "
b11011111010 8
b11011111010 e
b0 >
b0 R
1d
b100 -
b100 6
#597
b101101000110 "
b101101000110 8
b101101000110 e
b101101000110 !
b110010110111100 7
b110010110111100 @
b110010110111100 M
b110010110111100 b
b101101000110 9
b101101000110 T
b101101000110 a
b101101000110 c
b110010110111100 ?
b110010110111100 E
b110010110111100 J
b1001110010011110 A
b1001110010011110 I
b1001110010011110 K
b101101000110 S
b101101000110 Y
b101101000110 ^
b1011110010010011 U
b1011110010010011 ]
b1011110010010011 _
1D
1H
1X
1\
b1 >
b1 R
b101 -
b101 6
#598
b110010000000111 "
b110010000000111 8
b110010000000111 e
b110010000000111 !
b1010011001101010 ?
b1010011001101010 E
b1010011001101010 J
b100010111000 A
b100010111000 I
b100010111000 K
b100010111000 7
b100010111000 @
b100010111000 M
b100010111000 b
b11011111010 S
b11011111010 Y
b11011111010 ^
b110010000000111 U
b110010000000111 ]
b110010000000111 _
b110010000000111 9
b110010000000111 T
b110010000000111 a
b110010000000111 c
0D
0H
1L
0X
0\
1`
b10 >
b10 R
b110 -
b110 6
#599
b1011110010010011 "
b1011110010010011 8
b1011110010010011 e
b1011110010010011 !
b1001110010011110 7
b1001110010011110 @
b1001110010011110 M
b1001110010011110 b
b1011110010010011 9
b1011110010010011 T
b1011110010010011 a
b1011110010010011 c
b110010110111100 ?
b110010110111100 E
b110010110111100 J
b1001110010011110 A
b1001110010011110 I
b1001110010011110 K
b101101000110 S
b101101000110 Y
b101101000110 ^
b1011110010010011 U
b1011110010010011 ]
b1011110010010011 _
1D
1H
1X
1\
b11 >
b11 R
b111 -
b111 6
#600
b111010001010101 !
0D
0H
0L
0X
0\
0`
b111010001010101 "
b111010001010101 8
b111010001010101 e
b1110000001011001 9
b1110000001011001 T
b1110000001011001 a
b1110000001011001 c
b111010001010101 7
b111010001010101 @
b111010001010101 M
b111010001010101 b
b0 >
b0 R
0d
b111011001101000 U
b111011001101000 ]
b111011001101000 _
b1110000001011001 S
b1110000001011001 Y
b1110000001011001 ^
b1111000101000101 A
b1111000101000101 I
b1111000101000101 K
b111010001010101 ?
b111010001010101 E
b111010001010101 J
b0 -
b0 6
b1110010000011110 +
b1110010000011110 5
b1110010000011110 Q
b1110010000011110 [
b111011001101000 *
b111011001101000 4
b111011001101000 P
b111011001101000 Z
b1100111000100110 (
b1100111000100110 3
b1100111000100110 O
b1100111000100110 W
b1110000001011001 '
b1110000001011001 2
b1110000001011001 N
b1110000001011001 V
b101001100011 &
b101001100011 1
b101001100011 =
b101001100011 G
b1111000101000101 %
b1111000101000101 0
b1111000101000101 <
b1111000101000101 F
b1101101110110111 $
b1101101110110111 /
b1101101110110111 ;
b1101101110110111 C
b111010001010101 #
b111010001010101 .
b111010001010101 :
b111010001010101 B
b1001011 ,
#601
b1101101110110111 "
b1101101110110111 8
b1101101110110111 e
b1101101110110111 !
b1101101110110111 7
b1101101110110111 @
b1101101110110111 M
b1101101110110111 b
b1100111000100110 9
b1100111000100110 T
b1100111000100110 a
b1100111000100110 c
b1101101110110111 ?
b1101101110110111 E
b1101101110110111 J
b101001100011 A
b101001100011 I
b101001100011 K
b1100111000100110 S
b1100111000100110 Y
b1100111000100110 ^
b1110010000011110 U
b1110010000011110 ]
b1110010000011110 _
1D
1H
1X
1\
b1 >
b1 R
b1 -
b1 6
#602
b1111000101000101 "
b1111000101000101 8
b1111000101000101 e
b1111000101000101 !
b111010001010101 ?
b111010001010101 E
b111010001010101 J
b1111000101000101 A
b1111000101000101 I
b1111000101000101 K
b1111000101000101 7
b1111000101000101 @
b1111000101000101 M
b1111000101000101 b
b1110000001011001 S
b1110000001011001 Y
b1110000001011001 ^
b111011001101000 U
b111011001101000 ]
b111011001101000 _
b111011001101000 9
b111011001101000 T
b111011001101000 a
b111011001101000 c
0D
0H
1L
0X
0\
1`
b10 >
b10 R
b10 -
b10 6
#603
b101001100011 "
b101001100011 8
b101001100011 e
b101001100011 !
b101001100011 7
b101001100011 @
b101001100011 M
b101001100011 b
b1110010000011110 9
b1110010000011110 T
b1110010000011110 a
b1110010000011110 c
b1101101110110111 ?
b1101101110110111 E
b1101101110110111 J
b101001100011 A
b101001100011 I
b101001100011 K
b1100111000100110 S
b1100111000100110 Y
b1100111000100110 ^
b1110010000011110 U
b1110010000011110 ]
b1110010000011110 _
1D
1H
1X
1\
b11 >
b11 R
b11 -
b11 6
#604
b111010001010101 ?
b111010001010101 E
b111010001010101 J
b1111000101000101 A
b1111000101000101 I
b1111000101000101 K
b111010001010101 7
b111010001010101 @
b111010001010101 M
b111010001010101 b
b1110000001011001 S
b1110000001011001 Y
b1110000001011001 ^
b111011001101000 U
b111011001101000 ]
b111011001101000 _
b1110000001011001 9
b1110000001011001 T
b1110000001011001 a
b1110000001011001 c
b1110000001011001 !
0D
0H
0L
0X
0\
0`
b1110000001011001 "
b1110000001011001 8
b1110000001011001 e
b0 >
b0 R
1d
b100 -
b100 6
#605
b1100111000100110 "
b1100111000100110 8
b1100111000100110 e
b1100111000100110 !
b1101101110110111 7
b1101101110110111 @
b1101101110110111 M
b1101101110110111 b
b1100111000100110 9
b1100111000100110 T
b1100111000100110 a
b1100111000100110 c
b1101101110110111 ?
b1101101110110111 E
b1101101110110111 J
b101001100011 A
b101001100011 I
b101001100011 K
b1100111000100110 S
b1100111000100110 Y
b1100111000100110 ^
b1110010000011110 U
b1110010000011110 ]
b1110010000011110 _
1D
1H
1X
1\
b1 >
b1 R
b101 -
b101 6
#606
b111011001101000 "
b111011001101000 8
b111011001101000 e
b111011001101000 !
b111010001010101 ?
b111010001010101 E
b111010001010101 J
b1111000101000101 A
b1111000101000101 I
b1111000101000101 K
b1111000101000101 7
b1111000101000101 @
b1111000101000101 M
b1111000101000101 b
b1110000001011001 S
b1110000001011001 Y
b1110000001011001 ^
b111011001101000 U
b111011001101000 ]
b111011001101000 _
b111011001101000 9
b111011001101000 T
b111011001101000 a
b111011001101000 c
0D
0H
1L
0X
0\
1`
b10 >
b10 R
b110 -
b110 6
#607
b1110010000011110 "
b1110010000011110 8
b1110010000011110 e
b1110010000011110 !
b101001100011 7
b101001100011 @
b101001100011 M
b101001100011 b
b1110010000011110 9
b1110010000011110 T
b1110010000011110 a
b1110010000011110 c
b1101101110110111 ?
b1101101110110111 E
b1101101110110111 J
b101001100011 A
b101001100011 I
b101001100011 K
b1100111000100110 S
b1100111000100110 Y
b1100111000100110 ^
b1110010000011110 U
b1110010000011110 ]
b1110010000011110 _
1D
1H
1X
1\
b11 >
b11 R
b111 -
b111 6
#608
b1111010010010000 !
0D
0H
0L
0X
0\
0`
b1111010010010000 "
b1111010010010000 8
b1111010010010000 e
b1111110101011 9
b1111110101011 T
b1111110101011 a
b1111110101011 c
b1111010010010000 7
b1111010010010000 @
b1111010010010000 M
b1111010010010000 b
b0 >
b0 R
0d
b110010101101111 U
b110010101101111 ]
b110010101101111 _
b1111110101011 S
b1111110101011 Y
b1111110101011 ^
b1000010100011100 A
b1000010100011100 I
b1000010100011100 K
b1111010010010000 ?
b1111010010010000 E
b1111010010010000 J
b0 -
b0 6
b110110111011000 +
b110110111011000 5
b110110111011000 Q
b110110111011000 [
b110010101101111 *
b110010101101111 4
b110010101101111 P
b110010101101111 Z
b1101100111010000 (
b1101100111010000 3
b1101100111010000 O
b1101100111010000 W
b1111110101011 '
b1111110101011 2
b1111110101011 N
b1111110101011 V
b110011110111001 &
b110011110111001 1
b110011110111001 =
b110011110111001 G
b1000010100011100 %
b1000010100011100 0
b1000010100011100 <
b1000010100011100 F
b1010010101011010 $
b1010010101011010 /
b1010010101011010 ;
b1010010101011010 C
b1111010010010000 #
b1111010010010000 .
b1111010010010000 :
b1111010010010000 B
b1001100 ,
#609
b1010010101011010 "
b1010010101011010 8
b1010010101011010 e
b1010010101011010 !
b1010010101011010 7
b1010010101011010 @
b1010010101011010 M
b1010010101011010 b
b1101100111010000 9
b1101100111010000 T
b1101100111010000 a
b1101100111010000 c
b1010010101011010 ?
b1010010101011010 E
b1010010101011010 J
b110011110111001 A
b110011110111001 I
b110011110111001 K
b1101100111010000 S
b1101100111010000 Y
b1101100111010000 ^
b110110111011000 U
b110110111011000 ]
b110110111011000 _
1D
1H
1X
1\
b1 >
b1 R
b1 -
b1 6
#610
b1000010100011100 "
b1000010100011100 8
b1000010100011100 e
b1000010100011100 !
b1111010010010000 ?
b1111010010010000 E
b1111010010010000 J
b1000010100011100 A
b1000010100011100 I
b1000010100011100 K
b1000010100011100 7
b1000010100011100 @
b1000010100011100 M
b1000010100011100 b
b1111110101011 S
b1111110101011 Y
b1111110101011 ^
b110010101101111 U
b110010101101111 ]
b110010101101111 _
b110010101101111 9
b110010101101111 T
b110010101101111 a
b110010101101111 c
0D
0H
1L
0X
0\
1`
b10 >
b10 R
b10 -
b10 6
#611
b110011110111001 "
b110011110111001 8
b110011110111001 e
b110011110111001 !
b110011110111001 7
b110011110111001 @
b110011110111001 M
b110011110111001 b
b110110111011000 9
b110110111011000 T
b110110111011000 a
b110110111011000 c
b1010010101011010 ?
b1010010101011010 E
b1010010101011010 J
b110011110111001 A
b110011110111001 I
b110011110111001 K
b1101100111010000 S
b1101100111010000 Y
b1101100111010000 ^
b110110111011000 U
b110110111011000 ]
b110110111011000 _
1D
1H
1X
1\
b11 >
b11 R
b11 -
b11 6
#612
b1111010010010000 ?
b1111010010010000 E
b1111010010010000 J
b1000010100011100 A
b1000010100011100 I
b1000010100011100 K
b1111010010010000 7
b1111010010010000 @
b1111010010010000 M
b1111010010010000 b
b1111110101011 S
b1111110101011 Y
b1111110101011 ^
b110010101101111 U
b110010101101111 ]
b110010101101111 _
b1111110101011 9
b1111110101011 T
b1111110101011 a
b1111110101011 c
b1111110101011 !
0D
0H
0L
0X
0\
0`
b1111110101011 "
b1111110101011 8
b1111110101011 e
b0 >
b0 R
1d
b100 -
b100 6
#613
b1101100111010000 "
b1101100111010000 8
b1101100111010000 e
b1101100111010000 !
b1010010101011010 7
b1010010101011010 @
b1010010101011010 M
b1010010101011010 b
b1101100111010000 9
b1101100111010000 T
b1101100111010000 a
b1101100111010000 c
b1010010101011010 ?
b1010010101011010 E
b1010010101011010 J
b110011110111001 A
b110011110111001 I
b110011110111001 K
b1101100111010000 S
b1101100111010000 Y
b1101100111010000 ^
b110110111011000 U
b110110111011000 ]
b110110111011000 _
1D
1H
1X
1\
b1 >
b1 R
b101 -
b101 6
#614
b110010101101111 "
b110010101101111 8
b110010101101111 e
b110010101101111 !
b1111010010010000 ?
b1111010010010000 E
b1111010010010000 J
b1000010100011100 A
b1000010100011100 I
b1000010100011100 K
b1000010100011100 7
b1000010100011100 @
b1000010100011100 M
b1000010100011100 b
b1111110101011 S
b1111110101011 Y
b1111110101011 ^
b110010101101111 U
b110010101101111 ]
b110010101101111 _
b110010101101111 9
b110010101101111 T
b110010101101111 a
b110010101101111 c
0D
0H
1L
0X
0\
1`
b10 >
b10 R
b110 -
b110 6
#615
b110110111011000 "
b110110111011000 8
b110110111011000 e
b110110111011000 !
b110011110111001 7
b110011110111001 @
b110011110111001 M
b110011110111001 b
b110110111011000 9
b110110111011000 T
b110110111011000 a
b110110111011000 c
b1010010101011010 ?
b1010010101011010 E
b1010010101011010 J
b110011110111001 A
b110011110111001 I
b110011110111001 K
b1101100111010000 S
b1101100111010000 Y
b1101100111010000 ^
b110110111011000 U
b110110111011000 ]
b110110111011000 _
1D
1H
1X
1\
b11 >
b11 R
b111 -
b111 6
#616
b1000100001000101 !
0D
0H
0L
0X
0\
0`
b1000100001000101 "
b1000100001000101 8
b1000100001000101 e
b1111111011100 9
b1111111011100 T
b1111111011100 a
b1111111011100 c
b1000100001000101 7
b1000100001000101 @
b1000100001000101 M
b1000100001000101 b
b0 >
b0 R
0d
b1000110100011001 U
b1000110100011001 ]
b1000110100011001 _
b1111111011100 S
b1111111011100 Y
b1111111011100 ^
b10001110001011 A
b10001110001011 I
b10001110001011 K
b1000100001000101 ?
b1000100001000101 E
b1000100001000101 J
b0 -
b0 6
b11001110100101 +
b11001110100101 5
b11001110100101 Q
b11001110100101 [
b1000110100011001 *
b1000110100011001 4
b1000110100011001 P
b1000110100011001 Z
b101010100100 (
b101010100100 3
b101010100100 O
b101010100100 W
b1111111011100 '
b1111111011100 2
b1111111011100 N
b1111111011100 V
b1001000111111100 &
b1001000111111100 1
b1001000111111100 =
b1001000111111100 G
b10001110001011 %
b10001110001011 0
b10001110001011 <
b10001110001011 F
b1010011110001101 $
b1010011110001101 /
b1010011110001101 ;
b1010011110001101 C
b1000100001000101 #
b1000100001000101 .
b1000100001000101 :
b1000100001000101 B
b1001101 ,
#617
b1010011110001101 "
b1010011110001101 8
b1010011110001101 e
b1010011110001101 !
b1010011110001101 7
b1010011110001101 @
b1010011110001101 M
b1010011110001101 b
b101010100100 9
b101010100100 T
b101010100100 a
b101010100100 c
b1010011110001101 ?
b1010011110001101 E
b1010011110001101 J
b1001000111111100 A
b1001000111111100 I
b1001000111111100 K
b101010100100 S
b101010100100 Y
b101010100100 ^
b11001110100101 U
b11001110100101 ]
b11001110100101 _
1D
1H
1X
1\
b1 >
b1 R
b1 -
b1 6
#618
b10001110001011 "
b10001110001011 8
b10001110001011 e
b10001110001011 !
b1000100001000101 ?
b1000100001000101 E
b1000100001000101 J
b10001110001011 A
b10001110001011 I
b10001110001011 K
b10001110001011 7
b10001110001011 @
b10001110001011 M
b10001110001011 b
b1111111011100 S
b1111111011100 Y
b1111111011100 ^
b1000110100011001 U
b1000110100011001 ]
b1000110100011001 _
b1000110100011001 9
b1000110100011001 T
b1000110100011001 a
b1000110100011001 c
0D
0H
1L
0X
0\
1`
b10 >
b10 R
b10 -
b10 6
#619
b1001000111111100 "
b1001000111111100 8
b1001000111111100 e
b1001000111111100 !
b1001000111111100 7
b1001000111111100 @
b1001000111111100 M
b1001000111111100 b
b11001110100101 9
b11001110100101 T
b11001110100101 a
b11001110100101 c
b1010011110001101 ?
b1010011110001101 E
b1010011110001101 J
b1001000111111100 A
b1001000111111100 I
b1001000111111100 K
b101010100100 S
b101010100100 Y
b101010100100 ^
b11001110100101 U
b11001110100101 ]
b11001110100101 _
1D
1H
1X
1\
b11 >
b11 R
b11 -
b11 6
#620
b1000100001000101 ?
b1000100001000101 E
b1000100001000101 J
b10001110001011 A
b10001110001011 I
b10001110001011 K
b1000100001000101 7
b1000100001000101 @
b1000100001000101 M
b1000100001000101 b
b1111111011100 S
b1111111011100 Y
b1111111011100 ^
b1000110100011001 U
b1000110100011001 ]
b1000110100011001 _
b1111111011100 9
b1111111011100 T
b1111111011100 a
b1111111011100 c
b1111111011100 !
0D
0H
0L
0X
0\
0`
b1111111011100 "
b1111111011100 8
b1111111011100 e
b0 >
b0 R
1d
b100 -
b100 6
#621
b101010100100 "
b101010100100 8
b101010100100 e
b101010100100 !
b1010011110001101 7
b1010011110001101 @
b1010011110001101 M
b1010011110001101 b
b101010100100 9
b101010100100 T
b101010100100 a
b101010100100 c
b1010011110001101 ?
b1010011110001101 E
b1010011110001101 J
b1001000111111100 A
b1001000111111100 I
b1001000111111100 K
b101010100100 S
b101010100100 Y
b101010100100 ^
b11001110100101 U
b11001110100101 ]
b11001110100101 _
1D
1H
1X
1\
b1 >
b1 R
b101 -
b101 6
#622
b1000110100011001 "
b1000110100011001 8
b1000110100011001 e
b1000110100011001 !
b1000100001000101 ?
b1000100001000101 E
b1000100001000101 J
b10001110001011 A
b10001110001011 I
b10001110001011 K
b10001110001011 7
b10001110001011 @
b10001110001011 M
b10001110001011 b
b1111111011100 S
b1111111011100 Y
b1111111011100 ^
b1000110100011001 U
b1000110100011001 ]
b1000110100011001 _
b1000110100011001 9
b1000110100011001 T
b1000110100011001 a
b1000110100011001 c
0D
0H
1L
0X
0\
1`
b10 >
b10 R
b110 -
b110 6
#623
b11001110100101 "
b11001110100101 8
b11001110100101 e
b11001110100101 !
b1001000111111100 7
b1001000111111100 @
b1001000111111100 M
b1001000111111100 b
b11001110100101 9
b11001110100101 T
b11001110100101 a
b11001110100101 c
b1010011110001101 ?
b1010011110001101 E
b1010011110001101 J
b1001000111111100 A
b1001000111111100 I
b1001000111111100 K
b101010100100 S
b101010100100 Y
b101010100100 ^
b11001110100101 U
b11001110100101 ]
b11001110100101 _
1D
1H
1X
1\
b11 >
b11 R
b111 -
b111 6
#624
b1000111000111110 !
0D
0H
0L
0X
0\
0`
b1000111000111110 "
b1000111000111110 8
b1000111000111110 e
b100001101011100 9
b100001101011100 T
b100001101011100 a
b100001101011100 c
b1000111000111110 7
b1000111000111110 @
b1000111000111110 M
b1000111000111110 b
b0 >
b0 R
0d
b101000010011010 U
b101000010011010 ]
b101000010011010 _
b100001101011100 S
b100001101011100 Y
b100001101011100 ^
b10110001011000 A
b10110001011000 I
b10110001011000 K
b1000111000111110 ?
b1000111000111110 E
b1000111000111110 J
b0 -
b0 6
b1100100011000 +
b1100100011000 5
b1100100011000 Q
b1100100011000 [
b101000010011010 *
b101000010011010 4
b101000010011010 P
b101000010011010 Z
b100010100000110 (
b100010100000110 3
b100010100000110 O
b100010100000110 W
b100001101011100 '
b100001101011100 2
b100001101011100 N
b100001101011100 V
b110101111000100 &
b110101111000100 1
b110101111000100 =
b110101111000100 G
b10110001011000 %
b10110001011000 0
b10110001011000 <
b10110001011000 F
b1100000011110011 $
b1100000011110011 /
b1100000011110011 ;
b1100000011110011 C
b1000111000111110 #
b1000111000111110 .
b1000111000111110 :
b1000111000111110 B
b1001110 ,
#625
b1100000011110011 "
b1100000011110011 8
b1100000011110011 e
b1100000011110011 !
b1100000011110011 7
b1100000011110011 @
b1100000011110011 M
b1100000011110011 b
b100010100000110 9
b100010100000110 T
b100010100000110 a
b100010100000110 c
b1100000011110011 ?
b1100000011110011 E
b1100000011110011 J
b110101111000100 A
b110101111000100 I
b110101111000100 K
b100010100000110 S
b100010100000110 Y
b100010100000110 ^
b1100100011000 U
b1100100011000 ]
b1100100011000 _
1D
1H
1X
1\
b1 >
b1 R
b1 -
b1 6
#626
b10110001011000 "
b10110001011000 8
b10110001011000 e
b10110001011000 !
b1000111000111110 ?
b1000111000111110 E
b1000111000111110 J
b10110001011000 A
b10110001011000 I
b10110001011000 K
b10110001011000 7
b10110001011000 @
b10110001011000 M
b10110001011000 b
b100001101011100 S
b100001101011100 Y
b100001101011100 ^
b101000010011010 U
b101000010011010 ]
b101000010011010 _
b101000010011010 9
b101000010011010 T
b101000010011010 a
b101000010011010 c
0D
0H
1L
0X
0\
1`
b10 >
b10 R
b10 -
b10 6
#627
b110101111000100 "
b110101111000100 8
b110101111000100 e
b110101111000100 !
b110101111000100 7
b110101111000100 @
b110101111000100 M
b110101111000100 b
b1100100011000 9
b1100100011000 T
b1100100011000 a
b1100100011000 c
b1100000011110011 ?
b1100000011110011 E
b1100000011110011 J
b110101111000100 A
b110101111000100 I
b110101111000100 K
b100010100000110 S
b100010100000110 Y
b100010100000110 ^
b1100100011000 U
b1100100011000 ]
b1100100011000 _
1D
1H
1X
1\
b11 >
b11 R
b11 -
b11 6
#628
b1000111000111110 ?
b1000111000111110 E
b1000111000111110 J
b10110001011000 A
b10110001011000 I
b10110001011000 K
b1000111000111110 7
b1000111000111110 @
b1000111000111110 M
b1000111000111110 b
b100001101011100 S
b100001101011100 Y
b100001101011100 ^
b101000010011010 U
b101000010011010 ]
b101000010011010 _
b100001101011100 9
b100001101011100 T
b100001101011100 a
b100001101011100 c
b100001101011100 !
0D
0H
0L
0X
0\
0`
b100001101011100 "
b100001101011100 8
b100001101011100 e
b0 >
b0 R
1d
b100 -
b100 6
#629
b100010100000110 "
b100010100000110 8
b100010100000110 e
b100010100000110 !
b1100000011110011 7
b1100000011110011 @
b1100000011110011 M
b1100000011110011 b
b100010100000110 9
b100010100000110 T
b100010100000110 a
b100010100000110 c
b1100000011110011 ?
b1100000011110011 E
b1100000011110011 J
b110101111000100 A
b110101111000100 I
b110101111000100 K
b100010100000110 S
b100010100000110 Y
b100010100000110 ^
b1100100011000 U
b1100100011000 ]
b1100100011000 _
1D
1H
1X
1\
b1 >
b1 R
b101 -
b101 6
#630
b101000010011010 "
b101000010011010 8
b101000010011010 e
b101000010011010 !
b1000111000111110 ?
b1000111000111110 E
b1000111000111110 J
b10110001011000 A
b10110001011000 I
b10110001011000 K
b10110001011000 7
b10110001011000 @
b10110001011000 M
b10110001011000 b
b100001101011100 S
b100001101011100 Y
b100001101011100 ^
b101000010011010 U
b101000010011010 ]
b101000010011010 _
b101000010011010 9
b101000010011010 T
b101000010011010 a
b101000010011010 c
0D
0H
1L
0X
0\
1`
b10 >
b10 R
b110 -
b110 6
#631
b1100100011000 "
b1100100011000 8
b1100100011000 e
b1100100011000 !
b110101111000100 7
b110101111000100 @
b110101111000100 M
b110101111000100 b
b1100100011000 9
b1100100011000 T
b1100100011000 a
b1100100011000 c
b1100000011110011 ?
b1100000011110011 E
b1100000011110011 J
b110101111000100 A
b110101111000100 I
b110101111000100 K
b100010100000110 S
b100010100000110 Y
b100010100000110 ^
b1100100011000 U
b1100100011000 ]
b1100100011000 _
1D
1H
1X
1\
b11 >
b11 R
b111 -
b111 6
#632
b110011011000101 !
0D
0H
0L
0X
0\
0`
b110011011000101 "
b110011011000101 8
b110011011000101 e
b1110100110110010 9
b1110100110110010 T
b1110100110110010 a
b1110100110110010 c
b110011011000101 7
b110011011000101 @
b110011011000101 M
b110011011000101 b
b0 >
b0 R
0d
b111011101001 U
b111011101001 ]
b111011101001 _
b1110100110110010 S
b1110100110110010 Y
b1110100110110010 ^
b1100011010 A
b1100011010 I
b1100011010 K
b110011011000101 ?
b110011011000101 E
b110011011000101 J
b0 -
b0 6
b1111110111000011 +
b1111110111000011 5
b1111110111000011 Q
b1111110111000011 [
b111011101001 *
b111011101001 4
b111011101001 P
b111011101001 Z
b110001100001100 (
b110001100001100 3
b110001100001100 O
b110001100001100 W
b1110100110110010 '
b1110100110110010 2
b1110100110110010 N
b1110100110110010 V
b1101010111000011 &
b1101010111000011 1
b1101010111000011 =
b1101010111000011 G
b1100011010 %
b1100011010 0
b1100011010 <
b1100011010 F
b1101000110101010 $
b1101000110101010 /
b1101000110101010 ;
b1101000110101010 C
b110011011000101 #
b110011011000101 .
b110011011000101 :
b110011011000101 B
b1001111 ,
#633
b1101000110101010 "
b1101000110101010 8
b1101000110101010 e
b1101000110101010 !
b1101000110101010 7
b1101000110101010 @
b1101000110101010 M
b1101000110101010 b
b110001100001100 9
b110001100001100 T
b110001100001100 a
b110001100001100 c
b1101000110101010 ?
b1101000110101010 E
b1101000110101010 J
b1101010111000011 A
b1101010111000011 I
b1101010111000011 K
b110001100001100 S
b110001100001100 Y
b110001100001100 ^
b1111110111000011 U
b1111110111000011 ]
b1111110111000011 _
1D
1H
1X
1\
b1 >
b1 R
b1 -
b1 6
#634
b1100011010 "
b1100011010 8
b1100011010 e
b1100011010 !
b110011011000101 ?
b110011011000101 E
b110011011000101 J
b1100011010 A
b1100011010 I
b1100011010 K
b1100011010 7
b1100011010 @
b1100011010 M
b1100011010 b
b1110100110110010 S
b1110100110110010 Y
b1110100110110010 ^
b111011101001 U
b111011101001 ]
b111011101001 _
b111011101001 9
b111011101001 T
b111011101001 a
b111011101001 c
0D
0H
1L
0X
0\
1`
b10 >
b10 R
b10 -
b10 6
#635
b1101010111000011 "
b1101010111000011 8
b1101010111000011 e
b1101010111000011 !
b1101010111000011 7
b1101010111000011 @
b1101010111000011 M
b1101010111000011 b
b1111110111000011 9
b1111110111000011 T
b1111110111000011 a
b1111110111000011 c
b1101000110101010 ?
b1101000110101010 E
b1101000110101010 J
b1101010111000011 A
b1101010111000011 I
b1101010111000011 K
b110001100001100 S
b110001100001100 Y
b110001100001100 ^
b1111110111000011 U
b1111110111000011 ]
b1111110111000011 _
1D
1H
1X
1\
b11 >
b11 R
b11 -
b11 6
#636
b110011011000101 ?
b110011011000101 E
b110011011000101 J
b1100011010 A
b1100011010 I
b1100011010 K
b110011011000101 7
b110011011000101 @
b110011011000101 M
b110011011000101 b
b1110100110110010 S
b1110100110110010 Y
b1110100110110010 ^
b111011101001 U
b111011101001 ]
b111011101001 _
b1110100110110010 9
b1110100110110010 T
b1110100110110010 a
b1110100110110010 c
b1110100110110010 !
0D
0H
0L
0X
0\
0`
b1110100110110010 "
b1110100110110010 8
b1110100110110010 e
b0 >
b0 R
1d
b100 -
b100 6
#637
b110001100001100 "
b110001100001100 8
b110001100001100 e
b110001100001100 !
b1101000110101010 7
b1101000110101010 @
b1101000110101010 M
b1101000110101010 b
b110001100001100 9
b110001100001100 T
b110001100001100 a
b110001100001100 c
b1101000110101010 ?
b1101000110101010 E
b1101000110101010 J
b1101010111000011 A
b1101010111000011 I
b1101010111000011 K
b110001100001100 S
b110001100001100 Y
b110001100001100 ^
b1111110111000011 U
b1111110111000011 ]
b1111110111000011 _
1D
1H
1X
1\
b1 >
b1 R
b101 -
b101 6
#638
b111011101001 "
b111011101001 8
b111011101001 e
b111011101001 !
b110011011000101 ?
b110011011000101 E
b110011011000101 J
b1100011010 A
b1100011010 I
b1100011010 K
b1100011010 7
b1100011010 @
b1100011010 M
b1100011010 b
b1110100110110010 S
b1110100110110010 Y
b1110100110110010 ^
b111011101001 U
b111011101001 ]
b111011101001 _
b111011101001 9
b111011101001 T
b111011101001 a
b111011101001 c
0D
0H
1L
0X
0\
1`
b10 >
b10 R
b110 -
b110 6
#639
b1111110111000011 "
b1111110111000011 8
b1111110111000011 e
b1111110111000011 !
b1101010111000011 7
b1101010111000011 @
b1101010111000011 M
b1101010111000011 b
b1111110111000011 9
b1111110111000011 T
b1111110111000011 a
b1111110111000011 c
b1101000110101010 ?
b1101000110101010 E
b1101000110101010 J
b1101010111000011 A
b1101010111000011 I
b1101010111000011 K
b110001100001100 S
b110001100001100 Y
b110001100001100 ^
b1111110111000011 U
b1111110111000011 ]
b1111110111000011 _
1D
1H
1X
1\
b11 >
b11 R
b111 -
b111 6
#640
b111001111101011 !
0D
0H
0L
0X
0\
0`
b111001111101011 "
b111001111101011 8
b111001111101011 e
b111001101101111 9
b111001101101111 T
b111001101101111 a
b111001101101111 c
b111001111101011 7
b111001111101011 @
b111001111101011 M
b111001111101011 b
b0 >
b0 R
0d
b10100010101101 U
b10100010101101 ]
b10100010101101 _
b111001101101111 S
b111001101101111 Y
b111001101101111 ^
b1111110010 A
b1111110010 I
b1111110010 K
b111001111101011 ?
b111001111101011 E
b111001111101011 J
b0 -
b0 6
b1100000101101000 +
b1100000101101000 5
b1100000101101000 Q
b1100000101101000 [
b10100010101101 *
b10100010101101 4
b10100010101101 P
b10100010101101 Z
b100101100011011 (
b100101100011011 3
b100101100011011 O
b100101100011011 W
b111001101101111 '
b111001101101111 2
b111001101101111 N
b111001101101111 V
b1010110110001001 &
b1010110110001001 1
b1010110110001001 =
b1010110110001001 G
b1111110010 %
b1111110010 0
b1111110010 <
b1111110010 F
b1011100111111000 $
b1011100111111000 /
b1011100111111000 ;
b1011100111111000 C
b111001111101011 #
b111001111101011 .
b111001111101011 :
b111001111101011 B
b1010000 ,
#641
b1011100111111000 "
b1011100111111000 8
b1011100111111000 e
b1011100111111000 !
b1011100111111000 7
b1011100111111000 @
b1011100111111000 M
b1011100111111000 b
b100101100011011 9
b100101100011011 T
b100101100011011 a
b100101100011011 c
b1011100111111000 ?
b1011100111111000 E
b1011100111111000 J
b1010110110001001 A
b1010110110001001 I
b1010110110001001 K
b100101100011011 S
b100101100011011 Y
b100101100011011 ^
b1100000101101000 U
b1100000101101000 ]
b1100000101101000 _
1D
1H
1X
1\
b1 >
b1 R
b1 -
b1 6
#642
b1111110010 "
b1111110010 8
b1111110010 e
b1111110010 !
b111001111101011 ?
b111001111101011 E
b111001111101011 J
b1111110010 A
b1111110010 I
b1111110010 K
b1111110010 7
b1111110010 @
b1111110010 M
b1111110010 b
b111001101101111 S
b111001101101111 Y
b111001101101111 ^
b10100010101101 U
b10100010101101 ]
b10100010101101 _
b10100010101101 9
b10100010101101 T
b10100010101101 a
b10100010101101 c
0D
0H
1L
0X
0\
1`
b10 >
b10 R
b10 -
b10 6
#643
b1010110110001001 "
b1010110110001001 8
b1010110110001001 e
b1010110110001001 !
b1010110110001001 7
b1010110110001001 @
b1010110110001001 M
b1010110110001001 b
b1100000101101000 9
b1100000101101000 T
b1100000101101000 a
b1100000101101000 c
b1011100111111000 ?
b1011100111111000 E
b1011100111111000 J
b1010110110001001 A
b1010110110001001 I
b1010110110001001 K
b100101100011011 S
b100101100011011 Y
b100101100011011 ^
b1100000101101000 U
b1100000101101000 ]
b1100000101101000 _
1D
1H
1X
1\
b11 >
b11 R
b11 -
b11 6
#644
b111001111101011 ?
b111001111101011 E
b111001111101011 J
b1111110010 A
b1111110010 I
b1111110010 K
b111001111101011 7
b111001111101011 @
b111001111101011 M
b111001111101011 b
b111001101101111 S
b111001101101111 Y
b111001101101111 ^
b10100010101101 U
b10100010101101 ]
b10100010101101 _
b111001101101111 9
b111001101101111 T
b111001101101111 a
b111001101101111 c
b111001101101111 !
0D
0H
0L
0X
0\
0`
b111001101101111 "
b111001101101111 8
b111001101101111 e
b0 >
b0 R
1d
b100 -
b100 6
#645
b100101100011011 "
b100101100011011 8
b100101100011011 e
b100101100011011 !
b1011100111111000 7
b1011100111111000 @
b1011100111111000 M
b1011100111111000 b
b100101100011011 9
b100101100011011 T
b100101100011011 a
b100101100011011 c
b1011100111111000 ?
b1011100111111000 E
b1011100111111000 J
b1010110110001001 A
b1010110110001001 I
b1010110110001001 K
b100101100011011 S
b100101100011011 Y
b100101100011011 ^
b1100000101101000 U
b1100000101101000 ]
b1100000101101000 _
1D
1H
1X
1\
b1 >
b1 R
b101 -
b101 6
#646
b10100010101101 "
b10100010101101 8
b10100010101101 e
b10100010101101 !
b111001111101011 ?
b111001111101011 E
b111001111101011 J
b1111110010 A
b1111110010 I
b1111110010 K
b1111110010 7
b1111110010 @
b1111110010 M
b1111110010 b
b111001101101111 S
b111001101101111 Y
b111001101101111 ^
b10100010101101 U
b10100010101101 ]
b10100010101101 _
b10100010101101 9
b10100010101101 T
b10100010101101 a
b10100010101101 c
0D
0H
1L
0X
0\
1`
b10 >
b10 R
b110 -
b110 6
#647
b1100000101101000 "
b1100000101101000 8
b1100000101101000 e
b1100000101101000 !
b1010110110001001 7
b1010110110001001 @
b1010110110001001 M
b1010110110001001 b
b1100000101101000 9
b1100000101101000 T
b1100000101101000 a
b1100000101101000 c
b1011100111111000 ?
b1011100111111000 E
b1011100111111000 J
b1010110110001001 A
b1010110110001001 I
b1010110110001001 K
b100101100011011 S
b100101100011011 Y
b100101100011011 ^
b1100000101101000 U
b1100000101101000 ]
b1100000101101000 _
1D
1H
1X
1\
b11 >
b11 R
b111 -
b111 6
#648
b1001000100101 !
0D
0H
0L
0X
0\
0`
b1001000100101 "
b1001000100101 8
b1001000100101 e
b11111010000000 9
b11111010000000 T
b11111010000000 a
b11111010000000 c
b1001000100101 7
b1001000100101 @
b1001000100101 M
b1001000100101 b
b0 >
b0 R
0d
b1111110110000010 U
b1111110110000010 ]
b1111110110000010 _
b11111010000000 S
b11111010000000 Y
b11111010000000 ^
b1000110110101011 A
b1000110110101011 I
b1000110110101011 K
b1001000100101 ?
b1001000100101 E
b1001000100101 J
b0 -
b0 6
b100001000000100 +
b100001000000100 5
b100001000000100 Q
b100001000000100 [
b1111110110000010 *
b1111110110000010 4
b1111110110000010 P
b1111110110000010 Z
b1101100101011101 (
b1101100101011101 3
b1101100101011101 O
b1101100101011101 W
b11111010000000 '
b11111010000000 2
b11111010000000 N
b11111010000000 V
b1101001000011011 &
b1101001000011011 1
b1101001000011011 =
b1101001000011011 G
b1000110110101011 %
b1000110110101011 0
b1000110110101011 <
b1000110110101011 F
b101011111001111 $
b101011111001111 /
b101011111001111 ;
b101011111001111 C
b1001000100101 #
b1001000100101 .
b1001000100101 :
b1001000100101 B
b1010001 ,
#649
b101011111001111 "
b101011111001111 8
b101011111001111 e
b101011111001111 !
b101011111001111 7
b101011111001111 @
b101011111001111 M
b101011111001111 b
b1101100101011101 9
b1101100101011101 T
b1101100101011101 a
b1101100101011101 c
b101011111001111 ?
b101011111001111 E
b101011111001111 J
b1101001000011011 A
b1101001000011011 I
b1101001000011011 K
b1101100101011101 S
b1101100101011101 Y
b1101100101011101 ^
b100001000000100 U
b100001000000100 ]
b100001000000100 _
1D
1H
1X
1\
b1 >
b1 R
b1 -
b1 6
#650
b1000110110101011 "
b1000110110101011 8
b1000110110101011 e
b1000110110101011 !
b1001000100101 ?
b1001000100101 E
b1001000100101 J
b1000110110101011 A
b1000110110101011 I
b1000110110101011 K
b1000110110101011 7
b1000110110101011 @
b1000110110101011 M
b1000110110101011 b
b11111010000000 S
b11111010000000 Y
b11111010000000 ^
b1111110110000010 U
b1111110110000010 ]
b1111110110000010 _
b1111110110000010 9
b1111110110000010 T
b1111110110000010 a
b1111110110000010 c
0D
0H
1L
0X
0\
1`
b10 >
b10 R
b10 -
b10 6
#651
b1101001000011011 "
b1101001000011011 8
b1101001000011011 e
b1101001000011011 !
b1101001000011011 7
b1101001000011011 @
b1101001000011011 M
b1101001000011011 b
b100001000000100 9
b100001000000100 T
b100001000000100 a
b100001000000100 c
b101011111001111 ?
b101011111001111 E
b101011111001111 J
b1101001000011011 A
b1101001000011011 I
b1101001000011011 K
b1101100101011101 S
b1101100101011101 Y
b1101100101011101 ^
b100001000000100 U
b100001000000100 ]
b100001000000100 _
1D
1H
1X
1\
b11 >
b11 R
b11 -
b11 6
#652
b1001000100101 ?
b1001000100101 E
b1001000100101 J
b1000110110101011 A
b1000110110101011 I
b1000110110101011 K
b1001000100101 7
b1001000100101 @
b1001000100101 M
b1001000100101 b
b11111010000000 S
b11111010000000 Y
b11111010000000 ^
b1111110110000010 U
b1111110110000010 ]
b1111110110000010 _
b11111010000000 9
b11111010000000 T
b11111010000000 a
b11111010000000 c
b11111010000000 !
0D
0H
0L
0X
0\
0`
b11111010000000 "
b11111010000000 8
b11111010000000 e
b0 >
b0 R
1d
b100 -
b100 6
#653
b1101100101011101 "
b1101100101011101 8
b1101100101011101 e
b1101100101011101 !
b101011111001111 7
b101011111001111 @
b101011111001111 M
b101011111001111 b
b1101100101011101 9
b1101100101011101 T
b1101100101011101 a
b1101100101011101 c
b101011111001111 ?
b101011111001111 E
b101011111001111 J
b1101001000011011 A
b1101001000011011 I
b1101001000011011 K
b1101100101011101 S
b1101100101011101 Y
b1101100101011101 ^
b100001000000100 U
b100001000000100 ]
b100001000000100 _
1D
1H
1X
1\
b1 >
b1 R
b101 -
b101 6
#654
b1111110110000010 "
b1111110110000010 8
b1111110110000010 e
b1111110110000010 !
b1001000100101 ?
b1001000100101 E
b1001000100101 J
b1000110110101011 A
b1000110110101011 I
b1000110110101011 K
b1000110110101011 7
b1000110110101011 @
b1000110110101011 M
b1000110110101011 b
b11111010000000 S
b11111010000000 Y
b11111010000000 ^
b1111110110000010 U
b1111110110000010 ]
b1111110110000010 _
b1111110110000010 9
b1111110110000010 T
b1111110110000010 a
b1111110110000010 c
0D
0H
1L
0X
0\
1`
b10 >
b10 R
b110 -
b110 6
#655
b100001000000100 "
b100001000000100 8
b100001000000100 e
b100001000000100 !
b1101001000011011 7
b1101001000011011 @
b1101001000011011 M
b1101001000011011 b
b100001000000100 9
b100001000000100 T
b100001000000100 a
b100001000000100 c
b101011111001111 ?
b101011111001111 E
b101011111001111 J
b1101001000011011 A
b1101001000011011 I
b1101001000011011 K
b1101100101011101 S
b1101100101011101 Y
b1101100101011101 ^
b100001000000100 U
b100001000000100 ]
b100001000000100 _
1D
1H
1X
1\
b11 >
b11 R
b111 -
b111 6
#656
b1010010101010111 !
0D
0H
0L
0X
0\
0`
b1010010101010111 "
b1010010101010111 8
b1010010101010111 e
b1010111011100100 9
b1010111011100100 T
b1010111011100100 a
b1010111011100100 c
b1010010101010111 7
b1010010101010111 @
b1010010101010111 M
b1010010101010111 b
b0 >
b0 R
0d
b1110110010101010 U
b1110110010101010 ]
b1110110010101010 _
b1010111011100100 S
b1010111011100100 Y
b1010111011100100 ^
b1100110010 A
b1100110010 I
b1100110010 K
b1010010101010111 ?
b1010010101010111 E
b1010010101010111 J
b0 -
b0 6
b110010111000000 +
b110010111000000 5
b110010111000000 Q
b110010111000000 [
b1110110010101010 *
b1110110010101010 4
b1110110010101010 P
b1110110010101010 Z
b1110110000010110 (
b1110110000010110 3
b1110110000010110 O
b1110110000010110 W
b1010111011100100 '
b1010111011100100 2
b1010111011100100 N
b1010111011100100 V
b10100001111001 &
b10100001111001 1
b10100001111001 =
b10100001111001 G
b1100110010 %
b1100110010 0
b1100110010 <
b1100110010 F
b1000101100110110 $
b1000101100110110 /
b1000101100110110 ;
b1000101100110110 C
b1010010101010111 #
b1010010101010111 .
b1010010101010111 :
b1010010101010111 B
b1010010 ,
#657
b1000101100110110 "
b1000101100110110 8
b1000101100110110 e
b1000101100110110 !
b1000101100110110 7
b1000101100110110 @
b1000101100110110 M
b1000101100110110 b
b1110110000010110 9
b1110110000010110 T
b1110110000010110 a
b1110110000010110 c
b1000101100110110 ?
b1000101100110110 E
b1000101100110110 J
b10100001111001 A
b10100001111001 I
b10100001111001 K
b1110110000010110 S
b1110110000010110 Y
b1110110000010110 ^
b110010111000000 U
b110010111000000 ]
b110010111000000 _
1D
1H
1X
1\
b1 >
b1 R
b1 -
b1 6
#658
b1100110010 "
b1100110010 8
b1100110010 e
b1100110010 !
b1010010101010111 ?
b1010010101010111 E
b1010010101010111 J
b1100110010 A
b1100110010 I
b1100110010 K
b1100110010 7
b1100110010 @
b1100110010 M
b1100110010 b
b1010111011100100 S
b1010111011100100 Y
b1010111011100100 ^
b1110110010101010 U
b1110110010101010 ]
b1110110010101010 _
b1110110010101010 9
b1110110010101010 T
b1110110010101010 a
b1110110010101010 c
0D
0H
1L
0X
0\
1`
b10 >
b10 R
b10 -
b10 6
#659
b10100001111001 "
b10100001111001 8
b10100001111001 e
b10100001111001 !
b10100001111001 7
b10100001111001 @
b10100001111001 M
b10100001111001 b
b110010111000000 9
b110010111000000 T
b110010111000000 a
b110010111000000 c
b1000101100110110 ?
b1000101100110110 E
b1000101100110110 J
b10100001111001 A
b10100001111001 I
b10100001111001 K
b1110110000010110 S
b1110110000010110 Y
b1110110000010110 ^
b110010111000000 U
b110010111000000 ]
b110010111000000 _
1D
1H
1X
1\
b11 >
b11 R
b11 -
b11 6
#660
b1010010101010111 ?
b1010010101010111 E
b1010010101010111 J
b1100110010 A
b1100110010 I
b1100110010 K
b1010010101010111 7
b1010010101010111 @
b1010010101010111 M
b1010010101010111 b
b1010111011100100 S
b1010111011100100 Y
b1010111011100100 ^
b1110110010101010 U
b1110110010101010 ]
b1110110010101010 _
b1010111011100100 9
b1010111011100100 T
b1010111011100100 a
b1010111011100100 c
b1010111011100100 !
0D
0H
0L
0X
0\
0`
b1010111011100100 "
b1010111011100100 8
b1010111011100100 e
b0 >
b0 R
1d
b100 -
b100 6
#661
b1110110000010110 "
b1110110000010110 8
b1110110000010110 e
b1110110000010110 !
b1000101100110110 7
b1000101100110110 @
b1000101100110110 M
b1000101100110110 b
b1110110000010110 9
b1110110000010110 T
b1110110000010110 a
b1110110000010110 c
b1000101100110110 ?
b1000101100110110 E
b1000101100110110 J
b10100001111001 A
b10100001111001 I
b10100001111001 K
b1110110000010110 S
b1110110000010110 Y
b1110110000010110 ^
b110010111000000 U
b110010111000000 ]
b110010111000000 _
1D
1H
1X
1\
b1 >
b1 R
b101 -
b101 6
#662
b1110110010101010 "
b1110110010101010 8
b1110110010101010 e
b1110110010101010 !
b1010010101010111 ?
b1010010101010111 E
b1010010101010111 J
b1100110010 A
b1100110010 I
b1100110010 K
b1100110010 7
b1100110010 @
b1100110010 M
b1100110010 b
b1010111011100100 S
b1010111011100100 Y
b1010111011100100 ^
b1110110010101010 U
b1110110010101010 ]
b1110110010101010 _
b1110110010101010 9
b1110110010101010 T
b1110110010101010 a
b1110110010101010 c
0D
0H
1L
0X
0\
1`
b10 >
b10 R
b110 -
b110 6
#663
b110010111000000 "
b110010111000000 8
b110010111000000 e
b110010111000000 !
b10100001111001 7
b10100001111001 @
b10100001111001 M
b10100001111001 b
b110010111000000 9
b110010111000000 T
b110010111000000 a
b110010111000000 c
b1000101100110110 ?
b1000101100110110 E
b1000101100110110 J
b10100001111001 A
b10100001111001 I
b10100001111001 K
b1110110000010110 S
b1110110000010110 Y
b1110110000010110 ^
b110010111000000 U
b110010111000000 ]
b110010111000000 _
1D
1H
1X
1\
b11 >
b11 R
b111 -
b111 6
#664
b1000100000101110 !
0D
0H
0L
0X
0\
0`
b1000100000101110 "
b1000100000101110 8
b1000100000101110 e
b10000110111100 9
b10000110111100 T
b10000110111100 a
b10000110111100 c
b1000100000101110 7
b1000100000101110 @
b1000100000101110 M
b1000100000101110 b
b0 >
b0 R
0d
b101011100010111 U
b101011100010111 ]
b101011100010111 _
b10000110111100 S
b10000110111100 Y
b10000110111100 ^
b1100001001110001 A
b1100001001110001 I
b1100001001110001 K
b1000100000101110 ?
b1000100000101110 E
b1000100000101110 J
b0 -
b0 6
b10011000001 +
b10011000001 5
b10011000001 Q
b10011000001 [
b101011100010111 *
b101011100010111 4
b101011100010111 P
b101011100010111 Z
b110100011011100 (
b110100011011100 3
b110100011011100 O
b110100011011100 W
b10000110111100 '
b10000110111100 2
b10000110111100 N
b10000110111100 V
b1000111111111011 &
b1000111111111011 1
b1000111111111011 =
b1000111111111011 G
b1100001001110001 %
b1100001001110001 0
b1100001001110001 <
b1100001001110001 F
b11011110001100 $
b11011110001100 /
b11011110001100 ;
b11011110001100 C
b1000100000101110 #
b1000100000101110 .
b1000100000101110 :
b1000100000101110 B
b1010011 ,
#665
b11011110001100 "
b11011110001100 8
b11011110001100 e
b11011110001100 !
b11011110001100 7
b11011110001100 @
b11011110001100 M
b11011110001100 b
b110100011011100 9
b110100011011100 T
b110100011011100 a
b110100011011100 c
b11011110001100 ?
b11011110001100 E
b11011110001100 J
b1000111111111011 A
b1000111111111011 I
b1000111111111011 K
b110100011011100 S
b110100011011100 Y
b110100011011100 ^
b10011000001 U
b10011000001 ]
b10011000001 _
1D
1H
1X
1\
b1 >
b1 R
b1 -
b1 6
#666
b1100001001110001 "
b1100001001110001 8
b1100001001110001 e
b1100001001110001 !
b1000100000101110 ?
b1000100000101110 E
b1000100000101110 J
b1100001001110001 A
b1100001001110001 I
b1100001001110001 K
b1100001001110001 7
b1100001001110001 @
b1100001001110001 M
b1100001001110001 b
b10000110111100 S
b10000110111100 Y
b10000110111100 ^
b101011100010111 U
b101011100010111 ]
b101011100010111 _
b101011100010111 9
b101011100010111 T
b101011100010111 a
b101011100010111 c
0D
0H
1L
0X
0\
1`
b10 >
b10 R
b10 -
b10 6
#667
b1000111111111011 "
b1000111111111011 8
b1000111111111011 e
b1000111111111011 !
b1000111111111011 7
b1000111111111011 @
b1000111111111011 M
b1000111111111011 b
b10011000001 9
b10011000001 T
b10011000001 a
b10011000001 c
b11011110001100 ?
b11011110001100 E
b11011110001100 J
b1000111111111011 A
b1000111111111011 I
b1000111111111011 K
b110100011011100 S
b110100011011100 Y
b110100011011100 ^
b10011000001 U
b10011000001 ]
b10011000001 _
1D
1H
1X
1\
b11 >
b11 R
b11 -
b11 6
#668
b1000100000101110 ?
b1000100000101110 E
b1000100000101110 J
b1100001001110001 A
b1100001001110001 I
b1100001001110001 K
b1000100000101110 7
b1000100000101110 @
b1000100000101110 M
b1000100000101110 b
b10000110111100 S
b10000110111100 Y
b10000110111100 ^
b101011100010111 U
b101011100010111 ]
b101011100010111 _
b10000110111100 9
b10000110111100 T
b10000110111100 a
b10000110111100 c
b10000110111100 !
0D
0H
0L
0X
0\
0`
b10000110111100 "
b10000110111100 8
b10000110111100 e
b0 >
b0 R
1d
b100 -
b100 6
#669
b110100011011100 "
b110100011011100 8
b110100011011100 e
b110100011011100 !
b11011110001100 7
b11011110001100 @
b11011110001100 M
b11011110001100 b
b110100011011100 9
b110100011011100 T
b110100011011100 a
b110100011011100 c
b11011110001100 ?
b11011110001100 E
b11011110001100 J
b1000111111111011 A
b1000111111111011 I
b1000111111111011 K
b110100011011100 S
b110100011011100 Y
b110100011011100 ^
b10011000001 U
b10011000001 ]
b10011000001 _
1D
1H
1X
1\
b1 >
b1 R
b101 -
b101 6
#670
b101011100010111 "
b101011100010111 8
b101011100010111 e
b101011100010111 !
b1000100000101110 ?
b1000100000101110 E
b1000100000101110 J
b1100001001110001 A
b1100001001110001 I
b1100001001110001 K
b1100001001110001 7
b1100001001110001 @
b1100001001110001 M
b1100001001110001 b
b10000110111100 S
b10000110111100 Y
b10000110111100 ^
b101011100010111 U
b101011100010111 ]
b101011100010111 _
b101011100010111 9
b101011100010111 T
b101011100010111 a
b101011100010111 c
0D
0H
1L
0X
0\
1`
b10 >
b10 R
b110 -
b110 6
#671
b10011000001 "
b10011000001 8
b10011000001 e
b10011000001 !
b1000111111111011 7
b1000111111111011 @
b1000111111111011 M
b1000111111111011 b
b10011000001 9
b10011000001 T
b10011000001 a
b10011000001 c
b11011110001100 ?
b11011110001100 E
b11011110001100 J
b1000111111111011 A
b1000111111111011 I
b1000111111111011 K
b110100011011100 S
b110100011011100 Y
b110100011011100 ^
b10011000001 U
b10011000001 ]
b10011000001 _
1D
1H
1X
1\
b11 >
b11 R
b111 -
b111 6
#672
b10000111101011 !
0D
0H
0L
0X
0\
0`
b10000111101011 "
b10000111101011 8
b10000111101011 e
b1111011010111111 9
b1111011010111111 T
b1111011010111111 a
b1111011010111111 c
b10000111101011 7
b10000111101011 @
b10000111101011 M
b10000111101011 b
b0 >
b0 R
0d
b1001101011010011 U
b1001101011010011 ]
b1001101011010011 _
b1111011010111111 S
b1111011010111111 Y
b1111011010111111 ^
b10111010001001 A
b10111010001001 I
b10111010001001 K
b10000111101011 ?
b10000111101011 E
b10000111101011 J
b0 -
b0 6
b1011010110 +
b1011010110 5
b1011010110 Q
b1011010110 [
b1001101011010011 *
b1001101011010011 4
b1001101011010011 P
b1001101011010011 Z
b10101010110000 (
b10101010110000 3
b10101010110000 O
b10101010110000 W
b1111011010111111 '
b1111011010111111 2
b1111011010111111 N
b1111011010111111 V
b1110001010001111 &
b1110001010001111 1
b1110001010001111 =
b1110001010001111 G
b10111010001001 %
b10111010001001 0
b10111010001001 <
b10111010001001 F
b11101110110101 $
b11101110110101 /
b11101110110101 ;
b11101110110101 C
b10000111101011 #
b10000111101011 .
b10000111101011 :
b10000111101011 B
b1010100 ,
#673
b11101110110101 "
b11101110110101 8
b11101110110101 e
b11101110110101 !
b11101110110101 7
b11101110110101 @
b11101110110101 M
b11101110110101 b
b10101010110000 9
b10101010110000 T
b10101010110000 a
b10101010110000 c
b11101110110101 ?
b11101110110101 E
b11101110110101 J
b1110001010001111 A
b1110001010001111 I
b1110001010001111 K
b10101010110000 S
b10101010110000 Y
b10101010110000 ^
b1011010110 U
b1011010110 ]
b1011010110 _
1D
1H
1X
1\
b1 >
b1 R
b1 -
b1 6
#674
b10111010001001 "
b10111010001001 8
b10111010001001 e
b10111010001001 !
b10000111101011 ?
b10000111101011 E
b10000111101011 J
b10111010001001 A
b10111010001001 I
b10111010001001 K
b10111010001001 7
b10111010001001 @
b10111010001001 M
b10111010001001 b
b1111011010111111 S
b1111011010111111 Y
b1111011010111111 ^
b1001101011010011 U
b1001101011010011 ]
b1001101011010011 _
b1001101011010011 9
b1001101011010011 T
b1001101011010011 a
b1001101011010011 c
0D
0H
1L
0X
0\
1`
b10 >
b10 R
b10 -
b10 6
#675
b1110001010001111 "
b1110001010001111 8
b1110001010001111 e
b1110001010001111 !
b1110001010001111 7
b1110001010001111 @
b1110001010001111 M
b1110001010001111 b
b1011010110 9
b1011010110 T
b1011010110 a
b1011010110 c
b11101110110101 ?
b11101110110101 E
b11101110110101 J
b1110001010001111 A
b1110001010001111 I
b1110001010001111 K
b10101010110000 S
b10101010110000 Y
b10101010110000 ^
b1011010110 U
b1011010110 ]
b1011010110 _
1D
1H
1X
1\
b11 >
b11 R
b11 -
b11 6
#676
b10000111101011 ?
b10000111101011 E
b10000111101011 J
b10111010001001 A
b10111010001001 I
b10111010001001 K
b10000111101011 7
b10000111101011 @
b10000111101011 M
b10000111101011 b
b1111011010111111 S
b1111011010111111 Y
b1111011010111111 ^
b1001101011010011 U
b1001101011010011 ]
b1001101011010011 _
b1111011010111111 9
b1111011010111111 T
b1111011010111111 a
b1111011010111111 c
b1111011010111111 !
0D
0H
0L
0X
0\
0`
b1111011010111111 "
b1111011010111111 8
b1111011010111111 e
b0 >
b0 R
1d
b100 -
b100 6
#677
b10101010110000 "
b10101010110000 8
b10101010110000 e
b10101010110000 !
b11101110110101 7
b11101110110101 @
b11101110110101 M
b11101110110101 b
b10101010110000 9
b10101010110000 T
b10101010110000 a
b10101010110000 c
b11101110110101 ?
b11101110110101 E
b11101110110101 J
b1110001010001111 A
b1110001010001111 I
b1110001010001111 K
b10101010110000 S
b10101010110000 Y
b10101010110000 ^
b1011010110 U
b1011010110 ]
b1011010110 _
1D
1H
1X
1\
b1 >
b1 R
b101 -
b101 6
#678
b1001101011010011 "
b1001101011010011 8
b1001101011010011 e
b1001101011010011 !
b10000111101011 ?
b10000111101011 E
b10000111101011 J
b10111010001001 A
b10111010001001 I
b10111010001001 K
b10111010001001 7
b10111010001001 @
b10111010001001 M
b10111010001001 b
b1111011010111111 S
b1111011010111111 Y
b1111011010111111 ^
b1001101011010011 U
b1001101011010011 ]
b1001101011010011 _
b1001101011010011 9
b1001101011010011 T
b1001101011010011 a
b1001101011010011 c
0D
0H
1L
0X
0\
1`
b10 >
b10 R
b110 -
b110 6
#679
b1011010110 "
b1011010110 8
b1011010110 e
b1011010110 !
b1110001010001111 7
b1110001010001111 @
b1110001010001111 M
b1110001010001111 b
b1011010110 9
b1011010110 T
b1011010110 a
b1011010110 c
b11101110110101 ?
b11101110110101 E
b11101110110101 J
b1110001010001111 A
b1110001010001111 I
b1110001010001111 K
b10101010110000 S
b10101010110000 Y
b10101010110000 ^
b1011010110 U
b1011010110 ]
b1011010110 _
1D
1H
1X
1\
b11 >
b11 R
b111 -
b111 6
#680
b1100110010000010 !
0D
0H
0L
0X
0\
0`
b1100110010000010 "
b1100110010000010 8
b1100110010000010 e
b1000111000001110 9
b1000111000001110 T
b1000111000001110 a
b1000111000001110 c
b1100110010000010 7
b1100110010000010 @
b1100110010000010 M
b1100110010000010 b
b0 >
b0 R
0d
b1110111001101 U
b1110111001101 ]
b1110111001101 _
b1000111000001110 S
b1000111000001110 Y
b1000111000001110 ^
b1010011101110001 A
b1010011101110001 I
b1010011101110001 K
b1100110010000010 ?
b1100110010000010 E
b1100110010000010 J
b0 -
b0 6
b100001100000101 +
b100001100000101 5
b100001100000101 Q
b100001100000101 [
b1110111001101 *
b1110111001101 4
b1110111001101 P
b1110111001101 Z
b1010011110001 (
b1010011110001 3
b1010011110001 O
b1010011110001 W
b1000111000001110 '
b1000111000001110 2
b1000111000001110 N
b1000111000001110 V
b10011010111 &
b10011010111 1
b10011010111 =
b10011010111 G
b1010011101110001 %
b1010011101110001 0
b1010011101110001 <
b1010011101110001 F
b111010100011010 $
b111010100011010 /
b111010100011010 ;
b111010100011010 C
b1100110010000010 #
b1100110010000010 .
b1100110010000010 :
b1100110010000010 B
b1010101 ,
#681
b111010100011010 "
b111010100011010 8
b111010100011010 e
b111010100011010 !
b111010100011010 7
b111010100011010 @
b111010100011010 M
b111010100011010 b
b1010011110001 9
b1010011110001 T
b1010011110001 a
b1010011110001 c
b111010100011010 ?
b111010100011010 E
b111010100011010 J
b10011010111 A
b10011010111 I
b10011010111 K
b1010011110001 S
b1010011110001 Y
b1010011110001 ^
b100001100000101 U
b100001100000101 ]
b100001100000101 _
1D
1H
1X
1\
b1 >
b1 R
b1 -
b1 6
#682
b1010011101110001 "
b1010011101110001 8
b1010011101110001 e
b1010011101110001 !
b1100110010000010 ?
b1100110010000010 E
b1100110010000010 J
b1010011101110001 A
b1010011101110001 I
b1010011101110001 K
b1010011101110001 7
b1010011101110001 @
b1010011101110001 M
b1010011101110001 b
b1000111000001110 S
b1000111000001110 Y
b1000111000001110 ^
b1110111001101 U
b1110111001101 ]
b1110111001101 _
b1110111001101 9
b1110111001101 T
b1110111001101 a
b1110111001101 c
0D
0H
1L
0X
0\
1`
b10 >
b10 R
b10 -
b10 6
#683
b10011010111 "
b10011010111 8
b10011010111 e
b10011010111 !
b10011010111 7
b10011010111 @
b10011010111 M
b10011010111 b
b100001100000101 9
b100001100000101 T
b100001100000101 a
b100001100000101 c
b111010100011010 ?
b111010100011010 E
b111010100011010 J
b10011010111 A
b10011010111 I
b10011010111 K
b1010011110001 S
b1010011110001 Y
b1010011110001 ^
b100001100000101 U
b100001100000101 ]
b100001100000101 _
1D
1H
1X
1\
b11 >
b11 R
b11 -
b11 6
#684
b1100110010000010 ?
b1100110010000010 E
b1100110010000010 J
b1010011101110001 A
b1010011101110001 I
b1010011101110001 K
b1100110010000010 7
b1100110010000010 @
b1100110010000010 M
b1100110010000010 b
b1000111000001110 S
b1000111000001110 Y
b1000111000001110 ^
b1110111001101 U
b1110111001101 ]
b1110111001101 _
b1000111000001110 9
b1000111000001110 T
b1000111000001110 a
b1000111000001110 c
b1000111000001110 !
0D
0H
0L
0X
0\
0`
b1000111000001110 "
b1000111000001110 8
b1000111000001110 e
b0 >
b0 R
1d
b100 -
b100 6
#685
b1010011110001 "
b1010011110001 8
b1010011110001 e
b1010011110001 !
b111010100011010 7
b111010100011010 @
b111010100011010 M
b111010100011010 b
b1010011110001 9
b1010011110001 T
b1010011110001 a
b1010011110001 c
b111010100011010 ?
b111010100011010 E
b111010100011010 J
b10011010111 A
b10011010111 I
b10011010111 K
b1010011110001 S
b1010011110001 Y
b1010011110001 ^
b100001100000101 U
b100001100000101 ]
b100001100000101 _
1D
1H
1X
1\
b1 >
b1 R
b101 -
b101 6
#686
b1110111001101 "
b1110111001101 8
b1110111001101 e
b1110111001101 !
b1100110010000010 ?
b1100110010000010 E
b1100110010000010 J
b1010011101110001 A
b1010011101110001 I
b1010011101110001 K
b1010011101110001 7
b1010011101110001 @
b1010011101110001 M
b1010011101110001 b
b1000111000001110 S
b1000111000001110 Y
b1000111000001110 ^
b1110111001101 U
b1110111001101 ]
b1110111001101 _
b1110111001101 9
b1110111001101 T
b1110111001101 a
b1110111001101 c
0D
0H
1L
0X
0\
1`
b10 >
b10 R
b110 -
b110 6
#687
b100001100000101 "
b100001100000101 8
b100001100000101 e
b100001100000101 !
b10011010111 7
b10011010111 @
b10011010111 M
b10011010111 b
b100001100000101 9
b100001100000101 T
b100001100000101 a
b100001100000101 c
b111010100011010 ?
b111010100011010 E
b111010100011010 J
b10011010111 A
b10011010111 I
b10011010111 K
b1010011110001 S
b1010011110001 Y
b1010011110001 ^
b100001100000101 U
b100001100000101 ]
b100001100000101 _
1D
1H
1X
1\
b11 >
b11 R
b111 -
b111 6
#688
b1110101100011100 !
0D
0H
0L
0X
0\
0`
b1110101100011100 "
b1110101100011100 8
b1110101100011100 e
b100101001100101 9
b100101001100101 T
b100101001100101 a
b100101001100101 c
b1110101100011100 7
b1110101100011100 @
b1110101100011100 M
b1110101100011100 b
b0 >
b0 R
0d
b11011000000011 U
b11011000000011 ]
b11011000000011 _
b100101001100101 S
b100101001100101 Y
b100101001100101 ^
b1000100011101100 A
b1000100011101100 I
b1000100011101100 K
b1110101100011100 ?
b1110101100011100 E
b1110101100011100 J
b0 -
b0 6
b1001111011111110 +
b1001111011111110 5
b1001111011111110 Q
b1001111011111110 [
b11011000000011 *
b11011000000011 4
b11011000000011 P
b11011000000011 Z
b10100110111 (
b10100110111 3
b10100110111 O
b10100110111 W
b100101001100101 '
b100101001100101 2
b100101001100101 N
b100101001100101 V
b1101011000101010 &
b1101011000101010 1
b1101011000101010 =
b1101011000101010 G
b1000100011101100 %
b1000100011101100 0
b1000100011101100 <
b1000100011101100 F
b1100011110011000 $
b1100011110011000 /
b1100011110011000 ;
b1100011110011000 C
b1110101100011100 #
b1110101100011100 .
b1110101100011100 :
b1110101100011100 B
b1010110 ,
#689
b1100011110011000 "
b1100011110011000 8
b1100011110011000 e
b1100011110011000 !
b1100011110011000 7
b1100011110011000 @
b1100011110011000 M
b1100011110011000 b
b10100110111 9
b10100110111 T
b10100110111 a
b10100110111 c
b1100011110011000 ?
b1100011110011000 E
b1100011110011000 J
b1101011000101010 A
b1101011000101010 I
b1101011000101010 K
b10100110111 S
b10100110111 Y
b10100110111 ^
b1001111011111110 U
b1001111011111110 ]
b1001111011111110 _
1D
1H
1X
1\
b1 >
b1 R
b1 -
b1 6
#690
b1000100011101100 "
b1000100011101100 8
b1000100011101100 e
b1000100011101100 !
b1110101100011100 ?
b1110101100011100 E
b1110101100011100 J
b1000100011101100 A
b1000100011101100 I
b1000100011101100 K
b1000100011101100 7
b1000100011101100 @
b1000100011101100 M
b1000100011101100 b
b100101001100101 S
b100101001100101 Y
b100101001100101 ^
b11011000000011 U
b11011000000011 ]
b11011000000011 _
b11011000000011 9
b11011000000011 T
b11011000000011 a
b11011000000011 c
0D
0H
1L
0X
0\
1`
b10 >
b10 R
b10 -
b10 6
#691
b1101011000101010 "
b1101011000101010 8
b1101011000101010 e
b1101011000101010 !
b1101011000101010 7
b1101011000101010 @
b1101011000101010 M
b1101011000101010 b
b1001111011111110 9
b1001111011111110 T
b1001111011111110 a
b1001111011111110 c
b1100011110011000 ?
b1100011110011000 E
b1100011110011000 J
b1101011000101010 A
b1101011000101010 I
b1101011000101010 K
b10100110111 S
b10100110111 Y
b10100110111 ^
b1001111011111110 U
b1001111011111110 ]
b1001111011111110 _
1D
1H
1X
1\
b11 >
b11 R
b11 -
b11 6
#692
b1110101100011100 ?
b1110101100011100 E
b1110101100011100 J
b1000100011101100 A
b1000100011101100 I
b1000100011101100 K
b1110101100011100 7
b1110101100011100 @
b1110101100011100 M
b1110101100011100 b
b100101001100101 S
b100101001100101 Y
b100101001100101 ^
b11011000000011 U
b11011000000011 ]
b11011000000011 _
b100101001100101 9
b100101001100101 T
b100101001100101 a
b100101001100101 c
b100101001100101 !
0D
0H
0L
0X
0\
0`
b100101001100101 "
b100101001100101 8
b100101001100101 e
b0 >
b0 R
1d
b100 -
b100 6
#693
b10100110111 "
b10100110111 8
b10100110111 e
b10100110111 !
b1100011110011000 7
b1100011110011000 @
b1100011110011000 M
b1100011110011000 b
b10100110111 9
b10100110111 T
b10100110111 a
b10100110111 c
b1100011110011000 ?
b1100011110011000 E
b1100011110011000 J
b1101011000101010 A
b1101011000101010 I
b1101011000101010 K
b10100110111 S
b10100110111 Y
b10100110111 ^
b1001111011111110 U
b1001111011111110 ]
b1001111011111110 _
1D
1H
1X
1\
b1 >
b1 R
b101 -
b101 6
#694
b11011000000011 "
b11011000000011 8
b11011000000011 e
b11011000000011 !
b1110101100011100 ?
b1110101100011100 E
b1110101100011100 J
b1000100011101100 A
b1000100011101100 I
b1000100011101100 K
b1000100011101100 7
b1000100011101100 @
b1000100011101100 M
b1000100011101100 b
b100101001100101 S
b100101001100101 Y
b100101001100101 ^
b11011000000011 U
b11011000000011 ]
b11011000000011 _
b11011000000011 9
b11011000000011 T
b11011000000011 a
b11011000000011 c
0D
0H
1L
0X
0\
1`
b10 >
b10 R
b110 -
b110 6
#695
b1001111011111110 "
b1001111011111110 8
b1001111011111110 e
b1001111011111110 !
b1101011000101010 7
b1101011000101010 @
b1101011000101010 M
b1101011000101010 b
b1001111011111110 9
b1001111011111110 T
b1001111011111110 a
b1001111011111110 c
b1100011110011000 ?
b1100011110011000 E
b1100011110011000 J
b1101011000101010 A
b1101011000101010 I
b1101011000101010 K
b10100110111 S
b10100110111 Y
b10100110111 ^
b1001111011111110 U
b1001111011111110 ]
b1001111011111110 _
1D
1H
1X
1\
b11 >
b11 R
b111 -
b111 6
#696
b1101110011111101 !
0D
0H
0L
0X
0\
0`
b1101110011111101 "
b1101110011111101 8
b1101110011111101 e
b1000100110110000 9
b1000100110110000 T
b1000100110110000 a
b1000100110110000 c
b1101110011111101 7
b1101110011111101 @
b1101110011111101 M
b1101110011111101 b
b0 >
b0 R
0d
b100110100010010 U
b100110100010010 ]
b100110100010010 _
b1000100110110000 S
b1000100110110000 Y
b1000100110110000 ^
b11010011101000 A
b11010011101000 I
b11010011101000 K
b1101110011111101 ?
b1101110011111101 E
b1101110011111101 J
b0 -
b0 6
b1111110001101000 +
b1111110001101000 5
b1111110001101000 Q
b1111110001101000 [
b100110100010010 *
b100110100010010 4
b100110100010010 P
b100110100010010 Z
b1101110000000110 (
b1101110000000110 3
b1101110000000110 O
b1101110000000110 W
b1000100110110000 '
b1000100110110000 2
b1000100110110000 N
b1000100110110000 V
b11100001110100 &
b11100001110100 1
b11100001110100 =
b11100001110100 G
b11010011101000 %
b11010011101000 0
b11010011101000 <
b11010011101000 F
b111000111110 $
b111000111110 /
b111000111110 ;
b111000111110 C
b1101110011111101 #
b1101110011111101 .
b1101110011111101 :
b1101110011111101 B
b1010111 ,
#697
b111000111110 "
b111000111110 8
b111000111110 e
b111000111110 !
b111000111110 7
b111000111110 @
b111000111110 M
b111000111110 b
b1101110000000110 9
b1101110000000110 T
b1101110000000110 a
b1101110000000110 c
b111000111110 ?
b111000111110 E
b111000111110 J
b11100001110100 A
b11100001110100 I
b11100001110100 K
b1101110000000110 S
b1101110000000110 Y
b1101110000000110 ^
b1111110001101000 U
b1111110001101000 ]
b1111110001101000 _
1D
1H
1X
1\
b1 >
b1 R
b1 -
b1 6
#698
b11010011101000 "
b11010011101000 8
b11010011101000 e
b11010011101000 !
b1101110011111101 ?
b1101110011111101 E
b1101110011111101 J
b11010011101000 A
b11010011101000 I
b11010011101000 K
b11010011101000 7
b11010011101000 @
b11010011101000 M
b11010011101000 b
b1000100110110000 S
b1000100110110000 Y
b1000100110110000 ^
b100110100010010 U
b100110100010010 ]
b100110100010010 _
b100110100010010 9
b100110100010010 T
b100110100010010 a
b100110100010010 c
0D
0H
1L
0X
0\
1`
b10 >
b10 R
b10 -
b10 6
#699
b11100001110100 "
b11100001110100 8
b11100001110100 e
b11100001110100 !
b11100001110100 7
b11100001110100 @
b11100001110100 M
b11100001110100 b
b1111110001101000 9
b1111110001101000 T
b1111110001101000 a
b1111110001101000 c
b111000111110 ?
b111000111110 E
b111000111110 J
b11100001110100 A
b11100001110100 I
b11100001110100 K
b1101110000000110 S
b1101110000000110 Y
b1101110000000110 ^
b1111110001101000 U
b1111110001101000 ]
b1111110001101000 _
1D
1H
1X
1\
b11 >
b11 R
b11 -
b11 6
#700
b1101110011111101 ?
b1101110011111101 E
b1101110011111101 J
b11010011101000 A
b11010011101000 I
b11010011101000 K
b1101110011111101 7
b1101110011111101 @
b1101110011111101 M
b1101110011111101 b
b1000100110110000 S
b1000100110110000 Y
b1000100110110000 ^
b100110100010010 U
b100110100010010 ]
b100110100010010 _
b1000100110110000 9
b1000100110110000 T
b1000100110110000 a
b1000100110110000 c
b1000100110110000 !
0D
0H
0L
0X
0\
0`
b1000100110110000 "
b1000100110110000 8
b1000100110110000 e
b0 >
b0 R
1d
b100 -
b100 6
#701
b1101110000000110 "
b1101110000000110 8
b1101110000000110 e
b1101110000000110 !
b111000111110 7
b111000111110 @
b111000111110 M
b111000111110 b
b1101110000000110 9
b1101110000000110 T
b1101110000000110 a
b1101110000000110 c
b111000111110 ?
b111000111110 E
b111000111110 J
b11100001110100 A
b11100001110100 I
b11100001110100 K
b1101110000000110 S
b1101110000000110 Y
b1101110000000110 ^
b1111110001101000 U
b1111110001101000 ]
b1111110001101000 _
1D
1H
1X
1\
b1 >
b1 R
b101 -
b101 6
#702
b100110100010010 "
b100110100010010 8
b100110100010010 e
b100110100010010 !
b1101110011111101 ?
b1101110011111101 E
b1101110011111101 J
b11010011101000 A
b11010011101000 I
b11010011101000 K
b11010011101000 7
b11010011101000 @
b11010011101000 M
b11010011101000 b
b1000100110110000 S
b1000100110110000 Y
b1000100110110000 ^
b100110100010010 U
b100110100010010 ]
b100110100010010 _
b100110100010010 9
b100110100010010 T
b100110100010010 a
b100110100010010 c
0D
0H
1L
0X
0\
1`
b10 >
b10 R
b110 -
b110 6
#703
b1111110001101000 "
b1111110001101000 8
b1111110001101000 e
b1111110001101000 !
b11100001110100 7
b11100001110100 @
b11100001110100 M
b11100001110100 b
b1111110001101000 9
b1111110001101000 T
b1111110001101000 a
b1111110001101000 c
b111000111110 ?
b111000111110 E
b111000111110 J
b11100001110100 A
b11100001110100 I
b11100001110100 K
b1101110000000110 S
b1101110000000110 Y
b1101110000000110 ^
b1111110001101000 U
b1111110001101000 ]
b1111110001101000 _
1D
1H
1X
1\
b11 >
b11 R
b111 -
b111 6
#704
b11000101 !
0D
0H
0L
0X
0\
0`
b11000101 "
b11000101 8
b11000101 e
b1010101111111011 9
b1010101111111011 T
b1010101111111011 a
b1010101111111011 c
b11000101 7
b11000101 @
b11000101 M
b11000101 b
b0 >
b0 R
0d
b1011111100010111 U
b1011111100010111 ]
b1011111100010111 _
b1010101111111011 S
b1010101111111011 Y
b1010101111111011 ^
b110100110110 A
b110100110110 I
b110100110110 K
b11000101 ?
b11000101 E
b11000101 J
b0 -
b0 6
b11011000001111 +
b11011000001111 5
b11011000001111 Q
b11011000001111 [
b1011111100010111 *
b1011111100010111 4
b1011111100010111 P
b1011111100010111 Z
b111110001101011 (
b111110001101011 3
b111110001101011 O
b111110001101011 W
b1010101111111011 '
b1010101111111011 2
b1010101111111011 N
b1010101111111011 V
b100111110011 &
b100111110011 1
b100111110011 =
b100111110011 G
b110100110110 %
b110100110110 0
b110100110110 <
b110100110110 F
b10111011111110 $
b10111011111110 /
b10111011111110 ;
b10111011111110 C
b11000101 #
b11000101 .
b11000101 :
b11000101 B
b1011000 ,
#705
b10111011111110 "
b10111011111110 8
b10111011111110 e
b10111011111110 !
b10111011111110 7
b10111011111110 @
b10111011111110 M
b10111011111110 b
b111110001101011 9
b111110001101011 T
b111110001101011 a
b111110001101011 c
b10111011111110 ?
b10111011111110 E
b10111011111110 J
b100111110011 A
b100111110011 I
b100111110011 K
b111110001101011 S
b111110001101011 Y
b111110001101011 ^
b11011000001111 U
b11011000001111 ]
b11011000001111 _
1D
1H
1X
1\
b1 >
b1 R
b1 -
b1 6
#706
b110100110110 "
b110100110110 8
b110100110110 e
b110100110110 !
b11000101 ?
b11000101 E
b11000101 J
b110100110110 A
b110100110110 I
b110100110110 K
b110100110110 7
b110100110110 @
b110100110110 M
b110100110110 b
b1010101111111011 S
b1010101111111011 Y
b1010101111111011 ^
b1011111100010111 U
b1011111100010111 ]
b1011111100010111 _
b1011111100010111 9
b1011111100010111 T
b1011111100010111 a
b1011111100010111 c
0D
0H
1L
0X
0\
1`
b10 >
b10 R
b10 -
b10 6
#707
b100111110011 "
b100111110011 8
b100111110011 e
b100111110011 !
b100111110011 7
b100111110011 @
b100111110011 M
b100111110011 b
b11011000001111 9
b11011000001111 T
b11011000001111 a
b11011000001111 c
b10111011111110 ?
b10111011111110 E
b10111011111110 J
b100111110011 A
b100111110011 I
b100111110011 K
b111110001101011 S
b111110001101011 Y
b111110001101011 ^
b11011000001111 U
b11011000001111 ]
b11011000001111 _
1D
1H
1X
1\
b11 >
b11 R
b11 -
b11 6
#708
b11000101 ?
b11000101 E
b11000101 J
b110100110110 A
b110100110110 I
b110100110110 K
b11000101 7
b11000101 @
b11000101 M
b11000101 b
b1010101111111011 S
b1010101111111011 Y
b1010101111111011 ^
b1011111100010111 U
b1011111100010111 ]
b1011111100010111 _
b1010101111111011 9
b1010101111111011 T
b1010101111111011 a
b1010101111111011 c
b1010101111111011 !
0D
0H
0L
0X
0\
0`
b1010101111111011 "
b1010101111111011 8
b1010101111111011 e
b0 >
b0 R
1d
b100 -
b100 6
#709
b111110001101011 "
b111110001101011 8
b111110001101011 e
b111110001101011 !
b10111011111110 7
b10111011111110 @
b10111011111110 M
b10111011111110 b
b111110001101011 9
b111110001101011 T
b111110001101011 a
b111110001101011 c
b10111011111110 ?
b10111011111110 E
b10111011111110 J
b100111110011 A
b100111110011 I
b100111110011 K
b111110001101011 S
b111110001101011 Y
b111110001101011 ^
b11011000001111 U
b11011000001111 ]
b11011000001111 _
1D
1H
1X
1\
b1 >
b1 R
b101 -
b101 6
#710
b1011111100010111 "
b1011111100010111 8
b1011111100010111 e
b1011111100010111 !
b11000101 ?
b11000101 E
b11000101 J
b110100110110 A
b110100110110 I
b110100110110 K
b110100110110 7
b110100110110 @
b110100110110 M
b110100110110 b
b1010101111111011 S
b1010101111111011 Y
b1010101111111011 ^
b1011111100010111 U
b1011111100010111 ]
b1011111100010111 _
b1011111100010111 9
b1011111100010111 T
b1011111100010111 a
b1011111100010111 c
0D
0H
1L
0X
0\
1`
b10 >
b10 R
b110 -
b110 6
#711
b11011000001111 "
b11011000001111 8
b11011000001111 e
b11011000001111 !
b100111110011 7
b100111110011 @
b100111110011 M
b100111110011 b
b11011000001111 9
b11011000001111 T
b11011000001111 a
b11011000001111 c
b10111011111110 ?
b10111011111110 E
b10111011111110 J
b100111110011 A
b100111110011 I
b100111110011 K
b111110001101011 S
b111110001101011 Y
b111110001101011 ^
b11011000001111 U
b11011000001111 ]
b11011000001111 _
1D
1H
1X
1\
b11 >
b11 R
b111 -
b111 6
#712
b1011011000010100 !
0D
0H
0L
0X
0\
0`
b1011011000010100 "
b1011011000010100 8
b1011011000010100 e
b1000011001011 9
b1000011001011 T
b1000011001011 a
b1000011001011 c
b1011011000010100 7
b1011011000010100 @
b1011011000010100 M
b1011011000010100 b
b0 >
b0 R
0d
b1110101100000100 U
b1110101100000100 ]
b1110101100000100 _
b1000011001011 S
b1000011001011 Y
b1000011001011 ^
b110111010100110 A
b110111010100110 I
b110111010100110 K
b1011011000010100 ?
b1011011000010100 E
b1011011000010100 J
b0 -
b0 6
b11001011110100 +
b11001011110100 5
b11001011110100 Q
b11001011110100 [
b1110101100000100 *
b1110101100000100 4
b1110101100000100 P
b1110101100000100 Z
b1100001001101011 (
b1100001001101011 3
b1100001001101011 O
b1100001001101011 W
b1000011001011 '
b1000011001011 2
b1000011001011 N
b1000011001011 V
b10011011010100 &
b10011011010100 1
b10011011010100 =
b10011011010100 G
b110111010100110 %
b110111010100110 0
b110111010100110 <
b110111010100110 F
b10100101010 $
b10100101010 /
b10100101010 ;
b10100101010 C
b1011011000010100 #
b1011011000010100 .
b1011011000010100 :
b1011011000010100 B
b1011001 ,
#713
b10100101010 "
b10100101010 8
b10100101010 e
b10100101010 !
b10100101010 7
b10100101010 @
b10100101010 M
b10100101010 b
b1100001001101011 9
b1100001001101011 T
b1100001001101011 a
b1100001001101011 c
b10100101010 ?
b10100101010 E
b10100101010 J
b10011011010100 A
b10011011010100 I
b10011011010100 K
b1100001001101011 S
b1100001001101011 Y
b1100001001101011 ^
b11001011110100 U
b11001011110100 ]
b11001011110100 _
1D
1H
1X
1\
b1 >
b1 R
b1 -
b1 6
#714
b110111010100110 "
b110111010100110 8
b110111010100110 e
b110111010100110 !
b1011011000010100 ?
b1011011000010100 E
b1011011000010100 J
b110111010100110 A
b110111010100110 I
b110111010100110 K
b110111010100110 7
b110111010100110 @
b110111010100110 M
b110111010100110 b
b1000011001011 S
b1000011001011 Y
b1000011001011 ^
b1110101100000100 U
b1110101100000100 ]
b1110101100000100 _
b1110101100000100 9
b1110101100000100 T
b1110101100000100 a
b1110101100000100 c
0D
0H
1L
0X
0\
1`
b10 >
b10 R
b10 -
b10 6
#715
b10011011010100 "
b10011011010100 8
b10011011010100 e
b10011011010100 !
b10011011010100 7
b10011011010100 @
b10011011010100 M
b10011011010100 b
b11001011110100 9
b11001011110100 T
b11001011110100 a
b11001011110100 c
b10100101010 ?
b10100101010 E
b10100101010 J
b10011011010100 A
b10011011010100 I
b10011011010100 K
b1100001001101011 S
b1100001001101011 Y
b1100001001101011 ^
b11001011110100 U
b11001011110100 ]
b11001011110100 _
1D
1H
1X
1\
b11 >
b11 R
b11 -
b11 6
#716
b1011011000010100 ?
b1011011000010100 E
b1011011000010100 J
b110111010100110 A
b110111010100110 I
b110111010100110 K
b1011011000010100 7
b1011011000010100 @
b1011011000010100 M
b1011011000010100 b
b1000011001011 S
b1000011001011 Y
b1000011001011 ^
b1110101100000100 U
b1110101100000100 ]
b1110101100000100 _
b1000011001011 9
b1000011001011 T
b1000011001011 a
b1000011001011 c
b1000011001011 !
0D
0H
0L
0X
0\
0`
b1000011001011 "
b1000011001011 8
b1000011001011 e
b0 >
b0 R
1d
b100 -
b100 6
#717
b1100001001101011 "
b1100001001101011 8
b1100001001101011 e
b1100001001101011 !
b10100101010 7
b10100101010 @
b10100101010 M
b10100101010 b
b1100001001101011 9
b1100001001101011 T
b1100001001101011 a
b1100001001101011 c
b10100101010 ?
b10100101010 E
b10100101010 J
b10011011010100 A
b10011011010100 I
b10011011010100 K
b1100001001101011 S
b1100001001101011 Y
b1100001001101011 ^
b11001011110100 U
b11001011110100 ]
b11001011110100 _
1D
1H
1X
1\
b1 >
b1 R
b101 -
b101 6
#718
b1110101100000100 "
b1110101100000100 8
b1110101100000100 e
b1110101100000100 !
b1011011000010100 ?
b1011011000010100 E
b1011011000010100 J
b110111010100110 A
b110111010100110 I
b110111010100110 K
b110111010100110 7
b110111010100110 @
b110111010100110 M
b110111010100110 b
b1000011001011 S
b1000011001011 Y
b1000011001011 ^
b1110101100000100 U
b1110101100000100 ]
b1110101100000100 _
b1110101100000100 9
b1110101100000100 T
b1110101100000100 a
b1110101100000100 c
0D
0H
1L
0X
0\
1`
b10 >
b10 R
b110 -
b110 6
#719
b11001011110100 "
b11001011110100 8
b11001011110100 e
b11001011110100 !
b10011011010100 7
b10011011010100 @
b10011011010100 M
b10011011010100 b
b11001011110100 9
b11001011110100 T
b11001011110100 a
b11001011110100 c
b10100101010 ?
b10100101010 E
b10100101010 J
b10011011010100 A
b10011011010100 I
b10011011010100 K
b1100001001101011 S
b1100001001101011 Y
b1100001001101011 ^
b11001011110100 U
b11001011110100 ]
b11001011110100 _
1D
1H
1X
1\
b11 >
b11 R
b111 -
b111 6
#720
b110000110001101 !
0D
0H
0L
0X
0\
0`
b110000110001101 "
b110000110001101 8
b110000110001101 e
b1011011001001 9
b1011011001001 T
b1011011001001 a
b1011011001001 c
b110000110001101 7
b110000110001101 @
b110000110001101 M
b110000110001101 b
b0 >
b0 R
0d
b11001001000110 U
b11001001000110 ]
b11001001000110 _
b1011011001001 S
b1011011001001 Y
b1011011001001 ^
b1011110110000101 A
b1011110110000101 I
b1011110110000101 K
b110000110001101 ?
b110000110001101 E
b110000110001101 J
b0 -
b0 6
b1100101100111100 +
b1100101100111100 5
b1100101100111100 Q
b1100101100111100 [
b11001001000110 *
b11001001000110 4
b11001001000110 P
b11001001000110 Z
b1000111001100000 (
b1000111001100000 3
b1000111001100000 O
b1000111001100000 W
b1011011001001 '
b1011011001001 2
b1011011001001 N
b1011011001001 V
b111010010111001 &
b111010010111001 1
b111010010111001 =
b111010010111001 G
b1011110110000101 %
b1011110110000101 0
b1011110110000101 <
b1011110110000101 F
b111000011100001 $
b111000011100001 /
b111000011100001 ;
b111000011100001 C
b110000110001101 #
b110000110001101 .
b110000110001101 :
b110000110001101 B
b1011010 ,
#721
b111000011100001 "
b111000011100001 8
b111000011100001 e
b111000011100001 !
b111000011100001 7
b111000011100001 @
b111000011100001 M
b111000011100001 b
b1000111001100000 9
b1000111001100000 T
b1000111001100000 a
b1000111001100000 c
b111000011100001 ?
b111000011100001 E
b111000011100001 J
b111010010111001 A
b111010010111001 I
b111010010111001 K
b1000111001100000 S
b1000111001100000 Y
b1000111001100000 ^
b1100101100111100 U
b1100101100111100 ]
b1100101100111100 _
1D
1H
1X
1\
b1 >
b1 R
b1 -
b1 6
#722
b1011110110000101 "
b1011110110000101 8
b1011110110000101 e
b1011110110000101 !
b110000110001101 ?
b110000110001101 E
b110000110001101 J
b1011110110000101 A
b1011110110000101 I
b1011110110000101 K
b1011110110000101 7
b1011110110000101 @
b1011110110000101 M
b1011110110000101 b
b1011011001001 S
b1011011001001 Y
b1011011001001 ^
b11001001000110 U
b11001001000110 ]
b11001001000110 _
b11001001000110 9
b11001001000110 T
b11001001000110 a
b11001001000110 c
0D
0H
1L
0X
0\
1`
b10 >
b10 R
b10 -
b10 6
#723
b111010010111001 "
b111010010111001 8
b111010010111001 e
b111010010111001 !
b111010010111001 7
b111010010111001 @
b111010010111001 M
b111010010111001 b
b1100101100111100 9
b1100101100111100 T
b1100101100111100 a
b1100101100111100 c
b111000011100001 ?
b111000011100001 E
b111000011100001 J
b111010010111001 A
b111010010111001 I
b111010010111001 K
b1000111001100000 S
b1000111001100000 Y
b1000111001100000 ^
b1100101100111100 U
b1100101100111100 ]
b1100101100111100 _
1D
1H
1X
1\
b11 >
b11 R
b11 -
b11 6
#724
b110000110001101 ?
b110000110001101 E
b110000110001101 J
b1011110110000101 A
b1011110110000101 I
b1011110110000101 K
b110000110001101 7
b110000110001101 @
b110000110001101 M
b110000110001101 b
b1011011001001 S
b1011011001001 Y
b1011011001001 ^
b11001001000110 U
b11001001000110 ]
b11001001000110 _
b1011011001001 9
b1011011001001 T
b1011011001001 a
b1011011001001 c
b1011011001001 !
0D
0H
0L
0X
0\
0`
b1011011001001 "
b1011011001001 8
b1011011001001 e
b0 >
b0 R
1d
b100 -
b100 6
#725
b1000111001100000 "
b1000111001100000 8
b1000111001100000 e
b1000111001100000 !
b111000011100001 7
b111000011100001 @
b111000011100001 M
b111000011100001 b
b1000111001100000 9
b1000111001100000 T
b1000111001100000 a
b1000111001100000 c
b111000011100001 ?
b111000011100001 E
b111000011100001 J
b111010010111001 A
b111010010111001 I
b111010010111001 K
b1000111001100000 S
b1000111001100000 Y
b1000111001100000 ^
b1100101100111100 U
b1100101100111100 ]
b1100101100111100 _
1D
1H
1X
1\
b1 >
b1 R
b101 -
b101 6
#726
b11001001000110 "
b11001001000110 8
b11001001000110 e
b11001001000110 !
b110000110001101 ?
b110000110001101 E
b110000110001101 J
b1011110110000101 A
b1011110110000101 I
b1011110110000101 K
b1011110110000101 7
b1011110110000101 @
b1011110110000101 M
b1011110110000101 b
b1011011001001 S
b1011011001001 Y
b1011011001001 ^
b11001001000110 U
b11001001000110 ]
b11001001000110 _
b11001001000110 9
b11001001000110 T
b11001001000110 a
b11001001000110 c
0D
0H
1L
0X
0\
1`
b10 >
b10 R
b110 -
b110 6
#727
b1100101100111100 "
b1100101100111100 8
b1100101100111100 e
b1100101100111100 !
b111010010111001 7
b111010010111001 @
b111010010111001 M
b111010010111001 b
b1100101100111100 9
b1100101100111100 T
b1100101100111100 a
b1100101100111100 c
b111000011100001 ?
b111000011100001 E
b111000011100001 J
b111010010111001 A
b111010010111001 I
b111010010111001 K
b1000111001100000 S
b1000111001100000 Y
b1000111001100000 ^
b1100101100111100 U
b1100101100111100 ]
b1100101100111100 _
1D
1H
1X
1\
b11 >
b11 R
b111 -
b111 6
#728
b101111100110111 !
0D
0H
0L
0X
0\
0`
b101111100110111 "
b101111100110111 8
b101111100110111 e
b10001111011100 9
b10001111011100 T
b10001111011100 a
b10001111011100 c
b101111100110111 7
b101111100110111 @
b101111100110111 M
b101111100110111 b
b0 >
b0 R
0d
b1111010111010000 U
b1111010111010000 ]
b1111010111010000 _
b10001111011100 S
b10001111011100 Y
b10001111011100 ^
b101011101110011 A
b101011101110011 I
b101011101110011 K
b101111100110111 ?
b101111100110111 E
b101111100110111 J
b0 -
b0 6
b1110010100000000 +
b1110010100000000 5
b1110010100000000 Q
b1110010100000000 [
b1111010111010000 *
b1111010111010000 4
b1111010111010000 P
b1111010111010000 Z
b1100001100110000 (
b1100001100110000 3
b1100001100110000 O
b1100001100110000 W
b10001111011100 '
b10001111011100 2
b10001111011100 N
b10001111011100 V
b1101001000001110 &
b1101001000001110 1
b1101001000001110 =
b1101001000001110 G
b101011101110011 %
b101011101110011 0
b101011101110011 <
b101011101110011 F
b101010101011000 $
b101010101011000 /
b101010101011000 ;
b101010101011000 C
b101111100110111 #
b101111100110111 .
b101111100110111 :
b101111100110111 B
b1011011 ,
#729
b101010101011000 "
b101010101011000 8
b101010101011000 e
b101010101011000 !
b101010101011000 7
b101010101011000 @
b101010101011000 M
b101010101011000 b
b1100001100110000 9
b1100001100110000 T
b1100001100110000 a
b1100001100110000 c
b101010101011000 ?
b101010101011000 E
b101010101011000 J
b1101001000001110 A
b1101001000001110 I
b1101001000001110 K
b1100001100110000 S
b1100001100110000 Y
b1100001100110000 ^
b1110010100000000 U
b1110010100000000 ]
b1110010100000000 _
1D
1H
1X
1\
b1 >
b1 R
b1 -
b1 6
#730
b101011101110011 "
b101011101110011 8
b101011101110011 e
b101011101110011 !
b101111100110111 ?
b101111100110111 E
b101111100110111 J
b101011101110011 A
b101011101110011 I
b101011101110011 K
b101011101110011 7
b101011101110011 @
b101011101110011 M
b101011101110011 b
b10001111011100 S
b10001111011100 Y
b10001111011100 ^
b1111010111010000 U
b1111010111010000 ]
b1111010111010000 _
b1111010111010000 9
b1111010111010000 T
b1111010111010000 a
b1111010111010000 c
0D
0H
1L
0X
0\
1`
b10 >
b10 R
b10 -
b10 6
#731
b1101001000001110 "
b1101001000001110 8
b1101001000001110 e
b1101001000001110 !
b1101001000001110 7
b1101001000001110 @
b1101001000001110 M
b1101001000001110 b
b1110010100000000 9
b1110010100000000 T
b1110010100000000 a
b1110010100000000 c
b101010101011000 ?
b101010101011000 E
b101010101011000 J
b1101001000001110 A
b1101001000001110 I
b1101001000001110 K
b1100001100110000 S
b1100001100110000 Y
b1100001100110000 ^
b1110010100000000 U
b1110010100000000 ]
b1110010100000000 _
1D
1H
1X
1\
b11 >
b11 R
b11 -
b11 6
#732
b101111100110111 ?
b101111100110111 E
b101111100110111 J
b101011101110011 A
b101011101110011 I
b101011101110011 K
b101111100110111 7
b101111100110111 @
b101111100110111 M
b101111100110111 b
b10001111011100 S
b10001111011100 Y
b10001111011100 ^
b1111010111010000 U
b1111010111010000 ]
b1111010111010000 _
b10001111011100 9
b10001111011100 T
b10001111011100 a
b10001111011100 c
b10001111011100 !
0D
0H
0L
0X
0\
0`
b10001111011100 "
b10001111011100 8
b10001111011100 e
b0 >
b0 R
1d
b100 -
b100 6
#733
b1100001100110000 "
b1100001100110000 8
b1100001100110000 e
b1100001100110000 !
b101010101011000 7
b101010101011000 @
b101010101011000 M
b101010101011000 b
b1100001100110000 9
b1100001100110000 T
b1100001100110000 a
b1100001100110000 c
b101010101011000 ?
b101010101011000 E
b101010101011000 J
b1101001000001110 A
b1101001000001110 I
b1101001000001110 K
b1100001100110000 S
b1100001100110000 Y
b1100001100110000 ^
b1110010100000000 U
b1110010100000000 ]
b1110010100000000 _
1D
1H
1X
1\
b1 >
b1 R
b101 -
b101 6
#734
b1111010111010000 "
b1111010111010000 8
b1111010111010000 e
b1111010111010000 !
b101111100110111 ?
b101111100110111 E
b101111100110111 J
b101011101110011 A
b101011101110011 I
b101011101110011 K
b101011101110011 7
b101011101110011 @
b101011101110011 M
b101011101110011 b
b10001111011100 S
b10001111011100 Y
b10001111011100 ^
b1111010111010000 U
b1111010111010000 ]
b1111010111010000 _
b1111010111010000 9
b1111010111010000 T
b1111010111010000 a
b1111010111010000 c
0D
0H
1L
0X
0\
1`
b10 >
b10 R
b110 -
b110 6
#735
b1110010100000000 "
b1110010100000000 8
b1110010100000000 e
b1110010100000000 !
b1101001000001110 7
b1101001000001110 @
b1101001000001110 M
b1101001000001110 b
b1110010100000000 9
b1110010100000000 T
b1110010100000000 a
b1110010100000000 c
b101010101011000 ?
b101010101011000 E
b101010101011000 J
b1101001000001110 A
b1101001000001110 I
b1101001000001110 K
b1100001100110000 S
b1100001100110000 Y
b1100001100110000 ^
b1110010100000000 U
b1110010100000000 ]
b1110010100000000 _
1D
1H
1X
1\
b11 >
b11 R
b111 -
b111 6
#736
b111101000011 !
0D
0H
0L
0X
0\
0`
b111101000011 "
b111101000011 8
b111101000011 e
b1000111110011000 9
b1000111110011000 T
b1000111110011000 a
b1000111110011000 c
b111101000011 7
b111101000011 @
b111101000011 M
b111101000011 b
b0 >
b0 R
0d
b1001001010000111 U
b1001001010000111 ]
b1001001010000111 _
b1000111110011000 S
b1000111110011000 Y
b1000111110011000 ^
b1001101010100001 A
b1001101010100001 I
b1001101010100001 K
b111101000011 ?
b111101000011 E
b111101000011 J
b0 -
b0 6
b101101011111010 +
b101101011111010 5
b101101011111010 Q
b101101011111010 [
b1001001010000111 *
b1001001010000111 4
b1001001010000111 P
b1001001010000111 Z
b11110101011111 (
b11110101011111 3
b11110101011111 O
b11110101011111 W
b1000111110011000 '
b1000111110011000 2
b1000111110011000 N
b1000111110011000 V
b1111101010011 &
b1111101010011 1
b1111101010011 =
b1111101010011 G
b1001101010100001 %
b1001101010100001 0
b1001101010100001 <
b1001101010100001 F
b1001000111111000 $
b1001000111111000 /
b1001000111111000 ;
b1001000111111000 C
b111101000011 #
b111101000011 .
b111101000011 :
b111101000011 B
b1011100 ,
#737
b1001000111111000 "
b1001000111111000 8
b1001000111111000 e
b1001000111111000 !
b1001000111111000 7
b1001000111111000 @
b1001000111111000 M
b1001000111111000 b
b11110101011111 9
b11110101011111 T
b11110101011111 a
b11110101011111 c
b1001000111111000 ?
b1001000111111000 E
b1001000111111000 J
b1111101010011 A
b1111101010011 I
b1111101010011 K
b11110101011111 S
b11110101011111 Y
b11110101011111 ^
b101101011111010 U
b101101011111010 ]
b101101011111010 _
1D
1H
1X
1\
b1 >
b1 R
b1 -
b1 6
#738
b1001101010100001 "
b1001101010100001 8
b1001101010100001 e
b1001101010100001 !
b111101000011 ?
b111101000011 E
b111101000011 J
b1001101010100001 A
b1001101010100001 I
b1001101010100001 K
b1001101010100001 7
b1001101010100001 @
b1001101010100001 M
b1001101010100001 b
b1000111110011000 S
b1000111110011000 Y
b1000111110011000 ^
b1001001010000111 U
b1001001010000111 ]
b1001001010000111 _
b1001001010000111 9
b1001001010000111 T
b1001001010000111 a
b1001001010000111 c
0D
0H
1L
0X
0\
1`
b10 >
b10 R
b10 -
b10 6
#739
b1111101010011 "
b1111101010011 8
b1111101010011 e
b1111101010011 !
b1111101010011 7
b1111101010011 @
b1111101010011 M
b1111101010011 b
b101101011111010 9
b101101011111010 T
b101101011111010 a
b101101011111010 c
b1001000111111000 ?
b1001000111111000 E
b1001000111111000 J
b1111101010011 A
b1111101010011 I
b1111101010011 K
b11110101011111 S
b11110101011111 Y
b11110101011111 ^
b101101011111010 U
b101101011111010 ]
b101101011111010 _
1D
1H
1X
1\
b11 >
b11 R
b11 -
b11 6
#740
b111101000011 ?
b111101000011 E
b111101000011 J
b1001101010100001 A
b1001101010100001 I
b1001101010100001 K
b111101000011 7
b111101000011 @
b111101000011 M
b111101000011 b
b1000111110011000 S
b1000111110011000 Y
b1000111110011000 ^
b1001001010000111 U
b1001001010000111 ]
b1001001010000111 _
b1000111110011000 9
b1000111110011000 T
b1000111110011000 a
b1000111110011000 c
b1000111110011000 !
0D
0H
0L
0X
0\
0`
b1000111110011000 "
b1000111110011000 8
b1000111110011000 e
b0 >
b0 R
1d
b100 -
b100 6
#741
b11110101011111 "
b11110101011111 8
b11110101011111 e
b11110101011111 !
b1001000111111000 7
b1001000111111000 @
b1001000111111000 M
b1001000111111000 b
b11110101011111 9
b11110101011111 T
b11110101011111 a
b11110101011111 c
b1001000111111000 ?
b1001000111111000 E
b1001000111111000 J
b1111101010011 A
b1111101010011 I
b1111101010011 K
b11110101011111 S
b11110101011111 Y
b11110101011111 ^
b101101011111010 U
b101101011111010 ]
b101101011111010 _
1D
1H
1X
1\
b1 >
b1 R
b101 -
b101 6
#742
b1001001010000111 "
b1001001010000111 8
b1001001010000111 e
b1001001010000111 !
b111101000011 ?
b111101000011 E
b111101000011 J
b1001101010100001 A
b1001101010100001 I
b1001101010100001 K
b1001101010100001 7
b1001101010100001 @
b1001101010100001 M
b1001101010100001 b
b1000111110011000 S
b1000111110011000 Y
b1000111110011000 ^
b1001001010000111 U
b1001001010000111 ]
b1001001010000111 _
b1001001010000111 9
b1001001010000111 T
b1001001010000111 a
b1001001010000111 c
0D
0H
1L
0X
0\
1`
b10 >
b10 R
b110 -
b110 6
#743
b101101011111010 "
b101101011111010 8
b101101011111010 e
b101101011111010 !
b1111101010011 7
b1111101010011 @
b1111101010011 M
b1111101010011 b
b101101011111010 9
b101101011111010 T
b101101011111010 a
b101101011111010 c
b1001000111111000 ?
b1001000111111000 E
b1001000111111000 J
b1111101010011 A
b1111101010011 I
b1111101010011 K
b11110101011111 S
b11110101011111 Y
b11110101011111 ^
b101101011111010 U
b101101011111010 ]
b101101011111010 _
1D
1H
1X
1\
b11 >
b11 R
b111 -
b111 6
#744
b1101000100101101 !
0D
0H
0L
0X
0\
0`
b1101000100101101 "
b1101000100101101 8
b1101000100101101 e
b1100000000010010 9
b1100000000010010 T
b1100000000010010 a
b1100000000010010 c
b1101000100101101 7
b1101000100101101 @
b1101000100101101 M
b1101000100101101 b
b0 >
b0 R
0d
b110101100001101 U
b110101100001101 ]
b110101100001101 _
b1100000000010010 S
b1100000000010010 Y
b1100000000010010 ^
b1110100001101011 A
b1110100001101011 I
b1110100001101011 K
b1101000100101101 ?
b1101000100101101 E
b1101000100101101 J
b0 -
b0 6
b1001100010101 +
b1001100010101 5
b1001100010101 Q
b1001100010101 [
b110101100001101 *
b110101100001101 4
b110101100001101 P
b110101100001101 Z
b1101111100001100 (
b1101111100001100 3
b1101111100001100 O
b1101111100001100 W
b1100000000010010 '
b1100000000010010 2
b1100000000010010 N
b1100000000010010 V
b11100000110001 &
b11100000110001 1
b11100000110001 =
b11100000110001 G
b1110100001101011 %
b1110100001101011 0
b1110100001101011 <
b1110100001101011 F
b1001110000 $
b1001110000 /
b1001110000 ;
b1001110000 C
b1101000100101101 #
b1101000100101101 .
b1101000100101101 :
b1101000100101101 B
b1011101 ,
#745
b1001110000 "
b1001110000 8
b1001110000 e
b1001110000 !
b1001110000 7
b1001110000 @
b1001110000 M
b1001110000 b
b1101111100001100 9
b1101111100001100 T
b1101111100001100 a
b1101111100001100 c
b1001110000 ?
b1001110000 E
b1001110000 J
b11100000110001 A
b11100000110001 I
b11100000110001 K
b1101111100001100 S
b1101111100001100 Y
b1101111100001100 ^
b1001100010101 U
b1001100010101 ]
b1001100010101 _
1D
1H
1X
1\
b1 >
b1 R
b1 -
b1 6
#746
b1110100001101011 "
b1110100001101011 8
b1110100001101011 e
b1110100001101011 !
b1101000100101101 ?
b1101000100101101 E
b1101000100101101 J
b1110100001101011 A
b1110100001101011 I
b1110100001101011 K
b1110100001101011 7
b1110100001101011 @
b1110100001101011 M
b1110100001101011 b
b1100000000010010 S
b1100000000010010 Y
b1100000000010010 ^
b110101100001101 U
b110101100001101 ]
b110101100001101 _
b110101100001101 9
b110101100001101 T
b110101100001101 a
b110101100001101 c
0D
0H
1L
0X
0\
1`
b10 >
b10 R
b10 -
b10 6
#747
b11100000110001 "
b11100000110001 8
b11100000110001 e
b11100000110001 !
b11100000110001 7
b11100000110001 @
b11100000110001 M
b11100000110001 b
b1001100010101 9
b1001100010101 T
b1001100010101 a
b1001100010101 c
b1001110000 ?
b1001110000 E
b1001110000 J
b11100000110001 A
b11100000110001 I
b11100000110001 K
b1101111100001100 S
b1101111100001100 Y
b1101111100001100 ^
b1001100010101 U
b1001100010101 ]
b1001100010101 _
1D
1H
1X
1\
b11 >
b11 R
b11 -
b11 6
#748
b1101000100101101 ?
b1101000100101101 E
b1101000100101101 J
b1110100001101011 A
b1110100001101011 I
b1110100001101011 K
b1101000100101101 7
b1101000100101101 @
b1101000100101101 M
b1101000100101101 b
b1100000000010010 S
b1100000000010010 Y
b1100000000010010 ^
b110101100001101 U
b110101100001101 ]
b110101100001101 _
b1100000000010010 9
b1100000000010010 T
b1100000000010010 a
b1100000000010010 c
b1100000000010010 !
0D
0H
0L
0X
0\
0`
b1100000000010010 "
b1100000000010010 8
b1100000000010010 e
b0 >
b0 R
1d
b100 -
b100 6
#749
b1101111100001100 "
b1101111100001100 8
b1101111100001100 e
b1101111100001100 !
b1001110000 7
b1001110000 @
b1001110000 M
b1001110000 b
b1101111100001100 9
b1101111100001100 T
b1101111100001100 a
b1101111100001100 c
b1001110000 ?
b1001110000 E
b1001110000 J
b11100000110001 A
b11100000110001 I
b11100000110001 K
b1101111100001100 S
b1101111100001100 Y
b1101111100001100 ^
b1001100010101 U
b1001100010101 ]
b1001100010101 _
1D
1H
1X
1\
b1 >
b1 R
b101 -
b101 6
#750
b110101100001101 "
b110101100001101 8
b110101100001101 e
b110101100001101 !
b1101000100101101 ?
b1101000100101101 E
b1101000100101101 J
b1110100001101011 A
b1110100001101011 I
b1110100001101011 K
b1110100001101011 7
b1110100001101011 @
b1110100001101011 M
b1110100001101011 b
b1100000000010010 S
b1100000000010010 Y
b1100000000010010 ^
b110101100001101 U
b110101100001101 ]
b110101100001101 _
b110101100001101 9
b110101100001101 T
b110101100001101 a
b110101100001101 c
0D
0H
1L
0X
0\
1`
b10 >
b10 R
b110 -
b110 6
#751
b1001100010101 "
b1001100010101 8
b1001100010101 e
b1001100010101 !
b11100000110001 7
b11100000110001 @
b11100000110001 M
b11100000110001 b
b1001100010101 9
b1001100010101 T
b1001100010101 a
b1001100010101 c
b1001110000 ?
b1001110000 E
b1001110000 J
b11100000110001 A
b11100000110001 I
b11100000110001 K
b1101111100001100 S
b1101111100001100 Y
b1101111100001100 ^
b1001100010101 U
b1001100010101 ]
b1001100010101 _
1D
1H
1X
1\
b11 >
b11 R
b111 -
b111 6
#752
b11101000000 !
0D
0H
0L
0X
0\
0`
b11101000000 "
b11101000000 8
b11101000000 e
b1010100010011 9
b1010100010011 T
b1010100010011 a
b1010100010011 c
b11101000000 7
b11101000000 @
b11101000000 M
b11101000000 b
b0 >
b0 R
0d
b1101111011101101 U
b1101111011101101 ]
b1101111011101101 _
b1010100010011 S
b1010100010011 Y
b1010100010011 ^
b1010001101010100 A
b1010001101010100 I
b1010001101010100 K
b11101000000 ?
b11101000000 E
b11101000000 J
b0 -
b0 6
b1110011011011100 +
b1110011011011100 5
b1110011011011100 Q
b1110011011011100 [
b1101111011101101 *
b1101111011101101 4
b1101111011101101 P
b1101111011101101 Z
b1000011011000011 (
b1000011011000011 3
b1000011011000011 O
b1000011011000011 W
b1010100010011 '
b1010100010011 2
b1010100010011 N
b1010100010011 V
b1010000000 &
b1010000000 1
b1010000000 =
b1010000000 G
b1010001101010100 %
b1010001101010100 0
b1010001101010100 <
b1010001101010100 F
b1000110110010100 $
b1000110110010100 /
b1000110110010100 ;
b1000110110010100 C
b11101000000 #
b11101000000 .
b11101000000 :
b11101000000 B
b1011110 ,
#753
b1000110110010100 "
b1000110110010100 8
b1000110110010100 e
b1000110110010100 !
b1000110110010100 7
b1000110110010100 @
b1000110110010100 M
b1000110110010100 b
b1000011011000011 9
b1000011011000011 T
b1000011011000011 a
b1000011011000011 c
b1000110110010100 ?
b1000110110010100 E
b1000110110010100 J
b1010000000 A
b1010000000 I
b1010000000 K
b1000011011000011 S
b1000011011000011 Y
b1000011011000011 ^
b1110011011011100 U
b1110011011011100 ]
b1110011011011100 _
1D
1H
1X
1\
b1 >
b1 R
b1 -
b1 6
#754
b1010001101010100 "
b1010001101010100 8
b1010001101010100 e
b1010001101010100 !
b11101000000 ?
b11101000000 E
b11101000000 J
b1010001101010100 A
b1010001101010100 I
b1010001101010100 K
b1010001101010100 7
b1010001101010100 @
b1010001101010100 M
b1010001101010100 b
b1010100010011 S
b1010100010011 Y
b1010100010011 ^
b1101111011101101 U
b1101111011101101 ]
b1101111011101101 _
b1101111011101101 9
b1101111011101101 T
b1101111011101101 a
b1101111011101101 c
0D
0H
1L
0X
0\
1`
b10 >
b10 R
b10 -
b10 6
#755
b1010000000 "
b1010000000 8
b1010000000 e
b1010000000 !
b1010000000 7
b1010000000 @
b1010000000 M
b1010000000 b
b1110011011011100 9
b1110011011011100 T
b1110011011011100 a
b1110011011011100 c
b1000110110010100 ?
b1000110110010100 E
b1000110110010100 J
b1010000000 A
b1010000000 I
b1010000000 K
b1000011011000011 S
b1000011011000011 Y
b1000011011000011 ^
b1110011011011100 U
b1110011011011100 ]
b1110011011011100 _
1D
1H
1X
1\
b11 >
b11 R
b11 -
b11 6
#756
b11101000000 ?
b11101000000 E
b11101000000 J
b1010001101010100 A
b1010001101010100 I
b1010001101010100 K
b11101000000 7
b11101000000 @
b11101000000 M
b11101000000 b
b1010100010011 S
b1010100010011 Y
b1010100010011 ^
b1101111011101101 U
b1101111011101101 ]
b1101111011101101 _
b1010100010011 9
b1010100010011 T
b1010100010011 a
b1010100010011 c
b1010100010011 !
0D
0H
0L
0X
0\
0`
b1010100010011 "
b1010100010011 8
b1010100010011 e
b0 >
b0 R
1d
b100 -
b100 6
#757
b1000011011000011 "
b1000011011000011 8
b1000011011000011 e
b1000011011000011 !
b1000110110010100 7
b1000110110010100 @
b1000110110010100 M
b1000110110010100 b
b1000011011000011 9
b1000011011000011 T
b1000011011000011 a
b1000011011000011 c
b1000110110010100 ?
b1000110110010100 E
b1000110110010100 J
b1010000000 A
b1010000000 I
b1010000000 K
b1000011011000011 S
b1000011011000011 Y
b1000011011000011 ^
b1110011011011100 U
b1110011011011100 ]
b1110011011011100 _
1D
1H
1X
1\
b1 >
b1 R
b101 -
b101 6
#758
b1101111011101101 "
b1101111011101101 8
b1101111011101101 e
b1101111011101101 !
b11101000000 ?
b11101000000 E
b11101000000 J
b1010001101010100 A
b1010001101010100 I
b1010001101010100 K
b1010001101010100 7
b1010001101010100 @
b1010001101010100 M
b1010001101010100 b
b1010100010011 S
b1010100010011 Y
b1010100010011 ^
b1101111011101101 U
b1101111011101101 ]
b1101111011101101 _
b1101111011101101 9
b1101111011101101 T
b1101111011101101 a
b1101111011101101 c
0D
0H
1L
0X
0\
1`
b10 >
b10 R
b110 -
b110 6
#759
b1110011011011100 "
b1110011011011100 8
b1110011011011100 e
b1110011011011100 !
b1010000000 7
b1010000000 @
b1010000000 M
b1010000000 b
b1110011011011100 9
b1110011011011100 T
b1110011011011100 a
b1110011011011100 c
b1000110110010100 ?
b1000110110010100 E
b1000110110010100 J
b1010000000 A
b1010000000 I
b1010000000 K
b1000011011000011 S
b1000011011000011 Y
b1000011011000011 ^
b1110011011011100 U
b1110011011011100 ]
b1110011011011100 _
1D
1H
1X
1\
b11 >
b11 R
b111 -
b111 6
#760
b1000001111000 !
0D
0H
0L
0X
0\
0`
b1000001111000 "
b1000001111000 8
b1000001111000 e
b1110101110101011 9
b1110101110101011 T
b1110101110101011 a
b1110101110101011 c
b1000001111000 7
b1000001111000 @
b1000001111000 M
b1000001111000 b
b0 >
b0 R
0d
b100110100100010 U
b100110100100010 ]
b100110100100010 _
b1110101110101011 S
b1110101110101011 Y
b1110101110101011 ^
b10011001011111 A
b10011001011111 I
b10011001011111 K
b1000001111000 ?
b1000001111000 E
b1000001111000 J
b0 -
b0 6
b1011110111001001 +
b1011110111001001 5
b1011110111001001 Q
b1011110111001001 [
b100110100100010 *
b100110100100010 4
b100110100100010 P
b100110100100010 Z
b1011100111000 (
b1011100111000 3
b1011100111000 O
b1011100111000 W
b1110101110101011 '
b1110101110101011 2
b1110101110101011 N
b1110101110101011 V
b101101100100011 &
b101101100100011 1
b101101100100011 =
b101101100100011 G
b10011001011111 %
b10011001011111 0
b10011001011111 <
b10011001011111 F
b110100100111 $
b110100100111 /
b110100100111 ;
b110100100111 C
b1000001111000 #
b1000001111000 .
b1000001111000 :
b1000001111000 B
b1011111 ,
#761
b110100100111 "
b110100100111 8
b110100100111 e
b110100100111 !
b110100100111 7
b110100100111 @
b110100100111 M
b110100100111 b
b1011100111000 9
b1011100111000 T
b1011100111000 a
b1011100111000 c
b110100100111 ?
b110100100111 E
b110100100111 J
b101101100100011 A
b101101100100011 I
b101101100100011 K
b1011100111000 S
b1011100111000 Y
b1011100111000 ^
b1011110111001001 U
b1011110111001001 ]
b1011110111001001 _
1D
1H
1X
1\
b1 >
b1 R
b1 -
b1 6
#762
b10011001011111 "
b10011001011111 8
b10011001011111 e
b10011001011111 !
b1000001111000 ?
b1000001111000 E
b1000001111000 J
b10011001011111 A
b10011001011111 I
b10011001011111 K
b10011001011111 7
b10011001011111 @
b10011001011111 M
b10011001011111 b
b1110101110101011 S
b1110101110101011 Y
b1110101110101011 ^
b100110100100010 U
b100110100100010 ]
b100110100100010 _
b100110100100010 9
b100110100100010 T
b100110100100010 a
b100110100100010 c
0D
0H
1L
0X
0\
1`
b10 >
b10 R
b10 -
b10 6
#763
b101101100100011 "
b101101100100011 8
b101101100100011 e
b101101100100011 !
b101101100100011 7
b101101100100011 @
b101101100100011 M
b101101100100011 b
b1011110111001001 9
b1011110111001001 T
b1011110111001001 a
b1011110111001001 c
b110100100111 ?
b110100100111 E
b110100100111 J
b101101100100011 A
b101101100100011 I
b101101100100011 K
b1011100111000 S
b1011100111000 Y
b1011100111000 ^
b1011110111001001 U
b1011110111001001 ]
b1011110111001001 _
1D
1H
1X
1\
b11 >
b11 R
b11 -
b11 6
#764
b1000001111000 ?
b1000001111000 E
b1000001111000 J
b10011001011111 A
b10011001011111 I
b10011001011111 K
b1000001111000 7
b1000001111000 @
b1000001111000 M
b1000001111000 b
b1110101110101011 S
b1110101110101011 Y
b1110101110101011 ^
b100110100100010 U
b100110100100010 ]
b100110100100010 _
b1110101110101011 9
b1110101110101011 T
b1110101110101011 a
b1110101110101011 c
b1110101110101011 !
0D
0H
0L
0X
0\
0`
b1110101110101011 "
b1110101110101011 8
b1110101110101011 e
b0 >
b0 R
1d
b100 -
b100 6
#765
b1011100111000 "
b1011100111000 8
b1011100111000 e
b1011100111000 !
b110100100111 7
b110100100111 @
b110100100111 M
b110100100111 b
b1011100111000 9
b1011100111000 T
b1011100111000 a
b1011100111000 c
b110100100111 ?
b110100100111 E
b110100100111 J
b101101100100011 A
b101101100100011 I
b101101100100011 K
b1011100111000 S
b1011100111000 Y
b1011100111000 ^
b1011110111001001 U
b1011110111001001 ]
b1011110111001001 _
1D
1H
1X
1\
b1 >
b1 R
b101 -
b101 6
#766
b100110100100010 "
b100110100100010 8
b100110100100010 e
b100110100100010 !
b1000001111000 ?
b1000001111000 E
b1000001111000 J
b10011001011111 A
b10011001011111 I
b10011001011111 K
b10011001011111 7
b10011001011111 @
b10011001011111 M
b10011001011111 b
b1110101110101011 S
b1110101110101011 Y
b1110101110101011 ^
b100110100100010 U
b100110100100010 ]
b100110100100010 _
b100110100100010 9
b100110100100010 T
b100110100100010 a
b100110100100010 c
0D
0H
1L
0X
0\
1`
b10 >
b10 R
b110 -
b110 6
#767
b1011110111001001 "
b1011110111001001 8
b1011110111001001 e
b1011110111001001 !
b101101100100011 7
b101101100100011 @
b101101100100011 M
b101101100100011 b
b1011110111001001 9
b1011110111001001 T
b1011110111001001 a
b1011110111001001 c
b110100100111 ?
b110100100111 E
b110100100111 J
b101101100100011 A
b101101100100011 I
b101101100100011 K
b1011100111000 S
b1011100111000 Y
b1011100111000 ^
b1011110111001001 U
b1011110111001001 ]
b1011110111001001 _
1D
1H
1X
1\
b11 >
b11 R
b111 -
b111 6
#768
b100110011000111 !
0D
0H
0L
0X
0\
0`
b100110011000111 "
b100110011000111 8
b100110011000111 e
b1010010000100100 9
b1010010000100100 T
b1010010000100100 a
b1010010000100100 c
b100110011000111 7
b100110011000111 @
b100110011000111 M
b100110011000111 b
b0 >
b0 R
0d
b1010000001000 U
b1010000001000 ]
b1010000001000 _
b1010010000100100 S
b1010010000100100 Y
b1010010000100100 ^
b1101011111001110 A
b1101011111001110 I
b1101011111001110 K
b100110011000111 ?
b100110011000111 E
b100110011000111 J
b0 -
b0 6
b110111101110101 +
b110111101110101 5
b110111101110101 Q
b110111101110101 [
b1010000001000 *
b1010000001000 4
b1010000001000 P
b1010000001000 Z
b110111111011011 (
b110111111011011 3
b110111111011011 O
b110111111011011 W
b1010010000100100 '
b1010010000100100 2
b1010010000100100 N
b1010010000100100 V
b10001011000111 &
b10001011000111 1
b10001011000111 =
b10001011000111 G
b1101011111001110 %
b1101011111001110 0
b1101011111001110 <
b1101011111001110 F
b110001010000010 $
b110001010000010 /
b110001010000010 ;
b110001010000010 C
b100110011000111 #
b100110011000111 .
b100110011000111 :
b100110011000111 B
b1100000 ,
#769
b110001010000010 "
b110001010000010 8
b110001010000010 e
b110001010000010 !
b110001010000010 7
b110001010000010 @
b110001010000010 M
b110001010000010 b
b110111111011011 9
b110111111011011 T
b110111111011011 a
b110111111011011 c
b110001010000010 ?
b110001010000010 E
b110001010000010 J
b10001011000111 A
b10001011000111 I
b10001011000111 K
b110111111011011 S
b110111111011011 Y
b110111111011011 ^
b110111101110101 U
b110111101110101 ]
b110111101110101 _
1D
1H
1X
1\
b1 >
b1 R
b1 -
b1 6
#770
b1101011111001110 "
b1101011111001110 8
b1101011111001110 e
b1101011111001110 !
b100110011000111 ?
b100110011000111 E
b100110011000111 J
b1101011111001110 A
b1101011111001110 I
b1101011111001110 K
b1101011111001110 7
b1101011111001110 @
b1101011111001110 M
b1101011111001110 b
b1010010000100100 S
b1010010000100100 Y
b1010010000100100 ^
b1010000001000 U
b1010000001000 ]
b1010000001000 _
b1010000001000 9
b1010000001000 T
b1010000001000 a
b1010000001000 c
0D
0H
1L
0X
0\
1`
b10 >
b10 R
b10 -
b10 6
#771
b10001011000111 "
b10001011000111 8
b10001011000111 e
b10001011000111 !
b10001011000111 7
b10001011000111 @
b10001011000111 M
b10001011000111 b
b110111101110101 9
b110111101110101 T
b110111101110101 a
b110111101110101 c
b110001010000010 ?
b110001010000010 E
b110001010000010 J
b10001011000111 A
b10001011000111 I
b10001011000111 K
b110111111011011 S
b110111111011011 Y
b110111111011011 ^
b110111101110101 U
b110111101110101 ]
b110111101110101 _
1D
1H
1X
1\
b11 >
b11 R
b11 -
b11 6
#772
b100110011000111 ?
b100110011000111 E
b100110011000111 J
b1101011111001110 A
b1101011111001110 I
b1101011111001110 K
b100110011000111 7
b100110011000111 @
b100110011000111 M
b100110011000111 b
b1010010000100100 S
b1010010000100100 Y
b1010010000100100 ^
b1010000001000 U
b1010000001000 ]
b1010000001000 _
b1010010000100100 9
b1010010000100100 T
b1010010000100100 a
b1010010000100100 c
b1010010000100100 !
0D
0H
0L
0X
0\
0`
b1010010000100100 "
b1010010000100100 8
b1010010000100100 e
b0 >
b0 R
1d
b100 -
b100 6
#773
b110111111011011 "
b110111111011011 8
b110111111011011 e
b110111111011011 !
b110001010000010 7
b110001010000010 @
b110001010000010 M
b110001010000010 b
b110111111011011 9
b110111111011011 T
b110111111011011 a
b110111111011011 c
b110001010000010 ?
b110001010000010 E
b110001010000010 J
b10001011000111 A
b10001011000111 I
b10001011000111 K
b110111111011011 S
b110111111011011 Y
b110111111011011 ^
b110111101110101 U
b110111101110101 ]
b110111101110101 _
1D
1H
1X
1\
b1 >
b1 R
b101 -
b101 6
#774
b1010000001000 "
b1010000001000 8
b1010000001000 e
b1010000001000 !
b100110011000111 ?
b100110011000111 E
b100110011000111 J
b1101011111001110 A
b1101011111001110 I
b1101011111001110 K
b1101011111001110 7
b1101011111001110 @
b1101011111001110 M
b1101011111001110 b
b1010010000100100 S
b1010010000100100 Y
b1010010000100100 ^
b1010000001000 U
b1010000001000 ]
b1010000001000 _
b1010000001000 9
b1010000001000 T
b1010000001000 a
b1010000001000 c
0D
0H
1L
0X
0\
1`
b10 >
b10 R
b110 -
b110 6
#775
b110111101110101 "
b110111101110101 8
b110111101110101 e
b110111101110101 !
b10001011000111 7
b10001011000111 @
b10001011000111 M
b10001011000111 b
b110111101110101 9
b110111101110101 T
b110111101110101 a
b110111101110101 c
b110001010000010 ?
b110001010000010 E
b110001010000010 J
b10001011000111 A
b10001011000111 I
b10001011000111 K
b110111111011011 S
b110111111011011 Y
b110111111011011 ^
b110111101110101 U
b110111101110101 ]
b110111101110101 _
1D
1H
1X
1\
b11 >
b11 R
b111 -
b111 6
#776
b1110110110101 !
0D
0H
0L
0X
0\
0`
b1110110110101 "
b1110110110101 8
b1110110110101 e
b1010000001011000 9
b1010000001011000 T
b1010000001011000 a
b1010000001011000 c
b1110110110101 7
b1110110110101 @
b1110110110101 M
b1110110110101 b
b0 >
b0 R
0d
b1001101010100011 U
b1001101010100011 ]
b1001101010100011 _
b1010000001011000 S
b1010000001011000 Y
b1010000001011000 ^
b1001100111000 A
b1001100111000 I
b1001100111000 K
b1110110110101 ?
b1110110110101 E
b1110110110101 J
b0 -
b0 6
b1110001110100100 +
b1110001110100100 5
b1110001110100100 Q
b1110001110100100 [
b1001101010100011 *
b1001101010100011 4
b1001101010100011 P
b1001101010100011 Z
b110101001010000 (
b110101001010000 3
b110101001010000 O
b110101001010000 W
b1010000001011000 '
b1010000001011000 2
b1010000001011000 N
b1010000001011000 V
b11101010000010 &
b11101010000010 1
b11101010000010 =
b11101010000010 G
b1001100111000 %
b1001100111000 0
b1001100111000 <
b1001100111000 F
b111001000011010 $
b111001000011010 /
b111001000011010 ;
b111001000011010 C
b1110110110101 #
b1110110110101 .
b1110110110101 :
b1110110110101 B
b1100001 ,
#777
b111001000011010 "
b111001000011010 8
b111001000011010 e
b111001000011010 !
b111001000011010 7
b111001000011010 @
b111001000011010 M
b111001000011010 b
b110101001010000 9
b110101001010000 T
b110101001010000 a
b110101001010000 c
b111001000011010 ?
b111001000011010 E
b111001000011010 J
b11101010000010 A
b11101010000010 I
b11101010000010 K
b110101001010000 S
b110101001010000 Y
b110101001010000 ^
b1110001110100100 U
b1110001110100100 ]
b1110001110100100 _
1D
1H
1X
1\
b1 >
b1 R
b1 -
b1 6
#778
b1001100111000 "
b1001100111000 8
b1001100111000 e
b1001100111000 !
b1110110110101 ?
b1110110110101 E
b1110110110101 J
b1001100111000 A
b1001100111000 I
b1001100111000 K
b1001100111000 7
b1001100111000 @
b1001100111000 M
b1001100111000 b
b1010000001011000 S
b1010000001011000 Y
b1010000001011000 ^
b1001101010100011 U
b1001101010100011 ]
b1001101010100011 _
b1001101010100011 9
b1001101010100011 T
b1001101010100011 a
b1001101010100011 c
0D
0H
1L
0X
0\
1`
b10 >
b10 R
b10 -
b10 6
#779
b11101010000010 "
b11101010000010 8
b11101010000010 e
b11101010000010 !
b11101010000010 7
b11101010000010 @
b11101010000010 M
b11101010000010 b
b1110001110100100 9
b1110001110100100 T
b1110001110100100 a
b1110001110100100 c
b111001000011010 ?
b111001000011010 E
b111001000011010 J
b11101010000010 A
b11101010000010 I
b11101010000010 K
b110101001010000 S
b110101001010000 Y
b110101001010000 ^
b1110001110100100 U
b1110001110100100 ]
b1110001110100100 _
1D
1H
1X
1\
b11 >
b11 R
b11 -
b11 6
#780
b1110110110101 ?
b1110110110101 E
b1110110110101 J
b1001100111000 A
b1001100111000 I
b1001100111000 K
b1110110110101 7
b1110110110101 @
b1110110110101 M
b1110110110101 b
b1010000001011000 S
b1010000001011000 Y
b1010000001011000 ^
b1001101010100011 U
b1001101010100011 ]
b1001101010100011 _
b1010000001011000 9
b1010000001011000 T
b1010000001011000 a
b1010000001011000 c
b1010000001011000 !
0D
0H
0L
0X
0\
0`
b1010000001011000 "
b1010000001011000 8
b1010000001011000 e
b0 >
b0 R
1d
b100 -
b100 6
#781
b110101001010000 "
b110101001010000 8
b110101001010000 e
b110101001010000 !
b111001000011010 7
b111001000011010 @
b111001000011010 M
b111001000011010 b
b110101001010000 9
b110101001010000 T
b110101001010000 a
b110101001010000 c
b111001000011010 ?
b111001000011010 E
b111001000011010 J
b11101010000010 A
b11101010000010 I
b11101010000010 K
b110101001010000 S
b110101001010000 Y
b110101001010000 ^
b1110001110100100 U
b1110001110100100 ]
b1110001110100100 _
1D
1H
1X
1\
b1 >
b1 R
b101 -
b101 6
#782
b1001101010100011 "
b1001101010100011 8
b1001101010100011 e
b1001101010100011 !
b1110110110101 ?
b1110110110101 E
b1110110110101 J
b1001100111000 A
b1001100111000 I
b1001100111000 K
b1001100111000 7
b1001100111000 @
b1001100111000 M
b1001100111000 b
b1010000001011000 S
b1010000001011000 Y
b1010000001011000 ^
b1001101010100011 U
b1001101010100011 ]
b1001101010100011 _
b1001101010100011 9
b1001101010100011 T
b1001101010100011 a
b1001101010100011 c
0D
0H
1L
0X
0\
1`
b10 >
b10 R
b110 -
b110 6
#783
b1110001110100100 "
b1110001110100100 8
b1110001110100100 e
b1110001110100100 !
b11101010000010 7
b11101010000010 @
b11101010000010 M
b11101010000010 b
b1110001110100100 9
b1110001110100100 T
b1110001110100100 a
b1110001110100100 c
b111001000011010 ?
b111001000011010 E
b111001000011010 J
b11101010000010 A
b11101010000010 I
b11101010000010 K
b110101001010000 S
b110101001010000 Y
b110101001010000 ^
b1110001110100100 U
b1110001110100100 ]
b1110001110100100 _
1D
1H
1X
1\
b11 >
b11 R
b111 -
b111 6
#784
b1101111101100101 !
0D
0H
0L
0X
0\
0`
b1101111101100101 "
b1101111101100101 8
b1101111101100101 e
b100000001011011 9
b100000001011011 T
b100000001011011 a
b100000001011011 c
b1101111101100101 7
b1101111101100101 @
b1101111101100101 M
b1101111101100101 b
b0 >
b0 R
0d
b11100101001000 U
b11100101001000 ]
b11100101001000 _
b100000001011011 S
b100000001011011 Y
b100000001011011 ^
b11100100000110 A
b11100100000110 I
b11100100000110 K
b1101111101100101 ?
b1101111101100101 E
b1101111101100101 J
b0 -
b0 6
b1111001000110111 +
b1111001000110111 5
b1111001000110111 Q
b1111001000110111 [
b11100101001000 *
b11100101001000 4
b11100101001000 P
b11100101001000 Z
b1111000011001000 (
b1111000011001000 3
b1111000011001000 O
b1111000011001000 W
b100000001011011 '
b100000001011011 2
b100000001011011 N
b100000001011011 V
b1000000001010100 &
b1000000001010100 1
b1000000001010100 =
b1000000001010100 G
b11100100000110 %
b11100100000110 0
b11100100000110 <
b11100100000110 F
b1011111101010 $
b1011111101010 /
b1011111101010 ;
b1011111101010 C
b1101111101100101 #
b1101111101100101 .
b1101111101100101 :
b1101111101100101 B
b1100010 ,
#785
b1011111101010 "
b1011111101010 8
b1011111101010 e
b1011111101010 !
b1011111101010 7
b1011111101010 @
b1011111101010 M
b1011111101010 b
b1111000011001000 9
b1111000011001000 T
b1111000011001000 a
b1111000011001000 c
b1011111101010 ?
b1011111101010 E
b1011111101010 J
b1000000001010100 A
b1000000001010100 I
b1000000001010100 K
b1111000011001000 S
b1111000011001000 Y
b1111000011001000 ^
b1111001000110111 U
b1111001000110111 ]
b1111001000110111 _
1D
1H
1X
1\
b1 >
b1 R
b1 -
b1 6
#786
b11100100000110 "
b11100100000110 8
b11100100000110 e
b11100100000110 !
b1101111101100101 ?
b1101111101100101 E
b1101111101100101 J
b11100100000110 A
b11100100000110 I
b11100100000110 K
b11100100000110 7
b11100100000110 @
b11100100000110 M
b11100100000110 b
b100000001011011 S
b100000001011011 Y
b100000001011011 ^
b11100101001000 U
b11100101001000 ]
b11100101001000 _
b11100101001000 9
b11100101001000 T
b11100101001000 a
b11100101001000 c
0D
0H
1L
0X
0\
1`
b10 >
b10 R
b10 -
b10 6
#787
b1000000001010100 "
b1000000001010100 8
b1000000001010100 e
b1000000001010100 !
b1000000001010100 7
b1000000001010100 @
b1000000001010100 M
b1000000001010100 b
b1111001000110111 9
b1111001000110111 T
b1111001000110111 a
b1111001000110111 c
b1011111101010 ?
b1011111101010 E
b1011111101010 J
b1000000001010100 A
b1000000001010100 I
b1000000001010100 K
b1111000011001000 S
b1111000011001000 Y
b1111000011001000 ^
b1111001000110111 U
b1111001000110111 ]
b1111001000110111 _
1D
1H
1X
1\
b11 >
b11 R
b11 -
b11 6
#788
b1101111101100101 ?
b1101111101100101 E
b1101111101100101 J
b11100100000110 A
b11100100000110 I
b11100100000110 K
b1101111101100101 7
b1101111101100101 @
b1101111101100101 M
b1101111101100101 b
b100000001011011 S
b100000001011011 Y
b100000001011011 ^
b11100101001000 U
b11100101001000 ]
b11100101001000 _
b100000001011011 9
b100000001011011 T
b100000001011011 a
b100000001011011 c
b100000001011011 !
0D
0H
0L
0X
0\
0`
b100000001011011 "
b100000001011011 8
b100000001011011 e
b0 >
b0 R
1d
b100 -
b100 6
#789
b1111000011001000 "
b1111000011001000 8
b1111000011001000 e
b1111000011001000 !
b1011111101010 7
b1011111101010 @
b1011111101010 M
b1011111101010 b
b1111000011001000 9
b1111000011001000 T
b1111000011001000 a
b1111000011001000 c
b1011111101010 ?
b1011111101010 E
b1011111101010 J
b1000000001010100 A
b1000000001010100 I
b1000000001010100 K
b1111000011001000 S
b1111000011001000 Y
b1111000011001000 ^
b1111001000110111 U
b1111001000110111 ]
b1111001000110111 _
1D
1H
1X
1\
b1 >
b1 R
b101 -
b101 6
#790
b11100101001000 "
b11100101001000 8
b11100101001000 e
b11100101001000 !
b1101111101100101 ?
b1101111101100101 E
b1101111101100101 J
b11100100000110 A
b11100100000110 I
b11100100000110 K
b11100100000110 7
b11100100000110 @
b11100100000110 M
b11100100000110 b
b100000001011011 S
b100000001011011 Y
b100000001011011 ^
b11100101001000 U
b11100101001000 ]
b11100101001000 _
b11100101001000 9
b11100101001000 T
b11100101001000 a
b11100101001000 c
0D
0H
1L
0X
0\
1`
b10 >
b10 R
b110 -
b110 6
#791
b1111001000110111 "
b1111001000110111 8
b1111001000110111 e
b1111001000110111 !
b1000000001010100 7
b1000000001010100 @
b1000000001010100 M
b1000000001010100 b
b1111001000110111 9
b1111001000110111 T
b1111001000110111 a
b1111001000110111 c
b1011111101010 ?
b1011111101010 E
b1011111101010 J
b1000000001010100 A
b1000000001010100 I
b1000000001010100 K
b1111000011001000 S
b1111000011001000 Y
b1111000011001000 ^
b1111001000110111 U
b1111001000110111 ]
b1111001000110111 _
1D
1H
1X
1\
b11 >
b11 R
b111 -
b111 6
#792
b1111001111111000 !
0D
0H
0L
0X
0\
0`
b1111001111111000 "
b1111001111111000 8
b1111001111111000 e
b1110001110011011 9
b1110001110011011 T
b1110001110011011 a
b1110001110011011 c
b1111001111111000 7
b1111001111111000 @
b1111001111111000 M
b1111001111111000 b
b0 >
b0 R
0d
b101001110110000 U
b101001110110000 ]
b101001110110000 _
b1110001110011011 S
b1110001110011011 Y
b1110001110011011 ^
b1010100101010001 A
b1010100101010001 I
b1010100101010001 K
b1111001111111000 ?
b1111001111111000 E
b1111001111111000 J
b0 -
b0 6
b1000001011111011 +
b1000001011111011 5
b1000001011111011 Q
b1000001011111011 [
b101001110110000 *
b101001110110000 4
b101001110110000 P
b101001110110000 Z
b1101110100110101 (
b1101110100110101 3
b1101110100110101 O
b1101110100110101 W
b1110001110011011 '
b1110001110011011 2
b1110001110011011 N
b1110001110011011 V
b1101010110000011 &
b1101010110000011 1
b1101010110000011 =
b1101010110000011 G
b1010100101010001 %
b1010100101010001 0
b1010100101010001 <
b1010100101010001 F
b11001010110101 $
b11001010110101 /
b11001010110101 ;
b11001010110101 C
b1111001111111000 #
b1111001111111000 .
b1111001111111000 :
b1111001111111000 B
b1100011 ,
#793
b11001010110101 "
b11001010110101 8
b11001010110101 e
b11001010110101 !
b11001010110101 7
b11001010110101 @
b11001010110101 M
b11001010110101 b
b1101110100110101 9
b1101110100110101 T
b1101110100110101 a
b1101110100110101 c
b11001010110101 ?
b11001010110101 E
b11001010110101 J
b1101010110000011 A
b1101010110000011 I
b1101010110000011 K
b1101110100110101 S
b1101110100110101 Y
b1101110100110101 ^
b1000001011111011 U
b1000001011111011 ]
b1000001011111011 _
1D
1H
1X
1\
b1 >
b1 R
b1 -
b1 6
#794
b1010100101010001 "
b1010100101010001 8
b1010100101010001 e
b1010100101010001 !
b1111001111111000 ?
b1111001111111000 E
b1111001111111000 J
b1010100101010001 A
b1010100101010001 I
b1010100101010001 K
b1010100101010001 7
b1010100101010001 @
b1010100101010001 M
b1010100101010001 b
b1110001110011011 S
b1110001110011011 Y
b1110001110011011 ^
b101001110110000 U
b101001110110000 ]
b101001110110000 _
b101001110110000 9
b101001110110000 T
b101001110110000 a
b101001110110000 c
0D
0H
1L
0X
0\
1`
b10 >
b10 R
b10 -
b10 6
#795
b1101010110000011 "
b1101010110000011 8
b1101010110000011 e
b1101010110000011 !
b1101010110000011 7
b1101010110000011 @
b1101010110000011 M
b1101010110000011 b
b1000001011111011 9
b1000001011111011 T
b1000001011111011 a
b1000001011111011 c
b11001010110101 ?
b11001010110101 E
b11001010110101 J
b1101010110000011 A
b1101010110000011 I
b1101010110000011 K
b1101110100110101 S
b1101110100110101 Y
b1101110100110101 ^
b1000001011111011 U
b1000001011111011 ]
b1000001011111011 _
1D
1H
1X
1\
b11 >
b11 R
b11 -
b11 6
#796
b1111001111111000 ?
b1111001111111000 E
b1111001111111000 J
b1010100101010001 A
b1010100101010001 I
b1010100101010001 K
b1111001111111000 7
b1111001111111000 @
b1111001111111000 M
b1111001111111000 b
b1110001110011011 S
b1110001110011011 Y
b1110001110011011 ^
b101001110110000 U
b101001110110000 ]
b101001110110000 _
b1110001110011011 9
b1110001110011011 T
b1110001110011011 a
b1110001110011011 c
b1110001110011011 !
0D
0H
0L
0X
0\
0`
b1110001110011011 "
b1110001110011011 8
b1110001110011011 e
b0 >
b0 R
1d
b100 -
b100 6
#797
b1101110100110101 "
b1101110100110101 8
b1101110100110101 e
b1101110100110101 !
b11001010110101 7
b11001010110101 @
b11001010110101 M
b11001010110101 b
b1101110100110101 9
b1101110100110101 T
b1101110100110101 a
b1101110100110101 c
b11001010110101 ?
b11001010110101 E
b11001010110101 J
b1101010110000011 A
b1101010110000011 I
b1101010110000011 K
b1101110100110101 S
b1101110100110101 Y
b1101110100110101 ^
b1000001011111011 U
b1000001011111011 ]
b1000001011111011 _
1D
1H
1X
1\
b1 >
b1 R
b101 -
b101 6
#798
b101001110110000 "
b101001110110000 8
b101001110110000 e
b101001110110000 !
b1111001111111000 ?
b1111001111111000 E
b1111001111111000 J
b1010100101010001 A
b1010100101010001 I
b1010100101010001 K
b1010100101010001 7
b1010100101010001 @
b1010100101010001 M
b1010100101010001 b
b1110001110011011 S
b1110001110011011 Y
b1110001110011011 ^
b101001110110000 U
b101001110110000 ]
b101001110110000 _
b101001110110000 9
b101001110110000 T
b101001110110000 a
b101001110110000 c
0D
0H
1L
0X
0\
1`
b10 >
b10 R
b110 -
b110 6
#799
b1000001011111011 "
b1000001011111011 8
b1000001011111011 e
b1000001011111011 !
b1101010110000011 7
b1101010110000011 @
b1101010110000011 M
b1101010110000011 b
b1000001011111011 9
b1000001011111011 T
b1000001011111011 a
b1000001011111011 c
b11001010110101 ?
b11001010110101 E
b11001010110101 J
b1101010110000011 A
b1101010110000011 I
b1101010110000011 K
b1101110100110101 S
b1101110100110101 Y
b1101110100110101 ^
b1000001011111011 U
b1000001011111011 ]
b1000001011111011 _
1D
1H
1X
1\
b11 >
b11 R
b111 -
b111 6
#800
b1100100 ,
