#! /home/xpektra/.apio/packages/oss-cad-suite/bin/vvp
:ivl_version "13.0 (devel)" "(s20250103-66-gd67d3323a)";
:ivl_delay_selection "TYPICAL";
:vpi_time_precision - 12;
:vpi_module "/home/xpektra/.apio/packages/oss-cad-suite/lib/ivl/system.vpi";
:vpi_module "/home/xpektra/.apio/packages/oss-cad-suite/lib/ivl/vhdl_sys.vpi";
:vpi_module "/home/xpektra/.apio/packages/oss-cad-suite/lib/ivl/vhdl_textio.vpi";
:vpi_module "/home/xpektra/.apio/packages/oss-cad-suite/lib/ivl/v2005_math.vpi";
:vpi_module "/home/xpektra/.apio/packages/oss-cad-suite/lib/ivl/va_math.vpi";
:vpi_module "/home/xpektra/.apio/packages/oss-cad-suite/lib/ivl/v2009.vpi";
S_0x555556d27890 .scope package, "$unit" "$unit" 2 1;
 .timescale 0 0;
S_0x555556ebba50 .scope module, "ICESTORM_LC" "ICESTORM_LC" 3 2136;
 .timescale -12 -12;
    .port_info 0 /INPUT 1 "I0";
    .port_info 1 /INPUT 1 "I1";
    .port_info 2 /INPUT 1 "I2";
    .port_info 3 /INPUT 1 "I3";
    .port_info 4 /INPUT 1 "CIN";
    .port_info 5 /INPUT 1 "CLK";
    .port_info 6 /INPUT 1 "CEN";
    .port_info 7 /INPUT 1 "SR";
    .port_info 8 /OUTPUT 1 "LO";
    .port_info 9 /OUTPUT 1 "O";
    .port_info 10 /OUTPUT 1 "COUT";
P_0x555556e80480 .param/l "ASYNC_SR" 0 3 2148, C4<0>;
P_0x555556e804c0 .param/l "CARRY_ENABLE" 0 3 2145, C4<0>;
P_0x555556e80500 .param/l "CIN_CONST" 0 3 2150, C4<0>;
P_0x555556e80540 .param/l "CIN_SET" 0 3 2151, C4<0>;
P_0x555556e80580 .param/l "DFF_ENABLE" 0 3 2146, C4<0>;
P_0x555556e805c0 .param/l "LUT_INIT" 0 3 2142, C4<0000000000000000>;
P_0x555556e80600 .param/l "NEG_CLK" 0 3 2144, C4<0>;
P_0x555556e80640 .param/l "SET_NORESET" 0 3 2147, C4<0>;
o0x7f1681f3a078 .functor BUFZ 1, c4<z>; HiZ drive
L_0x555556efaef0 .functor BUFZ 1, o0x7f1681f3a078, C4<0>, C4<0>, C4<0>;
L_0x555556efad60 .functor BUFZ 1, L_0x555556efbb50, C4<0>, C4<0>, C4<0>;
o0x7f1681f3a0a8 .functor BUFZ 1, c4<z>; HiZ drive
L_0x7f1681ad02a0 .functor BUFT 1, C4<0>, C4<0>, C4<0>, C4<0>;
L_0x555556efbdf0 .functor XOR 1, o0x7f1681f3a0a8, L_0x7f1681ad02a0, C4<0>, C4<0>;
L_0x555556efbeb0 .functor BUFZ 1, L_0x555556efbb50, C4<0>, C4<0>, C4<0>;
o0x7f1681f3a018 .functor BUFZ 1, c4<z>; HiZ drive
v0x555556e5cd50_0 .net "CEN", 0 0, o0x7f1681f3a018;  0 drivers
v0x555556e24e40_0 .net "CEN_pu", 0 0, L_0x555556efacc0;  1 drivers
v0x555556e23ef0_0 .net "CIN", 0 0, o0x7f1681f3a078;  0 drivers
v0x555556e22fa0_0 .net "CLK", 0 0, o0x7f1681f3a0a8;  0 drivers
L_0x7f1681ad01c8 .functor BUFT 1, C4<x>, C4<0>, C4<0>, C4<0>;
v0x555556e22050_0 .net "COUT", 0 0, L_0x7f1681ad01c8;  1 drivers
o0x7f1681f3a108 .functor BUFZ 1, c4<z>; HiZ drive
v0x555556e21100_0 .net "I0", 0 0, o0x7f1681f3a108;  0 drivers
v0x555556e201b0_0 .net "I0_pd", 0 0, L_0x555556ef9f30;  1 drivers
o0x7f1681f3a168 .functor BUFZ 1, c4<z>; HiZ drive
v0x555556c92f70_0 .net "I1", 0 0, o0x7f1681f3a168;  0 drivers
v0x555556c93030_0 .net "I1_pd", 0 0, L_0x555556efa1c0;  1 drivers
o0x7f1681f3a1c8 .functor BUFZ 1, c4<z>; HiZ drive
v0x555556c9b370_0 .net "I2", 0 0, o0x7f1681f3a1c8;  0 drivers
v0x555556c9b430_0 .net "I2_pd", 0 0, L_0x555556efa4b0;  1 drivers
o0x7f1681f3a228 .functor BUFZ 1, c4<z>; HiZ drive
v0x555556c9b4f0_0 .net "I3", 0 0, o0x7f1681f3a228;  0 drivers
v0x555556c9b5b0_0 .net "I3_pd", 0 0, L_0x555556efa750;  1 drivers
v0x555556c9b670_0 .net "LO", 0 0, L_0x555556efad60;  1 drivers
v0x555556c9b730_0 .net "O", 0 0, L_0x555556efbeb0;  1 drivers
o0x7f1681f3a2e8 .functor BUFZ 1, c4<z>; HiZ drive
v0x555556c9b7f0_0 .net "SR", 0 0, o0x7f1681f3a2e8;  0 drivers
v0x555556c977d0_0 .net "SR_pd", 0 0, L_0x555556efaa50;  1 drivers
o0x7f1681f3a348 .functor BUFZ 1, c4<z>; HiZ drive
; Elide local net with no drivers, v0x555556c979a0_0 name=_ivl_0
v0x555556c97a80_0 .net *"_ivl_10", 0 0, L_0x555556efa0f0;  1 drivers
L_0x7f1681ad0060 .functor BUFT 1, C4<0>, C4<0>, C4<0>, C4<0>;
v0x555556c97b40_0 .net/2u *"_ivl_12", 0 0, L_0x7f1681ad0060;  1 drivers
o0x7f1681f3a3d8 .functor BUFZ 1, c4<z>; HiZ drive
; Elide local net with no drivers, v0x555556c97c20_0 name=_ivl_16
v0x555556c9d260_0 .net *"_ivl_18", 0 0, L_0x555556efa3b0;  1 drivers
v0x555556c9d300_0 .net *"_ivl_2", 0 0, L_0x555556ef9e00;  1 drivers
L_0x7f1681ad00a8 .functor BUFT 1, C4<0>, C4<0>, C4<0>, C4<0>;
v0x555556c9d3c0_0 .net/2u *"_ivl_20", 0 0, L_0x7f1681ad00a8;  1 drivers
o0x7f1681f3a498 .functor BUFZ 1, c4<z>; HiZ drive
; Elide local net with no drivers, v0x555556c9d4a0_0 name=_ivl_24
v0x555556c9d580_0 .net *"_ivl_26", 0 0, L_0x555556efa680;  1 drivers
L_0x7f1681ad00f0 .functor BUFT 1, C4<0>, C4<0>, C4<0>, C4<0>;
v0x555556c9d640_0 .net/2u *"_ivl_28", 0 0, L_0x7f1681ad00f0;  1 drivers
o0x7f1681f3a528 .functor BUFZ 1, c4<z>; HiZ drive
; Elide local net with no drivers, v0x555556c996c0_0 name=_ivl_32
v0x555556c997a0_0 .net *"_ivl_34", 0 0, L_0x555556efa960;  1 drivers
L_0x7f1681ad0138 .functor BUFT 1, C4<0>, C4<0>, C4<0>, C4<0>;
v0x555556c99860_0 .net/2u *"_ivl_36", 0 0, L_0x7f1681ad0138;  1 drivers
L_0x7f1681ad0018 .functor BUFT 1, C4<0>, C4<0>, C4<0>, C4<0>;
v0x555556c99940_0 .net/2u *"_ivl_4", 0 0, L_0x7f1681ad0018;  1 drivers
o0x7f1681f3a5e8 .functor BUFZ 1, c4<z>; HiZ drive
; Elide local net with no drivers, v0x555556c99a20_0 name=_ivl_40
v0x555556c99b00_0 .net *"_ivl_42", 0 0, L_0x555556efabf0;  1 drivers
L_0x7f1681ad0180 .functor BUFT 1, C4<1>, C4<0>, C4<0>, C4<0>;
v0x555556c8ffc0_0 .net/2u *"_ivl_44", 0 0, L_0x7f1681ad0180;  1 drivers
L_0x7f1681ad0210 .functor BUFT 1, C4<00000000>, C4<0>, C4<0>, C4<0>;
v0x555556c900a0_0 .net/2u *"_ivl_52", 7 0, L_0x7f1681ad0210;  1 drivers
L_0x7f1681ad0258 .functor BUFT 1, C4<00000000>, C4<0>, C4<0>, C4<0>;
v0x555556c90180_0 .net/2u *"_ivl_54", 7 0, L_0x7f1681ad0258;  1 drivers
v0x555556c8ea40_0 .net *"_ivl_59", 3 0, L_0x555556efb1c0;  1 drivers
v0x555556c8eb20_0 .net *"_ivl_61", 3 0, L_0x555556efb330;  1 drivers
v0x555556c8ec00_0 .net *"_ivl_65", 1 0, L_0x555556efb5f0;  1 drivers
v0x555556c8ece0_0 .net *"_ivl_67", 1 0, L_0x555556efb6e0;  1 drivers
v0x555556c8edc0_0 .net *"_ivl_71", 0 0, L_0x555556efb9b0;  1 drivers
v0x555556c8eea0_0 .net *"_ivl_73", 0 0, L_0x555556efb780;  1 drivers
v0x555556c8aea0_0 .net/2u *"_ivl_78", 0 0, L_0x7f1681ad02a0;  1 drivers
o0x7f1681f3a828 .functor BUFZ 1, c4<z>; HiZ drive
; Elide local net with no drivers, v0x555556c8af80_0 name=_ivl_8
v0x555556c8b060_0 .net "lut_o", 0 0, L_0x555556efbb50;  1 drivers
v0x555556c8b120_0 .net "lut_s1", 1 0, L_0x555556efb820;  1 drivers
v0x555556c8b200_0 .net "lut_s2", 3 0, L_0x555556efb3d0;  1 drivers
v0x555556c8b2e0_0 .net "lut_s3", 7 0, L_0x555556efb050;  1 drivers
v0x555556c872b0_0 .net "mux_cin", 0 0, L_0x555556efaef0;  1 drivers
v0x555556c87370_0 .var "o_reg", 0 0;
v0x555556c87430_0 .var "o_reg_async", 0 0;
v0x555556c874f0_0 .net "polarized_clk", 0 0, L_0x555556efbdf0;  1 drivers
E_0x555556e98bb0 .event posedge, v0x555556c977d0_0, v0x555556c874f0_0;
E_0x555556e69df0 .event posedge, v0x555556c874f0_0;
L_0x555556ef9e00 .cmp/eeq 1, o0x7f1681f3a108, o0x7f1681f3a348;
L_0x555556ef9f30 .functor MUXZ 1, o0x7f1681f3a108, L_0x7f1681ad0018, L_0x555556ef9e00, C4<>;
L_0x555556efa0f0 .cmp/eeq 1, o0x7f1681f3a168, o0x7f1681f3a828;
L_0x555556efa1c0 .functor MUXZ 1, o0x7f1681f3a168, L_0x7f1681ad0060, L_0x555556efa0f0, C4<>;
L_0x555556efa3b0 .cmp/eeq 1, o0x7f1681f3a1c8, o0x7f1681f3a3d8;
L_0x555556efa4b0 .functor MUXZ 1, o0x7f1681f3a1c8, L_0x7f1681ad00a8, L_0x555556efa3b0, C4<>;
L_0x555556efa680 .cmp/eeq 1, o0x7f1681f3a228, o0x7f1681f3a498;
L_0x555556efa750 .functor MUXZ 1, o0x7f1681f3a228, L_0x7f1681ad00f0, L_0x555556efa680, C4<>;
L_0x555556efa960 .cmp/eeq 1, o0x7f1681f3a2e8, o0x7f1681f3a528;
L_0x555556efaa50 .functor MUXZ 1, o0x7f1681f3a2e8, L_0x7f1681ad0138, L_0x555556efa960, C4<>;
L_0x555556efabf0 .cmp/eeq 1, o0x7f1681f3a018, o0x7f1681f3a5e8;
L_0x555556efacc0 .functor MUXZ 1, o0x7f1681f3a018, L_0x7f1681ad0180, L_0x555556efabf0, C4<>;
L_0x555556efb050 .functor MUXZ 8, L_0x7f1681ad0258, L_0x7f1681ad0210, L_0x555556efa750, C4<>;
L_0x555556efb1c0 .part L_0x555556efb050, 4, 4;
L_0x555556efb330 .part L_0x555556efb050, 0, 4;
L_0x555556efb3d0 .functor MUXZ 4, L_0x555556efb330, L_0x555556efb1c0, L_0x555556efa4b0, C4<>;
L_0x555556efb5f0 .part L_0x555556efb3d0, 2, 2;
L_0x555556efb6e0 .part L_0x555556efb3d0, 0, 2;
L_0x555556efb820 .functor MUXZ 2, L_0x555556efb6e0, L_0x555556efb5f0, L_0x555556efa1c0, C4<>;
L_0x555556efb9b0 .part L_0x555556efb820, 1, 1;
L_0x555556efb780 .part L_0x555556efb820, 0, 1;
L_0x555556efbb50 .functor MUXZ 1, L_0x555556efb780, L_0x555556efb9b0, L_0x555556ef9f30, C4<>;
S_0x555556e82fe0 .scope module, "ICESTORM_RAM" "ICESTORM_RAM" 3 3167;
 .timescale -12 -12;
    .port_info 0 /OUTPUT 1 "RDATA_15";
    .port_info 1 /OUTPUT 1 "RDATA_14";
    .port_info 2 /OUTPUT 1 "RDATA_13";
    .port_info 3 /OUTPUT 1 "RDATA_12";
    .port_info 4 /OUTPUT 1 "RDATA_11";
    .port_info 5 /OUTPUT 1 "RDATA_10";
    .port_info 6 /OUTPUT 1 "RDATA_9";
    .port_info 7 /OUTPUT 1 "RDATA_8";
    .port_info 8 /OUTPUT 1 "RDATA_7";
    .port_info 9 /OUTPUT 1 "RDATA_6";
    .port_info 10 /OUTPUT 1 "RDATA_5";
    .port_info 11 /OUTPUT 1 "RDATA_4";
    .port_info 12 /OUTPUT 1 "RDATA_3";
    .port_info 13 /OUTPUT 1 "RDATA_2";
    .port_info 14 /OUTPUT 1 "RDATA_1";
    .port_info 15 /OUTPUT 1 "RDATA_0";
    .port_info 16 /INPUT 1 "RCLK";
    .port_info 17 /INPUT 1 "RCLKE";
    .port_info 18 /INPUT 1 "RE";
    .port_info 19 /INPUT 1 "RADDR_10";
    .port_info 20 /INPUT 1 "RADDR_9";
    .port_info 21 /INPUT 1 "RADDR_8";
    .port_info 22 /INPUT 1 "RADDR_7";
    .port_info 23 /INPUT 1 "RADDR_6";
    .port_info 24 /INPUT 1 "RADDR_5";
    .port_info 25 /INPUT 1 "RADDR_4";
    .port_info 26 /INPUT 1 "RADDR_3";
    .port_info 27 /INPUT 1 "RADDR_2";
    .port_info 28 /INPUT 1 "RADDR_1";
    .port_info 29 /INPUT 1 "RADDR_0";
    .port_info 30 /INPUT 1 "WCLK";
    .port_info 31 /INPUT 1 "WCLKE";
    .port_info 32 /INPUT 1 "WE";
    .port_info 33 /INPUT 1 "WADDR_10";
    .port_info 34 /INPUT 1 "WADDR_9";
    .port_info 35 /INPUT 1 "WADDR_8";
    .port_info 36 /INPUT 1 "WADDR_7";
    .port_info 37 /INPUT 1 "WADDR_6";
    .port_info 38 /INPUT 1 "WADDR_5";
    .port_info 39 /INPUT 1 "WADDR_4";
    .port_info 40 /INPUT 1 "WADDR_3";
    .port_info 41 /INPUT 1 "WADDR_2";
    .port_info 42 /INPUT 1 "WADDR_1";
    .port_info 43 /INPUT 1 "WADDR_0";
    .port_info 44 /INPUT 1 "MASK_15";
    .port_info 45 /INPUT 1 "MASK_14";
    .port_info 46 /INPUT 1 "MASK_13";
    .port_info 47 /INPUT 1 "MASK_12";
    .port_info 48 /INPUT 1 "MASK_11";
    .port_info 49 /INPUT 1 "MASK_10";
    .port_info 50 /INPUT 1 "MASK_9";
    .port_info 51 /INPUT 1 "MASK_8";
    .port_info 52 /INPUT 1 "MASK_7";
    .port_info 53 /INPUT 1 "MASK_6";
    .port_info 54 /INPUT 1 "MASK_5";
    .port_info 55 /INPUT 1 "MASK_4";
    .port_info 56 /INPUT 1 "MASK_3";
    .port_info 57 /INPUT 1 "MASK_2";
    .port_info 58 /INPUT 1 "MASK_1";
    .port_info 59 /INPUT 1 "MASK_0";
    .port_info 60 /INPUT 1 "WDATA_15";
    .port_info 61 /INPUT 1 "WDATA_14";
    .port_info 62 /INPUT 1 "WDATA_13";
    .port_info 63 /INPUT 1 "WDATA_12";
    .port_info 64 /INPUT 1 "WDATA_11";
    .port_info 65 /INPUT 1 "WDATA_10";
    .port_info 66 /INPUT 1 "WDATA_9";
    .port_info 67 /INPUT 1 "WDATA_8";
    .port_info 68 /INPUT 1 "WDATA_7";
    .port_info 69 /INPUT 1 "WDATA_6";
    .port_info 70 /INPUT 1 "WDATA_5";
    .port_info 71 /INPUT 1 "WDATA_4";
    .port_info 72 /INPUT 1 "WDATA_3";
    .port_info 73 /INPUT 1 "WDATA_2";
    .port_info 74 /INPUT 1 "WDATA_1";
    .port_info 75 /INPUT 1 "WDATA_0";
P_0x555556c7d100 .param/l "INIT_0" 0 3 3182, C4<0000000000000000000000000000000000000000000000000000000000000000000000000000000000000000000000000000000000000000000000000000000000000000000000000000000000000000000000000000000000000000000000000000000000000000000000000000000000000000000000000000000000000000>;
P_0x555556c7d140 .param/l "INIT_1" 0 3 3183, C4<0000000000000000000000000000000000000000000000000000000000000000000000000000000000000000000000000000000000000000000000000000000000000000000000000000000000000000000000000000000000000000000000000000000000000000000000000000000000000000000000000000000000000000>;
P_0x555556c7d180 .param/l "INIT_2" 0 3 3184, C4<0000000000000000000000000000000000000000000000000000000000000000000000000000000000000000000000000000000000000000000000000000000000000000000000000000000000000000000000000000000000000000000000000000000000000000000000000000000000000000000000000000000000000000>;
P_0x555556c7d1c0 .param/l "INIT_3" 0 3 3185, C4<0000000000000000000000000000000000000000000000000000000000000000000000000000000000000000000000000000000000000000000000000000000000000000000000000000000000000000000000000000000000000000000000000000000000000000000000000000000000000000000000000000000000000000>;
P_0x555556c7d200 .param/l "INIT_4" 0 3 3186, C4<0000000000000000000000000000000000000000000000000000000000000000000000000000000000000000000000000000000000000000000000000000000000000000000000000000000000000000000000000000000000000000000000000000000000000000000000000000000000000000000000000000000000000000>;
P_0x555556c7d240 .param/l "INIT_5" 0 3 3187, C4<0000000000000000000000000000000000000000000000000000000000000000000000000000000000000000000000000000000000000000000000000000000000000000000000000000000000000000000000000000000000000000000000000000000000000000000000000000000000000000000000000000000000000000>;
P_0x555556c7d280 .param/l "INIT_6" 0 3 3188, C4<0000000000000000000000000000000000000000000000000000000000000000000000000000000000000000000000000000000000000000000000000000000000000000000000000000000000000000000000000000000000000000000000000000000000000000000000000000000000000000000000000000000000000000>;
P_0x555556c7d2c0 .param/l "INIT_7" 0 3 3189, C4<0000000000000000000000000000000000000000000000000000000000000000000000000000000000000000000000000000000000000000000000000000000000000000000000000000000000000000000000000000000000000000000000000000000000000000000000000000000000000000000000000000000000000000>;
P_0x555556c7d300 .param/l "INIT_8" 0 3 3190, C4<0000000000000000000000000000000000000000000000000000000000000000000000000000000000000000000000000000000000000000000000000000000000000000000000000000000000000000000000000000000000000000000000000000000000000000000000000000000000000000000000000000000000000000>;
P_0x555556c7d340 .param/l "INIT_9" 0 3 3191, C4<0000000000000000000000000000000000000000000000000000000000000000000000000000000000000000000000000000000000000000000000000000000000000000000000000000000000000000000000000000000000000000000000000000000000000000000000000000000000000000000000000000000000000000>;
P_0x555556c7d380 .param/l "INIT_A" 0 3 3192, C4<0000000000000000000000000000000000000000000000000000000000000000000000000000000000000000000000000000000000000000000000000000000000000000000000000000000000000000000000000000000000000000000000000000000000000000000000000000000000000000000000000000000000000000>;
P_0x555556c7d3c0 .param/l "INIT_B" 0 3 3193, C4<0000000000000000000000000000000000000000000000000000000000000000000000000000000000000000000000000000000000000000000000000000000000000000000000000000000000000000000000000000000000000000000000000000000000000000000000000000000000000000000000000000000000000000>;
P_0x555556c7d400 .param/l "INIT_C" 0 3 3194, C4<0000000000000000000000000000000000000000000000000000000000000000000000000000000000000000000000000000000000000000000000000000000000000000000000000000000000000000000000000000000000000000000000000000000000000000000000000000000000000000000000000000000000000000>;
P_0x555556c7d440 .param/l "INIT_D" 0 3 3195, C4<0000000000000000000000000000000000000000000000000000000000000000000000000000000000000000000000000000000000000000000000000000000000000000000000000000000000000000000000000000000000000000000000000000000000000000000000000000000000000000000000000000000000000000>;
P_0x555556c7d480 .param/l "INIT_E" 0 3 3196, C4<0000000000000000000000000000000000000000000000000000000000000000000000000000000000000000000000000000000000000000000000000000000000000000000000000000000000000000000000000000000000000000000000000000000000000000000000000000000000000000000000000000000000000000>;
P_0x555556c7d4c0 .param/l "INIT_F" 0 3 3197, C4<0000000000000000000000000000000000000000000000000000000000000000000000000000000000000000000000000000000000000000000000000000000000000000000000000000000000000000000000000000000000000000000000000000000000000000000000000000000000000000000000000000000000000000>;
P_0x555556c7d500 .param/l "NEG_CLK_R" 0 3 3179, C4<0>;
P_0x555556c7d540 .param/l "NEG_CLK_W" 0 3 3180, C4<0>;
P_0x555556c7d580 .param/l "READ_MODE" 0 3 3177, +C4<00000000000000000000000000000000>;
P_0x555556c7d5c0 .param/l "WRITE_MODE" 0 3 3176, +C4<00000000000000000000000000000000>;
L_0x7f1681ad0330 .functor BUFT 1, C4<0>, C4<0>, C4<0>, C4<0>;
L_0x555556f0cbb0 .functor XOR 1, L_0x555556f0d280, L_0x7f1681ad0330, C4<0>, C4<0>;
L_0x7f1681ad0378 .functor BUFT 1, C4<0>, C4<0>, C4<0>, C4<0>;
L_0x555556f0ebf0 .functor XOR 1, L_0x555556f0ea40, L_0x7f1681ad0378, C4<0>, C4<0>;
o0x7f1681f3b1b8 .functor BUFZ 1, c4<z>; HiZ drive
v0x555556ec21e0_0 .net "MASK_0", 0 0, o0x7f1681f3b1b8;  0 drivers
o0x7f1681f3b1e8 .functor BUFZ 1, c4<z>; HiZ drive
v0x555556ec22c0_0 .net "MASK_1", 0 0, o0x7f1681f3b1e8;  0 drivers
o0x7f1681f3b218 .functor BUFZ 1, c4<z>; HiZ drive
v0x555556ec2380_0 .net "MASK_10", 0 0, o0x7f1681f3b218;  0 drivers
o0x7f1681f3b248 .functor BUFZ 1, c4<z>; HiZ drive
v0x555556ec2450_0 .net "MASK_11", 0 0, o0x7f1681f3b248;  0 drivers
o0x7f1681f3b278 .functor BUFZ 1, c4<z>; HiZ drive
v0x555556ec2510_0 .net "MASK_12", 0 0, o0x7f1681f3b278;  0 drivers
o0x7f1681f3b2a8 .functor BUFZ 1, c4<z>; HiZ drive
v0x555556ec2620_0 .net "MASK_13", 0 0, o0x7f1681f3b2a8;  0 drivers
o0x7f1681f3b2d8 .functor BUFZ 1, c4<z>; HiZ drive
v0x555556ec26e0_0 .net "MASK_14", 0 0, o0x7f1681f3b2d8;  0 drivers
o0x7f1681f3b308 .functor BUFZ 1, c4<z>; HiZ drive
v0x555556ec27a0_0 .net "MASK_15", 0 0, o0x7f1681f3b308;  0 drivers
o0x7f1681f3b338 .functor BUFZ 1, c4<z>; HiZ drive
v0x555556ec2860_0 .net "MASK_2", 0 0, o0x7f1681f3b338;  0 drivers
o0x7f1681f3b368 .functor BUFZ 1, c4<z>; HiZ drive
v0x555556ec2920_0 .net "MASK_3", 0 0, o0x7f1681f3b368;  0 drivers
o0x7f1681f3b398 .functor BUFZ 1, c4<z>; HiZ drive
v0x555556ec29e0_0 .net "MASK_4", 0 0, o0x7f1681f3b398;  0 drivers
o0x7f1681f3b3c8 .functor BUFZ 1, c4<z>; HiZ drive
v0x555556ec2aa0_0 .net "MASK_5", 0 0, o0x7f1681f3b3c8;  0 drivers
o0x7f1681f3b3f8 .functor BUFZ 1, c4<z>; HiZ drive
v0x555556ec2b60_0 .net "MASK_6", 0 0, o0x7f1681f3b3f8;  0 drivers
o0x7f1681f3b428 .functor BUFZ 1, c4<z>; HiZ drive
v0x555556ec2c20_0 .net "MASK_7", 0 0, o0x7f1681f3b428;  0 drivers
o0x7f1681f3b458 .functor BUFZ 1, c4<z>; HiZ drive
v0x555556ec2ce0_0 .net "MASK_8", 0 0, o0x7f1681f3b458;  0 drivers
o0x7f1681f3b488 .functor BUFZ 1, c4<z>; HiZ drive
v0x555556ec2da0_0 .net "MASK_9", 0 0, o0x7f1681f3b488;  0 drivers
o0x7f1681f3b4b8 .functor BUFZ 1, c4<z>; HiZ drive
v0x555556ec2e60_0 .net "RADDR_0", 0 0, o0x7f1681f3b4b8;  0 drivers
o0x7f1681f3b4e8 .functor BUFZ 1, c4<z>; HiZ drive
v0x555556ec3030_0 .net "RADDR_1", 0 0, o0x7f1681f3b4e8;  0 drivers
o0x7f1681f3b518 .functor BUFZ 1, c4<z>; HiZ drive
v0x555556ec30f0_0 .net "RADDR_10", 0 0, o0x7f1681f3b518;  0 drivers
o0x7f1681f3b548 .functor BUFZ 1, c4<z>; HiZ drive
v0x555556ec31b0_0 .net "RADDR_2", 0 0, o0x7f1681f3b548;  0 drivers
o0x7f1681f3b578 .functor BUFZ 1, c4<z>; HiZ drive
v0x555556ec3270_0 .net "RADDR_3", 0 0, o0x7f1681f3b578;  0 drivers
o0x7f1681f3b5a8 .functor BUFZ 1, c4<z>; HiZ drive
v0x555556ec3330_0 .net "RADDR_4", 0 0, o0x7f1681f3b5a8;  0 drivers
o0x7f1681f3b5d8 .functor BUFZ 1, c4<z>; HiZ drive
v0x555556ec33f0_0 .net "RADDR_5", 0 0, o0x7f1681f3b5d8;  0 drivers
o0x7f1681f3b608 .functor BUFZ 1, c4<z>; HiZ drive
v0x555556ec34b0_0 .net "RADDR_6", 0 0, o0x7f1681f3b608;  0 drivers
o0x7f1681f3b638 .functor BUFZ 1, c4<z>; HiZ drive
v0x555556ec3570_0 .net "RADDR_7", 0 0, o0x7f1681f3b638;  0 drivers
o0x7f1681f3b668 .functor BUFZ 1, c4<z>; HiZ drive
v0x555556ec3630_0 .net "RADDR_8", 0 0, o0x7f1681f3b668;  0 drivers
o0x7f1681f3b698 .functor BUFZ 1, c4<z>; HiZ drive
v0x555556ec36f0_0 .net "RADDR_9", 0 0, o0x7f1681f3b698;  0 drivers
o0x7f1681f3b6c8 .functor BUFZ 1, c4<z>; HiZ drive
v0x555556ec37b0_0 .net "RCLK", 0 0, o0x7f1681f3b6c8;  0 drivers
o0x7f1681f3b6f8 .functor BUFZ 1, c4<z>; HiZ drive
v0x555556ec3870_0 .net "RCLKE", 0 0, o0x7f1681f3b6f8;  0 drivers
v0x555556ec3930_0 .net "RDATA_0", 0 0, L_0x555556f0d120;  1 drivers
v0x555556ec39f0_0 .net "RDATA_1", 0 0, L_0x555556f0ce40;  1 drivers
v0x555556ec3ab0_0 .net "RDATA_10", 0 0, L_0x555556f0c540;  1 drivers
v0x555556ec3b70_0 .net "RDATA_11", 0 0, L_0x555556f0c470;  1 drivers
v0x555556ec3e40_0 .net "RDATA_12", 0 0, L_0x555556f0c370;  1 drivers
v0x555556ec3f00_0 .net "RDATA_13", 0 0, L_0x555556f0c2a0;  1 drivers
v0x555556ec3fc0_0 .net "RDATA_14", 0 0, L_0x555556f0c1d0;  1 drivers
v0x555556ec4080_0 .net "RDATA_15", 0 0, L_0x555556f0c0b0;  1 drivers
v0x555556ec4140_0 .net "RDATA_2", 0 0, L_0x555556f0ccf0;  1 drivers
v0x555556ec4200_0 .net "RDATA_3", 0 0, L_0x555556f0cc20;  1 drivers
v0x555556ec42c0_0 .net "RDATA_4", 0 0, L_0x555556f0cae0;  1 drivers
v0x555556ec4380_0 .net "RDATA_5", 0 0, L_0x555556f0ca10;  1 drivers
v0x555556ec4440_0 .net "RDATA_6", 0 0, L_0x555556f0c8e0;  1 drivers
v0x555556ec4500_0 .net "RDATA_7", 0 0, L_0x555556f0c810;  1 drivers
v0x555556ec45c0_0 .net "RDATA_8", 0 0, L_0x555556f0c6f0;  1 drivers
v0x555556ec4680_0 .net "RDATA_9", 0 0, L_0x555556f0c650;  1 drivers
o0x7f1681f3ba28 .functor BUFZ 1, c4<z>; HiZ drive
v0x555556ec4740_0 .net "RE", 0 0, o0x7f1681f3ba28;  0 drivers
o0x7f1681f3ba58 .functor BUFZ 1, c4<z>; HiZ drive
v0x555556ec4800_0 .net "WADDR_0", 0 0, o0x7f1681f3ba58;  0 drivers
o0x7f1681f3ba88 .functor BUFZ 1, c4<z>; HiZ drive
v0x555556ec48c0_0 .net "WADDR_1", 0 0, o0x7f1681f3ba88;  0 drivers
o0x7f1681f3bab8 .functor BUFZ 1, c4<z>; HiZ drive
v0x555556ec4980_0 .net "WADDR_10", 0 0, o0x7f1681f3bab8;  0 drivers
o0x7f1681f3bae8 .functor BUFZ 1, c4<z>; HiZ drive
v0x555556ec4a40_0 .net "WADDR_2", 0 0, o0x7f1681f3bae8;  0 drivers
o0x7f1681f3bb18 .functor BUFZ 1, c4<z>; HiZ drive
v0x555556ec4b00_0 .net "WADDR_3", 0 0, o0x7f1681f3bb18;  0 drivers
o0x7f1681f3bb48 .functor BUFZ 1, c4<z>; HiZ drive
v0x555556ec4bc0_0 .net "WADDR_4", 0 0, o0x7f1681f3bb48;  0 drivers
o0x7f1681f3bb78 .functor BUFZ 1, c4<z>; HiZ drive
v0x555556ec4c80_0 .net "WADDR_5", 0 0, o0x7f1681f3bb78;  0 drivers
o0x7f1681f3bba8 .functor BUFZ 1, c4<z>; HiZ drive
v0x555556ec4d40_0 .net "WADDR_6", 0 0, o0x7f1681f3bba8;  0 drivers
o0x7f1681f3bbd8 .functor BUFZ 1, c4<z>; HiZ drive
v0x555556ec4e00_0 .net "WADDR_7", 0 0, o0x7f1681f3bbd8;  0 drivers
o0x7f1681f3bc08 .functor BUFZ 1, c4<z>; HiZ drive
v0x555556ec4ec0_0 .net "WADDR_8", 0 0, o0x7f1681f3bc08;  0 drivers
o0x7f1681f3bc38 .functor BUFZ 1, c4<z>; HiZ drive
v0x555556ec4f80_0 .net "WADDR_9", 0 0, o0x7f1681f3bc38;  0 drivers
o0x7f1681f3bc68 .functor BUFZ 1, c4<z>; HiZ drive
v0x555556ec5040_0 .net "WCLK", 0 0, o0x7f1681f3bc68;  0 drivers
o0x7f1681f3bc98 .functor BUFZ 1, c4<z>; HiZ drive
v0x555556ec5100_0 .net "WCLKE", 0 0, o0x7f1681f3bc98;  0 drivers
o0x7f1681f3bcc8 .functor BUFZ 1, c4<z>; HiZ drive
v0x555556ec51c0_0 .net "WDATA_0", 0 0, o0x7f1681f3bcc8;  0 drivers
o0x7f1681f3bcf8 .functor BUFZ 1, c4<z>; HiZ drive
v0x555556ec5280_0 .net "WDATA_1", 0 0, o0x7f1681f3bcf8;  0 drivers
o0x7f1681f3bd28 .functor BUFZ 1, c4<z>; HiZ drive
v0x555556ec5340_0 .net "WDATA_10", 0 0, o0x7f1681f3bd28;  0 drivers
o0x7f1681f3bd58 .functor BUFZ 1, c4<z>; HiZ drive
v0x555556ec5400_0 .net "WDATA_11", 0 0, o0x7f1681f3bd58;  0 drivers
o0x7f1681f3bd88 .functor BUFZ 1, c4<z>; HiZ drive
v0x555556ec54c0_0 .net "WDATA_12", 0 0, o0x7f1681f3bd88;  0 drivers
o0x7f1681f3bdb8 .functor BUFZ 1, c4<z>; HiZ drive
v0x555556ec5580_0 .net "WDATA_13", 0 0, o0x7f1681f3bdb8;  0 drivers
o0x7f1681f3bde8 .functor BUFZ 1, c4<z>; HiZ drive
v0x555556ec5640_0 .net "WDATA_14", 0 0, o0x7f1681f3bde8;  0 drivers
o0x7f1681f3be18 .functor BUFZ 1, c4<z>; HiZ drive
v0x555556ec5700_0 .net "WDATA_15", 0 0, o0x7f1681f3be18;  0 drivers
o0x7f1681f3be48 .functor BUFZ 1, c4<z>; HiZ drive
v0x555556ec57c0_0 .net "WDATA_2", 0 0, o0x7f1681f3be48;  0 drivers
o0x7f1681f3be78 .functor BUFZ 1, c4<z>; HiZ drive
v0x555556ec5880_0 .net "WDATA_3", 0 0, o0x7f1681f3be78;  0 drivers
o0x7f1681f3bea8 .functor BUFZ 1, c4<z>; HiZ drive
v0x555556ec5940_0 .net "WDATA_4", 0 0, o0x7f1681f3bea8;  0 drivers
o0x7f1681f3bed8 .functor BUFZ 1, c4<z>; HiZ drive
v0x555556ec5a00_0 .net "WDATA_5", 0 0, o0x7f1681f3bed8;  0 drivers
o0x7f1681f3bf08 .functor BUFZ 1, c4<z>; HiZ drive
v0x555556ec5ac0_0 .net "WDATA_6", 0 0, o0x7f1681f3bf08;  0 drivers
o0x7f1681f3bf38 .functor BUFZ 1, c4<z>; HiZ drive
v0x555556ec5b80_0 .net "WDATA_7", 0 0, o0x7f1681f3bf38;  0 drivers
o0x7f1681f3bf68 .functor BUFZ 1, c4<z>; HiZ drive
v0x555556ec5c40_0 .net "WDATA_8", 0 0, o0x7f1681f3bf68;  0 drivers
o0x7f1681f3bf98 .functor BUFZ 1, c4<z>; HiZ drive
v0x555556ec5d00_0 .net "WDATA_9", 0 0, o0x7f1681f3bf98;  0 drivers
o0x7f1681f3bfc8 .functor BUFZ 1, c4<z>; HiZ drive
v0x555556ec5dc0_0 .net "WE", 0 0, o0x7f1681f3bfc8;  0 drivers
v0x555556ec5e80_0 .net *"_ivl_100", 0 0, L_0x555556f11000;  1 drivers
v0x555556ec5f60_0 .net *"_ivl_102", 0 0, L_0x555556f10d50;  1 drivers
v0x555556ec6040_0 .net *"_ivl_104", 0 0, L_0x555556f10e50;  1 drivers
v0x555556ec6120_0 .net *"_ivl_106", 0 0, L_0x555556f114f0;  1 drivers
v0x555556ec6200_0 .net *"_ivl_108", 0 0, L_0x555556f115f0;  1 drivers
v0x555556ec62e0_0 .net *"_ivl_110", 0 0, L_0x555556f118d0;  1 drivers
v0x555556ec63c0_0 .net *"_ivl_112", 0 0, L_0x555556f119d0;  1 drivers
v0x555556ec64a0_0 .net *"_ivl_114", 0 0, L_0x555556f11cc0;  1 drivers
v0x555556ec6580_0 .net *"_ivl_116", 0 0, L_0x555556f11dc0;  1 drivers
v0x555556ec6660_0 .net *"_ivl_120", 0 0, L_0x555556f126b0;  1 drivers
v0x555556ec6740_0 .net *"_ivl_122", 0 0, L_0x555556f12960;  1 drivers
v0x555556ec6820_0 .net *"_ivl_124", 0 0, L_0x555556f12a00;  1 drivers
v0x555556ec6900_0 .net *"_ivl_126", 0 0, L_0x555556f12cc0;  1 drivers
v0x555556ec69e0_0 .net *"_ivl_128", 0 0, L_0x555556f12d60;  1 drivers
v0x555556ec6ac0_0 .net *"_ivl_130", 0 0, L_0x555556f13030;  1 drivers
v0x555556ec6ba0_0 .net *"_ivl_132", 0 0, L_0x555556f130d0;  1 drivers
v0x555556ec6c80_0 .net *"_ivl_134", 0 0, L_0x555556f133b0;  1 drivers
v0x555556ec6d60_0 .net *"_ivl_136", 0 0, L_0x555556f13450;  1 drivers
v0x555556ec6e40_0 .net *"_ivl_138", 0 0, L_0x555556f13770;  1 drivers
v0x555556ec6f20_0 .net *"_ivl_140", 0 0, L_0x555556f13870;  1 drivers
v0x555556ec7000_0 .net *"_ivl_142", 0 0, L_0x555556f13bd0;  1 drivers
v0x555556ec70e0_0 .net *"_ivl_144", 0 0, L_0x555556f13cd0;  1 drivers
v0x555556ec71c0_0 .net *"_ivl_146", 0 0, L_0x555556f14040;  1 drivers
v0x555556ec72a0_0 .net *"_ivl_148", 0 0, L_0x555556f14140;  1 drivers
v0x555556ec7380_0 .net *"_ivl_150", 0 0, L_0x555556f144c0;  1 drivers
v0x555556ec7460_0 .net *"_ivl_18", 0 0, L_0x555556f0d280;  1 drivers
v0x555556ec7540_0 .net/2u *"_ivl_19", 0 0, L_0x7f1681ad0330;  1 drivers
v0x555556ec7620_0 .net *"_ivl_28", 0 0, L_0x555556f0d620;  1 drivers
v0x555556ec7700_0 .net *"_ivl_30", 0 0, L_0x555556f0d480;  1 drivers
v0x555556ec77e0_0 .net *"_ivl_32", 0 0, L_0x555556f0d830;  1 drivers
v0x555556ec78c0_0 .net *"_ivl_34", 0 0, L_0x555556f0d9f0;  1 drivers
v0x555556ec79a0_0 .net *"_ivl_36", 0 0, L_0x555556f0daf0;  1 drivers
v0x555556ec7a80_0 .net *"_ivl_38", 0 0, L_0x555556f0dcc0;  1 drivers
v0x555556ec7b60_0 .net *"_ivl_40", 0 0, L_0x555556f0ddc0;  1 drivers
v0x555556ec7c40_0 .net *"_ivl_42", 0 0, L_0x555556f0dfa0;  1 drivers
v0x555556ec7d20_0 .net *"_ivl_44", 0 0, L_0x555556f0e0a0;  1 drivers
v0x555556ec7e00_0 .net *"_ivl_46", 0 0, L_0x555556f0e290;  1 drivers
v0x555556ec7ee0_0 .net *"_ivl_48", 0 0, L_0x555556f0e390;  1 drivers
v0x555556ec7fc0_0 .net *"_ivl_52", 0 0, L_0x555556f0ea40;  1 drivers
v0x555556ec80a0_0 .net/2u *"_ivl_53", 0 0, L_0x7f1681ad0378;  1 drivers
v0x555556ec8180_0 .net *"_ivl_62", 0 0, L_0x555556f0ef60;  1 drivers
v0x555556ec8260_0 .net *"_ivl_64", 0 0, L_0x555556f0f000;  1 drivers
v0x555556ec8340_0 .net *"_ivl_66", 0 0, L_0x555556f0f1d0;  1 drivers
v0x555556ec8420_0 .net *"_ivl_68", 0 0, L_0x555556f0f2a0;  1 drivers
v0x555556ec8500_0 .net *"_ivl_70", 0 0, L_0x555556f0f4e0;  1 drivers
v0x555556ec85e0_0 .net *"_ivl_72", 0 0, L_0x555556f0f5e0;  1 drivers
v0x555556ec86c0_0 .net *"_ivl_74", 0 0, L_0x555556f0f830;  1 drivers
v0x555556ec87a0_0 .net *"_ivl_76", 0 0, L_0x555556f0f930;  1 drivers
v0x555556ec8880_0 .net *"_ivl_78", 0 0, L_0x555556f0fb90;  1 drivers
v0x555556ec8960_0 .net *"_ivl_80", 0 0, L_0x555556f0fc90;  1 drivers
v0x555556ec8a40_0 .net *"_ivl_82", 0 0, L_0x555556f0ff00;  1 drivers
v0x555556ec8b20_0 .net *"_ivl_86", 0 0, L_0x555556f10630;  1 drivers
v0x555556ec8c00_0 .net *"_ivl_88", 0 0, L_0x555556f106d0;  1 drivers
v0x555556ec94f0_0 .net *"_ivl_90", 0 0, L_0x555556f10900;  1 drivers
v0x555556ec95d0_0 .net *"_ivl_92", 0 0, L_0x555556f109a0;  1 drivers
v0x555556ec96b0_0 .net *"_ivl_94", 0 0, L_0x555556f10be0;  1 drivers
v0x555556ec9790_0 .net *"_ivl_96", 0 0, L_0x555556f10c80;  1 drivers
v0x555556ec9870_0 .net *"_ivl_98", 0 0, L_0x555556f10f00;  1 drivers
L_0x555556f0c0b0 .part v0x555556ec0f00_0, 15, 1;
L_0x555556f0c1d0 .part v0x555556ec0f00_0, 14, 1;
L_0x555556f0c2a0 .part v0x555556ec0f00_0, 13, 1;
L_0x555556f0c370 .part v0x555556ec0f00_0, 12, 1;
L_0x555556f0c470 .part v0x555556ec0f00_0, 11, 1;
L_0x555556f0c540 .part v0x555556ec0f00_0, 10, 1;
L_0x555556f0c650 .part v0x555556ec0f00_0, 9, 1;
L_0x555556f0c6f0 .part v0x555556ec0f00_0, 8, 1;
L_0x555556f0c810 .part v0x555556ec0f00_0, 7, 1;
L_0x555556f0c8e0 .part v0x555556ec0f00_0, 6, 1;
L_0x555556f0ca10 .part v0x555556ec0f00_0, 5, 1;
L_0x555556f0cae0 .part v0x555556ec0f00_0, 4, 1;
L_0x555556f0cc20 .part v0x555556ec0f00_0, 3, 1;
L_0x555556f0ccf0 .part v0x555556ec0f00_0, 2, 1;
L_0x555556f0ce40 .part v0x555556ec0f00_0, 1, 1;
L_0x555556f0d120 .part v0x555556ec0f00_0, 0, 1;
L_0x555556f0d280 .ufunc/vec4 TD_ICESTORM_RAM.pd, 1, o0x7f1681f3b6c8 (v0x555556ec1dc0_0) S_0x555556ec1b50;
L_0x555556f0d3e0 .ufunc/vec4 TD_ICESTORM_RAM.pu, 1, o0x7f1681f3b6f8 (v0x555556ec2120_0) S_0x555556ec1e80;
L_0x555556f0d520 .ufunc/vec4 TD_ICESTORM_RAM.pd, 1, o0x7f1681f3ba28 (v0x555556ec1dc0_0) S_0x555556ec1b50;
L_0x555556f0d620 .ufunc/vec4 TD_ICESTORM_RAM.pd, 1, o0x7f1681f3b518 (v0x555556ec1dc0_0) S_0x555556ec1b50;
L_0x555556f0d480 .ufunc/vec4 TD_ICESTORM_RAM.pd, 1, o0x7f1681f3b698 (v0x555556ec1dc0_0) S_0x555556ec1b50;
L_0x555556f0d830 .ufunc/vec4 TD_ICESTORM_RAM.pd, 1, o0x7f1681f3b668 (v0x555556ec1dc0_0) S_0x555556ec1b50;
L_0x555556f0d9f0 .ufunc/vec4 TD_ICESTORM_RAM.pd, 1, o0x7f1681f3b638 (v0x555556ec1dc0_0) S_0x555556ec1b50;
L_0x555556f0daf0 .ufunc/vec4 TD_ICESTORM_RAM.pd, 1, o0x7f1681f3b608 (v0x555556ec1dc0_0) S_0x555556ec1b50;
L_0x555556f0dcc0 .ufunc/vec4 TD_ICESTORM_RAM.pd, 1, o0x7f1681f3b5d8 (v0x555556ec1dc0_0) S_0x555556ec1b50;
L_0x555556f0ddc0 .ufunc/vec4 TD_ICESTORM_RAM.pd, 1, o0x7f1681f3b5a8 (v0x555556ec1dc0_0) S_0x555556ec1b50;
L_0x555556f0dfa0 .ufunc/vec4 TD_ICESTORM_RAM.pd, 1, o0x7f1681f3b578 (v0x555556ec1dc0_0) S_0x555556ec1b50;
L_0x555556f0e0a0 .ufunc/vec4 TD_ICESTORM_RAM.pd, 1, o0x7f1681f3b548 (v0x555556ec1dc0_0) S_0x555556ec1b50;
L_0x555556f0e290 .ufunc/vec4 TD_ICESTORM_RAM.pd, 1, o0x7f1681f3b4e8 (v0x555556ec1dc0_0) S_0x555556ec1b50;
L_0x555556f0e390 .ufunc/vec4 TD_ICESTORM_RAM.pd, 1, o0x7f1681f3b4b8 (v0x555556ec1dc0_0) S_0x555556ec1b50;
LS_0x555556f0e590_0_0 .concat [ 1 1 1 1], L_0x555556f0e390, L_0x555556f0e290, L_0x555556f0e0a0, L_0x555556f0dfa0;
LS_0x555556f0e590_0_4 .concat [ 1 1 1 1], L_0x555556f0ddc0, L_0x555556f0dcc0, L_0x555556f0daf0, L_0x555556f0d9f0;
LS_0x555556f0e590_0_8 .concat [ 1 1 1 0], L_0x555556f0d830, L_0x555556f0d480, L_0x555556f0d620;
L_0x555556f0e590 .concat [ 4 4 3 0], LS_0x555556f0e590_0_0, LS_0x555556f0e590_0_4, LS_0x555556f0e590_0_8;
L_0x555556f0ea40 .ufunc/vec4 TD_ICESTORM_RAM.pd, 1, o0x7f1681f3bc68 (v0x555556ec1dc0_0) S_0x555556ec1b50;
L_0x555556f0ed00 .ufunc/vec4 TD_ICESTORM_RAM.pu, 1, o0x7f1681f3bc98 (v0x555556ec2120_0) S_0x555556ec1e80;
L_0x555556f0eda0 .ufunc/vec4 TD_ICESTORM_RAM.pd, 1, o0x7f1681f3bfc8 (v0x555556ec1dc0_0) S_0x555556ec1b50;
L_0x555556f0ef60 .ufunc/vec4 TD_ICESTORM_RAM.pd, 1, o0x7f1681f3bab8 (v0x555556ec1dc0_0) S_0x555556ec1b50;
L_0x555556f0f000 .ufunc/vec4 TD_ICESTORM_RAM.pd, 1, o0x7f1681f3bc38 (v0x555556ec1dc0_0) S_0x555556ec1b50;
L_0x555556f0f1d0 .ufunc/vec4 TD_ICESTORM_RAM.pd, 1, o0x7f1681f3bc08 (v0x555556ec1dc0_0) S_0x555556ec1b50;
L_0x555556f0f2a0 .ufunc/vec4 TD_ICESTORM_RAM.pd, 1, o0x7f1681f3bbd8 (v0x555556ec1dc0_0) S_0x555556ec1b50;
L_0x555556f0f4e0 .ufunc/vec4 TD_ICESTORM_RAM.pd, 1, o0x7f1681f3bba8 (v0x555556ec1dc0_0) S_0x555556ec1b50;
L_0x555556f0f5e0 .ufunc/vec4 TD_ICESTORM_RAM.pd, 1, o0x7f1681f3bb78 (v0x555556ec1dc0_0) S_0x555556ec1b50;
L_0x555556f0f830 .ufunc/vec4 TD_ICESTORM_RAM.pd, 1, o0x7f1681f3bb48 (v0x555556ec1dc0_0) S_0x555556ec1b50;
L_0x555556f0f930 .ufunc/vec4 TD_ICESTORM_RAM.pd, 1, o0x7f1681f3bb18 (v0x555556ec1dc0_0) S_0x555556ec1b50;
L_0x555556f0fb90 .ufunc/vec4 TD_ICESTORM_RAM.pd, 1, o0x7f1681f3bae8 (v0x555556ec1dc0_0) S_0x555556ec1b50;
L_0x555556f0fc90 .ufunc/vec4 TD_ICESTORM_RAM.pd, 1, o0x7f1681f3ba88 (v0x555556ec1dc0_0) S_0x555556ec1b50;
L_0x555556f0ff00 .ufunc/vec4 TD_ICESTORM_RAM.pd, 1, o0x7f1681f3ba58 (v0x555556ec1dc0_0) S_0x555556ec1b50;
LS_0x555556f10000_0_0 .concat [ 1 1 1 1], L_0x555556f0ff00, L_0x555556f0fc90, L_0x555556f0fb90, L_0x555556f0f930;
LS_0x555556f10000_0_4 .concat [ 1 1 1 1], L_0x555556f0f830, L_0x555556f0f5e0, L_0x555556f0f4e0, L_0x555556f0f2a0;
LS_0x555556f10000_0_8 .concat [ 1 1 1 0], L_0x555556f0f1d0, L_0x555556f0f000, L_0x555556f0ef60;
L_0x555556f10000 .concat [ 4 4 3 0], LS_0x555556f10000_0_0, LS_0x555556f10000_0_4, LS_0x555556f10000_0_8;
L_0x555556f10630 .ufunc/vec4 TD_ICESTORM_RAM.pd, 1, o0x7f1681f3b308 (v0x555556ec1dc0_0) S_0x555556ec1b50;
L_0x555556f106d0 .ufunc/vec4 TD_ICESTORM_RAM.pd, 1, o0x7f1681f3b2d8 (v0x555556ec1dc0_0) S_0x555556ec1b50;
L_0x555556f10900 .ufunc/vec4 TD_ICESTORM_RAM.pd, 1, o0x7f1681f3b2a8 (v0x555556ec1dc0_0) S_0x555556ec1b50;
L_0x555556f109a0 .ufunc/vec4 TD_ICESTORM_RAM.pd, 1, o0x7f1681f3b278 (v0x555556ec1dc0_0) S_0x555556ec1b50;
L_0x555556f10be0 .ufunc/vec4 TD_ICESTORM_RAM.pd, 1, o0x7f1681f3b248 (v0x555556ec1dc0_0) S_0x555556ec1b50;
L_0x555556f10c80 .ufunc/vec4 TD_ICESTORM_RAM.pd, 1, o0x7f1681f3b218 (v0x555556ec1dc0_0) S_0x555556ec1b50;
L_0x555556f10f00 .ufunc/vec4 TD_ICESTORM_RAM.pd, 1, o0x7f1681f3b488 (v0x555556ec1dc0_0) S_0x555556ec1b50;
L_0x555556f11000 .ufunc/vec4 TD_ICESTORM_RAM.pd, 1, o0x7f1681f3b458 (v0x555556ec1dc0_0) S_0x555556ec1b50;
L_0x555556f10d50 .ufunc/vec4 TD_ICESTORM_RAM.pd, 1, o0x7f1681f3b428 (v0x555556ec1dc0_0) S_0x555556ec1b50;
L_0x555556f10e50 .ufunc/vec4 TD_ICESTORM_RAM.pd, 1, o0x7f1681f3b3f8 (v0x555556ec1dc0_0) S_0x555556ec1b50;
L_0x555556f114f0 .ufunc/vec4 TD_ICESTORM_RAM.pd, 1, o0x7f1681f3b3c8 (v0x555556ec1dc0_0) S_0x555556ec1b50;
L_0x555556f115f0 .ufunc/vec4 TD_ICESTORM_RAM.pd, 1, o0x7f1681f3b398 (v0x555556ec1dc0_0) S_0x555556ec1b50;
L_0x555556f118d0 .ufunc/vec4 TD_ICESTORM_RAM.pd, 1, o0x7f1681f3b368 (v0x555556ec1dc0_0) S_0x555556ec1b50;
L_0x555556f119d0 .ufunc/vec4 TD_ICESTORM_RAM.pd, 1, o0x7f1681f3b338 (v0x555556ec1dc0_0) S_0x555556ec1b50;
L_0x555556f11cc0 .ufunc/vec4 TD_ICESTORM_RAM.pd, 1, o0x7f1681f3b1e8 (v0x555556ec1dc0_0) S_0x555556ec1b50;
L_0x555556f11dc0 .ufunc/vec4 TD_ICESTORM_RAM.pd, 1, o0x7f1681f3b1b8 (v0x555556ec1dc0_0) S_0x555556ec1b50;
LS_0x555556f120c0_0_0 .concat [ 1 1 1 1], L_0x555556f11dc0, L_0x555556f11cc0, L_0x555556f119d0, L_0x555556f118d0;
LS_0x555556f120c0_0_4 .concat [ 1 1 1 1], L_0x555556f115f0, L_0x555556f114f0, L_0x555556f10e50, L_0x555556f10d50;
LS_0x555556f120c0_0_8 .concat [ 1 1 1 1], L_0x555556f11000, L_0x555556f10f00, L_0x555556f10c80, L_0x555556f10be0;
LS_0x555556f120c0_0_12 .concat [ 1 1 1 1], L_0x555556f109a0, L_0x555556f10900, L_0x555556f106d0, L_0x555556f10630;
L_0x555556f120c0 .concat [ 4 4 4 4], LS_0x555556f120c0_0_0, LS_0x555556f120c0_0_4, LS_0x555556f120c0_0_8, LS_0x555556f120c0_0_12;
L_0x555556f126b0 .ufunc/vec4 TD_ICESTORM_RAM.pd, 1, o0x7f1681f3be18 (v0x555556ec1dc0_0) S_0x555556ec1b50;
L_0x555556f12960 .ufunc/vec4 TD_ICESTORM_RAM.pd, 1, o0x7f1681f3bde8 (v0x555556ec1dc0_0) S_0x555556ec1b50;
L_0x555556f12a00 .ufunc/vec4 TD_ICESTORM_RAM.pd, 1, o0x7f1681f3bdb8 (v0x555556ec1dc0_0) S_0x555556ec1b50;
L_0x555556f12cc0 .ufunc/vec4 TD_ICESTORM_RAM.pd, 1, o0x7f1681f3bd88 (v0x555556ec1dc0_0) S_0x555556ec1b50;
L_0x555556f12d60 .ufunc/vec4 TD_ICESTORM_RAM.pd, 1, o0x7f1681f3bd58 (v0x555556ec1dc0_0) S_0x555556ec1b50;
L_0x555556f13030 .ufunc/vec4 TD_ICESTORM_RAM.pd, 1, o0x7f1681f3bd28 (v0x555556ec1dc0_0) S_0x555556ec1b50;
L_0x555556f130d0 .ufunc/vec4 TD_ICESTORM_RAM.pd, 1, o0x7f1681f3bf98 (v0x555556ec1dc0_0) S_0x555556ec1b50;
L_0x555556f133b0 .ufunc/vec4 TD_ICESTORM_RAM.pd, 1, o0x7f1681f3bf68 (v0x555556ec1dc0_0) S_0x555556ec1b50;
L_0x555556f13450 .ufunc/vec4 TD_ICESTORM_RAM.pd, 1, o0x7f1681f3bf38 (v0x555556ec1dc0_0) S_0x555556ec1b50;
L_0x555556f13770 .ufunc/vec4 TD_ICESTORM_RAM.pd, 1, o0x7f1681f3bf08 (v0x555556ec1dc0_0) S_0x555556ec1b50;
L_0x555556f13870 .ufunc/vec4 TD_ICESTORM_RAM.pd, 1, o0x7f1681f3bed8 (v0x555556ec1dc0_0) S_0x555556ec1b50;
L_0x555556f13bd0 .ufunc/vec4 TD_ICESTORM_RAM.pd, 1, o0x7f1681f3bea8 (v0x555556ec1dc0_0) S_0x555556ec1b50;
L_0x555556f13cd0 .ufunc/vec4 TD_ICESTORM_RAM.pd, 1, o0x7f1681f3be78 (v0x555556ec1dc0_0) S_0x555556ec1b50;
L_0x555556f14040 .ufunc/vec4 TD_ICESTORM_RAM.pd, 1, o0x7f1681f3be48 (v0x555556ec1dc0_0) S_0x555556ec1b50;
L_0x555556f14140 .ufunc/vec4 TD_ICESTORM_RAM.pd, 1, o0x7f1681f3bcf8 (v0x555556ec1dc0_0) S_0x555556ec1b50;
L_0x555556f144c0 .ufunc/vec4 TD_ICESTORM_RAM.pd, 1, o0x7f1681f3bcc8 (v0x555556ec1dc0_0) S_0x555556ec1b50;
LS_0x555556f145c0_0_0 .concat [ 1 1 1 1], L_0x555556f144c0, L_0x555556f14140, L_0x555556f14040, L_0x555556f13cd0;
LS_0x555556f145c0_0_4 .concat [ 1 1 1 1], L_0x555556f13bd0, L_0x555556f13870, L_0x555556f13770, L_0x555556f13450;
LS_0x555556f145c0_0_8 .concat [ 1 1 1 1], L_0x555556f133b0, L_0x555556f130d0, L_0x555556f13030, L_0x555556f12d60;
LS_0x555556f145c0_0_12 .concat [ 1 1 1 1], L_0x555556f12cc0, L_0x555556f12a00, L_0x555556f12960, L_0x555556f126b0;
L_0x555556f145c0 .concat [ 4 4 4 4], LS_0x555556f145c0_0_0, LS_0x555556f145c0_0_4, LS_0x555556f145c0_0_8, LS_0x555556f145c0_0_12;
S_0x555556c8cd90 .scope module, "RAM" "SB_RAM40_4K" 3 3233, 3 1487 0, S_0x555556e82fe0;
 .timescale -12 -12;
    .port_info 0 /OUTPUT 16 "RDATA";
    .port_info 1 /INPUT 1 "RCLK";
    .port_info 2 /INPUT 1 "RCLKE";
    .port_info 3 /INPUT 1 "RE";
    .port_info 4 /INPUT 11 "RADDR";
    .port_info 5 /INPUT 1 "WCLK";
    .port_info 6 /INPUT 1 "WCLKE";
    .port_info 7 /INPUT 1 "WE";
    .port_info 8 /INPUT 11 "WADDR";
    .port_info 9 /INPUT 16 "MASK";
    .port_info 10 /INPUT 16 "WDATA";
P_0x555556c891f0 .param/l "INIT_0" 0 3 1507, C4<0000000000000000000000000000000000000000000000000000000000000000000000000000000000000000000000000000000000000000000000000000000000000000000000000000000000000000000000000000000000000000000000000000000000000000000000000000000000000000000000000000000000000000>;
P_0x555556c89230 .param/l "INIT_1" 0 3 1508, C4<0000000000000000000000000000000000000000000000000000000000000000000000000000000000000000000000000000000000000000000000000000000000000000000000000000000000000000000000000000000000000000000000000000000000000000000000000000000000000000000000000000000000000000>;
P_0x555556c89270 .param/l "INIT_2" 0 3 1509, C4<0000000000000000000000000000000000000000000000000000000000000000000000000000000000000000000000000000000000000000000000000000000000000000000000000000000000000000000000000000000000000000000000000000000000000000000000000000000000000000000000000000000000000000>;
P_0x555556c892b0 .param/l "INIT_3" 0 3 1510, C4<0000000000000000000000000000000000000000000000000000000000000000000000000000000000000000000000000000000000000000000000000000000000000000000000000000000000000000000000000000000000000000000000000000000000000000000000000000000000000000000000000000000000000000>;
P_0x555556c892f0 .param/l "INIT_4" 0 3 1511, C4<0000000000000000000000000000000000000000000000000000000000000000000000000000000000000000000000000000000000000000000000000000000000000000000000000000000000000000000000000000000000000000000000000000000000000000000000000000000000000000000000000000000000000000>;
P_0x555556c89330 .param/l "INIT_5" 0 3 1512, C4<0000000000000000000000000000000000000000000000000000000000000000000000000000000000000000000000000000000000000000000000000000000000000000000000000000000000000000000000000000000000000000000000000000000000000000000000000000000000000000000000000000000000000000>;
P_0x555556c89370 .param/l "INIT_6" 0 3 1513, C4<0000000000000000000000000000000000000000000000000000000000000000000000000000000000000000000000000000000000000000000000000000000000000000000000000000000000000000000000000000000000000000000000000000000000000000000000000000000000000000000000000000000000000000>;
P_0x555556c893b0 .param/l "INIT_7" 0 3 1514, C4<0000000000000000000000000000000000000000000000000000000000000000000000000000000000000000000000000000000000000000000000000000000000000000000000000000000000000000000000000000000000000000000000000000000000000000000000000000000000000000000000000000000000000000>;
P_0x555556c893f0 .param/l "INIT_8" 0 3 1515, C4<0000000000000000000000000000000000000000000000000000000000000000000000000000000000000000000000000000000000000000000000000000000000000000000000000000000000000000000000000000000000000000000000000000000000000000000000000000000000000000000000000000000000000000>;
P_0x555556c89430 .param/l "INIT_9" 0 3 1516, C4<0000000000000000000000000000000000000000000000000000000000000000000000000000000000000000000000000000000000000000000000000000000000000000000000000000000000000000000000000000000000000000000000000000000000000000000000000000000000000000000000000000000000000000>;
P_0x555556c89470 .param/l "INIT_A" 0 3 1517, C4<0000000000000000000000000000000000000000000000000000000000000000000000000000000000000000000000000000000000000000000000000000000000000000000000000000000000000000000000000000000000000000000000000000000000000000000000000000000000000000000000000000000000000000>;
P_0x555556c894b0 .param/l "INIT_B" 0 3 1518, C4<0000000000000000000000000000000000000000000000000000000000000000000000000000000000000000000000000000000000000000000000000000000000000000000000000000000000000000000000000000000000000000000000000000000000000000000000000000000000000000000000000000000000000000>;
P_0x555556c894f0 .param/l "INIT_C" 0 3 1519, C4<0000000000000000000000000000000000000000000000000000000000000000000000000000000000000000000000000000000000000000000000000000000000000000000000000000000000000000000000000000000000000000000000000000000000000000000000000000000000000000000000000000000000000000>;
P_0x555556c89530 .param/l "INIT_D" 0 3 1520, C4<0000000000000000000000000000000000000000000000000000000000000000000000000000000000000000000000000000000000000000000000000000000000000000000000000000000000000000000000000000000000000000000000000000000000000000000000000000000000000000000000000000000000000000>;
P_0x555556c89570 .param/l "INIT_E" 0 3 1521, C4<0000000000000000000000000000000000000000000000000000000000000000000000000000000000000000000000000000000000000000000000000000000000000000000000000000000000000000000000000000000000000000000000000000000000000000000000000000000000000000000000000000000000000000>;
P_0x555556c895b0 .param/l "INIT_F" 0 3 1522, C4<0000000000000000000000000000000000000000000000000000000000000000000000000000000000000000000000000000000000000000000000000000000000000000000000000000000000000000000000000000000000000000000000000000000000000000000000000000000000000000000000000000000000000000>;
P_0x555556c895f0 .param/str "INIT_FILE" 0 3 1524, "\000";
P_0x555556c89630 .param/l "READ_MODE" 0 3 1505, +C4<00000000000000000000000000000000>;
P_0x555556c89670 .param/l "WRITE_MODE" 0 3 1504, +C4<00000000000000000000000000000000>;
v0x555556ec0b90_0 .net "MASK", 15 0, L_0x555556f120c0;  1 drivers
v0x555556ec0c30_0 .net "RADDR", 10 0, L_0x555556f0e590;  1 drivers
v0x555556ec0cd0_0 .net "RCLK", 0 0, L_0x555556f0cbb0;  1 drivers
v0x555556ec0d70_0 .net "RCLKE", 0 0, L_0x555556f0d3e0;  1 drivers
v0x555556ec0e10_0 .net "RDATA", 15 0, v0x555556ec0f00_0;  1 drivers
v0x555556ec0f00_0 .var "RDATA_I", 15 0;
v0x555556ec0fa0_0 .net "RE", 0 0, L_0x555556f0d520;  1 drivers
L_0x7f1681ad02e8 .functor BUFT 1, C4<0000000000000000>, C4<0>, C4<0>, C4<0>;
v0x555556ec1040_0 .net "RMASK_I", 15 0, L_0x7f1681ad02e8;  1 drivers
v0x555556ec1120_0 .net "WADDR", 10 0, L_0x555556f10000;  1 drivers
v0x555556ec1200_0 .net "WCLK", 0 0, L_0x555556f0ebf0;  1 drivers
v0x555556ec12c0_0 .net "WCLKE", 0 0, L_0x555556f0ed00;  1 drivers
v0x555556ec1380_0 .net "WDATA", 15 0, L_0x555556f145c0;  1 drivers
v0x555556ec1460_0 .net "WDATA_I", 15 0, L_0x555556f0bfd0;  1 drivers
v0x555556ec1540_0 .net "WE", 0 0, L_0x555556f0eda0;  1 drivers
v0x555556ec1600_0 .net "WMASK_I", 15 0, L_0x555556efbf50;  1 drivers
v0x555556ec16e0_0 .var/i "i", 31 0;
v0x555556ec17c0 .array "memory", 255 0, 15 0;
E_0x555556e86590 .event posedge, v0x555556ec0cd0_0;
E_0x555556e86c00 .event posedge, v0x555556ec1200_0;
S_0x555556ec0410 .scope generate, "genblk1" "genblk1" 3 1534, 3 1534 0, S_0x555556c8cd90;
 .timescale -12 -12;
L_0x555556efbf50 .functor BUFZ 16, L_0x555556f120c0, C4<0000000000000000>, C4<0000000000000000>, C4<0000000000000000>;
S_0x555556ec05f0 .scope generate, "genblk2" "genblk2" 3 1555, 3 1555 0, S_0x555556c8cd90;
 .timescale -12 -12;
S_0x555556ec07d0 .scope generate, "genblk3" "genblk3" 3 1576, 3 1576 0, S_0x555556c8cd90;
 .timescale -12 -12;
L_0x555556f0bfd0 .functor BUFZ 16, L_0x555556f145c0, C4<0000000000000000>, C4<0000000000000000>, C4<0000000000000000>;
S_0x555556ec09b0 .scope generate, "genblk4" "genblk4" 3 1595, 3 1595 0, S_0x555556c8cd90;
 .timescale -12 -12;
S_0x555556ec1b50 .scope function.vec4.s1, "pd" "pd" 3 3200, 3 3200 0, S_0x555556e82fe0;
 .timescale -12 -12;
; Variable pd is vec4 return value of scope S_0x555556ec1b50
v0x555556ec1dc0_0 .var "x", 0 0;
TD_ICESTORM_RAM.pd ;
    %load/vec4 v0x555556ec1dc0_0;
    %cmpi/e 0, 1, 1;
    %flag_mov 8, 6;
    %jmp/0 T_0.0, 8;
    %pushi/vec4 0, 0, 1;
    %jmp/1 T_0.1, 8;
T_0.0 ; End of true expr.
    %load/vec4 v0x555556ec1dc0_0;
    %jmp/0 T_0.1, 8;
 ; End of false expr.
    %blend;
T_0.1;
    %ret/vec4 0, 0, 1;  Assign to pd (store_vec4_to_lval)
    %end;
S_0x555556ec1e80 .scope function.vec4.s1, "pu" "pu" 3 3207, 3 3207 0, S_0x555556e82fe0;
 .timescale -12 -12;
; Variable pu is vec4 return value of scope S_0x555556ec1e80
v0x555556ec2120_0 .var "x", 0 0;
TD_ICESTORM_RAM.pu ;
    %load/vec4 v0x555556ec2120_0;
    %cmpi/e 0, 1, 1;
    %flag_mov 8, 6;
    %jmp/0 T_1.2, 8;
    %pushi/vec4 1, 0, 1;
    %jmp/1 T_1.3, 8;
T_1.2 ; End of true expr.
    %load/vec4 v0x555556ec2120_0;
    %jmp/0 T_1.3, 8;
 ; End of false expr.
    %blend;
T_1.3;
    %ret/vec4 0, 0, 1;  Assign to pu (store_vec4_to_lval)
    %end;
S_0x555556e83b30 .scope module, "Nand" "Nand" 4 8;
 .timescale -12 -12;
    .port_info 0 /INPUT 1 "a";
    .port_info 1 /INPUT 1 "b";
    .port_info 2 /OUTPUT 1 "out";
o0x7f1681f3d918 .functor BUFZ 1, c4<z>; HiZ drive
o0x7f1681f3d948 .functor BUFZ 1, c4<z>; HiZ drive
L_0x555556f14e40 .functor NAND 1, o0x7f1681f3d918, o0x7f1681f3d948, C4<1>, C4<1>;
v0x555556eca540_0 .net "a", 0 0, o0x7f1681f3d918;  0 drivers
v0x555556eca620_0 .net "b", 0 0, o0x7f1681f3d948;  0 drivers
v0x555556eca6e0_0 .net "out", 0 0, L_0x555556f14e40;  1 drivers
S_0x555556e84ec0 .scope module, "Not_tb" "Not_tb" 5 2;
 .timescale -12 -12;
L_0x555556f14fc0 .functor NOT 1, v0x555556ecaea0_0, C4<0>, C4<0>, C4<0>;
v0x555556ecade0_0 .var "fail", 0 0;
v0x555556ecaea0_0 .var "in", 0 0;
v0x555556ecaf90_0 .net "out", 0 0, L_0x555556f14eb0;  1 drivers
v0x555556ecb090_0 .net "out_cmp", 0 0, L_0x555556f14fc0;  1 drivers
S_0x555556eca800 .scope module, "NOT" "Not" 5 9, 6 7 0, S_0x555556e84ec0;
 .timescale -12 -12;
    .port_info 0 /INPUT 1 "in";
    .port_info 1 /OUTPUT 1 "out";
L_0x555556f14eb0 .functor NOT 1, v0x555556ecaea0_0, C4<0>, C4<0>, C4<0>;
v0x555556ecaa00_0 .net "in", 0 0, v0x555556ecaea0_0;  1 drivers
v0x555556ecaae0_0 .net "out", 0 0, L_0x555556f14eb0;  alias, 1 drivers
S_0x555556ecac00 .scope task, "check" "check" 5 19, 5 19 0, S_0x555556e84ec0;
 .timescale -12 -12;
TD_Not_tb.check ;
    %delay 1, 0;
    %load/vec4 v0x555556ecaf90_0;
    %load/vec4 v0x555556ecb090_0;
    %cmp/ne;
    %jmp/0xz  T_2.4, 4;
    %vpi_call/w 5 23 "$display", "FAIL: in=%1b, out=%1b", v0x555556ecaea0_0, v0x555556ecaf90_0 {0 0 0};
    %pushi/vec4 1, 0, 1;
    %store/vec4 v0x555556ecade0_0, 0, 1;
T_2.4 ;
    %end;
S_0x555556eaab80 .scope module, "SB_CARRY" "SB_CARRY" 3 228;
 .timescale -12 -12;
    .port_info 0 /OUTPUT 1 "CO";
    .port_info 1 /INPUT 1 "I0";
    .port_info 2 /INPUT 1 "I1";
    .port_info 3 /INPUT 1 "CI";
o0x7f1681f3dbb8 .functor BUFZ 1, c4<z>; HiZ drive
o0x7f1681f3dbe8 .functor BUFZ 1, c4<z>; HiZ drive
L_0x555556f15030 .functor AND 1, o0x7f1681f3dbb8, o0x7f1681f3dbe8, C4<1>, C4<1>;
L_0x555556f150a0 .functor OR 1, o0x7f1681f3dbb8, o0x7f1681f3dbe8, C4<0>, C4<0>;
o0x7f1681f3db58 .functor BUFZ 1, c4<z>; HiZ drive
L_0x555556f151b0 .functor AND 1, L_0x555556f150a0, o0x7f1681f3db58, C4<1>, C4<1>;
L_0x555556f15270 .functor OR 1, L_0x555556f15030, L_0x555556f151b0, C4<0>, C4<0>;
v0x555556ecb130_0 .net "CI", 0 0, o0x7f1681f3db58;  0 drivers
v0x555556ecb1d0_0 .net "CO", 0 0, L_0x555556f15270;  1 drivers
v0x555556ecb270_0 .net "I0", 0 0, o0x7f1681f3dbb8;  0 drivers
v0x555556ecb340_0 .net "I1", 0 0, o0x7f1681f3dbe8;  0 drivers
v0x555556ecb400_0 .net *"_ivl_1", 0 0, L_0x555556f15030;  1 drivers
v0x555556ecb510_0 .net *"_ivl_3", 0 0, L_0x555556f150a0;  1 drivers
v0x555556ecb5d0_0 .net *"_ivl_5", 0 0, L_0x555556f151b0;  1 drivers
S_0x555556e99150 .scope module, "SB_DFF" "SB_DFF" 3 265;
 .timescale -12 -12;
    .port_info 0 /OUTPUT 1 "Q";
    .port_info 1 /INPUT 1 "C";
    .port_info 2 /INPUT 1 "D";
o0x7f1681f3dd68 .functor BUFZ 1, c4<z>; HiZ drive
v0x555556ecb750_0 .net "C", 0 0, o0x7f1681f3dd68;  0 drivers
o0x7f1681f3dd98 .functor BUFZ 1, c4<z>; HiZ drive
v0x555556ecb830_0 .net "D", 0 0, o0x7f1681f3dd98;  0 drivers
v0x555556ecb8f0_0 .var "Q", 0 0;
E_0x555556e87050 .event posedge, v0x555556ecb750_0;
S_0x555556e98d60 .scope module, "SB_DFFE" "SB_DFFE" 3 303;
 .timescale -12 -12;
    .port_info 0 /OUTPUT 1 "Q";
    .port_info 1 /INPUT 1 "C";
    .port_info 2 /INPUT 1 "E";
    .port_info 3 /INPUT 1 "D";
o0x7f1681f3de88 .functor BUFZ 1, c4<z>; HiZ drive
v0x555556ecba30_0 .net "C", 0 0, o0x7f1681f3de88;  0 drivers
o0x7f1681f3deb8 .functor BUFZ 1, c4<z>; HiZ drive
v0x555556ecbb10_0 .net "D", 0 0, o0x7f1681f3deb8;  0 drivers
o0x7f1681f3dee8 .functor BUFZ 1, c4<z>; HiZ drive
v0x555556ecbbd0_0 .net "E", 0 0, o0x7f1681f3dee8;  0 drivers
v0x555556ecbca0_0 .var "Q", 0 0;
E_0x555556e87410 .event posedge, v0x555556ecba30_0;
S_0x555556e875f0 .scope module, "SB_DFFER" "SB_DFFER" 3 653;
 .timescale -12 -12;
    .port_info 0 /OUTPUT 1 "Q";
    .port_info 1 /INPUT 1 "C";
    .port_info 2 /INPUT 1 "E";
    .port_info 3 /INPUT 1 "R";
    .port_info 4 /INPUT 1 "D";
o0x7f1681f3e008 .functor BUFZ 1, c4<z>; HiZ drive
v0x555556ecbe50_0 .net "C", 0 0, o0x7f1681f3e008;  0 drivers
o0x7f1681f3e038 .functor BUFZ 1, c4<z>; HiZ drive
v0x555556ecbf30_0 .net "D", 0 0, o0x7f1681f3e038;  0 drivers
o0x7f1681f3e068 .functor BUFZ 1, c4<z>; HiZ drive
v0x555556ecbff0_0 .net "E", 0 0, o0x7f1681f3e068;  0 drivers
v0x555556ecc090_0 .var "Q", 0 0;
o0x7f1681f3e0c8 .functor BUFZ 1, c4<z>; HiZ drive
v0x555556ecc150_0 .net "R", 0 0, o0x7f1681f3e0c8;  0 drivers
E_0x555556e97d60 .event posedge, v0x555556ecc150_0, v0x555556ecbe50_0;
S_0x555556e87200 .scope module, "SB_DFFES" "SB_DFFES" 3 794;
 .timescale -12 -12;
    .port_info 0 /OUTPUT 1 "Q";
    .port_info 1 /INPUT 1 "C";
    .port_info 2 /INPUT 1 "E";
    .port_info 3 /INPUT 1 "S";
    .port_info 4 /INPUT 1 "D";
o0x7f1681f3e1e8 .functor BUFZ 1, c4<z>; HiZ drive
v0x555556ecc340_0 .net "C", 0 0, o0x7f1681f3e1e8;  0 drivers
o0x7f1681f3e218 .functor BUFZ 1, c4<z>; HiZ drive
v0x555556ecc420_0 .net "D", 0 0, o0x7f1681f3e218;  0 drivers
o0x7f1681f3e248 .functor BUFZ 1, c4<z>; HiZ drive
v0x555556ecc4e0_0 .net "E", 0 0, o0x7f1681f3e248;  0 drivers
v0x555556ecc580_0 .var "Q", 0 0;
o0x7f1681f3e2a8 .functor BUFZ 1, c4<z>; HiZ drive
v0x555556ecc640_0 .net "S", 0 0, o0x7f1681f3e2a8;  0 drivers
E_0x555556e98780 .event posedge, v0x555556ecc640_0, v0x555556ecc340_0;
S_0x555556e86a30 .scope module, "SB_DFFESR" "SB_DFFESR" 3 592;
 .timescale -12 -12;
    .port_info 0 /OUTPUT 1 "Q";
    .port_info 1 /INPUT 1 "C";
    .port_info 2 /INPUT 1 "E";
    .port_info 3 /INPUT 1 "R";
    .port_info 4 /INPUT 1 "D";
o0x7f1681f3e3c8 .functor BUFZ 1, c4<z>; HiZ drive
v0x555556ecc870_0 .net "C", 0 0, o0x7f1681f3e3c8;  0 drivers
o0x7f1681f3e3f8 .functor BUFZ 1, c4<z>; HiZ drive
v0x555556ecc950_0 .net "D", 0 0, o0x7f1681f3e3f8;  0 drivers
o0x7f1681f3e428 .functor BUFZ 1, c4<z>; HiZ drive
v0x555556ecca10_0 .net "E", 0 0, o0x7f1681f3e428;  0 drivers
v0x555556eccab0_0 .var "Q", 0 0;
o0x7f1681f3e488 .functor BUFZ 1, c4<z>; HiZ drive
v0x555556eccb70_0 .net "R", 0 0, o0x7f1681f3e488;  0 drivers
E_0x555556ecc7f0 .event posedge, v0x555556ecc870_0;
S_0x555556e81840 .scope module, "SB_DFFESS" "SB_DFFESS" 3 733;
 .timescale -12 -12;
    .port_info 0 /OUTPUT 1 "Q";
    .port_info 1 /INPUT 1 "C";
    .port_info 2 /INPUT 1 "E";
    .port_info 3 /INPUT 1 "S";
    .port_info 4 /INPUT 1 "D";
o0x7f1681f3e5a8 .functor BUFZ 1, c4<z>; HiZ drive
v0x555556eccda0_0 .net "C", 0 0, o0x7f1681f3e5a8;  0 drivers
o0x7f1681f3e5d8 .functor BUFZ 1, c4<z>; HiZ drive
v0x555556ecce80_0 .net "D", 0 0, o0x7f1681f3e5d8;  0 drivers
o0x7f1681f3e608 .functor BUFZ 1, c4<z>; HiZ drive
v0x555556eccf40_0 .net "E", 0 0, o0x7f1681f3e608;  0 drivers
v0x555556eccfe0_0 .var "Q", 0 0;
o0x7f1681f3e668 .functor BUFZ 1, c4<z>; HiZ drive
v0x555556ecd0a0_0 .net "S", 0 0, o0x7f1681f3e668;  0 drivers
E_0x555556eccd20 .event posedge, v0x555556eccda0_0;
S_0x555556e7c1f0 .scope module, "SB_DFFN" "SB_DFFN" 3 876;
 .timescale -12 -12;
    .port_info 0 /OUTPUT 1 "Q";
    .port_info 1 /INPUT 1 "C";
    .port_info 2 /INPUT 1 "D";
o0x7f1681f3e788 .functor BUFZ 1, c4<z>; HiZ drive
v0x555556ecd2d0_0 .net "C", 0 0, o0x7f1681f3e788;  0 drivers
o0x7f1681f3e7b8 .functor BUFZ 1, c4<z>; HiZ drive
v0x555556ecd3b0_0 .net "D", 0 0, o0x7f1681f3e7b8;  0 drivers
v0x555556ecd470_0 .var "Q", 0 0;
E_0x555556ecd250 .event negedge, v0x555556ecd2d0_0;
S_0x555556e641f0 .scope module, "SB_DFFNE" "SB_DFFNE" 3 914;
 .timescale -12 -12;
    .port_info 0 /OUTPUT 1 "Q";
    .port_info 1 /INPUT 1 "C";
    .port_info 2 /INPUT 1 "E";
    .port_info 3 /INPUT 1 "D";
o0x7f1681f3e8a8 .functor BUFZ 1, c4<z>; HiZ drive
v0x555556ecd5f0_0 .net "C", 0 0, o0x7f1681f3e8a8;  0 drivers
o0x7f1681f3e8d8 .functor BUFZ 1, c4<z>; HiZ drive
v0x555556ecd6d0_0 .net "D", 0 0, o0x7f1681f3e8d8;  0 drivers
o0x7f1681f3e908 .functor BUFZ 1, c4<z>; HiZ drive
v0x555556ecd790_0 .net "E", 0 0, o0x7f1681f3e908;  0 drivers
v0x555556ecd860_0 .var "Q", 0 0;
E_0x555556ecd590 .event negedge, v0x555556ecd5f0_0;
S_0x555556e63e00 .scope module, "SB_DFFNER" "SB_DFFNER" 3 1264;
 .timescale -12 -12;
    .port_info 0 /OUTPUT 1 "Q";
    .port_info 1 /INPUT 1 "C";
    .port_info 2 /INPUT 1 "E";
    .port_info 3 /INPUT 1 "R";
    .port_info 4 /INPUT 1 "D";
o0x7f1681f3ea28 .functor BUFZ 1, c4<z>; HiZ drive
v0x555556ecda50_0 .net "C", 0 0, o0x7f1681f3ea28;  0 drivers
o0x7f1681f3ea58 .functor BUFZ 1, c4<z>; HiZ drive
v0x555556ecdb30_0 .net "D", 0 0, o0x7f1681f3ea58;  0 drivers
o0x7f1681f3ea88 .functor BUFZ 1, c4<z>; HiZ drive
v0x555556ecdbf0_0 .net "E", 0 0, o0x7f1681f3ea88;  0 drivers
v0x555556ecdc90_0 .var "Q", 0 0;
o0x7f1681f3eae8 .functor BUFZ 1, c4<z>; HiZ drive
v0x555556ecdd50_0 .net "R", 0 0, o0x7f1681f3eae8;  0 drivers
E_0x555556ecd9d0/0 .event negedge, v0x555556ecda50_0;
E_0x555556ecd9d0/1 .event posedge, v0x555556ecdd50_0;
E_0x555556ecd9d0 .event/or E_0x555556ecd9d0/0, E_0x555556ecd9d0/1;
S_0x555556e60f00 .scope module, "SB_DFFNES" "SB_DFFNES" 3 1405;
 .timescale -12 -12;
    .port_info 0 /OUTPUT 1 "Q";
    .port_info 1 /INPUT 1 "C";
    .port_info 2 /INPUT 1 "E";
    .port_info 3 /INPUT 1 "S";
    .port_info 4 /INPUT 1 "D";
o0x7f1681f3ec08 .functor BUFZ 1, c4<z>; HiZ drive
v0x555556ecdf80_0 .net "C", 0 0, o0x7f1681f3ec08;  0 drivers
o0x7f1681f3ec38 .functor BUFZ 1, c4<z>; HiZ drive
v0x555556ece060_0 .net "D", 0 0, o0x7f1681f3ec38;  0 drivers
o0x7f1681f3ec68 .functor BUFZ 1, c4<z>; HiZ drive
v0x555556ece120_0 .net "E", 0 0, o0x7f1681f3ec68;  0 drivers
v0x555556ece1c0_0 .var "Q", 0 0;
o0x7f1681f3ecc8 .functor BUFZ 1, c4<z>; HiZ drive
v0x555556ece280_0 .net "S", 0 0, o0x7f1681f3ecc8;  0 drivers
E_0x555556ecdf00/0 .event negedge, v0x555556ecdf80_0;
E_0x555556ecdf00/1 .event posedge, v0x555556ece280_0;
E_0x555556ecdf00 .event/or E_0x555556ecdf00/0, E_0x555556ecdf00/1;
S_0x555556e60b10 .scope module, "SB_DFFNESR" "SB_DFFNESR" 3 1203;
 .timescale -12 -12;
    .port_info 0 /OUTPUT 1 "Q";
    .port_info 1 /INPUT 1 "C";
    .port_info 2 /INPUT 1 "E";
    .port_info 3 /INPUT 1 "R";
    .port_info 4 /INPUT 1 "D";
o0x7f1681f3ede8 .functor BUFZ 1, c4<z>; HiZ drive
v0x555556ece4b0_0 .net "C", 0 0, o0x7f1681f3ede8;  0 drivers
o0x7f1681f3ee18 .functor BUFZ 1, c4<z>; HiZ drive
v0x555556ece590_0 .net "D", 0 0, o0x7f1681f3ee18;  0 drivers
o0x7f1681f3ee48 .functor BUFZ 1, c4<z>; HiZ drive
v0x555556ece650_0 .net "E", 0 0, o0x7f1681f3ee48;  0 drivers
v0x555556ece6f0_0 .var "Q", 0 0;
o0x7f1681f3eea8 .functor BUFZ 1, c4<z>; HiZ drive
v0x555556ece7b0_0 .net "R", 0 0, o0x7f1681f3eea8;  0 drivers
E_0x555556ece430 .event negedge, v0x555556ece4b0_0;
S_0x555556e5ae00 .scope module, "SB_DFFNESS" "SB_DFFNESS" 3 1344;
 .timescale -12 -12;
    .port_info 0 /OUTPUT 1 "Q";
    .port_info 1 /INPUT 1 "C";
    .port_info 2 /INPUT 1 "E";
    .port_info 3 /INPUT 1 "S";
    .port_info 4 /INPUT 1 "D";
o0x7f1681f3efc8 .functor BUFZ 1, c4<z>; HiZ drive
v0x555556ece9e0_0 .net "C", 0 0, o0x7f1681f3efc8;  0 drivers
o0x7f1681f3eff8 .functor BUFZ 1, c4<z>; HiZ drive
v0x555556eceac0_0 .net "D", 0 0, o0x7f1681f3eff8;  0 drivers
o0x7f1681f3f028 .functor BUFZ 1, c4<z>; HiZ drive
v0x555556eceb80_0 .net "E", 0 0, o0x7f1681f3f028;  0 drivers
v0x555556ecec20_0 .var "Q", 0 0;
o0x7f1681f3f088 .functor BUFZ 1, c4<z>; HiZ drive
v0x555556ecece0_0 .net "S", 0 0, o0x7f1681f3f088;  0 drivers
E_0x555556ece960 .event negedge, v0x555556ece9e0_0;
S_0x555556e5daa0 .scope module, "SB_DFFNR" "SB_DFFNR" 3 1011;
 .timescale -12 -12;
    .port_info 0 /OUTPUT 1 "Q";
    .port_info 1 /INPUT 1 "C";
    .port_info 2 /INPUT 1 "R";
    .port_info 3 /INPUT 1 "D";
o0x7f1681f3f1a8 .functor BUFZ 1, c4<z>; HiZ drive
v0x555556ecef10_0 .net "C", 0 0, o0x7f1681f3f1a8;  0 drivers
o0x7f1681f3f1d8 .functor BUFZ 1, c4<z>; HiZ drive
v0x555556eceff0_0 .net "D", 0 0, o0x7f1681f3f1d8;  0 drivers
v0x555556ecf0b0_0 .var "Q", 0 0;
o0x7f1681f3f238 .functor BUFZ 1, c4<z>; HiZ drive
v0x555556ecf150_0 .net "R", 0 0, o0x7f1681f3f238;  0 drivers
E_0x555556ecee90/0 .event negedge, v0x555556ecef10_0;
E_0x555556ecee90/1 .event posedge, v0x555556ecf150_0;
E_0x555556ecee90 .event/or E_0x555556ecee90/0, E_0x555556ecee90/1;
S_0x555556e5d6b0 .scope module, "SB_DFFNS" "SB_DFFNS" 3 1132;
 .timescale -12 -12;
    .port_info 0 /OUTPUT 1 "Q";
    .port_info 1 /INPUT 1 "C";
    .port_info 2 /INPUT 1 "S";
    .port_info 3 /INPUT 1 "D";
o0x7f1681f3f328 .functor BUFZ 1, c4<z>; HiZ drive
v0x555556ecf340_0 .net "C", 0 0, o0x7f1681f3f328;  0 drivers
o0x7f1681f3f358 .functor BUFZ 1, c4<z>; HiZ drive
v0x555556ecf420_0 .net "D", 0 0, o0x7f1681f3f358;  0 drivers
v0x555556ecf4e0_0 .var "Q", 0 0;
o0x7f1681f3f3b8 .functor BUFZ 1, c4<z>; HiZ drive
v0x555556ecf580_0 .net "S", 0 0, o0x7f1681f3f3b8;  0 drivers
E_0x555556ecf2c0/0 .event negedge, v0x555556ecf340_0;
E_0x555556ecf2c0/1 .event posedge, v0x555556ecf580_0;
E_0x555556ecf2c0 .event/or E_0x555556ecf2c0/0, E_0x555556ecf2c0/1;
S_0x555556e5aa40 .scope module, "SB_DFFNSR" "SB_DFFNSR" 3 961;
 .timescale -12 -12;
    .port_info 0 /OUTPUT 1 "Q";
    .port_info 1 /INPUT 1 "C";
    .port_info 2 /INPUT 1 "R";
    .port_info 3 /INPUT 1 "D";
o0x7f1681f3f4a8 .functor BUFZ 1, c4<z>; HiZ drive
v0x555556ecf770_0 .net "C", 0 0, o0x7f1681f3f4a8;  0 drivers
o0x7f1681f3f4d8 .functor BUFZ 1, c4<z>; HiZ drive
v0x555556ecf850_0 .net "D", 0 0, o0x7f1681f3f4d8;  0 drivers
v0x555556ecf910_0 .var "Q", 0 0;
o0x7f1681f3f538 .functor BUFZ 1, c4<z>; HiZ drive
v0x555556ecf9b0_0 .net "R", 0 0, o0x7f1681f3f538;  0 drivers
E_0x555556ecf6f0 .event negedge, v0x555556ecf770_0;
S_0x555556e43910 .scope module, "SB_DFFNSS" "SB_DFFNSS" 3 1082;
 .timescale -12 -12;
    .port_info 0 /OUTPUT 1 "Q";
    .port_info 1 /INPUT 1 "C";
    .port_info 2 /INPUT 1 "S";
    .port_info 3 /INPUT 1 "D";
o0x7f1681f3f628 .functor BUFZ 1, c4<z>; HiZ drive
v0x555556ecfba0_0 .net "C", 0 0, o0x7f1681f3f628;  0 drivers
o0x7f1681f3f658 .functor BUFZ 1, c4<z>; HiZ drive
v0x555556ecfc80_0 .net "D", 0 0, o0x7f1681f3f658;  0 drivers
v0x555556ecfd40_0 .var "Q", 0 0;
o0x7f1681f3f6b8 .functor BUFZ 1, c4<z>; HiZ drive
v0x555556ecfde0_0 .net "S", 0 0, o0x7f1681f3f6b8;  0 drivers
E_0x555556ecfb20 .event negedge, v0x555556ecfba0_0;
S_0x555556e435d0 .scope module, "SB_DFFR" "SB_DFFR" 3 400;
 .timescale -12 -12;
    .port_info 0 /OUTPUT 1 "Q";
    .port_info 1 /INPUT 1 "C";
    .port_info 2 /INPUT 1 "R";
    .port_info 3 /INPUT 1 "D";
o0x7f1681f3f7a8 .functor BUFZ 1, c4<z>; HiZ drive
v0x555556ecffd0_0 .net "C", 0 0, o0x7f1681f3f7a8;  0 drivers
o0x7f1681f3f7d8 .functor BUFZ 1, c4<z>; HiZ drive
v0x555556ed00b0_0 .net "D", 0 0, o0x7f1681f3f7d8;  0 drivers
v0x555556ed0170_0 .var "Q", 0 0;
o0x7f1681f3f838 .functor BUFZ 1, c4<z>; HiZ drive
v0x555556ed0210_0 .net "R", 0 0, o0x7f1681f3f838;  0 drivers
E_0x555556ecff50 .event posedge, v0x555556ed0210_0, v0x555556ecffd0_0;
S_0x555556e3f4c0 .scope module, "SB_DFFS" "SB_DFFS" 3 521;
 .timescale -12 -12;
    .port_info 0 /OUTPUT 1 "Q";
    .port_info 1 /INPUT 1 "C";
    .port_info 2 /INPUT 1 "S";
    .port_info 3 /INPUT 1 "D";
o0x7f1681f3f928 .functor BUFZ 1, c4<z>; HiZ drive
v0x555556ed0400_0 .net "C", 0 0, o0x7f1681f3f928;  0 drivers
o0x7f1681f3f958 .functor BUFZ 1, c4<z>; HiZ drive
v0x555556ed04e0_0 .net "D", 0 0, o0x7f1681f3f958;  0 drivers
v0x555556ed05a0_0 .var "Q", 0 0;
o0x7f1681f3f9b8 .functor BUFZ 1, c4<z>; HiZ drive
v0x555556ed0640_0 .net "S", 0 0, o0x7f1681f3f9b8;  0 drivers
E_0x555556ed0380 .event posedge, v0x555556ed0640_0, v0x555556ed0400_0;
S_0x555556e3f100 .scope module, "SB_DFFSR" "SB_DFFSR" 3 350;
 .timescale -12 -12;
    .port_info 0 /OUTPUT 1 "Q";
    .port_info 1 /INPUT 1 "C";
    .port_info 2 /INPUT 1 "R";
    .port_info 3 /INPUT 1 "D";
o0x7f1681f3faa8 .functor BUFZ 1, c4<z>; HiZ drive
v0x555556ed0830_0 .net "C", 0 0, o0x7f1681f3faa8;  0 drivers
o0x7f1681f3fad8 .functor BUFZ 1, c4<z>; HiZ drive
v0x555556ed0910_0 .net "D", 0 0, o0x7f1681f3fad8;  0 drivers
v0x555556ed09d0_0 .var "Q", 0 0;
o0x7f1681f3fb38 .functor BUFZ 1, c4<z>; HiZ drive
v0x555556ed0a70_0 .net "R", 0 0, o0x7f1681f3fb38;  0 drivers
E_0x555556ed07b0 .event posedge, v0x555556ed0830_0;
S_0x555556e2c540 .scope module, "SB_DFFSS" "SB_DFFSS" 3 471;
 .timescale -12 -12;
    .port_info 0 /OUTPUT 1 "Q";
    .port_info 1 /INPUT 1 "C";
    .port_info 2 /INPUT 1 "S";
    .port_info 3 /INPUT 1 "D";
o0x7f1681f3fc28 .functor BUFZ 1, c4<z>; HiZ drive
v0x555556ed0c60_0 .net "C", 0 0, o0x7f1681f3fc28;  0 drivers
o0x7f1681f3fc58 .functor BUFZ 1, c4<z>; HiZ drive
v0x555556ed0d40_0 .net "D", 0 0, o0x7f1681f3fc58;  0 drivers
v0x555556ed0e00_0 .var "Q", 0 0;
o0x7f1681f3fcb8 .functor BUFZ 1, c4<z>; HiZ drive
v0x555556ed0ea0_0 .net "S", 0 0, o0x7f1681f3fcb8;  0 drivers
E_0x555556ed0be0 .event posedge, v0x555556ed0c60_0;
S_0x555556e2c150 .scope module, "SB_FILTER_50NS" "SB_FILTER_50NS" 3 2856;
 .timescale -12 -12;
    .port_info 0 /INPUT 1 "FILTERIN";
    .port_info 1 /OUTPUT 1 "FILTEROUT";
o0x7f1681f3fda8 .functor BUFZ 1, c4<z>; HiZ drive
v0x555556ed1010_0 .net "FILTERIN", 0 0, o0x7f1681f3fda8;  0 drivers
o0x7f1681f3fdd8 .functor BUFZ 1, c4<z>; HiZ drive
v0x555556ed10f0_0 .net "FILTEROUT", 0 0, o0x7f1681f3fdd8;  0 drivers
S_0x555556e2b980 .scope module, "SB_GB" "SB_GB" 3 162;
 .timescale -12 -12;
    .port_info 0 /INPUT 1 "USER_SIGNAL_TO_GLOBAL_BUFFER";
    .port_info 1 /OUTPUT 1 "GLOBAL_BUFFER_OUTPUT";
o0x7f1681f3fe98 .functor BUFZ 1, c4<z>; HiZ drive
L_0x555556f15380 .functor BUFZ 1, o0x7f1681f3fe98, C4<0>, C4<0>, C4<0>;
v0x555556ed1210_0 .net "GLOBAL_BUFFER_OUTPUT", 0 0, L_0x555556f15380;  1 drivers
v0x555556ed12d0_0 .net "USER_SIGNAL_TO_GLOBAL_BUFFER", 0 0, o0x7f1681f3fe98;  0 drivers
S_0x555556e29630 .scope module, "SB_GB_IO" "SB_GB_IO" 3 123;
 .timescale -12 -12;
    .port_info 0 /INOUT 1 "PACKAGE_PIN";
    .port_info 1 /OUTPUT 1 "GLOBAL_BUFFER_OUTPUT";
    .port_info 2 /INPUT 1 "LATCH_INPUT_VALUE";
    .port_info 3 /INPUT 1 "CLOCK_ENABLE";
    .port_info 4 /INPUT 1 "INPUT_CLK";
    .port_info 5 /INPUT 1 "OUTPUT_CLK";
    .port_info 6 /INPUT 1 "OUTPUT_ENABLE";
    .port_info 7 /INPUT 1 "D_OUT_0";
    .port_info 8 /INPUT 1 "D_OUT_1";
    .port_info 9 /OUTPUT 1 "D_IN_0";
    .port_info 10 /OUTPUT 1 "D_IN_1";
P_0x555556e2a250 .param/str "IO_STANDARD" 0 3 139, "SB_LVCMOS";
P_0x555556e2a290 .param/l "NEG_TRIGGER" 0 3 138, C4<0>;
P_0x555556e2a2d0 .param/l "PIN_TYPE" 0 3 136, C4<000000>;
P_0x555556e2a310 .param/l "PULLUP" 0 3 137, C4<0>;
o0x7f1681f400d8 .functor BUFZ 1, c4<z>; HiZ drive
L_0x555556f153f0 .functor BUFZ 1, o0x7f1681f400d8, C4<0>, C4<0>, C4<0>;
o0x7f1681f3ff28 .functor BUFZ 1, c4<z>; HiZ drive
v0x555556ed3420_0 .net "CLOCK_ENABLE", 0 0, o0x7f1681f3ff28;  0 drivers
v0x555556ed34e0_0 .net "D_IN_0", 0 0, L_0x555556f15660;  1 drivers
v0x555556ed35b0_0 .net "D_IN_1", 0 0, L_0x555556f15720;  1 drivers
o0x7f1681f3ffb8 .functor BUFZ 1, c4<z>; HiZ drive
v0x555556ed36b0_0 .net "D_OUT_0", 0 0, o0x7f1681f3ffb8;  0 drivers
o0x7f1681f3ffe8 .functor BUFZ 1, c4<z>; HiZ drive
v0x555556ed3780_0 .net "D_OUT_1", 0 0, o0x7f1681f3ffe8;  0 drivers
v0x555556ed3820_0 .net "GLOBAL_BUFFER_OUTPUT", 0 0, L_0x555556f153f0;  1 drivers
o0x7f1681f40018 .functor BUFZ 1, c4<z>; HiZ drive
v0x555556ed38c0_0 .net "INPUT_CLK", 0 0, o0x7f1681f40018;  0 drivers
o0x7f1681f40048 .functor BUFZ 1, c4<z>; HiZ drive
v0x555556ed3990_0 .net "LATCH_INPUT_VALUE", 0 0, o0x7f1681f40048;  0 drivers
o0x7f1681f40078 .functor BUFZ 1, c4<z>; HiZ drive
v0x555556ed3a60_0 .net "OUTPUT_CLK", 0 0, o0x7f1681f40078;  0 drivers
o0x7f1681f400a8 .functor BUFZ 1, c4<z>; HiZ drive
v0x555556ed3b30_0 .net "OUTPUT_ENABLE", 0 0, o0x7f1681f400a8;  0 drivers
v0x555556ed3c00_0 .net "PACKAGE_PIN", 0 0, o0x7f1681f400d8;  0 drivers
S_0x555556ed13f0 .scope module, "IO" "SB_IO" 3 148, 3 17 0, S_0x555556e29630;
 .timescale -12 -12;
    .port_info 0 /INOUT 1 "PACKAGE_PIN";
    .port_info 1 /INPUT 1 "LATCH_INPUT_VALUE";
    .port_info 2 /INPUT 1 "CLOCK_ENABLE";
    .port_info 3 /INPUT 1 "INPUT_CLK";
    .port_info 4 /INPUT 1 "OUTPUT_CLK";
    .port_info 5 /INPUT 1 "OUTPUT_ENABLE";
    .port_info 6 /INPUT 1 "D_OUT_0";
    .port_info 7 /INPUT 1 "D_OUT_1";
    .port_info 8 /OUTPUT 1 "D_IN_0";
    .port_info 9 /OUTPUT 1 "D_IN_1";
P_0x555556ec2f00 .param/str "IO_STANDARD" 0 3 32, "SB_LVCMOS";
P_0x555556ec2f40 .param/l "NEG_TRIGGER" 0 3 31, C4<0>;
P_0x555556ec2f80 .param/l "PIN_TYPE" 0 3 29, C4<000000>;
P_0x555556ec2fc0 .param/l "PULLUP" 0 3 30, C4<0>;
L_0x555556f155a0 .functor OR 1, o0x7f1681f3ff28, L_0x555556f154b0, C4<0>, C4<0>;
L_0x555556f15660 .functor BUFZ 1, v0x555556ed29f0_0, C4<0>, C4<0>, C4<0>;
L_0x555556f15720 .functor BUFZ 1, v0x555556ed2ab0_0, C4<0>, C4<0>, C4<0>;
v0x555556ed1e60_0 .net "CLOCK_ENABLE", 0 0, o0x7f1681f3ff28;  alias, 0 drivers
v0x555556ed1f20_0 .net "D_IN_0", 0 0, L_0x555556f15660;  alias, 1 drivers
v0x555556ed1fe0_0 .net "D_IN_1", 0 0, L_0x555556f15720;  alias, 1 drivers
v0x555556ed2080_0 .net "D_OUT_0", 0 0, o0x7f1681f3ffb8;  alias, 0 drivers
v0x555556ed2140_0 .net "D_OUT_1", 0 0, o0x7f1681f3ffe8;  alias, 0 drivers
v0x555556ed2250_0 .net "INPUT_CLK", 0 0, o0x7f1681f40018;  alias, 0 drivers
v0x555556ed2310_0 .net "LATCH_INPUT_VALUE", 0 0, o0x7f1681f40048;  alias, 0 drivers
v0x555556ed23d0_0 .net "OUTPUT_CLK", 0 0, o0x7f1681f40078;  alias, 0 drivers
v0x555556ed2490_0 .net "OUTPUT_ENABLE", 0 0, o0x7f1681f400a8;  alias, 0 drivers
v0x555556ed2550_0 .net "PACKAGE_PIN", 0 0, o0x7f1681f400d8;  alias, 0 drivers
o0x7f1681f40108 .functor BUFZ 1, c4<z>; HiZ drive
; Elide local net with no drivers, v0x555556ed2610_0 name=_ivl_0
v0x555556ed26f0_0 .net *"_ivl_2", 0 0, L_0x555556f154b0;  1 drivers
v0x555556ed27b0_0 .net "clken_pulled", 0 0, L_0x555556f155a0;  1 drivers
v0x555556ed2870_0 .var "clken_pulled_ri", 0 0;
v0x555556ed2930_0 .var "clken_pulled_ro", 0 0;
v0x555556ed29f0_0 .var "din_0", 0 0;
v0x555556ed2ab0_0 .var "din_1", 0 0;
v0x555556ed2c80_0 .var "din_q_0", 0 0;
v0x555556ed2d40_0 .var "din_q_1", 0 0;
v0x555556ed2e00_0 .var "dout", 0 0;
v0x555556ed2ec0_0 .var "dout_q_0", 0 0;
v0x555556ed2f80_0 .var "dout_q_1", 0 0;
v0x555556ed3040_0 .var "outclk_delayed_1", 0 0;
v0x555556ed3100_0 .var "outclk_delayed_2", 0 0;
v0x555556ed31c0_0 .var "outena_q", 0 0;
E_0x555556ed1900 .event anyedge, v0x555556ed3100_0, v0x555556ed2ec0_0, v0x555556ed2f80_0;
E_0x555556ed1960 .event anyedge, v0x555556ed3040_0;
E_0x555556ed19c0 .event anyedge, v0x555556ed23d0_0;
E_0x555556ed1a20 .event anyedge, v0x555556ed2c80_0, v0x555556ed2d40_0;
L_0x555556f154b0 .cmp/eeq 1, o0x7f1681f3ff28, o0x7f1681f40108;
S_0x555556ed1ab0 .scope generate, "genblk1" "genblk1" 3 45, 3 45 0, S_0x555556ed13f0;
 .timescale -12 -12;
E_0x555556ed1c90 .event posedge, v0x555556ed23d0_0;
E_0x555556ed1d10 .event negedge, v0x555556ed23d0_0;
E_0x555556ed1d70 .event negedge, v0x555556ed2250_0;
E_0x555556ed1dd0 .event posedge, v0x555556ed2250_0;
S_0x555556ebc1d0 .scope module, "SB_HFOSC" "SB_HFOSC" 3 2664;
 .timescale -12 -12;
    .port_info 0 /INPUT 1 "TRIM0";
    .port_info 1 /INPUT 1 "TRIM1";
    .port_info 2 /INPUT 1 "TRIM2";
    .port_info 3 /INPUT 1 "TRIM3";
    .port_info 4 /INPUT 1 "TRIM4";
    .port_info 5 /INPUT 1 "TRIM5";
    .port_info 6 /INPUT 1 "TRIM6";
    .port_info 7 /INPUT 1 "TRIM7";
    .port_info 8 /INPUT 1 "TRIM8";
    .port_info 9 /INPUT 1 "TRIM9";
    .port_info 10 /INPUT 1 "CLKHFPU";
    .port_info 11 /INPUT 1 "CLKHFEN";
    .port_info 12 /OUTPUT 1 "CLKHF";
P_0x555556d1a200 .param/str "CLKHF_DIV" 0 3 2680, "0b00";
P_0x555556d1a240 .param/str "TRIM_EN" 0 3 2679, "0b0";
o0x7f1681f407f8 .functor BUFZ 1, c4<z>; HiZ drive
v0x555556ed3cf0_0 .net "CLKHF", 0 0, o0x7f1681f407f8;  0 drivers
o0x7f1681f40828 .functor BUFZ 1, c4<z>; HiZ drive
v0x555556ed3dd0_0 .net "CLKHFEN", 0 0, o0x7f1681f40828;  0 drivers
o0x7f1681f40858 .functor BUFZ 1, c4<z>; HiZ drive
v0x555556ed3e90_0 .net "CLKHFPU", 0 0, o0x7f1681f40858;  0 drivers
o0x7f1681f40888 .functor BUFZ 1, c4<z>; HiZ drive
v0x555556ed3f60_0 .net "TRIM0", 0 0, o0x7f1681f40888;  0 drivers
o0x7f1681f408b8 .functor BUFZ 1, c4<z>; HiZ drive
v0x555556ed4020_0 .net "TRIM1", 0 0, o0x7f1681f408b8;  0 drivers
o0x7f1681f408e8 .functor BUFZ 1, c4<z>; HiZ drive
v0x555556ed40e0_0 .net "TRIM2", 0 0, o0x7f1681f408e8;  0 drivers
o0x7f1681f40918 .functor BUFZ 1, c4<z>; HiZ drive
v0x555556ed41a0_0 .net "TRIM3", 0 0, o0x7f1681f40918;  0 drivers
o0x7f1681f40948 .functor BUFZ 1, c4<z>; HiZ drive
v0x555556ed4260_0 .net "TRIM4", 0 0, o0x7f1681f40948;  0 drivers
o0x7f1681f40978 .functor BUFZ 1, c4<z>; HiZ drive
v0x555556ed4320_0 .net "TRIM5", 0 0, o0x7f1681f40978;  0 drivers
o0x7f1681f409a8 .functor BUFZ 1, c4<z>; HiZ drive
v0x555556ed4470_0 .net "TRIM6", 0 0, o0x7f1681f409a8;  0 drivers
o0x7f1681f409d8 .functor BUFZ 1, c4<z>; HiZ drive
v0x555556ed4530_0 .net "TRIM7", 0 0, o0x7f1681f409d8;  0 drivers
o0x7f1681f40a08 .functor BUFZ 1, c4<z>; HiZ drive
v0x555556ed45f0_0 .net "TRIM8", 0 0, o0x7f1681f40a08;  0 drivers
o0x7f1681f40a38 .functor BUFZ 1, c4<z>; HiZ drive
v0x555556ed46b0_0 .net "TRIM9", 0 0, o0x7f1681f40a38;  0 drivers
S_0x555556e69320 .scope module, "SB_I2C" "SB_I2C" 3 2733;
 .timescale -12 -12;
    .port_info 0 /INPUT 1 "SBCLKI";
    .port_info 1 /INPUT 1 "SBRWI";
    .port_info 2 /INPUT 1 "SBSTBI";
    .port_info 3 /INPUT 1 "SBADRI7";
    .port_info 4 /INPUT 1 "SBADRI6";
    .port_info 5 /INPUT 1 "SBADRI5";
    .port_info 6 /INPUT 1 "SBADRI4";
    .port_info 7 /INPUT 1 "SBADRI3";
    .port_info 8 /INPUT 1 "SBADRI2";
    .port_info 9 /INPUT 1 "SBADRI1";
    .port_info 10 /INPUT 1 "SBADRI0";
    .port_info 11 /INPUT 1 "SBDATI7";
    .port_info 12 /INPUT 1 "SBDATI6";
    .port_info 13 /INPUT 1 "SBDATI5";
    .port_info 14 /INPUT 1 "SBDATI4";
    .port_info 15 /INPUT 1 "SBDATI3";
    .port_info 16 /INPUT 1 "SBDATI2";
    .port_info 17 /INPUT 1 "SBDATI1";
    .port_info 18 /INPUT 1 "SBDATI0";
    .port_info 19 /INPUT 1 "SCLI";
    .port_info 20 /INPUT 1 "SDAI";
    .port_info 21 /OUTPUT 1 "SBDATO7";
    .port_info 22 /OUTPUT 1 "SBDATO6";
    .port_info 23 /OUTPUT 1 "SBDATO5";
    .port_info 24 /OUTPUT 1 "SBDATO4";
    .port_info 25 /OUTPUT 1 "SBDATO3";
    .port_info 26 /OUTPUT 1 "SBDATO2";
    .port_info 27 /OUTPUT 1 "SBDATO1";
    .port_info 28 /OUTPUT 1 "SBDATO0";
    .port_info 29 /OUTPUT 1 "SBACKO";
    .port_info 30 /OUTPUT 1 "I2CIRQ";
    .port_info 31 /OUTPUT 1 "I2CWKUP";
    .port_info 32 /OUTPUT 1 "SCLO";
    .port_info 33 /OUTPUT 1 "SCLOE";
    .port_info 34 /OUTPUT 1 "SDAO";
    .port_info 35 /OUTPUT 1 "SDAOE";
P_0x555556d1a350 .param/str "BUS_ADDR74" 0 3 2772, "0b0001";
P_0x555556d1a390 .param/str "I2C_SLAVE_INIT_ADDR" 0 3 2771, "0b1111100001";
o0x7f1681f40cd8 .functor BUFZ 1, c4<z>; HiZ drive
v0x555556ed4980_0 .net "I2CIRQ", 0 0, o0x7f1681f40cd8;  0 drivers
o0x7f1681f40d08 .functor BUFZ 1, c4<z>; HiZ drive
v0x555556ed4a60_0 .net "I2CWKUP", 0 0, o0x7f1681f40d08;  0 drivers
o0x7f1681f40d38 .functor BUFZ 1, c4<z>; HiZ drive
v0x555556ed4b20_0 .net "SBACKO", 0 0, o0x7f1681f40d38;  0 drivers
o0x7f1681f40d68 .functor BUFZ 1, c4<z>; HiZ drive
v0x555556ed4bc0_0 .net "SBADRI0", 0 0, o0x7f1681f40d68;  0 drivers
o0x7f1681f40d98 .functor BUFZ 1, c4<z>; HiZ drive
v0x555556ed4c80_0 .net "SBADRI1", 0 0, o0x7f1681f40d98;  0 drivers
o0x7f1681f40dc8 .functor BUFZ 1, c4<z>; HiZ drive
v0x555556ed4d40_0 .net "SBADRI2", 0 0, o0x7f1681f40dc8;  0 drivers
o0x7f1681f40df8 .functor BUFZ 1, c4<z>; HiZ drive
v0x555556ed4e00_0 .net "SBADRI3", 0 0, o0x7f1681f40df8;  0 drivers
o0x7f1681f40e28 .functor BUFZ 1, c4<z>; HiZ drive
v0x555556ed4ec0_0 .net "SBADRI4", 0 0, o0x7f1681f40e28;  0 drivers
o0x7f1681f40e58 .functor BUFZ 1, c4<z>; HiZ drive
v0x555556ed4f80_0 .net "SBADRI5", 0 0, o0x7f1681f40e58;  0 drivers
o0x7f1681f40e88 .functor BUFZ 1, c4<z>; HiZ drive
v0x555556ed50d0_0 .net "SBADRI6", 0 0, o0x7f1681f40e88;  0 drivers
o0x7f1681f40eb8 .functor BUFZ 1, c4<z>; HiZ drive
v0x555556ed5190_0 .net "SBADRI7", 0 0, o0x7f1681f40eb8;  0 drivers
o0x7f1681f40ee8 .functor BUFZ 1, c4<z>; HiZ drive
v0x555556ed5250_0 .net "SBCLKI", 0 0, o0x7f1681f40ee8;  0 drivers
o0x7f1681f40f18 .functor BUFZ 1, c4<z>; HiZ drive
v0x555556ed5310_0 .net "SBDATI0", 0 0, o0x7f1681f40f18;  0 drivers
o0x7f1681f40f48 .functor BUFZ 1, c4<z>; HiZ drive
v0x555556ed53d0_0 .net "SBDATI1", 0 0, o0x7f1681f40f48;  0 drivers
o0x7f1681f40f78 .functor BUFZ 1, c4<z>; HiZ drive
v0x555556ed5490_0 .net "SBDATI2", 0 0, o0x7f1681f40f78;  0 drivers
o0x7f1681f40fa8 .functor BUFZ 1, c4<z>; HiZ drive
v0x555556ed5550_0 .net "SBDATI3", 0 0, o0x7f1681f40fa8;  0 drivers
o0x7f1681f40fd8 .functor BUFZ 1, c4<z>; HiZ drive
v0x555556ed5610_0 .net "SBDATI4", 0 0, o0x7f1681f40fd8;  0 drivers
o0x7f1681f41008 .functor BUFZ 1, c4<z>; HiZ drive
v0x555556ed57e0_0 .net "SBDATI5", 0 0, o0x7f1681f41008;  0 drivers
o0x7f1681f41038 .functor BUFZ 1, c4<z>; HiZ drive
v0x555556ed58a0_0 .net "SBDATI6", 0 0, o0x7f1681f41038;  0 drivers
o0x7f1681f41068 .functor BUFZ 1, c4<z>; HiZ drive
v0x555556ed5960_0 .net "SBDATI7", 0 0, o0x7f1681f41068;  0 drivers
o0x7f1681f41098 .functor BUFZ 1, c4<z>; HiZ drive
v0x555556ed5a20_0 .net "SBDATO0", 0 0, o0x7f1681f41098;  0 drivers
o0x7f1681f410c8 .functor BUFZ 1, c4<z>; HiZ drive
v0x555556ed5ae0_0 .net "SBDATO1", 0 0, o0x7f1681f410c8;  0 drivers
o0x7f1681f410f8 .functor BUFZ 1, c4<z>; HiZ drive
v0x555556ed5ba0_0 .net "SBDATO2", 0 0, o0x7f1681f410f8;  0 drivers
o0x7f1681f41128 .functor BUFZ 1, c4<z>; HiZ drive
v0x555556ed5c60_0 .net "SBDATO3", 0 0, o0x7f1681f41128;  0 drivers
o0x7f1681f41158 .functor BUFZ 1, c4<z>; HiZ drive
v0x555556ed5d20_0 .net "SBDATO4", 0 0, o0x7f1681f41158;  0 drivers
o0x7f1681f41188 .functor BUFZ 1, c4<z>; HiZ drive
v0x555556ed5de0_0 .net "SBDATO5", 0 0, o0x7f1681f41188;  0 drivers
o0x7f1681f411b8 .functor BUFZ 1, c4<z>; HiZ drive
v0x555556ed5ea0_0 .net "SBDATO6", 0 0, o0x7f1681f411b8;  0 drivers
o0x7f1681f411e8 .functor BUFZ 1, c4<z>; HiZ drive
v0x555556ed5f60_0 .net "SBDATO7", 0 0, o0x7f1681f411e8;  0 drivers
o0x7f1681f41218 .functor BUFZ 1, c4<z>; HiZ drive
v0x555556ed6020_0 .net "SBRWI", 0 0, o0x7f1681f41218;  0 drivers
o0x7f1681f41248 .functor BUFZ 1, c4<z>; HiZ drive
v0x555556ed60e0_0 .net "SBSTBI", 0 0, o0x7f1681f41248;  0 drivers
o0x7f1681f41278 .functor BUFZ 1, c4<z>; HiZ drive
v0x555556ed61a0_0 .net "SCLI", 0 0, o0x7f1681f41278;  0 drivers
o0x7f1681f412a8 .functor BUFZ 1, c4<z>; HiZ drive
v0x555556ed6260_0 .net "SCLO", 0 0, o0x7f1681f412a8;  0 drivers
o0x7f1681f412d8 .functor BUFZ 1, c4<z>; HiZ drive
v0x555556ed6320_0 .net "SCLOE", 0 0, o0x7f1681f412d8;  0 drivers
o0x7f1681f41308 .functor BUFZ 1, c4<z>; HiZ drive
v0x555556ed63e0_0 .net "SDAI", 0 0, o0x7f1681f41308;  0 drivers
o0x7f1681f41338 .functor BUFZ 1, c4<z>; HiZ drive
v0x555556ed64a0_0 .net "SDAO", 0 0, o0x7f1681f41338;  0 drivers
o0x7f1681f41368 .functor BUFZ 1, c4<z>; HiZ drive
v0x555556ed6560_0 .net "SDAOE", 0 0, o0x7f1681f41368;  0 drivers
S_0x555556e812b0 .scope module, "SB_IO_I3C" "SB_IO_I3C" 3 2862;
 .timescale -12 -12;
    .port_info 0 /INOUT 1 "PACKAGE_PIN";
    .port_info 1 /INPUT 1 "LATCH_INPUT_VALUE";
    .port_info 2 /INPUT 1 "CLOCK_ENABLE";
    .port_info 3 /INPUT 1 "INPUT_CLK";
    .port_info 4 /INPUT 1 "OUTPUT_CLK";
    .port_info 5 /INPUT 1 "OUTPUT_ENABLE";
    .port_info 6 /INPUT 1 "D_OUT_0";
    .port_info 7 /INPUT 1 "D_OUT_1";
    .port_info 8 /OUTPUT 1 "D_IN_0";
    .port_info 9 /OUTPUT 1 "D_IN_1";
    .port_info 10 /INPUT 1 "PU_ENB";
    .port_info 11 /INPUT 1 "WEAK_PU_ENB";
P_0x555556e6a000 .param/str "IO_STANDARD" 0 3 2880, "SB_LVCMOS";
P_0x555556e6a040 .param/l "NEG_TRIGGER" 0 3 2879, C4<0>;
P_0x555556e6a080 .param/l "PIN_TYPE" 0 3 2876, C4<000000>;
P_0x555556e6a0c0 .param/l "PULLUP" 0 3 2877, C4<0>;
P_0x555556e6a100 .param/l "WEAK_PULLUP" 0 3 2878, C4<0>;
L_0x555556f157e0 .functor BUFZ 1, v0x555556ed7900_0, C4<0>, C4<0>, C4<0>;
L_0x555556f15850 .functor BUFZ 1, v0x555556ed79c0_0, C4<0>, C4<0>, C4<0>;
o0x7f1681f41a58 .functor BUFZ 1, c4<z>; HiZ drive
v0x555556ed6fd0_0 .net "CLOCK_ENABLE", 0 0, o0x7f1681f41a58;  0 drivers
v0x555556ed7090_0 .net "D_IN_0", 0 0, L_0x555556f157e0;  1 drivers
v0x555556ed7150_0 .net "D_IN_1", 0 0, L_0x555556f15850;  1 drivers
o0x7f1681f41ae8 .functor BUFZ 1, c4<z>; HiZ drive
v0x555556ed71f0_0 .net "D_OUT_0", 0 0, o0x7f1681f41ae8;  0 drivers
o0x7f1681f41b18 .functor BUFZ 1, c4<z>; HiZ drive
v0x555556ed72b0_0 .net "D_OUT_1", 0 0, o0x7f1681f41b18;  0 drivers
o0x7f1681f41b48 .functor BUFZ 1, c4<z>; HiZ drive
v0x555556ed73c0_0 .net "INPUT_CLK", 0 0, o0x7f1681f41b48;  0 drivers
o0x7f1681f41b78 .functor BUFZ 1, c4<z>; HiZ drive
v0x555556ed7480_0 .net "LATCH_INPUT_VALUE", 0 0, o0x7f1681f41b78;  0 drivers
o0x7f1681f41ba8 .functor BUFZ 1, c4<z>; HiZ drive
v0x555556ed7540_0 .net "OUTPUT_CLK", 0 0, o0x7f1681f41ba8;  0 drivers
o0x7f1681f41bd8 .functor BUFZ 1, c4<z>; HiZ drive
v0x555556ed7600_0 .net "OUTPUT_ENABLE", 0 0, o0x7f1681f41bd8;  0 drivers
o0x7f1681f41c08 .functor BUFZ 1, c4<z>; HiZ drive
v0x555556ed76c0_0 .net "PACKAGE_PIN", 0 0, o0x7f1681f41c08;  0 drivers
o0x7f1681f41c38 .functor BUFZ 1, c4<z>; HiZ drive
v0x555556ed7780_0 .net "PU_ENB", 0 0, o0x7f1681f41c38;  0 drivers
o0x7f1681f41c68 .functor BUFZ 1, c4<z>; HiZ drive
v0x555556ed7840_0 .net "WEAK_PU_ENB", 0 0, o0x7f1681f41c68;  0 drivers
v0x555556ed7900_0 .var "din_0", 0 0;
v0x555556ed79c0_0 .var "din_1", 0 0;
v0x555556ed7a80_0 .var "din_q_0", 0 0;
v0x555556ed7b40_0 .var "din_q_1", 0 0;
v0x555556ed7c00_0 .var "dout", 0 0;
v0x555556ed7cc0_0 .var "dout_q_0", 0 0;
v0x555556ed7d80_0 .var "dout_q_1", 0 0;
v0x555556ed7e40_0 .var "outclk_delayed_1", 0 0;
v0x555556ed7f00_0 .var "outclk_delayed_2", 0 0;
v0x555556ed7fc0_0 .var "outena_q", 0 0;
E_0x555556ed6aa0 .event anyedge, v0x555556ed7f00_0, v0x555556ed7cc0_0, v0x555556ed7d80_0;
E_0x555556ed6b20 .event anyedge, v0x555556ed7e40_0;
E_0x555556ed6b80 .event anyedge, v0x555556ed7540_0;
E_0x555556ed6be0 .event anyedge, v0x555556ed7a80_0, v0x555556ed7b40_0;
S_0x555556ed6c70 .scope generate, "genblk1" "genblk1" 3 2888, 3 2888 0, S_0x555556e812b0;
 .timescale -12 -12;
E_0x555556ed6e00 .event posedge, v0x555556ed7540_0;
E_0x555556ed6e80 .event negedge, v0x555556ed7540_0;
E_0x555556ed6ee0 .event negedge, v0x555556ed73c0_0;
E_0x555556ed6f40 .event posedge, v0x555556ed73c0_0;
S_0x555556e6b1b0 .scope module, "SB_IO_OD" "SB_IO_OD" 3 2931;
 .timescale -12 -12;
    .port_info 0 /INOUT 1 "PACKAGEPIN";
    .port_info 1 /INPUT 1 "LATCHINPUTVALUE";
    .port_info 2 /INPUT 1 "CLOCKENABLE";
    .port_info 3 /INPUT 1 "INPUTCLK";
    .port_info 4 /INPUT 1 "OUTPUTCLK";
    .port_info 5 /INPUT 1 "OUTPUTENABLE";
    .port_info 6 /INPUT 1 "DOUT1";
    .port_info 7 /INPUT 1 "DOUT0";
    .port_info 8 /OUTPUT 1 "DIN1";
    .port_info 9 /OUTPUT 1 "DIN0";
P_0x555556d17770 .param/l "NEG_TRIGGER" 0 3 2944, C4<0>;
P_0x555556d177b0 .param/l "PIN_TYPE" 0 3 2943, C4<000000>;
L_0x555556f158c0 .functor BUFZ 1, v0x555556ed8ee0_0, C4<0>, C4<0>, C4<0>;
L_0x555556f15930 .functor BUFZ 1, v0x555556ed8fa0_0, C4<0>, C4<0>, C4<0>;
o0x7f1681f420b8 .functor BUFZ 1, c4<z>; HiZ drive
v0x555556ed8730_0 .net "CLOCKENABLE", 0 0, o0x7f1681f420b8;  0 drivers
v0x555556ed87f0_0 .net "DIN0", 0 0, L_0x555556f158c0;  1 drivers
v0x555556ed88b0_0 .net "DIN1", 0 0, L_0x555556f15930;  1 drivers
o0x7f1681f42148 .functor BUFZ 1, c4<z>; HiZ drive
v0x555556ed8950_0 .net "DOUT0", 0 0, o0x7f1681f42148;  0 drivers
o0x7f1681f42178 .functor BUFZ 1, c4<z>; HiZ drive
v0x555556ed8a10_0 .net "DOUT1", 0 0, o0x7f1681f42178;  0 drivers
o0x7f1681f421a8 .functor BUFZ 1, c4<z>; HiZ drive
v0x555556ed8b20_0 .net "INPUTCLK", 0 0, o0x7f1681f421a8;  0 drivers
o0x7f1681f421d8 .functor BUFZ 1, c4<z>; HiZ drive
v0x555556ed8be0_0 .net "LATCHINPUTVALUE", 0 0, o0x7f1681f421d8;  0 drivers
o0x7f1681f42208 .functor BUFZ 1, c4<z>; HiZ drive
v0x555556ed8ca0_0 .net "OUTPUTCLK", 0 0, o0x7f1681f42208;  0 drivers
o0x7f1681f42238 .functor BUFZ 1, c4<z>; HiZ drive
v0x555556ed8d60_0 .net "OUTPUTENABLE", 0 0, o0x7f1681f42238;  0 drivers
o0x7f1681f42268 .functor BUFZ 1, c4<z>; HiZ drive
v0x555556ed8e20_0 .net "PACKAGEPIN", 0 0, o0x7f1681f42268;  0 drivers
v0x555556ed8ee0_0 .var "din_0", 0 0;
v0x555556ed8fa0_0 .var "din_1", 0 0;
v0x555556ed9060_0 .var "din_q_0", 0 0;
v0x555556ed9120_0 .var "din_q_1", 0 0;
v0x555556ed91e0_0 .var "dout", 0 0;
v0x555556ed92a0_0 .var "dout_q_0", 0 0;
v0x555556ed9360_0 .var "dout_q_1", 0 0;
v0x555556ed9530_0 .var "outclk_delayed_1", 0 0;
v0x555556ed95f0_0 .var "outclk_delayed_2", 0 0;
v0x555556ed96b0_0 .var "outena_q", 0 0;
E_0x555556ed8200 .event anyedge, v0x555556ed95f0_0, v0x555556ed92a0_0, v0x555556ed9360_0;
E_0x555556ed8280 .event anyedge, v0x555556ed9530_0;
E_0x555556ed82e0 .event anyedge, v0x555556ed8ca0_0;
E_0x555556ed8340 .event anyedge, v0x555556ed9060_0, v0x555556ed9120_0;
S_0x555556ed83d0 .scope generate, "genblk1" "genblk1" 3 2952, 3 2952 0, S_0x555556e6b1b0;
 .timescale -12 -12;
E_0x555556ed8560 .event posedge, v0x555556ed8ca0_0;
E_0x555556ed85e0 .event negedge, v0x555556ed8ca0_0;
E_0x555556ed8640 .event negedge, v0x555556ed8b20_0;
E_0x555556ed86a0 .event posedge, v0x555556ed8b20_0;
S_0x555556e7bc60 .scope module, "SB_LEDDA_IP" "SB_LEDDA_IP" 3 2830;
 .timescale -12 -12;
    .port_info 0 /INPUT 1 "LEDDCS";
    .port_info 1 /INPUT 1 "LEDDCLK";
    .port_info 2 /INPUT 1 "LEDDDAT7";
    .port_info 3 /INPUT 1 "LEDDDAT6";
    .port_info 4 /INPUT 1 "LEDDDAT5";
    .port_info 5 /INPUT 1 "LEDDDAT4";
    .port_info 6 /INPUT 1 "LEDDDAT3";
    .port_info 7 /INPUT 1 "LEDDDAT2";
    .port_info 8 /INPUT 1 "LEDDDAT1";
    .port_info 9 /INPUT 1 "LEDDDAT0";
    .port_info 10 /INPUT 1 "LEDDADDR3";
    .port_info 11 /INPUT 1 "LEDDADDR2";
    .port_info 12 /INPUT 1 "LEDDADDR1";
    .port_info 13 /INPUT 1 "LEDDADDR0";
    .port_info 14 /INPUT 1 "LEDDDEN";
    .port_info 15 /INPUT 1 "LEDDEXE";
    .port_info 16 /INPUT 1 "LEDDRST";
    .port_info 17 /OUTPUT 1 "PWMOUT0";
    .port_info 18 /OUTPUT 1 "PWMOUT1";
    .port_info 19 /OUTPUT 1 "PWMOUT2";
    .port_info 20 /OUTPUT 1 "LEDDON";
o0x7f1681f42658 .functor BUFZ 1, c4<z>; HiZ drive
v0x555556ed98b0_0 .net "LEDDADDR0", 0 0, o0x7f1681f42658;  0 drivers
o0x7f1681f42688 .functor BUFZ 1, c4<z>; HiZ drive
v0x555556ed9990_0 .net "LEDDADDR1", 0 0, o0x7f1681f42688;  0 drivers
o0x7f1681f426b8 .functor BUFZ 1, c4<z>; HiZ drive
v0x555556ed9a50_0 .net "LEDDADDR2", 0 0, o0x7f1681f426b8;  0 drivers
o0x7f1681f426e8 .functor BUFZ 1, c4<z>; HiZ drive
v0x555556ed9af0_0 .net "LEDDADDR3", 0 0, o0x7f1681f426e8;  0 drivers
o0x7f1681f42718 .functor BUFZ 1, c4<z>; HiZ drive
v0x555556ed9bb0_0 .net "LEDDCLK", 0 0, o0x7f1681f42718;  0 drivers
o0x7f1681f42748 .functor BUFZ 1, c4<z>; HiZ drive
v0x555556ed9c70_0 .net "LEDDCS", 0 0, o0x7f1681f42748;  0 drivers
o0x7f1681f42778 .functor BUFZ 1, c4<z>; HiZ drive
v0x555556ed9d30_0 .net "LEDDDAT0", 0 0, o0x7f1681f42778;  0 drivers
o0x7f1681f427a8 .functor BUFZ 1, c4<z>; HiZ drive
v0x555556ed9df0_0 .net "LEDDDAT1", 0 0, o0x7f1681f427a8;  0 drivers
o0x7f1681f427d8 .functor BUFZ 1, c4<z>; HiZ drive
v0x555556ed9eb0_0 .net "LEDDDAT2", 0 0, o0x7f1681f427d8;  0 drivers
o0x7f1681f42808 .functor BUFZ 1, c4<z>; HiZ drive
v0x555556ed9f70_0 .net "LEDDDAT3", 0 0, o0x7f1681f42808;  0 drivers
o0x7f1681f42838 .functor BUFZ 1, c4<z>; HiZ drive
v0x555556eda030_0 .net "LEDDDAT4", 0 0, o0x7f1681f42838;  0 drivers
o0x7f1681f42868 .functor BUFZ 1, c4<z>; HiZ drive
v0x555556eda0f0_0 .net "LEDDDAT5", 0 0, o0x7f1681f42868;  0 drivers
o0x7f1681f42898 .functor BUFZ 1, c4<z>; HiZ drive
v0x555556eda1b0_0 .net "LEDDDAT6", 0 0, o0x7f1681f42898;  0 drivers
o0x7f1681f428c8 .functor BUFZ 1, c4<z>; HiZ drive
v0x555556eda270_0 .net "LEDDDAT7", 0 0, o0x7f1681f428c8;  0 drivers
o0x7f1681f428f8 .functor BUFZ 1, c4<z>; HiZ drive
v0x555556eda330_0 .net "LEDDDEN", 0 0, o0x7f1681f428f8;  0 drivers
o0x7f1681f42928 .functor BUFZ 1, c4<z>; HiZ drive
v0x555556eda3f0_0 .net "LEDDEXE", 0 0, o0x7f1681f42928;  0 drivers
o0x7f1681f42958 .functor BUFZ 1, c4<z>; HiZ drive
v0x555556eda4b0_0 .net "LEDDON", 0 0, o0x7f1681f42958;  0 drivers
o0x7f1681f42988 .functor BUFZ 1, c4<z>; HiZ drive
v0x555556eda680_0 .net "LEDDRST", 0 0, o0x7f1681f42988;  0 drivers
o0x7f1681f429b8 .functor BUFZ 1, c4<z>; HiZ drive
v0x555556eda740_0 .net "PWMOUT0", 0 0, o0x7f1681f429b8;  0 drivers
o0x7f1681f429e8 .functor BUFZ 1, c4<z>; HiZ drive
v0x555556eda800_0 .net "PWMOUT1", 0 0, o0x7f1681f429e8;  0 drivers
o0x7f1681f42a18 .functor BUFZ 1, c4<z>; HiZ drive
v0x555556eda8c0_0 .net "PWMOUT2", 0 0, o0x7f1681f42a18;  0 drivers
S_0x555556e76de0 .scope module, "SB_LED_DRV_CUR" "SB_LED_DRV_CUR" 3 2709;
 .timescale -12 -12;
    .port_info 0 /INPUT 1 "EN";
    .port_info 1 /OUTPUT 1 "LEDPU";
o0x7f1681f42e38 .functor BUFZ 1, c4<z>; HiZ drive
v0x555556edacd0_0 .net "EN", 0 0, o0x7f1681f42e38;  0 drivers
o0x7f1681f42e68 .functor BUFZ 1, c4<z>; HiZ drive
v0x555556edadb0_0 .net "LEDPU", 0 0, o0x7f1681f42e68;  0 drivers
S_0x555556e664c0 .scope module, "SB_LFOSC" "SB_LFOSC" 3 2684;
 .timescale -12 -12;
    .port_info 0 /INPUT 1 "CLKLFPU";
    .port_info 1 /INPUT 1 "CLKLFEN";
    .port_info 2 /OUTPUT 1 "CLKLF";
o0x7f1681f42ef8 .functor BUFZ 1, c4<z>; HiZ drive
v0x555556edaed0_0 .net "CLKLF", 0 0, o0x7f1681f42ef8;  0 drivers
o0x7f1681f42f28 .functor BUFZ 1, c4<z>; HiZ drive
v0x555556edaf90_0 .net "CLKLFEN", 0 0, o0x7f1681f42f28;  0 drivers
o0x7f1681f42f58 .functor BUFZ 1, c4<z>; HiZ drive
v0x555556edb050_0 .net "CLKLFPU", 0 0, o0x7f1681f42f58;  0 drivers
S_0x555556e68bb0 .scope module, "SB_LUT4" "SB_LUT4" 3 177;
 .timescale -12 -12;
    .port_info 0 /OUTPUT 1 "O";
    .port_info 1 /INPUT 1 "I0";
    .port_info 2 /INPUT 1 "I1";
    .port_info 3 /INPUT 1 "I2";
    .port_info 4 /INPUT 1 "I3";
P_0x555556e24ee0 .param/l "LUT_INIT" 0 3 184, C4<0000000000000000>;
o0x7f1681f43018 .functor BUFZ 1, c4<z>; HiZ drive
v0x555556edb170_0 .net "I0", 0 0, o0x7f1681f43018;  0 drivers
o0x7f1681f43048 .functor BUFZ 1, c4<z>; HiZ drive
v0x555556edb230_0 .net "I1", 0 0, o0x7f1681f43048;  0 drivers
o0x7f1681f43078 .functor BUFZ 1, c4<z>; HiZ drive
v0x555556edb2f0_0 .net "I2", 0 0, o0x7f1681f43078;  0 drivers
o0x7f1681f430a8 .functor BUFZ 1, c4<z>; HiZ drive
v0x555556edb3c0_0 .net "I3", 0 0, o0x7f1681f430a8;  0 drivers
v0x555556edb480_0 .net "O", 0 0, L_0x555556f16390;  1 drivers
L_0x7f1681ad03c0 .functor BUFT 1, C4<00000000>, C4<0>, C4<0>, C4<0>;
v0x555556edb540_0 .net/2u *"_ivl_0", 7 0, L_0x7f1681ad03c0;  1 drivers
v0x555556edb620_0 .net *"_ivl_13", 1 0, L_0x555556f15ea0;  1 drivers
v0x555556edb700_0 .net *"_ivl_15", 1 0, L_0x555556f15f90;  1 drivers
v0x555556edb7e0_0 .net *"_ivl_19", 0 0, L_0x555556f161b0;  1 drivers
L_0x7f1681ad0408 .functor BUFT 1, C4<00000000>, C4<0>, C4<0>, C4<0>;
v0x555556edb8c0_0 .net/2u *"_ivl_2", 7 0, L_0x7f1681ad0408;  1 drivers
v0x555556edb9a0_0 .net *"_ivl_21", 0 0, L_0x555556f162f0;  1 drivers
v0x555556edba80_0 .net *"_ivl_7", 3 0, L_0x555556f15b70;  1 drivers
v0x555556edbb60_0 .net *"_ivl_9", 3 0, L_0x555556f15c60;  1 drivers
v0x555556edbc40_0 .net "s1", 1 0, L_0x555556f16070;  1 drivers
v0x555556edbd20_0 .net "s2", 3 0, L_0x555556f15d00;  1 drivers
v0x555556edbe00_0 .net "s3", 7 0, L_0x555556f159d0;  1 drivers
L_0x555556f159d0 .functor MUXZ 8, L_0x7f1681ad0408, L_0x7f1681ad03c0, o0x7f1681f430a8, C4<>;
L_0x555556f15b70 .part L_0x555556f159d0, 4, 4;
L_0x555556f15c60 .part L_0x555556f159d0, 0, 4;
L_0x555556f15d00 .functor MUXZ 4, L_0x555556f15c60, L_0x555556f15b70, o0x7f1681f43078, C4<>;
L_0x555556f15ea0 .part L_0x555556f15d00, 2, 2;
L_0x555556f15f90 .part L_0x555556f15d00, 0, 2;
L_0x555556f16070 .functor MUXZ 2, L_0x555556f15f90, L_0x555556f15ea0, o0x7f1681f43048, C4<>;
L_0x555556f161b0 .part L_0x555556f16070, 1, 1;
L_0x555556f162f0 .part L_0x555556f16070, 0, 1;
L_0x555556f16390 .functor MUXZ 1, L_0x555556f162f0, L_0x555556f161b0, o0x7f1681f43018, C4<>;
S_0x555556e67e60 .scope module, "SB_MAC16" "SB_MAC16" 3 2996;
 .timescale -12 -12;
    .port_info 0 /INPUT 1 "CLK";
    .port_info 1 /INPUT 1 "CE";
    .port_info 2 /INPUT 16 "C";
    .port_info 3 /INPUT 16 "A";
    .port_info 4 /INPUT 16 "B";
    .port_info 5 /INPUT 16 "D";
    .port_info 6 /INPUT 1 "AHOLD";
    .port_info 7 /INPUT 1 "BHOLD";
    .port_info 8 /INPUT 1 "CHOLD";
    .port_info 9 /INPUT 1 "DHOLD";
    .port_info 10 /INPUT 1 "IRSTTOP";
    .port_info 11 /INPUT 1 "IRSTBOT";
    .port_info 12 /INPUT 1 "ORSTTOP";
    .port_info 13 /INPUT 1 "ORSTBOT";
    .port_info 14 /INPUT 1 "OLOADTOP";
    .port_info 15 /INPUT 1 "OLOADBOT";
    .port_info 16 /INPUT 1 "ADDSUBTOP";
    .port_info 17 /INPUT 1 "ADDSUBBOT";
    .port_info 18 /INPUT 1 "OHOLDTOP";
    .port_info 19 /INPUT 1 "OHOLDBOT";
    .port_info 20 /INPUT 1 "CI";
    .port_info 21 /INPUT 1 "ACCUMCI";
    .port_info 22 /INPUT 1 "SIGNEXTIN";
    .port_info 23 /OUTPUT 32 "O";
    .port_info 24 /OUTPUT 1 "CO";
    .port_info 25 /OUTPUT 1 "ACCUMCO";
    .port_info 26 /OUTPUT 1 "SIGNEXTOUT";
P_0x555556d2b2b0 .param/l "A_REG" 0 3 3011, C4<0>;
P_0x555556d2b2f0 .param/l "A_SIGNED" 0 3 3027, C4<0>;
P_0x555556d2b330 .param/l "BOTADDSUB_CARRYSELECT" 0 3 3025, C4<00>;
P_0x555556d2b370 .param/l "BOTADDSUB_LOWERINPUT" 0 3 3023, C4<00>;
P_0x555556d2b3b0 .param/l "BOTADDSUB_UPPERINPUT" 0 3 3024, C4<0>;
P_0x555556d2b3f0 .param/l "BOTOUTPUT_SELECT" 0 3 3022, C4<00>;
P_0x555556d2b430 .param/l "BOT_8x8_MULT_REG" 0 3 3015, C4<0>;
P_0x555556d2b470 .param/l "B_REG" 0 3 3012, C4<0>;
P_0x555556d2b4b0 .param/l "B_SIGNED" 0 3 3028, C4<0>;
P_0x555556d2b4f0 .param/l "C_REG" 0 3 3010, C4<0>;
P_0x555556d2b530 .param/l "D_REG" 0 3 3013, C4<0>;
P_0x555556d2b570 .param/l "MODE_8x8" 0 3 3026, C4<0>;
P_0x555556d2b5b0 .param/l "NEG_TRIGGER" 0 3 3009, C4<0>;
P_0x555556d2b5f0 .param/l "PIPELINE_16x16_MULT_REG1" 0 3 3016, C4<0>;
P_0x555556d2b630 .param/l "PIPELINE_16x16_MULT_REG2" 0 3 3017, C4<0>;
P_0x555556d2b670 .param/l "TOPADDSUB_CARRYSELECT" 0 3 3021, C4<00>;
P_0x555556d2b6b0 .param/l "TOPADDSUB_LOWERINPUT" 0 3 3019, C4<00>;
P_0x555556d2b6f0 .param/l "TOPADDSUB_UPPERINPUT" 0 3 3020, C4<0>;
P_0x555556d2b730 .param/l "TOPOUTPUT_SELECT" 0 3 3018, C4<00>;
P_0x555556d2b770 .param/l "TOP_8x8_MULT_REG" 0 3 3014, C4<0>;
o0x7f1681f43708 .functor BUFZ 1, c4<z>; HiZ drive
L_0x7f1681ad0450 .functor BUFT 1, C4<0>, C4<0>, C4<0>, C4<0>;
L_0x555556f16510 .functor XOR 1, o0x7f1681f43708, L_0x7f1681ad0450, C4<0>, C4<0>;
o0x7f1681f43648 .functor BUFZ 16, c4<zzzzzzzzzzzzzzzz>; HiZ drive
L_0x555556f16600 .functor BUFZ 16, o0x7f1681f43648, C4<0000000000000000>, C4<0000000000000000>, C4<0000000000000000>;
o0x7f1681f43408 .functor BUFZ 16, c4<zzzzzzzzzzzzzzzz>; HiZ drive
L_0x555556f166a0 .functor BUFZ 16, o0x7f1681f43408, C4<0000000000000000>, C4<0000000000000000>, C4<0000000000000000>;
o0x7f1681f43588 .functor BUFZ 16, c4<zzzzzzzzzzzzzzzz>; HiZ drive
L_0x555556f16770 .functor BUFZ 16, o0x7f1681f43588, C4<0000000000000000>, C4<0000000000000000>, C4<0000000000000000>;
o0x7f1681f43768 .functor BUFZ 16, c4<zzzzzzzzzzzzzzzz>; HiZ drive
L_0x555556f16870 .functor BUFZ 16, o0x7f1681f43768, C4<0000000000000000>, C4<0000000000000000>, C4<0000000000000000>;
L_0x555556f17720 .functor BUFZ 16, L_0x555556f172b0, C4<0000000000000000>, C4<0000000000000000>, C4<0000000000000000>;
L_0x555556f17cf0 .functor BUFZ 16, L_0x555556f17630, C4<0000000000000000>, C4<0000000000000000>, C4<0000000000000000>;
L_0x555556f17db0 .functor BUFZ 16, L_0x555556f17a40, C4<0000000000000000>, C4<0000000000000000>, C4<0000000000000000>;
L_0x555556f17ec0 .functor BUFZ 16, L_0x555556f17b30, C4<0000000000000000>, C4<0000000000000000>, C4<0000000000000000>;
L_0x555556f188c0 .functor BUFZ 32, L_0x555556f19590, C4<00000000000000000000000000000000>, C4<00000000000000000000000000000000>, C4<00000000000000000000000000000000>;
L_0x555556f19780 .functor BUFZ 16, v0x555556ee3ef0_0, C4<0000000000000000>, C4<0000000000000000>, C4<0000000000000000>;
L_0x555556f197f0 .functor BUFZ 16, L_0x555556f166a0, C4<0000000000000000>, C4<0000000000000000>, C4<0000000000000000>;
L_0x555556f1a1e0 .functor XOR 17, L_0x555556f19d30, L_0x555556f1a070, C4<00000000000000000>, C4<00000000000000000>;
o0x7f1681f434c8 .functor BUFZ 1, c4<z>; HiZ drive
L_0x555556f1a390 .functor XOR 1, L_0x555556f198d0, o0x7f1681f434c8, C4<0>, C4<0>;
L_0x555556f19860 .functor XOR 16, L_0x555556f19a80, L_0x555556f1a700, C4<0000000000000000>, C4<0000000000000000>;
L_0x555556f1ac20 .functor BUFZ 16, L_0x555556f1a990, C4<0000000000000000>, C4<0000000000000000>, C4<0000000000000000>;
L_0x555556f1aee0 .functor BUFZ 16, v0x555556ee3fd0_0, C4<0000000000000000>, C4<0000000000000000>, C4<0000000000000000>;
L_0x555556f1aff0 .functor BUFZ 16, L_0x555556f16770, C4<0000000000000000>, C4<0000000000000000>, C4<0000000000000000>;
L_0x555556f1bba0 .functor XOR 17, L_0x555556f1b510, L_0x555556f1b8a0, C4<00000000000000000>, C4<00000000000000000>;
L_0x555556f1bd60 .functor XOR 16, L_0x555556f1b160, L_0x555556f1c100, C4<0000000000000000>, C4<0000000000000000>;
L_0x555556f1c700 .functor BUFZ 16, L_0x555556f1c290, C4<0000000000000000>, C4<0000000000000000>, C4<0000000000000000>;
v0x555556edc150_0 .net "A", 15 0, o0x7f1681f43408;  0 drivers
o0x7f1681f43438 .functor BUFZ 1, c4<z>; HiZ drive
v0x555556edc230_0 .net "ACCUMCI", 0 0, o0x7f1681f43438;  0 drivers
v0x555556edc2f0_0 .net "ACCUMCO", 0 0, L_0x555556f198d0;  1 drivers
o0x7f1681f43498 .functor BUFZ 1, c4<z>; HiZ drive
v0x555556edc390_0 .net "ADDSUBBOT", 0 0, o0x7f1681f43498;  0 drivers
v0x555556edc450_0 .net "ADDSUBTOP", 0 0, o0x7f1681f434c8;  0 drivers
o0x7f1681f434f8 .functor BUFZ 1, c4<z>; HiZ drive
v0x555556edc510_0 .net "AHOLD", 0 0, o0x7f1681f434f8;  0 drivers
v0x555556edc5d0_0 .net "Ah", 15 0, L_0x555556f16a90;  1 drivers
v0x555556edc6b0_0 .net "Al", 15 0, L_0x555556f16c70;  1 drivers
v0x555556edc790_0 .net "B", 15 0, o0x7f1681f43588;  0 drivers
o0x7f1681f435b8 .functor BUFZ 1, c4<z>; HiZ drive
v0x555556edc900_0 .net "BHOLD", 0 0, o0x7f1681f435b8;  0 drivers
v0x555556edc9c0_0 .net "Bh", 15 0, L_0x555556f16f00;  1 drivers
v0x555556edcaa0_0 .net "Bl", 15 0, L_0x555556f17120;  1 drivers
v0x555556edcb80_0 .net "C", 15 0, o0x7f1681f43648;  0 drivers
o0x7f1681f43678 .functor BUFZ 1, c4<z>; HiZ drive
v0x555556edcc60_0 .net "CE", 0 0, o0x7f1681f43678;  0 drivers
o0x7f1681f436a8 .functor BUFZ 1, c4<z>; HiZ drive
v0x555556edcd20_0 .net "CHOLD", 0 0, o0x7f1681f436a8;  0 drivers
o0x7f1681f436d8 .functor BUFZ 1, c4<z>; HiZ drive
v0x555556edcde0_0 .net "CI", 0 0, o0x7f1681f436d8;  0 drivers
v0x555556edcea0_0 .net "CLK", 0 0, o0x7f1681f43708;  0 drivers
v0x555556edd070_0 .net "CO", 0 0, L_0x555556f1a390;  1 drivers
v0x555556edd130_0 .net "D", 15 0, o0x7f1681f43768;  0 drivers
o0x7f1681f43798 .functor BUFZ 1, c4<z>; HiZ drive
v0x555556edd210_0 .net "DHOLD", 0 0, o0x7f1681f43798;  0 drivers
L_0x7f1681ad09a8 .functor BUFT 1, C4<0>, C4<0>, C4<0>, C4<0>;
v0x555556edd2d0_0 .net "HCI", 0 0, L_0x7f1681ad09a8;  1 drivers
o0x7f1681f437f8 .functor BUFZ 1, c4<z>; HiZ drive
v0x555556edd390_0 .net "IRSTBOT", 0 0, o0x7f1681f437f8;  0 drivers
o0x7f1681f43828 .functor BUFZ 1, c4<z>; HiZ drive
v0x555556edd450_0 .net "IRSTTOP", 0 0, o0x7f1681f43828;  0 drivers
L_0x7f1681ad0ac8 .functor BUFT 1, C4<0>, C4<0>, C4<0>, C4<0>;
v0x555556edd510_0 .net "LCI", 0 0, L_0x7f1681ad0ac8;  1 drivers
v0x555556edd5d0_0 .net "LCO", 0 0, L_0x555556f1b060;  1 drivers
v0x555556edd690_0 .net "O", 31 0, L_0x555556f1c7c0;  1 drivers
o0x7f1681f438e8 .functor BUFZ 1, c4<z>; HiZ drive
v0x555556edd770_0 .net "OHOLDBOT", 0 0, o0x7f1681f438e8;  0 drivers
o0x7f1681f43918 .functor BUFZ 1, c4<z>; HiZ drive
v0x555556edd830_0 .net "OHOLDTOP", 0 0, o0x7f1681f43918;  0 drivers
o0x7f1681f43948 .functor BUFZ 1, c4<z>; HiZ drive
v0x555556edd8f0_0 .net "OLOADBOT", 0 0, o0x7f1681f43948;  0 drivers
o0x7f1681f43978 .functor BUFZ 1, c4<z>; HiZ drive
v0x555556edd9b0_0 .net "OLOADTOP", 0 0, o0x7f1681f43978;  0 drivers
o0x7f1681f439a8 .functor BUFZ 1, c4<z>; HiZ drive
v0x555556edda70_0 .net "ORSTBOT", 0 0, o0x7f1681f439a8;  0 drivers
o0x7f1681f439d8 .functor BUFZ 1, c4<z>; HiZ drive
v0x555556eddb30_0 .net "ORSTTOP", 0 0, o0x7f1681f439d8;  0 drivers
v0x555556eddbf0_0 .net "Oh", 15 0, L_0x555556f1ac20;  1 drivers
v0x555556eddee0_0 .net "Ol", 15 0, L_0x555556f1c700;  1 drivers
o0x7f1681f43a68 .functor BUFZ 1, c4<z>; HiZ drive
v0x555556eddfc0_0 .net "SIGNEXTIN", 0 0, o0x7f1681f43a68;  0 drivers
v0x555556ede080_0 .net "SIGNEXTOUT", 0 0, L_0x555556f1ace0;  1 drivers
v0x555556ede140_0 .net "XW", 15 0, L_0x555556f19a80;  1 drivers
v0x555556ede220_0 .net "YZ", 15 0, L_0x555556f1b160;  1 drivers
v0x555556ede300_0 .net/2u *"_ivl_0", 0 0, L_0x7f1681ad0450;  1 drivers
v0x555556ede3e0_0 .net *"_ivl_100", 31 0, L_0x555556f19030;  1 drivers
L_0x7f1681ad0840 .functor BUFT 1, C4<0000000000000000>, C4<0>, C4<0>, C4<0>;
v0x555556ede4c0_0 .net *"_ivl_103", 15 0, L_0x7f1681ad0840;  1 drivers
v0x555556ede5a0_0 .net *"_ivl_104", 31 0, L_0x555556f19350;  1 drivers
v0x555556ede680_0 .net *"_ivl_106", 15 0, L_0x555556f19260;  1 drivers
L_0x7f1681ad0888 .functor BUFT 1, C4<0000000000000000>, C4<0>, C4<0>, C4<0>;
v0x555556ede760_0 .net *"_ivl_108", 15 0, L_0x7f1681ad0888;  1 drivers
L_0x7f1681ad0498 .functor BUFT 1, C4<00000000>, C4<0>, C4<0>, C4<0>;
v0x555556ede840_0 .net/2u *"_ivl_12", 7 0, L_0x7f1681ad0498;  1 drivers
v0x555556ede920_0 .net *"_ivl_121", 16 0, L_0x555556f19b20;  1 drivers
L_0x7f1681ad08d0 .functor BUFT 1, C4<0>, C4<0>, C4<0>, C4<0>;
v0x555556edea00_0 .net *"_ivl_124", 0 0, L_0x7f1681ad08d0;  1 drivers
v0x555556edeae0_0 .net *"_ivl_125", 16 0, L_0x555556f19d30;  1 drivers
L_0x7f1681ad0918 .functor BUFT 1, C4<0>, C4<0>, C4<0>, C4<0>;
v0x555556edebc0_0 .net *"_ivl_128", 0 0, L_0x7f1681ad0918;  1 drivers
v0x555556edeca0_0 .net *"_ivl_130", 15 0, L_0x555556f19e70;  1 drivers
v0x555556eded80_0 .net *"_ivl_131", 16 0, L_0x555556f1a070;  1 drivers
L_0x7f1681ad0960 .functor BUFT 1, C4<0>, C4<0>, C4<0>, C4<0>;
v0x555556edee60_0 .net *"_ivl_134", 0 0, L_0x7f1681ad0960;  1 drivers
v0x555556edef40_0 .net *"_ivl_135", 16 0, L_0x555556f1a1e0;  1 drivers
v0x555556edf020_0 .net *"_ivl_137", 16 0, L_0x555556f1a2f0;  1 drivers
L_0x7f1681ad0be8 .functor BUFT 1, C4<00000000000000000>, C4<0>, C4<0>, C4<0>;
v0x555556edf100_0 .net *"_ivl_139", 16 0, L_0x7f1681ad0be8;  1 drivers
v0x555556edf1e0_0 .net *"_ivl_143", 16 0, L_0x555556f19f40;  1 drivers
v0x555556edf2c0_0 .net *"_ivl_148", 15 0, L_0x555556f1a700;  1 drivers
v0x555556edf3a0_0 .net *"_ivl_149", 15 0, L_0x555556f19860;  1 drivers
v0x555556edf480_0 .net *"_ivl_15", 7 0, L_0x555556f16970;  1 drivers
v0x555556edf560_0 .net *"_ivl_168", 16 0, L_0x555556f1b3a0;  1 drivers
L_0x7f1681ad09f0 .functor BUFT 1, C4<0>, C4<0>, C4<0>, C4<0>;
v0x555556edf640_0 .net *"_ivl_171", 0 0, L_0x7f1681ad09f0;  1 drivers
v0x555556edf720_0 .net *"_ivl_172", 16 0, L_0x555556f1b510;  1 drivers
L_0x7f1681ad0a38 .functor BUFT 1, C4<0>, C4<0>, C4<0>, C4<0>;
v0x555556edf800_0 .net *"_ivl_175", 0 0, L_0x7f1681ad0a38;  1 drivers
v0x555556edf8e0_0 .net *"_ivl_177", 15 0, L_0x555556f1b7d0;  1 drivers
v0x555556edf9c0_0 .net *"_ivl_178", 16 0, L_0x555556f1b8a0;  1 drivers
L_0x7f1681ad04e0 .functor BUFT 1, C4<00000000>, C4<0>, C4<0>, C4<0>;
v0x555556edfaa0_0 .net/2u *"_ivl_18", 7 0, L_0x7f1681ad04e0;  1 drivers
L_0x7f1681ad0a80 .functor BUFT 1, C4<0>, C4<0>, C4<0>, C4<0>;
v0x555556edfb80_0 .net *"_ivl_181", 0 0, L_0x7f1681ad0a80;  1 drivers
v0x555556edfc60_0 .net *"_ivl_182", 16 0, L_0x555556f1bba0;  1 drivers
v0x555556edfd40_0 .net *"_ivl_184", 16 0, L_0x555556f1af50;  1 drivers
L_0x7f1681ad0c30 .functor BUFT 1, C4<00000000000000000>, C4<0>, C4<0>, C4<0>;
v0x555556edfe20_0 .net *"_ivl_186", 16 0, L_0x7f1681ad0c30;  1 drivers
v0x555556edff00_0 .net *"_ivl_190", 16 0, L_0x555556f1be70;  1 drivers
v0x555556edffe0_0 .net *"_ivl_193", 15 0, L_0x555556f1c100;  1 drivers
v0x555556ee00c0_0 .net *"_ivl_194", 15 0, L_0x555556f1bd60;  1 drivers
v0x555556ee01a0_0 .net *"_ivl_21", 7 0, L_0x555556f16bd0;  1 drivers
L_0x7f1681ad0528 .functor BUFT 1, C4<00000000>, C4<0>, C4<0>, C4<0>;
v0x555556ee0280_0 .net/2u *"_ivl_24", 7 0, L_0x7f1681ad0528;  1 drivers
v0x555556ee0360_0 .net *"_ivl_27", 7 0, L_0x555556f16e10;  1 drivers
L_0x7f1681ad0570 .functor BUFT 1, C4<00000000>, C4<0>, C4<0>, C4<0>;
v0x555556ee0440_0 .net/2u *"_ivl_30", 7 0, L_0x7f1681ad0570;  1 drivers
v0x555556ee0520_0 .net *"_ivl_33", 7 0, L_0x555556f17080;  1 drivers
L_0x7f1681ad05b8 .functor BUFT 1, C4<00000000>, C4<0>, C4<0>, C4<0>;
v0x555556ee0600_0 .net/2u *"_ivl_38", 7 0, L_0x7f1681ad05b8;  1 drivers
v0x555556ee06e0_0 .net *"_ivl_41", 7 0, L_0x555556f173f0;  1 drivers
v0x555556ee07c0_0 .net *"_ivl_42", 15 0, L_0x555556f17540;  1 drivers
L_0x7f1681ad0600 .functor BUFT 1, C4<00000000>, C4<0>, C4<0>, C4<0>;
v0x555556ee08a0_0 .net/2u *"_ivl_46", 7 0, L_0x7f1681ad0600;  1 drivers
v0x555556ee0980_0 .net *"_ivl_49", 7 0, L_0x555556f17790;  1 drivers
v0x555556ee0a60_0 .net *"_ivl_50", 15 0, L_0x555556f17880;  1 drivers
L_0x7f1681ad0648 .functor BUFT 1, C4<00000000>, C4<0>, C4<0>, C4<0>;
v0x555556ee0b40_0 .net/2u *"_ivl_64", 7 0, L_0x7f1681ad0648;  1 drivers
L_0x7f1681ad0690 .functor BUFT 1, C4<00000000>, C4<0>, C4<0>, C4<0>;
v0x555556ee0c20_0 .net/2u *"_ivl_68", 7 0, L_0x7f1681ad0690;  1 drivers
v0x555556ee0d00_0 .net *"_ivl_72", 31 0, L_0x555556f182a0;  1 drivers
L_0x7f1681ad06d8 .functor BUFT 1, C4<0000000000000000>, C4<0>, C4<0>, C4<0>;
v0x555556ee0de0_0 .net *"_ivl_75", 15 0, L_0x7f1681ad06d8;  1 drivers
v0x555556ee0ec0_0 .net *"_ivl_76", 31 0, L_0x555556f183e0;  1 drivers
L_0x7f1681ad0720 .functor BUFT 1, C4<00000000>, C4<0>, C4<0>, C4<0>;
v0x555556ee0fa0_0 .net *"_ivl_79", 7 0, L_0x7f1681ad0720;  1 drivers
v0x555556ee1080_0 .net *"_ivl_80", 31 0, L_0x555556f18620;  1 drivers
v0x555556ee1160_0 .net *"_ivl_82", 23 0, L_0x555556f18200;  1 drivers
L_0x7f1681ad0768 .functor BUFT 1, C4<00000000>, C4<0>, C4<0>, C4<0>;
v0x555556ee1240_0 .net *"_ivl_84", 7 0, L_0x7f1681ad0768;  1 drivers
v0x555556ee1320_0 .net *"_ivl_86", 31 0, L_0x555556f18820;  1 drivers
v0x555556ee1400_0 .net *"_ivl_88", 31 0, L_0x555556f189d0;  1 drivers
L_0x7f1681ad07b0 .functor BUFT 1, C4<00000000>, C4<0>, C4<0>, C4<0>;
v0x555556ee14e0_0 .net *"_ivl_91", 7 0, L_0x7f1681ad07b0;  1 drivers
v0x555556ee15c0_0 .net *"_ivl_92", 31 0, L_0x555556f18cd0;  1 drivers
v0x555556ee16a0_0 .net *"_ivl_94", 23 0, L_0x555556f18be0;  1 drivers
L_0x7f1681ad07f8 .functor BUFT 1, C4<00000000>, C4<0>, C4<0>, C4<0>;
v0x555556ee1780_0 .net *"_ivl_96", 7 0, L_0x7f1681ad07f8;  1 drivers
v0x555556ee1860_0 .net *"_ivl_98", 31 0, L_0x555556f18ef0;  1 drivers
v0x555556ee1940_0 .net "clock", 0 0, L_0x555556f16510;  1 drivers
v0x555556ee1a00_0 .net "iA", 15 0, L_0x555556f166a0;  1 drivers
v0x555556ee1ae0_0 .net "iB", 15 0, L_0x555556f16770;  1 drivers
v0x555556ee1bc0_0 .net "iC", 15 0, L_0x555556f16600;  1 drivers
v0x555556ee1ca0_0 .net "iD", 15 0, L_0x555556f16870;  1 drivers
v0x555556ee1d80_0 .net "iF", 15 0, L_0x555556f17720;  1 drivers
v0x555556ee1e60_0 .net "iG", 15 0, L_0x555556f17ec0;  1 drivers
v0x555556ee1f40_0 .net "iH", 31 0, L_0x555556f188c0;  1 drivers
v0x555556ee2020_0 .net "iJ", 15 0, L_0x555556f17cf0;  1 drivers
v0x555556ee2100_0 .net "iJ_e", 23 0, L_0x555556f180c0;  1 drivers
v0x555556ee21e0_0 .net "iK", 15 0, L_0x555556f17db0;  1 drivers
v0x555556ee22c0_0 .net "iK_e", 23 0, L_0x555556f17f80;  1 drivers
v0x555556ee23a0_0 .net "iL", 31 0, L_0x555556f19590;  1 drivers
v0x555556ee2480_0 .net "iP", 15 0, L_0x555556f1a990;  1 drivers
v0x555556ee2560_0 .net "iQ", 15 0, v0x555556ee3ef0_0;  1 drivers
v0x555556ee2640_0 .net "iR", 15 0, L_0x555556f1c290;  1 drivers
v0x555556ee2720_0 .net "iS", 15 0, v0x555556ee3fd0_0;  1 drivers
v0x555556ee2800_0 .net "iW", 15 0, L_0x555556f19780;  1 drivers
v0x555556ee28e0_0 .net "iX", 15 0, L_0x555556f197f0;  1 drivers
v0x555556ee29c0_0 .net "iY", 15 0, L_0x555556f1aee0;  1 drivers
v0x555556ee2aa0_0 .net "iZ", 15 0, L_0x555556f1aff0;  1 drivers
v0x555556ee2b80_0 .net "p_Ah_Bh", 15 0, L_0x555556f172b0;  1 drivers
v0x555556ee2c60_0 .net "p_Ah_Bl", 15 0, L_0x555556f17a40;  1 drivers
v0x555556ee2d40_0 .net "p_Al_Bh", 15 0, L_0x555556f17630;  1 drivers
v0x555556ee2e20_0 .net "p_Al_Bl", 15 0, L_0x555556f17b30;  1 drivers
v0x555556ee2f00_0 .var "rA", 15 0;
v0x555556ee2fe0_0 .var "rB", 15 0;
v0x555556ee30c0_0 .var "rC", 15 0;
v0x555556ee31a0_0 .var "rD", 15 0;
v0x555556ee3a90_0 .var "rF", 15 0;
v0x555556ee3b70_0 .var "rG", 15 0;
v0x555556ee3c50_0 .var "rH", 31 0;
v0x555556ee3d30_0 .var "rJ", 15 0;
v0x555556ee3e10_0 .var "rK", 15 0;
v0x555556ee3ef0_0 .var "rQ", 15 0;
v0x555556ee3fd0_0 .var "rS", 15 0;
E_0x555556edbf80 .event posedge, v0x555556edda70_0, v0x555556ee1940_0;
E_0x555556edc000 .event posedge, v0x555556eddb30_0, v0x555556ee1940_0;
E_0x555556edc060 .event posedge, v0x555556edd390_0, v0x555556ee1940_0;
E_0x555556edc0c0 .event posedge, v0x555556edd450_0, v0x555556ee1940_0;
L_0x555556f16970 .part L_0x555556f166a0, 8, 8;
L_0x555556f16a90 .concat [ 8 8 0 0], L_0x555556f16970, L_0x7f1681ad0498;
L_0x555556f16bd0 .part L_0x555556f166a0, 0, 8;
L_0x555556f16c70 .concat [ 8 8 0 0], L_0x555556f16bd0, L_0x7f1681ad04e0;
L_0x555556f16e10 .part L_0x555556f16770, 8, 8;
L_0x555556f16f00 .concat [ 8 8 0 0], L_0x555556f16e10, L_0x7f1681ad0528;
L_0x555556f17080 .part L_0x555556f16770, 0, 8;
L_0x555556f17120 .concat [ 8 8 0 0], L_0x555556f17080, L_0x7f1681ad0570;
L_0x555556f172b0 .arith/mult 16, L_0x555556f16a90, L_0x555556f16f00;
L_0x555556f173f0 .part L_0x555556f16c70, 0, 8;
L_0x555556f17540 .concat [ 8 8 0 0], L_0x555556f173f0, L_0x7f1681ad05b8;
L_0x555556f17630 .arith/mult 16, L_0x555556f17540, L_0x555556f16f00;
L_0x555556f17790 .part L_0x555556f17120, 0, 8;
L_0x555556f17880 .concat [ 8 8 0 0], L_0x555556f17790, L_0x7f1681ad0600;
L_0x555556f17a40 .arith/mult 16, L_0x555556f16a90, L_0x555556f17880;
L_0x555556f17b30 .arith/mult 16, L_0x555556f16c70, L_0x555556f17120;
L_0x555556f17f80 .concat [ 16 8 0 0], L_0x555556f17db0, L_0x7f1681ad0648;
L_0x555556f180c0 .concat [ 16 8 0 0], L_0x555556f17cf0, L_0x7f1681ad0690;
L_0x555556f182a0 .concat [ 16 16 0 0], L_0x555556f17ec0, L_0x7f1681ad06d8;
L_0x555556f183e0 .concat [ 24 8 0 0], L_0x555556f17f80, L_0x7f1681ad0720;
L_0x555556f18200 .part L_0x555556f183e0, 0, 24;
L_0x555556f18620 .concat [ 8 24 0 0], L_0x7f1681ad0768, L_0x555556f18200;
L_0x555556f18820 .arith/sum 32, L_0x555556f182a0, L_0x555556f18620;
L_0x555556f189d0 .concat [ 24 8 0 0], L_0x555556f180c0, L_0x7f1681ad07b0;
L_0x555556f18be0 .part L_0x555556f189d0, 0, 24;
L_0x555556f18cd0 .concat [ 8 24 0 0], L_0x7f1681ad07f8, L_0x555556f18be0;
L_0x555556f18ef0 .arith/sum 32, L_0x555556f18820, L_0x555556f18cd0;
L_0x555556f19030 .concat [ 16 16 0 0], L_0x555556f17720, L_0x7f1681ad0840;
L_0x555556f19260 .part L_0x555556f19030, 0, 16;
L_0x555556f19350 .concat [ 16 16 0 0], L_0x7f1681ad0888, L_0x555556f19260;
L_0x555556f19590 .arith/sum 32, L_0x555556f18ef0, L_0x555556f19350;
L_0x555556f198d0 .part L_0x555556f19f40, 16, 1;
L_0x555556f19a80 .part L_0x555556f19f40, 0, 16;
L_0x555556f19b20 .concat [ 16 1 0 0], L_0x555556f197f0, L_0x7f1681ad08d0;
L_0x555556f19d30 .concat [ 16 1 0 0], L_0x555556f19780, L_0x7f1681ad0918;
L_0x555556f19e70 .repeat 16, 16, o0x7f1681f434c8;
L_0x555556f1a070 .concat [ 16 1 0 0], L_0x555556f19e70, L_0x7f1681ad0960;
L_0x555556f1a2f0 .arith/sum 17, L_0x555556f19b20, L_0x555556f1a1e0;
L_0x555556f19f40 .arith/sum 17, L_0x555556f1a2f0, L_0x7f1681ad0be8;
L_0x555556f1a700 .repeat 16, 16, o0x7f1681f434c8;
L_0x555556f1a990 .functor MUXZ 16, L_0x555556f19860, L_0x555556f16600, o0x7f1681f43978, C4<>;
L_0x555556f1ace0 .part L_0x555556f197f0, 15, 1;
L_0x555556f1b060 .part L_0x555556f1be70, 16, 1;
L_0x555556f1b160 .part L_0x555556f1be70, 0, 16;
L_0x555556f1b3a0 .concat [ 16 1 0 0], L_0x555556f1aff0, L_0x7f1681ad09f0;
L_0x555556f1b510 .concat [ 16 1 0 0], L_0x555556f1aee0, L_0x7f1681ad0a38;
L_0x555556f1b7d0 .repeat 16, 16, o0x7f1681f43498;
L_0x555556f1b8a0 .concat [ 16 1 0 0], L_0x555556f1b7d0, L_0x7f1681ad0a80;
L_0x555556f1af50 .arith/sum 17, L_0x555556f1b3a0, L_0x555556f1bba0;
L_0x555556f1be70 .arith/sum 17, L_0x555556f1af50, L_0x7f1681ad0c30;
L_0x555556f1c100 .repeat 16, 16, o0x7f1681f43498;
L_0x555556f1c290 .functor MUXZ 16, L_0x555556f1bd60, L_0x555556f16870, o0x7f1681f43948, C4<>;
L_0x555556f1c7c0 .concat [ 16 16 0 0], L_0x555556f1c700, L_0x555556f1ac20;
S_0x555556e67190 .scope module, "SB_PLL40_2F_CORE" "SB_PLL40_2F_CORE" 3 2521;
 .timescale -12 -12;
    .port_info 0 /INPUT 1 "REFERENCECLK";
    .port_info 1 /OUTPUT 1 "PLLOUTCOREA";
    .port_info 2 /OUTPUT 1 "PLLOUTGLOBALA";
    .port_info 3 /OUTPUT 1 "PLLOUTCOREB";
    .port_info 4 /OUTPUT 1 "PLLOUTGLOBALB";
    .port_info 5 /INPUT 1 "EXTFEEDBACK";
    .port_info 6 /INPUT 8 "DYNAMICDELAY";
    .port_info 7 /OUTPUT 1 "LOCK";
    .port_info 8 /INPUT 1 "BYPASS";
    .port_info 9 /INPUT 1 "RESETB";
    .port_info 10 /INPUT 1 "LATCHINPUTVALUE";
    .port_info 11 /OUTPUT 1 "SDO";
    .port_info 12 /INPUT 1 "SDI";
    .port_info 13 /INPUT 1 "SCLK";
P_0x555556d84ef0 .param/str "DELAY_ADJUSTMENT_MODE_FEEDBACK" 0 3 2538, "FIXED";
P_0x555556d84f30 .param/str "DELAY_ADJUSTMENT_MODE_RELATIVE" 0 3 2539, "FIXED";
P_0x555556d84f70 .param/l "DIVF" 0 3 2546, C4<0000000>;
P_0x555556d84fb0 .param/l "DIVQ" 0 3 2547, C4<000>;
P_0x555556d84ff0 .param/l "DIVR" 0 3 2545, C4<0000>;
P_0x555556d85030 .param/l "ENABLE_ICEGATE_PORTA" 0 3 2549, C4<0>;
P_0x555556d85070 .param/l "ENABLE_ICEGATE_PORTB" 0 3 2550, C4<0>;
P_0x555556d850b0 .param/l "EXTERNAL_DIVIDE_FACTOR" 0 3 2552, +C4<00000000000000000000000000000001>;
P_0x555556d850f0 .param/l "FDA_FEEDBACK" 0 3 2541, C4<0000>;
P_0x555556d85130 .param/l "FDA_RELATIVE" 0 3 2542, C4<0000>;
P_0x555556d85170 .param/str "FEEDBACK_PATH" 0 3 2537, "SIMPLE";
P_0x555556d851b0 .param/l "FILTER_RANGE" 0 3 2548, C4<000>;
P_0x555556d851f0 .param/str "PLLOUT_SELECT_PORTA" 0 3 2543, "GENCLK";
P_0x555556d85230 .param/str "PLLOUT_SELECT_PORTB" 0 3 2544, "GENCLK";
P_0x555556d85270 .param/l "SHIFTREG_DIV_MODE" 0 3 2540, C4<0>;
P_0x555556d852b0 .param/l "TEST_MODE" 0 3 2551, C4<0>;
o0x7f1681f45298 .functor BUFZ 1, c4<z>; HiZ drive
v0x555556ee44f0_0 .net "BYPASS", 0 0, o0x7f1681f45298;  0 drivers
o0x7f1681f452c8 .functor BUFZ 8, c4<zzzzzzzz>; HiZ drive
v0x555556ee45d0_0 .net "DYNAMICDELAY", 7 0, o0x7f1681f452c8;  0 drivers
o0x7f1681f452f8 .functor BUFZ 1, c4<z>; HiZ drive
v0x555556ee46b0_0 .net "EXTFEEDBACK", 0 0, o0x7f1681f452f8;  0 drivers
o0x7f1681f45328 .functor BUFZ 1, c4<z>; HiZ drive
v0x555556ee4750_0 .net "LATCHINPUTVALUE", 0 0, o0x7f1681f45328;  0 drivers
o0x7f1681f45358 .functor BUFZ 1, c4<z>; HiZ drive
v0x555556ee4810_0 .net "LOCK", 0 0, o0x7f1681f45358;  0 drivers
o0x7f1681f45388 .functor BUFZ 1, c4<z>; HiZ drive
v0x555556ee48d0_0 .net "PLLOUTCOREA", 0 0, o0x7f1681f45388;  0 drivers
o0x7f1681f453b8 .functor BUFZ 1, c4<z>; HiZ drive
v0x555556ee4990_0 .net "PLLOUTCOREB", 0 0, o0x7f1681f453b8;  0 drivers
o0x7f1681f453e8 .functor BUFZ 1, c4<z>; HiZ drive
v0x555556ee4a50_0 .net "PLLOUTGLOBALA", 0 0, o0x7f1681f453e8;  0 drivers
o0x7f1681f45418 .functor BUFZ 1, c4<z>; HiZ drive
v0x555556ee4b10_0 .net "PLLOUTGLOBALB", 0 0, o0x7f1681f45418;  0 drivers
o0x7f1681f45448 .functor BUFZ 1, c4<z>; HiZ drive
v0x555556ee4bd0_0 .net "REFERENCECLK", 0 0, o0x7f1681f45448;  0 drivers
o0x7f1681f45478 .functor BUFZ 1, c4<z>; HiZ drive
v0x555556ee4c90_0 .net "RESETB", 0 0, o0x7f1681f45478;  0 drivers
o0x7f1681f454a8 .functor BUFZ 1, c4<z>; HiZ drive
v0x555556ee4d50_0 .net "SCLK", 0 0, o0x7f1681f454a8;  0 drivers
o0x7f1681f454d8 .functor BUFZ 1, c4<z>; HiZ drive
v0x555556ee4e10_0 .net "SDI", 0 0, o0x7f1681f454d8;  0 drivers
o0x7f1681f45508 .functor BUFZ 1, c4<z>; HiZ drive
v0x555556ee4ed0_0 .net "SDO", 0 0, o0x7f1681f45508;  0 drivers
S_0x555556e46830 .scope module, "SB_PLL40_2F_PAD" "SB_PLL40_2F_PAD" 3 2556;
 .timescale -12 -12;
    .port_info 0 /INPUT 1 "PACKAGEPIN";
    .port_info 1 /OUTPUT 1 "PLLOUTCOREA";
    .port_info 2 /OUTPUT 1 "PLLOUTGLOBALA";
    .port_info 3 /OUTPUT 1 "PLLOUTCOREB";
    .port_info 4 /OUTPUT 1 "PLLOUTGLOBALB";
    .port_info 5 /INPUT 1 "EXTFEEDBACK";
    .port_info 6 /INPUT 8 "DYNAMICDELAY";
    .port_info 7 /OUTPUT 1 "LOCK";
    .port_info 8 /INPUT 1 "BYPASS";
    .port_info 9 /INPUT 1 "RESETB";
    .port_info 10 /INPUT 1 "LATCHINPUTVALUE";
    .port_info 11 /OUTPUT 1 "SDO";
    .port_info 12 /INPUT 1 "SDI";
    .port_info 13 /INPUT 1 "SCLK";
P_0x555556c78e70 .param/str "DELAY_ADJUSTMENT_MODE_FEEDBACK" 0 3 2573, "FIXED";
P_0x555556c78eb0 .param/str "DELAY_ADJUSTMENT_MODE_RELATIVE" 0 3 2574, "FIXED";
P_0x555556c78ef0 .param/l "DIVF" 0 3 2581, C4<0000000>;
P_0x555556c78f30 .param/l "DIVQ" 0 3 2582, C4<000>;
P_0x555556c78f70 .param/l "DIVR" 0 3 2580, C4<0000>;
P_0x555556c78fb0 .param/l "ENABLE_ICEGATE_PORTA" 0 3 2584, C4<0>;
P_0x555556c78ff0 .param/l "ENABLE_ICEGATE_PORTB" 0 3 2585, C4<0>;
P_0x555556c79030 .param/l "EXTERNAL_DIVIDE_FACTOR" 0 3 2587, +C4<00000000000000000000000000000001>;
P_0x555556c79070 .param/l "FDA_FEEDBACK" 0 3 2576, C4<0000>;
P_0x555556c790b0 .param/l "FDA_RELATIVE" 0 3 2577, C4<0000>;
P_0x555556c790f0 .param/str "FEEDBACK_PATH" 0 3 2572, "SIMPLE";
P_0x555556c79130 .param/l "FILTER_RANGE" 0 3 2583, C4<000>;
P_0x555556c79170 .param/str "PLLOUT_SELECT_PORTA" 0 3 2578, "GENCLK";
P_0x555556c791b0 .param/str "PLLOUT_SELECT_PORTB" 0 3 2579, "GENCLK";
P_0x555556c791f0 .param/l "SHIFTREG_DIV_MODE" 0 3 2575, C4<00>;
P_0x555556c79230 .param/l "TEST_MODE" 0 3 2586, C4<0>;
o0x7f1681f457d8 .functor BUFZ 1, c4<z>; HiZ drive
v0x555556ee51d0_0 .net "BYPASS", 0 0, o0x7f1681f457d8;  0 drivers
o0x7f1681f45808 .functor BUFZ 8, c4<zzzzzzzz>; HiZ drive
v0x555556ee52b0_0 .net "DYNAMICDELAY", 7 0, o0x7f1681f45808;  0 drivers
o0x7f1681f45838 .functor BUFZ 1, c4<z>; HiZ drive
v0x555556ee5390_0 .net "EXTFEEDBACK", 0 0, o0x7f1681f45838;  0 drivers
o0x7f1681f45868 .functor BUFZ 1, c4<z>; HiZ drive
v0x555556ee5430_0 .net "LATCHINPUTVALUE", 0 0, o0x7f1681f45868;  0 drivers
o0x7f1681f45898 .functor BUFZ 1, c4<z>; HiZ drive
v0x555556ee54f0_0 .net "LOCK", 0 0, o0x7f1681f45898;  0 drivers
o0x7f1681f458c8 .functor BUFZ 1, c4<z>; HiZ drive
v0x555556ee55b0_0 .net "PACKAGEPIN", 0 0, o0x7f1681f458c8;  0 drivers
o0x7f1681f458f8 .functor BUFZ 1, c4<z>; HiZ drive
v0x555556ee5670_0 .net "PLLOUTCOREA", 0 0, o0x7f1681f458f8;  0 drivers
o0x7f1681f45928 .functor BUFZ 1, c4<z>; HiZ drive
v0x555556ee5730_0 .net "PLLOUTCOREB", 0 0, o0x7f1681f45928;  0 drivers
o0x7f1681f45958 .functor BUFZ 1, c4<z>; HiZ drive
v0x555556ee57f0_0 .net "PLLOUTGLOBALA", 0 0, o0x7f1681f45958;  0 drivers
o0x7f1681f45988 .functor BUFZ 1, c4<z>; HiZ drive
v0x555556ee5940_0 .net "PLLOUTGLOBALB", 0 0, o0x7f1681f45988;  0 drivers
o0x7f1681f459b8 .functor BUFZ 1, c4<z>; HiZ drive
v0x555556ee5a00_0 .net "RESETB", 0 0, o0x7f1681f459b8;  0 drivers
o0x7f1681f459e8 .functor BUFZ 1, c4<z>; HiZ drive
v0x555556ee5ac0_0 .net "SCLK", 0 0, o0x7f1681f459e8;  0 drivers
o0x7f1681f45a18 .functor BUFZ 1, c4<z>; HiZ drive
v0x555556ee5b80_0 .net "SDI", 0 0, o0x7f1681f45a18;  0 drivers
o0x7f1681f45a48 .functor BUFZ 1, c4<z>; HiZ drive
v0x555556ee5c40_0 .net "SDO", 0 0, o0x7f1681f45a48;  0 drivers
S_0x555556e42980 .scope module, "SB_PLL40_2_PAD" "SB_PLL40_2_PAD" 3 2487;
 .timescale -12 -12;
    .port_info 0 /INPUT 1 "PACKAGEPIN";
    .port_info 1 /OUTPUT 1 "PLLOUTCOREA";
    .port_info 2 /OUTPUT 1 "PLLOUTGLOBALA";
    .port_info 3 /OUTPUT 1 "PLLOUTCOREB";
    .port_info 4 /OUTPUT 1 "PLLOUTGLOBALB";
    .port_info 5 /INPUT 1 "EXTFEEDBACK";
    .port_info 6 /INPUT 8 "DYNAMICDELAY";
    .port_info 7 /OUTPUT 1 "LOCK";
    .port_info 8 /INPUT 1 "BYPASS";
    .port_info 9 /INPUT 1 "RESETB";
    .port_info 10 /INPUT 1 "LATCHINPUTVALUE";
    .port_info 11 /OUTPUT 1 "SDO";
    .port_info 12 /INPUT 1 "SDI";
    .port_info 13 /INPUT 1 "SCLK";
P_0x555556c75170 .param/str "DELAY_ADJUSTMENT_MODE_FEEDBACK" 0 3 2504, "FIXED";
P_0x555556c751b0 .param/str "DELAY_ADJUSTMENT_MODE_RELATIVE" 0 3 2505, "FIXED";
P_0x555556c751f0 .param/l "DIVF" 0 3 2511, C4<0000000>;
P_0x555556c75230 .param/l "DIVQ" 0 3 2512, C4<000>;
P_0x555556c75270 .param/l "DIVR" 0 3 2510, C4<0000>;
P_0x555556c752b0 .param/l "ENABLE_ICEGATE_PORTA" 0 3 2514, C4<0>;
P_0x555556c752f0 .param/l "ENABLE_ICEGATE_PORTB" 0 3 2515, C4<0>;
P_0x555556c75330 .param/l "EXTERNAL_DIVIDE_FACTOR" 0 3 2517, +C4<00000000000000000000000000000001>;
P_0x555556c75370 .param/l "FDA_FEEDBACK" 0 3 2507, C4<0000>;
P_0x555556c753b0 .param/l "FDA_RELATIVE" 0 3 2508, C4<0000>;
P_0x555556c753f0 .param/str "FEEDBACK_PATH" 0 3 2503, "SIMPLE";
P_0x555556c75430 .param/l "FILTER_RANGE" 0 3 2513, C4<000>;
P_0x555556c75470 .param/str "PLLOUT_SELECT_PORTB" 0 3 2509, "GENCLK";
P_0x555556c754b0 .param/l "SHIFTREG_DIV_MODE" 0 3 2506, C4<0>;
P_0x555556c754f0 .param/l "TEST_MODE" 0 3 2516, C4<0>;
o0x7f1681f45d18 .functor BUFZ 1, c4<z>; HiZ drive
v0x555556ee5ec0_0 .net "BYPASS", 0 0, o0x7f1681f45d18;  0 drivers
o0x7f1681f45d48 .functor BUFZ 8, c4<zzzzzzzz>; HiZ drive
v0x555556ee5fa0_0 .net "DYNAMICDELAY", 7 0, o0x7f1681f45d48;  0 drivers
o0x7f1681f45d78 .functor BUFZ 1, c4<z>; HiZ drive
v0x555556ee6080_0 .net "EXTFEEDBACK", 0 0, o0x7f1681f45d78;  0 drivers
o0x7f1681f45da8 .functor BUFZ 1, c4<z>; HiZ drive
v0x555556ee6120_0 .net "LATCHINPUTVALUE", 0 0, o0x7f1681f45da8;  0 drivers
o0x7f1681f45dd8 .functor BUFZ 1, c4<z>; HiZ drive
v0x555556ee61e0_0 .net "LOCK", 0 0, o0x7f1681f45dd8;  0 drivers
o0x7f1681f45e08 .functor BUFZ 1, c4<z>; HiZ drive
v0x555556ee62a0_0 .net "PACKAGEPIN", 0 0, o0x7f1681f45e08;  0 drivers
o0x7f1681f45e38 .functor BUFZ 1, c4<z>; HiZ drive
v0x555556ee6360_0 .net "PLLOUTCOREA", 0 0, o0x7f1681f45e38;  0 drivers
o0x7f1681f45e68 .functor BUFZ 1, c4<z>; HiZ drive
v0x555556ee6420_0 .net "PLLOUTCOREB", 0 0, o0x7f1681f45e68;  0 drivers
o0x7f1681f45e98 .functor BUFZ 1, c4<z>; HiZ drive
v0x555556ee64e0_0 .net "PLLOUTGLOBALA", 0 0, o0x7f1681f45e98;  0 drivers
o0x7f1681f45ec8 .functor BUFZ 1, c4<z>; HiZ drive
v0x555556ee6630_0 .net "PLLOUTGLOBALB", 0 0, o0x7f1681f45ec8;  0 drivers
o0x7f1681f45ef8 .functor BUFZ 1, c4<z>; HiZ drive
v0x555556ee66f0_0 .net "RESETB", 0 0, o0x7f1681f45ef8;  0 drivers
o0x7f1681f45f28 .functor BUFZ 1, c4<z>; HiZ drive
v0x555556ee67b0_0 .net "SCLK", 0 0, o0x7f1681f45f28;  0 drivers
o0x7f1681f45f58 .functor BUFZ 1, c4<z>; HiZ drive
v0x555556ee6870_0 .net "SDI", 0 0, o0x7f1681f45f58;  0 drivers
o0x7f1681f45f88 .functor BUFZ 1, c4<z>; HiZ drive
v0x555556ee6930_0 .net "SDO", 0 0, o0x7f1681f45f88;  0 drivers
S_0x555556e3eca0 .scope module, "SB_PLL40_CORE" "SB_PLL40_CORE" 3 2425;
 .timescale -12 -12;
    .port_info 0 /INPUT 1 "REFERENCECLK";
    .port_info 1 /OUTPUT 1 "PLLOUTCORE";
    .port_info 2 /OUTPUT 1 "PLLOUTGLOBAL";
    .port_info 3 /INPUT 1 "EXTFEEDBACK";
    .port_info 4 /INPUT 8 "DYNAMICDELAY";
    .port_info 5 /OUTPUT 1 "LOCK";
    .port_info 6 /INPUT 1 "BYPASS";
    .port_info 7 /INPUT 1 "RESETB";
    .port_info 8 /INPUT 1 "LATCHINPUTVALUE";
    .port_info 9 /OUTPUT 1 "SDO";
    .port_info 10 /INPUT 1 "SDI";
    .port_info 11 /INPUT 1 "SCLK";
P_0x555556c2fa00 .param/str "DELAY_ADJUSTMENT_MODE_FEEDBACK" 0 3 2440, "FIXED";
P_0x555556c2fa40 .param/str "DELAY_ADJUSTMENT_MODE_RELATIVE" 0 3 2441, "FIXED";
P_0x555556c2fa80 .param/l "DIVF" 0 3 2447, C4<0000000>;
P_0x555556c2fac0 .param/l "DIVQ" 0 3 2448, C4<000>;
P_0x555556c2fb00 .param/l "DIVR" 0 3 2446, C4<0000>;
P_0x555556c2fb40 .param/l "ENABLE_ICEGATE" 0 3 2450, C4<0>;
P_0x555556c2fb80 .param/l "EXTERNAL_DIVIDE_FACTOR" 0 3 2452, +C4<00000000000000000000000000000001>;
P_0x555556c2fbc0 .param/l "FDA_FEEDBACK" 0 3 2443, C4<0000>;
P_0x555556c2fc00 .param/l "FDA_RELATIVE" 0 3 2444, C4<0000>;
P_0x555556c2fc40 .param/str "FEEDBACK_PATH" 0 3 2439, "SIMPLE";
P_0x555556c2fc80 .param/l "FILTER_RANGE" 0 3 2449, C4<000>;
P_0x555556c2fcc0 .param/str "PLLOUT_SELECT" 0 3 2445, "GENCLK";
P_0x555556c2fd00 .param/l "SHIFTREG_DIV_MODE" 0 3 2442, C4<0>;
P_0x555556c2fd40 .param/l "TEST_MODE" 0 3 2451, C4<0>;
o0x7f1681f46258 .functor BUFZ 1, c4<z>; HiZ drive
v0x555556ee6bb0_0 .net "BYPASS", 0 0, o0x7f1681f46258;  0 drivers
o0x7f1681f46288 .functor BUFZ 8, c4<zzzzzzzz>; HiZ drive
v0x555556ee6c90_0 .net "DYNAMICDELAY", 7 0, o0x7f1681f46288;  0 drivers
o0x7f1681f462b8 .functor BUFZ 1, c4<z>; HiZ drive
v0x555556ee6d70_0 .net "EXTFEEDBACK", 0 0, o0x7f1681f462b8;  0 drivers
o0x7f1681f462e8 .functor BUFZ 1, c4<z>; HiZ drive
v0x555556ee6e10_0 .net "LATCHINPUTVALUE", 0 0, o0x7f1681f462e8;  0 drivers
o0x7f1681f46318 .functor BUFZ 1, c4<z>; HiZ drive
v0x555556ee6ed0_0 .net "LOCK", 0 0, o0x7f1681f46318;  0 drivers
o0x7f1681f46348 .functor BUFZ 1, c4<z>; HiZ drive
v0x555556ee6f90_0 .net "PLLOUTCORE", 0 0, o0x7f1681f46348;  0 drivers
o0x7f1681f46378 .functor BUFZ 1, c4<z>; HiZ drive
v0x555556ee7050_0 .net "PLLOUTGLOBAL", 0 0, o0x7f1681f46378;  0 drivers
o0x7f1681f463a8 .functor BUFZ 1, c4<z>; HiZ drive
v0x555556ee7110_0 .net "REFERENCECLK", 0 0, o0x7f1681f463a8;  0 drivers
o0x7f1681f463d8 .functor BUFZ 1, c4<z>; HiZ drive
v0x555556ee71d0_0 .net "RESETB", 0 0, o0x7f1681f463d8;  0 drivers
o0x7f1681f46408 .functor BUFZ 1, c4<z>; HiZ drive
v0x555556ee7320_0 .net "SCLK", 0 0, o0x7f1681f46408;  0 drivers
o0x7f1681f46438 .functor BUFZ 1, c4<z>; HiZ drive
v0x555556ee73e0_0 .net "SDI", 0 0, o0x7f1681f46438;  0 drivers
o0x7f1681f46468 .functor BUFZ 1, c4<z>; HiZ drive
v0x555556ee74a0_0 .net "SDO", 0 0, o0x7f1681f46468;  0 drivers
S_0x555556e4ad20 .scope module, "SB_PLL40_PAD" "SB_PLL40_PAD" 3 2456;
 .timescale -12 -12;
    .port_info 0 /INPUT 1 "PACKAGEPIN";
    .port_info 1 /OUTPUT 1 "PLLOUTCORE";
    .port_info 2 /OUTPUT 1 "PLLOUTGLOBAL";
    .port_info 3 /INPUT 1 "EXTFEEDBACK";
    .port_info 4 /INPUT 8 "DYNAMICDELAY";
    .port_info 5 /OUTPUT 1 "LOCK";
    .port_info 6 /INPUT 1 "BYPASS";
    .port_info 7 /INPUT 1 "RESETB";
    .port_info 8 /INPUT 1 "LATCHINPUTVALUE";
    .port_info 9 /OUTPUT 1 "SDO";
    .port_info 10 /INPUT 1 "SDI";
    .port_info 11 /INPUT 1 "SCLK";
P_0x555556d2bcf0 .param/str "DELAY_ADJUSTMENT_MODE_FEEDBACK" 0 3 2471, "FIXED";
P_0x555556d2bd30 .param/str "DELAY_ADJUSTMENT_MODE_RELATIVE" 0 3 2472, "FIXED";
P_0x555556d2bd70 .param/l "DIVF" 0 3 2478, C4<0000000>;
P_0x555556d2bdb0 .param/l "DIVQ" 0 3 2479, C4<000>;
P_0x555556d2bdf0 .param/l "DIVR" 0 3 2477, C4<0000>;
P_0x555556d2be30 .param/l "ENABLE_ICEGATE" 0 3 2481, C4<0>;
P_0x555556d2be70 .param/l "EXTERNAL_DIVIDE_FACTOR" 0 3 2483, +C4<00000000000000000000000000000001>;
P_0x555556d2beb0 .param/l "FDA_FEEDBACK" 0 3 2474, C4<0000>;
P_0x555556d2bef0 .param/l "FDA_RELATIVE" 0 3 2475, C4<0000>;
P_0x555556d2bf30 .param/str "FEEDBACK_PATH" 0 3 2470, "SIMPLE";
P_0x555556d2bf70 .param/l "FILTER_RANGE" 0 3 2480, C4<000>;
P_0x555556d2bfb0 .param/str "PLLOUT_SELECT" 0 3 2476, "GENCLK";
P_0x555556d2bff0 .param/l "SHIFTREG_DIV_MODE" 0 3 2473, C4<0>;
P_0x555556d2c030 .param/l "TEST_MODE" 0 3 2482, C4<0>;
o0x7f1681f466d8 .functor BUFZ 1, c4<z>; HiZ drive
v0x555556ee76e0_0 .net "BYPASS", 0 0, o0x7f1681f466d8;  0 drivers
o0x7f1681f46708 .functor BUFZ 8, c4<zzzzzzzz>; HiZ drive
v0x555556ee77c0_0 .net "DYNAMICDELAY", 7 0, o0x7f1681f46708;  0 drivers
o0x7f1681f46738 .functor BUFZ 1, c4<z>; HiZ drive
v0x555556ee78a0_0 .net "EXTFEEDBACK", 0 0, o0x7f1681f46738;  0 drivers
o0x7f1681f46768 .functor BUFZ 1, c4<z>; HiZ drive
v0x555556ee7940_0 .net "LATCHINPUTVALUE", 0 0, o0x7f1681f46768;  0 drivers
o0x7f1681f46798 .functor BUFZ 1, c4<z>; HiZ drive
v0x555556ee7a00_0 .net "LOCK", 0 0, o0x7f1681f46798;  0 drivers
o0x7f1681f467c8 .functor BUFZ 1, c4<z>; HiZ drive
v0x555556ee7ac0_0 .net "PACKAGEPIN", 0 0, o0x7f1681f467c8;  0 drivers
o0x7f1681f467f8 .functor BUFZ 1, c4<z>; HiZ drive
v0x555556ee7b80_0 .net "PLLOUTCORE", 0 0, o0x7f1681f467f8;  0 drivers
o0x7f1681f46828 .functor BUFZ 1, c4<z>; HiZ drive
v0x555556ee7c40_0 .net "PLLOUTGLOBAL", 0 0, o0x7f1681f46828;  0 drivers
o0x7f1681f46858 .functor BUFZ 1, c4<z>; HiZ drive
v0x555556ee7d00_0 .net "RESETB", 0 0, o0x7f1681f46858;  0 drivers
o0x7f1681f46888 .functor BUFZ 1, c4<z>; HiZ drive
v0x555556ee7e50_0 .net "SCLK", 0 0, o0x7f1681f46888;  0 drivers
o0x7f1681f468b8 .functor BUFZ 1, c4<z>; HiZ drive
v0x555556ee7f10_0 .net "SDI", 0 0, o0x7f1681f468b8;  0 drivers
o0x7f1681f468e8 .functor BUFZ 1, c4<z>; HiZ drive
v0x555556ee7fd0_0 .net "SDO", 0 0, o0x7f1681f468e8;  0 drivers
S_0x555556e291c0 .scope module, "SB_RAM40_4KNR" "SB_RAM40_4KNR" 3 1726;
 .timescale -12 -12;
    .port_info 0 /OUTPUT 16 "RDATA";
    .port_info 1 /INPUT 1 "RCLKN";
    .port_info 2 /INPUT 1 "RCLKE";
    .port_info 3 /INPUT 1 "RE";
    .port_info 4 /INPUT 11 "RADDR";
    .port_info 5 /INPUT 1 "WCLK";
    .port_info 6 /INPUT 1 "WCLKE";
    .port_info 7 /INPUT 1 "WE";
    .port_info 8 /INPUT 11 "WADDR";
    .port_info 9 /INPUT 16 "MASK";
    .port_info 10 /INPUT 16 "WDATA";
P_0x555556d868d0 .param/l "INIT_0" 0 3 1742, C4<0000000000000000000000000000000000000000000000000000000000000000000000000000000000000000000000000000000000000000000000000000000000000000000000000000000000000000000000000000000000000000000000000000000000000000000000000000000000000000000000000000000000000000>;
P_0x555556d86910 .param/l "INIT_1" 0 3 1743, C4<0000000000000000000000000000000000000000000000000000000000000000000000000000000000000000000000000000000000000000000000000000000000000000000000000000000000000000000000000000000000000000000000000000000000000000000000000000000000000000000000000000000000000000>;
P_0x555556d86950 .param/l "INIT_2" 0 3 1744, C4<0000000000000000000000000000000000000000000000000000000000000000000000000000000000000000000000000000000000000000000000000000000000000000000000000000000000000000000000000000000000000000000000000000000000000000000000000000000000000000000000000000000000000000>;
P_0x555556d86990 .param/l "INIT_3" 0 3 1745, C4<0000000000000000000000000000000000000000000000000000000000000000000000000000000000000000000000000000000000000000000000000000000000000000000000000000000000000000000000000000000000000000000000000000000000000000000000000000000000000000000000000000000000000000>;
P_0x555556d869d0 .param/l "INIT_4" 0 3 1746, C4<0000000000000000000000000000000000000000000000000000000000000000000000000000000000000000000000000000000000000000000000000000000000000000000000000000000000000000000000000000000000000000000000000000000000000000000000000000000000000000000000000000000000000000>;
P_0x555556d86a10 .param/l "INIT_5" 0 3 1747, C4<0000000000000000000000000000000000000000000000000000000000000000000000000000000000000000000000000000000000000000000000000000000000000000000000000000000000000000000000000000000000000000000000000000000000000000000000000000000000000000000000000000000000000000>;
P_0x555556d86a50 .param/l "INIT_6" 0 3 1748, C4<0000000000000000000000000000000000000000000000000000000000000000000000000000000000000000000000000000000000000000000000000000000000000000000000000000000000000000000000000000000000000000000000000000000000000000000000000000000000000000000000000000000000000000>;
P_0x555556d86a90 .param/l "INIT_7" 0 3 1749, C4<0000000000000000000000000000000000000000000000000000000000000000000000000000000000000000000000000000000000000000000000000000000000000000000000000000000000000000000000000000000000000000000000000000000000000000000000000000000000000000000000000000000000000000>;
P_0x555556d86ad0 .param/l "INIT_8" 0 3 1750, C4<0000000000000000000000000000000000000000000000000000000000000000000000000000000000000000000000000000000000000000000000000000000000000000000000000000000000000000000000000000000000000000000000000000000000000000000000000000000000000000000000000000000000000000>;
P_0x555556d86b10 .param/l "INIT_9" 0 3 1751, C4<0000000000000000000000000000000000000000000000000000000000000000000000000000000000000000000000000000000000000000000000000000000000000000000000000000000000000000000000000000000000000000000000000000000000000000000000000000000000000000000000000000000000000000>;
P_0x555556d86b50 .param/l "INIT_A" 0 3 1752, C4<0000000000000000000000000000000000000000000000000000000000000000000000000000000000000000000000000000000000000000000000000000000000000000000000000000000000000000000000000000000000000000000000000000000000000000000000000000000000000000000000000000000000000000>;
P_0x555556d86b90 .param/l "INIT_B" 0 3 1753, C4<0000000000000000000000000000000000000000000000000000000000000000000000000000000000000000000000000000000000000000000000000000000000000000000000000000000000000000000000000000000000000000000000000000000000000000000000000000000000000000000000000000000000000000>;
P_0x555556d86bd0 .param/l "INIT_C" 0 3 1754, C4<0000000000000000000000000000000000000000000000000000000000000000000000000000000000000000000000000000000000000000000000000000000000000000000000000000000000000000000000000000000000000000000000000000000000000000000000000000000000000000000000000000000000000000>;
P_0x555556d86c10 .param/l "INIT_D" 0 3 1755, C4<0000000000000000000000000000000000000000000000000000000000000000000000000000000000000000000000000000000000000000000000000000000000000000000000000000000000000000000000000000000000000000000000000000000000000000000000000000000000000000000000000000000000000000>;
P_0x555556d86c50 .param/l "INIT_E" 0 3 1756, C4<0000000000000000000000000000000000000000000000000000000000000000000000000000000000000000000000000000000000000000000000000000000000000000000000000000000000000000000000000000000000000000000000000000000000000000000000000000000000000000000000000000000000000000>;
P_0x555556d86c90 .param/l "INIT_F" 0 3 1757, C4<0000000000000000000000000000000000000000000000000000000000000000000000000000000000000000000000000000000000000000000000000000000000000000000000000000000000000000000000000000000000000000000000000000000000000000000000000000000000000000000000000000000000000000>;
P_0x555556d86cd0 .param/str "INIT_FILE" 0 3 1759, "\000";
P_0x555556d86d10 .param/l "READ_MODE" 0 3 1740, +C4<00000000000000000000000000000000>;
P_0x555556d86d50 .param/l "WRITE_MODE" 0 3 1739, +C4<00000000000000000000000000000000>;
o0x7f1681f47068 .functor BUFZ 1, c4<z>; HiZ drive
L_0x555556f1cb40 .functor NOT 1, o0x7f1681f47068, C4<0>, C4<0>, C4<0>;
o0x7f1681f46b58 .functor BUFZ 16, c4<zzzzzzzzzzzzzzzz>; HiZ drive
v0x555556eeb930_0 .net "MASK", 15 0, o0x7f1681f46b58;  0 drivers
o0x7f1681f46b88 .functor BUFZ 11, c4<zzzzzzzzzzz>; HiZ drive
v0x555556eeba10_0 .net "RADDR", 10 0, o0x7f1681f46b88;  0 drivers
o0x7f1681f46be8 .functor BUFZ 1, c4<z>; HiZ drive
v0x555556eebae0_0 .net "RCLKE", 0 0, o0x7f1681f46be8;  0 drivers
v0x555556eebbe0_0 .net "RCLKN", 0 0, o0x7f1681f47068;  0 drivers
v0x555556eebc80_0 .net "RDATA", 15 0, L_0x555556f1ca80;  1 drivers
o0x7f1681f46c78 .functor BUFZ 1, c4<z>; HiZ drive
v0x555556eebd20_0 .net "RE", 0 0, o0x7f1681f46c78;  0 drivers
o0x7f1681f46cd8 .functor BUFZ 11, c4<zzzzzzzzzzz>; HiZ drive
v0x555556eebdf0_0 .net "WADDR", 10 0, o0x7f1681f46cd8;  0 drivers
o0x7f1681f46d08 .functor BUFZ 1, c4<z>; HiZ drive
v0x555556eebec0_0 .net "WCLK", 0 0, o0x7f1681f46d08;  0 drivers
o0x7f1681f46d38 .functor BUFZ 1, c4<z>; HiZ drive
v0x555556eebf90_0 .net "WCLKE", 0 0, o0x7f1681f46d38;  0 drivers
o0x7f1681f46d68 .functor BUFZ 16, c4<zzzzzzzzzzzzzzzz>; HiZ drive
v0x555556eec060_0 .net "WDATA", 15 0, o0x7f1681f46d68;  0 drivers
o0x7f1681f46dc8 .functor BUFZ 1, c4<z>; HiZ drive
v0x555556eec130_0 .net "WE", 0 0, o0x7f1681f46dc8;  0 drivers
S_0x555556ee8210 .scope module, "RAM" "SB_RAM40_4K" 3 1781, 3 1487 0, S_0x555556e291c0;
 .timescale -12 -12;
    .port_info 0 /OUTPUT 16 "RDATA";
    .port_info 1 /INPUT 1 "RCLK";
    .port_info 2 /INPUT 1 "RCLKE";
    .port_info 3 /INPUT 1 "RE";
    .port_info 4 /INPUT 11 "RADDR";
    .port_info 5 /INPUT 1 "WCLK";
    .port_info 6 /INPUT 1 "WCLKE";
    .port_info 7 /INPUT 1 "WE";
    .port_info 8 /INPUT 11 "WADDR";
    .port_info 9 /INPUT 16 "MASK";
    .port_info 10 /INPUT 16 "WDATA";
P_0x555556ee83c0 .param/l "INIT_0" 0 3 1507, C4<0000000000000000000000000000000000000000000000000000000000000000000000000000000000000000000000000000000000000000000000000000000000000000000000000000000000000000000000000000000000000000000000000000000000000000000000000000000000000000000000000000000000000000>;
P_0x555556ee8400 .param/l "INIT_1" 0 3 1508, C4<0000000000000000000000000000000000000000000000000000000000000000000000000000000000000000000000000000000000000000000000000000000000000000000000000000000000000000000000000000000000000000000000000000000000000000000000000000000000000000000000000000000000000000>;
P_0x555556ee8440 .param/l "INIT_2" 0 3 1509, C4<0000000000000000000000000000000000000000000000000000000000000000000000000000000000000000000000000000000000000000000000000000000000000000000000000000000000000000000000000000000000000000000000000000000000000000000000000000000000000000000000000000000000000000>;
P_0x555556ee8480 .param/l "INIT_3" 0 3 1510, C4<0000000000000000000000000000000000000000000000000000000000000000000000000000000000000000000000000000000000000000000000000000000000000000000000000000000000000000000000000000000000000000000000000000000000000000000000000000000000000000000000000000000000000000>;
P_0x555556ee84c0 .param/l "INIT_4" 0 3 1511, C4<0000000000000000000000000000000000000000000000000000000000000000000000000000000000000000000000000000000000000000000000000000000000000000000000000000000000000000000000000000000000000000000000000000000000000000000000000000000000000000000000000000000000000000>;
P_0x555556ee8500 .param/l "INIT_5" 0 3 1512, C4<0000000000000000000000000000000000000000000000000000000000000000000000000000000000000000000000000000000000000000000000000000000000000000000000000000000000000000000000000000000000000000000000000000000000000000000000000000000000000000000000000000000000000000>;
P_0x555556ee8540 .param/l "INIT_6" 0 3 1513, C4<0000000000000000000000000000000000000000000000000000000000000000000000000000000000000000000000000000000000000000000000000000000000000000000000000000000000000000000000000000000000000000000000000000000000000000000000000000000000000000000000000000000000000000>;
P_0x555556ee8580 .param/l "INIT_7" 0 3 1514, C4<0000000000000000000000000000000000000000000000000000000000000000000000000000000000000000000000000000000000000000000000000000000000000000000000000000000000000000000000000000000000000000000000000000000000000000000000000000000000000000000000000000000000000000>;
P_0x555556ee85c0 .param/l "INIT_8" 0 3 1515, C4<0000000000000000000000000000000000000000000000000000000000000000000000000000000000000000000000000000000000000000000000000000000000000000000000000000000000000000000000000000000000000000000000000000000000000000000000000000000000000000000000000000000000000000>;
P_0x555556ee8600 .param/l "INIT_9" 0 3 1516, C4<0000000000000000000000000000000000000000000000000000000000000000000000000000000000000000000000000000000000000000000000000000000000000000000000000000000000000000000000000000000000000000000000000000000000000000000000000000000000000000000000000000000000000000>;
P_0x555556ee8640 .param/l "INIT_A" 0 3 1517, C4<0000000000000000000000000000000000000000000000000000000000000000000000000000000000000000000000000000000000000000000000000000000000000000000000000000000000000000000000000000000000000000000000000000000000000000000000000000000000000000000000000000000000000000>;
P_0x555556ee8680 .param/l "INIT_B" 0 3 1518, C4<0000000000000000000000000000000000000000000000000000000000000000000000000000000000000000000000000000000000000000000000000000000000000000000000000000000000000000000000000000000000000000000000000000000000000000000000000000000000000000000000000000000000000000>;
P_0x555556ee86c0 .param/l "INIT_C" 0 3 1519, C4<0000000000000000000000000000000000000000000000000000000000000000000000000000000000000000000000000000000000000000000000000000000000000000000000000000000000000000000000000000000000000000000000000000000000000000000000000000000000000000000000000000000000000000>;
P_0x555556ee8700 .param/l "INIT_D" 0 3 1520, C4<0000000000000000000000000000000000000000000000000000000000000000000000000000000000000000000000000000000000000000000000000000000000000000000000000000000000000000000000000000000000000000000000000000000000000000000000000000000000000000000000000000000000000000>;
P_0x555556ee8740 .param/l "INIT_E" 0 3 1521, C4<0000000000000000000000000000000000000000000000000000000000000000000000000000000000000000000000000000000000000000000000000000000000000000000000000000000000000000000000000000000000000000000000000000000000000000000000000000000000000000000000000000000000000000>;
P_0x555556ee8780 .param/l "INIT_F" 0 3 1522, C4<0000000000000000000000000000000000000000000000000000000000000000000000000000000000000000000000000000000000000000000000000000000000000000000000000000000000000000000000000000000000000000000000000000000000000000000000000000000000000000000000000000000000000000>;
P_0x555556ee87c0 .param/str "INIT_FILE" 0 3 1524, "\000";
P_0x555556ee8800 .param/l "READ_MODE" 0 3 1505, +C4<00000000000000000000000000000000>;
P_0x555556ee8840 .param/l "WRITE_MODE" 0 3 1504, +C4<00000000000000000000000000000000>;
v0x555556eea820_0 .net "MASK", 15 0, o0x7f1681f46b58;  alias, 0 drivers
v0x555556eea8e0_0 .net "RADDR", 10 0, o0x7f1681f46b88;  alias, 0 drivers
v0x555556eea9c0_0 .net "RCLK", 0 0, L_0x555556f1cb40;  1 drivers
v0x555556eeaa90_0 .net "RCLKE", 0 0, o0x7f1681f46be8;  alias, 0 drivers
v0x555556eeab50_0 .net "RDATA", 15 0, L_0x555556f1ca80;  alias, 1 drivers
v0x555556eeac80_0 .var "RDATA_I", 15 0;
v0x555556eead60_0 .net "RE", 0 0, o0x7f1681f46c78;  alias, 0 drivers
L_0x7f1681ad0b10 .functor BUFT 1, C4<0000000000000000>, C4<0>, C4<0>, C4<0>;
v0x555556eeae20_0 .net "RMASK_I", 15 0, L_0x7f1681ad0b10;  1 drivers
v0x555556eeaf00_0 .net "WADDR", 10 0, o0x7f1681f46cd8;  alias, 0 drivers
v0x555556eeafe0_0 .net "WCLK", 0 0, o0x7f1681f46d08;  alias, 0 drivers
v0x555556eeb0a0_0 .net "WCLKE", 0 0, o0x7f1681f46d38;  alias, 0 drivers
v0x555556eeb160_0 .net "WDATA", 15 0, o0x7f1681f46d68;  alias, 0 drivers
v0x555556eeb240_0 .net "WDATA_I", 15 0, L_0x555556f1c9c0;  1 drivers
v0x555556eeb320_0 .net "WE", 0 0, o0x7f1681f46dc8;  alias, 0 drivers
v0x555556eeb3e0_0 .net "WMASK_I", 15 0, L_0x555556f1c900;  1 drivers
v0x555556eeb4c0_0 .var/i "i", 31 0;
v0x555556eeb5a0 .array "memory", 255 0, 15 0;
E_0x555556ee9f50 .event posedge, v0x555556eea9c0_0;
E_0x555556ee9fd0 .event posedge, v0x555556eeafe0_0;
S_0x555556eea030 .scope generate, "genblk1" "genblk1" 3 1534, 3 1534 0, S_0x555556ee8210;
 .timescale -12 -12;
L_0x555556f1c900 .functor BUFZ 16, o0x7f1681f46b58, C4<0000000000000000>, C4<0000000000000000>, C4<0000000000000000>;
S_0x555556eea230 .scope generate, "genblk2" "genblk2" 3 1555, 3 1555 0, S_0x555556ee8210;
 .timescale -12 -12;
S_0x555556eea430 .scope generate, "genblk3" "genblk3" 3 1576, 3 1576 0, S_0x555556ee8210;
 .timescale -12 -12;
L_0x555556f1c9c0 .functor BUFZ 16, o0x7f1681f46d68, C4<0000000000000000>, C4<0000000000000000>, C4<0000000000000000>;
S_0x555556eea640 .scope generate, "genblk4" "genblk4" 3 1595, 3 1595 0, S_0x555556ee8210;
 .timescale -12 -12;
L_0x555556f1ca80 .functor BUFZ 16, v0x555556eeac80_0, C4<0000000000000000>, C4<0000000000000000>, C4<0000000000000000>;
S_0x555556e6ee80 .scope module, "SB_RAM40_4KNRNW" "SB_RAM40_4KNRNW" 3 1998;
 .timescale -12 -12;
    .port_info 0 /OUTPUT 16 "RDATA";
    .port_info 1 /INPUT 1 "RCLKN";
    .port_info 2 /INPUT 1 "RCLKE";
    .port_info 3 /INPUT 1 "RE";
    .port_info 4 /INPUT 11 "RADDR";
    .port_info 5 /INPUT 1 "WCLKN";
    .port_info 6 /INPUT 1 "WCLKE";
    .port_info 7 /INPUT 1 "WE";
    .port_info 8 /INPUT 11 "WADDR";
    .port_info 9 /INPUT 16 "MASK";
    .port_info 10 /INPUT 16 "WDATA";
P_0x555556d0af50 .param/l "INIT_0" 0 3 2014, C4<0000000000000000000000000000000000000000000000000000000000000000000000000000000000000000000000000000000000000000000000000000000000000000000000000000000000000000000000000000000000000000000000000000000000000000000000000000000000000000000000000000000000000000>;
P_0x555556d0af90 .param/l "INIT_1" 0 3 2015, C4<0000000000000000000000000000000000000000000000000000000000000000000000000000000000000000000000000000000000000000000000000000000000000000000000000000000000000000000000000000000000000000000000000000000000000000000000000000000000000000000000000000000000000000>;
P_0x555556d0afd0 .param/l "INIT_2" 0 3 2016, C4<0000000000000000000000000000000000000000000000000000000000000000000000000000000000000000000000000000000000000000000000000000000000000000000000000000000000000000000000000000000000000000000000000000000000000000000000000000000000000000000000000000000000000000>;
P_0x555556d0b010 .param/l "INIT_3" 0 3 2017, C4<0000000000000000000000000000000000000000000000000000000000000000000000000000000000000000000000000000000000000000000000000000000000000000000000000000000000000000000000000000000000000000000000000000000000000000000000000000000000000000000000000000000000000000>;
P_0x555556d0b050 .param/l "INIT_4" 0 3 2018, C4<0000000000000000000000000000000000000000000000000000000000000000000000000000000000000000000000000000000000000000000000000000000000000000000000000000000000000000000000000000000000000000000000000000000000000000000000000000000000000000000000000000000000000000>;
P_0x555556d0b090 .param/l "INIT_5" 0 3 2019, C4<0000000000000000000000000000000000000000000000000000000000000000000000000000000000000000000000000000000000000000000000000000000000000000000000000000000000000000000000000000000000000000000000000000000000000000000000000000000000000000000000000000000000000000>;
P_0x555556d0b0d0 .param/l "INIT_6" 0 3 2020, C4<0000000000000000000000000000000000000000000000000000000000000000000000000000000000000000000000000000000000000000000000000000000000000000000000000000000000000000000000000000000000000000000000000000000000000000000000000000000000000000000000000000000000000000>;
P_0x555556d0b110 .param/l "INIT_7" 0 3 2021, C4<0000000000000000000000000000000000000000000000000000000000000000000000000000000000000000000000000000000000000000000000000000000000000000000000000000000000000000000000000000000000000000000000000000000000000000000000000000000000000000000000000000000000000000>;
P_0x555556d0b150 .param/l "INIT_8" 0 3 2022, C4<0000000000000000000000000000000000000000000000000000000000000000000000000000000000000000000000000000000000000000000000000000000000000000000000000000000000000000000000000000000000000000000000000000000000000000000000000000000000000000000000000000000000000000>;
P_0x555556d0b190 .param/l "INIT_9" 0 3 2023, C4<0000000000000000000000000000000000000000000000000000000000000000000000000000000000000000000000000000000000000000000000000000000000000000000000000000000000000000000000000000000000000000000000000000000000000000000000000000000000000000000000000000000000000000>;
P_0x555556d0b1d0 .param/l "INIT_A" 0 3 2024, C4<0000000000000000000000000000000000000000000000000000000000000000000000000000000000000000000000000000000000000000000000000000000000000000000000000000000000000000000000000000000000000000000000000000000000000000000000000000000000000000000000000000000000000000>;
P_0x555556d0b210 .param/l "INIT_B" 0 3 2025, C4<0000000000000000000000000000000000000000000000000000000000000000000000000000000000000000000000000000000000000000000000000000000000000000000000000000000000000000000000000000000000000000000000000000000000000000000000000000000000000000000000000000000000000000>;
P_0x555556d0b250 .param/l "INIT_C" 0 3 2026, C4<0000000000000000000000000000000000000000000000000000000000000000000000000000000000000000000000000000000000000000000000000000000000000000000000000000000000000000000000000000000000000000000000000000000000000000000000000000000000000000000000000000000000000000>;
P_0x555556d0b290 .param/l "INIT_D" 0 3 2027, C4<0000000000000000000000000000000000000000000000000000000000000000000000000000000000000000000000000000000000000000000000000000000000000000000000000000000000000000000000000000000000000000000000000000000000000000000000000000000000000000000000000000000000000000>;
P_0x555556d0b2d0 .param/l "INIT_E" 0 3 2028, C4<0000000000000000000000000000000000000000000000000000000000000000000000000000000000000000000000000000000000000000000000000000000000000000000000000000000000000000000000000000000000000000000000000000000000000000000000000000000000000000000000000000000000000000>;
P_0x555556d0b310 .param/l "INIT_F" 0 3 2029, C4<0000000000000000000000000000000000000000000000000000000000000000000000000000000000000000000000000000000000000000000000000000000000000000000000000000000000000000000000000000000000000000000000000000000000000000000000000000000000000000000000000000000000000000>;
P_0x555556d0b350 .param/str "INIT_FILE" 0 3 2031, "\000";
P_0x555556d0b390 .param/l "READ_MODE" 0 3 2012, +C4<00000000000000000000000000000000>;
P_0x555556d0b3d0 .param/l "WRITE_MODE" 0 3 2011, +C4<00000000000000000000000000000000>;
o0x7f1681f477b8 .functor BUFZ 1, c4<z>; HiZ drive
L_0x555556f1ce20 .functor NOT 1, o0x7f1681f477b8, C4<0>, C4<0>, C4<0>;
o0x7f1681f477e8 .functor BUFZ 1, c4<z>; HiZ drive
L_0x555556f1cec0 .functor NOT 1, o0x7f1681f477e8, C4<0>, C4<0>, C4<0>;
o0x7f1681f472a8 .functor BUFZ 16, c4<zzzzzzzzzzzzzzzz>; HiZ drive
v0x555556eefb00_0 .net "MASK", 15 0, o0x7f1681f472a8;  0 drivers
o0x7f1681f472d8 .functor BUFZ 11, c4<zzzzzzzzzzz>; HiZ drive
v0x555556eefbe0_0 .net "RADDR", 10 0, o0x7f1681f472d8;  0 drivers
o0x7f1681f47338 .functor BUFZ 1, c4<z>; HiZ drive
v0x555556eefcb0_0 .net "RCLKE", 0 0, o0x7f1681f47338;  0 drivers
v0x555556eefdb0_0 .net "RCLKN", 0 0, o0x7f1681f477b8;  0 drivers
v0x555556eefe50_0 .net "RDATA", 15 0, L_0x555556f1cd60;  1 drivers
o0x7f1681f473c8 .functor BUFZ 1, c4<z>; HiZ drive
v0x555556eefef0_0 .net "RE", 0 0, o0x7f1681f473c8;  0 drivers
o0x7f1681f47428 .functor BUFZ 11, c4<zzzzzzzzzzz>; HiZ drive
v0x555556eeffc0_0 .net "WADDR", 10 0, o0x7f1681f47428;  0 drivers
o0x7f1681f47488 .functor BUFZ 1, c4<z>; HiZ drive
v0x555556ef0090_0 .net "WCLKE", 0 0, o0x7f1681f47488;  0 drivers
v0x555556ef0160_0 .net "WCLKN", 0 0, o0x7f1681f477e8;  0 drivers
o0x7f1681f474b8 .functor BUFZ 16, c4<zzzzzzzzzzzzzzzz>; HiZ drive
v0x555556ef0200_0 .net "WDATA", 15 0, o0x7f1681f474b8;  0 drivers
o0x7f1681f47518 .functor BUFZ 1, c4<z>; HiZ drive
v0x555556ef02d0_0 .net "WE", 0 0, o0x7f1681f47518;  0 drivers
S_0x555556eec2a0 .scope module, "RAM" "SB_RAM40_4K" 3 2053, 3 1487 0, S_0x555556e6ee80;
 .timescale -12 -12;
    .port_info 0 /OUTPUT 16 "RDATA";
    .port_info 1 /INPUT 1 "RCLK";
    .port_info 2 /INPUT 1 "RCLKE";
    .port_info 3 /INPUT 1 "RE";
    .port_info 4 /INPUT 11 "RADDR";
    .port_info 5 /INPUT 1 "WCLK";
    .port_info 6 /INPUT 1 "WCLKE";
    .port_info 7 /INPUT 1 "WE";
    .port_info 8 /INPUT 11 "WADDR";
    .port_info 9 /INPUT 16 "MASK";
    .port_info 10 /INPUT 16 "WDATA";
P_0x555556eec450 .param/l "INIT_0" 0 3 1507, C4<0000000000000000000000000000000000000000000000000000000000000000000000000000000000000000000000000000000000000000000000000000000000000000000000000000000000000000000000000000000000000000000000000000000000000000000000000000000000000000000000000000000000000000>;
P_0x555556eec490 .param/l "INIT_1" 0 3 1508, C4<0000000000000000000000000000000000000000000000000000000000000000000000000000000000000000000000000000000000000000000000000000000000000000000000000000000000000000000000000000000000000000000000000000000000000000000000000000000000000000000000000000000000000000>;
P_0x555556eec4d0 .param/l "INIT_2" 0 3 1509, C4<0000000000000000000000000000000000000000000000000000000000000000000000000000000000000000000000000000000000000000000000000000000000000000000000000000000000000000000000000000000000000000000000000000000000000000000000000000000000000000000000000000000000000000>;
P_0x555556eec510 .param/l "INIT_3" 0 3 1510, C4<0000000000000000000000000000000000000000000000000000000000000000000000000000000000000000000000000000000000000000000000000000000000000000000000000000000000000000000000000000000000000000000000000000000000000000000000000000000000000000000000000000000000000000>;
P_0x555556eec550 .param/l "INIT_4" 0 3 1511, C4<0000000000000000000000000000000000000000000000000000000000000000000000000000000000000000000000000000000000000000000000000000000000000000000000000000000000000000000000000000000000000000000000000000000000000000000000000000000000000000000000000000000000000000>;
P_0x555556eec590 .param/l "INIT_5" 0 3 1512, C4<0000000000000000000000000000000000000000000000000000000000000000000000000000000000000000000000000000000000000000000000000000000000000000000000000000000000000000000000000000000000000000000000000000000000000000000000000000000000000000000000000000000000000000>;
P_0x555556eec5d0 .param/l "INIT_6" 0 3 1513, C4<0000000000000000000000000000000000000000000000000000000000000000000000000000000000000000000000000000000000000000000000000000000000000000000000000000000000000000000000000000000000000000000000000000000000000000000000000000000000000000000000000000000000000000>;
P_0x555556eec610 .param/l "INIT_7" 0 3 1514, C4<0000000000000000000000000000000000000000000000000000000000000000000000000000000000000000000000000000000000000000000000000000000000000000000000000000000000000000000000000000000000000000000000000000000000000000000000000000000000000000000000000000000000000000>;
P_0x555556eec650 .param/l "INIT_8" 0 3 1515, C4<0000000000000000000000000000000000000000000000000000000000000000000000000000000000000000000000000000000000000000000000000000000000000000000000000000000000000000000000000000000000000000000000000000000000000000000000000000000000000000000000000000000000000000>;
P_0x555556eec690 .param/l "INIT_9" 0 3 1516, C4<0000000000000000000000000000000000000000000000000000000000000000000000000000000000000000000000000000000000000000000000000000000000000000000000000000000000000000000000000000000000000000000000000000000000000000000000000000000000000000000000000000000000000000>;
P_0x555556eec6d0 .param/l "INIT_A" 0 3 1517, C4<0000000000000000000000000000000000000000000000000000000000000000000000000000000000000000000000000000000000000000000000000000000000000000000000000000000000000000000000000000000000000000000000000000000000000000000000000000000000000000000000000000000000000000>;
P_0x555556eec710 .param/l "INIT_B" 0 3 1518, C4<0000000000000000000000000000000000000000000000000000000000000000000000000000000000000000000000000000000000000000000000000000000000000000000000000000000000000000000000000000000000000000000000000000000000000000000000000000000000000000000000000000000000000000>;
P_0x555556eec750 .param/l "INIT_C" 0 3 1519, C4<0000000000000000000000000000000000000000000000000000000000000000000000000000000000000000000000000000000000000000000000000000000000000000000000000000000000000000000000000000000000000000000000000000000000000000000000000000000000000000000000000000000000000000>;
P_0x555556eec790 .param/l "INIT_D" 0 3 1520, C4<0000000000000000000000000000000000000000000000000000000000000000000000000000000000000000000000000000000000000000000000000000000000000000000000000000000000000000000000000000000000000000000000000000000000000000000000000000000000000000000000000000000000000000>;
P_0x555556eec7d0 .param/l "INIT_E" 0 3 1521, C4<0000000000000000000000000000000000000000000000000000000000000000000000000000000000000000000000000000000000000000000000000000000000000000000000000000000000000000000000000000000000000000000000000000000000000000000000000000000000000000000000000000000000000000>;
P_0x555556eec810 .param/l "INIT_F" 0 3 1522, C4<0000000000000000000000000000000000000000000000000000000000000000000000000000000000000000000000000000000000000000000000000000000000000000000000000000000000000000000000000000000000000000000000000000000000000000000000000000000000000000000000000000000000000000>;
P_0x555556eec850 .param/str "INIT_FILE" 0 3 1524, "\000";
P_0x555556eec890 .param/l "READ_MODE" 0 3 1505, +C4<00000000000000000000000000000000>;
P_0x555556eec8d0 .param/l "WRITE_MODE" 0 3 1504, +C4<00000000000000000000000000000000>;
v0x555556eee9f0_0 .net "MASK", 15 0, o0x7f1681f472a8;  alias, 0 drivers
v0x555556eeeab0_0 .net "RADDR", 10 0, o0x7f1681f472d8;  alias, 0 drivers
v0x555556eeeb90_0 .net "RCLK", 0 0, L_0x555556f1ce20;  1 drivers
v0x555556eeec60_0 .net "RCLKE", 0 0, o0x7f1681f47338;  alias, 0 drivers
v0x555556eeed20_0 .net "RDATA", 15 0, L_0x555556f1cd60;  alias, 1 drivers
v0x555556eeee50_0 .var "RDATA_I", 15 0;
v0x555556eeef30_0 .net "RE", 0 0, o0x7f1681f473c8;  alias, 0 drivers
L_0x7f1681ad0b58 .functor BUFT 1, C4<0000000000000000>, C4<0>, C4<0>, C4<0>;
v0x555556eeeff0_0 .net "RMASK_I", 15 0, L_0x7f1681ad0b58;  1 drivers
v0x555556eef0d0_0 .net "WADDR", 10 0, o0x7f1681f47428;  alias, 0 drivers
v0x555556eef1b0_0 .net "WCLK", 0 0, L_0x555556f1cec0;  1 drivers
v0x555556eef270_0 .net "WCLKE", 0 0, o0x7f1681f47488;  alias, 0 drivers
v0x555556eef330_0 .net "WDATA", 15 0, o0x7f1681f474b8;  alias, 0 drivers
v0x555556eef410_0 .net "WDATA_I", 15 0, L_0x555556f1cc70;  1 drivers
v0x555556eef4f0_0 .net "WE", 0 0, o0x7f1681f47518;  alias, 0 drivers
v0x555556eef5b0_0 .net "WMASK_I", 15 0, L_0x555556f1cbb0;  1 drivers
v0x555556eef690_0 .var/i "i", 31 0;
v0x555556eef770 .array "memory", 255 0, 15 0;
E_0x555556eee120 .event posedge, v0x555556eeeb90_0;
E_0x555556eee1a0 .event posedge, v0x555556eef1b0_0;
S_0x555556eee200 .scope generate, "genblk1" "genblk1" 3 1534, 3 1534 0, S_0x555556eec2a0;
 .timescale -12 -12;
L_0x555556f1cbb0 .functor BUFZ 16, o0x7f1681f472a8, C4<0000000000000000>, C4<0000000000000000>, C4<0000000000000000>;
S_0x555556eee400 .scope generate, "genblk2" "genblk2" 3 1555, 3 1555 0, S_0x555556eec2a0;
 .timescale -12 -12;
S_0x555556eee600 .scope generate, "genblk3" "genblk3" 3 1576, 3 1576 0, S_0x555556eec2a0;
 .timescale -12 -12;
L_0x555556f1cc70 .functor BUFZ 16, o0x7f1681f474b8, C4<0000000000000000>, C4<0000000000000000>, C4<0000000000000000>;
S_0x555556eee810 .scope generate, "genblk4" "genblk4" 3 1595, 3 1595 0, S_0x555556eec2a0;
 .timescale -12 -12;
L_0x555556f1cd60 .functor BUFZ 16, v0x555556eeee50_0, C4<0000000000000000>, C4<0000000000000000>, C4<0000000000000000>;
S_0x555556cd7e10 .scope module, "SB_RAM40_4KNW" "SB_RAM40_4KNW" 3 1862;
 .timescale -12 -12;
    .port_info 0 /OUTPUT 16 "RDATA";
    .port_info 1 /INPUT 1 "RCLK";
    .port_info 2 /INPUT 1 "RCLKE";
    .port_info 3 /INPUT 1 "RE";
    .port_info 4 /INPUT 11 "RADDR";
    .port_info 5 /INPUT 1 "WCLKN";
    .port_info 6 /INPUT 1 "WCLKE";
    .port_info 7 /INPUT 1 "WE";
    .port_info 8 /INPUT 11 "WADDR";
    .port_info 9 /INPUT 16 "MASK";
    .port_info 10 /INPUT 16 "WDATA";
P_0x555556cec600 .param/l "INIT_0" 0 3 1878, C4<0000000000000000000000000000000000000000000000000000000000000000000000000000000000000000000000000000000000000000000000000000000000000000000000000000000000000000000000000000000000000000000000000000000000000000000000000000000000000000000000000000000000000000>;
P_0x555556cec640 .param/l "INIT_1" 0 3 1879, C4<0000000000000000000000000000000000000000000000000000000000000000000000000000000000000000000000000000000000000000000000000000000000000000000000000000000000000000000000000000000000000000000000000000000000000000000000000000000000000000000000000000000000000000>;
P_0x555556cec680 .param/l "INIT_2" 0 3 1880, C4<0000000000000000000000000000000000000000000000000000000000000000000000000000000000000000000000000000000000000000000000000000000000000000000000000000000000000000000000000000000000000000000000000000000000000000000000000000000000000000000000000000000000000000>;
P_0x555556cec6c0 .param/l "INIT_3" 0 3 1881, C4<0000000000000000000000000000000000000000000000000000000000000000000000000000000000000000000000000000000000000000000000000000000000000000000000000000000000000000000000000000000000000000000000000000000000000000000000000000000000000000000000000000000000000000>;
P_0x555556cec700 .param/l "INIT_4" 0 3 1882, C4<0000000000000000000000000000000000000000000000000000000000000000000000000000000000000000000000000000000000000000000000000000000000000000000000000000000000000000000000000000000000000000000000000000000000000000000000000000000000000000000000000000000000000000>;
P_0x555556cec740 .param/l "INIT_5" 0 3 1883, C4<0000000000000000000000000000000000000000000000000000000000000000000000000000000000000000000000000000000000000000000000000000000000000000000000000000000000000000000000000000000000000000000000000000000000000000000000000000000000000000000000000000000000000000>;
P_0x555556cec780 .param/l "INIT_6" 0 3 1884, C4<0000000000000000000000000000000000000000000000000000000000000000000000000000000000000000000000000000000000000000000000000000000000000000000000000000000000000000000000000000000000000000000000000000000000000000000000000000000000000000000000000000000000000000>;
P_0x555556cec7c0 .param/l "INIT_7" 0 3 1885, C4<0000000000000000000000000000000000000000000000000000000000000000000000000000000000000000000000000000000000000000000000000000000000000000000000000000000000000000000000000000000000000000000000000000000000000000000000000000000000000000000000000000000000000000>;
P_0x555556cec800 .param/l "INIT_8" 0 3 1886, C4<0000000000000000000000000000000000000000000000000000000000000000000000000000000000000000000000000000000000000000000000000000000000000000000000000000000000000000000000000000000000000000000000000000000000000000000000000000000000000000000000000000000000000000>;
P_0x555556cec840 .param/l "INIT_9" 0 3 1887, C4<0000000000000000000000000000000000000000000000000000000000000000000000000000000000000000000000000000000000000000000000000000000000000000000000000000000000000000000000000000000000000000000000000000000000000000000000000000000000000000000000000000000000000000>;
P_0x555556cec880 .param/l "INIT_A" 0 3 1888, C4<0000000000000000000000000000000000000000000000000000000000000000000000000000000000000000000000000000000000000000000000000000000000000000000000000000000000000000000000000000000000000000000000000000000000000000000000000000000000000000000000000000000000000000>;
P_0x555556cec8c0 .param/l "INIT_B" 0 3 1889, C4<0000000000000000000000000000000000000000000000000000000000000000000000000000000000000000000000000000000000000000000000000000000000000000000000000000000000000000000000000000000000000000000000000000000000000000000000000000000000000000000000000000000000000000>;
P_0x555556cec900 .param/l "INIT_C" 0 3 1890, C4<0000000000000000000000000000000000000000000000000000000000000000000000000000000000000000000000000000000000000000000000000000000000000000000000000000000000000000000000000000000000000000000000000000000000000000000000000000000000000000000000000000000000000000>;
P_0x555556cec940 .param/l "INIT_D" 0 3 1891, C4<0000000000000000000000000000000000000000000000000000000000000000000000000000000000000000000000000000000000000000000000000000000000000000000000000000000000000000000000000000000000000000000000000000000000000000000000000000000000000000000000000000000000000000>;
P_0x555556cec980 .param/l "INIT_E" 0 3 1892, C4<0000000000000000000000000000000000000000000000000000000000000000000000000000000000000000000000000000000000000000000000000000000000000000000000000000000000000000000000000000000000000000000000000000000000000000000000000000000000000000000000000000000000000000>;
P_0x555556cec9c0 .param/l "INIT_F" 0 3 1893, C4<0000000000000000000000000000000000000000000000000000000000000000000000000000000000000000000000000000000000000000000000000000000000000000000000000000000000000000000000000000000000000000000000000000000000000000000000000000000000000000000000000000000000000000>;
P_0x555556ceca00 .param/str "INIT_FILE" 0 3 1895, "\000";
P_0x555556ceca40 .param/l "READ_MODE" 0 3 1876, +C4<00000000000000000000000000000000>;
P_0x555556ceca80 .param/l "WRITE_MODE" 0 3 1875, +C4<00000000000000000000000000000000>;
o0x7f1681f47f38 .functor BUFZ 1, c4<z>; HiZ drive
L_0x555556f1d230 .functor NOT 1, o0x7f1681f47f38, C4<0>, C4<0>, C4<0>;
o0x7f1681f47a28 .functor BUFZ 16, c4<zzzzzzzzzzzzzzzz>; HiZ drive
v0x555556ef3e50_0 .net "MASK", 15 0, o0x7f1681f47a28;  0 drivers
o0x7f1681f47a58 .functor BUFZ 11, c4<zzzzzzzzzzz>; HiZ drive
v0x555556ef3f30_0 .net "RADDR", 10 0, o0x7f1681f47a58;  0 drivers
o0x7f1681f47a88 .functor BUFZ 1, c4<z>; HiZ drive
v0x555556ef4000_0 .net "RCLK", 0 0, o0x7f1681f47a88;  0 drivers
o0x7f1681f47ab8 .functor BUFZ 1, c4<z>; HiZ drive
v0x555556ef4100_0 .net "RCLKE", 0 0, o0x7f1681f47ab8;  0 drivers
v0x555556ef41d0_0 .net "RDATA", 15 0, L_0x555556f1d170;  1 drivers
o0x7f1681f47b48 .functor BUFZ 1, c4<z>; HiZ drive
v0x555556ef4270_0 .net "RE", 0 0, o0x7f1681f47b48;  0 drivers
o0x7f1681f47ba8 .functor BUFZ 11, c4<zzzzzzzzzzz>; HiZ drive
v0x555556ef4340_0 .net "WADDR", 10 0, o0x7f1681f47ba8;  0 drivers
o0x7f1681f47c08 .functor BUFZ 1, c4<z>; HiZ drive
v0x555556ef4410_0 .net "WCLKE", 0 0, o0x7f1681f47c08;  0 drivers
v0x555556ef44e0_0 .net "WCLKN", 0 0, o0x7f1681f47f38;  0 drivers
o0x7f1681f47c38 .functor BUFZ 16, c4<zzzzzzzzzzzzzzzz>; HiZ drive
v0x555556ef4580_0 .net "WDATA", 15 0, o0x7f1681f47c38;  0 drivers
o0x7f1681f47c98 .functor BUFZ 1, c4<z>; HiZ drive
v0x555556ef4650_0 .net "WE", 0 0, o0x7f1681f47c98;  0 drivers
S_0x555556ef0480 .scope module, "RAM" "SB_RAM40_4K" 3 1917, 3 1487 0, S_0x555556cd7e10;
 .timescale -12 -12;
    .port_info 0 /OUTPUT 16 "RDATA";
    .port_info 1 /INPUT 1 "RCLK";
    .port_info 2 /INPUT 1 "RCLKE";
    .port_info 3 /INPUT 1 "RE";
    .port_info 4 /INPUT 11 "RADDR";
    .port_info 5 /INPUT 1 "WCLK";
    .port_info 6 /INPUT 1 "WCLKE";
    .port_info 7 /INPUT 1 "WE";
    .port_info 8 /INPUT 11 "WADDR";
    .port_info 9 /INPUT 16 "MASK";
    .port_info 10 /INPUT 16 "WDATA";
P_0x555556ef0630 .param/l "INIT_0" 0 3 1507, C4<0000000000000000000000000000000000000000000000000000000000000000000000000000000000000000000000000000000000000000000000000000000000000000000000000000000000000000000000000000000000000000000000000000000000000000000000000000000000000000000000000000000000000000>;
P_0x555556ef0670 .param/l "INIT_1" 0 3 1508, C4<0000000000000000000000000000000000000000000000000000000000000000000000000000000000000000000000000000000000000000000000000000000000000000000000000000000000000000000000000000000000000000000000000000000000000000000000000000000000000000000000000000000000000000>;
P_0x555556ef06b0 .param/l "INIT_2" 0 3 1509, C4<0000000000000000000000000000000000000000000000000000000000000000000000000000000000000000000000000000000000000000000000000000000000000000000000000000000000000000000000000000000000000000000000000000000000000000000000000000000000000000000000000000000000000000>;
P_0x555556ef06f0 .param/l "INIT_3" 0 3 1510, C4<0000000000000000000000000000000000000000000000000000000000000000000000000000000000000000000000000000000000000000000000000000000000000000000000000000000000000000000000000000000000000000000000000000000000000000000000000000000000000000000000000000000000000000>;
P_0x555556ef0730 .param/l "INIT_4" 0 3 1511, C4<0000000000000000000000000000000000000000000000000000000000000000000000000000000000000000000000000000000000000000000000000000000000000000000000000000000000000000000000000000000000000000000000000000000000000000000000000000000000000000000000000000000000000000>;
P_0x555556ef0770 .param/l "INIT_5" 0 3 1512, C4<0000000000000000000000000000000000000000000000000000000000000000000000000000000000000000000000000000000000000000000000000000000000000000000000000000000000000000000000000000000000000000000000000000000000000000000000000000000000000000000000000000000000000000>;
P_0x555556ef07b0 .param/l "INIT_6" 0 3 1513, C4<0000000000000000000000000000000000000000000000000000000000000000000000000000000000000000000000000000000000000000000000000000000000000000000000000000000000000000000000000000000000000000000000000000000000000000000000000000000000000000000000000000000000000000>;
P_0x555556ef07f0 .param/l "INIT_7" 0 3 1514, C4<0000000000000000000000000000000000000000000000000000000000000000000000000000000000000000000000000000000000000000000000000000000000000000000000000000000000000000000000000000000000000000000000000000000000000000000000000000000000000000000000000000000000000000>;
P_0x555556ef0830 .param/l "INIT_8" 0 3 1515, C4<0000000000000000000000000000000000000000000000000000000000000000000000000000000000000000000000000000000000000000000000000000000000000000000000000000000000000000000000000000000000000000000000000000000000000000000000000000000000000000000000000000000000000000>;
P_0x555556ef0870 .param/l "INIT_9" 0 3 1516, C4<0000000000000000000000000000000000000000000000000000000000000000000000000000000000000000000000000000000000000000000000000000000000000000000000000000000000000000000000000000000000000000000000000000000000000000000000000000000000000000000000000000000000000000>;
P_0x555556ef08b0 .param/l "INIT_A" 0 3 1517, C4<0000000000000000000000000000000000000000000000000000000000000000000000000000000000000000000000000000000000000000000000000000000000000000000000000000000000000000000000000000000000000000000000000000000000000000000000000000000000000000000000000000000000000000>;
P_0x555556ef08f0 .param/l "INIT_B" 0 3 1518, C4<0000000000000000000000000000000000000000000000000000000000000000000000000000000000000000000000000000000000000000000000000000000000000000000000000000000000000000000000000000000000000000000000000000000000000000000000000000000000000000000000000000000000000000>;
P_0x555556ef0930 .param/l "INIT_C" 0 3 1519, C4<0000000000000000000000000000000000000000000000000000000000000000000000000000000000000000000000000000000000000000000000000000000000000000000000000000000000000000000000000000000000000000000000000000000000000000000000000000000000000000000000000000000000000000>;
P_0x555556ef0970 .param/l "INIT_D" 0 3 1520, C4<0000000000000000000000000000000000000000000000000000000000000000000000000000000000000000000000000000000000000000000000000000000000000000000000000000000000000000000000000000000000000000000000000000000000000000000000000000000000000000000000000000000000000000>;
P_0x555556ef09b0 .param/l "INIT_E" 0 3 1521, C4<0000000000000000000000000000000000000000000000000000000000000000000000000000000000000000000000000000000000000000000000000000000000000000000000000000000000000000000000000000000000000000000000000000000000000000000000000000000000000000000000000000000000000000>;
P_0x555556ef09f0 .param/l "INIT_F" 0 3 1522, C4<0000000000000000000000000000000000000000000000000000000000000000000000000000000000000000000000000000000000000000000000000000000000000000000000000000000000000000000000000000000000000000000000000000000000000000000000000000000000000000000000000000000000000000>;
P_0x555556ef0a30 .param/str "INIT_FILE" 0 3 1524, "\000";
P_0x555556ef0a70 .param/l "READ_MODE" 0 3 1505, +C4<00000000000000000000000000000000>;
P_0x555556ef0ab0 .param/l "WRITE_MODE" 0 3 1504, +C4<00000000000000000000000000000000>;
v0x555556ef2d40_0 .net "MASK", 15 0, o0x7f1681f47a28;  alias, 0 drivers
v0x555556ef2e00_0 .net "RADDR", 10 0, o0x7f1681f47a58;  alias, 0 drivers
v0x555556ef2ee0_0 .net "RCLK", 0 0, o0x7f1681f47a88;  alias, 0 drivers
v0x555556ef2fb0_0 .net "RCLKE", 0 0, o0x7f1681f47ab8;  alias, 0 drivers
v0x555556ef3070_0 .net "RDATA", 15 0, L_0x555556f1d170;  alias, 1 drivers
v0x555556ef31a0_0 .var "RDATA_I", 15 0;
v0x555556ef3280_0 .net "RE", 0 0, o0x7f1681f47b48;  alias, 0 drivers
L_0x7f1681ad0ba0 .functor BUFT 1, C4<0000000000000000>, C4<0>, C4<0>, C4<0>;
v0x555556ef3340_0 .net "RMASK_I", 15 0, L_0x7f1681ad0ba0;  1 drivers
v0x555556ef3420_0 .net "WADDR", 10 0, o0x7f1681f47ba8;  alias, 0 drivers
v0x555556ef3500_0 .net "WCLK", 0 0, L_0x555556f1d230;  1 drivers
v0x555556ef35c0_0 .net "WCLKE", 0 0, o0x7f1681f47c08;  alias, 0 drivers
v0x555556ef3680_0 .net "WDATA", 15 0, o0x7f1681f47c38;  alias, 0 drivers
v0x555556ef3760_0 .net "WDATA_I", 15 0, L_0x555556f1d080;  1 drivers
v0x555556ef3840_0 .net "WE", 0 0, o0x7f1681f47c98;  alias, 0 drivers
v0x555556ef3900_0 .net "WMASK_I", 15 0, L_0x555556f1cf90;  1 drivers
v0x555556ef39e0_0 .var/i "i", 31 0;
v0x555556ef3ac0 .array "memory", 255 0, 15 0;
E_0x555556ef2470 .event posedge, v0x555556ef2ee0_0;
E_0x555556ef24f0 .event posedge, v0x555556ef3500_0;
S_0x555556ef2550 .scope generate, "genblk1" "genblk1" 3 1534, 3 1534 0, S_0x555556ef0480;
 .timescale -12 -12;
L_0x555556f1cf90 .functor BUFZ 16, o0x7f1681f47a28, C4<0000000000000000>, C4<0000000000000000>, C4<0000000000000000>;
S_0x555556ef2750 .scope generate, "genblk2" "genblk2" 3 1555, 3 1555 0, S_0x555556ef0480;
 .timescale -12 -12;
S_0x555556ef2950 .scope generate, "genblk3" "genblk3" 3 1576, 3 1576 0, S_0x555556ef0480;
 .timescale -12 -12;
L_0x555556f1d080 .functor BUFZ 16, o0x7f1681f47c38, C4<0000000000000000>, C4<0000000000000000>, C4<0000000000000000>;
S_0x555556ef2b60 .scope generate, "genblk4" "genblk4" 3 1595, 3 1595 0, S_0x555556ef0480;
 .timescale -12 -12;
L_0x555556f1d170 .functor BUFZ 16, v0x555556ef31a0_0, C4<0000000000000000>, C4<0000000000000000>, C4<0000000000000000>;
S_0x555556d02670 .scope module, "SB_RGBA_DRV" "SB_RGBA_DRV" 3 2692;
 .timescale -12 -12;
    .port_info 0 /INPUT 1 "CURREN";
    .port_info 1 /INPUT 1 "RGBLEDEN";
    .port_info 2 /INPUT 1 "RGB0PWM";
    .port_info 3 /INPUT 1 "RGB1PWM";
    .port_info 4 /INPUT 1 "RGB2PWM";
    .port_info 5 /OUTPUT 1 "RGB0";
    .port_info 6 /OUTPUT 1 "RGB1";
    .port_info 7 /OUTPUT 1 "RGB2";
P_0x555556d02800 .param/str "CURRENT_MODE" 0 3 2702, "0b0";
P_0x555556d02840 .param/str "RGB0_CURRENT" 0 3 2703, "0b000000";
P_0x555556d02880 .param/str "RGB1_CURRENT" 0 3 2704, "0b000000";
P_0x555556d028c0 .param/str "RGB2_CURRENT" 0 3 2705, "0b000000";
o0x7f1681f48178 .functor BUFZ 1, c4<z>; HiZ drive
v0x555556ef47c0_0 .net "CURREN", 0 0, o0x7f1681f48178;  0 drivers
o0x7f1681f481a8 .functor BUFZ 1, c4<z>; HiZ drive
v0x555556ef48a0_0 .net "RGB0", 0 0, o0x7f1681f481a8;  0 drivers
o0x7f1681f481d8 .functor BUFZ 1, c4<z>; HiZ drive
v0x555556ef4960_0 .net "RGB0PWM", 0 0, o0x7f1681f481d8;  0 drivers
o0x7f1681f48208 .functor BUFZ 1, c4<z>; HiZ drive
v0x555556ef4a30_0 .net "RGB1", 0 0, o0x7f1681f48208;  0 drivers
o0x7f1681f48238 .functor BUFZ 1, c4<z>; HiZ drive
v0x555556ef4af0_0 .net "RGB1PWM", 0 0, o0x7f1681f48238;  0 drivers
o0x7f1681f48268 .functor BUFZ 1, c4<z>; HiZ drive
v0x555556ef4bb0_0 .net "RGB2", 0 0, o0x7f1681f48268;  0 drivers
o0x7f1681f48298 .functor BUFZ 1, c4<z>; HiZ drive
v0x555556ef4c70_0 .net "RGB2PWM", 0 0, o0x7f1681f48298;  0 drivers
o0x7f1681f482c8 .functor BUFZ 1, c4<z>; HiZ drive
v0x555556ef4d30_0 .net "RGBLEDEN", 0 0, o0x7f1681f482c8;  0 drivers
S_0x555556d15340 .scope module, "SB_RGB_DRV" "SB_RGB_DRV" 3 2716;
 .timescale -12 -12;
    .port_info 0 /INPUT 1 "RGBLEDEN";
    .port_info 1 /INPUT 1 "RGB0PWM";
    .port_info 2 /INPUT 1 "RGB1PWM";
    .port_info 3 /INPUT 1 "RGB2PWM";
    .port_info 4 /INPUT 1 "RGBPU";
    .port_info 5 /OUTPUT 1 "RGB0";
    .port_info 6 /OUTPUT 1 "RGB1";
    .port_info 7 /OUTPUT 1 "RGB2";
P_0x555556d154d0 .param/str "CURRENT_MODE" 0 3 2726, "0b0";
P_0x555556d15510 .param/str "RGB0_CURRENT" 0 3 2727, "0b000000";
P_0x555556d15550 .param/str "RGB1_CURRENT" 0 3 2728, "0b000000";
P_0x555556d15590 .param/str "RGB2_CURRENT" 0 3 2729, "0b000000";
o0x7f1681f48478 .functor BUFZ 1, c4<z>; HiZ drive
v0x555556ef4f40_0 .net "RGB0", 0 0, o0x7f1681f48478;  0 drivers
o0x7f1681f484a8 .functor BUFZ 1, c4<z>; HiZ drive
v0x555556ef5020_0 .net "RGB0PWM", 0 0, o0x7f1681f484a8;  0 drivers
o0x7f1681f484d8 .functor BUFZ 1, c4<z>; HiZ drive
v0x555556ef50e0_0 .net "RGB1", 0 0, o0x7f1681f484d8;  0 drivers
o0x7f1681f48508 .functor BUFZ 1, c4<z>; HiZ drive
v0x555556ef5180_0 .net "RGB1PWM", 0 0, o0x7f1681f48508;  0 drivers
o0x7f1681f48538 .functor BUFZ 1, c4<z>; HiZ drive
v0x555556ef5240_0 .net "RGB2", 0 0, o0x7f1681f48538;  0 drivers
o0x7f1681f48568 .functor BUFZ 1, c4<z>; HiZ drive
v0x555556ef5300_0 .net "RGB2PWM", 0 0, o0x7f1681f48568;  0 drivers
o0x7f1681f48598 .functor BUFZ 1, c4<z>; HiZ drive
v0x555556ef53c0_0 .net "RGBLEDEN", 0 0, o0x7f1681f48598;  0 drivers
o0x7f1681f485c8 .functor BUFZ 1, c4<z>; HiZ drive
v0x555556ef5480_0 .net "RGBPU", 0 0, o0x7f1681f485c8;  0 drivers
S_0x555556d17d80 .scope module, "SB_SPI" "SB_SPI" 3 2776;
 .timescale -12 -12;
    .port_info 0 /INPUT 1 "SBCLKI";
    .port_info 1 /INPUT 1 "SBRWI";
    .port_info 2 /INPUT 1 "SBSTBI";
    .port_info 3 /INPUT 1 "SBADRI7";
    .port_info 4 /INPUT 1 "SBADRI6";
    .port_info 5 /INPUT 1 "SBADRI5";
    .port_info 6 /INPUT 1 "SBADRI4";
    .port_info 7 /INPUT 1 "SBADRI3";
    .port_info 8 /INPUT 1 "SBADRI2";
    .port_info 9 /INPUT 1 "SBADRI1";
    .port_info 10 /INPUT 1 "SBADRI0";
    .port_info 11 /INPUT 1 "SBDATI7";
    .port_info 12 /INPUT 1 "SBDATI6";
    .port_info 13 /INPUT 1 "SBDATI5";
    .port_info 14 /INPUT 1 "SBDATI4";
    .port_info 15 /INPUT 1 "SBDATI3";
    .port_info 16 /INPUT 1 "SBDATI2";
    .port_info 17 /INPUT 1 "SBDATI1";
    .port_info 18 /INPUT 1 "SBDATI0";
    .port_info 19 /INPUT 1 "MI";
    .port_info 20 /INPUT 1 "SI";
    .port_info 21 /INPUT 1 "SCKI";
    .port_info 22 /INPUT 1 "SCSNI";
    .port_info 23 /OUTPUT 1 "SBDATO7";
    .port_info 24 /OUTPUT 1 "SBDATO6";
    .port_info 25 /OUTPUT 1 "SBDATO5";
    .port_info 26 /OUTPUT 1 "SBDATO4";
    .port_info 27 /OUTPUT 1 "SBDATO3";
    .port_info 28 /OUTPUT 1 "SBDATO2";
    .port_info 29 /OUTPUT 1 "SBDATO1";
    .port_info 30 /OUTPUT 1 "SBDATO0";
    .port_info 31 /OUTPUT 1 "SBACKO";
    .port_info 32 /OUTPUT 1 "SPIIRQ";
    .port_info 33 /OUTPUT 1 "SPIWKUP";
    .port_info 34 /OUTPUT 1 "SO";
    .port_info 35 /OUTPUT 1 "SOE";
    .port_info 36 /OUTPUT 1 "MO";
    .port_info 37 /OUTPUT 1 "MOE";
    .port_info 38 /OUTPUT 1 "SCKO";
    .port_info 39 /OUTPUT 1 "SCKOE";
    .port_info 40 /OUTPUT 1 "MCSNO3";
    .port_info 41 /OUTPUT 1 "MCSNO2";
    .port_info 42 /OUTPUT 1 "MCSNO1";
    .port_info 43 /OUTPUT 1 "MCSNO0";
    .port_info 44 /OUTPUT 1 "MCSNOE3";
    .port_info 45 /OUTPUT 1 "MCSNOE2";
    .port_info 46 /OUTPUT 1 "MCSNOE1";
    .port_info 47 /OUTPUT 1 "MCSNOE0";
P_0x555556d17f10 .param/str "BUS_ADDR74" 0 3 2826, "0b0000";
o0x7f1681f48778 .functor BUFZ 1, c4<z>; HiZ drive
v0x555556ef5690_0 .net "MCSNO0", 0 0, o0x7f1681f48778;  0 drivers
o0x7f1681f487a8 .functor BUFZ 1, c4<z>; HiZ drive
v0x555556ef5770_0 .net "MCSNO1", 0 0, o0x7f1681f487a8;  0 drivers
o0x7f1681f487d8 .functor BUFZ 1, c4<z>; HiZ drive
v0x555556ef5830_0 .net "MCSNO2", 0 0, o0x7f1681f487d8;  0 drivers
o0x7f1681f48808 .functor BUFZ 1, c4<z>; HiZ drive
v0x555556ef58d0_0 .net "MCSNO3", 0 0, o0x7f1681f48808;  0 drivers
o0x7f1681f48838 .functor BUFZ 1, c4<z>; HiZ drive
v0x555556ef5990_0 .net "MCSNOE0", 0 0, o0x7f1681f48838;  0 drivers
o0x7f1681f48868 .functor BUFZ 1, c4<z>; HiZ drive
v0x555556ef5a50_0 .net "MCSNOE1", 0 0, o0x7f1681f48868;  0 drivers
o0x7f1681f48898 .functor BUFZ 1, c4<z>; HiZ drive
v0x555556ef5b10_0 .net "MCSNOE2", 0 0, o0x7f1681f48898;  0 drivers
o0x7f1681f488c8 .functor BUFZ 1, c4<z>; HiZ drive
v0x555556ef5bd0_0 .net "MCSNOE3", 0 0, o0x7f1681f488c8;  0 drivers
o0x7f1681f488f8 .functor BUFZ 1, c4<z>; HiZ drive
v0x555556ef5c90_0 .net "MI", 0 0, o0x7f1681f488f8;  0 drivers
o0x7f1681f48928 .functor BUFZ 1, c4<z>; HiZ drive
v0x555556ef5de0_0 .net "MO", 0 0, o0x7f1681f48928;  0 drivers
o0x7f1681f48958 .functor BUFZ 1, c4<z>; HiZ drive
v0x555556ef5ea0_0 .net "MOE", 0 0, o0x7f1681f48958;  0 drivers
o0x7f1681f48988 .functor BUFZ 1, c4<z>; HiZ drive
v0x555556ef5f60_0 .net "SBACKO", 0 0, o0x7f1681f48988;  0 drivers
o0x7f1681f489b8 .functor BUFZ 1, c4<z>; HiZ drive
v0x555556ef6020_0 .net "SBADRI0", 0 0, o0x7f1681f489b8;  0 drivers
o0x7f1681f489e8 .functor BUFZ 1, c4<z>; HiZ drive
v0x555556ef60e0_0 .net "SBADRI1", 0 0, o0x7f1681f489e8;  0 drivers
o0x7f1681f48a18 .functor BUFZ 1, c4<z>; HiZ drive
v0x555556ef61a0_0 .net "SBADRI2", 0 0, o0x7f1681f48a18;  0 drivers
o0x7f1681f48a48 .functor BUFZ 1, c4<z>; HiZ drive
v0x555556ef6260_0 .net "SBADRI3", 0 0, o0x7f1681f48a48;  0 drivers
o0x7f1681f48a78 .functor BUFZ 1, c4<z>; HiZ drive
v0x555556ef6320_0 .net "SBADRI4", 0 0, o0x7f1681f48a78;  0 drivers
o0x7f1681f48aa8 .functor BUFZ 1, c4<z>; HiZ drive
v0x555556ef64f0_0 .net "SBADRI5", 0 0, o0x7f1681f48aa8;  0 drivers
o0x7f1681f48ad8 .functor BUFZ 1, c4<z>; HiZ drive
v0x555556ef65b0_0 .net "SBADRI6", 0 0, o0x7f1681f48ad8;  0 drivers
o0x7f1681f48b08 .functor BUFZ 1, c4<z>; HiZ drive
v0x555556ef6670_0 .net "SBADRI7", 0 0, o0x7f1681f48b08;  0 drivers
o0x7f1681f48b38 .functor BUFZ 1, c4<z>; HiZ drive
v0x555556ef6730_0 .net "SBCLKI", 0 0, o0x7f1681f48b38;  0 drivers
o0x7f1681f48b68 .functor BUFZ 1, c4<z>; HiZ drive
v0x555556ef67f0_0 .net "SBDATI0", 0 0, o0x7f1681f48b68;  0 drivers
o0x7f1681f48b98 .functor BUFZ 1, c4<z>; HiZ drive
v0x555556ef68b0_0 .net "SBDATI1", 0 0, o0x7f1681f48b98;  0 drivers
o0x7f1681f48bc8 .functor BUFZ 1, c4<z>; HiZ drive
v0x555556ef6970_0 .net "SBDATI2", 0 0, o0x7f1681f48bc8;  0 drivers
o0x7f1681f48bf8 .functor BUFZ 1, c4<z>; HiZ drive
v0x555556ef6a30_0 .net "SBDATI3", 0 0, o0x7f1681f48bf8;  0 drivers
o0x7f1681f48c28 .functor BUFZ 1, c4<z>; HiZ drive
v0x555556ef6af0_0 .net "SBDATI4", 0 0, o0x7f1681f48c28;  0 drivers
o0x7f1681f48c58 .functor BUFZ 1, c4<z>; HiZ drive
v0x555556ef6bb0_0 .net "SBDATI5", 0 0, o0x7f1681f48c58;  0 drivers
o0x7f1681f48c88 .functor BUFZ 1, c4<z>; HiZ drive
v0x555556ef6c70_0 .net "SBDATI6", 0 0, o0x7f1681f48c88;  0 drivers
o0x7f1681f48cb8 .functor BUFZ 1, c4<z>; HiZ drive
v0x555556ef6d30_0 .net "SBDATI7", 0 0, o0x7f1681f48cb8;  0 drivers
o0x7f1681f48ce8 .functor BUFZ 1, c4<z>; HiZ drive
v0x555556ef6df0_0 .net "SBDATO0", 0 0, o0x7f1681f48ce8;  0 drivers
o0x7f1681f48d18 .functor BUFZ 1, c4<z>; HiZ drive
v0x555556ef6eb0_0 .net "SBDATO1", 0 0, o0x7f1681f48d18;  0 drivers
o0x7f1681f48d48 .functor BUFZ 1, c4<z>; HiZ drive
v0x555556ef6f70_0 .net "SBDATO2", 0 0, o0x7f1681f48d48;  0 drivers
o0x7f1681f48d78 .functor BUFZ 1, c4<z>; HiZ drive
v0x555556ef7030_0 .net "SBDATO3", 0 0, o0x7f1681f48d78;  0 drivers
o0x7f1681f48da8 .functor BUFZ 1, c4<z>; HiZ drive
v0x555556ef70f0_0 .net "SBDATO4", 0 0, o0x7f1681f48da8;  0 drivers
o0x7f1681f48dd8 .functor BUFZ 1, c4<z>; HiZ drive
v0x555556ef71b0_0 .net "SBDATO5", 0 0, o0x7f1681f48dd8;  0 drivers
o0x7f1681f48e08 .functor BUFZ 1, c4<z>; HiZ drive
v0x555556ef7270_0 .net "SBDATO6", 0 0, o0x7f1681f48e08;  0 drivers
o0x7f1681f48e38 .functor BUFZ 1, c4<z>; HiZ drive
v0x555556ef7330_0 .net "SBDATO7", 0 0, o0x7f1681f48e38;  0 drivers
o0x7f1681f48e68 .functor BUFZ 1, c4<z>; HiZ drive
v0x555556ef73f0_0 .net "SBRWI", 0 0, o0x7f1681f48e68;  0 drivers
o0x7f1681f48e98 .functor BUFZ 1, c4<z>; HiZ drive
v0x555556ef74b0_0 .net "SBSTBI", 0 0, o0x7f1681f48e98;  0 drivers
o0x7f1681f48ec8 .functor BUFZ 1, c4<z>; HiZ drive
v0x555556ef7570_0 .net "SCKI", 0 0, o0x7f1681f48ec8;  0 drivers
o0x7f1681f48ef8 .functor BUFZ 1, c4<z>; HiZ drive
v0x555556ef7630_0 .net "SCKO", 0 0, o0x7f1681f48ef8;  0 drivers
o0x7f1681f48f28 .functor BUFZ 1, c4<z>; HiZ drive
v0x555556ef76f0_0 .net "SCKOE", 0 0, o0x7f1681f48f28;  0 drivers
o0x7f1681f48f58 .functor BUFZ 1, c4<z>; HiZ drive
v0x555556ef77b0_0 .net "SCSNI", 0 0, o0x7f1681f48f58;  0 drivers
o0x7f1681f48f88 .functor BUFZ 1, c4<z>; HiZ drive
v0x555556ef7870_0 .net "SI", 0 0, o0x7f1681f48f88;  0 drivers
o0x7f1681f48fb8 .functor BUFZ 1, c4<z>; HiZ drive
v0x555556ef7930_0 .net "SO", 0 0, o0x7f1681f48fb8;  0 drivers
o0x7f1681f48fe8 .functor BUFZ 1, c4<z>; HiZ drive
v0x555556ef79f0_0 .net "SOE", 0 0, o0x7f1681f48fe8;  0 drivers
o0x7f1681f49018 .functor BUFZ 1, c4<z>; HiZ drive
v0x555556ef7ab0_0 .net "SPIIRQ", 0 0, o0x7f1681f49018;  0 drivers
o0x7f1681f49048 .functor BUFZ 1, c4<z>; HiZ drive
v0x555556ef7b70_0 .net "SPIWKUP", 0 0, o0x7f1681f49048;  0 drivers
S_0x555556d27b90 .scope module, "SB_SPRAM256KA" "SB_SPRAM256KA" 3 2600;
 .timescale -12 -12;
    .port_info 0 /INPUT 14 "ADDRESS";
    .port_info 1 /INPUT 16 "DATAIN";
    .port_info 2 /INPUT 4 "MASKWREN";
    .port_info 3 /INPUT 1 "WREN";
    .port_info 4 /INPUT 1 "CHIPSELECT";
    .port_info 5 /INPUT 1 "CLOCK";
    .port_info 6 /INPUT 1 "STANDBY";
    .port_info 7 /INPUT 1 "SLEEP";
    .port_info 8 /INPUT 1 "POWEROFF";
    .port_info 9 /OUTPUT 16 "DATAOUT";
o0x7f1681f49ac8 .functor BUFZ 1, c4<z>; HiZ drive
L_0x555556f1d3d0 .functor OR 1, o0x7f1681f49ac8, L_0x555556f1d2d0, C4<0>, C4<0>;
o0x7f1681f49978 .functor BUFZ 14, c4<zzzzzzzzzzzzzz>; HiZ drive
v0x555556ef84a0_0 .net "ADDRESS", 13 0, o0x7f1681f49978;  0 drivers
o0x7f1681f499a8 .functor BUFZ 1, c4<z>; HiZ drive
v0x555556ef85a0_0 .net "CHIPSELECT", 0 0, o0x7f1681f499a8;  0 drivers
o0x7f1681f499d8 .functor BUFZ 1, c4<z>; HiZ drive
v0x555556ef8660_0 .net "CLOCK", 0 0, o0x7f1681f499d8;  0 drivers
o0x7f1681f49a08 .functor BUFZ 16, c4<zzzzzzzzzzzzzzzz>; HiZ drive
v0x555556ef8700_0 .net "DATAIN", 15 0, o0x7f1681f49a08;  0 drivers
v0x555556ef87e0_0 .var "DATAOUT", 15 0;
o0x7f1681f49a68 .functor BUFZ 4, c4<zzzz>; HiZ drive
v0x555556ef88c0_0 .net "MASKWREN", 3 0, o0x7f1681f49a68;  0 drivers
o0x7f1681f49a98 .functor BUFZ 1, c4<z>; HiZ drive
v0x555556ef89a0_0 .net "POWEROFF", 0 0, o0x7f1681f49a98;  0 drivers
v0x555556ef8a60_0 .net "SLEEP", 0 0, o0x7f1681f49ac8;  0 drivers
o0x7f1681f49af8 .functor BUFZ 1, c4<z>; HiZ drive
v0x555556ef8b20_0 .net "STANDBY", 0 0, o0x7f1681f49af8;  0 drivers
o0x7f1681f49b28 .functor BUFZ 1, c4<z>; HiZ drive
v0x555556ef8be0_0 .net "WREN", 0 0, o0x7f1681f49b28;  0 drivers
v0x555556ef8ca0_0 .net *"_ivl_1", 0 0, L_0x555556f1d2d0;  1 drivers
v0x555556ef8d60_0 .var/i "i", 31 0;
v0x555556ef8e40 .array "mem", 16383 0, 15 0;
v0x555556ef8f00_0 .net "off", 0 0, L_0x555556f1d3d0;  1 drivers
E_0x555556ef83c0 .event posedge, v0x555556ef8f00_0, v0x555556ef8660_0;
E_0x555556ef8440 .event negedge, v0x555556ef89a0_0;
L_0x555556f1d2d0 .reduce/nor o0x7f1681f49a98;
S_0x555556d27e70 .scope module, "SB_WARMBOOT" "SB_WARMBOOT" 3 2593;
 .timescale -12 -12;
    .port_info 0 /INPUT 1 "BOOT";
    .port_info 1 /INPUT 1 "S1";
    .port_info 2 /INPUT 1 "S0";
o0x7f1681f49dc8 .functor BUFZ 1, c4<z>; HiZ drive
v0x555556ef9100_0 .net "BOOT", 0 0, o0x7f1681f49dc8;  0 drivers
o0x7f1681f49df8 .functor BUFZ 1, c4<z>; HiZ drive
v0x555556ef91e0_0 .net "S0", 0 0, o0x7f1681f49df8;  0 drivers
o0x7f1681f49e28 .functor BUFZ 1, c4<z>; HiZ drive
v0x555556ef92a0_0 .net "S1", 0 0, o0x7f1681f49e28;  0 drivers
S_0x555556d1a460 .scope module, "top" "top" 7 2;
 .timescale -12 -12;
    .port_info 0 /INPUT 1 "BUT1";
    .port_info 1 /INPUT 1 "BUT2";
    .port_info 2 /OUTPUT 1 "LED1";
    .port_info 3 /OUTPUT 1 "LED2";
o0x7f1681f49ee8 .functor BUFZ 1, c4<z>; HiZ drive
v0x555556ef9a60_0 .net "BUT1", 0 0, o0x7f1681f49ee8;  0 drivers
o0x7f1681f49fa8 .functor BUFZ 1, c4<z>; HiZ drive
v0x555556ef9b30_0 .net "BUT2", 0 0, o0x7f1681f49fa8;  0 drivers
v0x555556ef9c00_0 .net "LED1", 0 0, L_0x555556f1d4f0;  1 drivers
v0x555556ef9d00_0 .net "LED2", 0 0, L_0x555556f1d600;  1 drivers
S_0x555556d17fb0 .scope module, "NOT1" "Not" 7 9, 6 7 0, S_0x555556d1a460;
 .timescale -12 -12;
    .port_info 0 /INPUT 1 "in";
    .port_info 1 /OUTPUT 1 "out";
L_0x555556f1d4f0 .functor NOT 1, o0x7f1681f49ee8, C4<0>, C4<0>, C4<0>;
v0x555556ef9430_0 .net "in", 0 0, o0x7f1681f49ee8;  alias, 0 drivers
v0x555556ef9510_0 .net "out", 0 0, L_0x555556f1d4f0;  alias, 1 drivers
S_0x555556ef9630 .scope module, "NOT2" "Not" 7 10, 6 7 0, S_0x555556d1a460;
 .timescale -12 -12;
    .port_info 0 /INPUT 1 "in";
    .port_info 1 /OUTPUT 1 "out";
L_0x555556f1d600 .functor NOT 1, o0x7f1681f49fa8, C4<0>, C4<0>, C4<0>;
v0x555556ef9860_0 .net "in", 0 0, o0x7f1681f49fa8;  alias, 0 drivers
v0x555556ef9940_0 .net "out", 0 0, L_0x555556f1d600;  alias, 1 drivers
    .scope S_0x555556ebba50;
T_3 ;
    %pushi/vec4 0, 0, 1;
    %store/vec4 v0x555556c87370_0, 0, 1;
    %pushi/vec4 0, 0, 1;
    %store/vec4 v0x555556c87430_0, 0, 1;
    %end;
    .thread T_3, $init;
    .scope S_0x555556ebba50;
T_4 ;
    %wait E_0x555556e69df0;
    %load/vec4 v0x555556e24e40_0;
    %flag_set/vec4 8;
    %jmp/0xz  T_4.0, 8;
    %load/vec4 v0x555556c977d0_0;
    %flag_set/vec4 8;
    %jmp/0 T_4.2, 8;
    %pushi/vec4 0, 0, 1;
    %jmp/1 T_4.3, 8;
T_4.2 ; End of true expr.
    %load/vec4 v0x555556c8b060_0;
    %jmp/0 T_4.3, 8;
 ; End of false expr.
    %blend;
T_4.3;
    %assign/vec4 v0x555556c87370_0, 0;
T_4.0 ;
    %jmp T_4;
    .thread T_4;
    .scope S_0x555556ebba50;
T_5 ;
    %wait E_0x555556e98bb0;
    %load/vec4 v0x555556c977d0_0;
    %flag_set/vec4 8;
    %jmp/0xz  T_5.0, 8;
    %pushi/vec4 0, 0, 1;
    %assign/vec4 v0x555556c87430_0, 0;
    %jmp T_5.1;
T_5.0 ;
    %load/vec4 v0x555556e24e40_0;
    %flag_set/vec4 8;
    %jmp/0xz  T_5.2, 8;
    %load/vec4 v0x555556c8b060_0;
    %assign/vec4 v0x555556c87430_0, 0;
T_5.2 ;
T_5.1 ;
    %jmp T_5;
    .thread T_5;
    .scope S_0x555556c8cd90;
T_6 ;
    %pushi/vec4 0, 0, 32;
    %store/vec4 v0x555556ec16e0_0, 0, 32;
T_6.0 ; Top of for-loop
    %load/vec4 v0x555556ec16e0_0;
    %cmpi/s 16, 0, 32;
	  %jmp/0xz T_6.1, 5;
    %pushi/vec4 0, 0, 256;
    %load/vec4 v0x555556ec16e0_0;
    %muli 16, 0, 32;
    %part/s 16;
    %pushi/vec4 0, 0, 32;
    %load/vec4 v0x555556ec16e0_0;
    %add;
    %ix/vec4/s 4;
    %store/vec4a v0x555556ec17c0, 4, 0;
    %pushi/vec4 0, 0, 256;
    %load/vec4 v0x555556ec16e0_0;
    %muli 16, 0, 32;
    %part/s 16;
    %pushi/vec4 16, 0, 32;
    %load/vec4 v0x555556ec16e0_0;
    %add;
    %ix/vec4/s 4;
    %store/vec4a v0x555556ec17c0, 4, 0;
    %pushi/vec4 0, 0, 256;
    %load/vec4 v0x555556ec16e0_0;
    %muli 16, 0, 32;
    %part/s 16;
    %pushi/vec4 32, 0, 32;
    %load/vec4 v0x555556ec16e0_0;
    %add;
    %ix/vec4/s 4;
    %store/vec4a v0x555556ec17c0, 4, 0;
    %pushi/vec4 0, 0, 256;
    %load/vec4 v0x555556ec16e0_0;
    %muli 16, 0, 32;
    %part/s 16;
    %pushi/vec4 48, 0, 32;
    %load/vec4 v0x555556ec16e0_0;
    %add;
    %ix/vec4/s 4;
    %store/vec4a v0x555556ec17c0, 4, 0;
    %pushi/vec4 0, 0, 256;
    %load/vec4 v0x555556ec16e0_0;
    %muli 16, 0, 32;
    %part/s 16;
    %pushi/vec4 64, 0, 32;
    %load/vec4 v0x555556ec16e0_0;
    %add;
    %ix/vec4/s 4;
    %store/vec4a v0x555556ec17c0, 4, 0;
    %pushi/vec4 0, 0, 256;
    %load/vec4 v0x555556ec16e0_0;
    %muli 16, 0, 32;
    %part/s 16;
    %pushi/vec4 80, 0, 32;
    %load/vec4 v0x555556ec16e0_0;
    %add;
    %ix/vec4/s 4;
    %store/vec4a v0x555556ec17c0, 4, 0;
    %pushi/vec4 0, 0, 256;
    %load/vec4 v0x555556ec16e0_0;
    %muli 16, 0, 32;
    %part/s 16;
    %pushi/vec4 96, 0, 32;
    %load/vec4 v0x555556ec16e0_0;
    %add;
    %ix/vec4/s 4;
    %store/vec4a v0x555556ec17c0, 4, 0;
    %pushi/vec4 0, 0, 256;
    %load/vec4 v0x555556ec16e0_0;
    %muli 16, 0, 32;
    %part/s 16;
    %pushi/vec4 112, 0, 32;
    %load/vec4 v0x555556ec16e0_0;
    %add;
    %ix/vec4/s 4;
    %store/vec4a v0x555556ec17c0, 4, 0;
    %pushi/vec4 0, 0, 256;
    %load/vec4 v0x555556ec16e0_0;
    %muli 16, 0, 32;
    %part/s 16;
    %pushi/vec4 128, 0, 32;
    %load/vec4 v0x555556ec16e0_0;
    %add;
    %ix/vec4/s 4;
    %store/vec4a v0x555556ec17c0, 4, 0;
    %pushi/vec4 0, 0, 256;
    %load/vec4 v0x555556ec16e0_0;
    %muli 16, 0, 32;
    %part/s 16;
    %pushi/vec4 144, 0, 32;
    %load/vec4 v0x555556ec16e0_0;
    %add;
    %ix/vec4/s 4;
    %store/vec4a v0x555556ec17c0, 4, 0;
    %pushi/vec4 0, 0, 256;
    %load/vec4 v0x555556ec16e0_0;
    %muli 16, 0, 32;
    %part/s 16;
    %pushi/vec4 160, 0, 32;
    %load/vec4 v0x555556ec16e0_0;
    %add;
    %ix/vec4/s 4;
    %store/vec4a v0x555556ec17c0, 4, 0;
    %pushi/vec4 0, 0, 256;
    %load/vec4 v0x555556ec16e0_0;
    %muli 16, 0, 32;
    %part/s 16;
    %pushi/vec4 176, 0, 32;
    %load/vec4 v0x555556ec16e0_0;
    %add;
    %ix/vec4/s 4;
    %store/vec4a v0x555556ec17c0, 4, 0;
    %pushi/vec4 0, 0, 256;
    %load/vec4 v0x555556ec16e0_0;
    %muli 16, 0, 32;
    %part/s 16;
    %pushi/vec4 192, 0, 32;
    %load/vec4 v0x555556ec16e0_0;
    %add;
    %ix/vec4/s 4;
    %store/vec4a v0x555556ec17c0, 4, 0;
    %pushi/vec4 0, 0, 256;
    %load/vec4 v0x555556ec16e0_0;
    %muli 16, 0, 32;
    %part/s 16;
    %pushi/vec4 208, 0, 32;
    %load/vec4 v0x555556ec16e0_0;
    %add;
    %ix/vec4/s 4;
    %store/vec4a v0x555556ec17c0, 4, 0;
    %pushi/vec4 0, 0, 256;
    %load/vec4 v0x555556ec16e0_0;
    %muli 16, 0, 32;
    %part/s 16;
    %pushi/vec4 224, 0, 32;
    %load/vec4 v0x555556ec16e0_0;
    %add;
    %ix/vec4/s 4;
    %store/vec4a v0x555556ec17c0, 4, 0;
    %pushi/vec4 0, 0, 256;
    %load/vec4 v0x555556ec16e0_0;
    %muli 16, 0, 32;
    %part/s 16;
    %pushi/vec4 240, 0, 32;
    %load/vec4 v0x555556ec16e0_0;
    %add;
    %ix/vec4/s 4;
    %store/vec4a v0x555556ec17c0, 4, 0;
T_6.2 ; for-loop step statement
    %load/vec4 v0x555556ec16e0_0;
    %addi 1, 0, 32;
    %store/vec4 v0x555556ec16e0_0, 0, 32;
    %jmp T_6.0;
T_6.1 ; for-loop exit label
    %end;
    .thread T_6;
    .scope S_0x555556c8cd90;
T_7 ;
    %wait E_0x555556e86c00;
    %load/vec4 v0x555556ec1540_0;
    %flag_set/vec4 9;
    %flag_get/vec4 9;
    %jmp/0 T_7.2, 9;
    %load/vec4 v0x555556ec12c0_0;
    %and;
T_7.2;
    %flag_set/vec4 8;
    %jmp/0xz  T_7.0, 8;
    %load/vec4 v0x555556ec1600_0;
    %parti/s 1, 0, 2;
    %nor/r;
    %flag_set/vec4 8;
    %jmp/0xz  T_7.3, 8;
    %load/vec4 v0x555556ec1460_0;
    %parti/s 1, 0, 2;
    %load/vec4 v0x555556ec1120_0;
    %parti/s 8, 0, 2;
    %pad/u 10;
    %ix/vec4 3;
    %ix/load 4, 0, 0; Constant delay
    %assign/vec4/a/d v0x555556ec17c0, 0, 4;
T_7.3 ;
    %load/vec4 v0x555556ec1600_0;
    %parti/s 1, 1, 2;
    %nor/r;
    %flag_set/vec4 8;
    %jmp/0xz  T_7.5, 8;
    %load/vec4 v0x555556ec1460_0;
    %parti/s 1, 1, 2;
    %load/vec4 v0x555556ec1120_0;
    %parti/s 8, 0, 2;
    %pad/u 10;
    %ix/vec4 3;
    %ix/load 4, 1, 0; part off
    %ix/load 5, 0, 0; Constant delay
    %assign/vec4/a/d v0x555556ec17c0, 4, 5;
T_7.5 ;
    %load/vec4 v0x555556ec1600_0;
    %parti/s 1, 2, 3;
    %nor/r;
    %flag_set/vec4 8;
    %jmp/0xz  T_7.7, 8;
    %load/vec4 v0x555556ec1460_0;
    %parti/s 1, 2, 3;
    %load/vec4 v0x555556ec1120_0;
    %parti/s 8, 0, 2;
    %pad/u 10;
    %ix/vec4 3;
    %ix/load 4, 2, 0; part off
    %ix/load 5, 0, 0; Constant delay
    %assign/vec4/a/d v0x555556ec17c0, 4, 5;
T_7.7 ;
    %load/vec4 v0x555556ec1600_0;
    %parti/s 1, 3, 3;
    %nor/r;
    %flag_set/vec4 8;
    %jmp/0xz  T_7.9, 8;
    %load/vec4 v0x555556ec1460_0;
    %parti/s 1, 3, 3;
    %load/vec4 v0x555556ec1120_0;
    %parti/s 8, 0, 2;
    %pad/u 10;
    %ix/vec4 3;
    %ix/load 4, 3, 0; part off
    %ix/load 5, 0, 0; Constant delay
    %assign/vec4/a/d v0x555556ec17c0, 4, 5;
T_7.9 ;
    %load/vec4 v0x555556ec1600_0;
    %parti/s 1, 4, 4;
    %nor/r;
    %flag_set/vec4 8;
    %jmp/0xz  T_7.11, 8;
    %load/vec4 v0x555556ec1460_0;
    %parti/s 1, 4, 4;
    %load/vec4 v0x555556ec1120_0;
    %parti/s 8, 0, 2;
    %pad/u 10;
    %ix/vec4 3;
    %ix/load 4, 4, 0; part off
    %ix/load 5, 0, 0; Constant delay
    %assign/vec4/a/d v0x555556ec17c0, 4, 5;
T_7.11 ;
    %load/vec4 v0x555556ec1600_0;
    %parti/s 1, 5, 4;
    %nor/r;
    %flag_set/vec4 8;
    %jmp/0xz  T_7.13, 8;
    %load/vec4 v0x555556ec1460_0;
    %parti/s 1, 5, 4;
    %load/vec4 v0x555556ec1120_0;
    %parti/s 8, 0, 2;
    %pad/u 10;
    %ix/vec4 3;
    %ix/load 4, 5, 0; part off
    %ix/load 5, 0, 0; Constant delay
    %assign/vec4/a/d v0x555556ec17c0, 4, 5;
T_7.13 ;
    %load/vec4 v0x555556ec1600_0;
    %parti/s 1, 6, 4;
    %nor/r;
    %flag_set/vec4 8;
    %jmp/0xz  T_7.15, 8;
    %load/vec4 v0x555556ec1460_0;
    %parti/s 1, 6, 4;
    %load/vec4 v0x555556ec1120_0;
    %parti/s 8, 0, 2;
    %pad/u 10;
    %ix/vec4 3;
    %ix/load 4, 6, 0; part off
    %ix/load 5, 0, 0; Constant delay
    %assign/vec4/a/d v0x555556ec17c0, 4, 5;
T_7.15 ;
    %load/vec4 v0x555556ec1600_0;
    %parti/s 1, 7, 4;
    %nor/r;
    %flag_set/vec4 8;
    %jmp/0xz  T_7.17, 8;
    %load/vec4 v0x555556ec1460_0;
    %parti/s 1, 7, 4;
    %load/vec4 v0x555556ec1120_0;
    %parti/s 8, 0, 2;
    %pad/u 10;
    %ix/vec4 3;
    %ix/load 4, 7, 0; part off
    %ix/load 5, 0, 0; Constant delay
    %assign/vec4/a/d v0x555556ec17c0, 4, 5;
T_7.17 ;
    %load/vec4 v0x555556ec1600_0;
    %parti/s 1, 8, 5;
    %nor/r;
    %flag_set/vec4 8;
    %jmp/0xz  T_7.19, 8;
    %load/vec4 v0x555556ec1460_0;
    %parti/s 1, 8, 5;
    %load/vec4 v0x555556ec1120_0;
    %parti/s 8, 0, 2;
    %pad/u 10;
    %ix/vec4 3;
    %ix/load 4, 8, 0; part off
    %ix/load 5, 0, 0; Constant delay
    %assign/vec4/a/d v0x555556ec17c0, 4, 5;
T_7.19 ;
    %load/vec4 v0x555556ec1600_0;
    %parti/s 1, 9, 5;
    %nor/r;
    %flag_set/vec4 8;
    %jmp/0xz  T_7.21, 8;
    %load/vec4 v0x555556ec1460_0;
    %parti/s 1, 9, 5;
    %load/vec4 v0x555556ec1120_0;
    %parti/s 8, 0, 2;
    %pad/u 10;
    %ix/vec4 3;
    %ix/load 4, 9, 0; part off
    %ix/load 5, 0, 0; Constant delay
    %assign/vec4/a/d v0x555556ec17c0, 4, 5;
T_7.21 ;
    %load/vec4 v0x555556ec1600_0;
    %parti/s 1, 10, 5;
    %nor/r;
    %flag_set/vec4 8;
    %jmp/0xz  T_7.23, 8;
    %load/vec4 v0x555556ec1460_0;
    %parti/s 1, 10, 5;
    %load/vec4 v0x555556ec1120_0;
    %parti/s 8, 0, 2;
    %pad/u 10;
    %ix/vec4 3;
    %ix/load 4, 10, 0; part off
    %ix/load 5, 0, 0; Constant delay
    %assign/vec4/a/d v0x555556ec17c0, 4, 5;
T_7.23 ;
    %load/vec4 v0x555556ec1600_0;
    %parti/s 1, 11, 5;
    %nor/r;
    %flag_set/vec4 8;
    %jmp/0xz  T_7.25, 8;
    %load/vec4 v0x555556ec1460_0;
    %parti/s 1, 11, 5;
    %load/vec4 v0x555556ec1120_0;
    %parti/s 8, 0, 2;
    %pad/u 10;
    %ix/vec4 3;
    %ix/load 4, 11, 0; part off
    %ix/load 5, 0, 0; Constant delay
    %assign/vec4/a/d v0x555556ec17c0, 4, 5;
T_7.25 ;
    %load/vec4 v0x555556ec1600_0;
    %parti/s 1, 12, 5;
    %nor/r;
    %flag_set/vec4 8;
    %jmp/0xz  T_7.27, 8;
    %load/vec4 v0x555556ec1460_0;
    %parti/s 1, 12, 5;
    %load/vec4 v0x555556ec1120_0;
    %parti/s 8, 0, 2;
    %pad/u 10;
    %ix/vec4 3;
    %ix/load 4, 12, 0; part off
    %ix/load 5, 0, 0; Constant delay
    %assign/vec4/a/d v0x555556ec17c0, 4, 5;
T_7.27 ;
    %load/vec4 v0x555556ec1600_0;
    %parti/s 1, 13, 5;
    %nor/r;
    %flag_set/vec4 8;
    %jmp/0xz  T_7.29, 8;
    %load/vec4 v0x555556ec1460_0;
    %parti/s 1, 13, 5;
    %load/vec4 v0x555556ec1120_0;
    %parti/s 8, 0, 2;
    %pad/u 10;
    %ix/vec4 3;
    %ix/load 4, 13, 0; part off
    %ix/load 5, 0, 0; Constant delay
    %assign/vec4/a/d v0x555556ec17c0, 4, 5;
T_7.29 ;
    %load/vec4 v0x555556ec1600_0;
    %parti/s 1, 14, 5;
    %nor/r;
    %flag_set/vec4 8;
    %jmp/0xz  T_7.31, 8;
    %load/vec4 v0x555556ec1460_0;
    %parti/s 1, 14, 5;
    %load/vec4 v0x555556ec1120_0;
    %parti/s 8, 0, 2;
    %pad/u 10;
    %ix/vec4 3;
    %ix/load 4, 14, 0; part off
    %ix/load 5, 0, 0; Constant delay
    %assign/vec4/a/d v0x555556ec17c0, 4, 5;
T_7.31 ;
    %load/vec4 v0x555556ec1600_0;
    %parti/s 1, 15, 5;
    %nor/r;
    %flag_set/vec4 8;
    %jmp/0xz  T_7.33, 8;
    %load/vec4 v0x555556ec1460_0;
    %parti/s 1, 15, 5;
    %load/vec4 v0x555556ec1120_0;
    %parti/s 8, 0, 2;
    %pad/u 10;
    %ix/vec4 3;
    %ix/load 4, 15, 0; part off
    %ix/load 5, 0, 0; Constant delay
    %assign/vec4/a/d v0x555556ec17c0, 4, 5;
T_7.33 ;
T_7.0 ;
    %jmp T_7;
    .thread T_7;
    .scope S_0x555556c8cd90;
T_8 ;
    %wait E_0x555556e86590;
    %load/vec4 v0x555556ec0fa0_0;
    %flag_set/vec4 9;
    %flag_get/vec4 9;
    %jmp/0 T_8.2, 9;
    %load/vec4 v0x555556ec0d70_0;
    %and;
T_8.2;
    %flag_set/vec4 8;
    %jmp/0xz  T_8.0, 8;
    %load/vec4 v0x555556ec0c30_0;
    %parti/s 8, 0, 2;
    %pad/u 10;
    %ix/vec4 4;
    %load/vec4a v0x555556ec17c0, 4;
    %load/vec4 v0x555556ec1040_0;
    %inv;
    %and;
    %assign/vec4 v0x555556ec0f00_0, 0;
T_8.0 ;
    %jmp T_8;
    .thread T_8;
    .scope S_0x555556e84ec0;
T_9 ;
    %pushi/vec4 0, 0, 1;
    %store/vec4 v0x555556ecade0_0, 0, 1;
    %end;
    .thread T_9, $init;
    .scope S_0x555556e84ec0;
T_10 ;
    %vpi_call/w 5 30 "$dumpvars", 32'sb00000000000000000000000000000000, S_0x555556e84ec0 {0 0 0};
    %vpi_call/w 5 32 "$display", "------------------------" {0 0 0};
    %vpi_call/w 5 33 "$display", "Testbench: Not" {0 0 0};
    %pushi/vec4 0, 0, 1;
    %store/vec4 v0x555556ecaea0_0, 0, 1;
    %fork TD_Not_tb.check, S_0x555556ecac00;
    %join;
    %pushi/vec4 1, 0, 1;
    %store/vec4 v0x555556ecaea0_0, 0, 1;
    %fork TD_Not_tb.check, S_0x555556ecac00;
    %join;
    %load/vec4 v0x555556ecade0_0;
    %pad/u 32;
    %cmpi/e 0, 0, 32;
    %jmp/0xz  T_10.0, 4;
    %vpi_call/w 5 38 "$display", "passed" {0 0 0};
T_10.0 ;
    %vpi_call/w 5 39 "$display", "------------------------" {0 0 0};
    %vpi_call/w 5 40 "$finish" {0 0 0};
    %end;
    .thread T_10;
    .scope S_0x555556e99150;
T_11 ;
    %pushi/vec4 0, 0, 1;
    %store/vec4 v0x555556ecb8f0_0, 0, 1;
    %end;
    .thread T_11;
    .scope S_0x555556e99150;
T_12 ;
    %wait E_0x555556e87050;
    %load/vec4 v0x555556ecb830_0;
    %assign/vec4 v0x555556ecb8f0_0, 0;
    %jmp T_12;
    .thread T_12;
    .scope S_0x555556e98d60;
T_13 ;
    %pushi/vec4 0, 0, 1;
    %store/vec4 v0x555556ecbca0_0, 0, 1;
    %end;
    .thread T_13;
    .scope S_0x555556e98d60;
T_14 ;
    %wait E_0x555556e87410;
    %load/vec4 v0x555556ecbbd0_0;
    %flag_set/vec4 8;
    %jmp/0xz  T_14.0, 8;
    %load/vec4 v0x555556ecbb10_0;
    %assign/vec4 v0x555556ecbca0_0, 0;
T_14.0 ;
    %jmp T_14;
    .thread T_14;
    .scope S_0x555556e875f0;
T_15 ;
    %pushi/vec4 0, 0, 1;
    %store/vec4 v0x555556ecc090_0, 0, 1;
    %end;
    .thread T_15;
    .scope S_0x555556e875f0;
T_16 ;
    %wait E_0x555556e97d60;
    %load/vec4 v0x555556ecc150_0;
    %flag_set/vec4 8;
    %jmp/0xz  T_16.0, 8;
    %pushi/vec4 0, 0, 1;
    %assign/vec4 v0x555556ecc090_0, 0;
    %jmp T_16.1;
T_16.0 ;
    %load/vec4 v0x555556ecbff0_0;
    %flag_set/vec4 8;
    %jmp/0xz  T_16.2, 8;
    %load/vec4 v0x555556ecbf30_0;
    %assign/vec4 v0x555556ecc090_0, 0;
T_16.2 ;
T_16.1 ;
    %jmp T_16;
    .thread T_16;
    .scope S_0x555556e87200;
T_17 ;
    %pushi/vec4 0, 0, 1;
    %store/vec4 v0x555556ecc580_0, 0, 1;
    %end;
    .thread T_17;
    .scope S_0x555556e87200;
T_18 ;
    %wait E_0x555556e98780;
    %load/vec4 v0x555556ecc640_0;
    %flag_set/vec4 8;
    %jmp/0xz  T_18.0, 8;
    %pushi/vec4 1, 0, 1;
    %assign/vec4 v0x555556ecc580_0, 0;
    %jmp T_18.1;
T_18.0 ;
    %load/vec4 v0x555556ecc4e0_0;
    %flag_set/vec4 8;
    %jmp/0xz  T_18.2, 8;
    %load/vec4 v0x555556ecc420_0;
    %assign/vec4 v0x555556ecc580_0, 0;
T_18.2 ;
T_18.1 ;
    %jmp T_18;
    .thread T_18;
    .scope S_0x555556e86a30;
T_19 ;
    %pushi/vec4 0, 0, 1;
    %store/vec4 v0x555556eccab0_0, 0, 1;
    %end;
    .thread T_19;
    .scope S_0x555556e86a30;
T_20 ;
    %wait E_0x555556ecc7f0;
    %load/vec4 v0x555556ecca10_0;
    %flag_set/vec4 8;
    %jmp/0xz  T_20.0, 8;
    %load/vec4 v0x555556eccb70_0;
    %flag_set/vec4 8;
    %jmp/0xz  T_20.2, 8;
    %pushi/vec4 0, 0, 1;
    %assign/vec4 v0x555556eccab0_0, 0;
    %jmp T_20.3;
T_20.2 ;
    %load/vec4 v0x555556ecc950_0;
    %assign/vec4 v0x555556eccab0_0, 0;
T_20.3 ;
T_20.0 ;
    %jmp T_20;
    .thread T_20;
    .scope S_0x555556e81840;
T_21 ;
    %pushi/vec4 0, 0, 1;
    %store/vec4 v0x555556eccfe0_0, 0, 1;
    %end;
    .thread T_21;
    .scope S_0x555556e81840;
T_22 ;
    %wait E_0x555556eccd20;
    %load/vec4 v0x555556eccf40_0;
    %flag_set/vec4 8;
    %jmp/0xz  T_22.0, 8;
    %load/vec4 v0x555556ecd0a0_0;
    %flag_set/vec4 8;
    %jmp/0xz  T_22.2, 8;
    %pushi/vec4 1, 0, 1;
    %assign/vec4 v0x555556eccfe0_0, 0;
    %jmp T_22.3;
T_22.2 ;
    %load/vec4 v0x555556ecce80_0;
    %assign/vec4 v0x555556eccfe0_0, 0;
T_22.3 ;
T_22.0 ;
    %jmp T_22;
    .thread T_22;
    .scope S_0x555556e7c1f0;
T_23 ;
    %pushi/vec4 0, 0, 1;
    %store/vec4 v0x555556ecd470_0, 0, 1;
    %end;
    .thread T_23;
    .scope S_0x555556e7c1f0;
T_24 ;
    %wait E_0x555556ecd250;
    %load/vec4 v0x555556ecd3b0_0;
    %assign/vec4 v0x555556ecd470_0, 0;
    %jmp T_24;
    .thread T_24;
    .scope S_0x555556e641f0;
T_25 ;
    %pushi/vec4 0, 0, 1;
    %store/vec4 v0x555556ecd860_0, 0, 1;
    %end;
    .thread T_25;
    .scope S_0x555556e641f0;
T_26 ;
    %wait E_0x555556ecd590;
    %load/vec4 v0x555556ecd790_0;
    %flag_set/vec4 8;
    %jmp/0xz  T_26.0, 8;
    %load/vec4 v0x555556ecd6d0_0;
    %assign/vec4 v0x555556ecd860_0, 0;
T_26.0 ;
    %jmp T_26;
    .thread T_26;
    .scope S_0x555556e63e00;
T_27 ;
    %pushi/vec4 0, 0, 1;
    %store/vec4 v0x555556ecdc90_0, 0, 1;
    %end;
    .thread T_27;
    .scope S_0x555556e63e00;
T_28 ;
    %wait E_0x555556ecd9d0;
    %load/vec4 v0x555556ecdd50_0;
    %flag_set/vec4 8;
    %jmp/0xz  T_28.0, 8;
    %pushi/vec4 0, 0, 1;
    %assign/vec4 v0x555556ecdc90_0, 0;
    %jmp T_28.1;
T_28.0 ;
    %load/vec4 v0x555556ecdbf0_0;
    %flag_set/vec4 8;
    %jmp/0xz  T_28.2, 8;
    %load/vec4 v0x555556ecdb30_0;
    %assign/vec4 v0x555556ecdc90_0, 0;
T_28.2 ;
T_28.1 ;
    %jmp T_28;
    .thread T_28;
    .scope S_0x555556e60f00;
T_29 ;
    %pushi/vec4 0, 0, 1;
    %store/vec4 v0x555556ece1c0_0, 0, 1;
    %end;
    .thread T_29;
    .scope S_0x555556e60f00;
T_30 ;
    %wait E_0x555556ecdf00;
    %load/vec4 v0x555556ece280_0;
    %flag_set/vec4 8;
    %jmp/0xz  T_30.0, 8;
    %pushi/vec4 1, 0, 1;
    %assign/vec4 v0x555556ece1c0_0, 0;
    %jmp T_30.1;
T_30.0 ;
    %load/vec4 v0x555556ece120_0;
    %flag_set/vec4 8;
    %jmp/0xz  T_30.2, 8;
    %load/vec4 v0x555556ece060_0;
    %assign/vec4 v0x555556ece1c0_0, 0;
T_30.2 ;
T_30.1 ;
    %jmp T_30;
    .thread T_30;
    .scope S_0x555556e60b10;
T_31 ;
    %pushi/vec4 0, 0, 1;
    %store/vec4 v0x555556ece6f0_0, 0, 1;
    %end;
    .thread T_31;
    .scope S_0x555556e60b10;
T_32 ;
    %wait E_0x555556ece430;
    %load/vec4 v0x555556ece650_0;
    %flag_set/vec4 8;
    %jmp/0xz  T_32.0, 8;
    %load/vec4 v0x555556ece7b0_0;
    %flag_set/vec4 8;
    %jmp/0xz  T_32.2, 8;
    %pushi/vec4 0, 0, 1;
    %assign/vec4 v0x555556ece6f0_0, 0;
    %jmp T_32.3;
T_32.2 ;
    %load/vec4 v0x555556ece590_0;
    %assign/vec4 v0x555556ece6f0_0, 0;
T_32.3 ;
T_32.0 ;
    %jmp T_32;
    .thread T_32;
    .scope S_0x555556e5ae00;
T_33 ;
    %pushi/vec4 0, 0, 1;
    %store/vec4 v0x555556ecec20_0, 0, 1;
    %end;
    .thread T_33;
    .scope S_0x555556e5ae00;
T_34 ;
    %wait E_0x555556ece960;
    %load/vec4 v0x555556eceb80_0;
    %flag_set/vec4 8;
    %jmp/0xz  T_34.0, 8;
    %load/vec4 v0x555556ecece0_0;
    %flag_set/vec4 8;
    %jmp/0xz  T_34.2, 8;
    %pushi/vec4 1, 0, 1;
    %assign/vec4 v0x555556ecec20_0, 0;
    %jmp T_34.3;
T_34.2 ;
    %load/vec4 v0x555556eceac0_0;
    %assign/vec4 v0x555556ecec20_0, 0;
T_34.3 ;
T_34.0 ;
    %jmp T_34;
    .thread T_34;
    .scope S_0x555556e5daa0;
T_35 ;
    %pushi/vec4 0, 0, 1;
    %store/vec4 v0x555556ecf0b0_0, 0, 1;
    %end;
    .thread T_35;
    .scope S_0x555556e5daa0;
T_36 ;
    %wait E_0x555556ecee90;
    %load/vec4 v0x555556ecf150_0;
    %flag_set/vec4 8;
    %jmp/0xz  T_36.0, 8;
    %pushi/vec4 0, 0, 1;
    %assign/vec4 v0x555556ecf0b0_0, 0;
    %jmp T_36.1;
T_36.0 ;
    %load/vec4 v0x555556eceff0_0;
    %assign/vec4 v0x555556ecf0b0_0, 0;
T_36.1 ;
    %jmp T_36;
    .thread T_36;
    .scope S_0x555556e5d6b0;
T_37 ;
    %pushi/vec4 0, 0, 1;
    %store/vec4 v0x555556ecf4e0_0, 0, 1;
    %end;
    .thread T_37;
    .scope S_0x555556e5d6b0;
T_38 ;
    %wait E_0x555556ecf2c0;
    %load/vec4 v0x555556ecf580_0;
    %flag_set/vec4 8;
    %jmp/0xz  T_38.0, 8;
    %pushi/vec4 1, 0, 1;
    %assign/vec4 v0x555556ecf4e0_0, 0;
    %jmp T_38.1;
T_38.0 ;
    %load/vec4 v0x555556ecf420_0;
    %assign/vec4 v0x555556ecf4e0_0, 0;
T_38.1 ;
    %jmp T_38;
    .thread T_38;
    .scope S_0x555556e5aa40;
T_39 ;
    %pushi/vec4 0, 0, 1;
    %store/vec4 v0x555556ecf910_0, 0, 1;
    %end;
    .thread T_39;
    .scope S_0x555556e5aa40;
T_40 ;
    %wait E_0x555556ecf6f0;
    %load/vec4 v0x555556ecf9b0_0;
    %flag_set/vec4 8;
    %jmp/0xz  T_40.0, 8;
    %pushi/vec4 0, 0, 1;
    %assign/vec4 v0x555556ecf910_0, 0;
    %jmp T_40.1;
T_40.0 ;
    %load/vec4 v0x555556ecf850_0;
    %assign/vec4 v0x555556ecf910_0, 0;
T_40.1 ;
    %jmp T_40;
    .thread T_40;
    .scope S_0x555556e43910;
T_41 ;
    %pushi/vec4 0, 0, 1;
    %store/vec4 v0x555556ecfd40_0, 0, 1;
    %end;
    .thread T_41;
    .scope S_0x555556e43910;
T_42 ;
    %wait E_0x555556ecfb20;
    %load/vec4 v0x555556ecfde0_0;
    %flag_set/vec4 8;
    %jmp/0xz  T_42.0, 8;
    %pushi/vec4 1, 0, 1;
    %assign/vec4 v0x555556ecfd40_0, 0;
    %jmp T_42.1;
T_42.0 ;
    %load/vec4 v0x555556ecfc80_0;
    %assign/vec4 v0x555556ecfd40_0, 0;
T_42.1 ;
    %jmp T_42;
    .thread T_42;
    .scope S_0x555556e435d0;
T_43 ;
    %pushi/vec4 0, 0, 1;
    %store/vec4 v0x555556ed0170_0, 0, 1;
    %end;
    .thread T_43;
    .scope S_0x555556e435d0;
T_44 ;
    %wait E_0x555556ecff50;
    %load/vec4 v0x555556ed0210_0;
    %flag_set/vec4 8;
    %jmp/0xz  T_44.0, 8;
    %pushi/vec4 0, 0, 1;
    %assign/vec4 v0x555556ed0170_0, 0;
    %jmp T_44.1;
T_44.0 ;
    %load/vec4 v0x555556ed00b0_0;
    %assign/vec4 v0x555556ed0170_0, 0;
T_44.1 ;
    %jmp T_44;
    .thread T_44;
    .scope S_0x555556e3f4c0;
T_45 ;
    %pushi/vec4 0, 0, 1;
    %store/vec4 v0x555556ed05a0_0, 0, 1;
    %end;
    .thread T_45;
    .scope S_0x555556e3f4c0;
T_46 ;
    %wait E_0x555556ed0380;
    %load/vec4 v0x555556ed0640_0;
    %flag_set/vec4 8;
    %jmp/0xz  T_46.0, 8;
    %pushi/vec4 1, 0, 1;
    %assign/vec4 v0x555556ed05a0_0, 0;
    %jmp T_46.1;
T_46.0 ;
    %load/vec4 v0x555556ed04e0_0;
    %assign/vec4 v0x555556ed05a0_0, 0;
T_46.1 ;
    %jmp T_46;
    .thread T_46;
    .scope S_0x555556e3f100;
T_47 ;
    %pushi/vec4 0, 0, 1;
    %store/vec4 v0x555556ed09d0_0, 0, 1;
    %end;
    .thread T_47;
    .scope S_0x555556e3f100;
T_48 ;
    %wait E_0x555556ed07b0;
    %load/vec4 v0x555556ed0a70_0;
    %flag_set/vec4 8;
    %jmp/0xz  T_48.0, 8;
    %pushi/vec4 0, 0, 1;
    %assign/vec4 v0x555556ed09d0_0, 0;
    %jmp T_48.1;
T_48.0 ;
    %load/vec4 v0x555556ed0910_0;
    %assign/vec4 v0x555556ed09d0_0, 0;
T_48.1 ;
    %jmp T_48;
    .thread T_48;
    .scope S_0x555556e2c540;
T_49 ;
    %pushi/vec4 0, 0, 1;
    %store/vec4 v0x555556ed0e00_0, 0, 1;
    %end;
    .thread T_49;
    .scope S_0x555556e2c540;
T_50 ;
    %wait E_0x555556ed0be0;
    %load/vec4 v0x555556ed0ea0_0;
    %flag_set/vec4 8;
    %jmp/0xz  T_50.0, 8;
    %pushi/vec4 1, 0, 1;
    %assign/vec4 v0x555556ed0e00_0, 0;
    %jmp T_50.1;
T_50.0 ;
    %load/vec4 v0x555556ed0d40_0;
    %assign/vec4 v0x555556ed0e00_0, 0;
T_50.1 ;
    %jmp T_50;
    .thread T_50;
    .scope S_0x555556ed1ab0;
T_51 ;
    %wait E_0x555556ed1dd0;
    %load/vec4 v0x555556ed27b0_0;
    %assign/vec4 v0x555556ed2870_0, 0;
    %jmp T_51;
    .thread T_51;
    .scope S_0x555556ed1ab0;
T_52 ;
    %wait E_0x555556ed1dd0;
    %load/vec4 v0x555556ed27b0_0;
    %flag_set/vec4 8;
    %jmp/0xz  T_52.0, 8;
    %load/vec4 v0x555556ed2550_0;
    %assign/vec4 v0x555556ed2c80_0, 0;
T_52.0 ;
    %jmp T_52;
    .thread T_52;
    .scope S_0x555556ed1ab0;
T_53 ;
    %wait E_0x555556ed1d70;
    %load/vec4 v0x555556ed2870_0;
    %flag_set/vec4 8;
    %jmp/0xz  T_53.0, 8;
    %load/vec4 v0x555556ed2550_0;
    %assign/vec4 v0x555556ed2d40_0, 0;
T_53.0 ;
    %jmp T_53;
    .thread T_53;
    .scope S_0x555556ed1ab0;
T_54 ;
    %wait E_0x555556ed1c90;
    %load/vec4 v0x555556ed27b0_0;
    %assign/vec4 v0x555556ed2930_0, 0;
    %jmp T_54;
    .thread T_54;
    .scope S_0x555556ed1ab0;
T_55 ;
    %wait E_0x555556ed1c90;
    %load/vec4 v0x555556ed27b0_0;
    %flag_set/vec4 8;
    %jmp/0xz  T_55.0, 8;
    %load/vec4 v0x555556ed2080_0;
    %assign/vec4 v0x555556ed2ec0_0, 0;
T_55.0 ;
    %jmp T_55;
    .thread T_55;
    .scope S_0x555556ed1ab0;
T_56 ;
    %wait E_0x555556ed1d10;
    %load/vec4 v0x555556ed2930_0;
    %flag_set/vec4 8;
    %jmp/0xz  T_56.0, 8;
    %load/vec4 v0x555556ed2140_0;
    %assign/vec4 v0x555556ed2f80_0, 0;
T_56.0 ;
    %jmp T_56;
    .thread T_56;
    .scope S_0x555556ed1ab0;
T_57 ;
    %wait E_0x555556ed1c90;
    %load/vec4 v0x555556ed27b0_0;
    %flag_set/vec4 8;
    %jmp/0xz  T_57.0, 8;
    %load/vec4 v0x555556ed2490_0;
    %assign/vec4 v0x555556ed31c0_0, 0;
T_57.0 ;
    %jmp T_57;
    .thread T_57;
    .scope S_0x555556ed13f0;
T_58 ;
    %wait E_0x555556ed1a20;
    %load/vec4 v0x555556ed2c80_0;
    %store/vec4 v0x555556ed29f0_0, 0, 1;
    %load/vec4 v0x555556ed2d40_0;
    %store/vec4 v0x555556ed2ab0_0, 0, 1;
    %jmp T_58;
    .thread T_58, $push;
    .scope S_0x555556ed13f0;
T_59 ;
    %wait E_0x555556ed19c0;
    %load/vec4 v0x555556ed23d0_0;
    %assign/vec4 v0x555556ed3040_0, 0;
    %jmp T_59;
    .thread T_59, $push;
    .scope S_0x555556ed13f0;
T_60 ;
    %wait E_0x555556ed1960;
    %load/vec4 v0x555556ed3040_0;
    %assign/vec4 v0x555556ed3100_0, 0;
    %jmp T_60;
    .thread T_60, $push;
    .scope S_0x555556ed13f0;
T_61 ;
    %wait E_0x555556ed1900;
    %load/vec4 v0x555556ed3100_0;
    %pushi/vec4 0, 0, 1;
    %xor;
    %flag_set/vec4 8;
    %jmp/1 T_61.2, 8;
    %pushi/vec4 0, 0, 1;
    %flag_set/vec4 9;
    %flag_or 8, 9;
T_61.2;
    %jmp/0 T_61.0, 8;
    %load/vec4 v0x555556ed2ec0_0;
    %jmp/1 T_61.1, 8;
T_61.0 ; End of true expr.
    %load/vec4 v0x555556ed2f80_0;
    %jmp/0 T_61.1, 8;
 ; End of false expr.
    %blend;
T_61.1;
    %store/vec4 v0x555556ed2e00_0, 0, 1;
    %jmp T_61;
    .thread T_61, $push;
    .scope S_0x555556ed6c70;
T_62 ;
    %wait E_0x555556ed6f40;
    %load/vec4 v0x555556ed6fd0_0;
    %flag_set/vec4 8;
    %jmp/0xz  T_62.0, 8;
    %load/vec4 v0x555556ed76c0_0;
    %assign/vec4 v0x555556ed7a80_0, 0;
T_62.0 ;
    %jmp T_62;
    .thread T_62;
    .scope S_0x555556ed6c70;
T_63 ;
    %wait E_0x555556ed6ee0;
    %load/vec4 v0x555556ed6fd0_0;
    %flag_set/vec4 8;
    %jmp/0xz  T_63.0, 8;
    %load/vec4 v0x555556ed76c0_0;
    %assign/vec4 v0x555556ed7b40_0, 0;
T_63.0 ;
    %jmp T_63;
    .thread T_63;
    .scope S_0x555556ed6c70;
T_64 ;
    %wait E_0x555556ed6e00;
    %load/vec4 v0x555556ed6fd0_0;
    %flag_set/vec4 8;
    %jmp/0xz  T_64.0, 8;
    %load/vec4 v0x555556ed71f0_0;
    %assign/vec4 v0x555556ed7cc0_0, 0;
T_64.0 ;
    %jmp T_64;
    .thread T_64;
    .scope S_0x555556ed6c70;
T_65 ;
    %wait E_0x555556ed6e80;
    %load/vec4 v0x555556ed6fd0_0;
    %flag_set/vec4 8;
    %jmp/0xz  T_65.0, 8;
    %load/vec4 v0x555556ed72b0_0;
    %assign/vec4 v0x555556ed7d80_0, 0;
T_65.0 ;
    %jmp T_65;
    .thread T_65;
    .scope S_0x555556ed6c70;
T_66 ;
    %wait E_0x555556ed6e00;
    %load/vec4 v0x555556ed6fd0_0;
    %flag_set/vec4 8;
    %jmp/0xz  T_66.0, 8;
    %load/vec4 v0x555556ed7600_0;
    %assign/vec4 v0x555556ed7fc0_0, 0;
T_66.0 ;
    %jmp T_66;
    .thread T_66;
    .scope S_0x555556e812b0;
T_67 ;
    %wait E_0x555556ed6be0;
    %load/vec4 v0x555556ed7a80_0;
    %store/vec4 v0x555556ed7900_0, 0, 1;
    %load/vec4 v0x555556ed7b40_0;
    %store/vec4 v0x555556ed79c0_0, 0, 1;
    %jmp T_67;
    .thread T_67, $push;
    .scope S_0x555556e812b0;
T_68 ;
    %wait E_0x555556ed6b80;
    %load/vec4 v0x555556ed7540_0;
    %assign/vec4 v0x555556ed7e40_0, 0;
    %jmp T_68;
    .thread T_68, $push;
    .scope S_0x555556e812b0;
T_69 ;
    %wait E_0x555556ed6b20;
    %load/vec4 v0x555556ed7e40_0;
    %assign/vec4 v0x555556ed7f00_0, 0;
    %jmp T_69;
    .thread T_69, $push;
    .scope S_0x555556e812b0;
T_70 ;
    %wait E_0x555556ed6aa0;
    %load/vec4 v0x555556ed7f00_0;
    %pushi/vec4 0, 0, 1;
    %xor;
    %flag_set/vec4 8;
    %jmp/1 T_70.2, 8;
    %pushi/vec4 0, 0, 1;
    %flag_set/vec4 9;
    %flag_or 8, 9;
T_70.2;
    %jmp/0 T_70.0, 8;
    %load/vec4 v0x555556ed7cc0_0;
    %jmp/1 T_70.1, 8;
T_70.0 ; End of true expr.
    %load/vec4 v0x555556ed7d80_0;
    %jmp/0 T_70.1, 8;
 ; End of false expr.
    %blend;
T_70.1;
    %store/vec4 v0x555556ed7c00_0, 0, 1;
    %jmp T_70;
    .thread T_70, $push;
    .scope S_0x555556ed83d0;
T_71 ;
    %wait E_0x555556ed86a0;
    %load/vec4 v0x555556ed8730_0;
    %flag_set/vec4 8;
    %jmp/0xz  T_71.0, 8;
    %load/vec4 v0x555556ed8e20_0;
    %assign/vec4 v0x555556ed9060_0, 0;
T_71.0 ;
    %jmp T_71;
    .thread T_71;
    .scope S_0x555556ed83d0;
T_72 ;
    %wait E_0x555556ed8640;
    %load/vec4 v0x555556ed8730_0;
    %flag_set/vec4 8;
    %jmp/0xz  T_72.0, 8;
    %load/vec4 v0x555556ed8e20_0;
    %assign/vec4 v0x555556ed9120_0, 0;
T_72.0 ;
    %jmp T_72;
    .thread T_72;
    .scope S_0x555556ed83d0;
T_73 ;
    %wait E_0x555556ed8560;
    %load/vec4 v0x555556ed8730_0;
    %flag_set/vec4 8;
    %jmp/0xz  T_73.0, 8;
    %load/vec4 v0x555556ed8950_0;
    %assign/vec4 v0x555556ed92a0_0, 0;
T_73.0 ;
    %jmp T_73;
    .thread T_73;
    .scope S_0x555556ed83d0;
T_74 ;
    %wait E_0x555556ed85e0;
    %load/vec4 v0x555556ed8730_0;
    %flag_set/vec4 8;
    %jmp/0xz  T_74.0, 8;
    %load/vec4 v0x555556ed8a10_0;
    %assign/vec4 v0x555556ed9360_0, 0;
T_74.0 ;
    %jmp T_74;
    .thread T_74;
    .scope S_0x555556ed83d0;
T_75 ;
    %wait E_0x555556ed8560;
    %load/vec4 v0x555556ed8730_0;
    %flag_set/vec4 8;
    %jmp/0xz  T_75.0, 8;
    %load/vec4 v0x555556ed8d60_0;
    %assign/vec4 v0x555556ed96b0_0, 0;
T_75.0 ;
    %jmp T_75;
    .thread T_75;
    .scope S_0x555556e6b1b0;
T_76 ;
    %wait E_0x555556ed8340;
    %load/vec4 v0x555556ed9060_0;
    %store/vec4 v0x555556ed8ee0_0, 0, 1;
    %load/vec4 v0x555556ed9120_0;
    %store/vec4 v0x555556ed8fa0_0, 0, 1;
    %jmp T_76;
    .thread T_76, $push;
    .scope S_0x555556e6b1b0;
T_77 ;
    %wait E_0x555556ed82e0;
    %load/vec4 v0x555556ed8ca0_0;
    %assign/vec4 v0x555556ed9530_0, 0;
    %jmp T_77;
    .thread T_77, $push;
    .scope S_0x555556e6b1b0;
T_78 ;
    %wait E_0x555556ed8280;
    %load/vec4 v0x555556ed9530_0;
    %assign/vec4 v0x555556ed95f0_0, 0;
    %jmp T_78;
    .thread T_78, $push;
    .scope S_0x555556e6b1b0;
T_79 ;
    %wait E_0x555556ed8200;
    %load/vec4 v0x555556ed95f0_0;
    %pushi/vec4 0, 0, 1;
    %xor;
    %flag_set/vec4 8;
    %jmp/1 T_79.2, 8;
    %pushi/vec4 0, 0, 1;
    %flag_set/vec4 9;
    %flag_or 8, 9;
T_79.2;
    %jmp/0 T_79.0, 8;
    %load/vec4 v0x555556ed92a0_0;
    %jmp/1 T_79.1, 8;
T_79.0 ; End of true expr.
    %load/vec4 v0x555556ed9360_0;
    %jmp/0 T_79.1, 8;
 ; End of false expr.
    %blend;
T_79.1;
    %store/vec4 v0x555556ed91e0_0, 0, 1;
    %jmp T_79;
    .thread T_79, $push;
    .scope S_0x555556e67e60;
T_80 ;
    %wait E_0x555556edc0c0;
    %load/vec4 v0x555556edd450_0;
    %flag_set/vec4 8;
    %jmp/0xz  T_80.0, 8;
    %pushi/vec4 0, 0, 16;
    %assign/vec4 v0x555556ee30c0_0, 0;
    %pushi/vec4 0, 0, 16;
    %assign/vec4 v0x555556ee2f00_0, 0;
    %jmp T_80.1;
T_80.0 ;
    %load/vec4 v0x555556edcc60_0;
    %flag_set/vec4 8;
    %jmp/0xz  T_80.2, 8;
    %load/vec4 v0x555556edcd20_0;
    %nor/r;
    %flag_set/vec4 8;
    %jmp/0xz  T_80.4, 8;
    %load/vec4 v0x555556edcb80_0;
    %assign/vec4 v0x555556ee30c0_0, 0;
T_80.4 ;
    %load/vec4 v0x555556edc510_0;
    %nor/r;
    %flag_set/vec4 8;
    %jmp/0xz  T_80.6, 8;
    %load/vec4 v0x555556edc150_0;
    %assign/vec4 v0x555556ee2f00_0, 0;
T_80.6 ;
T_80.2 ;
T_80.1 ;
    %jmp T_80;
    .thread T_80;
    .scope S_0x555556e67e60;
T_81 ;
    %wait E_0x555556edc060;
    %load/vec4 v0x555556edd390_0;
    %flag_set/vec4 8;
    %jmp/0xz  T_81.0, 8;
    %pushi/vec4 0, 0, 16;
    %assign/vec4 v0x555556ee2fe0_0, 0;
    %pushi/vec4 0, 0, 16;
    %assign/vec4 v0x555556ee31a0_0, 0;
    %jmp T_81.1;
T_81.0 ;
    %load/vec4 v0x555556edcc60_0;
    %flag_set/vec4 8;
    %jmp/0xz  T_81.2, 8;
    %load/vec4 v0x555556edc900_0;
    %nor/r;
    %flag_set/vec4 8;
    %jmp/0xz  T_81.4, 8;
    %load/vec4 v0x555556edc790_0;
    %assign/vec4 v0x555556ee2fe0_0, 0;
T_81.4 ;
    %load/vec4 v0x555556edd210_0;
    %nor/r;
    %flag_set/vec4 8;
    %jmp/0xz  T_81.6, 8;
    %load/vec4 v0x555556edd130_0;
    %assign/vec4 v0x555556ee31a0_0, 0;
T_81.6 ;
T_81.2 ;
T_81.1 ;
    %jmp T_81;
    .thread T_81;
    .scope S_0x555556e67e60;
T_82 ;
    %wait E_0x555556edc0c0;
    %load/vec4 v0x555556edd450_0;
    %flag_set/vec4 8;
    %jmp/0xz  T_82.0, 8;
    %pushi/vec4 0, 0, 16;
    %assign/vec4 v0x555556ee3a90_0, 0;
    %pushi/vec4 0, 0, 16;
    %assign/vec4 v0x555556ee3d30_0, 0;
    %jmp T_82.1;
T_82.0 ;
    %load/vec4 v0x555556edcc60_0;
    %flag_set/vec4 8;
    %jmp/0xz  T_82.2, 8;
    %load/vec4 v0x555556ee2b80_0;
    %assign/vec4 v0x555556ee3a90_0, 0;
    %load/vec4 v0x555556ee2d40_0;
    %assign/vec4 v0x555556ee3d30_0, 0;
T_82.2 ;
T_82.1 ;
    %jmp T_82;
    .thread T_82;
    .scope S_0x555556e67e60;
T_83 ;
    %wait E_0x555556edc060;
    %load/vec4 v0x555556edd390_0;
    %flag_set/vec4 8;
    %jmp/0xz  T_83.0, 8;
    %pushi/vec4 0, 0, 16;
    %assign/vec4 v0x555556ee3e10_0, 0;
    %pushi/vec4 0, 0, 16;
    %assign/vec4 v0x555556ee3b70_0, 0;
    %jmp T_83.1;
T_83.0 ;
    %load/vec4 v0x555556edcc60_0;
    %flag_set/vec4 8;
    %jmp/0xz  T_83.2, 8;
    %load/vec4 v0x555556ee2c60_0;
    %assign/vec4 v0x555556ee3e10_0, 0;
    %load/vec4 v0x555556ee2e20_0;
    %assign/vec4 v0x555556ee3b70_0, 0;
T_83.2 ;
T_83.1 ;
    %jmp T_83;
    .thread T_83;
    .scope S_0x555556e67e60;
T_84 ;
    %wait E_0x555556edc060;
    %load/vec4 v0x555556edd390_0;
    %flag_set/vec4 8;
    %jmp/0xz  T_84.0, 8;
    %pushi/vec4 0, 0, 32;
    %assign/vec4 v0x555556ee3c50_0, 0;
    %jmp T_84.1;
T_84.0 ;
    %load/vec4 v0x555556edcc60_0;
    %flag_set/vec4 8;
    %jmp/0xz  T_84.2, 8;
    %load/vec4 v0x555556ee23a0_0;
    %assign/vec4 v0x555556ee3c50_0, 0;
T_84.2 ;
T_84.1 ;
    %jmp T_84;
    .thread T_84;
    .scope S_0x555556e67e60;
T_85 ;
    %wait E_0x555556edc000;
    %load/vec4 v0x555556eddb30_0;
    %flag_set/vec4 8;
    %jmp/0xz  T_85.0, 8;
    %pushi/vec4 0, 0, 16;
    %assign/vec4 v0x555556ee3ef0_0, 0;
    %jmp T_85.1;
T_85.0 ;
    %load/vec4 v0x555556edcc60_0;
    %flag_set/vec4 8;
    %jmp/0xz  T_85.2, 8;
    %load/vec4 v0x555556edd830_0;
    %nor/r;
    %flag_set/vec4 8;
    %jmp/0xz  T_85.4, 8;
    %load/vec4 v0x555556ee2480_0;
    %assign/vec4 v0x555556ee3ef0_0, 0;
T_85.4 ;
T_85.2 ;
T_85.1 ;
    %jmp T_85;
    .thread T_85;
    .scope S_0x555556e67e60;
T_86 ;
    %wait E_0x555556edbf80;
    %load/vec4 v0x555556edda70_0;
    %flag_set/vec4 8;
    %jmp/0xz  T_86.0, 8;
    %pushi/vec4 0, 0, 16;
    %assign/vec4 v0x555556ee3fd0_0, 0;
    %jmp T_86.1;
T_86.0 ;
    %load/vec4 v0x555556edcc60_0;
    %flag_set/vec4 8;
    %jmp/0xz  T_86.2, 8;
    %load/vec4 v0x555556edd770_0;
    %nor/r;
    %flag_set/vec4 8;
    %jmp/0xz  T_86.4, 8;
    %load/vec4 v0x555556ee2640_0;
    %assign/vec4 v0x555556ee3fd0_0, 0;
T_86.4 ;
T_86.2 ;
T_86.1 ;
    %jmp T_86;
    .thread T_86;
    .scope S_0x555556ee8210;
T_87 ;
    %pushi/vec4 0, 0, 32;
    %store/vec4 v0x555556eeb4c0_0, 0, 32;
T_87.0 ; Top of for-loop
    %load/vec4 v0x555556eeb4c0_0;
    %cmpi/s 16, 0, 32;
	  %jmp/0xz T_87.1, 5;
    %pushi/vec4 0, 0, 256;
    %load/vec4 v0x555556eeb4c0_0;
    %muli 16, 0, 32;
    %part/s 16;
    %pushi/vec4 0, 0, 32;
    %load/vec4 v0x555556eeb4c0_0;
    %add;
    %ix/vec4/s 4;
    %store/vec4a v0x555556eeb5a0, 4, 0;
    %pushi/vec4 0, 0, 256;
    %load/vec4 v0x555556eeb4c0_0;
    %muli 16, 0, 32;
    %part/s 16;
    %pushi/vec4 16, 0, 32;
    %load/vec4 v0x555556eeb4c0_0;
    %add;
    %ix/vec4/s 4;
    %store/vec4a v0x555556eeb5a0, 4, 0;
    %pushi/vec4 0, 0, 256;
    %load/vec4 v0x555556eeb4c0_0;
    %muli 16, 0, 32;
    %part/s 16;
    %pushi/vec4 32, 0, 32;
    %load/vec4 v0x555556eeb4c0_0;
    %add;
    %ix/vec4/s 4;
    %store/vec4a v0x555556eeb5a0, 4, 0;
    %pushi/vec4 0, 0, 256;
    %load/vec4 v0x555556eeb4c0_0;
    %muli 16, 0, 32;
    %part/s 16;
    %pushi/vec4 48, 0, 32;
    %load/vec4 v0x555556eeb4c0_0;
    %add;
    %ix/vec4/s 4;
    %store/vec4a v0x555556eeb5a0, 4, 0;
    %pushi/vec4 0, 0, 256;
    %load/vec4 v0x555556eeb4c0_0;
    %muli 16, 0, 32;
    %part/s 16;
    %pushi/vec4 64, 0, 32;
    %load/vec4 v0x555556eeb4c0_0;
    %add;
    %ix/vec4/s 4;
    %store/vec4a v0x555556eeb5a0, 4, 0;
    %pushi/vec4 0, 0, 256;
    %load/vec4 v0x555556eeb4c0_0;
    %muli 16, 0, 32;
    %part/s 16;
    %pushi/vec4 80, 0, 32;
    %load/vec4 v0x555556eeb4c0_0;
    %add;
    %ix/vec4/s 4;
    %store/vec4a v0x555556eeb5a0, 4, 0;
    %pushi/vec4 0, 0, 256;
    %load/vec4 v0x555556eeb4c0_0;
    %muli 16, 0, 32;
    %part/s 16;
    %pushi/vec4 96, 0, 32;
    %load/vec4 v0x555556eeb4c0_0;
    %add;
    %ix/vec4/s 4;
    %store/vec4a v0x555556eeb5a0, 4, 0;
    %pushi/vec4 0, 0, 256;
    %load/vec4 v0x555556eeb4c0_0;
    %muli 16, 0, 32;
    %part/s 16;
    %pushi/vec4 112, 0, 32;
    %load/vec4 v0x555556eeb4c0_0;
    %add;
    %ix/vec4/s 4;
    %store/vec4a v0x555556eeb5a0, 4, 0;
    %pushi/vec4 0, 0, 256;
    %load/vec4 v0x555556eeb4c0_0;
    %muli 16, 0, 32;
    %part/s 16;
    %pushi/vec4 128, 0, 32;
    %load/vec4 v0x555556eeb4c0_0;
    %add;
    %ix/vec4/s 4;
    %store/vec4a v0x555556eeb5a0, 4, 0;
    %pushi/vec4 0, 0, 256;
    %load/vec4 v0x555556eeb4c0_0;
    %muli 16, 0, 32;
    %part/s 16;
    %pushi/vec4 144, 0, 32;
    %load/vec4 v0x555556eeb4c0_0;
    %add;
    %ix/vec4/s 4;
    %store/vec4a v0x555556eeb5a0, 4, 0;
    %pushi/vec4 0, 0, 256;
    %load/vec4 v0x555556eeb4c0_0;
    %muli 16, 0, 32;
    %part/s 16;
    %pushi/vec4 160, 0, 32;
    %load/vec4 v0x555556eeb4c0_0;
    %add;
    %ix/vec4/s 4;
    %store/vec4a v0x555556eeb5a0, 4, 0;
    %pushi/vec4 0, 0, 256;
    %load/vec4 v0x555556eeb4c0_0;
    %muli 16, 0, 32;
    %part/s 16;
    %pushi/vec4 176, 0, 32;
    %load/vec4 v0x555556eeb4c0_0;
    %add;
    %ix/vec4/s 4;
    %store/vec4a v0x555556eeb5a0, 4, 0;
    %pushi/vec4 0, 0, 256;
    %load/vec4 v0x555556eeb4c0_0;
    %muli 16, 0, 32;
    %part/s 16;
    %pushi/vec4 192, 0, 32;
    %load/vec4 v0x555556eeb4c0_0;
    %add;
    %ix/vec4/s 4;
    %store/vec4a v0x555556eeb5a0, 4, 0;
    %pushi/vec4 0, 0, 256;
    %load/vec4 v0x555556eeb4c0_0;
    %muli 16, 0, 32;
    %part/s 16;
    %pushi/vec4 208, 0, 32;
    %load/vec4 v0x555556eeb4c0_0;
    %add;
    %ix/vec4/s 4;
    %store/vec4a v0x555556eeb5a0, 4, 0;
    %pushi/vec4 0, 0, 256;
    %load/vec4 v0x555556eeb4c0_0;
    %muli 16, 0, 32;
    %part/s 16;
    %pushi/vec4 224, 0, 32;
    %load/vec4 v0x555556eeb4c0_0;
    %add;
    %ix/vec4/s 4;
    %store/vec4a v0x555556eeb5a0, 4, 0;
    %pushi/vec4 0, 0, 256;
    %load/vec4 v0x555556eeb4c0_0;
    %muli 16, 0, 32;
    %part/s 16;
    %pushi/vec4 240, 0, 32;
    %load/vec4 v0x555556eeb4c0_0;
    %add;
    %ix/vec4/s 4;
    %store/vec4a v0x555556eeb5a0, 4, 0;
T_87.2 ; for-loop step statement
    %load/vec4 v0x555556eeb4c0_0;
    %addi 1, 0, 32;
    %store/vec4 v0x555556eeb4c0_0, 0, 32;
    %jmp T_87.0;
T_87.1 ; for-loop exit label
    %end;
    .thread T_87;
    .scope S_0x555556ee8210;
T_88 ;
    %wait E_0x555556ee9fd0;
    %load/vec4 v0x555556eeb320_0;
    %flag_set/vec4 9;
    %flag_get/vec4 9;
    %jmp/0 T_88.2, 9;
    %load/vec4 v0x555556eeb0a0_0;
    %and;
T_88.2;
    %flag_set/vec4 8;
    %jmp/0xz  T_88.0, 8;
    %load/vec4 v0x555556eeb3e0_0;
    %parti/s 1, 0, 2;
    %nor/r;
    %flag_set/vec4 8;
    %jmp/0xz  T_88.3, 8;
    %load/vec4 v0x555556eeb240_0;
    %parti/s 1, 0, 2;
    %load/vec4 v0x555556eeaf00_0;
    %parti/s 8, 0, 2;
    %pad/u 10;
    %ix/vec4 3;
    %ix/load 4, 0, 0; Constant delay
    %assign/vec4/a/d v0x555556eeb5a0, 0, 4;
T_88.3 ;
    %load/vec4 v0x555556eeb3e0_0;
    %parti/s 1, 1, 2;
    %nor/r;
    %flag_set/vec4 8;
    %jmp/0xz  T_88.5, 8;
    %load/vec4 v0x555556eeb240_0;
    %parti/s 1, 1, 2;
    %load/vec4 v0x555556eeaf00_0;
    %parti/s 8, 0, 2;
    %pad/u 10;
    %ix/vec4 3;
    %ix/load 4, 1, 0; part off
    %ix/load 5, 0, 0; Constant delay
    %assign/vec4/a/d v0x555556eeb5a0, 4, 5;
T_88.5 ;
    %load/vec4 v0x555556eeb3e0_0;
    %parti/s 1, 2, 3;
    %nor/r;
    %flag_set/vec4 8;
    %jmp/0xz  T_88.7, 8;
    %load/vec4 v0x555556eeb240_0;
    %parti/s 1, 2, 3;
    %load/vec4 v0x555556eeaf00_0;
    %parti/s 8, 0, 2;
    %pad/u 10;
    %ix/vec4 3;
    %ix/load 4, 2, 0; part off
    %ix/load 5, 0, 0; Constant delay
    %assign/vec4/a/d v0x555556eeb5a0, 4, 5;
T_88.7 ;
    %load/vec4 v0x555556eeb3e0_0;
    %parti/s 1, 3, 3;
    %nor/r;
    %flag_set/vec4 8;
    %jmp/0xz  T_88.9, 8;
    %load/vec4 v0x555556eeb240_0;
    %parti/s 1, 3, 3;
    %load/vec4 v0x555556eeaf00_0;
    %parti/s 8, 0, 2;
    %pad/u 10;
    %ix/vec4 3;
    %ix/load 4, 3, 0; part off
    %ix/load 5, 0, 0; Constant delay
    %assign/vec4/a/d v0x555556eeb5a0, 4, 5;
T_88.9 ;
    %load/vec4 v0x555556eeb3e0_0;
    %parti/s 1, 4, 4;
    %nor/r;
    %flag_set/vec4 8;
    %jmp/0xz  T_88.11, 8;
    %load/vec4 v0x555556eeb240_0;
    %parti/s 1, 4, 4;
    %load/vec4 v0x555556eeaf00_0;
    %parti/s 8, 0, 2;
    %pad/u 10;
    %ix/vec4 3;
    %ix/load 4, 4, 0; part off
    %ix/load 5, 0, 0; Constant delay
    %assign/vec4/a/d v0x555556eeb5a0, 4, 5;
T_88.11 ;
    %load/vec4 v0x555556eeb3e0_0;
    %parti/s 1, 5, 4;
    %nor/r;
    %flag_set/vec4 8;
    %jmp/0xz  T_88.13, 8;
    %load/vec4 v0x555556eeb240_0;
    %parti/s 1, 5, 4;
    %load/vec4 v0x555556eeaf00_0;
    %parti/s 8, 0, 2;
    %pad/u 10;
    %ix/vec4 3;
    %ix/load 4, 5, 0; part off
    %ix/load 5, 0, 0; Constant delay
    %assign/vec4/a/d v0x555556eeb5a0, 4, 5;
T_88.13 ;
    %load/vec4 v0x555556eeb3e0_0;
    %parti/s 1, 6, 4;
    %nor/r;
    %flag_set/vec4 8;
    %jmp/0xz  T_88.15, 8;
    %load/vec4 v0x555556eeb240_0;
    %parti/s 1, 6, 4;
    %load/vec4 v0x555556eeaf00_0;
    %parti/s 8, 0, 2;
    %pad/u 10;
    %ix/vec4 3;
    %ix/load 4, 6, 0; part off
    %ix/load 5, 0, 0; Constant delay
    %assign/vec4/a/d v0x555556eeb5a0, 4, 5;
T_88.15 ;
    %load/vec4 v0x555556eeb3e0_0;
    %parti/s 1, 7, 4;
    %nor/r;
    %flag_set/vec4 8;
    %jmp/0xz  T_88.17, 8;
    %load/vec4 v0x555556eeb240_0;
    %parti/s 1, 7, 4;
    %load/vec4 v0x555556eeaf00_0;
    %parti/s 8, 0, 2;
    %pad/u 10;
    %ix/vec4 3;
    %ix/load 4, 7, 0; part off
    %ix/load 5, 0, 0; Constant delay
    %assign/vec4/a/d v0x555556eeb5a0, 4, 5;
T_88.17 ;
    %load/vec4 v0x555556eeb3e0_0;
    %parti/s 1, 8, 5;
    %nor/r;
    %flag_set/vec4 8;
    %jmp/0xz  T_88.19, 8;
    %load/vec4 v0x555556eeb240_0;
    %parti/s 1, 8, 5;
    %load/vec4 v0x555556eeaf00_0;
    %parti/s 8, 0, 2;
    %pad/u 10;
    %ix/vec4 3;
    %ix/load 4, 8, 0; part off
    %ix/load 5, 0, 0; Constant delay
    %assign/vec4/a/d v0x555556eeb5a0, 4, 5;
T_88.19 ;
    %load/vec4 v0x555556eeb3e0_0;
    %parti/s 1, 9, 5;
    %nor/r;
    %flag_set/vec4 8;
    %jmp/0xz  T_88.21, 8;
    %load/vec4 v0x555556eeb240_0;
    %parti/s 1, 9, 5;
    %load/vec4 v0x555556eeaf00_0;
    %parti/s 8, 0, 2;
    %pad/u 10;
    %ix/vec4 3;
    %ix/load 4, 9, 0; part off
    %ix/load 5, 0, 0; Constant delay
    %assign/vec4/a/d v0x555556eeb5a0, 4, 5;
T_88.21 ;
    %load/vec4 v0x555556eeb3e0_0;
    %parti/s 1, 10, 5;
    %nor/r;
    %flag_set/vec4 8;
    %jmp/0xz  T_88.23, 8;
    %load/vec4 v0x555556eeb240_0;
    %parti/s 1, 10, 5;
    %load/vec4 v0x555556eeaf00_0;
    %parti/s 8, 0, 2;
    %pad/u 10;
    %ix/vec4 3;
    %ix/load 4, 10, 0; part off
    %ix/load 5, 0, 0; Constant delay
    %assign/vec4/a/d v0x555556eeb5a0, 4, 5;
T_88.23 ;
    %load/vec4 v0x555556eeb3e0_0;
    %parti/s 1, 11, 5;
    %nor/r;
    %flag_set/vec4 8;
    %jmp/0xz  T_88.25, 8;
    %load/vec4 v0x555556eeb240_0;
    %parti/s 1, 11, 5;
    %load/vec4 v0x555556eeaf00_0;
    %parti/s 8, 0, 2;
    %pad/u 10;
    %ix/vec4 3;
    %ix/load 4, 11, 0; part off
    %ix/load 5, 0, 0; Constant delay
    %assign/vec4/a/d v0x555556eeb5a0, 4, 5;
T_88.25 ;
    %load/vec4 v0x555556eeb3e0_0;
    %parti/s 1, 12, 5;
    %nor/r;
    %flag_set/vec4 8;
    %jmp/0xz  T_88.27, 8;
    %load/vec4 v0x555556eeb240_0;
    %parti/s 1, 12, 5;
    %load/vec4 v0x555556eeaf00_0;
    %parti/s 8, 0, 2;
    %pad/u 10;
    %ix/vec4 3;
    %ix/load 4, 12, 0; part off
    %ix/load 5, 0, 0; Constant delay
    %assign/vec4/a/d v0x555556eeb5a0, 4, 5;
T_88.27 ;
    %load/vec4 v0x555556eeb3e0_0;
    %parti/s 1, 13, 5;
    %nor/r;
    %flag_set/vec4 8;
    %jmp/0xz  T_88.29, 8;
    %load/vec4 v0x555556eeb240_0;
    %parti/s 1, 13, 5;
    %load/vec4 v0x555556eeaf00_0;
    %parti/s 8, 0, 2;
    %pad/u 10;
    %ix/vec4 3;
    %ix/load 4, 13, 0; part off
    %ix/load 5, 0, 0; Constant delay
    %assign/vec4/a/d v0x555556eeb5a0, 4, 5;
T_88.29 ;
    %load/vec4 v0x555556eeb3e0_0;
    %parti/s 1, 14, 5;
    %nor/r;
    %flag_set/vec4 8;
    %jmp/0xz  T_88.31, 8;
    %load/vec4 v0x555556eeb240_0;
    %parti/s 1, 14, 5;
    %load/vec4 v0x555556eeaf00_0;
    %parti/s 8, 0, 2;
    %pad/u 10;
    %ix/vec4 3;
    %ix/load 4, 14, 0; part off
    %ix/load 5, 0, 0; Constant delay
    %assign/vec4/a/d v0x555556eeb5a0, 4, 5;
T_88.31 ;
    %load/vec4 v0x555556eeb3e0_0;
    %parti/s 1, 15, 5;
    %nor/r;
    %flag_set/vec4 8;
    %jmp/0xz  T_88.33, 8;
    %load/vec4 v0x555556eeb240_0;
    %parti/s 1, 15, 5;
    %load/vec4 v0x555556eeaf00_0;
    %parti/s 8, 0, 2;
    %pad/u 10;
    %ix/vec4 3;
    %ix/load 4, 15, 0; part off
    %ix/load 5, 0, 0; Constant delay
    %assign/vec4/a/d v0x555556eeb5a0, 4, 5;
T_88.33 ;
T_88.0 ;
    %jmp T_88;
    .thread T_88;
    .scope S_0x555556ee8210;
T_89 ;
    %wait E_0x555556ee9f50;
    %load/vec4 v0x555556eead60_0;
    %flag_set/vec4 9;
    %flag_get/vec4 9;
    %jmp/0 T_89.2, 9;
    %load/vec4 v0x555556eeaa90_0;
    %and;
T_89.2;
    %flag_set/vec4 8;
    %jmp/0xz  T_89.0, 8;
    %load/vec4 v0x555556eea8e0_0;
    %parti/s 8, 0, 2;
    %pad/u 10;
    %ix/vec4 4;
    %load/vec4a v0x555556eeb5a0, 4;
    %load/vec4 v0x555556eeae20_0;
    %inv;
    %and;
    %assign/vec4 v0x555556eeac80_0, 0;
T_89.0 ;
    %jmp T_89;
    .thread T_89;
    .scope S_0x555556eec2a0;
T_90 ;
    %pushi/vec4 0, 0, 32;
    %store/vec4 v0x555556eef690_0, 0, 32;
T_90.0 ; Top of for-loop
    %load/vec4 v0x555556eef690_0;
    %cmpi/s 16, 0, 32;
	  %jmp/0xz T_90.1, 5;
    %pushi/vec4 0, 0, 256;
    %load/vec4 v0x555556eef690_0;
    %muli 16, 0, 32;
    %part/s 16;
    %pushi/vec4 0, 0, 32;
    %load/vec4 v0x555556eef690_0;
    %add;
    %ix/vec4/s 4;
    %store/vec4a v0x555556eef770, 4, 0;
    %pushi/vec4 0, 0, 256;
    %load/vec4 v0x555556eef690_0;
    %muli 16, 0, 32;
    %part/s 16;
    %pushi/vec4 16, 0, 32;
    %load/vec4 v0x555556eef690_0;
    %add;
    %ix/vec4/s 4;
    %store/vec4a v0x555556eef770, 4, 0;
    %pushi/vec4 0, 0, 256;
    %load/vec4 v0x555556eef690_0;
    %muli 16, 0, 32;
    %part/s 16;
    %pushi/vec4 32, 0, 32;
    %load/vec4 v0x555556eef690_0;
    %add;
    %ix/vec4/s 4;
    %store/vec4a v0x555556eef770, 4, 0;
    %pushi/vec4 0, 0, 256;
    %load/vec4 v0x555556eef690_0;
    %muli 16, 0, 32;
    %part/s 16;
    %pushi/vec4 48, 0, 32;
    %load/vec4 v0x555556eef690_0;
    %add;
    %ix/vec4/s 4;
    %store/vec4a v0x555556eef770, 4, 0;
    %pushi/vec4 0, 0, 256;
    %load/vec4 v0x555556eef690_0;
    %muli 16, 0, 32;
    %part/s 16;
    %pushi/vec4 64, 0, 32;
    %load/vec4 v0x555556eef690_0;
    %add;
    %ix/vec4/s 4;
    %store/vec4a v0x555556eef770, 4, 0;
    %pushi/vec4 0, 0, 256;
    %load/vec4 v0x555556eef690_0;
    %muli 16, 0, 32;
    %part/s 16;
    %pushi/vec4 80, 0, 32;
    %load/vec4 v0x555556eef690_0;
    %add;
    %ix/vec4/s 4;
    %store/vec4a v0x555556eef770, 4, 0;
    %pushi/vec4 0, 0, 256;
    %load/vec4 v0x555556eef690_0;
    %muli 16, 0, 32;
    %part/s 16;
    %pushi/vec4 96, 0, 32;
    %load/vec4 v0x555556eef690_0;
    %add;
    %ix/vec4/s 4;
    %store/vec4a v0x555556eef770, 4, 0;
    %pushi/vec4 0, 0, 256;
    %load/vec4 v0x555556eef690_0;
    %muli 16, 0, 32;
    %part/s 16;
    %pushi/vec4 112, 0, 32;
    %load/vec4 v0x555556eef690_0;
    %add;
    %ix/vec4/s 4;
    %store/vec4a v0x555556eef770, 4, 0;
    %pushi/vec4 0, 0, 256;
    %load/vec4 v0x555556eef690_0;
    %muli 16, 0, 32;
    %part/s 16;
    %pushi/vec4 128, 0, 32;
    %load/vec4 v0x555556eef690_0;
    %add;
    %ix/vec4/s 4;
    %store/vec4a v0x555556eef770, 4, 0;
    %pushi/vec4 0, 0, 256;
    %load/vec4 v0x555556eef690_0;
    %muli 16, 0, 32;
    %part/s 16;
    %pushi/vec4 144, 0, 32;
    %load/vec4 v0x555556eef690_0;
    %add;
    %ix/vec4/s 4;
    %store/vec4a v0x555556eef770, 4, 0;
    %pushi/vec4 0, 0, 256;
    %load/vec4 v0x555556eef690_0;
    %muli 16, 0, 32;
    %part/s 16;
    %pushi/vec4 160, 0, 32;
    %load/vec4 v0x555556eef690_0;
    %add;
    %ix/vec4/s 4;
    %store/vec4a v0x555556eef770, 4, 0;
    %pushi/vec4 0, 0, 256;
    %load/vec4 v0x555556eef690_0;
    %muli 16, 0, 32;
    %part/s 16;
    %pushi/vec4 176, 0, 32;
    %load/vec4 v0x555556eef690_0;
    %add;
    %ix/vec4/s 4;
    %store/vec4a v0x555556eef770, 4, 0;
    %pushi/vec4 0, 0, 256;
    %load/vec4 v0x555556eef690_0;
    %muli 16, 0, 32;
    %part/s 16;
    %pushi/vec4 192, 0, 32;
    %load/vec4 v0x555556eef690_0;
    %add;
    %ix/vec4/s 4;
    %store/vec4a v0x555556eef770, 4, 0;
    %pushi/vec4 0, 0, 256;
    %load/vec4 v0x555556eef690_0;
    %muli 16, 0, 32;
    %part/s 16;
    %pushi/vec4 208, 0, 32;
    %load/vec4 v0x555556eef690_0;
    %add;
    %ix/vec4/s 4;
    %store/vec4a v0x555556eef770, 4, 0;
    %pushi/vec4 0, 0, 256;
    %load/vec4 v0x555556eef690_0;
    %muli 16, 0, 32;
    %part/s 16;
    %pushi/vec4 224, 0, 32;
    %load/vec4 v0x555556eef690_0;
    %add;
    %ix/vec4/s 4;
    %store/vec4a v0x555556eef770, 4, 0;
    %pushi/vec4 0, 0, 256;
    %load/vec4 v0x555556eef690_0;
    %muli 16, 0, 32;
    %part/s 16;
    %pushi/vec4 240, 0, 32;
    %load/vec4 v0x555556eef690_0;
    %add;
    %ix/vec4/s 4;
    %store/vec4a v0x555556eef770, 4, 0;
T_90.2 ; for-loop step statement
    %load/vec4 v0x555556eef690_0;
    %addi 1, 0, 32;
    %store/vec4 v0x555556eef690_0, 0, 32;
    %jmp T_90.0;
T_90.1 ; for-loop exit label
    %end;
    .thread T_90;
    .scope S_0x555556eec2a0;
T_91 ;
    %wait E_0x555556eee1a0;
    %load/vec4 v0x555556eef4f0_0;
    %flag_set/vec4 9;
    %flag_get/vec4 9;
    %jmp/0 T_91.2, 9;
    %load/vec4 v0x555556eef270_0;
    %and;
T_91.2;
    %flag_set/vec4 8;
    %jmp/0xz  T_91.0, 8;
    %load/vec4 v0x555556eef5b0_0;
    %parti/s 1, 0, 2;
    %nor/r;
    %flag_set/vec4 8;
    %jmp/0xz  T_91.3, 8;
    %load/vec4 v0x555556eef410_0;
    %parti/s 1, 0, 2;
    %load/vec4 v0x555556eef0d0_0;
    %parti/s 8, 0, 2;
    %pad/u 10;
    %ix/vec4 3;
    %ix/load 4, 0, 0; Constant delay
    %assign/vec4/a/d v0x555556eef770, 0, 4;
T_91.3 ;
    %load/vec4 v0x555556eef5b0_0;
    %parti/s 1, 1, 2;
    %nor/r;
    %flag_set/vec4 8;
    %jmp/0xz  T_91.5, 8;
    %load/vec4 v0x555556eef410_0;
    %parti/s 1, 1, 2;
    %load/vec4 v0x555556eef0d0_0;
    %parti/s 8, 0, 2;
    %pad/u 10;
    %ix/vec4 3;
    %ix/load 4, 1, 0; part off
    %ix/load 5, 0, 0; Constant delay
    %assign/vec4/a/d v0x555556eef770, 4, 5;
T_91.5 ;
    %load/vec4 v0x555556eef5b0_0;
    %parti/s 1, 2, 3;
    %nor/r;
    %flag_set/vec4 8;
    %jmp/0xz  T_91.7, 8;
    %load/vec4 v0x555556eef410_0;
    %parti/s 1, 2, 3;
    %load/vec4 v0x555556eef0d0_0;
    %parti/s 8, 0, 2;
    %pad/u 10;
    %ix/vec4 3;
    %ix/load 4, 2, 0; part off
    %ix/load 5, 0, 0; Constant delay
    %assign/vec4/a/d v0x555556eef770, 4, 5;
T_91.7 ;
    %load/vec4 v0x555556eef5b0_0;
    %parti/s 1, 3, 3;
    %nor/r;
    %flag_set/vec4 8;
    %jmp/0xz  T_91.9, 8;
    %load/vec4 v0x555556eef410_0;
    %parti/s 1, 3, 3;
    %load/vec4 v0x555556eef0d0_0;
    %parti/s 8, 0, 2;
    %pad/u 10;
    %ix/vec4 3;
    %ix/load 4, 3, 0; part off
    %ix/load 5, 0, 0; Constant delay
    %assign/vec4/a/d v0x555556eef770, 4, 5;
T_91.9 ;
    %load/vec4 v0x555556eef5b0_0;
    %parti/s 1, 4, 4;
    %nor/r;
    %flag_set/vec4 8;
    %jmp/0xz  T_91.11, 8;
    %load/vec4 v0x555556eef410_0;
    %parti/s 1, 4, 4;
    %load/vec4 v0x555556eef0d0_0;
    %parti/s 8, 0, 2;
    %pad/u 10;
    %ix/vec4 3;
    %ix/load 4, 4, 0; part off
    %ix/load 5, 0, 0; Constant delay
    %assign/vec4/a/d v0x555556eef770, 4, 5;
T_91.11 ;
    %load/vec4 v0x555556eef5b0_0;
    %parti/s 1, 5, 4;
    %nor/r;
    %flag_set/vec4 8;
    %jmp/0xz  T_91.13, 8;
    %load/vec4 v0x555556eef410_0;
    %parti/s 1, 5, 4;
    %load/vec4 v0x555556eef0d0_0;
    %parti/s 8, 0, 2;
    %pad/u 10;
    %ix/vec4 3;
    %ix/load 4, 5, 0; part off
    %ix/load 5, 0, 0; Constant delay
    %assign/vec4/a/d v0x555556eef770, 4, 5;
T_91.13 ;
    %load/vec4 v0x555556eef5b0_0;
    %parti/s 1, 6, 4;
    %nor/r;
    %flag_set/vec4 8;
    %jmp/0xz  T_91.15, 8;
    %load/vec4 v0x555556eef410_0;
    %parti/s 1, 6, 4;
    %load/vec4 v0x555556eef0d0_0;
    %parti/s 8, 0, 2;
    %pad/u 10;
    %ix/vec4 3;
    %ix/load 4, 6, 0; part off
    %ix/load 5, 0, 0; Constant delay
    %assign/vec4/a/d v0x555556eef770, 4, 5;
T_91.15 ;
    %load/vec4 v0x555556eef5b0_0;
    %parti/s 1, 7, 4;
    %nor/r;
    %flag_set/vec4 8;
    %jmp/0xz  T_91.17, 8;
    %load/vec4 v0x555556eef410_0;
    %parti/s 1, 7, 4;
    %load/vec4 v0x555556eef0d0_0;
    %parti/s 8, 0, 2;
    %pad/u 10;
    %ix/vec4 3;
    %ix/load 4, 7, 0; part off
    %ix/load 5, 0, 0; Constant delay
    %assign/vec4/a/d v0x555556eef770, 4, 5;
T_91.17 ;
    %load/vec4 v0x555556eef5b0_0;
    %parti/s 1, 8, 5;
    %nor/r;
    %flag_set/vec4 8;
    %jmp/0xz  T_91.19, 8;
    %load/vec4 v0x555556eef410_0;
    %parti/s 1, 8, 5;
    %load/vec4 v0x555556eef0d0_0;
    %parti/s 8, 0, 2;
    %pad/u 10;
    %ix/vec4 3;
    %ix/load 4, 8, 0; part off
    %ix/load 5, 0, 0; Constant delay
    %assign/vec4/a/d v0x555556eef770, 4, 5;
T_91.19 ;
    %load/vec4 v0x555556eef5b0_0;
    %parti/s 1, 9, 5;
    %nor/r;
    %flag_set/vec4 8;
    %jmp/0xz  T_91.21, 8;
    %load/vec4 v0x555556eef410_0;
    %parti/s 1, 9, 5;
    %load/vec4 v0x555556eef0d0_0;
    %parti/s 8, 0, 2;
    %pad/u 10;
    %ix/vec4 3;
    %ix/load 4, 9, 0; part off
    %ix/load 5, 0, 0; Constant delay
    %assign/vec4/a/d v0x555556eef770, 4, 5;
T_91.21 ;
    %load/vec4 v0x555556eef5b0_0;
    %parti/s 1, 10, 5;
    %nor/r;
    %flag_set/vec4 8;
    %jmp/0xz  T_91.23, 8;
    %load/vec4 v0x555556eef410_0;
    %parti/s 1, 10, 5;
    %load/vec4 v0x555556eef0d0_0;
    %parti/s 8, 0, 2;
    %pad/u 10;
    %ix/vec4 3;
    %ix/load 4, 10, 0; part off
    %ix/load 5, 0, 0; Constant delay
    %assign/vec4/a/d v0x555556eef770, 4, 5;
T_91.23 ;
    %load/vec4 v0x555556eef5b0_0;
    %parti/s 1, 11, 5;
    %nor/r;
    %flag_set/vec4 8;
    %jmp/0xz  T_91.25, 8;
    %load/vec4 v0x555556eef410_0;
    %parti/s 1, 11, 5;
    %load/vec4 v0x555556eef0d0_0;
    %parti/s 8, 0, 2;
    %pad/u 10;
    %ix/vec4 3;
    %ix/load 4, 11, 0; part off
    %ix/load 5, 0, 0; Constant delay
    %assign/vec4/a/d v0x555556eef770, 4, 5;
T_91.25 ;
    %load/vec4 v0x555556eef5b0_0;
    %parti/s 1, 12, 5;
    %nor/r;
    %flag_set/vec4 8;
    %jmp/0xz  T_91.27, 8;
    %load/vec4 v0x555556eef410_0;
    %parti/s 1, 12, 5;
    %load/vec4 v0x555556eef0d0_0;
    %parti/s 8, 0, 2;
    %pad/u 10;
    %ix/vec4 3;
    %ix/load 4, 12, 0; part off
    %ix/load 5, 0, 0; Constant delay
    %assign/vec4/a/d v0x555556eef770, 4, 5;
T_91.27 ;
    %load/vec4 v0x555556eef5b0_0;
    %parti/s 1, 13, 5;
    %nor/r;
    %flag_set/vec4 8;
    %jmp/0xz  T_91.29, 8;
    %load/vec4 v0x555556eef410_0;
    %parti/s 1, 13, 5;
    %load/vec4 v0x555556eef0d0_0;
    %parti/s 8, 0, 2;
    %pad/u 10;
    %ix/vec4 3;
    %ix/load 4, 13, 0; part off
    %ix/load 5, 0, 0; Constant delay
    %assign/vec4/a/d v0x555556eef770, 4, 5;
T_91.29 ;
    %load/vec4 v0x555556eef5b0_0;
    %parti/s 1, 14, 5;
    %nor/r;
    %flag_set/vec4 8;
    %jmp/0xz  T_91.31, 8;
    %load/vec4 v0x555556eef410_0;
    %parti/s 1, 14, 5;
    %load/vec4 v0x555556eef0d0_0;
    %parti/s 8, 0, 2;
    %pad/u 10;
    %ix/vec4 3;
    %ix/load 4, 14, 0; part off
    %ix/load 5, 0, 0; Constant delay
    %assign/vec4/a/d v0x555556eef770, 4, 5;
T_91.31 ;
    %load/vec4 v0x555556eef5b0_0;
    %parti/s 1, 15, 5;
    %nor/r;
    %flag_set/vec4 8;
    %jmp/0xz  T_91.33, 8;
    %load/vec4 v0x555556eef410_0;
    %parti/s 1, 15, 5;
    %load/vec4 v0x555556eef0d0_0;
    %parti/s 8, 0, 2;
    %pad/u 10;
    %ix/vec4 3;
    %ix/load 4, 15, 0; part off
    %ix/load 5, 0, 0; Constant delay
    %assign/vec4/a/d v0x555556eef770, 4, 5;
T_91.33 ;
T_91.0 ;
    %jmp T_91;
    .thread T_91;
    .scope S_0x555556eec2a0;
T_92 ;
    %wait E_0x555556eee120;
    %load/vec4 v0x555556eeef30_0;
    %flag_set/vec4 9;
    %flag_get/vec4 9;
    %jmp/0 T_92.2, 9;
    %load/vec4 v0x555556eeec60_0;
    %and;
T_92.2;
    %flag_set/vec4 8;
    %jmp/0xz  T_92.0, 8;
    %load/vec4 v0x555556eeeab0_0;
    %parti/s 8, 0, 2;
    %pad/u 10;
    %ix/vec4 4;
    %load/vec4a v0x555556eef770, 4;
    %load/vec4 v0x555556eeeff0_0;
    %inv;
    %and;
    %assign/vec4 v0x555556eeee50_0, 0;
T_92.0 ;
    %jmp T_92;
    .thread T_92;
    .scope S_0x555556ef0480;
T_93 ;
    %pushi/vec4 0, 0, 32;
    %store/vec4 v0x555556ef39e0_0, 0, 32;
T_93.0 ; Top of for-loop
    %load/vec4 v0x555556ef39e0_0;
    %cmpi/s 16, 0, 32;
	  %jmp/0xz T_93.1, 5;
    %pushi/vec4 0, 0, 256;
    %load/vec4 v0x555556ef39e0_0;
    %muli 16, 0, 32;
    %part/s 16;
    %pushi/vec4 0, 0, 32;
    %load/vec4 v0x555556ef39e0_0;
    %add;
    %ix/vec4/s 4;
    %store/vec4a v0x555556ef3ac0, 4, 0;
    %pushi/vec4 0, 0, 256;
    %load/vec4 v0x555556ef39e0_0;
    %muli 16, 0, 32;
    %part/s 16;
    %pushi/vec4 16, 0, 32;
    %load/vec4 v0x555556ef39e0_0;
    %add;
    %ix/vec4/s 4;
    %store/vec4a v0x555556ef3ac0, 4, 0;
    %pushi/vec4 0, 0, 256;
    %load/vec4 v0x555556ef39e0_0;
    %muli 16, 0, 32;
    %part/s 16;
    %pushi/vec4 32, 0, 32;
    %load/vec4 v0x555556ef39e0_0;
    %add;
    %ix/vec4/s 4;
    %store/vec4a v0x555556ef3ac0, 4, 0;
    %pushi/vec4 0, 0, 256;
    %load/vec4 v0x555556ef39e0_0;
    %muli 16, 0, 32;
    %part/s 16;
    %pushi/vec4 48, 0, 32;
    %load/vec4 v0x555556ef39e0_0;
    %add;
    %ix/vec4/s 4;
    %store/vec4a v0x555556ef3ac0, 4, 0;
    %pushi/vec4 0, 0, 256;
    %load/vec4 v0x555556ef39e0_0;
    %muli 16, 0, 32;
    %part/s 16;
    %pushi/vec4 64, 0, 32;
    %load/vec4 v0x555556ef39e0_0;
    %add;
    %ix/vec4/s 4;
    %store/vec4a v0x555556ef3ac0, 4, 0;
    %pushi/vec4 0, 0, 256;
    %load/vec4 v0x555556ef39e0_0;
    %muli 16, 0, 32;
    %part/s 16;
    %pushi/vec4 80, 0, 32;
    %load/vec4 v0x555556ef39e0_0;
    %add;
    %ix/vec4/s 4;
    %store/vec4a v0x555556ef3ac0, 4, 0;
    %pushi/vec4 0, 0, 256;
    %load/vec4 v0x555556ef39e0_0;
    %muli 16, 0, 32;
    %part/s 16;
    %pushi/vec4 96, 0, 32;
    %load/vec4 v0x555556ef39e0_0;
    %add;
    %ix/vec4/s 4;
    %store/vec4a v0x555556ef3ac0, 4, 0;
    %pushi/vec4 0, 0, 256;
    %load/vec4 v0x555556ef39e0_0;
    %muli 16, 0, 32;
    %part/s 16;
    %pushi/vec4 112, 0, 32;
    %load/vec4 v0x555556ef39e0_0;
    %add;
    %ix/vec4/s 4;
    %store/vec4a v0x555556ef3ac0, 4, 0;
    %pushi/vec4 0, 0, 256;
    %load/vec4 v0x555556ef39e0_0;
    %muli 16, 0, 32;
    %part/s 16;
    %pushi/vec4 128, 0, 32;
    %load/vec4 v0x555556ef39e0_0;
    %add;
    %ix/vec4/s 4;
    %store/vec4a v0x555556ef3ac0, 4, 0;
    %pushi/vec4 0, 0, 256;
    %load/vec4 v0x555556ef39e0_0;
    %muli 16, 0, 32;
    %part/s 16;
    %pushi/vec4 144, 0, 32;
    %load/vec4 v0x555556ef39e0_0;
    %add;
    %ix/vec4/s 4;
    %store/vec4a v0x555556ef3ac0, 4, 0;
    %pushi/vec4 0, 0, 256;
    %load/vec4 v0x555556ef39e0_0;
    %muli 16, 0, 32;
    %part/s 16;
    %pushi/vec4 160, 0, 32;
    %load/vec4 v0x555556ef39e0_0;
    %add;
    %ix/vec4/s 4;
    %store/vec4a v0x555556ef3ac0, 4, 0;
    %pushi/vec4 0, 0, 256;
    %load/vec4 v0x555556ef39e0_0;
    %muli 16, 0, 32;
    %part/s 16;
    %pushi/vec4 176, 0, 32;
    %load/vec4 v0x555556ef39e0_0;
    %add;
    %ix/vec4/s 4;
    %store/vec4a v0x555556ef3ac0, 4, 0;
    %pushi/vec4 0, 0, 256;
    %load/vec4 v0x555556ef39e0_0;
    %muli 16, 0, 32;
    %part/s 16;
    %pushi/vec4 192, 0, 32;
    %load/vec4 v0x555556ef39e0_0;
    %add;
    %ix/vec4/s 4;
    %store/vec4a v0x555556ef3ac0, 4, 0;
    %pushi/vec4 0, 0, 256;
    %load/vec4 v0x555556ef39e0_0;
    %muli 16, 0, 32;
    %part/s 16;
    %pushi/vec4 208, 0, 32;
    %load/vec4 v0x555556ef39e0_0;
    %add;
    %ix/vec4/s 4;
    %store/vec4a v0x555556ef3ac0, 4, 0;
    %pushi/vec4 0, 0, 256;
    %load/vec4 v0x555556ef39e0_0;
    %muli 16, 0, 32;
    %part/s 16;
    %pushi/vec4 224, 0, 32;
    %load/vec4 v0x555556ef39e0_0;
    %add;
    %ix/vec4/s 4;
    %store/vec4a v0x555556ef3ac0, 4, 0;
    %pushi/vec4 0, 0, 256;
    %load/vec4 v0x555556ef39e0_0;
    %muli 16, 0, 32;
    %part/s 16;
    %pushi/vec4 240, 0, 32;
    %load/vec4 v0x555556ef39e0_0;
    %add;
    %ix/vec4/s 4;
    %store/vec4a v0x555556ef3ac0, 4, 0;
T_93.2 ; for-loop step statement
    %load/vec4 v0x555556ef39e0_0;
    %addi 1, 0, 32;
    %store/vec4 v0x555556ef39e0_0, 0, 32;
    %jmp T_93.0;
T_93.1 ; for-loop exit label
    %end;
    .thread T_93;
    .scope S_0x555556ef0480;
T_94 ;
    %wait E_0x555556ef24f0;
    %load/vec4 v0x555556ef3840_0;
    %flag_set/vec4 9;
    %flag_get/vec4 9;
    %jmp/0 T_94.2, 9;
    %load/vec4 v0x555556ef35c0_0;
    %and;
T_94.2;
    %flag_set/vec4 8;
    %jmp/0xz  T_94.0, 8;
    %load/vec4 v0x555556ef3900_0;
    %parti/s 1, 0, 2;
    %nor/r;
    %flag_set/vec4 8;
    %jmp/0xz  T_94.3, 8;
    %load/vec4 v0x555556ef3760_0;
    %parti/s 1, 0, 2;
    %load/vec4 v0x555556ef3420_0;
    %parti/s 8, 0, 2;
    %pad/u 10;
    %ix/vec4 3;
    %ix/load 4, 0, 0; Constant delay
    %assign/vec4/a/d v0x555556ef3ac0, 0, 4;
T_94.3 ;
    %load/vec4 v0x555556ef3900_0;
    %parti/s 1, 1, 2;
    %nor/r;
    %flag_set/vec4 8;
    %jmp/0xz  T_94.5, 8;
    %load/vec4 v0x555556ef3760_0;
    %parti/s 1, 1, 2;
    %load/vec4 v0x555556ef3420_0;
    %parti/s 8, 0, 2;
    %pad/u 10;
    %ix/vec4 3;
    %ix/load 4, 1, 0; part off
    %ix/load 5, 0, 0; Constant delay
    %assign/vec4/a/d v0x555556ef3ac0, 4, 5;
T_94.5 ;
    %load/vec4 v0x555556ef3900_0;
    %parti/s 1, 2, 3;
    %nor/r;
    %flag_set/vec4 8;
    %jmp/0xz  T_94.7, 8;
    %load/vec4 v0x555556ef3760_0;
    %parti/s 1, 2, 3;
    %load/vec4 v0x555556ef3420_0;
    %parti/s 8, 0, 2;
    %pad/u 10;
    %ix/vec4 3;
    %ix/load 4, 2, 0; part off
    %ix/load 5, 0, 0; Constant delay
    %assign/vec4/a/d v0x555556ef3ac0, 4, 5;
T_94.7 ;
    %load/vec4 v0x555556ef3900_0;
    %parti/s 1, 3, 3;
    %nor/r;
    %flag_set/vec4 8;
    %jmp/0xz  T_94.9, 8;
    %load/vec4 v0x555556ef3760_0;
    %parti/s 1, 3, 3;
    %load/vec4 v0x555556ef3420_0;
    %parti/s 8, 0, 2;
    %pad/u 10;
    %ix/vec4 3;
    %ix/load 4, 3, 0; part off
    %ix/load 5, 0, 0; Constant delay
    %assign/vec4/a/d v0x555556ef3ac0, 4, 5;
T_94.9 ;
    %load/vec4 v0x555556ef3900_0;
    %parti/s 1, 4, 4;
    %nor/r;
    %flag_set/vec4 8;
    %jmp/0xz  T_94.11, 8;
    %load/vec4 v0x555556ef3760_0;
    %parti/s 1, 4, 4;
    %load/vec4 v0x555556ef3420_0;
    %parti/s 8, 0, 2;
    %pad/u 10;
    %ix/vec4 3;
    %ix/load 4, 4, 0; part off
    %ix/load 5, 0, 0; Constant delay
    %assign/vec4/a/d v0x555556ef3ac0, 4, 5;
T_94.11 ;
    %load/vec4 v0x555556ef3900_0;
    %parti/s 1, 5, 4;
    %nor/r;
    %flag_set/vec4 8;
    %jmp/0xz  T_94.13, 8;
    %load/vec4 v0x555556ef3760_0;
    %parti/s 1, 5, 4;
    %load/vec4 v0x555556ef3420_0;
    %parti/s 8, 0, 2;
    %pad/u 10;
    %ix/vec4 3;
    %ix/load 4, 5, 0; part off
    %ix/load 5, 0, 0; Constant delay
    %assign/vec4/a/d v0x555556ef3ac0, 4, 5;
T_94.13 ;
    %load/vec4 v0x555556ef3900_0;
    %parti/s 1, 6, 4;
    %nor/r;
    %flag_set/vec4 8;
    %jmp/0xz  T_94.15, 8;
    %load/vec4 v0x555556ef3760_0;
    %parti/s 1, 6, 4;
    %load/vec4 v0x555556ef3420_0;
    %parti/s 8, 0, 2;
    %pad/u 10;
    %ix/vec4 3;
    %ix/load 4, 6, 0; part off
    %ix/load 5, 0, 0; Constant delay
    %assign/vec4/a/d v0x555556ef3ac0, 4, 5;
T_94.15 ;
    %load/vec4 v0x555556ef3900_0;
    %parti/s 1, 7, 4;
    %nor/r;
    %flag_set/vec4 8;
    %jmp/0xz  T_94.17, 8;
    %load/vec4 v0x555556ef3760_0;
    %parti/s 1, 7, 4;
    %load/vec4 v0x555556ef3420_0;
    %parti/s 8, 0, 2;
    %pad/u 10;
    %ix/vec4 3;
    %ix/load 4, 7, 0; part off
    %ix/load 5, 0, 0; Constant delay
    %assign/vec4/a/d v0x555556ef3ac0, 4, 5;
T_94.17 ;
    %load/vec4 v0x555556ef3900_0;
    %parti/s 1, 8, 5;
    %nor/r;
    %flag_set/vec4 8;
    %jmp/0xz  T_94.19, 8;
    %load/vec4 v0x555556ef3760_0;
    %parti/s 1, 8, 5;
    %load/vec4 v0x555556ef3420_0;
    %parti/s 8, 0, 2;
    %pad/u 10;
    %ix/vec4 3;
    %ix/load 4, 8, 0; part off
    %ix/load 5, 0, 0; Constant delay
    %assign/vec4/a/d v0x555556ef3ac0, 4, 5;
T_94.19 ;
    %load/vec4 v0x555556ef3900_0;
    %parti/s 1, 9, 5;
    %nor/r;
    %flag_set/vec4 8;
    %jmp/0xz  T_94.21, 8;
    %load/vec4 v0x555556ef3760_0;
    %parti/s 1, 9, 5;
    %load/vec4 v0x555556ef3420_0;
    %parti/s 8, 0, 2;
    %pad/u 10;
    %ix/vec4 3;
    %ix/load 4, 9, 0; part off
    %ix/load 5, 0, 0; Constant delay
    %assign/vec4/a/d v0x555556ef3ac0, 4, 5;
T_94.21 ;
    %load/vec4 v0x555556ef3900_0;
    %parti/s 1, 10, 5;
    %nor/r;
    %flag_set/vec4 8;
    %jmp/0xz  T_94.23, 8;
    %load/vec4 v0x555556ef3760_0;
    %parti/s 1, 10, 5;
    %load/vec4 v0x555556ef3420_0;
    %parti/s 8, 0, 2;
    %pad/u 10;
    %ix/vec4 3;
    %ix/load 4, 10, 0; part off
    %ix/load 5, 0, 0; Constant delay
    %assign/vec4/a/d v0x555556ef3ac0, 4, 5;
T_94.23 ;
    %load/vec4 v0x555556ef3900_0;
    %parti/s 1, 11, 5;
    %nor/r;
    %flag_set/vec4 8;
    %jmp/0xz  T_94.25, 8;
    %load/vec4 v0x555556ef3760_0;
    %parti/s 1, 11, 5;
    %load/vec4 v0x555556ef3420_0;
    %parti/s 8, 0, 2;
    %pad/u 10;
    %ix/vec4 3;
    %ix/load 4, 11, 0; part off
    %ix/load 5, 0, 0; Constant delay
    %assign/vec4/a/d v0x555556ef3ac0, 4, 5;
T_94.25 ;
    %load/vec4 v0x555556ef3900_0;
    %parti/s 1, 12, 5;
    %nor/r;
    %flag_set/vec4 8;
    %jmp/0xz  T_94.27, 8;
    %load/vec4 v0x555556ef3760_0;
    %parti/s 1, 12, 5;
    %load/vec4 v0x555556ef3420_0;
    %parti/s 8, 0, 2;
    %pad/u 10;
    %ix/vec4 3;
    %ix/load 4, 12, 0; part off
    %ix/load 5, 0, 0; Constant delay
    %assign/vec4/a/d v0x555556ef3ac0, 4, 5;
T_94.27 ;
    %load/vec4 v0x555556ef3900_0;
    %parti/s 1, 13, 5;
    %nor/r;
    %flag_set/vec4 8;
    %jmp/0xz  T_94.29, 8;
    %load/vec4 v0x555556ef3760_0;
    %parti/s 1, 13, 5;
    %load/vec4 v0x555556ef3420_0;
    %parti/s 8, 0, 2;
    %pad/u 10;
    %ix/vec4 3;
    %ix/load 4, 13, 0; part off
    %ix/load 5, 0, 0; Constant delay
    %assign/vec4/a/d v0x555556ef3ac0, 4, 5;
T_94.29 ;
    %load/vec4 v0x555556ef3900_0;
    %parti/s 1, 14, 5;
    %nor/r;
    %flag_set/vec4 8;
    %jmp/0xz  T_94.31, 8;
    %load/vec4 v0x555556ef3760_0;
    %parti/s 1, 14, 5;
    %load/vec4 v0x555556ef3420_0;
    %parti/s 8, 0, 2;
    %pad/u 10;
    %ix/vec4 3;
    %ix/load 4, 14, 0; part off
    %ix/load 5, 0, 0; Constant delay
    %assign/vec4/a/d v0x555556ef3ac0, 4, 5;
T_94.31 ;
    %load/vec4 v0x555556ef3900_0;
    %parti/s 1, 15, 5;
    %nor/r;
    %flag_set/vec4 8;
    %jmp/0xz  T_94.33, 8;
    %load/vec4 v0x555556ef3760_0;
    %parti/s 1, 15, 5;
    %load/vec4 v0x555556ef3420_0;
    %parti/s 8, 0, 2;
    %pad/u 10;
    %ix/vec4 3;
    %ix/load 4, 15, 0; part off
    %ix/load 5, 0, 0; Constant delay
    %assign/vec4/a/d v0x555556ef3ac0, 4, 5;
T_94.33 ;
T_94.0 ;
    %jmp T_94;
    .thread T_94;
    .scope S_0x555556ef0480;
T_95 ;
    %wait E_0x555556ef2470;
    %load/vec4 v0x555556ef3280_0;
    %flag_set/vec4 9;
    %flag_get/vec4 9;
    %jmp/0 T_95.2, 9;
    %load/vec4 v0x555556ef2fb0_0;
    %and;
T_95.2;
    %flag_set/vec4 8;
    %jmp/0xz  T_95.0, 8;
    %load/vec4 v0x555556ef2e00_0;
    %parti/s 8, 0, 2;
    %pad/u 10;
    %ix/vec4 4;
    %load/vec4a v0x555556ef3ac0, 4;
    %load/vec4 v0x555556ef3340_0;
    %inv;
    %and;
    %assign/vec4 v0x555556ef31a0_0, 0;
T_95.0 ;
    %jmp T_95;
    .thread T_95;
    .scope S_0x555556d27b90;
T_96 ;
    %wait E_0x555556ef8440;
    %pushi/vec4 0, 0, 32;
    %store/vec4 v0x555556ef8d60_0, 0, 32;
T_96.0 ; Top of for-loop
    %load/vec4 v0x555556ef8d60_0;
    %cmpi/s 16383, 0, 32;
    %flag_or 5, 4;
	  %jmp/0xz T_96.1, 5;
    %pushi/vec4 65535, 65535, 16;
    %ix/getv/s 4, v0x555556ef8d60_0;
    %store/vec4a v0x555556ef8e40, 4, 0;
T_96.2 ; for-loop step statement
    %load/vec4 v0x555556ef8d60_0;
    %addi 1, 0, 32;
    %store/vec4 v0x555556ef8d60_0, 0, 32;
    %jmp T_96.0;
T_96.1 ; for-loop exit label
    %jmp T_96;
    .thread T_96;
    .scope S_0x555556d27b90;
T_97 ;
    %wait E_0x555556ef83c0;
    %load/vec4 v0x555556ef8f00_0;
    %flag_set/vec4 8;
    %jmp/0xz  T_97.0, 8;
    %pushi/vec4 0, 0, 16;
    %assign/vec4 v0x555556ef87e0_0, 0;
    %jmp T_97.1;
T_97.0 ;
    %load/vec4 v0x555556ef8b20_0;
    %flag_set/vec4 8;
    %jmp/0xz  T_97.2, 8;
    %pushi/vec4 65535, 65535, 16;
    %assign/vec4 v0x555556ef87e0_0, 0;
    %jmp T_97.3;
T_97.2 ;
    %load/vec4 v0x555556ef85a0_0;
    %flag_set/vec4 8;
    %jmp/0xz  T_97.4, 8;
    %load/vec4 v0x555556ef8be0_0;
    %nor/r;
    %flag_set/vec4 8;
    %jmp/0xz  T_97.6, 8;
    %load/vec4 v0x555556ef84a0_0;
    %pad/u 16;
    %ix/vec4 4;
    %load/vec4a v0x555556ef8e40, 4;
    %assign/vec4 v0x555556ef87e0_0, 0;
    %jmp T_97.7;
T_97.6 ;
    %load/vec4 v0x555556ef88c0_0;
    %parti/s 1, 0, 2;
    %flag_set/vec4 8;
    %jmp/0xz  T_97.8, 8;
    %load/vec4 v0x555556ef8700_0;
    %parti/s 4, 0, 2;
    %load/vec4 v0x555556ef84a0_0;
    %pad/u 16;
    %ix/vec4 3;
    %ix/load 4, 0, 0; Constant delay
    %assign/vec4/a/d v0x555556ef8e40, 0, 4;
T_97.8 ;
    %load/vec4 v0x555556ef88c0_0;
    %parti/s 1, 1, 2;
    %flag_set/vec4 8;
    %jmp/0xz  T_97.10, 8;
    %load/vec4 v0x555556ef8700_0;
    %parti/s 4, 4, 4;
    %load/vec4 v0x555556ef84a0_0;
    %pad/u 16;
    %ix/vec4 3;
    %ix/load 4, 4, 0; part off
    %ix/load 5, 0, 0; Constant delay
    %assign/vec4/a/d v0x555556ef8e40, 4, 5;
T_97.10 ;
    %load/vec4 v0x555556ef88c0_0;
    %parti/s 1, 2, 3;
    %flag_set/vec4 8;
    %jmp/0xz  T_97.12, 8;
    %load/vec4 v0x555556ef8700_0;
    %parti/s 4, 8, 5;
    %load/vec4 v0x555556ef84a0_0;
    %pad/u 16;
    %ix/vec4 3;
    %ix/load 4, 8, 0; part off
    %ix/load 5, 0, 0; Constant delay
    %assign/vec4/a/d v0x555556ef8e40, 4, 5;
T_97.12 ;
    %load/vec4 v0x555556ef88c0_0;
    %parti/s 1, 3, 3;
    %flag_set/vec4 8;
    %jmp/0xz  T_97.14, 8;
    %load/vec4 v0x555556ef8700_0;
    %parti/s 4, 12, 5;
    %load/vec4 v0x555556ef84a0_0;
    %pad/u 16;
    %ix/vec4 3;
    %ix/load 4, 12, 0; part off
    %ix/load 5, 0, 0; Constant delay
    %assign/vec4/a/d v0x555556ef8e40, 4, 5;
T_97.14 ;
    %pushi/vec4 65535, 65535, 16;
    %assign/vec4 v0x555556ef87e0_0, 0;
T_97.7 ;
T_97.4 ;
T_97.3 ;
T_97.1 ;
    %jmp T_97;
    .thread T_97;
# The file index is used to find the file name in the following table.
:file_names 8;
    "N/A";
    "<interactive>";
    "-";
    "/home/xpektra/.apio/packages/oss-cad-suite/share/yosys/ice40/cells_sim.v";
    "./../../01_Boolean_Logic/Nand.v";
    "Not_tb.v";
    "./../../01_Boolean_Logic/Not.v";
    "top.v";
