#! /home/xpektra/.apio/packages/oss-cad-suite/bin/vvp
:ivl_version "13.0 (devel)" "(s20250103-66-gd67d3323a)";
:ivl_delay_selection "TYPICAL";
:vpi_time_precision - 12;
:vpi_module "/home/xpektra/.apio/packages/oss-cad-suite/lib/ivl/system.vpi";
:vpi_module "/home/xpektra/.apio/packages/oss-cad-suite/lib/ivl/vhdl_sys.vpi";
:vpi_module "/home/xpektra/.apio/packages/oss-cad-suite/lib/ivl/vhdl_textio.vpi";
:vpi_module "/home/xpektra/.apio/packages/oss-cad-suite/lib/ivl/v2005_math.vpi";
:vpi_module "/home/xpektra/.apio/packages/oss-cad-suite/lib/ivl/va_math.vpi";
:vpi_module "/home/xpektra/.apio/packages/oss-cad-suite/lib/ivl/v2009.vpi";
S_0x55557d75d890 .scope package, "$unit" "$unit" 2 1;
 .timescale 0 0;
S_0x55557d900c90 .scope module, "And" "And" 3 8;
 .timescale -12 -12;
    .port_info 0 /INPUT 1 "a";
    .port_info 1 /INPUT 1 "b";
    .port_info 2 /OUTPUT 1 "out";
o0x7efc3e72f018 .functor BUFZ 1, c4<z>; HiZ drive
o0x7efc3e72f048 .functor BUFZ 1, c4<z>; HiZ drive
L_0x55557d93fac0 .functor AND 1, o0x7efc3e72f018, o0x7efc3e72f048, C4<1>, C4<1>;
v0x55557d8a1f90_0 .net "a", 0 0, o0x7efc3e72f018;  0 drivers
v0x55557d86bef0_0 .net "b", 0 0, o0x7efc3e72f048;  0 drivers
v0x55557d86afa0_0 .net "out", 0 0, L_0x55557d93fac0;  1 drivers
S_0x55557d8c8220 .scope module, "Buffer" "Buffer" 4 7;
 .timescale -12 -12;
    .port_info 0 /INPUT 1 "in";
    .port_info 1 /OUTPUT 1 "out";
o0x7efc3e72f138 .functor BUFZ 1, c4<z>; HiZ drive
L_0x55557d93fb90 .functor BUFZ 1, o0x7efc3e72f138, C4<0>, C4<0>, C4<0>;
v0x55557d86a050_0 .net "in", 0 0, o0x7efc3e72f138;  0 drivers
v0x55557d869100_0 .net "out", 0 0, L_0x55557d93fb90;  1 drivers
S_0x55557d8c8d70 .scope module, "DMux_tb" "DMux_tb" 5 2;
 .timescale -12 -12;
L_0x55557d93ffb0 .functor NOT 1, v0x55557d6bbb90_0, C4<0>, C4<0>, C4<0>;
L_0x55557d9400d0 .functor AND 1, L_0x55557d93ffb0, v0x55557d6bbaf0_0, C4<1>, C4<1>;
L_0x55557d9401f0 .functor AND 1, v0x55557d6bbb90_0, v0x55557d6bbaf0_0, C4<1>, C4<1>;
v0x55557d6b7130_0 .net *"_ivl_0", 0 0, L_0x55557d93ffb0;  1 drivers
v0x55557d6b7210_0 .net "a", 0 0, L_0x55557d93fc90;  1 drivers
v0x55557d6b72d0_0 .net "a_cmp", 0 0, L_0x55557d9400d0;  1 drivers
v0x55557d6b73a0_0 .net "b", 0 0, L_0x55557d93fe70;  1 drivers
v0x55557d6bb960_0 .net "b_cmp", 0 0, L_0x55557d9401f0;  1 drivers
v0x55557d6bba50_0 .var "fail", 0 0;
v0x55557d6bbaf0_0 .var "in", 0 0;
v0x55557d6bbb90_0 .var "sel", 0 0;
S_0x55557d6ba0f0 .scope module, "DMUX" "DMux" 5 9, 6 8 0, S_0x55557d8c8d70;
 .timescale -12 -12;
    .port_info 0 /INPUT 1 "in";
    .port_info 1 /INPUT 1 "sel";
    .port_info 2 /OUTPUT 1 "a";
    .port_info 3 /OUTPUT 1 "b";
L_0x7efc3e2d0018 .functor BUFT 1, C4<0>, C4<0>, C4<0>, C4<0>;
v0x55557d8681b0_0 .net/2u *"_ivl_0", 0 0, L_0x7efc3e2d0018;  1 drivers
L_0x7efc3e2d0060 .functor BUFT 1, C4<0>, C4<0>, C4<0>, C4<0>;
v0x55557d867350_0 .net/2u *"_ivl_4", 0 0, L_0x7efc3e2d0060;  1 drivers
v0x55557d6ba400_0 .net "a", 0 0, L_0x55557d93fc90;  alias, 1 drivers
v0x55557d6ba4a0_0 .net "b", 0 0, L_0x55557d93fe70;  alias, 1 drivers
v0x55557d6ba560_0 .net "in", 0 0, v0x55557d6bbaf0_0;  1 drivers
v0x55557d6afe60_0 .net "sel", 0 0, v0x55557d6bbb90_0;  1 drivers
L_0x55557d93fc90 .functor MUXZ 1, v0x55557d6bbaf0_0, L_0x7efc3e2d0018, v0x55557d6bbb90_0, C4<>;
L_0x55557d93fe70 .functor MUXZ 1, L_0x7efc3e2d0060, v0x55557d6bbaf0_0, v0x55557d6bbb90_0, C4<>;
S_0x55557d6b6f30 .scope task, "check" "check" 5 22, 5 22 0, S_0x55557d8c8d70;
 .timescale -12 -12;
TD_DMux_tb.check ;
    %delay 1, 0;
    %load/vec4 v0x55557d6b7210_0;
    %load/vec4 v0x55557d6b72d0_0;
    %cmp/ne;
    %jmp/1 T_0.2, 4;
    %flag_mov 8, 4;
    %load/vec4 v0x55557d6b73a0_0;
    %load/vec4 v0x55557d6bb960_0;
    %cmp/ne;
    %flag_or 4, 8;
T_0.2;
    %jmp/0xz  T_0.0, 4;
    %vpi_call/w 5 26 "$display", "FAIL: in=%1b, sel=%1b, a=%1b, b=%1b", v0x55557d6bbaf0_0, v0x55557d6bbb90_0, v0x55557d6b7210_0, v0x55557d6b73a0_0 {0 0 0};
    %pushi/vec4 1, 0, 1;
    %store/vec4 v0x55557d6bba50_0, 0, 1;
T_0.0 ;
    %end;
S_0x55557d8ca100 .scope module, "ICESTORM_LC" "ICESTORM_LC" 7 2136;
 .timescale -12 -12;
    .port_info 0 /INPUT 1 "I0";
    .port_info 1 /INPUT 1 "I1";
    .port_info 2 /INPUT 1 "I2";
    .port_info 3 /INPUT 1 "I3";
    .port_info 4 /INPUT 1 "CIN";
    .port_info 5 /INPUT 1 "CLK";
    .port_info 6 /INPUT 1 "CEN";
    .port_info 7 /INPUT 1 "SR";
    .port_info 8 /OUTPUT 1 "LO";
    .port_info 9 /OUTPUT 1 "O";
    .port_info 10 /OUTPUT 1 "COUT";
P_0x55557d8c56c0 .param/l "ASYNC_SR" 0 7 2148, C4<0>;
P_0x55557d8c5700 .param/l "CARRY_ENABLE" 0 7 2145, C4<0>;
P_0x55557d8c5740 .param/l "CIN_CONST" 0 7 2150, C4<0>;
P_0x55557d8c5780 .param/l "CIN_SET" 0 7 2151, C4<0>;
P_0x55557d8c57c0 .param/l "DFF_ENABLE" 0 7 2146, C4<0>;
P_0x55557d8c5800 .param/l "LUT_INIT" 0 7 2142, C4<0000000000000000>;
P_0x55557d8c5840 .param/l "NEG_CLK" 0 7 2144, C4<0>;
P_0x55557d8c5880 .param/l "SET_NORESET" 0 7 2147, C4<0>;
o0x7efc3e72f4f8 .functor BUFZ 1, c4<z>; HiZ drive
L_0x55557d941300 .functor BUFZ 1, o0x7efc3e72f4f8, C4<0>, C4<0>, C4<0>;
L_0x55557d941170 .functor BUFZ 1, L_0x55557d941f30, C4<0>, C4<0>, C4<0>;
o0x7efc3e72f528 .functor BUFZ 1, c4<z>; HiZ drive
L_0x7efc3e2d0330 .functor BUFT 1, C4<0>, C4<0>, C4<0>, C4<0>;
L_0x55557d9421d0 .functor XOR 1, o0x7efc3e72f528, L_0x7efc3e2d0330, C4<0>, C4<0>;
L_0x55557d942290 .functor BUFZ 1, L_0x55557d941f30, C4<0>, C4<0>, C4<0>;
o0x7efc3e72f498 .functor BUFZ 1, c4<z>; HiZ drive
v0x55557d6bbd20_0 .net "CEN", 0 0, o0x7efc3e72f498;  0 drivers
v0x55557d6bbdc0_0 .net "CEN_pu", 0 0, L_0x55557d9410d0;  1 drivers
v0x55557d6b87a0_0 .net "CIN", 0 0, o0x7efc3e72f4f8;  0 drivers
v0x55557d6b8840_0 .net "CLK", 0 0, o0x7efc3e72f528;  0 drivers
L_0x7efc3e2d0258 .functor BUFT 1, C4<x>, C4<0>, C4<0>, C4<0>;
v0x55557d6b8900_0 .net "COUT", 0 0, L_0x7efc3e2d0258;  1 drivers
o0x7efc3e72f588 .functor BUFZ 1, c4<z>; HiZ drive
v0x55557d6b8a10_0 .net "I0", 0 0, o0x7efc3e72f588;  0 drivers
v0x55557d6b8ad0_0 .net "I0_pd", 0 0, L_0x55557d940390;  1 drivers
o0x7efc3e72f5e8 .functor BUFZ 1, c4<z>; HiZ drive
v0x55557d6b8b90_0 .net "I1", 0 0, o0x7efc3e72f5e8;  0 drivers
v0x55557d6b8c50_0 .net "I1_pd", 0 0, L_0x55557d9405d0;  1 drivers
o0x7efc3e72f648 .functor BUFZ 1, c4<z>; HiZ drive
v0x55557d6ca6c0_0 .net "I2", 0 0, o0x7efc3e72f648;  0 drivers
v0x55557d6ca780_0 .net "I2_pd", 0 0, L_0x55557d9408e0;  1 drivers
o0x7efc3e72f6a8 .functor BUFZ 1, c4<z>; HiZ drive
v0x55557d6ca840_0 .net "I3", 0 0, o0x7efc3e72f6a8;  0 drivers
v0x55557d6ca900_0 .net "I3_pd", 0 0, L_0x55557d940b50;  1 drivers
v0x55557d6ca9c0_0 .net "LO", 0 0, L_0x55557d941170;  1 drivers
v0x55557d6caa80_0 .net "O", 0 0, L_0x55557d942290;  1 drivers
o0x7efc3e72f768 .functor BUFZ 1, c4<z>; HiZ drive
v0x55557d6c7450_0 .net "SR", 0 0, o0x7efc3e72f768;  0 drivers
v0x55557d6c74f0_0 .net "SR_pd", 0 0, L_0x55557d940e30;  1 drivers
o0x7efc3e72f7c8 .functor BUFZ 1, c4<z>; HiZ drive
; Elide local net with no drivers, v0x55557d6c76c0_0 name=_ivl_0
v0x55557d6c77a0_0 .net *"_ivl_10", 0 0, L_0x55557d940500;  1 drivers
L_0x7efc3e2d00f0 .functor BUFT 1, C4<0>, C4<0>, C4<0>, C4<0>;
v0x55557d6c7860_0 .net/2u *"_ivl_12", 0 0, L_0x7efc3e2d00f0;  1 drivers
o0x7efc3e72f858 .functor BUFZ 1, c4<z>; HiZ drive
; Elide local net with no drivers, v0x55557d6cbe80_0 name=_ivl_16
v0x55557d6cbf60_0 .net *"_ivl_18", 0 0, L_0x55557d9407c0;  1 drivers
v0x55557d6cc020_0 .net *"_ivl_2", 0 0, L_0x55557d940260;  1 drivers
L_0x7efc3e2d0138 .functor BUFT 1, C4<0>, C4<0>, C4<0>, C4<0>;
v0x55557d6cc0e0_0 .net/2u *"_ivl_20", 0 0, L_0x7efc3e2d0138;  1 drivers
o0x7efc3e72f918 .functor BUFZ 1, c4<z>; HiZ drive
; Elide local net with no drivers, v0x55557d6cc1c0_0 name=_ivl_24
v0x55557d6cc2a0_0 .net *"_ivl_26", 0 0, L_0x55557d940ab0;  1 drivers
L_0x7efc3e2d0180 .functor BUFT 1, C4<0>, C4<0>, C4<0>, C4<0>;
v0x55557d6c8cc0_0 .net/2u *"_ivl_28", 0 0, L_0x7efc3e2d0180;  1 drivers
o0x7efc3e72f9a8 .functor BUFZ 1, c4<z>; HiZ drive
; Elide local net with no drivers, v0x55557d6c8da0_0 name=_ivl_32
v0x55557d6c8e80_0 .net *"_ivl_34", 0 0, L_0x55557d940d60;  1 drivers
L_0x7efc3e2d01c8 .functor BUFT 1, C4<0>, C4<0>, C4<0>, C4<0>;
v0x55557d6c8f40_0 .net/2u *"_ivl_36", 0 0, L_0x7efc3e2d01c8;  1 drivers
L_0x7efc3e2d00a8 .functor BUFT 1, C4<0>, C4<0>, C4<0>, C4<0>;
v0x55557d6c9020_0 .net/2u *"_ivl_4", 0 0, L_0x7efc3e2d00a8;  1 drivers
o0x7efc3e72fa68 .functor BUFZ 1, c4<z>; HiZ drive
; Elide local net with no drivers, v0x55557d6c9100_0 name=_ivl_40
v0x55557d6d1370_0 .net *"_ivl_42", 0 0, L_0x55557d941000;  1 drivers
L_0x7efc3e2d0210 .functor BUFT 1, C4<1>, C4<0>, C4<0>, C4<0>;
v0x55557d6d1640_0 .net/2u *"_ivl_44", 0 0, L_0x7efc3e2d0210;  1 drivers
L_0x7efc3e2d02a0 .functor BUFT 1, C4<00000000>, C4<0>, C4<0>, C4<0>;
v0x55557d6d1720_0 .net/2u *"_ivl_52", 7 0, L_0x7efc3e2d02a0;  1 drivers
L_0x7efc3e2d02e8 .functor BUFT 1, C4<00000000>, C4<0>, C4<0>, C4<0>;
v0x55557d6d1800_0 .net/2u *"_ivl_54", 7 0, L_0x7efc3e2d02e8;  1 drivers
v0x55557d6cd7d0_0 .net *"_ivl_59", 3 0, L_0x55557d9415a0;  1 drivers
v0x55557d6cd8b0_0 .net *"_ivl_61", 3 0, L_0x55557d941710;  1 drivers
v0x55557d6cd990_0 .net *"_ivl_65", 1 0, L_0x55557d9419d0;  1 drivers
v0x55557d6cda70_0 .net *"_ivl_67", 1 0, L_0x55557d941ac0;  1 drivers
v0x55557d6cdb50_0 .net *"_ivl_71", 0 0, L_0x55557d941d90;  1 drivers
v0x55557d6cdc30_0 .net *"_ivl_73", 0 0, L_0x55557d941b60;  1 drivers
v0x55557d6d3260_0 .net/2u *"_ivl_78", 0 0, L_0x7efc3e2d0330;  1 drivers
o0x7efc3e72fca8 .functor BUFZ 1, c4<z>; HiZ drive
; Elide local net with no drivers, v0x55557d6d3340_0 name=_ivl_8
v0x55557d6d3420_0 .net "lut_o", 0 0, L_0x55557d941f30;  1 drivers
v0x55557d6d34e0_0 .net "lut_s1", 1 0, L_0x55557d941c00;  1 drivers
v0x55557d6d35c0_0 .net "lut_s2", 3 0, L_0x55557d9417b0;  1 drivers
v0x55557d6d36a0_0 .net "lut_s3", 7 0, L_0x55557d941460;  1 drivers
v0x55557d6cf6c0_0 .net "mux_cin", 0 0, L_0x55557d941300;  1 drivers
v0x55557d6cf780_0 .var "o_reg", 0 0;
v0x55557d6cf840_0 .var "o_reg_async", 0 0;
v0x55557d6cf900_0 .net "polarized_clk", 0 0, L_0x55557d9421d0;  1 drivers
E_0x55557d6bbc60 .event posedge, v0x55557d6c74f0_0, v0x55557d6cf900_0;
E_0x55557d6bbcc0 .event posedge, v0x55557d6cf900_0;
L_0x55557d940260 .cmp/eeq 1, o0x7efc3e72f588, o0x7efc3e72f7c8;
L_0x55557d940390 .functor MUXZ 1, o0x7efc3e72f588, L_0x7efc3e2d00a8, L_0x55557d940260, C4<>;
L_0x55557d940500 .cmp/eeq 1, o0x7efc3e72f5e8, o0x7efc3e72fca8;
L_0x55557d9405d0 .functor MUXZ 1, o0x7efc3e72f5e8, L_0x7efc3e2d00f0, L_0x55557d940500, C4<>;
L_0x55557d9407c0 .cmp/eeq 1, o0x7efc3e72f648, o0x7efc3e72f858;
L_0x55557d9408e0 .functor MUXZ 1, o0x7efc3e72f648, L_0x7efc3e2d0138, L_0x55557d9407c0, C4<>;
L_0x55557d940ab0 .cmp/eeq 1, o0x7efc3e72f6a8, o0x7efc3e72f918;
L_0x55557d940b50 .functor MUXZ 1, o0x7efc3e72f6a8, L_0x7efc3e2d0180, L_0x55557d940ab0, C4<>;
L_0x55557d940d60 .cmp/eeq 1, o0x7efc3e72f768, o0x7efc3e72f9a8;
L_0x55557d940e30 .functor MUXZ 1, o0x7efc3e72f768, L_0x7efc3e2d01c8, L_0x55557d940d60, C4<>;
L_0x55557d941000 .cmp/eeq 1, o0x7efc3e72f498, o0x7efc3e72fa68;
L_0x55557d9410d0 .functor MUXZ 1, o0x7efc3e72f498, L_0x7efc3e2d0210, L_0x55557d941000, C4<>;
L_0x55557d941460 .functor MUXZ 8, L_0x7efc3e2d02e8, L_0x7efc3e2d02a0, L_0x55557d940b50, C4<>;
L_0x55557d9415a0 .part L_0x55557d941460, 4, 4;
L_0x55557d941710 .part L_0x55557d941460, 0, 4;
L_0x55557d9417b0 .functor MUXZ 4, L_0x55557d941710, L_0x55557d9415a0, L_0x55557d9408e0, C4<>;
L_0x55557d9419d0 .part L_0x55557d9417b0, 2, 2;
L_0x55557d941ac0 .part L_0x55557d9417b0, 0, 2;
L_0x55557d941c00 .functor MUXZ 2, L_0x55557d941ac0, L_0x55557d9419d0, L_0x55557d9405d0, C4<>;
L_0x55557d941d90 .part L_0x55557d941c00, 1, 1;
L_0x55557d941b60 .part L_0x55557d941c00, 0, 1;
L_0x55557d941f30 .functor MUXZ 1, L_0x55557d941b60, L_0x55557d941d90, L_0x55557d940390, C4<>;
S_0x55557d8f01b0 .scope module, "ICESTORM_RAM" "ICESTORM_RAM" 7 3167;
 .timescale -12 -12;
    .port_info 0 /OUTPUT 1 "RDATA_15";
    .port_info 1 /OUTPUT 1 "RDATA_14";
    .port_info 2 /OUTPUT 1 "RDATA_13";
    .port_info 3 /OUTPUT 1 "RDATA_12";
    .port_info 4 /OUTPUT 1 "RDATA_11";
    .port_info 5 /OUTPUT 1 "RDATA_10";
    .port_info 6 /OUTPUT 1 "RDATA_9";
    .port_info 7 /OUTPUT 1 "RDATA_8";
    .port_info 8 /OUTPUT 1 "RDATA_7";
    .port_info 9 /OUTPUT 1 "RDATA_6";
    .port_info 10 /OUTPUT 1 "RDATA_5";
    .port_info 11 /OUTPUT 1 "RDATA_4";
    .port_info 12 /OUTPUT 1 "RDATA_3";
    .port_info 13 /OUTPUT 1 "RDATA_2";
    .port_info 14 /OUTPUT 1 "RDATA_1";
    .port_info 15 /OUTPUT 1 "RDATA_0";
    .port_info 16 /INPUT 1 "RCLK";
    .port_info 17 /INPUT 1 "RCLKE";
    .port_info 18 /INPUT 1 "RE";
    .port_info 19 /INPUT 1 "RADDR_10";
    .port_info 20 /INPUT 1 "RADDR_9";
    .port_info 21 /INPUT 1 "RADDR_8";
    .port_info 22 /INPUT 1 "RADDR_7";
    .port_info 23 /INPUT 1 "RADDR_6";
    .port_info 24 /INPUT 1 "RADDR_5";
    .port_info 25 /INPUT 1 "RADDR_4";
    .port_info 26 /INPUT 1 "RADDR_3";
    .port_info 27 /INPUT 1 "RADDR_2";
    .port_info 28 /INPUT 1 "RADDR_1";
    .port_info 29 /INPUT 1 "RADDR_0";
    .port_info 30 /INPUT 1 "WCLK";
    .port_info 31 /INPUT 1 "WCLKE";
    .port_info 32 /INPUT 1 "WE";
    .port_info 33 /INPUT 1 "WADDR_10";
    .port_info 34 /INPUT 1 "WADDR_9";
    .port_info 35 /INPUT 1 "WADDR_8";
    .port_info 36 /INPUT 1 "WADDR_7";
    .port_info 37 /INPUT 1 "WADDR_6";
    .port_info 38 /INPUT 1 "WADDR_5";
    .port_info 39 /INPUT 1 "WADDR_4";
    .port_info 40 /INPUT 1 "WADDR_3";
    .port_info 41 /INPUT 1 "WADDR_2";
    .port_info 42 /INPUT 1 "WADDR_1";
    .port_info 43 /INPUT 1 "WADDR_0";
    .port_info 44 /INPUT 1 "MASK_15";
    .port_info 45 /INPUT 1 "MASK_14";
    .port_info 46 /INPUT 1 "MASK_13";
    .port_info 47 /INPUT 1 "MASK_12";
    .port_info 48 /INPUT 1 "MASK_11";
    .port_info 49 /INPUT 1 "MASK_10";
    .port_info 50 /INPUT 1 "MASK_9";
    .port_info 51 /INPUT 1 "MASK_8";
    .port_info 52 /INPUT 1 "MASK_7";
    .port_info 53 /INPUT 1 "MASK_6";
    .port_info 54 /INPUT 1 "MASK_5";
    .port_info 55 /INPUT 1 "MASK_4";
    .port_info 56 /INPUT 1 "MASK_3";
    .port_info 57 /INPUT 1 "MASK_2";
    .port_info 58 /INPUT 1 "MASK_1";
    .port_info 59 /INPUT 1 "MASK_0";
    .port_info 60 /INPUT 1 "WDATA_15";
    .port_info 61 /INPUT 1 "WDATA_14";
    .port_info 62 /INPUT 1 "WDATA_13";
    .port_info 63 /INPUT 1 "WDATA_12";
    .port_info 64 /INPUT 1 "WDATA_11";
    .port_info 65 /INPUT 1 "WDATA_10";
    .port_info 66 /INPUT 1 "WDATA_9";
    .port_info 67 /INPUT 1 "WDATA_8";
    .port_info 68 /INPUT 1 "WDATA_7";
    .port_info 69 /INPUT 1 "WDATA_6";
    .port_info 70 /INPUT 1 "WDATA_5";
    .port_info 71 /INPUT 1 "WDATA_4";
    .port_info 72 /INPUT 1 "WDATA_3";
    .port_info 73 /INPUT 1 "WDATA_2";
    .port_info 74 /INPUT 1 "WDATA_1";
    .port_info 75 /INPUT 1 "WDATA_0";
P_0x55557d6b3100 .param/l "INIT_0" 0 7 3182, C4<0000000000000000000000000000000000000000000000000000000000000000000000000000000000000000000000000000000000000000000000000000000000000000000000000000000000000000000000000000000000000000000000000000000000000000000000000000000000000000000000000000000000000000>;
P_0x55557d6b3140 .param/l "INIT_1" 0 7 3183, C4<0000000000000000000000000000000000000000000000000000000000000000000000000000000000000000000000000000000000000000000000000000000000000000000000000000000000000000000000000000000000000000000000000000000000000000000000000000000000000000000000000000000000000000>;
P_0x55557d6b3180 .param/l "INIT_2" 0 7 3184, C4<0000000000000000000000000000000000000000000000000000000000000000000000000000000000000000000000000000000000000000000000000000000000000000000000000000000000000000000000000000000000000000000000000000000000000000000000000000000000000000000000000000000000000000>;
P_0x55557d6b31c0 .param/l "INIT_3" 0 7 3185, C4<0000000000000000000000000000000000000000000000000000000000000000000000000000000000000000000000000000000000000000000000000000000000000000000000000000000000000000000000000000000000000000000000000000000000000000000000000000000000000000000000000000000000000000>;
P_0x55557d6b3200 .param/l "INIT_4" 0 7 3186, C4<0000000000000000000000000000000000000000000000000000000000000000000000000000000000000000000000000000000000000000000000000000000000000000000000000000000000000000000000000000000000000000000000000000000000000000000000000000000000000000000000000000000000000000>;
P_0x55557d6b3240 .param/l "INIT_5" 0 7 3187, C4<0000000000000000000000000000000000000000000000000000000000000000000000000000000000000000000000000000000000000000000000000000000000000000000000000000000000000000000000000000000000000000000000000000000000000000000000000000000000000000000000000000000000000000>;
P_0x55557d6b3280 .param/l "INIT_6" 0 7 3188, C4<0000000000000000000000000000000000000000000000000000000000000000000000000000000000000000000000000000000000000000000000000000000000000000000000000000000000000000000000000000000000000000000000000000000000000000000000000000000000000000000000000000000000000000>;
P_0x55557d6b32c0 .param/l "INIT_7" 0 7 3189, C4<0000000000000000000000000000000000000000000000000000000000000000000000000000000000000000000000000000000000000000000000000000000000000000000000000000000000000000000000000000000000000000000000000000000000000000000000000000000000000000000000000000000000000000>;
P_0x55557d6b3300 .param/l "INIT_8" 0 7 3190, C4<0000000000000000000000000000000000000000000000000000000000000000000000000000000000000000000000000000000000000000000000000000000000000000000000000000000000000000000000000000000000000000000000000000000000000000000000000000000000000000000000000000000000000000>;
P_0x55557d6b3340 .param/l "INIT_9" 0 7 3191, C4<0000000000000000000000000000000000000000000000000000000000000000000000000000000000000000000000000000000000000000000000000000000000000000000000000000000000000000000000000000000000000000000000000000000000000000000000000000000000000000000000000000000000000000>;
P_0x55557d6b3380 .param/l "INIT_A" 0 7 3192, C4<0000000000000000000000000000000000000000000000000000000000000000000000000000000000000000000000000000000000000000000000000000000000000000000000000000000000000000000000000000000000000000000000000000000000000000000000000000000000000000000000000000000000000000>;
P_0x55557d6b33c0 .param/l "INIT_B" 0 7 3193, C4<0000000000000000000000000000000000000000000000000000000000000000000000000000000000000000000000000000000000000000000000000000000000000000000000000000000000000000000000000000000000000000000000000000000000000000000000000000000000000000000000000000000000000000>;
P_0x55557d6b3400 .param/l "INIT_C" 0 7 3194, C4<0000000000000000000000000000000000000000000000000000000000000000000000000000000000000000000000000000000000000000000000000000000000000000000000000000000000000000000000000000000000000000000000000000000000000000000000000000000000000000000000000000000000000000>;
P_0x55557d6b3440 .param/l "INIT_D" 0 7 3195, C4<0000000000000000000000000000000000000000000000000000000000000000000000000000000000000000000000000000000000000000000000000000000000000000000000000000000000000000000000000000000000000000000000000000000000000000000000000000000000000000000000000000000000000000>;
P_0x55557d6b3480 .param/l "INIT_E" 0 7 3196, C4<0000000000000000000000000000000000000000000000000000000000000000000000000000000000000000000000000000000000000000000000000000000000000000000000000000000000000000000000000000000000000000000000000000000000000000000000000000000000000000000000000000000000000000>;
P_0x55557d6b34c0 .param/l "INIT_F" 0 7 3197, C4<0000000000000000000000000000000000000000000000000000000000000000000000000000000000000000000000000000000000000000000000000000000000000000000000000000000000000000000000000000000000000000000000000000000000000000000000000000000000000000000000000000000000000000>;
P_0x55557d6b3500 .param/l "NEG_CLK_R" 0 7 3179, C4<0>;
P_0x55557d6b3540 .param/l "NEG_CLK_W" 0 7 3180, C4<0>;
P_0x55557d6b3580 .param/l "READ_MODE" 0 7 3177, +C4<00000000000000000000000000000000>;
P_0x55557d6b35c0 .param/l "WRITE_MODE" 0 7 3176, +C4<00000000000000000000000000000000>;
L_0x7efc3e2d03c0 .functor BUFT 1, C4<0>, C4<0>, C4<0>, C4<0>;
L_0x55557d952ff0 .functor XOR 1, L_0x55557d9536c0, L_0x7efc3e2d03c0, C4<0>, C4<0>;
L_0x7efc3e2d0408 .functor BUFT 1, C4<0>, C4<0>, C4<0>, C4<0>;
L_0x55557d955030 .functor XOR 1, L_0x55557d954e80, L_0x7efc3e2d0408, C4<0>, C4<0>;
o0x7efc3e730638 .functor BUFZ 1, c4<z>; HiZ drive
v0x55557d907760_0 .net "MASK_0", 0 0, o0x7efc3e730638;  0 drivers
o0x7efc3e730668 .functor BUFZ 1, c4<z>; HiZ drive
v0x55557d907840_0 .net "MASK_1", 0 0, o0x7efc3e730668;  0 drivers
o0x7efc3e730698 .functor BUFZ 1, c4<z>; HiZ drive
v0x55557d907900_0 .net "MASK_10", 0 0, o0x7efc3e730698;  0 drivers
o0x7efc3e7306c8 .functor BUFZ 1, c4<z>; HiZ drive
v0x55557d9079d0_0 .net "MASK_11", 0 0, o0x7efc3e7306c8;  0 drivers
o0x7efc3e7306f8 .functor BUFZ 1, c4<z>; HiZ drive
v0x55557d907a90_0 .net "MASK_12", 0 0, o0x7efc3e7306f8;  0 drivers
o0x7efc3e730728 .functor BUFZ 1, c4<z>; HiZ drive
v0x55557d907ba0_0 .net "MASK_13", 0 0, o0x7efc3e730728;  0 drivers
o0x7efc3e730758 .functor BUFZ 1, c4<z>; HiZ drive
v0x55557d907c60_0 .net "MASK_14", 0 0, o0x7efc3e730758;  0 drivers
o0x7efc3e730788 .functor BUFZ 1, c4<z>; HiZ drive
v0x55557d907d20_0 .net "MASK_15", 0 0, o0x7efc3e730788;  0 drivers
o0x7efc3e7307b8 .functor BUFZ 1, c4<z>; HiZ drive
v0x55557d907de0_0 .net "MASK_2", 0 0, o0x7efc3e7307b8;  0 drivers
o0x7efc3e7307e8 .functor BUFZ 1, c4<z>; HiZ drive
v0x55557d907ea0_0 .net "MASK_3", 0 0, o0x7efc3e7307e8;  0 drivers
o0x7efc3e730818 .functor BUFZ 1, c4<z>; HiZ drive
v0x55557d907f60_0 .net "MASK_4", 0 0, o0x7efc3e730818;  0 drivers
o0x7efc3e730848 .functor BUFZ 1, c4<z>; HiZ drive
v0x55557d908020_0 .net "MASK_5", 0 0, o0x7efc3e730848;  0 drivers
o0x7efc3e730878 .functor BUFZ 1, c4<z>; HiZ drive
v0x55557d9080e0_0 .net "MASK_6", 0 0, o0x7efc3e730878;  0 drivers
o0x7efc3e7308a8 .functor BUFZ 1, c4<z>; HiZ drive
v0x55557d9081a0_0 .net "MASK_7", 0 0, o0x7efc3e7308a8;  0 drivers
o0x7efc3e7308d8 .functor BUFZ 1, c4<z>; HiZ drive
v0x55557d908260_0 .net "MASK_8", 0 0, o0x7efc3e7308d8;  0 drivers
o0x7efc3e730908 .functor BUFZ 1, c4<z>; HiZ drive
v0x55557d908320_0 .net "MASK_9", 0 0, o0x7efc3e730908;  0 drivers
o0x7efc3e730938 .functor BUFZ 1, c4<z>; HiZ drive
v0x55557d9083e0_0 .net "RADDR_0", 0 0, o0x7efc3e730938;  0 drivers
o0x7efc3e730968 .functor BUFZ 1, c4<z>; HiZ drive
v0x55557d9085b0_0 .net "RADDR_1", 0 0, o0x7efc3e730968;  0 drivers
o0x7efc3e730998 .functor BUFZ 1, c4<z>; HiZ drive
v0x55557d908670_0 .net "RADDR_10", 0 0, o0x7efc3e730998;  0 drivers
o0x7efc3e7309c8 .functor BUFZ 1, c4<z>; HiZ drive
v0x55557d908730_0 .net "RADDR_2", 0 0, o0x7efc3e7309c8;  0 drivers
o0x7efc3e7309f8 .functor BUFZ 1, c4<z>; HiZ drive
v0x55557d9087f0_0 .net "RADDR_3", 0 0, o0x7efc3e7309f8;  0 drivers
o0x7efc3e730a28 .functor BUFZ 1, c4<z>; HiZ drive
v0x55557d9088b0_0 .net "RADDR_4", 0 0, o0x7efc3e730a28;  0 drivers
o0x7efc3e730a58 .functor BUFZ 1, c4<z>; HiZ drive
v0x55557d908970_0 .net "RADDR_5", 0 0, o0x7efc3e730a58;  0 drivers
o0x7efc3e730a88 .functor BUFZ 1, c4<z>; HiZ drive
v0x55557d908a30_0 .net "RADDR_6", 0 0, o0x7efc3e730a88;  0 drivers
o0x7efc3e730ab8 .functor BUFZ 1, c4<z>; HiZ drive
v0x55557d908af0_0 .net "RADDR_7", 0 0, o0x7efc3e730ab8;  0 drivers
o0x7efc3e730ae8 .functor BUFZ 1, c4<z>; HiZ drive
v0x55557d908bb0_0 .net "RADDR_8", 0 0, o0x7efc3e730ae8;  0 drivers
o0x7efc3e730b18 .functor BUFZ 1, c4<z>; HiZ drive
v0x55557d908c70_0 .net "RADDR_9", 0 0, o0x7efc3e730b18;  0 drivers
o0x7efc3e730b48 .functor BUFZ 1, c4<z>; HiZ drive
v0x55557d908d30_0 .net "RCLK", 0 0, o0x7efc3e730b48;  0 drivers
o0x7efc3e730b78 .functor BUFZ 1, c4<z>; HiZ drive
v0x55557d908df0_0 .net "RCLKE", 0 0, o0x7efc3e730b78;  0 drivers
v0x55557d908eb0_0 .net "RDATA_0", 0 0, L_0x55557d953560;  1 drivers
v0x55557d908f70_0 .net "RDATA_1", 0 0, L_0x55557d953280;  1 drivers
v0x55557d909030_0 .net "RDATA_10", 0 0, L_0x55557d952980;  1 drivers
v0x55557d9090f0_0 .net "RDATA_11", 0 0, L_0x55557d9528b0;  1 drivers
v0x55557d9093c0_0 .net "RDATA_12", 0 0, L_0x55557d9527b0;  1 drivers
v0x55557d909480_0 .net "RDATA_13", 0 0, L_0x55557d9526e0;  1 drivers
v0x55557d909540_0 .net "RDATA_14", 0 0, L_0x55557d952640;  1 drivers
v0x55557d909600_0 .net "RDATA_15", 0 0, L_0x55557d952520;  1 drivers
v0x55557d9096c0_0 .net "RDATA_2", 0 0, L_0x55557d953130;  1 drivers
v0x55557d909780_0 .net "RDATA_3", 0 0, L_0x55557d953060;  1 drivers
v0x55557d909840_0 .net "RDATA_4", 0 0, L_0x55557d952f20;  1 drivers
v0x55557d909900_0 .net "RDATA_5", 0 0, L_0x55557d952e50;  1 drivers
v0x55557d9099c0_0 .net "RDATA_6", 0 0, L_0x55557d952d20;  1 drivers
v0x55557d909a80_0 .net "RDATA_7", 0 0, L_0x55557d952c50;  1 drivers
v0x55557d909b40_0 .net "RDATA_8", 0 0, L_0x55557d952b30;  1 drivers
v0x55557d909c00_0 .net "RDATA_9", 0 0, L_0x55557d952a90;  1 drivers
o0x7efc3e730ea8 .functor BUFZ 1, c4<z>; HiZ drive
v0x55557d909cc0_0 .net "RE", 0 0, o0x7efc3e730ea8;  0 drivers
o0x7efc3e730ed8 .functor BUFZ 1, c4<z>; HiZ drive
v0x55557d909d80_0 .net "WADDR_0", 0 0, o0x7efc3e730ed8;  0 drivers
o0x7efc3e730f08 .functor BUFZ 1, c4<z>; HiZ drive
v0x55557d909e40_0 .net "WADDR_1", 0 0, o0x7efc3e730f08;  0 drivers
o0x7efc3e730f38 .functor BUFZ 1, c4<z>; HiZ drive
v0x55557d909f00_0 .net "WADDR_10", 0 0, o0x7efc3e730f38;  0 drivers
o0x7efc3e730f68 .functor BUFZ 1, c4<z>; HiZ drive
v0x55557d909fc0_0 .net "WADDR_2", 0 0, o0x7efc3e730f68;  0 drivers
o0x7efc3e730f98 .functor BUFZ 1, c4<z>; HiZ drive
v0x55557d90a080_0 .net "WADDR_3", 0 0, o0x7efc3e730f98;  0 drivers
o0x7efc3e730fc8 .functor BUFZ 1, c4<z>; HiZ drive
v0x55557d90a140_0 .net "WADDR_4", 0 0, o0x7efc3e730fc8;  0 drivers
o0x7efc3e730ff8 .functor BUFZ 1, c4<z>; HiZ drive
v0x55557d90a200_0 .net "WADDR_5", 0 0, o0x7efc3e730ff8;  0 drivers
o0x7efc3e731028 .functor BUFZ 1, c4<z>; HiZ drive
v0x55557d90a2c0_0 .net "WADDR_6", 0 0, o0x7efc3e731028;  0 drivers
o0x7efc3e731058 .functor BUFZ 1, c4<z>; HiZ drive
v0x55557d90a380_0 .net "WADDR_7", 0 0, o0x7efc3e731058;  0 drivers
o0x7efc3e731088 .functor BUFZ 1, c4<z>; HiZ drive
v0x55557d90a440_0 .net "WADDR_8", 0 0, o0x7efc3e731088;  0 drivers
o0x7efc3e7310b8 .functor BUFZ 1, c4<z>; HiZ drive
v0x55557d90a500_0 .net "WADDR_9", 0 0, o0x7efc3e7310b8;  0 drivers
o0x7efc3e7310e8 .functor BUFZ 1, c4<z>; HiZ drive
v0x55557d90a5c0_0 .net "WCLK", 0 0, o0x7efc3e7310e8;  0 drivers
o0x7efc3e731118 .functor BUFZ 1, c4<z>; HiZ drive
v0x55557d90a680_0 .net "WCLKE", 0 0, o0x7efc3e731118;  0 drivers
o0x7efc3e731148 .functor BUFZ 1, c4<z>; HiZ drive
v0x55557d90a740_0 .net "WDATA_0", 0 0, o0x7efc3e731148;  0 drivers
o0x7efc3e731178 .functor BUFZ 1, c4<z>; HiZ drive
v0x55557d90a800_0 .net "WDATA_1", 0 0, o0x7efc3e731178;  0 drivers
o0x7efc3e7311a8 .functor BUFZ 1, c4<z>; HiZ drive
v0x55557d90a8c0_0 .net "WDATA_10", 0 0, o0x7efc3e7311a8;  0 drivers
o0x7efc3e7311d8 .functor BUFZ 1, c4<z>; HiZ drive
v0x55557d90a980_0 .net "WDATA_11", 0 0, o0x7efc3e7311d8;  0 drivers
o0x7efc3e731208 .functor BUFZ 1, c4<z>; HiZ drive
v0x55557d90aa40_0 .net "WDATA_12", 0 0, o0x7efc3e731208;  0 drivers
o0x7efc3e731238 .functor BUFZ 1, c4<z>; HiZ drive
v0x55557d90ab00_0 .net "WDATA_13", 0 0, o0x7efc3e731238;  0 drivers
o0x7efc3e731268 .functor BUFZ 1, c4<z>; HiZ drive
v0x55557d90abc0_0 .net "WDATA_14", 0 0, o0x7efc3e731268;  0 drivers
o0x7efc3e731298 .functor BUFZ 1, c4<z>; HiZ drive
v0x55557d90ac80_0 .net "WDATA_15", 0 0, o0x7efc3e731298;  0 drivers
o0x7efc3e7312c8 .functor BUFZ 1, c4<z>; HiZ drive
v0x55557d90ad40_0 .net "WDATA_2", 0 0, o0x7efc3e7312c8;  0 drivers
o0x7efc3e7312f8 .functor BUFZ 1, c4<z>; HiZ drive
v0x55557d90ae00_0 .net "WDATA_3", 0 0, o0x7efc3e7312f8;  0 drivers
o0x7efc3e731328 .functor BUFZ 1, c4<z>; HiZ drive
v0x55557d90aec0_0 .net "WDATA_4", 0 0, o0x7efc3e731328;  0 drivers
o0x7efc3e731358 .functor BUFZ 1, c4<z>; HiZ drive
v0x55557d90af80_0 .net "WDATA_5", 0 0, o0x7efc3e731358;  0 drivers
o0x7efc3e731388 .functor BUFZ 1, c4<z>; HiZ drive
v0x55557d90b040_0 .net "WDATA_6", 0 0, o0x7efc3e731388;  0 drivers
o0x7efc3e7313b8 .functor BUFZ 1, c4<z>; HiZ drive
v0x55557d90b100_0 .net "WDATA_7", 0 0, o0x7efc3e7313b8;  0 drivers
o0x7efc3e7313e8 .functor BUFZ 1, c4<z>; HiZ drive
v0x55557d90b1c0_0 .net "WDATA_8", 0 0, o0x7efc3e7313e8;  0 drivers
o0x7efc3e731418 .functor BUFZ 1, c4<z>; HiZ drive
v0x55557d90b280_0 .net "WDATA_9", 0 0, o0x7efc3e731418;  0 drivers
o0x7efc3e731448 .functor BUFZ 1, c4<z>; HiZ drive
v0x55557d90b340_0 .net "WE", 0 0, o0x7efc3e731448;  0 drivers
v0x55557d90b400_0 .net *"_ivl_100", 0 0, L_0x55557d957440;  1 drivers
v0x55557d90b4e0_0 .net *"_ivl_102", 0 0, L_0x55557d957190;  1 drivers
v0x55557d90b5c0_0 .net *"_ivl_104", 0 0, L_0x55557d957290;  1 drivers
v0x55557d90b6a0_0 .net *"_ivl_106", 0 0, L_0x55557d957930;  1 drivers
v0x55557d90b780_0 .net *"_ivl_108", 0 0, L_0x55557d957a30;  1 drivers
v0x55557d90b860_0 .net *"_ivl_110", 0 0, L_0x55557d957d10;  1 drivers
v0x55557d90b940_0 .net *"_ivl_112", 0 0, L_0x55557d957e10;  1 drivers
v0x55557d90ba20_0 .net *"_ivl_114", 0 0, L_0x55557d958100;  1 drivers
v0x55557d90bb00_0 .net *"_ivl_116", 0 0, L_0x55557d958200;  1 drivers
v0x55557d90bbe0_0 .net *"_ivl_120", 0 0, L_0x55557d958af0;  1 drivers
v0x55557d90bcc0_0 .net *"_ivl_122", 0 0, L_0x55557d958da0;  1 drivers
v0x55557d90bda0_0 .net *"_ivl_124", 0 0, L_0x55557d958e40;  1 drivers
v0x55557d90be80_0 .net *"_ivl_126", 0 0, L_0x55557d959100;  1 drivers
v0x55557d90bf60_0 .net *"_ivl_128", 0 0, L_0x55557d9591a0;  1 drivers
v0x55557d90c040_0 .net *"_ivl_130", 0 0, L_0x55557d959470;  1 drivers
v0x55557d90c120_0 .net *"_ivl_132", 0 0, L_0x55557d959510;  1 drivers
v0x55557d90c200_0 .net *"_ivl_134", 0 0, L_0x55557d9597f0;  1 drivers
v0x55557d90c2e0_0 .net *"_ivl_136", 0 0, L_0x55557d959890;  1 drivers
v0x55557d90c3c0_0 .net *"_ivl_138", 0 0, L_0x55557d959bb0;  1 drivers
v0x55557d90c4a0_0 .net *"_ivl_140", 0 0, L_0x55557d959cb0;  1 drivers
v0x55557d90c580_0 .net *"_ivl_142", 0 0, L_0x55557d95a010;  1 drivers
v0x55557d90c660_0 .net *"_ivl_144", 0 0, L_0x55557d95a110;  1 drivers
v0x55557d90c740_0 .net *"_ivl_146", 0 0, L_0x55557d95a480;  1 drivers
v0x55557d90c820_0 .net *"_ivl_148", 0 0, L_0x55557d95a580;  1 drivers
v0x55557d90c900_0 .net *"_ivl_150", 0 0, L_0x55557d95a900;  1 drivers
v0x55557d90c9e0_0 .net *"_ivl_18", 0 0, L_0x55557d9536c0;  1 drivers
v0x55557d90cac0_0 .net/2u *"_ivl_19", 0 0, L_0x7efc3e2d03c0;  1 drivers
v0x55557d90cba0_0 .net *"_ivl_28", 0 0, L_0x55557d953a60;  1 drivers
v0x55557d90cc80_0 .net *"_ivl_30", 0 0, L_0x55557d9538c0;  1 drivers
v0x55557d90cd60_0 .net *"_ivl_32", 0 0, L_0x55557d953c70;  1 drivers
v0x55557d90ce40_0 .net *"_ivl_34", 0 0, L_0x55557d953e30;  1 drivers
v0x55557d90cf20_0 .net *"_ivl_36", 0 0, L_0x55557d953f30;  1 drivers
v0x55557d90d000_0 .net *"_ivl_38", 0 0, L_0x55557d954100;  1 drivers
v0x55557d90d0e0_0 .net *"_ivl_40", 0 0, L_0x55557d954200;  1 drivers
v0x55557d90d1c0_0 .net *"_ivl_42", 0 0, L_0x55557d9543e0;  1 drivers
v0x55557d90d2a0_0 .net *"_ivl_44", 0 0, L_0x55557d9544e0;  1 drivers
v0x55557d90d380_0 .net *"_ivl_46", 0 0, L_0x55557d9546d0;  1 drivers
v0x55557d90d460_0 .net *"_ivl_48", 0 0, L_0x55557d9547d0;  1 drivers
v0x55557d90d540_0 .net *"_ivl_52", 0 0, L_0x55557d954e80;  1 drivers
v0x55557d90d620_0 .net/2u *"_ivl_53", 0 0, L_0x7efc3e2d0408;  1 drivers
v0x55557d90d700_0 .net *"_ivl_62", 0 0, L_0x55557d9553a0;  1 drivers
v0x55557d90d7e0_0 .net *"_ivl_64", 0 0, L_0x55557d955440;  1 drivers
v0x55557d90d8c0_0 .net *"_ivl_66", 0 0, L_0x55557d955610;  1 drivers
v0x55557d90d9a0_0 .net *"_ivl_68", 0 0, L_0x55557d9556e0;  1 drivers
v0x55557d90da80_0 .net *"_ivl_70", 0 0, L_0x55557d955920;  1 drivers
v0x55557d90db60_0 .net *"_ivl_72", 0 0, L_0x55557d955a20;  1 drivers
v0x55557d90dc40_0 .net *"_ivl_74", 0 0, L_0x55557d955c70;  1 drivers
v0x55557d90dd20_0 .net *"_ivl_76", 0 0, L_0x55557d955d70;  1 drivers
v0x55557d90de00_0 .net *"_ivl_78", 0 0, L_0x55557d955fd0;  1 drivers
v0x55557d90dee0_0 .net *"_ivl_80", 0 0, L_0x55557d9560d0;  1 drivers
v0x55557d90dfc0_0 .net *"_ivl_82", 0 0, L_0x55557d956340;  1 drivers
v0x55557d90e0a0_0 .net *"_ivl_86", 0 0, L_0x55557d956a70;  1 drivers
v0x55557d90e180_0 .net *"_ivl_88", 0 0, L_0x55557d956b10;  1 drivers
v0x55557d90ea70_0 .net *"_ivl_90", 0 0, L_0x55557d956d40;  1 drivers
v0x55557d90eb50_0 .net *"_ivl_92", 0 0, L_0x55557d956de0;  1 drivers
v0x55557d90ec30_0 .net *"_ivl_94", 0 0, L_0x55557d957020;  1 drivers
v0x55557d90ed10_0 .net *"_ivl_96", 0 0, L_0x55557d9570c0;  1 drivers
v0x55557d90edf0_0 .net *"_ivl_98", 0 0, L_0x55557d957340;  1 drivers
L_0x55557d952520 .part v0x55557d6b48f0_0, 15, 1;
L_0x55557d952640 .part v0x55557d6b48f0_0, 14, 1;
L_0x55557d9526e0 .part v0x55557d6b48f0_0, 13, 1;
L_0x55557d9527b0 .part v0x55557d6b48f0_0, 12, 1;
L_0x55557d9528b0 .part v0x55557d6b48f0_0, 11, 1;
L_0x55557d952980 .part v0x55557d6b48f0_0, 10, 1;
L_0x55557d952a90 .part v0x55557d6b48f0_0, 9, 1;
L_0x55557d952b30 .part v0x55557d6b48f0_0, 8, 1;
L_0x55557d952c50 .part v0x55557d6b48f0_0, 7, 1;
L_0x55557d952d20 .part v0x55557d6b48f0_0, 6, 1;
L_0x55557d952e50 .part v0x55557d6b48f0_0, 5, 1;
L_0x55557d952f20 .part v0x55557d6b48f0_0, 4, 1;
L_0x55557d953060 .part v0x55557d6b48f0_0, 3, 1;
L_0x55557d953130 .part v0x55557d6b48f0_0, 2, 1;
L_0x55557d953280 .part v0x55557d6b48f0_0, 1, 1;
L_0x55557d953560 .part v0x55557d6b48f0_0, 0, 1;
L_0x55557d9536c0 .ufunc/vec4 TD_ICESTORM_RAM.pd, 1, o0x7efc3e730b48 (v0x55557d907340_0) S_0x55557d9070d0;
L_0x55557d953820 .ufunc/vec4 TD_ICESTORM_RAM.pu, 1, o0x7efc3e730b78 (v0x55557d9076a0_0) S_0x55557d907400;
L_0x55557d953960 .ufunc/vec4 TD_ICESTORM_RAM.pd, 1, o0x7efc3e730ea8 (v0x55557d907340_0) S_0x55557d9070d0;
L_0x55557d953a60 .ufunc/vec4 TD_ICESTORM_RAM.pd, 1, o0x7efc3e730998 (v0x55557d907340_0) S_0x55557d9070d0;
L_0x55557d9538c0 .ufunc/vec4 TD_ICESTORM_RAM.pd, 1, o0x7efc3e730b18 (v0x55557d907340_0) S_0x55557d9070d0;
L_0x55557d953c70 .ufunc/vec4 TD_ICESTORM_RAM.pd, 1, o0x7efc3e730ae8 (v0x55557d907340_0) S_0x55557d9070d0;
L_0x55557d953e30 .ufunc/vec4 TD_ICESTORM_RAM.pd, 1, o0x7efc3e730ab8 (v0x55557d907340_0) S_0x55557d9070d0;
L_0x55557d953f30 .ufunc/vec4 TD_ICESTORM_RAM.pd, 1, o0x7efc3e730a88 (v0x55557d907340_0) S_0x55557d9070d0;
L_0x55557d954100 .ufunc/vec4 TD_ICESTORM_RAM.pd, 1, o0x7efc3e730a58 (v0x55557d907340_0) S_0x55557d9070d0;
L_0x55557d954200 .ufunc/vec4 TD_ICESTORM_RAM.pd, 1, o0x7efc3e730a28 (v0x55557d907340_0) S_0x55557d9070d0;
L_0x55557d9543e0 .ufunc/vec4 TD_ICESTORM_RAM.pd, 1, o0x7efc3e7309f8 (v0x55557d907340_0) S_0x55557d9070d0;
L_0x55557d9544e0 .ufunc/vec4 TD_ICESTORM_RAM.pd, 1, o0x7efc3e7309c8 (v0x55557d907340_0) S_0x55557d9070d0;
L_0x55557d9546d0 .ufunc/vec4 TD_ICESTORM_RAM.pd, 1, o0x7efc3e730968 (v0x55557d907340_0) S_0x55557d9070d0;
L_0x55557d9547d0 .ufunc/vec4 TD_ICESTORM_RAM.pd, 1, o0x7efc3e730938 (v0x55557d907340_0) S_0x55557d9070d0;
LS_0x55557d9549d0_0_0 .concat [ 1 1 1 1], L_0x55557d9547d0, L_0x55557d9546d0, L_0x55557d9544e0, L_0x55557d9543e0;
LS_0x55557d9549d0_0_4 .concat [ 1 1 1 1], L_0x55557d954200, L_0x55557d954100, L_0x55557d953f30, L_0x55557d953e30;
LS_0x55557d9549d0_0_8 .concat [ 1 1 1 0], L_0x55557d953c70, L_0x55557d9538c0, L_0x55557d953a60;
L_0x55557d9549d0 .concat [ 4 4 3 0], LS_0x55557d9549d0_0_0, LS_0x55557d9549d0_0_4, LS_0x55557d9549d0_0_8;
L_0x55557d954e80 .ufunc/vec4 TD_ICESTORM_RAM.pd, 1, o0x7efc3e7310e8 (v0x55557d907340_0) S_0x55557d9070d0;
L_0x55557d955140 .ufunc/vec4 TD_ICESTORM_RAM.pu, 1, o0x7efc3e731118 (v0x55557d9076a0_0) S_0x55557d907400;
L_0x55557d9551e0 .ufunc/vec4 TD_ICESTORM_RAM.pd, 1, o0x7efc3e731448 (v0x55557d907340_0) S_0x55557d9070d0;
L_0x55557d9553a0 .ufunc/vec4 TD_ICESTORM_RAM.pd, 1, o0x7efc3e730f38 (v0x55557d907340_0) S_0x55557d9070d0;
L_0x55557d955440 .ufunc/vec4 TD_ICESTORM_RAM.pd, 1, o0x7efc3e7310b8 (v0x55557d907340_0) S_0x55557d9070d0;
L_0x55557d955610 .ufunc/vec4 TD_ICESTORM_RAM.pd, 1, o0x7efc3e731088 (v0x55557d907340_0) S_0x55557d9070d0;
L_0x55557d9556e0 .ufunc/vec4 TD_ICESTORM_RAM.pd, 1, o0x7efc3e731058 (v0x55557d907340_0) S_0x55557d9070d0;
L_0x55557d955920 .ufunc/vec4 TD_ICESTORM_RAM.pd, 1, o0x7efc3e731028 (v0x55557d907340_0) S_0x55557d9070d0;
L_0x55557d955a20 .ufunc/vec4 TD_ICESTORM_RAM.pd, 1, o0x7efc3e730ff8 (v0x55557d907340_0) S_0x55557d9070d0;
L_0x55557d955c70 .ufunc/vec4 TD_ICESTORM_RAM.pd, 1, o0x7efc3e730fc8 (v0x55557d907340_0) S_0x55557d9070d0;
L_0x55557d955d70 .ufunc/vec4 TD_ICESTORM_RAM.pd, 1, o0x7efc3e730f98 (v0x55557d907340_0) S_0x55557d9070d0;
L_0x55557d955fd0 .ufunc/vec4 TD_ICESTORM_RAM.pd, 1, o0x7efc3e730f68 (v0x55557d907340_0) S_0x55557d9070d0;
L_0x55557d9560d0 .ufunc/vec4 TD_ICESTORM_RAM.pd, 1, o0x7efc3e730f08 (v0x55557d907340_0) S_0x55557d9070d0;
L_0x55557d956340 .ufunc/vec4 TD_ICESTORM_RAM.pd, 1, o0x7efc3e730ed8 (v0x55557d907340_0) S_0x55557d9070d0;
LS_0x55557d956440_0_0 .concat [ 1 1 1 1], L_0x55557d956340, L_0x55557d9560d0, L_0x55557d955fd0, L_0x55557d955d70;
LS_0x55557d956440_0_4 .concat [ 1 1 1 1], L_0x55557d955c70, L_0x55557d955a20, L_0x55557d955920, L_0x55557d9556e0;
LS_0x55557d956440_0_8 .concat [ 1 1 1 0], L_0x55557d955610, L_0x55557d955440, L_0x55557d9553a0;
L_0x55557d956440 .concat [ 4 4 3 0], LS_0x55557d956440_0_0, LS_0x55557d956440_0_4, LS_0x55557d956440_0_8;
L_0x55557d956a70 .ufunc/vec4 TD_ICESTORM_RAM.pd, 1, o0x7efc3e730788 (v0x55557d907340_0) S_0x55557d9070d0;
L_0x55557d956b10 .ufunc/vec4 TD_ICESTORM_RAM.pd, 1, o0x7efc3e730758 (v0x55557d907340_0) S_0x55557d9070d0;
L_0x55557d956d40 .ufunc/vec4 TD_ICESTORM_RAM.pd, 1, o0x7efc3e730728 (v0x55557d907340_0) S_0x55557d9070d0;
L_0x55557d956de0 .ufunc/vec4 TD_ICESTORM_RAM.pd, 1, o0x7efc3e7306f8 (v0x55557d907340_0) S_0x55557d9070d0;
L_0x55557d957020 .ufunc/vec4 TD_ICESTORM_RAM.pd, 1, o0x7efc3e7306c8 (v0x55557d907340_0) S_0x55557d9070d0;
L_0x55557d9570c0 .ufunc/vec4 TD_ICESTORM_RAM.pd, 1, o0x7efc3e730698 (v0x55557d907340_0) S_0x55557d9070d0;
L_0x55557d957340 .ufunc/vec4 TD_ICESTORM_RAM.pd, 1, o0x7efc3e730908 (v0x55557d907340_0) S_0x55557d9070d0;
L_0x55557d957440 .ufunc/vec4 TD_ICESTORM_RAM.pd, 1, o0x7efc3e7308d8 (v0x55557d907340_0) S_0x55557d9070d0;
L_0x55557d957190 .ufunc/vec4 TD_ICESTORM_RAM.pd, 1, o0x7efc3e7308a8 (v0x55557d907340_0) S_0x55557d9070d0;
L_0x55557d957290 .ufunc/vec4 TD_ICESTORM_RAM.pd, 1, o0x7efc3e730878 (v0x55557d907340_0) S_0x55557d9070d0;
L_0x55557d957930 .ufunc/vec4 TD_ICESTORM_RAM.pd, 1, o0x7efc3e730848 (v0x55557d907340_0) S_0x55557d9070d0;
L_0x55557d957a30 .ufunc/vec4 TD_ICESTORM_RAM.pd, 1, o0x7efc3e730818 (v0x55557d907340_0) S_0x55557d9070d0;
L_0x55557d957d10 .ufunc/vec4 TD_ICESTORM_RAM.pd, 1, o0x7efc3e7307e8 (v0x55557d907340_0) S_0x55557d9070d0;
L_0x55557d957e10 .ufunc/vec4 TD_ICESTORM_RAM.pd, 1, o0x7efc3e7307b8 (v0x55557d907340_0) S_0x55557d9070d0;
L_0x55557d958100 .ufunc/vec4 TD_ICESTORM_RAM.pd, 1, o0x7efc3e730668 (v0x55557d907340_0) S_0x55557d9070d0;
L_0x55557d958200 .ufunc/vec4 TD_ICESTORM_RAM.pd, 1, o0x7efc3e730638 (v0x55557d907340_0) S_0x55557d9070d0;
LS_0x55557d958500_0_0 .concat [ 1 1 1 1], L_0x55557d958200, L_0x55557d958100, L_0x55557d957e10, L_0x55557d957d10;
LS_0x55557d958500_0_4 .concat [ 1 1 1 1], L_0x55557d957a30, L_0x55557d957930, L_0x55557d957290, L_0x55557d957190;
LS_0x55557d958500_0_8 .concat [ 1 1 1 1], L_0x55557d957440, L_0x55557d957340, L_0x55557d9570c0, L_0x55557d957020;
LS_0x55557d958500_0_12 .concat [ 1 1 1 1], L_0x55557d956de0, L_0x55557d956d40, L_0x55557d956b10, L_0x55557d956a70;
L_0x55557d958500 .concat [ 4 4 4 4], LS_0x55557d958500_0_0, LS_0x55557d958500_0_4, LS_0x55557d958500_0_8, LS_0x55557d958500_0_12;
L_0x55557d958af0 .ufunc/vec4 TD_ICESTORM_RAM.pd, 1, o0x7efc3e731298 (v0x55557d907340_0) S_0x55557d9070d0;
L_0x55557d958da0 .ufunc/vec4 TD_ICESTORM_RAM.pd, 1, o0x7efc3e731268 (v0x55557d907340_0) S_0x55557d9070d0;
L_0x55557d958e40 .ufunc/vec4 TD_ICESTORM_RAM.pd, 1, o0x7efc3e731238 (v0x55557d907340_0) S_0x55557d9070d0;
L_0x55557d959100 .ufunc/vec4 TD_ICESTORM_RAM.pd, 1, o0x7efc3e731208 (v0x55557d907340_0) S_0x55557d9070d0;
L_0x55557d9591a0 .ufunc/vec4 TD_ICESTORM_RAM.pd, 1, o0x7efc3e7311d8 (v0x55557d907340_0) S_0x55557d9070d0;
L_0x55557d959470 .ufunc/vec4 TD_ICESTORM_RAM.pd, 1, o0x7efc3e7311a8 (v0x55557d907340_0) S_0x55557d9070d0;
L_0x55557d959510 .ufunc/vec4 TD_ICESTORM_RAM.pd, 1, o0x7efc3e731418 (v0x55557d907340_0) S_0x55557d9070d0;
L_0x55557d9597f0 .ufunc/vec4 TD_ICESTORM_RAM.pd, 1, o0x7efc3e7313e8 (v0x55557d907340_0) S_0x55557d9070d0;
L_0x55557d959890 .ufunc/vec4 TD_ICESTORM_RAM.pd, 1, o0x7efc3e7313b8 (v0x55557d907340_0) S_0x55557d9070d0;
L_0x55557d959bb0 .ufunc/vec4 TD_ICESTORM_RAM.pd, 1, o0x7efc3e731388 (v0x55557d907340_0) S_0x55557d9070d0;
L_0x55557d959cb0 .ufunc/vec4 TD_ICESTORM_RAM.pd, 1, o0x7efc3e731358 (v0x55557d907340_0) S_0x55557d9070d0;
L_0x55557d95a010 .ufunc/vec4 TD_ICESTORM_RAM.pd, 1, o0x7efc3e731328 (v0x55557d907340_0) S_0x55557d9070d0;
L_0x55557d95a110 .ufunc/vec4 TD_ICESTORM_RAM.pd, 1, o0x7efc3e7312f8 (v0x55557d907340_0) S_0x55557d9070d0;
L_0x55557d95a480 .ufunc/vec4 TD_ICESTORM_RAM.pd, 1, o0x7efc3e7312c8 (v0x55557d907340_0) S_0x55557d9070d0;
L_0x55557d95a580 .ufunc/vec4 TD_ICESTORM_RAM.pd, 1, o0x7efc3e731178 (v0x55557d907340_0) S_0x55557d9070d0;
L_0x55557d95a900 .ufunc/vec4 TD_ICESTORM_RAM.pd, 1, o0x7efc3e731148 (v0x55557d907340_0) S_0x55557d9070d0;
LS_0x55557d95aa00_0_0 .concat [ 1 1 1 1], L_0x55557d95a900, L_0x55557d95a580, L_0x55557d95a480, L_0x55557d95a110;
LS_0x55557d95aa00_0_4 .concat [ 1 1 1 1], L_0x55557d95a010, L_0x55557d959cb0, L_0x55557d959bb0, L_0x55557d959890;
LS_0x55557d95aa00_0_8 .concat [ 1 1 1 1], L_0x55557d9597f0, L_0x55557d959510, L_0x55557d959470, L_0x55557d9591a0;
LS_0x55557d95aa00_0_12 .concat [ 1 1 1 1], L_0x55557d959100, L_0x55557d958e40, L_0x55557d958da0, L_0x55557d958af0;
L_0x55557d95aa00 .concat [ 4 4 4 4], LS_0x55557d95aa00_0_0, LS_0x55557d95aa00_0_4, LS_0x55557d95aa00_0_8, LS_0x55557d95aa00_0_12;
S_0x55557d6c5d90 .scope module, "RAM" "SB_RAM40_4K" 7 3233, 7 1487 0, S_0x55557d8f01b0;
 .timescale -12 -12;
    .port_info 0 /OUTPUT 16 "RDATA";
    .port_info 1 /INPUT 1 "RCLK";
    .port_info 2 /INPUT 1 "RCLKE";
    .port_info 3 /INPUT 1 "RE";
    .port_info 4 /INPUT 11 "RADDR";
    .port_info 5 /INPUT 1 "WCLK";
    .port_info 6 /INPUT 1 "WCLKE";
    .port_info 7 /INPUT 1 "WE";
    .port_info 8 /INPUT 11 "WADDR";
    .port_info 9 /INPUT 16 "MASK";
    .port_info 10 /INPUT 16 "WDATA";
P_0x55557d6c4a40 .param/l "INIT_0" 0 7 1507, C4<0000000000000000000000000000000000000000000000000000000000000000000000000000000000000000000000000000000000000000000000000000000000000000000000000000000000000000000000000000000000000000000000000000000000000000000000000000000000000000000000000000000000000000>;
P_0x55557d6c4a80 .param/l "INIT_1" 0 7 1508, C4<0000000000000000000000000000000000000000000000000000000000000000000000000000000000000000000000000000000000000000000000000000000000000000000000000000000000000000000000000000000000000000000000000000000000000000000000000000000000000000000000000000000000000000>;
P_0x55557d6c4ac0 .param/l "INIT_2" 0 7 1509, C4<0000000000000000000000000000000000000000000000000000000000000000000000000000000000000000000000000000000000000000000000000000000000000000000000000000000000000000000000000000000000000000000000000000000000000000000000000000000000000000000000000000000000000000>;
P_0x55557d6c4b00 .param/l "INIT_3" 0 7 1510, C4<0000000000000000000000000000000000000000000000000000000000000000000000000000000000000000000000000000000000000000000000000000000000000000000000000000000000000000000000000000000000000000000000000000000000000000000000000000000000000000000000000000000000000000>;
P_0x55557d6c4b40 .param/l "INIT_4" 0 7 1511, C4<0000000000000000000000000000000000000000000000000000000000000000000000000000000000000000000000000000000000000000000000000000000000000000000000000000000000000000000000000000000000000000000000000000000000000000000000000000000000000000000000000000000000000000>;
P_0x55557d6c4b80 .param/l "INIT_5" 0 7 1512, C4<0000000000000000000000000000000000000000000000000000000000000000000000000000000000000000000000000000000000000000000000000000000000000000000000000000000000000000000000000000000000000000000000000000000000000000000000000000000000000000000000000000000000000000>;
P_0x55557d6c4bc0 .param/l "INIT_6" 0 7 1513, C4<0000000000000000000000000000000000000000000000000000000000000000000000000000000000000000000000000000000000000000000000000000000000000000000000000000000000000000000000000000000000000000000000000000000000000000000000000000000000000000000000000000000000000000>;
P_0x55557d6c4c00 .param/l "INIT_7" 0 7 1514, C4<0000000000000000000000000000000000000000000000000000000000000000000000000000000000000000000000000000000000000000000000000000000000000000000000000000000000000000000000000000000000000000000000000000000000000000000000000000000000000000000000000000000000000000>;
P_0x55557d6c4c40 .param/l "INIT_8" 0 7 1515, C4<0000000000000000000000000000000000000000000000000000000000000000000000000000000000000000000000000000000000000000000000000000000000000000000000000000000000000000000000000000000000000000000000000000000000000000000000000000000000000000000000000000000000000000>;
P_0x55557d6c4c80 .param/l "INIT_9" 0 7 1516, C4<0000000000000000000000000000000000000000000000000000000000000000000000000000000000000000000000000000000000000000000000000000000000000000000000000000000000000000000000000000000000000000000000000000000000000000000000000000000000000000000000000000000000000000>;
P_0x55557d6c4cc0 .param/l "INIT_A" 0 7 1517, C4<0000000000000000000000000000000000000000000000000000000000000000000000000000000000000000000000000000000000000000000000000000000000000000000000000000000000000000000000000000000000000000000000000000000000000000000000000000000000000000000000000000000000000000>;
P_0x55557d6c4d00 .param/l "INIT_B" 0 7 1518, C4<0000000000000000000000000000000000000000000000000000000000000000000000000000000000000000000000000000000000000000000000000000000000000000000000000000000000000000000000000000000000000000000000000000000000000000000000000000000000000000000000000000000000000000>;
P_0x55557d6c4d40 .param/l "INIT_C" 0 7 1519, C4<0000000000000000000000000000000000000000000000000000000000000000000000000000000000000000000000000000000000000000000000000000000000000000000000000000000000000000000000000000000000000000000000000000000000000000000000000000000000000000000000000000000000000000>;
P_0x55557d6c4d80 .param/l "INIT_D" 0 7 1520, C4<0000000000000000000000000000000000000000000000000000000000000000000000000000000000000000000000000000000000000000000000000000000000000000000000000000000000000000000000000000000000000000000000000000000000000000000000000000000000000000000000000000000000000000>;
P_0x55557d6c4dc0 .param/l "INIT_E" 0 7 1521, C4<0000000000000000000000000000000000000000000000000000000000000000000000000000000000000000000000000000000000000000000000000000000000000000000000000000000000000000000000000000000000000000000000000000000000000000000000000000000000000000000000000000000000000000>;
P_0x55557d6c4e00 .param/l "INIT_F" 0 7 1522, C4<0000000000000000000000000000000000000000000000000000000000000000000000000000000000000000000000000000000000000000000000000000000000000000000000000000000000000000000000000000000000000000000000000000000000000000000000000000000000000000000000000000000000000000>;
P_0x55557d6c4e40 .param/str "INIT_FILE" 0 7 1524, "\000";
P_0x55557d6c4e80 .param/l "READ_MODE" 0 7 1505, +C4<00000000000000000000000000000000>;
P_0x55557d6c4ec0 .param/l "WRITE_MODE" 0 7 1504, +C4<00000000000000000000000000000000>;
v0x55557d6bf650_0 .net "MASK", 15 0, L_0x55557d958500;  1 drivers
v0x55557d6b45d0_0 .net "RADDR", 10 0, L_0x55557d9549d0;  1 drivers
v0x55557d6b46b0_0 .net "RCLK", 0 0, L_0x55557d952ff0;  1 drivers
v0x55557d6b4750_0 .net "RCLKE", 0 0, L_0x55557d953820;  1 drivers
v0x55557d6b4810_0 .net "RDATA", 15 0, v0x55557d6b48f0_0;  1 drivers
v0x55557d6b48f0_0 .var "RDATA_I", 15 0;
v0x55557d6b49d0_0 .net "RE", 0 0, L_0x55557d953960;  1 drivers
L_0x7efc3e2d0378 .functor BUFT 1, C4<0000000000000000>, C4<0>, C4<0>, C4<0>;
v0x55557d740270_0 .net "RMASK_I", 15 0, L_0x7efc3e2d0378;  1 drivers
v0x55557d740350_0 .net "WADDR", 10 0, L_0x55557d956440;  1 drivers
v0x55557d740430_0 .net "WCLK", 0 0, L_0x55557d955030;  1 drivers
v0x55557d7404f0_0 .net "WCLKE", 0 0, L_0x55557d955140;  1 drivers
v0x55557d7405b0_0 .net "WDATA", 15 0, L_0x55557d95aa00;  1 drivers
v0x55557d740690_0 .net "WDATA_I", 15 0, L_0x55557d9523b0;  1 drivers
v0x55557d906b80_0 .net "WE", 0 0, L_0x55557d9551e0;  1 drivers
v0x55557d906c20_0 .net "WMASK_I", 15 0, L_0x55557d942330;  1 drivers
v0x55557d906cc0_0 .var/i "i", 31 0;
v0x55557d906d60 .array "memory", 255 0, 15 0;
E_0x55557d6c62a0 .event posedge, v0x55557d6b46b0_0;
E_0x55557d6bf410 .event posedge, v0x55557d740430_0;
S_0x55557d6bf470 .scope generate, "genblk1" "genblk1" 7 1534, 7 1534 0, S_0x55557d6c5d90;
 .timescale -12 -12;
L_0x55557d942330 .functor BUFZ 16, L_0x55557d958500, C4<0000000000000000>, C4<0000000000000000>, C4<0000000000000000>;
S_0x55557d6b5870 .scope generate, "genblk2" "genblk2" 7 1555, 7 1555 0, S_0x55557d6c5d90;
 .timescale -12 -12;
S_0x55557d6b5a50 .scope generate, "genblk3" "genblk3" 7 1576, 7 1576 0, S_0x55557d6c5d90;
 .timescale -12 -12;
L_0x55557d9523b0 .functor BUFZ 16, L_0x55557d95aa00, C4<0000000000000000>, C4<0000000000000000>, C4<0000000000000000>;
S_0x55557d6b5c30 .scope generate, "genblk4" "genblk4" 7 1595, 7 1595 0, S_0x55557d6c5d90;
 .timescale -12 -12;
S_0x55557d9070d0 .scope function.vec4.s1, "pd" "pd" 7 3200, 7 3200 0, S_0x55557d8f01b0;
 .timescale -12 -12;
; Variable pd is vec4 return value of scope S_0x55557d9070d0
v0x55557d907340_0 .var "x", 0 0;
TD_ICESTORM_RAM.pd ;
    %load/vec4 v0x55557d907340_0;
    %cmpi/e 0, 1, 1;
    %flag_mov 8, 6;
    %jmp/0 T_1.3, 8;
    %pushi/vec4 0, 0, 1;
    %jmp/1 T_1.4, 8;
T_1.3 ; End of true expr.
    %load/vec4 v0x55557d907340_0;
    %jmp/0 T_1.4, 8;
 ; End of false expr.
    %blend;
T_1.4;
    %ret/vec4 0, 0, 1;  Assign to pd (store_vec4_to_lval)
    %end;
S_0x55557d907400 .scope function.vec4.s1, "pu" "pu" 7 3207, 7 3207 0, S_0x55557d8f01b0;
 .timescale -12 -12;
; Variable pu is vec4 return value of scope S_0x55557d907400
v0x55557d9076a0_0 .var "x", 0 0;
TD_ICESTORM_RAM.pu ;
    %load/vec4 v0x55557d9076a0_0;
    %cmpi/e 0, 1, 1;
    %flag_mov 8, 6;
    %jmp/0 T_2.5, 8;
    %pushi/vec4 1, 0, 1;
    %jmp/1 T_2.6, 8;
T_2.5 ; End of true expr.
    %load/vec4 v0x55557d9076a0_0;
    %jmp/0 T_2.6, 8;
 ; End of false expr.
    %blend;
T_2.6;
    %ret/vec4 0, 0, 1;  Assign to pu (store_vec4_to_lval)
    %end;
S_0x55557d8efdc0 .scope module, "Mux" "Mux" 8 8;
 .timescale -12 -12;
    .port_info 0 /INPUT 1 "a";
    .port_info 1 /INPUT 1 "b";
    .port_info 2 /INPUT 1 "sel";
    .port_info 3 /OUTPUT 1 "out";
o0x7efc3e732d98 .functor BUFZ 1, c4<z>; HiZ drive
v0x55557d90fac0_0 .net "a", 0 0, o0x7efc3e732d98;  0 drivers
o0x7efc3e732dc8 .functor BUFZ 1, c4<z>; HiZ drive
v0x55557d90fba0_0 .net "b", 0 0, o0x7efc3e732dc8;  0 drivers
v0x55557d90fc60_0 .net "out", 0 0, L_0x55557d95b280;  1 drivers
o0x7efc3e732e28 .functor BUFZ 1, c4<z>; HiZ drive
v0x55557d90fd00_0 .net "sel", 0 0, o0x7efc3e732e28;  0 drivers
L_0x55557d95b280 .functor MUXZ 1, o0x7efc3e732d98, o0x7efc3e732dc8, o0x7efc3e732e28, C4<>;
S_0x55557d8de390 .scope module, "Nand" "Nand" 9 8;
 .timescale -12 -12;
    .port_info 0 /INPUT 1 "a";
    .port_info 1 /INPUT 1 "b";
    .port_info 2 /OUTPUT 1 "out";
o0x7efc3e732f18 .functor BUFZ 1, c4<z>; HiZ drive
o0x7efc3e732f48 .functor BUFZ 1, c4<z>; HiZ drive
L_0x55557d95b320 .functor NAND 1, o0x7efc3e732f18, o0x7efc3e732f48, C4<1>, C4<1>;
v0x55557d90fe70_0 .net "a", 0 0, o0x7efc3e732f18;  0 drivers
v0x55557d90ff50_0 .net "b", 0 0, o0x7efc3e732f48;  0 drivers
v0x55557d910010_0 .net "out", 0 0, L_0x55557d95b320;  1 drivers
S_0x55557d8ddfa0 .scope module, "Not" "Not" 10 7;
 .timescale -12 -12;
    .port_info 0 /INPUT 1 "in";
    .port_info 1 /OUTPUT 1 "out";
o0x7efc3e733038 .functor BUFZ 1, c4<z>; HiZ drive
L_0x55557d95b390 .functor NOT 1, o0x7efc3e733038, C4<0>, C4<0>, C4<0>;
v0x55557d910130_0 .net "in", 0 0, o0x7efc3e733038;  0 drivers
v0x55557d9101f0_0 .net "out", 0 0, L_0x55557d95b390;  1 drivers
S_0x55557d8cc830 .scope module, "Or" "Or" 11 8;
 .timescale -12 -12;
    .port_info 0 /INPUT 1 "a";
    .port_info 1 /INPUT 1 "b";
    .port_info 2 /OUTPUT 1 "out";
o0x7efc3e7330f8 .functor BUFZ 1, c4<z>; HiZ drive
o0x7efc3e733128 .functor BUFZ 1, c4<z>; HiZ drive
L_0x55557d95b400 .functor OR 1, o0x7efc3e7330f8, o0x7efc3e733128, C4<0>, C4<0>;
v0x55557d910310_0 .net "a", 0 0, o0x7efc3e7330f8;  0 drivers
v0x55557d9103d0_0 .net "b", 0 0, o0x7efc3e733128;  0 drivers
v0x55557d910490_0 .net "out", 0 0, L_0x55557d95b400;  1 drivers
S_0x55557d8cc440 .scope module, "SB_CARRY" "SB_CARRY" 7 228;
 .timescale -12 -12;
    .port_info 0 /OUTPUT 1 "CO";
    .port_info 1 /INPUT 1 "I0";
    .port_info 2 /INPUT 1 "I1";
    .port_info 3 /INPUT 1 "CI";
o0x7efc3e733278 .functor BUFZ 1, c4<z>; HiZ drive
o0x7efc3e7332a8 .functor BUFZ 1, c4<z>; HiZ drive
L_0x55557d95b470 .functor AND 1, o0x7efc3e733278, o0x7efc3e7332a8, C4<1>, C4<1>;
L_0x55557d95b4e0 .functor OR 1, o0x7efc3e733278, o0x7efc3e7332a8, C4<0>, C4<0>;
o0x7efc3e733218 .functor BUFZ 1, c4<z>; HiZ drive
L_0x55557d95b5f0 .functor AND 1, L_0x55557d95b4e0, o0x7efc3e733218, C4<1>, C4<1>;
L_0x55557d95b6b0 .functor OR 1, L_0x55557d95b470, L_0x55557d95b5f0, C4<0>, C4<0>;
v0x55557d9105e0_0 .net "CI", 0 0, o0x7efc3e733218;  0 drivers
v0x55557d9106a0_0 .net "CO", 0 0, L_0x55557d95b6b0;  1 drivers
v0x55557d910760_0 .net "I0", 0 0, o0x7efc3e733278;  0 drivers
v0x55557d910830_0 .net "I1", 0 0, o0x7efc3e7332a8;  0 drivers
v0x55557d9108f0_0 .net *"_ivl_1", 0 0, L_0x55557d95b470;  1 drivers
v0x55557d9109b0_0 .net *"_ivl_3", 0 0, L_0x55557d95b4e0;  1 drivers
v0x55557d910a70_0 .net *"_ivl_5", 0 0, L_0x55557d95b5f0;  1 drivers
S_0x55557d8cbc70 .scope module, "SB_DFF" "SB_DFF" 7 265;
 .timescale -12 -12;
    .port_info 0 /OUTPUT 1 "Q";
    .port_info 1 /INPUT 1 "C";
    .port_info 2 /INPUT 1 "D";
o0x7efc3e733428 .functor BUFZ 1, c4<z>; HiZ drive
v0x55557d910c30_0 .net "C", 0 0, o0x7efc3e733428;  0 drivers
o0x7efc3e733458 .functor BUFZ 1, c4<z>; HiZ drive
v0x55557d910d10_0 .net "D", 0 0, o0x7efc3e733458;  0 drivers
v0x55557d910dd0_0 .var "Q", 0 0;
E_0x55557d910bb0 .event posedge, v0x55557d910c30_0;
S_0x55557d8c6a80 .scope module, "SB_DFFE" "SB_DFFE" 7 303;
 .timescale -12 -12;
    .port_info 0 /OUTPUT 1 "Q";
    .port_info 1 /INPUT 1 "C";
    .port_info 2 /INPUT 1 "E";
    .port_info 3 /INPUT 1 "D";
o0x7efc3e733548 .functor BUFZ 1, c4<z>; HiZ drive
v0x55557d910f50_0 .net "C", 0 0, o0x7efc3e733548;  0 drivers
o0x7efc3e733578 .functor BUFZ 1, c4<z>; HiZ drive
v0x55557d911030_0 .net "D", 0 0, o0x7efc3e733578;  0 drivers
o0x7efc3e7335a8 .functor BUFZ 1, c4<z>; HiZ drive
v0x55557d9110f0_0 .net "E", 0 0, o0x7efc3e7335a8;  0 drivers
v0x55557d9111c0_0 .var "Q", 0 0;
E_0x55557d910ef0 .event posedge, v0x55557d910f50_0;
S_0x55557d8c1430 .scope module, "SB_DFFER" "SB_DFFER" 7 653;
 .timescale -12 -12;
    .port_info 0 /OUTPUT 1 "Q";
    .port_info 1 /INPUT 1 "C";
    .port_info 2 /INPUT 1 "E";
    .port_info 3 /INPUT 1 "R";
    .port_info 4 /INPUT 1 "D";
o0x7efc3e7336c8 .functor BUFZ 1, c4<z>; HiZ drive
v0x55557d9113b0_0 .net "C", 0 0, o0x7efc3e7336c8;  0 drivers
o0x7efc3e7336f8 .functor BUFZ 1, c4<z>; HiZ drive
v0x55557d911490_0 .net "D", 0 0, o0x7efc3e7336f8;  0 drivers
o0x7efc3e733728 .functor BUFZ 1, c4<z>; HiZ drive
v0x55557d911550_0 .net "E", 0 0, o0x7efc3e733728;  0 drivers
v0x55557d9115f0_0 .var "Q", 0 0;
o0x7efc3e733788 .functor BUFZ 1, c4<z>; HiZ drive
v0x55557d9116b0_0 .net "R", 0 0, o0x7efc3e733788;  0 drivers
E_0x55557d911330 .event posedge, v0x55557d9116b0_0, v0x55557d9113b0_0;
S_0x55557d8a9430 .scope module, "SB_DFFES" "SB_DFFES" 7 794;
 .timescale -12 -12;
    .port_info 0 /OUTPUT 1 "Q";
    .port_info 1 /INPUT 1 "C";
    .port_info 2 /INPUT 1 "E";
    .port_info 3 /INPUT 1 "S";
    .port_info 4 /INPUT 1 "D";
o0x7efc3e7338a8 .functor BUFZ 1, c4<z>; HiZ drive
v0x55557d9118e0_0 .net "C", 0 0, o0x7efc3e7338a8;  0 drivers
o0x7efc3e7338d8 .functor BUFZ 1, c4<z>; HiZ drive
v0x55557d9119c0_0 .net "D", 0 0, o0x7efc3e7338d8;  0 drivers
o0x7efc3e733908 .functor BUFZ 1, c4<z>; HiZ drive
v0x55557d911a80_0 .net "E", 0 0, o0x7efc3e733908;  0 drivers
v0x55557d911b20_0 .var "Q", 0 0;
o0x7efc3e733968 .functor BUFZ 1, c4<z>; HiZ drive
v0x55557d911be0_0 .net "S", 0 0, o0x7efc3e733968;  0 drivers
E_0x55557d911860 .event posedge, v0x55557d911be0_0, v0x55557d9118e0_0;
S_0x55557d8a9040 .scope module, "SB_DFFESR" "SB_DFFESR" 7 592;
 .timescale -12 -12;
    .port_info 0 /OUTPUT 1 "Q";
    .port_info 1 /INPUT 1 "C";
    .port_info 2 /INPUT 1 "E";
    .port_info 3 /INPUT 1 "R";
    .port_info 4 /INPUT 1 "D";
o0x7efc3e733a88 .functor BUFZ 1, c4<z>; HiZ drive
v0x55557d911e10_0 .net "C", 0 0, o0x7efc3e733a88;  0 drivers
o0x7efc3e733ab8 .functor BUFZ 1, c4<z>; HiZ drive
v0x55557d911ef0_0 .net "D", 0 0, o0x7efc3e733ab8;  0 drivers
o0x7efc3e733ae8 .functor BUFZ 1, c4<z>; HiZ drive
v0x55557d911fb0_0 .net "E", 0 0, o0x7efc3e733ae8;  0 drivers
v0x55557d912050_0 .var "Q", 0 0;
o0x7efc3e733b48 .functor BUFZ 1, c4<z>; HiZ drive
v0x55557d912110_0 .net "R", 0 0, o0x7efc3e733b48;  0 drivers
E_0x55557d911d90 .event posedge, v0x55557d911e10_0;
S_0x55557d8a6140 .scope module, "SB_DFFESS" "SB_DFFESS" 7 733;
 .timescale -12 -12;
    .port_info 0 /OUTPUT 1 "Q";
    .port_info 1 /INPUT 1 "C";
    .port_info 2 /INPUT 1 "E";
    .port_info 3 /INPUT 1 "S";
    .port_info 4 /INPUT 1 "D";
o0x7efc3e733c68 .functor BUFZ 1, c4<z>; HiZ drive
v0x55557d912340_0 .net "C", 0 0, o0x7efc3e733c68;  0 drivers
o0x7efc3e733c98 .functor BUFZ 1, c4<z>; HiZ drive
v0x55557d912420_0 .net "D", 0 0, o0x7efc3e733c98;  0 drivers
o0x7efc3e733cc8 .functor BUFZ 1, c4<z>; HiZ drive
v0x55557d9124e0_0 .net "E", 0 0, o0x7efc3e733cc8;  0 drivers
v0x55557d912580_0 .var "Q", 0 0;
o0x7efc3e733d28 .functor BUFZ 1, c4<z>; HiZ drive
v0x55557d912640_0 .net "S", 0 0, o0x7efc3e733d28;  0 drivers
E_0x55557d9122c0 .event posedge, v0x55557d912340_0;
S_0x55557d8a5d50 .scope module, "SB_DFFN" "SB_DFFN" 7 876;
 .timescale -12 -12;
    .port_info 0 /OUTPUT 1 "Q";
    .port_info 1 /INPUT 1 "C";
    .port_info 2 /INPUT 1 "D";
o0x7efc3e733e48 .functor BUFZ 1, c4<z>; HiZ drive
v0x55557d912870_0 .net "C", 0 0, o0x7efc3e733e48;  0 drivers
o0x7efc3e733e78 .functor BUFZ 1, c4<z>; HiZ drive
v0x55557d912950_0 .net "D", 0 0, o0x7efc3e733e78;  0 drivers
v0x55557d912a10_0 .var "Q", 0 0;
E_0x55557d9127f0 .event negedge, v0x55557d912870_0;
S_0x55557d8a0040 .scope module, "SB_DFFNE" "SB_DFFNE" 7 914;
 .timescale -12 -12;
    .port_info 0 /OUTPUT 1 "Q";
    .port_info 1 /INPUT 1 "C";
    .port_info 2 /INPUT 1 "E";
    .port_info 3 /INPUT 1 "D";
o0x7efc3e733f68 .functor BUFZ 1, c4<z>; HiZ drive
v0x55557d912b90_0 .net "C", 0 0, o0x7efc3e733f68;  0 drivers
o0x7efc3e733f98 .functor BUFZ 1, c4<z>; HiZ drive
v0x55557d912c70_0 .net "D", 0 0, o0x7efc3e733f98;  0 drivers
o0x7efc3e733fc8 .functor BUFZ 1, c4<z>; HiZ drive
v0x55557d912d30_0 .net "E", 0 0, o0x7efc3e733fc8;  0 drivers
v0x55557d912e00_0 .var "Q", 0 0;
E_0x55557d912b30 .event negedge, v0x55557d912b90_0;
S_0x55557d8a2ce0 .scope module, "SB_DFFNER" "SB_DFFNER" 7 1264;
 .timescale -12 -12;
    .port_info 0 /OUTPUT 1 "Q";
    .port_info 1 /INPUT 1 "C";
    .port_info 2 /INPUT 1 "E";
    .port_info 3 /INPUT 1 "R";
    .port_info 4 /INPUT 1 "D";
o0x7efc3e7340e8 .functor BUFZ 1, c4<z>; HiZ drive
v0x55557d912ff0_0 .net "C", 0 0, o0x7efc3e7340e8;  0 drivers
o0x7efc3e734118 .functor BUFZ 1, c4<z>; HiZ drive
v0x55557d9130d0_0 .net "D", 0 0, o0x7efc3e734118;  0 drivers
o0x7efc3e734148 .functor BUFZ 1, c4<z>; HiZ drive
v0x55557d913190_0 .net "E", 0 0, o0x7efc3e734148;  0 drivers
v0x55557d913230_0 .var "Q", 0 0;
o0x7efc3e7341a8 .functor BUFZ 1, c4<z>; HiZ drive
v0x55557d9132f0_0 .net "R", 0 0, o0x7efc3e7341a8;  0 drivers
E_0x55557d912f70/0 .event negedge, v0x55557d912ff0_0;
E_0x55557d912f70/1 .event posedge, v0x55557d9132f0_0;
E_0x55557d912f70 .event/or E_0x55557d912f70/0, E_0x55557d912f70/1;
S_0x55557d8a28f0 .scope module, "SB_DFFNES" "SB_DFFNES" 7 1405;
 .timescale -12 -12;
    .port_info 0 /OUTPUT 1 "Q";
    .port_info 1 /INPUT 1 "C";
    .port_info 2 /INPUT 1 "E";
    .port_info 3 /INPUT 1 "S";
    .port_info 4 /INPUT 1 "D";
o0x7efc3e7342c8 .functor BUFZ 1, c4<z>; HiZ drive
v0x55557d913520_0 .net "C", 0 0, o0x7efc3e7342c8;  0 drivers
o0x7efc3e7342f8 .functor BUFZ 1, c4<z>; HiZ drive
v0x55557d913600_0 .net "D", 0 0, o0x7efc3e7342f8;  0 drivers
o0x7efc3e734328 .functor BUFZ 1, c4<z>; HiZ drive
v0x55557d9136c0_0 .net "E", 0 0, o0x7efc3e734328;  0 drivers
v0x55557d913760_0 .var "Q", 0 0;
o0x7efc3e734388 .functor BUFZ 1, c4<z>; HiZ drive
v0x55557d913820_0 .net "S", 0 0, o0x7efc3e734388;  0 drivers
E_0x55557d9134a0/0 .event negedge, v0x55557d913520_0;
E_0x55557d9134a0/1 .event posedge, v0x55557d913820_0;
E_0x55557d9134a0 .event/or E_0x55557d9134a0/0, E_0x55557d9134a0/1;
S_0x55557d89fc80 .scope module, "SB_DFFNESR" "SB_DFFNESR" 7 1203;
 .timescale -12 -12;
    .port_info 0 /OUTPUT 1 "Q";
    .port_info 1 /INPUT 1 "C";
    .port_info 2 /INPUT 1 "E";
    .port_info 3 /INPUT 1 "R";
    .port_info 4 /INPUT 1 "D";
o0x7efc3e7344a8 .functor BUFZ 1, c4<z>; HiZ drive
v0x55557d913a50_0 .net "C", 0 0, o0x7efc3e7344a8;  0 drivers
o0x7efc3e7344d8 .functor BUFZ 1, c4<z>; HiZ drive
v0x55557d913b30_0 .net "D", 0 0, o0x7efc3e7344d8;  0 drivers
o0x7efc3e734508 .functor BUFZ 1, c4<z>; HiZ drive
v0x55557d913bf0_0 .net "E", 0 0, o0x7efc3e734508;  0 drivers
v0x55557d913c90_0 .var "Q", 0 0;
o0x7efc3e734568 .functor BUFZ 1, c4<z>; HiZ drive
v0x55557d913d50_0 .net "R", 0 0, o0x7efc3e734568;  0 drivers
E_0x55557d9139d0 .event negedge, v0x55557d913a50_0;
S_0x55557d88a9c0 .scope module, "SB_DFFNESS" "SB_DFFNESS" 7 1344;
 .timescale -12 -12;
    .port_info 0 /OUTPUT 1 "Q";
    .port_info 1 /INPUT 1 "C";
    .port_info 2 /INPUT 1 "E";
    .port_info 3 /INPUT 1 "S";
    .port_info 4 /INPUT 1 "D";
o0x7efc3e734688 .functor BUFZ 1, c4<z>; HiZ drive
v0x55557d913f80_0 .net "C", 0 0, o0x7efc3e734688;  0 drivers
o0x7efc3e7346b8 .functor BUFZ 1, c4<z>; HiZ drive
v0x55557d914060_0 .net "D", 0 0, o0x7efc3e7346b8;  0 drivers
o0x7efc3e7346e8 .functor BUFZ 1, c4<z>; HiZ drive
v0x55557d914120_0 .net "E", 0 0, o0x7efc3e7346e8;  0 drivers
v0x55557d9141c0_0 .var "Q", 0 0;
o0x7efc3e734748 .functor BUFZ 1, c4<z>; HiZ drive
v0x55557d914280_0 .net "S", 0 0, o0x7efc3e734748;  0 drivers
E_0x55557d913f00 .event negedge, v0x55557d913f80_0;
S_0x55557d88a680 .scope module, "SB_DFFNR" "SB_DFFNR" 7 1011;
 .timescale -12 -12;
    .port_info 0 /OUTPUT 1 "Q";
    .port_info 1 /INPUT 1 "C";
    .port_info 2 /INPUT 1 "R";
    .port_info 3 /INPUT 1 "D";
o0x7efc3e734868 .functor BUFZ 1, c4<z>; HiZ drive
v0x55557d9144b0_0 .net "C", 0 0, o0x7efc3e734868;  0 drivers
o0x7efc3e734898 .functor BUFZ 1, c4<z>; HiZ drive
v0x55557d914590_0 .net "D", 0 0, o0x7efc3e734898;  0 drivers
v0x55557d914650_0 .var "Q", 0 0;
o0x7efc3e7348f8 .functor BUFZ 1, c4<z>; HiZ drive
v0x55557d9146f0_0 .net "R", 0 0, o0x7efc3e7348f8;  0 drivers
E_0x55557d914430/0 .event negedge, v0x55557d9144b0_0;
E_0x55557d914430/1 .event posedge, v0x55557d9146f0_0;
E_0x55557d914430 .event/or E_0x55557d914430/0, E_0x55557d914430/1;
S_0x55557d886570 .scope module, "SB_DFFNS" "SB_DFFNS" 7 1132;
 .timescale -12 -12;
    .port_info 0 /OUTPUT 1 "Q";
    .port_info 1 /INPUT 1 "C";
    .port_info 2 /INPUT 1 "S";
    .port_info 3 /INPUT 1 "D";
o0x7efc3e7349e8 .functor BUFZ 1, c4<z>; HiZ drive
v0x55557d9148e0_0 .net "C", 0 0, o0x7efc3e7349e8;  0 drivers
o0x7efc3e734a18 .functor BUFZ 1, c4<z>; HiZ drive
v0x55557d9149c0_0 .net "D", 0 0, o0x7efc3e734a18;  0 drivers
v0x55557d914a80_0 .var "Q", 0 0;
o0x7efc3e734a78 .functor BUFZ 1, c4<z>; HiZ drive
v0x55557d914b20_0 .net "S", 0 0, o0x7efc3e734a78;  0 drivers
E_0x55557d914860/0 .event negedge, v0x55557d9148e0_0;
E_0x55557d914860/1 .event posedge, v0x55557d914b20_0;
E_0x55557d914860 .event/or E_0x55557d914860/0, E_0x55557d914860/1;
S_0x55557d8861b0 .scope module, "SB_DFFNSR" "SB_DFFNSR" 7 961;
 .timescale -12 -12;
    .port_info 0 /OUTPUT 1 "Q";
    .port_info 1 /INPUT 1 "C";
    .port_info 2 /INPUT 1 "R";
    .port_info 3 /INPUT 1 "D";
o0x7efc3e734b68 .functor BUFZ 1, c4<z>; HiZ drive
v0x55557d914d10_0 .net "C", 0 0, o0x7efc3e734b68;  0 drivers
o0x7efc3e734b98 .functor BUFZ 1, c4<z>; HiZ drive
v0x55557d914df0_0 .net "D", 0 0, o0x7efc3e734b98;  0 drivers
v0x55557d914eb0_0 .var "Q", 0 0;
o0x7efc3e734bf8 .functor BUFZ 1, c4<z>; HiZ drive
v0x55557d914f50_0 .net "R", 0 0, o0x7efc3e734bf8;  0 drivers
E_0x55557d914c90 .event negedge, v0x55557d914d10_0;
S_0x55557d8735f0 .scope module, "SB_DFFNSS" "SB_DFFNSS" 7 1082;
 .timescale -12 -12;
    .port_info 0 /OUTPUT 1 "Q";
    .port_info 1 /INPUT 1 "C";
    .port_info 2 /INPUT 1 "S";
    .port_info 3 /INPUT 1 "D";
o0x7efc3e734ce8 .functor BUFZ 1, c4<z>; HiZ drive
v0x55557d915140_0 .net "C", 0 0, o0x7efc3e734ce8;  0 drivers
o0x7efc3e734d18 .functor BUFZ 1, c4<z>; HiZ drive
v0x55557d915220_0 .net "D", 0 0, o0x7efc3e734d18;  0 drivers
v0x55557d9152e0_0 .var "Q", 0 0;
o0x7efc3e734d78 .functor BUFZ 1, c4<z>; HiZ drive
v0x55557d915380_0 .net "S", 0 0, o0x7efc3e734d78;  0 drivers
E_0x55557d9150c0 .event negedge, v0x55557d915140_0;
S_0x55557d873200 .scope module, "SB_DFFR" "SB_DFFR" 7 400;
 .timescale -12 -12;
    .port_info 0 /OUTPUT 1 "Q";
    .port_info 1 /INPUT 1 "C";
    .port_info 2 /INPUT 1 "R";
    .port_info 3 /INPUT 1 "D";
o0x7efc3e734e68 .functor BUFZ 1, c4<z>; HiZ drive
v0x55557d915570_0 .net "C", 0 0, o0x7efc3e734e68;  0 drivers
o0x7efc3e734e98 .functor BUFZ 1, c4<z>; HiZ drive
v0x55557d915650_0 .net "D", 0 0, o0x7efc3e734e98;  0 drivers
v0x55557d915710_0 .var "Q", 0 0;
o0x7efc3e734ef8 .functor BUFZ 1, c4<z>; HiZ drive
v0x55557d9157b0_0 .net "R", 0 0, o0x7efc3e734ef8;  0 drivers
E_0x55557d9154f0 .event posedge, v0x55557d9157b0_0, v0x55557d915570_0;
S_0x55557d872a30 .scope module, "SB_DFFS" "SB_DFFS" 7 521;
 .timescale -12 -12;
    .port_info 0 /OUTPUT 1 "Q";
    .port_info 1 /INPUT 1 "C";
    .port_info 2 /INPUT 1 "S";
    .port_info 3 /INPUT 1 "D";
o0x7efc3e734fe8 .functor BUFZ 1, c4<z>; HiZ drive
v0x55557d9159a0_0 .net "C", 0 0, o0x7efc3e734fe8;  0 drivers
o0x7efc3e735018 .functor BUFZ 1, c4<z>; HiZ drive
v0x55557d915a80_0 .net "D", 0 0, o0x7efc3e735018;  0 drivers
v0x55557d915b40_0 .var "Q", 0 0;
o0x7efc3e735078 .functor BUFZ 1, c4<z>; HiZ drive
v0x55557d915be0_0 .net "S", 0 0, o0x7efc3e735078;  0 drivers
E_0x55557d915920 .event posedge, v0x55557d915be0_0, v0x55557d9159a0_0;
S_0x55557d8706e0 .scope module, "SB_DFFSR" "SB_DFFSR" 7 350;
 .timescale -12 -12;
    .port_info 0 /OUTPUT 1 "Q";
    .port_info 1 /INPUT 1 "C";
    .port_info 2 /INPUT 1 "R";
    .port_info 3 /INPUT 1 "D";
o0x7efc3e735168 .functor BUFZ 1, c4<z>; HiZ drive
v0x55557d915dd0_0 .net "C", 0 0, o0x7efc3e735168;  0 drivers
o0x7efc3e735198 .functor BUFZ 1, c4<z>; HiZ drive
v0x55557d915eb0_0 .net "D", 0 0, o0x7efc3e735198;  0 drivers
v0x55557d915f70_0 .var "Q", 0 0;
o0x7efc3e7351f8 .functor BUFZ 1, c4<z>; HiZ drive
v0x55557d916010_0 .net "R", 0 0, o0x7efc3e7351f8;  0 drivers
E_0x55557d915d50 .event posedge, v0x55557d915dd0_0;
S_0x55557d901410 .scope module, "SB_DFFSS" "SB_DFFSS" 7 471;
 .timescale -12 -12;
    .port_info 0 /OUTPUT 1 "Q";
    .port_info 1 /INPUT 1 "C";
    .port_info 2 /INPUT 1 "S";
    .port_info 3 /INPUT 1 "D";
o0x7efc3e7352e8 .functor BUFZ 1, c4<z>; HiZ drive
v0x55557d916200_0 .net "C", 0 0, o0x7efc3e7352e8;  0 drivers
o0x7efc3e735318 .functor BUFZ 1, c4<z>; HiZ drive
v0x55557d9162e0_0 .net "D", 0 0, o0x7efc3e735318;  0 drivers
v0x55557d9163a0_0 .var "Q", 0 0;
o0x7efc3e735378 .functor BUFZ 1, c4<z>; HiZ drive
v0x55557d916440_0 .net "S", 0 0, o0x7efc3e735378;  0 drivers
E_0x55557d916180 .event posedge, v0x55557d916200_0;
S_0x55557d897760 .scope module, "SB_FILTER_50NS" "SB_FILTER_50NS" 7 2856;
 .timescale -12 -12;
    .port_info 0 /INPUT 1 "FILTERIN";
    .port_info 1 /OUTPUT 1 "FILTEROUT";
o0x7efc3e735468 .functor BUFZ 1, c4<z>; HiZ drive
v0x55557d9165b0_0 .net "FILTERIN", 0 0, o0x7efc3e735468;  0 drivers
o0x7efc3e735498 .functor BUFZ 1, c4<z>; HiZ drive
v0x55557d916690_0 .net "FILTEROUT", 0 0, o0x7efc3e735498;  0 drivers
S_0x55557d8ef1a0 .scope module, "SB_GB" "SB_GB" 7 162;
 .timescale -12 -12;
    .port_info 0 /INPUT 1 "USER_SIGNAL_TO_GLOBAL_BUFFER";
    .port_info 1 /OUTPUT 1 "GLOBAL_BUFFER_OUTPUT";
o0x7efc3e735558 .functor BUFZ 1, c4<z>; HiZ drive
L_0x55557d95b7f0 .functor BUFZ 1, o0x7efc3e735558, C4<0>, C4<0>, C4<0>;
v0x55557d9167b0_0 .net "GLOBAL_BUFFER_OUTPUT", 0 0, L_0x55557d95b7f0;  1 drivers
v0x55557d916870_0 .net "USER_SIGNAL_TO_GLOBAL_BUFFER", 0 0, o0x7efc3e735558;  0 drivers
S_0x55557d8eedc0 .scope module, "SB_GB_IO" "SB_GB_IO" 7 123;
 .timescale -12 -12;
    .port_info 0 /INOUT 1 "PACKAGE_PIN";
    .port_info 1 /OUTPUT 1 "GLOBAL_BUFFER_OUTPUT";
    .port_info 2 /INPUT 1 "LATCH_INPUT_VALUE";
    .port_info 3 /INPUT 1 "CLOCK_ENABLE";
    .port_info 4 /INPUT 1 "INPUT_CLK";
    .port_info 5 /INPUT 1 "OUTPUT_CLK";
    .port_info 6 /INPUT 1 "OUTPUT_ENABLE";
    .port_info 7 /INPUT 1 "D_OUT_0";
    .port_info 8 /INPUT 1 "D_OUT_1";
    .port_info 9 /OUTPUT 1 "D_IN_0";
    .port_info 10 /OUTPUT 1 "D_IN_1";
P_0x55557d8ef650 .param/str "IO_STANDARD" 0 7 139, "SB_LVCMOS";
P_0x55557d8ef690 .param/l "NEG_TRIGGER" 0 7 138, C4<0>;
P_0x55557d8ef6d0 .param/l "PIN_TYPE" 0 7 136, C4<000000>;
P_0x55557d8ef710 .param/l "PULLUP" 0 7 137, C4<0>;
o0x7efc3e735798 .functor BUFZ 1, c4<z>; HiZ drive
L_0x55557d95b860 .functor BUFZ 1, o0x7efc3e735798, C4<0>, C4<0>, C4<0>;
o0x7efc3e7355e8 .functor BUFZ 1, c4<z>; HiZ drive
v0x55557d9189c0_0 .net "CLOCK_ENABLE", 0 0, o0x7efc3e7355e8;  0 drivers
v0x55557d918a80_0 .net "D_IN_0", 0 0, L_0x55557d95bb00;  1 drivers
v0x55557d918b50_0 .net "D_IN_1", 0 0, L_0x55557d95bbc0;  1 drivers
o0x7efc3e735678 .functor BUFZ 1, c4<z>; HiZ drive
v0x55557d918c50_0 .net "D_OUT_0", 0 0, o0x7efc3e735678;  0 drivers
o0x7efc3e7356a8 .functor BUFZ 1, c4<z>; HiZ drive
v0x55557d918d20_0 .net "D_OUT_1", 0 0, o0x7efc3e7356a8;  0 drivers
v0x55557d918dc0_0 .net "GLOBAL_BUFFER_OUTPUT", 0 0, L_0x55557d95b860;  1 drivers
o0x7efc3e7356d8 .functor BUFZ 1, c4<z>; HiZ drive
v0x55557d918e60_0 .net "INPUT_CLK", 0 0, o0x7efc3e7356d8;  0 drivers
o0x7efc3e735708 .functor BUFZ 1, c4<z>; HiZ drive
v0x55557d918f30_0 .net "LATCH_INPUT_VALUE", 0 0, o0x7efc3e735708;  0 drivers
o0x7efc3e735738 .functor BUFZ 1, c4<z>; HiZ drive
v0x55557d919000_0 .net "OUTPUT_CLK", 0 0, o0x7efc3e735738;  0 drivers
o0x7efc3e735768 .functor BUFZ 1, c4<z>; HiZ drive
v0x55557d9190d0_0 .net "OUTPUT_ENABLE", 0 0, o0x7efc3e735768;  0 drivers
v0x55557d9191a0_0 .net "PACKAGE_PIN", 0 0, o0x7efc3e735798;  0 drivers
S_0x55557d916990 .scope module, "IO" "SB_IO" 7 148, 7 17 0, S_0x55557d8eedc0;
 .timescale -12 -12;
    .port_info 0 /INOUT 1 "PACKAGE_PIN";
    .port_info 1 /INPUT 1 "LATCH_INPUT_VALUE";
    .port_info 2 /INPUT 1 "CLOCK_ENABLE";
    .port_info 3 /INPUT 1 "INPUT_CLK";
    .port_info 4 /INPUT 1 "OUTPUT_CLK";
    .port_info 5 /INPUT 1 "OUTPUT_ENABLE";
    .port_info 6 /INPUT 1 "D_OUT_0";
    .port_info 7 /INPUT 1 "D_OUT_1";
    .port_info 8 /OUTPUT 1 "D_IN_0";
    .port_info 9 /OUTPUT 1 "D_IN_1";
P_0x55557d908480 .param/str "IO_STANDARD" 0 7 32, "SB_LVCMOS";
P_0x55557d9084c0 .param/l "NEG_TRIGGER" 0 7 31, C4<0>;
P_0x55557d908500 .param/l "PIN_TYPE" 0 7 29, C4<000000>;
P_0x55557d908540 .param/l "PULLUP" 0 7 30, C4<0>;
L_0x55557d95ba10 .functor OR 1, o0x7efc3e7355e8, L_0x55557d95b920, C4<0>, C4<0>;
L_0x55557d95bb00 .functor BUFZ 1, v0x55557d917f90_0, C4<0>, C4<0>, C4<0>;
L_0x55557d95bbc0 .functor BUFZ 1, v0x55557d918050_0, C4<0>, C4<0>, C4<0>;
v0x55557d917400_0 .net "CLOCK_ENABLE", 0 0, o0x7efc3e7355e8;  alias, 0 drivers
v0x55557d9174c0_0 .net "D_IN_0", 0 0, L_0x55557d95bb00;  alias, 1 drivers
v0x55557d917580_0 .net "D_IN_1", 0 0, L_0x55557d95bbc0;  alias, 1 drivers
v0x55557d917620_0 .net "D_OUT_0", 0 0, o0x7efc3e735678;  alias, 0 drivers
v0x55557d9176e0_0 .net "D_OUT_1", 0 0, o0x7efc3e7356a8;  alias, 0 drivers
v0x55557d9177f0_0 .net "INPUT_CLK", 0 0, o0x7efc3e7356d8;  alias, 0 drivers
v0x55557d9178b0_0 .net "LATCH_INPUT_VALUE", 0 0, o0x7efc3e735708;  alias, 0 drivers
v0x55557d917970_0 .net "OUTPUT_CLK", 0 0, o0x7efc3e735738;  alias, 0 drivers
v0x55557d917a30_0 .net "OUTPUT_ENABLE", 0 0, o0x7efc3e735768;  alias, 0 drivers
v0x55557d917af0_0 .net "PACKAGE_PIN", 0 0, o0x7efc3e735798;  alias, 0 drivers
o0x7efc3e7357c8 .functor BUFZ 1, c4<z>; HiZ drive
; Elide local net with no drivers, v0x55557d917bb0_0 name=_ivl_0
v0x55557d917c90_0 .net *"_ivl_2", 0 0, L_0x55557d95b920;  1 drivers
v0x55557d917d50_0 .net "clken_pulled", 0 0, L_0x55557d95ba10;  1 drivers
v0x55557d917e10_0 .var "clken_pulled_ri", 0 0;
v0x55557d917ed0_0 .var "clken_pulled_ro", 0 0;
v0x55557d917f90_0 .var "din_0", 0 0;
v0x55557d918050_0 .var "din_1", 0 0;
v0x55557d918220_0 .var "din_q_0", 0 0;
v0x55557d9182e0_0 .var "din_q_1", 0 0;
v0x55557d9183a0_0 .var "dout", 0 0;
v0x55557d918460_0 .var "dout_q_0", 0 0;
v0x55557d918520_0 .var "dout_q_1", 0 0;
v0x55557d9185e0_0 .var "outclk_delayed_1", 0 0;
v0x55557d9186a0_0 .var "outclk_delayed_2", 0 0;
v0x55557d918760_0 .var "outena_q", 0 0;
E_0x55557d916ea0 .event anyedge, v0x55557d9186a0_0, v0x55557d918460_0, v0x55557d918520_0;
E_0x55557d916f00 .event anyedge, v0x55557d9185e0_0;
E_0x55557d916f60 .event anyedge, v0x55557d917970_0;
E_0x55557d916fc0 .event anyedge, v0x55557d918220_0, v0x55557d9182e0_0;
L_0x55557d95b920 .cmp/eeq 1, o0x7efc3e7355e8, o0x7efc3e7357c8;
S_0x55557d917050 .scope generate, "genblk1" "genblk1" 7 45, 7 45 0, S_0x55557d916990;
 .timescale -12 -12;
E_0x55557d917230 .event posedge, v0x55557d917970_0;
E_0x55557d9172b0 .event negedge, v0x55557d917970_0;
E_0x55557d917310 .event negedge, v0x55557d9177f0_0;
E_0x55557d917370 .event posedge, v0x55557d9177f0_0;
S_0x55557d8dd2f0 .scope module, "SB_HFOSC" "SB_HFOSC" 7 2664;
 .timescale -12 -12;
    .port_info 0 /INPUT 1 "TRIM0";
    .port_info 1 /INPUT 1 "TRIM1";
    .port_info 2 /INPUT 1 "TRIM2";
    .port_info 3 /INPUT 1 "TRIM3";
    .port_info 4 /INPUT 1 "TRIM4";
    .port_info 5 /INPUT 1 "TRIM5";
    .port_info 6 /INPUT 1 "TRIM6";
    .port_info 7 /INPUT 1 "TRIM7";
    .port_info 8 /INPUT 1 "TRIM8";
    .port_info 9 /INPUT 1 "TRIM9";
    .port_info 10 /INPUT 1 "CLKHFPU";
    .port_info 11 /INPUT 1 "CLKHFEN";
    .port_info 12 /OUTPUT 1 "CLKHF";
P_0x55557d750350 .param/str "CLKHF_DIV" 0 7 2680, "0b00";
P_0x55557d750390 .param/str "TRIM_EN" 0 7 2679, "0b0";
o0x7efc3e735eb8 .functor BUFZ 1, c4<z>; HiZ drive
v0x55557d919290_0 .net "CLKHF", 0 0, o0x7efc3e735eb8;  0 drivers
o0x7efc3e735ee8 .functor BUFZ 1, c4<z>; HiZ drive
v0x55557d919370_0 .net "CLKHFEN", 0 0, o0x7efc3e735ee8;  0 drivers
o0x7efc3e735f18 .functor BUFZ 1, c4<z>; HiZ drive
v0x55557d919430_0 .net "CLKHFPU", 0 0, o0x7efc3e735f18;  0 drivers
o0x7efc3e735f48 .functor BUFZ 1, c4<z>; HiZ drive
v0x55557d919500_0 .net "TRIM0", 0 0, o0x7efc3e735f48;  0 drivers
o0x7efc3e735f78 .functor BUFZ 1, c4<z>; HiZ drive
v0x55557d9195c0_0 .net "TRIM1", 0 0, o0x7efc3e735f78;  0 drivers
o0x7efc3e735fa8 .functor BUFZ 1, c4<z>; HiZ drive
v0x55557d919680_0 .net "TRIM2", 0 0, o0x7efc3e735fa8;  0 drivers
o0x7efc3e735fd8 .functor BUFZ 1, c4<z>; HiZ drive
v0x55557d919740_0 .net "TRIM3", 0 0, o0x7efc3e735fd8;  0 drivers
o0x7efc3e736008 .functor BUFZ 1, c4<z>; HiZ drive
v0x55557d919800_0 .net "TRIM4", 0 0, o0x7efc3e736008;  0 drivers
o0x7efc3e736038 .functor BUFZ 1, c4<z>; HiZ drive
v0x55557d9198c0_0 .net "TRIM5", 0 0, o0x7efc3e736038;  0 drivers
o0x7efc3e736068 .functor BUFZ 1, c4<z>; HiZ drive
v0x55557d919a10_0 .net "TRIM6", 0 0, o0x7efc3e736068;  0 drivers
o0x7efc3e736098 .functor BUFZ 1, c4<z>; HiZ drive
v0x55557d919ad0_0 .net "TRIM7", 0 0, o0x7efc3e736098;  0 drivers
o0x7efc3e7360c8 .functor BUFZ 1, c4<z>; HiZ drive
v0x55557d919b90_0 .net "TRIM8", 0 0, o0x7efc3e7360c8;  0 drivers
o0x7efc3e7360f8 .functor BUFZ 1, c4<z>; HiZ drive
v0x55557d919c50_0 .net "TRIM9", 0 0, o0x7efc3e7360f8;  0 drivers
S_0x55557d8b03f0 .scope module, "SB_I2C" "SB_I2C" 7 2733;
 .timescale -12 -12;
    .port_info 0 /INPUT 1 "SBCLKI";
    .port_info 1 /INPUT 1 "SBRWI";
    .port_info 2 /INPUT 1 "SBSTBI";
    .port_info 3 /INPUT 1 "SBADRI7";
    .port_info 4 /INPUT 1 "SBADRI6";
    .port_info 5 /INPUT 1 "SBADRI5";
    .port_info 6 /INPUT 1 "SBADRI4";
    .port_info 7 /INPUT 1 "SBADRI3";
    .port_info 8 /INPUT 1 "SBADRI2";
    .port_info 9 /INPUT 1 "SBADRI1";
    .port_info 10 /INPUT 1 "SBADRI0";
    .port_info 11 /INPUT 1 "SBDATI7";
    .port_info 12 /INPUT 1 "SBDATI6";
    .port_info 13 /INPUT 1 "SBDATI5";
    .port_info 14 /INPUT 1 "SBDATI4";
    .port_info 15 /INPUT 1 "SBDATI3";
    .port_info 16 /INPUT 1 "SBDATI2";
    .port_info 17 /INPUT 1 "SBDATI1";
    .port_info 18 /INPUT 1 "SBDATI0";
    .port_info 19 /INPUT 1 "SCLI";
    .port_info 20 /INPUT 1 "SDAI";
    .port_info 21 /OUTPUT 1 "SBDATO7";
    .port_info 22 /OUTPUT 1 "SBDATO6";
    .port_info 23 /OUTPUT 1 "SBDATO5";
    .port_info 24 /OUTPUT 1 "SBDATO4";
    .port_info 25 /OUTPUT 1 "SBDATO3";
    .port_info 26 /OUTPUT 1 "SBDATO2";
    .port_info 27 /OUTPUT 1 "SBDATO1";
    .port_info 28 /OUTPUT 1 "SBDATO0";
    .port_info 29 /OUTPUT 1 "SBACKO";
    .port_info 30 /OUTPUT 1 "I2CIRQ";
    .port_info 31 /OUTPUT 1 "I2CWKUP";
    .port_info 32 /OUTPUT 1 "SCLO";
    .port_info 33 /OUTPUT 1 "SCLOE";
    .port_info 34 /OUTPUT 1 "SDAO";
    .port_info 35 /OUTPUT 1 "SDAOE";
P_0x55557d74d770 .param/str "BUS_ADDR74" 0 7 2772, "0b0001";
P_0x55557d74d7b0 .param/str "I2C_SLAVE_INIT_ADDR" 0 7 2771, "0b1111100001";
o0x7efc3e736398 .functor BUFZ 1, c4<z>; HiZ drive
v0x55557d919f20_0 .net "I2CIRQ", 0 0, o0x7efc3e736398;  0 drivers
o0x7efc3e7363c8 .functor BUFZ 1, c4<z>; HiZ drive
v0x55557d91a000_0 .net "I2CWKUP", 0 0, o0x7efc3e7363c8;  0 drivers
o0x7efc3e7363f8 .functor BUFZ 1, c4<z>; HiZ drive
v0x55557d91a0c0_0 .net "SBACKO", 0 0, o0x7efc3e7363f8;  0 drivers
o0x7efc3e736428 .functor BUFZ 1, c4<z>; HiZ drive
v0x55557d91a160_0 .net "SBADRI0", 0 0, o0x7efc3e736428;  0 drivers
o0x7efc3e736458 .functor BUFZ 1, c4<z>; HiZ drive
v0x55557d91a220_0 .net "SBADRI1", 0 0, o0x7efc3e736458;  0 drivers
o0x7efc3e736488 .functor BUFZ 1, c4<z>; HiZ drive
v0x55557d91a2e0_0 .net "SBADRI2", 0 0, o0x7efc3e736488;  0 drivers
o0x7efc3e7364b8 .functor BUFZ 1, c4<z>; HiZ drive
v0x55557d91a3a0_0 .net "SBADRI3", 0 0, o0x7efc3e7364b8;  0 drivers
o0x7efc3e7364e8 .functor BUFZ 1, c4<z>; HiZ drive
v0x55557d91a460_0 .net "SBADRI4", 0 0, o0x7efc3e7364e8;  0 drivers
o0x7efc3e736518 .functor BUFZ 1, c4<z>; HiZ drive
v0x55557d91a520_0 .net "SBADRI5", 0 0, o0x7efc3e736518;  0 drivers
o0x7efc3e736548 .functor BUFZ 1, c4<z>; HiZ drive
v0x55557d91a670_0 .net "SBADRI6", 0 0, o0x7efc3e736548;  0 drivers
o0x7efc3e736578 .functor BUFZ 1, c4<z>; HiZ drive
v0x55557d91a730_0 .net "SBADRI7", 0 0, o0x7efc3e736578;  0 drivers
o0x7efc3e7365a8 .functor BUFZ 1, c4<z>; HiZ drive
v0x55557d91a7f0_0 .net "SBCLKI", 0 0, o0x7efc3e7365a8;  0 drivers
o0x7efc3e7365d8 .functor BUFZ 1, c4<z>; HiZ drive
v0x55557d91a8b0_0 .net "SBDATI0", 0 0, o0x7efc3e7365d8;  0 drivers
o0x7efc3e736608 .functor BUFZ 1, c4<z>; HiZ drive
v0x55557d91a970_0 .net "SBDATI1", 0 0, o0x7efc3e736608;  0 drivers
o0x7efc3e736638 .functor BUFZ 1, c4<z>; HiZ drive
v0x55557d91aa30_0 .net "SBDATI2", 0 0, o0x7efc3e736638;  0 drivers
o0x7efc3e736668 .functor BUFZ 1, c4<z>; HiZ drive
v0x55557d91aaf0_0 .net "SBDATI3", 0 0, o0x7efc3e736668;  0 drivers
o0x7efc3e736698 .functor BUFZ 1, c4<z>; HiZ drive
v0x55557d91abb0_0 .net "SBDATI4", 0 0, o0x7efc3e736698;  0 drivers
o0x7efc3e7366c8 .functor BUFZ 1, c4<z>; HiZ drive
v0x55557d91ad80_0 .net "SBDATI5", 0 0, o0x7efc3e7366c8;  0 drivers
o0x7efc3e7366f8 .functor BUFZ 1, c4<z>; HiZ drive
v0x55557d91ae40_0 .net "SBDATI6", 0 0, o0x7efc3e7366f8;  0 drivers
o0x7efc3e736728 .functor BUFZ 1, c4<z>; HiZ drive
v0x55557d91af00_0 .net "SBDATI7", 0 0, o0x7efc3e736728;  0 drivers
o0x7efc3e736758 .functor BUFZ 1, c4<z>; HiZ drive
v0x55557d91afc0_0 .net "SBDATO0", 0 0, o0x7efc3e736758;  0 drivers
o0x7efc3e736788 .functor BUFZ 1, c4<z>; HiZ drive
v0x55557d91b080_0 .net "SBDATO1", 0 0, o0x7efc3e736788;  0 drivers
o0x7efc3e7367b8 .functor BUFZ 1, c4<z>; HiZ drive
v0x55557d91b140_0 .net "SBDATO2", 0 0, o0x7efc3e7367b8;  0 drivers
o0x7efc3e7367e8 .functor BUFZ 1, c4<z>; HiZ drive
v0x55557d91b200_0 .net "SBDATO3", 0 0, o0x7efc3e7367e8;  0 drivers
o0x7efc3e736818 .functor BUFZ 1, c4<z>; HiZ drive
v0x55557d91b2c0_0 .net "SBDATO4", 0 0, o0x7efc3e736818;  0 drivers
o0x7efc3e736848 .functor BUFZ 1, c4<z>; HiZ drive
v0x55557d91b380_0 .net "SBDATO5", 0 0, o0x7efc3e736848;  0 drivers
o0x7efc3e736878 .functor BUFZ 1, c4<z>; HiZ drive
v0x55557d91b440_0 .net "SBDATO6", 0 0, o0x7efc3e736878;  0 drivers
o0x7efc3e7368a8 .functor BUFZ 1, c4<z>; HiZ drive
v0x55557d91b500_0 .net "SBDATO7", 0 0, o0x7efc3e7368a8;  0 drivers
o0x7efc3e7368d8 .functor BUFZ 1, c4<z>; HiZ drive
v0x55557d91b5c0_0 .net "SBRWI", 0 0, o0x7efc3e7368d8;  0 drivers
o0x7efc3e736908 .functor BUFZ 1, c4<z>; HiZ drive
v0x55557d91b680_0 .net "SBSTBI", 0 0, o0x7efc3e736908;  0 drivers
o0x7efc3e736938 .functor BUFZ 1, c4<z>; HiZ drive
v0x55557d91b740_0 .net "SCLI", 0 0, o0x7efc3e736938;  0 drivers
o0x7efc3e736968 .functor BUFZ 1, c4<z>; HiZ drive
v0x55557d91b800_0 .net "SCLO", 0 0, o0x7efc3e736968;  0 drivers
o0x7efc3e736998 .functor BUFZ 1, c4<z>; HiZ drive
v0x55557d91b8c0_0 .net "SCLOE", 0 0, o0x7efc3e736998;  0 drivers
o0x7efc3e7369c8 .functor BUFZ 1, c4<z>; HiZ drive
v0x55557d91b980_0 .net "SDAI", 0 0, o0x7efc3e7369c8;  0 drivers
o0x7efc3e7369f8 .functor BUFZ 1, c4<z>; HiZ drive
v0x55557d91ba40_0 .net "SDAO", 0 0, o0x7efc3e7369f8;  0 drivers
o0x7efc3e736a28 .functor BUFZ 1, c4<z>; HiZ drive
v0x55557d91bb00_0 .net "SDAOE", 0 0, o0x7efc3e736a28;  0 drivers
S_0x55557d8c0ea0 .scope module, "SB_IO_I3C" "SB_IO_I3C" 7 2862;
 .timescale -12 -12;
    .port_info 0 /INOUT 1 "PACKAGE_PIN";
    .port_info 1 /INPUT 1 "LATCH_INPUT_VALUE";
    .port_info 2 /INPUT 1 "CLOCK_ENABLE";
    .port_info 3 /INPUT 1 "INPUT_CLK";
    .port_info 4 /INPUT 1 "OUTPUT_CLK";
    .port_info 5 /INPUT 1 "OUTPUT_ENABLE";
    .port_info 6 /INPUT 1 "D_OUT_0";
    .port_info 7 /INPUT 1 "D_OUT_1";
    .port_info 8 /OUTPUT 1 "D_IN_0";
    .port_info 9 /OUTPUT 1 "D_IN_1";
    .port_info 10 /INPUT 1 "PU_ENB";
    .port_info 11 /INPUT 1 "WEAK_PU_ENB";
P_0x55557d8dd830 .param/str "IO_STANDARD" 0 7 2880, "SB_LVCMOS";
P_0x55557d8dd870 .param/l "NEG_TRIGGER" 0 7 2879, C4<0>;
P_0x55557d8dd8b0 .param/l "PIN_TYPE" 0 7 2876, C4<000000>;
P_0x55557d8dd8f0 .param/l "PULLUP" 0 7 2877, C4<0>;
P_0x55557d8dd930 .param/l "WEAK_PULLUP" 0 7 2878, C4<0>;
L_0x55557d95bc80 .functor BUFZ 1, v0x55557d91cea0_0, C4<0>, C4<0>, C4<0>;
L_0x55557d95bd20 .functor BUFZ 1, v0x55557d91cf60_0, C4<0>, C4<0>, C4<0>;
o0x7efc3e737118 .functor BUFZ 1, c4<z>; HiZ drive
v0x55557d91c570_0 .net "CLOCK_ENABLE", 0 0, o0x7efc3e737118;  0 drivers
v0x55557d91c630_0 .net "D_IN_0", 0 0, L_0x55557d95bc80;  1 drivers
v0x55557d91c6f0_0 .net "D_IN_1", 0 0, L_0x55557d95bd20;  1 drivers
o0x7efc3e7371a8 .functor BUFZ 1, c4<z>; HiZ drive
v0x55557d91c790_0 .net "D_OUT_0", 0 0, o0x7efc3e7371a8;  0 drivers
o0x7efc3e7371d8 .functor BUFZ 1, c4<z>; HiZ drive
v0x55557d91c850_0 .net "D_OUT_1", 0 0, o0x7efc3e7371d8;  0 drivers
o0x7efc3e737208 .functor BUFZ 1, c4<z>; HiZ drive
v0x55557d91c960_0 .net "INPUT_CLK", 0 0, o0x7efc3e737208;  0 drivers
o0x7efc3e737238 .functor BUFZ 1, c4<z>; HiZ drive
v0x55557d91ca20_0 .net "LATCH_INPUT_VALUE", 0 0, o0x7efc3e737238;  0 drivers
o0x7efc3e737268 .functor BUFZ 1, c4<z>; HiZ drive
v0x55557d91cae0_0 .net "OUTPUT_CLK", 0 0, o0x7efc3e737268;  0 drivers
o0x7efc3e737298 .functor BUFZ 1, c4<z>; HiZ drive
v0x55557d91cba0_0 .net "OUTPUT_ENABLE", 0 0, o0x7efc3e737298;  0 drivers
o0x7efc3e7372c8 .functor BUFZ 1, c4<z>; HiZ drive
v0x55557d91cc60_0 .net "PACKAGE_PIN", 0 0, o0x7efc3e7372c8;  0 drivers
o0x7efc3e7372f8 .functor BUFZ 1, c4<z>; HiZ drive
v0x55557d91cd20_0 .net "PU_ENB", 0 0, o0x7efc3e7372f8;  0 drivers
o0x7efc3e737328 .functor BUFZ 1, c4<z>; HiZ drive
v0x55557d91cde0_0 .net "WEAK_PU_ENB", 0 0, o0x7efc3e737328;  0 drivers
v0x55557d91cea0_0 .var "din_0", 0 0;
v0x55557d91cf60_0 .var "din_1", 0 0;
v0x55557d91d020_0 .var "din_q_0", 0 0;
v0x55557d91d0e0_0 .var "din_q_1", 0 0;
v0x55557d91d1a0_0 .var "dout", 0 0;
v0x55557d91d260_0 .var "dout_q_0", 0 0;
v0x55557d91d320_0 .var "dout_q_1", 0 0;
v0x55557d91d3e0_0 .var "outclk_delayed_1", 0 0;
v0x55557d91d4a0_0 .var "outclk_delayed_2", 0 0;
v0x55557d91d560_0 .var "outena_q", 0 0;
E_0x55557d91c040 .event anyedge, v0x55557d91d4a0_0, v0x55557d91d260_0, v0x55557d91d320_0;
E_0x55557d91c0c0 .event anyedge, v0x55557d91d3e0_0;
E_0x55557d91c120 .event anyedge, v0x55557d91cae0_0;
E_0x55557d91c180 .event anyedge, v0x55557d91d020_0, v0x55557d91d0e0_0;
S_0x55557d91c210 .scope generate, "genblk1" "genblk1" 7 2888, 7 2888 0, S_0x55557d8c0ea0;
 .timescale -12 -12;
E_0x55557d91c3a0 .event posedge, v0x55557d91cae0_0;
E_0x55557d91c420 .event negedge, v0x55557d91cae0_0;
E_0x55557d91c480 .event negedge, v0x55557d91c960_0;
E_0x55557d91c4e0 .event posedge, v0x55557d91c960_0;
S_0x55557d8ab700 .scope module, "SB_IO_OD" "SB_IO_OD" 7 2931;
 .timescale -12 -12;
    .port_info 0 /INOUT 1 "PACKAGEPIN";
    .port_info 1 /INPUT 1 "LATCHINPUTVALUE";
    .port_info 2 /INPUT 1 "CLOCKENABLE";
    .port_info 3 /INPUT 1 "INPUTCLK";
    .port_info 4 /INPUT 1 "OUTPUTCLK";
    .port_info 5 /INPUT 1 "OUTPUTENABLE";
    .port_info 6 /INPUT 1 "DOUT1";
    .port_info 7 /INPUT 1 "DOUT0";
    .port_info 8 /OUTPUT 1 "DIN1";
    .port_info 9 /OUTPUT 1 "DIN0";
P_0x55557d74d8c0 .param/l "NEG_TRIGGER" 0 7 2944, C4<0>;
P_0x55557d74d900 .param/l "PIN_TYPE" 0 7 2943, C4<000000>;
L_0x55557d95bdf0 .functor BUFZ 1, v0x55557d91e480_0, C4<0>, C4<0>, C4<0>;
L_0x55557d95bec0 .functor BUFZ 1, v0x55557d91e540_0, C4<0>, C4<0>, C4<0>;
o0x7efc3e737778 .functor BUFZ 1, c4<z>; HiZ drive
v0x55557d91dcd0_0 .net "CLOCKENABLE", 0 0, o0x7efc3e737778;  0 drivers
v0x55557d91dd90_0 .net "DIN0", 0 0, L_0x55557d95bdf0;  1 drivers
v0x55557d91de50_0 .net "DIN1", 0 0, L_0x55557d95bec0;  1 drivers
o0x7efc3e737808 .functor BUFZ 1, c4<z>; HiZ drive
v0x55557d91def0_0 .net "DOUT0", 0 0, o0x7efc3e737808;  0 drivers
o0x7efc3e737838 .functor BUFZ 1, c4<z>; HiZ drive
v0x55557d91dfb0_0 .net "DOUT1", 0 0, o0x7efc3e737838;  0 drivers
o0x7efc3e737868 .functor BUFZ 1, c4<z>; HiZ drive
v0x55557d91e0c0_0 .net "INPUTCLK", 0 0, o0x7efc3e737868;  0 drivers
o0x7efc3e737898 .functor BUFZ 1, c4<z>; HiZ drive
v0x55557d91e180_0 .net "LATCHINPUTVALUE", 0 0, o0x7efc3e737898;  0 drivers
o0x7efc3e7378c8 .functor BUFZ 1, c4<z>; HiZ drive
v0x55557d91e240_0 .net "OUTPUTCLK", 0 0, o0x7efc3e7378c8;  0 drivers
o0x7efc3e7378f8 .functor BUFZ 1, c4<z>; HiZ drive
v0x55557d91e300_0 .net "OUTPUTENABLE", 0 0, o0x7efc3e7378f8;  0 drivers
o0x7efc3e737928 .functor BUFZ 1, c4<z>; HiZ drive
v0x55557d91e3c0_0 .net "PACKAGEPIN", 0 0, o0x7efc3e737928;  0 drivers
v0x55557d91e480_0 .var "din_0", 0 0;
v0x55557d91e540_0 .var "din_1", 0 0;
v0x55557d91e600_0 .var "din_q_0", 0 0;
v0x55557d91e6c0_0 .var "din_q_1", 0 0;
v0x55557d91e780_0 .var "dout", 0 0;
v0x55557d91e840_0 .var "dout_q_0", 0 0;
v0x55557d91e900_0 .var "dout_q_1", 0 0;
v0x55557d91ead0_0 .var "outclk_delayed_1", 0 0;
v0x55557d91eb90_0 .var "outclk_delayed_2", 0 0;
v0x55557d91ec50_0 .var "outena_q", 0 0;
E_0x55557d91d7a0 .event anyedge, v0x55557d91eb90_0, v0x55557d91e840_0, v0x55557d91e900_0;
E_0x55557d91d820 .event anyedge, v0x55557d91ead0_0;
E_0x55557d91d880 .event anyedge, v0x55557d91e240_0;
E_0x55557d91d8e0 .event anyedge, v0x55557d91e600_0, v0x55557d91e6c0_0;
S_0x55557d91d970 .scope generate, "genblk1" "genblk1" 7 2952, 7 2952 0, S_0x55557d8ab700;
 .timescale -12 -12;
E_0x55557d91db00 .event posedge, v0x55557d91e240_0;
E_0x55557d91db80 .event negedge, v0x55557d91e240_0;
E_0x55557d91dbe0 .event negedge, v0x55557d91e0c0_0;
E_0x55557d91dc40 .event posedge, v0x55557d91e0c0_0;
S_0x55557d8addf0 .scope module, "SB_LEDDA_IP" "SB_LEDDA_IP" 7 2830;
 .timescale -12 -12;
    .port_info 0 /INPUT 1 "LEDDCS";
    .port_info 1 /INPUT 1 "LEDDCLK";
    .port_info 2 /INPUT 1 "LEDDDAT7";
    .port_info 3 /INPUT 1 "LEDDDAT6";
    .port_info 4 /INPUT 1 "LEDDDAT5";
    .port_info 5 /INPUT 1 "LEDDDAT4";
    .port_info 6 /INPUT 1 "LEDDDAT3";
    .port_info 7 /INPUT 1 "LEDDDAT2";
    .port_info 8 /INPUT 1 "LEDDDAT1";
    .port_info 9 /INPUT 1 "LEDDDAT0";
    .port_info 10 /INPUT 1 "LEDDADDR3";
    .port_info 11 /INPUT 1 "LEDDADDR2";
    .port_info 12 /INPUT 1 "LEDDADDR1";
    .port_info 13 /INPUT 1 "LEDDADDR0";
    .port_info 14 /INPUT 1 "LEDDDEN";
    .port_info 15 /INPUT 1 "LEDDEXE";
    .port_info 16 /INPUT 1 "LEDDRST";
    .port_info 17 /OUTPUT 1 "PWMOUT0";
    .port_info 18 /OUTPUT 1 "PWMOUT1";
    .port_info 19 /OUTPUT 1 "PWMOUT2";
    .port_info 20 /OUTPUT 1 "LEDDON";
o0x7efc3e737d18 .functor BUFZ 1, c4<z>; HiZ drive
v0x55557d91ee50_0 .net "LEDDADDR0", 0 0, o0x7efc3e737d18;  0 drivers
o0x7efc3e737d48 .functor BUFZ 1, c4<z>; HiZ drive
v0x55557d91ef30_0 .net "LEDDADDR1", 0 0, o0x7efc3e737d48;  0 drivers
o0x7efc3e737d78 .functor BUFZ 1, c4<z>; HiZ drive
v0x55557d91eff0_0 .net "LEDDADDR2", 0 0, o0x7efc3e737d78;  0 drivers
o0x7efc3e737da8 .functor BUFZ 1, c4<z>; HiZ drive
v0x55557d91f090_0 .net "LEDDADDR3", 0 0, o0x7efc3e737da8;  0 drivers
o0x7efc3e737dd8 .functor BUFZ 1, c4<z>; HiZ drive
v0x55557d91f150_0 .net "LEDDCLK", 0 0, o0x7efc3e737dd8;  0 drivers
o0x7efc3e737e08 .functor BUFZ 1, c4<z>; HiZ drive
v0x55557d91f210_0 .net "LEDDCS", 0 0, o0x7efc3e737e08;  0 drivers
o0x7efc3e737e38 .functor BUFZ 1, c4<z>; HiZ drive
v0x55557d91f2d0_0 .net "LEDDDAT0", 0 0, o0x7efc3e737e38;  0 drivers
o0x7efc3e737e68 .functor BUFZ 1, c4<z>; HiZ drive
v0x55557d91f390_0 .net "LEDDDAT1", 0 0, o0x7efc3e737e68;  0 drivers
o0x7efc3e737e98 .functor BUFZ 1, c4<z>; HiZ drive
v0x55557d91f450_0 .net "LEDDDAT2", 0 0, o0x7efc3e737e98;  0 drivers
o0x7efc3e737ec8 .functor BUFZ 1, c4<z>; HiZ drive
v0x55557d91f510_0 .net "LEDDDAT3", 0 0, o0x7efc3e737ec8;  0 drivers
o0x7efc3e737ef8 .functor BUFZ 1, c4<z>; HiZ drive
v0x55557d91f5d0_0 .net "LEDDDAT4", 0 0, o0x7efc3e737ef8;  0 drivers
o0x7efc3e737f28 .functor BUFZ 1, c4<z>; HiZ drive
v0x55557d91f690_0 .net "LEDDDAT5", 0 0, o0x7efc3e737f28;  0 drivers
o0x7efc3e737f58 .functor BUFZ 1, c4<z>; HiZ drive
v0x55557d91f750_0 .net "LEDDDAT6", 0 0, o0x7efc3e737f58;  0 drivers
o0x7efc3e737f88 .functor BUFZ 1, c4<z>; HiZ drive
v0x55557d91f810_0 .net "LEDDDAT7", 0 0, o0x7efc3e737f88;  0 drivers
o0x7efc3e737fb8 .functor BUFZ 1, c4<z>; HiZ drive
v0x55557d91f8d0_0 .net "LEDDDEN", 0 0, o0x7efc3e737fb8;  0 drivers
o0x7efc3e737fe8 .functor BUFZ 1, c4<z>; HiZ drive
v0x55557d91f990_0 .net "LEDDEXE", 0 0, o0x7efc3e737fe8;  0 drivers
o0x7efc3e738018 .functor BUFZ 1, c4<z>; HiZ drive
v0x55557d91fa50_0 .net "LEDDON", 0 0, o0x7efc3e738018;  0 drivers
o0x7efc3e738048 .functor BUFZ 1, c4<z>; HiZ drive
v0x55557d91fc20_0 .net "LEDDRST", 0 0, o0x7efc3e738048;  0 drivers
o0x7efc3e738078 .functor BUFZ 1, c4<z>; HiZ drive
v0x55557d91fce0_0 .net "PWMOUT0", 0 0, o0x7efc3e738078;  0 drivers
o0x7efc3e7380a8 .functor BUFZ 1, c4<z>; HiZ drive
v0x55557d91fda0_0 .net "PWMOUT1", 0 0, o0x7efc3e7380a8;  0 drivers
o0x7efc3e7380d8 .functor BUFZ 1, c4<z>; HiZ drive
v0x55557d91fe60_0 .net "PWMOUT2", 0 0, o0x7efc3e7380d8;  0 drivers
S_0x55557d8ad0a0 .scope module, "SB_LED_DRV_CUR" "SB_LED_DRV_CUR" 7 2709;
 .timescale -12 -12;
    .port_info 0 /INPUT 1 "EN";
    .port_info 1 /OUTPUT 1 "LEDPU";
o0x7efc3e7384f8 .functor BUFZ 1, c4<z>; HiZ drive
v0x55557d920270_0 .net "EN", 0 0, o0x7efc3e7384f8;  0 drivers
o0x7efc3e738528 .functor BUFZ 1, c4<z>; HiZ drive
v0x55557d920350_0 .net "LEDPU", 0 0, o0x7efc3e738528;  0 drivers
S_0x55557d8ac3d0 .scope module, "SB_LFOSC" "SB_LFOSC" 7 2684;
 .timescale -12 -12;
    .port_info 0 /INPUT 1 "CLKLFPU";
    .port_info 1 /INPUT 1 "CLKLFEN";
    .port_info 2 /OUTPUT 1 "CLKLF";
o0x7efc3e7385b8 .functor BUFZ 1, c4<z>; HiZ drive
v0x55557d920470_0 .net "CLKLF", 0 0, o0x7efc3e7385b8;  0 drivers
o0x7efc3e7385e8 .functor BUFZ 1, c4<z>; HiZ drive
v0x55557d920530_0 .net "CLKLFEN", 0 0, o0x7efc3e7385e8;  0 drivers
o0x7efc3e738618 .functor BUFZ 1, c4<z>; HiZ drive
v0x55557d9205f0_0 .net "CLKLFPU", 0 0, o0x7efc3e738618;  0 drivers
S_0x55557d88d8e0 .scope module, "SB_LUT4" "SB_LUT4" 7 177;
 .timescale -12 -12;
    .port_info 0 /OUTPUT 1 "O";
    .port_info 1 /INPUT 1 "I0";
    .port_info 2 /INPUT 1 "I1";
    .port_info 3 /INPUT 1 "I2";
    .port_info 4 /INPUT 1 "I3";
P_0x55557d75d5c0 .param/l "LUT_INIT" 0 7 184, C4<0000000000000000>;
o0x7efc3e7386d8 .functor BUFZ 1, c4<z>; HiZ drive
v0x55557d920710_0 .net "I0", 0 0, o0x7efc3e7386d8;  0 drivers
o0x7efc3e738708 .functor BUFZ 1, c4<z>; HiZ drive
v0x55557d9207d0_0 .net "I1", 0 0, o0x7efc3e738708;  0 drivers
o0x7efc3e738738 .functor BUFZ 1, c4<z>; HiZ drive
v0x55557d920890_0 .net "I2", 0 0, o0x7efc3e738738;  0 drivers
o0x7efc3e738768 .functor BUFZ 1, c4<z>; HiZ drive
v0x55557d920960_0 .net "I3", 0 0, o0x7efc3e738768;  0 drivers
v0x55557d920a20_0 .net "O", 0 0, L_0x55557d95c9b0;  1 drivers
L_0x7efc3e2d0450 .functor BUFT 1, C4<00000000>, C4<0>, C4<0>, C4<0>;
v0x55557d920ae0_0 .net/2u *"_ivl_0", 7 0, L_0x7efc3e2d0450;  1 drivers
v0x55557d920bc0_0 .net *"_ivl_13", 1 0, L_0x55557d95c4c0;  1 drivers
v0x55557d920ca0_0 .net *"_ivl_15", 1 0, L_0x55557d95c5b0;  1 drivers
v0x55557d920d80_0 .net *"_ivl_19", 0 0, L_0x55557d95c7d0;  1 drivers
L_0x7efc3e2d0498 .functor BUFT 1, C4<00000000>, C4<0>, C4<0>, C4<0>;
v0x55557d920e60_0 .net/2u *"_ivl_2", 7 0, L_0x7efc3e2d0498;  1 drivers
v0x55557d920f40_0 .net *"_ivl_21", 0 0, L_0x55557d95c910;  1 drivers
v0x55557d921020_0 .net *"_ivl_7", 3 0, L_0x55557d95c190;  1 drivers
v0x55557d921100_0 .net *"_ivl_9", 3 0, L_0x55557d95c280;  1 drivers
v0x55557d9211e0_0 .net "s1", 1 0, L_0x55557d95c690;  1 drivers
v0x55557d9212c0_0 .net "s2", 3 0, L_0x55557d95c320;  1 drivers
v0x55557d9213a0_0 .net "s3", 7 0, L_0x55557d95bff0;  1 drivers
L_0x55557d95bff0 .functor MUXZ 8, L_0x7efc3e2d0498, L_0x7efc3e2d0450, o0x7efc3e738768, C4<>;
L_0x55557d95c190 .part L_0x55557d95bff0, 4, 4;
L_0x55557d95c280 .part L_0x55557d95bff0, 0, 4;
L_0x55557d95c320 .functor MUXZ 4, L_0x55557d95c280, L_0x55557d95c190, o0x7efc3e738738, C4<>;
L_0x55557d95c4c0 .part L_0x55557d95c320, 2, 2;
L_0x55557d95c5b0 .part L_0x55557d95c320, 0, 2;
L_0x55557d95c690 .functor MUXZ 2, L_0x55557d95c5b0, L_0x55557d95c4c0, o0x7efc3e738708, C4<>;
L_0x55557d95c7d0 .part L_0x55557d95c690, 1, 1;
L_0x55557d95c910 .part L_0x55557d95c690, 0, 1;
L_0x55557d95c9b0 .functor MUXZ 1, L_0x55557d95c910, L_0x55557d95c7d0, o0x7efc3e7386d8, C4<>;
S_0x55557d889a30 .scope module, "SB_MAC16" "SB_MAC16" 7 2996;
 .timescale -12 -12;
    .port_info 0 /INPUT 1 "CLK";
    .port_info 1 /INPUT 1 "CE";
    .port_info 2 /INPUT 16 "C";
    .port_info 3 /INPUT 16 "A";
    .port_info 4 /INPUT 16 "B";
    .port_info 5 /INPUT 16 "D";
    .port_info 6 /INPUT 1 "AHOLD";
    .port_info 7 /INPUT 1 "BHOLD";
    .port_info 8 /INPUT 1 "CHOLD";
    .port_info 9 /INPUT 1 "DHOLD";
    .port_info 10 /INPUT 1 "IRSTTOP";
    .port_info 11 /INPUT 1 "IRSTBOT";
    .port_info 12 /INPUT 1 "ORSTTOP";
    .port_info 13 /INPUT 1 "ORSTBOT";
    .port_info 14 /INPUT 1 "OLOADTOP";
    .port_info 15 /INPUT 1 "OLOADBOT";
    .port_info 16 /INPUT 1 "ADDSUBTOP";
    .port_info 17 /INPUT 1 "ADDSUBBOT";
    .port_info 18 /INPUT 1 "OHOLDTOP";
    .port_info 19 /INPUT 1 "OHOLDBOT";
    .port_info 20 /INPUT 1 "CI";
    .port_info 21 /INPUT 1 "ACCUMCI";
    .port_info 22 /INPUT 1 "SIGNEXTIN";
    .port_info 23 /OUTPUT 32 "O";
    .port_info 24 /OUTPUT 1 "CO";
    .port_info 25 /OUTPUT 1 "ACCUMCO";
    .port_info 26 /OUTPUT 1 "SIGNEXTOUT";
P_0x55557d7612b0 .param/l "A_REG" 0 7 3011, C4<0>;
P_0x55557d7612f0 .param/l "A_SIGNED" 0 7 3027, C4<0>;
P_0x55557d761330 .param/l "BOTADDSUB_CARRYSELECT" 0 7 3025, C4<00>;
P_0x55557d761370 .param/l "BOTADDSUB_LOWERINPUT" 0 7 3023, C4<00>;
P_0x55557d7613b0 .param/l "BOTADDSUB_UPPERINPUT" 0 7 3024, C4<0>;
P_0x55557d7613f0 .param/l "BOTOUTPUT_SELECT" 0 7 3022, C4<00>;
P_0x55557d761430 .param/l "BOT_8x8_MULT_REG" 0 7 3015, C4<0>;
P_0x55557d761470 .param/l "B_REG" 0 7 3012, C4<0>;
P_0x55557d7614b0 .param/l "B_SIGNED" 0 7 3028, C4<0>;
P_0x55557d7614f0 .param/l "C_REG" 0 7 3010, C4<0>;
P_0x55557d761530 .param/l "D_REG" 0 7 3013, C4<0>;
P_0x55557d761570 .param/l "MODE_8x8" 0 7 3026, C4<0>;
P_0x55557d7615b0 .param/l "NEG_TRIGGER" 0 7 3009, C4<0>;
P_0x55557d7615f0 .param/l "PIPELINE_16x16_MULT_REG1" 0 7 3016, C4<0>;
P_0x55557d761630 .param/l "PIPELINE_16x16_MULT_REG2" 0 7 3017, C4<0>;
P_0x55557d761670 .param/l "TOPADDSUB_CARRYSELECT" 0 7 3021, C4<00>;
P_0x55557d7616b0 .param/l "TOPADDSUB_LOWERINPUT" 0 7 3019, C4<00>;
P_0x55557d7616f0 .param/l "TOPADDSUB_UPPERINPUT" 0 7 3020, C4<0>;
P_0x55557d761730 .param/l "TOPOUTPUT_SELECT" 0 7 3018, C4<00>;
P_0x55557d761770 .param/l "TOP_8x8_MULT_REG" 0 7 3014, C4<0>;
o0x7efc3e738dc8 .functor BUFZ 1, c4<z>; HiZ drive
L_0x7efc3e2d04e0 .functor BUFT 1, C4<0>, C4<0>, C4<0>, C4<0>;
L_0x55557d95cb30 .functor XOR 1, o0x7efc3e738dc8, L_0x7efc3e2d04e0, C4<0>, C4<0>;
o0x7efc3e738d08 .functor BUFZ 16, c4<zzzzzzzzzzzzzzzz>; HiZ drive
L_0x55557d95cc20 .functor BUFZ 16, o0x7efc3e738d08, C4<0000000000000000>, C4<0000000000000000>, C4<0000000000000000>;
o0x7efc3e738ac8 .functor BUFZ 16, c4<zzzzzzzzzzzzzzzz>; HiZ drive
L_0x55557d95ccc0 .functor BUFZ 16, o0x7efc3e738ac8, C4<0000000000000000>, C4<0000000000000000>, C4<0000000000000000>;
o0x7efc3e738c48 .functor BUFZ 16, c4<zzzzzzzzzzzzzzzz>; HiZ drive
L_0x55557d95cd90 .functor BUFZ 16, o0x7efc3e738c48, C4<0000000000000000>, C4<0000000000000000>, C4<0000000000000000>;
o0x7efc3e738e28 .functor BUFZ 16, c4<zzzzzzzzzzzzzzzz>; HiZ drive
L_0x55557d95ce90 .functor BUFZ 16, o0x7efc3e738e28, C4<0000000000000000>, C4<0000000000000000>, C4<0000000000000000>;
L_0x55557d95dd40 .functor BUFZ 16, L_0x55557d95d8d0, C4<0000000000000000>, C4<0000000000000000>, C4<0000000000000000>;
L_0x55557d95e310 .functor BUFZ 16, L_0x55557d95dc50, C4<0000000000000000>, C4<0000000000000000>, C4<0000000000000000>;
L_0x55557d95e3d0 .functor BUFZ 16, L_0x55557d95e060, C4<0000000000000000>, C4<0000000000000000>, C4<0000000000000000>;
L_0x55557d95e4e0 .functor BUFZ 16, L_0x55557d95e150, C4<0000000000000000>, C4<0000000000000000>, C4<0000000000000000>;
L_0x55557d95eee0 .functor BUFZ 32, L_0x55557d95fbb0, C4<00000000000000000000000000000000>, C4<00000000000000000000000000000000>, C4<00000000000000000000000000000000>;
L_0x55557d95fda0 .functor BUFZ 16, v0x55557d929490_0, C4<0000000000000000>, C4<0000000000000000>, C4<0000000000000000>;
L_0x55557d95fe10 .functor BUFZ 16, L_0x55557d95ccc0, C4<0000000000000000>, C4<0000000000000000>, C4<0000000000000000>;
L_0x55557d960800 .functor XOR 17, L_0x55557d960350, L_0x55557d960690, C4<00000000000000000>, C4<00000000000000000>;
o0x7efc3e738b88 .functor BUFZ 1, c4<z>; HiZ drive
L_0x55557d9609b0 .functor XOR 1, L_0x55557d95fef0, o0x7efc3e738b88, C4<0>, C4<0>;
L_0x55557d95fe80 .functor XOR 16, L_0x55557d9600a0, L_0x55557d960d20, C4<0000000000000000>, C4<0000000000000000>;
L_0x55557d961240 .functor BUFZ 16, L_0x55557d960fb0, C4<0000000000000000>, C4<0000000000000000>, C4<0000000000000000>;
L_0x55557d961500 .functor BUFZ 16, v0x55557d929570_0, C4<0000000000000000>, C4<0000000000000000>, C4<0000000000000000>;
L_0x55557d961610 .functor BUFZ 16, L_0x55557d95cd90, C4<0000000000000000>, C4<0000000000000000>, C4<0000000000000000>;
L_0x55557d9621c0 .functor XOR 17, L_0x55557d961b30, L_0x55557d961ec0, C4<00000000000000000>, C4<00000000000000000>;
L_0x55557d962380 .functor XOR 16, L_0x55557d961780, L_0x55557d962720, C4<0000000000000000>, C4<0000000000000000>;
L_0x55557d962d20 .functor BUFZ 16, L_0x55557d9628b0, C4<0000000000000000>, C4<0000000000000000>, C4<0000000000000000>;
v0x55557d9216f0_0 .net "A", 15 0, o0x7efc3e738ac8;  0 drivers
o0x7efc3e738af8 .functor BUFZ 1, c4<z>; HiZ drive
v0x55557d9217d0_0 .net "ACCUMCI", 0 0, o0x7efc3e738af8;  0 drivers
v0x55557d921890_0 .net "ACCUMCO", 0 0, L_0x55557d95fef0;  1 drivers
o0x7efc3e738b58 .functor BUFZ 1, c4<z>; HiZ drive
v0x55557d921930_0 .net "ADDSUBBOT", 0 0, o0x7efc3e738b58;  0 drivers
v0x55557d9219f0_0 .net "ADDSUBTOP", 0 0, o0x7efc3e738b88;  0 drivers
o0x7efc3e738bb8 .functor BUFZ 1, c4<z>; HiZ drive
v0x55557d921ab0_0 .net "AHOLD", 0 0, o0x7efc3e738bb8;  0 drivers
v0x55557d921b70_0 .net "Ah", 15 0, L_0x55557d95d0b0;  1 drivers
v0x55557d921c50_0 .net "Al", 15 0, L_0x55557d95d290;  1 drivers
v0x55557d921d30_0 .net "B", 15 0, o0x7efc3e738c48;  0 drivers
o0x7efc3e738c78 .functor BUFZ 1, c4<z>; HiZ drive
v0x55557d921ea0_0 .net "BHOLD", 0 0, o0x7efc3e738c78;  0 drivers
v0x55557d921f60_0 .net "Bh", 15 0, L_0x55557d95d520;  1 drivers
v0x55557d922040_0 .net "Bl", 15 0, L_0x55557d95d740;  1 drivers
v0x55557d922120_0 .net "C", 15 0, o0x7efc3e738d08;  0 drivers
o0x7efc3e738d38 .functor BUFZ 1, c4<z>; HiZ drive
v0x55557d922200_0 .net "CE", 0 0, o0x7efc3e738d38;  0 drivers
o0x7efc3e738d68 .functor BUFZ 1, c4<z>; HiZ drive
v0x55557d9222c0_0 .net "CHOLD", 0 0, o0x7efc3e738d68;  0 drivers
o0x7efc3e738d98 .functor BUFZ 1, c4<z>; HiZ drive
v0x55557d922380_0 .net "CI", 0 0, o0x7efc3e738d98;  0 drivers
v0x55557d922440_0 .net "CLK", 0 0, o0x7efc3e738dc8;  0 drivers
v0x55557d922610_0 .net "CO", 0 0, L_0x55557d9609b0;  1 drivers
v0x55557d9226d0_0 .net "D", 15 0, o0x7efc3e738e28;  0 drivers
o0x7efc3e738e58 .functor BUFZ 1, c4<z>; HiZ drive
v0x55557d9227b0_0 .net "DHOLD", 0 0, o0x7efc3e738e58;  0 drivers
L_0x7efc3e2d0a38 .functor BUFT 1, C4<0>, C4<0>, C4<0>, C4<0>;
v0x55557d922870_0 .net "HCI", 0 0, L_0x7efc3e2d0a38;  1 drivers
o0x7efc3e738eb8 .functor BUFZ 1, c4<z>; HiZ drive
v0x55557d922930_0 .net "IRSTBOT", 0 0, o0x7efc3e738eb8;  0 drivers
o0x7efc3e738ee8 .functor BUFZ 1, c4<z>; HiZ drive
v0x55557d9229f0_0 .net "IRSTTOP", 0 0, o0x7efc3e738ee8;  0 drivers
L_0x7efc3e2d0b58 .functor BUFT 1, C4<0>, C4<0>, C4<0>, C4<0>;
v0x55557d922ab0_0 .net "LCI", 0 0, L_0x7efc3e2d0b58;  1 drivers
v0x55557d922b70_0 .net "LCO", 0 0, L_0x55557d961680;  1 drivers
v0x55557d922c30_0 .net "O", 31 0, L_0x55557d962de0;  1 drivers
o0x7efc3e738fa8 .functor BUFZ 1, c4<z>; HiZ drive
v0x55557d922d10_0 .net "OHOLDBOT", 0 0, o0x7efc3e738fa8;  0 drivers
o0x7efc3e738fd8 .functor BUFZ 1, c4<z>; HiZ drive
v0x55557d922dd0_0 .net "OHOLDTOP", 0 0, o0x7efc3e738fd8;  0 drivers
o0x7efc3e739008 .functor BUFZ 1, c4<z>; HiZ drive
v0x55557d922e90_0 .net "OLOADBOT", 0 0, o0x7efc3e739008;  0 drivers
o0x7efc3e739038 .functor BUFZ 1, c4<z>; HiZ drive
v0x55557d922f50_0 .net "OLOADTOP", 0 0, o0x7efc3e739038;  0 drivers
o0x7efc3e739068 .functor BUFZ 1, c4<z>; HiZ drive
v0x55557d923010_0 .net "ORSTBOT", 0 0, o0x7efc3e739068;  0 drivers
o0x7efc3e739098 .functor BUFZ 1, c4<z>; HiZ drive
v0x55557d9230d0_0 .net "ORSTTOP", 0 0, o0x7efc3e739098;  0 drivers
v0x55557d923190_0 .net "Oh", 15 0, L_0x55557d961240;  1 drivers
v0x55557d923480_0 .net "Ol", 15 0, L_0x55557d962d20;  1 drivers
o0x7efc3e739128 .functor BUFZ 1, c4<z>; HiZ drive
v0x55557d923560_0 .net "SIGNEXTIN", 0 0, o0x7efc3e739128;  0 drivers
v0x55557d923620_0 .net "SIGNEXTOUT", 0 0, L_0x55557d961300;  1 drivers
v0x55557d9236e0_0 .net "XW", 15 0, L_0x55557d9600a0;  1 drivers
v0x55557d9237c0_0 .net "YZ", 15 0, L_0x55557d961780;  1 drivers
v0x55557d9238a0_0 .net/2u *"_ivl_0", 0 0, L_0x7efc3e2d04e0;  1 drivers
v0x55557d923980_0 .net *"_ivl_100", 31 0, L_0x55557d95f650;  1 drivers
L_0x7efc3e2d08d0 .functor BUFT 1, C4<0000000000000000>, C4<0>, C4<0>, C4<0>;
v0x55557d923a60_0 .net *"_ivl_103", 15 0, L_0x7efc3e2d08d0;  1 drivers
v0x55557d923b40_0 .net *"_ivl_104", 31 0, L_0x55557d95f970;  1 drivers
v0x55557d923c20_0 .net *"_ivl_106", 15 0, L_0x55557d95f880;  1 drivers
L_0x7efc3e2d0918 .functor BUFT 1, C4<0000000000000000>, C4<0>, C4<0>, C4<0>;
v0x55557d923d00_0 .net *"_ivl_108", 15 0, L_0x7efc3e2d0918;  1 drivers
L_0x7efc3e2d0528 .functor BUFT 1, C4<00000000>, C4<0>, C4<0>, C4<0>;
v0x55557d923de0_0 .net/2u *"_ivl_12", 7 0, L_0x7efc3e2d0528;  1 drivers
v0x55557d923ec0_0 .net *"_ivl_121", 16 0, L_0x55557d960140;  1 drivers
L_0x7efc3e2d0960 .functor BUFT 1, C4<0>, C4<0>, C4<0>, C4<0>;
v0x55557d923fa0_0 .net *"_ivl_124", 0 0, L_0x7efc3e2d0960;  1 drivers
v0x55557d924080_0 .net *"_ivl_125", 16 0, L_0x55557d960350;  1 drivers
L_0x7efc3e2d09a8 .functor BUFT 1, C4<0>, C4<0>, C4<0>, C4<0>;
v0x55557d924160_0 .net *"_ivl_128", 0 0, L_0x7efc3e2d09a8;  1 drivers
v0x55557d924240_0 .net *"_ivl_130", 15 0, L_0x55557d960490;  1 drivers
v0x55557d924320_0 .net *"_ivl_131", 16 0, L_0x55557d960690;  1 drivers
L_0x7efc3e2d09f0 .functor BUFT 1, C4<0>, C4<0>, C4<0>, C4<0>;
v0x55557d924400_0 .net *"_ivl_134", 0 0, L_0x7efc3e2d09f0;  1 drivers
v0x55557d9244e0_0 .net *"_ivl_135", 16 0, L_0x55557d960800;  1 drivers
v0x55557d9245c0_0 .net *"_ivl_137", 16 0, L_0x55557d960910;  1 drivers
L_0x7efc3e2d0d98 .functor BUFT 1, C4<00000000000000000>, C4<0>, C4<0>, C4<0>;
v0x55557d9246a0_0 .net *"_ivl_139", 16 0, L_0x7efc3e2d0d98;  1 drivers
v0x55557d924780_0 .net *"_ivl_143", 16 0, L_0x55557d960560;  1 drivers
v0x55557d924860_0 .net *"_ivl_148", 15 0, L_0x55557d960d20;  1 drivers
v0x55557d924940_0 .net *"_ivl_149", 15 0, L_0x55557d95fe80;  1 drivers
v0x55557d924a20_0 .net *"_ivl_15", 7 0, L_0x55557d95cf90;  1 drivers
v0x55557d924b00_0 .net *"_ivl_168", 16 0, L_0x55557d9619c0;  1 drivers
L_0x7efc3e2d0a80 .functor BUFT 1, C4<0>, C4<0>, C4<0>, C4<0>;
v0x55557d924be0_0 .net *"_ivl_171", 0 0, L_0x7efc3e2d0a80;  1 drivers
v0x55557d924cc0_0 .net *"_ivl_172", 16 0, L_0x55557d961b30;  1 drivers
L_0x7efc3e2d0ac8 .functor BUFT 1, C4<0>, C4<0>, C4<0>, C4<0>;
v0x55557d924da0_0 .net *"_ivl_175", 0 0, L_0x7efc3e2d0ac8;  1 drivers
v0x55557d924e80_0 .net *"_ivl_177", 15 0, L_0x55557d961df0;  1 drivers
v0x55557d924f60_0 .net *"_ivl_178", 16 0, L_0x55557d961ec0;  1 drivers
L_0x7efc3e2d0570 .functor BUFT 1, C4<00000000>, C4<0>, C4<0>, C4<0>;
v0x55557d925040_0 .net/2u *"_ivl_18", 7 0, L_0x7efc3e2d0570;  1 drivers
L_0x7efc3e2d0b10 .functor BUFT 1, C4<0>, C4<0>, C4<0>, C4<0>;
v0x55557d925120_0 .net *"_ivl_181", 0 0, L_0x7efc3e2d0b10;  1 drivers
v0x55557d925200_0 .net *"_ivl_182", 16 0, L_0x55557d9621c0;  1 drivers
v0x55557d9252e0_0 .net *"_ivl_184", 16 0, L_0x55557d961570;  1 drivers
L_0x7efc3e2d0de0 .functor BUFT 1, C4<00000000000000000>, C4<0>, C4<0>, C4<0>;
v0x55557d9253c0_0 .net *"_ivl_186", 16 0, L_0x7efc3e2d0de0;  1 drivers
v0x55557d9254a0_0 .net *"_ivl_190", 16 0, L_0x55557d962490;  1 drivers
v0x55557d925580_0 .net *"_ivl_193", 15 0, L_0x55557d962720;  1 drivers
v0x55557d925660_0 .net *"_ivl_194", 15 0, L_0x55557d962380;  1 drivers
v0x55557d925740_0 .net *"_ivl_21", 7 0, L_0x55557d95d1f0;  1 drivers
L_0x7efc3e2d05b8 .functor BUFT 1, C4<00000000>, C4<0>, C4<0>, C4<0>;
v0x55557d925820_0 .net/2u *"_ivl_24", 7 0, L_0x7efc3e2d05b8;  1 drivers
v0x55557d925900_0 .net *"_ivl_27", 7 0, L_0x55557d95d430;  1 drivers
L_0x7efc3e2d0600 .functor BUFT 1, C4<00000000>, C4<0>, C4<0>, C4<0>;
v0x55557d9259e0_0 .net/2u *"_ivl_30", 7 0, L_0x7efc3e2d0600;  1 drivers
v0x55557d925ac0_0 .net *"_ivl_33", 7 0, L_0x55557d95d6a0;  1 drivers
L_0x7efc3e2d0648 .functor BUFT 1, C4<00000000>, C4<0>, C4<0>, C4<0>;
v0x55557d925ba0_0 .net/2u *"_ivl_38", 7 0, L_0x7efc3e2d0648;  1 drivers
v0x55557d925c80_0 .net *"_ivl_41", 7 0, L_0x55557d95da10;  1 drivers
v0x55557d925d60_0 .net *"_ivl_42", 15 0, L_0x55557d95db60;  1 drivers
L_0x7efc3e2d0690 .functor BUFT 1, C4<00000000>, C4<0>, C4<0>, C4<0>;
v0x55557d925e40_0 .net/2u *"_ivl_46", 7 0, L_0x7efc3e2d0690;  1 drivers
v0x55557d925f20_0 .net *"_ivl_49", 7 0, L_0x55557d95ddb0;  1 drivers
v0x55557d926000_0 .net *"_ivl_50", 15 0, L_0x55557d95dea0;  1 drivers
L_0x7efc3e2d06d8 .functor BUFT 1, C4<00000000>, C4<0>, C4<0>, C4<0>;
v0x55557d9260e0_0 .net/2u *"_ivl_64", 7 0, L_0x7efc3e2d06d8;  1 drivers
L_0x7efc3e2d0720 .functor BUFT 1, C4<00000000>, C4<0>, C4<0>, C4<0>;
v0x55557d9261c0_0 .net/2u *"_ivl_68", 7 0, L_0x7efc3e2d0720;  1 drivers
v0x55557d9262a0_0 .net *"_ivl_72", 31 0, L_0x55557d95e8c0;  1 drivers
L_0x7efc3e2d0768 .functor BUFT 1, C4<0000000000000000>, C4<0>, C4<0>, C4<0>;
v0x55557d926380_0 .net *"_ivl_75", 15 0, L_0x7efc3e2d0768;  1 drivers
v0x55557d926460_0 .net *"_ivl_76", 31 0, L_0x55557d95ea00;  1 drivers
L_0x7efc3e2d07b0 .functor BUFT 1, C4<00000000>, C4<0>, C4<0>, C4<0>;
v0x55557d926540_0 .net *"_ivl_79", 7 0, L_0x7efc3e2d07b0;  1 drivers
v0x55557d926620_0 .net *"_ivl_80", 31 0, L_0x55557d95ec40;  1 drivers
v0x55557d926700_0 .net *"_ivl_82", 23 0, L_0x55557d95e820;  1 drivers
L_0x7efc3e2d07f8 .functor BUFT 1, C4<00000000>, C4<0>, C4<0>, C4<0>;
v0x55557d9267e0_0 .net *"_ivl_84", 7 0, L_0x7efc3e2d07f8;  1 drivers
v0x55557d9268c0_0 .net *"_ivl_86", 31 0, L_0x55557d95ee40;  1 drivers
v0x55557d9269a0_0 .net *"_ivl_88", 31 0, L_0x55557d95eff0;  1 drivers
L_0x7efc3e2d0840 .functor BUFT 1, C4<00000000>, C4<0>, C4<0>, C4<0>;
v0x55557d926a80_0 .net *"_ivl_91", 7 0, L_0x7efc3e2d0840;  1 drivers
v0x55557d926b60_0 .net *"_ivl_92", 31 0, L_0x55557d95f2f0;  1 drivers
v0x55557d926c40_0 .net *"_ivl_94", 23 0, L_0x55557d95f200;  1 drivers
L_0x7efc3e2d0888 .functor BUFT 1, C4<00000000>, C4<0>, C4<0>, C4<0>;
v0x55557d926d20_0 .net *"_ivl_96", 7 0, L_0x7efc3e2d0888;  1 drivers
v0x55557d926e00_0 .net *"_ivl_98", 31 0, L_0x55557d95f510;  1 drivers
v0x55557d926ee0_0 .net "clock", 0 0, L_0x55557d95cb30;  1 drivers
v0x55557d926fa0_0 .net "iA", 15 0, L_0x55557d95ccc0;  1 drivers
v0x55557d927080_0 .net "iB", 15 0, L_0x55557d95cd90;  1 drivers
v0x55557d927160_0 .net "iC", 15 0, L_0x55557d95cc20;  1 drivers
v0x55557d927240_0 .net "iD", 15 0, L_0x55557d95ce90;  1 drivers
v0x55557d927320_0 .net "iF", 15 0, L_0x55557d95dd40;  1 drivers
v0x55557d927400_0 .net "iG", 15 0, L_0x55557d95e4e0;  1 drivers
v0x55557d9274e0_0 .net "iH", 31 0, L_0x55557d95eee0;  1 drivers
v0x55557d9275c0_0 .net "iJ", 15 0, L_0x55557d95e310;  1 drivers
v0x55557d9276a0_0 .net "iJ_e", 23 0, L_0x55557d95e6e0;  1 drivers
v0x55557d927780_0 .net "iK", 15 0, L_0x55557d95e3d0;  1 drivers
v0x55557d927860_0 .net "iK_e", 23 0, L_0x55557d95e5a0;  1 drivers
v0x55557d927940_0 .net "iL", 31 0, L_0x55557d95fbb0;  1 drivers
v0x55557d927a20_0 .net "iP", 15 0, L_0x55557d960fb0;  1 drivers
v0x55557d927b00_0 .net "iQ", 15 0, v0x55557d929490_0;  1 drivers
v0x55557d927be0_0 .net "iR", 15 0, L_0x55557d9628b0;  1 drivers
v0x55557d927cc0_0 .net "iS", 15 0, v0x55557d929570_0;  1 drivers
v0x55557d927da0_0 .net "iW", 15 0, L_0x55557d95fda0;  1 drivers
v0x55557d927e80_0 .net "iX", 15 0, L_0x55557d95fe10;  1 drivers
v0x55557d927f60_0 .net "iY", 15 0, L_0x55557d961500;  1 drivers
v0x55557d928040_0 .net "iZ", 15 0, L_0x55557d961610;  1 drivers
v0x55557d928120_0 .net "p_Ah_Bh", 15 0, L_0x55557d95d8d0;  1 drivers
v0x55557d928200_0 .net "p_Ah_Bl", 15 0, L_0x55557d95e060;  1 drivers
v0x55557d9282e0_0 .net "p_Al_Bh", 15 0, L_0x55557d95dc50;  1 drivers
v0x55557d9283c0_0 .net "p_Al_Bl", 15 0, L_0x55557d95e150;  1 drivers
v0x55557d9284a0_0 .var "rA", 15 0;
v0x55557d928580_0 .var "rB", 15 0;
v0x55557d928660_0 .var "rC", 15 0;
v0x55557d928740_0 .var "rD", 15 0;
v0x55557d929030_0 .var "rF", 15 0;
v0x55557d929110_0 .var "rG", 15 0;
v0x55557d9291f0_0 .var "rH", 31 0;
v0x55557d9292d0_0 .var "rJ", 15 0;
v0x55557d9293b0_0 .var "rK", 15 0;
v0x55557d929490_0 .var "rQ", 15 0;
v0x55557d929570_0 .var "rS", 15 0;
E_0x55557d921520 .event posedge, v0x55557d923010_0, v0x55557d926ee0_0;
E_0x55557d9215a0 .event posedge, v0x55557d9230d0_0, v0x55557d926ee0_0;
E_0x55557d921600 .event posedge, v0x55557d922930_0, v0x55557d926ee0_0;
E_0x55557d921660 .event posedge, v0x55557d9229f0_0, v0x55557d926ee0_0;
L_0x55557d95cf90 .part L_0x55557d95ccc0, 8, 8;
L_0x55557d95d0b0 .concat [ 8 8 0 0], L_0x55557d95cf90, L_0x7efc3e2d0528;
L_0x55557d95d1f0 .part L_0x55557d95ccc0, 0, 8;
L_0x55557d95d290 .concat [ 8 8 0 0], L_0x55557d95d1f0, L_0x7efc3e2d0570;
L_0x55557d95d430 .part L_0x55557d95cd90, 8, 8;
L_0x55557d95d520 .concat [ 8 8 0 0], L_0x55557d95d430, L_0x7efc3e2d05b8;
L_0x55557d95d6a0 .part L_0x55557d95cd90, 0, 8;
L_0x55557d95d740 .concat [ 8 8 0 0], L_0x55557d95d6a0, L_0x7efc3e2d0600;
L_0x55557d95d8d0 .arith/mult 16, L_0x55557d95d0b0, L_0x55557d95d520;
L_0x55557d95da10 .part L_0x55557d95d290, 0, 8;
L_0x55557d95db60 .concat [ 8 8 0 0], L_0x55557d95da10, L_0x7efc3e2d0648;
L_0x55557d95dc50 .arith/mult 16, L_0x55557d95db60, L_0x55557d95d520;
L_0x55557d95ddb0 .part L_0x55557d95d740, 0, 8;
L_0x55557d95dea0 .concat [ 8 8 0 0], L_0x55557d95ddb0, L_0x7efc3e2d0690;
L_0x55557d95e060 .arith/mult 16, L_0x55557d95d0b0, L_0x55557d95dea0;
L_0x55557d95e150 .arith/mult 16, L_0x55557d95d290, L_0x55557d95d740;
L_0x55557d95e5a0 .concat [ 16 8 0 0], L_0x55557d95e3d0, L_0x7efc3e2d06d8;
L_0x55557d95e6e0 .concat [ 16 8 0 0], L_0x55557d95e310, L_0x7efc3e2d0720;
L_0x55557d95e8c0 .concat [ 16 16 0 0], L_0x55557d95e4e0, L_0x7efc3e2d0768;
L_0x55557d95ea00 .concat [ 24 8 0 0], L_0x55557d95e5a0, L_0x7efc3e2d07b0;
L_0x55557d95e820 .part L_0x55557d95ea00, 0, 24;
L_0x55557d95ec40 .concat [ 8 24 0 0], L_0x7efc3e2d07f8, L_0x55557d95e820;
L_0x55557d95ee40 .arith/sum 32, L_0x55557d95e8c0, L_0x55557d95ec40;
L_0x55557d95eff0 .concat [ 24 8 0 0], L_0x55557d95e6e0, L_0x7efc3e2d0840;
L_0x55557d95f200 .part L_0x55557d95eff0, 0, 24;
L_0x55557d95f2f0 .concat [ 8 24 0 0], L_0x7efc3e2d0888, L_0x55557d95f200;
L_0x55557d95f510 .arith/sum 32, L_0x55557d95ee40, L_0x55557d95f2f0;
L_0x55557d95f650 .concat [ 16 16 0 0], L_0x55557d95dd40, L_0x7efc3e2d08d0;
L_0x55557d95f880 .part L_0x55557d95f650, 0, 16;
L_0x55557d95f970 .concat [ 16 16 0 0], L_0x7efc3e2d0918, L_0x55557d95f880;
L_0x55557d95fbb0 .arith/sum 32, L_0x55557d95f510, L_0x55557d95f970;
L_0x55557d95fef0 .part L_0x55557d960560, 16, 1;
L_0x55557d9600a0 .part L_0x55557d960560, 0, 16;
L_0x55557d960140 .concat [ 16 1 0 0], L_0x55557d95fe10, L_0x7efc3e2d0960;
L_0x55557d960350 .concat [ 16 1 0 0], L_0x55557d95fda0, L_0x7efc3e2d09a8;
L_0x55557d960490 .repeat 16, 16, o0x7efc3e738b88;
L_0x55557d960690 .concat [ 16 1 0 0], L_0x55557d960490, L_0x7efc3e2d09f0;
L_0x55557d960910 .arith/sum 17, L_0x55557d960140, L_0x55557d960800;
L_0x55557d960560 .arith/sum 17, L_0x55557d960910, L_0x7efc3e2d0d98;
L_0x55557d960d20 .repeat 16, 16, o0x7efc3e738b88;
L_0x55557d960fb0 .functor MUXZ 16, L_0x55557d95fe80, L_0x55557d95cc20, o0x7efc3e739038, C4<>;
L_0x55557d961300 .part L_0x55557d95fe10, 15, 1;
L_0x55557d961680 .part L_0x55557d962490, 16, 1;
L_0x55557d961780 .part L_0x55557d962490, 0, 16;
L_0x55557d9619c0 .concat [ 16 1 0 0], L_0x55557d961610, L_0x7efc3e2d0a80;
L_0x55557d961b30 .concat [ 16 1 0 0], L_0x55557d961500, L_0x7efc3e2d0ac8;
L_0x55557d961df0 .repeat 16, 16, o0x7efc3e738b58;
L_0x55557d961ec0 .concat [ 16 1 0 0], L_0x55557d961df0, L_0x7efc3e2d0b10;
L_0x55557d961570 .arith/sum 17, L_0x55557d9619c0, L_0x55557d9621c0;
L_0x55557d962490 .arith/sum 17, L_0x55557d961570, L_0x7efc3e2d0de0;
L_0x55557d962720 .repeat 16, 16, o0x7efc3e738b58;
L_0x55557d9628b0 .functor MUXZ 16, L_0x55557d962380, L_0x55557d95ce90, o0x7efc3e739008, C4<>;
L_0x55557d962de0 .concat [ 16 16 0 0], L_0x55557d962d20, L_0x55557d961240;
S_0x55557d885d50 .scope module, "SB_PLL40_2F_CORE" "SB_PLL40_2F_CORE" 7 2521;
 .timescale -12 -12;
    .port_info 0 /INPUT 1 "REFERENCECLK";
    .port_info 1 /OUTPUT 1 "PLLOUTCOREA";
    .port_info 2 /OUTPUT 1 "PLLOUTGLOBALA";
    .port_info 3 /OUTPUT 1 "PLLOUTCOREB";
    .port_info 4 /OUTPUT 1 "PLLOUTGLOBALB";
    .port_info 5 /INPUT 1 "EXTFEEDBACK";
    .port_info 6 /INPUT 8 "DYNAMICDELAY";
    .port_info 7 /OUTPUT 1 "LOCK";
    .port_info 8 /INPUT 1 "BYPASS";
    .port_info 9 /INPUT 1 "RESETB";
    .port_info 10 /INPUT 1 "LATCHINPUTVALUE";
    .port_info 11 /OUTPUT 1 "SDO";
    .port_info 12 /INPUT 1 "SDI";
    .port_info 13 /INPUT 1 "SCLK";
P_0x55557d7c1870 .param/str "DELAY_ADJUSTMENT_MODE_FEEDBACK" 0 7 2538, "FIXED";
P_0x55557d7c18b0 .param/str "DELAY_ADJUSTMENT_MODE_RELATIVE" 0 7 2539, "FIXED";
P_0x55557d7c18f0 .param/l "DIVF" 0 7 2546, C4<0000000>;
P_0x55557d7c1930 .param/l "DIVQ" 0 7 2547, C4<000>;
P_0x55557d7c1970 .param/l "DIVR" 0 7 2545, C4<0000>;
P_0x55557d7c19b0 .param/l "ENABLE_ICEGATE_PORTA" 0 7 2549, C4<0>;
P_0x55557d7c19f0 .param/l "ENABLE_ICEGATE_PORTB" 0 7 2550, C4<0>;
P_0x55557d7c1a30 .param/l "EXTERNAL_DIVIDE_FACTOR" 0 7 2552, +C4<00000000000000000000000000000001>;
P_0x55557d7c1a70 .param/l "FDA_FEEDBACK" 0 7 2541, C4<0000>;
P_0x55557d7c1ab0 .param/l "FDA_RELATIVE" 0 7 2542, C4<0000>;
P_0x55557d7c1af0 .param/str "FEEDBACK_PATH" 0 7 2537, "SIMPLE";
P_0x55557d7c1b30 .param/l "FILTER_RANGE" 0 7 2548, C4<000>;
P_0x55557d7c1b70 .param/str "PLLOUT_SELECT_PORTA" 0 7 2543, "GENCLK";
P_0x55557d7c1bb0 .param/str "PLLOUT_SELECT_PORTB" 0 7 2544, "GENCLK";
P_0x55557d7c1bf0 .param/l "SHIFTREG_DIV_MODE" 0 7 2540, C4<0>;
P_0x55557d7c1c30 .param/l "TEST_MODE" 0 7 2551, C4<0>;
o0x7efc3e73a958 .functor BUFZ 1, c4<z>; HiZ drive
v0x55557d929a90_0 .net "BYPASS", 0 0, o0x7efc3e73a958;  0 drivers
o0x7efc3e73a988 .functor BUFZ 8, c4<zzzzzzzz>; HiZ drive
v0x55557d929b70_0 .net "DYNAMICDELAY", 7 0, o0x7efc3e73a988;  0 drivers
o0x7efc3e73a9b8 .functor BUFZ 1, c4<z>; HiZ drive
v0x55557d929c50_0 .net "EXTFEEDBACK", 0 0, o0x7efc3e73a9b8;  0 drivers
o0x7efc3e73a9e8 .functor BUFZ 1, c4<z>; HiZ drive
v0x55557d929cf0_0 .net "LATCHINPUTVALUE", 0 0, o0x7efc3e73a9e8;  0 drivers
o0x7efc3e73aa18 .functor BUFZ 1, c4<z>; HiZ drive
v0x55557d929db0_0 .net "LOCK", 0 0, o0x7efc3e73aa18;  0 drivers
o0x7efc3e73aa48 .functor BUFZ 1, c4<z>; HiZ drive
v0x55557d929e70_0 .net "PLLOUTCOREA", 0 0, o0x7efc3e73aa48;  0 drivers
o0x7efc3e73aa78 .functor BUFZ 1, c4<z>; HiZ drive
v0x55557d929f30_0 .net "PLLOUTCOREB", 0 0, o0x7efc3e73aa78;  0 drivers
o0x7efc3e73aaa8 .functor BUFZ 1, c4<z>; HiZ drive
v0x55557d929ff0_0 .net "PLLOUTGLOBALA", 0 0, o0x7efc3e73aaa8;  0 drivers
o0x7efc3e73aad8 .functor BUFZ 1, c4<z>; HiZ drive
v0x55557d92a0b0_0 .net "PLLOUTGLOBALB", 0 0, o0x7efc3e73aad8;  0 drivers
o0x7efc3e73ab08 .functor BUFZ 1, c4<z>; HiZ drive
v0x55557d92a170_0 .net "REFERENCECLK", 0 0, o0x7efc3e73ab08;  0 drivers
o0x7efc3e73ab38 .functor BUFZ 1, c4<z>; HiZ drive
v0x55557d92a230_0 .net "RESETB", 0 0, o0x7efc3e73ab38;  0 drivers
o0x7efc3e73ab68 .functor BUFZ 1, c4<z>; HiZ drive
v0x55557d92a2f0_0 .net "SCLK", 0 0, o0x7efc3e73ab68;  0 drivers
o0x7efc3e73ab98 .functor BUFZ 1, c4<z>; HiZ drive
v0x55557d92a3b0_0 .net "SDI", 0 0, o0x7efc3e73ab98;  0 drivers
o0x7efc3e73abc8 .functor BUFZ 1, c4<z>; HiZ drive
v0x55557d92a470_0 .net "SDO", 0 0, o0x7efc3e73abc8;  0 drivers
S_0x55557d895ec0 .scope module, "SB_PLL40_2F_PAD" "SB_PLL40_2F_PAD" 7 2556;
 .timescale -12 -12;
    .port_info 0 /INPUT 1 "PACKAGEPIN";
    .port_info 1 /OUTPUT 1 "PLLOUTCOREA";
    .port_info 2 /OUTPUT 1 "PLLOUTGLOBALA";
    .port_info 3 /OUTPUT 1 "PLLOUTCOREB";
    .port_info 4 /OUTPUT 1 "PLLOUTGLOBALB";
    .port_info 5 /INPUT 1 "EXTFEEDBACK";
    .port_info 6 /INPUT 8 "DYNAMICDELAY";
    .port_info 7 /OUTPUT 1 "LOCK";
    .port_info 8 /INPUT 1 "BYPASS";
    .port_info 9 /INPUT 1 "RESETB";
    .port_info 10 /INPUT 1 "LATCHINPUTVALUE";
    .port_info 11 /OUTPUT 1 "SDO";
    .port_info 12 /INPUT 1 "SDI";
    .port_info 13 /INPUT 1 "SCLK";
P_0x55557d79fb90 .param/str "DELAY_ADJUSTMENT_MODE_FEEDBACK" 0 7 2573, "FIXED";
P_0x55557d79fbd0 .param/str "DELAY_ADJUSTMENT_MODE_RELATIVE" 0 7 2574, "FIXED";
P_0x55557d79fc10 .param/l "DIVF" 0 7 2581, C4<0000000>;
P_0x55557d79fc50 .param/l "DIVQ" 0 7 2582, C4<000>;
P_0x55557d79fc90 .param/l "DIVR" 0 7 2580, C4<0000>;
P_0x55557d79fcd0 .param/l "ENABLE_ICEGATE_PORTA" 0 7 2584, C4<0>;
P_0x55557d79fd10 .param/l "ENABLE_ICEGATE_PORTB" 0 7 2585, C4<0>;
P_0x55557d79fd50 .param/l "EXTERNAL_DIVIDE_FACTOR" 0 7 2587, +C4<00000000000000000000000000000001>;
P_0x55557d79fd90 .param/l "FDA_FEEDBACK" 0 7 2576, C4<0000>;
P_0x55557d79fdd0 .param/l "FDA_RELATIVE" 0 7 2577, C4<0000>;
P_0x55557d79fe10 .param/str "FEEDBACK_PATH" 0 7 2572, "SIMPLE";
P_0x55557d79fe50 .param/l "FILTER_RANGE" 0 7 2583, C4<000>;
P_0x55557d79fe90 .param/str "PLLOUT_SELECT_PORTA" 0 7 2578, "GENCLK";
P_0x55557d79fed0 .param/str "PLLOUT_SELECT_PORTB" 0 7 2579, "GENCLK";
P_0x55557d79ff10 .param/l "SHIFTREG_DIV_MODE" 0 7 2575, C4<00>;
P_0x55557d79ff50 .param/l "TEST_MODE" 0 7 2586, C4<0>;
o0x7efc3e73ae98 .functor BUFZ 1, c4<z>; HiZ drive
v0x55557d92a770_0 .net "BYPASS", 0 0, o0x7efc3e73ae98;  0 drivers
o0x7efc3e73aec8 .functor BUFZ 8, c4<zzzzzzzz>; HiZ drive
v0x55557d92a850_0 .net "DYNAMICDELAY", 7 0, o0x7efc3e73aec8;  0 drivers
o0x7efc3e73aef8 .functor BUFZ 1, c4<z>; HiZ drive
v0x55557d92a930_0 .net "EXTFEEDBACK", 0 0, o0x7efc3e73aef8;  0 drivers
o0x7efc3e73af28 .functor BUFZ 1, c4<z>; HiZ drive
v0x55557d92a9d0_0 .net "LATCHINPUTVALUE", 0 0, o0x7efc3e73af28;  0 drivers
o0x7efc3e73af58 .functor BUFZ 1, c4<z>; HiZ drive
v0x55557d92aa90_0 .net "LOCK", 0 0, o0x7efc3e73af58;  0 drivers
o0x7efc3e73af88 .functor BUFZ 1, c4<z>; HiZ drive
v0x55557d92ab50_0 .net "PACKAGEPIN", 0 0, o0x7efc3e73af88;  0 drivers
o0x7efc3e73afb8 .functor BUFZ 1, c4<z>; HiZ drive
v0x55557d92ac10_0 .net "PLLOUTCOREA", 0 0, o0x7efc3e73afb8;  0 drivers
o0x7efc3e73afe8 .functor BUFZ 1, c4<z>; HiZ drive
v0x55557d92acd0_0 .net "PLLOUTCOREB", 0 0, o0x7efc3e73afe8;  0 drivers
o0x7efc3e73b018 .functor BUFZ 1, c4<z>; HiZ drive
v0x55557d92ad90_0 .net "PLLOUTGLOBALA", 0 0, o0x7efc3e73b018;  0 drivers
o0x7efc3e73b048 .functor BUFZ 1, c4<z>; HiZ drive
v0x55557d92aee0_0 .net "PLLOUTGLOBALB", 0 0, o0x7efc3e73b048;  0 drivers
o0x7efc3e73b078 .functor BUFZ 1, c4<z>; HiZ drive
v0x55557d92afa0_0 .net "RESETB", 0 0, o0x7efc3e73b078;  0 drivers
o0x7efc3e73b0a8 .functor BUFZ 1, c4<z>; HiZ drive
v0x55557d92b060_0 .net "SCLK", 0 0, o0x7efc3e73b0a8;  0 drivers
o0x7efc3e73b0d8 .functor BUFZ 1, c4<z>; HiZ drive
v0x55557d92b120_0 .net "SDI", 0 0, o0x7efc3e73b0d8;  0 drivers
o0x7efc3e73b108 .functor BUFZ 1, c4<z>; HiZ drive
v0x55557d92b1e0_0 .net "SDO", 0 0, o0x7efc3e73b108;  0 drivers
S_0x55557d891dd0 .scope module, "SB_PLL40_2_PAD" "SB_PLL40_2_PAD" 7 2487;
 .timescale -12 -12;
    .port_info 0 /INPUT 1 "PACKAGEPIN";
    .port_info 1 /OUTPUT 1 "PLLOUTCOREA";
    .port_info 2 /OUTPUT 1 "PLLOUTGLOBALA";
    .port_info 3 /OUTPUT 1 "PLLOUTCOREB";
    .port_info 4 /OUTPUT 1 "PLLOUTGLOBALB";
    .port_info 5 /INPUT 1 "EXTFEEDBACK";
    .port_info 6 /INPUT 8 "DYNAMICDELAY";
    .port_info 7 /OUTPUT 1 "LOCK";
    .port_info 8 /INPUT 1 "BYPASS";
    .port_info 9 /INPUT 1 "RESETB";
    .port_info 10 /INPUT 1 "LATCHINPUTVALUE";
    .port_info 11 /OUTPUT 1 "SDO";
    .port_info 12 /INPUT 1 "SDI";
    .port_info 13 /INPUT 1 "SCLK";
P_0x55557d7c0590 .param/str "DELAY_ADJUSTMENT_MODE_FEEDBACK" 0 7 2504, "FIXED";
P_0x55557d7c05d0 .param/str "DELAY_ADJUSTMENT_MODE_RELATIVE" 0 7 2505, "FIXED";
P_0x55557d7c0610 .param/l "DIVF" 0 7 2511, C4<0000000>;
P_0x55557d7c0650 .param/l "DIVQ" 0 7 2512, C4<000>;
P_0x55557d7c0690 .param/l "DIVR" 0 7 2510, C4<0000>;
P_0x55557d7c06d0 .param/l "ENABLE_ICEGATE_PORTA" 0 7 2514, C4<0>;
P_0x55557d7c0710 .param/l "ENABLE_ICEGATE_PORTB" 0 7 2515, C4<0>;
P_0x55557d7c0750 .param/l "EXTERNAL_DIVIDE_FACTOR" 0 7 2517, +C4<00000000000000000000000000000001>;
P_0x55557d7c0790 .param/l "FDA_FEEDBACK" 0 7 2507, C4<0000>;
P_0x55557d7c07d0 .param/l "FDA_RELATIVE" 0 7 2508, C4<0000>;
P_0x55557d7c0810 .param/str "FEEDBACK_PATH" 0 7 2503, "SIMPLE";
P_0x55557d7c0850 .param/l "FILTER_RANGE" 0 7 2513, C4<000>;
P_0x55557d7c0890 .param/str "PLLOUT_SELECT_PORTB" 0 7 2509, "GENCLK";
P_0x55557d7c08d0 .param/l "SHIFTREG_DIV_MODE" 0 7 2506, C4<0>;
P_0x55557d7c0910 .param/l "TEST_MODE" 0 7 2516, C4<0>;
o0x7efc3e73b3d8 .functor BUFZ 1, c4<z>; HiZ drive
v0x55557d92b460_0 .net "BYPASS", 0 0, o0x7efc3e73b3d8;  0 drivers
o0x7efc3e73b408 .functor BUFZ 8, c4<zzzzzzzz>; HiZ drive
v0x55557d92b540_0 .net "DYNAMICDELAY", 7 0, o0x7efc3e73b408;  0 drivers
o0x7efc3e73b438 .functor BUFZ 1, c4<z>; HiZ drive
v0x55557d92b620_0 .net "EXTFEEDBACK", 0 0, o0x7efc3e73b438;  0 drivers
o0x7efc3e73b468 .functor BUFZ 1, c4<z>; HiZ drive
v0x55557d92b6c0_0 .net "LATCHINPUTVALUE", 0 0, o0x7efc3e73b468;  0 drivers
o0x7efc3e73b498 .functor BUFZ 1, c4<z>; HiZ drive
v0x55557d92b780_0 .net "LOCK", 0 0, o0x7efc3e73b498;  0 drivers
o0x7efc3e73b4c8 .functor BUFZ 1, c4<z>; HiZ drive
v0x55557d92b840_0 .net "PACKAGEPIN", 0 0, o0x7efc3e73b4c8;  0 drivers
o0x7efc3e73b4f8 .functor BUFZ 1, c4<z>; HiZ drive
v0x55557d92b900_0 .net "PLLOUTCOREA", 0 0, o0x7efc3e73b4f8;  0 drivers
o0x7efc3e73b528 .functor BUFZ 1, c4<z>; HiZ drive
v0x55557d92b9c0_0 .net "PLLOUTCOREB", 0 0, o0x7efc3e73b528;  0 drivers
o0x7efc3e73b558 .functor BUFZ 1, c4<z>; HiZ drive
v0x55557d92ba80_0 .net "PLLOUTGLOBALA", 0 0, o0x7efc3e73b558;  0 drivers
o0x7efc3e73b588 .functor BUFZ 1, c4<z>; HiZ drive
v0x55557d92bbd0_0 .net "PLLOUTGLOBALB", 0 0, o0x7efc3e73b588;  0 drivers
o0x7efc3e73b5b8 .functor BUFZ 1, c4<z>; HiZ drive
v0x55557d92bc90_0 .net "RESETB", 0 0, o0x7efc3e73b5b8;  0 drivers
o0x7efc3e73b5e8 .functor BUFZ 1, c4<z>; HiZ drive
v0x55557d92bd50_0 .net "SCLK", 0 0, o0x7efc3e73b5e8;  0 drivers
o0x7efc3e73b618 .functor BUFZ 1, c4<z>; HiZ drive
v0x55557d92be10_0 .net "SDI", 0 0, o0x7efc3e73b618;  0 drivers
o0x7efc3e73b648 .functor BUFZ 1, c4<z>; HiZ drive
v0x55557d92bed0_0 .net "SDO", 0 0, o0x7efc3e73b648;  0 drivers
S_0x55557d870d40 .scope module, "SB_PLL40_CORE" "SB_PLL40_CORE" 7 2425;
 .timescale -12 -12;
    .port_info 0 /INPUT 1 "REFERENCECLK";
    .port_info 1 /OUTPUT 1 "PLLOUTCORE";
    .port_info 2 /OUTPUT 1 "PLLOUTGLOBAL";
    .port_info 3 /INPUT 1 "EXTFEEDBACK";
    .port_info 4 /INPUT 8 "DYNAMICDELAY";
    .port_info 5 /OUTPUT 1 "LOCK";
    .port_info 6 /INPUT 1 "BYPASS";
    .port_info 7 /INPUT 1 "RESETB";
    .port_info 8 /INPUT 1 "LATCHINPUTVALUE";
    .port_info 9 /OUTPUT 1 "SDO";
    .port_info 10 /INPUT 1 "SDI";
    .port_info 11 /INPUT 1 "SCLK";
P_0x55557d7baef0 .param/str "DELAY_ADJUSTMENT_MODE_FEEDBACK" 0 7 2440, "FIXED";
P_0x55557d7baf30 .param/str "DELAY_ADJUSTMENT_MODE_RELATIVE" 0 7 2441, "FIXED";
P_0x55557d7baf70 .param/l "DIVF" 0 7 2447, C4<0000000>;
P_0x55557d7bafb0 .param/l "DIVQ" 0 7 2448, C4<000>;
P_0x55557d7baff0 .param/l "DIVR" 0 7 2446, C4<0000>;
P_0x55557d7bb030 .param/l "ENABLE_ICEGATE" 0 7 2450, C4<0>;
P_0x55557d7bb070 .param/l "EXTERNAL_DIVIDE_FACTOR" 0 7 2452, +C4<00000000000000000000000000000001>;
P_0x55557d7bb0b0 .param/l "FDA_FEEDBACK" 0 7 2443, C4<0000>;
P_0x55557d7bb0f0 .param/l "FDA_RELATIVE" 0 7 2444, C4<0000>;
P_0x55557d7bb130 .param/str "FEEDBACK_PATH" 0 7 2439, "SIMPLE";
P_0x55557d7bb170 .param/l "FILTER_RANGE" 0 7 2449, C4<000>;
P_0x55557d7bb1b0 .param/str "PLLOUT_SELECT" 0 7 2445, "GENCLK";
P_0x55557d7bb1f0 .param/l "SHIFTREG_DIV_MODE" 0 7 2442, C4<0>;
P_0x55557d7bb230 .param/l "TEST_MODE" 0 7 2451, C4<0>;
o0x7efc3e73b918 .functor BUFZ 1, c4<z>; HiZ drive
v0x55557d92c150_0 .net "BYPASS", 0 0, o0x7efc3e73b918;  0 drivers
o0x7efc3e73b948 .functor BUFZ 8, c4<zzzzzzzz>; HiZ drive
v0x55557d92c230_0 .net "DYNAMICDELAY", 7 0, o0x7efc3e73b948;  0 drivers
o0x7efc3e73b978 .functor BUFZ 1, c4<z>; HiZ drive
v0x55557d92c310_0 .net "EXTFEEDBACK", 0 0, o0x7efc3e73b978;  0 drivers
o0x7efc3e73b9a8 .functor BUFZ 1, c4<z>; HiZ drive
v0x55557d92c3b0_0 .net "LATCHINPUTVALUE", 0 0, o0x7efc3e73b9a8;  0 drivers
o0x7efc3e73b9d8 .functor BUFZ 1, c4<z>; HiZ drive
v0x55557d92c470_0 .net "LOCK", 0 0, o0x7efc3e73b9d8;  0 drivers
o0x7efc3e73ba08 .functor BUFZ 1, c4<z>; HiZ drive
v0x55557d92c530_0 .net "PLLOUTCORE", 0 0, o0x7efc3e73ba08;  0 drivers
o0x7efc3e73ba38 .functor BUFZ 1, c4<z>; HiZ drive
v0x55557d92c5f0_0 .net "PLLOUTGLOBAL", 0 0, o0x7efc3e73ba38;  0 drivers
o0x7efc3e73ba68 .functor BUFZ 1, c4<z>; HiZ drive
v0x55557d92c6b0_0 .net "REFERENCECLK", 0 0, o0x7efc3e73ba68;  0 drivers
o0x7efc3e73ba98 .functor BUFZ 1, c4<z>; HiZ drive
v0x55557d92c770_0 .net "RESETB", 0 0, o0x7efc3e73ba98;  0 drivers
o0x7efc3e73bac8 .functor BUFZ 1, c4<z>; HiZ drive
v0x55557d92c8c0_0 .net "SCLK", 0 0, o0x7efc3e73bac8;  0 drivers
o0x7efc3e73baf8 .functor BUFZ 1, c4<z>; HiZ drive
v0x55557d92c980_0 .net "SDI", 0 0, o0x7efc3e73baf8;  0 drivers
o0x7efc3e73bb28 .functor BUFZ 1, c4<z>; HiZ drive
v0x55557d92ca40_0 .net "SDO", 0 0, o0x7efc3e73bb28;  0 drivers
S_0x55557d86f550 .scope module, "SB_PLL40_PAD" "SB_PLL40_PAD" 7 2456;
 .timescale -12 -12;
    .port_info 0 /INPUT 1 "PACKAGEPIN";
    .port_info 1 /OUTPUT 1 "PLLOUTCORE";
    .port_info 2 /OUTPUT 1 "PLLOUTGLOBAL";
    .port_info 3 /INPUT 1 "EXTFEEDBACK";
    .port_info 4 /INPUT 8 "DYNAMICDELAY";
    .port_info 5 /OUTPUT 1 "LOCK";
    .port_info 6 /INPUT 1 "BYPASS";
    .port_info 7 /INPUT 1 "RESETB";
    .port_info 8 /INPUT 1 "LATCHINPUTVALUE";
    .port_info 9 /OUTPUT 1 "SDO";
    .port_info 10 /INPUT 1 "SDI";
    .port_info 11 /INPUT 1 "SCLK";
P_0x55557d7bbda0 .param/str "DELAY_ADJUSTMENT_MODE_FEEDBACK" 0 7 2471, "FIXED";
P_0x55557d7bbde0 .param/str "DELAY_ADJUSTMENT_MODE_RELATIVE" 0 7 2472, "FIXED";
P_0x55557d7bbe20 .param/l "DIVF" 0 7 2478, C4<0000000>;
P_0x55557d7bbe60 .param/l "DIVQ" 0 7 2479, C4<000>;
P_0x55557d7bbea0 .param/l "DIVR" 0 7 2477, C4<0000>;
P_0x55557d7bbee0 .param/l "ENABLE_ICEGATE" 0 7 2481, C4<0>;
P_0x55557d7bbf20 .param/l "EXTERNAL_DIVIDE_FACTOR" 0 7 2483, +C4<00000000000000000000000000000001>;
P_0x55557d7bbf60 .param/l "FDA_FEEDBACK" 0 7 2474, C4<0000>;
P_0x55557d7bbfa0 .param/l "FDA_RELATIVE" 0 7 2475, C4<0000>;
P_0x55557d7bbfe0 .param/str "FEEDBACK_PATH" 0 7 2470, "SIMPLE";
P_0x55557d7bc020 .param/l "FILTER_RANGE" 0 7 2480, C4<000>;
P_0x55557d7bc060 .param/str "PLLOUT_SELECT" 0 7 2476, "GENCLK";
P_0x55557d7bc0a0 .param/l "SHIFTREG_DIV_MODE" 0 7 2473, C4<0>;
P_0x55557d7bc0e0 .param/l "TEST_MODE" 0 7 2482, C4<0>;
o0x7efc3e73bd98 .functor BUFZ 1, c4<z>; HiZ drive
v0x55557d92cc80_0 .net "BYPASS", 0 0, o0x7efc3e73bd98;  0 drivers
o0x7efc3e73bdc8 .functor BUFZ 8, c4<zzzzzzzz>; HiZ drive
v0x55557d92cd60_0 .net "DYNAMICDELAY", 7 0, o0x7efc3e73bdc8;  0 drivers
o0x7efc3e73bdf8 .functor BUFZ 1, c4<z>; HiZ drive
v0x55557d92ce40_0 .net "EXTFEEDBACK", 0 0, o0x7efc3e73bdf8;  0 drivers
o0x7efc3e73be28 .functor BUFZ 1, c4<z>; HiZ drive
v0x55557d92cee0_0 .net "LATCHINPUTVALUE", 0 0, o0x7efc3e73be28;  0 drivers
o0x7efc3e73be58 .functor BUFZ 1, c4<z>; HiZ drive
v0x55557d92cfa0_0 .net "LOCK", 0 0, o0x7efc3e73be58;  0 drivers
o0x7efc3e73be88 .functor BUFZ 1, c4<z>; HiZ drive
v0x55557d92d060_0 .net "PACKAGEPIN", 0 0, o0x7efc3e73be88;  0 drivers
o0x7efc3e73beb8 .functor BUFZ 1, c4<z>; HiZ drive
v0x55557d92d120_0 .net "PLLOUTCORE", 0 0, o0x7efc3e73beb8;  0 drivers
o0x7efc3e73bee8 .functor BUFZ 1, c4<z>; HiZ drive
v0x55557d92d1e0_0 .net "PLLOUTGLOBAL", 0 0, o0x7efc3e73bee8;  0 drivers
o0x7efc3e73bf18 .functor BUFZ 1, c4<z>; HiZ drive
v0x55557d92d2a0_0 .net "RESETB", 0 0, o0x7efc3e73bf18;  0 drivers
o0x7efc3e73bf48 .functor BUFZ 1, c4<z>; HiZ drive
v0x55557d92d3f0_0 .net "SCLK", 0 0, o0x7efc3e73bf48;  0 drivers
o0x7efc3e73bf78 .functor BUFZ 1, c4<z>; HiZ drive
v0x55557d92d4b0_0 .net "SDI", 0 0, o0x7efc3e73bf78;  0 drivers
o0x7efc3e73bfa8 .functor BUFZ 1, c4<z>; HiZ drive
v0x55557d92d570_0 .net "SDO", 0 0, o0x7efc3e73bfa8;  0 drivers
S_0x55557d867aa0 .scope module, "SB_RAM40_4KNR" "SB_RAM40_4KNR" 7 1726;
 .timescale -12 -12;
    .port_info 0 /OUTPUT 16 "RDATA";
    .port_info 1 /INPUT 1 "RCLKN";
    .port_info 2 /INPUT 1 "RCLKE";
    .port_info 3 /INPUT 1 "RE";
    .port_info 4 /INPUT 11 "RADDR";
    .port_info 5 /INPUT 1 "WCLK";
    .port_info 6 /INPUT 1 "WCLKE";
    .port_info 7 /INPUT 1 "WE";
    .port_info 8 /INPUT 11 "WADDR";
    .port_info 9 /INPUT 16 "MASK";
    .port_info 10 /INPUT 16 "WDATA";
P_0x55557d7c2ef0 .param/l "INIT_0" 0 7 1742, C4<0000000000000000000000000000000000000000000000000000000000000000000000000000000000000000000000000000000000000000000000000000000000000000000000000000000000000000000000000000000000000000000000000000000000000000000000000000000000000000000000000000000000000000>;
P_0x55557d7c2f30 .param/l "INIT_1" 0 7 1743, C4<0000000000000000000000000000000000000000000000000000000000000000000000000000000000000000000000000000000000000000000000000000000000000000000000000000000000000000000000000000000000000000000000000000000000000000000000000000000000000000000000000000000000000000>;
P_0x55557d7c2f70 .param/l "INIT_2" 0 7 1744, C4<0000000000000000000000000000000000000000000000000000000000000000000000000000000000000000000000000000000000000000000000000000000000000000000000000000000000000000000000000000000000000000000000000000000000000000000000000000000000000000000000000000000000000000>;
P_0x55557d7c2fb0 .param/l "INIT_3" 0 7 1745, C4<0000000000000000000000000000000000000000000000000000000000000000000000000000000000000000000000000000000000000000000000000000000000000000000000000000000000000000000000000000000000000000000000000000000000000000000000000000000000000000000000000000000000000000>;
P_0x55557d7c2ff0 .param/l "INIT_4" 0 7 1746, C4<0000000000000000000000000000000000000000000000000000000000000000000000000000000000000000000000000000000000000000000000000000000000000000000000000000000000000000000000000000000000000000000000000000000000000000000000000000000000000000000000000000000000000000>;
P_0x55557d7c3030 .param/l "INIT_5" 0 7 1747, C4<0000000000000000000000000000000000000000000000000000000000000000000000000000000000000000000000000000000000000000000000000000000000000000000000000000000000000000000000000000000000000000000000000000000000000000000000000000000000000000000000000000000000000000>;
P_0x55557d7c3070 .param/l "INIT_6" 0 7 1748, C4<0000000000000000000000000000000000000000000000000000000000000000000000000000000000000000000000000000000000000000000000000000000000000000000000000000000000000000000000000000000000000000000000000000000000000000000000000000000000000000000000000000000000000000>;
P_0x55557d7c30b0 .param/l "INIT_7" 0 7 1749, C4<0000000000000000000000000000000000000000000000000000000000000000000000000000000000000000000000000000000000000000000000000000000000000000000000000000000000000000000000000000000000000000000000000000000000000000000000000000000000000000000000000000000000000000>;
P_0x55557d7c30f0 .param/l "INIT_8" 0 7 1750, C4<0000000000000000000000000000000000000000000000000000000000000000000000000000000000000000000000000000000000000000000000000000000000000000000000000000000000000000000000000000000000000000000000000000000000000000000000000000000000000000000000000000000000000000>;
P_0x55557d7c3130 .param/l "INIT_9" 0 7 1751, C4<0000000000000000000000000000000000000000000000000000000000000000000000000000000000000000000000000000000000000000000000000000000000000000000000000000000000000000000000000000000000000000000000000000000000000000000000000000000000000000000000000000000000000000>;
P_0x55557d7c3170 .param/l "INIT_A" 0 7 1752, C4<0000000000000000000000000000000000000000000000000000000000000000000000000000000000000000000000000000000000000000000000000000000000000000000000000000000000000000000000000000000000000000000000000000000000000000000000000000000000000000000000000000000000000000>;
P_0x55557d7c31b0 .param/l "INIT_B" 0 7 1753, C4<0000000000000000000000000000000000000000000000000000000000000000000000000000000000000000000000000000000000000000000000000000000000000000000000000000000000000000000000000000000000000000000000000000000000000000000000000000000000000000000000000000000000000000>;
P_0x55557d7c31f0 .param/l "INIT_C" 0 7 1754, C4<0000000000000000000000000000000000000000000000000000000000000000000000000000000000000000000000000000000000000000000000000000000000000000000000000000000000000000000000000000000000000000000000000000000000000000000000000000000000000000000000000000000000000000>;
P_0x55557d7c3230 .param/l "INIT_D" 0 7 1755, C4<0000000000000000000000000000000000000000000000000000000000000000000000000000000000000000000000000000000000000000000000000000000000000000000000000000000000000000000000000000000000000000000000000000000000000000000000000000000000000000000000000000000000000000>;
P_0x55557d7c3270 .param/l "INIT_E" 0 7 1756, C4<0000000000000000000000000000000000000000000000000000000000000000000000000000000000000000000000000000000000000000000000000000000000000000000000000000000000000000000000000000000000000000000000000000000000000000000000000000000000000000000000000000000000000000>;
P_0x55557d7c32b0 .param/l "INIT_F" 0 7 1757, C4<0000000000000000000000000000000000000000000000000000000000000000000000000000000000000000000000000000000000000000000000000000000000000000000000000000000000000000000000000000000000000000000000000000000000000000000000000000000000000000000000000000000000000000>;
P_0x55557d7c32f0 .param/str "INIT_FILE" 0 7 1759, "\000";
P_0x55557d7c3330 .param/l "READ_MODE" 0 7 1740, +C4<00000000000000000000000000000000>;
P_0x55557d7c3370 .param/l "WRITE_MODE" 0 7 1739, +C4<00000000000000000000000000000000>;
o0x7efc3e73c728 .functor BUFZ 1, c4<z>; HiZ drive
L_0x55557d963160 .functor NOT 1, o0x7efc3e73c728, C4<0>, C4<0>, C4<0>;
o0x7efc3e73c218 .functor BUFZ 16, c4<zzzzzzzzzzzzzzzz>; HiZ drive
v0x55557d930f40_0 .net "MASK", 15 0, o0x7efc3e73c218;  0 drivers
o0x7efc3e73c248 .functor BUFZ 11, c4<zzzzzzzzzzz>; HiZ drive
v0x55557d931020_0 .net "RADDR", 10 0, o0x7efc3e73c248;  0 drivers
o0x7efc3e73c2a8 .functor BUFZ 1, c4<z>; HiZ drive
v0x55557d9310f0_0 .net "RCLKE", 0 0, o0x7efc3e73c2a8;  0 drivers
v0x55557d9311f0_0 .net "RCLKN", 0 0, o0x7efc3e73c728;  0 drivers
v0x55557d931290_0 .net "RDATA", 15 0, L_0x55557d9630a0;  1 drivers
o0x7efc3e73c338 .functor BUFZ 1, c4<z>; HiZ drive
v0x55557d931330_0 .net "RE", 0 0, o0x7efc3e73c338;  0 drivers
o0x7efc3e73c398 .functor BUFZ 11, c4<zzzzzzzzzzz>; HiZ drive
v0x55557d931400_0 .net "WADDR", 10 0, o0x7efc3e73c398;  0 drivers
o0x7efc3e73c3c8 .functor BUFZ 1, c4<z>; HiZ drive
v0x55557d9314d0_0 .net "WCLK", 0 0, o0x7efc3e73c3c8;  0 drivers
o0x7efc3e73c3f8 .functor BUFZ 1, c4<z>; HiZ drive
v0x55557d9315a0_0 .net "WCLKE", 0 0, o0x7efc3e73c3f8;  0 drivers
o0x7efc3e73c428 .functor BUFZ 16, c4<zzzzzzzzzzzzzzzz>; HiZ drive
v0x55557d931670_0 .net "WDATA", 15 0, o0x7efc3e73c428;  0 drivers
o0x7efc3e73c488 .functor BUFZ 1, c4<z>; HiZ drive
v0x55557d931740_0 .net "WE", 0 0, o0x7efc3e73c488;  0 drivers
S_0x55557d92d820 .scope module, "RAM" "SB_RAM40_4K" 7 1781, 7 1487 0, S_0x55557d867aa0;
 .timescale -12 -12;
    .port_info 0 /OUTPUT 16 "RDATA";
    .port_info 1 /INPUT 1 "RCLK";
    .port_info 2 /INPUT 1 "RCLKE";
    .port_info 3 /INPUT 1 "RE";
    .port_info 4 /INPUT 11 "RADDR";
    .port_info 5 /INPUT 1 "WCLK";
    .port_info 6 /INPUT 1 "WCLKE";
    .port_info 7 /INPUT 1 "WE";
    .port_info 8 /INPUT 11 "WADDR";
    .port_info 9 /INPUT 16 "MASK";
    .port_info 10 /INPUT 16 "WDATA";
P_0x55557d92d9d0 .param/l "INIT_0" 0 7 1507, C4<0000000000000000000000000000000000000000000000000000000000000000000000000000000000000000000000000000000000000000000000000000000000000000000000000000000000000000000000000000000000000000000000000000000000000000000000000000000000000000000000000000000000000000>;
P_0x55557d92da10 .param/l "INIT_1" 0 7 1508, C4<0000000000000000000000000000000000000000000000000000000000000000000000000000000000000000000000000000000000000000000000000000000000000000000000000000000000000000000000000000000000000000000000000000000000000000000000000000000000000000000000000000000000000000>;
P_0x55557d92da50 .param/l "INIT_2" 0 7 1509, C4<0000000000000000000000000000000000000000000000000000000000000000000000000000000000000000000000000000000000000000000000000000000000000000000000000000000000000000000000000000000000000000000000000000000000000000000000000000000000000000000000000000000000000000>;
P_0x55557d92da90 .param/l "INIT_3" 0 7 1510, C4<0000000000000000000000000000000000000000000000000000000000000000000000000000000000000000000000000000000000000000000000000000000000000000000000000000000000000000000000000000000000000000000000000000000000000000000000000000000000000000000000000000000000000000>;
P_0x55557d92dad0 .param/l "INIT_4" 0 7 1511, C4<0000000000000000000000000000000000000000000000000000000000000000000000000000000000000000000000000000000000000000000000000000000000000000000000000000000000000000000000000000000000000000000000000000000000000000000000000000000000000000000000000000000000000000>;
P_0x55557d92db10 .param/l "INIT_5" 0 7 1512, C4<0000000000000000000000000000000000000000000000000000000000000000000000000000000000000000000000000000000000000000000000000000000000000000000000000000000000000000000000000000000000000000000000000000000000000000000000000000000000000000000000000000000000000000>;
P_0x55557d92db50 .param/l "INIT_6" 0 7 1513, C4<0000000000000000000000000000000000000000000000000000000000000000000000000000000000000000000000000000000000000000000000000000000000000000000000000000000000000000000000000000000000000000000000000000000000000000000000000000000000000000000000000000000000000000>;
P_0x55557d92db90 .param/l "INIT_7" 0 7 1514, C4<0000000000000000000000000000000000000000000000000000000000000000000000000000000000000000000000000000000000000000000000000000000000000000000000000000000000000000000000000000000000000000000000000000000000000000000000000000000000000000000000000000000000000000>;
P_0x55557d92dbd0 .param/l "INIT_8" 0 7 1515, C4<0000000000000000000000000000000000000000000000000000000000000000000000000000000000000000000000000000000000000000000000000000000000000000000000000000000000000000000000000000000000000000000000000000000000000000000000000000000000000000000000000000000000000000>;
P_0x55557d92dc10 .param/l "INIT_9" 0 7 1516, C4<0000000000000000000000000000000000000000000000000000000000000000000000000000000000000000000000000000000000000000000000000000000000000000000000000000000000000000000000000000000000000000000000000000000000000000000000000000000000000000000000000000000000000000>;
P_0x55557d92dc50 .param/l "INIT_A" 0 7 1517, C4<0000000000000000000000000000000000000000000000000000000000000000000000000000000000000000000000000000000000000000000000000000000000000000000000000000000000000000000000000000000000000000000000000000000000000000000000000000000000000000000000000000000000000000>;
P_0x55557d92dc90 .param/l "INIT_B" 0 7 1518, C4<0000000000000000000000000000000000000000000000000000000000000000000000000000000000000000000000000000000000000000000000000000000000000000000000000000000000000000000000000000000000000000000000000000000000000000000000000000000000000000000000000000000000000000>;
P_0x55557d92dcd0 .param/l "INIT_C" 0 7 1519, C4<0000000000000000000000000000000000000000000000000000000000000000000000000000000000000000000000000000000000000000000000000000000000000000000000000000000000000000000000000000000000000000000000000000000000000000000000000000000000000000000000000000000000000000>;
P_0x55557d92dd10 .param/l "INIT_D" 0 7 1520, C4<0000000000000000000000000000000000000000000000000000000000000000000000000000000000000000000000000000000000000000000000000000000000000000000000000000000000000000000000000000000000000000000000000000000000000000000000000000000000000000000000000000000000000000>;
P_0x55557d92dd50 .param/l "INIT_E" 0 7 1521, C4<0000000000000000000000000000000000000000000000000000000000000000000000000000000000000000000000000000000000000000000000000000000000000000000000000000000000000000000000000000000000000000000000000000000000000000000000000000000000000000000000000000000000000000>;
P_0x55557d92dd90 .param/l "INIT_F" 0 7 1522, C4<0000000000000000000000000000000000000000000000000000000000000000000000000000000000000000000000000000000000000000000000000000000000000000000000000000000000000000000000000000000000000000000000000000000000000000000000000000000000000000000000000000000000000000>;
P_0x55557d92ddd0 .param/str "INIT_FILE" 0 7 1524, "\000";
P_0x55557d92de10 .param/l "READ_MODE" 0 7 1505, +C4<00000000000000000000000000000000>;
P_0x55557d92de50 .param/l "WRITE_MODE" 0 7 1504, +C4<00000000000000000000000000000000>;
v0x55557d92fe30_0 .net "MASK", 15 0, o0x7efc3e73c218;  alias, 0 drivers
v0x55557d92fef0_0 .net "RADDR", 10 0, o0x7efc3e73c248;  alias, 0 drivers
v0x55557d92ffd0_0 .net "RCLK", 0 0, L_0x55557d963160;  1 drivers
v0x55557d9300a0_0 .net "RCLKE", 0 0, o0x7efc3e73c2a8;  alias, 0 drivers
v0x55557d930160_0 .net "RDATA", 15 0, L_0x55557d9630a0;  alias, 1 drivers
v0x55557d930290_0 .var "RDATA_I", 15 0;
v0x55557d930370_0 .net "RE", 0 0, o0x7efc3e73c338;  alias, 0 drivers
L_0x7efc3e2d0ba0 .functor BUFT 1, C4<0000000000000000>, C4<0>, C4<0>, C4<0>;
v0x55557d930430_0 .net "RMASK_I", 15 0, L_0x7efc3e2d0ba0;  1 drivers
v0x55557d930510_0 .net "WADDR", 10 0, o0x7efc3e73c398;  alias, 0 drivers
v0x55557d9305f0_0 .net "WCLK", 0 0, o0x7efc3e73c3c8;  alias, 0 drivers
v0x55557d9306b0_0 .net "WCLKE", 0 0, o0x7efc3e73c3f8;  alias, 0 drivers
v0x55557d930770_0 .net "WDATA", 15 0, o0x7efc3e73c428;  alias, 0 drivers
v0x55557d930850_0 .net "WDATA_I", 15 0, L_0x55557d962fe0;  1 drivers
v0x55557d930930_0 .net "WE", 0 0, o0x7efc3e73c488;  alias, 0 drivers
v0x55557d9309f0_0 .net "WMASK_I", 15 0, L_0x55557d962f20;  1 drivers
v0x55557d930ad0_0 .var/i "i", 31 0;
v0x55557d930bb0 .array "memory", 255 0, 15 0;
E_0x55557d92f560 .event posedge, v0x55557d92ffd0_0;
E_0x55557d92f5e0 .event posedge, v0x55557d9305f0_0;
S_0x55557d92f640 .scope generate, "genblk1" "genblk1" 7 1534, 7 1534 0, S_0x55557d92d820;
 .timescale -12 -12;
L_0x55557d962f20 .functor BUFZ 16, o0x7efc3e73c218, C4<0000000000000000>, C4<0000000000000000>, C4<0000000000000000>;
S_0x55557d92f840 .scope generate, "genblk2" "genblk2" 7 1555, 7 1555 0, S_0x55557d92d820;
 .timescale -12 -12;
S_0x55557d92fa40 .scope generate, "genblk3" "genblk3" 7 1576, 7 1576 0, S_0x55557d92d820;
 .timescale -12 -12;
L_0x55557d962fe0 .functor BUFZ 16, o0x7efc3e73c428, C4<0000000000000000>, C4<0000000000000000>, C4<0000000000000000>;
S_0x55557d92fc50 .scope generate, "genblk4" "genblk4" 7 1595, 7 1595 0, S_0x55557d92d820;
 .timescale -12 -12;
L_0x55557d9630a0 .functor BUFZ 16, v0x55557d930290_0, C4<0000000000000000>, C4<0000000000000000>, C4<0000000000000000>;
S_0x55557d86a890 .scope module, "SB_RAM40_4KNRNW" "SB_RAM40_4KNRNW" 7 1998;
 .timescale -12 -12;
    .port_info 0 /OUTPUT 16 "RDATA";
    .port_info 1 /INPUT 1 "RCLKN";
    .port_info 2 /INPUT 1 "RCLKE";
    .port_info 3 /INPUT 1 "RE";
    .port_info 4 /INPUT 11 "RADDR";
    .port_info 5 /INPUT 1 "WCLKN";
    .port_info 6 /INPUT 1 "WCLKE";
    .port_info 7 /INPUT 1 "WE";
    .port_info 8 /INPUT 11 "WADDR";
    .port_info 9 /INPUT 16 "MASK";
    .port_info 10 /INPUT 16 "WDATA";
P_0x55557d7bf460 .param/l "INIT_0" 0 7 2014, C4<0000000000000000000000000000000000000000000000000000000000000000000000000000000000000000000000000000000000000000000000000000000000000000000000000000000000000000000000000000000000000000000000000000000000000000000000000000000000000000000000000000000000000000>;
P_0x55557d7bf4a0 .param/l "INIT_1" 0 7 2015, C4<0000000000000000000000000000000000000000000000000000000000000000000000000000000000000000000000000000000000000000000000000000000000000000000000000000000000000000000000000000000000000000000000000000000000000000000000000000000000000000000000000000000000000000>;
P_0x55557d7bf4e0 .param/l "INIT_2" 0 7 2016, C4<0000000000000000000000000000000000000000000000000000000000000000000000000000000000000000000000000000000000000000000000000000000000000000000000000000000000000000000000000000000000000000000000000000000000000000000000000000000000000000000000000000000000000000>;
P_0x55557d7bf520 .param/l "INIT_3" 0 7 2017, C4<0000000000000000000000000000000000000000000000000000000000000000000000000000000000000000000000000000000000000000000000000000000000000000000000000000000000000000000000000000000000000000000000000000000000000000000000000000000000000000000000000000000000000000>;
P_0x55557d7bf560 .param/l "INIT_4" 0 7 2018, C4<0000000000000000000000000000000000000000000000000000000000000000000000000000000000000000000000000000000000000000000000000000000000000000000000000000000000000000000000000000000000000000000000000000000000000000000000000000000000000000000000000000000000000000>;
P_0x55557d7bf5a0 .param/l "INIT_5" 0 7 2019, C4<0000000000000000000000000000000000000000000000000000000000000000000000000000000000000000000000000000000000000000000000000000000000000000000000000000000000000000000000000000000000000000000000000000000000000000000000000000000000000000000000000000000000000000>;
P_0x55557d7bf5e0 .param/l "INIT_6" 0 7 2020, C4<0000000000000000000000000000000000000000000000000000000000000000000000000000000000000000000000000000000000000000000000000000000000000000000000000000000000000000000000000000000000000000000000000000000000000000000000000000000000000000000000000000000000000000>;
P_0x55557d7bf620 .param/l "INIT_7" 0 7 2021, C4<0000000000000000000000000000000000000000000000000000000000000000000000000000000000000000000000000000000000000000000000000000000000000000000000000000000000000000000000000000000000000000000000000000000000000000000000000000000000000000000000000000000000000000>;
P_0x55557d7bf660 .param/l "INIT_8" 0 7 2022, C4<0000000000000000000000000000000000000000000000000000000000000000000000000000000000000000000000000000000000000000000000000000000000000000000000000000000000000000000000000000000000000000000000000000000000000000000000000000000000000000000000000000000000000000>;
P_0x55557d7bf6a0 .param/l "INIT_9" 0 7 2023, C4<0000000000000000000000000000000000000000000000000000000000000000000000000000000000000000000000000000000000000000000000000000000000000000000000000000000000000000000000000000000000000000000000000000000000000000000000000000000000000000000000000000000000000000>;
P_0x55557d7bf6e0 .param/l "INIT_A" 0 7 2024, C4<0000000000000000000000000000000000000000000000000000000000000000000000000000000000000000000000000000000000000000000000000000000000000000000000000000000000000000000000000000000000000000000000000000000000000000000000000000000000000000000000000000000000000000>;
P_0x55557d7bf720 .param/l "INIT_B" 0 7 2025, C4<0000000000000000000000000000000000000000000000000000000000000000000000000000000000000000000000000000000000000000000000000000000000000000000000000000000000000000000000000000000000000000000000000000000000000000000000000000000000000000000000000000000000000000>;
P_0x55557d7bf760 .param/l "INIT_C" 0 7 2026, C4<0000000000000000000000000000000000000000000000000000000000000000000000000000000000000000000000000000000000000000000000000000000000000000000000000000000000000000000000000000000000000000000000000000000000000000000000000000000000000000000000000000000000000000>;
P_0x55557d7bf7a0 .param/l "INIT_D" 0 7 2027, C4<0000000000000000000000000000000000000000000000000000000000000000000000000000000000000000000000000000000000000000000000000000000000000000000000000000000000000000000000000000000000000000000000000000000000000000000000000000000000000000000000000000000000000000>;
P_0x55557d7bf7e0 .param/l "INIT_E" 0 7 2028, C4<0000000000000000000000000000000000000000000000000000000000000000000000000000000000000000000000000000000000000000000000000000000000000000000000000000000000000000000000000000000000000000000000000000000000000000000000000000000000000000000000000000000000000000>;
P_0x55557d7bf820 .param/l "INIT_F" 0 7 2029, C4<0000000000000000000000000000000000000000000000000000000000000000000000000000000000000000000000000000000000000000000000000000000000000000000000000000000000000000000000000000000000000000000000000000000000000000000000000000000000000000000000000000000000000000>;
P_0x55557d7bf860 .param/str "INIT_FILE" 0 7 2031, "\000";
P_0x55557d7bf8a0 .param/l "READ_MODE" 0 7 2012, +C4<00000000000000000000000000000000>;
P_0x55557d7bf8e0 .param/l "WRITE_MODE" 0 7 2011, +C4<00000000000000000000000000000000>;
o0x7efc3e73ce78 .functor BUFZ 1, c4<z>; HiZ drive
L_0x55557d963440 .functor NOT 1, o0x7efc3e73ce78, C4<0>, C4<0>, C4<0>;
o0x7efc3e73cea8 .functor BUFZ 1, c4<z>; HiZ drive
L_0x55557d9634e0 .functor NOT 1, o0x7efc3e73cea8, C4<0>, C4<0>, C4<0>;
o0x7efc3e73c968 .functor BUFZ 16, c4<zzzzzzzzzzzzzzzz>; HiZ drive
v0x55557d935280_0 .net "MASK", 15 0, o0x7efc3e73c968;  0 drivers
o0x7efc3e73c998 .functor BUFZ 11, c4<zzzzzzzzzzz>; HiZ drive
v0x55557d935360_0 .net "RADDR", 10 0, o0x7efc3e73c998;  0 drivers
o0x7efc3e73c9f8 .functor BUFZ 1, c4<z>; HiZ drive
v0x55557d935430_0 .net "RCLKE", 0 0, o0x7efc3e73c9f8;  0 drivers
v0x55557d935530_0 .net "RCLKN", 0 0, o0x7efc3e73ce78;  0 drivers
v0x55557d9355d0_0 .net "RDATA", 15 0, L_0x55557d963380;  1 drivers
o0x7efc3e73ca88 .functor BUFZ 1, c4<z>; HiZ drive
v0x55557d935670_0 .net "RE", 0 0, o0x7efc3e73ca88;  0 drivers
o0x7efc3e73cae8 .functor BUFZ 11, c4<zzzzzzzzzzz>; HiZ drive
v0x55557d935740_0 .net "WADDR", 10 0, o0x7efc3e73cae8;  0 drivers
o0x7efc3e73cb48 .functor BUFZ 1, c4<z>; HiZ drive
v0x55557d935810_0 .net "WCLKE", 0 0, o0x7efc3e73cb48;  0 drivers
v0x55557d9358e0_0 .net "WCLKN", 0 0, o0x7efc3e73cea8;  0 drivers
o0x7efc3e73cb78 .functor BUFZ 16, c4<zzzzzzzzzzzzzzzz>; HiZ drive
v0x55557d935980_0 .net "WDATA", 15 0, o0x7efc3e73cb78;  0 drivers
o0x7efc3e73cbd8 .functor BUFZ 1, c4<z>; HiZ drive
v0x55557d935a50_0 .net "WE", 0 0, o0x7efc3e73cbd8;  0 drivers
S_0x55557d9318b0 .scope module, "RAM" "SB_RAM40_4K" 7 2053, 7 1487 0, S_0x55557d86a890;
 .timescale -12 -12;
    .port_info 0 /OUTPUT 16 "RDATA";
    .port_info 1 /INPUT 1 "RCLK";
    .port_info 2 /INPUT 1 "RCLKE";
    .port_info 3 /INPUT 1 "RE";
    .port_info 4 /INPUT 11 "RADDR";
    .port_info 5 /INPUT 1 "WCLK";
    .port_info 6 /INPUT 1 "WCLKE";
    .port_info 7 /INPUT 1 "WE";
    .port_info 8 /INPUT 11 "WADDR";
    .port_info 9 /INPUT 16 "MASK";
    .port_info 10 /INPUT 16 "WDATA";
P_0x55557d931a60 .param/l "INIT_0" 0 7 1507, C4<0000000000000000000000000000000000000000000000000000000000000000000000000000000000000000000000000000000000000000000000000000000000000000000000000000000000000000000000000000000000000000000000000000000000000000000000000000000000000000000000000000000000000000>;
P_0x55557d931aa0 .param/l "INIT_1" 0 7 1508, C4<0000000000000000000000000000000000000000000000000000000000000000000000000000000000000000000000000000000000000000000000000000000000000000000000000000000000000000000000000000000000000000000000000000000000000000000000000000000000000000000000000000000000000000>;
P_0x55557d931ae0 .param/l "INIT_2" 0 7 1509, C4<0000000000000000000000000000000000000000000000000000000000000000000000000000000000000000000000000000000000000000000000000000000000000000000000000000000000000000000000000000000000000000000000000000000000000000000000000000000000000000000000000000000000000000>;
P_0x55557d931b20 .param/l "INIT_3" 0 7 1510, C4<0000000000000000000000000000000000000000000000000000000000000000000000000000000000000000000000000000000000000000000000000000000000000000000000000000000000000000000000000000000000000000000000000000000000000000000000000000000000000000000000000000000000000000>;
P_0x55557d931b60 .param/l "INIT_4" 0 7 1511, C4<0000000000000000000000000000000000000000000000000000000000000000000000000000000000000000000000000000000000000000000000000000000000000000000000000000000000000000000000000000000000000000000000000000000000000000000000000000000000000000000000000000000000000000>;
P_0x55557d931ba0 .param/l "INIT_5" 0 7 1512, C4<0000000000000000000000000000000000000000000000000000000000000000000000000000000000000000000000000000000000000000000000000000000000000000000000000000000000000000000000000000000000000000000000000000000000000000000000000000000000000000000000000000000000000000>;
P_0x55557d931be0 .param/l "INIT_6" 0 7 1513, C4<0000000000000000000000000000000000000000000000000000000000000000000000000000000000000000000000000000000000000000000000000000000000000000000000000000000000000000000000000000000000000000000000000000000000000000000000000000000000000000000000000000000000000000>;
P_0x55557d931c20 .param/l "INIT_7" 0 7 1514, C4<0000000000000000000000000000000000000000000000000000000000000000000000000000000000000000000000000000000000000000000000000000000000000000000000000000000000000000000000000000000000000000000000000000000000000000000000000000000000000000000000000000000000000000>;
P_0x55557d931c60 .param/l "INIT_8" 0 7 1515, C4<0000000000000000000000000000000000000000000000000000000000000000000000000000000000000000000000000000000000000000000000000000000000000000000000000000000000000000000000000000000000000000000000000000000000000000000000000000000000000000000000000000000000000000>;
P_0x55557d931ca0 .param/l "INIT_9" 0 7 1516, C4<0000000000000000000000000000000000000000000000000000000000000000000000000000000000000000000000000000000000000000000000000000000000000000000000000000000000000000000000000000000000000000000000000000000000000000000000000000000000000000000000000000000000000000>;
P_0x55557d931ce0 .param/l "INIT_A" 0 7 1517, C4<0000000000000000000000000000000000000000000000000000000000000000000000000000000000000000000000000000000000000000000000000000000000000000000000000000000000000000000000000000000000000000000000000000000000000000000000000000000000000000000000000000000000000000>;
P_0x55557d931d20 .param/l "INIT_B" 0 7 1518, C4<0000000000000000000000000000000000000000000000000000000000000000000000000000000000000000000000000000000000000000000000000000000000000000000000000000000000000000000000000000000000000000000000000000000000000000000000000000000000000000000000000000000000000000>;
P_0x55557d931d60 .param/l "INIT_C" 0 7 1519, C4<0000000000000000000000000000000000000000000000000000000000000000000000000000000000000000000000000000000000000000000000000000000000000000000000000000000000000000000000000000000000000000000000000000000000000000000000000000000000000000000000000000000000000000>;
P_0x55557d931da0 .param/l "INIT_D" 0 7 1520, C4<0000000000000000000000000000000000000000000000000000000000000000000000000000000000000000000000000000000000000000000000000000000000000000000000000000000000000000000000000000000000000000000000000000000000000000000000000000000000000000000000000000000000000000>;
P_0x55557d931de0 .param/l "INIT_E" 0 7 1521, C4<0000000000000000000000000000000000000000000000000000000000000000000000000000000000000000000000000000000000000000000000000000000000000000000000000000000000000000000000000000000000000000000000000000000000000000000000000000000000000000000000000000000000000000>;
P_0x55557d931e20 .param/l "INIT_F" 0 7 1522, C4<0000000000000000000000000000000000000000000000000000000000000000000000000000000000000000000000000000000000000000000000000000000000000000000000000000000000000000000000000000000000000000000000000000000000000000000000000000000000000000000000000000000000000000>;
P_0x55557d931e60 .param/str "INIT_FILE" 0 7 1524, "\000";
P_0x55557d931ea0 .param/l "READ_MODE" 0 7 1505, +C4<00000000000000000000000000000000>;
P_0x55557d931ee0 .param/l "WRITE_MODE" 0 7 1504, +C4<00000000000000000000000000000000>;
v0x55557d934170_0 .net "MASK", 15 0, o0x7efc3e73c968;  alias, 0 drivers
v0x55557d934230_0 .net "RADDR", 10 0, o0x7efc3e73c998;  alias, 0 drivers
v0x55557d934310_0 .net "RCLK", 0 0, L_0x55557d963440;  1 drivers
v0x55557d9343e0_0 .net "RCLKE", 0 0, o0x7efc3e73c9f8;  alias, 0 drivers
v0x55557d9344a0_0 .net "RDATA", 15 0, L_0x55557d963380;  alias, 1 drivers
v0x55557d9345d0_0 .var "RDATA_I", 15 0;
v0x55557d9346b0_0 .net "RE", 0 0, o0x7efc3e73ca88;  alias, 0 drivers
L_0x7efc3e2d0be8 .functor BUFT 1, C4<0000000000000000>, C4<0>, C4<0>, C4<0>;
v0x55557d934770_0 .net "RMASK_I", 15 0, L_0x7efc3e2d0be8;  1 drivers
v0x55557d934850_0 .net "WADDR", 10 0, o0x7efc3e73cae8;  alias, 0 drivers
v0x55557d934930_0 .net "WCLK", 0 0, L_0x55557d9634e0;  1 drivers
v0x55557d9349f0_0 .net "WCLKE", 0 0, o0x7efc3e73cb48;  alias, 0 drivers
v0x55557d934ab0_0 .net "WDATA", 15 0, o0x7efc3e73cb78;  alias, 0 drivers
v0x55557d934b90_0 .net "WDATA_I", 15 0, L_0x55557d963290;  1 drivers
v0x55557d934c70_0 .net "WE", 0 0, o0x7efc3e73cbd8;  alias, 0 drivers
v0x55557d934d30_0 .net "WMASK_I", 15 0, L_0x55557d9631d0;  1 drivers
v0x55557d934e10_0 .var/i "i", 31 0;
v0x55557d934ef0 .array "memory", 255 0, 15 0;
E_0x55557d9338a0 .event posedge, v0x55557d934310_0;
E_0x55557d933920 .event posedge, v0x55557d934930_0;
S_0x55557d933980 .scope generate, "genblk1" "genblk1" 7 1534, 7 1534 0, S_0x55557d9318b0;
 .timescale -12 -12;
L_0x55557d9631d0 .functor BUFZ 16, o0x7efc3e73c968, C4<0000000000000000>, C4<0000000000000000>, C4<0000000000000000>;
S_0x55557d933b80 .scope generate, "genblk2" "genblk2" 7 1555, 7 1555 0, S_0x55557d9318b0;
 .timescale -12 -12;
S_0x55557d933d80 .scope generate, "genblk3" "genblk3" 7 1576, 7 1576 0, S_0x55557d9318b0;
 .timescale -12 -12;
L_0x55557d963290 .functor BUFZ 16, o0x7efc3e73cb78, C4<0000000000000000>, C4<0000000000000000>, C4<0000000000000000>;
S_0x55557d933f90 .scope generate, "genblk4" "genblk4" 7 1595, 7 1595 0, S_0x55557d9318b0;
 .timescale -12 -12;
L_0x55557d963380 .functor BUFZ 16, v0x55557d9345d0_0, C4<0000000000000000>, C4<0000000000000000>, C4<0000000000000000>;
S_0x55557d76da70 .scope module, "SB_RAM40_4KNW" "SB_RAM40_4KNW" 7 1862;
 .timescale -12 -12;
    .port_info 0 /OUTPUT 16 "RDATA";
    .port_info 1 /INPUT 1 "RCLK";
    .port_info 2 /INPUT 1 "RCLKE";
    .port_info 3 /INPUT 1 "RE";
    .port_info 4 /INPUT 11 "RADDR";
    .port_info 5 /INPUT 1 "WCLKN";
    .port_info 6 /INPUT 1 "WCLKE";
    .port_info 7 /INPUT 1 "WE";
    .port_info 8 /INPUT 11 "WADDR";
    .port_info 9 /INPUT 16 "MASK";
    .port_info 10 /INPUT 16 "WDATA";
P_0x55557d740f50 .param/l "INIT_0" 0 7 1878, C4<0000000000000000000000000000000000000000000000000000000000000000000000000000000000000000000000000000000000000000000000000000000000000000000000000000000000000000000000000000000000000000000000000000000000000000000000000000000000000000000000000000000000000000>;
P_0x55557d740f90 .param/l "INIT_1" 0 7 1879, C4<0000000000000000000000000000000000000000000000000000000000000000000000000000000000000000000000000000000000000000000000000000000000000000000000000000000000000000000000000000000000000000000000000000000000000000000000000000000000000000000000000000000000000000>;
P_0x55557d740fd0 .param/l "INIT_2" 0 7 1880, C4<0000000000000000000000000000000000000000000000000000000000000000000000000000000000000000000000000000000000000000000000000000000000000000000000000000000000000000000000000000000000000000000000000000000000000000000000000000000000000000000000000000000000000000>;
P_0x55557d741010 .param/l "INIT_3" 0 7 1881, C4<0000000000000000000000000000000000000000000000000000000000000000000000000000000000000000000000000000000000000000000000000000000000000000000000000000000000000000000000000000000000000000000000000000000000000000000000000000000000000000000000000000000000000000>;
P_0x55557d741050 .param/l "INIT_4" 0 7 1882, C4<0000000000000000000000000000000000000000000000000000000000000000000000000000000000000000000000000000000000000000000000000000000000000000000000000000000000000000000000000000000000000000000000000000000000000000000000000000000000000000000000000000000000000000>;
P_0x55557d741090 .param/l "INIT_5" 0 7 1883, C4<0000000000000000000000000000000000000000000000000000000000000000000000000000000000000000000000000000000000000000000000000000000000000000000000000000000000000000000000000000000000000000000000000000000000000000000000000000000000000000000000000000000000000000>;
P_0x55557d7410d0 .param/l "INIT_6" 0 7 1884, C4<0000000000000000000000000000000000000000000000000000000000000000000000000000000000000000000000000000000000000000000000000000000000000000000000000000000000000000000000000000000000000000000000000000000000000000000000000000000000000000000000000000000000000000>;
P_0x55557d741110 .param/l "INIT_7" 0 7 1885, C4<0000000000000000000000000000000000000000000000000000000000000000000000000000000000000000000000000000000000000000000000000000000000000000000000000000000000000000000000000000000000000000000000000000000000000000000000000000000000000000000000000000000000000000>;
P_0x55557d741150 .param/l "INIT_8" 0 7 1886, C4<0000000000000000000000000000000000000000000000000000000000000000000000000000000000000000000000000000000000000000000000000000000000000000000000000000000000000000000000000000000000000000000000000000000000000000000000000000000000000000000000000000000000000000>;
P_0x55557d741190 .param/l "INIT_9" 0 7 1887, C4<0000000000000000000000000000000000000000000000000000000000000000000000000000000000000000000000000000000000000000000000000000000000000000000000000000000000000000000000000000000000000000000000000000000000000000000000000000000000000000000000000000000000000000>;
P_0x55557d7411d0 .param/l "INIT_A" 0 7 1888, C4<0000000000000000000000000000000000000000000000000000000000000000000000000000000000000000000000000000000000000000000000000000000000000000000000000000000000000000000000000000000000000000000000000000000000000000000000000000000000000000000000000000000000000000>;
P_0x55557d741210 .param/l "INIT_B" 0 7 1889, C4<0000000000000000000000000000000000000000000000000000000000000000000000000000000000000000000000000000000000000000000000000000000000000000000000000000000000000000000000000000000000000000000000000000000000000000000000000000000000000000000000000000000000000000>;
P_0x55557d741250 .param/l "INIT_C" 0 7 1890, C4<0000000000000000000000000000000000000000000000000000000000000000000000000000000000000000000000000000000000000000000000000000000000000000000000000000000000000000000000000000000000000000000000000000000000000000000000000000000000000000000000000000000000000000>;
P_0x55557d741290 .param/l "INIT_D" 0 7 1891, C4<0000000000000000000000000000000000000000000000000000000000000000000000000000000000000000000000000000000000000000000000000000000000000000000000000000000000000000000000000000000000000000000000000000000000000000000000000000000000000000000000000000000000000000>;
P_0x55557d7412d0 .param/l "INIT_E" 0 7 1892, C4<0000000000000000000000000000000000000000000000000000000000000000000000000000000000000000000000000000000000000000000000000000000000000000000000000000000000000000000000000000000000000000000000000000000000000000000000000000000000000000000000000000000000000000>;
P_0x55557d741310 .param/l "INIT_F" 0 7 1893, C4<0000000000000000000000000000000000000000000000000000000000000000000000000000000000000000000000000000000000000000000000000000000000000000000000000000000000000000000000000000000000000000000000000000000000000000000000000000000000000000000000000000000000000000>;
P_0x55557d741350 .param/str "INIT_FILE" 0 7 1895, "\000";
P_0x55557d741390 .param/l "READ_MODE" 0 7 1876, +C4<00000000000000000000000000000000>;
P_0x55557d7413d0 .param/l "WRITE_MODE" 0 7 1875, +C4<00000000000000000000000000000000>;
o0x7efc3e73d5f8 .functor BUFZ 1, c4<z>; HiZ drive
L_0x55557d963850 .functor NOT 1, o0x7efc3e73d5f8, C4<0>, C4<0>, C4<0>;
o0x7efc3e73d0e8 .functor BUFZ 16, c4<zzzzzzzzzzzzzzzz>; HiZ drive
v0x55557d9395d0_0 .net "MASK", 15 0, o0x7efc3e73d0e8;  0 drivers
o0x7efc3e73d118 .functor BUFZ 11, c4<zzzzzzzzzzz>; HiZ drive
v0x55557d9396b0_0 .net "RADDR", 10 0, o0x7efc3e73d118;  0 drivers
o0x7efc3e73d148 .functor BUFZ 1, c4<z>; HiZ drive
v0x55557d939780_0 .net "RCLK", 0 0, o0x7efc3e73d148;  0 drivers
o0x7efc3e73d178 .functor BUFZ 1, c4<z>; HiZ drive
v0x55557d939880_0 .net "RCLKE", 0 0, o0x7efc3e73d178;  0 drivers
v0x55557d939950_0 .net "RDATA", 15 0, L_0x55557d963790;  1 drivers
o0x7efc3e73d208 .functor BUFZ 1, c4<z>; HiZ drive
v0x55557d9399f0_0 .net "RE", 0 0, o0x7efc3e73d208;  0 drivers
o0x7efc3e73d268 .functor BUFZ 11, c4<zzzzzzzzzzz>; HiZ drive
v0x55557d939ac0_0 .net "WADDR", 10 0, o0x7efc3e73d268;  0 drivers
o0x7efc3e73d2c8 .functor BUFZ 1, c4<z>; HiZ drive
v0x55557d939b90_0 .net "WCLKE", 0 0, o0x7efc3e73d2c8;  0 drivers
v0x55557d939c60_0 .net "WCLKN", 0 0, o0x7efc3e73d5f8;  0 drivers
o0x7efc3e73d2f8 .functor BUFZ 16, c4<zzzzzzzzzzzzzzzz>; HiZ drive
v0x55557d939d00_0 .net "WDATA", 15 0, o0x7efc3e73d2f8;  0 drivers
o0x7efc3e73d358 .functor BUFZ 1, c4<z>; HiZ drive
v0x55557d939dd0_0 .net "WE", 0 0, o0x7efc3e73d358;  0 drivers
S_0x55557d935c00 .scope module, "RAM" "SB_RAM40_4K" 7 1917, 7 1487 0, S_0x55557d76da70;
 .timescale -12 -12;
    .port_info 0 /OUTPUT 16 "RDATA";
    .port_info 1 /INPUT 1 "RCLK";
    .port_info 2 /INPUT 1 "RCLKE";
    .port_info 3 /INPUT 1 "RE";
    .port_info 4 /INPUT 11 "RADDR";
    .port_info 5 /INPUT 1 "WCLK";
    .port_info 6 /INPUT 1 "WCLKE";
    .port_info 7 /INPUT 1 "WE";
    .port_info 8 /INPUT 11 "WADDR";
    .port_info 9 /INPUT 16 "MASK";
    .port_info 10 /INPUT 16 "WDATA";
P_0x55557d935db0 .param/l "INIT_0" 0 7 1507, C4<0000000000000000000000000000000000000000000000000000000000000000000000000000000000000000000000000000000000000000000000000000000000000000000000000000000000000000000000000000000000000000000000000000000000000000000000000000000000000000000000000000000000000000>;
P_0x55557d935df0 .param/l "INIT_1" 0 7 1508, C4<0000000000000000000000000000000000000000000000000000000000000000000000000000000000000000000000000000000000000000000000000000000000000000000000000000000000000000000000000000000000000000000000000000000000000000000000000000000000000000000000000000000000000000>;
P_0x55557d935e30 .param/l "INIT_2" 0 7 1509, C4<0000000000000000000000000000000000000000000000000000000000000000000000000000000000000000000000000000000000000000000000000000000000000000000000000000000000000000000000000000000000000000000000000000000000000000000000000000000000000000000000000000000000000000>;
P_0x55557d935e70 .param/l "INIT_3" 0 7 1510, C4<0000000000000000000000000000000000000000000000000000000000000000000000000000000000000000000000000000000000000000000000000000000000000000000000000000000000000000000000000000000000000000000000000000000000000000000000000000000000000000000000000000000000000000>;
P_0x55557d935eb0 .param/l "INIT_4" 0 7 1511, C4<0000000000000000000000000000000000000000000000000000000000000000000000000000000000000000000000000000000000000000000000000000000000000000000000000000000000000000000000000000000000000000000000000000000000000000000000000000000000000000000000000000000000000000>;
P_0x55557d935ef0 .param/l "INIT_5" 0 7 1512, C4<0000000000000000000000000000000000000000000000000000000000000000000000000000000000000000000000000000000000000000000000000000000000000000000000000000000000000000000000000000000000000000000000000000000000000000000000000000000000000000000000000000000000000000>;
P_0x55557d935f30 .param/l "INIT_6" 0 7 1513, C4<0000000000000000000000000000000000000000000000000000000000000000000000000000000000000000000000000000000000000000000000000000000000000000000000000000000000000000000000000000000000000000000000000000000000000000000000000000000000000000000000000000000000000000>;
P_0x55557d935f70 .param/l "INIT_7" 0 7 1514, C4<0000000000000000000000000000000000000000000000000000000000000000000000000000000000000000000000000000000000000000000000000000000000000000000000000000000000000000000000000000000000000000000000000000000000000000000000000000000000000000000000000000000000000000>;
P_0x55557d935fb0 .param/l "INIT_8" 0 7 1515, C4<0000000000000000000000000000000000000000000000000000000000000000000000000000000000000000000000000000000000000000000000000000000000000000000000000000000000000000000000000000000000000000000000000000000000000000000000000000000000000000000000000000000000000000>;
P_0x55557d935ff0 .param/l "INIT_9" 0 7 1516, C4<0000000000000000000000000000000000000000000000000000000000000000000000000000000000000000000000000000000000000000000000000000000000000000000000000000000000000000000000000000000000000000000000000000000000000000000000000000000000000000000000000000000000000000>;
P_0x55557d936030 .param/l "INIT_A" 0 7 1517, C4<0000000000000000000000000000000000000000000000000000000000000000000000000000000000000000000000000000000000000000000000000000000000000000000000000000000000000000000000000000000000000000000000000000000000000000000000000000000000000000000000000000000000000000>;
P_0x55557d936070 .param/l "INIT_B" 0 7 1518, C4<0000000000000000000000000000000000000000000000000000000000000000000000000000000000000000000000000000000000000000000000000000000000000000000000000000000000000000000000000000000000000000000000000000000000000000000000000000000000000000000000000000000000000000>;
P_0x55557d9360b0 .param/l "INIT_C" 0 7 1519, C4<0000000000000000000000000000000000000000000000000000000000000000000000000000000000000000000000000000000000000000000000000000000000000000000000000000000000000000000000000000000000000000000000000000000000000000000000000000000000000000000000000000000000000000>;
P_0x55557d9360f0 .param/l "INIT_D" 0 7 1520, C4<0000000000000000000000000000000000000000000000000000000000000000000000000000000000000000000000000000000000000000000000000000000000000000000000000000000000000000000000000000000000000000000000000000000000000000000000000000000000000000000000000000000000000000>;
P_0x55557d936130 .param/l "INIT_E" 0 7 1521, C4<0000000000000000000000000000000000000000000000000000000000000000000000000000000000000000000000000000000000000000000000000000000000000000000000000000000000000000000000000000000000000000000000000000000000000000000000000000000000000000000000000000000000000000>;
P_0x55557d936170 .param/l "INIT_F" 0 7 1522, C4<0000000000000000000000000000000000000000000000000000000000000000000000000000000000000000000000000000000000000000000000000000000000000000000000000000000000000000000000000000000000000000000000000000000000000000000000000000000000000000000000000000000000000000>;
P_0x55557d9361b0 .param/str "INIT_FILE" 0 7 1524, "\000";
P_0x55557d9361f0 .param/l "READ_MODE" 0 7 1505, +C4<00000000000000000000000000000000>;
P_0x55557d936230 .param/l "WRITE_MODE" 0 7 1504, +C4<00000000000000000000000000000000>;
v0x55557d9384c0_0 .net "MASK", 15 0, o0x7efc3e73d0e8;  alias, 0 drivers
v0x55557d938580_0 .net "RADDR", 10 0, o0x7efc3e73d118;  alias, 0 drivers
v0x55557d938660_0 .net "RCLK", 0 0, o0x7efc3e73d148;  alias, 0 drivers
v0x55557d938730_0 .net "RCLKE", 0 0, o0x7efc3e73d178;  alias, 0 drivers
v0x55557d9387f0_0 .net "RDATA", 15 0, L_0x55557d963790;  alias, 1 drivers
v0x55557d938920_0 .var "RDATA_I", 15 0;
v0x55557d938a00_0 .net "RE", 0 0, o0x7efc3e73d208;  alias, 0 drivers
L_0x7efc3e2d0c30 .functor BUFT 1, C4<0000000000000000>, C4<0>, C4<0>, C4<0>;
v0x55557d938ac0_0 .net "RMASK_I", 15 0, L_0x7efc3e2d0c30;  1 drivers
v0x55557d938ba0_0 .net "WADDR", 10 0, o0x7efc3e73d268;  alias, 0 drivers
v0x55557d938c80_0 .net "WCLK", 0 0, L_0x55557d963850;  1 drivers
v0x55557d938d40_0 .net "WCLKE", 0 0, o0x7efc3e73d2c8;  alias, 0 drivers
v0x55557d938e00_0 .net "WDATA", 15 0, o0x7efc3e73d2f8;  alias, 0 drivers
v0x55557d938ee0_0 .net "WDATA_I", 15 0, L_0x55557d9636a0;  1 drivers
v0x55557d938fc0_0 .net "WE", 0 0, o0x7efc3e73d358;  alias, 0 drivers
v0x55557d939080_0 .net "WMASK_I", 15 0, L_0x55557d9635b0;  1 drivers
v0x55557d939160_0 .var/i "i", 31 0;
v0x55557d939240 .array "memory", 255 0, 15 0;
E_0x55557d937bf0 .event posedge, v0x55557d938660_0;
E_0x55557d937c70 .event posedge, v0x55557d938c80_0;
S_0x55557d937cd0 .scope generate, "genblk1" "genblk1" 7 1534, 7 1534 0, S_0x55557d935c00;
 .timescale -12 -12;
L_0x55557d9635b0 .functor BUFZ 16, o0x7efc3e73d0e8, C4<0000000000000000>, C4<0000000000000000>, C4<0000000000000000>;
S_0x55557d937ed0 .scope generate, "genblk2" "genblk2" 7 1555, 7 1555 0, S_0x55557d935c00;
 .timescale -12 -12;
S_0x55557d9380d0 .scope generate, "genblk3" "genblk3" 7 1576, 7 1576 0, S_0x55557d935c00;
 .timescale -12 -12;
L_0x55557d9636a0 .functor BUFZ 16, o0x7efc3e73d2f8, C4<0000000000000000>, C4<0000000000000000>, C4<0000000000000000>;
S_0x55557d9382e0 .scope generate, "genblk4" "genblk4" 7 1595, 7 1595 0, S_0x55557d935c00;
 .timescale -12 -12;
L_0x55557d963790 .functor BUFZ 16, v0x55557d938920_0, C4<0000000000000000>, C4<0000000000000000>, C4<0000000000000000>;
S_0x55557d7bd4e0 .scope module, "SB_RGBA_DRV" "SB_RGBA_DRV" 7 2692;
 .timescale -12 -12;
    .port_info 0 /INPUT 1 "CURREN";
    .port_info 1 /INPUT 1 "RGBLEDEN";
    .port_info 2 /INPUT 1 "RGB0PWM";
    .port_info 3 /INPUT 1 "RGB1PWM";
    .port_info 4 /INPUT 1 "RGB2PWM";
    .port_info 5 /OUTPUT 1 "RGB0";
    .port_info 6 /OUTPUT 1 "RGB1";
    .port_info 7 /OUTPUT 1 "RGB2";
P_0x55557d7bd670 .param/str "CURRENT_MODE" 0 7 2702, "0b0";
P_0x55557d7bd6b0 .param/str "RGB0_CURRENT" 0 7 2703, "0b000000";
P_0x55557d7bd6f0 .param/str "RGB1_CURRENT" 0 7 2704, "0b000000";
P_0x55557d7bd730 .param/str "RGB2_CURRENT" 0 7 2705, "0b000000";
o0x7efc3e73d838 .functor BUFZ 1, c4<z>; HiZ drive
v0x55557d939f40_0 .net "CURREN", 0 0, o0x7efc3e73d838;  0 drivers
o0x7efc3e73d868 .functor BUFZ 1, c4<z>; HiZ drive
v0x55557d93a020_0 .net "RGB0", 0 0, o0x7efc3e73d868;  0 drivers
o0x7efc3e73d898 .functor BUFZ 1, c4<z>; HiZ drive
v0x55557d93a0e0_0 .net "RGB0PWM", 0 0, o0x7efc3e73d898;  0 drivers
o0x7efc3e73d8c8 .functor BUFZ 1, c4<z>; HiZ drive
v0x55557d93a1b0_0 .net "RGB1", 0 0, o0x7efc3e73d8c8;  0 drivers
o0x7efc3e73d8f8 .functor BUFZ 1, c4<z>; HiZ drive
v0x55557d93a270_0 .net "RGB1PWM", 0 0, o0x7efc3e73d8f8;  0 drivers
o0x7efc3e73d928 .functor BUFZ 1, c4<z>; HiZ drive
v0x55557d93a330_0 .net "RGB2", 0 0, o0x7efc3e73d928;  0 drivers
o0x7efc3e73d958 .functor BUFZ 1, c4<z>; HiZ drive
v0x55557d93a3f0_0 .net "RGB2PWM", 0 0, o0x7efc3e73d958;  0 drivers
o0x7efc3e73d988 .functor BUFZ 1, c4<z>; HiZ drive
v0x55557d93a4b0_0 .net "RGBLEDEN", 0 0, o0x7efc3e73d988;  0 drivers
S_0x55557d74bfe0 .scope module, "SB_RGB_DRV" "SB_RGB_DRV" 7 2716;
 .timescale -12 -12;
    .port_info 0 /INPUT 1 "RGBLEDEN";
    .port_info 1 /INPUT 1 "RGB0PWM";
    .port_info 2 /INPUT 1 "RGB1PWM";
    .port_info 3 /INPUT 1 "RGB2PWM";
    .port_info 4 /INPUT 1 "RGBPU";
    .port_info 5 /OUTPUT 1 "RGB0";
    .port_info 6 /OUTPUT 1 "RGB1";
    .port_info 7 /OUTPUT 1 "RGB2";
P_0x55557d74c170 .param/str "CURRENT_MODE" 0 7 2726, "0b0";
P_0x55557d74c1b0 .param/str "RGB0_CURRENT" 0 7 2727, "0b000000";
P_0x55557d74c1f0 .param/str "RGB1_CURRENT" 0 7 2728, "0b000000";
P_0x55557d74c230 .param/str "RGB2_CURRENT" 0 7 2729, "0b000000";
o0x7efc3e73db38 .functor BUFZ 1, c4<z>; HiZ drive
v0x55557d93a6c0_0 .net "RGB0", 0 0, o0x7efc3e73db38;  0 drivers
o0x7efc3e73db68 .functor BUFZ 1, c4<z>; HiZ drive
v0x55557d93a7a0_0 .net "RGB0PWM", 0 0, o0x7efc3e73db68;  0 drivers
o0x7efc3e73db98 .functor BUFZ 1, c4<z>; HiZ drive
v0x55557d93a860_0 .net "RGB1", 0 0, o0x7efc3e73db98;  0 drivers
o0x7efc3e73dbc8 .functor BUFZ 1, c4<z>; HiZ drive
v0x55557d93a900_0 .net "RGB1PWM", 0 0, o0x7efc3e73dbc8;  0 drivers
o0x7efc3e73dbf8 .functor BUFZ 1, c4<z>; HiZ drive
v0x55557d93a9c0_0 .net "RGB2", 0 0, o0x7efc3e73dbf8;  0 drivers
o0x7efc3e73dc28 .functor BUFZ 1, c4<z>; HiZ drive
v0x55557d93aa80_0 .net "RGB2PWM", 0 0, o0x7efc3e73dc28;  0 drivers
o0x7efc3e73dc58 .functor BUFZ 1, c4<z>; HiZ drive
v0x55557d93ab40_0 .net "RGBLEDEN", 0 0, o0x7efc3e73dc58;  0 drivers
o0x7efc3e73dc88 .functor BUFZ 1, c4<z>; HiZ drive
v0x55557d93ac00_0 .net "RGBPU", 0 0, o0x7efc3e73dc88;  0 drivers
S_0x55557d731040 .scope module, "SB_SPI" "SB_SPI" 7 2776;
 .timescale -12 -12;
    .port_info 0 /INPUT 1 "SBCLKI";
    .port_info 1 /INPUT 1 "SBRWI";
    .port_info 2 /INPUT 1 "SBSTBI";
    .port_info 3 /INPUT 1 "SBADRI7";
    .port_info 4 /INPUT 1 "SBADRI6";
    .port_info 5 /INPUT 1 "SBADRI5";
    .port_info 6 /INPUT 1 "SBADRI4";
    .port_info 7 /INPUT 1 "SBADRI3";
    .port_info 8 /INPUT 1 "SBADRI2";
    .port_info 9 /INPUT 1 "SBADRI1";
    .port_info 10 /INPUT 1 "SBADRI0";
    .port_info 11 /INPUT 1 "SBDATI7";
    .port_info 12 /INPUT 1 "SBDATI6";
    .port_info 13 /INPUT 1 "SBDATI5";
    .port_info 14 /INPUT 1 "SBDATI4";
    .port_info 15 /INPUT 1 "SBDATI3";
    .port_info 16 /INPUT 1 "SBDATI2";
    .port_info 17 /INPUT 1 "SBDATI1";
    .port_info 18 /INPUT 1 "SBDATI0";
    .port_info 19 /INPUT 1 "MI";
    .port_info 20 /INPUT 1 "SI";
    .port_info 21 /INPUT 1 "SCKI";
    .port_info 22 /INPUT 1 "SCSNI";
    .port_info 23 /OUTPUT 1 "SBDATO7";
    .port_info 24 /OUTPUT 1 "SBDATO6";
    .port_info 25 /OUTPUT 1 "SBDATO5";
    .port_info 26 /OUTPUT 1 "SBDATO4";
    .port_info 27 /OUTPUT 1 "SBDATO3";
    .port_info 28 /OUTPUT 1 "SBDATO2";
    .port_info 29 /OUTPUT 1 "SBDATO1";
    .port_info 30 /OUTPUT 1 "SBDATO0";
    .port_info 31 /OUTPUT 1 "SBACKO";
    .port_info 32 /OUTPUT 1 "SPIIRQ";
    .port_info 33 /OUTPUT 1 "SPIWKUP";
    .port_info 34 /OUTPUT 1 "SO";
    .port_info 35 /OUTPUT 1 "SOE";
    .port_info 36 /OUTPUT 1 "MO";
    .port_info 37 /OUTPUT 1 "MOE";
    .port_info 38 /OUTPUT 1 "SCKO";
    .port_info 39 /OUTPUT 1 "SCKOE";
    .port_info 40 /OUTPUT 1 "MCSNO3";
    .port_info 41 /OUTPUT 1 "MCSNO2";
    .port_info 42 /OUTPUT 1 "MCSNO1";
    .port_info 43 /OUTPUT 1 "MCSNO0";
    .port_info 44 /OUTPUT 1 "MCSNOE3";
    .port_info 45 /OUTPUT 1 "MCSNOE2";
    .port_info 46 /OUTPUT 1 "MCSNOE1";
    .port_info 47 /OUTPUT 1 "MCSNOE0";
P_0x55557d7311d0 .param/str "BUS_ADDR74" 0 7 2826, "0b0000";
o0x7efc3e73de38 .functor BUFZ 1, c4<z>; HiZ drive
v0x55557d93ae10_0 .net "MCSNO0", 0 0, o0x7efc3e73de38;  0 drivers
o0x7efc3e73de68 .functor BUFZ 1, c4<z>; HiZ drive
v0x55557d93aef0_0 .net "MCSNO1", 0 0, o0x7efc3e73de68;  0 drivers
o0x7efc3e73de98 .functor BUFZ 1, c4<z>; HiZ drive
v0x55557d93afb0_0 .net "MCSNO2", 0 0, o0x7efc3e73de98;  0 drivers
o0x7efc3e73dec8 .functor BUFZ 1, c4<z>; HiZ drive
v0x55557d93b050_0 .net "MCSNO3", 0 0, o0x7efc3e73dec8;  0 drivers
o0x7efc3e73def8 .functor BUFZ 1, c4<z>; HiZ drive
v0x55557d93b110_0 .net "MCSNOE0", 0 0, o0x7efc3e73def8;  0 drivers
o0x7efc3e73df28 .functor BUFZ 1, c4<z>; HiZ drive
v0x55557d93b1d0_0 .net "MCSNOE1", 0 0, o0x7efc3e73df28;  0 drivers
o0x7efc3e73df58 .functor BUFZ 1, c4<z>; HiZ drive
v0x55557d93b290_0 .net "MCSNOE2", 0 0, o0x7efc3e73df58;  0 drivers
o0x7efc3e73df88 .functor BUFZ 1, c4<z>; HiZ drive
v0x55557d93b350_0 .net "MCSNOE3", 0 0, o0x7efc3e73df88;  0 drivers
o0x7efc3e73dfb8 .functor BUFZ 1, c4<z>; HiZ drive
v0x55557d93b410_0 .net "MI", 0 0, o0x7efc3e73dfb8;  0 drivers
o0x7efc3e73dfe8 .functor BUFZ 1, c4<z>; HiZ drive
v0x55557d93b560_0 .net "MO", 0 0, o0x7efc3e73dfe8;  0 drivers
o0x7efc3e73e018 .functor BUFZ 1, c4<z>; HiZ drive
v0x55557d93b620_0 .net "MOE", 0 0, o0x7efc3e73e018;  0 drivers
o0x7efc3e73e048 .functor BUFZ 1, c4<z>; HiZ drive
v0x55557d93b6e0_0 .net "SBACKO", 0 0, o0x7efc3e73e048;  0 drivers
o0x7efc3e73e078 .functor BUFZ 1, c4<z>; HiZ drive
v0x55557d93b7a0_0 .net "SBADRI0", 0 0, o0x7efc3e73e078;  0 drivers
o0x7efc3e73e0a8 .functor BUFZ 1, c4<z>; HiZ drive
v0x55557d93b860_0 .net "SBADRI1", 0 0, o0x7efc3e73e0a8;  0 drivers
o0x7efc3e73e0d8 .functor BUFZ 1, c4<z>; HiZ drive
v0x55557d93b920_0 .net "SBADRI2", 0 0, o0x7efc3e73e0d8;  0 drivers
o0x7efc3e73e108 .functor BUFZ 1, c4<z>; HiZ drive
v0x55557d93b9e0_0 .net "SBADRI3", 0 0, o0x7efc3e73e108;  0 drivers
o0x7efc3e73e138 .functor BUFZ 1, c4<z>; HiZ drive
v0x55557d93baa0_0 .net "SBADRI4", 0 0, o0x7efc3e73e138;  0 drivers
o0x7efc3e73e168 .functor BUFZ 1, c4<z>; HiZ drive
v0x55557d93bc70_0 .net "SBADRI5", 0 0, o0x7efc3e73e168;  0 drivers
o0x7efc3e73e198 .functor BUFZ 1, c4<z>; HiZ drive
v0x55557d93bd30_0 .net "SBADRI6", 0 0, o0x7efc3e73e198;  0 drivers
o0x7efc3e73e1c8 .functor BUFZ 1, c4<z>; HiZ drive
v0x55557d93bdf0_0 .net "SBADRI7", 0 0, o0x7efc3e73e1c8;  0 drivers
o0x7efc3e73e1f8 .functor BUFZ 1, c4<z>; HiZ drive
v0x55557d93beb0_0 .net "SBCLKI", 0 0, o0x7efc3e73e1f8;  0 drivers
o0x7efc3e73e228 .functor BUFZ 1, c4<z>; HiZ drive
v0x55557d93bf70_0 .net "SBDATI0", 0 0, o0x7efc3e73e228;  0 drivers
o0x7efc3e73e258 .functor BUFZ 1, c4<z>; HiZ drive
v0x55557d93c030_0 .net "SBDATI1", 0 0, o0x7efc3e73e258;  0 drivers
o0x7efc3e73e288 .functor BUFZ 1, c4<z>; HiZ drive
v0x55557d93c0f0_0 .net "SBDATI2", 0 0, o0x7efc3e73e288;  0 drivers
o0x7efc3e73e2b8 .functor BUFZ 1, c4<z>; HiZ drive
v0x55557d93c1b0_0 .net "SBDATI3", 0 0, o0x7efc3e73e2b8;  0 drivers
o0x7efc3e73e2e8 .functor BUFZ 1, c4<z>; HiZ drive
v0x55557d93c270_0 .net "SBDATI4", 0 0, o0x7efc3e73e2e8;  0 drivers
o0x7efc3e73e318 .functor BUFZ 1, c4<z>; HiZ drive
v0x55557d93c330_0 .net "SBDATI5", 0 0, o0x7efc3e73e318;  0 drivers
o0x7efc3e73e348 .functor BUFZ 1, c4<z>; HiZ drive
v0x55557d93c3f0_0 .net "SBDATI6", 0 0, o0x7efc3e73e348;  0 drivers
o0x7efc3e73e378 .functor BUFZ 1, c4<z>; HiZ drive
v0x55557d93c4b0_0 .net "SBDATI7", 0 0, o0x7efc3e73e378;  0 drivers
o0x7efc3e73e3a8 .functor BUFZ 1, c4<z>; HiZ drive
v0x55557d93c570_0 .net "SBDATO0", 0 0, o0x7efc3e73e3a8;  0 drivers
o0x7efc3e73e3d8 .functor BUFZ 1, c4<z>; HiZ drive
v0x55557d93c630_0 .net "SBDATO1", 0 0, o0x7efc3e73e3d8;  0 drivers
o0x7efc3e73e408 .functor BUFZ 1, c4<z>; HiZ drive
v0x55557d93c6f0_0 .net "SBDATO2", 0 0, o0x7efc3e73e408;  0 drivers
o0x7efc3e73e438 .functor BUFZ 1, c4<z>; HiZ drive
v0x55557d93c7b0_0 .net "SBDATO3", 0 0, o0x7efc3e73e438;  0 drivers
o0x7efc3e73e468 .functor BUFZ 1, c4<z>; HiZ drive
v0x55557d93c870_0 .net "SBDATO4", 0 0, o0x7efc3e73e468;  0 drivers
o0x7efc3e73e498 .functor BUFZ 1, c4<z>; HiZ drive
v0x55557d93c930_0 .net "SBDATO5", 0 0, o0x7efc3e73e498;  0 drivers
o0x7efc3e73e4c8 .functor BUFZ 1, c4<z>; HiZ drive
v0x55557d93c9f0_0 .net "SBDATO6", 0 0, o0x7efc3e73e4c8;  0 drivers
o0x7efc3e73e4f8 .functor BUFZ 1, c4<z>; HiZ drive
v0x55557d93cab0_0 .net "SBDATO7", 0 0, o0x7efc3e73e4f8;  0 drivers
o0x7efc3e73e528 .functor BUFZ 1, c4<z>; HiZ drive
v0x55557d93cb70_0 .net "SBRWI", 0 0, o0x7efc3e73e528;  0 drivers
o0x7efc3e73e558 .functor BUFZ 1, c4<z>; HiZ drive
v0x55557d93cc30_0 .net "SBSTBI", 0 0, o0x7efc3e73e558;  0 drivers
o0x7efc3e73e588 .functor BUFZ 1, c4<z>; HiZ drive
v0x55557d93ccf0_0 .net "SCKI", 0 0, o0x7efc3e73e588;  0 drivers
o0x7efc3e73e5b8 .functor BUFZ 1, c4<z>; HiZ drive
v0x55557d93cdb0_0 .net "SCKO", 0 0, o0x7efc3e73e5b8;  0 drivers
o0x7efc3e73e5e8 .functor BUFZ 1, c4<z>; HiZ drive
v0x55557d93ce70_0 .net "SCKOE", 0 0, o0x7efc3e73e5e8;  0 drivers
o0x7efc3e73e618 .functor BUFZ 1, c4<z>; HiZ drive
v0x55557d93cf30_0 .net "SCSNI", 0 0, o0x7efc3e73e618;  0 drivers
o0x7efc3e73e648 .functor BUFZ 1, c4<z>; HiZ drive
v0x55557d93cff0_0 .net "SI", 0 0, o0x7efc3e73e648;  0 drivers
o0x7efc3e73e678 .functor BUFZ 1, c4<z>; HiZ drive
v0x55557d93d0b0_0 .net "SO", 0 0, o0x7efc3e73e678;  0 drivers
o0x7efc3e73e6a8 .functor BUFZ 1, c4<z>; HiZ drive
v0x55557d93d170_0 .net "SOE", 0 0, o0x7efc3e73e6a8;  0 drivers
o0x7efc3e73e6d8 .functor BUFZ 1, c4<z>; HiZ drive
v0x55557d93d230_0 .net "SPIIRQ", 0 0, o0x7efc3e73e6d8;  0 drivers
o0x7efc3e73e708 .functor BUFZ 1, c4<z>; HiZ drive
v0x55557d93d2f0_0 .net "SPIWKUP", 0 0, o0x7efc3e73e708;  0 drivers
S_0x55557d72d730 .scope module, "SB_SPRAM256KA" "SB_SPRAM256KA" 7 2600;
 .timescale -12 -12;
    .port_info 0 /INPUT 14 "ADDRESS";
    .port_info 1 /INPUT 16 "DATAIN";
    .port_info 2 /INPUT 4 "MASKWREN";
    .port_info 3 /INPUT 1 "WREN";
    .port_info 4 /INPUT 1 "CHIPSELECT";
    .port_info 5 /INPUT 1 "CLOCK";
    .port_info 6 /INPUT 1 "STANDBY";
    .port_info 7 /INPUT 1 "SLEEP";
    .port_info 8 /INPUT 1 "POWEROFF";
    .port_info 9 /OUTPUT 16 "DATAOUT";
o0x7efc3e73f188 .functor BUFZ 1, c4<z>; HiZ drive
L_0x55557d9639f0 .functor OR 1, o0x7efc3e73f188, L_0x55557d9638f0, C4<0>, C4<0>;
o0x7efc3e73f038 .functor BUFZ 14, c4<zzzzzzzzzzzzzz>; HiZ drive
v0x55557d93dc20_0 .net "ADDRESS", 13 0, o0x7efc3e73f038;  0 drivers
o0x7efc3e73f068 .functor BUFZ 1, c4<z>; HiZ drive
v0x55557d93dd20_0 .net "CHIPSELECT", 0 0, o0x7efc3e73f068;  0 drivers
o0x7efc3e73f098 .functor BUFZ 1, c4<z>; HiZ drive
v0x55557d93dde0_0 .net "CLOCK", 0 0, o0x7efc3e73f098;  0 drivers
o0x7efc3e73f0c8 .functor BUFZ 16, c4<zzzzzzzzzzzzzzzz>; HiZ drive
v0x55557d93de80_0 .net "DATAIN", 15 0, o0x7efc3e73f0c8;  0 drivers
v0x55557d93df60_0 .var "DATAOUT", 15 0;
o0x7efc3e73f128 .functor BUFZ 4, c4<zzzz>; HiZ drive
v0x55557d93e040_0 .net "MASKWREN", 3 0, o0x7efc3e73f128;  0 drivers
o0x7efc3e73f158 .functor BUFZ 1, c4<z>; HiZ drive
v0x55557d93e120_0 .net "POWEROFF", 0 0, o0x7efc3e73f158;  0 drivers
v0x55557d93e1e0_0 .net "SLEEP", 0 0, o0x7efc3e73f188;  0 drivers
o0x7efc3e73f1b8 .functor BUFZ 1, c4<z>; HiZ drive
v0x55557d93e2a0_0 .net "STANDBY", 0 0, o0x7efc3e73f1b8;  0 drivers
o0x7efc3e73f1e8 .functor BUFZ 1, c4<z>; HiZ drive
v0x55557d93e360_0 .net "WREN", 0 0, o0x7efc3e73f1e8;  0 drivers
v0x55557d93e420_0 .net *"_ivl_1", 0 0, L_0x55557d9638f0;  1 drivers
v0x55557d93e4e0_0 .var/i "i", 31 0;
v0x55557d93e5c0 .array "mem", 16383 0, 15 0;
v0x55557d93e680_0 .net "off", 0 0, L_0x55557d9639f0;  1 drivers
E_0x55557d93db40 .event posedge, v0x55557d93e680_0, v0x55557d93dde0_0;
E_0x55557d93dbc0 .event negedge, v0x55557d93e120_0;
L_0x55557d9638f0 .reduce/nor o0x7efc3e73f158;
S_0x55557d72da10 .scope module, "SB_WARMBOOT" "SB_WARMBOOT" 7 2593;
 .timescale -12 -12;
    .port_info 0 /INPUT 1 "BOOT";
    .port_info 1 /INPUT 1 "S1";
    .port_info 2 /INPUT 1 "S0";
o0x7efc3e73f488 .functor BUFZ 1, c4<z>; HiZ drive
v0x55557d93e880_0 .net "BOOT", 0 0, o0x7efc3e73f488;  0 drivers
o0x7efc3e73f4b8 .functor BUFZ 1, c4<z>; HiZ drive
v0x55557d93e960_0 .net "S0", 0 0, o0x7efc3e73f4b8;  0 drivers
o0x7efc3e73f4e8 .functor BUFZ 1, c4<z>; HiZ drive
v0x55557d93ea20_0 .net "S1", 0 0, o0x7efc3e73f4e8;  0 drivers
S_0x55557d7346c0 .scope module, "Xor" "Xor" 12 7;
 .timescale -12 -12;
    .port_info 0 /INPUT 1 "a";
    .port_info 1 /INPUT 1 "b";
    .port_info 2 /OUTPUT 1 "out";
o0x7efc3e73f638 .functor BUFZ 1, c4<z>; HiZ drive
o0x7efc3e73f668 .functor BUFZ 1, c4<z>; HiZ drive
L_0x55557d963b10 .functor XNOR 1, o0x7efc3e73f638, o0x7efc3e73f668, C4<0>, C4<0>;
v0x55557d93eb40_0 .net *"_ivl_0", 0 0, L_0x55557d963b10;  1 drivers
L_0x7efc3e2d0c78 .functor BUFT 1, C4<0>, C4<0>, C4<0>, C4<0>;
v0x55557d93ec00_0 .net/2u *"_ivl_2", 0 0, L_0x7efc3e2d0c78;  1 drivers
L_0x7efc3e2d0cc0 .functor BUFT 1, C4<1>, C4<0>, C4<0>, C4<0>;
v0x55557d93ece0_0 .net/2u *"_ivl_4", 0 0, L_0x7efc3e2d0cc0;  1 drivers
v0x55557d93edd0_0 .net "a", 0 0, o0x7efc3e73f638;  0 drivers
v0x55557d93ee90_0 .net "b", 0 0, o0x7efc3e73f668;  0 drivers
v0x55557d93ef50_0 .net "out", 0 0, L_0x55557d963c40;  1 drivers
L_0x55557d963c40 .functor MUXZ 1, L_0x7efc3e2d0cc0, L_0x7efc3e2d0c78, L_0x55557d963b10, C4<>;
S_0x55557d7348c0 .scope module, "top" "top" 13 2;
 .timescale -12 -12;
    .port_info 0 /INPUT 1 "BUT1";
    .port_info 1 /INPUT 1 "BUT2";
    .port_info 2 /OUTPUT 1 "LED1";
    .port_info 3 /OUTPUT 1 "LED2";
o0x7efc3e73f818 .functor BUFZ 1, c4<z>; HiZ drive
v0x55557d93f730_0 .net "BUT1", 0 0, o0x7efc3e73f818;  0 drivers
o0x7efc3e73f848 .functor BUFZ 1, c4<z>; HiZ drive
v0x55557d93f7f0_0 .net "BUT2", 0 0, o0x7efc3e73f848;  0 drivers
v0x55557d93f8c0_0 .net "LED1", 0 0, L_0x55557d963e00;  1 drivers
v0x55557d93f9c0_0 .net "LED2", 0 0, L_0x55557d963fe0;  1 drivers
S_0x55557d731270 .scope module, "u1" "DMux" 13 9, 6 8 0, S_0x55557d7348c0;
 .timescale -12 -12;
    .port_info 0 /INPUT 1 "in";
    .port_info 1 /INPUT 1 "sel";
    .port_info 2 /OUTPUT 1 "a";
    .port_info 3 /OUTPUT 1 "b";
L_0x7efc3e2d0d08 .functor BUFT 1, C4<0>, C4<0>, C4<0>, C4<0>;
v0x55557d93f170_0 .net/2u *"_ivl_0", 0 0, L_0x7efc3e2d0d08;  1 drivers
L_0x7efc3e2d0d50 .functor BUFT 1, C4<0>, C4<0>, C4<0>, C4<0>;
v0x55557d93f270_0 .net/2u *"_ivl_4", 0 0, L_0x7efc3e2d0d50;  1 drivers
v0x55557d93f350_0 .net "a", 0 0, L_0x55557d963e00;  alias, 1 drivers
v0x55557d93f420_0 .net "b", 0 0, L_0x55557d963fe0;  alias, 1 drivers
v0x55557d93f4e0_0 .net "in", 0 0, o0x7efc3e73f818;  alias, 0 drivers
v0x55557d93f5f0_0 .net "sel", 0 0, o0x7efc3e73f848;  alias, 0 drivers
L_0x55557d963e00 .functor MUXZ 1, o0x7efc3e73f818, L_0x7efc3e2d0d08, o0x7efc3e73f848, C4<>;
L_0x55557d963fe0 .functor MUXZ 1, L_0x7efc3e2d0d50, o0x7efc3e73f818, o0x7efc3e73f848, C4<>;
    .scope S_0x55557d8c8d70;
T_3 ;
    %pushi/vec4 0, 0, 1;
    %store/vec4 v0x55557d6bba50_0, 0, 1;
    %end;
    .thread T_3, $init;
    .scope S_0x55557d8c8d70;
T_4 ;
    %vpi_call/w 5 33 "$dumpvars", 32'sb00000000000000000000000000000000, S_0x55557d8c8d70 {0 0 0};
    %vpi_call/w 5 35 "$display", "------------------------" {0 0 0};
    %vpi_call/w 5 36 "$display", "Testbench: DMux" {0 0 0};
    %pushi/vec4 0, 0, 1;
    %store/vec4 v0x55557d6bbaf0_0, 0, 1;
    %pushi/vec4 0, 0, 1;
    %store/vec4 v0x55557d6bbb90_0, 0, 1;
    %fork TD_DMux_tb.check, S_0x55557d6b6f30;
    %join;
    %pushi/vec4 0, 0, 1;
    %store/vec4 v0x55557d6bbaf0_0, 0, 1;
    %pushi/vec4 1, 0, 1;
    %store/vec4 v0x55557d6bbb90_0, 0, 1;
    %fork TD_DMux_tb.check, S_0x55557d6b6f30;
    %join;
    %pushi/vec4 1, 0, 1;
    %store/vec4 v0x55557d6bbaf0_0, 0, 1;
    %pushi/vec4 0, 0, 1;
    %store/vec4 v0x55557d6bbb90_0, 0, 1;
    %fork TD_DMux_tb.check, S_0x55557d6b6f30;
    %join;
    %pushi/vec4 1, 0, 1;
    %store/vec4 v0x55557d6bbaf0_0, 0, 1;
    %pushi/vec4 1, 0, 1;
    %store/vec4 v0x55557d6bbb90_0, 0, 1;
    %fork TD_DMux_tb.check, S_0x55557d6b6f30;
    %join;
    %load/vec4 v0x55557d6bba50_0;
    %pad/u 32;
    %cmpi/e 0, 0, 32;
    %jmp/0xz  T_4.0, 4;
    %vpi_call/w 5 43 "$display", "passed" {0 0 0};
T_4.0 ;
    %vpi_call/w 5 44 "$display", "------------------------" {0 0 0};
    %vpi_call/w 5 45 "$finish" {0 0 0};
    %end;
    .thread T_4;
    .scope S_0x55557d8ca100;
T_5 ;
    %pushi/vec4 0, 0, 1;
    %store/vec4 v0x55557d6cf780_0, 0, 1;
    %pushi/vec4 0, 0, 1;
    %store/vec4 v0x55557d6cf840_0, 0, 1;
    %end;
    .thread T_5, $init;
    .scope S_0x55557d8ca100;
T_6 ;
    %wait E_0x55557d6bbcc0;
    %load/vec4 v0x55557d6bbdc0_0;
    %flag_set/vec4 8;
    %jmp/0xz  T_6.0, 8;
    %load/vec4 v0x55557d6c74f0_0;
    %flag_set/vec4 8;
    %jmp/0 T_6.2, 8;
    %pushi/vec4 0, 0, 1;
    %jmp/1 T_6.3, 8;
T_6.2 ; End of true expr.
    %load/vec4 v0x55557d6d3420_0;
    %jmp/0 T_6.3, 8;
 ; End of false expr.
    %blend;
T_6.3;
    %assign/vec4 v0x55557d6cf780_0, 0;
T_6.0 ;
    %jmp T_6;
    .thread T_6;
    .scope S_0x55557d8ca100;
T_7 ;
    %wait E_0x55557d6bbc60;
    %load/vec4 v0x55557d6c74f0_0;
    %flag_set/vec4 8;
    %jmp/0xz  T_7.0, 8;
    %pushi/vec4 0, 0, 1;
    %assign/vec4 v0x55557d6cf840_0, 0;
    %jmp T_7.1;
T_7.0 ;
    %load/vec4 v0x55557d6bbdc0_0;
    %flag_set/vec4 8;
    %jmp/0xz  T_7.2, 8;
    %load/vec4 v0x55557d6d3420_0;
    %assign/vec4 v0x55557d6cf840_0, 0;
T_7.2 ;
T_7.1 ;
    %jmp T_7;
    .thread T_7;
    .scope S_0x55557d6c5d90;
T_8 ;
    %pushi/vec4 0, 0, 32;
    %store/vec4 v0x55557d906cc0_0, 0, 32;
T_8.0 ; Top of for-loop
    %load/vec4 v0x55557d906cc0_0;
    %cmpi/s 16, 0, 32;
	  %jmp/0xz T_8.1, 5;
    %pushi/vec4 0, 0, 256;
    %load/vec4 v0x55557d906cc0_0;
    %muli 16, 0, 32;
    %part/s 16;
    %pushi/vec4 0, 0, 32;
    %load/vec4 v0x55557d906cc0_0;
    %add;
    %ix/vec4/s 4;
    %store/vec4a v0x55557d906d60, 4, 0;
    %pushi/vec4 0, 0, 256;
    %load/vec4 v0x55557d906cc0_0;
    %muli 16, 0, 32;
    %part/s 16;
    %pushi/vec4 16, 0, 32;
    %load/vec4 v0x55557d906cc0_0;
    %add;
    %ix/vec4/s 4;
    %store/vec4a v0x55557d906d60, 4, 0;
    %pushi/vec4 0, 0, 256;
    %load/vec4 v0x55557d906cc0_0;
    %muli 16, 0, 32;
    %part/s 16;
    %pushi/vec4 32, 0, 32;
    %load/vec4 v0x55557d906cc0_0;
    %add;
    %ix/vec4/s 4;
    %store/vec4a v0x55557d906d60, 4, 0;
    %pushi/vec4 0, 0, 256;
    %load/vec4 v0x55557d906cc0_0;
    %muli 16, 0, 32;
    %part/s 16;
    %pushi/vec4 48, 0, 32;
    %load/vec4 v0x55557d906cc0_0;
    %add;
    %ix/vec4/s 4;
    %store/vec4a v0x55557d906d60, 4, 0;
    %pushi/vec4 0, 0, 256;
    %load/vec4 v0x55557d906cc0_0;
    %muli 16, 0, 32;
    %part/s 16;
    %pushi/vec4 64, 0, 32;
    %load/vec4 v0x55557d906cc0_0;
    %add;
    %ix/vec4/s 4;
    %store/vec4a v0x55557d906d60, 4, 0;
    %pushi/vec4 0, 0, 256;
    %load/vec4 v0x55557d906cc0_0;
    %muli 16, 0, 32;
    %part/s 16;
    %pushi/vec4 80, 0, 32;
    %load/vec4 v0x55557d906cc0_0;
    %add;
    %ix/vec4/s 4;
    %store/vec4a v0x55557d906d60, 4, 0;
    %pushi/vec4 0, 0, 256;
    %load/vec4 v0x55557d906cc0_0;
    %muli 16, 0, 32;
    %part/s 16;
    %pushi/vec4 96, 0, 32;
    %load/vec4 v0x55557d906cc0_0;
    %add;
    %ix/vec4/s 4;
    %store/vec4a v0x55557d906d60, 4, 0;
    %pushi/vec4 0, 0, 256;
    %load/vec4 v0x55557d906cc0_0;
    %muli 16, 0, 32;
    %part/s 16;
    %pushi/vec4 112, 0, 32;
    %load/vec4 v0x55557d906cc0_0;
    %add;
    %ix/vec4/s 4;
    %store/vec4a v0x55557d906d60, 4, 0;
    %pushi/vec4 0, 0, 256;
    %load/vec4 v0x55557d906cc0_0;
    %muli 16, 0, 32;
    %part/s 16;
    %pushi/vec4 128, 0, 32;
    %load/vec4 v0x55557d906cc0_0;
    %add;
    %ix/vec4/s 4;
    %store/vec4a v0x55557d906d60, 4, 0;
    %pushi/vec4 0, 0, 256;
    %load/vec4 v0x55557d906cc0_0;
    %muli 16, 0, 32;
    %part/s 16;
    %pushi/vec4 144, 0, 32;
    %load/vec4 v0x55557d906cc0_0;
    %add;
    %ix/vec4/s 4;
    %store/vec4a v0x55557d906d60, 4, 0;
    %pushi/vec4 0, 0, 256;
    %load/vec4 v0x55557d906cc0_0;
    %muli 16, 0, 32;
    %part/s 16;
    %pushi/vec4 160, 0, 32;
    %load/vec4 v0x55557d906cc0_0;
    %add;
    %ix/vec4/s 4;
    %store/vec4a v0x55557d906d60, 4, 0;
    %pushi/vec4 0, 0, 256;
    %load/vec4 v0x55557d906cc0_0;
    %muli 16, 0, 32;
    %part/s 16;
    %pushi/vec4 176, 0, 32;
    %load/vec4 v0x55557d906cc0_0;
    %add;
    %ix/vec4/s 4;
    %store/vec4a v0x55557d906d60, 4, 0;
    %pushi/vec4 0, 0, 256;
    %load/vec4 v0x55557d906cc0_0;
    %muli 16, 0, 32;
    %part/s 16;
    %pushi/vec4 192, 0, 32;
    %load/vec4 v0x55557d906cc0_0;
    %add;
    %ix/vec4/s 4;
    %store/vec4a v0x55557d906d60, 4, 0;
    %pushi/vec4 0, 0, 256;
    %load/vec4 v0x55557d906cc0_0;
    %muli 16, 0, 32;
    %part/s 16;
    %pushi/vec4 208, 0, 32;
    %load/vec4 v0x55557d906cc0_0;
    %add;
    %ix/vec4/s 4;
    %store/vec4a v0x55557d906d60, 4, 0;
    %pushi/vec4 0, 0, 256;
    %load/vec4 v0x55557d906cc0_0;
    %muli 16, 0, 32;
    %part/s 16;
    %pushi/vec4 224, 0, 32;
    %load/vec4 v0x55557d906cc0_0;
    %add;
    %ix/vec4/s 4;
    %store/vec4a v0x55557d906d60, 4, 0;
    %pushi/vec4 0, 0, 256;
    %load/vec4 v0x55557d906cc0_0;
    %muli 16, 0, 32;
    %part/s 16;
    %pushi/vec4 240, 0, 32;
    %load/vec4 v0x55557d906cc0_0;
    %add;
    %ix/vec4/s 4;
    %store/vec4a v0x55557d906d60, 4, 0;
T_8.2 ; for-loop step statement
    %load/vec4 v0x55557d906cc0_0;
    %addi 1, 0, 32;
    %store/vec4 v0x55557d906cc0_0, 0, 32;
    %jmp T_8.0;
T_8.1 ; for-loop exit label
    %end;
    .thread T_8;
    .scope S_0x55557d6c5d90;
T_9 ;
    %wait E_0x55557d6bf410;
    %load/vec4 v0x55557d906b80_0;
    %flag_set/vec4 9;
    %flag_get/vec4 9;
    %jmp/0 T_9.2, 9;
    %load/vec4 v0x55557d7404f0_0;
    %and;
T_9.2;
    %flag_set/vec4 8;
    %jmp/0xz  T_9.0, 8;
    %load/vec4 v0x55557d906c20_0;
    %parti/s 1, 0, 2;
    %nor/r;
    %flag_set/vec4 8;
    %jmp/0xz  T_9.3, 8;
    %load/vec4 v0x55557d740690_0;
    %parti/s 1, 0, 2;
    %load/vec4 v0x55557d740350_0;
    %parti/s 8, 0, 2;
    %pad/u 10;
    %ix/vec4 3;
    %ix/load 4, 0, 0; Constant delay
    %assign/vec4/a/d v0x55557d906d60, 0, 4;
T_9.3 ;
    %load/vec4 v0x55557d906c20_0;
    %parti/s 1, 1, 2;
    %nor/r;
    %flag_set/vec4 8;
    %jmp/0xz  T_9.5, 8;
    %load/vec4 v0x55557d740690_0;
    %parti/s 1, 1, 2;
    %load/vec4 v0x55557d740350_0;
    %parti/s 8, 0, 2;
    %pad/u 10;
    %ix/vec4 3;
    %ix/load 4, 1, 0; part off
    %ix/load 5, 0, 0; Constant delay
    %assign/vec4/a/d v0x55557d906d60, 4, 5;
T_9.5 ;
    %load/vec4 v0x55557d906c20_0;
    %parti/s 1, 2, 3;
    %nor/r;
    %flag_set/vec4 8;
    %jmp/0xz  T_9.7, 8;
    %load/vec4 v0x55557d740690_0;
    %parti/s 1, 2, 3;
    %load/vec4 v0x55557d740350_0;
    %parti/s 8, 0, 2;
    %pad/u 10;
    %ix/vec4 3;
    %ix/load 4, 2, 0; part off
    %ix/load 5, 0, 0; Constant delay
    %assign/vec4/a/d v0x55557d906d60, 4, 5;
T_9.7 ;
    %load/vec4 v0x55557d906c20_0;
    %parti/s 1, 3, 3;
    %nor/r;
    %flag_set/vec4 8;
    %jmp/0xz  T_9.9, 8;
    %load/vec4 v0x55557d740690_0;
    %parti/s 1, 3, 3;
    %load/vec4 v0x55557d740350_0;
    %parti/s 8, 0, 2;
    %pad/u 10;
    %ix/vec4 3;
    %ix/load 4, 3, 0; part off
    %ix/load 5, 0, 0; Constant delay
    %assign/vec4/a/d v0x55557d906d60, 4, 5;
T_9.9 ;
    %load/vec4 v0x55557d906c20_0;
    %parti/s 1, 4, 4;
    %nor/r;
    %flag_set/vec4 8;
    %jmp/0xz  T_9.11, 8;
    %load/vec4 v0x55557d740690_0;
    %parti/s 1, 4, 4;
    %load/vec4 v0x55557d740350_0;
    %parti/s 8, 0, 2;
    %pad/u 10;
    %ix/vec4 3;
    %ix/load 4, 4, 0; part off
    %ix/load 5, 0, 0; Constant delay
    %assign/vec4/a/d v0x55557d906d60, 4, 5;
T_9.11 ;
    %load/vec4 v0x55557d906c20_0;
    %parti/s 1, 5, 4;
    %nor/r;
    %flag_set/vec4 8;
    %jmp/0xz  T_9.13, 8;
    %load/vec4 v0x55557d740690_0;
    %parti/s 1, 5, 4;
    %load/vec4 v0x55557d740350_0;
    %parti/s 8, 0, 2;
    %pad/u 10;
    %ix/vec4 3;
    %ix/load 4, 5, 0; part off
    %ix/load 5, 0, 0; Constant delay
    %assign/vec4/a/d v0x55557d906d60, 4, 5;
T_9.13 ;
    %load/vec4 v0x55557d906c20_0;
    %parti/s 1, 6, 4;
    %nor/r;
    %flag_set/vec4 8;
    %jmp/0xz  T_9.15, 8;
    %load/vec4 v0x55557d740690_0;
    %parti/s 1, 6, 4;
    %load/vec4 v0x55557d740350_0;
    %parti/s 8, 0, 2;
    %pad/u 10;
    %ix/vec4 3;
    %ix/load 4, 6, 0; part off
    %ix/load 5, 0, 0; Constant delay
    %assign/vec4/a/d v0x55557d906d60, 4, 5;
T_9.15 ;
    %load/vec4 v0x55557d906c20_0;
    %parti/s 1, 7, 4;
    %nor/r;
    %flag_set/vec4 8;
    %jmp/0xz  T_9.17, 8;
    %load/vec4 v0x55557d740690_0;
    %parti/s 1, 7, 4;
    %load/vec4 v0x55557d740350_0;
    %parti/s 8, 0, 2;
    %pad/u 10;
    %ix/vec4 3;
    %ix/load 4, 7, 0; part off
    %ix/load 5, 0, 0; Constant delay
    %assign/vec4/a/d v0x55557d906d60, 4, 5;
T_9.17 ;
    %load/vec4 v0x55557d906c20_0;
    %parti/s 1, 8, 5;
    %nor/r;
    %flag_set/vec4 8;
    %jmp/0xz  T_9.19, 8;
    %load/vec4 v0x55557d740690_0;
    %parti/s 1, 8, 5;
    %load/vec4 v0x55557d740350_0;
    %parti/s 8, 0, 2;
    %pad/u 10;
    %ix/vec4 3;
    %ix/load 4, 8, 0; part off
    %ix/load 5, 0, 0; Constant delay
    %assign/vec4/a/d v0x55557d906d60, 4, 5;
T_9.19 ;
    %load/vec4 v0x55557d906c20_0;
    %parti/s 1, 9, 5;
    %nor/r;
    %flag_set/vec4 8;
    %jmp/0xz  T_9.21, 8;
    %load/vec4 v0x55557d740690_0;
    %parti/s 1, 9, 5;
    %load/vec4 v0x55557d740350_0;
    %parti/s 8, 0, 2;
    %pad/u 10;
    %ix/vec4 3;
    %ix/load 4, 9, 0; part off
    %ix/load 5, 0, 0; Constant delay
    %assign/vec4/a/d v0x55557d906d60, 4, 5;
T_9.21 ;
    %load/vec4 v0x55557d906c20_0;
    %parti/s 1, 10, 5;
    %nor/r;
    %flag_set/vec4 8;
    %jmp/0xz  T_9.23, 8;
    %load/vec4 v0x55557d740690_0;
    %parti/s 1, 10, 5;
    %load/vec4 v0x55557d740350_0;
    %parti/s 8, 0, 2;
    %pad/u 10;
    %ix/vec4 3;
    %ix/load 4, 10, 0; part off
    %ix/load 5, 0, 0; Constant delay
    %assign/vec4/a/d v0x55557d906d60, 4, 5;
T_9.23 ;
    %load/vec4 v0x55557d906c20_0;
    %parti/s 1, 11, 5;
    %nor/r;
    %flag_set/vec4 8;
    %jmp/0xz  T_9.25, 8;
    %load/vec4 v0x55557d740690_0;
    %parti/s 1, 11, 5;
    %load/vec4 v0x55557d740350_0;
    %parti/s 8, 0, 2;
    %pad/u 10;
    %ix/vec4 3;
    %ix/load 4, 11, 0; part off
    %ix/load 5, 0, 0; Constant delay
    %assign/vec4/a/d v0x55557d906d60, 4, 5;
T_9.25 ;
    %load/vec4 v0x55557d906c20_0;
    %parti/s 1, 12, 5;
    %nor/r;
    %flag_set/vec4 8;
    %jmp/0xz  T_9.27, 8;
    %load/vec4 v0x55557d740690_0;
    %parti/s 1, 12, 5;
    %load/vec4 v0x55557d740350_0;
    %parti/s 8, 0, 2;
    %pad/u 10;
    %ix/vec4 3;
    %ix/load 4, 12, 0; part off
    %ix/load 5, 0, 0; Constant delay
    %assign/vec4/a/d v0x55557d906d60, 4, 5;
T_9.27 ;
    %load/vec4 v0x55557d906c20_0;
    %parti/s 1, 13, 5;
    %nor/r;
    %flag_set/vec4 8;
    %jmp/0xz  T_9.29, 8;
    %load/vec4 v0x55557d740690_0;
    %parti/s 1, 13, 5;
    %load/vec4 v0x55557d740350_0;
    %parti/s 8, 0, 2;
    %pad/u 10;
    %ix/vec4 3;
    %ix/load 4, 13, 0; part off
    %ix/load 5, 0, 0; Constant delay
    %assign/vec4/a/d v0x55557d906d60, 4, 5;
T_9.29 ;
    %load/vec4 v0x55557d906c20_0;
    %parti/s 1, 14, 5;
    %nor/r;
    %flag_set/vec4 8;
    %jmp/0xz  T_9.31, 8;
    %load/vec4 v0x55557d740690_0;
    %parti/s 1, 14, 5;
    %load/vec4 v0x55557d740350_0;
    %parti/s 8, 0, 2;
    %pad/u 10;
    %ix/vec4 3;
    %ix/load 4, 14, 0; part off
    %ix/load 5, 0, 0; Constant delay
    %assign/vec4/a/d v0x55557d906d60, 4, 5;
T_9.31 ;
    %load/vec4 v0x55557d906c20_0;
    %parti/s 1, 15, 5;
    %nor/r;
    %flag_set/vec4 8;
    %jmp/0xz  T_9.33, 8;
    %load/vec4 v0x55557d740690_0;
    %parti/s 1, 15, 5;
    %load/vec4 v0x55557d740350_0;
    %parti/s 8, 0, 2;
    %pad/u 10;
    %ix/vec4 3;
    %ix/load 4, 15, 0; part off
    %ix/load 5, 0, 0; Constant delay
    %assign/vec4/a/d v0x55557d906d60, 4, 5;
T_9.33 ;
T_9.0 ;
    %jmp T_9;
    .thread T_9;
    .scope S_0x55557d6c5d90;
T_10 ;
    %wait E_0x55557d6c62a0;
    %load/vec4 v0x55557d6b49d0_0;
    %flag_set/vec4 9;
    %flag_get/vec4 9;
    %jmp/0 T_10.2, 9;
    %load/vec4 v0x55557d6b4750_0;
    %and;
T_10.2;
    %flag_set/vec4 8;
    %jmp/0xz  T_10.0, 8;
    %load/vec4 v0x55557d6b45d0_0;
    %parti/s 8, 0, 2;
    %pad/u 10;
    %ix/vec4 4;
    %load/vec4a v0x55557d906d60, 4;
    %load/vec4 v0x55557d740270_0;
    %inv;
    %and;
    %assign/vec4 v0x55557d6b48f0_0, 0;
T_10.0 ;
    %jmp T_10;
    .thread T_10;
    .scope S_0x55557d8cbc70;
T_11 ;
    %pushi/vec4 0, 0, 1;
    %store/vec4 v0x55557d910dd0_0, 0, 1;
    %end;
    .thread T_11;
    .scope S_0x55557d8cbc70;
T_12 ;
    %wait E_0x55557d910bb0;
    %load/vec4 v0x55557d910d10_0;
    %assign/vec4 v0x55557d910dd0_0, 0;
    %jmp T_12;
    .thread T_12;
    .scope S_0x55557d8c6a80;
T_13 ;
    %pushi/vec4 0, 0, 1;
    %store/vec4 v0x55557d9111c0_0, 0, 1;
    %end;
    .thread T_13;
    .scope S_0x55557d8c6a80;
T_14 ;
    %wait E_0x55557d910ef0;
    %load/vec4 v0x55557d9110f0_0;
    %flag_set/vec4 8;
    %jmp/0xz  T_14.0, 8;
    %load/vec4 v0x55557d911030_0;
    %assign/vec4 v0x55557d9111c0_0, 0;
T_14.0 ;
    %jmp T_14;
    .thread T_14;
    .scope S_0x55557d8c1430;
T_15 ;
    %pushi/vec4 0, 0, 1;
    %store/vec4 v0x55557d9115f0_0, 0, 1;
    %end;
    .thread T_15;
    .scope S_0x55557d8c1430;
T_16 ;
    %wait E_0x55557d911330;
    %load/vec4 v0x55557d9116b0_0;
    %flag_set/vec4 8;
    %jmp/0xz  T_16.0, 8;
    %pushi/vec4 0, 0, 1;
    %assign/vec4 v0x55557d9115f0_0, 0;
    %jmp T_16.1;
T_16.0 ;
    %load/vec4 v0x55557d911550_0;
    %flag_set/vec4 8;
    %jmp/0xz  T_16.2, 8;
    %load/vec4 v0x55557d911490_0;
    %assign/vec4 v0x55557d9115f0_0, 0;
T_16.2 ;
T_16.1 ;
    %jmp T_16;
    .thread T_16;
    .scope S_0x55557d8a9430;
T_17 ;
    %pushi/vec4 0, 0, 1;
    %store/vec4 v0x55557d911b20_0, 0, 1;
    %end;
    .thread T_17;
    .scope S_0x55557d8a9430;
T_18 ;
    %wait E_0x55557d911860;
    %load/vec4 v0x55557d911be0_0;
    %flag_set/vec4 8;
    %jmp/0xz  T_18.0, 8;
    %pushi/vec4 1, 0, 1;
    %assign/vec4 v0x55557d911b20_0, 0;
    %jmp T_18.1;
T_18.0 ;
    %load/vec4 v0x55557d911a80_0;
    %flag_set/vec4 8;
    %jmp/0xz  T_18.2, 8;
    %load/vec4 v0x55557d9119c0_0;
    %assign/vec4 v0x55557d911b20_0, 0;
T_18.2 ;
T_18.1 ;
    %jmp T_18;
    .thread T_18;
    .scope S_0x55557d8a9040;
T_19 ;
    %pushi/vec4 0, 0, 1;
    %store/vec4 v0x55557d912050_0, 0, 1;
    %end;
    .thread T_19;
    .scope S_0x55557d8a9040;
T_20 ;
    %wait E_0x55557d911d90;
    %load/vec4 v0x55557d911fb0_0;
    %flag_set/vec4 8;
    %jmp/0xz  T_20.0, 8;
    %load/vec4 v0x55557d912110_0;
    %flag_set/vec4 8;
    %jmp/0xz  T_20.2, 8;
    %pushi/vec4 0, 0, 1;
    %assign/vec4 v0x55557d912050_0, 0;
    %jmp T_20.3;
T_20.2 ;
    %load/vec4 v0x55557d911ef0_0;
    %assign/vec4 v0x55557d912050_0, 0;
T_20.3 ;
T_20.0 ;
    %jmp T_20;
    .thread T_20;
    .scope S_0x55557d8a6140;
T_21 ;
    %pushi/vec4 0, 0, 1;
    %store/vec4 v0x55557d912580_0, 0, 1;
    %end;
    .thread T_21;
    .scope S_0x55557d8a6140;
T_22 ;
    %wait E_0x55557d9122c0;
    %load/vec4 v0x55557d9124e0_0;
    %flag_set/vec4 8;
    %jmp/0xz  T_22.0, 8;
    %load/vec4 v0x55557d912640_0;
    %flag_set/vec4 8;
    %jmp/0xz  T_22.2, 8;
    %pushi/vec4 1, 0, 1;
    %assign/vec4 v0x55557d912580_0, 0;
    %jmp T_22.3;
T_22.2 ;
    %load/vec4 v0x55557d912420_0;
    %assign/vec4 v0x55557d912580_0, 0;
T_22.3 ;
T_22.0 ;
    %jmp T_22;
    .thread T_22;
    .scope S_0x55557d8a5d50;
T_23 ;
    %pushi/vec4 0, 0, 1;
    %store/vec4 v0x55557d912a10_0, 0, 1;
    %end;
    .thread T_23;
    .scope S_0x55557d8a5d50;
T_24 ;
    %wait E_0x55557d9127f0;
    %load/vec4 v0x55557d912950_0;
    %assign/vec4 v0x55557d912a10_0, 0;
    %jmp T_24;
    .thread T_24;
    .scope S_0x55557d8a0040;
T_25 ;
    %pushi/vec4 0, 0, 1;
    %store/vec4 v0x55557d912e00_0, 0, 1;
    %end;
    .thread T_25;
    .scope S_0x55557d8a0040;
T_26 ;
    %wait E_0x55557d912b30;
    %load/vec4 v0x55557d912d30_0;
    %flag_set/vec4 8;
    %jmp/0xz  T_26.0, 8;
    %load/vec4 v0x55557d912c70_0;
    %assign/vec4 v0x55557d912e00_0, 0;
T_26.0 ;
    %jmp T_26;
    .thread T_26;
    .scope S_0x55557d8a2ce0;
T_27 ;
    %pushi/vec4 0, 0, 1;
    %store/vec4 v0x55557d913230_0, 0, 1;
    %end;
    .thread T_27;
    .scope S_0x55557d8a2ce0;
T_28 ;
    %wait E_0x55557d912f70;
    %load/vec4 v0x55557d9132f0_0;
    %flag_set/vec4 8;
    %jmp/0xz  T_28.0, 8;
    %pushi/vec4 0, 0, 1;
    %assign/vec4 v0x55557d913230_0, 0;
    %jmp T_28.1;
T_28.0 ;
    %load/vec4 v0x55557d913190_0;
    %flag_set/vec4 8;
    %jmp/0xz  T_28.2, 8;
    %load/vec4 v0x55557d9130d0_0;
    %assign/vec4 v0x55557d913230_0, 0;
T_28.2 ;
T_28.1 ;
    %jmp T_28;
    .thread T_28;
    .scope S_0x55557d8a28f0;
T_29 ;
    %pushi/vec4 0, 0, 1;
    %store/vec4 v0x55557d913760_0, 0, 1;
    %end;
    .thread T_29;
    .scope S_0x55557d8a28f0;
T_30 ;
    %wait E_0x55557d9134a0;
    %load/vec4 v0x55557d913820_0;
    %flag_set/vec4 8;
    %jmp/0xz  T_30.0, 8;
    %pushi/vec4 1, 0, 1;
    %assign/vec4 v0x55557d913760_0, 0;
    %jmp T_30.1;
T_30.0 ;
    %load/vec4 v0x55557d9136c0_0;
    %flag_set/vec4 8;
    %jmp/0xz  T_30.2, 8;
    %load/vec4 v0x55557d913600_0;
    %assign/vec4 v0x55557d913760_0, 0;
T_30.2 ;
T_30.1 ;
    %jmp T_30;
    .thread T_30;
    .scope S_0x55557d89fc80;
T_31 ;
    %pushi/vec4 0, 0, 1;
    %store/vec4 v0x55557d913c90_0, 0, 1;
    %end;
    .thread T_31;
    .scope S_0x55557d89fc80;
T_32 ;
    %wait E_0x55557d9139d0;
    %load/vec4 v0x55557d913bf0_0;
    %flag_set/vec4 8;
    %jmp/0xz  T_32.0, 8;
    %load/vec4 v0x55557d913d50_0;
    %flag_set/vec4 8;
    %jmp/0xz  T_32.2, 8;
    %pushi/vec4 0, 0, 1;
    %assign/vec4 v0x55557d913c90_0, 0;
    %jmp T_32.3;
T_32.2 ;
    %load/vec4 v0x55557d913b30_0;
    %assign/vec4 v0x55557d913c90_0, 0;
T_32.3 ;
T_32.0 ;
    %jmp T_32;
    .thread T_32;
    .scope S_0x55557d88a9c0;
T_33 ;
    %pushi/vec4 0, 0, 1;
    %store/vec4 v0x55557d9141c0_0, 0, 1;
    %end;
    .thread T_33;
    .scope S_0x55557d88a9c0;
T_34 ;
    %wait E_0x55557d913f00;
    %load/vec4 v0x55557d914120_0;
    %flag_set/vec4 8;
    %jmp/0xz  T_34.0, 8;
    %load/vec4 v0x55557d914280_0;
    %flag_set/vec4 8;
    %jmp/0xz  T_34.2, 8;
    %pushi/vec4 1, 0, 1;
    %assign/vec4 v0x55557d9141c0_0, 0;
    %jmp T_34.3;
T_34.2 ;
    %load/vec4 v0x55557d914060_0;
    %assign/vec4 v0x55557d9141c0_0, 0;
T_34.3 ;
T_34.0 ;
    %jmp T_34;
    .thread T_34;
    .scope S_0x55557d88a680;
T_35 ;
    %pushi/vec4 0, 0, 1;
    %store/vec4 v0x55557d914650_0, 0, 1;
    %end;
    .thread T_35;
    .scope S_0x55557d88a680;
T_36 ;
    %wait E_0x55557d914430;
    %load/vec4 v0x55557d9146f0_0;
    %flag_set/vec4 8;
    %jmp/0xz  T_36.0, 8;
    %pushi/vec4 0, 0, 1;
    %assign/vec4 v0x55557d914650_0, 0;
    %jmp T_36.1;
T_36.0 ;
    %load/vec4 v0x55557d914590_0;
    %assign/vec4 v0x55557d914650_0, 0;
T_36.1 ;
    %jmp T_36;
    .thread T_36;
    .scope S_0x55557d886570;
T_37 ;
    %pushi/vec4 0, 0, 1;
    %store/vec4 v0x55557d914a80_0, 0, 1;
    %end;
    .thread T_37;
    .scope S_0x55557d886570;
T_38 ;
    %wait E_0x55557d914860;
    %load/vec4 v0x55557d914b20_0;
    %flag_set/vec4 8;
    %jmp/0xz  T_38.0, 8;
    %pushi/vec4 1, 0, 1;
    %assign/vec4 v0x55557d914a80_0, 0;
    %jmp T_38.1;
T_38.0 ;
    %load/vec4 v0x55557d9149c0_0;
    %assign/vec4 v0x55557d914a80_0, 0;
T_38.1 ;
    %jmp T_38;
    .thread T_38;
    .scope S_0x55557d8861b0;
T_39 ;
    %pushi/vec4 0, 0, 1;
    %store/vec4 v0x55557d914eb0_0, 0, 1;
    %end;
    .thread T_39;
    .scope S_0x55557d8861b0;
T_40 ;
    %wait E_0x55557d914c90;
    %load/vec4 v0x55557d914f50_0;
    %flag_set/vec4 8;
    %jmp/0xz  T_40.0, 8;
    %pushi/vec4 0, 0, 1;
    %assign/vec4 v0x55557d914eb0_0, 0;
    %jmp T_40.1;
T_40.0 ;
    %load/vec4 v0x55557d914df0_0;
    %assign/vec4 v0x55557d914eb0_0, 0;
T_40.1 ;
    %jmp T_40;
    .thread T_40;
    .scope S_0x55557d8735f0;
T_41 ;
    %pushi/vec4 0, 0, 1;
    %store/vec4 v0x55557d9152e0_0, 0, 1;
    %end;
    .thread T_41;
    .scope S_0x55557d8735f0;
T_42 ;
    %wait E_0x55557d9150c0;
    %load/vec4 v0x55557d915380_0;
    %flag_set/vec4 8;
    %jmp/0xz  T_42.0, 8;
    %pushi/vec4 1, 0, 1;
    %assign/vec4 v0x55557d9152e0_0, 0;
    %jmp T_42.1;
T_42.0 ;
    %load/vec4 v0x55557d915220_0;
    %assign/vec4 v0x55557d9152e0_0, 0;
T_42.1 ;
    %jmp T_42;
    .thread T_42;
    .scope S_0x55557d873200;
T_43 ;
    %pushi/vec4 0, 0, 1;
    %store/vec4 v0x55557d915710_0, 0, 1;
    %end;
    .thread T_43;
    .scope S_0x55557d873200;
T_44 ;
    %wait E_0x55557d9154f0;
    %load/vec4 v0x55557d9157b0_0;
    %flag_set/vec4 8;
    %jmp/0xz  T_44.0, 8;
    %pushi/vec4 0, 0, 1;
    %assign/vec4 v0x55557d915710_0, 0;
    %jmp T_44.1;
T_44.0 ;
    %load/vec4 v0x55557d915650_0;
    %assign/vec4 v0x55557d915710_0, 0;
T_44.1 ;
    %jmp T_44;
    .thread T_44;
    .scope S_0x55557d872a30;
T_45 ;
    %pushi/vec4 0, 0, 1;
    %store/vec4 v0x55557d915b40_0, 0, 1;
    %end;
    .thread T_45;
    .scope S_0x55557d872a30;
T_46 ;
    %wait E_0x55557d915920;
    %load/vec4 v0x55557d915be0_0;
    %flag_set/vec4 8;
    %jmp/0xz  T_46.0, 8;
    %pushi/vec4 1, 0, 1;
    %assign/vec4 v0x55557d915b40_0, 0;
    %jmp T_46.1;
T_46.0 ;
    %load/vec4 v0x55557d915a80_0;
    %assign/vec4 v0x55557d915b40_0, 0;
T_46.1 ;
    %jmp T_46;
    .thread T_46;
    .scope S_0x55557d8706e0;
T_47 ;
    %pushi/vec4 0, 0, 1;
    %store/vec4 v0x55557d915f70_0, 0, 1;
    %end;
    .thread T_47;
    .scope S_0x55557d8706e0;
T_48 ;
    %wait E_0x55557d915d50;
    %load/vec4 v0x55557d916010_0;
    %flag_set/vec4 8;
    %jmp/0xz  T_48.0, 8;
    %pushi/vec4 0, 0, 1;
    %assign/vec4 v0x55557d915f70_0, 0;
    %jmp T_48.1;
T_48.0 ;
    %load/vec4 v0x55557d915eb0_0;
    %assign/vec4 v0x55557d915f70_0, 0;
T_48.1 ;
    %jmp T_48;
    .thread T_48;
    .scope S_0x55557d901410;
T_49 ;
    %pushi/vec4 0, 0, 1;
    %store/vec4 v0x55557d9163a0_0, 0, 1;
    %end;
    .thread T_49;
    .scope S_0x55557d901410;
T_50 ;
    %wait E_0x55557d916180;
    %load/vec4 v0x55557d916440_0;
    %flag_set/vec4 8;
    %jmp/0xz  T_50.0, 8;
    %pushi/vec4 1, 0, 1;
    %assign/vec4 v0x55557d9163a0_0, 0;
    %jmp T_50.1;
T_50.0 ;
    %load/vec4 v0x55557d9162e0_0;
    %assign/vec4 v0x55557d9163a0_0, 0;
T_50.1 ;
    %jmp T_50;
    .thread T_50;
    .scope S_0x55557d917050;
T_51 ;
    %wait E_0x55557d917370;
    %load/vec4 v0x55557d917d50_0;
    %assign/vec4 v0x55557d917e10_0, 0;
    %jmp T_51;
    .thread T_51;
    .scope S_0x55557d917050;
T_52 ;
    %wait E_0x55557d917370;
    %load/vec4 v0x55557d917d50_0;
    %flag_set/vec4 8;
    %jmp/0xz  T_52.0, 8;
    %load/vec4 v0x55557d917af0_0;
    %assign/vec4 v0x55557d918220_0, 0;
T_52.0 ;
    %jmp T_52;
    .thread T_52;
    .scope S_0x55557d917050;
T_53 ;
    %wait E_0x55557d917310;
    %load/vec4 v0x55557d917e10_0;
    %flag_set/vec4 8;
    %jmp/0xz  T_53.0, 8;
    %load/vec4 v0x55557d917af0_0;
    %assign/vec4 v0x55557d9182e0_0, 0;
T_53.0 ;
    %jmp T_53;
    .thread T_53;
    .scope S_0x55557d917050;
T_54 ;
    %wait E_0x55557d917230;
    %load/vec4 v0x55557d917d50_0;
    %assign/vec4 v0x55557d917ed0_0, 0;
    %jmp T_54;
    .thread T_54;
    .scope S_0x55557d917050;
T_55 ;
    %wait E_0x55557d917230;
    %load/vec4 v0x55557d917d50_0;
    %flag_set/vec4 8;
    %jmp/0xz  T_55.0, 8;
    %load/vec4 v0x55557d917620_0;
    %assign/vec4 v0x55557d918460_0, 0;
T_55.0 ;
    %jmp T_55;
    .thread T_55;
    .scope S_0x55557d917050;
T_56 ;
    %wait E_0x55557d9172b0;
    %load/vec4 v0x55557d917ed0_0;
    %flag_set/vec4 8;
    %jmp/0xz  T_56.0, 8;
    %load/vec4 v0x55557d9176e0_0;
    %assign/vec4 v0x55557d918520_0, 0;
T_56.0 ;
    %jmp T_56;
    .thread T_56;
    .scope S_0x55557d917050;
T_57 ;
    %wait E_0x55557d917230;
    %load/vec4 v0x55557d917d50_0;
    %flag_set/vec4 8;
    %jmp/0xz  T_57.0, 8;
    %load/vec4 v0x55557d917a30_0;
    %assign/vec4 v0x55557d918760_0, 0;
T_57.0 ;
    %jmp T_57;
    .thread T_57;
    .scope S_0x55557d916990;
T_58 ;
    %wait E_0x55557d916fc0;
    %load/vec4 v0x55557d918220_0;
    %store/vec4 v0x55557d917f90_0, 0, 1;
    %load/vec4 v0x55557d9182e0_0;
    %store/vec4 v0x55557d918050_0, 0, 1;
    %jmp T_58;
    .thread T_58, $push;
    .scope S_0x55557d916990;
T_59 ;
    %wait E_0x55557d916f60;
    %load/vec4 v0x55557d917970_0;
    %assign/vec4 v0x55557d9185e0_0, 0;
    %jmp T_59;
    .thread T_59, $push;
    .scope S_0x55557d916990;
T_60 ;
    %wait E_0x55557d916f00;
    %load/vec4 v0x55557d9185e0_0;
    %assign/vec4 v0x55557d9186a0_0, 0;
    %jmp T_60;
    .thread T_60, $push;
    .scope S_0x55557d916990;
T_61 ;
    %wait E_0x55557d916ea0;
    %load/vec4 v0x55557d9186a0_0;
    %pushi/vec4 0, 0, 1;
    %xor;
    %flag_set/vec4 8;
    %jmp/1 T_61.2, 8;
    %pushi/vec4 0, 0, 1;
    %flag_set/vec4 9;
    %flag_or 8, 9;
T_61.2;
    %jmp/0 T_61.0, 8;
    %load/vec4 v0x55557d918460_0;
    %jmp/1 T_61.1, 8;
T_61.0 ; End of true expr.
    %load/vec4 v0x55557d918520_0;
    %jmp/0 T_61.1, 8;
 ; End of false expr.
    %blend;
T_61.1;
    %store/vec4 v0x55557d9183a0_0, 0, 1;
    %jmp T_61;
    .thread T_61, $push;
    .scope S_0x55557d91c210;
T_62 ;
    %wait E_0x55557d91c4e0;
    %load/vec4 v0x55557d91c570_0;
    %flag_set/vec4 8;
    %jmp/0xz  T_62.0, 8;
    %load/vec4 v0x55557d91cc60_0;
    %assign/vec4 v0x55557d91d020_0, 0;
T_62.0 ;
    %jmp T_62;
    .thread T_62;
    .scope S_0x55557d91c210;
T_63 ;
    %wait E_0x55557d91c480;
    %load/vec4 v0x55557d91c570_0;
    %flag_set/vec4 8;
    %jmp/0xz  T_63.0, 8;
    %load/vec4 v0x55557d91cc60_0;
    %assign/vec4 v0x55557d91d0e0_0, 0;
T_63.0 ;
    %jmp T_63;
    .thread T_63;
    .scope S_0x55557d91c210;
T_64 ;
    %wait E_0x55557d91c3a0;
    %load/vec4 v0x55557d91c570_0;
    %flag_set/vec4 8;
    %jmp/0xz  T_64.0, 8;
    %load/vec4 v0x55557d91c790_0;
    %assign/vec4 v0x55557d91d260_0, 0;
T_64.0 ;
    %jmp T_64;
    .thread T_64;
    .scope S_0x55557d91c210;
T_65 ;
    %wait E_0x55557d91c420;
    %load/vec4 v0x55557d91c570_0;
    %flag_set/vec4 8;
    %jmp/0xz  T_65.0, 8;
    %load/vec4 v0x55557d91c850_0;
    %assign/vec4 v0x55557d91d320_0, 0;
T_65.0 ;
    %jmp T_65;
    .thread T_65;
    .scope S_0x55557d91c210;
T_66 ;
    %wait E_0x55557d91c3a0;
    %load/vec4 v0x55557d91c570_0;
    %flag_set/vec4 8;
    %jmp/0xz  T_66.0, 8;
    %load/vec4 v0x55557d91cba0_0;
    %assign/vec4 v0x55557d91d560_0, 0;
T_66.0 ;
    %jmp T_66;
    .thread T_66;
    .scope S_0x55557d8c0ea0;
T_67 ;
    %wait E_0x55557d91c180;
    %load/vec4 v0x55557d91d020_0;
    %store/vec4 v0x55557d91cea0_0, 0, 1;
    %load/vec4 v0x55557d91d0e0_0;
    %store/vec4 v0x55557d91cf60_0, 0, 1;
    %jmp T_67;
    .thread T_67, $push;
    .scope S_0x55557d8c0ea0;
T_68 ;
    %wait E_0x55557d91c120;
    %load/vec4 v0x55557d91cae0_0;
    %assign/vec4 v0x55557d91d3e0_0, 0;
    %jmp T_68;
    .thread T_68, $push;
    .scope S_0x55557d8c0ea0;
T_69 ;
    %wait E_0x55557d91c0c0;
    %load/vec4 v0x55557d91d3e0_0;
    %assign/vec4 v0x55557d91d4a0_0, 0;
    %jmp T_69;
    .thread T_69, $push;
    .scope S_0x55557d8c0ea0;
T_70 ;
    %wait E_0x55557d91c040;
    %load/vec4 v0x55557d91d4a0_0;
    %pushi/vec4 0, 0, 1;
    %xor;
    %flag_set/vec4 8;
    %jmp/1 T_70.2, 8;
    %pushi/vec4 0, 0, 1;
    %flag_set/vec4 9;
    %flag_or 8, 9;
T_70.2;
    %jmp/0 T_70.0, 8;
    %load/vec4 v0x55557d91d260_0;
    %jmp/1 T_70.1, 8;
T_70.0 ; End of true expr.
    %load/vec4 v0x55557d91d320_0;
    %jmp/0 T_70.1, 8;
 ; End of false expr.
    %blend;
T_70.1;
    %store/vec4 v0x55557d91d1a0_0, 0, 1;
    %jmp T_70;
    .thread T_70, $push;
    .scope S_0x55557d91d970;
T_71 ;
    %wait E_0x55557d91dc40;
    %load/vec4 v0x55557d91dcd0_0;
    %flag_set/vec4 8;
    %jmp/0xz  T_71.0, 8;
    %load/vec4 v0x55557d91e3c0_0;
    %assign/vec4 v0x55557d91e600_0, 0;
T_71.0 ;
    %jmp T_71;
    .thread T_71;
    .scope S_0x55557d91d970;
T_72 ;
    %wait E_0x55557d91dbe0;
    %load/vec4 v0x55557d91dcd0_0;
    %flag_set/vec4 8;
    %jmp/0xz  T_72.0, 8;
    %load/vec4 v0x55557d91e3c0_0;
    %assign/vec4 v0x55557d91e6c0_0, 0;
T_72.0 ;
    %jmp T_72;
    .thread T_72;
    .scope S_0x55557d91d970;
T_73 ;
    %wait E_0x55557d91db00;
    %load/vec4 v0x55557d91dcd0_0;
    %flag_set/vec4 8;
    %jmp/0xz  T_73.0, 8;
    %load/vec4 v0x55557d91def0_0;
    %assign/vec4 v0x55557d91e840_0, 0;
T_73.0 ;
    %jmp T_73;
    .thread T_73;
    .scope S_0x55557d91d970;
T_74 ;
    %wait E_0x55557d91db80;
    %load/vec4 v0x55557d91dcd0_0;
    %flag_set/vec4 8;
    %jmp/0xz  T_74.0, 8;
    %load/vec4 v0x55557d91dfb0_0;
    %assign/vec4 v0x55557d91e900_0, 0;
T_74.0 ;
    %jmp T_74;
    .thread T_74;
    .scope S_0x55557d91d970;
T_75 ;
    %wait E_0x55557d91db00;
    %load/vec4 v0x55557d91dcd0_0;
    %flag_set/vec4 8;
    %jmp/0xz  T_75.0, 8;
    %load/vec4 v0x55557d91e300_0;
    %assign/vec4 v0x55557d91ec50_0, 0;
T_75.0 ;
    %jmp T_75;
    .thread T_75;
    .scope S_0x55557d8ab700;
T_76 ;
    %wait E_0x55557d91d8e0;
    %load/vec4 v0x55557d91e600_0;
    %store/vec4 v0x55557d91e480_0, 0, 1;
    %load/vec4 v0x55557d91e6c0_0;
    %store/vec4 v0x55557d91e540_0, 0, 1;
    %jmp T_76;
    .thread T_76, $push;
    .scope S_0x55557d8ab700;
T_77 ;
    %wait E_0x55557d91d880;
    %load/vec4 v0x55557d91e240_0;
    %assign/vec4 v0x55557d91ead0_0, 0;
    %jmp T_77;
    .thread T_77, $push;
    .scope S_0x55557d8ab700;
T_78 ;
    %wait E_0x55557d91d820;
    %load/vec4 v0x55557d91ead0_0;
    %assign/vec4 v0x55557d91eb90_0, 0;
    %jmp T_78;
    .thread T_78, $push;
    .scope S_0x55557d8ab700;
T_79 ;
    %wait E_0x55557d91d7a0;
    %load/vec4 v0x55557d91eb90_0;
    %pushi/vec4 0, 0, 1;
    %xor;
    %flag_set/vec4 8;
    %jmp/1 T_79.2, 8;
    %pushi/vec4 0, 0, 1;
    %flag_set/vec4 9;
    %flag_or 8, 9;
T_79.2;
    %jmp/0 T_79.0, 8;
    %load/vec4 v0x55557d91e840_0;
    %jmp/1 T_79.1, 8;
T_79.0 ; End of true expr.
    %load/vec4 v0x55557d91e900_0;
    %jmp/0 T_79.1, 8;
 ; End of false expr.
    %blend;
T_79.1;
    %store/vec4 v0x55557d91e780_0, 0, 1;
    %jmp T_79;
    .thread T_79, $push;
    .scope S_0x55557d889a30;
T_80 ;
    %wait E_0x55557d921660;
    %load/vec4 v0x55557d9229f0_0;
    %flag_set/vec4 8;
    %jmp/0xz  T_80.0, 8;
    %pushi/vec4 0, 0, 16;
    %assign/vec4 v0x55557d928660_0, 0;
    %pushi/vec4 0, 0, 16;
    %assign/vec4 v0x55557d9284a0_0, 0;
    %jmp T_80.1;
T_80.0 ;
    %load/vec4 v0x55557d922200_0;
    %flag_set/vec4 8;
    %jmp/0xz  T_80.2, 8;
    %load/vec4 v0x55557d9222c0_0;
    %nor/r;
    %flag_set/vec4 8;
    %jmp/0xz  T_80.4, 8;
    %load/vec4 v0x55557d922120_0;
    %assign/vec4 v0x55557d928660_0, 0;
T_80.4 ;
    %load/vec4 v0x55557d921ab0_0;
    %nor/r;
    %flag_set/vec4 8;
    %jmp/0xz  T_80.6, 8;
    %load/vec4 v0x55557d9216f0_0;
    %assign/vec4 v0x55557d9284a0_0, 0;
T_80.6 ;
T_80.2 ;
T_80.1 ;
    %jmp T_80;
    .thread T_80;
    .scope S_0x55557d889a30;
T_81 ;
    %wait E_0x55557d921600;
    %load/vec4 v0x55557d922930_0;
    %flag_set/vec4 8;
    %jmp/0xz  T_81.0, 8;
    %pushi/vec4 0, 0, 16;
    %assign/vec4 v0x55557d928580_0, 0;
    %pushi/vec4 0, 0, 16;
    %assign/vec4 v0x55557d928740_0, 0;
    %jmp T_81.1;
T_81.0 ;
    %load/vec4 v0x55557d922200_0;
    %flag_set/vec4 8;
    %jmp/0xz  T_81.2, 8;
    %load/vec4 v0x55557d921ea0_0;
    %nor/r;
    %flag_set/vec4 8;
    %jmp/0xz  T_81.4, 8;
    %load/vec4 v0x55557d921d30_0;
    %assign/vec4 v0x55557d928580_0, 0;
T_81.4 ;
    %load/vec4 v0x55557d9227b0_0;
    %nor/r;
    %flag_set/vec4 8;
    %jmp/0xz  T_81.6, 8;
    %load/vec4 v0x55557d9226d0_0;
    %assign/vec4 v0x55557d928740_0, 0;
T_81.6 ;
T_81.2 ;
T_81.1 ;
    %jmp T_81;
    .thread T_81;
    .scope S_0x55557d889a30;
T_82 ;
    %wait E_0x55557d921660;
    %load/vec4 v0x55557d9229f0_0;
    %flag_set/vec4 8;
    %jmp/0xz  T_82.0, 8;
    %pushi/vec4 0, 0, 16;
    %assign/vec4 v0x55557d929030_0, 0;
    %pushi/vec4 0, 0, 16;
    %assign/vec4 v0x55557d9292d0_0, 0;
    %jmp T_82.1;
T_82.0 ;
    %load/vec4 v0x55557d922200_0;
    %flag_set/vec4 8;
    %jmp/0xz  T_82.2, 8;
    %load/vec4 v0x55557d928120_0;
    %assign/vec4 v0x55557d929030_0, 0;
    %load/vec4 v0x55557d9282e0_0;
    %assign/vec4 v0x55557d9292d0_0, 0;
T_82.2 ;
T_82.1 ;
    %jmp T_82;
    .thread T_82;
    .scope S_0x55557d889a30;
T_83 ;
    %wait E_0x55557d921600;
    %load/vec4 v0x55557d922930_0;
    %flag_set/vec4 8;
    %jmp/0xz  T_83.0, 8;
    %pushi/vec4 0, 0, 16;
    %assign/vec4 v0x55557d9293b0_0, 0;
    %pushi/vec4 0, 0, 16;
    %assign/vec4 v0x55557d929110_0, 0;
    %jmp T_83.1;
T_83.0 ;
    %load/vec4 v0x55557d922200_0;
    %flag_set/vec4 8;
    %jmp/0xz  T_83.2, 8;
    %load/vec4 v0x55557d928200_0;
    %assign/vec4 v0x55557d9293b0_0, 0;
    %load/vec4 v0x55557d9283c0_0;
    %assign/vec4 v0x55557d929110_0, 0;
T_83.2 ;
T_83.1 ;
    %jmp T_83;
    .thread T_83;
    .scope S_0x55557d889a30;
T_84 ;
    %wait E_0x55557d921600;
    %load/vec4 v0x55557d922930_0;
    %flag_set/vec4 8;
    %jmp/0xz  T_84.0, 8;
    %pushi/vec4 0, 0, 32;
    %assign/vec4 v0x55557d9291f0_0, 0;
    %jmp T_84.1;
T_84.0 ;
    %load/vec4 v0x55557d922200_0;
    %flag_set/vec4 8;
    %jmp/0xz  T_84.2, 8;
    %load/vec4 v0x55557d927940_0;
    %assign/vec4 v0x55557d9291f0_0, 0;
T_84.2 ;
T_84.1 ;
    %jmp T_84;
    .thread T_84;
    .scope S_0x55557d889a30;
T_85 ;
    %wait E_0x55557d9215a0;
    %load/vec4 v0x55557d9230d0_0;
    %flag_set/vec4 8;
    %jmp/0xz  T_85.0, 8;
    %pushi/vec4 0, 0, 16;
    %assign/vec4 v0x55557d929490_0, 0;
    %jmp T_85.1;
T_85.0 ;
    %load/vec4 v0x55557d922200_0;
    %flag_set/vec4 8;
    %jmp/0xz  T_85.2, 8;
    %load/vec4 v0x55557d922dd0_0;
    %nor/r;
    %flag_set/vec4 8;
    %jmp/0xz  T_85.4, 8;
    %load/vec4 v0x55557d927a20_0;
    %assign/vec4 v0x55557d929490_0, 0;
T_85.4 ;
T_85.2 ;
T_85.1 ;
    %jmp T_85;
    .thread T_85;
    .scope S_0x55557d889a30;
T_86 ;
    %wait E_0x55557d921520;
    %load/vec4 v0x55557d923010_0;
    %flag_set/vec4 8;
    %jmp/0xz  T_86.0, 8;
    %pushi/vec4 0, 0, 16;
    %assign/vec4 v0x55557d929570_0, 0;
    %jmp T_86.1;
T_86.0 ;
    %load/vec4 v0x55557d922200_0;
    %flag_set/vec4 8;
    %jmp/0xz  T_86.2, 8;
    %load/vec4 v0x55557d922d10_0;
    %nor/r;
    %flag_set/vec4 8;
    %jmp/0xz  T_86.4, 8;
    %load/vec4 v0x55557d927be0_0;
    %assign/vec4 v0x55557d929570_0, 0;
T_86.4 ;
T_86.2 ;
T_86.1 ;
    %jmp T_86;
    .thread T_86;
    .scope S_0x55557d92d820;
T_87 ;
    %pushi/vec4 0, 0, 32;
    %store/vec4 v0x55557d930ad0_0, 0, 32;
T_87.0 ; Top of for-loop
    %load/vec4 v0x55557d930ad0_0;
    %cmpi/s 16, 0, 32;
	  %jmp/0xz T_87.1, 5;
    %pushi/vec4 0, 0, 256;
    %load/vec4 v0x55557d930ad0_0;
    %muli 16, 0, 32;
    %part/s 16;
    %pushi/vec4 0, 0, 32;
    %load/vec4 v0x55557d930ad0_0;
    %add;
    %ix/vec4/s 4;
    %store/vec4a v0x55557d930bb0, 4, 0;
    %pushi/vec4 0, 0, 256;
    %load/vec4 v0x55557d930ad0_0;
    %muli 16, 0, 32;
    %part/s 16;
    %pushi/vec4 16, 0, 32;
    %load/vec4 v0x55557d930ad0_0;
    %add;
    %ix/vec4/s 4;
    %store/vec4a v0x55557d930bb0, 4, 0;
    %pushi/vec4 0, 0, 256;
    %load/vec4 v0x55557d930ad0_0;
    %muli 16, 0, 32;
    %part/s 16;
    %pushi/vec4 32, 0, 32;
    %load/vec4 v0x55557d930ad0_0;
    %add;
    %ix/vec4/s 4;
    %store/vec4a v0x55557d930bb0, 4, 0;
    %pushi/vec4 0, 0, 256;
    %load/vec4 v0x55557d930ad0_0;
    %muli 16, 0, 32;
    %part/s 16;
    %pushi/vec4 48, 0, 32;
    %load/vec4 v0x55557d930ad0_0;
    %add;
    %ix/vec4/s 4;
    %store/vec4a v0x55557d930bb0, 4, 0;
    %pushi/vec4 0, 0, 256;
    %load/vec4 v0x55557d930ad0_0;
    %muli 16, 0, 32;
    %part/s 16;
    %pushi/vec4 64, 0, 32;
    %load/vec4 v0x55557d930ad0_0;
    %add;
    %ix/vec4/s 4;
    %store/vec4a v0x55557d930bb0, 4, 0;
    %pushi/vec4 0, 0, 256;
    %load/vec4 v0x55557d930ad0_0;
    %muli 16, 0, 32;
    %part/s 16;
    %pushi/vec4 80, 0, 32;
    %load/vec4 v0x55557d930ad0_0;
    %add;
    %ix/vec4/s 4;
    %store/vec4a v0x55557d930bb0, 4, 0;
    %pushi/vec4 0, 0, 256;
    %load/vec4 v0x55557d930ad0_0;
    %muli 16, 0, 32;
    %part/s 16;
    %pushi/vec4 96, 0, 32;
    %load/vec4 v0x55557d930ad0_0;
    %add;
    %ix/vec4/s 4;
    %store/vec4a v0x55557d930bb0, 4, 0;
    %pushi/vec4 0, 0, 256;
    %load/vec4 v0x55557d930ad0_0;
    %muli 16, 0, 32;
    %part/s 16;
    %pushi/vec4 112, 0, 32;
    %load/vec4 v0x55557d930ad0_0;
    %add;
    %ix/vec4/s 4;
    %store/vec4a v0x55557d930bb0, 4, 0;
    %pushi/vec4 0, 0, 256;
    %load/vec4 v0x55557d930ad0_0;
    %muli 16, 0, 32;
    %part/s 16;
    %pushi/vec4 128, 0, 32;
    %load/vec4 v0x55557d930ad0_0;
    %add;
    %ix/vec4/s 4;
    %store/vec4a v0x55557d930bb0, 4, 0;
    %pushi/vec4 0, 0, 256;
    %load/vec4 v0x55557d930ad0_0;
    %muli 16, 0, 32;
    %part/s 16;
    %pushi/vec4 144, 0, 32;
    %load/vec4 v0x55557d930ad0_0;
    %add;
    %ix/vec4/s 4;
    %store/vec4a v0x55557d930bb0, 4, 0;
    %pushi/vec4 0, 0, 256;
    %load/vec4 v0x55557d930ad0_0;
    %muli 16, 0, 32;
    %part/s 16;
    %pushi/vec4 160, 0, 32;
    %load/vec4 v0x55557d930ad0_0;
    %add;
    %ix/vec4/s 4;
    %store/vec4a v0x55557d930bb0, 4, 0;
    %pushi/vec4 0, 0, 256;
    %load/vec4 v0x55557d930ad0_0;
    %muli 16, 0, 32;
    %part/s 16;
    %pushi/vec4 176, 0, 32;
    %load/vec4 v0x55557d930ad0_0;
    %add;
    %ix/vec4/s 4;
    %store/vec4a v0x55557d930bb0, 4, 0;
    %pushi/vec4 0, 0, 256;
    %load/vec4 v0x55557d930ad0_0;
    %muli 16, 0, 32;
    %part/s 16;
    %pushi/vec4 192, 0, 32;
    %load/vec4 v0x55557d930ad0_0;
    %add;
    %ix/vec4/s 4;
    %store/vec4a v0x55557d930bb0, 4, 0;
    %pushi/vec4 0, 0, 256;
    %load/vec4 v0x55557d930ad0_0;
    %muli 16, 0, 32;
    %part/s 16;
    %pushi/vec4 208, 0, 32;
    %load/vec4 v0x55557d930ad0_0;
    %add;
    %ix/vec4/s 4;
    %store/vec4a v0x55557d930bb0, 4, 0;
    %pushi/vec4 0, 0, 256;
    %load/vec4 v0x55557d930ad0_0;
    %muli 16, 0, 32;
    %part/s 16;
    %pushi/vec4 224, 0, 32;
    %load/vec4 v0x55557d930ad0_0;
    %add;
    %ix/vec4/s 4;
    %store/vec4a v0x55557d930bb0, 4, 0;
    %pushi/vec4 0, 0, 256;
    %load/vec4 v0x55557d930ad0_0;
    %muli 16, 0, 32;
    %part/s 16;
    %pushi/vec4 240, 0, 32;
    %load/vec4 v0x55557d930ad0_0;
    %add;
    %ix/vec4/s 4;
    %store/vec4a v0x55557d930bb0, 4, 0;
T_87.2 ; for-loop step statement
    %load/vec4 v0x55557d930ad0_0;
    %addi 1, 0, 32;
    %store/vec4 v0x55557d930ad0_0, 0, 32;
    %jmp T_87.0;
T_87.1 ; for-loop exit label
    %end;
    .thread T_87;
    .scope S_0x55557d92d820;
T_88 ;
    %wait E_0x55557d92f5e0;
    %load/vec4 v0x55557d930930_0;
    %flag_set/vec4 9;
    %flag_get/vec4 9;
    %jmp/0 T_88.2, 9;
    %load/vec4 v0x55557d9306b0_0;
    %and;
T_88.2;
    %flag_set/vec4 8;
    %jmp/0xz  T_88.0, 8;
    %load/vec4 v0x55557d9309f0_0;
    %parti/s 1, 0, 2;
    %nor/r;
    %flag_set/vec4 8;
    %jmp/0xz  T_88.3, 8;
    %load/vec4 v0x55557d930850_0;
    %parti/s 1, 0, 2;
    %load/vec4 v0x55557d930510_0;
    %parti/s 8, 0, 2;
    %pad/u 10;
    %ix/vec4 3;
    %ix/load 4, 0, 0; Constant delay
    %assign/vec4/a/d v0x55557d930bb0, 0, 4;
T_88.3 ;
    %load/vec4 v0x55557d9309f0_0;
    %parti/s 1, 1, 2;
    %nor/r;
    %flag_set/vec4 8;
    %jmp/0xz  T_88.5, 8;
    %load/vec4 v0x55557d930850_0;
    %parti/s 1, 1, 2;
    %load/vec4 v0x55557d930510_0;
    %parti/s 8, 0, 2;
    %pad/u 10;
    %ix/vec4 3;
    %ix/load 4, 1, 0; part off
    %ix/load 5, 0, 0; Constant delay
    %assign/vec4/a/d v0x55557d930bb0, 4, 5;
T_88.5 ;
    %load/vec4 v0x55557d9309f0_0;
    %parti/s 1, 2, 3;
    %nor/r;
    %flag_set/vec4 8;
    %jmp/0xz  T_88.7, 8;
    %load/vec4 v0x55557d930850_0;
    %parti/s 1, 2, 3;
    %load/vec4 v0x55557d930510_0;
    %parti/s 8, 0, 2;
    %pad/u 10;
    %ix/vec4 3;
    %ix/load 4, 2, 0; part off
    %ix/load 5, 0, 0; Constant delay
    %assign/vec4/a/d v0x55557d930bb0, 4, 5;
T_88.7 ;
    %load/vec4 v0x55557d9309f0_0;
    %parti/s 1, 3, 3;
    %nor/r;
    %flag_set/vec4 8;
    %jmp/0xz  T_88.9, 8;
    %load/vec4 v0x55557d930850_0;
    %parti/s 1, 3, 3;
    %load/vec4 v0x55557d930510_0;
    %parti/s 8, 0, 2;
    %pad/u 10;
    %ix/vec4 3;
    %ix/load 4, 3, 0; part off
    %ix/load 5, 0, 0; Constant delay
    %assign/vec4/a/d v0x55557d930bb0, 4, 5;
T_88.9 ;
    %load/vec4 v0x55557d9309f0_0;
    %parti/s 1, 4, 4;
    %nor/r;
    %flag_set/vec4 8;
    %jmp/0xz  T_88.11, 8;
    %load/vec4 v0x55557d930850_0;
    %parti/s 1, 4, 4;
    %load/vec4 v0x55557d930510_0;
    %parti/s 8, 0, 2;
    %pad/u 10;
    %ix/vec4 3;
    %ix/load 4, 4, 0; part off
    %ix/load 5, 0, 0; Constant delay
    %assign/vec4/a/d v0x55557d930bb0, 4, 5;
T_88.11 ;
    %load/vec4 v0x55557d9309f0_0;
    %parti/s 1, 5, 4;
    %nor/r;
    %flag_set/vec4 8;
    %jmp/0xz  T_88.13, 8;
    %load/vec4 v0x55557d930850_0;
    %parti/s 1, 5, 4;
    %load/vec4 v0x55557d930510_0;
    %parti/s 8, 0, 2;
    %pad/u 10;
    %ix/vec4 3;
    %ix/load 4, 5, 0; part off
    %ix/load 5, 0, 0; Constant delay
    %assign/vec4/a/d v0x55557d930bb0, 4, 5;
T_88.13 ;
    %load/vec4 v0x55557d9309f0_0;
    %parti/s 1, 6, 4;
    %nor/r;
    %flag_set/vec4 8;
    %jmp/0xz  T_88.15, 8;
    %load/vec4 v0x55557d930850_0;
    %parti/s 1, 6, 4;
    %load/vec4 v0x55557d930510_0;
    %parti/s 8, 0, 2;
    %pad/u 10;
    %ix/vec4 3;
    %ix/load 4, 6, 0; part off
    %ix/load 5, 0, 0; Constant delay
    %assign/vec4/a/d v0x55557d930bb0, 4, 5;
T_88.15 ;
    %load/vec4 v0x55557d9309f0_0;
    %parti/s 1, 7, 4;
    %nor/r;
    %flag_set/vec4 8;
    %jmp/0xz  T_88.17, 8;
    %load/vec4 v0x55557d930850_0;
    %parti/s 1, 7, 4;
    %load/vec4 v0x55557d930510_0;
    %parti/s 8, 0, 2;
    %pad/u 10;
    %ix/vec4 3;
    %ix/load 4, 7, 0; part off
    %ix/load 5, 0, 0; Constant delay
    %assign/vec4/a/d v0x55557d930bb0, 4, 5;
T_88.17 ;
    %load/vec4 v0x55557d9309f0_0;
    %parti/s 1, 8, 5;
    %nor/r;
    %flag_set/vec4 8;
    %jmp/0xz  T_88.19, 8;
    %load/vec4 v0x55557d930850_0;
    %parti/s 1, 8, 5;
    %load/vec4 v0x55557d930510_0;
    %parti/s 8, 0, 2;
    %pad/u 10;
    %ix/vec4 3;
    %ix/load 4, 8, 0; part off
    %ix/load 5, 0, 0; Constant delay
    %assign/vec4/a/d v0x55557d930bb0, 4, 5;
T_88.19 ;
    %load/vec4 v0x55557d9309f0_0;
    %parti/s 1, 9, 5;
    %nor/r;
    %flag_set/vec4 8;
    %jmp/0xz  T_88.21, 8;
    %load/vec4 v0x55557d930850_0;
    %parti/s 1, 9, 5;
    %load/vec4 v0x55557d930510_0;
    %parti/s 8, 0, 2;
    %pad/u 10;
    %ix/vec4 3;
    %ix/load 4, 9, 0; part off
    %ix/load 5, 0, 0; Constant delay
    %assign/vec4/a/d v0x55557d930bb0, 4, 5;
T_88.21 ;
    %load/vec4 v0x55557d9309f0_0;
    %parti/s 1, 10, 5;
    %nor/r;
    %flag_set/vec4 8;
    %jmp/0xz  T_88.23, 8;
    %load/vec4 v0x55557d930850_0;
    %parti/s 1, 10, 5;
    %load/vec4 v0x55557d930510_0;
    %parti/s 8, 0, 2;
    %pad/u 10;
    %ix/vec4 3;
    %ix/load 4, 10, 0; part off
    %ix/load 5, 0, 0; Constant delay
    %assign/vec4/a/d v0x55557d930bb0, 4, 5;
T_88.23 ;
    %load/vec4 v0x55557d9309f0_0;
    %parti/s 1, 11, 5;
    %nor/r;
    %flag_set/vec4 8;
    %jmp/0xz  T_88.25, 8;
    %load/vec4 v0x55557d930850_0;
    %parti/s 1, 11, 5;
    %load/vec4 v0x55557d930510_0;
    %parti/s 8, 0, 2;
    %pad/u 10;
    %ix/vec4 3;
    %ix/load 4, 11, 0; part off
    %ix/load 5, 0, 0; Constant delay
    %assign/vec4/a/d v0x55557d930bb0, 4, 5;
T_88.25 ;
    %load/vec4 v0x55557d9309f0_0;
    %parti/s 1, 12, 5;
    %nor/r;
    %flag_set/vec4 8;
    %jmp/0xz  T_88.27, 8;
    %load/vec4 v0x55557d930850_0;
    %parti/s 1, 12, 5;
    %load/vec4 v0x55557d930510_0;
    %parti/s 8, 0, 2;
    %pad/u 10;
    %ix/vec4 3;
    %ix/load 4, 12, 0; part off
    %ix/load 5, 0, 0; Constant delay
    %assign/vec4/a/d v0x55557d930bb0, 4, 5;
T_88.27 ;
    %load/vec4 v0x55557d9309f0_0;
    %parti/s 1, 13, 5;
    %nor/r;
    %flag_set/vec4 8;
    %jmp/0xz  T_88.29, 8;
    %load/vec4 v0x55557d930850_0;
    %parti/s 1, 13, 5;
    %load/vec4 v0x55557d930510_0;
    %parti/s 8, 0, 2;
    %pad/u 10;
    %ix/vec4 3;
    %ix/load 4, 13, 0; part off
    %ix/load 5, 0, 0; Constant delay
    %assign/vec4/a/d v0x55557d930bb0, 4, 5;
T_88.29 ;
    %load/vec4 v0x55557d9309f0_0;
    %parti/s 1, 14, 5;
    %nor/r;
    %flag_set/vec4 8;
    %jmp/0xz  T_88.31, 8;
    %load/vec4 v0x55557d930850_0;
    %parti/s 1, 14, 5;
    %load/vec4 v0x55557d930510_0;
    %parti/s 8, 0, 2;
    %pad/u 10;
    %ix/vec4 3;
    %ix/load 4, 14, 0; part off
    %ix/load 5, 0, 0; Constant delay
    %assign/vec4/a/d v0x55557d930bb0, 4, 5;
T_88.31 ;
    %load/vec4 v0x55557d9309f0_0;
    %parti/s 1, 15, 5;
    %nor/r;
    %flag_set/vec4 8;
    %jmp/0xz  T_88.33, 8;
    %load/vec4 v0x55557d930850_0;
    %parti/s 1, 15, 5;
    %load/vec4 v0x55557d930510_0;
    %parti/s 8, 0, 2;
    %pad/u 10;
    %ix/vec4 3;
    %ix/load 4, 15, 0; part off
    %ix/load 5, 0, 0; Constant delay
    %assign/vec4/a/d v0x55557d930bb0, 4, 5;
T_88.33 ;
T_88.0 ;
    %jmp T_88;
    .thread T_88;
    .scope S_0x55557d92d820;
T_89 ;
    %wait E_0x55557d92f560;
    %load/vec4 v0x55557d930370_0;
    %flag_set/vec4 9;
    %flag_get/vec4 9;
    %jmp/0 T_89.2, 9;
    %load/vec4 v0x55557d9300a0_0;
    %and;
T_89.2;
    %flag_set/vec4 8;
    %jmp/0xz  T_89.0, 8;
    %load/vec4 v0x55557d92fef0_0;
    %parti/s 8, 0, 2;
    %pad/u 10;
    %ix/vec4 4;
    %load/vec4a v0x55557d930bb0, 4;
    %load/vec4 v0x55557d930430_0;
    %inv;
    %and;
    %assign/vec4 v0x55557d930290_0, 0;
T_89.0 ;
    %jmp T_89;
    .thread T_89;
    .scope S_0x55557d9318b0;
T_90 ;
    %pushi/vec4 0, 0, 32;
    %store/vec4 v0x55557d934e10_0, 0, 32;
T_90.0 ; Top of for-loop
    %load/vec4 v0x55557d934e10_0;
    %cmpi/s 16, 0, 32;
	  %jmp/0xz T_90.1, 5;
    %pushi/vec4 0, 0, 256;
    %load/vec4 v0x55557d934e10_0;
    %muli 16, 0, 32;
    %part/s 16;
    %pushi/vec4 0, 0, 32;
    %load/vec4 v0x55557d934e10_0;
    %add;
    %ix/vec4/s 4;
    %store/vec4a v0x55557d934ef0, 4, 0;
    %pushi/vec4 0, 0, 256;
    %load/vec4 v0x55557d934e10_0;
    %muli 16, 0, 32;
    %part/s 16;
    %pushi/vec4 16, 0, 32;
    %load/vec4 v0x55557d934e10_0;
    %add;
    %ix/vec4/s 4;
    %store/vec4a v0x55557d934ef0, 4, 0;
    %pushi/vec4 0, 0, 256;
    %load/vec4 v0x55557d934e10_0;
    %muli 16, 0, 32;
    %part/s 16;
    %pushi/vec4 32, 0, 32;
    %load/vec4 v0x55557d934e10_0;
    %add;
    %ix/vec4/s 4;
    %store/vec4a v0x55557d934ef0, 4, 0;
    %pushi/vec4 0, 0, 256;
    %load/vec4 v0x55557d934e10_0;
    %muli 16, 0, 32;
    %part/s 16;
    %pushi/vec4 48, 0, 32;
    %load/vec4 v0x55557d934e10_0;
    %add;
    %ix/vec4/s 4;
    %store/vec4a v0x55557d934ef0, 4, 0;
    %pushi/vec4 0, 0, 256;
    %load/vec4 v0x55557d934e10_0;
    %muli 16, 0, 32;
    %part/s 16;
    %pushi/vec4 64, 0, 32;
    %load/vec4 v0x55557d934e10_0;
    %add;
    %ix/vec4/s 4;
    %store/vec4a v0x55557d934ef0, 4, 0;
    %pushi/vec4 0, 0, 256;
    %load/vec4 v0x55557d934e10_0;
    %muli 16, 0, 32;
    %part/s 16;
    %pushi/vec4 80, 0, 32;
    %load/vec4 v0x55557d934e10_0;
    %add;
    %ix/vec4/s 4;
    %store/vec4a v0x55557d934ef0, 4, 0;
    %pushi/vec4 0, 0, 256;
    %load/vec4 v0x55557d934e10_0;
    %muli 16, 0, 32;
    %part/s 16;
    %pushi/vec4 96, 0, 32;
    %load/vec4 v0x55557d934e10_0;
    %add;
    %ix/vec4/s 4;
    %store/vec4a v0x55557d934ef0, 4, 0;
    %pushi/vec4 0, 0, 256;
    %load/vec4 v0x55557d934e10_0;
    %muli 16, 0, 32;
    %part/s 16;
    %pushi/vec4 112, 0, 32;
    %load/vec4 v0x55557d934e10_0;
    %add;
    %ix/vec4/s 4;
    %store/vec4a v0x55557d934ef0, 4, 0;
    %pushi/vec4 0, 0, 256;
    %load/vec4 v0x55557d934e10_0;
    %muli 16, 0, 32;
    %part/s 16;
    %pushi/vec4 128, 0, 32;
    %load/vec4 v0x55557d934e10_0;
    %add;
    %ix/vec4/s 4;
    %store/vec4a v0x55557d934ef0, 4, 0;
    %pushi/vec4 0, 0, 256;
    %load/vec4 v0x55557d934e10_0;
    %muli 16, 0, 32;
    %part/s 16;
    %pushi/vec4 144, 0, 32;
    %load/vec4 v0x55557d934e10_0;
    %add;
    %ix/vec4/s 4;
    %store/vec4a v0x55557d934ef0, 4, 0;
    %pushi/vec4 0, 0, 256;
    %load/vec4 v0x55557d934e10_0;
    %muli 16, 0, 32;
    %part/s 16;
    %pushi/vec4 160, 0, 32;
    %load/vec4 v0x55557d934e10_0;
    %add;
    %ix/vec4/s 4;
    %store/vec4a v0x55557d934ef0, 4, 0;
    %pushi/vec4 0, 0, 256;
    %load/vec4 v0x55557d934e10_0;
    %muli 16, 0, 32;
    %part/s 16;
    %pushi/vec4 176, 0, 32;
    %load/vec4 v0x55557d934e10_0;
    %add;
    %ix/vec4/s 4;
    %store/vec4a v0x55557d934ef0, 4, 0;
    %pushi/vec4 0, 0, 256;
    %load/vec4 v0x55557d934e10_0;
    %muli 16, 0, 32;
    %part/s 16;
    %pushi/vec4 192, 0, 32;
    %load/vec4 v0x55557d934e10_0;
    %add;
    %ix/vec4/s 4;
    %store/vec4a v0x55557d934ef0, 4, 0;
    %pushi/vec4 0, 0, 256;
    %load/vec4 v0x55557d934e10_0;
    %muli 16, 0, 32;
    %part/s 16;
    %pushi/vec4 208, 0, 32;
    %load/vec4 v0x55557d934e10_0;
    %add;
    %ix/vec4/s 4;
    %store/vec4a v0x55557d934ef0, 4, 0;
    %pushi/vec4 0, 0, 256;
    %load/vec4 v0x55557d934e10_0;
    %muli 16, 0, 32;
    %part/s 16;
    %pushi/vec4 224, 0, 32;
    %load/vec4 v0x55557d934e10_0;
    %add;
    %ix/vec4/s 4;
    %store/vec4a v0x55557d934ef0, 4, 0;
    %pushi/vec4 0, 0, 256;
    %load/vec4 v0x55557d934e10_0;
    %muli 16, 0, 32;
    %part/s 16;
    %pushi/vec4 240, 0, 32;
    %load/vec4 v0x55557d934e10_0;
    %add;
    %ix/vec4/s 4;
    %store/vec4a v0x55557d934ef0, 4, 0;
T_90.2 ; for-loop step statement
    %load/vec4 v0x55557d934e10_0;
    %addi 1, 0, 32;
    %store/vec4 v0x55557d934e10_0, 0, 32;
    %jmp T_90.0;
T_90.1 ; for-loop exit label
    %end;
    .thread T_90;
    .scope S_0x55557d9318b0;
T_91 ;
    %wait E_0x55557d933920;
    %load/vec4 v0x55557d934c70_0;
    %flag_set/vec4 9;
    %flag_get/vec4 9;
    %jmp/0 T_91.2, 9;
    %load/vec4 v0x55557d9349f0_0;
    %and;
T_91.2;
    %flag_set/vec4 8;
    %jmp/0xz  T_91.0, 8;
    %load/vec4 v0x55557d934d30_0;
    %parti/s 1, 0, 2;
    %nor/r;
    %flag_set/vec4 8;
    %jmp/0xz  T_91.3, 8;
    %load/vec4 v0x55557d934b90_0;
    %parti/s 1, 0, 2;
    %load/vec4 v0x55557d934850_0;
    %parti/s 8, 0, 2;
    %pad/u 10;
    %ix/vec4 3;
    %ix/load 4, 0, 0; Constant delay
    %assign/vec4/a/d v0x55557d934ef0, 0, 4;
T_91.3 ;
    %load/vec4 v0x55557d934d30_0;
    %parti/s 1, 1, 2;
    %nor/r;
    %flag_set/vec4 8;
    %jmp/0xz  T_91.5, 8;
    %load/vec4 v0x55557d934b90_0;
    %parti/s 1, 1, 2;
    %load/vec4 v0x55557d934850_0;
    %parti/s 8, 0, 2;
    %pad/u 10;
    %ix/vec4 3;
    %ix/load 4, 1, 0; part off
    %ix/load 5, 0, 0; Constant delay
    %assign/vec4/a/d v0x55557d934ef0, 4, 5;
T_91.5 ;
    %load/vec4 v0x55557d934d30_0;
    %parti/s 1, 2, 3;
    %nor/r;
    %flag_set/vec4 8;
    %jmp/0xz  T_91.7, 8;
    %load/vec4 v0x55557d934b90_0;
    %parti/s 1, 2, 3;
    %load/vec4 v0x55557d934850_0;
    %parti/s 8, 0, 2;
    %pad/u 10;
    %ix/vec4 3;
    %ix/load 4, 2, 0; part off
    %ix/load 5, 0, 0; Constant delay
    %assign/vec4/a/d v0x55557d934ef0, 4, 5;
T_91.7 ;
    %load/vec4 v0x55557d934d30_0;
    %parti/s 1, 3, 3;
    %nor/r;
    %flag_set/vec4 8;
    %jmp/0xz  T_91.9, 8;
    %load/vec4 v0x55557d934b90_0;
    %parti/s 1, 3, 3;
    %load/vec4 v0x55557d934850_0;
    %parti/s 8, 0, 2;
    %pad/u 10;
    %ix/vec4 3;
    %ix/load 4, 3, 0; part off
    %ix/load 5, 0, 0; Constant delay
    %assign/vec4/a/d v0x55557d934ef0, 4, 5;
T_91.9 ;
    %load/vec4 v0x55557d934d30_0;
    %parti/s 1, 4, 4;
    %nor/r;
    %flag_set/vec4 8;
    %jmp/0xz  T_91.11, 8;
    %load/vec4 v0x55557d934b90_0;
    %parti/s 1, 4, 4;
    %load/vec4 v0x55557d934850_0;
    %parti/s 8, 0, 2;
    %pad/u 10;
    %ix/vec4 3;
    %ix/load 4, 4, 0; part off
    %ix/load 5, 0, 0; Constant delay
    %assign/vec4/a/d v0x55557d934ef0, 4, 5;
T_91.11 ;
    %load/vec4 v0x55557d934d30_0;
    %parti/s 1, 5, 4;
    %nor/r;
    %flag_set/vec4 8;
    %jmp/0xz  T_91.13, 8;
    %load/vec4 v0x55557d934b90_0;
    %parti/s 1, 5, 4;
    %load/vec4 v0x55557d934850_0;
    %parti/s 8, 0, 2;
    %pad/u 10;
    %ix/vec4 3;
    %ix/load 4, 5, 0; part off
    %ix/load 5, 0, 0; Constant delay
    %assign/vec4/a/d v0x55557d934ef0, 4, 5;
T_91.13 ;
    %load/vec4 v0x55557d934d30_0;
    %parti/s 1, 6, 4;
    %nor/r;
    %flag_set/vec4 8;
    %jmp/0xz  T_91.15, 8;
    %load/vec4 v0x55557d934b90_0;
    %parti/s 1, 6, 4;
    %load/vec4 v0x55557d934850_0;
    %parti/s 8, 0, 2;
    %pad/u 10;
    %ix/vec4 3;
    %ix/load 4, 6, 0; part off
    %ix/load 5, 0, 0; Constant delay
    %assign/vec4/a/d v0x55557d934ef0, 4, 5;
T_91.15 ;
    %load/vec4 v0x55557d934d30_0;
    %parti/s 1, 7, 4;
    %nor/r;
    %flag_set/vec4 8;
    %jmp/0xz  T_91.17, 8;
    %load/vec4 v0x55557d934b90_0;
    %parti/s 1, 7, 4;
    %load/vec4 v0x55557d934850_0;
    %parti/s 8, 0, 2;
    %pad/u 10;
    %ix/vec4 3;
    %ix/load 4, 7, 0; part off
    %ix/load 5, 0, 0; Constant delay
    %assign/vec4/a/d v0x55557d934ef0, 4, 5;
T_91.17 ;
    %load/vec4 v0x55557d934d30_0;
    %parti/s 1, 8, 5;
    %nor/r;
    %flag_set/vec4 8;
    %jmp/0xz  T_91.19, 8;
    %load/vec4 v0x55557d934b90_0;
    %parti/s 1, 8, 5;
    %load/vec4 v0x55557d934850_0;
    %parti/s 8, 0, 2;
    %pad/u 10;
    %ix/vec4 3;
    %ix/load 4, 8, 0; part off
    %ix/load 5, 0, 0; Constant delay
    %assign/vec4/a/d v0x55557d934ef0, 4, 5;
T_91.19 ;
    %load/vec4 v0x55557d934d30_0;
    %parti/s 1, 9, 5;
    %nor/r;
    %flag_set/vec4 8;
    %jmp/0xz  T_91.21, 8;
    %load/vec4 v0x55557d934b90_0;
    %parti/s 1, 9, 5;
    %load/vec4 v0x55557d934850_0;
    %parti/s 8, 0, 2;
    %pad/u 10;
    %ix/vec4 3;
    %ix/load 4, 9, 0; part off
    %ix/load 5, 0, 0; Constant delay
    %assign/vec4/a/d v0x55557d934ef0, 4, 5;
T_91.21 ;
    %load/vec4 v0x55557d934d30_0;
    %parti/s 1, 10, 5;
    %nor/r;
    %flag_set/vec4 8;
    %jmp/0xz  T_91.23, 8;
    %load/vec4 v0x55557d934b90_0;
    %parti/s 1, 10, 5;
    %load/vec4 v0x55557d934850_0;
    %parti/s 8, 0, 2;
    %pad/u 10;
    %ix/vec4 3;
    %ix/load 4, 10, 0; part off
    %ix/load 5, 0, 0; Constant delay
    %assign/vec4/a/d v0x55557d934ef0, 4, 5;
T_91.23 ;
    %load/vec4 v0x55557d934d30_0;
    %parti/s 1, 11, 5;
    %nor/r;
    %flag_set/vec4 8;
    %jmp/0xz  T_91.25, 8;
    %load/vec4 v0x55557d934b90_0;
    %parti/s 1, 11, 5;
    %load/vec4 v0x55557d934850_0;
    %parti/s 8, 0, 2;
    %pad/u 10;
    %ix/vec4 3;
    %ix/load 4, 11, 0; part off
    %ix/load 5, 0, 0; Constant delay
    %assign/vec4/a/d v0x55557d934ef0, 4, 5;
T_91.25 ;
    %load/vec4 v0x55557d934d30_0;
    %parti/s 1, 12, 5;
    %nor/r;
    %flag_set/vec4 8;
    %jmp/0xz  T_91.27, 8;
    %load/vec4 v0x55557d934b90_0;
    %parti/s 1, 12, 5;
    %load/vec4 v0x55557d934850_0;
    %parti/s 8, 0, 2;
    %pad/u 10;
    %ix/vec4 3;
    %ix/load 4, 12, 0; part off
    %ix/load 5, 0, 0; Constant delay
    %assign/vec4/a/d v0x55557d934ef0, 4, 5;
T_91.27 ;
    %load/vec4 v0x55557d934d30_0;
    %parti/s 1, 13, 5;
    %nor/r;
    %flag_set/vec4 8;
    %jmp/0xz  T_91.29, 8;
    %load/vec4 v0x55557d934b90_0;
    %parti/s 1, 13, 5;
    %load/vec4 v0x55557d934850_0;
    %parti/s 8, 0, 2;
    %pad/u 10;
    %ix/vec4 3;
    %ix/load 4, 13, 0; part off
    %ix/load 5, 0, 0; Constant delay
    %assign/vec4/a/d v0x55557d934ef0, 4, 5;
T_91.29 ;
    %load/vec4 v0x55557d934d30_0;
    %parti/s 1, 14, 5;
    %nor/r;
    %flag_set/vec4 8;
    %jmp/0xz  T_91.31, 8;
    %load/vec4 v0x55557d934b90_0;
    %parti/s 1, 14, 5;
    %load/vec4 v0x55557d934850_0;
    %parti/s 8, 0, 2;
    %pad/u 10;
    %ix/vec4 3;
    %ix/load 4, 14, 0; part off
    %ix/load 5, 0, 0; Constant delay
    %assign/vec4/a/d v0x55557d934ef0, 4, 5;
T_91.31 ;
    %load/vec4 v0x55557d934d30_0;
    %parti/s 1, 15, 5;
    %nor/r;
    %flag_set/vec4 8;
    %jmp/0xz  T_91.33, 8;
    %load/vec4 v0x55557d934b90_0;
    %parti/s 1, 15, 5;
    %load/vec4 v0x55557d934850_0;
    %parti/s 8, 0, 2;
    %pad/u 10;
    %ix/vec4 3;
    %ix/load 4, 15, 0; part off
    %ix/load 5, 0, 0; Constant delay
    %assign/vec4/a/d v0x55557d934ef0, 4, 5;
T_91.33 ;
T_91.0 ;
    %jmp T_91;
    .thread T_91;
    .scope S_0x55557d9318b0;
T_92 ;
    %wait E_0x55557d9338a0;
    %load/vec4 v0x55557d9346b0_0;
    %flag_set/vec4 9;
    %flag_get/vec4 9;
    %jmp/0 T_92.2, 9;
    %load/vec4 v0x55557d9343e0_0;
    %and;
T_92.2;
    %flag_set/vec4 8;
    %jmp/0xz  T_92.0, 8;
    %load/vec4 v0x55557d934230_0;
    %parti/s 8, 0, 2;
    %pad/u 10;
    %ix/vec4 4;
    %load/vec4a v0x55557d934ef0, 4;
    %load/vec4 v0x55557d934770_0;
    %inv;
    %and;
    %assign/vec4 v0x55557d9345d0_0, 0;
T_92.0 ;
    %jmp T_92;
    .thread T_92;
    .scope S_0x55557d935c00;
T_93 ;
    %pushi/vec4 0, 0, 32;
    %store/vec4 v0x55557d939160_0, 0, 32;
T_93.0 ; Top of for-loop
    %load/vec4 v0x55557d939160_0;
    %cmpi/s 16, 0, 32;
	  %jmp/0xz T_93.1, 5;
    %pushi/vec4 0, 0, 256;
    %load/vec4 v0x55557d939160_0;
    %muli 16, 0, 32;
    %part/s 16;
    %pushi/vec4 0, 0, 32;
    %load/vec4 v0x55557d939160_0;
    %add;
    %ix/vec4/s 4;
    %store/vec4a v0x55557d939240, 4, 0;
    %pushi/vec4 0, 0, 256;
    %load/vec4 v0x55557d939160_0;
    %muli 16, 0, 32;
    %part/s 16;
    %pushi/vec4 16, 0, 32;
    %load/vec4 v0x55557d939160_0;
    %add;
    %ix/vec4/s 4;
    %store/vec4a v0x55557d939240, 4, 0;
    %pushi/vec4 0, 0, 256;
    %load/vec4 v0x55557d939160_0;
    %muli 16, 0, 32;
    %part/s 16;
    %pushi/vec4 32, 0, 32;
    %load/vec4 v0x55557d939160_0;
    %add;
    %ix/vec4/s 4;
    %store/vec4a v0x55557d939240, 4, 0;
    %pushi/vec4 0, 0, 256;
    %load/vec4 v0x55557d939160_0;
    %muli 16, 0, 32;
    %part/s 16;
    %pushi/vec4 48, 0, 32;
    %load/vec4 v0x55557d939160_0;
    %add;
    %ix/vec4/s 4;
    %store/vec4a v0x55557d939240, 4, 0;
    %pushi/vec4 0, 0, 256;
    %load/vec4 v0x55557d939160_0;
    %muli 16, 0, 32;
    %part/s 16;
    %pushi/vec4 64, 0, 32;
    %load/vec4 v0x55557d939160_0;
    %add;
    %ix/vec4/s 4;
    %store/vec4a v0x55557d939240, 4, 0;
    %pushi/vec4 0, 0, 256;
    %load/vec4 v0x55557d939160_0;
    %muli 16, 0, 32;
    %part/s 16;
    %pushi/vec4 80, 0, 32;
    %load/vec4 v0x55557d939160_0;
    %add;
    %ix/vec4/s 4;
    %store/vec4a v0x55557d939240, 4, 0;
    %pushi/vec4 0, 0, 256;
    %load/vec4 v0x55557d939160_0;
    %muli 16, 0, 32;
    %part/s 16;
    %pushi/vec4 96, 0, 32;
    %load/vec4 v0x55557d939160_0;
    %add;
    %ix/vec4/s 4;
    %store/vec4a v0x55557d939240, 4, 0;
    %pushi/vec4 0, 0, 256;
    %load/vec4 v0x55557d939160_0;
    %muli 16, 0, 32;
    %part/s 16;
    %pushi/vec4 112, 0, 32;
    %load/vec4 v0x55557d939160_0;
    %add;
    %ix/vec4/s 4;
    %store/vec4a v0x55557d939240, 4, 0;
    %pushi/vec4 0, 0, 256;
    %load/vec4 v0x55557d939160_0;
    %muli 16, 0, 32;
    %part/s 16;
    %pushi/vec4 128, 0, 32;
    %load/vec4 v0x55557d939160_0;
    %add;
    %ix/vec4/s 4;
    %store/vec4a v0x55557d939240, 4, 0;
    %pushi/vec4 0, 0, 256;
    %load/vec4 v0x55557d939160_0;
    %muli 16, 0, 32;
    %part/s 16;
    %pushi/vec4 144, 0, 32;
    %load/vec4 v0x55557d939160_0;
    %add;
    %ix/vec4/s 4;
    %store/vec4a v0x55557d939240, 4, 0;
    %pushi/vec4 0, 0, 256;
    %load/vec4 v0x55557d939160_0;
    %muli 16, 0, 32;
    %part/s 16;
    %pushi/vec4 160, 0, 32;
    %load/vec4 v0x55557d939160_0;
    %add;
    %ix/vec4/s 4;
    %store/vec4a v0x55557d939240, 4, 0;
    %pushi/vec4 0, 0, 256;
    %load/vec4 v0x55557d939160_0;
    %muli 16, 0, 32;
    %part/s 16;
    %pushi/vec4 176, 0, 32;
    %load/vec4 v0x55557d939160_0;
    %add;
    %ix/vec4/s 4;
    %store/vec4a v0x55557d939240, 4, 0;
    %pushi/vec4 0, 0, 256;
    %load/vec4 v0x55557d939160_0;
    %muli 16, 0, 32;
    %part/s 16;
    %pushi/vec4 192, 0, 32;
    %load/vec4 v0x55557d939160_0;
    %add;
    %ix/vec4/s 4;
    %store/vec4a v0x55557d939240, 4, 0;
    %pushi/vec4 0, 0, 256;
    %load/vec4 v0x55557d939160_0;
    %muli 16, 0, 32;
    %part/s 16;
    %pushi/vec4 208, 0, 32;
    %load/vec4 v0x55557d939160_0;
    %add;
    %ix/vec4/s 4;
    %store/vec4a v0x55557d939240, 4, 0;
    %pushi/vec4 0, 0, 256;
    %load/vec4 v0x55557d939160_0;
    %muli 16, 0, 32;
    %part/s 16;
    %pushi/vec4 224, 0, 32;
    %load/vec4 v0x55557d939160_0;
    %add;
    %ix/vec4/s 4;
    %store/vec4a v0x55557d939240, 4, 0;
    %pushi/vec4 0, 0, 256;
    %load/vec4 v0x55557d939160_0;
    %muli 16, 0, 32;
    %part/s 16;
    %pushi/vec4 240, 0, 32;
    %load/vec4 v0x55557d939160_0;
    %add;
    %ix/vec4/s 4;
    %store/vec4a v0x55557d939240, 4, 0;
T_93.2 ; for-loop step statement
    %load/vec4 v0x55557d939160_0;
    %addi 1, 0, 32;
    %store/vec4 v0x55557d939160_0, 0, 32;
    %jmp T_93.0;
T_93.1 ; for-loop exit label
    %end;
    .thread T_93;
    .scope S_0x55557d935c00;
T_94 ;
    %wait E_0x55557d937c70;
    %load/vec4 v0x55557d938fc0_0;
    %flag_set/vec4 9;
    %flag_get/vec4 9;
    %jmp/0 T_94.2, 9;
    %load/vec4 v0x55557d938d40_0;
    %and;
T_94.2;
    %flag_set/vec4 8;
    %jmp/0xz  T_94.0, 8;
    %load/vec4 v0x55557d939080_0;
    %parti/s 1, 0, 2;
    %nor/r;
    %flag_set/vec4 8;
    %jmp/0xz  T_94.3, 8;
    %load/vec4 v0x55557d938ee0_0;
    %parti/s 1, 0, 2;
    %load/vec4 v0x55557d938ba0_0;
    %parti/s 8, 0, 2;
    %pad/u 10;
    %ix/vec4 3;
    %ix/load 4, 0, 0; Constant delay
    %assign/vec4/a/d v0x55557d939240, 0, 4;
T_94.3 ;
    %load/vec4 v0x55557d939080_0;
    %parti/s 1, 1, 2;
    %nor/r;
    %flag_set/vec4 8;
    %jmp/0xz  T_94.5, 8;
    %load/vec4 v0x55557d938ee0_0;
    %parti/s 1, 1, 2;
    %load/vec4 v0x55557d938ba0_0;
    %parti/s 8, 0, 2;
    %pad/u 10;
    %ix/vec4 3;
    %ix/load 4, 1, 0; part off
    %ix/load 5, 0, 0; Constant delay
    %assign/vec4/a/d v0x55557d939240, 4, 5;
T_94.5 ;
    %load/vec4 v0x55557d939080_0;
    %parti/s 1, 2, 3;
    %nor/r;
    %flag_set/vec4 8;
    %jmp/0xz  T_94.7, 8;
    %load/vec4 v0x55557d938ee0_0;
    %parti/s 1, 2, 3;
    %load/vec4 v0x55557d938ba0_0;
    %parti/s 8, 0, 2;
    %pad/u 10;
    %ix/vec4 3;
    %ix/load 4, 2, 0; part off
    %ix/load 5, 0, 0; Constant delay
    %assign/vec4/a/d v0x55557d939240, 4, 5;
T_94.7 ;
    %load/vec4 v0x55557d939080_0;
    %parti/s 1, 3, 3;
    %nor/r;
    %flag_set/vec4 8;
    %jmp/0xz  T_94.9, 8;
    %load/vec4 v0x55557d938ee0_0;
    %parti/s 1, 3, 3;
    %load/vec4 v0x55557d938ba0_0;
    %parti/s 8, 0, 2;
    %pad/u 10;
    %ix/vec4 3;
    %ix/load 4, 3, 0; part off
    %ix/load 5, 0, 0; Constant delay
    %assign/vec4/a/d v0x55557d939240, 4, 5;
T_94.9 ;
    %load/vec4 v0x55557d939080_0;
    %parti/s 1, 4, 4;
    %nor/r;
    %flag_set/vec4 8;
    %jmp/0xz  T_94.11, 8;
    %load/vec4 v0x55557d938ee0_0;
    %parti/s 1, 4, 4;
    %load/vec4 v0x55557d938ba0_0;
    %parti/s 8, 0, 2;
    %pad/u 10;
    %ix/vec4 3;
    %ix/load 4, 4, 0; part off
    %ix/load 5, 0, 0; Constant delay
    %assign/vec4/a/d v0x55557d939240, 4, 5;
T_94.11 ;
    %load/vec4 v0x55557d939080_0;
    %parti/s 1, 5, 4;
    %nor/r;
    %flag_set/vec4 8;
    %jmp/0xz  T_94.13, 8;
    %load/vec4 v0x55557d938ee0_0;
    %parti/s 1, 5, 4;
    %load/vec4 v0x55557d938ba0_0;
    %parti/s 8, 0, 2;
    %pad/u 10;
    %ix/vec4 3;
    %ix/load 4, 5, 0; part off
    %ix/load 5, 0, 0; Constant delay
    %assign/vec4/a/d v0x55557d939240, 4, 5;
T_94.13 ;
    %load/vec4 v0x55557d939080_0;
    %parti/s 1, 6, 4;
    %nor/r;
    %flag_set/vec4 8;
    %jmp/0xz  T_94.15, 8;
    %load/vec4 v0x55557d938ee0_0;
    %parti/s 1, 6, 4;
    %load/vec4 v0x55557d938ba0_0;
    %parti/s 8, 0, 2;
    %pad/u 10;
    %ix/vec4 3;
    %ix/load 4, 6, 0; part off
    %ix/load 5, 0, 0; Constant delay
    %assign/vec4/a/d v0x55557d939240, 4, 5;
T_94.15 ;
    %load/vec4 v0x55557d939080_0;
    %parti/s 1, 7, 4;
    %nor/r;
    %flag_set/vec4 8;
    %jmp/0xz  T_94.17, 8;
    %load/vec4 v0x55557d938ee0_0;
    %parti/s 1, 7, 4;
    %load/vec4 v0x55557d938ba0_0;
    %parti/s 8, 0, 2;
    %pad/u 10;
    %ix/vec4 3;
    %ix/load 4, 7, 0; part off
    %ix/load 5, 0, 0; Constant delay
    %assign/vec4/a/d v0x55557d939240, 4, 5;
T_94.17 ;
    %load/vec4 v0x55557d939080_0;
    %parti/s 1, 8, 5;
    %nor/r;
    %flag_set/vec4 8;
    %jmp/0xz  T_94.19, 8;
    %load/vec4 v0x55557d938ee0_0;
    %parti/s 1, 8, 5;
    %load/vec4 v0x55557d938ba0_0;
    %parti/s 8, 0, 2;
    %pad/u 10;
    %ix/vec4 3;
    %ix/load 4, 8, 0; part off
    %ix/load 5, 0, 0; Constant delay
    %assign/vec4/a/d v0x55557d939240, 4, 5;
T_94.19 ;
    %load/vec4 v0x55557d939080_0;
    %parti/s 1, 9, 5;
    %nor/r;
    %flag_set/vec4 8;
    %jmp/0xz  T_94.21, 8;
    %load/vec4 v0x55557d938ee0_0;
    %parti/s 1, 9, 5;
    %load/vec4 v0x55557d938ba0_0;
    %parti/s 8, 0, 2;
    %pad/u 10;
    %ix/vec4 3;
    %ix/load 4, 9, 0; part off
    %ix/load 5, 0, 0; Constant delay
    %assign/vec4/a/d v0x55557d939240, 4, 5;
T_94.21 ;
    %load/vec4 v0x55557d939080_0;
    %parti/s 1, 10, 5;
    %nor/r;
    %flag_set/vec4 8;
    %jmp/0xz  T_94.23, 8;
    %load/vec4 v0x55557d938ee0_0;
    %parti/s 1, 10, 5;
    %load/vec4 v0x55557d938ba0_0;
    %parti/s 8, 0, 2;
    %pad/u 10;
    %ix/vec4 3;
    %ix/load 4, 10, 0; part off
    %ix/load 5, 0, 0; Constant delay
    %assign/vec4/a/d v0x55557d939240, 4, 5;
T_94.23 ;
    %load/vec4 v0x55557d939080_0;
    %parti/s 1, 11, 5;
    %nor/r;
    %flag_set/vec4 8;
    %jmp/0xz  T_94.25, 8;
    %load/vec4 v0x55557d938ee0_0;
    %parti/s 1, 11, 5;
    %load/vec4 v0x55557d938ba0_0;
    %parti/s 8, 0, 2;
    %pad/u 10;
    %ix/vec4 3;
    %ix/load 4, 11, 0; part off
    %ix/load 5, 0, 0; Constant delay
    %assign/vec4/a/d v0x55557d939240, 4, 5;
T_94.25 ;
    %load/vec4 v0x55557d939080_0;
    %parti/s 1, 12, 5;
    %nor/r;
    %flag_set/vec4 8;
    %jmp/0xz  T_94.27, 8;
    %load/vec4 v0x55557d938ee0_0;
    %parti/s 1, 12, 5;
    %load/vec4 v0x55557d938ba0_0;
    %parti/s 8, 0, 2;
    %pad/u 10;
    %ix/vec4 3;
    %ix/load 4, 12, 0; part off
    %ix/load 5, 0, 0; Constant delay
    %assign/vec4/a/d v0x55557d939240, 4, 5;
T_94.27 ;
    %load/vec4 v0x55557d939080_0;
    %parti/s 1, 13, 5;
    %nor/r;
    %flag_set/vec4 8;
    %jmp/0xz  T_94.29, 8;
    %load/vec4 v0x55557d938ee0_0;
    %parti/s 1, 13, 5;
    %load/vec4 v0x55557d938ba0_0;
    %parti/s 8, 0, 2;
    %pad/u 10;
    %ix/vec4 3;
    %ix/load 4, 13, 0; part off
    %ix/load 5, 0, 0; Constant delay
    %assign/vec4/a/d v0x55557d939240, 4, 5;
T_94.29 ;
    %load/vec4 v0x55557d939080_0;
    %parti/s 1, 14, 5;
    %nor/r;
    %flag_set/vec4 8;
    %jmp/0xz  T_94.31, 8;
    %load/vec4 v0x55557d938ee0_0;
    %parti/s 1, 14, 5;
    %load/vec4 v0x55557d938ba0_0;
    %parti/s 8, 0, 2;
    %pad/u 10;
    %ix/vec4 3;
    %ix/load 4, 14, 0; part off
    %ix/load 5, 0, 0; Constant delay
    %assign/vec4/a/d v0x55557d939240, 4, 5;
T_94.31 ;
    %load/vec4 v0x55557d939080_0;
    %parti/s 1, 15, 5;
    %nor/r;
    %flag_set/vec4 8;
    %jmp/0xz  T_94.33, 8;
    %load/vec4 v0x55557d938ee0_0;
    %parti/s 1, 15, 5;
    %load/vec4 v0x55557d938ba0_0;
    %parti/s 8, 0, 2;
    %pad/u 10;
    %ix/vec4 3;
    %ix/load 4, 15, 0; part off
    %ix/load 5, 0, 0; Constant delay
    %assign/vec4/a/d v0x55557d939240, 4, 5;
T_94.33 ;
T_94.0 ;
    %jmp T_94;
    .thread T_94;
    .scope S_0x55557d935c00;
T_95 ;
    %wait E_0x55557d937bf0;
    %load/vec4 v0x55557d938a00_0;
    %flag_set/vec4 9;
    %flag_get/vec4 9;
    %jmp/0 T_95.2, 9;
    %load/vec4 v0x55557d938730_0;
    %and;
T_95.2;
    %flag_set/vec4 8;
    %jmp/0xz  T_95.0, 8;
    %load/vec4 v0x55557d938580_0;
    %parti/s 8, 0, 2;
    %pad/u 10;
    %ix/vec4 4;
    %load/vec4a v0x55557d939240, 4;
    %load/vec4 v0x55557d938ac0_0;
    %inv;
    %and;
    %assign/vec4 v0x55557d938920_0, 0;
T_95.0 ;
    %jmp T_95;
    .thread T_95;
    .scope S_0x55557d72d730;
T_96 ;
    %wait E_0x55557d93dbc0;
    %pushi/vec4 0, 0, 32;
    %store/vec4 v0x55557d93e4e0_0, 0, 32;
T_96.0 ; Top of for-loop
    %load/vec4 v0x55557d93e4e0_0;
    %cmpi/s 16383, 0, 32;
    %flag_or 5, 4;
	  %jmp/0xz T_96.1, 5;
    %pushi/vec4 65535, 65535, 16;
    %ix/getv/s 4, v0x55557d93e4e0_0;
    %store/vec4a v0x55557d93e5c0, 4, 0;
T_96.2 ; for-loop step statement
    %load/vec4 v0x55557d93e4e0_0;
    %addi 1, 0, 32;
    %store/vec4 v0x55557d93e4e0_0, 0, 32;
    %jmp T_96.0;
T_96.1 ; for-loop exit label
    %jmp T_96;
    .thread T_96;
    .scope S_0x55557d72d730;
T_97 ;
    %wait E_0x55557d93db40;
    %load/vec4 v0x55557d93e680_0;
    %flag_set/vec4 8;
    %jmp/0xz  T_97.0, 8;
    %pushi/vec4 0, 0, 16;
    %assign/vec4 v0x55557d93df60_0, 0;
    %jmp T_97.1;
T_97.0 ;
    %load/vec4 v0x55557d93e2a0_0;
    %flag_set/vec4 8;
    %jmp/0xz  T_97.2, 8;
    %pushi/vec4 65535, 65535, 16;
    %assign/vec4 v0x55557d93df60_0, 0;
    %jmp T_97.3;
T_97.2 ;
    %load/vec4 v0x55557d93dd20_0;
    %flag_set/vec4 8;
    %jmp/0xz  T_97.4, 8;
    %load/vec4 v0x55557d93e360_0;
    %nor/r;
    %flag_set/vec4 8;
    %jmp/0xz  T_97.6, 8;
    %load/vec4 v0x55557d93dc20_0;
    %pad/u 16;
    %ix/vec4 4;
    %load/vec4a v0x55557d93e5c0, 4;
    %assign/vec4 v0x55557d93df60_0, 0;
    %jmp T_97.7;
T_97.6 ;
    %load/vec4 v0x55557d93e040_0;
    %parti/s 1, 0, 2;
    %flag_set/vec4 8;
    %jmp/0xz  T_97.8, 8;
    %load/vec4 v0x55557d93de80_0;
    %parti/s 4, 0, 2;
    %load/vec4 v0x55557d93dc20_0;
    %pad/u 16;
    %ix/vec4 3;
    %ix/load 4, 0, 0; Constant delay
    %assign/vec4/a/d v0x55557d93e5c0, 0, 4;
T_97.8 ;
    %load/vec4 v0x55557d93e040_0;
    %parti/s 1, 1, 2;
    %flag_set/vec4 8;
    %jmp/0xz  T_97.10, 8;
    %load/vec4 v0x55557d93de80_0;
    %parti/s 4, 4, 4;
    %load/vec4 v0x55557d93dc20_0;
    %pad/u 16;
    %ix/vec4 3;
    %ix/load 4, 4, 0; part off
    %ix/load 5, 0, 0; Constant delay
    %assign/vec4/a/d v0x55557d93e5c0, 4, 5;
T_97.10 ;
    %load/vec4 v0x55557d93e040_0;
    %parti/s 1, 2, 3;
    %flag_set/vec4 8;
    %jmp/0xz  T_97.12, 8;
    %load/vec4 v0x55557d93de80_0;
    %parti/s 4, 8, 5;
    %load/vec4 v0x55557d93dc20_0;
    %pad/u 16;
    %ix/vec4 3;
    %ix/load 4, 8, 0; part off
    %ix/load 5, 0, 0; Constant delay
    %assign/vec4/a/d v0x55557d93e5c0, 4, 5;
T_97.12 ;
    %load/vec4 v0x55557d93e040_0;
    %parti/s 1, 3, 3;
    %flag_set/vec4 8;
    %jmp/0xz  T_97.14, 8;
    %load/vec4 v0x55557d93de80_0;
    %parti/s 4, 12, 5;
    %load/vec4 v0x55557d93dc20_0;
    %pad/u 16;
    %ix/vec4 3;
    %ix/load 4, 12, 0; part off
    %ix/load 5, 0, 0; Constant delay
    %assign/vec4/a/d v0x55557d93e5c0, 4, 5;
T_97.14 ;
    %pushi/vec4 65535, 65535, 16;
    %assign/vec4 v0x55557d93df60_0, 0;
T_97.7 ;
T_97.4 ;
T_97.3 ;
T_97.1 ;
    %jmp T_97;
    .thread T_97;
# The file index is used to find the file name in the following table.
:file_names 14;
    "N/A";
    "<interactive>";
    "-";
    "./../../01_Boolean_Logic/And.v";
    "./../../01_Boolean_Logic/Buffer.v";
    "DMux_tb.v";
    "./../../01_Boolean_Logic/DMux.v";
    "/home/xpektra/.apio/packages/oss-cad-suite/share/yosys/ice40/cells_sim.v";
    "./../../01_Boolean_Logic/Mux.v";
    "./../../01_Boolean_Logic/Nand.v";
    "./../../01_Boolean_Logic/Not.v";
    "./../../01_Boolean_Logic/Or.v";
    "./../../01_Boolean_Logic/Xor.v";
    "top.v";
