$date
	Sun Apr 19 00:24:51 2026
$end
$version
	Icarus Verilog
$end
$timescale
	1ps
$end
$scope module ALU_tb $end
$var wire 1 ! zr_cmp $end
$var wire 1 " zr $end
$var wire 16 # yy [15:0] $end
$var wire 16 $ xx [15:0] $end
$var wire 16 % out_cmp [15:0] $end
$var wire 16 & out [15:0] $end
$var wire 1 ' ng_cmp $end
$var wire 1 ( ng $end
$var reg 1 ) f $end
$var reg 1 * fail $end
$var reg 16 + n [15:0] $end
$var reg 1 , no $end
$var reg 1 - nx $end
$var reg 1 . ny $end
$var reg 16 / x [15:0] $end
$var reg 16 0 y [15:0] $end
$var reg 1 1 zx $end
$var reg 1 2 zy $end
$scope module ALU $end
$var wire 1 ) f $end
$var wire 1 , no $end
$var wire 1 - nx $end
$var wire 1 . ny $end
$var wire 16 3 out [15:0] $end
$var wire 16 4 x [15:0] $end
$var wire 16 5 y [15:0] $end
$var wire 1 1 zx $end
$var wire 1 2 zy $end
$var wire 1 " zr $end
$var wire 16 6 y2 [15:0] $end
$var wire 16 7 y1 [15:0] $end
$var wire 16 8 x2 [15:0] $end
$var wire 16 9 x1 [15:0] $end
$var wire 16 : out_f [15:0] $end
$var wire 16 ; out1 [15:0] $end
$var wire 1 ( ng $end
$upscope $end
$scope task check $end
$upscope $end
$upscope $end
$enddefinitions $end
$comment Show the parameter values. $end
$dumpall
$end
#0
$dumpvars
b0 ;
b0 :
b0 9
b0 8
b0 7
b0 6
b101111010000001 5
b11010100100100 4
b0 3
12
11
b101111010000001 0
b11010100100100 /
0.
0-
0,
b0 +
0*
1)
0(
0'
b0 &
b0 %
b0 $
b0 #
1"
1!
$end
#1
0(
0'
0!
b1111111111111110 :
b1 %
0"
b1 &
b1 3
b1 ;
b1111111111111111 #
b1111111111111111 6
b1111111111111111 $
b1111111111111111 8
1,
1.
1-
#2
1(
1'
b1111111111111111 :
b1111111111111111 %
b1111111111111111 &
b1111111111111111 3
b1111111111111111 ;
b0 #
b0 6
0,
0.
#3
0(
0'
0!
b11010100100100 %
0"
b11010100100100 &
b11010100100100 3
b11010100100100 ;
b11010100100100 :
b1111111111111111 #
b1111111111111111 6
b11010100100100 $
b11010100100100 8
b11010100100100 9
0)
1.
0-
01
#4
b101111010000001 %
b101111010000001 &
b101111010000001 3
b101111010000001 ;
b101111010000001 :
b101111010000001 #
b101111010000001 6
b101111010000001 7
b1111111111111111 $
b1111111111111111 8
b0 9
0.
02
1-
11
#5
b11010100100100 :
1(
1'
b1100101011011011 %
b1100101011011011 &
b1100101011011011 3
b1100101011011011 ;
b1111111111111111 #
b1111111111111111 6
b0 7
b11010100100100 $
b11010100100100 8
b11010100100100 9
1,
1.
12
0-
01
#6
b1010000101111110 %
b1010000101111110 &
b1010000101111110 3
b1010000101111110 ;
b101111010000001 :
b101111010000001 #
b101111010000001 6
b101111010000001 7
b1111111111111111 $
b1111111111111111 8
b0 9
0.
02
1-
11
#7
1(
1'
b1100101011011100 &
b1100101011011100 3
b1100101011011100 ;
b1100101011011100 %
b11010100100011 :
b1111111111111111 #
b1111111111111111 6
b0 7
b11010100100100 $
b11010100100100 8
b11010100100100 9
1)
1.
12
0-
01
#8
b1010000101111111 %
b1010000101111111 &
b1010000101111111 3
b1010000101111111 ;
b101111010000000 :
b101111010000001 #
b101111010000001 6
b101111010000001 7
b1111111111111111 $
b1111111111111111 8
b0 9
0.
02
1-
11
#9
0(
0'
b11010100100101 %
b11010100100101 &
b11010100100101 3
b11010100100101 ;
b1100101011011011 8
b1100101011011010 :
b1100101011011011 $
b1111111111111111 #
b1111111111111111 6
b0 7
b11010100100100 9
1.
12
01
#10
b101111010000010 &
b101111010000010 3
b101111010000010 ;
b101111010000010 %
b1010000101111101 :
b1010000101111110 6
b1111111111111111 8
b1010000101111110 #
b1111111111111111 $
b101111010000001 7
b0 9
02
11
#11
b1111111111111111 6
0(
0'
b1111111111111111 #
b11010100100011 :
b11010100100011 %
b11010100100011 &
b11010100100011 3
b11010100100011 ;
b0 7
b11010100100100 $
b11010100100100 8
b11010100100100 9
0,
12
0-
01
#12
b101111010000000 %
b101111010000000 &
b101111010000000 3
b101111010000000 ;
b101111010000000 :
b101111010000001 #
b101111010000001 6
b101111010000001 7
b1111111111111111 $
b1111111111111111 8
b0 9
0.
02
1-
11
#13
1(
1'
b1001001110100101 %
b1001001110100101 &
b1001001110100101 3
b1001001110100101 ;
b1001001110100101 :
b11010100100100 $
b11010100100100 8
b11010100100100 9
0-
01
#14
1(
1'
b10100101011100 :
b1101011010100011 %
b1101011010100011 &
b1101011010100011 3
b1101011010100011 ;
b1100101011011011 $
b1100101011011011 8
1,
1-
#15
0(
0'
b10100101011101 %
b10100101011101 &
b10100101011101 3
b10100101011101 ;
b1101011010100010 :
b1010000101111110 #
b1010000101111110 6
b11010100100100 $
b11010100100100 8
1.
0-
#16
b1010000000000 %
b1010000000000 &
b1010000000000 3
b1010000000000 ;
b1010000000000 :
b101111010000001 #
b101111010000001 6
0,
0)
0.
#17
b1000000001011010 :
0(
0'
b111111110100101 %
b111111110100101 &
b111111110100101 3
b111111110100101 ;
b1010000101111110 #
b1010000101111110 6
b1100101011011011 $
b1100101011011011 8
1,
1.
1-
#18
1!
b0 %
1"
b0 &
b0 3
b0 ;
b0 :
b0 #
b0 6
b0 $
b0 8
b0 7
b0 9
0,
1)
0.
12
0-
11
b101011001100011 0
b101011001100011 5
b1101011000001001 /
b1101011000001001 4
b1 +
#19
0(
0'
0!
b1111111111111110 :
b1 %
0"
b1 &
b1 3
b1 ;
b1111111111111111 #
b1111111111111111 6
b1111111111111111 $
b1111111111111111 8
1,
1.
1-
#20
1(
1'
b1111111111111111 :
b1111111111111111 %
b1111111111111111 &
b1111111111111111 3
b1111111111111111 ;
b0 #
b0 6
0,
0.
#21
1(
1'
0!
b1101011000001001 %
0"
b1101011000001001 &
b1101011000001001 3
b1101011000001001 ;
b1101011000001001 :
b1111111111111111 #
b1111111111111111 6
b1101011000001001 $
b1101011000001001 8
b1101011000001001 9
0)
1.
0-
01
#22
0(
0'
b101011001100011 %
b101011001100011 &
b101011001100011 3
b101011001100011 ;
b101011001100011 :
b101011001100011 #
b101011001100011 6
b101011001100011 7
b1111111111111111 $
b1111111111111111 8
b0 9
0.
02
1-
11
#23
b1101011000001001 :
0(
0'
b10100111110110 %
b10100111110110 &
b10100111110110 3
b10100111110110 ;
b1111111111111111 #
b1111111111111111 6
b0 7
b1101011000001001 $
b1101011000001001 8
b1101011000001001 9
1,
1.
12
0-
01
#24
1(
1'
b1010100110011100 %
b1010100110011100 &
b1010100110011100 3
b1010100110011100 ;
b101011001100011 :
b101011001100011 #
b101011001100011 6
b101011001100011 7
b1111111111111111 $
b1111111111111111 8
b0 9
0.
02
1-
11
#25
0(
0'
b10100111110111 &
b10100111110111 3
b10100111110111 ;
b10100111110111 %
b1101011000001000 :
b1111111111111111 #
b1111111111111111 6
b0 7
b1101011000001001 $
b1101011000001001 8
b1101011000001001 9
1)
1.
12
0-
01
#26
1(
1'
b1010100110011101 %
b1010100110011101 &
b1010100110011101 3
b1010100110011101 ;
b101011001100010 :
b101011001100011 #
b101011001100011 6
b101011001100011 7
b1111111111111111 $
b1111111111111111 8
b0 9
0.
02
1-
11
#27
1(
1'
b1101011000001010 %
b1101011000001010 &
b1101011000001010 3
b1101011000001010 ;
b10100111110110 8
b10100111110101 :
b10100111110110 $
b1111111111111111 #
b1111111111111111 6
b0 7
b1101011000001001 9
1.
12
01
#28
0(
0'
b101011001100100 &
b101011001100100 3
b101011001100100 ;
b101011001100100 %
b1010100110011011 :
b1010100110011100 6
b1111111111111111 8
b1010100110011100 #
b1111111111111111 $
b101011001100011 7
b0 9
02
11
#29
b1111111111111111 6
1(
1'
b1111111111111111 #
b1101011000001000 :
b1101011000001000 %
b1101011000001000 &
b1101011000001000 3
b1101011000001000 ;
b0 7
b1101011000001001 $
b1101011000001001 8
b1101011000001001 9
0,
12
0-
01
#30
0(
0'
b101011001100010 %
b101011001100010 &
b101011001100010 3
b101011001100010 ;
b101011001100010 :
b101011001100011 #
b101011001100011 6
b101011001100011 7
b1111111111111111 $
b1111111111111111 8
b0 9
0.
02
1-
11
#31
b10110001101100 %
b10110001101100 &
b10110001101100 3
b10110001101100 ;
b10110001101100 :
b1101011000001001 $
b1101011000001001 8
b1101011000001001 9
0-
01
#32
0(
0'
b1000000001011001 :
b111111110100110 %
b111111110100110 &
b111111110100110 3
b111111110100110 ;
b10100111110110 $
b10100111110110 8
1,
1-
#33
1(
1'
b1000000001011010 %
b1000000001011010 &
b1000000001011010 3
b1000000001011010 ;
b111111110100101 :
b1010100110011100 #
b1010100110011100 6
b1101011000001001 $
b1101011000001001 8
1.
0-
#34
0(
0'
b101011000000001 %
b101011000000001 &
b101011000000001 3
b101011000000001 ;
b101011000000001 :
b101011001100011 #
b101011001100011 6
0,
0)
0.
#35
b10100110010100 :
1(
1'
b1101011001101011 %
b1101011001101011 &
b1101011001101011 3
b1101011001101011 ;
b1010100110011100 #
b1010100110011100 6
b10100111110110 $
b10100111110110 8
1,
1.
1-
#36
0(
0'
1!
b0 %
1"
b0 &
b0 3
b0 ;
b0 :
b0 #
b0 6
b0 $
b0 8
b0 7
b0 9
0,
1)
0.
12
0-
11
b1001100110001101 0
b1001100110001101 5
b111101100001101 /
b111101100001101 4
b10 +
#37
0(
0'
0!
b1111111111111110 :
b1 %
0"
b1 &
b1 3
b1 ;
b1111111111111111 #
b1111111111111111 6
b1111111111111111 $
b1111111111111111 8
1,
1.
1-
#38
1(
1'
b1111111111111111 :
b1111111111111111 %
b1111111111111111 &
b1111111111111111 3
b1111111111111111 ;
b0 #
b0 6
0,
0.
#39
0(
0'
0!
b111101100001101 %
0"
b111101100001101 &
b111101100001101 3
b111101100001101 ;
b111101100001101 :
b1111111111111111 #
b1111111111111111 6
b111101100001101 $
b111101100001101 8
b111101100001101 9
0)
1.
0-
01
#40
1(
1'
b1001100110001101 %
b1001100110001101 &
b1001100110001101 3
b1001100110001101 ;
b1001100110001101 :
b1001100110001101 #
b1001100110001101 6
b1001100110001101 7
b1111111111111111 $
b1111111111111111 8
b0 9
0.
02
1-
11
#41
b111101100001101 :
1(
1'
b1000010011110010 %
b1000010011110010 &
b1000010011110010 3
b1000010011110010 ;
b1111111111111111 #
b1111111111111111 6
b0 7
b111101100001101 $
b111101100001101 8
b111101100001101 9
1,
1.
12
0-
01
#42
0(
0'
b110011001110010 %
b110011001110010 &
b110011001110010 3
b110011001110010 ;
b1001100110001101 :
b1001100110001101 #
b1001100110001101 6
b1001100110001101 7
b1111111111111111 $
b1111111111111111 8
b0 9
0.
02
1-
11
#43
1(
1'
b1000010011110011 &
b1000010011110011 3
b1000010011110011 ;
b1000010011110011 %
b111101100001100 :
b1111111111111111 #
b1111111111111111 6
b0 7
b111101100001101 $
b111101100001101 8
b111101100001101 9
1)
1.
12
0-
01
#44
0(
0'
b110011001110011 %
b110011001110011 &
b110011001110011 3
b110011001110011 ;
b1001100110001100 :
b1001100110001101 #
b1001100110001101 6
b1001100110001101 7
b1111111111111111 $
b1111111111111111 8
b0 9
0.
02
1-
11
#45
0(
0'
b111101100001110 %
b111101100001110 &
b111101100001110 3
b111101100001110 ;
b1000010011110010 8
b1000010011110001 :
b1000010011110010 $
b1111111111111111 #
b1111111111111111 6
b0 7
b111101100001101 9
1.
12
01
#46
1(
1'
b1001100110001110 &
b1001100110001110 3
b1001100110001110 ;
b1001100110001110 %
b110011001110001 :
b110011001110010 6
b1111111111111111 8
b110011001110010 #
b1111111111111111 $
b1001100110001101 7
b0 9
02
11
#47
b1111111111111111 6
0(
0'
b1111111111111111 #
b111101100001100 :
b111101100001100 %
b111101100001100 &
b111101100001100 3
b111101100001100 ;
b0 7
b111101100001101 $
b111101100001101 8
b111101100001101 9
0,
12
0-
01
#48
1(
1'
b1001100110001100 %
b1001100110001100 &
b1001100110001100 3
b1001100110001100 ;
b1001100110001100 :
b1001100110001101 #
b1001100110001101 6
b1001100110001101 7
b1111111111111111 $
b1111111111111111 8
b0 9
0.
02
1-
11
#49
0(
0'
b1010010011010 %
b1010010011010 &
b1010010011010 3
b1010010011010 ;
b1010010011010 :
b111101100001101 $
b111101100001101 8
b111101100001101 9
0-
01
#50
1(
1'
b1111001111111 :
b1110000110000000 %
b1110000110000000 &
b1110000110000000 3
b1110000110000000 ;
b1000010011110010 $
b1000010011110010 8
1,
1-
#51
0(
0'
b1111010000000 %
b1111010000000 &
b1111010000000 3
b1111010000000 ;
b1110000101111111 :
b110011001110010 #
b110011001110010 6
b111101100001101 $
b111101100001101 8
1.
0-
#52
b1100100001101 %
b1100100001101 &
b1100100001101 3
b1100100001101 ;
b1100100001101 :
b1001100110001101 #
b1001100110001101 6
0,
0)
0.
#53
b10001110010 :
1(
1'
b1111101110001101 %
b1111101110001101 &
b1111101110001101 3
b1111101110001101 ;
b110011001110010 #
b110011001110010 6
b1000010011110010 $
b1000010011110010 8
1,
1.
1-
#54
0(
0'
1!
b0 %
1"
b0 &
b0 3
b0 ;
b0 :
b0 #
b0 6
b0 $
b0 8
b0 7
b0 9
0,
1)
0.
12
0-
11
b101001000010010 0
b101001000010010 5
b1000010001100101 /
b1000010001100101 4
b11 +
#55
0(
0'
0!
b1111111111111110 :
b1 %
0"
b1 &
b1 3
b1 ;
b1111111111111111 #
b1111111111111111 6
b1111111111111111 $
b1111111111111111 8
1,
1.
1-
#56
1(
1'
b1111111111111111 :
b1111111111111111 %
b1111111111111111 &
b1111111111111111 3
b1111111111111111 ;
b0 #
b0 6
0,
0.
#57
1(
1'
0!
b1000010001100101 %
0"
b1000010001100101 &
b1000010001100101 3
b1000010001100101 ;
b1000010001100101 :
b1111111111111111 #
b1111111111111111 6
b1000010001100101 $
b1000010001100101 8
b1000010001100101 9
0)
1.
0-
01
#58
0(
0'
b101001000010010 %
b101001000010010 &
b101001000010010 3
b101001000010010 ;
b101001000010010 :
b101001000010010 #
b101001000010010 6
b101001000010010 7
b1111111111111111 $
b1111111111111111 8
b0 9
0.
02
1-
11
#59
b1000010001100101 :
0(
0'
b111101110011010 %
b111101110011010 &
b111101110011010 3
b111101110011010 ;
b1111111111111111 #
b1111111111111111 6
b0 7
b1000010001100101 $
b1000010001100101 8
b1000010001100101 9
1,
1.
12
0-
01
#60
1(
1'
b1010110111101101 %
b1010110111101101 &
b1010110111101101 3
b1010110111101101 ;
b101001000010010 :
b101001000010010 #
b101001000010010 6
b101001000010010 7
b1111111111111111 $
b1111111111111111 8
b0 9
0.
02
1-
11
#61
0(
0'
b111101110011011 &
b111101110011011 3
b111101110011011 ;
b111101110011011 %
b1000010001100100 :
b1111111111111111 #
b1111111111111111 6
b0 7
b1000010001100101 $
b1000010001100101 8
b1000010001100101 9
1)
1.
12
0-
01
#62
1(
1'
b1010110111101110 %
b1010110111101110 &
b1010110111101110 3
b1010110111101110 ;
b101001000010001 :
b101001000010010 #
b101001000010010 6
b101001000010010 7
b1111111111111111 $
b1111111111111111 8
b0 9
0.
02
1-
11
#63
1(
1'
b1000010001100110 %
b1000010001100110 &
b1000010001100110 3
b1000010001100110 ;
b111101110011010 8
b111101110011001 :
b111101110011010 $
b1111111111111111 #
b1111111111111111 6
b0 7
b1000010001100101 9
1.
12
01
#64
0(
0'
b101001000010011 &
b101001000010011 3
b101001000010011 ;
b101001000010011 %
b1010110111101100 :
b1010110111101101 6
b1111111111111111 8
b1010110111101101 #
b1111111111111111 $
b101001000010010 7
b0 9
02
11
#65
b1111111111111111 6
1(
1'
b1111111111111111 #
b1000010001100100 :
b1000010001100100 %
b1000010001100100 &
b1000010001100100 3
b1000010001100100 ;
b0 7
b1000010001100101 $
b1000010001100101 8
b1000010001100101 9
0,
12
0-
01
#66
0(
0'
b101001000010001 %
b101001000010001 &
b101001000010001 3
b101001000010001 ;
b101001000010001 :
b101001000010010 #
b101001000010010 6
b101001000010010 7
b1111111111111111 $
b1111111111111111 8
b0 9
0.
02
1-
11
#67
1(
1'
b1101011001110111 %
b1101011001110111 &
b1101011001110111 3
b1101011001110111 ;
b1101011001110111 :
b1000010001100101 $
b1000010001100101 8
b1000010001100101 9
0-
01
#68
0(
0'
b1100110110101100 :
b11001001010011 %
b11001001010011 &
b11001001010011 3
b11001001010011 ;
b111101110011010 $
b111101110011010 8
1,
1-
#69
1(
1'
b1100110110101101 %
b1100110110101101 &
b1100110110101101 3
b1100110110101101 ;
b11001001010010 :
b1010110111101101 #
b1010110111101101 6
b1000010001100101 $
b1000010001100101 8
1.
0-
#70
0(
0'
1!
1"
b0 %
b0 &
b0 3
b0 ;
b0 :
b101001000010010 #
b101001000010010 6
0,
0)
0.
#71
b10100110001000 :
1(
1'
0!
b1101011001110111 %
0"
b1101011001110111 &
b1101011001110111 3
b1101011001110111 ;
b1010110111101101 #
b1010110111101101 6
b111101110011010 $
b111101110011010 8
1,
1.
1-
#72
0(
0'
1!
b0 %
1"
b0 &
b0 3
b0 ;
b0 :
b0 #
b0 6
b0 $
b0 8
b0 7
b0 9
0,
1)
0.
12
0-
11
b1100110100001101 0
b1100110100001101 5
b1110001100000001 /
b1110001100000001 4
b100 +
#73
0(
0'
0!
b1111111111111110 :
b1 %
0"
b1 &
b1 3
b1 ;
b1111111111111111 #
b1111111111111111 6
b1111111111111111 $
b1111111111111111 8
1,
1.
1-
#74
1(
1'
b1111111111111111 :
b1111111111111111 %
b1111111111111111 &
b1111111111111111 3
b1111111111111111 ;
b0 #
b0 6
0,
0.
#75
1(
1'
0!
b1110001100000001 %
0"
b1110001100000001 &
b1110001100000001 3
b1110001100000001 ;
b1110001100000001 :
b1111111111111111 #
b1111111111111111 6
b1110001100000001 $
b1110001100000001 8
b1110001100000001 9
0)
1.
0-
01
#76
1(
1'
b1100110100001101 %
b1100110100001101 &
b1100110100001101 3
b1100110100001101 ;
b1100110100001101 :
b1100110100001101 #
b1100110100001101 6
b1100110100001101 7
b1111111111111111 $
b1111111111111111 8
b0 9
0.
02
1-
11
#77
b1110001100000001 :
0(
0'
b1110011111110 %
b1110011111110 &
b1110011111110 3
b1110011111110 ;
b1111111111111111 #
b1111111111111111 6
b0 7
b1110001100000001 $
b1110001100000001 8
b1110001100000001 9
1,
1.
12
0-
01
#78
0(
0'
b11001011110010 %
b11001011110010 &
b11001011110010 3
b11001011110010 ;
b1100110100001101 :
b1100110100001101 #
b1100110100001101 6
b1100110100001101 7
b1111111111111111 $
b1111111111111111 8
b0 9
0.
02
1-
11
#79
0(
0'
b1110011111111 &
b1110011111111 3
b1110011111111 ;
b1110011111111 %
b1110001100000000 :
b1111111111111111 #
b1111111111111111 6
b0 7
b1110001100000001 $
b1110001100000001 8
b1110001100000001 9
1)
1.
12
0-
01
#80
b11001011110011 %
b11001011110011 &
b11001011110011 3
b11001011110011 ;
b1100110100001100 :
b1100110100001101 #
b1100110100001101 6
b1100110100001101 7
b1111111111111111 $
b1111111111111111 8
b0 9
0.
02
1-
11
#81
1(
1'
b1110001100000010 %
b1110001100000010 &
b1110001100000010 3
b1110001100000010 ;
b1110011111110 8
b1110011111101 :
b1110011111110 $
b1111111111111111 #
b1111111111111111 6
b0 7
b1110001100000001 9
1.
12
01
#82
b1100110100001110 &
b1100110100001110 3
b1100110100001110 ;
b1100110100001110 %
b11001011110001 :
b11001011110010 6
b1111111111111111 8
b11001011110010 #
b1111111111111111 $
b1100110100001101 7
b0 9
02
11
#83
b1111111111111111 6
1(
1'
b1111111111111111 #
b1110001100000000 :
b1110001100000000 %
b1110001100000000 &
b1110001100000000 3
b1110001100000000 ;
b0 7
b1110001100000001 $
b1110001100000001 8
b1110001100000001 9
0,
12
0-
01
#84
b1100110100001100 %
b1100110100001100 &
b1100110100001100 3
b1100110100001100 ;
b1100110100001100 :
b1100110100001101 #
b1100110100001101 6
b1100110100001101 7
b1111111111111111 $
b1111111111111111 8
b0 9
0.
02
1-
11
#85
b1011000000001110 %
b1011000000001110 &
b1011000000001110 3
b1011000000001110 ;
b1011000000001110 :
b1110001100000001 $
b1110001100000001 8
b1110001100000001 9
0-
01
#86
0(
0'
b1110101000001011 :
b1010111110100 %
b1010111110100 &
b1010111110100 3
b1010111110100 ;
b1110011111110 $
b1110011111110 8
1,
1-
#87
1(
1'
b1110101000001100 %
b1110101000001100 &
b1110101000001100 3
b1110101000001100 ;
b1010111110011 :
b11001011110010 #
b11001011110010 6
b1110001100000001 $
b1110001100000001 8
1.
0-
#88
1(
1'
b1100000100000001 %
b1100000100000001 &
b1100000100000001 3
b1100000100000001 ;
b1100000100000001 :
b1100110100001101 #
b1100110100001101 6
0,
0)
0.
#89
b1000011110010 :
1(
1'
b1110111100001101 %
b1110111100001101 &
b1110111100001101 3
b1110111100001101 ;
b11001011110010 #
b11001011110010 6
b1110011111110 $
b1110011111110 8
1,
1.
1-
#90
0(
0'
1!
b0 %
1"
b0 &
b0 3
b0 ;
b0 :
b0 #
b0 6
b0 $
b0 8
b0 7
b0 9
0,
1)
0.
12
0-
11
b1100110100111101 0
b1100110100111101 5
b1111000101110110 /
b1111000101110110 4
b101 +
#91
0(
0'
0!
b1111111111111110 :
b1 %
0"
b1 &
b1 3
b1 ;
b1111111111111111 #
b1111111111111111 6
b1111111111111111 $
b1111111111111111 8
1,
1.
1-
#92
1(
1'
b1111111111111111 :
b1111111111111111 %
b1111111111111111 &
b1111111111111111 3
b1111111111111111 ;
b0 #
b0 6
0,
0.
#93
1(
1'
0!
b1111000101110110 %
0"
b1111000101110110 &
b1111000101110110 3
b1111000101110110 ;
b1111000101110110 :
b1111111111111111 #
b1111111111111111 6
b1111000101110110 $
b1111000101110110 8
b1111000101110110 9
0)
1.
0-
01
#94
1(
1'
b1100110100111101 %
b1100110100111101 &
b1100110100111101 3
b1100110100111101 ;
b1100110100111101 :
b1100110100111101 #
b1100110100111101 6
b1100110100111101 7
b1111111111111111 $
b1111111111111111 8
b0 9
0.
02
1-
11
#95
b1111000101110110 :
0(
0'
b111010001001 %
b111010001001 &
b111010001001 3
b111010001001 ;
b1111111111111111 #
b1111111111111111 6
b0 7
b1111000101110110 $
b1111000101110110 8
b1111000101110110 9
1,
1.
12
0-
01
#96
0(
0'
b11001011000010 %
b11001011000010 &
b11001011000010 3
b11001011000010 ;
b1100110100111101 :
b1100110100111101 #
b1100110100111101 6
b1100110100111101 7
b1111111111111111 $
b1111111111111111 8
b0 9
0.
02
1-
11
#97
0(
0'
b111010001010 &
b111010001010 3
b111010001010 ;
b111010001010 %
b1111000101110101 :
b1111111111111111 #
b1111111111111111 6
b0 7
b1111000101110110 $
b1111000101110110 8
b1111000101110110 9
1)
1.
12
0-
01
#98
b11001011000011 %
b11001011000011 &
b11001011000011 3
b11001011000011 ;
b1100110100111100 :
b1100110100111101 #
b1100110100111101 6
b1100110100111101 7
b1111111111111111 $
b1111111111111111 8
b0 9
0.
02
1-
11
#99
1(
1'
b1111000101110111 %
b1111000101110111 &
b1111000101110111 3
b1111000101110111 ;
b111010001001 8
b111010001000 :
b111010001001 $
b1111111111111111 #
b1111111111111111 6
b0 7
b1111000101110110 9
1.
12
01
#100
b1100110100111110 &
b1100110100111110 3
b1100110100111110 ;
b1100110100111110 %
b11001011000001 :
b11001011000010 6
b1111111111111111 8
b11001011000010 #
b1111111111111111 $
b1100110100111101 7
b0 9
02
11
#101
b1111111111111111 6
1(
1'
b1111111111111111 #
b1111000101110101 :
b1111000101110101 %
b1111000101110101 &
b1111000101110101 3
b1111000101110101 ;
b0 7
b1111000101110110 $
b1111000101110110 8
b1111000101110110 9
0,
12
0-
01
#102
b1100110100111100 %
b1100110100111100 &
b1100110100111100 3
b1100110100111100 ;
b1100110100111100 :
b1100110100111101 #
b1100110100111101 6
b1100110100111101 7
b1111111111111111 $
b1111111111111111 8
b0 9
0.
02
1-
11
#103
b1011111010110011 %
b1011111010110011 &
b1011111010110011 3
b1011111010110011 ;
b1011111010110011 :
b1111000101110110 $
b1111000101110110 8
b1111000101110110 9
0-
01
#104
0(
0'
b1101101111000110 :
b10010000111001 %
b10010000111001 &
b10010000111001 3
b10010000111001 ;
b111010001001 $
b111010001001 8
1,
1-
#105
1(
1'
b1101101111000111 %
b1101101111000111 &
b1101101111000111 3
b1101101111000111 ;
b10010000111000 :
b11001011000010 #
b11001011000010 6
b1111000101110110 $
b1111000101110110 8
1.
0-
#106
1(
1'
b1100000100110100 %
b1100000100110100 &
b1100000100110100 3
b1100000100110100 ;
b1100000100110100 :
b1100110100111101 #
b1100110100111101 6
0,
0)
0.
#107
b1010000000 :
1(
1'
b1111110101111111 %
b1111110101111111 &
b1111110101111111 3
b1111110101111111 ;
b11001011000010 #
b11001011000010 6
b111010001001 $
b111010001001 8
1,
1.
1-
#108
0(
0'
1!
b0 %
1"
b0 &
b0 3
b0 ;
b0 :
b0 #
b0 6
b0 $
b0 8
b0 7
b0 9
0,
1)
0.
12
0-
11
b1111011110001100 0
b1111011110001100 5
b101011111101101 /
b101011111101101 4
b110 +
#109
0(
0'
0!
b1111111111111110 :
b1 %
0"
b1 &
b1 3
b1 ;
b1111111111111111 #
b1111111111111111 6
b1111111111111111 $
b1111111111111111 8
1,
1.
1-
#110
1(
1'
b1111111111111111 :
b1111111111111111 %
b1111111111111111 &
b1111111111111111 3
b1111111111111111 ;
b0 #
b0 6
0,
0.
#111
0(
0'
0!
b101011111101101 %
0"
b101011111101101 &
b101011111101101 3
b101011111101101 ;
b101011111101101 :
b1111111111111111 #
b1111111111111111 6
b101011111101101 $
b101011111101101 8
b101011111101101 9
0)
1.
0-
01
#112
1(
1'
b1111011110001100 %
b1111011110001100 &
b1111011110001100 3
b1111011110001100 ;
b1111011110001100 :
b1111011110001100 #
b1111011110001100 6
b1111011110001100 7
b1111111111111111 $
b1111111111111111 8
b0 9
0.
02
1-
11
#113
b101011111101101 :
1(
1'
b1010100000010010 %
b1010100000010010 &
b1010100000010010 3
b1010100000010010 ;
b1111111111111111 #
b1111111111111111 6
b0 7
b101011111101101 $
b101011111101101 8
b101011111101101 9
1,
1.
12
0-
01
#114
0(
0'
b100001110011 %
b100001110011 &
b100001110011 3
b100001110011 ;
b1111011110001100 :
b1111011110001100 #
b1111011110001100 6
b1111011110001100 7
b1111111111111111 $
b1111111111111111 8
b0 9
0.
02
1-
11
#115
1(
1'
b1010100000010011 &
b1010100000010011 3
b1010100000010011 ;
b1010100000010011 %
b101011111101100 :
b1111111111111111 #
b1111111111111111 6
b0 7
b101011111101101 $
b101011111101101 8
b101011111101101 9
1)
1.
12
0-
01
#116
0(
0'
b100001110100 %
b100001110100 &
b100001110100 3
b100001110100 ;
b1111011110001011 :
b1111011110001100 #
b1111011110001100 6
b1111011110001100 7
b1111111111111111 $
b1111111111111111 8
b0 9
0.
02
1-
11
#117
0(
0'
b101011111101110 %
b101011111101110 &
b101011111101110 3
b101011111101110 ;
b1010100000010010 8
b1010100000010001 :
b1010100000010010 $
b1111111111111111 #
b1111111111111111 6
b0 7
b101011111101101 9
1.
12
01
#118
1(
1'
b1111011110001101 &
b1111011110001101 3
b1111011110001101 ;
b1111011110001101 %
b100001110010 :
b100001110011 6
b1111111111111111 8
b100001110011 #
b1111111111111111 $
b1111011110001100 7
b0 9
02
11
#119
b1111111111111111 6
0(
0'
b1111111111111111 #
b101011111101100 :
b101011111101100 %
b101011111101100 &
b101011111101100 3
b101011111101100 ;
b0 7
b101011111101101 $
b101011111101101 8
b101011111101101 9
0,
12
0-
01
#120
1(
1'
b1111011110001011 %
b1111011110001011 &
b1111011110001011 3
b1111011110001011 ;
b1111011110001011 :
b1111011110001100 #
b1111011110001100 6
b1111011110001100 7
b1111111111111111 $
b1111111111111111 8
b0 9
0.
02
1-
11
#121
0(
0'
b100111101111001 %
b100111101111001 &
b100111101111001 3
b100111101111001 ;
b100111101111001 :
b101011111101101 $
b101011111101101 8
b101011111101101 9
0-
01
#122
0(
0'
b1001111110011110 :
b110000001100001 %
b110000001100001 &
b110000001100001 3
b110000001100001 ;
b1010100000010010 $
b1010100000010010 8
1,
1-
#123
1(
1'
b1001111110011111 %
b1001111110011111 &
b1001111110011111 3
b1001111110011111 ;
b110000001100000 :
b100001110011 #
b100001110011 6
b101011111101101 $
b101011111101101 8
1.
0-
#124
0(
0'
b101011110001100 %
b101011110001100 &
b101011110001100 3
b101011110001100 ;
b101011110001100 :
b1111011110001100 #
b1111011110001100 6
0,
0)
0.
#125
b100000010010 :
1(
1'
b1111011111101101 %
b1111011111101101 &
b1111011111101101 3
b1111011111101101 ;
b100001110011 #
b100001110011 6
b1010100000010010 $
b1010100000010010 8
1,
1.
1-
#126
0(
0'
1!
b0 %
1"
b0 &
b0 3
b0 ;
b0 :
b0 #
b0 6
b0 $
b0 8
b0 7
b0 9
0,
1)
0.
12
0-
11
b10010011000110 0
b10010011000110 5
b1110100111111001 /
b1110100111111001 4
b111 +
#127
0(
0'
0!
b1111111111111110 :
b1 %
0"
b1 &
b1 3
b1 ;
b1111111111111111 #
b1111111111111111 6
b1111111111111111 $
b1111111111111111 8
1,
1.
1-
#128
1(
1'
b1111111111111111 :
b1111111111111111 %
b1111111111111111 &
b1111111111111111 3
b1111111111111111 ;
b0 #
b0 6
0,
0.
#129
1(
1'
0!
b1110100111111001 %
0"
b1110100111111001 &
b1110100111111001 3
b1110100111111001 ;
b1110100111111001 :
b1111111111111111 #
b1111111111111111 6
b1110100111111001 $
b1110100111111001 8
b1110100111111001 9
0)
1.
0-
01
#130
0(
0'
b10010011000110 %
b10010011000110 &
b10010011000110 3
b10010011000110 ;
b10010011000110 :
b10010011000110 #
b10010011000110 6
b10010011000110 7
b1111111111111111 $
b1111111111111111 8
b0 9
0.
02
1-
11
#131
b1110100111111001 :
0(
0'
b1011000000110 %
b1011000000110 &
b1011000000110 3
b1011000000110 ;
b1111111111111111 #
b1111111111111111 6
b0 7
b1110100111111001 $
b1110100111111001 8
b1110100111111001 9
1,
1.
12
0-
01
#132
1(
1'
b1101101100111001 %
b1101101100111001 &
b1101101100111001 3
b1101101100111001 ;
b10010011000110 :
b10010011000110 #
b10010011000110 6
b10010011000110 7
b1111111111111111 $
b1111111111111111 8
b0 9
0.
02
1-
11
#133
0(
0'
b1011000000111 &
b1011000000111 3
b1011000000111 ;
b1011000000111 %
b1110100111111000 :
b1111111111111111 #
b1111111111111111 6
b0 7
b1110100111111001 $
b1110100111111001 8
b1110100111111001 9
1)
1.
12
0-
01
#134
1(
1'
b1101101100111010 %
b1101101100111010 &
b1101101100111010 3
b1101101100111010 ;
b10010011000101 :
b10010011000110 #
b10010011000110 6
b10010011000110 7
b1111111111111111 $
b1111111111111111 8
b0 9
0.
02
1-
11
#135
1(
1'
b1110100111111010 %
b1110100111111010 &
b1110100111111010 3
b1110100111111010 ;
b1011000000110 8
b1011000000101 :
b1011000000110 $
b1111111111111111 #
b1111111111111111 6
b0 7
b1110100111111001 9
1.
12
01
#136
0(
0'
b10010011000111 &
b10010011000111 3
b10010011000111 ;
b10010011000111 %
b1101101100111000 :
b1101101100111001 6
b1111111111111111 8
b1101101100111001 #
b1111111111111111 $
b10010011000110 7
b0 9
02
11
#137
b1111111111111111 6
1(
1'
b1111111111111111 #
b1110100111111000 :
b1110100111111000 %
b1110100111111000 &
b1110100111111000 3
b1110100111111000 ;
b0 7
b1110100111111001 $
b1110100111111001 8
b1110100111111001 9
0,
12
0-
01
#138
0(
0'
b10010011000101 %
b10010011000101 &
b10010011000101 3
b10010011000101 ;
b10010011000101 :
b10010011000110 #
b10010011000110 6
b10010011000110 7
b1111111111111111 $
b1111111111111111 8
b0 9
0.
02
1-
11
#139
b111010111111 %
b111010111111 &
b111010111111 3
b111010111111 ;
b111010111111 :
b1110100111111001 $
b1110100111111001 8
b1110100111111001 9
0-
01
#140
1(
1'
b11101011001100 :
b1100010100110011 %
b1100010100110011 &
b1100010100110011 3
b1100010100110011 ;
b1011000000110 $
b1011000000110 8
1,
1-
#141
0(
0'
b11101011001101 %
b11101011001101 &
b11101011001101 3
b11101011001101 ;
b1100010100110010 :
b1101101100111001 #
b1101101100111001 6
b1110100111111001 $
b1110100111111001 8
1.
0-
#142
0(
0'
b10000011000000 %
b10000011000000 &
b10000011000000 3
b10000011000000 ;
b10000011000000 :
b10010011000110 #
b10010011000110 6
0,
0)
0.
#143
b1001000000000 :
1(
1'
b1110110111111111 %
b1110110111111111 &
b1110110111111111 3
b1110110111111111 ;
b1101101100111001 #
b1101101100111001 6
b1011000000110 $
b1011000000110 8
1,
1.
1-
#144
0(
0'
1!
b0 %
1"
b0 &
b0 3
b0 ;
b0 :
b0 #
b0 6
b0 $
b0 8
b0 7
b0 9
0,
1)
0.
12
0-
11
b1101001010101010 0
b1101001010101010 5
b1000010011000101 /
b1000010011000101 4
b1000 +
#145
0(
0'
0!
b1111111111111110 :
b1 %
0"
b1 &
b1 3
b1 ;
b1111111111111111 #
b1111111111111111 6
b1111111111111111 $
b1111111111111111 8
1,
1.
1-
#146
1(
1'
b1111111111111111 :
b1111111111111111 %
b1111111111111111 &
b1111111111111111 3
b1111111111111111 ;
b0 #
b0 6
0,
0.
#147
1(
1'
0!
b1000010011000101 %
0"
b1000010011000101 &
b1000010011000101 3
b1000010011000101 ;
b1000010011000101 :
b1111111111111111 #
b1111111111111111 6
b1000010011000101 $
b1000010011000101 8
b1000010011000101 9
0)
1.
0-
01
#148
1(
1'
b1101001010101010 %
b1101001010101010 &
b1101001010101010 3
b1101001010101010 ;
b1101001010101010 :
b1101001010101010 #
b1101001010101010 6
b1101001010101010 7
b1111111111111111 $
b1111111111111111 8
b0 9
0.
02
1-
11
#149
b1000010011000101 :
0(
0'
b111101100111010 %
b111101100111010 &
b111101100111010 3
b111101100111010 ;
b1111111111111111 #
b1111111111111111 6
b0 7
b1000010011000101 $
b1000010011000101 8
b1000010011000101 9
1,
1.
12
0-
01
#150
0(
0'
b10110101010101 %
b10110101010101 &
b10110101010101 3
b10110101010101 ;
b1101001010101010 :
b1101001010101010 #
b1101001010101010 6
b1101001010101010 7
b1111111111111111 $
b1111111111111111 8
b0 9
0.
02
1-
11
#151
b111101100111011 &
b111101100111011 3
b111101100111011 ;
b111101100111011 %
b1000010011000100 :
b1111111111111111 #
b1111111111111111 6
b0 7
b1000010011000101 $
b1000010011000101 8
b1000010011000101 9
1)
1.
12
0-
01
#152
0(
0'
b10110101010110 %
b10110101010110 &
b10110101010110 3
b10110101010110 ;
b1101001010101001 :
b1101001010101010 #
b1101001010101010 6
b1101001010101010 7
b1111111111111111 $
b1111111111111111 8
b0 9
0.
02
1-
11
#153
1(
1'
b1000010011000110 %
b1000010011000110 &
b1000010011000110 3
b1000010011000110 ;
b111101100111010 8
b111101100111001 :
b111101100111010 $
b1111111111111111 #
b1111111111111111 6
b0 7
b1000010011000101 9
1.
12
01
#154
b1101001010101011 &
b1101001010101011 3
b1101001010101011 ;
b1101001010101011 %
b10110101010100 :
b10110101010101 6
b1111111111111111 8
b10110101010101 #
b1111111111111111 $
b1101001010101010 7
b0 9
02
11
#155
b1111111111111111 6
1(
1'
b1111111111111111 #
b1000010011000100 :
b1000010011000100 %
b1000010011000100 &
b1000010011000100 3
b1000010011000100 ;
b0 7
b1000010011000101 $
b1000010011000101 8
b1000010011000101 9
0,
12
0-
01
#156
1(
1'
b1101001010101001 %
b1101001010101001 &
b1101001010101001 3
b1101001010101001 ;
b1101001010101001 :
b1101001010101010 #
b1101001010101010 6
b1101001010101010 7
b1111111111111111 $
b1111111111111111 8
b0 9
0.
02
1-
11
#157
0(
0'
b101011101101111 %
b101011101101111 &
b101011101101111 3
b101011101101111 ;
b101011101101111 :
b1000010011000101 $
b1000010011000101 8
b1000010011000101 9
0-
01
#158
1(
1'
b100110111100100 :
b1011001000011011 %
b1011001000011011 &
b1011001000011011 3
b1011001000011011 ;
b111101100111010 $
b111101100111010 8
1,
1-
#159
0(
0'
b100110111100101 %
b100110111100101 &
b100110111100101 3
b100110111100101 ;
b1011001000011010 :
b10110101010101 #
b10110101010101 6
b1000010011000101 $
b1000010011000101 8
1.
0-
#160
1(
1'
b1000000010000000 %
b1000000010000000 &
b1000000010000000 3
b1000000010000000 ;
b1000000010000000 :
b1101001010101010 #
b1101001010101010 6
0,
0)
0.
#161
b10100100010000 :
1(
1'
b1101011011101111 %
b1101011011101111 &
b1101011011101111 3
b1101011011101111 ;
b10110101010101 #
b10110101010101 6
b111101100111010 $
b111101100111010 8
1,
1.
1-
#162
0(
0'
1!
b0 %
1"
b0 &
b0 3
b0 ;
b0 :
b0 #
b0 6
b0 $
b0 8
b0 7
b0 9
0,
1)
0.
12
0-
11
b111001001110111 0
b111001001110111 5
b1111011111100101 /
b1111011111100101 4
b1001 +
#163
0(
0'
0!
b1111111111111110 :
b1 %
0"
b1 &
b1 3
b1 ;
b1111111111111111 #
b1111111111111111 6
b1111111111111111 $
b1111111111111111 8
1,
1.
1-
#164
1(
1'
b1111111111111111 :
b1111111111111111 %
b1111111111111111 &
b1111111111111111 3
b1111111111111111 ;
b0 #
b0 6
0,
0.
#165
1(
1'
0!
b1111011111100101 %
0"
b1111011111100101 &
b1111011111100101 3
b1111011111100101 ;
b1111011111100101 :
b1111111111111111 #
b1111111111111111 6
b1111011111100101 $
b1111011111100101 8
b1111011111100101 9
0)
1.
0-
01
#166
0(
0'
b111001001110111 %
b111001001110111 &
b111001001110111 3
b111001001110111 ;
b111001001110111 :
b111001001110111 #
b111001001110111 6
b111001001110111 7
b1111111111111111 $
b1111111111111111 8
b0 9
0.
02
1-
11
#167
b1111011111100101 :
0(
0'
b100000011010 %
b100000011010 &
b100000011010 3
b100000011010 ;
b1111111111111111 #
b1111111111111111 6
b0 7
b1111011111100101 $
b1111011111100101 8
b1111011111100101 9
1,
1.
12
0-
01
#168
1(
1'
b1000110110001000 %
b1000110110001000 &
b1000110110001000 3
b1000110110001000 ;
b111001001110111 :
b111001001110111 #
b111001001110111 6
b111001001110111 7
b1111111111111111 $
b1111111111111111 8
b0 9
0.
02
1-
11
#169
0(
0'
b100000011011 &
b100000011011 3
b100000011011 ;
b100000011011 %
b1111011111100100 :
b1111111111111111 #
b1111111111111111 6
b0 7
b1111011111100101 $
b1111011111100101 8
b1111011111100101 9
1)
1.
12
0-
01
#170
1(
1'
b1000110110001001 %
b1000110110001001 &
b1000110110001001 3
b1000110110001001 ;
b111001001110110 :
b111001001110111 #
b111001001110111 6
b111001001110111 7
b1111111111111111 $
b1111111111111111 8
b0 9
0.
02
1-
11
#171
1(
1'
b1111011111100110 %
b1111011111100110 &
b1111011111100110 3
b1111011111100110 ;
b100000011010 8
b100000011001 :
b100000011010 $
b1111111111111111 #
b1111111111111111 6
b0 7
b1111011111100101 9
1.
12
01
#172
0(
0'
b111001001111000 &
b111001001111000 3
b111001001111000 ;
b111001001111000 %
b1000110110000111 :
b1000110110001000 6
b1111111111111111 8
b1000110110001000 #
b1111111111111111 $
b111001001110111 7
b0 9
02
11
#173
b1111111111111111 6
1(
1'
b1111111111111111 #
b1111011111100100 :
b1111011111100100 %
b1111011111100100 &
b1111011111100100 3
b1111011111100100 ;
b0 7
b1111011111100101 $
b1111011111100101 8
b1111011111100101 9
0,
12
0-
01
#174
0(
0'
b111001001110110 %
b111001001110110 &
b111001001110110 3
b111001001110110 ;
b111001001110110 :
b111001001110111 #
b111001001110111 6
b111001001110111 7
b1111111111111111 $
b1111111111111111 8
b0 9
0.
02
1-
11
#175
b110101001011100 %
b110101001011100 &
b110101001011100 3
b110101001011100 ;
b110101001011100 :
b1111011111100101 $
b1111011111100101 8
b1111011111100101 9
0-
01
#176
1(
1'
b111101010010001 :
b1000010101101110 %
b1000010101101110 &
b1000010101101110 3
b1000010101101110 ;
b100000011010 $
b100000011010 8
1,
1-
#177
0(
0'
b111101010010010 %
b111101010010010 &
b111101010010010 3
b111101010010010 ;
b1000010101101101 :
b1000110110001000 #
b1000110110001000 6
b1111011111100101 $
b1111011111100101 8
1.
0-
#178
0(
0'
b111001001100101 %
b111001001100101 &
b111001001100101 3
b111001001100101 ;
b111001001100101 :
b111001001110111 #
b111001001110111 6
0,
0)
0.
#179
b100000001000 :
1(
1'
b1111011111110111 %
b1111011111110111 &
b1111011111110111 3
b1111011111110111 ;
b1000110110001000 #
b1000110110001000 6
b100000011010 $
b100000011010 8
1,
1.
1-
#180
0(
0'
1!
b0 %
1"
b0 &
b0 3
b0 ;
b0 :
b0 #
b0 6
b0 $
b0 8
b0 7
b0 9
0,
1)
0.
12
0-
11
b1101101110001111 0
b1101101110001111 5
b1101011000010010 /
b1101011000010010 4
b1010 +
#181
0(
0'
0!
b1111111111111110 :
b1 %
0"
b1 &
b1 3
b1 ;
b1111111111111111 #
b1111111111111111 6
b1111111111111111 $
b1111111111111111 8
1,
1.
1-
#182
1(
1'
b1111111111111111 :
b1111111111111111 %
b1111111111111111 &
b1111111111111111 3
b1111111111111111 ;
b0 #
b0 6
0,
0.
#183
1(
1'
0!
b1101011000010010 %
0"
b1101011000010010 &
b1101011000010010 3
b1101011000010010 ;
b1101011000010010 :
b1111111111111111 #
b1111111111111111 6
b1101011000010010 $
b1101011000010010 8
b1101011000010010 9
0)
1.
0-
01
#184
1(
1'
b1101101110001111 %
b1101101110001111 &
b1101101110001111 3
b1101101110001111 ;
b1101101110001111 :
b1101101110001111 #
b1101101110001111 6
b1101101110001111 7
b1111111111111111 $
b1111111111111111 8
b0 9
0.
02
1-
11
#185
b1101011000010010 :
0(
0'
b10100111101101 %
b10100111101101 &
b10100111101101 3
b10100111101101 ;
b1111111111111111 #
b1111111111111111 6
b0 7
b1101011000010010 $
b1101011000010010 8
b1101011000010010 9
1,
1.
12
0-
01
#186
0(
0'
b10010001110000 %
b10010001110000 &
b10010001110000 3
b10010001110000 ;
b1101101110001111 :
b1101101110001111 #
b1101101110001111 6
b1101101110001111 7
b1111111111111111 $
b1111111111111111 8
b0 9
0.
02
1-
11
#187
b10100111101110 &
b10100111101110 3
b10100111101110 ;
b10100111101110 %
b1101011000010001 :
b1111111111111111 #
b1111111111111111 6
b0 7
b1101011000010010 $
b1101011000010010 8
b1101011000010010 9
1)
1.
12
0-
01
#188
0(
0'
b10010001110001 %
b10010001110001 &
b10010001110001 3
b10010001110001 ;
b1101101110001110 :
b1101101110001111 #
b1101101110001111 6
b1101101110001111 7
b1111111111111111 $
b1111111111111111 8
b0 9
0.
02
1-
11
#189
1(
1'
b1101011000010011 %
b1101011000010011 &
b1101011000010011 3
b1101011000010011 ;
b10100111101101 8
b10100111101100 :
b10100111101101 $
b1111111111111111 #
b1111111111111111 6
b0 7
b1101011000010010 9
1.
12
01
#190
b1101101110010000 &
b1101101110010000 3
b1101101110010000 ;
b1101101110010000 %
b10010001101111 :
b10010001110000 6
b1111111111111111 8
b10010001110000 #
b1111111111111111 $
b1101101110001111 7
b0 9
02
11
#191
b1111111111111111 6
1(
1'
b1111111111111111 #
b1101011000010001 :
b1101011000010001 %
b1101011000010001 &
b1101011000010001 3
b1101011000010001 ;
b0 7
b1101011000010010 $
b1101011000010010 8
b1101011000010010 9
0,
12
0-
01
#192
1(
1'
b1101101110001110 %
b1101101110001110 &
b1101101110001110 3
b1101101110001110 ;
b1101101110001110 :
b1101101110001111 #
b1101101110001111 6
b1101101110001111 7
b1111111111111111 $
b1111111111111111 8
b0 9
0.
02
1-
11
#193
b1011000110100001 %
b1011000110100001 &
b1011000110100001 3
b1011000110100001 ;
b1011000110100001 :
b1101011000010010 $
b1101011000010010 8
b1101011000010010 9
0-
01
#194
1(
1'
b10101111100 :
b1111101010000011 %
b1111101010000011 &
b1111101010000011 3
b1111101010000011 ;
b10100111101101 $
b10100111101101 8
1,
1-
#195
0(
0'
b10101111101 %
b10101111101 &
b10101111101 3
b10101111101 ;
b1111101010000010 :
b10010001110000 #
b10010001110000 6
b1101011000010010 $
b1101011000010010 8
1.
0-
#196
1(
1'
b1101001000000010 %
b1101001000000010 &
b1101001000000010 3
b1101001000000010 ;
b1101001000000010 :
b1101101110001111 #
b1101101110001111 6
0,
0)
0.
#197
b10000001100000 :
1(
1'
b1101111110011111 %
b1101111110011111 &
b1101111110011111 3
b1101111110011111 ;
b10010001110000 #
b10010001110000 6
b10100111101101 $
b10100111101101 8
1,
1.
1-
#198
0(
0'
1!
b0 %
1"
b0 &
b0 3
b0 ;
b0 :
b0 #
b0 6
b0 $
b0 8
b0 7
b0 9
0,
1)
0.
12
0-
11
b1001011011001110 0
b1001011011001110 5
b110100111110010 /
b110100111110010 4
b1011 +
#199
0(
0'
0!
b1111111111111110 :
b1 %
0"
b1 &
b1 3
b1 ;
b1111111111111111 #
b1111111111111111 6
b1111111111111111 $
b1111111111111111 8
1,
1.
1-
#200
1(
1'
b1111111111111111 :
b1111111111111111 %
b1111111111111111 &
b1111111111111111 3
b1111111111111111 ;
b0 #
b0 6
0,
0.
#201
0(
0'
0!
b110100111110010 %
0"
b110100111110010 &
b110100111110010 3
b110100111110010 ;
b110100111110010 :
b1111111111111111 #
b1111111111111111 6
b110100111110010 $
b110100111110010 8
b110100111110010 9
0)
1.
0-
01
#202
1(
1'
b1001011011001110 %
b1001011011001110 &
b1001011011001110 3
b1001011011001110 ;
b1001011011001110 :
b1001011011001110 #
b1001011011001110 6
b1001011011001110 7
b1111111111111111 $
b1111111111111111 8
b0 9
0.
02
1-
11
#203
b110100111110010 :
1(
1'
b1001011000001101 %
b1001011000001101 &
b1001011000001101 3
b1001011000001101 ;
b1111111111111111 #
b1111111111111111 6
b0 7
b110100111110010 $
b110100111110010 8
b110100111110010 9
1,
1.
12
0-
01
#204
0(
0'
b110100100110001 %
b110100100110001 &
b110100100110001 3
b110100100110001 ;
b1001011011001110 :
b1001011011001110 #
b1001011011001110 6
b1001011011001110 7
b1111111111111111 $
b1111111111111111 8
b0 9
0.
02
1-
11
#205
1(
1'
b1001011000001110 &
b1001011000001110 3
b1001011000001110 ;
b1001011000001110 %
b110100111110001 :
b1111111111111111 #
b1111111111111111 6
b0 7
b110100111110010 $
b110100111110010 8
b110100111110010 9
1)
1.
12
0-
01
#206
0(
0'
b110100100110010 %
b110100100110010 &
b110100100110010 3
b110100100110010 ;
b1001011011001101 :
b1001011011001110 #
b1001011011001110 6
b1001011011001110 7
b1111111111111111 $
b1111111111111111 8
b0 9
0.
02
1-
11
#207
0(
0'
b110100111110011 %
b110100111110011 &
b110100111110011 3
b110100111110011 ;
b1001011000001101 8
b1001011000001100 :
b1001011000001101 $
b1111111111111111 #
b1111111111111111 6
b0 7
b110100111110010 9
1.
12
01
#208
1(
1'
b1001011011001111 &
b1001011011001111 3
b1001011011001111 ;
b1001011011001111 %
b110100100110000 :
b110100100110001 6
b1111111111111111 8
b110100100110001 #
b1111111111111111 $
b1001011011001110 7
b0 9
02
11
#209
b1111111111111111 6
0(
0'
b1111111111111111 #
b110100111110001 :
b110100111110001 %
b110100111110001 &
b110100111110001 3
b110100111110001 ;
b0 7
b110100111110010 $
b110100111110010 8
b110100111110010 9
0,
12
0-
01
#210
1(
1'
b1001011011001101 %
b1001011011001101 &
b1001011011001101 3
b1001011011001101 ;
b1001011011001101 :
b1001011011001110 #
b1001011011001110 6
b1001011011001110 7
b1111111111111111 $
b1111111111111111 8
b0 9
0.
02
1-
11
#211
0(
0'
b11000000 %
b11000000 &
b11000000 3
b11000000 ;
b11000000 :
b110100111110010 $
b110100111110010 8
b110100111110010 9
0-
01
#212
1(
1'
b10110011011011 :
b1101001100100100 %
b1101001100100100 &
b1101001100100100 3
b1101001100100100 ;
b1001011000001101 $
b1001011000001101 8
1,
1-
#213
0(
0'
b10110011011100 %
b10110011011100 &
b10110011011100 3
b10110011011100 ;
b1101001100100011 :
b110100100110001 #
b110100100110001 6
b110100111110010 $
b110100111110010 8
1.
0-
#214
b11000010 %
b11000010 &
b11000010 3
b11000010 ;
b11000010 :
b1001011011001110 #
b1001011011001110 6
0,
0)
0.
#215
b1 :
1(
1'
b1111111111111110 %
b1111111111111110 &
b1111111111111110 3
b1111111111111110 ;
b110100100110001 #
b110100100110001 6
b1001011000001101 $
b1001011000001101 8
1,
1.
1-
#216
0(
0'
1!
b0 %
1"
b0 &
b0 3
b0 ;
b0 :
b0 #
b0 6
b0 $
b0 8
b0 7
b0 9
0,
1)
0.
12
0-
11
b100111011000101 0
b100111011000101 5
b111101011101000 /
b111101011101000 4
b1100 +
#217
0(
0'
0!
b1111111111111110 :
b1 %
0"
b1 &
b1 3
b1 ;
b1111111111111111 #
b1111111111111111 6
b1111111111111111 $
b1111111111111111 8
1,
1.
1-
#218
1(
1'
b1111111111111111 :
b1111111111111111 %
b1111111111111111 &
b1111111111111111 3
b1111111111111111 ;
b0 #
b0 6
0,
0.
#219
0(
0'
0!
b111101011101000 %
0"
b111101011101000 &
b111101011101000 3
b111101011101000 ;
b111101011101000 :
b1111111111111111 #
b1111111111111111 6
b111101011101000 $
b111101011101000 8
b111101011101000 9
0)
1.
0-
01
#220
b100111011000101 %
b100111011000101 &
b100111011000101 3
b100111011000101 ;
b100111011000101 :
b100111011000101 #
b100111011000101 6
b100111011000101 7
b1111111111111111 $
b1111111111111111 8
b0 9
0.
02
1-
11
#221
b111101011101000 :
1(
1'
b1000010100010111 %
b1000010100010111 &
b1000010100010111 3
b1000010100010111 ;
b1111111111111111 #
b1111111111111111 6
b0 7
b111101011101000 $
b111101011101000 8
b111101011101000 9
1,
1.
12
0-
01
#222
b1011000100111010 %
b1011000100111010 &
b1011000100111010 3
b1011000100111010 ;
b100111011000101 :
b100111011000101 #
b100111011000101 6
b100111011000101 7
b1111111111111111 $
b1111111111111111 8
b0 9
0.
02
1-
11
#223
b1000010100011000 &
b1000010100011000 3
b1000010100011000 ;
b1000010100011000 %
b111101011100111 :
b1111111111111111 #
b1111111111111111 6
b0 7
b111101011101000 $
b111101011101000 8
b111101011101000 9
1)
1.
12
0-
01
#224
1(
1'
b1011000100111011 %
b1011000100111011 &
b1011000100111011 3
b1011000100111011 ;
b100111011000100 :
b100111011000101 #
b100111011000101 6
b100111011000101 7
b1111111111111111 $
b1111111111111111 8
b0 9
0.
02
1-
11
#225
0(
0'
b111101011101001 %
b111101011101001 &
b111101011101001 3
b111101011101001 ;
b1000010100010111 8
b1000010100010110 :
b1000010100010111 $
b1111111111111111 #
b1111111111111111 6
b0 7
b111101011101000 9
1.
12
01
#226
b100111011000110 &
b100111011000110 3
b100111011000110 ;
b100111011000110 %
b1011000100111001 :
b1011000100111010 6
b1111111111111111 8
b1011000100111010 #
b1111111111111111 $
b100111011000101 7
b0 9
02
11
#227
b1111111111111111 6
0(
0'
b1111111111111111 #
b111101011100111 :
b111101011100111 %
b111101011100111 &
b111101011100111 3
b111101011100111 ;
b0 7
b111101011101000 $
b111101011101000 8
b111101011101000 9
0,
12
0-
01
#228
0(
0'
b100111011000100 %
b100111011000100 &
b100111011000100 3
b100111011000100 ;
b100111011000100 :
b100111011000101 #
b100111011000101 6
b100111011000101 7
b1111111111111111 $
b1111111111111111 8
b0 9
0.
02
1-
11
#229
1(
1'
b1100100110101101 %
b1100100110101101 &
b1100100110101101 3
b1100100110101101 ;
b1100100110101101 :
b111101011101000 $
b111101011101000 8
b111101011101000 9
0-
01
#230
0(
0'
b1101001111011100 :
b10110000100011 %
b10110000100011 &
b10110000100011 3
b10110000100011 ;
b1000010100010111 $
b1000010100010111 8
1,
1-
#231
1(
1'
b1101001111011101 %
b1101001111011101 &
b1101001111011101 3
b1101001111011101 ;
b10110000100010 :
b1011000100111010 #
b1011000100111010 6
b111101011101000 $
b111101011101000 8
1.
0-
#232
0(
0'
b100101011000000 %
b100101011000000 &
b100101011000000 3
b100101011000000 ;
b100101011000000 :
b100111011000101 #
b100111011000101 6
0,
0)
0.
#233
b1000000100010010 :
0(
0'
b111111011101101 %
b111111011101101 &
b111111011101101 3
b111111011101101 ;
b1011000100111010 #
b1011000100111010 6
b1000010100010111 $
b1000010100010111 8
1,
1.
1-
#234
1!
b0 %
1"
b0 &
b0 3
b0 ;
b0 :
b0 #
b0 6
b0 $
b0 8
b0 7
b0 9
0,
1)
0.
12
0-
11
b10100010111101 0
b10100010111101 5
b100100101011100 /
b100100101011100 4
b1101 +
#235
0(
0'
0!
b1111111111111110 :
b1 %
0"
b1 &
b1 3
b1 ;
b1111111111111111 #
b1111111111111111 6
b1111111111111111 $
b1111111111111111 8
1,
1.
1-
#236
1(
1'
b1111111111111111 :
b1111111111111111 %
b1111111111111111 &
b1111111111111111 3
b1111111111111111 ;
b0 #
b0 6
0,
0.
#237
0(
0'
0!
b100100101011100 %
0"
b100100101011100 &
b100100101011100 3
b100100101011100 ;
b100100101011100 :
b1111111111111111 #
b1111111111111111 6
b100100101011100 $
b100100101011100 8
b100100101011100 9
0)
1.
0-
01
#238
b10100010111101 %
b10100010111101 &
b10100010111101 3
b10100010111101 ;
b10100010111101 :
b10100010111101 #
b10100010111101 6
b10100010111101 7
b1111111111111111 $
b1111111111111111 8
b0 9
0.
02
1-
11
#239
b100100101011100 :
1(
1'
b1011011010100011 %
b1011011010100011 &
b1011011010100011 3
b1011011010100011 ;
b1111111111111111 #
b1111111111111111 6
b0 7
b100100101011100 $
b100100101011100 8
b100100101011100 9
1,
1.
12
0-
01
#240
b1101011101000010 %
b1101011101000010 &
b1101011101000010 3
b1101011101000010 ;
b10100010111101 :
b10100010111101 #
b10100010111101 6
b10100010111101 7
b1111111111111111 $
b1111111111111111 8
b0 9
0.
02
1-
11
#241
b1011011010100100 &
b1011011010100100 3
b1011011010100100 ;
b1011011010100100 %
b100100101011011 :
b1111111111111111 #
b1111111111111111 6
b0 7
b100100101011100 $
b100100101011100 8
b100100101011100 9
1)
1.
12
0-
01
#242
1(
1'
b1101011101000011 %
b1101011101000011 &
b1101011101000011 3
b1101011101000011 ;
b10100010111100 :
b10100010111101 #
b10100010111101 6
b10100010111101 7
b1111111111111111 $
b1111111111111111 8
b0 9
0.
02
1-
11
#243
0(
0'
b100100101011101 %
b100100101011101 &
b100100101011101 3
b100100101011101 ;
b1011011010100011 8
b1011011010100010 :
b1011011010100011 $
b1111111111111111 #
b1111111111111111 6
b0 7
b100100101011100 9
1.
12
01
#244
b10100010111110 &
b10100010111110 3
b10100010111110 ;
b10100010111110 %
b1101011101000001 :
b1101011101000010 6
b1111111111111111 8
b1101011101000010 #
b1111111111111111 $
b10100010111101 7
b0 9
02
11
#245
b1111111111111111 6
0(
0'
b1111111111111111 #
b100100101011011 :
b100100101011011 %
b100100101011011 &
b100100101011011 3
b100100101011011 ;
b0 7
b100100101011100 $
b100100101011100 8
b100100101011100 9
0,
12
0-
01
#246
0(
0'
b10100010111100 %
b10100010111100 &
b10100010111100 3
b10100010111100 ;
b10100010111100 :
b10100010111101 #
b10100010111101 6
b10100010111101 7
b1111111111111111 $
b1111111111111111 8
b0 9
0.
02
1-
11
#247
b111001000011001 %
b111001000011001 &
b111001000011001 3
b111001000011001 ;
b111001000011001 :
b100100101011100 $
b100100101011100 8
b100100101011100 9
0-
01
#248
0(
0'
b1101111101100000 :
b10000010011111 %
b10000010011111 &
b10000010011111 3
b10000010011111 ;
b1011011010100011 $
b1011011010100011 8
1,
1-
#249
1(
1'
b1101111101100001 %
b1101111101100001 &
b1101111101100001 3
b1101111101100001 ;
b10000010011110 :
b1101011101000010 #
b1101011101000010 6
b100100101011100 $
b100100101011100 8
1.
0-
#250
0(
0'
b100000011100 %
b100000011100 &
b100000011100 3
b100000011100 ;
b100000011100 :
b10100010111101 #
b10100010111101 6
0,
0)
0.
#251
b1001011000000010 :
0(
0'
b110100111111101 %
b110100111111101 &
b110100111111101 3
b110100111111101 ;
b1101011101000010 #
b1101011101000010 6
b1011011010100011 $
b1011011010100011 8
1,
1.
1-
#252
1!
b0 %
1"
b0 &
b0 3
b0 ;
b0 :
b0 #
b0 6
b0 $
b0 8
b0 7
b0 9
0,
1)
0.
12
0-
11
b10011001100101 0
b10011001100101 5
b101100000101101 /
b101100000101101 4
b1110 +
#253
0(
0'
0!
b1111111111111110 :
b1 %
0"
b1 &
b1 3
b1 ;
b1111111111111111 #
b1111111111111111 6
b1111111111111111 $
b1111111111111111 8
1,
1.
1-
#254
1(
1'
b1111111111111111 :
b1111111111111111 %
b1111111111111111 &
b1111111111111111 3
b1111111111111111 ;
b0 #
b0 6
0,
0.
#255
0(
0'
0!
b101100000101101 %
0"
b101100000101101 &
b101100000101101 3
b101100000101101 ;
b101100000101101 :
b1111111111111111 #
b1111111111111111 6
b101100000101101 $
b101100000101101 8
b101100000101101 9
0)
1.
0-
01
#256
b10011001100101 %
b10011001100101 &
b10011001100101 3
b10011001100101 ;
b10011001100101 :
b10011001100101 #
b10011001100101 6
b10011001100101 7
b1111111111111111 $
b1111111111111111 8
b0 9
0.
02
1-
11
#257
b101100000101101 :
1(
1'
b1010011111010010 %
b1010011111010010 &
b1010011111010010 3
b1010011111010010 ;
b1111111111111111 #
b1111111111111111 6
b0 7
b101100000101101 $
b101100000101101 8
b101100000101101 9
1,
1.
12
0-
01
#258
b1101100110011010 %
b1101100110011010 &
b1101100110011010 3
b1101100110011010 ;
b10011001100101 :
b10011001100101 #
b10011001100101 6
b10011001100101 7
b1111111111111111 $
b1111111111111111 8
b0 9
0.
02
1-
11
#259
b1010011111010011 &
b1010011111010011 3
b1010011111010011 ;
b1010011111010011 %
b101100000101100 :
b1111111111111111 #
b1111111111111111 6
b0 7
b101100000101101 $
b101100000101101 8
b101100000101101 9
1)
1.
12
0-
01
#260
1(
1'
b1101100110011011 %
b1101100110011011 &
b1101100110011011 3
b1101100110011011 ;
b10011001100100 :
b10011001100101 #
b10011001100101 6
b10011001100101 7
b1111111111111111 $
b1111111111111111 8
b0 9
0.
02
1-
11
#261
0(
0'
b101100000101110 %
b101100000101110 &
b101100000101110 3
b101100000101110 ;
b1010011111010010 8
b1010011111010001 :
b1010011111010010 $
b1111111111111111 #
b1111111111111111 6
b0 7
b101100000101101 9
1.
12
01
#262
b10011001100110 &
b10011001100110 3
b10011001100110 ;
b10011001100110 %
b1101100110011001 :
b1101100110011010 6
b1111111111111111 8
b1101100110011010 #
b1111111111111111 $
b10011001100101 7
b0 9
02
11
#263
b1111111111111111 6
0(
0'
b1111111111111111 #
b101100000101100 :
b101100000101100 %
b101100000101100 &
b101100000101100 3
b101100000101100 ;
b0 7
b101100000101101 $
b101100000101101 8
b101100000101101 9
0,
12
0-
01
#264
0(
0'
b10011001100100 %
b10011001100100 &
b10011001100100 3
b10011001100100 ;
b10011001100100 :
b10011001100101 #
b10011001100101 6
b10011001100101 7
b1111111111111111 $
b1111111111111111 8
b0 9
0.
02
1-
11
#265
b111111010010010 %
b111111010010010 &
b111111010010010 3
b111111010010010 ;
b111111010010010 :
b101100000101101 $
b101100000101101 8
b101100000101101 9
0-
01
#266
0(
0'
b1100111000110111 :
b11000111001000 %
b11000111001000 &
b11000111001000 3
b11000111001000 ;
b1010011111010010 $
b1010011111010010 8
1,
1-
#267
1(
1'
b1100111000111000 %
b1100111000111000 &
b1100111000111000 3
b1100111000111000 ;
b11000111000111 :
b1101100110011010 #
b1101100110011010 6
b101100000101101 $
b101100000101101 8
1.
0-
#268
0(
0'
b100101 %
b100101 &
b100101 3
b100101 ;
b100101 :
b10011001100101 #
b10011001100101 6
0,
0)
0.
#269
b1000000110010010 :
0(
0'
b111111001101101 %
b111111001101101 &
b111111001101101 3
b111111001101101 ;
b1101100110011010 #
b1101100110011010 6
b1010011111010010 $
b1010011111010010 8
1,
1.
1-
#270
1!
b0 %
1"
b0 &
b0 3
b0 ;
b0 :
b0 #
b0 6
b0 $
b0 8
b0 7
b0 9
0,
1)
0.
12
0-
11
b1000011100001010 0
b1000011100001010 5
b110001001100011 /
b110001001100011 4
b1111 +
#271
0(
0'
0!
b1111111111111110 :
b1 %
0"
b1 &
b1 3
b1 ;
b1111111111111111 #
b1111111111111111 6
b1111111111111111 $
b1111111111111111 8
1,
1.
1-
#272
1(
1'
b1111111111111111 :
b1111111111111111 %
b1111111111111111 &
b1111111111111111 3
b1111111111111111 ;
b0 #
b0 6
0,
0.
#273
0(
0'
0!
b110001001100011 %
0"
b110001001100011 &
b110001001100011 3
b110001001100011 ;
b110001001100011 :
b1111111111111111 #
b1111111111111111 6
b110001001100011 $
b110001001100011 8
b110001001100011 9
0)
1.
0-
01
#274
1(
1'
b1000011100001010 %
b1000011100001010 &
b1000011100001010 3
b1000011100001010 ;
b1000011100001010 :
b1000011100001010 #
b1000011100001010 6
b1000011100001010 7
b1111111111111111 $
b1111111111111111 8
b0 9
0.
02
1-
11
#275
b110001001100011 :
1(
1'
b1001110110011100 %
b1001110110011100 &
b1001110110011100 3
b1001110110011100 ;
b1111111111111111 #
b1111111111111111 6
b0 7
b110001001100011 $
b110001001100011 8
b110001001100011 9
1,
1.
12
0-
01
#276
0(
0'
b111100011110101 %
b111100011110101 &
b111100011110101 3
b111100011110101 ;
b1000011100001010 :
b1000011100001010 #
b1000011100001010 6
b1000011100001010 7
b1111111111111111 $
b1111111111111111 8
b0 9
0.
02
1-
11
#277
1(
1'
b1001110110011101 &
b1001110110011101 3
b1001110110011101 ;
b1001110110011101 %
b110001001100010 :
b1111111111111111 #
b1111111111111111 6
b0 7
b110001001100011 $
b110001001100011 8
b110001001100011 9
1)
1.
12
0-
01
#278
0(
0'
b111100011110110 %
b111100011110110 &
b111100011110110 3
b111100011110110 ;
b1000011100001001 :
b1000011100001010 #
b1000011100001010 6
b1000011100001010 7
b1111111111111111 $
b1111111111111111 8
b0 9
0.
02
1-
11
#279
0(
0'
b110001001100100 %
b110001001100100 &
b110001001100100 3
b110001001100100 ;
b1001110110011100 8
b1001110110011011 :
b1001110110011100 $
b1111111111111111 #
b1111111111111111 6
b0 7
b110001001100011 9
1.
12
01
#280
1(
1'
b1000011100001011 &
b1000011100001011 3
b1000011100001011 ;
b1000011100001011 %
b111100011110100 :
b111100011110101 6
b1111111111111111 8
b111100011110101 #
b1111111111111111 $
b1000011100001010 7
b0 9
02
11
#281
b1111111111111111 6
0(
0'
b1111111111111111 #
b110001001100010 :
b110001001100010 %
b110001001100010 &
b110001001100010 3
b110001001100010 ;
b0 7
b110001001100011 $
b110001001100011 8
b110001001100011 9
0,
12
0-
01
#282
1(
1'
b1000011100001001 %
b1000011100001001 &
b1000011100001001 3
b1000011100001001 ;
b1000011100001001 :
b1000011100001010 #
b1000011100001010 6
b1000011100001010 7
b1111111111111111 $
b1111111111111111 8
b0 9
0.
02
1-
11
#283
b1110100101101101 %
b1110100101101101 &
b1110100101101101 3
b1110100101101101 ;
b1110100101101101 :
b110001001100011 $
b110001001100011 8
b110001001100011 9
0-
01
#284
1(
1'
b10010010100110 :
b1101101101011001 %
b1101101101011001 &
b1101101101011001 3
b1101101101011001 ;
b1001110110011100 $
b1001110110011100 8
1,
1-
#285
0(
0'
b10010010100111 %
b10010010100111 &
b10010010100111 3
b10010010100111 ;
b1101101101011000 :
b111100011110101 #
b111100011110101 6
b110001001100011 $
b110001001100011 8
1.
0-
#286
b1000000010 %
b1000000010 &
b1000000010 3
b1000000010 ;
b1000000010 :
b1000011100001010 #
b1000011100001010 6
0,
0)
0.
#287
b1100010010100 :
1(
1'
b1110011101101011 %
b1110011101101011 &
b1110011101101011 3
b1110011101101011 ;
b111100011110101 #
b111100011110101 6
b1001110110011100 $
b1001110110011100 8
1,
1.
1-
#288
0(
0'
1!
b0 %
1"
b0 &
b0 3
b0 ;
b0 :
b0 #
b0 6
b0 $
b0 8
b0 7
b0 9
0,
1)
0.
12
0-
11
b10000100100000 0
b10000100100000 5
b10001010000000 /
b10001010000000 4
b10000 +
#289
0(
0'
0!
b1111111111111110 :
b1 %
0"
b1 &
b1 3
b1 ;
b1111111111111111 #
b1111111111111111 6
b1111111111111111 $
b1111111111111111 8
1,
1.
1-
#290
1(
1'
b1111111111111111 :
b1111111111111111 %
b1111111111111111 &
b1111111111111111 3
b1111111111111111 ;
b0 #
b0 6
0,
0.
#291
0(
0'
0!
b10001010000000 %
0"
b10001010000000 &
b10001010000000 3
b10001010000000 ;
b10001010000000 :
b1111111111111111 #
b1111111111111111 6
b10001010000000 $
b10001010000000 8
b10001010000000 9
0)
1.
0-
01
#292
b10000100100000 %
b10000100100000 &
b10000100100000 3
b10000100100000 ;
b10000100100000 :
b10000100100000 #
b10000100100000 6
b10000100100000 7
b1111111111111111 $
b1111111111111111 8
b0 9
0.
02
1-
11
#293
b10001010000000 :
1(
1'
b1101110101111111 %
b1101110101111111 &
b1101110101111111 3
b1101110101111111 ;
b1111111111111111 #
b1111111111111111 6
b0 7
b10001010000000 $
b10001010000000 8
b10001010000000 9
1,
1.
12
0-
01
#294
b1101111011011111 %
b1101111011011111 &
b1101111011011111 3
b1101111011011111 ;
b10000100100000 :
b10000100100000 #
b10000100100000 6
b10000100100000 7
b1111111111111111 $
b1111111111111111 8
b0 9
0.
02
1-
11
#295
b1101110110000000 &
b1101110110000000 3
b1101110110000000 ;
b1101110110000000 %
b10001001111111 :
b1111111111111111 #
b1111111111111111 6
b0 7
b10001010000000 $
b10001010000000 8
b10001010000000 9
1)
1.
12
0-
01
#296
1(
1'
b1101111011100000 %
b1101111011100000 &
b1101111011100000 3
b1101111011100000 ;
b10000100011111 :
b10000100100000 #
b10000100100000 6
b10000100100000 7
b1111111111111111 $
b1111111111111111 8
b0 9
0.
02
1-
11
#297
0(
0'
b10001010000001 %
b10001010000001 &
b10001010000001 3
b10001010000001 ;
b1101110101111111 8
b1101110101111110 :
b1101110101111111 $
b1111111111111111 #
b1111111111111111 6
b0 7
b10001010000000 9
1.
12
01
#298
b10000100100001 &
b10000100100001 3
b10000100100001 ;
b10000100100001 %
b1101111011011110 :
b1101111011011111 6
b1111111111111111 8
b1101111011011111 #
b1111111111111111 $
b10000100100000 7
b0 9
02
11
#299
b1111111111111111 6
0(
0'
b1111111111111111 #
b10001001111111 :
b10001001111111 %
b10001001111111 &
b10001001111111 3
b10001001111111 ;
b0 7
b10001010000000 $
b10001010000000 8
b10001010000000 9
0,
12
0-
01
#300
0(
0'
b10000100011111 %
b10000100011111 &
b10000100011111 3
b10000100011111 ;
b10000100011111 :
b10000100100000 #
b10000100100000 6
b10000100100000 7
b1111111111111111 $
b1111111111111111 8
b0 9
0.
02
1-
11
#301
b100001110100000 %
b100001110100000 &
b100001110100000 3
b100001110100000 ;
b100001110100000 :
b10001010000000 $
b10001010000000 8
b10001010000000 9
0-
01
#302
0(
0'
b1111111010011111 :
b101100000 %
b101100000 &
b101100000 3
b101100000 ;
b1101110101111111 $
b1101110101111111 8
1,
1-
#303
1(
1'
b1111111010100000 %
b1111111010100000 &
b1111111010100000 3
b1111111010100000 ;
b101011111 :
b1101111011011111 #
b1101111011011111 6
b10001010000000 $
b10001010000000 8
1.
0-
#304
0(
0'
b10000000000000 %
b10000000000000 &
b10000000000000 3
b10000000000000 ;
b10000000000000 :
b10000100100000 #
b10000100100000 6
0,
0)
0.
#305
b1101110001011111 :
0(
0'
b10001110100000 %
b10001110100000 &
b10001110100000 3
b10001110100000 ;
b1101111011011111 #
b1101111011011111 6
b1101110101111111 $
b1101110101111111 8
1,
1.
1-
#306
1!
b0 %
1"
b0 &
b0 3
b0 ;
b0 :
b0 #
b0 6
b0 $
b0 8
b0 7
b0 9
0,
1)
0.
12
0-
11
b1100110010011101 0
b1100110010011101 5
b100010110101010 /
b100010110101010 4
b10001 +
#307
0(
0'
0!
b1111111111111110 :
b1 %
0"
b1 &
b1 3
b1 ;
b1111111111111111 #
b1111111111111111 6
b1111111111111111 $
b1111111111111111 8
1,
1.
1-
#308
1(
1'
b1111111111111111 :
b1111111111111111 %
b1111111111111111 &
b1111111111111111 3
b1111111111111111 ;
b0 #
b0 6
0,
0.
#309
0(
0'
0!
b100010110101010 %
0"
b100010110101010 &
b100010110101010 3
b100010110101010 ;
b100010110101010 :
b1111111111111111 #
b1111111111111111 6
b100010110101010 $
b100010110101010 8
b100010110101010 9
0)
1.
0-
01
#310
1(
1'
b1100110010011101 %
b1100110010011101 &
b1100110010011101 3
b1100110010011101 ;
b1100110010011101 :
b1100110010011101 #
b1100110010011101 6
b1100110010011101 7
b1111111111111111 $
b1111111111111111 8
b0 9
0.
02
1-
11
#311
b100010110101010 :
1(
1'
b1011101001010101 %
b1011101001010101 &
b1011101001010101 3
b1011101001010101 ;
b1111111111111111 #
b1111111111111111 6
b0 7
b100010110101010 $
b100010110101010 8
b100010110101010 9
1,
1.
12
0-
01
#312
0(
0'
b11001101100010 %
b11001101100010 &
b11001101100010 3
b11001101100010 ;
b1100110010011101 :
b1100110010011101 #
b1100110010011101 6
b1100110010011101 7
b1111111111111111 $
b1111111111111111 8
b0 9
0.
02
1-
11
#313
1(
1'
b1011101001010110 &
b1011101001010110 3
b1011101001010110 ;
b1011101001010110 %
b100010110101001 :
b1111111111111111 #
b1111111111111111 6
b0 7
b100010110101010 $
b100010110101010 8
b100010110101010 9
1)
1.
12
0-
01
#314
0(
0'
b11001101100011 %
b11001101100011 &
b11001101100011 3
b11001101100011 ;
b1100110010011100 :
b1100110010011101 #
b1100110010011101 6
b1100110010011101 7
b1111111111111111 $
b1111111111111111 8
b0 9
0.
02
1-
11
#315
0(
0'
b100010110101011 %
b100010110101011 &
b100010110101011 3
b100010110101011 ;
b1011101001010101 8
b1011101001010100 :
b1011101001010101 $
b1111111111111111 #
b1111111111111111 6
b0 7
b100010110101010 9
1.
12
01
#316
1(
1'
b1100110010011110 &
b1100110010011110 3
b1100110010011110 ;
b1100110010011110 %
b11001101100001 :
b11001101100010 6
b1111111111111111 8
b11001101100010 #
b1111111111111111 $
b1100110010011101 7
b0 9
02
11
#317
b1111111111111111 6
0(
0'
b1111111111111111 #
b100010110101001 :
b100010110101001 %
b100010110101001 &
b100010110101001 3
b100010110101001 ;
b0 7
b100010110101010 $
b100010110101010 8
b100010110101010 9
0,
12
0-
01
#318
1(
1'
b1100110010011100 %
b1100110010011100 &
b1100110010011100 3
b1100110010011100 ;
b1100110010011100 :
b1100110010011101 #
b1100110010011101 6
b1100110010011101 7
b1111111111111111 $
b1111111111111111 8
b0 9
0.
02
1-
11
#319
0(
0'
b1001001000111 %
b1001001000111 &
b1001001000111 3
b1001001000111 ;
b1001001000111 :
b100010110101010 $
b100010110101010 8
b100010110101010 9
0-
01
#320
0(
0'
b1000011011110010 :
b111100100001101 %
b111100100001101 &
b111100100001101 3
b111100100001101 ;
b1011101001010101 $
b1011101001010101 8
1,
1-
#321
1(
1'
b1000011011110011 %
b1000011011110011 &
b1000011011110011 3
b1000011011110011 ;
b111100100001100 :
b11001101100010 #
b11001101100010 6
b100010110101010 $
b100010110101010 8
1.
0-
#322
0(
0'
b100010010001000 %
b100010010001000 &
b100010010001000 3
b100010010001000 ;
b100010010001000 :
b1100110010011101 #
b1100110010011101 6
0,
0)
0.
#323
b11001001000000 :
1(
1'
b1100110110111111 %
b1100110110111111 &
b1100110110111111 3
b1100110110111111 ;
b11001101100010 #
b11001101100010 6
b1011101001010101 $
b1011101001010101 8
1,
1.
1-
#324
0(
0'
1!
b0 %
1"
b0 &
b0 3
b0 ;
b0 :
b0 #
b0 6
b0 $
b0 8
b0 7
b0 9
0,
1)
0.
12
0-
11
b1011100000010011 0
b1011100000010011 5
b11111010010110 /
b11111010010110 4
b10010 +
#325
0(
0'
0!
b1111111111111110 :
b1 %
0"
b1 &
b1 3
b1 ;
b1111111111111111 #
b1111111111111111 6
b1111111111111111 $
b1111111111111111 8
1,
1.
1-
#326
1(
1'
b1111111111111111 :
b1111111111111111 %
b1111111111111111 &
b1111111111111111 3
b1111111111111111 ;
b0 #
b0 6
0,
0.
#327
0(
0'
0!
b11111010010110 %
0"
b11111010010110 &
b11111010010110 3
b11111010010110 ;
b11111010010110 :
b1111111111111111 #
b1111111111111111 6
b11111010010110 $
b11111010010110 8
b11111010010110 9
0)
1.
0-
01
#328
1(
1'
b1011100000010011 %
b1011100000010011 &
b1011100000010011 3
b1011100000010011 ;
b1011100000010011 :
b1011100000010011 #
b1011100000010011 6
b1011100000010011 7
b1111111111111111 $
b1111111111111111 8
b0 9
0.
02
1-
11
#329
b11111010010110 :
1(
1'
b1100000101101001 %
b1100000101101001 &
b1100000101101001 3
b1100000101101001 ;
b1111111111111111 #
b1111111111111111 6
b0 7
b11111010010110 $
b11111010010110 8
b11111010010110 9
1,
1.
12
0-
01
#330
0(
0'
b100011111101100 %
b100011111101100 &
b100011111101100 3
b100011111101100 ;
b1011100000010011 :
b1011100000010011 #
b1011100000010011 6
b1011100000010011 7
b1111111111111111 $
b1111111111111111 8
b0 9
0.
02
1-
11
#331
1(
1'
b1100000101101010 &
b1100000101101010 3
b1100000101101010 ;
b1100000101101010 %
b11111010010101 :
b1111111111111111 #
b1111111111111111 6
b0 7
b11111010010110 $
b11111010010110 8
b11111010010110 9
1)
1.
12
0-
01
#332
0(
0'
b100011111101101 %
b100011111101101 &
b100011111101101 3
b100011111101101 ;
b1011100000010010 :
b1011100000010011 #
b1011100000010011 6
b1011100000010011 7
b1111111111111111 $
b1111111111111111 8
b0 9
0.
02
1-
11
#333
0(
0'
b11111010010111 %
b11111010010111 &
b11111010010111 3
b11111010010111 ;
b1100000101101001 8
b1100000101101000 :
b1100000101101001 $
b1111111111111111 #
b1111111111111111 6
b0 7
b11111010010110 9
1.
12
01
#334
1(
1'
b1011100000010100 &
b1011100000010100 3
b1011100000010100 ;
b1011100000010100 %
b100011111101011 :
b100011111101100 6
b1111111111111111 8
b100011111101100 #
b1111111111111111 $
b1011100000010011 7
b0 9
02
11
#335
b1111111111111111 6
0(
0'
b1111111111111111 #
b11111010010101 :
b11111010010101 %
b11111010010101 &
b11111010010101 3
b11111010010101 ;
b0 7
b11111010010110 $
b11111010010110 8
b11111010010110 9
0,
12
0-
01
#336
1(
1'
b1011100000010010 %
b1011100000010010 &
b1011100000010010 3
b1011100000010010 ;
b1011100000010010 :
b1011100000010011 #
b1011100000010011 6
b1011100000010011 7
b1111111111111111 $
b1111111111111111 8
b0 9
0.
02
1-
11
#337
b1111011010101001 %
b1111011010101001 &
b1111011010101001 3
b1111011010101001 ;
b1111011010101001 :
b11111010010110 $
b11111010010110 8
b11111010010110 9
0-
01
#338
1(
1'
b111100101111100 :
b1000011010000011 %
b1000011010000011 &
b1000011010000011 3
b1000011010000011 ;
b1100000101101001 $
b1100000101101001 8
1,
1-
#339
0(
0'
b111100101111101 %
b111100101111101 &
b111100101111101 3
b111100101111101 ;
b1000011010000010 :
b100011111101100 #
b100011111101100 6
b11111010010110 $
b11111010010110 8
1.
0-
#340
b11100000010010 %
b11100000010010 &
b11100000010010 3
b11100000010010 ;
b11100000010010 :
b1011100000010011 #
b1011100000010011 6
0,
0)
0.
#341
b100000101101000 :
1(
1'
b1011111010010111 %
b1011111010010111 &
b1011111010010111 3
b1011111010010111 ;
b100011111101100 #
b100011111101100 6
b1100000101101001 $
b1100000101101001 8
1,
1.
1-
#342
0(
0'
1!
b0 %
1"
b0 &
b0 3
b0 ;
b0 :
b0 #
b0 6
b0 $
b0 8
b0 7
b0 9
0,
1)
0.
12
0-
11
b1101011001010011 0
b1101011001010011 5
b11100000001101 /
b11100000001101 4
b10011 +
#343
0(
0'
0!
b1111111111111110 :
b1 %
0"
b1 &
b1 3
b1 ;
b1111111111111111 #
b1111111111111111 6
b1111111111111111 $
b1111111111111111 8
1,
1.
1-
#344
1(
1'
b1111111111111111 :
b1111111111111111 %
b1111111111111111 &
b1111111111111111 3
b1111111111111111 ;
b0 #
b0 6
0,
0.
#345
0(
0'
0!
b11100000001101 %
0"
b11100000001101 &
b11100000001101 3
b11100000001101 ;
b11100000001101 :
b1111111111111111 #
b1111111111111111 6
b11100000001101 $
b11100000001101 8
b11100000001101 9
0)
1.
0-
01
#346
1(
1'
b1101011001010011 %
b1101011001010011 &
b1101011001010011 3
b1101011001010011 ;
b1101011001010011 :
b1101011001010011 #
b1101011001010011 6
b1101011001010011 7
b1111111111111111 $
b1111111111111111 8
b0 9
0.
02
1-
11
#347
b11100000001101 :
1(
1'
b1100011111110010 %
b1100011111110010 &
b1100011111110010 3
b1100011111110010 ;
b1111111111111111 #
b1111111111111111 6
b0 7
b11100000001101 $
b11100000001101 8
b11100000001101 9
1,
1.
12
0-
01
#348
0(
0'
b10100110101100 %
b10100110101100 &
b10100110101100 3
b10100110101100 ;
b1101011001010011 :
b1101011001010011 #
b1101011001010011 6
b1101011001010011 7
b1111111111111111 $
b1111111111111111 8
b0 9
0.
02
1-
11
#349
1(
1'
b1100011111110011 &
b1100011111110011 3
b1100011111110011 ;
b1100011111110011 %
b11100000001100 :
b1111111111111111 #
b1111111111111111 6
b0 7
b11100000001101 $
b11100000001101 8
b11100000001101 9
1)
1.
12
0-
01
#350
0(
0'
b10100110101101 %
b10100110101101 &
b10100110101101 3
b10100110101101 ;
b1101011001010010 :
b1101011001010011 #
b1101011001010011 6
b1101011001010011 7
b1111111111111111 $
b1111111111111111 8
b0 9
0.
02
1-
11
#351
0(
0'
b11100000001110 %
b11100000001110 &
b11100000001110 3
b11100000001110 ;
b1100011111110010 8
b1100011111110001 :
b1100011111110010 $
b1111111111111111 #
b1111111111111111 6
b0 7
b11100000001101 9
1.
12
01
#352
1(
1'
b1101011001010100 &
b1101011001010100 3
b1101011001010100 ;
b1101011001010100 %
b10100110101011 :
b10100110101100 6
b1111111111111111 8
b10100110101100 #
b1111111111111111 $
b1101011001010011 7
b0 9
02
11
#353
b1111111111111111 6
0(
0'
b1111111111111111 #
b11100000001100 :
b11100000001100 %
b11100000001100 &
b11100000001100 3
b11100000001100 ;
b0 7
b11100000001101 $
b11100000001101 8
b11100000001101 9
0,
12
0-
01
#354
1(
1'
b1101011001010010 %
b1101011001010010 &
b1101011001010010 3
b1101011001010010 ;
b1101011001010010 :
b1101011001010011 #
b1101011001010011 6
b1101011001010011 7
b1111111111111111 $
b1111111111111111 8
b0 9
0.
02
1-
11
#355
0(
0'
b111001100000 %
b111001100000 &
b111001100000 3
b111001100000 ;
b111001100000 :
b11100000001101 $
b11100000001101 8
b11100000001101 9
0-
01
#356
0(
0'
b1001111001000101 :
b110000110111010 %
b110000110111010 &
b110000110111010 3
b110000110111010 ;
b1100011111110010 $
b1100011111110010 8
1,
1-
#357
1(
1'
b1001111001000110 %
b1001111001000110 &
b1001111001000110 3
b1001111001000110 ;
b110000110111001 :
b10100110101100 #
b10100110101100 6
b11100000001101 $
b11100000001101 8
1.
0-
#358
0(
0'
b1000000000001 %
b1000000000001 &
b1000000000001 3
b1000000000001 ;
b1000000000001 :
b1101011001010011 #
b1101011001010011 6
0,
0)
0.
#359
b110100000 :
1(
1'
b1111111001011111 %
b1111111001011111 &
b1111111001011111 3
b1111111001011111 ;
b10100110101100 #
b10100110101100 6
b1100011111110010 $
b1100011111110010 8
1,
1.
1-
#360
0(
0'
1!
b0 %
1"
b0 &
b0 3
b0 ;
b0 :
b0 #
b0 6
b0 $
b0 8
b0 7
b0 9
0,
1)
0.
12
0-
11
b10101011010101 0
b10101011010101 5
b1101110101101011 /
b1101110101101011 4
b10100 +
#361
0(
0'
0!
b1111111111111110 :
b1 %
0"
b1 &
b1 3
b1 ;
b1111111111111111 #
b1111111111111111 6
b1111111111111111 $
b1111111111111111 8
1,
1.
1-
#362
1(
1'
b1111111111111111 :
b1111111111111111 %
b1111111111111111 &
b1111111111111111 3
b1111111111111111 ;
b0 #
b0 6
0,
0.
#363
1(
1'
0!
b1101110101101011 %
0"
b1101110101101011 &
b1101110101101011 3
b1101110101101011 ;
b1101110101101011 :
b1111111111111111 #
b1111111111111111 6
b1101110101101011 $
b1101110101101011 8
b1101110101101011 9
0)
1.
0-
01
#364
0(
0'
b10101011010101 %
b10101011010101 &
b10101011010101 3
b10101011010101 ;
b10101011010101 :
b10101011010101 #
b10101011010101 6
b10101011010101 7
b1111111111111111 $
b1111111111111111 8
b0 9
0.
02
1-
11
#365
b1101110101101011 :
0(
0'
b10001010010100 %
b10001010010100 &
b10001010010100 3
b10001010010100 ;
b1111111111111111 #
b1111111111111111 6
b0 7
b1101110101101011 $
b1101110101101011 8
b1101110101101011 9
1,
1.
12
0-
01
#366
1(
1'
b1101010100101010 %
b1101010100101010 &
b1101010100101010 3
b1101010100101010 ;
b10101011010101 :
b10101011010101 #
b10101011010101 6
b10101011010101 7
b1111111111111111 $
b1111111111111111 8
b0 9
0.
02
1-
11
#367
0(
0'
b10001010010101 &
b10001010010101 3
b10001010010101 ;
b10001010010101 %
b1101110101101010 :
b1111111111111111 #
b1111111111111111 6
b0 7
b1101110101101011 $
b1101110101101011 8
b1101110101101011 9
1)
1.
12
0-
01
#368
1(
1'
b1101010100101011 %
b1101010100101011 &
b1101010100101011 3
b1101010100101011 ;
b10101011010100 :
b10101011010101 #
b10101011010101 6
b10101011010101 7
b1111111111111111 $
b1111111111111111 8
b0 9
0.
02
1-
11
#369
1(
1'
b1101110101101100 %
b1101110101101100 &
b1101110101101100 3
b1101110101101100 ;
b10001010010100 8
b10001010010011 :
b10001010010100 $
b1111111111111111 #
b1111111111111111 6
b0 7
b1101110101101011 9
1.
12
01
#370
0(
0'
b10101011010110 &
b10101011010110 3
b10101011010110 ;
b10101011010110 %
b1101010100101001 :
b1101010100101010 6
b1111111111111111 8
b1101010100101010 #
b1111111111111111 $
b10101011010101 7
b0 9
02
11
#371
b1111111111111111 6
1(
1'
b1111111111111111 #
b1101110101101010 :
b1101110101101010 %
b1101110101101010 &
b1101110101101010 3
b1101110101101010 ;
b0 7
b1101110101101011 $
b1101110101101011 8
b1101110101101011 9
0,
12
0-
01
#372
0(
0'
b10101011010100 %
b10101011010100 &
b10101011010100 3
b10101011010100 ;
b10101011010100 :
b10101011010101 #
b10101011010101 6
b10101011010101 7
b1111111111111111 $
b1111111111111111 8
b0 9
0.
02
1-
11
#373
b100001000000 %
b100001000000 &
b100001000000 3
b100001000000 ;
b100001000000 :
b1101110101101011 $
b1101110101101011 8
b1101110101101011 9
0-
01
#374
1(
1'
b100110101101001 :
b1011001010010110 %
b1011001010010110 &
b1011001010010110 3
b1011001010010110 ;
b10001010010100 $
b10001010010100 8
1,
1-
#375
0(
0'
b100110101101010 %
b100110101101010 &
b100110101101010 3
b100110101101010 ;
b1011001010010101 :
b1101010100101010 #
b1101010100101010 6
b1101110101101011 $
b1101110101101011 8
1.
0-
#376
0(
0'
b100001000001 %
b100001000001 &
b100001000001 3
b100001000001 ;
b100001000001 :
b10101011010101 #
b10101011010101 6
0,
0)
0.
#377
b0 :
1(
1'
b1111111111111111 %
b1111111111111111 &
b1111111111111111 3
b1111111111111111 ;
b1101010100101010 #
b1101010100101010 6
b10001010010100 $
b10001010010100 8
1,
1.
1-
#378
0(
0'
1!
b0 %
1"
b0 &
b0 3
b0 ;
b0 #
b0 6
b0 $
b0 8
b0 7
b0 9
0,
1)
0.
12
0-
11
b11111010101110 0
b11111010101110 5
b100101000000010 /
b100101000000010 4
b10101 +
#379
0(
0'
0!
b1111111111111110 :
b1 %
0"
b1 &
b1 3
b1 ;
b1111111111111111 #
b1111111111111111 6
b1111111111111111 $
b1111111111111111 8
1,
1.
1-
#380
1(
1'
b1111111111111111 :
b1111111111111111 %
b1111111111111111 &
b1111111111111111 3
b1111111111111111 ;
b0 #
b0 6
0,
0.
#381
0(
0'
0!
b100101000000010 %
0"
b100101000000010 &
b100101000000010 3
b100101000000010 ;
b100101000000010 :
b1111111111111111 #
b1111111111111111 6
b100101000000010 $
b100101000000010 8
b100101000000010 9
0)
1.
0-
01
#382
b11111010101110 %
b11111010101110 &
b11111010101110 3
b11111010101110 ;
b11111010101110 :
b11111010101110 #
b11111010101110 6
b11111010101110 7
b1111111111111111 $
b1111111111111111 8
b0 9
0.
02
1-
11
#383
b100101000000010 :
1(
1'
b1011010111111101 %
b1011010111111101 &
b1011010111111101 3
b1011010111111101 ;
b1111111111111111 #
b1111111111111111 6
b0 7
b100101000000010 $
b100101000000010 8
b100101000000010 9
1,
1.
12
0-
01
#384
b1100000101010001 %
b1100000101010001 &
b1100000101010001 3
b1100000101010001 ;
b11111010101110 :
b11111010101110 #
b11111010101110 6
b11111010101110 7
b1111111111111111 $
b1111111111111111 8
b0 9
0.
02
1-
11
#385
b1011010111111110 &
b1011010111111110 3
b1011010111111110 ;
b1011010111111110 %
b100101000000001 :
b1111111111111111 #
b1111111111111111 6
b0 7
b100101000000010 $
b100101000000010 8
b100101000000010 9
1)
1.
12
0-
01
#386
1(
1'
b1100000101010010 %
b1100000101010010 &
b1100000101010010 3
b1100000101010010 ;
b11111010101101 :
b11111010101110 #
b11111010101110 6
b11111010101110 7
b1111111111111111 $
b1111111111111111 8
b0 9
0.
02
1-
11
#387
0(
0'
b100101000000011 %
b100101000000011 &
b100101000000011 3
b100101000000011 ;
b1011010111111101 8
b1011010111111100 :
b1011010111111101 $
b1111111111111111 #
b1111111111111111 6
b0 7
b100101000000010 9
1.
12
01
#388
b11111010101111 &
b11111010101111 3
b11111010101111 ;
b11111010101111 %
b1100000101010000 :
b1100000101010001 6
b1111111111111111 8
b1100000101010001 #
b1111111111111111 $
b11111010101110 7
b0 9
02
11
#389
b1111111111111111 6
0(
0'
b1111111111111111 #
b100101000000001 :
b100101000000001 %
b100101000000001 &
b100101000000001 3
b100101000000001 ;
b0 7
b100101000000010 $
b100101000000010 8
b100101000000010 9
0,
12
0-
01
#390
0(
0'
b11111010101101 %
b11111010101101 &
b11111010101101 3
b11111010101101 ;
b11111010101101 :
b11111010101110 #
b11111010101110 6
b11111010101110 7
b1111111111111111 $
b1111111111111111 8
b0 9
0.
02
1-
11
#391
1(
1'
b1000100010110000 %
b1000100010110000 &
b1000100010110000 3
b1000100010110000 ;
b1000100010110000 :
b100101000000010 $
b100101000000010 8
b100101000000010 9
0-
01
#392
0(
0'
b1111010010101011 :
b101101010100 %
b101101010100 &
b101101010100 3
b101101010100 ;
b1011010111111101 $
b1011010111111101 8
1,
1-
#393
1(
1'
b1111010010101100 %
b1111010010101100 &
b1111010010101100 3
b1111010010101100 ;
b101101010011 :
b1100000101010001 #
b1100000101010001 6
b100101000000010 $
b100101000000010 8
1.
0-
#394
0(
0'
b101000000010 %
b101000000010 &
b101000000010 3
b101000000010 ;
b101000000010 :
b11111010101110 #
b11111010101110 6
0,
0)
0.
#395
b1000000101010001 :
0(
0'
b111111010101110 %
b111111010101110 &
b111111010101110 3
b111111010101110 ;
b1100000101010001 #
b1100000101010001 6
b1011010111111101 $
b1011010111111101 8
1,
1.
1-
#396
1!
b0 %
1"
b0 &
b0 3
b0 ;
b0 :
b0 #
b0 6
b0 $
b0 8
b0 7
b0 9
0,
1)
0.
12
0-
11
b111001011001111 0
b111001011001111 5
b1110100100011101 /
b1110100100011101 4
b10110 +
#397
0(
0'
0!
b1111111111111110 :
b1 %
0"
b1 &
b1 3
b1 ;
b1111111111111111 #
b1111111111111111 6
b1111111111111111 $
b1111111111111111 8
1,
1.
1-
#398
1(
1'
b1111111111111111 :
b1111111111111111 %
b1111111111111111 &
b1111111111111111 3
b1111111111111111 ;
b0 #
b0 6
0,
0.
#399
1(
1'
0!
b1110100100011101 %
0"
b1110100100011101 &
b1110100100011101 3
b1110100100011101 ;
b1110100100011101 :
b1111111111111111 #
b1111111111111111 6
b1110100100011101 $
b1110100100011101 8
b1110100100011101 9
0)
1.
0-
01
#400
0(
0'
b111001011001111 %
b111001011001111 &
b111001011001111 3
b111001011001111 ;
b111001011001111 :
b111001011001111 #
b111001011001111 6
b111001011001111 7
b1111111111111111 $
b1111111111111111 8
b0 9
0.
02
1-
11
#401
b1110100100011101 :
0(
0'
b1011011100010 %
b1011011100010 &
b1011011100010 3
b1011011100010 ;
b1111111111111111 #
b1111111111111111 6
b0 7
b1110100100011101 $
b1110100100011101 8
b1110100100011101 9
1,
1.
12
0-
01
#402
1(
1'
b1000110100110000 %
b1000110100110000 &
b1000110100110000 3
b1000110100110000 ;
b111001011001111 :
b111001011001111 #
b111001011001111 6
b111001011001111 7
b1111111111111111 $
b1111111111111111 8
b0 9
0.
02
1-
11
#403
0(
0'
b1011011100011 &
b1011011100011 3
b1011011100011 ;
b1011011100011 %
b1110100100011100 :
b1111111111111111 #
b1111111111111111 6
b0 7
b1110100100011101 $
b1110100100011101 8
b1110100100011101 9
1)
1.
12
0-
01
#404
1(
1'
b1000110100110001 %
b1000110100110001 &
b1000110100110001 3
b1000110100110001 ;
b111001011001110 :
b111001011001111 #
b111001011001111 6
b111001011001111 7
b1111111111111111 $
b1111111111111111 8
b0 9
0.
02
1-
11
#405
1(
1'
b1110100100011110 %
b1110100100011110 &
b1110100100011110 3
b1110100100011110 ;
b1011011100010 8
b1011011100001 :
b1011011100010 $
b1111111111111111 #
b1111111111111111 6
b0 7
b1110100100011101 9
1.
12
01
#406
0(
0'
b111001011010000 &
b111001011010000 3
b111001011010000 ;
b111001011010000 %
b1000110100101111 :
b1000110100110000 6
b1111111111111111 8
b1000110100110000 #
b1111111111111111 $
b111001011001111 7
b0 9
02
11
#407
b1111111111111111 6
1(
1'
b1111111111111111 #
b1110100100011100 :
b1110100100011100 %
b1110100100011100 &
b1110100100011100 3
b1110100100011100 ;
b0 7
b1110100100011101 $
b1110100100011101 8
b1110100100011101 9
0,
12
0-
01
#408
0(
0'
b111001011001110 %
b111001011001110 &
b111001011001110 3
b111001011001110 ;
b111001011001110 :
b111001011001111 #
b111001011001111 6
b111001011001111 7
b1111111111111111 $
b1111111111111111 8
b0 9
0.
02
1-
11
#409
b101101111101100 %
b101101111101100 &
b101101111101100 3
b101101111101100 ;
b101101111101100 :
b1110100100011101 $
b1110100100011101 8
b1110100100011101 9
0-
01
#410
0(
0'
b1000100110110001 :
b111011001001110 %
b111011001001110 &
b111011001001110 3
b111011001001110 ;
b1011011100010 $
b1011011100010 8
1,
1-
#411
1(
1'
b1000100110110010 %
b1000100110110010 &
b1000100110110010 3
b1000100110110010 ;
b111011001001101 :
b1000110100110000 #
b1000110100110000 6
b1110100100011101 $
b1110100100011101 8
1.
0-
#412
0(
0'
b110000000001101 %
b110000000001101 &
b110000000001101 3
b110000000001101 ;
b110000000001101 :
b111001011001111 #
b111001011001111 6
0,
0)
0.
#413
b10000100000 :
1(
1'
b1111101111011111 %
b1111101111011111 &
b1111101111011111 3
b1111101111011111 ;
b1000110100110000 #
b1000110100110000 6
b1011011100010 $
b1011011100010 8
1,
1.
1-
#414
0(
0'
1!
b0 %
1"
b0 &
b0 3
b0 ;
b0 :
b0 #
b0 6
b0 $
b0 8
b0 7
b0 9
0,
1)
0.
12
0-
11
b110010100001010 0
b110010100001010 5
b100100100100011 /
b100100100100011 4
b10111 +
#415
0(
0'
0!
b1111111111111110 :
b1 %
0"
b1 &
b1 3
b1 ;
b1111111111111111 #
b1111111111111111 6
b1111111111111111 $
b1111111111111111 8
1,
1.
1-
#416
1(
1'
b1111111111111111 :
b1111111111111111 %
b1111111111111111 &
b1111111111111111 3
b1111111111111111 ;
b0 #
b0 6
0,
0.
#417
0(
0'
0!
b100100100100011 %
0"
b100100100100011 &
b100100100100011 3
b100100100100011 ;
b100100100100011 :
b1111111111111111 #
b1111111111111111 6
b100100100100011 $
b100100100100011 8
b100100100100011 9
0)
1.
0-
01
#418
b110010100001010 %
b110010100001010 &
b110010100001010 3
b110010100001010 ;
b110010100001010 :
b110010100001010 #
b110010100001010 6
b110010100001010 7
b1111111111111111 $
b1111111111111111 8
b0 9
0.
02
1-
11
#419
b100100100100011 :
1(
1'
b1011011011011100 %
b1011011011011100 &
b1011011011011100 3
b1011011011011100 ;
b1111111111111111 #
b1111111111111111 6
b0 7
b100100100100011 $
b100100100100011 8
b100100100100011 9
1,
1.
12
0-
01
#420
b1001101011110101 %
b1001101011110101 &
b1001101011110101 3
b1001101011110101 ;
b110010100001010 :
b110010100001010 #
b110010100001010 6
b110010100001010 7
b1111111111111111 $
b1111111111111111 8
b0 9
0.
02
1-
11
#421
1(
1'
b1011011011011101 &
b1011011011011101 3
b1011011011011101 ;
b1011011011011101 %
b100100100100010 :
b1111111111111111 #
b1111111111111111 6
b0 7
b100100100100011 $
b100100100100011 8
b100100100100011 9
1)
1.
12
0-
01
#422
b1001101011110110 %
b1001101011110110 &
b1001101011110110 3
b1001101011110110 ;
b110010100001001 :
b110010100001010 #
b110010100001010 6
b110010100001010 7
b1111111111111111 $
b1111111111111111 8
b0 9
0.
02
1-
11
#423
0(
0'
b100100100100100 %
b100100100100100 &
b100100100100100 3
b100100100100100 ;
b1011011011011100 8
b1011011011011011 :
b1011011011011100 $
b1111111111111111 #
b1111111111111111 6
b0 7
b100100100100011 9
1.
12
01
#424
b110010100001011 &
b110010100001011 3
b110010100001011 ;
b110010100001011 %
b1001101011110100 :
b1001101011110101 6
b1111111111111111 8
b1001101011110101 #
b1111111111111111 $
b110010100001010 7
b0 9
02
11
#425
b1111111111111111 6
0(
0'
b1111111111111111 #
b100100100100010 :
b100100100100010 %
b100100100100010 &
b100100100100010 3
b100100100100010 ;
b0 7
b100100100100011 $
b100100100100011 8
b100100100100011 9
0,
12
0-
01
#426
b110010100001001 %
b110010100001001 &
b110010100001001 3
b110010100001001 ;
b110010100001001 :
b110010100001010 #
b110010100001010 6
b110010100001010 7
b1111111111111111 $
b1111111111111111 8
b0 9
0.
02
1-
11
#427
1(
1'
b1010111000101101 %
b1010111000101101 &
b1010111000101101 3
b1010111000101101 ;
b1010111000101101 :
b100100100100011 $
b100100100100011 8
b100100100100011 9
0-
01
#428
1(
1'
b1101111100110 :
b1110010000011001 %
b1110010000011001 &
b1110010000011001 3
b1110010000011001 ;
b1011011011011100 $
b1011011011011100 8
1,
1-
#429
0(
0'
b1101111100111 %
b1101111100111 &
b1101111100111 3
b1101111100111 ;
b1110010000011000 :
b1001101011110101 #
b1001101011110101 6
b100100100100011 $
b100100100100011 8
1.
0-
#430
b100000100000010 %
b100000100000010 &
b100000100000010 3
b100000100000010 ;
b100000100000010 :
b110010100001010 #
b110010100001010 6
0,
0)
0.
#431
b1001001011010100 :
0(
0'
b110110100101011 %
b110110100101011 &
b110110100101011 3
b110110100101011 ;
b1001101011110101 #
b1001101011110101 6
b1011011011011100 $
b1011011011011100 8
1,
1.
1-
#432
1!
b0 %
1"
b0 &
b0 3
b0 ;
b0 :
b0 #
b0 6
b0 $
b0 8
b0 7
b0 9
0,
1)
0.
12
0-
11
b100110000111100 0
b100110000111100 5
b101011001010 /
b101011001010 4
b11000 +
#433
0(
0'
0!
b1111111111111110 :
b1 %
0"
b1 &
b1 3
b1 ;
b1111111111111111 #
b1111111111111111 6
b1111111111111111 $
b1111111111111111 8
1,
1.
1-
#434
1(
1'
b1111111111111111 :
b1111111111111111 %
b1111111111111111 &
b1111111111111111 3
b1111111111111111 ;
b0 #
b0 6
0,
0.
#435
0(
0'
0!
b101011001010 %
0"
b101011001010 &
b101011001010 3
b101011001010 ;
b101011001010 :
b1111111111111111 #
b1111111111111111 6
b101011001010 $
b101011001010 8
b101011001010 9
0)
1.
0-
01
#436
b100110000111100 %
b100110000111100 &
b100110000111100 3
b100110000111100 ;
b100110000111100 :
b100110000111100 #
b100110000111100 6
b100110000111100 7
b1111111111111111 $
b1111111111111111 8
b0 9
0.
02
1-
11
#437
b101011001010 :
1(
1'
b1111010100110101 %
b1111010100110101 &
b1111010100110101 3
b1111010100110101 ;
b1111111111111111 #
b1111111111111111 6
b0 7
b101011001010 $
b101011001010 8
b101011001010 9
1,
1.
12
0-
01
#438
b1011001111000011 %
b1011001111000011 &
b1011001111000011 3
b1011001111000011 ;
b100110000111100 :
b100110000111100 #
b100110000111100 6
b100110000111100 7
b1111111111111111 $
b1111111111111111 8
b0 9
0.
02
1-
11
#439
1(
1'
b1111010100110110 &
b1111010100110110 3
b1111010100110110 ;
b1111010100110110 %
b101011001001 :
b1111111111111111 #
b1111111111111111 6
b0 7
b101011001010 $
b101011001010 8
b101011001010 9
1)
1.
12
0-
01
#440
b1011001111000100 %
b1011001111000100 &
b1011001111000100 3
b1011001111000100 ;
b100110000111011 :
b100110000111100 #
b100110000111100 6
b100110000111100 7
b1111111111111111 $
b1111111111111111 8
b0 9
0.
02
1-
11
#441
0(
0'
b101011001011 %
b101011001011 &
b101011001011 3
b101011001011 ;
b1111010100110101 8
b1111010100110100 :
b1111010100110101 $
b1111111111111111 #
b1111111111111111 6
b0 7
b101011001010 9
1.
12
01
#442
b100110000111101 &
b100110000111101 3
b100110000111101 ;
b100110000111101 %
b1011001111000010 :
b1011001111000011 6
b1111111111111111 8
b1011001111000011 #
b1111111111111111 $
b100110000111100 7
b0 9
02
11
#443
b1111111111111111 6
0(
0'
b1111111111111111 #
b101011001001 :
b101011001001 %
b101011001001 &
b101011001001 3
b101011001001 ;
b0 7
b101011001010 $
b101011001010 8
b101011001010 9
0,
12
0-
01
#444
b100110000111011 %
b100110000111011 &
b100110000111011 3
b100110000111011 ;
b100110000111011 :
b100110000111100 #
b100110000111100 6
b100110000111100 7
b1111111111111111 $
b1111111111111111 8
b0 9
0.
02
1-
11
#445
b101011100000110 %
b101011100000110 &
b101011100000110 3
b101011100000110 ;
b101011100000110 :
b101011001010 $
b101011001010 8
b101011001010 9
0-
01
#446
1(
1'
b100000101110001 :
b1011111010001110 %
b1011111010001110 &
b1011111010001110 3
b1011111010001110 ;
b1111010100110101 $
b1111010100110101 8
1,
1-
#447
0(
0'
b100000101110010 %
b100000101110010 &
b100000101110010 3
b100000101110010 ;
b1011111010001101 :
b1011001111000011 #
b1011001111000011 6
b101011001010 $
b101011001010 8
1.
0-
#448
b100000001000 %
b100000001000 &
b100000001000 3
b100000001000 ;
b100000001000 :
b100110000111100 #
b100110000111100 6
0,
0)
0.
#449
b1011000100000001 :
0(
0'
b100111011111110 %
b100111011111110 &
b100111011111110 3
b100111011111110 ;
b1011001111000011 #
b1011001111000011 6
b1111010100110101 $
b1111010100110101 8
1,
1.
1-
#450
1!
b0 %
1"
b0 &
b0 3
b0 ;
b0 :
b0 #
b0 6
b0 $
b0 8
b0 7
b0 9
0,
1)
0.
12
0-
11
b110000110001010 0
b110000110001010 5
b1011110111110010 /
b1011110111110010 4
b11001 +
#451
0(
0'
0!
b1111111111111110 :
b1 %
0"
b1 &
b1 3
b1 ;
b1111111111111111 #
b1111111111111111 6
b1111111111111111 $
b1111111111111111 8
1,
1.
1-
#452
1(
1'
b1111111111111111 :
b1111111111111111 %
b1111111111111111 &
b1111111111111111 3
b1111111111111111 ;
b0 #
b0 6
0,
0.
#453
1(
1'
0!
b1011110111110010 %
0"
b1011110111110010 &
b1011110111110010 3
b1011110111110010 ;
b1011110111110010 :
b1111111111111111 #
b1111111111111111 6
b1011110111110010 $
b1011110111110010 8
b1011110111110010 9
0)
1.
0-
01
#454
0(
0'
b110000110001010 %
b110000110001010 &
b110000110001010 3
b110000110001010 ;
b110000110001010 :
b110000110001010 #
b110000110001010 6
b110000110001010 7
b1111111111111111 $
b1111111111111111 8
b0 9
0.
02
1-
11
#455
b1011110111110010 :
0(
0'
b100001000001101 %
b100001000001101 &
b100001000001101 3
b100001000001101 ;
b1111111111111111 #
b1111111111111111 6
b0 7
b1011110111110010 $
b1011110111110010 8
b1011110111110010 9
1,
1.
12
0-
01
#456
1(
1'
b1001111001110101 %
b1001111001110101 &
b1001111001110101 3
b1001111001110101 ;
b110000110001010 :
b110000110001010 #
b110000110001010 6
b110000110001010 7
b1111111111111111 $
b1111111111111111 8
b0 9
0.
02
1-
11
#457
0(
0'
b100001000001110 &
b100001000001110 3
b100001000001110 ;
b100001000001110 %
b1011110111110001 :
b1111111111111111 #
b1111111111111111 6
b0 7
b1011110111110010 $
b1011110111110010 8
b1011110111110010 9
1)
1.
12
0-
01
#458
1(
1'
b1001111001110110 %
b1001111001110110 &
b1001111001110110 3
b1001111001110110 ;
b110000110001001 :
b110000110001010 #
b110000110001010 6
b110000110001010 7
b1111111111111111 $
b1111111111111111 8
b0 9
0.
02
1-
11
#459
1(
1'
b1011110111110011 %
b1011110111110011 &
b1011110111110011 3
b1011110111110011 ;
b100001000001101 8
b100001000001100 :
b100001000001101 $
b1111111111111111 #
b1111111111111111 6
b0 7
b1011110111110010 9
1.
12
01
#460
0(
0'
b110000110001011 &
b110000110001011 3
b110000110001011 ;
b110000110001011 %
b1001111001110100 :
b1001111001110101 6
b1111111111111111 8
b1001111001110101 #
b1111111111111111 $
b110000110001010 7
b0 9
02
11
#461
b1111111111111111 6
1(
1'
b1111111111111111 #
b1011110111110001 :
b1011110111110001 %
b1011110111110001 &
b1011110111110001 3
b1011110111110001 ;
b0 7
b1011110111110010 $
b1011110111110010 8
b1011110111110010 9
0,
12
0-
01
#462
0(
0'
b110000110001001 %
b110000110001001 &
b110000110001001 3
b110000110001001 ;
b110000110001001 :
b110000110001010 #
b110000110001010 6
b110000110001010 7
b1111111111111111 $
b1111111111111111 8
b0 9
0.
02
1-
11
#463
b1111101111100 %
b1111101111100 &
b1111101111100 3
b1111101111100 ;
b1111101111100 :
b1011110111110010 $
b1011110111110010 8
b1011110111110010 9
0-
01
#464
0(
0'
b1010001110010111 :
b101110001101000 %
b101110001101000 &
b101110001101000 3
b101110001101000 ;
b100001000001101 $
b100001000001101 8
1,
1-
#465
1(
1'
b1010001110011000 %
b1010001110011000 &
b1010001110011000 3
b1010001110011000 ;
b101110001100111 :
b1001111001110101 #
b1001111001110101 6
b1011110111110010 $
b1011110111110010 8
1.
0-
#466
0(
0'
b10000110000010 %
b10000110000010 &
b10000110000010 3
b10000110000010 ;
b10000110000010 :
b110000110001010 #
b110000110001010 6
0,
0)
0.
#467
b1000000101 :
1(
1'
b1111110111111010 %
b1111110111111010 &
b1111110111111010 3
b1111110111111010 ;
b1001111001110101 #
b1001111001110101 6
b100001000001101 $
b100001000001101 8
1,
1.
1-
#468
0(
0'
1!
b0 %
1"
b0 &
b0 3
b0 ;
b0 :
b0 #
b0 6
b0 $
b0 8
b0 7
b0 9
0,
1)
0.
12
0-
11
b11010011011000 0
b11010011011000 5
b1011001101000001 /
b1011001101000001 4
b11010 +
#469
0(
0'
0!
b1111111111111110 :
b1 %
0"
b1 &
b1 3
b1 ;
b1111111111111111 #
b1111111111111111 6
b1111111111111111 $
b1111111111111111 8
1,
1.
1-
#470
1(
1'
b1111111111111111 :
b1111111111111111 %
b1111111111111111 &
b1111111111111111 3
b1111111111111111 ;
b0 #
b0 6
0,
0.
#471
1(
1'
0!
b1011001101000001 %
0"
b1011001101000001 &
b1011001101000001 3
b1011001101000001 ;
b1011001101000001 :
b1111111111111111 #
b1111111111111111 6
b1011001101000001 $
b1011001101000001 8
b1011001101000001 9
0)
1.
0-
01
#472
0(
0'
b11010011011000 %
b11010011011000 &
b11010011011000 3
b11010011011000 ;
b11010011011000 :
b11010011011000 #
b11010011011000 6
b11010011011000 7
b1111111111111111 $
b1111111111111111 8
b0 9
0.
02
1-
11
#473
b1011001101000001 :
0(
0'
b100110010111110 %
b100110010111110 &
b100110010111110 3
b100110010111110 ;
b1111111111111111 #
b1111111111111111 6
b0 7
b1011001101000001 $
b1011001101000001 8
b1011001101000001 9
1,
1.
12
0-
01
#474
1(
1'
b1100101100100111 %
b1100101100100111 &
b1100101100100111 3
b1100101100100111 ;
b11010011011000 :
b11010011011000 #
b11010011011000 6
b11010011011000 7
b1111111111111111 $
b1111111111111111 8
b0 9
0.
02
1-
11
#475
0(
0'
b100110010111111 &
b100110010111111 3
b100110010111111 ;
b100110010111111 %
b1011001101000000 :
b1111111111111111 #
b1111111111111111 6
b0 7
b1011001101000001 $
b1011001101000001 8
b1011001101000001 9
1)
1.
12
0-
01
#476
1(
1'
b1100101100101000 %
b1100101100101000 &
b1100101100101000 3
b1100101100101000 ;
b11010011010111 :
b11010011011000 #
b11010011011000 6
b11010011011000 7
b1111111111111111 $
b1111111111111111 8
b0 9
0.
02
1-
11
#477
1(
1'
b1011001101000010 %
b1011001101000010 &
b1011001101000010 3
b1011001101000010 ;
b100110010111110 8
b100110010111101 :
b100110010111110 $
b1111111111111111 #
b1111111111111111 6
b0 7
b1011001101000001 9
1.
12
01
#478
0(
0'
b11010011011001 &
b11010011011001 3
b11010011011001 ;
b11010011011001 %
b1100101100100110 :
b1100101100100111 6
b1111111111111111 8
b1100101100100111 #
b1111111111111111 $
b11010011011000 7
b0 9
02
11
#479
b1111111111111111 6
1(
1'
b1111111111111111 #
b1011001101000000 :
b1011001101000000 %
b1011001101000000 &
b1011001101000000 3
b1011001101000000 ;
b0 7
b1011001101000001 $
b1011001101000001 8
b1011001101000001 9
0,
12
0-
01
#480
0(
0'
b11010011010111 %
b11010011010111 &
b11010011010111 3
b11010011010111 ;
b11010011010111 :
b11010011011000 #
b11010011011000 6
b11010011011000 7
b1111111111111111 $
b1111111111111111 8
b0 9
0.
02
1-
11
#481
1(
1'
b1110100000011001 %
b1110100000011001 &
b1110100000011001 3
b1110100000011001 ;
b1110100000011001 :
b1011001101000001 $
b1011001101000001 8
b1011001101000001 9
0-
01
#482
0(
0'
b1000000110010110 :
b111111001101001 %
b111111001101001 &
b111111001101001 3
b111111001101001 ;
b100110010111110 $
b100110010111110 8
1,
1-
#483
1(
1'
b1000000110010111 %
b1000000110010111 &
b1000000110010111 3
b1000000110010111 ;
b111111001101000 :
b1100101100100111 #
b1100101100100111 6
b1011001101000001 $
b1011001101000001 8
1.
0-
#484
0(
0'
b11000001000000 %
b11000001000000 &
b11000001000000 3
b11000001000000 ;
b11000001000000 :
b11010011011000 #
b11010011011000 6
0,
0)
0.
#485
b100100000100110 :
1(
1'
b1011011111011001 %
b1011011111011001 &
b1011011111011001 3
b1011011111011001 ;
b1100101100100111 #
b1100101100100111 6
b100110010111110 $
b100110010111110 8
1,
1.
1-
#486
0(
0'
1!
b0 %
1"
b0 &
b0 3
b0 ;
b0 :
b0 #
b0 6
b0 $
b0 8
b0 7
b0 9
0,
1)
0.
12
0-
11
b1001010001001 0
b1001010001001 5
b1111001101111000 /
b1111001101111000 4
b11011 +
#487
0(
0'
0!
b1111111111111110 :
b1 %
0"
b1 &
b1 3
b1 ;
b1111111111111111 #
b1111111111111111 6
b1111111111111111 $
b1111111111111111 8
1,
1.
1-
#488
1(
1'
b1111111111111111 :
b1111111111111111 %
b1111111111111111 &
b1111111111111111 3
b1111111111111111 ;
b0 #
b0 6
0,
0.
#489
1(
1'
0!
b1111001101111000 %
0"
b1111001101111000 &
b1111001101111000 3
b1111001101111000 ;
b1111001101111000 :
b1111111111111111 #
b1111111111111111 6
b1111001101111000 $
b1111001101111000 8
b1111001101111000 9
0)
1.
0-
01
#490
0(
0'
b1001010001001 %
b1001010001001 &
b1001010001001 3
b1001010001001 ;
b1001010001001 :
b1001010001001 #
b1001010001001 6
b1001010001001 7
b1111111111111111 $
b1111111111111111 8
b0 9
0.
02
1-
11
#491
b1111001101111000 :
0(
0'
b110010000111 %
b110010000111 &
b110010000111 3
b110010000111 ;
b1111111111111111 #
b1111111111111111 6
b0 7
b1111001101111000 $
b1111001101111000 8
b1111001101111000 9
1,
1.
12
0-
01
#492
1(
1'
b1110110101110110 %
b1110110101110110 &
b1110110101110110 3
b1110110101110110 ;
b1001010001001 :
b1001010001001 #
b1001010001001 6
b1001010001001 7
b1111111111111111 $
b1111111111111111 8
b0 9
0.
02
1-
11
#493
0(
0'
b110010001000 &
b110010001000 3
b110010001000 ;
b110010001000 %
b1111001101110111 :
b1111111111111111 #
b1111111111111111 6
b0 7
b1111001101111000 $
b1111001101111000 8
b1111001101111000 9
1)
1.
12
0-
01
#494
1(
1'
b1110110101110111 %
b1110110101110111 &
b1110110101110111 3
b1110110101110111 ;
b1001010001000 :
b1001010001001 #
b1001010001001 6
b1001010001001 7
b1111111111111111 $
b1111111111111111 8
b0 9
0.
02
1-
11
#495
1(
1'
b1111001101111001 %
b1111001101111001 &
b1111001101111001 3
b1111001101111001 ;
b110010000111 8
b110010000110 :
b110010000111 $
b1111111111111111 #
b1111111111111111 6
b0 7
b1111001101111000 9
1.
12
01
#496
0(
0'
b1001010001010 &
b1001010001010 3
b1001010001010 ;
b1001010001010 %
b1110110101110101 :
b1110110101110110 6
b1111111111111111 8
b1110110101110110 #
b1111111111111111 $
b1001010001001 7
b0 9
02
11
#497
b1111111111111111 6
1(
1'
b1111111111111111 #
b1111001101110111 :
b1111001101110111 %
b1111001101110111 &
b1111001101110111 3
b1111001101110111 ;
b0 7
b1111001101111000 $
b1111001101111000 8
b1111001101111000 9
0,
12
0-
01
#498
0(
0'
b1001010001000 %
b1001010001000 &
b1001010001000 3
b1001010001000 ;
b1001010001000 :
b1001010001001 #
b1001010001001 6
b1001010001001 7
b1111111111111111 $
b1111111111111111 8
b0 9
0.
02
1-
11
#499
b11000000001 %
b11000000001 &
b11000000001 3
b11000000001 ;
b11000000001 :
b1111001101111000 $
b1111001101111000 8
b1111001101111000 9
0-
01
#500
1(
1'
b1111100010000 :
b1110000011101111 %
b1110000011101111 &
b1110000011101111 3
b1110000011101111 ;
b110010000111 $
b110010000111 8
1,
1-
#501
0(
0'
b1111100010001 %
b1111100010001 &
b1111100010001 3
b1111100010001 ;
b1110000011101110 :
b1110110101110110 #
b1110110101110110 6
b1111001101111000 $
b1111001101111000 8
1.
0-
#502
0(
0'
b1001000001000 %
b1001000001000 &
b1001000001000 3
b1001000001000 ;
b1001000001000 :
b1001010001001 #
b1001010001001 6
0,
0)
0.
#503
b110000000110 :
1(
1'
b1111001111111001 %
b1111001111111001 &
b1111001111111001 3
b1111001111111001 ;
b1110110101110110 #
b1110110101110110 6
b110010000111 $
b110010000111 8
1,
1.
1-
#504
0(
0'
1!
b0 %
1"
b0 &
b0 3
b0 ;
b0 :
b0 #
b0 6
b0 $
b0 8
b0 7
b0 9
0,
1)
0.
12
0-
11
b110010110110110 0
b110010110110110 5
b110111101011 /
b110111101011 4
b11100 +
#505
0(
0'
0!
b1111111111111110 :
b1 %
0"
b1 &
b1 3
b1 ;
b1111111111111111 #
b1111111111111111 6
b1111111111111111 $
b1111111111111111 8
1,
1.
1-
#506
1(
1'
b1111111111111111 :
b1111111111111111 %
b1111111111111111 &
b1111111111111111 3
b1111111111111111 ;
b0 #
b0 6
0,
0.
#507
0(
0'
0!
b110111101011 %
0"
b110111101011 &
b110111101011 3
b110111101011 ;
b110111101011 :
b1111111111111111 #
b1111111111111111 6
b110111101011 $
b110111101011 8
b110111101011 9
0)
1.
0-
01
#508
b110010110110110 %
b110010110110110 &
b110010110110110 3
b110010110110110 ;
b110010110110110 :
b110010110110110 #
b110010110110110 6
b110010110110110 7
b1111111111111111 $
b1111111111111111 8
b0 9
0.
02
1-
11
#509
b110111101011 :
1(
1'
b1111001000010100 %
b1111001000010100 &
b1111001000010100 3
b1111001000010100 ;
b1111111111111111 #
b1111111111111111 6
b0 7
b110111101011 $
b110111101011 8
b110111101011 9
1,
1.
12
0-
01
#510
b1001101001001001 %
b1001101001001001 &
b1001101001001001 3
b1001101001001001 ;
b110010110110110 :
b110010110110110 #
b110010110110110 6
b110010110110110 7
b1111111111111111 $
b1111111111111111 8
b0 9
0.
02
1-
11
#511
1(
1'
b1111001000010101 &
b1111001000010101 3
b1111001000010101 ;
b1111001000010101 %
b110111101010 :
b1111111111111111 #
b1111111111111111 6
b0 7
b110111101011 $
b110111101011 8
b110111101011 9
1)
1.
12
0-
01
#512
b1001101001001010 %
b1001101001001010 &
b1001101001001010 3
b1001101001001010 ;
b110010110110101 :
b110010110110110 #
b110010110110110 6
b110010110110110 7
b1111111111111111 $
b1111111111111111 8
b0 9
0.
02
1-
11
#513
0(
0'
b110111101100 %
b110111101100 &
b110111101100 3
b110111101100 ;
b1111001000010100 8
b1111001000010011 :
b1111001000010100 $
b1111111111111111 #
b1111111111111111 6
b0 7
b110111101011 9
1.
12
01
#514
b110010110110111 &
b110010110110111 3
b110010110110111 ;
b110010110110111 %
b1001101001001000 :
b1001101001001001 6
b1111111111111111 8
b1001101001001001 #
b1111111111111111 $
b110010110110110 7
b0 9
02
11
#515
b1111111111111111 6
0(
0'
b1111111111111111 #
b110111101010 :
b110111101010 %
b110111101010 &
b110111101010 3
b110111101010 ;
b0 7
b110111101011 $
b110111101011 8
b110111101011 9
0,
12
0-
01
#516
b110010110110101 %
b110010110110101 &
b110010110110101 3
b110010110110101 ;
b110010110110101 :
b110010110110110 #
b110010110110110 6
b110010110110110 7
b1111111111111111 $
b1111111111111111 8
b0 9
0.
02
1-
11
#517
b111001110100001 %
b111001110100001 &
b111001110100001 3
b111001110100001 ;
b111001110100001 :
b110111101011 $
b110111101011 8
b110111101011 9
0-
01
#518
1(
1'
b101011111001010 :
b1010100000110101 %
b1010100000110101 &
b1010100000110101 3
b1010100000110101 ;
b1111001000010100 $
b1111001000010100 8
1,
1-
#519
0(
0'
b101011111001011 %
b101011111001011 &
b101011111001011 3
b101011111001011 ;
b1010100000110100 :
b1001101001001001 #
b1001101001001001 6
b110111101011 $
b110111101011 8
1.
0-
#520
b10110100010 %
b10110100010 &
b10110100010 3
b10110100010 ;
b10110100010 :
b110010110110110 #
b110010110110110 6
0,
0)
0.
#521
b1001001000000000 :
0(
0'
b110110111111111 %
b110110111111111 &
b110110111111111 3
b110110111111111 ;
b1001101001001001 #
b1001101001001001 6
b1111001000010100 $
b1111001000010100 8
1,
1.
1-
#522
1!
b0 %
1"
b0 &
b0 3
b0 ;
b0 :
b0 #
b0 6
b0 $
b0 8
b0 7
b0 9
0,
1)
0.
12
0-
11
b1001110101110 0
b1001110101110 5
b1111100111000110 /
b1111100111000110 4
b11101 +
#523
0(
0'
0!
b1111111111111110 :
b1 %
0"
b1 &
b1 3
b1 ;
b1111111111111111 #
b1111111111111111 6
b1111111111111111 $
b1111111111111111 8
1,
1.
1-
#524
1(
1'
b1111111111111111 :
b1111111111111111 %
b1111111111111111 &
b1111111111111111 3
b1111111111111111 ;
b0 #
b0 6
0,
0.
#525
1(
1'
0!
b1111100111000110 %
0"
b1111100111000110 &
b1111100111000110 3
b1111100111000110 ;
b1111100111000110 :
b1111111111111111 #
b1111111111111111 6
b1111100111000110 $
b1111100111000110 8
b1111100111000110 9
0)
1.
0-
01
#526
0(
0'
b1001110101110 %
b1001110101110 &
b1001110101110 3
b1001110101110 ;
b1001110101110 :
b1001110101110 #
b1001110101110 6
b1001110101110 7
b1111111111111111 $
b1111111111111111 8
b0 9
0.
02
1-
11
#527
b1111100111000110 :
0(
0'
b11000111001 %
b11000111001 &
b11000111001 3
b11000111001 ;
b1111111111111111 #
b1111111111111111 6
b0 7
b1111100111000110 $
b1111100111000110 8
b1111100111000110 9
1,
1.
12
0-
01
#528
1(
1'
b1110110001010001 %
b1110110001010001 &
b1110110001010001 3
b1110110001010001 ;
b1001110101110 :
b1001110101110 #
b1001110101110 6
b1001110101110 7
b1111111111111111 $
b1111111111111111 8
b0 9
0.
02
1-
11
#529
0(
0'
b11000111010 &
b11000111010 3
b11000111010 ;
b11000111010 %
b1111100111000101 :
b1111111111111111 #
b1111111111111111 6
b0 7
b1111100111000110 $
b1111100111000110 8
b1111100111000110 9
1)
1.
12
0-
01
#530
1(
1'
b1110110001010010 %
b1110110001010010 &
b1110110001010010 3
b1110110001010010 ;
b1001110101101 :
b1001110101110 #
b1001110101110 6
b1001110101110 7
b1111111111111111 $
b1111111111111111 8
b0 9
0.
02
1-
11
#531
1(
1'
b1111100111000111 %
b1111100111000111 &
b1111100111000111 3
b1111100111000111 ;
b11000111001 8
b11000111000 :
b11000111001 $
b1111111111111111 #
b1111111111111111 6
b0 7
b1111100111000110 9
1.
12
01
#532
0(
0'
b1001110101111 &
b1001110101111 3
b1001110101111 ;
b1001110101111 %
b1110110001010000 :
b1110110001010001 6
b1111111111111111 8
b1110110001010001 #
b1111111111111111 $
b1001110101110 7
b0 9
02
11
#533
b1111111111111111 6
1(
1'
b1111111111111111 #
b1111100111000101 :
b1111100111000101 %
b1111100111000101 &
b1111100111000101 3
b1111100111000101 ;
b0 7
b1111100111000110 $
b1111100111000110 8
b1111100111000110 9
0,
12
0-
01
#534
0(
0'
b1001110101101 %
b1001110101101 &
b1001110101101 3
b1001110101101 ;
b1001110101101 :
b1001110101110 #
b1001110101110 6
b1001110101110 7
b1111111111111111 $
b1111111111111111 8
b0 9
0.
02
1-
11
#535
b110101110100 %
b110101110100 &
b110101110100 3
b110101110100 ;
b110101110100 :
b1111100111000110 $
b1111100111000110 8
b1111100111000110 9
0-
01
#536
1(
1'
b1100111100111 :
b1110011000011000 %
b1110011000011000 &
b1110011000011000 3
b1110011000011000 ;
b11000111001 $
b11000111001 8
1,
1-
#537
0(
0'
b1100111101000 %
b1100111101000 &
b1100111101000 3
b1100111101000 ;
b1110011000010111 :
b1110110001010001 #
b1110110001010001 6
b1111100111000110 $
b1111100111000110 8
1.
0-
#538
0(
0'
b1000110000110 %
b1000110000110 &
b1000110000110 3
b1000110000110 ;
b1000110000110 :
b1001110101110 #
b1001110101110 6
0,
0)
0.
#539
b10000010001 :
1(
1'
b1111101111101110 %
b1111101111101110 &
b1111101111101110 3
b1111101111101110 ;
b1110110001010001 #
b1110110001010001 6
b11000111001 $
b11000111001 8
1,
1.
1-
#540
0(
0'
1!
b0 %
1"
b0 &
b0 3
b0 ;
b0 :
b0 #
b0 6
b0 $
b0 8
b0 7
b0 9
0,
1)
0.
12
0-
11
b1101110100101010 0
b1101110100101010 5
b1010111100 /
b1010111100 4
b11110 +
#541
0(
0'
0!
b1111111111111110 :
b1 %
0"
b1 &
b1 3
b1 ;
b1111111111111111 #
b1111111111111111 6
b1111111111111111 $
b1111111111111111 8
1,
1.
1-
#542
1(
1'
b1111111111111111 :
b1111111111111111 %
b1111111111111111 &
b1111111111111111 3
b1111111111111111 ;
b0 #
b0 6
0,
0.
#543
0(
0'
0!
b1010111100 %
0"
b1010111100 &
b1010111100 3
b1010111100 ;
b1010111100 :
b1111111111111111 #
b1111111111111111 6
b1010111100 $
b1010111100 8
b1010111100 9
0)
1.
0-
01
#544
1(
1'
b1101110100101010 %
b1101110100101010 &
b1101110100101010 3
b1101110100101010 ;
b1101110100101010 :
b1101110100101010 #
b1101110100101010 6
b1101110100101010 7
b1111111111111111 $
b1111111111111111 8
b0 9
0.
02
1-
11
#545
b1010111100 :
1(
1'
b1111110101000011 %
b1111110101000011 &
b1111110101000011 3
b1111110101000011 ;
b1111111111111111 #
b1111111111111111 6
b0 7
b1010111100 $
b1010111100 8
b1010111100 9
1,
1.
12
0-
01
#546
0(
0'
b10001011010101 %
b10001011010101 &
b10001011010101 3
b10001011010101 ;
b1101110100101010 :
b1101110100101010 #
b1101110100101010 6
b1101110100101010 7
b1111111111111111 $
b1111111111111111 8
b0 9
0.
02
1-
11
#547
1(
1'
b1111110101000100 &
b1111110101000100 3
b1111110101000100 ;
b1111110101000100 %
b1010111011 :
b1111111111111111 #
b1111111111111111 6
b0 7
b1010111100 $
b1010111100 8
b1010111100 9
1)
1.
12
0-
01
#548
0(
0'
b10001011010110 %
b10001011010110 &
b10001011010110 3
b10001011010110 ;
b1101110100101001 :
b1101110100101010 #
b1101110100101010 6
b1101110100101010 7
b1111111111111111 $
b1111111111111111 8
b0 9
0.
02
1-
11
#549
0(
0'
b1010111101 %
b1010111101 &
b1010111101 3
b1010111101 ;
b1111110101000011 8
b1111110101000010 :
b1111110101000011 $
b1111111111111111 #
b1111111111111111 6
b0 7
b1010111100 9
1.
12
01
#550
1(
1'
b1101110100101011 &
b1101110100101011 3
b1101110100101011 ;
b1101110100101011 %
b10001011010100 :
b10001011010101 6
b1111111111111111 8
b10001011010101 #
b1111111111111111 $
b1101110100101010 7
b0 9
02
11
#551
b1111111111111111 6
0(
0'
b1111111111111111 #
b1010111011 :
b1010111011 %
b1010111011 &
b1010111011 3
b1010111011 ;
b0 7
b1010111100 $
b1010111100 8
b1010111100 9
0,
12
0-
01
#552
1(
1'
b1101110100101001 %
b1101110100101001 &
b1101110100101001 3
b1101110100101001 ;
b1101110100101001 :
b1101110100101010 #
b1101110100101010 6
b1101110100101010 7
b1111111111111111 $
b1111111111111111 8
b0 9
0.
02
1-
11
#553
b1101111111100110 %
b1101111111100110 &
b1101111111100110 3
b1101111111100110 ;
b1101111111100110 :
b1010111100 $
b1010111100 8
b1010111100 9
0-
01
#554
0(
0'
b1101101001101101 :
b10010110010010 %
b10010110010010 &
b10010110010010 3
b10010110010010 ;
b1111110101000011 $
b1111110101000011 8
1,
1-
#555
1(
1'
b1101101001101110 %
b1101101001101110 &
b1101101001101110 3
b1101101001101110 ;
b10010110010001 :
b10001011010101 #
b10001011010101 6
b1010111100 $
b1010111100 8
1.
0-
#556
0(
0'
b101000 %
b101000 &
b101000 3
b101000 ;
b101000 :
b1101110100101010 #
b1101110100101010 6
0,
0)
0.
#557
b10000001000001 :
1(
1'
b1101111110111110 %
b1101111110111110 &
b1101111110111110 3
b1101111110111110 ;
b10001011010101 #
b10001011010101 6
b1111110101000011 $
b1111110101000011 8
1,
1.
1-
#558
0(
0'
1!
b0 %
1"
b0 &
b0 3
b0 ;
b0 :
b0 #
b0 6
b0 $
b0 8
b0 7
b0 9
0,
1)
0.
12
0-
11
b1011111001110001 0
b1011111001110001 5
b1001101000001011 /
b1001101000001011 4
b11111 +
#559
0(
0'
0!
b1111111111111110 :
b1 %
0"
b1 &
b1 3
b1 ;
b1111111111111111 #
b1111111111111111 6
b1111111111111111 $
b1111111111111111 8
1,
1.
1-
#560
1(
1'
b1111111111111111 :
b1111111111111111 %
b1111111111111111 &
b1111111111111111 3
b1111111111111111 ;
b0 #
b0 6
0,
0.
#561
1(
1'
0!
b1001101000001011 %
0"
b1001101000001011 &
b1001101000001011 3
b1001101000001011 ;
b1001101000001011 :
b1111111111111111 #
b1111111111111111 6
b1001101000001011 $
b1001101000001011 8
b1001101000001011 9
0)
1.
0-
01
#562
1(
1'
b1011111001110001 %
b1011111001110001 &
b1011111001110001 3
b1011111001110001 ;
b1011111001110001 :
b1011111001110001 #
b1011111001110001 6
b1011111001110001 7
b1111111111111111 $
b1111111111111111 8
b0 9
0.
02
1-
11
#563
b1001101000001011 :
0(
0'
b110010111110100 %
b110010111110100 &
b110010111110100 3
b110010111110100 ;
b1111111111111111 #
b1111111111111111 6
b0 7
b1001101000001011 $
b1001101000001011 8
b1001101000001011 9
1,
1.
12
0-
01
#564
0(
0'
b100000110001110 %
b100000110001110 &
b100000110001110 3
b100000110001110 ;
b1011111001110001 :
b1011111001110001 #
b1011111001110001 6
b1011111001110001 7
b1111111111111111 $
b1111111111111111 8
b0 9
0.
02
1-
11
#565
b110010111110101 &
b110010111110101 3
b110010111110101 ;
b110010111110101 %
b1001101000001010 :
b1111111111111111 #
b1111111111111111 6
b0 7
b1001101000001011 $
b1001101000001011 8
b1001101000001011 9
1)
1.
12
0-
01
#566
0(
0'
b100000110001111 %
b100000110001111 &
b100000110001111 3
b100000110001111 ;
b1011111001110000 :
b1011111001110001 #
b1011111001110001 6
b1011111001110001 7
b1111111111111111 $
b1111111111111111 8
b0 9
0.
02
1-
11
#567
1(
1'
b1001101000001100 %
b1001101000001100 &
b1001101000001100 3
b1001101000001100 ;
b110010111110100 8
b110010111110011 :
b110010111110100 $
b1111111111111111 #
b1111111111111111 6
b0 7
b1001101000001011 9
1.
12
01
#568
b1011111001110010 &
b1011111001110010 3
b1011111001110010 ;
b1011111001110010 %
b100000110001101 :
b100000110001110 6
b1111111111111111 8
b100000110001110 #
b1111111111111111 $
b1011111001110001 7
b0 9
02
11
#569
b1111111111111111 6
1(
1'
b1111111111111111 #
b1001101000001010 :
b1001101000001010 %
b1001101000001010 &
b1001101000001010 3
b1001101000001010 ;
b0 7
b1001101000001011 $
b1001101000001011 8
b1001101000001011 9
0,
12
0-
01
#570
1(
1'
b1011111001110000 %
b1011111001110000 &
b1011111001110000 3
b1011111001110000 ;
b1011111001110000 :
b1011111001110001 #
b1011111001110001 6
b1011111001110001 7
b1111111111111111 $
b1111111111111111 8
b0 9
0.
02
1-
11
#571
0(
0'
b101100001111100 %
b101100001111100 &
b101100001111100 3
b101100001111100 ;
b101100001111100 :
b1001101000001011 $
b1001101000001011 8
b1001101000001011 9
0-
01
#572
1(
1'
b10010001100101 :
b1101101110011010 %
b1101101110011010 &
b1101101110011010 3
b1101101110011010 ;
b110010111110100 $
b110010111110100 8
1,
1-
#573
0(
0'
b10010001100110 %
b10010001100110 &
b10010001100110 3
b10010001100110 ;
b1101101110011001 :
b100000110001110 #
b100000110001110 6
b1001101000001011 $
b1001101000001011 8
1.
0-
#574
1(
1'
b1001101000000001 %
b1001101000000001 &
b1001101000000001 3
b1001101000000001 ;
b1001101000000001 :
b1011111001110001 #
b1011111001110001 6
0,
0)
0.
#575
b100000110000100 :
1(
1'
b1011111001111011 %
b1011111001111011 &
b1011111001111011 3
b1011111001111011 ;
b100000110001110 #
b100000110001110 6
b110010111110100 $
b110010111110100 8
1,
1.
1-
#576
0(
0'
1!
b0 %
1"
b0 &
b0 3
b0 ;
b0 :
b0 #
b0 6
b0 $
b0 8
b0 7
b0 9
0,
1)
0.
12
0-
11
b101010101001111 0
b101010101001111 5
b100000110000101 /
b100000110000101 4
b100000 +
#577
0(
0'
0!
b1111111111111110 :
b1 %
0"
b1 &
b1 3
b1 ;
b1111111111111111 #
b1111111111111111 6
b1111111111111111 $
b1111111111111111 8
1,
1.
1-
#578
1(
1'
b1111111111111111 :
b1111111111111111 %
b1111111111111111 &
b1111111111111111 3
b1111111111111111 ;
b0 #
b0 6
0,
0.
#579
0(
0'
0!
b100000110000101 %
0"
b100000110000101 &
b100000110000101 3
b100000110000101 ;
b100000110000101 :
b1111111111111111 #
b1111111111111111 6
b100000110000101 $
b100000110000101 8
b100000110000101 9
0)
1.
0-
01
#580
b101010101001111 %
b101010101001111 &
b101010101001111 3
b101010101001111 ;
b101010101001111 :
b101010101001111 #
b101010101001111 6
b101010101001111 7
b1111111111111111 $
b1111111111111111 8
b0 9
0.
02
1-
11
#581
b100000110000101 :
1(
1'
b1011111001111010 %
b1011111001111010 &
b1011111001111010 3
b1011111001111010 ;
b1111111111111111 #
b1111111111111111 6
b0 7
b100000110000101 $
b100000110000101 8
b100000110000101 9
1,
1.
12
0-
01
#582
b1010101010110000 %
b1010101010110000 &
b1010101010110000 3
b1010101010110000 ;
b101010101001111 :
b101010101001111 #
b101010101001111 6
b101010101001111 7
b1111111111111111 $
b1111111111111111 8
b0 9
0.
02
1-
11
#583
1(
1'
b1011111001111011 &
b1011111001111011 3
b1011111001111011 ;
b1011111001111011 %
b100000110000100 :
b1111111111111111 #
b1111111111111111 6
b0 7
b100000110000101 $
b100000110000101 8
b100000110000101 9
1)
1.
12
0-
01
#584
b1010101010110001 %
b1010101010110001 &
b1010101010110001 3
b1010101010110001 ;
b101010101001110 :
b101010101001111 #
b101010101001111 6
b101010101001111 7
b1111111111111111 $
b1111111111111111 8
b0 9
0.
02
1-
11
#585
0(
0'
b100000110000110 %
b100000110000110 &
b100000110000110 3
b100000110000110 ;
b1011111001111010 8
b1011111001111001 :
b1011111001111010 $
b1111111111111111 #
b1111111111111111 6
b0 7
b100000110000101 9
1.
12
01
#586
b101010101010000 &
b101010101010000 3
b101010101010000 ;
b101010101010000 %
b1010101010101111 :
b1010101010110000 6
b1111111111111111 8
b1010101010110000 #
b1111111111111111 $
b101010101001111 7
b0 9
02
11
#587
b1111111111111111 6
0(
0'
b1111111111111111 #
b100000110000100 :
b100000110000100 %
b100000110000100 &
b100000110000100 3
b100000110000100 ;
b0 7
b100000110000101 $
b100000110000101 8
b100000110000101 9
0,
12
0-
01
#588
b101010101001110 %
b101010101001110 &
b101010101001110 3
b101010101001110 ;
b101010101001110 :
b101010101001111 #
b101010101001111 6
b101010101001111 7
b1111111111111111 $
b1111111111111111 8
b0 9
0.
02
1-
11
#589
1(
1'
b1001011011010100 %
b1001011011010100 &
b1001011011010100 3
b1001011011010100 ;
b1001011011010100 :
b100000110000101 $
b100000110000101 8
b100000110000101 9
0-
01
#590
1(
1'
b1001111001001 :
b1110110000110110 %
b1110110000110110 &
b1110110000110110 3
b1110110000110110 ;
b1011111001111010 $
b1011111001111010 8
1,
1-
#591
0(
0'
b1001111001010 %
b1001111001010 &
b1001111001010 3
b1001111001010 ;
b1110110000110101 :
b1010101010110000 #
b1010101010110000 6
b100000110000101 $
b100000110000101 8
1.
0-
#592
b100000100000101 %
b100000100000101 &
b100000100000101 3
b100000100000101 ;
b100000100000101 :
b101010101001111 #
b101010101001111 6
0,
0)
0.
#593
b1010101000110000 :
0(
0'
b101010111001111 %
b101010111001111 &
b101010111001111 3
b101010111001111 ;
b1010101010110000 #
b1010101010110000 6
b1011111001111010 $
b1011111001111010 8
1,
1.
1-
#594
1!
b0 %
1"
b0 &
b0 3
b0 ;
b0 :
b0 #
b0 6
b0 $
b0 8
b0 7
b0 9
0,
1)
0.
12
0-
11
b11001100111010 0
b11001100111010 5
b110000000111011 /
b110000000111011 4
b100001 +
#595
0(
0'
0!
b1111111111111110 :
b1 %
0"
b1 &
b1 3
b1 ;
b1111111111111111 #
b1111111111111111 6
b1111111111111111 $
b1111111111111111 8
1,
1.
1-
#596
1(
1'
b1111111111111111 :
b1111111111111111 %
b1111111111111111 &
b1111111111111111 3
b1111111111111111 ;
b0 #
b0 6
0,
0.
#597
0(
0'
0!
b110000000111011 %
0"
b110000000111011 &
b110000000111011 3
b110000000111011 ;
b110000000111011 :
b1111111111111111 #
b1111111111111111 6
b110000000111011 $
b110000000111011 8
b110000000111011 9
0)
1.
0-
01
#598
b11001100111010 %
b11001100111010 &
b11001100111010 3
b11001100111010 ;
b11001100111010 :
b11001100111010 #
b11001100111010 6
b11001100111010 7
b1111111111111111 $
b1111111111111111 8
b0 9
0.
02
1-
11
#599
b110000000111011 :
1(
1'
b1001111111000100 %
b1001111111000100 &
b1001111111000100 3
b1001111111000100 ;
b1111111111111111 #
b1111111111111111 6
b0 7
b110000000111011 $
b110000000111011 8
b110000000111011 9
1,
1.
12
0-
01
#600
b1100110011000101 %
b1100110011000101 &
b1100110011000101 3
b1100110011000101 ;
b11001100111010 :
b11001100111010 #
b11001100111010 6
b11001100111010 7
b1111111111111111 $
b1111111111111111 8
b0 9
0.
02
1-
11
#601
b1001111111000101 &
b1001111111000101 3
b1001111111000101 ;
b1001111111000101 %
b110000000111010 :
b1111111111111111 #
b1111111111111111 6
b0 7
b110000000111011 $
b110000000111011 8
b110000000111011 9
1)
1.
12
0-
01
#602
1(
1'
b1100110011000110 %
b1100110011000110 &
b1100110011000110 3
b1100110011000110 ;
b11001100111001 :
b11001100111010 #
b11001100111010 6
b11001100111010 7
b1111111111111111 $
b1111111111111111 8
b0 9
0.
02
1-
11
#603
0(
0'
b110000000111100 %
b110000000111100 &
b110000000111100 3
b110000000111100 ;
b1001111111000100 8
b1001111111000011 :
b1001111111000100 $
b1111111111111111 #
b1111111111111111 6
b0 7
b110000000111011 9
1.
12
01
#604
b11001100111011 &
b11001100111011 3
b11001100111011 ;
b11001100111011 %
b1100110011000100 :
b1100110011000101 6
b1111111111111111 8
b1100110011000101 #
b1111111111111111 $
b11001100111010 7
b0 9
02
11
#605
b1111111111111111 6
0(
0'
b1111111111111111 #
b110000000111010 :
b110000000111010 %
b110000000111010 &
b110000000111010 3
b110000000111010 ;
b0 7
b110000000111011 $
b110000000111011 8
b110000000111011 9
0,
12
0-
01
#606
0(
0'
b11001100111001 %
b11001100111001 &
b11001100111001 3
b11001100111001 ;
b11001100111001 :
b11001100111010 #
b11001100111010 6
b11001100111010 7
b1111111111111111 $
b1111111111111111 8
b0 9
0.
02
1-
11
#607
1(
1'
b1001001101110101 %
b1001001101110101 &
b1001001101110101 3
b1001001101110101 ;
b1001001101110101 :
b110000000111011 $
b110000000111011 8
b110000000111011 9
0-
01
#608
0(
0'
b1101001011111110 :
b10110100000001 %
b10110100000001 &
b10110100000001 3
b10110100000001 ;
b1001111111000100 $
b1001111111000100 8
1,
1-
#609
1(
1'
b1101001011111111 %
b1101001011111111 &
b1101001011111111 3
b1101001011111111 ;
b10110100000000 :
b1100110011000101 #
b1100110011000101 6
b110000000111011 $
b110000000111011 8
1.
0-
#610
0(
0'
b10000000111010 %
b10000000111010 &
b10000000111010 3
b10000000111010 ;
b10000000111010 :
b11001100111010 #
b11001100111010 6
0,
0)
0.
#611
b1000110011000100 :
0(
0'
b111001100111011 %
b111001100111011 &
b111001100111011 3
b111001100111011 ;
b1100110011000101 #
b1100110011000101 6
b1001111111000100 $
b1001111111000100 8
1,
1.
1-
#612
1!
b0 %
1"
b0 &
b0 3
b0 ;
b0 :
b0 #
b0 6
b0 $
b0 8
b0 7
b0 9
0,
1)
0.
12
0-
11
b100101100010101 0
b100101100010101 5
b11001001111110 /
b11001001111110 4
b100010 +
#613
0(
0'
0!
b1111111111111110 :
b1 %
0"
b1 &
b1 3
b1 ;
b1111111111111111 #
b1111111111111111 6
b1111111111111111 $
b1111111111111111 8
1,
1.
1-
#614
1(
1'
b1111111111111111 :
b1111111111111111 %
b1111111111111111 &
b1111111111111111 3
b1111111111111111 ;
b0 #
b0 6
0,
0.
#615
0(
0'
0!
b11001001111110 %
0"
b11001001111110 &
b11001001111110 3
b11001001111110 ;
b11001001111110 :
b1111111111111111 #
b1111111111111111 6
b11001001111110 $
b11001001111110 8
b11001001111110 9
0)
1.
0-
01
#616
b100101100010101 %
b100101100010101 &
b100101100010101 3
b100101100010101 ;
b100101100010101 :
b100101100010101 #
b100101100010101 6
b100101100010101 7
b1111111111111111 $
b1111111111111111 8
b0 9
0.
02
1-
11
#617
b11001001111110 :
1(
1'
b1100110110000001 %
b1100110110000001 &
b1100110110000001 3
b1100110110000001 ;
b1111111111111111 #
b1111111111111111 6
b0 7
b11001001111110 $
b11001001111110 8
b11001001111110 9
1,
1.
12
0-
01
#618
b1011010011101010 %
b1011010011101010 &
b1011010011101010 3
b1011010011101010 ;
b100101100010101 :
b100101100010101 #
b100101100010101 6
b100101100010101 7
b1111111111111111 $
b1111111111111111 8
b0 9
0.
02
1-
11
#619
1(
1'
b1100110110000010 &
b1100110110000010 3
b1100110110000010 ;
b1100110110000010 %
b11001001111101 :
b1111111111111111 #
b1111111111111111 6
b0 7
b11001001111110 $
b11001001111110 8
b11001001111110 9
1)
1.
12
0-
01
#620
b1011010011101011 %
b1011010011101011 &
b1011010011101011 3
b1011010011101011 ;
b100101100010100 :
b100101100010101 #
b100101100010101 6
b100101100010101 7
b1111111111111111 $
b1111111111111111 8
b0 9
0.
02
1-
11
#621
0(
0'
b11001001111111 %
b11001001111111 &
b11001001111111 3
b11001001111111 ;
b1100110110000001 8
b1100110110000000 :
b1100110110000001 $
b1111111111111111 #
b1111111111111111 6
b0 7
b11001001111110 9
1.
12
01
#622
b100101100010110 &
b100101100010110 3
b100101100010110 ;
b100101100010110 %
b1011010011101001 :
b1011010011101010 6
b1111111111111111 8
b1011010011101010 #
b1111111111111111 $
b100101100010101 7
b0 9
02
11
#623
b1111111111111111 6
0(
0'
b1111111111111111 #
b11001001111101 :
b11001001111101 %
b11001001111101 &
b11001001111101 3
b11001001111101 ;
b0 7
b11001001111110 $
b11001001111110 8
b11001001111110 9
0,
12
0-
01
#624
b100101100010100 %
b100101100010100 &
b100101100010100 3
b100101100010100 ;
b100101100010100 :
b100101100010101 #
b100101100010101 6
b100101100010101 7
b1111111111111111 $
b1111111111111111 8
b0 9
0.
02
1-
11
#625
b111110110010011 %
b111110110010011 &
b111110110010011 3
b111110110010011 ;
b111110110010011 :
b11001001111110 $
b11001001111110 8
b11001001111110 9
0-
01
#626
1(
1'
b1100010010110 :
b1110011101101001 %
b1110011101101001 &
b1110011101101001 3
b1110011101101001 ;
b1100110110000001 $
b1100110110000001 8
1,
1-
#627
0(
0'
b1100010010111 %
b1100010010111 &
b1100010010111 3
b1100010010111 ;
b1110011101101000 :
b1011010011101010 #
b1011010011101010 6
b11001001111110 $
b11001001111110 8
1.
0-
#628
b1000010100 %
b1000010100 &
b1000010100 3
b1000010100 ;
b1000010100 :
b100101100010101 #
b100101100010101 6
0,
0)
0.
#629
b1000010010000000 :
0(
0'
b111101101111111 %
b111101101111111 &
b111101101111111 3
b111101101111111 ;
b1011010011101010 #
b1011010011101010 6
b1100110110000001 $
b1100110110000001 8
1,
1.
1-
#630
1!
b0 %
1"
b0 &
b0 3
b0 ;
b0 :
b0 #
b0 6
b0 $
b0 8
b0 7
b0 9
0,
1)
0.
12
0-
11
b100101111011001 0
b100101111011001 5
b1001101111110001 /
b1001101111110001 4
b100011 +
#631
0(
0'
0!
b1111111111111110 :
b1 %
0"
b1 &
b1 3
b1 ;
b1111111111111111 #
b1111111111111111 6
b1111111111111111 $
b1111111111111111 8
1,
1.
1-
#632
1(
1'
b1111111111111111 :
b1111111111111111 %
b1111111111111111 &
b1111111111111111 3
b1111111111111111 ;
b0 #
b0 6
0,
0.
#633
1(
1'
0!
b1001101111110001 %
0"
b1001101111110001 &
b1001101111110001 3
b1001101111110001 ;
b1001101111110001 :
b1111111111111111 #
b1111111111111111 6
b1001101111110001 $
b1001101111110001 8
b1001101111110001 9
0)
1.
0-
01
#634
0(
0'
b100101111011001 %
b100101111011001 &
b100101111011001 3
b100101111011001 ;
b100101111011001 :
b100101111011001 #
b100101111011001 6
b100101111011001 7
b1111111111111111 $
b1111111111111111 8
b0 9
0.
02
1-
11
#635
b1001101111110001 :
0(
0'
b110010000001110 %
b110010000001110 &
b110010000001110 3
b110010000001110 ;
b1111111111111111 #
b1111111111111111 6
b0 7
b1001101111110001 $
b1001101111110001 8
b1001101111110001 9
1,
1.
12
0-
01
#636
1(
1'
b1011010000100110 %
b1011010000100110 &
b1011010000100110 3
b1011010000100110 ;
b100101111011001 :
b100101111011001 #
b100101111011001 6
b100101111011001 7
b1111111111111111 $
b1111111111111111 8
b0 9
0.
02
1-
11
#637
0(
0'
b110010000001111 &
b110010000001111 3
b110010000001111 ;
b110010000001111 %
b1001101111110000 :
b1111111111111111 #
b1111111111111111 6
b0 7
b1001101111110001 $
b1001101111110001 8
b1001101111110001 9
1)
1.
12
0-
01
#638
1(
1'
b1011010000100111 %
b1011010000100111 &
b1011010000100111 3
b1011010000100111 ;
b100101111011000 :
b100101111011001 #
b100101111011001 6
b100101111011001 7
b1111111111111111 $
b1111111111111111 8
b0 9
0.
02
1-
11
#639
1(
1'
b1001101111110010 %
b1001101111110010 &
b1001101111110010 3
b1001101111110010 ;
b110010000001110 8
b110010000001101 :
b110010000001110 $
b1111111111111111 #
b1111111111111111 6
b0 7
b1001101111110001 9
1.
12
01
#640
0(
0'
b100101111011010 &
b100101111011010 3
b100101111011010 ;
b100101111011010 %
b1011010000100101 :
b1011010000100110 6
b1111111111111111 8
b1011010000100110 #
b1111111111111111 $
b100101111011001 7
b0 9
02
11
#641
b1111111111111111 6
1(
1'
b1111111111111111 #
b1001101111110000 :
b1001101111110000 %
b1001101111110000 &
b1001101111110000 3
b1001101111110000 ;
b0 7
b1001101111110001 $
b1001101111110001 8
b1001101111110001 9
0,
12
0-
01
#642
0(
0'
b100101111011000 %
b100101111011000 &
b100101111011000 3
b100101111011000 ;
b100101111011000 :
b100101111011001 #
b100101111011001 6
b100101111011001 7
b1111111111111111 $
b1111111111111111 8
b0 9
0.
02
1-
11
#643
1(
1'
b1110011111001010 %
b1110011111001010 &
b1110011111001010 3
b1110011111001010 ;
b1110011111001010 :
b1001101111110001 $
b1001101111110001 8
b1001101111110001 9
0-
01
#644
0(
0'
b1010111111100111 :
b101000000011000 %
b101000000011000 &
b101000000011000 3
b101000000011000 ;
b110010000001110 $
b110010000001110 8
1,
1-
#645
1(
1'
b1010111111101000 %
b1010111111101000 &
b1010111111101000 3
b1010111111101000 ;
b101000000010111 :
b1011010000100110 #
b1011010000100110 6
b1001101111110001 $
b1001101111110001 8
1.
0-
#646
0(
0'
b101111010001 %
b101111010001 &
b101111010001 3
b101111010001 ;
b101111010001 :
b100101111011001 #
b100101111011001 6
0,
0)
0.
#647
b10010000000110 :
1(
1'
b1101101111111001 %
b1101101111111001 &
b1101101111111001 3
b1101101111111001 ;
b1011010000100110 #
b1011010000100110 6
b110010000001110 $
b110010000001110 8
1,
1.
1-
#648
0(
0'
1!
b0 %
1"
b0 &
b0 3
b0 ;
b0 :
b0 #
b0 6
b0 $
b0 8
b0 7
b0 9
0,
1)
0.
12
0-
11
b1111101101001100 0
b1111101101001100 5
b11101100010 /
b11101100010 4
b100100 +
#649
0(
0'
0!
b1111111111111110 :
b1 %
0"
b1 &
b1 3
b1 ;
b1111111111111111 #
b1111111111111111 6
b1111111111111111 $
b1111111111111111 8
1,
1.
1-
#650
1(
1'
b1111111111111111 :
b1111111111111111 %
b1111111111111111 &
b1111111111111111 3
b1111111111111111 ;
b0 #
b0 6
0,
0.
#651
0(
0'
0!
b11101100010 %
0"
b11101100010 &
b11101100010 3
b11101100010 ;
b11101100010 :
b1111111111111111 #
b1111111111111111 6
b11101100010 $
b11101100010 8
b11101100010 9
0)
1.
0-
01
#652
1(
1'
b1111101101001100 %
b1111101101001100 &
b1111101101001100 3
b1111101101001100 ;
b1111101101001100 :
b1111101101001100 #
b1111101101001100 6
b1111101101001100 7
b1111111111111111 $
b1111111111111111 8
b0 9
0.
02
1-
11
#653
b11101100010 :
1(
1'
b1111100010011101 %
b1111100010011101 &
b1111100010011101 3
b1111100010011101 ;
b1111111111111111 #
b1111111111111111 6
b0 7
b11101100010 $
b11101100010 8
b11101100010 9
1,
1.
12
0-
01
#654
0(
0'
b10010110011 %
b10010110011 &
b10010110011 3
b10010110011 ;
b1111101101001100 :
b1111101101001100 #
b1111101101001100 6
b1111101101001100 7
b1111111111111111 $
b1111111111111111 8
b0 9
0.
02
1-
11
#655
1(
1'
b1111100010011110 &
b1111100010011110 3
b1111100010011110 ;
b1111100010011110 %
b11101100001 :
b1111111111111111 #
b1111111111111111 6
b0 7
b11101100010 $
b11101100010 8
b11101100010 9
1)
1.
12
0-
01
#656
0(
0'
b10010110100 %
b10010110100 &
b10010110100 3
b10010110100 ;
b1111101101001011 :
b1111101101001100 #
b1111101101001100 6
b1111101101001100 7
b1111111111111111 $
b1111111111111111 8
b0 9
0.
02
1-
11
#657
0(
0'
b11101100011 %
b11101100011 &
b11101100011 3
b11101100011 ;
b1111100010011101 8
b1111100010011100 :
b1111100010011101 $
b1111111111111111 #
b1111111111111111 6
b0 7
b11101100010 9
1.
12
01
#658
1(
1'
b1111101101001101 &
b1111101101001101 3
b1111101101001101 ;
b1111101101001101 %
b10010110010 :
b10010110011 6
b1111111111111111 8
b10010110011 #
b1111111111111111 $
b1111101101001100 7
b0 9
02
11
#659
b1111111111111111 6
0(
0'
b1111111111111111 #
b11101100001 :
b11101100001 %
b11101100001 &
b11101100001 3
b11101100001 ;
b0 7
b11101100010 $
b11101100010 8
b11101100010 9
0,
12
0-
01
#660
1(
1'
b1111101101001011 %
b1111101101001011 &
b1111101101001011 3
b1111101101001011 ;
b1111101101001011 :
b1111101101001100 #
b1111101101001100 6
b1111101101001100 7
b1111111111111111 $
b1111111111111111 8
b0 9
0.
02
1-
11
#661
0(
0'
b1010101110 %
b1010101110 &
b1010101110 3
b1010101110 ;
b1010101110 :
b11101100010 $
b11101100010 8
b11101100010 9
0-
01
#662
0(
0'
b1111001111101001 :
b110000010110 %
b110000010110 &
b110000010110 3
b110000010110 ;
b1111100010011101 $
b1111100010011101 8
1,
1-
#663
1(
1'
b1111001111101010 %
b1111001111101010 &
b1111001111101010 3
b1111001111101010 ;
b110000010101 :
b10010110011 #
b10010110011 6
b11101100010 $
b11101100010 8
1.
0-
#664
0(
0'
b1101000000 %
b1101000000 &
b1101000000 3
b1101000000 ;
b1101000000 :
b1111101101001100 #
b1111101101001100 6
0,
0)
0.
#665
b10010001 :
1(
1'
b1111111101101110 %
b1111111101101110 &
b1111111101101110 3
b1111111101101110 ;
b10010110011 #
b10010110011 6
b1111100010011101 $
b1111100010011101 8
1,
1.
1-
#666
0(
0'
1!
b0 %
1"
b0 &
b0 3
b0 ;
b0 :
b0 #
b0 6
b0 $
b0 8
b0 7
b0 9
0,
1)
0.
12
0-
11
b1010000110001111 0
b1010000110001111 5
b101010110011111 /
b101010110011111 4
b100101 +
#667
0(
0'
0!
b1111111111111110 :
b1 %
0"
b1 &
b1 3
b1 ;
b1111111111111111 #
b1111111111111111 6
b1111111111111111 $
b1111111111111111 8
1,
1.
1-
#668
1(
1'
b1111111111111111 :
b1111111111111111 %
b1111111111111111 &
b1111111111111111 3
b1111111111111111 ;
b0 #
b0 6
0,
0.
#669
0(
0'
0!
b101010110011111 %
0"
b101010110011111 &
b101010110011111 3
b101010110011111 ;
b101010110011111 :
b1111111111111111 #
b1111111111111111 6
b101010110011111 $
b101010110011111 8
b101010110011111 9
0)
1.
0-
01
#670
1(
1'
b1010000110001111 %
b1010000110001111 &
b1010000110001111 3
b1010000110001111 ;
b1010000110001111 :
b1010000110001111 #
b1010000110001111 6
b1010000110001111 7
b1111111111111111 $
b1111111111111111 8
b0 9
0.
02
1-
11
#671
b101010110011111 :
1(
1'
b1010101001100000 %
b1010101001100000 &
b1010101001100000 3
b1010101001100000 ;
b1111111111111111 #
b1111111111111111 6
b0 7
b101010110011111 $
b101010110011111 8
b101010110011111 9
1,
1.
12
0-
01
#672
0(
0'
b101111001110000 %
b101111001110000 &
b101111001110000 3
b101111001110000 ;
b1010000110001111 :
b1010000110001111 #
b1010000110001111 6
b1010000110001111 7
b1111111111111111 $
b1111111111111111 8
b0 9
0.
02
1-
11
#673
1(
1'
b1010101001100001 &
b1010101001100001 3
b1010101001100001 ;
b1010101001100001 %
b101010110011110 :
b1111111111111111 #
b1111111111111111 6
b0 7
b101010110011111 $
b101010110011111 8
b101010110011111 9
1)
1.
12
0-
01
#674
0(
0'
b101111001110001 %
b101111001110001 &
b101111001110001 3
b101111001110001 ;
b1010000110001110 :
b1010000110001111 #
b1010000110001111 6
b1010000110001111 7
b1111111111111111 $
b1111111111111111 8
b0 9
0.
02
1-
11
#675
0(
0'
b101010110100000 %
b101010110100000 &
b101010110100000 3
b101010110100000 ;
b1010101001100000 8
b1010101001011111 :
b1010101001100000 $
b1111111111111111 #
b1111111111111111 6
b0 7
b101010110011111 9
1.
12
01
#676
1(
1'
b1010000110010000 &
b1010000110010000 3
b1010000110010000 ;
b1010000110010000 %
b101111001101111 :
b101111001110000 6
b1111111111111111 8
b101111001110000 #
b1111111111111111 $
b1010000110001111 7
b0 9
02
11
#677
b1111111111111111 6
0(
0'
b1111111111111111 #
b101010110011110 :
b101010110011110 %
b101010110011110 &
b101010110011110 3
b101010110011110 ;
b0 7
b101010110011111 $
b101010110011111 8
b101010110011111 9
0,
12
0-
01
#678
1(
1'
b1010000110001110 %
b1010000110001110 &
b1010000110001110 3
b1010000110001110 ;
b1010000110001110 :
b1010000110001111 #
b1010000110001111 6
b1010000110001111 7
b1111111111111111 $
b1111111111111111 8
b0 9
0.
02
1-
11
#679
b1111011100101110 %
b1111011100101110 &
b1111011100101110 3
b1111011100101110 ;
b1111011100101110 :
b101010110011111 $
b101010110011111 8
b101010110011111 9
0-
01
#680
1(
1'
b100101111101111 :
b1011010000010000 %
b1011010000010000 &
b1011010000010000 3
b1011010000010000 ;
b1010101001100000 $
b1010101001100000 8
1,
1-
#681
0(
0'
b100101111110000 %
b100101111110000 &
b100101111110000 3
b100101111110000 ;
b1011010000001111 :
b101111001110000 #
b101111001110000 6
b101010110011111 $
b101010110011111 8
1.
0-
#682
b110001111 %
b110001111 &
b110001111 3
b110001111 ;
b110001111 :
b1010000110001111 #
b1010000110001111 6
0,
0)
0.
#683
b101001100000 :
1(
1'
b1111010110011111 %
b1111010110011111 &
b1111010110011111 3
b1111010110011111 ;
b101111001110000 #
b101111001110000 6
b1010101001100000 $
b1010101001100000 8
1,
1.
1-
#684
0(
0'
1!
b0 %
1"
b0 &
b0 3
b0 ;
b0 :
b0 #
b0 6
b0 $
b0 8
b0 7
b0 9
0,
1)
0.
12
0-
11
b110000010110111 0
b110000010110111 5
b1010100111111000 /
b1010100111111000 4
b100110 +
#685
0(
0'
0!
b1111111111111110 :
b1 %
0"
b1 &
b1 3
b1 ;
b1111111111111111 #
b1111111111111111 6
b1111111111111111 $
b1111111111111111 8
1,
1.
1-
#686
1(
1'
b1111111111111111 :
b1111111111111111 %
b1111111111111111 &
b1111111111111111 3
b1111111111111111 ;
b0 #
b0 6
0,
0.
#687
1(
1'
0!
b1010100111111000 %
0"
b1010100111111000 &
b1010100111111000 3
b1010100111111000 ;
b1010100111111000 :
b1111111111111111 #
b1111111111111111 6
b1010100111111000 $
b1010100111111000 8
b1010100111111000 9
0)
1.
0-
01
#688
0(
0'
b110000010110111 %
b110000010110111 &
b110000010110111 3
b110000010110111 ;
b110000010110111 :
b110000010110111 #
b110000010110111 6
b110000010110111 7
b1111111111111111 $
b1111111111111111 8
b0 9
0.
02
1-
11
#689
b1010100111111000 :
0(
0'
b101011000000111 %
b101011000000111 &
b101011000000111 3
b101011000000111 ;
b1111111111111111 #
b1111111111111111 6
b0 7
b1010100111111000 $
b1010100111111000 8
b1010100111111000 9
1,
1.
12
0-
01
#690
1(
1'
b1001111101001000 %
b1001111101001000 &
b1001111101001000 3
b1001111101001000 ;
b110000010110111 :
b110000010110111 #
b110000010110111 6
b110000010110111 7
b1111111111111111 $
b1111111111111111 8
b0 9
0.
02
1-
11
#691
0(
0'
b101011000001000 &
b101011000001000 3
b101011000001000 ;
b101011000001000 %
b1010100111110111 :
b1111111111111111 #
b1111111111111111 6
b0 7
b1010100111111000 $
b1010100111111000 8
b1010100111111000 9
1)
1.
12
0-
01
#692
1(
1'
b1001111101001001 %
b1001111101001001 &
b1001111101001001 3
b1001111101001001 ;
b110000010110110 :
b110000010110111 #
b110000010110111 6
b110000010110111 7
b1111111111111111 $
b1111111111111111 8
b0 9
0.
02
1-
11
#693
1(
1'
b1010100111111001 %
b1010100111111001 &
b1010100111111001 3
b1010100111111001 ;
b101011000000111 8
b101011000000110 :
b101011000000111 $
b1111111111111111 #
b1111111111111111 6
b0 7
b1010100111111000 9
1.
12
01
#694
0(
0'
b110000010111000 &
b110000010111000 3
b110000010111000 ;
b110000010111000 %
b1001111101000111 :
b1001111101001000 6
b1111111111111111 8
b1001111101001000 #
b1111111111111111 $
b110000010110111 7
b0 9
02
11
#695
b1111111111111111 6
1(
1'
b1111111111111111 #
b1010100111110111 :
b1010100111110111 %
b1010100111110111 &
b1010100111110111 3
b1010100111110111 ;
b0 7
b1010100111111000 $
b1010100111111000 8
b1010100111111000 9
0,
12
0-
01
#696
0(
0'
b110000010110110 %
b110000010110110 &
b110000010110110 3
b110000010110110 ;
b110000010110110 :
b110000010110111 #
b110000010110111 6
b110000010110111 7
b1111111111111111 $
b1111111111111111 8
b0 9
0.
02
1-
11
#697
b101010101111 %
b101010101111 &
b101010101111 3
b101010101111 ;
b101010101111 :
b1010100111111000 $
b1010100111111000 8
b1010100111111000 9
0-
01
#698
0(
0'
b1011011010111110 :
b100100101000001 %
b100100101000001 &
b100100101000001 3
b100100101000001 ;
b101011000000111 $
b101011000000111 8
1,
1-
#699
1(
1'
b1011011010111111 %
b1011011010111111 &
b1011011010111111 3
b1011011010111111 ;
b100100101000000 :
b1001111101001000 #
b1001111101001000 6
b1010100111111000 $
b1010100111111000 8
1.
0-
#700
0(
0'
b10000010110000 %
b10000010110000 &
b10000010110000 3
b10000010110000 ;
b10000010110000 :
b110000010110111 #
b110000010110111 6
0,
0)
0.
#701
b1011000000000 :
1(
1'
b1110100111111111 %
b1110100111111111 &
b1110100111111111 3
b1110100111111111 ;
b1001111101001000 #
b1001111101001000 6
b101011000000111 $
b101011000000111 8
1,
1.
1-
#702
0(
0'
1!
b0 %
1"
b0 &
b0 3
b0 ;
b0 :
b0 #
b0 6
b0 $
b0 8
b0 7
b0 9
0,
1)
0.
12
0-
11
b1001010001011100 0
b1001010001011100 5
b101011010011111 /
b101011010011111 4
b100111 +
#703
0(
0'
0!
b1111111111111110 :
b1 %
0"
b1 &
b1 3
b1 ;
b1111111111111111 #
b1111111111111111 6
b1111111111111111 $
b1111111111111111 8
1,
1.
1-
#704
1(
1'
b1111111111111111 :
b1111111111111111 %
b1111111111111111 &
b1111111111111111 3
b1111111111111111 ;
b0 #
b0 6
0,
0.
#705
0(
0'
0!
b101011010011111 %
0"
b101011010011111 &
b101011010011111 3
b101011010011111 ;
b101011010011111 :
b1111111111111111 #
b1111111111111111 6
b101011010011111 $
b101011010011111 8
b101011010011111 9
0)
1.
0-
01
#706
1(
1'
b1001010001011100 %
b1001010001011100 &
b1001010001011100 3
b1001010001011100 ;
b1001010001011100 :
b1001010001011100 #
b1001010001011100 6
b1001010001011100 7
b1111111111111111 $
b1111111111111111 8
b0 9
0.
02
1-
11
#707
b101011010011111 :
1(
1'
b1010100101100000 %
b1010100101100000 &
b1010100101100000 3
b1010100101100000 ;
b1111111111111111 #
b1111111111111111 6
b0 7
b101011010011111 $
b101011010011111 8
b101011010011111 9
1,
1.
12
0-
01
#708
0(
0'
b110101110100011 %
b110101110100011 &
b110101110100011 3
b110101110100011 ;
b1001010001011100 :
b1001010001011100 #
b1001010001011100 6
b1001010001011100 7
b1111111111111111 $
b1111111111111111 8
b0 9
0.
02
1-
11
#709
1(
1'
b1010100101100001 &
b1010100101100001 3
b1010100101100001 ;
b1010100101100001 %
b101011010011110 :
b1111111111111111 #
b1111111111111111 6
b0 7
b101011010011111 $
b101011010011111 8
b101011010011111 9
1)
1.
12
0-
01
#710
0(
0'
b110101110100100 %
b110101110100100 &
b110101110100100 3
b110101110100100 ;
b1001010001011011 :
b1001010001011100 #
b1001010001011100 6
b1001010001011100 7
b1111111111111111 $
b1111111111111111 8
b0 9
0.
02
1-
11
#711
0(
0'
b101011010100000 %
b101011010100000 &
b101011010100000 3
b101011010100000 ;
b1010100101100000 8
b1010100101011111 :
b1010100101100000 $
b1111111111111111 #
b1111111111111111 6
b0 7
b101011010011111 9
1.
12
01
#712
1(
1'
b1001010001011101 &
b1001010001011101 3
b1001010001011101 ;
b1001010001011101 %
b110101110100010 :
b110101110100011 6
b1111111111111111 8
b110101110100011 #
b1111111111111111 $
b1001010001011100 7
b0 9
02
11
#713
b1111111111111111 6
0(
0'
b1111111111111111 #
b101011010011110 :
b101011010011110 %
b101011010011110 &
b101011010011110 3
b101011010011110 ;
b0 7
b101011010011111 $
b101011010011111 8
b101011010011111 9
0,
12
0-
01
#714
1(
1'
b1001010001011011 %
b1001010001011011 &
b1001010001011011 3
b1001010001011011 ;
b1001010001011011 :
b1001010001011100 #
b1001010001011100 6
b1001010001011100 7
b1111111111111111 $
b1111111111111111 8
b0 9
0.
02
1-
11
#715
b1110101011111011 %
b1110101011111011 &
b1110101011111011 3
b1110101011111011 ;
b1110101011111011 :
b101011010011111 $
b101011010011111 8
b101011010011111 9
0-
01
#716
1(
1'
b11110110111100 :
b1100001001000011 %
b1100001001000011 &
b1100001001000011 3
b1100001001000011 ;
b1010100101100000 $
b1010100101100000 8
1,
1-
#717
0(
0'
b11110110111101 %
b11110110111101 &
b11110110111101 3
b11110110111101 ;
b1100001001000010 :
b110101110100011 #
b110101110100011 6
b101011010011111 $
b101011010011111 8
1.
0-
#718
b1010000011100 %
b1010000011100 &
b1010000011100 3
b1010000011100 ;
b1010000011100 :
b1001010001011100 #
b1001010001011100 6
0,
0)
0.
#719
b10100100100000 :
1(
1'
b1101011011011111 %
b1101011011011111 &
b1101011011011111 3
b1101011011011111 ;
b110101110100011 #
b110101110100011 6
b1010100101100000 $
b1010100101100000 8
1,
1.
1-
#720
0(
0'
1!
b0 %
1"
b0 &
b0 3
b0 ;
b0 :
b0 #
b0 6
b0 $
b0 8
b0 7
b0 9
0,
1)
0.
12
0-
11
b11011110001001 0
b11011110001001 5
b1100000001011011 /
b1100000001011011 4
b101000 +
#721
0(
0'
0!
b1111111111111110 :
b1 %
0"
b1 &
b1 3
b1 ;
b1111111111111111 #
b1111111111111111 6
b1111111111111111 $
b1111111111111111 8
1,
1.
1-
#722
1(
1'
b1111111111111111 :
b1111111111111111 %
b1111111111111111 &
b1111111111111111 3
b1111111111111111 ;
b0 #
b0 6
0,
0.
#723
1(
1'
0!
b1100000001011011 %
0"
b1100000001011011 &
b1100000001011011 3
b1100000001011011 ;
b1100000001011011 :
b1111111111111111 #
b1111111111111111 6
b1100000001011011 $
b1100000001011011 8
b1100000001011011 9
0)
1.
0-
01
#724
0(
0'
b11011110001001 %
b11011110001001 &
b11011110001001 3
b11011110001001 ;
b11011110001001 :
b11011110001001 #
b11011110001001 6
b11011110001001 7
b1111111111111111 $
b1111111111111111 8
b0 9
0.
02
1-
11
#725
b1100000001011011 :
0(
0'
b11111110100100 %
b11111110100100 &
b11111110100100 3
b11111110100100 ;
b1111111111111111 #
b1111111111111111 6
b0 7
b1100000001011011 $
b1100000001011011 8
b1100000001011011 9
1,
1.
12
0-
01
#726
1(
1'
b1100100001110110 %
b1100100001110110 &
b1100100001110110 3
b1100100001110110 ;
b11011110001001 :
b11011110001001 #
b11011110001001 6
b11011110001001 7
b1111111111111111 $
b1111111111111111 8
b0 9
0.
02
1-
11
#727
0(
0'
b11111110100101 &
b11111110100101 3
b11111110100101 ;
b11111110100101 %
b1100000001011010 :
b1111111111111111 #
b1111111111111111 6
b0 7
b1100000001011011 $
b1100000001011011 8
b1100000001011011 9
1)
1.
12
0-
01
#728
1(
1'
b1100100001110111 %
b1100100001110111 &
b1100100001110111 3
b1100100001110111 ;
b11011110001000 :
b11011110001001 #
b11011110001001 6
b11011110001001 7
b1111111111111111 $
b1111111111111111 8
b0 9
0.
02
1-
11
#729
1(
1'
b1100000001011100 %
b1100000001011100 &
b1100000001011100 3
b1100000001011100 ;
b11111110100100 8
b11111110100011 :
b11111110100100 $
b1111111111111111 #
b1111111111111111 6
b0 7
b1100000001011011 9
1.
12
01
#730
0(
0'
b11011110001010 &
b11011110001010 3
b11011110001010 ;
b11011110001010 %
b1100100001110101 :
b1100100001110110 6
b1111111111111111 8
b1100100001110110 #
b1111111111111111 $
b11011110001001 7
b0 9
02
11
#731
b1111111111111111 6
1(
1'
b1111111111111111 #
b1100000001011010 :
b1100000001011010 %
b1100000001011010 &
b1100000001011010 3
b1100000001011010 ;
b0 7
b1100000001011011 $
b1100000001011011 8
b1100000001011011 9
0,
12
0-
01
#732
0(
0'
b11011110001000 %
b11011110001000 &
b11011110001000 3
b11011110001000 ;
b11011110001000 :
b11011110001001 #
b11011110001001 6
b11011110001001 7
b1111111111111111 $
b1111111111111111 8
b0 9
0.
02
1-
11
#733
1(
1'
b1111011111100100 %
b1111011111100100 &
b1111011111100100 3
b1111011111100100 ;
b1111011111100100 :
b1100000001011011 $
b1100000001011011 8
b1100000001011011 9
0-
01
#734
1(
1'
b111011100101101 :
b1000100011010010 %
b1000100011010010 &
b1000100011010010 3
b1000100011010010 ;
b11111110100100 $
b11111110100100 8
1,
1-
#735
0(
0'
b111011100101110 %
b111011100101110 &
b111011100101110 3
b111011100101110 ;
b1000100011010001 :
b1100100001110110 #
b1100100001110110 6
b1100000001011011 $
b1100000001011011 8
1.
0-
#736
0(
0'
b1001 %
b1001 &
b1001 3
b1001 ;
b1001 :
b11011110001001 #
b11011110001001 6
0,
0)
0.
#737
b100000100100 :
1(
1'
b1111011111011011 %
b1111011111011011 &
b1111011111011011 3
b1111011111011011 ;
b1100100001110110 #
b1100100001110110 6
b11111110100100 $
b11111110100100 8
1,
1.
1-
#738
0(
0'
1!
b0 %
1"
b0 &
b0 3
b0 ;
b0 :
b0 #
b0 6
b0 $
b0 8
b0 7
b0 9
0,
1)
0.
12
0-
11
b11111011010000 0
b11111011010000 5
b11001001001001 /
b11001001001001 4
b101001 +
#739
0(
0'
0!
b1111111111111110 :
b1 %
0"
b1 &
b1 3
b1 ;
b1111111111111111 #
b1111111111111111 6
b1111111111111111 $
b1111111111111111 8
1,
1.
1-
#740
1(
1'
b1111111111111111 :
b1111111111111111 %
b1111111111111111 &
b1111111111111111 3
b1111111111111111 ;
b0 #
b0 6
0,
0.
#741
0(
0'
0!
b11001001001001 %
0"
b11001001001001 &
b11001001001001 3
b11001001001001 ;
b11001001001001 :
b1111111111111111 #
b1111111111111111 6
b11001001001001 $
b11001001001001 8
b11001001001001 9
0)
1.
0-
01
#742
b11111011010000 %
b11111011010000 &
b11111011010000 3
b11111011010000 ;
b11111011010000 :
b11111011010000 #
b11111011010000 6
b11111011010000 7
b1111111111111111 $
b1111111111111111 8
b0 9
0.
02
1-
11
#743
b11001001001001 :
1(
1'
b1100110110110110 %
b1100110110110110 &
b1100110110110110 3
b1100110110110110 ;
b1111111111111111 #
b1111111111111111 6
b0 7
b11001001001001 $
b11001001001001 8
b11001001001001 9
1,
1.
12
0-
01
#744
b1100000100101111 %
b1100000100101111 &
b1100000100101111 3
b1100000100101111 ;
b11111011010000 :
b11111011010000 #
b11111011010000 6
b11111011010000 7
b1111111111111111 $
b1111111111111111 8
b0 9
0.
02
1-
11
#745
1(
1'
b1100110110110111 &
b1100110110110111 3
b1100110110110111 ;
b1100110110110111 %
b11001001001000 :
b1111111111111111 #
b1111111111111111 6
b0 7
b11001001001001 $
b11001001001001 8
b11001001001001 9
1)
1.
12
0-
01
#746
b1100000100110000 %
b1100000100110000 &
b1100000100110000 3
b1100000100110000 ;
b11111011001111 :
b11111011010000 #
b11111011010000 6
b11111011010000 7
b1111111111111111 $
b1111111111111111 8
b0 9
0.
02
1-
11
#747
0(
0'
b11001001001010 %
b11001001001010 &
b11001001001010 3
b11001001001010 ;
b1100110110110110 8
b1100110110110101 :
b1100110110110110 $
b1111111111111111 #
b1111111111111111 6
b0 7
b11001001001001 9
1.
12
01
#748
b11111011010001 &
b11111011010001 3
b11111011010001 ;
b11111011010001 %
b1100000100101110 :
b1100000100101111 6
b1111111111111111 8
b1100000100101111 #
b1111111111111111 $
b11111011010000 7
b0 9
02
11
#749
b1111111111111111 6
0(
0'
b1111111111111111 #
b11001001001000 :
b11001001001000 %
b11001001001000 &
b11001001001000 3
b11001001001000 ;
b0 7
b11001001001001 $
b11001001001001 8
b11001001001001 9
0,
12
0-
01
#750
b11111011001111 %
b11111011001111 &
b11111011001111 3
b11111011001111 ;
b11111011001111 :
b11111011010000 #
b11111011010000 6
b11111011010000 7
b1111111111111111 $
b1111111111111111 8
b0 9
0.
02
1-
11
#751
b111000100011001 %
b111000100011001 &
b111000100011001 3
b111000100011001 ;
b111000100011001 :
b11001001001001 $
b11001001001001 8
b11001001001001 9
0-
01
#752
1(
1'
b110010000110 :
b1111001101111001 %
b1111001101111001 &
b1111001101111001 3
b1111001101111001 ;
b1100110110110110 $
b1100110110110110 8
1,
1-
#753
0(
0'
b110010000111 %
b110010000111 &
b110010000111 3
b110010000111 ;
b1111001101111000 :
b1100000100101111 #
b1100000100101111 6
b11001001001001 $
b11001001001001 8
1.
0-
#754
b11001001000000 %
b11001001000000 &
b11001001000000 3
b11001001000000 ;
b11001001000000 :
b11111011010000 #
b11111011010000 6
0,
0)
0.
#755
b1100000100100110 :
0(
0'
b11111011011001 %
b11111011011001 &
b11111011011001 3
b11111011011001 ;
b1100000100101111 #
b1100000100101111 6
b1100110110110110 $
b1100110110110110 8
1,
1.
1-
#756
1!
b0 %
1"
b0 &
b0 3
b0 ;
b0 :
b0 #
b0 6
b0 $
b0 8
b0 7
b0 9
0,
1)
0.
12
0-
11
b1111110001010001 0
b1111110001010001 5
b1100000011010111 /
b1100000011010111 4
b101010 +
#757
0(
0'
0!
b1111111111111110 :
b1 %
0"
b1 &
b1 3
b1 ;
b1111111111111111 #
b1111111111111111 6
b1111111111111111 $
b1111111111111111 8
1,
1.
1-
#758
1(
1'
b1111111111111111 :
b1111111111111111 %
b1111111111111111 &
b1111111111111111 3
b1111111111111111 ;
b0 #
b0 6
0,
0.
#759
1(
1'
0!
b1100000011010111 %
0"
b1100000011010111 &
b1100000011010111 3
b1100000011010111 ;
b1100000011010111 :
b1111111111111111 #
b1111111111111111 6
b1100000011010111 $
b1100000011010111 8
b1100000011010111 9
0)
1.
0-
01
#760
1(
1'
b1111110001010001 %
b1111110001010001 &
b1111110001010001 3
b1111110001010001 ;
b1111110001010001 :
b1111110001010001 #
b1111110001010001 6
b1111110001010001 7
b1111111111111111 $
b1111111111111111 8
b0 9
0.
02
1-
11
#761
b1100000011010111 :
0(
0'
b11111100101000 %
b11111100101000 &
b11111100101000 3
b11111100101000 ;
b1111111111111111 #
b1111111111111111 6
b0 7
b1100000011010111 $
b1100000011010111 8
b1100000011010111 9
1,
1.
12
0-
01
#762
0(
0'
b1110101110 %
b1110101110 &
b1110101110 3
b1110101110 ;
b1111110001010001 :
b1111110001010001 #
b1111110001010001 6
b1111110001010001 7
b1111111111111111 $
b1111111111111111 8
b0 9
0.
02
1-
11
#763
b11111100101001 &
b11111100101001 3
b11111100101001 ;
b11111100101001 %
b1100000011010110 :
b1111111111111111 #
b1111111111111111 6
b0 7
b1100000011010111 $
b1100000011010111 8
b1100000011010111 9
1)
1.
12
0-
01
#764
0(
0'
b1110101111 %
b1110101111 &
b1110101111 3
b1110101111 ;
b1111110001010000 :
b1111110001010001 #
b1111110001010001 6
b1111110001010001 7
b1111111111111111 $
b1111111111111111 8
b0 9
0.
02
1-
11
#765
1(
1'
b1100000011011000 %
b1100000011011000 &
b1100000011011000 3
b1100000011011000 ;
b11111100101000 8
b11111100100111 :
b11111100101000 $
b1111111111111111 #
b1111111111111111 6
b0 7
b1100000011010111 9
1.
12
01
#766
b1111110001010010 &
b1111110001010010 3
b1111110001010010 ;
b1111110001010010 %
b1110101101 :
b1110101110 6
b1111111111111111 8
b1110101110 #
b1111111111111111 $
b1111110001010001 7
b0 9
02
11
#767
b1111111111111111 6
1(
1'
b1111111111111111 #
b1100000011010110 :
b1100000011010110 %
b1100000011010110 &
b1100000011010110 3
b1100000011010110 ;
b0 7
b1100000011010111 $
b1100000011010111 8
b1100000011010111 9
0,
12
0-
01
#768
1(
1'
b1111110001010000 %
b1111110001010000 &
b1111110001010000 3
b1111110001010000 ;
b1111110001010000 :
b1111110001010001 #
b1111110001010001 6
b1111110001010001 7
b1111111111111111 $
b1111111111111111 8
b0 9
0.
02
1-
11
#769
b1011110100101000 %
b1011110100101000 &
b1011110100101000 3
b1011110100101000 ;
b1011110100101000 :
b1100000011010111 $
b1100000011010111 8
b1100000011010111 9
0-
01
#770
1(
1'
b11101101111001 :
b1100010010000110 %
b1100010010000110 &
b1100010010000110 3
b1100010010000110 ;
b11111100101000 $
b11111100101000 8
1,
1-
#771
0(
0'
b11101101111010 %
b11101101111010 &
b11101101111010 3
b11101101111010 ;
b1100010010000101 :
b1110101110 #
b1110101110 6
b1100000011010111 $
b1100000011010111 8
1.
0-
#772
1(
1'
b1100000001010001 %
b1100000001010001 &
b1100000001010001 3
b1100000001010001 ;
b1100000001010001 :
b1111110001010001 #
b1111110001010001 6
0,
0)
0.
#773
b1100101000 :
1(
1'
b1111110011010111 %
b1111110011010111 &
b1111110011010111 3
b1111110011010111 ;
b1110101110 #
b1110101110 6
b11111100101000 $
b11111100101000 8
1,
1.
1-
#774
0(
0'
1!
b0 %
1"
b0 &
b0 3
b0 ;
b0 :
b0 #
b0 6
b0 $
b0 8
b0 7
b0 9
0,
1)
0.
12
0-
11
b111111100001100 0
b111111100001100 5
b10111110010110 /
b10111110010110 4
b101011 +
#775
0(
0'
0!
b1111111111111110 :
b1 %
0"
b1 &
b1 3
b1 ;
b1111111111111111 #
b1111111111111111 6
b1111111111111111 $
b1111111111111111 8
1,
1.
1-
#776
1(
1'
b1111111111111111 :
b1111111111111111 %
b1111111111111111 &
b1111111111111111 3
b1111111111111111 ;
b0 #
b0 6
0,
0.
#777
0(
0'
0!
b10111110010110 %
0"
b10111110010110 &
b10111110010110 3
b10111110010110 ;
b10111110010110 :
b1111111111111111 #
b1111111111111111 6
b10111110010110 $
b10111110010110 8
b10111110010110 9
0)
1.
0-
01
#778
b111111100001100 %
b111111100001100 &
b111111100001100 3
b111111100001100 ;
b111111100001100 :
b111111100001100 #
b111111100001100 6
b111111100001100 7
b1111111111111111 $
b1111111111111111 8
b0 9
0.
02
1-
11
#779
b10111110010110 :
1(
1'
b1101000001101001 %
b1101000001101001 &
b1101000001101001 3
b1101000001101001 ;
b1111111111111111 #
b1111111111111111 6
b0 7
b10111110010110 $
b10111110010110 8
b10111110010110 9
1,
1.
12
0-
01
#780
b1000000011110011 %
b1000000011110011 &
b1000000011110011 3
b1000000011110011 ;
b111111100001100 :
b111111100001100 #
b111111100001100 6
b111111100001100 7
b1111111111111111 $
b1111111111111111 8
b0 9
0.
02
1-
11
#781
1(
1'
b1101000001101010 &
b1101000001101010 3
b1101000001101010 ;
b1101000001101010 %
b10111110010101 :
b1111111111111111 #
b1111111111111111 6
b0 7
b10111110010110 $
b10111110010110 8
b10111110010110 9
1)
1.
12
0-
01
#782
b1000000011110100 %
b1000000011110100 &
b1000000011110100 3
b1000000011110100 ;
b111111100001011 :
b111111100001100 #
b111111100001100 6
b111111100001100 7
b1111111111111111 $
b1111111111111111 8
b0 9
0.
02
1-
11
#783
0(
0'
b10111110010111 %
b10111110010111 &
b10111110010111 3
b10111110010111 ;
b1101000001101001 8
b1101000001101000 :
b1101000001101001 $
b1111111111111111 #
b1111111111111111 6
b0 7
b10111110010110 9
1.
12
01
#784
b111111100001101 &
b111111100001101 3
b111111100001101 ;
b111111100001101 %
b1000000011110010 :
b1000000011110011 6
b1111111111111111 8
b1000000011110011 #
b1111111111111111 $
b111111100001100 7
b0 9
02
11
#785
b1111111111111111 6
0(
0'
b1111111111111111 #
b10111110010101 :
b10111110010101 %
b10111110010101 &
b10111110010101 3
b10111110010101 ;
b0 7
b10111110010110 $
b10111110010110 8
b10111110010110 9
0,
12
0-
01
#786
b111111100001011 %
b111111100001011 &
b111111100001011 3
b111111100001011 ;
b111111100001011 :
b111111100001100 #
b111111100001100 6
b111111100001100 7
b1111111111111111 $
b1111111111111111 8
b0 9
0.
02
1-
11
#787
1(
1'
b1010111010100010 %
b1010111010100010 &
b1010111010100010 3
b1010111010100010 ;
b1010111010100010 :
b10111110010110 $
b10111110010110 8
b10111110010110 9
0-
01
#788
1(
1'
b100111101110101 :
b1011000010001010 %
b1011000010001010 &
b1011000010001010 3
b1011000010001010 ;
b1101000001101001 $
b1101000001101001 8
1,
1-
#789
0(
0'
b100111101110110 %
b100111101110110 &
b100111101110110 3
b100111101110110 ;
b1011000010001001 :
b1000000011110011 #
b1000000011110011 6
b10111110010110 $
b10111110010110 8
1.
0-
#790
b10111100000100 %
b10111100000100 &
b10111100000100 3
b10111100000100 ;
b10111100000100 :
b111111100001100 #
b111111100001100 6
0,
0)
0.
#791
b1000000001100001 :
0(
0'
b111111110011110 %
b111111110011110 &
b111111110011110 3
b111111110011110 ;
b1000000011110011 #
b1000000011110011 6
b1101000001101001 $
b1101000001101001 8
1,
1.
1-
#792
1!
b0 %
1"
b0 &
b0 3
b0 ;
b0 :
b0 #
b0 6
b0 $
b0 8
b0 7
b0 9
0,
1)
0.
12
0-
11
b1110110111001000 0
b1110110111001000 5
b1100111011000010 /
b1100111011000010 4
b101100 +
#793
0(
0'
0!
b1111111111111110 :
b1 %
0"
b1 &
b1 3
b1 ;
b1111111111111111 #
b1111111111111111 6
b1111111111111111 $
b1111111111111111 8
1,
1.
1-
#794
1(
1'
b1111111111111111 :
b1111111111111111 %
b1111111111111111 &
b1111111111111111 3
b1111111111111111 ;
b0 #
b0 6
0,
0.
#795
1(
1'
0!
b1100111011000010 %
0"
b1100111011000010 &
b1100111011000010 3
b1100111011000010 ;
b1100111011000010 :
b1111111111111111 #
b1111111111111111 6
b1100111011000010 $
b1100111011000010 8
b1100111011000010 9
0)
1.
0-
01
#796
1(
1'
b1110110111001000 %
b1110110111001000 &
b1110110111001000 3
b1110110111001000 ;
b1110110111001000 :
b1110110111001000 #
b1110110111001000 6
b1110110111001000 7
b1111111111111111 $
b1111111111111111 8
b0 9
0.
02
1-
11
#797
b1100111011000010 :
0(
0'
b11000100111101 %
b11000100111101 &
b11000100111101 3
b11000100111101 ;
b1111111111111111 #
b1111111111111111 6
b0 7
b1100111011000010 $
b1100111011000010 8
b1100111011000010 9
1,
1.
12
0-
01
#798
0(
0'
b1001000110111 %
b1001000110111 &
b1001000110111 3
b1001000110111 ;
b1110110111001000 :
b1110110111001000 #
b1110110111001000 6
b1110110111001000 7
b1111111111111111 $
b1111111111111111 8
b0 9
0.
02
1-
11
#799
b11000100111110 &
b11000100111110 3
b11000100111110 ;
b11000100111110 %
b1100111011000001 :
b1111111111111111 #
b1111111111111111 6
b0 7
b1100111011000010 $
b1100111011000010 8
b1100111011000010 9
1)
1.
12
0-
01
#800
0(
0'
b1001000111000 %
b1001000111000 &
b1001000111000 3
b1001000111000 ;
b1110110111000111 :
b1110110111001000 #
b1110110111001000 6
b1110110111001000 7
b1111111111111111 $
b1111111111111111 8
b0 9
0.
02
1-
11
#801
1(
1'
b1100111011000011 %
b1100111011000011 &
b1100111011000011 3
b1100111011000011 ;
b11000100111101 8
b11000100111100 :
b11000100111101 $
b1111111111111111 #
b1111111111111111 6
b0 7
b1100111011000010 9
1.
12
01
#802
b1110110111001001 &
b1110110111001001 3
b1110110111001001 ;
b1110110111001001 %
b1001000110110 :
b1001000110111 6
b1111111111111111 8
b1001000110111 #
b1111111111111111 $
b1110110111001000 7
b0 9
02
11
#803
b1111111111111111 6
1(
1'
b1111111111111111 #
b1100111011000001 :
b1100111011000001 %
b1100111011000001 &
b1100111011000001 3
b1100111011000001 ;
b0 7
b1100111011000010 $
b1100111011000010 8
b1100111011000010 9
0,
12
0-
01
#804
1(
1'
b1110110111000111 %
b1110110111000111 &
b1110110111000111 3
b1110110111000111 ;
b1110110111000111 :
b1110110111001000 #
b1110110111001000 6
b1110110111001000 7
b1111111111111111 $
b1111111111111111 8
b0 9
0.
02
1-
11
#805
b1011110010001010 %
b1011110010001010 &
b1011110010001010 3
b1011110010001010 ;
b1011110010001010 :
b1100111011000010 $
b1100111011000010 8
b1100111011000010 9
0-
01
#806
1(
1'
b1111100000101 :
b1110000011111010 %
b1110000011111010 &
b1110000011111010 3
b1110000011111010 ;
b11000100111101 $
b11000100111101 8
1,
1-
#807
0(
0'
b1111100000110 %
b1111100000110 &
b1111100000110 3
b1111100000110 ;
b1110000011111001 :
b1001000110111 #
b1001000110111 6
b1100111011000010 $
b1100111011000010 8
1.
0-
#808
1(
1'
b1100110011000000 %
b1100110011000000 &
b1100110011000000 3
b1100110011000000 ;
b1100110011000000 :
b1110110111001000 #
b1110110111001000 6
0,
0)
0.
#809
b1000000110101 :
1(
1'
b1110111111001010 %
b1110111111001010 &
b1110111111001010 3
b1110111111001010 ;
b1001000110111 #
b1001000110111 6
b11000100111101 $
b11000100111101 8
1,
1.
1-
#810
0(
0'
1!
b0 %
1"
b0 &
b0 3
b0 ;
b0 :
b0 #
b0 6
b0 $
b0 8
b0 7
b0 9
0,
1)
0.
12
0-
11
b1110110100111101 0
b1110110100111101 5
b101101001110111 /
b101101001110111 4
b101101 +
#811
0(
0'
0!
b1111111111111110 :
b1 %
0"
b1 &
b1 3
b1 ;
b1111111111111111 #
b1111111111111111 6
b1111111111111111 $
b1111111111111111 8
1,
1.
1-
#812
1(
1'
b1111111111111111 :
b1111111111111111 %
b1111111111111111 &
b1111111111111111 3
b1111111111111111 ;
b0 #
b0 6
0,
0.
#813
0(
0'
0!
b101101001110111 %
0"
b101101001110111 &
b101101001110111 3
b101101001110111 ;
b101101001110111 :
b1111111111111111 #
b1111111111111111 6
b101101001110111 $
b101101001110111 8
b101101001110111 9
0)
1.
0-
01
#814
1(
1'
b1110110100111101 %
b1110110100111101 &
b1110110100111101 3
b1110110100111101 ;
b1110110100111101 :
b1110110100111101 #
b1110110100111101 6
b1110110100111101 7
b1111111111111111 $
b1111111111111111 8
b0 9
0.
02
1-
11
#815
b101101001110111 :
1(
1'
b1010010110001000 %
b1010010110001000 &
b1010010110001000 3
b1010010110001000 ;
b1111111111111111 #
b1111111111111111 6
b0 7
b101101001110111 $
b101101001110111 8
b101101001110111 9
1,
1.
12
0-
01
#816
0(
0'
b1001011000010 %
b1001011000010 &
b1001011000010 3
b1001011000010 ;
b1110110100111101 :
b1110110100111101 #
b1110110100111101 6
b1110110100111101 7
b1111111111111111 $
b1111111111111111 8
b0 9
0.
02
1-
11
#817
1(
1'
b1010010110001001 &
b1010010110001001 3
b1010010110001001 ;
b1010010110001001 %
b101101001110110 :
b1111111111111111 #
b1111111111111111 6
b0 7
b101101001110111 $
b101101001110111 8
b101101001110111 9
1)
1.
12
0-
01
#818
0(
0'
b1001011000011 %
b1001011000011 &
b1001011000011 3
b1001011000011 ;
b1110110100111100 :
b1110110100111101 #
b1110110100111101 6
b1110110100111101 7
b1111111111111111 $
b1111111111111111 8
b0 9
0.
02
1-
11
#819
0(
0'
b101101001111000 %
b101101001111000 &
b101101001111000 3
b101101001111000 ;
b1010010110001000 8
b1010010110000111 :
b1010010110001000 $
b1111111111111111 #
b1111111111111111 6
b0 7
b101101001110111 9
1.
12
01
#820
1(
1'
b1110110100111110 &
b1110110100111110 3
b1110110100111110 ;
b1110110100111110 %
b1001011000001 :
b1001011000010 6
b1111111111111111 8
b1001011000010 #
b1111111111111111 $
b1110110100111101 7
b0 9
02
11
#821
b1111111111111111 6
0(
0'
b1111111111111111 #
b101101001110110 :
b101101001110110 %
b101101001110110 &
b101101001110110 3
b101101001110110 ;
b0 7
b101101001110111 $
b101101001110111 8
b101101001110111 9
0,
12
0-
01
#822
1(
1'
b1110110100111100 %
b1110110100111100 &
b1110110100111100 3
b1110110100111100 ;
b1110110100111100 :
b1110110100111101 #
b1110110100111101 6
b1110110100111101 7
b1111111111111111 $
b1111111111111111 8
b0 9
0.
02
1-
11
#823
0(
0'
b100011110110100 %
b100011110110100 &
b100011110110100 3
b100011110110100 ;
b100011110110100 :
b101101001110111 $
b101101001110111 8
b101101001110111 9
0-
01
#824
0(
0'
b1001001011000101 :
b110110100111010 %
b110110100111010 &
b110110100111010 3
b110110100111010 ;
b1010010110001000 $
b1010010110001000 8
1,
1-
#825
1(
1'
b1001001011000110 %
b1001001011000110 &
b1001001011000110 3
b1001001011000110 ;
b110110100111001 :
b1001011000010 #
b1001011000010 6
b101101001110111 $
b101101001110111 8
1.
0-
#826
0(
0'
b100100000110101 %
b100100000110101 &
b100100000110101 3
b100100000110101 ;
b100100000110101 :
b1110110100111101 #
b1110110100111101 6
0,
0)
0.
#827
b10000000 :
1(
1'
b1111111101111111 %
b1111111101111111 &
b1111111101111111 3
b1111111101111111 ;
b1001011000010 #
b1001011000010 6
b1010010110001000 $
b1010010110001000 8
1,
1.
1-
#828
0(
0'
1!
b0 %
1"
b0 &
b0 3
b0 ;
b0 :
b0 #
b0 6
b0 $
b0 8
b0 7
b0 9
0,
1)
0.
12
0-
11
b1111110 0
b1111110 5
b1101101100010010 /
b1101101100010010 4
b101110 +
#829
0(
0'
0!
b1111111111111110 :
b1 %
0"
b1 &
b1 3
b1 ;
b1111111111111111 #
b1111111111111111 6
b1111111111111111 $
b1111111111111111 8
1,
1.
1-
#830
1(
1'
b1111111111111111 :
b1111111111111111 %
b1111111111111111 &
b1111111111111111 3
b1111111111111111 ;
b0 #
b0 6
0,
0.
#831
1(
1'
0!
b1101101100010010 %
0"
b1101101100010010 &
b1101101100010010 3
b1101101100010010 ;
b1101101100010010 :
b1111111111111111 #
b1111111111111111 6
b1101101100010010 $
b1101101100010010 8
b1101101100010010 9
0)
1.
0-
01
#832
0(
0'
b1111110 %
b1111110 &
b1111110 3
b1111110 ;
b1111110 :
b1111110 #
b1111110 6
b1111110 7
b1111111111111111 $
b1111111111111111 8
b0 9
0.
02
1-
11
#833
b1101101100010010 :
0(
0'
b10010011101101 %
b10010011101101 &
b10010011101101 3
b10010011101101 ;
b1111111111111111 #
b1111111111111111 6
b0 7
b1101101100010010 $
b1101101100010010 8
b1101101100010010 9
1,
1.
12
0-
01
#834
1(
1'
b1111111110000001 %
b1111111110000001 &
b1111111110000001 3
b1111111110000001 ;
b1111110 :
b1111110 #
b1111110 6
b1111110 7
b1111111111111111 $
b1111111111111111 8
b0 9
0.
02
1-
11
#835
0(
0'
b10010011101110 &
b10010011101110 3
b10010011101110 ;
b10010011101110 %
b1101101100010001 :
b1111111111111111 #
b1111111111111111 6
b0 7
b1101101100010010 $
b1101101100010010 8
b1101101100010010 9
1)
1.
12
0-
01
#836
1(
1'
b1111111110000010 %
b1111111110000010 &
b1111111110000010 3
b1111111110000010 ;
b1111101 :
b1111110 #
b1111110 6
b1111110 7
b1111111111111111 $
b1111111111111111 8
b0 9
0.
02
1-
11
#837
1(
1'
b1101101100010011 %
b1101101100010011 &
b1101101100010011 3
b1101101100010011 ;
b10010011101101 8
b10010011101100 :
b10010011101101 $
b1111111111111111 #
b1111111111111111 6
b0 7
b1101101100010010 9
1.
12
01
#838
0(
0'
b1111111 &
b1111111 3
b1111111 ;
b1111111 %
b1111111110000000 :
b1111111110000001 6
b1111111111111111 8
b1111111110000001 #
b1111111111111111 $
b1111110 7
b0 9
02
11
#839
b1111111111111111 6
1(
1'
b1111111111111111 #
b1101101100010001 :
b1101101100010001 %
b1101101100010001 &
b1101101100010001 3
b1101101100010001 ;
b0 7
b1101101100010010 $
b1101101100010010 8
b1101101100010010 9
0,
12
0-
01
#840
0(
0'
b1111101 %
b1111101 &
b1111101 3
b1111101 ;
b1111101 :
b1111110 #
b1111110 6
b1111110 7
b1111111111111111 $
b1111111111111111 8
b0 9
0.
02
1-
11
#841
1(
1'
b1101101110010000 %
b1101101110010000 &
b1101101110010000 3
b1101101110010000 ;
b1101101110010000 :
b1101101100010010 $
b1101101100010010 8
b1101101100010010 9
0-
01
#842
1(
1'
b10010101101011 :
b1101101010010100 %
b1101101010010100 &
b1101101010010100 3
b1101101010010100 ;
b10010011101101 $
b10010011101101 8
1,
1-
#843
0(
0'
b10010101101100 %
b10010101101100 &
b10010101101100 3
b10010101101100 ;
b1101101010010011 :
b1111111110000001 #
b1111111110000001 6
b1101101100010010 $
b1101101100010010 8
1.
0-
#844
0(
0'
b10010 %
b10010 &
b10010 3
b10010 ;
b10010 :
b1111110 #
b1111110 6
0,
0)
0.
#845
b10010010000001 :
1(
1'
b1101101101111110 %
b1101101101111110 &
b1101101101111110 3
b1101101101111110 ;
b1111111110000001 #
b1111111110000001 6
b10010011101101 $
b10010011101101 8
1,
1.
1-
#846
0(
0'
1!
b0 %
1"
b0 &
b0 3
b0 ;
b0 :
b0 #
b0 6
b0 $
b0 8
b0 7
b0 9
0,
1)
0.
12
0-
11
b1110011100111001 0
b1110011100111001 5
b1000000101101101 /
b1000000101101101 4
b101111 +
#847
0(
0'
0!
b1111111111111110 :
b1 %
0"
b1 &
b1 3
b1 ;
b1111111111111111 #
b1111111111111111 6
b1111111111111111 $
b1111111111111111 8
1,
1.
1-
#848
1(
1'
b1111111111111111 :
b1111111111111111 %
b1111111111111111 &
b1111111111111111 3
b1111111111111111 ;
b0 #
b0 6
0,
0.
#849
1(
1'
0!
b1000000101101101 %
0"
b1000000101101101 &
b1000000101101101 3
b1000000101101101 ;
b1000000101101101 :
b1111111111111111 #
b1111111111111111 6
b1000000101101101 $
b1000000101101101 8
b1000000101101101 9
0)
1.
0-
01
#850
1(
1'
b1110011100111001 %
b1110011100111001 &
b1110011100111001 3
b1110011100111001 ;
b1110011100111001 :
b1110011100111001 #
b1110011100111001 6
b1110011100111001 7
b1111111111111111 $
b1111111111111111 8
b0 9
0.
02
1-
11
#851
b1000000101101101 :
0(
0'
b111111010010010 %
b111111010010010 &
b111111010010010 3
b111111010010010 ;
b1111111111111111 #
b1111111111111111 6
b0 7
b1000000101101101 $
b1000000101101101 8
b1000000101101101 9
1,
1.
12
0-
01
#852
0(
0'
b1100011000110 %
b1100011000110 &
b1100011000110 3
b1100011000110 ;
b1110011100111001 :
b1110011100111001 #
b1110011100111001 6
b1110011100111001 7
b1111111111111111 $
b1111111111111111 8
b0 9
0.
02
1-
11
#853
b111111010010011 &
b111111010010011 3
b111111010010011 ;
b111111010010011 %
b1000000101101100 :
b1111111111111111 #
b1111111111111111 6
b0 7
b1000000101101101 $
b1000000101101101 8
b1000000101101101 9
1)
1.
12
0-
01
#854
0(
0'
b1100011000111 %
b1100011000111 &
b1100011000111 3
b1100011000111 ;
b1110011100111000 :
b1110011100111001 #
b1110011100111001 6
b1110011100111001 7
b1111111111111111 $
b1111111111111111 8
b0 9
0.
02
1-
11
#855
1(
1'
b1000000101101110 %
b1000000101101110 &
b1000000101101110 3
b1000000101101110 ;
b111111010010010 8
b111111010010001 :
b111111010010010 $
b1111111111111111 #
b1111111111111111 6
b0 7
b1000000101101101 9
1.
12
01
#856
b1110011100111010 &
b1110011100111010 3
b1110011100111010 ;
b1110011100111010 %
b1100011000101 :
b1100011000110 6
b1111111111111111 8
b1100011000110 #
b1111111111111111 $
b1110011100111001 7
b0 9
02
11
#857
b1111111111111111 6
1(
1'
b1111111111111111 #
b1000000101101100 :
b1000000101101100 %
b1000000101101100 &
b1000000101101100 3
b1000000101101100 ;
b0 7
b1000000101101101 $
b1000000101101101 8
b1000000101101101 9
0,
12
0-
01
#858
1(
1'
b1110011100111000 %
b1110011100111000 &
b1110011100111000 3
b1110011100111000 ;
b1110011100111000 :
b1110011100111001 #
b1110011100111001 6
b1110011100111001 7
b1111111111111111 $
b1111111111111111 8
b0 9
0.
02
1-
11
#859
0(
0'
b110100010100110 %
b110100010100110 &
b110100010100110 3
b110100010100110 ;
b110100010100110 :
b1000000101101101 $
b1000000101101101 8
b1000000101101101 9
0-
01
#860
1(
1'
b110010111001011 :
b1001101000110100 %
b1001101000110100 &
b1001101000110100 3
b1001101000110100 ;
b111111010010010 $
b111111010010010 8
1,
1-
#861
0(
0'
b110010111001100 %
b110010111001100 &
b110010111001100 3
b110010111001100 ;
b1001101000110011 :
b1100011000110 #
b1100011000110 6
b1000000101101101 $
b1000000101101101 8
1.
0-
#862
1(
1'
b1000000100101001 %
b1000000100101001 &
b1000000100101001 3
b1000000100101001 ;
b1000000100101001 :
b1110011100111001 #
b1110011100111001 6
0,
0)
0.
#863
b1100010000010 :
1(
1'
b1110011101111101 %
b1110011101111101 &
b1110011101111101 3
b1110011101111101 ;
b1100011000110 #
b1100011000110 6
b111111010010010 $
b111111010010010 8
1,
1.
1-
#864
0(
0'
1!
b0 %
1"
b0 &
b0 3
b0 ;
b0 :
b0 #
b0 6
b0 $
b0 8
b0 7
b0 9
0,
1)
0.
12
0-
11
b1111011011010011 0
b1111011011010011 5
b1000111100011111 /
b1000111100011111 4
b110000 +
#865
0(
0'
0!
b1111111111111110 :
b1 %
0"
b1 &
b1 3
b1 ;
b1111111111111111 #
b1111111111111111 6
b1111111111111111 $
b1111111111111111 8
1,
1.
1-
#866
1(
1'
b1111111111111111 :
b1111111111111111 %
b1111111111111111 &
b1111111111111111 3
b1111111111111111 ;
b0 #
b0 6
0,
0.
#867
1(
1'
0!
b1000111100011111 %
0"
b1000111100011111 &
b1000111100011111 3
b1000111100011111 ;
b1000111100011111 :
b1111111111111111 #
b1111111111111111 6
b1000111100011111 $
b1000111100011111 8
b1000111100011111 9
0)
1.
0-
01
#868
1(
1'
b1111011011010011 %
b1111011011010011 &
b1111011011010011 3
b1111011011010011 ;
b1111011011010011 :
b1111011011010011 #
b1111011011010011 6
b1111011011010011 7
b1111111111111111 $
b1111111111111111 8
b0 9
0.
02
1-
11
#869
b1000111100011111 :
0(
0'
b111000011100000 %
b111000011100000 &
b111000011100000 3
b111000011100000 ;
b1111111111111111 #
b1111111111111111 6
b0 7
b1000111100011111 $
b1000111100011111 8
b1000111100011111 9
1,
1.
12
0-
01
#870
0(
0'
b100100101100 %
b100100101100 &
b100100101100 3
b100100101100 ;
b1111011011010011 :
b1111011011010011 #
b1111011011010011 6
b1111011011010011 7
b1111111111111111 $
b1111111111111111 8
b0 9
0.
02
1-
11
#871
b111000011100001 &
b111000011100001 3
b111000011100001 ;
b111000011100001 %
b1000111100011110 :
b1111111111111111 #
b1111111111111111 6
b0 7
b1000111100011111 $
b1000111100011111 8
b1000111100011111 9
1)
1.
12
0-
01
#872
0(
0'
b100100101101 %
b100100101101 &
b100100101101 3
b100100101101 ;
b1111011011010010 :
b1111011011010011 #
b1111011011010011 6
b1111011011010011 7
b1111111111111111 $
b1111111111111111 8
b0 9
0.
02
1-
11
#873
1(
1'
b1000111100100000 %
b1000111100100000 &
b1000111100100000 3
b1000111100100000 ;
b111000011100000 8
b111000011011111 :
b111000011100000 $
b1111111111111111 #
b1111111111111111 6
b0 7
b1000111100011111 9
1.
12
01
#874
b1111011011010100 &
b1111011011010100 3
b1111011011010100 ;
b1111011011010100 %
b100100101011 :
b100100101100 6
b1111111111111111 8
b100100101100 #
b1111111111111111 $
b1111011011010011 7
b0 9
02
11
#875
b1111111111111111 6
1(
1'
b1111111111111111 #
b1000111100011110 :
b1000111100011110 %
b1000111100011110 &
b1000111100011110 3
b1000111100011110 ;
b0 7
b1000111100011111 $
b1000111100011111 8
b1000111100011111 9
0,
12
0-
01
#876
1(
1'
b1111011011010010 %
b1111011011010010 &
b1111011011010010 3
b1111011011010010 ;
b1111011011010010 :
b1111011011010011 #
b1111011011010011 6
b1111011011010011 7
b1111111111111111 $
b1111111111111111 8
b0 9
0.
02
1-
11
#877
b1000010111110010 %
b1000010111110010 &
b1000010111110010 3
b1000010111110010 ;
b1000010111110010 :
b1000111100011111 $
b1000111100011111 8
b1000111100011111 9
0-
01
#878
1(
1'
b110011110110011 :
b1001100001001100 %
b1001100001001100 &
b1001100001001100 3
b1001100001001100 ;
b111000011100000 $
b111000011100000 8
1,
1-
#879
0(
0'
b110011110110100 %
b110011110110100 &
b110011110110100 3
b110011110110100 ;
b1001100001001011 :
b100100101100 #
b100100101100 6
b1000111100011111 $
b1000111100011111 8
1.
0-
#880
1(
1'
b1000011000010011 %
b1000011000010011 &
b1000011000010011 3
b1000011000010011 ;
b1000011000010011 :
b1111011011010011 #
b1111011011010011 6
0,
0)
0.
#881
b100000 :
1(
1'
b1111111111011111 %
b1111111111011111 &
b1111111111011111 3
b1111111111011111 ;
b100100101100 #
b100100101100 6
b111000011100000 $
b111000011100000 8
1,
1.
1-
#882
0(
0'
1!
b0 %
1"
b0 &
b0 3
b0 ;
b0 :
b0 #
b0 6
b0 $
b0 8
b0 7
b0 9
0,
1)
0.
12
0-
11
b1000100001111000 0
b1000100001111000 5
b10111110000101 /
b10111110000101 4
b110001 +
#883
0(
0'
0!
b1111111111111110 :
b1 %
0"
b1 &
b1 3
b1 ;
b1111111111111111 #
b1111111111111111 6
b1111111111111111 $
b1111111111111111 8
1,
1.
1-
#884
1(
1'
b1111111111111111 :
b1111111111111111 %
b1111111111111111 &
b1111111111111111 3
b1111111111111111 ;
b0 #
b0 6
0,
0.
#885
0(
0'
0!
b10111110000101 %
0"
b10111110000101 &
b10111110000101 3
b10111110000101 ;
b10111110000101 :
b1111111111111111 #
b1111111111111111 6
b10111110000101 $
b10111110000101 8
b10111110000101 9
0)
1.
0-
01
#886
1(
1'
b1000100001111000 %
b1000100001111000 &
b1000100001111000 3
b1000100001111000 ;
b1000100001111000 :
b1000100001111000 #
b1000100001111000 6
b1000100001111000 7
b1111111111111111 $
b1111111111111111 8
b0 9
0.
02
1-
11
#887
b10111110000101 :
1(
1'
b1101000001111010 %
b1101000001111010 &
b1101000001111010 3
b1101000001111010 ;
b1111111111111111 #
b1111111111111111 6
b0 7
b10111110000101 $
b10111110000101 8
b10111110000101 9
1,
1.
12
0-
01
#888
0(
0'
b111011110000111 %
b111011110000111 &
b111011110000111 3
b111011110000111 ;
b1000100001111000 :
b1000100001111000 #
b1000100001111000 6
b1000100001111000 7
b1111111111111111 $
b1111111111111111 8
b0 9
0.
02
1-
11
#889
1(
1'
b1101000001111011 &
b1101000001111011 3
b1101000001111011 ;
b1101000001111011 %
b10111110000100 :
b1111111111111111 #
b1111111111111111 6
b0 7
b10111110000101 $
b10111110000101 8
b10111110000101 9
1)
1.
12
0-
01
#890
0(
0'
b111011110001000 %
b111011110001000 &
b111011110001000 3
b111011110001000 ;
b1000100001110111 :
b1000100001111000 #
b1000100001111000 6
b1000100001111000 7
b1111111111111111 $
b1111111111111111 8
b0 9
0.
02
1-
11
#891
0(
0'
b10111110000110 %
b10111110000110 &
b10111110000110 3
b10111110000110 ;
b1101000001111010 8
b1101000001111001 :
b1101000001111010 $
b1111111111111111 #
b1111111111111111 6
b0 7
b10111110000101 9
1.
12
01
#892
1(
1'
b1000100001111001 &
b1000100001111001 3
b1000100001111001 ;
b1000100001111001 %
b111011110000110 :
b111011110000111 6
b1111111111111111 8
b111011110000111 #
b1111111111111111 $
b1000100001111000 7
b0 9
02
11
#893
b1111111111111111 6
0(
0'
b1111111111111111 #
b10111110000100 :
b10111110000100 %
b10111110000100 &
b10111110000100 3
b10111110000100 ;
b0 7
b10111110000101 $
b10111110000101 8
b10111110000101 9
0,
12
0-
01
#894
1(
1'
b1000100001110111 %
b1000100001110111 &
b1000100001110111 3
b1000100001110111 ;
b1000100001110111 :
b1000100001111000 #
b1000100001111000 6
b1000100001111000 7
b1111111111111111 $
b1111111111111111 8
b0 9
0.
02
1-
11
#895
b1011011111111101 %
b1011011111111101 &
b1011011111111101 3
b1011011111111101 ;
b1011011111111101 :
b10111110000101 $
b10111110000101 8
b10111110000101 9
0-
01
#896
1(
1'
b101100011110010 :
b1010011100001101 %
b1010011100001101 &
b1010011100001101 3
b1010011100001101 ;
b1101000001111010 $
b1101000001111010 8
1,
1-
#897
0(
0'
b101100011110011 %
b101100011110011 &
b101100011110011 3
b101100011110011 ;
b1010011100001100 :
b111011110000111 #
b111011110000111 6
b10111110000101 $
b10111110000101 8
1.
0-
#898
b100000000000 %
b100000000000 &
b100000000000 3
b100000000000 ;
b100000000000 :
b1000100001111000 #
b1000100001111000 6
0,
0)
0.
#899
b101000000000010 :
1(
1'
b1010111111111101 %
b1010111111111101 &
b1010111111111101 3
b1010111111111101 ;
b111011110000111 #
b111011110000111 6
b1101000001111010 $
b1101000001111010 8
1,
1.
1-
#900
0(
0'
1!
b0 %
1"
b0 &
b0 3
b0 ;
b0 :
b0 #
b0 6
b0 $
b0 8
b0 7
b0 9
0,
1)
0.
12
0-
11
b100101101001001 0
b100101101001001 5
b101100101011011 /
b101100101011011 4
b110010 +
#901
0(
0'
0!
b1111111111111110 :
b1 %
0"
b1 &
b1 3
b1 ;
b1111111111111111 #
b1111111111111111 6
b1111111111111111 $
b1111111111111111 8
1,
1.
1-
#902
1(
1'
b1111111111111111 :
b1111111111111111 %
b1111111111111111 &
b1111111111111111 3
b1111111111111111 ;
b0 #
b0 6
0,
0.
#903
0(
0'
0!
b101100101011011 %
0"
b101100101011011 &
b101100101011011 3
b101100101011011 ;
b101100101011011 :
b1111111111111111 #
b1111111111111111 6
b101100101011011 $
b101100101011011 8
b101100101011011 9
0)
1.
0-
01
#904
b100101101001001 %
b100101101001001 &
b100101101001001 3
b100101101001001 ;
b100101101001001 :
b100101101001001 #
b100101101001001 6
b100101101001001 7
b1111111111111111 $
b1111111111111111 8
b0 9
0.
02
1-
11
#905
b101100101011011 :
1(
1'
b1010011010100100 %
b1010011010100100 &
b1010011010100100 3
b1010011010100100 ;
b1111111111111111 #
b1111111111111111 6
b0 7
b101100101011011 $
b101100101011011 8
b101100101011011 9
1,
1.
12
0-
01
#906
b1011010010110110 %
b1011010010110110 &
b1011010010110110 3
b1011010010110110 ;
b100101101001001 :
b100101101001001 #
b100101101001001 6
b100101101001001 7
b1111111111111111 $
b1111111111111111 8
b0 9
0.
02
1-
11
#907
b1010011010100101 &
b1010011010100101 3
b1010011010100101 ;
b1010011010100101 %
b101100101011010 :
b1111111111111111 #
b1111111111111111 6
b0 7
b101100101011011 $
b101100101011011 8
b101100101011011 9
1)
1.
12
0-
01
#908
1(
1'
b1011010010110111 %
b1011010010110111 &
b1011010010110111 3
b1011010010110111 ;
b100101101001000 :
b100101101001001 #
b100101101001001 6
b100101101001001 7
b1111111111111111 $
b1111111111111111 8
b0 9
0.
02
1-
11
#909
0(
0'
b101100101011100 %
b101100101011100 &
b101100101011100 3
b101100101011100 ;
b1010011010100100 8
b1010011010100011 :
b1010011010100100 $
b1111111111111111 #
b1111111111111111 6
b0 7
b101100101011011 9
1.
12
01
#910
b100101101001010 &
b100101101001010 3
b100101101001010 ;
b100101101001010 %
b1011010010110101 :
b1011010010110110 6
b1111111111111111 8
b1011010010110110 #
b1111111111111111 $
b100101101001001 7
b0 9
02
11
#911
b1111111111111111 6
0(
0'
b1111111111111111 #
b101100101011010 :
b101100101011010 %
b101100101011010 &
b101100101011010 3
b101100101011010 ;
b0 7
b101100101011011 $
b101100101011011 8
b101100101011011 9
0,
12
0-
01
#912
0(
0'
b100101101001000 %
b100101101001000 &
b100101101001000 3
b100101101001000 ;
b100101101001000 :
b100101101001001 #
b100101101001001 6
b100101101001001 7
b1111111111111111 $
b1111111111111111 8
b0 9
0.
02
1-
11
#913
1(
1'
b1010010010100100 %
b1010010010100100 &
b1010010010100100 3
b1010010010100100 ;
b1010010010100100 :
b101100101011011 $
b101100101011011 8
b101100101011011 9
0-
01
#914
0(
0'
b1111000111101101 :
b111000010010 %
b111000010010 &
b111000010010 3
b111000010010 ;
b1010011010100100 $
b1010011010100100 8
1,
1-
#915
1(
1'
b1111000111101110 %
b1111000111101110 &
b1111000111101110 3
b1111000111101110 ;
b111000010001 :
b1011010010110110 #
b1011010010110110 6
b101100101011011 $
b101100101011011 8
1.
0-
#916
0(
0'
b100100101001001 %
b100100101001001 &
b100100101001001 3
b100100101001001 ;
b100100101001001 :
b100101101001001 #
b100101101001001 6
0,
0)
0.
#917
b1010010010100100 :
0(
0'
b101101101011011 %
b101101101011011 &
b101101101011011 3
b101101101011011 ;
b1011010010110110 #
b1011010010110110 6
b1010011010100100 $
b1010011010100100 8
1,
1.
1-
#918
1!
b0 %
1"
b0 &
b0 3
b0 ;
b0 :
b0 #
b0 6
b0 $
b0 8
b0 7
b0 9
0,
1)
0.
12
0-
11
b1010111100101010 0
b1010111100101010 5
b1010111000111111 /
b1010111000111111 4
b110011 +
#919
0(
0'
0!
b1111111111111110 :
b1 %
0"
b1 &
b1 3
b1 ;
b1111111111111111 #
b1111111111111111 6
b1111111111111111 $
b1111111111111111 8
1,
1.
1-
#920
1(
1'
b1111111111111111 :
b1111111111111111 %
b1111111111111111 &
b1111111111111111 3
b1111111111111111 ;
b0 #
b0 6
0,
0.
#921
1(
1'
0!
b1010111000111111 %
0"
b1010111000111111 &
b1010111000111111 3
b1010111000111111 ;
b1010111000111111 :
b1111111111111111 #
b1111111111111111 6
b1010111000111111 $
b1010111000111111 8
b1010111000111111 9
0)
1.
0-
01
#922
1(
1'
b1010111100101010 %
b1010111100101010 &
b1010111100101010 3
b1010111100101010 ;
b1010111100101010 :
b1010111100101010 #
b1010111100101010 6
b1010111100101010 7
b1111111111111111 $
b1111111111111111 8
b0 9
0.
02
1-
11
#923
b1010111000111111 :
0(
0'
b101000111000000 %
b101000111000000 &
b101000111000000 3
b101000111000000 ;
b1111111111111111 #
b1111111111111111 6
b0 7
b1010111000111111 $
b1010111000111111 8
b1010111000111111 9
1,
1.
12
0-
01
#924
0(
0'
b101000011010101 %
b101000011010101 &
b101000011010101 3
b101000011010101 ;
b1010111100101010 :
b1010111100101010 #
b1010111100101010 6
b1010111100101010 7
b1111111111111111 $
b1111111111111111 8
b0 9
0.
02
1-
11
#925
b101000111000001 &
b101000111000001 3
b101000111000001 ;
b101000111000001 %
b1010111000111110 :
b1111111111111111 #
b1111111111111111 6
b0 7
b1010111000111111 $
b1010111000111111 8
b1010111000111111 9
1)
1.
12
0-
01
#926
0(
0'
b101000011010110 %
b101000011010110 &
b101000011010110 3
b101000011010110 ;
b1010111100101001 :
b1010111100101010 #
b1010111100101010 6
b1010111100101010 7
b1111111111111111 $
b1111111111111111 8
b0 9
0.
02
1-
11
#927
1(
1'
b1010111001000000 %
b1010111001000000 &
b1010111001000000 3
b1010111001000000 ;
b101000111000000 8
b101000110111111 :
b101000111000000 $
b1111111111111111 #
b1111111111111111 6
b0 7
b1010111000111111 9
1.
12
01
#928
b1010111100101011 &
b1010111100101011 3
b1010111100101011 ;
b1010111100101011 %
b101000011010100 :
b101000011010101 6
b1111111111111111 8
b101000011010101 #
b1111111111111111 $
b1010111100101010 7
b0 9
02
11
#929
b1111111111111111 6
1(
1'
b1111111111111111 #
b1010111000111110 :
b1010111000111110 %
b1010111000111110 &
b1010111000111110 3
b1010111000111110 ;
b0 7
b1010111000111111 $
b1010111000111111 8
b1010111000111111 9
0,
12
0-
01
#930
1(
1'
b1010111100101001 %
b1010111100101001 &
b1010111100101001 3
b1010111100101001 ;
b1010111100101001 :
b1010111100101010 #
b1010111100101010 6
b1010111100101010 7
b1111111111111111 $
b1111111111111111 8
b0 9
0.
02
1-
11
#931
0(
0'
b101110101101001 %
b101110101101001 &
b101110101101001 3
b101110101101001 ;
b101110101101001 :
b1010111000111111 $
b1010111000111111 8
b1010111000111111 9
0-
01
#932
1(
1'
b11101010 :
b1111111100010101 %
b1111111100010101 &
b1111111100010101 3
b1111111100010101 ;
b101000111000000 $
b101000111000000 8
1,
1-
#933
0(
0'
b11101011 %
b11101011 &
b11101011 3
b11101011 ;
b1111111100010100 :
b101000011010101 #
b101000011010101 6
b1010111000111111 $
b1010111000111111 8
1.
0-
#934
1(
1'
b1010111000101010 %
b1010111000101010 &
b1010111000101010 3
b1010111000101010 ;
b1010111000101010 :
b1010111100101010 #
b1010111100101010 6
0,
0)
0.
#935
b101000011000000 :
1(
1'
b1010111100111111 %
b1010111100111111 &
b1010111100111111 3
b1010111100111111 ;
b101000011010101 #
b101000011010101 6
b101000111000000 $
b101000111000000 8
1,
1.
1-
#936
0(
0'
1!
b0 %
1"
b0 &
b0 3
b0 ;
b0 :
b0 #
b0 6
b0 $
b0 8
b0 7
b0 9
0,
1)
0.
12
0-
11
b11100010000110 0
b11100010000110 5
b110001101011000 /
b110001101011000 4
b110100 +
#937
0(
0'
0!
b1111111111111110 :
b1 %
0"
b1 &
b1 3
b1 ;
b1111111111111111 #
b1111111111111111 6
b1111111111111111 $
b1111111111111111 8
1,
1.
1-
#938
1(
1'
b1111111111111111 :
b1111111111111111 %
b1111111111111111 &
b1111111111111111 3
b1111111111111111 ;
b0 #
b0 6
0,
0.
#939
0(
0'
0!
b110001101011000 %
0"
b110001101011000 &
b110001101011000 3
b110001101011000 ;
b110001101011000 :
b1111111111111111 #
b1111111111111111 6
b110001101011000 $
b110001101011000 8
b110001101011000 9
0)
1.
0-
01
#940
b11100010000110 %
b11100010000110 &
b11100010000110 3
b11100010000110 ;
b11100010000110 :
b11100010000110 #
b11100010000110 6
b11100010000110 7
b1111111111111111 $
b1111111111111111 8
b0 9
0.
02
1-
11
#941
b110001101011000 :
1(
1'
b1001110010100111 %
b1001110010100111 &
b1001110010100111 3
b1001110010100111 ;
b1111111111111111 #
b1111111111111111 6
b0 7
b110001101011000 $
b110001101011000 8
b110001101011000 9
1,
1.
12
0-
01
#942
b1100011101111001 %
b1100011101111001 &
b1100011101111001 3
b1100011101111001 ;
b11100010000110 :
b11100010000110 #
b11100010000110 6
b11100010000110 7
b1111111111111111 $
b1111111111111111 8
b0 9
0.
02
1-
11
#943
b1001110010101000 &
b1001110010101000 3
b1001110010101000 ;
b1001110010101000 %
b110001101010111 :
b1111111111111111 #
b1111111111111111 6
b0 7
b110001101011000 $
b110001101011000 8
b110001101011000 9
1)
1.
12
0-
01
#944
1(
1'
b1100011101111010 %
b1100011101111010 &
b1100011101111010 3
b1100011101111010 ;
b11100010000101 :
b11100010000110 #
b11100010000110 6
b11100010000110 7
b1111111111111111 $
b1111111111111111 8
b0 9
0.
02
1-
11
#945
0(
0'
b110001101011001 %
b110001101011001 &
b110001101011001 3
b110001101011001 ;
b1001110010100111 8
b1001110010100110 :
b1001110010100111 $
b1111111111111111 #
b1111111111111111 6
b0 7
b110001101011000 9
1.
12
01
#946
b11100010000111 &
b11100010000111 3
b11100010000111 ;
b11100010000111 %
b1100011101111000 :
b1100011101111001 6
b1111111111111111 8
b1100011101111001 #
b1111111111111111 $
b11100010000110 7
b0 9
02
11
#947
b1111111111111111 6
0(
0'
b1111111111111111 #
b110001101010111 :
b110001101010111 %
b110001101010111 &
b110001101010111 3
b110001101010111 ;
b0 7
b110001101011000 $
b110001101011000 8
b110001101011000 9
0,
12
0-
01
#948
0(
0'
b11100010000101 %
b11100010000101 &
b11100010000101 3
b11100010000101 ;
b11100010000101 :
b11100010000110 #
b11100010000110 6
b11100010000110 7
b1111111111111111 $
b1111111111111111 8
b0 9
0.
02
1-
11
#949
1(
1'
b1001101111011110 %
b1001101111011110 &
b1001101111011110 3
b1001101111011110 ;
b1001101111011110 :
b110001101011000 $
b110001101011000 8
b110001101011000 9
0-
01
#950
0(
0'
b1101010100101101 :
b10101011010010 %
b10101011010010 &
b10101011010010 3
b10101011010010 ;
b1001110010100111 $
b1001110010100111 8
1,
1-
#951
1(
1'
b1101010100101110 %
b1101010100101110 &
b1101010100101110 3
b1101010100101110 ;
b10101011010001 :
b1100011101111001 #
b1100011101111001 6
b110001101011000 $
b110001101011000 8
1.
0-
#952
0(
0'
b10000000000000 %
b10000000000000 &
b10000000000000 3
b10000000000000 ;
b10000000000000 :
b11100010000110 #
b11100010000110 6
0,
0)
0.
#953
b1000010000100001 :
0(
0'
b111101111011110 %
b111101111011110 &
b111101111011110 3
b111101111011110 ;
b1100011101111001 #
b1100011101111001 6
b1001110010100111 $
b1001110010100111 8
1,
1.
1-
#954
1!
b0 %
1"
b0 &
b0 3
b0 ;
b0 :
b0 #
b0 6
b0 $
b0 8
b0 7
b0 9
0,
1)
0.
12
0-
11
b1111001010011100 0
b1111001010011100 5
b110010001110 /
b110010001110 4
b110101 +
#955
0(
0'
0!
b1111111111111110 :
b1 %
0"
b1 &
b1 3
b1 ;
b1111111111111111 #
b1111111111111111 6
b1111111111111111 $
b1111111111111111 8
1,
1.
1-
#956
1(
1'
b1111111111111111 :
b1111111111111111 %
b1111111111111111 &
b1111111111111111 3
b1111111111111111 ;
b0 #
b0 6
0,
0.
#957
0(
0'
0!
b110010001110 %
0"
b110010001110 &
b110010001110 3
b110010001110 ;
b110010001110 :
b1111111111111111 #
b1111111111111111 6
b110010001110 $
b110010001110 8
b110010001110 9
0)
1.
0-
01
#958
1(
1'
b1111001010011100 %
b1111001010011100 &
b1111001010011100 3
b1111001010011100 ;
b1111001010011100 :
b1111001010011100 #
b1111001010011100 6
b1111001010011100 7
b1111111111111111 $
b1111111111111111 8
b0 9
0.
02
1-
11
#959
b110010001110 :
1(
1'
b1111001101110001 %
b1111001101110001 &
b1111001101110001 3
b1111001101110001 ;
b1111111111111111 #
b1111111111111111 6
b0 7
b110010001110 $
b110010001110 8
b110010001110 9
1,
1.
12
0-
01
#960
0(
0'
b110101100011 %
b110101100011 &
b110101100011 3
b110101100011 ;
b1111001010011100 :
b1111001010011100 #
b1111001010011100 6
b1111001010011100 7
b1111111111111111 $
b1111111111111111 8
b0 9
0.
02
1-
11
#961
1(
1'
b1111001101110010 &
b1111001101110010 3
b1111001101110010 ;
b1111001101110010 %
b110010001101 :
b1111111111111111 #
b1111111111111111 6
b0 7
b110010001110 $
b110010001110 8
b110010001110 9
1)
1.
12
0-
01
#962
0(
0'
b110101100100 %
b110101100100 &
b110101100100 3
b110101100100 ;
b1111001010011011 :
b1111001010011100 #
b1111001010011100 6
b1111001010011100 7
b1111111111111111 $
b1111111111111111 8
b0 9
0.
02
1-
11
#963
0(
0'
b110010001111 %
b110010001111 &
b110010001111 3
b110010001111 ;
b1111001101110001 8
b1111001101110000 :
b1111001101110001 $
b1111111111111111 #
b1111111111111111 6
b0 7
b110010001110 9
1.
12
01
#964
1(
1'
b1111001010011101 &
b1111001010011101 3
b1111001010011101 ;
b1111001010011101 %
b110101100010 :
b110101100011 6
b1111111111111111 8
b110101100011 #
b1111111111111111 $
b1111001010011100 7
b0 9
02
11
#965
b1111111111111111 6
0(
0'
b1111111111111111 #
b110010001101 :
b110010001101 %
b110010001101 &
b110010001101 3
b110010001101 ;
b0 7
b110010001110 $
b110010001110 8
b110010001110 9
0,
12
0-
01
#966
1(
1'
b1111001010011011 %
b1111001010011011 &
b1111001010011011 3
b1111001010011011 ;
b1111001010011011 :
b1111001010011100 #
b1111001010011100 6
b1111001010011100 7
b1111111111111111 $
b1111111111111111 8
b0 9
0.
02
1-
11
#967
b1111111100101010 %
b1111111100101010 &
b1111111100101010 3
b1111111100101010 ;
b1111111100101010 :
b110010001110 $
b110010001110 8
b110010001110 9
0-
01
#968
0(
0'
b1110011000001101 :
b1100111110010 %
b1100111110010 &
b1100111110010 3
b1100111110010 ;
b1111001101110001 $
b1111001101110001 8
1,
1-
#969
1(
1'
b1110011000001110 %
b1110011000001110 &
b1110011000001110 3
b1110011000001110 ;
b1100111110001 :
b110101100011 #
b110101100011 6
b110010001110 $
b110010001110 8
1.
0-
#970
0(
0'
b10001100 %
b10001100 &
b10001100 3
b10001100 ;
b10001100 :
b1111001010011100 #
b1111001010011100 6
0,
0)
0.
#971
b101100001 :
1(
1'
b1111111010011110 %
b1111111010011110 &
b1111111010011110 3
b1111111010011110 ;
b110101100011 #
b110101100011 6
b1111001101110001 $
b1111001101110001 8
1,
1.
1-
#972
0(
0'
1!
b0 %
1"
b0 &
b0 3
b0 ;
b0 :
b0 #
b0 6
b0 $
b0 8
b0 7
b0 9
0,
1)
0.
12
0-
11
b1011110000100110 0
b1011110000100110 5
b1001100111111010 /
b1001100111111010 4
b110110 +
#973
0(
0'
0!
b1111111111111110 :
b1 %
0"
b1 &
b1 3
b1 ;
b1111111111111111 #
b1111111111111111 6
b1111111111111111 $
b1111111111111111 8
1,
1.
1-
#974
1(
1'
b1111111111111111 :
b1111111111111111 %
b1111111111111111 &
b1111111111111111 3
b1111111111111111 ;
b0 #
b0 6
0,
0.
#975
1(
1'
0!
b1001100111111010 %
0"
b1001100111111010 &
b1001100111111010 3
b1001100111111010 ;
b1001100111111010 :
b1111111111111111 #
b1111111111111111 6
b1001100111111010 $
b1001100111111010 8
b1001100111111010 9
0)
1.
0-
01
#976
1(
1'
b1011110000100110 %
b1011110000100110 &
b1011110000100110 3
b1011110000100110 ;
b1011110000100110 :
b1011110000100110 #
b1011110000100110 6
b1011110000100110 7
b1111111111111111 $
b1111111111111111 8
b0 9
0.
02
1-
11
#977
b1001100111111010 :
0(
0'
b110011000000101 %
b110011000000101 &
b110011000000101 3
b110011000000101 ;
b1111111111111111 #
b1111111111111111 6
b0 7
b1001100111111010 $
b1001100111111010 8
b1001100111111010 9
1,
1.
12
0-
01
#978
0(
0'
b100001111011001 %
b100001111011001 &
b100001111011001 3
b100001111011001 ;
b1011110000100110 :
b1011110000100110 #
b1011110000100110 6
b1011110000100110 7
b1111111111111111 $
b1111111111111111 8
b0 9
0.
02
1-
11
#979
b110011000000110 &
b110011000000110 3
b110011000000110 ;
b110011000000110 %
b1001100111111001 :
b1111111111111111 #
b1111111111111111 6
b0 7
b1001100111111010 $
b1001100111111010 8
b1001100111111010 9
1)
1.
12
0-
01
#980
0(
0'
b100001111011010 %
b100001111011010 &
b100001111011010 3
b100001111011010 ;
b1011110000100101 :
b1011110000100110 #
b1011110000100110 6
b1011110000100110 7
b1111111111111111 $
b1111111111111111 8
b0 9
0.
02
1-
11
#981
1(
1'
b1001100111111011 %
b1001100111111011 &
b1001100111111011 3
b1001100111111011 ;
b110011000000101 8
b110011000000100 :
b110011000000101 $
b1111111111111111 #
b1111111111111111 6
b0 7
b1001100111111010 9
1.
12
01
#982
b1011110000100111 &
b1011110000100111 3
b1011110000100111 ;
b1011110000100111 %
b100001111011000 :
b100001111011001 6
b1111111111111111 8
b100001111011001 #
b1111111111111111 $
b1011110000100110 7
b0 9
02
11
#983
b1111111111111111 6
1(
1'
b1111111111111111 #
b1001100111111001 :
b1001100111111001 %
b1001100111111001 &
b1001100111111001 3
b1001100111111001 ;
b0 7
b1001100111111010 $
b1001100111111010 8
b1001100111111010 9
0,
12
0-
01
#984
1(
1'
b1011110000100101 %
b1011110000100101 &
b1011110000100101 3
b1011110000100101 ;
b1011110000100101 :
b1011110000100110 #
b1011110000100110 6
b1011110000100110 7
b1111111111111111 $
b1111111111111111 8
b0 9
0.
02
1-
11
#985
0(
0'
b101011000100000 %
b101011000100000 &
b101011000100000 3
b101011000100000 ;
b101011000100000 :
b1001100111111010 $
b1001100111111010 8
b1001100111111010 9
0-
01
#986
1(
1'
b10001000101011 :
b1101110111010100 %
b1101110111010100 &
b1101110111010100 3
b1101110111010100 ;
b110011000000101 $
b110011000000101 8
1,
1-
#987
0(
0'
b10001000101100 %
b10001000101100 &
b10001000101100 3
b10001000101100 ;
b1101110111010011 :
b100001111011001 #
b100001111011001 6
b1001100111111010 $
b1001100111111010 8
1.
0-
#988
1(
1'
b1001100000100010 %
b1001100000100010 &
b1001100000100010 3
b1001100000100010 ;
b1001100000100010 :
b1011110000100110 #
b1011110000100110 6
0,
0)
0.
#989
b100001000000001 :
1(
1'
b1011110111111110 %
b1011110111111110 &
b1011110111111110 3
b1011110111111110 ;
b100001111011001 #
b100001111011001 6
b110011000000101 $
b110011000000101 8
1,
1.
1-
#990
0(
0'
1!
b0 %
1"
b0 &
b0 3
b0 ;
b0 :
b0 #
b0 6
b0 $
b0 8
b0 7
b0 9
0,
1)
0.
12
0-
11
b1011010010100011 0
b1011010010100011 5
b1011101110011 /
b1011101110011 4
b110111 +
#991
0(
0'
0!
b1111111111111110 :
b1 %
0"
b1 &
b1 3
b1 ;
b1111111111111111 #
b1111111111111111 6
b1111111111111111 $
b1111111111111111 8
1,
1.
1-
#992
1(
1'
b1111111111111111 :
b1111111111111111 %
b1111111111111111 &
b1111111111111111 3
b1111111111111111 ;
b0 #
b0 6
0,
0.
#993
0(
0'
0!
b1011101110011 %
0"
b1011101110011 &
b1011101110011 3
b1011101110011 ;
b1011101110011 :
b1111111111111111 #
b1111111111111111 6
b1011101110011 $
b1011101110011 8
b1011101110011 9
0)
1.
0-
01
#994
1(
1'
b1011010010100011 %
b1011010010100011 &
b1011010010100011 3
b1011010010100011 ;
b1011010010100011 :
b1011010010100011 #
b1011010010100011 6
b1011010010100011 7
b1111111111111111 $
b1111111111111111 8
b0 9
0.
02
1-
11
#995
b1011101110011 :
1(
1'
b1110100010001100 %
b1110100010001100 &
b1110100010001100 3
b1110100010001100 ;
b1111111111111111 #
b1111111111111111 6
b0 7
b1011101110011 $
b1011101110011 8
b1011101110011 9
1,
1.
12
0-
01
#996
0(
0'
b100101101011100 %
b100101101011100 &
b100101101011100 3
b100101101011100 ;
b1011010010100011 :
b1011010010100011 #
b1011010010100011 6
b1011010010100011 7
b1111111111111111 $
b1111111111111111 8
b0 9
0.
02
1-
11
#997
1(
1'
b1110100010001101 &
b1110100010001101 3
b1110100010001101 ;
b1110100010001101 %
b1011101110010 :
b1111111111111111 #
b1111111111111111 6
b0 7
b1011101110011 $
b1011101110011 8
b1011101110011 9
1)
1.
12
0-
01
#998
0(
0'
b100101101011101 %
b100101101011101 &
b100101101011101 3
b100101101011101 ;
b1011010010100010 :
b1011010010100011 #
b1011010010100011 6
b1011010010100011 7
b1111111111111111 $
b1111111111111111 8
b0 9
0.
02
1-
11
#999
0(
0'
b1011101110100 %
b1011101110100 &
b1011101110100 3
b1011101110100 ;
b1110100010001100 8
b1110100010001011 :
b1110100010001100 $
b1111111111111111 #
b1111111111111111 6
b0 7
b1011101110011 9
1.
12
01
#1000
1(
1'
b1011010010100100 &
b1011010010100100 3
b1011010010100100 ;
b1011010010100100 %
b100101101011011 :
b100101101011100 6
b1111111111111111 8
b100101101011100 #
b1111111111111111 $
b1011010010100011 7
b0 9
02
11
#1001
b1111111111111111 6
0(
0'
b1111111111111111 #
b1011101110010 :
b1011101110010 %
b1011101110010 &
b1011101110010 3
b1011101110010 ;
b0 7
b1011101110011 $
b1011101110011 8
b1011101110011 9
0,
12
0-
01
#1002
1(
1'
b1011010010100010 %
b1011010010100010 &
b1011010010100010 3
b1011010010100010 ;
b1011010010100010 :
b1011010010100011 #
b1011010010100011 6
b1011010010100011 7
b1111111111111111 $
b1111111111111111 8
b0 9
0.
02
1-
11
#1003
b1100110000010110 %
b1100110000010110 &
b1100110000010110 3
b1100110000010110 ;
b1100110000010110 :
b1011101110011 $
b1011101110011 8
b1011101110011 9
0-
01
#1004
0(
0'
b1001110100101111 :
b110001011010000 %
b110001011010000 &
b110001011010000 3
b110001011010000 ;
b1110100010001100 $
b1110100010001100 8
1,
1-
#1005
1(
1'
b1001110100110000 %
b1001110100110000 &
b1001110100110000 3
b1001110100110000 ;
b110001011001111 :
b100101101011100 #
b100101101011100 6
b1011101110011 $
b1011101110011 8
1.
0-
#1006
0(
0'
b1010000100011 %
b1010000100011 &
b1010000100011 3
b1010000100011 ;
b1010000100011 :
b1011010010100011 #
b1011010010100011 6
0,
0)
0.
#1007
b100100000001100 :
1(
1'
b1011011111110011 %
b1011011111110011 &
b1011011111110011 3
b1011011111110011 ;
b100101101011100 #
b100101101011100 6
b1110100010001100 $
b1110100010001100 8
1,
1.
1-
#1008
0(
0'
1!
b0 %
1"
b0 &
b0 3
b0 ;
b0 :
b0 #
b0 6
b0 $
b0 8
b0 7
b0 9
0,
1)
0.
12
0-
11
b1001001010110011 0
b1001001010110011 5
b1010100000101111 /
b1010100000101111 4
b111000 +
#1009
0(
0'
0!
b1111111111111110 :
b1 %
0"
b1 &
b1 3
b1 ;
b1111111111111111 #
b1111111111111111 6
b1111111111111111 $
b1111111111111111 8
1,
1.
1-
#1010
1(
1'
b1111111111111111 :
b1111111111111111 %
b1111111111111111 &
b1111111111111111 3
b1111111111111111 ;
b0 #
b0 6
0,
0.
#1011
1(
1'
0!
b1010100000101111 %
0"
b1010100000101111 &
b1010100000101111 3
b1010100000101111 ;
b1010100000101111 :
b1111111111111111 #
b1111111111111111 6
b1010100000101111 $
b1010100000101111 8
b1010100000101111 9
0)
1.
0-
01
#1012
1(
1'
b1001001010110011 %
b1001001010110011 &
b1001001010110011 3
b1001001010110011 ;
b1001001010110011 :
b1001001010110011 #
b1001001010110011 6
b1001001010110011 7
b1111111111111111 $
b1111111111111111 8
b0 9
0.
02
1-
11
#1013
b1010100000101111 :
0(
0'
b101011111010000 %
b101011111010000 &
b101011111010000 3
b101011111010000 ;
b1111111111111111 #
b1111111111111111 6
b0 7
b1010100000101111 $
b1010100000101111 8
b1010100000101111 9
1,
1.
12
0-
01
#1014
0(
0'
b110110101001100 %
b110110101001100 &
b110110101001100 3
b110110101001100 ;
b1001001010110011 :
b1001001010110011 #
b1001001010110011 6
b1001001010110011 7
b1111111111111111 $
b1111111111111111 8
b0 9
0.
02
1-
11
#1015
0(
0'
b101011111010001 &
b101011111010001 3
b101011111010001 ;
b101011111010001 %
b1010100000101110 :
b1111111111111111 #
b1111111111111111 6
b0 7
b1010100000101111 $
b1010100000101111 8
b1010100000101111 9
1)
1.
12
0-
01
#1016
b110110101001101 %
b110110101001101 &
b110110101001101 3
b110110101001101 ;
b1001001010110010 :
b1001001010110011 #
b1001001010110011 6
b1001001010110011 7
b1111111111111111 $
b1111111111111111 8
b0 9
0.
02
1-
11
#1017
1(
1'
b1010100000110000 %
b1010100000110000 &
b1010100000110000 3
b1010100000110000 ;
b101011111010000 8
b101011111001111 :
b101011111010000 $
b1111111111111111 #
b1111111111111111 6
b0 7
b1010100000101111 9
1.
12
01
#1018
b1001001010110100 &
b1001001010110100 3
b1001001010110100 ;
b1001001010110100 %
b110110101001011 :
b110110101001100 6
b1111111111111111 8
b110110101001100 #
b1111111111111111 $
b1001001010110011 7
b0 9
02
11
#1019
b1111111111111111 6
1(
1'
b1111111111111111 #
b1010100000101110 :
b1010100000101110 %
b1010100000101110 &
b1010100000101110 3
b1010100000101110 ;
b0 7
b1010100000101111 $
b1010100000101111 8
b1010100000101111 9
0,
12
0-
01
#1020
b1001001010110010 %
b1001001010110010 &
b1001001010110010 3
b1001001010110010 ;
b1001001010110010 :
b1001001010110011 #
b1001001010110011 6
b1001001010110011 7
b1111111111111111 $
b1111111111111111 8
b0 9
0.
02
1-
11
#1021
0(
0'
b11101011100010 %
b11101011100010 &
b11101011100010 3
b11101011100010 ;
b11101011100010 :
b1010100000101111 $
b1010100000101111 8
b1010100000101111 9
0-
01
#1022
0(
0'
b1110101010000011 :
b1010101111100 %
b1010101111100 &
b1010101111100 3
b1010101111100 ;
b101011111010000 $
b101011111010000 8
1,
1-
#1023
1(
1'
b1110101010000100 %
b1110101010000100 &
b1110101010000100 3
b1110101010000100 ;
b1010101111011 :
b110110101001100 #
b110110101001100 6
b1010100000101111 $
b1010100000101111 8
1.
0-
#1024
1(
1'
b1000000000100011 %
b1000000000100011 &
b1000000000100011 3
b1000000000100011 ;
b1000000000100011 :
b1001001010110011 #
b1001001010110011 6
0,
0)
0.
#1025
b100010101000000 :
1(
1'
b1011101010111111 %
b1011101010111111 &
b1011101010111111 3
b1011101010111111 ;
b110110101001100 #
b110110101001100 6
b101011111010000 $
b101011111010000 8
1,
1.
1-
#1026
0(
0'
1!
b0 %
1"
b0 &
b0 3
b0 ;
b0 :
b0 #
b0 6
b0 $
b0 8
b0 7
b0 9
0,
1)
0.
12
0-
11
b110101000100 0
b110101000100 5
b101011001011111 /
b101011001011111 4
b111001 +
#1027
0(
0'
0!
b1111111111111110 :
b1 %
0"
b1 &
b1 3
b1 ;
b1111111111111111 #
b1111111111111111 6
b1111111111111111 $
b1111111111111111 8
1,
1.
1-
#1028
1(
1'
b1111111111111111 :
b1111111111111111 %
b1111111111111111 &
b1111111111111111 3
b1111111111111111 ;
b0 #
b0 6
0,
0.
#1029
0(
0'
0!
b101011001011111 %
0"
b101011001011111 &
b101011001011111 3
b101011001011111 ;
b101011001011111 :
b1111111111111111 #
b1111111111111111 6
b101011001011111 $
b101011001011111 8
b101011001011111 9
0)
1.
0-
01
#1030
b110101000100 %
b110101000100 &
b110101000100 3
b110101000100 ;
b110101000100 :
b110101000100 #
b110101000100 6
b110101000100 7
b1111111111111111 $
b1111111111111111 8
b0 9
0.
02
1-
11
#1031
b101011001011111 :
1(
1'
b1010100110100000 %
b1010100110100000 &
b1010100110100000 3
b1010100110100000 ;
b1111111111111111 #
b1111111111111111 6
b0 7
b101011001011111 $
b101011001011111 8
b101011001011111 9
1,
1.
12
0-
01
#1032
b1111001010111011 %
b1111001010111011 &
b1111001010111011 3
b1111001010111011 ;
b110101000100 :
b110101000100 #
b110101000100 6
b110101000100 7
b1111111111111111 $
b1111111111111111 8
b0 9
0.
02
1-
11
#1033
b1010100110100001 &
b1010100110100001 3
b1010100110100001 ;
b1010100110100001 %
b101011001011110 :
b1111111111111111 #
b1111111111111111 6
b0 7
b101011001011111 $
b101011001011111 8
b101011001011111 9
1)
1.
12
0-
01
#1034
1(
1'
b1111001010111100 %
b1111001010111100 &
b1111001010111100 3
b1111001010111100 ;
b110101000011 :
b110101000100 #
b110101000100 6
b110101000100 7
b1111111111111111 $
b1111111111111111 8
b0 9
0.
02
1-
11
#1035
0(
0'
b101011001100000 %
b101011001100000 &
b101011001100000 3
b101011001100000 ;
b1010100110100000 8
b1010100110011111 :
b1010100110100000 $
b1111111111111111 #
b1111111111111111 6
b0 7
b101011001011111 9
1.
12
01
#1036
b110101000101 &
b110101000101 3
b110101000101 ;
b110101000101 %
b1111001010111010 :
b1111001010111011 6
b1111111111111111 8
b1111001010111011 #
b1111111111111111 $
b110101000100 7
b0 9
02
11
#1037
b1111111111111111 6
0(
0'
b1111111111111111 #
b101011001011110 :
b101011001011110 %
b101011001011110 &
b101011001011110 3
b101011001011110 ;
b0 7
b101011001011111 $
b101011001011111 8
b101011001011111 9
0,
12
0-
01
#1038
0(
0'
b110101000011 %
b110101000011 &
b110101000011 3
b110101000011 ;
b110101000011 :
b110101000100 #
b110101000100 6
b110101000100 7
b1111111111111111 $
b1111111111111111 8
b0 9
0.
02
1-
11
#1039
b110001110100011 %
b110001110100011 &
b110001110100011 3
b110001110100011 ;
b110001110100011 :
b101011001011111 $
b101011001011111 8
b101011001011111 9
0-
01
#1040
0(
0'
b1011011011100100 :
b100100100011011 %
b100100100011011 &
b100100100011011 3
b100100100011011 ;
b1010100110100000 $
b1010100110100000 8
1,
1-
#1041
1(
1'
b1011011011100101 %
b1011011011100101 &
b1011011011100101 3
b1011011011100101 ;
b100100100011010 :
b1111001010111011 #
b1111001010111011 6
b101011001011111 $
b101011001011111 8
1.
0-
#1042
0(
0'
b10001000100 %
b10001000100 &
b10001000100 3
b10001000100 ;
b10001000100 :
b110101000100 #
b110101000100 6
0,
0)
0.
#1043
b1010000010100000 :
0(
0'
b101111101011111 %
b101111101011111 &
b101111101011111 3
b101111101011111 ;
b1111001010111011 #
b1111001010111011 6
b1010100110100000 $
b1010100110100000 8
1,
1.
1-
#1044
1!
b0 %
1"
b0 &
b0 3
b0 ;
b0 :
b0 #
b0 6
b0 $
b0 8
b0 7
b0 9
0,
1)
0.
12
0-
11
b11011011001011 0
b11011011001011 5
b1111110111110111 /
b1111110111110111 4
b111010 +
#1045
0(
0'
0!
b1111111111111110 :
b1 %
0"
b1 &
b1 3
b1 ;
b1111111111111111 #
b1111111111111111 6
b1111111111111111 $
b1111111111111111 8
1,
1.
1-
#1046
1(
1'
b1111111111111111 :
b1111111111111111 %
b1111111111111111 &
b1111111111111111 3
b1111111111111111 ;
b0 #
b0 6
0,
0.
#1047
1(
1'
0!
b1111110111110111 %
0"
b1111110111110111 &
b1111110111110111 3
b1111110111110111 ;
b1111110111110111 :
b1111111111111111 #
b1111111111111111 6
b1111110111110111 $
b1111110111110111 8
b1111110111110111 9
0)
1.
0-
01
#1048
0(
0'
b11011011001011 %
b11011011001011 &
b11011011001011 3
b11011011001011 ;
b11011011001011 :
b11011011001011 #
b11011011001011 6
b11011011001011 7
b1111111111111111 $
b1111111111111111 8
b0 9
0.
02
1-
11
#1049
b1111110111110111 :
0(
0'
b1000001000 %
b1000001000 &
b1000001000 3
b1000001000 ;
b1111111111111111 #
b1111111111111111 6
b0 7
b1111110111110111 $
b1111110111110111 8
b1111110111110111 9
1,
1.
12
0-
01
#1050
1(
1'
b1100100100110100 %
b1100100100110100 &
b1100100100110100 3
b1100100100110100 ;
b11011011001011 :
b11011011001011 #
b11011011001011 6
b11011011001011 7
b1111111111111111 $
b1111111111111111 8
b0 9
0.
02
1-
11
#1051
0(
0'
b1000001001 &
b1000001001 3
b1000001001 ;
b1000001001 %
b1111110111110110 :
b1111111111111111 #
b1111111111111111 6
b0 7
b1111110111110111 $
b1111110111110111 8
b1111110111110111 9
1)
1.
12
0-
01
#1052
1(
1'
b1100100100110101 %
b1100100100110101 &
b1100100100110101 3
b1100100100110101 ;
b11011011001010 :
b11011011001011 #
b11011011001011 6
b11011011001011 7
b1111111111111111 $
b1111111111111111 8
b0 9
0.
02
1-
11
#1053
1(
1'
b1111110111111000 %
b1111110111111000 &
b1111110111111000 3
b1111110111111000 ;
b1000001000 8
b1000000111 :
b1000001000 $
b1111111111111111 #
b1111111111111111 6
b0 7
b1111110111110111 9
1.
12
01
#1054
0(
0'
b11011011001100 &
b11011011001100 3
b11011011001100 ;
b11011011001100 %
b1100100100110011 :
b1100100100110100 6
b1111111111111111 8
b1100100100110100 #
b1111111111111111 $
b11011011001011 7
b0 9
02
11
#1055
b1111111111111111 6
1(
1'
b1111111111111111 #
b1111110111110110 :
b1111110111110110 %
b1111110111110110 &
b1111110111110110 3
b1111110111110110 ;
b0 7
b1111110111110111 $
b1111110111110111 8
b1111110111110111 9
0,
12
0-
01
#1056
0(
0'
b11011011001010 %
b11011011001010 &
b11011011001010 3
b11011011001010 ;
b11011011001010 :
b11011011001011 #
b11011011001011 6
b11011011001011 7
b1111111111111111 $
b1111111111111111 8
b0 9
0.
02
1-
11
#1057
b11010011000010 %
b11010011000010 &
b11010011000010 3
b11010011000010 ;
b11010011000010 :
b1111110111110111 $
b1111110111110111 8
b1111110111110111 9
0-
01
#1058
1(
1'
b11100011010011 :
b1100011100101100 %
b1100011100101100 &
b1100011100101100 3
b1100011100101100 ;
b1000001000 $
b1000001000 8
1,
1-
#1059
0(
0'
b11100011010100 %
b11100011010100 &
b11100011010100 3
b11100011010100 ;
b1100011100101011 :
b1100100100110100 #
b1100100100110100 6
b1111110111110111 $
b1111110111110111 8
1.
0-
#1060
0(
0'
b11010011000011 %
b11010011000011 &
b11010011000011 3
b11010011000011 ;
b11010011000011 :
b11011011001011 #
b11011011001011 6
0,
0)
0.
#1061
b0 :
1(
1'
b1111111111111111 %
b1111111111111111 &
b1111111111111111 3
b1111111111111111 ;
b1100100100110100 #
b1100100100110100 6
b1000001000 $
b1000001000 8
1,
1.
1-
#1062
0(
0'
1!
b0 %
1"
b0 &
b0 3
b0 ;
b0 #
b0 6
b0 $
b0 8
b0 7
b0 9
0,
1)
0.
12
0-
11
b1101101101011010 0
b1101101101011010 5
b1101011100110 /
b1101011100110 4
b111011 +
#1063
0(
0'
0!
b1111111111111110 :
b1 %
0"
b1 &
b1 3
b1 ;
b1111111111111111 #
b1111111111111111 6
b1111111111111111 $
b1111111111111111 8
1,
1.
1-
#1064
1(
1'
b1111111111111111 :
b1111111111111111 %
b1111111111111111 &
b1111111111111111 3
b1111111111111111 ;
b0 #
b0 6
0,
0.
#1065
0(
0'
0!
b1101011100110 %
0"
b1101011100110 &
b1101011100110 3
b1101011100110 ;
b1101011100110 :
b1111111111111111 #
b1111111111111111 6
b1101011100110 $
b1101011100110 8
b1101011100110 9
0)
1.
0-
01
#1066
1(
1'
b1101101101011010 %
b1101101101011010 &
b1101101101011010 3
b1101101101011010 ;
b1101101101011010 :
b1101101101011010 #
b1101101101011010 6
b1101101101011010 7
b1111111111111111 $
b1111111111111111 8
b0 9
0.
02
1-
11
#1067
b1101011100110 :
1(
1'
b1110010100011001 %
b1110010100011001 &
b1110010100011001 3
b1110010100011001 ;
b1111111111111111 #
b1111111111111111 6
b0 7
b1101011100110 $
b1101011100110 8
b1101011100110 9
1,
1.
12
0-
01
#1068
0(
0'
b10010010100101 %
b10010010100101 &
b10010010100101 3
b10010010100101 ;
b1101101101011010 :
b1101101101011010 #
b1101101101011010 6
b1101101101011010 7
b1111111111111111 $
b1111111111111111 8
b0 9
0.
02
1-
11
#1069
1(
1'
b1110010100011010 &
b1110010100011010 3
b1110010100011010 ;
b1110010100011010 %
b1101011100101 :
b1111111111111111 #
b1111111111111111 6
b0 7
b1101011100110 $
b1101011100110 8
b1101011100110 9
1)
1.
12
0-
01
#1070
0(
0'
b10010010100110 %
b10010010100110 &
b10010010100110 3
b10010010100110 ;
b1101101101011001 :
b1101101101011010 #
b1101101101011010 6
b1101101101011010 7
b1111111111111111 $
b1111111111111111 8
b0 9
0.
02
1-
11
#1071
0(
0'
b1101011100111 %
b1101011100111 &
b1101011100111 3
b1101011100111 ;
b1110010100011001 8
b1110010100011000 :
b1110010100011001 $
b1111111111111111 #
b1111111111111111 6
b0 7
b1101011100110 9
1.
12
01
#1072
1(
1'
b1101101101011011 &
b1101101101011011 3
b1101101101011011 ;
b1101101101011011 %
b10010010100100 :
b10010010100101 6
b1111111111111111 8
b10010010100101 #
b1111111111111111 $
b1101101101011010 7
b0 9
02
11
#1073
b1111111111111111 6
0(
0'
b1111111111111111 #
b1101011100101 :
b1101011100101 %
b1101011100101 &
b1101011100101 3
b1101011100101 ;
b0 7
b1101011100110 $
b1101011100110 8
b1101011100110 9
0,
12
0-
01
#1074
1(
1'
b1101101101011001 %
b1101101101011001 &
b1101101101011001 3
b1101101101011001 ;
b1101101101011001 :
b1101101101011010 #
b1101101101011010 6
b1101101101011010 7
b1111111111111111 $
b1111111111111111 8
b0 9
0.
02
1-
11
#1075
b1111011001000000 %
b1111011001000000 &
b1111011001000000 3
b1111011001000000 ;
b1111011001000000 :
b1101011100110 $
b1101011100110 8
b1101011100110 9
0-
01
#1076
0(
0'
b1100000001110011 :
b11111110001100 %
b11111110001100 &
b11111110001100 3
b11111110001100 ;
b1110010100011001 $
b1110010100011001 8
1,
1-
#1077
1(
1'
b1100000001110100 %
b1100000001110100 &
b1100000001110100 3
b1100000001110100 ;
b11111110001011 :
b10010010100101 #
b10010010100101 6
b1101011100110 $
b1101011100110 8
1.
0-
#1078
0(
0'
b1101001000010 %
b1101001000010 &
b1101001000010 3
b1101001000010 ;
b1101001000010 :
b1101101101011010 #
b1101101101011010 6
0,
0)
0.
#1079
b10010000000001 :
1(
1'
b1101101111111110 %
b1101101111111110 &
b1101101111111110 3
b1101101111111110 ;
b10010010100101 #
b10010010100101 6
b1110010100011001 $
b1110010100011001 8
1,
1.
1-
#1080
0(
0'
1!
b0 %
1"
b0 &
b0 3
b0 ;
b0 :
b0 #
b0 6
b0 $
b0 8
b0 7
b0 9
0,
1)
0.
12
0-
11
b1110001011101101 0
b1110001011101101 5
b1100000100101001 /
b1100000100101001 4
b111100 +
#1081
0(
0'
0!
b1111111111111110 :
b1 %
0"
b1 &
b1 3
b1 ;
b1111111111111111 #
b1111111111111111 6
b1111111111111111 $
b1111111111111111 8
1,
1.
1-
#1082
1(
1'
b1111111111111111 :
b1111111111111111 %
b1111111111111111 &
b1111111111111111 3
b1111111111111111 ;
b0 #
b0 6
0,
0.
#1083
1(
1'
0!
b1100000100101001 %
0"
b1100000100101001 &
b1100000100101001 3
b1100000100101001 ;
b1100000100101001 :
b1111111111111111 #
b1111111111111111 6
b1100000100101001 $
b1100000100101001 8
b1100000100101001 9
0)
1.
0-
01
#1084
1(
1'
b1110001011101101 %
b1110001011101101 &
b1110001011101101 3
b1110001011101101 ;
b1110001011101101 :
b1110001011101101 #
b1110001011101101 6
b1110001011101101 7
b1111111111111111 $
b1111111111111111 8
b0 9
0.
02
1-
11
#1085
b1100000100101001 :
0(
0'
b11111011010110 %
b11111011010110 &
b11111011010110 3
b11111011010110 ;
b1111111111111111 #
b1111111111111111 6
b0 7
b1100000100101001 $
b1100000100101001 8
b1100000100101001 9
1,
1.
12
0-
01
#1086
0(
0'
b1110100010010 %
b1110100010010 &
b1110100010010 3
b1110100010010 ;
b1110001011101101 :
b1110001011101101 #
b1110001011101101 6
b1110001011101101 7
b1111111111111111 $
b1111111111111111 8
b0 9
0.
02
1-
11
#1087
b11111011010111 &
b11111011010111 3
b11111011010111 ;
b11111011010111 %
b1100000100101000 :
b1111111111111111 #
b1111111111111111 6
b0 7
b1100000100101001 $
b1100000100101001 8
b1100000100101001 9
1)
1.
12
0-
01
#1088
0(
0'
b1110100010011 %
b1110100010011 &
b1110100010011 3
b1110100010011 ;
b1110001011101100 :
b1110001011101101 #
b1110001011101101 6
b1110001011101101 7
b1111111111111111 $
b1111111111111111 8
b0 9
0.
02
1-
11
#1089
1(
1'
b1100000100101010 %
b1100000100101010 &
b1100000100101010 3
b1100000100101010 ;
b11111011010110 8
b11111011010101 :
b11111011010110 $
b1111111111111111 #
b1111111111111111 6
b0 7
b1100000100101001 9
1.
12
01
#1090
b1110001011101110 &
b1110001011101110 3
b1110001011101110 ;
b1110001011101110 %
b1110100010001 :
b1110100010010 6
b1111111111111111 8
b1110100010010 #
b1111111111111111 $
b1110001011101101 7
b0 9
02
11
#1091
b1111111111111111 6
1(
1'
b1111111111111111 #
b1100000100101000 :
b1100000100101000 %
b1100000100101000 &
b1100000100101000 3
b1100000100101000 ;
b0 7
b1100000100101001 $
b1100000100101001 8
b1100000100101001 9
0,
12
0-
01
#1092
1(
1'
b1110001011101100 %
b1110001011101100 &
b1110001011101100 3
b1110001011101100 ;
b1110001011101100 :
b1110001011101101 #
b1110001011101101 6
b1110001011101101 7
b1111111111111111 $
b1111111111111111 8
b0 9
0.
02
1-
11
#1093
b1010010000010110 %
b1010010000010110 &
b1010010000010110 3
b1010010000010110 ;
b1010010000010110 :
b1100000100101001 $
b1100000100101001 8
b1100000100101001 9
0-
01
#1094
1(
1'
b10000111000011 :
b1101111000111100 %
b1101111000111100 &
b1101111000111100 3
b1101111000111100 ;
b11111011010110 $
b11111011010110 8
1,
1-
#1095
0(
0'
b10000111000100 %
b10000111000100 &
b10000111000100 3
b10000111000100 ;
b1101111000111011 :
b1110100010010 #
b1110100010010 6
b1100000100101001 $
b1100000100101001 8
1.
0-
#1096
1(
1'
b1100000000101001 %
b1100000000101001 &
b1100000000101001 3
b1100000000101001 ;
b1100000000101001 :
b1110001011101101 #
b1110001011101101 6
0,
0)
0.
#1097
b1110000010010 :
1(
1'
b1110001111101101 %
b1110001111101101 &
b1110001111101101 3
b1110001111101101 ;
b1110100010010 #
b1110100010010 6
b11111011010110 $
b11111011010110 8
1,
1.
1-
#1098
0(
0'
1!
b0 %
1"
b0 &
b0 3
b0 ;
b0 :
b0 #
b0 6
b0 $
b0 8
b0 7
b0 9
0,
1)
0.
12
0-
11
b1011011001100101 0
b1011011001100101 5
b110110011011010 /
b110110011011010 4
b111101 +
#1099
0(
0'
0!
b1111111111111110 :
b1 %
0"
b1 &
b1 3
b1 ;
b1111111111111111 #
b1111111111111111 6
b1111111111111111 $
b1111111111111111 8
1,
1.
1-
#1100
1(
1'
b1111111111111111 :
b1111111111111111 %
b1111111111111111 &
b1111111111111111 3
b1111111111111111 ;
b0 #
b0 6
0,
0.
#1101
0(
0'
0!
b110110011011010 %
0"
b110110011011010 &
b110110011011010 3
b110110011011010 ;
b110110011011010 :
b1111111111111111 #
b1111111111111111 6
b110110011011010 $
b110110011011010 8
b110110011011010 9
0)
1.
0-
01
#1102
1(
1'
b1011011001100101 %
b1011011001100101 &
b1011011001100101 3
b1011011001100101 ;
b1011011001100101 :
b1011011001100101 #
b1011011001100101 6
b1011011001100101 7
b1111111111111111 $
b1111111111111111 8
b0 9
0.
02
1-
11
#1103
b110110011011010 :
1(
1'
b1001001100100101 %
b1001001100100101 &
b1001001100100101 3
b1001001100100101 ;
b1111111111111111 #
b1111111111111111 6
b0 7
b110110011011010 $
b110110011011010 8
b110110011011010 9
1,
1.
12
0-
01
#1104
0(
0'
b100100110011010 %
b100100110011010 &
b100100110011010 3
b100100110011010 ;
b1011011001100101 :
b1011011001100101 #
b1011011001100101 6
b1011011001100101 7
b1111111111111111 $
b1111111111111111 8
b0 9
0.
02
1-
11
#1105
1(
1'
b1001001100100110 &
b1001001100100110 3
b1001001100100110 ;
b1001001100100110 %
b110110011011001 :
b1111111111111111 #
b1111111111111111 6
b0 7
b110110011011010 $
b110110011011010 8
b110110011011010 9
1)
1.
12
0-
01
#1106
0(
0'
b100100110011011 %
b100100110011011 &
b100100110011011 3
b100100110011011 ;
b1011011001100100 :
b1011011001100101 #
b1011011001100101 6
b1011011001100101 7
b1111111111111111 $
b1111111111111111 8
b0 9
0.
02
1-
11
#1107
0(
0'
b110110011011011 %
b110110011011011 &
b110110011011011 3
b110110011011011 ;
b1001001100100101 8
b1001001100100100 :
b1001001100100101 $
b1111111111111111 #
b1111111111111111 6
b0 7
b110110011011010 9
1.
12
01
#1108
1(
1'
b1011011001100110 &
b1011011001100110 3
b1011011001100110 ;
b1011011001100110 %
b100100110011001 :
b100100110011010 6
b1111111111111111 8
b100100110011010 #
b1111111111111111 $
b1011011001100101 7
b0 9
02
11
#1109
b1111111111111111 6
0(
0'
b1111111111111111 #
b110110011011001 :
b110110011011001 %
b110110011011001 &
b110110011011001 3
b110110011011001 ;
b0 7
b110110011011010 $
b110110011011010 8
b110110011011010 9
0,
12
0-
01
#1110
1(
1'
b1011011001100100 %
b1011011001100100 &
b1011011001100100 3
b1011011001100100 ;
b1011011001100100 :
b1011011001100101 #
b1011011001100101 6
b1011011001100101 7
b1111111111111111 $
b1111111111111111 8
b0 9
0.
02
1-
11
#1111
0(
0'
b10001100111111 %
b10001100111111 &
b10001100111111 3
b10001100111111 ;
b10001100111111 :
b110110011011010 $
b110110011011010 8
b110110011011010 9
0-
01
#1112
1(
1'
b100100110001010 :
b1011011001110101 %
b1011011001110101 &
b1011011001110101 3
b1011011001110101 ;
b1001001100100101 $
b1001001100100101 8
1,
1-
#1113
0(
0'
b100100110001011 %
b100100110001011 &
b100100110001011 3
b100100110001011 ;
b1011011001110100 :
b100100110011010 #
b100100110011010 6
b110110011011010 $
b110110011011010 8
1.
0-
#1114
b10010001000000 %
b10010001000000 &
b10010001000000 3
b10010001000000 ;
b10010001000000 :
b1011011001100101 #
b1011011001100101 6
0,
0)
0.
#1115
b100000000 :
1(
1'
b1111111011111111 %
b1111111011111111 &
b1111111011111111 3
b1111111011111111 ;
b100100110011010 #
b100100110011010 6
b1001001100100101 $
b1001001100100101 8
1,
1.
1-
#1116
0(
0'
1!
b0 %
1"
b0 &
b0 3
b0 ;
b0 :
b0 #
b0 6
b0 $
b0 8
b0 7
b0 9
0,
1)
0.
12
0-
11
b1001010011011111 0
b1001010011011111 5
b1110001010110101 /
b1110001010110101 4
b111110 +
#1117
0(
0'
0!
b1111111111111110 :
b1 %
0"
b1 &
b1 3
b1 ;
b1111111111111111 #
b1111111111111111 6
b1111111111111111 $
b1111111111111111 8
1,
1.
1-
#1118
1(
1'
b1111111111111111 :
b1111111111111111 %
b1111111111111111 &
b1111111111111111 3
b1111111111111111 ;
b0 #
b0 6
0,
0.
#1119
1(
1'
0!
b1110001010110101 %
0"
b1110001010110101 &
b1110001010110101 3
b1110001010110101 ;
b1110001010110101 :
b1111111111111111 #
b1111111111111111 6
b1110001010110101 $
b1110001010110101 8
b1110001010110101 9
0)
1.
0-
01
#1120
1(
1'
b1001010011011111 %
b1001010011011111 &
b1001010011011111 3
b1001010011011111 ;
b1001010011011111 :
b1001010011011111 #
b1001010011011111 6
b1001010011011111 7
b1111111111111111 $
b1111111111111111 8
b0 9
0.
02
1-
11
#1121
b1110001010110101 :
0(
0'
b1110101001010 %
b1110101001010 &
b1110101001010 3
b1110101001010 ;
b1111111111111111 #
b1111111111111111 6
b0 7
b1110001010110101 $
b1110001010110101 8
b1110001010110101 9
1,
1.
12
0-
01
#1122
0(
0'
b110101100100000 %
b110101100100000 &
b110101100100000 3
b110101100100000 ;
b1001010011011111 :
b1001010011011111 #
b1001010011011111 6
b1001010011011111 7
b1111111111111111 $
b1111111111111111 8
b0 9
0.
02
1-
11
#1123
0(
0'
b1110101001011 &
b1110101001011 3
b1110101001011 ;
b1110101001011 %
b1110001010110100 :
b1111111111111111 #
b1111111111111111 6
b0 7
b1110001010110101 $
b1110001010110101 8
b1110001010110101 9
1)
1.
12
0-
01
#1124
b110101100100001 %
b110101100100001 &
b110101100100001 3
b110101100100001 ;
b1001010011011110 :
b1001010011011111 #
b1001010011011111 6
b1001010011011111 7
b1111111111111111 $
b1111111111111111 8
b0 9
0.
02
1-
11
#1125
1(
1'
b1110001010110110 %
b1110001010110110 &
b1110001010110110 3
b1110001010110110 ;
b1110101001010 8
b1110101001001 :
b1110101001010 $
b1111111111111111 #
b1111111111111111 6
b0 7
b1110001010110101 9
1.
12
01
#1126
b1001010011100000 &
b1001010011100000 3
b1001010011100000 ;
b1001010011100000 %
b110101100011111 :
b110101100100000 6
b1111111111111111 8
b110101100100000 #
b1111111111111111 $
b1001010011011111 7
b0 9
02
11
#1127
b1111111111111111 6
1(
1'
b1111111111111111 #
b1110001010110100 :
b1110001010110100 %
b1110001010110100 &
b1110001010110100 3
b1110001010110100 ;
b0 7
b1110001010110101 $
b1110001010110101 8
b1110001010110101 9
0,
12
0-
01
#1128
b1001010011011110 %
b1001010011011110 &
b1001010011011110 3
b1001010011011110 ;
b1001010011011110 :
b1001010011011111 #
b1001010011011111 6
b1001010011011111 7
b1111111111111111 $
b1111111111111111 8
b0 9
0.
02
1-
11
#1129
0(
0'
b111011110010100 %
b111011110010100 &
b111011110010100 3
b111011110010100 ;
b111011110010100 :
b1110001010110101 $
b1110001010110101 8
b1110001010110101 9
0-
01
#1130
0(
0'
b1011001000101001 :
b100110111010110 %
b100110111010110 &
b100110111010110 3
b100110111010110 ;
b1110101001010 $
b1110101001010 8
1,
1-
#1131
1(
1'
b1011001000101010 %
b1011001000101010 &
b1011001000101010 3
b1011001000101010 ;
b100110111010101 :
b110101100100000 #
b110101100100000 6
b1110001010110101 $
b1110001010110101 8
1.
0-
#1132
1(
1'
b1000000010010101 %
b1000000010010101 &
b1000000010010101 3
b1000000010010101 ;
b1000000010010101 :
b1001010011011111 #
b1001010011011111 6
0,
0)
0.
#1133
b100100000000 :
1(
1'
b1111011011111111 %
b1111011011111111 &
b1111011011111111 3
b1111011011111111 ;
b110101100100000 #
b110101100100000 6
b1110101001010 $
b1110101001010 8
1,
1.
1-
#1134
0(
0'
1!
b0 %
1"
b0 &
b0 3
b0 ;
b0 :
b0 #
b0 6
b0 $
b0 8
b0 7
b0 9
0,
1)
0.
12
0-
11
b1111111101000100 0
b1111111101000100 5
b1100101111001 /
b1100101111001 4
b111111 +
#1135
0(
0'
0!
b1111111111111110 :
b1 %
0"
b1 &
b1 3
b1 ;
b1111111111111111 #
b1111111111111111 6
b1111111111111111 $
b1111111111111111 8
1,
1.
1-
#1136
1(
1'
b1111111111111111 :
b1111111111111111 %
b1111111111111111 &
b1111111111111111 3
b1111111111111111 ;
b0 #
b0 6
0,
0.
#1137
0(
0'
0!
b1100101111001 %
0"
b1100101111001 &
b1100101111001 3
b1100101111001 ;
b1100101111001 :
b1111111111111111 #
b1111111111111111 6
b1100101111001 $
b1100101111001 8
b1100101111001 9
0)
1.
0-
01
#1138
1(
1'
b1111111101000100 %
b1111111101000100 &
b1111111101000100 3
b1111111101000100 ;
b1111111101000100 :
b1111111101000100 #
b1111111101000100 6
b1111111101000100 7
b1111111111111111 $
b1111111111111111 8
b0 9
0.
02
1-
11
#1139
b1100101111001 :
1(
1'
b1110011010000110 %
b1110011010000110 &
b1110011010000110 3
b1110011010000110 ;
b1111111111111111 #
b1111111111111111 6
b0 7
b1100101111001 $
b1100101111001 8
b1100101111001 9
1,
1.
12
0-
01
#1140
0(
0'
b10111011 %
b10111011 &
b10111011 3
b10111011 ;
b1111111101000100 :
b1111111101000100 #
b1111111101000100 6
b1111111101000100 7
b1111111111111111 $
b1111111111111111 8
b0 9
0.
02
1-
11
#1141
1(
1'
b1110011010000111 &
b1110011010000111 3
b1110011010000111 ;
b1110011010000111 %
b1100101111000 :
b1111111111111111 #
b1111111111111111 6
b0 7
b1100101111001 $
b1100101111001 8
b1100101111001 9
1)
1.
12
0-
01
#1142
0(
0'
b10111100 %
b10111100 &
b10111100 3
b10111100 ;
b1111111101000011 :
b1111111101000100 #
b1111111101000100 6
b1111111101000100 7
b1111111111111111 $
b1111111111111111 8
b0 9
0.
02
1-
11
#1143
0(
0'
b1100101111010 %
b1100101111010 &
b1100101111010 3
b1100101111010 ;
b1110011010000110 8
b1110011010000101 :
b1110011010000110 $
b1111111111111111 #
b1111111111111111 6
b0 7
b1100101111001 9
1.
12
01
#1144
1(
1'
b1111111101000101 &
b1111111101000101 3
b1111111101000101 ;
b1111111101000101 %
b10111010 :
b10111011 6
b1111111111111111 8
b10111011 #
b1111111111111111 $
b1111111101000100 7
b0 9
02
11
#1145
b1111111111111111 6
0(
0'
b1111111111111111 #
b1100101111000 :
b1100101111000 %
b1100101111000 &
b1100101111000 3
b1100101111000 ;
b0 7
b1100101111001 $
b1100101111001 8
b1100101111001 9
0,
12
0-
01
#1146
1(
1'
b1111111101000011 %
b1111111101000011 &
b1111111101000011 3
b1111111101000011 ;
b1111111101000011 :
b1111111101000100 #
b1111111101000100 6
b1111111101000100 7
b1111111111111111 $
b1111111111111111 8
b0 9
0.
02
1-
11
#1147
0(
0'
b1100010111101 %
b1100010111101 &
b1100010111101 3
b1100010111101 ;
b1100010111101 :
b1100101111001 $
b1100101111001 8
b1100101111001 9
0-
01
#1148
0(
0'
b1110010111001010 :
b1101000110101 %
b1101000110101 &
b1101000110101 3
b1101000110101 ;
b1110011010000110 $
b1110011010000110 8
1,
1-
#1149
1(
1'
b1110010111001011 %
b1110010111001011 &
b1110010111001011 3
b1110010111001011 ;
b1101000110100 :
b10111011 #
b10111011 6
b1100101111001 $
b1100101111001 8
1.
0-
#1150
0(
0'
b1100101000000 %
b1100101000000 &
b1100101000000 3
b1100101000000 ;
b1100101000000 :
b1111111101000100 #
b1111111101000100 6
0,
0)
0.
#1151
b10000010 :
1(
1'
b1111111101111101 %
b1111111101111101 &
b1111111101111101 3
b1111111101111101 ;
b10111011 #
b10111011 6
b1110011010000110 $
b1110011010000110 8
1,
1.
1-
#1152
0(
0'
1!
b0 %
1"
b0 &
b0 3
b0 ;
b0 :
b0 #
b0 6
b0 $
b0 8
b0 7
b0 9
0,
1)
0.
12
0-
11
b101100101010 0
b101100101010 5
b110011010000 /
b110011010000 4
b1000000 +
#1153
0(
0'
0!
b1111111111111110 :
b1 %
0"
b1 &
b1 3
b1 ;
b1111111111111111 #
b1111111111111111 6
b1111111111111111 $
b1111111111111111 8
1,
1.
1-
#1154
1(
1'
b1111111111111111 :
b1111111111111111 %
b1111111111111111 &
b1111111111111111 3
b1111111111111111 ;
b0 #
b0 6
0,
0.
#1155
0(
0'
0!
b110011010000 %
0"
b110011010000 &
b110011010000 3
b110011010000 ;
b110011010000 :
b1111111111111111 #
b1111111111111111 6
b110011010000 $
b110011010000 8
b110011010000 9
0)
1.
0-
01
#1156
b101100101010 %
b101100101010 &
b101100101010 3
b101100101010 ;
b101100101010 :
b101100101010 #
b101100101010 6
b101100101010 7
b1111111111111111 $
b1111111111111111 8
b0 9
0.
02
1-
11
#1157
b110011010000 :
1(
1'
b1111001100101111 %
b1111001100101111 &
b1111001100101111 3
b1111001100101111 ;
b1111111111111111 #
b1111111111111111 6
b0 7
b110011010000 $
b110011010000 8
b110011010000 9
1,
1.
12
0-
01
#1158
b1111010011010101 %
b1111010011010101 &
b1111010011010101 3
b1111010011010101 ;
b101100101010 :
b101100101010 #
b101100101010 6
b101100101010 7
b1111111111111111 $
b1111111111111111 8
b0 9
0.
02
1-
11
#1159
b1111001100110000 &
b1111001100110000 3
b1111001100110000 ;
b1111001100110000 %
b110011001111 :
b1111111111111111 #
b1111111111111111 6
b0 7
b110011010000 $
b110011010000 8
b110011010000 9
1)
1.
12
0-
01
#1160
1(
1'
b1111010011010110 %
b1111010011010110 &
b1111010011010110 3
b1111010011010110 ;
b101100101001 :
b101100101010 #
b101100101010 6
b101100101010 7
b1111111111111111 $
b1111111111111111 8
b0 9
0.
02
1-
11
#1161
0(
0'
b110011010001 %
b110011010001 &
b110011010001 3
b110011010001 ;
b1111001100101111 8
b1111001100101110 :
b1111001100101111 $
b1111111111111111 #
b1111111111111111 6
b0 7
b110011010000 9
1.
12
01
#1162
b101100101011 &
b101100101011 3
b101100101011 ;
b101100101011 %
b1111010011010100 :
b1111010011010101 6
b1111111111111111 8
b1111010011010101 #
b1111111111111111 $
b101100101010 7
b0 9
02
11
#1163
b1111111111111111 6
0(
0'
b1111111111111111 #
b110011001111 :
b110011001111 %
b110011001111 &
b110011001111 3
b110011001111 ;
b0 7
b110011010000 $
b110011010000 8
b110011010000 9
0,
12
0-
01
#1164
0(
0'
b101100101001 %
b101100101001 &
b101100101001 3
b101100101001 ;
b101100101001 :
b101100101010 #
b101100101010 6
b101100101010 7
b1111111111111111 $
b1111111111111111 8
b0 9
0.
02
1-
11
#1165
b1011111111010 %
b1011111111010 &
b1011111111010 3
b1011111111010 ;
b1011111111010 :
b110011010000 $
b110011010000 8
b110011010000 9
0-
01
#1166
0(
0'
b1111111001011001 :
b110100110 %
b110100110 &
b110100110 3
b110100110 ;
b1111001100101111 $
b1111001100101111 8
1,
1-
#1167
1(
1'
b1111111001011010 %
b1111111001011010 &
b1111111001011010 3
b1111111001011010 ;
b110100101 :
b1111010011010101 #
b1111010011010101 6
b110011010000 $
b110011010000 8
1.
0-
#1168
0(
0'
b100000000000 %
b100000000000 &
b100000000000 3
b100000000000 ;
b100000000000 :
b101100101010 #
b101100101010 6
0,
0)
0.
#1169
b1111000000000101 :
0(
0'
b111111111010 %
b111111111010 &
b111111111010 3
b111111111010 ;
b1111010011010101 #
b1111010011010101 6
b1111001100101111 $
b1111001100101111 8
1,
1.
1-
#1170
1!
b0 %
1"
b0 &
b0 3
b0 ;
b0 :
b0 #
b0 6
b0 $
b0 8
b0 7
b0 9
0,
1)
0.
12
0-
11
b1100111100001110 0
b1100111100001110 5
b1010110110101011 /
b1010110110101011 4
b1000001 +
#1171
0(
0'
0!
b1111111111111110 :
b1 %
0"
b1 &
b1 3
b1 ;
b1111111111111111 #
b1111111111111111 6
b1111111111111111 $
b1111111111111111 8
1,
1.
1-
#1172
1(
1'
b1111111111111111 :
b1111111111111111 %
b1111111111111111 &
b1111111111111111 3
b1111111111111111 ;
b0 #
b0 6
0,
0.
#1173
1(
1'
0!
b1010110110101011 %
0"
b1010110110101011 &
b1010110110101011 3
b1010110110101011 ;
b1010110110101011 :
b1111111111111111 #
b1111111111111111 6
b1010110110101011 $
b1010110110101011 8
b1010110110101011 9
0)
1.
0-
01
#1174
1(
1'
b1100111100001110 %
b1100111100001110 &
b1100111100001110 3
b1100111100001110 ;
b1100111100001110 :
b1100111100001110 #
b1100111100001110 6
b1100111100001110 7
b1111111111111111 $
b1111111111111111 8
b0 9
0.
02
1-
11
#1175
b1010110110101011 :
0(
0'
b101001001010100 %
b101001001010100 &
b101001001010100 3
b101001001010100 ;
b1111111111111111 #
b1111111111111111 6
b0 7
b1010110110101011 $
b1010110110101011 8
b1010110110101011 9
1,
1.
12
0-
01
#1176
0(
0'
b11000011110001 %
b11000011110001 &
b11000011110001 3
b11000011110001 ;
b1100111100001110 :
b1100111100001110 #
b1100111100001110 6
b1100111100001110 7
b1111111111111111 $
b1111111111111111 8
b0 9
0.
02
1-
11
#1177
b101001001010101 &
b101001001010101 3
b101001001010101 ;
b101001001010101 %
b1010110110101010 :
b1111111111111111 #
b1111111111111111 6
b0 7
b1010110110101011 $
b1010110110101011 8
b1010110110101011 9
1)
1.
12
0-
01
#1178
0(
0'
b11000011110010 %
b11000011110010 &
b11000011110010 3
b11000011110010 ;
b1100111100001101 :
b1100111100001110 #
b1100111100001110 6
b1100111100001110 7
b1111111111111111 $
b1111111111111111 8
b0 9
0.
02
1-
11
#1179
1(
1'
b1010110110101100 %
b1010110110101100 &
b1010110110101100 3
b1010110110101100 ;
b101001001010100 8
b101001001010011 :
b101001001010100 $
b1111111111111111 #
b1111111111111111 6
b0 7
b1010110110101011 9
1.
12
01
#1180
b1100111100001111 &
b1100111100001111 3
b1100111100001111 ;
b1100111100001111 %
b11000011110000 :
b11000011110001 6
b1111111111111111 8
b11000011110001 #
b1111111111111111 $
b1100111100001110 7
b0 9
02
11
#1181
b1111111111111111 6
1(
1'
b1111111111111111 #
b1010110110101010 :
b1010110110101010 %
b1010110110101010 &
b1010110110101010 3
b1010110110101010 ;
b0 7
b1010110110101011 $
b1010110110101011 8
b1010110110101011 9
0,
12
0-
01
#1182
1(
1'
b1100111100001101 %
b1100111100001101 &
b1100111100001101 3
b1100111100001101 ;
b1100111100001101 :
b1100111100001110 #
b1100111100001110 6
b1100111100001110 7
b1111111111111111 $
b1111111111111111 8
b0 9
0.
02
1-
11
#1183
0(
0'
b111110010111001 %
b111110010111001 &
b111110010111001 3
b111110010111001 ;
b111110010111001 :
b1010110110101011 $
b1010110110101011 8
b1010110110101011 9
0-
01
#1184
1(
1'
b10000101100010 :
b1101111010011101 %
b1101111010011101 &
b1101111010011101 3
b1101111010011101 ;
b101001001010100 $
b101001001010100 8
1,
1-
#1185
0(
0'
b10000101100011 %
b10000101100011 &
b10000101100011 3
b10000101100011 ;
b1101111010011100 :
b11000011110001 #
b11000011110001 6
b1010110110101011 $
b1010110110101011 8
1.
0-
#1186
1(
1'
b1000110100001010 %
b1000110100001010 &
b1000110100001010 3
b1000110100001010 ;
b1000110100001010 :
b1100111100001110 #
b1100111100001110 6
0,
0)
0.
#1187
b1000001010000 :
1(
1'
b1110111110101111 %
b1110111110101111 &
b1110111110101111 3
b1110111110101111 ;
b11000011110001 #
b11000011110001 6
b101001001010100 $
b101001001010100 8
1,
1.
1-
#1188
0(
0'
1!
b0 %
1"
b0 &
b0 3
b0 ;
b0 :
b0 #
b0 6
b0 $
b0 8
b0 7
b0 9
0,
1)
0.
12
0-
11
b1011110010011010 0
b1011110010011010 5
b1010110111011100 /
b1010110111011100 4
b1000010 +
#1189
0(
0'
0!
b1111111111111110 :
b1 %
0"
b1 &
b1 3
b1 ;
b1111111111111111 #
b1111111111111111 6
b1111111111111111 $
b1111111111111111 8
1,
1.
1-
#1190
1(
1'
b1111111111111111 :
b1111111111111111 %
b1111111111111111 &
b1111111111111111 3
b1111111111111111 ;
b0 #
b0 6
0,
0.
#1191
1(
1'
0!
b1010110111011100 %
0"
b1010110111011100 &
b1010110111011100 3
b1010110111011100 ;
b1010110111011100 :
b1111111111111111 #
b1111111111111111 6
b1010110111011100 $
b1010110111011100 8
b1010110111011100 9
0)
1.
0-
01
#1192
1(
1'
b1011110010011010 %
b1011110010011010 &
b1011110010011010 3
b1011110010011010 ;
b1011110010011010 :
b1011110010011010 #
b1011110010011010 6
b1011110010011010 7
b1111111111111111 $
b1111111111111111 8
b0 9
0.
02
1-
11
#1193
b1010110111011100 :
0(
0'
b101001000100011 %
b101001000100011 &
b101001000100011 3
b101001000100011 ;
b1111111111111111 #
b1111111111111111 6
b0 7
b1010110111011100 $
b1010110111011100 8
b1010110111011100 9
1,
1.
12
0-
01
#1194
0(
0'
b100001101100101 %
b100001101100101 &
b100001101100101 3
b100001101100101 ;
b1011110010011010 :
b1011110010011010 #
b1011110010011010 6
b1011110010011010 7
b1111111111111111 $
b1111111111111111 8
b0 9
0.
02
1-
11
#1195
b101001000100100 &
b101001000100100 3
b101001000100100 ;
b101001000100100 %
b1010110111011011 :
b1111111111111111 #
b1111111111111111 6
b0 7
b1010110111011100 $
b1010110111011100 8
b1010110111011100 9
1)
1.
12
0-
01
#1196
0(
0'
b100001101100110 %
b100001101100110 &
b100001101100110 3
b100001101100110 ;
b1011110010011001 :
b1011110010011010 #
b1011110010011010 6
b1011110010011010 7
b1111111111111111 $
b1111111111111111 8
b0 9
0.
02
1-
11
#1197
1(
1'
b1010110111011101 %
b1010110111011101 &
b1010110111011101 3
b1010110111011101 ;
b101001000100011 8
b101001000100010 :
b101001000100011 $
b1111111111111111 #
b1111111111111111 6
b0 7
b1010110111011100 9
1.
12
01
#1198
b1011110010011011 &
b1011110010011011 3
b1011110010011011 ;
b1011110010011011 %
b100001101100100 :
b100001101100101 6
b1111111111111111 8
b100001101100101 #
b1111111111111111 $
b1011110010011010 7
b0 9
02
11
#1199
b1111111111111111 6
1(
1'
b1111111111111111 #
b1010110111011011 :
b1010110111011011 %
b1010110111011011 &
b1010110111011011 3
b1010110111011011 ;
b0 7
b1010110111011100 $
b1010110111011100 8
b1010110111011100 9
0,
12
0-
01
#1200
1(
1'
b1011110010011001 %
b1011110010011001 &
b1011110010011001 3
b1011110010011001 ;
b1011110010011001 :
b1011110010011010 #
b1011110010011010 6
b1011110010011010 7
b1111111111111111 $
b1111111111111111 8
b0 9
0.
02
1-
11
#1201
0(
0'
b110101001110110 %
b110101001110110 &
b110101001110110 3
b110101001110110 ;
b110101001110110 :
b1010110111011100 $
b1010110111011100 8
b1010110111011100 9
0-
01
#1202
1(
1'
b111010111101 :
b1111000101000010 %
b1111000101000010 &
b1111000101000010 3
b1111000101000010 ;
b101001000100011 $
b101001000100011 8
1,
1-
#1203
0(
0'
b111010111110 %
b111010111110 &
b111010111110 3
b111010111110 ;
b1111000101000001 :
b100001101100101 #
b100001101100101 6
b1010110111011100 $
b1010110111011100 8
1.
0-
#1204
1(
1'
b1010110010011000 %
b1010110010011000 &
b1010110010011000 3
b1010110010011000 ;
b1010110010011000 :
b1011110010011010 #
b1011110010011010 6
0,
0)
0.
#1205
b100001000100001 :
1(
1'
b1011110111011110 %
b1011110111011110 &
b1011110111011110 3
b1011110111011110 ;
b100001101100101 #
b100001101100101 6
b101001000100011 $
b101001000100011 8
1,
1.
1-
#1206
0(
0'
1!
b0 %
1"
b0 &
b0 3
b0 ;
b0 :
b0 #
b0 6
b0 $
b0 8
b0 7
b0 9
0,
1)
0.
12
0-
11
b1011000011 0
b1011000011 5
b111001011111101 /
b111001011111101 4
b1000011 +
#1207
0(
0'
0!
b1111111111111110 :
b1 %
0"
b1 &
b1 3
b1 ;
b1111111111111111 #
b1111111111111111 6
b1111111111111111 $
b1111111111111111 8
1,
1.
1-
#1208
1(
1'
b1111111111111111 :
b1111111111111111 %
b1111111111111111 &
b1111111111111111 3
b1111111111111111 ;
b0 #
b0 6
0,
0.
#1209
0(
0'
0!
b111001011111101 %
0"
b111001011111101 &
b111001011111101 3
b111001011111101 ;
b111001011111101 :
b1111111111111111 #
b1111111111111111 6
b111001011111101 $
b111001011111101 8
b111001011111101 9
0)
1.
0-
01
#1210
b1011000011 %
b1011000011 &
b1011000011 3
b1011000011 ;
b1011000011 :
b1011000011 #
b1011000011 6
b1011000011 7
b1111111111111111 $
b1111111111111111 8
b0 9
0.
02
1-
11
#1211
b111001011111101 :
1(
1'
b1000110100000010 %
b1000110100000010 &
b1000110100000010 3
b1000110100000010 ;
b1111111111111111 #
b1111111111111111 6
b0 7
b111001011111101 $
b111001011111101 8
b111001011111101 9
1,
1.
12
0-
01
#1212
b1111110100111100 %
b1111110100111100 &
b1111110100111100 3
b1111110100111100 ;
b1011000011 :
b1011000011 #
b1011000011 6
b1011000011 7
b1111111111111111 $
b1111111111111111 8
b0 9
0.
02
1-
11
#1213
b1000110100000011 &
b1000110100000011 3
b1000110100000011 ;
b1000110100000011 %
b111001011111100 :
b1111111111111111 #
b1111111111111111 6
b0 7
b111001011111101 $
b111001011111101 8
b111001011111101 9
1)
1.
12
0-
01
#1214
1(
1'
b1111110100111101 %
b1111110100111101 &
b1111110100111101 3
b1111110100111101 ;
b1011000010 :
b1011000011 #
b1011000011 6
b1011000011 7
b1111111111111111 $
b1111111111111111 8
b0 9
0.
02
1-
11
#1215
0(
0'
b111001011111110 %
b111001011111110 &
b111001011111110 3
b111001011111110 ;
b1000110100000010 8
b1000110100000001 :
b1000110100000010 $
b1111111111111111 #
b1111111111111111 6
b0 7
b111001011111101 9
1.
12
01
#1216
b1011000100 &
b1011000100 3
b1011000100 ;
b1011000100 %
b1111110100111011 :
b1111110100111100 6
b1111111111111111 8
b1111110100111100 #
b1111111111111111 $
b1011000011 7
b0 9
02
11
#1217
b1111111111111111 6
0(
0'
b1111111111111111 #
b111001011111100 :
b111001011111100 %
b111001011111100 &
b111001011111100 3
b111001011111100 ;
b0 7
b111001011111101 $
b111001011111101 8
b111001011111101 9
0,
12
0-
01
#1218
0(
0'
b1011000010 %
b1011000010 &
b1011000010 3
b1011000010 ;
b1011000010 :
b1011000011 #
b1011000011 6
b1011000011 7
b1111111111111111 $
b1111111111111111 8
b0 9
0.
02
1-
11
#1219
b111010111000000 %
b111010111000000 &
b111010111000000 3
b111010111000000 ;
b111010111000000 :
b111001011111101 $
b111001011111101 8
b111001011111101 9
0-
01
#1220
0(
0'
b1000111111000101 :
b111000000111010 %
b111000000111010 &
b111000000111010 3
b111000000111010 ;
b1000110100000010 $
b1000110100000010 8
1,
1-
#1221
1(
1'
b1000111111000110 %
b1000111111000110 &
b1000111111000110 3
b1000111111000110 ;
b111000000111001 :
b1111110100111100 #
b1111110100111100 6
b111001011111101 $
b111001011111101 8
1.
0-
#1222
0(
0'
b1011000001 %
b1011000001 &
b1011000001 3
b1011000001 ;
b1011000001 :
b1011000011 #
b1011000011 6
0,
0)
0.
#1223
b1000110100000000 :
0(
0'
b111001011111111 %
b111001011111111 &
b111001011111111 3
b111001011111111 ;
b1111110100111100 #
b1111110100111100 6
b1000110100000010 $
b1000110100000010 8
1,
1.
1-
#1224
1!
b0 %
1"
b0 &
b0 3
b0 ;
b0 :
b0 #
b0 6
b0 $
b0 8
b0 7
b0 9
0,
1)
0.
12
0-
11
b1110100101001110 0
b1110100101001110 5
b1110110101010110 /
b1110110101010110 4
b1000100 +
#1225
0(
0'
0!
b1111111111111110 :
b1 %
0"
b1 &
b1 3
b1 ;
b1111111111111111 #
b1111111111111111 6
b1111111111111111 $
b1111111111111111 8
1,
1.
1-
#1226
1(
1'
b1111111111111111 :
b1111111111111111 %
b1111111111111111 &
b1111111111111111 3
b1111111111111111 ;
b0 #
b0 6
0,
0.
#1227
1(
1'
0!
b1110110101010110 %
0"
b1110110101010110 &
b1110110101010110 3
b1110110101010110 ;
b1110110101010110 :
b1111111111111111 #
b1111111111111111 6
b1110110101010110 $
b1110110101010110 8
b1110110101010110 9
0)
1.
0-
01
#1228
1(
1'
b1110100101001110 %
b1110100101001110 &
b1110100101001110 3
b1110100101001110 ;
b1110100101001110 :
b1110100101001110 #
b1110100101001110 6
b1110100101001110 7
b1111111111111111 $
b1111111111111111 8
b0 9
0.
02
1-
11
#1229
b1110110101010110 :
0(
0'
b1001010101001 %
b1001010101001 &
b1001010101001 3
b1001010101001 ;
b1111111111111111 #
b1111111111111111 6
b0 7
b1110110101010110 $
b1110110101010110 8
b1110110101010110 9
1,
1.
12
0-
01
#1230
0(
0'
b1011010110001 %
b1011010110001 &
b1011010110001 3
b1011010110001 ;
b1110100101001110 :
b1110100101001110 #
b1110100101001110 6
b1110100101001110 7
b1111111111111111 $
b1111111111111111 8
b0 9
0.
02
1-
11
#1231
0(
0'
b1001010101010 &
b1001010101010 3
b1001010101010 ;
b1001010101010 %
b1110110101010101 :
b1111111111111111 #
b1111111111111111 6
b0 7
b1110110101010110 $
b1110110101010110 8
b1110110101010110 9
1)
1.
12
0-
01
#1232
b1011010110010 %
b1011010110010 &
b1011010110010 3
b1011010110010 ;
b1110100101001101 :
b1110100101001110 #
b1110100101001110 6
b1110100101001110 7
b1111111111111111 $
b1111111111111111 8
b0 9
0.
02
1-
11
#1233
1(
1'
b1110110101010111 %
b1110110101010111 &
b1110110101010111 3
b1110110101010111 ;
b1001010101001 8
b1001010101000 :
b1001010101001 $
b1111111111111111 #
b1111111111111111 6
b0 7
b1110110101010110 9
1.
12
01
#1234
b1110100101001111 &
b1110100101001111 3
b1110100101001111 ;
b1110100101001111 %
b1011010110000 :
b1011010110001 6
b1111111111111111 8
b1011010110001 #
b1111111111111111 $
b1110100101001110 7
b0 9
02
11
#1235
b1111111111111111 6
1(
1'
b1111111111111111 #
b1110110101010101 :
b1110110101010101 %
b1110110101010101 &
b1110110101010101 3
b1110110101010101 ;
b0 7
b1110110101010110 $
b1110110101010110 8
b1110110101010110 9
0,
12
0-
01
#1236
b1110100101001101 %
b1110100101001101 &
b1110100101001101 3
b1110100101001101 ;
b1110100101001101 :
b1110100101001110 #
b1110100101001110 6
b1110100101001110 7
b1111111111111111 $
b1111111111111111 8
b0 9
0.
02
1-
11
#1237
b1101011010100100 %
b1101011010100100 &
b1101011010100100 3
b1101011010100100 ;
b1101011010100100 :
b1110110101010110 $
b1110110101010110 8
b1110110101010110 9
0-
01
#1238
0(
0'
b1111101111110111 :
b10000001000 %
b10000001000 &
b10000001000 3
b10000001000 ;
b1001010101001 $
b1001010101001 8
1,
1-
#1239
1(
1'
b1111101111111000 %
b1111101111111000 &
b1111101111111000 3
b1111101111111000 ;
b10000000111 :
b1011010110001 #
b1011010110001 6
b1110110101010110 $
b1110110101010110 8
1.
0-
#1240
1(
1'
b1110100101000110 %
b1110100101000110 &
b1110100101000110 3
b1110100101000110 ;
b1110100101000110 :
b1110100101001110 #
b1110100101001110 6
0,
0)
0.
#1241
b1001010100001 :
1(
1'
b1110110101011110 %
b1110110101011110 &
b1110110101011110 3
b1110110101011110 ;
b1011010110001 #
b1011010110001 6
b1001010101001 $
b1001010101001 8
1,
1.
1-
#1242
0(
0'
1!
b0 %
1"
b0 &
b0 3
b0 ;
b0 :
b0 #
b0 6
b0 $
b0 8
b0 7
b0 9
0,
1)
0.
12
0-
11
b11010000001010 0
b11010000001010 5
b111011001100111 /
b111011001100111 4
b1000101 +
#1243
0(
0'
0!
b1111111111111110 :
b1 %
0"
b1 &
b1 3
b1 ;
b1111111111111111 #
b1111111111111111 6
b1111111111111111 $
b1111111111111111 8
1,
1.
1-
#1244
1(
1'
b1111111111111111 :
b1111111111111111 %
b1111111111111111 &
b1111111111111111 3
b1111111111111111 ;
b0 #
b0 6
0,
0.
#1245
0(
0'
0!
b111011001100111 %
0"
b111011001100111 &
b111011001100111 3
b111011001100111 ;
b111011001100111 :
b1111111111111111 #
b1111111111111111 6
b111011001100111 $
b111011001100111 8
b111011001100111 9
0)
1.
0-
01
#1246
b11010000001010 %
b11010000001010 &
b11010000001010 3
b11010000001010 ;
b11010000001010 :
b11010000001010 #
b11010000001010 6
b11010000001010 7
b1111111111111111 $
b1111111111111111 8
b0 9
0.
02
1-
11
#1247
b111011001100111 :
1(
1'
b1000100110011000 %
b1000100110011000 &
b1000100110011000 3
b1000100110011000 ;
b1111111111111111 #
b1111111111111111 6
b0 7
b111011001100111 $
b111011001100111 8
b111011001100111 9
1,
1.
12
0-
01
#1248
b1100101111110101 %
b1100101111110101 &
b1100101111110101 3
b1100101111110101 ;
b11010000001010 :
b11010000001010 #
b11010000001010 6
b11010000001010 7
b1111111111111111 $
b1111111111111111 8
b0 9
0.
02
1-
11
#1249
b1000100110011001 &
b1000100110011001 3
b1000100110011001 ;
b1000100110011001 %
b111011001100110 :
b1111111111111111 #
b1111111111111111 6
b0 7
b111011001100111 $
b111011001100111 8
b111011001100111 9
1)
1.
12
0-
01
#1250
1(
1'
b1100101111110110 %
b1100101111110110 &
b1100101111110110 3
b1100101111110110 ;
b11010000001001 :
b11010000001010 #
b11010000001010 6
b11010000001010 7
b1111111111111111 $
b1111111111111111 8
b0 9
0.
02
1-
11
#1251
0(
0'
b111011001101000 %
b111011001101000 &
b111011001101000 3
b111011001101000 ;
b1000100110011000 8
b1000100110010111 :
b1000100110011000 $
b1111111111111111 #
b1111111111111111 6
b0 7
b111011001100111 9
1.
12
01
#1252
b11010000001011 &
b11010000001011 3
b11010000001011 ;
b11010000001011 %
b1100101111110100 :
b1100101111110101 6
b1111111111111111 8
b1100101111110101 #
b1111111111111111 $
b11010000001010 7
b0 9
02
11
#1253
b1111111111111111 6
0(
0'
b1111111111111111 #
b111011001100110 :
b111011001100110 %
b111011001100110 &
b111011001100110 3
b111011001100110 ;
b0 7
b111011001100111 $
b111011001100111 8
b111011001100111 9
0,
12
0-
01
#1254
0(
0'
b11010000001001 %
b11010000001001 &
b11010000001001 3
b11010000001001 ;
b11010000001001 :
b11010000001010 #
b11010000001010 6
b11010000001010 7
b1111111111111111 $
b1111111111111111 8
b0 9
0.
02
1-
11
#1255
1(
1'
b1010101001110001 %
b1010101001110001 &
b1010101001110001 3
b1010101001110001 ;
b1010101001110001 :
b111011001100111 $
b111011001100111 8
b111011001100111 9
0-
01
#1256
0(
0'
b1011110110100010 :
b100001001011101 %
b100001001011101 &
b100001001011101 3
b100001001011101 ;
b1000100110011000 $
b1000100110011000 8
1,
1-
#1257
1(
1'
b1011110110100011 %
b1011110110100011 &
b1011110110100011 3
b1011110110100011 ;
b100001001011100 :
b1100101111110101 #
b1100101111110101 6
b111011001100111 $
b111011001100111 8
1.
0-
#1258
0(
0'
b11010000000010 %
b11010000000010 &
b11010000000010 3
b11010000000010 ;
b11010000000010 :
b11010000001010 #
b11010000001010 6
0,
0)
0.
#1259
b1000100110010000 :
0(
0'
b111011001101111 %
b111011001101111 &
b111011001101111 3
b111011001101111 ;
b1100101111110101 #
b1100101111110101 6
b1000100110011000 $
b1000100110011000 8
1,
1.
1-
#1260
1!
b0 %
1"
b0 &
b0 3
b0 ;
b0 :
b0 #
b0 6
b0 $
b0 8
b0 7
b0 9
0,
1)
0.
12
0-
11
b1000101000111000 0
b1000101000111000 5
b1011100110110110 /
b1011100110110110 4
b1000110 +
#1261
0(
0'
0!
b1111111111111110 :
b1 %
0"
b1 &
b1 3
b1 ;
b1111111111111111 #
b1111111111111111 6
b1111111111111111 $
b1111111111111111 8
1,
1.
1-
#1262
1(
1'
b1111111111111111 :
b1111111111111111 %
b1111111111111111 &
b1111111111111111 3
b1111111111111111 ;
b0 #
b0 6
0,
0.
#1263
1(
1'
0!
b1011100110110110 %
0"
b1011100110110110 &
b1011100110110110 3
b1011100110110110 ;
b1011100110110110 :
b1111111111111111 #
b1111111111111111 6
b1011100110110110 $
b1011100110110110 8
b1011100110110110 9
0)
1.
0-
01
#1264
1(
1'
b1000101000111000 %
b1000101000111000 &
b1000101000111000 3
b1000101000111000 ;
b1000101000111000 :
b1000101000111000 #
b1000101000111000 6
b1000101000111000 7
b1111111111111111 $
b1111111111111111 8
b0 9
0.
02
1-
11
#1265
b1011100110110110 :
0(
0'
b100011001001001 %
b100011001001001 &
b100011001001001 3
b100011001001001 ;
b1111111111111111 #
b1111111111111111 6
b0 7
b1011100110110110 $
b1011100110110110 8
b1011100110110110 9
1,
1.
12
0-
01
#1266
0(
0'
b111010111000111 %
b111010111000111 &
b111010111000111 3
b111010111000111 ;
b1000101000111000 :
b1000101000111000 #
b1000101000111000 6
b1000101000111000 7
b1111111111111111 $
b1111111111111111 8
b0 9
0.
02
1-
11
#1267
0(
0'
b100011001001010 &
b100011001001010 3
b100011001001010 ;
b100011001001010 %
b1011100110110101 :
b1111111111111111 #
b1111111111111111 6
b0 7
b1011100110110110 $
b1011100110110110 8
b1011100110110110 9
1)
1.
12
0-
01
#1268
b111010111001000 %
b111010111001000 &
b111010111001000 3
b111010111001000 ;
b1000101000110111 :
b1000101000111000 #
b1000101000111000 6
b1000101000111000 7
b1111111111111111 $
b1111111111111111 8
b0 9
0.
02
1-
11
#1269
1(
1'
b1011100110110111 %
b1011100110110111 &
b1011100110110111 3
b1011100110110111 ;
b100011001001001 8
b100011001001000 :
b100011001001001 $
b1111111111111111 #
b1111111111111111 6
b0 7
b1011100110110110 9
1.
12
01
#1270
b1000101000111001 &
b1000101000111001 3
b1000101000111001 ;
b1000101000111001 %
b111010111000110 :
b111010111000111 6
b1111111111111111 8
b111010111000111 #
b1111111111111111 $
b1000101000111000 7
b0 9
02
11
#1271
b1111111111111111 6
1(
1'
b1111111111111111 #
b1011100110110101 :
b1011100110110101 %
b1011100110110101 &
b1011100110110101 3
b1011100110110101 ;
b0 7
b1011100110110110 $
b1011100110110110 8
b1011100110110110 9
0,
12
0-
01
#1272
b1000101000110111 %
b1000101000110111 &
b1000101000110111 3
b1000101000110111 ;
b1000101000110111 :
b1000101000111000 #
b1000101000111000 6
b1000101000111000 7
b1111111111111111 $
b1111111111111111 8
b0 9
0.
02
1-
11
#1273
0(
0'
b100001111101110 %
b100001111101110 &
b100001111101110 3
b100001111101110 ;
b100001111101110 :
b1011100110110110 $
b1011100110110110 8
b1011100110110110 9
0-
01
#1274
0(
0'
b1101000010000001 :
b10111101111110 %
b10111101111110 &
b10111101111110 3
b10111101111110 ;
b100011001001001 $
b100011001001001 8
1,
1-
#1275
1(
1'
b1101000010000010 %
b1101000010000010 &
b1101000010000010 3
b1101000010000010 ;
b10111101111101 :
b111010111000111 #
b111010111000111 6
b1011100110110110 $
b1011100110110110 8
1.
0-
#1276
1(
1'
b1000100000110000 %
b1000100000110000 &
b1000100000110000 3
b1000100000110000 ;
b1000100000110000 :
b1000101000111000 #
b1000101000111000 6
0,
0)
0.
#1277
b100010001000001 :
1(
1'
b1011101110111110 %
b1011101110111110 &
b1011101110111110 3
b1011101110111110 ;
b111010111000111 #
b111010111000111 6
b100011001001001 $
b100011001001001 8
1,
1.
1-
#1278
0(
0'
1!
b0 %
1"
b0 &
b0 3
b0 ;
b0 :
b0 #
b0 6
b0 $
b0 8
b0 7
b0 9
0,
1)
0.
12
0-
11
b1100010010111000 0
b1100010010111000 5
b1000011101111001 /
b1000011101111001 4
b1000111 +
#1279
0(
0'
0!
b1111111111111110 :
b1 %
0"
b1 &
b1 3
b1 ;
b1111111111111111 #
b1111111111111111 6
b1111111111111111 $
b1111111111111111 8
1,
1.
1-
#1280
1(
1'
b1111111111111111 :
b1111111111111111 %
b1111111111111111 &
b1111111111111111 3
b1111111111111111 ;
b0 #
b0 6
0,
0.
#1281
1(
1'
0!
b1000011101111001 %
0"
b1000011101111001 &
b1000011101111001 3
b1000011101111001 ;
b1000011101111001 :
b1111111111111111 #
b1111111111111111 6
b1000011101111001 $
b1000011101111001 8
b1000011101111001 9
0)
1.
0-
01
#1282
1(
1'
b1100010010111000 %
b1100010010111000 &
b1100010010111000 3
b1100010010111000 ;
b1100010010111000 :
b1100010010111000 #
b1100010010111000 6
b1100010010111000 7
b1111111111111111 $
b1111111111111111 8
b0 9
0.
02
1-
11
#1283
b1000011101111001 :
0(
0'
b111100010000110 %
b111100010000110 &
b111100010000110 3
b111100010000110 ;
b1111111111111111 #
b1111111111111111 6
b0 7
b1000011101111001 $
b1000011101111001 8
b1000011101111001 9
1,
1.
12
0-
01
#1284
0(
0'
b11101101000111 %
b11101101000111 &
b11101101000111 3
b11101101000111 ;
b1100010010111000 :
b1100010010111000 #
b1100010010111000 6
b1100010010111000 7
b1111111111111111 $
b1111111111111111 8
b0 9
0.
02
1-
11
#1285
b111100010000111 &
b111100010000111 3
b111100010000111 ;
b111100010000111 %
b1000011101111000 :
b1111111111111111 #
b1111111111111111 6
b0 7
b1000011101111001 $
b1000011101111001 8
b1000011101111001 9
1)
1.
12
0-
01
#1286
0(
0'
b11101101001000 %
b11101101001000 &
b11101101001000 3
b11101101001000 ;
b1100010010110111 :
b1100010010111000 #
b1100010010111000 6
b1100010010111000 7
b1111111111111111 $
b1111111111111111 8
b0 9
0.
02
1-
11
#1287
1(
1'
b1000011101111010 %
b1000011101111010 &
b1000011101111010 3
b1000011101111010 ;
b111100010000110 8
b111100010000101 :
b111100010000110 $
b1111111111111111 #
b1111111111111111 6
b0 7
b1000011101111001 9
1.
12
01
#1288
b1100010010111001 &
b1100010010111001 3
b1100010010111001 ;
b1100010010111001 %
b11101101000110 :
b11101101000111 6
b1111111111111111 8
b11101101000111 #
b1111111111111111 $
b1100010010111000 7
b0 9
02
11
#1289
b1111111111111111 6
1(
1'
b1111111111111111 #
b1000011101111000 :
b1000011101111000 %
b1000011101111000 &
b1000011101111000 3
b1000011101111000 ;
b0 7
b1000011101111001 $
b1000011101111001 8
b1000011101111001 9
0,
12
0-
01
#1290
1(
1'
b1100010010110111 %
b1100010010110111 &
b1100010010110111 3
b1100010010110111 ;
b1100010010110111 :
b1100010010111000 #
b1100010010111000 6
b1100010010111000 7
b1111111111111111 $
b1111111111111111 8
b0 9
0.
02
1-
11
#1291
0(
0'
b100110000110001 %
b100110000110001 &
b100110000110001 3
b100110000110001 ;
b100110000110001 :
b1000011101111001 $
b1000011101111001 8
b1000011101111001 9
0-
01
#1292
1(
1'
b11110100111110 :
b1100001011000001 %
b1100001011000001 &
b1100001011000001 3
b1100001011000001 ;
b111100010000110 $
b111100010000110 8
1,
1-
#1293
0(
0'
b11110100111111 %
b11110100111111 &
b11110100111111 3
b11110100111111 ;
b1100001011000000 :
b11101101000111 #
b11101101000111 6
b1000011101111001 $
b1000011101111001 8
1.
0-
#1294
1(
1'
b1000010000111000 %
b1000010000111000 &
b1000010000111000 3
b1000010000111000 ;
b1000010000111000 :
b1100010010111000 #
b1100010010111000 6
0,
0)
0.
#1295
b11100000000110 :
1(
1'
b1100011111111001 %
b1100011111111001 &
b1100011111111001 3
b1100011111111001 ;
b11101101000111 #
b11101101000111 6
b111100010000110 $
b111100010000110 8
1,
1.
1-
#1296
0(
0'
1!
b0 %
1"
b0 &
b0 3
b0 ;
b0 :
b0 #
b0 6
b0 $
b0 8
b0 7
b0 9
0,
1)
0.
12
0-
11
b101110110010011 0
b101110110010011 5
b1011111110010100 /
b1011111110010100 4
b1001000 +
#1297
0(
0'
0!
b1111111111111110 :
b1 %
0"
b1 &
b1 3
b1 ;
b1111111111111111 #
b1111111111111111 6
b1111111111111111 $
b1111111111111111 8
1,
1.
1-
#1298
1(
1'
b1111111111111111 :
b1111111111111111 %
b1111111111111111 &
b1111111111111111 3
b1111111111111111 ;
b0 #
b0 6
0,
0.
#1299
1(
1'
0!
b1011111110010100 %
0"
b1011111110010100 &
b1011111110010100 3
b1011111110010100 ;
b1011111110010100 :
b1111111111111111 #
b1111111111111111 6
b1011111110010100 $
b1011111110010100 8
b1011111110010100 9
0)
1.
0-
01
#1300
0(
0'
b101110110010011 %
b101110110010011 &
b101110110010011 3
b101110110010011 ;
b101110110010011 :
b101110110010011 #
b101110110010011 6
b101110110010011 7
b1111111111111111 $
b1111111111111111 8
b0 9
0.
02
1-
11
#1301
b1011111110010100 :
0(
0'
b100000001101011 %
b100000001101011 &
b100000001101011 3
b100000001101011 ;
b1111111111111111 #
b1111111111111111 6
b0 7
b1011111110010100 $
b1011111110010100 8
b1011111110010100 9
1,
1.
12
0-
01
#1302
1(
1'
b1010001001101100 %
b1010001001101100 &
b1010001001101100 3
b1010001001101100 ;
b101110110010011 :
b101110110010011 #
b101110110010011 6
b101110110010011 7
b1111111111111111 $
b1111111111111111 8
b0 9
0.
02
1-
11
#1303
0(
0'
b100000001101100 &
b100000001101100 3
b100000001101100 ;
b100000001101100 %
b1011111110010011 :
b1111111111111111 #
b1111111111111111 6
b0 7
b1011111110010100 $
b1011111110010100 8
b1011111110010100 9
1)
1.
12
0-
01
#1304
1(
1'
b1010001001101101 %
b1010001001101101 &
b1010001001101101 3
b1010001001101101 ;
b101110110010010 :
b101110110010011 #
b101110110010011 6
b101110110010011 7
b1111111111111111 $
b1111111111111111 8
b0 9
0.
02
1-
11
#1305
1(
1'
b1011111110010101 %
b1011111110010101 &
b1011111110010101 3
b1011111110010101 ;
b100000001101011 8
b100000001101010 :
b100000001101011 $
b1111111111111111 #
b1111111111111111 6
b0 7
b1011111110010100 9
1.
12
01
#1306
0(
0'
b101110110010100 &
b101110110010100 3
b101110110010100 ;
b101110110010100 %
b1010001001101011 :
b1010001001101100 6
b1111111111111111 8
b1010001001101100 #
b1111111111111111 $
b101110110010011 7
b0 9
02
11
#1307
b1111111111111111 6
1(
1'
b1111111111111111 #
b1011111110010011 :
b1011111110010011 %
b1011111110010011 &
b1011111110010011 3
b1011111110010011 ;
b0 7
b1011111110010100 $
b1011111110010100 8
b1011111110010100 9
0,
12
0-
01
#1308
0(
0'
b101110110010010 %
b101110110010010 &
b101110110010010 3
b101110110010010 ;
b101110110010010 :
b101110110010011 #
b101110110010011 6
b101110110010011 7
b1111111111111111 $
b1111111111111111 8
b0 9
0.
02
1-
11
#1309
b1110100100111 %
b1110100100111 &
b1110100100111 3
b1110100100111 ;
b1110100100111 :
b1011111110010100 $
b1011111110010100 8
b1011111110010100 9
0-
01
#1310
0(
0'
b1001110111111110 :
b110001000000001 %
b110001000000001 &
b110001000000001 3
b110001000000001 ;
b100000001101011 $
b100000001101011 8
1,
1-
#1311
1(
1'
b1001110111111111 %
b1001110111111111 &
b1001110111111111 3
b1001110111111111 ;
b110001000000000 :
b1010001001101100 #
b1010001001101100 6
b1011111110010100 $
b1011111110010100 8
1.
0-
#1312
0(
0'
b1110110010000 %
b1110110010000 &
b1110110010000 3
b1110110010000 ;
b1110110010000 :
b101110110010011 #
b101110110010011 6
0,
0)
0.
#1313
b1101000 :
1(
1'
b1111111110010111 %
b1111111110010111 &
b1111111110010111 3
b1111111110010111 ;
b1010001001101100 #
b1010001001101100 6
b100000001101011 $
b100000001101011 8
1,
1.
1-
#1314
0(
0'
1!
b0 %
1"
b0 &
b0 3
b0 ;
b0 :
b0 #
b0 6
b0 $
b0 8
b0 7
b0 9
0,
1)
0.
12
0-
11
b1100101001011001 0
b1100101001011001 5
b10110000000100 /
b10110000000100 4
b1001001 +
#1315
0(
0'
0!
b1111111111111110 :
b1 %
0"
b1 &
b1 3
b1 ;
b1111111111111111 #
b1111111111111111 6
b1111111111111111 $
b1111111111111111 8
1,
1.
1-
#1316
1(
1'
b1111111111111111 :
b1111111111111111 %
b1111111111111111 &
b1111111111111111 3
b1111111111111111 ;
b0 #
b0 6
0,
0.
#1317
0(
0'
0!
b10110000000100 %
0"
b10110000000100 &
b10110000000100 3
b10110000000100 ;
b10110000000100 :
b1111111111111111 #
b1111111111111111 6
b10110000000100 $
b10110000000100 8
b10110000000100 9
0)
1.
0-
01
#1318
1(
1'
b1100101001011001 %
b1100101001011001 &
b1100101001011001 3
b1100101001011001 ;
b1100101001011001 :
b1100101001011001 #
b1100101001011001 6
b1100101001011001 7
b1111111111111111 $
b1111111111111111 8
b0 9
0.
02
1-
11
#1319
b10110000000100 :
1(
1'
b1101001111111011 %
b1101001111111011 &
b1101001111111011 3
b1101001111111011 ;
b1111111111111111 #
b1111111111111111 6
b0 7
b10110000000100 $
b10110000000100 8
b10110000000100 9
1,
1.
12
0-
01
#1320
0(
0'
b11010110100110 %
b11010110100110 &
b11010110100110 3
b11010110100110 ;
b1100101001011001 :
b1100101001011001 #
b1100101001011001 6
b1100101001011001 7
b1111111111111111 $
b1111111111111111 8
b0 9
0.
02
1-
11
#1321
1(
1'
b1101001111111100 &
b1101001111111100 3
b1101001111111100 ;
b1101001111111100 %
b10110000000011 :
b1111111111111111 #
b1111111111111111 6
b0 7
b10110000000100 $
b10110000000100 8
b10110000000100 9
1)
1.
12
0-
01
#1322
0(
0'
b11010110100111 %
b11010110100111 &
b11010110100111 3
b11010110100111 ;
b1100101001011000 :
b1100101001011001 #
b1100101001011001 6
b1100101001011001 7
b1111111111111111 $
b1111111111111111 8
b0 9
0.
02
1-
11
#1323
0(
0'
b10110000000101 %
b10110000000101 &
b10110000000101 3
b10110000000101 ;
b1101001111111011 8
b1101001111111010 :
b1101001111111011 $
b1111111111111111 #
b1111111111111111 6
b0 7
b10110000000100 9
1.
12
01
#1324
1(
1'
b1100101001011010 &
b1100101001011010 3
b1100101001011010 ;
b1100101001011010 %
b11010110100101 :
b11010110100110 6
b1111111111111111 8
b11010110100110 #
b1111111111111111 $
b1100101001011001 7
b0 9
02
11
#1325
b1111111111111111 6
0(
0'
b1111111111111111 #
b10110000000011 :
b10110000000011 %
b10110000000011 &
b10110000000011 3
b10110000000011 ;
b0 7
b10110000000100 $
b10110000000100 8
b10110000000100 9
0,
12
0-
01
#1326
1(
1'
b1100101001011000 %
b1100101001011000 &
b1100101001011000 3
b1100101001011000 ;
b1100101001011000 :
b1100101001011001 #
b1100101001011001 6
b1100101001011001 7
b1111111111111111 $
b1111111111111111 8
b0 9
0.
02
1-
11
#1327
b1111011001011101 %
b1111011001011101 &
b1111011001011101 3
b1111011001011101 ;
b1111011001011101 :
b10110000000100 $
b10110000000100 8
b10110000000100 9
0-
01
#1328
0(
0'
b1001111001010100 :
b110000110101011 %
b110000110101011 &
b110000110101011 3
b110000110101011 ;
b1101001111111011 $
b1101001111111011 8
1,
1-
#1329
1(
1'
b1001111001010101 %
b1001111001010101 &
b1001111001010101 3
b1001111001010101 ;
b110000110101010 :
b11010110100110 #
b11010110100110 6
b10110000000100 $
b10110000000100 8
1.
0-
#1330
0(
0'
b100000000000 %
b100000000000 &
b100000000000 3
b100000000000 ;
b100000000000 :
b1100101001011001 #
b1100101001011001 6
0,
0)
0.
#1331
b1000110100010 :
1(
1'
b1110111001011101 %
b1110111001011101 &
b1110111001011101 3
b1110111001011101 ;
b11010110100110 #
b11010110100110 6
b1101001111111011 $
b1101001111111011 8
1,
1.
1-
#1332
0(
0'
1!
b0 %
1"
b0 &
b0 3
b0 ;
b0 :
b0 #
b0 6
b0 $
b0 8
b0 7
b0 9
0,
1)
0.
12
0-
11
b1101111001001101 0
b1101111001001101 5
b110100111011011 /
b110100111011011 4
b1001010 +
#1333
0(
0'
0!
b1111111111111110 :
b1 %
0"
b1 &
b1 3
b1 ;
b1111111111111111 #
b1111111111111111 6
b1111111111111111 $
b1111111111111111 8
1,
1.
1-
#1334
1(
1'
b1111111111111111 :
b1111111111111111 %
b1111111111111111 &
b1111111111111111 3
b1111111111111111 ;
b0 #
b0 6
0,
0.
#1335
0(
0'
0!
b110100111011011 %
0"
b110100111011011 &
b110100111011011 3
b110100111011011 ;
b110100111011011 :
b1111111111111111 #
b1111111111111111 6
b110100111011011 $
b110100111011011 8
b110100111011011 9
0)
1.
0-
01
#1336
1(
1'
b1101111001001101 %
b1101111001001101 &
b1101111001001101 3
b1101111001001101 ;
b1101111001001101 :
b1101111001001101 #
b1101111001001101 6
b1101111001001101 7
b1111111111111111 $
b1111111111111111 8
b0 9
0.
02
1-
11
#1337
b110100111011011 :
1(
1'
b1001011000100100 %
b1001011000100100 &
b1001011000100100 3
b1001011000100100 ;
b1111111111111111 #
b1111111111111111 6
b0 7
b110100111011011 $
b110100111011011 8
b110100111011011 9
1,
1.
12
0-
01
#1338
0(
0'
b10000110110010 %
b10000110110010 &
b10000110110010 3
b10000110110010 ;
b1101111001001101 :
b1101111001001101 #
b1101111001001101 6
b1101111001001101 7
b1111111111111111 $
b1111111111111111 8
b0 9
0.
02
1-
11
#1339
1(
1'
b1001011000100101 &
b1001011000100101 3
b1001011000100101 ;
b1001011000100101 %
b110100111011010 :
b1111111111111111 #
b1111111111111111 6
b0 7
b110100111011011 $
b110100111011011 8
b110100111011011 9
1)
1.
12
0-
01
#1340
0(
0'
b10000110110011 %
b10000110110011 &
b10000110110011 3
b10000110110011 ;
b1101111001001100 :
b1101111001001101 #
b1101111001001101 6
b1101111001001101 7
b1111111111111111 $
b1111111111111111 8
b0 9
0.
02
1-
11
#1341
0(
0'
b110100111011100 %
b110100111011100 &
b110100111011100 3
b110100111011100 ;
b1001011000100100 8
b1001011000100011 :
b1001011000100100 $
b1111111111111111 #
b1111111111111111 6
b0 7
b110100111011011 9
1.
12
01
#1342
1(
1'
b1101111001001110 &
b1101111001001110 3
b1101111001001110 ;
b1101111001001110 %
b10000110110001 :
b10000110110010 6
b1111111111111111 8
b10000110110010 #
b1111111111111111 $
b1101111001001101 7
b0 9
02
11
#1343
b1111111111111111 6
0(
0'
b1111111111111111 #
b110100111011010 :
b110100111011010 %
b110100111011010 &
b110100111011010 3
b110100111011010 ;
b0 7
b110100111011011 $
b110100111011011 8
b110100111011011 9
0,
12
0-
01
#1344
1(
1'
b1101111001001100 %
b1101111001001100 &
b1101111001001100 3
b1101111001001100 ;
b1101111001001100 :
b1101111001001101 #
b1101111001001101 6
b1101111001001101 7
b1111111111111111 $
b1111111111111111 8
b0 9
0.
02
1-
11
#1345
0(
0'
b100100000101000 %
b100100000101000 &
b100100000101000 3
b100100000101000 ;
b100100000101000 :
b110100111011011 $
b110100111011011 8
b110100111011011 9
0-
01
#1346
1(
1'
b111010001110001 :
b1000101110001110 %
b1000101110001110 &
b1000101110001110 3
b1000101110001110 ;
b1001011000100100 $
b1001011000100100 8
1,
1-
#1347
0(
0'
b111010001110010 %
b111010001110010 &
b111010001110010 3
b111010001110010 ;
b1000101110001101 :
b10000110110010 #
b10000110110010 6
b110100111011011 $
b110100111011011 8
1.
0-
#1348
b100100001001001 %
b100100001001001 &
b100100001001001 3
b100100001001001 ;
b100100001001001 :
b1101111001001101 #
b1101111001001101 6
0,
0)
0.
#1349
b100000 :
1(
1'
b1111111111011111 %
b1111111111011111 &
b1111111111011111 3
b1111111111011111 ;
b10000110110010 #
b10000110110010 6
b1001011000100100 $
b1001011000100100 8
1,
1.
1-
#1350
0(
0'
1!
b0 %
1"
b0 &
b0 3
b0 ;
b0 :
b0 #
b0 6
b0 $
b0 8
b0 7
b0 9
0,
1)
0.
12
0-
11
b10011001101101 0
b10011001101101 5
b1011011111011001 /
b1011011111011001 4
b1001011 +
#1351
0(
0'
0!
b1111111111111110 :
b1 %
0"
b1 &
b1 3
b1 ;
b1111111111111111 #
b1111111111111111 6
b1111111111111111 $
b1111111111111111 8
1,
1.
1-
#1352
1(
1'
b1111111111111111 :
b1111111111111111 %
b1111111111111111 &
b1111111111111111 3
b1111111111111111 ;
b0 #
b0 6
0,
0.
#1353
1(
1'
0!
b1011011111011001 %
0"
b1011011111011001 &
b1011011111011001 3
b1011011111011001 ;
b1011011111011001 :
b1111111111111111 #
b1111111111111111 6
b1011011111011001 $
b1011011111011001 8
b1011011111011001 9
0)
1.
0-
01
#1354
0(
0'
b10011001101101 %
b10011001101101 &
b10011001101101 3
b10011001101101 ;
b10011001101101 :
b10011001101101 #
b10011001101101 6
b10011001101101 7
b1111111111111111 $
b1111111111111111 8
b0 9
0.
02
1-
11
#1355
b1011011111011001 :
0(
0'
b100100000100110 %
b100100000100110 &
b100100000100110 3
b100100000100110 ;
b1111111111111111 #
b1111111111111111 6
b0 7
b1011011111011001 $
b1011011111011001 8
b1011011111011001 9
1,
1.
12
0-
01
#1356
1(
1'
b1101100110010010 %
b1101100110010010 &
b1101100110010010 3
b1101100110010010 ;
b10011001101101 :
b10011001101101 #
b10011001101101 6
b10011001101101 7
b1111111111111111 $
b1111111111111111 8
b0 9
0.
02
1-
11
#1357
0(
0'
b100100000100111 &
b100100000100111 3
b100100000100111 ;
b100100000100111 %
b1011011111011000 :
b1111111111111111 #
b1111111111111111 6
b0 7
b1011011111011001 $
b1011011111011001 8
b1011011111011001 9
1)
1.
12
0-
01
#1358
1(
1'
b1101100110010011 %
b1101100110010011 &
b1101100110010011 3
b1101100110010011 ;
b10011001101100 :
b10011001101101 #
b10011001101101 6
b10011001101101 7
b1111111111111111 $
b1111111111111111 8
b0 9
0.
02
1-
11
#1359
1(
1'
b1011011111011010 %
b1011011111011010 &
b1011011111011010 3
b1011011111011010 ;
b100100000100110 8
b100100000100101 :
b100100000100110 $
b1111111111111111 #
b1111111111111111 6
b0 7
b1011011111011001 9
1.
12
01
#1360
0(
0'
b10011001101110 &
b10011001101110 3
b10011001101110 ;
b10011001101110 %
b1101100110010001 :
b1101100110010010 6
b1111111111111111 8
b1101100110010010 #
b1111111111111111 $
b10011001101101 7
b0 9
02
11
#1361
b1111111111111111 6
1(
1'
b1111111111111111 #
b1011011111011000 :
b1011011111011000 %
b1011011111011000 &
b1011011111011000 3
b1011011111011000 ;
b0 7
b1011011111011001 $
b1011011111011001 8
b1011011111011001 9
0,
12
0-
01
#1362
0(
0'
b10011001101100 %
b10011001101100 &
b10011001101100 3
b10011001101100 ;
b10011001101100 :
b10011001101101 #
b10011001101101 6
b10011001101101 7
b1111111111111111 $
b1111111111111111 8
b0 9
0.
02
1-
11
#1363
1(
1'
b1101111001000110 %
b1101111001000110 &
b1101111001000110 3
b1101111001000110 ;
b1101111001000110 :
b1011011111011001 $
b1011011111011001 8
b1011011111011001 9
0-
01
#1364
1(
1'
b110111010010011 :
b1001000101101100 %
b1001000101101100 &
b1001000101101100 3
b1001000101101100 ;
b100100000100110 $
b100100000100110 8
1,
1-
#1365
0(
0'
b110111010010100 %
b110111010010100 &
b110111010010100 3
b110111010010100 ;
b1001000101101011 :
b1101100110010010 #
b1101100110010010 6
b1011011111011001 $
b1011011111011001 8
1.
0-
#1366
0(
0'
b10011001001001 %
b10011001001001 &
b10011001001001 3
b10011001001001 ;
b10011001001001 :
b10011001101101 #
b10011001101101 6
0,
0)
0.
#1367
b100100000000010 :
1(
1'
b1011011111111101 %
b1011011111111101 &
b1011011111111101 3
b1011011111111101 ;
b1101100110010010 #
b1101100110010010 6
b100100000100110 $
b100100000100110 8
1,
1.
1-
#1368
0(
0'
1!
b0 %
1"
b0 &
b0 3
b0 ;
b0 :
b0 #
b0 6
b0 $
b0 8
b0 7
b0 9
0,
1)
0.
12
0-
11
b100100111001010 0
b100100111001010 5
b1110001001110110 /
b1110001001110110 4
b1001100 +
#1369
0(
0'
0!
b1111111111111110 :
b1 %
0"
b1 &
b1 3
b1 ;
b1111111111111111 #
b1111111111111111 6
b1111111111111111 $
b1111111111111111 8
1,
1.
1-
#1370
1(
1'
b1111111111111111 :
b1111111111111111 %
b1111111111111111 &
b1111111111111111 3
b1111111111111111 ;
b0 #
b0 6
0,
0.
#1371
1(
1'
0!
b1110001001110110 %
0"
b1110001001110110 &
b1110001001110110 3
b1110001001110110 ;
b1110001001110110 :
b1111111111111111 #
b1111111111111111 6
b1110001001110110 $
b1110001001110110 8
b1110001001110110 9
0)
1.
0-
01
#1372
0(
0'
b100100111001010 %
b100100111001010 &
b100100111001010 3
b100100111001010 ;
b100100111001010 :
b100100111001010 #
b100100111001010 6
b100100111001010 7
b1111111111111111 $
b1111111111111111 8
b0 9
0.
02
1-
11
#1373
b1110001001110110 :
0(
0'
b1110110001001 %
b1110110001001 &
b1110110001001 3
b1110110001001 ;
b1111111111111111 #
b1111111111111111 6
b0 7
b1110001001110110 $
b1110001001110110 8
b1110001001110110 9
1,
1.
12
0-
01
#1374
1(
1'
b1011011000110101 %
b1011011000110101 &
b1011011000110101 3
b1011011000110101 ;
b100100111001010 :
b100100111001010 #
b100100111001010 6
b100100111001010 7
b1111111111111111 $
b1111111111111111 8
b0 9
0.
02
1-
11
#1375
0(
0'
b1110110001010 &
b1110110001010 3
b1110110001010 ;
b1110110001010 %
b1110001001110101 :
b1111111111111111 #
b1111111111111111 6
b0 7
b1110001001110110 $
b1110001001110110 8
b1110001001110110 9
1)
1.
12
0-
01
#1376
1(
1'
b1011011000110110 %
b1011011000110110 &
b1011011000110110 3
b1011011000110110 ;
b100100111001001 :
b100100111001010 #
b100100111001010 6
b100100111001010 7
b1111111111111111 $
b1111111111111111 8
b0 9
0.
02
1-
11
#1377
1(
1'
b1110001001110111 %
b1110001001110111 &
b1110001001110111 3
b1110001001110111 ;
b1110110001001 8
b1110110001000 :
b1110110001001 $
b1111111111111111 #
b1111111111111111 6
b0 7
b1110001001110110 9
1.
12
01
#1378
0(
0'
b100100111001011 &
b100100111001011 3
b100100111001011 ;
b100100111001011 %
b1011011000110100 :
b1011011000110101 6
b1111111111111111 8
b1011011000110101 #
b1111111111111111 $
b100100111001010 7
b0 9
02
11
#1379
b1111111111111111 6
1(
1'
b1111111111111111 #
b1110001001110101 :
b1110001001110101 %
b1110001001110101 &
b1110001001110101 3
b1110001001110101 ;
b0 7
b1110001001110110 $
b1110001001110110 8
b1110001001110110 9
0,
12
0-
01
#1380
0(
0'
b100100111001001 %
b100100111001001 &
b100100111001001 3
b100100111001001 ;
b100100111001001 :
b100100111001010 #
b100100111001010 6
b100100111001010 7
b1111111111111111 $
b1111111111111111 8
b0 9
0.
02
1-
11
#1381
b10110001000000 %
b10110001000000 &
b10110001000000 3
b10110001000000 ;
b10110001000000 :
b1110001001110110 $
b1110001001110110 8
b1110001001110110 9
0-
01
#1382
1(
1'
b110011101010011 :
b1001100010101100 %
b1001100010101100 &
b1001100010101100 3
b1001100010101100 ;
b1110110001001 $
b1110110001001 8
1,
1-
#1383
0(
0'
b110011101010100 %
b110011101010100 &
b110011101010100 3
b110011101010100 ;
b1001100010101011 :
b1011011000110101 #
b1011011000110101 6
b1110001001110110 $
b1110001001110110 8
1.
0-
#1384
0(
0'
b100000001000010 %
b100000001000010 &
b100000001000010 3
b100000001000010 ;
b100000001000010 :
b100100111001010 #
b100100111001010 6
0,
0)
0.
#1385
b1010000000001 :
1(
1'
b1110101111111110 %
b1110101111111110 &
b1110101111111110 3
b1110101111111110 ;
b1011011000110101 #
b1011011000110101 6
b1110110001001 $
b1110110001001 8
1,
1.
1-
#1386
0(
0'
1!
b0 %
1"
b0 &
b0 3
b0 ;
b0 :
b0 #
b0 6
b0 $
b0 8
b0 7
b0 9
0,
1)
0.
12
0-
11
b111000110010101 0
b111000110010101 5
b10110110110110 /
b10110110110110 4
b1001101 +
#1387
0(
0'
0!
b1111111111111110 :
b1 %
0"
b1 &
b1 3
b1 ;
b1111111111111111 #
b1111111111111111 6
b1111111111111111 $
b1111111111111111 8
1,
1.
1-
#1388
1(
1'
b1111111111111111 :
b1111111111111111 %
b1111111111111111 &
b1111111111111111 3
b1111111111111111 ;
b0 #
b0 6
0,
0.
#1389
0(
0'
0!
b10110110110110 %
0"
b10110110110110 &
b10110110110110 3
b10110110110110 ;
b10110110110110 :
b1111111111111111 #
b1111111111111111 6
b10110110110110 $
b10110110110110 8
b10110110110110 9
0)
1.
0-
01
#1390
b111000110010101 %
b111000110010101 &
b111000110010101 3
b111000110010101 ;
b111000110010101 :
b111000110010101 #
b111000110010101 6
b111000110010101 7
b1111111111111111 $
b1111111111111111 8
b0 9
0.
02
1-
11
#1391
b10110110110110 :
1(
1'
b1101001001001001 %
b1101001001001001 &
b1101001001001001 3
b1101001001001001 ;
b1111111111111111 #
b1111111111111111 6
b0 7
b10110110110110 $
b10110110110110 8
b10110110110110 9
1,
1.
12
0-
01
#1392
b1000111001101010 %
b1000111001101010 &
b1000111001101010 3
b1000111001101010 ;
b111000110010101 :
b111000110010101 #
b111000110010101 6
b111000110010101 7
b1111111111111111 $
b1111111111111111 8
b0 9
0.
02
1-
11
#1393
1(
1'
b1101001001001010 &
b1101001001001010 3
b1101001001001010 ;
b1101001001001010 %
b10110110110101 :
b1111111111111111 #
b1111111111111111 6
b0 7
b10110110110110 $
b10110110110110 8
b10110110110110 9
1)
1.
12
0-
01
#1394
b1000111001101011 %
b1000111001101011 &
b1000111001101011 3
b1000111001101011 ;
b111000110010100 :
b111000110010101 #
b111000110010101 6
b111000110010101 7
b1111111111111111 $
b1111111111111111 8
b0 9
0.
02
1-
11
#1395
0(
0'
b10110110110111 %
b10110110110111 &
b10110110110111 3
b10110110110111 ;
b1101001001001001 8
b1101001001001000 :
b1101001001001001 $
b1111111111111111 #
b1111111111111111 6
b0 7
b10110110110110 9
1.
12
01
#1396
b111000110010110 &
b111000110010110 3
b111000110010110 ;
b111000110010110 %
b1000111001101001 :
b1000111001101010 6
b1111111111111111 8
b1000111001101010 #
b1111111111111111 $
b111000110010101 7
b0 9
02
11
#1397
b1111111111111111 6
0(
0'
b1111111111111111 #
b10110110110101 :
b10110110110101 %
b10110110110101 &
b10110110110101 3
b10110110110101 ;
b0 7
b10110110110110 $
b10110110110110 8
b10110110110110 9
0,
12
0-
01
#1398
b111000110010100 %
b111000110010100 &
b111000110010100 3
b111000110010100 ;
b111000110010100 :
b111000110010101 #
b111000110010101 6
b111000110010101 7
b1111111111111111 $
b1111111111111111 8
b0 9
0.
02
1-
11
#1399
1(
1'
b1001111101001011 %
b1001111101001011 &
b1001111101001011 3
b1001111101001011 ;
b1001111101001011 :
b10110110110110 $
b10110110110110 8
b10110110110110 9
0-
01
#1400
1(
1'
b100001111011110 :
b1011110000100001 %
b1011110000100001 &
b1011110000100001 3
b1011110000100001 ;
b1101001001001001 $
b1101001001001001 8
1,
1-
#1401
0(
0'
b100001111011111 %
b100001111011111 &
b100001111011111 3
b100001111011111 ;
b1011110000100000 :
b1000111001101010 #
b1000111001101010 6
b10110110110110 $
b10110110110110 8
1.
0-
#1402
b10000110010100 %
b10000110010100 &
b10000110010100 3
b10000110010100 ;
b10000110010100 :
b111000110010101 #
b111000110010101 6
0,
0)
0.
#1403
b1000001001001000 :
0(
0'
b111110110110111 %
b111110110110111 &
b111110110110111 3
b111110110110111 ;
b1000111001101010 #
b1000111001101010 6
b1101001001001001 $
b1101001001001001 8
1,
1.
1-
#1404
1!
b0 %
1"
b0 &
b0 3
b0 ;
b0 :
b0 #
b0 6
b0 $
b0 8
b0 7
b0 9
0,
1)
0.
12
0-
11
b1001101100000100 0
b1001101100000100 5
b1101001000110 /
b1101001000110 4
b1001110 +
#1405
0(
0'
0!
b1111111111111110 :
b1 %
0"
b1 &
b1 3
b1 ;
b1111111111111111 #
b1111111111111111 6
b1111111111111111 $
b1111111111111111 8
1,
1.
1-
#1406
1(
1'
b1111111111111111 :
b1111111111111111 %
b1111111111111111 &
b1111111111111111 3
b1111111111111111 ;
b0 #
b0 6
0,
0.
#1407
0(
0'
0!
b1101001000110 %
0"
b1101001000110 &
b1101001000110 3
b1101001000110 ;
b1101001000110 :
b1111111111111111 #
b1111111111111111 6
b1101001000110 $
b1101001000110 8
b1101001000110 9
0)
1.
0-
01
#1408
1(
1'
b1001101100000100 %
b1001101100000100 &
b1001101100000100 3
b1001101100000100 ;
b1001101100000100 :
b1001101100000100 #
b1001101100000100 6
b1001101100000100 7
b1111111111111111 $
b1111111111111111 8
b0 9
0.
02
1-
11
#1409
b1101001000110 :
1(
1'
b1110010110111001 %
b1110010110111001 &
b1110010110111001 3
b1110010110111001 ;
b1111111111111111 #
b1111111111111111 6
b0 7
b1101001000110 $
b1101001000110 8
b1101001000110 9
1,
1.
12
0-
01
#1410
0(
0'
b110010011111011 %
b110010011111011 &
b110010011111011 3
b110010011111011 ;
b1001101100000100 :
b1001101100000100 #
b1001101100000100 6
b1001101100000100 7
b1111111111111111 $
b1111111111111111 8
b0 9
0.
02
1-
11
#1411
1(
1'
b1110010110111010 &
b1110010110111010 3
b1110010110111010 ;
b1110010110111010 %
b1101001000101 :
b1111111111111111 #
b1111111111111111 6
b0 7
b1101001000110 $
b1101001000110 8
b1101001000110 9
1)
1.
12
0-
01
#1412
0(
0'
b110010011111100 %
b110010011111100 &
b110010011111100 3
b110010011111100 ;
b1001101100000011 :
b1001101100000100 #
b1001101100000100 6
b1001101100000100 7
b1111111111111111 $
b1111111111111111 8
b0 9
0.
02
1-
11
#1413
0(
0'
b1101001000111 %
b1101001000111 &
b1101001000111 3
b1101001000111 ;
b1110010110111001 8
b1110010110111000 :
b1110010110111001 $
b1111111111111111 #
b1111111111111111 6
b0 7
b1101001000110 9
1.
12
01
#1414
1(
1'
b1001101100000101 &
b1001101100000101 3
b1001101100000101 ;
b1001101100000101 %
b110010011111010 :
b110010011111011 6
b1111111111111111 8
b110010011111011 #
b1111111111111111 $
b1001101100000100 7
b0 9
02
11
#1415
b1111111111111111 6
0(
0'
b1111111111111111 #
b1101001000101 :
b1101001000101 %
b1101001000101 &
b1101001000101 3
b1101001000101 ;
b0 7
b1101001000110 $
b1101001000110 8
b1101001000110 9
0,
12
0-
01
#1416
1(
1'
b1001101100000011 %
b1001101100000011 &
b1001101100000011 3
b1001101100000011 ;
b1001101100000011 :
b1001101100000100 #
b1001101100000100 6
b1001101100000100 7
b1111111111111111 $
b1111111111111111 8
b0 9
0.
02
1-
11
#1417
b1011010101001010 %
b1011010101001010 &
b1011010101001010 3
b1011010101001010 ;
b1011010101001010 :
b1101001000110 $
b1101001000110 8
b1101001000110 9
0-
01
#1418
0(
0'
b1000000010111101 :
b111111101000010 %
b111111101000010 &
b111111101000010 3
b111111101000010 ;
b1110010110111001 $
b1110010110111001 8
1,
1-
#1419
1(
1'
b1000000010111110 %
b1000000010111110 &
b1000000010111110 3
b1000000010111110 ;
b111111101000001 :
b110010011111011 #
b110010011111011 6
b1101001000110 $
b1101001000110 8
1.
0-
#1420
0(
0'
b1101000000100 %
b1101000000100 &
b1101000000100 3
b1101000000100 ;
b1101000000100 :
b1001101100000100 #
b1001101100000100 6
0,
0)
0.
#1421
b110010010111001 :
1(
1'
b1001101101000110 %
b1001101101000110 &
b1001101101000110 3
b1001101101000110 ;
b110010011111011 #
b110010011111011 6
b1110010110111001 $
b1110010110111001 8
1,
1.
1-
#1422
0(
0'
1!
b0 %
1"
b0 &
b0 3
b0 ;
b0 :
b0 #
b0 6
b0 $
b0 8
b0 7
b0 9
0,
1)
0.
12
0-
11
b11101101001 0
b11101101001 5
b110000111110111 /
b110000111110111 4
b1001111 +
#1423
0(
0'
0!
b1111111111111110 :
b1 %
0"
b1 &
b1 3
b1 ;
b1111111111111111 #
b1111111111111111 6
b1111111111111111 $
b1111111111111111 8
1,
1.
1-
#1424
1(
1'
b1111111111111111 :
b1111111111111111 %
b1111111111111111 &
b1111111111111111 3
b1111111111111111 ;
b0 #
b0 6
0,
0.
#1425
0(
0'
0!
b110000111110111 %
0"
b110000111110111 &
b110000111110111 3
b110000111110111 ;
b110000111110111 :
b1111111111111111 #
b1111111111111111 6
b110000111110111 $
b110000111110111 8
b110000111110111 9
0)
1.
0-
01
#1426
b11101101001 %
b11101101001 &
b11101101001 3
b11101101001 ;
b11101101001 :
b11101101001 #
b11101101001 6
b11101101001 7
b1111111111111111 $
b1111111111111111 8
b0 9
0.
02
1-
11
#1427
b110000111110111 :
1(
1'
b1001111000001000 %
b1001111000001000 &
b1001111000001000 3
b1001111000001000 ;
b1111111111111111 #
b1111111111111111 6
b0 7
b110000111110111 $
b110000111110111 8
b110000111110111 9
1,
1.
12
0-
01
#1428
b1111100010010110 %
b1111100010010110 &
b1111100010010110 3
b1111100010010110 ;
b11101101001 :
b11101101001 #
b11101101001 6
b11101101001 7
b1111111111111111 $
b1111111111111111 8
b0 9
0.
02
1-
11
#1429
b1001111000001001 &
b1001111000001001 3
b1001111000001001 ;
b1001111000001001 %
b110000111110110 :
b1111111111111111 #
b1111111111111111 6
b0 7
b110000111110111 $
b110000111110111 8
b110000111110111 9
1)
1.
12
0-
01
#1430
1(
1'
b1111100010010111 %
b1111100010010111 &
b1111100010010111 3
b1111100010010111 ;
b11101101000 :
b11101101001 #
b11101101001 6
b11101101001 7
b1111111111111111 $
b1111111111111111 8
b0 9
0.
02
1-
11
#1431
0(
0'
b110000111111000 %
b110000111111000 &
b110000111111000 3
b110000111111000 ;
b1001111000001000 8
b1001111000000111 :
b1001111000001000 $
b1111111111111111 #
b1111111111111111 6
b0 7
b110000111110111 9
1.
12
01
#1432
b11101101010 &
b11101101010 3
b11101101010 ;
b11101101010 %
b1111100010010101 :
b1111100010010110 6
b1111111111111111 8
b1111100010010110 #
b1111111111111111 $
b11101101001 7
b0 9
02
11
#1433
b1111111111111111 6
0(
0'
b1111111111111111 #
b110000111110110 :
b110000111110110 %
b110000111110110 &
b110000111110110 3
b110000111110110 ;
b0 7
b110000111110111 $
b110000111110111 8
b110000111110111 9
0,
12
0-
01
#1434
0(
0'
b11101101000 %
b11101101000 &
b11101101000 3
b11101101000 ;
b11101101000 :
b11101101001 #
b11101101001 6
b11101101001 7
b1111111111111111 $
b1111111111111111 8
b0 9
0.
02
1-
11
#1435
b110100101100000 %
b110100101100000 &
b110100101100000 3
b110100101100000 ;
b110100101100000 :
b110000111110111 $
b110000111110111 8
b110000111110111 9
0-
01
#1436
0(
0'
b1010010101110001 :
b101101010001110 %
b101101010001110 &
b101101010001110 3
b101101010001110 ;
b1001111000001000 $
b1001111000001000 8
1,
1-
#1437
1(
1'
b1010010101110010 %
b1010010101110010 &
b1010010101110010 3
b1010010101110010 ;
b101101010001101 :
b1111100010010110 #
b1111100010010110 6
b110000111110111 $
b110000111110111 8
1.
0-
#1438
0(
0'
b101100001 %
b101100001 &
b101100001 3
b101100001 ;
b101100001 :
b11101101001 #
b11101101001 6
0,
0)
0.
#1439
b1001100000000000 :
0(
0'
b110011111111111 %
b110011111111111 &
b110011111111111 3
b110011111111111 ;
b1111100010010110 #
b1111100010010110 6
b1001111000001000 $
b1001111000001000 8
1,
1.
1-
#1440
1!
b0 %
1"
b0 &
b0 3
b0 ;
b0 :
b0 #
b0 6
b0 $
b0 8
b0 7
b0 9
0,
1)
0.
12
0-
11
b1000110110001000 0
b1000110110001000 5
b1011101010110100 /
b1011101010110100 4
b1010000 +
#1441
0(
0'
0!
b1111111111111110 :
b1 %
0"
b1 &
b1 3
b1 ;
b1111111111111111 #
b1111111111111111 6
b1111111111111111 $
b1111111111111111 8
1,
1.
1-
#1442
1(
1'
b1111111111111111 :
b1111111111111111 %
b1111111111111111 &
b1111111111111111 3
b1111111111111111 ;
b0 #
b0 6
0,
0.
#1443
1(
1'
0!
b1011101010110100 %
0"
b1011101010110100 &
b1011101010110100 3
b1011101010110100 ;
b1011101010110100 :
b1111111111111111 #
b1111111111111111 6
b1011101010110100 $
b1011101010110100 8
b1011101010110100 9
0)
1.
0-
01
#1444
1(
1'
b1000110110001000 %
b1000110110001000 &
b1000110110001000 3
b1000110110001000 ;
b1000110110001000 :
b1000110110001000 #
b1000110110001000 6
b1000110110001000 7
b1111111111111111 $
b1111111111111111 8
b0 9
0.
02
1-
11
#1445
b1011101010110100 :
0(
0'
b100010101001011 %
b100010101001011 &
b100010101001011 3
b100010101001011 ;
b1111111111111111 #
b1111111111111111 6
b0 7
b1011101010110100 $
b1011101010110100 8
b1011101010110100 9
1,
1.
12
0-
01
#1446
0(
0'
b111001001110111 %
b111001001110111 &
b111001001110111 3
b111001001110111 ;
b1000110110001000 :
b1000110110001000 #
b1000110110001000 6
b1000110110001000 7
b1111111111111111 $
b1111111111111111 8
b0 9
0.
02
1-
11
#1447
0(
0'
b100010101001100 &
b100010101001100 3
b100010101001100 ;
b100010101001100 %
b1011101010110011 :
b1111111111111111 #
b1111111111111111 6
b0 7
b1011101010110100 $
b1011101010110100 8
b1011101010110100 9
1)
1.
12
0-
01
#1448
b111001001111000 %
b111001001111000 &
b111001001111000 3
b111001001111000 ;
b1000110110000111 :
b1000110110001000 #
b1000110110001000 6
b1000110110001000 7
b1111111111111111 $
b1111111111111111 8
b0 9
0.
02
1-
11
#1449
1(
1'
b1011101010110101 %
b1011101010110101 &
b1011101010110101 3
b1011101010110101 ;
b100010101001011 8
b100010101001010 :
b100010101001011 $
b1111111111111111 #
b1111111111111111 6
b0 7
b1011101010110100 9
1.
12
01
#1450
b1000110110001001 &
b1000110110001001 3
b1000110110001001 ;
b1000110110001001 %
b111001001110110 :
b111001001110111 6
b1111111111111111 8
b111001001110111 #
b1111111111111111 $
b1000110110001000 7
b0 9
02
11
#1451
b1111111111111111 6
1(
1'
b1111111111111111 #
b1011101010110011 :
b1011101010110011 %
b1011101010110011 &
b1011101010110011 3
b1011101010110011 ;
b0 7
b1011101010110100 $
b1011101010110100 8
b1011101010110100 9
0,
12
0-
01
#1452
b1000110110000111 %
b1000110110000111 &
b1000110110000111 3
b1000110110000111 ;
b1000110110000111 :
b1000110110001000 #
b1000110110001000 6
b1000110110001000 7
b1111111111111111 $
b1111111111111111 8
b0 9
0.
02
1-
11
#1453
0(
0'
b100100000111100 %
b100100000111100 &
b100100000111100 3
b100100000111100 ;
b100100000111100 :
b1011101010110100 $
b1011101010110100 8
b1011101010110100 9
0-
01
#1454
0(
0'
b1101001011010011 :
b10110100101100 %
b10110100101100 &
b10110100101100 3
b10110100101100 ;
b100010101001011 $
b100010101001011 8
1,
1-
#1455
1(
1'
b1101001011010100 %
b1101001011010100 &
b1101001011010100 3
b1101001011010100 ;
b10110100101011 :
b111001001110111 #
b111001001110111 6
b1011101010110100 $
b1011101010110100 8
1.
0-
#1456
1(
1'
b1000100010000000 %
b1000100010000000 &
b1000100010000000 3
b1000100010000000 ;
b1000100010000000 :
b1000110110001000 #
b1000110110001000 6
0,
0)
0.
#1457
b100000001000011 :
1(
1'
b1011111110111100 %
b1011111110111100 &
b1011111110111100 3
b1011111110111100 ;
b111001001110111 #
b111001001110111 6
b100010101001011 $
b100010101001011 8
1,
1.
1-
#1458
0(
0'
1!
b0 %
1"
b0 &
b0 3
b0 ;
b0 :
b0 #
b0 6
b0 $
b0 8
b0 7
b0 9
0,
1)
0.
12
0-
11
b10000101101 0
b10000101101 5
b1101100100101000 /
b1101100100101000 4
b1010001 +
#1459
0(
0'
0!
b1111111111111110 :
b1 %
0"
b1 &
b1 3
b1 ;
b1111111111111111 #
b1111111111111111 6
b1111111111111111 $
b1111111111111111 8
1,
1.
1-
#1460
1(
1'
b1111111111111111 :
b1111111111111111 %
b1111111111111111 &
b1111111111111111 3
b1111111111111111 ;
b0 #
b0 6
0,
0.
#1461
1(
1'
0!
b1101100100101000 %
0"
b1101100100101000 &
b1101100100101000 3
b1101100100101000 ;
b1101100100101000 :
b1111111111111111 #
b1111111111111111 6
b1101100100101000 $
b1101100100101000 8
b1101100100101000 9
0)
1.
0-
01
#1462
0(
0'
b10000101101 %
b10000101101 &
b10000101101 3
b10000101101 ;
b10000101101 :
b10000101101 #
b10000101101 6
b10000101101 7
b1111111111111111 $
b1111111111111111 8
b0 9
0.
02
1-
11
#1463
b1101100100101000 :
0(
0'
b10011011010111 %
b10011011010111 &
b10011011010111 3
b10011011010111 ;
b1111111111111111 #
b1111111111111111 6
b0 7
b1101100100101000 $
b1101100100101000 8
b1101100100101000 9
1,
1.
12
0-
01
#1464
1(
1'
b1111101111010010 %
b1111101111010010 &
b1111101111010010 3
b1111101111010010 ;
b10000101101 :
b10000101101 #
b10000101101 6
b10000101101 7
b1111111111111111 $
b1111111111111111 8
b0 9
0.
02
1-
11
#1465
0(
0'
b10011011011000 &
b10011011011000 3
b10011011011000 ;
b10011011011000 %
b1101100100100111 :
b1111111111111111 #
b1111111111111111 6
b0 7
b1101100100101000 $
b1101100100101000 8
b1101100100101000 9
1)
1.
12
0-
01
#1466
1(
1'
b1111101111010011 %
b1111101111010011 &
b1111101111010011 3
b1111101111010011 ;
b10000101100 :
b10000101101 #
b10000101101 6
b10000101101 7
b1111111111111111 $
b1111111111111111 8
b0 9
0.
02
1-
11
#1467
1(
1'
b1101100100101001 %
b1101100100101001 &
b1101100100101001 3
b1101100100101001 ;
b10011011010111 8
b10011011010110 :
b10011011010111 $
b1111111111111111 #
b1111111111111111 6
b0 7
b1101100100101000 9
1.
12
01
#1468
0(
0'
b10000101110 &
b10000101110 3
b10000101110 ;
b10000101110 %
b1111101111010001 :
b1111101111010010 6
b1111111111111111 8
b1111101111010010 #
b1111111111111111 $
b10000101101 7
b0 9
02
11
#1469
b1111111111111111 6
1(
1'
b1111111111111111 #
b1101100100100111 :
b1101100100100111 %
b1101100100100111 &
b1101100100100111 3
b1101100100100111 ;
b0 7
b1101100100101000 $
b1101100100101000 8
b1101100100101000 9
0,
12
0-
01
#1470
0(
0'
b10000101100 %
b10000101100 &
b10000101100 3
b10000101100 ;
b10000101100 :
b10000101101 #
b10000101101 6
b10000101101 7
b1111111111111111 $
b1111111111111111 8
b0 9
0.
02
1-
11
#1471
1(
1'
b1101110101010101 %
b1101110101010101 &
b1101110101010101 3
b1101110101010101 ;
b1101110101010101 :
b1101100100101000 $
b1101100100101000 8
b1101100100101000 9
0-
01
#1472
1(
1'
b10101100000100 :
b1101010011111011 %
b1101010011111011 &
b1101010011111011 3
b1101010011111011 ;
b10011011010111 $
b10011011010111 8
1,
1-
#1473
0(
0'
b10101100000101 %
b10101100000101 &
b10101100000101 3
b10101100000101 ;
b1101010011111010 :
b1111101111010010 #
b1111101111010010 6
b1101100100101000 $
b1101100100101000 8
1.
0-
#1474
0(
0'
b101000 %
b101000 &
b101000 3
b101000 ;
b101000 :
b10000101101 #
b10000101101 6
0,
0)
0.
#1475
b10001011010010 :
1(
1'
b1101110100101101 %
b1101110100101101 &
b1101110100101101 3
b1101110100101101 ;
b1111101111010010 #
b1111101111010010 6
b10011011010111 $
b10011011010111 8
1,
1.
1-
#1476
0(
0'
1!
b0 %
1"
b0 &
b0 3
b0 ;
b0 :
b0 #
b0 6
b0 $
b0 8
b0 7
b0 9
0,
1)
0.
12
0-
11
b1001110000101110 0
b1001110000101110 5
b11000011000111 /
b11000011000111 4
b1010010 +
#1477
0(
0'
0!
b1111111111111110 :
b1 %
0"
b1 &
b1 3
b1 ;
b1111111111111111 #
b1111111111111111 6
b1111111111111111 $
b1111111111111111 8
1,
1.
1-
#1478
1(
1'
b1111111111111111 :
b1111111111111111 %
b1111111111111111 &
b1111111111111111 3
b1111111111111111 ;
b0 #
b0 6
0,
0.
#1479
0(
0'
0!
b11000011000111 %
0"
b11000011000111 &
b11000011000111 3
b11000011000111 ;
b11000011000111 :
b1111111111111111 #
b1111111111111111 6
b11000011000111 $
b11000011000111 8
b11000011000111 9
0)
1.
0-
01
#1480
1(
1'
b1001110000101110 %
b1001110000101110 &
b1001110000101110 3
b1001110000101110 ;
b1001110000101110 :
b1001110000101110 #
b1001110000101110 6
b1001110000101110 7
b1111111111111111 $
b1111111111111111 8
b0 9
0.
02
1-
11
#1481
b11000011000111 :
1(
1'
b1100111100111000 %
b1100111100111000 &
b1100111100111000 3
b1100111100111000 ;
b1111111111111111 #
b1111111111111111 6
b0 7
b11000011000111 $
b11000011000111 8
b11000011000111 9
1,
1.
12
0-
01
#1482
0(
0'
b110001111010001 %
b110001111010001 &
b110001111010001 3
b110001111010001 ;
b1001110000101110 :
b1001110000101110 #
b1001110000101110 6
b1001110000101110 7
b1111111111111111 $
b1111111111111111 8
b0 9
0.
02
1-
11
#1483
1(
1'
b1100111100111001 &
b1100111100111001 3
b1100111100111001 ;
b1100111100111001 %
b11000011000110 :
b1111111111111111 #
b1111111111111111 6
b0 7
b11000011000111 $
b11000011000111 8
b11000011000111 9
1)
1.
12
0-
01
#1484
0(
0'
b110001111010010 %
b110001111010010 &
b110001111010010 3
b110001111010010 ;
b1001110000101101 :
b1001110000101110 #
b1001110000101110 6
b1001110000101110 7
b1111111111111111 $
b1111111111111111 8
b0 9
0.
02
1-
11
#1485
0(
0'
b11000011001000 %
b11000011001000 &
b11000011001000 3
b11000011001000 ;
b1100111100111000 8
b1100111100110111 :
b1100111100111000 $
b1111111111111111 #
b1111111111111111 6
b0 7
b11000011000111 9
1.
12
01
#1486
1(
1'
b1001110000101111 &
b1001110000101111 3
b1001110000101111 ;
b1001110000101111 %
b110001111010000 :
b110001111010001 6
b1111111111111111 8
b110001111010001 #
b1111111111111111 $
b1001110000101110 7
b0 9
02
11
#1487
b1111111111111111 6
0(
0'
b1111111111111111 #
b11000011000110 :
b11000011000110 %
b11000011000110 &
b11000011000110 3
b11000011000110 ;
b0 7
b11000011000111 $
b11000011000111 8
b11000011000111 9
0,
12
0-
01
#1488
1(
1'
b1001110000101101 %
b1001110000101101 &
b1001110000101101 3
b1001110000101101 ;
b1001110000101101 :
b1001110000101110 #
b1001110000101110 6
b1001110000101110 7
b1111111111111111 $
b1111111111111111 8
b0 9
0.
02
1-
11
#1489
b1100110011110101 %
b1100110011110101 &
b1100110011110101 3
b1100110011110101 ;
b1100110011110101 :
b11000011000111 $
b11000011000111 8
b11000011000111 9
0-
01
#1490
1(
1'
b110101101100110 :
b1001010010011001 %
b1001010010011001 &
b1001010010011001 3
b1001010010011001 ;
b1100111100111000 $
b1100111100111000 8
1,
1-
#1491
0(
0'
b110101101100111 %
b110101101100111 &
b110101101100111 3
b110101101100111 ;
b1001010010011000 :
b110001111010001 #
b110001111010001 6
b11000011000111 $
b11000011000111 8
1.
0-
#1492
b1000000000110 %
b1000000000110 &
b1000000000110 3
b1000000000110 ;
b1000000000110 :
b1001110000101110 #
b1001110000101110 6
0,
0)
0.
#1493
b100001100010000 :
1(
1'
b1011110011101111 %
b1011110011101111 &
b1011110011101111 3
b1011110011101111 ;
b110001111010001 #
b110001111010001 6
b1100111100111000 $
b1100111100111000 8
1,
1.
1-
#1494
0(
0'
1!
b0 %
1"
b0 &
b0 3
b0 ;
b0 :
b0 #
b0 6
b0 $
b0 8
b0 7
b0 9
0,
1)
0.
12
0-
11
b100010100011100 0
b100010100011100 5
b1110010000001000 /
b1110010000001000 4
b1010011 +
#1495
0(
0'
0!
b1111111111111110 :
b1 %
0"
b1 &
b1 3
b1 ;
b1111111111111111 #
b1111111111111111 6
b1111111111111111 $
b1111111111111111 8
1,
1.
1-
#1496
1(
1'
b1111111111111111 :
b1111111111111111 %
b1111111111111111 &
b1111111111111111 3
b1111111111111111 ;
b0 #
b0 6
0,
0.
#1497
1(
1'
0!
b1110010000001000 %
0"
b1110010000001000 &
b1110010000001000 3
b1110010000001000 ;
b1110010000001000 :
b1111111111111111 #
b1111111111111111 6
b1110010000001000 $
b1110010000001000 8
b1110010000001000 9
0)
1.
0-
01
#1498
0(
0'
b100010100011100 %
b100010100011100 &
b100010100011100 3
b100010100011100 ;
b100010100011100 :
b100010100011100 #
b100010100011100 6
b100010100011100 7
b1111111111111111 $
b1111111111111111 8
b0 9
0.
02
1-
11
#1499
b1110010000001000 :
0(
0'
b1101111110111 %
b1101111110111 &
b1101111110111 3
b1101111110111 ;
b1111111111111111 #
b1111111111111111 6
b0 7
b1110010000001000 $
b1110010000001000 8
b1110010000001000 9
1,
1.
12
0-
01
#1500
1(
1'
b1011101011100011 %
b1011101011100011 &
b1011101011100011 3
b1011101011100011 ;
b100010100011100 :
b100010100011100 #
b100010100011100 6
b100010100011100 7
b1111111111111111 $
b1111111111111111 8
b0 9
0.
02
1-
11
#1501
0(
0'
b1101111111000 &
b1101111111000 3
b1101111111000 ;
b1101111111000 %
b1110010000000111 :
b1111111111111111 #
b1111111111111111 6
b0 7
b1110010000001000 $
b1110010000001000 8
b1110010000001000 9
1)
1.
12
0-
01
#1502
1(
1'
b1011101011100100 %
b1011101011100100 &
b1011101011100100 3
b1011101011100100 ;
b100010100011011 :
b100010100011100 #
b100010100011100 6
b100010100011100 7
b1111111111111111 $
b1111111111111111 8
b0 9
0.
02
1-
11
#1503
1(
1'
b1110010000001001 %
b1110010000001001 &
b1110010000001001 3
b1110010000001001 ;
b1101111110111 8
b1101111110110 :
b1101111110111 $
b1111111111111111 #
b1111111111111111 6
b0 7
b1110010000001000 9
1.
12
01
#1504
0(
0'
b100010100011101 &
b100010100011101 3
b100010100011101 ;
b100010100011101 %
b1011101011100010 :
b1011101011100011 6
b1111111111111111 8
b1011101011100011 #
b1111111111111111 $
b100010100011100 7
b0 9
02
11
#1505
b1111111111111111 6
1(
1'
b1111111111111111 #
b1110010000000111 :
b1110010000000111 %
b1110010000000111 &
b1110010000000111 3
b1110010000000111 ;
b0 7
b1110010000001000 $
b1110010000001000 8
b1110010000001000 9
0,
12
0-
01
#1506
0(
0'
b100010100011011 %
b100010100011011 &
b100010100011011 3
b100010100011011 ;
b100010100011011 :
b100010100011100 #
b100010100011100 6
b100010100011100 7
b1111111111111111 $
b1111111111111111 8
b0 9
0.
02
1-
11
#1507
b10100100100100 %
b10100100100100 &
b10100100100100 3
b10100100100100 ;
b10100100100100 :
b1110010000001000 $
b1110010000001000 8
b1110010000001000 9
0-
01
#1508
1(
1'
b110000100010011 :
b1001111011101100 %
b1001111011101100 &
b1001111011101100 3
b1001111011101100 ;
b1101111110111 $
b1101111110111 8
1,
1-
#1509
0(
0'
b110000100010100 %
b110000100010100 &
b110000100010100 3
b110000100010100 ;
b1001111011101011 :
b1011101011100011 #
b1011101011100011 6
b1110010000001000 $
b1110010000001000 8
1.
0-
#1510
0(
0'
b100010000001000 %
b100010000001000 &
b100010000001000 3
b100010000001000 ;
b100010000001000 :
b100010100011100 #
b100010100011100 6
0,
0)
0.
#1511
b1101011100011 :
1(
1'
b1110010100011100 %
b1110010100011100 &
b1110010100011100 3
b1110010100011100 ;
b1011101011100011 #
b1011101011100011 6
b1101111110111 $
b1101111110111 8
1,
1.
1-
#1512
0(
0'
1!
b0 %
1"
b0 &
b0 3
b0 ;
b0 :
b0 #
b0 6
b0 $
b0 8
b0 7
b0 9
0,
1)
0.
12
0-
11
b11100101001 0
b11100101001 5
b1010011011111101 /
b1010011011111101 4
b1010100 +
#1513
0(
0'
0!
b1111111111111110 :
b1 %
0"
b1 &
b1 3
b1 ;
b1111111111111111 #
b1111111111111111 6
b1111111111111111 $
b1111111111111111 8
1,
1.
1-
#1514
1(
1'
b1111111111111111 :
b1111111111111111 %
b1111111111111111 &
b1111111111111111 3
b1111111111111111 ;
b0 #
b0 6
0,
0.
#1515
1(
1'
0!
b1010011011111101 %
0"
b1010011011111101 &
b1010011011111101 3
b1010011011111101 ;
b1010011011111101 :
b1111111111111111 #
b1111111111111111 6
b1010011011111101 $
b1010011011111101 8
b1010011011111101 9
0)
1.
0-
01
#1516
0(
0'
b11100101001 %
b11100101001 &
b11100101001 3
b11100101001 ;
b11100101001 :
b11100101001 #
b11100101001 6
b11100101001 7
b1111111111111111 $
b1111111111111111 8
b0 9
0.
02
1-
11
#1517
b1010011011111101 :
0(
0'
b101100100000010 %
b101100100000010 &
b101100100000010 3
b101100100000010 ;
b1111111111111111 #
b1111111111111111 6
b0 7
b1010011011111101 $
b1010011011111101 8
b1010011011111101 9
1,
1.
12
0-
01
#1518
1(
1'
b1111100011010110 %
b1111100011010110 &
b1111100011010110 3
b1111100011010110 ;
b11100101001 :
b11100101001 #
b11100101001 6
b11100101001 7
b1111111111111111 $
b1111111111111111 8
b0 9
0.
02
1-
11
#1519
0(
0'
b101100100000011 &
b101100100000011 3
b101100100000011 ;
b101100100000011 %
b1010011011111100 :
b1111111111111111 #
b1111111111111111 6
b0 7
b1010011011111101 $
b1010011011111101 8
b1010011011111101 9
1)
1.
12
0-
01
#1520
1(
1'
b1111100011010111 %
b1111100011010111 &
b1111100011010111 3
b1111100011010111 ;
b11100101000 :
b11100101001 #
b11100101001 6
b11100101001 7
b1111111111111111 $
b1111111111111111 8
b0 9
0.
02
1-
11
#1521
1(
1'
b1010011011111110 %
b1010011011111110 &
b1010011011111110 3
b1010011011111110 ;
b101100100000010 8
b101100100000001 :
b101100100000010 $
b1111111111111111 #
b1111111111111111 6
b0 7
b1010011011111101 9
1.
12
01
#1522
0(
0'
b11100101010 &
b11100101010 3
b11100101010 ;
b11100101010 %
b1111100011010101 :
b1111100011010110 6
b1111111111111111 8
b1111100011010110 #
b1111111111111111 $
b11100101001 7
b0 9
02
11
#1523
b1111111111111111 6
1(
1'
b1111111111111111 #
b1010011011111100 :
b1010011011111100 %
b1010011011111100 &
b1010011011111100 3
b1010011011111100 ;
b0 7
b1010011011111101 $
b1010011011111101 8
b1010011011111101 9
0,
12
0-
01
#1524
0(
0'
b11100101000 %
b11100101000 &
b11100101000 3
b11100101000 ;
b11100101000 :
b11100101001 #
b11100101001 6
b11100101001 7
b1111111111111111 $
b1111111111111111 8
b0 9
0.
02
1-
11
#1525
1(
1'
b1010111000100110 %
b1010111000100110 &
b1010111000100110 3
b1010111000100110 ;
b1010111000100110 :
b1010011011111101 $
b1010011011111101 8
b1010011011111101 9
0-
01
#1526
1(
1'
b110000000101011 :
b1001111111010100 %
b1001111111010100 &
b1001111111010100 3
b1001111111010100 ;
b101100100000010 $
b101100100000010 8
1,
1-
#1527
0(
0'
b110000000101100 %
b110000000101100 &
b110000000101100 3
b110000000101100 ;
b1001111111010011 :
b1111100011010110 #
b1111100011010110 6
b1010011011111101 $
b1010011011111101 8
1.
0-
#1528
0(
0'
b11000101001 %
b11000101001 &
b11000101001 3
b11000101001 ;
b11000101001 :
b11100101001 #
b11100101001 6
0,
0)
0.
#1529
b101100000000010 :
1(
1'
b1010011111111101 %
b1010011111111101 &
b1010011111111101 3
b1010011111111101 ;
b1111100011010110 #
b1111100011010110 6
b101100100000010 $
b101100100000010 8
1,
1.
1-
#1530
0(
0'
1!
b0 %
1"
b0 &
b0 3
b0 ;
b0 :
b0 #
b0 6
b0 $
b0 8
b0 7
b0 9
0,
1)
0.
12
0-
11
b110011110000110 0
b110011110000110 5
b1001000000011100 /
b1001000000011100 4
b1010101 +
#1531
0(
0'
0!
b1111111111111110 :
b1 %
0"
b1 &
b1 3
b1 ;
b1111111111111111 #
b1111111111111111 6
b1111111111111111 $
b1111111111111111 8
1,
1.
1-
#1532
1(
1'
b1111111111111111 :
b1111111111111111 %
b1111111111111111 &
b1111111111111111 3
b1111111111111111 ;
b0 #
b0 6
0,
0.
#1533
1(
1'
0!
b1001000000011100 %
0"
b1001000000011100 &
b1001000000011100 3
b1001000000011100 ;
b1001000000011100 :
b1111111111111111 #
b1111111111111111 6
b1001000000011100 $
b1001000000011100 8
b1001000000011100 9
0)
1.
0-
01
#1534
0(
0'
b110011110000110 %
b110011110000110 &
b110011110000110 3
b110011110000110 ;
b110011110000110 :
b110011110000110 #
b110011110000110 6
b110011110000110 7
b1111111111111111 $
b1111111111111111 8
b0 9
0.
02
1-
11
#1535
b1001000000011100 :
0(
0'
b110111111100011 %
b110111111100011 &
b110111111100011 3
b110111111100011 ;
b1111111111111111 #
b1111111111111111 6
b0 7
b1001000000011100 $
b1001000000011100 8
b1001000000011100 9
1,
1.
12
0-
01
#1536
1(
1'
b1001100001111001 %
b1001100001111001 &
b1001100001111001 3
b1001100001111001 ;
b110011110000110 :
b110011110000110 #
b110011110000110 6
b110011110000110 7
b1111111111111111 $
b1111111111111111 8
b0 9
0.
02
1-
11
#1537
0(
0'
b110111111100100 &
b110111111100100 3
b110111111100100 ;
b110111111100100 %
b1001000000011011 :
b1111111111111111 #
b1111111111111111 6
b0 7
b1001000000011100 $
b1001000000011100 8
b1001000000011100 9
1)
1.
12
0-
01
#1538
1(
1'
b1001100001111010 %
b1001100001111010 &
b1001100001111010 3
b1001100001111010 ;
b110011110000101 :
b110011110000110 #
b110011110000110 6
b110011110000110 7
b1111111111111111 $
b1111111111111111 8
b0 9
0.
02
1-
11
#1539
1(
1'
b1001000000011101 %
b1001000000011101 &
b1001000000011101 3
b1001000000011101 ;
b110111111100011 8
b110111111100010 :
b110111111100011 $
b1111111111111111 #
b1111111111111111 6
b0 7
b1001000000011100 9
1.
12
01
#1540
0(
0'
b110011110000111 &
b110011110000111 3
b110011110000111 ;
b110011110000111 %
b1001100001111000 :
b1001100001111001 6
b1111111111111111 8
b1001100001111001 #
b1111111111111111 $
b110011110000110 7
b0 9
02
11
#1541
b1111111111111111 6
1(
1'
b1111111111111111 #
b1001000000011011 :
b1001000000011011 %
b1001000000011011 &
b1001000000011011 3
b1001000000011011 ;
b0 7
b1001000000011100 $
b1001000000011100 8
b1001000000011100 9
0,
12
0-
01
#1542
0(
0'
b110011110000101 %
b110011110000101 &
b110011110000101 3
b110011110000101 ;
b110011110000101 :
b110011110000110 #
b110011110000110 6
b110011110000110 7
b1111111111111111 $
b1111111111111111 8
b0 9
0.
02
1-
11
#1543
1(
1'
b1111011110100010 %
b1111011110100010 &
b1111011110100010 3
b1111011110100010 ;
b1111011110100010 :
b1001000000011100 $
b1001000000011100 8
b1001000000011100 9
0-
01
#1544
0(
0'
b1101011101101001 :
b10100010010110 %
b10100010010110 &
b10100010010110 3
b10100010010110 ;
b110111111100011 $
b110111111100011 8
1,
1-
#1545
1(
1'
b1101011101101010 %
b1101011101101010 &
b1101011101101010 3
b1101011101101010 ;
b10100010010101 :
b1001100001111001 #
b1001100001111001 6
b1001000000011100 $
b1001000000011100 8
1.
0-
#1546
0(
0'
b100 %
b100 &
b100 3
b100 ;
b100 :
b110011110000110 #
b110011110000110 6
0,
0)
0.
#1547
b100001100001 :
1(
1'
b1111011110011110 %
b1111011110011110 &
b1111011110011110 3
b1111011110011110 ;
b1001100001111001 #
b1001100001111001 6
b110111111100011 $
b110111111100011 8
1,
1.
1-
#1548
0(
0'
1!
b0 %
1"
b0 &
b0 3
b0 ;
b0 :
b0 #
b0 6
b0 $
b0 8
b0 7
b0 9
0,
1)
0.
12
0-
11
b1100011000111101 0
b1100011000111101 5
b100011011010 /
b100011011010 4
b1010110 +
#1549
0(
0'
0!
b1111111111111110 :
b1 %
0"
b1 &
b1 3
b1 ;
b1111111111111111 #
b1111111111111111 6
b1111111111111111 $
b1111111111111111 8
1,
1.
1-
#1550
1(
1'
b1111111111111111 :
b1111111111111111 %
b1111111111111111 &
b1111111111111111 3
b1111111111111111 ;
b0 #
b0 6
0,
0.
#1551
0(
0'
0!
b100011011010 %
0"
b100011011010 &
b100011011010 3
b100011011010 ;
b100011011010 :
b1111111111111111 #
b1111111111111111 6
b100011011010 $
b100011011010 8
b100011011010 9
0)
1.
0-
01
#1552
1(
1'
b1100011000111101 %
b1100011000111101 &
b1100011000111101 3
b1100011000111101 ;
b1100011000111101 :
b1100011000111101 #
b1100011000111101 6
b1100011000111101 7
b1111111111111111 $
b1111111111111111 8
b0 9
0.
02
1-
11
#1553
b100011011010 :
1(
1'
b1111011100100101 %
b1111011100100101 &
b1111011100100101 3
b1111011100100101 ;
b1111111111111111 #
b1111111111111111 6
b0 7
b100011011010 $
b100011011010 8
b100011011010 9
1,
1.
12
0-
01
#1554
0(
0'
b11100111000010 %
b11100111000010 &
b11100111000010 3
b11100111000010 ;
b1100011000111101 :
b1100011000111101 #
b1100011000111101 6
b1100011000111101 7
b1111111111111111 $
b1111111111111111 8
b0 9
0.
02
1-
11
#1555
1(
1'
b1111011100100110 &
b1111011100100110 3
b1111011100100110 ;
b1111011100100110 %
b100011011001 :
b1111111111111111 #
b1111111111111111 6
b0 7
b100011011010 $
b100011011010 8
b100011011010 9
1)
1.
12
0-
01
#1556
0(
0'
b11100111000011 %
b11100111000011 &
b11100111000011 3
b11100111000011 ;
b1100011000111100 :
b1100011000111101 #
b1100011000111101 6
b1100011000111101 7
b1111111111111111 $
b1111111111111111 8
b0 9
0.
02
1-
11
#1557
0(
0'
b100011011011 %
b100011011011 &
b100011011011 3
b100011011011 ;
b1111011100100101 8
b1111011100100100 :
b1111011100100101 $
b1111111111111111 #
b1111111111111111 6
b0 7
b100011011010 9
1.
12
01
#1558
1(
1'
b1100011000111110 &
b1100011000111110 3
b1100011000111110 ;
b1100011000111110 %
b11100111000001 :
b11100111000010 6
b1111111111111111 8
b11100111000010 #
b1111111111111111 $
b1100011000111101 7
b0 9
02
11
#1559
b1111111111111111 6
0(
0'
b1111111111111111 #
b100011011001 :
b100011011001 %
b100011011001 &
b100011011001 3
b100011011001 ;
b0 7
b100011011010 $
b100011011010 8
b100011011010 9
0,
12
0-
01
#1560
1(
1'
b1100011000111100 %
b1100011000111100 &
b1100011000111100 3
b1100011000111100 ;
b1100011000111100 :
b1100011000111101 #
b1100011000111101 6
b1100011000111101 7
b1111111111111111 $
b1111111111111111 8
b0 9
0.
02
1-
11
#1561
b1100111100010111 %
b1100111100010111 &
b1100111100010111 3
b1100111100010111 ;
b1100111100010111 :
b100011011010 $
b100011011010 8
b100011011010 9
0-
01
#1562
0(
0'
b1011110101100010 :
b100001010011101 %
b100001010011101 &
b100001010011101 3
b100001010011101 ;
b1111011100100101 $
b1111011100100101 8
1,
1-
#1563
1(
1'
b1011110101100011 %
b1011110101100011 &
b1011110101100011 3
b1011110101100011 ;
b100001010011100 :
b11100111000010 #
b11100111000010 6
b100011011010 $
b100011011010 8
1.
0-
#1564
0(
0'
b11000 %
b11000 &
b11000 3
b11000 ;
b11000 :
b1100011000111101 #
b1100011000111101 6
0,
0)
0.
#1565
b11000100000000 :
1(
1'
b1100111011111111 %
b1100111011111111 &
b1100111011111111 3
b1100111011111111 ;
b11100111000010 #
b11100111000010 6
b1111011100100101 $
b1111011100100101 8
1,
1.
1-
#1566
0(
0'
1!
b0 %
1"
b0 &
b0 3
b0 ;
b0 :
b0 #
b0 6
b0 $
b0 8
b0 7
b0 9
0,
1)
0.
12
0-
11
b1100010001110000 0
b1100010001110000 5
b1010011101100110 /
b1010011101100110 4
b1010111 +
#1567
0(
0'
0!
b1111111111111110 :
b1 %
0"
b1 &
b1 3
b1 ;
b1111111111111111 #
b1111111111111111 6
b1111111111111111 $
b1111111111111111 8
1,
1.
1-
#1568
1(
1'
b1111111111111111 :
b1111111111111111 %
b1111111111111111 &
b1111111111111111 3
b1111111111111111 ;
b0 #
b0 6
0,
0.
#1569
1(
1'
0!
b1010011101100110 %
0"
b1010011101100110 &
b1010011101100110 3
b1010011101100110 ;
b1010011101100110 :
b1111111111111111 #
b1111111111111111 6
b1010011101100110 $
b1010011101100110 8
b1010011101100110 9
0)
1.
0-
01
#1570
1(
1'
b1100010001110000 %
b1100010001110000 &
b1100010001110000 3
b1100010001110000 ;
b1100010001110000 :
b1100010001110000 #
b1100010001110000 6
b1100010001110000 7
b1111111111111111 $
b1111111111111111 8
b0 9
0.
02
1-
11
#1571
b1010011101100110 :
0(
0'
b101100010011001 %
b101100010011001 &
b101100010011001 3
b101100010011001 ;
b1111111111111111 #
b1111111111111111 6
b0 7
b1010011101100110 $
b1010011101100110 8
b1010011101100110 9
1,
1.
12
0-
01
#1572
0(
0'
b11101110001111 %
b11101110001111 &
b11101110001111 3
b11101110001111 ;
b1100010001110000 :
b1100010001110000 #
b1100010001110000 6
b1100010001110000 7
b1111111111111111 $
b1111111111111111 8
b0 9
0.
02
1-
11
#1573
b101100010011010 &
b101100010011010 3
b101100010011010 ;
b101100010011010 %
b1010011101100101 :
b1111111111111111 #
b1111111111111111 6
b0 7
b1010011101100110 $
b1010011101100110 8
b1010011101100110 9
1)
1.
12
0-
01
#1574
0(
0'
b11101110010000 %
b11101110010000 &
b11101110010000 3
b11101110010000 ;
b1100010001101111 :
b1100010001110000 #
b1100010001110000 6
b1100010001110000 7
b1111111111111111 $
b1111111111111111 8
b0 9
0.
02
1-
11
#1575
1(
1'
b1010011101100111 %
b1010011101100111 &
b1010011101100111 3
b1010011101100111 ;
b101100010011001 8
b101100010011000 :
b101100010011001 $
b1111111111111111 #
b1111111111111111 6
b0 7
b1010011101100110 9
1.
12
01
#1576
b1100010001110001 &
b1100010001110001 3
b1100010001110001 ;
b1100010001110001 %
b11101110001110 :
b11101110001111 6
b1111111111111111 8
b11101110001111 #
b1111111111111111 $
b1100010001110000 7
b0 9
02
11
#1577
b1111111111111111 6
1(
1'
b1111111111111111 #
b1010011101100101 :
b1010011101100101 %
b1010011101100101 &
b1010011101100101 3
b1010011101100101 ;
b0 7
b1010011101100110 $
b1010011101100110 8
b1010011101100110 9
0,
12
0-
01
#1578
1(
1'
b1100010001101111 %
b1100010001101111 &
b1100010001101111 3
b1100010001101111 ;
b1100010001101111 :
b1100010001110000 #
b1100010001110000 6
b1100010001110000 7
b1111111111111111 $
b1111111111111111 8
b0 9
0.
02
1-
11
#1579
0(
0'
b110101111010110 %
b110101111010110 &
b110101111010110 3
b110101111010110 ;
b110101111010110 :
b1010011101100110 $
b1010011101100110 8
b1010011101100110 9
0-
01
#1580
1(
1'
b1110100001001 :
b1110001011110110 %
b1110001011110110 &
b1110001011110110 3
b1110001011110110 ;
b101100010011001 $
b101100010011001 8
1,
1-
#1581
0(
0'
b1110100001010 %
b1110100001010 &
b1110100001010 3
b1110100001010 ;
b1110001011110101 :
b11101110001111 #
b11101110001111 6
b1010011101100110 $
b1010011101100110 8
1.
0-
#1582
1(
1'
b1000010001100000 %
b1000010001100000 &
b1000010001100000 3
b1000010001100000 ;
b1000010001100000 :
b1100010001110000 #
b1100010001110000 6
0,
0)
0.
#1583
b1100010001001 :
1(
1'
b1110011101110110 %
b1110011101110110 &
b1110011101110110 3
b1110011101110110 ;
b11101110001111 #
b11101110001111 6
b101100010011001 $
b101100010011001 8
1,
1.
1-
#1584
0(
0'
1!
b0 %
1"
b0 &
b0 3
b0 ;
b0 :
b0 #
b0 6
b0 $
b0 8
b0 7
b0 9
0,
1)
0.
12
0-
11
b1001100110111010 0
b1001100110111010 5
b10001110011 /
b10001110011 4
b1011000 +
#1585
0(
0'
0!
b1111111111111110 :
b1 %
0"
b1 &
b1 3
b1 ;
b1111111111111111 #
b1111111111111111 6
b1111111111111111 $
b1111111111111111 8
1,
1.
1-
#1586
1(
1'
b1111111111111111 :
b1111111111111111 %
b1111111111111111 &
b1111111111111111 3
b1111111111111111 ;
b0 #
b0 6
0,
0.
#1587
0(
0'
0!
b10001110011 %
0"
b10001110011 &
b10001110011 3
b10001110011 ;
b10001110011 :
b1111111111111111 #
b1111111111111111 6
b10001110011 $
b10001110011 8
b10001110011 9
0)
1.
0-
01
#1588
1(
1'
b1001100110111010 %
b1001100110111010 &
b1001100110111010 3
b1001100110111010 ;
b1001100110111010 :
b1001100110111010 #
b1001100110111010 6
b1001100110111010 7
b1111111111111111 $
b1111111111111111 8
b0 9
0.
02
1-
11
#1589
b10001110011 :
1(
1'
b1111101110001100 %
b1111101110001100 &
b1111101110001100 3
b1111101110001100 ;
b1111111111111111 #
b1111111111111111 6
b0 7
b10001110011 $
b10001110011 8
b10001110011 9
1,
1.
12
0-
01
#1590
0(
0'
b110011001000101 %
b110011001000101 &
b110011001000101 3
b110011001000101 ;
b1001100110111010 :
b1001100110111010 #
b1001100110111010 6
b1001100110111010 7
b1111111111111111 $
b1111111111111111 8
b0 9
0.
02
1-
11
#1591
1(
1'
b1111101110001101 &
b1111101110001101 3
b1111101110001101 ;
b1111101110001101 %
b10001110010 :
b1111111111111111 #
b1111111111111111 6
b0 7
b10001110011 $
b10001110011 8
b10001110011 9
1)
1.
12
0-
01
#1592
0(
0'
b110011001000110 %
b110011001000110 &
b110011001000110 3
b110011001000110 ;
b1001100110111001 :
b1001100110111010 #
b1001100110111010 6
b1001100110111010 7
b1111111111111111 $
b1111111111111111 8
b0 9
0.
02
1-
11
#1593
0(
0'
b10001110100 %
b10001110100 &
b10001110100 3
b10001110100 ;
b1111101110001100 8
b1111101110001011 :
b1111101110001100 $
b1111111111111111 #
b1111111111111111 6
b0 7
b10001110011 9
1.
12
01
#1594
1(
1'
b1001100110111011 &
b1001100110111011 3
b1001100110111011 ;
b1001100110111011 %
b110011001000100 :
b110011001000101 6
b1111111111111111 8
b110011001000101 #
b1111111111111111 $
b1001100110111010 7
b0 9
02
11
#1595
b1111111111111111 6
0(
0'
b1111111111111111 #
b10001110010 :
b10001110010 %
b10001110010 &
b10001110010 3
b10001110010 ;
b0 7
b10001110011 $
b10001110011 8
b10001110011 9
0,
12
0-
01
#1596
1(
1'
b1001100110111001 %
b1001100110111001 &
b1001100110111001 3
b1001100110111001 ;
b1001100110111001 :
b1001100110111010 #
b1001100110111010 6
b1001100110111010 7
b1111111111111111 $
b1111111111111111 8
b0 9
0.
02
1-
11
#1597
b1001111000101101 %
b1001111000101101 &
b1001111000101101 3
b1001111000101101 ;
b1001111000101101 :
b10001110011 $
b10001110011 8
b10001110011 9
0-
01
#1598
0(
0'
b1001010101000110 :
b110101010111001 %
b110101010111001 &
b110101010111001 3
b110101010111001 ;
b1111101110001100 $
b1111101110001100 8
1,
1-
#1599
1(
1'
b1001010101000111 %
b1001010101000111 &
b1001010101000111 3
b1001010101000111 ;
b110101010111000 :
b110011001000101 #
b110011001000101 6
b10001110011 $
b10001110011 8
1.
0-
#1600
0(
0'
b110010 %
b110010 &
b110010 3
b110010 ;
b110010 :
b1001100110111010 #
b1001100110111010 6
0,
0)
0.
#1601
b110001000000100 :
1(
1'
b1001110111111011 %
b1001110111111011 &
b1001110111111011 3
b1001110111111011 ;
b110011001000101 #
b110011001000101 6
b1111101110001100 $
b1111101110001100 8
1,
1.
1-
#1602
0(
0'
1!
b0 %
1"
b0 &
b0 3
b0 ;
b0 :
b0 #
b0 6
b0 $
b0 8
b0 7
b0 9
0,
1)
0.
12
0-
11
b111100111111010 0
b111100111111010 5
b1011001101011110 /
b1011001101011110 4
b1011001 +
#1603
0(
0'
0!
b1111111111111110 :
b1 %
0"
b1 &
b1 3
b1 ;
b1111111111111111 #
b1111111111111111 6
b1111111111111111 $
b1111111111111111 8
1,
1.
1-
#1604
1(
1'
b1111111111111111 :
b1111111111111111 %
b1111111111111111 &
b1111111111111111 3
b1111111111111111 ;
b0 #
b0 6
0,
0.
#1605
1(
1'
0!
b1011001101011110 %
0"
b1011001101011110 &
b1011001101011110 3
b1011001101011110 ;
b1011001101011110 :
b1111111111111111 #
b1111111111111111 6
b1011001101011110 $
b1011001101011110 8
b1011001101011110 9
0)
1.
0-
01
#1606
0(
0'
b111100111111010 %
b111100111111010 &
b111100111111010 3
b111100111111010 ;
b111100111111010 :
b111100111111010 #
b111100111111010 6
b111100111111010 7
b1111111111111111 $
b1111111111111111 8
b0 9
0.
02
1-
11
#1607
b1011001101011110 :
0(
0'
b100110010100001 %
b100110010100001 &
b100110010100001 3
b100110010100001 ;
b1111111111111111 #
b1111111111111111 6
b0 7
b1011001101011110 $
b1011001101011110 8
b1011001101011110 9
1,
1.
12
0-
01
#1608
1(
1'
b1000011000000101 %
b1000011000000101 &
b1000011000000101 3
b1000011000000101 ;
b111100111111010 :
b111100111111010 #
b111100111111010 6
b111100111111010 7
b1111111111111111 $
b1111111111111111 8
b0 9
0.
02
1-
11
#1609
0(
0'
b100110010100010 &
b100110010100010 3
b100110010100010 ;
b100110010100010 %
b1011001101011101 :
b1111111111111111 #
b1111111111111111 6
b0 7
b1011001101011110 $
b1011001101011110 8
b1011001101011110 9
1)
1.
12
0-
01
#1610
1(
1'
b1000011000000110 %
b1000011000000110 &
b1000011000000110 3
b1000011000000110 ;
b111100111111001 :
b111100111111010 #
b111100111111010 6
b111100111111010 7
b1111111111111111 $
b1111111111111111 8
b0 9
0.
02
1-
11
#1611
1(
1'
b1011001101011111 %
b1011001101011111 &
b1011001101011111 3
b1011001101011111 ;
b100110010100001 8
b100110010100000 :
b100110010100001 $
b1111111111111111 #
b1111111111111111 6
b0 7
b1011001101011110 9
1.
12
01
#1612
0(
0'
b111100111111011 &
b111100111111011 3
b111100111111011 ;
b111100111111011 %
b1000011000000100 :
b1000011000000101 6
b1111111111111111 8
b1000011000000101 #
b1111111111111111 $
b111100111111010 7
b0 9
02
11
#1613
b1111111111111111 6
1(
1'
b1111111111111111 #
b1011001101011101 :
b1011001101011101 %
b1011001101011101 &
b1011001101011101 3
b1011001101011101 ;
b0 7
b1011001101011110 $
b1011001101011110 8
b1011001101011110 9
0,
12
0-
01
#1614
0(
0'
b111100111111001 %
b111100111111001 &
b111100111111001 3
b111100111111001 ;
b111100111111001 :
b111100111111010 #
b111100111111010 6
b111100111111010 7
b1111111111111111 $
b1111111111111111 8
b0 9
0.
02
1-
11
#1615
b10110101011000 %
b10110101011000 &
b10110101011000 3
b10110101011000 ;
b10110101011000 :
b1011001101011110 $
b1011001101011110 8
b1011001101011110 9
0-
01
#1616
0(
0'
b1100011010011011 :
b11100101100100 %
b11100101100100 &
b11100101100100 3
b11100101100100 ;
b100110010100001 $
b100110010100001 8
1,
1-
#1617
1(
1'
b1100011010011100 %
b1100011010011100 &
b1100011010011100 3
b1100011010011100 ;
b11100101100011 :
b1000011000000101 #
b1000011000000101 6
b1011001101011110 $
b1011001101011110 8
1.
0-
#1618
0(
0'
b11000101011010 %
b11000101011010 &
b11000101011010 3
b11000101011010 ;
b11000101011010 :
b111100111111010 #
b111100111111010 6
0,
0)
0.
#1619
b10000000001 :
1(
1'
b1111101111111110 %
b1111101111111110 &
b1111101111111110 3
b1111101111111110 ;
b1000011000000101 #
b1000011000000101 6
b100110010100001 $
b100110010100001 8
1,
1.
1-
#1620
0(
0'
1!
b0 %
1"
b0 &
b0 3
b0 ;
b0 :
b0 #
b0 6
b0 $
b0 8
b0 7
b0 9
0,
1)
0.
12
0-
11
b1111011000011010 0
b1111011000011010 5
b10111010101 /
b10111010101 4
b1011010 +
#1621
0(
0'
0!
b1111111111111110 :
b1 %
0"
b1 &
b1 3
b1 ;
b1111111111111111 #
b1111111111111111 6
b1111111111111111 $
b1111111111111111 8
1,
1.
1-
#1622
1(
1'
b1111111111111111 :
b1111111111111111 %
b1111111111111111 &
b1111111111111111 3
b1111111111111111 ;
b0 #
b0 6
0,
0.
#1623
0(
0'
0!
b10111010101 %
0"
b10111010101 &
b10111010101 3
b10111010101 ;
b10111010101 :
b1111111111111111 #
b1111111111111111 6
b10111010101 $
b10111010101 8
b10111010101 9
0)
1.
0-
01
#1624
1(
1'
b1111011000011010 %
b1111011000011010 &
b1111011000011010 3
b1111011000011010 ;
b1111011000011010 :
b1111011000011010 #
b1111011000011010 6
b1111011000011010 7
b1111111111111111 $
b1111111111111111 8
b0 9
0.
02
1-
11
#1625
b10111010101 :
1(
1'
b1111101000101010 %
b1111101000101010 &
b1111101000101010 3
b1111101000101010 ;
b1111111111111111 #
b1111111111111111 6
b0 7
b10111010101 $
b10111010101 8
b10111010101 9
1,
1.
12
0-
01
#1626
0(
0'
b100111100101 %
b100111100101 &
b100111100101 3
b100111100101 ;
b1111011000011010 :
b1111011000011010 #
b1111011000011010 6
b1111011000011010 7
b1111111111111111 $
b1111111111111111 8
b0 9
0.
02
1-
11
#1627
1(
1'
b1111101000101011 &
b1111101000101011 3
b1111101000101011 ;
b1111101000101011 %
b10111010100 :
b1111111111111111 #
b1111111111111111 6
b0 7
b10111010101 $
b10111010101 8
b10111010101 9
1)
1.
12
0-
01
#1628
0(
0'
b100111100110 %
b100111100110 &
b100111100110 3
b100111100110 ;
b1111011000011001 :
b1111011000011010 #
b1111011000011010 6
b1111011000011010 7
b1111111111111111 $
b1111111111111111 8
b0 9
0.
02
1-
11
#1629
0(
0'
b10111010110 %
b10111010110 &
b10111010110 3
b10111010110 ;
b1111101000101010 8
b1111101000101001 :
b1111101000101010 $
b1111111111111111 #
b1111111111111111 6
b0 7
b10111010101 9
1.
12
01
#1630
1(
1'
b1111011000011011 &
b1111011000011011 3
b1111011000011011 ;
b1111011000011011 %
b100111100100 :
b100111100101 6
b1111111111111111 8
b100111100101 #
b1111111111111111 $
b1111011000011010 7
b0 9
02
11
#1631
b1111111111111111 6
0(
0'
b1111111111111111 #
b10111010100 :
b10111010100 %
b10111010100 &
b10111010100 3
b10111010100 ;
b0 7
b10111010101 $
b10111010101 8
b10111010101 9
0,
12
0-
01
#1632
1(
1'
b1111011000011001 %
b1111011000011001 &
b1111011000011001 3
b1111011000011001 ;
b1111011000011001 :
b1111011000011010 #
b1111011000011010 6
b1111011000011010 7
b1111111111111111 $
b1111111111111111 8
b0 9
0.
02
1-
11
#1633
b1111101111101111 %
b1111101111101111 &
b1111101111101111 3
b1111101111101111 ;
b1111101111101111 :
b10111010101 $
b10111010101 8
b10111010101 9
0-
01
#1634
0(
0'
b1111000001000100 :
b111110111011 %
b111110111011 &
b111110111011 3
b111110111011 ;
b1111101000101010 $
b1111101000101010 8
1,
1-
#1635
1(
1'
b1111000001000101 %
b1111000001000101 &
b1111000001000101 3
b1111000001000101 ;
b111110111010 :
b100111100101 #
b100111100101 6
b10111010101 $
b10111010101 8
1.
0-
#1636
0(
0'
b10000010000 %
b10000010000 &
b10000010000 3
b10000010000 ;
b10000010000 :
b1111011000011010 #
b1111011000011010 6
0,
0)
0.
#1637
b100000100000 :
1(
1'
b1111011111011111 %
b1111011111011111 &
b1111011111011111 3
b1111011111011111 ;
b100111100101 #
b100111100101 6
b1111101000101010 $
b1111101000101010 8
1,
1.
1-
#1638
0(
0'
1!
b0 %
1"
b0 &
b0 3
b0 ;
b0 :
b0 #
b0 6
b0 $
b0 8
b0 7
b0 9
0,
1)
0.
12
0-
11
b110000100110111 0
b110000100110111 5
b10111001 /
b10111001 4
b1011011 +
#1639
0(
0'
0!
b1111111111111110 :
b1 %
0"
b1 &
b1 3
b1 ;
b1111111111111111 #
b1111111111111111 6
b1111111111111111 $
b1111111111111111 8
1,
1.
1-
#1640
1(
1'
b1111111111111111 :
b1111111111111111 %
b1111111111111111 &
b1111111111111111 3
b1111111111111111 ;
b0 #
b0 6
0,
0.
#1641
0(
0'
0!
b10111001 %
0"
b10111001 &
b10111001 3
b10111001 ;
b10111001 :
b1111111111111111 #
b1111111111111111 6
b10111001 $
b10111001 8
b10111001 9
0)
1.
0-
01
#1642
b110000100110111 %
b110000100110111 &
b110000100110111 3
b110000100110111 ;
b110000100110111 :
b110000100110111 #
b110000100110111 6
b110000100110111 7
b1111111111111111 $
b1111111111111111 8
b0 9
0.
02
1-
11
#1643
b10111001 :
1(
1'
b1111111101000110 %
b1111111101000110 &
b1111111101000110 3
b1111111101000110 ;
b1111111111111111 #
b1111111111111111 6
b0 7
b10111001 $
b10111001 8
b10111001 9
1,
1.
12
0-
01
#1644
b1001111011001000 %
b1001111011001000 &
b1001111011001000 3
b1001111011001000 ;
b110000100110111 :
b110000100110111 #
b110000100110111 6
b110000100110111 7
b1111111111111111 $
b1111111111111111 8
b0 9
0.
02
1-
11
#1645
1(
1'
b1111111101000111 &
b1111111101000111 3
b1111111101000111 ;
b1111111101000111 %
b10111000 :
b1111111111111111 #
b1111111111111111 6
b0 7
b10111001 $
b10111001 8
b10111001 9
1)
1.
12
0-
01
#1646
b1001111011001001 %
b1001111011001001 &
b1001111011001001 3
b1001111011001001 ;
b110000100110110 :
b110000100110111 #
b110000100110111 6
b110000100110111 7
b1111111111111111 $
b1111111111111111 8
b0 9
0.
02
1-
11
#1647
0(
0'
b10111010 %
b10111010 &
b10111010 3
b10111010 ;
b1111111101000110 8
b1111111101000101 :
b1111111101000110 $
b1111111111111111 #
b1111111111111111 6
b0 7
b10111001 9
1.
12
01
#1648
b110000100111000 &
b110000100111000 3
b110000100111000 ;
b110000100111000 %
b1001111011000111 :
b1001111011001000 6
b1111111111111111 8
b1001111011001000 #
b1111111111111111 $
b110000100110111 7
b0 9
02
11
#1649
b1111111111111111 6
0(
0'
b1111111111111111 #
b10111000 :
b10111000 %
b10111000 &
b10111000 3
b10111000 ;
b0 7
b10111001 $
b10111001 8
b10111001 9
0,
12
0-
01
#1650
b110000100110110 %
b110000100110110 &
b110000100110110 3
b110000100110110 ;
b110000100110110 :
b110000100110111 #
b110000100110111 6
b110000100110111 7
b1111111111111111 $
b1111111111111111 8
b0 9
0.
02
1-
11
#1651
b110000111110000 %
b110000111110000 &
b110000111110000 3
b110000111110000 ;
b110000111110000 :
b10111001 $
b10111001 8
b10111001 9
0-
01
#1652
1(
1'
b110000001111101 :
b1001111110000010 %
b1001111110000010 &
b1001111110000010 3
b1001111110000010 ;
b1111111101000110 $
b1111111101000110 8
1,
1-
#1653
0(
0'
b110000001111110 %
b110000001111110 &
b110000001111110 3
b110000001111110 ;
b1001111110000001 :
b1001111011001000 #
b1001111011001000 6
b10111001 $
b10111001 8
1.
0-
#1654
b110001 %
b110001 &
b110001 3
b110001 ;
b110001 :
b110000100110111 #
b110000100110111 6
0,
0)
0.
#1655
b1001111001000000 :
0(
0'
b110000110111111 %
b110000110111111 &
b110000110111111 3
b110000110111111 ;
b1001111011001000 #
b1001111011001000 6
b1111111101000110 $
b1111111101000110 8
1,
1.
1-
#1656
1!
b0 %
1"
b0 &
b0 3
b0 ;
b0 :
b0 #
b0 6
b0 $
b0 8
b0 7
b0 9
0,
1)
0.
12
0-
11
b10000111000000 0
b10000111000000 5
b11011110010110 /
b11011110010110 4
b1011100 +
#1657
0(
0'
0!
b1111111111111110 :
b1 %
0"
b1 &
b1 3
b1 ;
b1111111111111111 #
b1111111111111111 6
b1111111111111111 $
b1111111111111111 8
1,
1.
1-
#1658
1(
1'
b1111111111111111 :
b1111111111111111 %
b1111111111111111 &
b1111111111111111 3
b1111111111111111 ;
b0 #
b0 6
0,
0.
#1659
0(
0'
0!
b11011110010110 %
0"
b11011110010110 &
b11011110010110 3
b11011110010110 ;
b11011110010110 :
b1111111111111111 #
b1111111111111111 6
b11011110010110 $
b11011110010110 8
b11011110010110 9
0)
1.
0-
01
#1660
b10000111000000 %
b10000111000000 &
b10000111000000 3
b10000111000000 ;
b10000111000000 :
b10000111000000 #
b10000111000000 6
b10000111000000 7
b1111111111111111 $
b1111111111111111 8
b0 9
0.
02
1-
11
#1661
b11011110010110 :
1(
1'
b1100100001101001 %
b1100100001101001 &
b1100100001101001 3
b1100100001101001 ;
b1111111111111111 #
b1111111111111111 6
b0 7
b11011110010110 $
b11011110010110 8
b11011110010110 9
1,
1.
12
0-
01
#1662
b1101111000111111 %
b1101111000111111 &
b1101111000111111 3
b1101111000111111 ;
b10000111000000 :
b10000111000000 #
b10000111000000 6
b10000111000000 7
b1111111111111111 $
b1111111111111111 8
b0 9
0.
02
1-
11
#1663
b1100100001101010 &
b1100100001101010 3
b1100100001101010 ;
b1100100001101010 %
b11011110010101 :
b1111111111111111 #
b1111111111111111 6
b0 7
b11011110010110 $
b11011110010110 8
b11011110010110 9
1)
1.
12
0-
01
#1664
1(
1'
b1101111001000000 %
b1101111001000000 &
b1101111001000000 3
b1101111001000000 ;
b10000110111111 :
b10000111000000 #
b10000111000000 6
b10000111000000 7
b1111111111111111 $
b1111111111111111 8
b0 9
0.
02
1-
11
#1665
0(
0'
b11011110010111 %
b11011110010111 &
b11011110010111 3
b11011110010111 ;
b1100100001101001 8
b1100100001101000 :
b1100100001101001 $
b1111111111111111 #
b1111111111111111 6
b0 7
b11011110010110 9
1.
12
01
#1666
b10000111000001 &
b10000111000001 3
b10000111000001 ;
b10000111000001 %
b1101111000111110 :
b1101111000111111 6
b1111111111111111 8
b1101111000111111 #
b1111111111111111 $
b10000111000000 7
b0 9
02
11
#1667
b1111111111111111 6
0(
0'
b1111111111111111 #
b11011110010101 :
b11011110010101 %
b11011110010101 &
b11011110010101 3
b11011110010101 ;
b0 7
b11011110010110 $
b11011110010110 8
b11011110010110 9
0,
12
0-
01
#1668
0(
0'
b10000110111111 %
b10000110111111 &
b10000110111111 3
b10000110111111 ;
b10000110111111 :
b10000111000000 #
b10000111000000 6
b10000111000000 7
b1111111111111111 $
b1111111111111111 8
b0 9
0.
02
1-
11
#1669
b101100101010110 %
b101100101010110 &
b101100101010110 3
b101100101010110 ;
b101100101010110 :
b11011110010110 $
b11011110010110 8
b11011110010110 9
0-
01
#1670
0(
0'
b1110101000101001 :
b1010111010110 %
b1010111010110 &
b1010111010110 3
b1010111010110 ;
b1100100001101001 $
b1100100001101001 8
1,
1-
#1671
1(
1'
b1110101000101010 %
b1110101000101010 &
b1110101000101010 3
b1110101000101010 ;
b1010111010101 :
b1101111000111111 #
b1101111000111111 6
b11011110010110 $
b11011110010110 8
1.
0-
#1672
0(
0'
b10000110000000 %
b10000110000000 &
b10000110000000 3
b10000110000000 ;
b10000110000000 :
b10000111000000 #
b10000111000000 6
0,
0)
0.
#1673
b1100100000101001 :
0(
0'
b11011111010110 %
b11011111010110 &
b11011111010110 3
b11011111010110 ;
b1101111000111111 #
b1101111000111111 6
b1100100001101001 $
b1100100001101001 8
1,
1.
1-
#1674
1!
b0 %
1"
b0 &
b0 3
b0 ;
b0 :
b0 #
b0 6
b0 $
b0 8
b0 7
b0 9
0,
1)
0.
12
0-
11
b1101010110110 0
b1101010110110 5
b1001111100100110 /
b1001111100100110 4
b1011101 +
#1675
0(
0'
0!
b1111111111111110 :
b1 %
0"
b1 &
b1 3
b1 ;
b1111111111111111 #
b1111111111111111 6
b1111111111111111 $
b1111111111111111 8
1,
1.
1-
#1676
1(
1'
b1111111111111111 :
b1111111111111111 %
b1111111111111111 &
b1111111111111111 3
b1111111111111111 ;
b0 #
b0 6
0,
0.
#1677
1(
1'
0!
b1001111100100110 %
0"
b1001111100100110 &
b1001111100100110 3
b1001111100100110 ;
b1001111100100110 :
b1111111111111111 #
b1111111111111111 6
b1001111100100110 $
b1001111100100110 8
b1001111100100110 9
0)
1.
0-
01
#1678
0(
0'
b1101010110110 %
b1101010110110 &
b1101010110110 3
b1101010110110 ;
b1101010110110 :
b1101010110110 #
b1101010110110 6
b1101010110110 7
b1111111111111111 $
b1111111111111111 8
b0 9
0.
02
1-
11
#1679
b1001111100100110 :
0(
0'
b110000011011001 %
b110000011011001 &
b110000011011001 3
b110000011011001 ;
b1111111111111111 #
b1111111111111111 6
b0 7
b1001111100100110 $
b1001111100100110 8
b1001111100100110 9
1,
1.
12
0-
01
#1680
1(
1'
b1110010101001001 %
b1110010101001001 &
b1110010101001001 3
b1110010101001001 ;
b1101010110110 :
b1101010110110 #
b1101010110110 6
b1101010110110 7
b1111111111111111 $
b1111111111111111 8
b0 9
0.
02
1-
11
#1681
0(
0'
b110000011011010 &
b110000011011010 3
b110000011011010 ;
b110000011011010 %
b1001111100100101 :
b1111111111111111 #
b1111111111111111 6
b0 7
b1001111100100110 $
b1001111100100110 8
b1001111100100110 9
1)
1.
12
0-
01
#1682
1(
1'
b1110010101001010 %
b1110010101001010 &
b1110010101001010 3
b1110010101001010 ;
b1101010110101 :
b1101010110110 #
b1101010110110 6
b1101010110110 7
b1111111111111111 $
b1111111111111111 8
b0 9
0.
02
1-
11
#1683
1(
1'
b1001111100100111 %
b1001111100100111 &
b1001111100100111 3
b1001111100100111 ;
b110000011011001 8
b110000011011000 :
b110000011011001 $
b1111111111111111 #
b1111111111111111 6
b0 7
b1001111100100110 9
1.
12
01
#1684
0(
0'
b1101010110111 &
b1101010110111 3
b1101010110111 ;
b1101010110111 %
b1110010101001000 :
b1110010101001001 6
b1111111111111111 8
b1110010101001001 #
b1111111111111111 $
b1101010110110 7
b0 9
02
11
#1685
b1111111111111111 6
1(
1'
b1111111111111111 #
b1001111100100101 :
b1001111100100101 %
b1001111100100101 &
b1001111100100101 3
b1001111100100101 ;
b0 7
b1001111100100110 $
b1001111100100110 8
b1001111100100110 9
0,
12
0-
01
#1686
0(
0'
b1101010110101 %
b1101010110101 &
b1101010110101 3
b1101010110101 ;
b1101010110101 :
b1101010110110 #
b1101010110110 6
b1101010110110 7
b1111111111111111 $
b1111111111111111 8
b0 9
0.
02
1-
11
#1687
1(
1'
b1011100111011100 %
b1011100111011100 &
b1011100111011100 3
b1011100111011100 ;
b1011100111011100 :
b1001111100100110 $
b1001111100100110 8
b1001111100100110 9
0-
01
#1688
1(
1'
b111101110001111 :
b1000010001110000 %
b1000010001110000 &
b1000010001110000 3
b1000010001110000 ;
b110000011011001 $
b110000011011001 8
1,
1-
#1689
0(
0'
b111101110010000 %
b111101110010000 &
b111101110010000 3
b111101110010000 ;
b1000010001101111 :
b1110010101001001 #
b1110010101001001 6
b1001111100100110 $
b1001111100100110 8
1.
0-
#1690
0(
0'
b1101000100110 %
b1101000100110 &
b1101000100110 3
b1101000100110 ;
b1101000100110 :
b1101010110110 #
b1101010110110 6
0,
0)
0.
#1691
b110000001001001 :
1(
1'
b1001111110110110 %
b1001111110110110 &
b1001111110110110 3
b1001111110110110 ;
b1110010101001001 #
b1110010101001001 6
b110000011011001 $
b110000011011001 8
1,
1.
1-
#1692
0(
0'
1!
b0 %
1"
b0 &
b0 3
b0 ;
b0 :
b0 #
b0 6
b0 $
b0 8
b0 7
b0 9
0,
1)
0.
12
0-
11
b111111011100 0
b111111011100 5
b1000001101111101 /
b1000001101111101 4
b1011110 +
#1693
0(
0'
0!
b1111111111111110 :
b1 %
0"
b1 &
b1 3
b1 ;
b1111111111111111 #
b1111111111111111 6
b1111111111111111 $
b1111111111111111 8
1,
1.
1-
#1694
1(
1'
b1111111111111111 :
b1111111111111111 %
b1111111111111111 &
b1111111111111111 3
b1111111111111111 ;
b0 #
b0 6
0,
0.
#1695
1(
1'
0!
b1000001101111101 %
0"
b1000001101111101 &
b1000001101111101 3
b1000001101111101 ;
b1000001101111101 :
b1111111111111111 #
b1111111111111111 6
b1000001101111101 $
b1000001101111101 8
b1000001101111101 9
0)
1.
0-
01
#1696
0(
0'
b111111011100 %
b111111011100 &
b111111011100 3
b111111011100 ;
b111111011100 :
b111111011100 #
b111111011100 6
b111111011100 7
b1111111111111111 $
b1111111111111111 8
b0 9
0.
02
1-
11
#1697
b1000001101111101 :
0(
0'
b111110010000010 %
b111110010000010 &
b111110010000010 3
b111110010000010 ;
b1111111111111111 #
b1111111111111111 6
b0 7
b1000001101111101 $
b1000001101111101 8
b1000001101111101 9
1,
1.
12
0-
01
#1698
1(
1'
b1111000000100011 %
b1111000000100011 &
b1111000000100011 3
b1111000000100011 ;
b111111011100 :
b111111011100 #
b111111011100 6
b111111011100 7
b1111111111111111 $
b1111111111111111 8
b0 9
0.
02
1-
11
#1699
0(
0'
b111110010000011 &
b111110010000011 3
b111110010000011 ;
b111110010000011 %
b1000001101111100 :
b1111111111111111 #
b1111111111111111 6
b0 7
b1000001101111101 $
b1000001101111101 8
b1000001101111101 9
1)
1.
12
0-
01
#1700
1(
1'
b1111000000100100 %
b1111000000100100 &
b1111000000100100 3
b1111000000100100 ;
b111111011011 :
b111111011100 #
b111111011100 6
b111111011100 7
b1111111111111111 $
b1111111111111111 8
b0 9
0.
02
1-
11
#1701
1(
1'
b1000001101111110 %
b1000001101111110 &
b1000001101111110 3
b1000001101111110 ;
b111110010000010 8
b111110010000001 :
b111110010000010 $
b1111111111111111 #
b1111111111111111 6
b0 7
b1000001101111101 9
1.
12
01
#1702
0(
0'
b111111011101 &
b111111011101 3
b111111011101 ;
b111111011101 %
b1111000000100010 :
b1111000000100011 6
b1111111111111111 8
b1111000000100011 #
b1111111111111111 $
b111111011100 7
b0 9
02
11
#1703
b1111111111111111 6
1(
1'
b1111111111111111 #
b1000001101111100 :
b1000001101111100 %
b1000001101111100 &
b1000001101111100 3
b1000001101111100 ;
b0 7
b1000001101111101 $
b1000001101111101 8
b1000001101111101 9
0,
12
0-
01
#1704
0(
0'
b111111011011 %
b111111011011 &
b111111011011 3
b111111011011 ;
b111111011011 :
b111111011100 #
b111111011100 6
b111111011100 7
b1111111111111111 $
b1111111111111111 8
b0 9
0.
02
1-
11
#1705
1(
1'
b1001001101011001 %
b1001001101011001 &
b1001001101011001 3
b1001001101011001 ;
b1001001101011001 :
b1000001101111101 $
b1000001101111101 8
b1000001101111101 9
0-
01
#1706
0(
0'
b1000110001011110 :
b111001110100001 %
b111001110100001 &
b111001110100001 3
b111001110100001 ;
b111110010000010 $
b111110010000010 8
1,
1-
#1707
1(
1'
b1000110001011111 %
b1000110001011111 &
b1000110001011111 3
b1000110001011111 ;
b111001110100000 :
b1111000000100011 #
b1111000000100011 6
b1000001101111101 $
b1000001101111101 8
1.
0-
#1708
0(
0'
b1101011100 %
b1101011100 &
b1101011100 3
b1101011100 ;
b1101011100 :
b111111011100 #
b111111011100 6
0,
0)
0.
#1709
b111000000000010 :
1(
1'
b1000111111111101 %
b1000111111111101 &
b1000111111111101 3
b1000111111111101 ;
b1111000000100011 #
b1111000000100011 6
b111110010000010 $
b111110010000010 8
1,
1.
1-
#1710
0(
0'
1!
b0 %
1"
b0 &
b0 3
b0 ;
b0 :
b0 #
b0 6
b0 $
b0 8
b0 7
b0 9
0,
1)
0.
12
0-
11
b1111111101111000 0
b1111111101111000 5
b101011110000110 /
b101011110000110 4
b1011111 +
#1711
0(
0'
0!
b1111111111111110 :
b1 %
0"
b1 &
b1 3
b1 ;
b1111111111111111 #
b1111111111111111 6
b1111111111111111 $
b1111111111111111 8
1,
1.
1-
#1712
1(
1'
b1111111111111111 :
b1111111111111111 %
b1111111111111111 &
b1111111111111111 3
b1111111111111111 ;
b0 #
b0 6
0,
0.
#1713
0(
0'
0!
b101011110000110 %
0"
b101011110000110 &
b101011110000110 3
b101011110000110 ;
b101011110000110 :
b1111111111111111 #
b1111111111111111 6
b101011110000110 $
b101011110000110 8
b101011110000110 9
0)
1.
0-
01
#1714
1(
1'
b1111111101111000 %
b1111111101111000 &
b1111111101111000 3
b1111111101111000 ;
b1111111101111000 :
b1111111101111000 #
b1111111101111000 6
b1111111101111000 7
b1111111111111111 $
b1111111111111111 8
b0 9
0.
02
1-
11
#1715
b101011110000110 :
1(
1'
b1010100001111001 %
b1010100001111001 &
b1010100001111001 3
b1010100001111001 ;
b1111111111111111 #
b1111111111111111 6
b0 7
b101011110000110 $
b101011110000110 8
b101011110000110 9
1,
1.
12
0-
01
#1716
0(
0'
b10000111 %
b10000111 &
b10000111 3
b10000111 ;
b1111111101111000 :
b1111111101111000 #
b1111111101111000 6
b1111111101111000 7
b1111111111111111 $
b1111111111111111 8
b0 9
0.
02
1-
11
#1717
1(
1'
b1010100001111010 &
b1010100001111010 3
b1010100001111010 ;
b1010100001111010 %
b101011110000101 :
b1111111111111111 #
b1111111111111111 6
b0 7
b101011110000110 $
b101011110000110 8
b101011110000110 9
1)
1.
12
0-
01
#1718
0(
0'
b10001000 %
b10001000 &
b10001000 3
b10001000 ;
b1111111101110111 :
b1111111101111000 #
b1111111101111000 6
b1111111101111000 7
b1111111111111111 $
b1111111111111111 8
b0 9
0.
02
1-
11
#1719
0(
0'
b101011110000111 %
b101011110000111 &
b101011110000111 3
b101011110000111 ;
b1010100001111001 8
b1010100001111000 :
b1010100001111001 $
b1111111111111111 #
b1111111111111111 6
b0 7
b101011110000110 9
1.
12
01
#1720
1(
1'
b1111111101111001 &
b1111111101111001 3
b1111111101111001 ;
b1111111101111001 %
b10000110 :
b10000111 6
b1111111111111111 8
b10000111 #
b1111111111111111 $
b1111111101111000 7
b0 9
02
11
#1721
b1111111111111111 6
0(
0'
b1111111111111111 #
b101011110000101 :
b101011110000101 %
b101011110000101 &
b101011110000101 3
b101011110000101 ;
b0 7
b101011110000110 $
b101011110000110 8
b101011110000110 9
0,
12
0-
01
#1722
1(
1'
b1111111101110111 %
b1111111101110111 &
b1111111101110111 3
b1111111101110111 ;
b1111111101110111 :
b1111111101111000 #
b1111111101111000 6
b1111111101111000 7
b1111111111111111 $
b1111111111111111 8
b0 9
0.
02
1-
11
#1723
0(
0'
b101011011111110 %
b101011011111110 &
b101011011111110 3
b101011011111110 ;
b101011011111110 :
b101011110000110 $
b101011110000110 8
b101011110000110 9
0-
01
#1724
0(
0'
b1010011111110001 :
b101100000001110 %
b101100000001110 &
b101100000001110 3
b101100000001110 ;
b1010100001111001 $
b1010100001111001 8
1,
1-
#1725
1(
1'
b1010011111110010 %
b1010011111110010 &
b1010011111110010 3
b1010011111110010 ;
b101100000001101 :
b10000111 #
b10000111 6
b101011110000110 $
b101011110000110 8
1.
0-
#1726
0(
0'
b101011100000000 %
b101011100000000 &
b101011100000000 3
b101011100000000 ;
b101011100000000 :
b1111111101111000 #
b1111111101111000 6
0,
0)
0.
#1727
b1 :
1(
1'
b1111111111111110 %
b1111111111111110 &
b1111111111111110 3
b1111111111111110 ;
b10000111 #
b10000111 6
b1010100001111001 $
b1010100001111001 8
1,
1.
1-
#1728
0(
0'
1!
b0 %
1"
b0 &
b0 3
b0 ;
b0 :
b0 #
b0 6
b0 $
b0 8
b0 7
b0 9
0,
1)
0.
12
0-
11
b1000000011011011 0
b1000000011011011 5
b1001101101111110 /
b1001101101111110 4
b1100000 +
#1729
0(
0'
0!
b1111111111111110 :
b1 %
0"
b1 &
b1 3
b1 ;
b1111111111111111 #
b1111111111111111 6
b1111111111111111 $
b1111111111111111 8
1,
1.
1-
#1730
1(
1'
b1111111111111111 :
b1111111111111111 %
b1111111111111111 &
b1111111111111111 3
b1111111111111111 ;
b0 #
b0 6
0,
0.
#1731
1(
1'
0!
b1001101101111110 %
0"
b1001101101111110 &
b1001101101111110 3
b1001101101111110 ;
b1001101101111110 :
b1111111111111111 #
b1111111111111111 6
b1001101101111110 $
b1001101101111110 8
b1001101101111110 9
0)
1.
0-
01
#1732
1(
1'
b1000000011011011 %
b1000000011011011 &
b1000000011011011 3
b1000000011011011 ;
b1000000011011011 :
b1000000011011011 #
b1000000011011011 6
b1000000011011011 7
b1111111111111111 $
b1111111111111111 8
b0 9
0.
02
1-
11
#1733
b1001101101111110 :
0(
0'
b110010010000001 %
b110010010000001 &
b110010010000001 3
b110010010000001 ;
b1111111111111111 #
b1111111111111111 6
b0 7
b1001101101111110 $
b1001101101111110 8
b1001101101111110 9
1,
1.
12
0-
01
#1734
0(
0'
b111111100100100 %
b111111100100100 &
b111111100100100 3
b111111100100100 ;
b1000000011011011 :
b1000000011011011 #
b1000000011011011 6
b1000000011011011 7
b1111111111111111 $
b1111111111111111 8
b0 9
0.
02
1-
11
#1735
0(
0'
b110010010000010 &
b110010010000010 3
b110010010000010 ;
b110010010000010 %
b1001101101111101 :
b1111111111111111 #
b1111111111111111 6
b0 7
b1001101101111110 $
b1001101101111110 8
b1001101101111110 9
1)
1.
12
0-
01
#1736
b111111100100101 %
b111111100100101 &
b111111100100101 3
b111111100100101 ;
b1000000011011010 :
b1000000011011011 #
b1000000011011011 6
b1000000011011011 7
b1111111111111111 $
b1111111111111111 8
b0 9
0.
02
1-
11
#1737
1(
1'
b1001101101111111 %
b1001101101111111 &
b1001101101111111 3
b1001101101111111 ;
b110010010000001 8
b110010010000000 :
b110010010000001 $
b1111111111111111 #
b1111111111111111 6
b0 7
b1001101101111110 9
1.
12
01
#1738
b1000000011011100 &
b1000000011011100 3
b1000000011011100 ;
b1000000011011100 %
b111111100100011 :
b111111100100100 6
b1111111111111111 8
b111111100100100 #
b1111111111111111 $
b1000000011011011 7
b0 9
02
11
#1739
b1111111111111111 6
1(
1'
b1111111111111111 #
b1001101101111101 :
b1001101101111101 %
b1001101101111101 &
b1001101101111101 3
b1001101101111101 ;
b0 7
b1001101101111110 $
b1001101101111110 8
b1001101101111110 9
0,
12
0-
01
#1740
b1000000011011010 %
b1000000011011010 &
b1000000011011010 3
b1000000011011010 ;
b1000000011011010 :
b1000000011011011 #
b1000000011011011 6
b1000000011011011 7
b1111111111111111 $
b1111111111111111 8
b0 9
0.
02
1-
11
#1741
0(
0'
b1110001011001 %
b1110001011001 &
b1110001011001 3
b1110001011001 ;
b1110001011001 :
b1001101101111110 $
b1001101101111110 8
b1001101101111110 9
0-
01
#1742
0(
0'
b1110010101011100 :
b1101010100011 %
b1101010100011 &
b1101010100011 3
b1101010100011 ;
b110010010000001 $
b110010010000001 8
1,
1-
#1743
1(
1'
b1110010101011101 %
b1110010101011101 &
b1110010101011101 3
b1110010101011101 ;
b1101010100010 :
b111111100100100 #
b111111100100100 6
b1001101101111110 $
b1001101101111110 8
1.
0-
#1744
1(
1'
b1000000001011010 %
b1000000001011010 &
b1000000001011010 3
b1000000001011010 ;
b1000000001011010 :
b1000000011011011 #
b1000000011011011 6
0,
0)
0.
#1745
b110010000000000 :
1(
1'
b1001101111111111 %
b1001101111111111 &
b1001101111111111 3
b1001101111111111 ;
b111111100100100 #
b111111100100100 6
b110010010000001 $
b110010010000001 8
1,
1.
1-
#1746
0(
0'
1!
b0 %
1"
b0 &
b0 3
b0 ;
b0 :
b0 #
b0 6
b0 $
b0 8
b0 7
b0 9
0,
1)
0.
12
0-
11
b10101101111001 0
b10101101111001 5
b1011011011001111 /
b1011011011001111 4
b1100001 +
#1747
0(
0'
0!
b1111111111111110 :
b1 %
0"
b1 &
b1 3
b1 ;
b1111111111111111 #
b1111111111111111 6
b1111111111111111 $
b1111111111111111 8
1,
1.
1-
#1748
1(
1'
b1111111111111111 :
b1111111111111111 %
b1111111111111111 &
b1111111111111111 3
b1111111111111111 ;
b0 #
b0 6
0,
0.
#1749
1(
1'
0!
b1011011011001111 %
0"
b1011011011001111 &
b1011011011001111 3
b1011011011001111 ;
b1011011011001111 :
b1111111111111111 #
b1111111111111111 6
b1011011011001111 $
b1011011011001111 8
b1011011011001111 9
0)
1.
0-
01
#1750
0(
0'
b10101101111001 %
b10101101111001 &
b10101101111001 3
b10101101111001 ;
b10101101111001 :
b10101101111001 #
b10101101111001 6
b10101101111001 7
b1111111111111111 $
b1111111111111111 8
b0 9
0.
02
1-
11
#1751
b1011011011001111 :
0(
0'
b100100100110000 %
b100100100110000 &
b100100100110000 3
b100100100110000 ;
b1111111111111111 #
b1111111111111111 6
b0 7
b1011011011001111 $
b1011011011001111 8
b1011011011001111 9
1,
1.
12
0-
01
#1752
1(
1'
b1101010010000110 %
b1101010010000110 &
b1101010010000110 3
b1101010010000110 ;
b10101101111001 :
b10101101111001 #
b10101101111001 6
b10101101111001 7
b1111111111111111 $
b1111111111111111 8
b0 9
0.
02
1-
11
#1753
0(
0'
b100100100110001 &
b100100100110001 3
b100100100110001 ;
b100100100110001 %
b1011011011001110 :
b1111111111111111 #
b1111111111111111 6
b0 7
b1011011011001111 $
b1011011011001111 8
b1011011011001111 9
1)
1.
12
0-
01
#1754
1(
1'
b1101010010000111 %
b1101010010000111 &
b1101010010000111 3
b1101010010000111 ;
b10101101111000 :
b10101101111001 #
b10101101111001 6
b10101101111001 7
b1111111111111111 $
b1111111111111111 8
b0 9
0.
02
1-
11
#1755
1(
1'
b1011011011010000 %
b1011011011010000 &
b1011011011010000 3
b1011011011010000 ;
b100100100110000 8
b100100100101111 :
b100100100110000 $
b1111111111111111 #
b1111111111111111 6
b0 7
b1011011011001111 9
1.
12
01
#1756
0(
0'
b10101101111010 &
b10101101111010 3
b10101101111010 ;
b10101101111010 %
b1101010010000101 :
b1101010010000110 6
b1111111111111111 8
b1101010010000110 #
b1111111111111111 $
b10101101111001 7
b0 9
02
11
#1757
b1111111111111111 6
1(
1'
b1111111111111111 #
b1011011011001110 :
b1011011011001110 %
b1011011011001110 &
b1011011011001110 3
b1011011011001110 ;
b0 7
b1011011011001111 $
b1011011011001111 8
b1011011011001111 9
0,
12
0-
01
#1758
0(
0'
b10101101111000 %
b10101101111000 &
b10101101111000 3
b10101101111000 ;
b10101101111000 :
b10101101111001 #
b10101101111001 6
b10101101111001 7
b1111111111111111 $
b1111111111111111 8
b0 9
0.
02
1-
11
#1759
1(
1'
b1110001001001000 %
b1110001001001000 &
b1110001001001000 3
b1110001001001000 ;
b1110001001001000 :
b1011011011001111 $
b1011011011001111 8
b1011011011001111 9
0-
01
#1760
1(
1'
b111010010101001 :
b1000101101010110 %
b1000101101010110 &
b1000101101010110 3
b1000101101010110 ;
b100100100110000 $
b100100100110000 8
1,
1-
#1761
0(
0'
b111010010101010 %
b111010010101010 &
b111010010101010 3
b111010010101010 ;
b1000101101010101 :
b1101010010000110 #
b1101010010000110 6
b1011011011001111 $
b1011011011001111 8
1.
0-
#1762
0(
0'
b10001001001001 %
b10001001001001 &
b10001001001001 3
b10001001001001 ;
b10001001001001 :
b10101101111001 #
b10101101111001 6
0,
0)
0.
#1763
b100000000000000 :
1(
1'
b1011111111111111 %
b1011111111111111 &
b1011111111111111 3
b1011111111111111 ;
b1101010010000110 #
b1101010010000110 6
b100100100110000 $
b100100100110000 8
1,
1.
1-
#1764
0(
0'
1!
b0 %
1"
b0 &
b0 3
b0 ;
b0 :
b0 #
b0 6
b0 $
b0 8
b0 7
b0 9
0,
1)
0.
12
0-
11
b1110111001100001 0
b1110111001100001 5
b1110010011111010 /
b1110010011111010 4
b1100010 +
#1765
0(
0'
0!
b1111111111111110 :
b1 %
0"
b1 &
b1 3
b1 ;
b1111111111111111 #
b1111111111111111 6
b1111111111111111 $
b1111111111111111 8
1,
1.
1-
#1766
1(
1'
b1111111111111111 :
b1111111111111111 %
b1111111111111111 &
b1111111111111111 3
b1111111111111111 ;
b0 #
b0 6
0,
0.
#1767
1(
1'
0!
b1110010011111010 %
0"
b1110010011111010 &
b1110010011111010 3
b1110010011111010 ;
b1110010011111010 :
b1111111111111111 #
b1111111111111111 6
b1110010011111010 $
b1110010011111010 8
b1110010011111010 9
0)
1.
0-
01
#1768
1(
1'
b1110111001100001 %
b1110111001100001 &
b1110111001100001 3
b1110111001100001 ;
b1110111001100001 :
b1110111001100001 #
b1110111001100001 6
b1110111001100001 7
b1111111111111111 $
b1111111111111111 8
b0 9
0.
02
1-
11
#1769
b1110010011111010 :
0(
0'
b1101100000101 %
b1101100000101 &
b1101100000101 3
b1101100000101 ;
b1111111111111111 #
b1111111111111111 6
b0 7
b1110010011111010 $
b1110010011111010 8
b1110010011111010 9
1,
1.
12
0-
01
#1770
0(
0'
b1000110011110 %
b1000110011110 &
b1000110011110 3
b1000110011110 ;
b1110111001100001 :
b1110111001100001 #
b1110111001100001 6
b1110111001100001 7
b1111111111111111 $
b1111111111111111 8
b0 9
0.
02
1-
11
#1771
b1101100000110 &
b1101100000110 3
b1101100000110 ;
b1101100000110 %
b1110010011111001 :
b1111111111111111 #
b1111111111111111 6
b0 7
b1110010011111010 $
b1110010011111010 8
b1110010011111010 9
1)
1.
12
0-
01
#1772
0(
0'
b1000110011111 %
b1000110011111 &
b1000110011111 3
b1000110011111 ;
b1110111001100000 :
b1110111001100001 #
b1110111001100001 6
b1110111001100001 7
b1111111111111111 $
b1111111111111111 8
b0 9
0.
02
1-
11
#1773
1(
1'
b1110010011111011 %
b1110010011111011 &
b1110010011111011 3
b1110010011111011 ;
b1101100000101 8
b1101100000100 :
b1101100000101 $
b1111111111111111 #
b1111111111111111 6
b0 7
b1110010011111010 9
1.
12
01
#1774
b1110111001100010 &
b1110111001100010 3
b1110111001100010 ;
b1110111001100010 %
b1000110011101 :
b1000110011110 6
b1111111111111111 8
b1000110011110 #
b1111111111111111 $
b1110111001100001 7
b0 9
02
11
#1775
b1111111111111111 6
1(
1'
b1111111111111111 #
b1110010011111001 :
b1110010011111001 %
b1110010011111001 &
b1110010011111001 3
b1110010011111001 ;
b0 7
b1110010011111010 $
b1110010011111010 8
b1110010011111010 9
0,
12
0-
01
#1776
1(
1'
b1110111001100000 %
b1110111001100000 &
b1110111001100000 3
b1110111001100000 ;
b1110111001100000 :
b1110111001100001 #
b1110111001100001 6
b1110111001100001 7
b1111111111111111 $
b1111111111111111 8
b0 9
0.
02
1-
11
#1777
b1101001101011011 %
b1101001101011011 &
b1101001101011011 3
b1101001101011011 ;
b1101001101011011 :
b1110010011111010 $
b1110010011111010 8
b1110010011111010 9
0-
01
#1778
1(
1'
b100101100110 :
b1111011010011001 %
b1111011010011001 &
b1111011010011001 3
b1111011010011001 ;
b1101100000101 $
b1101100000101 8
1,
1-
#1779
0(
0'
b100101100111 %
b100101100111 &
b100101100111 3
b100101100111 ;
b1111011010011000 :
b1000110011110 #
b1000110011110 6
b1110010011111010 $
b1110010011111010 8
1.
0-
#1780
1(
1'
b1110010001100000 %
b1110010001100000 &
b1110010001100000 3
b1110010001100000 ;
b1110010001100000 :
b1110111001100001 #
b1110111001100001 6
0,
0)
0.
#1781
b1000100000100 :
1(
1'
b1110111011111011 %
b1110111011111011 &
b1110111011111011 3
b1110111011111011 ;
b1000110011110 #
b1000110011110 6
b1101100000101 $
b1101100000101 8
1,
1.
1-
#1782
0(
0'
1!
b0 %
1"
b0 &
b0 3
b0 ;
b0 :
b0 #
b0 6
b0 $
b0 8
b0 7
b0 9
0,
1)
0.
12
0-
11
b111100010100001 0
b111100010100001 5
b100100010111 /
b100100010111 4
b1100011 +
#1783
0(
0'
0!
b1111111111111110 :
b1 %
0"
b1 &
b1 3
b1 ;
b1111111111111111 #
b1111111111111111 6
b1111111111111111 $
b1111111111111111 8
1,
1.
1-
#1784
1(
1'
b1111111111111111 :
b1111111111111111 %
b1111111111111111 &
b1111111111111111 3
b1111111111111111 ;
b0 #
b0 6
0,
0.
#1785
0(
0'
0!
b100100010111 %
0"
b100100010111 &
b100100010111 3
b100100010111 ;
b100100010111 :
b1111111111111111 #
b1111111111111111 6
b100100010111 $
b100100010111 8
b100100010111 9
0)
1.
0-
01
#1786
b111100010100001 %
b111100010100001 &
b111100010100001 3
b111100010100001 ;
b111100010100001 :
b111100010100001 #
b111100010100001 6
b111100010100001 7
b1111111111111111 $
b1111111111111111 8
b0 9
0.
02
1-
11
#1787
b100100010111 :
1(
1'
b1111011011101000 %
b1111011011101000 &
b1111011011101000 3
b1111011011101000 ;
b1111111111111111 #
b1111111111111111 6
b0 7
b100100010111 $
b100100010111 8
b100100010111 9
1,
1.
12
0-
01
#1788
b1000011101011110 %
b1000011101011110 &
b1000011101011110 3
b1000011101011110 ;
b111100010100001 :
b111100010100001 #
b111100010100001 6
b111100010100001 7
b1111111111111111 $
b1111111111111111 8
b0 9
0.
02
1-
11
#1789
1(
1'
b1111011011101001 &
b1111011011101001 3
b1111011011101001 ;
b1111011011101001 %
b100100010110 :
b1111111111111111 #
b1111111111111111 6
b0 7
b100100010111 $
b100100010111 8
b100100010111 9
1)
1.
12
0-
01
#1790
b1000011101011111 %
b1000011101011111 &
b1000011101011111 3
b1000011101011111 ;
b111100010100000 :
b111100010100001 #
b111100010100001 6
b111100010100001 7
b1111111111111111 $
b1111111111111111 8
b0 9
0.
02
1-
11
#1791
0(
0'
b100100011000 %
b100100011000 &
b100100011000 3
b100100011000 ;
b1111011011101000 8
b1111011011100111 :
b1111011011101000 $
b1111111111111111 #
b1111111111111111 6
b0 7
b100100010111 9
1.
12
01
#1792
b111100010100010 &
b111100010100010 3
b111100010100010 ;
b111100010100010 %
b1000011101011101 :
b1000011101011110 6
b1111111111111111 8
b1000011101011110 #
b1111111111111111 $
b111100010100001 7
b0 9
02
11
#1793
b1111111111111111 6
0(
0'
b1111111111111111 #
b100100010110 :
b100100010110 %
b100100010110 &
b100100010110 3
b100100010110 ;
b0 7
b100100010111 $
b100100010111 8
b100100010111 9
0,
12
0-
01
#1794
b111100010100000 %
b111100010100000 &
b111100010100000 3
b111100010100000 ;
b111100010100000 :
b111100010100001 #
b111100010100001 6
b111100010100001 7
b1111111111111111 $
b1111111111111111 8
b0 9
0.
02
1-
11
#1795
1(
1'
b1000000110111000 %
b1000000110111000 &
b1000000110111000 3
b1000000110111000 ;
b1000000110111000 :
b100100010111 $
b100100010111 8
b100100010111 9
0-
01
#1796
1(
1'
b110111110001001 :
b1001000001110110 %
b1001000001110110 &
b1001000001110110 3
b1001000001110110 ;
b1111011011101000 $
b1111011011101000 8
1,
1-
#1797
0(
0'
b110111110001010 %
b110111110001010 &
b110111110001010 3
b110111110001010 ;
b1001000001110101 :
b1000011101011110 #
b1000011101011110 6
b100100010111 $
b100100010111 8
1.
0-
#1798
b100000000001 %
b100000000001 &
b100000000001 3
b100000000001 ;
b100000000001 :
b111100010100001 #
b111100010100001 6
0,
0)
0.
#1799
b1000011001001000 :
0(
0'
b111100110110111 %
b111100110110111 &
b111100110110111 3
b111100110110111 ;
b1000011101011110 #
b1000011101011110 6
b1111011011101000 $
b1111011011101000 8
1,
1.
1-
#1800
b1100100 +
