#! /home/xpektra/.apio/packages/oss-cad-suite/bin/vvp
:ivl_version "13.0 (devel)" "(s20250103-66-gd67d3323a)";
:ivl_delay_selection "TYPICAL";
:vpi_time_precision - 12;
:vpi_module "/home/xpektra/.apio/packages/oss-cad-suite/lib/ivl/system.vpi";
:vpi_module "/home/xpektra/.apio/packages/oss-cad-suite/lib/ivl/vhdl_sys.vpi";
:vpi_module "/home/xpektra/.apio/packages/oss-cad-suite/lib/ivl/vhdl_textio.vpi";
:vpi_module "/home/xpektra/.apio/packages/oss-cad-suite/lib/ivl/v2005_math.vpi";
:vpi_module "/home/xpektra/.apio/packages/oss-cad-suite/lib/ivl/va_math.vpi";
:vpi_module "/home/xpektra/.apio/packages/oss-cad-suite/lib/ivl/v2009.vpi";
S_0x555580b90890 .scope package, "$unit" "$unit" 2 1;
 .timescale 0 0;
S_0x555580cee330 .scope module, "ALU_tb" "ALU_tb" 3 2;
 .timescale -12 -12;
L_0x555580e163c0 .functor NOT 16, v0x555580bf6060_0, C4<0000000000000000>, C4<0000000000000000>, C4<0000000000000000>;
L_0x555580e16820 .functor NOT 16, v0x555580bf6210_0, C4<0000000000000000>, C4<0000000000000000>, C4<0000000000000000>;
L_0x555580e16d60 .functor NOT 16, L_0x555580e16cc0, C4<0000000000000000>, C4<0000000000000000>, C4<0000000000000000>;
L_0x555580e16ec0 .functor AND 16, L_0x555580e16730, L_0x555580e16b90, C4<1111111111111111>, C4<1111111111111111>;
L_0x555580e16f30 .functor NOT 16, L_0x555580e16ec0, C4<0000000000000000>, C4<0000000000000000>, C4<0000000000000000>;
L_0x555580e17220 .functor AND 16, L_0x555580e16730, L_0x555580e16b90, C4<1111111111111111>, C4<1111111111111111>;
L_0x7fb902bb70f0 .functor BUFT 1, C4<1111111111111111>, C4<0>, C4<0>, C4<0>;
v0x555580bf3790_0 .net/2u *"_ivl_0", 15 0, L_0x7fb902bb70f0;  1 drivers
L_0x7fb902bb7180 .functor BUFT 1, C4<1111111111111111>, C4<0>, C4<0>, C4<0>;
v0x555580bf3870_0 .net/2u *"_ivl_12", 15 0, L_0x7fb902bb7180;  1 drivers
v0x555580bf3950_0 .net *"_ivl_14", 15 0, L_0x555580e16820;  1 drivers
v0x555580c03e10_0 .net *"_ivl_16", 15 0, L_0x555580e16890;  1 drivers
L_0x7fb902bb71c8 .functor BUFT 1, C4<0000000000000000>, C4<0>, C4<0>, C4<0>;
v0x555580c03ef0_0 .net/2u *"_ivl_18", 15 0, L_0x7fb902bb71c8;  1 drivers
v0x555580c03fd0_0 .net *"_ivl_2", 15 0, L_0x555580e163c0;  1 drivers
v0x555580c040b0_0 .net *"_ivl_20", 15 0, L_0x555580e169d0;  1 drivers
v0x555580c04190_0 .net *"_ivl_24", 15 0, L_0x555580e16cc0;  1 drivers
v0x555580c06650_0 .net *"_ivl_26", 15 0, L_0x555580e16d60;  1 drivers
v0x555580c06730_0 .net *"_ivl_28", 15 0, L_0x555580e16ec0;  1 drivers
v0x555580c06810_0 .net *"_ivl_30", 15 0, L_0x555580e16f30;  1 drivers
v0x555580c068f0_0 .net *"_ivl_32", 15 0, L_0x555580e16ff0;  1 drivers
v0x555580c069d0_0 .net *"_ivl_34", 15 0, L_0x555580e17180;  1 drivers
v0x555580c08fd0_0 .net *"_ivl_36", 15 0, L_0x555580e17220;  1 drivers
v0x555580c090b0_0 .net *"_ivl_38", 15 0, L_0x555580e173f0;  1 drivers
v0x555580c09190_0 .net *"_ivl_4", 15 0, L_0x555580e16430;  1 drivers
v0x555580c09270_0 .net *"_ivl_42", 31 0, L_0x555580e17620;  1 drivers
L_0x7fb902bb7210 .functor BUFT 1, C4<0000000000000000>, C4<0>, C4<0>, C4<0>;
v0x555580bedef0_0 .net *"_ivl_45", 15 0, L_0x7fb902bb7210;  1 drivers
L_0x7fb902bb7258 .functor BUFT 1, C4<00000000000000000000000000000000>, C4<0>, C4<0>, C4<0>;
v0x555580bedfd0_0 .net/2u *"_ivl_46", 31 0, L_0x7fb902bb7258;  1 drivers
L_0x7fb902bb7138 .functor BUFT 1, C4<0000000000000000>, C4<0>, C4<0>, C4<0>;
v0x555580bee0b0_0 .net/2u *"_ivl_6", 15 0, L_0x7fb902bb7138;  1 drivers
v0x555580bee190_0 .net *"_ivl_8", 15 0, L_0x555580e16570;  1 drivers
v0x555580bee270_0 .var "f", 0 0;
v0x555580bee310_0 .var "fail", 0 0;
v0x555580beeda0_0 .var "n", 15 0;
v0x555580beee80_0 .net "ng", 0 0, L_0x555580e16240;  1 drivers
v0x555580beef20_0 .net "ng_cmp", 0 0, L_0x555580e17900;  1 drivers
v0x555580beefc0_0 .var "no", 0 0;
v0x555580bef060_0 .var "nx", 0 0;
v0x555580bef130_0 .var "ny", 0 0;
v0x555580bf5ef0_0 .net "out", 15 0, L_0x555580e15fa0;  1 drivers
v0x555580bf5fc0_0 .net "out_cmp", 15 0, L_0x555580e17580;  1 drivers
v0x555580bf6060_0 .var "x", 15 0;
v0x555580bf6130_0 .net "xx", 15 0, L_0x555580e16730;  1 drivers
v0x555580bf6210_0 .var "y", 15 0;
v0x555580bf62d0_0 .net "yy", 15 0, L_0x555580e16b90;  1 drivers
v0x555580bf1490_0 .net "zr", 0 0, L_0x555580e160b0;  1 drivers
v0x555580bf1530_0 .net "zr_cmp", 0 0, L_0x555580e17810;  1 drivers
v0x555580bf15f0_0 .var "zx", 0 0;
v0x555580bf1690_0 .var "zy", 0 0;
L_0x555580e16430 .functor MUXZ 16, L_0x555580e163c0, L_0x7fb902bb70f0, v0x555580bf15f0_0, C4<>;
L_0x555580e16570 .functor MUXZ 16, v0x555580bf6060_0, L_0x7fb902bb7138, v0x555580bf15f0_0, C4<>;
L_0x555580e16730 .functor MUXZ 16, L_0x555580e16570, L_0x555580e16430, v0x555580bef060_0, C4<>;
L_0x555580e16890 .functor MUXZ 16, L_0x555580e16820, L_0x7fb902bb7180, v0x555580bf1690_0, C4<>;
L_0x555580e169d0 .functor MUXZ 16, v0x555580bf6210_0, L_0x7fb902bb71c8, v0x555580bf1690_0, C4<>;
L_0x555580e16b90 .functor MUXZ 16, L_0x555580e169d0, L_0x555580e16890, v0x555580bef130_0, C4<>;
L_0x555580e16cc0 .arith/sum 16, L_0x555580e16730, L_0x555580e16b90;
L_0x555580e16ff0 .functor MUXZ 16, L_0x555580e16f30, L_0x555580e16d60, v0x555580bee270_0, C4<>;
L_0x555580e17180 .arith/sum 16, L_0x555580e16730, L_0x555580e16b90;
L_0x555580e173f0 .functor MUXZ 16, L_0x555580e17220, L_0x555580e17180, v0x555580bee270_0, C4<>;
L_0x555580e17580 .functor MUXZ 16, L_0x555580e173f0, L_0x555580e16ff0, v0x555580beefc0_0, C4<>;
L_0x555580e17620 .concat [ 16 16 0 0], L_0x555580e15fa0, L_0x7fb902bb7210;
L_0x555580e17810 .cmp/eq 32, L_0x555580e17620, L_0x7fb902bb7258;
L_0x555580e17900 .part L_0x555580e15fa0, 15, 1;
S_0x555580c18a00 .scope module, "ALU" "ALU" 3 11, 4 25 0, S_0x555580cee330;
 .timescale -12 -12;
    .port_info 0 /INPUT 16 "x";
    .port_info 1 /INPUT 16 "y";
    .port_info 2 /INPUT 1 "zx";
    .port_info 3 /INPUT 1 "nx";
    .port_info 4 /INPUT 1 "zy";
    .port_info 5 /INPUT 1 "ny";
    .port_info 6 /INPUT 1 "f";
    .port_info 7 /INPUT 1 "no";
    .port_info 8 /OUTPUT 16 "out";
    .port_info 9 /OUTPUT 1 "zr";
    .port_info 10 /OUTPUT 1 "ng";
L_0x555580e15420 .functor NOT 16, L_0x555580e15240, C4<0000000000000000>, C4<0000000000000000>, C4<0000000000000000>;
L_0x555580e157f0 .functor NOT 16, L_0x555580e15660, C4<0000000000000000>, C4<0000000000000000>, C4<0000000000000000>;
L_0x555580e15ac0 .functor AND 16, L_0x555580e15500, L_0x555580e158b0, C4<1111111111111111>, C4<1111111111111111>;
L_0x555580e15da0 .functor NOT 16, L_0x555580e15bd0, C4<0000000000000000>, C4<0000000000000000>, C4<0000000000000000>;
L_0x555580e15fa0 .functor BUFZ 16, L_0x555580e15e60, C4<0000000000000000>, C4<0000000000000000>, C4<0000000000000000>;
L_0x7fb902bb7018 .functor BUFT 1, C4<0000000000000000>, C4<0>, C4<0>, C4<0>;
v0x555580d628b0_0 .net/2u *"_ivl_0", 15 0, L_0x7fb902bb7018;  1 drivers
v0x555580d186a0_0 .net *"_ivl_12", 15 0, L_0x555580e157f0;  1 drivers
v0x555580d17750_0 .net *"_ivl_16", 15 0, L_0x555580e15a20;  1 drivers
v0x555580d16800_0 .net *"_ivl_18", 15 0, L_0x555580e15ac0;  1 drivers
v0x555580d158b0_0 .net *"_ivl_22", 15 0, L_0x555580e15da0;  1 drivers
L_0x7fb902bb70a8 .functor BUFT 1, C4<0000000000000000>, C4<0>, C4<0>, C4<0>;
v0x555580d14960_0 .net/2u *"_ivl_28", 15 0, L_0x7fb902bb70a8;  1 drivers
v0x555580d13aa0_0 .net *"_ivl_4", 15 0, L_0x555580e15420;  1 drivers
L_0x7fb902bb7060 .functor BUFT 1, C4<0000000000000000>, C4<0>, C4<0>, C4<0>;
v0x555580b67380_0 .net/2u *"_ivl_8", 15 0, L_0x7fb902bb7060;  1 drivers
v0x555580b63bf0_0 .net "f", 0 0, v0x555580bee270_0;  1 drivers
v0x555580b6b130_0 .net "ng", 0 0, L_0x555580e16240;  alias, 1 drivers
v0x555580b72f30_0 .net "no", 0 0, v0x555580beefc0_0;  1 drivers
v0x555580b6f030_0 .net "nx", 0 0, v0x555580bef060_0;  1 drivers
v0x555580c0ee30_0 .net "ny", 0 0, v0x555580bef130_0;  1 drivers
v0x555580befd10_0 .net "out", 15 0, L_0x555580e15fa0;  alias, 1 drivers
v0x555580c159d0_0 .net "out1", 15 0, L_0x555580e15e60;  1 drivers
v0x555580d65ca0_0 .net "out_f", 15 0, L_0x555580e15bd0;  1 drivers
v0x555580d60e10_0 .net "x", 15 0, v0x555580bf6060_0;  1 drivers
v0x555580d618f0_0 .net "x1", 15 0, L_0x555580e15240;  1 drivers
v0x555580d61ce0_0 .net "x2", 15 0, L_0x555580e15500;  1 drivers
v0x555580aedfb0_0 .net "y", 15 0, v0x555580bf6210_0;  1 drivers
v0x555580aeae10_0 .net "y1", 15 0, L_0x555580e15660;  1 drivers
v0x555580aec660_0 .net "y2", 15 0, L_0x555580e158b0;  1 drivers
v0x555580afe4d0_0 .net "zr", 0 0, L_0x555580e160b0;  alias, 1 drivers
v0x555580afb310_0 .net "zx", 0 0, v0x555580bf15f0_0;  1 drivers
v0x555580affd40_0 .net "zy", 0 0, v0x555580bf1690_0;  1 drivers
L_0x555580e15240 .functor MUXZ 16, v0x555580bf6060_0, L_0x7fb902bb7018, v0x555580bf15f0_0, C4<>;
L_0x555580e15500 .functor MUXZ 16, L_0x555580e15240, L_0x555580e15420, v0x555580bef060_0, C4<>;
L_0x555580e15660 .functor MUXZ 16, v0x555580bf6210_0, L_0x7fb902bb7060, v0x555580bf1690_0, C4<>;
L_0x555580e158b0 .functor MUXZ 16, L_0x555580e15660, L_0x555580e157f0, v0x555580bef130_0, C4<>;
L_0x555580e15a20 .arith/sum 16, L_0x555580e15500, L_0x555580e158b0;
L_0x555580e15bd0 .functor MUXZ 16, L_0x555580e15ac0, L_0x555580e15a20, v0x555580bee270_0, C4<>;
L_0x555580e15e60 .functor MUXZ 16, L_0x555580e15bd0, L_0x555580e15da0, v0x555580beefc0_0, C4<>;
L_0x555580e160b0 .cmp/eq 16, L_0x555580e15e60, L_0x7fb902bb70a8;
L_0x555580e16240 .part L_0x555580e15e60, 15, 1;
S_0x555580bf3590 .scope task, "check" "check" 3 36, 3 36 0, S_0x555580cee330;
 .timescale -12 -12;
TD_ALU_tb.check ;
    %delay 1, 0;
    %load/vec4 v0x555580bf5ef0_0;
    %load/vec4 v0x555580bf5fc0_0;
    %cmp/ne;
    %jmp/1 T_0.3, 4;
    %flag_mov 8, 4;
    %load/vec4 v0x555580bf1490_0;
    %load/vec4 v0x555580bf1530_0;
    %cmp/ne;
    %flag_or 4, 8;
T_0.3;
    %jmp/1 T_0.2, 4;
    %flag_mov 8, 4;
    %load/vec4 v0x555580beee80_0;
    %load/vec4 v0x555580beef20_0;
    %cmp/ne;
    %flag_or 4, 8;
T_0.2;
    %jmp/0xz  T_0.0, 4;
    %vpi_call/w 3 40 "$display", "FAIL: x=%16b, y=%16b, zx=%1b, nx=%1b, zy=%1b, ny=%1b, f=%1b, no=%1b, out=%16b, zr=%1b, ng=%1b", v0x555580bf6060_0, v0x555580bf6210_0, v0x555580bf15f0_0, v0x555580bef060_0, v0x555580bf1690_0, v0x555580bef130_0, v0x555580bee270_0, v0x555580beefc0_0, v0x555580bf5ef0_0, v0x555580bf1490_0, v0x555580beee80_0 {0 0 0};
    %pushi/vec4 1, 0, 1;
    %store/vec4 v0x555580bee310_0, 0, 1;
T_0.0 ;
    %end;
S_0x555580ce7550 .scope module, "Add16" "Add16" 5 8;
 .timescale -12 -12;
    .port_info 0 /INPUT 16 "a";
    .port_info 1 /INPUT 16 "b";
    .port_info 2 /OUTPUT 16 "out";
o0x7fb902f5cc18 .functor BUFZ 16, c4<zzzzzzzzzzzzzzzz>; HiZ drive
v0x555580bf1730_0 .net "a", 15 0, o0x7fb902f5cc18;  0 drivers
o0x7fb902f5cc48 .functor BUFZ 16, c4<zzzzzzzzzzzzzzzz>; HiZ drive
v0x555580bf1830_0 .net "b", 15 0, o0x7fb902f5cc48;  0 drivers
v0x555580bfd710_0 .net "out", 15 0, L_0x555580e17ab0;  1 drivers
L_0x555580e17ab0 .arith/sum 16, o0x7fb902f5cc18, o0x7fb902f5cc48;
S_0x555580d88bd0 .scope module, "And" "And" 6 8;
 .timescale -12 -12;
    .port_info 0 /INPUT 1 "a";
    .port_info 1 /INPUT 1 "b";
    .port_info 2 /OUTPUT 1 "out";
o0x7fb902f5cd38 .functor BUFZ 1, c4<z>; HiZ drive
o0x7fb902f5cd68 .functor BUFZ 1, c4<z>; HiZ drive
L_0x555580e176c0 .functor AND 1, o0x7fb902f5cd38, o0x7fb902f5cd68, C4<1>, C4<1>;
v0x555580bfd850_0 .net "a", 0 0, o0x7fb902f5cd38;  0 drivers
v0x555580bfd910_0 .net "b", 0 0, o0x7fb902f5cd68;  0 drivers
v0x555580bfd9d0_0 .net "out", 0 0, L_0x555580e176c0;  1 drivers
S_0x555580d89720 .scope module, "And16" "And16" 7 7;
 .timescale -12 -12;
    .port_info 0 /INPUT 16 "a";
    .port_info 1 /INPUT 16 "b";
    .port_info 2 /OUTPUT 16 "out";
L_0x555580e17c90 .functor AND 1, L_0x555580e17b50, L_0x555580e17bf0, C4<1>, C4<1>;
L_0x555580e17f60 .functor AND 1, L_0x555580e17d50, L_0x555580e17e40, C4<1>, C4<1>;
L_0x555580e181f0 .functor AND 1, L_0x555580e18070, L_0x555580e18110, C4<1>, C4<1>;
L_0x555580e185b0 .functor AND 1, L_0x555580e18300, L_0x555580e18430, C4<1>, C4<1>;
L_0x555580e187f0 .functor AND 1, L_0x555580e18650, L_0x555580e186f0, C4<1>, C4<1>;
L_0x555580e18a90 .functor AND 1, L_0x555580e188e0, L_0x555580e18980, C4<1>, C4<1>;
L_0x555580e18a20 .functor AND 1, L_0x555580e18c10, L_0x555580e18cb0, C4<1>, C4<1>;
L_0x555580e19150 .functor AND 1, L_0x555580e18e70, L_0x555580e18f10, C4<1>, C4<1>;
L_0x555580e194c0 .functor AND 1, L_0x555580e192e0, L_0x555580e19380, C4<1>, C4<1>;
L_0x555580e197f0 .functor AND 1, L_0x555580e19600, L_0x555580e196a0, C4<1>, C4<1>;
L_0x555580e19af0 .functor AND 1, L_0x555580e19420, L_0x555580e19990, C4<1>, C4<1>;
L_0x555580e19df0 .functor AND 1, L_0x555580e19be0, L_0x555580e19c80, C4<1>, C4<1>;
L_0x555580e1a1c0 .functor AND 1, L_0x555580e19fa0, L_0x555580e1a040, C4<1>, C4<1>;
L_0x555580e1a530 .functor AND 1, L_0x555580e1a300, L_0x555580e1a3a0, C4<1>, C4<1>;
L_0x555580e19f30 .functor AND 1, L_0x555580e1a6f0, L_0x555580e1a790, C4<1>, C4<1>;
L_0x555580e1b5c0 .functor AND 1, L_0x555580e1af50, L_0x555580e1b310, C4<1>, C4<1>;
v0x555580bfdb20_0 .net *"_ivl_101", 0 0, L_0x555580e1a040;  1 drivers
v0x555580c05750_0 .net *"_ivl_102", 0 0, L_0x555580e1a1c0;  1 drivers
v0x555580c05810_0 .net *"_ivl_107", 0 0, L_0x555580e1a300;  1 drivers
v0x555580c05900_0 .net *"_ivl_109", 0 0, L_0x555580e1a3a0;  1 drivers
v0x555580c059e0_0 .net *"_ivl_11", 0 0, L_0x555580e17d50;  1 drivers
v0x555580c05ac0_0 .net *"_ivl_110", 0 0, L_0x555580e1a530;  1 drivers
v0x555580ae1e70_0 .net *"_ivl_115", 0 0, L_0x555580e1a6f0;  1 drivers
v0x555580ae1f50_0 .net *"_ivl_117", 0 0, L_0x555580e1a790;  1 drivers
v0x555580ae2030_0 .net *"_ivl_118", 0 0, L_0x555580e19f30;  1 drivers
v0x555580ae2110_0 .net *"_ivl_124", 0 0, L_0x555580e1af50;  1 drivers
v0x555580ae21f0_0 .net *"_ivl_126", 0 0, L_0x555580e1b310;  1 drivers
v0x555580ade170_0 .net *"_ivl_127", 0 0, L_0x555580e1b5c0;  1 drivers
v0x555580ade250_0 .net *"_ivl_13", 0 0, L_0x555580e17e40;  1 drivers
v0x555580ade330_0 .net *"_ivl_14", 0 0, L_0x555580e17f60;  1 drivers
v0x555580ade410_0 .net *"_ivl_19", 0 0, L_0x555580e18070;  1 drivers
v0x555580ade4f0_0 .net *"_ivl_21", 0 0, L_0x555580e18110;  1 drivers
v0x555580a98a00_0 .net *"_ivl_22", 0 0, L_0x555580e181f0;  1 drivers
v0x555580a98ae0_0 .net *"_ivl_27", 0 0, L_0x555580e18300;  1 drivers
v0x555580a98bc0_0 .net *"_ivl_29", 0 0, L_0x555580e18430;  1 drivers
v0x555580a98ca0_0 .net *"_ivl_3", 0 0, L_0x555580e17b50;  1 drivers
v0x555580a98d80_0 .net *"_ivl_30", 0 0, L_0x555580e185b0;  1 drivers
v0x555580b94cf0_0 .net *"_ivl_35", 0 0, L_0x555580e18650;  1 drivers
v0x555580b94dd0_0 .net *"_ivl_37", 0 0, L_0x555580e186f0;  1 drivers
v0x555580b94eb0_0 .net *"_ivl_38", 0 0, L_0x555580e187f0;  1 drivers
v0x555580b94f90_0 .net *"_ivl_43", 0 0, L_0x555580e188e0;  1 drivers
v0x555580b95070_0 .net *"_ivl_45", 0 0, L_0x555580e18980;  1 drivers
v0x555580ba0a70_0 .net *"_ivl_46", 0 0, L_0x555580e18a90;  1 drivers
v0x555580ba0b50_0 .net *"_ivl_5", 0 0, L_0x555580e17bf0;  1 drivers
v0x555580ba0c30_0 .net *"_ivl_51", 0 0, L_0x555580e18c10;  1 drivers
v0x555580ba0d10_0 .net *"_ivl_53", 0 0, L_0x555580e18cb0;  1 drivers
v0x555580ba0df0_0 .net *"_ivl_54", 0 0, L_0x555580e18a20;  1 drivers
v0x555580bac000_0 .net *"_ivl_59", 0 0, L_0x555580e18e70;  1 drivers
v0x555580bac0e0_0 .net *"_ivl_6", 0 0, L_0x555580e17c90;  1 drivers
v0x555580bac3d0_0 .net *"_ivl_61", 0 0, L_0x555580e18f10;  1 drivers
v0x555580b07ee0_0 .net *"_ivl_62", 0 0, L_0x555580e19150;  1 drivers
v0x555580b07fa0_0 .net *"_ivl_67", 0 0, L_0x555580e192e0;  1 drivers
v0x555580b08080_0 .net *"_ivl_69", 0 0, L_0x555580e19380;  1 drivers
v0x555580b08160_0 .net *"_ivl_70", 0 0, L_0x555580e194c0;  1 drivers
v0x555580b08240_0 .net *"_ivl_75", 0 0, L_0x555580e19600;  1 drivers
v0x555580b366d0_0 .net *"_ivl_77", 0 0, L_0x555580e196a0;  1 drivers
v0x555580b367b0_0 .net *"_ivl_78", 0 0, L_0x555580e197f0;  1 drivers
v0x555580b36890_0 .net *"_ivl_83", 0 0, L_0x555580e19420;  1 drivers
v0x555580b36970_0 .net *"_ivl_85", 0 0, L_0x555580e19990;  1 drivers
v0x555580b36a50_0 .net *"_ivl_86", 0 0, L_0x555580e19af0;  1 drivers
v0x555580b4b0a0_0 .net *"_ivl_91", 0 0, L_0x555580e19be0;  1 drivers
v0x555580b4b180_0 .net *"_ivl_93", 0 0, L_0x555580e19c80;  1 drivers
v0x555580b4b260_0 .net *"_ivl_94", 0 0, L_0x555580e19df0;  1 drivers
v0x555580b4b340_0 .net *"_ivl_99", 0 0, L_0x555580e19fa0;  1 drivers
o0x7fb902f5d758 .functor BUFZ 16, c4<zzzzzzzzzzzzzzzz>; HiZ drive
v0x555580b4b420_0 .net "a", 15 0, o0x7fb902f5d758;  0 drivers
o0x7fb902f5d788 .functor BUFZ 16, c4<zzzzzzzzzzzzzzzz>; HiZ drive
v0x555580c199a0_0 .net "b", 15 0, o0x7fb902f5d788;  0 drivers
v0x555580c19a80_0 .net "out", 15 0, L_0x555580e1aa00;  1 drivers
L_0x555580e17b50 .part o0x7fb902f5d758, 0, 1;
L_0x555580e17bf0 .part o0x7fb902f5d788, 0, 1;
L_0x555580e17d50 .part o0x7fb902f5d758, 1, 1;
L_0x555580e17e40 .part o0x7fb902f5d788, 1, 1;
L_0x555580e18070 .part o0x7fb902f5d758, 2, 1;
L_0x555580e18110 .part o0x7fb902f5d788, 2, 1;
L_0x555580e18300 .part o0x7fb902f5d758, 3, 1;
L_0x555580e18430 .part o0x7fb902f5d788, 3, 1;
L_0x555580e18650 .part o0x7fb902f5d758, 4, 1;
L_0x555580e186f0 .part o0x7fb902f5d788, 4, 1;
L_0x555580e188e0 .part o0x7fb902f5d758, 5, 1;
L_0x555580e18980 .part o0x7fb902f5d788, 5, 1;
L_0x555580e18c10 .part o0x7fb902f5d758, 6, 1;
L_0x555580e18cb0 .part o0x7fb902f5d788, 6, 1;
L_0x555580e18e70 .part o0x7fb902f5d758, 7, 1;
L_0x555580e18f10 .part o0x7fb902f5d788, 7, 1;
L_0x555580e192e0 .part o0x7fb902f5d758, 8, 1;
L_0x555580e19380 .part o0x7fb902f5d788, 8, 1;
L_0x555580e19600 .part o0x7fb902f5d758, 9, 1;
L_0x555580e196a0 .part o0x7fb902f5d788, 9, 1;
L_0x555580e19420 .part o0x7fb902f5d758, 10, 1;
L_0x555580e19990 .part o0x7fb902f5d788, 10, 1;
L_0x555580e19be0 .part o0x7fb902f5d758, 11, 1;
L_0x555580e19c80 .part o0x7fb902f5d788, 11, 1;
L_0x555580e19fa0 .part o0x7fb902f5d758, 12, 1;
L_0x555580e1a040 .part o0x7fb902f5d788, 12, 1;
L_0x555580e1a300 .part o0x7fb902f5d758, 13, 1;
L_0x555580e1a3a0 .part o0x7fb902f5d788, 13, 1;
L_0x555580e1a6f0 .part o0x7fb902f5d758, 14, 1;
L_0x555580e1a790 .part o0x7fb902f5d788, 14, 1;
LS_0x555580e1aa00_0_0 .concat8 [ 1 1 1 1], L_0x555580e17c90, L_0x555580e17f60, L_0x555580e181f0, L_0x555580e185b0;
LS_0x555580e1aa00_0_4 .concat8 [ 1 1 1 1], L_0x555580e187f0, L_0x555580e18a90, L_0x555580e18a20, L_0x555580e19150;
LS_0x555580e1aa00_0_8 .concat8 [ 1 1 1 1], L_0x555580e194c0, L_0x555580e197f0, L_0x555580e19af0, L_0x555580e19df0;
LS_0x555580e1aa00_0_12 .concat8 [ 1 1 1 1], L_0x555580e1a1c0, L_0x555580e1a530, L_0x555580e19f30, L_0x555580e1b5c0;
L_0x555580e1aa00 .concat8 [ 4 4 4 4], LS_0x555580e1aa00_0_0, LS_0x555580e1aa00_0_4, LS_0x555580e1aa00_0_8, LS_0x555580e1aa00_0_12;
L_0x555580e1af50 .part o0x7fb902f5d758, 15, 1;
L_0x555580e1b310 .part o0x7fb902f5d788, 15, 1;
S_0x555580d8aab0 .scope module, "Buffer" "Buffer" 8 7;
 .timescale -12 -12;
    .port_info 0 /INPUT 1 "in";
    .port_info 1 /OUTPUT 1 "out";
o0x7fb902f5d878 .functor BUFZ 1, c4<z>; HiZ drive
L_0x555580e1b7b0 .functor BUFZ 1, o0x7fb902f5d878, C4<0>, C4<0>, C4<0>;
v0x555580c19be0_0 .net "in", 0 0, o0x7fb902f5d878;  0 drivers
v0x555580c19ca0_0 .net "out", 0 0, L_0x555580e1b7b0;  1 drivers
S_0x555580d9ed40 .scope module, "DMux8Way" "DMux8Way" 9 10;
 .timescale -12 -12;
    .port_info 0 /INPUT 1 "in";
    .port_info 1 /INPUT 3 "sel";
    .port_info 2 /OUTPUT 1 "a";
    .port_info 3 /OUTPUT 1 "b";
    .port_info 4 /OUTPUT 1 "c";
    .port_info 5 /OUTPUT 1 "d";
    .port_info 6 /OUTPUT 1 "e";
    .port_info 7 /OUTPUT 1 "f";
    .port_info 8 /OUTPUT 1 "g";
    .port_info 9 /OUTPUT 1 "h";
v0x555580ae2d30_0 .net "a", 0 0, L_0x555580e1c2b0;  1 drivers
v0x555580ae2df0_0 .net "b", 0 0, L_0x555580e1c3a0;  1 drivers
v0x555580ae2e90_0 .net "c", 0 0, L_0x555580e1c620;  1 drivers
v0x555580aed0f0_0 .net "ch1", 0 0, L_0x555580e1baf0;  1 drivers
v0x555580aed190_0 .net "ch2", 0 0, L_0x555580e1bc20;  1 drivers
v0x555580aed280_0 .net "ch3", 0 0, L_0x555580e1bdf0;  1 drivers
v0x555580aed320_0 .net "ch4", 0 0, L_0x555580e1bfb0;  1 drivers
v0x555580aed3c0_0 .net "d", 0 0, L_0x555580e1c760;  1 drivers
v0x555580aed460_0 .net "e", 0 0, L_0x555580e1c990;  1 drivers
v0x555580ae9f30_0 .net "f", 0 0, L_0x555580e1cad0;  1 drivers
v0x555580aea000_0 .net "g", 0 0, L_0x555580e1cd00;  1 drivers
v0x555580aea0d0_0 .net "h", 0 0, L_0x555580e1cdf0;  1 drivers
o0x7fb902f5d9f8 .functor BUFZ 1, c4<z>; HiZ drive
v0x555580aea1a0_0 .net "in", 0 0, o0x7fb902f5d9f8;  0 drivers
o0x7fb902f5e688 .functor BUFZ 3, c4<zzz>; HiZ drive
v0x555580aea240_0 .net "sel", 2 0, o0x7fb902f5e688;  0 drivers
L_0x555580e1c180 .part o0x7fb902f5e688, 1, 2;
L_0x555580e1c530 .part o0x7fb902f5e688, 0, 1;
L_0x555580e1c8f0 .part o0x7fb902f5e688, 0, 1;
L_0x555580e1cc60 .part o0x7fb902f5e688, 0, 1;
L_0x555580e1cf80 .part o0x7fb902f5e688, 0, 1;
S_0x555580b7eed0 .scope module, "d1" "DMux4Way" 9 34, 10 10 0, S_0x555580d9ed40;
 .timescale -12 -12;
    .port_info 0 /INPUT 1 "in";
    .port_info 1 /INPUT 2 "sel";
    .port_info 2 /OUTPUT 1 "a";
    .port_info 3 /OUTPUT 1 "b";
    .port_info 4 /OUTPUT 1 "c";
    .port_info 5 /OUTPUT 1 "d";
v0x555580b6f710_0 .net "a", 0 0, L_0x555580e1baf0;  alias, 1 drivers
v0x555580b6f7d0_0 .net "b", 0 0, L_0x555580e1bc20;  alias, 1 drivers
v0x555580b6b470_0 .net "c", 0 0, L_0x555580e1bdf0;  alias, 1 drivers
v0x555580b6b570_0 .net "ch1", 0 0, L_0x555580e1b820;  1 drivers
v0x555580b6b660_0 .net "ch2", 0 0, L_0x555580e1b910;  1 drivers
v0x555580b6b7a0_0 .net "d", 0 0, L_0x555580e1bfb0;  alias, 1 drivers
v0x555580b6b840_0 .net "in", 0 0, o0x7fb902f5d9f8;  alias, 0 drivers
v0x555580b6b8e0_0 .net "sel", 1 0, L_0x555580e1c180;  1 drivers
L_0x555580e1ba50 .part L_0x555580e1c180, 1, 1;
L_0x555580e1bd50 .part L_0x555580e1c180, 0, 1;
L_0x555580e1c0e0 .part L_0x555580e1c180, 0, 1;
S_0x555580b7f170 .scope module, "d1" "DMux" 10 26, 11 8 0, S_0x555580b7eed0;
 .timescale -12 -12;
    .port_info 0 /INPUT 1 "in";
    .port_info 1 /INPUT 1 "sel";
    .port_info 2 /OUTPUT 1 "a";
    .port_info 3 /OUTPUT 1 "b";
L_0x7fb902bb72a0 .functor BUFT 1, C4<0>, C4<0>, C4<0>, C4<0>;
v0x555580c19dc0_0 .net/2u *"_ivl_0", 0 0, L_0x7fb902bb72a0;  1 drivers
L_0x7fb902bb72e8 .functor BUFT 1, C4<0>, C4<0>, C4<0>, C4<0>;
v0x555580b7f320_0 .net/2u *"_ivl_4", 0 0, L_0x7fb902bb72e8;  1 drivers
v0x555580b63f30_0 .net "a", 0 0, L_0x555580e1b820;  alias, 1 drivers
v0x555580b64000_0 .net "b", 0 0, L_0x555580e1b910;  alias, 1 drivers
v0x555580b640c0_0 .net "in", 0 0, o0x7fb902f5d9f8;  alias, 0 drivers
v0x555580b64180_0 .net "sel", 0 0, L_0x555580e1ba50;  1 drivers
L_0x555580e1b820 .functor MUXZ 1, o0x7fb902f5d9f8, L_0x7fb902bb72a0, L_0x555580e1ba50, C4<>;
L_0x555580e1b910 .functor MUXZ 1, L_0x7fb902bb72e8, o0x7fb902f5d9f8, L_0x555580e1ba50, C4<>;
S_0x555580b60730 .scope module, "d2" "DMux" 10 27, 11 8 0, S_0x555580b7eed0;
 .timescale -12 -12;
    .port_info 0 /INPUT 1 "in";
    .port_info 1 /INPUT 1 "sel";
    .port_info 2 /OUTPUT 1 "a";
    .port_info 3 /OUTPUT 1 "b";
L_0x7fb902bb7330 .functor BUFT 1, C4<0>, C4<0>, C4<0>, C4<0>;
v0x555580b60930_0 .net/2u *"_ivl_0", 0 0, L_0x7fb902bb7330;  1 drivers
L_0x7fb902bb7378 .functor BUFT 1, C4<0>, C4<0>, C4<0>, C4<0>;
v0x555580b60a10_0 .net/2u *"_ivl_4", 0 0, L_0x7fb902bb7378;  1 drivers
v0x555580b60af0_0 .net "a", 0 0, L_0x555580e1baf0;  alias, 1 drivers
v0x555580b642c0_0 .net "b", 0 0, L_0x555580e1bc20;  alias, 1 drivers
v0x555580b64380_0 .net "in", 0 0, L_0x555580e1b820;  alias, 1 drivers
v0x555580b676c0_0 .net "sel", 0 0, L_0x555580e1bd50;  1 drivers
L_0x555580e1baf0 .functor MUXZ 1, L_0x555580e1b820, L_0x7fb902bb7330, L_0x555580e1bd50, C4<>;
L_0x555580e1bc20 .functor MUXZ 1, L_0x7fb902bb7378, L_0x555580e1b820, L_0x555580e1bd50, C4<>;
S_0x555580b677d0 .scope module, "d3" "DMux" 10 28, 11 8 0, S_0x555580b7eed0;
 .timescale -12 -12;
    .port_info 0 /INPUT 1 "in";
    .port_info 1 /INPUT 1 "sel";
    .port_info 2 /OUTPUT 1 "a";
    .port_info 3 /OUTPUT 1 "b";
L_0x7fb902bb73c0 .functor BUFT 1, C4<0>, C4<0>, C4<0>, C4<0>;
v0x555580b679e0_0 .net/2u *"_ivl_0", 0 0, L_0x7fb902bb73c0;  1 drivers
L_0x7fb902bb7408 .functor BUFT 1, C4<0>, C4<0>, C4<0>, C4<0>;
v0x555580b67ac0_0 .net/2u *"_ivl_4", 0 0, L_0x7fb902bb7408;  1 drivers
v0x555580b6f370_0 .net "a", 0 0, L_0x555580e1bdf0;  alias, 1 drivers
v0x555580b6f410_0 .net "b", 0 0, L_0x555580e1bfb0;  alias, 1 drivers
v0x555580b6f4d0_0 .net "in", 0 0, L_0x555580e1b910;  alias, 1 drivers
v0x555580b6f5c0_0 .net "sel", 0 0, L_0x555580e1c0e0;  1 drivers
L_0x555580e1bdf0 .functor MUXZ 1, L_0x555580e1b910, L_0x7fb902bb73c0, L_0x555580e1c0e0, C4<>;
L_0x555580e1bfb0 .functor MUXZ 1, L_0x7fb902bb7408, L_0x555580e1b910, L_0x555580e1c0e0, C4<>;
S_0x555580b7e230 .scope module, "d2" "DMux" 9 35, 11 8 0, S_0x555580d9ed40;
 .timescale -12 -12;
    .port_info 0 /INPUT 1 "in";
    .port_info 1 /INPUT 1 "sel";
    .port_info 2 /OUTPUT 1 "a";
    .port_info 3 /OUTPUT 1 "b";
L_0x7fb902bb7450 .functor BUFT 1, C4<0>, C4<0>, C4<0>, C4<0>;
v0x555580b7e4c0_0 .net/2u *"_ivl_0", 0 0, L_0x7fb902bb7450;  1 drivers
L_0x7fb902bb7498 .functor BUFT 1, C4<0>, C4<0>, C4<0>, C4<0>;
v0x555580b7e5a0_0 .net/2u *"_ivl_4", 0 0, L_0x7fb902bb7498;  1 drivers
v0x555580b7e680_0 .net "a", 0 0, L_0x555580e1c2b0;  alias, 1 drivers
v0x555580b80c70_0 .net "b", 0 0, L_0x555580e1c3a0;  alias, 1 drivers
v0x555580b80d10_0 .net "in", 0 0, L_0x555580e1baf0;  alias, 1 drivers
v0x555580b80e50_0 .net "sel", 0 0, L_0x555580e1c530;  1 drivers
L_0x555580e1c2b0 .functor MUXZ 1, L_0x555580e1baf0, L_0x7fb902bb7450, L_0x555580e1c530, C4<>;
L_0x555580e1c3a0 .functor MUXZ 1, L_0x7fb902bb7498, L_0x555580e1baf0, L_0x555580e1c530, C4<>;
S_0x555580b80f90 .scope module, "d3" "DMux" 9 36, 11 8 0, S_0x555580d9ed40;
 .timescale -12 -12;
    .port_info 0 /INPUT 1 "in";
    .port_info 1 /INPUT 1 "sel";
    .port_info 2 /OUTPUT 1 "a";
    .port_info 3 /OUTPUT 1 "b";
L_0x7fb902bb74e0 .functor BUFT 1, C4<0>, C4<0>, C4<0>, C4<0>;
v0x555580b90c20_0 .net/2u *"_ivl_0", 0 0, L_0x7fb902bb74e0;  1 drivers
L_0x7fb902bb7528 .functor BUFT 1, C4<0>, C4<0>, C4<0>, C4<0>;
v0x555580b90d00_0 .net/2u *"_ivl_4", 0 0, L_0x7fb902bb7528;  1 drivers
v0x555580b90de0_0 .net "a", 0 0, L_0x555580e1c620;  alias, 1 drivers
v0x555580b90eb0_0 .net "b", 0 0, L_0x555580e1c760;  alias, 1 drivers
v0x555580b90f70_0 .net "in", 0 0, L_0x555580e1bc20;  alias, 1 drivers
v0x555580b83460_0 .net "sel", 0 0, L_0x555580e1c8f0;  1 drivers
L_0x555580e1c620 .functor MUXZ 1, L_0x555580e1bc20, L_0x7fb902bb74e0, L_0x555580e1c8f0, C4<>;
L_0x555580e1c760 .functor MUXZ 1, L_0x7fb902bb7528, L_0x555580e1bc20, L_0x555580e1c8f0, C4<>;
S_0x555580b83580 .scope module, "d4" "DMux" 9 37, 11 8 0, S_0x555580d9ed40;
 .timescale -12 -12;
    .port_info 0 /INPUT 1 "in";
    .port_info 1 /INPUT 1 "sel";
    .port_info 2 /OUTPUT 1 "a";
    .port_info 3 /OUTPUT 1 "b";
L_0x7fb902bb7570 .functor BUFT 1, C4<0>, C4<0>, C4<0>, C4<0>;
v0x555580b837f0_0 .net/2u *"_ivl_0", 0 0, L_0x7fb902bb7570;  1 drivers
L_0x7fb902bb75b8 .functor BUFT 1, C4<0>, C4<0>, C4<0>, C4<0>;
v0x555580b7bb60_0 .net/2u *"_ivl_4", 0 0, L_0x7fb902bb75b8;  1 drivers
v0x555580b7bc40_0 .net "a", 0 0, L_0x555580e1c990;  alias, 1 drivers
v0x555580b7bce0_0 .net "b", 0 0, L_0x555580e1cad0;  alias, 1 drivers
v0x555580b7bda0_0 .net "in", 0 0, L_0x555580e1bdf0;  alias, 1 drivers
v0x555580b7bee0_0 .net "sel", 0 0, L_0x555580e1cc60;  1 drivers
L_0x555580e1c990 .functor MUXZ 1, L_0x555580e1bdf0, L_0x7fb902bb7570, L_0x555580e1cc60, C4<>;
L_0x555580e1cad0 .functor MUXZ 1, L_0x7fb902bb75b8, L_0x555580e1bdf0, L_0x555580e1cc60, C4<>;
S_0x555580b89420 .scope module, "d5" "DMux" 9 38, 11 8 0, S_0x555580d9ed40;
 .timescale -12 -12;
    .port_info 0 /INPUT 1 "in";
    .port_info 1 /INPUT 1 "sel";
    .port_info 2 /OUTPUT 1 "a";
    .port_info 3 /OUTPUT 1 "b";
L_0x7fb902bb7600 .functor BUFT 1, C4<0>, C4<0>, C4<0>, C4<0>;
v0x555580b89690_0 .net/2u *"_ivl_0", 0 0, L_0x7fb902bb7600;  1 drivers
L_0x7fb902bb7648 .functor BUFT 1, C4<0>, C4<0>, C4<0>, C4<0>;
v0x555580b89790_0 .net/2u *"_ivl_4", 0 0, L_0x7fb902bb7648;  1 drivers
v0x555580b89870_0 .net "a", 0 0, L_0x555580e1cd00;  alias, 1 drivers
v0x555580ae2a10_0 .net "b", 0 0, L_0x555580e1cdf0;  alias, 1 drivers
v0x555580ae2ab0_0 .net "in", 0 0, L_0x555580e1bfb0;  alias, 1 drivers
v0x555580ae2bf0_0 .net "sel", 0 0, L_0x555580e1cf80;  1 drivers
L_0x555580e1cd00 .functor MUXZ 1, L_0x555580e1bfb0, L_0x7fb902bb7600, L_0x555580e1cf80, C4<>;
L_0x555580e1cdf0 .functor MUXZ 1, L_0x7fb902bb7648, L_0x555580e1bfb0, L_0x555580e1cf80, C4<>;
S_0x555580d9e950 .scope module, "FullAdder" "FullAdder" 12 6;
 .timescale -12 -12;
    .port_info 0 /INPUT 1 "a";
    .port_info 1 /INPUT 1 "b";
    .port_info 2 /INPUT 1 "c";
    .port_info 3 /OUTPUT 1 "sum";
    .port_info 4 /OUTPUT 1 "carry";
o0x7fb902f5e988 .functor BUFZ 1, c4<z>; HiZ drive
o0x7fb902f5e9b8 .functor BUFZ 1, c4<z>; HiZ drive
L_0x555580e1d020 .functor XOR 1, o0x7fb902f5e988, o0x7fb902f5e9b8, C4<0>, C4<0>;
o0x7fb902f5e9e8 .functor BUFZ 1, c4<z>; HiZ drive
L_0x555580e1d090 .functor XOR 1, L_0x555580e1d020, o0x7fb902f5e9e8, C4<0>, C4<0>;
L_0x555580e1d150 .functor AND 1, o0x7fb902f5e988, o0x7fb902f5e9b8, C4<1>, C4<1>;
L_0x555580e1d260 .functor AND 1, o0x7fb902f5e9b8, o0x7fb902f5e9e8, C4<1>, C4<1>;
L_0x555580e1d320 .functor OR 1, L_0x555580e1d150, L_0x555580e1d260, C4<0>, C4<0>;
L_0x555580e1d430 .functor AND 1, o0x7fb902f5e9e8, o0x7fb902f5e988, C4<1>, C4<1>;
L_0x555580e1d4e0 .functor OR 1, L_0x555580e1d320, L_0x555580e1d430, C4<0>, C4<0>;
v0x555580aea340_0 .net *"_ivl_0", 0 0, L_0x555580e1d020;  1 drivers
v0x555580aee960_0 .net *"_ivl_10", 0 0, L_0x555580e1d430;  1 drivers
v0x555580aeea40_0 .net *"_ivl_4", 0 0, L_0x555580e1d150;  1 drivers
v0x555580aeeb00_0 .net *"_ivl_6", 0 0, L_0x555580e1d260;  1 drivers
v0x555580aeebe0_0 .net *"_ivl_8", 0 0, L_0x555580e1d320;  1 drivers
v0x555580aeed10_0 .net "a", 0 0, o0x7fb902f5e988;  0 drivers
v0x555580aeedd0_0 .net "b", 0 0, o0x7fb902f5e9b8;  0 drivers
v0x555580aeb7a0_0 .net "c", 0 0, o0x7fb902f5e9e8;  0 drivers
v0x555580aeb840_0 .net "carry", 0 0, L_0x555580e1d4e0;  1 drivers
v0x555580aeb990_0 .net "sum", 0 0, L_0x555580e1d090;  1 drivers
S_0x555580d8d1e0 .scope module, "HalfAdder" "HalfAdder" 13 6;
 .timescale -12 -12;
    .port_info 0 /INPUT 1 "a";
    .port_info 1 /INPUT 1 "b";
    .port_info 2 /OUTPUT 1 "sum";
    .port_info 3 /OUTPUT 1 "carry";
o0x7fb902f5eb68 .functor BUFZ 1, c4<z>; HiZ drive
o0x7fb902f5eb98 .functor BUFZ 1, c4<z>; HiZ drive
L_0x555580e1d5f0 .functor XOR 1, o0x7fb902f5eb68, o0x7fb902f5eb98, C4<0>, C4<0>;
L_0x555580e1d660 .functor AND 1, o0x7fb902f5eb68, o0x7fb902f5eb98, C4<1>, C4<1>;
v0x555580aebaf0_0 .net "a", 0 0, o0x7fb902f5eb68;  0 drivers
v0x555580aebbd0_0 .net "b", 0 0, o0x7fb902f5eb98;  0 drivers
v0x555580afd610_0 .net "carry", 0 0, L_0x555580e1d660;  1 drivers
v0x555580afd6b0_0 .net "sum", 0 0, L_0x555580e1d5f0;  1 drivers
S_0x555580d8cdf0 .scope module, "ICESTORM_LC" "ICESTORM_LC" 14 2136;
 .timescale -12 -12;
    .port_info 0 /INPUT 1 "I0";
    .port_info 1 /INPUT 1 "I1";
    .port_info 2 /INPUT 1 "I2";
    .port_info 3 /INPUT 1 "I3";
    .port_info 4 /INPUT 1 "CIN";
    .port_info 5 /INPUT 1 "CLK";
    .port_info 6 /INPUT 1 "CEN";
    .port_info 7 /INPUT 1 "SR";
    .port_info 8 /OUTPUT 1 "LO";
    .port_info 9 /OUTPUT 1 "O";
    .port_info 10 /OUTPUT 1 "COUT";
P_0x555580d86070 .param/l "ASYNC_SR" 0 14 2148, C4<0>;
P_0x555580d860b0 .param/l "CARRY_ENABLE" 0 14 2145, C4<0>;
P_0x555580d860f0 .param/l "CIN_CONST" 0 14 2150, C4<0>;
P_0x555580d86130 .param/l "CIN_SET" 0 14 2151, C4<0>;
P_0x555580d86170 .param/l "DFF_ENABLE" 0 14 2146, C4<0>;
P_0x555580d861b0 .param/l "LUT_INIT" 0 14 2142, C4<0000000000000000>;
P_0x555580d861f0 .param/l "NEG_CLK" 0 14 2144, C4<0>;
P_0x555580d86230 .param/l "SET_NORESET" 0 14 2147, C4<0>;
o0x7fb902f5ed48 .functor BUFZ 1, c4<z>; HiZ drive
L_0x555580e1e5a0 .functor BUFZ 1, o0x7fb902f5ed48, C4<0>, C4<0>, C4<0>;
L_0x555580e1e440 .functor BUFZ 1, L_0x555580e1f0b0, C4<0>, C4<0>, C4<0>;
o0x7fb902f5ed78 .functor BUFZ 1, c4<z>; HiZ drive
L_0x7fb902bb7918 .functor BUFT 1, C4<0>, C4<0>, C4<0>, C4<0>;
L_0x555580e1f560 .functor XOR 1, o0x7fb902f5ed78, L_0x7fb902bb7918, C4<0>, C4<0>;
L_0x555580e1f620 .functor BUFZ 1, L_0x555580e1f0b0, C4<0>, C4<0>, C4<0>;
o0x7fb902f5ece8 .functor BUFZ 1, c4<z>; HiZ drive
v0x555580afd880_0 .net "CEN", 0 0, o0x7fb902f5ece8;  0 drivers
v0x555580afd960_0 .net "CEN_pu", 0 0, L_0x555580e1e3a0;  1 drivers
v0x555580afda20_0 .net "CIN", 0 0, o0x7fb902f5ed48;  0 drivers
v0x555580afdac0_0 .net "CLK", 0 0, o0x7fb902f5ed78;  0 drivers
L_0x7fb902bb7840 .functor BUFT 1, C4<x>, C4<0>, C4<0>, C4<0>;
v0x555580afa450_0 .net "COUT", 0 0, L_0x7fb902bb7840;  1 drivers
o0x7fb902f5edd8 .functor BUFZ 1, c4<z>; HiZ drive
v0x555580afa510_0 .net "I0", 0 0, o0x7fb902f5edd8;  0 drivers
v0x555580afa5d0_0 .net "I0_pd", 0 0, L_0x555580e1d810;  1 drivers
o0x7fb902f5ee38 .functor BUFZ 1, c4<z>; HiZ drive
v0x555580afa690_0 .net "I1", 0 0, o0x7fb902f5ee38;  0 drivers
v0x555580afa750_0 .net "I1_pd", 0 0, L_0x555580e1da40;  1 drivers
o0x7fb902f5ee98 .functor BUFZ 1, c4<z>; HiZ drive
v0x555580afa8a0_0 .net "I2", 0 0, o0x7fb902f5ee98;  0 drivers
v0x555580afee80_0 .net "I2_pd", 0 0, L_0x555580e1dc70;  1 drivers
o0x7fb902f5eef8 .functor BUFZ 1, c4<z>; HiZ drive
v0x555580afef40_0 .net "I3", 0 0, o0x7fb902f5eef8;  0 drivers
v0x555580aff000_0 .net "I3_pd", 0 0, L_0x555580e1dee0;  1 drivers
v0x555580aff0c0_0 .net "LO", 0 0, L_0x555580e1e440;  1 drivers
v0x555580aff180_0 .net "O", 0 0, L_0x555580e1f620;  1 drivers
o0x7fb902f5efb8 .functor BUFZ 1, c4<z>; HiZ drive
v0x555580aff240_0 .net "SR", 0 0, o0x7fb902f5efb8;  0 drivers
v0x555580aff300_0 .net "SR_pd", 0 0, L_0x555580e1e160;  1 drivers
o0x7fb902f5f018 .functor BUFZ 1, c4<z>; HiZ drive
; Elide local net with no drivers, v0x555580afbcc0_0 name=_ivl_0
v0x555580afbda0_0 .net *"_ivl_10", 0 0, L_0x555580e1d9a0;  1 drivers
L_0x7fb902bb76d8 .functor BUFT 1, C4<0>, C4<0>, C4<0>, C4<0>;
v0x555580afbe60_0 .net/2u *"_ivl_12", 0 0, L_0x7fb902bb76d8;  1 drivers
o0x7fb902f5f0a8 .functor BUFZ 1, c4<z>; HiZ drive
; Elide local net with no drivers, v0x555580afbf40_0 name=_ivl_16
v0x555580afc020_0 .net *"_ivl_18", 0 0, L_0x555580e1dbd0;  1 drivers
v0x555580afc0e0_0 .net *"_ivl_2", 0 0, L_0x555580e1d770;  1 drivers
L_0x7fb902bb7720 .functor BUFT 1, C4<0>, C4<0>, C4<0>, C4<0>;
v0x555580b04370_0 .net/2u *"_ivl_20", 0 0, L_0x7fb902bb7720;  1 drivers
o0x7fb902f5f168 .functor BUFZ 1, c4<z>; HiZ drive
; Elide local net with no drivers, v0x555580b04450_0 name=_ivl_24
v0x555580b04530_0 .net *"_ivl_26", 0 0, L_0x555580e1de40;  1 drivers
L_0x7fb902bb7768 .functor BUFT 1, C4<0>, C4<0>, C4<0>, C4<0>;
v0x555580b045f0_0 .net/2u *"_ivl_28", 0 0, L_0x7fb902bb7768;  1 drivers
o0x7fb902f5f1f8 .functor BUFZ 1, c4<z>; HiZ drive
; Elide local net with no drivers, v0x555580b046d0_0 name=_ivl_32
v0x555580b047b0_0 .net *"_ivl_34", 0 0, L_0x555580e1e0c0;  1 drivers
L_0x7fb902bb77b0 .functor BUFT 1, C4<0>, C4<0>, C4<0>, C4<0>;
v0x555580b007d0_0 .net/2u *"_ivl_36", 0 0, L_0x7fb902bb77b0;  1 drivers
L_0x7fb902bb7690 .functor BUFT 1, C4<0>, C4<0>, C4<0>, C4<0>;
v0x555580b008b0_0 .net/2u *"_ivl_4", 0 0, L_0x7fb902bb7690;  1 drivers
o0x7fb902f5f2b8 .functor BUFZ 1, c4<z>; HiZ drive
; Elide local net with no drivers, v0x555580b00990_0 name=_ivl_40
v0x555580b00a70_0 .net *"_ivl_42", 0 0, L_0x555580e1e300;  1 drivers
L_0x7fb902bb77f8 .functor BUFT 1, C4<1>, C4<0>, C4<0>, C4<0>;
v0x555580b06260_0 .net/2u *"_ivl_44", 0 0, L_0x7fb902bb77f8;  1 drivers
L_0x7fb902bb7888 .functor BUFT 1, C4<00000000>, C4<0>, C4<0>, C4<0>;
v0x555580b06320_0 .net/2u *"_ivl_52", 7 0, L_0x7fb902bb7888;  1 drivers
L_0x7fb902bb78d0 .functor BUFT 1, C4<00000000>, C4<0>, C4<0>, C4<0>;
v0x555580b06400_0 .net/2u *"_ivl_54", 7 0, L_0x7fb902bb78d0;  1 drivers
v0x555580b064e0_0 .net *"_ivl_59", 3 0, L_0x555580e1e7a0;  1 drivers
v0x555580b065c0_0 .net *"_ivl_61", 3 0, L_0x555580e1e890;  1 drivers
v0x555580b066a0_0 .net *"_ivl_65", 1 0, L_0x555580e1eb50;  1 drivers
v0x555580b026c0_0 .net *"_ivl_67", 1 0, L_0x555580e1ec40;  1 drivers
v0x555580b027a0_0 .net *"_ivl_71", 0 0, L_0x555580e1ef10;  1 drivers
v0x555580b02880_0 .net *"_ivl_73", 0 0, L_0x555580e1ece0;  1 drivers
v0x555580b02960_0 .net/2u *"_ivl_78", 0 0, L_0x7fb902bb7918;  1 drivers
o0x7fb902f5f4f8 .functor BUFZ 1, c4<z>; HiZ drive
; Elide local net with no drivers, v0x555580b02a40_0 name=_ivl_8
v0x555580b02b20_0 .net "lut_o", 0 0, L_0x555580e1f0b0;  1 drivers
v0x555580af8d90_0 .net "lut_s1", 1 0, L_0x555580e1ed80;  1 drivers
v0x555580af8e70_0 .net "lut_s2", 3 0, L_0x555580e1e930;  1 drivers
v0x555580af8f50_0 .net "lut_s3", 7 0, L_0x555580e1e610;  1 drivers
v0x555580af9030_0 .net "mux_cin", 0 0, L_0x555580e1e5a0;  1 drivers
v0x555580af90f0_0 .var "o_reg", 0 0;
v0x555580af91b0_0 .var "o_reg_async", 0 0;
v0x555580af7a40_0 .net "polarized_clk", 0 0, L_0x555580e1f560;  1 drivers
E_0x555580b7f060 .event posedge, v0x555580aff300_0, v0x555580af7a40_0;
E_0x555580aea440 .event posedge, v0x555580af7a40_0;
L_0x555580e1d770 .cmp/eeq 1, o0x7fb902f5edd8, o0x7fb902f5f018;
L_0x555580e1d810 .functor MUXZ 1, o0x7fb902f5edd8, L_0x7fb902bb7690, L_0x555580e1d770, C4<>;
L_0x555580e1d9a0 .cmp/eeq 1, o0x7fb902f5ee38, o0x7fb902f5f4f8;
L_0x555580e1da40 .functor MUXZ 1, o0x7fb902f5ee38, L_0x7fb902bb76d8, L_0x555580e1d9a0, C4<>;
L_0x555580e1dbd0 .cmp/eeq 1, o0x7fb902f5ee98, o0x7fb902f5f0a8;
L_0x555580e1dc70 .functor MUXZ 1, o0x7fb902f5ee98, L_0x7fb902bb7720, L_0x555580e1dbd0, C4<>;
L_0x555580e1de40 .cmp/eeq 1, o0x7fb902f5eef8, o0x7fb902f5f168;
L_0x555580e1dee0 .functor MUXZ 1, o0x7fb902f5eef8, L_0x7fb902bb7768, L_0x555580e1de40, C4<>;
L_0x555580e1e0c0 .cmp/eeq 1, o0x7fb902f5efb8, o0x7fb902f5f1f8;
L_0x555580e1e160 .functor MUXZ 1, o0x7fb902f5efb8, L_0x7fb902bb77b0, L_0x555580e1e0c0, C4<>;
L_0x555580e1e300 .cmp/eeq 1, o0x7fb902f5ece8, o0x7fb902f5f2b8;
L_0x555580e1e3a0 .functor MUXZ 1, o0x7fb902f5ece8, L_0x7fb902bb77f8, L_0x555580e1e300, C4<>;
L_0x555580e1e610 .functor MUXZ 8, L_0x7fb902bb78d0, L_0x7fb902bb7888, L_0x555580e1dee0, C4<>;
L_0x555580e1e7a0 .part L_0x555580e1e610, 4, 4;
L_0x555580e1e890 .part L_0x555580e1e610, 0, 4;
L_0x555580e1e930 .functor MUXZ 4, L_0x555580e1e890, L_0x555580e1e7a0, L_0x555580e1dc70, C4<>;
L_0x555580e1eb50 .part L_0x555580e1e930, 2, 2;
L_0x555580e1ec40 .part L_0x555580e1e930, 0, 2;
L_0x555580e1ed80 .functor MUXZ 2, L_0x555580e1ec40, L_0x555580e1eb50, L_0x555580e1da40, C4<>;
L_0x555580e1ef10 .part L_0x555580e1ed80, 1, 1;
L_0x555580e1ece0 .part L_0x555580e1ed80, 0, 1;
L_0x555580e1f0b0 .functor MUXZ 1, L_0x555580e1ece0, L_0x555580e1ef10, L_0x555580e1d810, C4<>;
S_0x555580d8c620 .scope module, "ICESTORM_RAM" "ICESTORM_RAM" 14 3167;
 .timescale -12 -12;
    .port_info 0 /OUTPUT 1 "RDATA_15";
    .port_info 1 /OUTPUT 1 "RDATA_14";
    .port_info 2 /OUTPUT 1 "RDATA_13";
    .port_info 3 /OUTPUT 1 "RDATA_12";
    .port_info 4 /OUTPUT 1 "RDATA_11";
    .port_info 5 /OUTPUT 1 "RDATA_10";
    .port_info 6 /OUTPUT 1 "RDATA_9";
    .port_info 7 /OUTPUT 1 "RDATA_8";
    .port_info 8 /OUTPUT 1 "RDATA_7";
    .port_info 9 /OUTPUT 1 "RDATA_6";
    .port_info 10 /OUTPUT 1 "RDATA_5";
    .port_info 11 /OUTPUT 1 "RDATA_4";
    .port_info 12 /OUTPUT 1 "RDATA_3";
    .port_info 13 /OUTPUT 1 "RDATA_2";
    .port_info 14 /OUTPUT 1 "RDATA_1";
    .port_info 15 /OUTPUT 1 "RDATA_0";
    .port_info 16 /INPUT 1 "RCLK";
    .port_info 17 /INPUT 1 "RCLKE";
    .port_info 18 /INPUT 1 "RE";
    .port_info 19 /INPUT 1 "RADDR_10";
    .port_info 20 /INPUT 1 "RADDR_9";
    .port_info 21 /INPUT 1 "RADDR_8";
    .port_info 22 /INPUT 1 "RADDR_7";
    .port_info 23 /INPUT 1 "RADDR_6";
    .port_info 24 /INPUT 1 "RADDR_5";
    .port_info 25 /INPUT 1 "RADDR_4";
    .port_info 26 /INPUT 1 "RADDR_3";
    .port_info 27 /INPUT 1 "RADDR_2";
    .port_info 28 /INPUT 1 "RADDR_1";
    .port_info 29 /INPUT 1 "RADDR_0";
    .port_info 30 /INPUT 1 "WCLK";
    .port_info 31 /INPUT 1 "WCLKE";
    .port_info 32 /INPUT 1 "WE";
    .port_info 33 /INPUT 1 "WADDR_10";
    .port_info 34 /INPUT 1 "WADDR_9";
    .port_info 35 /INPUT 1 "WADDR_8";
    .port_info 36 /INPUT 1 "WADDR_7";
    .port_info 37 /INPUT 1 "WADDR_6";
    .port_info 38 /INPUT 1 "WADDR_5";
    .port_info 39 /INPUT 1 "WADDR_4";
    .port_info 40 /INPUT 1 "WADDR_3";
    .port_info 41 /INPUT 1 "WADDR_2";
    .port_info 42 /INPUT 1 "WADDR_1";
    .port_info 43 /INPUT 1 "WADDR_0";
    .port_info 44 /INPUT 1 "MASK_15";
    .port_info 45 /INPUT 1 "MASK_14";
    .port_info 46 /INPUT 1 "MASK_13";
    .port_info 47 /INPUT 1 "MASK_12";
    .port_info 48 /INPUT 1 "MASK_11";
    .port_info 49 /INPUT 1 "MASK_10";
    .port_info 50 /INPUT 1 "MASK_9";
    .port_info 51 /INPUT 1 "MASK_8";
    .port_info 52 /INPUT 1 "MASK_7";
    .port_info 53 /INPUT 1 "MASK_6";
    .port_info 54 /INPUT 1 "MASK_5";
    .port_info 55 /INPUT 1 "MASK_4";
    .port_info 56 /INPUT 1 "MASK_3";
    .port_info 57 /INPUT 1 "MASK_2";
    .port_info 58 /INPUT 1 "MASK_1";
    .port_info 59 /INPUT 1 "MASK_0";
    .port_info 60 /INPUT 1 "WDATA_15";
    .port_info 61 /INPUT 1 "WDATA_14";
    .port_info 62 /INPUT 1 "WDATA_13";
    .port_info 63 /INPUT 1 "WDATA_12";
    .port_info 64 /INPUT 1 "WDATA_11";
    .port_info 65 /INPUT 1 "WDATA_10";
    .port_info 66 /INPUT 1 "WDATA_9";
    .port_info 67 /INPUT 1 "WDATA_8";
    .port_info 68 /INPUT 1 "WDATA_7";
    .port_info 69 /INPUT 1 "WDATA_6";
    .port_info 70 /INPUT 1 "WDATA_5";
    .port_info 71 /INPUT 1 "WDATA_4";
    .port_info 72 /INPUT 1 "WDATA_3";
    .port_info 73 /INPUT 1 "WDATA_2";
    .port_info 74 /INPUT 1 "WDATA_1";
    .port_info 75 /INPUT 1 "WDATA_0";
P_0x555580ae6100 .param/l "INIT_0" 0 14 3182, C4<0000000000000000000000000000000000000000000000000000000000000000000000000000000000000000000000000000000000000000000000000000000000000000000000000000000000000000000000000000000000000000000000000000000000000000000000000000000000000000000000000000000000000000>;
P_0x555580ae6140 .param/l "INIT_1" 0 14 3183, C4<0000000000000000000000000000000000000000000000000000000000000000000000000000000000000000000000000000000000000000000000000000000000000000000000000000000000000000000000000000000000000000000000000000000000000000000000000000000000000000000000000000000000000000>;
P_0x555580ae6180 .param/l "INIT_2" 0 14 3184, C4<0000000000000000000000000000000000000000000000000000000000000000000000000000000000000000000000000000000000000000000000000000000000000000000000000000000000000000000000000000000000000000000000000000000000000000000000000000000000000000000000000000000000000000>;
P_0x555580ae61c0 .param/l "INIT_3" 0 14 3185, C4<0000000000000000000000000000000000000000000000000000000000000000000000000000000000000000000000000000000000000000000000000000000000000000000000000000000000000000000000000000000000000000000000000000000000000000000000000000000000000000000000000000000000000000>;
P_0x555580ae6200 .param/l "INIT_4" 0 14 3186, C4<0000000000000000000000000000000000000000000000000000000000000000000000000000000000000000000000000000000000000000000000000000000000000000000000000000000000000000000000000000000000000000000000000000000000000000000000000000000000000000000000000000000000000000>;
P_0x555580ae6240 .param/l "INIT_5" 0 14 3187, C4<0000000000000000000000000000000000000000000000000000000000000000000000000000000000000000000000000000000000000000000000000000000000000000000000000000000000000000000000000000000000000000000000000000000000000000000000000000000000000000000000000000000000000000>;
P_0x555580ae6280 .param/l "INIT_6" 0 14 3188, C4<0000000000000000000000000000000000000000000000000000000000000000000000000000000000000000000000000000000000000000000000000000000000000000000000000000000000000000000000000000000000000000000000000000000000000000000000000000000000000000000000000000000000000000>;
P_0x555580ae62c0 .param/l "INIT_7" 0 14 3189, C4<0000000000000000000000000000000000000000000000000000000000000000000000000000000000000000000000000000000000000000000000000000000000000000000000000000000000000000000000000000000000000000000000000000000000000000000000000000000000000000000000000000000000000000>;
P_0x555580ae6300 .param/l "INIT_8" 0 14 3190, C4<0000000000000000000000000000000000000000000000000000000000000000000000000000000000000000000000000000000000000000000000000000000000000000000000000000000000000000000000000000000000000000000000000000000000000000000000000000000000000000000000000000000000000000>;
P_0x555580ae6340 .param/l "INIT_9" 0 14 3191, C4<0000000000000000000000000000000000000000000000000000000000000000000000000000000000000000000000000000000000000000000000000000000000000000000000000000000000000000000000000000000000000000000000000000000000000000000000000000000000000000000000000000000000000000>;
P_0x555580ae6380 .param/l "INIT_A" 0 14 3192, C4<0000000000000000000000000000000000000000000000000000000000000000000000000000000000000000000000000000000000000000000000000000000000000000000000000000000000000000000000000000000000000000000000000000000000000000000000000000000000000000000000000000000000000000>;
P_0x555580ae63c0 .param/l "INIT_B" 0 14 3193, C4<0000000000000000000000000000000000000000000000000000000000000000000000000000000000000000000000000000000000000000000000000000000000000000000000000000000000000000000000000000000000000000000000000000000000000000000000000000000000000000000000000000000000000000>;
P_0x555580ae6400 .param/l "INIT_C" 0 14 3194, C4<0000000000000000000000000000000000000000000000000000000000000000000000000000000000000000000000000000000000000000000000000000000000000000000000000000000000000000000000000000000000000000000000000000000000000000000000000000000000000000000000000000000000000000>;
P_0x555580ae6440 .param/l "INIT_D" 0 14 3195, C4<0000000000000000000000000000000000000000000000000000000000000000000000000000000000000000000000000000000000000000000000000000000000000000000000000000000000000000000000000000000000000000000000000000000000000000000000000000000000000000000000000000000000000000>;
P_0x555580ae6480 .param/l "INIT_E" 0 14 3196, C4<0000000000000000000000000000000000000000000000000000000000000000000000000000000000000000000000000000000000000000000000000000000000000000000000000000000000000000000000000000000000000000000000000000000000000000000000000000000000000000000000000000000000000000>;
P_0x555580ae64c0 .param/l "INIT_F" 0 14 3197, C4<0000000000000000000000000000000000000000000000000000000000000000000000000000000000000000000000000000000000000000000000000000000000000000000000000000000000000000000000000000000000000000000000000000000000000000000000000000000000000000000000000000000000000000>;
P_0x555580ae6500 .param/l "NEG_CLK_R" 0 14 3179, C4<0>;
P_0x555580ae6540 .param/l "NEG_CLK_W" 0 14 3180, C4<0>;
P_0x555580ae6580 .param/l "READ_MODE" 0 14 3177, +C4<00000000000000000000000000000000>;
P_0x555580ae65c0 .param/l "WRITE_MODE" 0 14 3176, +C4<00000000000000000000000000000000>;
L_0x7fb902bb79a8 .functor BUFT 1, C4<0>, C4<0>, C4<0>, C4<0>;
L_0x555580e20340 .functor XOR 1, L_0x555580e20990, L_0x7fb902bb79a8, C4<0>, C4<0>;
L_0x7fb902bb79f0 .functor BUFT 1, C4<0>, C4<0>, C4<0>, C4<0>;
L_0x555580e22300 .functor XOR 1, L_0x555580e22150, L_0x7fb902bb79f0, C4<0>, C4<0>;
o0x7fb902f5fe88 .functor BUFZ 1, c4<z>; HiZ drive
v0x555580dc7420_0 .net "MASK_0", 0 0, o0x7fb902f5fe88;  0 drivers
o0x7fb902f5feb8 .functor BUFZ 1, c4<z>; HiZ drive
v0x555580dc7500_0 .net "MASK_1", 0 0, o0x7fb902f5feb8;  0 drivers
o0x7fb902f5fee8 .functor BUFZ 1, c4<z>; HiZ drive
v0x555580dc75c0_0 .net "MASK_10", 0 0, o0x7fb902f5fee8;  0 drivers
o0x7fb902f5ff18 .functor BUFZ 1, c4<z>; HiZ drive
v0x555580dc7690_0 .net "MASK_11", 0 0, o0x7fb902f5ff18;  0 drivers
o0x7fb902f5ff48 .functor BUFZ 1, c4<z>; HiZ drive
v0x555580dc7750_0 .net "MASK_12", 0 0, o0x7fb902f5ff48;  0 drivers
o0x7fb902f5ff78 .functor BUFZ 1, c4<z>; HiZ drive
v0x555580dc7860_0 .net "MASK_13", 0 0, o0x7fb902f5ff78;  0 drivers
o0x7fb902f5ffa8 .functor BUFZ 1, c4<z>; HiZ drive
v0x555580dc7920_0 .net "MASK_14", 0 0, o0x7fb902f5ffa8;  0 drivers
o0x7fb902f5ffd8 .functor BUFZ 1, c4<z>; HiZ drive
v0x555580dc79e0_0 .net "MASK_15", 0 0, o0x7fb902f5ffd8;  0 drivers
o0x7fb902f60008 .functor BUFZ 1, c4<z>; HiZ drive
v0x555580dc7aa0_0 .net "MASK_2", 0 0, o0x7fb902f60008;  0 drivers
o0x7fb902f60038 .functor BUFZ 1, c4<z>; HiZ drive
v0x555580dc7b60_0 .net "MASK_3", 0 0, o0x7fb902f60038;  0 drivers
o0x7fb902f60068 .functor BUFZ 1, c4<z>; HiZ drive
v0x555580dc7c20_0 .net "MASK_4", 0 0, o0x7fb902f60068;  0 drivers
o0x7fb902f60098 .functor BUFZ 1, c4<z>; HiZ drive
v0x555580dc7ce0_0 .net "MASK_5", 0 0, o0x7fb902f60098;  0 drivers
o0x7fb902f600c8 .functor BUFZ 1, c4<z>; HiZ drive
v0x555580dc7da0_0 .net "MASK_6", 0 0, o0x7fb902f600c8;  0 drivers
o0x7fb902f600f8 .functor BUFZ 1, c4<z>; HiZ drive
v0x555580dc7e60_0 .net "MASK_7", 0 0, o0x7fb902f600f8;  0 drivers
o0x7fb902f60128 .functor BUFZ 1, c4<z>; HiZ drive
v0x555580dc7f20_0 .net "MASK_8", 0 0, o0x7fb902f60128;  0 drivers
o0x7fb902f60158 .functor BUFZ 1, c4<z>; HiZ drive
v0x555580dc7fe0_0 .net "MASK_9", 0 0, o0x7fb902f60158;  0 drivers
o0x7fb902f60188 .functor BUFZ 1, c4<z>; HiZ drive
v0x555580dc80a0_0 .net "RADDR_0", 0 0, o0x7fb902f60188;  0 drivers
o0x7fb902f601b8 .functor BUFZ 1, c4<z>; HiZ drive
v0x555580dc8270_0 .net "RADDR_1", 0 0, o0x7fb902f601b8;  0 drivers
o0x7fb902f601e8 .functor BUFZ 1, c4<z>; HiZ drive
v0x555580dc8330_0 .net "RADDR_10", 0 0, o0x7fb902f601e8;  0 drivers
o0x7fb902f60218 .functor BUFZ 1, c4<z>; HiZ drive
v0x555580dc83f0_0 .net "RADDR_2", 0 0, o0x7fb902f60218;  0 drivers
o0x7fb902f60248 .functor BUFZ 1, c4<z>; HiZ drive
v0x555580dc84b0_0 .net "RADDR_3", 0 0, o0x7fb902f60248;  0 drivers
o0x7fb902f60278 .functor BUFZ 1, c4<z>; HiZ drive
v0x555580dc8570_0 .net "RADDR_4", 0 0, o0x7fb902f60278;  0 drivers
o0x7fb902f602a8 .functor BUFZ 1, c4<z>; HiZ drive
v0x555580dc8630_0 .net "RADDR_5", 0 0, o0x7fb902f602a8;  0 drivers
o0x7fb902f602d8 .functor BUFZ 1, c4<z>; HiZ drive
v0x555580dc86f0_0 .net "RADDR_6", 0 0, o0x7fb902f602d8;  0 drivers
o0x7fb902f60308 .functor BUFZ 1, c4<z>; HiZ drive
v0x555580dc87b0_0 .net "RADDR_7", 0 0, o0x7fb902f60308;  0 drivers
o0x7fb902f60338 .functor BUFZ 1, c4<z>; HiZ drive
v0x555580dc8870_0 .net "RADDR_8", 0 0, o0x7fb902f60338;  0 drivers
o0x7fb902f60368 .functor BUFZ 1, c4<z>; HiZ drive
v0x555580dc8930_0 .net "RADDR_9", 0 0, o0x7fb902f60368;  0 drivers
o0x7fb902f60398 .functor BUFZ 1, c4<z>; HiZ drive
v0x555580dc89f0_0 .net "RCLK", 0 0, o0x7fb902f60398;  0 drivers
o0x7fb902f603c8 .functor BUFZ 1, c4<z>; HiZ drive
v0x555580dc8ab0_0 .net "RCLKE", 0 0, o0x7fb902f603c8;  0 drivers
v0x555580dc8b70_0 .net "RDATA_0", 0 0, L_0x555580e20830;  1 drivers
v0x555580dc8c30_0 .net "RDATA_1", 0 0, L_0x555580e20550;  1 drivers
v0x555580dc8cf0_0 .net "RDATA_10", 0 0, L_0x555580e1fcd0;  1 drivers
v0x555580dc8db0_0 .net "RDATA_11", 0 0, L_0x555580e1fc00;  1 drivers
v0x555580dc9080_0 .net "RDATA_12", 0 0, L_0x555580e1fb00;  1 drivers
v0x555580dc9140_0 .net "RDATA_13", 0 0, L_0x555580e1fa30;  1 drivers
v0x555580dc9200_0 .net "RDATA_14", 0 0, L_0x555580e1f990;  1 drivers
v0x555580dc92c0_0 .net "RDATA_15", 0 0, L_0x555580e1f870;  1 drivers
v0x555580dc9380_0 .net "RDATA_2", 0 0, L_0x555580e20480;  1 drivers
v0x555580dc9440_0 .net "RDATA_3", 0 0, L_0x555580e203b0;  1 drivers
v0x555580dc9500_0 .net "RDATA_4", 0 0, L_0x555580e20270;  1 drivers
v0x555580dc95c0_0 .net "RDATA_5", 0 0, L_0x555580e201a0;  1 drivers
v0x555580dc9680_0 .net "RDATA_6", 0 0, L_0x555580e20070;  1 drivers
v0x555580dc9740_0 .net "RDATA_7", 0 0, L_0x555580e1ffa0;  1 drivers
v0x555580dc9800_0 .net "RDATA_8", 0 0, L_0x555580e1fe80;  1 drivers
v0x555580dc98c0_0 .net "RDATA_9", 0 0, L_0x555580e1fde0;  1 drivers
o0x7fb902f606f8 .functor BUFZ 1, c4<z>; HiZ drive
v0x555580dc9980_0 .net "RE", 0 0, o0x7fb902f606f8;  0 drivers
o0x7fb902f60728 .functor BUFZ 1, c4<z>; HiZ drive
v0x555580dc9a40_0 .net "WADDR_0", 0 0, o0x7fb902f60728;  0 drivers
o0x7fb902f60758 .functor BUFZ 1, c4<z>; HiZ drive
v0x555580dc9b00_0 .net "WADDR_1", 0 0, o0x7fb902f60758;  0 drivers
o0x7fb902f60788 .functor BUFZ 1, c4<z>; HiZ drive
v0x555580dc9bc0_0 .net "WADDR_10", 0 0, o0x7fb902f60788;  0 drivers
o0x7fb902f607b8 .functor BUFZ 1, c4<z>; HiZ drive
v0x555580dc9c80_0 .net "WADDR_2", 0 0, o0x7fb902f607b8;  0 drivers
o0x7fb902f607e8 .functor BUFZ 1, c4<z>; HiZ drive
v0x555580dc9d40_0 .net "WADDR_3", 0 0, o0x7fb902f607e8;  0 drivers
o0x7fb902f60818 .functor BUFZ 1, c4<z>; HiZ drive
v0x555580dc9e00_0 .net "WADDR_4", 0 0, o0x7fb902f60818;  0 drivers
o0x7fb902f60848 .functor BUFZ 1, c4<z>; HiZ drive
v0x555580dc9ec0_0 .net "WADDR_5", 0 0, o0x7fb902f60848;  0 drivers
o0x7fb902f60878 .functor BUFZ 1, c4<z>; HiZ drive
v0x555580dc9f80_0 .net "WADDR_6", 0 0, o0x7fb902f60878;  0 drivers
o0x7fb902f608a8 .functor BUFZ 1, c4<z>; HiZ drive
v0x555580dca040_0 .net "WADDR_7", 0 0, o0x7fb902f608a8;  0 drivers
o0x7fb902f608d8 .functor BUFZ 1, c4<z>; HiZ drive
v0x555580dca100_0 .net "WADDR_8", 0 0, o0x7fb902f608d8;  0 drivers
o0x7fb902f60908 .functor BUFZ 1, c4<z>; HiZ drive
v0x555580dca1c0_0 .net "WADDR_9", 0 0, o0x7fb902f60908;  0 drivers
o0x7fb902f60938 .functor BUFZ 1, c4<z>; HiZ drive
v0x555580dca280_0 .net "WCLK", 0 0, o0x7fb902f60938;  0 drivers
o0x7fb902f60968 .functor BUFZ 1, c4<z>; HiZ drive
v0x555580dca340_0 .net "WCLKE", 0 0, o0x7fb902f60968;  0 drivers
o0x7fb902f60998 .functor BUFZ 1, c4<z>; HiZ drive
v0x555580dca400_0 .net "WDATA_0", 0 0, o0x7fb902f60998;  0 drivers
o0x7fb902f609c8 .functor BUFZ 1, c4<z>; HiZ drive
v0x555580dca4c0_0 .net "WDATA_1", 0 0, o0x7fb902f609c8;  0 drivers
o0x7fb902f609f8 .functor BUFZ 1, c4<z>; HiZ drive
v0x555580dca580_0 .net "WDATA_10", 0 0, o0x7fb902f609f8;  0 drivers
o0x7fb902f60a28 .functor BUFZ 1, c4<z>; HiZ drive
v0x555580dca640_0 .net "WDATA_11", 0 0, o0x7fb902f60a28;  0 drivers
o0x7fb902f60a58 .functor BUFZ 1, c4<z>; HiZ drive
v0x555580dca700_0 .net "WDATA_12", 0 0, o0x7fb902f60a58;  0 drivers
o0x7fb902f60a88 .functor BUFZ 1, c4<z>; HiZ drive
v0x555580dca7c0_0 .net "WDATA_13", 0 0, o0x7fb902f60a88;  0 drivers
o0x7fb902f60ab8 .functor BUFZ 1, c4<z>; HiZ drive
v0x555580dca880_0 .net "WDATA_14", 0 0, o0x7fb902f60ab8;  0 drivers
o0x7fb902f60ae8 .functor BUFZ 1, c4<z>; HiZ drive
v0x555580dca940_0 .net "WDATA_15", 0 0, o0x7fb902f60ae8;  0 drivers
o0x7fb902f60b18 .functor BUFZ 1, c4<z>; HiZ drive
v0x555580dcaa00_0 .net "WDATA_2", 0 0, o0x7fb902f60b18;  0 drivers
o0x7fb902f60b48 .functor BUFZ 1, c4<z>; HiZ drive
v0x555580dcaac0_0 .net "WDATA_3", 0 0, o0x7fb902f60b48;  0 drivers
o0x7fb902f60b78 .functor BUFZ 1, c4<z>; HiZ drive
v0x555580dcab80_0 .net "WDATA_4", 0 0, o0x7fb902f60b78;  0 drivers
o0x7fb902f60ba8 .functor BUFZ 1, c4<z>; HiZ drive
v0x555580dcac40_0 .net "WDATA_5", 0 0, o0x7fb902f60ba8;  0 drivers
o0x7fb902f60bd8 .functor BUFZ 1, c4<z>; HiZ drive
v0x555580dcad00_0 .net "WDATA_6", 0 0, o0x7fb902f60bd8;  0 drivers
o0x7fb902f60c08 .functor BUFZ 1, c4<z>; HiZ drive
v0x555580dcadc0_0 .net "WDATA_7", 0 0, o0x7fb902f60c08;  0 drivers
o0x7fb902f60c38 .functor BUFZ 1, c4<z>; HiZ drive
v0x555580dcae80_0 .net "WDATA_8", 0 0, o0x7fb902f60c38;  0 drivers
o0x7fb902f60c68 .functor BUFZ 1, c4<z>; HiZ drive
v0x555580dcaf40_0 .net "WDATA_9", 0 0, o0x7fb902f60c68;  0 drivers
o0x7fb902f60c98 .functor BUFZ 1, c4<z>; HiZ drive
v0x555580dcb000_0 .net "WE", 0 0, o0x7fb902f60c98;  0 drivers
v0x555580dcb0c0_0 .net *"_ivl_100", 0 0, L_0x555580e24710;  1 drivers
v0x555580dcb1a0_0 .net *"_ivl_102", 0 0, L_0x555580e24460;  1 drivers
v0x555580dcb280_0 .net *"_ivl_104", 0 0, L_0x555580e24560;  1 drivers
v0x555580dcb360_0 .net *"_ivl_106", 0 0, L_0x555580e24c00;  1 drivers
v0x555580dcb440_0 .net *"_ivl_108", 0 0, L_0x555580e24d00;  1 drivers
v0x555580dcb520_0 .net *"_ivl_110", 0 0, L_0x555580e24fe0;  1 drivers
v0x555580dcb600_0 .net *"_ivl_112", 0 0, L_0x555580e250e0;  1 drivers
v0x555580dcb6e0_0 .net *"_ivl_114", 0 0, L_0x555580e253d0;  1 drivers
v0x555580dcb7c0_0 .net *"_ivl_116", 0 0, L_0x555580e254d0;  1 drivers
v0x555580dcb8a0_0 .net *"_ivl_120", 0 0, L_0x555580e25dc0;  1 drivers
v0x555580dcb980_0 .net *"_ivl_122", 0 0, L_0x555580e26070;  1 drivers
v0x555580dcba60_0 .net *"_ivl_124", 0 0, L_0x555580e26110;  1 drivers
v0x555580dcbb40_0 .net *"_ivl_126", 0 0, L_0x555580e263d0;  1 drivers
v0x555580dcbc20_0 .net *"_ivl_128", 0 0, L_0x555580e26470;  1 drivers
v0x555580dcbd00_0 .net *"_ivl_130", 0 0, L_0x555580e26740;  1 drivers
v0x555580dcbde0_0 .net *"_ivl_132", 0 0, L_0x555580e267e0;  1 drivers
v0x555580dcbec0_0 .net *"_ivl_134", 0 0, L_0x555580e26ac0;  1 drivers
v0x555580dcbfa0_0 .net *"_ivl_136", 0 0, L_0x555580e26b60;  1 drivers
v0x555580dcc080_0 .net *"_ivl_138", 0 0, L_0x555580e26e80;  1 drivers
v0x555580dcc160_0 .net *"_ivl_140", 0 0, L_0x555580e26f80;  1 drivers
v0x555580dcc240_0 .net *"_ivl_142", 0 0, L_0x555580e272e0;  1 drivers
v0x555580dcc320_0 .net *"_ivl_144", 0 0, L_0x555580e273e0;  1 drivers
v0x555580dcc400_0 .net *"_ivl_146", 0 0, L_0x555580e27750;  1 drivers
v0x555580dcc4e0_0 .net *"_ivl_148", 0 0, L_0x555580e27850;  1 drivers
v0x555580dcc5c0_0 .net *"_ivl_150", 0 0, L_0x555580e27bd0;  1 drivers
v0x555580dcc6a0_0 .net *"_ivl_18", 0 0, L_0x555580e20990;  1 drivers
v0x555580dcc780_0 .net/2u *"_ivl_19", 0 0, L_0x7fb902bb79a8;  1 drivers
v0x555580dcc860_0 .net *"_ivl_28", 0 0, L_0x555580e20d30;  1 drivers
v0x555580dcc940_0 .net *"_ivl_30", 0 0, L_0x555580e20b90;  1 drivers
v0x555580dcca20_0 .net *"_ivl_32", 0 0, L_0x555580e20f40;  1 drivers
v0x555580dccb00_0 .net *"_ivl_34", 0 0, L_0x555580e21100;  1 drivers
v0x555580dccbe0_0 .net *"_ivl_36", 0 0, L_0x555580e21200;  1 drivers
v0x555580dcccc0_0 .net *"_ivl_38", 0 0, L_0x555580e213d0;  1 drivers
v0x555580dccda0_0 .net *"_ivl_40", 0 0, L_0x555580e214d0;  1 drivers
v0x555580dcce80_0 .net *"_ivl_42", 0 0, L_0x555580e216b0;  1 drivers
v0x555580dccf60_0 .net *"_ivl_44", 0 0, L_0x555580e217b0;  1 drivers
v0x555580dcd040_0 .net *"_ivl_46", 0 0, L_0x555580e219a0;  1 drivers
v0x555580dcd120_0 .net *"_ivl_48", 0 0, L_0x555580e21aa0;  1 drivers
v0x555580dcd200_0 .net *"_ivl_52", 0 0, L_0x555580e22150;  1 drivers
v0x555580dcd2e0_0 .net/2u *"_ivl_53", 0 0, L_0x7fb902bb79f0;  1 drivers
v0x555580dcd3c0_0 .net *"_ivl_62", 0 0, L_0x555580e22670;  1 drivers
v0x555580dcd4a0_0 .net *"_ivl_64", 0 0, L_0x555580e22710;  1 drivers
v0x555580dcd580_0 .net *"_ivl_66", 0 0, L_0x555580e228e0;  1 drivers
v0x555580dcd660_0 .net *"_ivl_68", 0 0, L_0x555580e229b0;  1 drivers
v0x555580dcd740_0 .net *"_ivl_70", 0 0, L_0x555580e22bf0;  1 drivers
v0x555580dcd820_0 .net *"_ivl_72", 0 0, L_0x555580e22cf0;  1 drivers
v0x555580dcd900_0 .net *"_ivl_74", 0 0, L_0x555580e22f40;  1 drivers
v0x555580dcd9e0_0 .net *"_ivl_76", 0 0, L_0x555580e23040;  1 drivers
v0x555580dcdac0_0 .net *"_ivl_78", 0 0, L_0x555580e232a0;  1 drivers
v0x555580dcdba0_0 .net *"_ivl_80", 0 0, L_0x555580e233a0;  1 drivers
v0x555580dcdc80_0 .net *"_ivl_82", 0 0, L_0x555580e23610;  1 drivers
v0x555580dcdd60_0 .net *"_ivl_86", 0 0, L_0x555580e23d40;  1 drivers
v0x555580dcde40_0 .net *"_ivl_88", 0 0, L_0x555580e23de0;  1 drivers
v0x555580dce730_0 .net *"_ivl_90", 0 0, L_0x555580e24010;  1 drivers
v0x555580dce810_0 .net *"_ivl_92", 0 0, L_0x555580e240b0;  1 drivers
v0x555580dce8f0_0 .net *"_ivl_94", 0 0, L_0x555580e242f0;  1 drivers
v0x555580dce9d0_0 .net *"_ivl_96", 0 0, L_0x555580e24390;  1 drivers
v0x555580dceab0_0 .net *"_ivl_98", 0 0, L_0x555580e24610;  1 drivers
L_0x555580e1f870 .part v0x555580dc62e0_0, 15, 1;
L_0x555580e1f990 .part v0x555580dc62e0_0, 14, 1;
L_0x555580e1fa30 .part v0x555580dc62e0_0, 13, 1;
L_0x555580e1fb00 .part v0x555580dc62e0_0, 12, 1;
L_0x555580e1fc00 .part v0x555580dc62e0_0, 11, 1;
L_0x555580e1fcd0 .part v0x555580dc62e0_0, 10, 1;
L_0x555580e1fde0 .part v0x555580dc62e0_0, 9, 1;
L_0x555580e1fe80 .part v0x555580dc62e0_0, 8, 1;
L_0x555580e1ffa0 .part v0x555580dc62e0_0, 7, 1;
L_0x555580e20070 .part v0x555580dc62e0_0, 6, 1;
L_0x555580e201a0 .part v0x555580dc62e0_0, 5, 1;
L_0x555580e20270 .part v0x555580dc62e0_0, 4, 1;
L_0x555580e203b0 .part v0x555580dc62e0_0, 3, 1;
L_0x555580e20480 .part v0x555580dc62e0_0, 2, 1;
L_0x555580e20550 .part v0x555580dc62e0_0, 1, 1;
L_0x555580e20830 .part v0x555580dc62e0_0, 0, 1;
L_0x555580e20990 .ufunc/vec4 TD_ICESTORM_RAM.pd, 1, o0x7fb902f60398 (v0x555580dc7000_0) S_0x555580dc6d90;
L_0x555580e20af0 .ufunc/vec4 TD_ICESTORM_RAM.pu, 1, o0x7fb902f603c8 (v0x555580dc7360_0) S_0x555580dc70c0;
L_0x555580e20c30 .ufunc/vec4 TD_ICESTORM_RAM.pd, 1, o0x7fb902f606f8 (v0x555580dc7000_0) S_0x555580dc6d90;
L_0x555580e20d30 .ufunc/vec4 TD_ICESTORM_RAM.pd, 1, o0x7fb902f601e8 (v0x555580dc7000_0) S_0x555580dc6d90;
L_0x555580e20b90 .ufunc/vec4 TD_ICESTORM_RAM.pd, 1, o0x7fb902f60368 (v0x555580dc7000_0) S_0x555580dc6d90;
L_0x555580e20f40 .ufunc/vec4 TD_ICESTORM_RAM.pd, 1, o0x7fb902f60338 (v0x555580dc7000_0) S_0x555580dc6d90;
L_0x555580e21100 .ufunc/vec4 TD_ICESTORM_RAM.pd, 1, o0x7fb902f60308 (v0x555580dc7000_0) S_0x555580dc6d90;
L_0x555580e21200 .ufunc/vec4 TD_ICESTORM_RAM.pd, 1, o0x7fb902f602d8 (v0x555580dc7000_0) S_0x555580dc6d90;
L_0x555580e213d0 .ufunc/vec4 TD_ICESTORM_RAM.pd, 1, o0x7fb902f602a8 (v0x555580dc7000_0) S_0x555580dc6d90;
L_0x555580e214d0 .ufunc/vec4 TD_ICESTORM_RAM.pd, 1, o0x7fb902f60278 (v0x555580dc7000_0) S_0x555580dc6d90;
L_0x555580e216b0 .ufunc/vec4 TD_ICESTORM_RAM.pd, 1, o0x7fb902f60248 (v0x555580dc7000_0) S_0x555580dc6d90;
L_0x555580e217b0 .ufunc/vec4 TD_ICESTORM_RAM.pd, 1, o0x7fb902f60218 (v0x555580dc7000_0) S_0x555580dc6d90;
L_0x555580e219a0 .ufunc/vec4 TD_ICESTORM_RAM.pd, 1, o0x7fb902f601b8 (v0x555580dc7000_0) S_0x555580dc6d90;
L_0x555580e21aa0 .ufunc/vec4 TD_ICESTORM_RAM.pd, 1, o0x7fb902f60188 (v0x555580dc7000_0) S_0x555580dc6d90;
LS_0x555580e21ca0_0_0 .concat [ 1 1 1 1], L_0x555580e21aa0, L_0x555580e219a0, L_0x555580e217b0, L_0x555580e216b0;
LS_0x555580e21ca0_0_4 .concat [ 1 1 1 1], L_0x555580e214d0, L_0x555580e213d0, L_0x555580e21200, L_0x555580e21100;
LS_0x555580e21ca0_0_8 .concat [ 1 1 1 0], L_0x555580e20f40, L_0x555580e20b90, L_0x555580e20d30;
L_0x555580e21ca0 .concat [ 4 4 3 0], LS_0x555580e21ca0_0_0, LS_0x555580e21ca0_0_4, LS_0x555580e21ca0_0_8;
L_0x555580e22150 .ufunc/vec4 TD_ICESTORM_RAM.pd, 1, o0x7fb902f60938 (v0x555580dc7000_0) S_0x555580dc6d90;
L_0x555580e22410 .ufunc/vec4 TD_ICESTORM_RAM.pu, 1, o0x7fb902f60968 (v0x555580dc7360_0) S_0x555580dc70c0;
L_0x555580e224b0 .ufunc/vec4 TD_ICESTORM_RAM.pd, 1, o0x7fb902f60c98 (v0x555580dc7000_0) S_0x555580dc6d90;
L_0x555580e22670 .ufunc/vec4 TD_ICESTORM_RAM.pd, 1, o0x7fb902f60788 (v0x555580dc7000_0) S_0x555580dc6d90;
L_0x555580e22710 .ufunc/vec4 TD_ICESTORM_RAM.pd, 1, o0x7fb902f60908 (v0x555580dc7000_0) S_0x555580dc6d90;
L_0x555580e228e0 .ufunc/vec4 TD_ICESTORM_RAM.pd, 1, o0x7fb902f608d8 (v0x555580dc7000_0) S_0x555580dc6d90;
L_0x555580e229b0 .ufunc/vec4 TD_ICESTORM_RAM.pd, 1, o0x7fb902f608a8 (v0x555580dc7000_0) S_0x555580dc6d90;
L_0x555580e22bf0 .ufunc/vec4 TD_ICESTORM_RAM.pd, 1, o0x7fb902f60878 (v0x555580dc7000_0) S_0x555580dc6d90;
L_0x555580e22cf0 .ufunc/vec4 TD_ICESTORM_RAM.pd, 1, o0x7fb902f60848 (v0x555580dc7000_0) S_0x555580dc6d90;
L_0x555580e22f40 .ufunc/vec4 TD_ICESTORM_RAM.pd, 1, o0x7fb902f60818 (v0x555580dc7000_0) S_0x555580dc6d90;
L_0x555580e23040 .ufunc/vec4 TD_ICESTORM_RAM.pd, 1, o0x7fb902f607e8 (v0x555580dc7000_0) S_0x555580dc6d90;
L_0x555580e232a0 .ufunc/vec4 TD_ICESTORM_RAM.pd, 1, o0x7fb902f607b8 (v0x555580dc7000_0) S_0x555580dc6d90;
L_0x555580e233a0 .ufunc/vec4 TD_ICESTORM_RAM.pd, 1, o0x7fb902f60758 (v0x555580dc7000_0) S_0x555580dc6d90;
L_0x555580e23610 .ufunc/vec4 TD_ICESTORM_RAM.pd, 1, o0x7fb902f60728 (v0x555580dc7000_0) S_0x555580dc6d90;
LS_0x555580e23710_0_0 .concat [ 1 1 1 1], L_0x555580e23610, L_0x555580e233a0, L_0x555580e232a0, L_0x555580e23040;
LS_0x555580e23710_0_4 .concat [ 1 1 1 1], L_0x555580e22f40, L_0x555580e22cf0, L_0x555580e22bf0, L_0x555580e229b0;
LS_0x555580e23710_0_8 .concat [ 1 1 1 0], L_0x555580e228e0, L_0x555580e22710, L_0x555580e22670;
L_0x555580e23710 .concat [ 4 4 3 0], LS_0x555580e23710_0_0, LS_0x555580e23710_0_4, LS_0x555580e23710_0_8;
L_0x555580e23d40 .ufunc/vec4 TD_ICESTORM_RAM.pd, 1, o0x7fb902f5ffd8 (v0x555580dc7000_0) S_0x555580dc6d90;
L_0x555580e23de0 .ufunc/vec4 TD_ICESTORM_RAM.pd, 1, o0x7fb902f5ffa8 (v0x555580dc7000_0) S_0x555580dc6d90;
L_0x555580e24010 .ufunc/vec4 TD_ICESTORM_RAM.pd, 1, o0x7fb902f5ff78 (v0x555580dc7000_0) S_0x555580dc6d90;
L_0x555580e240b0 .ufunc/vec4 TD_ICESTORM_RAM.pd, 1, o0x7fb902f5ff48 (v0x555580dc7000_0) S_0x555580dc6d90;
L_0x555580e242f0 .ufunc/vec4 TD_ICESTORM_RAM.pd, 1, o0x7fb902f5ff18 (v0x555580dc7000_0) S_0x555580dc6d90;
L_0x555580e24390 .ufunc/vec4 TD_ICESTORM_RAM.pd, 1, o0x7fb902f5fee8 (v0x555580dc7000_0) S_0x555580dc6d90;
L_0x555580e24610 .ufunc/vec4 TD_ICESTORM_RAM.pd, 1, o0x7fb902f60158 (v0x555580dc7000_0) S_0x555580dc6d90;
L_0x555580e24710 .ufunc/vec4 TD_ICESTORM_RAM.pd, 1, o0x7fb902f60128 (v0x555580dc7000_0) S_0x555580dc6d90;
L_0x555580e24460 .ufunc/vec4 TD_ICESTORM_RAM.pd, 1, o0x7fb902f600f8 (v0x555580dc7000_0) S_0x555580dc6d90;
L_0x555580e24560 .ufunc/vec4 TD_ICESTORM_RAM.pd, 1, o0x7fb902f600c8 (v0x555580dc7000_0) S_0x555580dc6d90;
L_0x555580e24c00 .ufunc/vec4 TD_ICESTORM_RAM.pd, 1, o0x7fb902f60098 (v0x555580dc7000_0) S_0x555580dc6d90;
L_0x555580e24d00 .ufunc/vec4 TD_ICESTORM_RAM.pd, 1, o0x7fb902f60068 (v0x555580dc7000_0) S_0x555580dc6d90;
L_0x555580e24fe0 .ufunc/vec4 TD_ICESTORM_RAM.pd, 1, o0x7fb902f60038 (v0x555580dc7000_0) S_0x555580dc6d90;
L_0x555580e250e0 .ufunc/vec4 TD_ICESTORM_RAM.pd, 1, o0x7fb902f60008 (v0x555580dc7000_0) S_0x555580dc6d90;
L_0x555580e253d0 .ufunc/vec4 TD_ICESTORM_RAM.pd, 1, o0x7fb902f5feb8 (v0x555580dc7000_0) S_0x555580dc6d90;
L_0x555580e254d0 .ufunc/vec4 TD_ICESTORM_RAM.pd, 1, o0x7fb902f5fe88 (v0x555580dc7000_0) S_0x555580dc6d90;
LS_0x555580e257d0_0_0 .concat [ 1 1 1 1], L_0x555580e254d0, L_0x555580e253d0, L_0x555580e250e0, L_0x555580e24fe0;
LS_0x555580e257d0_0_4 .concat [ 1 1 1 1], L_0x555580e24d00, L_0x555580e24c00, L_0x555580e24560, L_0x555580e24460;
LS_0x555580e257d0_0_8 .concat [ 1 1 1 1], L_0x555580e24710, L_0x555580e24610, L_0x555580e24390, L_0x555580e242f0;
LS_0x555580e257d0_0_12 .concat [ 1 1 1 1], L_0x555580e240b0, L_0x555580e24010, L_0x555580e23de0, L_0x555580e23d40;
L_0x555580e257d0 .concat [ 4 4 4 4], LS_0x555580e257d0_0_0, LS_0x555580e257d0_0_4, LS_0x555580e257d0_0_8, LS_0x555580e257d0_0_12;
L_0x555580e25dc0 .ufunc/vec4 TD_ICESTORM_RAM.pd, 1, o0x7fb902f60ae8 (v0x555580dc7000_0) S_0x555580dc6d90;
L_0x555580e26070 .ufunc/vec4 TD_ICESTORM_RAM.pd, 1, o0x7fb902f60ab8 (v0x555580dc7000_0) S_0x555580dc6d90;
L_0x555580e26110 .ufunc/vec4 TD_ICESTORM_RAM.pd, 1, o0x7fb902f60a88 (v0x555580dc7000_0) S_0x555580dc6d90;
L_0x555580e263d0 .ufunc/vec4 TD_ICESTORM_RAM.pd, 1, o0x7fb902f60a58 (v0x555580dc7000_0) S_0x555580dc6d90;
L_0x555580e26470 .ufunc/vec4 TD_ICESTORM_RAM.pd, 1, o0x7fb902f60a28 (v0x555580dc7000_0) S_0x555580dc6d90;
L_0x555580e26740 .ufunc/vec4 TD_ICESTORM_RAM.pd, 1, o0x7fb902f609f8 (v0x555580dc7000_0) S_0x555580dc6d90;
L_0x555580e267e0 .ufunc/vec4 TD_ICESTORM_RAM.pd, 1, o0x7fb902f60c68 (v0x555580dc7000_0) S_0x555580dc6d90;
L_0x555580e26ac0 .ufunc/vec4 TD_ICESTORM_RAM.pd, 1, o0x7fb902f60c38 (v0x555580dc7000_0) S_0x555580dc6d90;
L_0x555580e26b60 .ufunc/vec4 TD_ICESTORM_RAM.pd, 1, o0x7fb902f60c08 (v0x555580dc7000_0) S_0x555580dc6d90;
L_0x555580e26e80 .ufunc/vec4 TD_ICESTORM_RAM.pd, 1, o0x7fb902f60bd8 (v0x555580dc7000_0) S_0x555580dc6d90;
L_0x555580e26f80 .ufunc/vec4 TD_ICESTORM_RAM.pd, 1, o0x7fb902f60ba8 (v0x555580dc7000_0) S_0x555580dc6d90;
L_0x555580e272e0 .ufunc/vec4 TD_ICESTORM_RAM.pd, 1, o0x7fb902f60b78 (v0x555580dc7000_0) S_0x555580dc6d90;
L_0x555580e273e0 .ufunc/vec4 TD_ICESTORM_RAM.pd, 1, o0x7fb902f60b48 (v0x555580dc7000_0) S_0x555580dc6d90;
L_0x555580e27750 .ufunc/vec4 TD_ICESTORM_RAM.pd, 1, o0x7fb902f60b18 (v0x555580dc7000_0) S_0x555580dc6d90;
L_0x555580e27850 .ufunc/vec4 TD_ICESTORM_RAM.pd, 1, o0x7fb902f609c8 (v0x555580dc7000_0) S_0x555580dc6d90;
L_0x555580e27bd0 .ufunc/vec4 TD_ICESTORM_RAM.pd, 1, o0x7fb902f60998 (v0x555580dc7000_0) S_0x555580dc6d90;
LS_0x555580e27cd0_0_0 .concat [ 1 1 1 1], L_0x555580e27bd0, L_0x555580e27850, L_0x555580e27750, L_0x555580e273e0;
LS_0x555580e27cd0_0_4 .concat [ 1 1 1 1], L_0x555580e272e0, L_0x555580e26f80, L_0x555580e26e80, L_0x555580e26b60;
LS_0x555580e27cd0_0_8 .concat [ 1 1 1 1], L_0x555580e26ac0, L_0x555580e267e0, L_0x555580e26740, L_0x555580e26470;
LS_0x555580e27cd0_0_12 .concat [ 1 1 1 1], L_0x555580e263d0, L_0x555580e26110, L_0x555580e26070, L_0x555580e25dc0;
L_0x555580e27cd0 .concat [ 4 4 4 4], LS_0x555580e27cd0_0_0, LS_0x555580e27cd0_0_4, LS_0x555580e27cd0_0_8, LS_0x555580e27cd0_0_12;
S_0x555580af7c60 .scope module, "RAM" "SB_RAM40_4K" 14 3233, 14 1487 0, S_0x555580d8c620;
 .timescale -12 -12;
    .port_info 0 /OUTPUT 16 "RDATA";
    .port_info 1 /INPUT 1 "RCLK";
    .port_info 2 /INPUT 1 "RCLKE";
    .port_info 3 /INPUT 1 "RE";
    .port_info 4 /INPUT 11 "RADDR";
    .port_info 5 /INPUT 1 "WCLK";
    .port_info 6 /INPUT 1 "WCLKE";
    .port_info 7 /INPUT 1 "WE";
    .port_info 8 /INPUT 11 "WADDR";
    .port_info 9 /INPUT 16 "MASK";
    .port_info 10 /INPUT 16 "WDATA";
P_0x555580af3ea0 .param/l "INIT_0" 0 14 1507, C4<0000000000000000000000000000000000000000000000000000000000000000000000000000000000000000000000000000000000000000000000000000000000000000000000000000000000000000000000000000000000000000000000000000000000000000000000000000000000000000000000000000000000000000>;
P_0x555580af3ee0 .param/l "INIT_1" 0 14 1508, C4<0000000000000000000000000000000000000000000000000000000000000000000000000000000000000000000000000000000000000000000000000000000000000000000000000000000000000000000000000000000000000000000000000000000000000000000000000000000000000000000000000000000000000000>;
P_0x555580af3f20 .param/l "INIT_2" 0 14 1509, C4<0000000000000000000000000000000000000000000000000000000000000000000000000000000000000000000000000000000000000000000000000000000000000000000000000000000000000000000000000000000000000000000000000000000000000000000000000000000000000000000000000000000000000000>;
P_0x555580af3f60 .param/l "INIT_3" 0 14 1510, C4<0000000000000000000000000000000000000000000000000000000000000000000000000000000000000000000000000000000000000000000000000000000000000000000000000000000000000000000000000000000000000000000000000000000000000000000000000000000000000000000000000000000000000000>;
P_0x555580af3fa0 .param/l "INIT_4" 0 14 1511, C4<0000000000000000000000000000000000000000000000000000000000000000000000000000000000000000000000000000000000000000000000000000000000000000000000000000000000000000000000000000000000000000000000000000000000000000000000000000000000000000000000000000000000000000>;
P_0x555580af3fe0 .param/l "INIT_5" 0 14 1512, C4<0000000000000000000000000000000000000000000000000000000000000000000000000000000000000000000000000000000000000000000000000000000000000000000000000000000000000000000000000000000000000000000000000000000000000000000000000000000000000000000000000000000000000000>;
P_0x555580af4020 .param/l "INIT_6" 0 14 1513, C4<0000000000000000000000000000000000000000000000000000000000000000000000000000000000000000000000000000000000000000000000000000000000000000000000000000000000000000000000000000000000000000000000000000000000000000000000000000000000000000000000000000000000000000>;
P_0x555580af4060 .param/l "INIT_7" 0 14 1514, C4<0000000000000000000000000000000000000000000000000000000000000000000000000000000000000000000000000000000000000000000000000000000000000000000000000000000000000000000000000000000000000000000000000000000000000000000000000000000000000000000000000000000000000000>;
P_0x555580af40a0 .param/l "INIT_8" 0 14 1515, C4<0000000000000000000000000000000000000000000000000000000000000000000000000000000000000000000000000000000000000000000000000000000000000000000000000000000000000000000000000000000000000000000000000000000000000000000000000000000000000000000000000000000000000000>;
P_0x555580af40e0 .param/l "INIT_9" 0 14 1516, C4<0000000000000000000000000000000000000000000000000000000000000000000000000000000000000000000000000000000000000000000000000000000000000000000000000000000000000000000000000000000000000000000000000000000000000000000000000000000000000000000000000000000000000000>;
P_0x555580af4120 .param/l "INIT_A" 0 14 1517, C4<0000000000000000000000000000000000000000000000000000000000000000000000000000000000000000000000000000000000000000000000000000000000000000000000000000000000000000000000000000000000000000000000000000000000000000000000000000000000000000000000000000000000000000>;
P_0x555580af4160 .param/l "INIT_B" 0 14 1518, C4<0000000000000000000000000000000000000000000000000000000000000000000000000000000000000000000000000000000000000000000000000000000000000000000000000000000000000000000000000000000000000000000000000000000000000000000000000000000000000000000000000000000000000000>;
P_0x555580af41a0 .param/l "INIT_C" 0 14 1519, C4<0000000000000000000000000000000000000000000000000000000000000000000000000000000000000000000000000000000000000000000000000000000000000000000000000000000000000000000000000000000000000000000000000000000000000000000000000000000000000000000000000000000000000000>;
P_0x555580af41e0 .param/l "INIT_D" 0 14 1520, C4<0000000000000000000000000000000000000000000000000000000000000000000000000000000000000000000000000000000000000000000000000000000000000000000000000000000000000000000000000000000000000000000000000000000000000000000000000000000000000000000000000000000000000000>;
P_0x555580af4220 .param/l "INIT_E" 0 14 1521, C4<0000000000000000000000000000000000000000000000000000000000000000000000000000000000000000000000000000000000000000000000000000000000000000000000000000000000000000000000000000000000000000000000000000000000000000000000000000000000000000000000000000000000000000>;
P_0x555580af4260 .param/l "INIT_F" 0 14 1522, C4<0000000000000000000000000000000000000000000000000000000000000000000000000000000000000000000000000000000000000000000000000000000000000000000000000000000000000000000000000000000000000000000000000000000000000000000000000000000000000000000000000000000000000000>;
P_0x555580af42a0 .param/str "INIT_FILE" 0 14 1524, "\000";
P_0x555580af42e0 .param/l "READ_MODE" 0 14 1505, +C4<00000000000000000000000000000000>;
P_0x555580af4320 .param/l "WRITE_MODE" 0 14 1504, +C4<00000000000000000000000000000000>;
v0x555580ae79d0_0 .net "MASK", 15 0, L_0x555580e257d0;  1 drivers
v0x555580ae7a70_0 .net "RADDR", 10 0, L_0x555580e21ca0;  1 drivers
v0x555580dc6100_0 .net "RCLK", 0 0, L_0x555580e20340;  1 drivers
v0x555580dc61a0_0 .net "RCLKE", 0 0, L_0x555580e20af0;  1 drivers
v0x555580dc6240_0 .net "RDATA", 15 0, v0x555580dc62e0_0;  1 drivers
v0x555580dc62e0_0 .var "RDATA_I", 15 0;
v0x555580dc6380_0 .net "RE", 0 0, L_0x555580e20c30;  1 drivers
L_0x7fb902bb7960 .functor BUFT 1, C4<0000000000000000>, C4<0>, C4<0>, C4<0>;
v0x555580dc6420_0 .net "RMASK_I", 15 0, L_0x7fb902bb7960;  1 drivers
v0x555580dc64c0_0 .net "WADDR", 10 0, L_0x555580e23710;  1 drivers
v0x555580dc6560_0 .net "WCLK", 0 0, L_0x555580e22300;  1 drivers
v0x555580dc6600_0 .net "WCLKE", 0 0, L_0x555580e22410;  1 drivers
v0x555580dc66a0_0 .net "WDATA", 15 0, L_0x555580e27cd0;  1 drivers
v0x555580dc6740_0 .net "WDATA_I", 15 0, L_0x555580e1f730;  1 drivers
v0x555580dc67e0_0 .net "WE", 0 0, L_0x555580e224b0;  1 drivers
v0x555580dc6880_0 .net "WMASK_I", 15 0, L_0x555580e1f6c0;  1 drivers
v0x555580dc6920_0 .var/i "i", 31 0;
v0x555580dc6a00 .array "memory", 255 0, 15 0;
E_0x555580aeee70 .event posedge, v0x555580dc6100_0;
E_0x555580afa960 .event posedge, v0x555580dc6560_0;
S_0x555580ae77f0 .scope generate, "genblk1" "genblk1" 14 1534, 14 1534 0, S_0x555580af7c60;
 .timescale -12 -12;
L_0x555580e1f6c0 .functor BUFZ 16, L_0x555580e257d0, C4<0000000000000000>, C4<0000000000000000>, C4<0000000000000000>;
S_0x555580b73270 .scope generate, "genblk2" "genblk2" 14 1555, 14 1555 0, S_0x555580af7c60;
 .timescale -12 -12;
S_0x555580b73450 .scope generate, "genblk3" "genblk3" 14 1576, 14 1576 0, S_0x555580af7c60;
 .timescale -12 -12;
L_0x555580e1f730 .functor BUFZ 16, L_0x555580e27cd0, C4<0000000000000000>, C4<0000000000000000>, C4<0000000000000000>;
S_0x555580b73630 .scope generate, "genblk4" "genblk4" 14 1595, 14 1595 0, S_0x555580af7c60;
 .timescale -12 -12;
S_0x555580dc6d90 .scope function.vec4.s1, "pd" "pd" 14 3200, 14 3200 0, S_0x555580d8c620;
 .timescale -12 -12;
; Variable pd is vec4 return value of scope S_0x555580dc6d90
v0x555580dc7000_0 .var "x", 0 0;
TD_ICESTORM_RAM.pd ;
    %load/vec4 v0x555580dc7000_0;
    %cmpi/e 0, 1, 1;
    %flag_mov 8, 6;
    %jmp/0 T_1.4, 8;
    %pushi/vec4 0, 0, 1;
    %jmp/1 T_1.5, 8;
T_1.4 ; End of true expr.
    %load/vec4 v0x555580dc7000_0;
    %jmp/0 T_1.5, 8;
 ; End of false expr.
    %blend;
T_1.5;
    %ret/vec4 0, 0, 1;  Assign to pd (store_vec4_to_lval)
    %end;
S_0x555580dc70c0 .scope function.vec4.s1, "pu" "pu" 14 3207, 14 3207 0, S_0x555580d8c620;
 .timescale -12 -12;
; Variable pu is vec4 return value of scope S_0x555580dc70c0
v0x555580dc7360_0 .var "x", 0 0;
TD_ICESTORM_RAM.pu ;
    %load/vec4 v0x555580dc7360_0;
    %cmpi/e 0, 1, 1;
    %flag_mov 8, 6;
    %jmp/0 T_2.6, 8;
    %pushi/vec4 1, 0, 1;
    %jmp/1 T_2.7, 8;
T_2.6 ; End of true expr.
    %load/vec4 v0x555580dc7360_0;
    %jmp/0 T_2.7, 8;
 ; End of false expr.
    %blend;
T_2.7;
    %ret/vec4 0, 0, 1;  Assign to pu (store_vec4_to_lval)
    %end;
S_0x555580d87430 .scope module, "Inc16" "Inc16" 15 7;
 .timescale -12 -12;
    .port_info 0 /INPUT 16 "in";
    .port_info 1 /OUTPUT 16 "out";
L_0x7fb902bb7a38 .functor BUFT 1, C4<0000000000000001>, C4<0>, C4<0>, C4<0>;
v0x555580dcf780_0 .net/2u *"_ivl_0", 15 0, L_0x7fb902bb7a38;  1 drivers
o0x7fb902f62618 .functor BUFZ 16, c4<zzzzzzzzzzzzzzzz>; HiZ drive
v0x555580dcf880_0 .net "in", 15 0, o0x7fb902f62618;  0 drivers
v0x555580dcf960_0 .net "out", 15 0, L_0x555580e28550;  1 drivers
L_0x555580e28550 .arith/sum 16, o0x7fb902f62618, L_0x7fb902bb7a38;
S_0x555580d81de0 .scope module, "Mux" "Mux" 16 8;
 .timescale -12 -12;
    .port_info 0 /INPUT 1 "a";
    .port_info 1 /INPUT 1 "b";
    .port_info 2 /INPUT 1 "sel";
    .port_info 3 /OUTPUT 1 "out";
o0x7fb902f626d8 .functor BUFZ 1, c4<z>; HiZ drive
v0x555580dcfa80_0 .net "a", 0 0, o0x7fb902f626d8;  0 drivers
o0x7fb902f62708 .functor BUFZ 1, c4<z>; HiZ drive
v0x555580dcfb40_0 .net "b", 0 0, o0x7fb902f62708;  0 drivers
v0x555580dcfc00_0 .net "out", 0 0, L_0x555580e286b0;  1 drivers
o0x7fb902f62768 .functor BUFZ 1, c4<z>; HiZ drive
v0x555580dcfcd0_0 .net "sel", 0 0, o0x7fb902f62768;  0 drivers
L_0x555580e286b0 .functor MUXZ 1, o0x7fb902f626d8, o0x7fb902f62708, o0x7fb902f62768, C4<>;
S_0x555580d69de0 .scope module, "Mux8Way16" "Mux8Way16" 17 8;
 .timescale -12 -12;
    .port_info 0 /INPUT 16 "a";
    .port_info 1 /INPUT 16 "b";
    .port_info 2 /INPUT 16 "c";
    .port_info 3 /INPUT 16 "d";
    .port_info 4 /INPUT 16 "e";
    .port_info 5 /INPUT 16 "f";
    .port_info 6 /INPUT 16 "g";
    .port_info 7 /INPUT 16 "h";
    .port_info 8 /INPUT 3 "sel";
    .port_info 9 /OUTPUT 16 "out";
o0x7fb902f62948 .functor BUFZ 16, c4<zzzzzzzzzzzzzzzz>; HiZ drive
v0x555580dd2020_0 .net "a", 15 0, o0x7fb902f62948;  0 drivers
o0x7fb902f62978 .functor BUFZ 16, c4<zzzzzzzzzzzzzzzz>; HiZ drive
v0x555580dd2100_0 .net "b", 15 0, o0x7fb902f62978;  0 drivers
o0x7fb902f629a8 .functor BUFZ 16, c4<zzzzzzzzzzzzzzzz>; HiZ drive
v0x555580dd21d0_0 .net "c", 15 0, o0x7fb902f629a8;  0 drivers
o0x7fb902f629d8 .functor BUFZ 16, c4<zzzzzzzzzzzzzzzz>; HiZ drive
v0x555580dd22d0_0 .net "d", 15 0, o0x7fb902f629d8;  0 drivers
o0x7fb902f62c78 .functor BUFZ 16, c4<zzzzzzzzzzzzzzzz>; HiZ drive
v0x555580dd23a0_0 .net "e", 15 0, o0x7fb902f62c78;  0 drivers
o0x7fb902f62ca8 .functor BUFZ 16, c4<zzzzzzzzzzzzzzzz>; HiZ drive
v0x555580dd2490_0 .net "f", 15 0, o0x7fb902f62ca8;  0 drivers
o0x7fb902f62cd8 .functor BUFZ 16, c4<zzzzzzzzzzzzzzzz>; HiZ drive
v0x555580dd2560_0 .net "g", 15 0, o0x7fb902f62cd8;  0 drivers
o0x7fb902f62d08 .functor BUFZ 16, c4<zzzzzzzzzzzzzzzz>; HiZ drive
v0x555580dd2630_0 .net "h", 15 0, o0x7fb902f62d08;  0 drivers
v0x555580dd2700_0 .net "lower4", 15 0, L_0x555580e294a0;  1 drivers
v0x555580dd2830_0 .net "out", 15 0, L_0x555580e297a0;  1 drivers
o0x7fb902f62fd8 .functor BUFZ 3, c4<zzz>; HiZ drive
v0x555580dd28d0_0 .net "sel", 2 0, o0x7fb902f62fd8;  0 drivers
v0x555580dd2990_0 .net "upper4", 15 0, L_0x555580e28ca0;  1 drivers
L_0x555580e28e70 .part o0x7fb902f62fd8, 1, 2;
L_0x555580e29670 .part o0x7fb902f62fd8, 1, 2;
L_0x555580e299b0 .part o0x7fb902f62fd8, 0, 1;
S_0x555580dcfe40 .scope module, "m1" "Mux4Way16" 17 32, 18 12 0, S_0x555580d69de0;
 .timescale -12 -12;
    .port_info 0 /INPUT 16 "a";
    .port_info 1 /INPUT 16 "b";
    .port_info 2 /INPUT 16 "c";
    .port_info 3 /INPUT 16 "d";
    .port_info 4 /INPUT 2 "sel";
    .port_info 5 /OUTPUT 16 "out";
v0x555580dd0100_0 .net *"_ivl_1", 0 0, L_0x555580e28750;  1 drivers
v0x555580dd0200_0 .net *"_ivl_3", 0 0, L_0x555580e287f0;  1 drivers
v0x555580dd02e0_0 .net *"_ivl_4", 15 0, L_0x555580e288e0;  1 drivers
v0x555580dd03a0_0 .net *"_ivl_7", 0 0, L_0x555580e28a70;  1 drivers
v0x555580dd0480_0 .net *"_ivl_8", 15 0, L_0x555580e28b10;  1 drivers
v0x555580dd05b0_0 .net "a", 15 0, o0x7fb902f62948;  alias, 0 drivers
v0x555580dd0690_0 .net "b", 15 0, o0x7fb902f62978;  alias, 0 drivers
v0x555580dd0770_0 .net "c", 15 0, o0x7fb902f629a8;  alias, 0 drivers
v0x555580dd0850_0 .net "d", 15 0, o0x7fb902f629d8;  alias, 0 drivers
v0x555580dd0930_0 .net "out", 15 0, L_0x555580e28ca0;  alias, 1 drivers
v0x555580dd0a10_0 .net "sel", 1 0, L_0x555580e28e70;  1 drivers
L_0x555580e28750 .part L_0x555580e28e70, 1, 1;
L_0x555580e287f0 .part L_0x555580e28e70, 0, 1;
L_0x555580e288e0 .functor MUXZ 16, o0x7fb902f62948, o0x7fb902f62978, L_0x555580e287f0, C4<>;
L_0x555580e28a70 .part L_0x555580e28e70, 0, 1;
L_0x555580e28b10 .functor MUXZ 16, o0x7fb902f629a8, o0x7fb902f629d8, L_0x555580e28a70, C4<>;
L_0x555580e28ca0 .functor MUXZ 16, L_0x555580e28b10, L_0x555580e288e0, L_0x555580e28750, C4<>;
S_0x555580dd0bf0 .scope module, "m2" "Mux4Way16" 17 33, 18 12 0, S_0x555580d69de0;
 .timescale -12 -12;
    .port_info 0 /INPUT 16 "a";
    .port_info 1 /INPUT 16 "b";
    .port_info 2 /INPUT 16 "c";
    .port_info 3 /INPUT 16 "d";
    .port_info 4 /INPUT 2 "sel";
    .port_info 5 /OUTPUT 16 "out";
v0x555580dd0e70_0 .net *"_ivl_1", 0 0, L_0x555580e28fa0;  1 drivers
v0x555580dd0f50_0 .net *"_ivl_3", 0 0, L_0x555580e29040;  1 drivers
v0x555580dd1030_0 .net *"_ivl_4", 15 0, L_0x555580e290e0;  1 drivers
v0x555580dd10f0_0 .net *"_ivl_7", 0 0, L_0x555580e29270;  1 drivers
v0x555580dd11d0_0 .net *"_ivl_8", 15 0, L_0x555580e29310;  1 drivers
v0x555580dd1300_0 .net "a", 15 0, o0x7fb902f62c78;  alias, 0 drivers
v0x555580dd13e0_0 .net "b", 15 0, o0x7fb902f62ca8;  alias, 0 drivers
v0x555580dd14c0_0 .net "c", 15 0, o0x7fb902f62cd8;  alias, 0 drivers
v0x555580dd15a0_0 .net "d", 15 0, o0x7fb902f62d08;  alias, 0 drivers
v0x555580dd1710_0 .net "out", 15 0, L_0x555580e294a0;  alias, 1 drivers
v0x555580dd17f0_0 .net "sel", 1 0, L_0x555580e29670;  1 drivers
L_0x555580e28fa0 .part L_0x555580e29670, 1, 1;
L_0x555580e29040 .part L_0x555580e29670, 0, 1;
L_0x555580e290e0 .functor MUXZ 16, o0x7fb902f62c78, o0x7fb902f62ca8, L_0x555580e29040, C4<>;
L_0x555580e29270 .part L_0x555580e29670, 0, 1;
L_0x555580e29310 .functor MUXZ 16, o0x7fb902f62cd8, o0x7fb902f62d08, L_0x555580e29270, C4<>;
L_0x555580e294a0 .functor MUXZ 16, L_0x555580e29310, L_0x555580e290e0, L_0x555580e28fa0, C4<>;
S_0x555580dd19d0 .scope module, "m3" "Mux16" 17 35, 19 8 0, S_0x555580d69de0;
 .timescale -12 -12;
    .port_info 0 /INPUT 16 "a";
    .port_info 1 /INPUT 16 "b";
    .port_info 2 /INPUT 1 "sel";
    .port_info 3 /OUTPUT 16 "out";
v0x555580dd1c20_0 .net "a", 15 0, L_0x555580e28ca0;  alias, 1 drivers
v0x555580dd1d10_0 .net "b", 15 0, L_0x555580e294a0;  alias, 1 drivers
v0x555580dd1de0_0 .net "out", 15 0, L_0x555580e297a0;  alias, 1 drivers
v0x555580dd1eb0_0 .net "sel", 0 0, L_0x555580e299b0;  1 drivers
L_0x555580e297a0 .functor MUXZ 16, L_0x555580e28ca0, L_0x555580e294a0, L_0x555580e299b0, C4<>;
S_0x555580d699f0 .scope module, "Nand" "Nand" 20 8;
 .timescale -12 -12;
    .port_info 0 /INPUT 1 "a";
    .port_info 1 /INPUT 1 "b";
    .port_info 2 /OUTPUT 1 "out";
o0x7fb902f631e8 .functor BUFZ 1, c4<z>; HiZ drive
o0x7fb902f63218 .functor BUFZ 1, c4<z>; HiZ drive
L_0x555580e285f0 .functor NAND 1, o0x7fb902f631e8, o0x7fb902f63218, C4<1>, C4<1>;
v0x555580dd2be0_0 .net "a", 0 0, o0x7fb902f631e8;  0 drivers
v0x555580dd2cc0_0 .net "b", 0 0, o0x7fb902f63218;  0 drivers
v0x555580dd2d80_0 .net "out", 0 0, L_0x555580e285f0;  1 drivers
S_0x555580d66af0 .scope module, "Not" "Not" 21 7;
 .timescale -12 -12;
    .port_info 0 /INPUT 1 "in";
    .port_info 1 /OUTPUT 1 "out";
o0x7fb902f63308 .functor BUFZ 1, c4<z>; HiZ drive
L_0x555580e29a50 .functor NOT 1, o0x7fb902f63308, C4<0>, C4<0>, C4<0>;
v0x555580dd2ea0_0 .net "in", 0 0, o0x7fb902f63308;  0 drivers
v0x555580dd2f60_0 .net "out", 0 0, L_0x555580e29a50;  1 drivers
S_0x555580d66700 .scope module, "Not16" "Not16" 22 7;
 .timescale -12 -12;
    .port_info 0 /INPUT 16 "in";
    .port_info 1 /OUTPUT 16 "out";
o0x7fb902f633c8 .functor BUFZ 16, c4<zzzzzzzzzzzzzzzz>; HiZ drive
L_0x555580e29ac0 .functor NOT 16, o0x7fb902f633c8, C4<0000000000000000>, C4<0000000000000000>, C4<0000000000000000>;
v0x555580dd3080_0 .net "in", 15 0, o0x7fb902f633c8;  0 drivers
v0x555580dd3160_0 .net "out", 15 0, L_0x555580e29ac0;  1 drivers
S_0x555580d60960 .scope module, "Or" "Or" 23 8;
 .timescale -12 -12;
    .port_info 0 /INPUT 1 "a";
    .port_info 1 /INPUT 1 "b";
    .port_info 2 /OUTPUT 1 "out";
o0x7fb902f63488 .functor BUFZ 1, c4<z>; HiZ drive
o0x7fb902f634b8 .functor BUFZ 1, c4<z>; HiZ drive
L_0x555580e29b30 .functor OR 1, o0x7fb902f63488, o0x7fb902f634b8, C4<0>, C4<0>;
v0x555580dd32a0_0 .net "a", 0 0, o0x7fb902f63488;  0 drivers
v0x555580dd3360_0 .net "b", 0 0, o0x7fb902f634b8;  0 drivers
v0x555580dd3420_0 .net "out", 0 0, L_0x555580e29b30;  1 drivers
S_0x555580d63690 .scope module, "Or16" "Or16" 24 7;
 .timescale -12 -12;
    .port_info 0 /INPUT 16 "a";
    .port_info 1 /INPUT 16 "b";
    .port_info 2 /OUTPUT 16 "out";
L_0x555580e29ce0 .functor OR 1, L_0x555580e29ba0, L_0x555580e29c40, C4<0>, C4<0>;
L_0x555580e29f80 .functor OR 1, L_0x555580e29da0, L_0x555580e29e90, C4<0>, C4<0>;
L_0x555580e2a210 .functor OR 1, L_0x555580e2a090, L_0x555580e2a130, C4<0>, C4<0>;
L_0x555580e2a5d0 .functor OR 1, L_0x555580e2a320, L_0x555580e2a450, C4<0>, C4<0>;
L_0x555580e2a810 .functor OR 1, L_0x555580e2a670, L_0x555580e2a710, C4<0>, C4<0>;
L_0x555580e2aa80 .functor OR 1, L_0x555580e2a8d0, L_0x555580e2a970, C4<0>, C4<0>;
L_0x555580e2aa10 .functor OR 1, L_0x555580e2abd0, L_0x555580e2ac70, C4<0>, C4<0>;
L_0x555580e2af80 .functor OR 1, L_0x555580e2adb0, L_0x555580e2ae50, C4<0>, C4<0>;
L_0x555580e2b2c0 .functor OR 1, L_0x555580e2b0e0, L_0x555580e2b180, C4<0>, C4<0>;
L_0x555580e2b5c0 .functor OR 1, L_0x555580e2b3d0, L_0x555580e2b470, C4<0>, C4<0>;
L_0x555580e2b8c0 .functor OR 1, L_0x555580e2b220, L_0x555580e2b760, C4<0>, C4<0>;
L_0x555580e2bbc0 .functor OR 1, L_0x555580e2b9b0, L_0x555580e2ba50, C4<0>, C4<0>;
L_0x555580e2bf90 .functor OR 1, L_0x555580e2bd70, L_0x555580e2be10, C4<0>, C4<0>;
L_0x555580e2c300 .functor OR 1, L_0x555580e2c0d0, L_0x555580e2c170, C4<0>, C4<0>;
L_0x555580e2bd00 .functor OR 1, L_0x555580e2c440, L_0x555580e2c4e0, C4<0>, C4<0>;
L_0x555580e2d100 .functor OR 1, L_0x555580e2cca0, L_0x555580e2ce50, C4<0>, C4<0>;
v0x555580dd3570_0 .net *"_ivl_101", 0 0, L_0x555580e2be10;  1 drivers
v0x555580dd3650_0 .net *"_ivl_102", 0 0, L_0x555580e2bf90;  1 drivers
v0x555580dd3730_0 .net *"_ivl_107", 0 0, L_0x555580e2c0d0;  1 drivers
v0x555580dd3820_0 .net *"_ivl_109", 0 0, L_0x555580e2c170;  1 drivers
v0x555580dd3900_0 .net *"_ivl_11", 0 0, L_0x555580e29da0;  1 drivers
v0x555580dd3a30_0 .net *"_ivl_110", 0 0, L_0x555580e2c300;  1 drivers
v0x555580dd3b10_0 .net *"_ivl_115", 0 0, L_0x555580e2c440;  1 drivers
v0x555580dd3bf0_0 .net *"_ivl_117", 0 0, L_0x555580e2c4e0;  1 drivers
v0x555580dd3cd0_0 .net *"_ivl_118", 0 0, L_0x555580e2bd00;  1 drivers
v0x555580dd3e40_0 .net *"_ivl_124", 0 0, L_0x555580e2cca0;  1 drivers
v0x555580dd3f20_0 .net *"_ivl_126", 0 0, L_0x555580e2ce50;  1 drivers
v0x555580dd4000_0 .net *"_ivl_127", 0 0, L_0x555580e2d100;  1 drivers
v0x555580dd40e0_0 .net *"_ivl_13", 0 0, L_0x555580e29e90;  1 drivers
v0x555580dd41c0_0 .net *"_ivl_14", 0 0, L_0x555580e29f80;  1 drivers
v0x555580dd42a0_0 .net *"_ivl_19", 0 0, L_0x555580e2a090;  1 drivers
v0x555580dd4380_0 .net *"_ivl_21", 0 0, L_0x555580e2a130;  1 drivers
v0x555580dd4460_0 .net *"_ivl_22", 0 0, L_0x555580e2a210;  1 drivers
v0x555580dd4540_0 .net *"_ivl_27", 0 0, L_0x555580e2a320;  1 drivers
v0x555580dd4620_0 .net *"_ivl_29", 0 0, L_0x555580e2a450;  1 drivers
v0x555580dd4700_0 .net *"_ivl_3", 0 0, L_0x555580e29ba0;  1 drivers
v0x555580dd47e0_0 .net *"_ivl_30", 0 0, L_0x555580e2a5d0;  1 drivers
v0x555580dd48c0_0 .net *"_ivl_35", 0 0, L_0x555580e2a670;  1 drivers
v0x555580dd49a0_0 .net *"_ivl_37", 0 0, L_0x555580e2a710;  1 drivers
v0x555580dd4a80_0 .net *"_ivl_38", 0 0, L_0x555580e2a810;  1 drivers
v0x555580dd4b60_0 .net *"_ivl_43", 0 0, L_0x555580e2a8d0;  1 drivers
v0x555580dd4c40_0 .net *"_ivl_45", 0 0, L_0x555580e2a970;  1 drivers
v0x555580dd4d20_0 .net *"_ivl_46", 0 0, L_0x555580e2aa80;  1 drivers
v0x555580dd4e00_0 .net *"_ivl_5", 0 0, L_0x555580e29c40;  1 drivers
v0x555580dd4ee0_0 .net *"_ivl_51", 0 0, L_0x555580e2abd0;  1 drivers
v0x555580dd4fc0_0 .net *"_ivl_53", 0 0, L_0x555580e2ac70;  1 drivers
v0x555580dd50a0_0 .net *"_ivl_54", 0 0, L_0x555580e2aa10;  1 drivers
v0x555580dd5180_0 .net *"_ivl_59", 0 0, L_0x555580e2adb0;  1 drivers
v0x555580dd5260_0 .net *"_ivl_6", 0 0, L_0x555580e29ce0;  1 drivers
v0x555580dd5340_0 .net *"_ivl_61", 0 0, L_0x555580e2ae50;  1 drivers
v0x555580dd5420_0 .net *"_ivl_62", 0 0, L_0x555580e2af80;  1 drivers
v0x555580dd5500_0 .net *"_ivl_67", 0 0, L_0x555580e2b0e0;  1 drivers
v0x555580dd55e0_0 .net *"_ivl_69", 0 0, L_0x555580e2b180;  1 drivers
v0x555580dd56c0_0 .net *"_ivl_70", 0 0, L_0x555580e2b2c0;  1 drivers
v0x555580dd57a0_0 .net *"_ivl_75", 0 0, L_0x555580e2b3d0;  1 drivers
v0x555580dd5880_0 .net *"_ivl_77", 0 0, L_0x555580e2b470;  1 drivers
v0x555580dd5960_0 .net *"_ivl_78", 0 0, L_0x555580e2b5c0;  1 drivers
v0x555580dd5a40_0 .net *"_ivl_83", 0 0, L_0x555580e2b220;  1 drivers
v0x555580dd5b20_0 .net *"_ivl_85", 0 0, L_0x555580e2b760;  1 drivers
v0x555580dd5c00_0 .net *"_ivl_86", 0 0, L_0x555580e2b8c0;  1 drivers
v0x555580dd5ce0_0 .net *"_ivl_91", 0 0, L_0x555580e2b9b0;  1 drivers
v0x555580dd5dc0_0 .net *"_ivl_93", 0 0, L_0x555580e2ba50;  1 drivers
v0x555580dd5ea0_0 .net *"_ivl_94", 0 0, L_0x555580e2bbc0;  1 drivers
v0x555580dd5f80_0 .net *"_ivl_99", 0 0, L_0x555580e2bd70;  1 drivers
o0x7fb902f63ea8 .functor BUFZ 16, c4<zzzzzzzzzzzzzzzz>; HiZ drive
v0x555580dd6060_0 .net "a", 15 0, o0x7fb902f63ea8;  0 drivers
o0x7fb902f63ed8 .functor BUFZ 16, c4<zzzzzzzzzzzzzzzz>; HiZ drive
v0x555580dd6140_0 .net "b", 15 0, o0x7fb902f63ed8;  0 drivers
v0x555580dd6220_0 .net "out", 15 0, L_0x555580e2c750;  1 drivers
L_0x555580e29ba0 .part o0x7fb902f63ea8, 0, 1;
L_0x555580e29c40 .part o0x7fb902f63ed8, 0, 1;
L_0x555580e29da0 .part o0x7fb902f63ea8, 1, 1;
L_0x555580e29e90 .part o0x7fb902f63ed8, 1, 1;
L_0x555580e2a090 .part o0x7fb902f63ea8, 2, 1;
L_0x555580e2a130 .part o0x7fb902f63ed8, 2, 1;
L_0x555580e2a320 .part o0x7fb902f63ea8, 3, 1;
L_0x555580e2a450 .part o0x7fb902f63ed8, 3, 1;
L_0x555580e2a670 .part o0x7fb902f63ea8, 4, 1;
L_0x555580e2a710 .part o0x7fb902f63ed8, 4, 1;
L_0x555580e2a8d0 .part o0x7fb902f63ea8, 5, 1;
L_0x555580e2a970 .part o0x7fb902f63ed8, 5, 1;
L_0x555580e2abd0 .part o0x7fb902f63ea8, 6, 1;
L_0x555580e2ac70 .part o0x7fb902f63ed8, 6, 1;
L_0x555580e2adb0 .part o0x7fb902f63ea8, 7, 1;
L_0x555580e2ae50 .part o0x7fb902f63ed8, 7, 1;
L_0x555580e2b0e0 .part o0x7fb902f63ea8, 8, 1;
L_0x555580e2b180 .part o0x7fb902f63ed8, 8, 1;
L_0x555580e2b3d0 .part o0x7fb902f63ea8, 9, 1;
L_0x555580e2b470 .part o0x7fb902f63ed8, 9, 1;
L_0x555580e2b220 .part o0x7fb902f63ea8, 10, 1;
L_0x555580e2b760 .part o0x7fb902f63ed8, 10, 1;
L_0x555580e2b9b0 .part o0x7fb902f63ea8, 11, 1;
L_0x555580e2ba50 .part o0x7fb902f63ed8, 11, 1;
L_0x555580e2bd70 .part o0x7fb902f63ea8, 12, 1;
L_0x555580e2be10 .part o0x7fb902f63ed8, 12, 1;
L_0x555580e2c0d0 .part o0x7fb902f63ea8, 13, 1;
L_0x555580e2c170 .part o0x7fb902f63ed8, 13, 1;
L_0x555580e2c440 .part o0x7fb902f63ea8, 14, 1;
L_0x555580e2c4e0 .part o0x7fb902f63ed8, 14, 1;
LS_0x555580e2c750_0_0 .concat8 [ 1 1 1 1], L_0x555580e29ce0, L_0x555580e29f80, L_0x555580e2a210, L_0x555580e2a5d0;
LS_0x555580e2c750_0_4 .concat8 [ 1 1 1 1], L_0x555580e2a810, L_0x555580e2aa80, L_0x555580e2aa10, L_0x555580e2af80;
LS_0x555580e2c750_0_8 .concat8 [ 1 1 1 1], L_0x555580e2b2c0, L_0x555580e2b5c0, L_0x555580e2b8c0, L_0x555580e2bbc0;
LS_0x555580e2c750_0_12 .concat8 [ 1 1 1 1], L_0x555580e2bf90, L_0x555580e2c300, L_0x555580e2bd00, L_0x555580e2d100;
L_0x555580e2c750 .concat8 [ 4 4 4 4], LS_0x555580e2c750_0_0, LS_0x555580e2c750_0_4, LS_0x555580e2c750_0_8, LS_0x555580e2c750_0_12;
L_0x555580e2cca0 .part o0x7fb902f63ea8, 15, 1;
L_0x555580e2ce50 .part o0x7fb902f63ed8, 15, 1;
S_0x555580d632a0 .scope module, "Or8Way" "Or8Way" 25 7;
 .timescale -12 -12;
    .port_info 0 /INPUT 8 "in";
    .port_info 1 /OUTPUT 1 "out";
o0x7fb902f63fc8 .functor BUFZ 8, c4<zzzzzzzz>; HiZ drive
v0x555580dd6380_0 .net "in", 7 0, o0x7fb902f63fc8;  0 drivers
v0x555580dd6460_0 .net "out", 0 0, L_0x555580e2d2f0;  1 drivers
L_0x555580e2d2f0 .reduce/or o0x7fb902f63fc8;
S_0x555580d605a0 .scope module, "SB_CARRY" "SB_CARRY" 14 228;
 .timescale -12 -12;
    .port_info 0 /OUTPUT 1 "CO";
    .port_info 1 /INPUT 1 "I0";
    .port_info 2 /INPUT 1 "I1";
    .port_info 3 /INPUT 1 "CI";
o0x7fb902f640e8 .functor BUFZ 1, c4<z>; HiZ drive
o0x7fb902f64118 .functor BUFZ 1, c4<z>; HiZ drive
L_0x555580e2d390 .functor AND 1, o0x7fb902f640e8, o0x7fb902f64118, C4<1>, C4<1>;
L_0x555580e2d400 .functor OR 1, o0x7fb902f640e8, o0x7fb902f64118, C4<0>, C4<0>;
o0x7fb902f64088 .functor BUFZ 1, c4<z>; HiZ drive
L_0x555580e2d510 .functor AND 1, L_0x555580e2d400, o0x7fb902f64088, C4<1>, C4<1>;
L_0x555580e2d5d0 .functor OR 1, L_0x555580e2d390, L_0x555580e2d510, C4<0>, C4<0>;
v0x555580dd6580_0 .net "CI", 0 0, o0x7fb902f64088;  0 drivers
v0x555580dd6640_0 .net "CO", 0 0, L_0x555580e2d5d0;  1 drivers
v0x555580dd6700_0 .net "I0", 0 0, o0x7fb902f640e8;  0 drivers
v0x555580dd67a0_0 .net "I1", 0 0, o0x7fb902f64118;  0 drivers
v0x555580dd6860_0 .net *"_ivl_1", 0 0, L_0x555580e2d390;  1 drivers
v0x555580dd6920_0 .net *"_ivl_3", 0 0, L_0x555580e2d400;  1 drivers
v0x555580dd69e0_0 .net *"_ivl_5", 0 0, L_0x555580e2d510;  1 drivers
S_0x555580d37170 .scope module, "SB_DFF" "SB_DFF" 14 265;
 .timescale -12 -12;
    .port_info 0 /OUTPUT 1 "Q";
    .port_info 1 /INPUT 1 "C";
    .port_info 2 /INPUT 1 "D";
o0x7fb902f64298 .functor BUFZ 1, c4<z>; HiZ drive
v0x555580dd6b60_0 .net "C", 0 0, o0x7fb902f64298;  0 drivers
o0x7fb902f642c8 .functor BUFZ 1, c4<z>; HiZ drive
v0x555580dd6c40_0 .net "D", 0 0, o0x7fb902f642c8;  0 drivers
v0x555580dd6d00_0 .var "Q", 0 0;
E_0x555580dcfff0 .event posedge, v0x555580dd6b60_0;
S_0x555580d36e30 .scope module, "SB_DFFE" "SB_DFFE" 14 303;
 .timescale -12 -12;
    .port_info 0 /OUTPUT 1 "Q";
    .port_info 1 /INPUT 1 "C";
    .port_info 2 /INPUT 1 "E";
    .port_info 3 /INPUT 1 "D";
o0x7fb902f643b8 .functor BUFZ 1, c4<z>; HiZ drive
v0x555580dd6e80_0 .net "C", 0 0, o0x7fb902f643b8;  0 drivers
o0x7fb902f643e8 .functor BUFZ 1, c4<z>; HiZ drive
v0x555580dd6f60_0 .net "D", 0 0, o0x7fb902f643e8;  0 drivers
o0x7fb902f64418 .functor BUFZ 1, c4<z>; HiZ drive
v0x555580dd7020_0 .net "E", 0 0, o0x7fb902f64418;  0 drivers
v0x555580dd70f0_0 .var "Q", 0 0;
E_0x555580dd6e20 .event posedge, v0x555580dd6e80_0;
S_0x555580d32d20 .scope module, "SB_DFFER" "SB_DFFER" 14 653;
 .timescale -12 -12;
    .port_info 0 /OUTPUT 1 "Q";
    .port_info 1 /INPUT 1 "C";
    .port_info 2 /INPUT 1 "E";
    .port_info 3 /INPUT 1 "R";
    .port_info 4 /INPUT 1 "D";
o0x7fb902f64538 .functor BUFZ 1, c4<z>; HiZ drive
v0x555580dd72e0_0 .net "C", 0 0, o0x7fb902f64538;  0 drivers
o0x7fb902f64568 .functor BUFZ 1, c4<z>; HiZ drive
v0x555580dd73c0_0 .net "D", 0 0, o0x7fb902f64568;  0 drivers
o0x7fb902f64598 .functor BUFZ 1, c4<z>; HiZ drive
v0x555580dd7480_0 .net "E", 0 0, o0x7fb902f64598;  0 drivers
v0x555580dd7520_0 .var "Q", 0 0;
o0x7fb902f645f8 .functor BUFZ 1, c4<z>; HiZ drive
v0x555580dd75e0_0 .net "R", 0 0, o0x7fb902f645f8;  0 drivers
E_0x555580dd7260 .event posedge, v0x555580dd75e0_0, v0x555580dd72e0_0;
S_0x555580d32960 .scope module, "SB_DFFES" "SB_DFFES" 14 794;
 .timescale -12 -12;
    .port_info 0 /OUTPUT 1 "Q";
    .port_info 1 /INPUT 1 "C";
    .port_info 2 /INPUT 1 "E";
    .port_info 3 /INPUT 1 "S";
    .port_info 4 /INPUT 1 "D";
o0x7fb902f64718 .functor BUFZ 1, c4<z>; HiZ drive
v0x555580dd7810_0 .net "C", 0 0, o0x7fb902f64718;  0 drivers
o0x7fb902f64748 .functor BUFZ 1, c4<z>; HiZ drive
v0x555580dd78f0_0 .net "D", 0 0, o0x7fb902f64748;  0 drivers
o0x7fb902f64778 .functor BUFZ 1, c4<z>; HiZ drive
v0x555580dd79b0_0 .net "E", 0 0, o0x7fb902f64778;  0 drivers
v0x555580dd7a50_0 .var "Q", 0 0;
o0x7fb902f647d8 .functor BUFZ 1, c4<z>; HiZ drive
v0x555580dd7b10_0 .net "S", 0 0, o0x7fb902f647d8;  0 drivers
E_0x555580dd7790 .event posedge, v0x555580dd7b10_0, v0x555580dd7810_0;
S_0x555580d1fda0 .scope module, "SB_DFFESR" "SB_DFFESR" 14 592;
 .timescale -12 -12;
    .port_info 0 /OUTPUT 1 "Q";
    .port_info 1 /INPUT 1 "C";
    .port_info 2 /INPUT 1 "E";
    .port_info 3 /INPUT 1 "R";
    .port_info 4 /INPUT 1 "D";
o0x7fb902f648f8 .functor BUFZ 1, c4<z>; HiZ drive
v0x555580dd7d40_0 .net "C", 0 0, o0x7fb902f648f8;  0 drivers
o0x7fb902f64928 .functor BUFZ 1, c4<z>; HiZ drive
v0x555580dd7e20_0 .net "D", 0 0, o0x7fb902f64928;  0 drivers
o0x7fb902f64958 .functor BUFZ 1, c4<z>; HiZ drive
v0x555580dd7ee0_0 .net "E", 0 0, o0x7fb902f64958;  0 drivers
v0x555580dd7f80_0 .var "Q", 0 0;
o0x7fb902f649b8 .functor BUFZ 1, c4<z>; HiZ drive
v0x555580dd8040_0 .net "R", 0 0, o0x7fb902f649b8;  0 drivers
E_0x555580dd7cc0 .event posedge, v0x555580dd7d40_0;
S_0x555580d1f9b0 .scope module, "SB_DFFESS" "SB_DFFESS" 14 733;
 .timescale -12 -12;
    .port_info 0 /OUTPUT 1 "Q";
    .port_info 1 /INPUT 1 "C";
    .port_info 2 /INPUT 1 "E";
    .port_info 3 /INPUT 1 "S";
    .port_info 4 /INPUT 1 "D";
o0x7fb902f64ad8 .functor BUFZ 1, c4<z>; HiZ drive
v0x555580dd8270_0 .net "C", 0 0, o0x7fb902f64ad8;  0 drivers
o0x7fb902f64b08 .functor BUFZ 1, c4<z>; HiZ drive
v0x555580dd8350_0 .net "D", 0 0, o0x7fb902f64b08;  0 drivers
o0x7fb902f64b38 .functor BUFZ 1, c4<z>; HiZ drive
v0x555580dd8410_0 .net "E", 0 0, o0x7fb902f64b38;  0 drivers
v0x555580dd84b0_0 .var "Q", 0 0;
o0x7fb902f64b98 .functor BUFZ 1, c4<z>; HiZ drive
v0x555580dd8570_0 .net "S", 0 0, o0x7fb902f64b98;  0 drivers
E_0x555580dd81f0 .event posedge, v0x555580dd8270_0;
S_0x555580d1f1e0 .scope module, "SB_DFFN" "SB_DFFN" 14 876;
 .timescale -12 -12;
    .port_info 0 /OUTPUT 1 "Q";
    .port_info 1 /INPUT 1 "C";
    .port_info 2 /INPUT 1 "D";
o0x7fb902f64cb8 .functor BUFZ 1, c4<z>; HiZ drive
v0x555580dd87a0_0 .net "C", 0 0, o0x7fb902f64cb8;  0 drivers
o0x7fb902f64ce8 .functor BUFZ 1, c4<z>; HiZ drive
v0x555580dd8880_0 .net "D", 0 0, o0x7fb902f64ce8;  0 drivers
v0x555580dd8940_0 .var "Q", 0 0;
E_0x555580dd8720 .event negedge, v0x555580dd87a0_0;
S_0x555580d1ce90 .scope module, "SB_DFFNE" "SB_DFFNE" 14 914;
 .timescale -12 -12;
    .port_info 0 /OUTPUT 1 "Q";
    .port_info 1 /INPUT 1 "C";
    .port_info 2 /INPUT 1 "E";
    .port_info 3 /INPUT 1 "D";
o0x7fb902f64dd8 .functor BUFZ 1, c4<z>; HiZ drive
v0x555580dd8ac0_0 .net "C", 0 0, o0x7fb902f64dd8;  0 drivers
o0x7fb902f64e08 .functor BUFZ 1, c4<z>; HiZ drive
v0x555580dd8ba0_0 .net "D", 0 0, o0x7fb902f64e08;  0 drivers
o0x7fb902f64e38 .functor BUFZ 1, c4<z>; HiZ drive
v0x555580dd8c60_0 .net "E", 0 0, o0x7fb902f64e38;  0 drivers
v0x555580dd8d30_0 .var "Q", 0 0;
E_0x555580dd8a60 .event negedge, v0x555580dd8ac0_0;
S_0x555580dc1dc0 .scope module, "SB_DFFNER" "SB_DFFNER" 14 1264;
 .timescale -12 -12;
    .port_info 0 /OUTPUT 1 "Q";
    .port_info 1 /INPUT 1 "C";
    .port_info 2 /INPUT 1 "E";
    .port_info 3 /INPUT 1 "R";
    .port_info 4 /INPUT 1 "D";
o0x7fb902f64f58 .functor BUFZ 1, c4<z>; HiZ drive
v0x555580dd8f20_0 .net "C", 0 0, o0x7fb902f64f58;  0 drivers
o0x7fb902f64f88 .functor BUFZ 1, c4<z>; HiZ drive
v0x555580dd9000_0 .net "D", 0 0, o0x7fb902f64f88;  0 drivers
o0x7fb902f64fb8 .functor BUFZ 1, c4<z>; HiZ drive
v0x555580dd90c0_0 .net "E", 0 0, o0x7fb902f64fb8;  0 drivers
v0x555580dd9160_0 .var "Q", 0 0;
o0x7fb902f65018 .functor BUFZ 1, c4<z>; HiZ drive
v0x555580dd9220_0 .net "R", 0 0, o0x7fb902f65018;  0 drivers
E_0x555580dd8ea0/0 .event negedge, v0x555580dd8f20_0;
E_0x555580dd8ea0/1 .event posedge, v0x555580dd9220_0;
E_0x555580dd8ea0 .event/or E_0x555580dd8ea0/0, E_0x555580dd8ea0/1;
S_0x555580dafb50 .scope module, "SB_DFFNES" "SB_DFFNES" 14 1405;
 .timescale -12 -12;
    .port_info 0 /OUTPUT 1 "Q";
    .port_info 1 /INPUT 1 "C";
    .port_info 2 /INPUT 1 "E";
    .port_info 3 /INPUT 1 "S";
    .port_info 4 /INPUT 1 "D";
o0x7fb902f65138 .functor BUFZ 1, c4<z>; HiZ drive
v0x555580dd9450_0 .net "C", 0 0, o0x7fb902f65138;  0 drivers
o0x7fb902f65168 .functor BUFZ 1, c4<z>; HiZ drive
v0x555580dd9530_0 .net "D", 0 0, o0x7fb902f65168;  0 drivers
o0x7fb902f65198 .functor BUFZ 1, c4<z>; HiZ drive
v0x555580dd95f0_0 .net "E", 0 0, o0x7fb902f65198;  0 drivers
v0x555580dd9690_0 .var "Q", 0 0;
o0x7fb902f651f8 .functor BUFZ 1, c4<z>; HiZ drive
v0x555580dd9750_0 .net "S", 0 0, o0x7fb902f651f8;  0 drivers
E_0x555580dd93d0/0 .event negedge, v0x555580dd9450_0;
E_0x555580dd93d0/1 .event posedge, v0x555580dd9750_0;
E_0x555580dd93d0 .event/or E_0x555580dd93d0/0, E_0x555580dd93d0/1;
S_0x555580daf770 .scope module, "SB_DFFNESR" "SB_DFFNESR" 14 1203;
 .timescale -12 -12;
    .port_info 0 /OUTPUT 1 "Q";
    .port_info 1 /INPUT 1 "C";
    .port_info 2 /INPUT 1 "E";
    .port_info 3 /INPUT 1 "R";
    .port_info 4 /INPUT 1 "D";
o0x7fb902f65318 .functor BUFZ 1, c4<z>; HiZ drive
v0x555580dd9980_0 .net "C", 0 0, o0x7fb902f65318;  0 drivers
o0x7fb902f65348 .functor BUFZ 1, c4<z>; HiZ drive
v0x555580dd9a60_0 .net "D", 0 0, o0x7fb902f65348;  0 drivers
o0x7fb902f65378 .functor BUFZ 1, c4<z>; HiZ drive
v0x555580dd9b20_0 .net "E", 0 0, o0x7fb902f65378;  0 drivers
v0x555580dd9bc0_0 .var "Q", 0 0;
o0x7fb902f653d8 .functor BUFZ 1, c4<z>; HiZ drive
v0x555580dd9c80_0 .net "R", 0 0, o0x7fb902f653d8;  0 drivers
E_0x555580dd9900 .event negedge, v0x555580dd9980_0;
S_0x555580d9dca0 .scope module, "SB_DFFNESS" "SB_DFFNESS" 14 1344;
 .timescale -12 -12;
    .port_info 0 /OUTPUT 1 "Q";
    .port_info 1 /INPUT 1 "C";
    .port_info 2 /INPUT 1 "E";
    .port_info 3 /INPUT 1 "S";
    .port_info 4 /INPUT 1 "D";
o0x7fb902f654f8 .functor BUFZ 1, c4<z>; HiZ drive
v0x555580dd9eb0_0 .net "C", 0 0, o0x7fb902f654f8;  0 drivers
o0x7fb902f65528 .functor BUFZ 1, c4<z>; HiZ drive
v0x555580dd9f90_0 .net "D", 0 0, o0x7fb902f65528;  0 drivers
o0x7fb902f65558 .functor BUFZ 1, c4<z>; HiZ drive
v0x555580dda050_0 .net "E", 0 0, o0x7fb902f65558;  0 drivers
v0x555580dda0f0_0 .var "Q", 0 0;
o0x7fb902f655b8 .functor BUFZ 1, c4<z>; HiZ drive
v0x555580dda1b0_0 .net "S", 0 0, o0x7fb902f655b8;  0 drivers
E_0x555580dd9e30 .event negedge, v0x555580dd9eb0_0;
S_0x555580d77ee0 .scope module, "SB_DFFNR" "SB_DFFNR" 14 1011;
 .timescale -12 -12;
    .port_info 0 /OUTPUT 1 "Q";
    .port_info 1 /INPUT 1 "C";
    .port_info 2 /INPUT 1 "R";
    .port_info 3 /INPUT 1 "D";
o0x7fb902f656d8 .functor BUFZ 1, c4<z>; HiZ drive
v0x555580dda3e0_0 .net "C", 0 0, o0x7fb902f656d8;  0 drivers
o0x7fb902f65708 .functor BUFZ 1, c4<z>; HiZ drive
v0x555580dda4c0_0 .net "D", 0 0, o0x7fb902f65708;  0 drivers
v0x555580dda580_0 .var "Q", 0 0;
o0x7fb902f65768 .functor BUFZ 1, c4<z>; HiZ drive
v0x555580dda620_0 .net "R", 0 0, o0x7fb902f65768;  0 drivers
E_0x555580dda360/0 .event negedge, v0x555580dda3e0_0;
E_0x555580dda360/1 .event posedge, v0x555580dda620_0;
E_0x555580dda360 .event/or E_0x555580dda360/0, E_0x555580dda360/1;
S_0x555580d77560 .scope module, "SB_DFFNS" "SB_DFFNS" 14 1132;
 .timescale -12 -12;
    .port_info 0 /OUTPUT 1 "Q";
    .port_info 1 /INPUT 1 "C";
    .port_info 2 /INPUT 1 "S";
    .port_info 3 /INPUT 1 "D";
o0x7fb902f65858 .functor BUFZ 1, c4<z>; HiZ drive
v0x555580dda810_0 .net "C", 0 0, o0x7fb902f65858;  0 drivers
o0x7fb902f65888 .functor BUFZ 1, c4<z>; HiZ drive
v0x555580dda8f0_0 .net "D", 0 0, o0x7fb902f65888;  0 drivers
v0x555580dda9b0_0 .var "Q", 0 0;
o0x7fb902f658e8 .functor BUFZ 1, c4<z>; HiZ drive
v0x555580ddaa50_0 .net "S", 0 0, o0x7fb902f658e8;  0 drivers
E_0x555580dda790/0 .event negedge, v0x555580dda810_0;
E_0x555580dda790/1 .event posedge, v0x555580ddaa50_0;
E_0x555580dda790 .event/or E_0x555580dda790/0, E_0x555580dda790/1;
S_0x555580d73620 .scope module, "SB_DFFNSR" "SB_DFFNSR" 14 961;
 .timescale -12 -12;
    .port_info 0 /OUTPUT 1 "Q";
    .port_info 1 /INPUT 1 "C";
    .port_info 2 /INPUT 1 "R";
    .port_info 3 /INPUT 1 "D";
o0x7fb902f659d8 .functor BUFZ 1, c4<z>; HiZ drive
v0x555580ddac40_0 .net "C", 0 0, o0x7fb902f659d8;  0 drivers
o0x7fb902f65a08 .functor BUFZ 1, c4<z>; HiZ drive
v0x555580ddad20_0 .net "D", 0 0, o0x7fb902f65a08;  0 drivers
v0x555580ddade0_0 .var "Q", 0 0;
o0x7fb902f65a68 .functor BUFZ 1, c4<z>; HiZ drive
v0x555580ddae80_0 .net "R", 0 0, o0x7fb902f65a68;  0 drivers
E_0x555580ddabc0 .event negedge, v0x555580ddac40_0;
S_0x555580d728a0 .scope module, "SB_DFFNSS" "SB_DFFNSS" 14 1082;
 .timescale -12 -12;
    .port_info 0 /OUTPUT 1 "Q";
    .port_info 1 /INPUT 1 "C";
    .port_info 2 /INPUT 1 "S";
    .port_info 3 /INPUT 1 "D";
o0x7fb902f65b58 .functor BUFZ 1, c4<z>; HiZ drive
v0x555580ddb070_0 .net "C", 0 0, o0x7fb902f65b58;  0 drivers
o0x7fb902f65b88 .functor BUFZ 1, c4<z>; HiZ drive
v0x555580ddb150_0 .net "D", 0 0, o0x7fb902f65b88;  0 drivers
v0x555580ddb210_0 .var "Q", 0 0;
o0x7fb902f65be8 .functor BUFZ 1, c4<z>; HiZ drive
v0x555580ddb2b0_0 .net "S", 0 0, o0x7fb902f65be8;  0 drivers
E_0x555580ddaff0 .event negedge, v0x555580ddb070_0;
S_0x555580d71b20 .scope module, "SB_DFFR" "SB_DFFR" 14 400;
 .timescale -12 -12;
    .port_info 0 /OUTPUT 1 "Q";
    .port_info 1 /INPUT 1 "C";
    .port_info 2 /INPUT 1 "R";
    .port_info 3 /INPUT 1 "D";
o0x7fb902f65cd8 .functor BUFZ 1, c4<z>; HiZ drive
v0x555580ddb4a0_0 .net "C", 0 0, o0x7fb902f65cd8;  0 drivers
o0x7fb902f65d08 .functor BUFZ 1, c4<z>; HiZ drive
v0x555580ddb580_0 .net "D", 0 0, o0x7fb902f65d08;  0 drivers
v0x555580ddb640_0 .var "Q", 0 0;
o0x7fb902f65d68 .functor BUFZ 1, c4<z>; HiZ drive
v0x555580ddb6e0_0 .net "R", 0 0, o0x7fb902f65d68;  0 drivers
E_0x555580ddb420 .event posedge, v0x555580ddb6e0_0, v0x555580ddb4a0_0;
S_0x555580d6ef10 .scope module, "SB_DFFS" "SB_DFFS" 14 521;
 .timescale -12 -12;
    .port_info 0 /OUTPUT 1 "Q";
    .port_info 1 /INPUT 1 "C";
    .port_info 2 /INPUT 1 "S";
    .port_info 3 /INPUT 1 "D";
o0x7fb902f65e58 .functor BUFZ 1, c4<z>; HiZ drive
v0x555580ddb8d0_0 .net "C", 0 0, o0x7fb902f65e58;  0 drivers
o0x7fb902f65e88 .functor BUFZ 1, c4<z>; HiZ drive
v0x555580ddb9b0_0 .net "D", 0 0, o0x7fb902f65e88;  0 drivers
v0x555580ddba70_0 .var "Q", 0 0;
o0x7fb902f65ee8 .functor BUFZ 1, c4<z>; HiZ drive
v0x555580ddbb10_0 .net "S", 0 0, o0x7fb902f65ee8;  0 drivers
E_0x555580ddb850 .event posedge, v0x555580ddbb10_0, v0x555580ddb8d0_0;
S_0x555580d86ea0 .scope module, "SB_DFFSR" "SB_DFFSR" 14 350;
 .timescale -12 -12;
    .port_info 0 /OUTPUT 1 "Q";
    .port_info 1 /INPUT 1 "C";
    .port_info 2 /INPUT 1 "R";
    .port_info 3 /INPUT 1 "D";
o0x7fb902f65fd8 .functor BUFZ 1, c4<z>; HiZ drive
v0x555580ddbd00_0 .net "C", 0 0, o0x7fb902f65fd8;  0 drivers
o0x7fb902f66008 .functor BUFZ 1, c4<z>; HiZ drive
v0x555580ddbde0_0 .net "D", 0 0, o0x7fb902f66008;  0 drivers
v0x555580ddbea0_0 .var "Q", 0 0;
o0x7fb902f66068 .functor BUFZ 1, c4<z>; HiZ drive
v0x555580ddbf40_0 .net "R", 0 0, o0x7fb902f66068;  0 drivers
E_0x555580ddbc80 .event posedge, v0x555580ddbd00_0;
S_0x555580d82b70 .scope module, "SB_DFFSS" "SB_DFFSS" 14 471;
 .timescale -12 -12;
    .port_info 0 /OUTPUT 1 "Q";
    .port_info 1 /INPUT 1 "C";
    .port_info 2 /INPUT 1 "S";
    .port_info 3 /INPUT 1 "D";
o0x7fb902f66158 .functor BUFZ 1, c4<z>; HiZ drive
v0x555580ddc130_0 .net "C", 0 0, o0x7fb902f66158;  0 drivers
o0x7fb902f66188 .functor BUFZ 1, c4<z>; HiZ drive
v0x555580ddc210_0 .net "D", 0 0, o0x7fb902f66188;  0 drivers
v0x555580ddc2d0_0 .var "Q", 0 0;
o0x7fb902f661e8 .functor BUFZ 1, c4<z>; HiZ drive
v0x555580ddc370_0 .net "S", 0 0, o0x7fb902f661e8;  0 drivers
E_0x555580ddc0b0 .event posedge, v0x555580ddc130_0;
S_0x555580d70da0 .scope module, "SB_FILTER_50NS" "SB_FILTER_50NS" 14 2856;
 .timescale -12 -12;
    .port_info 0 /INPUT 1 "FILTERIN";
    .port_info 1 /OUTPUT 1 "FILTEROUT";
o0x7fb902f662d8 .functor BUFZ 1, c4<z>; HiZ drive
v0x555580ddc4e0_0 .net "FILTERIN", 0 0, o0x7fb902f662d8;  0 drivers
o0x7fb902f66308 .functor BUFZ 1, c4<z>; HiZ drive
v0x555580ddc5c0_0 .net "FILTEROUT", 0 0, o0x7fb902f66308;  0 drivers
S_0x555580d81850 .scope module, "SB_GB" "SB_GB" 14 162;
 .timescale -12 -12;
    .port_info 0 /INPUT 1 "USER_SIGNAL_TO_GLOBAL_BUFFER";
    .port_info 1 /OUTPUT 1 "GLOBAL_BUFFER_OUTPUT";
o0x7fb902f663c8 .functor BUFZ 1, c4<z>; HiZ drive
L_0x555580e2d6e0 .functor BUFZ 1, o0x7fb902f663c8, C4<0>, C4<0>, C4<0>;
v0x555580ddc6e0_0 .net "GLOBAL_BUFFER_OUTPUT", 0 0, L_0x555580e2d6e0;  1 drivers
v0x555580ddc7a0_0 .net "USER_SIGNAL_TO_GLOBAL_BUFFER", 0 0, o0x7fb902f663c8;  0 drivers
S_0x555580d7c9d0 .scope module, "SB_GB_IO" "SB_GB_IO" 14 123;
 .timescale -12 -12;
    .port_info 0 /INOUT 1 "PACKAGE_PIN";
    .port_info 1 /OUTPUT 1 "GLOBAL_BUFFER_OUTPUT";
    .port_info 2 /INPUT 1 "LATCH_INPUT_VALUE";
    .port_info 3 /INPUT 1 "CLOCK_ENABLE";
    .port_info 4 /INPUT 1 "INPUT_CLK";
    .port_info 5 /INPUT 1 "OUTPUT_CLK";
    .port_info 6 /INPUT 1 "OUTPUT_ENABLE";
    .port_info 7 /INPUT 1 "D_OUT_0";
    .port_info 8 /INPUT 1 "D_OUT_1";
    .port_info 9 /OUTPUT 1 "D_IN_0";
    .port_info 10 /OUTPUT 1 "D_IN_1";
P_0x555580d9e1e0 .param/str "IO_STANDARD" 0 14 139, "SB_LVCMOS";
P_0x555580d9e220 .param/l "NEG_TRIGGER" 0 14 138, C4<0>;
P_0x555580d9e260 .param/l "PIN_TYPE" 0 14 136, C4<000000>;
P_0x555580d9e2a0 .param/l "PULLUP" 0 14 137, C4<0>;
o0x7fb902f66608 .functor BUFZ 1, c4<z>; HiZ drive
L_0x555580e2d750 .functor BUFZ 1, o0x7fb902f66608, C4<0>, C4<0>, C4<0>;
o0x7fb902f66458 .functor BUFZ 1, c4<z>; HiZ drive
v0x555580dde8f0_0 .net "CLOCK_ENABLE", 0 0, o0x7fb902f66458;  0 drivers
v0x555580dde9b0_0 .net "D_IN_0", 0 0, L_0x555580e2d9c0;  1 drivers
v0x555580ddea80_0 .net "D_IN_1", 0 0, L_0x555580e2da80;  1 drivers
o0x7fb902f664e8 .functor BUFZ 1, c4<z>; HiZ drive
v0x555580ddeb80_0 .net "D_OUT_0", 0 0, o0x7fb902f664e8;  0 drivers
o0x7fb902f66518 .functor BUFZ 1, c4<z>; HiZ drive
v0x555580ddec50_0 .net "D_OUT_1", 0 0, o0x7fb902f66518;  0 drivers
v0x555580ddecf0_0 .net "GLOBAL_BUFFER_OUTPUT", 0 0, L_0x555580e2d750;  1 drivers
o0x7fb902f66548 .functor BUFZ 1, c4<z>; HiZ drive
v0x555580dded90_0 .net "INPUT_CLK", 0 0, o0x7fb902f66548;  0 drivers
o0x7fb902f66578 .functor BUFZ 1, c4<z>; HiZ drive
v0x555580ddee60_0 .net "LATCH_INPUT_VALUE", 0 0, o0x7fb902f66578;  0 drivers
o0x7fb902f665a8 .functor BUFZ 1, c4<z>; HiZ drive
v0x555580ddef30_0 .net "OUTPUT_CLK", 0 0, o0x7fb902f665a8;  0 drivers
o0x7fb902f665d8 .functor BUFZ 1, c4<z>; HiZ drive
v0x555580ddf000_0 .net "OUTPUT_ENABLE", 0 0, o0x7fb902f665d8;  0 drivers
v0x555580ddf0d0_0 .net "PACKAGE_PIN", 0 0, o0x7fb902f66608;  0 drivers
S_0x555580ddc8c0 .scope module, "IO" "SB_IO" 14 148, 14 17 0, S_0x555580d7c9d0;
 .timescale -12 -12;
    .port_info 0 /INOUT 1 "PACKAGE_PIN";
    .port_info 1 /INPUT 1 "LATCH_INPUT_VALUE";
    .port_info 2 /INPUT 1 "CLOCK_ENABLE";
    .port_info 3 /INPUT 1 "INPUT_CLK";
    .port_info 4 /INPUT 1 "OUTPUT_CLK";
    .port_info 5 /INPUT 1 "OUTPUT_ENABLE";
    .port_info 6 /INPUT 1 "D_OUT_0";
    .port_info 7 /INPUT 1 "D_OUT_1";
    .port_info 8 /OUTPUT 1 "D_IN_0";
    .port_info 9 /OUTPUT 1 "D_IN_1";
P_0x555580dc8140 .param/str "IO_STANDARD" 0 14 32, "SB_LVCMOS";
P_0x555580dc8180 .param/l "NEG_TRIGGER" 0 14 31, C4<0>;
P_0x555580dc81c0 .param/l "PIN_TYPE" 0 14 29, C4<000000>;
P_0x555580dc8200 .param/l "PULLUP" 0 14 30, C4<0>;
L_0x555580e2d900 .functor OR 1, o0x7fb902f66458, L_0x555580e2d810, C4<0>, C4<0>;
L_0x555580e2d9c0 .functor BUFZ 1, v0x555580dddec0_0, C4<0>, C4<0>, C4<0>;
L_0x555580e2da80 .functor BUFZ 1, v0x555580dddf80_0, C4<0>, C4<0>, C4<0>;
v0x555580ddd330_0 .net "CLOCK_ENABLE", 0 0, o0x7fb902f66458;  alias, 0 drivers
v0x555580ddd3f0_0 .net "D_IN_0", 0 0, L_0x555580e2d9c0;  alias, 1 drivers
v0x555580ddd4b0_0 .net "D_IN_1", 0 0, L_0x555580e2da80;  alias, 1 drivers
v0x555580ddd550_0 .net "D_OUT_0", 0 0, o0x7fb902f664e8;  alias, 0 drivers
v0x555580ddd610_0 .net "D_OUT_1", 0 0, o0x7fb902f66518;  alias, 0 drivers
v0x555580ddd720_0 .net "INPUT_CLK", 0 0, o0x7fb902f66548;  alias, 0 drivers
v0x555580ddd7e0_0 .net "LATCH_INPUT_VALUE", 0 0, o0x7fb902f66578;  alias, 0 drivers
v0x555580ddd8a0_0 .net "OUTPUT_CLK", 0 0, o0x7fb902f665a8;  alias, 0 drivers
v0x555580ddd960_0 .net "OUTPUT_ENABLE", 0 0, o0x7fb902f665d8;  alias, 0 drivers
v0x555580ddda20_0 .net "PACKAGE_PIN", 0 0, o0x7fb902f66608;  alias, 0 drivers
o0x7fb902f66638 .functor BUFZ 1, c4<z>; HiZ drive
; Elide local net with no drivers, v0x555580dddae0_0 name=_ivl_0
v0x555580dddbc0_0 .net *"_ivl_2", 0 0, L_0x555580e2d810;  1 drivers
v0x555580dddc80_0 .net "clken_pulled", 0 0, L_0x555580e2d900;  1 drivers
v0x555580dddd40_0 .var "clken_pulled_ri", 0 0;
v0x555580ddde00_0 .var "clken_pulled_ro", 0 0;
v0x555580dddec0_0 .var "din_0", 0 0;
v0x555580dddf80_0 .var "din_1", 0 0;
v0x555580dde150_0 .var "din_q_0", 0 0;
v0x555580dde210_0 .var "din_q_1", 0 0;
v0x555580dde2d0_0 .var "dout", 0 0;
v0x555580dde390_0 .var "dout_q_0", 0 0;
v0x555580dde450_0 .var "dout_q_1", 0 0;
v0x555580dde510_0 .var "outclk_delayed_1", 0 0;
v0x555580dde5d0_0 .var "outclk_delayed_2", 0 0;
v0x555580dde690_0 .var "outena_q", 0 0;
E_0x555580ddcdd0 .event anyedge, v0x555580dde5d0_0, v0x555580dde390_0, v0x555580dde450_0;
E_0x555580ddce30 .event anyedge, v0x555580dde510_0;
E_0x555580ddce90 .event anyedge, v0x555580ddd8a0_0;
E_0x555580ddcef0 .event anyedge, v0x555580dde150_0, v0x555580dde210_0;
L_0x555580e2d810 .cmp/eeq 1, o0x7fb902f66458, o0x7fb902f66638;
S_0x555580ddcf80 .scope generate, "genblk1" "genblk1" 14 45, 14 45 0, S_0x555580ddc8c0;
 .timescale -12 -12;
E_0x555580ddd160 .event posedge, v0x555580ddd8a0_0;
E_0x555580ddd1e0 .event negedge, v0x555580ddd8a0_0;
E_0x555580ddd240 .event negedge, v0x555580ddd720_0;
E_0x555580ddd2a0 .event posedge, v0x555580ddd720_0;
S_0x555580d6c0b0 .scope module, "SB_HFOSC" "SB_HFOSC" 14 2664;
 .timescale -12 -12;
    .port_info 0 /INPUT 1 "TRIM0";
    .port_info 1 /INPUT 1 "TRIM1";
    .port_info 2 /INPUT 1 "TRIM2";
    .port_info 3 /INPUT 1 "TRIM3";
    .port_info 4 /INPUT 1 "TRIM4";
    .port_info 5 /INPUT 1 "TRIM5";
    .port_info 6 /INPUT 1 "TRIM6";
    .port_info 7 /INPUT 1 "TRIM7";
    .port_info 8 /INPUT 1 "TRIM8";
    .port_info 9 /INPUT 1 "TRIM9";
    .port_info 10 /INPUT 1 "CLKHFPU";
    .port_info 11 /INPUT 1 "CLKHFEN";
    .port_info 12 /OUTPUT 1 "CLKHF";
P_0x555580b82f60 .param/str "CLKHF_DIV" 0 14 2680, "0b00";
P_0x555580b82fa0 .param/str "TRIM_EN" 0 14 2679, "0b0";
o0x7fb902f66d28 .functor BUFZ 1, c4<z>; HiZ drive
v0x555580ddf1c0_0 .net "CLKHF", 0 0, o0x7fb902f66d28;  0 drivers
o0x7fb902f66d58 .functor BUFZ 1, c4<z>; HiZ drive
v0x555580ddf2a0_0 .net "CLKHFEN", 0 0, o0x7fb902f66d58;  0 drivers
o0x7fb902f66d88 .functor BUFZ 1, c4<z>; HiZ drive
v0x555580ddf360_0 .net "CLKHFPU", 0 0, o0x7fb902f66d88;  0 drivers
o0x7fb902f66db8 .functor BUFZ 1, c4<z>; HiZ drive
v0x555580ddf430_0 .net "TRIM0", 0 0, o0x7fb902f66db8;  0 drivers
o0x7fb902f66de8 .functor BUFZ 1, c4<z>; HiZ drive
v0x555580ddf4f0_0 .net "TRIM1", 0 0, o0x7fb902f66de8;  0 drivers
o0x7fb902f66e18 .functor BUFZ 1, c4<z>; HiZ drive
v0x555580ddf5b0_0 .net "TRIM2", 0 0, o0x7fb902f66e18;  0 drivers
o0x7fb902f66e48 .functor BUFZ 1, c4<z>; HiZ drive
v0x555580ddf670_0 .net "TRIM3", 0 0, o0x7fb902f66e48;  0 drivers
o0x7fb902f66e78 .functor BUFZ 1, c4<z>; HiZ drive
v0x555580ddf730_0 .net "TRIM4", 0 0, o0x7fb902f66e78;  0 drivers
o0x7fb902f66ea8 .functor BUFZ 1, c4<z>; HiZ drive
v0x555580ddf7f0_0 .net "TRIM5", 0 0, o0x7fb902f66ea8;  0 drivers
o0x7fb902f66ed8 .functor BUFZ 1, c4<z>; HiZ drive
v0x555580ddf940_0 .net "TRIM6", 0 0, o0x7fb902f66ed8;  0 drivers
o0x7fb902f66f08 .functor BUFZ 1, c4<z>; HiZ drive
v0x555580ddfa00_0 .net "TRIM7", 0 0, o0x7fb902f66f08;  0 drivers
o0x7fb902f66f38 .functor BUFZ 1, c4<z>; HiZ drive
v0x555580ddfac0_0 .net "TRIM8", 0 0, o0x7fb902f66f38;  0 drivers
o0x7fb902f66f68 .functor BUFZ 1, c4<z>; HiZ drive
v0x555580ddfb80_0 .net "TRIM9", 0 0, o0x7fb902f66f68;  0 drivers
S_0x555580d32500 .scope module, "SB_I2C" "SB_I2C" 14 2733;
 .timescale -12 -12;
    .port_info 0 /INPUT 1 "SBCLKI";
    .port_info 1 /INPUT 1 "SBRWI";
    .port_info 2 /INPUT 1 "SBSTBI";
    .port_info 3 /INPUT 1 "SBADRI7";
    .port_info 4 /INPUT 1 "SBADRI6";
    .port_info 5 /INPUT 1 "SBADRI5";
    .port_info 6 /INPUT 1 "SBADRI4";
    .port_info 7 /INPUT 1 "SBADRI3";
    .port_info 8 /INPUT 1 "SBADRI2";
    .port_info 9 /INPUT 1 "SBADRI1";
    .port_info 10 /INPUT 1 "SBADRI0";
    .port_info 11 /INPUT 1 "SBDATI7";
    .port_info 12 /INPUT 1 "SBDATI6";
    .port_info 13 /INPUT 1 "SBDATI5";
    .port_info 14 /INPUT 1 "SBDATI4";
    .port_info 15 /INPUT 1 "SBDATI3";
    .port_info 16 /INPUT 1 "SBDATI2";
    .port_info 17 /INPUT 1 "SBDATI1";
    .port_info 18 /INPUT 1 "SBDATI0";
    .port_info 19 /INPUT 1 "SCLI";
    .port_info 20 /INPUT 1 "SDAI";
    .port_info 21 /OUTPUT 1 "SBDATO7";
    .port_info 22 /OUTPUT 1 "SBDATO6";
    .port_info 23 /OUTPUT 1 "SBDATO5";
    .port_info 24 /OUTPUT 1 "SBDATO4";
    .port_info 25 /OUTPUT 1 "SBDATO3";
    .port_info 26 /OUTPUT 1 "SBDATO2";
    .port_info 27 /OUTPUT 1 "SBDATO1";
    .port_info 28 /OUTPUT 1 "SBDATO0";
    .port_info 29 /OUTPUT 1 "SBACKO";
    .port_info 30 /OUTPUT 1 "I2CIRQ";
    .port_info 31 /OUTPUT 1 "I2CWKUP";
    .port_info 32 /OUTPUT 1 "SCLO";
    .port_info 33 /OUTPUT 1 "SCLOE";
    .port_info 34 /OUTPUT 1 "SDAO";
    .port_info 35 /OUTPUT 1 "SDAOE";
P_0x555580b830b0 .param/str "BUS_ADDR74" 0 14 2772, "0b0001";
P_0x555580b830f0 .param/str "I2C_SLAVE_INIT_ADDR" 0 14 2771, "0b1111100001";
o0x7fb902f67208 .functor BUFZ 1, c4<z>; HiZ drive
v0x555580ddfe50_0 .net "I2CIRQ", 0 0, o0x7fb902f67208;  0 drivers
o0x7fb902f67238 .functor BUFZ 1, c4<z>; HiZ drive
v0x555580ddff30_0 .net "I2CWKUP", 0 0, o0x7fb902f67238;  0 drivers
o0x7fb902f67268 .functor BUFZ 1, c4<z>; HiZ drive
v0x555580ddfff0_0 .net "SBACKO", 0 0, o0x7fb902f67268;  0 drivers
o0x7fb902f67298 .functor BUFZ 1, c4<z>; HiZ drive
v0x555580de0090_0 .net "SBADRI0", 0 0, o0x7fb902f67298;  0 drivers
o0x7fb902f672c8 .functor BUFZ 1, c4<z>; HiZ drive
v0x555580de0150_0 .net "SBADRI1", 0 0, o0x7fb902f672c8;  0 drivers
o0x7fb902f672f8 .functor BUFZ 1, c4<z>; HiZ drive
v0x555580de0210_0 .net "SBADRI2", 0 0, o0x7fb902f672f8;  0 drivers
o0x7fb902f67328 .functor BUFZ 1, c4<z>; HiZ drive
v0x555580de02d0_0 .net "SBADRI3", 0 0, o0x7fb902f67328;  0 drivers
o0x7fb902f67358 .functor BUFZ 1, c4<z>; HiZ drive
v0x555580de0390_0 .net "SBADRI4", 0 0, o0x7fb902f67358;  0 drivers
o0x7fb902f67388 .functor BUFZ 1, c4<z>; HiZ drive
v0x555580de0450_0 .net "SBADRI5", 0 0, o0x7fb902f67388;  0 drivers
o0x7fb902f673b8 .functor BUFZ 1, c4<z>; HiZ drive
v0x555580de05a0_0 .net "SBADRI6", 0 0, o0x7fb902f673b8;  0 drivers
o0x7fb902f673e8 .functor BUFZ 1, c4<z>; HiZ drive
v0x555580de0660_0 .net "SBADRI7", 0 0, o0x7fb902f673e8;  0 drivers
o0x7fb902f67418 .functor BUFZ 1, c4<z>; HiZ drive
v0x555580de0720_0 .net "SBCLKI", 0 0, o0x7fb902f67418;  0 drivers
o0x7fb902f67448 .functor BUFZ 1, c4<z>; HiZ drive
v0x555580de07e0_0 .net "SBDATI0", 0 0, o0x7fb902f67448;  0 drivers
o0x7fb902f67478 .functor BUFZ 1, c4<z>; HiZ drive
v0x555580de08a0_0 .net "SBDATI1", 0 0, o0x7fb902f67478;  0 drivers
o0x7fb902f674a8 .functor BUFZ 1, c4<z>; HiZ drive
v0x555580de0960_0 .net "SBDATI2", 0 0, o0x7fb902f674a8;  0 drivers
o0x7fb902f674d8 .functor BUFZ 1, c4<z>; HiZ drive
v0x555580de0a20_0 .net "SBDATI3", 0 0, o0x7fb902f674d8;  0 drivers
o0x7fb902f67508 .functor BUFZ 1, c4<z>; HiZ drive
v0x555580de0ae0_0 .net "SBDATI4", 0 0, o0x7fb902f67508;  0 drivers
o0x7fb902f67538 .functor BUFZ 1, c4<z>; HiZ drive
v0x555580de0cb0_0 .net "SBDATI5", 0 0, o0x7fb902f67538;  0 drivers
o0x7fb902f67568 .functor BUFZ 1, c4<z>; HiZ drive
v0x555580de0d70_0 .net "SBDATI6", 0 0, o0x7fb902f67568;  0 drivers
o0x7fb902f67598 .functor BUFZ 1, c4<z>; HiZ drive
v0x555580de0e30_0 .net "SBDATI7", 0 0, o0x7fb902f67598;  0 drivers
o0x7fb902f675c8 .functor BUFZ 1, c4<z>; HiZ drive
v0x555580de0ef0_0 .net "SBDATO0", 0 0, o0x7fb902f675c8;  0 drivers
o0x7fb902f675f8 .functor BUFZ 1, c4<z>; HiZ drive
v0x555580de0fb0_0 .net "SBDATO1", 0 0, o0x7fb902f675f8;  0 drivers
o0x7fb902f67628 .functor BUFZ 1, c4<z>; HiZ drive
v0x555580de1070_0 .net "SBDATO2", 0 0, o0x7fb902f67628;  0 drivers
o0x7fb902f67658 .functor BUFZ 1, c4<z>; HiZ drive
v0x555580de1130_0 .net "SBDATO3", 0 0, o0x7fb902f67658;  0 drivers
o0x7fb902f67688 .functor BUFZ 1, c4<z>; HiZ drive
v0x555580de11f0_0 .net "SBDATO4", 0 0, o0x7fb902f67688;  0 drivers
o0x7fb902f676b8 .functor BUFZ 1, c4<z>; HiZ drive
v0x555580de12b0_0 .net "SBDATO5", 0 0, o0x7fb902f676b8;  0 drivers
o0x7fb902f676e8 .functor BUFZ 1, c4<z>; HiZ drive
v0x555580de1370_0 .net "SBDATO6", 0 0, o0x7fb902f676e8;  0 drivers
o0x7fb902f67718 .functor BUFZ 1, c4<z>; HiZ drive
v0x555580de1430_0 .net "SBDATO7", 0 0, o0x7fb902f67718;  0 drivers
o0x7fb902f67748 .functor BUFZ 1, c4<z>; HiZ drive
v0x555580de14f0_0 .net "SBRWI", 0 0, o0x7fb902f67748;  0 drivers
o0x7fb902f67778 .functor BUFZ 1, c4<z>; HiZ drive
v0x555580de15b0_0 .net "SBSTBI", 0 0, o0x7fb902f67778;  0 drivers
o0x7fb902f677a8 .functor BUFZ 1, c4<z>; HiZ drive
v0x555580de1670_0 .net "SCLI", 0 0, o0x7fb902f677a8;  0 drivers
o0x7fb902f677d8 .functor BUFZ 1, c4<z>; HiZ drive
v0x555580de1730_0 .net "SCLO", 0 0, o0x7fb902f677d8;  0 drivers
o0x7fb902f67808 .functor BUFZ 1, c4<z>; HiZ drive
v0x555580de17f0_0 .net "SCLOE", 0 0, o0x7fb902f67808;  0 drivers
o0x7fb902f67838 .functor BUFZ 1, c4<z>; HiZ drive
v0x555580de1ac0_0 .net "SDAI", 0 0, o0x7fb902f67838;  0 drivers
o0x7fb902f67868 .functor BUFZ 1, c4<z>; HiZ drive
v0x555580de1b80_0 .net "SDAO", 0 0, o0x7fb902f67868;  0 drivers
o0x7fb902f67898 .functor BUFZ 1, c4<z>; HiZ drive
v0x555580de1c40_0 .net "SDAOE", 0 0, o0x7fb902f67898;  0 drivers
S_0x555580d42670 .scope module, "SB_IO_I3C" "SB_IO_I3C" 14 2862;
 .timescale -12 -12;
    .port_info 0 /INOUT 1 "PACKAGE_PIN";
    .port_info 1 /INPUT 1 "LATCH_INPUT_VALUE";
    .port_info 2 /INPUT 1 "CLOCK_ENABLE";
    .port_info 3 /INPUT 1 "INPUT_CLK";
    .port_info 4 /INPUT 1 "OUTPUT_CLK";
    .port_info 5 /INPUT 1 "OUTPUT_ENABLE";
    .port_info 6 /INPUT 1 "D_OUT_0";
    .port_info 7 /INPUT 1 "D_OUT_1";
    .port_info 8 /OUTPUT 1 "D_IN_0";
    .port_info 9 /OUTPUT 1 "D_IN_1";
    .port_info 10 /INPUT 1 "PU_ENB";
    .port_info 11 /INPUT 1 "WEAK_PU_ENB";
P_0x555580d19900 .param/str "IO_STANDARD" 0 14 2880, "SB_LVCMOS";
P_0x555580d19940 .param/l "NEG_TRIGGER" 0 14 2879, C4<0>;
P_0x555580d19980 .param/l "PIN_TYPE" 0 14 2876, C4<000000>;
P_0x555580d199c0 .param/l "PULLUP" 0 14 2877, C4<0>;
P_0x555580d19a00 .param/l "WEAK_PULLUP" 0 14 2878, C4<0>;
L_0x555580e2db40 .functor BUFZ 1, v0x555580de2fe0_0, C4<0>, C4<0>, C4<0>;
L_0x555580e2dbb0 .functor BUFZ 1, v0x555580de30a0_0, C4<0>, C4<0>, C4<0>;
o0x7fb902f67f88 .functor BUFZ 1, c4<z>; HiZ drive
v0x555580de26b0_0 .net "CLOCK_ENABLE", 0 0, o0x7fb902f67f88;  0 drivers
v0x555580de2770_0 .net "D_IN_0", 0 0, L_0x555580e2db40;  1 drivers
v0x555580de2830_0 .net "D_IN_1", 0 0, L_0x555580e2dbb0;  1 drivers
o0x7fb902f68018 .functor BUFZ 1, c4<z>; HiZ drive
v0x555580de28d0_0 .net "D_OUT_0", 0 0, o0x7fb902f68018;  0 drivers
o0x7fb902f68048 .functor BUFZ 1, c4<z>; HiZ drive
v0x555580de2990_0 .net "D_OUT_1", 0 0, o0x7fb902f68048;  0 drivers
o0x7fb902f68078 .functor BUFZ 1, c4<z>; HiZ drive
v0x555580de2aa0_0 .net "INPUT_CLK", 0 0, o0x7fb902f68078;  0 drivers
o0x7fb902f680a8 .functor BUFZ 1, c4<z>; HiZ drive
v0x555580de2b60_0 .net "LATCH_INPUT_VALUE", 0 0, o0x7fb902f680a8;  0 drivers
o0x7fb902f680d8 .functor BUFZ 1, c4<z>; HiZ drive
v0x555580de2c20_0 .net "OUTPUT_CLK", 0 0, o0x7fb902f680d8;  0 drivers
o0x7fb902f68108 .functor BUFZ 1, c4<z>; HiZ drive
v0x555580de2ce0_0 .net "OUTPUT_ENABLE", 0 0, o0x7fb902f68108;  0 drivers
o0x7fb902f68138 .functor BUFZ 1, c4<z>; HiZ drive
v0x555580de2da0_0 .net "PACKAGE_PIN", 0 0, o0x7fb902f68138;  0 drivers
o0x7fb902f68168 .functor BUFZ 1, c4<z>; HiZ drive
v0x555580de2e60_0 .net "PU_ENB", 0 0, o0x7fb902f68168;  0 drivers
o0x7fb902f68198 .functor BUFZ 1, c4<z>; HiZ drive
v0x555580de2f20_0 .net "WEAK_PU_ENB", 0 0, o0x7fb902f68198;  0 drivers
v0x555580de2fe0_0 .var "din_0", 0 0;
v0x555580de30a0_0 .var "din_1", 0 0;
v0x555580de3160_0 .var "din_q_0", 0 0;
v0x555580de3220_0 .var "din_q_1", 0 0;
v0x555580de32e0_0 .var "dout", 0 0;
v0x555580de33a0_0 .var "dout_q_0", 0 0;
v0x555580de3460_0 .var "dout_q_1", 0 0;
v0x555580de3520_0 .var "outclk_delayed_1", 0 0;
v0x555580de35e0_0 .var "outclk_delayed_2", 0 0;
v0x555580de36a0_0 .var "outena_q", 0 0;
E_0x555580de2180 .event anyedge, v0x555580de35e0_0, v0x555580de33a0_0, v0x555580de3460_0;
E_0x555580de2200 .event anyedge, v0x555580de3520_0;
E_0x555580de2260 .event anyedge, v0x555580de2c20_0;
E_0x555580de22c0 .event anyedge, v0x555580de3160_0, v0x555580de3220_0;
S_0x555580de2350 .scope generate, "genblk1" "genblk1" 14 2888, 14 2888 0, S_0x555580d42670;
 .timescale -12 -12;
E_0x555580de24e0 .event posedge, v0x555580de2c20_0;
E_0x555580de2560 .event negedge, v0x555580de2c20_0;
E_0x555580de25c0 .event negedge, v0x555580de2aa0_0;
E_0x555580de2620 .event posedge, v0x555580de2aa0_0;
S_0x555580d1d4f0 .scope module, "SB_IO_OD" "SB_IO_OD" 14 2931;
 .timescale -12 -12;
    .port_info 0 /INOUT 1 "PACKAGEPIN";
    .port_info 1 /INPUT 1 "LATCHINPUTVALUE";
    .port_info 2 /INPUT 1 "CLOCKENABLE";
    .port_info 3 /INPUT 1 "INPUTCLK";
    .port_info 4 /INPUT 1 "OUTPUTCLK";
    .port_info 5 /INPUT 1 "OUTPUTENABLE";
    .port_info 6 /INPUT 1 "DOUT1";
    .port_info 7 /INPUT 1 "DOUT0";
    .port_info 8 /OUTPUT 1 "DIN1";
    .port_info 9 /OUTPUT 1 "DIN0";
P_0x555580b83200 .param/l "NEG_TRIGGER" 0 14 2944, C4<0>;
P_0x555580b83240 .param/l "PIN_TYPE" 0 14 2943, C4<000000>;
L_0x555580e2dc20 .functor BUFZ 1, v0x555580de4630_0, C4<0>, C4<0>, C4<0>;
L_0x555580e2dc90 .functor BUFZ 1, v0x555580de46f0_0, C4<0>, C4<0>, C4<0>;
o0x7fb902f685e8 .functor BUFZ 1, c4<z>; HiZ drive
v0x555580de3e80_0 .net "CLOCKENABLE", 0 0, o0x7fb902f685e8;  0 drivers
v0x555580de3f40_0 .net "DIN0", 0 0, L_0x555580e2dc20;  1 drivers
v0x555580de4000_0 .net "DIN1", 0 0, L_0x555580e2dc90;  1 drivers
o0x7fb902f68678 .functor BUFZ 1, c4<z>; HiZ drive
v0x555580de40a0_0 .net "DOUT0", 0 0, o0x7fb902f68678;  0 drivers
o0x7fb902f686a8 .functor BUFZ 1, c4<z>; HiZ drive
v0x555580de4160_0 .net "DOUT1", 0 0, o0x7fb902f686a8;  0 drivers
o0x7fb902f686d8 .functor BUFZ 1, c4<z>; HiZ drive
v0x555580de4270_0 .net "INPUTCLK", 0 0, o0x7fb902f686d8;  0 drivers
o0x7fb902f68708 .functor BUFZ 1, c4<z>; HiZ drive
v0x555580de4330_0 .net "LATCHINPUTVALUE", 0 0, o0x7fb902f68708;  0 drivers
o0x7fb902f68738 .functor BUFZ 1, c4<z>; HiZ drive
v0x555580de43f0_0 .net "OUTPUTCLK", 0 0, o0x7fb902f68738;  0 drivers
o0x7fb902f68768 .functor BUFZ 1, c4<z>; HiZ drive
v0x555580de44b0_0 .net "OUTPUTENABLE", 0 0, o0x7fb902f68768;  0 drivers
o0x7fb902f68798 .functor BUFZ 1, c4<z>; HiZ drive
v0x555580de4570_0 .net "PACKAGEPIN", 0 0, o0x7fb902f68798;  0 drivers
v0x555580de4630_0 .var "din_0", 0 0;
v0x555580de46f0_0 .var "din_1", 0 0;
v0x555580de47b0_0 .var "din_q_0", 0 0;
v0x555580de4870_0 .var "din_q_1", 0 0;
v0x555580de4930_0 .var "dout", 0 0;
v0x555580de49f0_0 .var "dout_q_0", 0 0;
v0x555580de4ab0_0 .var "dout_q_1", 0 0;
v0x555580de4c80_0 .var "outclk_delayed_1", 0 0;
v0x555580de4d40_0 .var "outclk_delayed_2", 0 0;
v0x555580de4e00_0 .var "outena_q", 0 0;
E_0x555580de3950 .event anyedge, v0x555580de4d40_0, v0x555580de49f0_0, v0x555580de4ab0_0;
E_0x555580de39d0 .event anyedge, v0x555580de4c80_0;
E_0x555580de3a30 .event anyedge, v0x555580de43f0_0;
E_0x555580de3a90 .event anyedge, v0x555580de47b0_0, v0x555580de4870_0;
S_0x555580de3b20 .scope generate, "genblk1" "genblk1" 14 2952, 14 2952 0, S_0x555580d1d4f0;
 .timescale -12 -12;
E_0x555580de3cb0 .event posedge, v0x555580de43f0_0;
E_0x555580de3d30 .event negedge, v0x555580de43f0_0;
E_0x555580de3d90 .event negedge, v0x555580de4270_0;
E_0x555580de3df0 .event posedge, v0x555580de4270_0;
S_0x555580d1ca20 .scope module, "SB_LEDDA_IP" "SB_LEDDA_IP" 14 2830;
 .timescale -12 -12;
    .port_info 0 /INPUT 1 "LEDDCS";
    .port_info 1 /INPUT 1 "LEDDCLK";
    .port_info 2 /INPUT 1 "LEDDDAT7";
    .port_info 3 /INPUT 1 "LEDDDAT6";
    .port_info 4 /INPUT 1 "LEDDDAT5";
    .port_info 5 /INPUT 1 "LEDDDAT4";
    .port_info 6 /INPUT 1 "LEDDDAT3";
    .port_info 7 /INPUT 1 "LEDDDAT2";
    .port_info 8 /INPUT 1 "LEDDDAT1";
    .port_info 9 /INPUT 1 "LEDDDAT0";
    .port_info 10 /INPUT 1 "LEDDADDR3";
    .port_info 11 /INPUT 1 "LEDDADDR2";
    .port_info 12 /INPUT 1 "LEDDADDR1";
    .port_info 13 /INPUT 1 "LEDDADDR0";
    .port_info 14 /INPUT 1 "LEDDDEN";
    .port_info 15 /INPUT 1 "LEDDEXE";
    .port_info 16 /INPUT 1 "LEDDRST";
    .port_info 17 /OUTPUT 1 "PWMOUT0";
    .port_info 18 /OUTPUT 1 "PWMOUT1";
    .port_info 19 /OUTPUT 1 "PWMOUT2";
    .port_info 20 /OUTPUT 1 "LEDDON";
o0x7fb902f68b88 .functor BUFZ 1, c4<z>; HiZ drive
v0x555580de5000_0 .net "LEDDADDR0", 0 0, o0x7fb902f68b88;  0 drivers
o0x7fb902f68bb8 .functor BUFZ 1, c4<z>; HiZ drive
v0x555580de50e0_0 .net "LEDDADDR1", 0 0, o0x7fb902f68bb8;  0 drivers
o0x7fb902f68be8 .functor BUFZ 1, c4<z>; HiZ drive
v0x555580de51a0_0 .net "LEDDADDR2", 0 0, o0x7fb902f68be8;  0 drivers
o0x7fb902f68c18 .functor BUFZ 1, c4<z>; HiZ drive
v0x555580de5240_0 .net "LEDDADDR3", 0 0, o0x7fb902f68c18;  0 drivers
o0x7fb902f68c48 .functor BUFZ 1, c4<z>; HiZ drive
v0x555580de5300_0 .net "LEDDCLK", 0 0, o0x7fb902f68c48;  0 drivers
o0x7fb902f68c78 .functor BUFZ 1, c4<z>; HiZ drive
v0x555580de53c0_0 .net "LEDDCS", 0 0, o0x7fb902f68c78;  0 drivers
o0x7fb902f68ca8 .functor BUFZ 1, c4<z>; HiZ drive
v0x555580de5480_0 .net "LEDDDAT0", 0 0, o0x7fb902f68ca8;  0 drivers
o0x7fb902f68cd8 .functor BUFZ 1, c4<z>; HiZ drive
v0x555580de5540_0 .net "LEDDDAT1", 0 0, o0x7fb902f68cd8;  0 drivers
o0x7fb902f68d08 .functor BUFZ 1, c4<z>; HiZ drive
v0x555580de5600_0 .net "LEDDDAT2", 0 0, o0x7fb902f68d08;  0 drivers
o0x7fb902f68d38 .functor BUFZ 1, c4<z>; HiZ drive
v0x555580de56c0_0 .net "LEDDDAT3", 0 0, o0x7fb902f68d38;  0 drivers
o0x7fb902f68d68 .functor BUFZ 1, c4<z>; HiZ drive
v0x555580de5780_0 .net "LEDDDAT4", 0 0, o0x7fb902f68d68;  0 drivers
o0x7fb902f68d98 .functor BUFZ 1, c4<z>; HiZ drive
v0x555580de5840_0 .net "LEDDDAT5", 0 0, o0x7fb902f68d98;  0 drivers
o0x7fb902f68dc8 .functor BUFZ 1, c4<z>; HiZ drive
v0x555580de5900_0 .net "LEDDDAT6", 0 0, o0x7fb902f68dc8;  0 drivers
o0x7fb902f68df8 .functor BUFZ 1, c4<z>; HiZ drive
v0x555580de59c0_0 .net "LEDDDAT7", 0 0, o0x7fb902f68df8;  0 drivers
o0x7fb902f68e28 .functor BUFZ 1, c4<z>; HiZ drive
v0x555580de5a80_0 .net "LEDDDEN", 0 0, o0x7fb902f68e28;  0 drivers
o0x7fb902f68e58 .functor BUFZ 1, c4<z>; HiZ drive
v0x555580de5b40_0 .net "LEDDEXE", 0 0, o0x7fb902f68e58;  0 drivers
o0x7fb902f68e88 .functor BUFZ 1, c4<z>; HiZ drive
v0x555580de5c00_0 .net "LEDDON", 0 0, o0x7fb902f68e88;  0 drivers
o0x7fb902f68eb8 .functor BUFZ 1, c4<z>; HiZ drive
v0x555580de5dd0_0 .net "LEDDRST", 0 0, o0x7fb902f68eb8;  0 drivers
o0x7fb902f68ee8 .functor BUFZ 1, c4<z>; HiZ drive
v0x555580de5e90_0 .net "PWMOUT0", 0 0, o0x7fb902f68ee8;  0 drivers
o0x7fb902f68f18 .functor BUFZ 1, c4<z>; HiZ drive
v0x555580de5f50_0 .net "PWMOUT1", 0 0, o0x7fb902f68f18;  0 drivers
o0x7fb902f68f48 .functor BUFZ 1, c4<z>; HiZ drive
v0x555580de6010_0 .net "PWMOUT2", 0 0, o0x7fb902f68f48;  0 drivers
S_0x555580bf0790 .scope module, "SB_LED_DRV_CUR" "SB_LED_DRV_CUR" 14 2709;
 .timescale -12 -12;
    .port_info 0 /INPUT 1 "EN";
    .port_info 1 /OUTPUT 1 "LEDPU";
o0x7fb902f69368 .functor BUFZ 1, c4<z>; HiZ drive
v0x555580de6420_0 .net "EN", 0 0, o0x7fb902f69368;  0 drivers
o0x7fb902f69398 .functor BUFZ 1, c4<z>; HiZ drive
v0x555580de6500_0 .net "LEDPU", 0 0, o0x7fb902f69398;  0 drivers
S_0x555580d1bd00 .scope module, "SB_LFOSC" "SB_LFOSC" 14 2684;
 .timescale -12 -12;
    .port_info 0 /INPUT 1 "CLKLFPU";
    .port_info 1 /INPUT 1 "CLKLFEN";
    .port_info 2 /OUTPUT 1 "CLKLF";
o0x7fb902f69428 .functor BUFZ 1, c4<z>; HiZ drive
v0x555580de6620_0 .net "CLKLF", 0 0, o0x7fb902f69428;  0 drivers
o0x7fb902f69458 .functor BUFZ 1, c4<z>; HiZ drive
v0x555580de66e0_0 .net "CLKLFEN", 0 0, o0x7fb902f69458;  0 drivers
o0x7fb902f69488 .functor BUFZ 1, c4<z>; HiZ drive
v0x555580de67a0_0 .net "CLKLFPU", 0 0, o0x7fb902f69488;  0 drivers
S_0x555580d1b060 .scope module, "SB_LUT4" "SB_LUT4" 14 177;
 .timescale -12 -12;
    .port_info 0 /OUTPUT 1 "O";
    .port_info 1 /INPUT 1 "I0";
    .port_info 2 /INPUT 1 "I1";
    .port_info 3 /INPUT 1 "I2";
    .port_info 4 /INPUT 1 "I3";
P_0x555580b905c0 .param/l "LUT_INIT" 0 14 184, C4<0000000000000000>;
o0x7fb902f69548 .functor BUFZ 1, c4<z>; HiZ drive
v0x555580de68c0_0 .net "I0", 0 0, o0x7fb902f69548;  0 drivers
o0x7fb902f69578 .functor BUFZ 1, c4<z>; HiZ drive
v0x555580de6980_0 .net "I1", 0 0, o0x7fb902f69578;  0 drivers
o0x7fb902f695a8 .functor BUFZ 1, c4<z>; HiZ drive
v0x555580de6a40_0 .net "I2", 0 0, o0x7fb902f695a8;  0 drivers
o0x7fb902f695d8 .functor BUFZ 1, c4<z>; HiZ drive
v0x555580de6b10_0 .net "I3", 0 0, o0x7fb902f695d8;  0 drivers
v0x555580de6bd0_0 .net "O", 0 0, L_0x555580e2e6e0;  1 drivers
L_0x7fb902bb7a80 .functor BUFT 1, C4<00000000>, C4<0>, C4<0>, C4<0>;
v0x555580de6c90_0 .net/2u *"_ivl_0", 7 0, L_0x7fb902bb7a80;  1 drivers
v0x555580de6d70_0 .net *"_ivl_13", 1 0, L_0x555580e2e230;  1 drivers
v0x555580de6e50_0 .net *"_ivl_15", 1 0, L_0x555580e2e320;  1 drivers
v0x555580de6f30_0 .net *"_ivl_19", 0 0, L_0x555580e2e500;  1 drivers
L_0x7fb902bb7ac8 .functor BUFT 1, C4<00000000>, C4<0>, C4<0>, C4<0>;
v0x555580de7010_0 .net/2u *"_ivl_2", 7 0, L_0x7fb902bb7ac8;  1 drivers
v0x555580de70f0_0 .net *"_ivl_21", 0 0, L_0x555580e2e640;  1 drivers
v0x555580de71d0_0 .net *"_ivl_7", 3 0, L_0x555580e2df00;  1 drivers
v0x555580de72b0_0 .net *"_ivl_9", 3 0, L_0x555580e2dff0;  1 drivers
v0x555580de7390_0 .net "s1", 1 0, L_0x555580e2e3c0;  1 drivers
v0x555580de7470_0 .net "s2", 3 0, L_0x555580e2e090;  1 drivers
v0x555580de7550_0 .net "s3", 7 0, L_0x555580e2dd60;  1 drivers
L_0x555580e2dd60 .functor MUXZ 8, L_0x7fb902bb7ac8, L_0x7fb902bb7a80, o0x7fb902f695d8, C4<>;
L_0x555580e2df00 .part L_0x555580e2dd60, 4, 4;
L_0x555580e2dff0 .part L_0x555580e2dd60, 0, 4;
L_0x555580e2e090 .functor MUXZ 4, L_0x555580e2dff0, L_0x555580e2df00, o0x7fb902f695a8, C4<>;
L_0x555580e2e230 .part L_0x555580e2e090, 2, 2;
L_0x555580e2e320 .part L_0x555580e2e090, 0, 2;
L_0x555580e2e3c0 .functor MUXZ 2, L_0x555580e2e320, L_0x555580e2e230, o0x7fb902f69578, C4<>;
L_0x555580e2e500 .part L_0x555580e2e3c0, 1, 1;
L_0x555580e2e640 .part L_0x555580e2e3c0, 0, 1;
L_0x555580e2e6e0 .functor MUXZ 1, L_0x555580e2e640, L_0x555580e2e500, o0x7fb902f69548, C4<>;
S_0x555580d14250 .scope module, "SB_MAC16" "SB_MAC16" 14 2996;
 .timescale -12 -12;
    .port_info 0 /INPUT 1 "CLK";
    .port_info 1 /INPUT 1 "CE";
    .port_info 2 /INPUT 16 "C";
    .port_info 3 /INPUT 16 "A";
    .port_info 4 /INPUT 16 "B";
    .port_info 5 /INPUT 16 "D";
    .port_info 6 /INPUT 1 "AHOLD";
    .port_info 7 /INPUT 1 "BHOLD";
    .port_info 8 /INPUT 1 "CHOLD";
    .port_info 9 /INPUT 1 "DHOLD";
    .port_info 10 /INPUT 1 "IRSTTOP";
    .port_info 11 /INPUT 1 "IRSTBOT";
    .port_info 12 /INPUT 1 "ORSTTOP";
    .port_info 13 /INPUT 1 "ORSTBOT";
    .port_info 14 /INPUT 1 "OLOADTOP";
    .port_info 15 /INPUT 1 "OLOADBOT";
    .port_info 16 /INPUT 1 "ADDSUBTOP";
    .port_info 17 /INPUT 1 "ADDSUBBOT";
    .port_info 18 /INPUT 1 "OHOLDTOP";
    .port_info 19 /INPUT 1 "OHOLDBOT";
    .port_info 20 /INPUT 1 "CI";
    .port_info 21 /INPUT 1 "ACCUMCI";
    .port_info 22 /INPUT 1 "SIGNEXTIN";
    .port_info 23 /OUTPUT 32 "O";
    .port_info 24 /OUTPUT 1 "CO";
    .port_info 25 /OUTPUT 1 "ACCUMCO";
    .port_info 26 /OUTPUT 1 "SIGNEXTOUT";
P_0x555580b942b0 .param/l "A_REG" 0 14 3011, C4<0>;
P_0x555580b942f0 .param/l "A_SIGNED" 0 14 3027, C4<0>;
P_0x555580b94330 .param/l "BOTADDSUB_CARRYSELECT" 0 14 3025, C4<00>;
P_0x555580b94370 .param/l "BOTADDSUB_LOWERINPUT" 0 14 3023, C4<00>;
P_0x555580b943b0 .param/l "BOTADDSUB_UPPERINPUT" 0 14 3024, C4<0>;
P_0x555580b943f0 .param/l "BOTOUTPUT_SELECT" 0 14 3022, C4<00>;
P_0x555580b94430 .param/l "BOT_8x8_MULT_REG" 0 14 3015, C4<0>;
P_0x555580b94470 .param/l "B_REG" 0 14 3012, C4<0>;
P_0x555580b944b0 .param/l "B_SIGNED" 0 14 3028, C4<0>;
P_0x555580b944f0 .param/l "C_REG" 0 14 3010, C4<0>;
P_0x555580b94530 .param/l "D_REG" 0 14 3013, C4<0>;
P_0x555580b94570 .param/l "MODE_8x8" 0 14 3026, C4<0>;
P_0x555580b945b0 .param/l "NEG_TRIGGER" 0 14 3009, C4<0>;
P_0x555580b945f0 .param/l "PIPELINE_16x16_MULT_REG1" 0 14 3016, C4<0>;
P_0x555580b94630 .param/l "PIPELINE_16x16_MULT_REG2" 0 14 3017, C4<0>;
P_0x555580b94670 .param/l "TOPADDSUB_CARRYSELECT" 0 14 3021, C4<00>;
P_0x555580b946b0 .param/l "TOPADDSUB_LOWERINPUT" 0 14 3019, C4<00>;
P_0x555580b946f0 .param/l "TOPADDSUB_UPPERINPUT" 0 14 3020, C4<0>;
P_0x555580b94730 .param/l "TOPOUTPUT_SELECT" 0 14 3018, C4<00>;
P_0x555580b94770 .param/l "TOP_8x8_MULT_REG" 0 14 3014, C4<0>;
o0x7fb902f69c38 .functor BUFZ 1, c4<z>; HiZ drive
L_0x7fb902bb7b10 .functor BUFT 1, C4<0>, C4<0>, C4<0>, C4<0>;
L_0x555580e2e800 .functor XOR 1, o0x7fb902f69c38, L_0x7fb902bb7b10, C4<0>, C4<0>;
o0x7fb902f69b78 .functor BUFZ 16, c4<zzzzzzzzzzzzzzzz>; HiZ drive
L_0x555580e2e8f0 .functor BUFZ 16, o0x7fb902f69b78, C4<0000000000000000>, C4<0000000000000000>, C4<0000000000000000>;
o0x7fb902f69938 .functor BUFZ 16, c4<zzzzzzzzzzzzzzzz>; HiZ drive
L_0x555580e2e990 .functor BUFZ 16, o0x7fb902f69938, C4<0000000000000000>, C4<0000000000000000>, C4<0000000000000000>;
o0x7fb902f69ab8 .functor BUFZ 16, c4<zzzzzzzzzzzzzzzz>; HiZ drive
L_0x555580e2ea60 .functor BUFZ 16, o0x7fb902f69ab8, C4<0000000000000000>, C4<0000000000000000>, C4<0000000000000000>;
o0x7fb902f69c98 .functor BUFZ 16, c4<zzzzzzzzzzzzzzzz>; HiZ drive
L_0x555580e2eb60 .functor BUFZ 16, o0x7fb902f69c98, C4<0000000000000000>, C4<0000000000000000>, C4<0000000000000000>;
L_0x555580e2f9d0 .functor BUFZ 16, L_0x555580e2f560, C4<0000000000000000>, C4<0000000000000000>, C4<0000000000000000>;
L_0x555580e2fee0 .functor BUFZ 16, L_0x555580e2f8e0, C4<0000000000000000>, C4<0000000000000000>, C4<0000000000000000>;
L_0x555580e2ffa0 .functor BUFZ 16, L_0x555580e2fc70, C4<0000000000000000>, C4<0000000000000000>, C4<0000000000000000>;
L_0x555580e300b0 .functor BUFZ 16, L_0x555580e2fd60, C4<0000000000000000>, C4<0000000000000000>, C4<0000000000000000>;
L_0x555580e30ab0 .functor BUFZ 32, L_0x555580e31780, C4<00000000000000000000000000000000>, C4<00000000000000000000000000000000>, C4<00000000000000000000000000000000>;
L_0x555580e31910 .functor BUFZ 16, v0x555580def640_0, C4<0000000000000000>, C4<0000000000000000>, C4<0000000000000000>;
L_0x555580e31980 .functor BUFZ 16, L_0x555580e2e990, C4<0000000000000000>, C4<0000000000000000>, C4<0000000000000000>;
L_0x555580e32370 .functor XOR 17, L_0x555580e31ec0, L_0x555580e32200, C4<00000000000000000>, C4<00000000000000000>;
o0x7fb902f699f8 .functor BUFZ 1, c4<z>; HiZ drive
L_0x555580e32520 .functor XOR 1, L_0x555580e31a60, o0x7fb902f699f8, C4<0>, C4<0>;
L_0x555580e319f0 .functor XOR 16, L_0x555580e31c10, L_0x555580e32810, C4<0000000000000000>, C4<0000000000000000>;
L_0x555580e32d30 .functor BUFZ 16, L_0x555580e32aa0, C4<0000000000000000>, C4<0000000000000000>, C4<0000000000000000>;
L_0x555580e32ff0 .functor BUFZ 16, v0x555580def720_0, C4<0000000000000000>, C4<0000000000000000>, C4<0000000000000000>;
L_0x555580e33100 .functor BUFZ 16, L_0x555580e2ea60, C4<0000000000000000>, C4<0000000000000000>, C4<0000000000000000>;
L_0x555580e33cb0 .functor XOR 17, L_0x555580e33620, L_0x555580e339b0, C4<00000000000000000>, C4<00000000000000000>;
L_0x555580e33e70 .functor XOR 16, L_0x555580e33270, L_0x555580e34210, C4<0000000000000000>, C4<0000000000000000>;
L_0x555580e34810 .functor BUFZ 16, L_0x555580e343a0, C4<0000000000000000>, C4<0000000000000000>, C4<0000000000000000>;
v0x555580de78a0_0 .net "A", 15 0, o0x7fb902f69938;  0 drivers
o0x7fb902f69968 .functor BUFZ 1, c4<z>; HiZ drive
v0x555580de7980_0 .net "ACCUMCI", 0 0, o0x7fb902f69968;  0 drivers
v0x555580de7a40_0 .net "ACCUMCO", 0 0, L_0x555580e31a60;  1 drivers
o0x7fb902f699c8 .functor BUFZ 1, c4<z>; HiZ drive
v0x555580de7ae0_0 .net "ADDSUBBOT", 0 0, o0x7fb902f699c8;  0 drivers
v0x555580de7ba0_0 .net "ADDSUBTOP", 0 0, o0x7fb902f699f8;  0 drivers
o0x7fb902f69a28 .functor BUFZ 1, c4<z>; HiZ drive
v0x555580de7c60_0 .net "AHOLD", 0 0, o0x7fb902f69a28;  0 drivers
v0x555580de7d20_0 .net "Ah", 15 0, L_0x555580e2ed80;  1 drivers
v0x555580de7e00_0 .net "Al", 15 0, L_0x555580e2ef60;  1 drivers
v0x555580de7ee0_0 .net "B", 15 0, o0x7fb902f69ab8;  0 drivers
o0x7fb902f69ae8 .functor BUFZ 1, c4<z>; HiZ drive
v0x555580de8050_0 .net "BHOLD", 0 0, o0x7fb902f69ae8;  0 drivers
v0x555580de8110_0 .net "Bh", 15 0, L_0x555580e2f1f0;  1 drivers
v0x555580de81f0_0 .net "Bl", 15 0, L_0x555580e2f3d0;  1 drivers
v0x555580de82d0_0 .net "C", 15 0, o0x7fb902f69b78;  0 drivers
o0x7fb902f69ba8 .functor BUFZ 1, c4<z>; HiZ drive
v0x555580de83b0_0 .net "CE", 0 0, o0x7fb902f69ba8;  0 drivers
o0x7fb902f69bd8 .functor BUFZ 1, c4<z>; HiZ drive
v0x555580de8470_0 .net "CHOLD", 0 0, o0x7fb902f69bd8;  0 drivers
o0x7fb902f69c08 .functor BUFZ 1, c4<z>; HiZ drive
v0x555580de8530_0 .net "CI", 0 0, o0x7fb902f69c08;  0 drivers
v0x555580de85f0_0 .net "CLK", 0 0, o0x7fb902f69c38;  0 drivers
v0x555580de87c0_0 .net "CO", 0 0, L_0x555580e32520;  1 drivers
v0x555580de8880_0 .net "D", 15 0, o0x7fb902f69c98;  0 drivers
o0x7fb902f69cc8 .functor BUFZ 1, c4<z>; HiZ drive
v0x555580de8960_0 .net "DHOLD", 0 0, o0x7fb902f69cc8;  0 drivers
L_0x7fb902bb8068 .functor BUFT 1, C4<0>, C4<0>, C4<0>, C4<0>;
v0x555580de8a20_0 .net "HCI", 0 0, L_0x7fb902bb8068;  1 drivers
o0x7fb902f69d28 .functor BUFZ 1, c4<z>; HiZ drive
v0x555580de8ae0_0 .net "IRSTBOT", 0 0, o0x7fb902f69d28;  0 drivers
o0x7fb902f69d58 .functor BUFZ 1, c4<z>; HiZ drive
v0x555580de8ba0_0 .net "IRSTTOP", 0 0, o0x7fb902f69d58;  0 drivers
L_0x7fb902bb8188 .functor BUFT 1, C4<0>, C4<0>, C4<0>, C4<0>;
v0x555580de8c60_0 .net "LCI", 0 0, L_0x7fb902bb8188;  1 drivers
v0x555580de8d20_0 .net "LCO", 0 0, L_0x555580e33170;  1 drivers
v0x555580de8de0_0 .net "O", 31 0, L_0x555580e348d0;  1 drivers
o0x7fb902f69e18 .functor BUFZ 1, c4<z>; HiZ drive
v0x555580de8ec0_0 .net "OHOLDBOT", 0 0, o0x7fb902f69e18;  0 drivers
o0x7fb902f69e48 .functor BUFZ 1, c4<z>; HiZ drive
v0x555580de8f80_0 .net "OHOLDTOP", 0 0, o0x7fb902f69e48;  0 drivers
o0x7fb902f69e78 .functor BUFZ 1, c4<z>; HiZ drive
v0x555580de9040_0 .net "OLOADBOT", 0 0, o0x7fb902f69e78;  0 drivers
o0x7fb902f69ea8 .functor BUFZ 1, c4<z>; HiZ drive
v0x555580de9100_0 .net "OLOADTOP", 0 0, o0x7fb902f69ea8;  0 drivers
o0x7fb902f69ed8 .functor BUFZ 1, c4<z>; HiZ drive
v0x555580de91c0_0 .net "ORSTBOT", 0 0, o0x7fb902f69ed8;  0 drivers
o0x7fb902f69f08 .functor BUFZ 1, c4<z>; HiZ drive
v0x555580de9280_0 .net "ORSTTOP", 0 0, o0x7fb902f69f08;  0 drivers
v0x555580de9340_0 .net "Oh", 15 0, L_0x555580e32d30;  1 drivers
v0x555580de9630_0 .net "Ol", 15 0, L_0x555580e34810;  1 drivers
o0x7fb902f69f98 .functor BUFZ 1, c4<z>; HiZ drive
v0x555580de9710_0 .net "SIGNEXTIN", 0 0, o0x7fb902f69f98;  0 drivers
v0x555580de97d0_0 .net "SIGNEXTOUT", 0 0, L_0x555580e32df0;  1 drivers
v0x555580de9890_0 .net "XW", 15 0, L_0x555580e31c10;  1 drivers
v0x555580de9970_0 .net "YZ", 15 0, L_0x555580e33270;  1 drivers
v0x555580de9a50_0 .net/2u *"_ivl_0", 0 0, L_0x7fb902bb7b10;  1 drivers
v0x555580de9b30_0 .net *"_ivl_100", 31 0, L_0x555580e31220;  1 drivers
L_0x7fb902bb7f00 .functor BUFT 1, C4<0000000000000000>, C4<0>, C4<0>, C4<0>;
v0x555580de9c10_0 .net *"_ivl_103", 15 0, L_0x7fb902bb7f00;  1 drivers
v0x555580de9cf0_0 .net *"_ivl_104", 31 0, L_0x555580e31540;  1 drivers
v0x555580de9dd0_0 .net *"_ivl_106", 15 0, L_0x555580e31450;  1 drivers
L_0x7fb902bb7f48 .functor BUFT 1, C4<0000000000000000>, C4<0>, C4<0>, C4<0>;
v0x555580de9eb0_0 .net *"_ivl_108", 15 0, L_0x7fb902bb7f48;  1 drivers
L_0x7fb902bb7b58 .functor BUFT 1, C4<00000000>, C4<0>, C4<0>, C4<0>;
v0x555580de9f90_0 .net/2u *"_ivl_12", 7 0, L_0x7fb902bb7b58;  1 drivers
v0x555580dea070_0 .net *"_ivl_121", 16 0, L_0x555580e31cb0;  1 drivers
L_0x7fb902bb7f90 .functor BUFT 1, C4<0>, C4<0>, C4<0>, C4<0>;
v0x555580dea150_0 .net *"_ivl_124", 0 0, L_0x7fb902bb7f90;  1 drivers
v0x555580dea230_0 .net *"_ivl_125", 16 0, L_0x555580e31ec0;  1 drivers
L_0x7fb902bb7fd8 .functor BUFT 1, C4<0>, C4<0>, C4<0>, C4<0>;
v0x555580dea310_0 .net *"_ivl_128", 0 0, L_0x7fb902bb7fd8;  1 drivers
v0x555580dea3f0_0 .net *"_ivl_130", 15 0, L_0x555580e32000;  1 drivers
v0x555580dea4d0_0 .net *"_ivl_131", 16 0, L_0x555580e32200;  1 drivers
L_0x7fb902bb8020 .functor BUFT 1, C4<0>, C4<0>, C4<0>, C4<0>;
v0x555580dea5b0_0 .net *"_ivl_134", 0 0, L_0x7fb902bb8020;  1 drivers
v0x555580dea690_0 .net *"_ivl_135", 16 0, L_0x555580e32370;  1 drivers
v0x555580dea770_0 .net *"_ivl_137", 16 0, L_0x555580e32480;  1 drivers
L_0x7fb902bb8338 .functor BUFT 1, C4<00000000000000000>, C4<0>, C4<0>, C4<0>;
v0x555580dea850_0 .net *"_ivl_139", 16 0, L_0x7fb902bb8338;  1 drivers
v0x555580dea930_0 .net *"_ivl_143", 16 0, L_0x555580e320d0;  1 drivers
v0x555580deaa10_0 .net *"_ivl_148", 15 0, L_0x555580e32810;  1 drivers
v0x555580deaaf0_0 .net *"_ivl_149", 15 0, L_0x555580e319f0;  1 drivers
v0x555580deabd0_0 .net *"_ivl_15", 7 0, L_0x555580e2ec60;  1 drivers
v0x555580deacb0_0 .net *"_ivl_168", 16 0, L_0x555580e334b0;  1 drivers
L_0x7fb902bb80b0 .functor BUFT 1, C4<0>, C4<0>, C4<0>, C4<0>;
v0x555580dead90_0 .net *"_ivl_171", 0 0, L_0x7fb902bb80b0;  1 drivers
v0x555580deae70_0 .net *"_ivl_172", 16 0, L_0x555580e33620;  1 drivers
L_0x7fb902bb80f8 .functor BUFT 1, C4<0>, C4<0>, C4<0>, C4<0>;
v0x555580deaf50_0 .net *"_ivl_175", 0 0, L_0x7fb902bb80f8;  1 drivers
v0x555580deb030_0 .net *"_ivl_177", 15 0, L_0x555580e338e0;  1 drivers
v0x555580deb110_0 .net *"_ivl_178", 16 0, L_0x555580e339b0;  1 drivers
L_0x7fb902bb7ba0 .functor BUFT 1, C4<00000000>, C4<0>, C4<0>, C4<0>;
v0x555580deb1f0_0 .net/2u *"_ivl_18", 7 0, L_0x7fb902bb7ba0;  1 drivers
L_0x7fb902bb8140 .functor BUFT 1, C4<0>, C4<0>, C4<0>, C4<0>;
v0x555580deb2d0_0 .net *"_ivl_181", 0 0, L_0x7fb902bb8140;  1 drivers
v0x555580deb3b0_0 .net *"_ivl_182", 16 0, L_0x555580e33cb0;  1 drivers
v0x555580deb490_0 .net *"_ivl_184", 16 0, L_0x555580e33060;  1 drivers
L_0x7fb902bb8380 .functor BUFT 1, C4<00000000000000000>, C4<0>, C4<0>, C4<0>;
v0x555580deb570_0 .net *"_ivl_186", 16 0, L_0x7fb902bb8380;  1 drivers
v0x555580deb650_0 .net *"_ivl_190", 16 0, L_0x555580e33f80;  1 drivers
v0x555580deb730_0 .net *"_ivl_193", 15 0, L_0x555580e34210;  1 drivers
v0x555580deb810_0 .net *"_ivl_194", 15 0, L_0x555580e33e70;  1 drivers
v0x555580deb8f0_0 .net *"_ivl_21", 7 0, L_0x555580e2eec0;  1 drivers
L_0x7fb902bb7be8 .functor BUFT 1, C4<00000000>, C4<0>, C4<0>, C4<0>;
v0x555580deb9d0_0 .net/2u *"_ivl_24", 7 0, L_0x7fb902bb7be8;  1 drivers
v0x555580debab0_0 .net *"_ivl_27", 7 0, L_0x555580e2f100;  1 drivers
L_0x7fb902bb7c30 .functor BUFT 1, C4<00000000>, C4<0>, C4<0>, C4<0>;
v0x555580debb90_0 .net/2u *"_ivl_30", 7 0, L_0x7fb902bb7c30;  1 drivers
v0x555580debc70_0 .net *"_ivl_33", 7 0, L_0x555580e2f330;  1 drivers
L_0x7fb902bb7c78 .functor BUFT 1, C4<00000000>, C4<0>, C4<0>, C4<0>;
v0x555580debd50_0 .net/2u *"_ivl_38", 7 0, L_0x7fb902bb7c78;  1 drivers
v0x555580debe30_0 .net *"_ivl_41", 7 0, L_0x555580e2f6a0;  1 drivers
v0x555580debf10_0 .net *"_ivl_42", 15 0, L_0x555580e2f7f0;  1 drivers
L_0x7fb902bb7cc0 .functor BUFT 1, C4<00000000>, C4<0>, C4<0>, C4<0>;
v0x555580debff0_0 .net/2u *"_ivl_46", 7 0, L_0x7fb902bb7cc0;  1 drivers
v0x555580dec0d0_0 .net *"_ivl_49", 7 0, L_0x555580e2fa40;  1 drivers
v0x555580dec1b0_0 .net *"_ivl_50", 15 0, L_0x555580e2fb30;  1 drivers
L_0x7fb902bb7d08 .functor BUFT 1, C4<00000000>, C4<0>, C4<0>, C4<0>;
v0x555580dec290_0 .net/2u *"_ivl_64", 7 0, L_0x7fb902bb7d08;  1 drivers
L_0x7fb902bb7d50 .functor BUFT 1, C4<00000000>, C4<0>, C4<0>, C4<0>;
v0x555580dec370_0 .net/2u *"_ivl_68", 7 0, L_0x7fb902bb7d50;  1 drivers
v0x555580dec450_0 .net *"_ivl_72", 31 0, L_0x555580e30490;  1 drivers
L_0x7fb902bb7d98 .functor BUFT 1, C4<0000000000000000>, C4<0>, C4<0>, C4<0>;
v0x555580dec530_0 .net *"_ivl_75", 15 0, L_0x7fb902bb7d98;  1 drivers
v0x555580dec610_0 .net *"_ivl_76", 31 0, L_0x555580e305d0;  1 drivers
L_0x7fb902bb7de0 .functor BUFT 1, C4<00000000>, C4<0>, C4<0>, C4<0>;
v0x555580dec6f0_0 .net *"_ivl_79", 7 0, L_0x7fb902bb7de0;  1 drivers
v0x555580dec7d0_0 .net *"_ivl_80", 31 0, L_0x555580e30810;  1 drivers
v0x555580dec8b0_0 .net *"_ivl_82", 23 0, L_0x555580e303f0;  1 drivers
L_0x7fb902bb7e28 .functor BUFT 1, C4<00000000>, C4<0>, C4<0>, C4<0>;
v0x555580dec990_0 .net *"_ivl_84", 7 0, L_0x7fb902bb7e28;  1 drivers
v0x555580deca70_0 .net *"_ivl_86", 31 0, L_0x555580e30a10;  1 drivers
v0x555580decb50_0 .net *"_ivl_88", 31 0, L_0x555580e30bc0;  1 drivers
L_0x7fb902bb7e70 .functor BUFT 1, C4<00000000>, C4<0>, C4<0>, C4<0>;
v0x555580decc30_0 .net *"_ivl_91", 7 0, L_0x7fb902bb7e70;  1 drivers
v0x555580decd10_0 .net *"_ivl_92", 31 0, L_0x555580e30ec0;  1 drivers
v0x555580decdf0_0 .net *"_ivl_94", 23 0, L_0x555580e30dd0;  1 drivers
L_0x7fb902bb7eb8 .functor BUFT 1, C4<00000000>, C4<0>, C4<0>, C4<0>;
v0x555580deced0_0 .net *"_ivl_96", 7 0, L_0x7fb902bb7eb8;  1 drivers
v0x555580decfb0_0 .net *"_ivl_98", 31 0, L_0x555580e310e0;  1 drivers
v0x555580ded090_0 .net "clock", 0 0, L_0x555580e2e800;  1 drivers
v0x555580ded150_0 .net "iA", 15 0, L_0x555580e2e990;  1 drivers
v0x555580ded230_0 .net "iB", 15 0, L_0x555580e2ea60;  1 drivers
v0x555580ded310_0 .net "iC", 15 0, L_0x555580e2e8f0;  1 drivers
v0x555580ded3f0_0 .net "iD", 15 0, L_0x555580e2eb60;  1 drivers
v0x555580ded4d0_0 .net "iF", 15 0, L_0x555580e2f9d0;  1 drivers
v0x555580ded5b0_0 .net "iG", 15 0, L_0x555580e300b0;  1 drivers
v0x555580ded690_0 .net "iH", 31 0, L_0x555580e30ab0;  1 drivers
v0x555580ded770_0 .net "iJ", 15 0, L_0x555580e2fee0;  1 drivers
v0x555580ded850_0 .net "iJ_e", 23 0, L_0x555580e302b0;  1 drivers
v0x555580ded930_0 .net "iK", 15 0, L_0x555580e2ffa0;  1 drivers
v0x555580deda10_0 .net "iK_e", 23 0, L_0x555580e30170;  1 drivers
v0x555580dedaf0_0 .net "iL", 31 0, L_0x555580e31780;  1 drivers
v0x555580dedbd0_0 .net "iP", 15 0, L_0x555580e32aa0;  1 drivers
v0x555580dedcb0_0 .net "iQ", 15 0, v0x555580def640_0;  1 drivers
v0x555580dedd90_0 .net "iR", 15 0, L_0x555580e343a0;  1 drivers
v0x555580dede70_0 .net "iS", 15 0, v0x555580def720_0;  1 drivers
v0x555580dedf50_0 .net "iW", 15 0, L_0x555580e31910;  1 drivers
v0x555580dee030_0 .net "iX", 15 0, L_0x555580e31980;  1 drivers
v0x555580dee110_0 .net "iY", 15 0, L_0x555580e32ff0;  1 drivers
v0x555580dee1f0_0 .net "iZ", 15 0, L_0x555580e33100;  1 drivers
v0x555580dee2d0_0 .net "p_Ah_Bh", 15 0, L_0x555580e2f560;  1 drivers
v0x555580dee3b0_0 .net "p_Ah_Bl", 15 0, L_0x555580e2fc70;  1 drivers
v0x555580dee490_0 .net "p_Al_Bh", 15 0, L_0x555580e2f8e0;  1 drivers
v0x555580dee570_0 .net "p_Al_Bl", 15 0, L_0x555580e2fd60;  1 drivers
v0x555580dee650_0 .var "rA", 15 0;
v0x555580dee730_0 .var "rB", 15 0;
v0x555580dee810_0 .var "rC", 15 0;
v0x555580dee8f0_0 .var "rD", 15 0;
v0x555580def1e0_0 .var "rF", 15 0;
v0x555580def2c0_0 .var "rG", 15 0;
v0x555580def3a0_0 .var "rH", 31 0;
v0x555580def480_0 .var "rJ", 15 0;
v0x555580def560_0 .var "rK", 15 0;
v0x555580def640_0 .var "rQ", 15 0;
v0x555580def720_0 .var "rS", 15 0;
E_0x555580de76d0 .event posedge, v0x555580de91c0_0, v0x555580ded090_0;
E_0x555580de7750 .event posedge, v0x555580de9280_0, v0x555580ded090_0;
E_0x555580de77b0 .event posedge, v0x555580de8ae0_0, v0x555580ded090_0;
E_0x555580de7810 .event posedge, v0x555580de8ba0_0, v0x555580ded090_0;
L_0x555580e2ec60 .part L_0x555580e2e990, 8, 8;
L_0x555580e2ed80 .concat [ 8 8 0 0], L_0x555580e2ec60, L_0x7fb902bb7b58;
L_0x555580e2eec0 .part L_0x555580e2e990, 0, 8;
L_0x555580e2ef60 .concat [ 8 8 0 0], L_0x555580e2eec0, L_0x7fb902bb7ba0;
L_0x555580e2f100 .part L_0x555580e2ea60, 8, 8;
L_0x555580e2f1f0 .concat [ 8 8 0 0], L_0x555580e2f100, L_0x7fb902bb7be8;
L_0x555580e2f330 .part L_0x555580e2ea60, 0, 8;
L_0x555580e2f3d0 .concat [ 8 8 0 0], L_0x555580e2f330, L_0x7fb902bb7c30;
L_0x555580e2f560 .arith/mult 16, L_0x555580e2ed80, L_0x555580e2f1f0;
L_0x555580e2f6a0 .part L_0x555580e2ef60, 0, 8;
L_0x555580e2f7f0 .concat [ 8 8 0 0], L_0x555580e2f6a0, L_0x7fb902bb7c78;
L_0x555580e2f8e0 .arith/mult 16, L_0x555580e2f7f0, L_0x555580e2f1f0;
L_0x555580e2fa40 .part L_0x555580e2f3d0, 0, 8;
L_0x555580e2fb30 .concat [ 8 8 0 0], L_0x555580e2fa40, L_0x7fb902bb7cc0;
L_0x555580e2fc70 .arith/mult 16, L_0x555580e2ed80, L_0x555580e2fb30;
L_0x555580e2fd60 .arith/mult 16, L_0x555580e2ef60, L_0x555580e2f3d0;
L_0x555580e30170 .concat [ 16 8 0 0], L_0x555580e2ffa0, L_0x7fb902bb7d08;
L_0x555580e302b0 .concat [ 16 8 0 0], L_0x555580e2fee0, L_0x7fb902bb7d50;
L_0x555580e30490 .concat [ 16 16 0 0], L_0x555580e300b0, L_0x7fb902bb7d98;
L_0x555580e305d0 .concat [ 24 8 0 0], L_0x555580e30170, L_0x7fb902bb7de0;
L_0x555580e303f0 .part L_0x555580e305d0, 0, 24;
L_0x555580e30810 .concat [ 8 24 0 0], L_0x7fb902bb7e28, L_0x555580e303f0;
L_0x555580e30a10 .arith/sum 32, L_0x555580e30490, L_0x555580e30810;
L_0x555580e30bc0 .concat [ 24 8 0 0], L_0x555580e302b0, L_0x7fb902bb7e70;
L_0x555580e30dd0 .part L_0x555580e30bc0, 0, 24;
L_0x555580e30ec0 .concat [ 8 24 0 0], L_0x7fb902bb7eb8, L_0x555580e30dd0;
L_0x555580e310e0 .arith/sum 32, L_0x555580e30a10, L_0x555580e30ec0;
L_0x555580e31220 .concat [ 16 16 0 0], L_0x555580e2f9d0, L_0x7fb902bb7f00;
L_0x555580e31450 .part L_0x555580e31220, 0, 16;
L_0x555580e31540 .concat [ 16 16 0 0], L_0x7fb902bb7f48, L_0x555580e31450;
L_0x555580e31780 .arith/sum 32, L_0x555580e310e0, L_0x555580e31540;
L_0x555580e31a60 .part L_0x555580e320d0, 16, 1;
L_0x555580e31c10 .part L_0x555580e320d0, 0, 16;
L_0x555580e31cb0 .concat [ 16 1 0 0], L_0x555580e31980, L_0x7fb902bb7f90;
L_0x555580e31ec0 .concat [ 16 1 0 0], L_0x555580e31910, L_0x7fb902bb7fd8;
L_0x555580e32000 .repeat 16, 16, o0x7fb902f699f8;
L_0x555580e32200 .concat [ 16 1 0 0], L_0x555580e32000, L_0x7fb902bb8020;
L_0x555580e32480 .arith/sum 17, L_0x555580e31cb0, L_0x555580e32370;
L_0x555580e320d0 .arith/sum 17, L_0x555580e32480, L_0x7fb902bb8338;
L_0x555580e32810 .repeat 16, 16, o0x7fb902f699f8;
L_0x555580e32aa0 .functor MUXZ 16, L_0x555580e319f0, L_0x555580e2e8f0, o0x7fb902f69ea8, C4<>;
L_0x555580e32df0 .part L_0x555580e31980, 15, 1;
L_0x555580e33170 .part L_0x555580e33f80, 16, 1;
L_0x555580e33270 .part L_0x555580e33f80, 0, 16;
L_0x555580e334b0 .concat [ 16 1 0 0], L_0x555580e33100, L_0x7fb902bb80b0;
L_0x555580e33620 .concat [ 16 1 0 0], L_0x555580e32ff0, L_0x7fb902bb80f8;
L_0x555580e338e0 .repeat 16, 16, o0x7fb902f699c8;
L_0x555580e339b0 .concat [ 16 1 0 0], L_0x555580e338e0, L_0x7fb902bb8140;
L_0x555580e33060 .arith/sum 17, L_0x555580e334b0, L_0x555580e33cb0;
L_0x555580e33f80 .arith/sum 17, L_0x555580e33060, L_0x7fb902bb8380;
L_0x555580e34210 .repeat 16, 16, o0x7fb902f699c8;
L_0x555580e343a0 .functor MUXZ 16, L_0x555580e33e70, L_0x555580e2eb60, o0x7fb902f69e78, C4<>;
L_0x555580e348d0 .concat [ 16 16 0 0], L_0x555580e34810, L_0x555580e32d30;
S_0x555580d18ee0 .scope module, "SB_PLL40_2F_CORE" "SB_PLL40_2F_CORE" 14 2521;
 .timescale -12 -12;
    .port_info 0 /INPUT 1 "REFERENCECLK";
    .port_info 1 /OUTPUT 1 "PLLOUTCOREA";
    .port_info 2 /OUTPUT 1 "PLLOUTGLOBALA";
    .port_info 3 /OUTPUT 1 "PLLOUTCOREB";
    .port_info 4 /OUTPUT 1 "PLLOUTGLOBALB";
    .port_info 5 /INPUT 1 "EXTFEEDBACK";
    .port_info 6 /INPUT 8 "DYNAMICDELAY";
    .port_info 7 /OUTPUT 1 "LOCK";
    .port_info 8 /INPUT 1 "BYPASS";
    .port_info 9 /INPUT 1 "RESETB";
    .port_info 10 /INPUT 1 "LATCHINPUTVALUE";
    .port_info 11 /OUTPUT 1 "SDO";
    .port_info 12 /INPUT 1 "SDI";
    .port_info 13 /INPUT 1 "SCLK";
P_0x555580c1f610 .param/str "DELAY_ADJUSTMENT_MODE_FEEDBACK" 0 14 2538, "FIXED";
P_0x555580c1f650 .param/str "DELAY_ADJUSTMENT_MODE_RELATIVE" 0 14 2539, "FIXED";
P_0x555580c1f690 .param/l "DIVF" 0 14 2546, C4<0000000>;
P_0x555580c1f6d0 .param/l "DIVQ" 0 14 2547, C4<000>;
P_0x555580c1f710 .param/l "DIVR" 0 14 2545, C4<0000>;
P_0x555580c1f750 .param/l "ENABLE_ICEGATE_PORTA" 0 14 2549, C4<0>;
P_0x555580c1f790 .param/l "ENABLE_ICEGATE_PORTB" 0 14 2550, C4<0>;
P_0x555580c1f7d0 .param/l "EXTERNAL_DIVIDE_FACTOR" 0 14 2552, +C4<00000000000000000000000000000001>;
P_0x555580c1f810 .param/l "FDA_FEEDBACK" 0 14 2541, C4<0000>;
P_0x555580c1f850 .param/l "FDA_RELATIVE" 0 14 2542, C4<0000>;
P_0x555580c1f890 .param/str "FEEDBACK_PATH" 0 14 2537, "SIMPLE";
P_0x555580c1f8d0 .param/l "FILTER_RANGE" 0 14 2548, C4<000>;
P_0x555580c1f910 .param/str "PLLOUT_SELECT_PORTA" 0 14 2543, "GENCLK";
P_0x555580c1f950 .param/str "PLLOUT_SELECT_PORTB" 0 14 2544, "GENCLK";
P_0x555580c1f990 .param/l "SHIFTREG_DIV_MODE" 0 14 2540, C4<0>;
P_0x555580c1f9d0 .param/l "TEST_MODE" 0 14 2551, C4<0>;
o0x7fb902f6b7c8 .functor BUFZ 1, c4<z>; HiZ drive
v0x555580defc40_0 .net "BYPASS", 0 0, o0x7fb902f6b7c8;  0 drivers
o0x7fb902f6b7f8 .functor BUFZ 8, c4<zzzzzzzz>; HiZ drive
v0x555580defd20_0 .net "DYNAMICDELAY", 7 0, o0x7fb902f6b7f8;  0 drivers
o0x7fb902f6b828 .functor BUFZ 1, c4<z>; HiZ drive
v0x555580defe00_0 .net "EXTFEEDBACK", 0 0, o0x7fb902f6b828;  0 drivers
o0x7fb902f6b858 .functor BUFZ 1, c4<z>; HiZ drive
v0x555580defea0_0 .net "LATCHINPUTVALUE", 0 0, o0x7fb902f6b858;  0 drivers
o0x7fb902f6b888 .functor BUFZ 1, c4<z>; HiZ drive
v0x555580deff60_0 .net "LOCK", 0 0, o0x7fb902f6b888;  0 drivers
o0x7fb902f6b8b8 .functor BUFZ 1, c4<z>; HiZ drive
v0x555580df0020_0 .net "PLLOUTCOREA", 0 0, o0x7fb902f6b8b8;  0 drivers
o0x7fb902f6b8e8 .functor BUFZ 1, c4<z>; HiZ drive
v0x555580df00e0_0 .net "PLLOUTCOREB", 0 0, o0x7fb902f6b8e8;  0 drivers
o0x7fb902f6b918 .functor BUFZ 1, c4<z>; HiZ drive
v0x555580df01a0_0 .net "PLLOUTGLOBALA", 0 0, o0x7fb902f6b918;  0 drivers
o0x7fb902f6b948 .functor BUFZ 1, c4<z>; HiZ drive
v0x555580df0260_0 .net "PLLOUTGLOBALB", 0 0, o0x7fb902f6b948;  0 drivers
o0x7fb902f6b978 .functor BUFZ 1, c4<z>; HiZ drive
v0x555580df0320_0 .net "REFERENCECLK", 0 0, o0x7fb902f6b978;  0 drivers
o0x7fb902f6b9a8 .functor BUFZ 1, c4<z>; HiZ drive
v0x555580df03e0_0 .net "RESETB", 0 0, o0x7fb902f6b9a8;  0 drivers
o0x7fb902f6b9d8 .functor BUFZ 1, c4<z>; HiZ drive
v0x555580df04a0_0 .net "SCLK", 0 0, o0x7fb902f6b9d8;  0 drivers
o0x7fb902f6ba08 .functor BUFZ 1, c4<z>; HiZ drive
v0x555580df0560_0 .net "SDI", 0 0, o0x7fb902f6ba08;  0 drivers
o0x7fb902f6ba38 .functor BUFZ 1, c4<z>; HiZ drive
v0x555580df0620_0 .net "SDO", 0 0, o0x7fb902f6ba38;  0 drivers
S_0x555580d17f90 .scope module, "SB_PLL40_2F_PAD" "SB_PLL40_2F_PAD" 14 2556;
 .timescale -12 -12;
    .port_info 0 /INPUT 1 "PACKAGEPIN";
    .port_info 1 /OUTPUT 1 "PLLOUTCOREA";
    .port_info 2 /OUTPUT 1 "PLLOUTGLOBALA";
    .port_info 3 /OUTPUT 1 "PLLOUTCOREB";
    .port_info 4 /OUTPUT 1 "PLLOUTGLOBALB";
    .port_info 5 /INPUT 1 "EXTFEEDBACK";
    .port_info 6 /INPUT 8 "DYNAMICDELAY";
    .port_info 7 /OUTPUT 1 "LOCK";
    .port_info 8 /INPUT 1 "BYPASS";
    .port_info 9 /INPUT 1 "RESETB";
    .port_info 10 /INPUT 1 "LATCHINPUTVALUE";
    .port_info 11 /OUTPUT 1 "SDO";
    .port_info 12 /INPUT 1 "SDI";
    .port_info 13 /INPUT 1 "SCLK";
P_0x555580bef900 .param/str "DELAY_ADJUSTMENT_MODE_FEEDBACK" 0 14 2573, "FIXED";
P_0x555580bef940 .param/str "DELAY_ADJUSTMENT_MODE_RELATIVE" 0 14 2574, "FIXED";
P_0x555580bef980 .param/l "DIVF" 0 14 2581, C4<0000000>;
P_0x555580bef9c0 .param/l "DIVQ" 0 14 2582, C4<000>;
P_0x555580befa00 .param/l "DIVR" 0 14 2580, C4<0000>;
P_0x555580befa40 .param/l "ENABLE_ICEGATE_PORTA" 0 14 2584, C4<0>;
P_0x555580befa80 .param/l "ENABLE_ICEGATE_PORTB" 0 14 2585, C4<0>;
P_0x555580befac0 .param/l "EXTERNAL_DIVIDE_FACTOR" 0 14 2587, +C4<00000000000000000000000000000001>;
P_0x555580befb00 .param/l "FDA_FEEDBACK" 0 14 2576, C4<0000>;
P_0x555580befb40 .param/l "FDA_RELATIVE" 0 14 2577, C4<0000>;
P_0x555580befb80 .param/str "FEEDBACK_PATH" 0 14 2572, "SIMPLE";
P_0x555580befbc0 .param/l "FILTER_RANGE" 0 14 2583, C4<000>;
P_0x555580befc00 .param/str "PLLOUT_SELECT_PORTA" 0 14 2578, "GENCLK";
P_0x555580befc40 .param/str "PLLOUT_SELECT_PORTB" 0 14 2579, "GENCLK";
P_0x555580befc80 .param/l "SHIFTREG_DIV_MODE" 0 14 2575, C4<00>;
P_0x555580befcc0 .param/l "TEST_MODE" 0 14 2586, C4<0>;
o0x7fb902f6bd08 .functor BUFZ 1, c4<z>; HiZ drive
v0x555580df08a0_0 .net "BYPASS", 0 0, o0x7fb902f6bd08;  0 drivers
o0x7fb902f6bd38 .functor BUFZ 8, c4<zzzzzzzz>; HiZ drive
v0x555580df0980_0 .net "DYNAMICDELAY", 7 0, o0x7fb902f6bd38;  0 drivers
o0x7fb902f6bd68 .functor BUFZ 1, c4<z>; HiZ drive
v0x555580df0a60_0 .net "EXTFEEDBACK", 0 0, o0x7fb902f6bd68;  0 drivers
o0x7fb902f6bd98 .functor BUFZ 1, c4<z>; HiZ drive
v0x555580df0b00_0 .net "LATCHINPUTVALUE", 0 0, o0x7fb902f6bd98;  0 drivers
o0x7fb902f6bdc8 .functor BUFZ 1, c4<z>; HiZ drive
v0x555580df0bc0_0 .net "LOCK", 0 0, o0x7fb902f6bdc8;  0 drivers
o0x7fb902f6bdf8 .functor BUFZ 1, c4<z>; HiZ drive
v0x555580df0c80_0 .net "PACKAGEPIN", 0 0, o0x7fb902f6bdf8;  0 drivers
o0x7fb902f6be28 .functor BUFZ 1, c4<z>; HiZ drive
v0x555580df0d40_0 .net "PLLOUTCOREA", 0 0, o0x7fb902f6be28;  0 drivers
o0x7fb902f6be58 .functor BUFZ 1, c4<z>; HiZ drive
v0x555580df0e00_0 .net "PLLOUTCOREB", 0 0, o0x7fb902f6be58;  0 drivers
o0x7fb902f6be88 .functor BUFZ 1, c4<z>; HiZ drive
v0x555580df0ec0_0 .net "PLLOUTGLOBALA", 0 0, o0x7fb902f6be88;  0 drivers
o0x7fb902f6beb8 .functor BUFZ 1, c4<z>; HiZ drive
v0x555580df1010_0 .net "PLLOUTGLOBALB", 0 0, o0x7fb902f6beb8;  0 drivers
o0x7fb902f6bee8 .functor BUFZ 1, c4<z>; HiZ drive
v0x555580df10d0_0 .net "RESETB", 0 0, o0x7fb902f6bee8;  0 drivers
o0x7fb902f6bf18 .functor BUFZ 1, c4<z>; HiZ drive
v0x555580df1190_0 .net "SCLK", 0 0, o0x7fb902f6bf18;  0 drivers
o0x7fb902f6bf48 .functor BUFZ 1, c4<z>; HiZ drive
v0x555580df1250_0 .net "SDI", 0 0, o0x7fb902f6bf48;  0 drivers
o0x7fb902f6bf78 .functor BUFZ 1, c4<z>; HiZ drive
v0x555580df1310_0 .net "SDO", 0 0, o0x7fb902f6bf78;  0 drivers
S_0x555580d17040 .scope module, "SB_PLL40_2_PAD" "SB_PLL40_2_PAD" 14 2487;
 .timescale -12 -12;
    .port_info 0 /INPUT 1 "PACKAGEPIN";
    .port_info 1 /OUTPUT 1 "PLLOUTCOREA";
    .port_info 2 /OUTPUT 1 "PLLOUTGLOBALA";
    .port_info 3 /OUTPUT 1 "PLLOUTCOREB";
    .port_info 4 /OUTPUT 1 "PLLOUTGLOBALB";
    .port_info 5 /INPUT 1 "EXTFEEDBACK";
    .port_info 6 /INPUT 8 "DYNAMICDELAY";
    .port_info 7 /OUTPUT 1 "LOCK";
    .port_info 8 /INPUT 1 "BYPASS";
    .port_info 9 /INPUT 1 "RESETB";
    .port_info 10 /INPUT 1 "LATCHINPUTVALUE";
    .port_info 11 /OUTPUT 1 "SDO";
    .port_info 12 /INPUT 1 "SDI";
    .port_info 13 /INPUT 1 "SCLK";
P_0x555580bf4870 .param/str "DELAY_ADJUSTMENT_MODE_FEEDBACK" 0 14 2504, "FIXED";
P_0x555580bf48b0 .param/str "DELAY_ADJUSTMENT_MODE_RELATIVE" 0 14 2505, "FIXED";
P_0x555580bf48f0 .param/l "DIVF" 0 14 2511, C4<0000000>;
P_0x555580bf4930 .param/l "DIVQ" 0 14 2512, C4<000>;
P_0x555580bf4970 .param/l "DIVR" 0 14 2510, C4<0000>;
P_0x555580bf49b0 .param/l "ENABLE_ICEGATE_PORTA" 0 14 2514, C4<0>;
P_0x555580bf49f0 .param/l "ENABLE_ICEGATE_PORTB" 0 14 2515, C4<0>;
P_0x555580bf4a30 .param/l "EXTERNAL_DIVIDE_FACTOR" 0 14 2517, +C4<00000000000000000000000000000001>;
P_0x555580bf4a70 .param/l "FDA_FEEDBACK" 0 14 2507, C4<0000>;
P_0x555580bf4ab0 .param/l "FDA_RELATIVE" 0 14 2508, C4<0000>;
P_0x555580bf4af0 .param/str "FEEDBACK_PATH" 0 14 2503, "SIMPLE";
P_0x555580bf4b30 .param/l "FILTER_RANGE" 0 14 2513, C4<000>;
P_0x555580bf4b70 .param/str "PLLOUT_SELECT_PORTB" 0 14 2509, "GENCLK";
P_0x555580bf4bb0 .param/l "SHIFTREG_DIV_MODE" 0 14 2506, C4<0>;
P_0x555580bf4bf0 .param/l "TEST_MODE" 0 14 2516, C4<0>;
o0x7fb902f6c248 .functor BUFZ 1, c4<z>; HiZ drive
v0x555580df1590_0 .net "BYPASS", 0 0, o0x7fb902f6c248;  0 drivers
o0x7fb902f6c278 .functor BUFZ 8, c4<zzzzzzzz>; HiZ drive
v0x555580df1670_0 .net "DYNAMICDELAY", 7 0, o0x7fb902f6c278;  0 drivers
o0x7fb902f6c2a8 .functor BUFZ 1, c4<z>; HiZ drive
v0x555580df1750_0 .net "EXTFEEDBACK", 0 0, o0x7fb902f6c2a8;  0 drivers
o0x7fb902f6c2d8 .functor BUFZ 1, c4<z>; HiZ drive
v0x555580df17f0_0 .net "LATCHINPUTVALUE", 0 0, o0x7fb902f6c2d8;  0 drivers
o0x7fb902f6c308 .functor BUFZ 1, c4<z>; HiZ drive
v0x555580df18b0_0 .net "LOCK", 0 0, o0x7fb902f6c308;  0 drivers
o0x7fb902f6c338 .functor BUFZ 1, c4<z>; HiZ drive
v0x555580df1970_0 .net "PACKAGEPIN", 0 0, o0x7fb902f6c338;  0 drivers
o0x7fb902f6c368 .functor BUFZ 1, c4<z>; HiZ drive
v0x555580df1a30_0 .net "PLLOUTCOREA", 0 0, o0x7fb902f6c368;  0 drivers
o0x7fb902f6c398 .functor BUFZ 1, c4<z>; HiZ drive
v0x555580df1af0_0 .net "PLLOUTCOREB", 0 0, o0x7fb902f6c398;  0 drivers
o0x7fb902f6c3c8 .functor BUFZ 1, c4<z>; HiZ drive
v0x555580df1bb0_0 .net "PLLOUTGLOBALA", 0 0, o0x7fb902f6c3c8;  0 drivers
o0x7fb902f6c3f8 .functor BUFZ 1, c4<z>; HiZ drive
v0x555580df1d00_0 .net "PLLOUTGLOBALB", 0 0, o0x7fb902f6c3f8;  0 drivers
o0x7fb902f6c428 .functor BUFZ 1, c4<z>; HiZ drive
v0x555580df1dc0_0 .net "RESETB", 0 0, o0x7fb902f6c428;  0 drivers
o0x7fb902f6c458 .functor BUFZ 1, c4<z>; HiZ drive
v0x555580df1e80_0 .net "SCLK", 0 0, o0x7fb902f6c458;  0 drivers
o0x7fb902f6c488 .functor BUFZ 1, c4<z>; HiZ drive
v0x555580df1f40_0 .net "SDI", 0 0, o0x7fb902f6c488;  0 drivers
o0x7fb902f6c4b8 .functor BUFZ 1, c4<z>; HiZ drive
v0x555580df2000_0 .net "SDO", 0 0, o0x7fb902f6c4b8;  0 drivers
S_0x555580d160f0 .scope module, "SB_PLL40_CORE" "SB_PLL40_CORE" 14 2425;
 .timescale -12 -12;
    .port_info 0 /INPUT 1 "REFERENCECLK";
    .port_info 1 /OUTPUT 1 "PLLOUTCORE";
    .port_info 2 /OUTPUT 1 "PLLOUTGLOBAL";
    .port_info 3 /INPUT 1 "EXTFEEDBACK";
    .port_info 4 /INPUT 8 "DYNAMICDELAY";
    .port_info 5 /OUTPUT 1 "LOCK";
    .port_info 6 /INPUT 1 "BYPASS";
    .port_info 7 /INPUT 1 "RESETB";
    .port_info 8 /INPUT 1 "LATCHINPUTVALUE";
    .port_info 9 /OUTPUT 1 "SDO";
    .port_info 10 /INPUT 1 "SDI";
    .port_info 11 /INPUT 1 "SCLK";
P_0x555580c0db50 .param/str "DELAY_ADJUSTMENT_MODE_FEEDBACK" 0 14 2440, "FIXED";
P_0x555580c0db90 .param/str "DELAY_ADJUSTMENT_MODE_RELATIVE" 0 14 2441, "FIXED";
P_0x555580c0dbd0 .param/l "DIVF" 0 14 2447, C4<0000000>;
P_0x555580c0dc10 .param/l "DIVQ" 0 14 2448, C4<000>;
P_0x555580c0dc50 .param/l "DIVR" 0 14 2446, C4<0000>;
P_0x555580c0dc90 .param/l "ENABLE_ICEGATE" 0 14 2450, C4<0>;
P_0x555580c0dcd0 .param/l "EXTERNAL_DIVIDE_FACTOR" 0 14 2452, +C4<00000000000000000000000000000001>;
P_0x555580c0dd10 .param/l "FDA_FEEDBACK" 0 14 2443, C4<0000>;
P_0x555580c0dd50 .param/l "FDA_RELATIVE" 0 14 2444, C4<0000>;
P_0x555580c0dd90 .param/str "FEEDBACK_PATH" 0 14 2439, "SIMPLE";
P_0x555580c0ddd0 .param/l "FILTER_RANGE" 0 14 2449, C4<000>;
P_0x555580c0de10 .param/str "PLLOUT_SELECT" 0 14 2445, "GENCLK";
P_0x555580c0de50 .param/l "SHIFTREG_DIV_MODE" 0 14 2442, C4<0>;
P_0x555580c0de90 .param/l "TEST_MODE" 0 14 2451, C4<0>;
o0x7fb902f6c788 .functor BUFZ 1, c4<z>; HiZ drive
v0x555580df2280_0 .net "BYPASS", 0 0, o0x7fb902f6c788;  0 drivers
o0x7fb902f6c7b8 .functor BUFZ 8, c4<zzzzzzzz>; HiZ drive
v0x555580df2360_0 .net "DYNAMICDELAY", 7 0, o0x7fb902f6c7b8;  0 drivers
o0x7fb902f6c7e8 .functor BUFZ 1, c4<z>; HiZ drive
v0x555580df2440_0 .net "EXTFEEDBACK", 0 0, o0x7fb902f6c7e8;  0 drivers
o0x7fb902f6c818 .functor BUFZ 1, c4<z>; HiZ drive
v0x555580df24e0_0 .net "LATCHINPUTVALUE", 0 0, o0x7fb902f6c818;  0 drivers
o0x7fb902f6c848 .functor BUFZ 1, c4<z>; HiZ drive
v0x555580df25a0_0 .net "LOCK", 0 0, o0x7fb902f6c848;  0 drivers
o0x7fb902f6c878 .functor BUFZ 1, c4<z>; HiZ drive
v0x555580df2660_0 .net "PLLOUTCORE", 0 0, o0x7fb902f6c878;  0 drivers
o0x7fb902f6c8a8 .functor BUFZ 1, c4<z>; HiZ drive
v0x555580df2720_0 .net "PLLOUTGLOBAL", 0 0, o0x7fb902f6c8a8;  0 drivers
o0x7fb902f6c8d8 .functor BUFZ 1, c4<z>; HiZ drive
v0x555580df27e0_0 .net "REFERENCECLK", 0 0, o0x7fb902f6c8d8;  0 drivers
o0x7fb902f6c908 .functor BUFZ 1, c4<z>; HiZ drive
v0x555580df28a0_0 .net "RESETB", 0 0, o0x7fb902f6c908;  0 drivers
o0x7fb902f6c938 .functor BUFZ 1, c4<z>; HiZ drive
v0x555580df29f0_0 .net "SCLK", 0 0, o0x7fb902f6c938;  0 drivers
o0x7fb902f6c968 .functor BUFZ 1, c4<z>; HiZ drive
v0x555580df2ab0_0 .net "SDI", 0 0, o0x7fb902f6c968;  0 drivers
o0x7fb902f6c998 .functor BUFZ 1, c4<z>; HiZ drive
v0x555580df2b70_0 .net "SDO", 0 0, o0x7fb902f6c998;  0 drivers
S_0x555580d13400 .scope module, "SB_PLL40_PAD" "SB_PLL40_PAD" 14 2456;
 .timescale -12 -12;
    .port_info 0 /INPUT 1 "PACKAGEPIN";
    .port_info 1 /OUTPUT 1 "PLLOUTCORE";
    .port_info 2 /OUTPUT 1 "PLLOUTGLOBAL";
    .port_info 3 /INPUT 1 "EXTFEEDBACK";
    .port_info 4 /INPUT 8 "DYNAMICDELAY";
    .port_info 5 /OUTPUT 1 "LOCK";
    .port_info 6 /INPUT 1 "BYPASS";
    .port_info 7 /INPUT 1 "RESETB";
    .port_info 8 /INPUT 1 "LATCHINPUTVALUE";
    .port_info 9 /OUTPUT 1 "SDO";
    .port_info 10 /INPUT 1 "SDI";
    .port_info 11 /INPUT 1 "SCLK";
P_0x555580c102c0 .param/str "DELAY_ADJUSTMENT_MODE_FEEDBACK" 0 14 2471, "FIXED";
P_0x555580c10300 .param/str "DELAY_ADJUSTMENT_MODE_RELATIVE" 0 14 2472, "FIXED";
P_0x555580c10340 .param/l "DIVF" 0 14 2478, C4<0000000>;
P_0x555580c10380 .param/l "DIVQ" 0 14 2479, C4<000>;
P_0x555580c103c0 .param/l "DIVR" 0 14 2477, C4<0000>;
P_0x555580c10400 .param/l "ENABLE_ICEGATE" 0 14 2481, C4<0>;
P_0x555580c10440 .param/l "EXTERNAL_DIVIDE_FACTOR" 0 14 2483, +C4<00000000000000000000000000000001>;
P_0x555580c10480 .param/l "FDA_FEEDBACK" 0 14 2474, C4<0000>;
P_0x555580c104c0 .param/l "FDA_RELATIVE" 0 14 2475, C4<0000>;
P_0x555580c10500 .param/str "FEEDBACK_PATH" 0 14 2470, "SIMPLE";
P_0x555580c10540 .param/l "FILTER_RANGE" 0 14 2480, C4<000>;
P_0x555580c10580 .param/str "PLLOUT_SELECT" 0 14 2476, "GENCLK";
P_0x555580c105c0 .param/l "SHIFTREG_DIV_MODE" 0 14 2473, C4<0>;
P_0x555580c10600 .param/l "TEST_MODE" 0 14 2482, C4<0>;
o0x7fb902f6cc08 .functor BUFZ 1, c4<z>; HiZ drive
v0x555580df2e20_0 .net "BYPASS", 0 0, o0x7fb902f6cc08;  0 drivers
o0x7fb902f6cc38 .functor BUFZ 8, c4<zzzzzzzz>; HiZ drive
v0x555580df2f00_0 .net "DYNAMICDELAY", 7 0, o0x7fb902f6cc38;  0 drivers
o0x7fb902f6cc68 .functor BUFZ 1, c4<z>; HiZ drive
v0x555580df2fe0_0 .net "EXTFEEDBACK", 0 0, o0x7fb902f6cc68;  0 drivers
o0x7fb902f6cc98 .functor BUFZ 1, c4<z>; HiZ drive
v0x555580df3080_0 .net "LATCHINPUTVALUE", 0 0, o0x7fb902f6cc98;  0 drivers
o0x7fb902f6ccc8 .functor BUFZ 1, c4<z>; HiZ drive
v0x555580df3140_0 .net "LOCK", 0 0, o0x7fb902f6ccc8;  0 drivers
o0x7fb902f6ccf8 .functor BUFZ 1, c4<z>; HiZ drive
v0x555580df3200_0 .net "PACKAGEPIN", 0 0, o0x7fb902f6ccf8;  0 drivers
o0x7fb902f6cd28 .functor BUFZ 1, c4<z>; HiZ drive
v0x555580df32c0_0 .net "PLLOUTCORE", 0 0, o0x7fb902f6cd28;  0 drivers
o0x7fb902f6cd58 .functor BUFZ 1, c4<z>; HiZ drive
v0x555580df3380_0 .net "PLLOUTGLOBAL", 0 0, o0x7fb902f6cd58;  0 drivers
o0x7fb902f6cd88 .functor BUFZ 1, c4<z>; HiZ drive
v0x555580df3440_0 .net "RESETB", 0 0, o0x7fb902f6cd88;  0 drivers
o0x7fb902f6cdb8 .functor BUFZ 1, c4<z>; HiZ drive
v0x555580df3590_0 .net "SCLK", 0 0, o0x7fb902f6cdb8;  0 drivers
o0x7fb902f6cde8 .functor BUFZ 1, c4<z>; HiZ drive
v0x555580df3650_0 .net "SDI", 0 0, o0x7fb902f6cde8;  0 drivers
o0x7fb902f6ce18 .functor BUFZ 1, c4<z>; HiZ drive
v0x555580df3710_0 .net "SDO", 0 0, o0x7fb902f6ce18;  0 drivers
S_0x555580d12b40 .scope module, "SB_RAM40_4KNR" "SB_RAM40_4KNR" 14 1726;
 .timescale -12 -12;
    .port_info 0 /OUTPUT 16 "RDATA";
    .port_info 1 /INPUT 1 "RCLKN";
    .port_info 2 /INPUT 1 "RCLKE";
    .port_info 3 /INPUT 1 "RE";
    .port_info 4 /INPUT 11 "RADDR";
    .port_info 5 /INPUT 1 "WCLK";
    .port_info 6 /INPUT 1 "WCLKE";
    .port_info 7 /INPUT 1 "WE";
    .port_info 8 /INPUT 11 "WADDR";
    .port_info 9 /INPUT 16 "MASK";
    .port_info 10 /INPUT 16 "WDATA";
P_0x555580bf2460 .param/l "INIT_0" 0 14 1742, C4<0000000000000000000000000000000000000000000000000000000000000000000000000000000000000000000000000000000000000000000000000000000000000000000000000000000000000000000000000000000000000000000000000000000000000000000000000000000000000000000000000000000000000000>;
P_0x555580bf24a0 .param/l "INIT_1" 0 14 1743, C4<0000000000000000000000000000000000000000000000000000000000000000000000000000000000000000000000000000000000000000000000000000000000000000000000000000000000000000000000000000000000000000000000000000000000000000000000000000000000000000000000000000000000000000>;
P_0x555580bf24e0 .param/l "INIT_2" 0 14 1744, C4<0000000000000000000000000000000000000000000000000000000000000000000000000000000000000000000000000000000000000000000000000000000000000000000000000000000000000000000000000000000000000000000000000000000000000000000000000000000000000000000000000000000000000000>;
P_0x555580bf2520 .param/l "INIT_3" 0 14 1745, C4<0000000000000000000000000000000000000000000000000000000000000000000000000000000000000000000000000000000000000000000000000000000000000000000000000000000000000000000000000000000000000000000000000000000000000000000000000000000000000000000000000000000000000000>;
P_0x555580bf2560 .param/l "INIT_4" 0 14 1746, C4<0000000000000000000000000000000000000000000000000000000000000000000000000000000000000000000000000000000000000000000000000000000000000000000000000000000000000000000000000000000000000000000000000000000000000000000000000000000000000000000000000000000000000000>;
P_0x555580bf25a0 .param/l "INIT_5" 0 14 1747, C4<0000000000000000000000000000000000000000000000000000000000000000000000000000000000000000000000000000000000000000000000000000000000000000000000000000000000000000000000000000000000000000000000000000000000000000000000000000000000000000000000000000000000000000>;
P_0x555580bf25e0 .param/l "INIT_6" 0 14 1748, C4<0000000000000000000000000000000000000000000000000000000000000000000000000000000000000000000000000000000000000000000000000000000000000000000000000000000000000000000000000000000000000000000000000000000000000000000000000000000000000000000000000000000000000000>;
P_0x555580bf2620 .param/l "INIT_7" 0 14 1749, C4<0000000000000000000000000000000000000000000000000000000000000000000000000000000000000000000000000000000000000000000000000000000000000000000000000000000000000000000000000000000000000000000000000000000000000000000000000000000000000000000000000000000000000000>;
P_0x555580bf2660 .param/l "INIT_8" 0 14 1750, C4<0000000000000000000000000000000000000000000000000000000000000000000000000000000000000000000000000000000000000000000000000000000000000000000000000000000000000000000000000000000000000000000000000000000000000000000000000000000000000000000000000000000000000000>;
P_0x555580bf26a0 .param/l "INIT_9" 0 14 1751, C4<0000000000000000000000000000000000000000000000000000000000000000000000000000000000000000000000000000000000000000000000000000000000000000000000000000000000000000000000000000000000000000000000000000000000000000000000000000000000000000000000000000000000000000>;
P_0x555580bf26e0 .param/l "INIT_A" 0 14 1752, C4<0000000000000000000000000000000000000000000000000000000000000000000000000000000000000000000000000000000000000000000000000000000000000000000000000000000000000000000000000000000000000000000000000000000000000000000000000000000000000000000000000000000000000000>;
P_0x555580bf2720 .param/l "INIT_B" 0 14 1753, C4<0000000000000000000000000000000000000000000000000000000000000000000000000000000000000000000000000000000000000000000000000000000000000000000000000000000000000000000000000000000000000000000000000000000000000000000000000000000000000000000000000000000000000000>;
P_0x555580bf2760 .param/l "INIT_C" 0 14 1754, C4<0000000000000000000000000000000000000000000000000000000000000000000000000000000000000000000000000000000000000000000000000000000000000000000000000000000000000000000000000000000000000000000000000000000000000000000000000000000000000000000000000000000000000000>;
P_0x555580bf27a0 .param/l "INIT_D" 0 14 1755, C4<0000000000000000000000000000000000000000000000000000000000000000000000000000000000000000000000000000000000000000000000000000000000000000000000000000000000000000000000000000000000000000000000000000000000000000000000000000000000000000000000000000000000000000>;
P_0x555580bf27e0 .param/l "INIT_E" 0 14 1756, C4<0000000000000000000000000000000000000000000000000000000000000000000000000000000000000000000000000000000000000000000000000000000000000000000000000000000000000000000000000000000000000000000000000000000000000000000000000000000000000000000000000000000000000000>;
P_0x555580bf2820 .param/l "INIT_F" 0 14 1757, C4<0000000000000000000000000000000000000000000000000000000000000000000000000000000000000000000000000000000000000000000000000000000000000000000000000000000000000000000000000000000000000000000000000000000000000000000000000000000000000000000000000000000000000000>;
P_0x555580bf2860 .param/str "INIT_FILE" 0 14 1759, "\000";
P_0x555580bf28a0 .param/l "READ_MODE" 0 14 1740, +C4<00000000000000000000000000000000>;
P_0x555580bf28e0 .param/l "WRITE_MODE" 0 14 1739, +C4<00000000000000000000000000000000>;
o0x7fb902f6d598 .functor BUFZ 1, c4<z>; HiZ drive
L_0x555580e34c50 .functor NOT 1, o0x7fb902f6d598, C4<0>, C4<0>, C4<0>;
o0x7fb902f6d088 .functor BUFZ 16, c4<zzzzzzzzzzzzzzzz>; HiZ drive
v0x555580df70e0_0 .net "MASK", 15 0, o0x7fb902f6d088;  0 drivers
o0x7fb902f6d0b8 .functor BUFZ 11, c4<zzzzzzzzzzz>; HiZ drive
v0x555580df71c0_0 .net "RADDR", 10 0, o0x7fb902f6d0b8;  0 drivers
o0x7fb902f6d118 .functor BUFZ 1, c4<z>; HiZ drive
v0x555580df7290_0 .net "RCLKE", 0 0, o0x7fb902f6d118;  0 drivers
v0x555580df7390_0 .net "RCLKN", 0 0, o0x7fb902f6d598;  0 drivers
v0x555580df7430_0 .net "RDATA", 15 0, L_0x555580e34b90;  1 drivers
o0x7fb902f6d1a8 .functor BUFZ 1, c4<z>; HiZ drive
v0x555580df74d0_0 .net "RE", 0 0, o0x7fb902f6d1a8;  0 drivers
o0x7fb902f6d208 .functor BUFZ 11, c4<zzzzzzzzzzz>; HiZ drive
v0x555580df75a0_0 .net "WADDR", 10 0, o0x7fb902f6d208;  0 drivers
o0x7fb902f6d238 .functor BUFZ 1, c4<z>; HiZ drive
v0x555580df7670_0 .net "WCLK", 0 0, o0x7fb902f6d238;  0 drivers
o0x7fb902f6d268 .functor BUFZ 1, c4<z>; HiZ drive
v0x555580df7740_0 .net "WCLKE", 0 0, o0x7fb902f6d268;  0 drivers
o0x7fb902f6d298 .functor BUFZ 16, c4<zzzzzzzzzzzzzzzz>; HiZ drive
v0x555580df7810_0 .net "WDATA", 15 0, o0x7fb902f6d298;  0 drivers
o0x7fb902f6d2f8 .functor BUFZ 1, c4<z>; HiZ drive
v0x555580df78e0_0 .net "WE", 0 0, o0x7fb902f6d2f8;  0 drivers
S_0x555580df39c0 .scope module, "RAM" "SB_RAM40_4K" 14 1781, 14 1487 0, S_0x555580d12b40;
 .timescale -12 -12;
    .port_info 0 /OUTPUT 16 "RDATA";
    .port_info 1 /INPUT 1 "RCLK";
    .port_info 2 /INPUT 1 "RCLKE";
    .port_info 3 /INPUT 1 "RE";
    .port_info 4 /INPUT 11 "RADDR";
    .port_info 5 /INPUT 1 "WCLK";
    .port_info 6 /INPUT 1 "WCLKE";
    .port_info 7 /INPUT 1 "WE";
    .port_info 8 /INPUT 11 "WADDR";
    .port_info 9 /INPUT 16 "MASK";
    .port_info 10 /INPUT 16 "WDATA";
P_0x555580df3b70 .param/l "INIT_0" 0 14 1507, C4<0000000000000000000000000000000000000000000000000000000000000000000000000000000000000000000000000000000000000000000000000000000000000000000000000000000000000000000000000000000000000000000000000000000000000000000000000000000000000000000000000000000000000000>;
P_0x555580df3bb0 .param/l "INIT_1" 0 14 1508, C4<0000000000000000000000000000000000000000000000000000000000000000000000000000000000000000000000000000000000000000000000000000000000000000000000000000000000000000000000000000000000000000000000000000000000000000000000000000000000000000000000000000000000000000>;
P_0x555580df3bf0 .param/l "INIT_2" 0 14 1509, C4<0000000000000000000000000000000000000000000000000000000000000000000000000000000000000000000000000000000000000000000000000000000000000000000000000000000000000000000000000000000000000000000000000000000000000000000000000000000000000000000000000000000000000000>;
P_0x555580df3c30 .param/l "INIT_3" 0 14 1510, C4<0000000000000000000000000000000000000000000000000000000000000000000000000000000000000000000000000000000000000000000000000000000000000000000000000000000000000000000000000000000000000000000000000000000000000000000000000000000000000000000000000000000000000000>;
P_0x555580df3c70 .param/l "INIT_4" 0 14 1511, C4<0000000000000000000000000000000000000000000000000000000000000000000000000000000000000000000000000000000000000000000000000000000000000000000000000000000000000000000000000000000000000000000000000000000000000000000000000000000000000000000000000000000000000000>;
P_0x555580df3cb0 .param/l "INIT_5" 0 14 1512, C4<0000000000000000000000000000000000000000000000000000000000000000000000000000000000000000000000000000000000000000000000000000000000000000000000000000000000000000000000000000000000000000000000000000000000000000000000000000000000000000000000000000000000000000>;
P_0x555580df3cf0 .param/l "INIT_6" 0 14 1513, C4<0000000000000000000000000000000000000000000000000000000000000000000000000000000000000000000000000000000000000000000000000000000000000000000000000000000000000000000000000000000000000000000000000000000000000000000000000000000000000000000000000000000000000000>;
P_0x555580df3d30 .param/l "INIT_7" 0 14 1514, C4<0000000000000000000000000000000000000000000000000000000000000000000000000000000000000000000000000000000000000000000000000000000000000000000000000000000000000000000000000000000000000000000000000000000000000000000000000000000000000000000000000000000000000000>;
P_0x555580df3d70 .param/l "INIT_8" 0 14 1515, C4<0000000000000000000000000000000000000000000000000000000000000000000000000000000000000000000000000000000000000000000000000000000000000000000000000000000000000000000000000000000000000000000000000000000000000000000000000000000000000000000000000000000000000000>;
P_0x555580df3db0 .param/l "INIT_9" 0 14 1516, C4<0000000000000000000000000000000000000000000000000000000000000000000000000000000000000000000000000000000000000000000000000000000000000000000000000000000000000000000000000000000000000000000000000000000000000000000000000000000000000000000000000000000000000000>;
P_0x555580df3df0 .param/l "INIT_A" 0 14 1517, C4<0000000000000000000000000000000000000000000000000000000000000000000000000000000000000000000000000000000000000000000000000000000000000000000000000000000000000000000000000000000000000000000000000000000000000000000000000000000000000000000000000000000000000000>;
P_0x555580df3e30 .param/l "INIT_B" 0 14 1518, C4<0000000000000000000000000000000000000000000000000000000000000000000000000000000000000000000000000000000000000000000000000000000000000000000000000000000000000000000000000000000000000000000000000000000000000000000000000000000000000000000000000000000000000000>;
P_0x555580df3e70 .param/l "INIT_C" 0 14 1519, C4<0000000000000000000000000000000000000000000000000000000000000000000000000000000000000000000000000000000000000000000000000000000000000000000000000000000000000000000000000000000000000000000000000000000000000000000000000000000000000000000000000000000000000000>;
P_0x555580df3eb0 .param/l "INIT_D" 0 14 1520, C4<0000000000000000000000000000000000000000000000000000000000000000000000000000000000000000000000000000000000000000000000000000000000000000000000000000000000000000000000000000000000000000000000000000000000000000000000000000000000000000000000000000000000000000>;
P_0x555580df3ef0 .param/l "INIT_E" 0 14 1521, C4<0000000000000000000000000000000000000000000000000000000000000000000000000000000000000000000000000000000000000000000000000000000000000000000000000000000000000000000000000000000000000000000000000000000000000000000000000000000000000000000000000000000000000000>;
P_0x555580df3f30 .param/l "INIT_F" 0 14 1522, C4<0000000000000000000000000000000000000000000000000000000000000000000000000000000000000000000000000000000000000000000000000000000000000000000000000000000000000000000000000000000000000000000000000000000000000000000000000000000000000000000000000000000000000000>;
P_0x555580df3f70 .param/str "INIT_FILE" 0 14 1524, "\000";
P_0x555580df3fb0 .param/l "READ_MODE" 0 14 1505, +C4<00000000000000000000000000000000>;
P_0x555580df3ff0 .param/l "WRITE_MODE" 0 14 1504, +C4<00000000000000000000000000000000>;
v0x555580df5fd0_0 .net "MASK", 15 0, o0x7fb902f6d088;  alias, 0 drivers
v0x555580df6090_0 .net "RADDR", 10 0, o0x7fb902f6d0b8;  alias, 0 drivers
v0x555580df6170_0 .net "RCLK", 0 0, L_0x555580e34c50;  1 drivers
v0x555580df6240_0 .net "RCLKE", 0 0, o0x7fb902f6d118;  alias, 0 drivers
v0x555580df6300_0 .net "RDATA", 15 0, L_0x555580e34b90;  alias, 1 drivers
v0x555580df6430_0 .var "RDATA_I", 15 0;
v0x555580df6510_0 .net "RE", 0 0, o0x7fb902f6d1a8;  alias, 0 drivers
L_0x7fb902bb81d0 .functor BUFT 1, C4<0000000000000000>, C4<0>, C4<0>, C4<0>;
v0x555580df65d0_0 .net "RMASK_I", 15 0, L_0x7fb902bb81d0;  1 drivers
v0x555580df66b0_0 .net "WADDR", 10 0, o0x7fb902f6d208;  alias, 0 drivers
v0x555580df6790_0 .net "WCLK", 0 0, o0x7fb902f6d238;  alias, 0 drivers
v0x555580df6850_0 .net "WCLKE", 0 0, o0x7fb902f6d268;  alias, 0 drivers
v0x555580df6910_0 .net "WDATA", 15 0, o0x7fb902f6d298;  alias, 0 drivers
v0x555580df69f0_0 .net "WDATA_I", 15 0, L_0x555580e34ad0;  1 drivers
v0x555580df6ad0_0 .net "WE", 0 0, o0x7fb902f6d2f8;  alias, 0 drivers
v0x555580df6b90_0 .net "WMASK_I", 15 0, L_0x555580e34a10;  1 drivers
v0x555580df6c70_0 .var/i "i", 31 0;
v0x555580df6d50 .array "memory", 255 0, 15 0;
E_0x555580df5700 .event posedge, v0x555580df6170_0;
E_0x555580df5780 .event posedge, v0x555580df6790_0;
S_0x555580df57e0 .scope generate, "genblk1" "genblk1" 14 1534, 14 1534 0, S_0x555580df39c0;
 .timescale -12 -12;
L_0x555580e34a10 .functor BUFZ 16, o0x7fb902f6d088, C4<0000000000000000>, C4<0000000000000000>, C4<0000000000000000>;
S_0x555580df59e0 .scope generate, "genblk2" "genblk2" 14 1555, 14 1555 0, S_0x555580df39c0;
 .timescale -12 -12;
S_0x555580df5be0 .scope generate, "genblk3" "genblk3" 14 1576, 14 1576 0, S_0x555580df39c0;
 .timescale -12 -12;
L_0x555580e34ad0 .functor BUFZ 16, o0x7fb902f6d298, C4<0000000000000000>, C4<0000000000000000>, C4<0000000000000000>;
S_0x555580df5df0 .scope generate, "genblk4" "genblk4" 14 1595, 14 1595 0, S_0x555580df39c0;
 .timescale -12 -12;
L_0x555580e34b90 .functor BUFZ 16, v0x555580df6430_0, C4<0000000000000000>, C4<0000000000000000>, C4<0000000000000000>;
S_0x555580d10990 .scope module, "SB_RAM40_4KNRNW" "SB_RAM40_4KNRNW" 14 1998;
 .timescale -12 -12;
    .port_info 0 /OUTPUT 16 "RDATA";
    .port_info 1 /INPUT 1 "RCLKN";
    .port_info 2 /INPUT 1 "RCLKE";
    .port_info 3 /INPUT 1 "RE";
    .port_info 4 /INPUT 11 "RADDR";
    .port_info 5 /INPUT 1 "WCLKN";
    .port_info 6 /INPUT 1 "WCLKE";
    .port_info 7 /INPUT 1 "WE";
    .port_info 8 /INPUT 11 "WADDR";
    .port_info 9 /INPUT 16 "MASK";
    .port_info 10 /INPUT 16 "WDATA";
P_0x555580b73f50 .param/l "INIT_0" 0 14 2014, C4<0000000000000000000000000000000000000000000000000000000000000000000000000000000000000000000000000000000000000000000000000000000000000000000000000000000000000000000000000000000000000000000000000000000000000000000000000000000000000000000000000000000000000000>;
P_0x555580b73f90 .param/l "INIT_1" 0 14 2015, C4<0000000000000000000000000000000000000000000000000000000000000000000000000000000000000000000000000000000000000000000000000000000000000000000000000000000000000000000000000000000000000000000000000000000000000000000000000000000000000000000000000000000000000000>;
P_0x555580b73fd0 .param/l "INIT_2" 0 14 2016, C4<0000000000000000000000000000000000000000000000000000000000000000000000000000000000000000000000000000000000000000000000000000000000000000000000000000000000000000000000000000000000000000000000000000000000000000000000000000000000000000000000000000000000000000>;
P_0x555580b74010 .param/l "INIT_3" 0 14 2017, C4<0000000000000000000000000000000000000000000000000000000000000000000000000000000000000000000000000000000000000000000000000000000000000000000000000000000000000000000000000000000000000000000000000000000000000000000000000000000000000000000000000000000000000000>;
P_0x555580b74050 .param/l "INIT_4" 0 14 2018, C4<0000000000000000000000000000000000000000000000000000000000000000000000000000000000000000000000000000000000000000000000000000000000000000000000000000000000000000000000000000000000000000000000000000000000000000000000000000000000000000000000000000000000000000>;
P_0x555580b74090 .param/l "INIT_5" 0 14 2019, C4<0000000000000000000000000000000000000000000000000000000000000000000000000000000000000000000000000000000000000000000000000000000000000000000000000000000000000000000000000000000000000000000000000000000000000000000000000000000000000000000000000000000000000000>;
P_0x555580b740d0 .param/l "INIT_6" 0 14 2020, C4<0000000000000000000000000000000000000000000000000000000000000000000000000000000000000000000000000000000000000000000000000000000000000000000000000000000000000000000000000000000000000000000000000000000000000000000000000000000000000000000000000000000000000000>;
P_0x555580b74110 .param/l "INIT_7" 0 14 2021, C4<0000000000000000000000000000000000000000000000000000000000000000000000000000000000000000000000000000000000000000000000000000000000000000000000000000000000000000000000000000000000000000000000000000000000000000000000000000000000000000000000000000000000000000>;
P_0x555580b74150 .param/l "INIT_8" 0 14 2022, C4<0000000000000000000000000000000000000000000000000000000000000000000000000000000000000000000000000000000000000000000000000000000000000000000000000000000000000000000000000000000000000000000000000000000000000000000000000000000000000000000000000000000000000000>;
P_0x555580b74190 .param/l "INIT_9" 0 14 2023, C4<0000000000000000000000000000000000000000000000000000000000000000000000000000000000000000000000000000000000000000000000000000000000000000000000000000000000000000000000000000000000000000000000000000000000000000000000000000000000000000000000000000000000000000>;
P_0x555580b741d0 .param/l "INIT_A" 0 14 2024, C4<0000000000000000000000000000000000000000000000000000000000000000000000000000000000000000000000000000000000000000000000000000000000000000000000000000000000000000000000000000000000000000000000000000000000000000000000000000000000000000000000000000000000000000>;
P_0x555580b74210 .param/l "INIT_B" 0 14 2025, C4<0000000000000000000000000000000000000000000000000000000000000000000000000000000000000000000000000000000000000000000000000000000000000000000000000000000000000000000000000000000000000000000000000000000000000000000000000000000000000000000000000000000000000000>;
P_0x555580b74250 .param/l "INIT_C" 0 14 2026, C4<0000000000000000000000000000000000000000000000000000000000000000000000000000000000000000000000000000000000000000000000000000000000000000000000000000000000000000000000000000000000000000000000000000000000000000000000000000000000000000000000000000000000000000>;
P_0x555580b74290 .param/l "INIT_D" 0 14 2027, C4<0000000000000000000000000000000000000000000000000000000000000000000000000000000000000000000000000000000000000000000000000000000000000000000000000000000000000000000000000000000000000000000000000000000000000000000000000000000000000000000000000000000000000000>;
P_0x555580b742d0 .param/l "INIT_E" 0 14 2028, C4<0000000000000000000000000000000000000000000000000000000000000000000000000000000000000000000000000000000000000000000000000000000000000000000000000000000000000000000000000000000000000000000000000000000000000000000000000000000000000000000000000000000000000000>;
P_0x555580b74310 .param/l "INIT_F" 0 14 2029, C4<0000000000000000000000000000000000000000000000000000000000000000000000000000000000000000000000000000000000000000000000000000000000000000000000000000000000000000000000000000000000000000000000000000000000000000000000000000000000000000000000000000000000000000>;
P_0x555580b74350 .param/str "INIT_FILE" 0 14 2031, "\000";
P_0x555580b74390 .param/l "READ_MODE" 0 14 2012, +C4<00000000000000000000000000000000>;
P_0x555580b743d0 .param/l "WRITE_MODE" 0 14 2011, +C4<00000000000000000000000000000000>;
o0x7fb902f6dce8 .functor BUFZ 1, c4<z>; HiZ drive
L_0x555580e34f30 .functor NOT 1, o0x7fb902f6dce8, C4<0>, C4<0>, C4<0>;
o0x7fb902f6dd18 .functor BUFZ 1, c4<z>; HiZ drive
L_0x555580e34fd0 .functor NOT 1, o0x7fb902f6dd18, C4<0>, C4<0>, C4<0>;
o0x7fb902f6d7d8 .functor BUFZ 16, c4<zzzzzzzzzzzzzzzz>; HiZ drive
v0x555580dfb420_0 .net "MASK", 15 0, o0x7fb902f6d7d8;  0 drivers
o0x7fb902f6d808 .functor BUFZ 11, c4<zzzzzzzzzzz>; HiZ drive
v0x555580dfb500_0 .net "RADDR", 10 0, o0x7fb902f6d808;  0 drivers
o0x7fb902f6d868 .functor BUFZ 1, c4<z>; HiZ drive
v0x555580dfb5d0_0 .net "RCLKE", 0 0, o0x7fb902f6d868;  0 drivers
v0x555580dfb6d0_0 .net "RCLKN", 0 0, o0x7fb902f6dce8;  0 drivers
v0x555580dfb770_0 .net "RDATA", 15 0, L_0x555580e34e70;  1 drivers
o0x7fb902f6d8f8 .functor BUFZ 1, c4<z>; HiZ drive
v0x555580dfb810_0 .net "RE", 0 0, o0x7fb902f6d8f8;  0 drivers
o0x7fb902f6d958 .functor BUFZ 11, c4<zzzzzzzzzzz>; HiZ drive
v0x555580dfb8e0_0 .net "WADDR", 10 0, o0x7fb902f6d958;  0 drivers
o0x7fb902f6d9b8 .functor BUFZ 1, c4<z>; HiZ drive
v0x555580dfb9b0_0 .net "WCLKE", 0 0, o0x7fb902f6d9b8;  0 drivers
v0x555580dfba80_0 .net "WCLKN", 0 0, o0x7fb902f6dd18;  0 drivers
o0x7fb902f6d9e8 .functor BUFZ 16, c4<zzzzzzzzzzzzzzzz>; HiZ drive
v0x555580dfbb20_0 .net "WDATA", 15 0, o0x7fb902f6d9e8;  0 drivers
o0x7fb902f6da48 .functor BUFZ 1, c4<z>; HiZ drive
v0x555580dfbbf0_0 .net "WE", 0 0, o0x7fb902f6da48;  0 drivers
S_0x555580df7a50 .scope module, "RAM" "SB_RAM40_4K" 14 2053, 14 1487 0, S_0x555580d10990;
 .timescale -12 -12;
    .port_info 0 /OUTPUT 16 "RDATA";
    .port_info 1 /INPUT 1 "RCLK";
    .port_info 2 /INPUT 1 "RCLKE";
    .port_info 3 /INPUT 1 "RE";
    .port_info 4 /INPUT 11 "RADDR";
    .port_info 5 /INPUT 1 "WCLK";
    .port_info 6 /INPUT 1 "WCLKE";
    .port_info 7 /INPUT 1 "WE";
    .port_info 8 /INPUT 11 "WADDR";
    .port_info 9 /INPUT 16 "MASK";
    .port_info 10 /INPUT 16 "WDATA";
P_0x555580df7c00 .param/l "INIT_0" 0 14 1507, C4<0000000000000000000000000000000000000000000000000000000000000000000000000000000000000000000000000000000000000000000000000000000000000000000000000000000000000000000000000000000000000000000000000000000000000000000000000000000000000000000000000000000000000000>;
P_0x555580df7c40 .param/l "INIT_1" 0 14 1508, C4<0000000000000000000000000000000000000000000000000000000000000000000000000000000000000000000000000000000000000000000000000000000000000000000000000000000000000000000000000000000000000000000000000000000000000000000000000000000000000000000000000000000000000000>;
P_0x555580df7c80 .param/l "INIT_2" 0 14 1509, C4<0000000000000000000000000000000000000000000000000000000000000000000000000000000000000000000000000000000000000000000000000000000000000000000000000000000000000000000000000000000000000000000000000000000000000000000000000000000000000000000000000000000000000000>;
P_0x555580df7cc0 .param/l "INIT_3" 0 14 1510, C4<0000000000000000000000000000000000000000000000000000000000000000000000000000000000000000000000000000000000000000000000000000000000000000000000000000000000000000000000000000000000000000000000000000000000000000000000000000000000000000000000000000000000000000>;
P_0x555580df7d00 .param/l "INIT_4" 0 14 1511, C4<0000000000000000000000000000000000000000000000000000000000000000000000000000000000000000000000000000000000000000000000000000000000000000000000000000000000000000000000000000000000000000000000000000000000000000000000000000000000000000000000000000000000000000>;
P_0x555580df7d40 .param/l "INIT_5" 0 14 1512, C4<0000000000000000000000000000000000000000000000000000000000000000000000000000000000000000000000000000000000000000000000000000000000000000000000000000000000000000000000000000000000000000000000000000000000000000000000000000000000000000000000000000000000000000>;
P_0x555580df7d80 .param/l "INIT_6" 0 14 1513, C4<0000000000000000000000000000000000000000000000000000000000000000000000000000000000000000000000000000000000000000000000000000000000000000000000000000000000000000000000000000000000000000000000000000000000000000000000000000000000000000000000000000000000000000>;
P_0x555580df7dc0 .param/l "INIT_7" 0 14 1514, C4<0000000000000000000000000000000000000000000000000000000000000000000000000000000000000000000000000000000000000000000000000000000000000000000000000000000000000000000000000000000000000000000000000000000000000000000000000000000000000000000000000000000000000000>;
P_0x555580df7e00 .param/l "INIT_8" 0 14 1515, C4<0000000000000000000000000000000000000000000000000000000000000000000000000000000000000000000000000000000000000000000000000000000000000000000000000000000000000000000000000000000000000000000000000000000000000000000000000000000000000000000000000000000000000000>;
P_0x555580df7e40 .param/l "INIT_9" 0 14 1516, C4<0000000000000000000000000000000000000000000000000000000000000000000000000000000000000000000000000000000000000000000000000000000000000000000000000000000000000000000000000000000000000000000000000000000000000000000000000000000000000000000000000000000000000000>;
P_0x555580df7e80 .param/l "INIT_A" 0 14 1517, C4<0000000000000000000000000000000000000000000000000000000000000000000000000000000000000000000000000000000000000000000000000000000000000000000000000000000000000000000000000000000000000000000000000000000000000000000000000000000000000000000000000000000000000000>;
P_0x555580df7ec0 .param/l "INIT_B" 0 14 1518, C4<0000000000000000000000000000000000000000000000000000000000000000000000000000000000000000000000000000000000000000000000000000000000000000000000000000000000000000000000000000000000000000000000000000000000000000000000000000000000000000000000000000000000000000>;
P_0x555580df7f00 .param/l "INIT_C" 0 14 1519, C4<0000000000000000000000000000000000000000000000000000000000000000000000000000000000000000000000000000000000000000000000000000000000000000000000000000000000000000000000000000000000000000000000000000000000000000000000000000000000000000000000000000000000000000>;
P_0x555580df7f40 .param/l "INIT_D" 0 14 1520, C4<0000000000000000000000000000000000000000000000000000000000000000000000000000000000000000000000000000000000000000000000000000000000000000000000000000000000000000000000000000000000000000000000000000000000000000000000000000000000000000000000000000000000000000>;
P_0x555580df7f80 .param/l "INIT_E" 0 14 1521, C4<0000000000000000000000000000000000000000000000000000000000000000000000000000000000000000000000000000000000000000000000000000000000000000000000000000000000000000000000000000000000000000000000000000000000000000000000000000000000000000000000000000000000000000>;
P_0x555580df7fc0 .param/l "INIT_F" 0 14 1522, C4<0000000000000000000000000000000000000000000000000000000000000000000000000000000000000000000000000000000000000000000000000000000000000000000000000000000000000000000000000000000000000000000000000000000000000000000000000000000000000000000000000000000000000000>;
P_0x555580df8000 .param/str "INIT_FILE" 0 14 1524, "\000";
P_0x555580df8040 .param/l "READ_MODE" 0 14 1505, +C4<00000000000000000000000000000000>;
P_0x555580df8080 .param/l "WRITE_MODE" 0 14 1504, +C4<00000000000000000000000000000000>;
v0x555580dfa310_0 .net "MASK", 15 0, o0x7fb902f6d7d8;  alias, 0 drivers
v0x555580dfa3d0_0 .net "RADDR", 10 0, o0x7fb902f6d808;  alias, 0 drivers
v0x555580dfa4b0_0 .net "RCLK", 0 0, L_0x555580e34f30;  1 drivers
v0x555580dfa580_0 .net "RCLKE", 0 0, o0x7fb902f6d868;  alias, 0 drivers
v0x555580dfa640_0 .net "RDATA", 15 0, L_0x555580e34e70;  alias, 1 drivers
v0x555580dfa770_0 .var "RDATA_I", 15 0;
v0x555580dfa850_0 .net "RE", 0 0, o0x7fb902f6d8f8;  alias, 0 drivers
L_0x7fb902bb8218 .functor BUFT 1, C4<0000000000000000>, C4<0>, C4<0>, C4<0>;
v0x555580dfa910_0 .net "RMASK_I", 15 0, L_0x7fb902bb8218;  1 drivers
v0x555580dfa9f0_0 .net "WADDR", 10 0, o0x7fb902f6d958;  alias, 0 drivers
v0x555580dfaad0_0 .net "WCLK", 0 0, L_0x555580e34fd0;  1 drivers
v0x555580dfab90_0 .net "WCLKE", 0 0, o0x7fb902f6d9b8;  alias, 0 drivers
v0x555580dfac50_0 .net "WDATA", 15 0, o0x7fb902f6d9e8;  alias, 0 drivers
v0x555580dfad30_0 .net "WDATA_I", 15 0, L_0x555580e34d80;  1 drivers
v0x555580dfae10_0 .net "WE", 0 0, o0x7fb902f6da48;  alias, 0 drivers
v0x555580dfaed0_0 .net "WMASK_I", 15 0, L_0x555580e34cc0;  1 drivers
v0x555580dfafb0_0 .var/i "i", 31 0;
v0x555580dfb090 .array "memory", 255 0, 15 0;
E_0x555580df9a40 .event posedge, v0x555580dfa4b0_0;
E_0x555580df9ac0 .event posedge, v0x555580dfaad0_0;
S_0x555580df9b20 .scope generate, "genblk1" "genblk1" 14 1534, 14 1534 0, S_0x555580df7a50;
 .timescale -12 -12;
L_0x555580e34cc0 .functor BUFZ 16, o0x7fb902f6d7d8, C4<0000000000000000>, C4<0000000000000000>, C4<0000000000000000>;
S_0x555580df9d20 .scope generate, "genblk2" "genblk2" 14 1555, 14 1555 0, S_0x555580df7a50;
 .timescale -12 -12;
S_0x555580df9f20 .scope generate, "genblk3" "genblk3" 14 1576, 14 1576 0, S_0x555580df7a50;
 .timescale -12 -12;
L_0x555580e34d80 .functor BUFZ 16, o0x7fb902f6d9e8, C4<0000000000000000>, C4<0000000000000000>, C4<0000000000000000>;
S_0x555580dfa130 .scope generate, "genblk4" "genblk4" 14 1595, 14 1595 0, S_0x555580df7a50;
 .timescale -12 -12;
L_0x555580e34e70 .functor BUFZ 16, v0x555580dfa770_0, C4<0000000000000000>, C4<0000000000000000>, C4<0000000000000000>;
S_0x555580d0d7b0 .scope module, "SB_RAM40_4KNW" "SB_RAM40_4KNW" 14 1862;
 .timescale -12 -12;
    .port_info 0 /OUTPUT 16 "RDATA";
    .port_info 1 /INPUT 1 "RCLK";
    .port_info 2 /INPUT 1 "RCLKE";
    .port_info 3 /INPUT 1 "RE";
    .port_info 4 /INPUT 11 "RADDR";
    .port_info 5 /INPUT 1 "WCLKN";
    .port_info 6 /INPUT 1 "WCLKE";
    .port_info 7 /INPUT 1 "WE";
    .port_info 8 /INPUT 11 "WADDR";
    .port_info 9 /INPUT 16 "MASK";
    .port_info 10 /INPUT 16 "WDATA";
P_0x555580b40b80 .param/l "INIT_0" 0 14 1878, C4<0000000000000000000000000000000000000000000000000000000000000000000000000000000000000000000000000000000000000000000000000000000000000000000000000000000000000000000000000000000000000000000000000000000000000000000000000000000000000000000000000000000000000000>;
P_0x555580b40bc0 .param/l "INIT_1" 0 14 1879, C4<0000000000000000000000000000000000000000000000000000000000000000000000000000000000000000000000000000000000000000000000000000000000000000000000000000000000000000000000000000000000000000000000000000000000000000000000000000000000000000000000000000000000000000>;
P_0x555580b40c00 .param/l "INIT_2" 0 14 1880, C4<0000000000000000000000000000000000000000000000000000000000000000000000000000000000000000000000000000000000000000000000000000000000000000000000000000000000000000000000000000000000000000000000000000000000000000000000000000000000000000000000000000000000000000>;
P_0x555580b40c40 .param/l "INIT_3" 0 14 1881, C4<0000000000000000000000000000000000000000000000000000000000000000000000000000000000000000000000000000000000000000000000000000000000000000000000000000000000000000000000000000000000000000000000000000000000000000000000000000000000000000000000000000000000000000>;
P_0x555580b40c80 .param/l "INIT_4" 0 14 1882, C4<0000000000000000000000000000000000000000000000000000000000000000000000000000000000000000000000000000000000000000000000000000000000000000000000000000000000000000000000000000000000000000000000000000000000000000000000000000000000000000000000000000000000000000>;
P_0x555580b40cc0 .param/l "INIT_5" 0 14 1883, C4<0000000000000000000000000000000000000000000000000000000000000000000000000000000000000000000000000000000000000000000000000000000000000000000000000000000000000000000000000000000000000000000000000000000000000000000000000000000000000000000000000000000000000000>;
P_0x555580b40d00 .param/l "INIT_6" 0 14 1884, C4<0000000000000000000000000000000000000000000000000000000000000000000000000000000000000000000000000000000000000000000000000000000000000000000000000000000000000000000000000000000000000000000000000000000000000000000000000000000000000000000000000000000000000000>;
P_0x555580b40d40 .param/l "INIT_7" 0 14 1885, C4<0000000000000000000000000000000000000000000000000000000000000000000000000000000000000000000000000000000000000000000000000000000000000000000000000000000000000000000000000000000000000000000000000000000000000000000000000000000000000000000000000000000000000000>;
P_0x555580b40d80 .param/l "INIT_8" 0 14 1886, C4<0000000000000000000000000000000000000000000000000000000000000000000000000000000000000000000000000000000000000000000000000000000000000000000000000000000000000000000000000000000000000000000000000000000000000000000000000000000000000000000000000000000000000000>;
P_0x555580b40dc0 .param/l "INIT_9" 0 14 1887, C4<0000000000000000000000000000000000000000000000000000000000000000000000000000000000000000000000000000000000000000000000000000000000000000000000000000000000000000000000000000000000000000000000000000000000000000000000000000000000000000000000000000000000000000>;
P_0x555580b40e00 .param/l "INIT_A" 0 14 1888, C4<0000000000000000000000000000000000000000000000000000000000000000000000000000000000000000000000000000000000000000000000000000000000000000000000000000000000000000000000000000000000000000000000000000000000000000000000000000000000000000000000000000000000000000>;
P_0x555580b40e40 .param/l "INIT_B" 0 14 1889, C4<0000000000000000000000000000000000000000000000000000000000000000000000000000000000000000000000000000000000000000000000000000000000000000000000000000000000000000000000000000000000000000000000000000000000000000000000000000000000000000000000000000000000000000>;
P_0x555580b40e80 .param/l "INIT_C" 0 14 1890, C4<0000000000000000000000000000000000000000000000000000000000000000000000000000000000000000000000000000000000000000000000000000000000000000000000000000000000000000000000000000000000000000000000000000000000000000000000000000000000000000000000000000000000000000>;
P_0x555580b40ec0 .param/l "INIT_D" 0 14 1891, C4<0000000000000000000000000000000000000000000000000000000000000000000000000000000000000000000000000000000000000000000000000000000000000000000000000000000000000000000000000000000000000000000000000000000000000000000000000000000000000000000000000000000000000000>;
P_0x555580b40f00 .param/l "INIT_E" 0 14 1892, C4<0000000000000000000000000000000000000000000000000000000000000000000000000000000000000000000000000000000000000000000000000000000000000000000000000000000000000000000000000000000000000000000000000000000000000000000000000000000000000000000000000000000000000000>;
P_0x555580b40f40 .param/l "INIT_F" 0 14 1893, C4<0000000000000000000000000000000000000000000000000000000000000000000000000000000000000000000000000000000000000000000000000000000000000000000000000000000000000000000000000000000000000000000000000000000000000000000000000000000000000000000000000000000000000000>;
P_0x555580b40f80 .param/str "INIT_FILE" 0 14 1895, "\000";
P_0x555580b40fc0 .param/l "READ_MODE" 0 14 1876, +C4<00000000000000000000000000000000>;
P_0x555580b41000 .param/l "WRITE_MODE" 0 14 1875, +C4<00000000000000000000000000000000>;
o0x7fb902f6e468 .functor BUFZ 1, c4<z>; HiZ drive
L_0x555580e35340 .functor NOT 1, o0x7fb902f6e468, C4<0>, C4<0>, C4<0>;
o0x7fb902f6df58 .functor BUFZ 16, c4<zzzzzzzzzzzzzzzz>; HiZ drive
v0x555580dff770_0 .net "MASK", 15 0, o0x7fb902f6df58;  0 drivers
o0x7fb902f6df88 .functor BUFZ 11, c4<zzzzzzzzzzz>; HiZ drive
v0x555580dff850_0 .net "RADDR", 10 0, o0x7fb902f6df88;  0 drivers
o0x7fb902f6dfb8 .functor BUFZ 1, c4<z>; HiZ drive
v0x555580dff920_0 .net "RCLK", 0 0, o0x7fb902f6dfb8;  0 drivers
o0x7fb902f6dfe8 .functor BUFZ 1, c4<z>; HiZ drive
v0x555580dffa20_0 .net "RCLKE", 0 0, o0x7fb902f6dfe8;  0 drivers
v0x555580dffaf0_0 .net "RDATA", 15 0, L_0x555580e35280;  1 drivers
o0x7fb902f6e078 .functor BUFZ 1, c4<z>; HiZ drive
v0x555580dffb90_0 .net "RE", 0 0, o0x7fb902f6e078;  0 drivers
o0x7fb902f6e0d8 .functor BUFZ 11, c4<zzzzzzzzzzz>; HiZ drive
v0x555580dffc60_0 .net "WADDR", 10 0, o0x7fb902f6e0d8;  0 drivers
o0x7fb902f6e138 .functor BUFZ 1, c4<z>; HiZ drive
v0x555580dffd30_0 .net "WCLKE", 0 0, o0x7fb902f6e138;  0 drivers
v0x555580dffe00_0 .net "WCLKN", 0 0, o0x7fb902f6e468;  0 drivers
o0x7fb902f6e168 .functor BUFZ 16, c4<zzzzzzzzzzzzzzzz>; HiZ drive
v0x555580dffea0_0 .net "WDATA", 15 0, o0x7fb902f6e168;  0 drivers
o0x7fb902f6e1c8 .functor BUFZ 1, c4<z>; HiZ drive
v0x555580dfff70_0 .net "WE", 0 0, o0x7fb902f6e1c8;  0 drivers
S_0x555580dfbda0 .scope module, "RAM" "SB_RAM40_4K" 14 1917, 14 1487 0, S_0x555580d0d7b0;
 .timescale -12 -12;
    .port_info 0 /OUTPUT 16 "RDATA";
    .port_info 1 /INPUT 1 "RCLK";
    .port_info 2 /INPUT 1 "RCLKE";
    .port_info 3 /INPUT 1 "RE";
    .port_info 4 /INPUT 11 "RADDR";
    .port_info 5 /INPUT 1 "WCLK";
    .port_info 6 /INPUT 1 "WCLKE";
    .port_info 7 /INPUT 1 "WE";
    .port_info 8 /INPUT 11 "WADDR";
    .port_info 9 /INPUT 16 "MASK";
    .port_info 10 /INPUT 16 "WDATA";
P_0x555580dfbf50 .param/l "INIT_0" 0 14 1507, C4<0000000000000000000000000000000000000000000000000000000000000000000000000000000000000000000000000000000000000000000000000000000000000000000000000000000000000000000000000000000000000000000000000000000000000000000000000000000000000000000000000000000000000000>;
P_0x555580dfbf90 .param/l "INIT_1" 0 14 1508, C4<0000000000000000000000000000000000000000000000000000000000000000000000000000000000000000000000000000000000000000000000000000000000000000000000000000000000000000000000000000000000000000000000000000000000000000000000000000000000000000000000000000000000000000>;
P_0x555580dfbfd0 .param/l "INIT_2" 0 14 1509, C4<0000000000000000000000000000000000000000000000000000000000000000000000000000000000000000000000000000000000000000000000000000000000000000000000000000000000000000000000000000000000000000000000000000000000000000000000000000000000000000000000000000000000000000>;
P_0x555580dfc010 .param/l "INIT_3" 0 14 1510, C4<0000000000000000000000000000000000000000000000000000000000000000000000000000000000000000000000000000000000000000000000000000000000000000000000000000000000000000000000000000000000000000000000000000000000000000000000000000000000000000000000000000000000000000>;
P_0x555580dfc050 .param/l "INIT_4" 0 14 1511, C4<0000000000000000000000000000000000000000000000000000000000000000000000000000000000000000000000000000000000000000000000000000000000000000000000000000000000000000000000000000000000000000000000000000000000000000000000000000000000000000000000000000000000000000>;
P_0x555580dfc090 .param/l "INIT_5" 0 14 1512, C4<0000000000000000000000000000000000000000000000000000000000000000000000000000000000000000000000000000000000000000000000000000000000000000000000000000000000000000000000000000000000000000000000000000000000000000000000000000000000000000000000000000000000000000>;
P_0x555580dfc0d0 .param/l "INIT_6" 0 14 1513, C4<0000000000000000000000000000000000000000000000000000000000000000000000000000000000000000000000000000000000000000000000000000000000000000000000000000000000000000000000000000000000000000000000000000000000000000000000000000000000000000000000000000000000000000>;
P_0x555580dfc110 .param/l "INIT_7" 0 14 1514, C4<0000000000000000000000000000000000000000000000000000000000000000000000000000000000000000000000000000000000000000000000000000000000000000000000000000000000000000000000000000000000000000000000000000000000000000000000000000000000000000000000000000000000000000>;
P_0x555580dfc150 .param/l "INIT_8" 0 14 1515, C4<0000000000000000000000000000000000000000000000000000000000000000000000000000000000000000000000000000000000000000000000000000000000000000000000000000000000000000000000000000000000000000000000000000000000000000000000000000000000000000000000000000000000000000>;
P_0x555580dfc190 .param/l "INIT_9" 0 14 1516, C4<0000000000000000000000000000000000000000000000000000000000000000000000000000000000000000000000000000000000000000000000000000000000000000000000000000000000000000000000000000000000000000000000000000000000000000000000000000000000000000000000000000000000000000>;
P_0x555580dfc1d0 .param/l "INIT_A" 0 14 1517, C4<0000000000000000000000000000000000000000000000000000000000000000000000000000000000000000000000000000000000000000000000000000000000000000000000000000000000000000000000000000000000000000000000000000000000000000000000000000000000000000000000000000000000000000>;
P_0x555580dfc210 .param/l "INIT_B" 0 14 1518, C4<0000000000000000000000000000000000000000000000000000000000000000000000000000000000000000000000000000000000000000000000000000000000000000000000000000000000000000000000000000000000000000000000000000000000000000000000000000000000000000000000000000000000000000>;
P_0x555580dfc250 .param/l "INIT_C" 0 14 1519, C4<0000000000000000000000000000000000000000000000000000000000000000000000000000000000000000000000000000000000000000000000000000000000000000000000000000000000000000000000000000000000000000000000000000000000000000000000000000000000000000000000000000000000000000>;
P_0x555580dfc290 .param/l "INIT_D" 0 14 1520, C4<0000000000000000000000000000000000000000000000000000000000000000000000000000000000000000000000000000000000000000000000000000000000000000000000000000000000000000000000000000000000000000000000000000000000000000000000000000000000000000000000000000000000000000>;
P_0x555580dfc2d0 .param/l "INIT_E" 0 14 1521, C4<0000000000000000000000000000000000000000000000000000000000000000000000000000000000000000000000000000000000000000000000000000000000000000000000000000000000000000000000000000000000000000000000000000000000000000000000000000000000000000000000000000000000000000>;
P_0x555580dfc310 .param/l "INIT_F" 0 14 1522, C4<0000000000000000000000000000000000000000000000000000000000000000000000000000000000000000000000000000000000000000000000000000000000000000000000000000000000000000000000000000000000000000000000000000000000000000000000000000000000000000000000000000000000000000>;
P_0x555580dfc350 .param/str "INIT_FILE" 0 14 1524, "\000";
P_0x555580dfc390 .param/l "READ_MODE" 0 14 1505, +C4<00000000000000000000000000000000>;
P_0x555580dfc3d0 .param/l "WRITE_MODE" 0 14 1504, +C4<00000000000000000000000000000000>;
v0x555580dfe660_0 .net "MASK", 15 0, o0x7fb902f6df58;  alias, 0 drivers
v0x555580dfe720_0 .net "RADDR", 10 0, o0x7fb902f6df88;  alias, 0 drivers
v0x555580dfe800_0 .net "RCLK", 0 0, o0x7fb902f6dfb8;  alias, 0 drivers
v0x555580dfe8d0_0 .net "RCLKE", 0 0, o0x7fb902f6dfe8;  alias, 0 drivers
v0x555580dfe990_0 .net "RDATA", 15 0, L_0x555580e35280;  alias, 1 drivers
v0x555580dfeac0_0 .var "RDATA_I", 15 0;
v0x555580dfeba0_0 .net "RE", 0 0, o0x7fb902f6e078;  alias, 0 drivers
L_0x7fb902bb8260 .functor BUFT 1, C4<0000000000000000>, C4<0>, C4<0>, C4<0>;
v0x555580dfec60_0 .net "RMASK_I", 15 0, L_0x7fb902bb8260;  1 drivers
v0x555580dfed40_0 .net "WADDR", 10 0, o0x7fb902f6e0d8;  alias, 0 drivers
v0x555580dfee20_0 .net "WCLK", 0 0, L_0x555580e35340;  1 drivers
v0x555580dfeee0_0 .net "WCLKE", 0 0, o0x7fb902f6e138;  alias, 0 drivers
v0x555580dfefa0_0 .net "WDATA", 15 0, o0x7fb902f6e168;  alias, 0 drivers
v0x555580dff080_0 .net "WDATA_I", 15 0, L_0x555580e35190;  1 drivers
v0x555580dff160_0 .net "WE", 0 0, o0x7fb902f6e1c8;  alias, 0 drivers
v0x555580dff220_0 .net "WMASK_I", 15 0, L_0x555580e350a0;  1 drivers
v0x555580dff300_0 .var/i "i", 31 0;
v0x555580dff3e0 .array "memory", 255 0, 15 0;
E_0x555580dfdd90 .event posedge, v0x555580dfe800_0;
E_0x555580dfde10 .event posedge, v0x555580dfee20_0;
S_0x555580dfde70 .scope generate, "genblk1" "genblk1" 14 1534, 14 1534 0, S_0x555580dfbda0;
 .timescale -12 -12;
L_0x555580e350a0 .functor BUFZ 16, o0x7fb902f6df58, C4<0000000000000000>, C4<0000000000000000>, C4<0000000000000000>;
S_0x555580dfe070 .scope generate, "genblk2" "genblk2" 14 1555, 14 1555 0, S_0x555580dfbda0;
 .timescale -12 -12;
S_0x555580dfe270 .scope generate, "genblk3" "genblk3" 14 1576, 14 1576 0, S_0x555580dfbda0;
 .timescale -12 -12;
L_0x555580e35190 .functor BUFZ 16, o0x7fb902f6e168, C4<0000000000000000>, C4<0000000000000000>, C4<0000000000000000>;
S_0x555580dfe480 .scope generate, "genblk4" "genblk4" 14 1595, 14 1595 0, S_0x555580dfbda0;
 .timescale -12 -12;
L_0x555580e35280 .functor BUFZ 16, v0x555580dfeac0_0, C4<0000000000000000>, C4<0000000000000000>, C4<0000000000000000>;
S_0x555580d74a70 .scope module, "SB_RGBA_DRV" "SB_RGBA_DRV" 14 2692;
 .timescale -12 -12;
    .port_info 0 /INPUT 1 "CURREN";
    .port_info 1 /INPUT 1 "RGBLEDEN";
    .port_info 2 /INPUT 1 "RGB0PWM";
    .port_info 3 /INPUT 1 "RGB1PWM";
    .port_info 4 /INPUT 1 "RGB2PWM";
    .port_info 5 /OUTPUT 1 "RGB0";
    .port_info 6 /OUTPUT 1 "RGB1";
    .port_info 7 /OUTPUT 1 "RGB2";
P_0x555580d73aa0 .param/str "CURRENT_MODE" 0 14 2702, "0b0";
P_0x555580d73ae0 .param/str "RGB0_CURRENT" 0 14 2703, "0b000000";
P_0x555580d73b20 .param/str "RGB1_CURRENT" 0 14 2704, "0b000000";
P_0x555580d73b60 .param/str "RGB2_CURRENT" 0 14 2705, "0b000000";
o0x7fb902f6e6a8 .functor BUFZ 1, c4<z>; HiZ drive
v0x555580e000e0_0 .net "CURREN", 0 0, o0x7fb902f6e6a8;  0 drivers
o0x7fb902f6e6d8 .functor BUFZ 1, c4<z>; HiZ drive
v0x555580e001c0_0 .net "RGB0", 0 0, o0x7fb902f6e6d8;  0 drivers
o0x7fb902f6e708 .functor BUFZ 1, c4<z>; HiZ drive
v0x555580e00280_0 .net "RGB0PWM", 0 0, o0x7fb902f6e708;  0 drivers
o0x7fb902f6e738 .functor BUFZ 1, c4<z>; HiZ drive
v0x555580e00350_0 .net "RGB1", 0 0, o0x7fb902f6e738;  0 drivers
o0x7fb902f6e768 .functor BUFZ 1, c4<z>; HiZ drive
v0x555580e00410_0 .net "RGB1PWM", 0 0, o0x7fb902f6e768;  0 drivers
o0x7fb902f6e798 .functor BUFZ 1, c4<z>; HiZ drive
v0x555580e004d0_0 .net "RGB2", 0 0, o0x7fb902f6e798;  0 drivers
o0x7fb902f6e7c8 .functor BUFZ 1, c4<z>; HiZ drive
v0x555580e00590_0 .net "RGB2PWM", 0 0, o0x7fb902f6e7c8;  0 drivers
o0x7fb902f6e7f8 .functor BUFZ 1, c4<z>; HiZ drive
v0x555580e00650_0 .net "RGBLEDEN", 0 0, o0x7fb902f6e7f8;  0 drivers
S_0x555580c142a0 .scope module, "SB_RGB_DRV" "SB_RGB_DRV" 14 2716;
 .timescale -12 -12;
    .port_info 0 /INPUT 1 "RGBLEDEN";
    .port_info 1 /INPUT 1 "RGB0PWM";
    .port_info 2 /INPUT 1 "RGB1PWM";
    .port_info 3 /INPUT 1 "RGB2PWM";
    .port_info 4 /INPUT 1 "RGBPU";
    .port_info 5 /OUTPUT 1 "RGB0";
    .port_info 6 /OUTPUT 1 "RGB1";
    .port_info 7 /OUTPUT 1 "RGB2";
P_0x555580c14430 .param/str "CURRENT_MODE" 0 14 2726, "0b0";
P_0x555580c14470 .param/str "RGB0_CURRENT" 0 14 2727, "0b000000";
P_0x555580c144b0 .param/str "RGB1_CURRENT" 0 14 2728, "0b000000";
P_0x555580c144f0 .param/str "RGB2_CURRENT" 0 14 2729, "0b000000";
o0x7fb902f6e9a8 .functor BUFZ 1, c4<z>; HiZ drive
v0x555580e00860_0 .net "RGB0", 0 0, o0x7fb902f6e9a8;  0 drivers
o0x7fb902f6e9d8 .functor BUFZ 1, c4<z>; HiZ drive
v0x555580e00940_0 .net "RGB0PWM", 0 0, o0x7fb902f6e9d8;  0 drivers
o0x7fb902f6ea08 .functor BUFZ 1, c4<z>; HiZ drive
v0x555580e00a00_0 .net "RGB1", 0 0, o0x7fb902f6ea08;  0 drivers
o0x7fb902f6ea38 .functor BUFZ 1, c4<z>; HiZ drive
v0x555580e00aa0_0 .net "RGB1PWM", 0 0, o0x7fb902f6ea38;  0 drivers
o0x7fb902f6ea68 .functor BUFZ 1, c4<z>; HiZ drive
v0x555580e00b60_0 .net "RGB2", 0 0, o0x7fb902f6ea68;  0 drivers
o0x7fb902f6ea98 .functor BUFZ 1, c4<z>; HiZ drive
v0x555580e00c20_0 .net "RGB2PWM", 0 0, o0x7fb902f6ea98;  0 drivers
o0x7fb902f6eac8 .functor BUFZ 1, c4<z>; HiZ drive
v0x555580e00ce0_0 .net "RGBLEDEN", 0 0, o0x7fb902f6eac8;  0 drivers
o0x7fb902f6eaf8 .functor BUFZ 1, c4<z>; HiZ drive
v0x555580e00da0_0 .net "RGBPU", 0 0, o0x7fb902f6eaf8;  0 drivers
S_0x555580b55710 .scope module, "SB_SPI" "SB_SPI" 14 2776;
 .timescale -12 -12;
    .port_info 0 /INPUT 1 "SBCLKI";
    .port_info 1 /INPUT 1 "SBRWI";
    .port_info 2 /INPUT 1 "SBSTBI";
    .port_info 3 /INPUT 1 "SBADRI7";
    .port_info 4 /INPUT 1 "SBADRI6";
    .port_info 5 /INPUT 1 "SBADRI5";
    .port_info 6 /INPUT 1 "SBADRI4";
    .port_info 7 /INPUT 1 "SBADRI3";
    .port_info 8 /INPUT 1 "SBADRI2";
    .port_info 9 /INPUT 1 "SBADRI1";
    .port_info 10 /INPUT 1 "SBADRI0";
    .port_info 11 /INPUT 1 "SBDATI7";
    .port_info 12 /INPUT 1 "SBDATI6";
    .port_info 13 /INPUT 1 "SBDATI5";
    .port_info 14 /INPUT 1 "SBDATI4";
    .port_info 15 /INPUT 1 "SBDATI3";
    .port_info 16 /INPUT 1 "SBDATI2";
    .port_info 17 /INPUT 1 "SBDATI1";
    .port_info 18 /INPUT 1 "SBDATI0";
    .port_info 19 /INPUT 1 "MI";
    .port_info 20 /INPUT 1 "SI";
    .port_info 21 /INPUT 1 "SCKI";
    .port_info 22 /INPUT 1 "SCSNI";
    .port_info 23 /OUTPUT 1 "SBDATO7";
    .port_info 24 /OUTPUT 1 "SBDATO6";
    .port_info 25 /OUTPUT 1 "SBDATO5";
    .port_info 26 /OUTPUT 1 "SBDATO4";
    .port_info 27 /OUTPUT 1 "SBDATO3";
    .port_info 28 /OUTPUT 1 "SBDATO2";
    .port_info 29 /OUTPUT 1 "SBDATO1";
    .port_info 30 /OUTPUT 1 "SBDATO0";
    .port_info 31 /OUTPUT 1 "SBACKO";
    .port_info 32 /OUTPUT 1 "SPIIRQ";
    .port_info 33 /OUTPUT 1 "SPIWKUP";
    .port_info 34 /OUTPUT 1 "SO";
    .port_info 35 /OUTPUT 1 "SOE";
    .port_info 36 /OUTPUT 1 "MO";
    .port_info 37 /OUTPUT 1 "MOE";
    .port_info 38 /OUTPUT 1 "SCKO";
    .port_info 39 /OUTPUT 1 "SCKOE";
    .port_info 40 /OUTPUT 1 "MCSNO3";
    .port_info 41 /OUTPUT 1 "MCSNO2";
    .port_info 42 /OUTPUT 1 "MCSNO1";
    .port_info 43 /OUTPUT 1 "MCSNO0";
    .port_info 44 /OUTPUT 1 "MCSNOE3";
    .port_info 45 /OUTPUT 1 "MCSNOE2";
    .port_info 46 /OUTPUT 1 "MCSNOE1";
    .port_info 47 /OUTPUT 1 "MCSNOE0";
P_0x555580b558a0 .param/str "BUS_ADDR74" 0 14 2826, "0b0000";
o0x7fb902f6eca8 .functor BUFZ 1, c4<z>; HiZ drive
v0x555580e00fb0_0 .net "MCSNO0", 0 0, o0x7fb902f6eca8;  0 drivers
o0x7fb902f6ecd8 .functor BUFZ 1, c4<z>; HiZ drive
v0x555580e01090_0 .net "MCSNO1", 0 0, o0x7fb902f6ecd8;  0 drivers
o0x7fb902f6ed08 .functor BUFZ 1, c4<z>; HiZ drive
v0x555580e01150_0 .net "MCSNO2", 0 0, o0x7fb902f6ed08;  0 drivers
o0x7fb902f6ed38 .functor BUFZ 1, c4<z>; HiZ drive
v0x555580e011f0_0 .net "MCSNO3", 0 0, o0x7fb902f6ed38;  0 drivers
o0x7fb902f6ed68 .functor BUFZ 1, c4<z>; HiZ drive
v0x555580e012b0_0 .net "MCSNOE0", 0 0, o0x7fb902f6ed68;  0 drivers
o0x7fb902f6ed98 .functor BUFZ 1, c4<z>; HiZ drive
v0x555580e01370_0 .net "MCSNOE1", 0 0, o0x7fb902f6ed98;  0 drivers
o0x7fb902f6edc8 .functor BUFZ 1, c4<z>; HiZ drive
v0x555580e01430_0 .net "MCSNOE2", 0 0, o0x7fb902f6edc8;  0 drivers
o0x7fb902f6edf8 .functor BUFZ 1, c4<z>; HiZ drive
v0x555580e014f0_0 .net "MCSNOE3", 0 0, o0x7fb902f6edf8;  0 drivers
o0x7fb902f6ee28 .functor BUFZ 1, c4<z>; HiZ drive
v0x555580e015b0_0 .net "MI", 0 0, o0x7fb902f6ee28;  0 drivers
o0x7fb902f6ee58 .functor BUFZ 1, c4<z>; HiZ drive
v0x555580e01700_0 .net "MO", 0 0, o0x7fb902f6ee58;  0 drivers
o0x7fb902f6ee88 .functor BUFZ 1, c4<z>; HiZ drive
v0x555580e017c0_0 .net "MOE", 0 0, o0x7fb902f6ee88;  0 drivers
o0x7fb902f6eeb8 .functor BUFZ 1, c4<z>; HiZ drive
v0x555580e01880_0 .net "SBACKO", 0 0, o0x7fb902f6eeb8;  0 drivers
o0x7fb902f6eee8 .functor BUFZ 1, c4<z>; HiZ drive
v0x555580e01940_0 .net "SBADRI0", 0 0, o0x7fb902f6eee8;  0 drivers
o0x7fb902f6ef18 .functor BUFZ 1, c4<z>; HiZ drive
v0x555580e01a00_0 .net "SBADRI1", 0 0, o0x7fb902f6ef18;  0 drivers
o0x7fb902f6ef48 .functor BUFZ 1, c4<z>; HiZ drive
v0x555580e01ac0_0 .net "SBADRI2", 0 0, o0x7fb902f6ef48;  0 drivers
o0x7fb902f6ef78 .functor BUFZ 1, c4<z>; HiZ drive
v0x555580e01b80_0 .net "SBADRI3", 0 0, o0x7fb902f6ef78;  0 drivers
o0x7fb902f6efa8 .functor BUFZ 1, c4<z>; HiZ drive
v0x555580e01c40_0 .net "SBADRI4", 0 0, o0x7fb902f6efa8;  0 drivers
o0x7fb902f6efd8 .functor BUFZ 1, c4<z>; HiZ drive
v0x555580e01e10_0 .net "SBADRI5", 0 0, o0x7fb902f6efd8;  0 drivers
o0x7fb902f6f008 .functor BUFZ 1, c4<z>; HiZ drive
v0x555580e01ed0_0 .net "SBADRI6", 0 0, o0x7fb902f6f008;  0 drivers
o0x7fb902f6f038 .functor BUFZ 1, c4<z>; HiZ drive
v0x555580e01f90_0 .net "SBADRI7", 0 0, o0x7fb902f6f038;  0 drivers
o0x7fb902f6f068 .functor BUFZ 1, c4<z>; HiZ drive
v0x555580e02050_0 .net "SBCLKI", 0 0, o0x7fb902f6f068;  0 drivers
o0x7fb902f6f098 .functor BUFZ 1, c4<z>; HiZ drive
v0x555580e02110_0 .net "SBDATI0", 0 0, o0x7fb902f6f098;  0 drivers
o0x7fb902f6f0c8 .functor BUFZ 1, c4<z>; HiZ drive
v0x555580e021d0_0 .net "SBDATI1", 0 0, o0x7fb902f6f0c8;  0 drivers
o0x7fb902f6f0f8 .functor BUFZ 1, c4<z>; HiZ drive
v0x555580e02290_0 .net "SBDATI2", 0 0, o0x7fb902f6f0f8;  0 drivers
o0x7fb902f6f128 .functor BUFZ 1, c4<z>; HiZ drive
v0x555580e02350_0 .net "SBDATI3", 0 0, o0x7fb902f6f128;  0 drivers
o0x7fb902f6f158 .functor BUFZ 1, c4<z>; HiZ drive
v0x555580e02410_0 .net "SBDATI4", 0 0, o0x7fb902f6f158;  0 drivers
o0x7fb902f6f188 .functor BUFZ 1, c4<z>; HiZ drive
v0x555580e024d0_0 .net "SBDATI5", 0 0, o0x7fb902f6f188;  0 drivers
o0x7fb902f6f1b8 .functor BUFZ 1, c4<z>; HiZ drive
v0x555580e02590_0 .net "SBDATI6", 0 0, o0x7fb902f6f1b8;  0 drivers
o0x7fb902f6f1e8 .functor BUFZ 1, c4<z>; HiZ drive
v0x555580e02650_0 .net "SBDATI7", 0 0, o0x7fb902f6f1e8;  0 drivers
o0x7fb902f6f218 .functor BUFZ 1, c4<z>; HiZ drive
v0x555580e02710_0 .net "SBDATO0", 0 0, o0x7fb902f6f218;  0 drivers
o0x7fb902f6f248 .functor BUFZ 1, c4<z>; HiZ drive
v0x555580e027d0_0 .net "SBDATO1", 0 0, o0x7fb902f6f248;  0 drivers
o0x7fb902f6f278 .functor BUFZ 1, c4<z>; HiZ drive
v0x555580e02890_0 .net "SBDATO2", 0 0, o0x7fb902f6f278;  0 drivers
o0x7fb902f6f2a8 .functor BUFZ 1, c4<z>; HiZ drive
v0x555580e02950_0 .net "SBDATO3", 0 0, o0x7fb902f6f2a8;  0 drivers
o0x7fb902f6f2d8 .functor BUFZ 1, c4<z>; HiZ drive
v0x555580e02a10_0 .net "SBDATO4", 0 0, o0x7fb902f6f2d8;  0 drivers
o0x7fb902f6f308 .functor BUFZ 1, c4<z>; HiZ drive
v0x555580e02ad0_0 .net "SBDATO5", 0 0, o0x7fb902f6f308;  0 drivers
o0x7fb902f6f338 .functor BUFZ 1, c4<z>; HiZ drive
v0x555580e02b90_0 .net "SBDATO6", 0 0, o0x7fb902f6f338;  0 drivers
o0x7fb902f6f368 .functor BUFZ 1, c4<z>; HiZ drive
v0x555580e02c50_0 .net "SBDATO7", 0 0, o0x7fb902f6f368;  0 drivers
o0x7fb902f6f398 .functor BUFZ 1, c4<z>; HiZ drive
v0x555580e02d10_0 .net "SBRWI", 0 0, o0x7fb902f6f398;  0 drivers
o0x7fb902f6f3c8 .functor BUFZ 1, c4<z>; HiZ drive
v0x555580e02dd0_0 .net "SBSTBI", 0 0, o0x7fb902f6f3c8;  0 drivers
o0x7fb902f6f3f8 .functor BUFZ 1, c4<z>; HiZ drive
v0x555580e02e90_0 .net "SCKI", 0 0, o0x7fb902f6f3f8;  0 drivers
o0x7fb902f6f428 .functor BUFZ 1, c4<z>; HiZ drive
v0x555580e02f50_0 .net "SCKO", 0 0, o0x7fb902f6f428;  0 drivers
o0x7fb902f6f458 .functor BUFZ 1, c4<z>; HiZ drive
v0x555580e03010_0 .net "SCKOE", 0 0, o0x7fb902f6f458;  0 drivers
o0x7fb902f6f488 .functor BUFZ 1, c4<z>; HiZ drive
v0x555580e030d0_0 .net "SCSNI", 0 0, o0x7fb902f6f488;  0 drivers
o0x7fb902f6f4b8 .functor BUFZ 1, c4<z>; HiZ drive
v0x555580e03190_0 .net "SI", 0 0, o0x7fb902f6f4b8;  0 drivers
o0x7fb902f6f4e8 .functor BUFZ 1, c4<z>; HiZ drive
v0x555580e03250_0 .net "SO", 0 0, o0x7fb902f6f4e8;  0 drivers
o0x7fb902f6f518 .functor BUFZ 1, c4<z>; HiZ drive
v0x555580e03310_0 .net "SOE", 0 0, o0x7fb902f6f518;  0 drivers
o0x7fb902f6f548 .functor BUFZ 1, c4<z>; HiZ drive
v0x555580e033d0_0 .net "SPIIRQ", 0 0, o0x7fb902f6f548;  0 drivers
o0x7fb902f6f578 .functor BUFZ 1, c4<z>; HiZ drive
v0x555580e03490_0 .net "SPIWKUP", 0 0, o0x7fb902f6f578;  0 drivers
S_0x555580bd2b90 .scope module, "SB_SPRAM256KA" "SB_SPRAM256KA" 14 2600;
 .timescale -12 -12;
    .port_info 0 /INPUT 14 "ADDRESS";
    .port_info 1 /INPUT 16 "DATAIN";
    .port_info 2 /INPUT 4 "MASKWREN";
    .port_info 3 /INPUT 1 "WREN";
    .port_info 4 /INPUT 1 "CHIPSELECT";
    .port_info 5 /INPUT 1 "CLOCK";
    .port_info 6 /INPUT 1 "STANDBY";
    .port_info 7 /INPUT 1 "SLEEP";
    .port_info 8 /INPUT 1 "POWEROFF";
    .port_info 9 /OUTPUT 16 "DATAOUT";
o0x7fb902f6fff8 .functor BUFZ 1, c4<z>; HiZ drive
L_0x555580e354e0 .functor OR 1, o0x7fb902f6fff8, L_0x555580e353e0, C4<0>, C4<0>;
o0x7fb902f6fea8 .functor BUFZ 14, c4<zzzzzzzzzzzzzz>; HiZ drive
v0x555580e03dc0_0 .net "ADDRESS", 13 0, o0x7fb902f6fea8;  0 drivers
o0x7fb902f6fed8 .functor BUFZ 1, c4<z>; HiZ drive
v0x555580e03ec0_0 .net "CHIPSELECT", 0 0, o0x7fb902f6fed8;  0 drivers
o0x7fb902f6ff08 .functor BUFZ 1, c4<z>; HiZ drive
v0x555580e03f80_0 .net "CLOCK", 0 0, o0x7fb902f6ff08;  0 drivers
o0x7fb902f6ff38 .functor BUFZ 16, c4<zzzzzzzzzzzzzzzz>; HiZ drive
v0x555580e04020_0 .net "DATAIN", 15 0, o0x7fb902f6ff38;  0 drivers
v0x555580e04100_0 .var "DATAOUT", 15 0;
o0x7fb902f6ff98 .functor BUFZ 4, c4<zzzz>; HiZ drive
v0x555580e041e0_0 .net "MASKWREN", 3 0, o0x7fb902f6ff98;  0 drivers
o0x7fb902f6ffc8 .functor BUFZ 1, c4<z>; HiZ drive
v0x555580e042c0_0 .net "POWEROFF", 0 0, o0x7fb902f6ffc8;  0 drivers
v0x555580e04380_0 .net "SLEEP", 0 0, o0x7fb902f6fff8;  0 drivers
o0x7fb902f70028 .functor BUFZ 1, c4<z>; HiZ drive
v0x555580e04440_0 .net "STANDBY", 0 0, o0x7fb902f70028;  0 drivers
o0x7fb902f70058 .functor BUFZ 1, c4<z>; HiZ drive
v0x555580e04500_0 .net "WREN", 0 0, o0x7fb902f70058;  0 drivers
v0x555580e045c0_0 .net *"_ivl_1", 0 0, L_0x555580e353e0;  1 drivers
v0x555580e04680_0 .var/i "i", 31 0;
v0x555580e04760 .array "mem", 16383 0, 15 0;
v0x555580e04820_0 .net "off", 0 0, L_0x555580e354e0;  1 drivers
E_0x555580e03ce0 .event posedge, v0x555580e04820_0, v0x555580e03f80_0;
E_0x555580e03d60 .event negedge, v0x555580e042c0_0;
L_0x555580e353e0 .reduce/nor o0x7fb902f6ffc8;
S_0x555580bd2ed0 .scope module, "SB_WARMBOOT" "SB_WARMBOOT" 14 2593;
 .timescale -12 -12;
    .port_info 0 /INPUT 1 "BOOT";
    .port_info 1 /INPUT 1 "S1";
    .port_info 2 /INPUT 1 "S0";
o0x7fb902f702f8 .functor BUFZ 1, c4<z>; HiZ drive
v0x555580e04a20_0 .net "BOOT", 0 0, o0x7fb902f702f8;  0 drivers
o0x7fb902f70328 .functor BUFZ 1, c4<z>; HiZ drive
v0x555580e04b00_0 .net "S0", 0 0, o0x7fb902f70328;  0 drivers
o0x7fb902f70358 .functor BUFZ 1, c4<z>; HiZ drive
v0x555580e04bc0_0 .net "S1", 0 0, o0x7fb902f70358;  0 drivers
S_0x555580c18800 .scope module, "Xor" "Xor" 26 7;
 .timescale -12 -12;
    .port_info 0 /INPUT 1 "a";
    .port_info 1 /INPUT 1 "b";
    .port_info 2 /OUTPUT 1 "out";
o0x7fb902f704a8 .functor BUFZ 1, c4<z>; HiZ drive
o0x7fb902f704d8 .functor BUFZ 1, c4<z>; HiZ drive
L_0x555580e35600 .functor XNOR 1, o0x7fb902f704a8, o0x7fb902f704d8, C4<0>, C4<0>;
v0x555580e04ce0_0 .net *"_ivl_0", 0 0, L_0x555580e35600;  1 drivers
L_0x7fb902bb82a8 .functor BUFT 1, C4<0>, C4<0>, C4<0>, C4<0>;
v0x555580e04da0_0 .net/2u *"_ivl_2", 0 0, L_0x7fb902bb82a8;  1 drivers
L_0x7fb902bb82f0 .functor BUFT 1, C4<1>, C4<0>, C4<0>, C4<0>;
v0x555580e04e80_0 .net/2u *"_ivl_4", 0 0, L_0x7fb902bb82f0;  1 drivers
v0x555580e04f70_0 .net "a", 0 0, o0x7fb902f704a8;  0 drivers
v0x555580e05030_0 .net "b", 0 0, o0x7fb902f704d8;  0 drivers
v0x555580e050f0_0 .net "out", 0 0, L_0x555580e35730;  1 drivers
L_0x555580e35730 .functor MUXZ 1, L_0x7fb902bb82f0, L_0x7fb902bb82a8, L_0x555580e35600, C4<>;
    .scope S_0x555580cee330;
T_3 ;
    %pushi/vec4 0, 0, 1;
    %store/vec4 v0x555580bee310_0, 0, 1;
    %pushi/vec4 0, 0, 16;
    %store/vec4 v0x555580beeda0_0, 0, 16;
    %end;
    .thread T_3, $init;
    .scope S_0x555580cee330;
T_4 ;
    %vpi_call/w 3 46 "$dumpvars", 32'sb00000000000000000000000000000000, S_0x555580cee330 {0 0 0};
    %vpi_call/w 3 48 "$display", "------------------------" {0 0 0};
    %vpi_call/w 3 49 "$display", "Testbench: ALU" {0 0 0};
    %pushi/vec4 0, 0, 16;
    %store/vec4 v0x555580beeda0_0, 0, 16;
T_4.0 ; Top of for-loop
    %load/vec4 v0x555580beeda0_0;
    %pad/u 32;
    %cmpi/u 100, 0, 32;
	  %jmp/0xz T_4.1, 5;
    %vpi_func 3 53 "$random" 32 {0 0 0};
    %pad/s 16;
    %store/vec4 v0x555580bf6060_0, 0, 16;
    %vpi_func 3 54 "$random" 32 {0 0 0};
    %pad/s 16;
    %store/vec4 v0x555580bf6210_0, 0, 16;
    %pushi/vec4 1, 0, 1;
    %store/vec4 v0x555580bf15f0_0, 0, 1;
    %pushi/vec4 0, 0, 1;
    %store/vec4 v0x555580bef060_0, 0, 1;
    %pushi/vec4 1, 0, 1;
    %store/vec4 v0x555580bf1690_0, 0, 1;
    %pushi/vec4 0, 0, 1;
    %store/vec4 v0x555580bef130_0, 0, 1;
    %pushi/vec4 1, 0, 1;
    %store/vec4 v0x555580bee270_0, 0, 1;
    %pushi/vec4 0, 0, 1;
    %store/vec4 v0x555580beefc0_0, 0, 1;
    %fork TD_ALU_tb.check, S_0x555580bf3590;
    %join;
    %pushi/vec4 1, 0, 1;
    %store/vec4 v0x555580bf15f0_0, 0, 1;
    %pushi/vec4 1, 0, 1;
    %store/vec4 v0x555580bef060_0, 0, 1;
    %pushi/vec4 1, 0, 1;
    %store/vec4 v0x555580bf1690_0, 0, 1;
    %pushi/vec4 1, 0, 1;
    %store/vec4 v0x555580bef130_0, 0, 1;
    %pushi/vec4 1, 0, 1;
    %store/vec4 v0x555580bee270_0, 0, 1;
    %pushi/vec4 1, 0, 1;
    %store/vec4 v0x555580beefc0_0, 0, 1;
    %fork TD_ALU_tb.check, S_0x555580bf3590;
    %join;
    %pushi/vec4 1, 0, 1;
    %store/vec4 v0x555580bf15f0_0, 0, 1;
    %pushi/vec4 1, 0, 1;
    %store/vec4 v0x555580bef060_0, 0, 1;
    %pushi/vec4 1, 0, 1;
    %store/vec4 v0x555580bf1690_0, 0, 1;
    %pushi/vec4 0, 0, 1;
    %store/vec4 v0x555580bef130_0, 0, 1;
    %pushi/vec4 1, 0, 1;
    %store/vec4 v0x555580bee270_0, 0, 1;
    %pushi/vec4 0, 0, 1;
    %store/vec4 v0x555580beefc0_0, 0, 1;
    %fork TD_ALU_tb.check, S_0x555580bf3590;
    %join;
    %pushi/vec4 0, 0, 1;
    %store/vec4 v0x555580bf15f0_0, 0, 1;
    %pushi/vec4 0, 0, 1;
    %store/vec4 v0x555580bef060_0, 0, 1;
    %pushi/vec4 1, 0, 1;
    %store/vec4 v0x555580bf1690_0, 0, 1;
    %pushi/vec4 1, 0, 1;
    %store/vec4 v0x555580bef130_0, 0, 1;
    %pushi/vec4 0, 0, 1;
    %store/vec4 v0x555580bee270_0, 0, 1;
    %pushi/vec4 0, 0, 1;
    %store/vec4 v0x555580beefc0_0, 0, 1;
    %fork TD_ALU_tb.check, S_0x555580bf3590;
    %join;
    %pushi/vec4 1, 0, 1;
    %store/vec4 v0x555580bf15f0_0, 0, 1;
    %pushi/vec4 1, 0, 1;
    %store/vec4 v0x555580bef060_0, 0, 1;
    %pushi/vec4 0, 0, 1;
    %store/vec4 v0x555580bf1690_0, 0, 1;
    %pushi/vec4 0, 0, 1;
    %store/vec4 v0x555580bef130_0, 0, 1;
    %pushi/vec4 0, 0, 1;
    %store/vec4 v0x555580bee270_0, 0, 1;
    %pushi/vec4 0, 0, 1;
    %store/vec4 v0x555580beefc0_0, 0, 1;
    %fork TD_ALU_tb.check, S_0x555580bf3590;
    %join;
    %pushi/vec4 0, 0, 1;
    %store/vec4 v0x555580bf15f0_0, 0, 1;
    %pushi/vec4 0, 0, 1;
    %store/vec4 v0x555580bef060_0, 0, 1;
    %pushi/vec4 1, 0, 1;
    %store/vec4 v0x555580bf1690_0, 0, 1;
    %pushi/vec4 1, 0, 1;
    %store/vec4 v0x555580bef130_0, 0, 1;
    %pushi/vec4 0, 0, 1;
    %store/vec4 v0x555580bee270_0, 0, 1;
    %pushi/vec4 1, 0, 1;
    %store/vec4 v0x555580beefc0_0, 0, 1;
    %fork TD_ALU_tb.check, S_0x555580bf3590;
    %join;
    %pushi/vec4 1, 0, 1;
    %store/vec4 v0x555580bf15f0_0, 0, 1;
    %pushi/vec4 1, 0, 1;
    %store/vec4 v0x555580bef060_0, 0, 1;
    %pushi/vec4 0, 0, 1;
    %store/vec4 v0x555580bf1690_0, 0, 1;
    %pushi/vec4 0, 0, 1;
    %store/vec4 v0x555580bef130_0, 0, 1;
    %pushi/vec4 0, 0, 1;
    %store/vec4 v0x555580bee270_0, 0, 1;
    %pushi/vec4 1, 0, 1;
    %store/vec4 v0x555580beefc0_0, 0, 1;
    %fork TD_ALU_tb.check, S_0x555580bf3590;
    %join;
    %pushi/vec4 0, 0, 1;
    %store/vec4 v0x555580bf15f0_0, 0, 1;
    %pushi/vec4 0, 0, 1;
    %store/vec4 v0x555580bef060_0, 0, 1;
    %pushi/vec4 1, 0, 1;
    %store/vec4 v0x555580bf1690_0, 0, 1;
    %pushi/vec4 1, 0, 1;
    %store/vec4 v0x555580bef130_0, 0, 1;
    %pushi/vec4 1, 0, 1;
    %store/vec4 v0x555580bee270_0, 0, 1;
    %pushi/vec4 1, 0, 1;
    %store/vec4 v0x555580beefc0_0, 0, 1;
    %fork TD_ALU_tb.check, S_0x555580bf3590;
    %join;
    %pushi/vec4 1, 0, 1;
    %store/vec4 v0x555580bf15f0_0, 0, 1;
    %pushi/vec4 1, 0, 1;
    %store/vec4 v0x555580bef060_0, 0, 1;
    %pushi/vec4 0, 0, 1;
    %store/vec4 v0x555580bf1690_0, 0, 1;
    %pushi/vec4 0, 0, 1;
    %store/vec4 v0x555580bef130_0, 0, 1;
    %pushi/vec4 1, 0, 1;
    %store/vec4 v0x555580bee270_0, 0, 1;
    %pushi/vec4 1, 0, 1;
    %store/vec4 v0x555580beefc0_0, 0, 1;
    %fork TD_ALU_tb.check, S_0x555580bf3590;
    %join;
    %pushi/vec4 0, 0, 1;
    %store/vec4 v0x555580bf15f0_0, 0, 1;
    %pushi/vec4 1, 0, 1;
    %store/vec4 v0x555580bef060_0, 0, 1;
    %pushi/vec4 1, 0, 1;
    %store/vec4 v0x555580bf1690_0, 0, 1;
    %pushi/vec4 1, 0, 1;
    %store/vec4 v0x555580bef130_0, 0, 1;
    %pushi/vec4 1, 0, 1;
    %store/vec4 v0x555580bee270_0, 0, 1;
    %pushi/vec4 1, 0, 1;
    %store/vec4 v0x555580beefc0_0, 0, 1;
    %fork TD_ALU_tb.check, S_0x555580bf3590;
    %join;
    %pushi/vec4 1, 0, 1;
    %store/vec4 v0x555580bf15f0_0, 0, 1;
    %pushi/vec4 1, 0, 1;
    %store/vec4 v0x555580bef060_0, 0, 1;
    %pushi/vec4 0, 0, 1;
    %store/vec4 v0x555580bf1690_0, 0, 1;
    %pushi/vec4 1, 0, 1;
    %store/vec4 v0x555580bef130_0, 0, 1;
    %pushi/vec4 1, 0, 1;
    %store/vec4 v0x555580bee270_0, 0, 1;
    %pushi/vec4 1, 0, 1;
    %store/vec4 v0x555580beefc0_0, 0, 1;
    %fork TD_ALU_tb.check, S_0x555580bf3590;
    %join;
    %pushi/vec4 0, 0, 1;
    %store/vec4 v0x555580bf15f0_0, 0, 1;
    %pushi/vec4 0, 0, 1;
    %store/vec4 v0x555580bef060_0, 0, 1;
    %pushi/vec4 1, 0, 1;
    %store/vec4 v0x555580bf1690_0, 0, 1;
    %pushi/vec4 1, 0, 1;
    %store/vec4 v0x555580bef130_0, 0, 1;
    %pushi/vec4 1, 0, 1;
    %store/vec4 v0x555580bee270_0, 0, 1;
    %pushi/vec4 0, 0, 1;
    %store/vec4 v0x555580beefc0_0, 0, 1;
    %fork TD_ALU_tb.check, S_0x555580bf3590;
    %join;
    %pushi/vec4 1, 0, 1;
    %store/vec4 v0x555580bf15f0_0, 0, 1;
    %pushi/vec4 1, 0, 1;
    %store/vec4 v0x555580bef060_0, 0, 1;
    %pushi/vec4 0, 0, 1;
    %store/vec4 v0x555580bf1690_0, 0, 1;
    %pushi/vec4 0, 0, 1;
    %store/vec4 v0x555580bef130_0, 0, 1;
    %pushi/vec4 1, 0, 1;
    %store/vec4 v0x555580bee270_0, 0, 1;
    %pushi/vec4 0, 0, 1;
    %store/vec4 v0x555580beefc0_0, 0, 1;
    %fork TD_ALU_tb.check, S_0x555580bf3590;
    %join;
    %pushi/vec4 0, 0, 1;
    %store/vec4 v0x555580bf15f0_0, 0, 1;
    %pushi/vec4 0, 0, 1;
    %store/vec4 v0x555580bef060_0, 0, 1;
    %pushi/vec4 0, 0, 1;
    %store/vec4 v0x555580bf1690_0, 0, 1;
    %pushi/vec4 0, 0, 1;
    %store/vec4 v0x555580bef130_0, 0, 1;
    %pushi/vec4 1, 0, 1;
    %store/vec4 v0x555580bee270_0, 0, 1;
    %pushi/vec4 0, 0, 1;
    %store/vec4 v0x555580beefc0_0, 0, 1;
    %fork TD_ALU_tb.check, S_0x555580bf3590;
    %join;
    %pushi/vec4 0, 0, 1;
    %store/vec4 v0x555580bf15f0_0, 0, 1;
    %pushi/vec4 1, 0, 1;
    %store/vec4 v0x555580bef060_0, 0, 1;
    %pushi/vec4 0, 0, 1;
    %store/vec4 v0x555580bf1690_0, 0, 1;
    %pushi/vec4 0, 0, 1;
    %store/vec4 v0x555580bef130_0, 0, 1;
    %pushi/vec4 1, 0, 1;
    %store/vec4 v0x555580bee270_0, 0, 1;
    %pushi/vec4 1, 0, 1;
    %store/vec4 v0x555580beefc0_0, 0, 1;
    %fork TD_ALU_tb.check, S_0x555580bf3590;
    %join;
    %pushi/vec4 0, 0, 1;
    %store/vec4 v0x555580bf15f0_0, 0, 1;
    %pushi/vec4 0, 0, 1;
    %store/vec4 v0x555580bef060_0, 0, 1;
    %pushi/vec4 0, 0, 1;
    %store/vec4 v0x555580bf1690_0, 0, 1;
    %pushi/vec4 1, 0, 1;
    %store/vec4 v0x555580bef130_0, 0, 1;
    %pushi/vec4 1, 0, 1;
    %store/vec4 v0x555580bee270_0, 0, 1;
    %pushi/vec4 1, 0, 1;
    %store/vec4 v0x555580beefc0_0, 0, 1;
    %fork TD_ALU_tb.check, S_0x555580bf3590;
    %join;
    %pushi/vec4 0, 0, 1;
    %store/vec4 v0x555580bf15f0_0, 0, 1;
    %pushi/vec4 0, 0, 1;
    %store/vec4 v0x555580bef060_0, 0, 1;
    %pushi/vec4 0, 0, 1;
    %store/vec4 v0x555580bf1690_0, 0, 1;
    %pushi/vec4 0, 0, 1;
    %store/vec4 v0x555580bef130_0, 0, 1;
    %pushi/vec4 0, 0, 1;
    %store/vec4 v0x555580bee270_0, 0, 1;
    %pushi/vec4 0, 0, 1;
    %store/vec4 v0x555580beefc0_0, 0, 1;
    %fork TD_ALU_tb.check, S_0x555580bf3590;
    %join;
    %pushi/vec4 0, 0, 1;
    %store/vec4 v0x555580bf15f0_0, 0, 1;
    %pushi/vec4 1, 0, 1;
    %store/vec4 v0x555580bef060_0, 0, 1;
    %pushi/vec4 0, 0, 1;
    %store/vec4 v0x555580bf1690_0, 0, 1;
    %pushi/vec4 1, 0, 1;
    %store/vec4 v0x555580bef130_0, 0, 1;
    %pushi/vec4 0, 0, 1;
    %store/vec4 v0x555580bee270_0, 0, 1;
    %pushi/vec4 1, 0, 1;
    %store/vec4 v0x555580beefc0_0, 0, 1;
    %fork TD_ALU_tb.check, S_0x555580bf3590;
    %join;
T_4.2 ; for-loop step statement
    %load/vec4 v0x555580beeda0_0;
    %addi 1, 0, 16;
    %store/vec4 v0x555580beeda0_0, 0, 16;
    %jmp T_4.0;
T_4.1 ; for-loop exit label
    %load/vec4 v0x555580bee310_0;
    %pad/u 32;
    %cmpi/e 0, 0, 32;
    %jmp/0xz  T_4.3, 4;
    %vpi_call/w 3 75 "$display", "passed" {0 0 0};
T_4.3 ;
    %vpi_call/w 3 76 "$display", "------------------------" {0 0 0};
    %vpi_call/w 3 77 "$finish" {0 0 0};
    %end;
    .thread T_4;
    .scope S_0x555580d8cdf0;
T_5 ;
    %pushi/vec4 0, 0, 1;
    %store/vec4 v0x555580af90f0_0, 0, 1;
    %pushi/vec4 0, 0, 1;
    %store/vec4 v0x555580af91b0_0, 0, 1;
    %end;
    .thread T_5, $init;
    .scope S_0x555580d8cdf0;
T_6 ;
    %wait E_0x555580aea440;
    %load/vec4 v0x555580afd960_0;
    %flag_set/vec4 8;
    %jmp/0xz  T_6.0, 8;
    %load/vec4 v0x555580aff300_0;
    %flag_set/vec4 8;
    %jmp/0 T_6.2, 8;
    %pushi/vec4 0, 0, 1;
    %jmp/1 T_6.3, 8;
T_6.2 ; End of true expr.
    %load/vec4 v0x555580b02b20_0;
    %jmp/0 T_6.3, 8;
 ; End of false expr.
    %blend;
T_6.3;
    %assign/vec4 v0x555580af90f0_0, 0;
T_6.0 ;
    %jmp T_6;
    .thread T_6;
    .scope S_0x555580d8cdf0;
T_7 ;
    %wait E_0x555580b7f060;
    %load/vec4 v0x555580aff300_0;
    %flag_set/vec4 8;
    %jmp/0xz  T_7.0, 8;
    %pushi/vec4 0, 0, 1;
    %assign/vec4 v0x555580af91b0_0, 0;
    %jmp T_7.1;
T_7.0 ;
    %load/vec4 v0x555580afd960_0;
    %flag_set/vec4 8;
    %jmp/0xz  T_7.2, 8;
    %load/vec4 v0x555580b02b20_0;
    %assign/vec4 v0x555580af91b0_0, 0;
T_7.2 ;
T_7.1 ;
    %jmp T_7;
    .thread T_7;
    .scope S_0x555580af7c60;
T_8 ;
    %pushi/vec4 0, 0, 32;
    %store/vec4 v0x555580dc6920_0, 0, 32;
T_8.0 ; Top of for-loop
    %load/vec4 v0x555580dc6920_0;
    %cmpi/s 16, 0, 32;
	  %jmp/0xz T_8.1, 5;
    %pushi/vec4 0, 0, 256;
    %load/vec4 v0x555580dc6920_0;
    %muli 16, 0, 32;
    %part/s 16;
    %pushi/vec4 0, 0, 32;
    %load/vec4 v0x555580dc6920_0;
    %add;
    %ix/vec4/s 4;
    %store/vec4a v0x555580dc6a00, 4, 0;
    %pushi/vec4 0, 0, 256;
    %load/vec4 v0x555580dc6920_0;
    %muli 16, 0, 32;
    %part/s 16;
    %pushi/vec4 16, 0, 32;
    %load/vec4 v0x555580dc6920_0;
    %add;
    %ix/vec4/s 4;
    %store/vec4a v0x555580dc6a00, 4, 0;
    %pushi/vec4 0, 0, 256;
    %load/vec4 v0x555580dc6920_0;
    %muli 16, 0, 32;
    %part/s 16;
    %pushi/vec4 32, 0, 32;
    %load/vec4 v0x555580dc6920_0;
    %add;
    %ix/vec4/s 4;
    %store/vec4a v0x555580dc6a00, 4, 0;
    %pushi/vec4 0, 0, 256;
    %load/vec4 v0x555580dc6920_0;
    %muli 16, 0, 32;
    %part/s 16;
    %pushi/vec4 48, 0, 32;
    %load/vec4 v0x555580dc6920_0;
    %add;
    %ix/vec4/s 4;
    %store/vec4a v0x555580dc6a00, 4, 0;
    %pushi/vec4 0, 0, 256;
    %load/vec4 v0x555580dc6920_0;
    %muli 16, 0, 32;
    %part/s 16;
    %pushi/vec4 64, 0, 32;
    %load/vec4 v0x555580dc6920_0;
    %add;
    %ix/vec4/s 4;
    %store/vec4a v0x555580dc6a00, 4, 0;
    %pushi/vec4 0, 0, 256;
    %load/vec4 v0x555580dc6920_0;
    %muli 16, 0, 32;
    %part/s 16;
    %pushi/vec4 80, 0, 32;
    %load/vec4 v0x555580dc6920_0;
    %add;
    %ix/vec4/s 4;
    %store/vec4a v0x555580dc6a00, 4, 0;
    %pushi/vec4 0, 0, 256;
    %load/vec4 v0x555580dc6920_0;
    %muli 16, 0, 32;
    %part/s 16;
    %pushi/vec4 96, 0, 32;
    %load/vec4 v0x555580dc6920_0;
    %add;
    %ix/vec4/s 4;
    %store/vec4a v0x555580dc6a00, 4, 0;
    %pushi/vec4 0, 0, 256;
    %load/vec4 v0x555580dc6920_0;
    %muli 16, 0, 32;
    %part/s 16;
    %pushi/vec4 112, 0, 32;
    %load/vec4 v0x555580dc6920_0;
    %add;
    %ix/vec4/s 4;
    %store/vec4a v0x555580dc6a00, 4, 0;
    %pushi/vec4 0, 0, 256;
    %load/vec4 v0x555580dc6920_0;
    %muli 16, 0, 32;
    %part/s 16;
    %pushi/vec4 128, 0, 32;
    %load/vec4 v0x555580dc6920_0;
    %add;
    %ix/vec4/s 4;
    %store/vec4a v0x555580dc6a00, 4, 0;
    %pushi/vec4 0, 0, 256;
    %load/vec4 v0x555580dc6920_0;
    %muli 16, 0, 32;
    %part/s 16;
    %pushi/vec4 144, 0, 32;
    %load/vec4 v0x555580dc6920_0;
    %add;
    %ix/vec4/s 4;
    %store/vec4a v0x555580dc6a00, 4, 0;
    %pushi/vec4 0, 0, 256;
    %load/vec4 v0x555580dc6920_0;
    %muli 16, 0, 32;
    %part/s 16;
    %pushi/vec4 160, 0, 32;
    %load/vec4 v0x555580dc6920_0;
    %add;
    %ix/vec4/s 4;
    %store/vec4a v0x555580dc6a00, 4, 0;
    %pushi/vec4 0, 0, 256;
    %load/vec4 v0x555580dc6920_0;
    %muli 16, 0, 32;
    %part/s 16;
    %pushi/vec4 176, 0, 32;
    %load/vec4 v0x555580dc6920_0;
    %add;
    %ix/vec4/s 4;
    %store/vec4a v0x555580dc6a00, 4, 0;
    %pushi/vec4 0, 0, 256;
    %load/vec4 v0x555580dc6920_0;
    %muli 16, 0, 32;
    %part/s 16;
    %pushi/vec4 192, 0, 32;
    %load/vec4 v0x555580dc6920_0;
    %add;
    %ix/vec4/s 4;
    %store/vec4a v0x555580dc6a00, 4, 0;
    %pushi/vec4 0, 0, 256;
    %load/vec4 v0x555580dc6920_0;
    %muli 16, 0, 32;
    %part/s 16;
    %pushi/vec4 208, 0, 32;
    %load/vec4 v0x555580dc6920_0;
    %add;
    %ix/vec4/s 4;
    %store/vec4a v0x555580dc6a00, 4, 0;
    %pushi/vec4 0, 0, 256;
    %load/vec4 v0x555580dc6920_0;
    %muli 16, 0, 32;
    %part/s 16;
    %pushi/vec4 224, 0, 32;
    %load/vec4 v0x555580dc6920_0;
    %add;
    %ix/vec4/s 4;
    %store/vec4a v0x555580dc6a00, 4, 0;
    %pushi/vec4 0, 0, 256;
    %load/vec4 v0x555580dc6920_0;
    %muli 16, 0, 32;
    %part/s 16;
    %pushi/vec4 240, 0, 32;
    %load/vec4 v0x555580dc6920_0;
    %add;
    %ix/vec4/s 4;
    %store/vec4a v0x555580dc6a00, 4, 0;
T_8.2 ; for-loop step statement
    %load/vec4 v0x555580dc6920_0;
    %addi 1, 0, 32;
    %store/vec4 v0x555580dc6920_0, 0, 32;
    %jmp T_8.0;
T_8.1 ; for-loop exit label
    %end;
    .thread T_8;
    .scope S_0x555580af7c60;
T_9 ;
    %wait E_0x555580afa960;
    %load/vec4 v0x555580dc67e0_0;
    %flag_set/vec4 9;
    %flag_get/vec4 9;
    %jmp/0 T_9.2, 9;
    %load/vec4 v0x555580dc6600_0;
    %and;
T_9.2;
    %flag_set/vec4 8;
    %jmp/0xz  T_9.0, 8;
    %load/vec4 v0x555580dc6880_0;
    %parti/s 1, 0, 2;
    %nor/r;
    %flag_set/vec4 8;
    %jmp/0xz  T_9.3, 8;
    %load/vec4 v0x555580dc6740_0;
    %parti/s 1, 0, 2;
    %load/vec4 v0x555580dc64c0_0;
    %parti/s 8, 0, 2;
    %pad/u 10;
    %ix/vec4 3;
    %ix/load 4, 0, 0; Constant delay
    %assign/vec4/a/d v0x555580dc6a00, 0, 4;
T_9.3 ;
    %load/vec4 v0x555580dc6880_0;
    %parti/s 1, 1, 2;
    %nor/r;
    %flag_set/vec4 8;
    %jmp/0xz  T_9.5, 8;
    %load/vec4 v0x555580dc6740_0;
    %parti/s 1, 1, 2;
    %load/vec4 v0x555580dc64c0_0;
    %parti/s 8, 0, 2;
    %pad/u 10;
    %ix/vec4 3;
    %ix/load 4, 1, 0; part off
    %ix/load 5, 0, 0; Constant delay
    %assign/vec4/a/d v0x555580dc6a00, 4, 5;
T_9.5 ;
    %load/vec4 v0x555580dc6880_0;
    %parti/s 1, 2, 3;
    %nor/r;
    %flag_set/vec4 8;
    %jmp/0xz  T_9.7, 8;
    %load/vec4 v0x555580dc6740_0;
    %parti/s 1, 2, 3;
    %load/vec4 v0x555580dc64c0_0;
    %parti/s 8, 0, 2;
    %pad/u 10;
    %ix/vec4 3;
    %ix/load 4, 2, 0; part off
    %ix/load 5, 0, 0; Constant delay
    %assign/vec4/a/d v0x555580dc6a00, 4, 5;
T_9.7 ;
    %load/vec4 v0x555580dc6880_0;
    %parti/s 1, 3, 3;
    %nor/r;
    %flag_set/vec4 8;
    %jmp/0xz  T_9.9, 8;
    %load/vec4 v0x555580dc6740_0;
    %parti/s 1, 3, 3;
    %load/vec4 v0x555580dc64c0_0;
    %parti/s 8, 0, 2;
    %pad/u 10;
    %ix/vec4 3;
    %ix/load 4, 3, 0; part off
    %ix/load 5, 0, 0; Constant delay
    %assign/vec4/a/d v0x555580dc6a00, 4, 5;
T_9.9 ;
    %load/vec4 v0x555580dc6880_0;
    %parti/s 1, 4, 4;
    %nor/r;
    %flag_set/vec4 8;
    %jmp/0xz  T_9.11, 8;
    %load/vec4 v0x555580dc6740_0;
    %parti/s 1, 4, 4;
    %load/vec4 v0x555580dc64c0_0;
    %parti/s 8, 0, 2;
    %pad/u 10;
    %ix/vec4 3;
    %ix/load 4, 4, 0; part off
    %ix/load 5, 0, 0; Constant delay
    %assign/vec4/a/d v0x555580dc6a00, 4, 5;
T_9.11 ;
    %load/vec4 v0x555580dc6880_0;
    %parti/s 1, 5, 4;
    %nor/r;
    %flag_set/vec4 8;
    %jmp/0xz  T_9.13, 8;
    %load/vec4 v0x555580dc6740_0;
    %parti/s 1, 5, 4;
    %load/vec4 v0x555580dc64c0_0;
    %parti/s 8, 0, 2;
    %pad/u 10;
    %ix/vec4 3;
    %ix/load 4, 5, 0; part off
    %ix/load 5, 0, 0; Constant delay
    %assign/vec4/a/d v0x555580dc6a00, 4, 5;
T_9.13 ;
    %load/vec4 v0x555580dc6880_0;
    %parti/s 1, 6, 4;
    %nor/r;
    %flag_set/vec4 8;
    %jmp/0xz  T_9.15, 8;
    %load/vec4 v0x555580dc6740_0;
    %parti/s 1, 6, 4;
    %load/vec4 v0x555580dc64c0_0;
    %parti/s 8, 0, 2;
    %pad/u 10;
    %ix/vec4 3;
    %ix/load 4, 6, 0; part off
    %ix/load 5, 0, 0; Constant delay
    %assign/vec4/a/d v0x555580dc6a00, 4, 5;
T_9.15 ;
    %load/vec4 v0x555580dc6880_0;
    %parti/s 1, 7, 4;
    %nor/r;
    %flag_set/vec4 8;
    %jmp/0xz  T_9.17, 8;
    %load/vec4 v0x555580dc6740_0;
    %parti/s 1, 7, 4;
    %load/vec4 v0x555580dc64c0_0;
    %parti/s 8, 0, 2;
    %pad/u 10;
    %ix/vec4 3;
    %ix/load 4, 7, 0; part off
    %ix/load 5, 0, 0; Constant delay
    %assign/vec4/a/d v0x555580dc6a00, 4, 5;
T_9.17 ;
    %load/vec4 v0x555580dc6880_0;
    %parti/s 1, 8, 5;
    %nor/r;
    %flag_set/vec4 8;
    %jmp/0xz  T_9.19, 8;
    %load/vec4 v0x555580dc6740_0;
    %parti/s 1, 8, 5;
    %load/vec4 v0x555580dc64c0_0;
    %parti/s 8, 0, 2;
    %pad/u 10;
    %ix/vec4 3;
    %ix/load 4, 8, 0; part off
    %ix/load 5, 0, 0; Constant delay
    %assign/vec4/a/d v0x555580dc6a00, 4, 5;
T_9.19 ;
    %load/vec4 v0x555580dc6880_0;
    %parti/s 1, 9, 5;
    %nor/r;
    %flag_set/vec4 8;
    %jmp/0xz  T_9.21, 8;
    %load/vec4 v0x555580dc6740_0;
    %parti/s 1, 9, 5;
    %load/vec4 v0x555580dc64c0_0;
    %parti/s 8, 0, 2;
    %pad/u 10;
    %ix/vec4 3;
    %ix/load 4, 9, 0; part off
    %ix/load 5, 0, 0; Constant delay
    %assign/vec4/a/d v0x555580dc6a00, 4, 5;
T_9.21 ;
    %load/vec4 v0x555580dc6880_0;
    %parti/s 1, 10, 5;
    %nor/r;
    %flag_set/vec4 8;
    %jmp/0xz  T_9.23, 8;
    %load/vec4 v0x555580dc6740_0;
    %parti/s 1, 10, 5;
    %load/vec4 v0x555580dc64c0_0;
    %parti/s 8, 0, 2;
    %pad/u 10;
    %ix/vec4 3;
    %ix/load 4, 10, 0; part off
    %ix/load 5, 0, 0; Constant delay
    %assign/vec4/a/d v0x555580dc6a00, 4, 5;
T_9.23 ;
    %load/vec4 v0x555580dc6880_0;
    %parti/s 1, 11, 5;
    %nor/r;
    %flag_set/vec4 8;
    %jmp/0xz  T_9.25, 8;
    %load/vec4 v0x555580dc6740_0;
    %parti/s 1, 11, 5;
    %load/vec4 v0x555580dc64c0_0;
    %parti/s 8, 0, 2;
    %pad/u 10;
    %ix/vec4 3;
    %ix/load 4, 11, 0; part off
    %ix/load 5, 0, 0; Constant delay
    %assign/vec4/a/d v0x555580dc6a00, 4, 5;
T_9.25 ;
    %load/vec4 v0x555580dc6880_0;
    %parti/s 1, 12, 5;
    %nor/r;
    %flag_set/vec4 8;
    %jmp/0xz  T_9.27, 8;
    %load/vec4 v0x555580dc6740_0;
    %parti/s 1, 12, 5;
    %load/vec4 v0x555580dc64c0_0;
    %parti/s 8, 0, 2;
    %pad/u 10;
    %ix/vec4 3;
    %ix/load 4, 12, 0; part off
    %ix/load 5, 0, 0; Constant delay
    %assign/vec4/a/d v0x555580dc6a00, 4, 5;
T_9.27 ;
    %load/vec4 v0x555580dc6880_0;
    %parti/s 1, 13, 5;
    %nor/r;
    %flag_set/vec4 8;
    %jmp/0xz  T_9.29, 8;
    %load/vec4 v0x555580dc6740_0;
    %parti/s 1, 13, 5;
    %load/vec4 v0x555580dc64c0_0;
    %parti/s 8, 0, 2;
    %pad/u 10;
    %ix/vec4 3;
    %ix/load 4, 13, 0; part off
    %ix/load 5, 0, 0; Constant delay
    %assign/vec4/a/d v0x555580dc6a00, 4, 5;
T_9.29 ;
    %load/vec4 v0x555580dc6880_0;
    %parti/s 1, 14, 5;
    %nor/r;
    %flag_set/vec4 8;
    %jmp/0xz  T_9.31, 8;
    %load/vec4 v0x555580dc6740_0;
    %parti/s 1, 14, 5;
    %load/vec4 v0x555580dc64c0_0;
    %parti/s 8, 0, 2;
    %pad/u 10;
    %ix/vec4 3;
    %ix/load 4, 14, 0; part off
    %ix/load 5, 0, 0; Constant delay
    %assign/vec4/a/d v0x555580dc6a00, 4, 5;
T_9.31 ;
    %load/vec4 v0x555580dc6880_0;
    %parti/s 1, 15, 5;
    %nor/r;
    %flag_set/vec4 8;
    %jmp/0xz  T_9.33, 8;
    %load/vec4 v0x555580dc6740_0;
    %parti/s 1, 15, 5;
    %load/vec4 v0x555580dc64c0_0;
    %parti/s 8, 0, 2;
    %pad/u 10;
    %ix/vec4 3;
    %ix/load 4, 15, 0; part off
    %ix/load 5, 0, 0; Constant delay
    %assign/vec4/a/d v0x555580dc6a00, 4, 5;
T_9.33 ;
T_9.0 ;
    %jmp T_9;
    .thread T_9;
    .scope S_0x555580af7c60;
T_10 ;
    %wait E_0x555580aeee70;
    %load/vec4 v0x555580dc6380_0;
    %flag_set/vec4 9;
    %flag_get/vec4 9;
    %jmp/0 T_10.2, 9;
    %load/vec4 v0x555580dc61a0_0;
    %and;
T_10.2;
    %flag_set/vec4 8;
    %jmp/0xz  T_10.0, 8;
    %load/vec4 v0x555580ae7a70_0;
    %parti/s 8, 0, 2;
    %pad/u 10;
    %ix/vec4 4;
    %load/vec4a v0x555580dc6a00, 4;
    %load/vec4 v0x555580dc6420_0;
    %inv;
    %and;
    %assign/vec4 v0x555580dc62e0_0, 0;
T_10.0 ;
    %jmp T_10;
    .thread T_10;
    .scope S_0x555580d37170;
T_11 ;
    %pushi/vec4 0, 0, 1;
    %store/vec4 v0x555580dd6d00_0, 0, 1;
    %end;
    .thread T_11;
    .scope S_0x555580d37170;
T_12 ;
    %wait E_0x555580dcfff0;
    %load/vec4 v0x555580dd6c40_0;
    %assign/vec4 v0x555580dd6d00_0, 0;
    %jmp T_12;
    .thread T_12;
    .scope S_0x555580d36e30;
T_13 ;
    %pushi/vec4 0, 0, 1;
    %store/vec4 v0x555580dd70f0_0, 0, 1;
    %end;
    .thread T_13;
    .scope S_0x555580d36e30;
T_14 ;
    %wait E_0x555580dd6e20;
    %load/vec4 v0x555580dd7020_0;
    %flag_set/vec4 8;
    %jmp/0xz  T_14.0, 8;
    %load/vec4 v0x555580dd6f60_0;
    %assign/vec4 v0x555580dd70f0_0, 0;
T_14.0 ;
    %jmp T_14;
    .thread T_14;
    .scope S_0x555580d32d20;
T_15 ;
    %pushi/vec4 0, 0, 1;
    %store/vec4 v0x555580dd7520_0, 0, 1;
    %end;
    .thread T_15;
    .scope S_0x555580d32d20;
T_16 ;
    %wait E_0x555580dd7260;
    %load/vec4 v0x555580dd75e0_0;
    %flag_set/vec4 8;
    %jmp/0xz  T_16.0, 8;
    %pushi/vec4 0, 0, 1;
    %assign/vec4 v0x555580dd7520_0, 0;
    %jmp T_16.1;
T_16.0 ;
    %load/vec4 v0x555580dd7480_0;
    %flag_set/vec4 8;
    %jmp/0xz  T_16.2, 8;
    %load/vec4 v0x555580dd73c0_0;
    %assign/vec4 v0x555580dd7520_0, 0;
T_16.2 ;
T_16.1 ;
    %jmp T_16;
    .thread T_16;
    .scope S_0x555580d32960;
T_17 ;
    %pushi/vec4 0, 0, 1;
    %store/vec4 v0x555580dd7a50_0, 0, 1;
    %end;
    .thread T_17;
    .scope S_0x555580d32960;
T_18 ;
    %wait E_0x555580dd7790;
    %load/vec4 v0x555580dd7b10_0;
    %flag_set/vec4 8;
    %jmp/0xz  T_18.0, 8;
    %pushi/vec4 1, 0, 1;
    %assign/vec4 v0x555580dd7a50_0, 0;
    %jmp T_18.1;
T_18.0 ;
    %load/vec4 v0x555580dd79b0_0;
    %flag_set/vec4 8;
    %jmp/0xz  T_18.2, 8;
    %load/vec4 v0x555580dd78f0_0;
    %assign/vec4 v0x555580dd7a50_0, 0;
T_18.2 ;
T_18.1 ;
    %jmp T_18;
    .thread T_18;
    .scope S_0x555580d1fda0;
T_19 ;
    %pushi/vec4 0, 0, 1;
    %store/vec4 v0x555580dd7f80_0, 0, 1;
    %end;
    .thread T_19;
    .scope S_0x555580d1fda0;
T_20 ;
    %wait E_0x555580dd7cc0;
    %load/vec4 v0x555580dd7ee0_0;
    %flag_set/vec4 8;
    %jmp/0xz  T_20.0, 8;
    %load/vec4 v0x555580dd8040_0;
    %flag_set/vec4 8;
    %jmp/0xz  T_20.2, 8;
    %pushi/vec4 0, 0, 1;
    %assign/vec4 v0x555580dd7f80_0, 0;
    %jmp T_20.3;
T_20.2 ;
    %load/vec4 v0x555580dd7e20_0;
    %assign/vec4 v0x555580dd7f80_0, 0;
T_20.3 ;
T_20.0 ;
    %jmp T_20;
    .thread T_20;
    .scope S_0x555580d1f9b0;
T_21 ;
    %pushi/vec4 0, 0, 1;
    %store/vec4 v0x555580dd84b0_0, 0, 1;
    %end;
    .thread T_21;
    .scope S_0x555580d1f9b0;
T_22 ;
    %wait E_0x555580dd81f0;
    %load/vec4 v0x555580dd8410_0;
    %flag_set/vec4 8;
    %jmp/0xz  T_22.0, 8;
    %load/vec4 v0x555580dd8570_0;
    %flag_set/vec4 8;
    %jmp/0xz  T_22.2, 8;
    %pushi/vec4 1, 0, 1;
    %assign/vec4 v0x555580dd84b0_0, 0;
    %jmp T_22.3;
T_22.2 ;
    %load/vec4 v0x555580dd8350_0;
    %assign/vec4 v0x555580dd84b0_0, 0;
T_22.3 ;
T_22.0 ;
    %jmp T_22;
    .thread T_22;
    .scope S_0x555580d1f1e0;
T_23 ;
    %pushi/vec4 0, 0, 1;
    %store/vec4 v0x555580dd8940_0, 0, 1;
    %end;
    .thread T_23;
    .scope S_0x555580d1f1e0;
T_24 ;
    %wait E_0x555580dd8720;
    %load/vec4 v0x555580dd8880_0;
    %assign/vec4 v0x555580dd8940_0, 0;
    %jmp T_24;
    .thread T_24;
    .scope S_0x555580d1ce90;
T_25 ;
    %pushi/vec4 0, 0, 1;
    %store/vec4 v0x555580dd8d30_0, 0, 1;
    %end;
    .thread T_25;
    .scope S_0x555580d1ce90;
T_26 ;
    %wait E_0x555580dd8a60;
    %load/vec4 v0x555580dd8c60_0;
    %flag_set/vec4 8;
    %jmp/0xz  T_26.0, 8;
    %load/vec4 v0x555580dd8ba0_0;
    %assign/vec4 v0x555580dd8d30_0, 0;
T_26.0 ;
    %jmp T_26;
    .thread T_26;
    .scope S_0x555580dc1dc0;
T_27 ;
    %pushi/vec4 0, 0, 1;
    %store/vec4 v0x555580dd9160_0, 0, 1;
    %end;
    .thread T_27;
    .scope S_0x555580dc1dc0;
T_28 ;
    %wait E_0x555580dd8ea0;
    %load/vec4 v0x555580dd9220_0;
    %flag_set/vec4 8;
    %jmp/0xz  T_28.0, 8;
    %pushi/vec4 0, 0, 1;
    %assign/vec4 v0x555580dd9160_0, 0;
    %jmp T_28.1;
T_28.0 ;
    %load/vec4 v0x555580dd90c0_0;
    %flag_set/vec4 8;
    %jmp/0xz  T_28.2, 8;
    %load/vec4 v0x555580dd9000_0;
    %assign/vec4 v0x555580dd9160_0, 0;
T_28.2 ;
T_28.1 ;
    %jmp T_28;
    .thread T_28;
    .scope S_0x555580dafb50;
T_29 ;
    %pushi/vec4 0, 0, 1;
    %store/vec4 v0x555580dd9690_0, 0, 1;
    %end;
    .thread T_29;
    .scope S_0x555580dafb50;
T_30 ;
    %wait E_0x555580dd93d0;
    %load/vec4 v0x555580dd9750_0;
    %flag_set/vec4 8;
    %jmp/0xz  T_30.0, 8;
    %pushi/vec4 1, 0, 1;
    %assign/vec4 v0x555580dd9690_0, 0;
    %jmp T_30.1;
T_30.0 ;
    %load/vec4 v0x555580dd95f0_0;
    %flag_set/vec4 8;
    %jmp/0xz  T_30.2, 8;
    %load/vec4 v0x555580dd9530_0;
    %assign/vec4 v0x555580dd9690_0, 0;
T_30.2 ;
T_30.1 ;
    %jmp T_30;
    .thread T_30;
    .scope S_0x555580daf770;
T_31 ;
    %pushi/vec4 0, 0, 1;
    %store/vec4 v0x555580dd9bc0_0, 0, 1;
    %end;
    .thread T_31;
    .scope S_0x555580daf770;
T_32 ;
    %wait E_0x555580dd9900;
    %load/vec4 v0x555580dd9b20_0;
    %flag_set/vec4 8;
    %jmp/0xz  T_32.0, 8;
    %load/vec4 v0x555580dd9c80_0;
    %flag_set/vec4 8;
    %jmp/0xz  T_32.2, 8;
    %pushi/vec4 0, 0, 1;
    %assign/vec4 v0x555580dd9bc0_0, 0;
    %jmp T_32.3;
T_32.2 ;
    %load/vec4 v0x555580dd9a60_0;
    %assign/vec4 v0x555580dd9bc0_0, 0;
T_32.3 ;
T_32.0 ;
    %jmp T_32;
    .thread T_32;
    .scope S_0x555580d9dca0;
T_33 ;
    %pushi/vec4 0, 0, 1;
    %store/vec4 v0x555580dda0f0_0, 0, 1;
    %end;
    .thread T_33;
    .scope S_0x555580d9dca0;
T_34 ;
    %wait E_0x555580dd9e30;
    %load/vec4 v0x555580dda050_0;
    %flag_set/vec4 8;
    %jmp/0xz  T_34.0, 8;
    %load/vec4 v0x555580dda1b0_0;
    %flag_set/vec4 8;
    %jmp/0xz  T_34.2, 8;
    %pushi/vec4 1, 0, 1;
    %assign/vec4 v0x555580dda0f0_0, 0;
    %jmp T_34.3;
T_34.2 ;
    %load/vec4 v0x555580dd9f90_0;
    %assign/vec4 v0x555580dda0f0_0, 0;
T_34.3 ;
T_34.0 ;
    %jmp T_34;
    .thread T_34;
    .scope S_0x555580d77ee0;
T_35 ;
    %pushi/vec4 0, 0, 1;
    %store/vec4 v0x555580dda580_0, 0, 1;
    %end;
    .thread T_35;
    .scope S_0x555580d77ee0;
T_36 ;
    %wait E_0x555580dda360;
    %load/vec4 v0x555580dda620_0;
    %flag_set/vec4 8;
    %jmp/0xz  T_36.0, 8;
    %pushi/vec4 0, 0, 1;
    %assign/vec4 v0x555580dda580_0, 0;
    %jmp T_36.1;
T_36.0 ;
    %load/vec4 v0x555580dda4c0_0;
    %assign/vec4 v0x555580dda580_0, 0;
T_36.1 ;
    %jmp T_36;
    .thread T_36;
    .scope S_0x555580d77560;
T_37 ;
    %pushi/vec4 0, 0, 1;
    %store/vec4 v0x555580dda9b0_0, 0, 1;
    %end;
    .thread T_37;
    .scope S_0x555580d77560;
T_38 ;
    %wait E_0x555580dda790;
    %load/vec4 v0x555580ddaa50_0;
    %flag_set/vec4 8;
    %jmp/0xz  T_38.0, 8;
    %pushi/vec4 1, 0, 1;
    %assign/vec4 v0x555580dda9b0_0, 0;
    %jmp T_38.1;
T_38.0 ;
    %load/vec4 v0x555580dda8f0_0;
    %assign/vec4 v0x555580dda9b0_0, 0;
T_38.1 ;
    %jmp T_38;
    .thread T_38;
    .scope S_0x555580d73620;
T_39 ;
    %pushi/vec4 0, 0, 1;
    %store/vec4 v0x555580ddade0_0, 0, 1;
    %end;
    .thread T_39;
    .scope S_0x555580d73620;
T_40 ;
    %wait E_0x555580ddabc0;
    %load/vec4 v0x555580ddae80_0;
    %flag_set/vec4 8;
    %jmp/0xz  T_40.0, 8;
    %pushi/vec4 0, 0, 1;
    %assign/vec4 v0x555580ddade0_0, 0;
    %jmp T_40.1;
T_40.0 ;
    %load/vec4 v0x555580ddad20_0;
    %assign/vec4 v0x555580ddade0_0, 0;
T_40.1 ;
    %jmp T_40;
    .thread T_40;
    .scope S_0x555580d728a0;
T_41 ;
    %pushi/vec4 0, 0, 1;
    %store/vec4 v0x555580ddb210_0, 0, 1;
    %end;
    .thread T_41;
    .scope S_0x555580d728a0;
T_42 ;
    %wait E_0x555580ddaff0;
    %load/vec4 v0x555580ddb2b0_0;
    %flag_set/vec4 8;
    %jmp/0xz  T_42.0, 8;
    %pushi/vec4 1, 0, 1;
    %assign/vec4 v0x555580ddb210_0, 0;
    %jmp T_42.1;
T_42.0 ;
    %load/vec4 v0x555580ddb150_0;
    %assign/vec4 v0x555580ddb210_0, 0;
T_42.1 ;
    %jmp T_42;
    .thread T_42;
    .scope S_0x555580d71b20;
T_43 ;
    %pushi/vec4 0, 0, 1;
    %store/vec4 v0x555580ddb640_0, 0, 1;
    %end;
    .thread T_43;
    .scope S_0x555580d71b20;
T_44 ;
    %wait E_0x555580ddb420;
    %load/vec4 v0x555580ddb6e0_0;
    %flag_set/vec4 8;
    %jmp/0xz  T_44.0, 8;
    %pushi/vec4 0, 0, 1;
    %assign/vec4 v0x555580ddb640_0, 0;
    %jmp T_44.1;
T_44.0 ;
    %load/vec4 v0x555580ddb580_0;
    %assign/vec4 v0x555580ddb640_0, 0;
T_44.1 ;
    %jmp T_44;
    .thread T_44;
    .scope S_0x555580d6ef10;
T_45 ;
    %pushi/vec4 0, 0, 1;
    %store/vec4 v0x555580ddba70_0, 0, 1;
    %end;
    .thread T_45;
    .scope S_0x555580d6ef10;
T_46 ;
    %wait E_0x555580ddb850;
    %load/vec4 v0x555580ddbb10_0;
    %flag_set/vec4 8;
    %jmp/0xz  T_46.0, 8;
    %pushi/vec4 1, 0, 1;
    %assign/vec4 v0x555580ddba70_0, 0;
    %jmp T_46.1;
T_46.0 ;
    %load/vec4 v0x555580ddb9b0_0;
    %assign/vec4 v0x555580ddba70_0, 0;
T_46.1 ;
    %jmp T_46;
    .thread T_46;
    .scope S_0x555580d86ea0;
T_47 ;
    %pushi/vec4 0, 0, 1;
    %store/vec4 v0x555580ddbea0_0, 0, 1;
    %end;
    .thread T_47;
    .scope S_0x555580d86ea0;
T_48 ;
    %wait E_0x555580ddbc80;
    %load/vec4 v0x555580ddbf40_0;
    %flag_set/vec4 8;
    %jmp/0xz  T_48.0, 8;
    %pushi/vec4 0, 0, 1;
    %assign/vec4 v0x555580ddbea0_0, 0;
    %jmp T_48.1;
T_48.0 ;
    %load/vec4 v0x555580ddbde0_0;
    %assign/vec4 v0x555580ddbea0_0, 0;
T_48.1 ;
    %jmp T_48;
    .thread T_48;
    .scope S_0x555580d82b70;
T_49 ;
    %pushi/vec4 0, 0, 1;
    %store/vec4 v0x555580ddc2d0_0, 0, 1;
    %end;
    .thread T_49;
    .scope S_0x555580d82b70;
T_50 ;
    %wait E_0x555580ddc0b0;
    %load/vec4 v0x555580ddc370_0;
    %flag_set/vec4 8;
    %jmp/0xz  T_50.0, 8;
    %pushi/vec4 1, 0, 1;
    %assign/vec4 v0x555580ddc2d0_0, 0;
    %jmp T_50.1;
T_50.0 ;
    %load/vec4 v0x555580ddc210_0;
    %assign/vec4 v0x555580ddc2d0_0, 0;
T_50.1 ;
    %jmp T_50;
    .thread T_50;
    .scope S_0x555580ddcf80;
T_51 ;
    %wait E_0x555580ddd2a0;
    %load/vec4 v0x555580dddc80_0;
    %assign/vec4 v0x555580dddd40_0, 0;
    %jmp T_51;
    .thread T_51;
    .scope S_0x555580ddcf80;
T_52 ;
    %wait E_0x555580ddd2a0;
    %load/vec4 v0x555580dddc80_0;
    %flag_set/vec4 8;
    %jmp/0xz  T_52.0, 8;
    %load/vec4 v0x555580ddda20_0;
    %assign/vec4 v0x555580dde150_0, 0;
T_52.0 ;
    %jmp T_52;
    .thread T_52;
    .scope S_0x555580ddcf80;
T_53 ;
    %wait E_0x555580ddd240;
    %load/vec4 v0x555580dddd40_0;
    %flag_set/vec4 8;
    %jmp/0xz  T_53.0, 8;
    %load/vec4 v0x555580ddda20_0;
    %assign/vec4 v0x555580dde210_0, 0;
T_53.0 ;
    %jmp T_53;
    .thread T_53;
    .scope S_0x555580ddcf80;
T_54 ;
    %wait E_0x555580ddd160;
    %load/vec4 v0x555580dddc80_0;
    %assign/vec4 v0x555580ddde00_0, 0;
    %jmp T_54;
    .thread T_54;
    .scope S_0x555580ddcf80;
T_55 ;
    %wait E_0x555580ddd160;
    %load/vec4 v0x555580dddc80_0;
    %flag_set/vec4 8;
    %jmp/0xz  T_55.0, 8;
    %load/vec4 v0x555580ddd550_0;
    %assign/vec4 v0x555580dde390_0, 0;
T_55.0 ;
    %jmp T_55;
    .thread T_55;
    .scope S_0x555580ddcf80;
T_56 ;
    %wait E_0x555580ddd1e0;
    %load/vec4 v0x555580ddde00_0;
    %flag_set/vec4 8;
    %jmp/0xz  T_56.0, 8;
    %load/vec4 v0x555580ddd610_0;
    %assign/vec4 v0x555580dde450_0, 0;
T_56.0 ;
    %jmp T_56;
    .thread T_56;
    .scope S_0x555580ddcf80;
T_57 ;
    %wait E_0x555580ddd160;
    %load/vec4 v0x555580dddc80_0;
    %flag_set/vec4 8;
    %jmp/0xz  T_57.0, 8;
    %load/vec4 v0x555580ddd960_0;
    %assign/vec4 v0x555580dde690_0, 0;
T_57.0 ;
    %jmp T_57;
    .thread T_57;
    .scope S_0x555580ddc8c0;
T_58 ;
    %wait E_0x555580ddcef0;
    %load/vec4 v0x555580dde150_0;
    %store/vec4 v0x555580dddec0_0, 0, 1;
    %load/vec4 v0x555580dde210_0;
    %store/vec4 v0x555580dddf80_0, 0, 1;
    %jmp T_58;
    .thread T_58, $push;
    .scope S_0x555580ddc8c0;
T_59 ;
    %wait E_0x555580ddce90;
    %load/vec4 v0x555580ddd8a0_0;
    %assign/vec4 v0x555580dde510_0, 0;
    %jmp T_59;
    .thread T_59, $push;
    .scope S_0x555580ddc8c0;
T_60 ;
    %wait E_0x555580ddce30;
    %load/vec4 v0x555580dde510_0;
    %assign/vec4 v0x555580dde5d0_0, 0;
    %jmp T_60;
    .thread T_60, $push;
    .scope S_0x555580ddc8c0;
T_61 ;
    %wait E_0x555580ddcdd0;
    %load/vec4 v0x555580dde5d0_0;
    %pushi/vec4 0, 0, 1;
    %xor;
    %flag_set/vec4 8;
    %jmp/1 T_61.2, 8;
    %pushi/vec4 0, 0, 1;
    %flag_set/vec4 9;
    %flag_or 8, 9;
T_61.2;
    %jmp/0 T_61.0, 8;
    %load/vec4 v0x555580dde390_0;
    %jmp/1 T_61.1, 8;
T_61.0 ; End of true expr.
    %load/vec4 v0x555580dde450_0;
    %jmp/0 T_61.1, 8;
 ; End of false expr.
    %blend;
T_61.1;
    %store/vec4 v0x555580dde2d0_0, 0, 1;
    %jmp T_61;
    .thread T_61, $push;
    .scope S_0x555580de2350;
T_62 ;
    %wait E_0x555580de2620;
    %load/vec4 v0x555580de26b0_0;
    %flag_set/vec4 8;
    %jmp/0xz  T_62.0, 8;
    %load/vec4 v0x555580de2da0_0;
    %assign/vec4 v0x555580de3160_0, 0;
T_62.0 ;
    %jmp T_62;
    .thread T_62;
    .scope S_0x555580de2350;
T_63 ;
    %wait E_0x555580de25c0;
    %load/vec4 v0x555580de26b0_0;
    %flag_set/vec4 8;
    %jmp/0xz  T_63.0, 8;
    %load/vec4 v0x555580de2da0_0;
    %assign/vec4 v0x555580de3220_0, 0;
T_63.0 ;
    %jmp T_63;
    .thread T_63;
    .scope S_0x555580de2350;
T_64 ;
    %wait E_0x555580de24e0;
    %load/vec4 v0x555580de26b0_0;
    %flag_set/vec4 8;
    %jmp/0xz  T_64.0, 8;
    %load/vec4 v0x555580de28d0_0;
    %assign/vec4 v0x555580de33a0_0, 0;
T_64.0 ;
    %jmp T_64;
    .thread T_64;
    .scope S_0x555580de2350;
T_65 ;
    %wait E_0x555580de2560;
    %load/vec4 v0x555580de26b0_0;
    %flag_set/vec4 8;
    %jmp/0xz  T_65.0, 8;
    %load/vec4 v0x555580de2990_0;
    %assign/vec4 v0x555580de3460_0, 0;
T_65.0 ;
    %jmp T_65;
    .thread T_65;
    .scope S_0x555580de2350;
T_66 ;
    %wait E_0x555580de24e0;
    %load/vec4 v0x555580de26b0_0;
    %flag_set/vec4 8;
    %jmp/0xz  T_66.0, 8;
    %load/vec4 v0x555580de2ce0_0;
    %assign/vec4 v0x555580de36a0_0, 0;
T_66.0 ;
    %jmp T_66;
    .thread T_66;
    .scope S_0x555580d42670;
T_67 ;
    %wait E_0x555580de22c0;
    %load/vec4 v0x555580de3160_0;
    %store/vec4 v0x555580de2fe0_0, 0, 1;
    %load/vec4 v0x555580de3220_0;
    %store/vec4 v0x555580de30a0_0, 0, 1;
    %jmp T_67;
    .thread T_67, $push;
    .scope S_0x555580d42670;
T_68 ;
    %wait E_0x555580de2260;
    %load/vec4 v0x555580de2c20_0;
    %assign/vec4 v0x555580de3520_0, 0;
    %jmp T_68;
    .thread T_68, $push;
    .scope S_0x555580d42670;
T_69 ;
    %wait E_0x555580de2200;
    %load/vec4 v0x555580de3520_0;
    %assign/vec4 v0x555580de35e0_0, 0;
    %jmp T_69;
    .thread T_69, $push;
    .scope S_0x555580d42670;
T_70 ;
    %wait E_0x555580de2180;
    %load/vec4 v0x555580de35e0_0;
    %pushi/vec4 0, 0, 1;
    %xor;
    %flag_set/vec4 8;
    %jmp/1 T_70.2, 8;
    %pushi/vec4 0, 0, 1;
    %flag_set/vec4 9;
    %flag_or 8, 9;
T_70.2;
    %jmp/0 T_70.0, 8;
    %load/vec4 v0x555580de33a0_0;
    %jmp/1 T_70.1, 8;
T_70.0 ; End of true expr.
    %load/vec4 v0x555580de3460_0;
    %jmp/0 T_70.1, 8;
 ; End of false expr.
    %blend;
T_70.1;
    %store/vec4 v0x555580de32e0_0, 0, 1;
    %jmp T_70;
    .thread T_70, $push;
    .scope S_0x555580de3b20;
T_71 ;
    %wait E_0x555580de3df0;
    %load/vec4 v0x555580de3e80_0;
    %flag_set/vec4 8;
    %jmp/0xz  T_71.0, 8;
    %load/vec4 v0x555580de4570_0;
    %assign/vec4 v0x555580de47b0_0, 0;
T_71.0 ;
    %jmp T_71;
    .thread T_71;
    .scope S_0x555580de3b20;
T_72 ;
    %wait E_0x555580de3d90;
    %load/vec4 v0x555580de3e80_0;
    %flag_set/vec4 8;
    %jmp/0xz  T_72.0, 8;
    %load/vec4 v0x555580de4570_0;
    %assign/vec4 v0x555580de4870_0, 0;
T_72.0 ;
    %jmp T_72;
    .thread T_72;
    .scope S_0x555580de3b20;
T_73 ;
    %wait E_0x555580de3cb0;
    %load/vec4 v0x555580de3e80_0;
    %flag_set/vec4 8;
    %jmp/0xz  T_73.0, 8;
    %load/vec4 v0x555580de40a0_0;
    %assign/vec4 v0x555580de49f0_0, 0;
T_73.0 ;
    %jmp T_73;
    .thread T_73;
    .scope S_0x555580de3b20;
T_74 ;
    %wait E_0x555580de3d30;
    %load/vec4 v0x555580de3e80_0;
    %flag_set/vec4 8;
    %jmp/0xz  T_74.0, 8;
    %load/vec4 v0x555580de4160_0;
    %assign/vec4 v0x555580de4ab0_0, 0;
T_74.0 ;
    %jmp T_74;
    .thread T_74;
    .scope S_0x555580de3b20;
T_75 ;
    %wait E_0x555580de3cb0;
    %load/vec4 v0x555580de3e80_0;
    %flag_set/vec4 8;
    %jmp/0xz  T_75.0, 8;
    %load/vec4 v0x555580de44b0_0;
    %assign/vec4 v0x555580de4e00_0, 0;
T_75.0 ;
    %jmp T_75;
    .thread T_75;
    .scope S_0x555580d1d4f0;
T_76 ;
    %wait E_0x555580de3a90;
    %load/vec4 v0x555580de47b0_0;
    %store/vec4 v0x555580de4630_0, 0, 1;
    %load/vec4 v0x555580de4870_0;
    %store/vec4 v0x555580de46f0_0, 0, 1;
    %jmp T_76;
    .thread T_76, $push;
    .scope S_0x555580d1d4f0;
T_77 ;
    %wait E_0x555580de3a30;
    %load/vec4 v0x555580de43f0_0;
    %assign/vec4 v0x555580de4c80_0, 0;
    %jmp T_77;
    .thread T_77, $push;
    .scope S_0x555580d1d4f0;
T_78 ;
    %wait E_0x555580de39d0;
    %load/vec4 v0x555580de4c80_0;
    %assign/vec4 v0x555580de4d40_0, 0;
    %jmp T_78;
    .thread T_78, $push;
    .scope S_0x555580d1d4f0;
T_79 ;
    %wait E_0x555580de3950;
    %load/vec4 v0x555580de4d40_0;
    %pushi/vec4 0, 0, 1;
    %xor;
    %flag_set/vec4 8;
    %jmp/1 T_79.2, 8;
    %pushi/vec4 0, 0, 1;
    %flag_set/vec4 9;
    %flag_or 8, 9;
T_79.2;
    %jmp/0 T_79.0, 8;
    %load/vec4 v0x555580de49f0_0;
    %jmp/1 T_79.1, 8;
T_79.0 ; End of true expr.
    %load/vec4 v0x555580de4ab0_0;
    %jmp/0 T_79.1, 8;
 ; End of false expr.
    %blend;
T_79.1;
    %store/vec4 v0x555580de4930_0, 0, 1;
    %jmp T_79;
    .thread T_79, $push;
    .scope S_0x555580d14250;
T_80 ;
    %wait E_0x555580de7810;
    %load/vec4 v0x555580de8ba0_0;
    %flag_set/vec4 8;
    %jmp/0xz  T_80.0, 8;
    %pushi/vec4 0, 0, 16;
    %assign/vec4 v0x555580dee810_0, 0;
    %pushi/vec4 0, 0, 16;
    %assign/vec4 v0x555580dee650_0, 0;
    %jmp T_80.1;
T_80.0 ;
    %load/vec4 v0x555580de83b0_0;
    %flag_set/vec4 8;
    %jmp/0xz  T_80.2, 8;
    %load/vec4 v0x555580de8470_0;
    %nor/r;
    %flag_set/vec4 8;
    %jmp/0xz  T_80.4, 8;
    %load/vec4 v0x555580de82d0_0;
    %assign/vec4 v0x555580dee810_0, 0;
T_80.4 ;
    %load/vec4 v0x555580de7c60_0;
    %nor/r;
    %flag_set/vec4 8;
    %jmp/0xz  T_80.6, 8;
    %load/vec4 v0x555580de78a0_0;
    %assign/vec4 v0x555580dee650_0, 0;
T_80.6 ;
T_80.2 ;
T_80.1 ;
    %jmp T_80;
    .thread T_80;
    .scope S_0x555580d14250;
T_81 ;
    %wait E_0x555580de77b0;
    %load/vec4 v0x555580de8ae0_0;
    %flag_set/vec4 8;
    %jmp/0xz  T_81.0, 8;
    %pushi/vec4 0, 0, 16;
    %assign/vec4 v0x555580dee730_0, 0;
    %pushi/vec4 0, 0, 16;
    %assign/vec4 v0x555580dee8f0_0, 0;
    %jmp T_81.1;
T_81.0 ;
    %load/vec4 v0x555580de83b0_0;
    %flag_set/vec4 8;
    %jmp/0xz  T_81.2, 8;
    %load/vec4 v0x555580de8050_0;
    %nor/r;
    %flag_set/vec4 8;
    %jmp/0xz  T_81.4, 8;
    %load/vec4 v0x555580de7ee0_0;
    %assign/vec4 v0x555580dee730_0, 0;
T_81.4 ;
    %load/vec4 v0x555580de8960_0;
    %nor/r;
    %flag_set/vec4 8;
    %jmp/0xz  T_81.6, 8;
    %load/vec4 v0x555580de8880_0;
    %assign/vec4 v0x555580dee8f0_0, 0;
T_81.6 ;
T_81.2 ;
T_81.1 ;
    %jmp T_81;
    .thread T_81;
    .scope S_0x555580d14250;
T_82 ;
    %wait E_0x555580de7810;
    %load/vec4 v0x555580de8ba0_0;
    %flag_set/vec4 8;
    %jmp/0xz  T_82.0, 8;
    %pushi/vec4 0, 0, 16;
    %assign/vec4 v0x555580def1e0_0, 0;
    %pushi/vec4 0, 0, 16;
    %assign/vec4 v0x555580def480_0, 0;
    %jmp T_82.1;
T_82.0 ;
    %load/vec4 v0x555580de83b0_0;
    %flag_set/vec4 8;
    %jmp/0xz  T_82.2, 8;
    %load/vec4 v0x555580dee2d0_0;
    %assign/vec4 v0x555580def1e0_0, 0;
    %load/vec4 v0x555580dee490_0;
    %assign/vec4 v0x555580def480_0, 0;
T_82.2 ;
T_82.1 ;
    %jmp T_82;
    .thread T_82;
    .scope S_0x555580d14250;
T_83 ;
    %wait E_0x555580de77b0;
    %load/vec4 v0x555580de8ae0_0;
    %flag_set/vec4 8;
    %jmp/0xz  T_83.0, 8;
    %pushi/vec4 0, 0, 16;
    %assign/vec4 v0x555580def560_0, 0;
    %pushi/vec4 0, 0, 16;
    %assign/vec4 v0x555580def2c0_0, 0;
    %jmp T_83.1;
T_83.0 ;
    %load/vec4 v0x555580de83b0_0;
    %flag_set/vec4 8;
    %jmp/0xz  T_83.2, 8;
    %load/vec4 v0x555580dee3b0_0;
    %assign/vec4 v0x555580def560_0, 0;
    %load/vec4 v0x555580dee570_0;
    %assign/vec4 v0x555580def2c0_0, 0;
T_83.2 ;
T_83.1 ;
    %jmp T_83;
    .thread T_83;
    .scope S_0x555580d14250;
T_84 ;
    %wait E_0x555580de77b0;
    %load/vec4 v0x555580de8ae0_0;
    %flag_set/vec4 8;
    %jmp/0xz  T_84.0, 8;
    %pushi/vec4 0, 0, 32;
    %assign/vec4 v0x555580def3a0_0, 0;
    %jmp T_84.1;
T_84.0 ;
    %load/vec4 v0x555580de83b0_0;
    %flag_set/vec4 8;
    %jmp/0xz  T_84.2, 8;
    %load/vec4 v0x555580dedaf0_0;
    %assign/vec4 v0x555580def3a0_0, 0;
T_84.2 ;
T_84.1 ;
    %jmp T_84;
    .thread T_84;
    .scope S_0x555580d14250;
T_85 ;
    %wait E_0x555580de7750;
    %load/vec4 v0x555580de9280_0;
    %flag_set/vec4 8;
    %jmp/0xz  T_85.0, 8;
    %pushi/vec4 0, 0, 16;
    %assign/vec4 v0x555580def640_0, 0;
    %jmp T_85.1;
T_85.0 ;
    %load/vec4 v0x555580de83b0_0;
    %flag_set/vec4 8;
    %jmp/0xz  T_85.2, 8;
    %load/vec4 v0x555580de8f80_0;
    %nor/r;
    %flag_set/vec4 8;
    %jmp/0xz  T_85.4, 8;
    %load/vec4 v0x555580dedbd0_0;
    %assign/vec4 v0x555580def640_0, 0;
T_85.4 ;
T_85.2 ;
T_85.1 ;
    %jmp T_85;
    .thread T_85;
    .scope S_0x555580d14250;
T_86 ;
    %wait E_0x555580de76d0;
    %load/vec4 v0x555580de91c0_0;
    %flag_set/vec4 8;
    %jmp/0xz  T_86.0, 8;
    %pushi/vec4 0, 0, 16;
    %assign/vec4 v0x555580def720_0, 0;
    %jmp T_86.1;
T_86.0 ;
    %load/vec4 v0x555580de83b0_0;
    %flag_set/vec4 8;
    %jmp/0xz  T_86.2, 8;
    %load/vec4 v0x555580de8ec0_0;
    %nor/r;
    %flag_set/vec4 8;
    %jmp/0xz  T_86.4, 8;
    %load/vec4 v0x555580dedd90_0;
    %assign/vec4 v0x555580def720_0, 0;
T_86.4 ;
T_86.2 ;
T_86.1 ;
    %jmp T_86;
    .thread T_86;
    .scope S_0x555580df39c0;
T_87 ;
    %pushi/vec4 0, 0, 32;
    %store/vec4 v0x555580df6c70_0, 0, 32;
T_87.0 ; Top of for-loop
    %load/vec4 v0x555580df6c70_0;
    %cmpi/s 16, 0, 32;
	  %jmp/0xz T_87.1, 5;
    %pushi/vec4 0, 0, 256;
    %load/vec4 v0x555580df6c70_0;
    %muli 16, 0, 32;
    %part/s 16;
    %pushi/vec4 0, 0, 32;
    %load/vec4 v0x555580df6c70_0;
    %add;
    %ix/vec4/s 4;
    %store/vec4a v0x555580df6d50, 4, 0;
    %pushi/vec4 0, 0, 256;
    %load/vec4 v0x555580df6c70_0;
    %muli 16, 0, 32;
    %part/s 16;
    %pushi/vec4 16, 0, 32;
    %load/vec4 v0x555580df6c70_0;
    %add;
    %ix/vec4/s 4;
    %store/vec4a v0x555580df6d50, 4, 0;
    %pushi/vec4 0, 0, 256;
    %load/vec4 v0x555580df6c70_0;
    %muli 16, 0, 32;
    %part/s 16;
    %pushi/vec4 32, 0, 32;
    %load/vec4 v0x555580df6c70_0;
    %add;
    %ix/vec4/s 4;
    %store/vec4a v0x555580df6d50, 4, 0;
    %pushi/vec4 0, 0, 256;
    %load/vec4 v0x555580df6c70_0;
    %muli 16, 0, 32;
    %part/s 16;
    %pushi/vec4 48, 0, 32;
    %load/vec4 v0x555580df6c70_0;
    %add;
    %ix/vec4/s 4;
    %store/vec4a v0x555580df6d50, 4, 0;
    %pushi/vec4 0, 0, 256;
    %load/vec4 v0x555580df6c70_0;
    %muli 16, 0, 32;
    %part/s 16;
    %pushi/vec4 64, 0, 32;
    %load/vec4 v0x555580df6c70_0;
    %add;
    %ix/vec4/s 4;
    %store/vec4a v0x555580df6d50, 4, 0;
    %pushi/vec4 0, 0, 256;
    %load/vec4 v0x555580df6c70_0;
    %muli 16, 0, 32;
    %part/s 16;
    %pushi/vec4 80, 0, 32;
    %load/vec4 v0x555580df6c70_0;
    %add;
    %ix/vec4/s 4;
    %store/vec4a v0x555580df6d50, 4, 0;
    %pushi/vec4 0, 0, 256;
    %load/vec4 v0x555580df6c70_0;
    %muli 16, 0, 32;
    %part/s 16;
    %pushi/vec4 96, 0, 32;
    %load/vec4 v0x555580df6c70_0;
    %add;
    %ix/vec4/s 4;
    %store/vec4a v0x555580df6d50, 4, 0;
    %pushi/vec4 0, 0, 256;
    %load/vec4 v0x555580df6c70_0;
    %muli 16, 0, 32;
    %part/s 16;
    %pushi/vec4 112, 0, 32;
    %load/vec4 v0x555580df6c70_0;
    %add;
    %ix/vec4/s 4;
    %store/vec4a v0x555580df6d50, 4, 0;
    %pushi/vec4 0, 0, 256;
    %load/vec4 v0x555580df6c70_0;
    %muli 16, 0, 32;
    %part/s 16;
    %pushi/vec4 128, 0, 32;
    %load/vec4 v0x555580df6c70_0;
    %add;
    %ix/vec4/s 4;
    %store/vec4a v0x555580df6d50, 4, 0;
    %pushi/vec4 0, 0, 256;
    %load/vec4 v0x555580df6c70_0;
    %muli 16, 0, 32;
    %part/s 16;
    %pushi/vec4 144, 0, 32;
    %load/vec4 v0x555580df6c70_0;
    %add;
    %ix/vec4/s 4;
    %store/vec4a v0x555580df6d50, 4, 0;
    %pushi/vec4 0, 0, 256;
    %load/vec4 v0x555580df6c70_0;
    %muli 16, 0, 32;
    %part/s 16;
    %pushi/vec4 160, 0, 32;
    %load/vec4 v0x555580df6c70_0;
    %add;
    %ix/vec4/s 4;
    %store/vec4a v0x555580df6d50, 4, 0;
    %pushi/vec4 0, 0, 256;
    %load/vec4 v0x555580df6c70_0;
    %muli 16, 0, 32;
    %part/s 16;
    %pushi/vec4 176, 0, 32;
    %load/vec4 v0x555580df6c70_0;
    %add;
    %ix/vec4/s 4;
    %store/vec4a v0x555580df6d50, 4, 0;
    %pushi/vec4 0, 0, 256;
    %load/vec4 v0x555580df6c70_0;
    %muli 16, 0, 32;
    %part/s 16;
    %pushi/vec4 192, 0, 32;
    %load/vec4 v0x555580df6c70_0;
    %add;
    %ix/vec4/s 4;
    %store/vec4a v0x555580df6d50, 4, 0;
    %pushi/vec4 0, 0, 256;
    %load/vec4 v0x555580df6c70_0;
    %muli 16, 0, 32;
    %part/s 16;
    %pushi/vec4 208, 0, 32;
    %load/vec4 v0x555580df6c70_0;
    %add;
    %ix/vec4/s 4;
    %store/vec4a v0x555580df6d50, 4, 0;
    %pushi/vec4 0, 0, 256;
    %load/vec4 v0x555580df6c70_0;
    %muli 16, 0, 32;
    %part/s 16;
    %pushi/vec4 224, 0, 32;
    %load/vec4 v0x555580df6c70_0;
    %add;
    %ix/vec4/s 4;
    %store/vec4a v0x555580df6d50, 4, 0;
    %pushi/vec4 0, 0, 256;
    %load/vec4 v0x555580df6c70_0;
    %muli 16, 0, 32;
    %part/s 16;
    %pushi/vec4 240, 0, 32;
    %load/vec4 v0x555580df6c70_0;
    %add;
    %ix/vec4/s 4;
    %store/vec4a v0x555580df6d50, 4, 0;
T_87.2 ; for-loop step statement
    %load/vec4 v0x555580df6c70_0;
    %addi 1, 0, 32;
    %store/vec4 v0x555580df6c70_0, 0, 32;
    %jmp T_87.0;
T_87.1 ; for-loop exit label
    %end;
    .thread T_87;
    .scope S_0x555580df39c0;
T_88 ;
    %wait E_0x555580df5780;
    %load/vec4 v0x555580df6ad0_0;
    %flag_set/vec4 9;
    %flag_get/vec4 9;
    %jmp/0 T_88.2, 9;
    %load/vec4 v0x555580df6850_0;
    %and;
T_88.2;
    %flag_set/vec4 8;
    %jmp/0xz  T_88.0, 8;
    %load/vec4 v0x555580df6b90_0;
    %parti/s 1, 0, 2;
    %nor/r;
    %flag_set/vec4 8;
    %jmp/0xz  T_88.3, 8;
    %load/vec4 v0x555580df69f0_0;
    %parti/s 1, 0, 2;
    %load/vec4 v0x555580df66b0_0;
    %parti/s 8, 0, 2;
    %pad/u 10;
    %ix/vec4 3;
    %ix/load 4, 0, 0; Constant delay
    %assign/vec4/a/d v0x555580df6d50, 0, 4;
T_88.3 ;
    %load/vec4 v0x555580df6b90_0;
    %parti/s 1, 1, 2;
    %nor/r;
    %flag_set/vec4 8;
    %jmp/0xz  T_88.5, 8;
    %load/vec4 v0x555580df69f0_0;
    %parti/s 1, 1, 2;
    %load/vec4 v0x555580df66b0_0;
    %parti/s 8, 0, 2;
    %pad/u 10;
    %ix/vec4 3;
    %ix/load 4, 1, 0; part off
    %ix/load 5, 0, 0; Constant delay
    %assign/vec4/a/d v0x555580df6d50, 4, 5;
T_88.5 ;
    %load/vec4 v0x555580df6b90_0;
    %parti/s 1, 2, 3;
    %nor/r;
    %flag_set/vec4 8;
    %jmp/0xz  T_88.7, 8;
    %load/vec4 v0x555580df69f0_0;
    %parti/s 1, 2, 3;
    %load/vec4 v0x555580df66b0_0;
    %parti/s 8, 0, 2;
    %pad/u 10;
    %ix/vec4 3;
    %ix/load 4, 2, 0; part off
    %ix/load 5, 0, 0; Constant delay
    %assign/vec4/a/d v0x555580df6d50, 4, 5;
T_88.7 ;
    %load/vec4 v0x555580df6b90_0;
    %parti/s 1, 3, 3;
    %nor/r;
    %flag_set/vec4 8;
    %jmp/0xz  T_88.9, 8;
    %load/vec4 v0x555580df69f0_0;
    %parti/s 1, 3, 3;
    %load/vec4 v0x555580df66b0_0;
    %parti/s 8, 0, 2;
    %pad/u 10;
    %ix/vec4 3;
    %ix/load 4, 3, 0; part off
    %ix/load 5, 0, 0; Constant delay
    %assign/vec4/a/d v0x555580df6d50, 4, 5;
T_88.9 ;
    %load/vec4 v0x555580df6b90_0;
    %parti/s 1, 4, 4;
    %nor/r;
    %flag_set/vec4 8;
    %jmp/0xz  T_88.11, 8;
    %load/vec4 v0x555580df69f0_0;
    %parti/s 1, 4, 4;
    %load/vec4 v0x555580df66b0_0;
    %parti/s 8, 0, 2;
    %pad/u 10;
    %ix/vec4 3;
    %ix/load 4, 4, 0; part off
    %ix/load 5, 0, 0; Constant delay
    %assign/vec4/a/d v0x555580df6d50, 4, 5;
T_88.11 ;
    %load/vec4 v0x555580df6b90_0;
    %parti/s 1, 5, 4;
    %nor/r;
    %flag_set/vec4 8;
    %jmp/0xz  T_88.13, 8;
    %load/vec4 v0x555580df69f0_0;
    %parti/s 1, 5, 4;
    %load/vec4 v0x555580df66b0_0;
    %parti/s 8, 0, 2;
    %pad/u 10;
    %ix/vec4 3;
    %ix/load 4, 5, 0; part off
    %ix/load 5, 0, 0; Constant delay
    %assign/vec4/a/d v0x555580df6d50, 4, 5;
T_88.13 ;
    %load/vec4 v0x555580df6b90_0;
    %parti/s 1, 6, 4;
    %nor/r;
    %flag_set/vec4 8;
    %jmp/0xz  T_88.15, 8;
    %load/vec4 v0x555580df69f0_0;
    %parti/s 1, 6, 4;
    %load/vec4 v0x555580df66b0_0;
    %parti/s 8, 0, 2;
    %pad/u 10;
    %ix/vec4 3;
    %ix/load 4, 6, 0; part off
    %ix/load 5, 0, 0; Constant delay
    %assign/vec4/a/d v0x555580df6d50, 4, 5;
T_88.15 ;
    %load/vec4 v0x555580df6b90_0;
    %parti/s 1, 7, 4;
    %nor/r;
    %flag_set/vec4 8;
    %jmp/0xz  T_88.17, 8;
    %load/vec4 v0x555580df69f0_0;
    %parti/s 1, 7, 4;
    %load/vec4 v0x555580df66b0_0;
    %parti/s 8, 0, 2;
    %pad/u 10;
    %ix/vec4 3;
    %ix/load 4, 7, 0; part off
    %ix/load 5, 0, 0; Constant delay
    %assign/vec4/a/d v0x555580df6d50, 4, 5;
T_88.17 ;
    %load/vec4 v0x555580df6b90_0;
    %parti/s 1, 8, 5;
    %nor/r;
    %flag_set/vec4 8;
    %jmp/0xz  T_88.19, 8;
    %load/vec4 v0x555580df69f0_0;
    %parti/s 1, 8, 5;
    %load/vec4 v0x555580df66b0_0;
    %parti/s 8, 0, 2;
    %pad/u 10;
    %ix/vec4 3;
    %ix/load 4, 8, 0; part off
    %ix/load 5, 0, 0; Constant delay
    %assign/vec4/a/d v0x555580df6d50, 4, 5;
T_88.19 ;
    %load/vec4 v0x555580df6b90_0;
    %parti/s 1, 9, 5;
    %nor/r;
    %flag_set/vec4 8;
    %jmp/0xz  T_88.21, 8;
    %load/vec4 v0x555580df69f0_0;
    %parti/s 1, 9, 5;
    %load/vec4 v0x555580df66b0_0;
    %parti/s 8, 0, 2;
    %pad/u 10;
    %ix/vec4 3;
    %ix/load 4, 9, 0; part off
    %ix/load 5, 0, 0; Constant delay
    %assign/vec4/a/d v0x555580df6d50, 4, 5;
T_88.21 ;
    %load/vec4 v0x555580df6b90_0;
    %parti/s 1, 10, 5;
    %nor/r;
    %flag_set/vec4 8;
    %jmp/0xz  T_88.23, 8;
    %load/vec4 v0x555580df69f0_0;
    %parti/s 1, 10, 5;
    %load/vec4 v0x555580df66b0_0;
    %parti/s 8, 0, 2;
    %pad/u 10;
    %ix/vec4 3;
    %ix/load 4, 10, 0; part off
    %ix/load 5, 0, 0; Constant delay
    %assign/vec4/a/d v0x555580df6d50, 4, 5;
T_88.23 ;
    %load/vec4 v0x555580df6b90_0;
    %parti/s 1, 11, 5;
    %nor/r;
    %flag_set/vec4 8;
    %jmp/0xz  T_88.25, 8;
    %load/vec4 v0x555580df69f0_0;
    %parti/s 1, 11, 5;
    %load/vec4 v0x555580df66b0_0;
    %parti/s 8, 0, 2;
    %pad/u 10;
    %ix/vec4 3;
    %ix/load 4, 11, 0; part off
    %ix/load 5, 0, 0; Constant delay
    %assign/vec4/a/d v0x555580df6d50, 4, 5;
T_88.25 ;
    %load/vec4 v0x555580df6b90_0;
    %parti/s 1, 12, 5;
    %nor/r;
    %flag_set/vec4 8;
    %jmp/0xz  T_88.27, 8;
    %load/vec4 v0x555580df69f0_0;
    %parti/s 1, 12, 5;
    %load/vec4 v0x555580df66b0_0;
    %parti/s 8, 0, 2;
    %pad/u 10;
    %ix/vec4 3;
    %ix/load 4, 12, 0; part off
    %ix/load 5, 0, 0; Constant delay
    %assign/vec4/a/d v0x555580df6d50, 4, 5;
T_88.27 ;
    %load/vec4 v0x555580df6b90_0;
    %parti/s 1, 13, 5;
    %nor/r;
    %flag_set/vec4 8;
    %jmp/0xz  T_88.29, 8;
    %load/vec4 v0x555580df69f0_0;
    %parti/s 1, 13, 5;
    %load/vec4 v0x555580df66b0_0;
    %parti/s 8, 0, 2;
    %pad/u 10;
    %ix/vec4 3;
    %ix/load 4, 13, 0; part off
    %ix/load 5, 0, 0; Constant delay
    %assign/vec4/a/d v0x555580df6d50, 4, 5;
T_88.29 ;
    %load/vec4 v0x555580df6b90_0;
    %parti/s 1, 14, 5;
    %nor/r;
    %flag_set/vec4 8;
    %jmp/0xz  T_88.31, 8;
    %load/vec4 v0x555580df69f0_0;
    %parti/s 1, 14, 5;
    %load/vec4 v0x555580df66b0_0;
    %parti/s 8, 0, 2;
    %pad/u 10;
    %ix/vec4 3;
    %ix/load 4, 14, 0; part off
    %ix/load 5, 0, 0; Constant delay
    %assign/vec4/a/d v0x555580df6d50, 4, 5;
T_88.31 ;
    %load/vec4 v0x555580df6b90_0;
    %parti/s 1, 15, 5;
    %nor/r;
    %flag_set/vec4 8;
    %jmp/0xz  T_88.33, 8;
    %load/vec4 v0x555580df69f0_0;
    %parti/s 1, 15, 5;
    %load/vec4 v0x555580df66b0_0;
    %parti/s 8, 0, 2;
    %pad/u 10;
    %ix/vec4 3;
    %ix/load 4, 15, 0; part off
    %ix/load 5, 0, 0; Constant delay
    %assign/vec4/a/d v0x555580df6d50, 4, 5;
T_88.33 ;
T_88.0 ;
    %jmp T_88;
    .thread T_88;
    .scope S_0x555580df39c0;
T_89 ;
    %wait E_0x555580df5700;
    %load/vec4 v0x555580df6510_0;
    %flag_set/vec4 9;
    %flag_get/vec4 9;
    %jmp/0 T_89.2, 9;
    %load/vec4 v0x555580df6240_0;
    %and;
T_89.2;
    %flag_set/vec4 8;
    %jmp/0xz  T_89.0, 8;
    %load/vec4 v0x555580df6090_0;
    %parti/s 8, 0, 2;
    %pad/u 10;
    %ix/vec4 4;
    %load/vec4a v0x555580df6d50, 4;
    %load/vec4 v0x555580df65d0_0;
    %inv;
    %and;
    %assign/vec4 v0x555580df6430_0, 0;
T_89.0 ;
    %jmp T_89;
    .thread T_89;
    .scope S_0x555580df7a50;
T_90 ;
    %pushi/vec4 0, 0, 32;
    %store/vec4 v0x555580dfafb0_0, 0, 32;
T_90.0 ; Top of for-loop
    %load/vec4 v0x555580dfafb0_0;
    %cmpi/s 16, 0, 32;
	  %jmp/0xz T_90.1, 5;
    %pushi/vec4 0, 0, 256;
    %load/vec4 v0x555580dfafb0_0;
    %muli 16, 0, 32;
    %part/s 16;
    %pushi/vec4 0, 0, 32;
    %load/vec4 v0x555580dfafb0_0;
    %add;
    %ix/vec4/s 4;
    %store/vec4a v0x555580dfb090, 4, 0;
    %pushi/vec4 0, 0, 256;
    %load/vec4 v0x555580dfafb0_0;
    %muli 16, 0, 32;
    %part/s 16;
    %pushi/vec4 16, 0, 32;
    %load/vec4 v0x555580dfafb0_0;
    %add;
    %ix/vec4/s 4;
    %store/vec4a v0x555580dfb090, 4, 0;
    %pushi/vec4 0, 0, 256;
    %load/vec4 v0x555580dfafb0_0;
    %muli 16, 0, 32;
    %part/s 16;
    %pushi/vec4 32, 0, 32;
    %load/vec4 v0x555580dfafb0_0;
    %add;
    %ix/vec4/s 4;
    %store/vec4a v0x555580dfb090, 4, 0;
    %pushi/vec4 0, 0, 256;
    %load/vec4 v0x555580dfafb0_0;
    %muli 16, 0, 32;
    %part/s 16;
    %pushi/vec4 48, 0, 32;
    %load/vec4 v0x555580dfafb0_0;
    %add;
    %ix/vec4/s 4;
    %store/vec4a v0x555580dfb090, 4, 0;
    %pushi/vec4 0, 0, 256;
    %load/vec4 v0x555580dfafb0_0;
    %muli 16, 0, 32;
    %part/s 16;
    %pushi/vec4 64, 0, 32;
    %load/vec4 v0x555580dfafb0_0;
    %add;
    %ix/vec4/s 4;
    %store/vec4a v0x555580dfb090, 4, 0;
    %pushi/vec4 0, 0, 256;
    %load/vec4 v0x555580dfafb0_0;
    %muli 16, 0, 32;
    %part/s 16;
    %pushi/vec4 80, 0, 32;
    %load/vec4 v0x555580dfafb0_0;
    %add;
    %ix/vec4/s 4;
    %store/vec4a v0x555580dfb090, 4, 0;
    %pushi/vec4 0, 0, 256;
    %load/vec4 v0x555580dfafb0_0;
    %muli 16, 0, 32;
    %part/s 16;
    %pushi/vec4 96, 0, 32;
    %load/vec4 v0x555580dfafb0_0;
    %add;
    %ix/vec4/s 4;
    %store/vec4a v0x555580dfb090, 4, 0;
    %pushi/vec4 0, 0, 256;
    %load/vec4 v0x555580dfafb0_0;
    %muli 16, 0, 32;
    %part/s 16;
    %pushi/vec4 112, 0, 32;
    %load/vec4 v0x555580dfafb0_0;
    %add;
    %ix/vec4/s 4;
    %store/vec4a v0x555580dfb090, 4, 0;
    %pushi/vec4 0, 0, 256;
    %load/vec4 v0x555580dfafb0_0;
    %muli 16, 0, 32;
    %part/s 16;
    %pushi/vec4 128, 0, 32;
    %load/vec4 v0x555580dfafb0_0;
    %add;
    %ix/vec4/s 4;
    %store/vec4a v0x555580dfb090, 4, 0;
    %pushi/vec4 0, 0, 256;
    %load/vec4 v0x555580dfafb0_0;
    %muli 16, 0, 32;
    %part/s 16;
    %pushi/vec4 144, 0, 32;
    %load/vec4 v0x555580dfafb0_0;
    %add;
    %ix/vec4/s 4;
    %store/vec4a v0x555580dfb090, 4, 0;
    %pushi/vec4 0, 0, 256;
    %load/vec4 v0x555580dfafb0_0;
    %muli 16, 0, 32;
    %part/s 16;
    %pushi/vec4 160, 0, 32;
    %load/vec4 v0x555580dfafb0_0;
    %add;
    %ix/vec4/s 4;
    %store/vec4a v0x555580dfb090, 4, 0;
    %pushi/vec4 0, 0, 256;
    %load/vec4 v0x555580dfafb0_0;
    %muli 16, 0, 32;
    %part/s 16;
    %pushi/vec4 176, 0, 32;
    %load/vec4 v0x555580dfafb0_0;
    %add;
    %ix/vec4/s 4;
    %store/vec4a v0x555580dfb090, 4, 0;
    %pushi/vec4 0, 0, 256;
    %load/vec4 v0x555580dfafb0_0;
    %muli 16, 0, 32;
    %part/s 16;
    %pushi/vec4 192, 0, 32;
    %load/vec4 v0x555580dfafb0_0;
    %add;
    %ix/vec4/s 4;
    %store/vec4a v0x555580dfb090, 4, 0;
    %pushi/vec4 0, 0, 256;
    %load/vec4 v0x555580dfafb0_0;
    %muli 16, 0, 32;
    %part/s 16;
    %pushi/vec4 208, 0, 32;
    %load/vec4 v0x555580dfafb0_0;
    %add;
    %ix/vec4/s 4;
    %store/vec4a v0x555580dfb090, 4, 0;
    %pushi/vec4 0, 0, 256;
    %load/vec4 v0x555580dfafb0_0;
    %muli 16, 0, 32;
    %part/s 16;
    %pushi/vec4 224, 0, 32;
    %load/vec4 v0x555580dfafb0_0;
    %add;
    %ix/vec4/s 4;
    %store/vec4a v0x555580dfb090, 4, 0;
    %pushi/vec4 0, 0, 256;
    %load/vec4 v0x555580dfafb0_0;
    %muli 16, 0, 32;
    %part/s 16;
    %pushi/vec4 240, 0, 32;
    %load/vec4 v0x555580dfafb0_0;
    %add;
    %ix/vec4/s 4;
    %store/vec4a v0x555580dfb090, 4, 0;
T_90.2 ; for-loop step statement
    %load/vec4 v0x555580dfafb0_0;
    %addi 1, 0, 32;
    %store/vec4 v0x555580dfafb0_0, 0, 32;
    %jmp T_90.0;
T_90.1 ; for-loop exit label
    %end;
    .thread T_90;
    .scope S_0x555580df7a50;
T_91 ;
    %wait E_0x555580df9ac0;
    %load/vec4 v0x555580dfae10_0;
    %flag_set/vec4 9;
    %flag_get/vec4 9;
    %jmp/0 T_91.2, 9;
    %load/vec4 v0x555580dfab90_0;
    %and;
T_91.2;
    %flag_set/vec4 8;
    %jmp/0xz  T_91.0, 8;
    %load/vec4 v0x555580dfaed0_0;
    %parti/s 1, 0, 2;
    %nor/r;
    %flag_set/vec4 8;
    %jmp/0xz  T_91.3, 8;
    %load/vec4 v0x555580dfad30_0;
    %parti/s 1, 0, 2;
    %load/vec4 v0x555580dfa9f0_0;
    %parti/s 8, 0, 2;
    %pad/u 10;
    %ix/vec4 3;
    %ix/load 4, 0, 0; Constant delay
    %assign/vec4/a/d v0x555580dfb090, 0, 4;
T_91.3 ;
    %load/vec4 v0x555580dfaed0_0;
    %parti/s 1, 1, 2;
    %nor/r;
    %flag_set/vec4 8;
    %jmp/0xz  T_91.5, 8;
    %load/vec4 v0x555580dfad30_0;
    %parti/s 1, 1, 2;
    %load/vec4 v0x555580dfa9f0_0;
    %parti/s 8, 0, 2;
    %pad/u 10;
    %ix/vec4 3;
    %ix/load 4, 1, 0; part off
    %ix/load 5, 0, 0; Constant delay
    %assign/vec4/a/d v0x555580dfb090, 4, 5;
T_91.5 ;
    %load/vec4 v0x555580dfaed0_0;
    %parti/s 1, 2, 3;
    %nor/r;
    %flag_set/vec4 8;
    %jmp/0xz  T_91.7, 8;
    %load/vec4 v0x555580dfad30_0;
    %parti/s 1, 2, 3;
    %load/vec4 v0x555580dfa9f0_0;
    %parti/s 8, 0, 2;
    %pad/u 10;
    %ix/vec4 3;
    %ix/load 4, 2, 0; part off
    %ix/load 5, 0, 0; Constant delay
    %assign/vec4/a/d v0x555580dfb090, 4, 5;
T_91.7 ;
    %load/vec4 v0x555580dfaed0_0;
    %parti/s 1, 3, 3;
    %nor/r;
    %flag_set/vec4 8;
    %jmp/0xz  T_91.9, 8;
    %load/vec4 v0x555580dfad30_0;
    %parti/s 1, 3, 3;
    %load/vec4 v0x555580dfa9f0_0;
    %parti/s 8, 0, 2;
    %pad/u 10;
    %ix/vec4 3;
    %ix/load 4, 3, 0; part off
    %ix/load 5, 0, 0; Constant delay
    %assign/vec4/a/d v0x555580dfb090, 4, 5;
T_91.9 ;
    %load/vec4 v0x555580dfaed0_0;
    %parti/s 1, 4, 4;
    %nor/r;
    %flag_set/vec4 8;
    %jmp/0xz  T_91.11, 8;
    %load/vec4 v0x555580dfad30_0;
    %parti/s 1, 4, 4;
    %load/vec4 v0x555580dfa9f0_0;
    %parti/s 8, 0, 2;
    %pad/u 10;
    %ix/vec4 3;
    %ix/load 4, 4, 0; part off
    %ix/load 5, 0, 0; Constant delay
    %assign/vec4/a/d v0x555580dfb090, 4, 5;
T_91.11 ;
    %load/vec4 v0x555580dfaed0_0;
    %parti/s 1, 5, 4;
    %nor/r;
    %flag_set/vec4 8;
    %jmp/0xz  T_91.13, 8;
    %load/vec4 v0x555580dfad30_0;
    %parti/s 1, 5, 4;
    %load/vec4 v0x555580dfa9f0_0;
    %parti/s 8, 0, 2;
    %pad/u 10;
    %ix/vec4 3;
    %ix/load 4, 5, 0; part off
    %ix/load 5, 0, 0; Constant delay
    %assign/vec4/a/d v0x555580dfb090, 4, 5;
T_91.13 ;
    %load/vec4 v0x555580dfaed0_0;
    %parti/s 1, 6, 4;
    %nor/r;
    %flag_set/vec4 8;
    %jmp/0xz  T_91.15, 8;
    %load/vec4 v0x555580dfad30_0;
    %parti/s 1, 6, 4;
    %load/vec4 v0x555580dfa9f0_0;
    %parti/s 8, 0, 2;
    %pad/u 10;
    %ix/vec4 3;
    %ix/load 4, 6, 0; part off
    %ix/load 5, 0, 0; Constant delay
    %assign/vec4/a/d v0x555580dfb090, 4, 5;
T_91.15 ;
    %load/vec4 v0x555580dfaed0_0;
    %parti/s 1, 7, 4;
    %nor/r;
    %flag_set/vec4 8;
    %jmp/0xz  T_91.17, 8;
    %load/vec4 v0x555580dfad30_0;
    %parti/s 1, 7, 4;
    %load/vec4 v0x555580dfa9f0_0;
    %parti/s 8, 0, 2;
    %pad/u 10;
    %ix/vec4 3;
    %ix/load 4, 7, 0; part off
    %ix/load 5, 0, 0; Constant delay
    %assign/vec4/a/d v0x555580dfb090, 4, 5;
T_91.17 ;
    %load/vec4 v0x555580dfaed0_0;
    %parti/s 1, 8, 5;
    %nor/r;
    %flag_set/vec4 8;
    %jmp/0xz  T_91.19, 8;
    %load/vec4 v0x555580dfad30_0;
    %parti/s 1, 8, 5;
    %load/vec4 v0x555580dfa9f0_0;
    %parti/s 8, 0, 2;
    %pad/u 10;
    %ix/vec4 3;
    %ix/load 4, 8, 0; part off
    %ix/load 5, 0, 0; Constant delay
    %assign/vec4/a/d v0x555580dfb090, 4, 5;
T_91.19 ;
    %load/vec4 v0x555580dfaed0_0;
    %parti/s 1, 9, 5;
    %nor/r;
    %flag_set/vec4 8;
    %jmp/0xz  T_91.21, 8;
    %load/vec4 v0x555580dfad30_0;
    %parti/s 1, 9, 5;
    %load/vec4 v0x555580dfa9f0_0;
    %parti/s 8, 0, 2;
    %pad/u 10;
    %ix/vec4 3;
    %ix/load 4, 9, 0; part off
    %ix/load 5, 0, 0; Constant delay
    %assign/vec4/a/d v0x555580dfb090, 4, 5;
T_91.21 ;
    %load/vec4 v0x555580dfaed0_0;
    %parti/s 1, 10, 5;
    %nor/r;
    %flag_set/vec4 8;
    %jmp/0xz  T_91.23, 8;
    %load/vec4 v0x555580dfad30_0;
    %parti/s 1, 10, 5;
    %load/vec4 v0x555580dfa9f0_0;
    %parti/s 8, 0, 2;
    %pad/u 10;
    %ix/vec4 3;
    %ix/load 4, 10, 0; part off
    %ix/load 5, 0, 0; Constant delay
    %assign/vec4/a/d v0x555580dfb090, 4, 5;
T_91.23 ;
    %load/vec4 v0x555580dfaed0_0;
    %parti/s 1, 11, 5;
    %nor/r;
    %flag_set/vec4 8;
    %jmp/0xz  T_91.25, 8;
    %load/vec4 v0x555580dfad30_0;
    %parti/s 1, 11, 5;
    %load/vec4 v0x555580dfa9f0_0;
    %parti/s 8, 0, 2;
    %pad/u 10;
    %ix/vec4 3;
    %ix/load 4, 11, 0; part off
    %ix/load 5, 0, 0; Constant delay
    %assign/vec4/a/d v0x555580dfb090, 4, 5;
T_91.25 ;
    %load/vec4 v0x555580dfaed0_0;
    %parti/s 1, 12, 5;
    %nor/r;
    %flag_set/vec4 8;
    %jmp/0xz  T_91.27, 8;
    %load/vec4 v0x555580dfad30_0;
    %parti/s 1, 12, 5;
    %load/vec4 v0x555580dfa9f0_0;
    %parti/s 8, 0, 2;
    %pad/u 10;
    %ix/vec4 3;
    %ix/load 4, 12, 0; part off
    %ix/load 5, 0, 0; Constant delay
    %assign/vec4/a/d v0x555580dfb090, 4, 5;
T_91.27 ;
    %load/vec4 v0x555580dfaed0_0;
    %parti/s 1, 13, 5;
    %nor/r;
    %flag_set/vec4 8;
    %jmp/0xz  T_91.29, 8;
    %load/vec4 v0x555580dfad30_0;
    %parti/s 1, 13, 5;
    %load/vec4 v0x555580dfa9f0_0;
    %parti/s 8, 0, 2;
    %pad/u 10;
    %ix/vec4 3;
    %ix/load 4, 13, 0; part off
    %ix/load 5, 0, 0; Constant delay
    %assign/vec4/a/d v0x555580dfb090, 4, 5;
T_91.29 ;
    %load/vec4 v0x555580dfaed0_0;
    %parti/s 1, 14, 5;
    %nor/r;
    %flag_set/vec4 8;
    %jmp/0xz  T_91.31, 8;
    %load/vec4 v0x555580dfad30_0;
    %parti/s 1, 14, 5;
    %load/vec4 v0x555580dfa9f0_0;
    %parti/s 8, 0, 2;
    %pad/u 10;
    %ix/vec4 3;
    %ix/load 4, 14, 0; part off
    %ix/load 5, 0, 0; Constant delay
    %assign/vec4/a/d v0x555580dfb090, 4, 5;
T_91.31 ;
    %load/vec4 v0x555580dfaed0_0;
    %parti/s 1, 15, 5;
    %nor/r;
    %flag_set/vec4 8;
    %jmp/0xz  T_91.33, 8;
    %load/vec4 v0x555580dfad30_0;
    %parti/s 1, 15, 5;
    %load/vec4 v0x555580dfa9f0_0;
    %parti/s 8, 0, 2;
    %pad/u 10;
    %ix/vec4 3;
    %ix/load 4, 15, 0; part off
    %ix/load 5, 0, 0; Constant delay
    %assign/vec4/a/d v0x555580dfb090, 4, 5;
T_91.33 ;
T_91.0 ;
    %jmp T_91;
    .thread T_91;
    .scope S_0x555580df7a50;
T_92 ;
    %wait E_0x555580df9a40;
    %load/vec4 v0x555580dfa850_0;
    %flag_set/vec4 9;
    %flag_get/vec4 9;
    %jmp/0 T_92.2, 9;
    %load/vec4 v0x555580dfa580_0;
    %and;
T_92.2;
    %flag_set/vec4 8;
    %jmp/0xz  T_92.0, 8;
    %load/vec4 v0x555580dfa3d0_0;
    %parti/s 8, 0, 2;
    %pad/u 10;
    %ix/vec4 4;
    %load/vec4a v0x555580dfb090, 4;
    %load/vec4 v0x555580dfa910_0;
    %inv;
    %and;
    %assign/vec4 v0x555580dfa770_0, 0;
T_92.0 ;
    %jmp T_92;
    .thread T_92;
    .scope S_0x555580dfbda0;
T_93 ;
    %pushi/vec4 0, 0, 32;
    %store/vec4 v0x555580dff300_0, 0, 32;
T_93.0 ; Top of for-loop
    %load/vec4 v0x555580dff300_0;
    %cmpi/s 16, 0, 32;
	  %jmp/0xz T_93.1, 5;
    %pushi/vec4 0, 0, 256;
    %load/vec4 v0x555580dff300_0;
    %muli 16, 0, 32;
    %part/s 16;
    %pushi/vec4 0, 0, 32;
    %load/vec4 v0x555580dff300_0;
    %add;
    %ix/vec4/s 4;
    %store/vec4a v0x555580dff3e0, 4, 0;
    %pushi/vec4 0, 0, 256;
    %load/vec4 v0x555580dff300_0;
    %muli 16, 0, 32;
    %part/s 16;
    %pushi/vec4 16, 0, 32;
    %load/vec4 v0x555580dff300_0;
    %add;
    %ix/vec4/s 4;
    %store/vec4a v0x555580dff3e0, 4, 0;
    %pushi/vec4 0, 0, 256;
    %load/vec4 v0x555580dff300_0;
    %muli 16, 0, 32;
    %part/s 16;
    %pushi/vec4 32, 0, 32;
    %load/vec4 v0x555580dff300_0;
    %add;
    %ix/vec4/s 4;
    %store/vec4a v0x555580dff3e0, 4, 0;
    %pushi/vec4 0, 0, 256;
    %load/vec4 v0x555580dff300_0;
    %muli 16, 0, 32;
    %part/s 16;
    %pushi/vec4 48, 0, 32;
    %load/vec4 v0x555580dff300_0;
    %add;
    %ix/vec4/s 4;
    %store/vec4a v0x555580dff3e0, 4, 0;
    %pushi/vec4 0, 0, 256;
    %load/vec4 v0x555580dff300_0;
    %muli 16, 0, 32;
    %part/s 16;
    %pushi/vec4 64, 0, 32;
    %load/vec4 v0x555580dff300_0;
    %add;
    %ix/vec4/s 4;
    %store/vec4a v0x555580dff3e0, 4, 0;
    %pushi/vec4 0, 0, 256;
    %load/vec4 v0x555580dff300_0;
    %muli 16, 0, 32;
    %part/s 16;
    %pushi/vec4 80, 0, 32;
    %load/vec4 v0x555580dff300_0;
    %add;
    %ix/vec4/s 4;
    %store/vec4a v0x555580dff3e0, 4, 0;
    %pushi/vec4 0, 0, 256;
    %load/vec4 v0x555580dff300_0;
    %muli 16, 0, 32;
    %part/s 16;
    %pushi/vec4 96, 0, 32;
    %load/vec4 v0x555580dff300_0;
    %add;
    %ix/vec4/s 4;
    %store/vec4a v0x555580dff3e0, 4, 0;
    %pushi/vec4 0, 0, 256;
    %load/vec4 v0x555580dff300_0;
    %muli 16, 0, 32;
    %part/s 16;
    %pushi/vec4 112, 0, 32;
    %load/vec4 v0x555580dff300_0;
    %add;
    %ix/vec4/s 4;
    %store/vec4a v0x555580dff3e0, 4, 0;
    %pushi/vec4 0, 0, 256;
    %load/vec4 v0x555580dff300_0;
    %muli 16, 0, 32;
    %part/s 16;
    %pushi/vec4 128, 0, 32;
    %load/vec4 v0x555580dff300_0;
    %add;
    %ix/vec4/s 4;
    %store/vec4a v0x555580dff3e0, 4, 0;
    %pushi/vec4 0, 0, 256;
    %load/vec4 v0x555580dff300_0;
    %muli 16, 0, 32;
    %part/s 16;
    %pushi/vec4 144, 0, 32;
    %load/vec4 v0x555580dff300_0;
    %add;
    %ix/vec4/s 4;
    %store/vec4a v0x555580dff3e0, 4, 0;
    %pushi/vec4 0, 0, 256;
    %load/vec4 v0x555580dff300_0;
    %muli 16, 0, 32;
    %part/s 16;
    %pushi/vec4 160, 0, 32;
    %load/vec4 v0x555580dff300_0;
    %add;
    %ix/vec4/s 4;
    %store/vec4a v0x555580dff3e0, 4, 0;
    %pushi/vec4 0, 0, 256;
    %load/vec4 v0x555580dff300_0;
    %muli 16, 0, 32;
    %part/s 16;
    %pushi/vec4 176, 0, 32;
    %load/vec4 v0x555580dff300_0;
    %add;
    %ix/vec4/s 4;
    %store/vec4a v0x555580dff3e0, 4, 0;
    %pushi/vec4 0, 0, 256;
    %load/vec4 v0x555580dff300_0;
    %muli 16, 0, 32;
    %part/s 16;
    %pushi/vec4 192, 0, 32;
    %load/vec4 v0x555580dff300_0;
    %add;
    %ix/vec4/s 4;
    %store/vec4a v0x555580dff3e0, 4, 0;
    %pushi/vec4 0, 0, 256;
    %load/vec4 v0x555580dff300_0;
    %muli 16, 0, 32;
    %part/s 16;
    %pushi/vec4 208, 0, 32;
    %load/vec4 v0x555580dff300_0;
    %add;
    %ix/vec4/s 4;
    %store/vec4a v0x555580dff3e0, 4, 0;
    %pushi/vec4 0, 0, 256;
    %load/vec4 v0x555580dff300_0;
    %muli 16, 0, 32;
    %part/s 16;
    %pushi/vec4 224, 0, 32;
    %load/vec4 v0x555580dff300_0;
    %add;
    %ix/vec4/s 4;
    %store/vec4a v0x555580dff3e0, 4, 0;
    %pushi/vec4 0, 0, 256;
    %load/vec4 v0x555580dff300_0;
    %muli 16, 0, 32;
    %part/s 16;
    %pushi/vec4 240, 0, 32;
    %load/vec4 v0x555580dff300_0;
    %add;
    %ix/vec4/s 4;
    %store/vec4a v0x555580dff3e0, 4, 0;
T_93.2 ; for-loop step statement
    %load/vec4 v0x555580dff300_0;
    %addi 1, 0, 32;
    %store/vec4 v0x555580dff300_0, 0, 32;
    %jmp T_93.0;
T_93.1 ; for-loop exit label
    %end;
    .thread T_93;
    .scope S_0x555580dfbda0;
T_94 ;
    %wait E_0x555580dfde10;
    %load/vec4 v0x555580dff160_0;
    %flag_set/vec4 9;
    %flag_get/vec4 9;
    %jmp/0 T_94.2, 9;
    %load/vec4 v0x555580dfeee0_0;
    %and;
T_94.2;
    %flag_set/vec4 8;
    %jmp/0xz  T_94.0, 8;
    %load/vec4 v0x555580dff220_0;
    %parti/s 1, 0, 2;
    %nor/r;
    %flag_set/vec4 8;
    %jmp/0xz  T_94.3, 8;
    %load/vec4 v0x555580dff080_0;
    %parti/s 1, 0, 2;
    %load/vec4 v0x555580dfed40_0;
    %parti/s 8, 0, 2;
    %pad/u 10;
    %ix/vec4 3;
    %ix/load 4, 0, 0; Constant delay
    %assign/vec4/a/d v0x555580dff3e0, 0, 4;
T_94.3 ;
    %load/vec4 v0x555580dff220_0;
    %parti/s 1, 1, 2;
    %nor/r;
    %flag_set/vec4 8;
    %jmp/0xz  T_94.5, 8;
    %load/vec4 v0x555580dff080_0;
    %parti/s 1, 1, 2;
    %load/vec4 v0x555580dfed40_0;
    %parti/s 8, 0, 2;
    %pad/u 10;
    %ix/vec4 3;
    %ix/load 4, 1, 0; part off
    %ix/load 5, 0, 0; Constant delay
    %assign/vec4/a/d v0x555580dff3e0, 4, 5;
T_94.5 ;
    %load/vec4 v0x555580dff220_0;
    %parti/s 1, 2, 3;
    %nor/r;
    %flag_set/vec4 8;
    %jmp/0xz  T_94.7, 8;
    %load/vec4 v0x555580dff080_0;
    %parti/s 1, 2, 3;
    %load/vec4 v0x555580dfed40_0;
    %parti/s 8, 0, 2;
    %pad/u 10;
    %ix/vec4 3;
    %ix/load 4, 2, 0; part off
    %ix/load 5, 0, 0; Constant delay
    %assign/vec4/a/d v0x555580dff3e0, 4, 5;
T_94.7 ;
    %load/vec4 v0x555580dff220_0;
    %parti/s 1, 3, 3;
    %nor/r;
    %flag_set/vec4 8;
    %jmp/0xz  T_94.9, 8;
    %load/vec4 v0x555580dff080_0;
    %parti/s 1, 3, 3;
    %load/vec4 v0x555580dfed40_0;
    %parti/s 8, 0, 2;
    %pad/u 10;
    %ix/vec4 3;
    %ix/load 4, 3, 0; part off
    %ix/load 5, 0, 0; Constant delay
    %assign/vec4/a/d v0x555580dff3e0, 4, 5;
T_94.9 ;
    %load/vec4 v0x555580dff220_0;
    %parti/s 1, 4, 4;
    %nor/r;
    %flag_set/vec4 8;
    %jmp/0xz  T_94.11, 8;
    %load/vec4 v0x555580dff080_0;
    %parti/s 1, 4, 4;
    %load/vec4 v0x555580dfed40_0;
    %parti/s 8, 0, 2;
    %pad/u 10;
    %ix/vec4 3;
    %ix/load 4, 4, 0; part off
    %ix/load 5, 0, 0; Constant delay
    %assign/vec4/a/d v0x555580dff3e0, 4, 5;
T_94.11 ;
    %load/vec4 v0x555580dff220_0;
    %parti/s 1, 5, 4;
    %nor/r;
    %flag_set/vec4 8;
    %jmp/0xz  T_94.13, 8;
    %load/vec4 v0x555580dff080_0;
    %parti/s 1, 5, 4;
    %load/vec4 v0x555580dfed40_0;
    %parti/s 8, 0, 2;
    %pad/u 10;
    %ix/vec4 3;
    %ix/load 4, 5, 0; part off
    %ix/load 5, 0, 0; Constant delay
    %assign/vec4/a/d v0x555580dff3e0, 4, 5;
T_94.13 ;
    %load/vec4 v0x555580dff220_0;
    %parti/s 1, 6, 4;
    %nor/r;
    %flag_set/vec4 8;
    %jmp/0xz  T_94.15, 8;
    %load/vec4 v0x555580dff080_0;
    %parti/s 1, 6, 4;
    %load/vec4 v0x555580dfed40_0;
    %parti/s 8, 0, 2;
    %pad/u 10;
    %ix/vec4 3;
    %ix/load 4, 6, 0; part off
    %ix/load 5, 0, 0; Constant delay
    %assign/vec4/a/d v0x555580dff3e0, 4, 5;
T_94.15 ;
    %load/vec4 v0x555580dff220_0;
    %parti/s 1, 7, 4;
    %nor/r;
    %flag_set/vec4 8;
    %jmp/0xz  T_94.17, 8;
    %load/vec4 v0x555580dff080_0;
    %parti/s 1, 7, 4;
    %load/vec4 v0x555580dfed40_0;
    %parti/s 8, 0, 2;
    %pad/u 10;
    %ix/vec4 3;
    %ix/load 4, 7, 0; part off
    %ix/load 5, 0, 0; Constant delay
    %assign/vec4/a/d v0x555580dff3e0, 4, 5;
T_94.17 ;
    %load/vec4 v0x555580dff220_0;
    %parti/s 1, 8, 5;
    %nor/r;
    %flag_set/vec4 8;
    %jmp/0xz  T_94.19, 8;
    %load/vec4 v0x555580dff080_0;
    %parti/s 1, 8, 5;
    %load/vec4 v0x555580dfed40_0;
    %parti/s 8, 0, 2;
    %pad/u 10;
    %ix/vec4 3;
    %ix/load 4, 8, 0; part off
    %ix/load 5, 0, 0; Constant delay
    %assign/vec4/a/d v0x555580dff3e0, 4, 5;
T_94.19 ;
    %load/vec4 v0x555580dff220_0;
    %parti/s 1, 9, 5;
    %nor/r;
    %flag_set/vec4 8;
    %jmp/0xz  T_94.21, 8;
    %load/vec4 v0x555580dff080_0;
    %parti/s 1, 9, 5;
    %load/vec4 v0x555580dfed40_0;
    %parti/s 8, 0, 2;
    %pad/u 10;
    %ix/vec4 3;
    %ix/load 4, 9, 0; part off
    %ix/load 5, 0, 0; Constant delay
    %assign/vec4/a/d v0x555580dff3e0, 4, 5;
T_94.21 ;
    %load/vec4 v0x555580dff220_0;
    %parti/s 1, 10, 5;
    %nor/r;
    %flag_set/vec4 8;
    %jmp/0xz  T_94.23, 8;
    %load/vec4 v0x555580dff080_0;
    %parti/s 1, 10, 5;
    %load/vec4 v0x555580dfed40_0;
    %parti/s 8, 0, 2;
    %pad/u 10;
    %ix/vec4 3;
    %ix/load 4, 10, 0; part off
    %ix/load 5, 0, 0; Constant delay
    %assign/vec4/a/d v0x555580dff3e0, 4, 5;
T_94.23 ;
    %load/vec4 v0x555580dff220_0;
    %parti/s 1, 11, 5;
    %nor/r;
    %flag_set/vec4 8;
    %jmp/0xz  T_94.25, 8;
    %load/vec4 v0x555580dff080_0;
    %parti/s 1, 11, 5;
    %load/vec4 v0x555580dfed40_0;
    %parti/s 8, 0, 2;
    %pad/u 10;
    %ix/vec4 3;
    %ix/load 4, 11, 0; part off
    %ix/load 5, 0, 0; Constant delay
    %assign/vec4/a/d v0x555580dff3e0, 4, 5;
T_94.25 ;
    %load/vec4 v0x555580dff220_0;
    %parti/s 1, 12, 5;
    %nor/r;
    %flag_set/vec4 8;
    %jmp/0xz  T_94.27, 8;
    %load/vec4 v0x555580dff080_0;
    %parti/s 1, 12, 5;
    %load/vec4 v0x555580dfed40_0;
    %parti/s 8, 0, 2;
    %pad/u 10;
    %ix/vec4 3;
    %ix/load 4, 12, 0; part off
    %ix/load 5, 0, 0; Constant delay
    %assign/vec4/a/d v0x555580dff3e0, 4, 5;
T_94.27 ;
    %load/vec4 v0x555580dff220_0;
    %parti/s 1, 13, 5;
    %nor/r;
    %flag_set/vec4 8;
    %jmp/0xz  T_94.29, 8;
    %load/vec4 v0x555580dff080_0;
    %parti/s 1, 13, 5;
    %load/vec4 v0x555580dfed40_0;
    %parti/s 8, 0, 2;
    %pad/u 10;
    %ix/vec4 3;
    %ix/load 4, 13, 0; part off
    %ix/load 5, 0, 0; Constant delay
    %assign/vec4/a/d v0x555580dff3e0, 4, 5;
T_94.29 ;
    %load/vec4 v0x555580dff220_0;
    %parti/s 1, 14, 5;
    %nor/r;
    %flag_set/vec4 8;
    %jmp/0xz  T_94.31, 8;
    %load/vec4 v0x555580dff080_0;
    %parti/s 1, 14, 5;
    %load/vec4 v0x555580dfed40_0;
    %parti/s 8, 0, 2;
    %pad/u 10;
    %ix/vec4 3;
    %ix/load 4, 14, 0; part off
    %ix/load 5, 0, 0; Constant delay
    %assign/vec4/a/d v0x555580dff3e0, 4, 5;
T_94.31 ;
    %load/vec4 v0x555580dff220_0;
    %parti/s 1, 15, 5;
    %nor/r;
    %flag_set/vec4 8;
    %jmp/0xz  T_94.33, 8;
    %load/vec4 v0x555580dff080_0;
    %parti/s 1, 15, 5;
    %load/vec4 v0x555580dfed40_0;
    %parti/s 8, 0, 2;
    %pad/u 10;
    %ix/vec4 3;
    %ix/load 4, 15, 0; part off
    %ix/load 5, 0, 0; Constant delay
    %assign/vec4/a/d v0x555580dff3e0, 4, 5;
T_94.33 ;
T_94.0 ;
    %jmp T_94;
    .thread T_94;
    .scope S_0x555580dfbda0;
T_95 ;
    %wait E_0x555580dfdd90;
    %load/vec4 v0x555580dfeba0_0;
    %flag_set/vec4 9;
    %flag_get/vec4 9;
    %jmp/0 T_95.2, 9;
    %load/vec4 v0x555580dfe8d0_0;
    %and;
T_95.2;
    %flag_set/vec4 8;
    %jmp/0xz  T_95.0, 8;
    %load/vec4 v0x555580dfe720_0;
    %parti/s 8, 0, 2;
    %pad/u 10;
    %ix/vec4 4;
    %load/vec4a v0x555580dff3e0, 4;
    %load/vec4 v0x555580dfec60_0;
    %inv;
    %and;
    %assign/vec4 v0x555580dfeac0_0, 0;
T_95.0 ;
    %jmp T_95;
    .thread T_95;
    .scope S_0x555580bd2b90;
T_96 ;
    %wait E_0x555580e03d60;
    %pushi/vec4 0, 0, 32;
    %store/vec4 v0x555580e04680_0, 0, 32;
T_96.0 ; Top of for-loop
    %load/vec4 v0x555580e04680_0;
    %cmpi/s 16383, 0, 32;
    %flag_or 5, 4;
	  %jmp/0xz T_96.1, 5;
    %pushi/vec4 65535, 65535, 16;
    %ix/getv/s 4, v0x555580e04680_0;
    %store/vec4a v0x555580e04760, 4, 0;
T_96.2 ; for-loop step statement
    %load/vec4 v0x555580e04680_0;
    %addi 1, 0, 32;
    %store/vec4 v0x555580e04680_0, 0, 32;
    %jmp T_96.0;
T_96.1 ; for-loop exit label
    %jmp T_96;
    .thread T_96;
    .scope S_0x555580bd2b90;
T_97 ;
    %wait E_0x555580e03ce0;
    %load/vec4 v0x555580e04820_0;
    %flag_set/vec4 8;
    %jmp/0xz  T_97.0, 8;
    %pushi/vec4 0, 0, 16;
    %assign/vec4 v0x555580e04100_0, 0;
    %jmp T_97.1;
T_97.0 ;
    %load/vec4 v0x555580e04440_0;
    %flag_set/vec4 8;
    %jmp/0xz  T_97.2, 8;
    %pushi/vec4 65535, 65535, 16;
    %assign/vec4 v0x555580e04100_0, 0;
    %jmp T_97.3;
T_97.2 ;
    %load/vec4 v0x555580e03ec0_0;
    %flag_set/vec4 8;
    %jmp/0xz  T_97.4, 8;
    %load/vec4 v0x555580e04500_0;
    %nor/r;
    %flag_set/vec4 8;
    %jmp/0xz  T_97.6, 8;
    %load/vec4 v0x555580e03dc0_0;
    %pad/u 16;
    %ix/vec4 4;
    %load/vec4a v0x555580e04760, 4;
    %assign/vec4 v0x555580e04100_0, 0;
    %jmp T_97.7;
T_97.6 ;
    %load/vec4 v0x555580e041e0_0;
    %parti/s 1, 0, 2;
    %flag_set/vec4 8;
    %jmp/0xz  T_97.8, 8;
    %load/vec4 v0x555580e04020_0;
    %parti/s 4, 0, 2;
    %load/vec4 v0x555580e03dc0_0;
    %pad/u 16;
    %ix/vec4 3;
    %ix/load 4, 0, 0; Constant delay
    %assign/vec4/a/d v0x555580e04760, 0, 4;
T_97.8 ;
    %load/vec4 v0x555580e041e0_0;
    %parti/s 1, 1, 2;
    %flag_set/vec4 8;
    %jmp/0xz  T_97.10, 8;
    %load/vec4 v0x555580e04020_0;
    %parti/s 4, 4, 4;
    %load/vec4 v0x555580e03dc0_0;
    %pad/u 16;
    %ix/vec4 3;
    %ix/load 4, 4, 0; part off
    %ix/load 5, 0, 0; Constant delay
    %assign/vec4/a/d v0x555580e04760, 4, 5;
T_97.10 ;
    %load/vec4 v0x555580e041e0_0;
    %parti/s 1, 2, 3;
    %flag_set/vec4 8;
    %jmp/0xz  T_97.12, 8;
    %load/vec4 v0x555580e04020_0;
    %parti/s 4, 8, 5;
    %load/vec4 v0x555580e03dc0_0;
    %pad/u 16;
    %ix/vec4 3;
    %ix/load 4, 8, 0; part off
    %ix/load 5, 0, 0; Constant delay
    %assign/vec4/a/d v0x555580e04760, 4, 5;
T_97.12 ;
    %load/vec4 v0x555580e041e0_0;
    %parti/s 1, 3, 3;
    %flag_set/vec4 8;
    %jmp/0xz  T_97.14, 8;
    %load/vec4 v0x555580e04020_0;
    %parti/s 4, 12, 5;
    %load/vec4 v0x555580e03dc0_0;
    %pad/u 16;
    %ix/vec4 3;
    %ix/load 4, 12, 0; part off
    %ix/load 5, 0, 0; Constant delay
    %assign/vec4/a/d v0x555580e04760, 4, 5;
T_97.14 ;
    %pushi/vec4 65535, 65535, 16;
    %assign/vec4 v0x555580e04100_0, 0;
T_97.7 ;
T_97.4 ;
T_97.3 ;
T_97.1 ;
    %jmp T_97;
    .thread T_97;
# The file index is used to find the file name in the following table.
:file_names 27;
    "N/A";
    "<interactive>";
    "-";
    "ALU_tb.v";
    "./../../02_Boolean_Arithmetic/ALU.v";
    "./../../02_Boolean_Arithmetic/Add16.v";
    "./../../01_Boolean_Logic/And.v";
    "./../../01_Boolean_Logic/And16.v";
    "./../../01_Boolean_Logic/Buffer.v";
    "./../../01_Boolean_Logic/DMux8Way.v";
    "./../../01_Boolean_Logic/DMux4Way.v";
    "./../../01_Boolean_Logic/DMux.v";
    "./../../02_Boolean_Arithmetic/FullAdder.v";
    "./../../02_Boolean_Arithmetic/HalfAdder.v";
    "/home/xpektra/.apio/packages/oss-cad-suite/share/yosys/ice40/cells_sim.v";
    "./../../02_Boolean_Arithmetic/Inc16.v";
    "./../../01_Boolean_Logic/Mux.v";
    "./../../01_Boolean_Logic/Mux8Way16.v";
    "./../../01_Boolean_Logic/Mux4Way16.v";
    "./../../01_Boolean_Logic/Mux16.v";
    "./../../01_Boolean_Logic/Nand.v";
    "./../../01_Boolean_Logic/Not.v";
    "./../../01_Boolean_Logic/Not16.v";
    "./../../01_Boolean_Logic/Or.v";
    "./../../01_Boolean_Logic/Or16.v";
    "./../../01_Boolean_Logic/Or8Way.v";
    "./../../01_Boolean_Logic/Xor.v";
