$date
	Sun Apr 19 00:19:04 2026
$end
$version
	Icarus Verilog
$end
$timescale
	1ps
$end
$scope module Inc16_tb $end
$var wire 16 ! out_cmp [15:0] $end
$var wire 16 " out [15:0] $end
$var reg 1 # fail $end
$var reg 16 $ in [15:0] $end
$var reg 16 % n [15:0] $end
$scope module INC16 $end
$var wire 16 & in [15:0] $end
$var wire 16 ' out [15:0] $end
$upscope $end
$scope task check $end
$upscope $end
$upscope $end
$enddefinitions $end
$comment Show the parameter values. $end
$dumpall
$end
#0
$dumpvars
b1 '
b0 &
b0 %
b0 $
0#
b1 "
b1 !
$end
#1
b0 !
b0 "
b0 '
b1111111111111111 $
b1111111111111111 &
#2
b11010100100101 !
b11010100100101 "
b11010100100101 '
b11010100100100 $
b11010100100100 &
#3
b101111010000010 !
b101111010000010 "
b101111010000010 '
b101111010000001 $
b101111010000001 &
b1 %
#4
b1101011000001010 !
b1101011000001010 "
b1101011000001010 '
b1101011000001001 $
b1101011000001001 &
b10 %
#5
b101011001100100 !
b101011001100100 "
b101011001100100 '
b101011001100011 $
b101011001100011 &
b11 %
#6
b111101100001110 !
b111101100001110 "
b111101100001110 '
b111101100001101 $
b111101100001101 &
b100 %
#7
b1001100110001110 !
b1001100110001110 "
b1001100110001110 '
b1001100110001101 $
b1001100110001101 &
b101 %
#8
b1000010001100110 !
b1000010001100110 "
b1000010001100110 '
b1000010001100101 $
b1000010001100101 &
b110 %
#9
b101001000010011 !
b101001000010011 "
b101001000010011 '
b101001000010010 $
b101001000010010 &
b111 %
#10
b1110001100000010 !
b1110001100000010 "
b1110001100000010 '
b1110001100000001 $
b1110001100000001 &
b1000 %
#11
b1100110100001110 !
b1100110100001110 "
b1100110100001110 '
b1100110100001101 $
b1100110100001101 &
b1001 %
#12
b1111000101110111 !
b1111000101110111 "
b1111000101110111 '
b1111000101110110 $
b1111000101110110 &
b1010 %
#13
b1100110100111110 !
b1100110100111110 "
b1100110100111110 '
b1100110100111101 $
b1100110100111101 &
b1011 %
#14
b101011111101110 !
b101011111101110 "
b101011111101110 '
b101011111101101 $
b101011111101101 &
b1100 %
#15
b1111011110001101 !
b1111011110001101 "
b1111011110001101 '
b1111011110001100 $
b1111011110001100 &
b1101 %
#16
b1110100111111010 !
b1110100111111010 "
b1110100111111010 '
b1110100111111001 $
b1110100111111001 &
b1110 %
#17
b10010011000111 !
b10010011000111 "
b10010011000111 '
b10010011000110 $
b10010011000110 &
b1111 %
#18
b1000010011000110 !
b1000010011000110 "
b1000010011000110 '
b1000010011000101 $
b1000010011000101 &
b10000 %
#19
b1101001010101011 !
b1101001010101011 "
b1101001010101011 '
b1101001010101010 $
b1101001010101010 &
b10001 %
#20
b1111011111100110 !
b1111011111100110 "
b1111011111100110 '
b1111011111100101 $
b1111011111100101 &
b10010 %
#21
b111001001111000 !
b111001001111000 "
b111001001111000 '
b111001001110111 $
b111001001110111 &
b10011 %
#22
b1101011000010011 !
b1101011000010011 "
b1101011000010011 '
b1101011000010010 $
b1101011000010010 &
b10100 %
#23
b1101101110010000 !
b1101101110010000 "
b1101101110010000 '
b1101101110001111 $
b1101101110001111 &
b10101 %
#24
b110100111110011 !
b110100111110011 "
b110100111110011 '
b110100111110010 $
b110100111110010 &
b10110 %
#25
b1001011011001111 !
b1001011011001111 "
b1001011011001111 '
b1001011011001110 $
b1001011011001110 &
b10111 %
#26
b111101011101001 !
b111101011101001 "
b111101011101001 '
b111101011101000 $
b111101011101000 &
b11000 %
#27
b100111011000110 !
b100111011000110 "
b100111011000110 '
b100111011000101 $
b100111011000101 &
b11001 %
#28
b100100101011101 !
b100100101011101 "
b100100101011101 '
b100100101011100 $
b100100101011100 &
b11010 %
#29
b10100010111110 !
b10100010111110 "
b10100010111110 '
b10100010111101 $
b10100010111101 &
b11011 %
#30
b101100000101110 !
b101100000101110 "
b101100000101110 '
b101100000101101 $
b101100000101101 &
b11100 %
#31
b10011001100110 !
b10011001100110 "
b10011001100110 '
b10011001100101 $
b10011001100101 &
b11101 %
#32
b110001001100100 !
b110001001100100 "
b110001001100100 '
b110001001100011 $
b110001001100011 &
b11110 %
#33
b1000011100001011 !
b1000011100001011 "
b1000011100001011 '
b1000011100001010 $
b1000011100001010 &
b11111 %
#34
b10001010000001 !
b10001010000001 "
b10001010000001 '
b10001010000000 $
b10001010000000 &
b100000 %
#35
b10000100100001 !
b10000100100001 "
b10000100100001 '
b10000100100000 $
b10000100100000 &
b100001 %
#36
b100010110101011 !
b100010110101011 "
b100010110101011 '
b100010110101010 $
b100010110101010 &
b100010 %
#37
b1100110010011110 !
b1100110010011110 "
b1100110010011110 '
b1100110010011101 $
b1100110010011101 &
b100011 %
#38
b11111010010111 !
b11111010010111 "
b11111010010111 '
b11111010010110 $
b11111010010110 &
b100100 %
#39
b1011100000010100 !
b1011100000010100 "
b1011100000010100 '
b1011100000010011 $
b1011100000010011 &
b100101 %
#40
b11100000001110 !
b11100000001110 "
b11100000001110 '
b11100000001101 $
b11100000001101 &
b100110 %
#41
b1101011001010100 !
b1101011001010100 "
b1101011001010100 '
b1101011001010011 $
b1101011001010011 &
b100111 %
#42
b1101110101101100 !
b1101110101101100 "
b1101110101101100 '
b1101110101101011 $
b1101110101101011 &
b101000 %
#43
b10101011010110 !
b10101011010110 "
b10101011010110 '
b10101011010101 $
b10101011010101 &
b101001 %
#44
b100101000000011 !
b100101000000011 "
b100101000000011 '
b100101000000010 $
b100101000000010 &
b101010 %
#45
b11111010101111 !
b11111010101111 "
b11111010101111 '
b11111010101110 $
b11111010101110 &
b101011 %
#46
b1110100100011110 !
b1110100100011110 "
b1110100100011110 '
b1110100100011101 $
b1110100100011101 &
b101100 %
#47
b111001011010000 !
b111001011010000 "
b111001011010000 '
b111001011001111 $
b111001011001111 &
b101101 %
#48
b100100100100100 !
b100100100100100 "
b100100100100100 '
b100100100100011 $
b100100100100011 &
b101110 %
#49
b110010100001011 !
b110010100001011 "
b110010100001011 '
b110010100001010 $
b110010100001010 &
b101111 %
#50
b101011001011 !
b101011001011 "
b101011001011 '
b101011001010 $
b101011001010 &
b110000 %
#51
b100110000111101 !
b100110000111101 "
b100110000111101 '
b100110000111100 $
b100110000111100 &
b110001 %
#52
b1011110111110011 !
b1011110111110011 "
b1011110111110011 '
b1011110111110010 $
b1011110111110010 &
b110010 %
#53
b110000110001011 !
b110000110001011 "
b110000110001011 '
b110000110001010 $
b110000110001010 &
b110011 %
#54
b1011001101000010 !
b1011001101000010 "
b1011001101000010 '
b1011001101000001 $
b1011001101000001 &
b110100 %
#55
b11010011011001 !
b11010011011001 "
b11010011011001 '
b11010011011000 $
b11010011011000 &
b110101 %
#56
b1111001101111001 !
b1111001101111001 "
b1111001101111001 '
b1111001101111000 $
b1111001101111000 &
b110110 %
#57
b1001010001010 !
b1001010001010 "
b1001010001010 '
b1001010001001 $
b1001010001001 &
b110111 %
#58
b110111101100 !
b110111101100 "
b110111101100 '
b110111101011 $
b110111101011 &
b111000 %
#59
b110010110110111 !
b110010110110111 "
b110010110110111 '
b110010110110110 $
b110010110110110 &
b111001 %
#60
b1111100111000111 !
b1111100111000111 "
b1111100111000111 '
b1111100111000110 $
b1111100111000110 &
b111010 %
#61
b1001110101111 !
b1001110101111 "
b1001110101111 '
b1001110101110 $
b1001110101110 &
b111011 %
#62
b1010111101 !
b1010111101 "
b1010111101 '
b1010111100 $
b1010111100 &
b111100 %
#63
b1101110100101011 !
b1101110100101011 "
b1101110100101011 '
b1101110100101010 $
b1101110100101010 &
b111101 %
#64
b1001101000001100 !
b1001101000001100 "
b1001101000001100 '
b1001101000001011 $
b1001101000001011 &
b111110 %
#65
b1011111001110010 !
b1011111001110010 "
b1011111001110010 '
b1011111001110001 $
b1011111001110001 &
b111111 %
#66
b100000110000110 !
b100000110000110 "
b100000110000110 '
b100000110000101 $
b100000110000101 &
b1000000 %
#67
b101010101010000 !
b101010101010000 "
b101010101010000 '
b101010101001111 $
b101010101001111 &
b1000001 %
#68
b110000000111100 !
b110000000111100 "
b110000000111100 '
b110000000111011 $
b110000000111011 &
b1000010 %
#69
b11001100111011 !
b11001100111011 "
b11001100111011 '
b11001100111010 $
b11001100111010 &
b1000011 %
#70
b11001001111111 !
b11001001111111 "
b11001001111111 '
b11001001111110 $
b11001001111110 &
b1000100 %
#71
b100101100010110 !
b100101100010110 "
b100101100010110 '
b100101100010101 $
b100101100010101 &
b1000101 %
#72
b1001101111110010 !
b1001101111110010 "
b1001101111110010 '
b1001101111110001 $
b1001101111110001 &
b1000110 %
#73
b100101111011010 !
b100101111011010 "
b100101111011010 '
b100101111011001 $
b100101111011001 &
b1000111 %
#74
b11101100011 !
b11101100011 "
b11101100011 '
b11101100010 $
b11101100010 &
b1001000 %
#75
b1111101101001101 !
b1111101101001101 "
b1111101101001101 '
b1111101101001100 $
b1111101101001100 &
b1001001 %
#76
b101010110100000 !
b101010110100000 "
b101010110100000 '
b101010110011111 $
b101010110011111 &
b1001010 %
#77
b1010000110010000 !
b1010000110010000 "
b1010000110010000 '
b1010000110001111 $
b1010000110001111 &
b1001011 %
#78
b1010100111111001 !
b1010100111111001 "
b1010100111111001 '
b1010100111111000 $
b1010100111111000 &
b1001100 %
#79
b110000010111000 !
b110000010111000 "
b110000010111000 '
b110000010110111 $
b110000010110111 &
b1001101 %
#80
b101011010100000 !
b101011010100000 "
b101011010100000 '
b101011010011111 $
b101011010011111 &
b1001110 %
#81
b1001010001011101 !
b1001010001011101 "
b1001010001011101 '
b1001010001011100 $
b1001010001011100 &
b1001111 %
#82
b1100000001011100 !
b1100000001011100 "
b1100000001011100 '
b1100000001011011 $
b1100000001011011 &
b1010000 %
#83
b11011110001010 !
b11011110001010 "
b11011110001010 '
b11011110001001 $
b11011110001001 &
b1010001 %
#84
b11001001001010 !
b11001001001010 "
b11001001001010 '
b11001001001001 $
b11001001001001 &
b1010010 %
#85
b11111011010001 !
b11111011010001 "
b11111011010001 '
b11111011010000 $
b11111011010000 &
b1010011 %
#86
b1100000011011000 !
b1100000011011000 "
b1100000011011000 '
b1100000011010111 $
b1100000011010111 &
b1010100 %
#87
b1111110001010010 !
b1111110001010010 "
b1111110001010010 '
b1111110001010001 $
b1111110001010001 &
b1010101 %
#88
b10111110010111 !
b10111110010111 "
b10111110010111 '
b10111110010110 $
b10111110010110 &
b1010110 %
#89
b111111100001101 !
b111111100001101 "
b111111100001101 '
b111111100001100 $
b111111100001100 &
b1010111 %
#90
b1100111011000011 !
b1100111011000011 "
b1100111011000011 '
b1100111011000010 $
b1100111011000010 &
b1011000 %
#91
b1110110111001001 !
b1110110111001001 "
b1110110111001001 '
b1110110111001000 $
b1110110111001000 &
b1011001 %
#92
b101101001111000 !
b101101001111000 "
b101101001111000 '
b101101001110111 $
b101101001110111 &
b1011010 %
#93
b1110110100111110 !
b1110110100111110 "
b1110110100111110 '
b1110110100111101 $
b1110110100111101 &
b1011011 %
#94
b1101101100010011 !
b1101101100010011 "
b1101101100010011 '
b1101101100010010 $
b1101101100010010 &
b1011100 %
#95
b1111111 !
b1111111 "
b1111111 '
b1111110 $
b1111110 &
b1011101 %
#96
b1000000101101110 !
b1000000101101110 "
b1000000101101110 '
b1000000101101101 $
b1000000101101101 &
b1011110 %
#97
b1110011100111010 !
b1110011100111010 "
b1110011100111010 '
b1110011100111001 $
b1110011100111001 &
b1011111 %
#98
b1000111100100000 !
b1000111100100000 "
b1000111100100000 '
b1000111100011111 $
b1000111100011111 &
b1100000 %
#99
b1111011011010100 !
b1111011011010100 "
b1111011011010100 '
b1111011011010011 $
b1111011011010011 &
b1100001 %
#100
b10111110000110 !
b10111110000110 "
b10111110000110 '
b10111110000101 $
b10111110000101 &
b1100010 %
#101
b1000100001111001 !
b1000100001111001 "
b1000100001111001 '
b1000100001111000 $
b1000100001111000 &
b1100011 %
#102
b101100101011100 !
b101100101011100 "
b101100101011100 '
b101100101011011 $
b101100101011011 &
b1100100 %
#103
b100101101001010 !
b100101101001010 "
b100101101001010 '
b100101101001001 $
b100101101001001 &
b1100101 %
#104
b1010111001000000 !
b1010111001000000 "
b1010111001000000 '
b1010111000111111 $
b1010111000111111 &
b1100110 %
#105
b1010111100101011 !
b1010111100101011 "
b1010111100101011 '
b1010111100101010 $
b1010111100101010 &
b1100111 %
#106
b110001101011001 !
b110001101011001 "
b110001101011001 '
b110001101011000 $
b110001101011000 &
b1101000 %
#107
b11100010000111 !
b11100010000111 "
b11100010000111 '
b11100010000110 $
b11100010000110 &
b1101001 %
#108
b110010001111 !
b110010001111 "
b110010001111 '
b110010001110 $
b110010001110 &
b1101010 %
#109
b1111001010011101 !
b1111001010011101 "
b1111001010011101 '
b1111001010011100 $
b1111001010011100 &
b1101011 %
#110
b1001100111111011 !
b1001100111111011 "
b1001100111111011 '
b1001100111111010 $
b1001100111111010 &
b1101100 %
#111
b1011110000100111 !
b1011110000100111 "
b1011110000100111 '
b1011110000100110 $
b1011110000100110 &
b1101101 %
#112
b1011101110100 !
b1011101110100 "
b1011101110100 '
b1011101110011 $
b1011101110011 &
b1101110 %
#113
b1011010010100100 !
b1011010010100100 "
b1011010010100100 '
b1011010010100011 $
b1011010010100011 &
b1101111 %
#114
b1010100000110000 !
b1010100000110000 "
b1010100000110000 '
b1010100000101111 $
b1010100000101111 &
b1110000 %
#115
b1001001010110100 !
b1001001010110100 "
b1001001010110100 '
b1001001010110011 $
b1001001010110011 &
b1110001 %
#116
b101011001100000 !
b101011001100000 "
b101011001100000 '
b101011001011111 $
b101011001011111 &
b1110010 %
#117
b110101000101 !
b110101000101 "
b110101000101 '
b110101000100 $
b110101000100 &
b1110011 %
#118
b1111110111111000 !
b1111110111111000 "
b1111110111111000 '
b1111110111110111 $
b1111110111110111 &
b1110100 %
#119
b11011011001100 !
b11011011001100 "
b11011011001100 '
b11011011001011 $
b11011011001011 &
b1110101 %
#120
b1101011100111 !
b1101011100111 "
b1101011100111 '
b1101011100110 $
b1101011100110 &
b1110110 %
#121
b1101101101011011 !
b1101101101011011 "
b1101101101011011 '
b1101101101011010 $
b1101101101011010 &
b1110111 %
#122
b1100000100101010 !
b1100000100101010 "
b1100000100101010 '
b1100000100101001 $
b1100000100101001 &
b1111000 %
#123
b1110001011101110 !
b1110001011101110 "
b1110001011101110 '
b1110001011101101 $
b1110001011101101 &
b1111001 %
#124
b110110011011011 !
b110110011011011 "
b110110011011011 '
b110110011011010 $
b110110011011010 &
b1111010 %
#125
b1011011001100110 !
b1011011001100110 "
b1011011001100110 '
b1011011001100101 $
b1011011001100101 &
b1111011 %
#126
b1110001010110110 !
b1110001010110110 "
b1110001010110110 '
b1110001010110101 $
b1110001010110101 &
b1111100 %
#127
b1001010011100000 !
b1001010011100000 "
b1001010011100000 '
b1001010011011111 $
b1001010011011111 &
b1111101 %
#128
b1100101111010 !
b1100101111010 "
b1100101111010 '
b1100101111001 $
b1100101111001 &
b1111110 %
#129
b1111111101000101 !
b1111111101000101 "
b1111111101000101 '
b1111111101000100 $
b1111111101000100 &
b1111111 %
#130
b110011010001 !
b110011010001 "
b110011010001 '
b110011010000 $
b110011010000 &
b10000000 %
#131
b101100101011 !
b101100101011 "
b101100101011 '
b101100101010 $
b101100101010 &
b10000001 %
#132
b1010110110101100 !
b1010110110101100 "
b1010110110101100 '
b1010110110101011 $
b1010110110101011 &
b10000010 %
#133
b1100111100001111 !
b1100111100001111 "
b1100111100001111 '
b1100111100001110 $
b1100111100001110 &
b10000011 %
#134
b1010110111011101 !
b1010110111011101 "
b1010110111011101 '
b1010110111011100 $
b1010110111011100 &
b10000100 %
#135
b1011110010011011 !
b1011110010011011 "
b1011110010011011 '
b1011110010011010 $
b1011110010011010 &
b10000101 %
#136
b111001011111110 !
b111001011111110 "
b111001011111110 '
b111001011111101 $
b111001011111101 &
b10000110 %
#137
b1011000100 !
b1011000100 "
b1011000100 '
b1011000011 $
b1011000011 &
b10000111 %
#138
b1110110101010111 !
b1110110101010111 "
b1110110101010111 '
b1110110101010110 $
b1110110101010110 &
b10001000 %
#139
b1110100101001111 !
b1110100101001111 "
b1110100101001111 '
b1110100101001110 $
b1110100101001110 &
b10001001 %
#140
b111011001101000 !
b111011001101000 "
b111011001101000 '
b111011001100111 $
b111011001100111 &
b10001010 %
#141
b11010000001011 !
b11010000001011 "
b11010000001011 '
b11010000001010 $
b11010000001010 &
b10001011 %
#142
b1011100110110111 !
b1011100110110111 "
b1011100110110111 '
b1011100110110110 $
b1011100110110110 &
b10001100 %
#143
b1000101000111001 !
b1000101000111001 "
b1000101000111001 '
b1000101000111000 $
b1000101000111000 &
b10001101 %
#144
b1000011101111010 !
b1000011101111010 "
b1000011101111010 '
b1000011101111001 $
b1000011101111001 &
b10001110 %
#145
b1100010010111001 !
b1100010010111001 "
b1100010010111001 '
b1100010010111000 $
b1100010010111000 &
b10001111 %
#146
b1011111110010101 !
b1011111110010101 "
b1011111110010101 '
b1011111110010100 $
b1011111110010100 &
b10010000 %
#147
b101110110010100 !
b101110110010100 "
b101110110010100 '
b101110110010011 $
b101110110010011 &
b10010001 %
#148
b10110000000101 !
b10110000000101 "
b10110000000101 '
b10110000000100 $
b10110000000100 &
b10010010 %
#149
b1100101001011010 !
b1100101001011010 "
b1100101001011010 '
b1100101001011001 $
b1100101001011001 &
b10010011 %
#150
b110100111011100 !
b110100111011100 "
b110100111011100 '
b110100111011011 $
b110100111011011 &
b10010100 %
#151
b1101111001001110 !
b1101111001001110 "
b1101111001001110 '
b1101111001001101 $
b1101111001001101 &
b10010101 %
#152
b1011011111011010 !
b1011011111011010 "
b1011011111011010 '
b1011011111011001 $
b1011011111011001 &
b10010110 %
#153
b10011001101110 !
b10011001101110 "
b10011001101110 '
b10011001101101 $
b10011001101101 &
b10010111 %
#154
b1110001001110111 !
b1110001001110111 "
b1110001001110111 '
b1110001001110110 $
b1110001001110110 &
b10011000 %
#155
b100100111001011 !
b100100111001011 "
b100100111001011 '
b100100111001010 $
b100100111001010 &
b10011001 %
#156
b10110110110111 !
b10110110110111 "
b10110110110111 '
b10110110110110 $
b10110110110110 &
b10011010 %
#157
b111000110010110 !
b111000110010110 "
b111000110010110 '
b111000110010101 $
b111000110010101 &
b10011011 %
#158
b1101001000111 !
b1101001000111 "
b1101001000111 '
b1101001000110 $
b1101001000110 &
b10011100 %
#159
b1001101100000101 !
b1001101100000101 "
b1001101100000101 '
b1001101100000100 $
b1001101100000100 &
b10011101 %
#160
b110000111111000 !
b110000111111000 "
b110000111111000 '
b110000111110111 $
b110000111110111 &
b10011110 %
#161
b11101101010 !
b11101101010 "
b11101101010 '
b11101101001 $
b11101101001 &
b10011111 %
#162
b1011101010110101 !
b1011101010110101 "
b1011101010110101 '
b1011101010110100 $
b1011101010110100 &
b10100000 %
#163
b1000110110001001 !
b1000110110001001 "
b1000110110001001 '
b1000110110001000 $
b1000110110001000 &
b10100001 %
#164
b1101100100101001 !
b1101100100101001 "
b1101100100101001 '
b1101100100101000 $
b1101100100101000 &
b10100010 %
#165
b10000101110 !
b10000101110 "
b10000101110 '
b10000101101 $
b10000101101 &
b10100011 %
#166
b11000011001000 !
b11000011001000 "
b11000011001000 '
b11000011000111 $
b11000011000111 &
b10100100 %
#167
b1001110000101111 !
b1001110000101111 "
b1001110000101111 '
b1001110000101110 $
b1001110000101110 &
b10100101 %
#168
b1110010000001001 !
b1110010000001001 "
b1110010000001001 '
b1110010000001000 $
b1110010000001000 &
b10100110 %
#169
b100010100011101 !
b100010100011101 "
b100010100011101 '
b100010100011100 $
b100010100011100 &
b10100111 %
#170
b1010011011111110 !
b1010011011111110 "
b1010011011111110 '
b1010011011111101 $
b1010011011111101 &
b10101000 %
#171
b11100101010 !
b11100101010 "
b11100101010 '
b11100101001 $
b11100101001 &
b10101001 %
#172
b1001000000011101 !
b1001000000011101 "
b1001000000011101 '
b1001000000011100 $
b1001000000011100 &
b10101010 %
#173
b110011110000111 !
b110011110000111 "
b110011110000111 '
b110011110000110 $
b110011110000110 &
b10101011 %
#174
b100011011011 !
b100011011011 "
b100011011011 '
b100011011010 $
b100011011010 &
b10101100 %
#175
b1100011000111110 !
b1100011000111110 "
b1100011000111110 '
b1100011000111101 $
b1100011000111101 &
b10101101 %
#176
b1010011101100111 !
b1010011101100111 "
b1010011101100111 '
b1010011101100110 $
b1010011101100110 &
b10101110 %
#177
b1100010001110001 !
b1100010001110001 "
b1100010001110001 '
b1100010001110000 $
b1100010001110000 &
b10101111 %
#178
b10001110100 !
b10001110100 "
b10001110100 '
b10001110011 $
b10001110011 &
b10110000 %
#179
b1001100110111011 !
b1001100110111011 "
b1001100110111011 '
b1001100110111010 $
b1001100110111010 &
b10110001 %
#180
b1011001101011111 !
b1011001101011111 "
b1011001101011111 '
b1011001101011110 $
b1011001101011110 &
b10110010 %
#181
b111100111111011 !
b111100111111011 "
b111100111111011 '
b111100111111010 $
b111100111111010 &
b10110011 %
#182
b10111010110 !
b10111010110 "
b10111010110 '
b10111010101 $
b10111010101 &
b10110100 %
#183
b1111011000011011 !
b1111011000011011 "
b1111011000011011 '
b1111011000011010 $
b1111011000011010 &
b10110101 %
#184
b10111010 !
b10111010 "
b10111010 '
b10111001 $
b10111001 &
b10110110 %
#185
b110000100111000 !
b110000100111000 "
b110000100111000 '
b110000100110111 $
b110000100110111 &
b10110111 %
#186
b11011110010111 !
b11011110010111 "
b11011110010111 '
b11011110010110 $
b11011110010110 &
b10111000 %
#187
b10000111000001 !
b10000111000001 "
b10000111000001 '
b10000111000000 $
b10000111000000 &
b10111001 %
#188
b1001111100100111 !
b1001111100100111 "
b1001111100100111 '
b1001111100100110 $
b1001111100100110 &
b10111010 %
#189
b1101010110111 !
b1101010110111 "
b1101010110111 '
b1101010110110 $
b1101010110110 &
b10111011 %
#190
b1000001101111110 !
b1000001101111110 "
b1000001101111110 '
b1000001101111101 $
b1000001101111101 &
b10111100 %
#191
b111111011101 !
b111111011101 "
b111111011101 '
b111111011100 $
b111111011100 &
b10111101 %
#192
b101011110000111 !
b101011110000111 "
b101011110000111 '
b101011110000110 $
b101011110000110 &
b10111110 %
#193
b1111111101111001 !
b1111111101111001 "
b1111111101111001 '
b1111111101111000 $
b1111111101111000 &
b10111111 %
#194
b1001101101111111 !
b1001101101111111 "
b1001101101111111 '
b1001101101111110 $
b1001101101111110 &
b11000000 %
#195
b1000000011011100 !
b1000000011011100 "
b1000000011011100 '
b1000000011011011 $
b1000000011011011 &
b11000001 %
#196
b1011011011010000 !
b1011011011010000 "
b1011011011010000 '
b1011011011001111 $
b1011011011001111 &
b11000010 %
#197
b10101101111010 !
b10101101111010 "
b10101101111010 '
b10101101111001 $
b10101101111001 &
b11000011 %
#198
b1110010011111011 !
b1110010011111011 "
b1110010011111011 '
b1110010011111010 $
b1110010011111010 &
b11000100 %
#199
b1110111001100010 !
b1110111001100010 "
b1110111001100010 '
b1110111001100001 $
b1110111001100001 &
b11000101 %
#200
b100100011000 !
b100100011000 "
b100100011000 '
b100100010111 $
b100100010111 &
b11000110 %
#201
b111100010100010 !
b111100010100010 "
b111100010100010 '
b111100010100001 $
b111100010100001 &
b11000111 %
#202
b1001000110000111 !
b1001000110000111 "
b1001000110000111 '
b1001000110000110 $
b1001000110000110 &
b11001000 %
#203
b1001011001010001 !
b1001011001010001 "
b1001011001010001 '
b1001011001010000 $
b1001011001010000 &
b11001001 %
#204
b101100111110110 !
b101100111110110 "
b101100111110110 '
b101100111110101 $
b101100111110101 &
b11001010 %
#205
b1000100000110110 !
b1000100000110110 "
b1000100000110110 '
b1000100000110101 $
b1000100000110101 &
b11001011 %
#206
b1000101000101010 !
b1000101000101010 "
b1000101000101010 '
b1000101000101001 $
b1000101000101001 &
b11001100 %
#207
b111010111000010 !
b111010111000010 "
b111010111000010 '
b111010111000001 $
b111010111000001 &
b11001101 %
#208
b111010011000110 !
b111010011000110 "
b111010011000110 '
b111010011000101 $
b111010011000101 &
b11001110 %
#209
b1011010010011001 !
b1011010010011001 "
b1011010010011001 '
b1011010010011000 $
b1011010010011000 &
b11001111 %
#210
b111101101001100 !
b111101101001100 "
b111101101001100 '
b111101101001011 $
b111101101001011 &
b11010000 %
#211
b100001001110100 !
b100001001110100 "
b100001001110100 '
b100001001110011 $
b100001001110011 &
b11010001 %
#212
b1110011011101101 !
b1110011011101101 "
b1110011011101101 '
b1110011011101100 $
b1110011011101100 &
b11010010 %
#213
b1011010001011 !
b1011010001011 "
b1011010001011 '
b1011010001010 $
b1011010001010 &
b11010011 %
#214
b1101000101001111 !
b1101000101001111 "
b1101000101001111 '
b1101000101001110 $
b1101000101001110 &
b11010100 %
#215
b1000000010101001 !
b1000000010101001 "
b1000000010101001 '
b1000000010101000 $
b1000000010101000 &
b11010101 %
#216
b1111110110101010 !
b1111110110101010 "
b1111110110101010 '
b1111110110101001 $
b1111110110101001 &
b11010110 %
#217
b1000110010100010 !
b1000110010100010 "
b1000110010100010 '
b1000110010100001 $
b1000110010100001 &
b11010111 %
#218
b1011100100001111 !
b1011100100001111 "
b1011100100001111 '
b1011100100001110 $
b1011100100001110 &
b11011000 %
#219
b110011011100111 !
b110011011100111 "
b110011011100111 '
b110011011100110 $
b110011011100110 &
b11011001 %
#220
b1100000010100000 !
b1100000010100000 "
b1100000010100000 '
b1100000010011111 $
b1100000010011111 &
b11011010 %
#221
b1011010100101011 !
b1011010100101011 "
b1011010100101011 '
b1011010100101010 $
b1011010100101010 &
b11011011 %
#222
b1110100101011 !
b1110100101011 "
b1110100101011 '
b1110100101010 $
b1110100101010 &
b11011100 %
#223
b1111010010001110 !
b1111010010001110 "
b1111010010001110 '
b1111010010001101 $
b1111010010001101 &
b11011101 %
#224
b1111111110011111 !
b1111111110011111 "
b1111111110011111 '
b1111111110011110 $
b1111111110011110 &
b11011110 %
#225
b1110011000111001 !
b1110011000111001 "
b1110011000111001 '
b1110011000111000 $
b1110011000111000 &
b11011111 %
#226
b1010100001111010 !
b1010100001111010 "
b1010100001111010 '
b1010100001111001 $
b1010100001111001 &
b11100000 %
#227
b1110001111001001 !
b1110001111001001 "
b1110001111001001 '
b1110001111001000 $
b1110001111001000 &
b11100001 %
#228
b100010111001011 !
b100010111001011 "
b100010111001011 '
b100010111001010 $
b100010111001010 &
b11100010 %
#229
b100000100010100 !
b100000100010100 "
b100000100010100 '
b100000100010011 $
b100000100010011 &
b11100011 %
#230
b1100100101101100 !
b1100100101101100 "
b1100100101101100 '
b1100100101101011 $
b1100100101101011 &
b11100100 %
#231
b1010111011001000 !
b1010111011001000 "
b1010111011001000 '
b1010111011000111 $
b1010111011000111 &
b11100101 %
#232
b1101110110110111 !
b1101110110110111 "
b1101110110110111 '
b1101110110110110 $
b1101110110110110 &
b11100110 %
#233
b1001110110111011 !
b1001110110111011 "
b1001110110111011 '
b1001110110111010 $
b1001110110111010 &
b11100111 %
#234
b1010101111000101 !
b1010101111000101 "
b1010101111000101 '
b1010101111000100 $
b1010101111000100 &
b11101000 %
#235
b1001010110111010 !
b1001010110111010 "
b1001010110111010 '
b1001010110111001 $
b1001010110111001 &
b11101001 %
#236
b1101001110010011 !
b1101001110010011 "
b1101001110010011 '
b1101001110010010 $
b1101001110010010 &
b11101010 %
#237
b1001101010110101 !
b1001101010110101 "
b1001101010110101 '
b1001101010110100 $
b1001101010110100 &
b11101011 %
#238
b11101110000000 !
b11101110000000 "
b11101110000000 '
b11101101111111 $
b11101101111111 &
b11101100 %
#239
b1001000010000111 !
b1001000010000111 "
b1001000010000111 '
b1001000010000110 $
b1001000010000110 &
b11101101 %
#240
b1111010111111011 !
b1111010111111011 "
b1111010111111011 '
b1111010111111010 $
b1111010111111010 &
b11101110 %
#241
b1001010011110011 !
b1001010011110011 "
b1001010011110011 '
b1001010011110010 $
b1001010011110010 &
b11101111 %
#242
b10000100110011 !
b10000100110011 "
b10000100110011 '
b10000100110010 $
b10000100110010 &
b11110000 %
#243
b101111010111110 !
b101111010111110 "
b101111010111110 '
b101111010111101 $
b101111010111101 &
b11110001 %
#244
b1100110110000101 !
b1100110110000101 "
b1100110110000101 '
b1100110110000100 $
b1100110110000100 &
b11110010 %
#245
b1010010011100101 !
b1010010011100101 "
b1010010011100101 '
b1010010011100100 $
b1010010011100100 &
b11110011 %
#246
b1100111111001011 !
b1100111111001011 "
b1100111111001011 '
b1100111111001010 $
b1100111111001010 &
b11110100 %
#247
b111100110101010 !
b111100110101010 "
b111100110101010 '
b111100110101001 $
b111100110101001 &
b11110101 %
#248
b1010100010100010 !
b1010100010100010 "
b1010100010100010 '
b1010100010100001 $
b1010100010100001 &
b11110110 %
#249
b1010100110001111 !
b1010100110001111 "
b1010100110001111 '
b1010100110001110 $
b1010100110001110 &
b11110111 %
#250
b110101011111100 !
b110101011111100 "
b110101011111100 '
b110101011111011 $
b110101011111011 &
b11111000 %
#251
b1111000001100 !
b1111000001100 "
b1111000001100 '
b1111000001011 $
b1111000001011 &
b11111001 %
#252
b1001000011110000 !
b1001000011110000 "
b1001000011110000 '
b1001000011101111 $
b1001000011101111 &
b11111010 %
#253
b11110111001010 !
b11110111001010 "
b11110111001010 '
b11110111001001 $
b11110111001001 &
b11111011 %
#254
b1110010100110111 !
b1110010100110111 "
b1110010100110111 '
b1110010100110110 $
b1110010100110110 &
b11111100 %
#255
b100100001110110 !
b100100001110110 "
b100100001110110 '
b100100001110101 $
b100100001110101 &
b11111101 %
#256
b101011010010000 !
b101011010010000 "
b101011010010000 '
b101011010001111 $
b101011010001111 &
b11111110 %
#257
b1011111101101100 !
b1011111101101100 "
b1011111101101100 '
b1011111101101011 $
b1011111101101011 &
b11111111 %
#258
b1110011110001001 !
b1110011110001001 "
b1110011110001001 '
b1110011110001000 $
b1110011110001000 &
b100000000 %
#259
b1011010010101111 !
b1011010010101111 "
b1011010010101111 '
b1011010010101110 $
b1011010010101110 &
b100000001 %
#260
b1000000110011100 !
b1000000110011100 "
b1000000110011100 '
b1000000110011011 $
b1000000110011011 &
b100000010 %
#261
b100010110010011 !
b100010110010011 "
b100010110010011 '
b100010110010010 $
b100010110010010 &
b100000011 %
#262
b1101111100101001 !
b1101111100101001 "
b1101111100101001 '
b1101111100101000 $
b1101111100101000 &
b100000100 %
#263
b1110000000101110 !
b1110000000101110 "
b1110000000101110 '
b1110000000101101 $
b1110000000101101 &
b100000101 %
#264
b101111101001100 !
b101111101001100 "
b101111101001100 '
b101111101001011 $
b101111101001011 &
b100000110 %
#265
b1011000011000011 !
b1011000011000011 "
b1011000011000011 '
b1011000011000010 $
b1011000011000010 &
b100000111 %
#266
b1111011000011111 !
b1111011000011111 "
b1111011000011111 '
b1111011000011110 $
b1111011000011110 &
b100001000 %
#267
b10100001110 !
b10100001110 "
b10100001110 '
b10100001101 $
b10100001101 &
b100001001 %
#268
b1111110111101101 !
b1111110111101101 "
b1111110111101101 '
b1111110111101100 $
b1111110111101100 &
b100001010 %
#269
b1001110100011001 !
b1001110100011001 "
b1001110100011001 '
b1001110100011000 $
b1001110100011000 &
b100001011 %
#270
b1101111010010 !
b1101111010010 "
b1101111010010 '
b1101111010001 $
b1101111010001 &
b100001100 %
#271
b1110010000111 !
b1110010000111 "
b1110010000111 '
b1110010000110 $
b1110010000110 &
b100001101 %
#272
b10010001000010 !
b10010001000010 "
b10010001000010 '
b10010001000001 $
b10010001000001 &
b100001110 %
#273
b110010000111100 !
b110010000111100 "
b110010000111100 '
b110010000111011 $
b110010000111011 &
b100001111 %
#274
b1111100111011001 !
b1111100111011001 "
b1111100111011001 '
b1111100111011000 $
b1111100111011000 &
b100010000 %
#275
b1110100101010100 !
b1110100101010100 "
b1110100101010100 '
b1110100101010011 $
b1110100101010011 &
b100010001 %
#276
b110001001010111 !
b110001001010111 "
b110001001010111 '
b110001001010110 $
b110001001010110 &
b100010010 %
#277
b10001001011100 !
b10001001011100 "
b10001001011100 '
b10001001011011 $
b10001001011011 &
b100010011 %
#278
b1111101011100011 !
b1111101011100011 "
b1111101011100011 '
b1111101011100010 $
b1111101011100010 &
b100010100 %
#279
b1110001000000101 !
b1110001000000101 "
b1110001000000101 '
b1110001000000100 $
b1110001000000100 &
b100010101 %
#280
b1101110100 !
b1101110100 "
b1101110100 '
b1101110011 $
b1101110011 &
b100010110 %
#281
b1011010011011001 !
b1011010011011001 "
b1011010011011001 '
b1011010011011000 $
b1011010011011000 &
b100010111 %
#282
b100110100010011 !
b100110100010011 "
b100110100010011 '
b100110100010010 $
b100110100010010 &
b100011000 %
#283
b100010010111001 !
b100010010111001 "
b100010010111001 '
b100010010111000 $
b100010010111000 &
b100011001 %
#284
b1001000111010 !
b1001000111010 "
b1001000111010 '
b1001000111001 $
b1001000111001 &
b100011010 %
#285
b1011011011100110 !
b1011011011100110 "
b1011011011100110 '
b1011011011100101 $
b1011011011100101 &
b100011011 %
#286
b1101110010100010 !
b1101110010100010 "
b1101110010100010 '
b1101110010100001 $
b1101110010100001 &
b100011100 %
#287
b111100101100 !
b111100101100 "
b111100101100 '
b111100101011 $
b111100101011 &
b100011101 %
#288
b101110110000010 !
b101110110000010 "
b101110110000010 '
b101110110000001 $
b101110110000001 &
b100011110 %
#289
b1000010111001001 !
b1000010111001001 "
b1000010111001001 '
b1000010111001000 $
b1000010111001000 &
b100011111 %
#290
b101010100101000 !
b101010100101000 "
b101010100101000 '
b101010100100111 $
b101010100100111 &
b100100000 %
#291
b1111100110100010 !
b1111100110100010 "
b1111100110100010 '
b1111100110100001 $
b1111100110100001 &
b100100001 %
#292
b110111000100000 !
b110111000100000 "
b110111000100000 '
b110111000011111 $
b110111000011111 &
b100100010 %
#293
b11101000000101 !
b11101000000101 "
b11101000000101 '
b11101000000100 $
b11101000000100 &
b100100011 %
#294
b10001101011001 !
b10001101011001 "
b10001101011001 '
b10001101011000 $
b10001101011000 &
b100100100 %
#295
b1000000010010111 !
b1000000010010111 "
b1000000010010111 '
b1000000010010110 $
b1000000010010110 &
b100100101 %
#296
b1001001100010101 !
b1001001100010101 "
b1001001100010101 '
b1001001100010100 $
b1001001100010100 &
b100100110 %
#297
b1011010000010011 !
b1011010000010011 "
b1011010000010011 '
b1011010000010010 $
b1011010000010010 &
b100100111 %
#298
b111000010010111 !
b111000010010111 "
b111000010010111 '
b111000010010110 $
b111000010010110 &
b100101000 %
#299
b1110001010110010 !
b1110001010110010 "
b1110001010110010 '
b1110001010110001 $
b1110001010110001 &
b100101001 %
#300
b1101010101010110 !
b1101010101010110 "
b1101010101010110 '
b1101010101010101 $
b1101010101010101 &
b100101010 %
#301
b1000111011101110 !
b1000111011101110 "
b1000111011101110 '
b1000111011101101 $
b1000111011101101 &
b100101011 %
#302
b10101100101100 !
b10101100101100 "
b10101100101100 '
b10101100101011 $
b10101100101011 &
b100101100 %
#303
b1101111110110 !
b1101111110110 "
b1101111110110 '
b1101111110101 $
b1101111110101 &
b100101101 %
#304
b1110101110 !
b1110101110 "
b1110101110 '
b1110101101 $
b1110101101 &
b100101110 %
#305
b10001000101000 !
b10001000101000 "
b10001000101000 '
b10001000100111 $
b10001000100111 &
b100101111 %
#306
b1111111110000101 !
b1111111110000101 "
b1111111110000101 '
b1111111110000100 $
b1111111110000100 &
b100110000 %
#307
b1110010010101000 !
b1110010010101000 "
b1110010010101000 '
b1110010010100111 $
b1110010010100111 &
b100110001 %
#308
b1010011011101000 !
b1010011011101000 "
b1010011011101000 '
b1010011011100111 $
b1010011011100111 &
b100110010 %
#309
b1001000010111010 !
b1001000010111010 "
b1001000010111010 '
b1001000010111001 $
b1001000010111001 &
b100110011 %
#310
b101011001001010 !
b101011001001010 "
b101011001001010 '
b101011001001001 $
b101011001001001 &
b100110100 %
#311
b1011101111011100 !
b1011101111011100 "
b1011101111011100 '
b1011101111011011 $
b1011101111011011 &
b100110101 %
#312
b111111001010 !
b111111001010 "
b111111001010 '
b111111001001 $
b111111001001 &
b100110110 %
#313
b1011000101010010 !
b1011000101010010 "
b1011000101010010 '
b1011000101010001 $
b1011000101010001 &
b100110111 %
#314
b101111010100010 !
b101111010100010 "
b101111010100010 '
b101111010100001 $
b101111010100001 &
b100111000 %
#315
b1101110100101011 !
b1101110100101011 "
b1101110100101011 '
b1101110100101010 $
b1101110100101010 &
b100111001 %
#316
b100010111111011 !
b100010111111011 "
b100010111111011 '
b100010111111010 $
b100010111111010 &
b100111010 %
#317
b10000001000110 !
b10000001000110 "
b10000001000110 '
b10000001000101 $
b10000001000101 &
b100111011 %
#318
b10110000100 !
b10110000100 "
b10110000100 '
b10110000011 $
b10110000011 &
b100111100 %
#319
b100001001111101 !
b100001001111101 "
b100001001111101 '
b100001001111100 $
b100001001111100 &
b100111101 %
#320
b1010001110011 !
b1010001110011 "
b1010001110011 '
b1010001110010 $
b1010001110010 &
b100111110 %
#321
b11110011111111 !
b11110011111111 "
b11110011111111 '
b11110011111110 $
b11110011111110 &
b100111111 %
#322
b1111001001101001 !
b1111001001101001 "
b1111001001101001 '
b1111001001101000 $
b1111001001101000 &
b101000000 %
#323
b1010101001110000 !
b1010101001110000 "
b1010101001110000 '
b1010101001101111 $
b1010101001101111 &
b101000001 %
#324
b110110000111 !
b110110000111 "
b110110000111 '
b110110000110 $
b110110000110 &
b101000010 %
#325
b10000111110001 !
b10000111110001 "
b10000111110001 '
b10000111110000 $
b10000111110000 &
b101000011 %
#326
b1001011100111001 !
b1001011100111001 "
b1001011100111001 '
b1001011100111000 $
b1001011100111000 &
b101000100 %
#327
b1001000101000001 !
b1001000101000001 "
b1001000101000001 '
b1001000101000000 $
b1001000101000000 &
b101000101 %
#328
b111011000101001 !
b111011000101001 "
b111011000101001 '
b111011000101000 $
b111011000101000 &
b101000110 %
#329
b1010100111110111 !
b1010100111110111 "
b1010100111110111 '
b1010100111110110 $
b1010100111110110 &
b101000111 %
#330
b1101011000110 !
b1101011000110 "
b1101011000110 '
b1101011000101 $
b1101011000101 &
b101001000 %
#331
b11000111000001 !
b11000111000001 "
b11000111000001 '
b11000111000000 $
b11000111000000 &
b101001001 %
#332
b101111101110101 !
b101111101110101 "
b101111101110101 '
b101111101110100 $
b101111101110100 &
b101001010 %
#333
b111000100111010 !
b111000100111010 "
b111000100111010 '
b111000100111001 $
b111000100111001 &
b101001011 %
#334
b110101010110001 !
b110101010110001 "
b110101010110001 '
b110101010110000 $
b110101010110000 &
b101001100 %
#335
b1000011100111101 !
b1000011100111101 "
b1000011100111101 '
b1000011100111100 $
b1000011100111100 &
b101001101 %
#336
b1001001100101011 !
b1001001100101011 "
b1001001100101011 '
b1001001100101010 $
b1001001100101010 &
b101001110 %
#337
b1101001101100011 !
b1101001101100011 "
b1101001101100011 '
b1101001101100010 $
b1101001101100010 &
b101001111 %
#338
b11010100010110 !
b11010100010110 "
b11010100010110 '
b11010100010101 $
b11010100010101 &
b101010000 %
#339
b100111011100010 !
b100111011100010 "
b100111011100010 '
b100111011100001 $
b100111011100001 &
b101010001 %
#340
b1001110100011000 !
b1001110100011000 "
b1001110100011000 '
b1001110100010111 $
b1001110100010111 &
b101010010 %
#341
b1110111001000100 !
b1110111001000100 "
b1110111001000100 '
b1110111001000011 $
b1110111001000011 &
b101010011 %
#342
b1110001111001010 !
b1110001111001010 "
b1110001111001010 '
b1110001111001001 $
b1110001111001001 &
b101010100 %
#343
b10010000111 !
b10010000111 "
b10010000111 '
b10010000110 $
b10010000110 &
b101010101 %
#344
b1100101100100110 !
b1100101100100110 "
b1100101100100110 '
b1100101100100101 $
b1100101100100101 &
b101010110 %
#345
b1001110111000010 !
b1001110111000010 "
b1001110111000010 '
b1001110111000001 $
b1001110111000001 &
b101010111 %
#346
b1010001010001110 !
b1010001010001110 "
b1010001010001110 '
b1010001010001101 $
b1010001010001101 &
b101011000 %
#347
b1110001001011011 !
b1110001001011011 "
b1110001001011011 '
b1110001001011010 $
b1110001001011010 &
b101011001 %
#348
b10011100001000 !
b10011100001000 "
b10011100001000 '
b10011100000111 $
b10011100000111 &
b101011010 %
#349
b111101100101101 !
b111101100101101 "
b111101100101101 '
b111101100101100 $
b111101100101100 &
b101011011 %
#350
b101110100001101 !
b101110100001101 "
b101110100001101 '
b101110100001100 $
b101110100001100 &
b101011100 %
#351
b1110011001110010 !
b1110011001110010 "
b1110011001110010 '
b1110011001110001 $
b1110011001110001 &
b101011101 %
#352
b111110000111100 !
b111110000111100 "
b111110000111100 '
b111110000111011 $
b111110000111011 &
b101011110 %
#353
b1110010110110111 !
b1110010110110111 "
b1110010110110111 '
b1110010110110110 $
b1110010110110110 &
b101011111 %
#354
b1100001011111000 !
b1100001011111000 "
b1100001011111000 '
b1100001011110111 $
b1100001011110111 &
b101100000 %
#355
b1100111010011111 !
b1100111010011111 "
b1100111010011111 '
b1100111010011110 $
b1100111010011110 &
b101100001 %
#356
b101100001011101 !
b101100001011101 "
b101100001011101 '
b101100001011100 $
b101100001011100 &
b101100010 %
#357
b1111011101010110 !
b1111011101010110 "
b1111011101010110 '
b1111011101010101 $
b1111011101010101 &
b101100011 %
#358
b11101000100001 !
b11101000100001 "
b11101000100001 '
b11101000100000 $
b11101000100000 &
b101100100 %
#359
b1001010100001 !
b1001010100001 "
b1001010100001 '
b1001010100000 $
b1001010100000 &
b101100101 %
#360
b100101110011 !
b100101110011 "
b100101110011 '
b100101110010 $
b100101110010 &
b101100110 %
#361
b1000110010110101 !
b1000110010110101 "
b1000110010110101 '
b1000110010110100 $
b1000110010110100 &
b101100111 %
#362
b1111010111011110 !
b1111010111011110 "
b1111010111011110 '
b1111010111011101 $
b1111010111011101 &
b101101000 %
#363
b1111000000001110 !
b1111000000001110 "
b1111000000001110 '
b1111000000001101 $
b1111000000001101 &
b101101001 %
#364
b1001100101001100 !
b1001100101001100 "
b1001100101001100 '
b1001100101001011 $
b1001100101001011 &
b101101010 %
#365
b100001001111010 !
b100001001111010 "
b100001001111010 '
b100001001111001 $
b100001001111001 &
b101101011 %
#366
b1101101010011111 !
b1101101010011111 "
b1101101010011111 '
b1101101010011110 $
b1101101010011110 &
b101101100 %
#367
b110010011111110 !
b110010011111110 "
b110010011111110 '
b110010011111101 $
b110010011111101 &
b101101101 %
#368
b1101001001111100 !
b1101001001111100 "
b1101001001111100 '
b1101001001111011 $
b1101001001111011 &
b101101110 %
#369
b111001110010000 !
b111001110010000 "
b111001110010000 '
b111001110001111 $
b111001110001111 &
b101101111 %
#370
b1001101000000100 !
b1001101000000100 "
b1001101000000100 '
b1001101000000011 $
b1001101000000011 &
b101110000 %
#371
b10100111100100 !
b10100111100100 "
b10100111100100 '
b10100111100011 $
b10100111100011 &
b101110001 %
#372
b100001100011110 !
b100001100011110 "
b100001100011110 '
b100001100011101 $
b100001100011101 &
b101110010 %
#373
b11110110110010 !
b11110110110010 "
b11110110110010 '
b11110110110001 $
b11110110110001 &
b101110011 %
#374
b1001111101000101 !
b1001111101000101 "
b1001111101000101 '
b1001111101000100 $
b1001111101000100 &
b101110100 %
#375
b1011110010010110 !
b1011110010010110 "
b1011110010010110 '
b1011110010010101 $
b1011110010010101 &
b101110101 %
#376
b11010011100001 !
b11010011100001 "
b11010011100001 '
b11010011100000 $
b11010011100000 &
b101110110 %
#377
b111100011101110 !
b111100011101110 "
b111100011101110 '
b111100011101101 $
b111100011101101 &
b101110111 %
#378
b1010101010011 !
b1010101010011 "
b1010101010011 '
b1010101010010 $
b1010101010010 &
b101111000 %
#379
b101101111111001 !
b101101111111001 "
b101101111111001 '
b101101111111000 $
b101101111111000 &
b101111001 %
#380
b1011011110001110 !
b1011011110001110 "
b1011011110001110 '
b1011011110001101 $
b1011011110001101 &
b101111010 %
#381
b1100010001010011 !
b1100010001010011 "
b1100010001010011 '
b1100010001010010 $
b1100010001010010 &
b101111011 %
#382
b1110011110000101 !
b1110011110000101 "
b1110011110000101 '
b1110011110000100 $
b1110011110000100 &
b101111100 %
#383
b1111110101000111 !
b1111110101000111 "
b1111110101000111 '
b1111110101000110 $
b1111110101000110 &
b101111101 %
#384
b1001001010001101 !
b1001001010001101 "
b1001001010001101 '
b1001001010001100 $
b1001001010001100 &
b101111110 %
#385
b111110110010001 !
b111110110010001 "
b111110110010001 '
b111110110010000 $
b111110110010000 &
b101111111 %
#386
b1100000100011000 !
b1100000100011000 "
b1100000100011000 '
b1100000100010111 $
b1100000100010111 &
b110000000 %
#387
b110000101101011 !
b110000101101011 "
b110000101101011 '
b110000101101010 $
b110000101101010 &
b110000001 %
#388
b101011110000101 !
b101011110000101 "
b101011110000101 '
b101011110000100 $
b101011110000100 &
b110000010 %
#389
b1011110010101011 !
b1011110010101011 "
b1011110010101011 '
b1011110010101010 $
b1011110010101010 &
b110000011 %
#390
b111101111101 !
b111101111101 "
b111101111101 '
b111101111100 $
b111101111100 &
b110000100 %
#391
b1001100001 !
b1001100001 "
b1001100001 '
b1001100000 $
b1001100000 &
b110000101 %
#392
b100110110111011 !
b100110110111011 "
b100110110111011 '
b100110110111010 $
b100110110111010 &
b110000110 %
#393
b110000010001100 !
b110000010001100 "
b110000010001100 '
b110000010001011 $
b110000010001011 &
b110000111 %
#394
b1111111010100111 !
b1111111010100111 "
b1111111010100111 '
b1111111010100110 $
b1111111010100110 &
b110001000 %
#395
b1111000100110 !
b1111000100110 "
b1111000100110 '
b1111000100101 $
b1111000100101 &
b110001001 %
#396
b1000001100110011 !
b1000001100110011 "
b1000001100110011 '
b1000001100110010 $
b1000001100110010 &
b110001010 %
#397
b10010100011 !
b10010100011 "
b10010100011 '
b10010100010 $
b10010100010 &
b110001011 %
#398
b111110001001010 !
b111110001001010 "
b111110001001010 '
b111110001001001 $
b111110001001001 &
b110001100 %
#399
b1011000000010101 !
b1011000000010101 "
b1011000000010101 '
b1011000000010100 $
b1011000000010100 &
b110001101 %
#400
b1100000000111110 !
b1100000000111110 "
b1100000000111110 '
b1100000000111101 $
b1100000000111101 &
b110001110 %
#401
b1101001100 !
b1101001100 "
b1101001100 '
b1101001011 $
b1101001011 &
b110001111 %
#402
b11000001011101 !
b11000001011101 "
b11000001011101 '
b11000001011100 $
b11000001011100 &
b110010000 %
#403
b111010101001000 !
b111010101001000 "
b111010101001000 '
b111010101000111 $
b111010101000111 &
b110010001 %
#404
b1001011110000111 !
b1001011110000111 "
b1001011110000111 '
b1001011110000110 $
b1001011110000110 &
b110010010 %
#405
b111101000111010 !
b111101000111010 "
b111101000111010 '
b111101000111001 $
b111101000111001 &
b110010011 %
#406
b1000101010110101 !
b1000101010110101 "
b1000101010110101 '
b1000101010110100 $
b1000101010110100 &
b110010100 %
#407
b1110010111010001 !
b1110010111010001 "
b1110010111010001 '
b1110010111010000 $
b1110010111010000 &
b110010101 %
#408
b101000000101101 !
b101000000101101 "
b101000000101101 '
b101000000101100 $
b101000000101100 &
b110010110 %
#409
b100010110001101 !
b100010110001101 "
b100010110001101 '
b100010110001100 $
b100010110001100 &
b110010111 %
#410
b1011011100001000 !
b1011011100001000 "
b1011011100001000 '
b1011011100000111 $
b1011011100000111 &
b110011000 %
#411
b100000001101011 !
b100000001101011 "
b100000001101011 '
b100000001101010 $
b100000001101010 &
b110011001 %
#412
b1111100100010010 !
b1111100100010010 "
b1111100100010010 '
b1111100100010001 $
b1111100100010001 &
b110011010 %
#413
b1111111111101001 !
b1111111111101001 "
b1111111111101001 '
b1111111111101000 $
b1111111111101000 &
b110011011 %
#414
b1001111001001100 !
b1001111001001100 "
b1001111001001100 '
b1001111001001011 $
b1001111001001011 &
b110011100 %
#415
b1000000101110100 !
b1000000101110100 "
b1000000101110100 '
b1000000101110011 $
b1000000101110011 &
b110011101 %
#416
b101101111101101 !
b101101111101101 "
b101101111101101 '
b101101111101100 $
b101101111101100 &
b110011110 %
#417
b10100100100 !
b10100100100 "
b10100100100 '
b10100100011 $
b10100100011 &
b110011111 %
#418
b1110111110100101 !
b1110111110100101 "
b1110111110100101 '
b1110111110100100 $
b1110111110100100 &
b110100000 %
#419
b110010111001010 !
b110010111001010 "
b110010111001010 '
b110010111001001 $
b110010111001001 &
b110100001 %
#420
b10000111010 !
b10000111010 "
b10000111010 '
b10000111001 $
b10000111001 &
b110100010 %
#421
b111001011100000 !
b111001011100000 "
b111001011100000 '
b111001011011111 $
b111001011011111 &
b110100011 %
#422
b1010011010101 !
b1010011010101 "
b1010011010101 '
b1010011010100 $
b1010011010100 &
b110100100 %
#423
b110010101101000 !
b110010101101000 "
b110010101101000 '
b110010101100111 $
b110010101100111 &
b110100101 %
#424
b100000110011110 !
b100000110011110 "
b100000110011110 '
b100000110011101 $
b100000110011101 &
b110100110 %
#425
b10010110110001 !
b10010110110001 "
b10010110110001 '
b10010110110000 $
b10010110110000 &
b110100111 %
#426
b11100110000011 !
b11100110000011 "
b11100110000011 '
b11100110000010 $
b11100110000010 &
b110101000 %
#427
b1011111101001010 !
b1011111101001010 "
b1011111101001010 '
b1011111101001001 $
b1011111101001001 &
b110101001 %
#428
b1101011011010 !
b1101011011010 "
b1101011011010 '
b1101011011001 $
b1101011011001 &
b110101010 %
#429
b1011011100100001 !
b1011011100100001 "
b1011011100100001 '
b1011011100100000 $
b1011011100100000 &
b110101011 %
#430
b100110000011101 !
b100110000011101 "
b100110000011101 '
b100110000011100 $
b100110000011100 &
b110101100 %
#431
b110111110010100 !
b110111110010100 "
b110111110010100 '
b110111110010011 $
b110111110010011 &
b110101101 %
#432
b110000111100100 !
b110000111100100 "
b110000111100100 '
b110000111100011 $
b110000111100011 &
b110101110 %
#433
b1000001000101011 !
b1000001000101011 "
b1000001000101011 '
b1000001000101010 $
b1000001000101010 &
b110101111 %
#434
b1111100011001001 !
b1111100011001001 "
b1111100011001001 '
b1111100011001000 $
b1111100011001000 &
b110110000 %
#435
b10111001011110 !
b10111001011110 "
b10111001011110 '
b10111001011101 $
b10111001011101 &
b110110001 %
#436
b1001110100111011 !
b1001110100111011 "
b1001110100111011 '
b1001110100111010 $
b1001110100111010 &
b110110010 %
#437
b1010100110000101 !
b1010100110000101 "
b1010100110000101 '
b1010100110000100 $
b1010100110000100 &
b110110011 %
#438
b1010100000101100 !
b1010100000101100 "
b1010100000101100 '
b1010100000101011 $
b1010100000101011 &
b110110100 %
#439
b111111100111010 !
b111111100111010 "
b111111100111010 '
b111111100111001 $
b111111100111001 &
b110110101 %
#440
b1110000010011 !
b1110000010011 "
b1110000010011 '
b1110000010010 $
b1110000010010 &
b110110110 %
#441
b1010011 !
b1010011 "
b1010011 '
b1010010 $
b1010010 &
b110110111 %
#442
b1000100101011010 !
b1000100101011010 "
b1000100101011010 '
b1000100101011001 $
b1000100101011001 &
b110111000 %
#443
b1001011011010001 !
b1001011011010001 "
b1001011011010001 '
b1001011011010000 $
b1001011011010000 &
b110111001 %
#444
b1110101001101111 !
b1110101001101111 "
b1110101001101111 '
b1110101001101110 $
b1110101001101110 &
b110111010 %
#445
b10100110011000 !
b10100110011000 "
b10100110011000 '
b10100110010111 $
b10100110010111 &
b110111011 %
#446
b1000011111011100 !
b1000011111011100 "
b1000011111011100 '
b1000011111011011 $
b1000011111011011 &
b110111100 %
#447
b111011110100111 !
b111011110100111 "
b111011110100111 '
b111011110100110 $
b111011110100110 &
b110111101 %
#448
b1101001110111100 !
b1101001110111100 "
b1101001110111100 '
b1101001110111011 $
b1101001110111011 &
b110111110 %
#449
b111110000000001 !
b111110000000001 "
b111110000000001 '
b111110000000000 $
b111110000000000 &
b110111111 %
#450
b100110000010000 !
b100110000010000 "
b100110000010000 '
b100110000001111 $
b100110000001111 &
b111000000 %
#451
b1101011001101010 !
b1101011001101010 "
b1101011001101010 '
b1101011001101001 $
b1101011001101001 &
b111000001 %
#452
b110001000001101 !
b110001000001101 "
b110001000001101 '
b110001000001100 $
b110001000001100 &
b111000010 %
#453
b1100101011010 !
b1100101011010 "
b1100101011010 '
b1100101011001 $
b1100101011001 &
b111000011 %
#454
b100100111000110 !
b100100111000110 "
b100100111000110 '
b100100111000101 $
b100100111000101 &
b111000100 %
#455
b11010111010000 !
b11010111010000 "
b11010111010000 '
b11010111001111 $
b11010111001111 &
b111000101 %
#456
b1110010110010001 !
b1110010110010001 "
b1110010110010001 '
b1110010110010000 $
b1110010110010000 &
b111000110 %
#457
b1101100001010010 !
b1101100001010010 "
b1101100001010010 '
b1101100001010001 $
b1101100001010001 &
b111000111 %
#458
b1010010001101010 !
b1010010001101010 "
b1010010001101010 '
b1010010001101001 $
b1010010001101001 &
b111001000 %
#459
b1100110101111000 !
b1100110101111000 "
b1100110101111000 '
b1100110101110111 $
b1100110101110111 &
b111001001 %
#460
b110010101001011 !
b110010101001011 "
b110010101001011 '
b110010101001010 $
b110010101001010 &
b111001010 %
#461
b101100011011001 !
b101100011011001 "
b101100011011001 '
b101100011011000 $
b101100011011000 &
b111001011 %
#462
b100110110011100 !
b100110110011100 "
b100110110011100 '
b100110110011011 $
b100110110011011 &
b111001100 %
#463
b1001101011000101 !
b1001101011000101 "
b1001101011000101 '
b1001101011000100 $
b1001101011000100 &
b111001101 %
#464
b1011000110111001 !
b1011000110111001 "
b1011000110111001 '
b1011000110111000 $
b1011000110111000 &
b111001110 %
#465
b1111001010111000 !
b1111001010111000 "
b1111001010111000 '
b1111001010110111 $
b1111001010110111 &
b111001111 %
#466
b1110111010000111 !
b1110111010000111 "
b1110111010000111 '
b1110111010000110 $
b1110111010000110 &
b111010000 %
#467
b101101000110001 !
b101101000110001 "
b101101000110001 '
b101101000110000 $
b101101000110000 &
b111010001 %
#468
b101001101111000 !
b101001101111000 "
b101001101111000 '
b101001101110111 $
b101001101110111 &
b111010010 %
#469
b1100011110110110 !
b1100011110110110 "
b1100011110110110 '
b1100011110110101 $
b1100011110110101 &
b111010011 %
#470
b1111010111010101 !
b1111010111010101 "
b1111010111010101 '
b1111010111010100 $
b1111010111010100 &
b111010100 %
#471
b1000011100001000 !
b1000011100001000 "
b1000011100001000 '
b1000011100000111 $
b1000011100000111 &
b111010101 %
#472
b1001011101110111 !
b1001011101110111 "
b1001011101110111 '
b1001011101110110 $
b1001011101110110 &
b111010110 %
#473
b1010110111101010 !
b1010110111101010 "
b1010110111101010 '
b1010110111101001 $
b1010110111101001 &
b111010111 %
#474
b1000101110001100 !
b1000101110001100 "
b1000101110001100 '
b1000101110001011 $
b1000101110001011 &
b111011000 %
#475
b101111100000010 !
b101111100000010 "
b101111100000010 '
b101111100000001 $
b101111100000001 &
b111011001 %
#476
b1000101111011100 !
b1000101111011100 "
b1000101111011100 '
b1000101111011011 $
b1000101111011011 &
b111011010 %
#477
b100001010000001 !
b100001010000001 "
b100001010000001 '
b100001010000000 $
b100001010000000 &
b111011011 %
#478
b1001111111000011 !
b1001111111000011 "
b1001111111000011 '
b1001111111000010 $
b1001111111000010 &
b111011100 %
#479
b1101101011000110 !
b1101101011000110 "
b1101101011000110 '
b1101101011000101 $
b1101101011000101 &
b111011101 %
#480
b1111101000110001 !
b1111101000110001 "
b1111101000110001 '
b1111101000110000 $
b1111101000110000 &
b111011110 %
#481
b1110010010110000 !
b1110010010110000 "
b1110010010110000 '
b1110010010101111 $
b1110010010101111 &
b111011111 %
#482
b1101101001100111 !
b1101101001100111 "
b1101101001100111 '
b1101101001100110 $
b1101101001100110 &
b111100000 %
#483
b1011100110110000 !
b1011100110110000 "
b1011100110110000 '
b1011100110101111 $
b1011100110101111 &
b111100001 %
#484
b110111011101010 !
b110111011101010 "
b110111011101010 '
b110111011101001 $
b110111011101001 &
b111100010 %
#485
b1010111111111001 !
b1010111111111001 "
b1010111111111001 '
b1010111111111000 $
b1010111111111000 &
b111100011 %
#486
b1010110000000111 !
b1010110000000111 "
b1010110000000111 '
b1010110000000110 $
b1010110000000110 &
b111100100 %
#487
b111011011110000 !
b111011011110000 "
b111011011110000 '
b111011011101111 $
b111011011101111 &
b111100101 %
#488
b11011111100010 !
b11011111100010 "
b11011111100010 '
b11011111100001 $
b11011111100001 &
b111100110 %
#489
b111110010010110 !
b111110010010110 "
b111110010010110 '
b111110010010101 $
b111110010010101 &
b111100111 %
#490
b11111011101111 !
b11111011101111 "
b11111011101111 '
b11111011101110 $
b11111011101110 &
b111101000 %
#491
b100110101100001 !
b100110101100001 "
b100110101100001 '
b100110101100000 $
b100110101100000 &
b111101001 %
#492
b101111011100110 !
b101111011100110 "
b101111011100110 '
b101111011100101 $
b101111011100101 &
b111101010 %
#493
b1110101000101001 !
b1110101000101001 "
b1110101000101001 '
b1110101000101000 $
b1110101000101000 &
b111101011 %
#494
b111110101100101 !
b111110101100101 "
b111110101100101 '
b111110101100100 $
b111110101100100 &
b111101100 %
#495
b11011100101010 !
b11011100101010 "
b11011100101010 '
b11011100101001 $
b11011100101001 &
b111101101 %
#496
b1010111011100010 !
b1010111011100010 "
b1010111011100010 '
b1010111011100001 $
b1010111011100001 &
b111101110 %
#497
b101001001111000 !
b101001001111000 "
b101001001111000 '
b101001001110111 $
b101001001110111 &
b111101111 %
#498
b1010101101111 !
b1010101101111 "
b1010101101111 '
b1010101101110 $
b1010101101110 &
b111110000 %
#499
b1111010110000010 !
b1111010110000010 "
b1111010110000010 '
b1111010110000001 $
b1111010110000001 &
b111110001 %
#500
b1011100111010110 !
b1011100111010110 "
b1011100111010110 '
b1011100111010101 $
b1011100111010101 &
b111110010 %
#501
b1101010101101001 !
b1101010101101001 "
b1101010101101001 '
b1101010101101000 $
b1101010101101000 &
b111110011 %
#502
b111000111110001 !
b111000111110001 "
b111000111110001 '
b111000111110000 $
b111000111110000 &
b111110100 %
#503
b10101011 !
b10101011 "
b10101011 '
b10101010 $
b10101010 &
b111110101 %
#504
b1100001100010000 !
b1100001100010000 "
b1100001100010000 '
b1100001100001111 $
b1100001100001111 &
b111110110 %
#505
b100100011110010 !
b100100011110010 "
b100100011110010 '
b100100011110001 $
b100100011110001 &
b111110111 %
#506
b1011110001111110 !
b1011110001111110 "
b1011110001111110 '
b1011110001111101 $
b1011110001111101 &
b111111000 %
#507
b1001010110001111 !
b1001010110001111 "
b1001010110001111 '
b1001010110001110 $
b1001010110001110 &
b111111001 %
#508
b1101110011100011 !
b1101110011100011 "
b1101110011100011 '
b1101110011100010 $
b1101110011100010 &
b111111010 %
#509
b100110100111101 !
b100110100111101 "
b100110100111101 '
b100110100111100 $
b100110100111100 &
b111111011 %
#510
b1110011010101010 !
b1110011010101010 "
b1110011010101010 '
b1110011010101001 $
b1110011010101001 &
b111111100 %
#511
b1011000111110000 !
b1011000111110000 "
b1011000111110000 '
b1011000111101111 $
b1011000111101111 &
b111111101 %
#512
b1101000001011100 !
b1101000001011100 "
b1101000001011100 '
b1101000001011011 $
b1101000001011011 &
b111111110 %
#513
b11110010110000 !
b11110010110000 "
b11110010110000 '
b11110010101111 $
b11110010101111 &
b111111111 %
#514
b1001101101001011 !
b1001101101001011 "
b1001101101001011 '
b1001101101001010 $
b1001101101001010 &
b1000000000 %
#515
b110110111010 !
b110110111010 "
b110110111010 '
b110110111001 $
b110110111001 &
b1000000001 %
#516
b10110100010100 !
b10110100010100 "
b10110100010100 '
b10110100010011 $
b10110100010011 &
b1000000010 %
#517
b11010100010100 !
b11010100010100 "
b11010100010100 '
b11010100010011 $
b11010100010011 &
b1000000011 %
#518
b100000101100110 !
b100000101100110 "
b100000101100110 '
b100000101100101 $
b100000101100101 &
b1000000100 %
#519
b10011101010010 !
b10011101010010 "
b10011101010010 '
b10011101010001 $
b10011101010001 &
b1000000101 %
#520
b11101010111000 !
b11101010111000 "
b11101010111000 '
b11101010110111 $
b11101010110111 &
b1000000110 %
#521
b1000010011010 !
b1000010011010 "
b1000010011010 '
b1000010011001 $
b1000010011001 &
b1000000111 %
#522
b100000111011 !
b100000111011 "
b100000111011 '
b100000111010 $
b100000111010 &
b1000001000 %
#523
b11101001110010 !
b11101001110010 "
b11101001110010 '
b11101001110001 $
b11101001110001 &
b1000001001 %
#524
b11101100011 !
b11101100011 "
b11101100011 '
b11101100010 $
b11101100010 &
b1000001010 %
#525
b110101011100101 !
b110101011100101 "
b110101011100101 '
b110101011100100 $
b110101011100100 &
b1000001011 %
#526
b1101110100101011 !
b1101110100101011 "
b1101110100101011 '
b1101110100101010 $
b1101110100101010 &
b1000001100 %
#527
b100010001111110 !
b100010001111110 "
b100010001111110 '
b100010001111101 $
b100010001111101 &
b1000001101 %
#528
b101111101011010 !
b101111101011010 "
b101111101011010 '
b101111101011001 $
b101111101011001 &
b1000001110 %
#529
b1010001111100110 !
b1010001111100110 "
b1010001111100110 '
b1010001111100101 $
b1010001111100101 &
b1000001111 %
#530
b110101111101110 !
b110101111101110 "
b110101111101110 '
b110101111101101 $
b110101111101101 &
b1000010000 %
#531
b11001010 !
b11001010 "
b11001010 '
b11001001 $
b11001001 &
b1000010001 %
#532
b1100110001000010 !
b1100110001000010 "
b1100110001000010 '
b1100110001000001 $
b1100110001000001 &
b1000010010 %
#533
b1101000110110000 !
b1101000110110000 "
b1101000110110000 '
b1101000110101111 $
b1101000110101111 &
b1000010011 %
#534
b1110011011100 !
b1110011011100 "
b1110011011100 '
b1110011011011 $
b1110011011011 &
b1000010100 %
#535
b1110100011001110 !
b1110100011001110 "
b1110100011001110 '
b1110100011001101 $
b1110100011001101 &
b1000010101 %
#536
b1001111101110001 !
b1001111101110001 "
b1001111101110001 '
b1001111101110000 $
b1001111101110000 &
b1000010110 %
#537
b1101010000000111 !
b1101010000000111 "
b1101010000000111 '
b1101010000000110 $
b1101010000000110 &
b1000010111 %
#538
b10000010100011 !
b10000010100011 "
b10000010100011 '
b10000010100010 $
b10000010100010 &
b1000011000 %
#539
b11110110111110 !
b11110110111110 "
b11110110111110 '
b11110110111101 $
b11110110111101 &
b1000011001 %
#540
b1101111001101011 !
b1101111001101011 "
b1101111001101011 '
b1101111001101010 $
b1101111001101010 &
b1000011010 %
#541
b100011111011101 !
b100011111011101 "
b100011111011101 '
b100011111011100 $
b100011111011100 &
b1000011011 %
#542
b101111001010001 !
b101111001010001 "
b101111001010001 '
b101111001010000 $
b101111001010000 &
b1000011100 %
#543
b1111010001111100 !
b1111010001111100 "
b1111010001111100 '
b1111010001111011 $
b1111010001111011 &
b1000011101 %
#544
b101100000100110 !
b101100000100110 "
b101100000100110 '
b101100000100101 $
b101100000100101 &
b1000011110 %
#545
b1000010001111001 !
b1000010001111001 "
b1000010001111001 '
b1000010001111000 $
b1000010001111000 &
b1000011111 %
#546
b1000100111110111 !
b1000100111110111 "
b1000100111110111 '
b1000100111110110 $
b1000100111110110 &
b1000100000 %
#547
b1100111001011101 !
b1100111001011101 "
b1100111001011101 '
b1100111001011100 $
b1100111001011100 &
b1000100001 %
#548
b1001101100100100 !
b1001101100100100 "
b1001101100100100 '
b1001101100100011 $
b1001101100100011 &
b1000100010 %
#549
b1010101101111010 !
b1010101101111010 "
b1010101101111010 '
b1010101101111001 $
b1010101101111001 &
b1000100011 %
#550
b10111001001 !
b10111001001 "
b10111001001 '
b10111001000 $
b10111001000 &
b1000100100 %
#551
b100011010111100 !
b100011010111100 "
b100011010111100 '
b100011010111011 $
b100011010111011 &
b1000100101 %
#552
b1110111000001111 !
b1110111000001111 "
b1110111000001111 '
b1110111000001110 $
b1110111000001110 &
b1000100110 %
#553
b1001010001110100 !
b1001010001110100 "
b1001010001110100 '
b1001010001110011 $
b1001010001110011 &
b1000100111 %
#554
b1100001101 !
b1100001101 "
b1100001101 '
b1100001100 $
b1100001100 &
b1000101000 %
#555
b1001100011001111 !
b1001100011001111 "
b1001100011001111 '
b1001100011001110 $
b1001100011001110 &
b1000101001 %
#556
b110000111010101 !
b110000111010101 "
b110000111010101 '
b110000111010100 $
b110000111010100 &
b1000101010 %
#557
b1101110001011010 !
b1101110001011010 "
b1101110001011010 '
b1101110001011001 $
b1101110001011001 &
b1000101011 %
#558
b110111110111010 !
b110111110111010 "
b110111110111010 '
b110111110111001 $
b110111110111001 &
b1000101100 %
#559
b1100000010110100 !
b1100000010110100 "
b1100000010110100 '
b1100000010110011 $
b1100000010110011 &
b1000101101 %
#560
b1011111111110101 !
b1011111111110101 "
b1011111111110101 '
b1011111111110100 $
b1011111111110100 &
b1000101110 %
#561
b1110001001110110 !
b1110001001110110 "
b1110001001110110 '
b1110001001110101 $
b1110001001110101 &
b1000101111 %
#562
b1111000100001101 !
b1111000100001101 "
b1111000100001101 '
b1111000100001100 $
b1111000100001100 &
b1000110000 %
#563
b111101000111010 !
b111101000111010 "
b111101000111010 '
b111101000111001 $
b111101000111001 &
b1000110001 %
#564
b1001001100000011 !
b1001001100000011 "
b1001001100000011 '
b1001001100000010 $
b1001001100000010 &
b1000110010 %
#565
b1011111000010110 !
b1011111000010110 "
b1011111000010110 '
b1011111000010101 $
b1011111000010101 &
b1000110011 %
#566
b1111100100000110 !
b1111100100000110 "
b1111100100000110 '
b1111100100000101 $
b1111100100000101 &
b1000110100 %
#567
b100001101001111 !
b100001101001111 "
b100001101001111 '
b100001101001110 $
b100001101001110 &
b1000110101 %
#568
b10100100000011 !
b10100100000011 "
b10100100000011 '
b10100100000010 $
b10100100000010 &
b1000110110 %
#569
b101000110111001 !
b101000110111001 "
b101000110111001 '
b101000110111000 $
b101000110111000 &
b1000110111 %
#570
b1011001000001001 !
b1011001000001001 "
b1011001000001001 '
b1011001000001000 $
b1011001000001000 &
b1000111000 %
#571
b101001110001110 !
b101001110001110 "
b101001110001110 '
b101001110001101 $
b101001110001101 &
b1000111001 %
#572
b1000111010110000 !
b1000111010110000 "
b1000111010110000 '
b1000111010101111 $
b1000111010101111 &
b1000111010 %
#573
b11000111101001 !
b11000111101001 "
b11000111101001 '
b11000111101000 $
b11000111101000 &
b1000111011 %
#574
b100110010001 !
b100110010001 "
b100110010001 '
b100110010000 $
b100110010000 &
b1000111100 %
#575
b1010101111110110 !
b1010101111110110 "
b1010101111110110 '
b1010101111110101 $
b1010101111110101 &
b1000111101 %
#576
b1001000001001101 !
b1001000001001101 "
b1001000001001101 '
b1001000001001100 $
b1001000001001100 &
b1000111110 %
#577
b1011110101111100 !
b1011110101111100 "
b1011110101111100 '
b1011110101111011 $
b1011110101111011 &
b1000111111 %
#578
b1010011001000001 !
b1010011001000001 "
b1010011001000001 '
b1010011001000000 $
b1010011001000000 &
b1001000000 %
#579
b1100100110 !
b1100100110 "
b1100100110 '
b1100100101 $
b1100100101 &
b1001000001 %
#580
b1011011000001110 !
b1011011000001110 "
b1011011000001110 '
b1011011000001101 $
b1011011000001101 &
b1001000010 %
#581
b1000001110001 !
b1000001110001 "
b1000001110001 '
b1000001110000 $
b1000001110000 &
b1001000011 %
#582
b1111100100101110 !
b1111100100101110 "
b1111100100101110 '
b1111100100101101 $
b1111100100101101 &
b1001000100 %
#583
b1101100000101010 !
b1101100000101010 "
b1101100000101010 '
b1101100000101001 $
b1101100000101001 &
b1001000101 %
#584
b101000110111101 !
b101000110111101 "
b101000110111101 '
b101000110111100 $
b101000110111100 &
b1001000110 %
#585
b100000110001 !
b100000110001 "
b100000110001 '
b100000110000 $
b100000110000 &
b1001000111 %
#586
b10110111000001 !
b10110111000001 "
b10110111000001 '
b10110111000000 $
b10110111000000 &
b1001001000 %
#587
b110100101010001 !
b110100101010001 "
b110100101010001 '
b110100101010000 $
b110100101010000 &
b1001001001 %
#588
b110101010100010 !
b110101010100010 "
b110101010100010 '
b110101010100001 $
b110101010100001 &
b1001001010 %
#589
b11111101001110 !
b11111101001110 "
b11111101001110 '
b11111101001101 $
b11111101001101 &
b1001001011 %
#590
b10111011110110 !
b10111011110110 "
b10111011110110 '
b10111011110101 $
b10111011110101 &
b1001001100 %
#591
b1010111111110110 !
b1010111111110110 "
b1010111111110110 '
b1010111111110101 $
b1010111111110101 &
b1001001101 %
#592
b1100110001011110 !
b1100110001011110 "
b1100110001011110 '
b1100110001011101 $
b1100110001011101 &
b1001001110 %
#593
b1001010010101 !
b1001010010101 "
b1001010010101 '
b1001010010100 $
b1001010010100 &
b1001001111 %
#594
b1010011001101011 !
b1010011001101011 "
b1010011001101011 '
b1010011001101010 $
b1010011001101010 &
b1001010000 %
#595
b110010110111101 !
b110010110111101 "
b110010110111101 '
b110010110111100 $
b110010110111100 &
b1001010001 %
#596
b100010111001 !
b100010111001 "
b100010111001 '
b100010111000 $
b100010111000 &
b1001010010 %
#597
b1001110010011111 !
b1001110010011111 "
b1001110010011111 '
b1001110010011110 $
b1001110010011110 &
b1001010011 %
#598
b11011111011 !
b11011111011 "
b11011111011 '
b11011111010 $
b11011111010 &
b1001010100 %
#599
b101101000111 !
b101101000111 "
b101101000111 '
b101101000110 $
b101101000110 &
b1001010101 %
#600
b110010000001000 !
b110010000001000 "
b110010000001000 '
b110010000000111 $
b110010000000111 &
b1001010110 %
#601
b1011110010010100 !
b1011110010010100 "
b1011110010010100 '
b1011110010010011 $
b1011110010010011 &
b1001010111 %
#602
b111010001010110 !
b111010001010110 "
b111010001010110 '
b111010001010101 $
b111010001010101 &
b1001011000 %
#603
b1101101110111000 !
b1101101110111000 "
b1101101110111000 '
b1101101110110111 $
b1101101110110111 &
b1001011001 %
#604
b1111000101000110 !
b1111000101000110 "
b1111000101000110 '
b1111000101000101 $
b1111000101000101 &
b1001011010 %
#605
b101001100100 !
b101001100100 "
b101001100100 '
b101001100011 $
b101001100011 &
b1001011011 %
#606
b1110000001011010 !
b1110000001011010 "
b1110000001011010 '
b1110000001011001 $
b1110000001011001 &
b1001011100 %
#607
b1100111000100111 !
b1100111000100111 "
b1100111000100111 '
b1100111000100110 $
b1100111000100110 &
b1001011101 %
#608
b111011001101001 !
b111011001101001 "
b111011001101001 '
b111011001101000 $
b111011001101000 &
b1001011110 %
#609
b1110010000011111 !
b1110010000011111 "
b1110010000011111 '
b1110010000011110 $
b1110010000011110 &
b1001011111 %
#610
b1111010010010001 !
b1111010010010001 "
b1111010010010001 '
b1111010010010000 $
b1111010010010000 &
b1001100000 %
#611
b1010010101011011 !
b1010010101011011 "
b1010010101011011 '
b1010010101011010 $
b1010010101011010 &
b1001100001 %
#612
b1000010100011101 !
b1000010100011101 "
b1000010100011101 '
b1000010100011100 $
b1000010100011100 &
b1001100010 %
#613
b110011110111010 !
b110011110111010 "
b110011110111010 '
b110011110111001 $
b110011110111001 &
b1001100011 %
#614
b1111110101100 !
b1111110101100 "
b1111110101100 '
b1111110101011 $
b1111110101011 &
b1001100100 %
#615
b1101100111010001 !
b1101100111010001 "
b1101100111010001 '
b1101100111010000 $
b1101100111010000 &
b1001100101 %
#616
b110010101110000 !
b110010101110000 "
b110010101110000 '
b110010101101111 $
b110010101101111 &
b1001100110 %
#617
b110110111011001 !
b110110111011001 "
b110110111011001 '
b110110111011000 $
b110110111011000 &
b1001100111 %
#618
b1000100001000110 !
b1000100001000110 "
b1000100001000110 '
b1000100001000101 $
b1000100001000101 &
b1001101000 %
#619
b1010011110001110 !
b1010011110001110 "
b1010011110001110 '
b1010011110001101 $
b1010011110001101 &
b1001101001 %
#620
b10001110001100 !
b10001110001100 "
b10001110001100 '
b10001110001011 $
b10001110001011 &
b1001101010 %
#621
b1001000111111101 !
b1001000111111101 "
b1001000111111101 '
b1001000111111100 $
b1001000111111100 &
b1001101011 %
#622
b1111111011101 !
b1111111011101 "
b1111111011101 '
b1111111011100 $
b1111111011100 &
b1001101100 %
#623
b101010100101 !
b101010100101 "
b101010100101 '
b101010100100 $
b101010100100 &
b1001101101 %
#624
b1000110100011010 !
b1000110100011010 "
b1000110100011010 '
b1000110100011001 $
b1000110100011001 &
b1001101110 %
#625
b11001110100110 !
b11001110100110 "
b11001110100110 '
b11001110100101 $
b11001110100101 &
b1001101111 %
#626
b1000111000111111 !
b1000111000111111 "
b1000111000111111 '
b1000111000111110 $
b1000111000111110 &
b1001110000 %
#627
b1100000011110100 !
b1100000011110100 "
b1100000011110100 '
b1100000011110011 $
b1100000011110011 &
b1001110001 %
#628
b10110001011001 !
b10110001011001 "
b10110001011001 '
b10110001011000 $
b10110001011000 &
b1001110010 %
#629
b110101111000101 !
b110101111000101 "
b110101111000101 '
b110101111000100 $
b110101111000100 &
b1001110011 %
#630
b100001101011101 !
b100001101011101 "
b100001101011101 '
b100001101011100 $
b100001101011100 &
b1001110100 %
#631
b100010100000111 !
b100010100000111 "
b100010100000111 '
b100010100000110 $
b100010100000110 &
b1001110101 %
#632
b101000010011011 !
b101000010011011 "
b101000010011011 '
b101000010011010 $
b101000010011010 &
b1001110110 %
#633
b1100100011001 !
b1100100011001 "
b1100100011001 '
b1100100011000 $
b1100100011000 &
b1001110111 %
#634
b110011011000110 !
b110011011000110 "
b110011011000110 '
b110011011000101 $
b110011011000101 &
b1001111000 %
#635
b1101000110101011 !
b1101000110101011 "
b1101000110101011 '
b1101000110101010 $
b1101000110101010 &
b1001111001 %
#636
b1100011011 !
b1100011011 "
b1100011011 '
b1100011010 $
b1100011010 &
b1001111010 %
#637
b1101010111000100 !
b1101010111000100 "
b1101010111000100 '
b1101010111000011 $
b1101010111000011 &
b1001111011 %
#638
b1110100110110011 !
b1110100110110011 "
b1110100110110011 '
b1110100110110010 $
b1110100110110010 &
b1001111100 %
#639
b110001100001101 !
b110001100001101 "
b110001100001101 '
b110001100001100 $
b110001100001100 &
b1001111101 %
#640
b111011101010 !
b111011101010 "
b111011101010 '
b111011101001 $
b111011101001 &
b1001111110 %
#641
b1111110111000100 !
b1111110111000100 "
b1111110111000100 '
b1111110111000011 $
b1111110111000011 &
b1001111111 %
#642
b111001111101100 !
b111001111101100 "
b111001111101100 '
b111001111101011 $
b111001111101011 &
b1010000000 %
#643
b1011100111111001 !
b1011100111111001 "
b1011100111111001 '
b1011100111111000 $
b1011100111111000 &
b1010000001 %
#644
b1111110011 !
b1111110011 "
b1111110011 '
b1111110010 $
b1111110010 &
b1010000010 %
#645
b1010110110001010 !
b1010110110001010 "
b1010110110001010 '
b1010110110001001 $
b1010110110001001 &
b1010000011 %
#646
b111001101110000 !
b111001101110000 "
b111001101110000 '
b111001101101111 $
b111001101101111 &
b1010000100 %
#647
b100101100011100 !
b100101100011100 "
b100101100011100 '
b100101100011011 $
b100101100011011 &
b1010000101 %
#648
b10100010101110 !
b10100010101110 "
b10100010101110 '
b10100010101101 $
b10100010101101 &
b1010000110 %
#649
b1100000101101001 !
b1100000101101001 "
b1100000101101001 '
b1100000101101000 $
b1100000101101000 &
b1010000111 %
#650
b1001000100110 !
b1001000100110 "
b1001000100110 '
b1001000100101 $
b1001000100101 &
b1010001000 %
#651
b101011111010000 !
b101011111010000 "
b101011111010000 '
b101011111001111 $
b101011111001111 &
b1010001001 %
#652
b1000110110101100 !
b1000110110101100 "
b1000110110101100 '
b1000110110101011 $
b1000110110101011 &
b1010001010 %
#653
b1101001000011100 !
b1101001000011100 "
b1101001000011100 '
b1101001000011011 $
b1101001000011011 &
b1010001011 %
#654
b11111010000001 !
b11111010000001 "
b11111010000001 '
b11111010000000 $
b11111010000000 &
b1010001100 %
#655
b1101100101011110 !
b1101100101011110 "
b1101100101011110 '
b1101100101011101 $
b1101100101011101 &
b1010001101 %
#656
b1111110110000011 !
b1111110110000011 "
b1111110110000011 '
b1111110110000010 $
b1111110110000010 &
b1010001110 %
#657
b100001000000101 !
b100001000000101 "
b100001000000101 '
b100001000000100 $
b100001000000100 &
b1010001111 %
#658
b1010010101011000 !
b1010010101011000 "
b1010010101011000 '
b1010010101010111 $
b1010010101010111 &
b1010010000 %
#659
b1000101100110111 !
b1000101100110111 "
b1000101100110111 '
b1000101100110110 $
b1000101100110110 &
b1010010001 %
#660
b1100110011 !
b1100110011 "
b1100110011 '
b1100110010 $
b1100110010 &
b1010010010 %
#661
b10100001111010 !
b10100001111010 "
b10100001111010 '
b10100001111001 $
b10100001111001 &
b1010010011 %
#662
b1010111011100101 !
b1010111011100101 "
b1010111011100101 '
b1010111011100100 $
b1010111011100100 &
b1010010100 %
#663
b1110110000010111 !
b1110110000010111 "
b1110110000010111 '
b1110110000010110 $
b1110110000010110 &
b1010010101 %
#664
b1110110010101011 !
b1110110010101011 "
b1110110010101011 '
b1110110010101010 $
b1110110010101010 &
b1010010110 %
#665
b110010111000001 !
b110010111000001 "
b110010111000001 '
b110010111000000 $
b110010111000000 &
b1010010111 %
#666
b1000100000101111 !
b1000100000101111 "
b1000100000101111 '
b1000100000101110 $
b1000100000101110 &
b1010011000 %
#667
b11011110001101 !
b11011110001101 "
b11011110001101 '
b11011110001100 $
b11011110001100 &
b1010011001 %
#668
b1100001001110010 !
b1100001001110010 "
b1100001001110010 '
b1100001001110001 $
b1100001001110001 &
b1010011010 %
#669
b1000111111111100 !
b1000111111111100 "
b1000111111111100 '
b1000111111111011 $
b1000111111111011 &
b1010011011 %
#670
b10000110111101 !
b10000110111101 "
b10000110111101 '
b10000110111100 $
b10000110111100 &
b1010011100 %
#671
b110100011011101 !
b110100011011101 "
b110100011011101 '
b110100011011100 $
b110100011011100 &
b1010011101 %
#672
b101011100011000 !
b101011100011000 "
b101011100011000 '
b101011100010111 $
b101011100010111 &
b1010011110 %
#673
b10011000010 !
b10011000010 "
b10011000010 '
b10011000001 $
b10011000001 &
b1010011111 %
#674
b10000111101100 !
b10000111101100 "
b10000111101100 '
b10000111101011 $
b10000111101011 &
b1010100000 %
#675
b11101110110110 !
b11101110110110 "
b11101110110110 '
b11101110110101 $
b11101110110101 &
b1010100001 %
#676
b10111010001010 !
b10111010001010 "
b10111010001010 '
b10111010001001 $
b10111010001001 &
b1010100010 %
#677
b1110001010010000 !
b1110001010010000 "
b1110001010010000 '
b1110001010001111 $
b1110001010001111 &
b1010100011 %
#678
b1111011011000000 !
b1111011011000000 "
b1111011011000000 '
b1111011010111111 $
b1111011010111111 &
b1010100100 %
#679
b10101010110001 !
b10101010110001 "
b10101010110001 '
b10101010110000 $
b10101010110000 &
b1010100101 %
#680
b1001101011010100 !
b1001101011010100 "
b1001101011010100 '
b1001101011010011 $
b1001101011010011 &
b1010100110 %
#681
b1011010111 !
b1011010111 "
b1011010111 '
b1011010110 $
b1011010110 &
b1010100111 %
#682
b1100110010000011 !
b1100110010000011 "
b1100110010000011 '
b1100110010000010 $
b1100110010000010 &
b1010101000 %
#683
b111010100011011 !
b111010100011011 "
b111010100011011 '
b111010100011010 $
b111010100011010 &
b1010101001 %
#684
b1010011101110010 !
b1010011101110010 "
b1010011101110010 '
b1010011101110001 $
b1010011101110001 &
b1010101010 %
#685
b10011011000 !
b10011011000 "
b10011011000 '
b10011010111 $
b10011010111 &
b1010101011 %
#686
b1000111000001111 !
b1000111000001111 "
b1000111000001111 '
b1000111000001110 $
b1000111000001110 &
b1010101100 %
#687
b1010011110010 !
b1010011110010 "
b1010011110010 '
b1010011110001 $
b1010011110001 &
b1010101101 %
#688
b1110111001110 !
b1110111001110 "
b1110111001110 '
b1110111001101 $
b1110111001101 &
b1010101110 %
#689
b100001100000110 !
b100001100000110 "
b100001100000110 '
b100001100000101 $
b100001100000101 &
b1010101111 %
#690
b1110101100011101 !
b1110101100011101 "
b1110101100011101 '
b1110101100011100 $
b1110101100011100 &
b1010110000 %
#691
b1100011110011001 !
b1100011110011001 "
b1100011110011001 '
b1100011110011000 $
b1100011110011000 &
b1010110001 %
#692
b1000100011101101 !
b1000100011101101 "
b1000100011101101 '
b1000100011101100 $
b1000100011101100 &
b1010110010 %
#693
b1101011000101011 !
b1101011000101011 "
b1101011000101011 '
b1101011000101010 $
b1101011000101010 &
b1010110011 %
#694
b100101001100110 !
b100101001100110 "
b100101001100110 '
b100101001100101 $
b100101001100101 &
b1010110100 %
#695
b10100111000 !
b10100111000 "
b10100111000 '
b10100110111 $
b10100110111 &
b1010110101 %
#696
b11011000000100 !
b11011000000100 "
b11011000000100 '
b11011000000011 $
b11011000000011 &
b1010110110 %
#697
b1001111011111111 !
b1001111011111111 "
b1001111011111111 '
b1001111011111110 $
b1001111011111110 &
b1010110111 %
#698
b1101110011111110 !
b1101110011111110 "
b1101110011111110 '
b1101110011111101 $
b1101110011111101 &
b1010111000 %
#699
b111000111111 !
b111000111111 "
b111000111111 '
b111000111110 $
b111000111110 &
b1010111001 %
#700
b11010011101001 !
b11010011101001 "
b11010011101001 '
b11010011101000 $
b11010011101000 &
b1010111010 %
#701
b11100001110101 !
b11100001110101 "
b11100001110101 '
b11100001110100 $
b11100001110100 &
b1010111011 %
#702
b1000100110110001 !
b1000100110110001 "
b1000100110110001 '
b1000100110110000 $
b1000100110110000 &
b1010111100 %
#703
b1101110000000111 !
b1101110000000111 "
b1101110000000111 '
b1101110000000110 $
b1101110000000110 &
b1010111101 %
#704
b100110100010011 !
b100110100010011 "
b100110100010011 '
b100110100010010 $
b100110100010010 &
b1010111110 %
#705
b1111110001101001 !
b1111110001101001 "
b1111110001101001 '
b1111110001101000 $
b1111110001101000 &
b1010111111 %
#706
b11000110 !
b11000110 "
b11000110 '
b11000101 $
b11000101 &
b1011000000 %
#707
b10111011111111 !
b10111011111111 "
b10111011111111 '
b10111011111110 $
b10111011111110 &
b1011000001 %
#708
b110100110111 !
b110100110111 "
b110100110111 '
b110100110110 $
b110100110110 &
b1011000010 %
#709
b100111110100 !
b100111110100 "
b100111110100 '
b100111110011 $
b100111110011 &
b1011000011 %
#710
b1010101111111100 !
b1010101111111100 "
b1010101111111100 '
b1010101111111011 $
b1010101111111011 &
b1011000100 %
#711
b111110001101100 !
b111110001101100 "
b111110001101100 '
b111110001101011 $
b111110001101011 &
b1011000101 %
#712
b1011111100011000 !
b1011111100011000 "
b1011111100011000 '
b1011111100010111 $
b1011111100010111 &
b1011000110 %
#713
b11011000010000 !
b11011000010000 "
b11011000010000 '
b11011000001111 $
b11011000001111 &
b1011000111 %
#714
b1011011000010101 !
b1011011000010101 "
b1011011000010101 '
b1011011000010100 $
b1011011000010100 &
b1011001000 %
#715
b10100101011 !
b10100101011 "
b10100101011 '
b10100101010 $
b10100101010 &
b1011001001 %
#716
b110111010100111 !
b110111010100111 "
b110111010100111 '
b110111010100110 $
b110111010100110 &
b1011001010 %
#717
b10011011010101 !
b10011011010101 "
b10011011010101 '
b10011011010100 $
b10011011010100 &
b1011001011 %
#718
b1000011001100 !
b1000011001100 "
b1000011001100 '
b1000011001011 $
b1000011001011 &
b1011001100 %
#719
b1100001001101100 !
b1100001001101100 "
b1100001001101100 '
b1100001001101011 $
b1100001001101011 &
b1011001101 %
#720
b1110101100000101 !
b1110101100000101 "
b1110101100000101 '
b1110101100000100 $
b1110101100000100 &
b1011001110 %
#721
b11001011110101 !
b11001011110101 "
b11001011110101 '
b11001011110100 $
b11001011110100 &
b1011001111 %
#722
b110000110001110 !
b110000110001110 "
b110000110001110 '
b110000110001101 $
b110000110001101 &
b1011010000 %
#723
b111000011100010 !
b111000011100010 "
b111000011100010 '
b111000011100001 $
b111000011100001 &
b1011010001 %
#724
b1011110110000110 !
b1011110110000110 "
b1011110110000110 '
b1011110110000101 $
b1011110110000101 &
b1011010010 %
#725
b111010010111010 !
b111010010111010 "
b111010010111010 '
b111010010111001 $
b111010010111001 &
b1011010011 %
#726
b1011011001010 !
b1011011001010 "
b1011011001010 '
b1011011001001 $
b1011011001001 &
b1011010100 %
#727
b1000111001100001 !
b1000111001100001 "
b1000111001100001 '
b1000111001100000 $
b1000111001100000 &
b1011010101 %
#728
b11001001000111 !
b11001001000111 "
b11001001000111 '
b11001001000110 $
b11001001000110 &
b1011010110 %
#729
b1100101100111101 !
b1100101100111101 "
b1100101100111101 '
b1100101100111100 $
b1100101100111100 &
b1011010111 %
#730
b101111100111000 !
b101111100111000 "
b101111100111000 '
b101111100110111 $
b101111100110111 &
b1011011000 %
#731
b101010101011001 !
b101010101011001 "
b101010101011001 '
b101010101011000 $
b101010101011000 &
b1011011001 %
#732
b101011101110100 !
b101011101110100 "
b101011101110100 '
b101011101110011 $
b101011101110011 &
b1011011010 %
#733
b1101001000001111 !
b1101001000001111 "
b1101001000001111 '
b1101001000001110 $
b1101001000001110 &
b1011011011 %
#734
b10001111011101 !
b10001111011101 "
b10001111011101 '
b10001111011100 $
b10001111011100 &
b1011011100 %
#735
b1100001100110001 !
b1100001100110001 "
b1100001100110001 '
b1100001100110000 $
b1100001100110000 &
b1011011101 %
#736
b1111010111010001 !
b1111010111010001 "
b1111010111010001 '
b1111010111010000 $
b1111010111010000 &
b1011011110 %
#737
b1110010100000001 !
b1110010100000001 "
b1110010100000001 '
b1110010100000000 $
b1110010100000000 &
b1011011111 %
#738
b111101000100 !
b111101000100 "
b111101000100 '
b111101000011 $
b111101000011 &
b1011100000 %
#739
b1001000111111001 !
b1001000111111001 "
b1001000111111001 '
b1001000111111000 $
b1001000111111000 &
b1011100001 %
#740
b1001101010100010 !
b1001101010100010 "
b1001101010100010 '
b1001101010100001 $
b1001101010100001 &
b1011100010 %
#741
b1111101010100 !
b1111101010100 "
b1111101010100 '
b1111101010011 $
b1111101010011 &
b1011100011 %
#742
b1000111110011001 !
b1000111110011001 "
b1000111110011001 '
b1000111110011000 $
b1000111110011000 &
b1011100100 %
#743
b11110101100000 !
b11110101100000 "
b11110101100000 '
b11110101011111 $
b11110101011111 &
b1011100101 %
#744
b1001001010001000 !
b1001001010001000 "
b1001001010001000 '
b1001001010000111 $
b1001001010000111 &
b1011100110 %
#745
b101101011111011 !
b101101011111011 "
b101101011111011 '
b101101011111010 $
b101101011111010 &
b1011100111 %
#746
b1101000100101110 !
b1101000100101110 "
b1101000100101110 '
b1101000100101101 $
b1101000100101101 &
b1011101000 %
#747
b1001110001 !
b1001110001 "
b1001110001 '
b1001110000 $
b1001110000 &
b1011101001 %
#748
b1110100001101100 !
b1110100001101100 "
b1110100001101100 '
b1110100001101011 $
b1110100001101011 &
b1011101010 %
#749
b11100000110010 !
b11100000110010 "
b11100000110010 '
b11100000110001 $
b11100000110001 &
b1011101011 %
#750
b1100000000010011 !
b1100000000010011 "
b1100000000010011 '
b1100000000010010 $
b1100000000010010 &
b1011101100 %
#751
b1101111100001101 !
b1101111100001101 "
b1101111100001101 '
b1101111100001100 $
b1101111100001100 &
b1011101101 %
#752
b110101100001110 !
b110101100001110 "
b110101100001110 '
b110101100001101 $
b110101100001101 &
b1011101110 %
#753
b1001100010110 !
b1001100010110 "
b1001100010110 '
b1001100010101 $
b1001100010101 &
b1011101111 %
#754
b11101000001 !
b11101000001 "
b11101000001 '
b11101000000 $
b11101000000 &
b1011110000 %
#755
b1000110110010101 !
b1000110110010101 "
b1000110110010101 '
b1000110110010100 $
b1000110110010100 &
b1011110001 %
#756
b1010001101010101 !
b1010001101010101 "
b1010001101010101 '
b1010001101010100 $
b1010001101010100 &
b1011110010 %
#757
b1010000001 !
b1010000001 "
b1010000001 '
b1010000000 $
b1010000000 &
b1011110011 %
#758
b1010100010100 !
b1010100010100 "
b1010100010100 '
b1010100010011 $
b1010100010011 &
b1011110100 %
#759
b1000011011000100 !
b1000011011000100 "
b1000011011000100 '
b1000011011000011 $
b1000011011000011 &
b1011110101 %
#760
b1101111011101110 !
b1101111011101110 "
b1101111011101110 '
b1101111011101101 $
b1101111011101101 &
b1011110110 %
#761
b1110011011011101 !
b1110011011011101 "
b1110011011011101 '
b1110011011011100 $
b1110011011011100 &
b1011110111 %
#762
b1000001111001 !
b1000001111001 "
b1000001111001 '
b1000001111000 $
b1000001111000 &
b1011111000 %
#763
b110100101000 !
b110100101000 "
b110100101000 '
b110100100111 $
b110100100111 &
b1011111001 %
#764
b10011001100000 !
b10011001100000 "
b10011001100000 '
b10011001011111 $
b10011001011111 &
b1011111010 %
#765
b101101100100100 !
b101101100100100 "
b101101100100100 '
b101101100100011 $
b101101100100011 &
b1011111011 %
#766
b1110101110101100 !
b1110101110101100 "
b1110101110101100 '
b1110101110101011 $
b1110101110101011 &
b1011111100 %
#767
b1011100111001 !
b1011100111001 "
b1011100111001 '
b1011100111000 $
b1011100111000 &
b1011111101 %
#768
b100110100100011 !
b100110100100011 "
b100110100100011 '
b100110100100010 $
b100110100100010 &
b1011111110 %
#769
b1011110111001010 !
b1011110111001010 "
b1011110111001010 '
b1011110111001001 $
b1011110111001001 &
b1011111111 %
#770
b100110011001000 !
b100110011001000 "
b100110011001000 '
b100110011000111 $
b100110011000111 &
b1100000000 %
#771
b110001010000011 !
b110001010000011 "
b110001010000011 '
b110001010000010 $
b110001010000010 &
b1100000001 %
#772
b1101011111001111 !
b1101011111001111 "
b1101011111001111 '
b1101011111001110 $
b1101011111001110 &
b1100000010 %
#773
b10001011001000 !
b10001011001000 "
b10001011001000 '
b10001011000111 $
b10001011000111 &
b1100000011 %
#774
b1010010000100101 !
b1010010000100101 "
b1010010000100101 '
b1010010000100100 $
b1010010000100100 &
b1100000100 %
#775
b110111111011100 !
b110111111011100 "
b110111111011100 '
b110111111011011 $
b110111111011011 &
b1100000101 %
#776
b1010000001001 !
b1010000001001 "
b1010000001001 '
b1010000001000 $
b1010000001000 &
b1100000110 %
#777
b110111101110110 !
b110111101110110 "
b110111101110110 '
b110111101110101 $
b110111101110101 &
b1100000111 %
#778
b1110110110110 !
b1110110110110 "
b1110110110110 '
b1110110110101 $
b1110110110101 &
b1100001000 %
#779
b111001000011011 !
b111001000011011 "
b111001000011011 '
b111001000011010 $
b111001000011010 &
b1100001001 %
#780
b1001100111001 !
b1001100111001 "
b1001100111001 '
b1001100111000 $
b1001100111000 &
b1100001010 %
#781
b11101010000011 !
b11101010000011 "
b11101010000011 '
b11101010000010 $
b11101010000010 &
b1100001011 %
#782
b1010000001011001 !
b1010000001011001 "
b1010000001011001 '
b1010000001011000 $
b1010000001011000 &
b1100001100 %
#783
b110101001010001 !
b110101001010001 "
b110101001010001 '
b110101001010000 $
b110101001010000 &
b1100001101 %
#784
b1001101010100100 !
b1001101010100100 "
b1001101010100100 '
b1001101010100011 $
b1001101010100011 &
b1100001110 %
#785
b1110001110100101 !
b1110001110100101 "
b1110001110100101 '
b1110001110100100 $
b1110001110100100 &
b1100001111 %
#786
b1101111101100110 !
b1101111101100110 "
b1101111101100110 '
b1101111101100101 $
b1101111101100101 &
b1100010000 %
#787
b1011111101011 !
b1011111101011 "
b1011111101011 '
b1011111101010 $
b1011111101010 &
b1100010001 %
#788
b11100100000111 !
b11100100000111 "
b11100100000111 '
b11100100000110 $
b11100100000110 &
b1100010010 %
#789
b1000000001010101 !
b1000000001010101 "
b1000000001010101 '
b1000000001010100 $
b1000000001010100 &
b1100010011 %
#790
b100000001011100 !
b100000001011100 "
b100000001011100 '
b100000001011011 $
b100000001011011 &
b1100010100 %
#791
b1111000011001001 !
b1111000011001001 "
b1111000011001001 '
b1111000011001000 $
b1111000011001000 &
b1100010101 %
#792
b11100101001001 !
b11100101001001 "
b11100101001001 '
b11100101001000 $
b11100101001000 &
b1100010110 %
#793
b1111001000111000 !
b1111001000111000 "
b1111001000111000 '
b1111001000110111 $
b1111001000110111 &
b1100010111 %
#794
b1111001111111001 !
b1111001111111001 "
b1111001111111001 '
b1111001111111000 $
b1111001111111000 &
b1100011000 %
#795
b11001010110110 !
b11001010110110 "
b11001010110110 '
b11001010110101 $
b11001010110101 &
b1100011001 %
#796
b1010100101010010 !
b1010100101010010 "
b1010100101010010 '
b1010100101010001 $
b1010100101010001 &
b1100011010 %
#797
b1101010110000100 !
b1101010110000100 "
b1101010110000100 '
b1101010110000011 $
b1101010110000011 &
b1100011011 %
#798
b1110001110011100 !
b1110001110011100 "
b1110001110011100 '
b1110001110011011 $
b1110001110011011 &
b1100011100 %
#799
b1101110100110110 !
b1101110100110110 "
b1101110100110110 '
b1101110100110101 $
b1101110100110101 &
b1100011101 %
#800
b101001110110001 !
b101001110110001 "
b101001110110001 '
b101001110110000 $
b101001110110000 &
b1100011110 %
#801
b1000001011111100 !
b1000001011111100 "
b1000001011111100 '
b1000001011111011 $
b1000001011111011 &
b1100011111 %
#802
b1011101101010000 !
b1011101101010000 "
b1011101101010000 '
b1011101101001111 $
b1011101101001111 &
b1100100000 %
#803
b1010011000110001 !
b1010011000110001 "
b1010011000110001 '
b1010011000110000 $
b1010011000110000 &
b1100100001 %
#804
b1100010000011001 !
b1100010000011001 "
b1100010000011001 '
b1100010000011000 $
b1100010000011000 &
b1100100010 %
#805
b1100011011110 !
b1100011011110 "
b1100011011110 '
b1100011011101 $
b1100011011101 &
b1100100011 %
#806
b1110100001000111 !
b1110100001000111 "
b1110100001000111 '
b1110100001000110 $
b1110100001000110 &
b1100100100 %
#807
b111101100010 !
b111101100010 "
b111101100010 '
b111101100001 $
b111101100001 &
b1100100101 %
#808
b100100001011010 !
b100100001011010 "
b100100001011010 '
b100100001011001 $
b100100001011001 &
b1100100110 %
#809
b111001101010110 !
b111001101010110 "
b111001101010110 '
b111001101010101 $
b111001101010101 &
b1100100111 %
#810
b1001011100110000 !
b1001011100110000 "
b1001011100110000 '
b1001011100101111 $
b1001011100101111 &
b1100101000 %
#811
b101000000001100 !
b101000000001100 "
b101000000001100 '
b101000000001011 $
b101000000001011 &
b1100101001 %
#812
b1110101011011111 !
b1110101011011111 "
b1110101011011111 '
b1110101011011110 $
b1110101011011110 &
b1100101010 %
#813
b10110011010100 !
b10110011010100 "
b10110011010100 '
b10110011010011 $
b10110011010011 &
b1100101011 %
#814
b1011000100101001 !
b1011000100101001 "
b1011000100101001 '
b1011000100101000 $
b1011000100101000 &
b1100101100 %
#815
b110100111101010 !
b110100111101010 "
b110100111101010 '
b110100111101001 $
b110100111101001 &
b1100101101 %
#816
b111100101011001 !
b111100101011001 "
b111100101011001 '
b111100101011000 $
b111100101011000 &
b1100101110 %
#817
b1010000111010110 !
b1010000111010110 "
b1010000111010110 '
b1010000111010101 $
b1010000111010101 &
b1100101111 %
#818
b1110010111000100 !
b1110010111000100 "
b1110010111000100 '
b1110010111000011 $
b1110010111000011 &
b1100110000 %
#819
b1001111010101 !
b1001111010101 "
b1001111010101 '
b1001111010100 $
b1001111010100 &
b1100110001 %
#820
b111110110100101 !
b111110110100101 "
b111110110100101 '
b111110110100100 $
b111110110100100 &
b1100110010 %
#821
b1110111101111111 !
b1110111101111111 "
b1110111101111111 '
b1110111101111110 $
b1110111101111110 &
b1100110011 %
#822
b1001110111010111 !
b1001110111010111 "
b1001110111010111 '
b1001110111010110 $
b1001110111010110 &
b1100110100 %
#823
b1100100000010000 !
b1100100000010000 "
b1100100000010000 '
b1100100000001111 $
b1100100000001111 &
b1100110101 %
#824
b100010010000100 !
b100010010000100 "
b100010010000100 '
b100010010000011 $
b100010010000011 &
b1100110110 %
#825
b1110111110100001 !
b1110111110100001 "
b1110111110100001 '
b1110111110100000 $
b1110111110100000 &
b1100110111 %
#826
b10010000011 !
b10010000011 "
b10010000011 '
b10010000010 $
b10010000010 &
b1100111000 %
#827
b1100101111000000 !
b1100101111000000 "
b1100101111000000 '
b1100101110111111 $
b1100101110111111 &
b1100111001 %
#828
b1101101101000110 !
b1101101101000110 "
b1101101101000110 '
b1101101101000101 $
b1101101101000101 &
b1100111010 %
#829
b11111001111000 !
b11111001111000 "
b11111001111000 '
b11111001110111 $
b11111001110111 &
b1100111011 %
#830
b101101000110 !
b101101000110 "
b101101000110 '
b101101000101 $
b101101000101 &
b1100111100 %
#831
b1000001110110 !
b1000001110110 "
b1000001110110 '
b1000001110101 $
b1000001110101 &
b1100111101 %
#832
b101011111001 !
b101011111001 "
b101011111001 '
b101011111000 $
b101011111000 &
b1100111110 %
#833
b11101111000111 !
b11101111000111 "
b11101111000111 '
b11101111000110 $
b11101111000110 &
b1100111111 %
#834
b101100101101101 !
b101100101101101 "
b101100101101101 '
b101100101101100 $
b101100101101100 &
b1101000000 %
#835
b101100001010001 !
b101100001010001 "
b101100001010001 '
b101100001010000 $
b101100001010000 &
b1101000001 %
#836
b110001100110010 !
b110001100110010 "
b110001100110010 '
b110001100110001 $
b110001100110001 &
b1101000010 %
#837
b1111111010011101 !
b1111111010011101 "
b1111111010011101 '
b1111111010011100 $
b1111111010011100 &
b1101000011 %
#838
b101110010111101 !
b101110010111101 "
b101110010111101 '
b101110010111100 $
b101110010111100 &
b1101000100 %
#839
b1111010110000 !
b1111010110000 "
b1111010110000 '
b1111010101111 $
b1111010101111 &
b1101000101 %
#840
b10110000001111 !
b10110000001111 "
b10110000001111 '
b10110000001110 $
b10110000001110 &
b1101000110 %
#841
b110011001101010 !
b110011001101010 "
b110011001101010 '
b110011001101001 $
b110011001101001 &
b1101000111 %
#842
b100000010110011 !
b100000010110011 "
b100000010110011 '
b100000010110010 $
b100000010110010 &
b1101001000 %
#843
b1001111011011111 !
b1001111011011111 "
b1001111011011111 '
b1001111011011110 $
b1001111011011110 &
b1101001001 %
#844
b111010010000110 !
b111010010000110 "
b111010010000110 '
b111010010000101 $
b111010010000101 &
b1101001010 %
#845
b111110101011 !
b111110101011 "
b111110101011 '
b111110101010 $
b111110101010 &
b1101001011 %
#846
b1111000100101001 !
b1111000100101001 "
b1111000100101001 '
b1111000100101000 $
b1111000100101000 &
b1101001100 %
#847
b1101010111000011 !
b1101010111000011 "
b1101010111000011 '
b1101010111000010 $
b1101010111000010 &
b1101001101 %
#848
b100110011011 !
b100110011011 "
b100110011011 '
b100110011010 $
b100110011010 &
b1101001110 %
#849
b101000111010100 !
b101000111010100 "
b101000111010100 '
b101000111010011 $
b101000111010011 &
b1101001111 %
#850
b1101010111011 !
b1101010111011 "
b1101010111011 '
b1101010111010 $
b1101010111010 &
b1101010000 %
#851
b111110011111100 !
b111110011111100 "
b111110011111100 '
b111110011111011 $
b111110011111011 &
b1101010001 %
#852
b111001010001100 !
b111001010001100 "
b111001010001100 '
b111001010001011 $
b111001010001011 &
b1101010010 %
#853
b100110111000011 !
b100110111000011 "
b100110111000011 '
b100110111000010 $
b100110111000010 &
b1101010011 %
#854
b10100011001101 !
b10100011001101 "
b10100011001101 '
b10100011001100 $
b10100011001100 &
b1101010100 %
#855
b1001101110010 !
b1001101110010 "
b1001101110010 '
b1001101110001 $
b1001101110001 &
b1101010101 %
#856
b110011111 !
b110011111 "
b110011111 '
b110011110 $
b110011110 &
b1101010110 %
#857
b1101101101100010 !
b1101101101100010 "
b1101101101100010 '
b1101101101100001 $
b1101101101100001 &
b1101010111 %
#858
b100100001111100 !
b100100001111100 "
b100100001111100 '
b100100001111011 $
b100100001111011 &
b1101011000 %
#859
b1101000011000000 !
b1101000011000000 "
b1101000011000000 '
b1101000010111111 $
b1101000010111111 &
b1101011001 %
#860
b1011110010010010 !
b1011110010010010 "
b1011110010010010 '
b1011110010010001 $
b1011110010010001 &
b1101011010 %
#861
b1001100011000001 !
b1001100011000001 "
b1001100011000001 '
b1001100011000000 $
b1001100011000000 &
b1101011011 %
#862
b110001101011010 !
b110001101011010 "
b110001101011010 '
b110001101011001 $
b110001101011001 &
b1101011100 %
#863
b1011010001111111 !
b1011010001111111 "
b1011010001111111 '
b1011010001111110 $
b1011010001111110 &
b1101011101 %
#864
b111001101010101 !
b111001101010101 "
b111001101010101 '
b111001101010100 $
b111001101010100 &
b1101011110 %
#865
b1110001001010010 !
b1110001001010010 "
b1110001001010010 '
b1110001001010001 $
b1110001001010001 &
b1101011111 %
#866
b10100001001010 !
b10100001001010 "
b10100001001010 '
b10100001001001 $
b10100001001001 &
b1101100000 %
#867
b111110111101000 !
b111110111101000 "
b111110111101000 '
b111110111100111 $
b111110111100111 &
b1101100001 %
#868
b1010111100100101 !
b1010111100100101 "
b1010111100100101 '
b1010111100100100 $
b1010111100100100 &
b1101100010 %
#869
b1101010110000100 !
b1101010110000100 "
b1101010110000100 '
b1101010110000011 $
b1101010110000011 &
b1101100011 %
#870
b1011100 !
b1011100 "
b1011100 '
b1011011 $
b1011011 &
b1101100100 %
#871
b1010000110111010 !
b1010000110111010 "
b1010000110111010 '
b1010000110111001 $
b1010000110111001 &
b1101100101 %
#872
b1011111110010110 !
b1011111110010110 "
b1011111110010110 '
b1011111110010101 $
b1011111110010101 &
b1101100110 %
#873
b100101001111000 !
b100101001111000 "
b100101001111000 '
b100101001110111 $
b100101001110111 &
b1101100111 %
#874
b1101011110010 !
b1101011110010 "
b1101011110010 '
b1101011110001 $
b1101011110001 &
b1101101000 %
#875
b101111111100111 !
b101111111100111 "
b101111111100111 '
b101111111100110 $
b101111111100110 &
b1101101001 %
#876
b1010111010110000 !
b1010111010110000 "
b1010111010110000 '
b1010111010101111 $
b1010111010101111 &
b1101101010 %
#877
b1110000100000101 !
b1110000100000101 "
b1110000100000101 '
b1110000100000100 $
b1110000100000100 &
b1101101011 %
#878
b110000000010011 !
b110000000010011 "
b110000000010011 '
b110000000010010 $
b110000000010010 &
b1101101100 %
#879
b1011001111111101 !
b1011001111111101 "
b1011001111111101 '
b1011001111111100 $
b1011001111111100 &
b1101101101 %
#880
b100100010101100 !
b100100010101100 "
b100100010101100 '
b100100010101011 $
b100100010101011 &
b1101101110 %
#881
b1111000011000101 !
b1111000011000101 "
b1111000011000101 '
b1111000011000100 $
b1111000011000100 &
b1101101111 %
#882
b1000000101000000 !
b1000000101000000 "
b1000000101000000 '
b1000000100111111 $
b1000000100111111 &
b1101110000 %
#883
b101011011000011 !
b101011011000011 "
b101011011000011 '
b101011011000010 $
b101011011000010 &
b1101110001 %
#884
b1100101110100 !
b1100101110100 "
b1100101110100 '
b1100101110011 $
b1100101110011 &
b1101110010 %
#885
b1001101101011011 !
b1001101101011011 "
b1001101101011011 '
b1001101101011010 $
b1001101101011010 &
b1101110011 %
#886
b1110010010100001 !
b1110010010100001 "
b1110010010100001 '
b1110010010100000 $
b1110010010100000 &
b1101110100 %
#887
b1100101011111111 !
b1100101011111111 "
b1100101011111111 '
b1100101011111110 $
b1100101011111110 &
b1101110101 %
#888
b110101101110101 !
b110101101110101 "
b110101101110101 '
b110101101110100 $
b110101101110100 &
b1101110110 %
#889
b1011011110111100 !
b1011011110111100 "
b1011011110111100 '
b1011011110111011 $
b1011011110111011 &
b1101110111 %
#890
b1011101111100011 !
b1011101111100011 "
b1011101111100011 '
b1011101111100010 $
b1011101111100010 &
b1101111000 %
#891
b100100011100011 !
b100100011100011 "
b100100011100011 '
b100100011100010 $
b100100011100010 &
b1101111001 %
#892
b100110011100000 !
b100110011100000 "
b100110011100000 '
b100110011011111 $
b100110011011111 &
b1101111010 %
#893
b1110001010011001 !
b1110001010011001 "
b1110001010011001 '
b1110001010011000 $
b1110001010011000 &
b1101111011 %
#894
b1110110110100000 !
b1110110110100000 "
b1110110110100000 '
b1110110110011111 $
b1110110110011111 &
b1101111100 %
#895
b1100101100010001 !
b1100101100010001 "
b1100101100010001 '
b1100101100010000 $
b1100101100010000 &
b1101111101 %
#896
b1000100111110011 !
b1000100111110011 "
b1000100111110011 '
b1000100111110010 $
b1000100111110010 &
b1101111110 %
#897
b111101110111110 !
b111101110111110 "
b111101110111110 '
b111101110111101 $
b111101110111101 &
b1101111111 %
#898
b10011110101100 !
b10011110101100 "
b10011110101100 '
b10011110101011 $
b10011110101011 &
b1110000000 %
#899
b111110110101 !
b111110110101 "
b111110110101 '
b111110110100 $
b111110110100 &
b1110000001 %
#900
b1010110001010101 !
b1010110001010101 "
b1010110001010101 '
b1010110001010100 $
b1010110001010100 &
b1110000010 %
#901
b1001101110001010 !
b1001101110001010 "
b1001101110001010 '
b1001101110001001 $
b1001101110001001 &
b1110000011 %
#902
b1101010000010100 !
b1101010000010100 "
b1101010000010100 '
b1101010000010011 $
b1101010000010011 &
b1110000100 %
#903
b1001000110101101 !
b1001000110101101 "
b1001000110101101 '
b1001000110101100 $
b1001000110101100 &
b1110000101 %
#904
b1100110110 !
b1100110110 "
b1100110110 '
b1100110101 $
b1100110101 &
b1110000110 %
#905
b1111100111100 !
b1111100111100 "
b1111100111100 '
b1111100111011 $
b1111100111011 &
b1110000111 %
#906
b10010000110110 !
b10010000110110 "
b10010000110110 '
b10010000110101 $
b10010000110101 &
b1110001000 %
#907
b1000110100110000 !
b1000110100110000 "
b1000110100110000 '
b1000110100101111 $
b1000110100101111 &
b1110001001 %
#908
b1001100100110101 !
b1001100100110101 "
b1001100100110101 '
b1001100100110100 $
b1001100100110100 &
b1110001010 %
#909
b1010001001010110 !
b1010001001010110 "
b1010001001010110 '
b1010001001010101 $
b1010001001010101 &
b1110001011 %
#910
b1010111101 !
b1010111101 "
b1010111101 '
b1010111100 $
b1010111100 &
b1110001100 %
#911
b1111111011110011 !
b1111111011110011 "
b1111111011110011 '
b1111111011110010 $
b1111111011110010 &
b1110001101 %
#912
b11011010101000 !
b11011010101000 "
b11011010101000 '
b11011010100111 $
b11011010100111 &
b1110001110 %
#913
b1000000011000010 !
b1000000011000010 "
b1000000011000010 '
b1000000011000001 $
b1000000011000001 &
b1110001111 %
#914
b1011011100101 !
b1011011100101 "
b1011011100101 '
b1011011100100 $
b1011011100100 &
b1110010000 %
#915
b1010001001000010 !
b1010001001000010 "
b1010001001000010 '
b1010001001000001 $
b1010001001000001 &
b1110010001 %
#916
b110110001101010 !
b110110001101010 "
b110110001101010 '
b110110001101001 $
b110110001101001 &
b1110010010 %
#917
b1101100011111011 !
b1101100011111011 "
b1101100011111011 '
b1101100011111010 $
b1101100011111010 &
b1110010011 %
#918
b1101000011001110 !
b1101000011001110 "
b1101000011001110 '
b1101000011001101 $
b1101000011001101 &
b1110010100 %
#919
b1111010000000000 !
b1111010000000000 "
b1111010000000000 '
b1111001111111111 $
b1111001111111111 &
b1110010101 %
#920
b1000011010110110 !
b1000011010110110 "
b1000011010110110 '
b1000011010110101 $
b1000011010110101 &
b1110010110 %
#921
b1000001011101001 !
b1000001011101001 "
b1000001011101001 '
b1000001011101000 $
b1000001011101000 &
b1110010111 %
#922
b101110001001100 !
b101110001001100 "
b101110001001100 '
b101110001001011 $
b101110001001011 &
b1110011000 %
#923
b10111000010011 !
b10111000010011 "
b10111000010011 '
b10111000010010 $
b10111000010010 &
b1110011001 %
#924
b1000111100111000 !
b1000111100111000 "
b1000111100111000 '
b1000111100110111 $
b1000111100110111 &
b1110011010 %
#925
b1110110101111 !
b1110110101111 "
b1110110101111 '
b1110110101110 $
b1110110101110 &
b1110011011 %
#926
b1010010011111001 !
b1010010011111001 "
b1010010011111001 '
b1010010011111000 $
b1010010011111000 &
b1110011100 %
#927
b100111000100001 !
b100111000100001 "
b100111000100001 '
b100111000100000 $
b100111000100000 &
b1110011101 %
#928
b101000011011011 !
b101000011011011 "
b101000011011011 '
b101000011011010 $
b101000011011010 &
b1110011110 %
#929
b1000100011 !
b1000100011 "
b1000100011 '
b1000100010 $
b1000100010 &
b1110011111 %
#930
b101010111101101 !
b101010111101101 "
b101010111101101 '
b101010111101100 $
b101010111101100 &
b1110100000 %
#931
b1001000101011 !
b1001000101011 "
b1001000101011 '
b1001000101010 $
b1001000101010 &
b1110100001 %
#932
b101101101111011 !
b101101101111011 "
b101101101111011 '
b101101101111010 $
b101101101111010 &
b1110100010 %
#933
b101000100011111 !
b101000100011111 "
b101000100011111 '
b101000100011110 $
b101000100011110 &
b1110100011 %
#934
b1101101011101010 !
b1101101011101010 "
b1101101011101010 '
b1101101011101001 $
b1101101011101001 &
b1110100100 %
#935
b1111001011101100 !
b1111001011101100 "
b1111001011101100 '
b1111001011101011 $
b1111001011101011 &
b1110100101 %
#936
b1111011100001100 !
b1111011100001100 "
b1111011100001100 '
b1111011100001011 $
b1111011100001011 &
b1110100110 %
#937
b1110001001101111 !
b1110001001101111 "
b1110001001101111 '
b1110001001101110 $
b1110001001101110 &
b1110100111 %
#938
b101111001011111 !
b101111001011111 "
b101111001011111 '
b101111001011110 $
b101111001011110 &
b1110101000 %
#939
b10110101111101 !
b10110101111101 "
b10110101111101 '
b10110101111100 $
b10110101111100 &
b1110101001 %
#940
b11000101000110 !
b11000101000110 "
b11000101000110 '
b11000101000101 $
b11000101000101 &
b1110101010 %
#941
b101010010001100 !
b101010010001100 "
b101010010001100 '
b101010010001011 $
b101010010001011 &
b1110101011 %
#942
b1101001100010011 !
b1101001100010011 "
b1101001100010011 '
b1101001100010010 $
b1101001100010010 &
b1110101100 %
#943
b1011110100111000 !
b1011110100111000 "
b1011110100111000 '
b1011110100110111 $
b1011110100110111 &
b1110101101 %
#944
b1101011010000100 !
b1101011010000100 "
b1101011010000100 '
b1101011010000011 $
b1101011010000011 &
b1110101110 %
#945
b11100010 !
b11100010 "
b11100010 '
b11100001 $
b11100001 &
b1110101111 %
#946
b1101111111001111 !
b1101111111001111 "
b1101111111001111 '
b1101111111001110 $
b1101111111001110 &
b1110110000 %
#947
b101110001001011 !
b101110001001011 "
b101110001001011 '
b101110001001010 $
b101110001001010 &
b1110110001 %
#948
b111001111010110 !
b111001111010110 "
b111001111010110 '
b111001111010101 $
b111001111010101 &
b1110110010 %
#949
b11111001110 !
b11111001110 "
b11111001110 '
b11111001101 $
b11111001101 &
b1110110011 %
#950
b1110111011100101 !
b1110111011100101 "
b1110111011100101 '
b1110111011100100 $
b1110111011100100 &
b1110110100 %
#951
b1000110011110101 !
b1000110011110101 "
b1000110011110101 '
b1000110011110100 $
b1000110011110100 &
b1110110101 %
#952
b101001111101101 !
b101001111101101 "
b101001111101101 '
b101001111101100 $
b101001111101100 &
b1110110110 %
#953
b11111100011011 !
b11111100011011 "
b11111100011011 '
b11111100011010 $
b11111100011010 &
b1110110111 %
#954
b10111011100100 !
b10111011100100 "
b10111011100100 '
b10111011100011 $
b10111011100011 &
b1110111000 %
#955
b1000010011101101 !
b1000010011101101 "
b1000010011101101 '
b1000010011101100 $
b1000010011101100 &
b1110111001 %
#956
b1000000111110100 !
b1000000111110100 "
b1000000111110100 '
b1000000111110011 $
b1000000111110011 &
b1110111010 %
#957
b100011100101110 !
b100011100101110 "
b100011100101110 '
b100011100101101 $
b100011100101101 &
b1110111011 %
#958
b1000110101011101 !
b1000110101011101 "
b1000110101011101 '
b1000110101011100 $
b1000110101011100 &
b1110111100 %
#959
b100010111011110 !
b100010111011110 "
b100010111011110 '
b100010111011101 $
b100010111011101 &
b1110111101 %
#960
b1100100011101101 !
b1100100011101101 "
b1100100011101101 '
b1100100011101100 $
b1100100011101100 &
b1110111110 %
#961
b111101010010000 !
b111101010010000 "
b111101010010000 '
b111101010001111 $
b111101010001111 &
b1110111111 %
#962
b1011010000000000 !
b1011010000000000 "
b1011010000000000 '
b1011001111111111 $
b1011001111111111 &
b1111000000 %
#963
b1000010101111001 !
b1000010101111001 "
b1000010101111001 '
b1000010101111000 $
b1000010101111000 &
b1111000001 %
#964
b1011100110101100 !
b1011100110101100 "
b1011100110101100 '
b1011100110101011 $
b1011100110101011 &
b1111000010 %
#965
b1111011100101000 !
b1111011100101000 "
b1111011100101000 '
b1111011100100111 $
b1111011100100111 &
b1111000011 %
#966
b111111111100 !
b111111111100 "
b111111111100 '
b111111111011 $
b111111111011 &
b1111000100 %
#967
b1100001100010100 !
b1100001100010100 "
b1100001100010100 '
b1100001100010011 $
b1100001100010011 &
b1111000101 %
#968
b1001101100001101 !
b1001101100001101 "
b1001101100001101 '
b1001101100001100 $
b1001101100001100 &
b1111000110 %
#969
b1001011110111100 !
b1001011110111100 "
b1001011110111100 '
b1001011110111011 $
b1001011110111011 &
b1111000111 %
#970
b1100101011100111 !
b1100101011100111 "
b1100101011100111 '
b1100101011100110 $
b1100101011100110 &
b1111001000 %
#971
b11101001001010 !
b11101001001010 "
b11101001001010 '
b11101001001001 $
b11101001001001 &
b1111001001 %
#972
b111101101101011 !
b111101101101011 "
b111101101101011 '
b111101101101010 $
b111101101101010 &
b1111001010 %
#973
b1111011000001011 !
b1111011000001011 "
b1111011000001011 '
b1111011000001010 $
b1111011000001010 &
b1111001011 %
#974
b1101001000011001 !
b1101001000011001 "
b1101001000011001 '
b1101001000011000 $
b1101001000011000 &
b1111001100 %
#975
b1110100110010111 !
b1110100110010111 "
b1110100110010111 '
b1110100110010110 $
b1110100110010110 &
b1111001101 %
#976
b10011000001010 !
b10011000001010 "
b10011000001010 '
b10011000001001 $
b10011000001001 &
b1111001110 %
#977
b111000100101111 !
b111000100101111 "
b111000100101111 '
b111000100101110 $
b111000100101110 &
b1111001111 %
#978
b1101010010111110 !
b1101010010111110 "
b1101010010111110 '
b1101010010111101 $
b1101010010111101 &
b1111010000 %
#979
b1000100101100111 !
b1000100101100111 "
b1000100101100111 '
b1000100101100110 $
b1000100101100110 &
b1111010001 %
#980
b10100001110111 !
b10100001110111 "
b10100001110111 '
b10100001110110 $
b10100001110110 &
b1111010010 %
#981
b10010101110110 !
b10010101110110 "
b10010101110110 '
b10010101110101 $
b10010101110101 &
b1111010011 %
#982
b11101010010000 !
b11101010010000 "
b11101010010000 '
b11101010001111 $
b11101010001111 &
b1111010100 %
#983
b1001010110010110 !
b1001010110010110 "
b1001010110010110 '
b1001010110010101 $
b1001010110010101 &
b1111010101 %
#984
b1100110101111100 !
b1100110101111100 "
b1100110101111100 '
b1100110101111011 $
b1100110101111011 &
b1111010110 %
#985
b1110101001111101 !
b1110101001111101 "
b1110101001111101 '
b1110101001111100 $
b1110101001111100 &
b1111010111 %
#986
b11000001110000 !
b11000001110000 "
b11000001110000 '
b11000001101111 $
b11000001101111 &
b1111011000 %
#987
b100110011001010 !
b100110011001010 "
b100110011001010 '
b100110011001001 $
b100110011001001 &
b1111011001 %
#988
b10000011001010 !
b10000011001010 "
b10000011001010 '
b10000011001001 $
b10000011001001 &
b1111011010 %
#989
b110000110110101 !
b110000110110101 "
b110000110110101 '
b110000110110100 $
b110000110110100 &
b1111011011 %
#990
b1010010111011011 !
b1010010111011011 "
b1010010111011011 '
b1010010111011010 $
b1010010111011010 &
b1111011100 %
#991
b1010100010101110 !
b1010100010101110 "
b1010100010101110 '
b1010100010101101 $
b1010100010101101 &
b1111011101 %
#992
b1111000111100000 !
b1111000111100000 "
b1111000111100000 '
b1111000111011111 $
b1111000111011111 &
b1111011110 %
#993
b1110001100001110 !
b1110001100001110 "
b1110001100001110 '
b1110001100001101 $
b1110001100001101 &
b1111011111 %
#994
b100000101110001 !
b100000101110001 "
b100000101110001 '
b100000101110000 $
b100000101110000 &
b1111100000 %
#995
b110011110000100 !
b110011110000100 "
b110011110000100 '
b110011110000011 $
b110011110000011 &
b1111100001 %
#996
b1100010001010010 !
b1100010001010010 "
b1100010001010010 '
b1100010001010001 $
b1100010001010001 &
b1111100010 %
#997
b1000110100000101 !
b1000110100000101 "
b1000110100000101 '
b1000110100000100 $
b1000110100000100 &
b1111100011 %
#998
b111001010000001 !
b111001010000001 "
b111001010000001 '
b111001010000000 $
b111001010000000 &
b1111100100 %
#999
b10011111010 !
b10011111010 "
b10011111010 '
b10011111001 $
b10011111001 &
b1111100101 %
#1000
b1110110100000111 !
b1110110100000111 "
b1110110100000111 '
b1110110100000110 $
b1110110100000110 &
b1111100110 %
#1001
b11101011001011 !
b11101011001011 "
b11101011001011 '
b11101011001010 $
b11101011001010 &
b1111100111 %
#1002
b1111101000 %
