#! /home/xpektra/.apio/packages/oss-cad-suite/bin/vvp
:ivl_version "13.0 (devel)" "(s20250103-66-gd67d3323a)";
:ivl_delay_selection "TYPICAL";
:vpi_time_precision - 12;
:vpi_module "/home/xpektra/.apio/packages/oss-cad-suite/lib/ivl/system.vpi";
:vpi_module "/home/xpektra/.apio/packages/oss-cad-suite/lib/ivl/vhdl_sys.vpi";
:vpi_module "/home/xpektra/.apio/packages/oss-cad-suite/lib/ivl/vhdl_textio.vpi";
:vpi_module "/home/xpektra/.apio/packages/oss-cad-suite/lib/ivl/v2005_math.vpi";
:vpi_module "/home/xpektra/.apio/packages/oss-cad-suite/lib/ivl/va_math.vpi";
:vpi_module "/home/xpektra/.apio/packages/oss-cad-suite/lib/ivl/v2009.vpi";
S_0x55558322a890 .scope package, "$unit" "$unit" 2 1;
 .timescale 0 0;
S_0x55558334aad0 .scope module, "And" "And" 3 8;
 .timescale -12 -12;
    .port_info 0 /INPUT 1 "a";
    .port_info 1 /INPUT 1 "b";
    .port_info 2 /OUTPUT 1 "out";
o0x7f693917d018 .functor BUFZ 1, c4<z>; HiZ drive
o0x7f693917d048 .functor BUFZ 1, c4<z>; HiZ drive
L_0x55558342de50 .functor AND 1, o0x7f693917d018, o0x7f693917d048, C4<1>, C4<1>;
v0x55558338f7f0_0 .net "a", 0 0, o0x7f693917d018;  0 drivers
v0x555583359350_0 .net "b", 0 0, o0x7f693917d048;  0 drivers
v0x555583358400_0 .net "out", 0 0, L_0x55558342de50;  1 drivers
S_0x555583345eb0 .scope module, "Buffer16_tb" "Buffer16_tb" 4 2;
 .timescale -12 -12;
L_0x555583431900 .functor BUFZ 16, v0x55558319a890_0, C4<0000000000000000>, C4<0000000000000000>, C4<0000000000000000>;
v0x55558319a7d0_0 .var "fail", 0 0;
v0x55558319a890_0 .var "in", 15 0;
v0x55558319a950_0 .var "n", 15 0;
RS_0x7f693917e068 .resolv tri, L_0x55558342fc30, L_0x5555834311a0;
v0x55558319a9f0_0 .net8 "out", 15 0, RS_0x7f693917e068;  2 drivers
v0x55558319aab0_0 .net "out_cmp", 15 0, L_0x555583431900;  1 drivers
S_0x5555831a1ee0 .scope module, "BUFFER16" "Buffer16" 4 9, 5 7 0, S_0x555583345eb0;
 .timescale -12 -12;
    .port_info 0 /INPUT 16 "in";
    .port_info 1 /OUTPUT 16 "out";
v0x555583194650_0 .net *"_ivl_100", 0 0, L_0x555583430db0;  1 drivers
v0x555583194750_0 .net *"_ivl_104", 0 0, L_0x555583430f50;  1 drivers
v0x555583194830_0 .net *"_ivl_108", 0 0, L_0x555583430ff0;  1 drivers
v0x5555831948f0_0 .net *"_ivl_113", 0 0, L_0x5555834316f0;  1 drivers
v0x555583198e80_0 .net *"_ivl_52", 0 0, L_0x555583430220;  1 drivers
v0x555583198fb0_0 .net *"_ivl_56", 0 0, L_0x555583430360;  1 drivers
v0x555583199090_0 .net *"_ivl_60", 0 0, L_0x555583430400;  1 drivers
v0x555583199170_0 .net *"_ivl_64", 0 0, L_0x5555834302c0;  1 drivers
v0x555583199250_0 .net *"_ivl_68", 0 0, L_0x555583430550;  1 drivers
v0x555583199330_0 .net *"_ivl_72", 0 0, L_0x5555834306b0;  1 drivers
v0x555583195cc0_0 .net *"_ivl_76", 0 0, L_0x555583430750;  1 drivers
v0x555583195da0_0 .net *"_ivl_80", 0 0, L_0x5555834308c0;  1 drivers
v0x555583195e80_0 .net *"_ivl_84", 0 0, L_0x555583430960;  1 drivers
v0x555583195f60_0 .net *"_ivl_88", 0 0, L_0x555583430ae0;  1 drivers
v0x555583196040_0 .net *"_ivl_92", 0 0, L_0x555583430b80;  1 drivers
v0x555583196120_0 .net *"_ivl_96", 0 0, L_0x555583430d10;  1 drivers
v0x55558319e370_0 .net "in", 15 0, v0x55558319a890_0;  1 drivers
v0x55558319e560_0 .net8 "out", 15 0, RS_0x7f693917e068;  alias, 2 drivers
L_0x55558342dff0 .part v0x55558319a890_0, 0, 1;
L_0x55558342e1a0 .part v0x55558319a890_0, 1, 1;
L_0x55558342e330 .part v0x55558319a890_0, 2, 1;
L_0x55558342e550 .part v0x55558319a890_0, 3, 1;
L_0x55558342e6c0 .part v0x55558319a890_0, 4, 1;
L_0x55558342e850 .part v0x55558319a890_0, 5, 1;
L_0x55558342e9f0 .part v0x55558319a890_0, 6, 1;
L_0x55558342eb50 .part v0x55558319a890_0, 7, 1;
L_0x55558342ed30 .part v0x55558319a890_0, 8, 1;
L_0x55558342eec0 .part v0x55558319a890_0, 9, 1;
L_0x55558342f0b0 .part v0x55558319a890_0, 10, 1;
L_0x55558342f1f0 .part v0x55558319a890_0, 11, 1;
L_0x55558342f3e0 .part v0x55558319a890_0, 12, 1;
L_0x55558342f570 .part v0x55558319a890_0, 13, 1;
L_0x55558342f710 .part v0x55558319a890_0, 14, 1;
L_0x55558342fab0 .part v0x55558319a890_0, 15, 1;
LS_0x55558342fc30_0_0 .concat8 [ 1 1 1 1], L_0x55558342df20, L_0x55558342e130, L_0x55558342e290, L_0x55558342e4b0;
LS_0x55558342fc30_0_4 .concat8 [ 1 1 1 1], L_0x55558342e620, L_0x55558342e7b0, L_0x55558342e980, L_0x55558342eae0;
LS_0x55558342fc30_0_8 .concat8 [ 1 1 1 1], L_0x55558342ec90, L_0x55558342ee20, L_0x55558342f010, L_0x55558342f150;
LS_0x55558342fc30_0_12 .concat8 [ 1 1 1 1], L_0x55558342f350, L_0x55558342f4d0, L_0x55558342f2e0, L_0x55558342fa10;
L_0x55558342fc30 .concat8 [ 4 4 4 4], LS_0x55558342fc30_0_0, LS_0x55558342fc30_0_4, LS_0x55558342fc30_0_8, LS_0x55558342fc30_0_12;
L_0x555583430220 .part v0x55558319a890_0, 0, 1;
L_0x555583430360 .part v0x55558319a890_0, 1, 1;
L_0x555583430400 .part v0x55558319a890_0, 2, 1;
L_0x5555834302c0 .part v0x55558319a890_0, 3, 1;
L_0x555583430550 .part v0x55558319a890_0, 4, 1;
L_0x5555834306b0 .part v0x55558319a890_0, 5, 1;
L_0x555583430750 .part v0x55558319a890_0, 6, 1;
L_0x5555834308c0 .part v0x55558319a890_0, 7, 1;
L_0x555583430960 .part v0x55558319a890_0, 8, 1;
L_0x555583430ae0 .part v0x55558319a890_0, 9, 1;
L_0x555583430b80 .part v0x55558319a890_0, 10, 1;
L_0x555583430d10 .part v0x55558319a890_0, 11, 1;
L_0x555583430db0 .part v0x55558319a890_0, 12, 1;
L_0x555583430f50 .part v0x55558319a890_0, 13, 1;
L_0x555583430ff0 .part v0x55558319a890_0, 14, 1;
LS_0x5555834311a0_0_0 .concat8 [ 1 1 1 1], L_0x555583430220, L_0x555583430360, L_0x555583430400, L_0x5555834302c0;
LS_0x5555834311a0_0_4 .concat8 [ 1 1 1 1], L_0x555583430550, L_0x5555834306b0, L_0x555583430750, L_0x5555834308c0;
LS_0x5555834311a0_0_8 .concat8 [ 1 1 1 1], L_0x555583430960, L_0x555583430ae0, L_0x555583430b80, L_0x555583430d10;
LS_0x5555834311a0_0_12 .concat8 [ 1 1 1 1], L_0x555583430db0, L_0x555583430f50, L_0x555583430ff0, L_0x5555834316f0;
L_0x5555834311a0 .concat8 [ 4 4 4 4], LS_0x5555834311a0_0_0, LS_0x5555834311a0_0_4, LS_0x5555834311a0_0_8, LS_0x5555834311a0_0_12;
L_0x5555834316f0 .part v0x55558319a890_0, 15, 1;
S_0x5555831a2130 .scope generate, "gen_buffer[0]" "gen_buffer[0]" 5 31, 5 31 0, S_0x5555831a1ee0;
 .timescale -12 -12;
P_0x5555831a2350 .param/l "i" 1 5 31, +C4<00>;
S_0x5555831d06d0 .scope module, "buffer_inst" "Buffer" 5 32, 6 7 0, S_0x5555831a2130;
 .timescale -12 -12;
    .port_info 0 /INPUT 1 "in";
    .port_info 1 /OUTPUT 1 "out";
L_0x55558342df20 .functor BUFZ 1, L_0x55558342dff0, C4<0>, C4<0>, C4<0>;
v0x5555833574b0_0 .net "in", 0 0, L_0x55558342dff0;  1 drivers
v0x555583356560_0 .net "out", 0 0, L_0x55558342df20;  1 drivers
S_0x5555831d09c0 .scope generate, "gen_buffer[1]" "gen_buffer[1]" 5 31, 5 31 0, S_0x5555831a1ee0;
 .timescale -12 -12;
P_0x5555831e50c0 .param/l "i" 1 5 31, +C4<01>;
S_0x5555831e5180 .scope module, "buffer_inst" "Buffer" 5 32, 6 7 0, S_0x5555831d09c0;
 .timescale -12 -12;
    .port_info 0 /INPUT 1 "in";
    .port_info 1 /OUTPUT 1 "out";
L_0x55558342e130 .functor BUFZ 1, L_0x55558342e1a0, C4<0>, C4<0>, C4<0>;
v0x555583355610_0 .net "in", 0 0, L_0x55558342e1a0;  1 drivers
v0x55558334ac60_0 .net "out", 0 0, L_0x55558342e130;  1 drivers
S_0x55558328a4e0 .scope generate, "gen_buffer[2]" "gen_buffer[2]" 5 31, 5 31 0, S_0x5555831a1ee0;
 .timescale -12 -12;
P_0x55558328a6c0 .param/l "i" 1 5 31, +C4<010>;
S_0x55558328a780 .scope module, "buffer_inst" "Buffer" 5 32, 6 7 0, S_0x55558328a4e0;
 .timescale -12 -12;
    .port_info 0 /INPUT 1 "in";
    .port_info 1 /OUTPUT 1 "out";
L_0x55558342e290 .functor BUFZ 1, L_0x55558342e330, C4<0>, C4<0>, C4<0>;
v0x555583218ed0_0 .net "in", 0 0, L_0x55558342e330;  1 drivers
v0x555583218fb0_0 .net "out", 0 0, L_0x55558342e290;  1 drivers
S_0x5555832190d0 .scope generate, "gen_buffer[3]" "gen_buffer[3]" 5 31, 5 31 0, S_0x5555831a1ee0;
 .timescale -12 -12;
P_0x5555832192b0 .param/l "i" 1 5 31, +C4<011>;
S_0x5555831fdf30 .scope module, "buffer_inst" "Buffer" 5 32, 6 7 0, S_0x5555832190d0;
 .timescale -12 -12;
    .port_info 0 /INPUT 1 "in";
    .port_info 1 /OUTPUT 1 "out";
L_0x55558342e4b0 .functor BUFZ 1, L_0x55558342e550, C4<0>, C4<0>, C4<0>;
v0x5555831fe130_0 .net "in", 0 0, L_0x55558342e550;  1 drivers
v0x5555831fe210_0 .net "out", 0 0, L_0x55558342e4b0;  1 drivers
S_0x5555831fa730 .scope generate, "gen_buffer[4]" "gen_buffer[4]" 5 31, 5 31 0, S_0x5555831a1ee0;
 .timescale -12 -12;
P_0x5555831fa960 .param/l "i" 1 5 31, +C4<0100>;
S_0x5555831faa40 .scope module, "buffer_inst" "Buffer" 5 32, 6 7 0, S_0x5555831fa730;
 .timescale -12 -12;
    .port_info 0 /INPUT 1 "in";
    .port_info 1 /OUTPUT 1 "out";
L_0x55558342e620 .functor BUFZ 1, L_0x55558342e6c0, C4<0>, C4<0>, C4<0>;
v0x5555831fe330_0 .net "in", 0 0, L_0x55558342e6c0;  1 drivers
v0x5555832016c0_0 .net "out", 0 0, L_0x55558342e620;  1 drivers
S_0x5555832017e0 .scope generate, "gen_buffer[5]" "gen_buffer[5]" 5 31, 5 31 0, S_0x5555831a1ee0;
 .timescale -12 -12;
P_0x5555832019c0 .param/l "i" 1 5 31, +C4<0101>;
S_0x555583209370 .scope module, "buffer_inst" "Buffer" 5 32, 6 7 0, S_0x5555832017e0;
 .timescale -12 -12;
    .port_info 0 /INPUT 1 "in";
    .port_info 1 /OUTPUT 1 "out";
L_0x55558342e7b0 .functor BUFZ 1, L_0x55558342e850, C4<0>, C4<0>, C4<0>;
v0x5555832095c0_0 .net "in", 0 0, L_0x55558342e850;  1 drivers
v0x5555832096a0_0 .net "out", 0 0, L_0x55558342e7b0;  1 drivers
S_0x555583205470 .scope generate, "gen_buffer[6]" "gen_buffer[6]" 5 31, 5 31 0, S_0x5555831a1ee0;
 .timescale -12 -12;
P_0x555583205650 .param/l "i" 1 5 31, +C4<0110>;
S_0x555583205730 .scope module, "buffer_inst" "Buffer" 5 32, 6 7 0, S_0x555583205470;
 .timescale -12 -12;
    .port_info 0 /INPUT 1 "in";
    .port_info 1 /OUTPUT 1 "out";
L_0x55558342e980 .functor BUFZ 1, L_0x55558342e9f0, C4<0>, C4<0>, C4<0>;
v0x5555832097c0_0 .net "in", 0 0, L_0x55558342e9f0;  1 drivers
v0x555583201aa0_0 .net "out", 0 0, L_0x55558342e980;  1 drivers
S_0x555583218230 .scope generate, "gen_buffer[7]" "gen_buffer[7]" 5 31, 5 31 0, S_0x5555831a1ee0;
 .timescale -12 -12;
P_0x555583218410 .param/l "i" 1 5 31, +C4<0111>;
S_0x5555832184f0 .scope module, "buffer_inst" "Buffer" 5 32, 6 7 0, S_0x555583218230;
 .timescale -12 -12;
    .port_info 0 /INPUT 1 "in";
    .port_info 1 /OUTPUT 1 "out";
L_0x55558342eae0 .functor BUFZ 1, L_0x55558342eb50, C4<0>, C4<0>, C4<0>;
v0x55558321ac70_0 .net "in", 0 0, L_0x55558342eb50;  1 drivers
v0x55558321ad50_0 .net "out", 0 0, L_0x55558342eae0;  1 drivers
S_0x55558321ae70 .scope generate, "gen_buffer[8]" "gen_buffer[8]" 5 31, 5 31 0, S_0x5555831a1ee0;
 .timescale -12 -12;
P_0x5555831fa910 .param/l "i" 1 5 31, +C4<01000>;
S_0x55558322ab90 .scope module, "buffer_inst" "Buffer" 5 32, 6 7 0, S_0x55558321ae70;
 .timescale -12 -12;
    .port_info 0 /INPUT 1 "in";
    .port_info 1 /OUTPUT 1 "out";
L_0x55558342ec90 .functor BUFZ 1, L_0x55558342ed30, C4<0>, C4<0>, C4<0>;
v0x55558321b0e0_0 .net "in", 0 0, L_0x55558342ed30;  1 drivers
v0x55558322ae20_0 .net "out", 0 0, L_0x55558342ec90;  1 drivers
S_0x55558321d460 .scope generate, "gen_buffer[9]" "gen_buffer[9]" 5 31, 5 31 0, S_0x5555831a1ee0;
 .timescale -12 -12;
P_0x55558321d640 .param/l "i" 1 5 31, +C4<01001>;
S_0x55558321d720 .scope module, "buffer_inst" "Buffer" 5 32, 6 7 0, S_0x55558321d460;
 .timescale -12 -12;
    .port_info 0 /INPUT 1 "in";
    .port_info 1 /OUTPUT 1 "out";
L_0x55558342ee20 .functor BUFZ 1, L_0x55558342eec0, C4<0>, C4<0>, C4<0>;
v0x55558322af40_0 .net "in", 0 0, L_0x55558342eec0;  1 drivers
v0x555583215b60_0 .net "out", 0 0, L_0x55558342ee20;  1 drivers
S_0x555583215c80 .scope generate, "gen_buffer[10]" "gen_buffer[10]" 5 31, 5 31 0, S_0x5555831a1ee0;
 .timescale -12 -12;
P_0x555583215e60 .param/l "i" 1 5 31, +C4<01010>;
S_0x555583223420 .scope module, "buffer_inst" "Buffer" 5 32, 6 7 0, S_0x555583215c80;
 .timescale -12 -12;
    .port_info 0 /INPUT 1 "in";
    .port_info 1 /OUTPUT 1 "out";
L_0x55558342f010 .functor BUFZ 1, L_0x55558342f0b0, C4<0>, C4<0>, C4<0>;
v0x555583223670_0 .net "in", 0 0, L_0x55558342f0b0;  1 drivers
v0x555583223750_0 .net "out", 0 0, L_0x55558342f010;  1 drivers
S_0x55558317ca10 .scope generate, "gen_buffer[11]" "gen_buffer[11]" 5 31, 5 31 0, S_0x5555831a1ee0;
 .timescale -12 -12;
P_0x55558317cbf0 .param/l "i" 1 5 31, +C4<01011>;
S_0x55558317ccd0 .scope module, "buffer_inst" "Buffer" 5 32, 6 7 0, S_0x55558317ca10;
 .timescale -12 -12;
    .port_info 0 /INPUT 1 "in";
    .port_info 1 /OUTPUT 1 "out";
L_0x55558342f150 .functor BUFZ 1, L_0x55558342f1f0, C4<0>, C4<0>, C4<0>;
v0x555583223870_0 .net "in", 0 0, L_0x55558342f1f0;  1 drivers
v0x555583215f40_0 .net "out", 0 0, L_0x55558342f150;  1 drivers
S_0x5555831870f0 .scope generate, "gen_buffer[12]" "gen_buffer[12]" 5 31, 5 31 0, S_0x5555831a1ee0;
 .timescale -12 -12;
P_0x5555831872d0 .param/l "i" 1 5 31, +C4<01100>;
S_0x5555831873b0 .scope module, "buffer_inst" "Buffer" 5 32, 6 7 0, S_0x5555831870f0;
 .timescale -12 -12;
    .port_info 0 /INPUT 1 "in";
    .port_info 1 /OUTPUT 1 "out";
L_0x55558342f350 .functor BUFZ 1, L_0x55558342f3e0, C4<0>, C4<0>, C4<0>;
v0x555583183f30_0 .net "in", 0 0, L_0x55558342f3e0;  1 drivers
v0x555583184010_0 .net "out", 0 0, L_0x55558342f350;  1 drivers
S_0x555583184130 .scope generate, "gen_buffer[13]" "gen_buffer[13]" 5 31, 5 31 0, S_0x5555831a1ee0;
 .timescale -12 -12;
P_0x555583184310 .param/l "i" 1 5 31, +C4<01101>;
S_0x555583188960 .scope module, "buffer_inst" "Buffer" 5 32, 6 7 0, S_0x555583184130;
 .timescale -12 -12;
    .port_info 0 /INPUT 1 "in";
    .port_info 1 /OUTPUT 1 "out";
L_0x55558342f4d0 .functor BUFZ 1, L_0x55558342f570, C4<0>, C4<0>, C4<0>;
v0x555583188bb0_0 .net "in", 0 0, L_0x55558342f570;  1 drivers
v0x555583188c90_0 .net "out", 0 0, L_0x55558342f4d0;  1 drivers
S_0x5555831857a0 .scope generate, "gen_buffer[14]" "gen_buffer[14]" 5 31, 5 31 0, S_0x5555831a1ee0;
 .timescale -12 -12;
P_0x555583185980 .param/l "i" 1 5 31, +C4<01110>;
S_0x555583185a60 .scope module, "buffer_inst" "Buffer" 5 32, 6 7 0, S_0x5555831857a0;
 .timescale -12 -12;
    .port_info 0 /INPUT 1 "in";
    .port_info 1 /OUTPUT 1 "out";
L_0x55558342f2e0 .functor BUFZ 1, L_0x55558342f710, C4<0>, C4<0>, C4<0>;
v0x555583188db0_0 .net "in", 0 0, L_0x55558342f710;  1 drivers
v0x555583197610_0 .net "out", 0 0, L_0x55558342f2e0;  1 drivers
S_0x555583197710 .scope generate, "gen_buffer[15]" "gen_buffer[15]" 5 31, 5 31 0, S_0x5555831a1ee0;
 .timescale -12 -12;
P_0x5555831978f0 .param/l "i" 1 5 31, +C4<01111>;
S_0x5555831979d0 .scope module, "buffer_inst" "Buffer" 5 32, 6 7 0, S_0x555583197710;
 .timescale -12 -12;
    .port_info 0 /INPUT 1 "in";
    .port_info 1 /OUTPUT 1 "out";
L_0x55558342fa10 .functor BUFZ 1, L_0x55558342fab0, C4<0>, C4<0>, C4<0>;
v0x555583194450_0 .net "in", 0 0, L_0x55558342fab0;  1 drivers
v0x555583194530_0 .net "out", 0 0, L_0x55558342fa10;  1 drivers
S_0x55558319e6a0 .scope task, "check" "check" 4 20, 4 20 0, S_0x555583345eb0;
 .timescale -12 -12;
TD_Buffer16_tb.check ;
    %delay 1, 0;
    %load/vec4 v0x55558319a9f0_0;
    %load/vec4 v0x55558319aab0_0;
    %cmp/ne;
    %jmp/0xz  T_0.0, 4;
    %vpi_call/w 4 24 "$display", "FAIL: in=%16b, out=%16b", v0x55558319a890_0, v0x55558319a9f0_0 {0 0 0};
    %pushi/vec4 1, 0, 1;
    %store/vec4 v0x55558319a7d0_0, 0, 1;
T_0.0 ;
    %end;
S_0x555583346990 .scope module, "DMux" "DMux" 7 8;
 .timescale -12 -12;
    .port_info 0 /INPUT 1 "in";
    .port_info 1 /INPUT 1 "sel";
    .port_info 2 /OUTPUT 1 "a";
    .port_info 3 /OUTPUT 1 "b";
L_0x7f6939134018 .functor BUFT 1, C4<0>, C4<0>, C4<0>, C4<0>;
v0x55558319abc0_0 .net/2u *"_ivl_0", 0 0, L_0x7f6939134018;  1 drivers
L_0x7f6939134060 .functor BUFT 1, C4<0>, C4<0>, C4<0>, C4<0>;
v0x5555831a0260_0 .net/2u *"_ivl_4", 0 0, L_0x7f6939134060;  1 drivers
v0x5555831a0340_0 .net "a", 0 0, L_0x555583431970;  1 drivers
v0x5555831a03e0_0 .net "b", 0 0, L_0x555583431a60;  1 drivers
o0x7f693917e248 .functor BUFZ 1, c4<z>; HiZ drive
v0x5555831a04a0_0 .net "in", 0 0, o0x7f693917e248;  0 drivers
o0x7f693917e278 .functor BUFZ 1, c4<z>; HiZ drive
v0x5555831a05b0_0 .net "sel", 0 0, o0x7f693917e278;  0 drivers
L_0x555583431970 .functor MUXZ 1, o0x7f693917e248, L_0x7f6939134018, o0x7f693917e278, C4<>;
L_0x555583431a60 .functor MUXZ 1, L_0x7f6939134060, o0x7f693917e248, o0x7f693917e278, C4<>;
S_0x555583347470 .scope module, "ICESTORM_LC" "ICESTORM_LC" 8 2136;
 .timescale -12 -12;
    .port_info 0 /INPUT 1 "I0";
    .port_info 1 /INPUT 1 "I1";
    .port_info 2 /INPUT 1 "I2";
    .port_info 3 /INPUT 1 "I3";
    .port_info 4 /INPUT 1 "CIN";
    .port_info 5 /INPUT 1 "CLK";
    .port_info 6 /INPUT 1 "CEN";
    .port_info 7 /INPUT 1 "SR";
    .port_info 8 /OUTPUT 1 "LO";
    .port_info 9 /OUTPUT 1 "O";
    .port_info 10 /OUTPUT 1 "COUT";
P_0x5555833b2f20 .param/l "ASYNC_SR" 0 8 2148, C4<0>;
P_0x5555833b2f60 .param/l "CARRY_ENABLE" 0 8 2145, C4<0>;
P_0x5555833b2fa0 .param/l "CIN_CONST" 0 8 2150, C4<0>;
P_0x5555833b2fe0 .param/l "CIN_SET" 0 8 2151, C4<0>;
P_0x5555833b3020 .param/l "DFF_ENABLE" 0 8 2146, C4<0>;
P_0x5555833b3060 .param/l "LUT_INIT" 0 8 2142, C4<0000000000000000>;
P_0x5555833b30a0 .param/l "NEG_CLK" 0 8 2144, C4<0>;
P_0x5555833b30e0 .param/l "SET_NORESET" 0 8 2147, C4<0>;
o0x7f693917e3c8 .functor BUFZ 1, c4<z>; HiZ drive
L_0x555583432a70 .functor BUFZ 1, o0x7f693917e3c8, C4<0>, C4<0>, C4<0>;
L_0x555583432910 .functor BUFZ 1, L_0x555583433670, C4<0>, C4<0>, C4<0>;
o0x7f693917e3f8 .functor BUFZ 1, c4<z>; HiZ drive
L_0x7f6939134330 .functor BUFT 1, C4<0>, C4<0>, C4<0>, C4<0>;
L_0x555583433910 .functor XOR 1, o0x7f693917e3f8, L_0x7f6939134330, C4<0>, C4<0>;
L_0x5555834339d0 .functor BUFZ 1, L_0x555583433670, C4<0>, C4<0>, C4<0>;
o0x7f693917e368 .functor BUFZ 1, c4<z>; HiZ drive
v0x55558319c6c0_0 .net "CEN", 0 0, o0x7f693917e368;  0 drivers
v0x55558319c7a0_0 .net "CEN_pu", 0 0, L_0x555583432870;  1 drivers
v0x55558319c860_0 .net "CIN", 0 0, o0x7f693917e3c8;  0 drivers
v0x55558319c900_0 .net "CLK", 0 0, o0x7f693917e3f8;  0 drivers
L_0x7f6939134258 .functor BUFT 1, C4<x>, C4<0>, C4<0>, C4<0>;
v0x55558319c9c0_0 .net "COUT", 0 0, L_0x7f6939134258;  1 drivers
o0x7f693917e458 .functor BUFZ 1, c4<z>; HiZ drive
v0x55558319cad0_0 .net "I0", 0 0, o0x7f693917e458;  0 drivers
v0x555583192d90_0 .net "I0_pd", 0 0, L_0x555583431c90;  1 drivers
o0x7f693917e4b8 .functor BUFZ 1, c4<z>; HiZ drive
v0x555583192e50_0 .net "I1", 0 0, o0x7f693917e4b8;  0 drivers
v0x555583192f10_0 .net "I1_pd", 0 0, L_0x555583431ec0;  1 drivers
o0x7f693917e518 .functor BUFZ 1, c4<z>; HiZ drive
v0x555583192fd0_0 .net "I2", 0 0, o0x7f693917e518;  0 drivers
v0x555583193090_0 .net "I2_pd", 0 0, L_0x555583432140;  1 drivers
o0x7f693917e578 .functor BUFZ 1, c4<z>; HiZ drive
v0x555583193150_0 .net "I3", 0 0, o0x7f693917e578;  0 drivers
v0x555583193210_0 .net "I3_pd", 0 0, L_0x5555834323b0;  1 drivers
v0x555583191a40_0 .net "LO", 0 0, L_0x555583432910;  1 drivers
v0x555583191b00_0 .net "O", 0 0, L_0x5555834339d0;  1 drivers
o0x7f693917e638 .functor BUFZ 1, c4<z>; HiZ drive
v0x555583191bc0_0 .net "SR", 0 0, o0x7f693917e638;  0 drivers
v0x555583191c80_0 .net "SR_pd", 0 0, L_0x555583432630;  1 drivers
o0x7f693917e698 .functor BUFZ 1, c4<z>; HiZ drive
; Elide local net with no drivers, v0x555583191e50_0 name=_ivl_0
v0x55558318dea0_0 .net *"_ivl_10", 0 0, L_0x555583431e20;  1 drivers
L_0x7f69391340f0 .functor BUFT 1, C4<0>, C4<0>, C4<0>, C4<0>;
v0x55558318df60_0 .net/2u *"_ivl_12", 0 0, L_0x7f69391340f0;  1 drivers
o0x7f693917e728 .functor BUFZ 1, c4<z>; HiZ drive
; Elide local net with no drivers, v0x55558318e040_0 name=_ivl_16
v0x55558318e120_0 .net *"_ivl_18", 0 0, L_0x555583432050;  1 drivers
v0x55558318e1e0_0 .net *"_ivl_2", 0 0, L_0x555583431bf0;  1 drivers
L_0x7f6939134138 .functor BUFT 1, C4<0>, C4<0>, C4<0>, C4<0>;
v0x55558318e2a0_0 .net/2u *"_ivl_20", 0 0, L_0x7f6939134138;  1 drivers
o0x7f693917e7e8 .functor BUFZ 1, c4<z>; HiZ drive
; Elide local net with no drivers, v0x55558318a2b0_0 name=_ivl_24
v0x55558318a390_0 .net *"_ivl_26", 0 0, L_0x555583432310;  1 drivers
L_0x7f6939134180 .functor BUFT 1, C4<0>, C4<0>, C4<0>, C4<0>;
v0x55558318a450_0 .net/2u *"_ivl_28", 0 0, L_0x7f6939134180;  1 drivers
o0x7f693917e878 .functor BUFZ 1, c4<z>; HiZ drive
; Elide local net with no drivers, v0x55558318a530_0 name=_ivl_32
v0x55558318a610_0 .net *"_ivl_34", 0 0, L_0x555583432590;  1 drivers
L_0x7f69391341c8 .functor BUFT 1, C4<0>, C4<0>, C4<0>, C4<0>;
v0x55558318a6d0_0 .net/2u *"_ivl_36", 0 0, L_0x7f69391341c8;  1 drivers
L_0x7f69391340a8 .functor BUFT 1, C4<0>, C4<0>, C4<0>, C4<0>;
v0x55558318fd90_0 .net/2u *"_ivl_4", 0 0, L_0x7f69391340a8;  1 drivers
o0x7f693917e938 .functor BUFZ 1, c4<z>; HiZ drive
; Elide local net with no drivers, v0x55558318fe70_0 name=_ivl_40
v0x55558318ff50_0 .net *"_ivl_42", 0 0, L_0x5555834327d0;  1 drivers
L_0x7f6939134210 .functor BUFT 1, C4<1>, C4<0>, C4<0>, C4<0>;
v0x555583190220_0 .net/2u *"_ivl_44", 0 0, L_0x7f6939134210;  1 drivers
L_0x7f69391342a0 .functor BUFT 1, C4<00000000>, C4<0>, C4<0>, C4<0>;
v0x55558318c1f0_0 .net/2u *"_ivl_52", 7 0, L_0x7f69391342a0;  1 drivers
L_0x7f69391342e8 .functor BUFT 1, C4<00000000>, C4<0>, C4<0>, C4<0>;
v0x55558318c2d0_0 .net/2u *"_ivl_54", 7 0, L_0x7f69391342e8;  1 drivers
v0x55558318c3b0_0 .net *"_ivl_59", 3 0, L_0x555583432ce0;  1 drivers
v0x55558318c490_0 .net *"_ivl_61", 3 0, L_0x555583432e50;  1 drivers
v0x55558318c570_0 .net *"_ivl_65", 1 0, L_0x555583433110;  1 drivers
v0x55558318c650_0 .net *"_ivl_67", 1 0, L_0x555583433200;  1 drivers
v0x555583182870_0 .net *"_ivl_71", 0 0, L_0x5555834334d0;  1 drivers
v0x555583182950_0 .net *"_ivl_73", 0 0, L_0x5555834332a0;  1 drivers
v0x555583182a30_0 .net/2u *"_ivl_78", 0 0, L_0x7f6939134330;  1 drivers
o0x7f693917eb78 .functor BUFZ 1, c4<z>; HiZ drive
; Elide local net with no drivers, v0x555583182b10_0 name=_ivl_8
v0x555583182bf0_0 .net "lut_o", 0 0, L_0x555583433670;  1 drivers
v0x555583182cb0_0 .net "lut_s1", 1 0, L_0x555583433340;  1 drivers
v0x5555831815d0_0 .net "lut_s2", 3 0, L_0x555583432ef0;  1 drivers
v0x5555831816b0_0 .net "lut_s3", 7 0, L_0x555583432b70;  1 drivers
v0x555583181790_0 .net "mux_cin", 0 0, L_0x555583432a70;  1 drivers
v0x555583181850_0 .var "o_reg", 0 0;
v0x555583181910_0 .var "o_reg_async", 0 0;
v0x5555831819d0_0 .net "polarized_clk", 0 0, L_0x555583433910;  1 drivers
E_0x555583185cb0 .event posedge, v0x555583191c80_0, v0x5555831819d0_0;
E_0x555583184440 .event posedge, v0x5555831819d0_0;
L_0x555583431bf0 .cmp/eeq 1, o0x7f693917e458, o0x7f693917e698;
L_0x555583431c90 .functor MUXZ 1, o0x7f693917e458, L_0x7f69391340a8, L_0x555583431bf0, C4<>;
L_0x555583431e20 .cmp/eeq 1, o0x7f693917e4b8, o0x7f693917eb78;
L_0x555583431ec0 .functor MUXZ 1, o0x7f693917e4b8, L_0x7f69391340f0, L_0x555583431e20, C4<>;
L_0x555583432050 .cmp/eeq 1, o0x7f693917e518, o0x7f693917e728;
L_0x555583432140 .functor MUXZ 1, o0x7f693917e518, L_0x7f6939134138, L_0x555583432050, C4<>;
L_0x555583432310 .cmp/eeq 1, o0x7f693917e578, o0x7f693917e7e8;
L_0x5555834323b0 .functor MUXZ 1, o0x7f693917e578, L_0x7f6939134180, L_0x555583432310, C4<>;
L_0x555583432590 .cmp/eeq 1, o0x7f693917e638, o0x7f693917e878;
L_0x555583432630 .functor MUXZ 1, o0x7f693917e638, L_0x7f69391341c8, L_0x555583432590, C4<>;
L_0x5555834327d0 .cmp/eeq 1, o0x7f693917e368, o0x7f693917e938;
L_0x555583432870 .functor MUXZ 1, o0x7f693917e368, L_0x7f6939134210, L_0x5555834327d0, C4<>;
L_0x555583432b70 .functor MUXZ 8, L_0x7f69391342e8, L_0x7f69391342a0, L_0x5555834323b0, C4<>;
L_0x555583432ce0 .part L_0x555583432b70, 4, 4;
L_0x555583432e50 .part L_0x555583432b70, 0, 4;
L_0x555583432ef0 .functor MUXZ 4, L_0x555583432e50, L_0x555583432ce0, L_0x555583432140, C4<>;
L_0x555583433110 .part L_0x555583432ef0, 2, 2;
L_0x555583433200 .part L_0x555583432ef0, 0, 2;
L_0x555583433340 .functor MUXZ 2, L_0x555583433200, L_0x555583433110, L_0x555583431ec0, C4<>;
L_0x5555834334d0 .part L_0x555583433340, 1, 1;
L_0x5555834332a0 .part L_0x555583433340, 0, 1;
L_0x555583433670 .functor MUXZ 1, L_0x5555834332a0, L_0x5555834334d0, L_0x555583431c90, C4<>;
S_0x555583347f50 .scope module, "ICESTORM_RAM" "ICESTORM_RAM" 8 3167;
 .timescale -12 -12;
    .port_info 0 /OUTPUT 1 "RDATA_15";
    .port_info 1 /OUTPUT 1 "RDATA_14";
    .port_info 2 /OUTPUT 1 "RDATA_13";
    .port_info 3 /OUTPUT 1 "RDATA_12";
    .port_info 4 /OUTPUT 1 "RDATA_11";
    .port_info 5 /OUTPUT 1 "RDATA_10";
    .port_info 6 /OUTPUT 1 "RDATA_9";
    .port_info 7 /OUTPUT 1 "RDATA_8";
    .port_info 8 /OUTPUT 1 "RDATA_7";
    .port_info 9 /OUTPUT 1 "RDATA_6";
    .port_info 10 /OUTPUT 1 "RDATA_5";
    .port_info 11 /OUTPUT 1 "RDATA_4";
    .port_info 12 /OUTPUT 1 "RDATA_3";
    .port_info 13 /OUTPUT 1 "RDATA_2";
    .port_info 14 /OUTPUT 1 "RDATA_1";
    .port_info 15 /OUTPUT 1 "RDATA_0";
    .port_info 16 /INPUT 1 "RCLK";
    .port_info 17 /INPUT 1 "RCLKE";
    .port_info 18 /INPUT 1 "RE";
    .port_info 19 /INPUT 1 "RADDR_10";
    .port_info 20 /INPUT 1 "RADDR_9";
    .port_info 21 /INPUT 1 "RADDR_8";
    .port_info 22 /INPUT 1 "RADDR_7";
    .port_info 23 /INPUT 1 "RADDR_6";
    .port_info 24 /INPUT 1 "RADDR_5";
    .port_info 25 /INPUT 1 "RADDR_4";
    .port_info 26 /INPUT 1 "RADDR_3";
    .port_info 27 /INPUT 1 "RADDR_2";
    .port_info 28 /INPUT 1 "RADDR_1";
    .port_info 29 /INPUT 1 "RADDR_0";
    .port_info 30 /INPUT 1 "WCLK";
    .port_info 31 /INPUT 1 "WCLKE";
    .port_info 32 /INPUT 1 "WE";
    .port_info 33 /INPUT 1 "WADDR_10";
    .port_info 34 /INPUT 1 "WADDR_9";
    .port_info 35 /INPUT 1 "WADDR_8";
    .port_info 36 /INPUT 1 "WADDR_7";
    .port_info 37 /INPUT 1 "WADDR_6";
    .port_info 38 /INPUT 1 "WADDR_5";
    .port_info 39 /INPUT 1 "WADDR_4";
    .port_info 40 /INPUT 1 "WADDR_3";
    .port_info 41 /INPUT 1 "WADDR_2";
    .port_info 42 /INPUT 1 "WADDR_1";
    .port_info 43 /INPUT 1 "WADDR_0";
    .port_info 44 /INPUT 1 "MASK_15";
    .port_info 45 /INPUT 1 "MASK_14";
    .port_info 46 /INPUT 1 "MASK_13";
    .port_info 47 /INPUT 1 "MASK_12";
    .port_info 48 /INPUT 1 "MASK_11";
    .port_info 49 /INPUT 1 "MASK_10";
    .port_info 50 /INPUT 1 "MASK_9";
    .port_info 51 /INPUT 1 "MASK_8";
    .port_info 52 /INPUT 1 "MASK_7";
    .port_info 53 /INPUT 1 "MASK_6";
    .port_info 54 /INPUT 1 "MASK_5";
    .port_info 55 /INPUT 1 "MASK_4";
    .port_info 56 /INPUT 1 "MASK_3";
    .port_info 57 /INPUT 1 "MASK_2";
    .port_info 58 /INPUT 1 "MASK_1";
    .port_info 59 /INPUT 1 "MASK_0";
    .port_info 60 /INPUT 1 "WDATA_15";
    .port_info 61 /INPUT 1 "WDATA_14";
    .port_info 62 /INPUT 1 "WDATA_13";
    .port_info 63 /INPUT 1 "WDATA_12";
    .port_info 64 /INPUT 1 "WDATA_11";
    .port_info 65 /INPUT 1 "WDATA_10";
    .port_info 66 /INPUT 1 "WDATA_9";
    .port_info 67 /INPUT 1 "WDATA_8";
    .port_info 68 /INPUT 1 "WDATA_7";
    .port_info 69 /INPUT 1 "WDATA_6";
    .port_info 70 /INPUT 1 "WDATA_5";
    .port_info 71 /INPUT 1 "WDATA_4";
    .port_info 72 /INPUT 1 "WDATA_3";
    .port_info 73 /INPUT 1 "WDATA_2";
    .port_info 74 /INPUT 1 "WDATA_1";
    .port_info 75 /INPUT 1 "WDATA_0";
P_0x555583180100 .param/l "INIT_0" 0 8 3182, C4<0000000000000000000000000000000000000000000000000000000000000000000000000000000000000000000000000000000000000000000000000000000000000000000000000000000000000000000000000000000000000000000000000000000000000000000000000000000000000000000000000000000000000000>;
P_0x555583180140 .param/l "INIT_1" 0 8 3183, C4<0000000000000000000000000000000000000000000000000000000000000000000000000000000000000000000000000000000000000000000000000000000000000000000000000000000000000000000000000000000000000000000000000000000000000000000000000000000000000000000000000000000000000000>;
P_0x555583180180 .param/l "INIT_2" 0 8 3184, C4<0000000000000000000000000000000000000000000000000000000000000000000000000000000000000000000000000000000000000000000000000000000000000000000000000000000000000000000000000000000000000000000000000000000000000000000000000000000000000000000000000000000000000000>;
P_0x5555831801c0 .param/l "INIT_3" 0 8 3185, C4<0000000000000000000000000000000000000000000000000000000000000000000000000000000000000000000000000000000000000000000000000000000000000000000000000000000000000000000000000000000000000000000000000000000000000000000000000000000000000000000000000000000000000000>;
P_0x555583180200 .param/l "INIT_4" 0 8 3186, C4<0000000000000000000000000000000000000000000000000000000000000000000000000000000000000000000000000000000000000000000000000000000000000000000000000000000000000000000000000000000000000000000000000000000000000000000000000000000000000000000000000000000000000000>;
P_0x555583180240 .param/l "INIT_5" 0 8 3187, C4<0000000000000000000000000000000000000000000000000000000000000000000000000000000000000000000000000000000000000000000000000000000000000000000000000000000000000000000000000000000000000000000000000000000000000000000000000000000000000000000000000000000000000000>;
P_0x555583180280 .param/l "INIT_6" 0 8 3188, C4<0000000000000000000000000000000000000000000000000000000000000000000000000000000000000000000000000000000000000000000000000000000000000000000000000000000000000000000000000000000000000000000000000000000000000000000000000000000000000000000000000000000000000000>;
P_0x5555831802c0 .param/l "INIT_7" 0 8 3189, C4<0000000000000000000000000000000000000000000000000000000000000000000000000000000000000000000000000000000000000000000000000000000000000000000000000000000000000000000000000000000000000000000000000000000000000000000000000000000000000000000000000000000000000000>;
P_0x555583180300 .param/l "INIT_8" 0 8 3190, C4<0000000000000000000000000000000000000000000000000000000000000000000000000000000000000000000000000000000000000000000000000000000000000000000000000000000000000000000000000000000000000000000000000000000000000000000000000000000000000000000000000000000000000000>;
P_0x555583180340 .param/l "INIT_9" 0 8 3191, C4<0000000000000000000000000000000000000000000000000000000000000000000000000000000000000000000000000000000000000000000000000000000000000000000000000000000000000000000000000000000000000000000000000000000000000000000000000000000000000000000000000000000000000000>;
P_0x555583180380 .param/l "INIT_A" 0 8 3192, C4<0000000000000000000000000000000000000000000000000000000000000000000000000000000000000000000000000000000000000000000000000000000000000000000000000000000000000000000000000000000000000000000000000000000000000000000000000000000000000000000000000000000000000000>;
P_0x5555831803c0 .param/l "INIT_B" 0 8 3193, C4<0000000000000000000000000000000000000000000000000000000000000000000000000000000000000000000000000000000000000000000000000000000000000000000000000000000000000000000000000000000000000000000000000000000000000000000000000000000000000000000000000000000000000000>;
P_0x555583180400 .param/l "INIT_C" 0 8 3194, C4<0000000000000000000000000000000000000000000000000000000000000000000000000000000000000000000000000000000000000000000000000000000000000000000000000000000000000000000000000000000000000000000000000000000000000000000000000000000000000000000000000000000000000000>;
P_0x555583180440 .param/l "INIT_D" 0 8 3195, C4<0000000000000000000000000000000000000000000000000000000000000000000000000000000000000000000000000000000000000000000000000000000000000000000000000000000000000000000000000000000000000000000000000000000000000000000000000000000000000000000000000000000000000000>;
P_0x555583180480 .param/l "INIT_E" 0 8 3196, C4<0000000000000000000000000000000000000000000000000000000000000000000000000000000000000000000000000000000000000000000000000000000000000000000000000000000000000000000000000000000000000000000000000000000000000000000000000000000000000000000000000000000000000000>;
P_0x5555831804c0 .param/l "INIT_F" 0 8 3197, C4<0000000000000000000000000000000000000000000000000000000000000000000000000000000000000000000000000000000000000000000000000000000000000000000000000000000000000000000000000000000000000000000000000000000000000000000000000000000000000000000000000000000000000000>;
P_0x555583180500 .param/l "NEG_CLK_R" 0 8 3179, C4<0>;
P_0x555583180540 .param/l "NEG_CLK_W" 0 8 3180, C4<0>;
P_0x555583180580 .param/l "READ_MODE" 0 8 3177, +C4<00000000000000000000000000000000>;
P_0x5555831805c0 .param/l "WRITE_MODE" 0 8 3176, +C4<00000000000000000000000000000000>;
L_0x7f69391343c0 .functor BUFT 1, C4<0>, C4<0>, C4<0>, C4<0>;
L_0x555583444700 .functor XOR 1, L_0x555583444bc0, L_0x7f69391343c0, C4<0>, C4<0>;
L_0x7f6939134408 .functor BUFT 1, C4<0>, C4<0>, C4<0>, C4<0>;
L_0x555583446530 .functor XOR 1, L_0x555583446380, L_0x7f6939134408, C4<0>, C4<0>;
o0x7f693917f508 .functor BUFZ 1, c4<z>; HiZ drive
v0x5555833f6890_0 .net "MASK_0", 0 0, o0x7f693917f508;  0 drivers
o0x7f693917f538 .functor BUFZ 1, c4<z>; HiZ drive
v0x5555833f6970_0 .net "MASK_1", 0 0, o0x7f693917f538;  0 drivers
o0x7f693917f568 .functor BUFZ 1, c4<z>; HiZ drive
v0x5555833f6a30_0 .net "MASK_10", 0 0, o0x7f693917f568;  0 drivers
o0x7f693917f598 .functor BUFZ 1, c4<z>; HiZ drive
v0x5555833f6b00_0 .net "MASK_11", 0 0, o0x7f693917f598;  0 drivers
o0x7f693917f5c8 .functor BUFZ 1, c4<z>; HiZ drive
v0x5555833f6bc0_0 .net "MASK_12", 0 0, o0x7f693917f5c8;  0 drivers
o0x7f693917f5f8 .functor BUFZ 1, c4<z>; HiZ drive
v0x5555833f6cd0_0 .net "MASK_13", 0 0, o0x7f693917f5f8;  0 drivers
o0x7f693917f628 .functor BUFZ 1, c4<z>; HiZ drive
v0x5555833f6d90_0 .net "MASK_14", 0 0, o0x7f693917f628;  0 drivers
o0x7f693917f658 .functor BUFZ 1, c4<z>; HiZ drive
v0x5555833f6e50_0 .net "MASK_15", 0 0, o0x7f693917f658;  0 drivers
o0x7f693917f688 .functor BUFZ 1, c4<z>; HiZ drive
v0x5555833f6f10_0 .net "MASK_2", 0 0, o0x7f693917f688;  0 drivers
o0x7f693917f6b8 .functor BUFZ 1, c4<z>; HiZ drive
v0x5555833f6fd0_0 .net "MASK_3", 0 0, o0x7f693917f6b8;  0 drivers
o0x7f693917f6e8 .functor BUFZ 1, c4<z>; HiZ drive
v0x5555833f7090_0 .net "MASK_4", 0 0, o0x7f693917f6e8;  0 drivers
o0x7f693917f718 .functor BUFZ 1, c4<z>; HiZ drive
v0x5555833f7150_0 .net "MASK_5", 0 0, o0x7f693917f718;  0 drivers
o0x7f693917f748 .functor BUFZ 1, c4<z>; HiZ drive
v0x5555833f7210_0 .net "MASK_6", 0 0, o0x7f693917f748;  0 drivers
o0x7f693917f778 .functor BUFZ 1, c4<z>; HiZ drive
v0x5555833f72d0_0 .net "MASK_7", 0 0, o0x7f693917f778;  0 drivers
o0x7f693917f7a8 .functor BUFZ 1, c4<z>; HiZ drive
v0x5555833f7390_0 .net "MASK_8", 0 0, o0x7f693917f7a8;  0 drivers
o0x7f693917f7d8 .functor BUFZ 1, c4<z>; HiZ drive
v0x5555833f7450_0 .net "MASK_9", 0 0, o0x7f693917f7d8;  0 drivers
o0x7f693917f808 .functor BUFZ 1, c4<z>; HiZ drive
v0x5555833f7510_0 .net "RADDR_0", 0 0, o0x7f693917f808;  0 drivers
o0x7f693917f838 .functor BUFZ 1, c4<z>; HiZ drive
v0x5555833f76e0_0 .net "RADDR_1", 0 0, o0x7f693917f838;  0 drivers
o0x7f693917f868 .functor BUFZ 1, c4<z>; HiZ drive
v0x5555833f77a0_0 .net "RADDR_10", 0 0, o0x7f693917f868;  0 drivers
o0x7f693917f898 .functor BUFZ 1, c4<z>; HiZ drive
v0x5555833f7860_0 .net "RADDR_2", 0 0, o0x7f693917f898;  0 drivers
o0x7f693917f8c8 .functor BUFZ 1, c4<z>; HiZ drive
v0x5555833f7920_0 .net "RADDR_3", 0 0, o0x7f693917f8c8;  0 drivers
o0x7f693917f8f8 .functor BUFZ 1, c4<z>; HiZ drive
v0x5555833f79e0_0 .net "RADDR_4", 0 0, o0x7f693917f8f8;  0 drivers
o0x7f693917f928 .functor BUFZ 1, c4<z>; HiZ drive
v0x5555833f7aa0_0 .net "RADDR_5", 0 0, o0x7f693917f928;  0 drivers
o0x7f693917f958 .functor BUFZ 1, c4<z>; HiZ drive
v0x5555833f7b60_0 .net "RADDR_6", 0 0, o0x7f693917f958;  0 drivers
o0x7f693917f988 .functor BUFZ 1, c4<z>; HiZ drive
v0x5555833f7c20_0 .net "RADDR_7", 0 0, o0x7f693917f988;  0 drivers
o0x7f693917f9b8 .functor BUFZ 1, c4<z>; HiZ drive
v0x5555833f7ce0_0 .net "RADDR_8", 0 0, o0x7f693917f9b8;  0 drivers
o0x7f693917f9e8 .functor BUFZ 1, c4<z>; HiZ drive
v0x5555833f7da0_0 .net "RADDR_9", 0 0, o0x7f693917f9e8;  0 drivers
o0x7f693917fa18 .functor BUFZ 1, c4<z>; HiZ drive
v0x5555833f7e60_0 .net "RCLK", 0 0, o0x7f693917fa18;  0 drivers
o0x7f693917fa48 .functor BUFZ 1, c4<z>; HiZ drive
v0x5555833f7f20_0 .net "RCLKE", 0 0, o0x7f693917fa48;  0 drivers
v0x5555833f7fe0_0 .net "RDATA_0", 0 0, L_0x555583444a60;  1 drivers
v0x5555833f80a0_0 .net "RDATA_1", 0 0, L_0x555583444990;  1 drivers
v0x5555833f8160_0 .net "RDATA_10", 0 0, L_0x555583444090;  1 drivers
v0x5555833f8220_0 .net "RDATA_11", 0 0, L_0x555583443fc0;  1 drivers
v0x5555833f84f0_0 .net "RDATA_12", 0 0, L_0x555583443ec0;  1 drivers
v0x5555833f85b0_0 .net "RDATA_13", 0 0, L_0x555583443df0;  1 drivers
v0x5555833f8670_0 .net "RDATA_14", 0 0, L_0x555583443d50;  1 drivers
v0x5555833f8730_0 .net "RDATA_15", 0 0, L_0x555583443c30;  1 drivers
v0x5555833f87f0_0 .net "RDATA_2", 0 0, L_0x555583444840;  1 drivers
v0x5555833f88b0_0 .net "RDATA_3", 0 0, L_0x555583444770;  1 drivers
v0x5555833f8970_0 .net "RDATA_4", 0 0, L_0x555583444630;  1 drivers
v0x5555833f8a30_0 .net "RDATA_5", 0 0, L_0x555583444560;  1 drivers
v0x5555833f8af0_0 .net "RDATA_6", 0 0, L_0x555583444430;  1 drivers
v0x5555833f8bb0_0 .net "RDATA_7", 0 0, L_0x555583444360;  1 drivers
v0x5555833f8c70_0 .net "RDATA_8", 0 0, L_0x555583444240;  1 drivers
v0x5555833f8d30_0 .net "RDATA_9", 0 0, L_0x5555834441a0;  1 drivers
o0x7f693917fd78 .functor BUFZ 1, c4<z>; HiZ drive
v0x5555833f8df0_0 .net "RE", 0 0, o0x7f693917fd78;  0 drivers
o0x7f693917fda8 .functor BUFZ 1, c4<z>; HiZ drive
v0x5555833f8eb0_0 .net "WADDR_0", 0 0, o0x7f693917fda8;  0 drivers
o0x7f693917fdd8 .functor BUFZ 1, c4<z>; HiZ drive
v0x5555833f8f70_0 .net "WADDR_1", 0 0, o0x7f693917fdd8;  0 drivers
o0x7f693917fe08 .functor BUFZ 1, c4<z>; HiZ drive
v0x5555833f9030_0 .net "WADDR_10", 0 0, o0x7f693917fe08;  0 drivers
o0x7f693917fe38 .functor BUFZ 1, c4<z>; HiZ drive
v0x5555833f90f0_0 .net "WADDR_2", 0 0, o0x7f693917fe38;  0 drivers
o0x7f693917fe68 .functor BUFZ 1, c4<z>; HiZ drive
v0x5555833f91b0_0 .net "WADDR_3", 0 0, o0x7f693917fe68;  0 drivers
o0x7f693917fe98 .functor BUFZ 1, c4<z>; HiZ drive
v0x5555833f9270_0 .net "WADDR_4", 0 0, o0x7f693917fe98;  0 drivers
o0x7f693917fec8 .functor BUFZ 1, c4<z>; HiZ drive
v0x5555833f9330_0 .net "WADDR_5", 0 0, o0x7f693917fec8;  0 drivers
o0x7f693917fef8 .functor BUFZ 1, c4<z>; HiZ drive
v0x5555833f93f0_0 .net "WADDR_6", 0 0, o0x7f693917fef8;  0 drivers
o0x7f693917ff28 .functor BUFZ 1, c4<z>; HiZ drive
v0x5555833f94b0_0 .net "WADDR_7", 0 0, o0x7f693917ff28;  0 drivers
o0x7f693917ff58 .functor BUFZ 1, c4<z>; HiZ drive
v0x5555833f9570_0 .net "WADDR_8", 0 0, o0x7f693917ff58;  0 drivers
o0x7f693917ff88 .functor BUFZ 1, c4<z>; HiZ drive
v0x5555833f9630_0 .net "WADDR_9", 0 0, o0x7f693917ff88;  0 drivers
o0x7f693917ffb8 .functor BUFZ 1, c4<z>; HiZ drive
v0x5555833f96f0_0 .net "WCLK", 0 0, o0x7f693917ffb8;  0 drivers
o0x7f693917ffe8 .functor BUFZ 1, c4<z>; HiZ drive
v0x5555833f97b0_0 .net "WCLKE", 0 0, o0x7f693917ffe8;  0 drivers
o0x7f6939180018 .functor BUFZ 1, c4<z>; HiZ drive
v0x5555833f9870_0 .net "WDATA_0", 0 0, o0x7f6939180018;  0 drivers
o0x7f6939180048 .functor BUFZ 1, c4<z>; HiZ drive
v0x5555833f9930_0 .net "WDATA_1", 0 0, o0x7f6939180048;  0 drivers
o0x7f6939180078 .functor BUFZ 1, c4<z>; HiZ drive
v0x5555833f99f0_0 .net "WDATA_10", 0 0, o0x7f6939180078;  0 drivers
o0x7f69391800a8 .functor BUFZ 1, c4<z>; HiZ drive
v0x5555833f9ab0_0 .net "WDATA_11", 0 0, o0x7f69391800a8;  0 drivers
o0x7f69391800d8 .functor BUFZ 1, c4<z>; HiZ drive
v0x5555833f9b70_0 .net "WDATA_12", 0 0, o0x7f69391800d8;  0 drivers
o0x7f6939180108 .functor BUFZ 1, c4<z>; HiZ drive
v0x5555833f9c30_0 .net "WDATA_13", 0 0, o0x7f6939180108;  0 drivers
o0x7f6939180138 .functor BUFZ 1, c4<z>; HiZ drive
v0x5555833f9cf0_0 .net "WDATA_14", 0 0, o0x7f6939180138;  0 drivers
o0x7f6939180168 .functor BUFZ 1, c4<z>; HiZ drive
v0x5555833f9db0_0 .net "WDATA_15", 0 0, o0x7f6939180168;  0 drivers
o0x7f6939180198 .functor BUFZ 1, c4<z>; HiZ drive
v0x5555833f9e70_0 .net "WDATA_2", 0 0, o0x7f6939180198;  0 drivers
o0x7f69391801c8 .functor BUFZ 1, c4<z>; HiZ drive
v0x5555833f9f30_0 .net "WDATA_3", 0 0, o0x7f69391801c8;  0 drivers
o0x7f69391801f8 .functor BUFZ 1, c4<z>; HiZ drive
v0x5555833f9ff0_0 .net "WDATA_4", 0 0, o0x7f69391801f8;  0 drivers
o0x7f6939180228 .functor BUFZ 1, c4<z>; HiZ drive
v0x5555833fa0b0_0 .net "WDATA_5", 0 0, o0x7f6939180228;  0 drivers
o0x7f6939180258 .functor BUFZ 1, c4<z>; HiZ drive
v0x5555833fa170_0 .net "WDATA_6", 0 0, o0x7f6939180258;  0 drivers
o0x7f6939180288 .functor BUFZ 1, c4<z>; HiZ drive
v0x5555833fa230_0 .net "WDATA_7", 0 0, o0x7f6939180288;  0 drivers
o0x7f69391802b8 .functor BUFZ 1, c4<z>; HiZ drive
v0x5555833fa2f0_0 .net "WDATA_8", 0 0, o0x7f69391802b8;  0 drivers
o0x7f69391802e8 .functor BUFZ 1, c4<z>; HiZ drive
v0x5555833fa3b0_0 .net "WDATA_9", 0 0, o0x7f69391802e8;  0 drivers
o0x7f6939180318 .functor BUFZ 1, c4<z>; HiZ drive
v0x5555833fa470_0 .net "WE", 0 0, o0x7f6939180318;  0 drivers
v0x5555833fa530_0 .net *"_ivl_100", 0 0, L_0x555583448940;  1 drivers
v0x5555833fa610_0 .net *"_ivl_102", 0 0, L_0x555583448690;  1 drivers
v0x5555833fa6f0_0 .net *"_ivl_104", 0 0, L_0x555583448790;  1 drivers
v0x5555833fa7d0_0 .net *"_ivl_106", 0 0, L_0x555583448e30;  1 drivers
v0x5555833fa8b0_0 .net *"_ivl_108", 0 0, L_0x555583448f30;  1 drivers
v0x5555833fa990_0 .net *"_ivl_110", 0 0, L_0x555583449210;  1 drivers
v0x5555833faa70_0 .net *"_ivl_112", 0 0, L_0x555583449310;  1 drivers
v0x5555833fab50_0 .net *"_ivl_114", 0 0, L_0x555583449600;  1 drivers
v0x5555833fac30_0 .net *"_ivl_116", 0 0, L_0x555583449700;  1 drivers
v0x5555833fad10_0 .net *"_ivl_120", 0 0, L_0x555583449ff0;  1 drivers
v0x5555833fadf0_0 .net *"_ivl_122", 0 0, L_0x55558344a2a0;  1 drivers
v0x5555833faed0_0 .net *"_ivl_124", 0 0, L_0x55558344a340;  1 drivers
v0x5555833fafb0_0 .net *"_ivl_126", 0 0, L_0x55558344a600;  1 drivers
v0x5555833fb090_0 .net *"_ivl_128", 0 0, L_0x55558344a6a0;  1 drivers
v0x5555833fb170_0 .net *"_ivl_130", 0 0, L_0x55558344a970;  1 drivers
v0x5555833fb250_0 .net *"_ivl_132", 0 0, L_0x55558344aa10;  1 drivers
v0x5555833fb330_0 .net *"_ivl_134", 0 0, L_0x55558344acf0;  1 drivers
v0x5555833fb410_0 .net *"_ivl_136", 0 0, L_0x55558344ad90;  1 drivers
v0x5555833fb4f0_0 .net *"_ivl_138", 0 0, L_0x55558344b0b0;  1 drivers
v0x5555833fb5d0_0 .net *"_ivl_140", 0 0, L_0x55558344b1b0;  1 drivers
v0x5555833fb6b0_0 .net *"_ivl_142", 0 0, L_0x55558344b510;  1 drivers
v0x5555833fb790_0 .net *"_ivl_144", 0 0, L_0x55558344b610;  1 drivers
v0x5555833fb870_0 .net *"_ivl_146", 0 0, L_0x55558344b980;  1 drivers
v0x5555833fb950_0 .net *"_ivl_148", 0 0, L_0x55558344ba80;  1 drivers
v0x5555833fba30_0 .net *"_ivl_150", 0 0, L_0x55558344be00;  1 drivers
v0x5555833fbb10_0 .net *"_ivl_18", 0 0, L_0x555583444bc0;  1 drivers
v0x5555833fbbf0_0 .net/2u *"_ivl_19", 0 0, L_0x7f69391343c0;  1 drivers
v0x5555833fbcd0_0 .net *"_ivl_28", 0 0, L_0x555583444f60;  1 drivers
v0x5555833fbdb0_0 .net *"_ivl_30", 0 0, L_0x555583444dc0;  1 drivers
v0x5555833fbe90_0 .net *"_ivl_32", 0 0, L_0x555583445170;  1 drivers
v0x5555833fbf70_0 .net *"_ivl_34", 0 0, L_0x555583445330;  1 drivers
v0x5555833fc050_0 .net *"_ivl_36", 0 0, L_0x555583445430;  1 drivers
v0x5555833fc130_0 .net *"_ivl_38", 0 0, L_0x555583445600;  1 drivers
v0x5555833fc210_0 .net *"_ivl_40", 0 0, L_0x555583445700;  1 drivers
v0x5555833fc2f0_0 .net *"_ivl_42", 0 0, L_0x5555834458e0;  1 drivers
v0x5555833fc3d0_0 .net *"_ivl_44", 0 0, L_0x5555834459e0;  1 drivers
v0x5555833fc4b0_0 .net *"_ivl_46", 0 0, L_0x555583445bd0;  1 drivers
v0x5555833fc590_0 .net *"_ivl_48", 0 0, L_0x555583445cd0;  1 drivers
v0x5555833fc670_0 .net *"_ivl_52", 0 0, L_0x555583446380;  1 drivers
v0x5555833fc750_0 .net/2u *"_ivl_53", 0 0, L_0x7f6939134408;  1 drivers
v0x5555833fc830_0 .net *"_ivl_62", 0 0, L_0x5555834468a0;  1 drivers
v0x5555833fc910_0 .net *"_ivl_64", 0 0, L_0x555583446940;  1 drivers
v0x5555833fc9f0_0 .net *"_ivl_66", 0 0, L_0x555583446b10;  1 drivers
v0x5555833fcad0_0 .net *"_ivl_68", 0 0, L_0x555583446be0;  1 drivers
v0x5555833fcbb0_0 .net *"_ivl_70", 0 0, L_0x555583446e20;  1 drivers
v0x5555833fcc90_0 .net *"_ivl_72", 0 0, L_0x555583446f20;  1 drivers
v0x5555833fcd70_0 .net *"_ivl_74", 0 0, L_0x555583447170;  1 drivers
v0x5555833fce50_0 .net *"_ivl_76", 0 0, L_0x555583447270;  1 drivers
v0x5555833fcf30_0 .net *"_ivl_78", 0 0, L_0x5555834474d0;  1 drivers
v0x5555833fd010_0 .net *"_ivl_80", 0 0, L_0x5555834475d0;  1 drivers
v0x5555833fd0f0_0 .net *"_ivl_82", 0 0, L_0x555583447840;  1 drivers
v0x5555833fd1d0_0 .net *"_ivl_86", 0 0, L_0x555583447f70;  1 drivers
v0x5555833fd2b0_0 .net *"_ivl_88", 0 0, L_0x555583448010;  1 drivers
v0x5555833fdba0_0 .net *"_ivl_90", 0 0, L_0x555583448240;  1 drivers
v0x5555833fdc80_0 .net *"_ivl_92", 0 0, L_0x5555834482e0;  1 drivers
v0x5555833fdd60_0 .net *"_ivl_94", 0 0, L_0x555583448520;  1 drivers
v0x5555833fde40_0 .net *"_ivl_96", 0 0, L_0x5555834485c0;  1 drivers
v0x5555833fdf20_0 .net *"_ivl_98", 0 0, L_0x555583448840;  1 drivers
L_0x555583443c30 .part v0x5555833f55b0_0, 15, 1;
L_0x555583443d50 .part v0x5555833f55b0_0, 14, 1;
L_0x555583443df0 .part v0x5555833f55b0_0, 13, 1;
L_0x555583443ec0 .part v0x5555833f55b0_0, 12, 1;
L_0x555583443fc0 .part v0x5555833f55b0_0, 11, 1;
L_0x555583444090 .part v0x5555833f55b0_0, 10, 1;
L_0x5555834441a0 .part v0x5555833f55b0_0, 9, 1;
L_0x555583444240 .part v0x5555833f55b0_0, 8, 1;
L_0x555583444360 .part v0x5555833f55b0_0, 7, 1;
L_0x555583444430 .part v0x5555833f55b0_0, 6, 1;
L_0x555583444560 .part v0x5555833f55b0_0, 5, 1;
L_0x555583444630 .part v0x5555833f55b0_0, 4, 1;
L_0x555583444770 .part v0x5555833f55b0_0, 3, 1;
L_0x555583444840 .part v0x5555833f55b0_0, 2, 1;
L_0x555583444990 .part v0x5555833f55b0_0, 1, 1;
L_0x555583444a60 .part v0x5555833f55b0_0, 0, 1;
L_0x555583444bc0 .ufunc/vec4 TD_ICESTORM_RAM.pd, 1, o0x7f693917fa18 (v0x5555833f6470_0) S_0x5555833f6200;
L_0x555583444d20 .ufunc/vec4 TD_ICESTORM_RAM.pu, 1, o0x7f693917fa48 (v0x5555833f67d0_0) S_0x5555833f6530;
L_0x555583444e60 .ufunc/vec4 TD_ICESTORM_RAM.pd, 1, o0x7f693917fd78 (v0x5555833f6470_0) S_0x5555833f6200;
L_0x555583444f60 .ufunc/vec4 TD_ICESTORM_RAM.pd, 1, o0x7f693917f868 (v0x5555833f6470_0) S_0x5555833f6200;
L_0x555583444dc0 .ufunc/vec4 TD_ICESTORM_RAM.pd, 1, o0x7f693917f9e8 (v0x5555833f6470_0) S_0x5555833f6200;
L_0x555583445170 .ufunc/vec4 TD_ICESTORM_RAM.pd, 1, o0x7f693917f9b8 (v0x5555833f6470_0) S_0x5555833f6200;
L_0x555583445330 .ufunc/vec4 TD_ICESTORM_RAM.pd, 1, o0x7f693917f988 (v0x5555833f6470_0) S_0x5555833f6200;
L_0x555583445430 .ufunc/vec4 TD_ICESTORM_RAM.pd, 1, o0x7f693917f958 (v0x5555833f6470_0) S_0x5555833f6200;
L_0x555583445600 .ufunc/vec4 TD_ICESTORM_RAM.pd, 1, o0x7f693917f928 (v0x5555833f6470_0) S_0x5555833f6200;
L_0x555583445700 .ufunc/vec4 TD_ICESTORM_RAM.pd, 1, o0x7f693917f8f8 (v0x5555833f6470_0) S_0x5555833f6200;
L_0x5555834458e0 .ufunc/vec4 TD_ICESTORM_RAM.pd, 1, o0x7f693917f8c8 (v0x5555833f6470_0) S_0x5555833f6200;
L_0x5555834459e0 .ufunc/vec4 TD_ICESTORM_RAM.pd, 1, o0x7f693917f898 (v0x5555833f6470_0) S_0x5555833f6200;
L_0x555583445bd0 .ufunc/vec4 TD_ICESTORM_RAM.pd, 1, o0x7f693917f838 (v0x5555833f6470_0) S_0x5555833f6200;
L_0x555583445cd0 .ufunc/vec4 TD_ICESTORM_RAM.pd, 1, o0x7f693917f808 (v0x5555833f6470_0) S_0x5555833f6200;
LS_0x555583445ed0_0_0 .concat [ 1 1 1 1], L_0x555583445cd0, L_0x555583445bd0, L_0x5555834459e0, L_0x5555834458e0;
LS_0x555583445ed0_0_4 .concat [ 1 1 1 1], L_0x555583445700, L_0x555583445600, L_0x555583445430, L_0x555583445330;
LS_0x555583445ed0_0_8 .concat [ 1 1 1 0], L_0x555583445170, L_0x555583444dc0, L_0x555583444f60;
L_0x555583445ed0 .concat [ 4 4 3 0], LS_0x555583445ed0_0_0, LS_0x555583445ed0_0_4, LS_0x555583445ed0_0_8;
L_0x555583446380 .ufunc/vec4 TD_ICESTORM_RAM.pd, 1, o0x7f693917ffb8 (v0x5555833f6470_0) S_0x5555833f6200;
L_0x555583446640 .ufunc/vec4 TD_ICESTORM_RAM.pu, 1, o0x7f693917ffe8 (v0x5555833f67d0_0) S_0x5555833f6530;
L_0x5555834466e0 .ufunc/vec4 TD_ICESTORM_RAM.pd, 1, o0x7f6939180318 (v0x5555833f6470_0) S_0x5555833f6200;
L_0x5555834468a0 .ufunc/vec4 TD_ICESTORM_RAM.pd, 1, o0x7f693917fe08 (v0x5555833f6470_0) S_0x5555833f6200;
L_0x555583446940 .ufunc/vec4 TD_ICESTORM_RAM.pd, 1, o0x7f693917ff88 (v0x5555833f6470_0) S_0x5555833f6200;
L_0x555583446b10 .ufunc/vec4 TD_ICESTORM_RAM.pd, 1, o0x7f693917ff58 (v0x5555833f6470_0) S_0x5555833f6200;
L_0x555583446be0 .ufunc/vec4 TD_ICESTORM_RAM.pd, 1, o0x7f693917ff28 (v0x5555833f6470_0) S_0x5555833f6200;
L_0x555583446e20 .ufunc/vec4 TD_ICESTORM_RAM.pd, 1, o0x7f693917fef8 (v0x5555833f6470_0) S_0x5555833f6200;
L_0x555583446f20 .ufunc/vec4 TD_ICESTORM_RAM.pd, 1, o0x7f693917fec8 (v0x5555833f6470_0) S_0x5555833f6200;
L_0x555583447170 .ufunc/vec4 TD_ICESTORM_RAM.pd, 1, o0x7f693917fe98 (v0x5555833f6470_0) S_0x5555833f6200;
L_0x555583447270 .ufunc/vec4 TD_ICESTORM_RAM.pd, 1, o0x7f693917fe68 (v0x5555833f6470_0) S_0x5555833f6200;
L_0x5555834474d0 .ufunc/vec4 TD_ICESTORM_RAM.pd, 1, o0x7f693917fe38 (v0x5555833f6470_0) S_0x5555833f6200;
L_0x5555834475d0 .ufunc/vec4 TD_ICESTORM_RAM.pd, 1, o0x7f693917fdd8 (v0x5555833f6470_0) S_0x5555833f6200;
L_0x555583447840 .ufunc/vec4 TD_ICESTORM_RAM.pd, 1, o0x7f693917fda8 (v0x5555833f6470_0) S_0x5555833f6200;
LS_0x555583447940_0_0 .concat [ 1 1 1 1], L_0x555583447840, L_0x5555834475d0, L_0x5555834474d0, L_0x555583447270;
LS_0x555583447940_0_4 .concat [ 1 1 1 1], L_0x555583447170, L_0x555583446f20, L_0x555583446e20, L_0x555583446be0;
LS_0x555583447940_0_8 .concat [ 1 1 1 0], L_0x555583446b10, L_0x555583446940, L_0x5555834468a0;
L_0x555583447940 .concat [ 4 4 3 0], LS_0x555583447940_0_0, LS_0x555583447940_0_4, LS_0x555583447940_0_8;
L_0x555583447f70 .ufunc/vec4 TD_ICESTORM_RAM.pd, 1, o0x7f693917f658 (v0x5555833f6470_0) S_0x5555833f6200;
L_0x555583448010 .ufunc/vec4 TD_ICESTORM_RAM.pd, 1, o0x7f693917f628 (v0x5555833f6470_0) S_0x5555833f6200;
L_0x555583448240 .ufunc/vec4 TD_ICESTORM_RAM.pd, 1, o0x7f693917f5f8 (v0x5555833f6470_0) S_0x5555833f6200;
L_0x5555834482e0 .ufunc/vec4 TD_ICESTORM_RAM.pd, 1, o0x7f693917f5c8 (v0x5555833f6470_0) S_0x5555833f6200;
L_0x555583448520 .ufunc/vec4 TD_ICESTORM_RAM.pd, 1, o0x7f693917f598 (v0x5555833f6470_0) S_0x5555833f6200;
L_0x5555834485c0 .ufunc/vec4 TD_ICESTORM_RAM.pd, 1, o0x7f693917f568 (v0x5555833f6470_0) S_0x5555833f6200;
L_0x555583448840 .ufunc/vec4 TD_ICESTORM_RAM.pd, 1, o0x7f693917f7d8 (v0x5555833f6470_0) S_0x5555833f6200;
L_0x555583448940 .ufunc/vec4 TD_ICESTORM_RAM.pd, 1, o0x7f693917f7a8 (v0x5555833f6470_0) S_0x5555833f6200;
L_0x555583448690 .ufunc/vec4 TD_ICESTORM_RAM.pd, 1, o0x7f693917f778 (v0x5555833f6470_0) S_0x5555833f6200;
L_0x555583448790 .ufunc/vec4 TD_ICESTORM_RAM.pd, 1, o0x7f693917f748 (v0x5555833f6470_0) S_0x5555833f6200;
L_0x555583448e30 .ufunc/vec4 TD_ICESTORM_RAM.pd, 1, o0x7f693917f718 (v0x5555833f6470_0) S_0x5555833f6200;
L_0x555583448f30 .ufunc/vec4 TD_ICESTORM_RAM.pd, 1, o0x7f693917f6e8 (v0x5555833f6470_0) S_0x5555833f6200;
L_0x555583449210 .ufunc/vec4 TD_ICESTORM_RAM.pd, 1, o0x7f693917f6b8 (v0x5555833f6470_0) S_0x5555833f6200;
L_0x555583449310 .ufunc/vec4 TD_ICESTORM_RAM.pd, 1, o0x7f693917f688 (v0x5555833f6470_0) S_0x5555833f6200;
L_0x555583449600 .ufunc/vec4 TD_ICESTORM_RAM.pd, 1, o0x7f693917f538 (v0x5555833f6470_0) S_0x5555833f6200;
L_0x555583449700 .ufunc/vec4 TD_ICESTORM_RAM.pd, 1, o0x7f693917f508 (v0x5555833f6470_0) S_0x5555833f6200;
LS_0x555583449a00_0_0 .concat [ 1 1 1 1], L_0x555583449700, L_0x555583449600, L_0x555583449310, L_0x555583449210;
LS_0x555583449a00_0_4 .concat [ 1 1 1 1], L_0x555583448f30, L_0x555583448e30, L_0x555583448790, L_0x555583448690;
LS_0x555583449a00_0_8 .concat [ 1 1 1 1], L_0x555583448940, L_0x555583448840, L_0x5555834485c0, L_0x555583448520;
LS_0x555583449a00_0_12 .concat [ 1 1 1 1], L_0x5555834482e0, L_0x555583448240, L_0x555583448010, L_0x555583447f70;
L_0x555583449a00 .concat [ 4 4 4 4], LS_0x555583449a00_0_0, LS_0x555583449a00_0_4, LS_0x555583449a00_0_8, LS_0x555583449a00_0_12;
L_0x555583449ff0 .ufunc/vec4 TD_ICESTORM_RAM.pd, 1, o0x7f6939180168 (v0x5555833f6470_0) S_0x5555833f6200;
L_0x55558344a2a0 .ufunc/vec4 TD_ICESTORM_RAM.pd, 1, o0x7f6939180138 (v0x5555833f6470_0) S_0x5555833f6200;
L_0x55558344a340 .ufunc/vec4 TD_ICESTORM_RAM.pd, 1, o0x7f6939180108 (v0x5555833f6470_0) S_0x5555833f6200;
L_0x55558344a600 .ufunc/vec4 TD_ICESTORM_RAM.pd, 1, o0x7f69391800d8 (v0x5555833f6470_0) S_0x5555833f6200;
L_0x55558344a6a0 .ufunc/vec4 TD_ICESTORM_RAM.pd, 1, o0x7f69391800a8 (v0x5555833f6470_0) S_0x5555833f6200;
L_0x55558344a970 .ufunc/vec4 TD_ICESTORM_RAM.pd, 1, o0x7f6939180078 (v0x5555833f6470_0) S_0x5555833f6200;
L_0x55558344aa10 .ufunc/vec4 TD_ICESTORM_RAM.pd, 1, o0x7f69391802e8 (v0x5555833f6470_0) S_0x5555833f6200;
L_0x55558344acf0 .ufunc/vec4 TD_ICESTORM_RAM.pd, 1, o0x7f69391802b8 (v0x5555833f6470_0) S_0x5555833f6200;
L_0x55558344ad90 .ufunc/vec4 TD_ICESTORM_RAM.pd, 1, o0x7f6939180288 (v0x5555833f6470_0) S_0x5555833f6200;
L_0x55558344b0b0 .ufunc/vec4 TD_ICESTORM_RAM.pd, 1, o0x7f6939180258 (v0x5555833f6470_0) S_0x5555833f6200;
L_0x55558344b1b0 .ufunc/vec4 TD_ICESTORM_RAM.pd, 1, o0x7f6939180228 (v0x5555833f6470_0) S_0x5555833f6200;
L_0x55558344b510 .ufunc/vec4 TD_ICESTORM_RAM.pd, 1, o0x7f69391801f8 (v0x5555833f6470_0) S_0x5555833f6200;
L_0x55558344b610 .ufunc/vec4 TD_ICESTORM_RAM.pd, 1, o0x7f69391801c8 (v0x5555833f6470_0) S_0x5555833f6200;
L_0x55558344b980 .ufunc/vec4 TD_ICESTORM_RAM.pd, 1, o0x7f6939180198 (v0x5555833f6470_0) S_0x5555833f6200;
L_0x55558344ba80 .ufunc/vec4 TD_ICESTORM_RAM.pd, 1, o0x7f6939180048 (v0x5555833f6470_0) S_0x5555833f6200;
L_0x55558344be00 .ufunc/vec4 TD_ICESTORM_RAM.pd, 1, o0x7f6939180018 (v0x5555833f6470_0) S_0x5555833f6200;
LS_0x55558344bf00_0_0 .concat [ 1 1 1 1], L_0x55558344be00, L_0x55558344ba80, L_0x55558344b980, L_0x55558344b610;
LS_0x55558344bf00_0_4 .concat [ 1 1 1 1], L_0x55558344b510, L_0x55558344b1b0, L_0x55558344b0b0, L_0x55558344ad90;
LS_0x55558344bf00_0_8 .concat [ 1 1 1 1], L_0x55558344acf0, L_0x55558344aa10, L_0x55558344a970, L_0x55558344a6a0;
LS_0x55558344bf00_0_12 .concat [ 1 1 1 1], L_0x55558344a600, L_0x55558344a340, L_0x55558344a2a0, L_0x555583449ff0;
L_0x55558344bf00 .concat [ 4 4 4 4], LS_0x55558344bf00_0_0, LS_0x55558344bf00_0_4, LS_0x55558344bf00_0_8, LS_0x55558344bf00_0_12;
S_0x55558320d270 .scope module, "RAM" "SB_RAM40_4K" 8 3233, 8 1487 0, S_0x555583347f50;
 .timescale -12 -12;
    .port_info 0 /OUTPUT 16 "RDATA";
    .port_info 1 /INPUT 1 "RCLK";
    .port_info 2 /INPUT 1 "RCLKE";
    .port_info 3 /INPUT 1 "RE";
    .port_info 4 /INPUT 11 "RADDR";
    .port_info 5 /INPUT 1 "WCLK";
    .port_info 6 /INPUT 1 "WCLKE";
    .port_info 7 /INPUT 1 "WE";
    .port_info 8 /INPUT 11 "WADDR";
    .port_info 9 /INPUT 16 "MASK";
    .port_info 10 /INPUT 16 "WDATA";
P_0x5555833f3260 .param/l "INIT_0" 0 8 1507, C4<0000000000000000000000000000000000000000000000000000000000000000000000000000000000000000000000000000000000000000000000000000000000000000000000000000000000000000000000000000000000000000000000000000000000000000000000000000000000000000000000000000000000000000>;
P_0x5555833f32a0 .param/l "INIT_1" 0 8 1508, C4<0000000000000000000000000000000000000000000000000000000000000000000000000000000000000000000000000000000000000000000000000000000000000000000000000000000000000000000000000000000000000000000000000000000000000000000000000000000000000000000000000000000000000000>;
P_0x5555833f32e0 .param/l "INIT_2" 0 8 1509, C4<0000000000000000000000000000000000000000000000000000000000000000000000000000000000000000000000000000000000000000000000000000000000000000000000000000000000000000000000000000000000000000000000000000000000000000000000000000000000000000000000000000000000000000>;
P_0x5555833f3320 .param/l "INIT_3" 0 8 1510, C4<0000000000000000000000000000000000000000000000000000000000000000000000000000000000000000000000000000000000000000000000000000000000000000000000000000000000000000000000000000000000000000000000000000000000000000000000000000000000000000000000000000000000000000>;
P_0x5555833f3360 .param/l "INIT_4" 0 8 1511, C4<0000000000000000000000000000000000000000000000000000000000000000000000000000000000000000000000000000000000000000000000000000000000000000000000000000000000000000000000000000000000000000000000000000000000000000000000000000000000000000000000000000000000000000>;
P_0x5555833f33a0 .param/l "INIT_5" 0 8 1512, C4<0000000000000000000000000000000000000000000000000000000000000000000000000000000000000000000000000000000000000000000000000000000000000000000000000000000000000000000000000000000000000000000000000000000000000000000000000000000000000000000000000000000000000000>;
P_0x5555833f33e0 .param/l "INIT_6" 0 8 1513, C4<0000000000000000000000000000000000000000000000000000000000000000000000000000000000000000000000000000000000000000000000000000000000000000000000000000000000000000000000000000000000000000000000000000000000000000000000000000000000000000000000000000000000000000>;
P_0x5555833f3420 .param/l "INIT_7" 0 8 1514, C4<0000000000000000000000000000000000000000000000000000000000000000000000000000000000000000000000000000000000000000000000000000000000000000000000000000000000000000000000000000000000000000000000000000000000000000000000000000000000000000000000000000000000000000>;
P_0x5555833f3460 .param/l "INIT_8" 0 8 1515, C4<0000000000000000000000000000000000000000000000000000000000000000000000000000000000000000000000000000000000000000000000000000000000000000000000000000000000000000000000000000000000000000000000000000000000000000000000000000000000000000000000000000000000000000>;
P_0x5555833f34a0 .param/l "INIT_9" 0 8 1516, C4<0000000000000000000000000000000000000000000000000000000000000000000000000000000000000000000000000000000000000000000000000000000000000000000000000000000000000000000000000000000000000000000000000000000000000000000000000000000000000000000000000000000000000000>;
P_0x5555833f34e0 .param/l "INIT_A" 0 8 1517, C4<0000000000000000000000000000000000000000000000000000000000000000000000000000000000000000000000000000000000000000000000000000000000000000000000000000000000000000000000000000000000000000000000000000000000000000000000000000000000000000000000000000000000000000>;
P_0x5555833f3520 .param/l "INIT_B" 0 8 1518, C4<0000000000000000000000000000000000000000000000000000000000000000000000000000000000000000000000000000000000000000000000000000000000000000000000000000000000000000000000000000000000000000000000000000000000000000000000000000000000000000000000000000000000000000>;
P_0x5555833f3560 .param/l "INIT_C" 0 8 1519, C4<0000000000000000000000000000000000000000000000000000000000000000000000000000000000000000000000000000000000000000000000000000000000000000000000000000000000000000000000000000000000000000000000000000000000000000000000000000000000000000000000000000000000000000>;
P_0x5555833f35a0 .param/l "INIT_D" 0 8 1520, C4<0000000000000000000000000000000000000000000000000000000000000000000000000000000000000000000000000000000000000000000000000000000000000000000000000000000000000000000000000000000000000000000000000000000000000000000000000000000000000000000000000000000000000000>;
P_0x5555833f35e0 .param/l "INIT_E" 0 8 1521, C4<0000000000000000000000000000000000000000000000000000000000000000000000000000000000000000000000000000000000000000000000000000000000000000000000000000000000000000000000000000000000000000000000000000000000000000000000000000000000000000000000000000000000000000>;
P_0x5555833f3620 .param/l "INIT_F" 0 8 1522, C4<0000000000000000000000000000000000000000000000000000000000000000000000000000000000000000000000000000000000000000000000000000000000000000000000000000000000000000000000000000000000000000000000000000000000000000000000000000000000000000000000000000000000000000>;
P_0x5555833f3660 .param/str "INIT_FILE" 0 8 1524, "\000";
P_0x5555833f36a0 .param/l "READ_MODE" 0 8 1505, +C4<00000000000000000000000000000000>;
P_0x5555833f36e0 .param/l "WRITE_MODE" 0 8 1504, +C4<00000000000000000000000000000000>;
v0x5555833f5150_0 .net "MASK", 15 0, L_0x555583449a00;  1 drivers
v0x5555833f5210_0 .net "RADDR", 10 0, L_0x555583445ed0;  1 drivers
v0x5555833f52f0_0 .net "RCLK", 0 0, L_0x555583444700;  1 drivers
v0x5555833f53c0_0 .net "RCLKE", 0 0, L_0x555583444d20;  1 drivers
v0x5555833f5480_0 .net "RDATA", 15 0, v0x5555833f55b0_0;  1 drivers
v0x5555833f55b0_0 .var "RDATA_I", 15 0;
v0x5555833f5690_0 .net "RE", 0 0, L_0x555583444e60;  1 drivers
L_0x7f6939134378 .functor BUFT 1, C4<0000000000000000>, C4<0>, C4<0>, C4<0>;
v0x5555833f5750_0 .net "RMASK_I", 15 0, L_0x7f6939134378;  1 drivers
v0x5555833f5830_0 .net "WADDR", 10 0, L_0x555583447940;  1 drivers
v0x5555833f5910_0 .net "WCLK", 0 0, L_0x555583446530;  1 drivers
v0x5555833f59d0_0 .net "WCLKE", 0 0, L_0x555583446640;  1 drivers
v0x5555833f5a90_0 .net "WDATA", 15 0, L_0x55558344bf00;  1 drivers
v0x5555833f5b70_0 .net "WDATA_I", 15 0, L_0x555583443af0;  1 drivers
v0x5555833f5c50_0 .net "WE", 0 0, L_0x5555834466e0;  1 drivers
v0x5555833f5d10_0 .net "WMASK_I", 15 0, L_0x555583433a70;  1 drivers
v0x5555833f5df0_0 .var/i "i", 31 0;
v0x5555833f5ed0 .array "memory", 255 0, 15 0;
E_0x555583188e70 .event posedge, v0x5555833f52f0_0;
E_0x55558320d780 .event posedge, v0x5555833f5910_0;
S_0x5555833f4960 .scope generate, "genblk1" "genblk1" 8 1534, 8 1534 0, S_0x55558320d270;
 .timescale -12 -12;
L_0x555583433a70 .functor BUFZ 16, L_0x555583449a00, C4<0000000000000000>, C4<0000000000000000>, C4<0000000000000000>;
S_0x5555833f4b60 .scope generate, "genblk2" "genblk2" 8 1555, 8 1555 0, S_0x55558320d270;
 .timescale -12 -12;
S_0x5555833f4d60 .scope generate, "genblk3" "genblk3" 8 1576, 8 1576 0, S_0x55558320d270;
 .timescale -12 -12;
L_0x555583443af0 .functor BUFZ 16, L_0x55558344bf00, C4<0000000000000000>, C4<0000000000000000>, C4<0000000000000000>;
S_0x5555833f4f70 .scope generate, "genblk4" "genblk4" 8 1595, 8 1595 0, S_0x55558320d270;
 .timescale -12 -12;
S_0x5555833f6200 .scope function.vec4.s1, "pd" "pd" 8 3200, 8 3200 0, S_0x555583347f50;
 .timescale -12 -12;
; Variable pd is vec4 return value of scope S_0x5555833f6200
v0x5555833f6470_0 .var "x", 0 0;
TD_ICESTORM_RAM.pd ;
    %load/vec4 v0x5555833f6470_0;
    %cmpi/e 0, 1, 1;
    %flag_mov 8, 6;
    %jmp/0 T_1.2, 8;
    %pushi/vec4 0, 0, 1;
    %jmp/1 T_1.3, 8;
T_1.2 ; End of true expr.
    %load/vec4 v0x5555833f6470_0;
    %jmp/0 T_1.3, 8;
 ; End of false expr.
    %blend;
T_1.3;
    %ret/vec4 0, 0, 1;  Assign to pd (store_vec4_to_lval)
    %end;
S_0x5555833f6530 .scope function.vec4.s1, "pu" "pu" 8 3207, 8 3207 0, S_0x555583347f50;
 .timescale -12 -12;
; Variable pu is vec4 return value of scope S_0x5555833f6530
v0x5555833f67d0_0 .var "x", 0 0;
TD_ICESTORM_RAM.pu ;
    %load/vec4 v0x5555833f67d0_0;
    %cmpi/e 0, 1, 1;
    %flag_mov 8, 6;
    %jmp/0 T_2.4, 8;
    %pushi/vec4 1, 0, 1;
    %jmp/1 T_2.5, 8;
T_2.4 ; End of true expr.
    %load/vec4 v0x5555833f67d0_0;
    %jmp/0 T_2.5, 8;
 ; End of false expr.
    %blend;
T_2.5;
    %ret/vec4 0, 0, 1;  Assign to pu (store_vec4_to_lval)
    %end;
S_0x555583348a30 .scope module, "Mux" "Mux" 9 8;
 .timescale -12 -12;
    .port_info 0 /INPUT 1 "a";
    .port_info 1 /INPUT 1 "b";
    .port_info 2 /INPUT 1 "sel";
    .port_info 3 /OUTPUT 1 "out";
o0x7f6939181c68 .functor BUFZ 1, c4<z>; HiZ drive
v0x5555833fe980_0 .net "a", 0 0, o0x7f6939181c68;  0 drivers
o0x7f6939181c98 .functor BUFZ 1, c4<z>; HiZ drive
v0x5555833fea60_0 .net "b", 0 0, o0x7f6939181c98;  0 drivers
v0x5555833feb20_0 .net "out", 0 0, L_0x55558344c780;  1 drivers
o0x7f6939181cf8 .functor BUFZ 1, c4<z>; HiZ drive
v0x5555833febc0_0 .net "sel", 0 0, o0x7f6939181cf8;  0 drivers
L_0x55558344c780 .functor MUXZ 1, o0x7f6939181c68, o0x7f6939181c98, o0x7f6939181cf8, C4<>;
S_0x555583349510 .scope module, "Nand" "Nand" 10 8;
 .timescale -12 -12;
    .port_info 0 /INPUT 1 "a";
    .port_info 1 /INPUT 1 "b";
    .port_info 2 /OUTPUT 1 "out";
o0x7f6939181de8 .functor BUFZ 1, c4<z>; HiZ drive
o0x7f6939181e18 .functor BUFZ 1, c4<z>; HiZ drive
L_0x55558344c820 .functor NAND 1, o0x7f6939181de8, o0x7f6939181e18, C4<1>, C4<1>;
v0x5555833fed30_0 .net "a", 0 0, o0x7f6939181de8;  0 drivers
v0x5555833fee10_0 .net "b", 0 0, o0x7f6939181e18;  0 drivers
v0x5555833feed0_0 .net "out", 0 0, L_0x55558344c820;  1 drivers
S_0x555583349ff0 .scope module, "Not" "Not" 11 7;
 .timescale -12 -12;
    .port_info 0 /INPUT 1 "in";
    .port_info 1 /OUTPUT 1 "out";
o0x7f6939181f08 .functor BUFZ 1, c4<z>; HiZ drive
L_0x55558344c890 .functor NOT 1, o0x7f6939181f08, C4<0>, C4<0>, C4<0>;
v0x5555833feff0_0 .net "in", 0 0, o0x7f6939181f08;  0 drivers
v0x5555833ff0b0_0 .net "out", 0 0, L_0x55558344c890;  1 drivers
S_0x5555833453d0 .scope module, "Not16" "Not16" 12 7;
 .timescale -12 -12;
    .port_info 0 /INPUT 16 "in";
    .port_info 1 /OUTPUT 16 "out";
o0x7f6939181fc8 .functor BUFZ 16, c4<zzzzzzzzzzzzzzzz>; HiZ drive
L_0x55558344c900 .functor NOT 16, o0x7f6939181fc8, C4<0000000000000000>, C4<0000000000000000>, C4<0000000000000000>;
v0x5555833ff1d0_0 .net "in", 15 0, o0x7f6939181fc8;  0 drivers
v0x5555833ff2b0_0 .net "out", 15 0, L_0x55558344c900;  1 drivers
S_0x555583341260 .scope module, "Or" "Or" 13 8;
 .timescale -12 -12;
    .port_info 0 /INPUT 1 "a";
    .port_info 1 /INPUT 1 "b";
    .port_info 2 /OUTPUT 1 "out";
o0x7f6939182088 .functor BUFZ 1, c4<z>; HiZ drive
o0x7f69391820b8 .functor BUFZ 1, c4<z>; HiZ drive
L_0x55558344c970 .functor OR 1, o0x7f6939182088, o0x7f69391820b8, C4<0>, C4<0>;
v0x5555833ff3f0_0 .net "a", 0 0, o0x7f6939182088;  0 drivers
v0x5555833ff4b0_0 .net "b", 0 0, o0x7f69391820b8;  0 drivers
v0x5555833ff570_0 .net "out", 0 0, L_0x55558344c970;  1 drivers
S_0x555583341d70 .scope module, "SB_CARRY" "SB_CARRY" 8 228;
 .timescale -12 -12;
    .port_info 0 /OUTPUT 1 "CO";
    .port_info 1 /INPUT 1 "I0";
    .port_info 2 /INPUT 1 "I1";
    .port_info 3 /INPUT 1 "CI";
o0x7f6939182208 .functor BUFZ 1, c4<z>; HiZ drive
o0x7f6939182238 .functor BUFZ 1, c4<z>; HiZ drive
L_0x55558344c9e0 .functor AND 1, o0x7f6939182208, o0x7f6939182238, C4<1>, C4<1>;
L_0x55558344ca80 .functor OR 1, o0x7f6939182208, o0x7f6939182238, C4<0>, C4<0>;
o0x7f69391821a8 .functor BUFZ 1, c4<z>; HiZ drive
L_0x55558344cbc0 .functor AND 1, L_0x55558344ca80, o0x7f69391821a8, C4<1>, C4<1>;
L_0x55558344cc80 .functor OR 1, L_0x55558344c9e0, L_0x55558344cbc0, C4<0>, C4<0>;
v0x5555833ff6c0_0 .net "CI", 0 0, o0x7f69391821a8;  0 drivers
v0x5555833ff780_0 .net "CO", 0 0, L_0x55558344cc80;  1 drivers
v0x5555833ff840_0 .net "I0", 0 0, o0x7f6939182208;  0 drivers
v0x5555833ff910_0 .net "I1", 0 0, o0x7f6939182238;  0 drivers
v0x5555833ff9d0_0 .net *"_ivl_1", 0 0, L_0x55558344c9e0;  1 drivers
v0x5555833ffa90_0 .net *"_ivl_3", 0 0, L_0x55558344ca80;  1 drivers
v0x5555833ffb50_0 .net *"_ivl_5", 0 0, L_0x55558344cbc0;  1 drivers
S_0x555583342850 .scope module, "SB_DFF" "SB_DFF" 8 265;
 .timescale -12 -12;
    .port_info 0 /OUTPUT 1 "Q";
    .port_info 1 /INPUT 1 "C";
    .port_info 2 /INPUT 1 "D";
o0x7f69391823b8 .functor BUFZ 1, c4<z>; HiZ drive
v0x5555833ffd10_0 .net "C", 0 0, o0x7f69391823b8;  0 drivers
o0x7f69391823e8 .functor BUFZ 1, c4<z>; HiZ drive
v0x5555833ffdf0_0 .net "D", 0 0, o0x7f69391823e8;  0 drivers
v0x5555833ffeb0_0 .var "Q", 0 0;
E_0x5555833ffc90 .event posedge, v0x5555833ffd10_0;
S_0x555583343330 .scope module, "SB_DFFE" "SB_DFFE" 8 303;
 .timescale -12 -12;
    .port_info 0 /OUTPUT 1 "Q";
    .port_info 1 /INPUT 1 "C";
    .port_info 2 /INPUT 1 "E";
    .port_info 3 /INPUT 1 "D";
o0x7f69391824d8 .functor BUFZ 1, c4<z>; HiZ drive
v0x555583400030_0 .net "C", 0 0, o0x7f69391824d8;  0 drivers
o0x7f6939182508 .functor BUFZ 1, c4<z>; HiZ drive
v0x555583400110_0 .net "D", 0 0, o0x7f6939182508;  0 drivers
o0x7f6939182538 .functor BUFZ 1, c4<z>; HiZ drive
v0x5555834001d0_0 .net "E", 0 0, o0x7f6939182538;  0 drivers
v0x5555834002a0_0 .var "Q", 0 0;
E_0x5555833fffd0 .event posedge, v0x555583400030_0;
S_0x555583343e10 .scope module, "SB_DFFER" "SB_DFFER" 8 653;
 .timescale -12 -12;
    .port_info 0 /OUTPUT 1 "Q";
    .port_info 1 /INPUT 1 "C";
    .port_info 2 /INPUT 1 "E";
    .port_info 3 /INPUT 1 "R";
    .port_info 4 /INPUT 1 "D";
o0x7f6939182658 .functor BUFZ 1, c4<z>; HiZ drive
v0x555583400490_0 .net "C", 0 0, o0x7f6939182658;  0 drivers
o0x7f6939182688 .functor BUFZ 1, c4<z>; HiZ drive
v0x555583400570_0 .net "D", 0 0, o0x7f6939182688;  0 drivers
o0x7f69391826b8 .functor BUFZ 1, c4<z>; HiZ drive
v0x555583400630_0 .net "E", 0 0, o0x7f69391826b8;  0 drivers
v0x5555834006d0_0 .var "Q", 0 0;
o0x7f6939182718 .functor BUFZ 1, c4<z>; HiZ drive
v0x555583400790_0 .net "R", 0 0, o0x7f6939182718;  0 drivers
E_0x555583400410 .event posedge, v0x555583400790_0, v0x555583400490_0;
S_0x5555833448f0 .scope module, "SB_DFFES" "SB_DFFES" 8 794;
 .timescale -12 -12;
    .port_info 0 /OUTPUT 1 "Q";
    .port_info 1 /INPUT 1 "C";
    .port_info 2 /INPUT 1 "E";
    .port_info 3 /INPUT 1 "S";
    .port_info 4 /INPUT 1 "D";
o0x7f6939182838 .functor BUFZ 1, c4<z>; HiZ drive
v0x5555834009c0_0 .net "C", 0 0, o0x7f6939182838;  0 drivers
o0x7f6939182868 .functor BUFZ 1, c4<z>; HiZ drive
v0x555583400aa0_0 .net "D", 0 0, o0x7f6939182868;  0 drivers
o0x7f6939182898 .functor BUFZ 1, c4<z>; HiZ drive
v0x555583400b60_0 .net "E", 0 0, o0x7f6939182898;  0 drivers
v0x555583400c00_0 .var "Q", 0 0;
o0x7f69391828f8 .functor BUFZ 1, c4<z>; HiZ drive
v0x555583400cc0_0 .net "S", 0 0, o0x7f69391828f8;  0 drivers
E_0x555583400940 .event posedge, v0x555583400cc0_0, v0x5555834009c0_0;
S_0x5555833b5a80 .scope module, "SB_DFFESR" "SB_DFFESR" 8 592;
 .timescale -12 -12;
    .port_info 0 /OUTPUT 1 "Q";
    .port_info 1 /INPUT 1 "C";
    .port_info 2 /INPUT 1 "E";
    .port_info 3 /INPUT 1 "R";
    .port_info 4 /INPUT 1 "D";
o0x7f6939182a18 .functor BUFZ 1, c4<z>; HiZ drive
v0x555583400ef0_0 .net "C", 0 0, o0x7f6939182a18;  0 drivers
o0x7f6939182a48 .functor BUFZ 1, c4<z>; HiZ drive
v0x555583400fd0_0 .net "D", 0 0, o0x7f6939182a48;  0 drivers
o0x7f6939182a78 .functor BUFZ 1, c4<z>; HiZ drive
v0x555583401090_0 .net "E", 0 0, o0x7f6939182a78;  0 drivers
v0x555583401130_0 .var "Q", 0 0;
o0x7f6939182ad8 .functor BUFZ 1, c4<z>; HiZ drive
v0x5555834011f0_0 .net "R", 0 0, o0x7f6939182ad8;  0 drivers
E_0x555583400e70 .event posedge, v0x555583400ef0_0;
S_0x5555833b65d0 .scope module, "SB_DFFESS" "SB_DFFESS" 8 733;
 .timescale -12 -12;
    .port_info 0 /OUTPUT 1 "Q";
    .port_info 1 /INPUT 1 "C";
    .port_info 2 /INPUT 1 "E";
    .port_info 3 /INPUT 1 "S";
    .port_info 4 /INPUT 1 "D";
o0x7f6939182bf8 .functor BUFZ 1, c4<z>; HiZ drive
v0x555583401420_0 .net "C", 0 0, o0x7f6939182bf8;  0 drivers
o0x7f6939182c28 .functor BUFZ 1, c4<z>; HiZ drive
v0x555583401500_0 .net "D", 0 0, o0x7f6939182c28;  0 drivers
o0x7f6939182c58 .functor BUFZ 1, c4<z>; HiZ drive
v0x5555834015c0_0 .net "E", 0 0, o0x7f6939182c58;  0 drivers
v0x555583401660_0 .var "Q", 0 0;
o0x7f6939182cb8 .functor BUFZ 1, c4<z>; HiZ drive
v0x555583401720_0 .net "S", 0 0, o0x7f6939182cb8;  0 drivers
E_0x5555834013a0 .event posedge, v0x555583401420_0;
S_0x5555833b7960 .scope module, "SB_DFFN" "SB_DFFN" 8 876;
 .timescale -12 -12;
    .port_info 0 /OUTPUT 1 "Q";
    .port_info 1 /INPUT 1 "C";
    .port_info 2 /INPUT 1 "D";
o0x7f6939182dd8 .functor BUFZ 1, c4<z>; HiZ drive
v0x555583401950_0 .net "C", 0 0, o0x7f6939182dd8;  0 drivers
o0x7f6939182e08 .functor BUFZ 1, c4<z>; HiZ drive
v0x555583401a30_0 .net "D", 0 0, o0x7f6939182e08;  0 drivers
v0x555583401af0_0 .var "Q", 0 0;
E_0x5555834018d0 .event negedge, v0x555583401950_0;
S_0x5555833cbbf0 .scope module, "SB_DFFNE" "SB_DFFNE" 8 914;
 .timescale -12 -12;
    .port_info 0 /OUTPUT 1 "Q";
    .port_info 1 /INPUT 1 "C";
    .port_info 2 /INPUT 1 "E";
    .port_info 3 /INPUT 1 "D";
o0x7f6939182ef8 .functor BUFZ 1, c4<z>; HiZ drive
v0x555583401c70_0 .net "C", 0 0, o0x7f6939182ef8;  0 drivers
o0x7f6939182f28 .functor BUFZ 1, c4<z>; HiZ drive
v0x555583401d50_0 .net "D", 0 0, o0x7f6939182f28;  0 drivers
o0x7f6939182f58 .functor BUFZ 1, c4<z>; HiZ drive
v0x555583401e10_0 .net "E", 0 0, o0x7f6939182f58;  0 drivers
v0x555583401ee0_0 .var "Q", 0 0;
E_0x555583401c10 .event negedge, v0x555583401c70_0;
S_0x5555833cb800 .scope module, "SB_DFFNER" "SB_DFFNER" 8 1264;
 .timescale -12 -12;
    .port_info 0 /OUTPUT 1 "Q";
    .port_info 1 /INPUT 1 "C";
    .port_info 2 /INPUT 1 "E";
    .port_info 3 /INPUT 1 "R";
    .port_info 4 /INPUT 1 "D";
o0x7f6939183078 .functor BUFZ 1, c4<z>; HiZ drive
v0x5555834020d0_0 .net "C", 0 0, o0x7f6939183078;  0 drivers
o0x7f69391830a8 .functor BUFZ 1, c4<z>; HiZ drive
v0x5555834021b0_0 .net "D", 0 0, o0x7f69391830a8;  0 drivers
o0x7f69391830d8 .functor BUFZ 1, c4<z>; HiZ drive
v0x555583402270_0 .net "E", 0 0, o0x7f69391830d8;  0 drivers
v0x555583402310_0 .var "Q", 0 0;
o0x7f6939183138 .functor BUFZ 1, c4<z>; HiZ drive
v0x5555834023d0_0 .net "R", 0 0, o0x7f6939183138;  0 drivers
E_0x555583402050/0 .event negedge, v0x5555834020d0_0;
E_0x555583402050/1 .event posedge, v0x5555834023d0_0;
E_0x555583402050 .event/or E_0x555583402050/0, E_0x555583402050/1;
S_0x5555833ba090 .scope module, "SB_DFFNES" "SB_DFFNES" 8 1405;
 .timescale -12 -12;
    .port_info 0 /OUTPUT 1 "Q";
    .port_info 1 /INPUT 1 "C";
    .port_info 2 /INPUT 1 "E";
    .port_info 3 /INPUT 1 "S";
    .port_info 4 /INPUT 1 "D";
o0x7f6939183258 .functor BUFZ 1, c4<z>; HiZ drive
v0x555583402600_0 .net "C", 0 0, o0x7f6939183258;  0 drivers
o0x7f6939183288 .functor BUFZ 1, c4<z>; HiZ drive
v0x5555834026e0_0 .net "D", 0 0, o0x7f6939183288;  0 drivers
o0x7f69391832b8 .functor BUFZ 1, c4<z>; HiZ drive
v0x5555834027a0_0 .net "E", 0 0, o0x7f69391832b8;  0 drivers
v0x555583402840_0 .var "Q", 0 0;
o0x7f6939183318 .functor BUFZ 1, c4<z>; HiZ drive
v0x555583402900_0 .net "S", 0 0, o0x7f6939183318;  0 drivers
E_0x555583402580/0 .event negedge, v0x555583402600_0;
E_0x555583402580/1 .event posedge, v0x555583402900_0;
E_0x555583402580 .event/or E_0x555583402580/0, E_0x555583402580/1;
S_0x5555833b9ca0 .scope module, "SB_DFFNESR" "SB_DFFNESR" 8 1203;
 .timescale -12 -12;
    .port_info 0 /OUTPUT 1 "Q";
    .port_info 1 /INPUT 1 "C";
    .port_info 2 /INPUT 1 "E";
    .port_info 3 /INPUT 1 "R";
    .port_info 4 /INPUT 1 "D";
o0x7f6939183438 .functor BUFZ 1, c4<z>; HiZ drive
v0x555583402b30_0 .net "C", 0 0, o0x7f6939183438;  0 drivers
o0x7f6939183468 .functor BUFZ 1, c4<z>; HiZ drive
v0x555583402c10_0 .net "D", 0 0, o0x7f6939183468;  0 drivers
o0x7f6939183498 .functor BUFZ 1, c4<z>; HiZ drive
v0x555583402cd0_0 .net "E", 0 0, o0x7f6939183498;  0 drivers
v0x555583402d70_0 .var "Q", 0 0;
o0x7f69391834f8 .functor BUFZ 1, c4<z>; HiZ drive
v0x555583402e30_0 .net "R", 0 0, o0x7f69391834f8;  0 drivers
E_0x555583402ab0 .event negedge, v0x555583402b30_0;
S_0x5555833b94d0 .scope module, "SB_DFFNESS" "SB_DFFNESS" 8 1344;
 .timescale -12 -12;
    .port_info 0 /OUTPUT 1 "Q";
    .port_info 1 /INPUT 1 "C";
    .port_info 2 /INPUT 1 "E";
    .port_info 3 /INPUT 1 "S";
    .port_info 4 /INPUT 1 "D";
o0x7f6939183618 .functor BUFZ 1, c4<z>; HiZ drive
v0x555583403060_0 .net "C", 0 0, o0x7f6939183618;  0 drivers
o0x7f6939183648 .functor BUFZ 1, c4<z>; HiZ drive
v0x555583403140_0 .net "D", 0 0, o0x7f6939183648;  0 drivers
o0x7f6939183678 .functor BUFZ 1, c4<z>; HiZ drive
v0x555583403200_0 .net "E", 0 0, o0x7f6939183678;  0 drivers
v0x5555834032a0_0 .var "Q", 0 0;
o0x7f69391836d8 .functor BUFZ 1, c4<z>; HiZ drive
v0x555583403360_0 .net "S", 0 0, o0x7f69391836d8;  0 drivers
E_0x555583402fe0 .event negedge, v0x555583403060_0;
S_0x5555833b42e0 .scope module, "SB_DFFNR" "SB_DFFNR" 8 1011;
 .timescale -12 -12;
    .port_info 0 /OUTPUT 1 "Q";
    .port_info 1 /INPUT 1 "C";
    .port_info 2 /INPUT 1 "R";
    .port_info 3 /INPUT 1 "D";
o0x7f69391837f8 .functor BUFZ 1, c4<z>; HiZ drive
v0x555583403590_0 .net "C", 0 0, o0x7f69391837f8;  0 drivers
o0x7f6939183828 .functor BUFZ 1, c4<z>; HiZ drive
v0x555583403670_0 .net "D", 0 0, o0x7f6939183828;  0 drivers
v0x555583403730_0 .var "Q", 0 0;
o0x7f6939183888 .functor BUFZ 1, c4<z>; HiZ drive
v0x5555834037d0_0 .net "R", 0 0, o0x7f6939183888;  0 drivers
E_0x555583403510/0 .event negedge, v0x555583403590_0;
E_0x555583403510/1 .event posedge, v0x5555834037d0_0;
E_0x555583403510 .event/or E_0x555583403510/0, E_0x555583403510/1;
S_0x5555833aec90 .scope module, "SB_DFFNS" "SB_DFFNS" 8 1132;
 .timescale -12 -12;
    .port_info 0 /OUTPUT 1 "Q";
    .port_info 1 /INPUT 1 "C";
    .port_info 2 /INPUT 1 "S";
    .port_info 3 /INPUT 1 "D";
o0x7f6939183978 .functor BUFZ 1, c4<z>; HiZ drive
v0x5555834039c0_0 .net "C", 0 0, o0x7f6939183978;  0 drivers
o0x7f69391839a8 .functor BUFZ 1, c4<z>; HiZ drive
v0x555583403aa0_0 .net "D", 0 0, o0x7f69391839a8;  0 drivers
v0x555583403b60_0 .var "Q", 0 0;
o0x7f6939183a08 .functor BUFZ 1, c4<z>; HiZ drive
v0x555583403c00_0 .net "S", 0 0, o0x7f6939183a08;  0 drivers
E_0x555583403940/0 .event negedge, v0x5555834039c0_0;
E_0x555583403940/1 .event posedge, v0x555583403c00_0;
E_0x555583403940 .event/or E_0x555583403940/0, E_0x555583403940/1;
S_0x555583396c90 .scope module, "SB_DFFNSR" "SB_DFFNSR" 8 961;
 .timescale -12 -12;
    .port_info 0 /OUTPUT 1 "Q";
    .port_info 1 /INPUT 1 "C";
    .port_info 2 /INPUT 1 "R";
    .port_info 3 /INPUT 1 "D";
o0x7f6939183af8 .functor BUFZ 1, c4<z>; HiZ drive
v0x555583403df0_0 .net "C", 0 0, o0x7f6939183af8;  0 drivers
o0x7f6939183b28 .functor BUFZ 1, c4<z>; HiZ drive
v0x555583403ed0_0 .net "D", 0 0, o0x7f6939183b28;  0 drivers
v0x555583403f90_0 .var "Q", 0 0;
o0x7f6939183b88 .functor BUFZ 1, c4<z>; HiZ drive
v0x555583404030_0 .net "R", 0 0, o0x7f6939183b88;  0 drivers
E_0x555583403d70 .event negedge, v0x555583403df0_0;
S_0x5555833968a0 .scope module, "SB_DFFNSS" "SB_DFFNSS" 8 1082;
 .timescale -12 -12;
    .port_info 0 /OUTPUT 1 "Q";
    .port_info 1 /INPUT 1 "C";
    .port_info 2 /INPUT 1 "S";
    .port_info 3 /INPUT 1 "D";
o0x7f6939183c78 .functor BUFZ 1, c4<z>; HiZ drive
v0x555583404220_0 .net "C", 0 0, o0x7f6939183c78;  0 drivers
o0x7f6939183ca8 .functor BUFZ 1, c4<z>; HiZ drive
v0x555583404300_0 .net "D", 0 0, o0x7f6939183ca8;  0 drivers
v0x5555834043c0_0 .var "Q", 0 0;
o0x7f6939183d08 .functor BUFZ 1, c4<z>; HiZ drive
v0x555583404460_0 .net "S", 0 0, o0x7f6939183d08;  0 drivers
E_0x5555834041a0 .event negedge, v0x555583404220_0;
S_0x5555833939a0 .scope module, "SB_DFFR" "SB_DFFR" 8 400;
 .timescale -12 -12;
    .port_info 0 /OUTPUT 1 "Q";
    .port_info 1 /INPUT 1 "C";
    .port_info 2 /INPUT 1 "R";
    .port_info 3 /INPUT 1 "D";
o0x7f6939183df8 .functor BUFZ 1, c4<z>; HiZ drive
v0x555583404650_0 .net "C", 0 0, o0x7f6939183df8;  0 drivers
o0x7f6939183e28 .functor BUFZ 1, c4<z>; HiZ drive
v0x555583404730_0 .net "D", 0 0, o0x7f6939183e28;  0 drivers
v0x5555834047f0_0 .var "Q", 0 0;
o0x7f6939183e88 .functor BUFZ 1, c4<z>; HiZ drive
v0x555583404890_0 .net "R", 0 0, o0x7f6939183e88;  0 drivers
E_0x5555834045d0 .event posedge, v0x555583404890_0, v0x555583404650_0;
S_0x5555833935b0 .scope module, "SB_DFFS" "SB_DFFS" 8 521;
 .timescale -12 -12;
    .port_info 0 /OUTPUT 1 "Q";
    .port_info 1 /INPUT 1 "C";
    .port_info 2 /INPUT 1 "S";
    .port_info 3 /INPUT 1 "D";
o0x7f6939183f78 .functor BUFZ 1, c4<z>; HiZ drive
v0x555583404a80_0 .net "C", 0 0, o0x7f6939183f78;  0 drivers
o0x7f6939183fa8 .functor BUFZ 1, c4<z>; HiZ drive
v0x555583404b60_0 .net "D", 0 0, o0x7f6939183fa8;  0 drivers
v0x555583404c20_0 .var "Q", 0 0;
o0x7f6939184008 .functor BUFZ 1, c4<z>; HiZ drive
v0x555583404cc0_0 .net "S", 0 0, o0x7f6939184008;  0 drivers
E_0x555583404a00 .event posedge, v0x555583404cc0_0, v0x555583404a80_0;
S_0x55558338d8a0 .scope module, "SB_DFFSR" "SB_DFFSR" 8 350;
 .timescale -12 -12;
    .port_info 0 /OUTPUT 1 "Q";
    .port_info 1 /INPUT 1 "C";
    .port_info 2 /INPUT 1 "R";
    .port_info 3 /INPUT 1 "D";
o0x7f69391840f8 .functor BUFZ 1, c4<z>; HiZ drive
v0x555583404eb0_0 .net "C", 0 0, o0x7f69391840f8;  0 drivers
o0x7f6939184128 .functor BUFZ 1, c4<z>; HiZ drive
v0x555583404f90_0 .net "D", 0 0, o0x7f6939184128;  0 drivers
v0x555583405050_0 .var "Q", 0 0;
o0x7f6939184188 .functor BUFZ 1, c4<z>; HiZ drive
v0x5555834050f0_0 .net "R", 0 0, o0x7f6939184188;  0 drivers
E_0x555583404e30 .event posedge, v0x555583404eb0_0;
S_0x555583390540 .scope module, "SB_DFFSS" "SB_DFFSS" 8 471;
 .timescale -12 -12;
    .port_info 0 /OUTPUT 1 "Q";
    .port_info 1 /INPUT 1 "C";
    .port_info 2 /INPUT 1 "S";
    .port_info 3 /INPUT 1 "D";
o0x7f6939184278 .functor BUFZ 1, c4<z>; HiZ drive
v0x5555834052e0_0 .net "C", 0 0, o0x7f6939184278;  0 drivers
o0x7f69391842a8 .functor BUFZ 1, c4<z>; HiZ drive
v0x5555834053c0_0 .net "D", 0 0, o0x7f69391842a8;  0 drivers
v0x555583405480_0 .var "Q", 0 0;
o0x7f6939184308 .functor BUFZ 1, c4<z>; HiZ drive
v0x555583405520_0 .net "S", 0 0, o0x7f6939184308;  0 drivers
E_0x555583405260 .event posedge, v0x5555834052e0_0;
S_0x555583390150 .scope module, "SB_FILTER_50NS" "SB_FILTER_50NS" 8 2856;
 .timescale -12 -12;
    .port_info 0 /INPUT 1 "FILTERIN";
    .port_info 1 /OUTPUT 1 "FILTEROUT";
o0x7f69391843f8 .functor BUFZ 1, c4<z>; HiZ drive
v0x555583405690_0 .net "FILTERIN", 0 0, o0x7f69391843f8;  0 drivers
o0x7f6939184428 .functor BUFZ 1, c4<z>; HiZ drive
v0x555583405770_0 .net "FILTEROUT", 0 0, o0x7f6939184428;  0 drivers
S_0x55558338d4e0 .scope module, "SB_GB" "SB_GB" 8 162;
 .timescale -12 -12;
    .port_info 0 /INPUT 1 "USER_SIGNAL_TO_GLOBAL_BUFFER";
    .port_info 1 /OUTPUT 1 "GLOBAL_BUFFER_OUTPUT";
o0x7f69391844e8 .functor BUFZ 1, c4<z>; HiZ drive
L_0x55558344cdc0 .functor BUFZ 1, o0x7f69391844e8, C4<0>, C4<0>, C4<0>;
v0x555583405890_0 .net "GLOBAL_BUFFER_OUTPUT", 0 0, L_0x55558344cdc0;  1 drivers
v0x555583405950_0 .net "USER_SIGNAL_TO_GLOBAL_BUFFER", 0 0, o0x7f69391844e8;  0 drivers
S_0x555583377e20 .scope module, "SB_GB_IO" "SB_GB_IO" 8 123;
 .timescale -12 -12;
    .port_info 0 /INOUT 1 "PACKAGE_PIN";
    .port_info 1 /OUTPUT 1 "GLOBAL_BUFFER_OUTPUT";
    .port_info 2 /INPUT 1 "LATCH_INPUT_VALUE";
    .port_info 3 /INPUT 1 "CLOCK_ENABLE";
    .port_info 4 /INPUT 1 "INPUT_CLK";
    .port_info 5 /INPUT 1 "OUTPUT_CLK";
    .port_info 6 /INPUT 1 "OUTPUT_ENABLE";
    .port_info 7 /INPUT 1 "D_OUT_0";
    .port_info 8 /INPUT 1 "D_OUT_1";
    .port_info 9 /OUTPUT 1 "D_IN_0";
    .port_info 10 /OUTPUT 1 "D_IN_1";
P_0x5555833837f0 .param/str "IO_STANDARD" 0 8 139, "SB_LVCMOS";
P_0x555583383830 .param/l "NEG_TRIGGER" 0 8 138, C4<0>;
P_0x555583383870 .param/l "PIN_TYPE" 0 8 136, C4<000000>;
P_0x5555833838b0 .param/l "PULLUP" 0 8 137, C4<0>;
o0x7f6939184728 .functor BUFZ 1, c4<z>; HiZ drive
L_0x55558344ce30 .functor BUFZ 1, o0x7f6939184728, C4<0>, C4<0>, C4<0>;
o0x7f6939184578 .functor BUFZ 1, c4<z>; HiZ drive
v0x5555834078f0_0 .net "CLOCK_ENABLE", 0 0, o0x7f6939184578;  0 drivers
v0x5555834079b0_0 .net "D_IN_0", 0 0, L_0x55558344d100;  1 drivers
v0x555583407a80_0 .net "D_IN_1", 0 0, L_0x55558344d1c0;  1 drivers
o0x7f6939184608 .functor BUFZ 1, c4<z>; HiZ drive
v0x555583407b80_0 .net "D_OUT_0", 0 0, o0x7f6939184608;  0 drivers
o0x7f6939184638 .functor BUFZ 1, c4<z>; HiZ drive
v0x555583407c50_0 .net "D_OUT_1", 0 0, o0x7f6939184638;  0 drivers
v0x555583407cf0_0 .net "GLOBAL_BUFFER_OUTPUT", 0 0, L_0x55558344ce30;  1 drivers
o0x7f6939184668 .functor BUFZ 1, c4<z>; HiZ drive
v0x555583407d90_0 .net "INPUT_CLK", 0 0, o0x7f6939184668;  0 drivers
o0x7f6939184698 .functor BUFZ 1, c4<z>; HiZ drive
v0x555583407e60_0 .net "LATCH_INPUT_VALUE", 0 0, o0x7f6939184698;  0 drivers
o0x7f69391846c8 .functor BUFZ 1, c4<z>; HiZ drive
v0x555583407f30_0 .net "OUTPUT_CLK", 0 0, o0x7f69391846c8;  0 drivers
o0x7f69391846f8 .functor BUFZ 1, c4<z>; HiZ drive
v0x555583408000_0 .net "OUTPUT_ENABLE", 0 0, o0x7f69391846f8;  0 drivers
v0x5555834080d0_0 .net "PACKAGE_PIN", 0 0, o0x7f6939184728;  0 drivers
S_0x555583405a70 .scope module, "IO" "SB_IO" 8 148, 8 17 0, S_0x555583377e20;
 .timescale -12 -12;
    .port_info 0 /INOUT 1 "PACKAGE_PIN";
    .port_info 1 /INPUT 1 "LATCH_INPUT_VALUE";
    .port_info 2 /INPUT 1 "CLOCK_ENABLE";
    .port_info 3 /INPUT 1 "INPUT_CLK";
    .port_info 4 /INPUT 1 "OUTPUT_CLK";
    .port_info 5 /INPUT 1 "OUTPUT_ENABLE";
    .port_info 6 /INPUT 1 "D_OUT_0";
    .port_info 7 /INPUT 1 "D_OUT_1";
    .port_info 8 /OUTPUT 1 "D_IN_0";
    .port_info 9 /OUTPUT 1 "D_IN_1";
P_0x5555833f75b0 .param/str "IO_STANDARD" 0 8 32, "SB_LVCMOS";
P_0x5555833f75f0 .param/l "NEG_TRIGGER" 0 8 31, C4<0>;
P_0x5555833f7630 .param/l "PIN_TYPE" 0 8 29, C4<000000>;
P_0x5555833f7670 .param/l "PULLUP" 0 8 30, C4<0>;
L_0x55558344d010 .functor OR 1, o0x7f6939184578, L_0x55558344cf20, C4<0>, C4<0>;
L_0x55558344d100 .functor BUFZ 1, v0x555583406f20_0, C4<0>, C4<0>, C4<0>;
L_0x55558344d1c0 .functor BUFZ 1, v0x555583406fe0_0, C4<0>, C4<0>, C4<0>;
v0x555583406390_0 .net "CLOCK_ENABLE", 0 0, o0x7f6939184578;  alias, 0 drivers
v0x555583406450_0 .net "D_IN_0", 0 0, L_0x55558344d100;  alias, 1 drivers
v0x555583406510_0 .net "D_IN_1", 0 0, L_0x55558344d1c0;  alias, 1 drivers
v0x5555834065b0_0 .net "D_OUT_0", 0 0, o0x7f6939184608;  alias, 0 drivers
v0x555583406670_0 .net "D_OUT_1", 0 0, o0x7f6939184638;  alias, 0 drivers
v0x555583406780_0 .net "INPUT_CLK", 0 0, o0x7f6939184668;  alias, 0 drivers
v0x555583406840_0 .net "LATCH_INPUT_VALUE", 0 0, o0x7f6939184698;  alias, 0 drivers
v0x555583406900_0 .net "OUTPUT_CLK", 0 0, o0x7f69391846c8;  alias, 0 drivers
v0x5555834069c0_0 .net "OUTPUT_ENABLE", 0 0, o0x7f69391846f8;  alias, 0 drivers
v0x555583406a80_0 .net "PACKAGE_PIN", 0 0, o0x7f6939184728;  alias, 0 drivers
o0x7f6939184758 .functor BUFZ 1, c4<z>; HiZ drive
; Elide local net with no drivers, v0x555583406b40_0 name=_ivl_0
v0x555583406c20_0 .net *"_ivl_2", 0 0, L_0x55558344cf20;  1 drivers
v0x555583406ce0_0 .net "clken_pulled", 0 0, L_0x55558344d010;  1 drivers
v0x555583406da0_0 .var "clken_pulled_ri", 0 0;
v0x555583406e60_0 .var "clken_pulled_ro", 0 0;
v0x555583406f20_0 .var "din_0", 0 0;
v0x555583406fe0_0 .var "din_1", 0 0;
v0x5555834071b0_0 .var "din_q_0", 0 0;
v0x555583407270_0 .var "din_q_1", 0 0;
v0x555583407330_0 .var "dout", 0 0;
v0x5555834073f0_0 .var "dout_q_0", 0 0;
v0x5555834074b0_0 .var "dout_q_1", 0 0;
v0x555583407570_0 .var "outclk_delayed_1", 0 0;
v0x555583407630_0 .var "outclk_delayed_2", 0 0;
v0x5555834076f0_0 .var "outena_q", 0 0;
E_0x555583405e30 .event anyedge, v0x555583407630_0, v0x5555834073f0_0, v0x5555834074b0_0;
E_0x555583405e90 .event anyedge, v0x555583407570_0;
E_0x555583405ef0 .event anyedge, v0x555583406900_0;
E_0x555583405f50 .event anyedge, v0x5555834071b0_0, v0x555583407270_0;
L_0x55558344cf20 .cmp/eeq 1, o0x7f6939184578, o0x7f6939184758;
S_0x555583405fe0 .scope generate, "genblk1" "genblk1" 8 45, 8 45 0, S_0x555583405a70;
 .timescale -12 -12;
E_0x5555834061c0 .event posedge, v0x555583406900_0;
E_0x555583406240 .event negedge, v0x555583406900_0;
E_0x5555834062a0 .event negedge, v0x555583406780_0;
E_0x555583406300 .event posedge, v0x555583406780_0;
S_0x555583377ae0 .scope module, "SB_HFOSC" "SB_HFOSC" 8 2664;
 .timescale -12 -12;
    .port_info 0 /INPUT 1 "TRIM0";
    .port_info 1 /INPUT 1 "TRIM1";
    .port_info 2 /INPUT 1 "TRIM2";
    .port_info 3 /INPUT 1 "TRIM3";
    .port_info 4 /INPUT 1 "TRIM4";
    .port_info 5 /INPUT 1 "TRIM5";
    .port_info 6 /INPUT 1 "TRIM6";
    .port_info 7 /INPUT 1 "TRIM7";
    .port_info 8 /INPUT 1 "TRIM8";
    .port_info 9 /INPUT 1 "TRIM9";
    .port_info 10 /INPUT 1 "CLKHFPU";
    .port_info 11 /INPUT 1 "CLKHFEN";
    .port_info 12 /OUTPUT 1 "CLKHF";
P_0x5555833417e0 .param/str "CLKHF_DIV" 0 8 2680, "0b00";
P_0x555583341820 .param/str "TRIM_EN" 0 8 2679, "0b0";
o0x7f6939184e48 .functor BUFZ 1, c4<z>; HiZ drive
v0x5555834081c0_0 .net "CLKHF", 0 0, o0x7f6939184e48;  0 drivers
o0x7f6939184e78 .functor BUFZ 1, c4<z>; HiZ drive
v0x5555834082a0_0 .net "CLKHFEN", 0 0, o0x7f6939184e78;  0 drivers
o0x7f6939184ea8 .functor BUFZ 1, c4<z>; HiZ drive
v0x555583408360_0 .net "CLKHFPU", 0 0, o0x7f6939184ea8;  0 drivers
o0x7f6939184ed8 .functor BUFZ 1, c4<z>; HiZ drive
v0x555583408430_0 .net "TRIM0", 0 0, o0x7f6939184ed8;  0 drivers
o0x7f6939184f08 .functor BUFZ 1, c4<z>; HiZ drive
v0x5555834084f0_0 .net "TRIM1", 0 0, o0x7f6939184f08;  0 drivers
o0x7f6939184f38 .functor BUFZ 1, c4<z>; HiZ drive
v0x5555834085b0_0 .net "TRIM2", 0 0, o0x7f6939184f38;  0 drivers
o0x7f6939184f68 .functor BUFZ 1, c4<z>; HiZ drive
v0x555583408670_0 .net "TRIM3", 0 0, o0x7f6939184f68;  0 drivers
o0x7f6939184f98 .functor BUFZ 1, c4<z>; HiZ drive
v0x555583408730_0 .net "TRIM4", 0 0, o0x7f6939184f98;  0 drivers
o0x7f6939184fc8 .functor BUFZ 1, c4<z>; HiZ drive
v0x5555834087f0_0 .net "TRIM5", 0 0, o0x7f6939184fc8;  0 drivers
o0x7f6939184ff8 .functor BUFZ 1, c4<z>; HiZ drive
v0x555583408940_0 .net "TRIM6", 0 0, o0x7f6939184ff8;  0 drivers
o0x7f6939185028 .functor BUFZ 1, c4<z>; HiZ drive
v0x555583408a00_0 .net "TRIM7", 0 0, o0x7f6939185028;  0 drivers
o0x7f6939185058 .functor BUFZ 1, c4<z>; HiZ drive
v0x555583408ac0_0 .net "TRIM8", 0 0, o0x7f6939185058;  0 drivers
o0x7f6939185088 .functor BUFZ 1, c4<z>; HiZ drive
v0x555583408b80_0 .net "TRIM9", 0 0, o0x7f6939185088;  0 drivers
S_0x5555833739d0 .scope module, "SB_I2C" "SB_I2C" 8 2733;
 .timescale -12 -12;
    .port_info 0 /INPUT 1 "SBCLKI";
    .port_info 1 /INPUT 1 "SBRWI";
    .port_info 2 /INPUT 1 "SBSTBI";
    .port_info 3 /INPUT 1 "SBADRI7";
    .port_info 4 /INPUT 1 "SBADRI6";
    .port_info 5 /INPUT 1 "SBADRI5";
    .port_info 6 /INPUT 1 "SBADRI4";
    .port_info 7 /INPUT 1 "SBADRI3";
    .port_info 8 /INPUT 1 "SBADRI2";
    .port_info 9 /INPUT 1 "SBADRI1";
    .port_info 10 /INPUT 1 "SBADRI0";
    .port_info 11 /INPUT 1 "SBDATI7";
    .port_info 12 /INPUT 1 "SBDATI6";
    .port_info 13 /INPUT 1 "SBDATI5";
    .port_info 14 /INPUT 1 "SBDATI4";
    .port_info 15 /INPUT 1 "SBDATI3";
    .port_info 16 /INPUT 1 "SBDATI2";
    .port_info 17 /INPUT 1 "SBDATI1";
    .port_info 18 /INPUT 1 "SBDATI0";
    .port_info 19 /INPUT 1 "SCLI";
    .port_info 20 /INPUT 1 "SDAI";
    .port_info 21 /OUTPUT 1 "SBDATO7";
    .port_info 22 /OUTPUT 1 "SBDATO6";
    .port_info 23 /OUTPUT 1 "SBDATO5";
    .port_info 24 /OUTPUT 1 "SBDATO4";
    .port_info 25 /OUTPUT 1 "SBDATO3";
    .port_info 26 /OUTPUT 1 "SBDATO2";
    .port_info 27 /OUTPUT 1 "SBDATO1";
    .port_info 28 /OUTPUT 1 "SBDATO0";
    .port_info 29 /OUTPUT 1 "SBACKO";
    .port_info 30 /OUTPUT 1 "I2CIRQ";
    .port_info 31 /OUTPUT 1 "I2CWKUP";
    .port_info 32 /OUTPUT 1 "SCLO";
    .port_info 33 /OUTPUT 1 "SCLOE";
    .port_info 34 /OUTPUT 1 "SDAO";
    .port_info 35 /OUTPUT 1 "SDAOE";
P_0x5555833422c0 .param/str "BUS_ADDR74" 0 8 2772, "0b0001";
P_0x555583342300 .param/str "I2C_SLAVE_INIT_ADDR" 0 8 2771, "0b1111100001";
o0x7f6939185328 .functor BUFZ 1, c4<z>; HiZ drive
v0x555583408e50_0 .net "I2CIRQ", 0 0, o0x7f6939185328;  0 drivers
o0x7f6939185358 .functor BUFZ 1, c4<z>; HiZ drive
v0x555583408f30_0 .net "I2CWKUP", 0 0, o0x7f6939185358;  0 drivers
o0x7f6939185388 .functor BUFZ 1, c4<z>; HiZ drive
v0x555583408ff0_0 .net "SBACKO", 0 0, o0x7f6939185388;  0 drivers
o0x7f69391853b8 .functor BUFZ 1, c4<z>; HiZ drive
v0x555583409090_0 .net "SBADRI0", 0 0, o0x7f69391853b8;  0 drivers
o0x7f69391853e8 .functor BUFZ 1, c4<z>; HiZ drive
v0x555583409150_0 .net "SBADRI1", 0 0, o0x7f69391853e8;  0 drivers
o0x7f6939185418 .functor BUFZ 1, c4<z>; HiZ drive
v0x555583409210_0 .net "SBADRI2", 0 0, o0x7f6939185418;  0 drivers
o0x7f6939185448 .functor BUFZ 1, c4<z>; HiZ drive
v0x5555834092d0_0 .net "SBADRI3", 0 0, o0x7f6939185448;  0 drivers
o0x7f6939185478 .functor BUFZ 1, c4<z>; HiZ drive
v0x555583409390_0 .net "SBADRI4", 0 0, o0x7f6939185478;  0 drivers
o0x7f69391854a8 .functor BUFZ 1, c4<z>; HiZ drive
v0x555583409450_0 .net "SBADRI5", 0 0, o0x7f69391854a8;  0 drivers
o0x7f69391854d8 .functor BUFZ 1, c4<z>; HiZ drive
v0x5555834095a0_0 .net "SBADRI6", 0 0, o0x7f69391854d8;  0 drivers
o0x7f6939185508 .functor BUFZ 1, c4<z>; HiZ drive
v0x555583409660_0 .net "SBADRI7", 0 0, o0x7f6939185508;  0 drivers
o0x7f6939185538 .functor BUFZ 1, c4<z>; HiZ drive
v0x555583409720_0 .net "SBCLKI", 0 0, o0x7f6939185538;  0 drivers
o0x7f6939185568 .functor BUFZ 1, c4<z>; HiZ drive
v0x5555834097e0_0 .net "SBDATI0", 0 0, o0x7f6939185568;  0 drivers
o0x7f6939185598 .functor BUFZ 1, c4<z>; HiZ drive
v0x5555834098a0_0 .net "SBDATI1", 0 0, o0x7f6939185598;  0 drivers
o0x7f69391855c8 .functor BUFZ 1, c4<z>; HiZ drive
v0x555583409960_0 .net "SBDATI2", 0 0, o0x7f69391855c8;  0 drivers
o0x7f69391855f8 .functor BUFZ 1, c4<z>; HiZ drive
v0x555583409a20_0 .net "SBDATI3", 0 0, o0x7f69391855f8;  0 drivers
o0x7f6939185628 .functor BUFZ 1, c4<z>; HiZ drive
v0x555583409ae0_0 .net "SBDATI4", 0 0, o0x7f6939185628;  0 drivers
o0x7f6939185658 .functor BUFZ 1, c4<z>; HiZ drive
v0x555583409cb0_0 .net "SBDATI5", 0 0, o0x7f6939185658;  0 drivers
o0x7f6939185688 .functor BUFZ 1, c4<z>; HiZ drive
v0x555583409d70_0 .net "SBDATI6", 0 0, o0x7f6939185688;  0 drivers
o0x7f69391856b8 .functor BUFZ 1, c4<z>; HiZ drive
v0x555583409e30_0 .net "SBDATI7", 0 0, o0x7f69391856b8;  0 drivers
o0x7f69391856e8 .functor BUFZ 1, c4<z>; HiZ drive
v0x555583409ef0_0 .net "SBDATO0", 0 0, o0x7f69391856e8;  0 drivers
o0x7f6939185718 .functor BUFZ 1, c4<z>; HiZ drive
v0x555583409fb0_0 .net "SBDATO1", 0 0, o0x7f6939185718;  0 drivers
o0x7f6939185748 .functor BUFZ 1, c4<z>; HiZ drive
v0x55558340a070_0 .net "SBDATO2", 0 0, o0x7f6939185748;  0 drivers
o0x7f6939185778 .functor BUFZ 1, c4<z>; HiZ drive
v0x55558340a130_0 .net "SBDATO3", 0 0, o0x7f6939185778;  0 drivers
o0x7f69391857a8 .functor BUFZ 1, c4<z>; HiZ drive
v0x55558340a1f0_0 .net "SBDATO4", 0 0, o0x7f69391857a8;  0 drivers
o0x7f69391857d8 .functor BUFZ 1, c4<z>; HiZ drive
v0x55558340a2b0_0 .net "SBDATO5", 0 0, o0x7f69391857d8;  0 drivers
o0x7f6939185808 .functor BUFZ 1, c4<z>; HiZ drive
v0x55558340a370_0 .net "SBDATO6", 0 0, o0x7f6939185808;  0 drivers
o0x7f6939185838 .functor BUFZ 1, c4<z>; HiZ drive
v0x55558340a430_0 .net "SBDATO7", 0 0, o0x7f6939185838;  0 drivers
o0x7f6939185868 .functor BUFZ 1, c4<z>; HiZ drive
v0x55558340a4f0_0 .net "SBRWI", 0 0, o0x7f6939185868;  0 drivers
o0x7f6939185898 .functor BUFZ 1, c4<z>; HiZ drive
v0x55558340a5b0_0 .net "SBSTBI", 0 0, o0x7f6939185898;  0 drivers
o0x7f69391858c8 .functor BUFZ 1, c4<z>; HiZ drive
v0x55558340a670_0 .net "SCLI", 0 0, o0x7f69391858c8;  0 drivers
o0x7f69391858f8 .functor BUFZ 1, c4<z>; HiZ drive
v0x55558340a730_0 .net "SCLO", 0 0, o0x7f69391858f8;  0 drivers
o0x7f6939185928 .functor BUFZ 1, c4<z>; HiZ drive
v0x55558340a7f0_0 .net "SCLOE", 0 0, o0x7f6939185928;  0 drivers
o0x7f6939185958 .functor BUFZ 1, c4<z>; HiZ drive
v0x55558340a8b0_0 .net "SDAI", 0 0, o0x7f6939185958;  0 drivers
o0x7f6939185988 .functor BUFZ 1, c4<z>; HiZ drive
v0x55558340a970_0 .net "SDAO", 0 0, o0x7f6939185988;  0 drivers
o0x7f69391859b8 .functor BUFZ 1, c4<z>; HiZ drive
v0x55558340aa30_0 .net "SDAOE", 0 0, o0x7f69391859b8;  0 drivers
S_0x555583373610 .scope module, "SB_IO_I3C" "SB_IO_I3C" 8 2862;
 .timescale -12 -12;
    .port_info 0 /INOUT 1 "PACKAGE_PIN";
    .port_info 1 /INPUT 1 "LATCH_INPUT_VALUE";
    .port_info 2 /INPUT 1 "CLOCK_ENABLE";
    .port_info 3 /INPUT 1 "INPUT_CLK";
    .port_info 4 /INPUT 1 "OUTPUT_CLK";
    .port_info 5 /INPUT 1 "OUTPUT_ENABLE";
    .port_info 6 /INPUT 1 "D_OUT_0";
    .port_info 7 /INPUT 1 "D_OUT_1";
    .port_info 8 /OUTPUT 1 "D_IN_0";
    .port_info 9 /OUTPUT 1 "D_IN_1";
    .port_info 10 /INPUT 1 "PU_ENB";
    .port_info 11 /INPUT 1 "WEAK_PU_ENB";
P_0x5555833f2370 .param/str "IO_STANDARD" 0 8 2880, "SB_LVCMOS";
P_0x5555833f23b0 .param/l "NEG_TRIGGER" 0 8 2879, C4<0>;
P_0x5555833f23f0 .param/l "PIN_TYPE" 0 8 2876, C4<000000>;
P_0x5555833f2430 .param/l "PULLUP" 0 8 2877, C4<0>;
P_0x5555833f2470 .param/l "WEAK_PULLUP" 0 8 2878, C4<0>;
L_0x55558344d280 .functor BUFZ 1, v0x55558340bdd0_0, C4<0>, C4<0>, C4<0>;
L_0x55558344d320 .functor BUFZ 1, v0x55558340be90_0, C4<0>, C4<0>, C4<0>;
o0x7f69391860a8 .functor BUFZ 1, c4<z>; HiZ drive
v0x55558340b4a0_0 .net "CLOCK_ENABLE", 0 0, o0x7f69391860a8;  0 drivers
v0x55558340b560_0 .net "D_IN_0", 0 0, L_0x55558344d280;  1 drivers
v0x55558340b620_0 .net "D_IN_1", 0 0, L_0x55558344d320;  1 drivers
o0x7f6939186138 .functor BUFZ 1, c4<z>; HiZ drive
v0x55558340b6c0_0 .net "D_OUT_0", 0 0, o0x7f6939186138;  0 drivers
o0x7f6939186168 .functor BUFZ 1, c4<z>; HiZ drive
v0x55558340b780_0 .net "D_OUT_1", 0 0, o0x7f6939186168;  0 drivers
o0x7f6939186198 .functor BUFZ 1, c4<z>; HiZ drive
v0x55558340b890_0 .net "INPUT_CLK", 0 0, o0x7f6939186198;  0 drivers
o0x7f69391861c8 .functor BUFZ 1, c4<z>; HiZ drive
v0x55558340b950_0 .net "LATCH_INPUT_VALUE", 0 0, o0x7f69391861c8;  0 drivers
o0x7f69391861f8 .functor BUFZ 1, c4<z>; HiZ drive
v0x55558340ba10_0 .net "OUTPUT_CLK", 0 0, o0x7f69391861f8;  0 drivers
o0x7f6939186228 .functor BUFZ 1, c4<z>; HiZ drive
v0x55558340bad0_0 .net "OUTPUT_ENABLE", 0 0, o0x7f6939186228;  0 drivers
o0x7f6939186258 .functor BUFZ 1, c4<z>; HiZ drive
v0x55558340bb90_0 .net "PACKAGE_PIN", 0 0, o0x7f6939186258;  0 drivers
o0x7f6939186288 .functor BUFZ 1, c4<z>; HiZ drive
v0x55558340bc50_0 .net "PU_ENB", 0 0, o0x7f6939186288;  0 drivers
o0x7f69391862b8 .functor BUFZ 1, c4<z>; HiZ drive
v0x55558340bd10_0 .net "WEAK_PU_ENB", 0 0, o0x7f69391862b8;  0 drivers
v0x55558340bdd0_0 .var "din_0", 0 0;
v0x55558340be90_0 .var "din_1", 0 0;
v0x55558340bf50_0 .var "din_q_0", 0 0;
v0x55558340c010_0 .var "din_q_1", 0 0;
v0x55558340c0d0_0 .var "dout", 0 0;
v0x55558340c190_0 .var "dout_q_0", 0 0;
v0x55558340c250_0 .var "dout_q_1", 0 0;
v0x55558340c310_0 .var "outclk_delayed_1", 0 0;
v0x55558340c3d0_0 .var "outclk_delayed_2", 0 0;
v0x55558340c490_0 .var "outena_q", 0 0;
E_0x55558340af70 .event anyedge, v0x55558340c3d0_0, v0x55558340c190_0, v0x55558340c250_0;
E_0x55558340aff0 .event anyedge, v0x55558340c310_0;
E_0x55558340b050 .event anyedge, v0x55558340ba10_0;
E_0x55558340b0b0 .event anyedge, v0x55558340bf50_0, v0x55558340c010_0;
S_0x55558340b140 .scope generate, "genblk1" "genblk1" 8 2888, 8 2888 0, S_0x555583373610;
 .timescale -12 -12;
E_0x55558340b2d0 .event posedge, v0x55558340ba10_0;
E_0x55558340b350 .event negedge, v0x55558340ba10_0;
E_0x55558340b3b0 .event negedge, v0x55558340b890_0;
E_0x55558340b410 .event posedge, v0x55558340b890_0;
S_0x555583360660 .scope module, "SB_IO_OD" "SB_IO_OD" 8 2931;
 .timescale -12 -12;
    .port_info 0 /INOUT 1 "PACKAGEPIN";
    .port_info 1 /INPUT 1 "LATCHINPUTVALUE";
    .port_info 2 /INPUT 1 "CLOCKENABLE";
    .port_info 3 /INPUT 1 "INPUTCLK";
    .port_info 4 /INPUT 1 "OUTPUTCLK";
    .port_info 5 /INPUT 1 "OUTPUTENABLE";
    .port_info 6 /INPUT 1 "DOUT1";
    .port_info 7 /INPUT 1 "DOUT0";
    .port_info 8 /OUTPUT 1 "DIN1";
    .port_info 9 /OUTPUT 1 "DIN0";
P_0x555583342da0 .param/l "NEG_TRIGGER" 0 8 2944, C4<0>;
P_0x555583342de0 .param/l "PIN_TYPE" 0 8 2943, C4<000000>;
L_0x55558344d3f0 .functor BUFZ 1, v0x55558340d3b0_0, C4<0>, C4<0>, C4<0>;
L_0x55558344d4c0 .functor BUFZ 1, v0x55558340d470_0, C4<0>, C4<0>, C4<0>;
o0x7f6939186708 .functor BUFZ 1, c4<z>; HiZ drive
v0x55558340cc00_0 .net "CLOCKENABLE", 0 0, o0x7f6939186708;  0 drivers
v0x55558340ccc0_0 .net "DIN0", 0 0, L_0x55558344d3f0;  1 drivers
v0x55558340cd80_0 .net "DIN1", 0 0, L_0x55558344d4c0;  1 drivers
o0x7f6939186798 .functor BUFZ 1, c4<z>; HiZ drive
v0x55558340ce20_0 .net "DOUT0", 0 0, o0x7f6939186798;  0 drivers
o0x7f69391867c8 .functor BUFZ 1, c4<z>; HiZ drive
v0x55558340cee0_0 .net "DOUT1", 0 0, o0x7f69391867c8;  0 drivers
o0x7f69391867f8 .functor BUFZ 1, c4<z>; HiZ drive
v0x55558340cff0_0 .net "INPUTCLK", 0 0, o0x7f69391867f8;  0 drivers
o0x7f6939186828 .functor BUFZ 1, c4<z>; HiZ drive
v0x55558340d0b0_0 .net "LATCHINPUTVALUE", 0 0, o0x7f6939186828;  0 drivers
o0x7f6939186858 .functor BUFZ 1, c4<z>; HiZ drive
v0x55558340d170_0 .net "OUTPUTCLK", 0 0, o0x7f6939186858;  0 drivers
o0x7f6939186888 .functor BUFZ 1, c4<z>; HiZ drive
v0x55558340d230_0 .net "OUTPUTENABLE", 0 0, o0x7f6939186888;  0 drivers
o0x7f69391868b8 .functor BUFZ 1, c4<z>; HiZ drive
v0x55558340d2f0_0 .net "PACKAGEPIN", 0 0, o0x7f69391868b8;  0 drivers
v0x55558340d3b0_0 .var "din_0", 0 0;
v0x55558340d470_0 .var "din_1", 0 0;
v0x55558340d530_0 .var "din_q_0", 0 0;
v0x55558340d5f0_0 .var "din_q_1", 0 0;
v0x55558340d6b0_0 .var "dout", 0 0;
v0x55558340d770_0 .var "dout_q_0", 0 0;
v0x55558340d830_0 .var "dout_q_1", 0 0;
v0x55558340da00_0 .var "outclk_delayed_1", 0 0;
v0x55558340dac0_0 .var "outclk_delayed_2", 0 0;
v0x55558340db80_0 .var "outena_q", 0 0;
E_0x55558340c6d0 .event anyedge, v0x55558340dac0_0, v0x55558340d770_0, v0x55558340d830_0;
E_0x55558340c750 .event anyedge, v0x55558340da00_0;
E_0x55558340c7b0 .event anyedge, v0x55558340d170_0;
E_0x55558340c810 .event anyedge, v0x55558340d530_0, v0x55558340d5f0_0;
S_0x55558340c8a0 .scope generate, "genblk1" "genblk1" 8 2952, 8 2952 0, S_0x555583360660;
 .timescale -12 -12;
E_0x55558340ca30 .event posedge, v0x55558340d170_0;
E_0x55558340cab0 .event negedge, v0x55558340d170_0;
E_0x55558340cb10 .event negedge, v0x55558340cff0_0;
E_0x55558340cb70 .event posedge, v0x55558340cff0_0;
S_0x55558335fe90 .scope module, "SB_LEDDA_IP" "SB_LEDDA_IP" 8 2830;
 .timescale -12 -12;
    .port_info 0 /INPUT 1 "LEDDCS";
    .port_info 1 /INPUT 1 "LEDDCLK";
    .port_info 2 /INPUT 1 "LEDDDAT7";
    .port_info 3 /INPUT 1 "LEDDDAT6";
    .port_info 4 /INPUT 1 "LEDDDAT5";
    .port_info 5 /INPUT 1 "LEDDDAT4";
    .port_info 6 /INPUT 1 "LEDDDAT3";
    .port_info 7 /INPUT 1 "LEDDDAT2";
    .port_info 8 /INPUT 1 "LEDDDAT1";
    .port_info 9 /INPUT 1 "LEDDDAT0";
    .port_info 10 /INPUT 1 "LEDDADDR3";
    .port_info 11 /INPUT 1 "LEDDADDR2";
    .port_info 12 /INPUT 1 "LEDDADDR1";
    .port_info 13 /INPUT 1 "LEDDADDR0";
    .port_info 14 /INPUT 1 "LEDDDEN";
    .port_info 15 /INPUT 1 "LEDDEXE";
    .port_info 16 /INPUT 1 "LEDDRST";
    .port_info 17 /OUTPUT 1 "PWMOUT0";
    .port_info 18 /OUTPUT 1 "PWMOUT1";
    .port_info 19 /OUTPUT 1 "PWMOUT2";
    .port_info 20 /OUTPUT 1 "LEDDON";
o0x7f6939186ca8 .functor BUFZ 1, c4<z>; HiZ drive
v0x55558340dd80_0 .net "LEDDADDR0", 0 0, o0x7f6939186ca8;  0 drivers
o0x7f6939186cd8 .functor BUFZ 1, c4<z>; HiZ drive
v0x55558340de60_0 .net "LEDDADDR1", 0 0, o0x7f6939186cd8;  0 drivers
o0x7f6939186d08 .functor BUFZ 1, c4<z>; HiZ drive
v0x55558340df20_0 .net "LEDDADDR2", 0 0, o0x7f6939186d08;  0 drivers
o0x7f6939186d38 .functor BUFZ 1, c4<z>; HiZ drive
v0x55558340dfc0_0 .net "LEDDADDR3", 0 0, o0x7f6939186d38;  0 drivers
o0x7f6939186d68 .functor BUFZ 1, c4<z>; HiZ drive
v0x55558340e080_0 .net "LEDDCLK", 0 0, o0x7f6939186d68;  0 drivers
o0x7f6939186d98 .functor BUFZ 1, c4<z>; HiZ drive
v0x55558340e140_0 .net "LEDDCS", 0 0, o0x7f6939186d98;  0 drivers
o0x7f6939186dc8 .functor BUFZ 1, c4<z>; HiZ drive
v0x55558340e200_0 .net "LEDDDAT0", 0 0, o0x7f6939186dc8;  0 drivers
o0x7f6939186df8 .functor BUFZ 1, c4<z>; HiZ drive
v0x55558340e2c0_0 .net "LEDDDAT1", 0 0, o0x7f6939186df8;  0 drivers
o0x7f6939186e28 .functor BUFZ 1, c4<z>; HiZ drive
v0x55558340e380_0 .net "LEDDDAT2", 0 0, o0x7f6939186e28;  0 drivers
o0x7f6939186e58 .functor BUFZ 1, c4<z>; HiZ drive
v0x55558340e440_0 .net "LEDDDAT3", 0 0, o0x7f6939186e58;  0 drivers
o0x7f6939186e88 .functor BUFZ 1, c4<z>; HiZ drive
v0x55558340e500_0 .net "LEDDDAT4", 0 0, o0x7f6939186e88;  0 drivers
o0x7f6939186eb8 .functor BUFZ 1, c4<z>; HiZ drive
v0x55558340e5c0_0 .net "LEDDDAT5", 0 0, o0x7f6939186eb8;  0 drivers
o0x7f6939186ee8 .functor BUFZ 1, c4<z>; HiZ drive
v0x55558340e680_0 .net "LEDDDAT6", 0 0, o0x7f6939186ee8;  0 drivers
o0x7f6939186f18 .functor BUFZ 1, c4<z>; HiZ drive
v0x55558340e740_0 .net "LEDDDAT7", 0 0, o0x7f6939186f18;  0 drivers
o0x7f6939186f48 .functor BUFZ 1, c4<z>; HiZ drive
v0x55558340e800_0 .net "LEDDDEN", 0 0, o0x7f6939186f48;  0 drivers
o0x7f6939186f78 .functor BUFZ 1, c4<z>; HiZ drive
v0x55558340e8c0_0 .net "LEDDEXE", 0 0, o0x7f6939186f78;  0 drivers
o0x7f6939186fa8 .functor BUFZ 1, c4<z>; HiZ drive
v0x55558340e980_0 .net "LEDDON", 0 0, o0x7f6939186fa8;  0 drivers
o0x7f6939186fd8 .functor BUFZ 1, c4<z>; HiZ drive
v0x55558340eb50_0 .net "LEDDRST", 0 0, o0x7f6939186fd8;  0 drivers
o0x7f6939187008 .functor BUFZ 1, c4<z>; HiZ drive
v0x55558340ec10_0 .net "PWMOUT0", 0 0, o0x7f6939187008;  0 drivers
o0x7f6939187038 .functor BUFZ 1, c4<z>; HiZ drive
v0x55558340ecd0_0 .net "PWMOUT1", 0 0, o0x7f6939187038;  0 drivers
o0x7f6939187068 .functor BUFZ 1, c4<z>; HiZ drive
v0x55558340ed90_0 .net "PWMOUT2", 0 0, o0x7f6939187068;  0 drivers
S_0x55558335db40 .scope module, "SB_LED_DRV_CUR" "SB_LED_DRV_CUR" 8 2709;
 .timescale -12 -12;
    .port_info 0 /INPUT 1 "EN";
    .port_info 1 /OUTPUT 1 "LEDPU";
o0x7f6939187488 .functor BUFZ 1, c4<z>; HiZ drive
v0x55558340f1a0_0 .net "EN", 0 0, o0x7f6939187488;  0 drivers
o0x7f69391874b8 .functor BUFZ 1, c4<z>; HiZ drive
v0x55558340f280_0 .net "LEDPU", 0 0, o0x7f69391874b8;  0 drivers
S_0x5555833eec70 .scope module, "SB_LFOSC" "SB_LFOSC" 8 2684;
 .timescale -12 -12;
    .port_info 0 /INPUT 1 "CLKLFPU";
    .port_info 1 /INPUT 1 "CLKLFEN";
    .port_info 2 /OUTPUT 1 "CLKLF";
o0x7f6939187548 .functor BUFZ 1, c4<z>; HiZ drive
v0x55558340f3a0_0 .net "CLKLF", 0 0, o0x7f6939187548;  0 drivers
o0x7f6939187578 .functor BUFZ 1, c4<z>; HiZ drive
v0x55558340f460_0 .net "CLKLFEN", 0 0, o0x7f6939187578;  0 drivers
o0x7f69391875a8 .functor BUFZ 1, c4<z>; HiZ drive
v0x55558340f520_0 .net "CLKLFPU", 0 0, o0x7f69391875a8;  0 drivers
S_0x555583384f60 .scope module, "SB_LUT4" "SB_LUT4" 8 177;
 .timescale -12 -12;
    .port_info 0 /OUTPUT 1 "O";
    .port_info 1 /INPUT 1 "I0";
    .port_info 2 /INPUT 1 "I1";
    .port_info 3 /INPUT 1 "I2";
    .port_info 4 /INPUT 1 "I3";
P_0x5555833dd770 .param/l "LUT_INIT" 0 8 184, C4<0000000000000000>;
o0x7f6939187668 .functor BUFZ 1, c4<z>; HiZ drive
v0x55558340f640_0 .net "I0", 0 0, o0x7f6939187668;  0 drivers
o0x7f6939187698 .functor BUFZ 1, c4<z>; HiZ drive
v0x55558340f700_0 .net "I1", 0 0, o0x7f6939187698;  0 drivers
o0x7f69391876c8 .functor BUFZ 1, c4<z>; HiZ drive
v0x55558340f7c0_0 .net "I2", 0 0, o0x7f69391876c8;  0 drivers
o0x7f69391876f8 .functor BUFZ 1, c4<z>; HiZ drive
v0x55558340f890_0 .net "I3", 0 0, o0x7f69391876f8;  0 drivers
v0x55558340f950_0 .net "O", 0 0, L_0x55558344dfb0;  1 drivers
L_0x7f6939134450 .functor BUFT 1, C4<00000000>, C4<0>, C4<0>, C4<0>;
v0x55558340fa10_0 .net/2u *"_ivl_0", 7 0, L_0x7f6939134450;  1 drivers
v0x55558340faf0_0 .net *"_ivl_13", 1 0, L_0x55558344dac0;  1 drivers
v0x55558340fbd0_0 .net *"_ivl_15", 1 0, L_0x55558344dbb0;  1 drivers
v0x55558340fcb0_0 .net *"_ivl_19", 0 0, L_0x55558344ddd0;  1 drivers
L_0x7f6939134498 .functor BUFT 1, C4<00000000>, C4<0>, C4<0>, C4<0>;
v0x55558340fd90_0 .net/2u *"_ivl_2", 7 0, L_0x7f6939134498;  1 drivers
v0x55558340fe70_0 .net *"_ivl_21", 0 0, L_0x55558344df10;  1 drivers
v0x55558340ff50_0 .net *"_ivl_7", 3 0, L_0x55558344d790;  1 drivers
v0x555583410030_0 .net *"_ivl_9", 3 0, L_0x55558344d880;  1 drivers
v0x555583410110_0 .net "s1", 1 0, L_0x55558344dc90;  1 drivers
v0x5555834101f0_0 .net "s2", 3 0, L_0x55558344d920;  1 drivers
v0x5555834102d0_0 .net "s3", 7 0, L_0x55558344d5f0;  1 drivers
L_0x55558344d5f0 .functor MUXZ 8, L_0x7f6939134498, L_0x7f6939134450, o0x7f69391876f8, C4<>;
L_0x55558344d790 .part L_0x55558344d5f0, 4, 4;
L_0x55558344d880 .part L_0x55558344d5f0, 0, 4;
L_0x55558344d920 .functor MUXZ 4, L_0x55558344d880, L_0x55558344d790, o0x7f69391876c8, C4<>;
L_0x55558344dac0 .part L_0x55558344d920, 2, 2;
L_0x55558344dbb0 .part L_0x55558344d920, 0, 2;
L_0x55558344dc90 .functor MUXZ 2, L_0x55558344dbb0, L_0x55558344dac0, o0x7f6939187698, C4<>;
L_0x55558344ddd0 .part L_0x55558344dc90, 1, 1;
L_0x55558344df10 .part L_0x55558344dc90, 0, 1;
L_0x55558344dfb0 .functor MUXZ 1, L_0x55558344df10, L_0x55558344ddd0, o0x7f6939187668, C4<>;
S_0x55558339bdc0 .scope module, "SB_MAC16" "SB_MAC16" 8 2996;
 .timescale -12 -12;
    .port_info 0 /INPUT 1 "CLK";
    .port_info 1 /INPUT 1 "CE";
    .port_info 2 /INPUT 16 "C";
    .port_info 3 /INPUT 16 "A";
    .port_info 4 /INPUT 16 "B";
    .port_info 5 /INPUT 16 "D";
    .port_info 6 /INPUT 1 "AHOLD";
    .port_info 7 /INPUT 1 "BHOLD";
    .port_info 8 /INPUT 1 "CHOLD";
    .port_info 9 /INPUT 1 "DHOLD";
    .port_info 10 /INPUT 1 "IRSTTOP";
    .port_info 11 /INPUT 1 "IRSTBOT";
    .port_info 12 /INPUT 1 "ORSTTOP";
    .port_info 13 /INPUT 1 "ORSTBOT";
    .port_info 14 /INPUT 1 "OLOADTOP";
    .port_info 15 /INPUT 1 "OLOADBOT";
    .port_info 16 /INPUT 1 "ADDSUBTOP";
    .port_info 17 /INPUT 1 "ADDSUBBOT";
    .port_info 18 /INPUT 1 "OHOLDTOP";
    .port_info 19 /INPUT 1 "OHOLDBOT";
    .port_info 20 /INPUT 1 "CI";
    .port_info 21 /INPUT 1 "ACCUMCI";
    .port_info 22 /INPUT 1 "SIGNEXTIN";
    .port_info 23 /OUTPUT 32 "O";
    .port_info 24 /OUTPUT 1 "CO";
    .port_info 25 /OUTPUT 1 "ACCUMCO";
    .port_info 26 /OUTPUT 1 "SIGNEXTOUT";
P_0x55558322e2b0 .param/l "A_REG" 0 8 3011, C4<0>;
P_0x55558322e2f0 .param/l "A_SIGNED" 0 8 3027, C4<0>;
P_0x55558322e330 .param/l "BOTADDSUB_CARRYSELECT" 0 8 3025, C4<00>;
P_0x55558322e370 .param/l "BOTADDSUB_LOWERINPUT" 0 8 3023, C4<00>;
P_0x55558322e3b0 .param/l "BOTADDSUB_UPPERINPUT" 0 8 3024, C4<0>;
P_0x55558322e3f0 .param/l "BOTOUTPUT_SELECT" 0 8 3022, C4<00>;
P_0x55558322e430 .param/l "BOT_8x8_MULT_REG" 0 8 3015, C4<0>;
P_0x55558322e470 .param/l "B_REG" 0 8 3012, C4<0>;
P_0x55558322e4b0 .param/l "B_SIGNED" 0 8 3028, C4<0>;
P_0x55558322e4f0 .param/l "C_REG" 0 8 3010, C4<0>;
P_0x55558322e530 .param/l "D_REG" 0 8 3013, C4<0>;
P_0x55558322e570 .param/l "MODE_8x8" 0 8 3026, C4<0>;
P_0x55558322e5b0 .param/l "NEG_TRIGGER" 0 8 3009, C4<0>;
P_0x55558322e5f0 .param/l "PIPELINE_16x16_MULT_REG1" 0 8 3016, C4<0>;
P_0x55558322e630 .param/l "PIPELINE_16x16_MULT_REG2" 0 8 3017, C4<0>;
P_0x55558322e670 .param/l "TOPADDSUB_CARRYSELECT" 0 8 3021, C4<00>;
P_0x55558322e6b0 .param/l "TOPADDSUB_LOWERINPUT" 0 8 3019, C4<00>;
P_0x55558322e6f0 .param/l "TOPADDSUB_UPPERINPUT" 0 8 3020, C4<0>;
P_0x55558322e730 .param/l "TOPOUTPUT_SELECT" 0 8 3018, C4<00>;
P_0x55558322e770 .param/l "TOP_8x8_MULT_REG" 0 8 3014, C4<0>;
o0x7f6939187d58 .functor BUFZ 1, c4<z>; HiZ drive
L_0x7f69391344e0 .functor BUFT 1, C4<0>, C4<0>, C4<0>, C4<0>;
L_0x55558344e130 .functor XOR 1, o0x7f6939187d58, L_0x7f69391344e0, C4<0>, C4<0>;
o0x7f6939187c98 .functor BUFZ 16, c4<zzzzzzzzzzzzzzzz>; HiZ drive
L_0x55558344e220 .functor BUFZ 16, o0x7f6939187c98, C4<0000000000000000>, C4<0000000000000000>, C4<0000000000000000>;
o0x7f6939187a58 .functor BUFZ 16, c4<zzzzzzzzzzzzzzzz>; HiZ drive
L_0x55558344e2c0 .functor BUFZ 16, o0x7f6939187a58, C4<0000000000000000>, C4<0000000000000000>, C4<0000000000000000>;
o0x7f6939187bd8 .functor BUFZ 16, c4<zzzzzzzzzzzzzzzz>; HiZ drive
L_0x55558344e390 .functor BUFZ 16, o0x7f6939187bd8, C4<0000000000000000>, C4<0000000000000000>, C4<0000000000000000>;
o0x7f6939187db8 .functor BUFZ 16, c4<zzzzzzzzzzzzzzzz>; HiZ drive
L_0x55558344e490 .functor BUFZ 16, o0x7f6939187db8, C4<0000000000000000>, C4<0000000000000000>, C4<0000000000000000>;
L_0x55558344f340 .functor BUFZ 16, L_0x55558344eed0, C4<0000000000000000>, C4<0000000000000000>, C4<0000000000000000>;
L_0x55558344f910 .functor BUFZ 16, L_0x55558344f250, C4<0000000000000000>, C4<0000000000000000>, C4<0000000000000000>;
L_0x55558344f9d0 .functor BUFZ 16, L_0x55558344f660, C4<0000000000000000>, C4<0000000000000000>, C4<0000000000000000>;
L_0x55558344fae0 .functor BUFZ 16, L_0x55558344f750, C4<0000000000000000>, C4<0000000000000000>, C4<0000000000000000>;
L_0x5555834504e0 .functor BUFZ 32, L_0x5555834511b0, C4<00000000000000000000000000000000>, C4<00000000000000000000000000000000>, C4<00000000000000000000000000000000>;
L_0x5555834513a0 .functor BUFZ 16, v0x5555834183c0_0, C4<0000000000000000>, C4<0000000000000000>, C4<0000000000000000>;
L_0x555583451410 .functor BUFZ 16, L_0x55558344e2c0, C4<0000000000000000>, C4<0000000000000000>, C4<0000000000000000>;
L_0x555583451e00 .functor XOR 17, L_0x555583451950, L_0x555583451c90, C4<00000000000000000>, C4<00000000000000000>;
o0x7f6939187b18 .functor BUFZ 1, c4<z>; HiZ drive
L_0x555583451fb0 .functor XOR 1, L_0x5555834514f0, o0x7f6939187b18, C4<0>, C4<0>;
L_0x555583451480 .functor XOR 16, L_0x5555834516a0, L_0x555583452320, C4<0000000000000000>, C4<0000000000000000>;
L_0x555583452840 .functor BUFZ 16, L_0x5555834525b0, C4<0000000000000000>, C4<0000000000000000>, C4<0000000000000000>;
L_0x555583452b00 .functor BUFZ 16, v0x5555834184a0_0, C4<0000000000000000>, C4<0000000000000000>, C4<0000000000000000>;
L_0x555583452c10 .functor BUFZ 16, L_0x55558344e390, C4<0000000000000000>, C4<0000000000000000>, C4<0000000000000000>;
L_0x5555834537c0 .functor XOR 17, L_0x555583453130, L_0x5555834534c0, C4<00000000000000000>, C4<00000000000000000>;
L_0x555583453980 .functor XOR 16, L_0x555583452d80, L_0x555583453d20, C4<0000000000000000>, C4<0000000000000000>;
L_0x555583454320 .functor BUFZ 16, L_0x555583453eb0, C4<0000000000000000>, C4<0000000000000000>, C4<0000000000000000>;
v0x555583410620_0 .net "A", 15 0, o0x7f6939187a58;  0 drivers
o0x7f6939187a88 .functor BUFZ 1, c4<z>; HiZ drive
v0x555583410700_0 .net "ACCUMCI", 0 0, o0x7f6939187a88;  0 drivers
v0x5555834107c0_0 .net "ACCUMCO", 0 0, L_0x5555834514f0;  1 drivers
o0x7f6939187ae8 .functor BUFZ 1, c4<z>; HiZ drive
v0x555583410860_0 .net "ADDSUBBOT", 0 0, o0x7f6939187ae8;  0 drivers
v0x555583410920_0 .net "ADDSUBTOP", 0 0, o0x7f6939187b18;  0 drivers
o0x7f6939187b48 .functor BUFZ 1, c4<z>; HiZ drive
v0x5555834109e0_0 .net "AHOLD", 0 0, o0x7f6939187b48;  0 drivers
v0x555583410aa0_0 .net "Ah", 15 0, L_0x55558344e6b0;  1 drivers
v0x555583410b80_0 .net "Al", 15 0, L_0x55558344e890;  1 drivers
v0x555583410c60_0 .net "B", 15 0, o0x7f6939187bd8;  0 drivers
o0x7f6939187c08 .functor BUFZ 1, c4<z>; HiZ drive
v0x555583410dd0_0 .net "BHOLD", 0 0, o0x7f6939187c08;  0 drivers
v0x555583410e90_0 .net "Bh", 15 0, L_0x55558344eb20;  1 drivers
v0x555583410f70_0 .net "Bl", 15 0, L_0x55558344ed40;  1 drivers
v0x555583411050_0 .net "C", 15 0, o0x7f6939187c98;  0 drivers
o0x7f6939187cc8 .functor BUFZ 1, c4<z>; HiZ drive
v0x555583411130_0 .net "CE", 0 0, o0x7f6939187cc8;  0 drivers
o0x7f6939187cf8 .functor BUFZ 1, c4<z>; HiZ drive
v0x5555834111f0_0 .net "CHOLD", 0 0, o0x7f6939187cf8;  0 drivers
o0x7f6939187d28 .functor BUFZ 1, c4<z>; HiZ drive
v0x5555834112b0_0 .net "CI", 0 0, o0x7f6939187d28;  0 drivers
v0x555583411370_0 .net "CLK", 0 0, o0x7f6939187d58;  0 drivers
v0x555583411540_0 .net "CO", 0 0, L_0x555583451fb0;  1 drivers
v0x555583411600_0 .net "D", 15 0, o0x7f6939187db8;  0 drivers
o0x7f6939187de8 .functor BUFZ 1, c4<z>; HiZ drive
v0x5555834116e0_0 .net "DHOLD", 0 0, o0x7f6939187de8;  0 drivers
L_0x7f6939134a38 .functor BUFT 1, C4<0>, C4<0>, C4<0>, C4<0>;
v0x5555834117a0_0 .net "HCI", 0 0, L_0x7f6939134a38;  1 drivers
o0x7f6939187e48 .functor BUFZ 1, c4<z>; HiZ drive
v0x555583411860_0 .net "IRSTBOT", 0 0, o0x7f6939187e48;  0 drivers
o0x7f6939187e78 .functor BUFZ 1, c4<z>; HiZ drive
v0x555583411920_0 .net "IRSTTOP", 0 0, o0x7f6939187e78;  0 drivers
L_0x7f6939134b58 .functor BUFT 1, C4<0>, C4<0>, C4<0>, C4<0>;
v0x5555834119e0_0 .net "LCI", 0 0, L_0x7f6939134b58;  1 drivers
v0x555583411aa0_0 .net "LCO", 0 0, L_0x555583452c80;  1 drivers
v0x555583411b60_0 .net "O", 31 0, L_0x5555834543e0;  1 drivers
o0x7f6939187f38 .functor BUFZ 1, c4<z>; HiZ drive
v0x555583411c40_0 .net "OHOLDBOT", 0 0, o0x7f6939187f38;  0 drivers
o0x7f6939187f68 .functor BUFZ 1, c4<z>; HiZ drive
v0x555583411d00_0 .net "OHOLDTOP", 0 0, o0x7f6939187f68;  0 drivers
o0x7f6939187f98 .functor BUFZ 1, c4<z>; HiZ drive
v0x555583411dc0_0 .net "OLOADBOT", 0 0, o0x7f6939187f98;  0 drivers
o0x7f6939187fc8 .functor BUFZ 1, c4<z>; HiZ drive
v0x555583411e80_0 .net "OLOADTOP", 0 0, o0x7f6939187fc8;  0 drivers
o0x7f6939187ff8 .functor BUFZ 1, c4<z>; HiZ drive
v0x555583411f40_0 .net "ORSTBOT", 0 0, o0x7f6939187ff8;  0 drivers
o0x7f6939188028 .functor BUFZ 1, c4<z>; HiZ drive
v0x555583412000_0 .net "ORSTTOP", 0 0, o0x7f6939188028;  0 drivers
v0x5555834120c0_0 .net "Oh", 15 0, L_0x555583452840;  1 drivers
v0x5555834123b0_0 .net "Ol", 15 0, L_0x555583454320;  1 drivers
o0x7f69391880b8 .functor BUFZ 1, c4<z>; HiZ drive
v0x555583412490_0 .net "SIGNEXTIN", 0 0, o0x7f69391880b8;  0 drivers
v0x555583412550_0 .net "SIGNEXTOUT", 0 0, L_0x555583452900;  1 drivers
v0x555583412610_0 .net "XW", 15 0, L_0x5555834516a0;  1 drivers
v0x5555834126f0_0 .net "YZ", 15 0, L_0x555583452d80;  1 drivers
v0x5555834127d0_0 .net/2u *"_ivl_0", 0 0, L_0x7f69391344e0;  1 drivers
v0x5555834128b0_0 .net *"_ivl_100", 31 0, L_0x555583450c50;  1 drivers
L_0x7f69391348d0 .functor BUFT 1, C4<0000000000000000>, C4<0>, C4<0>, C4<0>;
v0x555583412990_0 .net *"_ivl_103", 15 0, L_0x7f69391348d0;  1 drivers
v0x555583412a70_0 .net *"_ivl_104", 31 0, L_0x555583450f70;  1 drivers
v0x555583412b50_0 .net *"_ivl_106", 15 0, L_0x555583450e80;  1 drivers
L_0x7f6939134918 .functor BUFT 1, C4<0000000000000000>, C4<0>, C4<0>, C4<0>;
v0x555583412c30_0 .net *"_ivl_108", 15 0, L_0x7f6939134918;  1 drivers
L_0x7f6939134528 .functor BUFT 1, C4<00000000>, C4<0>, C4<0>, C4<0>;
v0x555583412d10_0 .net/2u *"_ivl_12", 7 0, L_0x7f6939134528;  1 drivers
v0x555583412df0_0 .net *"_ivl_121", 16 0, L_0x555583451740;  1 drivers
L_0x7f6939134960 .functor BUFT 1, C4<0>, C4<0>, C4<0>, C4<0>;
v0x555583412ed0_0 .net *"_ivl_124", 0 0, L_0x7f6939134960;  1 drivers
v0x555583412fb0_0 .net *"_ivl_125", 16 0, L_0x555583451950;  1 drivers
L_0x7f69391349a8 .functor BUFT 1, C4<0>, C4<0>, C4<0>, C4<0>;
v0x555583413090_0 .net *"_ivl_128", 0 0, L_0x7f69391349a8;  1 drivers
v0x555583413170_0 .net *"_ivl_130", 15 0, L_0x555583451a90;  1 drivers
v0x555583413250_0 .net *"_ivl_131", 16 0, L_0x555583451c90;  1 drivers
L_0x7f69391349f0 .functor BUFT 1, C4<0>, C4<0>, C4<0>, C4<0>;
v0x555583413330_0 .net *"_ivl_134", 0 0, L_0x7f69391349f0;  1 drivers
v0x555583413410_0 .net *"_ivl_135", 16 0, L_0x555583451e00;  1 drivers
v0x5555834134f0_0 .net *"_ivl_137", 16 0, L_0x555583451f10;  1 drivers
L_0x7f6939134d08 .functor BUFT 1, C4<00000000000000000>, C4<0>, C4<0>, C4<0>;
v0x5555834135d0_0 .net *"_ivl_139", 16 0, L_0x7f6939134d08;  1 drivers
v0x5555834136b0_0 .net *"_ivl_143", 16 0, L_0x555583451b60;  1 drivers
v0x555583413790_0 .net *"_ivl_148", 15 0, L_0x555583452320;  1 drivers
v0x555583413870_0 .net *"_ivl_149", 15 0, L_0x555583451480;  1 drivers
v0x555583413950_0 .net *"_ivl_15", 7 0, L_0x55558344e590;  1 drivers
v0x555583413a30_0 .net *"_ivl_168", 16 0, L_0x555583452fc0;  1 drivers
L_0x7f6939134a80 .functor BUFT 1, C4<0>, C4<0>, C4<0>, C4<0>;
v0x555583413b10_0 .net *"_ivl_171", 0 0, L_0x7f6939134a80;  1 drivers
v0x555583413bf0_0 .net *"_ivl_172", 16 0, L_0x555583453130;  1 drivers
L_0x7f6939134ac8 .functor BUFT 1, C4<0>, C4<0>, C4<0>, C4<0>;
v0x555583413cd0_0 .net *"_ivl_175", 0 0, L_0x7f6939134ac8;  1 drivers
v0x555583413db0_0 .net *"_ivl_177", 15 0, L_0x5555834533f0;  1 drivers
v0x555583413e90_0 .net *"_ivl_178", 16 0, L_0x5555834534c0;  1 drivers
L_0x7f6939134570 .functor BUFT 1, C4<00000000>, C4<0>, C4<0>, C4<0>;
v0x555583413f70_0 .net/2u *"_ivl_18", 7 0, L_0x7f6939134570;  1 drivers
L_0x7f6939134b10 .functor BUFT 1, C4<0>, C4<0>, C4<0>, C4<0>;
v0x555583414050_0 .net *"_ivl_181", 0 0, L_0x7f6939134b10;  1 drivers
v0x555583414130_0 .net *"_ivl_182", 16 0, L_0x5555834537c0;  1 drivers
v0x555583414210_0 .net *"_ivl_184", 16 0, L_0x555583452b70;  1 drivers
L_0x7f6939134d50 .functor BUFT 1, C4<00000000000000000>, C4<0>, C4<0>, C4<0>;
v0x5555834142f0_0 .net *"_ivl_186", 16 0, L_0x7f6939134d50;  1 drivers
v0x5555834143d0_0 .net *"_ivl_190", 16 0, L_0x555583453a90;  1 drivers
v0x5555834144b0_0 .net *"_ivl_193", 15 0, L_0x555583453d20;  1 drivers
v0x555583414590_0 .net *"_ivl_194", 15 0, L_0x555583453980;  1 drivers
v0x555583414670_0 .net *"_ivl_21", 7 0, L_0x55558344e7f0;  1 drivers
L_0x7f69391345b8 .functor BUFT 1, C4<00000000>, C4<0>, C4<0>, C4<0>;
v0x555583414750_0 .net/2u *"_ivl_24", 7 0, L_0x7f69391345b8;  1 drivers
v0x555583414830_0 .net *"_ivl_27", 7 0, L_0x55558344ea30;  1 drivers
L_0x7f6939134600 .functor BUFT 1, C4<00000000>, C4<0>, C4<0>, C4<0>;
v0x555583414910_0 .net/2u *"_ivl_30", 7 0, L_0x7f6939134600;  1 drivers
v0x5555834149f0_0 .net *"_ivl_33", 7 0, L_0x55558344eca0;  1 drivers
L_0x7f6939134648 .functor BUFT 1, C4<00000000>, C4<0>, C4<0>, C4<0>;
v0x555583414ad0_0 .net/2u *"_ivl_38", 7 0, L_0x7f6939134648;  1 drivers
v0x555583414bb0_0 .net *"_ivl_41", 7 0, L_0x55558344f010;  1 drivers
v0x555583414c90_0 .net *"_ivl_42", 15 0, L_0x55558344f160;  1 drivers
L_0x7f6939134690 .functor BUFT 1, C4<00000000>, C4<0>, C4<0>, C4<0>;
v0x555583414d70_0 .net/2u *"_ivl_46", 7 0, L_0x7f6939134690;  1 drivers
v0x555583414e50_0 .net *"_ivl_49", 7 0, L_0x55558344f3b0;  1 drivers
v0x555583414f30_0 .net *"_ivl_50", 15 0, L_0x55558344f4a0;  1 drivers
L_0x7f69391346d8 .functor BUFT 1, C4<00000000>, C4<0>, C4<0>, C4<0>;
v0x555583415010_0 .net/2u *"_ivl_64", 7 0, L_0x7f69391346d8;  1 drivers
L_0x7f6939134720 .functor BUFT 1, C4<00000000>, C4<0>, C4<0>, C4<0>;
v0x5555834150f0_0 .net/2u *"_ivl_68", 7 0, L_0x7f6939134720;  1 drivers
v0x5555834151d0_0 .net *"_ivl_72", 31 0, L_0x55558344fec0;  1 drivers
L_0x7f6939134768 .functor BUFT 1, C4<0000000000000000>, C4<0>, C4<0>, C4<0>;
v0x5555834152b0_0 .net *"_ivl_75", 15 0, L_0x7f6939134768;  1 drivers
v0x555583415390_0 .net *"_ivl_76", 31 0, L_0x555583450000;  1 drivers
L_0x7f69391347b0 .functor BUFT 1, C4<00000000>, C4<0>, C4<0>, C4<0>;
v0x555583415470_0 .net *"_ivl_79", 7 0, L_0x7f69391347b0;  1 drivers
v0x555583415550_0 .net *"_ivl_80", 31 0, L_0x555583450240;  1 drivers
v0x555583415630_0 .net *"_ivl_82", 23 0, L_0x55558344fe20;  1 drivers
L_0x7f69391347f8 .functor BUFT 1, C4<00000000>, C4<0>, C4<0>, C4<0>;
v0x555583415710_0 .net *"_ivl_84", 7 0, L_0x7f69391347f8;  1 drivers
v0x5555834157f0_0 .net *"_ivl_86", 31 0, L_0x555583450440;  1 drivers
v0x5555834158d0_0 .net *"_ivl_88", 31 0, L_0x5555834505f0;  1 drivers
L_0x7f6939134840 .functor BUFT 1, C4<00000000>, C4<0>, C4<0>, C4<0>;
v0x5555834159b0_0 .net *"_ivl_91", 7 0, L_0x7f6939134840;  1 drivers
v0x555583415a90_0 .net *"_ivl_92", 31 0, L_0x5555834508f0;  1 drivers
v0x555583415b70_0 .net *"_ivl_94", 23 0, L_0x555583450800;  1 drivers
L_0x7f6939134888 .functor BUFT 1, C4<00000000>, C4<0>, C4<0>, C4<0>;
v0x555583415c50_0 .net *"_ivl_96", 7 0, L_0x7f6939134888;  1 drivers
v0x555583415d30_0 .net *"_ivl_98", 31 0, L_0x555583450b10;  1 drivers
v0x555583415e10_0 .net "clock", 0 0, L_0x55558344e130;  1 drivers
v0x555583415ed0_0 .net "iA", 15 0, L_0x55558344e2c0;  1 drivers
v0x555583415fb0_0 .net "iB", 15 0, L_0x55558344e390;  1 drivers
v0x555583416090_0 .net "iC", 15 0, L_0x55558344e220;  1 drivers
v0x555583416170_0 .net "iD", 15 0, L_0x55558344e490;  1 drivers
v0x555583416250_0 .net "iF", 15 0, L_0x55558344f340;  1 drivers
v0x555583416330_0 .net "iG", 15 0, L_0x55558344fae0;  1 drivers
v0x555583416410_0 .net "iH", 31 0, L_0x5555834504e0;  1 drivers
v0x5555834164f0_0 .net "iJ", 15 0, L_0x55558344f910;  1 drivers
v0x5555834165d0_0 .net "iJ_e", 23 0, L_0x55558344fce0;  1 drivers
v0x5555834166b0_0 .net "iK", 15 0, L_0x55558344f9d0;  1 drivers
v0x555583416790_0 .net "iK_e", 23 0, L_0x55558344fba0;  1 drivers
v0x555583416870_0 .net "iL", 31 0, L_0x5555834511b0;  1 drivers
v0x555583416950_0 .net "iP", 15 0, L_0x5555834525b0;  1 drivers
v0x555583416a30_0 .net "iQ", 15 0, v0x5555834183c0_0;  1 drivers
v0x555583416b10_0 .net "iR", 15 0, L_0x555583453eb0;  1 drivers
v0x555583416bf0_0 .net "iS", 15 0, v0x5555834184a0_0;  1 drivers
v0x555583416cd0_0 .net "iW", 15 0, L_0x5555834513a0;  1 drivers
v0x555583416db0_0 .net "iX", 15 0, L_0x555583451410;  1 drivers
v0x555583416e90_0 .net "iY", 15 0, L_0x555583452b00;  1 drivers
v0x555583416f70_0 .net "iZ", 15 0, L_0x555583452c10;  1 drivers
v0x555583417050_0 .net "p_Ah_Bh", 15 0, L_0x55558344eed0;  1 drivers
v0x555583417130_0 .net "p_Ah_Bl", 15 0, L_0x55558344f660;  1 drivers
v0x555583417210_0 .net "p_Al_Bh", 15 0, L_0x55558344f250;  1 drivers
v0x5555834172f0_0 .net "p_Al_Bl", 15 0, L_0x55558344f750;  1 drivers
v0x5555834173d0_0 .var "rA", 15 0;
v0x5555834174b0_0 .var "rB", 15 0;
v0x555583417590_0 .var "rC", 15 0;
v0x555583417670_0 .var "rD", 15 0;
v0x555583417f60_0 .var "rF", 15 0;
v0x555583418040_0 .var "rG", 15 0;
v0x555583418120_0 .var "rH", 31 0;
v0x555583418200_0 .var "rJ", 15 0;
v0x5555834182e0_0 .var "rK", 15 0;
v0x5555834183c0_0 .var "rQ", 15 0;
v0x5555834184a0_0 .var "rS", 15 0;
E_0x555583410450 .event posedge, v0x555583411f40_0, v0x555583415e10_0;
E_0x5555834104d0 .event posedge, v0x555583412000_0, v0x555583415e10_0;
E_0x555583410530 .event posedge, v0x555583411860_0, v0x555583415e10_0;
E_0x555583410590 .event posedge, v0x555583411920_0, v0x555583415e10_0;
L_0x55558344e590 .part L_0x55558344e2c0, 8, 8;
L_0x55558344e6b0 .concat [ 8 8 0 0], L_0x55558344e590, L_0x7f6939134528;
L_0x55558344e7f0 .part L_0x55558344e2c0, 0, 8;
L_0x55558344e890 .concat [ 8 8 0 0], L_0x55558344e7f0, L_0x7f6939134570;
L_0x55558344ea30 .part L_0x55558344e390, 8, 8;
L_0x55558344eb20 .concat [ 8 8 0 0], L_0x55558344ea30, L_0x7f69391345b8;
L_0x55558344eca0 .part L_0x55558344e390, 0, 8;
L_0x55558344ed40 .concat [ 8 8 0 0], L_0x55558344eca0, L_0x7f6939134600;
L_0x55558344eed0 .arith/mult 16, L_0x55558344e6b0, L_0x55558344eb20;
L_0x55558344f010 .part L_0x55558344e890, 0, 8;
L_0x55558344f160 .concat [ 8 8 0 0], L_0x55558344f010, L_0x7f6939134648;
L_0x55558344f250 .arith/mult 16, L_0x55558344f160, L_0x55558344eb20;
L_0x55558344f3b0 .part L_0x55558344ed40, 0, 8;
L_0x55558344f4a0 .concat [ 8 8 0 0], L_0x55558344f3b0, L_0x7f6939134690;
L_0x55558344f660 .arith/mult 16, L_0x55558344e6b0, L_0x55558344f4a0;
L_0x55558344f750 .arith/mult 16, L_0x55558344e890, L_0x55558344ed40;
L_0x55558344fba0 .concat [ 16 8 0 0], L_0x55558344f9d0, L_0x7f69391346d8;
L_0x55558344fce0 .concat [ 16 8 0 0], L_0x55558344f910, L_0x7f6939134720;
L_0x55558344fec0 .concat [ 16 16 0 0], L_0x55558344fae0, L_0x7f6939134768;
L_0x555583450000 .concat [ 24 8 0 0], L_0x55558344fba0, L_0x7f69391347b0;
L_0x55558344fe20 .part L_0x555583450000, 0, 24;
L_0x555583450240 .concat [ 8 24 0 0], L_0x7f69391347f8, L_0x55558344fe20;
L_0x555583450440 .arith/sum 32, L_0x55558344fec0, L_0x555583450240;
L_0x5555834505f0 .concat [ 24 8 0 0], L_0x55558344fce0, L_0x7f6939134840;
L_0x555583450800 .part L_0x5555834505f0, 0, 24;
L_0x5555834508f0 .concat [ 8 24 0 0], L_0x7f6939134888, L_0x555583450800;
L_0x555583450b10 .arith/sum 32, L_0x555583450440, L_0x5555834508f0;
L_0x555583450c50 .concat [ 16 16 0 0], L_0x55558344f340, L_0x7f69391348d0;
L_0x555583450e80 .part L_0x555583450c50, 0, 16;
L_0x555583450f70 .concat [ 16 16 0 0], L_0x7f6939134918, L_0x555583450e80;
L_0x5555834511b0 .arith/sum 32, L_0x555583450b10, L_0x555583450f70;
L_0x5555834514f0 .part L_0x555583451b60, 16, 1;
L_0x5555834516a0 .part L_0x555583451b60, 0, 16;
L_0x555583451740 .concat [ 16 1 0 0], L_0x555583451410, L_0x7f6939134960;
L_0x555583451950 .concat [ 16 1 0 0], L_0x5555834513a0, L_0x7f69391349a8;
L_0x555583451a90 .repeat 16, 16, o0x7f6939187b18;
L_0x555583451c90 .concat [ 16 1 0 0], L_0x555583451a90, L_0x7f69391349f0;
L_0x555583451f10 .arith/sum 17, L_0x555583451740, L_0x555583451e00;
L_0x555583451b60 .arith/sum 17, L_0x555583451f10, L_0x7f6939134d08;
L_0x555583452320 .repeat 16, 16, o0x7f6939187b18;
L_0x5555834525b0 .functor MUXZ 16, L_0x555583451480, L_0x55558344e220, o0x7f6939187fc8, C4<>;
L_0x555583452900 .part L_0x555583451410, 15, 1;
L_0x555583452c80 .part L_0x555583453a90, 16, 1;
L_0x555583452d80 .part L_0x555583453a90, 0, 16;
L_0x555583452fc0 .concat [ 16 1 0 0], L_0x555583452c10, L_0x7f6939134a80;
L_0x555583453130 .concat [ 16 1 0 0], L_0x555583452b00, L_0x7f6939134ac8;
L_0x5555834533f0 .repeat 16, 16, o0x7f6939187ae8;
L_0x5555834534c0 .concat [ 16 1 0 0], L_0x5555834533f0, L_0x7f6939134b10;
L_0x555583452b70 .arith/sum 17, L_0x555583452fc0, L_0x5555834537c0;
L_0x555583453a90 .arith/sum 17, L_0x555583452b70, L_0x7f6939134d50;
L_0x555583453d20 .repeat 16, 16, o0x7f6939187ae8;
L_0x555583453eb0 .functor MUXZ 16, L_0x555583453980, L_0x55558344e490, o0x7f6939187f98, C4<>;
L_0x5555834543e0 .concat [ 16 16 0 0], L_0x555583454320, L_0x555583452840;
S_0x5555833b3d50 .scope module, "SB_PLL40_2F_CORE" "SB_PLL40_2F_CORE" 8 2521;
 .timescale -12 -12;
    .port_info 0 /INPUT 1 "REFERENCECLK";
    .port_info 1 /OUTPUT 1 "PLLOUTCOREA";
    .port_info 2 /OUTPUT 1 "PLLOUTGLOBALA";
    .port_info 3 /OUTPUT 1 "PLLOUTCOREB";
    .port_info 4 /OUTPUT 1 "PLLOUTGLOBALB";
    .port_info 5 /INPUT 1 "EXTFEEDBACK";
    .port_info 6 /INPUT 8 "DYNAMICDELAY";
    .port_info 7 /OUTPUT 1 "LOCK";
    .port_info 8 /INPUT 1 "BYPASS";
    .port_info 9 /INPUT 1 "RESETB";
    .port_info 10 /INPUT 1 "LATCHINPUTVALUE";
    .port_info 11 /OUTPUT 1 "SDO";
    .port_info 12 /INPUT 1 "SDI";
    .port_info 13 /INPUT 1 "SCLK";
P_0x555583291010 .param/str "DELAY_ADJUSTMENT_MODE_FEEDBACK" 0 8 2538, "FIXED";
P_0x555583291050 .param/str "DELAY_ADJUSTMENT_MODE_RELATIVE" 0 8 2539, "FIXED";
P_0x555583291090 .param/l "DIVF" 0 8 2546, C4<0000000>;
P_0x5555832910d0 .param/l "DIVQ" 0 8 2547, C4<000>;
P_0x555583291110 .param/l "DIVR" 0 8 2545, C4<0000>;
P_0x555583291150 .param/l "ENABLE_ICEGATE_PORTA" 0 8 2549, C4<0>;
P_0x555583291190 .param/l "ENABLE_ICEGATE_PORTB" 0 8 2550, C4<0>;
P_0x5555832911d0 .param/l "EXTERNAL_DIVIDE_FACTOR" 0 8 2552, +C4<00000000000000000000000000000001>;
P_0x555583291210 .param/l "FDA_FEEDBACK" 0 8 2541, C4<0000>;
P_0x555583291250 .param/l "FDA_RELATIVE" 0 8 2542, C4<0000>;
P_0x555583291290 .param/str "FEEDBACK_PATH" 0 8 2537, "SIMPLE";
P_0x5555832912d0 .param/l "FILTER_RANGE" 0 8 2548, C4<000>;
P_0x555583291310 .param/str "PLLOUT_SELECT_PORTA" 0 8 2543, "GENCLK";
P_0x555583291350 .param/str "PLLOUT_SELECT_PORTB" 0 8 2544, "GENCLK";
P_0x555583291390 .param/l "SHIFTREG_DIV_MODE" 0 8 2540, C4<0>;
P_0x5555832913d0 .param/l "TEST_MODE" 0 8 2551, C4<0>;
o0x7f69391898e8 .functor BUFZ 1, c4<z>; HiZ drive
v0x5555834189c0_0 .net "BYPASS", 0 0, o0x7f69391898e8;  0 drivers
o0x7f6939189918 .functor BUFZ 8, c4<zzzzzzzz>; HiZ drive
v0x555583418aa0_0 .net "DYNAMICDELAY", 7 0, o0x7f6939189918;  0 drivers
o0x7f6939189948 .functor BUFZ 1, c4<z>; HiZ drive
v0x555583418b80_0 .net "EXTFEEDBACK", 0 0, o0x7f6939189948;  0 drivers
o0x7f6939189978 .functor BUFZ 1, c4<z>; HiZ drive
v0x555583418c20_0 .net "LATCHINPUTVALUE", 0 0, o0x7f6939189978;  0 drivers
o0x7f69391899a8 .functor BUFZ 1, c4<z>; HiZ drive
v0x555583418ce0_0 .net "LOCK", 0 0, o0x7f69391899a8;  0 drivers
o0x7f69391899d8 .functor BUFZ 1, c4<z>; HiZ drive
v0x555583418da0_0 .net "PLLOUTCOREA", 0 0, o0x7f69391899d8;  0 drivers
o0x7f6939189a08 .functor BUFZ 1, c4<z>; HiZ drive
v0x555583418e60_0 .net "PLLOUTCOREB", 0 0, o0x7f6939189a08;  0 drivers
o0x7f6939189a38 .functor BUFZ 1, c4<z>; HiZ drive
v0x555583418f20_0 .net "PLLOUTGLOBALA", 0 0, o0x7f6939189a38;  0 drivers
o0x7f6939189a68 .functor BUFZ 1, c4<z>; HiZ drive
v0x555583418fe0_0 .net "PLLOUTGLOBALB", 0 0, o0x7f6939189a68;  0 drivers
o0x7f6939189a98 .functor BUFZ 1, c4<z>; HiZ drive
v0x5555834190a0_0 .net "REFERENCECLK", 0 0, o0x7f6939189a98;  0 drivers
o0x7f6939189ac8 .functor BUFZ 1, c4<z>; HiZ drive
v0x555583419160_0 .net "RESETB", 0 0, o0x7f6939189ac8;  0 drivers
o0x7f6939189af8 .functor BUFZ 1, c4<z>; HiZ drive
v0x555583419220_0 .net "SCLK", 0 0, o0x7f6939189af8;  0 drivers
o0x7f6939189b28 .functor BUFZ 1, c4<z>; HiZ drive
v0x5555834192e0_0 .net "SDI", 0 0, o0x7f6939189b28;  0 drivers
o0x7f6939189b58 .functor BUFZ 1, c4<z>; HiZ drive
v0x5555834193a0_0 .net "SDO", 0 0, o0x7f6939189b58;  0 drivers
S_0x5555833afa20 .scope module, "SB_PLL40_2F_PAD" "SB_PLL40_2F_PAD" 8 2556;
 .timescale -12 -12;
    .port_info 0 /INPUT 1 "PACKAGEPIN";
    .port_info 1 /OUTPUT 1 "PLLOUTCOREA";
    .port_info 2 /OUTPUT 1 "PLLOUTGLOBALA";
    .port_info 3 /OUTPUT 1 "PLLOUTCOREB";
    .port_info 4 /OUTPUT 1 "PLLOUTGLOBALB";
    .port_info 5 /INPUT 1 "EXTFEEDBACK";
    .port_info 6 /INPUT 8 "DYNAMICDELAY";
    .port_info 7 /OUTPUT 1 "LOCK";
    .port_info 8 /INPUT 1 "BYPASS";
    .port_info 9 /INPUT 1 "RESETB";
    .port_info 10 /INPUT 1 "LATCHINPUTVALUE";
    .port_info 11 /OUTPUT 1 "SDO";
    .port_info 12 /INPUT 1 "SDI";
    .port_info 13 /INPUT 1 "SCLK";
P_0x5555831ef600 .param/str "DELAY_ADJUSTMENT_MODE_FEEDBACK" 0 8 2573, "FIXED";
P_0x5555831ef640 .param/str "DELAY_ADJUSTMENT_MODE_RELATIVE" 0 8 2574, "FIXED";
P_0x5555831ef680 .param/l "DIVF" 0 8 2581, C4<0000000>;
P_0x5555831ef6c0 .param/l "DIVQ" 0 8 2582, C4<000>;
P_0x5555831ef700 .param/l "DIVR" 0 8 2580, C4<0000>;
P_0x5555831ef740 .param/l "ENABLE_ICEGATE_PORTA" 0 8 2584, C4<0>;
P_0x5555831ef780 .param/l "ENABLE_ICEGATE_PORTB" 0 8 2585, C4<0>;
P_0x5555831ef7c0 .param/l "EXTERNAL_DIVIDE_FACTOR" 0 8 2587, +C4<00000000000000000000000000000001>;
P_0x5555831ef800 .param/l "FDA_FEEDBACK" 0 8 2576, C4<0000>;
P_0x5555831ef840 .param/l "FDA_RELATIVE" 0 8 2577, C4<0000>;
P_0x5555831ef880 .param/str "FEEDBACK_PATH" 0 8 2572, "SIMPLE";
P_0x5555831ef8c0 .param/l "FILTER_RANGE" 0 8 2583, C4<000>;
P_0x5555831ef900 .param/str "PLLOUT_SELECT_PORTA" 0 8 2578, "GENCLK";
P_0x5555831ef940 .param/str "PLLOUT_SELECT_PORTB" 0 8 2579, "GENCLK";
P_0x5555831ef980 .param/l "SHIFTREG_DIV_MODE" 0 8 2575, C4<00>;
P_0x5555831ef9c0 .param/l "TEST_MODE" 0 8 2586, C4<0>;
o0x7f6939189e28 .functor BUFZ 1, c4<z>; HiZ drive
v0x5555834196a0_0 .net "BYPASS", 0 0, o0x7f6939189e28;  0 drivers
o0x7f6939189e58 .functor BUFZ 8, c4<zzzzzzzz>; HiZ drive
v0x555583419780_0 .net "DYNAMICDELAY", 7 0, o0x7f6939189e58;  0 drivers
o0x7f6939189e88 .functor BUFZ 1, c4<z>; HiZ drive
v0x555583419860_0 .net "EXTFEEDBACK", 0 0, o0x7f6939189e88;  0 drivers
o0x7f6939189eb8 .functor BUFZ 1, c4<z>; HiZ drive
v0x555583419900_0 .net "LATCHINPUTVALUE", 0 0, o0x7f6939189eb8;  0 drivers
o0x7f6939189ee8 .functor BUFZ 1, c4<z>; HiZ drive
v0x5555834199c0_0 .net "LOCK", 0 0, o0x7f6939189ee8;  0 drivers
o0x7f6939189f18 .functor BUFZ 1, c4<z>; HiZ drive
v0x555583419a80_0 .net "PACKAGEPIN", 0 0, o0x7f6939189f18;  0 drivers
o0x7f6939189f48 .functor BUFZ 1, c4<z>; HiZ drive
v0x555583419b40_0 .net "PLLOUTCOREA", 0 0, o0x7f6939189f48;  0 drivers
o0x7f6939189f78 .functor BUFZ 1, c4<z>; HiZ drive
v0x555583419c00_0 .net "PLLOUTCOREB", 0 0, o0x7f6939189f78;  0 drivers
o0x7f6939189fa8 .functor BUFZ 1, c4<z>; HiZ drive
v0x555583419cc0_0 .net "PLLOUTGLOBALA", 0 0, o0x7f6939189fa8;  0 drivers
o0x7f6939189fd8 .functor BUFZ 1, c4<z>; HiZ drive
v0x555583419e10_0 .net "PLLOUTGLOBALB", 0 0, o0x7f6939189fd8;  0 drivers
o0x7f693918a008 .functor BUFZ 1, c4<z>; HiZ drive
v0x555583419ed0_0 .net "RESETB", 0 0, o0x7f693918a008;  0 drivers
o0x7f693918a038 .functor BUFZ 1, c4<z>; HiZ drive
v0x555583419f90_0 .net "SCLK", 0 0, o0x7f693918a038;  0 drivers
o0x7f693918a068 .functor BUFZ 1, c4<z>; HiZ drive
v0x55558341a050_0 .net "SDI", 0 0, o0x7f693918a068;  0 drivers
o0x7f693918a098 .functor BUFZ 1, c4<z>; HiZ drive
v0x55558341a110_0 .net "SDO", 0 0, o0x7f693918a098;  0 drivers
S_0x55558339dc50 .scope module, "SB_PLL40_2_PAD" "SB_PLL40_2_PAD" 8 2487;
 .timescale -12 -12;
    .port_info 0 /INPUT 1 "PACKAGEPIN";
    .port_info 1 /OUTPUT 1 "PLLOUTCOREA";
    .port_info 2 /OUTPUT 1 "PLLOUTGLOBALA";
    .port_info 3 /OUTPUT 1 "PLLOUTCOREB";
    .port_info 4 /OUTPUT 1 "PLLOUTGLOBALB";
    .port_info 5 /INPUT 1 "EXTFEEDBACK";
    .port_info 6 /INPUT 8 "DYNAMICDELAY";
    .port_info 7 /OUTPUT 1 "LOCK";
    .port_info 8 /INPUT 1 "BYPASS";
    .port_info 9 /INPUT 1 "RESETB";
    .port_info 10 /INPUT 1 "LATCHINPUTVALUE";
    .port_info 11 /OUTPUT 1 "SDO";
    .port_info 12 /INPUT 1 "SDI";
    .port_info 13 /INPUT 1 "SCLK";
P_0x55558326cb90 .param/str "DELAY_ADJUSTMENT_MODE_FEEDBACK" 0 8 2504, "FIXED";
P_0x55558326cbd0 .param/str "DELAY_ADJUSTMENT_MODE_RELATIVE" 0 8 2505, "FIXED";
P_0x55558326cc10 .param/l "DIVF" 0 8 2511, C4<0000000>;
P_0x55558326cc50 .param/l "DIVQ" 0 8 2512, C4<000>;
P_0x55558326cc90 .param/l "DIVR" 0 8 2510, C4<0000>;
P_0x55558326ccd0 .param/l "ENABLE_ICEGATE_PORTA" 0 8 2514, C4<0>;
P_0x55558326cd10 .param/l "ENABLE_ICEGATE_PORTB" 0 8 2515, C4<0>;
P_0x55558326cd50 .param/l "EXTERNAL_DIVIDE_FACTOR" 0 8 2517, +C4<00000000000000000000000000000001>;
P_0x55558326cd90 .param/l "FDA_FEEDBACK" 0 8 2507, C4<0000>;
P_0x55558326cdd0 .param/l "FDA_RELATIVE" 0 8 2508, C4<0000>;
P_0x55558326ce10 .param/str "FEEDBACK_PATH" 0 8 2503, "SIMPLE";
P_0x55558326ce50 .param/l "FILTER_RANGE" 0 8 2513, C4<000>;
P_0x55558326ce90 .param/str "PLLOUT_SELECT_PORTB" 0 8 2509, "GENCLK";
P_0x55558326ced0 .param/l "SHIFTREG_DIV_MODE" 0 8 2506, C4<0>;
P_0x55558326cf10 .param/l "TEST_MODE" 0 8 2516, C4<0>;
o0x7f693918a368 .functor BUFZ 1, c4<z>; HiZ drive
v0x55558341a390_0 .net "BYPASS", 0 0, o0x7f693918a368;  0 drivers
o0x7f693918a398 .functor BUFZ 8, c4<zzzzzzzz>; HiZ drive
v0x55558341a470_0 .net "DYNAMICDELAY", 7 0, o0x7f693918a398;  0 drivers
o0x7f693918a3c8 .functor BUFZ 1, c4<z>; HiZ drive
v0x55558341a550_0 .net "EXTFEEDBACK", 0 0, o0x7f693918a3c8;  0 drivers
o0x7f693918a3f8 .functor BUFZ 1, c4<z>; HiZ drive
v0x55558341a5f0_0 .net "LATCHINPUTVALUE", 0 0, o0x7f693918a3f8;  0 drivers
o0x7f693918a428 .functor BUFZ 1, c4<z>; HiZ drive
v0x55558341a6b0_0 .net "LOCK", 0 0, o0x7f693918a428;  0 drivers
o0x7f693918a458 .functor BUFZ 1, c4<z>; HiZ drive
v0x55558341a770_0 .net "PACKAGEPIN", 0 0, o0x7f693918a458;  0 drivers
o0x7f693918a488 .functor BUFZ 1, c4<z>; HiZ drive
v0x55558341a830_0 .net "PLLOUTCOREA", 0 0, o0x7f693918a488;  0 drivers
o0x7f693918a4b8 .functor BUFZ 1, c4<z>; HiZ drive
v0x55558341a8f0_0 .net "PLLOUTCOREB", 0 0, o0x7f693918a4b8;  0 drivers
o0x7f693918a4e8 .functor BUFZ 1, c4<z>; HiZ drive
v0x55558341a9b0_0 .net "PLLOUTGLOBALA", 0 0, o0x7f693918a4e8;  0 drivers
o0x7f693918a518 .functor BUFZ 1, c4<z>; HiZ drive
v0x55558341ab00_0 .net "PLLOUTGLOBALB", 0 0, o0x7f693918a518;  0 drivers
o0x7f693918a548 .functor BUFZ 1, c4<z>; HiZ drive
v0x55558341abc0_0 .net "RESETB", 0 0, o0x7f693918a548;  0 drivers
o0x7f693918a578 .functor BUFZ 1, c4<z>; HiZ drive
v0x55558341ac80_0 .net "SCLK", 0 0, o0x7f693918a578;  0 drivers
o0x7f693918a5a8 .functor BUFZ 1, c4<z>; HiZ drive
v0x55558341ad40_0 .net "SDI", 0 0, o0x7f693918a5a8;  0 drivers
o0x7f693918a5d8 .functor BUFZ 1, c4<z>; HiZ drive
v0x55558341ae00_0 .net "SDO", 0 0, o0x7f693918a5d8;  0 drivers
S_0x5555833ae700 .scope module, "SB_PLL40_CORE" "SB_PLL40_CORE" 8 2425;
 .timescale -12 -12;
    .port_info 0 /INPUT 1 "REFERENCECLK";
    .port_info 1 /OUTPUT 1 "PLLOUTCORE";
    .port_info 2 /OUTPUT 1 "PLLOUTGLOBAL";
    .port_info 3 /INPUT 1 "EXTFEEDBACK";
    .port_info 4 /INPUT 8 "DYNAMICDELAY";
    .port_info 5 /OUTPUT 1 "LOCK";
    .port_info 6 /INPUT 1 "BYPASS";
    .port_info 7 /INPUT 1 "RESETB";
    .port_info 8 /INPUT 1 "LATCHINPUTVALUE";
    .port_info 9 /OUTPUT 1 "SDO";
    .port_info 10 /INPUT 1 "SDI";
    .port_info 11 /INPUT 1 "SCLK";
P_0x55558328d590 .param/str "DELAY_ADJUSTMENT_MODE_FEEDBACK" 0 8 2440, "FIXED";
P_0x55558328d5d0 .param/str "DELAY_ADJUSTMENT_MODE_RELATIVE" 0 8 2441, "FIXED";
P_0x55558328d610 .param/l "DIVF" 0 8 2447, C4<0000000>;
P_0x55558328d650 .param/l "DIVQ" 0 8 2448, C4<000>;
P_0x55558328d690 .param/l "DIVR" 0 8 2446, C4<0000>;
P_0x55558328d6d0 .param/l "ENABLE_ICEGATE" 0 8 2450, C4<0>;
P_0x55558328d710 .param/l "EXTERNAL_DIVIDE_FACTOR" 0 8 2452, +C4<00000000000000000000000000000001>;
P_0x55558328d750 .param/l "FDA_FEEDBACK" 0 8 2443, C4<0000>;
P_0x55558328d790 .param/l "FDA_RELATIVE" 0 8 2444, C4<0000>;
P_0x55558328d7d0 .param/str "FEEDBACK_PATH" 0 8 2439, "SIMPLE";
P_0x55558328d810 .param/l "FILTER_RANGE" 0 8 2449, C4<000>;
P_0x55558328d850 .param/str "PLLOUT_SELECT" 0 8 2445, "GENCLK";
P_0x55558328d890 .param/l "SHIFTREG_DIV_MODE" 0 8 2442, C4<0>;
P_0x55558328d8d0 .param/l "TEST_MODE" 0 8 2451, C4<0>;
o0x7f693918a8a8 .functor BUFZ 1, c4<z>; HiZ drive
v0x55558341b080_0 .net "BYPASS", 0 0, o0x7f693918a8a8;  0 drivers
o0x7f693918a8d8 .functor BUFZ 8, c4<zzzzzzzz>; HiZ drive
v0x55558341b160_0 .net "DYNAMICDELAY", 7 0, o0x7f693918a8d8;  0 drivers
o0x7f693918a908 .functor BUFZ 1, c4<z>; HiZ drive
v0x55558341b240_0 .net "EXTFEEDBACK", 0 0, o0x7f693918a908;  0 drivers
o0x7f693918a938 .functor BUFZ 1, c4<z>; HiZ drive
v0x55558341b2e0_0 .net "LATCHINPUTVALUE", 0 0, o0x7f693918a938;  0 drivers
o0x7f693918a968 .functor BUFZ 1, c4<z>; HiZ drive
v0x55558341b3a0_0 .net "LOCK", 0 0, o0x7f693918a968;  0 drivers
o0x7f693918a998 .functor BUFZ 1, c4<z>; HiZ drive
v0x55558341b460_0 .net "PLLOUTCORE", 0 0, o0x7f693918a998;  0 drivers
o0x7f693918a9c8 .functor BUFZ 1, c4<z>; HiZ drive
v0x55558341b520_0 .net "PLLOUTGLOBAL", 0 0, o0x7f693918a9c8;  0 drivers
o0x7f693918a9f8 .functor BUFZ 1, c4<z>; HiZ drive
v0x55558341b5e0_0 .net "REFERENCECLK", 0 0, o0x7f693918a9f8;  0 drivers
o0x7f693918aa28 .functor BUFZ 1, c4<z>; HiZ drive
v0x55558341b6a0_0 .net "RESETB", 0 0, o0x7f693918aa28;  0 drivers
o0x7f693918aa58 .functor BUFZ 1, c4<z>; HiZ drive
v0x55558341b7f0_0 .net "SCLK", 0 0, o0x7f693918aa58;  0 drivers
o0x7f693918aa88 .functor BUFZ 1, c4<z>; HiZ drive
v0x55558341b8b0_0 .net "SDI", 0 0, o0x7f693918aa88;  0 drivers
o0x7f693918aab8 .functor BUFZ 1, c4<z>; HiZ drive
v0x55558341b970_0 .net "SDO", 0 0, o0x7f693918aab8;  0 drivers
S_0x555583398f60 .scope module, "SB_PLL40_PAD" "SB_PLL40_PAD" 8 2456;
 .timescale -12 -12;
    .port_info 0 /INPUT 1 "PACKAGEPIN";
    .port_info 1 /OUTPUT 1 "PLLOUTCORE";
    .port_info 2 /OUTPUT 1 "PLLOUTGLOBAL";
    .port_info 3 /INPUT 1 "EXTFEEDBACK";
    .port_info 4 /INPUT 8 "DYNAMICDELAY";
    .port_info 5 /OUTPUT 1 "LOCK";
    .port_info 6 /INPUT 1 "BYPASS";
    .port_info 7 /INPUT 1 "RESETB";
    .port_info 8 /INPUT 1 "LATCHINPUTVALUE";
    .port_info 9 /OUTPUT 1 "SDO";
    .port_info 10 /INPUT 1 "SDI";
    .port_info 11 /INPUT 1 "SCLK";
P_0x555583287ef0 .param/str "DELAY_ADJUSTMENT_MODE_FEEDBACK" 0 8 2471, "FIXED";
P_0x555583287f30 .param/str "DELAY_ADJUSTMENT_MODE_RELATIVE" 0 8 2472, "FIXED";
P_0x555583287f70 .param/l "DIVF" 0 8 2478, C4<0000000>;
P_0x555583287fb0 .param/l "DIVQ" 0 8 2479, C4<000>;
P_0x555583287ff0 .param/l "DIVR" 0 8 2477, C4<0000>;
P_0x555583288030 .param/l "ENABLE_ICEGATE" 0 8 2481, C4<0>;
P_0x555583288070 .param/l "EXTERNAL_DIVIDE_FACTOR" 0 8 2483, +C4<00000000000000000000000000000001>;
P_0x5555832880b0 .param/l "FDA_FEEDBACK" 0 8 2474, C4<0000>;
P_0x5555832880f0 .param/l "FDA_RELATIVE" 0 8 2475, C4<0000>;
P_0x555583288130 .param/str "FEEDBACK_PATH" 0 8 2470, "SIMPLE";
P_0x555583288170 .param/l "FILTER_RANGE" 0 8 2480, C4<000>;
P_0x5555832881b0 .param/str "PLLOUT_SELECT" 0 8 2476, "GENCLK";
P_0x5555832881f0 .param/l "SHIFTREG_DIV_MODE" 0 8 2473, C4<0>;
P_0x555583288230 .param/l "TEST_MODE" 0 8 2482, C4<0>;
o0x7f693918ad28 .functor BUFZ 1, c4<z>; HiZ drive
v0x55558341bbb0_0 .net "BYPASS", 0 0, o0x7f693918ad28;  0 drivers
o0x7f693918ad58 .functor BUFZ 8, c4<zzzzzzzz>; HiZ drive
v0x55558341bc90_0 .net "DYNAMICDELAY", 7 0, o0x7f693918ad58;  0 drivers
o0x7f693918ad88 .functor BUFZ 1, c4<z>; HiZ drive
v0x55558341bd70_0 .net "EXTFEEDBACK", 0 0, o0x7f693918ad88;  0 drivers
o0x7f693918adb8 .functor BUFZ 1, c4<z>; HiZ drive
v0x55558341be10_0 .net "LATCHINPUTVALUE", 0 0, o0x7f693918adb8;  0 drivers
o0x7f693918ade8 .functor BUFZ 1, c4<z>; HiZ drive
v0x55558341bed0_0 .net "LOCK", 0 0, o0x7f693918ade8;  0 drivers
o0x7f693918ae18 .functor BUFZ 1, c4<z>; HiZ drive
v0x55558341bf90_0 .net "PACKAGEPIN", 0 0, o0x7f693918ae18;  0 drivers
o0x7f693918ae48 .functor BUFZ 1, c4<z>; HiZ drive
v0x55558341c050_0 .net "PLLOUTCORE", 0 0, o0x7f693918ae48;  0 drivers
o0x7f693918ae78 .functor BUFZ 1, c4<z>; HiZ drive
v0x55558341c110_0 .net "PLLOUTGLOBAL", 0 0, o0x7f693918ae78;  0 drivers
o0x7f693918aea8 .functor BUFZ 1, c4<z>; HiZ drive
v0x55558341c1d0_0 .net "RESETB", 0 0, o0x7f693918aea8;  0 drivers
o0x7f693918aed8 .functor BUFZ 1, c4<z>; HiZ drive
v0x55558341c320_0 .net "SCLK", 0 0, o0x7f693918aed8;  0 drivers
o0x7f693918af08 .functor BUFZ 1, c4<z>; HiZ drive
v0x55558341c3e0_0 .net "SDI", 0 0, o0x7f693918af08;  0 drivers
o0x7f693918af38 .functor BUFZ 1, c4<z>; HiZ drive
v0x55558341c4a0_0 .net "SDO", 0 0, o0x7f693918af38;  0 drivers
S_0x55558339a900 .scope module, "SB_RAM40_4KNR" "SB_RAM40_4KNR" 8 1726;
 .timescale -12 -12;
    .port_info 0 /OUTPUT 16 "RDATA";
    .port_info 1 /INPUT 1 "RCLKN";
    .port_info 2 /INPUT 1 "RCLKE";
    .port_info 3 /INPUT 1 "RE";
    .port_info 4 /INPUT 11 "RADDR";
    .port_info 5 /INPUT 1 "WCLK";
    .port_info 6 /INPUT 1 "WCLKE";
    .port_info 7 /INPUT 1 "WE";
    .port_info 8 /INPUT 11 "WADDR";
    .port_info 9 /INPUT 16 "MASK";
    .port_info 10 /INPUT 16 "WDATA";
P_0x55558328c460 .param/l "INIT_0" 0 8 1742, C4<0000000000000000000000000000000000000000000000000000000000000000000000000000000000000000000000000000000000000000000000000000000000000000000000000000000000000000000000000000000000000000000000000000000000000000000000000000000000000000000000000000000000000000>;
P_0x55558328c4a0 .param/l "INIT_1" 0 8 1743, C4<0000000000000000000000000000000000000000000000000000000000000000000000000000000000000000000000000000000000000000000000000000000000000000000000000000000000000000000000000000000000000000000000000000000000000000000000000000000000000000000000000000000000000000>;
P_0x55558328c4e0 .param/l "INIT_2" 0 8 1744, C4<0000000000000000000000000000000000000000000000000000000000000000000000000000000000000000000000000000000000000000000000000000000000000000000000000000000000000000000000000000000000000000000000000000000000000000000000000000000000000000000000000000000000000000>;
P_0x55558328c520 .param/l "INIT_3" 0 8 1745, C4<0000000000000000000000000000000000000000000000000000000000000000000000000000000000000000000000000000000000000000000000000000000000000000000000000000000000000000000000000000000000000000000000000000000000000000000000000000000000000000000000000000000000000000>;
P_0x55558328c560 .param/l "INIT_4" 0 8 1746, C4<0000000000000000000000000000000000000000000000000000000000000000000000000000000000000000000000000000000000000000000000000000000000000000000000000000000000000000000000000000000000000000000000000000000000000000000000000000000000000000000000000000000000000000>;
P_0x55558328c5a0 .param/l "INIT_5" 0 8 1747, C4<0000000000000000000000000000000000000000000000000000000000000000000000000000000000000000000000000000000000000000000000000000000000000000000000000000000000000000000000000000000000000000000000000000000000000000000000000000000000000000000000000000000000000000>;
P_0x55558328c5e0 .param/l "INIT_6" 0 8 1748, C4<0000000000000000000000000000000000000000000000000000000000000000000000000000000000000000000000000000000000000000000000000000000000000000000000000000000000000000000000000000000000000000000000000000000000000000000000000000000000000000000000000000000000000000>;
P_0x55558328c620 .param/l "INIT_7" 0 8 1749, C4<0000000000000000000000000000000000000000000000000000000000000000000000000000000000000000000000000000000000000000000000000000000000000000000000000000000000000000000000000000000000000000000000000000000000000000000000000000000000000000000000000000000000000000>;
P_0x55558328c660 .param/l "INIT_8" 0 8 1750, C4<0000000000000000000000000000000000000000000000000000000000000000000000000000000000000000000000000000000000000000000000000000000000000000000000000000000000000000000000000000000000000000000000000000000000000000000000000000000000000000000000000000000000000000>;
P_0x55558328c6a0 .param/l "INIT_9" 0 8 1751, C4<0000000000000000000000000000000000000000000000000000000000000000000000000000000000000000000000000000000000000000000000000000000000000000000000000000000000000000000000000000000000000000000000000000000000000000000000000000000000000000000000000000000000000000>;
P_0x55558328c6e0 .param/l "INIT_A" 0 8 1752, C4<0000000000000000000000000000000000000000000000000000000000000000000000000000000000000000000000000000000000000000000000000000000000000000000000000000000000000000000000000000000000000000000000000000000000000000000000000000000000000000000000000000000000000000>;
P_0x55558328c720 .param/l "INIT_B" 0 8 1753, C4<0000000000000000000000000000000000000000000000000000000000000000000000000000000000000000000000000000000000000000000000000000000000000000000000000000000000000000000000000000000000000000000000000000000000000000000000000000000000000000000000000000000000000000>;
P_0x55558328c760 .param/l "INIT_C" 0 8 1754, C4<0000000000000000000000000000000000000000000000000000000000000000000000000000000000000000000000000000000000000000000000000000000000000000000000000000000000000000000000000000000000000000000000000000000000000000000000000000000000000000000000000000000000000000>;
P_0x55558328c7a0 .param/l "INIT_D" 0 8 1755, C4<0000000000000000000000000000000000000000000000000000000000000000000000000000000000000000000000000000000000000000000000000000000000000000000000000000000000000000000000000000000000000000000000000000000000000000000000000000000000000000000000000000000000000000>;
P_0x55558328c7e0 .param/l "INIT_E" 0 8 1756, C4<0000000000000000000000000000000000000000000000000000000000000000000000000000000000000000000000000000000000000000000000000000000000000000000000000000000000000000000000000000000000000000000000000000000000000000000000000000000000000000000000000000000000000000>;
P_0x55558328c820 .param/l "INIT_F" 0 8 1757, C4<0000000000000000000000000000000000000000000000000000000000000000000000000000000000000000000000000000000000000000000000000000000000000000000000000000000000000000000000000000000000000000000000000000000000000000000000000000000000000000000000000000000000000000>;
P_0x55558328c860 .param/str "INIT_FILE" 0 8 1759, "\000";
P_0x55558328c8a0 .param/l "READ_MODE" 0 8 1740, +C4<00000000000000000000000000000000>;
P_0x55558328c8e0 .param/l "WRITE_MODE" 0 8 1739, +C4<00000000000000000000000000000000>;
o0x7f693918b6b8 .functor BUFZ 1, c4<z>; HiZ drive
L_0x555583454760 .functor NOT 1, o0x7f693918b6b8, C4<0>, C4<0>, C4<0>;
o0x7f693918b1a8 .functor BUFZ 16, c4<zzzzzzzzzzzzzzzz>; HiZ drive
v0x55558341fe70_0 .net "MASK", 15 0, o0x7f693918b1a8;  0 drivers
o0x7f693918b1d8 .functor BUFZ 11, c4<zzzzzzzzzzz>; HiZ drive
v0x55558341ff50_0 .net "RADDR", 10 0, o0x7f693918b1d8;  0 drivers
o0x7f693918b238 .functor BUFZ 1, c4<z>; HiZ drive
v0x555583420020_0 .net "RCLKE", 0 0, o0x7f693918b238;  0 drivers
v0x555583420120_0 .net "RCLKN", 0 0, o0x7f693918b6b8;  0 drivers
v0x5555834201c0_0 .net "RDATA", 15 0, L_0x5555834546a0;  1 drivers
o0x7f693918b2c8 .functor BUFZ 1, c4<z>; HiZ drive
v0x555583420260_0 .net "RE", 0 0, o0x7f693918b2c8;  0 drivers
o0x7f693918b328 .functor BUFZ 11, c4<zzzzzzzzzzz>; HiZ drive
v0x555583420330_0 .net "WADDR", 10 0, o0x7f693918b328;  0 drivers
o0x7f693918b358 .functor BUFZ 1, c4<z>; HiZ drive
v0x555583420400_0 .net "WCLK", 0 0, o0x7f693918b358;  0 drivers
o0x7f693918b388 .functor BUFZ 1, c4<z>; HiZ drive
v0x5555834204d0_0 .net "WCLKE", 0 0, o0x7f693918b388;  0 drivers
o0x7f693918b3b8 .functor BUFZ 16, c4<zzzzzzzzzzzzzzzz>; HiZ drive
v0x5555834205a0_0 .net "WDATA", 15 0, o0x7f693918b3b8;  0 drivers
o0x7f693918b418 .functor BUFZ 1, c4<z>; HiZ drive
v0x555583420670_0 .net "WE", 0 0, o0x7f693918b418;  0 drivers
S_0x55558341c750 .scope module, "RAM" "SB_RAM40_4K" 8 1781, 8 1487 0, S_0x55558339a900;
 .timescale -12 -12;
    .port_info 0 /OUTPUT 16 "RDATA";
    .port_info 1 /INPUT 1 "RCLK";
    .port_info 2 /INPUT 1 "RCLKE";
    .port_info 3 /INPUT 1 "RE";
    .port_info 4 /INPUT 11 "RADDR";
    .port_info 5 /INPUT 1 "WCLK";
    .port_info 6 /INPUT 1 "WCLKE";
    .port_info 7 /INPUT 1 "WE";
    .port_info 8 /INPUT 11 "WADDR";
    .port_info 9 /INPUT 16 "MASK";
    .port_info 10 /INPUT 16 "WDATA";
P_0x55558341c900 .param/l "INIT_0" 0 8 1507, C4<0000000000000000000000000000000000000000000000000000000000000000000000000000000000000000000000000000000000000000000000000000000000000000000000000000000000000000000000000000000000000000000000000000000000000000000000000000000000000000000000000000000000000000>;
P_0x55558341c940 .param/l "INIT_1" 0 8 1508, C4<0000000000000000000000000000000000000000000000000000000000000000000000000000000000000000000000000000000000000000000000000000000000000000000000000000000000000000000000000000000000000000000000000000000000000000000000000000000000000000000000000000000000000000>;
P_0x55558341c980 .param/l "INIT_2" 0 8 1509, C4<0000000000000000000000000000000000000000000000000000000000000000000000000000000000000000000000000000000000000000000000000000000000000000000000000000000000000000000000000000000000000000000000000000000000000000000000000000000000000000000000000000000000000000>;
P_0x55558341c9c0 .param/l "INIT_3" 0 8 1510, C4<0000000000000000000000000000000000000000000000000000000000000000000000000000000000000000000000000000000000000000000000000000000000000000000000000000000000000000000000000000000000000000000000000000000000000000000000000000000000000000000000000000000000000000>;
P_0x55558341ca00 .param/l "INIT_4" 0 8 1511, C4<0000000000000000000000000000000000000000000000000000000000000000000000000000000000000000000000000000000000000000000000000000000000000000000000000000000000000000000000000000000000000000000000000000000000000000000000000000000000000000000000000000000000000000>;
P_0x55558341ca40 .param/l "INIT_5" 0 8 1512, C4<0000000000000000000000000000000000000000000000000000000000000000000000000000000000000000000000000000000000000000000000000000000000000000000000000000000000000000000000000000000000000000000000000000000000000000000000000000000000000000000000000000000000000000>;
P_0x55558341ca80 .param/l "INIT_6" 0 8 1513, C4<0000000000000000000000000000000000000000000000000000000000000000000000000000000000000000000000000000000000000000000000000000000000000000000000000000000000000000000000000000000000000000000000000000000000000000000000000000000000000000000000000000000000000000>;
P_0x55558341cac0 .param/l "INIT_7" 0 8 1514, C4<0000000000000000000000000000000000000000000000000000000000000000000000000000000000000000000000000000000000000000000000000000000000000000000000000000000000000000000000000000000000000000000000000000000000000000000000000000000000000000000000000000000000000000>;
P_0x55558341cb00 .param/l "INIT_8" 0 8 1515, C4<0000000000000000000000000000000000000000000000000000000000000000000000000000000000000000000000000000000000000000000000000000000000000000000000000000000000000000000000000000000000000000000000000000000000000000000000000000000000000000000000000000000000000000>;
P_0x55558341cb40 .param/l "INIT_9" 0 8 1516, C4<0000000000000000000000000000000000000000000000000000000000000000000000000000000000000000000000000000000000000000000000000000000000000000000000000000000000000000000000000000000000000000000000000000000000000000000000000000000000000000000000000000000000000000>;
P_0x55558341cb80 .param/l "INIT_A" 0 8 1517, C4<0000000000000000000000000000000000000000000000000000000000000000000000000000000000000000000000000000000000000000000000000000000000000000000000000000000000000000000000000000000000000000000000000000000000000000000000000000000000000000000000000000000000000000>;
P_0x55558341cbc0 .param/l "INIT_B" 0 8 1518, C4<0000000000000000000000000000000000000000000000000000000000000000000000000000000000000000000000000000000000000000000000000000000000000000000000000000000000000000000000000000000000000000000000000000000000000000000000000000000000000000000000000000000000000000>;
P_0x55558341cc00 .param/l "INIT_C" 0 8 1519, C4<0000000000000000000000000000000000000000000000000000000000000000000000000000000000000000000000000000000000000000000000000000000000000000000000000000000000000000000000000000000000000000000000000000000000000000000000000000000000000000000000000000000000000000>;
P_0x55558341cc40 .param/l "INIT_D" 0 8 1520, C4<0000000000000000000000000000000000000000000000000000000000000000000000000000000000000000000000000000000000000000000000000000000000000000000000000000000000000000000000000000000000000000000000000000000000000000000000000000000000000000000000000000000000000000>;
P_0x55558341cc80 .param/l "INIT_E" 0 8 1521, C4<0000000000000000000000000000000000000000000000000000000000000000000000000000000000000000000000000000000000000000000000000000000000000000000000000000000000000000000000000000000000000000000000000000000000000000000000000000000000000000000000000000000000000000>;
P_0x55558341ccc0 .param/l "INIT_F" 0 8 1522, C4<0000000000000000000000000000000000000000000000000000000000000000000000000000000000000000000000000000000000000000000000000000000000000000000000000000000000000000000000000000000000000000000000000000000000000000000000000000000000000000000000000000000000000000>;
P_0x55558341cd00 .param/str "INIT_FILE" 0 8 1524, "\000";
P_0x55558341cd40 .param/l "READ_MODE" 0 8 1505, +C4<00000000000000000000000000000000>;
P_0x55558341cd80 .param/l "WRITE_MODE" 0 8 1504, +C4<00000000000000000000000000000000>;
v0x55558341ed60_0 .net "MASK", 15 0, o0x7f693918b1a8;  alias, 0 drivers
v0x55558341ee20_0 .net "RADDR", 10 0, o0x7f693918b1d8;  alias, 0 drivers
v0x55558341ef00_0 .net "RCLK", 0 0, L_0x555583454760;  1 drivers
v0x55558341efd0_0 .net "RCLKE", 0 0, o0x7f693918b238;  alias, 0 drivers
v0x55558341f090_0 .net "RDATA", 15 0, L_0x5555834546a0;  alias, 1 drivers
v0x55558341f1c0_0 .var "RDATA_I", 15 0;
v0x55558341f2a0_0 .net "RE", 0 0, o0x7f693918b2c8;  alias, 0 drivers
L_0x7f6939134ba0 .functor BUFT 1, C4<0000000000000000>, C4<0>, C4<0>, C4<0>;
v0x55558341f360_0 .net "RMASK_I", 15 0, L_0x7f6939134ba0;  1 drivers
v0x55558341f440_0 .net "WADDR", 10 0, o0x7f693918b328;  alias, 0 drivers
v0x55558341f520_0 .net "WCLK", 0 0, o0x7f693918b358;  alias, 0 drivers
v0x55558341f5e0_0 .net "WCLKE", 0 0, o0x7f693918b388;  alias, 0 drivers
v0x55558341f6a0_0 .net "WDATA", 15 0, o0x7f693918b3b8;  alias, 0 drivers
v0x55558341f780_0 .net "WDATA_I", 15 0, L_0x5555834545e0;  1 drivers
v0x55558341f860_0 .net "WE", 0 0, o0x7f693918b418;  alias, 0 drivers
v0x55558341f920_0 .net "WMASK_I", 15 0, L_0x555583454520;  1 drivers
v0x55558341fa00_0 .var/i "i", 31 0;
v0x55558341fae0 .array "memory", 255 0, 15 0;
E_0x55558341e490 .event posedge, v0x55558341ef00_0;
E_0x55558341e510 .event posedge, v0x55558341f520_0;
S_0x55558341e570 .scope generate, "genblk1" "genblk1" 8 1534, 8 1534 0, S_0x55558341c750;
 .timescale -12 -12;
L_0x555583454520 .functor BUFZ 16, o0x7f693918b1a8, C4<0000000000000000>, C4<0000000000000000>, C4<0000000000000000>;
S_0x55558341e770 .scope generate, "genblk2" "genblk2" 8 1555, 8 1555 0, S_0x55558341c750;
 .timescale -12 -12;
S_0x55558341e970 .scope generate, "genblk3" "genblk3" 8 1576, 8 1576 0, S_0x55558341c750;
 .timescale -12 -12;
L_0x5555834545e0 .functor BUFZ 16, o0x7f693918b3b8, C4<0000000000000000>, C4<0000000000000000>, C4<0000000000000000>;
S_0x55558341eb80 .scope generate, "genblk4" "genblk4" 8 1595, 8 1595 0, S_0x55558341c750;
 .timescale -12 -12;
L_0x5555834546a0 .functor BUFZ 16, v0x55558341f1c0_0, C4<0000000000000000>, C4<0000000000000000>, C4<0000000000000000>;
S_0x555583399c30 .scope module, "SB_RAM40_4KNRNW" "SB_RAM40_4KNRNW" 8 1998;
 .timescale -12 -12;
    .port_info 0 /OUTPUT 16 "RDATA";
    .port_info 1 /INPUT 1 "RCLKN";
    .port_info 2 /INPUT 1 "RCLKE";
    .port_info 3 /INPUT 1 "RE";
    .port_info 4 /INPUT 11 "RADDR";
    .port_info 5 /INPUT 1 "WCLKN";
    .port_info 6 /INPUT 1 "WCLKE";
    .port_info 7 /INPUT 1 "WE";
    .port_info 8 /INPUT 11 "WADDR";
    .port_info 9 /INPUT 16 "MASK";
    .port_info 10 /INPUT 16 "WDATA";
P_0x55558320df50 .param/l "INIT_0" 0 8 2014, C4<0000000000000000000000000000000000000000000000000000000000000000000000000000000000000000000000000000000000000000000000000000000000000000000000000000000000000000000000000000000000000000000000000000000000000000000000000000000000000000000000000000000000000000>;
P_0x55558320df90 .param/l "INIT_1" 0 8 2015, C4<0000000000000000000000000000000000000000000000000000000000000000000000000000000000000000000000000000000000000000000000000000000000000000000000000000000000000000000000000000000000000000000000000000000000000000000000000000000000000000000000000000000000000000>;
P_0x55558320dfd0 .param/l "INIT_2" 0 8 2016, C4<0000000000000000000000000000000000000000000000000000000000000000000000000000000000000000000000000000000000000000000000000000000000000000000000000000000000000000000000000000000000000000000000000000000000000000000000000000000000000000000000000000000000000000>;
P_0x55558320e010 .param/l "INIT_3" 0 8 2017, C4<0000000000000000000000000000000000000000000000000000000000000000000000000000000000000000000000000000000000000000000000000000000000000000000000000000000000000000000000000000000000000000000000000000000000000000000000000000000000000000000000000000000000000000>;
P_0x55558320e050 .param/l "INIT_4" 0 8 2018, C4<0000000000000000000000000000000000000000000000000000000000000000000000000000000000000000000000000000000000000000000000000000000000000000000000000000000000000000000000000000000000000000000000000000000000000000000000000000000000000000000000000000000000000000>;
P_0x55558320e090 .param/l "INIT_5" 0 8 2019, C4<0000000000000000000000000000000000000000000000000000000000000000000000000000000000000000000000000000000000000000000000000000000000000000000000000000000000000000000000000000000000000000000000000000000000000000000000000000000000000000000000000000000000000000>;
P_0x55558320e0d0 .param/l "INIT_6" 0 8 2020, C4<0000000000000000000000000000000000000000000000000000000000000000000000000000000000000000000000000000000000000000000000000000000000000000000000000000000000000000000000000000000000000000000000000000000000000000000000000000000000000000000000000000000000000000>;
P_0x55558320e110 .param/l "INIT_7" 0 8 2021, C4<0000000000000000000000000000000000000000000000000000000000000000000000000000000000000000000000000000000000000000000000000000000000000000000000000000000000000000000000000000000000000000000000000000000000000000000000000000000000000000000000000000000000000000>;
P_0x55558320e150 .param/l "INIT_8" 0 8 2022, C4<0000000000000000000000000000000000000000000000000000000000000000000000000000000000000000000000000000000000000000000000000000000000000000000000000000000000000000000000000000000000000000000000000000000000000000000000000000000000000000000000000000000000000000>;
P_0x55558320e190 .param/l "INIT_9" 0 8 2023, C4<0000000000000000000000000000000000000000000000000000000000000000000000000000000000000000000000000000000000000000000000000000000000000000000000000000000000000000000000000000000000000000000000000000000000000000000000000000000000000000000000000000000000000000>;
P_0x55558320e1d0 .param/l "INIT_A" 0 8 2024, C4<0000000000000000000000000000000000000000000000000000000000000000000000000000000000000000000000000000000000000000000000000000000000000000000000000000000000000000000000000000000000000000000000000000000000000000000000000000000000000000000000000000000000000000>;
P_0x55558320e210 .param/l "INIT_B" 0 8 2025, C4<0000000000000000000000000000000000000000000000000000000000000000000000000000000000000000000000000000000000000000000000000000000000000000000000000000000000000000000000000000000000000000000000000000000000000000000000000000000000000000000000000000000000000000>;
P_0x55558320e250 .param/l "INIT_C" 0 8 2026, C4<0000000000000000000000000000000000000000000000000000000000000000000000000000000000000000000000000000000000000000000000000000000000000000000000000000000000000000000000000000000000000000000000000000000000000000000000000000000000000000000000000000000000000000>;
P_0x55558320e290 .param/l "INIT_D" 0 8 2027, C4<0000000000000000000000000000000000000000000000000000000000000000000000000000000000000000000000000000000000000000000000000000000000000000000000000000000000000000000000000000000000000000000000000000000000000000000000000000000000000000000000000000000000000000>;
P_0x55558320e2d0 .param/l "INIT_E" 0 8 2028, C4<0000000000000000000000000000000000000000000000000000000000000000000000000000000000000000000000000000000000000000000000000000000000000000000000000000000000000000000000000000000000000000000000000000000000000000000000000000000000000000000000000000000000000000>;
P_0x55558320e310 .param/l "INIT_F" 0 8 2029, C4<0000000000000000000000000000000000000000000000000000000000000000000000000000000000000000000000000000000000000000000000000000000000000000000000000000000000000000000000000000000000000000000000000000000000000000000000000000000000000000000000000000000000000000>;
P_0x55558320e350 .param/str "INIT_FILE" 0 8 2031, "\000";
P_0x55558320e390 .param/l "READ_MODE" 0 8 2012, +C4<00000000000000000000000000000000>;
P_0x55558320e3d0 .param/l "WRITE_MODE" 0 8 2011, +C4<00000000000000000000000000000000>;
o0x7f693918be08 .functor BUFZ 1, c4<z>; HiZ drive
L_0x555583454a40 .functor NOT 1, o0x7f693918be08, C4<0>, C4<0>, C4<0>;
o0x7f693918be38 .functor BUFZ 1, c4<z>; HiZ drive
L_0x555583454ae0 .functor NOT 1, o0x7f693918be38, C4<0>, C4<0>, C4<0>;
o0x7f693918b8f8 .functor BUFZ 16, c4<zzzzzzzzzzzzzzzz>; HiZ drive
v0x555583424040_0 .net "MASK", 15 0, o0x7f693918b8f8;  0 drivers
o0x7f693918b928 .functor BUFZ 11, c4<zzzzzzzzzzz>; HiZ drive
v0x555583424120_0 .net "RADDR", 10 0, o0x7f693918b928;  0 drivers
o0x7f693918b988 .functor BUFZ 1, c4<z>; HiZ drive
v0x5555834241f0_0 .net "RCLKE", 0 0, o0x7f693918b988;  0 drivers
v0x5555834242f0_0 .net "RCLKN", 0 0, o0x7f693918be08;  0 drivers
v0x555583424390_0 .net "RDATA", 15 0, L_0x555583454980;  1 drivers
o0x7f693918ba18 .functor BUFZ 1, c4<z>; HiZ drive
v0x555583424430_0 .net "RE", 0 0, o0x7f693918ba18;  0 drivers
o0x7f693918ba78 .functor BUFZ 11, c4<zzzzzzzzzzz>; HiZ drive
v0x555583424500_0 .net "WADDR", 10 0, o0x7f693918ba78;  0 drivers
o0x7f693918bad8 .functor BUFZ 1, c4<z>; HiZ drive
v0x5555834245d0_0 .net "WCLKE", 0 0, o0x7f693918bad8;  0 drivers
v0x5555834246a0_0 .net "WCLKN", 0 0, o0x7f693918be38;  0 drivers
o0x7f693918bb08 .functor BUFZ 16, c4<zzzzzzzzzzzzzzzz>; HiZ drive
v0x555583424740_0 .net "WDATA", 15 0, o0x7f693918bb08;  0 drivers
o0x7f693918bb68 .functor BUFZ 1, c4<z>; HiZ drive
v0x555583424810_0 .net "WE", 0 0, o0x7f693918bb68;  0 drivers
S_0x5555834207e0 .scope module, "RAM" "SB_RAM40_4K" 8 2053, 8 1487 0, S_0x555583399c30;
 .timescale -12 -12;
    .port_info 0 /OUTPUT 16 "RDATA";
    .port_info 1 /INPUT 1 "RCLK";
    .port_info 2 /INPUT 1 "RCLKE";
    .port_info 3 /INPUT 1 "RE";
    .port_info 4 /INPUT 11 "RADDR";
    .port_info 5 /INPUT 1 "WCLK";
    .port_info 6 /INPUT 1 "WCLKE";
    .port_info 7 /INPUT 1 "WE";
    .port_info 8 /INPUT 11 "WADDR";
    .port_info 9 /INPUT 16 "MASK";
    .port_info 10 /INPUT 16 "WDATA";
P_0x555583420990 .param/l "INIT_0" 0 8 1507, C4<0000000000000000000000000000000000000000000000000000000000000000000000000000000000000000000000000000000000000000000000000000000000000000000000000000000000000000000000000000000000000000000000000000000000000000000000000000000000000000000000000000000000000000>;
P_0x5555834209d0 .param/l "INIT_1" 0 8 1508, C4<0000000000000000000000000000000000000000000000000000000000000000000000000000000000000000000000000000000000000000000000000000000000000000000000000000000000000000000000000000000000000000000000000000000000000000000000000000000000000000000000000000000000000000>;
P_0x555583420a10 .param/l "INIT_2" 0 8 1509, C4<0000000000000000000000000000000000000000000000000000000000000000000000000000000000000000000000000000000000000000000000000000000000000000000000000000000000000000000000000000000000000000000000000000000000000000000000000000000000000000000000000000000000000000>;
P_0x555583420a50 .param/l "INIT_3" 0 8 1510, C4<0000000000000000000000000000000000000000000000000000000000000000000000000000000000000000000000000000000000000000000000000000000000000000000000000000000000000000000000000000000000000000000000000000000000000000000000000000000000000000000000000000000000000000>;
P_0x555583420a90 .param/l "INIT_4" 0 8 1511, C4<0000000000000000000000000000000000000000000000000000000000000000000000000000000000000000000000000000000000000000000000000000000000000000000000000000000000000000000000000000000000000000000000000000000000000000000000000000000000000000000000000000000000000000>;
P_0x555583420ad0 .param/l "INIT_5" 0 8 1512, C4<0000000000000000000000000000000000000000000000000000000000000000000000000000000000000000000000000000000000000000000000000000000000000000000000000000000000000000000000000000000000000000000000000000000000000000000000000000000000000000000000000000000000000000>;
P_0x555583420b10 .param/l "INIT_6" 0 8 1513, C4<0000000000000000000000000000000000000000000000000000000000000000000000000000000000000000000000000000000000000000000000000000000000000000000000000000000000000000000000000000000000000000000000000000000000000000000000000000000000000000000000000000000000000000>;
P_0x555583420b50 .param/l "INIT_7" 0 8 1514, C4<0000000000000000000000000000000000000000000000000000000000000000000000000000000000000000000000000000000000000000000000000000000000000000000000000000000000000000000000000000000000000000000000000000000000000000000000000000000000000000000000000000000000000000>;
P_0x555583420b90 .param/l "INIT_8" 0 8 1515, C4<0000000000000000000000000000000000000000000000000000000000000000000000000000000000000000000000000000000000000000000000000000000000000000000000000000000000000000000000000000000000000000000000000000000000000000000000000000000000000000000000000000000000000000>;
P_0x555583420bd0 .param/l "INIT_9" 0 8 1516, C4<0000000000000000000000000000000000000000000000000000000000000000000000000000000000000000000000000000000000000000000000000000000000000000000000000000000000000000000000000000000000000000000000000000000000000000000000000000000000000000000000000000000000000000>;
P_0x555583420c10 .param/l "INIT_A" 0 8 1517, C4<0000000000000000000000000000000000000000000000000000000000000000000000000000000000000000000000000000000000000000000000000000000000000000000000000000000000000000000000000000000000000000000000000000000000000000000000000000000000000000000000000000000000000000>;
P_0x555583420c50 .param/l "INIT_B" 0 8 1518, C4<0000000000000000000000000000000000000000000000000000000000000000000000000000000000000000000000000000000000000000000000000000000000000000000000000000000000000000000000000000000000000000000000000000000000000000000000000000000000000000000000000000000000000000>;
P_0x555583420c90 .param/l "INIT_C" 0 8 1519, C4<0000000000000000000000000000000000000000000000000000000000000000000000000000000000000000000000000000000000000000000000000000000000000000000000000000000000000000000000000000000000000000000000000000000000000000000000000000000000000000000000000000000000000000>;
P_0x555583420cd0 .param/l "INIT_D" 0 8 1520, C4<0000000000000000000000000000000000000000000000000000000000000000000000000000000000000000000000000000000000000000000000000000000000000000000000000000000000000000000000000000000000000000000000000000000000000000000000000000000000000000000000000000000000000000>;
P_0x555583420d10 .param/l "INIT_E" 0 8 1521, C4<0000000000000000000000000000000000000000000000000000000000000000000000000000000000000000000000000000000000000000000000000000000000000000000000000000000000000000000000000000000000000000000000000000000000000000000000000000000000000000000000000000000000000000>;
P_0x555583420d50 .param/l "INIT_F" 0 8 1522, C4<0000000000000000000000000000000000000000000000000000000000000000000000000000000000000000000000000000000000000000000000000000000000000000000000000000000000000000000000000000000000000000000000000000000000000000000000000000000000000000000000000000000000000000>;
P_0x555583420d90 .param/str "INIT_FILE" 0 8 1524, "\000";
P_0x555583420dd0 .param/l "READ_MODE" 0 8 1505, +C4<00000000000000000000000000000000>;
P_0x555583420e10 .param/l "WRITE_MODE" 0 8 1504, +C4<00000000000000000000000000000000>;
v0x555583422f30_0 .net "MASK", 15 0, o0x7f693918b8f8;  alias, 0 drivers
v0x555583422ff0_0 .net "RADDR", 10 0, o0x7f693918b928;  alias, 0 drivers
v0x5555834230d0_0 .net "RCLK", 0 0, L_0x555583454a40;  1 drivers
v0x5555834231a0_0 .net "RCLKE", 0 0, o0x7f693918b988;  alias, 0 drivers
v0x555583423260_0 .net "RDATA", 15 0, L_0x555583454980;  alias, 1 drivers
v0x555583423390_0 .var "RDATA_I", 15 0;
v0x555583423470_0 .net "RE", 0 0, o0x7f693918ba18;  alias, 0 drivers
L_0x7f6939134be8 .functor BUFT 1, C4<0000000000000000>, C4<0>, C4<0>, C4<0>;
v0x555583423530_0 .net "RMASK_I", 15 0, L_0x7f6939134be8;  1 drivers
v0x555583423610_0 .net "WADDR", 10 0, o0x7f693918ba78;  alias, 0 drivers
v0x5555834236f0_0 .net "WCLK", 0 0, L_0x555583454ae0;  1 drivers
v0x5555834237b0_0 .net "WCLKE", 0 0, o0x7f693918bad8;  alias, 0 drivers
v0x555583423870_0 .net "WDATA", 15 0, o0x7f693918bb08;  alias, 0 drivers
v0x555583423950_0 .net "WDATA_I", 15 0, L_0x555583454890;  1 drivers
v0x555583423a30_0 .net "WE", 0 0, o0x7f693918bb68;  alias, 0 drivers
v0x555583423af0_0 .net "WMASK_I", 15 0, L_0x5555834547d0;  1 drivers
v0x555583423bd0_0 .var/i "i", 31 0;
v0x555583423cb0 .array "memory", 255 0, 15 0;
E_0x555583422660 .event posedge, v0x5555834230d0_0;
E_0x5555834226e0 .event posedge, v0x5555834236f0_0;
S_0x555583422740 .scope generate, "genblk1" "genblk1" 8 1534, 8 1534 0, S_0x5555834207e0;
 .timescale -12 -12;
L_0x5555834547d0 .functor BUFZ 16, o0x7f693918b8f8, C4<0000000000000000>, C4<0000000000000000>, C4<0000000000000000>;
S_0x555583422940 .scope generate, "genblk2" "genblk2" 8 1555, 8 1555 0, S_0x5555834207e0;
 .timescale -12 -12;
S_0x555583422b40 .scope generate, "genblk3" "genblk3" 8 1576, 8 1576 0, S_0x5555834207e0;
 .timescale -12 -12;
L_0x555583454890 .functor BUFZ 16, o0x7f693918bb08, C4<0000000000000000>, C4<0000000000000000>, C4<0000000000000000>;
S_0x555583422d50 .scope generate, "genblk4" "genblk4" 8 1595, 8 1595 0, S_0x5555834207e0;
 .timescale -12 -12;
L_0x555583454980 .functor BUFZ 16, v0x555583423390_0, C4<0000000000000000>, C4<0000000000000000>, C4<0000000000000000>;
S_0x55558337ad40 .scope module, "SB_RAM40_4KNW" "SB_RAM40_4KNW" 8 1862;
 .timescale -12 -12;
    .port_info 0 /OUTPUT 16 "RDATA";
    .port_info 1 /INPUT 1 "RCLK";
    .port_info 2 /INPUT 1 "RCLKE";
    .port_info 3 /INPUT 1 "RE";
    .port_info 4 /INPUT 11 "RADDR";
    .port_info 5 /INPUT 1 "WCLKN";
    .port_info 6 /INPUT 1 "WCLKE";
    .port_info 7 /INPUT 1 "WE";
    .port_info 8 /INPUT 11 "WADDR";
    .port_info 9 /INPUT 16 "MASK";
    .port_info 10 /INPUT 16 "WDATA";
P_0x5555831dab80 .param/l "INIT_0" 0 8 1878, C4<0000000000000000000000000000000000000000000000000000000000000000000000000000000000000000000000000000000000000000000000000000000000000000000000000000000000000000000000000000000000000000000000000000000000000000000000000000000000000000000000000000000000000000>;
P_0x5555831dabc0 .param/l "INIT_1" 0 8 1879, C4<0000000000000000000000000000000000000000000000000000000000000000000000000000000000000000000000000000000000000000000000000000000000000000000000000000000000000000000000000000000000000000000000000000000000000000000000000000000000000000000000000000000000000000>;
P_0x5555831dac00 .param/l "INIT_2" 0 8 1880, C4<0000000000000000000000000000000000000000000000000000000000000000000000000000000000000000000000000000000000000000000000000000000000000000000000000000000000000000000000000000000000000000000000000000000000000000000000000000000000000000000000000000000000000000>;
P_0x5555831dac40 .param/l "INIT_3" 0 8 1881, C4<0000000000000000000000000000000000000000000000000000000000000000000000000000000000000000000000000000000000000000000000000000000000000000000000000000000000000000000000000000000000000000000000000000000000000000000000000000000000000000000000000000000000000000>;
P_0x5555831dac80 .param/l "INIT_4" 0 8 1882, C4<0000000000000000000000000000000000000000000000000000000000000000000000000000000000000000000000000000000000000000000000000000000000000000000000000000000000000000000000000000000000000000000000000000000000000000000000000000000000000000000000000000000000000000>;
P_0x5555831dacc0 .param/l "INIT_5" 0 8 1883, C4<0000000000000000000000000000000000000000000000000000000000000000000000000000000000000000000000000000000000000000000000000000000000000000000000000000000000000000000000000000000000000000000000000000000000000000000000000000000000000000000000000000000000000000>;
P_0x5555831dad00 .param/l "INIT_6" 0 8 1884, C4<0000000000000000000000000000000000000000000000000000000000000000000000000000000000000000000000000000000000000000000000000000000000000000000000000000000000000000000000000000000000000000000000000000000000000000000000000000000000000000000000000000000000000000>;
P_0x5555831dad40 .param/l "INIT_7" 0 8 1885, C4<0000000000000000000000000000000000000000000000000000000000000000000000000000000000000000000000000000000000000000000000000000000000000000000000000000000000000000000000000000000000000000000000000000000000000000000000000000000000000000000000000000000000000000>;
P_0x5555831dad80 .param/l "INIT_8" 0 8 1886, C4<0000000000000000000000000000000000000000000000000000000000000000000000000000000000000000000000000000000000000000000000000000000000000000000000000000000000000000000000000000000000000000000000000000000000000000000000000000000000000000000000000000000000000000>;
P_0x5555831dadc0 .param/l "INIT_9" 0 8 1887, C4<0000000000000000000000000000000000000000000000000000000000000000000000000000000000000000000000000000000000000000000000000000000000000000000000000000000000000000000000000000000000000000000000000000000000000000000000000000000000000000000000000000000000000000>;
P_0x5555831dae00 .param/l "INIT_A" 0 8 1888, C4<0000000000000000000000000000000000000000000000000000000000000000000000000000000000000000000000000000000000000000000000000000000000000000000000000000000000000000000000000000000000000000000000000000000000000000000000000000000000000000000000000000000000000000>;
P_0x5555831dae40 .param/l "INIT_B" 0 8 1889, C4<0000000000000000000000000000000000000000000000000000000000000000000000000000000000000000000000000000000000000000000000000000000000000000000000000000000000000000000000000000000000000000000000000000000000000000000000000000000000000000000000000000000000000000>;
P_0x5555831dae80 .param/l "INIT_C" 0 8 1890, C4<0000000000000000000000000000000000000000000000000000000000000000000000000000000000000000000000000000000000000000000000000000000000000000000000000000000000000000000000000000000000000000000000000000000000000000000000000000000000000000000000000000000000000000>;
P_0x5555831daec0 .param/l "INIT_D" 0 8 1891, C4<0000000000000000000000000000000000000000000000000000000000000000000000000000000000000000000000000000000000000000000000000000000000000000000000000000000000000000000000000000000000000000000000000000000000000000000000000000000000000000000000000000000000000000>;
P_0x5555831daf00 .param/l "INIT_E" 0 8 1892, C4<0000000000000000000000000000000000000000000000000000000000000000000000000000000000000000000000000000000000000000000000000000000000000000000000000000000000000000000000000000000000000000000000000000000000000000000000000000000000000000000000000000000000000000>;
P_0x5555831daf40 .param/l "INIT_F" 0 8 1893, C4<0000000000000000000000000000000000000000000000000000000000000000000000000000000000000000000000000000000000000000000000000000000000000000000000000000000000000000000000000000000000000000000000000000000000000000000000000000000000000000000000000000000000000000>;
P_0x5555831daf80 .param/str "INIT_FILE" 0 8 1895, "\000";
P_0x5555831dafc0 .param/l "READ_MODE" 0 8 1876, +C4<00000000000000000000000000000000>;
P_0x5555831db000 .param/l "WRITE_MODE" 0 8 1875, +C4<00000000000000000000000000000000>;
o0x7f693918c588 .functor BUFZ 1, c4<z>; HiZ drive
L_0x555583454e50 .functor NOT 1, o0x7f693918c588, C4<0>, C4<0>, C4<0>;
o0x7f693918c078 .functor BUFZ 16, c4<zzzzzzzzzzzzzzzz>; HiZ drive
v0x555583428390_0 .net "MASK", 15 0, o0x7f693918c078;  0 drivers
o0x7f693918c0a8 .functor BUFZ 11, c4<zzzzzzzzzzz>; HiZ drive
v0x555583428470_0 .net "RADDR", 10 0, o0x7f693918c0a8;  0 drivers
o0x7f693918c0d8 .functor BUFZ 1, c4<z>; HiZ drive
v0x555583428540_0 .net "RCLK", 0 0, o0x7f693918c0d8;  0 drivers
o0x7f693918c108 .functor BUFZ 1, c4<z>; HiZ drive
v0x555583428640_0 .net "RCLKE", 0 0, o0x7f693918c108;  0 drivers
v0x555583428710_0 .net "RDATA", 15 0, L_0x555583454d90;  1 drivers
o0x7f693918c198 .functor BUFZ 1, c4<z>; HiZ drive
v0x5555834287b0_0 .net "RE", 0 0, o0x7f693918c198;  0 drivers
o0x7f693918c1f8 .functor BUFZ 11, c4<zzzzzzzzzzz>; HiZ drive
v0x555583428880_0 .net "WADDR", 10 0, o0x7f693918c1f8;  0 drivers
o0x7f693918c258 .functor BUFZ 1, c4<z>; HiZ drive
v0x555583428950_0 .net "WCLKE", 0 0, o0x7f693918c258;  0 drivers
v0x555583428a20_0 .net "WCLKN", 0 0, o0x7f693918c588;  0 drivers
o0x7f693918c288 .functor BUFZ 16, c4<zzzzzzzzzzzzzzzz>; HiZ drive
v0x555583428ac0_0 .net "WDATA", 15 0, o0x7f693918c288;  0 drivers
o0x7f693918c2e8 .functor BUFZ 1, c4<z>; HiZ drive
v0x555583428b90_0 .net "WE", 0 0, o0x7f693918c2e8;  0 drivers
S_0x5555834249c0 .scope module, "RAM" "SB_RAM40_4K" 8 1917, 8 1487 0, S_0x55558337ad40;
 .timescale -12 -12;
    .port_info 0 /OUTPUT 16 "RDATA";
    .port_info 1 /INPUT 1 "RCLK";
    .port_info 2 /INPUT 1 "RCLKE";
    .port_info 3 /INPUT 1 "RE";
    .port_info 4 /INPUT 11 "RADDR";
    .port_info 5 /INPUT 1 "WCLK";
    .port_info 6 /INPUT 1 "WCLKE";
    .port_info 7 /INPUT 1 "WE";
    .port_info 8 /INPUT 11 "WADDR";
    .port_info 9 /INPUT 16 "MASK";
    .port_info 10 /INPUT 16 "WDATA";
P_0x555583424b70 .param/l "INIT_0" 0 8 1507, C4<0000000000000000000000000000000000000000000000000000000000000000000000000000000000000000000000000000000000000000000000000000000000000000000000000000000000000000000000000000000000000000000000000000000000000000000000000000000000000000000000000000000000000000>;
P_0x555583424bb0 .param/l "INIT_1" 0 8 1508, C4<0000000000000000000000000000000000000000000000000000000000000000000000000000000000000000000000000000000000000000000000000000000000000000000000000000000000000000000000000000000000000000000000000000000000000000000000000000000000000000000000000000000000000000>;
P_0x555583424bf0 .param/l "INIT_2" 0 8 1509, C4<0000000000000000000000000000000000000000000000000000000000000000000000000000000000000000000000000000000000000000000000000000000000000000000000000000000000000000000000000000000000000000000000000000000000000000000000000000000000000000000000000000000000000000>;
P_0x555583424c30 .param/l "INIT_3" 0 8 1510, C4<0000000000000000000000000000000000000000000000000000000000000000000000000000000000000000000000000000000000000000000000000000000000000000000000000000000000000000000000000000000000000000000000000000000000000000000000000000000000000000000000000000000000000000>;
P_0x555583424c70 .param/l "INIT_4" 0 8 1511, C4<0000000000000000000000000000000000000000000000000000000000000000000000000000000000000000000000000000000000000000000000000000000000000000000000000000000000000000000000000000000000000000000000000000000000000000000000000000000000000000000000000000000000000000>;
P_0x555583424cb0 .param/l "INIT_5" 0 8 1512, C4<0000000000000000000000000000000000000000000000000000000000000000000000000000000000000000000000000000000000000000000000000000000000000000000000000000000000000000000000000000000000000000000000000000000000000000000000000000000000000000000000000000000000000000>;
P_0x555583424cf0 .param/l "INIT_6" 0 8 1513, C4<0000000000000000000000000000000000000000000000000000000000000000000000000000000000000000000000000000000000000000000000000000000000000000000000000000000000000000000000000000000000000000000000000000000000000000000000000000000000000000000000000000000000000000>;
P_0x555583424d30 .param/l "INIT_7" 0 8 1514, C4<0000000000000000000000000000000000000000000000000000000000000000000000000000000000000000000000000000000000000000000000000000000000000000000000000000000000000000000000000000000000000000000000000000000000000000000000000000000000000000000000000000000000000000>;
P_0x555583424d70 .param/l "INIT_8" 0 8 1515, C4<0000000000000000000000000000000000000000000000000000000000000000000000000000000000000000000000000000000000000000000000000000000000000000000000000000000000000000000000000000000000000000000000000000000000000000000000000000000000000000000000000000000000000000>;
P_0x555583424db0 .param/l "INIT_9" 0 8 1516, C4<0000000000000000000000000000000000000000000000000000000000000000000000000000000000000000000000000000000000000000000000000000000000000000000000000000000000000000000000000000000000000000000000000000000000000000000000000000000000000000000000000000000000000000>;
P_0x555583424df0 .param/l "INIT_A" 0 8 1517, C4<0000000000000000000000000000000000000000000000000000000000000000000000000000000000000000000000000000000000000000000000000000000000000000000000000000000000000000000000000000000000000000000000000000000000000000000000000000000000000000000000000000000000000000>;
P_0x555583424e30 .param/l "INIT_B" 0 8 1518, C4<0000000000000000000000000000000000000000000000000000000000000000000000000000000000000000000000000000000000000000000000000000000000000000000000000000000000000000000000000000000000000000000000000000000000000000000000000000000000000000000000000000000000000000>;
P_0x555583424e70 .param/l "INIT_C" 0 8 1519, C4<0000000000000000000000000000000000000000000000000000000000000000000000000000000000000000000000000000000000000000000000000000000000000000000000000000000000000000000000000000000000000000000000000000000000000000000000000000000000000000000000000000000000000000>;
P_0x555583424eb0 .param/l "INIT_D" 0 8 1520, C4<0000000000000000000000000000000000000000000000000000000000000000000000000000000000000000000000000000000000000000000000000000000000000000000000000000000000000000000000000000000000000000000000000000000000000000000000000000000000000000000000000000000000000000>;
P_0x555583424ef0 .param/l "INIT_E" 0 8 1521, C4<0000000000000000000000000000000000000000000000000000000000000000000000000000000000000000000000000000000000000000000000000000000000000000000000000000000000000000000000000000000000000000000000000000000000000000000000000000000000000000000000000000000000000000>;
P_0x555583424f30 .param/l "INIT_F" 0 8 1522, C4<0000000000000000000000000000000000000000000000000000000000000000000000000000000000000000000000000000000000000000000000000000000000000000000000000000000000000000000000000000000000000000000000000000000000000000000000000000000000000000000000000000000000000000>;
P_0x555583424f70 .param/str "INIT_FILE" 0 8 1524, "\000";
P_0x555583424fb0 .param/l "READ_MODE" 0 8 1505, +C4<00000000000000000000000000000000>;
P_0x555583424ff0 .param/l "WRITE_MODE" 0 8 1504, +C4<00000000000000000000000000000000>;
v0x555583427280_0 .net "MASK", 15 0, o0x7f693918c078;  alias, 0 drivers
v0x555583427340_0 .net "RADDR", 10 0, o0x7f693918c0a8;  alias, 0 drivers
v0x555583427420_0 .net "RCLK", 0 0, o0x7f693918c0d8;  alias, 0 drivers
v0x5555834274f0_0 .net "RCLKE", 0 0, o0x7f693918c108;  alias, 0 drivers
v0x5555834275b0_0 .net "RDATA", 15 0, L_0x555583454d90;  alias, 1 drivers
v0x5555834276e0_0 .var "RDATA_I", 15 0;
v0x5555834277c0_0 .net "RE", 0 0, o0x7f693918c198;  alias, 0 drivers
L_0x7f6939134c30 .functor BUFT 1, C4<0000000000000000>, C4<0>, C4<0>, C4<0>;
v0x555583427880_0 .net "RMASK_I", 15 0, L_0x7f6939134c30;  1 drivers
v0x555583427960_0 .net "WADDR", 10 0, o0x7f693918c1f8;  alias, 0 drivers
v0x555583427a40_0 .net "WCLK", 0 0, L_0x555583454e50;  1 drivers
v0x555583427b00_0 .net "WCLKE", 0 0, o0x7f693918c258;  alias, 0 drivers
v0x555583427bc0_0 .net "WDATA", 15 0, o0x7f693918c288;  alias, 0 drivers
v0x555583427ca0_0 .net "WDATA_I", 15 0, L_0x555583454ca0;  1 drivers
v0x555583427d80_0 .net "WE", 0 0, o0x7f693918c2e8;  alias, 0 drivers
v0x555583427e40_0 .net "WMASK_I", 15 0, L_0x555583454bb0;  1 drivers
v0x555583427f20_0 .var/i "i", 31 0;
v0x555583428000 .array "memory", 255 0, 15 0;
E_0x5555834269b0 .event posedge, v0x555583427420_0;
E_0x555583426a30 .event posedge, v0x555583427a40_0;
S_0x555583426a90 .scope generate, "genblk1" "genblk1" 8 1534, 8 1534 0, S_0x5555834249c0;
 .timescale -12 -12;
L_0x555583454bb0 .functor BUFZ 16, o0x7f693918c078, C4<0000000000000000>, C4<0000000000000000>, C4<0000000000000000>;
S_0x555583426c90 .scope generate, "genblk2" "genblk2" 8 1555, 8 1555 0, S_0x5555834249c0;
 .timescale -12 -12;
S_0x555583426e90 .scope generate, "genblk3" "genblk3" 8 1576, 8 1576 0, S_0x5555834249c0;
 .timescale -12 -12;
L_0x555583454ca0 .functor BUFZ 16, o0x7f693918c288, C4<0000000000000000>, C4<0000000000000000>, C4<0000000000000000>;
S_0x5555834270a0 .scope generate, "genblk4" "genblk4" 8 1595, 8 1595 0, S_0x5555834249c0;
 .timescale -12 -12;
L_0x555583454d90 .functor BUFZ 16, v0x5555834276e0_0, C4<0000000000000000>, C4<0000000000000000>, C4<0000000000000000>;
S_0x55558335c9b0 .scope module, "SB_RGBA_DRV" "SB_RGBA_DRV" 8 2692;
 .timescale -12 -12;
    .port_info 0 /INPUT 1 "CURREN";
    .port_info 1 /INPUT 1 "RGBLEDEN";
    .port_info 2 /INPUT 1 "RGB0PWM";
    .port_info 3 /INPUT 1 "RGB1PWM";
    .port_info 4 /INPUT 1 "RGB2PWM";
    .port_info 5 /OUTPUT 1 "RGB0";
    .port_info 6 /OUTPUT 1 "RGB1";
    .port_info 7 /OUTPUT 1 "RGB2";
P_0x55558335bd10 .param/str "CURRENT_MODE" 0 8 2702, "0b0";
P_0x55558335bd50 .param/str "RGB0_CURRENT" 0 8 2703, "0b000000";
P_0x55558335bd90 .param/str "RGB1_CURRENT" 0 8 2704, "0b000000";
P_0x55558335bdd0 .param/str "RGB2_CURRENT" 0 8 2705, "0b000000";
o0x7f693918c7c8 .functor BUFZ 1, c4<z>; HiZ drive
v0x555583428d00_0 .net "CURREN", 0 0, o0x7f693918c7c8;  0 drivers
o0x7f693918c7f8 .functor BUFZ 1, c4<z>; HiZ drive
v0x555583428de0_0 .net "RGB0", 0 0, o0x7f693918c7f8;  0 drivers
o0x7f693918c828 .functor BUFZ 1, c4<z>; HiZ drive
v0x555583428ea0_0 .net "RGB0PWM", 0 0, o0x7f693918c828;  0 drivers
o0x7f693918c858 .functor BUFZ 1, c4<z>; HiZ drive
v0x555583428f70_0 .net "RGB1", 0 0, o0x7f693918c858;  0 drivers
o0x7f693918c888 .functor BUFZ 1, c4<z>; HiZ drive
v0x555583429030_0 .net "RGB1PWM", 0 0, o0x7f693918c888;  0 drivers
o0x7f693918c8b8 .functor BUFZ 1, c4<z>; HiZ drive
v0x5555834290f0_0 .net "RGB2", 0 0, o0x7f693918c8b8;  0 drivers
o0x7f693918c8e8 .functor BUFZ 1, c4<z>; HiZ drive
v0x5555834291b0_0 .net "RGB2PWM", 0 0, o0x7f693918c8e8;  0 drivers
o0x7f693918c918 .functor BUFZ 1, c4<z>; HiZ drive
v0x555583429270_0 .net "RGBLEDEN", 0 0, o0x7f693918c918;  0 drivers
S_0x555583359b90 .scope module, "SB_RGB_DRV" "SB_RGB_DRV" 8 2716;
 .timescale -12 -12;
    .port_info 0 /INPUT 1 "RGBLEDEN";
    .port_info 1 /INPUT 1 "RGB0PWM";
    .port_info 2 /INPUT 1 "RGB1PWM";
    .port_info 3 /INPUT 1 "RGB2PWM";
    .port_info 4 /INPUT 1 "RGBPU";
    .port_info 5 /OUTPUT 1 "RGB0";
    .port_info 6 /OUTPUT 1 "RGB1";
    .port_info 7 /OUTPUT 1 "RGB2";
P_0x555583358c40 .param/str "CURRENT_MODE" 0 8 2726, "0b0";
P_0x555583358c80 .param/str "RGB0_CURRENT" 0 8 2727, "0b000000";
P_0x555583358cc0 .param/str "RGB1_CURRENT" 0 8 2728, "0b000000";
P_0x555583358d00 .param/str "RGB2_CURRENT" 0 8 2729, "0b000000";
o0x7f693918cac8 .functor BUFZ 1, c4<z>; HiZ drive
v0x555583429480_0 .net "RGB0", 0 0, o0x7f693918cac8;  0 drivers
o0x7f693918caf8 .functor BUFZ 1, c4<z>; HiZ drive
v0x555583429560_0 .net "RGB0PWM", 0 0, o0x7f693918caf8;  0 drivers
o0x7f693918cb28 .functor BUFZ 1, c4<z>; HiZ drive
v0x555583429620_0 .net "RGB1", 0 0, o0x7f693918cb28;  0 drivers
o0x7f693918cb58 .functor BUFZ 1, c4<z>; HiZ drive
v0x5555834296c0_0 .net "RGB1PWM", 0 0, o0x7f693918cb58;  0 drivers
o0x7f693918cb88 .functor BUFZ 1, c4<z>; HiZ drive
v0x555583429780_0 .net "RGB2", 0 0, o0x7f693918cb88;  0 drivers
o0x7f693918cbb8 .functor BUFZ 1, c4<z>; HiZ drive
v0x555583429840_0 .net "RGB2PWM", 0 0, o0x7f693918cbb8;  0 drivers
o0x7f693918cbe8 .functor BUFZ 1, c4<z>; HiZ drive
v0x555583429900_0 .net "RGBLEDEN", 0 0, o0x7f693918cbe8;  0 drivers
o0x7f693918cc18 .functor BUFZ 1, c4<z>; HiZ drive
v0x5555834299c0_0 .net "RGBPU", 0 0, o0x7f693918cc18;  0 drivers
S_0x555583356da0 .scope module, "SB_SPI" "SB_SPI" 8 2776;
 .timescale -12 -12;
    .port_info 0 /INPUT 1 "SBCLKI";
    .port_info 1 /INPUT 1 "SBRWI";
    .port_info 2 /INPUT 1 "SBSTBI";
    .port_info 3 /INPUT 1 "SBADRI7";
    .port_info 4 /INPUT 1 "SBADRI6";
    .port_info 5 /INPUT 1 "SBADRI5";
    .port_info 6 /INPUT 1 "SBADRI4";
    .port_info 7 /INPUT 1 "SBADRI3";
    .port_info 8 /INPUT 1 "SBADRI2";
    .port_info 9 /INPUT 1 "SBADRI1";
    .port_info 10 /INPUT 1 "SBADRI0";
    .port_info 11 /INPUT 1 "SBDATI7";
    .port_info 12 /INPUT 1 "SBDATI6";
    .port_info 13 /INPUT 1 "SBDATI5";
    .port_info 14 /INPUT 1 "SBDATI4";
    .port_info 15 /INPUT 1 "SBDATI3";
    .port_info 16 /INPUT 1 "SBDATI2";
    .port_info 17 /INPUT 1 "SBDATI1";
    .port_info 18 /INPUT 1 "SBDATI0";
    .port_info 19 /INPUT 1 "MI";
    .port_info 20 /INPUT 1 "SI";
    .port_info 21 /INPUT 1 "SCKI";
    .port_info 22 /INPUT 1 "SCSNI";
    .port_info 23 /OUTPUT 1 "SBDATO7";
    .port_info 24 /OUTPUT 1 "SBDATO6";
    .port_info 25 /OUTPUT 1 "SBDATO5";
    .port_info 26 /OUTPUT 1 "SBDATO4";
    .port_info 27 /OUTPUT 1 "SBDATO3";
    .port_info 28 /OUTPUT 1 "SBDATO2";
    .port_info 29 /OUTPUT 1 "SBDATO1";
    .port_info 30 /OUTPUT 1 "SBDATO0";
    .port_info 31 /OUTPUT 1 "SBACKO";
    .port_info 32 /OUTPUT 1 "SPIIRQ";
    .port_info 33 /OUTPUT 1 "SPIWKUP";
    .port_info 34 /OUTPUT 1 "SO";
    .port_info 35 /OUTPUT 1 "SOE";
    .port_info 36 /OUTPUT 1 "MO";
    .port_info 37 /OUTPUT 1 "MOE";
    .port_info 38 /OUTPUT 1 "SCKO";
    .port_info 39 /OUTPUT 1 "SCKOE";
    .port_info 40 /OUTPUT 1 "MCSNO3";
    .port_info 41 /OUTPUT 1 "MCSNO2";
    .port_info 42 /OUTPUT 1 "MCSNO1";
    .port_info 43 /OUTPUT 1 "MCSNO0";
    .port_info 44 /OUTPUT 1 "MCSNOE3";
    .port_info 45 /OUTPUT 1 "MCSNOE2";
    .port_info 46 /OUTPUT 1 "MCSNOE1";
    .port_info 47 /OUTPUT 1 "MCSNOE0";
P_0x5555831ed180 .param/str "BUS_ADDR74" 0 8 2826, "0b0000";
o0x7f693918cdc8 .functor BUFZ 1, c4<z>; HiZ drive
v0x555583429bd0_0 .net "MCSNO0", 0 0, o0x7f693918cdc8;  0 drivers
o0x7f693918cdf8 .functor BUFZ 1, c4<z>; HiZ drive
v0x555583429cb0_0 .net "MCSNO1", 0 0, o0x7f693918cdf8;  0 drivers
o0x7f693918ce28 .functor BUFZ 1, c4<z>; HiZ drive
v0x555583429d70_0 .net "MCSNO2", 0 0, o0x7f693918ce28;  0 drivers
o0x7f693918ce58 .functor BUFZ 1, c4<z>; HiZ drive
v0x555583429e10_0 .net "MCSNO3", 0 0, o0x7f693918ce58;  0 drivers
o0x7f693918ce88 .functor BUFZ 1, c4<z>; HiZ drive
v0x555583429ed0_0 .net "MCSNOE0", 0 0, o0x7f693918ce88;  0 drivers
o0x7f693918ceb8 .functor BUFZ 1, c4<z>; HiZ drive
v0x555583429f90_0 .net "MCSNOE1", 0 0, o0x7f693918ceb8;  0 drivers
o0x7f693918cee8 .functor BUFZ 1, c4<z>; HiZ drive
v0x55558342a050_0 .net "MCSNOE2", 0 0, o0x7f693918cee8;  0 drivers
o0x7f693918cf18 .functor BUFZ 1, c4<z>; HiZ drive
v0x55558342a110_0 .net "MCSNOE3", 0 0, o0x7f693918cf18;  0 drivers
o0x7f693918cf48 .functor BUFZ 1, c4<z>; HiZ drive
v0x55558342a1d0_0 .net "MI", 0 0, o0x7f693918cf48;  0 drivers
o0x7f693918cf78 .functor BUFZ 1, c4<z>; HiZ drive
v0x55558342a320_0 .net "MO", 0 0, o0x7f693918cf78;  0 drivers
o0x7f693918cfa8 .functor BUFZ 1, c4<z>; HiZ drive
v0x55558342a3e0_0 .net "MOE", 0 0, o0x7f693918cfa8;  0 drivers
o0x7f693918cfd8 .functor BUFZ 1, c4<z>; HiZ drive
v0x55558342a4a0_0 .net "SBACKO", 0 0, o0x7f693918cfd8;  0 drivers
o0x7f693918d008 .functor BUFZ 1, c4<z>; HiZ drive
v0x55558342a560_0 .net "SBADRI0", 0 0, o0x7f693918d008;  0 drivers
o0x7f693918d038 .functor BUFZ 1, c4<z>; HiZ drive
v0x55558342a620_0 .net "SBADRI1", 0 0, o0x7f693918d038;  0 drivers
o0x7f693918d068 .functor BUFZ 1, c4<z>; HiZ drive
v0x55558342a6e0_0 .net "SBADRI2", 0 0, o0x7f693918d068;  0 drivers
o0x7f693918d098 .functor BUFZ 1, c4<z>; HiZ drive
v0x55558342a7a0_0 .net "SBADRI3", 0 0, o0x7f693918d098;  0 drivers
o0x7f693918d0c8 .functor BUFZ 1, c4<z>; HiZ drive
v0x55558342a860_0 .net "SBADRI4", 0 0, o0x7f693918d0c8;  0 drivers
o0x7f693918d0f8 .functor BUFZ 1, c4<z>; HiZ drive
v0x55558342aa30_0 .net "SBADRI5", 0 0, o0x7f693918d0f8;  0 drivers
o0x7f693918d128 .functor BUFZ 1, c4<z>; HiZ drive
v0x55558342aaf0_0 .net "SBADRI6", 0 0, o0x7f693918d128;  0 drivers
o0x7f693918d158 .functor BUFZ 1, c4<z>; HiZ drive
v0x55558342abb0_0 .net "SBADRI7", 0 0, o0x7f693918d158;  0 drivers
o0x7f693918d188 .functor BUFZ 1, c4<z>; HiZ drive
v0x55558342ac70_0 .net "SBCLKI", 0 0, o0x7f693918d188;  0 drivers
o0x7f693918d1b8 .functor BUFZ 1, c4<z>; HiZ drive
v0x55558342ad30_0 .net "SBDATI0", 0 0, o0x7f693918d1b8;  0 drivers
o0x7f693918d1e8 .functor BUFZ 1, c4<z>; HiZ drive
v0x55558342adf0_0 .net "SBDATI1", 0 0, o0x7f693918d1e8;  0 drivers
o0x7f693918d218 .functor BUFZ 1, c4<z>; HiZ drive
v0x55558342aeb0_0 .net "SBDATI2", 0 0, o0x7f693918d218;  0 drivers
o0x7f693918d248 .functor BUFZ 1, c4<z>; HiZ drive
v0x55558342af70_0 .net "SBDATI3", 0 0, o0x7f693918d248;  0 drivers
o0x7f693918d278 .functor BUFZ 1, c4<z>; HiZ drive
v0x55558342b030_0 .net "SBDATI4", 0 0, o0x7f693918d278;  0 drivers
o0x7f693918d2a8 .functor BUFZ 1, c4<z>; HiZ drive
v0x55558342b0f0_0 .net "SBDATI5", 0 0, o0x7f693918d2a8;  0 drivers
o0x7f693918d2d8 .functor BUFZ 1, c4<z>; HiZ drive
v0x55558342b1b0_0 .net "SBDATI6", 0 0, o0x7f693918d2d8;  0 drivers
o0x7f693918d308 .functor BUFZ 1, c4<z>; HiZ drive
v0x55558342b270_0 .net "SBDATI7", 0 0, o0x7f693918d308;  0 drivers
o0x7f693918d338 .functor BUFZ 1, c4<z>; HiZ drive
v0x55558342b330_0 .net "SBDATO0", 0 0, o0x7f693918d338;  0 drivers
o0x7f693918d368 .functor BUFZ 1, c4<z>; HiZ drive
v0x55558342b3f0_0 .net "SBDATO1", 0 0, o0x7f693918d368;  0 drivers
o0x7f693918d398 .functor BUFZ 1, c4<z>; HiZ drive
v0x55558342b4b0_0 .net "SBDATO2", 0 0, o0x7f693918d398;  0 drivers
o0x7f693918d3c8 .functor BUFZ 1, c4<z>; HiZ drive
v0x55558342b570_0 .net "SBDATO3", 0 0, o0x7f693918d3c8;  0 drivers
o0x7f693918d3f8 .functor BUFZ 1, c4<z>; HiZ drive
v0x55558342b630_0 .net "SBDATO4", 0 0, o0x7f693918d3f8;  0 drivers
o0x7f693918d428 .functor BUFZ 1, c4<z>; HiZ drive
v0x55558342b6f0_0 .net "SBDATO5", 0 0, o0x7f693918d428;  0 drivers
o0x7f693918d458 .functor BUFZ 1, c4<z>; HiZ drive
v0x55558342b7b0_0 .net "SBDATO6", 0 0, o0x7f693918d458;  0 drivers
o0x7f693918d488 .functor BUFZ 1, c4<z>; HiZ drive
v0x55558342b870_0 .net "SBDATO7", 0 0, o0x7f693918d488;  0 drivers
o0x7f693918d4b8 .functor BUFZ 1, c4<z>; HiZ drive
v0x55558342b930_0 .net "SBRWI", 0 0, o0x7f693918d4b8;  0 drivers
o0x7f693918d4e8 .functor BUFZ 1, c4<z>; HiZ drive
v0x55558342b9f0_0 .net "SBSTBI", 0 0, o0x7f693918d4e8;  0 drivers
o0x7f693918d518 .functor BUFZ 1, c4<z>; HiZ drive
v0x55558342bab0_0 .net "SCKI", 0 0, o0x7f693918d518;  0 drivers
o0x7f693918d548 .functor BUFZ 1, c4<z>; HiZ drive
v0x55558342bb70_0 .net "SCKO", 0 0, o0x7f693918d548;  0 drivers
o0x7f693918d578 .functor BUFZ 1, c4<z>; HiZ drive
v0x55558342bc30_0 .net "SCKOE", 0 0, o0x7f693918d578;  0 drivers
o0x7f693918d5a8 .functor BUFZ 1, c4<z>; HiZ drive
v0x55558342bcf0_0 .net "SCSNI", 0 0, o0x7f693918d5a8;  0 drivers
o0x7f693918d5d8 .functor BUFZ 1, c4<z>; HiZ drive
v0x55558342bdb0_0 .net "SI", 0 0, o0x7f693918d5d8;  0 drivers
o0x7f693918d608 .functor BUFZ 1, c4<z>; HiZ drive
v0x55558342be70_0 .net "SO", 0 0, o0x7f693918d608;  0 drivers
o0x7f693918d638 .functor BUFZ 1, c4<z>; HiZ drive
v0x55558342bf30_0 .net "SOE", 0 0, o0x7f693918d638;  0 drivers
o0x7f693918d668 .functor BUFZ 1, c4<z>; HiZ drive
v0x55558342bff0_0 .net "SPIIRQ", 0 0, o0x7f693918d668;  0 drivers
o0x7f693918d698 .functor BUFZ 1, c4<z>; HiZ drive
v0x55558342c0b0_0 .net "SPIWKUP", 0 0, o0x7f693918d698;  0 drivers
S_0x555583354190 .scope module, "SB_SPRAM256KA" "SB_SPRAM256KA" 8 2600;
 .timescale -12 -12;
    .port_info 0 /INPUT 14 "ADDRESS";
    .port_info 1 /INPUT 16 "DATAIN";
    .port_info 2 /INPUT 4 "MASKWREN";
    .port_info 3 /INPUT 1 "WREN";
    .port_info 4 /INPUT 1 "CHIPSELECT";
    .port_info 5 /INPUT 1 "CLOCK";
    .port_info 6 /INPUT 1 "STANDBY";
    .port_info 7 /INPUT 1 "SLEEP";
    .port_info 8 /INPUT 1 "POWEROFF";
    .port_info 9 /OUTPUT 16 "DATAOUT";
o0x7f693918e118 .functor BUFZ 1, c4<z>; HiZ drive
L_0x555583454ff0 .functor OR 1, o0x7f693918e118, L_0x555583454ef0, C4<0>, C4<0>;
o0x7f693918dfc8 .functor BUFZ 14, c4<zzzzzzzzzzzzzz>; HiZ drive
v0x55558342c9e0_0 .net "ADDRESS", 13 0, o0x7f693918dfc8;  0 drivers
o0x7f693918dff8 .functor BUFZ 1, c4<z>; HiZ drive
v0x55558342cae0_0 .net "CHIPSELECT", 0 0, o0x7f693918dff8;  0 drivers
o0x7f693918e028 .functor BUFZ 1, c4<z>; HiZ drive
v0x55558342cba0_0 .net "CLOCK", 0 0, o0x7f693918e028;  0 drivers
o0x7f693918e058 .functor BUFZ 16, c4<zzzzzzzzzzzzzzzz>; HiZ drive
v0x55558342cc40_0 .net "DATAIN", 15 0, o0x7f693918e058;  0 drivers
v0x55558342cd20_0 .var "DATAOUT", 15 0;
o0x7f693918e0b8 .functor BUFZ 4, c4<zzzz>; HiZ drive
v0x55558342ce00_0 .net "MASKWREN", 3 0, o0x7f693918e0b8;  0 drivers
o0x7f693918e0e8 .functor BUFZ 1, c4<z>; HiZ drive
v0x55558342cee0_0 .net "POWEROFF", 0 0, o0x7f693918e0e8;  0 drivers
v0x55558342cfa0_0 .net "SLEEP", 0 0, o0x7f693918e118;  0 drivers
o0x7f693918e148 .functor BUFZ 1, c4<z>; HiZ drive
v0x55558342d060_0 .net "STANDBY", 0 0, o0x7f693918e148;  0 drivers
o0x7f693918e178 .functor BUFZ 1, c4<z>; HiZ drive
v0x55558342d120_0 .net "WREN", 0 0, o0x7f693918e178;  0 drivers
v0x55558342d1e0_0 .net *"_ivl_1", 0 0, L_0x555583454ef0;  1 drivers
v0x55558342d2a0_0 .var/i "i", 31 0;
v0x55558342d380 .array "mem", 16383 0, 15 0;
v0x55558342d440_0 .net "off", 0 0, L_0x555583454ff0;  1 drivers
E_0x55558342c900 .event posedge, v0x55558342d440_0, v0x55558342cba0_0;
E_0x55558342c980 .event negedge, v0x55558342cee0_0;
L_0x555583454ef0 .reduce/nor o0x7f693918e0e8;
S_0x555583353af0 .scope module, "SB_WARMBOOT" "SB_WARMBOOT" 8 2593;
 .timescale -12 -12;
    .port_info 0 /INPUT 1 "BOOT";
    .port_info 1 /INPUT 1 "S1";
    .port_info 2 /INPUT 1 "S0";
o0x7f693918e418 .functor BUFZ 1, c4<z>; HiZ drive
v0x55558342d640_0 .net "BOOT", 0 0, o0x7f693918e418;  0 drivers
o0x7f693918e448 .functor BUFZ 1, c4<z>; HiZ drive
v0x55558342d720_0 .net "S0", 0 0, o0x7f693918e448;  0 drivers
o0x7f693918e478 .functor BUFZ 1, c4<z>; HiZ drive
v0x55558342d7e0_0 .net "S1", 0 0, o0x7f693918e478;  0 drivers
S_0x55558338fd40 .scope module, "Xor" "Xor" 14 7;
 .timescale -12 -12;
    .port_info 0 /INPUT 1 "a";
    .port_info 1 /INPUT 1 "b";
    .port_info 2 /OUTPUT 1 "out";
o0x7f693918e5c8 .functor BUFZ 1, c4<z>; HiZ drive
o0x7f693918e5f8 .functor BUFZ 1, c4<z>; HiZ drive
L_0x555583455110 .functor XNOR 1, o0x7f693918e5c8, o0x7f693918e5f8, C4<0>, C4<0>;
v0x55558342d900_0 .net *"_ivl_0", 0 0, L_0x555583455110;  1 drivers
L_0x7f6939134c78 .functor BUFT 1, C4<0>, C4<0>, C4<0>, C4<0>;
v0x55558342d9c0_0 .net/2u *"_ivl_2", 0 0, L_0x7f6939134c78;  1 drivers
L_0x7f6939134cc0 .functor BUFT 1, C4<1>, C4<0>, C4<0>, C4<0>;
v0x55558342daa0_0 .net/2u *"_ivl_4", 0 0, L_0x7f6939134cc0;  1 drivers
v0x55558342db90_0 .net "a", 0 0, o0x7f693918e5c8;  0 drivers
v0x55558342dc50_0 .net "b", 0 0, o0x7f693918e5f8;  0 drivers
v0x55558342dd10_0 .net "out", 0 0, L_0x555583455240;  1 drivers
L_0x555583455240 .functor MUXZ 1, L_0x7f6939134cc0, L_0x7f6939134c78, L_0x555583455110, C4<>;
    .scope S_0x555583345eb0;
T_3 ;
    %pushi/vec4 0, 0, 1;
    %store/vec4 v0x55558319a7d0_0, 0, 1;
    %pushi/vec4 0, 0, 16;
    %store/vec4 v0x55558319a950_0, 0, 16;
    %end;
    .thread T_3, $init;
    .scope S_0x555583345eb0;
T_4 ;
    %vpi_call/w 4 31 "$dumpvars", 32'sb00000000000000000000000000000000, S_0x555583345eb0 {0 0 0};
    %vpi_call/w 4 33 "$display", "------------------------" {0 0 0};
    %vpi_call/w 4 34 "$display", "Testbench: Buffer16" {0 0 0};
    %pushi/vec4 0, 0, 16;
    %store/vec4 v0x55558319a950_0, 0, 16;
T_4.0 ; Top of for-loop
    %load/vec4 v0x55558319a950_0;
    %pad/u 32;
    %cmpi/u 10000, 0, 32;
	  %jmp/0xz T_4.1, 5;
    %vpi_func 4 38 "$random" 32 {0 0 0};
    %pad/s 16;
    %store/vec4 v0x55558319a890_0, 0, 16;
    %fork TD_Buffer16_tb.check, S_0x55558319e6a0;
    %join;
T_4.2 ; for-loop step statement
    %load/vec4 v0x55558319a950_0;
    %addi 1, 0, 16;
    %store/vec4 v0x55558319a950_0, 0, 16;
    %jmp T_4.0;
T_4.1 ; for-loop exit label
    %load/vec4 v0x55558319a7d0_0;
    %pad/u 32;
    %cmpi/e 0, 0, 32;
    %jmp/0xz  T_4.3, 4;
    %vpi_call/w 4 43 "$display", "passed" {0 0 0};
T_4.3 ;
    %vpi_call/w 4 44 "$display", "------------------------" {0 0 0};
    %vpi_call/w 4 45 "$finish" {0 0 0};
    %end;
    .thread T_4;
    .scope S_0x555583347470;
T_5 ;
    %pushi/vec4 0, 0, 1;
    %store/vec4 v0x555583181850_0, 0, 1;
    %pushi/vec4 0, 0, 1;
    %store/vec4 v0x555583181910_0, 0, 1;
    %end;
    .thread T_5, $init;
    .scope S_0x555583347470;
T_6 ;
    %wait E_0x555583184440;
    %load/vec4 v0x55558319c7a0_0;
    %flag_set/vec4 8;
    %jmp/0xz  T_6.0, 8;
    %load/vec4 v0x555583191c80_0;
    %flag_set/vec4 8;
    %jmp/0 T_6.2, 8;
    %pushi/vec4 0, 0, 1;
    %jmp/1 T_6.3, 8;
T_6.2 ; End of true expr.
    %load/vec4 v0x555583182bf0_0;
    %jmp/0 T_6.3, 8;
 ; End of false expr.
    %blend;
T_6.3;
    %assign/vec4 v0x555583181850_0, 0;
T_6.0 ;
    %jmp T_6;
    .thread T_6;
    .scope S_0x555583347470;
T_7 ;
    %wait E_0x555583185cb0;
    %load/vec4 v0x555583191c80_0;
    %flag_set/vec4 8;
    %jmp/0xz  T_7.0, 8;
    %pushi/vec4 0, 0, 1;
    %assign/vec4 v0x555583181910_0, 0;
    %jmp T_7.1;
T_7.0 ;
    %load/vec4 v0x55558319c7a0_0;
    %flag_set/vec4 8;
    %jmp/0xz  T_7.2, 8;
    %load/vec4 v0x555583182bf0_0;
    %assign/vec4 v0x555583181910_0, 0;
T_7.2 ;
T_7.1 ;
    %jmp T_7;
    .thread T_7;
    .scope S_0x55558320d270;
T_8 ;
    %pushi/vec4 0, 0, 32;
    %store/vec4 v0x5555833f5df0_0, 0, 32;
T_8.0 ; Top of for-loop
    %load/vec4 v0x5555833f5df0_0;
    %cmpi/s 16, 0, 32;
	  %jmp/0xz T_8.1, 5;
    %pushi/vec4 0, 0, 256;
    %load/vec4 v0x5555833f5df0_0;
    %muli 16, 0, 32;
    %part/s 16;
    %pushi/vec4 0, 0, 32;
    %load/vec4 v0x5555833f5df0_0;
    %add;
    %ix/vec4/s 4;
    %store/vec4a v0x5555833f5ed0, 4, 0;
    %pushi/vec4 0, 0, 256;
    %load/vec4 v0x5555833f5df0_0;
    %muli 16, 0, 32;
    %part/s 16;
    %pushi/vec4 16, 0, 32;
    %load/vec4 v0x5555833f5df0_0;
    %add;
    %ix/vec4/s 4;
    %store/vec4a v0x5555833f5ed0, 4, 0;
    %pushi/vec4 0, 0, 256;
    %load/vec4 v0x5555833f5df0_0;
    %muli 16, 0, 32;
    %part/s 16;
    %pushi/vec4 32, 0, 32;
    %load/vec4 v0x5555833f5df0_0;
    %add;
    %ix/vec4/s 4;
    %store/vec4a v0x5555833f5ed0, 4, 0;
    %pushi/vec4 0, 0, 256;
    %load/vec4 v0x5555833f5df0_0;
    %muli 16, 0, 32;
    %part/s 16;
    %pushi/vec4 48, 0, 32;
    %load/vec4 v0x5555833f5df0_0;
    %add;
    %ix/vec4/s 4;
    %store/vec4a v0x5555833f5ed0, 4, 0;
    %pushi/vec4 0, 0, 256;
    %load/vec4 v0x5555833f5df0_0;
    %muli 16, 0, 32;
    %part/s 16;
    %pushi/vec4 64, 0, 32;
    %load/vec4 v0x5555833f5df0_0;
    %add;
    %ix/vec4/s 4;
    %store/vec4a v0x5555833f5ed0, 4, 0;
    %pushi/vec4 0, 0, 256;
    %load/vec4 v0x5555833f5df0_0;
    %muli 16, 0, 32;
    %part/s 16;
    %pushi/vec4 80, 0, 32;
    %load/vec4 v0x5555833f5df0_0;
    %add;
    %ix/vec4/s 4;
    %store/vec4a v0x5555833f5ed0, 4, 0;
    %pushi/vec4 0, 0, 256;
    %load/vec4 v0x5555833f5df0_0;
    %muli 16, 0, 32;
    %part/s 16;
    %pushi/vec4 96, 0, 32;
    %load/vec4 v0x5555833f5df0_0;
    %add;
    %ix/vec4/s 4;
    %store/vec4a v0x5555833f5ed0, 4, 0;
    %pushi/vec4 0, 0, 256;
    %load/vec4 v0x5555833f5df0_0;
    %muli 16, 0, 32;
    %part/s 16;
    %pushi/vec4 112, 0, 32;
    %load/vec4 v0x5555833f5df0_0;
    %add;
    %ix/vec4/s 4;
    %store/vec4a v0x5555833f5ed0, 4, 0;
    %pushi/vec4 0, 0, 256;
    %load/vec4 v0x5555833f5df0_0;
    %muli 16, 0, 32;
    %part/s 16;
    %pushi/vec4 128, 0, 32;
    %load/vec4 v0x5555833f5df0_0;
    %add;
    %ix/vec4/s 4;
    %store/vec4a v0x5555833f5ed0, 4, 0;
    %pushi/vec4 0, 0, 256;
    %load/vec4 v0x5555833f5df0_0;
    %muli 16, 0, 32;
    %part/s 16;
    %pushi/vec4 144, 0, 32;
    %load/vec4 v0x5555833f5df0_0;
    %add;
    %ix/vec4/s 4;
    %store/vec4a v0x5555833f5ed0, 4, 0;
    %pushi/vec4 0, 0, 256;
    %load/vec4 v0x5555833f5df0_0;
    %muli 16, 0, 32;
    %part/s 16;
    %pushi/vec4 160, 0, 32;
    %load/vec4 v0x5555833f5df0_0;
    %add;
    %ix/vec4/s 4;
    %store/vec4a v0x5555833f5ed0, 4, 0;
    %pushi/vec4 0, 0, 256;
    %load/vec4 v0x5555833f5df0_0;
    %muli 16, 0, 32;
    %part/s 16;
    %pushi/vec4 176, 0, 32;
    %load/vec4 v0x5555833f5df0_0;
    %add;
    %ix/vec4/s 4;
    %store/vec4a v0x5555833f5ed0, 4, 0;
    %pushi/vec4 0, 0, 256;
    %load/vec4 v0x5555833f5df0_0;
    %muli 16, 0, 32;
    %part/s 16;
    %pushi/vec4 192, 0, 32;
    %load/vec4 v0x5555833f5df0_0;
    %add;
    %ix/vec4/s 4;
    %store/vec4a v0x5555833f5ed0, 4, 0;
    %pushi/vec4 0, 0, 256;
    %load/vec4 v0x5555833f5df0_0;
    %muli 16, 0, 32;
    %part/s 16;
    %pushi/vec4 208, 0, 32;
    %load/vec4 v0x5555833f5df0_0;
    %add;
    %ix/vec4/s 4;
    %store/vec4a v0x5555833f5ed0, 4, 0;
    %pushi/vec4 0, 0, 256;
    %load/vec4 v0x5555833f5df0_0;
    %muli 16, 0, 32;
    %part/s 16;
    %pushi/vec4 224, 0, 32;
    %load/vec4 v0x5555833f5df0_0;
    %add;
    %ix/vec4/s 4;
    %store/vec4a v0x5555833f5ed0, 4, 0;
    %pushi/vec4 0, 0, 256;
    %load/vec4 v0x5555833f5df0_0;
    %muli 16, 0, 32;
    %part/s 16;
    %pushi/vec4 240, 0, 32;
    %load/vec4 v0x5555833f5df0_0;
    %add;
    %ix/vec4/s 4;
    %store/vec4a v0x5555833f5ed0, 4, 0;
T_8.2 ; for-loop step statement
    %load/vec4 v0x5555833f5df0_0;
    %addi 1, 0, 32;
    %store/vec4 v0x5555833f5df0_0, 0, 32;
    %jmp T_8.0;
T_8.1 ; for-loop exit label
    %end;
    .thread T_8;
    .scope S_0x55558320d270;
T_9 ;
    %wait E_0x55558320d780;
    %load/vec4 v0x5555833f5c50_0;
    %flag_set/vec4 9;
    %flag_get/vec4 9;
    %jmp/0 T_9.2, 9;
    %load/vec4 v0x5555833f59d0_0;
    %and;
T_9.2;
    %flag_set/vec4 8;
    %jmp/0xz  T_9.0, 8;
    %load/vec4 v0x5555833f5d10_0;
    %parti/s 1, 0, 2;
    %nor/r;
    %flag_set/vec4 8;
    %jmp/0xz  T_9.3, 8;
    %load/vec4 v0x5555833f5b70_0;
    %parti/s 1, 0, 2;
    %load/vec4 v0x5555833f5830_0;
    %parti/s 8, 0, 2;
    %pad/u 10;
    %ix/vec4 3;
    %ix/load 4, 0, 0; Constant delay
    %assign/vec4/a/d v0x5555833f5ed0, 0, 4;
T_9.3 ;
    %load/vec4 v0x5555833f5d10_0;
    %parti/s 1, 1, 2;
    %nor/r;
    %flag_set/vec4 8;
    %jmp/0xz  T_9.5, 8;
    %load/vec4 v0x5555833f5b70_0;
    %parti/s 1, 1, 2;
    %load/vec4 v0x5555833f5830_0;
    %parti/s 8, 0, 2;
    %pad/u 10;
    %ix/vec4 3;
    %ix/load 4, 1, 0; part off
    %ix/load 5, 0, 0; Constant delay
    %assign/vec4/a/d v0x5555833f5ed0, 4, 5;
T_9.5 ;
    %load/vec4 v0x5555833f5d10_0;
    %parti/s 1, 2, 3;
    %nor/r;
    %flag_set/vec4 8;
    %jmp/0xz  T_9.7, 8;
    %load/vec4 v0x5555833f5b70_0;
    %parti/s 1, 2, 3;
    %load/vec4 v0x5555833f5830_0;
    %parti/s 8, 0, 2;
    %pad/u 10;
    %ix/vec4 3;
    %ix/load 4, 2, 0; part off
    %ix/load 5, 0, 0; Constant delay
    %assign/vec4/a/d v0x5555833f5ed0, 4, 5;
T_9.7 ;
    %load/vec4 v0x5555833f5d10_0;
    %parti/s 1, 3, 3;
    %nor/r;
    %flag_set/vec4 8;
    %jmp/0xz  T_9.9, 8;
    %load/vec4 v0x5555833f5b70_0;
    %parti/s 1, 3, 3;
    %load/vec4 v0x5555833f5830_0;
    %parti/s 8, 0, 2;
    %pad/u 10;
    %ix/vec4 3;
    %ix/load 4, 3, 0; part off
    %ix/load 5, 0, 0; Constant delay
    %assign/vec4/a/d v0x5555833f5ed0, 4, 5;
T_9.9 ;
    %load/vec4 v0x5555833f5d10_0;
    %parti/s 1, 4, 4;
    %nor/r;
    %flag_set/vec4 8;
    %jmp/0xz  T_9.11, 8;
    %load/vec4 v0x5555833f5b70_0;
    %parti/s 1, 4, 4;
    %load/vec4 v0x5555833f5830_0;
    %parti/s 8, 0, 2;
    %pad/u 10;
    %ix/vec4 3;
    %ix/load 4, 4, 0; part off
    %ix/load 5, 0, 0; Constant delay
    %assign/vec4/a/d v0x5555833f5ed0, 4, 5;
T_9.11 ;
    %load/vec4 v0x5555833f5d10_0;
    %parti/s 1, 5, 4;
    %nor/r;
    %flag_set/vec4 8;
    %jmp/0xz  T_9.13, 8;
    %load/vec4 v0x5555833f5b70_0;
    %parti/s 1, 5, 4;
    %load/vec4 v0x5555833f5830_0;
    %parti/s 8, 0, 2;
    %pad/u 10;
    %ix/vec4 3;
    %ix/load 4, 5, 0; part off
    %ix/load 5, 0, 0; Constant delay
    %assign/vec4/a/d v0x5555833f5ed0, 4, 5;
T_9.13 ;
    %load/vec4 v0x5555833f5d10_0;
    %parti/s 1, 6, 4;
    %nor/r;
    %flag_set/vec4 8;
    %jmp/0xz  T_9.15, 8;
    %load/vec4 v0x5555833f5b70_0;
    %parti/s 1, 6, 4;
    %load/vec4 v0x5555833f5830_0;
    %parti/s 8, 0, 2;
    %pad/u 10;
    %ix/vec4 3;
    %ix/load 4, 6, 0; part off
    %ix/load 5, 0, 0; Constant delay
    %assign/vec4/a/d v0x5555833f5ed0, 4, 5;
T_9.15 ;
    %load/vec4 v0x5555833f5d10_0;
    %parti/s 1, 7, 4;
    %nor/r;
    %flag_set/vec4 8;
    %jmp/0xz  T_9.17, 8;
    %load/vec4 v0x5555833f5b70_0;
    %parti/s 1, 7, 4;
    %load/vec4 v0x5555833f5830_0;
    %parti/s 8, 0, 2;
    %pad/u 10;
    %ix/vec4 3;
    %ix/load 4, 7, 0; part off
    %ix/load 5, 0, 0; Constant delay
    %assign/vec4/a/d v0x5555833f5ed0, 4, 5;
T_9.17 ;
    %load/vec4 v0x5555833f5d10_0;
    %parti/s 1, 8, 5;
    %nor/r;
    %flag_set/vec4 8;
    %jmp/0xz  T_9.19, 8;
    %load/vec4 v0x5555833f5b70_0;
    %parti/s 1, 8, 5;
    %load/vec4 v0x5555833f5830_0;
    %parti/s 8, 0, 2;
    %pad/u 10;
    %ix/vec4 3;
    %ix/load 4, 8, 0; part off
    %ix/load 5, 0, 0; Constant delay
    %assign/vec4/a/d v0x5555833f5ed0, 4, 5;
T_9.19 ;
    %load/vec4 v0x5555833f5d10_0;
    %parti/s 1, 9, 5;
    %nor/r;
    %flag_set/vec4 8;
    %jmp/0xz  T_9.21, 8;
    %load/vec4 v0x5555833f5b70_0;
    %parti/s 1, 9, 5;
    %load/vec4 v0x5555833f5830_0;
    %parti/s 8, 0, 2;
    %pad/u 10;
    %ix/vec4 3;
    %ix/load 4, 9, 0; part off
    %ix/load 5, 0, 0; Constant delay
    %assign/vec4/a/d v0x5555833f5ed0, 4, 5;
T_9.21 ;
    %load/vec4 v0x5555833f5d10_0;
    %parti/s 1, 10, 5;
    %nor/r;
    %flag_set/vec4 8;
    %jmp/0xz  T_9.23, 8;
    %load/vec4 v0x5555833f5b70_0;
    %parti/s 1, 10, 5;
    %load/vec4 v0x5555833f5830_0;
    %parti/s 8, 0, 2;
    %pad/u 10;
    %ix/vec4 3;
    %ix/load 4, 10, 0; part off
    %ix/load 5, 0, 0; Constant delay
    %assign/vec4/a/d v0x5555833f5ed0, 4, 5;
T_9.23 ;
    %load/vec4 v0x5555833f5d10_0;
    %parti/s 1, 11, 5;
    %nor/r;
    %flag_set/vec4 8;
    %jmp/0xz  T_9.25, 8;
    %load/vec4 v0x5555833f5b70_0;
    %parti/s 1, 11, 5;
    %load/vec4 v0x5555833f5830_0;
    %parti/s 8, 0, 2;
    %pad/u 10;
    %ix/vec4 3;
    %ix/load 4, 11, 0; part off
    %ix/load 5, 0, 0; Constant delay
    %assign/vec4/a/d v0x5555833f5ed0, 4, 5;
T_9.25 ;
    %load/vec4 v0x5555833f5d10_0;
    %parti/s 1, 12, 5;
    %nor/r;
    %flag_set/vec4 8;
    %jmp/0xz  T_9.27, 8;
    %load/vec4 v0x5555833f5b70_0;
    %parti/s 1, 12, 5;
    %load/vec4 v0x5555833f5830_0;
    %parti/s 8, 0, 2;
    %pad/u 10;
    %ix/vec4 3;
    %ix/load 4, 12, 0; part off
    %ix/load 5, 0, 0; Constant delay
    %assign/vec4/a/d v0x5555833f5ed0, 4, 5;
T_9.27 ;
    %load/vec4 v0x5555833f5d10_0;
    %parti/s 1, 13, 5;
    %nor/r;
    %flag_set/vec4 8;
    %jmp/0xz  T_9.29, 8;
    %load/vec4 v0x5555833f5b70_0;
    %parti/s 1, 13, 5;
    %load/vec4 v0x5555833f5830_0;
    %parti/s 8, 0, 2;
    %pad/u 10;
    %ix/vec4 3;
    %ix/load 4, 13, 0; part off
    %ix/load 5, 0, 0; Constant delay
    %assign/vec4/a/d v0x5555833f5ed0, 4, 5;
T_9.29 ;
    %load/vec4 v0x5555833f5d10_0;
    %parti/s 1, 14, 5;
    %nor/r;
    %flag_set/vec4 8;
    %jmp/0xz  T_9.31, 8;
    %load/vec4 v0x5555833f5b70_0;
    %parti/s 1, 14, 5;
    %load/vec4 v0x5555833f5830_0;
    %parti/s 8, 0, 2;
    %pad/u 10;
    %ix/vec4 3;
    %ix/load 4, 14, 0; part off
    %ix/load 5, 0, 0; Constant delay
    %assign/vec4/a/d v0x5555833f5ed0, 4, 5;
T_9.31 ;
    %load/vec4 v0x5555833f5d10_0;
    %parti/s 1, 15, 5;
    %nor/r;
    %flag_set/vec4 8;
    %jmp/0xz  T_9.33, 8;
    %load/vec4 v0x5555833f5b70_0;
    %parti/s 1, 15, 5;
    %load/vec4 v0x5555833f5830_0;
    %parti/s 8, 0, 2;
    %pad/u 10;
    %ix/vec4 3;
    %ix/load 4, 15, 0; part off
    %ix/load 5, 0, 0; Constant delay
    %assign/vec4/a/d v0x5555833f5ed0, 4, 5;
T_9.33 ;
T_9.0 ;
    %jmp T_9;
    .thread T_9;
    .scope S_0x55558320d270;
T_10 ;
    %wait E_0x555583188e70;
    %load/vec4 v0x5555833f5690_0;
    %flag_set/vec4 9;
    %flag_get/vec4 9;
    %jmp/0 T_10.2, 9;
    %load/vec4 v0x5555833f53c0_0;
    %and;
T_10.2;
    %flag_set/vec4 8;
    %jmp/0xz  T_10.0, 8;
    %load/vec4 v0x5555833f5210_0;
    %parti/s 8, 0, 2;
    %pad/u 10;
    %ix/vec4 4;
    %load/vec4a v0x5555833f5ed0, 4;
    %load/vec4 v0x5555833f5750_0;
    %inv;
    %and;
    %assign/vec4 v0x5555833f55b0_0, 0;
T_10.0 ;
    %jmp T_10;
    .thread T_10;
    .scope S_0x555583342850;
T_11 ;
    %pushi/vec4 0, 0, 1;
    %store/vec4 v0x5555833ffeb0_0, 0, 1;
    %end;
    .thread T_11;
    .scope S_0x555583342850;
T_12 ;
    %wait E_0x5555833ffc90;
    %load/vec4 v0x5555833ffdf0_0;
    %assign/vec4 v0x5555833ffeb0_0, 0;
    %jmp T_12;
    .thread T_12;
    .scope S_0x555583343330;
T_13 ;
    %pushi/vec4 0, 0, 1;
    %store/vec4 v0x5555834002a0_0, 0, 1;
    %end;
    .thread T_13;
    .scope S_0x555583343330;
T_14 ;
    %wait E_0x5555833fffd0;
    %load/vec4 v0x5555834001d0_0;
    %flag_set/vec4 8;
    %jmp/0xz  T_14.0, 8;
    %load/vec4 v0x555583400110_0;
    %assign/vec4 v0x5555834002a0_0, 0;
T_14.0 ;
    %jmp T_14;
    .thread T_14;
    .scope S_0x555583343e10;
T_15 ;
    %pushi/vec4 0, 0, 1;
    %store/vec4 v0x5555834006d0_0, 0, 1;
    %end;
    .thread T_15;
    .scope S_0x555583343e10;
T_16 ;
    %wait E_0x555583400410;
    %load/vec4 v0x555583400790_0;
    %flag_set/vec4 8;
    %jmp/0xz  T_16.0, 8;
    %pushi/vec4 0, 0, 1;
    %assign/vec4 v0x5555834006d0_0, 0;
    %jmp T_16.1;
T_16.0 ;
    %load/vec4 v0x555583400630_0;
    %flag_set/vec4 8;
    %jmp/0xz  T_16.2, 8;
    %load/vec4 v0x555583400570_0;
    %assign/vec4 v0x5555834006d0_0, 0;
T_16.2 ;
T_16.1 ;
    %jmp T_16;
    .thread T_16;
    .scope S_0x5555833448f0;
T_17 ;
    %pushi/vec4 0, 0, 1;
    %store/vec4 v0x555583400c00_0, 0, 1;
    %end;
    .thread T_17;
    .scope S_0x5555833448f0;
T_18 ;
    %wait E_0x555583400940;
    %load/vec4 v0x555583400cc0_0;
    %flag_set/vec4 8;
    %jmp/0xz  T_18.0, 8;
    %pushi/vec4 1, 0, 1;
    %assign/vec4 v0x555583400c00_0, 0;
    %jmp T_18.1;
T_18.0 ;
    %load/vec4 v0x555583400b60_0;
    %flag_set/vec4 8;
    %jmp/0xz  T_18.2, 8;
    %load/vec4 v0x555583400aa0_0;
    %assign/vec4 v0x555583400c00_0, 0;
T_18.2 ;
T_18.1 ;
    %jmp T_18;
    .thread T_18;
    .scope S_0x5555833b5a80;
T_19 ;
    %pushi/vec4 0, 0, 1;
    %store/vec4 v0x555583401130_0, 0, 1;
    %end;
    .thread T_19;
    .scope S_0x5555833b5a80;
T_20 ;
    %wait E_0x555583400e70;
    %load/vec4 v0x555583401090_0;
    %flag_set/vec4 8;
    %jmp/0xz  T_20.0, 8;
    %load/vec4 v0x5555834011f0_0;
    %flag_set/vec4 8;
    %jmp/0xz  T_20.2, 8;
    %pushi/vec4 0, 0, 1;
    %assign/vec4 v0x555583401130_0, 0;
    %jmp T_20.3;
T_20.2 ;
    %load/vec4 v0x555583400fd0_0;
    %assign/vec4 v0x555583401130_0, 0;
T_20.3 ;
T_20.0 ;
    %jmp T_20;
    .thread T_20;
    .scope S_0x5555833b65d0;
T_21 ;
    %pushi/vec4 0, 0, 1;
    %store/vec4 v0x555583401660_0, 0, 1;
    %end;
    .thread T_21;
    .scope S_0x5555833b65d0;
T_22 ;
    %wait E_0x5555834013a0;
    %load/vec4 v0x5555834015c0_0;
    %flag_set/vec4 8;
    %jmp/0xz  T_22.0, 8;
    %load/vec4 v0x555583401720_0;
    %flag_set/vec4 8;
    %jmp/0xz  T_22.2, 8;
    %pushi/vec4 1, 0, 1;
    %assign/vec4 v0x555583401660_0, 0;
    %jmp T_22.3;
T_22.2 ;
    %load/vec4 v0x555583401500_0;
    %assign/vec4 v0x555583401660_0, 0;
T_22.3 ;
T_22.0 ;
    %jmp T_22;
    .thread T_22;
    .scope S_0x5555833b7960;
T_23 ;
    %pushi/vec4 0, 0, 1;
    %store/vec4 v0x555583401af0_0, 0, 1;
    %end;
    .thread T_23;
    .scope S_0x5555833b7960;
T_24 ;
    %wait E_0x5555834018d0;
    %load/vec4 v0x555583401a30_0;
    %assign/vec4 v0x555583401af0_0, 0;
    %jmp T_24;
    .thread T_24;
    .scope S_0x5555833cbbf0;
T_25 ;
    %pushi/vec4 0, 0, 1;
    %store/vec4 v0x555583401ee0_0, 0, 1;
    %end;
    .thread T_25;
    .scope S_0x5555833cbbf0;
T_26 ;
    %wait E_0x555583401c10;
    %load/vec4 v0x555583401e10_0;
    %flag_set/vec4 8;
    %jmp/0xz  T_26.0, 8;
    %load/vec4 v0x555583401d50_0;
    %assign/vec4 v0x555583401ee0_0, 0;
T_26.0 ;
    %jmp T_26;
    .thread T_26;
    .scope S_0x5555833cb800;
T_27 ;
    %pushi/vec4 0, 0, 1;
    %store/vec4 v0x555583402310_0, 0, 1;
    %end;
    .thread T_27;
    .scope S_0x5555833cb800;
T_28 ;
    %wait E_0x555583402050;
    %load/vec4 v0x5555834023d0_0;
    %flag_set/vec4 8;
    %jmp/0xz  T_28.0, 8;
    %pushi/vec4 0, 0, 1;
    %assign/vec4 v0x555583402310_0, 0;
    %jmp T_28.1;
T_28.0 ;
    %load/vec4 v0x555583402270_0;
    %flag_set/vec4 8;
    %jmp/0xz  T_28.2, 8;
    %load/vec4 v0x5555834021b0_0;
    %assign/vec4 v0x555583402310_0, 0;
T_28.2 ;
T_28.1 ;
    %jmp T_28;
    .thread T_28;
    .scope S_0x5555833ba090;
T_29 ;
    %pushi/vec4 0, 0, 1;
    %store/vec4 v0x555583402840_0, 0, 1;
    %end;
    .thread T_29;
    .scope S_0x5555833ba090;
T_30 ;
    %wait E_0x555583402580;
    %load/vec4 v0x555583402900_0;
    %flag_set/vec4 8;
    %jmp/0xz  T_30.0, 8;
    %pushi/vec4 1, 0, 1;
    %assign/vec4 v0x555583402840_0, 0;
    %jmp T_30.1;
T_30.0 ;
    %load/vec4 v0x5555834027a0_0;
    %flag_set/vec4 8;
    %jmp/0xz  T_30.2, 8;
    %load/vec4 v0x5555834026e0_0;
    %assign/vec4 v0x555583402840_0, 0;
T_30.2 ;
T_30.1 ;
    %jmp T_30;
    .thread T_30;
    .scope S_0x5555833b9ca0;
T_31 ;
    %pushi/vec4 0, 0, 1;
    %store/vec4 v0x555583402d70_0, 0, 1;
    %end;
    .thread T_31;
    .scope S_0x5555833b9ca0;
T_32 ;
    %wait E_0x555583402ab0;
    %load/vec4 v0x555583402cd0_0;
    %flag_set/vec4 8;
    %jmp/0xz  T_32.0, 8;
    %load/vec4 v0x555583402e30_0;
    %flag_set/vec4 8;
    %jmp/0xz  T_32.2, 8;
    %pushi/vec4 0, 0, 1;
    %assign/vec4 v0x555583402d70_0, 0;
    %jmp T_32.3;
T_32.2 ;
    %load/vec4 v0x555583402c10_0;
    %assign/vec4 v0x555583402d70_0, 0;
T_32.3 ;
T_32.0 ;
    %jmp T_32;
    .thread T_32;
    .scope S_0x5555833b94d0;
T_33 ;
    %pushi/vec4 0, 0, 1;
    %store/vec4 v0x5555834032a0_0, 0, 1;
    %end;
    .thread T_33;
    .scope S_0x5555833b94d0;
T_34 ;
    %wait E_0x555583402fe0;
    %load/vec4 v0x555583403200_0;
    %flag_set/vec4 8;
    %jmp/0xz  T_34.0, 8;
    %load/vec4 v0x555583403360_0;
    %flag_set/vec4 8;
    %jmp/0xz  T_34.2, 8;
    %pushi/vec4 1, 0, 1;
    %assign/vec4 v0x5555834032a0_0, 0;
    %jmp T_34.3;
T_34.2 ;
    %load/vec4 v0x555583403140_0;
    %assign/vec4 v0x5555834032a0_0, 0;
T_34.3 ;
T_34.0 ;
    %jmp T_34;
    .thread T_34;
    .scope S_0x5555833b42e0;
T_35 ;
    %pushi/vec4 0, 0, 1;
    %store/vec4 v0x555583403730_0, 0, 1;
    %end;
    .thread T_35;
    .scope S_0x5555833b42e0;
T_36 ;
    %wait E_0x555583403510;
    %load/vec4 v0x5555834037d0_0;
    %flag_set/vec4 8;
    %jmp/0xz  T_36.0, 8;
    %pushi/vec4 0, 0, 1;
    %assign/vec4 v0x555583403730_0, 0;
    %jmp T_36.1;
T_36.0 ;
    %load/vec4 v0x555583403670_0;
    %assign/vec4 v0x555583403730_0, 0;
T_36.1 ;
    %jmp T_36;
    .thread T_36;
    .scope S_0x5555833aec90;
T_37 ;
    %pushi/vec4 0, 0, 1;
    %store/vec4 v0x555583403b60_0, 0, 1;
    %end;
    .thread T_37;
    .scope S_0x5555833aec90;
T_38 ;
    %wait E_0x555583403940;
    %load/vec4 v0x555583403c00_0;
    %flag_set/vec4 8;
    %jmp/0xz  T_38.0, 8;
    %pushi/vec4 1, 0, 1;
    %assign/vec4 v0x555583403b60_0, 0;
    %jmp T_38.1;
T_38.0 ;
    %load/vec4 v0x555583403aa0_0;
    %assign/vec4 v0x555583403b60_0, 0;
T_38.1 ;
    %jmp T_38;
    .thread T_38;
    .scope S_0x555583396c90;
T_39 ;
    %pushi/vec4 0, 0, 1;
    %store/vec4 v0x555583403f90_0, 0, 1;
    %end;
    .thread T_39;
    .scope S_0x555583396c90;
T_40 ;
    %wait E_0x555583403d70;
    %load/vec4 v0x555583404030_0;
    %flag_set/vec4 8;
    %jmp/0xz  T_40.0, 8;
    %pushi/vec4 0, 0, 1;
    %assign/vec4 v0x555583403f90_0, 0;
    %jmp T_40.1;
T_40.0 ;
    %load/vec4 v0x555583403ed0_0;
    %assign/vec4 v0x555583403f90_0, 0;
T_40.1 ;
    %jmp T_40;
    .thread T_40;
    .scope S_0x5555833968a0;
T_41 ;
    %pushi/vec4 0, 0, 1;
    %store/vec4 v0x5555834043c0_0, 0, 1;
    %end;
    .thread T_41;
    .scope S_0x5555833968a0;
T_42 ;
    %wait E_0x5555834041a0;
    %load/vec4 v0x555583404460_0;
    %flag_set/vec4 8;
    %jmp/0xz  T_42.0, 8;
    %pushi/vec4 1, 0, 1;
    %assign/vec4 v0x5555834043c0_0, 0;
    %jmp T_42.1;
T_42.0 ;
    %load/vec4 v0x555583404300_0;
    %assign/vec4 v0x5555834043c0_0, 0;
T_42.1 ;
    %jmp T_42;
    .thread T_42;
    .scope S_0x5555833939a0;
T_43 ;
    %pushi/vec4 0, 0, 1;
    %store/vec4 v0x5555834047f0_0, 0, 1;
    %end;
    .thread T_43;
    .scope S_0x5555833939a0;
T_44 ;
    %wait E_0x5555834045d0;
    %load/vec4 v0x555583404890_0;
    %flag_set/vec4 8;
    %jmp/0xz  T_44.0, 8;
    %pushi/vec4 0, 0, 1;
    %assign/vec4 v0x5555834047f0_0, 0;
    %jmp T_44.1;
T_44.0 ;
    %load/vec4 v0x555583404730_0;
    %assign/vec4 v0x5555834047f0_0, 0;
T_44.1 ;
    %jmp T_44;
    .thread T_44;
    .scope S_0x5555833935b0;
T_45 ;
    %pushi/vec4 0, 0, 1;
    %store/vec4 v0x555583404c20_0, 0, 1;
    %end;
    .thread T_45;
    .scope S_0x5555833935b0;
T_46 ;
    %wait E_0x555583404a00;
    %load/vec4 v0x555583404cc0_0;
    %flag_set/vec4 8;
    %jmp/0xz  T_46.0, 8;
    %pushi/vec4 1, 0, 1;
    %assign/vec4 v0x555583404c20_0, 0;
    %jmp T_46.1;
T_46.0 ;
    %load/vec4 v0x555583404b60_0;
    %assign/vec4 v0x555583404c20_0, 0;
T_46.1 ;
    %jmp T_46;
    .thread T_46;
    .scope S_0x55558338d8a0;
T_47 ;
    %pushi/vec4 0, 0, 1;
    %store/vec4 v0x555583405050_0, 0, 1;
    %end;
    .thread T_47;
    .scope S_0x55558338d8a0;
T_48 ;
    %wait E_0x555583404e30;
    %load/vec4 v0x5555834050f0_0;
    %flag_set/vec4 8;
    %jmp/0xz  T_48.0, 8;
    %pushi/vec4 0, 0, 1;
    %assign/vec4 v0x555583405050_0, 0;
    %jmp T_48.1;
T_48.0 ;
    %load/vec4 v0x555583404f90_0;
    %assign/vec4 v0x555583405050_0, 0;
T_48.1 ;
    %jmp T_48;
    .thread T_48;
    .scope S_0x555583390540;
T_49 ;
    %pushi/vec4 0, 0, 1;
    %store/vec4 v0x555583405480_0, 0, 1;
    %end;
    .thread T_49;
    .scope S_0x555583390540;
T_50 ;
    %wait E_0x555583405260;
    %load/vec4 v0x555583405520_0;
    %flag_set/vec4 8;
    %jmp/0xz  T_50.0, 8;
    %pushi/vec4 1, 0, 1;
    %assign/vec4 v0x555583405480_0, 0;
    %jmp T_50.1;
T_50.0 ;
    %load/vec4 v0x5555834053c0_0;
    %assign/vec4 v0x555583405480_0, 0;
T_50.1 ;
    %jmp T_50;
    .thread T_50;
    .scope S_0x555583405fe0;
T_51 ;
    %wait E_0x555583406300;
    %load/vec4 v0x555583406ce0_0;
    %assign/vec4 v0x555583406da0_0, 0;
    %jmp T_51;
    .thread T_51;
    .scope S_0x555583405fe0;
T_52 ;
    %wait E_0x555583406300;
    %load/vec4 v0x555583406ce0_0;
    %flag_set/vec4 8;
    %jmp/0xz  T_52.0, 8;
    %load/vec4 v0x555583406a80_0;
    %assign/vec4 v0x5555834071b0_0, 0;
T_52.0 ;
    %jmp T_52;
    .thread T_52;
    .scope S_0x555583405fe0;
T_53 ;
    %wait E_0x5555834062a0;
    %load/vec4 v0x555583406da0_0;
    %flag_set/vec4 8;
    %jmp/0xz  T_53.0, 8;
    %load/vec4 v0x555583406a80_0;
    %assign/vec4 v0x555583407270_0, 0;
T_53.0 ;
    %jmp T_53;
    .thread T_53;
    .scope S_0x555583405fe0;
T_54 ;
    %wait E_0x5555834061c0;
    %load/vec4 v0x555583406ce0_0;
    %assign/vec4 v0x555583406e60_0, 0;
    %jmp T_54;
    .thread T_54;
    .scope S_0x555583405fe0;
T_55 ;
    %wait E_0x5555834061c0;
    %load/vec4 v0x555583406ce0_0;
    %flag_set/vec4 8;
    %jmp/0xz  T_55.0, 8;
    %load/vec4 v0x5555834065b0_0;
    %assign/vec4 v0x5555834073f0_0, 0;
T_55.0 ;
    %jmp T_55;
    .thread T_55;
    .scope S_0x555583405fe0;
T_56 ;
    %wait E_0x555583406240;
    %load/vec4 v0x555583406e60_0;
    %flag_set/vec4 8;
    %jmp/0xz  T_56.0, 8;
    %load/vec4 v0x555583406670_0;
    %assign/vec4 v0x5555834074b0_0, 0;
T_56.0 ;
    %jmp T_56;
    .thread T_56;
    .scope S_0x555583405fe0;
T_57 ;
    %wait E_0x5555834061c0;
    %load/vec4 v0x555583406ce0_0;
    %flag_set/vec4 8;
    %jmp/0xz  T_57.0, 8;
    %load/vec4 v0x5555834069c0_0;
    %assign/vec4 v0x5555834076f0_0, 0;
T_57.0 ;
    %jmp T_57;
    .thread T_57;
    .scope S_0x555583405a70;
T_58 ;
    %wait E_0x555583405f50;
    %load/vec4 v0x5555834071b0_0;
    %store/vec4 v0x555583406f20_0, 0, 1;
    %load/vec4 v0x555583407270_0;
    %store/vec4 v0x555583406fe0_0, 0, 1;
    %jmp T_58;
    .thread T_58, $push;
    .scope S_0x555583405a70;
T_59 ;
    %wait E_0x555583405ef0;
    %load/vec4 v0x555583406900_0;
    %assign/vec4 v0x555583407570_0, 0;
    %jmp T_59;
    .thread T_59, $push;
    .scope S_0x555583405a70;
T_60 ;
    %wait E_0x555583405e90;
    %load/vec4 v0x555583407570_0;
    %assign/vec4 v0x555583407630_0, 0;
    %jmp T_60;
    .thread T_60, $push;
    .scope S_0x555583405a70;
T_61 ;
    %wait E_0x555583405e30;
    %load/vec4 v0x555583407630_0;
    %pushi/vec4 0, 0, 1;
    %xor;
    %flag_set/vec4 8;
    %jmp/1 T_61.2, 8;
    %pushi/vec4 0, 0, 1;
    %flag_set/vec4 9;
    %flag_or 8, 9;
T_61.2;
    %jmp/0 T_61.0, 8;
    %load/vec4 v0x5555834073f0_0;
    %jmp/1 T_61.1, 8;
T_61.0 ; End of true expr.
    %load/vec4 v0x5555834074b0_0;
    %jmp/0 T_61.1, 8;
 ; End of false expr.
    %blend;
T_61.1;
    %store/vec4 v0x555583407330_0, 0, 1;
    %jmp T_61;
    .thread T_61, $push;
    .scope S_0x55558340b140;
T_62 ;
    %wait E_0x55558340b410;
    %load/vec4 v0x55558340b4a0_0;
    %flag_set/vec4 8;
    %jmp/0xz  T_62.0, 8;
    %load/vec4 v0x55558340bb90_0;
    %assign/vec4 v0x55558340bf50_0, 0;
T_62.0 ;
    %jmp T_62;
    .thread T_62;
    .scope S_0x55558340b140;
T_63 ;
    %wait E_0x55558340b3b0;
    %load/vec4 v0x55558340b4a0_0;
    %flag_set/vec4 8;
    %jmp/0xz  T_63.0, 8;
    %load/vec4 v0x55558340bb90_0;
    %assign/vec4 v0x55558340c010_0, 0;
T_63.0 ;
    %jmp T_63;
    .thread T_63;
    .scope S_0x55558340b140;
T_64 ;
    %wait E_0x55558340b2d0;
    %load/vec4 v0x55558340b4a0_0;
    %flag_set/vec4 8;
    %jmp/0xz  T_64.0, 8;
    %load/vec4 v0x55558340b6c0_0;
    %assign/vec4 v0x55558340c190_0, 0;
T_64.0 ;
    %jmp T_64;
    .thread T_64;
    .scope S_0x55558340b140;
T_65 ;
    %wait E_0x55558340b350;
    %load/vec4 v0x55558340b4a0_0;
    %flag_set/vec4 8;
    %jmp/0xz  T_65.0, 8;
    %load/vec4 v0x55558340b780_0;
    %assign/vec4 v0x55558340c250_0, 0;
T_65.0 ;
    %jmp T_65;
    .thread T_65;
    .scope S_0x55558340b140;
T_66 ;
    %wait E_0x55558340b2d0;
    %load/vec4 v0x55558340b4a0_0;
    %flag_set/vec4 8;
    %jmp/0xz  T_66.0, 8;
    %load/vec4 v0x55558340bad0_0;
    %assign/vec4 v0x55558340c490_0, 0;
T_66.0 ;
    %jmp T_66;
    .thread T_66;
    .scope S_0x555583373610;
T_67 ;
    %wait E_0x55558340b0b0;
    %load/vec4 v0x55558340bf50_0;
    %store/vec4 v0x55558340bdd0_0, 0, 1;
    %load/vec4 v0x55558340c010_0;
    %store/vec4 v0x55558340be90_0, 0, 1;
    %jmp T_67;
    .thread T_67, $push;
    .scope S_0x555583373610;
T_68 ;
    %wait E_0x55558340b050;
    %load/vec4 v0x55558340ba10_0;
    %assign/vec4 v0x55558340c310_0, 0;
    %jmp T_68;
    .thread T_68, $push;
    .scope S_0x555583373610;
T_69 ;
    %wait E_0x55558340aff0;
    %load/vec4 v0x55558340c310_0;
    %assign/vec4 v0x55558340c3d0_0, 0;
    %jmp T_69;
    .thread T_69, $push;
    .scope S_0x555583373610;
T_70 ;
    %wait E_0x55558340af70;
    %load/vec4 v0x55558340c3d0_0;
    %pushi/vec4 0, 0, 1;
    %xor;
    %flag_set/vec4 8;
    %jmp/1 T_70.2, 8;
    %pushi/vec4 0, 0, 1;
    %flag_set/vec4 9;
    %flag_or 8, 9;
T_70.2;
    %jmp/0 T_70.0, 8;
    %load/vec4 v0x55558340c190_0;
    %jmp/1 T_70.1, 8;
T_70.0 ; End of true expr.
    %load/vec4 v0x55558340c250_0;
    %jmp/0 T_70.1, 8;
 ; End of false expr.
    %blend;
T_70.1;
    %store/vec4 v0x55558340c0d0_0, 0, 1;
    %jmp T_70;
    .thread T_70, $push;
    .scope S_0x55558340c8a0;
T_71 ;
    %wait E_0x55558340cb70;
    %load/vec4 v0x55558340cc00_0;
    %flag_set/vec4 8;
    %jmp/0xz  T_71.0, 8;
    %load/vec4 v0x55558340d2f0_0;
    %assign/vec4 v0x55558340d530_0, 0;
T_71.0 ;
    %jmp T_71;
    .thread T_71;
    .scope S_0x55558340c8a0;
T_72 ;
    %wait E_0x55558340cb10;
    %load/vec4 v0x55558340cc00_0;
    %flag_set/vec4 8;
    %jmp/0xz  T_72.0, 8;
    %load/vec4 v0x55558340d2f0_0;
    %assign/vec4 v0x55558340d5f0_0, 0;
T_72.0 ;
    %jmp T_72;
    .thread T_72;
    .scope S_0x55558340c8a0;
T_73 ;
    %wait E_0x55558340ca30;
    %load/vec4 v0x55558340cc00_0;
    %flag_set/vec4 8;
    %jmp/0xz  T_73.0, 8;
    %load/vec4 v0x55558340ce20_0;
    %assign/vec4 v0x55558340d770_0, 0;
T_73.0 ;
    %jmp T_73;
    .thread T_73;
    .scope S_0x55558340c8a0;
T_74 ;
    %wait E_0x55558340cab0;
    %load/vec4 v0x55558340cc00_0;
    %flag_set/vec4 8;
    %jmp/0xz  T_74.0, 8;
    %load/vec4 v0x55558340cee0_0;
    %assign/vec4 v0x55558340d830_0, 0;
T_74.0 ;
    %jmp T_74;
    .thread T_74;
    .scope S_0x55558340c8a0;
T_75 ;
    %wait E_0x55558340ca30;
    %load/vec4 v0x55558340cc00_0;
    %flag_set/vec4 8;
    %jmp/0xz  T_75.0, 8;
    %load/vec4 v0x55558340d230_0;
    %assign/vec4 v0x55558340db80_0, 0;
T_75.0 ;
    %jmp T_75;
    .thread T_75;
    .scope S_0x555583360660;
T_76 ;
    %wait E_0x55558340c810;
    %load/vec4 v0x55558340d530_0;
    %store/vec4 v0x55558340d3b0_0, 0, 1;
    %load/vec4 v0x55558340d5f0_0;
    %store/vec4 v0x55558340d470_0, 0, 1;
    %jmp T_76;
    .thread T_76, $push;
    .scope S_0x555583360660;
T_77 ;
    %wait E_0x55558340c7b0;
    %load/vec4 v0x55558340d170_0;
    %assign/vec4 v0x55558340da00_0, 0;
    %jmp T_77;
    .thread T_77, $push;
    .scope S_0x555583360660;
T_78 ;
    %wait E_0x55558340c750;
    %load/vec4 v0x55558340da00_0;
    %assign/vec4 v0x55558340dac0_0, 0;
    %jmp T_78;
    .thread T_78, $push;
    .scope S_0x555583360660;
T_79 ;
    %wait E_0x55558340c6d0;
    %load/vec4 v0x55558340dac0_0;
    %pushi/vec4 0, 0, 1;
    %xor;
    %flag_set/vec4 8;
    %jmp/1 T_79.2, 8;
    %pushi/vec4 0, 0, 1;
    %flag_set/vec4 9;
    %flag_or 8, 9;
T_79.2;
    %jmp/0 T_79.0, 8;
    %load/vec4 v0x55558340d770_0;
    %jmp/1 T_79.1, 8;
T_79.0 ; End of true expr.
    %load/vec4 v0x55558340d830_0;
    %jmp/0 T_79.1, 8;
 ; End of false expr.
    %blend;
T_79.1;
    %store/vec4 v0x55558340d6b0_0, 0, 1;
    %jmp T_79;
    .thread T_79, $push;
    .scope S_0x55558339bdc0;
T_80 ;
    %wait E_0x555583410590;
    %load/vec4 v0x555583411920_0;
    %flag_set/vec4 8;
    %jmp/0xz  T_80.0, 8;
    %pushi/vec4 0, 0, 16;
    %assign/vec4 v0x555583417590_0, 0;
    %pushi/vec4 0, 0, 16;
    %assign/vec4 v0x5555834173d0_0, 0;
    %jmp T_80.1;
T_80.0 ;
    %load/vec4 v0x555583411130_0;
    %flag_set/vec4 8;
    %jmp/0xz  T_80.2, 8;
    %load/vec4 v0x5555834111f0_0;
    %nor/r;
    %flag_set/vec4 8;
    %jmp/0xz  T_80.4, 8;
    %load/vec4 v0x555583411050_0;
    %assign/vec4 v0x555583417590_0, 0;
T_80.4 ;
    %load/vec4 v0x5555834109e0_0;
    %nor/r;
    %flag_set/vec4 8;
    %jmp/0xz  T_80.6, 8;
    %load/vec4 v0x555583410620_0;
    %assign/vec4 v0x5555834173d0_0, 0;
T_80.6 ;
T_80.2 ;
T_80.1 ;
    %jmp T_80;
    .thread T_80;
    .scope S_0x55558339bdc0;
T_81 ;
    %wait E_0x555583410530;
    %load/vec4 v0x555583411860_0;
    %flag_set/vec4 8;
    %jmp/0xz  T_81.0, 8;
    %pushi/vec4 0, 0, 16;
    %assign/vec4 v0x5555834174b0_0, 0;
    %pushi/vec4 0, 0, 16;
    %assign/vec4 v0x555583417670_0, 0;
    %jmp T_81.1;
T_81.0 ;
    %load/vec4 v0x555583411130_0;
    %flag_set/vec4 8;
    %jmp/0xz  T_81.2, 8;
    %load/vec4 v0x555583410dd0_0;
    %nor/r;
    %flag_set/vec4 8;
    %jmp/0xz  T_81.4, 8;
    %load/vec4 v0x555583410c60_0;
    %assign/vec4 v0x5555834174b0_0, 0;
T_81.4 ;
    %load/vec4 v0x5555834116e0_0;
    %nor/r;
    %flag_set/vec4 8;
    %jmp/0xz  T_81.6, 8;
    %load/vec4 v0x555583411600_0;
    %assign/vec4 v0x555583417670_0, 0;
T_81.6 ;
T_81.2 ;
T_81.1 ;
    %jmp T_81;
    .thread T_81;
    .scope S_0x55558339bdc0;
T_82 ;
    %wait E_0x555583410590;
    %load/vec4 v0x555583411920_0;
    %flag_set/vec4 8;
    %jmp/0xz  T_82.0, 8;
    %pushi/vec4 0, 0, 16;
    %assign/vec4 v0x555583417f60_0, 0;
    %pushi/vec4 0, 0, 16;
    %assign/vec4 v0x555583418200_0, 0;
    %jmp T_82.1;
T_82.0 ;
    %load/vec4 v0x555583411130_0;
    %flag_set/vec4 8;
    %jmp/0xz  T_82.2, 8;
    %load/vec4 v0x555583417050_0;
    %assign/vec4 v0x555583417f60_0, 0;
    %load/vec4 v0x555583417210_0;
    %assign/vec4 v0x555583418200_0, 0;
T_82.2 ;
T_82.1 ;
    %jmp T_82;
    .thread T_82;
    .scope S_0x55558339bdc0;
T_83 ;
    %wait E_0x555583410530;
    %load/vec4 v0x555583411860_0;
    %flag_set/vec4 8;
    %jmp/0xz  T_83.0, 8;
    %pushi/vec4 0, 0, 16;
    %assign/vec4 v0x5555834182e0_0, 0;
    %pushi/vec4 0, 0, 16;
    %assign/vec4 v0x555583418040_0, 0;
    %jmp T_83.1;
T_83.0 ;
    %load/vec4 v0x555583411130_0;
    %flag_set/vec4 8;
    %jmp/0xz  T_83.2, 8;
    %load/vec4 v0x555583417130_0;
    %assign/vec4 v0x5555834182e0_0, 0;
    %load/vec4 v0x5555834172f0_0;
    %assign/vec4 v0x555583418040_0, 0;
T_83.2 ;
T_83.1 ;
    %jmp T_83;
    .thread T_83;
    .scope S_0x55558339bdc0;
T_84 ;
    %wait E_0x555583410530;
    %load/vec4 v0x555583411860_0;
    %flag_set/vec4 8;
    %jmp/0xz  T_84.0, 8;
    %pushi/vec4 0, 0, 32;
    %assign/vec4 v0x555583418120_0, 0;
    %jmp T_84.1;
T_84.0 ;
    %load/vec4 v0x555583411130_0;
    %flag_set/vec4 8;
    %jmp/0xz  T_84.2, 8;
    %load/vec4 v0x555583416870_0;
    %assign/vec4 v0x555583418120_0, 0;
T_84.2 ;
T_84.1 ;
    %jmp T_84;
    .thread T_84;
    .scope S_0x55558339bdc0;
T_85 ;
    %wait E_0x5555834104d0;
    %load/vec4 v0x555583412000_0;
    %flag_set/vec4 8;
    %jmp/0xz  T_85.0, 8;
    %pushi/vec4 0, 0, 16;
    %assign/vec4 v0x5555834183c0_0, 0;
    %jmp T_85.1;
T_85.0 ;
    %load/vec4 v0x555583411130_0;
    %flag_set/vec4 8;
    %jmp/0xz  T_85.2, 8;
    %load/vec4 v0x555583411d00_0;
    %nor/r;
    %flag_set/vec4 8;
    %jmp/0xz  T_85.4, 8;
    %load/vec4 v0x555583416950_0;
    %assign/vec4 v0x5555834183c0_0, 0;
T_85.4 ;
T_85.2 ;
T_85.1 ;
    %jmp T_85;
    .thread T_85;
    .scope S_0x55558339bdc0;
T_86 ;
    %wait E_0x555583410450;
    %load/vec4 v0x555583411f40_0;
    %flag_set/vec4 8;
    %jmp/0xz  T_86.0, 8;
    %pushi/vec4 0, 0, 16;
    %assign/vec4 v0x5555834184a0_0, 0;
    %jmp T_86.1;
T_86.0 ;
    %load/vec4 v0x555583411130_0;
    %flag_set/vec4 8;
    %jmp/0xz  T_86.2, 8;
    %load/vec4 v0x555583411c40_0;
    %nor/r;
    %flag_set/vec4 8;
    %jmp/0xz  T_86.4, 8;
    %load/vec4 v0x555583416b10_0;
    %assign/vec4 v0x5555834184a0_0, 0;
T_86.4 ;
T_86.2 ;
T_86.1 ;
    %jmp T_86;
    .thread T_86;
    .scope S_0x55558341c750;
T_87 ;
    %pushi/vec4 0, 0, 32;
    %store/vec4 v0x55558341fa00_0, 0, 32;
T_87.0 ; Top of for-loop
    %load/vec4 v0x55558341fa00_0;
    %cmpi/s 16, 0, 32;
	  %jmp/0xz T_87.1, 5;
    %pushi/vec4 0, 0, 256;
    %load/vec4 v0x55558341fa00_0;
    %muli 16, 0, 32;
    %part/s 16;
    %pushi/vec4 0, 0, 32;
    %load/vec4 v0x55558341fa00_0;
    %add;
    %ix/vec4/s 4;
    %store/vec4a v0x55558341fae0, 4, 0;
    %pushi/vec4 0, 0, 256;
    %load/vec4 v0x55558341fa00_0;
    %muli 16, 0, 32;
    %part/s 16;
    %pushi/vec4 16, 0, 32;
    %load/vec4 v0x55558341fa00_0;
    %add;
    %ix/vec4/s 4;
    %store/vec4a v0x55558341fae0, 4, 0;
    %pushi/vec4 0, 0, 256;
    %load/vec4 v0x55558341fa00_0;
    %muli 16, 0, 32;
    %part/s 16;
    %pushi/vec4 32, 0, 32;
    %load/vec4 v0x55558341fa00_0;
    %add;
    %ix/vec4/s 4;
    %store/vec4a v0x55558341fae0, 4, 0;
    %pushi/vec4 0, 0, 256;
    %load/vec4 v0x55558341fa00_0;
    %muli 16, 0, 32;
    %part/s 16;
    %pushi/vec4 48, 0, 32;
    %load/vec4 v0x55558341fa00_0;
    %add;
    %ix/vec4/s 4;
    %store/vec4a v0x55558341fae0, 4, 0;
    %pushi/vec4 0, 0, 256;
    %load/vec4 v0x55558341fa00_0;
    %muli 16, 0, 32;
    %part/s 16;
    %pushi/vec4 64, 0, 32;
    %load/vec4 v0x55558341fa00_0;
    %add;
    %ix/vec4/s 4;
    %store/vec4a v0x55558341fae0, 4, 0;
    %pushi/vec4 0, 0, 256;
    %load/vec4 v0x55558341fa00_0;
    %muli 16, 0, 32;
    %part/s 16;
    %pushi/vec4 80, 0, 32;
    %load/vec4 v0x55558341fa00_0;
    %add;
    %ix/vec4/s 4;
    %store/vec4a v0x55558341fae0, 4, 0;
    %pushi/vec4 0, 0, 256;
    %load/vec4 v0x55558341fa00_0;
    %muli 16, 0, 32;
    %part/s 16;
    %pushi/vec4 96, 0, 32;
    %load/vec4 v0x55558341fa00_0;
    %add;
    %ix/vec4/s 4;
    %store/vec4a v0x55558341fae0, 4, 0;
    %pushi/vec4 0, 0, 256;
    %load/vec4 v0x55558341fa00_0;
    %muli 16, 0, 32;
    %part/s 16;
    %pushi/vec4 112, 0, 32;
    %load/vec4 v0x55558341fa00_0;
    %add;
    %ix/vec4/s 4;
    %store/vec4a v0x55558341fae0, 4, 0;
    %pushi/vec4 0, 0, 256;
    %load/vec4 v0x55558341fa00_0;
    %muli 16, 0, 32;
    %part/s 16;
    %pushi/vec4 128, 0, 32;
    %load/vec4 v0x55558341fa00_0;
    %add;
    %ix/vec4/s 4;
    %store/vec4a v0x55558341fae0, 4, 0;
    %pushi/vec4 0, 0, 256;
    %load/vec4 v0x55558341fa00_0;
    %muli 16, 0, 32;
    %part/s 16;
    %pushi/vec4 144, 0, 32;
    %load/vec4 v0x55558341fa00_0;
    %add;
    %ix/vec4/s 4;
    %store/vec4a v0x55558341fae0, 4, 0;
    %pushi/vec4 0, 0, 256;
    %load/vec4 v0x55558341fa00_0;
    %muli 16, 0, 32;
    %part/s 16;
    %pushi/vec4 160, 0, 32;
    %load/vec4 v0x55558341fa00_0;
    %add;
    %ix/vec4/s 4;
    %store/vec4a v0x55558341fae0, 4, 0;
    %pushi/vec4 0, 0, 256;
    %load/vec4 v0x55558341fa00_0;
    %muli 16, 0, 32;
    %part/s 16;
    %pushi/vec4 176, 0, 32;
    %load/vec4 v0x55558341fa00_0;
    %add;
    %ix/vec4/s 4;
    %store/vec4a v0x55558341fae0, 4, 0;
    %pushi/vec4 0, 0, 256;
    %load/vec4 v0x55558341fa00_0;
    %muli 16, 0, 32;
    %part/s 16;
    %pushi/vec4 192, 0, 32;
    %load/vec4 v0x55558341fa00_0;
    %add;
    %ix/vec4/s 4;
    %store/vec4a v0x55558341fae0, 4, 0;
    %pushi/vec4 0, 0, 256;
    %load/vec4 v0x55558341fa00_0;
    %muli 16, 0, 32;
    %part/s 16;
    %pushi/vec4 208, 0, 32;
    %load/vec4 v0x55558341fa00_0;
    %add;
    %ix/vec4/s 4;
    %store/vec4a v0x55558341fae0, 4, 0;
    %pushi/vec4 0, 0, 256;
    %load/vec4 v0x55558341fa00_0;
    %muli 16, 0, 32;
    %part/s 16;
    %pushi/vec4 224, 0, 32;
    %load/vec4 v0x55558341fa00_0;
    %add;
    %ix/vec4/s 4;
    %store/vec4a v0x55558341fae0, 4, 0;
    %pushi/vec4 0, 0, 256;
    %load/vec4 v0x55558341fa00_0;
    %muli 16, 0, 32;
    %part/s 16;
    %pushi/vec4 240, 0, 32;
    %load/vec4 v0x55558341fa00_0;
    %add;
    %ix/vec4/s 4;
    %store/vec4a v0x55558341fae0, 4, 0;
T_87.2 ; for-loop step statement
    %load/vec4 v0x55558341fa00_0;
    %addi 1, 0, 32;
    %store/vec4 v0x55558341fa00_0, 0, 32;
    %jmp T_87.0;
T_87.1 ; for-loop exit label
    %end;
    .thread T_87;
    .scope S_0x55558341c750;
T_88 ;
    %wait E_0x55558341e510;
    %load/vec4 v0x55558341f860_0;
    %flag_set/vec4 9;
    %flag_get/vec4 9;
    %jmp/0 T_88.2, 9;
    %load/vec4 v0x55558341f5e0_0;
    %and;
T_88.2;
    %flag_set/vec4 8;
    %jmp/0xz  T_88.0, 8;
    %load/vec4 v0x55558341f920_0;
    %parti/s 1, 0, 2;
    %nor/r;
    %flag_set/vec4 8;
    %jmp/0xz  T_88.3, 8;
    %load/vec4 v0x55558341f780_0;
    %parti/s 1, 0, 2;
    %load/vec4 v0x55558341f440_0;
    %parti/s 8, 0, 2;
    %pad/u 10;
    %ix/vec4 3;
    %ix/load 4, 0, 0; Constant delay
    %assign/vec4/a/d v0x55558341fae0, 0, 4;
T_88.3 ;
    %load/vec4 v0x55558341f920_0;
    %parti/s 1, 1, 2;
    %nor/r;
    %flag_set/vec4 8;
    %jmp/0xz  T_88.5, 8;
    %load/vec4 v0x55558341f780_0;
    %parti/s 1, 1, 2;
    %load/vec4 v0x55558341f440_0;
    %parti/s 8, 0, 2;
    %pad/u 10;
    %ix/vec4 3;
    %ix/load 4, 1, 0; part off
    %ix/load 5, 0, 0; Constant delay
    %assign/vec4/a/d v0x55558341fae0, 4, 5;
T_88.5 ;
    %load/vec4 v0x55558341f920_0;
    %parti/s 1, 2, 3;
    %nor/r;
    %flag_set/vec4 8;
    %jmp/0xz  T_88.7, 8;
    %load/vec4 v0x55558341f780_0;
    %parti/s 1, 2, 3;
    %load/vec4 v0x55558341f440_0;
    %parti/s 8, 0, 2;
    %pad/u 10;
    %ix/vec4 3;
    %ix/load 4, 2, 0; part off
    %ix/load 5, 0, 0; Constant delay
    %assign/vec4/a/d v0x55558341fae0, 4, 5;
T_88.7 ;
    %load/vec4 v0x55558341f920_0;
    %parti/s 1, 3, 3;
    %nor/r;
    %flag_set/vec4 8;
    %jmp/0xz  T_88.9, 8;
    %load/vec4 v0x55558341f780_0;
    %parti/s 1, 3, 3;
    %load/vec4 v0x55558341f440_0;
    %parti/s 8, 0, 2;
    %pad/u 10;
    %ix/vec4 3;
    %ix/load 4, 3, 0; part off
    %ix/load 5, 0, 0; Constant delay
    %assign/vec4/a/d v0x55558341fae0, 4, 5;
T_88.9 ;
    %load/vec4 v0x55558341f920_0;
    %parti/s 1, 4, 4;
    %nor/r;
    %flag_set/vec4 8;
    %jmp/0xz  T_88.11, 8;
    %load/vec4 v0x55558341f780_0;
    %parti/s 1, 4, 4;
    %load/vec4 v0x55558341f440_0;
    %parti/s 8, 0, 2;
    %pad/u 10;
    %ix/vec4 3;
    %ix/load 4, 4, 0; part off
    %ix/load 5, 0, 0; Constant delay
    %assign/vec4/a/d v0x55558341fae0, 4, 5;
T_88.11 ;
    %load/vec4 v0x55558341f920_0;
    %parti/s 1, 5, 4;
    %nor/r;
    %flag_set/vec4 8;
    %jmp/0xz  T_88.13, 8;
    %load/vec4 v0x55558341f780_0;
    %parti/s 1, 5, 4;
    %load/vec4 v0x55558341f440_0;
    %parti/s 8, 0, 2;
    %pad/u 10;
    %ix/vec4 3;
    %ix/load 4, 5, 0; part off
    %ix/load 5, 0, 0; Constant delay
    %assign/vec4/a/d v0x55558341fae0, 4, 5;
T_88.13 ;
    %load/vec4 v0x55558341f920_0;
    %parti/s 1, 6, 4;
    %nor/r;
    %flag_set/vec4 8;
    %jmp/0xz  T_88.15, 8;
    %load/vec4 v0x55558341f780_0;
    %parti/s 1, 6, 4;
    %load/vec4 v0x55558341f440_0;
    %parti/s 8, 0, 2;
    %pad/u 10;
    %ix/vec4 3;
    %ix/load 4, 6, 0; part off
    %ix/load 5, 0, 0; Constant delay
    %assign/vec4/a/d v0x55558341fae0, 4, 5;
T_88.15 ;
    %load/vec4 v0x55558341f920_0;
    %parti/s 1, 7, 4;
    %nor/r;
    %flag_set/vec4 8;
    %jmp/0xz  T_88.17, 8;
    %load/vec4 v0x55558341f780_0;
    %parti/s 1, 7, 4;
    %load/vec4 v0x55558341f440_0;
    %parti/s 8, 0, 2;
    %pad/u 10;
    %ix/vec4 3;
    %ix/load 4, 7, 0; part off
    %ix/load 5, 0, 0; Constant delay
    %assign/vec4/a/d v0x55558341fae0, 4, 5;
T_88.17 ;
    %load/vec4 v0x55558341f920_0;
    %parti/s 1, 8, 5;
    %nor/r;
    %flag_set/vec4 8;
    %jmp/0xz  T_88.19, 8;
    %load/vec4 v0x55558341f780_0;
    %parti/s 1, 8, 5;
    %load/vec4 v0x55558341f440_0;
    %parti/s 8, 0, 2;
    %pad/u 10;
    %ix/vec4 3;
    %ix/load 4, 8, 0; part off
    %ix/load 5, 0, 0; Constant delay
    %assign/vec4/a/d v0x55558341fae0, 4, 5;
T_88.19 ;
    %load/vec4 v0x55558341f920_0;
    %parti/s 1, 9, 5;
    %nor/r;
    %flag_set/vec4 8;
    %jmp/0xz  T_88.21, 8;
    %load/vec4 v0x55558341f780_0;
    %parti/s 1, 9, 5;
    %load/vec4 v0x55558341f440_0;
    %parti/s 8, 0, 2;
    %pad/u 10;
    %ix/vec4 3;
    %ix/load 4, 9, 0; part off
    %ix/load 5, 0, 0; Constant delay
    %assign/vec4/a/d v0x55558341fae0, 4, 5;
T_88.21 ;
    %load/vec4 v0x55558341f920_0;
    %parti/s 1, 10, 5;
    %nor/r;
    %flag_set/vec4 8;
    %jmp/0xz  T_88.23, 8;
    %load/vec4 v0x55558341f780_0;
    %parti/s 1, 10, 5;
    %load/vec4 v0x55558341f440_0;
    %parti/s 8, 0, 2;
    %pad/u 10;
    %ix/vec4 3;
    %ix/load 4, 10, 0; part off
    %ix/load 5, 0, 0; Constant delay
    %assign/vec4/a/d v0x55558341fae0, 4, 5;
T_88.23 ;
    %load/vec4 v0x55558341f920_0;
    %parti/s 1, 11, 5;
    %nor/r;
    %flag_set/vec4 8;
    %jmp/0xz  T_88.25, 8;
    %load/vec4 v0x55558341f780_0;
    %parti/s 1, 11, 5;
    %load/vec4 v0x55558341f440_0;
    %parti/s 8, 0, 2;
    %pad/u 10;
    %ix/vec4 3;
    %ix/load 4, 11, 0; part off
    %ix/load 5, 0, 0; Constant delay
    %assign/vec4/a/d v0x55558341fae0, 4, 5;
T_88.25 ;
    %load/vec4 v0x55558341f920_0;
    %parti/s 1, 12, 5;
    %nor/r;
    %flag_set/vec4 8;
    %jmp/0xz  T_88.27, 8;
    %load/vec4 v0x55558341f780_0;
    %parti/s 1, 12, 5;
    %load/vec4 v0x55558341f440_0;
    %parti/s 8, 0, 2;
    %pad/u 10;
    %ix/vec4 3;
    %ix/load 4, 12, 0; part off
    %ix/load 5, 0, 0; Constant delay
    %assign/vec4/a/d v0x55558341fae0, 4, 5;
T_88.27 ;
    %load/vec4 v0x55558341f920_0;
    %parti/s 1, 13, 5;
    %nor/r;
    %flag_set/vec4 8;
    %jmp/0xz  T_88.29, 8;
    %load/vec4 v0x55558341f780_0;
    %parti/s 1, 13, 5;
    %load/vec4 v0x55558341f440_0;
    %parti/s 8, 0, 2;
    %pad/u 10;
    %ix/vec4 3;
    %ix/load 4, 13, 0; part off
    %ix/load 5, 0, 0; Constant delay
    %assign/vec4/a/d v0x55558341fae0, 4, 5;
T_88.29 ;
    %load/vec4 v0x55558341f920_0;
    %parti/s 1, 14, 5;
    %nor/r;
    %flag_set/vec4 8;
    %jmp/0xz  T_88.31, 8;
    %load/vec4 v0x55558341f780_0;
    %parti/s 1, 14, 5;
    %load/vec4 v0x55558341f440_0;
    %parti/s 8, 0, 2;
    %pad/u 10;
    %ix/vec4 3;
    %ix/load 4, 14, 0; part off
    %ix/load 5, 0, 0; Constant delay
    %assign/vec4/a/d v0x55558341fae0, 4, 5;
T_88.31 ;
    %load/vec4 v0x55558341f920_0;
    %parti/s 1, 15, 5;
    %nor/r;
    %flag_set/vec4 8;
    %jmp/0xz  T_88.33, 8;
    %load/vec4 v0x55558341f780_0;
    %parti/s 1, 15, 5;
    %load/vec4 v0x55558341f440_0;
    %parti/s 8, 0, 2;
    %pad/u 10;
    %ix/vec4 3;
    %ix/load 4, 15, 0; part off
    %ix/load 5, 0, 0; Constant delay
    %assign/vec4/a/d v0x55558341fae0, 4, 5;
T_88.33 ;
T_88.0 ;
    %jmp T_88;
    .thread T_88;
    .scope S_0x55558341c750;
T_89 ;
    %wait E_0x55558341e490;
    %load/vec4 v0x55558341f2a0_0;
    %flag_set/vec4 9;
    %flag_get/vec4 9;
    %jmp/0 T_89.2, 9;
    %load/vec4 v0x55558341efd0_0;
    %and;
T_89.2;
    %flag_set/vec4 8;
    %jmp/0xz  T_89.0, 8;
    %load/vec4 v0x55558341ee20_0;
    %parti/s 8, 0, 2;
    %pad/u 10;
    %ix/vec4 4;
    %load/vec4a v0x55558341fae0, 4;
    %load/vec4 v0x55558341f360_0;
    %inv;
    %and;
    %assign/vec4 v0x55558341f1c0_0, 0;
T_89.0 ;
    %jmp T_89;
    .thread T_89;
    .scope S_0x5555834207e0;
T_90 ;
    %pushi/vec4 0, 0, 32;
    %store/vec4 v0x555583423bd0_0, 0, 32;
T_90.0 ; Top of for-loop
    %load/vec4 v0x555583423bd0_0;
    %cmpi/s 16, 0, 32;
	  %jmp/0xz T_90.1, 5;
    %pushi/vec4 0, 0, 256;
    %load/vec4 v0x555583423bd0_0;
    %muli 16, 0, 32;
    %part/s 16;
    %pushi/vec4 0, 0, 32;
    %load/vec4 v0x555583423bd0_0;
    %add;
    %ix/vec4/s 4;
    %store/vec4a v0x555583423cb0, 4, 0;
    %pushi/vec4 0, 0, 256;
    %load/vec4 v0x555583423bd0_0;
    %muli 16, 0, 32;
    %part/s 16;
    %pushi/vec4 16, 0, 32;
    %load/vec4 v0x555583423bd0_0;
    %add;
    %ix/vec4/s 4;
    %store/vec4a v0x555583423cb0, 4, 0;
    %pushi/vec4 0, 0, 256;
    %load/vec4 v0x555583423bd0_0;
    %muli 16, 0, 32;
    %part/s 16;
    %pushi/vec4 32, 0, 32;
    %load/vec4 v0x555583423bd0_0;
    %add;
    %ix/vec4/s 4;
    %store/vec4a v0x555583423cb0, 4, 0;
    %pushi/vec4 0, 0, 256;
    %load/vec4 v0x555583423bd0_0;
    %muli 16, 0, 32;
    %part/s 16;
    %pushi/vec4 48, 0, 32;
    %load/vec4 v0x555583423bd0_0;
    %add;
    %ix/vec4/s 4;
    %store/vec4a v0x555583423cb0, 4, 0;
    %pushi/vec4 0, 0, 256;
    %load/vec4 v0x555583423bd0_0;
    %muli 16, 0, 32;
    %part/s 16;
    %pushi/vec4 64, 0, 32;
    %load/vec4 v0x555583423bd0_0;
    %add;
    %ix/vec4/s 4;
    %store/vec4a v0x555583423cb0, 4, 0;
    %pushi/vec4 0, 0, 256;
    %load/vec4 v0x555583423bd0_0;
    %muli 16, 0, 32;
    %part/s 16;
    %pushi/vec4 80, 0, 32;
    %load/vec4 v0x555583423bd0_0;
    %add;
    %ix/vec4/s 4;
    %store/vec4a v0x555583423cb0, 4, 0;
    %pushi/vec4 0, 0, 256;
    %load/vec4 v0x555583423bd0_0;
    %muli 16, 0, 32;
    %part/s 16;
    %pushi/vec4 96, 0, 32;
    %load/vec4 v0x555583423bd0_0;
    %add;
    %ix/vec4/s 4;
    %store/vec4a v0x555583423cb0, 4, 0;
    %pushi/vec4 0, 0, 256;
    %load/vec4 v0x555583423bd0_0;
    %muli 16, 0, 32;
    %part/s 16;
    %pushi/vec4 112, 0, 32;
    %load/vec4 v0x555583423bd0_0;
    %add;
    %ix/vec4/s 4;
    %store/vec4a v0x555583423cb0, 4, 0;
    %pushi/vec4 0, 0, 256;
    %load/vec4 v0x555583423bd0_0;
    %muli 16, 0, 32;
    %part/s 16;
    %pushi/vec4 128, 0, 32;
    %load/vec4 v0x555583423bd0_0;
    %add;
    %ix/vec4/s 4;
    %store/vec4a v0x555583423cb0, 4, 0;
    %pushi/vec4 0, 0, 256;
    %load/vec4 v0x555583423bd0_0;
    %muli 16, 0, 32;
    %part/s 16;
    %pushi/vec4 144, 0, 32;
    %load/vec4 v0x555583423bd0_0;
    %add;
    %ix/vec4/s 4;
    %store/vec4a v0x555583423cb0, 4, 0;
    %pushi/vec4 0, 0, 256;
    %load/vec4 v0x555583423bd0_0;
    %muli 16, 0, 32;
    %part/s 16;
    %pushi/vec4 160, 0, 32;
    %load/vec4 v0x555583423bd0_0;
    %add;
    %ix/vec4/s 4;
    %store/vec4a v0x555583423cb0, 4, 0;
    %pushi/vec4 0, 0, 256;
    %load/vec4 v0x555583423bd0_0;
    %muli 16, 0, 32;
    %part/s 16;
    %pushi/vec4 176, 0, 32;
    %load/vec4 v0x555583423bd0_0;
    %add;
    %ix/vec4/s 4;
    %store/vec4a v0x555583423cb0, 4, 0;
    %pushi/vec4 0, 0, 256;
    %load/vec4 v0x555583423bd0_0;
    %muli 16, 0, 32;
    %part/s 16;
    %pushi/vec4 192, 0, 32;
    %load/vec4 v0x555583423bd0_0;
    %add;
    %ix/vec4/s 4;
    %store/vec4a v0x555583423cb0, 4, 0;
    %pushi/vec4 0, 0, 256;
    %load/vec4 v0x555583423bd0_0;
    %muli 16, 0, 32;
    %part/s 16;
    %pushi/vec4 208, 0, 32;
    %load/vec4 v0x555583423bd0_0;
    %add;
    %ix/vec4/s 4;
    %store/vec4a v0x555583423cb0, 4, 0;
    %pushi/vec4 0, 0, 256;
    %load/vec4 v0x555583423bd0_0;
    %muli 16, 0, 32;
    %part/s 16;
    %pushi/vec4 224, 0, 32;
    %load/vec4 v0x555583423bd0_0;
    %add;
    %ix/vec4/s 4;
    %store/vec4a v0x555583423cb0, 4, 0;
    %pushi/vec4 0, 0, 256;
    %load/vec4 v0x555583423bd0_0;
    %muli 16, 0, 32;
    %part/s 16;
    %pushi/vec4 240, 0, 32;
    %load/vec4 v0x555583423bd0_0;
    %add;
    %ix/vec4/s 4;
    %store/vec4a v0x555583423cb0, 4, 0;
T_90.2 ; for-loop step statement
    %load/vec4 v0x555583423bd0_0;
    %addi 1, 0, 32;
    %store/vec4 v0x555583423bd0_0, 0, 32;
    %jmp T_90.0;
T_90.1 ; for-loop exit label
    %end;
    .thread T_90;
    .scope S_0x5555834207e0;
T_91 ;
    %wait E_0x5555834226e0;
    %load/vec4 v0x555583423a30_0;
    %flag_set/vec4 9;
    %flag_get/vec4 9;
    %jmp/0 T_91.2, 9;
    %load/vec4 v0x5555834237b0_0;
    %and;
T_91.2;
    %flag_set/vec4 8;
    %jmp/0xz  T_91.0, 8;
    %load/vec4 v0x555583423af0_0;
    %parti/s 1, 0, 2;
    %nor/r;
    %flag_set/vec4 8;
    %jmp/0xz  T_91.3, 8;
    %load/vec4 v0x555583423950_0;
    %parti/s 1, 0, 2;
    %load/vec4 v0x555583423610_0;
    %parti/s 8, 0, 2;
    %pad/u 10;
    %ix/vec4 3;
    %ix/load 4, 0, 0; Constant delay
    %assign/vec4/a/d v0x555583423cb0, 0, 4;
T_91.3 ;
    %load/vec4 v0x555583423af0_0;
    %parti/s 1, 1, 2;
    %nor/r;
    %flag_set/vec4 8;
    %jmp/0xz  T_91.5, 8;
    %load/vec4 v0x555583423950_0;
    %parti/s 1, 1, 2;
    %load/vec4 v0x555583423610_0;
    %parti/s 8, 0, 2;
    %pad/u 10;
    %ix/vec4 3;
    %ix/load 4, 1, 0; part off
    %ix/load 5, 0, 0; Constant delay
    %assign/vec4/a/d v0x555583423cb0, 4, 5;
T_91.5 ;
    %load/vec4 v0x555583423af0_0;
    %parti/s 1, 2, 3;
    %nor/r;
    %flag_set/vec4 8;
    %jmp/0xz  T_91.7, 8;
    %load/vec4 v0x555583423950_0;
    %parti/s 1, 2, 3;
    %load/vec4 v0x555583423610_0;
    %parti/s 8, 0, 2;
    %pad/u 10;
    %ix/vec4 3;
    %ix/load 4, 2, 0; part off
    %ix/load 5, 0, 0; Constant delay
    %assign/vec4/a/d v0x555583423cb0, 4, 5;
T_91.7 ;
    %load/vec4 v0x555583423af0_0;
    %parti/s 1, 3, 3;
    %nor/r;
    %flag_set/vec4 8;
    %jmp/0xz  T_91.9, 8;
    %load/vec4 v0x555583423950_0;
    %parti/s 1, 3, 3;
    %load/vec4 v0x555583423610_0;
    %parti/s 8, 0, 2;
    %pad/u 10;
    %ix/vec4 3;
    %ix/load 4, 3, 0; part off
    %ix/load 5, 0, 0; Constant delay
    %assign/vec4/a/d v0x555583423cb0, 4, 5;
T_91.9 ;
    %load/vec4 v0x555583423af0_0;
    %parti/s 1, 4, 4;
    %nor/r;
    %flag_set/vec4 8;
    %jmp/0xz  T_91.11, 8;
    %load/vec4 v0x555583423950_0;
    %parti/s 1, 4, 4;
    %load/vec4 v0x555583423610_0;
    %parti/s 8, 0, 2;
    %pad/u 10;
    %ix/vec4 3;
    %ix/load 4, 4, 0; part off
    %ix/load 5, 0, 0; Constant delay
    %assign/vec4/a/d v0x555583423cb0, 4, 5;
T_91.11 ;
    %load/vec4 v0x555583423af0_0;
    %parti/s 1, 5, 4;
    %nor/r;
    %flag_set/vec4 8;
    %jmp/0xz  T_91.13, 8;
    %load/vec4 v0x555583423950_0;
    %parti/s 1, 5, 4;
    %load/vec4 v0x555583423610_0;
    %parti/s 8, 0, 2;
    %pad/u 10;
    %ix/vec4 3;
    %ix/load 4, 5, 0; part off
    %ix/load 5, 0, 0; Constant delay
    %assign/vec4/a/d v0x555583423cb0, 4, 5;
T_91.13 ;
    %load/vec4 v0x555583423af0_0;
    %parti/s 1, 6, 4;
    %nor/r;
    %flag_set/vec4 8;
    %jmp/0xz  T_91.15, 8;
    %load/vec4 v0x555583423950_0;
    %parti/s 1, 6, 4;
    %load/vec4 v0x555583423610_0;
    %parti/s 8, 0, 2;
    %pad/u 10;
    %ix/vec4 3;
    %ix/load 4, 6, 0; part off
    %ix/load 5, 0, 0; Constant delay
    %assign/vec4/a/d v0x555583423cb0, 4, 5;
T_91.15 ;
    %load/vec4 v0x555583423af0_0;
    %parti/s 1, 7, 4;
    %nor/r;
    %flag_set/vec4 8;
    %jmp/0xz  T_91.17, 8;
    %load/vec4 v0x555583423950_0;
    %parti/s 1, 7, 4;
    %load/vec4 v0x555583423610_0;
    %parti/s 8, 0, 2;
    %pad/u 10;
    %ix/vec4 3;
    %ix/load 4, 7, 0; part off
    %ix/load 5, 0, 0; Constant delay
    %assign/vec4/a/d v0x555583423cb0, 4, 5;
T_91.17 ;
    %load/vec4 v0x555583423af0_0;
    %parti/s 1, 8, 5;
    %nor/r;
    %flag_set/vec4 8;
    %jmp/0xz  T_91.19, 8;
    %load/vec4 v0x555583423950_0;
    %parti/s 1, 8, 5;
    %load/vec4 v0x555583423610_0;
    %parti/s 8, 0, 2;
    %pad/u 10;
    %ix/vec4 3;
    %ix/load 4, 8, 0; part off
    %ix/load 5, 0, 0; Constant delay
    %assign/vec4/a/d v0x555583423cb0, 4, 5;
T_91.19 ;
    %load/vec4 v0x555583423af0_0;
    %parti/s 1, 9, 5;
    %nor/r;
    %flag_set/vec4 8;
    %jmp/0xz  T_91.21, 8;
    %load/vec4 v0x555583423950_0;
    %parti/s 1, 9, 5;
    %load/vec4 v0x555583423610_0;
    %parti/s 8, 0, 2;
    %pad/u 10;
    %ix/vec4 3;
    %ix/load 4, 9, 0; part off
    %ix/load 5, 0, 0; Constant delay
    %assign/vec4/a/d v0x555583423cb0, 4, 5;
T_91.21 ;
    %load/vec4 v0x555583423af0_0;
    %parti/s 1, 10, 5;
    %nor/r;
    %flag_set/vec4 8;
    %jmp/0xz  T_91.23, 8;
    %load/vec4 v0x555583423950_0;
    %parti/s 1, 10, 5;
    %load/vec4 v0x555583423610_0;
    %parti/s 8, 0, 2;
    %pad/u 10;
    %ix/vec4 3;
    %ix/load 4, 10, 0; part off
    %ix/load 5, 0, 0; Constant delay
    %assign/vec4/a/d v0x555583423cb0, 4, 5;
T_91.23 ;
    %load/vec4 v0x555583423af0_0;
    %parti/s 1, 11, 5;
    %nor/r;
    %flag_set/vec4 8;
    %jmp/0xz  T_91.25, 8;
    %load/vec4 v0x555583423950_0;
    %parti/s 1, 11, 5;
    %load/vec4 v0x555583423610_0;
    %parti/s 8, 0, 2;
    %pad/u 10;
    %ix/vec4 3;
    %ix/load 4, 11, 0; part off
    %ix/load 5, 0, 0; Constant delay
    %assign/vec4/a/d v0x555583423cb0, 4, 5;
T_91.25 ;
    %load/vec4 v0x555583423af0_0;
    %parti/s 1, 12, 5;
    %nor/r;
    %flag_set/vec4 8;
    %jmp/0xz  T_91.27, 8;
    %load/vec4 v0x555583423950_0;
    %parti/s 1, 12, 5;
    %load/vec4 v0x555583423610_0;
    %parti/s 8, 0, 2;
    %pad/u 10;
    %ix/vec4 3;
    %ix/load 4, 12, 0; part off
    %ix/load 5, 0, 0; Constant delay
    %assign/vec4/a/d v0x555583423cb0, 4, 5;
T_91.27 ;
    %load/vec4 v0x555583423af0_0;
    %parti/s 1, 13, 5;
    %nor/r;
    %flag_set/vec4 8;
    %jmp/0xz  T_91.29, 8;
    %load/vec4 v0x555583423950_0;
    %parti/s 1, 13, 5;
    %load/vec4 v0x555583423610_0;
    %parti/s 8, 0, 2;
    %pad/u 10;
    %ix/vec4 3;
    %ix/load 4, 13, 0; part off
    %ix/load 5, 0, 0; Constant delay
    %assign/vec4/a/d v0x555583423cb0, 4, 5;
T_91.29 ;
    %load/vec4 v0x555583423af0_0;
    %parti/s 1, 14, 5;
    %nor/r;
    %flag_set/vec4 8;
    %jmp/0xz  T_91.31, 8;
    %load/vec4 v0x555583423950_0;
    %parti/s 1, 14, 5;
    %load/vec4 v0x555583423610_0;
    %parti/s 8, 0, 2;
    %pad/u 10;
    %ix/vec4 3;
    %ix/load 4, 14, 0; part off
    %ix/load 5, 0, 0; Constant delay
    %assign/vec4/a/d v0x555583423cb0, 4, 5;
T_91.31 ;
    %load/vec4 v0x555583423af0_0;
    %parti/s 1, 15, 5;
    %nor/r;
    %flag_set/vec4 8;
    %jmp/0xz  T_91.33, 8;
    %load/vec4 v0x555583423950_0;
    %parti/s 1, 15, 5;
    %load/vec4 v0x555583423610_0;
    %parti/s 8, 0, 2;
    %pad/u 10;
    %ix/vec4 3;
    %ix/load 4, 15, 0; part off
    %ix/load 5, 0, 0; Constant delay
    %assign/vec4/a/d v0x555583423cb0, 4, 5;
T_91.33 ;
T_91.0 ;
    %jmp T_91;
    .thread T_91;
    .scope S_0x5555834207e0;
T_92 ;
    %wait E_0x555583422660;
    %load/vec4 v0x555583423470_0;
    %flag_set/vec4 9;
    %flag_get/vec4 9;
    %jmp/0 T_92.2, 9;
    %load/vec4 v0x5555834231a0_0;
    %and;
T_92.2;
    %flag_set/vec4 8;
    %jmp/0xz  T_92.0, 8;
    %load/vec4 v0x555583422ff0_0;
    %parti/s 8, 0, 2;
    %pad/u 10;
    %ix/vec4 4;
    %load/vec4a v0x555583423cb0, 4;
    %load/vec4 v0x555583423530_0;
    %inv;
    %and;
    %assign/vec4 v0x555583423390_0, 0;
T_92.0 ;
    %jmp T_92;
    .thread T_92;
    .scope S_0x5555834249c0;
T_93 ;
    %pushi/vec4 0, 0, 32;
    %store/vec4 v0x555583427f20_0, 0, 32;
T_93.0 ; Top of for-loop
    %load/vec4 v0x555583427f20_0;
    %cmpi/s 16, 0, 32;
	  %jmp/0xz T_93.1, 5;
    %pushi/vec4 0, 0, 256;
    %load/vec4 v0x555583427f20_0;
    %muli 16, 0, 32;
    %part/s 16;
    %pushi/vec4 0, 0, 32;
    %load/vec4 v0x555583427f20_0;
    %add;
    %ix/vec4/s 4;
    %store/vec4a v0x555583428000, 4, 0;
    %pushi/vec4 0, 0, 256;
    %load/vec4 v0x555583427f20_0;
    %muli 16, 0, 32;
    %part/s 16;
    %pushi/vec4 16, 0, 32;
    %load/vec4 v0x555583427f20_0;
    %add;
    %ix/vec4/s 4;
    %store/vec4a v0x555583428000, 4, 0;
    %pushi/vec4 0, 0, 256;
    %load/vec4 v0x555583427f20_0;
    %muli 16, 0, 32;
    %part/s 16;
    %pushi/vec4 32, 0, 32;
    %load/vec4 v0x555583427f20_0;
    %add;
    %ix/vec4/s 4;
    %store/vec4a v0x555583428000, 4, 0;
    %pushi/vec4 0, 0, 256;
    %load/vec4 v0x555583427f20_0;
    %muli 16, 0, 32;
    %part/s 16;
    %pushi/vec4 48, 0, 32;
    %load/vec4 v0x555583427f20_0;
    %add;
    %ix/vec4/s 4;
    %store/vec4a v0x555583428000, 4, 0;
    %pushi/vec4 0, 0, 256;
    %load/vec4 v0x555583427f20_0;
    %muli 16, 0, 32;
    %part/s 16;
    %pushi/vec4 64, 0, 32;
    %load/vec4 v0x555583427f20_0;
    %add;
    %ix/vec4/s 4;
    %store/vec4a v0x555583428000, 4, 0;
    %pushi/vec4 0, 0, 256;
    %load/vec4 v0x555583427f20_0;
    %muli 16, 0, 32;
    %part/s 16;
    %pushi/vec4 80, 0, 32;
    %load/vec4 v0x555583427f20_0;
    %add;
    %ix/vec4/s 4;
    %store/vec4a v0x555583428000, 4, 0;
    %pushi/vec4 0, 0, 256;
    %load/vec4 v0x555583427f20_0;
    %muli 16, 0, 32;
    %part/s 16;
    %pushi/vec4 96, 0, 32;
    %load/vec4 v0x555583427f20_0;
    %add;
    %ix/vec4/s 4;
    %store/vec4a v0x555583428000, 4, 0;
    %pushi/vec4 0, 0, 256;
    %load/vec4 v0x555583427f20_0;
    %muli 16, 0, 32;
    %part/s 16;
    %pushi/vec4 112, 0, 32;
    %load/vec4 v0x555583427f20_0;
    %add;
    %ix/vec4/s 4;
    %store/vec4a v0x555583428000, 4, 0;
    %pushi/vec4 0, 0, 256;
    %load/vec4 v0x555583427f20_0;
    %muli 16, 0, 32;
    %part/s 16;
    %pushi/vec4 128, 0, 32;
    %load/vec4 v0x555583427f20_0;
    %add;
    %ix/vec4/s 4;
    %store/vec4a v0x555583428000, 4, 0;
    %pushi/vec4 0, 0, 256;
    %load/vec4 v0x555583427f20_0;
    %muli 16, 0, 32;
    %part/s 16;
    %pushi/vec4 144, 0, 32;
    %load/vec4 v0x555583427f20_0;
    %add;
    %ix/vec4/s 4;
    %store/vec4a v0x555583428000, 4, 0;
    %pushi/vec4 0, 0, 256;
    %load/vec4 v0x555583427f20_0;
    %muli 16, 0, 32;
    %part/s 16;
    %pushi/vec4 160, 0, 32;
    %load/vec4 v0x555583427f20_0;
    %add;
    %ix/vec4/s 4;
    %store/vec4a v0x555583428000, 4, 0;
    %pushi/vec4 0, 0, 256;
    %load/vec4 v0x555583427f20_0;
    %muli 16, 0, 32;
    %part/s 16;
    %pushi/vec4 176, 0, 32;
    %load/vec4 v0x555583427f20_0;
    %add;
    %ix/vec4/s 4;
    %store/vec4a v0x555583428000, 4, 0;
    %pushi/vec4 0, 0, 256;
    %load/vec4 v0x555583427f20_0;
    %muli 16, 0, 32;
    %part/s 16;
    %pushi/vec4 192, 0, 32;
    %load/vec4 v0x555583427f20_0;
    %add;
    %ix/vec4/s 4;
    %store/vec4a v0x555583428000, 4, 0;
    %pushi/vec4 0, 0, 256;
    %load/vec4 v0x555583427f20_0;
    %muli 16, 0, 32;
    %part/s 16;
    %pushi/vec4 208, 0, 32;
    %load/vec4 v0x555583427f20_0;
    %add;
    %ix/vec4/s 4;
    %store/vec4a v0x555583428000, 4, 0;
    %pushi/vec4 0, 0, 256;
    %load/vec4 v0x555583427f20_0;
    %muli 16, 0, 32;
    %part/s 16;
    %pushi/vec4 224, 0, 32;
    %load/vec4 v0x555583427f20_0;
    %add;
    %ix/vec4/s 4;
    %store/vec4a v0x555583428000, 4, 0;
    %pushi/vec4 0, 0, 256;
    %load/vec4 v0x555583427f20_0;
    %muli 16, 0, 32;
    %part/s 16;
    %pushi/vec4 240, 0, 32;
    %load/vec4 v0x555583427f20_0;
    %add;
    %ix/vec4/s 4;
    %store/vec4a v0x555583428000, 4, 0;
T_93.2 ; for-loop step statement
    %load/vec4 v0x555583427f20_0;
    %addi 1, 0, 32;
    %store/vec4 v0x555583427f20_0, 0, 32;
    %jmp T_93.0;
T_93.1 ; for-loop exit label
    %end;
    .thread T_93;
    .scope S_0x5555834249c0;
T_94 ;
    %wait E_0x555583426a30;
    %load/vec4 v0x555583427d80_0;
    %flag_set/vec4 9;
    %flag_get/vec4 9;
    %jmp/0 T_94.2, 9;
    %load/vec4 v0x555583427b00_0;
    %and;
T_94.2;
    %flag_set/vec4 8;
    %jmp/0xz  T_94.0, 8;
    %load/vec4 v0x555583427e40_0;
    %parti/s 1, 0, 2;
    %nor/r;
    %flag_set/vec4 8;
    %jmp/0xz  T_94.3, 8;
    %load/vec4 v0x555583427ca0_0;
    %parti/s 1, 0, 2;
    %load/vec4 v0x555583427960_0;
    %parti/s 8, 0, 2;
    %pad/u 10;
    %ix/vec4 3;
    %ix/load 4, 0, 0; Constant delay
    %assign/vec4/a/d v0x555583428000, 0, 4;
T_94.3 ;
    %load/vec4 v0x555583427e40_0;
    %parti/s 1, 1, 2;
    %nor/r;
    %flag_set/vec4 8;
    %jmp/0xz  T_94.5, 8;
    %load/vec4 v0x555583427ca0_0;
    %parti/s 1, 1, 2;
    %load/vec4 v0x555583427960_0;
    %parti/s 8, 0, 2;
    %pad/u 10;
    %ix/vec4 3;
    %ix/load 4, 1, 0; part off
    %ix/load 5, 0, 0; Constant delay
    %assign/vec4/a/d v0x555583428000, 4, 5;
T_94.5 ;
    %load/vec4 v0x555583427e40_0;
    %parti/s 1, 2, 3;
    %nor/r;
    %flag_set/vec4 8;
    %jmp/0xz  T_94.7, 8;
    %load/vec4 v0x555583427ca0_0;
    %parti/s 1, 2, 3;
    %load/vec4 v0x555583427960_0;
    %parti/s 8, 0, 2;
    %pad/u 10;
    %ix/vec4 3;
    %ix/load 4, 2, 0; part off
    %ix/load 5, 0, 0; Constant delay
    %assign/vec4/a/d v0x555583428000, 4, 5;
T_94.7 ;
    %load/vec4 v0x555583427e40_0;
    %parti/s 1, 3, 3;
    %nor/r;
    %flag_set/vec4 8;
    %jmp/0xz  T_94.9, 8;
    %load/vec4 v0x555583427ca0_0;
    %parti/s 1, 3, 3;
    %load/vec4 v0x555583427960_0;
    %parti/s 8, 0, 2;
    %pad/u 10;
    %ix/vec4 3;
    %ix/load 4, 3, 0; part off
    %ix/load 5, 0, 0; Constant delay
    %assign/vec4/a/d v0x555583428000, 4, 5;
T_94.9 ;
    %load/vec4 v0x555583427e40_0;
    %parti/s 1, 4, 4;
    %nor/r;
    %flag_set/vec4 8;
    %jmp/0xz  T_94.11, 8;
    %load/vec4 v0x555583427ca0_0;
    %parti/s 1, 4, 4;
    %load/vec4 v0x555583427960_0;
    %parti/s 8, 0, 2;
    %pad/u 10;
    %ix/vec4 3;
    %ix/load 4, 4, 0; part off
    %ix/load 5, 0, 0; Constant delay
    %assign/vec4/a/d v0x555583428000, 4, 5;
T_94.11 ;
    %load/vec4 v0x555583427e40_0;
    %parti/s 1, 5, 4;
    %nor/r;
    %flag_set/vec4 8;
    %jmp/0xz  T_94.13, 8;
    %load/vec4 v0x555583427ca0_0;
    %parti/s 1, 5, 4;
    %load/vec4 v0x555583427960_0;
    %parti/s 8, 0, 2;
    %pad/u 10;
    %ix/vec4 3;
    %ix/load 4, 5, 0; part off
    %ix/load 5, 0, 0; Constant delay
    %assign/vec4/a/d v0x555583428000, 4, 5;
T_94.13 ;
    %load/vec4 v0x555583427e40_0;
    %parti/s 1, 6, 4;
    %nor/r;
    %flag_set/vec4 8;
    %jmp/0xz  T_94.15, 8;
    %load/vec4 v0x555583427ca0_0;
    %parti/s 1, 6, 4;
    %load/vec4 v0x555583427960_0;
    %parti/s 8, 0, 2;
    %pad/u 10;
    %ix/vec4 3;
    %ix/load 4, 6, 0; part off
    %ix/load 5, 0, 0; Constant delay
    %assign/vec4/a/d v0x555583428000, 4, 5;
T_94.15 ;
    %load/vec4 v0x555583427e40_0;
    %parti/s 1, 7, 4;
    %nor/r;
    %flag_set/vec4 8;
    %jmp/0xz  T_94.17, 8;
    %load/vec4 v0x555583427ca0_0;
    %parti/s 1, 7, 4;
    %load/vec4 v0x555583427960_0;
    %parti/s 8, 0, 2;
    %pad/u 10;
    %ix/vec4 3;
    %ix/load 4, 7, 0; part off
    %ix/load 5, 0, 0; Constant delay
    %assign/vec4/a/d v0x555583428000, 4, 5;
T_94.17 ;
    %load/vec4 v0x555583427e40_0;
    %parti/s 1, 8, 5;
    %nor/r;
    %flag_set/vec4 8;
    %jmp/0xz  T_94.19, 8;
    %load/vec4 v0x555583427ca0_0;
    %parti/s 1, 8, 5;
    %load/vec4 v0x555583427960_0;
    %parti/s 8, 0, 2;
    %pad/u 10;
    %ix/vec4 3;
    %ix/load 4, 8, 0; part off
    %ix/load 5, 0, 0; Constant delay
    %assign/vec4/a/d v0x555583428000, 4, 5;
T_94.19 ;
    %load/vec4 v0x555583427e40_0;
    %parti/s 1, 9, 5;
    %nor/r;
    %flag_set/vec4 8;
    %jmp/0xz  T_94.21, 8;
    %load/vec4 v0x555583427ca0_0;
    %parti/s 1, 9, 5;
    %load/vec4 v0x555583427960_0;
    %parti/s 8, 0, 2;
    %pad/u 10;
    %ix/vec4 3;
    %ix/load 4, 9, 0; part off
    %ix/load 5, 0, 0; Constant delay
    %assign/vec4/a/d v0x555583428000, 4, 5;
T_94.21 ;
    %load/vec4 v0x555583427e40_0;
    %parti/s 1, 10, 5;
    %nor/r;
    %flag_set/vec4 8;
    %jmp/0xz  T_94.23, 8;
    %load/vec4 v0x555583427ca0_0;
    %parti/s 1, 10, 5;
    %load/vec4 v0x555583427960_0;
    %parti/s 8, 0, 2;
    %pad/u 10;
    %ix/vec4 3;
    %ix/load 4, 10, 0; part off
    %ix/load 5, 0, 0; Constant delay
    %assign/vec4/a/d v0x555583428000, 4, 5;
T_94.23 ;
    %load/vec4 v0x555583427e40_0;
    %parti/s 1, 11, 5;
    %nor/r;
    %flag_set/vec4 8;
    %jmp/0xz  T_94.25, 8;
    %load/vec4 v0x555583427ca0_0;
    %parti/s 1, 11, 5;
    %load/vec4 v0x555583427960_0;
    %parti/s 8, 0, 2;
    %pad/u 10;
    %ix/vec4 3;
    %ix/load 4, 11, 0; part off
    %ix/load 5, 0, 0; Constant delay
    %assign/vec4/a/d v0x555583428000, 4, 5;
T_94.25 ;
    %load/vec4 v0x555583427e40_0;
    %parti/s 1, 12, 5;
    %nor/r;
    %flag_set/vec4 8;
    %jmp/0xz  T_94.27, 8;
    %load/vec4 v0x555583427ca0_0;
    %parti/s 1, 12, 5;
    %load/vec4 v0x555583427960_0;
    %parti/s 8, 0, 2;
    %pad/u 10;
    %ix/vec4 3;
    %ix/load 4, 12, 0; part off
    %ix/load 5, 0, 0; Constant delay
    %assign/vec4/a/d v0x555583428000, 4, 5;
T_94.27 ;
    %load/vec4 v0x555583427e40_0;
    %parti/s 1, 13, 5;
    %nor/r;
    %flag_set/vec4 8;
    %jmp/0xz  T_94.29, 8;
    %load/vec4 v0x555583427ca0_0;
    %parti/s 1, 13, 5;
    %load/vec4 v0x555583427960_0;
    %parti/s 8, 0, 2;
    %pad/u 10;
    %ix/vec4 3;
    %ix/load 4, 13, 0; part off
    %ix/load 5, 0, 0; Constant delay
    %assign/vec4/a/d v0x555583428000, 4, 5;
T_94.29 ;
    %load/vec4 v0x555583427e40_0;
    %parti/s 1, 14, 5;
    %nor/r;
    %flag_set/vec4 8;
    %jmp/0xz  T_94.31, 8;
    %load/vec4 v0x555583427ca0_0;
    %parti/s 1, 14, 5;
    %load/vec4 v0x555583427960_0;
    %parti/s 8, 0, 2;
    %pad/u 10;
    %ix/vec4 3;
    %ix/load 4, 14, 0; part off
    %ix/load 5, 0, 0; Constant delay
    %assign/vec4/a/d v0x555583428000, 4, 5;
T_94.31 ;
    %load/vec4 v0x555583427e40_0;
    %parti/s 1, 15, 5;
    %nor/r;
    %flag_set/vec4 8;
    %jmp/0xz  T_94.33, 8;
    %load/vec4 v0x555583427ca0_0;
    %parti/s 1, 15, 5;
    %load/vec4 v0x555583427960_0;
    %parti/s 8, 0, 2;
    %pad/u 10;
    %ix/vec4 3;
    %ix/load 4, 15, 0; part off
    %ix/load 5, 0, 0; Constant delay
    %assign/vec4/a/d v0x555583428000, 4, 5;
T_94.33 ;
T_94.0 ;
    %jmp T_94;
    .thread T_94;
    .scope S_0x5555834249c0;
T_95 ;
    %wait E_0x5555834269b0;
    %load/vec4 v0x5555834277c0_0;
    %flag_set/vec4 9;
    %flag_get/vec4 9;
    %jmp/0 T_95.2, 9;
    %load/vec4 v0x5555834274f0_0;
    %and;
T_95.2;
    %flag_set/vec4 8;
    %jmp/0xz  T_95.0, 8;
    %load/vec4 v0x555583427340_0;
    %parti/s 8, 0, 2;
    %pad/u 10;
    %ix/vec4 4;
    %load/vec4a v0x555583428000, 4;
    %load/vec4 v0x555583427880_0;
    %inv;
    %and;
    %assign/vec4 v0x5555834276e0_0, 0;
T_95.0 ;
    %jmp T_95;
    .thread T_95;
    .scope S_0x555583354190;
T_96 ;
    %wait E_0x55558342c980;
    %pushi/vec4 0, 0, 32;
    %store/vec4 v0x55558342d2a0_0, 0, 32;
T_96.0 ; Top of for-loop
    %load/vec4 v0x55558342d2a0_0;
    %cmpi/s 16383, 0, 32;
    %flag_or 5, 4;
	  %jmp/0xz T_96.1, 5;
    %pushi/vec4 65535, 65535, 16;
    %ix/getv/s 4, v0x55558342d2a0_0;
    %store/vec4a v0x55558342d380, 4, 0;
T_96.2 ; for-loop step statement
    %load/vec4 v0x55558342d2a0_0;
    %addi 1, 0, 32;
    %store/vec4 v0x55558342d2a0_0, 0, 32;
    %jmp T_96.0;
T_96.1 ; for-loop exit label
    %jmp T_96;
    .thread T_96;
    .scope S_0x555583354190;
T_97 ;
    %wait E_0x55558342c900;
    %load/vec4 v0x55558342d440_0;
    %flag_set/vec4 8;
    %jmp/0xz  T_97.0, 8;
    %pushi/vec4 0, 0, 16;
    %assign/vec4 v0x55558342cd20_0, 0;
    %jmp T_97.1;
T_97.0 ;
    %load/vec4 v0x55558342d060_0;
    %flag_set/vec4 8;
    %jmp/0xz  T_97.2, 8;
    %pushi/vec4 65535, 65535, 16;
    %assign/vec4 v0x55558342cd20_0, 0;
    %jmp T_97.3;
T_97.2 ;
    %load/vec4 v0x55558342cae0_0;
    %flag_set/vec4 8;
    %jmp/0xz  T_97.4, 8;
    %load/vec4 v0x55558342d120_0;
    %nor/r;
    %flag_set/vec4 8;
    %jmp/0xz  T_97.6, 8;
    %load/vec4 v0x55558342c9e0_0;
    %pad/u 16;
    %ix/vec4 4;
    %load/vec4a v0x55558342d380, 4;
    %assign/vec4 v0x55558342cd20_0, 0;
    %jmp T_97.7;
T_97.6 ;
    %load/vec4 v0x55558342ce00_0;
    %parti/s 1, 0, 2;
    %flag_set/vec4 8;
    %jmp/0xz  T_97.8, 8;
    %load/vec4 v0x55558342cc40_0;
    %parti/s 4, 0, 2;
    %load/vec4 v0x55558342c9e0_0;
    %pad/u 16;
    %ix/vec4 3;
    %ix/load 4, 0, 0; Constant delay
    %assign/vec4/a/d v0x55558342d380, 0, 4;
T_97.8 ;
    %load/vec4 v0x55558342ce00_0;
    %parti/s 1, 1, 2;
    %flag_set/vec4 8;
    %jmp/0xz  T_97.10, 8;
    %load/vec4 v0x55558342cc40_0;
    %parti/s 4, 4, 4;
    %load/vec4 v0x55558342c9e0_0;
    %pad/u 16;
    %ix/vec4 3;
    %ix/load 4, 4, 0; part off
    %ix/load 5, 0, 0; Constant delay
    %assign/vec4/a/d v0x55558342d380, 4, 5;
T_97.10 ;
    %load/vec4 v0x55558342ce00_0;
    %parti/s 1, 2, 3;
    %flag_set/vec4 8;
    %jmp/0xz  T_97.12, 8;
    %load/vec4 v0x55558342cc40_0;
    %parti/s 4, 8, 5;
    %load/vec4 v0x55558342c9e0_0;
    %pad/u 16;
    %ix/vec4 3;
    %ix/load 4, 8, 0; part off
    %ix/load 5, 0, 0; Constant delay
    %assign/vec4/a/d v0x55558342d380, 4, 5;
T_97.12 ;
    %load/vec4 v0x55558342ce00_0;
    %parti/s 1, 3, 3;
    %flag_set/vec4 8;
    %jmp/0xz  T_97.14, 8;
    %load/vec4 v0x55558342cc40_0;
    %parti/s 4, 12, 5;
    %load/vec4 v0x55558342c9e0_0;
    %pad/u 16;
    %ix/vec4 3;
    %ix/load 4, 12, 0; part off
    %ix/load 5, 0, 0; Constant delay
    %assign/vec4/a/d v0x55558342d380, 4, 5;
T_97.14 ;
    %pushi/vec4 65535, 65535, 16;
    %assign/vec4 v0x55558342cd20_0, 0;
T_97.7 ;
T_97.4 ;
T_97.3 ;
T_97.1 ;
    %jmp T_97;
    .thread T_97;
# The file index is used to find the file name in the following table.
:file_names 15;
    "N/A";
    "<interactive>";
    "-";
    "./../../01_Boolean_Logic/And.v";
    "Buffer16_tb.v";
    "./../../01_Boolean_Logic/Buffer16.v";
    "./../../01_Boolean_Logic/Buffer.v";
    "./../../01_Boolean_Logic/DMux.v";
    "/home/xpektra/.apio/packages/oss-cad-suite/share/yosys/ice40/cells_sim.v";
    "./../../01_Boolean_Logic/Mux.v";
    "./../../01_Boolean_Logic/Nand.v";
    "./../../01_Boolean_Logic/Not.v";
    "./../../01_Boolean_Logic/Not16.v";
    "./../../01_Boolean_Logic/Or.v";
    "./../../01_Boolean_Logic/Xor.v";
