#! /home/xpektra/.apio/packages/oss-cad-suite/bin/vvp
:ivl_version "13.0 (devel)" "(s20250103-66-gd67d3323a)";
:ivl_delay_selection "TYPICAL";
:vpi_time_precision - 12;
:vpi_module "/home/xpektra/.apio/packages/oss-cad-suite/lib/ivl/system.vpi";
:vpi_module "/home/xpektra/.apio/packages/oss-cad-suite/lib/ivl/vhdl_sys.vpi";
:vpi_module "/home/xpektra/.apio/packages/oss-cad-suite/lib/ivl/vhdl_textio.vpi";
:vpi_module "/home/xpektra/.apio/packages/oss-cad-suite/lib/ivl/v2005_math.vpi";
:vpi_module "/home/xpektra/.apio/packages/oss-cad-suite/lib/ivl/va_math.vpi";
:vpi_module "/home/xpektra/.apio/packages/oss-cad-suite/lib/ivl/v2009.vpi";
S_0x5555781bf890 .scope package, "$unit" "$unit" 2 1;
 .timescale 0 0;
S_0x5555782f3dd0 .scope module, "And" "And" 3 8;
 .timescale -12 -12;
    .port_info 0 /INPUT 1 "a";
    .port_info 1 /INPUT 1 "b";
    .port_info 2 /OUTPUT 1 "out";
o0x7fa9a4d9d018 .functor BUFZ 1, c4<z>; HiZ drive
o0x7fa9a4d9d048 .functor BUFZ 1, c4<z>; HiZ drive
L_0x55557839c9d0 .functor AND 1, o0x7fa9a4d9d018, o0x7fa9a4d9d048, C4<1>, C4<1>;
v0x5555782fff40_0 .net "a", 0 0, o0x7fa9a4d9d018;  0 drivers
v0x5555782c5d90_0 .net "b", 0 0, o0x7fa9a4d9d048;  0 drivers
v0x5555782c4e40_0 .net "out", 0 0, L_0x55557839c9d0;  1 drivers
S_0x5555783261d0 .scope module, "Buffer" "Buffer" 4 7;
 .timescale -12 -12;
    .port_info 0 /INPUT 1 "in";
    .port_info 1 /OUTPUT 1 "out";
o0x7fa9a4d9d138 .functor BUFZ 1, c4<z>; HiZ drive
L_0x55557839caa0 .functor BUFZ 1, o0x7fa9a4d9d138, C4<0>, C4<0>, C4<0>;
v0x5555782c3ef0_0 .net "in", 0 0, o0x7fa9a4d9d138;  0 drivers
v0x5555782c2fa0_0 .net "out", 0 0, L_0x55557839caa0;  1 drivers
S_0x555578326d20 .scope module, "ICESTORM_LC" "ICESTORM_LC" 5 2136;
 .timescale -12 -12;
    .port_info 0 /INPUT 1 "I0";
    .port_info 1 /INPUT 1 "I1";
    .port_info 2 /INPUT 1 "I2";
    .port_info 3 /INPUT 1 "I3";
    .port_info 4 /INPUT 1 "CIN";
    .port_info 5 /INPUT 1 "CLK";
    .port_info 6 /INPUT 1 "CEN";
    .port_info 7 /INPUT 1 "SR";
    .port_info 8 /OUTPUT 1 "LO";
    .port_info 9 /OUTPUT 1 "O";
    .port_info 10 /OUTPUT 1 "COUT";
P_0x555578323670 .param/l "ASYNC_SR" 0 5 2148, C4<0>;
P_0x5555783236b0 .param/l "CARRY_ENABLE" 0 5 2145, C4<0>;
P_0x5555783236f0 .param/l "CIN_CONST" 0 5 2150, C4<0>;
P_0x555578323730 .param/l "CIN_SET" 0 5 2151, C4<0>;
P_0x555578323770 .param/l "DFF_ENABLE" 0 5 2146, C4<0>;
P_0x5555783237b0 .param/l "LUT_INIT" 0 5 2142, C4<0000000000000000>;
P_0x5555783237f0 .param/l "NEG_CLK" 0 5 2144, C4<0>;
P_0x555578323830 .param/l "SET_NORESET" 0 5 2147, C4<0>;
o0x7fa9a4d9d258 .functor BUFZ 1, c4<z>; HiZ drive
L_0x55557839dc90 .functor BUFZ 1, o0x7fa9a4d9d258, C4<0>, C4<0>, C4<0>;
L_0x55557839db00 .functor BUFZ 1, L_0x55557839e8f0, C4<0>, C4<0>, C4<0>;
o0x7fa9a4d9d288 .functor BUFZ 1, c4<z>; HiZ drive
L_0x7fa9a4d542a0 .functor BUFT 1, C4<0>, C4<0>, C4<0>, C4<0>;
L_0x55557839eb90 .functor XOR 1, o0x7fa9a4d9d288, L_0x7fa9a4d542a0, C4<0>, C4<0>;
L_0x55557839ec50 .functor BUFZ 1, L_0x55557839e8f0, C4<0>, C4<0>, C4<0>;
o0x7fa9a4d9d1f8 .functor BUFZ 1, c4<z>; HiZ drive
v0x5555782c2050_0 .net "CEN", 0 0, o0x7fa9a4d9d1f8;  0 drivers
v0x5555782c1190_0 .net "CEN_pu", 0 0, L_0x55557839da60;  1 drivers
v0x55557811aa60_0 .net "CIN", 0 0, o0x7fa9a4d9d258;  0 drivers
v0x55557811ab00_0 .net "CLK", 0 0, o0x7fa9a4d9d288;  0 drivers
L_0x7fa9a4d541c8 .functor BUFT 1, C4<x>, C4<0>, C4<0>, C4<0>;
v0x55557811abc0_0 .net "COUT", 0 0, L_0x7fa9a4d541c8;  1 drivers
o0x7fa9a4d9d2e8 .functor BUFZ 1, c4<z>; HiZ drive
v0x55557812c610_0 .net "I0", 0 0, o0x7fa9a4d9d2e8;  0 drivers
v0x55557812c6b0_0 .net "I0_pd", 0 0, L_0x55557839ccd0;  1 drivers
o0x7fa9a4d9d348 .functor BUFZ 1, c4<z>; HiZ drive
v0x55557812c770_0 .net "I1", 0 0, o0x7fa9a4d9d348;  0 drivers
v0x55557812c830_0 .net "I1_pd", 0 0, L_0x55557839cf60;  1 drivers
o0x7fa9a4d9d3a8 .functor BUFZ 1, c4<z>; HiZ drive
v0x55557812c8f0_0 .net "I2", 0 0, o0x7fa9a4d9d3a8;  0 drivers
v0x55557812c9b0_0 .net "I2_pd", 0 0, L_0x55557839d250;  1 drivers
o0x7fa9a4d9d408 .functor BUFZ 1, c4<z>; HiZ drive
v0x55557812ca70_0 .net "I3", 0 0, o0x7fa9a4d9d408;  0 drivers
v0x555578129450_0 .net "I3_pd", 0 0, L_0x55557839d4f0;  1 drivers
v0x555578129510_0 .net "LO", 0 0, L_0x55557839db00;  1 drivers
v0x5555781295d0_0 .net "O", 0 0, L_0x55557839ec50;  1 drivers
o0x7fa9a4d9d4c8 .functor BUFZ 1, c4<z>; HiZ drive
v0x555578129690_0 .net "SR", 0 0, o0x7fa9a4d9d4c8;  0 drivers
v0x555578129750_0 .net "SR_pd", 0 0, L_0x55557839d820;  1 drivers
o0x7fa9a4d9d528 .functor BUFZ 1, c4<z>; HiZ drive
; Elide local net with no drivers, v0x55557812de80_0 name=_ivl_0
v0x55557812df60_0 .net *"_ivl_10", 0 0, L_0x55557839ce90;  1 drivers
L_0x7fa9a4d54060 .functor BUFT 1, C4<0>, C4<0>, C4<0>, C4<0>;
v0x55557812e020_0 .net/2u *"_ivl_12", 0 0, L_0x7fa9a4d54060;  1 drivers
o0x7fa9a4d9d5b8 .functor BUFZ 1, c4<z>; HiZ drive
; Elide local net with no drivers, v0x55557812e100_0 name=_ivl_16
v0x55557812e1e0_0 .net *"_ivl_18", 0 0, L_0x55557839d150;  1 drivers
v0x55557812e2a0_0 .net *"_ivl_2", 0 0, L_0x55557839cb70;  1 drivers
L_0x7fa9a4d540a8 .functor BUFT 1, C4<0>, C4<0>, C4<0>, C4<0>;
v0x55557812acc0_0 .net/2u *"_ivl_20", 0 0, L_0x7fa9a4d540a8;  1 drivers
o0x7fa9a4d9d678 .functor BUFZ 1, c4<z>; HiZ drive
; Elide local net with no drivers, v0x55557812ada0_0 name=_ivl_24
v0x55557812ae80_0 .net *"_ivl_26", 0 0, L_0x55557839d420;  1 drivers
L_0x7fa9a4d540f0 .functor BUFT 1, C4<0>, C4<0>, C4<0>, C4<0>;
v0x55557812af40_0 .net/2u *"_ivl_28", 0 0, L_0x7fa9a4d540f0;  1 drivers
o0x7fa9a4d9d708 .functor BUFZ 1, c4<z>; HiZ drive
; Elide local net with no drivers, v0x55557812b020_0 name=_ivl_32
v0x55557812b100_0 .net *"_ivl_34", 0 0, L_0x55557839d700;  1 drivers
L_0x7fa9a4d54138 .functor BUFT 1, C4<0>, C4<0>, C4<0>, C4<0>;
v0x555578133370_0 .net/2u *"_ivl_36", 0 0, L_0x7fa9a4d54138;  1 drivers
L_0x7fa9a4d54018 .functor BUFT 1, C4<0>, C4<0>, C4<0>, C4<0>;
v0x555578133450_0 .net/2u *"_ivl_4", 0 0, L_0x7fa9a4d54018;  1 drivers
o0x7fa9a4d9d7c8 .functor BUFZ 1, c4<z>; HiZ drive
; Elide local net with no drivers, v0x555578133530_0 name=_ivl_40
v0x555578133610_0 .net *"_ivl_42", 0 0, L_0x55557839d9c0;  1 drivers
L_0x7fa9a4d54180 .functor BUFT 1, C4<1>, C4<0>, C4<0>, C4<0>;
v0x55557812f7d0_0 .net/2u *"_ivl_44", 0 0, L_0x7fa9a4d54180;  1 drivers
L_0x7fa9a4d54210 .functor BUFT 1, C4<00000000>, C4<0>, C4<0>, C4<0>;
v0x55557812f8b0_0 .net/2u *"_ivl_52", 7 0, L_0x7fa9a4d54210;  1 drivers
L_0x7fa9a4d54258 .functor BUFT 1, C4<00000000>, C4<0>, C4<0>, C4<0>;
v0x55557812f990_0 .net/2u *"_ivl_54", 7 0, L_0x7fa9a4d54258;  1 drivers
v0x55557812fa70_0 .net *"_ivl_59", 3 0, L_0x55557839df60;  1 drivers
v0x55557812fb50_0 .net *"_ivl_61", 3 0, L_0x55557839e0d0;  1 drivers
v0x55557812fc30_0 .net *"_ivl_65", 1 0, L_0x55557839e390;  1 drivers
v0x555578135260_0 .net *"_ivl_67", 1 0, L_0x55557839e480;  1 drivers
v0x555578135340_0 .net *"_ivl_71", 0 0, L_0x55557839e750;  1 drivers
v0x555578135420_0 .net *"_ivl_73", 0 0, L_0x55557839e520;  1 drivers
v0x555578135500_0 .net/2u *"_ivl_78", 0 0, L_0x7fa9a4d542a0;  1 drivers
o0x7fa9a4d9da08 .functor BUFZ 1, c4<z>; HiZ drive
; Elide local net with no drivers, v0x5555781355e0_0 name=_ivl_8
v0x5555781356c0_0 .net "lut_o", 0 0, L_0x55557839e8f0;  1 drivers
v0x5555781316c0_0 .net "lut_s1", 1 0, L_0x55557839e5c0;  1 drivers
v0x5555781317a0_0 .net "lut_s2", 3 0, L_0x55557839e170;  1 drivers
v0x555578131880_0 .net "lut_s3", 7 0, L_0x55557839ddf0;  1 drivers
v0x555578131960_0 .net "mux_cin", 0 0, L_0x55557839dc90;  1 drivers
v0x555578131a20_0 .var "o_reg", 0 0;
v0x555578131ae0_0 .var "o_reg_async", 0 0;
v0x555578127d90_0 .net "polarized_clk", 0 0, L_0x55557839eb90;  1 drivers
E_0x55557811a940 .event posedge, v0x555578129750_0, v0x555578127d90_0;
E_0x55557811a9a0 .event posedge, v0x555578127d90_0;
L_0x55557839cb70 .cmp/eeq 1, o0x7fa9a4d9d2e8, o0x7fa9a4d9d528;
L_0x55557839ccd0 .functor MUXZ 1, o0x7fa9a4d9d2e8, L_0x7fa9a4d54018, L_0x55557839cb70, C4<>;
L_0x55557839ce90 .cmp/eeq 1, o0x7fa9a4d9d348, o0x7fa9a4d9da08;
L_0x55557839cf60 .functor MUXZ 1, o0x7fa9a4d9d348, L_0x7fa9a4d54060, L_0x55557839ce90, C4<>;
L_0x55557839d150 .cmp/eeq 1, o0x7fa9a4d9d3a8, o0x7fa9a4d9d5b8;
L_0x55557839d250 .functor MUXZ 1, o0x7fa9a4d9d3a8, L_0x7fa9a4d540a8, L_0x55557839d150, C4<>;
L_0x55557839d420 .cmp/eeq 1, o0x7fa9a4d9d408, o0x7fa9a4d9d678;
L_0x55557839d4f0 .functor MUXZ 1, o0x7fa9a4d9d408, L_0x7fa9a4d540f0, L_0x55557839d420, C4<>;
L_0x55557839d700 .cmp/eeq 1, o0x7fa9a4d9d4c8, o0x7fa9a4d9d708;
L_0x55557839d820 .functor MUXZ 1, o0x7fa9a4d9d4c8, L_0x7fa9a4d54138, L_0x55557839d700, C4<>;
L_0x55557839d9c0 .cmp/eeq 1, o0x7fa9a4d9d1f8, o0x7fa9a4d9d7c8;
L_0x55557839da60 .functor MUXZ 1, o0x7fa9a4d9d1f8, L_0x7fa9a4d54180, L_0x55557839d9c0, C4<>;
L_0x55557839ddf0 .functor MUXZ 8, L_0x7fa9a4d54258, L_0x7fa9a4d54210, L_0x55557839d4f0, C4<>;
L_0x55557839df60 .part L_0x55557839ddf0, 4, 4;
L_0x55557839e0d0 .part L_0x55557839ddf0, 0, 4;
L_0x55557839e170 .functor MUXZ 4, L_0x55557839e0d0, L_0x55557839df60, L_0x55557839d250, C4<>;
L_0x55557839e390 .part L_0x55557839e170, 2, 2;
L_0x55557839e480 .part L_0x55557839e170, 0, 2;
L_0x55557839e5c0 .functor MUXZ 2, L_0x55557839e480, L_0x55557839e390, L_0x55557839cf60, C4<>;
L_0x55557839e750 .part L_0x55557839e5c0, 1, 1;
L_0x55557839e520 .part L_0x55557839e5c0, 0, 1;
L_0x55557839e8f0 .functor MUXZ 1, L_0x55557839e520, L_0x55557839e750, L_0x55557839ccd0, C4<>;
S_0x5555783280b0 .scope module, "ICESTORM_RAM" "ICESTORM_RAM" 5 3167;
 .timescale -12 -12;
    .port_info 0 /OUTPUT 1 "RDATA_15";
    .port_info 1 /OUTPUT 1 "RDATA_14";
    .port_info 2 /OUTPUT 1 "RDATA_13";
    .port_info 3 /OUTPUT 1 "RDATA_12";
    .port_info 4 /OUTPUT 1 "RDATA_11";
    .port_info 5 /OUTPUT 1 "RDATA_10";
    .port_info 6 /OUTPUT 1 "RDATA_9";
    .port_info 7 /OUTPUT 1 "RDATA_8";
    .port_info 8 /OUTPUT 1 "RDATA_7";
    .port_info 9 /OUTPUT 1 "RDATA_6";
    .port_info 10 /OUTPUT 1 "RDATA_5";
    .port_info 11 /OUTPUT 1 "RDATA_4";
    .port_info 12 /OUTPUT 1 "RDATA_3";
    .port_info 13 /OUTPUT 1 "RDATA_2";
    .port_info 14 /OUTPUT 1 "RDATA_1";
    .port_info 15 /OUTPUT 1 "RDATA_0";
    .port_info 16 /INPUT 1 "RCLK";
    .port_info 17 /INPUT 1 "RCLKE";
    .port_info 18 /INPUT 1 "RE";
    .port_info 19 /INPUT 1 "RADDR_10";
    .port_info 20 /INPUT 1 "RADDR_9";
    .port_info 21 /INPUT 1 "RADDR_8";
    .port_info 22 /INPUT 1 "RADDR_7";
    .port_info 23 /INPUT 1 "RADDR_6";
    .port_info 24 /INPUT 1 "RADDR_5";
    .port_info 25 /INPUT 1 "RADDR_4";
    .port_info 26 /INPUT 1 "RADDR_3";
    .port_info 27 /INPUT 1 "RADDR_2";
    .port_info 28 /INPUT 1 "RADDR_1";
    .port_info 29 /INPUT 1 "RADDR_0";
    .port_info 30 /INPUT 1 "WCLK";
    .port_info 31 /INPUT 1 "WCLKE";
    .port_info 32 /INPUT 1 "WE";
    .port_info 33 /INPUT 1 "WADDR_10";
    .port_info 34 /INPUT 1 "WADDR_9";
    .port_info 35 /INPUT 1 "WADDR_8";
    .port_info 36 /INPUT 1 "WADDR_7";
    .port_info 37 /INPUT 1 "WADDR_6";
    .port_info 38 /INPUT 1 "WADDR_5";
    .port_info 39 /INPUT 1 "WADDR_4";
    .port_info 40 /INPUT 1 "WADDR_3";
    .port_info 41 /INPUT 1 "WADDR_2";
    .port_info 42 /INPUT 1 "WADDR_1";
    .port_info 43 /INPUT 1 "WADDR_0";
    .port_info 44 /INPUT 1 "MASK_15";
    .port_info 45 /INPUT 1 "MASK_14";
    .port_info 46 /INPUT 1 "MASK_13";
    .port_info 47 /INPUT 1 "MASK_12";
    .port_info 48 /INPUT 1 "MASK_11";
    .port_info 49 /INPUT 1 "MASK_10";
    .port_info 50 /INPUT 1 "MASK_9";
    .port_info 51 /INPUT 1 "MASK_8";
    .port_info 52 /INPUT 1 "MASK_7";
    .port_info 53 /INPUT 1 "MASK_6";
    .port_info 54 /INPUT 1 "MASK_5";
    .port_info 55 /INPUT 1 "MASK_4";
    .port_info 56 /INPUT 1 "MASK_3";
    .port_info 57 /INPUT 1 "MASK_2";
    .port_info 58 /INPUT 1 "MASK_1";
    .port_info 59 /INPUT 1 "MASK_0";
    .port_info 60 /INPUT 1 "WDATA_15";
    .port_info 61 /INPUT 1 "WDATA_14";
    .port_info 62 /INPUT 1 "WDATA_13";
    .port_info 63 /INPUT 1 "WDATA_12";
    .port_info 64 /INPUT 1 "WDATA_11";
    .port_info 65 /INPUT 1 "WDATA_10";
    .port_info 66 /INPUT 1 "WDATA_9";
    .port_info 67 /INPUT 1 "WDATA_8";
    .port_info 68 /INPUT 1 "WDATA_7";
    .port_info 69 /INPUT 1 "WDATA_6";
    .port_info 70 /INPUT 1 "WDATA_5";
    .port_info 71 /INPUT 1 "WDATA_4";
    .port_info 72 /INPUT 1 "WDATA_3";
    .port_info 73 /INPUT 1 "WDATA_2";
    .port_info 74 /INPUT 1 "WDATA_1";
    .port_info 75 /INPUT 1 "WDATA_0";
P_0x555578115100 .param/l "INIT_0" 0 5 3182, C4<0000000000000000000000000000000000000000000000000000000000000000000000000000000000000000000000000000000000000000000000000000000000000000000000000000000000000000000000000000000000000000000000000000000000000000000000000000000000000000000000000000000000000000>;
P_0x555578115140 .param/l "INIT_1" 0 5 3183, C4<0000000000000000000000000000000000000000000000000000000000000000000000000000000000000000000000000000000000000000000000000000000000000000000000000000000000000000000000000000000000000000000000000000000000000000000000000000000000000000000000000000000000000000>;
P_0x555578115180 .param/l "INIT_2" 0 5 3184, C4<0000000000000000000000000000000000000000000000000000000000000000000000000000000000000000000000000000000000000000000000000000000000000000000000000000000000000000000000000000000000000000000000000000000000000000000000000000000000000000000000000000000000000000>;
P_0x5555781151c0 .param/l "INIT_3" 0 5 3185, C4<0000000000000000000000000000000000000000000000000000000000000000000000000000000000000000000000000000000000000000000000000000000000000000000000000000000000000000000000000000000000000000000000000000000000000000000000000000000000000000000000000000000000000000>;
P_0x555578115200 .param/l "INIT_4" 0 5 3186, C4<0000000000000000000000000000000000000000000000000000000000000000000000000000000000000000000000000000000000000000000000000000000000000000000000000000000000000000000000000000000000000000000000000000000000000000000000000000000000000000000000000000000000000000>;
P_0x555578115240 .param/l "INIT_5" 0 5 3187, C4<0000000000000000000000000000000000000000000000000000000000000000000000000000000000000000000000000000000000000000000000000000000000000000000000000000000000000000000000000000000000000000000000000000000000000000000000000000000000000000000000000000000000000000>;
P_0x555578115280 .param/l "INIT_6" 0 5 3188, C4<0000000000000000000000000000000000000000000000000000000000000000000000000000000000000000000000000000000000000000000000000000000000000000000000000000000000000000000000000000000000000000000000000000000000000000000000000000000000000000000000000000000000000000>;
P_0x5555781152c0 .param/l "INIT_7" 0 5 3189, C4<0000000000000000000000000000000000000000000000000000000000000000000000000000000000000000000000000000000000000000000000000000000000000000000000000000000000000000000000000000000000000000000000000000000000000000000000000000000000000000000000000000000000000000>;
P_0x555578115300 .param/l "INIT_8" 0 5 3190, C4<0000000000000000000000000000000000000000000000000000000000000000000000000000000000000000000000000000000000000000000000000000000000000000000000000000000000000000000000000000000000000000000000000000000000000000000000000000000000000000000000000000000000000000>;
P_0x555578115340 .param/l "INIT_9" 0 5 3191, C4<0000000000000000000000000000000000000000000000000000000000000000000000000000000000000000000000000000000000000000000000000000000000000000000000000000000000000000000000000000000000000000000000000000000000000000000000000000000000000000000000000000000000000000>;
P_0x555578115380 .param/l "INIT_A" 0 5 3192, C4<0000000000000000000000000000000000000000000000000000000000000000000000000000000000000000000000000000000000000000000000000000000000000000000000000000000000000000000000000000000000000000000000000000000000000000000000000000000000000000000000000000000000000000>;
P_0x5555781153c0 .param/l "INIT_B" 0 5 3193, C4<0000000000000000000000000000000000000000000000000000000000000000000000000000000000000000000000000000000000000000000000000000000000000000000000000000000000000000000000000000000000000000000000000000000000000000000000000000000000000000000000000000000000000000>;
P_0x555578115400 .param/l "INIT_C" 0 5 3194, C4<0000000000000000000000000000000000000000000000000000000000000000000000000000000000000000000000000000000000000000000000000000000000000000000000000000000000000000000000000000000000000000000000000000000000000000000000000000000000000000000000000000000000000000>;
P_0x555578115440 .param/l "INIT_D" 0 5 3195, C4<0000000000000000000000000000000000000000000000000000000000000000000000000000000000000000000000000000000000000000000000000000000000000000000000000000000000000000000000000000000000000000000000000000000000000000000000000000000000000000000000000000000000000000>;
P_0x555578115480 .param/l "INIT_E" 0 5 3196, C4<0000000000000000000000000000000000000000000000000000000000000000000000000000000000000000000000000000000000000000000000000000000000000000000000000000000000000000000000000000000000000000000000000000000000000000000000000000000000000000000000000000000000000000>;
P_0x5555781154c0 .param/l "INIT_F" 0 5 3197, C4<0000000000000000000000000000000000000000000000000000000000000000000000000000000000000000000000000000000000000000000000000000000000000000000000000000000000000000000000000000000000000000000000000000000000000000000000000000000000000000000000000000000000000000>;
P_0x555578115500 .param/l "NEG_CLK_R" 0 5 3179, C4<0>;
P_0x555578115540 .param/l "NEG_CLK_W" 0 5 3180, C4<0>;
P_0x555578115580 .param/l "READ_MODE" 0 5 3177, +C4<00000000000000000000000000000000>;
P_0x5555781155c0 .param/l "WRITE_MODE" 0 5 3176, +C4<00000000000000000000000000000000>;
L_0x7fa9a4d54330 .functor BUFT 1, C4<0>, C4<0>, C4<0>, C4<0>;
L_0x5555783af980 .functor XOR 1, L_0x5555783b0050, L_0x7fa9a4d54330, C4<0>, C4<0>;
L_0x7fa9a4d54378 .functor BUFT 1, C4<0>, C4<0>, C4<0>, C4<0>;
L_0x5555783b19c0 .functor XOR 1, L_0x5555783b1810, L_0x7fa9a4d54378, C4<0>, C4<0>;
o0x7fa9a4d9e398 .functor BUFZ 1, c4<z>; HiZ drive
v0x555578364770_0 .net "MASK_0", 0 0, o0x7fa9a4d9e398;  0 drivers
o0x7fa9a4d9e3c8 .functor BUFZ 1, c4<z>; HiZ drive
v0x555578364850_0 .net "MASK_1", 0 0, o0x7fa9a4d9e3c8;  0 drivers
o0x7fa9a4d9e3f8 .functor BUFZ 1, c4<z>; HiZ drive
v0x555578364910_0 .net "MASK_10", 0 0, o0x7fa9a4d9e3f8;  0 drivers
o0x7fa9a4d9e428 .functor BUFZ 1, c4<z>; HiZ drive
v0x5555783649e0_0 .net "MASK_11", 0 0, o0x7fa9a4d9e428;  0 drivers
o0x7fa9a4d9e458 .functor BUFZ 1, c4<z>; HiZ drive
v0x555578364aa0_0 .net "MASK_12", 0 0, o0x7fa9a4d9e458;  0 drivers
o0x7fa9a4d9e488 .functor BUFZ 1, c4<z>; HiZ drive
v0x555578364bb0_0 .net "MASK_13", 0 0, o0x7fa9a4d9e488;  0 drivers
o0x7fa9a4d9e4b8 .functor BUFZ 1, c4<z>; HiZ drive
v0x555578364c70_0 .net "MASK_14", 0 0, o0x7fa9a4d9e4b8;  0 drivers
o0x7fa9a4d9e4e8 .functor BUFZ 1, c4<z>; HiZ drive
v0x555578364d30_0 .net "MASK_15", 0 0, o0x7fa9a4d9e4e8;  0 drivers
o0x7fa9a4d9e518 .functor BUFZ 1, c4<z>; HiZ drive
v0x555578364df0_0 .net "MASK_2", 0 0, o0x7fa9a4d9e518;  0 drivers
o0x7fa9a4d9e548 .functor BUFZ 1, c4<z>; HiZ drive
v0x555578364eb0_0 .net "MASK_3", 0 0, o0x7fa9a4d9e548;  0 drivers
o0x7fa9a4d9e578 .functor BUFZ 1, c4<z>; HiZ drive
v0x555578364f70_0 .net "MASK_4", 0 0, o0x7fa9a4d9e578;  0 drivers
o0x7fa9a4d9e5a8 .functor BUFZ 1, c4<z>; HiZ drive
v0x555578365030_0 .net "MASK_5", 0 0, o0x7fa9a4d9e5a8;  0 drivers
o0x7fa9a4d9e5d8 .functor BUFZ 1, c4<z>; HiZ drive
v0x5555783650f0_0 .net "MASK_6", 0 0, o0x7fa9a4d9e5d8;  0 drivers
o0x7fa9a4d9e608 .functor BUFZ 1, c4<z>; HiZ drive
v0x5555783651b0_0 .net "MASK_7", 0 0, o0x7fa9a4d9e608;  0 drivers
o0x7fa9a4d9e638 .functor BUFZ 1, c4<z>; HiZ drive
v0x555578365270_0 .net "MASK_8", 0 0, o0x7fa9a4d9e638;  0 drivers
o0x7fa9a4d9e668 .functor BUFZ 1, c4<z>; HiZ drive
v0x555578365330_0 .net "MASK_9", 0 0, o0x7fa9a4d9e668;  0 drivers
o0x7fa9a4d9e698 .functor BUFZ 1, c4<z>; HiZ drive
v0x5555783653f0_0 .net "RADDR_0", 0 0, o0x7fa9a4d9e698;  0 drivers
o0x7fa9a4d9e6c8 .functor BUFZ 1, c4<z>; HiZ drive
v0x5555783655c0_0 .net "RADDR_1", 0 0, o0x7fa9a4d9e6c8;  0 drivers
o0x7fa9a4d9e6f8 .functor BUFZ 1, c4<z>; HiZ drive
v0x555578365680_0 .net "RADDR_10", 0 0, o0x7fa9a4d9e6f8;  0 drivers
o0x7fa9a4d9e728 .functor BUFZ 1, c4<z>; HiZ drive
v0x555578365740_0 .net "RADDR_2", 0 0, o0x7fa9a4d9e728;  0 drivers
o0x7fa9a4d9e758 .functor BUFZ 1, c4<z>; HiZ drive
v0x555578365800_0 .net "RADDR_3", 0 0, o0x7fa9a4d9e758;  0 drivers
o0x7fa9a4d9e788 .functor BUFZ 1, c4<z>; HiZ drive
v0x5555783658c0_0 .net "RADDR_4", 0 0, o0x7fa9a4d9e788;  0 drivers
o0x7fa9a4d9e7b8 .functor BUFZ 1, c4<z>; HiZ drive
v0x555578365980_0 .net "RADDR_5", 0 0, o0x7fa9a4d9e7b8;  0 drivers
o0x7fa9a4d9e7e8 .functor BUFZ 1, c4<z>; HiZ drive
v0x555578365a40_0 .net "RADDR_6", 0 0, o0x7fa9a4d9e7e8;  0 drivers
o0x7fa9a4d9e818 .functor BUFZ 1, c4<z>; HiZ drive
v0x555578365b00_0 .net "RADDR_7", 0 0, o0x7fa9a4d9e818;  0 drivers
o0x7fa9a4d9e848 .functor BUFZ 1, c4<z>; HiZ drive
v0x555578365bc0_0 .net "RADDR_8", 0 0, o0x7fa9a4d9e848;  0 drivers
o0x7fa9a4d9e878 .functor BUFZ 1, c4<z>; HiZ drive
v0x555578365c80_0 .net "RADDR_9", 0 0, o0x7fa9a4d9e878;  0 drivers
o0x7fa9a4d9e8a8 .functor BUFZ 1, c4<z>; HiZ drive
v0x555578365d40_0 .net "RCLK", 0 0, o0x7fa9a4d9e8a8;  0 drivers
o0x7fa9a4d9e8d8 .functor BUFZ 1, c4<z>; HiZ drive
v0x555578365e00_0 .net "RCLKE", 0 0, o0x7fa9a4d9e8d8;  0 drivers
v0x555578365ec0_0 .net "RDATA_0", 0 0, L_0x5555783afef0;  1 drivers
v0x555578365f80_0 .net "RDATA_1", 0 0, L_0x5555783afc10;  1 drivers
v0x555578366040_0 .net "RDATA_10", 0 0, L_0x5555783af310;  1 drivers
v0x555578366100_0 .net "RDATA_11", 0 0, L_0x5555783af240;  1 drivers
v0x5555783663d0_0 .net "RDATA_12", 0 0, L_0x5555783af140;  1 drivers
v0x555578366490_0 .net "RDATA_13", 0 0, L_0x5555783af070;  1 drivers
v0x555578366550_0 .net "RDATA_14", 0 0, L_0x5555783aefd0;  1 drivers
v0x555578366610_0 .net "RDATA_15", 0 0, L_0x5555783aeeb0;  1 drivers
v0x5555783666d0_0 .net "RDATA_2", 0 0, L_0x5555783afac0;  1 drivers
v0x555578366790_0 .net "RDATA_3", 0 0, L_0x5555783af9f0;  1 drivers
v0x555578366850_0 .net "RDATA_4", 0 0, L_0x5555783af8b0;  1 drivers
v0x555578366910_0 .net "RDATA_5", 0 0, L_0x5555783af7e0;  1 drivers
v0x5555783669d0_0 .net "RDATA_6", 0 0, L_0x5555783af6b0;  1 drivers
v0x555578366a90_0 .net "RDATA_7", 0 0, L_0x5555783af5e0;  1 drivers
v0x555578366b50_0 .net "RDATA_8", 0 0, L_0x5555783af4c0;  1 drivers
v0x555578366c10_0 .net "RDATA_9", 0 0, L_0x5555783af420;  1 drivers
o0x7fa9a4d9ec08 .functor BUFZ 1, c4<z>; HiZ drive
v0x555578366cd0_0 .net "RE", 0 0, o0x7fa9a4d9ec08;  0 drivers
o0x7fa9a4d9ec38 .functor BUFZ 1, c4<z>; HiZ drive
v0x555578366d90_0 .net "WADDR_0", 0 0, o0x7fa9a4d9ec38;  0 drivers
o0x7fa9a4d9ec68 .functor BUFZ 1, c4<z>; HiZ drive
v0x555578366e50_0 .net "WADDR_1", 0 0, o0x7fa9a4d9ec68;  0 drivers
o0x7fa9a4d9ec98 .functor BUFZ 1, c4<z>; HiZ drive
v0x555578366f10_0 .net "WADDR_10", 0 0, o0x7fa9a4d9ec98;  0 drivers
o0x7fa9a4d9ecc8 .functor BUFZ 1, c4<z>; HiZ drive
v0x555578366fd0_0 .net "WADDR_2", 0 0, o0x7fa9a4d9ecc8;  0 drivers
o0x7fa9a4d9ecf8 .functor BUFZ 1, c4<z>; HiZ drive
v0x555578367090_0 .net "WADDR_3", 0 0, o0x7fa9a4d9ecf8;  0 drivers
o0x7fa9a4d9ed28 .functor BUFZ 1, c4<z>; HiZ drive
v0x555578367150_0 .net "WADDR_4", 0 0, o0x7fa9a4d9ed28;  0 drivers
o0x7fa9a4d9ed58 .functor BUFZ 1, c4<z>; HiZ drive
v0x555578367210_0 .net "WADDR_5", 0 0, o0x7fa9a4d9ed58;  0 drivers
o0x7fa9a4d9ed88 .functor BUFZ 1, c4<z>; HiZ drive
v0x5555783672d0_0 .net "WADDR_6", 0 0, o0x7fa9a4d9ed88;  0 drivers
o0x7fa9a4d9edb8 .functor BUFZ 1, c4<z>; HiZ drive
v0x555578367390_0 .net "WADDR_7", 0 0, o0x7fa9a4d9edb8;  0 drivers
o0x7fa9a4d9ede8 .functor BUFZ 1, c4<z>; HiZ drive
v0x555578367450_0 .net "WADDR_8", 0 0, o0x7fa9a4d9ede8;  0 drivers
o0x7fa9a4d9ee18 .functor BUFZ 1, c4<z>; HiZ drive
v0x555578367510_0 .net "WADDR_9", 0 0, o0x7fa9a4d9ee18;  0 drivers
o0x7fa9a4d9ee48 .functor BUFZ 1, c4<z>; HiZ drive
v0x5555783675d0_0 .net "WCLK", 0 0, o0x7fa9a4d9ee48;  0 drivers
o0x7fa9a4d9ee78 .functor BUFZ 1, c4<z>; HiZ drive
v0x555578367690_0 .net "WCLKE", 0 0, o0x7fa9a4d9ee78;  0 drivers
o0x7fa9a4d9eea8 .functor BUFZ 1, c4<z>; HiZ drive
v0x555578367750_0 .net "WDATA_0", 0 0, o0x7fa9a4d9eea8;  0 drivers
o0x7fa9a4d9eed8 .functor BUFZ 1, c4<z>; HiZ drive
v0x555578367810_0 .net "WDATA_1", 0 0, o0x7fa9a4d9eed8;  0 drivers
o0x7fa9a4d9ef08 .functor BUFZ 1, c4<z>; HiZ drive
v0x5555783678d0_0 .net "WDATA_10", 0 0, o0x7fa9a4d9ef08;  0 drivers
o0x7fa9a4d9ef38 .functor BUFZ 1, c4<z>; HiZ drive
v0x555578367990_0 .net "WDATA_11", 0 0, o0x7fa9a4d9ef38;  0 drivers
o0x7fa9a4d9ef68 .functor BUFZ 1, c4<z>; HiZ drive
v0x555578367a50_0 .net "WDATA_12", 0 0, o0x7fa9a4d9ef68;  0 drivers
o0x7fa9a4d9ef98 .functor BUFZ 1, c4<z>; HiZ drive
v0x555578367b10_0 .net "WDATA_13", 0 0, o0x7fa9a4d9ef98;  0 drivers
o0x7fa9a4d9efc8 .functor BUFZ 1, c4<z>; HiZ drive
v0x555578367bd0_0 .net "WDATA_14", 0 0, o0x7fa9a4d9efc8;  0 drivers
o0x7fa9a4d9eff8 .functor BUFZ 1, c4<z>; HiZ drive
v0x555578367c90_0 .net "WDATA_15", 0 0, o0x7fa9a4d9eff8;  0 drivers
o0x7fa9a4d9f028 .functor BUFZ 1, c4<z>; HiZ drive
v0x555578367d50_0 .net "WDATA_2", 0 0, o0x7fa9a4d9f028;  0 drivers
o0x7fa9a4d9f058 .functor BUFZ 1, c4<z>; HiZ drive
v0x555578367e10_0 .net "WDATA_3", 0 0, o0x7fa9a4d9f058;  0 drivers
o0x7fa9a4d9f088 .functor BUFZ 1, c4<z>; HiZ drive
v0x555578367ed0_0 .net "WDATA_4", 0 0, o0x7fa9a4d9f088;  0 drivers
o0x7fa9a4d9f0b8 .functor BUFZ 1, c4<z>; HiZ drive
v0x555578367f90_0 .net "WDATA_5", 0 0, o0x7fa9a4d9f0b8;  0 drivers
o0x7fa9a4d9f0e8 .functor BUFZ 1, c4<z>; HiZ drive
v0x555578368050_0 .net "WDATA_6", 0 0, o0x7fa9a4d9f0e8;  0 drivers
o0x7fa9a4d9f118 .functor BUFZ 1, c4<z>; HiZ drive
v0x555578368110_0 .net "WDATA_7", 0 0, o0x7fa9a4d9f118;  0 drivers
o0x7fa9a4d9f148 .functor BUFZ 1, c4<z>; HiZ drive
v0x5555783681d0_0 .net "WDATA_8", 0 0, o0x7fa9a4d9f148;  0 drivers
o0x7fa9a4d9f178 .functor BUFZ 1, c4<z>; HiZ drive
v0x555578368290_0 .net "WDATA_9", 0 0, o0x7fa9a4d9f178;  0 drivers
o0x7fa9a4d9f1a8 .functor BUFZ 1, c4<z>; HiZ drive
v0x555578368350_0 .net "WE", 0 0, o0x7fa9a4d9f1a8;  0 drivers
v0x555578368410_0 .net *"_ivl_100", 0 0, L_0x5555783b3da0;  1 drivers
v0x5555783684f0_0 .net *"_ivl_102", 0 0, L_0x5555783b3af0;  1 drivers
v0x5555783685d0_0 .net *"_ivl_104", 0 0, L_0x5555783b3bf0;  1 drivers
v0x5555783686b0_0 .net *"_ivl_106", 0 0, L_0x5555783b4290;  1 drivers
v0x555578368790_0 .net *"_ivl_108", 0 0, L_0x5555783b4390;  1 drivers
v0x555578368870_0 .net *"_ivl_110", 0 0, L_0x5555783b4670;  1 drivers
v0x555578368950_0 .net *"_ivl_112", 0 0, L_0x5555783b4770;  1 drivers
v0x555578368a30_0 .net *"_ivl_114", 0 0, L_0x5555783b4a60;  1 drivers
v0x555578368b10_0 .net *"_ivl_116", 0 0, L_0x5555783b4b60;  1 drivers
v0x555578368bf0_0 .net *"_ivl_120", 0 0, L_0x5555783b5450;  1 drivers
v0x555578368cd0_0 .net *"_ivl_122", 0 0, L_0x5555783b5700;  1 drivers
v0x555578368db0_0 .net *"_ivl_124", 0 0, L_0x5555783b57a0;  1 drivers
v0x555578368e90_0 .net *"_ivl_126", 0 0, L_0x5555783b5a60;  1 drivers
v0x555578368f70_0 .net *"_ivl_128", 0 0, L_0x5555783b5b00;  1 drivers
v0x555578369050_0 .net *"_ivl_130", 0 0, L_0x5555783b5dd0;  1 drivers
v0x555578369130_0 .net *"_ivl_132", 0 0, L_0x5555783b5e70;  1 drivers
v0x555578369210_0 .net *"_ivl_134", 0 0, L_0x5555783b6150;  1 drivers
v0x5555783692f0_0 .net *"_ivl_136", 0 0, L_0x5555783b61f0;  1 drivers
v0x5555783693d0_0 .net *"_ivl_138", 0 0, L_0x5555783b64e0;  1 drivers
v0x5555783694b0_0 .net *"_ivl_140", 0 0, L_0x5555783b65e0;  1 drivers
v0x555578369590_0 .net *"_ivl_142", 0 0, L_0x5555783b6940;  1 drivers
v0x555578369670_0 .net *"_ivl_144", 0 0, L_0x5555783b6a40;  1 drivers
v0x555578369750_0 .net *"_ivl_146", 0 0, L_0x5555783b6db0;  1 drivers
v0x555578369830_0 .net *"_ivl_148", 0 0, L_0x5555783b6eb0;  1 drivers
v0x555578369910_0 .net *"_ivl_150", 0 0, L_0x5555783b7230;  1 drivers
v0x5555783699f0_0 .net *"_ivl_18", 0 0, L_0x5555783b0050;  1 drivers
v0x555578369ad0_0 .net/2u *"_ivl_19", 0 0, L_0x7fa9a4d54330;  1 drivers
v0x555578369bb0_0 .net *"_ivl_28", 0 0, L_0x5555783b03f0;  1 drivers
v0x555578369c90_0 .net *"_ivl_30", 0 0, L_0x5555783b0250;  1 drivers
v0x555578369d70_0 .net *"_ivl_32", 0 0, L_0x5555783b0600;  1 drivers
v0x555578369e50_0 .net *"_ivl_34", 0 0, L_0x5555783b07c0;  1 drivers
v0x555578369f30_0 .net *"_ivl_36", 0 0, L_0x5555783b08c0;  1 drivers
v0x55557836a010_0 .net *"_ivl_38", 0 0, L_0x5555783b0a90;  1 drivers
v0x55557836a0f0_0 .net *"_ivl_40", 0 0, L_0x5555783b0b90;  1 drivers
v0x55557836a1d0_0 .net *"_ivl_42", 0 0, L_0x5555783b0d70;  1 drivers
v0x55557836a2b0_0 .net *"_ivl_44", 0 0, L_0x5555783b0e70;  1 drivers
v0x55557836a390_0 .net *"_ivl_46", 0 0, L_0x5555783b1060;  1 drivers
v0x55557836a470_0 .net *"_ivl_48", 0 0, L_0x5555783b1160;  1 drivers
v0x55557836a550_0 .net *"_ivl_52", 0 0, L_0x5555783b1810;  1 drivers
v0x55557836a630_0 .net/2u *"_ivl_53", 0 0, L_0x7fa9a4d54378;  1 drivers
v0x55557836a710_0 .net *"_ivl_62", 0 0, L_0x5555783b1d30;  1 drivers
v0x55557836a7f0_0 .net *"_ivl_64", 0 0, L_0x5555783b1dd0;  1 drivers
v0x55557836a8d0_0 .net *"_ivl_66", 0 0, L_0x5555783b1fa0;  1 drivers
v0x55557836a9b0_0 .net *"_ivl_68", 0 0, L_0x5555783b2040;  1 drivers
v0x55557836aa90_0 .net *"_ivl_70", 0 0, L_0x5555783b2280;  1 drivers
v0x55557836ab70_0 .net *"_ivl_72", 0 0, L_0x5555783b2380;  1 drivers
v0x55557836ac50_0 .net *"_ivl_74", 0 0, L_0x5555783b25d0;  1 drivers
v0x55557836ad30_0 .net *"_ivl_76", 0 0, L_0x5555783b26d0;  1 drivers
v0x55557836ae10_0 .net *"_ivl_78", 0 0, L_0x5555783b2930;  1 drivers
v0x55557836aef0_0 .net *"_ivl_80", 0 0, L_0x5555783b2a30;  1 drivers
v0x55557836afd0_0 .net *"_ivl_82", 0 0, L_0x5555783b2ca0;  1 drivers
v0x55557836b0b0_0 .net *"_ivl_86", 0 0, L_0x5555783b33d0;  1 drivers
v0x55557836b190_0 .net *"_ivl_88", 0 0, L_0x5555783b3470;  1 drivers
v0x55557836ba80_0 .net *"_ivl_90", 0 0, L_0x5555783b36a0;  1 drivers
v0x55557836bb60_0 .net *"_ivl_92", 0 0, L_0x5555783b3740;  1 drivers
v0x55557836bc40_0 .net *"_ivl_94", 0 0, L_0x5555783b3980;  1 drivers
v0x55557836bd20_0 .net *"_ivl_96", 0 0, L_0x5555783b3a20;  1 drivers
v0x55557836be00_0 .net *"_ivl_98", 0 0, L_0x5555783b3ca0;  1 drivers
L_0x5555783aeeb0 .part v0x5555781a23a0_0, 15, 1;
L_0x5555783aefd0 .part v0x5555781a23a0_0, 14, 1;
L_0x5555783af070 .part v0x5555781a23a0_0, 13, 1;
L_0x5555783af140 .part v0x5555781a23a0_0, 12, 1;
L_0x5555783af240 .part v0x5555781a23a0_0, 11, 1;
L_0x5555783af310 .part v0x5555781a23a0_0, 10, 1;
L_0x5555783af420 .part v0x5555781a23a0_0, 9, 1;
L_0x5555783af4c0 .part v0x5555781a23a0_0, 8, 1;
L_0x5555783af5e0 .part v0x5555781a23a0_0, 7, 1;
L_0x5555783af6b0 .part v0x5555781a23a0_0, 6, 1;
L_0x5555783af7e0 .part v0x5555781a23a0_0, 5, 1;
L_0x5555783af8b0 .part v0x5555781a23a0_0, 4, 1;
L_0x5555783af9f0 .part v0x5555781a23a0_0, 3, 1;
L_0x5555783afac0 .part v0x5555781a23a0_0, 2, 1;
L_0x5555783afc10 .part v0x5555781a23a0_0, 1, 1;
L_0x5555783afef0 .part v0x5555781a23a0_0, 0, 1;
L_0x5555783b0050 .ufunc/vec4 TD_ICESTORM_RAM.pd, 1, o0x7fa9a4d9e8a8 (v0x555578364350_0) S_0x5555783640e0;
L_0x5555783b01b0 .ufunc/vec4 TD_ICESTORM_RAM.pu, 1, o0x7fa9a4d9e8d8 (v0x5555783646b0_0) S_0x555578364410;
L_0x5555783b02f0 .ufunc/vec4 TD_ICESTORM_RAM.pd, 1, o0x7fa9a4d9ec08 (v0x555578364350_0) S_0x5555783640e0;
L_0x5555783b03f0 .ufunc/vec4 TD_ICESTORM_RAM.pd, 1, o0x7fa9a4d9e6f8 (v0x555578364350_0) S_0x5555783640e0;
L_0x5555783b0250 .ufunc/vec4 TD_ICESTORM_RAM.pd, 1, o0x7fa9a4d9e878 (v0x555578364350_0) S_0x5555783640e0;
L_0x5555783b0600 .ufunc/vec4 TD_ICESTORM_RAM.pd, 1, o0x7fa9a4d9e848 (v0x555578364350_0) S_0x5555783640e0;
L_0x5555783b07c0 .ufunc/vec4 TD_ICESTORM_RAM.pd, 1, o0x7fa9a4d9e818 (v0x555578364350_0) S_0x5555783640e0;
L_0x5555783b08c0 .ufunc/vec4 TD_ICESTORM_RAM.pd, 1, o0x7fa9a4d9e7e8 (v0x555578364350_0) S_0x5555783640e0;
L_0x5555783b0a90 .ufunc/vec4 TD_ICESTORM_RAM.pd, 1, o0x7fa9a4d9e7b8 (v0x555578364350_0) S_0x5555783640e0;
L_0x5555783b0b90 .ufunc/vec4 TD_ICESTORM_RAM.pd, 1, o0x7fa9a4d9e788 (v0x555578364350_0) S_0x5555783640e0;
L_0x5555783b0d70 .ufunc/vec4 TD_ICESTORM_RAM.pd, 1, o0x7fa9a4d9e758 (v0x555578364350_0) S_0x5555783640e0;
L_0x5555783b0e70 .ufunc/vec4 TD_ICESTORM_RAM.pd, 1, o0x7fa9a4d9e728 (v0x555578364350_0) S_0x5555783640e0;
L_0x5555783b1060 .ufunc/vec4 TD_ICESTORM_RAM.pd, 1, o0x7fa9a4d9e6c8 (v0x555578364350_0) S_0x5555783640e0;
L_0x5555783b1160 .ufunc/vec4 TD_ICESTORM_RAM.pd, 1, o0x7fa9a4d9e698 (v0x555578364350_0) S_0x5555783640e0;
LS_0x5555783b1360_0_0 .concat [ 1 1 1 1], L_0x5555783b1160, L_0x5555783b1060, L_0x5555783b0e70, L_0x5555783b0d70;
LS_0x5555783b1360_0_4 .concat [ 1 1 1 1], L_0x5555783b0b90, L_0x5555783b0a90, L_0x5555783b08c0, L_0x5555783b07c0;
LS_0x5555783b1360_0_8 .concat [ 1 1 1 0], L_0x5555783b0600, L_0x5555783b0250, L_0x5555783b03f0;
L_0x5555783b1360 .concat [ 4 4 3 0], LS_0x5555783b1360_0_0, LS_0x5555783b1360_0_4, LS_0x5555783b1360_0_8;
L_0x5555783b1810 .ufunc/vec4 TD_ICESTORM_RAM.pd, 1, o0x7fa9a4d9ee48 (v0x555578364350_0) S_0x5555783640e0;
L_0x5555783b1ad0 .ufunc/vec4 TD_ICESTORM_RAM.pu, 1, o0x7fa9a4d9ee78 (v0x5555783646b0_0) S_0x555578364410;
L_0x5555783b1b70 .ufunc/vec4 TD_ICESTORM_RAM.pd, 1, o0x7fa9a4d9f1a8 (v0x555578364350_0) S_0x5555783640e0;
L_0x5555783b1d30 .ufunc/vec4 TD_ICESTORM_RAM.pd, 1, o0x7fa9a4d9ec98 (v0x555578364350_0) S_0x5555783640e0;
L_0x5555783b1dd0 .ufunc/vec4 TD_ICESTORM_RAM.pd, 1, o0x7fa9a4d9ee18 (v0x555578364350_0) S_0x5555783640e0;
L_0x5555783b1fa0 .ufunc/vec4 TD_ICESTORM_RAM.pd, 1, o0x7fa9a4d9ede8 (v0x555578364350_0) S_0x5555783640e0;
L_0x5555783b2040 .ufunc/vec4 TD_ICESTORM_RAM.pd, 1, o0x7fa9a4d9edb8 (v0x555578364350_0) S_0x5555783640e0;
L_0x5555783b2280 .ufunc/vec4 TD_ICESTORM_RAM.pd, 1, o0x7fa9a4d9ed88 (v0x555578364350_0) S_0x5555783640e0;
L_0x5555783b2380 .ufunc/vec4 TD_ICESTORM_RAM.pd, 1, o0x7fa9a4d9ed58 (v0x555578364350_0) S_0x5555783640e0;
L_0x5555783b25d0 .ufunc/vec4 TD_ICESTORM_RAM.pd, 1, o0x7fa9a4d9ed28 (v0x555578364350_0) S_0x5555783640e0;
L_0x5555783b26d0 .ufunc/vec4 TD_ICESTORM_RAM.pd, 1, o0x7fa9a4d9ecf8 (v0x555578364350_0) S_0x5555783640e0;
L_0x5555783b2930 .ufunc/vec4 TD_ICESTORM_RAM.pd, 1, o0x7fa9a4d9ecc8 (v0x555578364350_0) S_0x5555783640e0;
L_0x5555783b2a30 .ufunc/vec4 TD_ICESTORM_RAM.pd, 1, o0x7fa9a4d9ec68 (v0x555578364350_0) S_0x5555783640e0;
L_0x5555783b2ca0 .ufunc/vec4 TD_ICESTORM_RAM.pd, 1, o0x7fa9a4d9ec38 (v0x555578364350_0) S_0x5555783640e0;
LS_0x5555783b2da0_0_0 .concat [ 1 1 1 1], L_0x5555783b2ca0, L_0x5555783b2a30, L_0x5555783b2930, L_0x5555783b26d0;
LS_0x5555783b2da0_0_4 .concat [ 1 1 1 1], L_0x5555783b25d0, L_0x5555783b2380, L_0x5555783b2280, L_0x5555783b2040;
LS_0x5555783b2da0_0_8 .concat [ 1 1 1 0], L_0x5555783b1fa0, L_0x5555783b1dd0, L_0x5555783b1d30;
L_0x5555783b2da0 .concat [ 4 4 3 0], LS_0x5555783b2da0_0_0, LS_0x5555783b2da0_0_4, LS_0x5555783b2da0_0_8;
L_0x5555783b33d0 .ufunc/vec4 TD_ICESTORM_RAM.pd, 1, o0x7fa9a4d9e4e8 (v0x555578364350_0) S_0x5555783640e0;
L_0x5555783b3470 .ufunc/vec4 TD_ICESTORM_RAM.pd, 1, o0x7fa9a4d9e4b8 (v0x555578364350_0) S_0x5555783640e0;
L_0x5555783b36a0 .ufunc/vec4 TD_ICESTORM_RAM.pd, 1, o0x7fa9a4d9e488 (v0x555578364350_0) S_0x5555783640e0;
L_0x5555783b3740 .ufunc/vec4 TD_ICESTORM_RAM.pd, 1, o0x7fa9a4d9e458 (v0x555578364350_0) S_0x5555783640e0;
L_0x5555783b3980 .ufunc/vec4 TD_ICESTORM_RAM.pd, 1, o0x7fa9a4d9e428 (v0x555578364350_0) S_0x5555783640e0;
L_0x5555783b3a20 .ufunc/vec4 TD_ICESTORM_RAM.pd, 1, o0x7fa9a4d9e3f8 (v0x555578364350_0) S_0x5555783640e0;
L_0x5555783b3ca0 .ufunc/vec4 TD_ICESTORM_RAM.pd, 1, o0x7fa9a4d9e668 (v0x555578364350_0) S_0x5555783640e0;
L_0x5555783b3da0 .ufunc/vec4 TD_ICESTORM_RAM.pd, 1, o0x7fa9a4d9e638 (v0x555578364350_0) S_0x5555783640e0;
L_0x5555783b3af0 .ufunc/vec4 TD_ICESTORM_RAM.pd, 1, o0x7fa9a4d9e608 (v0x555578364350_0) S_0x5555783640e0;
L_0x5555783b3bf0 .ufunc/vec4 TD_ICESTORM_RAM.pd, 1, o0x7fa9a4d9e5d8 (v0x555578364350_0) S_0x5555783640e0;
L_0x5555783b4290 .ufunc/vec4 TD_ICESTORM_RAM.pd, 1, o0x7fa9a4d9e5a8 (v0x555578364350_0) S_0x5555783640e0;
L_0x5555783b4390 .ufunc/vec4 TD_ICESTORM_RAM.pd, 1, o0x7fa9a4d9e578 (v0x555578364350_0) S_0x5555783640e0;
L_0x5555783b4670 .ufunc/vec4 TD_ICESTORM_RAM.pd, 1, o0x7fa9a4d9e548 (v0x555578364350_0) S_0x5555783640e0;
L_0x5555783b4770 .ufunc/vec4 TD_ICESTORM_RAM.pd, 1, o0x7fa9a4d9e518 (v0x555578364350_0) S_0x5555783640e0;
L_0x5555783b4a60 .ufunc/vec4 TD_ICESTORM_RAM.pd, 1, o0x7fa9a4d9e3c8 (v0x555578364350_0) S_0x5555783640e0;
L_0x5555783b4b60 .ufunc/vec4 TD_ICESTORM_RAM.pd, 1, o0x7fa9a4d9e398 (v0x555578364350_0) S_0x5555783640e0;
LS_0x5555783b4e60_0_0 .concat [ 1 1 1 1], L_0x5555783b4b60, L_0x5555783b4a60, L_0x5555783b4770, L_0x5555783b4670;
LS_0x5555783b4e60_0_4 .concat [ 1 1 1 1], L_0x5555783b4390, L_0x5555783b4290, L_0x5555783b3bf0, L_0x5555783b3af0;
LS_0x5555783b4e60_0_8 .concat [ 1 1 1 1], L_0x5555783b3da0, L_0x5555783b3ca0, L_0x5555783b3a20, L_0x5555783b3980;
LS_0x5555783b4e60_0_12 .concat [ 1 1 1 1], L_0x5555783b3740, L_0x5555783b36a0, L_0x5555783b3470, L_0x5555783b33d0;
L_0x5555783b4e60 .concat [ 4 4 4 4], LS_0x5555783b4e60_0_0, LS_0x5555783b4e60_0_4, LS_0x5555783b4e60_0_8, LS_0x5555783b4e60_0_12;
L_0x5555783b5450 .ufunc/vec4 TD_ICESTORM_RAM.pd, 1, o0x7fa9a4d9eff8 (v0x555578364350_0) S_0x5555783640e0;
L_0x5555783b5700 .ufunc/vec4 TD_ICESTORM_RAM.pd, 1, o0x7fa9a4d9efc8 (v0x555578364350_0) S_0x5555783640e0;
L_0x5555783b57a0 .ufunc/vec4 TD_ICESTORM_RAM.pd, 1, o0x7fa9a4d9ef98 (v0x555578364350_0) S_0x5555783640e0;
L_0x5555783b5a60 .ufunc/vec4 TD_ICESTORM_RAM.pd, 1, o0x7fa9a4d9ef68 (v0x555578364350_0) S_0x5555783640e0;
L_0x5555783b5b00 .ufunc/vec4 TD_ICESTORM_RAM.pd, 1, o0x7fa9a4d9ef38 (v0x555578364350_0) S_0x5555783640e0;
L_0x5555783b5dd0 .ufunc/vec4 TD_ICESTORM_RAM.pd, 1, o0x7fa9a4d9ef08 (v0x555578364350_0) S_0x5555783640e0;
L_0x5555783b5e70 .ufunc/vec4 TD_ICESTORM_RAM.pd, 1, o0x7fa9a4d9f178 (v0x555578364350_0) S_0x5555783640e0;
L_0x5555783b6150 .ufunc/vec4 TD_ICESTORM_RAM.pd, 1, o0x7fa9a4d9f148 (v0x555578364350_0) S_0x5555783640e0;
L_0x5555783b61f0 .ufunc/vec4 TD_ICESTORM_RAM.pd, 1, o0x7fa9a4d9f118 (v0x555578364350_0) S_0x5555783640e0;
L_0x5555783b64e0 .ufunc/vec4 TD_ICESTORM_RAM.pd, 1, o0x7fa9a4d9f0e8 (v0x555578364350_0) S_0x5555783640e0;
L_0x5555783b65e0 .ufunc/vec4 TD_ICESTORM_RAM.pd, 1, o0x7fa9a4d9f0b8 (v0x555578364350_0) S_0x5555783640e0;
L_0x5555783b6940 .ufunc/vec4 TD_ICESTORM_RAM.pd, 1, o0x7fa9a4d9f088 (v0x555578364350_0) S_0x5555783640e0;
L_0x5555783b6a40 .ufunc/vec4 TD_ICESTORM_RAM.pd, 1, o0x7fa9a4d9f058 (v0x555578364350_0) S_0x5555783640e0;
L_0x5555783b6db0 .ufunc/vec4 TD_ICESTORM_RAM.pd, 1, o0x7fa9a4d9f028 (v0x555578364350_0) S_0x5555783640e0;
L_0x5555783b6eb0 .ufunc/vec4 TD_ICESTORM_RAM.pd, 1, o0x7fa9a4d9eed8 (v0x555578364350_0) S_0x5555783640e0;
L_0x5555783b7230 .ufunc/vec4 TD_ICESTORM_RAM.pd, 1, o0x7fa9a4d9eea8 (v0x555578364350_0) S_0x5555783640e0;
LS_0x5555783b7330_0_0 .concat [ 1 1 1 1], L_0x5555783b7230, L_0x5555783b6eb0, L_0x5555783b6db0, L_0x5555783b6a40;
LS_0x5555783b7330_0_4 .concat [ 1 1 1 1], L_0x5555783b6940, L_0x5555783b65e0, L_0x5555783b64e0, L_0x5555783b61f0;
LS_0x5555783b7330_0_8 .concat [ 1 1 1 1], L_0x5555783b6150, L_0x5555783b5e70, L_0x5555783b5dd0, L_0x5555783b5b00;
LS_0x5555783b7330_0_12 .concat [ 1 1 1 1], L_0x5555783b5a60, L_0x5555783b57a0, L_0x5555783b5700, L_0x5555783b5450;
L_0x5555783b7330 .concat [ 4 4 4 4], LS_0x5555783b7330_0_0, LS_0x5555783b7330_0_4, LS_0x5555783b7330_0_8, LS_0x5555783b7330_0_12;
S_0x555578128010 .scope module, "RAM" "SB_RAM40_4K" 5 3233, 5 1487 0, S_0x5555783280b0;
 .timescale -12 -12;
    .port_info 0 /OUTPUT 16 "RDATA";
    .port_info 1 /INPUT 1 "RCLK";
    .port_info 2 /INPUT 1 "RCLKE";
    .port_info 3 /INPUT 1 "RE";
    .port_info 4 /INPUT 11 "RADDR";
    .port_info 5 /INPUT 1 "WCLK";
    .port_info 6 /INPUT 1 "WCLKE";
    .port_info 7 /INPUT 1 "WE";
    .port_info 8 /INPUT 11 "WADDR";
    .port_info 9 /INPUT 16 "MASK";
    .port_info 10 /INPUT 16 "WDATA";
P_0x555578126a40 .param/l "INIT_0" 0 5 1507, C4<0000000000000000000000000000000000000000000000000000000000000000000000000000000000000000000000000000000000000000000000000000000000000000000000000000000000000000000000000000000000000000000000000000000000000000000000000000000000000000000000000000000000000000>;
P_0x555578126a80 .param/l "INIT_1" 0 5 1508, C4<0000000000000000000000000000000000000000000000000000000000000000000000000000000000000000000000000000000000000000000000000000000000000000000000000000000000000000000000000000000000000000000000000000000000000000000000000000000000000000000000000000000000000000>;
P_0x555578126ac0 .param/l "INIT_2" 0 5 1509, C4<0000000000000000000000000000000000000000000000000000000000000000000000000000000000000000000000000000000000000000000000000000000000000000000000000000000000000000000000000000000000000000000000000000000000000000000000000000000000000000000000000000000000000000>;
P_0x555578126b00 .param/l "INIT_3" 0 5 1510, C4<0000000000000000000000000000000000000000000000000000000000000000000000000000000000000000000000000000000000000000000000000000000000000000000000000000000000000000000000000000000000000000000000000000000000000000000000000000000000000000000000000000000000000000>;
P_0x555578126b40 .param/l "INIT_4" 0 5 1511, C4<0000000000000000000000000000000000000000000000000000000000000000000000000000000000000000000000000000000000000000000000000000000000000000000000000000000000000000000000000000000000000000000000000000000000000000000000000000000000000000000000000000000000000000>;
P_0x555578126b80 .param/l "INIT_5" 0 5 1512, C4<0000000000000000000000000000000000000000000000000000000000000000000000000000000000000000000000000000000000000000000000000000000000000000000000000000000000000000000000000000000000000000000000000000000000000000000000000000000000000000000000000000000000000000>;
P_0x555578126bc0 .param/l "INIT_6" 0 5 1513, C4<0000000000000000000000000000000000000000000000000000000000000000000000000000000000000000000000000000000000000000000000000000000000000000000000000000000000000000000000000000000000000000000000000000000000000000000000000000000000000000000000000000000000000000>;
P_0x555578126c00 .param/l "INIT_7" 0 5 1514, C4<0000000000000000000000000000000000000000000000000000000000000000000000000000000000000000000000000000000000000000000000000000000000000000000000000000000000000000000000000000000000000000000000000000000000000000000000000000000000000000000000000000000000000000>;
P_0x555578126c40 .param/l "INIT_8" 0 5 1515, C4<0000000000000000000000000000000000000000000000000000000000000000000000000000000000000000000000000000000000000000000000000000000000000000000000000000000000000000000000000000000000000000000000000000000000000000000000000000000000000000000000000000000000000000>;
P_0x555578126c80 .param/l "INIT_9" 0 5 1516, C4<0000000000000000000000000000000000000000000000000000000000000000000000000000000000000000000000000000000000000000000000000000000000000000000000000000000000000000000000000000000000000000000000000000000000000000000000000000000000000000000000000000000000000000>;
P_0x555578126cc0 .param/l "INIT_A" 0 5 1517, C4<0000000000000000000000000000000000000000000000000000000000000000000000000000000000000000000000000000000000000000000000000000000000000000000000000000000000000000000000000000000000000000000000000000000000000000000000000000000000000000000000000000000000000000>;
P_0x555578126d00 .param/l "INIT_B" 0 5 1518, C4<0000000000000000000000000000000000000000000000000000000000000000000000000000000000000000000000000000000000000000000000000000000000000000000000000000000000000000000000000000000000000000000000000000000000000000000000000000000000000000000000000000000000000000>;
P_0x555578126d40 .param/l "INIT_C" 0 5 1519, C4<0000000000000000000000000000000000000000000000000000000000000000000000000000000000000000000000000000000000000000000000000000000000000000000000000000000000000000000000000000000000000000000000000000000000000000000000000000000000000000000000000000000000000000>;
P_0x555578126d80 .param/l "INIT_D" 0 5 1520, C4<0000000000000000000000000000000000000000000000000000000000000000000000000000000000000000000000000000000000000000000000000000000000000000000000000000000000000000000000000000000000000000000000000000000000000000000000000000000000000000000000000000000000000000>;
P_0x555578126dc0 .param/l "INIT_E" 0 5 1521, C4<0000000000000000000000000000000000000000000000000000000000000000000000000000000000000000000000000000000000000000000000000000000000000000000000000000000000000000000000000000000000000000000000000000000000000000000000000000000000000000000000000000000000000000>;
P_0x555578126e00 .param/l "INIT_F" 0 5 1522, C4<0000000000000000000000000000000000000000000000000000000000000000000000000000000000000000000000000000000000000000000000000000000000000000000000000000000000000000000000000000000000000000000000000000000000000000000000000000000000000000000000000000000000000000>;
P_0x555578126e40 .param/str "INIT_FILE" 0 5 1524, "\000";
P_0x555578126e80 .param/l "READ_MODE" 0 5 1505, +C4<00000000000000000000000000000000>;
P_0x555578126ec0 .param/l "WRITE_MODE" 0 5 1504, +C4<00000000000000000000000000000000>;
v0x5555781167b0_0 .net "MASK", 15 0, L_0x5555783b4e60;  1 drivers
v0x555578116850_0 .net "RADDR", 10 0, L_0x5555783b1360;  1 drivers
v0x555578116930_0 .net "RCLK", 0 0, L_0x5555783af980;  1 drivers
v0x5555781169d0_0 .net "RCLKE", 0 0, L_0x5555783b01b0;  1 drivers
v0x5555781a2270_0 .net "RDATA", 15 0, v0x5555781a23a0_0;  1 drivers
v0x5555781a23a0_0 .var "RDATA_I", 15 0;
v0x5555781a2480_0 .net "RE", 0 0, L_0x5555783b02f0;  1 drivers
L_0x7fa9a4d542e8 .functor BUFT 1, C4<0000000000000000>, C4<0>, C4<0>, C4<0>;
v0x5555781a2540_0 .net "RMASK_I", 15 0, L_0x7fa9a4d542e8;  1 drivers
v0x5555781a2620_0 .net "WADDR", 10 0, L_0x5555783b2da0;  1 drivers
v0x5555781a2700_0 .net "WCLK", 0 0, L_0x5555783b19c0;  1 drivers
v0x5555783639b0_0 .net "WCLKE", 0 0, L_0x5555783b1ad0;  1 drivers
v0x555578363a50_0 .net "WDATA", 15 0, L_0x5555783b7330;  1 drivers
v0x555578363af0_0 .net "WDATA_I", 15 0, L_0x5555783aed70;  1 drivers
v0x555578363b90_0 .net "WE", 0 0, L_0x5555783b1b70;  1 drivers
v0x555578363c30_0 .net "WMASK_I", 15 0, L_0x55557839ecf0;  1 drivers
v0x555578363cd0_0 .var/i "i", 31 0;
v0x555578363d70 .array "memory", 255 0, 15 0;
E_0x5555781215a0 .event posedge, v0x555578116930_0;
E_0x555578121600 .event posedge, v0x5555781a2700_0;
S_0x555578117870 .scope generate, "genblk1" "genblk1" 5 1534, 5 1534 0, S_0x555578128010;
 .timescale -12 -12;
L_0x55557839ecf0 .functor BUFZ 16, L_0x5555783b4e60, C4<0000000000000000>, C4<0000000000000000>, C4<0000000000000000>;
S_0x555578117a50 .scope generate, "genblk2" "genblk2" 5 1555, 5 1555 0, S_0x555578128010;
 .timescale -12 -12;
S_0x555578117c30 .scope generate, "genblk3" "genblk3" 5 1576, 5 1576 0, S_0x555578128010;
 .timescale -12 -12;
L_0x5555783aed70 .functor BUFZ 16, L_0x5555783b7330, C4<0000000000000000>, C4<0000000000000000>, C4<0000000000000000>;
S_0x5555781165d0 .scope generate, "genblk4" "genblk4" 5 1595, 5 1595 0, S_0x555578128010;
 .timescale -12 -12;
S_0x5555783640e0 .scope function.vec4.s1, "pd" "pd" 5 3200, 5 3200 0, S_0x5555783280b0;
 .timescale -12 -12;
; Variable pd is vec4 return value of scope S_0x5555783640e0
v0x555578364350_0 .var "x", 0 0;
TD_ICESTORM_RAM.pd ;
    %load/vec4 v0x555578364350_0;
    %cmpi/e 0, 1, 1;
    %flag_mov 8, 6;
    %jmp/0 T_0.0, 8;
    %pushi/vec4 0, 0, 1;
    %jmp/1 T_0.1, 8;
T_0.0 ; End of true expr.
    %load/vec4 v0x555578364350_0;
    %jmp/0 T_0.1, 8;
 ; End of false expr.
    %blend;
T_0.1;
    %ret/vec4 0, 0, 1;  Assign to pd (store_vec4_to_lval)
    %end;
S_0x555578364410 .scope function.vec4.s1, "pu" "pu" 5 3207, 5 3207 0, S_0x5555783280b0;
 .timescale -12 -12;
; Variable pu is vec4 return value of scope S_0x555578364410
v0x5555783646b0_0 .var "x", 0 0;
TD_ICESTORM_RAM.pu ;
    %load/vec4 v0x5555783646b0_0;
    %cmpi/e 0, 1, 1;
    %flag_mov 8, 6;
    %jmp/0 T_1.2, 8;
    %pushi/vec4 1, 0, 1;
    %jmp/1 T_1.3, 8;
T_1.2 ; End of true expr.
    %load/vec4 v0x5555783646b0_0;
    %jmp/0 T_1.3, 8;
 ; End of false expr.
    %blend;
T_1.3;
    %ret/vec4 0, 0, 1;  Assign to pu (store_vec4_to_lval)
    %end;
S_0x55557833c340 .scope module, "Mux_tb" "Mux_tb" 6 2;
 .timescale -12 -12;
v0x55557836d260_0 .var "a", 0 0;
v0x55557836d300_0 .var "b", 0 0;
v0x55557836d3d0_0 .var "fail", 0 0;
v0x55557836d4a0_0 .net "out", 0 0, L_0x5555783b7bb0;  1 drivers
v0x55557836d570_0 .net "out_cmp", 0 0, L_0x5555783b7d90;  1 drivers
v0x55557836d660_0 .var "sel", 0 0;
L_0x5555783b7d90 .functor MUXZ 1, v0x55557836d260_0, v0x55557836d300_0, v0x55557836d660_0, C4<>;
S_0x55557836cad0 .scope module, "MUX" "Mux" 6 9, 7 8 0, S_0x55557833c340;
 .timescale -12 -12;
    .port_info 0 /INPUT 1 "a";
    .port_info 1 /INPUT 1 "b";
    .port_info 2 /INPUT 1 "sel";
    .port_info 3 /OUTPUT 1 "out";
v0x55557836cc80_0 .net "a", 0 0, v0x55557836d260_0;  1 drivers
v0x55557836cd60_0 .net "b", 0 0, v0x55557836d300_0;  1 drivers
v0x55557836ce20_0 .net "out", 0 0, L_0x5555783b7bb0;  alias, 1 drivers
v0x55557836cef0_0 .net "sel", 0 0, v0x55557836d660_0;  1 drivers
L_0x5555783b7bb0 .functor MUXZ 1, v0x55557836d260_0, v0x55557836d300_0, v0x55557836d660_0, C4<>;
S_0x55557836d060 .scope task, "check" "check" 6 21, 6 21 0, S_0x55557833c340;
 .timescale -12 -12;
TD_Mux_tb.check ;
    %delay 1, 0;
    %load/vec4 v0x55557836d4a0_0;
    %load/vec4 v0x55557836d570_0;
    %cmp/ne;
    %jmp/0xz  T_2.4, 4;
    %vpi_call/w 6 25 "$display", "FAIL: a=%1b, b=%1b, sel=%1b, out=%1b", v0x55557836d260_0, v0x55557836d300_0, v0x55557836d660_0, v0x55557836d4a0_0 {0 0 0};
    %pushi/vec4 1, 0, 1;
    %store/vec4 v0x55557836d3d0_0, 0, 1;
T_2.4 ;
    %end;
S_0x55557833bf50 .scope module, "Nand" "Nand" 8 8;
 .timescale -12 -12;
    .port_info 0 /INPUT 1 "a";
    .port_info 1 /INPUT 1 "b";
    .port_info 2 /OUTPUT 1 "out";
o0x7fa9a4da0cd8 .functor BUFZ 1, c4<z>; HiZ drive
o0x7fa9a4da0d08 .functor BUFZ 1, c4<z>; HiZ drive
L_0x5555783b7e30 .functor NAND 1, o0x7fa9a4da0cd8, o0x7fa9a4da0d08, C4<1>, C4<1>;
v0x55557836d700_0 .net "a", 0 0, o0x7fa9a4da0cd8;  0 drivers
v0x55557836d7a0_0 .net "b", 0 0, o0x7fa9a4da0d08;  0 drivers
v0x55557836d840_0 .net "out", 0 0, L_0x5555783b7e30;  1 drivers
S_0x55557832a7e0 .scope module, "Not" "Not" 9 7;
 .timescale -12 -12;
    .port_info 0 /INPUT 1 "in";
    .port_info 1 /OUTPUT 1 "out";
o0x7fa9a4da0df8 .functor BUFZ 1, c4<z>; HiZ drive
L_0x5555783b7ea0 .functor NOT 1, o0x7fa9a4da0df8, C4<0>, C4<0>, C4<0>;
v0x55557836d990_0 .net "in", 0 0, o0x7fa9a4da0df8;  0 drivers
v0x55557836da50_0 .net "out", 0 0, L_0x5555783b7ea0;  1 drivers
S_0x55557832a3f0 .scope module, "Or" "Or" 10 8;
 .timescale -12 -12;
    .port_info 0 /INPUT 1 "a";
    .port_info 1 /INPUT 1 "b";
    .port_info 2 /OUTPUT 1 "out";
o0x7fa9a4da0eb8 .functor BUFZ 1, c4<z>; HiZ drive
o0x7fa9a4da0ee8 .functor BUFZ 1, c4<z>; HiZ drive
L_0x5555783b7f10 .functor OR 1, o0x7fa9a4da0eb8, o0x7fa9a4da0ee8, C4<0>, C4<0>;
v0x55557836db70_0 .net "a", 0 0, o0x7fa9a4da0eb8;  0 drivers
v0x55557836dc30_0 .net "b", 0 0, o0x7fa9a4da0ee8;  0 drivers
v0x55557836dcf0_0 .net "out", 0 0, L_0x5555783b7f10;  1 drivers
S_0x555578329c20 .scope module, "SB_CARRY" "SB_CARRY" 5 228;
 .timescale -12 -12;
    .port_info 0 /OUTPUT 1 "CO";
    .port_info 1 /INPUT 1 "I0";
    .port_info 2 /INPUT 1 "I1";
    .port_info 3 /INPUT 1 "CI";
o0x7fa9a4da1038 .functor BUFZ 1, c4<z>; HiZ drive
o0x7fa9a4da1068 .functor BUFZ 1, c4<z>; HiZ drive
L_0x5555783b7f80 .functor AND 1, o0x7fa9a4da1038, o0x7fa9a4da1068, C4<1>, C4<1>;
L_0x5555783b7ff0 .functor OR 1, o0x7fa9a4da1038, o0x7fa9a4da1068, C4<0>, C4<0>;
o0x7fa9a4da0fd8 .functor BUFZ 1, c4<z>; HiZ drive
L_0x5555783b8100 .functor AND 1, L_0x5555783b7ff0, o0x7fa9a4da0fd8, C4<1>, C4<1>;
L_0x5555783b81c0 .functor OR 1, L_0x5555783b7f80, L_0x5555783b8100, C4<0>, C4<0>;
v0x55557836de40_0 .net "CI", 0 0, o0x7fa9a4da0fd8;  0 drivers
v0x55557836df00_0 .net "CO", 0 0, L_0x5555783b81c0;  1 drivers
v0x55557836dfc0_0 .net "I0", 0 0, o0x7fa9a4da1038;  0 drivers
v0x55557836e090_0 .net "I1", 0 0, o0x7fa9a4da1068;  0 drivers
v0x55557836e150_0 .net *"_ivl_1", 0 0, L_0x5555783b7f80;  1 drivers
v0x55557836e260_0 .net *"_ivl_3", 0 0, L_0x5555783b7ff0;  1 drivers
v0x55557836e320_0 .net *"_ivl_5", 0 0, L_0x5555783b8100;  1 drivers
S_0x555578324a30 .scope module, "SB_DFF" "SB_DFF" 5 265;
 .timescale -12 -12;
    .port_info 0 /OUTPUT 1 "Q";
    .port_info 1 /INPUT 1 "C";
    .port_info 2 /INPUT 1 "D";
o0x7fa9a4da11e8 .functor BUFZ 1, c4<z>; HiZ drive
v0x55557836e4e0_0 .net "C", 0 0, o0x7fa9a4da11e8;  0 drivers
o0x7fa9a4da1218 .functor BUFZ 1, c4<z>; HiZ drive
v0x55557836e5c0_0 .net "D", 0 0, o0x7fa9a4da1218;  0 drivers
v0x55557836e680_0 .var "Q", 0 0;
E_0x55557836e460 .event posedge, v0x55557836e4e0_0;
S_0x55557831f3e0 .scope module, "SB_DFFE" "SB_DFFE" 5 303;
 .timescale -12 -12;
    .port_info 0 /OUTPUT 1 "Q";
    .port_info 1 /INPUT 1 "C";
    .port_info 2 /INPUT 1 "E";
    .port_info 3 /INPUT 1 "D";
o0x7fa9a4da1308 .functor BUFZ 1, c4<z>; HiZ drive
v0x55557836e800_0 .net "C", 0 0, o0x7fa9a4da1308;  0 drivers
o0x7fa9a4da1338 .functor BUFZ 1, c4<z>; HiZ drive
v0x55557836e8e0_0 .net "D", 0 0, o0x7fa9a4da1338;  0 drivers
o0x7fa9a4da1368 .functor BUFZ 1, c4<z>; HiZ drive
v0x55557836e9a0_0 .net "E", 0 0, o0x7fa9a4da1368;  0 drivers
v0x55557836ea70_0 .var "Q", 0 0;
E_0x55557836e7a0 .event posedge, v0x55557836e800_0;
S_0x5555783073e0 .scope module, "SB_DFFER" "SB_DFFER" 5 653;
 .timescale -12 -12;
    .port_info 0 /OUTPUT 1 "Q";
    .port_info 1 /INPUT 1 "C";
    .port_info 2 /INPUT 1 "E";
    .port_info 3 /INPUT 1 "R";
    .port_info 4 /INPUT 1 "D";
o0x7fa9a4da1488 .functor BUFZ 1, c4<z>; HiZ drive
v0x55557836ec60_0 .net "C", 0 0, o0x7fa9a4da1488;  0 drivers
o0x7fa9a4da14b8 .functor BUFZ 1, c4<z>; HiZ drive
v0x55557836ed40_0 .net "D", 0 0, o0x7fa9a4da14b8;  0 drivers
o0x7fa9a4da14e8 .functor BUFZ 1, c4<z>; HiZ drive
v0x55557836ee00_0 .net "E", 0 0, o0x7fa9a4da14e8;  0 drivers
v0x55557836eea0_0 .var "Q", 0 0;
o0x7fa9a4da1548 .functor BUFZ 1, c4<z>; HiZ drive
v0x55557836ef60_0 .net "R", 0 0, o0x7fa9a4da1548;  0 drivers
E_0x55557836ebe0 .event posedge, v0x55557836ef60_0, v0x55557836ec60_0;
S_0x555578306ff0 .scope module, "SB_DFFES" "SB_DFFES" 5 794;
 .timescale -12 -12;
    .port_info 0 /OUTPUT 1 "Q";
    .port_info 1 /INPUT 1 "C";
    .port_info 2 /INPUT 1 "E";
    .port_info 3 /INPUT 1 "S";
    .port_info 4 /INPUT 1 "D";
o0x7fa9a4da1668 .functor BUFZ 1, c4<z>; HiZ drive
v0x55557836f190_0 .net "C", 0 0, o0x7fa9a4da1668;  0 drivers
o0x7fa9a4da1698 .functor BUFZ 1, c4<z>; HiZ drive
v0x55557836f270_0 .net "D", 0 0, o0x7fa9a4da1698;  0 drivers
o0x7fa9a4da16c8 .functor BUFZ 1, c4<z>; HiZ drive
v0x55557836f330_0 .net "E", 0 0, o0x7fa9a4da16c8;  0 drivers
v0x55557836f3d0_0 .var "Q", 0 0;
o0x7fa9a4da1728 .functor BUFZ 1, c4<z>; HiZ drive
v0x55557836f490_0 .net "S", 0 0, o0x7fa9a4da1728;  0 drivers
E_0x55557836f110 .event posedge, v0x55557836f490_0, v0x55557836f190_0;
S_0x5555783040f0 .scope module, "SB_DFFESR" "SB_DFFESR" 5 592;
 .timescale -12 -12;
    .port_info 0 /OUTPUT 1 "Q";
    .port_info 1 /INPUT 1 "C";
    .port_info 2 /INPUT 1 "E";
    .port_info 3 /INPUT 1 "R";
    .port_info 4 /INPUT 1 "D";
o0x7fa9a4da1848 .functor BUFZ 1, c4<z>; HiZ drive
v0x55557836f6c0_0 .net "C", 0 0, o0x7fa9a4da1848;  0 drivers
o0x7fa9a4da1878 .functor BUFZ 1, c4<z>; HiZ drive
v0x55557836f7a0_0 .net "D", 0 0, o0x7fa9a4da1878;  0 drivers
o0x7fa9a4da18a8 .functor BUFZ 1, c4<z>; HiZ drive
v0x55557836f860_0 .net "E", 0 0, o0x7fa9a4da18a8;  0 drivers
v0x55557836f900_0 .var "Q", 0 0;
o0x7fa9a4da1908 .functor BUFZ 1, c4<z>; HiZ drive
v0x55557836f9c0_0 .net "R", 0 0, o0x7fa9a4da1908;  0 drivers
E_0x55557836f640 .event posedge, v0x55557836f6c0_0;
S_0x555578303d00 .scope module, "SB_DFFESS" "SB_DFFESS" 5 733;
 .timescale -12 -12;
    .port_info 0 /OUTPUT 1 "Q";
    .port_info 1 /INPUT 1 "C";
    .port_info 2 /INPUT 1 "E";
    .port_info 3 /INPUT 1 "S";
    .port_info 4 /INPUT 1 "D";
o0x7fa9a4da1a28 .functor BUFZ 1, c4<z>; HiZ drive
v0x55557836fbf0_0 .net "C", 0 0, o0x7fa9a4da1a28;  0 drivers
o0x7fa9a4da1a58 .functor BUFZ 1, c4<z>; HiZ drive
v0x55557836fcd0_0 .net "D", 0 0, o0x7fa9a4da1a58;  0 drivers
o0x7fa9a4da1a88 .functor BUFZ 1, c4<z>; HiZ drive
v0x55557836fd90_0 .net "E", 0 0, o0x7fa9a4da1a88;  0 drivers
v0x55557836fe30_0 .var "Q", 0 0;
o0x7fa9a4da1ae8 .functor BUFZ 1, c4<z>; HiZ drive
v0x55557836fef0_0 .net "S", 0 0, o0x7fa9a4da1ae8;  0 drivers
E_0x55557836fb70 .event posedge, v0x55557836fbf0_0;
S_0x5555782fdff0 .scope module, "SB_DFFN" "SB_DFFN" 5 876;
 .timescale -12 -12;
    .port_info 0 /OUTPUT 1 "Q";
    .port_info 1 /INPUT 1 "C";
    .port_info 2 /INPUT 1 "D";
o0x7fa9a4da1c08 .functor BUFZ 1, c4<z>; HiZ drive
v0x555578370120_0 .net "C", 0 0, o0x7fa9a4da1c08;  0 drivers
o0x7fa9a4da1c38 .functor BUFZ 1, c4<z>; HiZ drive
v0x555578370200_0 .net "D", 0 0, o0x7fa9a4da1c38;  0 drivers
v0x5555783702c0_0 .var "Q", 0 0;
E_0x5555783700a0 .event negedge, v0x555578370120_0;
S_0x555578300c90 .scope module, "SB_DFFNE" "SB_DFFNE" 5 914;
 .timescale -12 -12;
    .port_info 0 /OUTPUT 1 "Q";
    .port_info 1 /INPUT 1 "C";
    .port_info 2 /INPUT 1 "E";
    .port_info 3 /INPUT 1 "D";
o0x7fa9a4da1d28 .functor BUFZ 1, c4<z>; HiZ drive
v0x555578370440_0 .net "C", 0 0, o0x7fa9a4da1d28;  0 drivers
o0x7fa9a4da1d58 .functor BUFZ 1, c4<z>; HiZ drive
v0x555578370520_0 .net "D", 0 0, o0x7fa9a4da1d58;  0 drivers
o0x7fa9a4da1d88 .functor BUFZ 1, c4<z>; HiZ drive
v0x5555783705e0_0 .net "E", 0 0, o0x7fa9a4da1d88;  0 drivers
v0x5555783706b0_0 .var "Q", 0 0;
E_0x5555783703e0 .event negedge, v0x555578370440_0;
S_0x5555783008a0 .scope module, "SB_DFFNER" "SB_DFFNER" 5 1264;
 .timescale -12 -12;
    .port_info 0 /OUTPUT 1 "Q";
    .port_info 1 /INPUT 1 "C";
    .port_info 2 /INPUT 1 "E";
    .port_info 3 /INPUT 1 "R";
    .port_info 4 /INPUT 1 "D";
o0x7fa9a4da1ea8 .functor BUFZ 1, c4<z>; HiZ drive
v0x5555783708a0_0 .net "C", 0 0, o0x7fa9a4da1ea8;  0 drivers
o0x7fa9a4da1ed8 .functor BUFZ 1, c4<z>; HiZ drive
v0x555578370980_0 .net "D", 0 0, o0x7fa9a4da1ed8;  0 drivers
o0x7fa9a4da1f08 .functor BUFZ 1, c4<z>; HiZ drive
v0x555578370a40_0 .net "E", 0 0, o0x7fa9a4da1f08;  0 drivers
v0x555578370ae0_0 .var "Q", 0 0;
o0x7fa9a4da1f68 .functor BUFZ 1, c4<z>; HiZ drive
v0x555578370ba0_0 .net "R", 0 0, o0x7fa9a4da1f68;  0 drivers
E_0x555578370820/0 .event negedge, v0x5555783708a0_0;
E_0x555578370820/1 .event posedge, v0x555578370ba0_0;
E_0x555578370820 .event/or E_0x555578370820/0, E_0x555578370820/1;
S_0x5555782fdc30 .scope module, "SB_DFFNES" "SB_DFFNES" 5 1405;
 .timescale -12 -12;
    .port_info 0 /OUTPUT 1 "Q";
    .port_info 1 /INPUT 1 "C";
    .port_info 2 /INPUT 1 "E";
    .port_info 3 /INPUT 1 "S";
    .port_info 4 /INPUT 1 "D";
o0x7fa9a4da2088 .functor BUFZ 1, c4<z>; HiZ drive
v0x555578370dd0_0 .net "C", 0 0, o0x7fa9a4da2088;  0 drivers
o0x7fa9a4da20b8 .functor BUFZ 1, c4<z>; HiZ drive
v0x555578370eb0_0 .net "D", 0 0, o0x7fa9a4da20b8;  0 drivers
o0x7fa9a4da20e8 .functor BUFZ 1, c4<z>; HiZ drive
v0x555578370f70_0 .net "E", 0 0, o0x7fa9a4da20e8;  0 drivers
v0x555578371010_0 .var "Q", 0 0;
o0x7fa9a4da2148 .functor BUFZ 1, c4<z>; HiZ drive
v0x5555783710d0_0 .net "S", 0 0, o0x7fa9a4da2148;  0 drivers
E_0x555578370d50/0 .event negedge, v0x555578370dd0_0;
E_0x555578370d50/1 .event posedge, v0x5555783710d0_0;
E_0x555578370d50 .event/or E_0x555578370d50/0, E_0x555578370d50/1;
S_0x5555782e4860 .scope module, "SB_DFFNESR" "SB_DFFNESR" 5 1203;
 .timescale -12 -12;
    .port_info 0 /OUTPUT 1 "Q";
    .port_info 1 /INPUT 1 "C";
    .port_info 2 /INPUT 1 "E";
    .port_info 3 /INPUT 1 "R";
    .port_info 4 /INPUT 1 "D";
o0x7fa9a4da2268 .functor BUFZ 1, c4<z>; HiZ drive
v0x555578371300_0 .net "C", 0 0, o0x7fa9a4da2268;  0 drivers
o0x7fa9a4da2298 .functor BUFZ 1, c4<z>; HiZ drive
v0x5555783713e0_0 .net "D", 0 0, o0x7fa9a4da2298;  0 drivers
o0x7fa9a4da22c8 .functor BUFZ 1, c4<z>; HiZ drive
v0x5555783714a0_0 .net "E", 0 0, o0x7fa9a4da22c8;  0 drivers
v0x555578371540_0 .var "Q", 0 0;
o0x7fa9a4da2328 .functor BUFZ 1, c4<z>; HiZ drive
v0x555578371600_0 .net "R", 0 0, o0x7fa9a4da2328;  0 drivers
E_0x555578371280 .event negedge, v0x555578371300_0;
S_0x5555782e4520 .scope module, "SB_DFFNESS" "SB_DFFNESS" 5 1344;
 .timescale -12 -12;
    .port_info 0 /OUTPUT 1 "Q";
    .port_info 1 /INPUT 1 "C";
    .port_info 2 /INPUT 1 "E";
    .port_info 3 /INPUT 1 "S";
    .port_info 4 /INPUT 1 "D";
o0x7fa9a4da2448 .functor BUFZ 1, c4<z>; HiZ drive
v0x555578371830_0 .net "C", 0 0, o0x7fa9a4da2448;  0 drivers
o0x7fa9a4da2478 .functor BUFZ 1, c4<z>; HiZ drive
v0x555578371910_0 .net "D", 0 0, o0x7fa9a4da2478;  0 drivers
o0x7fa9a4da24a8 .functor BUFZ 1, c4<z>; HiZ drive
v0x5555783719d0_0 .net "E", 0 0, o0x7fa9a4da24a8;  0 drivers
v0x555578371a70_0 .var "Q", 0 0;
o0x7fa9a4da2508 .functor BUFZ 1, c4<z>; HiZ drive
v0x555578371b30_0 .net "S", 0 0, o0x7fa9a4da2508;  0 drivers
E_0x5555783717b0 .event negedge, v0x555578371830_0;
S_0x5555782e0410 .scope module, "SB_DFFNR" "SB_DFFNR" 5 1011;
 .timescale -12 -12;
    .port_info 0 /OUTPUT 1 "Q";
    .port_info 1 /INPUT 1 "C";
    .port_info 2 /INPUT 1 "R";
    .port_info 3 /INPUT 1 "D";
o0x7fa9a4da2628 .functor BUFZ 1, c4<z>; HiZ drive
v0x555578371d60_0 .net "C", 0 0, o0x7fa9a4da2628;  0 drivers
o0x7fa9a4da2658 .functor BUFZ 1, c4<z>; HiZ drive
v0x555578371e40_0 .net "D", 0 0, o0x7fa9a4da2658;  0 drivers
v0x555578371f00_0 .var "Q", 0 0;
o0x7fa9a4da26b8 .functor BUFZ 1, c4<z>; HiZ drive
v0x555578371fa0_0 .net "R", 0 0, o0x7fa9a4da26b8;  0 drivers
E_0x555578371ce0/0 .event negedge, v0x555578371d60_0;
E_0x555578371ce0/1 .event posedge, v0x555578371fa0_0;
E_0x555578371ce0 .event/or E_0x555578371ce0/0, E_0x555578371ce0/1;
S_0x5555782e0050 .scope module, "SB_DFFNS" "SB_DFFNS" 5 1132;
 .timescale -12 -12;
    .port_info 0 /OUTPUT 1 "Q";
    .port_info 1 /INPUT 1 "C";
    .port_info 2 /INPUT 1 "S";
    .port_info 3 /INPUT 1 "D";
o0x7fa9a4da27a8 .functor BUFZ 1, c4<z>; HiZ drive
v0x555578372190_0 .net "C", 0 0, o0x7fa9a4da27a8;  0 drivers
o0x7fa9a4da27d8 .functor BUFZ 1, c4<z>; HiZ drive
v0x555578372270_0 .net "D", 0 0, o0x7fa9a4da27d8;  0 drivers
v0x555578372330_0 .var "Q", 0 0;
o0x7fa9a4da2838 .functor BUFZ 1, c4<z>; HiZ drive
v0x5555783723d0_0 .net "S", 0 0, o0x7fa9a4da2838;  0 drivers
E_0x555578372110/0 .event negedge, v0x555578372190_0;
E_0x555578372110/1 .event posedge, v0x5555783723d0_0;
E_0x555578372110 .event/or E_0x555578372110/0, E_0x555578372110/1;
S_0x5555782cd490 .scope module, "SB_DFFNSR" "SB_DFFNSR" 5 961;
 .timescale -12 -12;
    .port_info 0 /OUTPUT 1 "Q";
    .port_info 1 /INPUT 1 "C";
    .port_info 2 /INPUT 1 "R";
    .port_info 3 /INPUT 1 "D";
o0x7fa9a4da2928 .functor BUFZ 1, c4<z>; HiZ drive
v0x5555783725c0_0 .net "C", 0 0, o0x7fa9a4da2928;  0 drivers
o0x7fa9a4da2958 .functor BUFZ 1, c4<z>; HiZ drive
v0x5555783726a0_0 .net "D", 0 0, o0x7fa9a4da2958;  0 drivers
v0x555578372760_0 .var "Q", 0 0;
o0x7fa9a4da29b8 .functor BUFZ 1, c4<z>; HiZ drive
v0x555578372800_0 .net "R", 0 0, o0x7fa9a4da29b8;  0 drivers
E_0x555578372540 .event negedge, v0x5555783725c0_0;
S_0x5555782cd0a0 .scope module, "SB_DFFNSS" "SB_DFFNSS" 5 1082;
 .timescale -12 -12;
    .port_info 0 /OUTPUT 1 "Q";
    .port_info 1 /INPUT 1 "C";
    .port_info 2 /INPUT 1 "S";
    .port_info 3 /INPUT 1 "D";
o0x7fa9a4da2aa8 .functor BUFZ 1, c4<z>; HiZ drive
v0x5555783729f0_0 .net "C", 0 0, o0x7fa9a4da2aa8;  0 drivers
o0x7fa9a4da2ad8 .functor BUFZ 1, c4<z>; HiZ drive
v0x555578372ad0_0 .net "D", 0 0, o0x7fa9a4da2ad8;  0 drivers
v0x555578372b90_0 .var "Q", 0 0;
o0x7fa9a4da2b38 .functor BUFZ 1, c4<z>; HiZ drive
v0x555578372c30_0 .net "S", 0 0, o0x7fa9a4da2b38;  0 drivers
E_0x555578372970 .event negedge, v0x5555783729f0_0;
S_0x5555782cc8d0 .scope module, "SB_DFFR" "SB_DFFR" 5 400;
 .timescale -12 -12;
    .port_info 0 /OUTPUT 1 "Q";
    .port_info 1 /INPUT 1 "C";
    .port_info 2 /INPUT 1 "R";
    .port_info 3 /INPUT 1 "D";
o0x7fa9a4da2c28 .functor BUFZ 1, c4<z>; HiZ drive
v0x555578372e20_0 .net "C", 0 0, o0x7fa9a4da2c28;  0 drivers
o0x7fa9a4da2c58 .functor BUFZ 1, c4<z>; HiZ drive
v0x555578372f00_0 .net "D", 0 0, o0x7fa9a4da2c58;  0 drivers
v0x555578372fc0_0 .var "Q", 0 0;
o0x7fa9a4da2cb8 .functor BUFZ 1, c4<z>; HiZ drive
v0x555578373060_0 .net "R", 0 0, o0x7fa9a4da2cb8;  0 drivers
E_0x555578372da0 .event posedge, v0x555578373060_0, v0x555578372e20_0;
S_0x5555782ca580 .scope module, "SB_DFFS" "SB_DFFS" 5 521;
 .timescale -12 -12;
    .port_info 0 /OUTPUT 1 "Q";
    .port_info 1 /INPUT 1 "C";
    .port_info 2 /INPUT 1 "S";
    .port_info 3 /INPUT 1 "D";
o0x7fa9a4da2da8 .functor BUFZ 1, c4<z>; HiZ drive
v0x555578373250_0 .net "C", 0 0, o0x7fa9a4da2da8;  0 drivers
o0x7fa9a4da2dd8 .functor BUFZ 1, c4<z>; HiZ drive
v0x555578373330_0 .net "D", 0 0, o0x7fa9a4da2dd8;  0 drivers
v0x5555783733f0_0 .var "Q", 0 0;
o0x7fa9a4da2e38 .functor BUFZ 1, c4<z>; HiZ drive
v0x555578373490_0 .net "S", 0 0, o0x7fa9a4da2e38;  0 drivers
E_0x5555783731d0 .event posedge, v0x555578373490_0, v0x555578373250_0;
S_0x55557835f3c0 .scope module, "SB_DFFSR" "SB_DFFSR" 5 350;
 .timescale -12 -12;
    .port_info 0 /OUTPUT 1 "Q";
    .port_info 1 /INPUT 1 "C";
    .port_info 2 /INPUT 1 "R";
    .port_info 3 /INPUT 1 "D";
o0x7fa9a4da2f28 .functor BUFZ 1, c4<z>; HiZ drive
v0x555578373680_0 .net "C", 0 0, o0x7fa9a4da2f28;  0 drivers
o0x7fa9a4da2f58 .functor BUFZ 1, c4<z>; HiZ drive
v0x555578373760_0 .net "D", 0 0, o0x7fa9a4da2f58;  0 drivers
v0x555578373820_0 .var "Q", 0 0;
o0x7fa9a4da2fb8 .functor BUFZ 1, c4<z>; HiZ drive
v0x5555783738c0_0 .net "R", 0 0, o0x7fa9a4da2fb8;  0 drivers
E_0x555578373600 .event posedge, v0x555578373680_0;
S_0x55557834d150 .scope module, "SB_DFFSS" "SB_DFFSS" 5 471;
 .timescale -12 -12;
    .port_info 0 /OUTPUT 1 "Q";
    .port_info 1 /INPUT 1 "C";
    .port_info 2 /INPUT 1 "S";
    .port_info 3 /INPUT 1 "D";
o0x7fa9a4da30a8 .functor BUFZ 1, c4<z>; HiZ drive
v0x555578373ab0_0 .net "C", 0 0, o0x7fa9a4da30a8;  0 drivers
o0x7fa9a4da30d8 .functor BUFZ 1, c4<z>; HiZ drive
v0x555578373b90_0 .net "D", 0 0, o0x7fa9a4da30d8;  0 drivers
v0x555578373c50_0 .var "Q", 0 0;
o0x7fa9a4da3138 .functor BUFZ 1, c4<z>; HiZ drive
v0x555578373cf0_0 .net "S", 0 0, o0x7fa9a4da3138;  0 drivers
E_0x555578373a30 .event posedge, v0x555578373ab0_0;
S_0x55557834cd70 .scope module, "SB_FILTER_50NS" "SB_FILTER_50NS" 5 2856;
 .timescale -12 -12;
    .port_info 0 /INPUT 1 "FILTERIN";
    .port_info 1 /OUTPUT 1 "FILTEROUT";
o0x7fa9a4da3228 .functor BUFZ 1, c4<z>; HiZ drive
v0x555578373e60_0 .net "FILTERIN", 0 0, o0x7fa9a4da3228;  0 drivers
o0x7fa9a4da3258 .functor BUFZ 1, c4<z>; HiZ drive
v0x555578373f40_0 .net "FILTEROUT", 0 0, o0x7fa9a4da3258;  0 drivers
S_0x55557833b2a0 .scope module, "SB_GB" "SB_GB" 5 162;
 .timescale -12 -12;
    .port_info 0 /INPUT 1 "USER_SIGNAL_TO_GLOBAL_BUFFER";
    .port_info 1 /OUTPUT 1 "GLOBAL_BUFFER_OUTPUT";
o0x7fa9a4da3318 .functor BUFZ 1, c4<z>; HiZ drive
L_0x5555783b82d0 .functor BUFZ 1, o0x7fa9a4da3318, C4<0>, C4<0>, C4<0>;
v0x555578374060_0 .net "GLOBAL_BUFFER_OUTPUT", 0 0, L_0x5555783b82d0;  1 drivers
v0x555578374120_0 .net "USER_SIGNAL_TO_GLOBAL_BUFFER", 0 0, o0x7fa9a4da3318;  0 drivers
S_0x5555783154e0 .scope module, "SB_GB_IO" "SB_GB_IO" 5 123;
 .timescale -12 -12;
    .port_info 0 /INOUT 1 "PACKAGE_PIN";
    .port_info 1 /OUTPUT 1 "GLOBAL_BUFFER_OUTPUT";
    .port_info 2 /INPUT 1 "LATCH_INPUT_VALUE";
    .port_info 3 /INPUT 1 "CLOCK_ENABLE";
    .port_info 4 /INPUT 1 "INPUT_CLK";
    .port_info 5 /INPUT 1 "OUTPUT_CLK";
    .port_info 6 /INPUT 1 "OUTPUT_ENABLE";
    .port_info 7 /INPUT 1 "D_OUT_0";
    .port_info 8 /INPUT 1 "D_OUT_1";
    .port_info 9 /OUTPUT 1 "D_IN_0";
    .port_info 10 /OUTPUT 1 "D_IN_1";
P_0x55557834d600 .param/str "IO_STANDARD" 0 5 139, "SB_LVCMOS";
P_0x55557834d640 .param/l "NEG_TRIGGER" 0 5 138, C4<0>;
P_0x55557834d680 .param/l "PIN_TYPE" 0 5 136, C4<000000>;
P_0x55557834d6c0 .param/l "PULLUP" 0 5 137, C4<0>;
o0x7fa9a4da3558 .functor BUFZ 1, c4<z>; HiZ drive
L_0x5555783b8340 .functor BUFZ 1, o0x7fa9a4da3558, C4<0>, C4<0>, C4<0>;
o0x7fa9a4da33a8 .functor BUFZ 1, c4<z>; HiZ drive
v0x555578376300_0 .net "CLOCK_ENABLE", 0 0, o0x7fa9a4da33a8;  0 drivers
v0x5555783763c0_0 .net "D_IN_0", 0 0, L_0x5555783b85b0;  1 drivers
v0x555578376490_0 .net "D_IN_1", 0 0, L_0x5555783b8670;  1 drivers
o0x7fa9a4da3438 .functor BUFZ 1, c4<z>; HiZ drive
v0x555578376590_0 .net "D_OUT_0", 0 0, o0x7fa9a4da3438;  0 drivers
o0x7fa9a4da3468 .functor BUFZ 1, c4<z>; HiZ drive
v0x555578376660_0 .net "D_OUT_1", 0 0, o0x7fa9a4da3468;  0 drivers
v0x555578376700_0 .net "GLOBAL_BUFFER_OUTPUT", 0 0, L_0x5555783b8340;  1 drivers
o0x7fa9a4da3498 .functor BUFZ 1, c4<z>; HiZ drive
v0x5555783767a0_0 .net "INPUT_CLK", 0 0, o0x7fa9a4da3498;  0 drivers
o0x7fa9a4da34c8 .functor BUFZ 1, c4<z>; HiZ drive
v0x555578376870_0 .net "LATCH_INPUT_VALUE", 0 0, o0x7fa9a4da34c8;  0 drivers
o0x7fa9a4da34f8 .functor BUFZ 1, c4<z>; HiZ drive
v0x555578376940_0 .net "OUTPUT_CLK", 0 0, o0x7fa9a4da34f8;  0 drivers
o0x7fa9a4da3528 .functor BUFZ 1, c4<z>; HiZ drive
v0x555578376a10_0 .net "OUTPUT_ENABLE", 0 0, o0x7fa9a4da3528;  0 drivers
v0x555578376ae0_0 .net "PACKAGE_PIN", 0 0, o0x7fa9a4da3558;  0 drivers
S_0x555578374240 .scope module, "IO" "SB_IO" 5 148, 5 17 0, S_0x5555783154e0;
 .timescale -12 -12;
    .port_info 0 /INOUT 1 "PACKAGE_PIN";
    .port_info 1 /INPUT 1 "LATCH_INPUT_VALUE";
    .port_info 2 /INPUT 1 "CLOCK_ENABLE";
    .port_info 3 /INPUT 1 "INPUT_CLK";
    .port_info 4 /INPUT 1 "OUTPUT_CLK";
    .port_info 5 /INPUT 1 "OUTPUT_ENABLE";
    .port_info 6 /INPUT 1 "D_OUT_0";
    .port_info 7 /INPUT 1 "D_OUT_1";
    .port_info 8 /OUTPUT 1 "D_IN_0";
    .port_info 9 /OUTPUT 1 "D_IN_1";
P_0x555578365490 .param/str "IO_STANDARD" 0 5 32, "SB_LVCMOS";
P_0x5555783654d0 .param/l "NEG_TRIGGER" 0 5 31, C4<0>;
P_0x555578365510 .param/l "PIN_TYPE" 0 5 29, C4<000000>;
P_0x555578365550 .param/l "PULLUP" 0 5 30, C4<0>;
L_0x5555783b84f0 .functor OR 1, o0x7fa9a4da33a8, L_0x5555783b8400, C4<0>, C4<0>;
L_0x5555783b85b0 .functor BUFZ 1, v0x5555783758d0_0, C4<0>, C4<0>, C4<0>;
L_0x5555783b8670 .functor BUFZ 1, v0x555578375990_0, C4<0>, C4<0>, C4<0>;
v0x555578374cb0_0 .net "CLOCK_ENABLE", 0 0, o0x7fa9a4da33a8;  alias, 0 drivers
v0x555578374d70_0 .net "D_IN_0", 0 0, L_0x5555783b85b0;  alias, 1 drivers
v0x555578374e30_0 .net "D_IN_1", 0 0, L_0x5555783b8670;  alias, 1 drivers
v0x555578374ed0_0 .net "D_OUT_0", 0 0, o0x7fa9a4da3438;  alias, 0 drivers
v0x555578374f90_0 .net "D_OUT_1", 0 0, o0x7fa9a4da3468;  alias, 0 drivers
v0x5555783750a0_0 .net "INPUT_CLK", 0 0, o0x7fa9a4da3498;  alias, 0 drivers
v0x555578375160_0 .net "LATCH_INPUT_VALUE", 0 0, o0x7fa9a4da34c8;  alias, 0 drivers
v0x555578375220_0 .net "OUTPUT_CLK", 0 0, o0x7fa9a4da34f8;  alias, 0 drivers
v0x5555783752e0_0 .net "OUTPUT_ENABLE", 0 0, o0x7fa9a4da3528;  alias, 0 drivers
v0x555578375430_0 .net "PACKAGE_PIN", 0 0, o0x7fa9a4da3558;  alias, 0 drivers
o0x7fa9a4da3588 .functor BUFZ 1, c4<z>; HiZ drive
; Elide local net with no drivers, v0x5555783754f0_0 name=_ivl_0
v0x5555783755d0_0 .net *"_ivl_2", 0 0, L_0x5555783b8400;  1 drivers
v0x555578375690_0 .net "clken_pulled", 0 0, L_0x5555783b84f0;  1 drivers
v0x555578375750_0 .var "clken_pulled_ri", 0 0;
v0x555578375810_0 .var "clken_pulled_ro", 0 0;
v0x5555783758d0_0 .var "din_0", 0 0;
v0x555578375990_0 .var "din_1", 0 0;
v0x555578375b60_0 .var "din_q_0", 0 0;
v0x555578375c20_0 .var "din_q_1", 0 0;
v0x555578375ce0_0 .var "dout", 0 0;
v0x555578375da0_0 .var "dout_q_0", 0 0;
v0x555578375e60_0 .var "dout_q_1", 0 0;
v0x555578375f20_0 .var "outclk_delayed_1", 0 0;
v0x555578375fe0_0 .var "outclk_delayed_2", 0 0;
v0x5555783760a0_0 .var "outena_q", 0 0;
E_0x555578374750 .event anyedge, v0x555578375fe0_0, v0x555578375da0_0, v0x555578375e60_0;
E_0x5555783747b0 .event anyedge, v0x555578375f20_0;
E_0x555578374810 .event anyedge, v0x555578375220_0;
E_0x555578374870 .event anyedge, v0x555578375b60_0, v0x555578375c20_0;
L_0x5555783b8400 .cmp/eeq 1, o0x7fa9a4da33a8, o0x7fa9a4da3588;
S_0x555578374900 .scope generate, "genblk1" "genblk1" 5 45, 5 45 0, S_0x555578374240;
 .timescale -12 -12;
E_0x555578374ae0 .event posedge, v0x555578375220_0;
E_0x555578374b60 .event negedge, v0x555578375220_0;
E_0x555578374bc0 .event negedge, v0x5555783750a0_0;
E_0x555578374c20 .event posedge, v0x5555783750a0_0;
S_0x555578314b60 .scope module, "SB_HFOSC" "SB_HFOSC" 5 2664;
 .timescale -12 -12;
    .port_info 0 /INPUT 1 "TRIM0";
    .port_info 1 /INPUT 1 "TRIM1";
    .port_info 2 /INPUT 1 "TRIM2";
    .port_info 3 /INPUT 1 "TRIM3";
    .port_info 4 /INPUT 1 "TRIM4";
    .port_info 5 /INPUT 1 "TRIM5";
    .port_info 6 /INPUT 1 "TRIM6";
    .port_info 7 /INPUT 1 "TRIM7";
    .port_info 8 /INPUT 1 "TRIM8";
    .port_info 9 /INPUT 1 "TRIM9";
    .port_info 10 /INPUT 1 "CLKHFPU";
    .port_info 11 /INPUT 1 "CLKHFEN";
    .port_info 12 /OUTPUT 1 "CLKHF";
P_0x5555781b20b0 .param/str "CLKHF_DIV" 0 5 2680, "0b00";
P_0x5555781b20f0 .param/str "TRIM_EN" 0 5 2679, "0b0";
o0x7fa9a4da3c78 .functor BUFZ 1, c4<z>; HiZ drive
v0x555578376bd0_0 .net "CLKHF", 0 0, o0x7fa9a4da3c78;  0 drivers
o0x7fa9a4da3ca8 .functor BUFZ 1, c4<z>; HiZ drive
v0x555578376cb0_0 .net "CLKHFEN", 0 0, o0x7fa9a4da3ca8;  0 drivers
o0x7fa9a4da3cd8 .functor BUFZ 1, c4<z>; HiZ drive
v0x555578376d70_0 .net "CLKHFPU", 0 0, o0x7fa9a4da3cd8;  0 drivers
o0x7fa9a4da3d08 .functor BUFZ 1, c4<z>; HiZ drive
v0x555578376e40_0 .net "TRIM0", 0 0, o0x7fa9a4da3d08;  0 drivers
o0x7fa9a4da3d38 .functor BUFZ 1, c4<z>; HiZ drive
v0x555578376f00_0 .net "TRIM1", 0 0, o0x7fa9a4da3d38;  0 drivers
o0x7fa9a4da3d68 .functor BUFZ 1, c4<z>; HiZ drive
v0x555578376fc0_0 .net "TRIM2", 0 0, o0x7fa9a4da3d68;  0 drivers
o0x7fa9a4da3d98 .functor BUFZ 1, c4<z>; HiZ drive
v0x555578377080_0 .net "TRIM3", 0 0, o0x7fa9a4da3d98;  0 drivers
o0x7fa9a4da3dc8 .functor BUFZ 1, c4<z>; HiZ drive
v0x555578377140_0 .net "TRIM4", 0 0, o0x7fa9a4da3dc8;  0 drivers
o0x7fa9a4da3df8 .functor BUFZ 1, c4<z>; HiZ drive
v0x555578377200_0 .net "TRIM5", 0 0, o0x7fa9a4da3df8;  0 drivers
o0x7fa9a4da3e28 .functor BUFZ 1, c4<z>; HiZ drive
v0x555578377350_0 .net "TRIM6", 0 0, o0x7fa9a4da3e28;  0 drivers
o0x7fa9a4da3e58 .functor BUFZ 1, c4<z>; HiZ drive
v0x555578377410_0 .net "TRIM7", 0 0, o0x7fa9a4da3e58;  0 drivers
o0x7fa9a4da3e88 .functor BUFZ 1, c4<z>; HiZ drive
v0x5555783774d0_0 .net "TRIM8", 0 0, o0x7fa9a4da3e88;  0 drivers
o0x7fa9a4da3eb8 .functor BUFZ 1, c4<z>; HiZ drive
v0x555578377590_0 .net "TRIM9", 0 0, o0x7fa9a4da3eb8;  0 drivers
S_0x555578319fd0 .scope module, "SB_I2C" "SB_I2C" 5 2733;
 .timescale -12 -12;
    .port_info 0 /INPUT 1 "SBCLKI";
    .port_info 1 /INPUT 1 "SBRWI";
    .port_info 2 /INPUT 1 "SBSTBI";
    .port_info 3 /INPUT 1 "SBADRI7";
    .port_info 4 /INPUT 1 "SBADRI6";
    .port_info 5 /INPUT 1 "SBADRI5";
    .port_info 6 /INPUT 1 "SBADRI4";
    .port_info 7 /INPUT 1 "SBADRI3";
    .port_info 8 /INPUT 1 "SBADRI2";
    .port_info 9 /INPUT 1 "SBADRI1";
    .port_info 10 /INPUT 1 "SBADRI0";
    .port_info 11 /INPUT 1 "SBDATI7";
    .port_info 12 /INPUT 1 "SBDATI6";
    .port_info 13 /INPUT 1 "SBDATI5";
    .port_info 14 /INPUT 1 "SBDATI4";
    .port_info 15 /INPUT 1 "SBDATI3";
    .port_info 16 /INPUT 1 "SBDATI2";
    .port_info 17 /INPUT 1 "SBDATI1";
    .port_info 18 /INPUT 1 "SBDATI0";
    .port_info 19 /INPUT 1 "SCLI";
    .port_info 20 /INPUT 1 "SDAI";
    .port_info 21 /OUTPUT 1 "SBDATO7";
    .port_info 22 /OUTPUT 1 "SBDATO6";
    .port_info 23 /OUTPUT 1 "SBDATO5";
    .port_info 24 /OUTPUT 1 "SBDATO4";
    .port_info 25 /OUTPUT 1 "SBDATO3";
    .port_info 26 /OUTPUT 1 "SBDATO2";
    .port_info 27 /OUTPUT 1 "SBDATO1";
    .port_info 28 /OUTPUT 1 "SBDATO0";
    .port_info 29 /OUTPUT 1 "SBACKO";
    .port_info 30 /OUTPUT 1 "I2CIRQ";
    .port_info 31 /OUTPUT 1 "I2CWKUP";
    .port_info 32 /OUTPUT 1 "SCLO";
    .port_info 33 /OUTPUT 1 "SCLOE";
    .port_info 34 /OUTPUT 1 "SDAO";
    .port_info 35 /OUTPUT 1 "SDAOE";
P_0x5555781b2200 .param/str "BUS_ADDR74" 0 5 2772, "0b0001";
P_0x5555781b2240 .param/str "I2C_SLAVE_INIT_ADDR" 0 5 2771, "0b1111100001";
o0x7fa9a4da4158 .functor BUFZ 1, c4<z>; HiZ drive
v0x555578377860_0 .net "I2CIRQ", 0 0, o0x7fa9a4da4158;  0 drivers
o0x7fa9a4da4188 .functor BUFZ 1, c4<z>; HiZ drive
v0x555578377940_0 .net "I2CWKUP", 0 0, o0x7fa9a4da4188;  0 drivers
o0x7fa9a4da41b8 .functor BUFZ 1, c4<z>; HiZ drive
v0x555578377a00_0 .net "SBACKO", 0 0, o0x7fa9a4da41b8;  0 drivers
o0x7fa9a4da41e8 .functor BUFZ 1, c4<z>; HiZ drive
v0x555578377aa0_0 .net "SBADRI0", 0 0, o0x7fa9a4da41e8;  0 drivers
o0x7fa9a4da4218 .functor BUFZ 1, c4<z>; HiZ drive
v0x555578377b60_0 .net "SBADRI1", 0 0, o0x7fa9a4da4218;  0 drivers
o0x7fa9a4da4248 .functor BUFZ 1, c4<z>; HiZ drive
v0x555578377c20_0 .net "SBADRI2", 0 0, o0x7fa9a4da4248;  0 drivers
o0x7fa9a4da4278 .functor BUFZ 1, c4<z>; HiZ drive
v0x555578377ce0_0 .net "SBADRI3", 0 0, o0x7fa9a4da4278;  0 drivers
o0x7fa9a4da42a8 .functor BUFZ 1, c4<z>; HiZ drive
v0x555578377da0_0 .net "SBADRI4", 0 0, o0x7fa9a4da42a8;  0 drivers
o0x7fa9a4da42d8 .functor BUFZ 1, c4<z>; HiZ drive
v0x555578377e60_0 .net "SBADRI5", 0 0, o0x7fa9a4da42d8;  0 drivers
o0x7fa9a4da4308 .functor BUFZ 1, c4<z>; HiZ drive
v0x555578377fb0_0 .net "SBADRI6", 0 0, o0x7fa9a4da4308;  0 drivers
o0x7fa9a4da4338 .functor BUFZ 1, c4<z>; HiZ drive
v0x555578378070_0 .net "SBADRI7", 0 0, o0x7fa9a4da4338;  0 drivers
o0x7fa9a4da4368 .functor BUFZ 1, c4<z>; HiZ drive
v0x555578378130_0 .net "SBCLKI", 0 0, o0x7fa9a4da4368;  0 drivers
o0x7fa9a4da4398 .functor BUFZ 1, c4<z>; HiZ drive
v0x5555783781f0_0 .net "SBDATI0", 0 0, o0x7fa9a4da4398;  0 drivers
o0x7fa9a4da43c8 .functor BUFZ 1, c4<z>; HiZ drive
v0x5555783782b0_0 .net "SBDATI1", 0 0, o0x7fa9a4da43c8;  0 drivers
o0x7fa9a4da43f8 .functor BUFZ 1, c4<z>; HiZ drive
v0x555578378370_0 .net "SBDATI2", 0 0, o0x7fa9a4da43f8;  0 drivers
o0x7fa9a4da4428 .functor BUFZ 1, c4<z>; HiZ drive
v0x555578378430_0 .net "SBDATI3", 0 0, o0x7fa9a4da4428;  0 drivers
o0x7fa9a4da4458 .functor BUFZ 1, c4<z>; HiZ drive
v0x5555783784f0_0 .net "SBDATI4", 0 0, o0x7fa9a4da4458;  0 drivers
o0x7fa9a4da4488 .functor BUFZ 1, c4<z>; HiZ drive
v0x5555783786c0_0 .net "SBDATI5", 0 0, o0x7fa9a4da4488;  0 drivers
o0x7fa9a4da44b8 .functor BUFZ 1, c4<z>; HiZ drive
v0x555578378780_0 .net "SBDATI6", 0 0, o0x7fa9a4da44b8;  0 drivers
o0x7fa9a4da44e8 .functor BUFZ 1, c4<z>; HiZ drive
v0x555578378840_0 .net "SBDATI7", 0 0, o0x7fa9a4da44e8;  0 drivers
o0x7fa9a4da4518 .functor BUFZ 1, c4<z>; HiZ drive
v0x555578378900_0 .net "SBDATO0", 0 0, o0x7fa9a4da4518;  0 drivers
o0x7fa9a4da4548 .functor BUFZ 1, c4<z>; HiZ drive
v0x5555783789c0_0 .net "SBDATO1", 0 0, o0x7fa9a4da4548;  0 drivers
o0x7fa9a4da4578 .functor BUFZ 1, c4<z>; HiZ drive
v0x555578378a80_0 .net "SBDATO2", 0 0, o0x7fa9a4da4578;  0 drivers
o0x7fa9a4da45a8 .functor BUFZ 1, c4<z>; HiZ drive
v0x555578378b40_0 .net "SBDATO3", 0 0, o0x7fa9a4da45a8;  0 drivers
o0x7fa9a4da45d8 .functor BUFZ 1, c4<z>; HiZ drive
v0x555578378c00_0 .net "SBDATO4", 0 0, o0x7fa9a4da45d8;  0 drivers
o0x7fa9a4da4608 .functor BUFZ 1, c4<z>; HiZ drive
v0x555578378cc0_0 .net "SBDATO5", 0 0, o0x7fa9a4da4608;  0 drivers
o0x7fa9a4da4638 .functor BUFZ 1, c4<z>; HiZ drive
v0x555578378d80_0 .net "SBDATO6", 0 0, o0x7fa9a4da4638;  0 drivers
o0x7fa9a4da4668 .functor BUFZ 1, c4<z>; HiZ drive
v0x555578378e40_0 .net "SBDATO7", 0 0, o0x7fa9a4da4668;  0 drivers
o0x7fa9a4da4698 .functor BUFZ 1, c4<z>; HiZ drive
v0x555578378f00_0 .net "SBRWI", 0 0, o0x7fa9a4da4698;  0 drivers
o0x7fa9a4da46c8 .functor BUFZ 1, c4<z>; HiZ drive
v0x555578378fc0_0 .net "SBSTBI", 0 0, o0x7fa9a4da46c8;  0 drivers
o0x7fa9a4da46f8 .functor BUFZ 1, c4<z>; HiZ drive
v0x555578379080_0 .net "SCLI", 0 0, o0x7fa9a4da46f8;  0 drivers
o0x7fa9a4da4728 .functor BUFZ 1, c4<z>; HiZ drive
v0x555578379140_0 .net "SCLO", 0 0, o0x7fa9a4da4728;  0 drivers
o0x7fa9a4da4758 .functor BUFZ 1, c4<z>; HiZ drive
v0x555578379200_0 .net "SCLOE", 0 0, o0x7fa9a4da4758;  0 drivers
o0x7fa9a4da4788 .functor BUFZ 1, c4<z>; HiZ drive
v0x5555783792c0_0 .net "SDAI", 0 0, o0x7fa9a4da4788;  0 drivers
o0x7fa9a4da47b8 .functor BUFZ 1, c4<z>; HiZ drive
v0x555578379380_0 .net "SDAO", 0 0, o0x7fa9a4da47b8;  0 drivers
o0x7fa9a4da47e8 .functor BUFZ 1, c4<z>; HiZ drive
v0x555578379440_0 .net "SDAOE", 0 0, o0x7fa9a4da47e8;  0 drivers
S_0x5555783096b0 .scope module, "SB_IO_I3C" "SB_IO_I3C" 5 2862;
 .timescale -12 -12;
    .port_info 0 /INOUT 1 "PACKAGE_PIN";
    .port_info 1 /INPUT 1 "LATCH_INPUT_VALUE";
    .port_info 2 /INPUT 1 "CLOCK_ENABLE";
    .port_info 3 /INPUT 1 "INPUT_CLK";
    .port_info 4 /INPUT 1 "OUTPUT_CLK";
    .port_info 5 /INPUT 1 "OUTPUT_ENABLE";
    .port_info 6 /INPUT 1 "D_OUT_0";
    .port_info 7 /INPUT 1 "D_OUT_1";
    .port_info 8 /OUTPUT 1 "D_IN_0";
    .port_info 9 /OUTPUT 1 "D_IN_1";
    .port_info 10 /INPUT 1 "PU_ENB";
    .port_info 11 /INPUT 1 "WEAK_PU_ENB";
P_0x55557833b7e0 .param/str "IO_STANDARD" 0 5 2880, "SB_LVCMOS";
P_0x55557833b820 .param/l "NEG_TRIGGER" 0 5 2879, C4<0>;
P_0x55557833b860 .param/l "PIN_TYPE" 0 5 2876, C4<000000>;
P_0x55557833b8a0 .param/l "PULLUP" 0 5 2877, C4<0>;
P_0x55557833b8e0 .param/l "WEAK_PULLUP" 0 5 2878, C4<0>;
L_0x5555783b8730 .functor BUFZ 1, v0x55557837a7e0_0, C4<0>, C4<0>, C4<0>;
L_0x5555783b87a0 .functor BUFZ 1, v0x55557837a8a0_0, C4<0>, C4<0>, C4<0>;
o0x7fa9a4da4ed8 .functor BUFZ 1, c4<z>; HiZ drive
v0x555578379eb0_0 .net "CLOCK_ENABLE", 0 0, o0x7fa9a4da4ed8;  0 drivers
v0x555578379f70_0 .net "D_IN_0", 0 0, L_0x5555783b8730;  1 drivers
v0x55557837a030_0 .net "D_IN_1", 0 0, L_0x5555783b87a0;  1 drivers
o0x7fa9a4da4f68 .functor BUFZ 1, c4<z>; HiZ drive
v0x55557837a0d0_0 .net "D_OUT_0", 0 0, o0x7fa9a4da4f68;  0 drivers
o0x7fa9a4da4f98 .functor BUFZ 1, c4<z>; HiZ drive
v0x55557837a190_0 .net "D_OUT_1", 0 0, o0x7fa9a4da4f98;  0 drivers
o0x7fa9a4da4fc8 .functor BUFZ 1, c4<z>; HiZ drive
v0x55557837a2a0_0 .net "INPUT_CLK", 0 0, o0x7fa9a4da4fc8;  0 drivers
o0x7fa9a4da4ff8 .functor BUFZ 1, c4<z>; HiZ drive
v0x55557837a360_0 .net "LATCH_INPUT_VALUE", 0 0, o0x7fa9a4da4ff8;  0 drivers
o0x7fa9a4da5028 .functor BUFZ 1, c4<z>; HiZ drive
v0x55557837a420_0 .net "OUTPUT_CLK", 0 0, o0x7fa9a4da5028;  0 drivers
o0x7fa9a4da5058 .functor BUFZ 1, c4<z>; HiZ drive
v0x55557837a4e0_0 .net "OUTPUT_ENABLE", 0 0, o0x7fa9a4da5058;  0 drivers
o0x7fa9a4da5088 .functor BUFZ 1, c4<z>; HiZ drive
v0x55557837a5a0_0 .net "PACKAGE_PIN", 0 0, o0x7fa9a4da5088;  0 drivers
o0x7fa9a4da50b8 .functor BUFZ 1, c4<z>; HiZ drive
v0x55557837a660_0 .net "PU_ENB", 0 0, o0x7fa9a4da50b8;  0 drivers
o0x7fa9a4da50e8 .functor BUFZ 1, c4<z>; HiZ drive
v0x55557837a720_0 .net "WEAK_PU_ENB", 0 0, o0x7fa9a4da50e8;  0 drivers
v0x55557837a7e0_0 .var "din_0", 0 0;
v0x55557837a8a0_0 .var "din_1", 0 0;
v0x55557837a960_0 .var "din_q_0", 0 0;
v0x55557837aa20_0 .var "din_q_1", 0 0;
v0x55557837aae0_0 .var "dout", 0 0;
v0x55557837aba0_0 .var "dout_q_0", 0 0;
v0x55557837ac60_0 .var "dout_q_1", 0 0;
v0x55557837ad20_0 .var "outclk_delayed_1", 0 0;
v0x55557837ade0_0 .var "outclk_delayed_2", 0 0;
v0x55557837aea0_0 .var "outena_q", 0 0;
E_0x555578379980 .event anyedge, v0x55557837ade0_0, v0x55557837aba0_0, v0x55557837ac60_0;
E_0x555578379a00 .event anyedge, v0x55557837ad20_0;
E_0x555578379a60 .event anyedge, v0x55557837a420_0;
E_0x555578379ac0 .event anyedge, v0x55557837a960_0, v0x55557837aa20_0;
S_0x555578379b50 .scope generate, "genblk1" "genblk1" 5 2888, 5 2888 0, S_0x5555783096b0;
 .timescale -12 -12;
E_0x555578379ce0 .event posedge, v0x55557837a420_0;
E_0x555578379d60 .event negedge, v0x55557837a420_0;
E_0x555578379dc0 .event negedge, v0x55557837a2a0_0;
E_0x555578379e20 .event posedge, v0x55557837a2a0_0;
S_0x55557830b050 .scope module, "SB_IO_OD" "SB_IO_OD" 5 2931;
 .timescale -12 -12;
    .port_info 0 /INOUT 1 "PACKAGEPIN";
    .port_info 1 /INPUT 1 "LATCHINPUTVALUE";
    .port_info 2 /INPUT 1 "CLOCKENABLE";
    .port_info 3 /INPUT 1 "INPUTCLK";
    .port_info 4 /INPUT 1 "OUTPUTCLK";
    .port_info 5 /INPUT 1 "OUTPUTENABLE";
    .port_info 6 /INPUT 1 "DOUT1";
    .port_info 7 /INPUT 1 "DOUT0";
    .port_info 8 /OUTPUT 1 "DIN1";
    .port_info 9 /OUTPUT 1 "DIN0";
P_0x5555781b2350 .param/l "NEG_TRIGGER" 0 5 2944, C4<0>;
P_0x5555781b2390 .param/l "PIN_TYPE" 0 5 2943, C4<000000>;
L_0x5555783b8810 .functor BUFZ 1, v0x55557837bdc0_0, C4<0>, C4<0>, C4<0>;
L_0x5555783b8880 .functor BUFZ 1, v0x55557837be80_0, C4<0>, C4<0>, C4<0>;
o0x7fa9a4da5538 .functor BUFZ 1, c4<z>; HiZ drive
v0x55557837b610_0 .net "CLOCKENABLE", 0 0, o0x7fa9a4da5538;  0 drivers
v0x55557837b6d0_0 .net "DIN0", 0 0, L_0x5555783b8810;  1 drivers
v0x55557837b790_0 .net "DIN1", 0 0, L_0x5555783b8880;  1 drivers
o0x7fa9a4da55c8 .functor BUFZ 1, c4<z>; HiZ drive
v0x55557837b830_0 .net "DOUT0", 0 0, o0x7fa9a4da55c8;  0 drivers
o0x7fa9a4da55f8 .functor BUFZ 1, c4<z>; HiZ drive
v0x55557837b8f0_0 .net "DOUT1", 0 0, o0x7fa9a4da55f8;  0 drivers
o0x7fa9a4da5628 .functor BUFZ 1, c4<z>; HiZ drive
v0x55557837ba00_0 .net "INPUTCLK", 0 0, o0x7fa9a4da5628;  0 drivers
o0x7fa9a4da5658 .functor BUFZ 1, c4<z>; HiZ drive
v0x55557837bac0_0 .net "LATCHINPUTVALUE", 0 0, o0x7fa9a4da5658;  0 drivers
o0x7fa9a4da5688 .functor BUFZ 1, c4<z>; HiZ drive
v0x55557837bb80_0 .net "OUTPUTCLK", 0 0, o0x7fa9a4da5688;  0 drivers
o0x7fa9a4da56b8 .functor BUFZ 1, c4<z>; HiZ drive
v0x55557837bc40_0 .net "OUTPUTENABLE", 0 0, o0x7fa9a4da56b8;  0 drivers
o0x7fa9a4da56e8 .functor BUFZ 1, c4<z>; HiZ drive
v0x55557837bd00_0 .net "PACKAGEPIN", 0 0, o0x7fa9a4da56e8;  0 drivers
v0x55557837bdc0_0 .var "din_0", 0 0;
v0x55557837be80_0 .var "din_1", 0 0;
v0x55557837bf40_0 .var "din_q_0", 0 0;
v0x55557837c000_0 .var "din_q_1", 0 0;
v0x55557837c0c0_0 .var "dout", 0 0;
v0x55557837c180_0 .var "dout_q_0", 0 0;
v0x55557837c240_0 .var "dout_q_1", 0 0;
v0x55557837c410_0 .var "outclk_delayed_1", 0 0;
v0x55557837c4d0_0 .var "outclk_delayed_2", 0 0;
v0x55557837c590_0 .var "outena_q", 0 0;
E_0x55557837b0e0 .event anyedge, v0x55557837c4d0_0, v0x55557837c180_0, v0x55557837c240_0;
E_0x55557837b160 .event anyedge, v0x55557837c410_0;
E_0x55557837b1c0 .event anyedge, v0x55557837bb80_0;
E_0x55557837b220 .event anyedge, v0x55557837bf40_0, v0x55557837c000_0;
S_0x55557837b2b0 .scope generate, "genblk1" "genblk1" 5 2952, 5 2952 0, S_0x55557830b050;
 .timescale -12 -12;
E_0x55557837b440 .event posedge, v0x55557837bb80_0;
E_0x55557837b4c0 .event negedge, v0x55557837bb80_0;
E_0x55557837b520 .event negedge, v0x55557837ba00_0;
E_0x55557837b580 .event posedge, v0x55557837ba00_0;
S_0x55557830a380 .scope module, "SB_LEDDA_IP" "SB_LEDDA_IP" 5 2830;
 .timescale -12 -12;
    .port_info 0 /INPUT 1 "LEDDCS";
    .port_info 1 /INPUT 1 "LEDDCLK";
    .port_info 2 /INPUT 1 "LEDDDAT7";
    .port_info 3 /INPUT 1 "LEDDDAT6";
    .port_info 4 /INPUT 1 "LEDDDAT5";
    .port_info 5 /INPUT 1 "LEDDDAT4";
    .port_info 6 /INPUT 1 "LEDDDAT3";
    .port_info 7 /INPUT 1 "LEDDDAT2";
    .port_info 8 /INPUT 1 "LEDDDAT1";
    .port_info 9 /INPUT 1 "LEDDDAT0";
    .port_info 10 /INPUT 1 "LEDDADDR3";
    .port_info 11 /INPUT 1 "LEDDADDR2";
    .port_info 12 /INPUT 1 "LEDDADDR1";
    .port_info 13 /INPUT 1 "LEDDADDR0";
    .port_info 14 /INPUT 1 "LEDDDEN";
    .port_info 15 /INPUT 1 "LEDDEXE";
    .port_info 16 /INPUT 1 "LEDDRST";
    .port_info 17 /OUTPUT 1 "PWMOUT0";
    .port_info 18 /OUTPUT 1 "PWMOUT1";
    .port_info 19 /OUTPUT 1 "PWMOUT2";
    .port_info 20 /OUTPUT 1 "LEDDON";
o0x7fa9a4da5ad8 .functor BUFZ 1, c4<z>; HiZ drive
v0x55557837c790_0 .net "LEDDADDR0", 0 0, o0x7fa9a4da5ad8;  0 drivers
o0x7fa9a4da5b08 .functor BUFZ 1, c4<z>; HiZ drive
v0x55557837c870_0 .net "LEDDADDR1", 0 0, o0x7fa9a4da5b08;  0 drivers
o0x7fa9a4da5b38 .functor BUFZ 1, c4<z>; HiZ drive
v0x55557837c930_0 .net "LEDDADDR2", 0 0, o0x7fa9a4da5b38;  0 drivers
o0x7fa9a4da5b68 .functor BUFZ 1, c4<z>; HiZ drive
v0x55557837c9d0_0 .net "LEDDADDR3", 0 0, o0x7fa9a4da5b68;  0 drivers
o0x7fa9a4da5b98 .functor BUFZ 1, c4<z>; HiZ drive
v0x55557837ca90_0 .net "LEDDCLK", 0 0, o0x7fa9a4da5b98;  0 drivers
o0x7fa9a4da5bc8 .functor BUFZ 1, c4<z>; HiZ drive
v0x55557837cb50_0 .net "LEDDCS", 0 0, o0x7fa9a4da5bc8;  0 drivers
o0x7fa9a4da5bf8 .functor BUFZ 1, c4<z>; HiZ drive
v0x55557837cc10_0 .net "LEDDDAT0", 0 0, o0x7fa9a4da5bf8;  0 drivers
o0x7fa9a4da5c28 .functor BUFZ 1, c4<z>; HiZ drive
v0x55557837ccd0_0 .net "LEDDDAT1", 0 0, o0x7fa9a4da5c28;  0 drivers
o0x7fa9a4da5c58 .functor BUFZ 1, c4<z>; HiZ drive
v0x55557837cd90_0 .net "LEDDDAT2", 0 0, o0x7fa9a4da5c58;  0 drivers
o0x7fa9a4da5c88 .functor BUFZ 1, c4<z>; HiZ drive
v0x55557837ce50_0 .net "LEDDDAT3", 0 0, o0x7fa9a4da5c88;  0 drivers
o0x7fa9a4da5cb8 .functor BUFZ 1, c4<z>; HiZ drive
v0x55557837cf10_0 .net "LEDDDAT4", 0 0, o0x7fa9a4da5cb8;  0 drivers
o0x7fa9a4da5ce8 .functor BUFZ 1, c4<z>; HiZ drive
v0x55557837cfd0_0 .net "LEDDDAT5", 0 0, o0x7fa9a4da5ce8;  0 drivers
o0x7fa9a4da5d18 .functor BUFZ 1, c4<z>; HiZ drive
v0x55557837d090_0 .net "LEDDDAT6", 0 0, o0x7fa9a4da5d18;  0 drivers
o0x7fa9a4da5d48 .functor BUFZ 1, c4<z>; HiZ drive
v0x55557837d150_0 .net "LEDDDAT7", 0 0, o0x7fa9a4da5d48;  0 drivers
o0x7fa9a4da5d78 .functor BUFZ 1, c4<z>; HiZ drive
v0x55557837d210_0 .net "LEDDDEN", 0 0, o0x7fa9a4da5d78;  0 drivers
o0x7fa9a4da5da8 .functor BUFZ 1, c4<z>; HiZ drive
v0x55557837d2d0_0 .net "LEDDEXE", 0 0, o0x7fa9a4da5da8;  0 drivers
o0x7fa9a4da5dd8 .functor BUFZ 1, c4<z>; HiZ drive
v0x55557837d390_0 .net "LEDDON", 0 0, o0x7fa9a4da5dd8;  0 drivers
o0x7fa9a4da5e08 .functor BUFZ 1, c4<z>; HiZ drive
v0x55557837d560_0 .net "LEDDRST", 0 0, o0x7fa9a4da5e08;  0 drivers
o0x7fa9a4da5e38 .functor BUFZ 1, c4<z>; HiZ drive
v0x55557837d620_0 .net "PWMOUT0", 0 0, o0x7fa9a4da5e38;  0 drivers
o0x7fa9a4da5e68 .functor BUFZ 1, c4<z>; HiZ drive
v0x55557837d6e0_0 .net "PWMOUT1", 0 0, o0x7fa9a4da5e68;  0 drivers
o0x7fa9a4da5e98 .functor BUFZ 1, c4<z>; HiZ drive
v0x55557837d7a0_0 .net "PWMOUT2", 0 0, o0x7fa9a4da5e98;  0 drivers
S_0x5555782f41f0 .scope module, "SB_LED_DRV_CUR" "SB_LED_DRV_CUR" 5 2709;
 .timescale -12 -12;
    .port_info 0 /INPUT 1 "EN";
    .port_info 1 /OUTPUT 1 "LEDPU";
o0x7fa9a4da62b8 .functor BUFZ 1, c4<z>; HiZ drive
v0x55557837dbb0_0 .net "EN", 0 0, o0x7fa9a4da62b8;  0 drivers
o0x7fa9a4da62e8 .functor BUFZ 1, c4<z>; HiZ drive
v0x55557837dc90_0 .net "LEDPU", 0 0, o0x7fa9a4da62e8;  0 drivers
S_0x5555782e7780 .scope module, "SB_LFOSC" "SB_LFOSC" 5 2684;
 .timescale -12 -12;
    .port_info 0 /INPUT 1 "CLKLFPU";
    .port_info 1 /INPUT 1 "CLKLFEN";
    .port_info 2 /OUTPUT 1 "CLKLF";
o0x7fa9a4da6378 .functor BUFZ 1, c4<z>; HiZ drive
v0x55557837ddb0_0 .net "CLKLF", 0 0, o0x7fa9a4da6378;  0 drivers
o0x7fa9a4da63a8 .functor BUFZ 1, c4<z>; HiZ drive
v0x55557837de70_0 .net "CLKLFEN", 0 0, o0x7fa9a4da63a8;  0 drivers
o0x7fa9a4da63d8 .functor BUFZ 1, c4<z>; HiZ drive
v0x55557837df30_0 .net "CLKLFPU", 0 0, o0x7fa9a4da63d8;  0 drivers
S_0x5555782e38d0 .scope module, "SB_LUT4" "SB_LUT4" 5 177;
 .timescale -12 -12;
    .port_info 0 /OUTPUT 1 "O";
    .port_info 1 /INPUT 1 "I0";
    .port_info 2 /INPUT 1 "I1";
    .port_info 3 /INPUT 1 "I2";
    .port_info 4 /INPUT 1 "I3";
P_0x5555782fffe0 .param/l "LUT_INIT" 0 5 184, C4<0000000000000000>;
o0x7fa9a4da6498 .functor BUFZ 1, c4<z>; HiZ drive
v0x55557837e050_0 .net "I0", 0 0, o0x7fa9a4da6498;  0 drivers
o0x7fa9a4da64c8 .functor BUFZ 1, c4<z>; HiZ drive
v0x55557837e110_0 .net "I1", 0 0, o0x7fa9a4da64c8;  0 drivers
o0x7fa9a4da64f8 .functor BUFZ 1, c4<z>; HiZ drive
v0x55557837e1d0_0 .net "I2", 0 0, o0x7fa9a4da64f8;  0 drivers
o0x7fa9a4da6528 .functor BUFZ 1, c4<z>; HiZ drive
v0x55557837e2a0_0 .net "I3", 0 0, o0x7fa9a4da6528;  0 drivers
v0x55557837e360_0 .net "O", 0 0, L_0x5555783b9370;  1 drivers
L_0x7fa9a4d543c0 .functor BUFT 1, C4<00000000>, C4<0>, C4<0>, C4<0>;
v0x55557837e420_0 .net/2u *"_ivl_0", 7 0, L_0x7fa9a4d543c0;  1 drivers
v0x55557837e500_0 .net *"_ivl_13", 1 0, L_0x5555783b8e80;  1 drivers
v0x55557837e5e0_0 .net *"_ivl_15", 1 0, L_0x5555783b8f70;  1 drivers
v0x55557837e6c0_0 .net *"_ivl_19", 0 0, L_0x5555783b9190;  1 drivers
L_0x7fa9a4d54408 .functor BUFT 1, C4<00000000>, C4<0>, C4<0>, C4<0>;
v0x55557837e7a0_0 .net/2u *"_ivl_2", 7 0, L_0x7fa9a4d54408;  1 drivers
v0x55557837e880_0 .net *"_ivl_21", 0 0, L_0x5555783b92d0;  1 drivers
v0x55557837e960_0 .net *"_ivl_7", 3 0, L_0x5555783b8b50;  1 drivers
v0x55557837ea40_0 .net *"_ivl_9", 3 0, L_0x5555783b8c40;  1 drivers
v0x55557837eb20_0 .net "s1", 1 0, L_0x5555783b9050;  1 drivers
v0x55557837ec00_0 .net "s2", 3 0, L_0x5555783b8ce0;  1 drivers
v0x55557837ece0_0 .net "s3", 7 0, L_0x5555783b89b0;  1 drivers
L_0x5555783b89b0 .functor MUXZ 8, L_0x7fa9a4d54408, L_0x7fa9a4d543c0, o0x7fa9a4da6528, C4<>;
L_0x5555783b8b50 .part L_0x5555783b89b0, 4, 4;
L_0x5555783b8c40 .part L_0x5555783b89b0, 0, 4;
L_0x5555783b8ce0 .functor MUXZ 4, L_0x5555783b8c40, L_0x5555783b8b50, o0x7fa9a4da64f8, C4<>;
L_0x5555783b8e80 .part L_0x5555783b8ce0, 2, 2;
L_0x5555783b8f70 .part L_0x5555783b8ce0, 0, 2;
L_0x5555783b9050 .functor MUXZ 2, L_0x5555783b8f70, L_0x5555783b8e80, o0x7fa9a4da64c8, C4<>;
L_0x5555783b9190 .part L_0x5555783b9050, 1, 1;
L_0x5555783b92d0 .part L_0x5555783b9050, 0, 1;
L_0x5555783b9370 .functor MUXZ 1, L_0x5555783b92d0, L_0x5555783b9190, o0x7fa9a4da6498, C4<>;
S_0x5555782dfbf0 .scope module, "SB_MAC16" "SB_MAC16" 5 2996;
 .timescale -12 -12;
    .port_info 0 /INPUT 1 "CLK";
    .port_info 1 /INPUT 1 "CE";
    .port_info 2 /INPUT 16 "C";
    .port_info 3 /INPUT 16 "A";
    .port_info 4 /INPUT 16 "B";
    .port_info 5 /INPUT 16 "D";
    .port_info 6 /INPUT 1 "AHOLD";
    .port_info 7 /INPUT 1 "BHOLD";
    .port_info 8 /INPUT 1 "CHOLD";
    .port_info 9 /INPUT 1 "DHOLD";
    .port_info 10 /INPUT 1 "IRSTTOP";
    .port_info 11 /INPUT 1 "IRSTBOT";
    .port_info 12 /INPUT 1 "ORSTTOP";
    .port_info 13 /INPUT 1 "ORSTBOT";
    .port_info 14 /INPUT 1 "OLOADTOP";
    .port_info 15 /INPUT 1 "OLOADBOT";
    .port_info 16 /INPUT 1 "ADDSUBTOP";
    .port_info 17 /INPUT 1 "ADDSUBBOT";
    .port_info 18 /INPUT 1 "OHOLDTOP";
    .port_info 19 /INPUT 1 "OHOLDBOT";
    .port_info 20 /INPUT 1 "CI";
    .port_info 21 /INPUT 1 "ACCUMCI";
    .port_info 22 /INPUT 1 "SIGNEXTIN";
    .port_info 23 /OUTPUT 32 "O";
    .port_info 24 /OUTPUT 1 "CO";
    .port_info 25 /OUTPUT 1 "ACCUMCO";
    .port_info 26 /OUTPUT 1 "SIGNEXTOUT";
P_0x5555781c32b0 .param/l "A_REG" 0 5 3011, C4<0>;
P_0x5555781c32f0 .param/l "A_SIGNED" 0 5 3027, C4<0>;
P_0x5555781c3330 .param/l "BOTADDSUB_CARRYSELECT" 0 5 3025, C4<00>;
P_0x5555781c3370 .param/l "BOTADDSUB_LOWERINPUT" 0 5 3023, C4<00>;
P_0x5555781c33b0 .param/l "BOTADDSUB_UPPERINPUT" 0 5 3024, C4<0>;
P_0x5555781c33f0 .param/l "BOTOUTPUT_SELECT" 0 5 3022, C4<00>;
P_0x5555781c3430 .param/l "BOT_8x8_MULT_REG" 0 5 3015, C4<0>;
P_0x5555781c3470 .param/l "B_REG" 0 5 3012, C4<0>;
P_0x5555781c34b0 .param/l "B_SIGNED" 0 5 3028, C4<0>;
P_0x5555781c34f0 .param/l "C_REG" 0 5 3010, C4<0>;
P_0x5555781c3530 .param/l "D_REG" 0 5 3013, C4<0>;
P_0x5555781c3570 .param/l "MODE_8x8" 0 5 3026, C4<0>;
P_0x5555781c35b0 .param/l "NEG_TRIGGER" 0 5 3009, C4<0>;
P_0x5555781c35f0 .param/l "PIPELINE_16x16_MULT_REG1" 0 5 3016, C4<0>;
P_0x5555781c3630 .param/l "PIPELINE_16x16_MULT_REG2" 0 5 3017, C4<0>;
P_0x5555781c3670 .param/l "TOPADDSUB_CARRYSELECT" 0 5 3021, C4<00>;
P_0x5555781c36b0 .param/l "TOPADDSUB_LOWERINPUT" 0 5 3019, C4<00>;
P_0x5555781c36f0 .param/l "TOPADDSUB_UPPERINPUT" 0 5 3020, C4<0>;
P_0x5555781c3730 .param/l "TOPOUTPUT_SELECT" 0 5 3018, C4<00>;
P_0x5555781c3770 .param/l "TOP_8x8_MULT_REG" 0 5 3014, C4<0>;
o0x7fa9a4da6b88 .functor BUFZ 1, c4<z>; HiZ drive
L_0x7fa9a4d54450 .functor BUFT 1, C4<0>, C4<0>, C4<0>, C4<0>;
L_0x5555783b94f0 .functor XOR 1, o0x7fa9a4da6b88, L_0x7fa9a4d54450, C4<0>, C4<0>;
o0x7fa9a4da6ac8 .functor BUFZ 16, c4<zzzzzzzzzzzzzzzz>; HiZ drive
L_0x5555783b95e0 .functor BUFZ 16, o0x7fa9a4da6ac8, C4<0000000000000000>, C4<0000000000000000>, C4<0000000000000000>;
o0x7fa9a4da6888 .functor BUFZ 16, c4<zzzzzzzzzzzzzzzz>; HiZ drive
L_0x5555783b9680 .functor BUFZ 16, o0x7fa9a4da6888, C4<0000000000000000>, C4<0000000000000000>, C4<0000000000000000>;
o0x7fa9a4da6a08 .functor BUFZ 16, c4<zzzzzzzzzzzzzzzz>; HiZ drive
L_0x5555783b9750 .functor BUFZ 16, o0x7fa9a4da6a08, C4<0000000000000000>, C4<0000000000000000>, C4<0000000000000000>;
o0x7fa9a4da6be8 .functor BUFZ 16, c4<zzzzzzzzzzzzzzzz>; HiZ drive
L_0x5555783b9850 .functor BUFZ 16, o0x7fa9a4da6be8, C4<0000000000000000>, C4<0000000000000000>, C4<0000000000000000>;
L_0x5555783ba700 .functor BUFZ 16, L_0x5555783ba290, C4<0000000000000000>, C4<0000000000000000>, C4<0000000000000000>;
L_0x5555783bacd0 .functor BUFZ 16, L_0x5555783ba610, C4<0000000000000000>, C4<0000000000000000>, C4<0000000000000000>;
L_0x5555783bad90 .functor BUFZ 16, L_0x5555783baa20, C4<0000000000000000>, C4<0000000000000000>, C4<0000000000000000>;
L_0x5555783baea0 .functor BUFZ 16, L_0x5555783bab10, C4<0000000000000000>, C4<0000000000000000>, C4<0000000000000000>;
L_0x5555783bb8a0 .functor BUFZ 32, L_0x5555783bc570, C4<00000000000000000000000000000000>, C4<00000000000000000000000000000000>, C4<00000000000000000000000000000000>;
L_0x5555783bc760 .functor BUFZ 16, v0x555578386dd0_0, C4<0000000000000000>, C4<0000000000000000>, C4<0000000000000000>;
L_0x5555783bc7d0 .functor BUFZ 16, L_0x5555783b9680, C4<0000000000000000>, C4<0000000000000000>, C4<0000000000000000>;
L_0x5555783bd1c0 .functor XOR 17, L_0x5555783bcd10, L_0x5555783bd050, C4<00000000000000000>, C4<00000000000000000>;
o0x7fa9a4da6948 .functor BUFZ 1, c4<z>; HiZ drive
L_0x5555783bd370 .functor XOR 1, L_0x5555783bc8b0, o0x7fa9a4da6948, C4<0>, C4<0>;
L_0x5555783bc840 .functor XOR 16, L_0x5555783bca60, L_0x5555783bd6e0, C4<0000000000000000>, C4<0000000000000000>;
L_0x5555783bdc00 .functor BUFZ 16, L_0x5555783bd970, C4<0000000000000000>, C4<0000000000000000>, C4<0000000000000000>;
L_0x5555783bdec0 .functor BUFZ 16, v0x555578386eb0_0, C4<0000000000000000>, C4<0000000000000000>, C4<0000000000000000>;
L_0x5555783bdfd0 .functor BUFZ 16, L_0x5555783b9750, C4<0000000000000000>, C4<0000000000000000>, C4<0000000000000000>;
L_0x5555783beb80 .functor XOR 17, L_0x5555783be4f0, L_0x5555783be880, C4<00000000000000000>, C4<00000000000000000>;
L_0x5555783bed40 .functor XOR 16, L_0x5555783be140, L_0x5555783bf0e0, C4<0000000000000000>, C4<0000000000000000>;
L_0x5555783bf6e0 .functor BUFZ 16, L_0x5555783bf270, C4<0000000000000000>, C4<0000000000000000>, C4<0000000000000000>;
v0x55557837f030_0 .net "A", 15 0, o0x7fa9a4da6888;  0 drivers
o0x7fa9a4da68b8 .functor BUFZ 1, c4<z>; HiZ drive
v0x55557837f110_0 .net "ACCUMCI", 0 0, o0x7fa9a4da68b8;  0 drivers
v0x55557837f1d0_0 .net "ACCUMCO", 0 0, L_0x5555783bc8b0;  1 drivers
o0x7fa9a4da6918 .functor BUFZ 1, c4<z>; HiZ drive
v0x55557837f270_0 .net "ADDSUBBOT", 0 0, o0x7fa9a4da6918;  0 drivers
v0x55557837f330_0 .net "ADDSUBTOP", 0 0, o0x7fa9a4da6948;  0 drivers
o0x7fa9a4da6978 .functor BUFZ 1, c4<z>; HiZ drive
v0x55557837f3f0_0 .net "AHOLD", 0 0, o0x7fa9a4da6978;  0 drivers
v0x55557837f4b0_0 .net "Ah", 15 0, L_0x5555783b9a70;  1 drivers
v0x55557837f590_0 .net "Al", 15 0, L_0x5555783b9c50;  1 drivers
v0x55557837f670_0 .net "B", 15 0, o0x7fa9a4da6a08;  0 drivers
o0x7fa9a4da6a38 .functor BUFZ 1, c4<z>; HiZ drive
v0x55557837f7e0_0 .net "BHOLD", 0 0, o0x7fa9a4da6a38;  0 drivers
v0x55557837f8a0_0 .net "Bh", 15 0, L_0x5555783b9ee0;  1 drivers
v0x55557837f980_0 .net "Bl", 15 0, L_0x5555783ba100;  1 drivers
v0x55557837fa60_0 .net "C", 15 0, o0x7fa9a4da6ac8;  0 drivers
o0x7fa9a4da6af8 .functor BUFZ 1, c4<z>; HiZ drive
v0x55557837fb40_0 .net "CE", 0 0, o0x7fa9a4da6af8;  0 drivers
o0x7fa9a4da6b28 .functor BUFZ 1, c4<z>; HiZ drive
v0x55557837fc00_0 .net "CHOLD", 0 0, o0x7fa9a4da6b28;  0 drivers
o0x7fa9a4da6b58 .functor BUFZ 1, c4<z>; HiZ drive
v0x55557837fcc0_0 .net "CI", 0 0, o0x7fa9a4da6b58;  0 drivers
v0x55557837fd80_0 .net "CLK", 0 0, o0x7fa9a4da6b88;  0 drivers
v0x55557837ff50_0 .net "CO", 0 0, L_0x5555783bd370;  1 drivers
v0x555578380010_0 .net "D", 15 0, o0x7fa9a4da6be8;  0 drivers
o0x7fa9a4da6c18 .functor BUFZ 1, c4<z>; HiZ drive
v0x5555783800f0_0 .net "DHOLD", 0 0, o0x7fa9a4da6c18;  0 drivers
L_0x7fa9a4d549a8 .functor BUFT 1, C4<0>, C4<0>, C4<0>, C4<0>;
v0x5555783801b0_0 .net "HCI", 0 0, L_0x7fa9a4d549a8;  1 drivers
o0x7fa9a4da6c78 .functor BUFZ 1, c4<z>; HiZ drive
v0x555578380270_0 .net "IRSTBOT", 0 0, o0x7fa9a4da6c78;  0 drivers
o0x7fa9a4da6ca8 .functor BUFZ 1, c4<z>; HiZ drive
v0x555578380330_0 .net "IRSTTOP", 0 0, o0x7fa9a4da6ca8;  0 drivers
L_0x7fa9a4d54ac8 .functor BUFT 1, C4<0>, C4<0>, C4<0>, C4<0>;
v0x5555783803f0_0 .net "LCI", 0 0, L_0x7fa9a4d54ac8;  1 drivers
v0x5555783804b0_0 .net "LCO", 0 0, L_0x5555783be040;  1 drivers
v0x555578380570_0 .net "O", 31 0, L_0x5555783bf7a0;  1 drivers
o0x7fa9a4da6d68 .functor BUFZ 1, c4<z>; HiZ drive
v0x555578380650_0 .net "OHOLDBOT", 0 0, o0x7fa9a4da6d68;  0 drivers
o0x7fa9a4da6d98 .functor BUFZ 1, c4<z>; HiZ drive
v0x555578380710_0 .net "OHOLDTOP", 0 0, o0x7fa9a4da6d98;  0 drivers
o0x7fa9a4da6dc8 .functor BUFZ 1, c4<z>; HiZ drive
v0x5555783807d0_0 .net "OLOADBOT", 0 0, o0x7fa9a4da6dc8;  0 drivers
o0x7fa9a4da6df8 .functor BUFZ 1, c4<z>; HiZ drive
v0x555578380890_0 .net "OLOADTOP", 0 0, o0x7fa9a4da6df8;  0 drivers
o0x7fa9a4da6e28 .functor BUFZ 1, c4<z>; HiZ drive
v0x555578380950_0 .net "ORSTBOT", 0 0, o0x7fa9a4da6e28;  0 drivers
o0x7fa9a4da6e58 .functor BUFZ 1, c4<z>; HiZ drive
v0x555578380a10_0 .net "ORSTTOP", 0 0, o0x7fa9a4da6e58;  0 drivers
v0x555578380ad0_0 .net "Oh", 15 0, L_0x5555783bdc00;  1 drivers
v0x555578380dc0_0 .net "Ol", 15 0, L_0x5555783bf6e0;  1 drivers
o0x7fa9a4da6ee8 .functor BUFZ 1, c4<z>; HiZ drive
v0x555578380ea0_0 .net "SIGNEXTIN", 0 0, o0x7fa9a4da6ee8;  0 drivers
v0x555578380f60_0 .net "SIGNEXTOUT", 0 0, L_0x5555783bdcc0;  1 drivers
v0x555578381020_0 .net "XW", 15 0, L_0x5555783bca60;  1 drivers
v0x555578381100_0 .net "YZ", 15 0, L_0x5555783be140;  1 drivers
v0x5555783811e0_0 .net/2u *"_ivl_0", 0 0, L_0x7fa9a4d54450;  1 drivers
v0x5555783812c0_0 .net *"_ivl_100", 31 0, L_0x5555783bc010;  1 drivers
L_0x7fa9a4d54840 .functor BUFT 1, C4<0000000000000000>, C4<0>, C4<0>, C4<0>;
v0x5555783813a0_0 .net *"_ivl_103", 15 0, L_0x7fa9a4d54840;  1 drivers
v0x555578381480_0 .net *"_ivl_104", 31 0, L_0x5555783bc330;  1 drivers
v0x555578381560_0 .net *"_ivl_106", 15 0, L_0x5555783bc240;  1 drivers
L_0x7fa9a4d54888 .functor BUFT 1, C4<0000000000000000>, C4<0>, C4<0>, C4<0>;
v0x555578381640_0 .net *"_ivl_108", 15 0, L_0x7fa9a4d54888;  1 drivers
L_0x7fa9a4d54498 .functor BUFT 1, C4<00000000>, C4<0>, C4<0>, C4<0>;
v0x555578381720_0 .net/2u *"_ivl_12", 7 0, L_0x7fa9a4d54498;  1 drivers
v0x555578381800_0 .net *"_ivl_121", 16 0, L_0x5555783bcb00;  1 drivers
L_0x7fa9a4d548d0 .functor BUFT 1, C4<0>, C4<0>, C4<0>, C4<0>;
v0x5555783818e0_0 .net *"_ivl_124", 0 0, L_0x7fa9a4d548d0;  1 drivers
v0x5555783819c0_0 .net *"_ivl_125", 16 0, L_0x5555783bcd10;  1 drivers
L_0x7fa9a4d54918 .functor BUFT 1, C4<0>, C4<0>, C4<0>, C4<0>;
v0x555578381aa0_0 .net *"_ivl_128", 0 0, L_0x7fa9a4d54918;  1 drivers
v0x555578381b80_0 .net *"_ivl_130", 15 0, L_0x5555783bce50;  1 drivers
v0x555578381c60_0 .net *"_ivl_131", 16 0, L_0x5555783bd050;  1 drivers
L_0x7fa9a4d54960 .functor BUFT 1, C4<0>, C4<0>, C4<0>, C4<0>;
v0x555578381d40_0 .net *"_ivl_134", 0 0, L_0x7fa9a4d54960;  1 drivers
v0x555578381e20_0 .net *"_ivl_135", 16 0, L_0x5555783bd1c0;  1 drivers
v0x555578381f00_0 .net *"_ivl_137", 16 0, L_0x5555783bd2d0;  1 drivers
L_0x7fa9a4d54c78 .functor BUFT 1, C4<00000000000000000>, C4<0>, C4<0>, C4<0>;
v0x555578381fe0_0 .net *"_ivl_139", 16 0, L_0x7fa9a4d54c78;  1 drivers
v0x5555783820c0_0 .net *"_ivl_143", 16 0, L_0x5555783bcf20;  1 drivers
v0x5555783821a0_0 .net *"_ivl_148", 15 0, L_0x5555783bd6e0;  1 drivers
v0x555578382280_0 .net *"_ivl_149", 15 0, L_0x5555783bc840;  1 drivers
v0x555578382360_0 .net *"_ivl_15", 7 0, L_0x5555783b9950;  1 drivers
v0x555578382440_0 .net *"_ivl_168", 16 0, L_0x5555783be380;  1 drivers
L_0x7fa9a4d549f0 .functor BUFT 1, C4<0>, C4<0>, C4<0>, C4<0>;
v0x555578382520_0 .net *"_ivl_171", 0 0, L_0x7fa9a4d549f0;  1 drivers
v0x555578382600_0 .net *"_ivl_172", 16 0, L_0x5555783be4f0;  1 drivers
L_0x7fa9a4d54a38 .functor BUFT 1, C4<0>, C4<0>, C4<0>, C4<0>;
v0x5555783826e0_0 .net *"_ivl_175", 0 0, L_0x7fa9a4d54a38;  1 drivers
v0x5555783827c0_0 .net *"_ivl_177", 15 0, L_0x5555783be7b0;  1 drivers
v0x5555783828a0_0 .net *"_ivl_178", 16 0, L_0x5555783be880;  1 drivers
L_0x7fa9a4d544e0 .functor BUFT 1, C4<00000000>, C4<0>, C4<0>, C4<0>;
v0x555578382980_0 .net/2u *"_ivl_18", 7 0, L_0x7fa9a4d544e0;  1 drivers
L_0x7fa9a4d54a80 .functor BUFT 1, C4<0>, C4<0>, C4<0>, C4<0>;
v0x555578382a60_0 .net *"_ivl_181", 0 0, L_0x7fa9a4d54a80;  1 drivers
v0x555578382b40_0 .net *"_ivl_182", 16 0, L_0x5555783beb80;  1 drivers
v0x555578382c20_0 .net *"_ivl_184", 16 0, L_0x5555783bdf30;  1 drivers
L_0x7fa9a4d54cc0 .functor BUFT 1, C4<00000000000000000>, C4<0>, C4<0>, C4<0>;
v0x555578382d00_0 .net *"_ivl_186", 16 0, L_0x7fa9a4d54cc0;  1 drivers
v0x555578382de0_0 .net *"_ivl_190", 16 0, L_0x5555783bee50;  1 drivers
v0x555578382ec0_0 .net *"_ivl_193", 15 0, L_0x5555783bf0e0;  1 drivers
v0x555578382fa0_0 .net *"_ivl_194", 15 0, L_0x5555783bed40;  1 drivers
v0x555578383080_0 .net *"_ivl_21", 7 0, L_0x5555783b9bb0;  1 drivers
L_0x7fa9a4d54528 .functor BUFT 1, C4<00000000>, C4<0>, C4<0>, C4<0>;
v0x555578383160_0 .net/2u *"_ivl_24", 7 0, L_0x7fa9a4d54528;  1 drivers
v0x555578383240_0 .net *"_ivl_27", 7 0, L_0x5555783b9df0;  1 drivers
L_0x7fa9a4d54570 .functor BUFT 1, C4<00000000>, C4<0>, C4<0>, C4<0>;
v0x555578383320_0 .net/2u *"_ivl_30", 7 0, L_0x7fa9a4d54570;  1 drivers
v0x555578383400_0 .net *"_ivl_33", 7 0, L_0x5555783ba060;  1 drivers
L_0x7fa9a4d545b8 .functor BUFT 1, C4<00000000>, C4<0>, C4<0>, C4<0>;
v0x5555783834e0_0 .net/2u *"_ivl_38", 7 0, L_0x7fa9a4d545b8;  1 drivers
v0x5555783835c0_0 .net *"_ivl_41", 7 0, L_0x5555783ba3d0;  1 drivers
v0x5555783836a0_0 .net *"_ivl_42", 15 0, L_0x5555783ba520;  1 drivers
L_0x7fa9a4d54600 .functor BUFT 1, C4<00000000>, C4<0>, C4<0>, C4<0>;
v0x555578383780_0 .net/2u *"_ivl_46", 7 0, L_0x7fa9a4d54600;  1 drivers
v0x555578383860_0 .net *"_ivl_49", 7 0, L_0x5555783ba770;  1 drivers
v0x555578383940_0 .net *"_ivl_50", 15 0, L_0x5555783ba860;  1 drivers
L_0x7fa9a4d54648 .functor BUFT 1, C4<00000000>, C4<0>, C4<0>, C4<0>;
v0x555578383a20_0 .net/2u *"_ivl_64", 7 0, L_0x7fa9a4d54648;  1 drivers
L_0x7fa9a4d54690 .functor BUFT 1, C4<00000000>, C4<0>, C4<0>, C4<0>;
v0x555578383b00_0 .net/2u *"_ivl_68", 7 0, L_0x7fa9a4d54690;  1 drivers
v0x555578383be0_0 .net *"_ivl_72", 31 0, L_0x5555783bb280;  1 drivers
L_0x7fa9a4d546d8 .functor BUFT 1, C4<0000000000000000>, C4<0>, C4<0>, C4<0>;
v0x555578383cc0_0 .net *"_ivl_75", 15 0, L_0x7fa9a4d546d8;  1 drivers
v0x555578383da0_0 .net *"_ivl_76", 31 0, L_0x5555783bb3c0;  1 drivers
L_0x7fa9a4d54720 .functor BUFT 1, C4<00000000>, C4<0>, C4<0>, C4<0>;
v0x555578383e80_0 .net *"_ivl_79", 7 0, L_0x7fa9a4d54720;  1 drivers
v0x555578383f60_0 .net *"_ivl_80", 31 0, L_0x5555783bb600;  1 drivers
v0x555578384040_0 .net *"_ivl_82", 23 0, L_0x5555783bb1e0;  1 drivers
L_0x7fa9a4d54768 .functor BUFT 1, C4<00000000>, C4<0>, C4<0>, C4<0>;
v0x555578384120_0 .net *"_ivl_84", 7 0, L_0x7fa9a4d54768;  1 drivers
v0x555578384200_0 .net *"_ivl_86", 31 0, L_0x5555783bb800;  1 drivers
v0x5555783842e0_0 .net *"_ivl_88", 31 0, L_0x5555783bb9b0;  1 drivers
L_0x7fa9a4d547b0 .functor BUFT 1, C4<00000000>, C4<0>, C4<0>, C4<0>;
v0x5555783843c0_0 .net *"_ivl_91", 7 0, L_0x7fa9a4d547b0;  1 drivers
v0x5555783844a0_0 .net *"_ivl_92", 31 0, L_0x5555783bbcb0;  1 drivers
v0x555578384580_0 .net *"_ivl_94", 23 0, L_0x5555783bbbc0;  1 drivers
L_0x7fa9a4d547f8 .functor BUFT 1, C4<00000000>, C4<0>, C4<0>, C4<0>;
v0x555578384660_0 .net *"_ivl_96", 7 0, L_0x7fa9a4d547f8;  1 drivers
v0x555578384740_0 .net *"_ivl_98", 31 0, L_0x5555783bbed0;  1 drivers
v0x555578384820_0 .net "clock", 0 0, L_0x5555783b94f0;  1 drivers
v0x5555783848e0_0 .net "iA", 15 0, L_0x5555783b9680;  1 drivers
v0x5555783849c0_0 .net "iB", 15 0, L_0x5555783b9750;  1 drivers
v0x555578384aa0_0 .net "iC", 15 0, L_0x5555783b95e0;  1 drivers
v0x555578384b80_0 .net "iD", 15 0, L_0x5555783b9850;  1 drivers
v0x555578384c60_0 .net "iF", 15 0, L_0x5555783ba700;  1 drivers
v0x555578384d40_0 .net "iG", 15 0, L_0x5555783baea0;  1 drivers
v0x555578384e20_0 .net "iH", 31 0, L_0x5555783bb8a0;  1 drivers
v0x555578384f00_0 .net "iJ", 15 0, L_0x5555783bacd0;  1 drivers
v0x555578384fe0_0 .net "iJ_e", 23 0, L_0x5555783bb0a0;  1 drivers
v0x5555783850c0_0 .net "iK", 15 0, L_0x5555783bad90;  1 drivers
v0x5555783851a0_0 .net "iK_e", 23 0, L_0x5555783baf60;  1 drivers
v0x555578385280_0 .net "iL", 31 0, L_0x5555783bc570;  1 drivers
v0x555578385360_0 .net "iP", 15 0, L_0x5555783bd970;  1 drivers
v0x555578385440_0 .net "iQ", 15 0, v0x555578386dd0_0;  1 drivers
v0x555578385520_0 .net "iR", 15 0, L_0x5555783bf270;  1 drivers
v0x555578385600_0 .net "iS", 15 0, v0x555578386eb0_0;  1 drivers
v0x5555783856e0_0 .net "iW", 15 0, L_0x5555783bc760;  1 drivers
v0x5555783857c0_0 .net "iX", 15 0, L_0x5555783bc7d0;  1 drivers
v0x5555783858a0_0 .net "iY", 15 0, L_0x5555783bdec0;  1 drivers
v0x555578385980_0 .net "iZ", 15 0, L_0x5555783bdfd0;  1 drivers
v0x555578385a60_0 .net "p_Ah_Bh", 15 0, L_0x5555783ba290;  1 drivers
v0x555578385b40_0 .net "p_Ah_Bl", 15 0, L_0x5555783baa20;  1 drivers
v0x555578385c20_0 .net "p_Al_Bh", 15 0, L_0x5555783ba610;  1 drivers
v0x555578385d00_0 .net "p_Al_Bl", 15 0, L_0x5555783bab10;  1 drivers
v0x555578385de0_0 .var "rA", 15 0;
v0x555578385ec0_0 .var "rB", 15 0;
v0x555578385fa0_0 .var "rC", 15 0;
v0x555578386080_0 .var "rD", 15 0;
v0x555578386970_0 .var "rF", 15 0;
v0x555578386a50_0 .var "rG", 15 0;
v0x555578386b30_0 .var "rH", 31 0;
v0x555578386c10_0 .var "rJ", 15 0;
v0x555578386cf0_0 .var "rK", 15 0;
v0x555578386dd0_0 .var "rQ", 15 0;
v0x555578386eb0_0 .var "rS", 15 0;
E_0x55557837ee60 .event posedge, v0x555578380950_0, v0x555578384820_0;
E_0x55557837eee0 .event posedge, v0x555578380a10_0, v0x555578384820_0;
E_0x55557837ef40 .event posedge, v0x555578380270_0, v0x555578384820_0;
E_0x55557837efa0 .event posedge, v0x555578380330_0, v0x555578384820_0;
L_0x5555783b9950 .part L_0x5555783b9680, 8, 8;
L_0x5555783b9a70 .concat [ 8 8 0 0], L_0x5555783b9950, L_0x7fa9a4d54498;
L_0x5555783b9bb0 .part L_0x5555783b9680, 0, 8;
L_0x5555783b9c50 .concat [ 8 8 0 0], L_0x5555783b9bb0, L_0x7fa9a4d544e0;
L_0x5555783b9df0 .part L_0x5555783b9750, 8, 8;
L_0x5555783b9ee0 .concat [ 8 8 0 0], L_0x5555783b9df0, L_0x7fa9a4d54528;
L_0x5555783ba060 .part L_0x5555783b9750, 0, 8;
L_0x5555783ba100 .concat [ 8 8 0 0], L_0x5555783ba060, L_0x7fa9a4d54570;
L_0x5555783ba290 .arith/mult 16, L_0x5555783b9a70, L_0x5555783b9ee0;
L_0x5555783ba3d0 .part L_0x5555783b9c50, 0, 8;
L_0x5555783ba520 .concat [ 8 8 0 0], L_0x5555783ba3d0, L_0x7fa9a4d545b8;
L_0x5555783ba610 .arith/mult 16, L_0x5555783ba520, L_0x5555783b9ee0;
L_0x5555783ba770 .part L_0x5555783ba100, 0, 8;
L_0x5555783ba860 .concat [ 8 8 0 0], L_0x5555783ba770, L_0x7fa9a4d54600;
L_0x5555783baa20 .arith/mult 16, L_0x5555783b9a70, L_0x5555783ba860;
L_0x5555783bab10 .arith/mult 16, L_0x5555783b9c50, L_0x5555783ba100;
L_0x5555783baf60 .concat [ 16 8 0 0], L_0x5555783bad90, L_0x7fa9a4d54648;
L_0x5555783bb0a0 .concat [ 16 8 0 0], L_0x5555783bacd0, L_0x7fa9a4d54690;
L_0x5555783bb280 .concat [ 16 16 0 0], L_0x5555783baea0, L_0x7fa9a4d546d8;
L_0x5555783bb3c0 .concat [ 24 8 0 0], L_0x5555783baf60, L_0x7fa9a4d54720;
L_0x5555783bb1e0 .part L_0x5555783bb3c0, 0, 24;
L_0x5555783bb600 .concat [ 8 24 0 0], L_0x7fa9a4d54768, L_0x5555783bb1e0;
L_0x5555783bb800 .arith/sum 32, L_0x5555783bb280, L_0x5555783bb600;
L_0x5555783bb9b0 .concat [ 24 8 0 0], L_0x5555783bb0a0, L_0x7fa9a4d547b0;
L_0x5555783bbbc0 .part L_0x5555783bb9b0, 0, 24;
L_0x5555783bbcb0 .concat [ 8 24 0 0], L_0x7fa9a4d547f8, L_0x5555783bbbc0;
L_0x5555783bbed0 .arith/sum 32, L_0x5555783bb800, L_0x5555783bbcb0;
L_0x5555783bc010 .concat [ 16 16 0 0], L_0x5555783ba700, L_0x7fa9a4d54840;
L_0x5555783bc240 .part L_0x5555783bc010, 0, 16;
L_0x5555783bc330 .concat [ 16 16 0 0], L_0x7fa9a4d54888, L_0x5555783bc240;
L_0x5555783bc570 .arith/sum 32, L_0x5555783bbed0, L_0x5555783bc330;
L_0x5555783bc8b0 .part L_0x5555783bcf20, 16, 1;
L_0x5555783bca60 .part L_0x5555783bcf20, 0, 16;
L_0x5555783bcb00 .concat [ 16 1 0 0], L_0x5555783bc7d0, L_0x7fa9a4d548d0;
L_0x5555783bcd10 .concat [ 16 1 0 0], L_0x5555783bc760, L_0x7fa9a4d54918;
L_0x5555783bce50 .repeat 16, 16, o0x7fa9a4da6948;
L_0x5555783bd050 .concat [ 16 1 0 0], L_0x5555783bce50, L_0x7fa9a4d54960;
L_0x5555783bd2d0 .arith/sum 17, L_0x5555783bcb00, L_0x5555783bd1c0;
L_0x5555783bcf20 .arith/sum 17, L_0x5555783bd2d0, L_0x7fa9a4d54c78;
L_0x5555783bd6e0 .repeat 16, 16, o0x7fa9a4da6948;
L_0x5555783bd970 .functor MUXZ 16, L_0x5555783bc840, L_0x5555783b95e0, o0x7fa9a4da6df8, C4<>;
L_0x5555783bdcc0 .part L_0x5555783bc7d0, 15, 1;
L_0x5555783be040 .part L_0x5555783bee50, 16, 1;
L_0x5555783be140 .part L_0x5555783bee50, 0, 16;
L_0x5555783be380 .concat [ 16 1 0 0], L_0x5555783bdfd0, L_0x7fa9a4d549f0;
L_0x5555783be4f0 .concat [ 16 1 0 0], L_0x5555783bdec0, L_0x7fa9a4d54a38;
L_0x5555783be7b0 .repeat 16, 16, o0x7fa9a4da6918;
L_0x5555783be880 .concat [ 16 1 0 0], L_0x5555783be7b0, L_0x7fa9a4d54a80;
L_0x5555783bdf30 .arith/sum 17, L_0x5555783be380, L_0x5555783beb80;
L_0x5555783bee50 .arith/sum 17, L_0x5555783bdf30, L_0x7fa9a4d54cc0;
L_0x5555783bf0e0 .repeat 16, 16, o0x7fa9a4da6918;
L_0x5555783bf270 .functor MUXZ 16, L_0x5555783bed40, L_0x5555783b9850, o0x7fa9a4da6dc8, C4<>;
L_0x5555783bf7a0 .concat [ 16 16 0 0], L_0x5555783bf6e0, L_0x5555783bdc00;
S_0x5555782efd60 .scope module, "SB_PLL40_2F_CORE" "SB_PLL40_2F_CORE" 5 2521;
 .timescale -12 -12;
    .port_info 0 /INPUT 1 "REFERENCECLK";
    .port_info 1 /OUTPUT 1 "PLLOUTCOREA";
    .port_info 2 /OUTPUT 1 "PLLOUTGLOBALA";
    .port_info 3 /OUTPUT 1 "PLLOUTCOREB";
    .port_info 4 /OUTPUT 1 "PLLOUTGLOBALB";
    .port_info 5 /INPUT 1 "EXTFEEDBACK";
    .port_info 6 /INPUT 8 "DYNAMICDELAY";
    .port_info 7 /OUTPUT 1 "LOCK";
    .port_info 8 /INPUT 1 "BYPASS";
    .port_info 9 /INPUT 1 "RESETB";
    .port_info 10 /INPUT 1 "LATCHINPUTVALUE";
    .port_info 11 /OUTPUT 1 "SDO";
    .port_info 12 /INPUT 1 "SDI";
    .port_info 13 /INPUT 1 "SCLK";
P_0x555578184600 .param/str "DELAY_ADJUSTMENT_MODE_FEEDBACK" 0 5 2538, "FIXED";
P_0x555578184640 .param/str "DELAY_ADJUSTMENT_MODE_RELATIVE" 0 5 2539, "FIXED";
P_0x555578184680 .param/l "DIVF" 0 5 2546, C4<0000000>;
P_0x5555781846c0 .param/l "DIVQ" 0 5 2547, C4<000>;
P_0x555578184700 .param/l "DIVR" 0 5 2545, C4<0000>;
P_0x555578184740 .param/l "ENABLE_ICEGATE_PORTA" 0 5 2549, C4<0>;
P_0x555578184780 .param/l "ENABLE_ICEGATE_PORTB" 0 5 2550, C4<0>;
P_0x5555781847c0 .param/l "EXTERNAL_DIVIDE_FACTOR" 0 5 2552, +C4<00000000000000000000000000000001>;
P_0x555578184800 .param/l "FDA_FEEDBACK" 0 5 2541, C4<0000>;
P_0x555578184840 .param/l "FDA_RELATIVE" 0 5 2542, C4<0000>;
P_0x555578184880 .param/str "FEEDBACK_PATH" 0 5 2537, "SIMPLE";
P_0x5555781848c0 .param/l "FILTER_RANGE" 0 5 2548, C4<000>;
P_0x555578184900 .param/str "PLLOUT_SELECT_PORTA" 0 5 2543, "GENCLK";
P_0x555578184940 .param/str "PLLOUT_SELECT_PORTB" 0 5 2544, "GENCLK";
P_0x555578184980 .param/l "SHIFTREG_DIV_MODE" 0 5 2540, C4<0>;
P_0x5555781849c0 .param/l "TEST_MODE" 0 5 2551, C4<0>;
o0x7fa9a4da8718 .functor BUFZ 1, c4<z>; HiZ drive
v0x5555783873d0_0 .net "BYPASS", 0 0, o0x7fa9a4da8718;  0 drivers
o0x7fa9a4da8748 .functor BUFZ 8, c4<zzzzzzzz>; HiZ drive
v0x5555783874b0_0 .net "DYNAMICDELAY", 7 0, o0x7fa9a4da8748;  0 drivers
o0x7fa9a4da8778 .functor BUFZ 1, c4<z>; HiZ drive
v0x555578387590_0 .net "EXTFEEDBACK", 0 0, o0x7fa9a4da8778;  0 drivers
o0x7fa9a4da87a8 .functor BUFZ 1, c4<z>; HiZ drive
v0x555578387630_0 .net "LATCHINPUTVALUE", 0 0, o0x7fa9a4da87a8;  0 drivers
o0x7fa9a4da87d8 .functor BUFZ 1, c4<z>; HiZ drive
v0x5555783876f0_0 .net "LOCK", 0 0, o0x7fa9a4da87d8;  0 drivers
o0x7fa9a4da8808 .functor BUFZ 1, c4<z>; HiZ drive
v0x5555783877b0_0 .net "PLLOUTCOREA", 0 0, o0x7fa9a4da8808;  0 drivers
o0x7fa9a4da8838 .functor BUFZ 1, c4<z>; HiZ drive
v0x555578387870_0 .net "PLLOUTCOREB", 0 0, o0x7fa9a4da8838;  0 drivers
o0x7fa9a4da8868 .functor BUFZ 1, c4<z>; HiZ drive
v0x555578387930_0 .net "PLLOUTGLOBALA", 0 0, o0x7fa9a4da8868;  0 drivers
o0x7fa9a4da8898 .functor BUFZ 1, c4<z>; HiZ drive
v0x5555783879f0_0 .net "PLLOUTGLOBALB", 0 0, o0x7fa9a4da8898;  0 drivers
o0x7fa9a4da88c8 .functor BUFZ 1, c4<z>; HiZ drive
v0x555578387ab0_0 .net "REFERENCECLK", 0 0, o0x7fa9a4da88c8;  0 drivers
o0x7fa9a4da88f8 .functor BUFZ 1, c4<z>; HiZ drive
v0x555578387b70_0 .net "RESETB", 0 0, o0x7fa9a4da88f8;  0 drivers
o0x7fa9a4da8928 .functor BUFZ 1, c4<z>; HiZ drive
v0x555578387c30_0 .net "SCLK", 0 0, o0x7fa9a4da8928;  0 drivers
o0x7fa9a4da8958 .functor BUFZ 1, c4<z>; HiZ drive
v0x555578387cf0_0 .net "SDI", 0 0, o0x7fa9a4da8958;  0 drivers
o0x7fa9a4da8988 .functor BUFZ 1, c4<z>; HiZ drive
v0x555578387db0_0 .net "SDO", 0 0, o0x7fa9a4da8988;  0 drivers
S_0x5555782ebc70 .scope module, "SB_PLL40_2F_PAD" "SB_PLL40_2F_PAD" 5 2556;
 .timescale -12 -12;
    .port_info 0 /INPUT 1 "PACKAGEPIN";
    .port_info 1 /OUTPUT 1 "PLLOUTCOREA";
    .port_info 2 /OUTPUT 1 "PLLOUTGLOBALA";
    .port_info 3 /OUTPUT 1 "PLLOUTCOREB";
    .port_info 4 /OUTPUT 1 "PLLOUTGLOBALB";
    .port_info 5 /INPUT 1 "EXTFEEDBACK";
    .port_info 6 /INPUT 8 "DYNAMICDELAY";
    .port_info 7 /OUTPUT 1 "LOCK";
    .port_info 8 /INPUT 1 "BYPASS";
    .port_info 9 /INPUT 1 "RESETB";
    .port_info 10 /INPUT 1 "LATCHINPUTVALUE";
    .port_info 11 /OUTPUT 1 "SDO";
    .port_info 12 /INPUT 1 "SDI";
    .port_info 13 /INPUT 1 "SCLK";
P_0x555578223870 .param/str "DELAY_ADJUSTMENT_MODE_FEEDBACK" 0 5 2573, "FIXED";
P_0x5555782238b0 .param/str "DELAY_ADJUSTMENT_MODE_RELATIVE" 0 5 2574, "FIXED";
P_0x5555782238f0 .param/l "DIVF" 0 5 2581, C4<0000000>;
P_0x555578223930 .param/l "DIVQ" 0 5 2582, C4<000>;
P_0x555578223970 .param/l "DIVR" 0 5 2580, C4<0000>;
P_0x5555782239b0 .param/l "ENABLE_ICEGATE_PORTA" 0 5 2584, C4<0>;
P_0x5555782239f0 .param/l "ENABLE_ICEGATE_PORTB" 0 5 2585, C4<0>;
P_0x555578223a30 .param/l "EXTERNAL_DIVIDE_FACTOR" 0 5 2587, +C4<00000000000000000000000000000001>;
P_0x555578223a70 .param/l "FDA_FEEDBACK" 0 5 2576, C4<0000>;
P_0x555578223ab0 .param/l "FDA_RELATIVE" 0 5 2577, C4<0000>;
P_0x555578223af0 .param/str "FEEDBACK_PATH" 0 5 2572, "SIMPLE";
P_0x555578223b30 .param/l "FILTER_RANGE" 0 5 2583, C4<000>;
P_0x555578223b70 .param/str "PLLOUT_SELECT_PORTA" 0 5 2578, "GENCLK";
P_0x555578223bb0 .param/str "PLLOUT_SELECT_PORTB" 0 5 2579, "GENCLK";
P_0x555578223bf0 .param/l "SHIFTREG_DIV_MODE" 0 5 2575, C4<00>;
P_0x555578223c30 .param/l "TEST_MODE" 0 5 2586, C4<0>;
o0x7fa9a4da8c58 .functor BUFZ 1, c4<z>; HiZ drive
v0x5555783880b0_0 .net "BYPASS", 0 0, o0x7fa9a4da8c58;  0 drivers
o0x7fa9a4da8c88 .functor BUFZ 8, c4<zzzzzzzz>; HiZ drive
v0x555578388190_0 .net "DYNAMICDELAY", 7 0, o0x7fa9a4da8c88;  0 drivers
o0x7fa9a4da8cb8 .functor BUFZ 1, c4<z>; HiZ drive
v0x555578388270_0 .net "EXTFEEDBACK", 0 0, o0x7fa9a4da8cb8;  0 drivers
o0x7fa9a4da8ce8 .functor BUFZ 1, c4<z>; HiZ drive
v0x555578388310_0 .net "LATCHINPUTVALUE", 0 0, o0x7fa9a4da8ce8;  0 drivers
o0x7fa9a4da8d18 .functor BUFZ 1, c4<z>; HiZ drive
v0x5555783883d0_0 .net "LOCK", 0 0, o0x7fa9a4da8d18;  0 drivers
o0x7fa9a4da8d48 .functor BUFZ 1, c4<z>; HiZ drive
v0x555578388490_0 .net "PACKAGEPIN", 0 0, o0x7fa9a4da8d48;  0 drivers
o0x7fa9a4da8d78 .functor BUFZ 1, c4<z>; HiZ drive
v0x555578388550_0 .net "PLLOUTCOREA", 0 0, o0x7fa9a4da8d78;  0 drivers
o0x7fa9a4da8da8 .functor BUFZ 1, c4<z>; HiZ drive
v0x555578388610_0 .net "PLLOUTCOREB", 0 0, o0x7fa9a4da8da8;  0 drivers
o0x7fa9a4da8dd8 .functor BUFZ 1, c4<z>; HiZ drive
v0x5555783886d0_0 .net "PLLOUTGLOBALA", 0 0, o0x7fa9a4da8dd8;  0 drivers
o0x7fa9a4da8e08 .functor BUFZ 1, c4<z>; HiZ drive
v0x555578388820_0 .net "PLLOUTGLOBALB", 0 0, o0x7fa9a4da8e08;  0 drivers
o0x7fa9a4da8e38 .functor BUFZ 1, c4<z>; HiZ drive
v0x5555783888e0_0 .net "RESETB", 0 0, o0x7fa9a4da8e38;  0 drivers
o0x7fa9a4da8e68 .functor BUFZ 1, c4<z>; HiZ drive
v0x5555783889a0_0 .net "SCLK", 0 0, o0x7fa9a4da8e68;  0 drivers
o0x7fa9a4da8e98 .functor BUFZ 1, c4<z>; HiZ drive
v0x555578388a60_0 .net "SDI", 0 0, o0x7fa9a4da8e98;  0 drivers
o0x7fa9a4da8ec8 .functor BUFZ 1, c4<z>; HiZ drive
v0x555578388b20_0 .net "SDO", 0 0, o0x7fa9a4da8ec8;  0 drivers
S_0x5555782cabe0 .scope module, "SB_PLL40_2_PAD" "SB_PLL40_2_PAD" 5 2487;
 .timescale -12 -12;
    .port_info 0 /INPUT 1 "PACKAGEPIN";
    .port_info 1 /OUTPUT 1 "PLLOUTCOREA";
    .port_info 2 /OUTPUT 1 "PLLOUTGLOBALA";
    .port_info 3 /OUTPUT 1 "PLLOUTCOREB";
    .port_info 4 /OUTPUT 1 "PLLOUTGLOBALB";
    .port_info 5 /INPUT 1 "EXTFEEDBACK";
    .port_info 6 /INPUT 8 "DYNAMICDELAY";
    .port_info 7 /OUTPUT 1 "LOCK";
    .port_info 8 /INPUT 1 "BYPASS";
    .port_info 9 /INPUT 1 "RESETB";
    .port_info 10 /INPUT 1 "LATCHINPUTVALUE";
    .port_info 11 /OUTPUT 1 "SDO";
    .port_info 12 /INPUT 1 "SDI";
    .port_info 13 /INPUT 1 "SCLK";
P_0x55557821cef0 .param/str "DELAY_ADJUSTMENT_MODE_FEEDBACK" 0 5 2504, "FIXED";
P_0x55557821cf30 .param/str "DELAY_ADJUSTMENT_MODE_RELATIVE" 0 5 2505, "FIXED";
P_0x55557821cf70 .param/l "DIVF" 0 5 2511, C4<0000000>;
P_0x55557821cfb0 .param/l "DIVQ" 0 5 2512, C4<000>;
P_0x55557821cff0 .param/l "DIVR" 0 5 2510, C4<0000>;
P_0x55557821d030 .param/l "ENABLE_ICEGATE_PORTA" 0 5 2514, C4<0>;
P_0x55557821d070 .param/l "ENABLE_ICEGATE_PORTB" 0 5 2515, C4<0>;
P_0x55557821d0b0 .param/l "EXTERNAL_DIVIDE_FACTOR" 0 5 2517, +C4<00000000000000000000000000000001>;
P_0x55557821d0f0 .param/l "FDA_FEEDBACK" 0 5 2507, C4<0000>;
P_0x55557821d130 .param/l "FDA_RELATIVE" 0 5 2508, C4<0000>;
P_0x55557821d170 .param/str "FEEDBACK_PATH" 0 5 2503, "SIMPLE";
P_0x55557821d1b0 .param/l "FILTER_RANGE" 0 5 2513, C4<000>;
P_0x55557821d1f0 .param/str "PLLOUT_SELECT_PORTB" 0 5 2509, "GENCLK";
P_0x55557821d230 .param/l "SHIFTREG_DIV_MODE" 0 5 2506, C4<0>;
P_0x55557821d270 .param/l "TEST_MODE" 0 5 2516, C4<0>;
o0x7fa9a4da9198 .functor BUFZ 1, c4<z>; HiZ drive
v0x555578388da0_0 .net "BYPASS", 0 0, o0x7fa9a4da9198;  0 drivers
o0x7fa9a4da91c8 .functor BUFZ 8, c4<zzzzzzzz>; HiZ drive
v0x555578388e80_0 .net "DYNAMICDELAY", 7 0, o0x7fa9a4da91c8;  0 drivers
o0x7fa9a4da91f8 .functor BUFZ 1, c4<z>; HiZ drive
v0x555578388f60_0 .net "EXTFEEDBACK", 0 0, o0x7fa9a4da91f8;  0 drivers
o0x7fa9a4da9228 .functor BUFZ 1, c4<z>; HiZ drive
v0x555578389000_0 .net "LATCHINPUTVALUE", 0 0, o0x7fa9a4da9228;  0 drivers
o0x7fa9a4da9258 .functor BUFZ 1, c4<z>; HiZ drive
v0x5555783890c0_0 .net "LOCK", 0 0, o0x7fa9a4da9258;  0 drivers
o0x7fa9a4da9288 .functor BUFZ 1, c4<z>; HiZ drive
v0x555578389180_0 .net "PACKAGEPIN", 0 0, o0x7fa9a4da9288;  0 drivers
o0x7fa9a4da92b8 .functor BUFZ 1, c4<z>; HiZ drive
v0x555578389240_0 .net "PLLOUTCOREA", 0 0, o0x7fa9a4da92b8;  0 drivers
o0x7fa9a4da92e8 .functor BUFZ 1, c4<z>; HiZ drive
v0x555578389300_0 .net "PLLOUTCOREB", 0 0, o0x7fa9a4da92e8;  0 drivers
o0x7fa9a4da9318 .functor BUFZ 1, c4<z>; HiZ drive
v0x5555783893c0_0 .net "PLLOUTGLOBALA", 0 0, o0x7fa9a4da9318;  0 drivers
o0x7fa9a4da9348 .functor BUFZ 1, c4<z>; HiZ drive
v0x555578389510_0 .net "PLLOUTGLOBALB", 0 0, o0x7fa9a4da9348;  0 drivers
o0x7fa9a4da9378 .functor BUFZ 1, c4<z>; HiZ drive
v0x5555783895d0_0 .net "RESETB", 0 0, o0x7fa9a4da9378;  0 drivers
o0x7fa9a4da93a8 .functor BUFZ 1, c4<z>; HiZ drive
v0x555578389690_0 .net "SCLK", 0 0, o0x7fa9a4da93a8;  0 drivers
o0x7fa9a4da93d8 .functor BUFZ 1, c4<z>; HiZ drive
v0x555578389750_0 .net "SDI", 0 0, o0x7fa9a4da93d8;  0 drivers
o0x7fa9a4da9408 .functor BUFZ 1, c4<z>; HiZ drive
v0x555578389810_0 .net "SDO", 0 0, o0x7fa9a4da9408;  0 drivers
S_0x5555782ca110 .scope module, "SB_PLL40_CORE" "SB_PLL40_CORE" 5 2425;
 .timescale -12 -12;
    .port_info 0 /INPUT 1 "REFERENCECLK";
    .port_info 1 /OUTPUT 1 "PLLOUTCORE";
    .port_info 2 /OUTPUT 1 "PLLOUTGLOBAL";
    .port_info 3 /INPUT 1 "EXTFEEDBACK";
    .port_info 4 /INPUT 8 "DYNAMICDELAY";
    .port_info 5 /OUTPUT 1 "LOCK";
    .port_info 6 /INPUT 1 "BYPASS";
    .port_info 7 /INPUT 1 "RESETB";
    .port_info 8 /INPUT 1 "LATCHINPUTVALUE";
    .port_info 9 /OUTPUT 1 "SDO";
    .port_info 10 /INPUT 1 "SDI";
    .port_info 11 /INPUT 1 "SCLK";
P_0x55557821dda0 .param/str "DELAY_ADJUSTMENT_MODE_FEEDBACK" 0 5 2440, "FIXED";
P_0x55557821dde0 .param/str "DELAY_ADJUSTMENT_MODE_RELATIVE" 0 5 2441, "FIXED";
P_0x55557821de20 .param/l "DIVF" 0 5 2447, C4<0000000>;
P_0x55557821de60 .param/l "DIVQ" 0 5 2448, C4<000>;
P_0x55557821dea0 .param/l "DIVR" 0 5 2446, C4<0000>;
P_0x55557821dee0 .param/l "ENABLE_ICEGATE" 0 5 2450, C4<0>;
P_0x55557821df20 .param/l "EXTERNAL_DIVIDE_FACTOR" 0 5 2452, +C4<00000000000000000000000000000001>;
P_0x55557821df60 .param/l "FDA_FEEDBACK" 0 5 2443, C4<0000>;
P_0x55557821dfa0 .param/l "FDA_RELATIVE" 0 5 2444, C4<0000>;
P_0x55557821dfe0 .param/str "FEEDBACK_PATH" 0 5 2439, "SIMPLE";
P_0x55557821e020 .param/l "FILTER_RANGE" 0 5 2449, C4<000>;
P_0x55557821e060 .param/str "PLLOUT_SELECT" 0 5 2445, "GENCLK";
P_0x55557821e0a0 .param/l "SHIFTREG_DIV_MODE" 0 5 2442, C4<0>;
P_0x55557821e0e0 .param/l "TEST_MODE" 0 5 2451, C4<0>;
o0x7fa9a4da96d8 .functor BUFZ 1, c4<z>; HiZ drive
v0x555578389a90_0 .net "BYPASS", 0 0, o0x7fa9a4da96d8;  0 drivers
o0x7fa9a4da9708 .functor BUFZ 8, c4<zzzzzzzz>; HiZ drive
v0x555578389b70_0 .net "DYNAMICDELAY", 7 0, o0x7fa9a4da9708;  0 drivers
o0x7fa9a4da9738 .functor BUFZ 1, c4<z>; HiZ drive
v0x555578389c50_0 .net "EXTFEEDBACK", 0 0, o0x7fa9a4da9738;  0 drivers
o0x7fa9a4da9768 .functor BUFZ 1, c4<z>; HiZ drive
v0x555578389cf0_0 .net "LATCHINPUTVALUE", 0 0, o0x7fa9a4da9768;  0 drivers
o0x7fa9a4da9798 .functor BUFZ 1, c4<z>; HiZ drive
v0x555578389db0_0 .net "LOCK", 0 0, o0x7fa9a4da9798;  0 drivers
o0x7fa9a4da97c8 .functor BUFZ 1, c4<z>; HiZ drive
v0x555578389e70_0 .net "PLLOUTCORE", 0 0, o0x7fa9a4da97c8;  0 drivers
o0x7fa9a4da97f8 .functor BUFZ 1, c4<z>; HiZ drive
v0x555578389f30_0 .net "PLLOUTGLOBAL", 0 0, o0x7fa9a4da97f8;  0 drivers
o0x7fa9a4da9828 .functor BUFZ 1, c4<z>; HiZ drive
v0x555578389ff0_0 .net "REFERENCECLK", 0 0, o0x7fa9a4da9828;  0 drivers
o0x7fa9a4da9858 .functor BUFZ 1, c4<z>; HiZ drive
v0x55557838a0b0_0 .net "RESETB", 0 0, o0x7fa9a4da9858;  0 drivers
o0x7fa9a4da9888 .functor BUFZ 1, c4<z>; HiZ drive
v0x55557838a200_0 .net "SCLK", 0 0, o0x7fa9a4da9888;  0 drivers
o0x7fa9a4da98b8 .functor BUFZ 1, c4<z>; HiZ drive
v0x55557838a2c0_0 .net "SDI", 0 0, o0x7fa9a4da98b8;  0 drivers
o0x7fa9a4da98e8 .functor BUFZ 1, c4<z>; HiZ drive
v0x55557838a380_0 .net "SDO", 0 0, o0x7fa9a4da98e8;  0 drivers
S_0x5555782c8750 .scope module, "SB_PLL40_PAD" "SB_PLL40_PAD" 5 2456;
 .timescale -12 -12;
    .port_info 0 /INPUT 1 "PACKAGEPIN";
    .port_info 1 /OUTPUT 1 "PLLOUTCORE";
    .port_info 2 /OUTPUT 1 "PLLOUTGLOBAL";
    .port_info 3 /INPUT 1 "EXTFEEDBACK";
    .port_info 4 /INPUT 8 "DYNAMICDELAY";
    .port_info 5 /OUTPUT 1 "LOCK";
    .port_info 6 /INPUT 1 "BYPASS";
    .port_info 7 /INPUT 1 "RESETB";
    .port_info 8 /INPUT 1 "LATCHINPUTVALUE";
    .port_info 9 /OUTPUT 1 "SDO";
    .port_info 10 /INPUT 1 "SDI";
    .port_info 11 /INPUT 1 "SCLK";
P_0x555578220490 .param/str "DELAY_ADJUSTMENT_MODE_FEEDBACK" 0 5 2471, "FIXED";
P_0x5555782204d0 .param/str "DELAY_ADJUSTMENT_MODE_RELATIVE" 0 5 2472, "FIXED";
P_0x555578220510 .param/l "DIVF" 0 5 2478, C4<0000000>;
P_0x555578220550 .param/l "DIVQ" 0 5 2479, C4<000>;
P_0x555578220590 .param/l "DIVR" 0 5 2477, C4<0000>;
P_0x5555782205d0 .param/l "ENABLE_ICEGATE" 0 5 2481, C4<0>;
P_0x555578220610 .param/l "EXTERNAL_DIVIDE_FACTOR" 0 5 2483, +C4<00000000000000000000000000000001>;
P_0x555578220650 .param/l "FDA_FEEDBACK" 0 5 2474, C4<0000>;
P_0x555578220690 .param/l "FDA_RELATIVE" 0 5 2475, C4<0000>;
P_0x5555782206d0 .param/str "FEEDBACK_PATH" 0 5 2470, "SIMPLE";
P_0x555578220710 .param/l "FILTER_RANGE" 0 5 2480, C4<000>;
P_0x555578220750 .param/str "PLLOUT_SELECT" 0 5 2476, "GENCLK";
P_0x555578220790 .param/l "SHIFTREG_DIV_MODE" 0 5 2473, C4<0>;
P_0x5555782207d0 .param/l "TEST_MODE" 0 5 2482, C4<0>;
o0x7fa9a4da9b58 .functor BUFZ 1, c4<z>; HiZ drive
v0x55557838a5c0_0 .net "BYPASS", 0 0, o0x7fa9a4da9b58;  0 drivers
o0x7fa9a4da9b88 .functor BUFZ 8, c4<zzzzzzzz>; HiZ drive
v0x55557838a6a0_0 .net "DYNAMICDELAY", 7 0, o0x7fa9a4da9b88;  0 drivers
o0x7fa9a4da9bb8 .functor BUFZ 1, c4<z>; HiZ drive
v0x55557838a780_0 .net "EXTFEEDBACK", 0 0, o0x7fa9a4da9bb8;  0 drivers
o0x7fa9a4da9be8 .functor BUFZ 1, c4<z>; HiZ drive
v0x55557838a820_0 .net "LATCHINPUTVALUE", 0 0, o0x7fa9a4da9be8;  0 drivers
o0x7fa9a4da9c18 .functor BUFZ 1, c4<z>; HiZ drive
v0x55557838a8e0_0 .net "LOCK", 0 0, o0x7fa9a4da9c18;  0 drivers
o0x7fa9a4da9c48 .functor BUFZ 1, c4<z>; HiZ drive
v0x55557838a9a0_0 .net "PACKAGEPIN", 0 0, o0x7fa9a4da9c48;  0 drivers
o0x7fa9a4da9c78 .functor BUFZ 1, c4<z>; HiZ drive
v0x55557838aa60_0 .net "PLLOUTCORE", 0 0, o0x7fa9a4da9c78;  0 drivers
o0x7fa9a4da9ca8 .functor BUFZ 1, c4<z>; HiZ drive
v0x55557838ab20_0 .net "PLLOUTGLOBAL", 0 0, o0x7fa9a4da9ca8;  0 drivers
o0x7fa9a4da9cd8 .functor BUFZ 1, c4<z>; HiZ drive
v0x55557838abe0_0 .net "RESETB", 0 0, o0x7fa9a4da9cd8;  0 drivers
o0x7fa9a4da9d08 .functor BUFZ 1, c4<z>; HiZ drive
v0x55557838ad30_0 .net "SCLK", 0 0, o0x7fa9a4da9d08;  0 drivers
o0x7fa9a4da9d38 .functor BUFZ 1, c4<z>; HiZ drive
v0x55557838adf0_0 .net "SDI", 0 0, o0x7fa9a4da9d38;  0 drivers
o0x7fa9a4da9d68 .functor BUFZ 1, c4<z>; HiZ drive
v0x55557838aeb0_0 .net "SDO", 0 0, o0x7fa9a4da9d68;  0 drivers
S_0x5555782c65d0 .scope module, "SB_RAM40_4KNR" "SB_RAM40_4KNR" 5 1726;
 .timescale -12 -12;
    .port_info 0 /OUTPUT 16 "RDATA";
    .port_info 1 /INPUT 1 "RCLKN";
    .port_info 2 /INPUT 1 "RCLKE";
    .port_info 3 /INPUT 1 "RE";
    .port_info 4 /INPUT 11 "RADDR";
    .port_info 5 /INPUT 1 "WCLK";
    .port_info 6 /INPUT 1 "WCLKE";
    .port_info 7 /INPUT 1 "WE";
    .port_info 8 /INPUT 11 "WADDR";
    .port_info 9 /INPUT 16 "MASK";
    .port_info 10 /INPUT 16 "WDATA";
P_0x555578221460 .param/l "INIT_0" 0 5 1742, C4<0000000000000000000000000000000000000000000000000000000000000000000000000000000000000000000000000000000000000000000000000000000000000000000000000000000000000000000000000000000000000000000000000000000000000000000000000000000000000000000000000000000000000000>;
P_0x5555782214a0 .param/l "INIT_1" 0 5 1743, C4<0000000000000000000000000000000000000000000000000000000000000000000000000000000000000000000000000000000000000000000000000000000000000000000000000000000000000000000000000000000000000000000000000000000000000000000000000000000000000000000000000000000000000000>;
P_0x5555782214e0 .param/l "INIT_2" 0 5 1744, C4<0000000000000000000000000000000000000000000000000000000000000000000000000000000000000000000000000000000000000000000000000000000000000000000000000000000000000000000000000000000000000000000000000000000000000000000000000000000000000000000000000000000000000000>;
P_0x555578221520 .param/l "INIT_3" 0 5 1745, C4<0000000000000000000000000000000000000000000000000000000000000000000000000000000000000000000000000000000000000000000000000000000000000000000000000000000000000000000000000000000000000000000000000000000000000000000000000000000000000000000000000000000000000000>;
P_0x555578221560 .param/l "INIT_4" 0 5 1746, C4<0000000000000000000000000000000000000000000000000000000000000000000000000000000000000000000000000000000000000000000000000000000000000000000000000000000000000000000000000000000000000000000000000000000000000000000000000000000000000000000000000000000000000000>;
P_0x5555782215a0 .param/l "INIT_5" 0 5 1747, C4<0000000000000000000000000000000000000000000000000000000000000000000000000000000000000000000000000000000000000000000000000000000000000000000000000000000000000000000000000000000000000000000000000000000000000000000000000000000000000000000000000000000000000000>;
P_0x5555782215e0 .param/l "INIT_6" 0 5 1748, C4<0000000000000000000000000000000000000000000000000000000000000000000000000000000000000000000000000000000000000000000000000000000000000000000000000000000000000000000000000000000000000000000000000000000000000000000000000000000000000000000000000000000000000000>;
P_0x555578221620 .param/l "INIT_7" 0 5 1749, C4<0000000000000000000000000000000000000000000000000000000000000000000000000000000000000000000000000000000000000000000000000000000000000000000000000000000000000000000000000000000000000000000000000000000000000000000000000000000000000000000000000000000000000000>;
P_0x555578221660 .param/l "INIT_8" 0 5 1750, C4<0000000000000000000000000000000000000000000000000000000000000000000000000000000000000000000000000000000000000000000000000000000000000000000000000000000000000000000000000000000000000000000000000000000000000000000000000000000000000000000000000000000000000000>;
P_0x5555782216a0 .param/l "INIT_9" 0 5 1751, C4<0000000000000000000000000000000000000000000000000000000000000000000000000000000000000000000000000000000000000000000000000000000000000000000000000000000000000000000000000000000000000000000000000000000000000000000000000000000000000000000000000000000000000000>;
P_0x5555782216e0 .param/l "INIT_A" 0 5 1752, C4<0000000000000000000000000000000000000000000000000000000000000000000000000000000000000000000000000000000000000000000000000000000000000000000000000000000000000000000000000000000000000000000000000000000000000000000000000000000000000000000000000000000000000000>;
P_0x555578221720 .param/l "INIT_B" 0 5 1753, C4<0000000000000000000000000000000000000000000000000000000000000000000000000000000000000000000000000000000000000000000000000000000000000000000000000000000000000000000000000000000000000000000000000000000000000000000000000000000000000000000000000000000000000000>;
P_0x555578221760 .param/l "INIT_C" 0 5 1754, C4<0000000000000000000000000000000000000000000000000000000000000000000000000000000000000000000000000000000000000000000000000000000000000000000000000000000000000000000000000000000000000000000000000000000000000000000000000000000000000000000000000000000000000000>;
P_0x5555782217a0 .param/l "INIT_D" 0 5 1755, C4<0000000000000000000000000000000000000000000000000000000000000000000000000000000000000000000000000000000000000000000000000000000000000000000000000000000000000000000000000000000000000000000000000000000000000000000000000000000000000000000000000000000000000000>;
P_0x5555782217e0 .param/l "INIT_E" 0 5 1756, C4<0000000000000000000000000000000000000000000000000000000000000000000000000000000000000000000000000000000000000000000000000000000000000000000000000000000000000000000000000000000000000000000000000000000000000000000000000000000000000000000000000000000000000000>;
P_0x555578221820 .param/l "INIT_F" 0 5 1757, C4<0000000000000000000000000000000000000000000000000000000000000000000000000000000000000000000000000000000000000000000000000000000000000000000000000000000000000000000000000000000000000000000000000000000000000000000000000000000000000000000000000000000000000000>;
P_0x555578221860 .param/str "INIT_FILE" 0 5 1759, "\000";
P_0x5555782218a0 .param/l "READ_MODE" 0 5 1740, +C4<00000000000000000000000000000000>;
P_0x5555782218e0 .param/l "WRITE_MODE" 0 5 1739, +C4<00000000000000000000000000000000>;
o0x7fa9a4daa4e8 .functor BUFZ 1, c4<z>; HiZ drive
L_0x5555783bfb20 .functor NOT 1, o0x7fa9a4daa4e8, C4<0>, C4<0>, C4<0>;
o0x7fa9a4da9fd8 .functor BUFZ 16, c4<zzzzzzzzzzzzzzzz>; HiZ drive
v0x55557838e880_0 .net "MASK", 15 0, o0x7fa9a4da9fd8;  0 drivers
o0x7fa9a4daa008 .functor BUFZ 11, c4<zzzzzzzzzzz>; HiZ drive
v0x55557838e960_0 .net "RADDR", 10 0, o0x7fa9a4daa008;  0 drivers
o0x7fa9a4daa068 .functor BUFZ 1, c4<z>; HiZ drive
v0x55557838ea30_0 .net "RCLKE", 0 0, o0x7fa9a4daa068;  0 drivers
v0x55557838eb30_0 .net "RCLKN", 0 0, o0x7fa9a4daa4e8;  0 drivers
v0x55557838ebd0_0 .net "RDATA", 15 0, L_0x5555783bfa60;  1 drivers
o0x7fa9a4daa0f8 .functor BUFZ 1, c4<z>; HiZ drive
v0x55557838ec70_0 .net "RE", 0 0, o0x7fa9a4daa0f8;  0 drivers
o0x7fa9a4daa158 .functor BUFZ 11, c4<zzzzzzzzzzz>; HiZ drive
v0x55557838ed40_0 .net "WADDR", 10 0, o0x7fa9a4daa158;  0 drivers
o0x7fa9a4daa188 .functor BUFZ 1, c4<z>; HiZ drive
v0x55557838ee10_0 .net "WCLK", 0 0, o0x7fa9a4daa188;  0 drivers
o0x7fa9a4daa1b8 .functor BUFZ 1, c4<z>; HiZ drive
v0x55557838eee0_0 .net "WCLKE", 0 0, o0x7fa9a4daa1b8;  0 drivers
o0x7fa9a4daa1e8 .functor BUFZ 16, c4<zzzzzzzzzzzzzzzz>; HiZ drive
v0x55557838efb0_0 .net "WDATA", 15 0, o0x7fa9a4daa1e8;  0 drivers
o0x7fa9a4daa248 .functor BUFZ 1, c4<z>; HiZ drive
v0x55557838f080_0 .net "WE", 0 0, o0x7fa9a4daa248;  0 drivers
S_0x55557838b160 .scope module, "RAM" "SB_RAM40_4K" 5 1781, 5 1487 0, S_0x5555782c65d0;
 .timescale -12 -12;
    .port_info 0 /OUTPUT 16 "RDATA";
    .port_info 1 /INPUT 1 "RCLK";
    .port_info 2 /INPUT 1 "RCLKE";
    .port_info 3 /INPUT 1 "RE";
    .port_info 4 /INPUT 11 "RADDR";
    .port_info 5 /INPUT 1 "WCLK";
    .port_info 6 /INPUT 1 "WCLKE";
    .port_info 7 /INPUT 1 "WE";
    .port_info 8 /INPUT 11 "WADDR";
    .port_info 9 /INPUT 16 "MASK";
    .port_info 10 /INPUT 16 "WDATA";
P_0x55557838b310 .param/l "INIT_0" 0 5 1507, C4<0000000000000000000000000000000000000000000000000000000000000000000000000000000000000000000000000000000000000000000000000000000000000000000000000000000000000000000000000000000000000000000000000000000000000000000000000000000000000000000000000000000000000000>;
P_0x55557838b350 .param/l "INIT_1" 0 5 1508, C4<0000000000000000000000000000000000000000000000000000000000000000000000000000000000000000000000000000000000000000000000000000000000000000000000000000000000000000000000000000000000000000000000000000000000000000000000000000000000000000000000000000000000000000>;
P_0x55557838b390 .param/l "INIT_2" 0 5 1509, C4<0000000000000000000000000000000000000000000000000000000000000000000000000000000000000000000000000000000000000000000000000000000000000000000000000000000000000000000000000000000000000000000000000000000000000000000000000000000000000000000000000000000000000000>;
P_0x55557838b3d0 .param/l "INIT_3" 0 5 1510, C4<0000000000000000000000000000000000000000000000000000000000000000000000000000000000000000000000000000000000000000000000000000000000000000000000000000000000000000000000000000000000000000000000000000000000000000000000000000000000000000000000000000000000000000>;
P_0x55557838b410 .param/l "INIT_4" 0 5 1511, C4<0000000000000000000000000000000000000000000000000000000000000000000000000000000000000000000000000000000000000000000000000000000000000000000000000000000000000000000000000000000000000000000000000000000000000000000000000000000000000000000000000000000000000000>;
P_0x55557838b450 .param/l "INIT_5" 0 5 1512, C4<0000000000000000000000000000000000000000000000000000000000000000000000000000000000000000000000000000000000000000000000000000000000000000000000000000000000000000000000000000000000000000000000000000000000000000000000000000000000000000000000000000000000000000>;
P_0x55557838b490 .param/l "INIT_6" 0 5 1513, C4<0000000000000000000000000000000000000000000000000000000000000000000000000000000000000000000000000000000000000000000000000000000000000000000000000000000000000000000000000000000000000000000000000000000000000000000000000000000000000000000000000000000000000000>;
P_0x55557838b4d0 .param/l "INIT_7" 0 5 1514, C4<0000000000000000000000000000000000000000000000000000000000000000000000000000000000000000000000000000000000000000000000000000000000000000000000000000000000000000000000000000000000000000000000000000000000000000000000000000000000000000000000000000000000000000>;
P_0x55557838b510 .param/l "INIT_8" 0 5 1515, C4<0000000000000000000000000000000000000000000000000000000000000000000000000000000000000000000000000000000000000000000000000000000000000000000000000000000000000000000000000000000000000000000000000000000000000000000000000000000000000000000000000000000000000000>;
P_0x55557838b550 .param/l "INIT_9" 0 5 1516, C4<0000000000000000000000000000000000000000000000000000000000000000000000000000000000000000000000000000000000000000000000000000000000000000000000000000000000000000000000000000000000000000000000000000000000000000000000000000000000000000000000000000000000000000>;
P_0x55557838b590 .param/l "INIT_A" 0 5 1517, C4<0000000000000000000000000000000000000000000000000000000000000000000000000000000000000000000000000000000000000000000000000000000000000000000000000000000000000000000000000000000000000000000000000000000000000000000000000000000000000000000000000000000000000000>;
P_0x55557838b5d0 .param/l "INIT_B" 0 5 1518, C4<0000000000000000000000000000000000000000000000000000000000000000000000000000000000000000000000000000000000000000000000000000000000000000000000000000000000000000000000000000000000000000000000000000000000000000000000000000000000000000000000000000000000000000>;
P_0x55557838b610 .param/l "INIT_C" 0 5 1519, C4<0000000000000000000000000000000000000000000000000000000000000000000000000000000000000000000000000000000000000000000000000000000000000000000000000000000000000000000000000000000000000000000000000000000000000000000000000000000000000000000000000000000000000000>;
P_0x55557838b650 .param/l "INIT_D" 0 5 1520, C4<0000000000000000000000000000000000000000000000000000000000000000000000000000000000000000000000000000000000000000000000000000000000000000000000000000000000000000000000000000000000000000000000000000000000000000000000000000000000000000000000000000000000000000>;
P_0x55557838b690 .param/l "INIT_E" 0 5 1521, C4<0000000000000000000000000000000000000000000000000000000000000000000000000000000000000000000000000000000000000000000000000000000000000000000000000000000000000000000000000000000000000000000000000000000000000000000000000000000000000000000000000000000000000000>;
P_0x55557838b6d0 .param/l "INIT_F" 0 5 1522, C4<0000000000000000000000000000000000000000000000000000000000000000000000000000000000000000000000000000000000000000000000000000000000000000000000000000000000000000000000000000000000000000000000000000000000000000000000000000000000000000000000000000000000000000>;
P_0x55557838b710 .param/str "INIT_FILE" 0 5 1524, "\000";
P_0x55557838b750 .param/l "READ_MODE" 0 5 1505, +C4<00000000000000000000000000000000>;
P_0x55557838b790 .param/l "WRITE_MODE" 0 5 1504, +C4<00000000000000000000000000000000>;
v0x55557838d770_0 .net "MASK", 15 0, o0x7fa9a4da9fd8;  alias, 0 drivers
v0x55557838d830_0 .net "RADDR", 10 0, o0x7fa9a4daa008;  alias, 0 drivers
v0x55557838d910_0 .net "RCLK", 0 0, L_0x5555783bfb20;  1 drivers
v0x55557838d9e0_0 .net "RCLKE", 0 0, o0x7fa9a4daa068;  alias, 0 drivers
v0x55557838daa0_0 .net "RDATA", 15 0, L_0x5555783bfa60;  alias, 1 drivers
v0x55557838dbd0_0 .var "RDATA_I", 15 0;
v0x55557838dcb0_0 .net "RE", 0 0, o0x7fa9a4daa0f8;  alias, 0 drivers
L_0x7fa9a4d54b10 .functor BUFT 1, C4<0000000000000000>, C4<0>, C4<0>, C4<0>;
v0x55557838dd70_0 .net "RMASK_I", 15 0, L_0x7fa9a4d54b10;  1 drivers
v0x55557838de50_0 .net "WADDR", 10 0, o0x7fa9a4daa158;  alias, 0 drivers
v0x55557838df30_0 .net "WCLK", 0 0, o0x7fa9a4daa188;  alias, 0 drivers
v0x55557838dff0_0 .net "WCLKE", 0 0, o0x7fa9a4daa1b8;  alias, 0 drivers
v0x55557838e0b0_0 .net "WDATA", 15 0, o0x7fa9a4daa1e8;  alias, 0 drivers
v0x55557838e190_0 .net "WDATA_I", 15 0, L_0x5555783bf9a0;  1 drivers
v0x55557838e270_0 .net "WE", 0 0, o0x7fa9a4daa248;  alias, 0 drivers
v0x55557838e330_0 .net "WMASK_I", 15 0, L_0x5555783bf8e0;  1 drivers
v0x55557838e410_0 .var/i "i", 31 0;
v0x55557838e4f0 .array "memory", 255 0, 15 0;
E_0x55557838cea0 .event posedge, v0x55557838d910_0;
E_0x55557838cf20 .event posedge, v0x55557838df30_0;
S_0x55557838cf80 .scope generate, "genblk1" "genblk1" 5 1534, 5 1534 0, S_0x55557838b160;
 .timescale -12 -12;
L_0x5555783bf8e0 .functor BUFZ 16, o0x7fa9a4da9fd8, C4<0000000000000000>, C4<0000000000000000>, C4<0000000000000000>;
S_0x55557838d180 .scope generate, "genblk2" "genblk2" 5 1555, 5 1555 0, S_0x55557838b160;
 .timescale -12 -12;
S_0x55557838d380 .scope generate, "genblk3" "genblk3" 5 1576, 5 1576 0, S_0x55557838b160;
 .timescale -12 -12;
L_0x5555783bf9a0 .functor BUFZ 16, o0x7fa9a4daa1e8, C4<0000000000000000>, C4<0000000000000000>, C4<0000000000000000>;
S_0x55557838d590 .scope generate, "genblk4" "genblk4" 5 1595, 5 1595 0, S_0x55557838b160;
 .timescale -12 -12;
L_0x5555783bfa60 .functor BUFZ 16, v0x55557838dbd0_0, C4<0000000000000000>, C4<0000000000000000>, C4<0000000000000000>;
S_0x555578312070 .scope module, "SB_RAM40_4KNRNW" "SB_RAM40_4KNRNW" 5 1998;
 .timescale -12 -12;
    .port_info 0 /OUTPUT 16 "RDATA";
    .port_info 1 /INPUT 1 "RCLKN";
    .port_info 2 /INPUT 1 "RCLKE";
    .port_info 3 /INPUT 1 "RE";
    .port_info 4 /INPUT 11 "RADDR";
    .port_info 5 /INPUT 1 "WCLKN";
    .port_info 6 /INPUT 1 "WCLKE";
    .port_info 7 /INPUT 1 "WE";
    .port_info 8 /INPUT 11 "WADDR";
    .port_info 9 /INPUT 16 "MASK";
    .port_info 10 /INPUT 16 "WDATA";
P_0x5555781a2f50 .param/l "INIT_0" 0 5 2014, C4<0000000000000000000000000000000000000000000000000000000000000000000000000000000000000000000000000000000000000000000000000000000000000000000000000000000000000000000000000000000000000000000000000000000000000000000000000000000000000000000000000000000000000000>;
P_0x5555781a2f90 .param/l "INIT_1" 0 5 2015, C4<0000000000000000000000000000000000000000000000000000000000000000000000000000000000000000000000000000000000000000000000000000000000000000000000000000000000000000000000000000000000000000000000000000000000000000000000000000000000000000000000000000000000000000>;
P_0x5555781a2fd0 .param/l "INIT_2" 0 5 2016, C4<0000000000000000000000000000000000000000000000000000000000000000000000000000000000000000000000000000000000000000000000000000000000000000000000000000000000000000000000000000000000000000000000000000000000000000000000000000000000000000000000000000000000000000>;
P_0x5555781a3010 .param/l "INIT_3" 0 5 2017, C4<0000000000000000000000000000000000000000000000000000000000000000000000000000000000000000000000000000000000000000000000000000000000000000000000000000000000000000000000000000000000000000000000000000000000000000000000000000000000000000000000000000000000000000>;
P_0x5555781a3050 .param/l "INIT_4" 0 5 2018, C4<0000000000000000000000000000000000000000000000000000000000000000000000000000000000000000000000000000000000000000000000000000000000000000000000000000000000000000000000000000000000000000000000000000000000000000000000000000000000000000000000000000000000000000>;
P_0x5555781a3090 .param/l "INIT_5" 0 5 2019, C4<0000000000000000000000000000000000000000000000000000000000000000000000000000000000000000000000000000000000000000000000000000000000000000000000000000000000000000000000000000000000000000000000000000000000000000000000000000000000000000000000000000000000000000>;
P_0x5555781a30d0 .param/l "INIT_6" 0 5 2020, C4<0000000000000000000000000000000000000000000000000000000000000000000000000000000000000000000000000000000000000000000000000000000000000000000000000000000000000000000000000000000000000000000000000000000000000000000000000000000000000000000000000000000000000000>;
P_0x5555781a3110 .param/l "INIT_7" 0 5 2021, C4<0000000000000000000000000000000000000000000000000000000000000000000000000000000000000000000000000000000000000000000000000000000000000000000000000000000000000000000000000000000000000000000000000000000000000000000000000000000000000000000000000000000000000000>;
P_0x5555781a3150 .param/l "INIT_8" 0 5 2022, C4<0000000000000000000000000000000000000000000000000000000000000000000000000000000000000000000000000000000000000000000000000000000000000000000000000000000000000000000000000000000000000000000000000000000000000000000000000000000000000000000000000000000000000000>;
P_0x5555781a3190 .param/l "INIT_9" 0 5 2023, C4<0000000000000000000000000000000000000000000000000000000000000000000000000000000000000000000000000000000000000000000000000000000000000000000000000000000000000000000000000000000000000000000000000000000000000000000000000000000000000000000000000000000000000000>;
P_0x5555781a31d0 .param/l "INIT_A" 0 5 2024, C4<0000000000000000000000000000000000000000000000000000000000000000000000000000000000000000000000000000000000000000000000000000000000000000000000000000000000000000000000000000000000000000000000000000000000000000000000000000000000000000000000000000000000000000>;
P_0x5555781a3210 .param/l "INIT_B" 0 5 2025, C4<0000000000000000000000000000000000000000000000000000000000000000000000000000000000000000000000000000000000000000000000000000000000000000000000000000000000000000000000000000000000000000000000000000000000000000000000000000000000000000000000000000000000000000>;
P_0x5555781a3250 .param/l "INIT_C" 0 5 2026, C4<0000000000000000000000000000000000000000000000000000000000000000000000000000000000000000000000000000000000000000000000000000000000000000000000000000000000000000000000000000000000000000000000000000000000000000000000000000000000000000000000000000000000000000>;
P_0x5555781a3290 .param/l "INIT_D" 0 5 2027, C4<0000000000000000000000000000000000000000000000000000000000000000000000000000000000000000000000000000000000000000000000000000000000000000000000000000000000000000000000000000000000000000000000000000000000000000000000000000000000000000000000000000000000000000>;
P_0x5555781a32d0 .param/l "INIT_E" 0 5 2028, C4<0000000000000000000000000000000000000000000000000000000000000000000000000000000000000000000000000000000000000000000000000000000000000000000000000000000000000000000000000000000000000000000000000000000000000000000000000000000000000000000000000000000000000000>;
P_0x5555781a3310 .param/l "INIT_F" 0 5 2029, C4<0000000000000000000000000000000000000000000000000000000000000000000000000000000000000000000000000000000000000000000000000000000000000000000000000000000000000000000000000000000000000000000000000000000000000000000000000000000000000000000000000000000000000000>;
P_0x5555781a3350 .param/str "INIT_FILE" 0 5 2031, "\000";
P_0x5555781a3390 .param/l "READ_MODE" 0 5 2012, +C4<00000000000000000000000000000000>;
P_0x5555781a33d0 .param/l "WRITE_MODE" 0 5 2011, +C4<00000000000000000000000000000000>;
o0x7fa9a4daac38 .functor BUFZ 1, c4<z>; HiZ drive
L_0x5555783bfe00 .functor NOT 1, o0x7fa9a4daac38, C4<0>, C4<0>, C4<0>;
o0x7fa9a4daac68 .functor BUFZ 1, c4<z>; HiZ drive
L_0x5555783bfea0 .functor NOT 1, o0x7fa9a4daac68, C4<0>, C4<0>, C4<0>;
o0x7fa9a4daa728 .functor BUFZ 16, c4<zzzzzzzzzzzzzzzz>; HiZ drive
v0x555578392bc0_0 .net "MASK", 15 0, o0x7fa9a4daa728;  0 drivers
o0x7fa9a4daa758 .functor BUFZ 11, c4<zzzzzzzzzzz>; HiZ drive
v0x555578392ca0_0 .net "RADDR", 10 0, o0x7fa9a4daa758;  0 drivers
o0x7fa9a4daa7b8 .functor BUFZ 1, c4<z>; HiZ drive
v0x555578392d70_0 .net "RCLKE", 0 0, o0x7fa9a4daa7b8;  0 drivers
v0x555578392e70_0 .net "RCLKN", 0 0, o0x7fa9a4daac38;  0 drivers
v0x555578392f10_0 .net "RDATA", 15 0, L_0x5555783bfd40;  1 drivers
o0x7fa9a4daa848 .functor BUFZ 1, c4<z>; HiZ drive
v0x555578392fb0_0 .net "RE", 0 0, o0x7fa9a4daa848;  0 drivers
o0x7fa9a4daa8a8 .functor BUFZ 11, c4<zzzzzzzzzzz>; HiZ drive
v0x555578393080_0 .net "WADDR", 10 0, o0x7fa9a4daa8a8;  0 drivers
o0x7fa9a4daa908 .functor BUFZ 1, c4<z>; HiZ drive
v0x555578393150_0 .net "WCLKE", 0 0, o0x7fa9a4daa908;  0 drivers
v0x555578393220_0 .net "WCLKN", 0 0, o0x7fa9a4daac68;  0 drivers
o0x7fa9a4daa938 .functor BUFZ 16, c4<zzzzzzzzzzzzzzzz>; HiZ drive
v0x5555783932c0_0 .net "WDATA", 15 0, o0x7fa9a4daa938;  0 drivers
o0x7fa9a4daa998 .functor BUFZ 1, c4<z>; HiZ drive
v0x555578393390_0 .net "WE", 0 0, o0x7fa9a4daa998;  0 drivers
S_0x55557838f1f0 .scope module, "RAM" "SB_RAM40_4K" 5 2053, 5 1487 0, S_0x555578312070;
 .timescale -12 -12;
    .port_info 0 /OUTPUT 16 "RDATA";
    .port_info 1 /INPUT 1 "RCLK";
    .port_info 2 /INPUT 1 "RCLKE";
    .port_info 3 /INPUT 1 "RE";
    .port_info 4 /INPUT 11 "RADDR";
    .port_info 5 /INPUT 1 "WCLK";
    .port_info 6 /INPUT 1 "WCLKE";
    .port_info 7 /INPUT 1 "WE";
    .port_info 8 /INPUT 11 "WADDR";
    .port_info 9 /INPUT 16 "MASK";
    .port_info 10 /INPUT 16 "WDATA";
P_0x55557838f3a0 .param/l "INIT_0" 0 5 1507, C4<0000000000000000000000000000000000000000000000000000000000000000000000000000000000000000000000000000000000000000000000000000000000000000000000000000000000000000000000000000000000000000000000000000000000000000000000000000000000000000000000000000000000000000>;
P_0x55557838f3e0 .param/l "INIT_1" 0 5 1508, C4<0000000000000000000000000000000000000000000000000000000000000000000000000000000000000000000000000000000000000000000000000000000000000000000000000000000000000000000000000000000000000000000000000000000000000000000000000000000000000000000000000000000000000000>;
P_0x55557838f420 .param/l "INIT_2" 0 5 1509, C4<0000000000000000000000000000000000000000000000000000000000000000000000000000000000000000000000000000000000000000000000000000000000000000000000000000000000000000000000000000000000000000000000000000000000000000000000000000000000000000000000000000000000000000>;
P_0x55557838f460 .param/l "INIT_3" 0 5 1510, C4<0000000000000000000000000000000000000000000000000000000000000000000000000000000000000000000000000000000000000000000000000000000000000000000000000000000000000000000000000000000000000000000000000000000000000000000000000000000000000000000000000000000000000000>;
P_0x55557838f4a0 .param/l "INIT_4" 0 5 1511, C4<0000000000000000000000000000000000000000000000000000000000000000000000000000000000000000000000000000000000000000000000000000000000000000000000000000000000000000000000000000000000000000000000000000000000000000000000000000000000000000000000000000000000000000>;
P_0x55557838f4e0 .param/l "INIT_5" 0 5 1512, C4<0000000000000000000000000000000000000000000000000000000000000000000000000000000000000000000000000000000000000000000000000000000000000000000000000000000000000000000000000000000000000000000000000000000000000000000000000000000000000000000000000000000000000000>;
P_0x55557838f520 .param/l "INIT_6" 0 5 1513, C4<0000000000000000000000000000000000000000000000000000000000000000000000000000000000000000000000000000000000000000000000000000000000000000000000000000000000000000000000000000000000000000000000000000000000000000000000000000000000000000000000000000000000000000>;
P_0x55557838f560 .param/l "INIT_7" 0 5 1514, C4<0000000000000000000000000000000000000000000000000000000000000000000000000000000000000000000000000000000000000000000000000000000000000000000000000000000000000000000000000000000000000000000000000000000000000000000000000000000000000000000000000000000000000000>;
P_0x55557838f5a0 .param/l "INIT_8" 0 5 1515, C4<0000000000000000000000000000000000000000000000000000000000000000000000000000000000000000000000000000000000000000000000000000000000000000000000000000000000000000000000000000000000000000000000000000000000000000000000000000000000000000000000000000000000000000>;
P_0x55557838f5e0 .param/l "INIT_9" 0 5 1516, C4<0000000000000000000000000000000000000000000000000000000000000000000000000000000000000000000000000000000000000000000000000000000000000000000000000000000000000000000000000000000000000000000000000000000000000000000000000000000000000000000000000000000000000000>;
P_0x55557838f620 .param/l "INIT_A" 0 5 1517, C4<0000000000000000000000000000000000000000000000000000000000000000000000000000000000000000000000000000000000000000000000000000000000000000000000000000000000000000000000000000000000000000000000000000000000000000000000000000000000000000000000000000000000000000>;
P_0x55557838f660 .param/l "INIT_B" 0 5 1518, C4<0000000000000000000000000000000000000000000000000000000000000000000000000000000000000000000000000000000000000000000000000000000000000000000000000000000000000000000000000000000000000000000000000000000000000000000000000000000000000000000000000000000000000000>;
P_0x55557838f6a0 .param/l "INIT_C" 0 5 1519, C4<0000000000000000000000000000000000000000000000000000000000000000000000000000000000000000000000000000000000000000000000000000000000000000000000000000000000000000000000000000000000000000000000000000000000000000000000000000000000000000000000000000000000000000>;
P_0x55557838f6e0 .param/l "INIT_D" 0 5 1520, C4<0000000000000000000000000000000000000000000000000000000000000000000000000000000000000000000000000000000000000000000000000000000000000000000000000000000000000000000000000000000000000000000000000000000000000000000000000000000000000000000000000000000000000000>;
P_0x55557838f720 .param/l "INIT_E" 0 5 1521, C4<0000000000000000000000000000000000000000000000000000000000000000000000000000000000000000000000000000000000000000000000000000000000000000000000000000000000000000000000000000000000000000000000000000000000000000000000000000000000000000000000000000000000000000>;
P_0x55557838f760 .param/l "INIT_F" 0 5 1522, C4<0000000000000000000000000000000000000000000000000000000000000000000000000000000000000000000000000000000000000000000000000000000000000000000000000000000000000000000000000000000000000000000000000000000000000000000000000000000000000000000000000000000000000000>;
P_0x55557838f7a0 .param/str "INIT_FILE" 0 5 1524, "\000";
P_0x55557838f7e0 .param/l "READ_MODE" 0 5 1505, +C4<00000000000000000000000000000000>;
P_0x55557838f820 .param/l "WRITE_MODE" 0 5 1504, +C4<00000000000000000000000000000000>;
v0x555578391ab0_0 .net "MASK", 15 0, o0x7fa9a4daa728;  alias, 0 drivers
v0x555578391b70_0 .net "RADDR", 10 0, o0x7fa9a4daa758;  alias, 0 drivers
v0x555578391c50_0 .net "RCLK", 0 0, L_0x5555783bfe00;  1 drivers
v0x555578391d20_0 .net "RCLKE", 0 0, o0x7fa9a4daa7b8;  alias, 0 drivers
v0x555578391de0_0 .net "RDATA", 15 0, L_0x5555783bfd40;  alias, 1 drivers
v0x555578391f10_0 .var "RDATA_I", 15 0;
v0x555578391ff0_0 .net "RE", 0 0, o0x7fa9a4daa848;  alias, 0 drivers
L_0x7fa9a4d54b58 .functor BUFT 1, C4<0000000000000000>, C4<0>, C4<0>, C4<0>;
v0x5555783920b0_0 .net "RMASK_I", 15 0, L_0x7fa9a4d54b58;  1 drivers
v0x555578392190_0 .net "WADDR", 10 0, o0x7fa9a4daa8a8;  alias, 0 drivers
v0x555578392270_0 .net "WCLK", 0 0, L_0x5555783bfea0;  1 drivers
v0x555578392330_0 .net "WCLKE", 0 0, o0x7fa9a4daa908;  alias, 0 drivers
v0x5555783923f0_0 .net "WDATA", 15 0, o0x7fa9a4daa938;  alias, 0 drivers
v0x5555783924d0_0 .net "WDATA_I", 15 0, L_0x5555783bfc50;  1 drivers
v0x5555783925b0_0 .net "WE", 0 0, o0x7fa9a4daa998;  alias, 0 drivers
v0x555578392670_0 .net "WMASK_I", 15 0, L_0x5555783bfb90;  1 drivers
v0x555578392750_0 .var/i "i", 31 0;
v0x555578392830 .array "memory", 255 0, 15 0;
E_0x5555783911e0 .event posedge, v0x555578391c50_0;
E_0x555578391260 .event posedge, v0x555578392270_0;
S_0x5555783912c0 .scope generate, "genblk1" "genblk1" 5 1534, 5 1534 0, S_0x55557838f1f0;
 .timescale -12 -12;
L_0x5555783bfb90 .functor BUFZ 16, o0x7fa9a4daa728, C4<0000000000000000>, C4<0000000000000000>, C4<0000000000000000>;
S_0x5555783914c0 .scope generate, "genblk2" "genblk2" 5 1555, 5 1555 0, S_0x55557838f1f0;
 .timescale -12 -12;
S_0x5555783916c0 .scope generate, "genblk3" "genblk3" 5 1576, 5 1576 0, S_0x55557838f1f0;
 .timescale -12 -12;
L_0x5555783bfc50 .functor BUFZ 16, o0x7fa9a4daa938, C4<0000000000000000>, C4<0000000000000000>, C4<0000000000000000>;
S_0x5555783918d0 .scope generate, "genblk4" "genblk4" 5 1595, 5 1595 0, S_0x55557838f1f0;
 .timescale -12 -12;
L_0x5555783bfd40 .functor BUFZ 16, v0x555578391f10_0, C4<0000000000000000>, C4<0000000000000000>, C4<0000000000000000>;
S_0x555578136ee0 .scope module, "SB_RAM40_4KNW" "SB_RAM40_4KNW" 5 1862;
 .timescale -12 -12;
    .port_info 0 /OUTPUT 16 "RDATA";
    .port_info 1 /INPUT 1 "RCLK";
    .port_info 2 /INPUT 1 "RCLKE";
    .port_info 3 /INPUT 1 "RE";
    .port_info 4 /INPUT 11 "RADDR";
    .port_info 5 /INPUT 1 "WCLKN";
    .port_info 6 /INPUT 1 "WCLKE";
    .port_info 7 /INPUT 1 "WE";
    .port_info 8 /INPUT 11 "WADDR";
    .port_info 9 /INPUT 16 "MASK";
    .port_info 10 /INPUT 16 "WDATA";
P_0x55557816fb80 .param/l "INIT_0" 0 5 1878, C4<0000000000000000000000000000000000000000000000000000000000000000000000000000000000000000000000000000000000000000000000000000000000000000000000000000000000000000000000000000000000000000000000000000000000000000000000000000000000000000000000000000000000000000>;
P_0x55557816fbc0 .param/l "INIT_1" 0 5 1879, C4<0000000000000000000000000000000000000000000000000000000000000000000000000000000000000000000000000000000000000000000000000000000000000000000000000000000000000000000000000000000000000000000000000000000000000000000000000000000000000000000000000000000000000000>;
P_0x55557816fc00 .param/l "INIT_2" 0 5 1880, C4<0000000000000000000000000000000000000000000000000000000000000000000000000000000000000000000000000000000000000000000000000000000000000000000000000000000000000000000000000000000000000000000000000000000000000000000000000000000000000000000000000000000000000000>;
P_0x55557816fc40 .param/l "INIT_3" 0 5 1881, C4<0000000000000000000000000000000000000000000000000000000000000000000000000000000000000000000000000000000000000000000000000000000000000000000000000000000000000000000000000000000000000000000000000000000000000000000000000000000000000000000000000000000000000000>;
P_0x55557816fc80 .param/l "INIT_4" 0 5 1882, C4<0000000000000000000000000000000000000000000000000000000000000000000000000000000000000000000000000000000000000000000000000000000000000000000000000000000000000000000000000000000000000000000000000000000000000000000000000000000000000000000000000000000000000000>;
P_0x55557816fcc0 .param/l "INIT_5" 0 5 1883, C4<0000000000000000000000000000000000000000000000000000000000000000000000000000000000000000000000000000000000000000000000000000000000000000000000000000000000000000000000000000000000000000000000000000000000000000000000000000000000000000000000000000000000000000>;
P_0x55557816fd00 .param/l "INIT_6" 0 5 1884, C4<0000000000000000000000000000000000000000000000000000000000000000000000000000000000000000000000000000000000000000000000000000000000000000000000000000000000000000000000000000000000000000000000000000000000000000000000000000000000000000000000000000000000000000>;
P_0x55557816fd40 .param/l "INIT_7" 0 5 1885, C4<0000000000000000000000000000000000000000000000000000000000000000000000000000000000000000000000000000000000000000000000000000000000000000000000000000000000000000000000000000000000000000000000000000000000000000000000000000000000000000000000000000000000000000>;
P_0x55557816fd80 .param/l "INIT_8" 0 5 1886, C4<0000000000000000000000000000000000000000000000000000000000000000000000000000000000000000000000000000000000000000000000000000000000000000000000000000000000000000000000000000000000000000000000000000000000000000000000000000000000000000000000000000000000000000>;
P_0x55557816fdc0 .param/l "INIT_9" 0 5 1887, C4<0000000000000000000000000000000000000000000000000000000000000000000000000000000000000000000000000000000000000000000000000000000000000000000000000000000000000000000000000000000000000000000000000000000000000000000000000000000000000000000000000000000000000000>;
P_0x55557816fe00 .param/l "INIT_A" 0 5 1888, C4<0000000000000000000000000000000000000000000000000000000000000000000000000000000000000000000000000000000000000000000000000000000000000000000000000000000000000000000000000000000000000000000000000000000000000000000000000000000000000000000000000000000000000000>;
P_0x55557816fe40 .param/l "INIT_B" 0 5 1889, C4<0000000000000000000000000000000000000000000000000000000000000000000000000000000000000000000000000000000000000000000000000000000000000000000000000000000000000000000000000000000000000000000000000000000000000000000000000000000000000000000000000000000000000000>;
P_0x55557816fe80 .param/l "INIT_C" 0 5 1890, C4<0000000000000000000000000000000000000000000000000000000000000000000000000000000000000000000000000000000000000000000000000000000000000000000000000000000000000000000000000000000000000000000000000000000000000000000000000000000000000000000000000000000000000000>;
P_0x55557816fec0 .param/l "INIT_D" 0 5 1891, C4<0000000000000000000000000000000000000000000000000000000000000000000000000000000000000000000000000000000000000000000000000000000000000000000000000000000000000000000000000000000000000000000000000000000000000000000000000000000000000000000000000000000000000000>;
P_0x55557816ff00 .param/l "INIT_E" 0 5 1892, C4<0000000000000000000000000000000000000000000000000000000000000000000000000000000000000000000000000000000000000000000000000000000000000000000000000000000000000000000000000000000000000000000000000000000000000000000000000000000000000000000000000000000000000000>;
P_0x55557816ff40 .param/l "INIT_F" 0 5 1893, C4<0000000000000000000000000000000000000000000000000000000000000000000000000000000000000000000000000000000000000000000000000000000000000000000000000000000000000000000000000000000000000000000000000000000000000000000000000000000000000000000000000000000000000000>;
P_0x55557816ff80 .param/str "INIT_FILE" 0 5 1895, "\000";
P_0x55557816ffc0 .param/l "READ_MODE" 0 5 1876, +C4<00000000000000000000000000000000>;
P_0x555578170000 .param/l "WRITE_MODE" 0 5 1875, +C4<00000000000000000000000000000000>;
o0x7fa9a4dab3b8 .functor BUFZ 1, c4<z>; HiZ drive
L_0x5555783c0210 .functor NOT 1, o0x7fa9a4dab3b8, C4<0>, C4<0>, C4<0>;
o0x7fa9a4daaea8 .functor BUFZ 16, c4<zzzzzzzzzzzzzzzz>; HiZ drive
v0x555578396f10_0 .net "MASK", 15 0, o0x7fa9a4daaea8;  0 drivers
o0x7fa9a4daaed8 .functor BUFZ 11, c4<zzzzzzzzzzz>; HiZ drive
v0x555578396ff0_0 .net "RADDR", 10 0, o0x7fa9a4daaed8;  0 drivers
o0x7fa9a4daaf08 .functor BUFZ 1, c4<z>; HiZ drive
v0x5555783970c0_0 .net "RCLK", 0 0, o0x7fa9a4daaf08;  0 drivers
o0x7fa9a4daaf38 .functor BUFZ 1, c4<z>; HiZ drive
v0x5555783971c0_0 .net "RCLKE", 0 0, o0x7fa9a4daaf38;  0 drivers
v0x555578397290_0 .net "RDATA", 15 0, L_0x5555783c0150;  1 drivers
o0x7fa9a4daafc8 .functor BUFZ 1, c4<z>; HiZ drive
v0x555578397330_0 .net "RE", 0 0, o0x7fa9a4daafc8;  0 drivers
o0x7fa9a4dab028 .functor BUFZ 11, c4<zzzzzzzzzzz>; HiZ drive
v0x555578397400_0 .net "WADDR", 10 0, o0x7fa9a4dab028;  0 drivers
o0x7fa9a4dab088 .functor BUFZ 1, c4<z>; HiZ drive
v0x5555783974d0_0 .net "WCLKE", 0 0, o0x7fa9a4dab088;  0 drivers
v0x5555783975a0_0 .net "WCLKN", 0 0, o0x7fa9a4dab3b8;  0 drivers
o0x7fa9a4dab0b8 .functor BUFZ 16, c4<zzzzzzzzzzzzzzzz>; HiZ drive
v0x555578397640_0 .net "WDATA", 15 0, o0x7fa9a4dab0b8;  0 drivers
o0x7fa9a4dab118 .functor BUFZ 1, c4<z>; HiZ drive
v0x555578397710_0 .net "WE", 0 0, o0x7fa9a4dab118;  0 drivers
S_0x555578393540 .scope module, "RAM" "SB_RAM40_4K" 5 1917, 5 1487 0, S_0x555578136ee0;
 .timescale -12 -12;
    .port_info 0 /OUTPUT 16 "RDATA";
    .port_info 1 /INPUT 1 "RCLK";
    .port_info 2 /INPUT 1 "RCLKE";
    .port_info 3 /INPUT 1 "RE";
    .port_info 4 /INPUT 11 "RADDR";
    .port_info 5 /INPUT 1 "WCLK";
    .port_info 6 /INPUT 1 "WCLKE";
    .port_info 7 /INPUT 1 "WE";
    .port_info 8 /INPUT 11 "WADDR";
    .port_info 9 /INPUT 16 "MASK";
    .port_info 10 /INPUT 16 "WDATA";
P_0x5555783936f0 .param/l "INIT_0" 0 5 1507, C4<0000000000000000000000000000000000000000000000000000000000000000000000000000000000000000000000000000000000000000000000000000000000000000000000000000000000000000000000000000000000000000000000000000000000000000000000000000000000000000000000000000000000000000>;
P_0x555578393730 .param/l "INIT_1" 0 5 1508, C4<0000000000000000000000000000000000000000000000000000000000000000000000000000000000000000000000000000000000000000000000000000000000000000000000000000000000000000000000000000000000000000000000000000000000000000000000000000000000000000000000000000000000000000>;
P_0x555578393770 .param/l "INIT_2" 0 5 1509, C4<0000000000000000000000000000000000000000000000000000000000000000000000000000000000000000000000000000000000000000000000000000000000000000000000000000000000000000000000000000000000000000000000000000000000000000000000000000000000000000000000000000000000000000>;
P_0x5555783937b0 .param/l "INIT_3" 0 5 1510, C4<0000000000000000000000000000000000000000000000000000000000000000000000000000000000000000000000000000000000000000000000000000000000000000000000000000000000000000000000000000000000000000000000000000000000000000000000000000000000000000000000000000000000000000>;
P_0x5555783937f0 .param/l "INIT_4" 0 5 1511, C4<0000000000000000000000000000000000000000000000000000000000000000000000000000000000000000000000000000000000000000000000000000000000000000000000000000000000000000000000000000000000000000000000000000000000000000000000000000000000000000000000000000000000000000>;
P_0x555578393830 .param/l "INIT_5" 0 5 1512, C4<0000000000000000000000000000000000000000000000000000000000000000000000000000000000000000000000000000000000000000000000000000000000000000000000000000000000000000000000000000000000000000000000000000000000000000000000000000000000000000000000000000000000000000>;
P_0x555578393870 .param/l "INIT_6" 0 5 1513, C4<0000000000000000000000000000000000000000000000000000000000000000000000000000000000000000000000000000000000000000000000000000000000000000000000000000000000000000000000000000000000000000000000000000000000000000000000000000000000000000000000000000000000000000>;
P_0x5555783938b0 .param/l "INIT_7" 0 5 1514, C4<0000000000000000000000000000000000000000000000000000000000000000000000000000000000000000000000000000000000000000000000000000000000000000000000000000000000000000000000000000000000000000000000000000000000000000000000000000000000000000000000000000000000000000>;
P_0x5555783938f0 .param/l "INIT_8" 0 5 1515, C4<0000000000000000000000000000000000000000000000000000000000000000000000000000000000000000000000000000000000000000000000000000000000000000000000000000000000000000000000000000000000000000000000000000000000000000000000000000000000000000000000000000000000000000>;
P_0x555578393930 .param/l "INIT_9" 0 5 1516, C4<0000000000000000000000000000000000000000000000000000000000000000000000000000000000000000000000000000000000000000000000000000000000000000000000000000000000000000000000000000000000000000000000000000000000000000000000000000000000000000000000000000000000000000>;
P_0x555578393970 .param/l "INIT_A" 0 5 1517, C4<0000000000000000000000000000000000000000000000000000000000000000000000000000000000000000000000000000000000000000000000000000000000000000000000000000000000000000000000000000000000000000000000000000000000000000000000000000000000000000000000000000000000000000>;
P_0x5555783939b0 .param/l "INIT_B" 0 5 1518, C4<0000000000000000000000000000000000000000000000000000000000000000000000000000000000000000000000000000000000000000000000000000000000000000000000000000000000000000000000000000000000000000000000000000000000000000000000000000000000000000000000000000000000000000>;
P_0x5555783939f0 .param/l "INIT_C" 0 5 1519, C4<0000000000000000000000000000000000000000000000000000000000000000000000000000000000000000000000000000000000000000000000000000000000000000000000000000000000000000000000000000000000000000000000000000000000000000000000000000000000000000000000000000000000000000>;
P_0x555578393a30 .param/l "INIT_D" 0 5 1520, C4<0000000000000000000000000000000000000000000000000000000000000000000000000000000000000000000000000000000000000000000000000000000000000000000000000000000000000000000000000000000000000000000000000000000000000000000000000000000000000000000000000000000000000000>;
P_0x555578393a70 .param/l "INIT_E" 0 5 1521, C4<0000000000000000000000000000000000000000000000000000000000000000000000000000000000000000000000000000000000000000000000000000000000000000000000000000000000000000000000000000000000000000000000000000000000000000000000000000000000000000000000000000000000000000>;
P_0x555578393ab0 .param/l "INIT_F" 0 5 1522, C4<0000000000000000000000000000000000000000000000000000000000000000000000000000000000000000000000000000000000000000000000000000000000000000000000000000000000000000000000000000000000000000000000000000000000000000000000000000000000000000000000000000000000000000>;
P_0x555578393af0 .param/str "INIT_FILE" 0 5 1524, "\000";
P_0x555578393b30 .param/l "READ_MODE" 0 5 1505, +C4<00000000000000000000000000000000>;
P_0x555578393b70 .param/l "WRITE_MODE" 0 5 1504, +C4<00000000000000000000000000000000>;
v0x555578395e00_0 .net "MASK", 15 0, o0x7fa9a4daaea8;  alias, 0 drivers
v0x555578395ec0_0 .net "RADDR", 10 0, o0x7fa9a4daaed8;  alias, 0 drivers
v0x555578395fa0_0 .net "RCLK", 0 0, o0x7fa9a4daaf08;  alias, 0 drivers
v0x555578396070_0 .net "RCLKE", 0 0, o0x7fa9a4daaf38;  alias, 0 drivers
v0x555578396130_0 .net "RDATA", 15 0, L_0x5555783c0150;  alias, 1 drivers
v0x555578396260_0 .var "RDATA_I", 15 0;
v0x555578396340_0 .net "RE", 0 0, o0x7fa9a4daafc8;  alias, 0 drivers
L_0x7fa9a4d54ba0 .functor BUFT 1, C4<0000000000000000>, C4<0>, C4<0>, C4<0>;
v0x555578396400_0 .net "RMASK_I", 15 0, L_0x7fa9a4d54ba0;  1 drivers
v0x5555783964e0_0 .net "WADDR", 10 0, o0x7fa9a4dab028;  alias, 0 drivers
v0x5555783965c0_0 .net "WCLK", 0 0, L_0x5555783c0210;  1 drivers
v0x555578396680_0 .net "WCLKE", 0 0, o0x7fa9a4dab088;  alias, 0 drivers
v0x555578396740_0 .net "WDATA", 15 0, o0x7fa9a4dab0b8;  alias, 0 drivers
v0x555578396820_0 .net "WDATA_I", 15 0, L_0x5555783c0060;  1 drivers
v0x555578396900_0 .net "WE", 0 0, o0x7fa9a4dab118;  alias, 0 drivers
v0x5555783969c0_0 .net "WMASK_I", 15 0, L_0x5555783bff70;  1 drivers
v0x555578396aa0_0 .var/i "i", 31 0;
v0x555578396b80 .array "memory", 255 0, 15 0;
E_0x555578395530 .event posedge, v0x555578395fa0_0;
E_0x5555783955b0 .event posedge, v0x5555783965c0_0;
S_0x555578395610 .scope generate, "genblk1" "genblk1" 5 1534, 5 1534 0, S_0x555578393540;
 .timescale -12 -12;
L_0x5555783bff70 .functor BUFZ 16, o0x7fa9a4daaea8, C4<0000000000000000>, C4<0000000000000000>, C4<0000000000000000>;
S_0x555578395810 .scope generate, "genblk2" "genblk2" 5 1555, 5 1555 0, S_0x555578393540;
 .timescale -12 -12;
S_0x555578395a10 .scope generate, "genblk3" "genblk3" 5 1576, 5 1576 0, S_0x555578393540;
 .timescale -12 -12;
L_0x5555783c0060 .functor BUFZ 16, o0x7fa9a4dab0b8, C4<0000000000000000>, C4<0000000000000000>, C4<0000000000000000>;
S_0x555578395c20 .scope generate, "genblk4" "genblk4" 5 1595, 5 1595 0, S_0x555578393540;
 .timescale -12 -12;
L_0x5555783c0150 .functor BUFZ 16, v0x555578396260_0, C4<0000000000000000>, C4<0000000000000000>, C4<0000000000000000>;
S_0x555578193290 .scope module, "SB_RGBA_DRV" "SB_RGBA_DRV" 5 2692;
 .timescale -12 -12;
    .port_info 0 /INPUT 1 "CURREN";
    .port_info 1 /INPUT 1 "RGBLEDEN";
    .port_info 2 /INPUT 1 "RGB0PWM";
    .port_info 3 /INPUT 1 "RGB1PWM";
    .port_info 4 /INPUT 1 "RGB2PWM";
    .port_info 5 /OUTPUT 1 "RGB0";
    .port_info 6 /OUTPUT 1 "RGB1";
    .port_info 7 /OUTPUT 1 "RGB2";
P_0x55557818f730 .param/str "CURRENT_MODE" 0 5 2702, "0b0";
P_0x55557818f770 .param/str "RGB0_CURRENT" 0 5 2703, "0b000000";
P_0x55557818f7b0 .param/str "RGB1_CURRENT" 0 5 2704, "0b000000";
P_0x55557818f7f0 .param/str "RGB2_CURRENT" 0 5 2705, "0b000000";
o0x7fa9a4dab5f8 .functor BUFZ 1, c4<z>; HiZ drive
v0x555578397880_0 .net "CURREN", 0 0, o0x7fa9a4dab5f8;  0 drivers
o0x7fa9a4dab628 .functor BUFZ 1, c4<z>; HiZ drive
v0x555578397960_0 .net "RGB0", 0 0, o0x7fa9a4dab628;  0 drivers
o0x7fa9a4dab658 .functor BUFZ 1, c4<z>; HiZ drive
v0x555578397a20_0 .net "RGB0PWM", 0 0, o0x7fa9a4dab658;  0 drivers
o0x7fa9a4dab688 .functor BUFZ 1, c4<z>; HiZ drive
v0x555578397af0_0 .net "RGB1", 0 0, o0x7fa9a4dab688;  0 drivers
o0x7fa9a4dab6b8 .functor BUFZ 1, c4<z>; HiZ drive
v0x555578397bb0_0 .net "RGB1PWM", 0 0, o0x7fa9a4dab6b8;  0 drivers
o0x7fa9a4dab6e8 .functor BUFZ 1, c4<z>; HiZ drive
v0x555578397c70_0 .net "RGB2", 0 0, o0x7fa9a4dab6e8;  0 drivers
o0x7fa9a4dab718 .functor BUFZ 1, c4<z>; HiZ drive
v0x555578397d30_0 .net "RGB2PWM", 0 0, o0x7fa9a4dab718;  0 drivers
o0x7fa9a4dab748 .functor BUFZ 1, c4<z>; HiZ drive
v0x555578397df0_0 .net "RGBLEDEN", 0 0, o0x7fa9a4dab748;  0 drivers
S_0x55557818fa90 .scope module, "SB_RGB_DRV" "SB_RGB_DRV" 5 2716;
 .timescale -12 -12;
    .port_info 0 /INPUT 1 "RGBLEDEN";
    .port_info 1 /INPUT 1 "RGB0PWM";
    .port_info 2 /INPUT 1 "RGB1PWM";
    .port_info 3 /INPUT 1 "RGB2PWM";
    .port_info 4 /INPUT 1 "RGBPU";
    .port_info 5 /OUTPUT 1 "RGB0";
    .port_info 6 /OUTPUT 1 "RGB1";
    .port_info 7 /OUTPUT 1 "RGB2";
P_0x5555781966c0 .param/str "CURRENT_MODE" 0 5 2726, "0b0";
P_0x555578196700 .param/str "RGB0_CURRENT" 0 5 2727, "0b000000";
P_0x555578196740 .param/str "RGB1_CURRENT" 0 5 2728, "0b000000";
P_0x555578196780 .param/str "RGB2_CURRENT" 0 5 2729, "0b000000";
o0x7fa9a4dab8f8 .functor BUFZ 1, c4<z>; HiZ drive
v0x555578398000_0 .net "RGB0", 0 0, o0x7fa9a4dab8f8;  0 drivers
o0x7fa9a4dab928 .functor BUFZ 1, c4<z>; HiZ drive
v0x5555783980e0_0 .net "RGB0PWM", 0 0, o0x7fa9a4dab928;  0 drivers
o0x7fa9a4dab958 .functor BUFZ 1, c4<z>; HiZ drive
v0x5555783981a0_0 .net "RGB1", 0 0, o0x7fa9a4dab958;  0 drivers
o0x7fa9a4dab988 .functor BUFZ 1, c4<z>; HiZ drive
v0x555578398240_0 .net "RGB1PWM", 0 0, o0x7fa9a4dab988;  0 drivers
o0x7fa9a4dab9b8 .functor BUFZ 1, c4<z>; HiZ drive
v0x555578398300_0 .net "RGB2", 0 0, o0x7fa9a4dab9b8;  0 drivers
o0x7fa9a4dab9e8 .functor BUFZ 1, c4<z>; HiZ drive
v0x5555783983c0_0 .net "RGB2PWM", 0 0, o0x7fa9a4dab9e8;  0 drivers
o0x7fa9a4daba18 .functor BUFZ 1, c4<z>; HiZ drive
v0x555578398480_0 .net "RGBLEDEN", 0 0, o0x7fa9a4daba18;  0 drivers
o0x7fa9a4daba48 .functor BUFZ 1, c4<z>; HiZ drive
v0x555578398540_0 .net "RGBPU", 0 0, o0x7fa9a4daba48;  0 drivers
S_0x55557819e370 .scope module, "SB_SPI" "SB_SPI" 5 2776;
 .timescale -12 -12;
    .port_info 0 /INPUT 1 "SBCLKI";
    .port_info 1 /INPUT 1 "SBRWI";
    .port_info 2 /INPUT 1 "SBSTBI";
    .port_info 3 /INPUT 1 "SBADRI7";
    .port_info 4 /INPUT 1 "SBADRI6";
    .port_info 5 /INPUT 1 "SBADRI5";
    .port_info 6 /INPUT 1 "SBADRI4";
    .port_info 7 /INPUT 1 "SBADRI3";
    .port_info 8 /INPUT 1 "SBADRI2";
    .port_info 9 /INPUT 1 "SBADRI1";
    .port_info 10 /INPUT 1 "SBADRI0";
    .port_info 11 /INPUT 1 "SBDATI7";
    .port_info 12 /INPUT 1 "SBDATI6";
    .port_info 13 /INPUT 1 "SBDATI5";
    .port_info 14 /INPUT 1 "SBDATI4";
    .port_info 15 /INPUT 1 "SBDATI3";
    .port_info 16 /INPUT 1 "SBDATI2";
    .port_info 17 /INPUT 1 "SBDATI1";
    .port_info 18 /INPUT 1 "SBDATI0";
    .port_info 19 /INPUT 1 "MI";
    .port_info 20 /INPUT 1 "SI";
    .port_info 21 /INPUT 1 "SCKI";
    .port_info 22 /INPUT 1 "SCSNI";
    .port_info 23 /OUTPUT 1 "SBDATO7";
    .port_info 24 /OUTPUT 1 "SBDATO6";
    .port_info 25 /OUTPUT 1 "SBDATO5";
    .port_info 26 /OUTPUT 1 "SBDATO4";
    .port_info 27 /OUTPUT 1 "SBDATO3";
    .port_info 28 /OUTPUT 1 "SBDATO2";
    .port_info 29 /OUTPUT 1 "SBDATO1";
    .port_info 30 /OUTPUT 1 "SBDATO0";
    .port_info 31 /OUTPUT 1 "SBACKO";
    .port_info 32 /OUTPUT 1 "SPIIRQ";
    .port_info 33 /OUTPUT 1 "SPIWKUP";
    .port_info 34 /OUTPUT 1 "SO";
    .port_info 35 /OUTPUT 1 "SOE";
    .port_info 36 /OUTPUT 1 "MO";
    .port_info 37 /OUTPUT 1 "MOE";
    .port_info 38 /OUTPUT 1 "SCKO";
    .port_info 39 /OUTPUT 1 "SCKOE";
    .port_info 40 /OUTPUT 1 "MCSNO3";
    .port_info 41 /OUTPUT 1 "MCSNO2";
    .port_info 42 /OUTPUT 1 "MCSNO1";
    .port_info 43 /OUTPUT 1 "MCSNO0";
    .port_info 44 /OUTPUT 1 "MCSNOE3";
    .port_info 45 /OUTPUT 1 "MCSNOE2";
    .port_info 46 /OUTPUT 1 "MCSNOE1";
    .port_info 47 /OUTPUT 1 "MCSNOE0";
P_0x55557819e500 .param/str "BUS_ADDR74" 0 5 2826, "0b0000";
o0x7fa9a4dabbf8 .functor BUFZ 1, c4<z>; HiZ drive
v0x555578398750_0 .net "MCSNO0", 0 0, o0x7fa9a4dabbf8;  0 drivers
o0x7fa9a4dabc28 .functor BUFZ 1, c4<z>; HiZ drive
v0x555578398830_0 .net "MCSNO1", 0 0, o0x7fa9a4dabc28;  0 drivers
o0x7fa9a4dabc58 .functor BUFZ 1, c4<z>; HiZ drive
v0x5555783988f0_0 .net "MCSNO2", 0 0, o0x7fa9a4dabc58;  0 drivers
o0x7fa9a4dabc88 .functor BUFZ 1, c4<z>; HiZ drive
v0x555578398990_0 .net "MCSNO3", 0 0, o0x7fa9a4dabc88;  0 drivers
o0x7fa9a4dabcb8 .functor BUFZ 1, c4<z>; HiZ drive
v0x555578398a50_0 .net "MCSNOE0", 0 0, o0x7fa9a4dabcb8;  0 drivers
o0x7fa9a4dabce8 .functor BUFZ 1, c4<z>; HiZ drive
v0x555578398b10_0 .net "MCSNOE1", 0 0, o0x7fa9a4dabce8;  0 drivers
o0x7fa9a4dabd18 .functor BUFZ 1, c4<z>; HiZ drive
v0x555578398bd0_0 .net "MCSNOE2", 0 0, o0x7fa9a4dabd18;  0 drivers
o0x7fa9a4dabd48 .functor BUFZ 1, c4<z>; HiZ drive
v0x555578398c90_0 .net "MCSNOE3", 0 0, o0x7fa9a4dabd48;  0 drivers
o0x7fa9a4dabd78 .functor BUFZ 1, c4<z>; HiZ drive
v0x555578398d50_0 .net "MI", 0 0, o0x7fa9a4dabd78;  0 drivers
o0x7fa9a4dabda8 .functor BUFZ 1, c4<z>; HiZ drive
v0x555578398ea0_0 .net "MO", 0 0, o0x7fa9a4dabda8;  0 drivers
o0x7fa9a4dabdd8 .functor BUFZ 1, c4<z>; HiZ drive
v0x555578398f60_0 .net "MOE", 0 0, o0x7fa9a4dabdd8;  0 drivers
o0x7fa9a4dabe08 .functor BUFZ 1, c4<z>; HiZ drive
v0x555578399020_0 .net "SBACKO", 0 0, o0x7fa9a4dabe08;  0 drivers
o0x7fa9a4dabe38 .functor BUFZ 1, c4<z>; HiZ drive
v0x5555783990e0_0 .net "SBADRI0", 0 0, o0x7fa9a4dabe38;  0 drivers
o0x7fa9a4dabe68 .functor BUFZ 1, c4<z>; HiZ drive
v0x5555783991a0_0 .net "SBADRI1", 0 0, o0x7fa9a4dabe68;  0 drivers
o0x7fa9a4dabe98 .functor BUFZ 1, c4<z>; HiZ drive
v0x555578399260_0 .net "SBADRI2", 0 0, o0x7fa9a4dabe98;  0 drivers
o0x7fa9a4dabec8 .functor BUFZ 1, c4<z>; HiZ drive
v0x555578399320_0 .net "SBADRI3", 0 0, o0x7fa9a4dabec8;  0 drivers
o0x7fa9a4dabef8 .functor BUFZ 1, c4<z>; HiZ drive
v0x5555783993e0_0 .net "SBADRI4", 0 0, o0x7fa9a4dabef8;  0 drivers
o0x7fa9a4dabf28 .functor BUFZ 1, c4<z>; HiZ drive
v0x5555783995b0_0 .net "SBADRI5", 0 0, o0x7fa9a4dabf28;  0 drivers
o0x7fa9a4dabf58 .functor BUFZ 1, c4<z>; HiZ drive
v0x555578399670_0 .net "SBADRI6", 0 0, o0x7fa9a4dabf58;  0 drivers
o0x7fa9a4dabf88 .functor BUFZ 1, c4<z>; HiZ drive
v0x555578399730_0 .net "SBADRI7", 0 0, o0x7fa9a4dabf88;  0 drivers
o0x7fa9a4dabfb8 .functor BUFZ 1, c4<z>; HiZ drive
v0x5555783997f0_0 .net "SBCLKI", 0 0, o0x7fa9a4dabfb8;  0 drivers
o0x7fa9a4dabfe8 .functor BUFZ 1, c4<z>; HiZ drive
v0x5555783998b0_0 .net "SBDATI0", 0 0, o0x7fa9a4dabfe8;  0 drivers
o0x7fa9a4dac018 .functor BUFZ 1, c4<z>; HiZ drive
v0x555578399970_0 .net "SBDATI1", 0 0, o0x7fa9a4dac018;  0 drivers
o0x7fa9a4dac048 .functor BUFZ 1, c4<z>; HiZ drive
v0x555578399a30_0 .net "SBDATI2", 0 0, o0x7fa9a4dac048;  0 drivers
o0x7fa9a4dac078 .functor BUFZ 1, c4<z>; HiZ drive
v0x555578399af0_0 .net "SBDATI3", 0 0, o0x7fa9a4dac078;  0 drivers
o0x7fa9a4dac0a8 .functor BUFZ 1, c4<z>; HiZ drive
v0x555578399bb0_0 .net "SBDATI4", 0 0, o0x7fa9a4dac0a8;  0 drivers
o0x7fa9a4dac0d8 .functor BUFZ 1, c4<z>; HiZ drive
v0x555578399c70_0 .net "SBDATI5", 0 0, o0x7fa9a4dac0d8;  0 drivers
o0x7fa9a4dac108 .functor BUFZ 1, c4<z>; HiZ drive
v0x555578399d30_0 .net "SBDATI6", 0 0, o0x7fa9a4dac108;  0 drivers
o0x7fa9a4dac138 .functor BUFZ 1, c4<z>; HiZ drive
v0x555578399df0_0 .net "SBDATI7", 0 0, o0x7fa9a4dac138;  0 drivers
o0x7fa9a4dac168 .functor BUFZ 1, c4<z>; HiZ drive
v0x555578399eb0_0 .net "SBDATO0", 0 0, o0x7fa9a4dac168;  0 drivers
o0x7fa9a4dac198 .functor BUFZ 1, c4<z>; HiZ drive
v0x555578399f70_0 .net "SBDATO1", 0 0, o0x7fa9a4dac198;  0 drivers
o0x7fa9a4dac1c8 .functor BUFZ 1, c4<z>; HiZ drive
v0x55557839a030_0 .net "SBDATO2", 0 0, o0x7fa9a4dac1c8;  0 drivers
o0x7fa9a4dac1f8 .functor BUFZ 1, c4<z>; HiZ drive
v0x55557839a0f0_0 .net "SBDATO3", 0 0, o0x7fa9a4dac1f8;  0 drivers
o0x7fa9a4dac228 .functor BUFZ 1, c4<z>; HiZ drive
v0x55557839a1b0_0 .net "SBDATO4", 0 0, o0x7fa9a4dac228;  0 drivers
o0x7fa9a4dac258 .functor BUFZ 1, c4<z>; HiZ drive
v0x55557839a270_0 .net "SBDATO5", 0 0, o0x7fa9a4dac258;  0 drivers
o0x7fa9a4dac288 .functor BUFZ 1, c4<z>; HiZ drive
v0x55557839a330_0 .net "SBDATO6", 0 0, o0x7fa9a4dac288;  0 drivers
o0x7fa9a4dac2b8 .functor BUFZ 1, c4<z>; HiZ drive
v0x55557839a3f0_0 .net "SBDATO7", 0 0, o0x7fa9a4dac2b8;  0 drivers
o0x7fa9a4dac2e8 .functor BUFZ 1, c4<z>; HiZ drive
v0x55557839a4b0_0 .net "SBRWI", 0 0, o0x7fa9a4dac2e8;  0 drivers
o0x7fa9a4dac318 .functor BUFZ 1, c4<z>; HiZ drive
v0x55557839a570_0 .net "SBSTBI", 0 0, o0x7fa9a4dac318;  0 drivers
o0x7fa9a4dac348 .functor BUFZ 1, c4<z>; HiZ drive
v0x55557839a630_0 .net "SCKI", 0 0, o0x7fa9a4dac348;  0 drivers
o0x7fa9a4dac378 .functor BUFZ 1, c4<z>; HiZ drive
v0x55557839a6f0_0 .net "SCKO", 0 0, o0x7fa9a4dac378;  0 drivers
o0x7fa9a4dac3a8 .functor BUFZ 1, c4<z>; HiZ drive
v0x55557839a7b0_0 .net "SCKOE", 0 0, o0x7fa9a4dac3a8;  0 drivers
o0x7fa9a4dac3d8 .functor BUFZ 1, c4<z>; HiZ drive
v0x55557839a870_0 .net "SCSNI", 0 0, o0x7fa9a4dac3d8;  0 drivers
o0x7fa9a4dac408 .functor BUFZ 1, c4<z>; HiZ drive
v0x55557839a930_0 .net "SI", 0 0, o0x7fa9a4dac408;  0 drivers
o0x7fa9a4dac438 .functor BUFZ 1, c4<z>; HiZ drive
v0x55557839a9f0_0 .net "SO", 0 0, o0x7fa9a4dac438;  0 drivers
o0x7fa9a4dac468 .functor BUFZ 1, c4<z>; HiZ drive
v0x55557839aab0_0 .net "SOE", 0 0, o0x7fa9a4dac468;  0 drivers
o0x7fa9a4dac498 .functor BUFZ 1, c4<z>; HiZ drive
v0x55557839ab70_0 .net "SPIIRQ", 0 0, o0x7fa9a4dac498;  0 drivers
o0x7fa9a4dac4c8 .functor BUFZ 1, c4<z>; HiZ drive
v0x55557839ac30_0 .net "SPIWKUP", 0 0, o0x7fa9a4dac4c8;  0 drivers
S_0x55557819a470 .scope module, "SB_SPRAM256KA" "SB_SPRAM256KA" 5 2600;
 .timescale -12 -12;
    .port_info 0 /INPUT 14 "ADDRESS";
    .port_info 1 /INPUT 16 "DATAIN";
    .port_info 2 /INPUT 4 "MASKWREN";
    .port_info 3 /INPUT 1 "WREN";
    .port_info 4 /INPUT 1 "CHIPSELECT";
    .port_info 5 /INPUT 1 "CLOCK";
    .port_info 6 /INPUT 1 "STANDBY";
    .port_info 7 /INPUT 1 "SLEEP";
    .port_info 8 /INPUT 1 "POWEROFF";
    .port_info 9 /OUTPUT 16 "DATAOUT";
o0x7fa9a4dacf48 .functor BUFZ 1, c4<z>; HiZ drive
L_0x5555783c03b0 .functor OR 1, o0x7fa9a4dacf48, L_0x5555783c02b0, C4<0>, C4<0>;
o0x7fa9a4dacdf8 .functor BUFZ 14, c4<zzzzzzzzzzzzzz>; HiZ drive
v0x55557839b560_0 .net "ADDRESS", 13 0, o0x7fa9a4dacdf8;  0 drivers
o0x7fa9a4dace28 .functor BUFZ 1, c4<z>; HiZ drive
v0x55557839b660_0 .net "CHIPSELECT", 0 0, o0x7fa9a4dace28;  0 drivers
o0x7fa9a4dace58 .functor BUFZ 1, c4<z>; HiZ drive
v0x55557839b720_0 .net "CLOCK", 0 0, o0x7fa9a4dace58;  0 drivers
o0x7fa9a4dace88 .functor BUFZ 16, c4<zzzzzzzzzzzzzzzz>; HiZ drive
v0x55557839b7c0_0 .net "DATAIN", 15 0, o0x7fa9a4dace88;  0 drivers
v0x55557839b8a0_0 .var "DATAOUT", 15 0;
o0x7fa9a4dacee8 .functor BUFZ 4, c4<zzzz>; HiZ drive
v0x55557839b980_0 .net "MASKWREN", 3 0, o0x7fa9a4dacee8;  0 drivers
o0x7fa9a4dacf18 .functor BUFZ 1, c4<z>; HiZ drive
v0x55557839ba60_0 .net "POWEROFF", 0 0, o0x7fa9a4dacf18;  0 drivers
v0x55557839bb20_0 .net "SLEEP", 0 0, o0x7fa9a4dacf48;  0 drivers
o0x7fa9a4dacf78 .functor BUFZ 1, c4<z>; HiZ drive
v0x55557839bbe0_0 .net "STANDBY", 0 0, o0x7fa9a4dacf78;  0 drivers
o0x7fa9a4dacfa8 .functor BUFZ 1, c4<z>; HiZ drive
v0x55557839bca0_0 .net "WREN", 0 0, o0x7fa9a4dacfa8;  0 drivers
v0x55557839bd60_0 .net *"_ivl_1", 0 0, L_0x5555783c02b0;  1 drivers
v0x55557839be20_0 .var/i "i", 31 0;
v0x55557839bf00 .array "mem", 16383 0, 15 0;
v0x55557839bfc0_0 .net "off", 0 0, L_0x5555783c03b0;  1 drivers
E_0x55557839b480 .event posedge, v0x55557839bfc0_0, v0x55557839b720_0;
E_0x55557839b500 .event negedge, v0x55557839ba60_0;
L_0x5555783c02b0 .reduce/nor o0x7fa9a4dacf18;
S_0x55557819a600 .scope module, "SB_WARMBOOT" "SB_WARMBOOT" 5 2593;
 .timescale -12 -12;
    .port_info 0 /INPUT 1 "BOOT";
    .port_info 1 /INPUT 1 "S1";
    .port_info 2 /INPUT 1 "S0";
o0x7fa9a4dad248 .functor BUFZ 1, c4<z>; HiZ drive
v0x55557839c1c0_0 .net "BOOT", 0 0, o0x7fa9a4dad248;  0 drivers
o0x7fa9a4dad278 .functor BUFZ 1, c4<z>; HiZ drive
v0x55557839c2a0_0 .net "S0", 0 0, o0x7fa9a4dad278;  0 drivers
o0x7fa9a4dad2a8 .functor BUFZ 1, c4<z>; HiZ drive
v0x55557839c360_0 .net "S1", 0 0, o0x7fa9a4dad2a8;  0 drivers
S_0x5555781ad230 .scope module, "Xor" "Xor" 11 7;
 .timescale -12 -12;
    .port_info 0 /INPUT 1 "a";
    .port_info 1 /INPUT 1 "b";
    .port_info 2 /OUTPUT 1 "out";
o0x7fa9a4dad3f8 .functor BUFZ 1, c4<z>; HiZ drive
o0x7fa9a4dad428 .functor BUFZ 1, c4<z>; HiZ drive
L_0x5555783c04d0 .functor XNOR 1, o0x7fa9a4dad3f8, o0x7fa9a4dad428, C4<0>, C4<0>;
v0x55557839c480_0 .net *"_ivl_0", 0 0, L_0x5555783c04d0;  1 drivers
L_0x7fa9a4d54be8 .functor BUFT 1, C4<0>, C4<0>, C4<0>, C4<0>;
v0x55557839c540_0 .net/2u *"_ivl_2", 0 0, L_0x7fa9a4d54be8;  1 drivers
L_0x7fa9a4d54c30 .functor BUFT 1, C4<1>, C4<0>, C4<0>, C4<0>;
v0x55557839c620_0 .net/2u *"_ivl_4", 0 0, L_0x7fa9a4d54c30;  1 drivers
v0x55557839c710_0 .net "a", 0 0, o0x7fa9a4dad3f8;  0 drivers
v0x55557839c7d0_0 .net "b", 0 0, o0x7fa9a4dad428;  0 drivers
v0x55557839c890_0 .net "out", 0 0, L_0x5555783c0600;  1 drivers
L_0x5555783c0600 .functor MUXZ 1, L_0x7fa9a4d54c30, L_0x7fa9a4d54be8, L_0x5555783c04d0, C4<>;
    .scope S_0x555578326d20;
T_3 ;
    %pushi/vec4 0, 0, 1;
    %store/vec4 v0x555578131a20_0, 0, 1;
    %pushi/vec4 0, 0, 1;
    %store/vec4 v0x555578131ae0_0, 0, 1;
    %end;
    .thread T_3, $init;
    .scope S_0x555578326d20;
T_4 ;
    %wait E_0x55557811a9a0;
    %load/vec4 v0x5555782c1190_0;
    %flag_set/vec4 8;
    %jmp/0xz  T_4.0, 8;
    %load/vec4 v0x555578129750_0;
    %flag_set/vec4 8;
    %jmp/0 T_4.2, 8;
    %pushi/vec4 0, 0, 1;
    %jmp/1 T_4.3, 8;
T_4.2 ; End of true expr.
    %load/vec4 v0x5555781356c0_0;
    %jmp/0 T_4.3, 8;
 ; End of false expr.
    %blend;
T_4.3;
    %assign/vec4 v0x555578131a20_0, 0;
T_4.0 ;
    %jmp T_4;
    .thread T_4;
    .scope S_0x555578326d20;
T_5 ;
    %wait E_0x55557811a940;
    %load/vec4 v0x555578129750_0;
    %flag_set/vec4 8;
    %jmp/0xz  T_5.0, 8;
    %pushi/vec4 0, 0, 1;
    %assign/vec4 v0x555578131ae0_0, 0;
    %jmp T_5.1;
T_5.0 ;
    %load/vec4 v0x5555782c1190_0;
    %flag_set/vec4 8;
    %jmp/0xz  T_5.2, 8;
    %load/vec4 v0x5555781356c0_0;
    %assign/vec4 v0x555578131ae0_0, 0;
T_5.2 ;
T_5.1 ;
    %jmp T_5;
    .thread T_5;
    .scope S_0x555578128010;
T_6 ;
    %pushi/vec4 0, 0, 32;
    %store/vec4 v0x555578363cd0_0, 0, 32;
T_6.0 ; Top of for-loop
    %load/vec4 v0x555578363cd0_0;
    %cmpi/s 16, 0, 32;
	  %jmp/0xz T_6.1, 5;
    %pushi/vec4 0, 0, 256;
    %load/vec4 v0x555578363cd0_0;
    %muli 16, 0, 32;
    %part/s 16;
    %pushi/vec4 0, 0, 32;
    %load/vec4 v0x555578363cd0_0;
    %add;
    %ix/vec4/s 4;
    %store/vec4a v0x555578363d70, 4, 0;
    %pushi/vec4 0, 0, 256;
    %load/vec4 v0x555578363cd0_0;
    %muli 16, 0, 32;
    %part/s 16;
    %pushi/vec4 16, 0, 32;
    %load/vec4 v0x555578363cd0_0;
    %add;
    %ix/vec4/s 4;
    %store/vec4a v0x555578363d70, 4, 0;
    %pushi/vec4 0, 0, 256;
    %load/vec4 v0x555578363cd0_0;
    %muli 16, 0, 32;
    %part/s 16;
    %pushi/vec4 32, 0, 32;
    %load/vec4 v0x555578363cd0_0;
    %add;
    %ix/vec4/s 4;
    %store/vec4a v0x555578363d70, 4, 0;
    %pushi/vec4 0, 0, 256;
    %load/vec4 v0x555578363cd0_0;
    %muli 16, 0, 32;
    %part/s 16;
    %pushi/vec4 48, 0, 32;
    %load/vec4 v0x555578363cd0_0;
    %add;
    %ix/vec4/s 4;
    %store/vec4a v0x555578363d70, 4, 0;
    %pushi/vec4 0, 0, 256;
    %load/vec4 v0x555578363cd0_0;
    %muli 16, 0, 32;
    %part/s 16;
    %pushi/vec4 64, 0, 32;
    %load/vec4 v0x555578363cd0_0;
    %add;
    %ix/vec4/s 4;
    %store/vec4a v0x555578363d70, 4, 0;
    %pushi/vec4 0, 0, 256;
    %load/vec4 v0x555578363cd0_0;
    %muli 16, 0, 32;
    %part/s 16;
    %pushi/vec4 80, 0, 32;
    %load/vec4 v0x555578363cd0_0;
    %add;
    %ix/vec4/s 4;
    %store/vec4a v0x555578363d70, 4, 0;
    %pushi/vec4 0, 0, 256;
    %load/vec4 v0x555578363cd0_0;
    %muli 16, 0, 32;
    %part/s 16;
    %pushi/vec4 96, 0, 32;
    %load/vec4 v0x555578363cd0_0;
    %add;
    %ix/vec4/s 4;
    %store/vec4a v0x555578363d70, 4, 0;
    %pushi/vec4 0, 0, 256;
    %load/vec4 v0x555578363cd0_0;
    %muli 16, 0, 32;
    %part/s 16;
    %pushi/vec4 112, 0, 32;
    %load/vec4 v0x555578363cd0_0;
    %add;
    %ix/vec4/s 4;
    %store/vec4a v0x555578363d70, 4, 0;
    %pushi/vec4 0, 0, 256;
    %load/vec4 v0x555578363cd0_0;
    %muli 16, 0, 32;
    %part/s 16;
    %pushi/vec4 128, 0, 32;
    %load/vec4 v0x555578363cd0_0;
    %add;
    %ix/vec4/s 4;
    %store/vec4a v0x555578363d70, 4, 0;
    %pushi/vec4 0, 0, 256;
    %load/vec4 v0x555578363cd0_0;
    %muli 16, 0, 32;
    %part/s 16;
    %pushi/vec4 144, 0, 32;
    %load/vec4 v0x555578363cd0_0;
    %add;
    %ix/vec4/s 4;
    %store/vec4a v0x555578363d70, 4, 0;
    %pushi/vec4 0, 0, 256;
    %load/vec4 v0x555578363cd0_0;
    %muli 16, 0, 32;
    %part/s 16;
    %pushi/vec4 160, 0, 32;
    %load/vec4 v0x555578363cd0_0;
    %add;
    %ix/vec4/s 4;
    %store/vec4a v0x555578363d70, 4, 0;
    %pushi/vec4 0, 0, 256;
    %load/vec4 v0x555578363cd0_0;
    %muli 16, 0, 32;
    %part/s 16;
    %pushi/vec4 176, 0, 32;
    %load/vec4 v0x555578363cd0_0;
    %add;
    %ix/vec4/s 4;
    %store/vec4a v0x555578363d70, 4, 0;
    %pushi/vec4 0, 0, 256;
    %load/vec4 v0x555578363cd0_0;
    %muli 16, 0, 32;
    %part/s 16;
    %pushi/vec4 192, 0, 32;
    %load/vec4 v0x555578363cd0_0;
    %add;
    %ix/vec4/s 4;
    %store/vec4a v0x555578363d70, 4, 0;
    %pushi/vec4 0, 0, 256;
    %load/vec4 v0x555578363cd0_0;
    %muli 16, 0, 32;
    %part/s 16;
    %pushi/vec4 208, 0, 32;
    %load/vec4 v0x555578363cd0_0;
    %add;
    %ix/vec4/s 4;
    %store/vec4a v0x555578363d70, 4, 0;
    %pushi/vec4 0, 0, 256;
    %load/vec4 v0x555578363cd0_0;
    %muli 16, 0, 32;
    %part/s 16;
    %pushi/vec4 224, 0, 32;
    %load/vec4 v0x555578363cd0_0;
    %add;
    %ix/vec4/s 4;
    %store/vec4a v0x555578363d70, 4, 0;
    %pushi/vec4 0, 0, 256;
    %load/vec4 v0x555578363cd0_0;
    %muli 16, 0, 32;
    %part/s 16;
    %pushi/vec4 240, 0, 32;
    %load/vec4 v0x555578363cd0_0;
    %add;
    %ix/vec4/s 4;
    %store/vec4a v0x555578363d70, 4, 0;
T_6.2 ; for-loop step statement
    %load/vec4 v0x555578363cd0_0;
    %addi 1, 0, 32;
    %store/vec4 v0x555578363cd0_0, 0, 32;
    %jmp T_6.0;
T_6.1 ; for-loop exit label
    %end;
    .thread T_6;
    .scope S_0x555578128010;
T_7 ;
    %wait E_0x555578121600;
    %load/vec4 v0x555578363b90_0;
    %flag_set/vec4 9;
    %flag_get/vec4 9;
    %jmp/0 T_7.2, 9;
    %load/vec4 v0x5555783639b0_0;
    %and;
T_7.2;
    %flag_set/vec4 8;
    %jmp/0xz  T_7.0, 8;
    %load/vec4 v0x555578363c30_0;
    %parti/s 1, 0, 2;
    %nor/r;
    %flag_set/vec4 8;
    %jmp/0xz  T_7.3, 8;
    %load/vec4 v0x555578363af0_0;
    %parti/s 1, 0, 2;
    %load/vec4 v0x5555781a2620_0;
    %parti/s 8, 0, 2;
    %pad/u 10;
    %ix/vec4 3;
    %ix/load 4, 0, 0; Constant delay
    %assign/vec4/a/d v0x555578363d70, 0, 4;
T_7.3 ;
    %load/vec4 v0x555578363c30_0;
    %parti/s 1, 1, 2;
    %nor/r;
    %flag_set/vec4 8;
    %jmp/0xz  T_7.5, 8;
    %load/vec4 v0x555578363af0_0;
    %parti/s 1, 1, 2;
    %load/vec4 v0x5555781a2620_0;
    %parti/s 8, 0, 2;
    %pad/u 10;
    %ix/vec4 3;
    %ix/load 4, 1, 0; part off
    %ix/load 5, 0, 0; Constant delay
    %assign/vec4/a/d v0x555578363d70, 4, 5;
T_7.5 ;
    %load/vec4 v0x555578363c30_0;
    %parti/s 1, 2, 3;
    %nor/r;
    %flag_set/vec4 8;
    %jmp/0xz  T_7.7, 8;
    %load/vec4 v0x555578363af0_0;
    %parti/s 1, 2, 3;
    %load/vec4 v0x5555781a2620_0;
    %parti/s 8, 0, 2;
    %pad/u 10;
    %ix/vec4 3;
    %ix/load 4, 2, 0; part off
    %ix/load 5, 0, 0; Constant delay
    %assign/vec4/a/d v0x555578363d70, 4, 5;
T_7.7 ;
    %load/vec4 v0x555578363c30_0;
    %parti/s 1, 3, 3;
    %nor/r;
    %flag_set/vec4 8;
    %jmp/0xz  T_7.9, 8;
    %load/vec4 v0x555578363af0_0;
    %parti/s 1, 3, 3;
    %load/vec4 v0x5555781a2620_0;
    %parti/s 8, 0, 2;
    %pad/u 10;
    %ix/vec4 3;
    %ix/load 4, 3, 0; part off
    %ix/load 5, 0, 0; Constant delay
    %assign/vec4/a/d v0x555578363d70, 4, 5;
T_7.9 ;
    %load/vec4 v0x555578363c30_0;
    %parti/s 1, 4, 4;
    %nor/r;
    %flag_set/vec4 8;
    %jmp/0xz  T_7.11, 8;
    %load/vec4 v0x555578363af0_0;
    %parti/s 1, 4, 4;
    %load/vec4 v0x5555781a2620_0;
    %parti/s 8, 0, 2;
    %pad/u 10;
    %ix/vec4 3;
    %ix/load 4, 4, 0; part off
    %ix/load 5, 0, 0; Constant delay
    %assign/vec4/a/d v0x555578363d70, 4, 5;
T_7.11 ;
    %load/vec4 v0x555578363c30_0;
    %parti/s 1, 5, 4;
    %nor/r;
    %flag_set/vec4 8;
    %jmp/0xz  T_7.13, 8;
    %load/vec4 v0x555578363af0_0;
    %parti/s 1, 5, 4;
    %load/vec4 v0x5555781a2620_0;
    %parti/s 8, 0, 2;
    %pad/u 10;
    %ix/vec4 3;
    %ix/load 4, 5, 0; part off
    %ix/load 5, 0, 0; Constant delay
    %assign/vec4/a/d v0x555578363d70, 4, 5;
T_7.13 ;
    %load/vec4 v0x555578363c30_0;
    %parti/s 1, 6, 4;
    %nor/r;
    %flag_set/vec4 8;
    %jmp/0xz  T_7.15, 8;
    %load/vec4 v0x555578363af0_0;
    %parti/s 1, 6, 4;
    %load/vec4 v0x5555781a2620_0;
    %parti/s 8, 0, 2;
    %pad/u 10;
    %ix/vec4 3;
    %ix/load 4, 6, 0; part off
    %ix/load 5, 0, 0; Constant delay
    %assign/vec4/a/d v0x555578363d70, 4, 5;
T_7.15 ;
    %load/vec4 v0x555578363c30_0;
    %parti/s 1, 7, 4;
    %nor/r;
    %flag_set/vec4 8;
    %jmp/0xz  T_7.17, 8;
    %load/vec4 v0x555578363af0_0;
    %parti/s 1, 7, 4;
    %load/vec4 v0x5555781a2620_0;
    %parti/s 8, 0, 2;
    %pad/u 10;
    %ix/vec4 3;
    %ix/load 4, 7, 0; part off
    %ix/load 5, 0, 0; Constant delay
    %assign/vec4/a/d v0x555578363d70, 4, 5;
T_7.17 ;
    %load/vec4 v0x555578363c30_0;
    %parti/s 1, 8, 5;
    %nor/r;
    %flag_set/vec4 8;
    %jmp/0xz  T_7.19, 8;
    %load/vec4 v0x555578363af0_0;
    %parti/s 1, 8, 5;
    %load/vec4 v0x5555781a2620_0;
    %parti/s 8, 0, 2;
    %pad/u 10;
    %ix/vec4 3;
    %ix/load 4, 8, 0; part off
    %ix/load 5, 0, 0; Constant delay
    %assign/vec4/a/d v0x555578363d70, 4, 5;
T_7.19 ;
    %load/vec4 v0x555578363c30_0;
    %parti/s 1, 9, 5;
    %nor/r;
    %flag_set/vec4 8;
    %jmp/0xz  T_7.21, 8;
    %load/vec4 v0x555578363af0_0;
    %parti/s 1, 9, 5;
    %load/vec4 v0x5555781a2620_0;
    %parti/s 8, 0, 2;
    %pad/u 10;
    %ix/vec4 3;
    %ix/load 4, 9, 0; part off
    %ix/load 5, 0, 0; Constant delay
    %assign/vec4/a/d v0x555578363d70, 4, 5;
T_7.21 ;
    %load/vec4 v0x555578363c30_0;
    %parti/s 1, 10, 5;
    %nor/r;
    %flag_set/vec4 8;
    %jmp/0xz  T_7.23, 8;
    %load/vec4 v0x555578363af0_0;
    %parti/s 1, 10, 5;
    %load/vec4 v0x5555781a2620_0;
    %parti/s 8, 0, 2;
    %pad/u 10;
    %ix/vec4 3;
    %ix/load 4, 10, 0; part off
    %ix/load 5, 0, 0; Constant delay
    %assign/vec4/a/d v0x555578363d70, 4, 5;
T_7.23 ;
    %load/vec4 v0x555578363c30_0;
    %parti/s 1, 11, 5;
    %nor/r;
    %flag_set/vec4 8;
    %jmp/0xz  T_7.25, 8;
    %load/vec4 v0x555578363af0_0;
    %parti/s 1, 11, 5;
    %load/vec4 v0x5555781a2620_0;
    %parti/s 8, 0, 2;
    %pad/u 10;
    %ix/vec4 3;
    %ix/load 4, 11, 0; part off
    %ix/load 5, 0, 0; Constant delay
    %assign/vec4/a/d v0x555578363d70, 4, 5;
T_7.25 ;
    %load/vec4 v0x555578363c30_0;
    %parti/s 1, 12, 5;
    %nor/r;
    %flag_set/vec4 8;
    %jmp/0xz  T_7.27, 8;
    %load/vec4 v0x555578363af0_0;
    %parti/s 1, 12, 5;
    %load/vec4 v0x5555781a2620_0;
    %parti/s 8, 0, 2;
    %pad/u 10;
    %ix/vec4 3;
    %ix/load 4, 12, 0; part off
    %ix/load 5, 0, 0; Constant delay
    %assign/vec4/a/d v0x555578363d70, 4, 5;
T_7.27 ;
    %load/vec4 v0x555578363c30_0;
    %parti/s 1, 13, 5;
    %nor/r;
    %flag_set/vec4 8;
    %jmp/0xz  T_7.29, 8;
    %load/vec4 v0x555578363af0_0;
    %parti/s 1, 13, 5;
    %load/vec4 v0x5555781a2620_0;
    %parti/s 8, 0, 2;
    %pad/u 10;
    %ix/vec4 3;
    %ix/load 4, 13, 0; part off
    %ix/load 5, 0, 0; Constant delay
    %assign/vec4/a/d v0x555578363d70, 4, 5;
T_7.29 ;
    %load/vec4 v0x555578363c30_0;
    %parti/s 1, 14, 5;
    %nor/r;
    %flag_set/vec4 8;
    %jmp/0xz  T_7.31, 8;
    %load/vec4 v0x555578363af0_0;
    %parti/s 1, 14, 5;
    %load/vec4 v0x5555781a2620_0;
    %parti/s 8, 0, 2;
    %pad/u 10;
    %ix/vec4 3;
    %ix/load 4, 14, 0; part off
    %ix/load 5, 0, 0; Constant delay
    %assign/vec4/a/d v0x555578363d70, 4, 5;
T_7.31 ;
    %load/vec4 v0x555578363c30_0;
    %parti/s 1, 15, 5;
    %nor/r;
    %flag_set/vec4 8;
    %jmp/0xz  T_7.33, 8;
    %load/vec4 v0x555578363af0_0;
    %parti/s 1, 15, 5;
    %load/vec4 v0x5555781a2620_0;
    %parti/s 8, 0, 2;
    %pad/u 10;
    %ix/vec4 3;
    %ix/load 4, 15, 0; part off
    %ix/load 5, 0, 0; Constant delay
    %assign/vec4/a/d v0x555578363d70, 4, 5;
T_7.33 ;
T_7.0 ;
    %jmp T_7;
    .thread T_7;
    .scope S_0x555578128010;
T_8 ;
    %wait E_0x5555781215a0;
    %load/vec4 v0x5555781a2480_0;
    %flag_set/vec4 9;
    %flag_get/vec4 9;
    %jmp/0 T_8.2, 9;
    %load/vec4 v0x5555781169d0_0;
    %and;
T_8.2;
    %flag_set/vec4 8;
    %jmp/0xz  T_8.0, 8;
    %load/vec4 v0x555578116850_0;
    %parti/s 8, 0, 2;
    %pad/u 10;
    %ix/vec4 4;
    %load/vec4a v0x555578363d70, 4;
    %load/vec4 v0x5555781a2540_0;
    %inv;
    %and;
    %assign/vec4 v0x5555781a23a0_0, 0;
T_8.0 ;
    %jmp T_8;
    .thread T_8;
    .scope S_0x55557833c340;
T_9 ;
    %pushi/vec4 0, 0, 1;
    %store/vec4 v0x55557836d3d0_0, 0, 1;
    %end;
    .thread T_9, $init;
    .scope S_0x55557833c340;
T_10 ;
    %vpi_call/w 6 32 "$dumpvars", 32'sb00000000000000000000000000000000, S_0x55557833c340 {0 0 0};
    %vpi_call/w 6 34 "$display", "------------------------" {0 0 0};
    %vpi_call/w 6 35 "$display", "Testbench: Mux" {0 0 0};
    %pushi/vec4 0, 0, 1;
    %store/vec4 v0x55557836d260_0, 0, 1;
    %pushi/vec4 0, 0, 1;
    %store/vec4 v0x55557836d300_0, 0, 1;
    %pushi/vec4 0, 0, 1;
    %store/vec4 v0x55557836d660_0, 0, 1;
    %fork TD_Mux_tb.check, S_0x55557836d060;
    %join;
    %pushi/vec4 0, 0, 1;
    %store/vec4 v0x55557836d260_0, 0, 1;
    %pushi/vec4 0, 0, 1;
    %store/vec4 v0x55557836d300_0, 0, 1;
    %pushi/vec4 1, 0, 1;
    %store/vec4 v0x55557836d660_0, 0, 1;
    %fork TD_Mux_tb.check, S_0x55557836d060;
    %join;
    %pushi/vec4 0, 0, 1;
    %store/vec4 v0x55557836d260_0, 0, 1;
    %pushi/vec4 1, 0, 1;
    %store/vec4 v0x55557836d300_0, 0, 1;
    %pushi/vec4 0, 0, 1;
    %store/vec4 v0x55557836d660_0, 0, 1;
    %fork TD_Mux_tb.check, S_0x55557836d060;
    %join;
    %pushi/vec4 0, 0, 1;
    %store/vec4 v0x55557836d260_0, 0, 1;
    %pushi/vec4 1, 0, 1;
    %store/vec4 v0x55557836d300_0, 0, 1;
    %pushi/vec4 1, 0, 1;
    %store/vec4 v0x55557836d660_0, 0, 1;
    %fork TD_Mux_tb.check, S_0x55557836d060;
    %join;
    %pushi/vec4 1, 0, 1;
    %store/vec4 v0x55557836d260_0, 0, 1;
    %pushi/vec4 0, 0, 1;
    %store/vec4 v0x55557836d300_0, 0, 1;
    %pushi/vec4 0, 0, 1;
    %store/vec4 v0x55557836d660_0, 0, 1;
    %fork TD_Mux_tb.check, S_0x55557836d060;
    %join;
    %pushi/vec4 1, 0, 1;
    %store/vec4 v0x55557836d260_0, 0, 1;
    %pushi/vec4 0, 0, 1;
    %store/vec4 v0x55557836d300_0, 0, 1;
    %pushi/vec4 1, 0, 1;
    %store/vec4 v0x55557836d660_0, 0, 1;
    %fork TD_Mux_tb.check, S_0x55557836d060;
    %join;
    %pushi/vec4 1, 0, 1;
    %store/vec4 v0x55557836d260_0, 0, 1;
    %pushi/vec4 1, 0, 1;
    %store/vec4 v0x55557836d300_0, 0, 1;
    %pushi/vec4 0, 0, 1;
    %store/vec4 v0x55557836d660_0, 0, 1;
    %fork TD_Mux_tb.check, S_0x55557836d060;
    %join;
    %pushi/vec4 1, 0, 1;
    %store/vec4 v0x55557836d260_0, 0, 1;
    %pushi/vec4 1, 0, 1;
    %store/vec4 v0x55557836d300_0, 0, 1;
    %pushi/vec4 1, 0, 1;
    %store/vec4 v0x55557836d660_0, 0, 1;
    %fork TD_Mux_tb.check, S_0x55557836d060;
    %join;
    %load/vec4 v0x55557836d3d0_0;
    %pad/u 32;
    %cmpi/e 0, 0, 32;
    %jmp/0xz  T_10.0, 4;
    %vpi_call/w 6 46 "$display", "passed" {0 0 0};
T_10.0 ;
    %vpi_call/w 6 47 "$display", "------------------------" {0 0 0};
    %vpi_call/w 6 48 "$finish" {0 0 0};
    %end;
    .thread T_10;
    .scope S_0x555578324a30;
T_11 ;
    %pushi/vec4 0, 0, 1;
    %store/vec4 v0x55557836e680_0, 0, 1;
    %end;
    .thread T_11;
    .scope S_0x555578324a30;
T_12 ;
    %wait E_0x55557836e460;
    %load/vec4 v0x55557836e5c0_0;
    %assign/vec4 v0x55557836e680_0, 0;
    %jmp T_12;
    .thread T_12;
    .scope S_0x55557831f3e0;
T_13 ;
    %pushi/vec4 0, 0, 1;
    %store/vec4 v0x55557836ea70_0, 0, 1;
    %end;
    .thread T_13;
    .scope S_0x55557831f3e0;
T_14 ;
    %wait E_0x55557836e7a0;
    %load/vec4 v0x55557836e9a0_0;
    %flag_set/vec4 8;
    %jmp/0xz  T_14.0, 8;
    %load/vec4 v0x55557836e8e0_0;
    %assign/vec4 v0x55557836ea70_0, 0;
T_14.0 ;
    %jmp T_14;
    .thread T_14;
    .scope S_0x5555783073e0;
T_15 ;
    %pushi/vec4 0, 0, 1;
    %store/vec4 v0x55557836eea0_0, 0, 1;
    %end;
    .thread T_15;
    .scope S_0x5555783073e0;
T_16 ;
    %wait E_0x55557836ebe0;
    %load/vec4 v0x55557836ef60_0;
    %flag_set/vec4 8;
    %jmp/0xz  T_16.0, 8;
    %pushi/vec4 0, 0, 1;
    %assign/vec4 v0x55557836eea0_0, 0;
    %jmp T_16.1;
T_16.0 ;
    %load/vec4 v0x55557836ee00_0;
    %flag_set/vec4 8;
    %jmp/0xz  T_16.2, 8;
    %load/vec4 v0x55557836ed40_0;
    %assign/vec4 v0x55557836eea0_0, 0;
T_16.2 ;
T_16.1 ;
    %jmp T_16;
    .thread T_16;
    .scope S_0x555578306ff0;
T_17 ;
    %pushi/vec4 0, 0, 1;
    %store/vec4 v0x55557836f3d0_0, 0, 1;
    %end;
    .thread T_17;
    .scope S_0x555578306ff0;
T_18 ;
    %wait E_0x55557836f110;
    %load/vec4 v0x55557836f490_0;
    %flag_set/vec4 8;
    %jmp/0xz  T_18.0, 8;
    %pushi/vec4 1, 0, 1;
    %assign/vec4 v0x55557836f3d0_0, 0;
    %jmp T_18.1;
T_18.0 ;
    %load/vec4 v0x55557836f330_0;
    %flag_set/vec4 8;
    %jmp/0xz  T_18.2, 8;
    %load/vec4 v0x55557836f270_0;
    %assign/vec4 v0x55557836f3d0_0, 0;
T_18.2 ;
T_18.1 ;
    %jmp T_18;
    .thread T_18;
    .scope S_0x5555783040f0;
T_19 ;
    %pushi/vec4 0, 0, 1;
    %store/vec4 v0x55557836f900_0, 0, 1;
    %end;
    .thread T_19;
    .scope S_0x5555783040f0;
T_20 ;
    %wait E_0x55557836f640;
    %load/vec4 v0x55557836f860_0;
    %flag_set/vec4 8;
    %jmp/0xz  T_20.0, 8;
    %load/vec4 v0x55557836f9c0_0;
    %flag_set/vec4 8;
    %jmp/0xz  T_20.2, 8;
    %pushi/vec4 0, 0, 1;
    %assign/vec4 v0x55557836f900_0, 0;
    %jmp T_20.3;
T_20.2 ;
    %load/vec4 v0x55557836f7a0_0;
    %assign/vec4 v0x55557836f900_0, 0;
T_20.3 ;
T_20.0 ;
    %jmp T_20;
    .thread T_20;
    .scope S_0x555578303d00;
T_21 ;
    %pushi/vec4 0, 0, 1;
    %store/vec4 v0x55557836fe30_0, 0, 1;
    %end;
    .thread T_21;
    .scope S_0x555578303d00;
T_22 ;
    %wait E_0x55557836fb70;
    %load/vec4 v0x55557836fd90_0;
    %flag_set/vec4 8;
    %jmp/0xz  T_22.0, 8;
    %load/vec4 v0x55557836fef0_0;
    %flag_set/vec4 8;
    %jmp/0xz  T_22.2, 8;
    %pushi/vec4 1, 0, 1;
    %assign/vec4 v0x55557836fe30_0, 0;
    %jmp T_22.3;
T_22.2 ;
    %load/vec4 v0x55557836fcd0_0;
    %assign/vec4 v0x55557836fe30_0, 0;
T_22.3 ;
T_22.0 ;
    %jmp T_22;
    .thread T_22;
    .scope S_0x5555782fdff0;
T_23 ;
    %pushi/vec4 0, 0, 1;
    %store/vec4 v0x5555783702c0_0, 0, 1;
    %end;
    .thread T_23;
    .scope S_0x5555782fdff0;
T_24 ;
    %wait E_0x5555783700a0;
    %load/vec4 v0x555578370200_0;
    %assign/vec4 v0x5555783702c0_0, 0;
    %jmp T_24;
    .thread T_24;
    .scope S_0x555578300c90;
T_25 ;
    %pushi/vec4 0, 0, 1;
    %store/vec4 v0x5555783706b0_0, 0, 1;
    %end;
    .thread T_25;
    .scope S_0x555578300c90;
T_26 ;
    %wait E_0x5555783703e0;
    %load/vec4 v0x5555783705e0_0;
    %flag_set/vec4 8;
    %jmp/0xz  T_26.0, 8;
    %load/vec4 v0x555578370520_0;
    %assign/vec4 v0x5555783706b0_0, 0;
T_26.0 ;
    %jmp T_26;
    .thread T_26;
    .scope S_0x5555783008a0;
T_27 ;
    %pushi/vec4 0, 0, 1;
    %store/vec4 v0x555578370ae0_0, 0, 1;
    %end;
    .thread T_27;
    .scope S_0x5555783008a0;
T_28 ;
    %wait E_0x555578370820;
    %load/vec4 v0x555578370ba0_0;
    %flag_set/vec4 8;
    %jmp/0xz  T_28.0, 8;
    %pushi/vec4 0, 0, 1;
    %assign/vec4 v0x555578370ae0_0, 0;
    %jmp T_28.1;
T_28.0 ;
    %load/vec4 v0x555578370a40_0;
    %flag_set/vec4 8;
    %jmp/0xz  T_28.2, 8;
    %load/vec4 v0x555578370980_0;
    %assign/vec4 v0x555578370ae0_0, 0;
T_28.2 ;
T_28.1 ;
    %jmp T_28;
    .thread T_28;
    .scope S_0x5555782fdc30;
T_29 ;
    %pushi/vec4 0, 0, 1;
    %store/vec4 v0x555578371010_0, 0, 1;
    %end;
    .thread T_29;
    .scope S_0x5555782fdc30;
T_30 ;
    %wait E_0x555578370d50;
    %load/vec4 v0x5555783710d0_0;
    %flag_set/vec4 8;
    %jmp/0xz  T_30.0, 8;
    %pushi/vec4 1, 0, 1;
    %assign/vec4 v0x555578371010_0, 0;
    %jmp T_30.1;
T_30.0 ;
    %load/vec4 v0x555578370f70_0;
    %flag_set/vec4 8;
    %jmp/0xz  T_30.2, 8;
    %load/vec4 v0x555578370eb0_0;
    %assign/vec4 v0x555578371010_0, 0;
T_30.2 ;
T_30.1 ;
    %jmp T_30;
    .thread T_30;
    .scope S_0x5555782e4860;
T_31 ;
    %pushi/vec4 0, 0, 1;
    %store/vec4 v0x555578371540_0, 0, 1;
    %end;
    .thread T_31;
    .scope S_0x5555782e4860;
T_32 ;
    %wait E_0x555578371280;
    %load/vec4 v0x5555783714a0_0;
    %flag_set/vec4 8;
    %jmp/0xz  T_32.0, 8;
    %load/vec4 v0x555578371600_0;
    %flag_set/vec4 8;
    %jmp/0xz  T_32.2, 8;
    %pushi/vec4 0, 0, 1;
    %assign/vec4 v0x555578371540_0, 0;
    %jmp T_32.3;
T_32.2 ;
    %load/vec4 v0x5555783713e0_0;
    %assign/vec4 v0x555578371540_0, 0;
T_32.3 ;
T_32.0 ;
    %jmp T_32;
    .thread T_32;
    .scope S_0x5555782e4520;
T_33 ;
    %pushi/vec4 0, 0, 1;
    %store/vec4 v0x555578371a70_0, 0, 1;
    %end;
    .thread T_33;
    .scope S_0x5555782e4520;
T_34 ;
    %wait E_0x5555783717b0;
    %load/vec4 v0x5555783719d0_0;
    %flag_set/vec4 8;
    %jmp/0xz  T_34.0, 8;
    %load/vec4 v0x555578371b30_0;
    %flag_set/vec4 8;
    %jmp/0xz  T_34.2, 8;
    %pushi/vec4 1, 0, 1;
    %assign/vec4 v0x555578371a70_0, 0;
    %jmp T_34.3;
T_34.2 ;
    %load/vec4 v0x555578371910_0;
    %assign/vec4 v0x555578371a70_0, 0;
T_34.3 ;
T_34.0 ;
    %jmp T_34;
    .thread T_34;
    .scope S_0x5555782e0410;
T_35 ;
    %pushi/vec4 0, 0, 1;
    %store/vec4 v0x555578371f00_0, 0, 1;
    %end;
    .thread T_35;
    .scope S_0x5555782e0410;
T_36 ;
    %wait E_0x555578371ce0;
    %load/vec4 v0x555578371fa0_0;
    %flag_set/vec4 8;
    %jmp/0xz  T_36.0, 8;
    %pushi/vec4 0, 0, 1;
    %assign/vec4 v0x555578371f00_0, 0;
    %jmp T_36.1;
T_36.0 ;
    %load/vec4 v0x555578371e40_0;
    %assign/vec4 v0x555578371f00_0, 0;
T_36.1 ;
    %jmp T_36;
    .thread T_36;
    .scope S_0x5555782e0050;
T_37 ;
    %pushi/vec4 0, 0, 1;
    %store/vec4 v0x555578372330_0, 0, 1;
    %end;
    .thread T_37;
    .scope S_0x5555782e0050;
T_38 ;
    %wait E_0x555578372110;
    %load/vec4 v0x5555783723d0_0;
    %flag_set/vec4 8;
    %jmp/0xz  T_38.0, 8;
    %pushi/vec4 1, 0, 1;
    %assign/vec4 v0x555578372330_0, 0;
    %jmp T_38.1;
T_38.0 ;
    %load/vec4 v0x555578372270_0;
    %assign/vec4 v0x555578372330_0, 0;
T_38.1 ;
    %jmp T_38;
    .thread T_38;
    .scope S_0x5555782cd490;
T_39 ;
    %pushi/vec4 0, 0, 1;
    %store/vec4 v0x555578372760_0, 0, 1;
    %end;
    .thread T_39;
    .scope S_0x5555782cd490;
T_40 ;
    %wait E_0x555578372540;
    %load/vec4 v0x555578372800_0;
    %flag_set/vec4 8;
    %jmp/0xz  T_40.0, 8;
    %pushi/vec4 0, 0, 1;
    %assign/vec4 v0x555578372760_0, 0;
    %jmp T_40.1;
T_40.0 ;
    %load/vec4 v0x5555783726a0_0;
    %assign/vec4 v0x555578372760_0, 0;
T_40.1 ;
    %jmp T_40;
    .thread T_40;
    .scope S_0x5555782cd0a0;
T_41 ;
    %pushi/vec4 0, 0, 1;
    %store/vec4 v0x555578372b90_0, 0, 1;
    %end;
    .thread T_41;
    .scope S_0x5555782cd0a0;
T_42 ;
    %wait E_0x555578372970;
    %load/vec4 v0x555578372c30_0;
    %flag_set/vec4 8;
    %jmp/0xz  T_42.0, 8;
    %pushi/vec4 1, 0, 1;
    %assign/vec4 v0x555578372b90_0, 0;
    %jmp T_42.1;
T_42.0 ;
    %load/vec4 v0x555578372ad0_0;
    %assign/vec4 v0x555578372b90_0, 0;
T_42.1 ;
    %jmp T_42;
    .thread T_42;
    .scope S_0x5555782cc8d0;
T_43 ;
    %pushi/vec4 0, 0, 1;
    %store/vec4 v0x555578372fc0_0, 0, 1;
    %end;
    .thread T_43;
    .scope S_0x5555782cc8d0;
T_44 ;
    %wait E_0x555578372da0;
    %load/vec4 v0x555578373060_0;
    %flag_set/vec4 8;
    %jmp/0xz  T_44.0, 8;
    %pushi/vec4 0, 0, 1;
    %assign/vec4 v0x555578372fc0_0, 0;
    %jmp T_44.1;
T_44.0 ;
    %load/vec4 v0x555578372f00_0;
    %assign/vec4 v0x555578372fc0_0, 0;
T_44.1 ;
    %jmp T_44;
    .thread T_44;
    .scope S_0x5555782ca580;
T_45 ;
    %pushi/vec4 0, 0, 1;
    %store/vec4 v0x5555783733f0_0, 0, 1;
    %end;
    .thread T_45;
    .scope S_0x5555782ca580;
T_46 ;
    %wait E_0x5555783731d0;
    %load/vec4 v0x555578373490_0;
    %flag_set/vec4 8;
    %jmp/0xz  T_46.0, 8;
    %pushi/vec4 1, 0, 1;
    %assign/vec4 v0x5555783733f0_0, 0;
    %jmp T_46.1;
T_46.0 ;
    %load/vec4 v0x555578373330_0;
    %assign/vec4 v0x5555783733f0_0, 0;
T_46.1 ;
    %jmp T_46;
    .thread T_46;
    .scope S_0x55557835f3c0;
T_47 ;
    %pushi/vec4 0, 0, 1;
    %store/vec4 v0x555578373820_0, 0, 1;
    %end;
    .thread T_47;
    .scope S_0x55557835f3c0;
T_48 ;
    %wait E_0x555578373600;
    %load/vec4 v0x5555783738c0_0;
    %flag_set/vec4 8;
    %jmp/0xz  T_48.0, 8;
    %pushi/vec4 0, 0, 1;
    %assign/vec4 v0x555578373820_0, 0;
    %jmp T_48.1;
T_48.0 ;
    %load/vec4 v0x555578373760_0;
    %assign/vec4 v0x555578373820_0, 0;
T_48.1 ;
    %jmp T_48;
    .thread T_48;
    .scope S_0x55557834d150;
T_49 ;
    %pushi/vec4 0, 0, 1;
    %store/vec4 v0x555578373c50_0, 0, 1;
    %end;
    .thread T_49;
    .scope S_0x55557834d150;
T_50 ;
    %wait E_0x555578373a30;
    %load/vec4 v0x555578373cf0_0;
    %flag_set/vec4 8;
    %jmp/0xz  T_50.0, 8;
    %pushi/vec4 1, 0, 1;
    %assign/vec4 v0x555578373c50_0, 0;
    %jmp T_50.1;
T_50.0 ;
    %load/vec4 v0x555578373b90_0;
    %assign/vec4 v0x555578373c50_0, 0;
T_50.1 ;
    %jmp T_50;
    .thread T_50;
    .scope S_0x555578374900;
T_51 ;
    %wait E_0x555578374c20;
    %load/vec4 v0x555578375690_0;
    %assign/vec4 v0x555578375750_0, 0;
    %jmp T_51;
    .thread T_51;
    .scope S_0x555578374900;
T_52 ;
    %wait E_0x555578374c20;
    %load/vec4 v0x555578375690_0;
    %flag_set/vec4 8;
    %jmp/0xz  T_52.0, 8;
    %load/vec4 v0x555578375430_0;
    %assign/vec4 v0x555578375b60_0, 0;
T_52.0 ;
    %jmp T_52;
    .thread T_52;
    .scope S_0x555578374900;
T_53 ;
    %wait E_0x555578374bc0;
    %load/vec4 v0x555578375750_0;
    %flag_set/vec4 8;
    %jmp/0xz  T_53.0, 8;
    %load/vec4 v0x555578375430_0;
    %assign/vec4 v0x555578375c20_0, 0;
T_53.0 ;
    %jmp T_53;
    .thread T_53;
    .scope S_0x555578374900;
T_54 ;
    %wait E_0x555578374ae0;
    %load/vec4 v0x555578375690_0;
    %assign/vec4 v0x555578375810_0, 0;
    %jmp T_54;
    .thread T_54;
    .scope S_0x555578374900;
T_55 ;
    %wait E_0x555578374ae0;
    %load/vec4 v0x555578375690_0;
    %flag_set/vec4 8;
    %jmp/0xz  T_55.0, 8;
    %load/vec4 v0x555578374ed0_0;
    %assign/vec4 v0x555578375da0_0, 0;
T_55.0 ;
    %jmp T_55;
    .thread T_55;
    .scope S_0x555578374900;
T_56 ;
    %wait E_0x555578374b60;
    %load/vec4 v0x555578375810_0;
    %flag_set/vec4 8;
    %jmp/0xz  T_56.0, 8;
    %load/vec4 v0x555578374f90_0;
    %assign/vec4 v0x555578375e60_0, 0;
T_56.0 ;
    %jmp T_56;
    .thread T_56;
    .scope S_0x555578374900;
T_57 ;
    %wait E_0x555578374ae0;
    %load/vec4 v0x555578375690_0;
    %flag_set/vec4 8;
    %jmp/0xz  T_57.0, 8;
    %load/vec4 v0x5555783752e0_0;
    %assign/vec4 v0x5555783760a0_0, 0;
T_57.0 ;
    %jmp T_57;
    .thread T_57;
    .scope S_0x555578374240;
T_58 ;
    %wait E_0x555578374870;
    %load/vec4 v0x555578375b60_0;
    %store/vec4 v0x5555783758d0_0, 0, 1;
    %load/vec4 v0x555578375c20_0;
    %store/vec4 v0x555578375990_0, 0, 1;
    %jmp T_58;
    .thread T_58, $push;
    .scope S_0x555578374240;
T_59 ;
    %wait E_0x555578374810;
    %load/vec4 v0x555578375220_0;
    %assign/vec4 v0x555578375f20_0, 0;
    %jmp T_59;
    .thread T_59, $push;
    .scope S_0x555578374240;
T_60 ;
    %wait E_0x5555783747b0;
    %load/vec4 v0x555578375f20_0;
    %assign/vec4 v0x555578375fe0_0, 0;
    %jmp T_60;
    .thread T_60, $push;
    .scope S_0x555578374240;
T_61 ;
    %wait E_0x555578374750;
    %load/vec4 v0x555578375fe0_0;
    %pushi/vec4 0, 0, 1;
    %xor;
    %flag_set/vec4 8;
    %jmp/1 T_61.2, 8;
    %pushi/vec4 0, 0, 1;
    %flag_set/vec4 9;
    %flag_or 8, 9;
T_61.2;
    %jmp/0 T_61.0, 8;
    %load/vec4 v0x555578375da0_0;
    %jmp/1 T_61.1, 8;
T_61.0 ; End of true expr.
    %load/vec4 v0x555578375e60_0;
    %jmp/0 T_61.1, 8;
 ; End of false expr.
    %blend;
T_61.1;
    %store/vec4 v0x555578375ce0_0, 0, 1;
    %jmp T_61;
    .thread T_61, $push;
    .scope S_0x555578379b50;
T_62 ;
    %wait E_0x555578379e20;
    %load/vec4 v0x555578379eb0_0;
    %flag_set/vec4 8;
    %jmp/0xz  T_62.0, 8;
    %load/vec4 v0x55557837a5a0_0;
    %assign/vec4 v0x55557837a960_0, 0;
T_62.0 ;
    %jmp T_62;
    .thread T_62;
    .scope S_0x555578379b50;
T_63 ;
    %wait E_0x555578379dc0;
    %load/vec4 v0x555578379eb0_0;
    %flag_set/vec4 8;
    %jmp/0xz  T_63.0, 8;
    %load/vec4 v0x55557837a5a0_0;
    %assign/vec4 v0x55557837aa20_0, 0;
T_63.0 ;
    %jmp T_63;
    .thread T_63;
    .scope S_0x555578379b50;
T_64 ;
    %wait E_0x555578379ce0;
    %load/vec4 v0x555578379eb0_0;
    %flag_set/vec4 8;
    %jmp/0xz  T_64.0, 8;
    %load/vec4 v0x55557837a0d0_0;
    %assign/vec4 v0x55557837aba0_0, 0;
T_64.0 ;
    %jmp T_64;
    .thread T_64;
    .scope S_0x555578379b50;
T_65 ;
    %wait E_0x555578379d60;
    %load/vec4 v0x555578379eb0_0;
    %flag_set/vec4 8;
    %jmp/0xz  T_65.0, 8;
    %load/vec4 v0x55557837a190_0;
    %assign/vec4 v0x55557837ac60_0, 0;
T_65.0 ;
    %jmp T_65;
    .thread T_65;
    .scope S_0x555578379b50;
T_66 ;
    %wait E_0x555578379ce0;
    %load/vec4 v0x555578379eb0_0;
    %flag_set/vec4 8;
    %jmp/0xz  T_66.0, 8;
    %load/vec4 v0x55557837a4e0_0;
    %assign/vec4 v0x55557837aea0_0, 0;
T_66.0 ;
    %jmp T_66;
    .thread T_66;
    .scope S_0x5555783096b0;
T_67 ;
    %wait E_0x555578379ac0;
    %load/vec4 v0x55557837a960_0;
    %store/vec4 v0x55557837a7e0_0, 0, 1;
    %load/vec4 v0x55557837aa20_0;
    %store/vec4 v0x55557837a8a0_0, 0, 1;
    %jmp T_67;
    .thread T_67, $push;
    .scope S_0x5555783096b0;
T_68 ;
    %wait E_0x555578379a60;
    %load/vec4 v0x55557837a420_0;
    %assign/vec4 v0x55557837ad20_0, 0;
    %jmp T_68;
    .thread T_68, $push;
    .scope S_0x5555783096b0;
T_69 ;
    %wait E_0x555578379a00;
    %load/vec4 v0x55557837ad20_0;
    %assign/vec4 v0x55557837ade0_0, 0;
    %jmp T_69;
    .thread T_69, $push;
    .scope S_0x5555783096b0;
T_70 ;
    %wait E_0x555578379980;
    %load/vec4 v0x55557837ade0_0;
    %pushi/vec4 0, 0, 1;
    %xor;
    %flag_set/vec4 8;
    %jmp/1 T_70.2, 8;
    %pushi/vec4 0, 0, 1;
    %flag_set/vec4 9;
    %flag_or 8, 9;
T_70.2;
    %jmp/0 T_70.0, 8;
    %load/vec4 v0x55557837aba0_0;
    %jmp/1 T_70.1, 8;
T_70.0 ; End of true expr.
    %load/vec4 v0x55557837ac60_0;
    %jmp/0 T_70.1, 8;
 ; End of false expr.
    %blend;
T_70.1;
    %store/vec4 v0x55557837aae0_0, 0, 1;
    %jmp T_70;
    .thread T_70, $push;
    .scope S_0x55557837b2b0;
T_71 ;
    %wait E_0x55557837b580;
    %load/vec4 v0x55557837b610_0;
    %flag_set/vec4 8;
    %jmp/0xz  T_71.0, 8;
    %load/vec4 v0x55557837bd00_0;
    %assign/vec4 v0x55557837bf40_0, 0;
T_71.0 ;
    %jmp T_71;
    .thread T_71;
    .scope S_0x55557837b2b0;
T_72 ;
    %wait E_0x55557837b520;
    %load/vec4 v0x55557837b610_0;
    %flag_set/vec4 8;
    %jmp/0xz  T_72.0, 8;
    %load/vec4 v0x55557837bd00_0;
    %assign/vec4 v0x55557837c000_0, 0;
T_72.0 ;
    %jmp T_72;
    .thread T_72;
    .scope S_0x55557837b2b0;
T_73 ;
    %wait E_0x55557837b440;
    %load/vec4 v0x55557837b610_0;
    %flag_set/vec4 8;
    %jmp/0xz  T_73.0, 8;
    %load/vec4 v0x55557837b830_0;
    %assign/vec4 v0x55557837c180_0, 0;
T_73.0 ;
    %jmp T_73;
    .thread T_73;
    .scope S_0x55557837b2b0;
T_74 ;
    %wait E_0x55557837b4c0;
    %load/vec4 v0x55557837b610_0;
    %flag_set/vec4 8;
    %jmp/0xz  T_74.0, 8;
    %load/vec4 v0x55557837b8f0_0;
    %assign/vec4 v0x55557837c240_0, 0;
T_74.0 ;
    %jmp T_74;
    .thread T_74;
    .scope S_0x55557837b2b0;
T_75 ;
    %wait E_0x55557837b440;
    %load/vec4 v0x55557837b610_0;
    %flag_set/vec4 8;
    %jmp/0xz  T_75.0, 8;
    %load/vec4 v0x55557837bc40_0;
    %assign/vec4 v0x55557837c590_0, 0;
T_75.0 ;
    %jmp T_75;
    .thread T_75;
    .scope S_0x55557830b050;
T_76 ;
    %wait E_0x55557837b220;
    %load/vec4 v0x55557837bf40_0;
    %store/vec4 v0x55557837bdc0_0, 0, 1;
    %load/vec4 v0x55557837c000_0;
    %store/vec4 v0x55557837be80_0, 0, 1;
    %jmp T_76;
    .thread T_76, $push;
    .scope S_0x55557830b050;
T_77 ;
    %wait E_0x55557837b1c0;
    %load/vec4 v0x55557837bb80_0;
    %assign/vec4 v0x55557837c410_0, 0;
    %jmp T_77;
    .thread T_77, $push;
    .scope S_0x55557830b050;
T_78 ;
    %wait E_0x55557837b160;
    %load/vec4 v0x55557837c410_0;
    %assign/vec4 v0x55557837c4d0_0, 0;
    %jmp T_78;
    .thread T_78, $push;
    .scope S_0x55557830b050;
T_79 ;
    %wait E_0x55557837b0e0;
    %load/vec4 v0x55557837c4d0_0;
    %pushi/vec4 0, 0, 1;
    %xor;
    %flag_set/vec4 8;
    %jmp/1 T_79.2, 8;
    %pushi/vec4 0, 0, 1;
    %flag_set/vec4 9;
    %flag_or 8, 9;
T_79.2;
    %jmp/0 T_79.0, 8;
    %load/vec4 v0x55557837c180_0;
    %jmp/1 T_79.1, 8;
T_79.0 ; End of true expr.
    %load/vec4 v0x55557837c240_0;
    %jmp/0 T_79.1, 8;
 ; End of false expr.
    %blend;
T_79.1;
    %store/vec4 v0x55557837c0c0_0, 0, 1;
    %jmp T_79;
    .thread T_79, $push;
    .scope S_0x5555782dfbf0;
T_80 ;
    %wait E_0x55557837efa0;
    %load/vec4 v0x555578380330_0;
    %flag_set/vec4 8;
    %jmp/0xz  T_80.0, 8;
    %pushi/vec4 0, 0, 16;
    %assign/vec4 v0x555578385fa0_0, 0;
    %pushi/vec4 0, 0, 16;
    %assign/vec4 v0x555578385de0_0, 0;
    %jmp T_80.1;
T_80.0 ;
    %load/vec4 v0x55557837fb40_0;
    %flag_set/vec4 8;
    %jmp/0xz  T_80.2, 8;
    %load/vec4 v0x55557837fc00_0;
    %nor/r;
    %flag_set/vec4 8;
    %jmp/0xz  T_80.4, 8;
    %load/vec4 v0x55557837fa60_0;
    %assign/vec4 v0x555578385fa0_0, 0;
T_80.4 ;
    %load/vec4 v0x55557837f3f0_0;
    %nor/r;
    %flag_set/vec4 8;
    %jmp/0xz  T_80.6, 8;
    %load/vec4 v0x55557837f030_0;
    %assign/vec4 v0x555578385de0_0, 0;
T_80.6 ;
T_80.2 ;
T_80.1 ;
    %jmp T_80;
    .thread T_80;
    .scope S_0x5555782dfbf0;
T_81 ;
    %wait E_0x55557837ef40;
    %load/vec4 v0x555578380270_0;
    %flag_set/vec4 8;
    %jmp/0xz  T_81.0, 8;
    %pushi/vec4 0, 0, 16;
    %assign/vec4 v0x555578385ec0_0, 0;
    %pushi/vec4 0, 0, 16;
    %assign/vec4 v0x555578386080_0, 0;
    %jmp T_81.1;
T_81.0 ;
    %load/vec4 v0x55557837fb40_0;
    %flag_set/vec4 8;
    %jmp/0xz  T_81.2, 8;
    %load/vec4 v0x55557837f7e0_0;
    %nor/r;
    %flag_set/vec4 8;
    %jmp/0xz  T_81.4, 8;
    %load/vec4 v0x55557837f670_0;
    %assign/vec4 v0x555578385ec0_0, 0;
T_81.4 ;
    %load/vec4 v0x5555783800f0_0;
    %nor/r;
    %flag_set/vec4 8;
    %jmp/0xz  T_81.6, 8;
    %load/vec4 v0x555578380010_0;
    %assign/vec4 v0x555578386080_0, 0;
T_81.6 ;
T_81.2 ;
T_81.1 ;
    %jmp T_81;
    .thread T_81;
    .scope S_0x5555782dfbf0;
T_82 ;
    %wait E_0x55557837efa0;
    %load/vec4 v0x555578380330_0;
    %flag_set/vec4 8;
    %jmp/0xz  T_82.0, 8;
    %pushi/vec4 0, 0, 16;
    %assign/vec4 v0x555578386970_0, 0;
    %pushi/vec4 0, 0, 16;
    %assign/vec4 v0x555578386c10_0, 0;
    %jmp T_82.1;
T_82.0 ;
    %load/vec4 v0x55557837fb40_0;
    %flag_set/vec4 8;
    %jmp/0xz  T_82.2, 8;
    %load/vec4 v0x555578385a60_0;
    %assign/vec4 v0x555578386970_0, 0;
    %load/vec4 v0x555578385c20_0;
    %assign/vec4 v0x555578386c10_0, 0;
T_82.2 ;
T_82.1 ;
    %jmp T_82;
    .thread T_82;
    .scope S_0x5555782dfbf0;
T_83 ;
    %wait E_0x55557837ef40;
    %load/vec4 v0x555578380270_0;
    %flag_set/vec4 8;
    %jmp/0xz  T_83.0, 8;
    %pushi/vec4 0, 0, 16;
    %assign/vec4 v0x555578386cf0_0, 0;
    %pushi/vec4 0, 0, 16;
    %assign/vec4 v0x555578386a50_0, 0;
    %jmp T_83.1;
T_83.0 ;
    %load/vec4 v0x55557837fb40_0;
    %flag_set/vec4 8;
    %jmp/0xz  T_83.2, 8;
    %load/vec4 v0x555578385b40_0;
    %assign/vec4 v0x555578386cf0_0, 0;
    %load/vec4 v0x555578385d00_0;
    %assign/vec4 v0x555578386a50_0, 0;
T_83.2 ;
T_83.1 ;
    %jmp T_83;
    .thread T_83;
    .scope S_0x5555782dfbf0;
T_84 ;
    %wait E_0x55557837ef40;
    %load/vec4 v0x555578380270_0;
    %flag_set/vec4 8;
    %jmp/0xz  T_84.0, 8;
    %pushi/vec4 0, 0, 32;
    %assign/vec4 v0x555578386b30_0, 0;
    %jmp T_84.1;
T_84.0 ;
    %load/vec4 v0x55557837fb40_0;
    %flag_set/vec4 8;
    %jmp/0xz  T_84.2, 8;
    %load/vec4 v0x555578385280_0;
    %assign/vec4 v0x555578386b30_0, 0;
T_84.2 ;
T_84.1 ;
    %jmp T_84;
    .thread T_84;
    .scope S_0x5555782dfbf0;
T_85 ;
    %wait E_0x55557837eee0;
    %load/vec4 v0x555578380a10_0;
    %flag_set/vec4 8;
    %jmp/0xz  T_85.0, 8;
    %pushi/vec4 0, 0, 16;
    %assign/vec4 v0x555578386dd0_0, 0;
    %jmp T_85.1;
T_85.0 ;
    %load/vec4 v0x55557837fb40_0;
    %flag_set/vec4 8;
    %jmp/0xz  T_85.2, 8;
    %load/vec4 v0x555578380710_0;
    %nor/r;
    %flag_set/vec4 8;
    %jmp/0xz  T_85.4, 8;
    %load/vec4 v0x555578385360_0;
    %assign/vec4 v0x555578386dd0_0, 0;
T_85.4 ;
T_85.2 ;
T_85.1 ;
    %jmp T_85;
    .thread T_85;
    .scope S_0x5555782dfbf0;
T_86 ;
    %wait E_0x55557837ee60;
    %load/vec4 v0x555578380950_0;
    %flag_set/vec4 8;
    %jmp/0xz  T_86.0, 8;
    %pushi/vec4 0, 0, 16;
    %assign/vec4 v0x555578386eb0_0, 0;
    %jmp T_86.1;
T_86.0 ;
    %load/vec4 v0x55557837fb40_0;
    %flag_set/vec4 8;
    %jmp/0xz  T_86.2, 8;
    %load/vec4 v0x555578380650_0;
    %nor/r;
    %flag_set/vec4 8;
    %jmp/0xz  T_86.4, 8;
    %load/vec4 v0x555578385520_0;
    %assign/vec4 v0x555578386eb0_0, 0;
T_86.4 ;
T_86.2 ;
T_86.1 ;
    %jmp T_86;
    .thread T_86;
    .scope S_0x55557838b160;
T_87 ;
    %pushi/vec4 0, 0, 32;
    %store/vec4 v0x55557838e410_0, 0, 32;
T_87.0 ; Top of for-loop
    %load/vec4 v0x55557838e410_0;
    %cmpi/s 16, 0, 32;
	  %jmp/0xz T_87.1, 5;
    %pushi/vec4 0, 0, 256;
    %load/vec4 v0x55557838e410_0;
    %muli 16, 0, 32;
    %part/s 16;
    %pushi/vec4 0, 0, 32;
    %load/vec4 v0x55557838e410_0;
    %add;
    %ix/vec4/s 4;
    %store/vec4a v0x55557838e4f0, 4, 0;
    %pushi/vec4 0, 0, 256;
    %load/vec4 v0x55557838e410_0;
    %muli 16, 0, 32;
    %part/s 16;
    %pushi/vec4 16, 0, 32;
    %load/vec4 v0x55557838e410_0;
    %add;
    %ix/vec4/s 4;
    %store/vec4a v0x55557838e4f0, 4, 0;
    %pushi/vec4 0, 0, 256;
    %load/vec4 v0x55557838e410_0;
    %muli 16, 0, 32;
    %part/s 16;
    %pushi/vec4 32, 0, 32;
    %load/vec4 v0x55557838e410_0;
    %add;
    %ix/vec4/s 4;
    %store/vec4a v0x55557838e4f0, 4, 0;
    %pushi/vec4 0, 0, 256;
    %load/vec4 v0x55557838e410_0;
    %muli 16, 0, 32;
    %part/s 16;
    %pushi/vec4 48, 0, 32;
    %load/vec4 v0x55557838e410_0;
    %add;
    %ix/vec4/s 4;
    %store/vec4a v0x55557838e4f0, 4, 0;
    %pushi/vec4 0, 0, 256;
    %load/vec4 v0x55557838e410_0;
    %muli 16, 0, 32;
    %part/s 16;
    %pushi/vec4 64, 0, 32;
    %load/vec4 v0x55557838e410_0;
    %add;
    %ix/vec4/s 4;
    %store/vec4a v0x55557838e4f0, 4, 0;
    %pushi/vec4 0, 0, 256;
    %load/vec4 v0x55557838e410_0;
    %muli 16, 0, 32;
    %part/s 16;
    %pushi/vec4 80, 0, 32;
    %load/vec4 v0x55557838e410_0;
    %add;
    %ix/vec4/s 4;
    %store/vec4a v0x55557838e4f0, 4, 0;
    %pushi/vec4 0, 0, 256;
    %load/vec4 v0x55557838e410_0;
    %muli 16, 0, 32;
    %part/s 16;
    %pushi/vec4 96, 0, 32;
    %load/vec4 v0x55557838e410_0;
    %add;
    %ix/vec4/s 4;
    %store/vec4a v0x55557838e4f0, 4, 0;
    %pushi/vec4 0, 0, 256;
    %load/vec4 v0x55557838e410_0;
    %muli 16, 0, 32;
    %part/s 16;
    %pushi/vec4 112, 0, 32;
    %load/vec4 v0x55557838e410_0;
    %add;
    %ix/vec4/s 4;
    %store/vec4a v0x55557838e4f0, 4, 0;
    %pushi/vec4 0, 0, 256;
    %load/vec4 v0x55557838e410_0;
    %muli 16, 0, 32;
    %part/s 16;
    %pushi/vec4 128, 0, 32;
    %load/vec4 v0x55557838e410_0;
    %add;
    %ix/vec4/s 4;
    %store/vec4a v0x55557838e4f0, 4, 0;
    %pushi/vec4 0, 0, 256;
    %load/vec4 v0x55557838e410_0;
    %muli 16, 0, 32;
    %part/s 16;
    %pushi/vec4 144, 0, 32;
    %load/vec4 v0x55557838e410_0;
    %add;
    %ix/vec4/s 4;
    %store/vec4a v0x55557838e4f0, 4, 0;
    %pushi/vec4 0, 0, 256;
    %load/vec4 v0x55557838e410_0;
    %muli 16, 0, 32;
    %part/s 16;
    %pushi/vec4 160, 0, 32;
    %load/vec4 v0x55557838e410_0;
    %add;
    %ix/vec4/s 4;
    %store/vec4a v0x55557838e4f0, 4, 0;
    %pushi/vec4 0, 0, 256;
    %load/vec4 v0x55557838e410_0;
    %muli 16, 0, 32;
    %part/s 16;
    %pushi/vec4 176, 0, 32;
    %load/vec4 v0x55557838e410_0;
    %add;
    %ix/vec4/s 4;
    %store/vec4a v0x55557838e4f0, 4, 0;
    %pushi/vec4 0, 0, 256;
    %load/vec4 v0x55557838e410_0;
    %muli 16, 0, 32;
    %part/s 16;
    %pushi/vec4 192, 0, 32;
    %load/vec4 v0x55557838e410_0;
    %add;
    %ix/vec4/s 4;
    %store/vec4a v0x55557838e4f0, 4, 0;
    %pushi/vec4 0, 0, 256;
    %load/vec4 v0x55557838e410_0;
    %muli 16, 0, 32;
    %part/s 16;
    %pushi/vec4 208, 0, 32;
    %load/vec4 v0x55557838e410_0;
    %add;
    %ix/vec4/s 4;
    %store/vec4a v0x55557838e4f0, 4, 0;
    %pushi/vec4 0, 0, 256;
    %load/vec4 v0x55557838e410_0;
    %muli 16, 0, 32;
    %part/s 16;
    %pushi/vec4 224, 0, 32;
    %load/vec4 v0x55557838e410_0;
    %add;
    %ix/vec4/s 4;
    %store/vec4a v0x55557838e4f0, 4, 0;
    %pushi/vec4 0, 0, 256;
    %load/vec4 v0x55557838e410_0;
    %muli 16, 0, 32;
    %part/s 16;
    %pushi/vec4 240, 0, 32;
    %load/vec4 v0x55557838e410_0;
    %add;
    %ix/vec4/s 4;
    %store/vec4a v0x55557838e4f0, 4, 0;
T_87.2 ; for-loop step statement
    %load/vec4 v0x55557838e410_0;
    %addi 1, 0, 32;
    %store/vec4 v0x55557838e410_0, 0, 32;
    %jmp T_87.0;
T_87.1 ; for-loop exit label
    %end;
    .thread T_87;
    .scope S_0x55557838b160;
T_88 ;
    %wait E_0x55557838cf20;
    %load/vec4 v0x55557838e270_0;
    %flag_set/vec4 9;
    %flag_get/vec4 9;
    %jmp/0 T_88.2, 9;
    %load/vec4 v0x55557838dff0_0;
    %and;
T_88.2;
    %flag_set/vec4 8;
    %jmp/0xz  T_88.0, 8;
    %load/vec4 v0x55557838e330_0;
    %parti/s 1, 0, 2;
    %nor/r;
    %flag_set/vec4 8;
    %jmp/0xz  T_88.3, 8;
    %load/vec4 v0x55557838e190_0;
    %parti/s 1, 0, 2;
    %load/vec4 v0x55557838de50_0;
    %parti/s 8, 0, 2;
    %pad/u 10;
    %ix/vec4 3;
    %ix/load 4, 0, 0; Constant delay
    %assign/vec4/a/d v0x55557838e4f0, 0, 4;
T_88.3 ;
    %load/vec4 v0x55557838e330_0;
    %parti/s 1, 1, 2;
    %nor/r;
    %flag_set/vec4 8;
    %jmp/0xz  T_88.5, 8;
    %load/vec4 v0x55557838e190_0;
    %parti/s 1, 1, 2;
    %load/vec4 v0x55557838de50_0;
    %parti/s 8, 0, 2;
    %pad/u 10;
    %ix/vec4 3;
    %ix/load 4, 1, 0; part off
    %ix/load 5, 0, 0; Constant delay
    %assign/vec4/a/d v0x55557838e4f0, 4, 5;
T_88.5 ;
    %load/vec4 v0x55557838e330_0;
    %parti/s 1, 2, 3;
    %nor/r;
    %flag_set/vec4 8;
    %jmp/0xz  T_88.7, 8;
    %load/vec4 v0x55557838e190_0;
    %parti/s 1, 2, 3;
    %load/vec4 v0x55557838de50_0;
    %parti/s 8, 0, 2;
    %pad/u 10;
    %ix/vec4 3;
    %ix/load 4, 2, 0; part off
    %ix/load 5, 0, 0; Constant delay
    %assign/vec4/a/d v0x55557838e4f0, 4, 5;
T_88.7 ;
    %load/vec4 v0x55557838e330_0;
    %parti/s 1, 3, 3;
    %nor/r;
    %flag_set/vec4 8;
    %jmp/0xz  T_88.9, 8;
    %load/vec4 v0x55557838e190_0;
    %parti/s 1, 3, 3;
    %load/vec4 v0x55557838de50_0;
    %parti/s 8, 0, 2;
    %pad/u 10;
    %ix/vec4 3;
    %ix/load 4, 3, 0; part off
    %ix/load 5, 0, 0; Constant delay
    %assign/vec4/a/d v0x55557838e4f0, 4, 5;
T_88.9 ;
    %load/vec4 v0x55557838e330_0;
    %parti/s 1, 4, 4;
    %nor/r;
    %flag_set/vec4 8;
    %jmp/0xz  T_88.11, 8;
    %load/vec4 v0x55557838e190_0;
    %parti/s 1, 4, 4;
    %load/vec4 v0x55557838de50_0;
    %parti/s 8, 0, 2;
    %pad/u 10;
    %ix/vec4 3;
    %ix/load 4, 4, 0; part off
    %ix/load 5, 0, 0; Constant delay
    %assign/vec4/a/d v0x55557838e4f0, 4, 5;
T_88.11 ;
    %load/vec4 v0x55557838e330_0;
    %parti/s 1, 5, 4;
    %nor/r;
    %flag_set/vec4 8;
    %jmp/0xz  T_88.13, 8;
    %load/vec4 v0x55557838e190_0;
    %parti/s 1, 5, 4;
    %load/vec4 v0x55557838de50_0;
    %parti/s 8, 0, 2;
    %pad/u 10;
    %ix/vec4 3;
    %ix/load 4, 5, 0; part off
    %ix/load 5, 0, 0; Constant delay
    %assign/vec4/a/d v0x55557838e4f0, 4, 5;
T_88.13 ;
    %load/vec4 v0x55557838e330_0;
    %parti/s 1, 6, 4;
    %nor/r;
    %flag_set/vec4 8;
    %jmp/0xz  T_88.15, 8;
    %load/vec4 v0x55557838e190_0;
    %parti/s 1, 6, 4;
    %load/vec4 v0x55557838de50_0;
    %parti/s 8, 0, 2;
    %pad/u 10;
    %ix/vec4 3;
    %ix/load 4, 6, 0; part off
    %ix/load 5, 0, 0; Constant delay
    %assign/vec4/a/d v0x55557838e4f0, 4, 5;
T_88.15 ;
    %load/vec4 v0x55557838e330_0;
    %parti/s 1, 7, 4;
    %nor/r;
    %flag_set/vec4 8;
    %jmp/0xz  T_88.17, 8;
    %load/vec4 v0x55557838e190_0;
    %parti/s 1, 7, 4;
    %load/vec4 v0x55557838de50_0;
    %parti/s 8, 0, 2;
    %pad/u 10;
    %ix/vec4 3;
    %ix/load 4, 7, 0; part off
    %ix/load 5, 0, 0; Constant delay
    %assign/vec4/a/d v0x55557838e4f0, 4, 5;
T_88.17 ;
    %load/vec4 v0x55557838e330_0;
    %parti/s 1, 8, 5;
    %nor/r;
    %flag_set/vec4 8;
    %jmp/0xz  T_88.19, 8;
    %load/vec4 v0x55557838e190_0;
    %parti/s 1, 8, 5;
    %load/vec4 v0x55557838de50_0;
    %parti/s 8, 0, 2;
    %pad/u 10;
    %ix/vec4 3;
    %ix/load 4, 8, 0; part off
    %ix/load 5, 0, 0; Constant delay
    %assign/vec4/a/d v0x55557838e4f0, 4, 5;
T_88.19 ;
    %load/vec4 v0x55557838e330_0;
    %parti/s 1, 9, 5;
    %nor/r;
    %flag_set/vec4 8;
    %jmp/0xz  T_88.21, 8;
    %load/vec4 v0x55557838e190_0;
    %parti/s 1, 9, 5;
    %load/vec4 v0x55557838de50_0;
    %parti/s 8, 0, 2;
    %pad/u 10;
    %ix/vec4 3;
    %ix/load 4, 9, 0; part off
    %ix/load 5, 0, 0; Constant delay
    %assign/vec4/a/d v0x55557838e4f0, 4, 5;
T_88.21 ;
    %load/vec4 v0x55557838e330_0;
    %parti/s 1, 10, 5;
    %nor/r;
    %flag_set/vec4 8;
    %jmp/0xz  T_88.23, 8;
    %load/vec4 v0x55557838e190_0;
    %parti/s 1, 10, 5;
    %load/vec4 v0x55557838de50_0;
    %parti/s 8, 0, 2;
    %pad/u 10;
    %ix/vec4 3;
    %ix/load 4, 10, 0; part off
    %ix/load 5, 0, 0; Constant delay
    %assign/vec4/a/d v0x55557838e4f0, 4, 5;
T_88.23 ;
    %load/vec4 v0x55557838e330_0;
    %parti/s 1, 11, 5;
    %nor/r;
    %flag_set/vec4 8;
    %jmp/0xz  T_88.25, 8;
    %load/vec4 v0x55557838e190_0;
    %parti/s 1, 11, 5;
    %load/vec4 v0x55557838de50_0;
    %parti/s 8, 0, 2;
    %pad/u 10;
    %ix/vec4 3;
    %ix/load 4, 11, 0; part off
    %ix/load 5, 0, 0; Constant delay
    %assign/vec4/a/d v0x55557838e4f0, 4, 5;
T_88.25 ;
    %load/vec4 v0x55557838e330_0;
    %parti/s 1, 12, 5;
    %nor/r;
    %flag_set/vec4 8;
    %jmp/0xz  T_88.27, 8;
    %load/vec4 v0x55557838e190_0;
    %parti/s 1, 12, 5;
    %load/vec4 v0x55557838de50_0;
    %parti/s 8, 0, 2;
    %pad/u 10;
    %ix/vec4 3;
    %ix/load 4, 12, 0; part off
    %ix/load 5, 0, 0; Constant delay
    %assign/vec4/a/d v0x55557838e4f0, 4, 5;
T_88.27 ;
    %load/vec4 v0x55557838e330_0;
    %parti/s 1, 13, 5;
    %nor/r;
    %flag_set/vec4 8;
    %jmp/0xz  T_88.29, 8;
    %load/vec4 v0x55557838e190_0;
    %parti/s 1, 13, 5;
    %load/vec4 v0x55557838de50_0;
    %parti/s 8, 0, 2;
    %pad/u 10;
    %ix/vec4 3;
    %ix/load 4, 13, 0; part off
    %ix/load 5, 0, 0; Constant delay
    %assign/vec4/a/d v0x55557838e4f0, 4, 5;
T_88.29 ;
    %load/vec4 v0x55557838e330_0;
    %parti/s 1, 14, 5;
    %nor/r;
    %flag_set/vec4 8;
    %jmp/0xz  T_88.31, 8;
    %load/vec4 v0x55557838e190_0;
    %parti/s 1, 14, 5;
    %load/vec4 v0x55557838de50_0;
    %parti/s 8, 0, 2;
    %pad/u 10;
    %ix/vec4 3;
    %ix/load 4, 14, 0; part off
    %ix/load 5, 0, 0; Constant delay
    %assign/vec4/a/d v0x55557838e4f0, 4, 5;
T_88.31 ;
    %load/vec4 v0x55557838e330_0;
    %parti/s 1, 15, 5;
    %nor/r;
    %flag_set/vec4 8;
    %jmp/0xz  T_88.33, 8;
    %load/vec4 v0x55557838e190_0;
    %parti/s 1, 15, 5;
    %load/vec4 v0x55557838de50_0;
    %parti/s 8, 0, 2;
    %pad/u 10;
    %ix/vec4 3;
    %ix/load 4, 15, 0; part off
    %ix/load 5, 0, 0; Constant delay
    %assign/vec4/a/d v0x55557838e4f0, 4, 5;
T_88.33 ;
T_88.0 ;
    %jmp T_88;
    .thread T_88;
    .scope S_0x55557838b160;
T_89 ;
    %wait E_0x55557838cea0;
    %load/vec4 v0x55557838dcb0_0;
    %flag_set/vec4 9;
    %flag_get/vec4 9;
    %jmp/0 T_89.2, 9;
    %load/vec4 v0x55557838d9e0_0;
    %and;
T_89.2;
    %flag_set/vec4 8;
    %jmp/0xz  T_89.0, 8;
    %load/vec4 v0x55557838d830_0;
    %parti/s 8, 0, 2;
    %pad/u 10;
    %ix/vec4 4;
    %load/vec4a v0x55557838e4f0, 4;
    %load/vec4 v0x55557838dd70_0;
    %inv;
    %and;
    %assign/vec4 v0x55557838dbd0_0, 0;
T_89.0 ;
    %jmp T_89;
    .thread T_89;
    .scope S_0x55557838f1f0;
T_90 ;
    %pushi/vec4 0, 0, 32;
    %store/vec4 v0x555578392750_0, 0, 32;
T_90.0 ; Top of for-loop
    %load/vec4 v0x555578392750_0;
    %cmpi/s 16, 0, 32;
	  %jmp/0xz T_90.1, 5;
    %pushi/vec4 0, 0, 256;
    %load/vec4 v0x555578392750_0;
    %muli 16, 0, 32;
    %part/s 16;
    %pushi/vec4 0, 0, 32;
    %load/vec4 v0x555578392750_0;
    %add;
    %ix/vec4/s 4;
    %store/vec4a v0x555578392830, 4, 0;
    %pushi/vec4 0, 0, 256;
    %load/vec4 v0x555578392750_0;
    %muli 16, 0, 32;
    %part/s 16;
    %pushi/vec4 16, 0, 32;
    %load/vec4 v0x555578392750_0;
    %add;
    %ix/vec4/s 4;
    %store/vec4a v0x555578392830, 4, 0;
    %pushi/vec4 0, 0, 256;
    %load/vec4 v0x555578392750_0;
    %muli 16, 0, 32;
    %part/s 16;
    %pushi/vec4 32, 0, 32;
    %load/vec4 v0x555578392750_0;
    %add;
    %ix/vec4/s 4;
    %store/vec4a v0x555578392830, 4, 0;
    %pushi/vec4 0, 0, 256;
    %load/vec4 v0x555578392750_0;
    %muli 16, 0, 32;
    %part/s 16;
    %pushi/vec4 48, 0, 32;
    %load/vec4 v0x555578392750_0;
    %add;
    %ix/vec4/s 4;
    %store/vec4a v0x555578392830, 4, 0;
    %pushi/vec4 0, 0, 256;
    %load/vec4 v0x555578392750_0;
    %muli 16, 0, 32;
    %part/s 16;
    %pushi/vec4 64, 0, 32;
    %load/vec4 v0x555578392750_0;
    %add;
    %ix/vec4/s 4;
    %store/vec4a v0x555578392830, 4, 0;
    %pushi/vec4 0, 0, 256;
    %load/vec4 v0x555578392750_0;
    %muli 16, 0, 32;
    %part/s 16;
    %pushi/vec4 80, 0, 32;
    %load/vec4 v0x555578392750_0;
    %add;
    %ix/vec4/s 4;
    %store/vec4a v0x555578392830, 4, 0;
    %pushi/vec4 0, 0, 256;
    %load/vec4 v0x555578392750_0;
    %muli 16, 0, 32;
    %part/s 16;
    %pushi/vec4 96, 0, 32;
    %load/vec4 v0x555578392750_0;
    %add;
    %ix/vec4/s 4;
    %store/vec4a v0x555578392830, 4, 0;
    %pushi/vec4 0, 0, 256;
    %load/vec4 v0x555578392750_0;
    %muli 16, 0, 32;
    %part/s 16;
    %pushi/vec4 112, 0, 32;
    %load/vec4 v0x555578392750_0;
    %add;
    %ix/vec4/s 4;
    %store/vec4a v0x555578392830, 4, 0;
    %pushi/vec4 0, 0, 256;
    %load/vec4 v0x555578392750_0;
    %muli 16, 0, 32;
    %part/s 16;
    %pushi/vec4 128, 0, 32;
    %load/vec4 v0x555578392750_0;
    %add;
    %ix/vec4/s 4;
    %store/vec4a v0x555578392830, 4, 0;
    %pushi/vec4 0, 0, 256;
    %load/vec4 v0x555578392750_0;
    %muli 16, 0, 32;
    %part/s 16;
    %pushi/vec4 144, 0, 32;
    %load/vec4 v0x555578392750_0;
    %add;
    %ix/vec4/s 4;
    %store/vec4a v0x555578392830, 4, 0;
    %pushi/vec4 0, 0, 256;
    %load/vec4 v0x555578392750_0;
    %muli 16, 0, 32;
    %part/s 16;
    %pushi/vec4 160, 0, 32;
    %load/vec4 v0x555578392750_0;
    %add;
    %ix/vec4/s 4;
    %store/vec4a v0x555578392830, 4, 0;
    %pushi/vec4 0, 0, 256;
    %load/vec4 v0x555578392750_0;
    %muli 16, 0, 32;
    %part/s 16;
    %pushi/vec4 176, 0, 32;
    %load/vec4 v0x555578392750_0;
    %add;
    %ix/vec4/s 4;
    %store/vec4a v0x555578392830, 4, 0;
    %pushi/vec4 0, 0, 256;
    %load/vec4 v0x555578392750_0;
    %muli 16, 0, 32;
    %part/s 16;
    %pushi/vec4 192, 0, 32;
    %load/vec4 v0x555578392750_0;
    %add;
    %ix/vec4/s 4;
    %store/vec4a v0x555578392830, 4, 0;
    %pushi/vec4 0, 0, 256;
    %load/vec4 v0x555578392750_0;
    %muli 16, 0, 32;
    %part/s 16;
    %pushi/vec4 208, 0, 32;
    %load/vec4 v0x555578392750_0;
    %add;
    %ix/vec4/s 4;
    %store/vec4a v0x555578392830, 4, 0;
    %pushi/vec4 0, 0, 256;
    %load/vec4 v0x555578392750_0;
    %muli 16, 0, 32;
    %part/s 16;
    %pushi/vec4 224, 0, 32;
    %load/vec4 v0x555578392750_0;
    %add;
    %ix/vec4/s 4;
    %store/vec4a v0x555578392830, 4, 0;
    %pushi/vec4 0, 0, 256;
    %load/vec4 v0x555578392750_0;
    %muli 16, 0, 32;
    %part/s 16;
    %pushi/vec4 240, 0, 32;
    %load/vec4 v0x555578392750_0;
    %add;
    %ix/vec4/s 4;
    %store/vec4a v0x555578392830, 4, 0;
T_90.2 ; for-loop step statement
    %load/vec4 v0x555578392750_0;
    %addi 1, 0, 32;
    %store/vec4 v0x555578392750_0, 0, 32;
    %jmp T_90.0;
T_90.1 ; for-loop exit label
    %end;
    .thread T_90;
    .scope S_0x55557838f1f0;
T_91 ;
    %wait E_0x555578391260;
    %load/vec4 v0x5555783925b0_0;
    %flag_set/vec4 9;
    %flag_get/vec4 9;
    %jmp/0 T_91.2, 9;
    %load/vec4 v0x555578392330_0;
    %and;
T_91.2;
    %flag_set/vec4 8;
    %jmp/0xz  T_91.0, 8;
    %load/vec4 v0x555578392670_0;
    %parti/s 1, 0, 2;
    %nor/r;
    %flag_set/vec4 8;
    %jmp/0xz  T_91.3, 8;
    %load/vec4 v0x5555783924d0_0;
    %parti/s 1, 0, 2;
    %load/vec4 v0x555578392190_0;
    %parti/s 8, 0, 2;
    %pad/u 10;
    %ix/vec4 3;
    %ix/load 4, 0, 0; Constant delay
    %assign/vec4/a/d v0x555578392830, 0, 4;
T_91.3 ;
    %load/vec4 v0x555578392670_0;
    %parti/s 1, 1, 2;
    %nor/r;
    %flag_set/vec4 8;
    %jmp/0xz  T_91.5, 8;
    %load/vec4 v0x5555783924d0_0;
    %parti/s 1, 1, 2;
    %load/vec4 v0x555578392190_0;
    %parti/s 8, 0, 2;
    %pad/u 10;
    %ix/vec4 3;
    %ix/load 4, 1, 0; part off
    %ix/load 5, 0, 0; Constant delay
    %assign/vec4/a/d v0x555578392830, 4, 5;
T_91.5 ;
    %load/vec4 v0x555578392670_0;
    %parti/s 1, 2, 3;
    %nor/r;
    %flag_set/vec4 8;
    %jmp/0xz  T_91.7, 8;
    %load/vec4 v0x5555783924d0_0;
    %parti/s 1, 2, 3;
    %load/vec4 v0x555578392190_0;
    %parti/s 8, 0, 2;
    %pad/u 10;
    %ix/vec4 3;
    %ix/load 4, 2, 0; part off
    %ix/load 5, 0, 0; Constant delay
    %assign/vec4/a/d v0x555578392830, 4, 5;
T_91.7 ;
    %load/vec4 v0x555578392670_0;
    %parti/s 1, 3, 3;
    %nor/r;
    %flag_set/vec4 8;
    %jmp/0xz  T_91.9, 8;
    %load/vec4 v0x5555783924d0_0;
    %parti/s 1, 3, 3;
    %load/vec4 v0x555578392190_0;
    %parti/s 8, 0, 2;
    %pad/u 10;
    %ix/vec4 3;
    %ix/load 4, 3, 0; part off
    %ix/load 5, 0, 0; Constant delay
    %assign/vec4/a/d v0x555578392830, 4, 5;
T_91.9 ;
    %load/vec4 v0x555578392670_0;
    %parti/s 1, 4, 4;
    %nor/r;
    %flag_set/vec4 8;
    %jmp/0xz  T_91.11, 8;
    %load/vec4 v0x5555783924d0_0;
    %parti/s 1, 4, 4;
    %load/vec4 v0x555578392190_0;
    %parti/s 8, 0, 2;
    %pad/u 10;
    %ix/vec4 3;
    %ix/load 4, 4, 0; part off
    %ix/load 5, 0, 0; Constant delay
    %assign/vec4/a/d v0x555578392830, 4, 5;
T_91.11 ;
    %load/vec4 v0x555578392670_0;
    %parti/s 1, 5, 4;
    %nor/r;
    %flag_set/vec4 8;
    %jmp/0xz  T_91.13, 8;
    %load/vec4 v0x5555783924d0_0;
    %parti/s 1, 5, 4;
    %load/vec4 v0x555578392190_0;
    %parti/s 8, 0, 2;
    %pad/u 10;
    %ix/vec4 3;
    %ix/load 4, 5, 0; part off
    %ix/load 5, 0, 0; Constant delay
    %assign/vec4/a/d v0x555578392830, 4, 5;
T_91.13 ;
    %load/vec4 v0x555578392670_0;
    %parti/s 1, 6, 4;
    %nor/r;
    %flag_set/vec4 8;
    %jmp/0xz  T_91.15, 8;
    %load/vec4 v0x5555783924d0_0;
    %parti/s 1, 6, 4;
    %load/vec4 v0x555578392190_0;
    %parti/s 8, 0, 2;
    %pad/u 10;
    %ix/vec4 3;
    %ix/load 4, 6, 0; part off
    %ix/load 5, 0, 0; Constant delay
    %assign/vec4/a/d v0x555578392830, 4, 5;
T_91.15 ;
    %load/vec4 v0x555578392670_0;
    %parti/s 1, 7, 4;
    %nor/r;
    %flag_set/vec4 8;
    %jmp/0xz  T_91.17, 8;
    %load/vec4 v0x5555783924d0_0;
    %parti/s 1, 7, 4;
    %load/vec4 v0x555578392190_0;
    %parti/s 8, 0, 2;
    %pad/u 10;
    %ix/vec4 3;
    %ix/load 4, 7, 0; part off
    %ix/load 5, 0, 0; Constant delay
    %assign/vec4/a/d v0x555578392830, 4, 5;
T_91.17 ;
    %load/vec4 v0x555578392670_0;
    %parti/s 1, 8, 5;
    %nor/r;
    %flag_set/vec4 8;
    %jmp/0xz  T_91.19, 8;
    %load/vec4 v0x5555783924d0_0;
    %parti/s 1, 8, 5;
    %load/vec4 v0x555578392190_0;
    %parti/s 8, 0, 2;
    %pad/u 10;
    %ix/vec4 3;
    %ix/load 4, 8, 0; part off
    %ix/load 5, 0, 0; Constant delay
    %assign/vec4/a/d v0x555578392830, 4, 5;
T_91.19 ;
    %load/vec4 v0x555578392670_0;
    %parti/s 1, 9, 5;
    %nor/r;
    %flag_set/vec4 8;
    %jmp/0xz  T_91.21, 8;
    %load/vec4 v0x5555783924d0_0;
    %parti/s 1, 9, 5;
    %load/vec4 v0x555578392190_0;
    %parti/s 8, 0, 2;
    %pad/u 10;
    %ix/vec4 3;
    %ix/load 4, 9, 0; part off
    %ix/load 5, 0, 0; Constant delay
    %assign/vec4/a/d v0x555578392830, 4, 5;
T_91.21 ;
    %load/vec4 v0x555578392670_0;
    %parti/s 1, 10, 5;
    %nor/r;
    %flag_set/vec4 8;
    %jmp/0xz  T_91.23, 8;
    %load/vec4 v0x5555783924d0_0;
    %parti/s 1, 10, 5;
    %load/vec4 v0x555578392190_0;
    %parti/s 8, 0, 2;
    %pad/u 10;
    %ix/vec4 3;
    %ix/load 4, 10, 0; part off
    %ix/load 5, 0, 0; Constant delay
    %assign/vec4/a/d v0x555578392830, 4, 5;
T_91.23 ;
    %load/vec4 v0x555578392670_0;
    %parti/s 1, 11, 5;
    %nor/r;
    %flag_set/vec4 8;
    %jmp/0xz  T_91.25, 8;
    %load/vec4 v0x5555783924d0_0;
    %parti/s 1, 11, 5;
    %load/vec4 v0x555578392190_0;
    %parti/s 8, 0, 2;
    %pad/u 10;
    %ix/vec4 3;
    %ix/load 4, 11, 0; part off
    %ix/load 5, 0, 0; Constant delay
    %assign/vec4/a/d v0x555578392830, 4, 5;
T_91.25 ;
    %load/vec4 v0x555578392670_0;
    %parti/s 1, 12, 5;
    %nor/r;
    %flag_set/vec4 8;
    %jmp/0xz  T_91.27, 8;
    %load/vec4 v0x5555783924d0_0;
    %parti/s 1, 12, 5;
    %load/vec4 v0x555578392190_0;
    %parti/s 8, 0, 2;
    %pad/u 10;
    %ix/vec4 3;
    %ix/load 4, 12, 0; part off
    %ix/load 5, 0, 0; Constant delay
    %assign/vec4/a/d v0x555578392830, 4, 5;
T_91.27 ;
    %load/vec4 v0x555578392670_0;
    %parti/s 1, 13, 5;
    %nor/r;
    %flag_set/vec4 8;
    %jmp/0xz  T_91.29, 8;
    %load/vec4 v0x5555783924d0_0;
    %parti/s 1, 13, 5;
    %load/vec4 v0x555578392190_0;
    %parti/s 8, 0, 2;
    %pad/u 10;
    %ix/vec4 3;
    %ix/load 4, 13, 0; part off
    %ix/load 5, 0, 0; Constant delay
    %assign/vec4/a/d v0x555578392830, 4, 5;
T_91.29 ;
    %load/vec4 v0x555578392670_0;
    %parti/s 1, 14, 5;
    %nor/r;
    %flag_set/vec4 8;
    %jmp/0xz  T_91.31, 8;
    %load/vec4 v0x5555783924d0_0;
    %parti/s 1, 14, 5;
    %load/vec4 v0x555578392190_0;
    %parti/s 8, 0, 2;
    %pad/u 10;
    %ix/vec4 3;
    %ix/load 4, 14, 0; part off
    %ix/load 5, 0, 0; Constant delay
    %assign/vec4/a/d v0x555578392830, 4, 5;
T_91.31 ;
    %load/vec4 v0x555578392670_0;
    %parti/s 1, 15, 5;
    %nor/r;
    %flag_set/vec4 8;
    %jmp/0xz  T_91.33, 8;
    %load/vec4 v0x5555783924d0_0;
    %parti/s 1, 15, 5;
    %load/vec4 v0x555578392190_0;
    %parti/s 8, 0, 2;
    %pad/u 10;
    %ix/vec4 3;
    %ix/load 4, 15, 0; part off
    %ix/load 5, 0, 0; Constant delay
    %assign/vec4/a/d v0x555578392830, 4, 5;
T_91.33 ;
T_91.0 ;
    %jmp T_91;
    .thread T_91;
    .scope S_0x55557838f1f0;
T_92 ;
    %wait E_0x5555783911e0;
    %load/vec4 v0x555578391ff0_0;
    %flag_set/vec4 9;
    %flag_get/vec4 9;
    %jmp/0 T_92.2, 9;
    %load/vec4 v0x555578391d20_0;
    %and;
T_92.2;
    %flag_set/vec4 8;
    %jmp/0xz  T_92.0, 8;
    %load/vec4 v0x555578391b70_0;
    %parti/s 8, 0, 2;
    %pad/u 10;
    %ix/vec4 4;
    %load/vec4a v0x555578392830, 4;
    %load/vec4 v0x5555783920b0_0;
    %inv;
    %and;
    %assign/vec4 v0x555578391f10_0, 0;
T_92.0 ;
    %jmp T_92;
    .thread T_92;
    .scope S_0x555578393540;
T_93 ;
    %pushi/vec4 0, 0, 32;
    %store/vec4 v0x555578396aa0_0, 0, 32;
T_93.0 ; Top of for-loop
    %load/vec4 v0x555578396aa0_0;
    %cmpi/s 16, 0, 32;
	  %jmp/0xz T_93.1, 5;
    %pushi/vec4 0, 0, 256;
    %load/vec4 v0x555578396aa0_0;
    %muli 16, 0, 32;
    %part/s 16;
    %pushi/vec4 0, 0, 32;
    %load/vec4 v0x555578396aa0_0;
    %add;
    %ix/vec4/s 4;
    %store/vec4a v0x555578396b80, 4, 0;
    %pushi/vec4 0, 0, 256;
    %load/vec4 v0x555578396aa0_0;
    %muli 16, 0, 32;
    %part/s 16;
    %pushi/vec4 16, 0, 32;
    %load/vec4 v0x555578396aa0_0;
    %add;
    %ix/vec4/s 4;
    %store/vec4a v0x555578396b80, 4, 0;
    %pushi/vec4 0, 0, 256;
    %load/vec4 v0x555578396aa0_0;
    %muli 16, 0, 32;
    %part/s 16;
    %pushi/vec4 32, 0, 32;
    %load/vec4 v0x555578396aa0_0;
    %add;
    %ix/vec4/s 4;
    %store/vec4a v0x555578396b80, 4, 0;
    %pushi/vec4 0, 0, 256;
    %load/vec4 v0x555578396aa0_0;
    %muli 16, 0, 32;
    %part/s 16;
    %pushi/vec4 48, 0, 32;
    %load/vec4 v0x555578396aa0_0;
    %add;
    %ix/vec4/s 4;
    %store/vec4a v0x555578396b80, 4, 0;
    %pushi/vec4 0, 0, 256;
    %load/vec4 v0x555578396aa0_0;
    %muli 16, 0, 32;
    %part/s 16;
    %pushi/vec4 64, 0, 32;
    %load/vec4 v0x555578396aa0_0;
    %add;
    %ix/vec4/s 4;
    %store/vec4a v0x555578396b80, 4, 0;
    %pushi/vec4 0, 0, 256;
    %load/vec4 v0x555578396aa0_0;
    %muli 16, 0, 32;
    %part/s 16;
    %pushi/vec4 80, 0, 32;
    %load/vec4 v0x555578396aa0_0;
    %add;
    %ix/vec4/s 4;
    %store/vec4a v0x555578396b80, 4, 0;
    %pushi/vec4 0, 0, 256;
    %load/vec4 v0x555578396aa0_0;
    %muli 16, 0, 32;
    %part/s 16;
    %pushi/vec4 96, 0, 32;
    %load/vec4 v0x555578396aa0_0;
    %add;
    %ix/vec4/s 4;
    %store/vec4a v0x555578396b80, 4, 0;
    %pushi/vec4 0, 0, 256;
    %load/vec4 v0x555578396aa0_0;
    %muli 16, 0, 32;
    %part/s 16;
    %pushi/vec4 112, 0, 32;
    %load/vec4 v0x555578396aa0_0;
    %add;
    %ix/vec4/s 4;
    %store/vec4a v0x555578396b80, 4, 0;
    %pushi/vec4 0, 0, 256;
    %load/vec4 v0x555578396aa0_0;
    %muli 16, 0, 32;
    %part/s 16;
    %pushi/vec4 128, 0, 32;
    %load/vec4 v0x555578396aa0_0;
    %add;
    %ix/vec4/s 4;
    %store/vec4a v0x555578396b80, 4, 0;
    %pushi/vec4 0, 0, 256;
    %load/vec4 v0x555578396aa0_0;
    %muli 16, 0, 32;
    %part/s 16;
    %pushi/vec4 144, 0, 32;
    %load/vec4 v0x555578396aa0_0;
    %add;
    %ix/vec4/s 4;
    %store/vec4a v0x555578396b80, 4, 0;
    %pushi/vec4 0, 0, 256;
    %load/vec4 v0x555578396aa0_0;
    %muli 16, 0, 32;
    %part/s 16;
    %pushi/vec4 160, 0, 32;
    %load/vec4 v0x555578396aa0_0;
    %add;
    %ix/vec4/s 4;
    %store/vec4a v0x555578396b80, 4, 0;
    %pushi/vec4 0, 0, 256;
    %load/vec4 v0x555578396aa0_0;
    %muli 16, 0, 32;
    %part/s 16;
    %pushi/vec4 176, 0, 32;
    %load/vec4 v0x555578396aa0_0;
    %add;
    %ix/vec4/s 4;
    %store/vec4a v0x555578396b80, 4, 0;
    %pushi/vec4 0, 0, 256;
    %load/vec4 v0x555578396aa0_0;
    %muli 16, 0, 32;
    %part/s 16;
    %pushi/vec4 192, 0, 32;
    %load/vec4 v0x555578396aa0_0;
    %add;
    %ix/vec4/s 4;
    %store/vec4a v0x555578396b80, 4, 0;
    %pushi/vec4 0, 0, 256;
    %load/vec4 v0x555578396aa0_0;
    %muli 16, 0, 32;
    %part/s 16;
    %pushi/vec4 208, 0, 32;
    %load/vec4 v0x555578396aa0_0;
    %add;
    %ix/vec4/s 4;
    %store/vec4a v0x555578396b80, 4, 0;
    %pushi/vec4 0, 0, 256;
    %load/vec4 v0x555578396aa0_0;
    %muli 16, 0, 32;
    %part/s 16;
    %pushi/vec4 224, 0, 32;
    %load/vec4 v0x555578396aa0_0;
    %add;
    %ix/vec4/s 4;
    %store/vec4a v0x555578396b80, 4, 0;
    %pushi/vec4 0, 0, 256;
    %load/vec4 v0x555578396aa0_0;
    %muli 16, 0, 32;
    %part/s 16;
    %pushi/vec4 240, 0, 32;
    %load/vec4 v0x555578396aa0_0;
    %add;
    %ix/vec4/s 4;
    %store/vec4a v0x555578396b80, 4, 0;
T_93.2 ; for-loop step statement
    %load/vec4 v0x555578396aa0_0;
    %addi 1, 0, 32;
    %store/vec4 v0x555578396aa0_0, 0, 32;
    %jmp T_93.0;
T_93.1 ; for-loop exit label
    %end;
    .thread T_93;
    .scope S_0x555578393540;
T_94 ;
    %wait E_0x5555783955b0;
    %load/vec4 v0x555578396900_0;
    %flag_set/vec4 9;
    %flag_get/vec4 9;
    %jmp/0 T_94.2, 9;
    %load/vec4 v0x555578396680_0;
    %and;
T_94.2;
    %flag_set/vec4 8;
    %jmp/0xz  T_94.0, 8;
    %load/vec4 v0x5555783969c0_0;
    %parti/s 1, 0, 2;
    %nor/r;
    %flag_set/vec4 8;
    %jmp/0xz  T_94.3, 8;
    %load/vec4 v0x555578396820_0;
    %parti/s 1, 0, 2;
    %load/vec4 v0x5555783964e0_0;
    %parti/s 8, 0, 2;
    %pad/u 10;
    %ix/vec4 3;
    %ix/load 4, 0, 0; Constant delay
    %assign/vec4/a/d v0x555578396b80, 0, 4;
T_94.3 ;
    %load/vec4 v0x5555783969c0_0;
    %parti/s 1, 1, 2;
    %nor/r;
    %flag_set/vec4 8;
    %jmp/0xz  T_94.5, 8;
    %load/vec4 v0x555578396820_0;
    %parti/s 1, 1, 2;
    %load/vec4 v0x5555783964e0_0;
    %parti/s 8, 0, 2;
    %pad/u 10;
    %ix/vec4 3;
    %ix/load 4, 1, 0; part off
    %ix/load 5, 0, 0; Constant delay
    %assign/vec4/a/d v0x555578396b80, 4, 5;
T_94.5 ;
    %load/vec4 v0x5555783969c0_0;
    %parti/s 1, 2, 3;
    %nor/r;
    %flag_set/vec4 8;
    %jmp/0xz  T_94.7, 8;
    %load/vec4 v0x555578396820_0;
    %parti/s 1, 2, 3;
    %load/vec4 v0x5555783964e0_0;
    %parti/s 8, 0, 2;
    %pad/u 10;
    %ix/vec4 3;
    %ix/load 4, 2, 0; part off
    %ix/load 5, 0, 0; Constant delay
    %assign/vec4/a/d v0x555578396b80, 4, 5;
T_94.7 ;
    %load/vec4 v0x5555783969c0_0;
    %parti/s 1, 3, 3;
    %nor/r;
    %flag_set/vec4 8;
    %jmp/0xz  T_94.9, 8;
    %load/vec4 v0x555578396820_0;
    %parti/s 1, 3, 3;
    %load/vec4 v0x5555783964e0_0;
    %parti/s 8, 0, 2;
    %pad/u 10;
    %ix/vec4 3;
    %ix/load 4, 3, 0; part off
    %ix/load 5, 0, 0; Constant delay
    %assign/vec4/a/d v0x555578396b80, 4, 5;
T_94.9 ;
    %load/vec4 v0x5555783969c0_0;
    %parti/s 1, 4, 4;
    %nor/r;
    %flag_set/vec4 8;
    %jmp/0xz  T_94.11, 8;
    %load/vec4 v0x555578396820_0;
    %parti/s 1, 4, 4;
    %load/vec4 v0x5555783964e0_0;
    %parti/s 8, 0, 2;
    %pad/u 10;
    %ix/vec4 3;
    %ix/load 4, 4, 0; part off
    %ix/load 5, 0, 0; Constant delay
    %assign/vec4/a/d v0x555578396b80, 4, 5;
T_94.11 ;
    %load/vec4 v0x5555783969c0_0;
    %parti/s 1, 5, 4;
    %nor/r;
    %flag_set/vec4 8;
    %jmp/0xz  T_94.13, 8;
    %load/vec4 v0x555578396820_0;
    %parti/s 1, 5, 4;
    %load/vec4 v0x5555783964e0_0;
    %parti/s 8, 0, 2;
    %pad/u 10;
    %ix/vec4 3;
    %ix/load 4, 5, 0; part off
    %ix/load 5, 0, 0; Constant delay
    %assign/vec4/a/d v0x555578396b80, 4, 5;
T_94.13 ;
    %load/vec4 v0x5555783969c0_0;
    %parti/s 1, 6, 4;
    %nor/r;
    %flag_set/vec4 8;
    %jmp/0xz  T_94.15, 8;
    %load/vec4 v0x555578396820_0;
    %parti/s 1, 6, 4;
    %load/vec4 v0x5555783964e0_0;
    %parti/s 8, 0, 2;
    %pad/u 10;
    %ix/vec4 3;
    %ix/load 4, 6, 0; part off
    %ix/load 5, 0, 0; Constant delay
    %assign/vec4/a/d v0x555578396b80, 4, 5;
T_94.15 ;
    %load/vec4 v0x5555783969c0_0;
    %parti/s 1, 7, 4;
    %nor/r;
    %flag_set/vec4 8;
    %jmp/0xz  T_94.17, 8;
    %load/vec4 v0x555578396820_0;
    %parti/s 1, 7, 4;
    %load/vec4 v0x5555783964e0_0;
    %parti/s 8, 0, 2;
    %pad/u 10;
    %ix/vec4 3;
    %ix/load 4, 7, 0; part off
    %ix/load 5, 0, 0; Constant delay
    %assign/vec4/a/d v0x555578396b80, 4, 5;
T_94.17 ;
    %load/vec4 v0x5555783969c0_0;
    %parti/s 1, 8, 5;
    %nor/r;
    %flag_set/vec4 8;
    %jmp/0xz  T_94.19, 8;
    %load/vec4 v0x555578396820_0;
    %parti/s 1, 8, 5;
    %load/vec4 v0x5555783964e0_0;
    %parti/s 8, 0, 2;
    %pad/u 10;
    %ix/vec4 3;
    %ix/load 4, 8, 0; part off
    %ix/load 5, 0, 0; Constant delay
    %assign/vec4/a/d v0x555578396b80, 4, 5;
T_94.19 ;
    %load/vec4 v0x5555783969c0_0;
    %parti/s 1, 9, 5;
    %nor/r;
    %flag_set/vec4 8;
    %jmp/0xz  T_94.21, 8;
    %load/vec4 v0x555578396820_0;
    %parti/s 1, 9, 5;
    %load/vec4 v0x5555783964e0_0;
    %parti/s 8, 0, 2;
    %pad/u 10;
    %ix/vec4 3;
    %ix/load 4, 9, 0; part off
    %ix/load 5, 0, 0; Constant delay
    %assign/vec4/a/d v0x555578396b80, 4, 5;
T_94.21 ;
    %load/vec4 v0x5555783969c0_0;
    %parti/s 1, 10, 5;
    %nor/r;
    %flag_set/vec4 8;
    %jmp/0xz  T_94.23, 8;
    %load/vec4 v0x555578396820_0;
    %parti/s 1, 10, 5;
    %load/vec4 v0x5555783964e0_0;
    %parti/s 8, 0, 2;
    %pad/u 10;
    %ix/vec4 3;
    %ix/load 4, 10, 0; part off
    %ix/load 5, 0, 0; Constant delay
    %assign/vec4/a/d v0x555578396b80, 4, 5;
T_94.23 ;
    %load/vec4 v0x5555783969c0_0;
    %parti/s 1, 11, 5;
    %nor/r;
    %flag_set/vec4 8;
    %jmp/0xz  T_94.25, 8;
    %load/vec4 v0x555578396820_0;
    %parti/s 1, 11, 5;
    %load/vec4 v0x5555783964e0_0;
    %parti/s 8, 0, 2;
    %pad/u 10;
    %ix/vec4 3;
    %ix/load 4, 11, 0; part off
    %ix/load 5, 0, 0; Constant delay
    %assign/vec4/a/d v0x555578396b80, 4, 5;
T_94.25 ;
    %load/vec4 v0x5555783969c0_0;
    %parti/s 1, 12, 5;
    %nor/r;
    %flag_set/vec4 8;
    %jmp/0xz  T_94.27, 8;
    %load/vec4 v0x555578396820_0;
    %parti/s 1, 12, 5;
    %load/vec4 v0x5555783964e0_0;
    %parti/s 8, 0, 2;
    %pad/u 10;
    %ix/vec4 3;
    %ix/load 4, 12, 0; part off
    %ix/load 5, 0, 0; Constant delay
    %assign/vec4/a/d v0x555578396b80, 4, 5;
T_94.27 ;
    %load/vec4 v0x5555783969c0_0;
    %parti/s 1, 13, 5;
    %nor/r;
    %flag_set/vec4 8;
    %jmp/0xz  T_94.29, 8;
    %load/vec4 v0x555578396820_0;
    %parti/s 1, 13, 5;
    %load/vec4 v0x5555783964e0_0;
    %parti/s 8, 0, 2;
    %pad/u 10;
    %ix/vec4 3;
    %ix/load 4, 13, 0; part off
    %ix/load 5, 0, 0; Constant delay
    %assign/vec4/a/d v0x555578396b80, 4, 5;
T_94.29 ;
    %load/vec4 v0x5555783969c0_0;
    %parti/s 1, 14, 5;
    %nor/r;
    %flag_set/vec4 8;
    %jmp/0xz  T_94.31, 8;
    %load/vec4 v0x555578396820_0;
    %parti/s 1, 14, 5;
    %load/vec4 v0x5555783964e0_0;
    %parti/s 8, 0, 2;
    %pad/u 10;
    %ix/vec4 3;
    %ix/load 4, 14, 0; part off
    %ix/load 5, 0, 0; Constant delay
    %assign/vec4/a/d v0x555578396b80, 4, 5;
T_94.31 ;
    %load/vec4 v0x5555783969c0_0;
    %parti/s 1, 15, 5;
    %nor/r;
    %flag_set/vec4 8;
    %jmp/0xz  T_94.33, 8;
    %load/vec4 v0x555578396820_0;
    %parti/s 1, 15, 5;
    %load/vec4 v0x5555783964e0_0;
    %parti/s 8, 0, 2;
    %pad/u 10;
    %ix/vec4 3;
    %ix/load 4, 15, 0; part off
    %ix/load 5, 0, 0; Constant delay
    %assign/vec4/a/d v0x555578396b80, 4, 5;
T_94.33 ;
T_94.0 ;
    %jmp T_94;
    .thread T_94;
    .scope S_0x555578393540;
T_95 ;
    %wait E_0x555578395530;
    %load/vec4 v0x555578396340_0;
    %flag_set/vec4 9;
    %flag_get/vec4 9;
    %jmp/0 T_95.2, 9;
    %load/vec4 v0x555578396070_0;
    %and;
T_95.2;
    %flag_set/vec4 8;
    %jmp/0xz  T_95.0, 8;
    %load/vec4 v0x555578395ec0_0;
    %parti/s 8, 0, 2;
    %pad/u 10;
    %ix/vec4 4;
    %load/vec4a v0x555578396b80, 4;
    %load/vec4 v0x555578396400_0;
    %inv;
    %and;
    %assign/vec4 v0x555578396260_0, 0;
T_95.0 ;
    %jmp T_95;
    .thread T_95;
    .scope S_0x55557819a470;
T_96 ;
    %wait E_0x55557839b500;
    %pushi/vec4 0, 0, 32;
    %store/vec4 v0x55557839be20_0, 0, 32;
T_96.0 ; Top of for-loop
    %load/vec4 v0x55557839be20_0;
    %cmpi/s 16383, 0, 32;
    %flag_or 5, 4;
	  %jmp/0xz T_96.1, 5;
    %pushi/vec4 65535, 65535, 16;
    %ix/getv/s 4, v0x55557839be20_0;
    %store/vec4a v0x55557839bf00, 4, 0;
T_96.2 ; for-loop step statement
    %load/vec4 v0x55557839be20_0;
    %addi 1, 0, 32;
    %store/vec4 v0x55557839be20_0, 0, 32;
    %jmp T_96.0;
T_96.1 ; for-loop exit label
    %jmp T_96;
    .thread T_96;
    .scope S_0x55557819a470;
T_97 ;
    %wait E_0x55557839b480;
    %load/vec4 v0x55557839bfc0_0;
    %flag_set/vec4 8;
    %jmp/0xz  T_97.0, 8;
    %pushi/vec4 0, 0, 16;
    %assign/vec4 v0x55557839b8a0_0, 0;
    %jmp T_97.1;
T_97.0 ;
    %load/vec4 v0x55557839bbe0_0;
    %flag_set/vec4 8;
    %jmp/0xz  T_97.2, 8;
    %pushi/vec4 65535, 65535, 16;
    %assign/vec4 v0x55557839b8a0_0, 0;
    %jmp T_97.3;
T_97.2 ;
    %load/vec4 v0x55557839b660_0;
    %flag_set/vec4 8;
    %jmp/0xz  T_97.4, 8;
    %load/vec4 v0x55557839bca0_0;
    %nor/r;
    %flag_set/vec4 8;
    %jmp/0xz  T_97.6, 8;
    %load/vec4 v0x55557839b560_0;
    %pad/u 16;
    %ix/vec4 4;
    %load/vec4a v0x55557839bf00, 4;
    %assign/vec4 v0x55557839b8a0_0, 0;
    %jmp T_97.7;
T_97.6 ;
    %load/vec4 v0x55557839b980_0;
    %parti/s 1, 0, 2;
    %flag_set/vec4 8;
    %jmp/0xz  T_97.8, 8;
    %load/vec4 v0x55557839b7c0_0;
    %parti/s 4, 0, 2;
    %load/vec4 v0x55557839b560_0;
    %pad/u 16;
    %ix/vec4 3;
    %ix/load 4, 0, 0; Constant delay
    %assign/vec4/a/d v0x55557839bf00, 0, 4;
T_97.8 ;
    %load/vec4 v0x55557839b980_0;
    %parti/s 1, 1, 2;
    %flag_set/vec4 8;
    %jmp/0xz  T_97.10, 8;
    %load/vec4 v0x55557839b7c0_0;
    %parti/s 4, 4, 4;
    %load/vec4 v0x55557839b560_0;
    %pad/u 16;
    %ix/vec4 3;
    %ix/load 4, 4, 0; part off
    %ix/load 5, 0, 0; Constant delay
    %assign/vec4/a/d v0x55557839bf00, 4, 5;
T_97.10 ;
    %load/vec4 v0x55557839b980_0;
    %parti/s 1, 2, 3;
    %flag_set/vec4 8;
    %jmp/0xz  T_97.12, 8;
    %load/vec4 v0x55557839b7c0_0;
    %parti/s 4, 8, 5;
    %load/vec4 v0x55557839b560_0;
    %pad/u 16;
    %ix/vec4 3;
    %ix/load 4, 8, 0; part off
    %ix/load 5, 0, 0; Constant delay
    %assign/vec4/a/d v0x55557839bf00, 4, 5;
T_97.12 ;
    %load/vec4 v0x55557839b980_0;
    %parti/s 1, 3, 3;
    %flag_set/vec4 8;
    %jmp/0xz  T_97.14, 8;
    %load/vec4 v0x55557839b7c0_0;
    %parti/s 4, 12, 5;
    %load/vec4 v0x55557839b560_0;
    %pad/u 16;
    %ix/vec4 3;
    %ix/load 4, 12, 0; part off
    %ix/load 5, 0, 0; Constant delay
    %assign/vec4/a/d v0x55557839bf00, 4, 5;
T_97.14 ;
    %pushi/vec4 65535, 65535, 16;
    %assign/vec4 v0x55557839b8a0_0, 0;
T_97.7 ;
T_97.4 ;
T_97.3 ;
T_97.1 ;
    %jmp T_97;
    .thread T_97;
# The file index is used to find the file name in the following table.
:file_names 12;
    "N/A";
    "<interactive>";
    "-";
    "./../../01_Boolean_Logic/And.v";
    "./../../01_Boolean_Logic/Buffer.v";
    "/home/xpektra/.apio/packages/oss-cad-suite/share/yosys/ice40/cells_sim.v";
    "Mux_tb.v";
    "./../../01_Boolean_Logic/Mux.v";
    "./../../01_Boolean_Logic/Nand.v";
    "./../../01_Boolean_Logic/Not.v";
    "./../../01_Boolean_Logic/Or.v";
    "./../../01_Boolean_Logic/Xor.v";
