#! /home/xpektra/.apio/packages/oss-cad-suite/bin/vvp
:ivl_version "13.0 (devel)" "(s20250103-66-gd67d3323a)";
:ivl_delay_selection "TYPICAL";
:vpi_time_precision - 12;
:vpi_module "/home/xpektra/.apio/packages/oss-cad-suite/lib/ivl/system.vpi";
:vpi_module "/home/xpektra/.apio/packages/oss-cad-suite/lib/ivl/vhdl_sys.vpi";
:vpi_module "/home/xpektra/.apio/packages/oss-cad-suite/lib/ivl/vhdl_textio.vpi";
:vpi_module "/home/xpektra/.apio/packages/oss-cad-suite/lib/ivl/v2005_math.vpi";
:vpi_module "/home/xpektra/.apio/packages/oss-cad-suite/lib/ivl/va_math.vpi";
:vpi_module "/home/xpektra/.apio/packages/oss-cad-suite/lib/ivl/v2009.vpi";
S_0x55558f9d1890 .scope package, "$unit" "$unit" 2 1;
 .timescale 0 0;
S_0x55558fb16f90 .scope module, "ALU" "ALU" 3 25;
 .timescale -12 -12;
    .port_info 0 /INPUT 16 "x";
    .port_info 1 /INPUT 16 "y";
    .port_info 2 /INPUT 1 "zx";
    .port_info 3 /INPUT 1 "nx";
    .port_info 4 /INPUT 1 "zy";
    .port_info 5 /INPUT 1 "ny";
    .port_info 6 /INPUT 1 "f";
    .port_info 7 /INPUT 1 "no";
    .port_info 8 /OUTPUT 16 "out";
    .port_info 9 /OUTPUT 1 "zr";
    .port_info 10 /OUTPUT 1 "ng";
L_0x55558fc39c30 .functor NOT 16, L_0x55558fc39a90, C4<0000000000000000>, C4<0000000000000000>, C4<0000000000000000>;
L_0x55558fc39f30 .functor NOT 16, L_0x55558fc39e10, C4<0000000000000000>, C4<0000000000000000>, C4<0000000000000000>;
L_0x55558fc3a1b0 .functor AND 16, L_0x55558fc39cf0, L_0x55558fc39ff0, C4<1111111111111111>, C4<1111111111111111>;
L_0x55558fc3a440 .functor NOT 16, L_0x55558fc3a2c0, C4<0000000000000000>, C4<0000000000000000>, C4<0000000000000000>;
L_0x55558fc3a620 .functor BUFZ 16, L_0x55558fc3a530, C4<0000000000000000>, C4<0000000000000000>, C4<0000000000000000>;
L_0x7fa1ef7b7018 .functor BUFT 1, C4<0000000000000000>, C4<0>, C4<0>, C4<0>;
v0x55558fb878b0_0 .net/2u *"_ivl_0", 15 0, L_0x7fa1ef7b7018;  1 drivers
v0x55558fb3d7a0_0 .net *"_ivl_12", 15 0, L_0x55558fc39f30;  1 drivers
v0x55558fb3c850_0 .net *"_ivl_16", 15 0, L_0x55558fc3a110;  1 drivers
v0x55558fb3b900_0 .net *"_ivl_18", 15 0, L_0x55558fc3a1b0;  1 drivers
v0x55558fb3a9b0_0 .net *"_ivl_22", 15 0, L_0x55558fc3a440;  1 drivers
L_0x7fa1ef7b70a8 .functor BUFT 1, C4<0000000000000000>, C4<0>, C4<0>, C4<0>;
v0x55558fb39a60_0 .net/2u *"_ivl_28", 15 0, L_0x7fa1ef7b70a8;  1 drivers
v0x55558fb38ba0_0 .net *"_ivl_4", 15 0, L_0x55558fc39c30;  1 drivers
L_0x7fa1ef7b7060 .functor BUFT 1, C4<0000000000000000>, C4<0>, C4<0>, C4<0>;
v0x55558f92efb0_0 .net/2u *"_ivl_8", 15 0, L_0x7fa1ef7b7060;  1 drivers
o0x7fa1efb65198 .functor BUFZ 1, c4<z>; HiZ drive
v0x55558f92bdf0_0 .net "f", 0 0, o0x7fa1efb65198;  0 drivers
v0x55558f930820_0 .net "ng", 0 0, L_0x55558fc3a820;  1 drivers
o0x7fa1efb651f8 .functor BUFZ 1, c4<z>; HiZ drive
v0x55558f92d660_0 .net "no", 0 0, o0x7fa1efb651f8;  0 drivers
o0x7fa1efb65228 .functor BUFZ 1, c4<z>; HiZ drive
v0x55558f93f4d0_0 .net "nx", 0 0, o0x7fa1efb65228;  0 drivers
o0x7fa1efb65258 .functor BUFZ 1, c4<z>; HiZ drive
v0x55558f93c310_0 .net "ny", 0 0, o0x7fa1efb65258;  0 drivers
v0x55558f940d40_0 .net "out", 15 0, L_0x55558fc3a620;  1 drivers
v0x55558f93dba0_0 .net "out1", 15 0, L_0x55558fc3a530;  1 drivers
v0x55558f900440_0 .net "out_f", 15 0, L_0x55558fc3a2c0;  1 drivers
o0x7fa1efb65318 .functor BUFZ 16, c4<zzzzzzzzzzzzzzzz>; HiZ drive
v0x55558fa34790_0 .net "x", 15 0, o0x7fa1efb65318;  0 drivers
v0x55558fa34980_0 .net "x1", 15 0, L_0x55558fc39a90;  1 drivers
v0x55558fa44e10_0 .net "x2", 15 0, L_0x55558fc39cf0;  1 drivers
o0x7fa1efb653a8 .functor BUFZ 16, c4<zzzzzzzzzzzzzzzz>; HiZ drive
v0x55558fa44ef0_0 .net "y", 15 0, o0x7fa1efb653a8;  0 drivers
v0x55558fa44fd0_0 .net "y1", 15 0, L_0x55558fc39e10;  1 drivers
v0x55558fa450b0_0 .net "y2", 15 0, L_0x55558fc39ff0;  1 drivers
v0x55558fa45190_0 .net "zr", 0 0, L_0x55558fc3a6e0;  1 drivers
o0x7fa1efb65468 .functor BUFZ 1, c4<z>; HiZ drive
v0x55558fa47650_0 .net "zx", 0 0, o0x7fa1efb65468;  0 drivers
o0x7fa1efb65498 .functor BUFZ 1, c4<z>; HiZ drive
v0x55558fa47710_0 .net "zy", 0 0, o0x7fa1efb65498;  0 drivers
L_0x55558fc39a90 .functor MUXZ 16, o0x7fa1efb65318, L_0x7fa1ef7b7018, o0x7fa1efb65468, C4<>;
L_0x55558fc39cf0 .functor MUXZ 16, L_0x55558fc39a90, L_0x55558fc39c30, o0x7fa1efb65228, C4<>;
L_0x55558fc39e10 .functor MUXZ 16, o0x7fa1efb653a8, L_0x7fa1ef7b7060, o0x7fa1efb65498, C4<>;
L_0x55558fc39ff0 .functor MUXZ 16, L_0x55558fc39e10, L_0x55558fc39f30, o0x7fa1efb65258, C4<>;
L_0x55558fc3a110 .arith/sum 16, L_0x55558fc39cf0, L_0x55558fc39ff0;
L_0x55558fc3a2c0 .functor MUXZ 16, L_0x55558fc3a1b0, L_0x55558fc3a110, o0x7fa1efb65198, C4<>;
L_0x55558fc3a530 .functor MUXZ 16, L_0x55558fc3a2c0, L_0x55558fc3a440, o0x7fa1efb651f8, C4<>;
L_0x55558fc3a6e0 .cmp/eq 16, L_0x55558fc3a530, L_0x7fa1ef7b70a8;
L_0x55558fc3a820 .part L_0x55558fc3a530, 15, 1;
S_0x55558fbadbd0 .scope module, "Add16" "Add16" 4 8;
 .timescale -12 -12;
    .port_info 0 /INPUT 16 "a";
    .port_info 1 /INPUT 16 "b";
    .port_info 2 /OUTPUT 16 "out";
o0x7fa1efb656d8 .functor BUFZ 16, c4<zzzzzzzzzzzzzzzz>; HiZ drive
v0x55558fa47990_0 .net "a", 15 0, o0x7fa1efb656d8;  0 drivers
o0x7fa1efb65708 .functor BUFZ 16, c4<zzzzzzzzzzzzzzzz>; HiZ drive
v0x55558fa49fd0_0 .net "b", 15 0, o0x7fa1efb65708;  0 drivers
v0x55558fa4a0b0_0 .net "out", 15 0, L_0x55558fc3a950;  1 drivers
L_0x55558fc3a950 .arith/sum 16, o0x7fa1efb656d8, o0x7fa1efb65708;
S_0x55558fbae720 .scope module, "And" "And" 5 8;
 .timescale -12 -12;
    .port_info 0 /INPUT 1 "a";
    .port_info 1 /INPUT 1 "b";
    .port_info 2 /OUTPUT 1 "out";
o0x7fa1efb657f8 .functor BUFZ 1, c4<z>; HiZ drive
o0x7fa1efb65828 .functor BUFZ 1, c4<z>; HiZ drive
L_0x55558fc3a9f0 .functor AND 1, o0x7fa1efb657f8, o0x7fa1efb65828, C4<1>, C4<1>;
v0x55558fa4a1f0_0 .net "a", 0 0, o0x7fa1efb657f8;  0 drivers
v0x55558fa4a2b0_0 .net "b", 0 0, o0x7fa1efb65828;  0 drivers
v0x55558fa4a370_0 .net "out", 0 0, L_0x55558fc3a9f0;  1 drivers
S_0x55558fbafab0 .scope module, "And16" "And16" 6 7;
 .timescale -12 -12;
    .port_info 0 /INPUT 16 "a";
    .port_info 1 /INPUT 16 "b";
    .port_info 2 /OUTPUT 16 "out";
L_0x55558fc3ad20 .functor AND 1, L_0x55558fc3ab20, L_0x55558fc3ac20, C4<1>, C4<1>;
L_0x55558fc3b020 .functor AND 1, L_0x55558fc3ae10, L_0x55558fc3af00, C4<1>, C4<1>;
L_0x55558fc3b2b0 .functor AND 1, L_0x55558fc3b130, L_0x55558fc3b1d0, C4<1>, C4<1>;
L_0x55558fc3b670 .functor AND 1, L_0x55558fc3b3c0, L_0x55558fc3b4f0, C4<1>, C4<1>;
L_0x55558fc3b8b0 .functor AND 1, L_0x55558fc3b710, L_0x55558fc3b7b0, C4<1>, C4<1>;
L_0x55558fc3bb50 .functor AND 1, L_0x55558fc3b9a0, L_0x55558fc3ba40, C4<1>, C4<1>;
L_0x55558fc3bae0 .functor AND 1, L_0x55558fc3bcd0, L_0x55558fc3bd70, C4<1>, C4<1>;
L_0x55558fc3c210 .functor AND 1, L_0x55558fc3bf30, L_0x55558fc3bfd0, C4<1>, C4<1>;
L_0x55558fc3c580 .functor AND 1, L_0x55558fc3c3a0, L_0x55558fc3c440, C4<1>, C4<1>;
L_0x55558fc3c8b0 .functor AND 1, L_0x55558fc3c6c0, L_0x55558fc3c760, C4<1>, C4<1>;
L_0x55558fc3cbb0 .functor AND 1, L_0x55558fc3c4e0, L_0x55558fc3ca50, C4<1>, C4<1>;
L_0x55558fc3ceb0 .functor AND 1, L_0x55558fc3cca0, L_0x55558fc3cd40, C4<1>, C4<1>;
L_0x55558fc3d280 .functor AND 1, L_0x55558fc3d060, L_0x55558fc3d100, C4<1>, C4<1>;
L_0x55558fc3d5f0 .functor AND 1, L_0x55558fc3d3c0, L_0x55558fc3d460, C4<1>, C4<1>;
L_0x55558fc3cff0 .functor AND 1, L_0x55558fc3d7b0, L_0x55558fc3d850, C4<1>, C4<1>;
L_0x55558fc3e680 .functor AND 1, L_0x55558fc3e010, L_0x55558fc3e3d0, C4<1>, C4<1>;
v0x55558fa2eef0_0 .net *"_ivl_101", 0 0, L_0x55558fc3d100;  1 drivers
v0x55558fa2efd0_0 .net *"_ivl_102", 0 0, L_0x55558fc3d280;  1 drivers
v0x55558fa2f0b0_0 .net *"_ivl_107", 0 0, L_0x55558fc3d3c0;  1 drivers
v0x55558fa2f170_0 .net *"_ivl_109", 0 0, L_0x55558fc3d460;  1 drivers
v0x55558fa2f250_0 .net *"_ivl_11", 0 0, L_0x55558fc3ae10;  1 drivers
v0x55558fa2fda0_0 .net *"_ivl_110", 0 0, L_0x55558fc3d5f0;  1 drivers
v0x55558fa2fe80_0 .net *"_ivl_115", 0 0, L_0x55558fc3d7b0;  1 drivers
v0x55558fa2ff60_0 .net *"_ivl_117", 0 0, L_0x55558fc3d850;  1 drivers
v0x55558fa30040_0 .net *"_ivl_118", 0 0, L_0x55558fc3cff0;  1 drivers
v0x55558fa30120_0 .net *"_ivl_124", 0 0, L_0x55558fc3e010;  1 drivers
v0x55558fa36ef0_0 .net *"_ivl_126", 0 0, L_0x55558fc3e3d0;  1 drivers
v0x55558fa36fd0_0 .net *"_ivl_127", 0 0, L_0x55558fc3e680;  1 drivers
v0x55558fa370b0_0 .net *"_ivl_13", 0 0, L_0x55558fc3af00;  1 drivers
v0x55558fa37190_0 .net *"_ivl_14", 0 0, L_0x55558fc3b020;  1 drivers
v0x55558fa37270_0 .net *"_ivl_19", 0 0, L_0x55558fc3b130;  1 drivers
v0x55558fa32490_0 .net *"_ivl_21", 0 0, L_0x55558fc3b1d0;  1 drivers
v0x55558fa32570_0 .net *"_ivl_22", 0 0, L_0x55558fc3b2b0;  1 drivers
v0x55558fa32760_0 .net *"_ivl_27", 0 0, L_0x55558fc3b3c0;  1 drivers
v0x55558fa32840_0 .net *"_ivl_29", 0 0, L_0x55558fc3b4f0;  1 drivers
v0x55558fa3e710_0 .net *"_ivl_3", 0 0, L_0x55558fc3ab20;  1 drivers
v0x55558fa3e7f0_0 .net *"_ivl_30", 0 0, L_0x55558fc3b670;  1 drivers
v0x55558fa3e8d0_0 .net *"_ivl_35", 0 0, L_0x55558fc3b710;  1 drivers
v0x55558fa3e9b0_0 .net *"_ivl_37", 0 0, L_0x55558fc3b7b0;  1 drivers
v0x55558fa3ea90_0 .net *"_ivl_38", 0 0, L_0x55558fc3b8b0;  1 drivers
v0x55558fa46750_0 .net *"_ivl_43", 0 0, L_0x55558fc3b9a0;  1 drivers
v0x55558fa46830_0 .net *"_ivl_45", 0 0, L_0x55558fc3ba40;  1 drivers
v0x55558fa46910_0 .net *"_ivl_46", 0 0, L_0x55558fc3bb50;  1 drivers
v0x55558fa469f0_0 .net *"_ivl_5", 0 0, L_0x55558fc3ac20;  1 drivers
v0x55558fa46ad0_0 .net *"_ivl_51", 0 0, L_0x55558fc3bcd0;  1 drivers
v0x55558f922e70_0 .net *"_ivl_53", 0 0, L_0x55558fc3bd70;  1 drivers
v0x55558f922f50_0 .net *"_ivl_54", 0 0, L_0x55558fc3bae0;  1 drivers
v0x55558f923030_0 .net *"_ivl_59", 0 0, L_0x55558fc3bf30;  1 drivers
v0x55558f923110_0 .net *"_ivl_6", 0 0, L_0x55558fc3ad20;  1 drivers
v0x55558f9231f0_0 .net *"_ivl_61", 0 0, L_0x55558fc3bfd0;  1 drivers
v0x55558f91f170_0 .net *"_ivl_62", 0 0, L_0x55558fc3c210;  1 drivers
v0x55558f91f250_0 .net *"_ivl_67", 0 0, L_0x55558fc3c3a0;  1 drivers
v0x55558f91f330_0 .net *"_ivl_69", 0 0, L_0x55558fc3c440;  1 drivers
v0x55558f91f410_0 .net *"_ivl_70", 0 0, L_0x55558fc3c580;  1 drivers
v0x55558f91f4f0_0 .net *"_ivl_75", 0 0, L_0x55558fc3c6c0;  1 drivers
v0x55558f8d9a00_0 .net *"_ivl_77", 0 0, L_0x55558fc3c760;  1 drivers
v0x55558f8d9ae0_0 .net *"_ivl_78", 0 0, L_0x55558fc3c8b0;  1 drivers
v0x55558f8d9bc0_0 .net *"_ivl_83", 0 0, L_0x55558fc3c4e0;  1 drivers
v0x55558f8d9ca0_0 .net *"_ivl_85", 0 0, L_0x55558fc3ca50;  1 drivers
v0x55558f8d9d80_0 .net *"_ivl_86", 0 0, L_0x55558fc3cbb0;  1 drivers
v0x55558f9d5cf0_0 .net *"_ivl_91", 0 0, L_0x55558fc3cca0;  1 drivers
v0x55558f9d5dd0_0 .net *"_ivl_93", 0 0, L_0x55558fc3cd40;  1 drivers
v0x55558f9d5eb0_0 .net *"_ivl_94", 0 0, L_0x55558fc3ceb0;  1 drivers
v0x55558f9d5f90_0 .net *"_ivl_99", 0 0, L_0x55558fc3d060;  1 drivers
o0x7fa1efb66218 .functor BUFZ 16, c4<zzzzzzzzzzzzzzzz>; HiZ drive
v0x55558f9d6070_0 .net "a", 15 0, o0x7fa1efb66218;  0 drivers
o0x7fa1efb66248 .functor BUFZ 16, c4<zzzzzzzzzzzzzzzz>; HiZ drive
v0x55558f9e1a70_0 .net "b", 15 0, o0x7fa1efb66248;  0 drivers
v0x55558f9e1b50_0 .net "out", 15 0, L_0x55558fc3dac0;  1 drivers
L_0x55558fc3ab20 .part o0x7fa1efb66218, 0, 1;
L_0x55558fc3ac20 .part o0x7fa1efb66248, 0, 1;
L_0x55558fc3ae10 .part o0x7fa1efb66218, 1, 1;
L_0x55558fc3af00 .part o0x7fa1efb66248, 1, 1;
L_0x55558fc3b130 .part o0x7fa1efb66218, 2, 1;
L_0x55558fc3b1d0 .part o0x7fa1efb66248, 2, 1;
L_0x55558fc3b3c0 .part o0x7fa1efb66218, 3, 1;
L_0x55558fc3b4f0 .part o0x7fa1efb66248, 3, 1;
L_0x55558fc3b710 .part o0x7fa1efb66218, 4, 1;
L_0x55558fc3b7b0 .part o0x7fa1efb66248, 4, 1;
L_0x55558fc3b9a0 .part o0x7fa1efb66218, 5, 1;
L_0x55558fc3ba40 .part o0x7fa1efb66248, 5, 1;
L_0x55558fc3bcd0 .part o0x7fa1efb66218, 6, 1;
L_0x55558fc3bd70 .part o0x7fa1efb66248, 6, 1;
L_0x55558fc3bf30 .part o0x7fa1efb66218, 7, 1;
L_0x55558fc3bfd0 .part o0x7fa1efb66248, 7, 1;
L_0x55558fc3c3a0 .part o0x7fa1efb66218, 8, 1;
L_0x55558fc3c440 .part o0x7fa1efb66248, 8, 1;
L_0x55558fc3c6c0 .part o0x7fa1efb66218, 9, 1;
L_0x55558fc3c760 .part o0x7fa1efb66248, 9, 1;
L_0x55558fc3c4e0 .part o0x7fa1efb66218, 10, 1;
L_0x55558fc3ca50 .part o0x7fa1efb66248, 10, 1;
L_0x55558fc3cca0 .part o0x7fa1efb66218, 11, 1;
L_0x55558fc3cd40 .part o0x7fa1efb66248, 11, 1;
L_0x55558fc3d060 .part o0x7fa1efb66218, 12, 1;
L_0x55558fc3d100 .part o0x7fa1efb66248, 12, 1;
L_0x55558fc3d3c0 .part o0x7fa1efb66218, 13, 1;
L_0x55558fc3d460 .part o0x7fa1efb66248, 13, 1;
L_0x55558fc3d7b0 .part o0x7fa1efb66218, 14, 1;
L_0x55558fc3d850 .part o0x7fa1efb66248, 14, 1;
LS_0x55558fc3dac0_0_0 .concat8 [ 1 1 1 1], L_0x55558fc3ad20, L_0x55558fc3b020, L_0x55558fc3b2b0, L_0x55558fc3b670;
LS_0x55558fc3dac0_0_4 .concat8 [ 1 1 1 1], L_0x55558fc3b8b0, L_0x55558fc3bb50, L_0x55558fc3bae0, L_0x55558fc3c210;
LS_0x55558fc3dac0_0_8 .concat8 [ 1 1 1 1], L_0x55558fc3c580, L_0x55558fc3c8b0, L_0x55558fc3cbb0, L_0x55558fc3ceb0;
LS_0x55558fc3dac0_0_12 .concat8 [ 1 1 1 1], L_0x55558fc3d280, L_0x55558fc3d5f0, L_0x55558fc3cff0, L_0x55558fc3e680;
L_0x55558fc3dac0 .concat8 [ 4 4 4 4], LS_0x55558fc3dac0_0_0, LS_0x55558fc3dac0_0_4, LS_0x55558fc3dac0_0_8, LS_0x55558fc3dac0_0_12;
L_0x55558fc3e010 .part o0x7fa1efb66218, 15, 1;
L_0x55558fc3e3d0 .part o0x7fa1efb66248, 15, 1;
S_0x55558fbc3d40 .scope module, "Buffer" "Buffer" 7 7;
 .timescale -12 -12;
    .port_info 0 /INPUT 1 "in";
    .port_info 1 /OUTPUT 1 "out";
o0x7fa1efb66338 .functor BUFZ 1, c4<z>; HiZ drive
L_0x55558fc3e870 .functor BUFZ 1, o0x7fa1efb66338, C4<0>, C4<0>, C4<0>;
v0x55558f9e1cb0_0 .net "in", 0 0, o0x7fa1efb66338;  0 drivers
v0x55558f9e1d70_0 .net "out", 0 0, L_0x55558fc3e870;  1 drivers
S_0x55558fbc3950 .scope module, "DMux8Way" "DMux8Way" 8 10;
 .timescale -12 -12;
    .port_info 0 /INPUT 1 "in";
    .port_info 1 /INPUT 3 "sel";
    .port_info 2 /OUTPUT 1 "a";
    .port_info 3 /OUTPUT 1 "b";
    .port_info 4 /OUTPUT 1 "c";
    .port_info 5 /OUTPUT 1 "d";
    .port_info 6 /OUTPUT 1 "e";
    .port_info 7 /OUTPUT 1 "f";
    .port_info 8 /OUTPUT 1 "g";
    .port_info 9 /OUTPUT 1 "h";
v0x55558f9c1f90_0 .net "a", 0 0, L_0x55558fc3f450;  1 drivers
v0x55558f9c2050_0 .net "b", 0 0, L_0x55558fc3f4f0;  1 drivers
v0x55558f9d1b90_0 .net "c", 0 0, L_0x55558fc3f770;  1 drivers
v0x55558f9d1c60_0 .net "ch1", 0 0, L_0x55558fc3ec00;  1 drivers
v0x55558f9d1d00_0 .net "ch2", 0 0, L_0x55558fc3ed30;  1 drivers
v0x55558f9d1df0_0 .net "ch3", 0 0, L_0x55558fc3ef00;  1 drivers
v0x55558f9d1e90_0 .net "ch4", 0 0, L_0x55558fc3f150;  1 drivers
v0x55558f9d1f30_0 .net "d", 0 0, L_0x55558fc3f8b0;  1 drivers
v0x55558f9d1fd0_0 .net "e", 0 0, L_0x55558fc3fae0;  1 drivers
v0x55558f9c4460_0 .net "f", 0 0, L_0x55558fc3fc20;  1 drivers
v0x55558f9c4530_0 .net "g", 0 0, L_0x55558fc3fee0;  1 drivers
v0x55558f9c4600_0 .net "h", 0 0, L_0x55558fc3ffd0;  1 drivers
o0x7fa1efb664b8 .functor BUFZ 1, c4<z>; HiZ drive
v0x55558f9c46d0_0 .net "in", 0 0, o0x7fa1efb664b8;  0 drivers
o0x7fa1efb67148 .functor BUFZ 3, c4<zzz>; HiZ drive
v0x55558f9c4770_0 .net "sel", 2 0, o0x7fa1efb67148;  0 drivers
L_0x55558fc3f320 .part o0x7fa1efb67148, 1, 2;
L_0x55558fc3f680 .part o0x7fa1efb67148, 0, 1;
L_0x55558fc3fa40 .part o0x7fa1efb67148, 0, 1;
L_0x55558fc3fdb0 .part o0x7fa1efb67148, 0, 1;
L_0x55558fc40160 .part o0x7fa1efb67148, 0, 1;
S_0x55558f9ed000 .scope module, "d1" "DMux4Way" 8 34, 9 10 0, S_0x55558fbc3950;
 .timescale -12 -12;
    .port_info 0 /INPUT 1 "in";
    .port_info 1 /INPUT 2 "sel";
    .port_info 2 /OUTPUT 1 "a";
    .port_info 3 /OUTPUT 1 "b";
    .port_info 4 /OUTPUT 1 "c";
    .port_info 5 /OUTPUT 1 "d";
v0x55558f9bfed0_0 .net "a", 0 0, L_0x55558fc3ec00;  alias, 1 drivers
v0x55558f9bff90_0 .net "b", 0 0, L_0x55558fc3ed30;  alias, 1 drivers
v0x55558f9c0060_0 .net "c", 0 0, L_0x55558fc3ef00;  alias, 1 drivers
v0x55558f9c0160_0 .net "ch1", 0 0, L_0x55558fc3e8e0;  1 drivers
v0x55558f9c0250_0 .net "ch2", 0 0, L_0x55558fc3ea20;  1 drivers
v0x55558f9a4f30_0 .net "d", 0 0, L_0x55558fc3f150;  alias, 1 drivers
v0x55558f9a4fd0_0 .net "in", 0 0, o0x7fa1efb664b8;  alias, 0 drivers
v0x55558f9a5070_0 .net "sel", 1 0, L_0x55558fc3f320;  1 drivers
L_0x55558fc3eb60 .part L_0x55558fc3f320, 1, 1;
L_0x55558fc3ee60 .part L_0x55558fc3f320, 0, 1;
L_0x55558fc3f280 .part L_0x55558fc3f320, 0, 1;
S_0x55558f9ed260 .scope module, "d1" "DMux" 9 26, 10 8 0, S_0x55558f9ed000;
 .timescale -12 -12;
    .port_info 0 /INPUT 1 "in";
    .port_info 1 /INPUT 1 "sel";
    .port_info 2 /OUTPUT 1 "a";
    .port_info 3 /OUTPUT 1 "b";
L_0x7fa1ef7b70f0 .functor BUFT 1, C4<0>, C4<0>, C4<0>, C4<0>;
v0x55558f9e1e90_0 .net/2u *"_ivl_0", 0 0, L_0x7fa1ef7b70f0;  1 drivers
L_0x7fa1ef7b7138 .functor BUFT 1, C4<0>, C4<0>, C4<0>, C4<0>;
v0x55558f948ee0_0 .net/2u *"_ivl_4", 0 0, L_0x7fa1ef7b7138;  1 drivers
v0x55558f948fc0_0 .net "a", 0 0, L_0x55558fc3e8e0;  alias, 1 drivers
v0x55558f949060_0 .net "b", 0 0, L_0x55558fc3ea20;  alias, 1 drivers
v0x55558f949120_0 .net "in", 0 0, o0x7fa1efb664b8;  alias, 0 drivers
v0x55558f949230_0 .net "sel", 0 0, L_0x55558fc3eb60;  1 drivers
L_0x55558fc3e8e0 .functor MUXZ 1, o0x7fa1efb664b8, L_0x7fa1ef7b70f0, L_0x55558fc3eb60, C4<>;
L_0x55558fc3ea20 .functor MUXZ 1, L_0x7fa1ef7b7138, o0x7fa1efb664b8, L_0x55558fc3eb60, C4<>;
S_0x55558f9776d0 .scope module, "d2" "DMux" 9 27, 10 8 0, S_0x55558f9ed000;
 .timescale -12 -12;
    .port_info 0 /INPUT 1 "in";
    .port_info 1 /INPUT 1 "sel";
    .port_info 2 /OUTPUT 1 "a";
    .port_info 3 /OUTPUT 1 "b";
L_0x7fa1ef7b7180 .functor BUFT 1, C4<0>, C4<0>, C4<0>, C4<0>;
v0x55558f9778d0_0 .net/2u *"_ivl_0", 0 0, L_0x7fa1ef7b7180;  1 drivers
L_0x7fa1ef7b71c8 .functor BUFT 1, C4<0>, C4<0>, C4<0>, C4<0>;
v0x55558f9779b0_0 .net/2u *"_ivl_4", 0 0, L_0x7fa1ef7b71c8;  1 drivers
v0x55558f977a90_0 .net "a", 0 0, L_0x55558fc3ec00;  alias, 1 drivers
v0x55558f98c0a0_0 .net "b", 0 0, L_0x55558fc3ed30;  alias, 1 drivers
v0x55558f98c160_0 .net "in", 0 0, L_0x55558fc3e8e0;  alias, 1 drivers
v0x55558f98c250_0 .net "sel", 0 0, L_0x55558fc3ee60;  1 drivers
L_0x55558fc3ec00 .functor MUXZ 1, L_0x55558fc3e8e0, L_0x7fa1ef7b7180, L_0x55558fc3ee60, C4<>;
L_0x55558fc3ed30 .functor MUXZ 1, L_0x7fa1ef7b71c8, L_0x55558fc3e8e0, L_0x55558fc3ee60, C4<>;
S_0x55558f98c3a0 .scope module, "d3" "DMux" 9 28, 10 8 0, S_0x55558f9ed000;
 .timescale -12 -12;
    .port_info 0 /INPUT 1 "in";
    .port_info 1 /INPUT 1 "sel";
    .port_info 2 /OUTPUT 1 "a";
    .port_info 3 /OUTPUT 1 "b";
L_0x7fa1ef7b7210 .functor BUFT 1, C4<0>, C4<0>, C4<0>, C4<0>;
v0x55558fa5a9a0_0 .net/2u *"_ivl_0", 0 0, L_0x7fa1ef7b7210;  1 drivers
L_0x7fa1ef7b7258 .functor BUFT 1, C4<0>, C4<0>, C4<0>, C4<0>;
v0x55558fa5aa60_0 .net/2u *"_ivl_4", 0 0, L_0x7fa1ef7b7258;  1 drivers
v0x55558fa5ab40_0 .net "a", 0 0, L_0x55558fc3ef00;  alias, 1 drivers
v0x55558fa5ac10_0 .net "b", 0 0, L_0x55558fc3f150;  alias, 1 drivers
v0x55558fa5acd0_0 .net "in", 0 0, L_0x55558fc3ea20;  alias, 1 drivers
v0x55558fa5adc0_0 .net "sel", 0 0, L_0x55558fc3f280;  1 drivers
L_0x55558fc3ef00 .functor MUXZ 1, L_0x55558fc3ea20, L_0x7fa1ef7b7210, L_0x55558fc3f280, C4<>;
L_0x55558fc3f150 .functor MUXZ 1, L_0x7fa1ef7b7258, L_0x55558fc3ea20, L_0x55558fc3f280, C4<>;
S_0x55558f9a5150 .scope module, "d2" "DMux" 8 35, 10 8 0, S_0x55558fbc3950;
 .timescale -12 -12;
    .port_info 0 /INPUT 1 "in";
    .port_info 1 /INPUT 1 "sel";
    .port_info 2 /OUTPUT 1 "a";
    .port_info 3 /OUTPUT 1 "b";
L_0x7fa1ef7b72a0 .functor BUFT 1, C4<0>, C4<0>, C4<0>, C4<0>;
v0x55558f9a5300_0 .net/2u *"_ivl_0", 0 0, L_0x7fa1ef7b72a0;  1 drivers
L_0x7fa1ef7b72e8 .functor BUFT 1, C4<0>, C4<0>, C4<0>, C4<0>;
v0x55558f9a1730_0 .net/2u *"_ivl_4", 0 0, L_0x7fa1ef7b72e8;  1 drivers
v0x55558f9a1810_0 .net "a", 0 0, L_0x55558fc3f450;  alias, 1 drivers
v0x55558f9a18e0_0 .net "b", 0 0, L_0x55558fc3f4f0;  alias, 1 drivers
v0x55558f9a19a0_0 .net "in", 0 0, L_0x55558fc3ec00;  alias, 1 drivers
v0x55558f9a1ae0_0 .net "sel", 0 0, L_0x55558fc3f680;  1 drivers
L_0x55558fc3f450 .functor MUXZ 1, L_0x55558fc3ec00, L_0x7fa1ef7b72a0, L_0x55558fc3f680, C4<>;
L_0x55558fc3f4f0 .functor MUXZ 1, L_0x7fa1ef7b72e8, L_0x55558fc3ec00, L_0x55558fc3f680, C4<>;
S_0x55558f9a86c0 .scope module, "d3" "DMux" 8 36, 10 8 0, S_0x55558fbc3950;
 .timescale -12 -12;
    .port_info 0 /INPUT 1 "in";
    .port_info 1 /INPUT 1 "sel";
    .port_info 2 /OUTPUT 1 "a";
    .port_info 3 /OUTPUT 1 "b";
L_0x7fa1ef7b7330 .functor BUFT 1, C4<0>, C4<0>, C4<0>, C4<0>;
v0x55558f9a88a0_0 .net/2u *"_ivl_0", 0 0, L_0x7fa1ef7b7330;  1 drivers
L_0x7fa1ef7b7378 .functor BUFT 1, C4<0>, C4<0>, C4<0>, C4<0>;
v0x55558f9a8960_0 .net/2u *"_ivl_4", 0 0, L_0x7fa1ef7b7378;  1 drivers
v0x55558f9a8a40_0 .net "a", 0 0, L_0x55558fc3f770;  alias, 1 drivers
v0x55558f9a8b10_0 .net "b", 0 0, L_0x55558fc3f8b0;  alias, 1 drivers
v0x55558f9b0370_0 .net "in", 0 0, L_0x55558fc3ed30;  alias, 1 drivers
v0x55558f9b04b0_0 .net "sel", 0 0, L_0x55558fc3fa40;  1 drivers
L_0x55558fc3f770 .functor MUXZ 1, L_0x55558fc3ed30, L_0x7fa1ef7b7330, L_0x55558fc3fa40, C4<>;
L_0x55558fc3f8b0 .functor MUXZ 1, L_0x7fa1ef7b7378, L_0x55558fc3ed30, L_0x55558fc3fa40, C4<>;
S_0x55558f9b05f0 .scope module, "d4" "DMux" 8 37, 10 8 0, S_0x55558fbc3950;
 .timescale -12 -12;
    .port_info 0 /INPUT 1 "in";
    .port_info 1 /INPUT 1 "sel";
    .port_info 2 /OUTPUT 1 "a";
    .port_info 3 /OUTPUT 1 "b";
L_0x7fa1ef7b73c0 .functor BUFT 1, C4<0>, C4<0>, C4<0>, C4<0>;
v0x55558f9b07d0_0 .net/2u *"_ivl_0", 0 0, L_0x7fa1ef7b73c0;  1 drivers
L_0x7fa1ef7b7408 .functor BUFT 1, C4<0>, C4<0>, C4<0>, C4<0>;
v0x55558f9ac470_0 .net/2u *"_ivl_4", 0 0, L_0x7fa1ef7b7408;  1 drivers
v0x55558f9ac550_0 .net "a", 0 0, L_0x55558fc3fae0;  alias, 1 drivers
v0x55558f9ac5f0_0 .net "b", 0 0, L_0x55558fc3fc20;  alias, 1 drivers
v0x55558f9ac6b0_0 .net "in", 0 0, L_0x55558fc3ef00;  alias, 1 drivers
v0x55558f9ac7f0_0 .net "sel", 0 0, L_0x55558fc3fdb0;  1 drivers
L_0x55558fc3fae0 .functor MUXZ 1, L_0x55558fc3ef00, L_0x7fa1ef7b73c0, L_0x55558fc3fdb0, C4<>;
L_0x55558fc3fc20 .functor MUXZ 1, L_0x7fa1ef7b7408, L_0x55558fc3ef00, L_0x55558fc3fdb0, C4<>;
S_0x55558f9bf230 .scope module, "d5" "DMux" 8 40, 10 8 0, S_0x55558fbc3950;
 .timescale -12 -12;
    .port_info 0 /INPUT 1 "in";
    .port_info 1 /INPUT 1 "sel";
    .port_info 2 /OUTPUT 1 "a";
    .port_info 3 /OUTPUT 1 "b";
L_0x7fa1ef7b7450 .functor BUFT 1, C4<0>, C4<0>, C4<0>, C4<0>;
v0x55558f9bf4a0_0 .net/2u *"_ivl_0", 0 0, L_0x7fa1ef7b7450;  1 drivers
L_0x7fa1ef7b7498 .functor BUFT 1, C4<0>, C4<0>, C4<0>, C4<0>;
v0x55558f9bf5a0_0 .net/2u *"_ivl_4", 0 0, L_0x7fa1ef7b7498;  1 drivers
v0x55558f9bf680_0 .net "a", 0 0, L_0x55558fc3fee0;  alias, 1 drivers
v0x55558f9c1c70_0 .net "b", 0 0, L_0x55558fc3ffd0;  alias, 1 drivers
v0x55558f9c1d10_0 .net "in", 0 0, L_0x55558fc3f150;  alias, 1 drivers
v0x55558f9c1e50_0 .net "sel", 0 0, L_0x55558fc40160;  1 drivers
L_0x55558fc3fee0 .functor MUXZ 1, L_0x55558fc3f150, L_0x7fa1ef7b7450, L_0x55558fc40160, C4<>;
L_0x55558fc3ffd0 .functor MUXZ 1, L_0x7fa1ef7b7498, L_0x55558fc3f150, L_0x55558fc40160, C4<>;
S_0x55558fbb21e0 .scope module, "FullAdder_tb" "FullAdder_tb" 11 2;
 .timescale -12 -12;
v0x55558f923db0_0 .net *"_ivl_0", 1 0, L_0x55558fc408a0;  1 drivers
v0x55558f923e90_0 .net *"_ivl_10", 1 0, L_0x55558fc40c30;  1 drivers
L_0x7fa1ef7b7570 .functor BUFT 1, C4<0>, C4<0>, C4<0>, C4<0>;
v0x55558f92e0f0_0 .net *"_ivl_13", 0 0, L_0x7fa1ef7b7570;  1 drivers
L_0x7fa1ef7b74e0 .functor BUFT 1, C4<0>, C4<0>, C4<0>, C4<0>;
v0x55558f92e1d0_0 .net *"_ivl_3", 0 0, L_0x7fa1ef7b74e0;  1 drivers
v0x55558f92e2b0_0 .net *"_ivl_4", 1 0, L_0x55558fc40990;  1 drivers
L_0x7fa1ef7b7528 .functor BUFT 1, C4<0>, C4<0>, C4<0>, C4<0>;
v0x55558f92e390_0 .net *"_ivl_7", 0 0, L_0x7fa1ef7b7528;  1 drivers
v0x55558f92e470_0 .net *"_ivl_8", 1 0, L_0x55558fc40a80;  1 drivers
v0x55558f92e550_0 .var "a", 0 0;
v0x55558f92af30_0 .var "b", 0 0;
v0x55558f92b060_0 .var "c", 0 0;
v0x55558f92b130_0 .net "carry", 0 0, L_0x55558fc407e0;  1 drivers
v0x55558f92b200_0 .var "fail", 0 0;
v0x55558f92b2a0_0 .net "out_cmp", 1 0, L_0x55558fc40d20;  1 drivers
v0x55558f92b340_0 .net "sum", 0 0, L_0x55558fc40310;  1 drivers
L_0x55558fc408a0 .concat [ 1 1 0 0], v0x55558f92e550_0, L_0x7fa1ef7b74e0;
L_0x55558fc40990 .concat [ 1 1 0 0], v0x55558f92af30_0, L_0x7fa1ef7b7528;
L_0x55558fc40a80 .arith/sum 2, L_0x55558fc408a0, L_0x55558fc40990;
L_0x55558fc40c30 .concat [ 1 1 0 0], v0x55558f92b060_0, L_0x7fa1ef7b7570;
L_0x55558fc40d20 .arith/sum 2, L_0x55558fc40a80, L_0x55558fc40c30;
S_0x55558f9bcb60 .scope module, "FULLADDER" "FullAdder" 11 9, 12 6 0, S_0x55558fbb21e0;
 .timescale -12 -12;
    .port_info 0 /INPUT 1 "a";
    .port_info 1 /INPUT 1 "b";
    .port_info 2 /INPUT 1 "c";
    .port_info 3 /OUTPUT 1 "sum";
    .port_info 4 /OUTPUT 1 "carry";
L_0x55558fc40200 .functor XOR 1, v0x55558f92e550_0, v0x55558f92af30_0, C4<0>, C4<0>;
L_0x55558fc40310 .functor XOR 1, L_0x55558fc40200, v0x55558f92b060_0, C4<0>, C4<0>;
L_0x55558fc40470 .functor AND 1, v0x55558f92e550_0, v0x55558f92af30_0, C4<1>, C4<1>;
L_0x55558fc404e0 .functor AND 1, v0x55558f92af30_0, v0x55558f92b060_0, C4<1>, C4<1>;
L_0x55558fc40550 .functor OR 1, L_0x55558fc40470, L_0x55558fc404e0, C4<0>, C4<0>;
L_0x55558fc40610 .functor AND 1, v0x55558f92b060_0, v0x55558f92e550_0, C4<1>, C4<1>;
L_0x55558fc407e0 .functor OR 1, L_0x55558fc40550, L_0x55558fc40610, C4<0>, C4<0>;
v0x55558f9bce10_0 .net *"_ivl_0", 0 0, L_0x55558fc40200;  1 drivers
v0x55558f9bcf10_0 .net *"_ivl_10", 0 0, L_0x55558fc40610;  1 drivers
v0x55558f9c4870_0 .net *"_ivl_4", 0 0, L_0x55558fc40470;  1 drivers
v0x55558f9ca420_0 .net *"_ivl_6", 0 0, L_0x55558fc404e0;  1 drivers
v0x55558f9ca500_0 .net *"_ivl_8", 0 0, L_0x55558fc40550;  1 drivers
v0x55558f9ca630_0 .net "a", 0 0, v0x55558f92e550_0;  1 drivers
v0x55558f9ca6f0_0 .net "b", 0 0, v0x55558f92af30_0;  1 drivers
v0x55558f9ca7b0_0 .net "c", 0 0, v0x55558f92b060_0;  1 drivers
v0x55558f9ca870_0 .net "carry", 0 0, L_0x55558fc407e0;  alias, 1 drivers
v0x55558f923aa0_0 .net "sum", 0 0, L_0x55558fc40310;  alias, 1 drivers
S_0x55558f923c00 .scope task, "check" "check" 11 22, 11 22 0, S_0x55558fbb21e0;
 .timescale -12 -12;
TD_FullAdder_tb.check ;
    %delay 1, 0;
    %load/vec4 v0x55558f92b130_0;
    %load/vec4 v0x55558f92b340_0;
    %concat/vec4; draw_concat_vec4
    %load/vec4 v0x55558f92b2a0_0;
    %cmp/ne;
    %jmp/0xz  T_0.0, 4;
    %vpi_call/w 11 26 "$display", "FAIL: a=%1b, b=%1b, c=%1b, sum=%1b, carry=%1b", v0x55558f92e550_0, v0x55558f92af30_0, v0x55558f92b060_0, v0x55558f92b340_0, v0x55558f92b130_0 {0 0 0};
    %pushi/vec4 1, 0, 1;
    %store/vec4 v0x55558f92b200_0, 0, 1;
T_0.0 ;
    %end;
S_0x55558fbb1df0 .scope module, "HalfAdder" "HalfAdder" 13 6;
 .timescale -12 -12;
    .port_info 0 /INPUT 1 "a";
    .port_info 1 /INPUT 1 "b";
    .port_info 2 /OUTPUT 1 "sum";
    .port_info 3 /OUTPUT 1 "carry";
o0x7fa1efb677d8 .functor BUFZ 1, c4<z>; HiZ drive
o0x7fa1efb67808 .functor BUFZ 1, c4<z>; HiZ drive
L_0x55558fc40b20 .functor XOR 1, o0x7fa1efb677d8, o0x7fa1efb67808, C4<0>, C4<0>;
L_0x55558fc40e60 .functor AND 1, o0x7fa1efb677d8, o0x7fa1efb67808, C4<1>, C4<1>;
v0x55558f92f960_0 .net "a", 0 0, o0x7fa1efb677d8;  0 drivers
v0x55558f92fa00_0 .net "b", 0 0, o0x7fa1efb67808;  0 drivers
v0x55558f92fac0_0 .net "carry", 0 0, L_0x55558fc40e60;  1 drivers
v0x55558f92fb90_0 .net "sum", 0 0, L_0x55558fc40b20;  1 drivers
S_0x55558fbb1620 .scope module, "ICESTORM_LC" "ICESTORM_LC" 14 2136;
 .timescale -12 -12;
    .port_info 0 /INPUT 1 "I0";
    .port_info 1 /INPUT 1 "I1";
    .port_info 2 /INPUT 1 "I2";
    .port_info 3 /INPUT 1 "I3";
    .port_info 4 /INPUT 1 "CIN";
    .port_info 5 /INPUT 1 "CLK";
    .port_info 6 /INPUT 1 "CEN";
    .port_info 7 /INPUT 1 "SR";
    .port_info 8 /OUTPUT 1 "LO";
    .port_info 9 /OUTPUT 1 "O";
    .port_info 10 /OUTPUT 1 "COUT";
P_0x55558fbab070 .param/l "ASYNC_SR" 0 14 2148, C4<0>;
P_0x55558fbab0b0 .param/l "CARRY_ENABLE" 0 14 2145, C4<0>;
P_0x55558fbab0f0 .param/l "CIN_CONST" 0 14 2150, C4<0>;
P_0x55558fbab130 .param/l "CIN_SET" 0 14 2151, C4<0>;
P_0x55558fbab170 .param/l "DFF_ENABLE" 0 14 2146, C4<0>;
P_0x55558fbab1b0 .param/l "LUT_INIT" 0 14 2142, C4<0000000000000000>;
P_0x55558fbab1f0 .param/l "NEG_CLK" 0 14 2144, C4<0>;
P_0x55558fbab230 .param/l "SET_NORESET" 0 14 2147, C4<0>;
o0x7fa1efb679b8 .functor BUFZ 1, c4<z>; HiZ drive
L_0x55558fc41da0 .functor BUFZ 1, o0x7fa1efb679b8, C4<0>, C4<0>, C4<0>;
L_0x55558fc41c40 .functor BUFZ 1, L_0x55558fc42930, C4<0>, C4<0>, C4<0>;
o0x7fa1efb679e8 .functor BUFZ 1, c4<z>; HiZ drive
L_0x7fa1ef7b7840 .functor BUFT 1, C4<0>, C4<0>, C4<0>, C4<0>;
L_0x55558fc42bd0 .functor XOR 1, o0x7fa1efb679e8, L_0x7fa1ef7b7840, C4<0>, C4<0>;
L_0x55558fc42c90 .functor BUFZ 1, L_0x55558fc42930, C4<0>, C4<0>, C4<0>;
o0x7fa1efb67958 .functor BUFZ 1, c4<z>; HiZ drive
v0x55558f92fda0_0 .net "CEN", 0 0, o0x7fa1efb67958;  0 drivers
v0x55558f92c7a0_0 .net "CEN_pu", 0 0, L_0x55558fc41ba0;  1 drivers
v0x55558f92c860_0 .net "CIN", 0 0, o0x7fa1efb679b8;  0 drivers
v0x55558f92c900_0 .net "CLK", 0 0, o0x7fa1efb679e8;  0 drivers
L_0x7fa1ef7b7768 .functor BUFT 1, C4<x>, C4<0>, C4<0>, C4<0>;
v0x55558f92c9c0_0 .net "COUT", 0 0, L_0x7fa1ef7b7768;  1 drivers
o0x7fa1efb67a48 .functor BUFZ 1, c4<z>; HiZ drive
v0x55558f92ca80_0 .net "I0", 0 0, o0x7fa1efb67a48;  0 drivers
v0x55558f92cb40_0 .net "I0_pd", 0 0, L_0x55558fc41010;  1 drivers
o0x7fa1efb67aa8 .functor BUFZ 1, c4<z>; HiZ drive
v0x55558f92cc00_0 .net "I1", 0 0, o0x7fa1efb67aa8;  0 drivers
v0x55558f93e610_0 .net "I1_pd", 0 0, L_0x55558fc41240;  1 drivers
o0x7fa1efb67b08 .functor BUFZ 1, c4<z>; HiZ drive
v0x55558f93e760_0 .net "I2", 0 0, o0x7fa1efb67b08;  0 drivers
v0x55558f93e820_0 .net "I2_pd", 0 0, L_0x55558fc41470;  1 drivers
o0x7fa1efb67b68 .functor BUFZ 1, c4<z>; HiZ drive
v0x55558f93e8e0_0 .net "I3", 0 0, o0x7fa1efb67b68;  0 drivers
v0x55558f93e9a0_0 .net "I3_pd", 0 0, L_0x55558fc416e0;  1 drivers
v0x55558f93ea60_0 .net "LO", 0 0, L_0x55558fc41c40;  1 drivers
v0x55558f93b450_0 .net "O", 0 0, L_0x55558fc42c90;  1 drivers
o0x7fa1efb67c28 .functor BUFZ 1, c4<z>; HiZ drive
v0x55558f93b510_0 .net "SR", 0 0, o0x7fa1efb67c28;  0 drivers
v0x55558f93b5d0_0 .net "SR_pd", 0 0, L_0x55558fc41960;  1 drivers
o0x7fa1efb67c88 .functor BUFZ 1, c4<z>; HiZ drive
; Elide local net with no drivers, v0x55558f93b690_0 name=_ivl_0
v0x55558f93b770_0 .net *"_ivl_10", 0 0, L_0x55558fc411a0;  1 drivers
L_0x7fa1ef7b7600 .functor BUFT 1, C4<0>, C4<0>, C4<0>, C4<0>;
v0x55558f93b830_0 .net/2u *"_ivl_12", 0 0, L_0x7fa1ef7b7600;  1 drivers
o0x7fa1efb67d18 .functor BUFZ 1, c4<z>; HiZ drive
; Elide local net with no drivers, v0x55558f93fe80_0 name=_ivl_16
v0x55558f93ff60_0 .net *"_ivl_18", 0 0, L_0x55558fc413d0;  1 drivers
v0x55558f940020_0 .net *"_ivl_2", 0 0, L_0x55558fc40f70;  1 drivers
L_0x7fa1ef7b7648 .functor BUFT 1, C4<0>, C4<0>, C4<0>, C4<0>;
v0x55558f9400e0_0 .net/2u *"_ivl_20", 0 0, L_0x7fa1ef7b7648;  1 drivers
o0x7fa1efb67dd8 .functor BUFZ 1, c4<z>; HiZ drive
; Elide local net with no drivers, v0x55558f9401c0_0 name=_ivl_24
v0x55558f9402a0_0 .net *"_ivl_26", 0 0, L_0x55558fc41640;  1 drivers
L_0x7fa1ef7b7690 .functor BUFT 1, C4<0>, C4<0>, C4<0>, C4<0>;
v0x55558f93ccc0_0 .net/2u *"_ivl_28", 0 0, L_0x7fa1ef7b7690;  1 drivers
o0x7fa1efb67e68 .functor BUFZ 1, c4<z>; HiZ drive
; Elide local net with no drivers, v0x55558f93cda0_0 name=_ivl_32
v0x55558f93ce80_0 .net *"_ivl_34", 0 0, L_0x55558fc418c0;  1 drivers
L_0x7fa1ef7b76d8 .functor BUFT 1, C4<0>, C4<0>, C4<0>, C4<0>;
v0x55558f93cf40_0 .net/2u *"_ivl_36", 0 0, L_0x7fa1ef7b76d8;  1 drivers
L_0x7fa1ef7b75b8 .functor BUFT 1, C4<0>, C4<0>, C4<0>, C4<0>;
v0x55558f93d020_0 .net/2u *"_ivl_4", 0 0, L_0x7fa1ef7b75b8;  1 drivers
o0x7fa1efb67f28 .functor BUFZ 1, c4<z>; HiZ drive
; Elide local net with no drivers, v0x55558f93d100_0 name=_ivl_40
v0x55558f945370_0 .net *"_ivl_42", 0 0, L_0x55558fc41b00;  1 drivers
L_0x7fa1ef7b7720 .functor BUFT 1, C4<1>, C4<0>, C4<0>, C4<0>;
v0x55558f945640_0 .net/2u *"_ivl_44", 0 0, L_0x7fa1ef7b7720;  1 drivers
L_0x7fa1ef7b77b0 .functor BUFT 1, C4<00000000>, C4<0>, C4<0>, C4<0>;
v0x55558f945720_0 .net/2u *"_ivl_52", 7 0, L_0x7fa1ef7b77b0;  1 drivers
L_0x7fa1ef7b77f8 .functor BUFT 1, C4<00000000>, C4<0>, C4<0>, C4<0>;
v0x55558f945800_0 .net/2u *"_ivl_54", 7 0, L_0x7fa1ef7b77f8;  1 drivers
v0x55558f9417d0_0 .net *"_ivl_59", 3 0, L_0x55558fc41fa0;  1 drivers
v0x55558f9418b0_0 .net *"_ivl_61", 3 0, L_0x55558fc42110;  1 drivers
v0x55558f941990_0 .net *"_ivl_65", 1 0, L_0x55558fc423d0;  1 drivers
v0x55558f941a70_0 .net *"_ivl_67", 1 0, L_0x55558fc424c0;  1 drivers
v0x55558f941b50_0 .net *"_ivl_71", 0 0, L_0x55558fc42790;  1 drivers
v0x55558f941c30_0 .net *"_ivl_73", 0 0, L_0x55558fc42560;  1 drivers
v0x55558f947260_0 .net/2u *"_ivl_78", 0 0, L_0x7fa1ef7b7840;  1 drivers
o0x7fa1efb68168 .functor BUFZ 1, c4<z>; HiZ drive
; Elide local net with no drivers, v0x55558f947340_0 name=_ivl_8
v0x55558f947420_0 .net "lut_o", 0 0, L_0x55558fc42930;  1 drivers
v0x55558f9474e0_0 .net "lut_s1", 1 0, L_0x55558fc42600;  1 drivers
v0x55558f9475c0_0 .net "lut_s2", 3 0, L_0x55558fc421b0;  1 drivers
v0x55558f9476a0_0 .net "lut_s3", 7 0, L_0x55558fc41e10;  1 drivers
v0x55558f9436c0_0 .net "mux_cin", 0 0, L_0x55558fc41da0;  1 drivers
v0x55558f943780_0 .var "o_reg", 0 0;
v0x55558f943840_0 .var "o_reg_async", 0 0;
v0x55558f943900_0 .net "polarized_clk", 0 0, L_0x55558fc42bd0;  1 drivers
E_0x55558fa32920 .event posedge, v0x55558f93b5d0_0, v0x55558f943900_0;
E_0x55558f92fd40 .event posedge, v0x55558f943900_0;
L_0x55558fc40f70 .cmp/eeq 1, o0x7fa1efb67a48, o0x7fa1efb67c88;
L_0x55558fc41010 .functor MUXZ 1, o0x7fa1efb67a48, L_0x7fa1ef7b75b8, L_0x55558fc40f70, C4<>;
L_0x55558fc411a0 .cmp/eeq 1, o0x7fa1efb67aa8, o0x7fa1efb68168;
L_0x55558fc41240 .functor MUXZ 1, o0x7fa1efb67aa8, L_0x7fa1ef7b7600, L_0x55558fc411a0, C4<>;
L_0x55558fc413d0 .cmp/eeq 1, o0x7fa1efb67b08, o0x7fa1efb67d18;
L_0x55558fc41470 .functor MUXZ 1, o0x7fa1efb67b08, L_0x7fa1ef7b7648, L_0x55558fc413d0, C4<>;
L_0x55558fc41640 .cmp/eeq 1, o0x7fa1efb67b68, o0x7fa1efb67dd8;
L_0x55558fc416e0 .functor MUXZ 1, o0x7fa1efb67b68, L_0x7fa1ef7b7690, L_0x55558fc41640, C4<>;
L_0x55558fc418c0 .cmp/eeq 1, o0x7fa1efb67c28, o0x7fa1efb67e68;
L_0x55558fc41960 .functor MUXZ 1, o0x7fa1efb67c28, L_0x7fa1ef7b76d8, L_0x55558fc418c0, C4<>;
L_0x55558fc41b00 .cmp/eeq 1, o0x7fa1efb67958, o0x7fa1efb67f28;
L_0x55558fc41ba0 .functor MUXZ 1, o0x7fa1efb67958, L_0x7fa1ef7b7720, L_0x55558fc41b00, C4<>;
L_0x55558fc41e10 .functor MUXZ 8, L_0x7fa1ef7b77f8, L_0x7fa1ef7b77b0, L_0x55558fc416e0, C4<>;
L_0x55558fc41fa0 .part L_0x55558fc41e10, 4, 4;
L_0x55558fc42110 .part L_0x55558fc41e10, 0, 4;
L_0x55558fc421b0 .functor MUXZ 4, L_0x55558fc42110, L_0x55558fc41fa0, L_0x55558fc41470, C4<>;
L_0x55558fc423d0 .part L_0x55558fc421b0, 2, 2;
L_0x55558fc424c0 .part L_0x55558fc421b0, 0, 2;
L_0x55558fc42600 .functor MUXZ 2, L_0x55558fc424c0, L_0x55558fc423d0, L_0x55558fc41240, C4<>;
L_0x55558fc42790 .part L_0x55558fc42600, 1, 1;
L_0x55558fc42560 .part L_0x55558fc42600, 0, 1;
L_0x55558fc42930 .functor MUXZ 1, L_0x55558fc42560, L_0x55558fc42790, L_0x55558fc41010, C4<>;
S_0x55558fbac430 .scope module, "ICESTORM_RAM" "ICESTORM_RAM" 14 3167;
 .timescale -12 -12;
    .port_info 0 /OUTPUT 1 "RDATA_15";
    .port_info 1 /OUTPUT 1 "RDATA_14";
    .port_info 2 /OUTPUT 1 "RDATA_13";
    .port_info 3 /OUTPUT 1 "RDATA_12";
    .port_info 4 /OUTPUT 1 "RDATA_11";
    .port_info 5 /OUTPUT 1 "RDATA_10";
    .port_info 6 /OUTPUT 1 "RDATA_9";
    .port_info 7 /OUTPUT 1 "RDATA_8";
    .port_info 8 /OUTPUT 1 "RDATA_7";
    .port_info 9 /OUTPUT 1 "RDATA_6";
    .port_info 10 /OUTPUT 1 "RDATA_5";
    .port_info 11 /OUTPUT 1 "RDATA_4";
    .port_info 12 /OUTPUT 1 "RDATA_3";
    .port_info 13 /OUTPUT 1 "RDATA_2";
    .port_info 14 /OUTPUT 1 "RDATA_1";
    .port_info 15 /OUTPUT 1 "RDATA_0";
    .port_info 16 /INPUT 1 "RCLK";
    .port_info 17 /INPUT 1 "RCLKE";
    .port_info 18 /INPUT 1 "RE";
    .port_info 19 /INPUT 1 "RADDR_10";
    .port_info 20 /INPUT 1 "RADDR_9";
    .port_info 21 /INPUT 1 "RADDR_8";
    .port_info 22 /INPUT 1 "RADDR_7";
    .port_info 23 /INPUT 1 "RADDR_6";
    .port_info 24 /INPUT 1 "RADDR_5";
    .port_info 25 /INPUT 1 "RADDR_4";
    .port_info 26 /INPUT 1 "RADDR_3";
    .port_info 27 /INPUT 1 "RADDR_2";
    .port_info 28 /INPUT 1 "RADDR_1";
    .port_info 29 /INPUT 1 "RADDR_0";
    .port_info 30 /INPUT 1 "WCLK";
    .port_info 31 /INPUT 1 "WCLKE";
    .port_info 32 /INPUT 1 "WE";
    .port_info 33 /INPUT 1 "WADDR_10";
    .port_info 34 /INPUT 1 "WADDR_9";
    .port_info 35 /INPUT 1 "WADDR_8";
    .port_info 36 /INPUT 1 "WADDR_7";
    .port_info 37 /INPUT 1 "WADDR_6";
    .port_info 38 /INPUT 1 "WADDR_5";
    .port_info 39 /INPUT 1 "WADDR_4";
    .port_info 40 /INPUT 1 "WADDR_3";
    .port_info 41 /INPUT 1 "WADDR_2";
    .port_info 42 /INPUT 1 "WADDR_1";
    .port_info 43 /INPUT 1 "WADDR_0";
    .port_info 44 /INPUT 1 "MASK_15";
    .port_info 45 /INPUT 1 "MASK_14";
    .port_info 46 /INPUT 1 "MASK_13";
    .port_info 47 /INPUT 1 "MASK_12";
    .port_info 48 /INPUT 1 "MASK_11";
    .port_info 49 /INPUT 1 "MASK_10";
    .port_info 50 /INPUT 1 "MASK_9";
    .port_info 51 /INPUT 1 "MASK_8";
    .port_info 52 /INPUT 1 "MASK_7";
    .port_info 53 /INPUT 1 "MASK_6";
    .port_info 54 /INPUT 1 "MASK_5";
    .port_info 55 /INPUT 1 "MASK_4";
    .port_info 56 /INPUT 1 "MASK_3";
    .port_info 57 /INPUT 1 "MASK_2";
    .port_info 58 /INPUT 1 "MASK_1";
    .port_info 59 /INPUT 1 "MASK_0";
    .port_info 60 /INPUT 1 "WDATA_15";
    .port_info 61 /INPUT 1 "WDATA_14";
    .port_info 62 /INPUT 1 "WDATA_13";
    .port_info 63 /INPUT 1 "WDATA_12";
    .port_info 64 /INPUT 1 "WDATA_11";
    .port_info 65 /INPUT 1 "WDATA_10";
    .port_info 66 /INPUT 1 "WDATA_9";
    .port_info 67 /INPUT 1 "WDATA_8";
    .port_info 68 /INPUT 1 "WDATA_7";
    .port_info 69 /INPUT 1 "WDATA_6";
    .port_info 70 /INPUT 1 "WDATA_5";
    .port_info 71 /INPUT 1 "WDATA_4";
    .port_info 72 /INPUT 1 "WDATA_3";
    .port_info 73 /INPUT 1 "WDATA_2";
    .port_info 74 /INPUT 1 "WDATA_1";
    .port_info 75 /INPUT 1 "WDATA_0";
P_0x55558f927100 .param/l "INIT_0" 0 14 3182, C4<0000000000000000000000000000000000000000000000000000000000000000000000000000000000000000000000000000000000000000000000000000000000000000000000000000000000000000000000000000000000000000000000000000000000000000000000000000000000000000000000000000000000000000>;
P_0x55558f927140 .param/l "INIT_1" 0 14 3183, C4<0000000000000000000000000000000000000000000000000000000000000000000000000000000000000000000000000000000000000000000000000000000000000000000000000000000000000000000000000000000000000000000000000000000000000000000000000000000000000000000000000000000000000000>;
P_0x55558f927180 .param/l "INIT_2" 0 14 3184, C4<0000000000000000000000000000000000000000000000000000000000000000000000000000000000000000000000000000000000000000000000000000000000000000000000000000000000000000000000000000000000000000000000000000000000000000000000000000000000000000000000000000000000000000>;
P_0x55558f9271c0 .param/l "INIT_3" 0 14 3185, C4<0000000000000000000000000000000000000000000000000000000000000000000000000000000000000000000000000000000000000000000000000000000000000000000000000000000000000000000000000000000000000000000000000000000000000000000000000000000000000000000000000000000000000000>;
P_0x55558f927200 .param/l "INIT_4" 0 14 3186, C4<0000000000000000000000000000000000000000000000000000000000000000000000000000000000000000000000000000000000000000000000000000000000000000000000000000000000000000000000000000000000000000000000000000000000000000000000000000000000000000000000000000000000000000>;
P_0x55558f927240 .param/l "INIT_5" 0 14 3187, C4<0000000000000000000000000000000000000000000000000000000000000000000000000000000000000000000000000000000000000000000000000000000000000000000000000000000000000000000000000000000000000000000000000000000000000000000000000000000000000000000000000000000000000000>;
P_0x55558f927280 .param/l "INIT_6" 0 14 3188, C4<0000000000000000000000000000000000000000000000000000000000000000000000000000000000000000000000000000000000000000000000000000000000000000000000000000000000000000000000000000000000000000000000000000000000000000000000000000000000000000000000000000000000000000>;
P_0x55558f9272c0 .param/l "INIT_7" 0 14 3189, C4<0000000000000000000000000000000000000000000000000000000000000000000000000000000000000000000000000000000000000000000000000000000000000000000000000000000000000000000000000000000000000000000000000000000000000000000000000000000000000000000000000000000000000000>;
P_0x55558f927300 .param/l "INIT_8" 0 14 3190, C4<0000000000000000000000000000000000000000000000000000000000000000000000000000000000000000000000000000000000000000000000000000000000000000000000000000000000000000000000000000000000000000000000000000000000000000000000000000000000000000000000000000000000000000>;
P_0x55558f927340 .param/l "INIT_9" 0 14 3191, C4<0000000000000000000000000000000000000000000000000000000000000000000000000000000000000000000000000000000000000000000000000000000000000000000000000000000000000000000000000000000000000000000000000000000000000000000000000000000000000000000000000000000000000000>;
P_0x55558f927380 .param/l "INIT_A" 0 14 3192, C4<0000000000000000000000000000000000000000000000000000000000000000000000000000000000000000000000000000000000000000000000000000000000000000000000000000000000000000000000000000000000000000000000000000000000000000000000000000000000000000000000000000000000000000>;
P_0x55558f9273c0 .param/l "INIT_B" 0 14 3193, C4<0000000000000000000000000000000000000000000000000000000000000000000000000000000000000000000000000000000000000000000000000000000000000000000000000000000000000000000000000000000000000000000000000000000000000000000000000000000000000000000000000000000000000000>;
P_0x55558f927400 .param/l "INIT_C" 0 14 3194, C4<0000000000000000000000000000000000000000000000000000000000000000000000000000000000000000000000000000000000000000000000000000000000000000000000000000000000000000000000000000000000000000000000000000000000000000000000000000000000000000000000000000000000000000>;
P_0x55558f927440 .param/l "INIT_D" 0 14 3195, C4<0000000000000000000000000000000000000000000000000000000000000000000000000000000000000000000000000000000000000000000000000000000000000000000000000000000000000000000000000000000000000000000000000000000000000000000000000000000000000000000000000000000000000000>;
P_0x55558f927480 .param/l "INIT_E" 0 14 3196, C4<0000000000000000000000000000000000000000000000000000000000000000000000000000000000000000000000000000000000000000000000000000000000000000000000000000000000000000000000000000000000000000000000000000000000000000000000000000000000000000000000000000000000000000>;
P_0x55558f9274c0 .param/l "INIT_F" 0 14 3197, C4<0000000000000000000000000000000000000000000000000000000000000000000000000000000000000000000000000000000000000000000000000000000000000000000000000000000000000000000000000000000000000000000000000000000000000000000000000000000000000000000000000000000000000000>;
P_0x55558f927500 .param/l "NEG_CLK_R" 0 14 3179, C4<0>;
P_0x55558f927540 .param/l "NEG_CLK_W" 0 14 3180, C4<0>;
P_0x55558f927580 .param/l "READ_MODE" 0 14 3177, +C4<00000000000000000000000000000000>;
P_0x55558f9275c0 .param/l "WRITE_MODE" 0 14 3176, +C4<00000000000000000000000000000000>;
L_0x7fa1ef7b78d0 .functor BUFT 1, C4<0>, C4<0>, C4<0>, C4<0>;
L_0x55558fc43860 .functor XOR 1, L_0x55558fc43f30, L_0x7fa1ef7b78d0, C4<0>, C4<0>;
L_0x7fa1ef7b7918 .functor BUFT 1, C4<0>, C4<0>, C4<0>, C4<0>;
L_0x55558fc45ab0 .functor XOR 1, L_0x55558fc456f0, L_0x7fa1ef7b7918, C4<0>, C4<0>;
o0x7fa1efb68af8 .functor BUFZ 1, c4<z>; HiZ drive
v0x55558fbebca0_0 .net "MASK_0", 0 0, o0x7fa1efb68af8;  0 drivers
o0x7fa1efb68b28 .functor BUFZ 1, c4<z>; HiZ drive
v0x55558fbebd80_0 .net "MASK_1", 0 0, o0x7fa1efb68b28;  0 drivers
o0x7fa1efb68b58 .functor BUFZ 1, c4<z>; HiZ drive
v0x55558fbebe40_0 .net "MASK_10", 0 0, o0x7fa1efb68b58;  0 drivers
o0x7fa1efb68b88 .functor BUFZ 1, c4<z>; HiZ drive
v0x55558fbebee0_0 .net "MASK_11", 0 0, o0x7fa1efb68b88;  0 drivers
o0x7fa1efb68bb8 .functor BUFZ 1, c4<z>; HiZ drive
v0x55558fbebfa0_0 .net "MASK_12", 0 0, o0x7fa1efb68bb8;  0 drivers
o0x7fa1efb68be8 .functor BUFZ 1, c4<z>; HiZ drive
v0x55558fbec0b0_0 .net "MASK_13", 0 0, o0x7fa1efb68be8;  0 drivers
o0x7fa1efb68c18 .functor BUFZ 1, c4<z>; HiZ drive
v0x55558fbec170_0 .net "MASK_14", 0 0, o0x7fa1efb68c18;  0 drivers
o0x7fa1efb68c48 .functor BUFZ 1, c4<z>; HiZ drive
v0x55558fbec230_0 .net "MASK_15", 0 0, o0x7fa1efb68c48;  0 drivers
o0x7fa1efb68c78 .functor BUFZ 1, c4<z>; HiZ drive
v0x55558fbec2f0_0 .net "MASK_2", 0 0, o0x7fa1efb68c78;  0 drivers
o0x7fa1efb68ca8 .functor BUFZ 1, c4<z>; HiZ drive
v0x55558fbec3b0_0 .net "MASK_3", 0 0, o0x7fa1efb68ca8;  0 drivers
o0x7fa1efb68cd8 .functor BUFZ 1, c4<z>; HiZ drive
v0x55558fbec470_0 .net "MASK_4", 0 0, o0x7fa1efb68cd8;  0 drivers
o0x7fa1efb68d08 .functor BUFZ 1, c4<z>; HiZ drive
v0x55558fbec530_0 .net "MASK_5", 0 0, o0x7fa1efb68d08;  0 drivers
o0x7fa1efb68d38 .functor BUFZ 1, c4<z>; HiZ drive
v0x55558fbec5f0_0 .net "MASK_6", 0 0, o0x7fa1efb68d38;  0 drivers
o0x7fa1efb68d68 .functor BUFZ 1, c4<z>; HiZ drive
v0x55558fbec6b0_0 .net "MASK_7", 0 0, o0x7fa1efb68d68;  0 drivers
o0x7fa1efb68d98 .functor BUFZ 1, c4<z>; HiZ drive
v0x55558fbec770_0 .net "MASK_8", 0 0, o0x7fa1efb68d98;  0 drivers
o0x7fa1efb68dc8 .functor BUFZ 1, c4<z>; HiZ drive
v0x55558fbec830_0 .net "MASK_9", 0 0, o0x7fa1efb68dc8;  0 drivers
o0x7fa1efb68df8 .functor BUFZ 1, c4<z>; HiZ drive
v0x55558fbec8f0_0 .net "RADDR_0", 0 0, o0x7fa1efb68df8;  0 drivers
o0x7fa1efb68e28 .functor BUFZ 1, c4<z>; HiZ drive
v0x55558fbecac0_0 .net "RADDR_1", 0 0, o0x7fa1efb68e28;  0 drivers
o0x7fa1efb68e58 .functor BUFZ 1, c4<z>; HiZ drive
v0x55558fbecb80_0 .net "RADDR_10", 0 0, o0x7fa1efb68e58;  0 drivers
o0x7fa1efb68e88 .functor BUFZ 1, c4<z>; HiZ drive
v0x55558fbecc40_0 .net "RADDR_2", 0 0, o0x7fa1efb68e88;  0 drivers
o0x7fa1efb68eb8 .functor BUFZ 1, c4<z>; HiZ drive
v0x55558fbecd00_0 .net "RADDR_3", 0 0, o0x7fa1efb68eb8;  0 drivers
o0x7fa1efb68ee8 .functor BUFZ 1, c4<z>; HiZ drive
v0x55558fbecdc0_0 .net "RADDR_4", 0 0, o0x7fa1efb68ee8;  0 drivers
o0x7fa1efb68f18 .functor BUFZ 1, c4<z>; HiZ drive
v0x55558fbece80_0 .net "RADDR_5", 0 0, o0x7fa1efb68f18;  0 drivers
o0x7fa1efb68f48 .functor BUFZ 1, c4<z>; HiZ drive
v0x55558fbecf40_0 .net "RADDR_6", 0 0, o0x7fa1efb68f48;  0 drivers
o0x7fa1efb68f78 .functor BUFZ 1, c4<z>; HiZ drive
v0x55558fbed000_0 .net "RADDR_7", 0 0, o0x7fa1efb68f78;  0 drivers
o0x7fa1efb68fa8 .functor BUFZ 1, c4<z>; HiZ drive
v0x55558fbed0c0_0 .net "RADDR_8", 0 0, o0x7fa1efb68fa8;  0 drivers
o0x7fa1efb68fd8 .functor BUFZ 1, c4<z>; HiZ drive
v0x55558fbed180_0 .net "RADDR_9", 0 0, o0x7fa1efb68fd8;  0 drivers
o0x7fa1efb69008 .functor BUFZ 1, c4<z>; HiZ drive
v0x55558fbed240_0 .net "RCLK", 0 0, o0x7fa1efb69008;  0 drivers
o0x7fa1efb69038 .functor BUFZ 1, c4<z>; HiZ drive
v0x55558fbed300_0 .net "RCLKE", 0 0, o0x7fa1efb69038;  0 drivers
v0x55558fbed3c0_0 .net "RDATA_0", 0 0, L_0x55558fc43dd0;  1 drivers
v0x55558fbed480_0 .net "RDATA_1", 0 0, L_0x55558fc43af0;  1 drivers
v0x55558fbed540_0 .net "RDATA_10", 0 0, L_0x55558fc431f0;  1 drivers
v0x55558fbed600_0 .net "RDATA_11", 0 0, L_0x55558fc43150;  1 drivers
v0x55558fbed8d0_0 .net "RDATA_12", 0 0, L_0x55558fc43080;  1 drivers
v0x55558fbed990_0 .net "RDATA_13", 0 0, L_0x55558fc42fe0;  1 drivers
v0x55558fbeda50_0 .net "RDATA_14", 0 0, L_0x55558fc42f40;  1 drivers
v0x55558fbedb10_0 .net "RDATA_15", 0 0, L_0x55558fc42e50;  1 drivers
v0x55558fbedbd0_0 .net "RDATA_2", 0 0, L_0x55558fc439a0;  1 drivers
v0x55558fbedc90_0 .net "RDATA_3", 0 0, L_0x55558fc438d0;  1 drivers
v0x55558fbedd50_0 .net "RDATA_4", 0 0, L_0x55558fc43790;  1 drivers
v0x55558fbede10_0 .net "RDATA_5", 0 0, L_0x55558fc436c0;  1 drivers
v0x55558fbeded0_0 .net "RDATA_6", 0 0, L_0x55558fc43590;  1 drivers
v0x55558fbedf90_0 .net "RDATA_7", 0 0, L_0x55558fc434c0;  1 drivers
v0x55558fbee050_0 .net "RDATA_8", 0 0, L_0x55558fc433a0;  1 drivers
v0x55558fbee110_0 .net "RDATA_9", 0 0, L_0x55558fc43300;  1 drivers
o0x7fa1efb69368 .functor BUFZ 1, c4<z>; HiZ drive
v0x55558fbee1d0_0 .net "RE", 0 0, o0x7fa1efb69368;  0 drivers
o0x7fa1efb69398 .functor BUFZ 1, c4<z>; HiZ drive
v0x55558fbee290_0 .net "WADDR_0", 0 0, o0x7fa1efb69398;  0 drivers
o0x7fa1efb693c8 .functor BUFZ 1, c4<z>; HiZ drive
v0x55558fbee350_0 .net "WADDR_1", 0 0, o0x7fa1efb693c8;  0 drivers
o0x7fa1efb693f8 .functor BUFZ 1, c4<z>; HiZ drive
v0x55558fbee410_0 .net "WADDR_10", 0 0, o0x7fa1efb693f8;  0 drivers
o0x7fa1efb69428 .functor BUFZ 1, c4<z>; HiZ drive
v0x55558fbee4d0_0 .net "WADDR_2", 0 0, o0x7fa1efb69428;  0 drivers
o0x7fa1efb69458 .functor BUFZ 1, c4<z>; HiZ drive
v0x55558fbee590_0 .net "WADDR_3", 0 0, o0x7fa1efb69458;  0 drivers
o0x7fa1efb69488 .functor BUFZ 1, c4<z>; HiZ drive
v0x55558fbee650_0 .net "WADDR_4", 0 0, o0x7fa1efb69488;  0 drivers
o0x7fa1efb694b8 .functor BUFZ 1, c4<z>; HiZ drive
v0x55558fbee710_0 .net "WADDR_5", 0 0, o0x7fa1efb694b8;  0 drivers
o0x7fa1efb694e8 .functor BUFZ 1, c4<z>; HiZ drive
v0x55558fbee7d0_0 .net "WADDR_6", 0 0, o0x7fa1efb694e8;  0 drivers
o0x7fa1efb69518 .functor BUFZ 1, c4<z>; HiZ drive
v0x55558fbee890_0 .net "WADDR_7", 0 0, o0x7fa1efb69518;  0 drivers
o0x7fa1efb69548 .functor BUFZ 1, c4<z>; HiZ drive
v0x55558fbee950_0 .net "WADDR_8", 0 0, o0x7fa1efb69548;  0 drivers
o0x7fa1efb69578 .functor BUFZ 1, c4<z>; HiZ drive
v0x55558fbeea10_0 .net "WADDR_9", 0 0, o0x7fa1efb69578;  0 drivers
o0x7fa1efb695a8 .functor BUFZ 1, c4<z>; HiZ drive
v0x55558fbeead0_0 .net "WCLK", 0 0, o0x7fa1efb695a8;  0 drivers
o0x7fa1efb695d8 .functor BUFZ 1, c4<z>; HiZ drive
v0x55558fbeeb90_0 .net "WCLKE", 0 0, o0x7fa1efb695d8;  0 drivers
o0x7fa1efb69608 .functor BUFZ 1, c4<z>; HiZ drive
v0x55558fbeec50_0 .net "WDATA_0", 0 0, o0x7fa1efb69608;  0 drivers
o0x7fa1efb69638 .functor BUFZ 1, c4<z>; HiZ drive
v0x55558fbeed10_0 .net "WDATA_1", 0 0, o0x7fa1efb69638;  0 drivers
o0x7fa1efb69668 .functor BUFZ 1, c4<z>; HiZ drive
v0x55558fbeedd0_0 .net "WDATA_10", 0 0, o0x7fa1efb69668;  0 drivers
o0x7fa1efb69698 .functor BUFZ 1, c4<z>; HiZ drive
v0x55558fbeee90_0 .net "WDATA_11", 0 0, o0x7fa1efb69698;  0 drivers
o0x7fa1efb696c8 .functor BUFZ 1, c4<z>; HiZ drive
v0x55558fbeef50_0 .net "WDATA_12", 0 0, o0x7fa1efb696c8;  0 drivers
o0x7fa1efb696f8 .functor BUFZ 1, c4<z>; HiZ drive
v0x55558fbef010_0 .net "WDATA_13", 0 0, o0x7fa1efb696f8;  0 drivers
o0x7fa1efb69728 .functor BUFZ 1, c4<z>; HiZ drive
v0x55558fbef0d0_0 .net "WDATA_14", 0 0, o0x7fa1efb69728;  0 drivers
o0x7fa1efb69758 .functor BUFZ 1, c4<z>; HiZ drive
v0x55558fbef190_0 .net "WDATA_15", 0 0, o0x7fa1efb69758;  0 drivers
o0x7fa1efb69788 .functor BUFZ 1, c4<z>; HiZ drive
v0x55558fbef250_0 .net "WDATA_2", 0 0, o0x7fa1efb69788;  0 drivers
o0x7fa1efb697b8 .functor BUFZ 1, c4<z>; HiZ drive
v0x55558fbef310_0 .net "WDATA_3", 0 0, o0x7fa1efb697b8;  0 drivers
o0x7fa1efb697e8 .functor BUFZ 1, c4<z>; HiZ drive
v0x55558fbef3d0_0 .net "WDATA_4", 0 0, o0x7fa1efb697e8;  0 drivers
o0x7fa1efb69818 .functor BUFZ 1, c4<z>; HiZ drive
v0x55558fbef490_0 .net "WDATA_5", 0 0, o0x7fa1efb69818;  0 drivers
o0x7fa1efb69848 .functor BUFZ 1, c4<z>; HiZ drive
v0x55558fbef550_0 .net "WDATA_6", 0 0, o0x7fa1efb69848;  0 drivers
o0x7fa1efb69878 .functor BUFZ 1, c4<z>; HiZ drive
v0x55558fbef610_0 .net "WDATA_7", 0 0, o0x7fa1efb69878;  0 drivers
o0x7fa1efb698a8 .functor BUFZ 1, c4<z>; HiZ drive
v0x55558fbef6d0_0 .net "WDATA_8", 0 0, o0x7fa1efb698a8;  0 drivers
o0x7fa1efb698d8 .functor BUFZ 1, c4<z>; HiZ drive
v0x55558fbef790_0 .net "WDATA_9", 0 0, o0x7fa1efb698d8;  0 drivers
o0x7fa1efb69908 .functor BUFZ 1, c4<z>; HiZ drive
v0x55558fbef850_0 .net "WE", 0 0, o0x7fa1efb69908;  0 drivers
v0x55558fbef910_0 .net *"_ivl_100", 0 0, L_0x55558fc47ec0;  1 drivers
v0x55558fbef9f0_0 .net *"_ivl_102", 0 0, L_0x55558fc47c10;  1 drivers
v0x55558fbefad0_0 .net *"_ivl_104", 0 0, L_0x55558fc47d10;  1 drivers
v0x55558fbefbb0_0 .net *"_ivl_106", 0 0, L_0x55558fc483b0;  1 drivers
v0x55558fbefc90_0 .net *"_ivl_108", 0 0, L_0x55558fc484b0;  1 drivers
v0x55558fbefd70_0 .net *"_ivl_110", 0 0, L_0x55558fc48790;  1 drivers
v0x55558fbefe50_0 .net *"_ivl_112", 0 0, L_0x55558fc48890;  1 drivers
v0x55558fbeff30_0 .net *"_ivl_114", 0 0, L_0x55558fc48b80;  1 drivers
v0x55558fbf0010_0 .net *"_ivl_116", 0 0, L_0x55558fc48c80;  1 drivers
v0x55558fbf00f0_0 .net *"_ivl_120", 0 0, L_0x55558fc49570;  1 drivers
v0x55558fbf01d0_0 .net *"_ivl_122", 0 0, L_0x55558fc49820;  1 drivers
v0x55558fbf02b0_0 .net *"_ivl_124", 0 0, L_0x55558fc498c0;  1 drivers
v0x55558fbf0390_0 .net *"_ivl_126", 0 0, L_0x55558fc49b80;  1 drivers
v0x55558fbf0470_0 .net *"_ivl_128", 0 0, L_0x55558fc49c20;  1 drivers
v0x55558fbf0550_0 .net *"_ivl_130", 0 0, L_0x55558fc49ef0;  1 drivers
v0x55558fbf0630_0 .net *"_ivl_132", 0 0, L_0x55558fc49f90;  1 drivers
v0x55558fbf0710_0 .net *"_ivl_134", 0 0, L_0x55558fc4a270;  1 drivers
v0x55558fbf07f0_0 .net *"_ivl_136", 0 0, L_0x55558fc4a310;  1 drivers
v0x55558fbf08d0_0 .net *"_ivl_138", 0 0, L_0x55558fc4a630;  1 drivers
v0x55558fbf09b0_0 .net *"_ivl_140", 0 0, L_0x55558fc4a730;  1 drivers
v0x55558fbf0a90_0 .net *"_ivl_142", 0 0, L_0x55558fc4aa90;  1 drivers
v0x55558fbf0b70_0 .net *"_ivl_144", 0 0, L_0x55558fc4ab90;  1 drivers
v0x55558fbf0c50_0 .net *"_ivl_146", 0 0, L_0x55558fc4af00;  1 drivers
v0x55558fbf0d30_0 .net *"_ivl_148", 0 0, L_0x55558fc4b000;  1 drivers
v0x55558fbf0e10_0 .net *"_ivl_150", 0 0, L_0x55558fc4b380;  1 drivers
v0x55558fbf0ef0_0 .net *"_ivl_18", 0 0, L_0x55558fc43f30;  1 drivers
v0x55558fbf0fd0_0 .net/2u *"_ivl_19", 0 0, L_0x7fa1ef7b78d0;  1 drivers
v0x55558fbf10b0_0 .net *"_ivl_28", 0 0, L_0x55558fc442d0;  1 drivers
v0x55558fbf1190_0 .net *"_ivl_30", 0 0, L_0x55558fc44130;  1 drivers
v0x55558fbf1270_0 .net *"_ivl_32", 0 0, L_0x55558fc444e0;  1 drivers
v0x55558fbf1350_0 .net *"_ivl_34", 0 0, L_0x55558fc446a0;  1 drivers
v0x55558fbf1430_0 .net *"_ivl_36", 0 0, L_0x55558fc447a0;  1 drivers
v0x55558fbf1510_0 .net *"_ivl_38", 0 0, L_0x55558fc44970;  1 drivers
v0x55558fbf15f0_0 .net *"_ivl_40", 0 0, L_0x55558fc44a70;  1 drivers
v0x55558fbf16d0_0 .net *"_ivl_42", 0 0, L_0x55558fc44c50;  1 drivers
v0x55558fbf17b0_0 .net *"_ivl_44", 0 0, L_0x55558fc44d50;  1 drivers
v0x55558fbf1890_0 .net *"_ivl_46", 0 0, L_0x55558fc44f40;  1 drivers
v0x55558fbf1970_0 .net *"_ivl_48", 0 0, L_0x55558fc45040;  1 drivers
v0x55558fbf1a50_0 .net *"_ivl_52", 0 0, L_0x55558fc456f0;  1 drivers
v0x55558fbf1b30_0 .net/2u *"_ivl_53", 0 0, L_0x7fa1ef7b7918;  1 drivers
v0x55558fbf1c10_0 .net *"_ivl_62", 0 0, L_0x55558fc45e20;  1 drivers
v0x55558fbf1cf0_0 .net *"_ivl_64", 0 0, L_0x55558fc45ec0;  1 drivers
v0x55558fbf1dd0_0 .net *"_ivl_66", 0 0, L_0x55558fc46090;  1 drivers
v0x55558fbf1eb0_0 .net *"_ivl_68", 0 0, L_0x55558fc46160;  1 drivers
v0x55558fbf1f90_0 .net *"_ivl_70", 0 0, L_0x55558fc463a0;  1 drivers
v0x55558fbf2070_0 .net *"_ivl_72", 0 0, L_0x55558fc464a0;  1 drivers
v0x55558fbf2150_0 .net *"_ivl_74", 0 0, L_0x55558fc466f0;  1 drivers
v0x55558fbf2230_0 .net *"_ivl_76", 0 0, L_0x55558fc467f0;  1 drivers
v0x55558fbf2310_0 .net *"_ivl_78", 0 0, L_0x55558fc46a50;  1 drivers
v0x55558fbf23f0_0 .net *"_ivl_80", 0 0, L_0x55558fc46b50;  1 drivers
v0x55558fbf24d0_0 .net *"_ivl_82", 0 0, L_0x55558fc46dc0;  1 drivers
v0x55558fbf25b0_0 .net *"_ivl_86", 0 0, L_0x55558fc474f0;  1 drivers
v0x55558fbf2690_0 .net *"_ivl_88", 0 0, L_0x55558fc47590;  1 drivers
v0x55558fbf2f80_0 .net *"_ivl_90", 0 0, L_0x55558fc477c0;  1 drivers
v0x55558fbf3060_0 .net *"_ivl_92", 0 0, L_0x55558fc47860;  1 drivers
v0x55558fbf3140_0 .net *"_ivl_94", 0 0, L_0x55558fc47aa0;  1 drivers
v0x55558fbf3220_0 .net *"_ivl_96", 0 0, L_0x55558fc47b40;  1 drivers
v0x55558fbf3300_0 .net *"_ivl_98", 0 0, L_0x55558fc47dc0;  1 drivers
L_0x55558fc42e50 .part v0x55558f93a200_0, 15, 1;
L_0x55558fc42f40 .part v0x55558f93a200_0, 14, 1;
L_0x55558fc42fe0 .part v0x55558f93a200_0, 13, 1;
L_0x55558fc43080 .part v0x55558f93a200_0, 12, 1;
L_0x55558fc43150 .part v0x55558f93a200_0, 11, 1;
L_0x55558fc431f0 .part v0x55558f93a200_0, 10, 1;
L_0x55558fc43300 .part v0x55558f93a200_0, 9, 1;
L_0x55558fc433a0 .part v0x55558f93a200_0, 8, 1;
L_0x55558fc434c0 .part v0x55558f93a200_0, 7, 1;
L_0x55558fc43590 .part v0x55558f93a200_0, 6, 1;
L_0x55558fc436c0 .part v0x55558f93a200_0, 5, 1;
L_0x55558fc43790 .part v0x55558f93a200_0, 4, 1;
L_0x55558fc438d0 .part v0x55558f93a200_0, 3, 1;
L_0x55558fc439a0 .part v0x55558f93a200_0, 2, 1;
L_0x55558fc43af0 .part v0x55558f93a200_0, 1, 1;
L_0x55558fc43dd0 .part v0x55558f93a200_0, 0, 1;
L_0x55558fc43f30 .ufunc/vec4 TD_ICESTORM_RAM.pd, 1, o0x7fa1efb69008 (v0x55558fbeb880_0) S_0x55558fbeb610;
L_0x55558fc44090 .ufunc/vec4 TD_ICESTORM_RAM.pu, 1, o0x7fa1efb69038 (v0x55558fbebbe0_0) S_0x55558fbeb940;
L_0x55558fc441d0 .ufunc/vec4 TD_ICESTORM_RAM.pd, 1, o0x7fa1efb69368 (v0x55558fbeb880_0) S_0x55558fbeb610;
L_0x55558fc442d0 .ufunc/vec4 TD_ICESTORM_RAM.pd, 1, o0x7fa1efb68e58 (v0x55558fbeb880_0) S_0x55558fbeb610;
L_0x55558fc44130 .ufunc/vec4 TD_ICESTORM_RAM.pd, 1, o0x7fa1efb68fd8 (v0x55558fbeb880_0) S_0x55558fbeb610;
L_0x55558fc444e0 .ufunc/vec4 TD_ICESTORM_RAM.pd, 1, o0x7fa1efb68fa8 (v0x55558fbeb880_0) S_0x55558fbeb610;
L_0x55558fc446a0 .ufunc/vec4 TD_ICESTORM_RAM.pd, 1, o0x7fa1efb68f78 (v0x55558fbeb880_0) S_0x55558fbeb610;
L_0x55558fc447a0 .ufunc/vec4 TD_ICESTORM_RAM.pd, 1, o0x7fa1efb68f48 (v0x55558fbeb880_0) S_0x55558fbeb610;
L_0x55558fc44970 .ufunc/vec4 TD_ICESTORM_RAM.pd, 1, o0x7fa1efb68f18 (v0x55558fbeb880_0) S_0x55558fbeb610;
L_0x55558fc44a70 .ufunc/vec4 TD_ICESTORM_RAM.pd, 1, o0x7fa1efb68ee8 (v0x55558fbeb880_0) S_0x55558fbeb610;
L_0x55558fc44c50 .ufunc/vec4 TD_ICESTORM_RAM.pd, 1, o0x7fa1efb68eb8 (v0x55558fbeb880_0) S_0x55558fbeb610;
L_0x55558fc44d50 .ufunc/vec4 TD_ICESTORM_RAM.pd, 1, o0x7fa1efb68e88 (v0x55558fbeb880_0) S_0x55558fbeb610;
L_0x55558fc44f40 .ufunc/vec4 TD_ICESTORM_RAM.pd, 1, o0x7fa1efb68e28 (v0x55558fbeb880_0) S_0x55558fbeb610;
L_0x55558fc45040 .ufunc/vec4 TD_ICESTORM_RAM.pd, 1, o0x7fa1efb68df8 (v0x55558fbeb880_0) S_0x55558fbeb610;
LS_0x55558fc45240_0_0 .concat [ 1 1 1 1], L_0x55558fc45040, L_0x55558fc44f40, L_0x55558fc44d50, L_0x55558fc44c50;
LS_0x55558fc45240_0_4 .concat [ 1 1 1 1], L_0x55558fc44a70, L_0x55558fc44970, L_0x55558fc447a0, L_0x55558fc446a0;
LS_0x55558fc45240_0_8 .concat [ 1 1 1 0], L_0x55558fc444e0, L_0x55558fc44130, L_0x55558fc442d0;
L_0x55558fc45240 .concat [ 4 4 3 0], LS_0x55558fc45240_0_0, LS_0x55558fc45240_0_4, LS_0x55558fc45240_0_8;
L_0x55558fc456f0 .ufunc/vec4 TD_ICESTORM_RAM.pd, 1, o0x7fa1efb695a8 (v0x55558fbeb880_0) S_0x55558fbeb610;
L_0x55558fc45bc0 .ufunc/vec4 TD_ICESTORM_RAM.pu, 1, o0x7fa1efb695d8 (v0x55558fbebbe0_0) S_0x55558fbeb940;
L_0x55558fc45c60 .ufunc/vec4 TD_ICESTORM_RAM.pd, 1, o0x7fa1efb69908 (v0x55558fbeb880_0) S_0x55558fbeb610;
L_0x55558fc45e20 .ufunc/vec4 TD_ICESTORM_RAM.pd, 1, o0x7fa1efb693f8 (v0x55558fbeb880_0) S_0x55558fbeb610;
L_0x55558fc45ec0 .ufunc/vec4 TD_ICESTORM_RAM.pd, 1, o0x7fa1efb69578 (v0x55558fbeb880_0) S_0x55558fbeb610;
L_0x55558fc46090 .ufunc/vec4 TD_ICESTORM_RAM.pd, 1, o0x7fa1efb69548 (v0x55558fbeb880_0) S_0x55558fbeb610;
L_0x55558fc46160 .ufunc/vec4 TD_ICESTORM_RAM.pd, 1, o0x7fa1efb69518 (v0x55558fbeb880_0) S_0x55558fbeb610;
L_0x55558fc463a0 .ufunc/vec4 TD_ICESTORM_RAM.pd, 1, o0x7fa1efb694e8 (v0x55558fbeb880_0) S_0x55558fbeb610;
L_0x55558fc464a0 .ufunc/vec4 TD_ICESTORM_RAM.pd, 1, o0x7fa1efb694b8 (v0x55558fbeb880_0) S_0x55558fbeb610;
L_0x55558fc466f0 .ufunc/vec4 TD_ICESTORM_RAM.pd, 1, o0x7fa1efb69488 (v0x55558fbeb880_0) S_0x55558fbeb610;
L_0x55558fc467f0 .ufunc/vec4 TD_ICESTORM_RAM.pd, 1, o0x7fa1efb69458 (v0x55558fbeb880_0) S_0x55558fbeb610;
L_0x55558fc46a50 .ufunc/vec4 TD_ICESTORM_RAM.pd, 1, o0x7fa1efb69428 (v0x55558fbeb880_0) S_0x55558fbeb610;
L_0x55558fc46b50 .ufunc/vec4 TD_ICESTORM_RAM.pd, 1, o0x7fa1efb693c8 (v0x55558fbeb880_0) S_0x55558fbeb610;
L_0x55558fc46dc0 .ufunc/vec4 TD_ICESTORM_RAM.pd, 1, o0x7fa1efb69398 (v0x55558fbeb880_0) S_0x55558fbeb610;
LS_0x55558fc46ec0_0_0 .concat [ 1 1 1 1], L_0x55558fc46dc0, L_0x55558fc46b50, L_0x55558fc46a50, L_0x55558fc467f0;
LS_0x55558fc46ec0_0_4 .concat [ 1 1 1 1], L_0x55558fc466f0, L_0x55558fc464a0, L_0x55558fc463a0, L_0x55558fc46160;
LS_0x55558fc46ec0_0_8 .concat [ 1 1 1 0], L_0x55558fc46090, L_0x55558fc45ec0, L_0x55558fc45e20;
L_0x55558fc46ec0 .concat [ 4 4 3 0], LS_0x55558fc46ec0_0_0, LS_0x55558fc46ec0_0_4, LS_0x55558fc46ec0_0_8;
L_0x55558fc474f0 .ufunc/vec4 TD_ICESTORM_RAM.pd, 1, o0x7fa1efb68c48 (v0x55558fbeb880_0) S_0x55558fbeb610;
L_0x55558fc47590 .ufunc/vec4 TD_ICESTORM_RAM.pd, 1, o0x7fa1efb68c18 (v0x55558fbeb880_0) S_0x55558fbeb610;
L_0x55558fc477c0 .ufunc/vec4 TD_ICESTORM_RAM.pd, 1, o0x7fa1efb68be8 (v0x55558fbeb880_0) S_0x55558fbeb610;
L_0x55558fc47860 .ufunc/vec4 TD_ICESTORM_RAM.pd, 1, o0x7fa1efb68bb8 (v0x55558fbeb880_0) S_0x55558fbeb610;
L_0x55558fc47aa0 .ufunc/vec4 TD_ICESTORM_RAM.pd, 1, o0x7fa1efb68b88 (v0x55558fbeb880_0) S_0x55558fbeb610;
L_0x55558fc47b40 .ufunc/vec4 TD_ICESTORM_RAM.pd, 1, o0x7fa1efb68b58 (v0x55558fbeb880_0) S_0x55558fbeb610;
L_0x55558fc47dc0 .ufunc/vec4 TD_ICESTORM_RAM.pd, 1, o0x7fa1efb68dc8 (v0x55558fbeb880_0) S_0x55558fbeb610;
L_0x55558fc47ec0 .ufunc/vec4 TD_ICESTORM_RAM.pd, 1, o0x7fa1efb68d98 (v0x55558fbeb880_0) S_0x55558fbeb610;
L_0x55558fc47c10 .ufunc/vec4 TD_ICESTORM_RAM.pd, 1, o0x7fa1efb68d68 (v0x55558fbeb880_0) S_0x55558fbeb610;
L_0x55558fc47d10 .ufunc/vec4 TD_ICESTORM_RAM.pd, 1, o0x7fa1efb68d38 (v0x55558fbeb880_0) S_0x55558fbeb610;
L_0x55558fc483b0 .ufunc/vec4 TD_ICESTORM_RAM.pd, 1, o0x7fa1efb68d08 (v0x55558fbeb880_0) S_0x55558fbeb610;
L_0x55558fc484b0 .ufunc/vec4 TD_ICESTORM_RAM.pd, 1, o0x7fa1efb68cd8 (v0x55558fbeb880_0) S_0x55558fbeb610;
L_0x55558fc48790 .ufunc/vec4 TD_ICESTORM_RAM.pd, 1, o0x7fa1efb68ca8 (v0x55558fbeb880_0) S_0x55558fbeb610;
L_0x55558fc48890 .ufunc/vec4 TD_ICESTORM_RAM.pd, 1, o0x7fa1efb68c78 (v0x55558fbeb880_0) S_0x55558fbeb610;
L_0x55558fc48b80 .ufunc/vec4 TD_ICESTORM_RAM.pd, 1, o0x7fa1efb68b28 (v0x55558fbeb880_0) S_0x55558fbeb610;
L_0x55558fc48c80 .ufunc/vec4 TD_ICESTORM_RAM.pd, 1, o0x7fa1efb68af8 (v0x55558fbeb880_0) S_0x55558fbeb610;
LS_0x55558fc48f80_0_0 .concat [ 1 1 1 1], L_0x55558fc48c80, L_0x55558fc48b80, L_0x55558fc48890, L_0x55558fc48790;
LS_0x55558fc48f80_0_4 .concat [ 1 1 1 1], L_0x55558fc484b0, L_0x55558fc483b0, L_0x55558fc47d10, L_0x55558fc47c10;
LS_0x55558fc48f80_0_8 .concat [ 1 1 1 1], L_0x55558fc47ec0, L_0x55558fc47dc0, L_0x55558fc47b40, L_0x55558fc47aa0;
LS_0x55558fc48f80_0_12 .concat [ 1 1 1 1], L_0x55558fc47860, L_0x55558fc477c0, L_0x55558fc47590, L_0x55558fc474f0;
L_0x55558fc48f80 .concat [ 4 4 4 4], LS_0x55558fc48f80_0_0, LS_0x55558fc48f80_0_4, LS_0x55558fc48f80_0_8, LS_0x55558fc48f80_0_12;
L_0x55558fc49570 .ufunc/vec4 TD_ICESTORM_RAM.pd, 1, o0x7fa1efb69758 (v0x55558fbeb880_0) S_0x55558fbeb610;
L_0x55558fc49820 .ufunc/vec4 TD_ICESTORM_RAM.pd, 1, o0x7fa1efb69728 (v0x55558fbeb880_0) S_0x55558fbeb610;
L_0x55558fc498c0 .ufunc/vec4 TD_ICESTORM_RAM.pd, 1, o0x7fa1efb696f8 (v0x55558fbeb880_0) S_0x55558fbeb610;
L_0x55558fc49b80 .ufunc/vec4 TD_ICESTORM_RAM.pd, 1, o0x7fa1efb696c8 (v0x55558fbeb880_0) S_0x55558fbeb610;
L_0x55558fc49c20 .ufunc/vec4 TD_ICESTORM_RAM.pd, 1, o0x7fa1efb69698 (v0x55558fbeb880_0) S_0x55558fbeb610;
L_0x55558fc49ef0 .ufunc/vec4 TD_ICESTORM_RAM.pd, 1, o0x7fa1efb69668 (v0x55558fbeb880_0) S_0x55558fbeb610;
L_0x55558fc49f90 .ufunc/vec4 TD_ICESTORM_RAM.pd, 1, o0x7fa1efb698d8 (v0x55558fbeb880_0) S_0x55558fbeb610;
L_0x55558fc4a270 .ufunc/vec4 TD_ICESTORM_RAM.pd, 1, o0x7fa1efb698a8 (v0x55558fbeb880_0) S_0x55558fbeb610;
L_0x55558fc4a310 .ufunc/vec4 TD_ICESTORM_RAM.pd, 1, o0x7fa1efb69878 (v0x55558fbeb880_0) S_0x55558fbeb610;
L_0x55558fc4a630 .ufunc/vec4 TD_ICESTORM_RAM.pd, 1, o0x7fa1efb69848 (v0x55558fbeb880_0) S_0x55558fbeb610;
L_0x55558fc4a730 .ufunc/vec4 TD_ICESTORM_RAM.pd, 1, o0x7fa1efb69818 (v0x55558fbeb880_0) S_0x55558fbeb610;
L_0x55558fc4aa90 .ufunc/vec4 TD_ICESTORM_RAM.pd, 1, o0x7fa1efb697e8 (v0x55558fbeb880_0) S_0x55558fbeb610;
L_0x55558fc4ab90 .ufunc/vec4 TD_ICESTORM_RAM.pd, 1, o0x7fa1efb697b8 (v0x55558fbeb880_0) S_0x55558fbeb610;
L_0x55558fc4af00 .ufunc/vec4 TD_ICESTORM_RAM.pd, 1, o0x7fa1efb69788 (v0x55558fbeb880_0) S_0x55558fbeb610;
L_0x55558fc4b000 .ufunc/vec4 TD_ICESTORM_RAM.pd, 1, o0x7fa1efb69638 (v0x55558fbeb880_0) S_0x55558fbeb610;
L_0x55558fc4b380 .ufunc/vec4 TD_ICESTORM_RAM.pd, 1, o0x7fa1efb69608 (v0x55558fbeb880_0) S_0x55558fbeb610;
LS_0x55558fc4b480_0_0 .concat [ 1 1 1 1], L_0x55558fc4b380, L_0x55558fc4b000, L_0x55558fc4af00, L_0x55558fc4ab90;
LS_0x55558fc4b480_0_4 .concat [ 1 1 1 1], L_0x55558fc4aa90, L_0x55558fc4a730, L_0x55558fc4a630, L_0x55558fc4a310;
LS_0x55558fc4b480_0_8 .concat [ 1 1 1 1], L_0x55558fc4a270, L_0x55558fc49f90, L_0x55558fc49ef0, L_0x55558fc49c20;
LS_0x55558fc4b480_0_12 .concat [ 1 1 1 1], L_0x55558fc49b80, L_0x55558fc498c0, L_0x55558fc49820, L_0x55558fc49570;
L_0x55558fc4b480 .concat [ 4 4 4 4], LS_0x55558fc4b480_0_0, LS_0x55558fc4b480_0_4, LS_0x55558fc4b480_0_8, LS_0x55558fc4b480_0_12;
S_0x55558f939d90 .scope module, "RAM" "SB_RAM40_4K" 14 3233, 14 1487 0, S_0x55558fbac430;
 .timescale -12 -12;
    .port_info 0 /OUTPUT 16 "RDATA";
    .port_info 1 /INPUT 1 "RCLK";
    .port_info 2 /INPUT 1 "RCLKE";
    .port_info 3 /INPUT 1 "RE";
    .port_info 4 /INPUT 11 "RADDR";
    .port_info 5 /INPUT 1 "WCLK";
    .port_info 6 /INPUT 1 "WCLKE";
    .port_info 7 /INPUT 1 "WE";
    .port_info 8 /INPUT 11 "WADDR";
    .port_info 9 /INPUT 16 "MASK";
    .port_info 10 /INPUT 16 "WDATA";
P_0x55558f938a40 .param/l "INIT_0" 0 14 1507, C4<0000000000000000000000000000000000000000000000000000000000000000000000000000000000000000000000000000000000000000000000000000000000000000000000000000000000000000000000000000000000000000000000000000000000000000000000000000000000000000000000000000000000000000>;
P_0x55558f938a80 .param/l "INIT_1" 0 14 1508, C4<0000000000000000000000000000000000000000000000000000000000000000000000000000000000000000000000000000000000000000000000000000000000000000000000000000000000000000000000000000000000000000000000000000000000000000000000000000000000000000000000000000000000000000>;
P_0x55558f938ac0 .param/l "INIT_2" 0 14 1509, C4<0000000000000000000000000000000000000000000000000000000000000000000000000000000000000000000000000000000000000000000000000000000000000000000000000000000000000000000000000000000000000000000000000000000000000000000000000000000000000000000000000000000000000000>;
P_0x55558f938b00 .param/l "INIT_3" 0 14 1510, C4<0000000000000000000000000000000000000000000000000000000000000000000000000000000000000000000000000000000000000000000000000000000000000000000000000000000000000000000000000000000000000000000000000000000000000000000000000000000000000000000000000000000000000000>;
P_0x55558f938b40 .param/l "INIT_4" 0 14 1511, C4<0000000000000000000000000000000000000000000000000000000000000000000000000000000000000000000000000000000000000000000000000000000000000000000000000000000000000000000000000000000000000000000000000000000000000000000000000000000000000000000000000000000000000000>;
P_0x55558f938b80 .param/l "INIT_5" 0 14 1512, C4<0000000000000000000000000000000000000000000000000000000000000000000000000000000000000000000000000000000000000000000000000000000000000000000000000000000000000000000000000000000000000000000000000000000000000000000000000000000000000000000000000000000000000000>;
P_0x55558f938bc0 .param/l "INIT_6" 0 14 1513, C4<0000000000000000000000000000000000000000000000000000000000000000000000000000000000000000000000000000000000000000000000000000000000000000000000000000000000000000000000000000000000000000000000000000000000000000000000000000000000000000000000000000000000000000>;
P_0x55558f938c00 .param/l "INIT_7" 0 14 1514, C4<0000000000000000000000000000000000000000000000000000000000000000000000000000000000000000000000000000000000000000000000000000000000000000000000000000000000000000000000000000000000000000000000000000000000000000000000000000000000000000000000000000000000000000>;
P_0x55558f938c40 .param/l "INIT_8" 0 14 1515, C4<0000000000000000000000000000000000000000000000000000000000000000000000000000000000000000000000000000000000000000000000000000000000000000000000000000000000000000000000000000000000000000000000000000000000000000000000000000000000000000000000000000000000000000>;
P_0x55558f938c80 .param/l "INIT_9" 0 14 1516, C4<0000000000000000000000000000000000000000000000000000000000000000000000000000000000000000000000000000000000000000000000000000000000000000000000000000000000000000000000000000000000000000000000000000000000000000000000000000000000000000000000000000000000000000>;
P_0x55558f938cc0 .param/l "INIT_A" 0 14 1517, C4<0000000000000000000000000000000000000000000000000000000000000000000000000000000000000000000000000000000000000000000000000000000000000000000000000000000000000000000000000000000000000000000000000000000000000000000000000000000000000000000000000000000000000000>;
P_0x55558f938d00 .param/l "INIT_B" 0 14 1518, C4<0000000000000000000000000000000000000000000000000000000000000000000000000000000000000000000000000000000000000000000000000000000000000000000000000000000000000000000000000000000000000000000000000000000000000000000000000000000000000000000000000000000000000000>;
P_0x55558f938d40 .param/l "INIT_C" 0 14 1519, C4<0000000000000000000000000000000000000000000000000000000000000000000000000000000000000000000000000000000000000000000000000000000000000000000000000000000000000000000000000000000000000000000000000000000000000000000000000000000000000000000000000000000000000000>;
P_0x55558f938d80 .param/l "INIT_D" 0 14 1520, C4<0000000000000000000000000000000000000000000000000000000000000000000000000000000000000000000000000000000000000000000000000000000000000000000000000000000000000000000000000000000000000000000000000000000000000000000000000000000000000000000000000000000000000000>;
P_0x55558f938dc0 .param/l "INIT_E" 0 14 1521, C4<0000000000000000000000000000000000000000000000000000000000000000000000000000000000000000000000000000000000000000000000000000000000000000000000000000000000000000000000000000000000000000000000000000000000000000000000000000000000000000000000000000000000000000>;
P_0x55558f938e00 .param/l "INIT_F" 0 14 1522, C4<0000000000000000000000000000000000000000000000000000000000000000000000000000000000000000000000000000000000000000000000000000000000000000000000000000000000000000000000000000000000000000000000000000000000000000000000000000000000000000000000000000000000000000>;
P_0x55558f938e40 .param/str "INIT_FILE" 0 14 1524, "\000";
P_0x55558f938e80 .param/l "READ_MODE" 0 14 1505, +C4<00000000000000000000000000000000>;
P_0x55558f938ec0 .param/l "WRITE_MODE" 0 14 1504, +C4<00000000000000000000000000000000>;
v0x55558f9287b0_0 .net "MASK", 15 0, L_0x55558fc48f80;  1 drivers
v0x55558f928850_0 .net "RADDR", 10 0, L_0x55558fc45240;  1 drivers
v0x55558f9288f0_0 .net "RCLK", 0 0, L_0x55558fc43860;  1 drivers
v0x55558f928990_0 .net "RCLKE", 0 0, L_0x55558fc44090;  1 drivers
v0x55558f928a30_0 .net "RDATA", 15 0, v0x55558f93a200_0;  1 drivers
v0x55558f93a200_0 .var "RDATA_I", 15 0;
v0x55558f943b20_0 .net "RE", 0 0, L_0x55558fc441d0;  1 drivers
L_0x7fa1ef7b7888 .functor BUFT 1, C4<0000000000000000>, C4<0>, C4<0>, C4<0>;
v0x55558f9b4270_0 .net "RMASK_I", 15 0, L_0x7fa1ef7b7888;  1 drivers
v0x55558f9b4350_0 .net "WADDR", 10 0, L_0x55558fc46ec0;  1 drivers
v0x55558f9b4430_0 .net "WCLK", 0 0, L_0x55558fc45ab0;  1 drivers
v0x55558f9b44f0_0 .net "WCLKE", 0 0, L_0x55558fc45bc0;  1 drivers
v0x55558f9b45b0_0 .net "WDATA", 15 0, L_0x55558fc4b480;  1 drivers
v0x55558f9b4690_0 .net "WDATA_I", 15 0, L_0x55558fc42d70;  1 drivers
v0x55558fbeb100_0 .net "WE", 0 0, L_0x55558fc45c60;  1 drivers
v0x55558fbeb1a0_0 .net "WMASK_I", 15 0, L_0x55558fc42d00;  1 drivers
v0x55558fbeb240_0 .var/i "i", 31 0;
v0x55558fbeb2e0 .array "memory", 255 0, 15 0;
E_0x55558f93eb20 .event posedge, v0x55558f9288f0_0;
E_0x55558f9bcff0 .event posedge, v0x55558f9b4430_0;
S_0x55558f929870 .scope generate, "genblk1" "genblk1" 14 1534, 14 1534 0, S_0x55558f939d90;
 .timescale -12 -12;
L_0x55558fc42d00 .functor BUFZ 16, L_0x55558fc48f80, C4<0000000000000000>, C4<0000000000000000>, C4<0000000000000000>;
S_0x55558f929a50 .scope generate, "genblk2" "genblk2" 14 1555, 14 1555 0, S_0x55558f939d90;
 .timescale -12 -12;
S_0x55558f929c30 .scope generate, "genblk3" "genblk3" 14 1576, 14 1576 0, S_0x55558f939d90;
 .timescale -12 -12;
L_0x55558fc42d70 .functor BUFZ 16, L_0x55558fc4b480, C4<0000000000000000>, C4<0000000000000000>, C4<0000000000000000>;
S_0x55558f9285d0 .scope generate, "genblk4" "genblk4" 14 1595, 14 1595 0, S_0x55558f939d90;
 .timescale -12 -12;
S_0x55558fbeb610 .scope function.vec4.s1, "pd" "pd" 14 3200, 14 3200 0, S_0x55558fbac430;
 .timescale -12 -12;
; Variable pd is vec4 return value of scope S_0x55558fbeb610
v0x55558fbeb880_0 .var "x", 0 0;
TD_ICESTORM_RAM.pd ;
    %load/vec4 v0x55558fbeb880_0;
    %cmpi/e 0, 1, 1;
    %flag_mov 8, 6;
    %jmp/0 T_1.2, 8;
    %pushi/vec4 0, 0, 1;
    %jmp/1 T_1.3, 8;
T_1.2 ; End of true expr.
    %load/vec4 v0x55558fbeb880_0;
    %jmp/0 T_1.3, 8;
 ; End of false expr.
    %blend;
T_1.3;
    %ret/vec4 0, 0, 1;  Assign to pd (store_vec4_to_lval)
    %end;
S_0x55558fbeb940 .scope function.vec4.s1, "pu" "pu" 14 3207, 14 3207 0, S_0x55558fbac430;
 .timescale -12 -12;
; Variable pu is vec4 return value of scope S_0x55558fbeb940
v0x55558fbebbe0_0 .var "x", 0 0;
TD_ICESTORM_RAM.pu ;
    %load/vec4 v0x55558fbebbe0_0;
    %cmpi/e 0, 1, 1;
    %flag_mov 8, 6;
    %jmp/0 T_2.4, 8;
    %pushi/vec4 1, 0, 1;
    %jmp/1 T_2.5, 8;
T_2.4 ; End of true expr.
    %load/vec4 v0x55558fbebbe0_0;
    %jmp/0 T_2.5, 8;
 ; End of false expr.
    %blend;
T_2.5;
    %ret/vec4 0, 0, 1;  Assign to pu (store_vec4_to_lval)
    %end;
S_0x55558fba6de0 .scope module, "Inc16" "Inc16" 15 7;
 .timescale -12 -12;
    .port_info 0 /INPUT 16 "in";
    .port_info 1 /OUTPUT 16 "out";
L_0x7fa1ef7b7960 .functor BUFT 1, C4<0000000000000001>, C4<0>, C4<0>, C4<0>;
v0x55558fbf3fd0_0 .net/2u *"_ivl_0", 15 0, L_0x7fa1ef7b7960;  1 drivers
o0x7fa1efb6b288 .functor BUFZ 16, c4<zzzzzzzzzzzzzzzz>; HiZ drive
v0x55558fbf40d0_0 .net "in", 15 0, o0x7fa1efb6b288;  0 drivers
v0x55558fbf41b0_0 .net "out", 15 0, L_0x55558fc4bd00;  1 drivers
L_0x55558fc4bd00 .arith/sum 16, o0x7fa1efb6b288, L_0x7fa1ef7b7960;
S_0x55558fb8ede0 .scope module, "Mux" "Mux" 16 8;
 .timescale -12 -12;
    .port_info 0 /INPUT 1 "a";
    .port_info 1 /INPUT 1 "b";
    .port_info 2 /INPUT 1 "sel";
    .port_info 3 /OUTPUT 1 "out";
o0x7fa1efb6b348 .functor BUFZ 1, c4<z>; HiZ drive
v0x55558fbf42d0_0 .net "a", 0 0, o0x7fa1efb6b348;  0 drivers
o0x7fa1efb6b378 .functor BUFZ 1, c4<z>; HiZ drive
v0x55558fbf4390_0 .net "b", 0 0, o0x7fa1efb6b378;  0 drivers
v0x55558fbf4450_0 .net "out", 0 0, L_0x55558fc4be60;  1 drivers
o0x7fa1efb6b3d8 .functor BUFZ 1, c4<z>; HiZ drive
v0x55558fbf4520_0 .net "sel", 0 0, o0x7fa1efb6b3d8;  0 drivers
L_0x55558fc4be60 .functor MUXZ 1, o0x7fa1efb6b348, o0x7fa1efb6b378, o0x7fa1efb6b3d8, C4<>;
S_0x55558fb8e9f0 .scope module, "Mux8Way16" "Mux8Way16" 17 8;
 .timescale -12 -12;
    .port_info 0 /INPUT 16 "a";
    .port_info 1 /INPUT 16 "b";
    .port_info 2 /INPUT 16 "c";
    .port_info 3 /INPUT 16 "d";
    .port_info 4 /INPUT 16 "e";
    .port_info 5 /INPUT 16 "f";
    .port_info 6 /INPUT 16 "g";
    .port_info 7 /INPUT 16 "h";
    .port_info 8 /INPUT 3 "sel";
    .port_info 9 /OUTPUT 16 "out";
o0x7fa1efb6b5b8 .functor BUFZ 16, c4<zzzzzzzzzzzzzzzz>; HiZ drive
v0x55558fbf6870_0 .net "a", 15 0, o0x7fa1efb6b5b8;  0 drivers
o0x7fa1efb6b5e8 .functor BUFZ 16, c4<zzzzzzzzzzzzzzzz>; HiZ drive
v0x55558fbf6950_0 .net "b", 15 0, o0x7fa1efb6b5e8;  0 drivers
o0x7fa1efb6b618 .functor BUFZ 16, c4<zzzzzzzzzzzzzzzz>; HiZ drive
v0x55558fbf6a20_0 .net "c", 15 0, o0x7fa1efb6b618;  0 drivers
o0x7fa1efb6b648 .functor BUFZ 16, c4<zzzzzzzzzzzzzzzz>; HiZ drive
v0x55558fbf6b20_0 .net "d", 15 0, o0x7fa1efb6b648;  0 drivers
o0x7fa1efb6b8e8 .functor BUFZ 16, c4<zzzzzzzzzzzzzzzz>; HiZ drive
v0x55558fbf6bf0_0 .net "e", 15 0, o0x7fa1efb6b8e8;  0 drivers
o0x7fa1efb6b918 .functor BUFZ 16, c4<zzzzzzzzzzzzzzzz>; HiZ drive
v0x55558fbf6ce0_0 .net "f", 15 0, o0x7fa1efb6b918;  0 drivers
o0x7fa1efb6b948 .functor BUFZ 16, c4<zzzzzzzzzzzzzzzz>; HiZ drive
v0x55558fbf6db0_0 .net "g", 15 0, o0x7fa1efb6b948;  0 drivers
o0x7fa1efb6b978 .functor BUFZ 16, c4<zzzzzzzzzzzzzzzz>; HiZ drive
v0x55558fbf6e80_0 .net "h", 15 0, o0x7fa1efb6b978;  0 drivers
v0x55558fbf6f50_0 .net "lower4", 15 0, L_0x55558fc4cc50;  1 drivers
v0x55558fbf7080_0 .net "out", 15 0, L_0x55558fc4cf50;  1 drivers
o0x7fa1efb6bc48 .functor BUFZ 3, c4<zzz>; HiZ drive
v0x55558fbf7120_0 .net "sel", 2 0, o0x7fa1efb6bc48;  0 drivers
v0x55558fbf71e0_0 .net "upper4", 15 0, L_0x55558fc4c450;  1 drivers
L_0x55558fc4c620 .part o0x7fa1efb6bc48, 1, 2;
L_0x55558fc4ce20 .part o0x7fa1efb6bc48, 1, 2;
L_0x55558fc4d160 .part o0x7fa1efb6bc48, 0, 1;
S_0x55558fbf4690 .scope module, "m1" "Mux4Way16" 17 32, 18 12 0, S_0x55558fb8e9f0;
 .timescale -12 -12;
    .port_info 0 /INPUT 16 "a";
    .port_info 1 /INPUT 16 "b";
    .port_info 2 /INPUT 16 "c";
    .port_info 3 /INPUT 16 "d";
    .port_info 4 /INPUT 2 "sel";
    .port_info 5 /OUTPUT 16 "out";
v0x55558fbf4950_0 .net *"_ivl_1", 0 0, L_0x55558fc4bf00;  1 drivers
v0x55558fbf4a50_0 .net *"_ivl_3", 0 0, L_0x55558fc4bfa0;  1 drivers
v0x55558fbf4b30_0 .net *"_ivl_4", 15 0, L_0x55558fc4c090;  1 drivers
v0x55558fbf4bf0_0 .net *"_ivl_7", 0 0, L_0x55558fc4c220;  1 drivers
v0x55558fbf4cd0_0 .net *"_ivl_8", 15 0, L_0x55558fc4c2c0;  1 drivers
v0x55558fbf4e00_0 .net "a", 15 0, o0x7fa1efb6b5b8;  alias, 0 drivers
v0x55558fbf4ee0_0 .net "b", 15 0, o0x7fa1efb6b5e8;  alias, 0 drivers
v0x55558fbf4fc0_0 .net "c", 15 0, o0x7fa1efb6b618;  alias, 0 drivers
v0x55558fbf50a0_0 .net "d", 15 0, o0x7fa1efb6b648;  alias, 0 drivers
v0x55558fbf5180_0 .net "out", 15 0, L_0x55558fc4c450;  alias, 1 drivers
v0x55558fbf5260_0 .net "sel", 1 0, L_0x55558fc4c620;  1 drivers
L_0x55558fc4bf00 .part L_0x55558fc4c620, 1, 1;
L_0x55558fc4bfa0 .part L_0x55558fc4c620, 0, 1;
L_0x55558fc4c090 .functor MUXZ 16, o0x7fa1efb6b5b8, o0x7fa1efb6b5e8, L_0x55558fc4bfa0, C4<>;
L_0x55558fc4c220 .part L_0x55558fc4c620, 0, 1;
L_0x55558fc4c2c0 .functor MUXZ 16, o0x7fa1efb6b618, o0x7fa1efb6b648, L_0x55558fc4c220, C4<>;
L_0x55558fc4c450 .functor MUXZ 16, L_0x55558fc4c2c0, L_0x55558fc4c090, L_0x55558fc4bf00, C4<>;
S_0x55558fbf5440 .scope module, "m2" "Mux4Way16" 17 33, 18 12 0, S_0x55558fb8e9f0;
 .timescale -12 -12;
    .port_info 0 /INPUT 16 "a";
    .port_info 1 /INPUT 16 "b";
    .port_info 2 /INPUT 16 "c";
    .port_info 3 /INPUT 16 "d";
    .port_info 4 /INPUT 2 "sel";
    .port_info 5 /OUTPUT 16 "out";
v0x55558fbf56c0_0 .net *"_ivl_1", 0 0, L_0x55558fc4c750;  1 drivers
v0x55558fbf57a0_0 .net *"_ivl_3", 0 0, L_0x55558fc4c7f0;  1 drivers
v0x55558fbf5880_0 .net *"_ivl_4", 15 0, L_0x55558fc4c890;  1 drivers
v0x55558fbf5940_0 .net *"_ivl_7", 0 0, L_0x55558fc4ca20;  1 drivers
v0x55558fbf5a20_0 .net *"_ivl_8", 15 0, L_0x55558fc4cac0;  1 drivers
v0x55558fbf5b50_0 .net "a", 15 0, o0x7fa1efb6b8e8;  alias, 0 drivers
v0x55558fbf5c30_0 .net "b", 15 0, o0x7fa1efb6b918;  alias, 0 drivers
v0x55558fbf5d10_0 .net "c", 15 0, o0x7fa1efb6b948;  alias, 0 drivers
v0x55558fbf5df0_0 .net "d", 15 0, o0x7fa1efb6b978;  alias, 0 drivers
v0x55558fbf5f60_0 .net "out", 15 0, L_0x55558fc4cc50;  alias, 1 drivers
v0x55558fbf6040_0 .net "sel", 1 0, L_0x55558fc4ce20;  1 drivers
L_0x55558fc4c750 .part L_0x55558fc4ce20, 1, 1;
L_0x55558fc4c7f0 .part L_0x55558fc4ce20, 0, 1;
L_0x55558fc4c890 .functor MUXZ 16, o0x7fa1efb6b8e8, o0x7fa1efb6b918, L_0x55558fc4c7f0, C4<>;
L_0x55558fc4ca20 .part L_0x55558fc4ce20, 0, 1;
L_0x55558fc4cac0 .functor MUXZ 16, o0x7fa1efb6b948, o0x7fa1efb6b978, L_0x55558fc4ca20, C4<>;
L_0x55558fc4cc50 .functor MUXZ 16, L_0x55558fc4cac0, L_0x55558fc4c890, L_0x55558fc4c750, C4<>;
S_0x55558fbf6220 .scope module, "m3" "Mux16" 17 35, 19 8 0, S_0x55558fb8e9f0;
 .timescale -12 -12;
    .port_info 0 /INPUT 16 "a";
    .port_info 1 /INPUT 16 "b";
    .port_info 2 /INPUT 1 "sel";
    .port_info 3 /OUTPUT 16 "out";
v0x55558fbf6470_0 .net "a", 15 0, L_0x55558fc4c450;  alias, 1 drivers
v0x55558fbf6560_0 .net "b", 15 0, L_0x55558fc4cc50;  alias, 1 drivers
v0x55558fbf6630_0 .net "out", 15 0, L_0x55558fc4cf50;  alias, 1 drivers
v0x55558fbf6700_0 .net "sel", 0 0, L_0x55558fc4d160;  1 drivers
L_0x55558fc4cf50 .functor MUXZ 16, L_0x55558fc4c450, L_0x55558fc4cc50, L_0x55558fc4d160, C4<>;
S_0x55558fb8baf0 .scope module, "Nand" "Nand" 20 8;
 .timescale -12 -12;
    .port_info 0 /INPUT 1 "a";
    .port_info 1 /INPUT 1 "b";
    .port_info 2 /OUTPUT 1 "out";
o0x7fa1efb6be58 .functor BUFZ 1, c4<z>; HiZ drive
o0x7fa1efb6be88 .functor BUFZ 1, c4<z>; HiZ drive
L_0x55558fc4bda0 .functor NAND 1, o0x7fa1efb6be58, o0x7fa1efb6be88, C4<1>, C4<1>;
v0x55558fbf7430_0 .net "a", 0 0, o0x7fa1efb6be58;  0 drivers
v0x55558fbf7510_0 .net "b", 0 0, o0x7fa1efb6be88;  0 drivers
v0x55558fbf75d0_0 .net "out", 0 0, L_0x55558fc4bda0;  1 drivers
S_0x55558fb8b700 .scope module, "Not" "Not" 21 7;
 .timescale -12 -12;
    .port_info 0 /INPUT 1 "in";
    .port_info 1 /OUTPUT 1 "out";
o0x7fa1efb6bf78 .functor BUFZ 1, c4<z>; HiZ drive
L_0x55558fc4d200 .functor NOT 1, o0x7fa1efb6bf78, C4<0>, C4<0>, C4<0>;
v0x55558fbf76f0_0 .net "in", 0 0, o0x7fa1efb6bf78;  0 drivers
v0x55558fbf77b0_0 .net "out", 0 0, L_0x55558fc4d200;  1 drivers
S_0x55558fb85960 .scope module, "Not16" "Not16" 22 7;
 .timescale -12 -12;
    .port_info 0 /INPUT 16 "in";
    .port_info 1 /OUTPUT 16 "out";
o0x7fa1efb6c038 .functor BUFZ 16, c4<zzzzzzzzzzzzzzzz>; HiZ drive
L_0x55558fc4d270 .functor NOT 16, o0x7fa1efb6c038, C4<0000000000000000>, C4<0000000000000000>, C4<0000000000000000>;
v0x55558fbf78d0_0 .net "in", 15 0, o0x7fa1efb6c038;  0 drivers
v0x55558fbf79b0_0 .net "out", 15 0, L_0x55558fc4d270;  1 drivers
S_0x55558fb88690 .scope module, "Or" "Or" 23 8;
 .timescale -12 -12;
    .port_info 0 /INPUT 1 "a";
    .port_info 1 /INPUT 1 "b";
    .port_info 2 /OUTPUT 1 "out";
o0x7fa1efb6c0f8 .functor BUFZ 1, c4<z>; HiZ drive
o0x7fa1efb6c128 .functor BUFZ 1, c4<z>; HiZ drive
L_0x55558fc4d2e0 .functor OR 1, o0x7fa1efb6c0f8, o0x7fa1efb6c128, C4<0>, C4<0>;
v0x55558fbf7af0_0 .net "a", 0 0, o0x7fa1efb6c0f8;  0 drivers
v0x55558fbf7bb0_0 .net "b", 0 0, o0x7fa1efb6c128;  0 drivers
v0x55558fbf7c70_0 .net "out", 0 0, L_0x55558fc4d2e0;  1 drivers
S_0x55558fb882a0 .scope module, "Or16" "Or16" 24 7;
 .timescale -12 -12;
    .port_info 0 /INPUT 16 "a";
    .port_info 1 /INPUT 16 "b";
    .port_info 2 /OUTPUT 16 "out";
L_0x55558fc4d490 .functor OR 1, L_0x55558fc4d350, L_0x55558fc4d3f0, C4<0>, C4<0>;
L_0x55558fc4d730 .functor OR 1, L_0x55558fc4d550, L_0x55558fc4d640, C4<0>, C4<0>;
L_0x55558fc4d9c0 .functor OR 1, L_0x55558fc4d840, L_0x55558fc4d8e0, C4<0>, C4<0>;
L_0x55558fc4dd80 .functor OR 1, L_0x55558fc4dad0, L_0x55558fc4dc00, C4<0>, C4<0>;
L_0x55558fc4dfc0 .functor OR 1, L_0x55558fc4de20, L_0x55558fc4dec0, C4<0>, C4<0>;
L_0x55558fc4e230 .functor OR 1, L_0x55558fc4e080, L_0x55558fc4e120, C4<0>, C4<0>;
L_0x55558fc4e1c0 .functor OR 1, L_0x55558fc4e380, L_0x55558fc4e420, C4<0>, C4<0>;
L_0x55558fc4e730 .functor OR 1, L_0x55558fc4e560, L_0x55558fc4e600, C4<0>, C4<0>;
L_0x55558fc4ea70 .functor OR 1, L_0x55558fc4e890, L_0x55558fc4e930, C4<0>, C4<0>;
L_0x55558fc4ed70 .functor OR 1, L_0x55558fc4eb80, L_0x55558fc4ec20, C4<0>, C4<0>;
L_0x55558fc4f070 .functor OR 1, L_0x55558fc4e9d0, L_0x55558fc4ef10, C4<0>, C4<0>;
L_0x55558fc4f370 .functor OR 1, L_0x55558fc4f160, L_0x55558fc4f200, C4<0>, C4<0>;
L_0x55558fc4f740 .functor OR 1, L_0x55558fc4f520, L_0x55558fc4f5c0, C4<0>, C4<0>;
L_0x55558fc4fab0 .functor OR 1, L_0x55558fc4f880, L_0x55558fc4f920, C4<0>, C4<0>;
L_0x55558fc4f4b0 .functor OR 1, L_0x55558fc4fbf0, L_0x55558fc4fc90, C4<0>, C4<0>;
L_0x55558fc508b0 .functor OR 1, L_0x55558fc50450, L_0x55558fc50600, C4<0>, C4<0>;
v0x55558fbf7dc0_0 .net *"_ivl_101", 0 0, L_0x55558fc4f5c0;  1 drivers
v0x55558fbf7ea0_0 .net *"_ivl_102", 0 0, L_0x55558fc4f740;  1 drivers
v0x55558fbf7f80_0 .net *"_ivl_107", 0 0, L_0x55558fc4f880;  1 drivers
v0x55558fbf8070_0 .net *"_ivl_109", 0 0, L_0x55558fc4f920;  1 drivers
v0x55558fbf8150_0 .net *"_ivl_11", 0 0, L_0x55558fc4d550;  1 drivers
v0x55558fbf8280_0 .net *"_ivl_110", 0 0, L_0x55558fc4fab0;  1 drivers
v0x55558fbf8360_0 .net *"_ivl_115", 0 0, L_0x55558fc4fbf0;  1 drivers
v0x55558fbf8440_0 .net *"_ivl_117", 0 0, L_0x55558fc4fc90;  1 drivers
v0x55558fbf8520_0 .net *"_ivl_118", 0 0, L_0x55558fc4f4b0;  1 drivers
v0x55558fbf8690_0 .net *"_ivl_124", 0 0, L_0x55558fc50450;  1 drivers
v0x55558fbf8770_0 .net *"_ivl_126", 0 0, L_0x55558fc50600;  1 drivers
v0x55558fbf8850_0 .net *"_ivl_127", 0 0, L_0x55558fc508b0;  1 drivers
v0x55558fbf8930_0 .net *"_ivl_13", 0 0, L_0x55558fc4d640;  1 drivers
v0x55558fbf8a10_0 .net *"_ivl_14", 0 0, L_0x55558fc4d730;  1 drivers
v0x55558fbf8af0_0 .net *"_ivl_19", 0 0, L_0x55558fc4d840;  1 drivers
v0x55558fbf8bd0_0 .net *"_ivl_21", 0 0, L_0x55558fc4d8e0;  1 drivers
v0x55558fbf8cb0_0 .net *"_ivl_22", 0 0, L_0x55558fc4d9c0;  1 drivers
v0x55558fbf8d90_0 .net *"_ivl_27", 0 0, L_0x55558fc4dad0;  1 drivers
v0x55558fbf8e70_0 .net *"_ivl_29", 0 0, L_0x55558fc4dc00;  1 drivers
v0x55558fbf8f50_0 .net *"_ivl_3", 0 0, L_0x55558fc4d350;  1 drivers
v0x55558fbf9030_0 .net *"_ivl_30", 0 0, L_0x55558fc4dd80;  1 drivers
v0x55558fbf9110_0 .net *"_ivl_35", 0 0, L_0x55558fc4de20;  1 drivers
v0x55558fbf91f0_0 .net *"_ivl_37", 0 0, L_0x55558fc4dec0;  1 drivers
v0x55558fbf92d0_0 .net *"_ivl_38", 0 0, L_0x55558fc4dfc0;  1 drivers
v0x55558fbf93b0_0 .net *"_ivl_43", 0 0, L_0x55558fc4e080;  1 drivers
v0x55558fbf9490_0 .net *"_ivl_45", 0 0, L_0x55558fc4e120;  1 drivers
v0x55558fbf9570_0 .net *"_ivl_46", 0 0, L_0x55558fc4e230;  1 drivers
v0x55558fbf9650_0 .net *"_ivl_5", 0 0, L_0x55558fc4d3f0;  1 drivers
v0x55558fbf9730_0 .net *"_ivl_51", 0 0, L_0x55558fc4e380;  1 drivers
v0x55558fbf9810_0 .net *"_ivl_53", 0 0, L_0x55558fc4e420;  1 drivers
v0x55558fbf98f0_0 .net *"_ivl_54", 0 0, L_0x55558fc4e1c0;  1 drivers
v0x55558fbf99d0_0 .net *"_ivl_59", 0 0, L_0x55558fc4e560;  1 drivers
v0x55558fbf9ab0_0 .net *"_ivl_6", 0 0, L_0x55558fc4d490;  1 drivers
v0x55558fbf9b90_0 .net *"_ivl_61", 0 0, L_0x55558fc4e600;  1 drivers
v0x55558fbf9c70_0 .net *"_ivl_62", 0 0, L_0x55558fc4e730;  1 drivers
v0x55558fbf9d50_0 .net *"_ivl_67", 0 0, L_0x55558fc4e890;  1 drivers
v0x55558fbf9e30_0 .net *"_ivl_69", 0 0, L_0x55558fc4e930;  1 drivers
v0x55558fbf9f10_0 .net *"_ivl_70", 0 0, L_0x55558fc4ea70;  1 drivers
v0x55558fbf9ff0_0 .net *"_ivl_75", 0 0, L_0x55558fc4eb80;  1 drivers
v0x55558fbfa0d0_0 .net *"_ivl_77", 0 0, L_0x55558fc4ec20;  1 drivers
v0x55558fbfa1b0_0 .net *"_ivl_78", 0 0, L_0x55558fc4ed70;  1 drivers
v0x55558fbfa290_0 .net *"_ivl_83", 0 0, L_0x55558fc4e9d0;  1 drivers
v0x55558fbfa370_0 .net *"_ivl_85", 0 0, L_0x55558fc4ef10;  1 drivers
v0x55558fbfa450_0 .net *"_ivl_86", 0 0, L_0x55558fc4f070;  1 drivers
v0x55558fbfa530_0 .net *"_ivl_91", 0 0, L_0x55558fc4f160;  1 drivers
v0x55558fbfa610_0 .net *"_ivl_93", 0 0, L_0x55558fc4f200;  1 drivers
v0x55558fbfa6f0_0 .net *"_ivl_94", 0 0, L_0x55558fc4f370;  1 drivers
v0x55558fbfa7d0_0 .net *"_ivl_99", 0 0, L_0x55558fc4f520;  1 drivers
o0x7fa1efb6cb18 .functor BUFZ 16, c4<zzzzzzzzzzzzzzzz>; HiZ drive
v0x55558fbfa8b0_0 .net "a", 15 0, o0x7fa1efb6cb18;  0 drivers
o0x7fa1efb6cb48 .functor BUFZ 16, c4<zzzzzzzzzzzzzzzz>; HiZ drive
v0x55558fbfa990_0 .net "b", 15 0, o0x7fa1efb6cb48;  0 drivers
v0x55558fbfaa70_0 .net "out", 15 0, L_0x55558fc4ff00;  1 drivers
L_0x55558fc4d350 .part o0x7fa1efb6cb18, 0, 1;
L_0x55558fc4d3f0 .part o0x7fa1efb6cb48, 0, 1;
L_0x55558fc4d550 .part o0x7fa1efb6cb18, 1, 1;
L_0x55558fc4d640 .part o0x7fa1efb6cb48, 1, 1;
L_0x55558fc4d840 .part o0x7fa1efb6cb18, 2, 1;
L_0x55558fc4d8e0 .part o0x7fa1efb6cb48, 2, 1;
L_0x55558fc4dad0 .part o0x7fa1efb6cb18, 3, 1;
L_0x55558fc4dc00 .part o0x7fa1efb6cb48, 3, 1;
L_0x55558fc4de20 .part o0x7fa1efb6cb18, 4, 1;
L_0x55558fc4dec0 .part o0x7fa1efb6cb48, 4, 1;
L_0x55558fc4e080 .part o0x7fa1efb6cb18, 5, 1;
L_0x55558fc4e120 .part o0x7fa1efb6cb48, 5, 1;
L_0x55558fc4e380 .part o0x7fa1efb6cb18, 6, 1;
L_0x55558fc4e420 .part o0x7fa1efb6cb48, 6, 1;
L_0x55558fc4e560 .part o0x7fa1efb6cb18, 7, 1;
L_0x55558fc4e600 .part o0x7fa1efb6cb48, 7, 1;
L_0x55558fc4e890 .part o0x7fa1efb6cb18, 8, 1;
L_0x55558fc4e930 .part o0x7fa1efb6cb48, 8, 1;
L_0x55558fc4eb80 .part o0x7fa1efb6cb18, 9, 1;
L_0x55558fc4ec20 .part o0x7fa1efb6cb48, 9, 1;
L_0x55558fc4e9d0 .part o0x7fa1efb6cb18, 10, 1;
L_0x55558fc4ef10 .part o0x7fa1efb6cb48, 10, 1;
L_0x55558fc4f160 .part o0x7fa1efb6cb18, 11, 1;
L_0x55558fc4f200 .part o0x7fa1efb6cb48, 11, 1;
L_0x55558fc4f520 .part o0x7fa1efb6cb18, 12, 1;
L_0x55558fc4f5c0 .part o0x7fa1efb6cb48, 12, 1;
L_0x55558fc4f880 .part o0x7fa1efb6cb18, 13, 1;
L_0x55558fc4f920 .part o0x7fa1efb6cb48, 13, 1;
L_0x55558fc4fbf0 .part o0x7fa1efb6cb18, 14, 1;
L_0x55558fc4fc90 .part o0x7fa1efb6cb48, 14, 1;
LS_0x55558fc4ff00_0_0 .concat8 [ 1 1 1 1], L_0x55558fc4d490, L_0x55558fc4d730, L_0x55558fc4d9c0, L_0x55558fc4dd80;
LS_0x55558fc4ff00_0_4 .concat8 [ 1 1 1 1], L_0x55558fc4dfc0, L_0x55558fc4e230, L_0x55558fc4e1c0, L_0x55558fc4e730;
LS_0x55558fc4ff00_0_8 .concat8 [ 1 1 1 1], L_0x55558fc4ea70, L_0x55558fc4ed70, L_0x55558fc4f070, L_0x55558fc4f370;
LS_0x55558fc4ff00_0_12 .concat8 [ 1 1 1 1], L_0x55558fc4f740, L_0x55558fc4fab0, L_0x55558fc4f4b0, L_0x55558fc508b0;
L_0x55558fc4ff00 .concat8 [ 4 4 4 4], LS_0x55558fc4ff00_0_0, LS_0x55558fc4ff00_0_4, LS_0x55558fc4ff00_0_8, LS_0x55558fc4ff00_0_12;
L_0x55558fc50450 .part o0x7fa1efb6cb18, 15, 1;
L_0x55558fc50600 .part o0x7fa1efb6cb48, 15, 1;
S_0x55558fb855a0 .scope module, "Or8Way" "Or8Way" 25 7;
 .timescale -12 -12;
    .port_info 0 /INPUT 8 "in";
    .port_info 1 /OUTPUT 1 "out";
o0x7fa1efb6cc38 .functor BUFZ 8, c4<zzzzzzzz>; HiZ drive
v0x55558fbfabd0_0 .net "in", 7 0, o0x7fa1efb6cc38;  0 drivers
v0x55558fbfacb0_0 .net "out", 0 0, L_0x55558fc50aa0;  1 drivers
L_0x55558fc50aa0 .reduce/or o0x7fa1efb6cc38;
S_0x55558fb5c270 .scope module, "SB_CARRY" "SB_CARRY" 14 228;
 .timescale -12 -12;
    .port_info 0 /OUTPUT 1 "CO";
    .port_info 1 /INPUT 1 "I0";
    .port_info 2 /INPUT 1 "I1";
    .port_info 3 /INPUT 1 "CI";
o0x7fa1efb6cd58 .functor BUFZ 1, c4<z>; HiZ drive
o0x7fa1efb6cd88 .functor BUFZ 1, c4<z>; HiZ drive
L_0x55558fc50b40 .functor AND 1, o0x7fa1efb6cd58, o0x7fa1efb6cd88, C4<1>, C4<1>;
L_0x55558fc50bb0 .functor OR 1, o0x7fa1efb6cd58, o0x7fa1efb6cd88, C4<0>, C4<0>;
o0x7fa1efb6ccf8 .functor BUFZ 1, c4<z>; HiZ drive
L_0x55558fc50cc0 .functor AND 1, L_0x55558fc50bb0, o0x7fa1efb6ccf8, C4<1>, C4<1>;
L_0x55558fc50d80 .functor OR 1, L_0x55558fc50b40, L_0x55558fc50cc0, C4<0>, C4<0>;
v0x55558fbfadd0_0 .net "CI", 0 0, o0x7fa1efb6ccf8;  0 drivers
v0x55558fbfae90_0 .net "CO", 0 0, L_0x55558fc50d80;  1 drivers
v0x55558fbfaf50_0 .net "I0", 0 0, o0x7fa1efb6cd58;  0 drivers
v0x55558fbfaff0_0 .net "I1", 0 0, o0x7fa1efb6cd88;  0 drivers
v0x55558fbfb0b0_0 .net *"_ivl_1", 0 0, L_0x55558fc50b40;  1 drivers
v0x55558fbfb170_0 .net *"_ivl_3", 0 0, L_0x55558fc50bb0;  1 drivers
v0x55558fbfb230_0 .net *"_ivl_5", 0 0, L_0x55558fc50cc0;  1 drivers
S_0x55558fb5bf30 .scope module, "SB_DFF" "SB_DFF" 14 265;
 .timescale -12 -12;
    .port_info 0 /OUTPUT 1 "Q";
    .port_info 1 /INPUT 1 "C";
    .port_info 2 /INPUT 1 "D";
o0x7fa1efb6cf08 .functor BUFZ 1, c4<z>; HiZ drive
v0x55558fbfb3b0_0 .net "C", 0 0, o0x7fa1efb6cf08;  0 drivers
o0x7fa1efb6cf38 .functor BUFZ 1, c4<z>; HiZ drive
v0x55558fbfb490_0 .net "D", 0 0, o0x7fa1efb6cf38;  0 drivers
v0x55558fbfb550_0 .var "Q", 0 0;
E_0x55558fbf4840 .event posedge, v0x55558fbfb3b0_0;
S_0x55558fb57e20 .scope module, "SB_DFFE" "SB_DFFE" 14 303;
 .timescale -12 -12;
    .port_info 0 /OUTPUT 1 "Q";
    .port_info 1 /INPUT 1 "C";
    .port_info 2 /INPUT 1 "E";
    .port_info 3 /INPUT 1 "D";
o0x7fa1efb6d028 .functor BUFZ 1, c4<z>; HiZ drive
v0x55558fbfb6d0_0 .net "C", 0 0, o0x7fa1efb6d028;  0 drivers
o0x7fa1efb6d058 .functor BUFZ 1, c4<z>; HiZ drive
v0x55558fbfb7b0_0 .net "D", 0 0, o0x7fa1efb6d058;  0 drivers
o0x7fa1efb6d088 .functor BUFZ 1, c4<z>; HiZ drive
v0x55558fbfb870_0 .net "E", 0 0, o0x7fa1efb6d088;  0 drivers
v0x55558fbfb940_0 .var "Q", 0 0;
E_0x55558fbfb670 .event posedge, v0x55558fbfb6d0_0;
S_0x55558fb57a60 .scope module, "SB_DFFER" "SB_DFFER" 14 653;
 .timescale -12 -12;
    .port_info 0 /OUTPUT 1 "Q";
    .port_info 1 /INPUT 1 "C";
    .port_info 2 /INPUT 1 "E";
    .port_info 3 /INPUT 1 "R";
    .port_info 4 /INPUT 1 "D";
o0x7fa1efb6d1a8 .functor BUFZ 1, c4<z>; HiZ drive
v0x55558fbfbb30_0 .net "C", 0 0, o0x7fa1efb6d1a8;  0 drivers
o0x7fa1efb6d1d8 .functor BUFZ 1, c4<z>; HiZ drive
v0x55558fbfbc10_0 .net "D", 0 0, o0x7fa1efb6d1d8;  0 drivers
o0x7fa1efb6d208 .functor BUFZ 1, c4<z>; HiZ drive
v0x55558fbfbcd0_0 .net "E", 0 0, o0x7fa1efb6d208;  0 drivers
v0x55558fbfbd70_0 .var "Q", 0 0;
o0x7fa1efb6d268 .functor BUFZ 1, c4<z>; HiZ drive
v0x55558fbfbe30_0 .net "R", 0 0, o0x7fa1efb6d268;  0 drivers
E_0x55558fbfbab0 .event posedge, v0x55558fbfbe30_0, v0x55558fbfbb30_0;
S_0x55558fb44ea0 .scope module, "SB_DFFES" "SB_DFFES" 14 794;
 .timescale -12 -12;
    .port_info 0 /OUTPUT 1 "Q";
    .port_info 1 /INPUT 1 "C";
    .port_info 2 /INPUT 1 "E";
    .port_info 3 /INPUT 1 "S";
    .port_info 4 /INPUT 1 "D";
o0x7fa1efb6d388 .functor BUFZ 1, c4<z>; HiZ drive
v0x55558fbfc060_0 .net "C", 0 0, o0x7fa1efb6d388;  0 drivers
o0x7fa1efb6d3b8 .functor BUFZ 1, c4<z>; HiZ drive
v0x55558fbfc140_0 .net "D", 0 0, o0x7fa1efb6d3b8;  0 drivers
o0x7fa1efb6d3e8 .functor BUFZ 1, c4<z>; HiZ drive
v0x55558fbfc200_0 .net "E", 0 0, o0x7fa1efb6d3e8;  0 drivers
v0x55558fbfc2a0_0 .var "Q", 0 0;
o0x7fa1efb6d448 .functor BUFZ 1, c4<z>; HiZ drive
v0x55558fbfc360_0 .net "S", 0 0, o0x7fa1efb6d448;  0 drivers
E_0x55558fbfbfe0 .event posedge, v0x55558fbfc360_0, v0x55558fbfc060_0;
S_0x55558fb44ab0 .scope module, "SB_DFFESR" "SB_DFFESR" 14 592;
 .timescale -12 -12;
    .port_info 0 /OUTPUT 1 "Q";
    .port_info 1 /INPUT 1 "C";
    .port_info 2 /INPUT 1 "E";
    .port_info 3 /INPUT 1 "R";
    .port_info 4 /INPUT 1 "D";
o0x7fa1efb6d568 .functor BUFZ 1, c4<z>; HiZ drive
v0x55558fbfc590_0 .net "C", 0 0, o0x7fa1efb6d568;  0 drivers
o0x7fa1efb6d598 .functor BUFZ 1, c4<z>; HiZ drive
v0x55558fbfc670_0 .net "D", 0 0, o0x7fa1efb6d598;  0 drivers
o0x7fa1efb6d5c8 .functor BUFZ 1, c4<z>; HiZ drive
v0x55558fbfc730_0 .net "E", 0 0, o0x7fa1efb6d5c8;  0 drivers
v0x55558fbfc7d0_0 .var "Q", 0 0;
o0x7fa1efb6d628 .functor BUFZ 1, c4<z>; HiZ drive
v0x55558fbfc890_0 .net "R", 0 0, o0x7fa1efb6d628;  0 drivers
E_0x55558fbfc510 .event posedge, v0x55558fbfc590_0;
S_0x55558fb442e0 .scope module, "SB_DFFESS" "SB_DFFESS" 14 733;
 .timescale -12 -12;
    .port_info 0 /OUTPUT 1 "Q";
    .port_info 1 /INPUT 1 "C";
    .port_info 2 /INPUT 1 "E";
    .port_info 3 /INPUT 1 "S";
    .port_info 4 /INPUT 1 "D";
o0x7fa1efb6d748 .functor BUFZ 1, c4<z>; HiZ drive
v0x55558fbfcac0_0 .net "C", 0 0, o0x7fa1efb6d748;  0 drivers
o0x7fa1efb6d778 .functor BUFZ 1, c4<z>; HiZ drive
v0x55558fbfcba0_0 .net "D", 0 0, o0x7fa1efb6d778;  0 drivers
o0x7fa1efb6d7a8 .functor BUFZ 1, c4<z>; HiZ drive
v0x55558fbfcc60_0 .net "E", 0 0, o0x7fa1efb6d7a8;  0 drivers
v0x55558fbfcd00_0 .var "Q", 0 0;
o0x7fa1efb6d808 .functor BUFZ 1, c4<z>; HiZ drive
v0x55558fbfcdc0_0 .net "S", 0 0, o0x7fa1efb6d808;  0 drivers
E_0x55558fbfca40 .event posedge, v0x55558fbfcac0_0;
S_0x55558fb41f90 .scope module, "SB_DFFN" "SB_DFFN" 14 876;
 .timescale -12 -12;
    .port_info 0 /OUTPUT 1 "Q";
    .port_info 1 /INPUT 1 "C";
    .port_info 2 /INPUT 1 "D";
o0x7fa1efb6d928 .functor BUFZ 1, c4<z>; HiZ drive
v0x55558fbfcff0_0 .net "C", 0 0, o0x7fa1efb6d928;  0 drivers
o0x7fa1efb6d958 .functor BUFZ 1, c4<z>; HiZ drive
v0x55558fbfd0d0_0 .net "D", 0 0, o0x7fa1efb6d958;  0 drivers
v0x55558fbfd190_0 .var "Q", 0 0;
E_0x55558fbfcf70 .event negedge, v0x55558fbfcff0_0;
S_0x55558fbe6dc0 .scope module, "SB_DFFNE" "SB_DFFNE" 14 914;
 .timescale -12 -12;
    .port_info 0 /OUTPUT 1 "Q";
    .port_info 1 /INPUT 1 "C";
    .port_info 2 /INPUT 1 "E";
    .port_info 3 /INPUT 1 "D";
o0x7fa1efb6da48 .functor BUFZ 1, c4<z>; HiZ drive
v0x55558fbfd310_0 .net "C", 0 0, o0x7fa1efb6da48;  0 drivers
o0x7fa1efb6da78 .functor BUFZ 1, c4<z>; HiZ drive
v0x55558fbfd3f0_0 .net "D", 0 0, o0x7fa1efb6da78;  0 drivers
o0x7fa1efb6daa8 .functor BUFZ 1, c4<z>; HiZ drive
v0x55558fbfd4b0_0 .net "E", 0 0, o0x7fa1efb6daa8;  0 drivers
v0x55558fbfd580_0 .var "Q", 0 0;
E_0x55558fbfd2b0 .event negedge, v0x55558fbfd310_0;
S_0x55558fbd4b50 .scope module, "SB_DFFNER" "SB_DFFNER" 14 1264;
 .timescale -12 -12;
    .port_info 0 /OUTPUT 1 "Q";
    .port_info 1 /INPUT 1 "C";
    .port_info 2 /INPUT 1 "E";
    .port_info 3 /INPUT 1 "R";
    .port_info 4 /INPUT 1 "D";
o0x7fa1efb6dbc8 .functor BUFZ 1, c4<z>; HiZ drive
v0x55558fbfd770_0 .net "C", 0 0, o0x7fa1efb6dbc8;  0 drivers
o0x7fa1efb6dbf8 .functor BUFZ 1, c4<z>; HiZ drive
v0x55558fbfd850_0 .net "D", 0 0, o0x7fa1efb6dbf8;  0 drivers
o0x7fa1efb6dc28 .functor BUFZ 1, c4<z>; HiZ drive
v0x55558fbfd910_0 .net "E", 0 0, o0x7fa1efb6dc28;  0 drivers
v0x55558fbfd9b0_0 .var "Q", 0 0;
o0x7fa1efb6dc88 .functor BUFZ 1, c4<z>; HiZ drive
v0x55558fbfda70_0 .net "R", 0 0, o0x7fa1efb6dc88;  0 drivers
E_0x55558fbfd6f0/0 .event negedge, v0x55558fbfd770_0;
E_0x55558fbfd6f0/1 .event posedge, v0x55558fbfda70_0;
E_0x55558fbfd6f0 .event/or E_0x55558fbfd6f0/0, E_0x55558fbfd6f0/1;
S_0x55558fbd4770 .scope module, "SB_DFFNES" "SB_DFFNES" 14 1405;
 .timescale -12 -12;
    .port_info 0 /OUTPUT 1 "Q";
    .port_info 1 /INPUT 1 "C";
    .port_info 2 /INPUT 1 "E";
    .port_info 3 /INPUT 1 "S";
    .port_info 4 /INPUT 1 "D";
o0x7fa1efb6dda8 .functor BUFZ 1, c4<z>; HiZ drive
v0x55558fbfdca0_0 .net "C", 0 0, o0x7fa1efb6dda8;  0 drivers
o0x7fa1efb6ddd8 .functor BUFZ 1, c4<z>; HiZ drive
v0x55558fbfdd80_0 .net "D", 0 0, o0x7fa1efb6ddd8;  0 drivers
o0x7fa1efb6de08 .functor BUFZ 1, c4<z>; HiZ drive
v0x55558fbfde40_0 .net "E", 0 0, o0x7fa1efb6de08;  0 drivers
v0x55558fbfdee0_0 .var "Q", 0 0;
o0x7fa1efb6de68 .functor BUFZ 1, c4<z>; HiZ drive
v0x55558fbfdfa0_0 .net "S", 0 0, o0x7fa1efb6de68;  0 drivers
E_0x55558fbfdc20/0 .event negedge, v0x55558fbfdca0_0;
E_0x55558fbfdc20/1 .event posedge, v0x55558fbfdfa0_0;
E_0x55558fbfdc20 .event/or E_0x55558fbfdc20/0, E_0x55558fbfdc20/1;
S_0x55558fbc2ca0 .scope module, "SB_DFFNESR" "SB_DFFNESR" 14 1203;
 .timescale -12 -12;
    .port_info 0 /OUTPUT 1 "Q";
    .port_info 1 /INPUT 1 "C";
    .port_info 2 /INPUT 1 "E";
    .port_info 3 /INPUT 1 "R";
    .port_info 4 /INPUT 1 "D";
o0x7fa1efb6df88 .functor BUFZ 1, c4<z>; HiZ drive
v0x55558fbfe1d0_0 .net "C", 0 0, o0x7fa1efb6df88;  0 drivers
o0x7fa1efb6dfb8 .functor BUFZ 1, c4<z>; HiZ drive
v0x55558fbfe2b0_0 .net "D", 0 0, o0x7fa1efb6dfb8;  0 drivers
o0x7fa1efb6dfe8 .functor BUFZ 1, c4<z>; HiZ drive
v0x55558fbfe370_0 .net "E", 0 0, o0x7fa1efb6dfe8;  0 drivers
v0x55558fbfe410_0 .var "Q", 0 0;
o0x7fa1efb6e048 .functor BUFZ 1, c4<z>; HiZ drive
v0x55558fbfe4d0_0 .net "R", 0 0, o0x7fa1efb6e048;  0 drivers
E_0x55558fbfe150 .event negedge, v0x55558fbfe1d0_0;
S_0x55558fb9cee0 .scope module, "SB_DFFNESS" "SB_DFFNESS" 14 1344;
 .timescale -12 -12;
    .port_info 0 /OUTPUT 1 "Q";
    .port_info 1 /INPUT 1 "C";
    .port_info 2 /INPUT 1 "E";
    .port_info 3 /INPUT 1 "S";
    .port_info 4 /INPUT 1 "D";
o0x7fa1efb6e168 .functor BUFZ 1, c4<z>; HiZ drive
v0x55558fbfe700_0 .net "C", 0 0, o0x7fa1efb6e168;  0 drivers
o0x7fa1efb6e198 .functor BUFZ 1, c4<z>; HiZ drive
v0x55558fbfe7e0_0 .net "D", 0 0, o0x7fa1efb6e198;  0 drivers
o0x7fa1efb6e1c8 .functor BUFZ 1, c4<z>; HiZ drive
v0x55558fbfe8a0_0 .net "E", 0 0, o0x7fa1efb6e1c8;  0 drivers
v0x55558fbfe940_0 .var "Q", 0 0;
o0x7fa1efb6e228 .functor BUFZ 1, c4<z>; HiZ drive
v0x55558fbfea00_0 .net "S", 0 0, o0x7fa1efb6e228;  0 drivers
E_0x55558fbfe680 .event negedge, v0x55558fbfe700_0;
S_0x55558fb9c560 .scope module, "SB_DFFNR" "SB_DFFNR" 14 1011;
 .timescale -12 -12;
    .port_info 0 /OUTPUT 1 "Q";
    .port_info 1 /INPUT 1 "C";
    .port_info 2 /INPUT 1 "R";
    .port_info 3 /INPUT 1 "D";
o0x7fa1efb6e348 .functor BUFZ 1, c4<z>; HiZ drive
v0x55558fbfec30_0 .net "C", 0 0, o0x7fa1efb6e348;  0 drivers
o0x7fa1efb6e378 .functor BUFZ 1, c4<z>; HiZ drive
v0x55558fbfed10_0 .net "D", 0 0, o0x7fa1efb6e378;  0 drivers
v0x55558fbfedd0_0 .var "Q", 0 0;
o0x7fa1efb6e3d8 .functor BUFZ 1, c4<z>; HiZ drive
v0x55558fbfee70_0 .net "R", 0 0, o0x7fa1efb6e3d8;  0 drivers
E_0x55558fbfebb0/0 .event negedge, v0x55558fbfec30_0;
E_0x55558fbfebb0/1 .event posedge, v0x55558fbfee70_0;
E_0x55558fbfebb0 .event/or E_0x55558fbfebb0/0, E_0x55558fbfebb0/1;
S_0x55558fb98620 .scope module, "SB_DFFNS" "SB_DFFNS" 14 1132;
 .timescale -12 -12;
    .port_info 0 /OUTPUT 1 "Q";
    .port_info 1 /INPUT 1 "C";
    .port_info 2 /INPUT 1 "S";
    .port_info 3 /INPUT 1 "D";
o0x7fa1efb6e4c8 .functor BUFZ 1, c4<z>; HiZ drive
v0x55558fbff060_0 .net "C", 0 0, o0x7fa1efb6e4c8;  0 drivers
o0x7fa1efb6e4f8 .functor BUFZ 1, c4<z>; HiZ drive
v0x55558fbff140_0 .net "D", 0 0, o0x7fa1efb6e4f8;  0 drivers
v0x55558fbff200_0 .var "Q", 0 0;
o0x7fa1efb6e558 .functor BUFZ 1, c4<z>; HiZ drive
v0x55558fbff2a0_0 .net "S", 0 0, o0x7fa1efb6e558;  0 drivers
E_0x55558fbfefe0/0 .event negedge, v0x55558fbff060_0;
E_0x55558fbfefe0/1 .event posedge, v0x55558fbff2a0_0;
E_0x55558fbfefe0 .event/or E_0x55558fbfefe0/0, E_0x55558fbfefe0/1;
S_0x55558fb978a0 .scope module, "SB_DFFNSR" "SB_DFFNSR" 14 961;
 .timescale -12 -12;
    .port_info 0 /OUTPUT 1 "Q";
    .port_info 1 /INPUT 1 "C";
    .port_info 2 /INPUT 1 "R";
    .port_info 3 /INPUT 1 "D";
o0x7fa1efb6e648 .functor BUFZ 1, c4<z>; HiZ drive
v0x55558fbff490_0 .net "C", 0 0, o0x7fa1efb6e648;  0 drivers
o0x7fa1efb6e678 .functor BUFZ 1, c4<z>; HiZ drive
v0x55558fbff570_0 .net "D", 0 0, o0x7fa1efb6e678;  0 drivers
v0x55558fbff630_0 .var "Q", 0 0;
o0x7fa1efb6e6d8 .functor BUFZ 1, c4<z>; HiZ drive
v0x55558fbff6d0_0 .net "R", 0 0, o0x7fa1efb6e6d8;  0 drivers
E_0x55558fbff410 .event negedge, v0x55558fbff490_0;
S_0x55558fb96b20 .scope module, "SB_DFFNSS" "SB_DFFNSS" 14 1082;
 .timescale -12 -12;
    .port_info 0 /OUTPUT 1 "Q";
    .port_info 1 /INPUT 1 "C";
    .port_info 2 /INPUT 1 "S";
    .port_info 3 /INPUT 1 "D";
o0x7fa1efb6e7c8 .functor BUFZ 1, c4<z>; HiZ drive
v0x55558fbff8c0_0 .net "C", 0 0, o0x7fa1efb6e7c8;  0 drivers
o0x7fa1efb6e7f8 .functor BUFZ 1, c4<z>; HiZ drive
v0x55558fbff9a0_0 .net "D", 0 0, o0x7fa1efb6e7f8;  0 drivers
v0x55558fbffa60_0 .var "Q", 0 0;
o0x7fa1efb6e858 .functor BUFZ 1, c4<z>; HiZ drive
v0x55558fbffb00_0 .net "S", 0 0, o0x7fa1efb6e858;  0 drivers
E_0x55558fbff840 .event negedge, v0x55558fbff8c0_0;
S_0x55558fb93f10 .scope module, "SB_DFFR" "SB_DFFR" 14 400;
 .timescale -12 -12;
    .port_info 0 /OUTPUT 1 "Q";
    .port_info 1 /INPUT 1 "C";
    .port_info 2 /INPUT 1 "R";
    .port_info 3 /INPUT 1 "D";
o0x7fa1efb6e948 .functor BUFZ 1, c4<z>; HiZ drive
v0x55558fbffcf0_0 .net "C", 0 0, o0x7fa1efb6e948;  0 drivers
o0x7fa1efb6e978 .functor BUFZ 1, c4<z>; HiZ drive
v0x55558fbffdd0_0 .net "D", 0 0, o0x7fa1efb6e978;  0 drivers
v0x55558fbffe90_0 .var "Q", 0 0;
o0x7fa1efb6e9d8 .functor BUFZ 1, c4<z>; HiZ drive
v0x55558fbfff30_0 .net "R", 0 0, o0x7fa1efb6e9d8;  0 drivers
E_0x55558fbffc70 .event posedge, v0x55558fbfff30_0, v0x55558fbffcf0_0;
S_0x55558fbabea0 .scope module, "SB_DFFS" "SB_DFFS" 14 521;
 .timescale -12 -12;
    .port_info 0 /OUTPUT 1 "Q";
    .port_info 1 /INPUT 1 "C";
    .port_info 2 /INPUT 1 "S";
    .port_info 3 /INPUT 1 "D";
o0x7fa1efb6eac8 .functor BUFZ 1, c4<z>; HiZ drive
v0x55558fc00120_0 .net "C", 0 0, o0x7fa1efb6eac8;  0 drivers
o0x7fa1efb6eaf8 .functor BUFZ 1, c4<z>; HiZ drive
v0x55558fc00200_0 .net "D", 0 0, o0x7fa1efb6eaf8;  0 drivers
v0x55558fc002c0_0 .var "Q", 0 0;
o0x7fa1efb6eb58 .functor BUFZ 1, c4<z>; HiZ drive
v0x55558fc00360_0 .net "S", 0 0, o0x7fa1efb6eb58;  0 drivers
E_0x55558fc000a0 .event posedge, v0x55558fc00360_0, v0x55558fc00120_0;
S_0x55558fba7b70 .scope module, "SB_DFFSR" "SB_DFFSR" 14 350;
 .timescale -12 -12;
    .port_info 0 /OUTPUT 1 "Q";
    .port_info 1 /INPUT 1 "C";
    .port_info 2 /INPUT 1 "R";
    .port_info 3 /INPUT 1 "D";
o0x7fa1efb6ec48 .functor BUFZ 1, c4<z>; HiZ drive
v0x55558fc00550_0 .net "C", 0 0, o0x7fa1efb6ec48;  0 drivers
o0x7fa1efb6ec78 .functor BUFZ 1, c4<z>; HiZ drive
v0x55558fc00630_0 .net "D", 0 0, o0x7fa1efb6ec78;  0 drivers
v0x55558fc006f0_0 .var "Q", 0 0;
o0x7fa1efb6ecd8 .functor BUFZ 1, c4<z>; HiZ drive
v0x55558fc00790_0 .net "R", 0 0, o0x7fa1efb6ecd8;  0 drivers
E_0x55558fc004d0 .event posedge, v0x55558fc00550_0;
S_0x55558fb95da0 .scope module, "SB_DFFSS" "SB_DFFSS" 14 471;
 .timescale -12 -12;
    .port_info 0 /OUTPUT 1 "Q";
    .port_info 1 /INPUT 1 "C";
    .port_info 2 /INPUT 1 "S";
    .port_info 3 /INPUT 1 "D";
o0x7fa1efb6edc8 .functor BUFZ 1, c4<z>; HiZ drive
v0x55558fc00980_0 .net "C", 0 0, o0x7fa1efb6edc8;  0 drivers
o0x7fa1efb6edf8 .functor BUFZ 1, c4<z>; HiZ drive
v0x55558fc00a60_0 .net "D", 0 0, o0x7fa1efb6edf8;  0 drivers
v0x55558fc00b20_0 .var "Q", 0 0;
o0x7fa1efb6ee58 .functor BUFZ 1, c4<z>; HiZ drive
v0x55558fc00bc0_0 .net "S", 0 0, o0x7fa1efb6ee58;  0 drivers
E_0x55558fc00900 .event posedge, v0x55558fc00980_0;
S_0x55558fba6850 .scope module, "SB_FILTER_50NS" "SB_FILTER_50NS" 14 2856;
 .timescale -12 -12;
    .port_info 0 /INPUT 1 "FILTERIN";
    .port_info 1 /OUTPUT 1 "FILTEROUT";
o0x7fa1efb6ef48 .functor BUFZ 1, c4<z>; HiZ drive
v0x55558fc00d30_0 .net "FILTERIN", 0 0, o0x7fa1efb6ef48;  0 drivers
o0x7fa1efb6ef78 .functor BUFZ 1, c4<z>; HiZ drive
v0x55558fc00e10_0 .net "FILTEROUT", 0 0, o0x7fa1efb6ef78;  0 drivers
S_0x55558fba19d0 .scope module, "SB_GB" "SB_GB" 14 162;
 .timescale -12 -12;
    .port_info 0 /INPUT 1 "USER_SIGNAL_TO_GLOBAL_BUFFER";
    .port_info 1 /OUTPUT 1 "GLOBAL_BUFFER_OUTPUT";
o0x7fa1efb6f038 .functor BUFZ 1, c4<z>; HiZ drive
L_0x55558fc50e90 .functor BUFZ 1, o0x7fa1efb6f038, C4<0>, C4<0>, C4<0>;
v0x55558fc00f30_0 .net "GLOBAL_BUFFER_OUTPUT", 0 0, L_0x55558fc50e90;  1 drivers
v0x55558fc00ff0_0 .net "USER_SIGNAL_TO_GLOBAL_BUFFER", 0 0, o0x7fa1efb6f038;  0 drivers
S_0x55558fb910b0 .scope module, "SB_GB_IO" "SB_GB_IO" 14 123;
 .timescale -12 -12;
    .port_info 0 /INOUT 1 "PACKAGE_PIN";
    .port_info 1 /OUTPUT 1 "GLOBAL_BUFFER_OUTPUT";
    .port_info 2 /INPUT 1 "LATCH_INPUT_VALUE";
    .port_info 3 /INPUT 1 "CLOCK_ENABLE";
    .port_info 4 /INPUT 1 "INPUT_CLK";
    .port_info 5 /INPUT 1 "OUTPUT_CLK";
    .port_info 6 /INPUT 1 "OUTPUT_ENABLE";
    .port_info 7 /INPUT 1 "D_OUT_0";
    .port_info 8 /INPUT 1 "D_OUT_1";
    .port_info 9 /OUTPUT 1 "D_IN_0";
    .port_info 10 /OUTPUT 1 "D_IN_1";
P_0x55558fbe6640 .param/str "IO_STANDARD" 0 14 139, "SB_LVCMOS";
P_0x55558fbe6680 .param/l "NEG_TRIGGER" 0 14 138, C4<0>;
P_0x55558fbe66c0 .param/l "PIN_TYPE" 0 14 136, C4<000000>;
P_0x55558fbe6700 .param/l "PULLUP" 0 14 137, C4<0>;
o0x7fa1efb6f278 .functor BUFZ 1, c4<z>; HiZ drive
L_0x55558fc50f00 .functor BUFZ 1, o0x7fa1efb6f278, C4<0>, C4<0>, C4<0>;
o0x7fa1efb6f0c8 .functor BUFZ 1, c4<z>; HiZ drive
v0x55558fc03140_0 .net "CLOCK_ENABLE", 0 0, o0x7fa1efb6f0c8;  0 drivers
v0x55558fc03200_0 .net "D_IN_0", 0 0, L_0x55558fc51170;  1 drivers
v0x55558fc032d0_0 .net "D_IN_1", 0 0, L_0x55558fc51230;  1 drivers
o0x7fa1efb6f158 .functor BUFZ 1, c4<z>; HiZ drive
v0x55558fc033d0_0 .net "D_OUT_0", 0 0, o0x7fa1efb6f158;  0 drivers
o0x7fa1efb6f188 .functor BUFZ 1, c4<z>; HiZ drive
v0x55558fc034a0_0 .net "D_OUT_1", 0 0, o0x7fa1efb6f188;  0 drivers
v0x55558fc03540_0 .net "GLOBAL_BUFFER_OUTPUT", 0 0, L_0x55558fc50f00;  1 drivers
o0x7fa1efb6f1b8 .functor BUFZ 1, c4<z>; HiZ drive
v0x55558fc035e0_0 .net "INPUT_CLK", 0 0, o0x7fa1efb6f1b8;  0 drivers
o0x7fa1efb6f1e8 .functor BUFZ 1, c4<z>; HiZ drive
v0x55558fc036b0_0 .net "LATCH_INPUT_VALUE", 0 0, o0x7fa1efb6f1e8;  0 drivers
o0x7fa1efb6f218 .functor BUFZ 1, c4<z>; HiZ drive
v0x55558fc03780_0 .net "OUTPUT_CLK", 0 0, o0x7fa1efb6f218;  0 drivers
o0x7fa1efb6f248 .functor BUFZ 1, c4<z>; HiZ drive
v0x55558fc03850_0 .net "OUTPUT_ENABLE", 0 0, o0x7fa1efb6f248;  0 drivers
v0x55558fc03920_0 .net "PACKAGE_PIN", 0 0, o0x7fa1efb6f278;  0 drivers
S_0x55558fc01110 .scope module, "IO" "SB_IO" 14 148, 14 17 0, S_0x55558fb910b0;
 .timescale -12 -12;
    .port_info 0 /INOUT 1 "PACKAGE_PIN";
    .port_info 1 /INPUT 1 "LATCH_INPUT_VALUE";
    .port_info 2 /INPUT 1 "CLOCK_ENABLE";
    .port_info 3 /INPUT 1 "INPUT_CLK";
    .port_info 4 /INPUT 1 "OUTPUT_CLK";
    .port_info 5 /INPUT 1 "OUTPUT_ENABLE";
    .port_info 6 /INPUT 1 "D_OUT_0";
    .port_info 7 /INPUT 1 "D_OUT_1";
    .port_info 8 /OUTPUT 1 "D_IN_0";
    .port_info 9 /OUTPUT 1 "D_IN_1";
P_0x55558fbec990 .param/str "IO_STANDARD" 0 14 32, "SB_LVCMOS";
P_0x55558fbec9d0 .param/l "NEG_TRIGGER" 0 14 31, C4<0>;
P_0x55558fbeca10 .param/l "PIN_TYPE" 0 14 29, C4<000000>;
P_0x55558fbeca50 .param/l "PULLUP" 0 14 30, C4<0>;
L_0x55558fc510b0 .functor OR 1, o0x7fa1efb6f0c8, L_0x55558fc50fc0, C4<0>, C4<0>;
L_0x55558fc51170 .functor BUFZ 1, v0x55558fc02710_0, C4<0>, C4<0>, C4<0>;
L_0x55558fc51230 .functor BUFZ 1, v0x55558fc027d0_0, C4<0>, C4<0>, C4<0>;
v0x55558fc01b80_0 .net "CLOCK_ENABLE", 0 0, o0x7fa1efb6f0c8;  alias, 0 drivers
v0x55558fc01c40_0 .net "D_IN_0", 0 0, L_0x55558fc51170;  alias, 1 drivers
v0x55558fc01d00_0 .net "D_IN_1", 0 0, L_0x55558fc51230;  alias, 1 drivers
v0x55558fc01da0_0 .net "D_OUT_0", 0 0, o0x7fa1efb6f158;  alias, 0 drivers
v0x55558fc01e60_0 .net "D_OUT_1", 0 0, o0x7fa1efb6f188;  alias, 0 drivers
v0x55558fc01f70_0 .net "INPUT_CLK", 0 0, o0x7fa1efb6f1b8;  alias, 0 drivers
v0x55558fc02030_0 .net "LATCH_INPUT_VALUE", 0 0, o0x7fa1efb6f1e8;  alias, 0 drivers
v0x55558fc020f0_0 .net "OUTPUT_CLK", 0 0, o0x7fa1efb6f218;  alias, 0 drivers
v0x55558fc021b0_0 .net "OUTPUT_ENABLE", 0 0, o0x7fa1efb6f248;  alias, 0 drivers
v0x55558fc02270_0 .net "PACKAGE_PIN", 0 0, o0x7fa1efb6f278;  alias, 0 drivers
o0x7fa1efb6f2a8 .functor BUFZ 1, c4<z>; HiZ drive
; Elide local net with no drivers, v0x55558fc02330_0 name=_ivl_0
v0x55558fc02410_0 .net *"_ivl_2", 0 0, L_0x55558fc50fc0;  1 drivers
v0x55558fc024d0_0 .net "clken_pulled", 0 0, L_0x55558fc510b0;  1 drivers
v0x55558fc02590_0 .var "clken_pulled_ri", 0 0;
v0x55558fc02650_0 .var "clken_pulled_ro", 0 0;
v0x55558fc02710_0 .var "din_0", 0 0;
v0x55558fc027d0_0 .var "din_1", 0 0;
v0x55558fc029a0_0 .var "din_q_0", 0 0;
v0x55558fc02a60_0 .var "din_q_1", 0 0;
v0x55558fc02b20_0 .var "dout", 0 0;
v0x55558fc02be0_0 .var "dout_q_0", 0 0;
v0x55558fc02ca0_0 .var "dout_q_1", 0 0;
v0x55558fc02d60_0 .var "outclk_delayed_1", 0 0;
v0x55558fc02e20_0 .var "outclk_delayed_2", 0 0;
v0x55558fc02ee0_0 .var "outena_q", 0 0;
E_0x55558fc01620 .event anyedge, v0x55558fc02e20_0, v0x55558fc02be0_0, v0x55558fc02ca0_0;
E_0x55558fc01680 .event anyedge, v0x55558fc02d60_0;
E_0x55558fc016e0 .event anyedge, v0x55558fc020f0_0;
E_0x55558fc01740 .event anyedge, v0x55558fc029a0_0, v0x55558fc02a60_0;
L_0x55558fc50fc0 .cmp/eeq 1, o0x7fa1efb6f0c8, o0x7fa1efb6f2a8;
S_0x55558fc017d0 .scope generate, "genblk1" "genblk1" 14 45, 14 45 0, S_0x55558fc01110;
 .timescale -12 -12;
E_0x55558fc019b0 .event posedge, v0x55558fc020f0_0;
E_0x55558fc01a30 .event negedge, v0x55558fc020f0_0;
E_0x55558fc01a90 .event negedge, v0x55558fc01f70_0;
E_0x55558fc01af0 .event posedge, v0x55558fc01f70_0;
S_0x55558fb937a0 .scope module, "SB_HFOSC" "SB_HFOSC" 14 2664;
 .timescale -12 -12;
    .port_info 0 /INPUT 1 "TRIM0";
    .port_info 1 /INPUT 1 "TRIM1";
    .port_info 2 /INPUT 1 "TRIM2";
    .port_info 3 /INPUT 1 "TRIM3";
    .port_info 4 /INPUT 1 "TRIM4";
    .port_info 5 /INPUT 1 "TRIM5";
    .port_info 6 /INPUT 1 "TRIM6";
    .port_info 7 /INPUT 1 "TRIM7";
    .port_info 8 /INPUT 1 "TRIM8";
    .port_info 9 /INPUT 1 "TRIM9";
    .port_info 10 /INPUT 1 "CLKHFPU";
    .port_info 11 /INPUT 1 "CLKHFEN";
    .port_info 12 /OUTPUT 1 "CLKHF";
P_0x55558f9c3f60 .param/str "CLKHF_DIV" 0 14 2680, "0b00";
P_0x55558f9c3fa0 .param/str "TRIM_EN" 0 14 2679, "0b0";
o0x7fa1efb6f998 .functor BUFZ 1, c4<z>; HiZ drive
v0x55558fc03a10_0 .net "CLKHF", 0 0, o0x7fa1efb6f998;  0 drivers
o0x7fa1efb6f9c8 .functor BUFZ 1, c4<z>; HiZ drive
v0x55558fc03af0_0 .net "CLKHFEN", 0 0, o0x7fa1efb6f9c8;  0 drivers
o0x7fa1efb6f9f8 .functor BUFZ 1, c4<z>; HiZ drive
v0x55558fc03bb0_0 .net "CLKHFPU", 0 0, o0x7fa1efb6f9f8;  0 drivers
o0x7fa1efb6fa28 .functor BUFZ 1, c4<z>; HiZ drive
v0x55558fc03c80_0 .net "TRIM0", 0 0, o0x7fa1efb6fa28;  0 drivers
o0x7fa1efb6fa58 .functor BUFZ 1, c4<z>; HiZ drive
v0x55558fc03d40_0 .net "TRIM1", 0 0, o0x7fa1efb6fa58;  0 drivers
o0x7fa1efb6fa88 .functor BUFZ 1, c4<z>; HiZ drive
v0x55558fc03e00_0 .net "TRIM2", 0 0, o0x7fa1efb6fa88;  0 drivers
o0x7fa1efb6fab8 .functor BUFZ 1, c4<z>; HiZ drive
v0x55558fc03ec0_0 .net "TRIM3", 0 0, o0x7fa1efb6fab8;  0 drivers
o0x7fa1efb6fae8 .functor BUFZ 1, c4<z>; HiZ drive
v0x55558fc03f80_0 .net "TRIM4", 0 0, o0x7fa1efb6fae8;  0 drivers
o0x7fa1efb6fb18 .functor BUFZ 1, c4<z>; HiZ drive
v0x55558fc04040_0 .net "TRIM5", 0 0, o0x7fa1efb6fb18;  0 drivers
o0x7fa1efb6fb48 .functor BUFZ 1, c4<z>; HiZ drive
v0x55558fc04190_0 .net "TRIM6", 0 0, o0x7fa1efb6fb48;  0 drivers
o0x7fa1efb6fb78 .functor BUFZ 1, c4<z>; HiZ drive
v0x55558fc04250_0 .net "TRIM7", 0 0, o0x7fa1efb6fb78;  0 drivers
o0x7fa1efb6fba8 .functor BUFZ 1, c4<z>; HiZ drive
v0x55558fc04310_0 .net "TRIM8", 0 0, o0x7fa1efb6fba8;  0 drivers
o0x7fa1efb6fbd8 .functor BUFZ 1, c4<z>; HiZ drive
v0x55558fc043d0_0 .net "TRIM9", 0 0, o0x7fa1efb6fbd8;  0 drivers
S_0x55558fb67770 .scope module, "SB_I2C" "SB_I2C" 14 2733;
 .timescale -12 -12;
    .port_info 0 /INPUT 1 "SBCLKI";
    .port_info 1 /INPUT 1 "SBRWI";
    .port_info 2 /INPUT 1 "SBSTBI";
    .port_info 3 /INPUT 1 "SBADRI7";
    .port_info 4 /INPUT 1 "SBADRI6";
    .port_info 5 /INPUT 1 "SBADRI5";
    .port_info 6 /INPUT 1 "SBADRI4";
    .port_info 7 /INPUT 1 "SBADRI3";
    .port_info 8 /INPUT 1 "SBADRI2";
    .port_info 9 /INPUT 1 "SBADRI1";
    .port_info 10 /INPUT 1 "SBADRI0";
    .port_info 11 /INPUT 1 "SBDATI7";
    .port_info 12 /INPUT 1 "SBDATI6";
    .port_info 13 /INPUT 1 "SBDATI5";
    .port_info 14 /INPUT 1 "SBDATI4";
    .port_info 15 /INPUT 1 "SBDATI3";
    .port_info 16 /INPUT 1 "SBDATI2";
    .port_info 17 /INPUT 1 "SBDATI1";
    .port_info 18 /INPUT 1 "SBDATI0";
    .port_info 19 /INPUT 1 "SCLI";
    .port_info 20 /INPUT 1 "SDAI";
    .port_info 21 /OUTPUT 1 "SBDATO7";
    .port_info 22 /OUTPUT 1 "SBDATO6";
    .port_info 23 /OUTPUT 1 "SBDATO5";
    .port_info 24 /OUTPUT 1 "SBDATO4";
    .port_info 25 /OUTPUT 1 "SBDATO3";
    .port_info 26 /OUTPUT 1 "SBDATO2";
    .port_info 27 /OUTPUT 1 "SBDATO1";
    .port_info 28 /OUTPUT 1 "SBDATO0";
    .port_info 29 /OUTPUT 1 "SBACKO";
    .port_info 30 /OUTPUT 1 "I2CIRQ";
    .port_info 31 /OUTPUT 1 "I2CWKUP";
    .port_info 32 /OUTPUT 1 "SCLO";
    .port_info 33 /OUTPUT 1 "SCLOE";
    .port_info 34 /OUTPUT 1 "SDAO";
    .port_info 35 /OUTPUT 1 "SDAOE";
P_0x55558f9c40b0 .param/str "BUS_ADDR74" 0 14 2772, "0b0001";
P_0x55558f9c40f0 .param/str "I2C_SLAVE_INIT_ADDR" 0 14 2771, "0b1111100001";
o0x7fa1efb6fe78 .functor BUFZ 1, c4<z>; HiZ drive
v0x55558fc046a0_0 .net "I2CIRQ", 0 0, o0x7fa1efb6fe78;  0 drivers
o0x7fa1efb6fea8 .functor BUFZ 1, c4<z>; HiZ drive
v0x55558fc04780_0 .net "I2CWKUP", 0 0, o0x7fa1efb6fea8;  0 drivers
o0x7fa1efb6fed8 .functor BUFZ 1, c4<z>; HiZ drive
v0x55558fc04840_0 .net "SBACKO", 0 0, o0x7fa1efb6fed8;  0 drivers
o0x7fa1efb6ff08 .functor BUFZ 1, c4<z>; HiZ drive
v0x55558fc048e0_0 .net "SBADRI0", 0 0, o0x7fa1efb6ff08;  0 drivers
o0x7fa1efb6ff38 .functor BUFZ 1, c4<z>; HiZ drive
v0x55558fc049a0_0 .net "SBADRI1", 0 0, o0x7fa1efb6ff38;  0 drivers
o0x7fa1efb6ff68 .functor BUFZ 1, c4<z>; HiZ drive
v0x55558fc04a60_0 .net "SBADRI2", 0 0, o0x7fa1efb6ff68;  0 drivers
o0x7fa1efb6ff98 .functor BUFZ 1, c4<z>; HiZ drive
v0x55558fc04b20_0 .net "SBADRI3", 0 0, o0x7fa1efb6ff98;  0 drivers
o0x7fa1efb6ffc8 .functor BUFZ 1, c4<z>; HiZ drive
v0x55558fc04be0_0 .net "SBADRI4", 0 0, o0x7fa1efb6ffc8;  0 drivers
o0x7fa1efb6fff8 .functor BUFZ 1, c4<z>; HiZ drive
v0x55558fc04ca0_0 .net "SBADRI5", 0 0, o0x7fa1efb6fff8;  0 drivers
o0x7fa1efb70028 .functor BUFZ 1, c4<z>; HiZ drive
v0x55558fc04df0_0 .net "SBADRI6", 0 0, o0x7fa1efb70028;  0 drivers
o0x7fa1efb70058 .functor BUFZ 1, c4<z>; HiZ drive
v0x55558fc04eb0_0 .net "SBADRI7", 0 0, o0x7fa1efb70058;  0 drivers
o0x7fa1efb70088 .functor BUFZ 1, c4<z>; HiZ drive
v0x55558fc04f70_0 .net "SBCLKI", 0 0, o0x7fa1efb70088;  0 drivers
o0x7fa1efb700b8 .functor BUFZ 1, c4<z>; HiZ drive
v0x55558fc05030_0 .net "SBDATI0", 0 0, o0x7fa1efb700b8;  0 drivers
o0x7fa1efb700e8 .functor BUFZ 1, c4<z>; HiZ drive
v0x55558fc050f0_0 .net "SBDATI1", 0 0, o0x7fa1efb700e8;  0 drivers
o0x7fa1efb70118 .functor BUFZ 1, c4<z>; HiZ drive
v0x55558fc051b0_0 .net "SBDATI2", 0 0, o0x7fa1efb70118;  0 drivers
o0x7fa1efb70148 .functor BUFZ 1, c4<z>; HiZ drive
v0x55558fc05270_0 .net "SBDATI3", 0 0, o0x7fa1efb70148;  0 drivers
o0x7fa1efb70178 .functor BUFZ 1, c4<z>; HiZ drive
v0x55558fc05330_0 .net "SBDATI4", 0 0, o0x7fa1efb70178;  0 drivers
o0x7fa1efb701a8 .functor BUFZ 1, c4<z>; HiZ drive
v0x55558fc05500_0 .net "SBDATI5", 0 0, o0x7fa1efb701a8;  0 drivers
o0x7fa1efb701d8 .functor BUFZ 1, c4<z>; HiZ drive
v0x55558fc055c0_0 .net "SBDATI6", 0 0, o0x7fa1efb701d8;  0 drivers
o0x7fa1efb70208 .functor BUFZ 1, c4<z>; HiZ drive
v0x55558fc05680_0 .net "SBDATI7", 0 0, o0x7fa1efb70208;  0 drivers
o0x7fa1efb70238 .functor BUFZ 1, c4<z>; HiZ drive
v0x55558fc05740_0 .net "SBDATO0", 0 0, o0x7fa1efb70238;  0 drivers
o0x7fa1efb70268 .functor BUFZ 1, c4<z>; HiZ drive
v0x55558fc05800_0 .net "SBDATO1", 0 0, o0x7fa1efb70268;  0 drivers
o0x7fa1efb70298 .functor BUFZ 1, c4<z>; HiZ drive
v0x55558fc058c0_0 .net "SBDATO2", 0 0, o0x7fa1efb70298;  0 drivers
o0x7fa1efb702c8 .functor BUFZ 1, c4<z>; HiZ drive
v0x55558fc05980_0 .net "SBDATO3", 0 0, o0x7fa1efb702c8;  0 drivers
o0x7fa1efb702f8 .functor BUFZ 1, c4<z>; HiZ drive
v0x55558fc05a40_0 .net "SBDATO4", 0 0, o0x7fa1efb702f8;  0 drivers
o0x7fa1efb70328 .functor BUFZ 1, c4<z>; HiZ drive
v0x55558fc05b00_0 .net "SBDATO5", 0 0, o0x7fa1efb70328;  0 drivers
o0x7fa1efb70358 .functor BUFZ 1, c4<z>; HiZ drive
v0x55558fc05bc0_0 .net "SBDATO6", 0 0, o0x7fa1efb70358;  0 drivers
o0x7fa1efb70388 .functor BUFZ 1, c4<z>; HiZ drive
v0x55558fc05c80_0 .net "SBDATO7", 0 0, o0x7fa1efb70388;  0 drivers
o0x7fa1efb703b8 .functor BUFZ 1, c4<z>; HiZ drive
v0x55558fc05d40_0 .net "SBRWI", 0 0, o0x7fa1efb703b8;  0 drivers
o0x7fa1efb703e8 .functor BUFZ 1, c4<z>; HiZ drive
v0x55558fc05e00_0 .net "SBSTBI", 0 0, o0x7fa1efb703e8;  0 drivers
o0x7fa1efb70418 .functor BUFZ 1, c4<z>; HiZ drive
v0x55558fc05ec0_0 .net "SCLI", 0 0, o0x7fa1efb70418;  0 drivers
o0x7fa1efb70448 .functor BUFZ 1, c4<z>; HiZ drive
v0x55558fc05f80_0 .net "SCLO", 0 0, o0x7fa1efb70448;  0 drivers
o0x7fa1efb70478 .functor BUFZ 1, c4<z>; HiZ drive
v0x55558fc06040_0 .net "SCLOE", 0 0, o0x7fa1efb70478;  0 drivers
o0x7fa1efb704a8 .functor BUFZ 1, c4<z>; HiZ drive
v0x55558fc06310_0 .net "SDAI", 0 0, o0x7fa1efb704a8;  0 drivers
o0x7fa1efb704d8 .functor BUFZ 1, c4<z>; HiZ drive
v0x55558fc063d0_0 .net "SDAO", 0 0, o0x7fa1efb704d8;  0 drivers
o0x7fa1efb70508 .functor BUFZ 1, c4<z>; HiZ drive
v0x55558fc06490_0 .net "SDAOE", 0 0, o0x7fa1efb70508;  0 drivers
S_0x55558fb63680 .scope module, "SB_IO_I3C" "SB_IO_I3C" 14 2862;
 .timescale -12 -12;
    .port_info 0 /INOUT 1 "PACKAGE_PIN";
    .port_info 1 /INPUT 1 "LATCH_INPUT_VALUE";
    .port_info 2 /INPUT 1 "CLOCK_ENABLE";
    .port_info 3 /INPUT 1 "INPUT_CLK";
    .port_info 4 /INPUT 1 "OUTPUT_CLK";
    .port_info 5 /INPUT 1 "OUTPUT_ENABLE";
    .port_info 6 /INPUT 1 "D_OUT_0";
    .port_info 7 /INPUT 1 "D_OUT_1";
    .port_info 8 /OUTPUT 1 "D_IN_0";
    .port_info 9 /OUTPUT 1 "D_IN_1";
    .port_info 10 /INPUT 1 "PU_ENB";
    .port_info 11 /INPUT 1 "WEAK_PU_ENB";
P_0x55558fb3ea00 .param/str "IO_STANDARD" 0 14 2880, "SB_LVCMOS";
P_0x55558fb3ea40 .param/l "NEG_TRIGGER" 0 14 2879, C4<0>;
P_0x55558fb3ea80 .param/l "PIN_TYPE" 0 14 2876, C4<000000>;
P_0x55558fb3eac0 .param/l "PULLUP" 0 14 2877, C4<0>;
P_0x55558fb3eb00 .param/l "WEAK_PULLUP" 0 14 2878, C4<0>;
L_0x55558fc512f0 .functor BUFZ 1, v0x55558fc07830_0, C4<0>, C4<0>, C4<0>;
L_0x55558fc51360 .functor BUFZ 1, v0x55558fc078f0_0, C4<0>, C4<0>, C4<0>;
o0x7fa1efb70bf8 .functor BUFZ 1, c4<z>; HiZ drive
v0x55558fc06f00_0 .net "CLOCK_ENABLE", 0 0, o0x7fa1efb70bf8;  0 drivers
v0x55558fc06fc0_0 .net "D_IN_0", 0 0, L_0x55558fc512f0;  1 drivers
v0x55558fc07080_0 .net "D_IN_1", 0 0, L_0x55558fc51360;  1 drivers
o0x7fa1efb70c88 .functor BUFZ 1, c4<z>; HiZ drive
v0x55558fc07120_0 .net "D_OUT_0", 0 0, o0x7fa1efb70c88;  0 drivers
o0x7fa1efb70cb8 .functor BUFZ 1, c4<z>; HiZ drive
v0x55558fc071e0_0 .net "D_OUT_1", 0 0, o0x7fa1efb70cb8;  0 drivers
o0x7fa1efb70ce8 .functor BUFZ 1, c4<z>; HiZ drive
v0x55558fc072f0_0 .net "INPUT_CLK", 0 0, o0x7fa1efb70ce8;  0 drivers
o0x7fa1efb70d18 .functor BUFZ 1, c4<z>; HiZ drive
v0x55558fc073b0_0 .net "LATCH_INPUT_VALUE", 0 0, o0x7fa1efb70d18;  0 drivers
o0x7fa1efb70d48 .functor BUFZ 1, c4<z>; HiZ drive
v0x55558fc07470_0 .net "OUTPUT_CLK", 0 0, o0x7fa1efb70d48;  0 drivers
o0x7fa1efb70d78 .functor BUFZ 1, c4<z>; HiZ drive
v0x55558fc07530_0 .net "OUTPUT_ENABLE", 0 0, o0x7fa1efb70d78;  0 drivers
o0x7fa1efb70da8 .functor BUFZ 1, c4<z>; HiZ drive
v0x55558fc075f0_0 .net "PACKAGE_PIN", 0 0, o0x7fa1efb70da8;  0 drivers
o0x7fa1efb70dd8 .functor BUFZ 1, c4<z>; HiZ drive
v0x55558fc076b0_0 .net "PU_ENB", 0 0, o0x7fa1efb70dd8;  0 drivers
o0x7fa1efb70e08 .functor BUFZ 1, c4<z>; HiZ drive
v0x55558fc07770_0 .net "WEAK_PU_ENB", 0 0, o0x7fa1efb70e08;  0 drivers
v0x55558fc07830_0 .var "din_0", 0 0;
v0x55558fc078f0_0 .var "din_1", 0 0;
v0x55558fc079b0_0 .var "din_q_0", 0 0;
v0x55558fc07a70_0 .var "din_q_1", 0 0;
v0x55558fc07b30_0 .var "dout", 0 0;
v0x55558fc07bf0_0 .var "dout_q_0", 0 0;
v0x55558fc07cb0_0 .var "dout_q_1", 0 0;
v0x55558fc07d70_0 .var "outclk_delayed_1", 0 0;
v0x55558fc07e30_0 .var "outclk_delayed_2", 0 0;
v0x55558fc07ef0_0 .var "outena_q", 0 0;
E_0x55558fc069d0 .event anyedge, v0x55558fc07e30_0, v0x55558fc07bf0_0, v0x55558fc07cb0_0;
E_0x55558fc06a50 .event anyedge, v0x55558fc07d70_0;
E_0x55558fc06ab0 .event anyedge, v0x55558fc07470_0;
E_0x55558fc06b10 .event anyedge, v0x55558fc079b0_0, v0x55558fc07a70_0;
S_0x55558fc06ba0 .scope generate, "genblk1" "genblk1" 14 2888, 14 2888 0, S_0x55558fb63680;
 .timescale -12 -12;
E_0x55558fc06d30 .event posedge, v0x55558fc07470_0;
E_0x55558fc06db0 .event negedge, v0x55558fc07470_0;
E_0x55558fc06e10 .event negedge, v0x55558fc072f0_0;
E_0x55558fc06e70 .event posedge, v0x55558fc072f0_0;
S_0x55558fb41b20 .scope module, "SB_IO_OD" "SB_IO_OD" 14 2931;
 .timescale -12 -12;
    .port_info 0 /INOUT 1 "PACKAGEPIN";
    .port_info 1 /INPUT 1 "LATCHINPUTVALUE";
    .port_info 2 /INPUT 1 "CLOCKENABLE";
    .port_info 3 /INPUT 1 "INPUTCLK";
    .port_info 4 /INPUT 1 "OUTPUTCLK";
    .port_info 5 /INPUT 1 "OUTPUTENABLE";
    .port_info 6 /INPUT 1 "DOUT1";
    .port_info 7 /INPUT 1 "DOUT0";
    .port_info 8 /OUTPUT 1 "DIN1";
    .port_info 9 /OUTPUT 1 "DIN0";
P_0x55558f9c4200 .param/l "NEG_TRIGGER" 0 14 2944, C4<0>;
P_0x55558f9c4240 .param/l "PIN_TYPE" 0 14 2943, C4<000000>;
L_0x55558fc513d0 .functor BUFZ 1, v0x55558fc08e80_0, C4<0>, C4<0>, C4<0>;
L_0x55558fc51440 .functor BUFZ 1, v0x55558fc08f40_0, C4<0>, C4<0>, C4<0>;
o0x7fa1efb71258 .functor BUFZ 1, c4<z>; HiZ drive
v0x55558fc086d0_0 .net "CLOCKENABLE", 0 0, o0x7fa1efb71258;  0 drivers
v0x55558fc08790_0 .net "DIN0", 0 0, L_0x55558fc513d0;  1 drivers
v0x55558fc08850_0 .net "DIN1", 0 0, L_0x55558fc51440;  1 drivers
o0x7fa1efb712e8 .functor BUFZ 1, c4<z>; HiZ drive
v0x55558fc088f0_0 .net "DOUT0", 0 0, o0x7fa1efb712e8;  0 drivers
o0x7fa1efb71318 .functor BUFZ 1, c4<z>; HiZ drive
v0x55558fc089b0_0 .net "DOUT1", 0 0, o0x7fa1efb71318;  0 drivers
o0x7fa1efb71348 .functor BUFZ 1, c4<z>; HiZ drive
v0x55558fc08ac0_0 .net "INPUTCLK", 0 0, o0x7fa1efb71348;  0 drivers
o0x7fa1efb71378 .functor BUFZ 1, c4<z>; HiZ drive
v0x55558fc08b80_0 .net "LATCHINPUTVALUE", 0 0, o0x7fa1efb71378;  0 drivers
o0x7fa1efb713a8 .functor BUFZ 1, c4<z>; HiZ drive
v0x55558fc08c40_0 .net "OUTPUTCLK", 0 0, o0x7fa1efb713a8;  0 drivers
o0x7fa1efb713d8 .functor BUFZ 1, c4<z>; HiZ drive
v0x55558fc08d00_0 .net "OUTPUTENABLE", 0 0, o0x7fa1efb713d8;  0 drivers
o0x7fa1efb71408 .functor BUFZ 1, c4<z>; HiZ drive
v0x55558fc08dc0_0 .net "PACKAGEPIN", 0 0, o0x7fa1efb71408;  0 drivers
v0x55558fc08e80_0 .var "din_0", 0 0;
v0x55558fc08f40_0 .var "din_1", 0 0;
v0x55558fc09000_0 .var "din_q_0", 0 0;
v0x55558fc090c0_0 .var "din_q_1", 0 0;
v0x55558fc09180_0 .var "dout", 0 0;
v0x55558fc09240_0 .var "dout_q_0", 0 0;
v0x55558fc09300_0 .var "dout_q_1", 0 0;
v0x55558fc094d0_0 .var "outclk_delayed_1", 0 0;
v0x55558fc09590_0 .var "outclk_delayed_2", 0 0;
v0x55558fc09650_0 .var "outena_q", 0 0;
E_0x55558fc081a0 .event anyedge, v0x55558fc09590_0, v0x55558fc09240_0, v0x55558fc09300_0;
E_0x55558fc08220 .event anyedge, v0x55558fc094d0_0;
E_0x55558fc08280 .event anyedge, v0x55558fc08c40_0;
E_0x55558fc082e0 .event anyedge, v0x55558fc09000_0, v0x55558fc090c0_0;
S_0x55558fc08370 .scope generate, "genblk1" "genblk1" 14 2952, 14 2952 0, S_0x55558fb41b20;
 .timescale -12 -12;
E_0x55558fc08500 .event posedge, v0x55558fc08c40_0;
E_0x55558fc08580 .event negedge, v0x55558fc08c40_0;
E_0x55558fc085e0 .event negedge, v0x55558fc08ac0_0;
E_0x55558fc08640 .event posedge, v0x55558fc08ac0_0;
S_0x55558fb40e00 .scope module, "SB_LEDDA_IP" "SB_LEDDA_IP" 14 2830;
 .timescale -12 -12;
    .port_info 0 /INPUT 1 "LEDDCS";
    .port_info 1 /INPUT 1 "LEDDCLK";
    .port_info 2 /INPUT 1 "LEDDDAT7";
    .port_info 3 /INPUT 1 "LEDDDAT6";
    .port_info 4 /INPUT 1 "LEDDDAT5";
    .port_info 5 /INPUT 1 "LEDDDAT4";
    .port_info 6 /INPUT 1 "LEDDDAT3";
    .port_info 7 /INPUT 1 "LEDDDAT2";
    .port_info 8 /INPUT 1 "LEDDDAT1";
    .port_info 9 /INPUT 1 "LEDDDAT0";
    .port_info 10 /INPUT 1 "LEDDADDR3";
    .port_info 11 /INPUT 1 "LEDDADDR2";
    .port_info 12 /INPUT 1 "LEDDADDR1";
    .port_info 13 /INPUT 1 "LEDDADDR0";
    .port_info 14 /INPUT 1 "LEDDDEN";
    .port_info 15 /INPUT 1 "LEDDEXE";
    .port_info 16 /INPUT 1 "LEDDRST";
    .port_info 17 /OUTPUT 1 "PWMOUT0";
    .port_info 18 /OUTPUT 1 "PWMOUT1";
    .port_info 19 /OUTPUT 1 "PWMOUT2";
    .port_info 20 /OUTPUT 1 "LEDDON";
o0x7fa1efb717f8 .functor BUFZ 1, c4<z>; HiZ drive
v0x55558fc09850_0 .net "LEDDADDR0", 0 0, o0x7fa1efb717f8;  0 drivers
o0x7fa1efb71828 .functor BUFZ 1, c4<z>; HiZ drive
v0x55558fc09930_0 .net "LEDDADDR1", 0 0, o0x7fa1efb71828;  0 drivers
o0x7fa1efb71858 .functor BUFZ 1, c4<z>; HiZ drive
v0x55558fc099f0_0 .net "LEDDADDR2", 0 0, o0x7fa1efb71858;  0 drivers
o0x7fa1efb71888 .functor BUFZ 1, c4<z>; HiZ drive
v0x55558fc09a90_0 .net "LEDDADDR3", 0 0, o0x7fa1efb71888;  0 drivers
o0x7fa1efb718b8 .functor BUFZ 1, c4<z>; HiZ drive
v0x55558fc09b50_0 .net "LEDDCLK", 0 0, o0x7fa1efb718b8;  0 drivers
o0x7fa1efb718e8 .functor BUFZ 1, c4<z>; HiZ drive
v0x55558fc09c10_0 .net "LEDDCS", 0 0, o0x7fa1efb718e8;  0 drivers
o0x7fa1efb71918 .functor BUFZ 1, c4<z>; HiZ drive
v0x55558fc09cd0_0 .net "LEDDDAT0", 0 0, o0x7fa1efb71918;  0 drivers
o0x7fa1efb71948 .functor BUFZ 1, c4<z>; HiZ drive
v0x55558fc09d90_0 .net "LEDDDAT1", 0 0, o0x7fa1efb71948;  0 drivers
o0x7fa1efb71978 .functor BUFZ 1, c4<z>; HiZ drive
v0x55558fc09e50_0 .net "LEDDDAT2", 0 0, o0x7fa1efb71978;  0 drivers
o0x7fa1efb719a8 .functor BUFZ 1, c4<z>; HiZ drive
v0x55558fc09f10_0 .net "LEDDDAT3", 0 0, o0x7fa1efb719a8;  0 drivers
o0x7fa1efb719d8 .functor BUFZ 1, c4<z>; HiZ drive
v0x55558fc09fd0_0 .net "LEDDDAT4", 0 0, o0x7fa1efb719d8;  0 drivers
o0x7fa1efb71a08 .functor BUFZ 1, c4<z>; HiZ drive
v0x55558fc0a090_0 .net "LEDDDAT5", 0 0, o0x7fa1efb71a08;  0 drivers
o0x7fa1efb71a38 .functor BUFZ 1, c4<z>; HiZ drive
v0x55558fc0a150_0 .net "LEDDDAT6", 0 0, o0x7fa1efb71a38;  0 drivers
o0x7fa1efb71a68 .functor BUFZ 1, c4<z>; HiZ drive
v0x55558fc0a210_0 .net "LEDDDAT7", 0 0, o0x7fa1efb71a68;  0 drivers
o0x7fa1efb71a98 .functor BUFZ 1, c4<z>; HiZ drive
v0x55558fc0a2d0_0 .net "LEDDDEN", 0 0, o0x7fa1efb71a98;  0 drivers
o0x7fa1efb71ac8 .functor BUFZ 1, c4<z>; HiZ drive
v0x55558fc0a390_0 .net "LEDDEXE", 0 0, o0x7fa1efb71ac8;  0 drivers
o0x7fa1efb71af8 .functor BUFZ 1, c4<z>; HiZ drive
v0x55558fc0a450_0 .net "LEDDON", 0 0, o0x7fa1efb71af8;  0 drivers
o0x7fa1efb71b28 .functor BUFZ 1, c4<z>; HiZ drive
v0x55558fc0a620_0 .net "LEDDRST", 0 0, o0x7fa1efb71b28;  0 drivers
o0x7fa1efb71b58 .functor BUFZ 1, c4<z>; HiZ drive
v0x55558fc0a6e0_0 .net "PWMOUT0", 0 0, o0x7fa1efb71b58;  0 drivers
o0x7fa1efb71b88 .functor BUFZ 1, c4<z>; HiZ drive
v0x55558fc0a7a0_0 .net "PWMOUT1", 0 0, o0x7fa1efb71b88;  0 drivers
o0x7fa1efb71bb8 .functor BUFZ 1, c4<z>; HiZ drive
v0x55558fc0a860_0 .net "PWMOUT2", 0 0, o0x7fa1efb71bb8;  0 drivers
S_0x55558fa382c0 .scope module, "SB_LED_DRV_CUR" "SB_LED_DRV_CUR" 14 2709;
 .timescale -12 -12;
    .port_info 0 /INPUT 1 "EN";
    .port_info 1 /OUTPUT 1 "LEDPU";
o0x7fa1efb71fd8 .functor BUFZ 1, c4<z>; HiZ drive
v0x55558fc0ac70_0 .net "EN", 0 0, o0x7fa1efb71fd8;  0 drivers
o0x7fa1efb72008 .functor BUFZ 1, c4<z>; HiZ drive
v0x55558fc0ad50_0 .net "LEDPU", 0 0, o0x7fa1efb72008;  0 drivers
S_0x55558fb40160 .scope module, "SB_LFOSC" "SB_LFOSC" 14 2684;
 .timescale -12 -12;
    .port_info 0 /INPUT 1 "CLKLFPU";
    .port_info 1 /INPUT 1 "CLKLFEN";
    .port_info 2 /OUTPUT 1 "CLKLF";
o0x7fa1efb72098 .functor BUFZ 1, c4<z>; HiZ drive
v0x55558fc0ae70_0 .net "CLKLF", 0 0, o0x7fa1efb72098;  0 drivers
o0x7fa1efb720c8 .functor BUFZ 1, c4<z>; HiZ drive
v0x55558fc0af30_0 .net "CLKLFEN", 0 0, o0x7fa1efb720c8;  0 drivers
o0x7fa1efb720f8 .functor BUFZ 1, c4<z>; HiZ drive
v0x55558fc0aff0_0 .net "CLKLFPU", 0 0, o0x7fa1efb720f8;  0 drivers
S_0x55558fb39350 .scope module, "SB_LUT4" "SB_LUT4" 14 177;
 .timescale -12 -12;
    .port_info 0 /OUTPUT 1 "O";
    .port_info 1 /INPUT 1 "I0";
    .port_info 2 /INPUT 1 "I1";
    .port_info 3 /INPUT 1 "I2";
    .port_info 4 /INPUT 1 "I3";
P_0x55558f9cfea0 .param/l "LUT_INIT" 0 14 184, C4<0000000000000000>;
o0x7fa1efb721b8 .functor BUFZ 1, c4<z>; HiZ drive
v0x55558fc0b110_0 .net "I0", 0 0, o0x7fa1efb721b8;  0 drivers
o0x7fa1efb721e8 .functor BUFZ 1, c4<z>; HiZ drive
v0x55558fc0b1d0_0 .net "I1", 0 0, o0x7fa1efb721e8;  0 drivers
o0x7fa1efb72218 .functor BUFZ 1, c4<z>; HiZ drive
v0x55558fc0b290_0 .net "I2", 0 0, o0x7fa1efb72218;  0 drivers
o0x7fa1efb72248 .functor BUFZ 1, c4<z>; HiZ drive
v0x55558fc0b360_0 .net "I3", 0 0, o0x7fa1efb72248;  0 drivers
v0x55558fc0b420_0 .net "O", 0 0, L_0x55558fc51ed0;  1 drivers
L_0x7fa1ef7b79a8 .functor BUFT 1, C4<00000000>, C4<0>, C4<0>, C4<0>;
v0x55558fc0b4e0_0 .net/2u *"_ivl_0", 7 0, L_0x7fa1ef7b79a8;  1 drivers
v0x55558fc0b5c0_0 .net *"_ivl_13", 1 0, L_0x55558fc519e0;  1 drivers
v0x55558fc0b6a0_0 .net *"_ivl_15", 1 0, L_0x55558fc51ad0;  1 drivers
v0x55558fc0b780_0 .net *"_ivl_19", 0 0, L_0x55558fc51cf0;  1 drivers
L_0x7fa1ef7b79f0 .functor BUFT 1, C4<00000000>, C4<0>, C4<0>, C4<0>;
v0x55558fc0b860_0 .net/2u *"_ivl_2", 7 0, L_0x7fa1ef7b79f0;  1 drivers
v0x55558fc0b940_0 .net *"_ivl_21", 0 0, L_0x55558fc51e30;  1 drivers
v0x55558fc0ba20_0 .net *"_ivl_7", 3 0, L_0x55558fc516b0;  1 drivers
v0x55558fc0bb00_0 .net *"_ivl_9", 3 0, L_0x55558fc517a0;  1 drivers
v0x55558fc0bbe0_0 .net "s1", 1 0, L_0x55558fc51bb0;  1 drivers
v0x55558fc0bcc0_0 .net "s2", 3 0, L_0x55558fc51840;  1 drivers
v0x55558fc0bda0_0 .net "s3", 7 0, L_0x55558fc51510;  1 drivers
L_0x55558fc51510 .functor MUXZ 8, L_0x7fa1ef7b79f0, L_0x7fa1ef7b79a8, o0x7fa1efb72248, C4<>;
L_0x55558fc516b0 .part L_0x55558fc51510, 4, 4;
L_0x55558fc517a0 .part L_0x55558fc51510, 0, 4;
L_0x55558fc51840 .functor MUXZ 4, L_0x55558fc517a0, L_0x55558fc516b0, o0x7fa1efb72218, C4<>;
L_0x55558fc519e0 .part L_0x55558fc51840, 2, 2;
L_0x55558fc51ad0 .part L_0x55558fc51840, 0, 2;
L_0x55558fc51bb0 .functor MUXZ 2, L_0x55558fc51ad0, L_0x55558fc519e0, o0x7fa1efb721e8, C4<>;
L_0x55558fc51cf0 .part L_0x55558fc51bb0, 1, 1;
L_0x55558fc51e30 .part L_0x55558fc51bb0, 0, 1;
L_0x55558fc51ed0 .functor MUXZ 1, L_0x55558fc51e30, L_0x55558fc51cf0, o0x7fa1efb721b8, C4<>;
S_0x55558fb3dfe0 .scope module, "SB_MAC16" "SB_MAC16" 14 2996;
 .timescale -12 -12;
    .port_info 0 /INPUT 1 "CLK";
    .port_info 1 /INPUT 1 "CE";
    .port_info 2 /INPUT 16 "C";
    .port_info 3 /INPUT 16 "A";
    .port_info 4 /INPUT 16 "B";
    .port_info 5 /INPUT 16 "D";
    .port_info 6 /INPUT 1 "AHOLD";
    .port_info 7 /INPUT 1 "BHOLD";
    .port_info 8 /INPUT 1 "CHOLD";
    .port_info 9 /INPUT 1 "DHOLD";
    .port_info 10 /INPUT 1 "IRSTTOP";
    .port_info 11 /INPUT 1 "IRSTBOT";
    .port_info 12 /INPUT 1 "ORSTTOP";
    .port_info 13 /INPUT 1 "ORSTBOT";
    .port_info 14 /INPUT 1 "OLOADTOP";
    .port_info 15 /INPUT 1 "OLOADBOT";
    .port_info 16 /INPUT 1 "ADDSUBTOP";
    .port_info 17 /INPUT 1 "ADDSUBBOT";
    .port_info 18 /INPUT 1 "OHOLDTOP";
    .port_info 19 /INPUT 1 "OHOLDBOT";
    .port_info 20 /INPUT 1 "CI";
    .port_info 21 /INPUT 1 "ACCUMCI";
    .port_info 22 /INPUT 1 "SIGNEXTIN";
    .port_info 23 /OUTPUT 32 "O";
    .port_info 24 /OUTPUT 1 "CO";
    .port_info 25 /OUTPUT 1 "ACCUMCO";
    .port_info 26 /OUTPUT 1 "SIGNEXTOUT";
P_0x55558f9d52b0 .param/l "A_REG" 0 14 3011, C4<0>;
P_0x55558f9d52f0 .param/l "A_SIGNED" 0 14 3027, C4<0>;
P_0x55558f9d5330 .param/l "BOTADDSUB_CARRYSELECT" 0 14 3025, C4<00>;
P_0x55558f9d5370 .param/l "BOTADDSUB_LOWERINPUT" 0 14 3023, C4<00>;
P_0x55558f9d53b0 .param/l "BOTADDSUB_UPPERINPUT" 0 14 3024, C4<0>;
P_0x55558f9d53f0 .param/l "BOTOUTPUT_SELECT" 0 14 3022, C4<00>;
P_0x55558f9d5430 .param/l "BOT_8x8_MULT_REG" 0 14 3015, C4<0>;
P_0x55558f9d5470 .param/l "B_REG" 0 14 3012, C4<0>;
P_0x55558f9d54b0 .param/l "B_SIGNED" 0 14 3028, C4<0>;
P_0x55558f9d54f0 .param/l "C_REG" 0 14 3010, C4<0>;
P_0x55558f9d5530 .param/l "D_REG" 0 14 3013, C4<0>;
P_0x55558f9d5570 .param/l "MODE_8x8" 0 14 3026, C4<0>;
P_0x55558f9d55b0 .param/l "NEG_TRIGGER" 0 14 3009, C4<0>;
P_0x55558f9d55f0 .param/l "PIPELINE_16x16_MULT_REG1" 0 14 3016, C4<0>;
P_0x55558f9d5630 .param/l "PIPELINE_16x16_MULT_REG2" 0 14 3017, C4<0>;
P_0x55558f9d5670 .param/l "TOPADDSUB_CARRYSELECT" 0 14 3021, C4<00>;
P_0x55558f9d56b0 .param/l "TOPADDSUB_LOWERINPUT" 0 14 3019, C4<00>;
P_0x55558f9d56f0 .param/l "TOPADDSUB_UPPERINPUT" 0 14 3020, C4<0>;
P_0x55558f9d5730 .param/l "TOPOUTPUT_SELECT" 0 14 3018, C4<00>;
P_0x55558f9d5770 .param/l "TOP_8x8_MULT_REG" 0 14 3014, C4<0>;
o0x7fa1efb728a8 .functor BUFZ 1, c4<z>; HiZ drive
L_0x7fa1ef7b7a38 .functor BUFT 1, C4<0>, C4<0>, C4<0>, C4<0>;
L_0x55558fc52050 .functor XOR 1, o0x7fa1efb728a8, L_0x7fa1ef7b7a38, C4<0>, C4<0>;
o0x7fa1efb727e8 .functor BUFZ 16, c4<zzzzzzzzzzzzzzzz>; HiZ drive
L_0x55558fc52140 .functor BUFZ 16, o0x7fa1efb727e8, C4<0000000000000000>, C4<0000000000000000>, C4<0000000000000000>;
o0x7fa1efb725a8 .functor BUFZ 16, c4<zzzzzzzzzzzzzzzz>; HiZ drive
L_0x55558fc521e0 .functor BUFZ 16, o0x7fa1efb725a8, C4<0000000000000000>, C4<0000000000000000>, C4<0000000000000000>;
o0x7fa1efb72728 .functor BUFZ 16, c4<zzzzzzzzzzzzzzzz>; HiZ drive
L_0x55558fc522b0 .functor BUFZ 16, o0x7fa1efb72728, C4<0000000000000000>, C4<0000000000000000>, C4<0000000000000000>;
o0x7fa1efb72908 .functor BUFZ 16, c4<zzzzzzzzzzzzzzzz>; HiZ drive
L_0x55558fc523b0 .functor BUFZ 16, o0x7fa1efb72908, C4<0000000000000000>, C4<0000000000000000>, C4<0000000000000000>;
L_0x55558fc53220 .functor BUFZ 16, L_0x55558fc52db0, C4<0000000000000000>, C4<0000000000000000>, C4<0000000000000000>;
L_0x55558fc53730 .functor BUFZ 16, L_0x55558fc53130, C4<0000000000000000>, C4<0000000000000000>, C4<0000000000000000>;
L_0x55558fc537f0 .functor BUFZ 16, L_0x55558fc534c0, C4<0000000000000000>, C4<0000000000000000>, C4<0000000000000000>;
L_0x55558fc53900 .functor BUFZ 16, L_0x55558fc535b0, C4<0000000000000000>, C4<0000000000000000>, C4<0000000000000000>;
L_0x55558fc54300 .functor BUFZ 32, L_0x55558fc54fd0, C4<00000000000000000000000000000000>, C4<00000000000000000000000000000000>, C4<00000000000000000000000000000000>;
L_0x55558fc55160 .functor BUFZ 16, v0x55558fc13e90_0, C4<0000000000000000>, C4<0000000000000000>, C4<0000000000000000>;
L_0x55558fc551d0 .functor BUFZ 16, L_0x55558fc521e0, C4<0000000000000000>, C4<0000000000000000>, C4<0000000000000000>;
L_0x55558fc55bc0 .functor XOR 17, L_0x55558fc55710, L_0x55558fc55a50, C4<00000000000000000>, C4<00000000000000000>;
o0x7fa1efb72668 .functor BUFZ 1, c4<z>; HiZ drive
L_0x55558fc55d70 .functor XOR 1, L_0x55558fc552b0, o0x7fa1efb72668, C4<0>, C4<0>;
L_0x55558fc55240 .functor XOR 16, L_0x55558fc55460, L_0x55558fc56060, C4<0000000000000000>, C4<0000000000000000>;
L_0x55558fc56580 .functor BUFZ 16, L_0x55558fc562f0, C4<0000000000000000>, C4<0000000000000000>, C4<0000000000000000>;
L_0x55558fc56840 .functor BUFZ 16, v0x55558fc13f70_0, C4<0000000000000000>, C4<0000000000000000>, C4<0000000000000000>;
L_0x55558fc56950 .functor BUFZ 16, L_0x55558fc522b0, C4<0000000000000000>, C4<0000000000000000>, C4<0000000000000000>;
L_0x55558fc57500 .functor XOR 17, L_0x55558fc56e70, L_0x55558fc57200, C4<00000000000000000>, C4<00000000000000000>;
L_0x55558fc576c0 .functor XOR 16, L_0x55558fc56ac0, L_0x55558fc57a60, C4<0000000000000000>, C4<0000000000000000>;
L_0x55558fc58060 .functor BUFZ 16, L_0x55558fc57bf0, C4<0000000000000000>, C4<0000000000000000>, C4<0000000000000000>;
v0x55558fc0c0f0_0 .net "A", 15 0, o0x7fa1efb725a8;  0 drivers
o0x7fa1efb725d8 .functor BUFZ 1, c4<z>; HiZ drive
v0x55558fc0c1d0_0 .net "ACCUMCI", 0 0, o0x7fa1efb725d8;  0 drivers
v0x55558fc0c290_0 .net "ACCUMCO", 0 0, L_0x55558fc552b0;  1 drivers
o0x7fa1efb72638 .functor BUFZ 1, c4<z>; HiZ drive
v0x55558fc0c330_0 .net "ADDSUBBOT", 0 0, o0x7fa1efb72638;  0 drivers
v0x55558fc0c3f0_0 .net "ADDSUBTOP", 0 0, o0x7fa1efb72668;  0 drivers
o0x7fa1efb72698 .functor BUFZ 1, c4<z>; HiZ drive
v0x55558fc0c4b0_0 .net "AHOLD", 0 0, o0x7fa1efb72698;  0 drivers
v0x55558fc0c570_0 .net "Ah", 15 0, L_0x55558fc525d0;  1 drivers
v0x55558fc0c650_0 .net "Al", 15 0, L_0x55558fc527b0;  1 drivers
v0x55558fc0c730_0 .net "B", 15 0, o0x7fa1efb72728;  0 drivers
o0x7fa1efb72758 .functor BUFZ 1, c4<z>; HiZ drive
v0x55558fc0c8a0_0 .net "BHOLD", 0 0, o0x7fa1efb72758;  0 drivers
v0x55558fc0c960_0 .net "Bh", 15 0, L_0x55558fc52a40;  1 drivers
v0x55558fc0ca40_0 .net "Bl", 15 0, L_0x55558fc52c20;  1 drivers
v0x55558fc0cb20_0 .net "C", 15 0, o0x7fa1efb727e8;  0 drivers
o0x7fa1efb72818 .functor BUFZ 1, c4<z>; HiZ drive
v0x55558fc0cc00_0 .net "CE", 0 0, o0x7fa1efb72818;  0 drivers
o0x7fa1efb72848 .functor BUFZ 1, c4<z>; HiZ drive
v0x55558fc0ccc0_0 .net "CHOLD", 0 0, o0x7fa1efb72848;  0 drivers
o0x7fa1efb72878 .functor BUFZ 1, c4<z>; HiZ drive
v0x55558fc0cd80_0 .net "CI", 0 0, o0x7fa1efb72878;  0 drivers
v0x55558fc0ce40_0 .net "CLK", 0 0, o0x7fa1efb728a8;  0 drivers
v0x55558fc0d010_0 .net "CO", 0 0, L_0x55558fc55d70;  1 drivers
v0x55558fc0d0d0_0 .net "D", 15 0, o0x7fa1efb72908;  0 drivers
o0x7fa1efb72938 .functor BUFZ 1, c4<z>; HiZ drive
v0x55558fc0d1b0_0 .net "DHOLD", 0 0, o0x7fa1efb72938;  0 drivers
L_0x7fa1ef7b7f90 .functor BUFT 1, C4<0>, C4<0>, C4<0>, C4<0>;
v0x55558fc0d270_0 .net "HCI", 0 0, L_0x7fa1ef7b7f90;  1 drivers
o0x7fa1efb72998 .functor BUFZ 1, c4<z>; HiZ drive
v0x55558fc0d330_0 .net "IRSTBOT", 0 0, o0x7fa1efb72998;  0 drivers
o0x7fa1efb729c8 .functor BUFZ 1, c4<z>; HiZ drive
v0x55558fc0d3f0_0 .net "IRSTTOP", 0 0, o0x7fa1efb729c8;  0 drivers
L_0x7fa1ef7b80b0 .functor BUFT 1, C4<0>, C4<0>, C4<0>, C4<0>;
v0x55558fc0d4b0_0 .net "LCI", 0 0, L_0x7fa1ef7b80b0;  1 drivers
v0x55558fc0d570_0 .net "LCO", 0 0, L_0x55558fc569c0;  1 drivers
v0x55558fc0d630_0 .net "O", 31 0, L_0x55558fc58120;  1 drivers
o0x7fa1efb72a88 .functor BUFZ 1, c4<z>; HiZ drive
v0x55558fc0d710_0 .net "OHOLDBOT", 0 0, o0x7fa1efb72a88;  0 drivers
o0x7fa1efb72ab8 .functor BUFZ 1, c4<z>; HiZ drive
v0x55558fc0d7d0_0 .net "OHOLDTOP", 0 0, o0x7fa1efb72ab8;  0 drivers
o0x7fa1efb72ae8 .functor BUFZ 1, c4<z>; HiZ drive
v0x55558fc0d890_0 .net "OLOADBOT", 0 0, o0x7fa1efb72ae8;  0 drivers
o0x7fa1efb72b18 .functor BUFZ 1, c4<z>; HiZ drive
v0x55558fc0d950_0 .net "OLOADTOP", 0 0, o0x7fa1efb72b18;  0 drivers
o0x7fa1efb72b48 .functor BUFZ 1, c4<z>; HiZ drive
v0x55558fc0da10_0 .net "ORSTBOT", 0 0, o0x7fa1efb72b48;  0 drivers
o0x7fa1efb72b78 .functor BUFZ 1, c4<z>; HiZ drive
v0x55558fc0dad0_0 .net "ORSTTOP", 0 0, o0x7fa1efb72b78;  0 drivers
v0x55558fc0db90_0 .net "Oh", 15 0, L_0x55558fc56580;  1 drivers
v0x55558fc0de80_0 .net "Ol", 15 0, L_0x55558fc58060;  1 drivers
o0x7fa1efb72c08 .functor BUFZ 1, c4<z>; HiZ drive
v0x55558fc0df60_0 .net "SIGNEXTIN", 0 0, o0x7fa1efb72c08;  0 drivers
v0x55558fc0e020_0 .net "SIGNEXTOUT", 0 0, L_0x55558fc56640;  1 drivers
v0x55558fc0e0e0_0 .net "XW", 15 0, L_0x55558fc55460;  1 drivers
v0x55558fc0e1c0_0 .net "YZ", 15 0, L_0x55558fc56ac0;  1 drivers
v0x55558fc0e2a0_0 .net/2u *"_ivl_0", 0 0, L_0x7fa1ef7b7a38;  1 drivers
v0x55558fc0e380_0 .net *"_ivl_100", 31 0, L_0x55558fc54a70;  1 drivers
L_0x7fa1ef7b7e28 .functor BUFT 1, C4<0000000000000000>, C4<0>, C4<0>, C4<0>;
v0x55558fc0e460_0 .net *"_ivl_103", 15 0, L_0x7fa1ef7b7e28;  1 drivers
v0x55558fc0e540_0 .net *"_ivl_104", 31 0, L_0x55558fc54d90;  1 drivers
v0x55558fc0e620_0 .net *"_ivl_106", 15 0, L_0x55558fc54ca0;  1 drivers
L_0x7fa1ef7b7e70 .functor BUFT 1, C4<0000000000000000>, C4<0>, C4<0>, C4<0>;
v0x55558fc0e700_0 .net *"_ivl_108", 15 0, L_0x7fa1ef7b7e70;  1 drivers
L_0x7fa1ef7b7a80 .functor BUFT 1, C4<00000000>, C4<0>, C4<0>, C4<0>;
v0x55558fc0e7e0_0 .net/2u *"_ivl_12", 7 0, L_0x7fa1ef7b7a80;  1 drivers
v0x55558fc0e8c0_0 .net *"_ivl_121", 16 0, L_0x55558fc55500;  1 drivers
L_0x7fa1ef7b7eb8 .functor BUFT 1, C4<0>, C4<0>, C4<0>, C4<0>;
v0x55558fc0e9a0_0 .net *"_ivl_124", 0 0, L_0x7fa1ef7b7eb8;  1 drivers
v0x55558fc0ea80_0 .net *"_ivl_125", 16 0, L_0x55558fc55710;  1 drivers
L_0x7fa1ef7b7f00 .functor BUFT 1, C4<0>, C4<0>, C4<0>, C4<0>;
v0x55558fc0eb60_0 .net *"_ivl_128", 0 0, L_0x7fa1ef7b7f00;  1 drivers
v0x55558fc0ec40_0 .net *"_ivl_130", 15 0, L_0x55558fc55850;  1 drivers
v0x55558fc0ed20_0 .net *"_ivl_131", 16 0, L_0x55558fc55a50;  1 drivers
L_0x7fa1ef7b7f48 .functor BUFT 1, C4<0>, C4<0>, C4<0>, C4<0>;
v0x55558fc0ee00_0 .net *"_ivl_134", 0 0, L_0x7fa1ef7b7f48;  1 drivers
v0x55558fc0eee0_0 .net *"_ivl_135", 16 0, L_0x55558fc55bc0;  1 drivers
v0x55558fc0efc0_0 .net *"_ivl_137", 16 0, L_0x55558fc55cd0;  1 drivers
L_0x7fa1ef7b8260 .functor BUFT 1, C4<00000000000000000>, C4<0>, C4<0>, C4<0>;
v0x55558fc0f0a0_0 .net *"_ivl_139", 16 0, L_0x7fa1ef7b8260;  1 drivers
v0x55558fc0f180_0 .net *"_ivl_143", 16 0, L_0x55558fc55920;  1 drivers
v0x55558fc0f260_0 .net *"_ivl_148", 15 0, L_0x55558fc56060;  1 drivers
v0x55558fc0f340_0 .net *"_ivl_149", 15 0, L_0x55558fc55240;  1 drivers
v0x55558fc0f420_0 .net *"_ivl_15", 7 0, L_0x55558fc524b0;  1 drivers
v0x55558fc0f500_0 .net *"_ivl_168", 16 0, L_0x55558fc56d00;  1 drivers
L_0x7fa1ef7b7fd8 .functor BUFT 1, C4<0>, C4<0>, C4<0>, C4<0>;
v0x55558fc0f5e0_0 .net *"_ivl_171", 0 0, L_0x7fa1ef7b7fd8;  1 drivers
v0x55558fc0f6c0_0 .net *"_ivl_172", 16 0, L_0x55558fc56e70;  1 drivers
L_0x7fa1ef7b8020 .functor BUFT 1, C4<0>, C4<0>, C4<0>, C4<0>;
v0x55558fc0f7a0_0 .net *"_ivl_175", 0 0, L_0x7fa1ef7b8020;  1 drivers
v0x55558fc0f880_0 .net *"_ivl_177", 15 0, L_0x55558fc57130;  1 drivers
v0x55558fc0f960_0 .net *"_ivl_178", 16 0, L_0x55558fc57200;  1 drivers
L_0x7fa1ef7b7ac8 .functor BUFT 1, C4<00000000>, C4<0>, C4<0>, C4<0>;
v0x55558fc0fa40_0 .net/2u *"_ivl_18", 7 0, L_0x7fa1ef7b7ac8;  1 drivers
L_0x7fa1ef7b8068 .functor BUFT 1, C4<0>, C4<0>, C4<0>, C4<0>;
v0x55558fc0fb20_0 .net *"_ivl_181", 0 0, L_0x7fa1ef7b8068;  1 drivers
v0x55558fc0fc00_0 .net *"_ivl_182", 16 0, L_0x55558fc57500;  1 drivers
v0x55558fc0fce0_0 .net *"_ivl_184", 16 0, L_0x55558fc568b0;  1 drivers
L_0x7fa1ef7b82a8 .functor BUFT 1, C4<00000000000000000>, C4<0>, C4<0>, C4<0>;
v0x55558fc0fdc0_0 .net *"_ivl_186", 16 0, L_0x7fa1ef7b82a8;  1 drivers
v0x55558fc0fea0_0 .net *"_ivl_190", 16 0, L_0x55558fc577d0;  1 drivers
v0x55558fc0ff80_0 .net *"_ivl_193", 15 0, L_0x55558fc57a60;  1 drivers
v0x55558fc10060_0 .net *"_ivl_194", 15 0, L_0x55558fc576c0;  1 drivers
v0x55558fc10140_0 .net *"_ivl_21", 7 0, L_0x55558fc52710;  1 drivers
L_0x7fa1ef7b7b10 .functor BUFT 1, C4<00000000>, C4<0>, C4<0>, C4<0>;
v0x55558fc10220_0 .net/2u *"_ivl_24", 7 0, L_0x7fa1ef7b7b10;  1 drivers
v0x55558fc10300_0 .net *"_ivl_27", 7 0, L_0x55558fc52950;  1 drivers
L_0x7fa1ef7b7b58 .functor BUFT 1, C4<00000000>, C4<0>, C4<0>, C4<0>;
v0x55558fc103e0_0 .net/2u *"_ivl_30", 7 0, L_0x7fa1ef7b7b58;  1 drivers
v0x55558fc104c0_0 .net *"_ivl_33", 7 0, L_0x55558fc52b80;  1 drivers
L_0x7fa1ef7b7ba0 .functor BUFT 1, C4<00000000>, C4<0>, C4<0>, C4<0>;
v0x55558fc105a0_0 .net/2u *"_ivl_38", 7 0, L_0x7fa1ef7b7ba0;  1 drivers
v0x55558fc10680_0 .net *"_ivl_41", 7 0, L_0x55558fc52ef0;  1 drivers
v0x55558fc10760_0 .net *"_ivl_42", 15 0, L_0x55558fc53040;  1 drivers
L_0x7fa1ef7b7be8 .functor BUFT 1, C4<00000000>, C4<0>, C4<0>, C4<0>;
v0x55558fc10840_0 .net/2u *"_ivl_46", 7 0, L_0x7fa1ef7b7be8;  1 drivers
v0x55558fc10920_0 .net *"_ivl_49", 7 0, L_0x55558fc53290;  1 drivers
v0x55558fc10a00_0 .net *"_ivl_50", 15 0, L_0x55558fc53380;  1 drivers
L_0x7fa1ef7b7c30 .functor BUFT 1, C4<00000000>, C4<0>, C4<0>, C4<0>;
v0x55558fc10ae0_0 .net/2u *"_ivl_64", 7 0, L_0x7fa1ef7b7c30;  1 drivers
L_0x7fa1ef7b7c78 .functor BUFT 1, C4<00000000>, C4<0>, C4<0>, C4<0>;
v0x55558fc10bc0_0 .net/2u *"_ivl_68", 7 0, L_0x7fa1ef7b7c78;  1 drivers
v0x55558fc10ca0_0 .net *"_ivl_72", 31 0, L_0x55558fc53ce0;  1 drivers
L_0x7fa1ef7b7cc0 .functor BUFT 1, C4<0000000000000000>, C4<0>, C4<0>, C4<0>;
v0x55558fc10d80_0 .net *"_ivl_75", 15 0, L_0x7fa1ef7b7cc0;  1 drivers
v0x55558fc10e60_0 .net *"_ivl_76", 31 0, L_0x55558fc53e20;  1 drivers
L_0x7fa1ef7b7d08 .functor BUFT 1, C4<00000000>, C4<0>, C4<0>, C4<0>;
v0x55558fc10f40_0 .net *"_ivl_79", 7 0, L_0x7fa1ef7b7d08;  1 drivers
v0x55558fc11020_0 .net *"_ivl_80", 31 0, L_0x55558fc54060;  1 drivers
v0x55558fc11100_0 .net *"_ivl_82", 23 0, L_0x55558fc53c40;  1 drivers
L_0x7fa1ef7b7d50 .functor BUFT 1, C4<00000000>, C4<0>, C4<0>, C4<0>;
v0x55558fc111e0_0 .net *"_ivl_84", 7 0, L_0x7fa1ef7b7d50;  1 drivers
v0x55558fc112c0_0 .net *"_ivl_86", 31 0, L_0x55558fc54260;  1 drivers
v0x55558fc113a0_0 .net *"_ivl_88", 31 0, L_0x55558fc54410;  1 drivers
L_0x7fa1ef7b7d98 .functor BUFT 1, C4<00000000>, C4<0>, C4<0>, C4<0>;
v0x55558fc11480_0 .net *"_ivl_91", 7 0, L_0x7fa1ef7b7d98;  1 drivers
v0x55558fc11560_0 .net *"_ivl_92", 31 0, L_0x55558fc54710;  1 drivers
v0x55558fc11640_0 .net *"_ivl_94", 23 0, L_0x55558fc54620;  1 drivers
L_0x7fa1ef7b7de0 .functor BUFT 1, C4<00000000>, C4<0>, C4<0>, C4<0>;
v0x55558fc11720_0 .net *"_ivl_96", 7 0, L_0x7fa1ef7b7de0;  1 drivers
v0x55558fc11800_0 .net *"_ivl_98", 31 0, L_0x55558fc54930;  1 drivers
v0x55558fc118e0_0 .net "clock", 0 0, L_0x55558fc52050;  1 drivers
v0x55558fc119a0_0 .net "iA", 15 0, L_0x55558fc521e0;  1 drivers
v0x55558fc11a80_0 .net "iB", 15 0, L_0x55558fc522b0;  1 drivers
v0x55558fc11b60_0 .net "iC", 15 0, L_0x55558fc52140;  1 drivers
v0x55558fc11c40_0 .net "iD", 15 0, L_0x55558fc523b0;  1 drivers
v0x55558fc11d20_0 .net "iF", 15 0, L_0x55558fc53220;  1 drivers
v0x55558fc11e00_0 .net "iG", 15 0, L_0x55558fc53900;  1 drivers
v0x55558fc11ee0_0 .net "iH", 31 0, L_0x55558fc54300;  1 drivers
v0x55558fc11fc0_0 .net "iJ", 15 0, L_0x55558fc53730;  1 drivers
v0x55558fc120a0_0 .net "iJ_e", 23 0, L_0x55558fc53b00;  1 drivers
v0x55558fc12180_0 .net "iK", 15 0, L_0x55558fc537f0;  1 drivers
v0x55558fc12260_0 .net "iK_e", 23 0, L_0x55558fc539c0;  1 drivers
v0x55558fc12340_0 .net "iL", 31 0, L_0x55558fc54fd0;  1 drivers
v0x55558fc12420_0 .net "iP", 15 0, L_0x55558fc562f0;  1 drivers
v0x55558fc12500_0 .net "iQ", 15 0, v0x55558fc13e90_0;  1 drivers
v0x55558fc125e0_0 .net "iR", 15 0, L_0x55558fc57bf0;  1 drivers
v0x55558fc126c0_0 .net "iS", 15 0, v0x55558fc13f70_0;  1 drivers
v0x55558fc127a0_0 .net "iW", 15 0, L_0x55558fc55160;  1 drivers
v0x55558fc12880_0 .net "iX", 15 0, L_0x55558fc551d0;  1 drivers
v0x55558fc12960_0 .net "iY", 15 0, L_0x55558fc56840;  1 drivers
v0x55558fc12a40_0 .net "iZ", 15 0, L_0x55558fc56950;  1 drivers
v0x55558fc12b20_0 .net "p_Ah_Bh", 15 0, L_0x55558fc52db0;  1 drivers
v0x55558fc12c00_0 .net "p_Ah_Bl", 15 0, L_0x55558fc534c0;  1 drivers
v0x55558fc12ce0_0 .net "p_Al_Bh", 15 0, L_0x55558fc53130;  1 drivers
v0x55558fc12dc0_0 .net "p_Al_Bl", 15 0, L_0x55558fc535b0;  1 drivers
v0x55558fc12ea0_0 .var "rA", 15 0;
v0x55558fc12f80_0 .var "rB", 15 0;
v0x55558fc13060_0 .var "rC", 15 0;
v0x55558fc13140_0 .var "rD", 15 0;
v0x55558fc13a30_0 .var "rF", 15 0;
v0x55558fc13b10_0 .var "rG", 15 0;
v0x55558fc13bf0_0 .var "rH", 31 0;
v0x55558fc13cd0_0 .var "rJ", 15 0;
v0x55558fc13db0_0 .var "rK", 15 0;
v0x55558fc13e90_0 .var "rQ", 15 0;
v0x55558fc13f70_0 .var "rS", 15 0;
E_0x55558fc0bf20 .event posedge, v0x55558fc0da10_0, v0x55558fc118e0_0;
E_0x55558fc0bfa0 .event posedge, v0x55558fc0dad0_0, v0x55558fc118e0_0;
E_0x55558fc0c000 .event posedge, v0x55558fc0d330_0, v0x55558fc118e0_0;
E_0x55558fc0c060 .event posedge, v0x55558fc0d3f0_0, v0x55558fc118e0_0;
L_0x55558fc524b0 .part L_0x55558fc521e0, 8, 8;
L_0x55558fc525d0 .concat [ 8 8 0 0], L_0x55558fc524b0, L_0x7fa1ef7b7a80;
L_0x55558fc52710 .part L_0x55558fc521e0, 0, 8;
L_0x55558fc527b0 .concat [ 8 8 0 0], L_0x55558fc52710, L_0x7fa1ef7b7ac8;
L_0x55558fc52950 .part L_0x55558fc522b0, 8, 8;
L_0x55558fc52a40 .concat [ 8 8 0 0], L_0x55558fc52950, L_0x7fa1ef7b7b10;
L_0x55558fc52b80 .part L_0x55558fc522b0, 0, 8;
L_0x55558fc52c20 .concat [ 8 8 0 0], L_0x55558fc52b80, L_0x7fa1ef7b7b58;
L_0x55558fc52db0 .arith/mult 16, L_0x55558fc525d0, L_0x55558fc52a40;
L_0x55558fc52ef0 .part L_0x55558fc527b0, 0, 8;
L_0x55558fc53040 .concat [ 8 8 0 0], L_0x55558fc52ef0, L_0x7fa1ef7b7ba0;
L_0x55558fc53130 .arith/mult 16, L_0x55558fc53040, L_0x55558fc52a40;
L_0x55558fc53290 .part L_0x55558fc52c20, 0, 8;
L_0x55558fc53380 .concat [ 8 8 0 0], L_0x55558fc53290, L_0x7fa1ef7b7be8;
L_0x55558fc534c0 .arith/mult 16, L_0x55558fc525d0, L_0x55558fc53380;
L_0x55558fc535b0 .arith/mult 16, L_0x55558fc527b0, L_0x55558fc52c20;
L_0x55558fc539c0 .concat [ 16 8 0 0], L_0x55558fc537f0, L_0x7fa1ef7b7c30;
L_0x55558fc53b00 .concat [ 16 8 0 0], L_0x55558fc53730, L_0x7fa1ef7b7c78;
L_0x55558fc53ce0 .concat [ 16 16 0 0], L_0x55558fc53900, L_0x7fa1ef7b7cc0;
L_0x55558fc53e20 .concat [ 24 8 0 0], L_0x55558fc539c0, L_0x7fa1ef7b7d08;
L_0x55558fc53c40 .part L_0x55558fc53e20, 0, 24;
L_0x55558fc54060 .concat [ 8 24 0 0], L_0x7fa1ef7b7d50, L_0x55558fc53c40;
L_0x55558fc54260 .arith/sum 32, L_0x55558fc53ce0, L_0x55558fc54060;
L_0x55558fc54410 .concat [ 24 8 0 0], L_0x55558fc53b00, L_0x7fa1ef7b7d98;
L_0x55558fc54620 .part L_0x55558fc54410, 0, 24;
L_0x55558fc54710 .concat [ 8 24 0 0], L_0x7fa1ef7b7de0, L_0x55558fc54620;
L_0x55558fc54930 .arith/sum 32, L_0x55558fc54260, L_0x55558fc54710;
L_0x55558fc54a70 .concat [ 16 16 0 0], L_0x55558fc53220, L_0x7fa1ef7b7e28;
L_0x55558fc54ca0 .part L_0x55558fc54a70, 0, 16;
L_0x55558fc54d90 .concat [ 16 16 0 0], L_0x7fa1ef7b7e70, L_0x55558fc54ca0;
L_0x55558fc54fd0 .arith/sum 32, L_0x55558fc54930, L_0x55558fc54d90;
L_0x55558fc552b0 .part L_0x55558fc55920, 16, 1;
L_0x55558fc55460 .part L_0x55558fc55920, 0, 16;
L_0x55558fc55500 .concat [ 16 1 0 0], L_0x55558fc551d0, L_0x7fa1ef7b7eb8;
L_0x55558fc55710 .concat [ 16 1 0 0], L_0x55558fc55160, L_0x7fa1ef7b7f00;
L_0x55558fc55850 .repeat 16, 16, o0x7fa1efb72668;
L_0x55558fc55a50 .concat [ 16 1 0 0], L_0x55558fc55850, L_0x7fa1ef7b7f48;
L_0x55558fc55cd0 .arith/sum 17, L_0x55558fc55500, L_0x55558fc55bc0;
L_0x55558fc55920 .arith/sum 17, L_0x55558fc55cd0, L_0x7fa1ef7b8260;
L_0x55558fc56060 .repeat 16, 16, o0x7fa1efb72668;
L_0x55558fc562f0 .functor MUXZ 16, L_0x55558fc55240, L_0x55558fc52140, o0x7fa1efb72b18, C4<>;
L_0x55558fc56640 .part L_0x55558fc551d0, 15, 1;
L_0x55558fc569c0 .part L_0x55558fc577d0, 16, 1;
L_0x55558fc56ac0 .part L_0x55558fc577d0, 0, 16;
L_0x55558fc56d00 .concat [ 16 1 0 0], L_0x55558fc56950, L_0x7fa1ef7b7fd8;
L_0x55558fc56e70 .concat [ 16 1 0 0], L_0x55558fc56840, L_0x7fa1ef7b8020;
L_0x55558fc57130 .repeat 16, 16, o0x7fa1efb72638;
L_0x55558fc57200 .concat [ 16 1 0 0], L_0x55558fc57130, L_0x7fa1ef7b8068;
L_0x55558fc568b0 .arith/sum 17, L_0x55558fc56d00, L_0x55558fc57500;
L_0x55558fc577d0 .arith/sum 17, L_0x55558fc568b0, L_0x7fa1ef7b82a8;
L_0x55558fc57a60 .repeat 16, 16, o0x7fa1efb72638;
L_0x55558fc57bf0 .functor MUXZ 16, L_0x55558fc576c0, L_0x55558fc523b0, o0x7fa1efb72ae8, C4<>;
L_0x55558fc58120 .concat [ 16 16 0 0], L_0x55558fc58060, L_0x55558fc56580;
S_0x55558fb3d090 .scope module, "SB_PLL40_2F_CORE" "SB_PLL40_2F_CORE" 14 2521;
 .timescale -12 -12;
    .port_info 0 /INPUT 1 "REFERENCECLK";
    .port_info 1 /OUTPUT 1 "PLLOUTCOREA";
    .port_info 2 /OUTPUT 1 "PLLOUTGLOBALA";
    .port_info 3 /OUTPUT 1 "PLLOUTCOREB";
    .port_info 4 /OUTPUT 1 "PLLOUTGLOBALB";
    .port_info 5 /INPUT 1 "EXTFEEDBACK";
    .port_info 6 /INPUT 8 "DYNAMICDELAY";
    .port_info 7 /OUTPUT 1 "LOCK";
    .port_info 8 /INPUT 1 "BYPASS";
    .port_info 9 /INPUT 1 "RESETB";
    .port_info 10 /INPUT 1 "LATCHINPUTVALUE";
    .port_info 11 /OUTPUT 1 "SDO";
    .port_info 12 /INPUT 1 "SDI";
    .port_info 13 /INPUT 1 "SCLK";
P_0x55558fa58270 .param/str "DELAY_ADJUSTMENT_MODE_FEEDBACK" 0 14 2538, "FIXED";
P_0x55558fa582b0 .param/str "DELAY_ADJUSTMENT_MODE_RELATIVE" 0 14 2539, "FIXED";
P_0x55558fa582f0 .param/l "DIVF" 0 14 2546, C4<0000000>;
P_0x55558fa58330 .param/l "DIVQ" 0 14 2547, C4<000>;
P_0x55558fa58370 .param/l "DIVR" 0 14 2545, C4<0000>;
P_0x55558fa583b0 .param/l "ENABLE_ICEGATE_PORTA" 0 14 2549, C4<0>;
P_0x55558fa583f0 .param/l "ENABLE_ICEGATE_PORTB" 0 14 2550, C4<0>;
P_0x55558fa58430 .param/l "EXTERNAL_DIVIDE_FACTOR" 0 14 2552, +C4<00000000000000000000000000000001>;
P_0x55558fa58470 .param/l "FDA_FEEDBACK" 0 14 2541, C4<0000>;
P_0x55558fa584b0 .param/l "FDA_RELATIVE" 0 14 2542, C4<0000>;
P_0x55558fa584f0 .param/str "FEEDBACK_PATH" 0 14 2537, "SIMPLE";
P_0x55558fa58530 .param/l "FILTER_RANGE" 0 14 2548, C4<000>;
P_0x55558fa58570 .param/str "PLLOUT_SELECT_PORTA" 0 14 2543, "GENCLK";
P_0x55558fa585b0 .param/str "PLLOUT_SELECT_PORTB" 0 14 2544, "GENCLK";
P_0x55558fa585f0 .param/l "SHIFTREG_DIV_MODE" 0 14 2540, C4<0>;
P_0x55558fa58630 .param/l "TEST_MODE" 0 14 2551, C4<0>;
o0x7fa1efb74438 .functor BUFZ 1, c4<z>; HiZ drive
v0x55558fc14490_0 .net "BYPASS", 0 0, o0x7fa1efb74438;  0 drivers
o0x7fa1efb74468 .functor BUFZ 8, c4<zzzzzzzz>; HiZ drive
v0x55558fc14570_0 .net "DYNAMICDELAY", 7 0, o0x7fa1efb74468;  0 drivers
o0x7fa1efb74498 .functor BUFZ 1, c4<z>; HiZ drive
v0x55558fc14650_0 .net "EXTFEEDBACK", 0 0, o0x7fa1efb74498;  0 drivers
o0x7fa1efb744c8 .functor BUFZ 1, c4<z>; HiZ drive
v0x55558fc146f0_0 .net "LATCHINPUTVALUE", 0 0, o0x7fa1efb744c8;  0 drivers
o0x7fa1efb744f8 .functor BUFZ 1, c4<z>; HiZ drive
v0x55558fc147b0_0 .net "LOCK", 0 0, o0x7fa1efb744f8;  0 drivers
o0x7fa1efb74528 .functor BUFZ 1, c4<z>; HiZ drive
v0x55558fc14870_0 .net "PLLOUTCOREA", 0 0, o0x7fa1efb74528;  0 drivers
o0x7fa1efb74558 .functor BUFZ 1, c4<z>; HiZ drive
v0x55558fc14930_0 .net "PLLOUTCOREB", 0 0, o0x7fa1efb74558;  0 drivers
o0x7fa1efb74588 .functor BUFZ 1, c4<z>; HiZ drive
v0x55558fc149f0_0 .net "PLLOUTGLOBALA", 0 0, o0x7fa1efb74588;  0 drivers
o0x7fa1efb745b8 .functor BUFZ 1, c4<z>; HiZ drive
v0x55558fc14ab0_0 .net "PLLOUTGLOBALB", 0 0, o0x7fa1efb745b8;  0 drivers
o0x7fa1efb745e8 .functor BUFZ 1, c4<z>; HiZ drive
v0x55558fc14b70_0 .net "REFERENCECLK", 0 0, o0x7fa1efb745e8;  0 drivers
o0x7fa1efb74618 .functor BUFZ 1, c4<z>; HiZ drive
v0x55558fc14c30_0 .net "RESETB", 0 0, o0x7fa1efb74618;  0 drivers
o0x7fa1efb74648 .functor BUFZ 1, c4<z>; HiZ drive
v0x55558fc14cf0_0 .net "SCLK", 0 0, o0x7fa1efb74648;  0 drivers
o0x7fa1efb74678 .functor BUFZ 1, c4<z>; HiZ drive
v0x55558fc14db0_0 .net "SDI", 0 0, o0x7fa1efb74678;  0 drivers
o0x7fa1efb746a8 .functor BUFZ 1, c4<z>; HiZ drive
v0x55558fc14e70_0 .net "SDO", 0 0, o0x7fa1efb746a8;  0 drivers
S_0x55558fb3c140 .scope module, "SB_PLL40_2F_PAD" "SB_PLL40_2F_PAD" 14 2556;
 .timescale -12 -12;
    .port_info 0 /INPUT 1 "PACKAGEPIN";
    .port_info 1 /OUTPUT 1 "PLLOUTCOREA";
    .port_info 2 /OUTPUT 1 "PLLOUTGLOBALA";
    .port_info 3 /OUTPUT 1 "PLLOUTCOREB";
    .port_info 4 /OUTPUT 1 "PLLOUTGLOBALB";
    .port_info 5 /INPUT 1 "EXTFEEDBACK";
    .port_info 6 /INPUT 8 "DYNAMICDELAY";
    .port_info 7 /OUTPUT 1 "LOCK";
    .port_info 8 /INPUT 1 "BYPASS";
    .port_info 9 /INPUT 1 "RESETB";
    .port_info 10 /INPUT 1 "LATCHINPUTVALUE";
    .port_info 11 /OUTPUT 1 "SDO";
    .port_info 12 /INPUT 1 "SDI";
    .port_info 13 /INPUT 1 "SCLK";
P_0x55558fa35870 .param/str "DELAY_ADJUSTMENT_MODE_FEEDBACK" 0 14 2573, "FIXED";
P_0x55558fa358b0 .param/str "DELAY_ADJUSTMENT_MODE_RELATIVE" 0 14 2574, "FIXED";
P_0x55558fa358f0 .param/l "DIVF" 0 14 2581, C4<0000000>;
P_0x55558fa35930 .param/l "DIVQ" 0 14 2582, C4<000>;
P_0x55558fa35970 .param/l "DIVR" 0 14 2580, C4<0000>;
P_0x55558fa359b0 .param/l "ENABLE_ICEGATE_PORTA" 0 14 2584, C4<0>;
P_0x55558fa359f0 .param/l "ENABLE_ICEGATE_PORTB" 0 14 2585, C4<0>;
P_0x55558fa35a30 .param/l "EXTERNAL_DIVIDE_FACTOR" 0 14 2587, +C4<00000000000000000000000000000001>;
P_0x55558fa35a70 .param/l "FDA_FEEDBACK" 0 14 2576, C4<0000>;
P_0x55558fa35ab0 .param/l "FDA_RELATIVE" 0 14 2577, C4<0000>;
P_0x55558fa35af0 .param/str "FEEDBACK_PATH" 0 14 2572, "SIMPLE";
P_0x55558fa35b30 .param/l "FILTER_RANGE" 0 14 2583, C4<000>;
P_0x55558fa35b70 .param/str "PLLOUT_SELECT_PORTA" 0 14 2578, "GENCLK";
P_0x55558fa35bb0 .param/str "PLLOUT_SELECT_PORTB" 0 14 2579, "GENCLK";
P_0x55558fa35bf0 .param/l "SHIFTREG_DIV_MODE" 0 14 2575, C4<00>;
P_0x55558fa35c30 .param/l "TEST_MODE" 0 14 2586, C4<0>;
o0x7fa1efb74978 .functor BUFZ 1, c4<z>; HiZ drive
v0x55558fc150f0_0 .net "BYPASS", 0 0, o0x7fa1efb74978;  0 drivers
o0x7fa1efb749a8 .functor BUFZ 8, c4<zzzzzzzz>; HiZ drive
v0x55558fc151d0_0 .net "DYNAMICDELAY", 7 0, o0x7fa1efb749a8;  0 drivers
o0x7fa1efb749d8 .functor BUFZ 1, c4<z>; HiZ drive
v0x55558fc152b0_0 .net "EXTFEEDBACK", 0 0, o0x7fa1efb749d8;  0 drivers
o0x7fa1efb74a08 .functor BUFZ 1, c4<z>; HiZ drive
v0x55558fc15350_0 .net "LATCHINPUTVALUE", 0 0, o0x7fa1efb74a08;  0 drivers
o0x7fa1efb74a38 .functor BUFZ 1, c4<z>; HiZ drive
v0x55558fc15410_0 .net "LOCK", 0 0, o0x7fa1efb74a38;  0 drivers
o0x7fa1efb74a68 .functor BUFZ 1, c4<z>; HiZ drive
v0x55558fc154d0_0 .net "PACKAGEPIN", 0 0, o0x7fa1efb74a68;  0 drivers
o0x7fa1efb74a98 .functor BUFZ 1, c4<z>; HiZ drive
v0x55558fc15590_0 .net "PLLOUTCOREA", 0 0, o0x7fa1efb74a98;  0 drivers
o0x7fa1efb74ac8 .functor BUFZ 1, c4<z>; HiZ drive
v0x55558fc15650_0 .net "PLLOUTCOREB", 0 0, o0x7fa1efb74ac8;  0 drivers
o0x7fa1efb74af8 .functor BUFZ 1, c4<z>; HiZ drive
v0x55558fc15710_0 .net "PLLOUTGLOBALA", 0 0, o0x7fa1efb74af8;  0 drivers
o0x7fa1efb74b28 .functor BUFZ 1, c4<z>; HiZ drive
v0x55558fc15860_0 .net "PLLOUTGLOBALB", 0 0, o0x7fa1efb74b28;  0 drivers
o0x7fa1efb74b58 .functor BUFZ 1, c4<z>; HiZ drive
v0x55558fc15920_0 .net "RESETB", 0 0, o0x7fa1efb74b58;  0 drivers
o0x7fa1efb74b88 .functor BUFZ 1, c4<z>; HiZ drive
v0x55558fc159e0_0 .net "SCLK", 0 0, o0x7fa1efb74b88;  0 drivers
o0x7fa1efb74bb8 .functor BUFZ 1, c4<z>; HiZ drive
v0x55558fc15aa0_0 .net "SDI", 0 0, o0x7fa1efb74bb8;  0 drivers
o0x7fa1efb74be8 .functor BUFZ 1, c4<z>; HiZ drive
v0x55558fc15b60_0 .net "SDO", 0 0, o0x7fa1efb74be8;  0 drivers
S_0x55558fb3b1f0 .scope module, "SB_PLL40_2_PAD" "SB_PLL40_2_PAD" 14 2487;
 .timescale -12 -12;
    .port_info 0 /INPUT 1 "PACKAGEPIN";
    .port_info 1 /OUTPUT 1 "PLLOUTCOREA";
    .port_info 2 /OUTPUT 1 "PLLOUTGLOBALA";
    .port_info 3 /OUTPUT 1 "PLLOUTCOREB";
    .port_info 4 /OUTPUT 1 "PLLOUTGLOBALB";
    .port_info 5 /INPUT 1 "EXTFEEDBACK";
    .port_info 6 /INPUT 8 "DYNAMICDELAY";
    .port_info 7 /OUTPUT 1 "LOCK";
    .port_info 8 /INPUT 1 "BYPASS";
    .port_info 9 /INPUT 1 "RESETB";
    .port_info 10 /INPUT 1 "LATCHINPUTVALUE";
    .port_info 11 /OUTPUT 1 "SDO";
    .port_info 12 /INPUT 1 "SDI";
    .port_info 13 /INPUT 1 "SCLK";
P_0x55558fa4eb50 .param/str "DELAY_ADJUSTMENT_MODE_FEEDBACK" 0 14 2504, "FIXED";
P_0x55558fa4eb90 .param/str "DELAY_ADJUSTMENT_MODE_RELATIVE" 0 14 2505, "FIXED";
P_0x55558fa4ebd0 .param/l "DIVF" 0 14 2511, C4<0000000>;
P_0x55558fa4ec10 .param/l "DIVQ" 0 14 2512, C4<000>;
P_0x55558fa4ec50 .param/l "DIVR" 0 14 2510, C4<0000>;
P_0x55558fa4ec90 .param/l "ENABLE_ICEGATE_PORTA" 0 14 2514, C4<0>;
P_0x55558fa4ecd0 .param/l "ENABLE_ICEGATE_PORTB" 0 14 2515, C4<0>;
P_0x55558fa4ed10 .param/l "EXTERNAL_DIVIDE_FACTOR" 0 14 2517, +C4<00000000000000000000000000000001>;
P_0x55558fa4ed50 .param/l "FDA_FEEDBACK" 0 14 2507, C4<0000>;
P_0x55558fa4ed90 .param/l "FDA_RELATIVE" 0 14 2508, C4<0000>;
P_0x55558fa4edd0 .param/str "FEEDBACK_PATH" 0 14 2503, "SIMPLE";
P_0x55558fa4ee10 .param/l "FILTER_RANGE" 0 14 2513, C4<000>;
P_0x55558fa4ee50 .param/str "PLLOUT_SELECT_PORTB" 0 14 2509, "GENCLK";
P_0x55558fa4ee90 .param/l "SHIFTREG_DIV_MODE" 0 14 2506, C4<0>;
P_0x55558fa4eed0 .param/l "TEST_MODE" 0 14 2516, C4<0>;
o0x7fa1efb74eb8 .functor BUFZ 1, c4<z>; HiZ drive
v0x55558fc15de0_0 .net "BYPASS", 0 0, o0x7fa1efb74eb8;  0 drivers
o0x7fa1efb74ee8 .functor BUFZ 8, c4<zzzzzzzz>; HiZ drive
v0x55558fc15ec0_0 .net "DYNAMICDELAY", 7 0, o0x7fa1efb74ee8;  0 drivers
o0x7fa1efb74f18 .functor BUFZ 1, c4<z>; HiZ drive
v0x55558fc15fa0_0 .net "EXTFEEDBACK", 0 0, o0x7fa1efb74f18;  0 drivers
o0x7fa1efb74f48 .functor BUFZ 1, c4<z>; HiZ drive
v0x55558fc16040_0 .net "LATCHINPUTVALUE", 0 0, o0x7fa1efb74f48;  0 drivers
o0x7fa1efb74f78 .functor BUFZ 1, c4<z>; HiZ drive
v0x55558fc16100_0 .net "LOCK", 0 0, o0x7fa1efb74f78;  0 drivers
o0x7fa1efb74fa8 .functor BUFZ 1, c4<z>; HiZ drive
v0x55558fc161c0_0 .net "PACKAGEPIN", 0 0, o0x7fa1efb74fa8;  0 drivers
o0x7fa1efb74fd8 .functor BUFZ 1, c4<z>; HiZ drive
v0x55558fc16280_0 .net "PLLOUTCOREA", 0 0, o0x7fa1efb74fd8;  0 drivers
o0x7fa1efb75008 .functor BUFZ 1, c4<z>; HiZ drive
v0x55558fc16340_0 .net "PLLOUTCOREB", 0 0, o0x7fa1efb75008;  0 drivers
o0x7fa1efb75038 .functor BUFZ 1, c4<z>; HiZ drive
v0x55558fc16400_0 .net "PLLOUTGLOBALA", 0 0, o0x7fa1efb75038;  0 drivers
o0x7fa1efb75068 .functor BUFZ 1, c4<z>; HiZ drive
v0x55558fc16550_0 .net "PLLOUTGLOBALB", 0 0, o0x7fa1efb75068;  0 drivers
o0x7fa1efb75098 .functor BUFZ 1, c4<z>; HiZ drive
v0x55558fc16610_0 .net "RESETB", 0 0, o0x7fa1efb75098;  0 drivers
o0x7fa1efb750c8 .functor BUFZ 1, c4<z>; HiZ drive
v0x55558fc166d0_0 .net "SCLK", 0 0, o0x7fa1efb750c8;  0 drivers
o0x7fa1efb750f8 .functor BUFZ 1, c4<z>; HiZ drive
v0x55558fc16790_0 .net "SDI", 0 0, o0x7fa1efb750f8;  0 drivers
o0x7fa1efb75128 .functor BUFZ 1, c4<z>; HiZ drive
v0x55558fc16850_0 .net "SDO", 0 0, o0x7fa1efb75128;  0 drivers
S_0x55558fb3a2a0 .scope module, "SB_PLL40_CORE" "SB_PLL40_CORE" 14 2425;
 .timescale -12 -12;
    .port_info 0 /INPUT 1 "REFERENCECLK";
    .port_info 1 /OUTPUT 1 "PLLOUTCORE";
    .port_info 2 /OUTPUT 1 "PLLOUTGLOBAL";
    .port_info 3 /INPUT 1 "EXTFEEDBACK";
    .port_info 4 /INPUT 8 "DYNAMICDELAY";
    .port_info 5 /OUTPUT 1 "LOCK";
    .port_info 6 /INPUT 1 "BYPASS";
    .port_info 7 /INPUT 1 "RESETB";
    .port_info 8 /INPUT 1 "LATCHINPUTVALUE";
    .port_info 9 /OUTPUT 1 "SDO";
    .port_info 10 /INPUT 1 "SDI";
    .port_info 11 /INPUT 1 "SCLK";
P_0x55558fa512c0 .param/str "DELAY_ADJUSTMENT_MODE_FEEDBACK" 0 14 2440, "FIXED";
P_0x55558fa51300 .param/str "DELAY_ADJUSTMENT_MODE_RELATIVE" 0 14 2441, "FIXED";
P_0x55558fa51340 .param/l "DIVF" 0 14 2447, C4<0000000>;
P_0x55558fa51380 .param/l "DIVQ" 0 14 2448, C4<000>;
P_0x55558fa513c0 .param/l "DIVR" 0 14 2446, C4<0000>;
P_0x55558fa51400 .param/l "ENABLE_ICEGATE" 0 14 2450, C4<0>;
P_0x55558fa51440 .param/l "EXTERNAL_DIVIDE_FACTOR" 0 14 2452, +C4<00000000000000000000000000000001>;
P_0x55558fa51480 .param/l "FDA_FEEDBACK" 0 14 2443, C4<0000>;
P_0x55558fa514c0 .param/l "FDA_RELATIVE" 0 14 2444, C4<0000>;
P_0x55558fa51500 .param/str "FEEDBACK_PATH" 0 14 2439, "SIMPLE";
P_0x55558fa51540 .param/l "FILTER_RANGE" 0 14 2449, C4<000>;
P_0x55558fa51580 .param/str "PLLOUT_SELECT" 0 14 2445, "GENCLK";
P_0x55558fa515c0 .param/l "SHIFTREG_DIV_MODE" 0 14 2442, C4<0>;
P_0x55558fa51600 .param/l "TEST_MODE" 0 14 2451, C4<0>;
o0x7fa1efb753f8 .functor BUFZ 1, c4<z>; HiZ drive
v0x55558fc16ad0_0 .net "BYPASS", 0 0, o0x7fa1efb753f8;  0 drivers
o0x7fa1efb75428 .functor BUFZ 8, c4<zzzzzzzz>; HiZ drive
v0x55558fc16bb0_0 .net "DYNAMICDELAY", 7 0, o0x7fa1efb75428;  0 drivers
o0x7fa1efb75458 .functor BUFZ 1, c4<z>; HiZ drive
v0x55558fc16c90_0 .net "EXTFEEDBACK", 0 0, o0x7fa1efb75458;  0 drivers
o0x7fa1efb75488 .functor BUFZ 1, c4<z>; HiZ drive
v0x55558fc16d30_0 .net "LATCHINPUTVALUE", 0 0, o0x7fa1efb75488;  0 drivers
o0x7fa1efb754b8 .functor BUFZ 1, c4<z>; HiZ drive
v0x55558fc16df0_0 .net "LOCK", 0 0, o0x7fa1efb754b8;  0 drivers
o0x7fa1efb754e8 .functor BUFZ 1, c4<z>; HiZ drive
v0x55558fc16eb0_0 .net "PLLOUTCORE", 0 0, o0x7fa1efb754e8;  0 drivers
o0x7fa1efb75518 .functor BUFZ 1, c4<z>; HiZ drive
v0x55558fc16f70_0 .net "PLLOUTGLOBAL", 0 0, o0x7fa1efb75518;  0 drivers
o0x7fa1efb75548 .functor BUFZ 1, c4<z>; HiZ drive
v0x55558fc17030_0 .net "REFERENCECLK", 0 0, o0x7fa1efb75548;  0 drivers
o0x7fa1efb75578 .functor BUFZ 1, c4<z>; HiZ drive
v0x55558fc170f0_0 .net "RESETB", 0 0, o0x7fa1efb75578;  0 drivers
o0x7fa1efb755a8 .functor BUFZ 1, c4<z>; HiZ drive
v0x55558fc17240_0 .net "SCLK", 0 0, o0x7fa1efb755a8;  0 drivers
o0x7fa1efb755d8 .functor BUFZ 1, c4<z>; HiZ drive
v0x55558fc17300_0 .net "SDI", 0 0, o0x7fa1efb755d8;  0 drivers
o0x7fa1efb75608 .functor BUFZ 1, c4<z>; HiZ drive
v0x55558fc173c0_0 .net "SDO", 0 0, o0x7fa1efb75608;  0 drivers
S_0x55558fb380f0 .scope module, "SB_PLL40_PAD" "SB_PLL40_PAD" 14 2456;
 .timescale -12 -12;
    .port_info 0 /INPUT 1 "PACKAGEPIN";
    .port_info 1 /OUTPUT 1 "PLLOUTCORE";
    .port_info 2 /OUTPUT 1 "PLLOUTGLOBAL";
    .port_info 3 /INPUT 1 "EXTFEEDBACK";
    .port_info 4 /INPUT 8 "DYNAMICDELAY";
    .port_info 5 /OUTPUT 1 "LOCK";
    .port_info 6 /INPUT 1 "BYPASS";
    .port_info 7 /INPUT 1 "RESETB";
    .port_info 8 /INPUT 1 "LATCHINPUTVALUE";
    .port_info 9 /OUTPUT 1 "SDO";
    .port_info 10 /INPUT 1 "SDI";
    .port_info 11 /INPUT 1 "SCLK";
P_0x55558fa565c0 .param/str "DELAY_ADJUSTMENT_MODE_FEEDBACK" 0 14 2471, "FIXED";
P_0x55558fa56600 .param/str "DELAY_ADJUSTMENT_MODE_RELATIVE" 0 14 2472, "FIXED";
P_0x55558fa56640 .param/l "DIVF" 0 14 2478, C4<0000000>;
P_0x55558fa56680 .param/l "DIVQ" 0 14 2479, C4<000>;
P_0x55558fa566c0 .param/l "DIVR" 0 14 2477, C4<0000>;
P_0x55558fa56700 .param/l "ENABLE_ICEGATE" 0 14 2481, C4<0>;
P_0x55558fa56740 .param/l "EXTERNAL_DIVIDE_FACTOR" 0 14 2483, +C4<00000000000000000000000000000001>;
P_0x55558fa56780 .param/l "FDA_FEEDBACK" 0 14 2474, C4<0000>;
P_0x55558fa567c0 .param/l "FDA_RELATIVE" 0 14 2475, C4<0000>;
P_0x55558fa56800 .param/str "FEEDBACK_PATH" 0 14 2470, "SIMPLE";
P_0x55558fa56840 .param/l "FILTER_RANGE" 0 14 2480, C4<000>;
P_0x55558fa56880 .param/str "PLLOUT_SELECT" 0 14 2476, "GENCLK";
P_0x55558fa568c0 .param/l "SHIFTREG_DIV_MODE" 0 14 2473, C4<0>;
P_0x55558fa56900 .param/l "TEST_MODE" 0 14 2482, C4<0>;
o0x7fa1efb75878 .functor BUFZ 1, c4<z>; HiZ drive
v0x55558fc17670_0 .net "BYPASS", 0 0, o0x7fa1efb75878;  0 drivers
o0x7fa1efb758a8 .functor BUFZ 8, c4<zzzzzzzz>; HiZ drive
v0x55558fc17750_0 .net "DYNAMICDELAY", 7 0, o0x7fa1efb758a8;  0 drivers
o0x7fa1efb758d8 .functor BUFZ 1, c4<z>; HiZ drive
v0x55558fc17830_0 .net "EXTFEEDBACK", 0 0, o0x7fa1efb758d8;  0 drivers
o0x7fa1efb75908 .functor BUFZ 1, c4<z>; HiZ drive
v0x55558fc178d0_0 .net "LATCHINPUTVALUE", 0 0, o0x7fa1efb75908;  0 drivers
o0x7fa1efb75938 .functor BUFZ 1, c4<z>; HiZ drive
v0x55558fc17990_0 .net "LOCK", 0 0, o0x7fa1efb75938;  0 drivers
o0x7fa1efb75968 .functor BUFZ 1, c4<z>; HiZ drive
v0x55558fc17a50_0 .net "PACKAGEPIN", 0 0, o0x7fa1efb75968;  0 drivers
o0x7fa1efb75998 .functor BUFZ 1, c4<z>; HiZ drive
v0x55558fc17b10_0 .net "PLLOUTCORE", 0 0, o0x7fa1efb75998;  0 drivers
o0x7fa1efb759c8 .functor BUFZ 1, c4<z>; HiZ drive
v0x55558fc17bd0_0 .net "PLLOUTGLOBAL", 0 0, o0x7fa1efb759c8;  0 drivers
o0x7fa1efb759f8 .functor BUFZ 1, c4<z>; HiZ drive
v0x55558fc17c90_0 .net "RESETB", 0 0, o0x7fa1efb759f8;  0 drivers
o0x7fa1efb75a28 .functor BUFZ 1, c4<z>; HiZ drive
v0x55558fc17de0_0 .net "SCLK", 0 0, o0x7fa1efb75a28;  0 drivers
o0x7fa1efb75a58 .functor BUFZ 1, c4<z>; HiZ drive
v0x55558fc17ea0_0 .net "SDI", 0 0, o0x7fa1efb75a58;  0 drivers
o0x7fa1efb75a88 .functor BUFZ 1, c4<z>; HiZ drive
v0x55558fc17f60_0 .net "SDO", 0 0, o0x7fa1efb75a88;  0 drivers
S_0x55558fb315f0 .scope module, "SB_RAM40_4KNR" "SB_RAM40_4KNR" 14 1726;
 .timescale -12 -12;
    .port_info 0 /OUTPUT 16 "RDATA";
    .port_info 1 /INPUT 1 "RCLKN";
    .port_info 2 /INPUT 1 "RCLKE";
    .port_info 3 /INPUT 1 "RE";
    .port_info 4 /INPUT 11 "RADDR";
    .port_info 5 /INPUT 1 "WCLK";
    .port_info 6 /INPUT 1 "WCLKE";
    .port_info 7 /INPUT 1 "WE";
    .port_info 8 /INPUT 11 "WADDR";
    .port_info 9 /INPUT 16 "MASK";
    .port_info 10 /INPUT 16 "WDATA";
P_0x55558fa33460 .param/l "INIT_0" 0 14 1742, C4<0000000000000000000000000000000000000000000000000000000000000000000000000000000000000000000000000000000000000000000000000000000000000000000000000000000000000000000000000000000000000000000000000000000000000000000000000000000000000000000000000000000000000000>;
P_0x55558fa334a0 .param/l "INIT_1" 0 14 1743, C4<0000000000000000000000000000000000000000000000000000000000000000000000000000000000000000000000000000000000000000000000000000000000000000000000000000000000000000000000000000000000000000000000000000000000000000000000000000000000000000000000000000000000000000>;
P_0x55558fa334e0 .param/l "INIT_2" 0 14 1744, C4<0000000000000000000000000000000000000000000000000000000000000000000000000000000000000000000000000000000000000000000000000000000000000000000000000000000000000000000000000000000000000000000000000000000000000000000000000000000000000000000000000000000000000000>;
P_0x55558fa33520 .param/l "INIT_3" 0 14 1745, C4<0000000000000000000000000000000000000000000000000000000000000000000000000000000000000000000000000000000000000000000000000000000000000000000000000000000000000000000000000000000000000000000000000000000000000000000000000000000000000000000000000000000000000000>;
P_0x55558fa33560 .param/l "INIT_4" 0 14 1746, C4<0000000000000000000000000000000000000000000000000000000000000000000000000000000000000000000000000000000000000000000000000000000000000000000000000000000000000000000000000000000000000000000000000000000000000000000000000000000000000000000000000000000000000000>;
P_0x55558fa335a0 .param/l "INIT_5" 0 14 1747, C4<0000000000000000000000000000000000000000000000000000000000000000000000000000000000000000000000000000000000000000000000000000000000000000000000000000000000000000000000000000000000000000000000000000000000000000000000000000000000000000000000000000000000000000>;
P_0x55558fa335e0 .param/l "INIT_6" 0 14 1748, C4<0000000000000000000000000000000000000000000000000000000000000000000000000000000000000000000000000000000000000000000000000000000000000000000000000000000000000000000000000000000000000000000000000000000000000000000000000000000000000000000000000000000000000000>;
P_0x55558fa33620 .param/l "INIT_7" 0 14 1749, C4<0000000000000000000000000000000000000000000000000000000000000000000000000000000000000000000000000000000000000000000000000000000000000000000000000000000000000000000000000000000000000000000000000000000000000000000000000000000000000000000000000000000000000000>;
P_0x55558fa33660 .param/l "INIT_8" 0 14 1750, C4<0000000000000000000000000000000000000000000000000000000000000000000000000000000000000000000000000000000000000000000000000000000000000000000000000000000000000000000000000000000000000000000000000000000000000000000000000000000000000000000000000000000000000000>;
P_0x55558fa336a0 .param/l "INIT_9" 0 14 1751, C4<0000000000000000000000000000000000000000000000000000000000000000000000000000000000000000000000000000000000000000000000000000000000000000000000000000000000000000000000000000000000000000000000000000000000000000000000000000000000000000000000000000000000000000>;
P_0x55558fa336e0 .param/l "INIT_A" 0 14 1752, C4<0000000000000000000000000000000000000000000000000000000000000000000000000000000000000000000000000000000000000000000000000000000000000000000000000000000000000000000000000000000000000000000000000000000000000000000000000000000000000000000000000000000000000000>;
P_0x55558fa33720 .param/l "INIT_B" 0 14 1753, C4<0000000000000000000000000000000000000000000000000000000000000000000000000000000000000000000000000000000000000000000000000000000000000000000000000000000000000000000000000000000000000000000000000000000000000000000000000000000000000000000000000000000000000000>;
P_0x55558fa33760 .param/l "INIT_C" 0 14 1754, C4<0000000000000000000000000000000000000000000000000000000000000000000000000000000000000000000000000000000000000000000000000000000000000000000000000000000000000000000000000000000000000000000000000000000000000000000000000000000000000000000000000000000000000000>;
P_0x55558fa337a0 .param/l "INIT_D" 0 14 1755, C4<0000000000000000000000000000000000000000000000000000000000000000000000000000000000000000000000000000000000000000000000000000000000000000000000000000000000000000000000000000000000000000000000000000000000000000000000000000000000000000000000000000000000000000>;
P_0x55558fa337e0 .param/l "INIT_E" 0 14 1756, C4<0000000000000000000000000000000000000000000000000000000000000000000000000000000000000000000000000000000000000000000000000000000000000000000000000000000000000000000000000000000000000000000000000000000000000000000000000000000000000000000000000000000000000000>;
P_0x55558fa33820 .param/l "INIT_F" 0 14 1757, C4<0000000000000000000000000000000000000000000000000000000000000000000000000000000000000000000000000000000000000000000000000000000000000000000000000000000000000000000000000000000000000000000000000000000000000000000000000000000000000000000000000000000000000000>;
P_0x55558fa33860 .param/str "INIT_FILE" 0 14 1759, "\000";
P_0x55558fa338a0 .param/l "READ_MODE" 0 14 1740, +C4<00000000000000000000000000000000>;
P_0x55558fa338e0 .param/l "WRITE_MODE" 0 14 1739, +C4<00000000000000000000000000000000>;
o0x7fa1efb76208 .functor BUFZ 1, c4<z>; HiZ drive
L_0x55558fc584a0 .functor NOT 1, o0x7fa1efb76208, C4<0>, C4<0>, C4<0>;
o0x7fa1efb75cf8 .functor BUFZ 16, c4<zzzzzzzzzzzzzzzz>; HiZ drive
v0x55558fc1b930_0 .net "MASK", 15 0, o0x7fa1efb75cf8;  0 drivers
o0x7fa1efb75d28 .functor BUFZ 11, c4<zzzzzzzzzzz>; HiZ drive
v0x55558fc1ba10_0 .net "RADDR", 10 0, o0x7fa1efb75d28;  0 drivers
o0x7fa1efb75d88 .functor BUFZ 1, c4<z>; HiZ drive
v0x55558fc1bae0_0 .net "RCLKE", 0 0, o0x7fa1efb75d88;  0 drivers
v0x55558fc1bbe0_0 .net "RCLKN", 0 0, o0x7fa1efb76208;  0 drivers
v0x55558fc1bc80_0 .net "RDATA", 15 0, L_0x55558fc583e0;  1 drivers
o0x7fa1efb75e18 .functor BUFZ 1, c4<z>; HiZ drive
v0x55558fc1bd20_0 .net "RE", 0 0, o0x7fa1efb75e18;  0 drivers
o0x7fa1efb75e78 .functor BUFZ 11, c4<zzzzzzzzzzz>; HiZ drive
v0x55558fc1bdf0_0 .net "WADDR", 10 0, o0x7fa1efb75e78;  0 drivers
o0x7fa1efb75ea8 .functor BUFZ 1, c4<z>; HiZ drive
v0x55558fc1bec0_0 .net "WCLK", 0 0, o0x7fa1efb75ea8;  0 drivers
o0x7fa1efb75ed8 .functor BUFZ 1, c4<z>; HiZ drive
v0x55558fc1bf90_0 .net "WCLKE", 0 0, o0x7fa1efb75ed8;  0 drivers
o0x7fa1efb75f08 .functor BUFZ 16, c4<zzzzzzzzzzzzzzzz>; HiZ drive
v0x55558fc1c060_0 .net "WDATA", 15 0, o0x7fa1efb75f08;  0 drivers
o0x7fa1efb75f68 .functor BUFZ 1, c4<z>; HiZ drive
v0x55558fc1c130_0 .net "WE", 0 0, o0x7fa1efb75f68;  0 drivers
S_0x55558fc18210 .scope module, "RAM" "SB_RAM40_4K" 14 1781, 14 1487 0, S_0x55558fb315f0;
 .timescale -12 -12;
    .port_info 0 /OUTPUT 16 "RDATA";
    .port_info 1 /INPUT 1 "RCLK";
    .port_info 2 /INPUT 1 "RCLKE";
    .port_info 3 /INPUT 1 "RE";
    .port_info 4 /INPUT 11 "RADDR";
    .port_info 5 /INPUT 1 "WCLK";
    .port_info 6 /INPUT 1 "WCLKE";
    .port_info 7 /INPUT 1 "WE";
    .port_info 8 /INPUT 11 "WADDR";
    .port_info 9 /INPUT 16 "MASK";
    .port_info 10 /INPUT 16 "WDATA";
P_0x55558fc183c0 .param/l "INIT_0" 0 14 1507, C4<0000000000000000000000000000000000000000000000000000000000000000000000000000000000000000000000000000000000000000000000000000000000000000000000000000000000000000000000000000000000000000000000000000000000000000000000000000000000000000000000000000000000000000>;
P_0x55558fc18400 .param/l "INIT_1" 0 14 1508, C4<0000000000000000000000000000000000000000000000000000000000000000000000000000000000000000000000000000000000000000000000000000000000000000000000000000000000000000000000000000000000000000000000000000000000000000000000000000000000000000000000000000000000000000>;
P_0x55558fc18440 .param/l "INIT_2" 0 14 1509, C4<0000000000000000000000000000000000000000000000000000000000000000000000000000000000000000000000000000000000000000000000000000000000000000000000000000000000000000000000000000000000000000000000000000000000000000000000000000000000000000000000000000000000000000>;
P_0x55558fc18480 .param/l "INIT_3" 0 14 1510, C4<0000000000000000000000000000000000000000000000000000000000000000000000000000000000000000000000000000000000000000000000000000000000000000000000000000000000000000000000000000000000000000000000000000000000000000000000000000000000000000000000000000000000000000>;
P_0x55558fc184c0 .param/l "INIT_4" 0 14 1511, C4<0000000000000000000000000000000000000000000000000000000000000000000000000000000000000000000000000000000000000000000000000000000000000000000000000000000000000000000000000000000000000000000000000000000000000000000000000000000000000000000000000000000000000000>;
P_0x55558fc18500 .param/l "INIT_5" 0 14 1512, C4<0000000000000000000000000000000000000000000000000000000000000000000000000000000000000000000000000000000000000000000000000000000000000000000000000000000000000000000000000000000000000000000000000000000000000000000000000000000000000000000000000000000000000000>;
P_0x55558fc18540 .param/l "INIT_6" 0 14 1513, C4<0000000000000000000000000000000000000000000000000000000000000000000000000000000000000000000000000000000000000000000000000000000000000000000000000000000000000000000000000000000000000000000000000000000000000000000000000000000000000000000000000000000000000000>;
P_0x55558fc18580 .param/l "INIT_7" 0 14 1514, C4<0000000000000000000000000000000000000000000000000000000000000000000000000000000000000000000000000000000000000000000000000000000000000000000000000000000000000000000000000000000000000000000000000000000000000000000000000000000000000000000000000000000000000000>;
P_0x55558fc185c0 .param/l "INIT_8" 0 14 1515, C4<0000000000000000000000000000000000000000000000000000000000000000000000000000000000000000000000000000000000000000000000000000000000000000000000000000000000000000000000000000000000000000000000000000000000000000000000000000000000000000000000000000000000000000>;
P_0x55558fc18600 .param/l "INIT_9" 0 14 1516, C4<0000000000000000000000000000000000000000000000000000000000000000000000000000000000000000000000000000000000000000000000000000000000000000000000000000000000000000000000000000000000000000000000000000000000000000000000000000000000000000000000000000000000000000>;
P_0x55558fc18640 .param/l "INIT_A" 0 14 1517, C4<0000000000000000000000000000000000000000000000000000000000000000000000000000000000000000000000000000000000000000000000000000000000000000000000000000000000000000000000000000000000000000000000000000000000000000000000000000000000000000000000000000000000000000>;
P_0x55558fc18680 .param/l "INIT_B" 0 14 1518, C4<0000000000000000000000000000000000000000000000000000000000000000000000000000000000000000000000000000000000000000000000000000000000000000000000000000000000000000000000000000000000000000000000000000000000000000000000000000000000000000000000000000000000000000>;
P_0x55558fc186c0 .param/l "INIT_C" 0 14 1519, C4<0000000000000000000000000000000000000000000000000000000000000000000000000000000000000000000000000000000000000000000000000000000000000000000000000000000000000000000000000000000000000000000000000000000000000000000000000000000000000000000000000000000000000000>;
P_0x55558fc18700 .param/l "INIT_D" 0 14 1520, C4<0000000000000000000000000000000000000000000000000000000000000000000000000000000000000000000000000000000000000000000000000000000000000000000000000000000000000000000000000000000000000000000000000000000000000000000000000000000000000000000000000000000000000000>;
P_0x55558fc18740 .param/l "INIT_E" 0 14 1521, C4<0000000000000000000000000000000000000000000000000000000000000000000000000000000000000000000000000000000000000000000000000000000000000000000000000000000000000000000000000000000000000000000000000000000000000000000000000000000000000000000000000000000000000000>;
P_0x55558fc18780 .param/l "INIT_F" 0 14 1522, C4<0000000000000000000000000000000000000000000000000000000000000000000000000000000000000000000000000000000000000000000000000000000000000000000000000000000000000000000000000000000000000000000000000000000000000000000000000000000000000000000000000000000000000000>;
P_0x55558fc187c0 .param/str "INIT_FILE" 0 14 1524, "\000";
P_0x55558fc18800 .param/l "READ_MODE" 0 14 1505, +C4<00000000000000000000000000000000>;
P_0x55558fc18840 .param/l "WRITE_MODE" 0 14 1504, +C4<00000000000000000000000000000000>;
v0x55558fc1a820_0 .net "MASK", 15 0, o0x7fa1efb75cf8;  alias, 0 drivers
v0x55558fc1a8e0_0 .net "RADDR", 10 0, o0x7fa1efb75d28;  alias, 0 drivers
v0x55558fc1a9c0_0 .net "RCLK", 0 0, L_0x55558fc584a0;  1 drivers
v0x55558fc1aa90_0 .net "RCLKE", 0 0, o0x7fa1efb75d88;  alias, 0 drivers
v0x55558fc1ab50_0 .net "RDATA", 15 0, L_0x55558fc583e0;  alias, 1 drivers
v0x55558fc1ac80_0 .var "RDATA_I", 15 0;
v0x55558fc1ad60_0 .net "RE", 0 0, o0x7fa1efb75e18;  alias, 0 drivers
L_0x7fa1ef7b80f8 .functor BUFT 1, C4<0000000000000000>, C4<0>, C4<0>, C4<0>;
v0x55558fc1ae20_0 .net "RMASK_I", 15 0, L_0x7fa1ef7b80f8;  1 drivers
v0x55558fc1af00_0 .net "WADDR", 10 0, o0x7fa1efb75e78;  alias, 0 drivers
v0x55558fc1afe0_0 .net "WCLK", 0 0, o0x7fa1efb75ea8;  alias, 0 drivers
v0x55558fc1b0a0_0 .net "WCLKE", 0 0, o0x7fa1efb75ed8;  alias, 0 drivers
v0x55558fc1b160_0 .net "WDATA", 15 0, o0x7fa1efb75f08;  alias, 0 drivers
v0x55558fc1b240_0 .net "WDATA_I", 15 0, L_0x55558fc58320;  1 drivers
v0x55558fc1b320_0 .net "WE", 0 0, o0x7fa1efb75f68;  alias, 0 drivers
v0x55558fc1b3e0_0 .net "WMASK_I", 15 0, L_0x55558fc58260;  1 drivers
v0x55558fc1b4c0_0 .var/i "i", 31 0;
v0x55558fc1b5a0 .array "memory", 255 0, 15 0;
E_0x55558fc19f50 .event posedge, v0x55558fc1a9c0_0;
E_0x55558fc19fd0 .event posedge, v0x55558fc1afe0_0;
S_0x55558fc1a030 .scope generate, "genblk1" "genblk1" 14 1534, 14 1534 0, S_0x55558fc18210;
 .timescale -12 -12;
L_0x55558fc58260 .functor BUFZ 16, o0x7fa1efb75cf8, C4<0000000000000000>, C4<0000000000000000>, C4<0000000000000000>;
S_0x55558fc1a230 .scope generate, "genblk2" "genblk2" 14 1555, 14 1555 0, S_0x55558fc18210;
 .timescale -12 -12;
S_0x55558fc1a430 .scope generate, "genblk3" "genblk3" 14 1576, 14 1576 0, S_0x55558fc18210;
 .timescale -12 -12;
L_0x55558fc58320 .functor BUFZ 16, o0x7fa1efb75f08, C4<0000000000000000>, C4<0000000000000000>, C4<0000000000000000>;
S_0x55558fc1a640 .scope generate, "genblk4" "genblk4" 14 1595, 14 1595 0, S_0x55558fc18210;
 .timescale -12 -12;
L_0x55558fc583e0 .functor BUFZ 16, v0x55558fc1ac80_0, C4<0000000000000000>, C4<0000000000000000>, C4<0000000000000000>;
S_0x55558fb32a10 .scope module, "SB_RAM40_4KNRNW" "SB_RAM40_4KNRNW" 14 1998;
 .timescale -12 -12;
    .port_info 0 /OUTPUT 16 "RDATA";
    .port_info 1 /INPUT 1 "RCLKN";
    .port_info 2 /INPUT 1 "RCLKE";
    .port_info 3 /INPUT 1 "RE";
    .port_info 4 /INPUT 11 "RADDR";
    .port_info 5 /INPUT 1 "WCLKN";
    .port_info 6 /INPUT 1 "WCLKE";
    .port_info 7 /INPUT 1 "WE";
    .port_info 8 /INPUT 11 "WADDR";
    .port_info 9 /INPUT 16 "MASK";
    .port_info 10 /INPUT 16 "WDATA";
P_0x55558f9b4f50 .param/l "INIT_0" 0 14 2014, C4<0000000000000000000000000000000000000000000000000000000000000000000000000000000000000000000000000000000000000000000000000000000000000000000000000000000000000000000000000000000000000000000000000000000000000000000000000000000000000000000000000000000000000000>;
P_0x55558f9b4f90 .param/l "INIT_1" 0 14 2015, C4<0000000000000000000000000000000000000000000000000000000000000000000000000000000000000000000000000000000000000000000000000000000000000000000000000000000000000000000000000000000000000000000000000000000000000000000000000000000000000000000000000000000000000000>;
P_0x55558f9b4fd0 .param/l "INIT_2" 0 14 2016, C4<0000000000000000000000000000000000000000000000000000000000000000000000000000000000000000000000000000000000000000000000000000000000000000000000000000000000000000000000000000000000000000000000000000000000000000000000000000000000000000000000000000000000000000>;
P_0x55558f9b5010 .param/l "INIT_3" 0 14 2017, C4<0000000000000000000000000000000000000000000000000000000000000000000000000000000000000000000000000000000000000000000000000000000000000000000000000000000000000000000000000000000000000000000000000000000000000000000000000000000000000000000000000000000000000000>;
P_0x55558f9b5050 .param/l "INIT_4" 0 14 2018, C4<0000000000000000000000000000000000000000000000000000000000000000000000000000000000000000000000000000000000000000000000000000000000000000000000000000000000000000000000000000000000000000000000000000000000000000000000000000000000000000000000000000000000000000>;
P_0x55558f9b5090 .param/l "INIT_5" 0 14 2019, C4<0000000000000000000000000000000000000000000000000000000000000000000000000000000000000000000000000000000000000000000000000000000000000000000000000000000000000000000000000000000000000000000000000000000000000000000000000000000000000000000000000000000000000000>;
P_0x55558f9b50d0 .param/l "INIT_6" 0 14 2020, C4<0000000000000000000000000000000000000000000000000000000000000000000000000000000000000000000000000000000000000000000000000000000000000000000000000000000000000000000000000000000000000000000000000000000000000000000000000000000000000000000000000000000000000000>;
P_0x55558f9b5110 .param/l "INIT_7" 0 14 2021, C4<0000000000000000000000000000000000000000000000000000000000000000000000000000000000000000000000000000000000000000000000000000000000000000000000000000000000000000000000000000000000000000000000000000000000000000000000000000000000000000000000000000000000000000>;
P_0x55558f9b5150 .param/l "INIT_8" 0 14 2022, C4<0000000000000000000000000000000000000000000000000000000000000000000000000000000000000000000000000000000000000000000000000000000000000000000000000000000000000000000000000000000000000000000000000000000000000000000000000000000000000000000000000000000000000000>;
P_0x55558f9b5190 .param/l "INIT_9" 0 14 2023, C4<0000000000000000000000000000000000000000000000000000000000000000000000000000000000000000000000000000000000000000000000000000000000000000000000000000000000000000000000000000000000000000000000000000000000000000000000000000000000000000000000000000000000000000>;
P_0x55558f9b51d0 .param/l "INIT_A" 0 14 2024, C4<0000000000000000000000000000000000000000000000000000000000000000000000000000000000000000000000000000000000000000000000000000000000000000000000000000000000000000000000000000000000000000000000000000000000000000000000000000000000000000000000000000000000000000>;
P_0x55558f9b5210 .param/l "INIT_B" 0 14 2025, C4<0000000000000000000000000000000000000000000000000000000000000000000000000000000000000000000000000000000000000000000000000000000000000000000000000000000000000000000000000000000000000000000000000000000000000000000000000000000000000000000000000000000000000000>;
P_0x55558f9b5250 .param/l "INIT_C" 0 14 2026, C4<0000000000000000000000000000000000000000000000000000000000000000000000000000000000000000000000000000000000000000000000000000000000000000000000000000000000000000000000000000000000000000000000000000000000000000000000000000000000000000000000000000000000000000>;
P_0x55558f9b5290 .param/l "INIT_D" 0 14 2027, C4<0000000000000000000000000000000000000000000000000000000000000000000000000000000000000000000000000000000000000000000000000000000000000000000000000000000000000000000000000000000000000000000000000000000000000000000000000000000000000000000000000000000000000000>;
P_0x55558f9b52d0 .param/l "INIT_E" 0 14 2028, C4<0000000000000000000000000000000000000000000000000000000000000000000000000000000000000000000000000000000000000000000000000000000000000000000000000000000000000000000000000000000000000000000000000000000000000000000000000000000000000000000000000000000000000000>;
P_0x55558f9b5310 .param/l "INIT_F" 0 14 2029, C4<0000000000000000000000000000000000000000000000000000000000000000000000000000000000000000000000000000000000000000000000000000000000000000000000000000000000000000000000000000000000000000000000000000000000000000000000000000000000000000000000000000000000000000>;
P_0x55558f9b5350 .param/str "INIT_FILE" 0 14 2031, "\000";
P_0x55558f9b5390 .param/l "READ_MODE" 0 14 2012, +C4<00000000000000000000000000000000>;
P_0x55558f9b53d0 .param/l "WRITE_MODE" 0 14 2011, +C4<00000000000000000000000000000000>;
o0x7fa1efb76958 .functor BUFZ 1, c4<z>; HiZ drive
L_0x55558fc58780 .functor NOT 1, o0x7fa1efb76958, C4<0>, C4<0>, C4<0>;
o0x7fa1efb76988 .functor BUFZ 1, c4<z>; HiZ drive
L_0x55558fc58820 .functor NOT 1, o0x7fa1efb76988, C4<0>, C4<0>, C4<0>;
o0x7fa1efb76448 .functor BUFZ 16, c4<zzzzzzzzzzzzzzzz>; HiZ drive
v0x55558fc1fc70_0 .net "MASK", 15 0, o0x7fa1efb76448;  0 drivers
o0x7fa1efb76478 .functor BUFZ 11, c4<zzzzzzzzzzz>; HiZ drive
v0x55558fc1fd50_0 .net "RADDR", 10 0, o0x7fa1efb76478;  0 drivers
o0x7fa1efb764d8 .functor BUFZ 1, c4<z>; HiZ drive
v0x55558fc1fe20_0 .net "RCLKE", 0 0, o0x7fa1efb764d8;  0 drivers
v0x55558fc1ff20_0 .net "RCLKN", 0 0, o0x7fa1efb76958;  0 drivers
v0x55558fc1ffc0_0 .net "RDATA", 15 0, L_0x55558fc586c0;  1 drivers
o0x7fa1efb76568 .functor BUFZ 1, c4<z>; HiZ drive
v0x55558fc20060_0 .net "RE", 0 0, o0x7fa1efb76568;  0 drivers
o0x7fa1efb765c8 .functor BUFZ 11, c4<zzzzzzzzzzz>; HiZ drive
v0x55558fc20130_0 .net "WADDR", 10 0, o0x7fa1efb765c8;  0 drivers
o0x7fa1efb76628 .functor BUFZ 1, c4<z>; HiZ drive
v0x55558fc20200_0 .net "WCLKE", 0 0, o0x7fa1efb76628;  0 drivers
v0x55558fc202d0_0 .net "WCLKN", 0 0, o0x7fa1efb76988;  0 drivers
o0x7fa1efb76658 .functor BUFZ 16, c4<zzzzzzzzzzzzzzzz>; HiZ drive
v0x55558fc20370_0 .net "WDATA", 15 0, o0x7fa1efb76658;  0 drivers
o0x7fa1efb766b8 .functor BUFZ 1, c4<z>; HiZ drive
v0x55558fc20440_0 .net "WE", 0 0, o0x7fa1efb766b8;  0 drivers
S_0x55558fc1c2a0 .scope module, "RAM" "SB_RAM40_4K" 14 2053, 14 1487 0, S_0x55558fb32a10;
 .timescale -12 -12;
    .port_info 0 /OUTPUT 16 "RDATA";
    .port_info 1 /INPUT 1 "RCLK";
    .port_info 2 /INPUT 1 "RCLKE";
    .port_info 3 /INPUT 1 "RE";
    .port_info 4 /INPUT 11 "RADDR";
    .port_info 5 /INPUT 1 "WCLK";
    .port_info 6 /INPUT 1 "WCLKE";
    .port_info 7 /INPUT 1 "WE";
    .port_info 8 /INPUT 11 "WADDR";
    .port_info 9 /INPUT 16 "MASK";
    .port_info 10 /INPUT 16 "WDATA";
P_0x55558fc1c450 .param/l "INIT_0" 0 14 1507, C4<0000000000000000000000000000000000000000000000000000000000000000000000000000000000000000000000000000000000000000000000000000000000000000000000000000000000000000000000000000000000000000000000000000000000000000000000000000000000000000000000000000000000000000>;
P_0x55558fc1c490 .param/l "INIT_1" 0 14 1508, C4<0000000000000000000000000000000000000000000000000000000000000000000000000000000000000000000000000000000000000000000000000000000000000000000000000000000000000000000000000000000000000000000000000000000000000000000000000000000000000000000000000000000000000000>;
P_0x55558fc1c4d0 .param/l "INIT_2" 0 14 1509, C4<0000000000000000000000000000000000000000000000000000000000000000000000000000000000000000000000000000000000000000000000000000000000000000000000000000000000000000000000000000000000000000000000000000000000000000000000000000000000000000000000000000000000000000>;
P_0x55558fc1c510 .param/l "INIT_3" 0 14 1510, C4<0000000000000000000000000000000000000000000000000000000000000000000000000000000000000000000000000000000000000000000000000000000000000000000000000000000000000000000000000000000000000000000000000000000000000000000000000000000000000000000000000000000000000000>;
P_0x55558fc1c550 .param/l "INIT_4" 0 14 1511, C4<0000000000000000000000000000000000000000000000000000000000000000000000000000000000000000000000000000000000000000000000000000000000000000000000000000000000000000000000000000000000000000000000000000000000000000000000000000000000000000000000000000000000000000>;
P_0x55558fc1c590 .param/l "INIT_5" 0 14 1512, C4<0000000000000000000000000000000000000000000000000000000000000000000000000000000000000000000000000000000000000000000000000000000000000000000000000000000000000000000000000000000000000000000000000000000000000000000000000000000000000000000000000000000000000000>;
P_0x55558fc1c5d0 .param/l "INIT_6" 0 14 1513, C4<0000000000000000000000000000000000000000000000000000000000000000000000000000000000000000000000000000000000000000000000000000000000000000000000000000000000000000000000000000000000000000000000000000000000000000000000000000000000000000000000000000000000000000>;
P_0x55558fc1c610 .param/l "INIT_7" 0 14 1514, C4<0000000000000000000000000000000000000000000000000000000000000000000000000000000000000000000000000000000000000000000000000000000000000000000000000000000000000000000000000000000000000000000000000000000000000000000000000000000000000000000000000000000000000000>;
P_0x55558fc1c650 .param/l "INIT_8" 0 14 1515, C4<0000000000000000000000000000000000000000000000000000000000000000000000000000000000000000000000000000000000000000000000000000000000000000000000000000000000000000000000000000000000000000000000000000000000000000000000000000000000000000000000000000000000000000>;
P_0x55558fc1c690 .param/l "INIT_9" 0 14 1516, C4<0000000000000000000000000000000000000000000000000000000000000000000000000000000000000000000000000000000000000000000000000000000000000000000000000000000000000000000000000000000000000000000000000000000000000000000000000000000000000000000000000000000000000000>;
P_0x55558fc1c6d0 .param/l "INIT_A" 0 14 1517, C4<0000000000000000000000000000000000000000000000000000000000000000000000000000000000000000000000000000000000000000000000000000000000000000000000000000000000000000000000000000000000000000000000000000000000000000000000000000000000000000000000000000000000000000>;
P_0x55558fc1c710 .param/l "INIT_B" 0 14 1518, C4<0000000000000000000000000000000000000000000000000000000000000000000000000000000000000000000000000000000000000000000000000000000000000000000000000000000000000000000000000000000000000000000000000000000000000000000000000000000000000000000000000000000000000000>;
P_0x55558fc1c750 .param/l "INIT_C" 0 14 1519, C4<0000000000000000000000000000000000000000000000000000000000000000000000000000000000000000000000000000000000000000000000000000000000000000000000000000000000000000000000000000000000000000000000000000000000000000000000000000000000000000000000000000000000000000>;
P_0x55558fc1c790 .param/l "INIT_D" 0 14 1520, C4<0000000000000000000000000000000000000000000000000000000000000000000000000000000000000000000000000000000000000000000000000000000000000000000000000000000000000000000000000000000000000000000000000000000000000000000000000000000000000000000000000000000000000000>;
P_0x55558fc1c7d0 .param/l "INIT_E" 0 14 1521, C4<0000000000000000000000000000000000000000000000000000000000000000000000000000000000000000000000000000000000000000000000000000000000000000000000000000000000000000000000000000000000000000000000000000000000000000000000000000000000000000000000000000000000000000>;
P_0x55558fc1c810 .param/l "INIT_F" 0 14 1522, C4<0000000000000000000000000000000000000000000000000000000000000000000000000000000000000000000000000000000000000000000000000000000000000000000000000000000000000000000000000000000000000000000000000000000000000000000000000000000000000000000000000000000000000000>;
P_0x55558fc1c850 .param/str "INIT_FILE" 0 14 1524, "\000";
P_0x55558fc1c890 .param/l "READ_MODE" 0 14 1505, +C4<00000000000000000000000000000000>;
P_0x55558fc1c8d0 .param/l "WRITE_MODE" 0 14 1504, +C4<00000000000000000000000000000000>;
v0x55558fc1eb60_0 .net "MASK", 15 0, o0x7fa1efb76448;  alias, 0 drivers
v0x55558fc1ec20_0 .net "RADDR", 10 0, o0x7fa1efb76478;  alias, 0 drivers
v0x55558fc1ed00_0 .net "RCLK", 0 0, L_0x55558fc58780;  1 drivers
v0x55558fc1edd0_0 .net "RCLKE", 0 0, o0x7fa1efb764d8;  alias, 0 drivers
v0x55558fc1ee90_0 .net "RDATA", 15 0, L_0x55558fc586c0;  alias, 1 drivers
v0x55558fc1efc0_0 .var "RDATA_I", 15 0;
v0x55558fc1f0a0_0 .net "RE", 0 0, o0x7fa1efb76568;  alias, 0 drivers
L_0x7fa1ef7b8140 .functor BUFT 1, C4<0000000000000000>, C4<0>, C4<0>, C4<0>;
v0x55558fc1f160_0 .net "RMASK_I", 15 0, L_0x7fa1ef7b8140;  1 drivers
v0x55558fc1f240_0 .net "WADDR", 10 0, o0x7fa1efb765c8;  alias, 0 drivers
v0x55558fc1f320_0 .net "WCLK", 0 0, L_0x55558fc58820;  1 drivers
v0x55558fc1f3e0_0 .net "WCLKE", 0 0, o0x7fa1efb76628;  alias, 0 drivers
v0x55558fc1f4a0_0 .net "WDATA", 15 0, o0x7fa1efb76658;  alias, 0 drivers
v0x55558fc1f580_0 .net "WDATA_I", 15 0, L_0x55558fc585d0;  1 drivers
v0x55558fc1f660_0 .net "WE", 0 0, o0x7fa1efb766b8;  alias, 0 drivers
v0x55558fc1f720_0 .net "WMASK_I", 15 0, L_0x55558fc58510;  1 drivers
v0x55558fc1f800_0 .var/i "i", 31 0;
v0x55558fc1f8e0 .array "memory", 255 0, 15 0;
E_0x55558fc1e290 .event posedge, v0x55558fc1ed00_0;
E_0x55558fc1e310 .event posedge, v0x55558fc1f320_0;
S_0x55558fc1e370 .scope generate, "genblk1" "genblk1" 14 1534, 14 1534 0, S_0x55558fc1c2a0;
 .timescale -12 -12;
L_0x55558fc58510 .functor BUFZ 16, o0x7fa1efb76448, C4<0000000000000000>, C4<0000000000000000>, C4<0000000000000000>;
S_0x55558fc1e570 .scope generate, "genblk2" "genblk2" 14 1555, 14 1555 0, S_0x55558fc1c2a0;
 .timescale -12 -12;
S_0x55558fc1e770 .scope generate, "genblk3" "genblk3" 14 1576, 14 1576 0, S_0x55558fc1c2a0;
 .timescale -12 -12;
L_0x55558fc585d0 .functor BUFZ 16, o0x7fa1efb76658, C4<0000000000000000>, C4<0000000000000000>, C4<0000000000000000>;
S_0x55558fc1e980 .scope generate, "genblk4" "genblk4" 14 1595, 14 1595 0, S_0x55558fc1c2a0;
 .timescale -12 -12;
L_0x55558fc586c0 .functor BUFZ 16, v0x55558fc1efc0_0, C4<0000000000000000>, C4<0000000000000000>, C4<0000000000000000>;
S_0x55558fb2cff0 .scope module, "SB_RAM40_4KNW" "SB_RAM40_4KNW" 14 1862;
 .timescale -12 -12;
    .port_info 0 /OUTPUT 16 "RDATA";
    .port_info 1 /INPUT 1 "RCLK";
    .port_info 2 /INPUT 1 "RCLKE";
    .port_info 3 /INPUT 1 "RE";
    .port_info 4 /INPUT 11 "RADDR";
    .port_info 5 /INPUT 1 "WCLKN";
    .port_info 6 /INPUT 1 "WCLKE";
    .port_info 7 /INPUT 1 "WE";
    .port_info 8 /INPUT 11 "WADDR";
    .port_info 9 /INPUT 16 "MASK";
    .port_info 10 /INPUT 16 "WDATA";
P_0x55558f981b80 .param/l "INIT_0" 0 14 1878, C4<0000000000000000000000000000000000000000000000000000000000000000000000000000000000000000000000000000000000000000000000000000000000000000000000000000000000000000000000000000000000000000000000000000000000000000000000000000000000000000000000000000000000000000>;
P_0x55558f981bc0 .param/l "INIT_1" 0 14 1879, C4<0000000000000000000000000000000000000000000000000000000000000000000000000000000000000000000000000000000000000000000000000000000000000000000000000000000000000000000000000000000000000000000000000000000000000000000000000000000000000000000000000000000000000000>;
P_0x55558f981c00 .param/l "INIT_2" 0 14 1880, C4<0000000000000000000000000000000000000000000000000000000000000000000000000000000000000000000000000000000000000000000000000000000000000000000000000000000000000000000000000000000000000000000000000000000000000000000000000000000000000000000000000000000000000000>;
P_0x55558f981c40 .param/l "INIT_3" 0 14 1881, C4<0000000000000000000000000000000000000000000000000000000000000000000000000000000000000000000000000000000000000000000000000000000000000000000000000000000000000000000000000000000000000000000000000000000000000000000000000000000000000000000000000000000000000000>;
P_0x55558f981c80 .param/l "INIT_4" 0 14 1882, C4<0000000000000000000000000000000000000000000000000000000000000000000000000000000000000000000000000000000000000000000000000000000000000000000000000000000000000000000000000000000000000000000000000000000000000000000000000000000000000000000000000000000000000000>;
P_0x55558f981cc0 .param/l "INIT_5" 0 14 1883, C4<0000000000000000000000000000000000000000000000000000000000000000000000000000000000000000000000000000000000000000000000000000000000000000000000000000000000000000000000000000000000000000000000000000000000000000000000000000000000000000000000000000000000000000>;
P_0x55558f981d00 .param/l "INIT_6" 0 14 1884, C4<0000000000000000000000000000000000000000000000000000000000000000000000000000000000000000000000000000000000000000000000000000000000000000000000000000000000000000000000000000000000000000000000000000000000000000000000000000000000000000000000000000000000000000>;
P_0x55558f981d40 .param/l "INIT_7" 0 14 1885, C4<0000000000000000000000000000000000000000000000000000000000000000000000000000000000000000000000000000000000000000000000000000000000000000000000000000000000000000000000000000000000000000000000000000000000000000000000000000000000000000000000000000000000000000>;
P_0x55558f981d80 .param/l "INIT_8" 0 14 1886, C4<0000000000000000000000000000000000000000000000000000000000000000000000000000000000000000000000000000000000000000000000000000000000000000000000000000000000000000000000000000000000000000000000000000000000000000000000000000000000000000000000000000000000000000>;
P_0x55558f981dc0 .param/l "INIT_9" 0 14 1887, C4<0000000000000000000000000000000000000000000000000000000000000000000000000000000000000000000000000000000000000000000000000000000000000000000000000000000000000000000000000000000000000000000000000000000000000000000000000000000000000000000000000000000000000000>;
P_0x55558f981e00 .param/l "INIT_A" 0 14 1888, C4<0000000000000000000000000000000000000000000000000000000000000000000000000000000000000000000000000000000000000000000000000000000000000000000000000000000000000000000000000000000000000000000000000000000000000000000000000000000000000000000000000000000000000000>;
P_0x55558f981e40 .param/l "INIT_B" 0 14 1889, C4<0000000000000000000000000000000000000000000000000000000000000000000000000000000000000000000000000000000000000000000000000000000000000000000000000000000000000000000000000000000000000000000000000000000000000000000000000000000000000000000000000000000000000000>;
P_0x55558f981e80 .param/l "INIT_C" 0 14 1890, C4<0000000000000000000000000000000000000000000000000000000000000000000000000000000000000000000000000000000000000000000000000000000000000000000000000000000000000000000000000000000000000000000000000000000000000000000000000000000000000000000000000000000000000000>;
P_0x55558f981ec0 .param/l "INIT_D" 0 14 1891, C4<0000000000000000000000000000000000000000000000000000000000000000000000000000000000000000000000000000000000000000000000000000000000000000000000000000000000000000000000000000000000000000000000000000000000000000000000000000000000000000000000000000000000000000>;
P_0x55558f981f00 .param/l "INIT_E" 0 14 1892, C4<0000000000000000000000000000000000000000000000000000000000000000000000000000000000000000000000000000000000000000000000000000000000000000000000000000000000000000000000000000000000000000000000000000000000000000000000000000000000000000000000000000000000000000>;
P_0x55558f981f40 .param/l "INIT_F" 0 14 1893, C4<0000000000000000000000000000000000000000000000000000000000000000000000000000000000000000000000000000000000000000000000000000000000000000000000000000000000000000000000000000000000000000000000000000000000000000000000000000000000000000000000000000000000000000>;
P_0x55558f981f80 .param/str "INIT_FILE" 0 14 1895, "\000";
P_0x55558f981fc0 .param/l "READ_MODE" 0 14 1876, +C4<00000000000000000000000000000000>;
P_0x55558f982000 .param/l "WRITE_MODE" 0 14 1875, +C4<00000000000000000000000000000000>;
o0x7fa1efb770d8 .functor BUFZ 1, c4<z>; HiZ drive
L_0x55558fc58b90 .functor NOT 1, o0x7fa1efb770d8, C4<0>, C4<0>, C4<0>;
o0x7fa1efb76bc8 .functor BUFZ 16, c4<zzzzzzzzzzzzzzzz>; HiZ drive
v0x55558fc23fc0_0 .net "MASK", 15 0, o0x7fa1efb76bc8;  0 drivers
o0x7fa1efb76bf8 .functor BUFZ 11, c4<zzzzzzzzzzz>; HiZ drive
v0x55558fc240a0_0 .net "RADDR", 10 0, o0x7fa1efb76bf8;  0 drivers
o0x7fa1efb76c28 .functor BUFZ 1, c4<z>; HiZ drive
v0x55558fc24170_0 .net "RCLK", 0 0, o0x7fa1efb76c28;  0 drivers
o0x7fa1efb76c58 .functor BUFZ 1, c4<z>; HiZ drive
v0x55558fc24270_0 .net "RCLKE", 0 0, o0x7fa1efb76c58;  0 drivers
v0x55558fc24340_0 .net "RDATA", 15 0, L_0x55558fc58ad0;  1 drivers
o0x7fa1efb76ce8 .functor BUFZ 1, c4<z>; HiZ drive
v0x55558fc243e0_0 .net "RE", 0 0, o0x7fa1efb76ce8;  0 drivers
o0x7fa1efb76d48 .functor BUFZ 11, c4<zzzzzzzzzzz>; HiZ drive
v0x55558fc244b0_0 .net "WADDR", 10 0, o0x7fa1efb76d48;  0 drivers
o0x7fa1efb76da8 .functor BUFZ 1, c4<z>; HiZ drive
v0x55558fc24580_0 .net "WCLKE", 0 0, o0x7fa1efb76da8;  0 drivers
v0x55558fc24650_0 .net "WCLKN", 0 0, o0x7fa1efb770d8;  0 drivers
o0x7fa1efb76dd8 .functor BUFZ 16, c4<zzzzzzzzzzzzzzzz>; HiZ drive
v0x55558fc246f0_0 .net "WDATA", 15 0, o0x7fa1efb76dd8;  0 drivers
o0x7fa1efb76e38 .functor BUFZ 1, c4<z>; HiZ drive
v0x55558fc247c0_0 .net "WE", 0 0, o0x7fa1efb76e38;  0 drivers
S_0x55558fc205f0 .scope module, "RAM" "SB_RAM40_4K" 14 1917, 14 1487 0, S_0x55558fb2cff0;
 .timescale -12 -12;
    .port_info 0 /OUTPUT 16 "RDATA";
    .port_info 1 /INPUT 1 "RCLK";
    .port_info 2 /INPUT 1 "RCLKE";
    .port_info 3 /INPUT 1 "RE";
    .port_info 4 /INPUT 11 "RADDR";
    .port_info 5 /INPUT 1 "WCLK";
    .port_info 6 /INPUT 1 "WCLKE";
    .port_info 7 /INPUT 1 "WE";
    .port_info 8 /INPUT 11 "WADDR";
    .port_info 9 /INPUT 16 "MASK";
    .port_info 10 /INPUT 16 "WDATA";
P_0x55558fc207a0 .param/l "INIT_0" 0 14 1507, C4<0000000000000000000000000000000000000000000000000000000000000000000000000000000000000000000000000000000000000000000000000000000000000000000000000000000000000000000000000000000000000000000000000000000000000000000000000000000000000000000000000000000000000000>;
P_0x55558fc207e0 .param/l "INIT_1" 0 14 1508, C4<0000000000000000000000000000000000000000000000000000000000000000000000000000000000000000000000000000000000000000000000000000000000000000000000000000000000000000000000000000000000000000000000000000000000000000000000000000000000000000000000000000000000000000>;
P_0x55558fc20820 .param/l "INIT_2" 0 14 1509, C4<0000000000000000000000000000000000000000000000000000000000000000000000000000000000000000000000000000000000000000000000000000000000000000000000000000000000000000000000000000000000000000000000000000000000000000000000000000000000000000000000000000000000000000>;
P_0x55558fc20860 .param/l "INIT_3" 0 14 1510, C4<0000000000000000000000000000000000000000000000000000000000000000000000000000000000000000000000000000000000000000000000000000000000000000000000000000000000000000000000000000000000000000000000000000000000000000000000000000000000000000000000000000000000000000>;
P_0x55558fc208a0 .param/l "INIT_4" 0 14 1511, C4<0000000000000000000000000000000000000000000000000000000000000000000000000000000000000000000000000000000000000000000000000000000000000000000000000000000000000000000000000000000000000000000000000000000000000000000000000000000000000000000000000000000000000000>;
P_0x55558fc208e0 .param/l "INIT_5" 0 14 1512, C4<0000000000000000000000000000000000000000000000000000000000000000000000000000000000000000000000000000000000000000000000000000000000000000000000000000000000000000000000000000000000000000000000000000000000000000000000000000000000000000000000000000000000000000>;
P_0x55558fc20920 .param/l "INIT_6" 0 14 1513, C4<0000000000000000000000000000000000000000000000000000000000000000000000000000000000000000000000000000000000000000000000000000000000000000000000000000000000000000000000000000000000000000000000000000000000000000000000000000000000000000000000000000000000000000>;
P_0x55558fc20960 .param/l "INIT_7" 0 14 1514, C4<0000000000000000000000000000000000000000000000000000000000000000000000000000000000000000000000000000000000000000000000000000000000000000000000000000000000000000000000000000000000000000000000000000000000000000000000000000000000000000000000000000000000000000>;
P_0x55558fc209a0 .param/l "INIT_8" 0 14 1515, C4<0000000000000000000000000000000000000000000000000000000000000000000000000000000000000000000000000000000000000000000000000000000000000000000000000000000000000000000000000000000000000000000000000000000000000000000000000000000000000000000000000000000000000000>;
P_0x55558fc209e0 .param/l "INIT_9" 0 14 1516, C4<0000000000000000000000000000000000000000000000000000000000000000000000000000000000000000000000000000000000000000000000000000000000000000000000000000000000000000000000000000000000000000000000000000000000000000000000000000000000000000000000000000000000000000>;
P_0x55558fc20a20 .param/l "INIT_A" 0 14 1517, C4<0000000000000000000000000000000000000000000000000000000000000000000000000000000000000000000000000000000000000000000000000000000000000000000000000000000000000000000000000000000000000000000000000000000000000000000000000000000000000000000000000000000000000000>;
P_0x55558fc20a60 .param/l "INIT_B" 0 14 1518, C4<0000000000000000000000000000000000000000000000000000000000000000000000000000000000000000000000000000000000000000000000000000000000000000000000000000000000000000000000000000000000000000000000000000000000000000000000000000000000000000000000000000000000000000>;
P_0x55558fc20aa0 .param/l "INIT_C" 0 14 1519, C4<0000000000000000000000000000000000000000000000000000000000000000000000000000000000000000000000000000000000000000000000000000000000000000000000000000000000000000000000000000000000000000000000000000000000000000000000000000000000000000000000000000000000000000>;
P_0x55558fc20ae0 .param/l "INIT_D" 0 14 1520, C4<0000000000000000000000000000000000000000000000000000000000000000000000000000000000000000000000000000000000000000000000000000000000000000000000000000000000000000000000000000000000000000000000000000000000000000000000000000000000000000000000000000000000000000>;
P_0x55558fc20b20 .param/l "INIT_E" 0 14 1521, C4<0000000000000000000000000000000000000000000000000000000000000000000000000000000000000000000000000000000000000000000000000000000000000000000000000000000000000000000000000000000000000000000000000000000000000000000000000000000000000000000000000000000000000000>;
P_0x55558fc20b60 .param/l "INIT_F" 0 14 1522, C4<0000000000000000000000000000000000000000000000000000000000000000000000000000000000000000000000000000000000000000000000000000000000000000000000000000000000000000000000000000000000000000000000000000000000000000000000000000000000000000000000000000000000000000>;
P_0x55558fc20ba0 .param/str "INIT_FILE" 0 14 1524, "\000";
P_0x55558fc20be0 .param/l "READ_MODE" 0 14 1505, +C4<00000000000000000000000000000000>;
P_0x55558fc20c20 .param/l "WRITE_MODE" 0 14 1504, +C4<00000000000000000000000000000000>;
v0x55558fc22eb0_0 .net "MASK", 15 0, o0x7fa1efb76bc8;  alias, 0 drivers
v0x55558fc22f70_0 .net "RADDR", 10 0, o0x7fa1efb76bf8;  alias, 0 drivers
v0x55558fc23050_0 .net "RCLK", 0 0, o0x7fa1efb76c28;  alias, 0 drivers
v0x55558fc23120_0 .net "RCLKE", 0 0, o0x7fa1efb76c58;  alias, 0 drivers
v0x55558fc231e0_0 .net "RDATA", 15 0, L_0x55558fc58ad0;  alias, 1 drivers
v0x55558fc23310_0 .var "RDATA_I", 15 0;
v0x55558fc233f0_0 .net "RE", 0 0, o0x7fa1efb76ce8;  alias, 0 drivers
L_0x7fa1ef7b8188 .functor BUFT 1, C4<0000000000000000>, C4<0>, C4<0>, C4<0>;
v0x55558fc234b0_0 .net "RMASK_I", 15 0, L_0x7fa1ef7b8188;  1 drivers
v0x55558fc23590_0 .net "WADDR", 10 0, o0x7fa1efb76d48;  alias, 0 drivers
v0x55558fc23670_0 .net "WCLK", 0 0, L_0x55558fc58b90;  1 drivers
v0x55558fc23730_0 .net "WCLKE", 0 0, o0x7fa1efb76da8;  alias, 0 drivers
v0x55558fc237f0_0 .net "WDATA", 15 0, o0x7fa1efb76dd8;  alias, 0 drivers
v0x55558fc238d0_0 .net "WDATA_I", 15 0, L_0x55558fc589e0;  1 drivers
v0x55558fc239b0_0 .net "WE", 0 0, o0x7fa1efb76e38;  alias, 0 drivers
v0x55558fc23a70_0 .net "WMASK_I", 15 0, L_0x55558fc588f0;  1 drivers
v0x55558fc23b50_0 .var/i "i", 31 0;
v0x55558fc23c30 .array "memory", 255 0, 15 0;
E_0x55558fc225e0 .event posedge, v0x55558fc23050_0;
E_0x55558fc22660 .event posedge, v0x55558fc23670_0;
S_0x55558fc226c0 .scope generate, "genblk1" "genblk1" 14 1534, 14 1534 0, S_0x55558fc205f0;
 .timescale -12 -12;
L_0x55558fc588f0 .functor BUFZ 16, o0x7fa1efb76bc8, C4<0000000000000000>, C4<0000000000000000>, C4<0000000000000000>;
S_0x55558fc228c0 .scope generate, "genblk2" "genblk2" 14 1555, 14 1555 0, S_0x55558fc205f0;
 .timescale -12 -12;
S_0x55558fc22ac0 .scope generate, "genblk3" "genblk3" 14 1576, 14 1576 0, S_0x55558fc205f0;
 .timescale -12 -12;
L_0x55558fc589e0 .functor BUFZ 16, o0x7fa1efb76dd8, C4<0000000000000000>, C4<0000000000000000>, C4<0000000000000000>;
S_0x55558fc22cd0 .scope generate, "genblk4" "genblk4" 14 1595, 14 1595 0, S_0x55558fc205f0;
 .timescale -12 -12;
L_0x55558fc58ad0 .functor BUFZ 16, v0x55558fc23310_0, C4<0000000000000000>, C4<0000000000000000>, C4<0000000000000000>;
S_0x55558fa55390 .scope module, "SB_RGBA_DRV" "SB_RGBA_DRV" 14 2692;
 .timescale -12 -12;
    .port_info 0 /INPUT 1 "CURREN";
    .port_info 1 /INPUT 1 "RGBLEDEN";
    .port_info 2 /INPUT 1 "RGB0PWM";
    .port_info 3 /INPUT 1 "RGB1PWM";
    .port_info 4 /INPUT 1 "RGB2PWM";
    .port_info 5 /OUTPUT 1 "RGB0";
    .port_info 6 /OUTPUT 1 "RGB1";
    .port_info 7 /OUTPUT 1 "RGB2";
P_0x55558fa55520 .param/str "CURRENT_MODE" 0 14 2702, "0b0";
P_0x55558fa55560 .param/str "RGB0_CURRENT" 0 14 2703, "0b000000";
P_0x55558fa555a0 .param/str "RGB1_CURRENT" 0 14 2704, "0b000000";
P_0x55558fa555e0 .param/str "RGB2_CURRENT" 0 14 2705, "0b000000";
o0x7fa1efb77318 .functor BUFZ 1, c4<z>; HiZ drive
v0x55558fc24930_0 .net "CURREN", 0 0, o0x7fa1efb77318;  0 drivers
o0x7fa1efb77348 .functor BUFZ 1, c4<z>; HiZ drive
v0x55558fc24a10_0 .net "RGB0", 0 0, o0x7fa1efb77348;  0 drivers
o0x7fa1efb77378 .functor BUFZ 1, c4<z>; HiZ drive
v0x55558fc24ad0_0 .net "RGB0PWM", 0 0, o0x7fa1efb77378;  0 drivers
o0x7fa1efb773a8 .functor BUFZ 1, c4<z>; HiZ drive
v0x55558fc24ba0_0 .net "RGB1", 0 0, o0x7fa1efb773a8;  0 drivers
o0x7fa1efb773d8 .functor BUFZ 1, c4<z>; HiZ drive
v0x55558fc24c60_0 .net "RGB1PWM", 0 0, o0x7fa1efb773d8;  0 drivers
o0x7fa1efb77408 .functor BUFZ 1, c4<z>; HiZ drive
v0x55558fc24d20_0 .net "RGB2", 0 0, o0x7fa1efb77408;  0 drivers
o0x7fa1efb77438 .functor BUFZ 1, c4<z>; HiZ drive
v0x55558fc24de0_0 .net "RGB2PWM", 0 0, o0x7fa1efb77438;  0 drivers
o0x7fa1efb77468 .functor BUFZ 1, c4<z>; HiZ drive
v0x55558fc24ea0_0 .net "RGBLEDEN", 0 0, o0x7fa1efb77468;  0 drivers
S_0x55558f996710 .scope module, "SB_RGB_DRV" "SB_RGB_DRV" 14 2716;
 .timescale -12 -12;
    .port_info 0 /INPUT 1 "RGBLEDEN";
    .port_info 1 /INPUT 1 "RGB0PWM";
    .port_info 2 /INPUT 1 "RGB1PWM";
    .port_info 3 /INPUT 1 "RGB2PWM";
    .port_info 4 /INPUT 1 "RGBPU";
    .port_info 5 /OUTPUT 1 "RGB0";
    .port_info 6 /OUTPUT 1 "RGB1";
    .port_info 7 /OUTPUT 1 "RGB2";
P_0x55558f9968a0 .param/str "CURRENT_MODE" 0 14 2726, "0b0";
P_0x55558f9968e0 .param/str "RGB0_CURRENT" 0 14 2727, "0b000000";
P_0x55558f996920 .param/str "RGB1_CURRENT" 0 14 2728, "0b000000";
P_0x55558f996960 .param/str "RGB2_CURRENT" 0 14 2729, "0b000000";
o0x7fa1efb77618 .functor BUFZ 1, c4<z>; HiZ drive
v0x55558fc250b0_0 .net "RGB0", 0 0, o0x7fa1efb77618;  0 drivers
o0x7fa1efb77648 .functor BUFZ 1, c4<z>; HiZ drive
v0x55558fc25190_0 .net "RGB0PWM", 0 0, o0x7fa1efb77648;  0 drivers
o0x7fa1efb77678 .functor BUFZ 1, c4<z>; HiZ drive
v0x55558fc25250_0 .net "RGB1", 0 0, o0x7fa1efb77678;  0 drivers
o0x7fa1efb776a8 .functor BUFZ 1, c4<z>; HiZ drive
v0x55558fc252f0_0 .net "RGB1PWM", 0 0, o0x7fa1efb776a8;  0 drivers
o0x7fa1efb776d8 .functor BUFZ 1, c4<z>; HiZ drive
v0x55558fc253b0_0 .net "RGB2", 0 0, o0x7fa1efb776d8;  0 drivers
o0x7fa1efb77708 .functor BUFZ 1, c4<z>; HiZ drive
v0x55558fc25470_0 .net "RGB2PWM", 0 0, o0x7fa1efb77708;  0 drivers
o0x7fa1efb77738 .functor BUFZ 1, c4<z>; HiZ drive
v0x55558fc25530_0 .net "RGBLEDEN", 0 0, o0x7fa1efb77738;  0 drivers
o0x7fa1efb77768 .functor BUFZ 1, c4<z>; HiZ drive
v0x55558fc255f0_0 .net "RGBPU", 0 0, o0x7fa1efb77768;  0 drivers
S_0x55558fa13ca0 .scope module, "SB_SPI" "SB_SPI" 14 2776;
 .timescale -12 -12;
    .port_info 0 /INPUT 1 "SBCLKI";
    .port_info 1 /INPUT 1 "SBRWI";
    .port_info 2 /INPUT 1 "SBSTBI";
    .port_info 3 /INPUT 1 "SBADRI7";
    .port_info 4 /INPUT 1 "SBADRI6";
    .port_info 5 /INPUT 1 "SBADRI5";
    .port_info 6 /INPUT 1 "SBADRI4";
    .port_info 7 /INPUT 1 "SBADRI3";
    .port_info 8 /INPUT 1 "SBADRI2";
    .port_info 9 /INPUT 1 "SBADRI1";
    .port_info 10 /INPUT 1 "SBADRI0";
    .port_info 11 /INPUT 1 "SBDATI7";
    .port_info 12 /INPUT 1 "SBDATI6";
    .port_info 13 /INPUT 1 "SBDATI5";
    .port_info 14 /INPUT 1 "SBDATI4";
    .port_info 15 /INPUT 1 "SBDATI3";
    .port_info 16 /INPUT 1 "SBDATI2";
    .port_info 17 /INPUT 1 "SBDATI1";
    .port_info 18 /INPUT 1 "SBDATI0";
    .port_info 19 /INPUT 1 "MI";
    .port_info 20 /INPUT 1 "SI";
    .port_info 21 /INPUT 1 "SCKI";
    .port_info 22 /INPUT 1 "SCSNI";
    .port_info 23 /OUTPUT 1 "SBDATO7";
    .port_info 24 /OUTPUT 1 "SBDATO6";
    .port_info 25 /OUTPUT 1 "SBDATO5";
    .port_info 26 /OUTPUT 1 "SBDATO4";
    .port_info 27 /OUTPUT 1 "SBDATO3";
    .port_info 28 /OUTPUT 1 "SBDATO2";
    .port_info 29 /OUTPUT 1 "SBDATO1";
    .port_info 30 /OUTPUT 1 "SBDATO0";
    .port_info 31 /OUTPUT 1 "SBACKO";
    .port_info 32 /OUTPUT 1 "SPIIRQ";
    .port_info 33 /OUTPUT 1 "SPIWKUP";
    .port_info 34 /OUTPUT 1 "SO";
    .port_info 35 /OUTPUT 1 "SOE";
    .port_info 36 /OUTPUT 1 "MO";
    .port_info 37 /OUTPUT 1 "MOE";
    .port_info 38 /OUTPUT 1 "SCKO";
    .port_info 39 /OUTPUT 1 "SCKOE";
    .port_info 40 /OUTPUT 1 "MCSNO3";
    .port_info 41 /OUTPUT 1 "MCSNO2";
    .port_info 42 /OUTPUT 1 "MCSNO1";
    .port_info 43 /OUTPUT 1 "MCSNO0";
    .port_info 44 /OUTPUT 1 "MCSNOE3";
    .port_info 45 /OUTPUT 1 "MCSNOE2";
    .port_info 46 /OUTPUT 1 "MCSNOE1";
    .port_info 47 /OUTPUT 1 "MCSNOE0";
P_0x55558fa13e30 .param/str "BUS_ADDR74" 0 14 2826, "0b0000";
o0x7fa1efb77918 .functor BUFZ 1, c4<z>; HiZ drive
v0x55558fc25800_0 .net "MCSNO0", 0 0, o0x7fa1efb77918;  0 drivers
o0x7fa1efb77948 .functor BUFZ 1, c4<z>; HiZ drive
v0x55558fc258e0_0 .net "MCSNO1", 0 0, o0x7fa1efb77948;  0 drivers
o0x7fa1efb77978 .functor BUFZ 1, c4<z>; HiZ drive
v0x55558fc259a0_0 .net "MCSNO2", 0 0, o0x7fa1efb77978;  0 drivers
o0x7fa1efb779a8 .functor BUFZ 1, c4<z>; HiZ drive
v0x55558fc25a40_0 .net "MCSNO3", 0 0, o0x7fa1efb779a8;  0 drivers
o0x7fa1efb779d8 .functor BUFZ 1, c4<z>; HiZ drive
v0x55558fc25b00_0 .net "MCSNOE0", 0 0, o0x7fa1efb779d8;  0 drivers
o0x7fa1efb77a08 .functor BUFZ 1, c4<z>; HiZ drive
v0x55558fc25bc0_0 .net "MCSNOE1", 0 0, o0x7fa1efb77a08;  0 drivers
o0x7fa1efb77a38 .functor BUFZ 1, c4<z>; HiZ drive
v0x55558fc25c80_0 .net "MCSNOE2", 0 0, o0x7fa1efb77a38;  0 drivers
o0x7fa1efb77a68 .functor BUFZ 1, c4<z>; HiZ drive
v0x55558fc25d40_0 .net "MCSNOE3", 0 0, o0x7fa1efb77a68;  0 drivers
o0x7fa1efb77a98 .functor BUFZ 1, c4<z>; HiZ drive
v0x55558fc25e00_0 .net "MI", 0 0, o0x7fa1efb77a98;  0 drivers
o0x7fa1efb77ac8 .functor BUFZ 1, c4<z>; HiZ drive
v0x55558fc25f50_0 .net "MO", 0 0, o0x7fa1efb77ac8;  0 drivers
o0x7fa1efb77af8 .functor BUFZ 1, c4<z>; HiZ drive
v0x55558fc26010_0 .net "MOE", 0 0, o0x7fa1efb77af8;  0 drivers
o0x7fa1efb77b28 .functor BUFZ 1, c4<z>; HiZ drive
v0x55558fc260d0_0 .net "SBACKO", 0 0, o0x7fa1efb77b28;  0 drivers
o0x7fa1efb77b58 .functor BUFZ 1, c4<z>; HiZ drive
v0x55558fc26190_0 .net "SBADRI0", 0 0, o0x7fa1efb77b58;  0 drivers
o0x7fa1efb77b88 .functor BUFZ 1, c4<z>; HiZ drive
v0x55558fc26250_0 .net "SBADRI1", 0 0, o0x7fa1efb77b88;  0 drivers
o0x7fa1efb77bb8 .functor BUFZ 1, c4<z>; HiZ drive
v0x55558fc26310_0 .net "SBADRI2", 0 0, o0x7fa1efb77bb8;  0 drivers
o0x7fa1efb77be8 .functor BUFZ 1, c4<z>; HiZ drive
v0x55558fc263d0_0 .net "SBADRI3", 0 0, o0x7fa1efb77be8;  0 drivers
o0x7fa1efb77c18 .functor BUFZ 1, c4<z>; HiZ drive
v0x55558fc26490_0 .net "SBADRI4", 0 0, o0x7fa1efb77c18;  0 drivers
o0x7fa1efb77c48 .functor BUFZ 1, c4<z>; HiZ drive
v0x55558fc26660_0 .net "SBADRI5", 0 0, o0x7fa1efb77c48;  0 drivers
o0x7fa1efb77c78 .functor BUFZ 1, c4<z>; HiZ drive
v0x55558fc26720_0 .net "SBADRI6", 0 0, o0x7fa1efb77c78;  0 drivers
o0x7fa1efb77ca8 .functor BUFZ 1, c4<z>; HiZ drive
v0x55558fc267e0_0 .net "SBADRI7", 0 0, o0x7fa1efb77ca8;  0 drivers
o0x7fa1efb77cd8 .functor BUFZ 1, c4<z>; HiZ drive
v0x55558fc268a0_0 .net "SBCLKI", 0 0, o0x7fa1efb77cd8;  0 drivers
o0x7fa1efb77d08 .functor BUFZ 1, c4<z>; HiZ drive
v0x55558fc26960_0 .net "SBDATI0", 0 0, o0x7fa1efb77d08;  0 drivers
o0x7fa1efb77d38 .functor BUFZ 1, c4<z>; HiZ drive
v0x55558fc26a20_0 .net "SBDATI1", 0 0, o0x7fa1efb77d38;  0 drivers
o0x7fa1efb77d68 .functor BUFZ 1, c4<z>; HiZ drive
v0x55558fc26ae0_0 .net "SBDATI2", 0 0, o0x7fa1efb77d68;  0 drivers
o0x7fa1efb77d98 .functor BUFZ 1, c4<z>; HiZ drive
v0x55558fc26ba0_0 .net "SBDATI3", 0 0, o0x7fa1efb77d98;  0 drivers
o0x7fa1efb77dc8 .functor BUFZ 1, c4<z>; HiZ drive
v0x55558fc26c60_0 .net "SBDATI4", 0 0, o0x7fa1efb77dc8;  0 drivers
o0x7fa1efb77df8 .functor BUFZ 1, c4<z>; HiZ drive
v0x55558fc26d20_0 .net "SBDATI5", 0 0, o0x7fa1efb77df8;  0 drivers
o0x7fa1efb77e28 .functor BUFZ 1, c4<z>; HiZ drive
v0x55558fc26de0_0 .net "SBDATI6", 0 0, o0x7fa1efb77e28;  0 drivers
o0x7fa1efb77e58 .functor BUFZ 1, c4<z>; HiZ drive
v0x55558fc26ea0_0 .net "SBDATI7", 0 0, o0x7fa1efb77e58;  0 drivers
o0x7fa1efb77e88 .functor BUFZ 1, c4<z>; HiZ drive
v0x55558fc26f60_0 .net "SBDATO0", 0 0, o0x7fa1efb77e88;  0 drivers
o0x7fa1efb77eb8 .functor BUFZ 1, c4<z>; HiZ drive
v0x55558fc27020_0 .net "SBDATO1", 0 0, o0x7fa1efb77eb8;  0 drivers
o0x7fa1efb77ee8 .functor BUFZ 1, c4<z>; HiZ drive
v0x55558fc270e0_0 .net "SBDATO2", 0 0, o0x7fa1efb77ee8;  0 drivers
o0x7fa1efb77f18 .functor BUFZ 1, c4<z>; HiZ drive
v0x55558fc271a0_0 .net "SBDATO3", 0 0, o0x7fa1efb77f18;  0 drivers
o0x7fa1efb77f48 .functor BUFZ 1, c4<z>; HiZ drive
v0x55558fc27260_0 .net "SBDATO4", 0 0, o0x7fa1efb77f48;  0 drivers
o0x7fa1efb77f78 .functor BUFZ 1, c4<z>; HiZ drive
v0x55558fc27320_0 .net "SBDATO5", 0 0, o0x7fa1efb77f78;  0 drivers
o0x7fa1efb77fa8 .functor BUFZ 1, c4<z>; HiZ drive
v0x55558fc273e0_0 .net "SBDATO6", 0 0, o0x7fa1efb77fa8;  0 drivers
o0x7fa1efb77fd8 .functor BUFZ 1, c4<z>; HiZ drive
v0x55558fc274a0_0 .net "SBDATO7", 0 0, o0x7fa1efb77fd8;  0 drivers
o0x7fa1efb78008 .functor BUFZ 1, c4<z>; HiZ drive
v0x55558fc27560_0 .net "SBRWI", 0 0, o0x7fa1efb78008;  0 drivers
o0x7fa1efb78038 .functor BUFZ 1, c4<z>; HiZ drive
v0x55558fc27620_0 .net "SBSTBI", 0 0, o0x7fa1efb78038;  0 drivers
o0x7fa1efb78068 .functor BUFZ 1, c4<z>; HiZ drive
v0x55558fc276e0_0 .net "SCKI", 0 0, o0x7fa1efb78068;  0 drivers
o0x7fa1efb78098 .functor BUFZ 1, c4<z>; HiZ drive
v0x55558fc277a0_0 .net "SCKO", 0 0, o0x7fa1efb78098;  0 drivers
o0x7fa1efb780c8 .functor BUFZ 1, c4<z>; HiZ drive
v0x55558fc27860_0 .net "SCKOE", 0 0, o0x7fa1efb780c8;  0 drivers
o0x7fa1efb780f8 .functor BUFZ 1, c4<z>; HiZ drive
v0x55558fc27920_0 .net "SCSNI", 0 0, o0x7fa1efb780f8;  0 drivers
o0x7fa1efb78128 .functor BUFZ 1, c4<z>; HiZ drive
v0x55558fc279e0_0 .net "SI", 0 0, o0x7fa1efb78128;  0 drivers
o0x7fa1efb78158 .functor BUFZ 1, c4<z>; HiZ drive
v0x55558fc27aa0_0 .net "SO", 0 0, o0x7fa1efb78158;  0 drivers
o0x7fa1efb78188 .functor BUFZ 1, c4<z>; HiZ drive
v0x55558fc27b60_0 .net "SOE", 0 0, o0x7fa1efb78188;  0 drivers
o0x7fa1efb781b8 .functor BUFZ 1, c4<z>; HiZ drive
v0x55558fc27c20_0 .net "SPIIRQ", 0 0, o0x7fa1efb781b8;  0 drivers
o0x7fa1efb781e8 .functor BUFZ 1, c4<z>; HiZ drive
v0x55558fc27ce0_0 .net "SPIWKUP", 0 0, o0x7fa1efb781e8;  0 drivers
S_0x55558fa59800 .scope module, "SB_SPRAM256KA" "SB_SPRAM256KA" 14 2600;
 .timescale -12 -12;
    .port_info 0 /INPUT 14 "ADDRESS";
    .port_info 1 /INPUT 16 "DATAIN";
    .port_info 2 /INPUT 4 "MASKWREN";
    .port_info 3 /INPUT 1 "WREN";
    .port_info 4 /INPUT 1 "CHIPSELECT";
    .port_info 5 /INPUT 1 "CLOCK";
    .port_info 6 /INPUT 1 "STANDBY";
    .port_info 7 /INPUT 1 "SLEEP";
    .port_info 8 /INPUT 1 "POWEROFF";
    .port_info 9 /OUTPUT 16 "DATAOUT";
o0x7fa1efb78c68 .functor BUFZ 1, c4<z>; HiZ drive
L_0x55558fc58d30 .functor OR 1, o0x7fa1efb78c68, L_0x55558fc58c30, C4<0>, C4<0>;
o0x7fa1efb78b18 .functor BUFZ 14, c4<zzzzzzzzzzzzzz>; HiZ drive
v0x55558fc28610_0 .net "ADDRESS", 13 0, o0x7fa1efb78b18;  0 drivers
o0x7fa1efb78b48 .functor BUFZ 1, c4<z>; HiZ drive
v0x55558fc28710_0 .net "CHIPSELECT", 0 0, o0x7fa1efb78b48;  0 drivers
o0x7fa1efb78b78 .functor BUFZ 1, c4<z>; HiZ drive
v0x55558fc287d0_0 .net "CLOCK", 0 0, o0x7fa1efb78b78;  0 drivers
o0x7fa1efb78ba8 .functor BUFZ 16, c4<zzzzzzzzzzzzzzzz>; HiZ drive
v0x55558fc28870_0 .net "DATAIN", 15 0, o0x7fa1efb78ba8;  0 drivers
v0x55558fc28950_0 .var "DATAOUT", 15 0;
o0x7fa1efb78c08 .functor BUFZ 4, c4<zzzz>; HiZ drive
v0x55558fc28a30_0 .net "MASKWREN", 3 0, o0x7fa1efb78c08;  0 drivers
o0x7fa1efb78c38 .functor BUFZ 1, c4<z>; HiZ drive
v0x55558fc28b10_0 .net "POWEROFF", 0 0, o0x7fa1efb78c38;  0 drivers
v0x55558fc28bd0_0 .net "SLEEP", 0 0, o0x7fa1efb78c68;  0 drivers
o0x7fa1efb78c98 .functor BUFZ 1, c4<z>; HiZ drive
v0x55558fc28c90_0 .net "STANDBY", 0 0, o0x7fa1efb78c98;  0 drivers
o0x7fa1efb78cc8 .functor BUFZ 1, c4<z>; HiZ drive
v0x55558fc28d50_0 .net "WREN", 0 0, o0x7fa1efb78cc8;  0 drivers
v0x55558fc28e10_0 .net *"_ivl_1", 0 0, L_0x55558fc58c30;  1 drivers
v0x55558fc28ed0_0 .var/i "i", 31 0;
v0x55558fc28fb0 .array "mem", 16383 0, 15 0;
v0x55558fc29070_0 .net "off", 0 0, L_0x55558fc58d30;  1 drivers
E_0x55558fc28530 .event posedge, v0x55558fc29070_0, v0x55558fc287d0_0;
E_0x55558fc285b0 .event negedge, v0x55558fc28b10_0;
L_0x55558fc58c30 .reduce/nor o0x7fa1efb78c38;
S_0x55558fa59ae0 .scope module, "SB_WARMBOOT" "SB_WARMBOOT" 14 2593;
 .timescale -12 -12;
    .port_info 0 /INPUT 1 "BOOT";
    .port_info 1 /INPUT 1 "S1";
    .port_info 2 /INPUT 1 "S0";
o0x7fa1efb78f68 .functor BUFZ 1, c4<z>; HiZ drive
v0x55558fc29270_0 .net "BOOT", 0 0, o0x7fa1efb78f68;  0 drivers
o0x7fa1efb78f98 .functor BUFZ 1, c4<z>; HiZ drive
v0x55558fc29350_0 .net "S0", 0 0, o0x7fa1efb78f98;  0 drivers
o0x7fa1efb78fc8 .functor BUFZ 1, c4<z>; HiZ drive
v0x55558fc29410_0 .net "S1", 0 0, o0x7fa1efb78fc8;  0 drivers
S_0x55558fa34590 .scope module, "Xor" "Xor" 26 7;
 .timescale -12 -12;
    .port_info 0 /INPUT 1 "a";
    .port_info 1 /INPUT 1 "b";
    .port_info 2 /OUTPUT 1 "out";
o0x7fa1efb79118 .functor BUFZ 1, c4<z>; HiZ drive
o0x7fa1efb79148 .functor BUFZ 1, c4<z>; HiZ drive
L_0x55558fc58e50 .functor XNOR 1, o0x7fa1efb79118, o0x7fa1efb79148, C4<0>, C4<0>;
v0x55558fc29530_0 .net *"_ivl_0", 0 0, L_0x55558fc58e50;  1 drivers
L_0x7fa1ef7b81d0 .functor BUFT 1, C4<0>, C4<0>, C4<0>, C4<0>;
v0x55558fc295f0_0 .net/2u *"_ivl_2", 0 0, L_0x7fa1ef7b81d0;  1 drivers
L_0x7fa1ef7b8218 .functor BUFT 1, C4<1>, C4<0>, C4<0>, C4<0>;
v0x55558fc296d0_0 .net/2u *"_ivl_4", 0 0, L_0x7fa1ef7b8218;  1 drivers
v0x55558fc297c0_0 .net "a", 0 0, o0x7fa1efb79118;  0 drivers
v0x55558fc29880_0 .net "b", 0 0, o0x7fa1efb79148;  0 drivers
v0x55558fc29940_0 .net "out", 0 0, L_0x55558fc58f80;  1 drivers
L_0x55558fc58f80 .functor MUXZ 1, L_0x7fa1ef7b8218, L_0x7fa1ef7b81d0, L_0x55558fc58e50, C4<>;
    .scope S_0x55558fbb21e0;
T_3 ;
    %pushi/vec4 0, 0, 1;
    %store/vec4 v0x55558f92b200_0, 0, 1;
    %end;
    .thread T_3, $init;
    .scope S_0x55558fbb21e0;
T_4 ;
    %vpi_call/w 11 32 "$dumpvars", 32'sb00000000000000000000000000000000, S_0x55558fbb21e0 {0 0 0};
    %vpi_call/w 11 34 "$display", "------------------------" {0 0 0};
    %vpi_call/w 11 35 "$display", "Testbench: FullAdder" {0 0 0};
    %pushi/vec4 0, 0, 1;
    %store/vec4 v0x55558f92e550_0, 0, 1;
    %pushi/vec4 0, 0, 1;
    %store/vec4 v0x55558f92af30_0, 0, 1;
    %pushi/vec4 0, 0, 1;
    %store/vec4 v0x55558f92b060_0, 0, 1;
    %fork TD_FullAdder_tb.check, S_0x55558f923c00;
    %join;
    %pushi/vec4 0, 0, 1;
    %store/vec4 v0x55558f92e550_0, 0, 1;
    %pushi/vec4 0, 0, 1;
    %store/vec4 v0x55558f92af30_0, 0, 1;
    %pushi/vec4 1, 0, 1;
    %store/vec4 v0x55558f92b060_0, 0, 1;
    %fork TD_FullAdder_tb.check, S_0x55558f923c00;
    %join;
    %pushi/vec4 0, 0, 1;
    %store/vec4 v0x55558f92e550_0, 0, 1;
    %pushi/vec4 1, 0, 1;
    %store/vec4 v0x55558f92af30_0, 0, 1;
    %pushi/vec4 0, 0, 1;
    %store/vec4 v0x55558f92b060_0, 0, 1;
    %fork TD_FullAdder_tb.check, S_0x55558f923c00;
    %join;
    %pushi/vec4 0, 0, 1;
    %store/vec4 v0x55558f92e550_0, 0, 1;
    %pushi/vec4 1, 0, 1;
    %store/vec4 v0x55558f92af30_0, 0, 1;
    %pushi/vec4 1, 0, 1;
    %store/vec4 v0x55558f92b060_0, 0, 1;
    %fork TD_FullAdder_tb.check, S_0x55558f923c00;
    %join;
    %pushi/vec4 1, 0, 1;
    %store/vec4 v0x55558f92e550_0, 0, 1;
    %pushi/vec4 0, 0, 1;
    %store/vec4 v0x55558f92af30_0, 0, 1;
    %pushi/vec4 0, 0, 1;
    %store/vec4 v0x55558f92b060_0, 0, 1;
    %fork TD_FullAdder_tb.check, S_0x55558f923c00;
    %join;
    %pushi/vec4 1, 0, 1;
    %store/vec4 v0x55558f92e550_0, 0, 1;
    %pushi/vec4 0, 0, 1;
    %store/vec4 v0x55558f92af30_0, 0, 1;
    %pushi/vec4 1, 0, 1;
    %store/vec4 v0x55558f92b060_0, 0, 1;
    %fork TD_FullAdder_tb.check, S_0x55558f923c00;
    %join;
    %pushi/vec4 1, 0, 1;
    %store/vec4 v0x55558f92e550_0, 0, 1;
    %pushi/vec4 1, 0, 1;
    %store/vec4 v0x55558f92af30_0, 0, 1;
    %pushi/vec4 0, 0, 1;
    %store/vec4 v0x55558f92b060_0, 0, 1;
    %fork TD_FullAdder_tb.check, S_0x55558f923c00;
    %join;
    %pushi/vec4 1, 0, 1;
    %store/vec4 v0x55558f92e550_0, 0, 1;
    %pushi/vec4 1, 0, 1;
    %store/vec4 v0x55558f92af30_0, 0, 1;
    %pushi/vec4 1, 0, 1;
    %store/vec4 v0x55558f92b060_0, 0, 1;
    %fork TD_FullAdder_tb.check, S_0x55558f923c00;
    %join;
    %load/vec4 v0x55558f92b200_0;
    %pad/u 32;
    %cmpi/e 0, 0, 32;
    %jmp/0xz  T_4.0, 4;
    %vpi_call/w 11 46 "$display", "passed" {0 0 0};
T_4.0 ;
    %vpi_call/w 11 47 "$display", "------------------------" {0 0 0};
    %vpi_call/w 11 48 "$finish" {0 0 0};
    %end;
    .thread T_4;
    .scope S_0x55558fbb1620;
T_5 ;
    %pushi/vec4 0, 0, 1;
    %store/vec4 v0x55558f943780_0, 0, 1;
    %pushi/vec4 0, 0, 1;
    %store/vec4 v0x55558f943840_0, 0, 1;
    %end;
    .thread T_5, $init;
    .scope S_0x55558fbb1620;
T_6 ;
    %wait E_0x55558f92fd40;
    %load/vec4 v0x55558f92c7a0_0;
    %flag_set/vec4 8;
    %jmp/0xz  T_6.0, 8;
    %load/vec4 v0x55558f93b5d0_0;
    %flag_set/vec4 8;
    %jmp/0 T_6.2, 8;
    %pushi/vec4 0, 0, 1;
    %jmp/1 T_6.3, 8;
T_6.2 ; End of true expr.
    %load/vec4 v0x55558f947420_0;
    %jmp/0 T_6.3, 8;
 ; End of false expr.
    %blend;
T_6.3;
    %assign/vec4 v0x55558f943780_0, 0;
T_6.0 ;
    %jmp T_6;
    .thread T_6;
    .scope S_0x55558fbb1620;
T_7 ;
    %wait E_0x55558fa32920;
    %load/vec4 v0x55558f93b5d0_0;
    %flag_set/vec4 8;
    %jmp/0xz  T_7.0, 8;
    %pushi/vec4 0, 0, 1;
    %assign/vec4 v0x55558f943840_0, 0;
    %jmp T_7.1;
T_7.0 ;
    %load/vec4 v0x55558f92c7a0_0;
    %flag_set/vec4 8;
    %jmp/0xz  T_7.2, 8;
    %load/vec4 v0x55558f947420_0;
    %assign/vec4 v0x55558f943840_0, 0;
T_7.2 ;
T_7.1 ;
    %jmp T_7;
    .thread T_7;
    .scope S_0x55558f939d90;
T_8 ;
    %pushi/vec4 0, 0, 32;
    %store/vec4 v0x55558fbeb240_0, 0, 32;
T_8.0 ; Top of for-loop
    %load/vec4 v0x55558fbeb240_0;
    %cmpi/s 16, 0, 32;
	  %jmp/0xz T_8.1, 5;
    %pushi/vec4 0, 0, 256;
    %load/vec4 v0x55558fbeb240_0;
    %muli 16, 0, 32;
    %part/s 16;
    %pushi/vec4 0, 0, 32;
    %load/vec4 v0x55558fbeb240_0;
    %add;
    %ix/vec4/s 4;
    %store/vec4a v0x55558fbeb2e0, 4, 0;
    %pushi/vec4 0, 0, 256;
    %load/vec4 v0x55558fbeb240_0;
    %muli 16, 0, 32;
    %part/s 16;
    %pushi/vec4 16, 0, 32;
    %load/vec4 v0x55558fbeb240_0;
    %add;
    %ix/vec4/s 4;
    %store/vec4a v0x55558fbeb2e0, 4, 0;
    %pushi/vec4 0, 0, 256;
    %load/vec4 v0x55558fbeb240_0;
    %muli 16, 0, 32;
    %part/s 16;
    %pushi/vec4 32, 0, 32;
    %load/vec4 v0x55558fbeb240_0;
    %add;
    %ix/vec4/s 4;
    %store/vec4a v0x55558fbeb2e0, 4, 0;
    %pushi/vec4 0, 0, 256;
    %load/vec4 v0x55558fbeb240_0;
    %muli 16, 0, 32;
    %part/s 16;
    %pushi/vec4 48, 0, 32;
    %load/vec4 v0x55558fbeb240_0;
    %add;
    %ix/vec4/s 4;
    %store/vec4a v0x55558fbeb2e0, 4, 0;
    %pushi/vec4 0, 0, 256;
    %load/vec4 v0x55558fbeb240_0;
    %muli 16, 0, 32;
    %part/s 16;
    %pushi/vec4 64, 0, 32;
    %load/vec4 v0x55558fbeb240_0;
    %add;
    %ix/vec4/s 4;
    %store/vec4a v0x55558fbeb2e0, 4, 0;
    %pushi/vec4 0, 0, 256;
    %load/vec4 v0x55558fbeb240_0;
    %muli 16, 0, 32;
    %part/s 16;
    %pushi/vec4 80, 0, 32;
    %load/vec4 v0x55558fbeb240_0;
    %add;
    %ix/vec4/s 4;
    %store/vec4a v0x55558fbeb2e0, 4, 0;
    %pushi/vec4 0, 0, 256;
    %load/vec4 v0x55558fbeb240_0;
    %muli 16, 0, 32;
    %part/s 16;
    %pushi/vec4 96, 0, 32;
    %load/vec4 v0x55558fbeb240_0;
    %add;
    %ix/vec4/s 4;
    %store/vec4a v0x55558fbeb2e0, 4, 0;
    %pushi/vec4 0, 0, 256;
    %load/vec4 v0x55558fbeb240_0;
    %muli 16, 0, 32;
    %part/s 16;
    %pushi/vec4 112, 0, 32;
    %load/vec4 v0x55558fbeb240_0;
    %add;
    %ix/vec4/s 4;
    %store/vec4a v0x55558fbeb2e0, 4, 0;
    %pushi/vec4 0, 0, 256;
    %load/vec4 v0x55558fbeb240_0;
    %muli 16, 0, 32;
    %part/s 16;
    %pushi/vec4 128, 0, 32;
    %load/vec4 v0x55558fbeb240_0;
    %add;
    %ix/vec4/s 4;
    %store/vec4a v0x55558fbeb2e0, 4, 0;
    %pushi/vec4 0, 0, 256;
    %load/vec4 v0x55558fbeb240_0;
    %muli 16, 0, 32;
    %part/s 16;
    %pushi/vec4 144, 0, 32;
    %load/vec4 v0x55558fbeb240_0;
    %add;
    %ix/vec4/s 4;
    %store/vec4a v0x55558fbeb2e0, 4, 0;
    %pushi/vec4 0, 0, 256;
    %load/vec4 v0x55558fbeb240_0;
    %muli 16, 0, 32;
    %part/s 16;
    %pushi/vec4 160, 0, 32;
    %load/vec4 v0x55558fbeb240_0;
    %add;
    %ix/vec4/s 4;
    %store/vec4a v0x55558fbeb2e0, 4, 0;
    %pushi/vec4 0, 0, 256;
    %load/vec4 v0x55558fbeb240_0;
    %muli 16, 0, 32;
    %part/s 16;
    %pushi/vec4 176, 0, 32;
    %load/vec4 v0x55558fbeb240_0;
    %add;
    %ix/vec4/s 4;
    %store/vec4a v0x55558fbeb2e0, 4, 0;
    %pushi/vec4 0, 0, 256;
    %load/vec4 v0x55558fbeb240_0;
    %muli 16, 0, 32;
    %part/s 16;
    %pushi/vec4 192, 0, 32;
    %load/vec4 v0x55558fbeb240_0;
    %add;
    %ix/vec4/s 4;
    %store/vec4a v0x55558fbeb2e0, 4, 0;
    %pushi/vec4 0, 0, 256;
    %load/vec4 v0x55558fbeb240_0;
    %muli 16, 0, 32;
    %part/s 16;
    %pushi/vec4 208, 0, 32;
    %load/vec4 v0x55558fbeb240_0;
    %add;
    %ix/vec4/s 4;
    %store/vec4a v0x55558fbeb2e0, 4, 0;
    %pushi/vec4 0, 0, 256;
    %load/vec4 v0x55558fbeb240_0;
    %muli 16, 0, 32;
    %part/s 16;
    %pushi/vec4 224, 0, 32;
    %load/vec4 v0x55558fbeb240_0;
    %add;
    %ix/vec4/s 4;
    %store/vec4a v0x55558fbeb2e0, 4, 0;
    %pushi/vec4 0, 0, 256;
    %load/vec4 v0x55558fbeb240_0;
    %muli 16, 0, 32;
    %part/s 16;
    %pushi/vec4 240, 0, 32;
    %load/vec4 v0x55558fbeb240_0;
    %add;
    %ix/vec4/s 4;
    %store/vec4a v0x55558fbeb2e0, 4, 0;
T_8.2 ; for-loop step statement
    %load/vec4 v0x55558fbeb240_0;
    %addi 1, 0, 32;
    %store/vec4 v0x55558fbeb240_0, 0, 32;
    %jmp T_8.0;
T_8.1 ; for-loop exit label
    %end;
    .thread T_8;
    .scope S_0x55558f939d90;
T_9 ;
    %wait E_0x55558f9bcff0;
    %load/vec4 v0x55558fbeb100_0;
    %flag_set/vec4 9;
    %flag_get/vec4 9;
    %jmp/0 T_9.2, 9;
    %load/vec4 v0x55558f9b44f0_0;
    %and;
T_9.2;
    %flag_set/vec4 8;
    %jmp/0xz  T_9.0, 8;
    %load/vec4 v0x55558fbeb1a0_0;
    %parti/s 1, 0, 2;
    %nor/r;
    %flag_set/vec4 8;
    %jmp/0xz  T_9.3, 8;
    %load/vec4 v0x55558f9b4690_0;
    %parti/s 1, 0, 2;
    %load/vec4 v0x55558f9b4350_0;
    %parti/s 8, 0, 2;
    %pad/u 10;
    %ix/vec4 3;
    %ix/load 4, 0, 0; Constant delay
    %assign/vec4/a/d v0x55558fbeb2e0, 0, 4;
T_9.3 ;
    %load/vec4 v0x55558fbeb1a0_0;
    %parti/s 1, 1, 2;
    %nor/r;
    %flag_set/vec4 8;
    %jmp/0xz  T_9.5, 8;
    %load/vec4 v0x55558f9b4690_0;
    %parti/s 1, 1, 2;
    %load/vec4 v0x55558f9b4350_0;
    %parti/s 8, 0, 2;
    %pad/u 10;
    %ix/vec4 3;
    %ix/load 4, 1, 0; part off
    %ix/load 5, 0, 0; Constant delay
    %assign/vec4/a/d v0x55558fbeb2e0, 4, 5;
T_9.5 ;
    %load/vec4 v0x55558fbeb1a0_0;
    %parti/s 1, 2, 3;
    %nor/r;
    %flag_set/vec4 8;
    %jmp/0xz  T_9.7, 8;
    %load/vec4 v0x55558f9b4690_0;
    %parti/s 1, 2, 3;
    %load/vec4 v0x55558f9b4350_0;
    %parti/s 8, 0, 2;
    %pad/u 10;
    %ix/vec4 3;
    %ix/load 4, 2, 0; part off
    %ix/load 5, 0, 0; Constant delay
    %assign/vec4/a/d v0x55558fbeb2e0, 4, 5;
T_9.7 ;
    %load/vec4 v0x55558fbeb1a0_0;
    %parti/s 1, 3, 3;
    %nor/r;
    %flag_set/vec4 8;
    %jmp/0xz  T_9.9, 8;
    %load/vec4 v0x55558f9b4690_0;
    %parti/s 1, 3, 3;
    %load/vec4 v0x55558f9b4350_0;
    %parti/s 8, 0, 2;
    %pad/u 10;
    %ix/vec4 3;
    %ix/load 4, 3, 0; part off
    %ix/load 5, 0, 0; Constant delay
    %assign/vec4/a/d v0x55558fbeb2e0, 4, 5;
T_9.9 ;
    %load/vec4 v0x55558fbeb1a0_0;
    %parti/s 1, 4, 4;
    %nor/r;
    %flag_set/vec4 8;
    %jmp/0xz  T_9.11, 8;
    %load/vec4 v0x55558f9b4690_0;
    %parti/s 1, 4, 4;
    %load/vec4 v0x55558f9b4350_0;
    %parti/s 8, 0, 2;
    %pad/u 10;
    %ix/vec4 3;
    %ix/load 4, 4, 0; part off
    %ix/load 5, 0, 0; Constant delay
    %assign/vec4/a/d v0x55558fbeb2e0, 4, 5;
T_9.11 ;
    %load/vec4 v0x55558fbeb1a0_0;
    %parti/s 1, 5, 4;
    %nor/r;
    %flag_set/vec4 8;
    %jmp/0xz  T_9.13, 8;
    %load/vec4 v0x55558f9b4690_0;
    %parti/s 1, 5, 4;
    %load/vec4 v0x55558f9b4350_0;
    %parti/s 8, 0, 2;
    %pad/u 10;
    %ix/vec4 3;
    %ix/load 4, 5, 0; part off
    %ix/load 5, 0, 0; Constant delay
    %assign/vec4/a/d v0x55558fbeb2e0, 4, 5;
T_9.13 ;
    %load/vec4 v0x55558fbeb1a0_0;
    %parti/s 1, 6, 4;
    %nor/r;
    %flag_set/vec4 8;
    %jmp/0xz  T_9.15, 8;
    %load/vec4 v0x55558f9b4690_0;
    %parti/s 1, 6, 4;
    %load/vec4 v0x55558f9b4350_0;
    %parti/s 8, 0, 2;
    %pad/u 10;
    %ix/vec4 3;
    %ix/load 4, 6, 0; part off
    %ix/load 5, 0, 0; Constant delay
    %assign/vec4/a/d v0x55558fbeb2e0, 4, 5;
T_9.15 ;
    %load/vec4 v0x55558fbeb1a0_0;
    %parti/s 1, 7, 4;
    %nor/r;
    %flag_set/vec4 8;
    %jmp/0xz  T_9.17, 8;
    %load/vec4 v0x55558f9b4690_0;
    %parti/s 1, 7, 4;
    %load/vec4 v0x55558f9b4350_0;
    %parti/s 8, 0, 2;
    %pad/u 10;
    %ix/vec4 3;
    %ix/load 4, 7, 0; part off
    %ix/load 5, 0, 0; Constant delay
    %assign/vec4/a/d v0x55558fbeb2e0, 4, 5;
T_9.17 ;
    %load/vec4 v0x55558fbeb1a0_0;
    %parti/s 1, 8, 5;
    %nor/r;
    %flag_set/vec4 8;
    %jmp/0xz  T_9.19, 8;
    %load/vec4 v0x55558f9b4690_0;
    %parti/s 1, 8, 5;
    %load/vec4 v0x55558f9b4350_0;
    %parti/s 8, 0, 2;
    %pad/u 10;
    %ix/vec4 3;
    %ix/load 4, 8, 0; part off
    %ix/load 5, 0, 0; Constant delay
    %assign/vec4/a/d v0x55558fbeb2e0, 4, 5;
T_9.19 ;
    %load/vec4 v0x55558fbeb1a0_0;
    %parti/s 1, 9, 5;
    %nor/r;
    %flag_set/vec4 8;
    %jmp/0xz  T_9.21, 8;
    %load/vec4 v0x55558f9b4690_0;
    %parti/s 1, 9, 5;
    %load/vec4 v0x55558f9b4350_0;
    %parti/s 8, 0, 2;
    %pad/u 10;
    %ix/vec4 3;
    %ix/load 4, 9, 0; part off
    %ix/load 5, 0, 0; Constant delay
    %assign/vec4/a/d v0x55558fbeb2e0, 4, 5;
T_9.21 ;
    %load/vec4 v0x55558fbeb1a0_0;
    %parti/s 1, 10, 5;
    %nor/r;
    %flag_set/vec4 8;
    %jmp/0xz  T_9.23, 8;
    %load/vec4 v0x55558f9b4690_0;
    %parti/s 1, 10, 5;
    %load/vec4 v0x55558f9b4350_0;
    %parti/s 8, 0, 2;
    %pad/u 10;
    %ix/vec4 3;
    %ix/load 4, 10, 0; part off
    %ix/load 5, 0, 0; Constant delay
    %assign/vec4/a/d v0x55558fbeb2e0, 4, 5;
T_9.23 ;
    %load/vec4 v0x55558fbeb1a0_0;
    %parti/s 1, 11, 5;
    %nor/r;
    %flag_set/vec4 8;
    %jmp/0xz  T_9.25, 8;
    %load/vec4 v0x55558f9b4690_0;
    %parti/s 1, 11, 5;
    %load/vec4 v0x55558f9b4350_0;
    %parti/s 8, 0, 2;
    %pad/u 10;
    %ix/vec4 3;
    %ix/load 4, 11, 0; part off
    %ix/load 5, 0, 0; Constant delay
    %assign/vec4/a/d v0x55558fbeb2e0, 4, 5;
T_9.25 ;
    %load/vec4 v0x55558fbeb1a0_0;
    %parti/s 1, 12, 5;
    %nor/r;
    %flag_set/vec4 8;
    %jmp/0xz  T_9.27, 8;
    %load/vec4 v0x55558f9b4690_0;
    %parti/s 1, 12, 5;
    %load/vec4 v0x55558f9b4350_0;
    %parti/s 8, 0, 2;
    %pad/u 10;
    %ix/vec4 3;
    %ix/load 4, 12, 0; part off
    %ix/load 5, 0, 0; Constant delay
    %assign/vec4/a/d v0x55558fbeb2e0, 4, 5;
T_9.27 ;
    %load/vec4 v0x55558fbeb1a0_0;
    %parti/s 1, 13, 5;
    %nor/r;
    %flag_set/vec4 8;
    %jmp/0xz  T_9.29, 8;
    %load/vec4 v0x55558f9b4690_0;
    %parti/s 1, 13, 5;
    %load/vec4 v0x55558f9b4350_0;
    %parti/s 8, 0, 2;
    %pad/u 10;
    %ix/vec4 3;
    %ix/load 4, 13, 0; part off
    %ix/load 5, 0, 0; Constant delay
    %assign/vec4/a/d v0x55558fbeb2e0, 4, 5;
T_9.29 ;
    %load/vec4 v0x55558fbeb1a0_0;
    %parti/s 1, 14, 5;
    %nor/r;
    %flag_set/vec4 8;
    %jmp/0xz  T_9.31, 8;
    %load/vec4 v0x55558f9b4690_0;
    %parti/s 1, 14, 5;
    %load/vec4 v0x55558f9b4350_0;
    %parti/s 8, 0, 2;
    %pad/u 10;
    %ix/vec4 3;
    %ix/load 4, 14, 0; part off
    %ix/load 5, 0, 0; Constant delay
    %assign/vec4/a/d v0x55558fbeb2e0, 4, 5;
T_9.31 ;
    %load/vec4 v0x55558fbeb1a0_0;
    %parti/s 1, 15, 5;
    %nor/r;
    %flag_set/vec4 8;
    %jmp/0xz  T_9.33, 8;
    %load/vec4 v0x55558f9b4690_0;
    %parti/s 1, 15, 5;
    %load/vec4 v0x55558f9b4350_0;
    %parti/s 8, 0, 2;
    %pad/u 10;
    %ix/vec4 3;
    %ix/load 4, 15, 0; part off
    %ix/load 5, 0, 0; Constant delay
    %assign/vec4/a/d v0x55558fbeb2e0, 4, 5;
T_9.33 ;
T_9.0 ;
    %jmp T_9;
    .thread T_9;
    .scope S_0x55558f939d90;
T_10 ;
    %wait E_0x55558f93eb20;
    %load/vec4 v0x55558f943b20_0;
    %flag_set/vec4 9;
    %flag_get/vec4 9;
    %jmp/0 T_10.2, 9;
    %load/vec4 v0x55558f928990_0;
    %and;
T_10.2;
    %flag_set/vec4 8;
    %jmp/0xz  T_10.0, 8;
    %load/vec4 v0x55558f928850_0;
    %parti/s 8, 0, 2;
    %pad/u 10;
    %ix/vec4 4;
    %load/vec4a v0x55558fbeb2e0, 4;
    %load/vec4 v0x55558f9b4270_0;
    %inv;
    %and;
    %assign/vec4 v0x55558f93a200_0, 0;
T_10.0 ;
    %jmp T_10;
    .thread T_10;
    .scope S_0x55558fb5bf30;
T_11 ;
    %pushi/vec4 0, 0, 1;
    %store/vec4 v0x55558fbfb550_0, 0, 1;
    %end;
    .thread T_11;
    .scope S_0x55558fb5bf30;
T_12 ;
    %wait E_0x55558fbf4840;
    %load/vec4 v0x55558fbfb490_0;
    %assign/vec4 v0x55558fbfb550_0, 0;
    %jmp T_12;
    .thread T_12;
    .scope S_0x55558fb57e20;
T_13 ;
    %pushi/vec4 0, 0, 1;
    %store/vec4 v0x55558fbfb940_0, 0, 1;
    %end;
    .thread T_13;
    .scope S_0x55558fb57e20;
T_14 ;
    %wait E_0x55558fbfb670;
    %load/vec4 v0x55558fbfb870_0;
    %flag_set/vec4 8;
    %jmp/0xz  T_14.0, 8;
    %load/vec4 v0x55558fbfb7b0_0;
    %assign/vec4 v0x55558fbfb940_0, 0;
T_14.0 ;
    %jmp T_14;
    .thread T_14;
    .scope S_0x55558fb57a60;
T_15 ;
    %pushi/vec4 0, 0, 1;
    %store/vec4 v0x55558fbfbd70_0, 0, 1;
    %end;
    .thread T_15;
    .scope S_0x55558fb57a60;
T_16 ;
    %wait E_0x55558fbfbab0;
    %load/vec4 v0x55558fbfbe30_0;
    %flag_set/vec4 8;
    %jmp/0xz  T_16.0, 8;
    %pushi/vec4 0, 0, 1;
    %assign/vec4 v0x55558fbfbd70_0, 0;
    %jmp T_16.1;
T_16.0 ;
    %load/vec4 v0x55558fbfbcd0_0;
    %flag_set/vec4 8;
    %jmp/0xz  T_16.2, 8;
    %load/vec4 v0x55558fbfbc10_0;
    %assign/vec4 v0x55558fbfbd70_0, 0;
T_16.2 ;
T_16.1 ;
    %jmp T_16;
    .thread T_16;
    .scope S_0x55558fb44ea0;
T_17 ;
    %pushi/vec4 0, 0, 1;
    %store/vec4 v0x55558fbfc2a0_0, 0, 1;
    %end;
    .thread T_17;
    .scope S_0x55558fb44ea0;
T_18 ;
    %wait E_0x55558fbfbfe0;
    %load/vec4 v0x55558fbfc360_0;
    %flag_set/vec4 8;
    %jmp/0xz  T_18.0, 8;
    %pushi/vec4 1, 0, 1;
    %assign/vec4 v0x55558fbfc2a0_0, 0;
    %jmp T_18.1;
T_18.0 ;
    %load/vec4 v0x55558fbfc200_0;
    %flag_set/vec4 8;
    %jmp/0xz  T_18.2, 8;
    %load/vec4 v0x55558fbfc140_0;
    %assign/vec4 v0x55558fbfc2a0_0, 0;
T_18.2 ;
T_18.1 ;
    %jmp T_18;
    .thread T_18;
    .scope S_0x55558fb44ab0;
T_19 ;
    %pushi/vec4 0, 0, 1;
    %store/vec4 v0x55558fbfc7d0_0, 0, 1;
    %end;
    .thread T_19;
    .scope S_0x55558fb44ab0;
T_20 ;
    %wait E_0x55558fbfc510;
    %load/vec4 v0x55558fbfc730_0;
    %flag_set/vec4 8;
    %jmp/0xz  T_20.0, 8;
    %load/vec4 v0x55558fbfc890_0;
    %flag_set/vec4 8;
    %jmp/0xz  T_20.2, 8;
    %pushi/vec4 0, 0, 1;
    %assign/vec4 v0x55558fbfc7d0_0, 0;
    %jmp T_20.3;
T_20.2 ;
    %load/vec4 v0x55558fbfc670_0;
    %assign/vec4 v0x55558fbfc7d0_0, 0;
T_20.3 ;
T_20.0 ;
    %jmp T_20;
    .thread T_20;
    .scope S_0x55558fb442e0;
T_21 ;
    %pushi/vec4 0, 0, 1;
    %store/vec4 v0x55558fbfcd00_0, 0, 1;
    %end;
    .thread T_21;
    .scope S_0x55558fb442e0;
T_22 ;
    %wait E_0x55558fbfca40;
    %load/vec4 v0x55558fbfcc60_0;
    %flag_set/vec4 8;
    %jmp/0xz  T_22.0, 8;
    %load/vec4 v0x55558fbfcdc0_0;
    %flag_set/vec4 8;
    %jmp/0xz  T_22.2, 8;
    %pushi/vec4 1, 0, 1;
    %assign/vec4 v0x55558fbfcd00_0, 0;
    %jmp T_22.3;
T_22.2 ;
    %load/vec4 v0x55558fbfcba0_0;
    %assign/vec4 v0x55558fbfcd00_0, 0;
T_22.3 ;
T_22.0 ;
    %jmp T_22;
    .thread T_22;
    .scope S_0x55558fb41f90;
T_23 ;
    %pushi/vec4 0, 0, 1;
    %store/vec4 v0x55558fbfd190_0, 0, 1;
    %end;
    .thread T_23;
    .scope S_0x55558fb41f90;
T_24 ;
    %wait E_0x55558fbfcf70;
    %load/vec4 v0x55558fbfd0d0_0;
    %assign/vec4 v0x55558fbfd190_0, 0;
    %jmp T_24;
    .thread T_24;
    .scope S_0x55558fbe6dc0;
T_25 ;
    %pushi/vec4 0, 0, 1;
    %store/vec4 v0x55558fbfd580_0, 0, 1;
    %end;
    .thread T_25;
    .scope S_0x55558fbe6dc0;
T_26 ;
    %wait E_0x55558fbfd2b0;
    %load/vec4 v0x55558fbfd4b0_0;
    %flag_set/vec4 8;
    %jmp/0xz  T_26.0, 8;
    %load/vec4 v0x55558fbfd3f0_0;
    %assign/vec4 v0x55558fbfd580_0, 0;
T_26.0 ;
    %jmp T_26;
    .thread T_26;
    .scope S_0x55558fbd4b50;
T_27 ;
    %pushi/vec4 0, 0, 1;
    %store/vec4 v0x55558fbfd9b0_0, 0, 1;
    %end;
    .thread T_27;
    .scope S_0x55558fbd4b50;
T_28 ;
    %wait E_0x55558fbfd6f0;
    %load/vec4 v0x55558fbfda70_0;
    %flag_set/vec4 8;
    %jmp/0xz  T_28.0, 8;
    %pushi/vec4 0, 0, 1;
    %assign/vec4 v0x55558fbfd9b0_0, 0;
    %jmp T_28.1;
T_28.0 ;
    %load/vec4 v0x55558fbfd910_0;
    %flag_set/vec4 8;
    %jmp/0xz  T_28.2, 8;
    %load/vec4 v0x55558fbfd850_0;
    %assign/vec4 v0x55558fbfd9b0_0, 0;
T_28.2 ;
T_28.1 ;
    %jmp T_28;
    .thread T_28;
    .scope S_0x55558fbd4770;
T_29 ;
    %pushi/vec4 0, 0, 1;
    %store/vec4 v0x55558fbfdee0_0, 0, 1;
    %end;
    .thread T_29;
    .scope S_0x55558fbd4770;
T_30 ;
    %wait E_0x55558fbfdc20;
    %load/vec4 v0x55558fbfdfa0_0;
    %flag_set/vec4 8;
    %jmp/0xz  T_30.0, 8;
    %pushi/vec4 1, 0, 1;
    %assign/vec4 v0x55558fbfdee0_0, 0;
    %jmp T_30.1;
T_30.0 ;
    %load/vec4 v0x55558fbfde40_0;
    %flag_set/vec4 8;
    %jmp/0xz  T_30.2, 8;
    %load/vec4 v0x55558fbfdd80_0;
    %assign/vec4 v0x55558fbfdee0_0, 0;
T_30.2 ;
T_30.1 ;
    %jmp T_30;
    .thread T_30;
    .scope S_0x55558fbc2ca0;
T_31 ;
    %pushi/vec4 0, 0, 1;
    %store/vec4 v0x55558fbfe410_0, 0, 1;
    %end;
    .thread T_31;
    .scope S_0x55558fbc2ca0;
T_32 ;
    %wait E_0x55558fbfe150;
    %load/vec4 v0x55558fbfe370_0;
    %flag_set/vec4 8;
    %jmp/0xz  T_32.0, 8;
    %load/vec4 v0x55558fbfe4d0_0;
    %flag_set/vec4 8;
    %jmp/0xz  T_32.2, 8;
    %pushi/vec4 0, 0, 1;
    %assign/vec4 v0x55558fbfe410_0, 0;
    %jmp T_32.3;
T_32.2 ;
    %load/vec4 v0x55558fbfe2b0_0;
    %assign/vec4 v0x55558fbfe410_0, 0;
T_32.3 ;
T_32.0 ;
    %jmp T_32;
    .thread T_32;
    .scope S_0x55558fb9cee0;
T_33 ;
    %pushi/vec4 0, 0, 1;
    %store/vec4 v0x55558fbfe940_0, 0, 1;
    %end;
    .thread T_33;
    .scope S_0x55558fb9cee0;
T_34 ;
    %wait E_0x55558fbfe680;
    %load/vec4 v0x55558fbfe8a0_0;
    %flag_set/vec4 8;
    %jmp/0xz  T_34.0, 8;
    %load/vec4 v0x55558fbfea00_0;
    %flag_set/vec4 8;
    %jmp/0xz  T_34.2, 8;
    %pushi/vec4 1, 0, 1;
    %assign/vec4 v0x55558fbfe940_0, 0;
    %jmp T_34.3;
T_34.2 ;
    %load/vec4 v0x55558fbfe7e0_0;
    %assign/vec4 v0x55558fbfe940_0, 0;
T_34.3 ;
T_34.0 ;
    %jmp T_34;
    .thread T_34;
    .scope S_0x55558fb9c560;
T_35 ;
    %pushi/vec4 0, 0, 1;
    %store/vec4 v0x55558fbfedd0_0, 0, 1;
    %end;
    .thread T_35;
    .scope S_0x55558fb9c560;
T_36 ;
    %wait E_0x55558fbfebb0;
    %load/vec4 v0x55558fbfee70_0;
    %flag_set/vec4 8;
    %jmp/0xz  T_36.0, 8;
    %pushi/vec4 0, 0, 1;
    %assign/vec4 v0x55558fbfedd0_0, 0;
    %jmp T_36.1;
T_36.0 ;
    %load/vec4 v0x55558fbfed10_0;
    %assign/vec4 v0x55558fbfedd0_0, 0;
T_36.1 ;
    %jmp T_36;
    .thread T_36;
    .scope S_0x55558fb98620;
T_37 ;
    %pushi/vec4 0, 0, 1;
    %store/vec4 v0x55558fbff200_0, 0, 1;
    %end;
    .thread T_37;
    .scope S_0x55558fb98620;
T_38 ;
    %wait E_0x55558fbfefe0;
    %load/vec4 v0x55558fbff2a0_0;
    %flag_set/vec4 8;
    %jmp/0xz  T_38.0, 8;
    %pushi/vec4 1, 0, 1;
    %assign/vec4 v0x55558fbff200_0, 0;
    %jmp T_38.1;
T_38.0 ;
    %load/vec4 v0x55558fbff140_0;
    %assign/vec4 v0x55558fbff200_0, 0;
T_38.1 ;
    %jmp T_38;
    .thread T_38;
    .scope S_0x55558fb978a0;
T_39 ;
    %pushi/vec4 0, 0, 1;
    %store/vec4 v0x55558fbff630_0, 0, 1;
    %end;
    .thread T_39;
    .scope S_0x55558fb978a0;
T_40 ;
    %wait E_0x55558fbff410;
    %load/vec4 v0x55558fbff6d0_0;
    %flag_set/vec4 8;
    %jmp/0xz  T_40.0, 8;
    %pushi/vec4 0, 0, 1;
    %assign/vec4 v0x55558fbff630_0, 0;
    %jmp T_40.1;
T_40.0 ;
    %load/vec4 v0x55558fbff570_0;
    %assign/vec4 v0x55558fbff630_0, 0;
T_40.1 ;
    %jmp T_40;
    .thread T_40;
    .scope S_0x55558fb96b20;
T_41 ;
    %pushi/vec4 0, 0, 1;
    %store/vec4 v0x55558fbffa60_0, 0, 1;
    %end;
    .thread T_41;
    .scope S_0x55558fb96b20;
T_42 ;
    %wait E_0x55558fbff840;
    %load/vec4 v0x55558fbffb00_0;
    %flag_set/vec4 8;
    %jmp/0xz  T_42.0, 8;
    %pushi/vec4 1, 0, 1;
    %assign/vec4 v0x55558fbffa60_0, 0;
    %jmp T_42.1;
T_42.0 ;
    %load/vec4 v0x55558fbff9a0_0;
    %assign/vec4 v0x55558fbffa60_0, 0;
T_42.1 ;
    %jmp T_42;
    .thread T_42;
    .scope S_0x55558fb93f10;
T_43 ;
    %pushi/vec4 0, 0, 1;
    %store/vec4 v0x55558fbffe90_0, 0, 1;
    %end;
    .thread T_43;
    .scope S_0x55558fb93f10;
T_44 ;
    %wait E_0x55558fbffc70;
    %load/vec4 v0x55558fbfff30_0;
    %flag_set/vec4 8;
    %jmp/0xz  T_44.0, 8;
    %pushi/vec4 0, 0, 1;
    %assign/vec4 v0x55558fbffe90_0, 0;
    %jmp T_44.1;
T_44.0 ;
    %load/vec4 v0x55558fbffdd0_0;
    %assign/vec4 v0x55558fbffe90_0, 0;
T_44.1 ;
    %jmp T_44;
    .thread T_44;
    .scope S_0x55558fbabea0;
T_45 ;
    %pushi/vec4 0, 0, 1;
    %store/vec4 v0x55558fc002c0_0, 0, 1;
    %end;
    .thread T_45;
    .scope S_0x55558fbabea0;
T_46 ;
    %wait E_0x55558fc000a0;
    %load/vec4 v0x55558fc00360_0;
    %flag_set/vec4 8;
    %jmp/0xz  T_46.0, 8;
    %pushi/vec4 1, 0, 1;
    %assign/vec4 v0x55558fc002c0_0, 0;
    %jmp T_46.1;
T_46.0 ;
    %load/vec4 v0x55558fc00200_0;
    %assign/vec4 v0x55558fc002c0_0, 0;
T_46.1 ;
    %jmp T_46;
    .thread T_46;
    .scope S_0x55558fba7b70;
T_47 ;
    %pushi/vec4 0, 0, 1;
    %store/vec4 v0x55558fc006f0_0, 0, 1;
    %end;
    .thread T_47;
    .scope S_0x55558fba7b70;
T_48 ;
    %wait E_0x55558fc004d0;
    %load/vec4 v0x55558fc00790_0;
    %flag_set/vec4 8;
    %jmp/0xz  T_48.0, 8;
    %pushi/vec4 0, 0, 1;
    %assign/vec4 v0x55558fc006f0_0, 0;
    %jmp T_48.1;
T_48.0 ;
    %load/vec4 v0x55558fc00630_0;
    %assign/vec4 v0x55558fc006f0_0, 0;
T_48.1 ;
    %jmp T_48;
    .thread T_48;
    .scope S_0x55558fb95da0;
T_49 ;
    %pushi/vec4 0, 0, 1;
    %store/vec4 v0x55558fc00b20_0, 0, 1;
    %end;
    .thread T_49;
    .scope S_0x55558fb95da0;
T_50 ;
    %wait E_0x55558fc00900;
    %load/vec4 v0x55558fc00bc0_0;
    %flag_set/vec4 8;
    %jmp/0xz  T_50.0, 8;
    %pushi/vec4 1, 0, 1;
    %assign/vec4 v0x55558fc00b20_0, 0;
    %jmp T_50.1;
T_50.0 ;
    %load/vec4 v0x55558fc00a60_0;
    %assign/vec4 v0x55558fc00b20_0, 0;
T_50.1 ;
    %jmp T_50;
    .thread T_50;
    .scope S_0x55558fc017d0;
T_51 ;
    %wait E_0x55558fc01af0;
    %load/vec4 v0x55558fc024d0_0;
    %assign/vec4 v0x55558fc02590_0, 0;
    %jmp T_51;
    .thread T_51;
    .scope S_0x55558fc017d0;
T_52 ;
    %wait E_0x55558fc01af0;
    %load/vec4 v0x55558fc024d0_0;
    %flag_set/vec4 8;
    %jmp/0xz  T_52.0, 8;
    %load/vec4 v0x55558fc02270_0;
    %assign/vec4 v0x55558fc029a0_0, 0;
T_52.0 ;
    %jmp T_52;
    .thread T_52;
    .scope S_0x55558fc017d0;
T_53 ;
    %wait E_0x55558fc01a90;
    %load/vec4 v0x55558fc02590_0;
    %flag_set/vec4 8;
    %jmp/0xz  T_53.0, 8;
    %load/vec4 v0x55558fc02270_0;
    %assign/vec4 v0x55558fc02a60_0, 0;
T_53.0 ;
    %jmp T_53;
    .thread T_53;
    .scope S_0x55558fc017d0;
T_54 ;
    %wait E_0x55558fc019b0;
    %load/vec4 v0x55558fc024d0_0;
    %assign/vec4 v0x55558fc02650_0, 0;
    %jmp T_54;
    .thread T_54;
    .scope S_0x55558fc017d0;
T_55 ;
    %wait E_0x55558fc019b0;
    %load/vec4 v0x55558fc024d0_0;
    %flag_set/vec4 8;
    %jmp/0xz  T_55.0, 8;
    %load/vec4 v0x55558fc01da0_0;
    %assign/vec4 v0x55558fc02be0_0, 0;
T_55.0 ;
    %jmp T_55;
    .thread T_55;
    .scope S_0x55558fc017d0;
T_56 ;
    %wait E_0x55558fc01a30;
    %load/vec4 v0x55558fc02650_0;
    %flag_set/vec4 8;
    %jmp/0xz  T_56.0, 8;
    %load/vec4 v0x55558fc01e60_0;
    %assign/vec4 v0x55558fc02ca0_0, 0;
T_56.0 ;
    %jmp T_56;
    .thread T_56;
    .scope S_0x55558fc017d0;
T_57 ;
    %wait E_0x55558fc019b0;
    %load/vec4 v0x55558fc024d0_0;
    %flag_set/vec4 8;
    %jmp/0xz  T_57.0, 8;
    %load/vec4 v0x55558fc021b0_0;
    %assign/vec4 v0x55558fc02ee0_0, 0;
T_57.0 ;
    %jmp T_57;
    .thread T_57;
    .scope S_0x55558fc01110;
T_58 ;
    %wait E_0x55558fc01740;
    %load/vec4 v0x55558fc029a0_0;
    %store/vec4 v0x55558fc02710_0, 0, 1;
    %load/vec4 v0x55558fc02a60_0;
    %store/vec4 v0x55558fc027d0_0, 0, 1;
    %jmp T_58;
    .thread T_58, $push;
    .scope S_0x55558fc01110;
T_59 ;
    %wait E_0x55558fc016e0;
    %load/vec4 v0x55558fc020f0_0;
    %assign/vec4 v0x55558fc02d60_0, 0;
    %jmp T_59;
    .thread T_59, $push;
    .scope S_0x55558fc01110;
T_60 ;
    %wait E_0x55558fc01680;
    %load/vec4 v0x55558fc02d60_0;
    %assign/vec4 v0x55558fc02e20_0, 0;
    %jmp T_60;
    .thread T_60, $push;
    .scope S_0x55558fc01110;
T_61 ;
    %wait E_0x55558fc01620;
    %load/vec4 v0x55558fc02e20_0;
    %pushi/vec4 0, 0, 1;
    %xor;
    %flag_set/vec4 8;
    %jmp/1 T_61.2, 8;
    %pushi/vec4 0, 0, 1;
    %flag_set/vec4 9;
    %flag_or 8, 9;
T_61.2;
    %jmp/0 T_61.0, 8;
    %load/vec4 v0x55558fc02be0_0;
    %jmp/1 T_61.1, 8;
T_61.0 ; End of true expr.
    %load/vec4 v0x55558fc02ca0_0;
    %jmp/0 T_61.1, 8;
 ; End of false expr.
    %blend;
T_61.1;
    %store/vec4 v0x55558fc02b20_0, 0, 1;
    %jmp T_61;
    .thread T_61, $push;
    .scope S_0x55558fc06ba0;
T_62 ;
    %wait E_0x55558fc06e70;
    %load/vec4 v0x55558fc06f00_0;
    %flag_set/vec4 8;
    %jmp/0xz  T_62.0, 8;
    %load/vec4 v0x55558fc075f0_0;
    %assign/vec4 v0x55558fc079b0_0, 0;
T_62.0 ;
    %jmp T_62;
    .thread T_62;
    .scope S_0x55558fc06ba0;
T_63 ;
    %wait E_0x55558fc06e10;
    %load/vec4 v0x55558fc06f00_0;
    %flag_set/vec4 8;
    %jmp/0xz  T_63.0, 8;
    %load/vec4 v0x55558fc075f0_0;
    %assign/vec4 v0x55558fc07a70_0, 0;
T_63.0 ;
    %jmp T_63;
    .thread T_63;
    .scope S_0x55558fc06ba0;
T_64 ;
    %wait E_0x55558fc06d30;
    %load/vec4 v0x55558fc06f00_0;
    %flag_set/vec4 8;
    %jmp/0xz  T_64.0, 8;
    %load/vec4 v0x55558fc07120_0;
    %assign/vec4 v0x55558fc07bf0_0, 0;
T_64.0 ;
    %jmp T_64;
    .thread T_64;
    .scope S_0x55558fc06ba0;
T_65 ;
    %wait E_0x55558fc06db0;
    %load/vec4 v0x55558fc06f00_0;
    %flag_set/vec4 8;
    %jmp/0xz  T_65.0, 8;
    %load/vec4 v0x55558fc071e0_0;
    %assign/vec4 v0x55558fc07cb0_0, 0;
T_65.0 ;
    %jmp T_65;
    .thread T_65;
    .scope S_0x55558fc06ba0;
T_66 ;
    %wait E_0x55558fc06d30;
    %load/vec4 v0x55558fc06f00_0;
    %flag_set/vec4 8;
    %jmp/0xz  T_66.0, 8;
    %load/vec4 v0x55558fc07530_0;
    %assign/vec4 v0x55558fc07ef0_0, 0;
T_66.0 ;
    %jmp T_66;
    .thread T_66;
    .scope S_0x55558fb63680;
T_67 ;
    %wait E_0x55558fc06b10;
    %load/vec4 v0x55558fc079b0_0;
    %store/vec4 v0x55558fc07830_0, 0, 1;
    %load/vec4 v0x55558fc07a70_0;
    %store/vec4 v0x55558fc078f0_0, 0, 1;
    %jmp T_67;
    .thread T_67, $push;
    .scope S_0x55558fb63680;
T_68 ;
    %wait E_0x55558fc06ab0;
    %load/vec4 v0x55558fc07470_0;
    %assign/vec4 v0x55558fc07d70_0, 0;
    %jmp T_68;
    .thread T_68, $push;
    .scope S_0x55558fb63680;
T_69 ;
    %wait E_0x55558fc06a50;
    %load/vec4 v0x55558fc07d70_0;
    %assign/vec4 v0x55558fc07e30_0, 0;
    %jmp T_69;
    .thread T_69, $push;
    .scope S_0x55558fb63680;
T_70 ;
    %wait E_0x55558fc069d0;
    %load/vec4 v0x55558fc07e30_0;
    %pushi/vec4 0, 0, 1;
    %xor;
    %flag_set/vec4 8;
    %jmp/1 T_70.2, 8;
    %pushi/vec4 0, 0, 1;
    %flag_set/vec4 9;
    %flag_or 8, 9;
T_70.2;
    %jmp/0 T_70.0, 8;
    %load/vec4 v0x55558fc07bf0_0;
    %jmp/1 T_70.1, 8;
T_70.0 ; End of true expr.
    %load/vec4 v0x55558fc07cb0_0;
    %jmp/0 T_70.1, 8;
 ; End of false expr.
    %blend;
T_70.1;
    %store/vec4 v0x55558fc07b30_0, 0, 1;
    %jmp T_70;
    .thread T_70, $push;
    .scope S_0x55558fc08370;
T_71 ;
    %wait E_0x55558fc08640;
    %load/vec4 v0x55558fc086d0_0;
    %flag_set/vec4 8;
    %jmp/0xz  T_71.0, 8;
    %load/vec4 v0x55558fc08dc0_0;
    %assign/vec4 v0x55558fc09000_0, 0;
T_71.0 ;
    %jmp T_71;
    .thread T_71;
    .scope S_0x55558fc08370;
T_72 ;
    %wait E_0x55558fc085e0;
    %load/vec4 v0x55558fc086d0_0;
    %flag_set/vec4 8;
    %jmp/0xz  T_72.0, 8;
    %load/vec4 v0x55558fc08dc0_0;
    %assign/vec4 v0x55558fc090c0_0, 0;
T_72.0 ;
    %jmp T_72;
    .thread T_72;
    .scope S_0x55558fc08370;
T_73 ;
    %wait E_0x55558fc08500;
    %load/vec4 v0x55558fc086d0_0;
    %flag_set/vec4 8;
    %jmp/0xz  T_73.0, 8;
    %load/vec4 v0x55558fc088f0_0;
    %assign/vec4 v0x55558fc09240_0, 0;
T_73.0 ;
    %jmp T_73;
    .thread T_73;
    .scope S_0x55558fc08370;
T_74 ;
    %wait E_0x55558fc08580;
    %load/vec4 v0x55558fc086d0_0;
    %flag_set/vec4 8;
    %jmp/0xz  T_74.0, 8;
    %load/vec4 v0x55558fc089b0_0;
    %assign/vec4 v0x55558fc09300_0, 0;
T_74.0 ;
    %jmp T_74;
    .thread T_74;
    .scope S_0x55558fc08370;
T_75 ;
    %wait E_0x55558fc08500;
    %load/vec4 v0x55558fc086d0_0;
    %flag_set/vec4 8;
    %jmp/0xz  T_75.0, 8;
    %load/vec4 v0x55558fc08d00_0;
    %assign/vec4 v0x55558fc09650_0, 0;
T_75.0 ;
    %jmp T_75;
    .thread T_75;
    .scope S_0x55558fb41b20;
T_76 ;
    %wait E_0x55558fc082e0;
    %load/vec4 v0x55558fc09000_0;
    %store/vec4 v0x55558fc08e80_0, 0, 1;
    %load/vec4 v0x55558fc090c0_0;
    %store/vec4 v0x55558fc08f40_0, 0, 1;
    %jmp T_76;
    .thread T_76, $push;
    .scope S_0x55558fb41b20;
T_77 ;
    %wait E_0x55558fc08280;
    %load/vec4 v0x55558fc08c40_0;
    %assign/vec4 v0x55558fc094d0_0, 0;
    %jmp T_77;
    .thread T_77, $push;
    .scope S_0x55558fb41b20;
T_78 ;
    %wait E_0x55558fc08220;
    %load/vec4 v0x55558fc094d0_0;
    %assign/vec4 v0x55558fc09590_0, 0;
    %jmp T_78;
    .thread T_78, $push;
    .scope S_0x55558fb41b20;
T_79 ;
    %wait E_0x55558fc081a0;
    %load/vec4 v0x55558fc09590_0;
    %pushi/vec4 0, 0, 1;
    %xor;
    %flag_set/vec4 8;
    %jmp/1 T_79.2, 8;
    %pushi/vec4 0, 0, 1;
    %flag_set/vec4 9;
    %flag_or 8, 9;
T_79.2;
    %jmp/0 T_79.0, 8;
    %load/vec4 v0x55558fc09240_0;
    %jmp/1 T_79.1, 8;
T_79.0 ; End of true expr.
    %load/vec4 v0x55558fc09300_0;
    %jmp/0 T_79.1, 8;
 ; End of false expr.
    %blend;
T_79.1;
    %store/vec4 v0x55558fc09180_0, 0, 1;
    %jmp T_79;
    .thread T_79, $push;
    .scope S_0x55558fb3dfe0;
T_80 ;
    %wait E_0x55558fc0c060;
    %load/vec4 v0x55558fc0d3f0_0;
    %flag_set/vec4 8;
    %jmp/0xz  T_80.0, 8;
    %pushi/vec4 0, 0, 16;
    %assign/vec4 v0x55558fc13060_0, 0;
    %pushi/vec4 0, 0, 16;
    %assign/vec4 v0x55558fc12ea0_0, 0;
    %jmp T_80.1;
T_80.0 ;
    %load/vec4 v0x55558fc0cc00_0;
    %flag_set/vec4 8;
    %jmp/0xz  T_80.2, 8;
    %load/vec4 v0x55558fc0ccc0_0;
    %nor/r;
    %flag_set/vec4 8;
    %jmp/0xz  T_80.4, 8;
    %load/vec4 v0x55558fc0cb20_0;
    %assign/vec4 v0x55558fc13060_0, 0;
T_80.4 ;
    %load/vec4 v0x55558fc0c4b0_0;
    %nor/r;
    %flag_set/vec4 8;
    %jmp/0xz  T_80.6, 8;
    %load/vec4 v0x55558fc0c0f0_0;
    %assign/vec4 v0x55558fc12ea0_0, 0;
T_80.6 ;
T_80.2 ;
T_80.1 ;
    %jmp T_80;
    .thread T_80;
    .scope S_0x55558fb3dfe0;
T_81 ;
    %wait E_0x55558fc0c000;
    %load/vec4 v0x55558fc0d330_0;
    %flag_set/vec4 8;
    %jmp/0xz  T_81.0, 8;
    %pushi/vec4 0, 0, 16;
    %assign/vec4 v0x55558fc12f80_0, 0;
    %pushi/vec4 0, 0, 16;
    %assign/vec4 v0x55558fc13140_0, 0;
    %jmp T_81.1;
T_81.0 ;
    %load/vec4 v0x55558fc0cc00_0;
    %flag_set/vec4 8;
    %jmp/0xz  T_81.2, 8;
    %load/vec4 v0x55558fc0c8a0_0;
    %nor/r;
    %flag_set/vec4 8;
    %jmp/0xz  T_81.4, 8;
    %load/vec4 v0x55558fc0c730_0;
    %assign/vec4 v0x55558fc12f80_0, 0;
T_81.4 ;
    %load/vec4 v0x55558fc0d1b0_0;
    %nor/r;
    %flag_set/vec4 8;
    %jmp/0xz  T_81.6, 8;
    %load/vec4 v0x55558fc0d0d0_0;
    %assign/vec4 v0x55558fc13140_0, 0;
T_81.6 ;
T_81.2 ;
T_81.1 ;
    %jmp T_81;
    .thread T_81;
    .scope S_0x55558fb3dfe0;
T_82 ;
    %wait E_0x55558fc0c060;
    %load/vec4 v0x55558fc0d3f0_0;
    %flag_set/vec4 8;
    %jmp/0xz  T_82.0, 8;
    %pushi/vec4 0, 0, 16;
    %assign/vec4 v0x55558fc13a30_0, 0;
    %pushi/vec4 0, 0, 16;
    %assign/vec4 v0x55558fc13cd0_0, 0;
    %jmp T_82.1;
T_82.0 ;
    %load/vec4 v0x55558fc0cc00_0;
    %flag_set/vec4 8;
    %jmp/0xz  T_82.2, 8;
    %load/vec4 v0x55558fc12b20_0;
    %assign/vec4 v0x55558fc13a30_0, 0;
    %load/vec4 v0x55558fc12ce0_0;
    %assign/vec4 v0x55558fc13cd0_0, 0;
T_82.2 ;
T_82.1 ;
    %jmp T_82;
    .thread T_82;
    .scope S_0x55558fb3dfe0;
T_83 ;
    %wait E_0x55558fc0c000;
    %load/vec4 v0x55558fc0d330_0;
    %flag_set/vec4 8;
    %jmp/0xz  T_83.0, 8;
    %pushi/vec4 0, 0, 16;
    %assign/vec4 v0x55558fc13db0_0, 0;
    %pushi/vec4 0, 0, 16;
    %assign/vec4 v0x55558fc13b10_0, 0;
    %jmp T_83.1;
T_83.0 ;
    %load/vec4 v0x55558fc0cc00_0;
    %flag_set/vec4 8;
    %jmp/0xz  T_83.2, 8;
    %load/vec4 v0x55558fc12c00_0;
    %assign/vec4 v0x55558fc13db0_0, 0;
    %load/vec4 v0x55558fc12dc0_0;
    %assign/vec4 v0x55558fc13b10_0, 0;
T_83.2 ;
T_83.1 ;
    %jmp T_83;
    .thread T_83;
    .scope S_0x55558fb3dfe0;
T_84 ;
    %wait E_0x55558fc0c000;
    %load/vec4 v0x55558fc0d330_0;
    %flag_set/vec4 8;
    %jmp/0xz  T_84.0, 8;
    %pushi/vec4 0, 0, 32;
    %assign/vec4 v0x55558fc13bf0_0, 0;
    %jmp T_84.1;
T_84.0 ;
    %load/vec4 v0x55558fc0cc00_0;
    %flag_set/vec4 8;
    %jmp/0xz  T_84.2, 8;
    %load/vec4 v0x55558fc12340_0;
    %assign/vec4 v0x55558fc13bf0_0, 0;
T_84.2 ;
T_84.1 ;
    %jmp T_84;
    .thread T_84;
    .scope S_0x55558fb3dfe0;
T_85 ;
    %wait E_0x55558fc0bfa0;
    %load/vec4 v0x55558fc0dad0_0;
    %flag_set/vec4 8;
    %jmp/0xz  T_85.0, 8;
    %pushi/vec4 0, 0, 16;
    %assign/vec4 v0x55558fc13e90_0, 0;
    %jmp T_85.1;
T_85.0 ;
    %load/vec4 v0x55558fc0cc00_0;
    %flag_set/vec4 8;
    %jmp/0xz  T_85.2, 8;
    %load/vec4 v0x55558fc0d7d0_0;
    %nor/r;
    %flag_set/vec4 8;
    %jmp/0xz  T_85.4, 8;
    %load/vec4 v0x55558fc12420_0;
    %assign/vec4 v0x55558fc13e90_0, 0;
T_85.4 ;
T_85.2 ;
T_85.1 ;
    %jmp T_85;
    .thread T_85;
    .scope S_0x55558fb3dfe0;
T_86 ;
    %wait E_0x55558fc0bf20;
    %load/vec4 v0x55558fc0da10_0;
    %flag_set/vec4 8;
    %jmp/0xz  T_86.0, 8;
    %pushi/vec4 0, 0, 16;
    %assign/vec4 v0x55558fc13f70_0, 0;
    %jmp T_86.1;
T_86.0 ;
    %load/vec4 v0x55558fc0cc00_0;
    %flag_set/vec4 8;
    %jmp/0xz  T_86.2, 8;
    %load/vec4 v0x55558fc0d710_0;
    %nor/r;
    %flag_set/vec4 8;
    %jmp/0xz  T_86.4, 8;
    %load/vec4 v0x55558fc125e0_0;
    %assign/vec4 v0x55558fc13f70_0, 0;
T_86.4 ;
T_86.2 ;
T_86.1 ;
    %jmp T_86;
    .thread T_86;
    .scope S_0x55558fc18210;
T_87 ;
    %pushi/vec4 0, 0, 32;
    %store/vec4 v0x55558fc1b4c0_0, 0, 32;
T_87.0 ; Top of for-loop
    %load/vec4 v0x55558fc1b4c0_0;
    %cmpi/s 16, 0, 32;
	  %jmp/0xz T_87.1, 5;
    %pushi/vec4 0, 0, 256;
    %load/vec4 v0x55558fc1b4c0_0;
    %muli 16, 0, 32;
    %part/s 16;
    %pushi/vec4 0, 0, 32;
    %load/vec4 v0x55558fc1b4c0_0;
    %add;
    %ix/vec4/s 4;
    %store/vec4a v0x55558fc1b5a0, 4, 0;
    %pushi/vec4 0, 0, 256;
    %load/vec4 v0x55558fc1b4c0_0;
    %muli 16, 0, 32;
    %part/s 16;
    %pushi/vec4 16, 0, 32;
    %load/vec4 v0x55558fc1b4c0_0;
    %add;
    %ix/vec4/s 4;
    %store/vec4a v0x55558fc1b5a0, 4, 0;
    %pushi/vec4 0, 0, 256;
    %load/vec4 v0x55558fc1b4c0_0;
    %muli 16, 0, 32;
    %part/s 16;
    %pushi/vec4 32, 0, 32;
    %load/vec4 v0x55558fc1b4c0_0;
    %add;
    %ix/vec4/s 4;
    %store/vec4a v0x55558fc1b5a0, 4, 0;
    %pushi/vec4 0, 0, 256;
    %load/vec4 v0x55558fc1b4c0_0;
    %muli 16, 0, 32;
    %part/s 16;
    %pushi/vec4 48, 0, 32;
    %load/vec4 v0x55558fc1b4c0_0;
    %add;
    %ix/vec4/s 4;
    %store/vec4a v0x55558fc1b5a0, 4, 0;
    %pushi/vec4 0, 0, 256;
    %load/vec4 v0x55558fc1b4c0_0;
    %muli 16, 0, 32;
    %part/s 16;
    %pushi/vec4 64, 0, 32;
    %load/vec4 v0x55558fc1b4c0_0;
    %add;
    %ix/vec4/s 4;
    %store/vec4a v0x55558fc1b5a0, 4, 0;
    %pushi/vec4 0, 0, 256;
    %load/vec4 v0x55558fc1b4c0_0;
    %muli 16, 0, 32;
    %part/s 16;
    %pushi/vec4 80, 0, 32;
    %load/vec4 v0x55558fc1b4c0_0;
    %add;
    %ix/vec4/s 4;
    %store/vec4a v0x55558fc1b5a0, 4, 0;
    %pushi/vec4 0, 0, 256;
    %load/vec4 v0x55558fc1b4c0_0;
    %muli 16, 0, 32;
    %part/s 16;
    %pushi/vec4 96, 0, 32;
    %load/vec4 v0x55558fc1b4c0_0;
    %add;
    %ix/vec4/s 4;
    %store/vec4a v0x55558fc1b5a0, 4, 0;
    %pushi/vec4 0, 0, 256;
    %load/vec4 v0x55558fc1b4c0_0;
    %muli 16, 0, 32;
    %part/s 16;
    %pushi/vec4 112, 0, 32;
    %load/vec4 v0x55558fc1b4c0_0;
    %add;
    %ix/vec4/s 4;
    %store/vec4a v0x55558fc1b5a0, 4, 0;
    %pushi/vec4 0, 0, 256;
    %load/vec4 v0x55558fc1b4c0_0;
    %muli 16, 0, 32;
    %part/s 16;
    %pushi/vec4 128, 0, 32;
    %load/vec4 v0x55558fc1b4c0_0;
    %add;
    %ix/vec4/s 4;
    %store/vec4a v0x55558fc1b5a0, 4, 0;
    %pushi/vec4 0, 0, 256;
    %load/vec4 v0x55558fc1b4c0_0;
    %muli 16, 0, 32;
    %part/s 16;
    %pushi/vec4 144, 0, 32;
    %load/vec4 v0x55558fc1b4c0_0;
    %add;
    %ix/vec4/s 4;
    %store/vec4a v0x55558fc1b5a0, 4, 0;
    %pushi/vec4 0, 0, 256;
    %load/vec4 v0x55558fc1b4c0_0;
    %muli 16, 0, 32;
    %part/s 16;
    %pushi/vec4 160, 0, 32;
    %load/vec4 v0x55558fc1b4c0_0;
    %add;
    %ix/vec4/s 4;
    %store/vec4a v0x55558fc1b5a0, 4, 0;
    %pushi/vec4 0, 0, 256;
    %load/vec4 v0x55558fc1b4c0_0;
    %muli 16, 0, 32;
    %part/s 16;
    %pushi/vec4 176, 0, 32;
    %load/vec4 v0x55558fc1b4c0_0;
    %add;
    %ix/vec4/s 4;
    %store/vec4a v0x55558fc1b5a0, 4, 0;
    %pushi/vec4 0, 0, 256;
    %load/vec4 v0x55558fc1b4c0_0;
    %muli 16, 0, 32;
    %part/s 16;
    %pushi/vec4 192, 0, 32;
    %load/vec4 v0x55558fc1b4c0_0;
    %add;
    %ix/vec4/s 4;
    %store/vec4a v0x55558fc1b5a0, 4, 0;
    %pushi/vec4 0, 0, 256;
    %load/vec4 v0x55558fc1b4c0_0;
    %muli 16, 0, 32;
    %part/s 16;
    %pushi/vec4 208, 0, 32;
    %load/vec4 v0x55558fc1b4c0_0;
    %add;
    %ix/vec4/s 4;
    %store/vec4a v0x55558fc1b5a0, 4, 0;
    %pushi/vec4 0, 0, 256;
    %load/vec4 v0x55558fc1b4c0_0;
    %muli 16, 0, 32;
    %part/s 16;
    %pushi/vec4 224, 0, 32;
    %load/vec4 v0x55558fc1b4c0_0;
    %add;
    %ix/vec4/s 4;
    %store/vec4a v0x55558fc1b5a0, 4, 0;
    %pushi/vec4 0, 0, 256;
    %load/vec4 v0x55558fc1b4c0_0;
    %muli 16, 0, 32;
    %part/s 16;
    %pushi/vec4 240, 0, 32;
    %load/vec4 v0x55558fc1b4c0_0;
    %add;
    %ix/vec4/s 4;
    %store/vec4a v0x55558fc1b5a0, 4, 0;
T_87.2 ; for-loop step statement
    %load/vec4 v0x55558fc1b4c0_0;
    %addi 1, 0, 32;
    %store/vec4 v0x55558fc1b4c0_0, 0, 32;
    %jmp T_87.0;
T_87.1 ; for-loop exit label
    %end;
    .thread T_87;
    .scope S_0x55558fc18210;
T_88 ;
    %wait E_0x55558fc19fd0;
    %load/vec4 v0x55558fc1b320_0;
    %flag_set/vec4 9;
    %flag_get/vec4 9;
    %jmp/0 T_88.2, 9;
    %load/vec4 v0x55558fc1b0a0_0;
    %and;
T_88.2;
    %flag_set/vec4 8;
    %jmp/0xz  T_88.0, 8;
    %load/vec4 v0x55558fc1b3e0_0;
    %parti/s 1, 0, 2;
    %nor/r;
    %flag_set/vec4 8;
    %jmp/0xz  T_88.3, 8;
    %load/vec4 v0x55558fc1b240_0;
    %parti/s 1, 0, 2;
    %load/vec4 v0x55558fc1af00_0;
    %parti/s 8, 0, 2;
    %pad/u 10;
    %ix/vec4 3;
    %ix/load 4, 0, 0; Constant delay
    %assign/vec4/a/d v0x55558fc1b5a0, 0, 4;
T_88.3 ;
    %load/vec4 v0x55558fc1b3e0_0;
    %parti/s 1, 1, 2;
    %nor/r;
    %flag_set/vec4 8;
    %jmp/0xz  T_88.5, 8;
    %load/vec4 v0x55558fc1b240_0;
    %parti/s 1, 1, 2;
    %load/vec4 v0x55558fc1af00_0;
    %parti/s 8, 0, 2;
    %pad/u 10;
    %ix/vec4 3;
    %ix/load 4, 1, 0; part off
    %ix/load 5, 0, 0; Constant delay
    %assign/vec4/a/d v0x55558fc1b5a0, 4, 5;
T_88.5 ;
    %load/vec4 v0x55558fc1b3e0_0;
    %parti/s 1, 2, 3;
    %nor/r;
    %flag_set/vec4 8;
    %jmp/0xz  T_88.7, 8;
    %load/vec4 v0x55558fc1b240_0;
    %parti/s 1, 2, 3;
    %load/vec4 v0x55558fc1af00_0;
    %parti/s 8, 0, 2;
    %pad/u 10;
    %ix/vec4 3;
    %ix/load 4, 2, 0; part off
    %ix/load 5, 0, 0; Constant delay
    %assign/vec4/a/d v0x55558fc1b5a0, 4, 5;
T_88.7 ;
    %load/vec4 v0x55558fc1b3e0_0;
    %parti/s 1, 3, 3;
    %nor/r;
    %flag_set/vec4 8;
    %jmp/0xz  T_88.9, 8;
    %load/vec4 v0x55558fc1b240_0;
    %parti/s 1, 3, 3;
    %load/vec4 v0x55558fc1af00_0;
    %parti/s 8, 0, 2;
    %pad/u 10;
    %ix/vec4 3;
    %ix/load 4, 3, 0; part off
    %ix/load 5, 0, 0; Constant delay
    %assign/vec4/a/d v0x55558fc1b5a0, 4, 5;
T_88.9 ;
    %load/vec4 v0x55558fc1b3e0_0;
    %parti/s 1, 4, 4;
    %nor/r;
    %flag_set/vec4 8;
    %jmp/0xz  T_88.11, 8;
    %load/vec4 v0x55558fc1b240_0;
    %parti/s 1, 4, 4;
    %load/vec4 v0x55558fc1af00_0;
    %parti/s 8, 0, 2;
    %pad/u 10;
    %ix/vec4 3;
    %ix/load 4, 4, 0; part off
    %ix/load 5, 0, 0; Constant delay
    %assign/vec4/a/d v0x55558fc1b5a0, 4, 5;
T_88.11 ;
    %load/vec4 v0x55558fc1b3e0_0;
    %parti/s 1, 5, 4;
    %nor/r;
    %flag_set/vec4 8;
    %jmp/0xz  T_88.13, 8;
    %load/vec4 v0x55558fc1b240_0;
    %parti/s 1, 5, 4;
    %load/vec4 v0x55558fc1af00_0;
    %parti/s 8, 0, 2;
    %pad/u 10;
    %ix/vec4 3;
    %ix/load 4, 5, 0; part off
    %ix/load 5, 0, 0; Constant delay
    %assign/vec4/a/d v0x55558fc1b5a0, 4, 5;
T_88.13 ;
    %load/vec4 v0x55558fc1b3e0_0;
    %parti/s 1, 6, 4;
    %nor/r;
    %flag_set/vec4 8;
    %jmp/0xz  T_88.15, 8;
    %load/vec4 v0x55558fc1b240_0;
    %parti/s 1, 6, 4;
    %load/vec4 v0x55558fc1af00_0;
    %parti/s 8, 0, 2;
    %pad/u 10;
    %ix/vec4 3;
    %ix/load 4, 6, 0; part off
    %ix/load 5, 0, 0; Constant delay
    %assign/vec4/a/d v0x55558fc1b5a0, 4, 5;
T_88.15 ;
    %load/vec4 v0x55558fc1b3e0_0;
    %parti/s 1, 7, 4;
    %nor/r;
    %flag_set/vec4 8;
    %jmp/0xz  T_88.17, 8;
    %load/vec4 v0x55558fc1b240_0;
    %parti/s 1, 7, 4;
    %load/vec4 v0x55558fc1af00_0;
    %parti/s 8, 0, 2;
    %pad/u 10;
    %ix/vec4 3;
    %ix/load 4, 7, 0; part off
    %ix/load 5, 0, 0; Constant delay
    %assign/vec4/a/d v0x55558fc1b5a0, 4, 5;
T_88.17 ;
    %load/vec4 v0x55558fc1b3e0_0;
    %parti/s 1, 8, 5;
    %nor/r;
    %flag_set/vec4 8;
    %jmp/0xz  T_88.19, 8;
    %load/vec4 v0x55558fc1b240_0;
    %parti/s 1, 8, 5;
    %load/vec4 v0x55558fc1af00_0;
    %parti/s 8, 0, 2;
    %pad/u 10;
    %ix/vec4 3;
    %ix/load 4, 8, 0; part off
    %ix/load 5, 0, 0; Constant delay
    %assign/vec4/a/d v0x55558fc1b5a0, 4, 5;
T_88.19 ;
    %load/vec4 v0x55558fc1b3e0_0;
    %parti/s 1, 9, 5;
    %nor/r;
    %flag_set/vec4 8;
    %jmp/0xz  T_88.21, 8;
    %load/vec4 v0x55558fc1b240_0;
    %parti/s 1, 9, 5;
    %load/vec4 v0x55558fc1af00_0;
    %parti/s 8, 0, 2;
    %pad/u 10;
    %ix/vec4 3;
    %ix/load 4, 9, 0; part off
    %ix/load 5, 0, 0; Constant delay
    %assign/vec4/a/d v0x55558fc1b5a0, 4, 5;
T_88.21 ;
    %load/vec4 v0x55558fc1b3e0_0;
    %parti/s 1, 10, 5;
    %nor/r;
    %flag_set/vec4 8;
    %jmp/0xz  T_88.23, 8;
    %load/vec4 v0x55558fc1b240_0;
    %parti/s 1, 10, 5;
    %load/vec4 v0x55558fc1af00_0;
    %parti/s 8, 0, 2;
    %pad/u 10;
    %ix/vec4 3;
    %ix/load 4, 10, 0; part off
    %ix/load 5, 0, 0; Constant delay
    %assign/vec4/a/d v0x55558fc1b5a0, 4, 5;
T_88.23 ;
    %load/vec4 v0x55558fc1b3e0_0;
    %parti/s 1, 11, 5;
    %nor/r;
    %flag_set/vec4 8;
    %jmp/0xz  T_88.25, 8;
    %load/vec4 v0x55558fc1b240_0;
    %parti/s 1, 11, 5;
    %load/vec4 v0x55558fc1af00_0;
    %parti/s 8, 0, 2;
    %pad/u 10;
    %ix/vec4 3;
    %ix/load 4, 11, 0; part off
    %ix/load 5, 0, 0; Constant delay
    %assign/vec4/a/d v0x55558fc1b5a0, 4, 5;
T_88.25 ;
    %load/vec4 v0x55558fc1b3e0_0;
    %parti/s 1, 12, 5;
    %nor/r;
    %flag_set/vec4 8;
    %jmp/0xz  T_88.27, 8;
    %load/vec4 v0x55558fc1b240_0;
    %parti/s 1, 12, 5;
    %load/vec4 v0x55558fc1af00_0;
    %parti/s 8, 0, 2;
    %pad/u 10;
    %ix/vec4 3;
    %ix/load 4, 12, 0; part off
    %ix/load 5, 0, 0; Constant delay
    %assign/vec4/a/d v0x55558fc1b5a0, 4, 5;
T_88.27 ;
    %load/vec4 v0x55558fc1b3e0_0;
    %parti/s 1, 13, 5;
    %nor/r;
    %flag_set/vec4 8;
    %jmp/0xz  T_88.29, 8;
    %load/vec4 v0x55558fc1b240_0;
    %parti/s 1, 13, 5;
    %load/vec4 v0x55558fc1af00_0;
    %parti/s 8, 0, 2;
    %pad/u 10;
    %ix/vec4 3;
    %ix/load 4, 13, 0; part off
    %ix/load 5, 0, 0; Constant delay
    %assign/vec4/a/d v0x55558fc1b5a0, 4, 5;
T_88.29 ;
    %load/vec4 v0x55558fc1b3e0_0;
    %parti/s 1, 14, 5;
    %nor/r;
    %flag_set/vec4 8;
    %jmp/0xz  T_88.31, 8;
    %load/vec4 v0x55558fc1b240_0;
    %parti/s 1, 14, 5;
    %load/vec4 v0x55558fc1af00_0;
    %parti/s 8, 0, 2;
    %pad/u 10;
    %ix/vec4 3;
    %ix/load 4, 14, 0; part off
    %ix/load 5, 0, 0; Constant delay
    %assign/vec4/a/d v0x55558fc1b5a0, 4, 5;
T_88.31 ;
    %load/vec4 v0x55558fc1b3e0_0;
    %parti/s 1, 15, 5;
    %nor/r;
    %flag_set/vec4 8;
    %jmp/0xz  T_88.33, 8;
    %load/vec4 v0x55558fc1b240_0;
    %parti/s 1, 15, 5;
    %load/vec4 v0x55558fc1af00_0;
    %parti/s 8, 0, 2;
    %pad/u 10;
    %ix/vec4 3;
    %ix/load 4, 15, 0; part off
    %ix/load 5, 0, 0; Constant delay
    %assign/vec4/a/d v0x55558fc1b5a0, 4, 5;
T_88.33 ;
T_88.0 ;
    %jmp T_88;
    .thread T_88;
    .scope S_0x55558fc18210;
T_89 ;
    %wait E_0x55558fc19f50;
    %load/vec4 v0x55558fc1ad60_0;
    %flag_set/vec4 9;
    %flag_get/vec4 9;
    %jmp/0 T_89.2, 9;
    %load/vec4 v0x55558fc1aa90_0;
    %and;
T_89.2;
    %flag_set/vec4 8;
    %jmp/0xz  T_89.0, 8;
    %load/vec4 v0x55558fc1a8e0_0;
    %parti/s 8, 0, 2;
    %pad/u 10;
    %ix/vec4 4;
    %load/vec4a v0x55558fc1b5a0, 4;
    %load/vec4 v0x55558fc1ae20_0;
    %inv;
    %and;
    %assign/vec4 v0x55558fc1ac80_0, 0;
T_89.0 ;
    %jmp T_89;
    .thread T_89;
    .scope S_0x55558fc1c2a0;
T_90 ;
    %pushi/vec4 0, 0, 32;
    %store/vec4 v0x55558fc1f800_0, 0, 32;
T_90.0 ; Top of for-loop
    %load/vec4 v0x55558fc1f800_0;
    %cmpi/s 16, 0, 32;
	  %jmp/0xz T_90.1, 5;
    %pushi/vec4 0, 0, 256;
    %load/vec4 v0x55558fc1f800_0;
    %muli 16, 0, 32;
    %part/s 16;
    %pushi/vec4 0, 0, 32;
    %load/vec4 v0x55558fc1f800_0;
    %add;
    %ix/vec4/s 4;
    %store/vec4a v0x55558fc1f8e0, 4, 0;
    %pushi/vec4 0, 0, 256;
    %load/vec4 v0x55558fc1f800_0;
    %muli 16, 0, 32;
    %part/s 16;
    %pushi/vec4 16, 0, 32;
    %load/vec4 v0x55558fc1f800_0;
    %add;
    %ix/vec4/s 4;
    %store/vec4a v0x55558fc1f8e0, 4, 0;
    %pushi/vec4 0, 0, 256;
    %load/vec4 v0x55558fc1f800_0;
    %muli 16, 0, 32;
    %part/s 16;
    %pushi/vec4 32, 0, 32;
    %load/vec4 v0x55558fc1f800_0;
    %add;
    %ix/vec4/s 4;
    %store/vec4a v0x55558fc1f8e0, 4, 0;
    %pushi/vec4 0, 0, 256;
    %load/vec4 v0x55558fc1f800_0;
    %muli 16, 0, 32;
    %part/s 16;
    %pushi/vec4 48, 0, 32;
    %load/vec4 v0x55558fc1f800_0;
    %add;
    %ix/vec4/s 4;
    %store/vec4a v0x55558fc1f8e0, 4, 0;
    %pushi/vec4 0, 0, 256;
    %load/vec4 v0x55558fc1f800_0;
    %muli 16, 0, 32;
    %part/s 16;
    %pushi/vec4 64, 0, 32;
    %load/vec4 v0x55558fc1f800_0;
    %add;
    %ix/vec4/s 4;
    %store/vec4a v0x55558fc1f8e0, 4, 0;
    %pushi/vec4 0, 0, 256;
    %load/vec4 v0x55558fc1f800_0;
    %muli 16, 0, 32;
    %part/s 16;
    %pushi/vec4 80, 0, 32;
    %load/vec4 v0x55558fc1f800_0;
    %add;
    %ix/vec4/s 4;
    %store/vec4a v0x55558fc1f8e0, 4, 0;
    %pushi/vec4 0, 0, 256;
    %load/vec4 v0x55558fc1f800_0;
    %muli 16, 0, 32;
    %part/s 16;
    %pushi/vec4 96, 0, 32;
    %load/vec4 v0x55558fc1f800_0;
    %add;
    %ix/vec4/s 4;
    %store/vec4a v0x55558fc1f8e0, 4, 0;
    %pushi/vec4 0, 0, 256;
    %load/vec4 v0x55558fc1f800_0;
    %muli 16, 0, 32;
    %part/s 16;
    %pushi/vec4 112, 0, 32;
    %load/vec4 v0x55558fc1f800_0;
    %add;
    %ix/vec4/s 4;
    %store/vec4a v0x55558fc1f8e0, 4, 0;
    %pushi/vec4 0, 0, 256;
    %load/vec4 v0x55558fc1f800_0;
    %muli 16, 0, 32;
    %part/s 16;
    %pushi/vec4 128, 0, 32;
    %load/vec4 v0x55558fc1f800_0;
    %add;
    %ix/vec4/s 4;
    %store/vec4a v0x55558fc1f8e0, 4, 0;
    %pushi/vec4 0, 0, 256;
    %load/vec4 v0x55558fc1f800_0;
    %muli 16, 0, 32;
    %part/s 16;
    %pushi/vec4 144, 0, 32;
    %load/vec4 v0x55558fc1f800_0;
    %add;
    %ix/vec4/s 4;
    %store/vec4a v0x55558fc1f8e0, 4, 0;
    %pushi/vec4 0, 0, 256;
    %load/vec4 v0x55558fc1f800_0;
    %muli 16, 0, 32;
    %part/s 16;
    %pushi/vec4 160, 0, 32;
    %load/vec4 v0x55558fc1f800_0;
    %add;
    %ix/vec4/s 4;
    %store/vec4a v0x55558fc1f8e0, 4, 0;
    %pushi/vec4 0, 0, 256;
    %load/vec4 v0x55558fc1f800_0;
    %muli 16, 0, 32;
    %part/s 16;
    %pushi/vec4 176, 0, 32;
    %load/vec4 v0x55558fc1f800_0;
    %add;
    %ix/vec4/s 4;
    %store/vec4a v0x55558fc1f8e0, 4, 0;
    %pushi/vec4 0, 0, 256;
    %load/vec4 v0x55558fc1f800_0;
    %muli 16, 0, 32;
    %part/s 16;
    %pushi/vec4 192, 0, 32;
    %load/vec4 v0x55558fc1f800_0;
    %add;
    %ix/vec4/s 4;
    %store/vec4a v0x55558fc1f8e0, 4, 0;
    %pushi/vec4 0, 0, 256;
    %load/vec4 v0x55558fc1f800_0;
    %muli 16, 0, 32;
    %part/s 16;
    %pushi/vec4 208, 0, 32;
    %load/vec4 v0x55558fc1f800_0;
    %add;
    %ix/vec4/s 4;
    %store/vec4a v0x55558fc1f8e0, 4, 0;
    %pushi/vec4 0, 0, 256;
    %load/vec4 v0x55558fc1f800_0;
    %muli 16, 0, 32;
    %part/s 16;
    %pushi/vec4 224, 0, 32;
    %load/vec4 v0x55558fc1f800_0;
    %add;
    %ix/vec4/s 4;
    %store/vec4a v0x55558fc1f8e0, 4, 0;
    %pushi/vec4 0, 0, 256;
    %load/vec4 v0x55558fc1f800_0;
    %muli 16, 0, 32;
    %part/s 16;
    %pushi/vec4 240, 0, 32;
    %load/vec4 v0x55558fc1f800_0;
    %add;
    %ix/vec4/s 4;
    %store/vec4a v0x55558fc1f8e0, 4, 0;
T_90.2 ; for-loop step statement
    %load/vec4 v0x55558fc1f800_0;
    %addi 1, 0, 32;
    %store/vec4 v0x55558fc1f800_0, 0, 32;
    %jmp T_90.0;
T_90.1 ; for-loop exit label
    %end;
    .thread T_90;
    .scope S_0x55558fc1c2a0;
T_91 ;
    %wait E_0x55558fc1e310;
    %load/vec4 v0x55558fc1f660_0;
    %flag_set/vec4 9;
    %flag_get/vec4 9;
    %jmp/0 T_91.2, 9;
    %load/vec4 v0x55558fc1f3e0_0;
    %and;
T_91.2;
    %flag_set/vec4 8;
    %jmp/0xz  T_91.0, 8;
    %load/vec4 v0x55558fc1f720_0;
    %parti/s 1, 0, 2;
    %nor/r;
    %flag_set/vec4 8;
    %jmp/0xz  T_91.3, 8;
    %load/vec4 v0x55558fc1f580_0;
    %parti/s 1, 0, 2;
    %load/vec4 v0x55558fc1f240_0;
    %parti/s 8, 0, 2;
    %pad/u 10;
    %ix/vec4 3;
    %ix/load 4, 0, 0; Constant delay
    %assign/vec4/a/d v0x55558fc1f8e0, 0, 4;
T_91.3 ;
    %load/vec4 v0x55558fc1f720_0;
    %parti/s 1, 1, 2;
    %nor/r;
    %flag_set/vec4 8;
    %jmp/0xz  T_91.5, 8;
    %load/vec4 v0x55558fc1f580_0;
    %parti/s 1, 1, 2;
    %load/vec4 v0x55558fc1f240_0;
    %parti/s 8, 0, 2;
    %pad/u 10;
    %ix/vec4 3;
    %ix/load 4, 1, 0; part off
    %ix/load 5, 0, 0; Constant delay
    %assign/vec4/a/d v0x55558fc1f8e0, 4, 5;
T_91.5 ;
    %load/vec4 v0x55558fc1f720_0;
    %parti/s 1, 2, 3;
    %nor/r;
    %flag_set/vec4 8;
    %jmp/0xz  T_91.7, 8;
    %load/vec4 v0x55558fc1f580_0;
    %parti/s 1, 2, 3;
    %load/vec4 v0x55558fc1f240_0;
    %parti/s 8, 0, 2;
    %pad/u 10;
    %ix/vec4 3;
    %ix/load 4, 2, 0; part off
    %ix/load 5, 0, 0; Constant delay
    %assign/vec4/a/d v0x55558fc1f8e0, 4, 5;
T_91.7 ;
    %load/vec4 v0x55558fc1f720_0;
    %parti/s 1, 3, 3;
    %nor/r;
    %flag_set/vec4 8;
    %jmp/0xz  T_91.9, 8;
    %load/vec4 v0x55558fc1f580_0;
    %parti/s 1, 3, 3;
    %load/vec4 v0x55558fc1f240_0;
    %parti/s 8, 0, 2;
    %pad/u 10;
    %ix/vec4 3;
    %ix/load 4, 3, 0; part off
    %ix/load 5, 0, 0; Constant delay
    %assign/vec4/a/d v0x55558fc1f8e0, 4, 5;
T_91.9 ;
    %load/vec4 v0x55558fc1f720_0;
    %parti/s 1, 4, 4;
    %nor/r;
    %flag_set/vec4 8;
    %jmp/0xz  T_91.11, 8;
    %load/vec4 v0x55558fc1f580_0;
    %parti/s 1, 4, 4;
    %load/vec4 v0x55558fc1f240_0;
    %parti/s 8, 0, 2;
    %pad/u 10;
    %ix/vec4 3;
    %ix/load 4, 4, 0; part off
    %ix/load 5, 0, 0; Constant delay
    %assign/vec4/a/d v0x55558fc1f8e0, 4, 5;
T_91.11 ;
    %load/vec4 v0x55558fc1f720_0;
    %parti/s 1, 5, 4;
    %nor/r;
    %flag_set/vec4 8;
    %jmp/0xz  T_91.13, 8;
    %load/vec4 v0x55558fc1f580_0;
    %parti/s 1, 5, 4;
    %load/vec4 v0x55558fc1f240_0;
    %parti/s 8, 0, 2;
    %pad/u 10;
    %ix/vec4 3;
    %ix/load 4, 5, 0; part off
    %ix/load 5, 0, 0; Constant delay
    %assign/vec4/a/d v0x55558fc1f8e0, 4, 5;
T_91.13 ;
    %load/vec4 v0x55558fc1f720_0;
    %parti/s 1, 6, 4;
    %nor/r;
    %flag_set/vec4 8;
    %jmp/0xz  T_91.15, 8;
    %load/vec4 v0x55558fc1f580_0;
    %parti/s 1, 6, 4;
    %load/vec4 v0x55558fc1f240_0;
    %parti/s 8, 0, 2;
    %pad/u 10;
    %ix/vec4 3;
    %ix/load 4, 6, 0; part off
    %ix/load 5, 0, 0; Constant delay
    %assign/vec4/a/d v0x55558fc1f8e0, 4, 5;
T_91.15 ;
    %load/vec4 v0x55558fc1f720_0;
    %parti/s 1, 7, 4;
    %nor/r;
    %flag_set/vec4 8;
    %jmp/0xz  T_91.17, 8;
    %load/vec4 v0x55558fc1f580_0;
    %parti/s 1, 7, 4;
    %load/vec4 v0x55558fc1f240_0;
    %parti/s 8, 0, 2;
    %pad/u 10;
    %ix/vec4 3;
    %ix/load 4, 7, 0; part off
    %ix/load 5, 0, 0; Constant delay
    %assign/vec4/a/d v0x55558fc1f8e0, 4, 5;
T_91.17 ;
    %load/vec4 v0x55558fc1f720_0;
    %parti/s 1, 8, 5;
    %nor/r;
    %flag_set/vec4 8;
    %jmp/0xz  T_91.19, 8;
    %load/vec4 v0x55558fc1f580_0;
    %parti/s 1, 8, 5;
    %load/vec4 v0x55558fc1f240_0;
    %parti/s 8, 0, 2;
    %pad/u 10;
    %ix/vec4 3;
    %ix/load 4, 8, 0; part off
    %ix/load 5, 0, 0; Constant delay
    %assign/vec4/a/d v0x55558fc1f8e0, 4, 5;
T_91.19 ;
    %load/vec4 v0x55558fc1f720_0;
    %parti/s 1, 9, 5;
    %nor/r;
    %flag_set/vec4 8;
    %jmp/0xz  T_91.21, 8;
    %load/vec4 v0x55558fc1f580_0;
    %parti/s 1, 9, 5;
    %load/vec4 v0x55558fc1f240_0;
    %parti/s 8, 0, 2;
    %pad/u 10;
    %ix/vec4 3;
    %ix/load 4, 9, 0; part off
    %ix/load 5, 0, 0; Constant delay
    %assign/vec4/a/d v0x55558fc1f8e0, 4, 5;
T_91.21 ;
    %load/vec4 v0x55558fc1f720_0;
    %parti/s 1, 10, 5;
    %nor/r;
    %flag_set/vec4 8;
    %jmp/0xz  T_91.23, 8;
    %load/vec4 v0x55558fc1f580_0;
    %parti/s 1, 10, 5;
    %load/vec4 v0x55558fc1f240_0;
    %parti/s 8, 0, 2;
    %pad/u 10;
    %ix/vec4 3;
    %ix/load 4, 10, 0; part off
    %ix/load 5, 0, 0; Constant delay
    %assign/vec4/a/d v0x55558fc1f8e0, 4, 5;
T_91.23 ;
    %load/vec4 v0x55558fc1f720_0;
    %parti/s 1, 11, 5;
    %nor/r;
    %flag_set/vec4 8;
    %jmp/0xz  T_91.25, 8;
    %load/vec4 v0x55558fc1f580_0;
    %parti/s 1, 11, 5;
    %load/vec4 v0x55558fc1f240_0;
    %parti/s 8, 0, 2;
    %pad/u 10;
    %ix/vec4 3;
    %ix/load 4, 11, 0; part off
    %ix/load 5, 0, 0; Constant delay
    %assign/vec4/a/d v0x55558fc1f8e0, 4, 5;
T_91.25 ;
    %load/vec4 v0x55558fc1f720_0;
    %parti/s 1, 12, 5;
    %nor/r;
    %flag_set/vec4 8;
    %jmp/0xz  T_91.27, 8;
    %load/vec4 v0x55558fc1f580_0;
    %parti/s 1, 12, 5;
    %load/vec4 v0x55558fc1f240_0;
    %parti/s 8, 0, 2;
    %pad/u 10;
    %ix/vec4 3;
    %ix/load 4, 12, 0; part off
    %ix/load 5, 0, 0; Constant delay
    %assign/vec4/a/d v0x55558fc1f8e0, 4, 5;
T_91.27 ;
    %load/vec4 v0x55558fc1f720_0;
    %parti/s 1, 13, 5;
    %nor/r;
    %flag_set/vec4 8;
    %jmp/0xz  T_91.29, 8;
    %load/vec4 v0x55558fc1f580_0;
    %parti/s 1, 13, 5;
    %load/vec4 v0x55558fc1f240_0;
    %parti/s 8, 0, 2;
    %pad/u 10;
    %ix/vec4 3;
    %ix/load 4, 13, 0; part off
    %ix/load 5, 0, 0; Constant delay
    %assign/vec4/a/d v0x55558fc1f8e0, 4, 5;
T_91.29 ;
    %load/vec4 v0x55558fc1f720_0;
    %parti/s 1, 14, 5;
    %nor/r;
    %flag_set/vec4 8;
    %jmp/0xz  T_91.31, 8;
    %load/vec4 v0x55558fc1f580_0;
    %parti/s 1, 14, 5;
    %load/vec4 v0x55558fc1f240_0;
    %parti/s 8, 0, 2;
    %pad/u 10;
    %ix/vec4 3;
    %ix/load 4, 14, 0; part off
    %ix/load 5, 0, 0; Constant delay
    %assign/vec4/a/d v0x55558fc1f8e0, 4, 5;
T_91.31 ;
    %load/vec4 v0x55558fc1f720_0;
    %parti/s 1, 15, 5;
    %nor/r;
    %flag_set/vec4 8;
    %jmp/0xz  T_91.33, 8;
    %load/vec4 v0x55558fc1f580_0;
    %parti/s 1, 15, 5;
    %load/vec4 v0x55558fc1f240_0;
    %parti/s 8, 0, 2;
    %pad/u 10;
    %ix/vec4 3;
    %ix/load 4, 15, 0; part off
    %ix/load 5, 0, 0; Constant delay
    %assign/vec4/a/d v0x55558fc1f8e0, 4, 5;
T_91.33 ;
T_91.0 ;
    %jmp T_91;
    .thread T_91;
    .scope S_0x55558fc1c2a0;
T_92 ;
    %wait E_0x55558fc1e290;
    %load/vec4 v0x55558fc1f0a0_0;
    %flag_set/vec4 9;
    %flag_get/vec4 9;
    %jmp/0 T_92.2, 9;
    %load/vec4 v0x55558fc1edd0_0;
    %and;
T_92.2;
    %flag_set/vec4 8;
    %jmp/0xz  T_92.0, 8;
    %load/vec4 v0x55558fc1ec20_0;
    %parti/s 8, 0, 2;
    %pad/u 10;
    %ix/vec4 4;
    %load/vec4a v0x55558fc1f8e0, 4;
    %load/vec4 v0x55558fc1f160_0;
    %inv;
    %and;
    %assign/vec4 v0x55558fc1efc0_0, 0;
T_92.0 ;
    %jmp T_92;
    .thread T_92;
    .scope S_0x55558fc205f0;
T_93 ;
    %pushi/vec4 0, 0, 32;
    %store/vec4 v0x55558fc23b50_0, 0, 32;
T_93.0 ; Top of for-loop
    %load/vec4 v0x55558fc23b50_0;
    %cmpi/s 16, 0, 32;
	  %jmp/0xz T_93.1, 5;
    %pushi/vec4 0, 0, 256;
    %load/vec4 v0x55558fc23b50_0;
    %muli 16, 0, 32;
    %part/s 16;
    %pushi/vec4 0, 0, 32;
    %load/vec4 v0x55558fc23b50_0;
    %add;
    %ix/vec4/s 4;
    %store/vec4a v0x55558fc23c30, 4, 0;
    %pushi/vec4 0, 0, 256;
    %load/vec4 v0x55558fc23b50_0;
    %muli 16, 0, 32;
    %part/s 16;
    %pushi/vec4 16, 0, 32;
    %load/vec4 v0x55558fc23b50_0;
    %add;
    %ix/vec4/s 4;
    %store/vec4a v0x55558fc23c30, 4, 0;
    %pushi/vec4 0, 0, 256;
    %load/vec4 v0x55558fc23b50_0;
    %muli 16, 0, 32;
    %part/s 16;
    %pushi/vec4 32, 0, 32;
    %load/vec4 v0x55558fc23b50_0;
    %add;
    %ix/vec4/s 4;
    %store/vec4a v0x55558fc23c30, 4, 0;
    %pushi/vec4 0, 0, 256;
    %load/vec4 v0x55558fc23b50_0;
    %muli 16, 0, 32;
    %part/s 16;
    %pushi/vec4 48, 0, 32;
    %load/vec4 v0x55558fc23b50_0;
    %add;
    %ix/vec4/s 4;
    %store/vec4a v0x55558fc23c30, 4, 0;
    %pushi/vec4 0, 0, 256;
    %load/vec4 v0x55558fc23b50_0;
    %muli 16, 0, 32;
    %part/s 16;
    %pushi/vec4 64, 0, 32;
    %load/vec4 v0x55558fc23b50_0;
    %add;
    %ix/vec4/s 4;
    %store/vec4a v0x55558fc23c30, 4, 0;
    %pushi/vec4 0, 0, 256;
    %load/vec4 v0x55558fc23b50_0;
    %muli 16, 0, 32;
    %part/s 16;
    %pushi/vec4 80, 0, 32;
    %load/vec4 v0x55558fc23b50_0;
    %add;
    %ix/vec4/s 4;
    %store/vec4a v0x55558fc23c30, 4, 0;
    %pushi/vec4 0, 0, 256;
    %load/vec4 v0x55558fc23b50_0;
    %muli 16, 0, 32;
    %part/s 16;
    %pushi/vec4 96, 0, 32;
    %load/vec4 v0x55558fc23b50_0;
    %add;
    %ix/vec4/s 4;
    %store/vec4a v0x55558fc23c30, 4, 0;
    %pushi/vec4 0, 0, 256;
    %load/vec4 v0x55558fc23b50_0;
    %muli 16, 0, 32;
    %part/s 16;
    %pushi/vec4 112, 0, 32;
    %load/vec4 v0x55558fc23b50_0;
    %add;
    %ix/vec4/s 4;
    %store/vec4a v0x55558fc23c30, 4, 0;
    %pushi/vec4 0, 0, 256;
    %load/vec4 v0x55558fc23b50_0;
    %muli 16, 0, 32;
    %part/s 16;
    %pushi/vec4 128, 0, 32;
    %load/vec4 v0x55558fc23b50_0;
    %add;
    %ix/vec4/s 4;
    %store/vec4a v0x55558fc23c30, 4, 0;
    %pushi/vec4 0, 0, 256;
    %load/vec4 v0x55558fc23b50_0;
    %muli 16, 0, 32;
    %part/s 16;
    %pushi/vec4 144, 0, 32;
    %load/vec4 v0x55558fc23b50_0;
    %add;
    %ix/vec4/s 4;
    %store/vec4a v0x55558fc23c30, 4, 0;
    %pushi/vec4 0, 0, 256;
    %load/vec4 v0x55558fc23b50_0;
    %muli 16, 0, 32;
    %part/s 16;
    %pushi/vec4 160, 0, 32;
    %load/vec4 v0x55558fc23b50_0;
    %add;
    %ix/vec4/s 4;
    %store/vec4a v0x55558fc23c30, 4, 0;
    %pushi/vec4 0, 0, 256;
    %load/vec4 v0x55558fc23b50_0;
    %muli 16, 0, 32;
    %part/s 16;
    %pushi/vec4 176, 0, 32;
    %load/vec4 v0x55558fc23b50_0;
    %add;
    %ix/vec4/s 4;
    %store/vec4a v0x55558fc23c30, 4, 0;
    %pushi/vec4 0, 0, 256;
    %load/vec4 v0x55558fc23b50_0;
    %muli 16, 0, 32;
    %part/s 16;
    %pushi/vec4 192, 0, 32;
    %load/vec4 v0x55558fc23b50_0;
    %add;
    %ix/vec4/s 4;
    %store/vec4a v0x55558fc23c30, 4, 0;
    %pushi/vec4 0, 0, 256;
    %load/vec4 v0x55558fc23b50_0;
    %muli 16, 0, 32;
    %part/s 16;
    %pushi/vec4 208, 0, 32;
    %load/vec4 v0x55558fc23b50_0;
    %add;
    %ix/vec4/s 4;
    %store/vec4a v0x55558fc23c30, 4, 0;
    %pushi/vec4 0, 0, 256;
    %load/vec4 v0x55558fc23b50_0;
    %muli 16, 0, 32;
    %part/s 16;
    %pushi/vec4 224, 0, 32;
    %load/vec4 v0x55558fc23b50_0;
    %add;
    %ix/vec4/s 4;
    %store/vec4a v0x55558fc23c30, 4, 0;
    %pushi/vec4 0, 0, 256;
    %load/vec4 v0x55558fc23b50_0;
    %muli 16, 0, 32;
    %part/s 16;
    %pushi/vec4 240, 0, 32;
    %load/vec4 v0x55558fc23b50_0;
    %add;
    %ix/vec4/s 4;
    %store/vec4a v0x55558fc23c30, 4, 0;
T_93.2 ; for-loop step statement
    %load/vec4 v0x55558fc23b50_0;
    %addi 1, 0, 32;
    %store/vec4 v0x55558fc23b50_0, 0, 32;
    %jmp T_93.0;
T_93.1 ; for-loop exit label
    %end;
    .thread T_93;
    .scope S_0x55558fc205f0;
T_94 ;
    %wait E_0x55558fc22660;
    %load/vec4 v0x55558fc239b0_0;
    %flag_set/vec4 9;
    %flag_get/vec4 9;
    %jmp/0 T_94.2, 9;
    %load/vec4 v0x55558fc23730_0;
    %and;
T_94.2;
    %flag_set/vec4 8;
    %jmp/0xz  T_94.0, 8;
    %load/vec4 v0x55558fc23a70_0;
    %parti/s 1, 0, 2;
    %nor/r;
    %flag_set/vec4 8;
    %jmp/0xz  T_94.3, 8;
    %load/vec4 v0x55558fc238d0_0;
    %parti/s 1, 0, 2;
    %load/vec4 v0x55558fc23590_0;
    %parti/s 8, 0, 2;
    %pad/u 10;
    %ix/vec4 3;
    %ix/load 4, 0, 0; Constant delay
    %assign/vec4/a/d v0x55558fc23c30, 0, 4;
T_94.3 ;
    %load/vec4 v0x55558fc23a70_0;
    %parti/s 1, 1, 2;
    %nor/r;
    %flag_set/vec4 8;
    %jmp/0xz  T_94.5, 8;
    %load/vec4 v0x55558fc238d0_0;
    %parti/s 1, 1, 2;
    %load/vec4 v0x55558fc23590_0;
    %parti/s 8, 0, 2;
    %pad/u 10;
    %ix/vec4 3;
    %ix/load 4, 1, 0; part off
    %ix/load 5, 0, 0; Constant delay
    %assign/vec4/a/d v0x55558fc23c30, 4, 5;
T_94.5 ;
    %load/vec4 v0x55558fc23a70_0;
    %parti/s 1, 2, 3;
    %nor/r;
    %flag_set/vec4 8;
    %jmp/0xz  T_94.7, 8;
    %load/vec4 v0x55558fc238d0_0;
    %parti/s 1, 2, 3;
    %load/vec4 v0x55558fc23590_0;
    %parti/s 8, 0, 2;
    %pad/u 10;
    %ix/vec4 3;
    %ix/load 4, 2, 0; part off
    %ix/load 5, 0, 0; Constant delay
    %assign/vec4/a/d v0x55558fc23c30, 4, 5;
T_94.7 ;
    %load/vec4 v0x55558fc23a70_0;
    %parti/s 1, 3, 3;
    %nor/r;
    %flag_set/vec4 8;
    %jmp/0xz  T_94.9, 8;
    %load/vec4 v0x55558fc238d0_0;
    %parti/s 1, 3, 3;
    %load/vec4 v0x55558fc23590_0;
    %parti/s 8, 0, 2;
    %pad/u 10;
    %ix/vec4 3;
    %ix/load 4, 3, 0; part off
    %ix/load 5, 0, 0; Constant delay
    %assign/vec4/a/d v0x55558fc23c30, 4, 5;
T_94.9 ;
    %load/vec4 v0x55558fc23a70_0;
    %parti/s 1, 4, 4;
    %nor/r;
    %flag_set/vec4 8;
    %jmp/0xz  T_94.11, 8;
    %load/vec4 v0x55558fc238d0_0;
    %parti/s 1, 4, 4;
    %load/vec4 v0x55558fc23590_0;
    %parti/s 8, 0, 2;
    %pad/u 10;
    %ix/vec4 3;
    %ix/load 4, 4, 0; part off
    %ix/load 5, 0, 0; Constant delay
    %assign/vec4/a/d v0x55558fc23c30, 4, 5;
T_94.11 ;
    %load/vec4 v0x55558fc23a70_0;
    %parti/s 1, 5, 4;
    %nor/r;
    %flag_set/vec4 8;
    %jmp/0xz  T_94.13, 8;
    %load/vec4 v0x55558fc238d0_0;
    %parti/s 1, 5, 4;
    %load/vec4 v0x55558fc23590_0;
    %parti/s 8, 0, 2;
    %pad/u 10;
    %ix/vec4 3;
    %ix/load 4, 5, 0; part off
    %ix/load 5, 0, 0; Constant delay
    %assign/vec4/a/d v0x55558fc23c30, 4, 5;
T_94.13 ;
    %load/vec4 v0x55558fc23a70_0;
    %parti/s 1, 6, 4;
    %nor/r;
    %flag_set/vec4 8;
    %jmp/0xz  T_94.15, 8;
    %load/vec4 v0x55558fc238d0_0;
    %parti/s 1, 6, 4;
    %load/vec4 v0x55558fc23590_0;
    %parti/s 8, 0, 2;
    %pad/u 10;
    %ix/vec4 3;
    %ix/load 4, 6, 0; part off
    %ix/load 5, 0, 0; Constant delay
    %assign/vec4/a/d v0x55558fc23c30, 4, 5;
T_94.15 ;
    %load/vec4 v0x55558fc23a70_0;
    %parti/s 1, 7, 4;
    %nor/r;
    %flag_set/vec4 8;
    %jmp/0xz  T_94.17, 8;
    %load/vec4 v0x55558fc238d0_0;
    %parti/s 1, 7, 4;
    %load/vec4 v0x55558fc23590_0;
    %parti/s 8, 0, 2;
    %pad/u 10;
    %ix/vec4 3;
    %ix/load 4, 7, 0; part off
    %ix/load 5, 0, 0; Constant delay
    %assign/vec4/a/d v0x55558fc23c30, 4, 5;
T_94.17 ;
    %load/vec4 v0x55558fc23a70_0;
    %parti/s 1, 8, 5;
    %nor/r;
    %flag_set/vec4 8;
    %jmp/0xz  T_94.19, 8;
    %load/vec4 v0x55558fc238d0_0;
    %parti/s 1, 8, 5;
    %load/vec4 v0x55558fc23590_0;
    %parti/s 8, 0, 2;
    %pad/u 10;
    %ix/vec4 3;
    %ix/load 4, 8, 0; part off
    %ix/load 5, 0, 0; Constant delay
    %assign/vec4/a/d v0x55558fc23c30, 4, 5;
T_94.19 ;
    %load/vec4 v0x55558fc23a70_0;
    %parti/s 1, 9, 5;
    %nor/r;
    %flag_set/vec4 8;
    %jmp/0xz  T_94.21, 8;
    %load/vec4 v0x55558fc238d0_0;
    %parti/s 1, 9, 5;
    %load/vec4 v0x55558fc23590_0;
    %parti/s 8, 0, 2;
    %pad/u 10;
    %ix/vec4 3;
    %ix/load 4, 9, 0; part off
    %ix/load 5, 0, 0; Constant delay
    %assign/vec4/a/d v0x55558fc23c30, 4, 5;
T_94.21 ;
    %load/vec4 v0x55558fc23a70_0;
    %parti/s 1, 10, 5;
    %nor/r;
    %flag_set/vec4 8;
    %jmp/0xz  T_94.23, 8;
    %load/vec4 v0x55558fc238d0_0;
    %parti/s 1, 10, 5;
    %load/vec4 v0x55558fc23590_0;
    %parti/s 8, 0, 2;
    %pad/u 10;
    %ix/vec4 3;
    %ix/load 4, 10, 0; part off
    %ix/load 5, 0, 0; Constant delay
    %assign/vec4/a/d v0x55558fc23c30, 4, 5;
T_94.23 ;
    %load/vec4 v0x55558fc23a70_0;
    %parti/s 1, 11, 5;
    %nor/r;
    %flag_set/vec4 8;
    %jmp/0xz  T_94.25, 8;
    %load/vec4 v0x55558fc238d0_0;
    %parti/s 1, 11, 5;
    %load/vec4 v0x55558fc23590_0;
    %parti/s 8, 0, 2;
    %pad/u 10;
    %ix/vec4 3;
    %ix/load 4, 11, 0; part off
    %ix/load 5, 0, 0; Constant delay
    %assign/vec4/a/d v0x55558fc23c30, 4, 5;
T_94.25 ;
    %load/vec4 v0x55558fc23a70_0;
    %parti/s 1, 12, 5;
    %nor/r;
    %flag_set/vec4 8;
    %jmp/0xz  T_94.27, 8;
    %load/vec4 v0x55558fc238d0_0;
    %parti/s 1, 12, 5;
    %load/vec4 v0x55558fc23590_0;
    %parti/s 8, 0, 2;
    %pad/u 10;
    %ix/vec4 3;
    %ix/load 4, 12, 0; part off
    %ix/load 5, 0, 0; Constant delay
    %assign/vec4/a/d v0x55558fc23c30, 4, 5;
T_94.27 ;
    %load/vec4 v0x55558fc23a70_0;
    %parti/s 1, 13, 5;
    %nor/r;
    %flag_set/vec4 8;
    %jmp/0xz  T_94.29, 8;
    %load/vec4 v0x55558fc238d0_0;
    %parti/s 1, 13, 5;
    %load/vec4 v0x55558fc23590_0;
    %parti/s 8, 0, 2;
    %pad/u 10;
    %ix/vec4 3;
    %ix/load 4, 13, 0; part off
    %ix/load 5, 0, 0; Constant delay
    %assign/vec4/a/d v0x55558fc23c30, 4, 5;
T_94.29 ;
    %load/vec4 v0x55558fc23a70_0;
    %parti/s 1, 14, 5;
    %nor/r;
    %flag_set/vec4 8;
    %jmp/0xz  T_94.31, 8;
    %load/vec4 v0x55558fc238d0_0;
    %parti/s 1, 14, 5;
    %load/vec4 v0x55558fc23590_0;
    %parti/s 8, 0, 2;
    %pad/u 10;
    %ix/vec4 3;
    %ix/load 4, 14, 0; part off
    %ix/load 5, 0, 0; Constant delay
    %assign/vec4/a/d v0x55558fc23c30, 4, 5;
T_94.31 ;
    %load/vec4 v0x55558fc23a70_0;
    %parti/s 1, 15, 5;
    %nor/r;
    %flag_set/vec4 8;
    %jmp/0xz  T_94.33, 8;
    %load/vec4 v0x55558fc238d0_0;
    %parti/s 1, 15, 5;
    %load/vec4 v0x55558fc23590_0;
    %parti/s 8, 0, 2;
    %pad/u 10;
    %ix/vec4 3;
    %ix/load 4, 15, 0; part off
    %ix/load 5, 0, 0; Constant delay
    %assign/vec4/a/d v0x55558fc23c30, 4, 5;
T_94.33 ;
T_94.0 ;
    %jmp T_94;
    .thread T_94;
    .scope S_0x55558fc205f0;
T_95 ;
    %wait E_0x55558fc225e0;
    %load/vec4 v0x55558fc233f0_0;
    %flag_set/vec4 9;
    %flag_get/vec4 9;
    %jmp/0 T_95.2, 9;
    %load/vec4 v0x55558fc23120_0;
    %and;
T_95.2;
    %flag_set/vec4 8;
    %jmp/0xz  T_95.0, 8;
    %load/vec4 v0x55558fc22f70_0;
    %parti/s 8, 0, 2;
    %pad/u 10;
    %ix/vec4 4;
    %load/vec4a v0x55558fc23c30, 4;
    %load/vec4 v0x55558fc234b0_0;
    %inv;
    %and;
    %assign/vec4 v0x55558fc23310_0, 0;
T_95.0 ;
    %jmp T_95;
    .thread T_95;
    .scope S_0x55558fa59800;
T_96 ;
    %wait E_0x55558fc285b0;
    %pushi/vec4 0, 0, 32;
    %store/vec4 v0x55558fc28ed0_0, 0, 32;
T_96.0 ; Top of for-loop
    %load/vec4 v0x55558fc28ed0_0;
    %cmpi/s 16383, 0, 32;
    %flag_or 5, 4;
	  %jmp/0xz T_96.1, 5;
    %pushi/vec4 65535, 65535, 16;
    %ix/getv/s 4, v0x55558fc28ed0_0;
    %store/vec4a v0x55558fc28fb0, 4, 0;
T_96.2 ; for-loop step statement
    %load/vec4 v0x55558fc28ed0_0;
    %addi 1, 0, 32;
    %store/vec4 v0x55558fc28ed0_0, 0, 32;
    %jmp T_96.0;
T_96.1 ; for-loop exit label
    %jmp T_96;
    .thread T_96;
    .scope S_0x55558fa59800;
T_97 ;
    %wait E_0x55558fc28530;
    %load/vec4 v0x55558fc29070_0;
    %flag_set/vec4 8;
    %jmp/0xz  T_97.0, 8;
    %pushi/vec4 0, 0, 16;
    %assign/vec4 v0x55558fc28950_0, 0;
    %jmp T_97.1;
T_97.0 ;
    %load/vec4 v0x55558fc28c90_0;
    %flag_set/vec4 8;
    %jmp/0xz  T_97.2, 8;
    %pushi/vec4 65535, 65535, 16;
    %assign/vec4 v0x55558fc28950_0, 0;
    %jmp T_97.3;
T_97.2 ;
    %load/vec4 v0x55558fc28710_0;
    %flag_set/vec4 8;
    %jmp/0xz  T_97.4, 8;
    %load/vec4 v0x55558fc28d50_0;
    %nor/r;
    %flag_set/vec4 8;
    %jmp/0xz  T_97.6, 8;
    %load/vec4 v0x55558fc28610_0;
    %pad/u 16;
    %ix/vec4 4;
    %load/vec4a v0x55558fc28fb0, 4;
    %assign/vec4 v0x55558fc28950_0, 0;
    %jmp T_97.7;
T_97.6 ;
    %load/vec4 v0x55558fc28a30_0;
    %parti/s 1, 0, 2;
    %flag_set/vec4 8;
    %jmp/0xz  T_97.8, 8;
    %load/vec4 v0x55558fc28870_0;
    %parti/s 4, 0, 2;
    %load/vec4 v0x55558fc28610_0;
    %pad/u 16;
    %ix/vec4 3;
    %ix/load 4, 0, 0; Constant delay
    %assign/vec4/a/d v0x55558fc28fb0, 0, 4;
T_97.8 ;
    %load/vec4 v0x55558fc28a30_0;
    %parti/s 1, 1, 2;
    %flag_set/vec4 8;
    %jmp/0xz  T_97.10, 8;
    %load/vec4 v0x55558fc28870_0;
    %parti/s 4, 4, 4;
    %load/vec4 v0x55558fc28610_0;
    %pad/u 16;
    %ix/vec4 3;
    %ix/load 4, 4, 0; part off
    %ix/load 5, 0, 0; Constant delay
    %assign/vec4/a/d v0x55558fc28fb0, 4, 5;
T_97.10 ;
    %load/vec4 v0x55558fc28a30_0;
    %parti/s 1, 2, 3;
    %flag_set/vec4 8;
    %jmp/0xz  T_97.12, 8;
    %load/vec4 v0x55558fc28870_0;
    %parti/s 4, 8, 5;
    %load/vec4 v0x55558fc28610_0;
    %pad/u 16;
    %ix/vec4 3;
    %ix/load 4, 8, 0; part off
    %ix/load 5, 0, 0; Constant delay
    %assign/vec4/a/d v0x55558fc28fb0, 4, 5;
T_97.12 ;
    %load/vec4 v0x55558fc28a30_0;
    %parti/s 1, 3, 3;
    %flag_set/vec4 8;
    %jmp/0xz  T_97.14, 8;
    %load/vec4 v0x55558fc28870_0;
    %parti/s 4, 12, 5;
    %load/vec4 v0x55558fc28610_0;
    %pad/u 16;
    %ix/vec4 3;
    %ix/load 4, 12, 0; part off
    %ix/load 5, 0, 0; Constant delay
    %assign/vec4/a/d v0x55558fc28fb0, 4, 5;
T_97.14 ;
    %pushi/vec4 65535, 65535, 16;
    %assign/vec4 v0x55558fc28950_0, 0;
T_97.7 ;
T_97.4 ;
T_97.3 ;
T_97.1 ;
    %jmp T_97;
    .thread T_97;
# The file index is used to find the file name in the following table.
:file_names 27;
    "N/A";
    "<interactive>";
    "-";
    "./../../02_Boolean_Arithmetic/ALU.v";
    "./../../02_Boolean_Arithmetic/Add16.v";
    "./../../01_Boolean_Logic/And.v";
    "./../../01_Boolean_Logic/And16.v";
    "./../../01_Boolean_Logic/Buffer.v";
    "./../../01_Boolean_Logic/DMux8Way.v";
    "./../../01_Boolean_Logic/DMux4Way.v";
    "./../../01_Boolean_Logic/DMux.v";
    "FullAdder_tb.v";
    "./../../02_Boolean_Arithmetic/FullAdder.v";
    "./../../02_Boolean_Arithmetic/HalfAdder.v";
    "/home/xpektra/.apio/packages/oss-cad-suite/share/yosys/ice40/cells_sim.v";
    "./../../02_Boolean_Arithmetic/Inc16.v";
    "./../../01_Boolean_Logic/Mux.v";
    "./../../01_Boolean_Logic/Mux8Way16.v";
    "./../../01_Boolean_Logic/Mux4Way16.v";
    "./../../01_Boolean_Logic/Mux16.v";
    "./../../01_Boolean_Logic/Nand.v";
    "./../../01_Boolean_Logic/Not.v";
    "./../../01_Boolean_Logic/Not16.v";
    "./../../01_Boolean_Logic/Or.v";
    "./../../01_Boolean_Logic/Or16.v";
    "./../../01_Boolean_Logic/Or8Way.v";
    "./../../01_Boolean_Logic/Xor.v";
