#! /home/xpektra/.apio/packages/oss-cad-suite/bin/vvp
:ivl_version "13.0 (devel)" "(s20250103-66-gd67d3323a)";
:ivl_delay_selection "TYPICAL";
:vpi_time_precision - 12;
:vpi_module "/home/xpektra/.apio/packages/oss-cad-suite/lib/ivl/system.vpi";
:vpi_module "/home/xpektra/.apio/packages/oss-cad-suite/lib/ivl/vhdl_sys.vpi";
:vpi_module "/home/xpektra/.apio/packages/oss-cad-suite/lib/ivl/vhdl_textio.vpi";
:vpi_module "/home/xpektra/.apio/packages/oss-cad-suite/lib/ivl/v2005_math.vpi";
:vpi_module "/home/xpektra/.apio/packages/oss-cad-suite/lib/ivl/va_math.vpi";
:vpi_module "/home/xpektra/.apio/packages/oss-cad-suite/lib/ivl/v2009.vpi";
S_0x555575668890 .scope package, "$unit" "$unit" 2 1;
 .timescale 0 0;
S_0x5555757c05d0 .scope module, "ALU" "ALU" 3 25;
 .timescale -12 -12;
    .port_info 0 /INPUT 16 "x";
    .port_info 1 /INPUT 16 "y";
    .port_info 2 /INPUT 1 "zx";
    .port_info 3 /INPUT 1 "nx";
    .port_info 4 /INPUT 1 "zy";
    .port_info 5 /INPUT 1 "ny";
    .port_info 6 /INPUT 1 "f";
    .port_info 7 /INPUT 1 "no";
    .port_info 8 /OUTPUT 16 "out";
    .port_info 9 /OUTPUT 1 "zr";
    .port_info 10 /OUTPUT 1 "ng";
L_0x5555758e81c0 .functor NOT 16, L_0x5555758e8020, C4<0000000000000000>, C4<0000000000000000>, C4<0000000000000000>;
L_0x5555758e8520 .functor NOT 16, L_0x5555758e83a0, C4<0000000000000000>, C4<0000000000000000>, C4<0000000000000000>;
L_0x5555758e87a0 .functor AND 16, L_0x5555758e8280, L_0x5555758e85e0, C4<1111111111111111>, C4<1111111111111111>;
L_0x5555758e8a30 .functor NOT 16, L_0x5555758e88b0, C4<0000000000000000>, C4<0000000000000000>, C4<0000000000000000>;
L_0x5555758e8c10 .functor BUFZ 16, L_0x5555758e8b20, C4<0000000000000000>, C4<0000000000000000>, C4<0000000000000000>;
L_0x7fc6166d0018 .functor BUFT 1, C4<0000000000000000>, C4<0>, C4<0>, C4<0>;
v0x555575835dc0_0 .net/2u *"_ivl_0", 15 0, L_0x7fc6166d0018;  1 drivers
v0x5555757e7110_0 .net *"_ivl_12", 15 0, L_0x5555758e8520;  1 drivers
v0x5555757e61c0_0 .net *"_ivl_16", 15 0, L_0x5555758e8700;  1 drivers
v0x5555757e5270_0 .net *"_ivl_18", 15 0, L_0x5555758e87a0;  1 drivers
v0x5555757e4320_0 .net *"_ivl_22", 15 0, L_0x5555758e8a30;  1 drivers
L_0x7fc6166d00a8 .functor BUFT 1, C4<0000000000000000>, C4<0>, C4<0>, C4<0>;
v0x5555757e33d0_0 .net/2u *"_ivl_28", 15 0, L_0x7fc6166d00a8;  1 drivers
v0x5555757e2510_0 .net *"_ivl_4", 15 0, L_0x5555758e81c0;  1 drivers
L_0x7fc6166d0060 .functor BUFT 1, C4<0000000000000000>, C4<0>, C4<0>, C4<0>;
v0x555575658b60_0 .net/2u *"_ivl_8", 15 0, L_0x7fc6166d0060;  1 drivers
o0x7fc616b4c198 .functor BUFZ 1, c4<z>; HiZ drive
v0x555575611150_0 .net "f", 0 0, o0x7fc616b4c198;  0 drivers
v0x555575616a20_0 .net "ng", 0 0, L_0x5555758e8e40;  1 drivers
o0x7fc616b4c1f8 .functor BUFZ 1, c4<z>; HiZ drive
v0x5555757d89b0_0 .net "no", 0 0, o0x7fc616b4c1f8;  0 drivers
o0x7fc616b4c228 .functor BUFZ 1, c4<z>; HiZ drive
v0x5555756259c0_0 .net "nx", 0 0, o0x7fc616b4c228;  0 drivers
o0x7fc616b4c258 .functor BUFZ 1, c4<z>; HiZ drive
v0x55557562b290_0 .net "ny", 0 0, o0x7fc616b4c258;  0 drivers
v0x55557561b4a0_0 .net "out", 15 0, L_0x5555758e8c10;  1 drivers
v0x555575620d70_0 .net "out1", 15 0, L_0x5555758e8b20;  1 drivers
v0x5555755e2990_0 .net "out_f", 15 0, L_0x5555758e88b0;  1 drivers
o0x7fc616b4c318 .functor BUFZ 16, c4<zzzzzzzzzzzzzzzz>; HiZ drive
v0x5555756ed070_0 .net "x", 15 0, o0x7fc616b4c318;  0 drivers
v0x5555757bd430_0 .net "x1", 15 0, L_0x5555758e8020;  1 drivers
v0x55557563f380_0 .net "x2", 15 0, L_0x5555758e8280;  1 drivers
o0x7fc616b4c3a8 .functor BUFZ 16, c4<zzzzzzzzzzzzzzzz>; HiZ drive
v0x55557563bbf0_0 .net "y", 15 0, o0x7fc616b4c3a8;  0 drivers
v0x555575643130_0 .net "y1", 15 0, L_0x5555758e83a0;  1 drivers
v0x55557564af50_0 .net "y2", 15 0, L_0x5555758e85e0;  1 drivers
v0x5555756eb7c0_0 .net "zr", 0 0, L_0x5555758e8cd0;  1 drivers
o0x7fc616b4c468 .functor BUFZ 1, c4<z>; HiZ drive
v0x5555756f3f70_0 .net "zx", 0 0, o0x7fc616b4c468;  0 drivers
o0x7fc616b4c498 .functor BUFZ 1, c4<z>; HiZ drive
v0x5555757026e0_0 .net "zy", 0 0, o0x7fc616b4c498;  0 drivers
L_0x5555758e8020 .functor MUXZ 16, o0x7fc616b4c318, L_0x7fc6166d0018, o0x7fc616b4c468, C4<>;
L_0x5555758e8280 .functor MUXZ 16, L_0x5555758e8020, L_0x5555758e81c0, o0x7fc616b4c228, C4<>;
L_0x5555758e83a0 .functor MUXZ 16, o0x7fc616b4c3a8, L_0x7fc6166d0060, o0x7fc616b4c498, C4<>;
L_0x5555758e85e0 .functor MUXZ 16, L_0x5555758e83a0, L_0x5555758e8520, o0x7fc616b4c258, C4<>;
L_0x5555758e8700 .arith/sum 16, L_0x5555758e8280, L_0x5555758e85e0;
L_0x5555758e88b0 .functor MUXZ 16, L_0x5555758e87a0, L_0x5555758e8700, o0x7fc616b4c198, C4<>;
L_0x5555758e8b20 .functor MUXZ 16, L_0x5555758e88b0, L_0x5555758e8a30, o0x7fc616b4c1f8, C4<>;
L_0x5555758e8cd0 .cmp/eq 16, L_0x5555758e8b20, L_0x7fc6166d00a8;
L_0x5555758e8e40 .part L_0x5555758e8b20, 15, 1;
S_0x55557585c050 .scope module, "Add16" "Add16" 4 8;
 .timescale -12 -12;
    .port_info 0 /INPUT 16 "a";
    .port_info 1 /INPUT 16 "b";
    .port_info 2 /OUTPUT 16 "out";
o0x7fc616b4c6d8 .functor BUFZ 16, c4<zzzzzzzzzzzzzzzz>; HiZ drive
v0x555575597870_0 .net "a", 15 0, o0x7fc616b4c6d8;  0 drivers
o0x7fc616b4c708 .functor BUFZ 16, c4<zzzzzzzzzzzzzzzz>; HiZ drive
v0x5555755d64d0_0 .net "b", 15 0, o0x7fc616b4c708;  0 drivers
v0x5555755d3330_0 .net "out", 15 0, L_0x5555758e8f70;  1 drivers
L_0x5555758e8f70 .arith/sum 16, o0x7fc616b4c6d8, o0x7fc616b4c708;
S_0x55557585cba0 .scope module, "And" "And" 5 8;
 .timescale -12 -12;
    .port_info 0 /INPUT 1 "a";
    .port_info 1 /INPUT 1 "b";
    .port_info 2 /OUTPUT 1 "out";
o0x7fc616b4c7f8 .functor BUFZ 1, c4<z>; HiZ drive
o0x7fc616b4c828 .functor BUFZ 1, c4<z>; HiZ drive
L_0x5555758e9010 .functor AND 1, o0x7fc616b4c7f8, o0x7fc616b4c828, C4<1>, C4<1>;
v0x5555755d4b80_0 .net "a", 0 0, o0x7fc616b4c7f8;  0 drivers
v0x5555755d1c50_0 .net "b", 0 0, o0x7fc616b4c828;  0 drivers
v0x5555755c1730_0 .net "out", 0 0, L_0x5555758e9010;  1 drivers
S_0x55557585df30 .scope module, "And16" "And16" 6 7;
 .timescale -12 -12;
    .port_info 0 /INPUT 16 "a";
    .port_info 1 /INPUT 16 "b";
    .port_info 2 /OUTPUT 16 "out";
L_0x5555758e9340 .functor AND 1, L_0x5555758e9140, L_0x5555758e9240, C4<1>, C4<1>;
L_0x5555758e9640 .functor AND 1, L_0x5555758e9430, L_0x5555758e9520, C4<1>, C4<1>;
L_0x5555758e98d0 .functor AND 1, L_0x5555758e9750, L_0x5555758e97f0, C4<1>, C4<1>;
L_0x5555758e9c90 .functor AND 1, L_0x5555758e99e0, L_0x5555758e9b10, C4<1>, C4<1>;
L_0x5555758e9ed0 .functor AND 1, L_0x5555758e9d30, L_0x5555758e9dd0, C4<1>, C4<1>;
L_0x5555758ea170 .functor AND 1, L_0x5555758e9fc0, L_0x5555758ea060, C4<1>, C4<1>;
L_0x5555758ea100 .functor AND 1, L_0x5555758ea2f0, L_0x5555758ea390, C4<1>, C4<1>;
L_0x5555758ea830 .functor AND 1, L_0x5555758ea550, L_0x5555758ea5f0, C4<1>, C4<1>;
L_0x5555758eaba0 .functor AND 1, L_0x5555758ea9c0, L_0x5555758eaa60, C4<1>, C4<1>;
L_0x5555758eaed0 .functor AND 1, L_0x5555758eace0, L_0x5555758ead80, C4<1>, C4<1>;
L_0x5555758eb1d0 .functor AND 1, L_0x5555758eab00, L_0x5555758eb070, C4<1>, C4<1>;
L_0x5555758eb4d0 .functor AND 1, L_0x5555758eb2c0, L_0x5555758eb360, C4<1>, C4<1>;
L_0x5555758eb8a0 .functor AND 1, L_0x5555758eb680, L_0x5555758eb720, C4<1>, C4<1>;
L_0x5555758ebc10 .functor AND 1, L_0x5555758eb9e0, L_0x5555758eba80, C4<1>, C4<1>;
L_0x5555758eb610 .functor AND 1, L_0x5555758ebdd0, L_0x5555758ebe70, C4<1>, C4<1>;
L_0x5555758ecca0 .functor AND 1, L_0x5555758ec630, L_0x5555758ec9f0, C4<1>, C4<1>;
v0x5555756cb790_0 .net *"_ivl_101", 0 0, L_0x5555758eb720;  1 drivers
v0x5555756cb870_0 .net *"_ivl_102", 0 0, L_0x5555758eb8a0;  1 drivers
v0x5555756cb950_0 .net *"_ivl_107", 0 0, L_0x5555758eb9e0;  1 drivers
v0x5555756e07a0_0 .net *"_ivl_109", 0 0, L_0x5555758eba80;  1 drivers
v0x5555756e0880_0 .net *"_ivl_11", 0 0, L_0x5555758e9430;  1 drivers
v0x5555756e0960_0 .net *"_ivl_110", 0 0, L_0x5555758ebc10;  1 drivers
v0x5555756e0a40_0 .net *"_ivl_115", 0 0, L_0x5555758ebdd0;  1 drivers
v0x5555756e0b20_0 .net *"_ivl_117", 0 0, L_0x5555758ebe70;  1 drivers
v0x5555756e2fe0_0 .net *"_ivl_118", 0 0, L_0x5555758eb610;  1 drivers
v0x5555756e3150_0 .net *"_ivl_124", 0 0, L_0x5555758ec630;  1 drivers
v0x5555756e3230_0 .net *"_ivl_126", 0 0, L_0x5555758ec9f0;  1 drivers
v0x5555756e3310_0 .net *"_ivl_127", 0 0, L_0x5555758ecca0;  1 drivers
v0x5555756e33f0_0 .net *"_ivl_13", 0 0, L_0x5555758e9520;  1 drivers
v0x5555756e5960_0 .net *"_ivl_14", 0 0, L_0x5555758e9640;  1 drivers
v0x5555756e5a40_0 .net *"_ivl_19", 0 0, L_0x5555758e9750;  1 drivers
v0x5555756e5b20_0 .net *"_ivl_21", 0 0, L_0x5555758e97f0;  1 drivers
v0x5555756e5c00_0 .net *"_ivl_22", 0 0, L_0x5555758e98d0;  1 drivers
v0x5555756c5ef0_0 .net *"_ivl_27", 0 0, L_0x5555758e99e0;  1 drivers
v0x5555756c5fd0_0 .net *"_ivl_29", 0 0, L_0x5555758e9b10;  1 drivers
v0x5555756c60b0_0 .net *"_ivl_3", 0 0, L_0x5555758e9140;  1 drivers
v0x5555756c6190_0 .net *"_ivl_30", 0 0, L_0x5555758e9c90;  1 drivers
v0x5555756c6270_0 .net *"_ivl_35", 0 0, L_0x5555758e9d30;  1 drivers
v0x5555756c6da0_0 .net *"_ivl_37", 0 0, L_0x5555758e9dd0;  1 drivers
v0x5555756c6e80_0 .net *"_ivl_38", 0 0, L_0x5555758e9ed0;  1 drivers
v0x5555756c6f60_0 .net *"_ivl_43", 0 0, L_0x5555758e9fc0;  1 drivers
v0x5555756c7040_0 .net *"_ivl_45", 0 0, L_0x5555758ea060;  1 drivers
v0x5555756c7120_0 .net *"_ivl_46", 0 0, L_0x5555758ea170;  1 drivers
v0x5555756cdef0_0 .net *"_ivl_5", 0 0, L_0x5555758e9240;  1 drivers
v0x5555756cdfd0_0 .net *"_ivl_51", 0 0, L_0x5555758ea2f0;  1 drivers
v0x5555756ce0b0_0 .net *"_ivl_53", 0 0, L_0x5555758ea390;  1 drivers
v0x5555756ce190_0 .net *"_ivl_54", 0 0, L_0x5555758ea100;  1 drivers
v0x5555756ce270_0 .net *"_ivl_59", 0 0, L_0x5555758ea550;  1 drivers
v0x5555756c9490_0 .net *"_ivl_6", 0 0, L_0x5555758e9340;  1 drivers
v0x5555756c9570_0 .net *"_ivl_61", 0 0, L_0x5555758ea5f0;  1 drivers
v0x5555756c9650_0 .net *"_ivl_62", 0 0, L_0x5555758ea830;  1 drivers
v0x5555756c9730_0 .net *"_ivl_67", 0 0, L_0x5555758ea9c0;  1 drivers
v0x5555756c9810_0 .net *"_ivl_69", 0 0, L_0x5555758eaa60;  1 drivers
v0x5555756da0a0_0 .net *"_ivl_70", 0 0, L_0x5555758eaba0;  1 drivers
v0x5555756da180_0 .net *"_ivl_75", 0 0, L_0x5555758eace0;  1 drivers
v0x5555756da260_0 .net *"_ivl_77", 0 0, L_0x5555758ead80;  1 drivers
v0x5555756da340_0 .net *"_ivl_78", 0 0, L_0x5555758eaed0;  1 drivers
v0x5555756da420_0 .net *"_ivl_83", 0 0, L_0x5555758eab00;  1 drivers
v0x5555756e20e0_0 .net *"_ivl_85", 0 0, L_0x5555758eb070;  1 drivers
v0x5555756e21c0_0 .net *"_ivl_86", 0 0, L_0x5555758eb1d0;  1 drivers
v0x5555756e22a0_0 .net *"_ivl_91", 0 0, L_0x5555758eb2c0;  1 drivers
v0x5555756e2380_0 .net *"_ivl_93", 0 0, L_0x5555758eb360;  1 drivers
v0x5555756e2460_0 .net *"_ivl_94", 0 0, L_0x5555758eb4d0;  1 drivers
v0x555575700ac0_0 .net *"_ivl_99", 0 0, L_0x5555758eb680;  1 drivers
o0x7fc616b4d218 .functor BUFZ 16, c4<zzzzzzzzzzzzzzzz>; HiZ drive
v0x555575700ba0_0 .net "a", 15 0, o0x7fc616b4d218;  0 drivers
o0x7fc616b4d248 .functor BUFZ 16, c4<zzzzzzzzzzzzzzzz>; HiZ drive
v0x555575700c80_0 .net "b", 15 0, o0x7fc616b4d248;  0 drivers
v0x555575700d60_0 .net "out", 15 0, L_0x5555758ec0e0;  1 drivers
L_0x5555758e9140 .part o0x7fc616b4d218, 0, 1;
L_0x5555758e9240 .part o0x7fc616b4d248, 0, 1;
L_0x5555758e9430 .part o0x7fc616b4d218, 1, 1;
L_0x5555758e9520 .part o0x7fc616b4d248, 1, 1;
L_0x5555758e9750 .part o0x7fc616b4d218, 2, 1;
L_0x5555758e97f0 .part o0x7fc616b4d248, 2, 1;
L_0x5555758e99e0 .part o0x7fc616b4d218, 3, 1;
L_0x5555758e9b10 .part o0x7fc616b4d248, 3, 1;
L_0x5555758e9d30 .part o0x7fc616b4d218, 4, 1;
L_0x5555758e9dd0 .part o0x7fc616b4d248, 4, 1;
L_0x5555758e9fc0 .part o0x7fc616b4d218, 5, 1;
L_0x5555758ea060 .part o0x7fc616b4d248, 5, 1;
L_0x5555758ea2f0 .part o0x7fc616b4d218, 6, 1;
L_0x5555758ea390 .part o0x7fc616b4d248, 6, 1;
L_0x5555758ea550 .part o0x7fc616b4d218, 7, 1;
L_0x5555758ea5f0 .part o0x7fc616b4d248, 7, 1;
L_0x5555758ea9c0 .part o0x7fc616b4d218, 8, 1;
L_0x5555758eaa60 .part o0x7fc616b4d248, 8, 1;
L_0x5555758eace0 .part o0x7fc616b4d218, 9, 1;
L_0x5555758ead80 .part o0x7fc616b4d248, 9, 1;
L_0x5555758eab00 .part o0x7fc616b4d218, 10, 1;
L_0x5555758eb070 .part o0x7fc616b4d248, 10, 1;
L_0x5555758eb2c0 .part o0x7fc616b4d218, 11, 1;
L_0x5555758eb360 .part o0x7fc616b4d248, 11, 1;
L_0x5555758eb680 .part o0x7fc616b4d218, 12, 1;
L_0x5555758eb720 .part o0x7fc616b4d248, 12, 1;
L_0x5555758eb9e0 .part o0x7fc616b4d218, 13, 1;
L_0x5555758eba80 .part o0x7fc616b4d248, 13, 1;
L_0x5555758ebdd0 .part o0x7fc616b4d218, 14, 1;
L_0x5555758ebe70 .part o0x7fc616b4d248, 14, 1;
LS_0x5555758ec0e0_0_0 .concat8 [ 1 1 1 1], L_0x5555758e9340, L_0x5555758e9640, L_0x5555758e98d0, L_0x5555758e9c90;
LS_0x5555758ec0e0_0_4 .concat8 [ 1 1 1 1], L_0x5555758e9ed0, L_0x5555758ea170, L_0x5555758ea100, L_0x5555758ea830;
LS_0x5555758ec0e0_0_8 .concat8 [ 1 1 1 1], L_0x5555758eaba0, L_0x5555758eaed0, L_0x5555758eb1d0, L_0x5555758eb4d0;
LS_0x5555758ec0e0_0_12 .concat8 [ 1 1 1 1], L_0x5555758eb8a0, L_0x5555758ebc10, L_0x5555758eb610, L_0x5555758ecca0;
L_0x5555758ec0e0 .concat8 [ 4 4 4 4], LS_0x5555758ec0e0_0_0, LS_0x5555758ec0e0_0_4, LS_0x5555758ec0e0_0_8, LS_0x5555758ec0e0_0_12;
L_0x5555758ec630 .part o0x7fc616b4d218, 15, 1;
L_0x5555758ec9f0 .part o0x7fc616b4d248, 15, 1;
S_0x5555758721c0 .scope module, "Bit" "Bit" 7 8;
 .timescale -12 -12;
    .port_info 0 /INPUT 1 "clk";
    .port_info 1 /INPUT 1 "in";
    .port_info 2 /INPUT 1 "load";
    .port_info 3 /OUTPUT 1 "out";
o0x7fc616b4d338 .functor BUFZ 1, c4<z>; HiZ drive
v0x555575700ee0_0 .net "clk", 0 0, o0x7fc616b4d338;  0 drivers
o0x7fc616b4d368 .functor BUFZ 1, c4<z>; HiZ drive
v0x5555756fec60_0 .net "in", 0 0, o0x7fc616b4d368;  0 drivers
o0x7fc616b4d398 .functor BUFZ 1, c4<z>; HiZ drive
v0x5555756fed20_0 .net "load", 0 0, o0x7fc616b4d398;  0 drivers
v0x5555756fedc0_0 .var "out", 0 0;
E_0x555575870dd0 .event posedge, v0x555575700ee0_0;
S_0x555575871dd0 .scope module, "BitShift8L" "BitShift8L" 8 9;
 .timescale -12 -12;
    .port_info 0 /INPUT 1 "clk";
    .port_info 1 /INPUT 8 "in";
    .port_info 2 /INPUT 1 "inLSB";
    .port_info 3 /INPUT 1 "load";
    .port_info 4 /INPUT 1 "shift";
    .port_info 5 /OUTPUT 8 "out";
o0x7fc616b4d4b8 .functor BUFZ 1, c4<z>; HiZ drive
v0x5555756fef00_0 .net "clk", 0 0, o0x7fc616b4d4b8;  0 drivers
o0x7fc616b4d4e8 .functor BUFZ 8, c4<zzzzzzzz>; HiZ drive
v0x5555756fefe0_0 .net "in", 7 0, o0x7fc616b4d4e8;  0 drivers
o0x7fc616b4d518 .functor BUFZ 1, c4<z>; HiZ drive
v0x5555757052b0_0 .net "inLSB", 0 0, o0x7fc616b4d518;  0 drivers
o0x7fc616b4d548 .functor BUFZ 1, c4<z>; HiZ drive
v0x555575705350_0 .net "load", 0 0, o0x7fc616b4d548;  0 drivers
v0x555575705410_0 .var "out", 7 0;
o0x7fc616b4d5a8 .functor BUFZ 1, c4<z>; HiZ drive
v0x5555757054f0_0 .net "shift", 0 0, o0x7fc616b4d5a8;  0 drivers
S_0x555575860660 .scope module, "BitShift9R" "BitShift9R" 9 9;
 .timescale -12 -12;
    .port_info 0 /INPUT 1 "clk";
    .port_info 1 /INPUT 9 "in";
    .port_info 2 /INPUT 1 "inMSB";
    .port_info 3 /INPUT 1 "load";
    .port_info 4 /INPUT 1 "shift";
    .port_info 5 /OUTPUT 9 "out";
o0x7fc616b4d6f8 .functor BUFZ 1, c4<z>; HiZ drive
v0x555575705670_0 .net "clk", 0 0, o0x7fc616b4d6f8;  0 drivers
o0x7fc616b4d728 .functor BUFZ 9, c4<zzzzzzzzz>; HiZ drive
v0x5555755b9e70_0 .net "in", 8 0, o0x7fc616b4d728;  0 drivers
o0x7fc616b4d758 .functor BUFZ 1, c4<z>; HiZ drive
v0x5555755b9f50_0 .net "inMSB", 0 0, o0x7fc616b4d758;  0 drivers
o0x7fc616b4d788 .functor BUFZ 1, c4<z>; HiZ drive
v0x5555755b9ff0_0 .net "load", 0 0, o0x7fc616b4d788;  0 drivers
v0x5555755ba0b0_0 .var "out", 8 0;
o0x7fc616b4d7e8 .functor BUFZ 1, c4<z>; HiZ drive
v0x5555755ba1e0_0 .net "shift", 0 0, o0x7fc616b4d7e8;  0 drivers
S_0x555575860270 .scope module, "Buffer" "Buffer" 10 7;
 .timescale -12 -12;
    .port_info 0 /INPUT 1 "in";
    .port_info 1 /OUTPUT 1 "out";
o0x7fc616b4d938 .functor BUFZ 1, c4<z>; HiZ drive
L_0x5555758ece90 .functor BUFZ 1, o0x7fc616b4d938, C4<0>, C4<0>, C4<0>;
v0x5555755b6170_0 .net "in", 0 0, o0x7fc616b4d938;  0 drivers
v0x5555755b6250_0 .net "out", 0 0, L_0x5555758ece90;  1 drivers
S_0x55557585faa0 .scope module, "Buffer16" "Buffer16" 11 7;
 .timescale -12 -12;
    .port_info 0 /INPUT 16 "in";
    .port_info 1 /OUTPUT 16 "out";
v0x5555755b6370_0 .net *"_ivl_11", 0 0, L_0x5555758ed090;  1 drivers
v0x5555755b6450_0 .net *"_ivl_15", 0 0, L_0x5555758ed130;  1 drivers
v0x5555755b6530_0 .net *"_ivl_19", 0 0, L_0x5555758ed1d0;  1 drivers
v0x555575570a00_0 .net *"_ivl_23", 0 0, L_0x5555758ed270;  1 drivers
v0x555575570ae0_0 .net *"_ivl_27", 0 0, L_0x5555758ed350;  1 drivers
v0x555575570bc0_0 .net *"_ivl_3", 0 0, L_0x5555758ecf00;  1 drivers
v0x555575570ca0_0 .net *"_ivl_31", 0 0, L_0x5555758ed3f0;  1 drivers
v0x555575570d80_0 .net *"_ivl_35", 0 0, L_0x5555758ed4e0;  1 drivers
v0x55557566ccf0_0 .net *"_ivl_39", 0 0, L_0x5555758ed580;  1 drivers
v0x55557566cdd0_0 .net *"_ivl_43", 0 0, L_0x5555758ed680;  1 drivers
v0x55557566ceb0_0 .net *"_ivl_47", 0 0, L_0x5555758ed720;  1 drivers
v0x55557566cf90_0 .net *"_ivl_51", 0 0, L_0x5555758ed830;  1 drivers
v0x55557566d070_0 .net *"_ivl_55", 0 0, L_0x5555758ed8d0;  1 drivers
v0x555575678a70_0 .net *"_ivl_59", 0 0, L_0x5555758ed9f0;  1 drivers
v0x555575678b50_0 .net *"_ivl_64", 0 0, L_0x5555758ee030;  1 drivers
v0x555575678c30_0 .net *"_ivl_7", 0 0, L_0x5555758ecfa0;  1 drivers
o0x7fc616b4dcf8 .functor BUFZ 16, c4<zzzzzzzzzzzzzzzz>; HiZ drive
v0x555575678d10_0 .net "in", 15 0, o0x7fc616b4dcf8;  0 drivers
v0x555575678df0_0 .net "out", 15 0, L_0x5555758edac0;  1 drivers
L_0x5555758ecf00 .part o0x7fc616b4dcf8, 0, 1;
L_0x5555758ecfa0 .part o0x7fc616b4dcf8, 1, 1;
L_0x5555758ed090 .part o0x7fc616b4dcf8, 2, 1;
L_0x5555758ed130 .part o0x7fc616b4dcf8, 3, 1;
L_0x5555758ed1d0 .part o0x7fc616b4dcf8, 4, 1;
L_0x5555758ed270 .part o0x7fc616b4dcf8, 5, 1;
L_0x5555758ed350 .part o0x7fc616b4dcf8, 6, 1;
L_0x5555758ed3f0 .part o0x7fc616b4dcf8, 7, 1;
L_0x5555758ed4e0 .part o0x7fc616b4dcf8, 8, 1;
L_0x5555758ed580 .part o0x7fc616b4dcf8, 9, 1;
L_0x5555758ed680 .part o0x7fc616b4dcf8, 10, 1;
L_0x5555758ed720 .part o0x7fc616b4dcf8, 11, 1;
L_0x5555758ed830 .part o0x7fc616b4dcf8, 12, 1;
L_0x5555758ed8d0 .part o0x7fc616b4dcf8, 13, 1;
L_0x5555758ed9f0 .part o0x7fc616b4dcf8, 14, 1;
LS_0x5555758edac0_0_0 .concat8 [ 1 1 1 1], L_0x5555758ecf00, L_0x5555758ecfa0, L_0x5555758ed090, L_0x5555758ed130;
LS_0x5555758edac0_0_4 .concat8 [ 1 1 1 1], L_0x5555758ed1d0, L_0x5555758ed270, L_0x5555758ed350, L_0x5555758ed3f0;
LS_0x5555758edac0_0_8 .concat8 [ 1 1 1 1], L_0x5555758ed4e0, L_0x5555758ed580, L_0x5555758ed680, L_0x5555758ed720;
LS_0x5555758edac0_0_12 .concat8 [ 1 1 1 1], L_0x5555758ed830, L_0x5555758ed8d0, L_0x5555758ed9f0, L_0x5555758ee030;
L_0x5555758edac0 .concat8 [ 4 4 4 4], LS_0x5555758edac0_0_0, LS_0x5555758edac0_0_4, LS_0x5555758edac0_0_8, LS_0x5555758edac0_0_12;
L_0x5555758ee030 .part o0x7fc616b4dcf8, 15, 1;
S_0x55557585a8b0 .scope module, "DFF" "DFF" 12 7;
 .timescale -12 -12;
    .port_info 0 /INPUT 1 "clk";
    .port_info 1 /INPUT 1 "in";
    .port_info 2 /OUTPUT 1 "out";
o0x7fc616b4ddb8 .functor BUFZ 1, c4<z>; HiZ drive
v0x555575684000_0 .net "clk", 0 0, o0x7fc616b4ddb8;  0 drivers
o0x7fc616b4dde8 .functor BUFZ 1, c4<z>; HiZ drive
v0x5555756840e0_0 .net "in", 0 0, o0x7fc616b4dde8;  0 drivers
v0x5555756841a0_0 .var "out", 0 0;
E_0x5555756fa390 .event posedge, v0x555575684000_0;
S_0x555575855260 .scope module, "DMux8Way" "DMux8Way" 13 10;
 .timescale -12 -12;
    .port_info 0 /INPUT 1 "in";
    .port_info 1 /INPUT 3 "sel";
    .port_info 2 /OUTPUT 1 "a";
    .port_info 3 /OUTPUT 1 "b";
    .port_info 4 /OUTPUT 1 "c";
    .port_info 5 /OUTPUT 1 "d";
    .port_info 6 /OUTPUT 1 "e";
    .port_info 7 /OUTPUT 1 "f";
    .port_info 8 /OUTPUT 1 "g";
    .port_info 9 /OUTPUT 1 "h";
v0x55557565b460_0 .net "a", 0 0, L_0x5555758eef30;  1 drivers
v0x55557565b520_0 .net "b", 0 0, L_0x5555758eefd0;  1 drivers
v0x55557565b5c0_0 .net "c", 0 0, L_0x5555758ef250;  1 drivers
v0x55557565b660_0 .net "ch1", 0 0, L_0x5555758ee650;  1 drivers
v0x55557565b700_0 .net "ch2", 0 0, L_0x5555758ee810;  1 drivers
v0x55557565b7a0_0 .net "ch3", 0 0, L_0x5555758ee9e0;  1 drivers
v0x55557565b840_0 .net "ch4", 0 0, L_0x5555758eec30;  1 drivers
v0x555575653b60_0 .net "d", 0 0, L_0x5555758ef390;  1 drivers
v0x555575653c00_0 .net "e", 0 0, L_0x5555758ef5c0;  1 drivers
v0x555575653cd0_0 .net "f", 0 0, L_0x5555758ef700;  1 drivers
v0x555575653da0_0 .net "g", 0 0, L_0x5555758ef9c0;  1 drivers
v0x555575653e70_0 .net "h", 0 0, L_0x5555758efab0;  1 drivers
o0x7fc616b4df98 .functor BUFZ 1, c4<z>; HiZ drive
v0x555575653f40_0 .net "in", 0 0, o0x7fc616b4df98;  0 drivers
o0x7fc616b4ec28 .functor BUFZ 3, c4<zzz>; HiZ drive
v0x555575661420_0 .net "sel", 2 0, o0x7fc616b4ec28;  0 drivers
L_0x5555758eee00 .part o0x7fc616b4ec28, 1, 2;
L_0x5555758ef160 .part o0x7fc616b4ec28, 0, 1;
L_0x5555758ef520 .part o0x7fc616b4ec28, 0, 1;
L_0x5555758ef890 .part o0x7fc616b4ec28, 0, 1;
L_0x5555758efc40 .part o0x7fc616b4ec28, 0, 1;
S_0x5555756842c0 .scope module, "d1" "DMux4Way" 13 34, 14 10 0, S_0x555575855260;
 .timescale -12 -12;
    .port_info 0 /INPUT 1 "in";
    .port_info 1 /INPUT 2 "sel";
    .port_info 2 /OUTPUT 1 "a";
    .port_info 3 /OUTPUT 1 "b";
    .port_info 4 /OUTPUT 1 "c";
    .port_info 5 /OUTPUT 1 "d";
v0x55557563bf30_0 .net "a", 0 0, L_0x5555758ee650;  alias, 1 drivers
v0x55557563bff0_0 .net "b", 0 0, L_0x5555758ee810;  alias, 1 drivers
v0x55557563c0c0_0 .net "c", 0 0, L_0x5555758ee9e0;  alias, 1 drivers
v0x55557563c1c0_0 .net "ch1", 0 0, L_0x5555758ee330;  1 drivers
v0x55557563c2b0_0 .net "ch2", 0 0, L_0x5555758ee470;  1 drivers
v0x555575638730_0 .net "d", 0 0, L_0x5555758eec30;  alias, 1 drivers
v0x5555756387d0_0 .net "in", 0 0, o0x7fc616b4df98;  alias, 0 drivers
v0x555575638870_0 .net "sel", 1 0, L_0x5555758eee00;  1 drivers
L_0x5555758ee5b0 .part L_0x5555758eee00, 1, 1;
L_0x5555758ee940 .part L_0x5555758eee00, 0, 1;
L_0x5555758eed60 .part L_0x5555758eee00, 0, 1;
S_0x5555755dfee0 .scope module, "d1" "DMux" 14 26, 15 8 0, S_0x5555756842c0;
 .timescale -12 -12;
    .port_info 0 /INPUT 1 "in";
    .port_info 1 /INPUT 1 "sel";
    .port_info 2 /OUTPUT 1 "a";
    .port_info 3 /OUTPUT 1 "b";
L_0x7fc6166d00f0 .functor BUFT 1, C4<0>, C4<0>, C4<0>, C4<0>;
v0x5555755e0090_0 .net/2u *"_ivl_0", 0 0, L_0x7fc6166d00f0;  1 drivers
L_0x7fc6166d0138 .functor BUFT 1, C4<0>, C4<0>, C4<0>, C4<0>;
v0x5555755e0190_0 .net/2u *"_ivl_4", 0 0, L_0x7fc6166d0138;  1 drivers
v0x5555755e0270_0 .net "a", 0 0, L_0x5555758ee330;  alias, 1 drivers
v0x55557560e6d0_0 .net "b", 0 0, L_0x5555758ee470;  alias, 1 drivers
v0x55557560e790_0 .net "in", 0 0, o0x7fc616b4df98;  alias, 0 drivers
v0x55557560e8a0_0 .net "sel", 0 0, L_0x5555758ee5b0;  1 drivers
L_0x5555758ee330 .functor MUXZ 1, o0x7fc616b4df98, L_0x7fc6166d00f0, L_0x5555758ee5b0, C4<>;
L_0x5555758ee470 .functor MUXZ 1, L_0x7fc6166d0138, o0x7fc616b4df98, L_0x5555758ee5b0, C4<>;
S_0x55557560e9e0 .scope module, "d2" "DMux" 14 27, 15 8 0, S_0x5555756842c0;
 .timescale -12 -12;
    .port_info 0 /INPUT 1 "in";
    .port_info 1 /INPUT 1 "sel";
    .port_info 2 /OUTPUT 1 "a";
    .port_info 3 /OUTPUT 1 "b";
L_0x7fc6166d0180 .functor BUFT 1, C4<0>, C4<0>, C4<0>, C4<0>;
v0x555575623130_0 .net/2u *"_ivl_0", 0 0, L_0x7fc6166d0180;  1 drivers
L_0x7fc6166d01c8 .functor BUFT 1, C4<0>, C4<0>, C4<0>, C4<0>;
v0x555575623210_0 .net/2u *"_ivl_4", 0 0, L_0x7fc6166d01c8;  1 drivers
v0x5555756232f0_0 .net "a", 0 0, L_0x5555758ee650;  alias, 1 drivers
v0x555575623390_0 .net "b", 0 0, L_0x5555758ee810;  alias, 1 drivers
v0x555575623450_0 .net "in", 0 0, L_0x5555758ee330;  alias, 1 drivers
v0x5555756f6330_0 .net "sel", 0 0, L_0x5555758ee940;  1 drivers
L_0x5555758ee650 .functor MUXZ 1, L_0x5555758ee330, L_0x7fc6166d0180, L_0x5555758ee940, C4<>;
L_0x5555758ee810 .functor MUXZ 1, L_0x7fc6166d01c8, L_0x5555758ee330, L_0x5555758ee940, C4<>;
S_0x5555756f6450 .scope module, "d3" "DMux" 14 28, 15 8 0, S_0x5555756842c0;
 .timescale -12 -12;
    .port_info 0 /INPUT 1 "in";
    .port_info 1 /INPUT 1 "sel";
    .port_info 2 /OUTPUT 1 "a";
    .port_info 3 /OUTPUT 1 "b";
L_0x7fc6166d0210 .functor BUFT 1, C4<0>, C4<0>, C4<0>, C4<0>;
v0x5555756f66f0_0 .net/2u *"_ivl_0", 0 0, L_0x7fc6166d0210;  1 drivers
L_0x7fc6166d0258 .functor BUFT 1, C4<0>, C4<0>, C4<0>, C4<0>;
v0x555575656ed0_0 .net/2u *"_ivl_4", 0 0, L_0x7fc6166d0258;  1 drivers
v0x555575656fb0_0 .net "a", 0 0, L_0x5555758ee9e0;  alias, 1 drivers
v0x555575657050_0 .net "b", 0 0, L_0x5555758eec30;  alias, 1 drivers
v0x555575657110_0 .net "in", 0 0, L_0x5555758ee470;  alias, 1 drivers
v0x555575657200_0 .net "sel", 0 0, L_0x5555758eed60;  1 drivers
L_0x5555758ee9e0 .functor MUXZ 1, L_0x5555758ee470, L_0x7fc6166d0210, L_0x5555758eed60, C4<>;
L_0x5555758eec30 .functor MUXZ 1, L_0x7fc6166d0258, L_0x5555758ee470, L_0x5555758eed60, C4<>;
S_0x555575638950 .scope module, "d2" "DMux" 13 35, 15 8 0, S_0x555575855260;
 .timescale -12 -12;
    .port_info 0 /INPUT 1 "in";
    .port_info 1 /INPUT 1 "sel";
    .port_info 2 /OUTPUT 1 "a";
    .port_info 3 /OUTPUT 1 "b";
L_0x7fc6166d02a0 .functor BUFT 1, C4<0>, C4<0>, C4<0>, C4<0>;
v0x555575638b00_0 .net/2u *"_ivl_0", 0 0, L_0x7fc6166d02a0;  1 drivers
L_0x7fc6166d02e8 .functor BUFT 1, C4<0>, C4<0>, C4<0>, C4<0>;
v0x55557563f6c0_0 .net/2u *"_ivl_4", 0 0, L_0x7fc6166d02e8;  1 drivers
v0x55557563f7a0_0 .net "a", 0 0, L_0x5555758eef30;  alias, 1 drivers
v0x55557563f870_0 .net "b", 0 0, L_0x5555758eefd0;  alias, 1 drivers
v0x55557563f930_0 .net "in", 0 0, L_0x5555758ee650;  alias, 1 drivers
v0x55557563fa70_0 .net "sel", 0 0, L_0x5555758ef160;  1 drivers
L_0x5555758eef30 .functor MUXZ 1, L_0x5555758ee650, L_0x7fc6166d02a0, L_0x5555758ef160, C4<>;
L_0x5555758eefd0 .functor MUXZ 1, L_0x7fc6166d02e8, L_0x5555758ee650, L_0x5555758ef160, C4<>;
S_0x555575647370 .scope module, "d3" "DMux" 13 36, 15 8 0, S_0x555575855260;
 .timescale -12 -12;
    .port_info 0 /INPUT 1 "in";
    .port_info 1 /INPUT 1 "sel";
    .port_info 2 /OUTPUT 1 "a";
    .port_info 3 /OUTPUT 1 "b";
L_0x7fc6166d0330 .functor BUFT 1, C4<0>, C4<0>, C4<0>, C4<0>;
v0x5555756475e0_0 .net/2u *"_ivl_0", 0 0, L_0x7fc6166d0330;  1 drivers
L_0x7fc6166d0378 .functor BUFT 1, C4<0>, C4<0>, C4<0>, C4<0>;
v0x5555756476a0_0 .net/2u *"_ivl_4", 0 0, L_0x7fc6166d0378;  1 drivers
v0x555575647780_0 .net "a", 0 0, L_0x5555758ef250;  alias, 1 drivers
v0x555575643470_0 .net "b", 0 0, L_0x5555758ef390;  alias, 1 drivers
v0x555575643530_0 .net "in", 0 0, L_0x5555758ee810;  alias, 1 drivers
v0x555575643670_0 .net "sel", 0 0, L_0x5555758ef520;  1 drivers
L_0x5555758ef250 .functor MUXZ 1, L_0x5555758ee810, L_0x7fc6166d0330, L_0x5555758ef520, C4<>;
L_0x5555758ef390 .functor MUXZ 1, L_0x7fc6166d0378, L_0x5555758ee810, L_0x5555758ef520, C4<>;
S_0x5555756437b0 .scope module, "d4" "DMux" 13 37, 15 8 0, S_0x555575855260;
 .timescale -12 -12;
    .port_info 0 /INPUT 1 "in";
    .port_info 1 /INPUT 1 "sel";
    .port_info 2 /OUTPUT 1 "a";
    .port_info 3 /OUTPUT 1 "b";
L_0x7fc6166d03c0 .functor BUFT 1, C4<0>, C4<0>, C4<0>, C4<0>;
v0x5555756562c0_0 .net/2u *"_ivl_0", 0 0, L_0x7fc6166d03c0;  1 drivers
L_0x7fc6166d0408 .functor BUFT 1, C4<0>, C4<0>, C4<0>, C4<0>;
v0x5555756563c0_0 .net/2u *"_ivl_4", 0 0, L_0x7fc6166d0408;  1 drivers
v0x5555756564a0_0 .net "a", 0 0, L_0x5555758ef5c0;  alias, 1 drivers
v0x555575656540_0 .net "b", 0 0, L_0x5555758ef700;  alias, 1 drivers
v0x555575656600_0 .net "in", 0 0, L_0x5555758ee9e0;  alias, 1 drivers
v0x555575658c70_0 .net "sel", 0 0, L_0x5555758ef890;  1 drivers
L_0x5555758ef5c0 .functor MUXZ 1, L_0x5555758ee9e0, L_0x7fc6166d03c0, L_0x5555758ef890, C4<>;
L_0x5555758ef700 .functor MUXZ 1, L_0x7fc6166d0408, L_0x5555758ee9e0, L_0x5555758ef890, C4<>;
S_0x555575658db0 .scope module, "d5" "DMux" 13 40, 15 8 0, S_0x555575855260;
 .timescale -12 -12;
    .port_info 0 /INPUT 1 "in";
    .port_info 1 /INPUT 1 "sel";
    .port_info 2 /OUTPUT 1 "a";
    .port_info 3 /OUTPUT 1 "b";
L_0x7fc6166d0450 .functor BUFT 1, C4<0>, C4<0>, C4<0>, C4<0>;
v0x555575659070_0 .net/2u *"_ivl_0", 0 0, L_0x7fc6166d0450;  1 drivers
L_0x7fc6166d0498 .functor BUFT 1, C4<0>, C4<0>, C4<0>, C4<0>;
v0x555575668b90_0 .net/2u *"_ivl_4", 0 0, L_0x7fc6166d0498;  1 drivers
v0x555575668c70_0 .net "a", 0 0, L_0x5555758ef9c0;  alias, 1 drivers
v0x555575668d10_0 .net "b", 0 0, L_0x5555758efab0;  alias, 1 drivers
v0x555575668dd0_0 .net "in", 0 0, L_0x5555758eec30;  alias, 1 drivers
v0x555575668f10_0 .net "sel", 0 0, L_0x5555758efc40;  1 drivers
L_0x5555758ef9c0 .functor MUXZ 1, L_0x5555758eec30, L_0x7fc6166d0450, L_0x5555758efc40, C4<>;
L_0x5555758efab0 .functor MUXZ 1, L_0x7fc6166d0498, L_0x5555758eec30, L_0x5555758efc40, C4<>;
S_0x55557583d260 .scope module, "FullAdder" "FullAdder" 16 6;
 .timescale -12 -12;
    .port_info 0 /INPUT 1 "a";
    .port_info 1 /INPUT 1 "b";
    .port_info 2 /INPUT 1 "c";
    .port_info 3 /OUTPUT 1 "sum";
    .port_info 4 /OUTPUT 1 "carry";
o0x7fc616b4ef28 .functor BUFZ 1, c4<z>; HiZ drive
o0x7fc616b4ef58 .functor BUFZ 1, c4<z>; HiZ drive
L_0x5555758ed7c0 .functor XOR 1, o0x7fc616b4ef28, o0x7fc616b4ef58, C4<0>, C4<0>;
o0x7fc616b4ef88 .functor BUFZ 1, c4<z>; HiZ drive
L_0x5555758efce0 .functor XOR 1, L_0x5555758ed7c0, o0x7fc616b4ef88, C4<0>, C4<0>;
L_0x5555758efda0 .functor AND 1, o0x7fc616b4ef28, o0x7fc616b4ef58, C4<1>, C4<1>;
L_0x5555758efeb0 .functor AND 1, o0x7fc616b4ef58, o0x7fc616b4ef88, C4<1>, C4<1>;
L_0x5555758eff70 .functor OR 1, L_0x5555758efda0, L_0x5555758efeb0, C4<0>, C4<0>;
L_0x5555758f0080 .functor AND 1, o0x7fc616b4ef88, o0x7fc616b4ef28, C4<1>, C4<1>;
L_0x5555758f0130 .functor OR 1, L_0x5555758eff70, L_0x5555758f0080, C4<0>, C4<0>;
v0x555575661520_0 .net *"_ivl_0", 0 0, L_0x5555758ed7c0;  1 drivers
v0x555575661620_0 .net *"_ivl_10", 0 0, L_0x5555758f0080;  1 drivers
v0x555575661700_0 .net *"_ivl_4", 0 0, L_0x5555758efda0;  1 drivers
v0x5555756617c0_0 .net *"_ivl_6", 0 0, L_0x5555758efeb0;  1 drivers
v0x5555755baa10_0 .net *"_ivl_8", 0 0, L_0x5555758eff70;  1 drivers
v0x5555755bab40_0 .net "a", 0 0, o0x7fc616b4ef28;  0 drivers
v0x5555755bac00_0 .net "b", 0 0, o0x7fc616b4ef58;  0 drivers
v0x5555755bacc0_0 .net "c", 0 0, o0x7fc616b4ef88;  0 drivers
v0x5555755bad80_0 .net "carry", 0 0, L_0x5555758f0130;  1 drivers
v0x5555755bae40_0 .net "sum", 0 0, L_0x5555758efce0;  1 drivers
S_0x55557583ce70 .scope module, "HalfAdder" "HalfAdder" 17 6;
 .timescale -12 -12;
    .port_info 0 /INPUT 1 "a";
    .port_info 1 /INPUT 1 "b";
    .port_info 2 /OUTPUT 1 "sum";
    .port_info 3 /OUTPUT 1 "carry";
o0x7fc616b4f108 .functor BUFZ 1, c4<z>; HiZ drive
o0x7fc616b4f138 .functor BUFZ 1, c4<z>; HiZ drive
L_0x5555758f0240 .functor XOR 1, o0x7fc616b4f108, o0x7fc616b4f138, C4<0>, C4<0>;
L_0x5555758f02b0 .functor AND 1, o0x7fc616b4f108, o0x7fc616b4f138, C4<1>, C4<1>;
v0x5555755c50f0_0 .net "a", 0 0, o0x7fc616b4f108;  0 drivers
v0x5555755c51d0_0 .net "b", 0 0, o0x7fc616b4f138;  0 drivers
v0x5555755c5290_0 .net "carry", 0 0, L_0x5555758f02b0;  1 drivers
v0x5555755c5330_0 .net "sum", 0 0, L_0x5555758f0240;  1 drivers
S_0x555575839f70 .scope module, "ICESTORM_LC" "ICESTORM_LC" 18 2136;
 .timescale -12 -12;
    .port_info 0 /INPUT 1 "I0";
    .port_info 1 /INPUT 1 "I1";
    .port_info 2 /INPUT 1 "I2";
    .port_info 3 /INPUT 1 "I3";
    .port_info 4 /INPUT 1 "CIN";
    .port_info 5 /INPUT 1 "CLK";
    .port_info 6 /INPUT 1 "CEN";
    .port_info 7 /INPUT 1 "SR";
    .port_info 8 /OUTPUT 1 "LO";
    .port_info 9 /OUTPUT 1 "O";
    .port_info 10 /OUTPUT 1 "COUT";
P_0x5555758594f0 .param/l "ASYNC_SR" 0 18 2148, C4<0>;
P_0x555575859530 .param/l "CARRY_ENABLE" 0 18 2145, C4<0>;
P_0x555575859570 .param/l "CIN_CONST" 0 18 2150, C4<0>;
P_0x5555758595b0 .param/l "CIN_SET" 0 18 2151, C4<0>;
P_0x5555758595f0 .param/l "DFF_ENABLE" 0 18 2146, C4<0>;
P_0x555575859630 .param/l "LUT_INIT" 0 18 2142, C4<0000000000000000>;
P_0x555575859670 .param/l "NEG_CLK" 0 18 2144, C4<0>;
P_0x5555758596b0 .param/l "SET_NORESET" 0 18 2147, C4<0>;
o0x7fc616b4f2e8 .functor BUFZ 1, c4<z>; HiZ drive
L_0x5555758f11f0 .functor BUFZ 1, o0x7fc616b4f2e8, C4<0>, C4<0>, C4<0>;
L_0x5555758f1090 .functor BUFZ 1, L_0x5555758f1d80, C4<0>, C4<0>, C4<0>;
o0x7fc616b4f318 .functor BUFZ 1, c4<z>; HiZ drive
L_0x7fc6166d0768 .functor BUFT 1, C4<0>, C4<0>, C4<0>, C4<0>;
L_0x5555758f2020 .functor XOR 1, o0x7fc616b4f318, L_0x7fc6166d0768, C4<0>, C4<0>;
L_0x5555758f20e0 .functor BUFZ 1, L_0x5555758f1d80, C4<0>, C4<0>, C4<0>;
o0x7fc616b4f288 .functor BUFZ 1, c4<z>; HiZ drive
v0x5555755c5500_0 .net "CEN", 0 0, o0x7fc616b4f288;  0 drivers
v0x5555755c1f30_0 .net "CEN_pu", 0 0, L_0x5555758f0ff0;  1 drivers
v0x5555755c1ff0_0 .net "CIN", 0 0, o0x7fc616b4f2e8;  0 drivers
v0x5555755c2090_0 .net "CLK", 0 0, o0x7fc616b4f318;  0 drivers
L_0x7fc6166d0690 .functor BUFT 1, C4<x>, C4<0>, C4<0>, C4<0>;
v0x5555755c2150_0 .net "COUT", 0 0, L_0x7fc6166d0690;  1 drivers
o0x7fc616b4f378 .functor BUFZ 1, c4<z>; HiZ drive
v0x5555755c2210_0 .net "I0", 0 0, o0x7fc616b4f378;  0 drivers
v0x5555755c22d0_0 .net "I0_pd", 0 0, L_0x5555758f0460;  1 drivers
o0x7fc616b4f3d8 .functor BUFZ 1, c4<z>; HiZ drive
v0x5555755c2390_0 .net "I1", 0 0, o0x7fc616b4f3d8;  0 drivers
v0x5555755c6960_0 .net "I1_pd", 0 0, L_0x5555758f0690;  1 drivers
o0x7fc616b4f438 .functor BUFZ 1, c4<z>; HiZ drive
v0x5555755c6a20_0 .net "I2", 0 0, o0x7fc616b4f438;  0 drivers
v0x5555755c6ae0_0 .net "I2_pd", 0 0, L_0x5555758f08c0;  1 drivers
o0x7fc616b4f498 .functor BUFZ 1, c4<z>; HiZ drive
v0x5555755c6ba0_0 .net "I3", 0 0, o0x7fc616b4f498;  0 drivers
v0x5555755c6c60_0 .net "I3_pd", 0 0, L_0x5555758f0b30;  1 drivers
v0x5555755c6d20_0 .net "LO", 0 0, L_0x5555758f1090;  1 drivers
v0x5555755c6de0_0 .net "O", 0 0, L_0x5555758f20e0;  1 drivers
o0x7fc616b4f558 .functor BUFZ 1, c4<z>; HiZ drive
v0x5555755c37a0_0 .net "SR", 0 0, o0x7fc616b4f558;  0 drivers
v0x5555755c3860_0 .net "SR_pd", 0 0, L_0x5555758f0db0;  1 drivers
o0x7fc616b4f5b8 .functor BUFZ 1, c4<z>; HiZ drive
; Elide local net with no drivers, v0x5555755c3a30_0 name=_ivl_0
v0x5555755c3b10_0 .net *"_ivl_10", 0 0, L_0x5555758f05f0;  1 drivers
L_0x7fc6166d0528 .functor BUFT 1, C4<0>, C4<0>, C4<0>, C4<0>;
v0x5555755c3bd0_0 .net/2u *"_ivl_12", 0 0, L_0x7fc6166d0528;  1 drivers
o0x7fc616b4f648 .functor BUFZ 1, c4<z>; HiZ drive
; Elide local net with no drivers, v0x5555755d5610_0 name=_ivl_16
v0x5555755d56f0_0 .net *"_ivl_18", 0 0, L_0x5555758f0820;  1 drivers
v0x5555755d57b0_0 .net *"_ivl_2", 0 0, L_0x5555758f03c0;  1 drivers
L_0x7fc6166d0570 .functor BUFT 1, C4<0>, C4<0>, C4<0>, C4<0>;
v0x5555755d5870_0 .net/2u *"_ivl_20", 0 0, L_0x7fc6166d0570;  1 drivers
o0x7fc616b4f708 .functor BUFZ 1, c4<z>; HiZ drive
; Elide local net with no drivers, v0x5555755d5950_0 name=_ivl_24
v0x5555755d5a30_0 .net *"_ivl_26", 0 0, L_0x5555758f0a90;  1 drivers
L_0x7fc6166d05b8 .functor BUFT 1, C4<0>, C4<0>, C4<0>, C4<0>;
v0x5555755d2450_0 .net/2u *"_ivl_28", 0 0, L_0x7fc6166d05b8;  1 drivers
o0x7fc616b4f798 .functor BUFZ 1, c4<z>; HiZ drive
; Elide local net with no drivers, v0x5555755d2530_0 name=_ivl_32
v0x5555755d2610_0 .net *"_ivl_34", 0 0, L_0x5555758f0d10;  1 drivers
L_0x7fc6166d0600 .functor BUFT 1, C4<0>, C4<0>, C4<0>, C4<0>;
v0x5555755d26d0_0 .net/2u *"_ivl_36", 0 0, L_0x7fc6166d0600;  1 drivers
L_0x7fc6166d04e0 .functor BUFT 1, C4<0>, C4<0>, C4<0>, C4<0>;
v0x5555755d27b0_0 .net/2u *"_ivl_4", 0 0, L_0x7fc6166d04e0;  1 drivers
o0x7fc616b4f858 .functor BUFZ 1, c4<z>; HiZ drive
; Elide local net with no drivers, v0x5555755d2890_0 name=_ivl_40
v0x5555755d6e80_0 .net *"_ivl_42", 0 0, L_0x5555758f0f50;  1 drivers
L_0x7fc6166d0648 .functor BUFT 1, C4<1>, C4<0>, C4<0>, C4<0>;
v0x5555755d7150_0 .net/2u *"_ivl_44", 0 0, L_0x7fc6166d0648;  1 drivers
L_0x7fc6166d06d8 .functor BUFT 1, C4<00000000>, C4<0>, C4<0>, C4<0>;
v0x5555755d7230_0 .net/2u *"_ivl_52", 7 0, L_0x7fc6166d06d8;  1 drivers
L_0x7fc6166d0720 .functor BUFT 1, C4<00000000>, C4<0>, C4<0>, C4<0>;
v0x5555755d7310_0 .net/2u *"_ivl_54", 7 0, L_0x7fc6166d0720;  1 drivers
v0x5555755d3cc0_0 .net *"_ivl_59", 3 0, L_0x5555758f13f0;  1 drivers
v0x5555755d3da0_0 .net *"_ivl_61", 3 0, L_0x5555758f1560;  1 drivers
v0x5555755d3e80_0 .net *"_ivl_65", 1 0, L_0x5555758f1820;  1 drivers
v0x5555755d3f60_0 .net *"_ivl_67", 1 0, L_0x5555758f1910;  1 drivers
v0x5555755d4040_0 .net *"_ivl_71", 0 0, L_0x5555758f1be0;  1 drivers
v0x5555755d4120_0 .net *"_ivl_73", 0 0, L_0x5555758f19b0;  1 drivers
v0x5555755dc370_0 .net/2u *"_ivl_78", 0 0, L_0x7fc6166d0768;  1 drivers
o0x7fc616b4fa98 .functor BUFZ 1, c4<z>; HiZ drive
; Elide local net with no drivers, v0x5555755dc450_0 name=_ivl_8
v0x5555755dc530_0 .net "lut_o", 0 0, L_0x5555758f1d80;  1 drivers
v0x5555755dc5f0_0 .net "lut_s1", 1 0, L_0x5555758f1a50;  1 drivers
v0x5555755dc6d0_0 .net "lut_s2", 3 0, L_0x5555758f1600;  1 drivers
v0x5555755dc7b0_0 .net "lut_s3", 7 0, L_0x5555758f1260;  1 drivers
v0x5555755d87d0_0 .net "mux_cin", 0 0, L_0x5555758f11f0;  1 drivers
v0x5555755d8890_0 .var "o_reg", 0 0;
v0x5555755d8950_0 .var "o_reg_async", 0 0;
v0x5555755d8a10_0 .net "polarized_clk", 0 0, L_0x5555758f2020;  1 drivers
E_0x555575871c20 .event posedge, v0x5555755c3860_0, v0x5555755d8a10_0;
E_0x555575882860 .event posedge, v0x5555755d8a10_0;
L_0x5555758f03c0 .cmp/eeq 1, o0x7fc616b4f378, o0x7fc616b4f5b8;
L_0x5555758f0460 .functor MUXZ 1, o0x7fc616b4f378, L_0x7fc6166d04e0, L_0x5555758f03c0, C4<>;
L_0x5555758f05f0 .cmp/eeq 1, o0x7fc616b4f3d8, o0x7fc616b4fa98;
L_0x5555758f0690 .functor MUXZ 1, o0x7fc616b4f3d8, L_0x7fc6166d0528, L_0x5555758f05f0, C4<>;
L_0x5555758f0820 .cmp/eeq 1, o0x7fc616b4f438, o0x7fc616b4f648;
L_0x5555758f08c0 .functor MUXZ 1, o0x7fc616b4f438, L_0x7fc6166d0570, L_0x5555758f0820, C4<>;
L_0x5555758f0a90 .cmp/eeq 1, o0x7fc616b4f498, o0x7fc616b4f708;
L_0x5555758f0b30 .functor MUXZ 1, o0x7fc616b4f498, L_0x7fc6166d05b8, L_0x5555758f0a90, C4<>;
L_0x5555758f0d10 .cmp/eeq 1, o0x7fc616b4f558, o0x7fc616b4f798;
L_0x5555758f0db0 .functor MUXZ 1, o0x7fc616b4f558, L_0x7fc6166d0600, L_0x5555758f0d10, C4<>;
L_0x5555758f0f50 .cmp/eeq 1, o0x7fc616b4f288, o0x7fc616b4f858;
L_0x5555758f0ff0 .functor MUXZ 1, o0x7fc616b4f288, L_0x7fc6166d0648, L_0x5555758f0f50, C4<>;
L_0x5555758f1260 .functor MUXZ 8, L_0x7fc6166d0720, L_0x7fc6166d06d8, L_0x5555758f0b30, C4<>;
L_0x5555758f13f0 .part L_0x5555758f1260, 4, 4;
L_0x5555758f1560 .part L_0x5555758f1260, 0, 4;
L_0x5555758f1600 .functor MUXZ 4, L_0x5555758f1560, L_0x5555758f13f0, L_0x5555758f08c0, C4<>;
L_0x5555758f1820 .part L_0x5555758f1600, 2, 2;
L_0x5555758f1910 .part L_0x5555758f1600, 0, 2;
L_0x5555758f1a50 .functor MUXZ 2, L_0x5555758f1910, L_0x5555758f1820, L_0x5555758f0690, C4<>;
L_0x5555758f1be0 .part L_0x5555758f1a50, 1, 1;
L_0x5555758f19b0 .part L_0x5555758f1a50, 0, 1;
L_0x5555758f1d80 .functor MUXZ 1, L_0x5555758f19b0, L_0x5555758f1be0, L_0x5555758f0460, C4<>;
S_0x555575839b80 .scope module, "ICESTORM_RAM" "ICESTORM_RAM" 18 3167;
 .timescale -12 -12;
    .port_info 0 /OUTPUT 1 "RDATA_15";
    .port_info 1 /OUTPUT 1 "RDATA_14";
    .port_info 2 /OUTPUT 1 "RDATA_13";
    .port_info 3 /OUTPUT 1 "RDATA_12";
    .port_info 4 /OUTPUT 1 "RDATA_11";
    .port_info 5 /OUTPUT 1 "RDATA_10";
    .port_info 6 /OUTPUT 1 "RDATA_9";
    .port_info 7 /OUTPUT 1 "RDATA_8";
    .port_info 8 /OUTPUT 1 "RDATA_7";
    .port_info 9 /OUTPUT 1 "RDATA_6";
    .port_info 10 /OUTPUT 1 "RDATA_5";
    .port_info 11 /OUTPUT 1 "RDATA_4";
    .port_info 12 /OUTPUT 1 "RDATA_3";
    .port_info 13 /OUTPUT 1 "RDATA_2";
    .port_info 14 /OUTPUT 1 "RDATA_1";
    .port_info 15 /OUTPUT 1 "RDATA_0";
    .port_info 16 /INPUT 1 "RCLK";
    .port_info 17 /INPUT 1 "RCLKE";
    .port_info 18 /INPUT 1 "RE";
    .port_info 19 /INPUT 1 "RADDR_10";
    .port_info 20 /INPUT 1 "RADDR_9";
    .port_info 21 /INPUT 1 "RADDR_8";
    .port_info 22 /INPUT 1 "RADDR_7";
    .port_info 23 /INPUT 1 "RADDR_6";
    .port_info 24 /INPUT 1 "RADDR_5";
    .port_info 25 /INPUT 1 "RADDR_4";
    .port_info 26 /INPUT 1 "RADDR_3";
    .port_info 27 /INPUT 1 "RADDR_2";
    .port_info 28 /INPUT 1 "RADDR_1";
    .port_info 29 /INPUT 1 "RADDR_0";
    .port_info 30 /INPUT 1 "WCLK";
    .port_info 31 /INPUT 1 "WCLKE";
    .port_info 32 /INPUT 1 "WE";
    .port_info 33 /INPUT 1 "WADDR_10";
    .port_info 34 /INPUT 1 "WADDR_9";
    .port_info 35 /INPUT 1 "WADDR_8";
    .port_info 36 /INPUT 1 "WADDR_7";
    .port_info 37 /INPUT 1 "WADDR_6";
    .port_info 38 /INPUT 1 "WADDR_5";
    .port_info 39 /INPUT 1 "WADDR_4";
    .port_info 40 /INPUT 1 "WADDR_3";
    .port_info 41 /INPUT 1 "WADDR_2";
    .port_info 42 /INPUT 1 "WADDR_1";
    .port_info 43 /INPUT 1 "WADDR_0";
    .port_info 44 /INPUT 1 "MASK_15";
    .port_info 45 /INPUT 1 "MASK_14";
    .port_info 46 /INPUT 1 "MASK_13";
    .port_info 47 /INPUT 1 "MASK_12";
    .port_info 48 /INPUT 1 "MASK_11";
    .port_info 49 /INPUT 1 "MASK_10";
    .port_info 50 /INPUT 1 "MASK_9";
    .port_info 51 /INPUT 1 "MASK_8";
    .port_info 52 /INPUT 1 "MASK_7";
    .port_info 53 /INPUT 1 "MASK_6";
    .port_info 54 /INPUT 1 "MASK_5";
    .port_info 55 /INPUT 1 "MASK_4";
    .port_info 56 /INPUT 1 "MASK_3";
    .port_info 57 /INPUT 1 "MASK_2";
    .port_info 58 /INPUT 1 "MASK_1";
    .port_info 59 /INPUT 1 "MASK_0";
    .port_info 60 /INPUT 1 "WDATA_15";
    .port_info 61 /INPUT 1 "WDATA_14";
    .port_info 62 /INPUT 1 "WDATA_13";
    .port_info 63 /INPUT 1 "WDATA_12";
    .port_info 64 /INPUT 1 "WDATA_11";
    .port_info 65 /INPUT 1 "WDATA_10";
    .port_info 66 /INPUT 1 "WDATA_9";
    .port_info 67 /INPUT 1 "WDATA_8";
    .port_info 68 /INPUT 1 "WDATA_7";
    .port_info 69 /INPUT 1 "WDATA_6";
    .port_info 70 /INPUT 1 "WDATA_5";
    .port_info 71 /INPUT 1 "WDATA_4";
    .port_info 72 /INPUT 1 "WDATA_3";
    .port_info 73 /INPUT 1 "WDATA_2";
    .port_info 74 /INPUT 1 "WDATA_1";
    .port_info 75 /INPUT 1 "WDATA_0";
P_0x5555755be100 .param/l "INIT_0" 0 18 3182, C4<0000000000000000000000000000000000000000000000000000000000000000000000000000000000000000000000000000000000000000000000000000000000000000000000000000000000000000000000000000000000000000000000000000000000000000000000000000000000000000000000000000000000000000>;
P_0x5555755be140 .param/l "INIT_1" 0 18 3183, C4<0000000000000000000000000000000000000000000000000000000000000000000000000000000000000000000000000000000000000000000000000000000000000000000000000000000000000000000000000000000000000000000000000000000000000000000000000000000000000000000000000000000000000000>;
P_0x5555755be180 .param/l "INIT_2" 0 18 3184, C4<0000000000000000000000000000000000000000000000000000000000000000000000000000000000000000000000000000000000000000000000000000000000000000000000000000000000000000000000000000000000000000000000000000000000000000000000000000000000000000000000000000000000000000>;
P_0x5555755be1c0 .param/l "INIT_3" 0 18 3185, C4<0000000000000000000000000000000000000000000000000000000000000000000000000000000000000000000000000000000000000000000000000000000000000000000000000000000000000000000000000000000000000000000000000000000000000000000000000000000000000000000000000000000000000000>;
P_0x5555755be200 .param/l "INIT_4" 0 18 3186, C4<0000000000000000000000000000000000000000000000000000000000000000000000000000000000000000000000000000000000000000000000000000000000000000000000000000000000000000000000000000000000000000000000000000000000000000000000000000000000000000000000000000000000000000>;
P_0x5555755be240 .param/l "INIT_5" 0 18 3187, C4<0000000000000000000000000000000000000000000000000000000000000000000000000000000000000000000000000000000000000000000000000000000000000000000000000000000000000000000000000000000000000000000000000000000000000000000000000000000000000000000000000000000000000000>;
P_0x5555755be280 .param/l "INIT_6" 0 18 3188, C4<0000000000000000000000000000000000000000000000000000000000000000000000000000000000000000000000000000000000000000000000000000000000000000000000000000000000000000000000000000000000000000000000000000000000000000000000000000000000000000000000000000000000000000>;
P_0x5555755be2c0 .param/l "INIT_7" 0 18 3189, C4<0000000000000000000000000000000000000000000000000000000000000000000000000000000000000000000000000000000000000000000000000000000000000000000000000000000000000000000000000000000000000000000000000000000000000000000000000000000000000000000000000000000000000000>;
P_0x5555755be300 .param/l "INIT_8" 0 18 3190, C4<0000000000000000000000000000000000000000000000000000000000000000000000000000000000000000000000000000000000000000000000000000000000000000000000000000000000000000000000000000000000000000000000000000000000000000000000000000000000000000000000000000000000000000>;
P_0x5555755be340 .param/l "INIT_9" 0 18 3191, C4<0000000000000000000000000000000000000000000000000000000000000000000000000000000000000000000000000000000000000000000000000000000000000000000000000000000000000000000000000000000000000000000000000000000000000000000000000000000000000000000000000000000000000000>;
P_0x5555755be380 .param/l "INIT_A" 0 18 3192, C4<0000000000000000000000000000000000000000000000000000000000000000000000000000000000000000000000000000000000000000000000000000000000000000000000000000000000000000000000000000000000000000000000000000000000000000000000000000000000000000000000000000000000000000>;
P_0x5555755be3c0 .param/l "INIT_B" 0 18 3193, C4<0000000000000000000000000000000000000000000000000000000000000000000000000000000000000000000000000000000000000000000000000000000000000000000000000000000000000000000000000000000000000000000000000000000000000000000000000000000000000000000000000000000000000000>;
P_0x5555755be400 .param/l "INIT_C" 0 18 3194, C4<0000000000000000000000000000000000000000000000000000000000000000000000000000000000000000000000000000000000000000000000000000000000000000000000000000000000000000000000000000000000000000000000000000000000000000000000000000000000000000000000000000000000000000>;
P_0x5555755be440 .param/l "INIT_D" 0 18 3195, C4<0000000000000000000000000000000000000000000000000000000000000000000000000000000000000000000000000000000000000000000000000000000000000000000000000000000000000000000000000000000000000000000000000000000000000000000000000000000000000000000000000000000000000000>;
P_0x5555755be480 .param/l "INIT_E" 0 18 3196, C4<0000000000000000000000000000000000000000000000000000000000000000000000000000000000000000000000000000000000000000000000000000000000000000000000000000000000000000000000000000000000000000000000000000000000000000000000000000000000000000000000000000000000000000>;
P_0x5555755be4c0 .param/l "INIT_F" 0 18 3197, C4<0000000000000000000000000000000000000000000000000000000000000000000000000000000000000000000000000000000000000000000000000000000000000000000000000000000000000000000000000000000000000000000000000000000000000000000000000000000000000000000000000000000000000000>;
P_0x5555755be500 .param/l "NEG_CLK_R" 0 18 3179, C4<0>;
P_0x5555755be540 .param/l "NEG_CLK_W" 0 18 3180, C4<0>;
P_0x5555755be580 .param/l "READ_MODE" 0 18 3177, +C4<00000000000000000000000000000000>;
P_0x5555755be5c0 .param/l "WRITE_MODE" 0 18 3176, +C4<00000000000000000000000000000000>;
L_0x7fc6166d07f8 .functor BUFT 1, C4<0>, C4<0>, C4<0>, C4<0>;
L_0x5555758f2d70 .functor XOR 1, L_0x5555758f33c0, L_0x7fc6166d07f8, C4<0>, C4<0>;
L_0x7fc6166d0840 .functor BUFT 1, C4<0>, C4<0>, C4<0>, C4<0>;
L_0x5555758f4ca0 .functor XOR 1, L_0x5555758f4af0, L_0x7fc6166d0840, C4<0>, C4<0>;
o0x7fc616b50428 .functor BUFZ 1, c4<z>; HiZ drive
v0x555575899620_0 .net "MASK_0", 0 0, o0x7fc616b50428;  0 drivers
o0x7fc616b50458 .functor BUFZ 1, c4<z>; HiZ drive
v0x5555758996c0_0 .net "MASK_1", 0 0, o0x7fc616b50458;  0 drivers
o0x7fc616b50488 .functor BUFZ 1, c4<z>; HiZ drive
v0x555575899760_0 .net "MASK_10", 0 0, o0x7fc616b50488;  0 drivers
o0x7fc616b504b8 .functor BUFZ 1, c4<z>; HiZ drive
v0x555575899800_0 .net "MASK_11", 0 0, o0x7fc616b504b8;  0 drivers
o0x7fc616b504e8 .functor BUFZ 1, c4<z>; HiZ drive
v0x5555758998a0_0 .net "MASK_12", 0 0, o0x7fc616b504e8;  0 drivers
o0x7fc616b50518 .functor BUFZ 1, c4<z>; HiZ drive
v0x555575899940_0 .net "MASK_13", 0 0, o0x7fc616b50518;  0 drivers
o0x7fc616b50548 .functor BUFZ 1, c4<z>; HiZ drive
v0x5555758999e0_0 .net "MASK_14", 0 0, o0x7fc616b50548;  0 drivers
o0x7fc616b50578 .functor BUFZ 1, c4<z>; HiZ drive
v0x555575899a80_0 .net "MASK_15", 0 0, o0x7fc616b50578;  0 drivers
o0x7fc616b505a8 .functor BUFZ 1, c4<z>; HiZ drive
v0x555575899b20_0 .net "MASK_2", 0 0, o0x7fc616b505a8;  0 drivers
o0x7fc616b505d8 .functor BUFZ 1, c4<z>; HiZ drive
v0x555575899bc0_0 .net "MASK_3", 0 0, o0x7fc616b505d8;  0 drivers
o0x7fc616b50608 .functor BUFZ 1, c4<z>; HiZ drive
v0x555575899c60_0 .net "MASK_4", 0 0, o0x7fc616b50608;  0 drivers
o0x7fc616b50638 .functor BUFZ 1, c4<z>; HiZ drive
v0x555575899d00_0 .net "MASK_5", 0 0, o0x7fc616b50638;  0 drivers
o0x7fc616b50668 .functor BUFZ 1, c4<z>; HiZ drive
v0x555575899da0_0 .net "MASK_6", 0 0, o0x7fc616b50668;  0 drivers
o0x7fc616b50698 .functor BUFZ 1, c4<z>; HiZ drive
v0x555575899e40_0 .net "MASK_7", 0 0, o0x7fc616b50698;  0 drivers
o0x7fc616b506c8 .functor BUFZ 1, c4<z>; HiZ drive
v0x555575899ee0_0 .net "MASK_8", 0 0, o0x7fc616b506c8;  0 drivers
o0x7fc616b506f8 .functor BUFZ 1, c4<z>; HiZ drive
v0x555575899f80_0 .net "MASK_9", 0 0, o0x7fc616b506f8;  0 drivers
o0x7fc616b50728 .functor BUFZ 1, c4<z>; HiZ drive
v0x55557589a020_0 .net "RADDR_0", 0 0, o0x7fc616b50728;  0 drivers
o0x7fc616b50758 .functor BUFZ 1, c4<z>; HiZ drive
v0x55557589a1d0_0 .net "RADDR_1", 0 0, o0x7fc616b50758;  0 drivers
o0x7fc616b50788 .functor BUFZ 1, c4<z>; HiZ drive
v0x55557589a270_0 .net "RADDR_10", 0 0, o0x7fc616b50788;  0 drivers
o0x7fc616b507b8 .functor BUFZ 1, c4<z>; HiZ drive
v0x55557589a310_0 .net "RADDR_2", 0 0, o0x7fc616b507b8;  0 drivers
o0x7fc616b507e8 .functor BUFZ 1, c4<z>; HiZ drive
v0x55557589a3b0_0 .net "RADDR_3", 0 0, o0x7fc616b507e8;  0 drivers
o0x7fc616b50818 .functor BUFZ 1, c4<z>; HiZ drive
v0x55557589a450_0 .net "RADDR_4", 0 0, o0x7fc616b50818;  0 drivers
o0x7fc616b50848 .functor BUFZ 1, c4<z>; HiZ drive
v0x55557589a4f0_0 .net "RADDR_5", 0 0, o0x7fc616b50848;  0 drivers
o0x7fc616b50878 .functor BUFZ 1, c4<z>; HiZ drive
v0x55557589a590_0 .net "RADDR_6", 0 0, o0x7fc616b50878;  0 drivers
o0x7fc616b508a8 .functor BUFZ 1, c4<z>; HiZ drive
v0x55557589a630_0 .net "RADDR_7", 0 0, o0x7fc616b508a8;  0 drivers
o0x7fc616b508d8 .functor BUFZ 1, c4<z>; HiZ drive
v0x55557589a6d0_0 .net "RADDR_8", 0 0, o0x7fc616b508d8;  0 drivers
o0x7fc616b50908 .functor BUFZ 1, c4<z>; HiZ drive
v0x55557589a770_0 .net "RADDR_9", 0 0, o0x7fc616b50908;  0 drivers
o0x7fc616b50938 .functor BUFZ 1, c4<z>; HiZ drive
v0x55557589a810_0 .net "RCLK", 0 0, o0x7fc616b50938;  0 drivers
o0x7fc616b50968 .functor BUFZ 1, c4<z>; HiZ drive
v0x55557589a8b0_0 .net "RCLKE", 0 0, o0x7fc616b50968;  0 drivers
v0x55557589a950_0 .net "RDATA_0", 0 0, L_0x5555758f3260;  1 drivers
v0x55557589a9f0_0 .net "RDATA_1", 0 0, L_0x5555758f2f80;  1 drivers
v0x55557589aa90_0 .net "RDATA_10", 0 0, L_0x5555758f2700;  1 drivers
v0x55557589ab30_0 .net "RDATA_11", 0 0, L_0x5555758f2630;  1 drivers
v0x55557589ae00_0 .net "RDATA_12", 0 0, L_0x5555758f2530;  1 drivers
v0x55557589aec0_0 .net "RDATA_13", 0 0, L_0x5555758f2460;  1 drivers
v0x55557589af80_0 .net "RDATA_14", 0 0, L_0x5555758f23c0;  1 drivers
v0x55557589b040_0 .net "RDATA_15", 0 0, L_0x5555758f22a0;  1 drivers
v0x55557589b100_0 .net "RDATA_2", 0 0, L_0x5555758f2eb0;  1 drivers
v0x55557589b1c0_0 .net "RDATA_3", 0 0, L_0x5555758f2de0;  1 drivers
v0x55557589b280_0 .net "RDATA_4", 0 0, L_0x5555758f2ca0;  1 drivers
v0x55557589b340_0 .net "RDATA_5", 0 0, L_0x5555758f2bd0;  1 drivers
v0x55557589b400_0 .net "RDATA_6", 0 0, L_0x5555758f2aa0;  1 drivers
v0x55557589b4c0_0 .net "RDATA_7", 0 0, L_0x5555758f29d0;  1 drivers
v0x55557589b580_0 .net "RDATA_8", 0 0, L_0x5555758f28b0;  1 drivers
v0x55557589b640_0 .net "RDATA_9", 0 0, L_0x5555758f2810;  1 drivers
o0x7fc616b50c98 .functor BUFZ 1, c4<z>; HiZ drive
v0x55557589b700_0 .net "RE", 0 0, o0x7fc616b50c98;  0 drivers
o0x7fc616b50cc8 .functor BUFZ 1, c4<z>; HiZ drive
v0x55557589b7c0_0 .net "WADDR_0", 0 0, o0x7fc616b50cc8;  0 drivers
o0x7fc616b50cf8 .functor BUFZ 1, c4<z>; HiZ drive
v0x55557589b880_0 .net "WADDR_1", 0 0, o0x7fc616b50cf8;  0 drivers
o0x7fc616b50d28 .functor BUFZ 1, c4<z>; HiZ drive
v0x55557589b940_0 .net "WADDR_10", 0 0, o0x7fc616b50d28;  0 drivers
o0x7fc616b50d58 .functor BUFZ 1, c4<z>; HiZ drive
v0x55557589ba00_0 .net "WADDR_2", 0 0, o0x7fc616b50d58;  0 drivers
o0x7fc616b50d88 .functor BUFZ 1, c4<z>; HiZ drive
v0x55557589bac0_0 .net "WADDR_3", 0 0, o0x7fc616b50d88;  0 drivers
o0x7fc616b50db8 .functor BUFZ 1, c4<z>; HiZ drive
v0x55557589bb80_0 .net "WADDR_4", 0 0, o0x7fc616b50db8;  0 drivers
o0x7fc616b50de8 .functor BUFZ 1, c4<z>; HiZ drive
v0x55557589bc40_0 .net "WADDR_5", 0 0, o0x7fc616b50de8;  0 drivers
o0x7fc616b50e18 .functor BUFZ 1, c4<z>; HiZ drive
v0x55557589bd00_0 .net "WADDR_6", 0 0, o0x7fc616b50e18;  0 drivers
o0x7fc616b50e48 .functor BUFZ 1, c4<z>; HiZ drive
v0x55557589bdc0_0 .net "WADDR_7", 0 0, o0x7fc616b50e48;  0 drivers
o0x7fc616b50e78 .functor BUFZ 1, c4<z>; HiZ drive
v0x55557589be80_0 .net "WADDR_8", 0 0, o0x7fc616b50e78;  0 drivers
o0x7fc616b50ea8 .functor BUFZ 1, c4<z>; HiZ drive
v0x55557589bf40_0 .net "WADDR_9", 0 0, o0x7fc616b50ea8;  0 drivers
o0x7fc616b50ed8 .functor BUFZ 1, c4<z>; HiZ drive
v0x55557589c000_0 .net "WCLK", 0 0, o0x7fc616b50ed8;  0 drivers
o0x7fc616b50f08 .functor BUFZ 1, c4<z>; HiZ drive
v0x55557589c0c0_0 .net "WCLKE", 0 0, o0x7fc616b50f08;  0 drivers
o0x7fc616b50f38 .functor BUFZ 1, c4<z>; HiZ drive
v0x55557589c180_0 .net "WDATA_0", 0 0, o0x7fc616b50f38;  0 drivers
o0x7fc616b50f68 .functor BUFZ 1, c4<z>; HiZ drive
v0x55557589c240_0 .net "WDATA_1", 0 0, o0x7fc616b50f68;  0 drivers
o0x7fc616b50f98 .functor BUFZ 1, c4<z>; HiZ drive
v0x55557589c300_0 .net "WDATA_10", 0 0, o0x7fc616b50f98;  0 drivers
o0x7fc616b50fc8 .functor BUFZ 1, c4<z>; HiZ drive
v0x55557589c3c0_0 .net "WDATA_11", 0 0, o0x7fc616b50fc8;  0 drivers
o0x7fc616b50ff8 .functor BUFZ 1, c4<z>; HiZ drive
v0x55557589c480_0 .net "WDATA_12", 0 0, o0x7fc616b50ff8;  0 drivers
o0x7fc616b51028 .functor BUFZ 1, c4<z>; HiZ drive
v0x55557589c540_0 .net "WDATA_13", 0 0, o0x7fc616b51028;  0 drivers
o0x7fc616b51058 .functor BUFZ 1, c4<z>; HiZ drive
v0x55557589c600_0 .net "WDATA_14", 0 0, o0x7fc616b51058;  0 drivers
o0x7fc616b51088 .functor BUFZ 1, c4<z>; HiZ drive
v0x55557589c6c0_0 .net "WDATA_15", 0 0, o0x7fc616b51088;  0 drivers
o0x7fc616b510b8 .functor BUFZ 1, c4<z>; HiZ drive
v0x55557589c780_0 .net "WDATA_2", 0 0, o0x7fc616b510b8;  0 drivers
o0x7fc616b510e8 .functor BUFZ 1, c4<z>; HiZ drive
v0x55557589c840_0 .net "WDATA_3", 0 0, o0x7fc616b510e8;  0 drivers
o0x7fc616b51118 .functor BUFZ 1, c4<z>; HiZ drive
v0x55557589c900_0 .net "WDATA_4", 0 0, o0x7fc616b51118;  0 drivers
o0x7fc616b51148 .functor BUFZ 1, c4<z>; HiZ drive
v0x55557589c9c0_0 .net "WDATA_5", 0 0, o0x7fc616b51148;  0 drivers
o0x7fc616b51178 .functor BUFZ 1, c4<z>; HiZ drive
v0x55557589ca80_0 .net "WDATA_6", 0 0, o0x7fc616b51178;  0 drivers
o0x7fc616b511a8 .functor BUFZ 1, c4<z>; HiZ drive
v0x55557589cb40_0 .net "WDATA_7", 0 0, o0x7fc616b511a8;  0 drivers
o0x7fc616b511d8 .functor BUFZ 1, c4<z>; HiZ drive
v0x55557589cc00_0 .net "WDATA_8", 0 0, o0x7fc616b511d8;  0 drivers
o0x7fc616b51208 .functor BUFZ 1, c4<z>; HiZ drive
v0x55557589ccc0_0 .net "WDATA_9", 0 0, o0x7fc616b51208;  0 drivers
o0x7fc616b51238 .functor BUFZ 1, c4<z>; HiZ drive
v0x55557589cd80_0 .net "WE", 0 0, o0x7fc616b51238;  0 drivers
v0x55557589ce40_0 .net *"_ivl_100", 0 0, L_0x5555758f70b0;  1 drivers
v0x55557589cf20_0 .net *"_ivl_102", 0 0, L_0x5555758f6e00;  1 drivers
v0x55557589d000_0 .net *"_ivl_104", 0 0, L_0x5555758f6ed0;  1 drivers
v0x55557589d0e0_0 .net *"_ivl_106", 0 0, L_0x5555758f7570;  1 drivers
v0x55557589d1c0_0 .net *"_ivl_108", 0 0, L_0x5555758f7670;  1 drivers
v0x55557589d2a0_0 .net *"_ivl_110", 0 0, L_0x5555758f7920;  1 drivers
v0x55557589d380_0 .net *"_ivl_112", 0 0, L_0x5555758f7a20;  1 drivers
v0x55557589d460_0 .net *"_ivl_114", 0 0, L_0x5555758f7d10;  1 drivers
v0x55557589d540_0 .net *"_ivl_116", 0 0, L_0x5555758f7de0;  1 drivers
v0x55557589d620_0 .net *"_ivl_120", 0 0, L_0x5555758f86d0;  1 drivers
v0x55557589d700_0 .net *"_ivl_122", 0 0, L_0x5555758f8980;  1 drivers
v0x55557589d7e0_0 .net *"_ivl_124", 0 0, L_0x5555758f8a20;  1 drivers
v0x55557589d8c0_0 .net *"_ivl_126", 0 0, L_0x5555758f8ce0;  1 drivers
v0x55557589d9a0_0 .net *"_ivl_128", 0 0, L_0x5555758f8d80;  1 drivers
v0x55557589da80_0 .net *"_ivl_130", 0 0, L_0x5555758f9050;  1 drivers
v0x55557589db60_0 .net *"_ivl_132", 0 0, L_0x5555758f90f0;  1 drivers
v0x55557589dc40_0 .net *"_ivl_134", 0 0, L_0x5555758f93d0;  1 drivers
v0x55557589dd20_0 .net *"_ivl_136", 0 0, L_0x5555758f9470;  1 drivers
v0x55557589de00_0 .net *"_ivl_138", 0 0, L_0x5555758f97c0;  1 drivers
v0x55557589dee0_0 .net *"_ivl_140", 0 0, L_0x5555758f98c0;  1 drivers
v0x55557589dfc0_0 .net *"_ivl_142", 0 0, L_0x5555758f9c20;  1 drivers
v0x55557589e0a0_0 .net *"_ivl_144", 0 0, L_0x5555758f9d20;  1 drivers
v0x55557589e180_0 .net *"_ivl_146", 0 0, L_0x5555758fa090;  1 drivers
v0x55557589e260_0 .net *"_ivl_148", 0 0, L_0x5555758fa190;  1 drivers
v0x55557589e340_0 .net *"_ivl_150", 0 0, L_0x5555758fa510;  1 drivers
v0x55557589e420_0 .net *"_ivl_18", 0 0, L_0x5555758f33c0;  1 drivers
v0x55557589e500_0 .net/2u *"_ivl_19", 0 0, L_0x7fc6166d07f8;  1 drivers
v0x55557589e5e0_0 .net *"_ivl_28", 0 0, L_0x5555758f3760;  1 drivers
v0x55557589e6c0_0 .net *"_ivl_30", 0 0, L_0x5555758f35c0;  1 drivers
v0x55557589e7a0_0 .net *"_ivl_32", 0 0, L_0x5555758f3970;  1 drivers
v0x55557589e880_0 .net *"_ivl_34", 0 0, L_0x5555758f3b30;  1 drivers
v0x55557589e960_0 .net *"_ivl_36", 0 0, L_0x5555758f3c30;  1 drivers
v0x55557589ea40_0 .net *"_ivl_38", 0 0, L_0x5555758f3e00;  1 drivers
v0x55557589eb20_0 .net *"_ivl_40", 0 0, L_0x5555758f3ed0;  1 drivers
v0x55557589ec00_0 .net *"_ivl_42", 0 0, L_0x5555758f40b0;  1 drivers
v0x55557589ece0_0 .net *"_ivl_44", 0 0, L_0x5555758f41b0;  1 drivers
v0x55557589edc0_0 .net *"_ivl_46", 0 0, L_0x5555758f4370;  1 drivers
v0x55557589eea0_0 .net *"_ivl_48", 0 0, L_0x5555758f4470;  1 drivers
v0x55557589ef80_0 .net *"_ivl_52", 0 0, L_0x5555758f4af0;  1 drivers
v0x55557589f060_0 .net/2u *"_ivl_53", 0 0, L_0x7fc6166d0840;  1 drivers
v0x55557589f140_0 .net *"_ivl_62", 0 0, L_0x5555758f5010;  1 drivers
v0x55557589f220_0 .net *"_ivl_64", 0 0, L_0x5555758f50b0;  1 drivers
v0x55557589f300_0 .net *"_ivl_66", 0 0, L_0x5555758f5280;  1 drivers
v0x55557589f3e0_0 .net *"_ivl_68", 0 0, L_0x5555758f5350;  1 drivers
v0x55557589f4c0_0 .net *"_ivl_70", 0 0, L_0x5555758f5590;  1 drivers
v0x55557589f5a0_0 .net *"_ivl_72", 0 0, L_0x5555758f5690;  1 drivers
v0x55557589f680_0 .net *"_ivl_74", 0 0, L_0x5555758f58e0;  1 drivers
v0x55557589f760_0 .net *"_ivl_76", 0 0, L_0x5555758f59e0;  1 drivers
v0x55557589f840_0 .net *"_ivl_78", 0 0, L_0x5555758f5c40;  1 drivers
v0x55557589f920_0 .net *"_ivl_80", 0 0, L_0x5555758f5d40;  1 drivers
v0x55557589fa00_0 .net *"_ivl_82", 0 0, L_0x5555758f5fb0;  1 drivers
v0x55557589fae0_0 .net *"_ivl_86", 0 0, L_0x5555758f66e0;  1 drivers
v0x55557589fbc0_0 .net *"_ivl_88", 0 0, L_0x5555758f6780;  1 drivers
v0x5555758a04b0_0 .net *"_ivl_90", 0 0, L_0x5555758f69b0;  1 drivers
v0x5555758a0590_0 .net *"_ivl_92", 0 0, L_0x5555758f6a50;  1 drivers
v0x5555758a0670_0 .net *"_ivl_94", 0 0, L_0x5555758f6c90;  1 drivers
v0x5555758a0750_0 .net *"_ivl_96", 0 0, L_0x5555758f6d30;  1 drivers
v0x5555758a0830_0 .net *"_ivl_98", 0 0, L_0x5555758f6fb0;  1 drivers
L_0x5555758f22a0 .part v0x5555755ca370_0, 15, 1;
L_0x5555758f23c0 .part v0x5555755ca370_0, 14, 1;
L_0x5555758f2460 .part v0x5555755ca370_0, 13, 1;
L_0x5555758f2530 .part v0x5555755ca370_0, 12, 1;
L_0x5555758f2630 .part v0x5555755ca370_0, 11, 1;
L_0x5555758f2700 .part v0x5555755ca370_0, 10, 1;
L_0x5555758f2810 .part v0x5555755ca370_0, 9, 1;
L_0x5555758f28b0 .part v0x5555755ca370_0, 8, 1;
L_0x5555758f29d0 .part v0x5555755ca370_0, 7, 1;
L_0x5555758f2aa0 .part v0x5555755ca370_0, 6, 1;
L_0x5555758f2bd0 .part v0x5555755ca370_0, 5, 1;
L_0x5555758f2ca0 .part v0x5555755ca370_0, 4, 1;
L_0x5555758f2de0 .part v0x5555755ca370_0, 3, 1;
L_0x5555758f2eb0 .part v0x5555755ca370_0, 2, 1;
L_0x5555758f2f80 .part v0x5555755ca370_0, 1, 1;
L_0x5555758f3260 .part v0x5555755ca370_0, 0, 1;
L_0x5555758f33c0 .ufunc/vec4 TD_ICESTORM_RAM.pd, 1, o0x7fc616b50938 (v0x55557564b4e0_0) S_0x55557564b270;
L_0x5555758f3520 .ufunc/vec4 TD_ICESTORM_RAM.pu, 1, o0x7fc616b50968 (v0x555575899580_0) S_0x55557564b5a0;
L_0x5555758f3660 .ufunc/vec4 TD_ICESTORM_RAM.pd, 1, o0x7fc616b50c98 (v0x55557564b4e0_0) S_0x55557564b270;
L_0x5555758f3760 .ufunc/vec4 TD_ICESTORM_RAM.pd, 1, o0x7fc616b50788 (v0x55557564b4e0_0) S_0x55557564b270;
L_0x5555758f35c0 .ufunc/vec4 TD_ICESTORM_RAM.pd, 1, o0x7fc616b50908 (v0x55557564b4e0_0) S_0x55557564b270;
L_0x5555758f3970 .ufunc/vec4 TD_ICESTORM_RAM.pd, 1, o0x7fc616b508d8 (v0x55557564b4e0_0) S_0x55557564b270;
L_0x5555758f3b30 .ufunc/vec4 TD_ICESTORM_RAM.pd, 1, o0x7fc616b508a8 (v0x55557564b4e0_0) S_0x55557564b270;
L_0x5555758f3c30 .ufunc/vec4 TD_ICESTORM_RAM.pd, 1, o0x7fc616b50878 (v0x55557564b4e0_0) S_0x55557564b270;
L_0x5555758f3e00 .ufunc/vec4 TD_ICESTORM_RAM.pd, 1, o0x7fc616b50848 (v0x55557564b4e0_0) S_0x55557564b270;
L_0x5555758f3ed0 .ufunc/vec4 TD_ICESTORM_RAM.pd, 1, o0x7fc616b50818 (v0x55557564b4e0_0) S_0x55557564b270;
L_0x5555758f40b0 .ufunc/vec4 TD_ICESTORM_RAM.pd, 1, o0x7fc616b507e8 (v0x55557564b4e0_0) S_0x55557564b270;
L_0x5555758f41b0 .ufunc/vec4 TD_ICESTORM_RAM.pd, 1, o0x7fc616b507b8 (v0x55557564b4e0_0) S_0x55557564b270;
L_0x5555758f4370 .ufunc/vec4 TD_ICESTORM_RAM.pd, 1, o0x7fc616b50758 (v0x55557564b4e0_0) S_0x55557564b270;
L_0x5555758f4470 .ufunc/vec4 TD_ICESTORM_RAM.pd, 1, o0x7fc616b50728 (v0x55557564b4e0_0) S_0x55557564b270;
LS_0x5555758f4640_0_0 .concat [ 1 1 1 1], L_0x5555758f4470, L_0x5555758f4370, L_0x5555758f41b0, L_0x5555758f40b0;
LS_0x5555758f4640_0_4 .concat [ 1 1 1 1], L_0x5555758f3ed0, L_0x5555758f3e00, L_0x5555758f3c30, L_0x5555758f3b30;
LS_0x5555758f4640_0_8 .concat [ 1 1 1 0], L_0x5555758f3970, L_0x5555758f35c0, L_0x5555758f3760;
L_0x5555758f4640 .concat [ 4 4 3 0], LS_0x5555758f4640_0_0, LS_0x5555758f4640_0_4, LS_0x5555758f4640_0_8;
L_0x5555758f4af0 .ufunc/vec4 TD_ICESTORM_RAM.pd, 1, o0x7fc616b50ed8 (v0x55557564b4e0_0) S_0x55557564b270;
L_0x5555758f4db0 .ufunc/vec4 TD_ICESTORM_RAM.pu, 1, o0x7fc616b50f08 (v0x555575899580_0) S_0x55557564b5a0;
L_0x5555758f4e50 .ufunc/vec4 TD_ICESTORM_RAM.pd, 1, o0x7fc616b51238 (v0x55557564b4e0_0) S_0x55557564b270;
L_0x5555758f5010 .ufunc/vec4 TD_ICESTORM_RAM.pd, 1, o0x7fc616b50d28 (v0x55557564b4e0_0) S_0x55557564b270;
L_0x5555758f50b0 .ufunc/vec4 TD_ICESTORM_RAM.pd, 1, o0x7fc616b50ea8 (v0x55557564b4e0_0) S_0x55557564b270;
L_0x5555758f5280 .ufunc/vec4 TD_ICESTORM_RAM.pd, 1, o0x7fc616b50e78 (v0x55557564b4e0_0) S_0x55557564b270;
L_0x5555758f5350 .ufunc/vec4 TD_ICESTORM_RAM.pd, 1, o0x7fc616b50e48 (v0x55557564b4e0_0) S_0x55557564b270;
L_0x5555758f5590 .ufunc/vec4 TD_ICESTORM_RAM.pd, 1, o0x7fc616b50e18 (v0x55557564b4e0_0) S_0x55557564b270;
L_0x5555758f5690 .ufunc/vec4 TD_ICESTORM_RAM.pd, 1, o0x7fc616b50de8 (v0x55557564b4e0_0) S_0x55557564b270;
L_0x5555758f58e0 .ufunc/vec4 TD_ICESTORM_RAM.pd, 1, o0x7fc616b50db8 (v0x55557564b4e0_0) S_0x55557564b270;
L_0x5555758f59e0 .ufunc/vec4 TD_ICESTORM_RAM.pd, 1, o0x7fc616b50d88 (v0x55557564b4e0_0) S_0x55557564b270;
L_0x5555758f5c40 .ufunc/vec4 TD_ICESTORM_RAM.pd, 1, o0x7fc616b50d58 (v0x55557564b4e0_0) S_0x55557564b270;
L_0x5555758f5d40 .ufunc/vec4 TD_ICESTORM_RAM.pd, 1, o0x7fc616b50cf8 (v0x55557564b4e0_0) S_0x55557564b270;
L_0x5555758f5fb0 .ufunc/vec4 TD_ICESTORM_RAM.pd, 1, o0x7fc616b50cc8 (v0x55557564b4e0_0) S_0x55557564b270;
LS_0x5555758f60b0_0_0 .concat [ 1 1 1 1], L_0x5555758f5fb0, L_0x5555758f5d40, L_0x5555758f5c40, L_0x5555758f59e0;
LS_0x5555758f60b0_0_4 .concat [ 1 1 1 1], L_0x5555758f58e0, L_0x5555758f5690, L_0x5555758f5590, L_0x5555758f5350;
LS_0x5555758f60b0_0_8 .concat [ 1 1 1 0], L_0x5555758f5280, L_0x5555758f50b0, L_0x5555758f5010;
L_0x5555758f60b0 .concat [ 4 4 3 0], LS_0x5555758f60b0_0_0, LS_0x5555758f60b0_0_4, LS_0x5555758f60b0_0_8;
L_0x5555758f66e0 .ufunc/vec4 TD_ICESTORM_RAM.pd, 1, o0x7fc616b50578 (v0x55557564b4e0_0) S_0x55557564b270;
L_0x5555758f6780 .ufunc/vec4 TD_ICESTORM_RAM.pd, 1, o0x7fc616b50548 (v0x55557564b4e0_0) S_0x55557564b270;
L_0x5555758f69b0 .ufunc/vec4 TD_ICESTORM_RAM.pd, 1, o0x7fc616b50518 (v0x55557564b4e0_0) S_0x55557564b270;
L_0x5555758f6a50 .ufunc/vec4 TD_ICESTORM_RAM.pd, 1, o0x7fc616b504e8 (v0x55557564b4e0_0) S_0x55557564b270;
L_0x5555758f6c90 .ufunc/vec4 TD_ICESTORM_RAM.pd, 1, o0x7fc616b504b8 (v0x55557564b4e0_0) S_0x55557564b270;
L_0x5555758f6d30 .ufunc/vec4 TD_ICESTORM_RAM.pd, 1, o0x7fc616b50488 (v0x55557564b4e0_0) S_0x55557564b270;
L_0x5555758f6fb0 .ufunc/vec4 TD_ICESTORM_RAM.pd, 1, o0x7fc616b506f8 (v0x55557564b4e0_0) S_0x55557564b270;
L_0x5555758f70b0 .ufunc/vec4 TD_ICESTORM_RAM.pd, 1, o0x7fc616b506c8 (v0x55557564b4e0_0) S_0x55557564b270;
L_0x5555758f6e00 .ufunc/vec4 TD_ICESTORM_RAM.pd, 1, o0x7fc616b50698 (v0x55557564b4e0_0) S_0x55557564b270;
L_0x5555758f6ed0 .ufunc/vec4 TD_ICESTORM_RAM.pd, 1, o0x7fc616b50668 (v0x55557564b4e0_0) S_0x55557564b270;
L_0x5555758f7570 .ufunc/vec4 TD_ICESTORM_RAM.pd, 1, o0x7fc616b50638 (v0x55557564b4e0_0) S_0x55557564b270;
L_0x5555758f7670 .ufunc/vec4 TD_ICESTORM_RAM.pd, 1, o0x7fc616b50608 (v0x55557564b4e0_0) S_0x55557564b270;
L_0x5555758f7920 .ufunc/vec4 TD_ICESTORM_RAM.pd, 1, o0x7fc616b505d8 (v0x55557564b4e0_0) S_0x55557564b270;
L_0x5555758f7a20 .ufunc/vec4 TD_ICESTORM_RAM.pd, 1, o0x7fc616b505a8 (v0x55557564b4e0_0) S_0x55557564b270;
L_0x5555758f7d10 .ufunc/vec4 TD_ICESTORM_RAM.pd, 1, o0x7fc616b50458 (v0x55557564b4e0_0) S_0x55557564b270;
L_0x5555758f7de0 .ufunc/vec4 TD_ICESTORM_RAM.pd, 1, o0x7fc616b50428 (v0x55557564b4e0_0) S_0x55557564b270;
LS_0x5555758f80e0_0_0 .concat [ 1 1 1 1], L_0x5555758f7de0, L_0x5555758f7d10, L_0x5555758f7a20, L_0x5555758f7920;
LS_0x5555758f80e0_0_4 .concat [ 1 1 1 1], L_0x5555758f7670, L_0x5555758f7570, L_0x5555758f6ed0, L_0x5555758f6e00;
LS_0x5555758f80e0_0_8 .concat [ 1 1 1 1], L_0x5555758f70b0, L_0x5555758f6fb0, L_0x5555758f6d30, L_0x5555758f6c90;
LS_0x5555758f80e0_0_12 .concat [ 1 1 1 1], L_0x5555758f6a50, L_0x5555758f69b0, L_0x5555758f6780, L_0x5555758f66e0;
L_0x5555758f80e0 .concat [ 4 4 4 4], LS_0x5555758f80e0_0_0, LS_0x5555758f80e0_0_4, LS_0x5555758f80e0_0_8, LS_0x5555758f80e0_0_12;
L_0x5555758f86d0 .ufunc/vec4 TD_ICESTORM_RAM.pd, 1, o0x7fc616b51088 (v0x55557564b4e0_0) S_0x55557564b270;
L_0x5555758f8980 .ufunc/vec4 TD_ICESTORM_RAM.pd, 1, o0x7fc616b51058 (v0x55557564b4e0_0) S_0x55557564b270;
L_0x5555758f8a20 .ufunc/vec4 TD_ICESTORM_RAM.pd, 1, o0x7fc616b51028 (v0x55557564b4e0_0) S_0x55557564b270;
L_0x5555758f8ce0 .ufunc/vec4 TD_ICESTORM_RAM.pd, 1, o0x7fc616b50ff8 (v0x55557564b4e0_0) S_0x55557564b270;
L_0x5555758f8d80 .ufunc/vec4 TD_ICESTORM_RAM.pd, 1, o0x7fc616b50fc8 (v0x55557564b4e0_0) S_0x55557564b270;
L_0x5555758f9050 .ufunc/vec4 TD_ICESTORM_RAM.pd, 1, o0x7fc616b50f98 (v0x55557564b4e0_0) S_0x55557564b270;
L_0x5555758f90f0 .ufunc/vec4 TD_ICESTORM_RAM.pd, 1, o0x7fc616b51208 (v0x55557564b4e0_0) S_0x55557564b270;
L_0x5555758f93d0 .ufunc/vec4 TD_ICESTORM_RAM.pd, 1, o0x7fc616b511d8 (v0x55557564b4e0_0) S_0x55557564b270;
L_0x5555758f9470 .ufunc/vec4 TD_ICESTORM_RAM.pd, 1, o0x7fc616b511a8 (v0x55557564b4e0_0) S_0x55557564b270;
L_0x5555758f97c0 .ufunc/vec4 TD_ICESTORM_RAM.pd, 1, o0x7fc616b51178 (v0x55557564b4e0_0) S_0x55557564b270;
L_0x5555758f98c0 .ufunc/vec4 TD_ICESTORM_RAM.pd, 1, o0x7fc616b51148 (v0x55557564b4e0_0) S_0x55557564b270;
L_0x5555758f9c20 .ufunc/vec4 TD_ICESTORM_RAM.pd, 1, o0x7fc616b51118 (v0x55557564b4e0_0) S_0x55557564b270;
L_0x5555758f9d20 .ufunc/vec4 TD_ICESTORM_RAM.pd, 1, o0x7fc616b510e8 (v0x55557564b4e0_0) S_0x55557564b270;
L_0x5555758fa090 .ufunc/vec4 TD_ICESTORM_RAM.pd, 1, o0x7fc616b510b8 (v0x55557564b4e0_0) S_0x55557564b270;
L_0x5555758fa190 .ufunc/vec4 TD_ICESTORM_RAM.pd, 1, o0x7fc616b50f68 (v0x55557564b4e0_0) S_0x55557564b270;
L_0x5555758fa510 .ufunc/vec4 TD_ICESTORM_RAM.pd, 1, o0x7fc616b50f38 (v0x55557564b4e0_0) S_0x55557564b270;
LS_0x5555758fa610_0_0 .concat [ 1 1 1 1], L_0x5555758fa510, L_0x5555758fa190, L_0x5555758fa090, L_0x5555758f9d20;
LS_0x5555758fa610_0_4 .concat [ 1 1 1 1], L_0x5555758f9c20, L_0x5555758f98c0, L_0x5555758f97c0, L_0x5555758f9470;
LS_0x5555758fa610_0_8 .concat [ 1 1 1 1], L_0x5555758f93d0, L_0x5555758f90f0, L_0x5555758f9050, L_0x5555758f8d80;
LS_0x5555758fa610_0_12 .concat [ 1 1 1 1], L_0x5555758f8ce0, L_0x5555758f8a20, L_0x5555758f8980, L_0x5555758f86d0;
L_0x5555758fa610 .concat [ 4 4 4 4], LS_0x5555758fa610_0_0, LS_0x5555758fa610_0_4, LS_0x5555758fa610_0_8, LS_0x5555758fa610_0_12;
S_0x5555755de260 .scope module, "RAM" "SB_RAM40_4K" 18 3233, 18 1487 0, S_0x555575839b80;
 .timescale -12 -12;
    .port_info 0 /OUTPUT 16 "RDATA";
    .port_info 1 /INPUT 1 "RCLK";
    .port_info 2 /INPUT 1 "RCLKE";
    .port_info 3 /INPUT 1 "RE";
    .port_info 4 /INPUT 11 "RADDR";
    .port_info 5 /INPUT 1 "WCLK";
    .port_info 6 /INPUT 1 "WCLKE";
    .port_info 7 /INPUT 1 "WE";
    .port_info 8 /INPUT 11 "WADDR";
    .port_info 9 /INPUT 16 "MASK";
    .port_info 10 /INPUT 16 "WDATA";
P_0x5555755da6c0 .param/l "INIT_0" 0 18 1507, C4<0000000000000000000000000000000000000000000000000000000000000000000000000000000000000000000000000000000000000000000000000000000000000000000000000000000000000000000000000000000000000000000000000000000000000000000000000000000000000000000000000000000000000000>;
P_0x5555755da700 .param/l "INIT_1" 0 18 1508, C4<0000000000000000000000000000000000000000000000000000000000000000000000000000000000000000000000000000000000000000000000000000000000000000000000000000000000000000000000000000000000000000000000000000000000000000000000000000000000000000000000000000000000000000>;
P_0x5555755da740 .param/l "INIT_2" 0 18 1509, C4<0000000000000000000000000000000000000000000000000000000000000000000000000000000000000000000000000000000000000000000000000000000000000000000000000000000000000000000000000000000000000000000000000000000000000000000000000000000000000000000000000000000000000000>;
P_0x5555755da780 .param/l "INIT_3" 0 18 1510, C4<0000000000000000000000000000000000000000000000000000000000000000000000000000000000000000000000000000000000000000000000000000000000000000000000000000000000000000000000000000000000000000000000000000000000000000000000000000000000000000000000000000000000000000>;
P_0x5555755da7c0 .param/l "INIT_4" 0 18 1511, C4<0000000000000000000000000000000000000000000000000000000000000000000000000000000000000000000000000000000000000000000000000000000000000000000000000000000000000000000000000000000000000000000000000000000000000000000000000000000000000000000000000000000000000000>;
P_0x5555755da800 .param/l "INIT_5" 0 18 1512, C4<0000000000000000000000000000000000000000000000000000000000000000000000000000000000000000000000000000000000000000000000000000000000000000000000000000000000000000000000000000000000000000000000000000000000000000000000000000000000000000000000000000000000000000>;
P_0x5555755da840 .param/l "INIT_6" 0 18 1513, C4<0000000000000000000000000000000000000000000000000000000000000000000000000000000000000000000000000000000000000000000000000000000000000000000000000000000000000000000000000000000000000000000000000000000000000000000000000000000000000000000000000000000000000000>;
P_0x5555755da880 .param/l "INIT_7" 0 18 1514, C4<0000000000000000000000000000000000000000000000000000000000000000000000000000000000000000000000000000000000000000000000000000000000000000000000000000000000000000000000000000000000000000000000000000000000000000000000000000000000000000000000000000000000000000>;
P_0x5555755da8c0 .param/l "INIT_8" 0 18 1515, C4<0000000000000000000000000000000000000000000000000000000000000000000000000000000000000000000000000000000000000000000000000000000000000000000000000000000000000000000000000000000000000000000000000000000000000000000000000000000000000000000000000000000000000000>;
P_0x5555755da900 .param/l "INIT_9" 0 18 1516, C4<0000000000000000000000000000000000000000000000000000000000000000000000000000000000000000000000000000000000000000000000000000000000000000000000000000000000000000000000000000000000000000000000000000000000000000000000000000000000000000000000000000000000000000>;
P_0x5555755da940 .param/l "INIT_A" 0 18 1517, C4<0000000000000000000000000000000000000000000000000000000000000000000000000000000000000000000000000000000000000000000000000000000000000000000000000000000000000000000000000000000000000000000000000000000000000000000000000000000000000000000000000000000000000000>;
P_0x5555755da980 .param/l "INIT_B" 0 18 1518, C4<0000000000000000000000000000000000000000000000000000000000000000000000000000000000000000000000000000000000000000000000000000000000000000000000000000000000000000000000000000000000000000000000000000000000000000000000000000000000000000000000000000000000000000>;
P_0x5555755da9c0 .param/l "INIT_C" 0 18 1519, C4<0000000000000000000000000000000000000000000000000000000000000000000000000000000000000000000000000000000000000000000000000000000000000000000000000000000000000000000000000000000000000000000000000000000000000000000000000000000000000000000000000000000000000000>;
P_0x5555755daa00 .param/l "INIT_D" 0 18 1520, C4<0000000000000000000000000000000000000000000000000000000000000000000000000000000000000000000000000000000000000000000000000000000000000000000000000000000000000000000000000000000000000000000000000000000000000000000000000000000000000000000000000000000000000000>;
P_0x5555755daa40 .param/l "INIT_E" 0 18 1521, C4<0000000000000000000000000000000000000000000000000000000000000000000000000000000000000000000000000000000000000000000000000000000000000000000000000000000000000000000000000000000000000000000000000000000000000000000000000000000000000000000000000000000000000000>;
P_0x5555755daa80 .param/l "INIT_F" 0 18 1522, C4<0000000000000000000000000000000000000000000000000000000000000000000000000000000000000000000000000000000000000000000000000000000000000000000000000000000000000000000000000000000000000000000000000000000000000000000000000000000000000000000000000000000000000000>;
P_0x5555755daac0 .param/str "INIT_FILE" 0 18 1524, "\000";
P_0x5555755dab00 .param/l "READ_MODE" 0 18 1505, +C4<00000000000000000000000000000000>;
P_0x5555755dab40 .param/l "WRITE_MODE" 0 18 1504, +C4<00000000000000000000000000000000>;
v0x5555755de6d0_0 .net "MASK", 15 0, L_0x5555758f80e0;  1 drivers
v0x5555755d8c30_0 .net "RADDR", 10 0, L_0x5555758f4640;  1 drivers
v0x5555755c8710_0 .net "RCLK", 0 0, L_0x5555758f2d70;  1 drivers
v0x5555755ca1f0_0 .net "RCLKE", 0 0, L_0x5555758f3520;  1 drivers
v0x5555755ca290_0 .net "RDATA", 15 0, v0x5555755ca370_0;  1 drivers
v0x5555755ca370_0 .var "RDATA_I", 15 0;
v0x5555755ca450_0 .net "RE", 0 0, L_0x5555758f3660;  1 drivers
L_0x7fc6166d07b0 .functor BUFT 1, C4<0000000000000000>, C4<0>, C4<0>, C4<0>;
v0x5555755ca510_0 .net "RMASK_I", 15 0, L_0x7fc6166d07b0;  1 drivers
v0x5555755ca5f0_0 .net "WADDR", 10 0, L_0x5555758f60b0;  1 drivers
v0x5555755c0870_0 .net "WCLK", 0 0, L_0x5555758f4ca0;  1 drivers
v0x5555755c0930_0 .net "WCLKE", 0 0, L_0x5555758f4db0;  1 drivers
v0x5555755c09f0_0 .net "WDATA", 15 0, L_0x5555758fa610;  1 drivers
v0x5555755c0ad0_0 .net "WDATA_I", 15 0, L_0x5555758f21c0;  1 drivers
v0x5555755c0bb0_0 .net "WE", 0 0, L_0x5555758f4e50;  1 drivers
v0x5555755c0c70_0 .net "WMASK_I", 15 0, L_0x5555758f2150;  1 drivers
v0x5555755bf5d0_0 .var/i "i", 31 0;
v0x5555755bf6b0 .array "memory", 255 0, 15 0;
E_0x5555755c3cb0 .event posedge, v0x5555755c8710_0;
E_0x5555755c84d0 .event posedge, v0x5555755c0870_0;
S_0x5555755c8530 .scope generate, "genblk1" "genblk1" 18 1534, 18 1534 0, S_0x5555755de260;
 .timescale -12 -12;
L_0x5555758f2150 .functor BUFZ 16, L_0x5555758f80e0, C4<0000000000000000>, C4<0000000000000000>, C4<0000000000000000>;
S_0x5555755cdd90 .scope generate, "genblk2" "genblk2" 18 1555, 18 1555 0, S_0x5555755de260;
 .timescale -12 -12;
S_0x5555755cdf70 .scope generate, "genblk3" "genblk3" 18 1576, 18 1576 0, S_0x5555755de260;
 .timescale -12 -12;
L_0x5555758f21c0 .functor BUFZ 16, L_0x5555758fa610, C4<0000000000000000>, C4<0000000000000000>, C4<0000000000000000>;
S_0x5555755ce150 .scope generate, "genblk4" "genblk4" 18 1595, 18 1595 0, S_0x5555755de260;
 .timescale -12 -12;
S_0x55557564b270 .scope function.vec4.s1, "pd" "pd" 18 3200, 18 3200 0, S_0x555575839b80;
 .timescale -12 -12;
; Variable pd is vec4 return value of scope S_0x55557564b270
v0x55557564b4e0_0 .var "x", 0 0;
TD_ICESTORM_RAM.pd ;
    %load/vec4 v0x55557564b4e0_0;
    %cmpi/e 0, 1, 1;
    %flag_mov 8, 6;
    %jmp/0 T_0.0, 8;
    %pushi/vec4 0, 0, 1;
    %jmp/1 T_0.1, 8;
T_0.0 ; End of true expr.
    %load/vec4 v0x55557564b4e0_0;
    %jmp/0 T_0.1, 8;
 ; End of false expr.
    %blend;
T_0.1;
    %ret/vec4 0, 0, 1;  Assign to pd (store_vec4_to_lval)
    %end;
S_0x55557564b5a0 .scope function.vec4.s1, "pu" "pu" 18 3207, 18 3207 0, S_0x555575839b80;
 .timescale -12 -12;
; Variable pu is vec4 return value of scope S_0x55557564b5a0
v0x555575899580_0 .var "x", 0 0;
TD_ICESTORM_RAM.pu ;
    %load/vec4 v0x555575899580_0;
    %cmpi/e 0, 1, 1;
    %flag_mov 8, 6;
    %jmp/0 T_1.2, 8;
    %pushi/vec4 1, 0, 1;
    %jmp/1 T_1.3, 8;
T_1.2 ; End of true expr.
    %load/vec4 v0x555575899580_0;
    %jmp/0 T_1.3, 8;
 ; End of false expr.
    %blend;
T_1.3;
    %ret/vec4 0, 0, 1;  Assign to pu (store_vec4_to_lval)
    %end;
S_0x555575833e70 .scope module, "Inc16" "Inc16" 19 7;
 .timescale -12 -12;
    .port_info 0 /INPUT 16 "in";
    .port_info 1 /OUTPUT 16 "out";
L_0x7fc6166d0888 .functor BUFT 1, C4<0000000000000001>, C4<0>, C4<0>, C4<0>;
v0x5555758a1290_0 .net/2u *"_ivl_0", 15 0, L_0x7fc6166d0888;  1 drivers
o0x7fc616b52bb8 .functor BUFZ 16, c4<zzzzzzzzzzzzzzzz>; HiZ drive
v0x5555758a1390_0 .net "in", 15 0, o0x7fc616b52bb8;  0 drivers
v0x5555758a1470_0 .net "out", 15 0, L_0x5555758fae90;  1 drivers
L_0x5555758fae90 .arith/sum 16, o0x7fc616b52bb8, L_0x7fc6166d0888;
S_0x555575836b10 .scope module, "Mux" "Mux" 20 8;
 .timescale -12 -12;
    .port_info 0 /INPUT 1 "a";
    .port_info 1 /INPUT 1 "b";
    .port_info 2 /INPUT 1 "sel";
    .port_info 3 /OUTPUT 1 "out";
o0x7fc616b52c78 .functor BUFZ 1, c4<z>; HiZ drive
v0x5555758a1590_0 .net "a", 0 0, o0x7fc616b52c78;  0 drivers
o0x7fc616b52ca8 .functor BUFZ 1, c4<z>; HiZ drive
v0x5555758a1650_0 .net "b", 0 0, o0x7fc616b52ca8;  0 drivers
v0x5555758a1710_0 .net "out", 0 0, L_0x5555758faff0;  1 drivers
o0x7fc616b52d08 .functor BUFZ 1, c4<z>; HiZ drive
v0x5555758a17e0_0 .net "sel", 0 0, o0x7fc616b52d08;  0 drivers
L_0x5555758faff0 .functor MUXZ 1, o0x7fc616b52c78, o0x7fc616b52ca8, o0x7fc616b52d08, C4<>;
S_0x555575836720 .scope module, "Mux8Way16" "Mux8Way16" 21 8;
 .timescale -12 -12;
    .port_info 0 /INPUT 16 "a";
    .port_info 1 /INPUT 16 "b";
    .port_info 2 /INPUT 16 "c";
    .port_info 3 /INPUT 16 "d";
    .port_info 4 /INPUT 16 "e";
    .port_info 5 /INPUT 16 "f";
    .port_info 6 /INPUT 16 "g";
    .port_info 7 /INPUT 16 "h";
    .port_info 8 /INPUT 3 "sel";
    .port_info 9 /OUTPUT 16 "out";
o0x7fc616b52ee8 .functor BUFZ 16, c4<zzzzzzzzzzzzzzzz>; HiZ drive
v0x5555758a3950_0 .net "a", 15 0, o0x7fc616b52ee8;  0 drivers
o0x7fc616b52f18 .functor BUFZ 16, c4<zzzzzzzzzzzzzzzz>; HiZ drive
v0x5555758a3a30_0 .net "b", 15 0, o0x7fc616b52f18;  0 drivers
o0x7fc616b52f48 .functor BUFZ 16, c4<zzzzzzzzzzzzzzzz>; HiZ drive
v0x5555758a3b00_0 .net "c", 15 0, o0x7fc616b52f48;  0 drivers
o0x7fc616b52f78 .functor BUFZ 16, c4<zzzzzzzzzzzzzzzz>; HiZ drive
v0x5555758a3c00_0 .net "d", 15 0, o0x7fc616b52f78;  0 drivers
o0x7fc616b53218 .functor BUFZ 16, c4<zzzzzzzzzzzzzzzz>; HiZ drive
v0x5555758a3cd0_0 .net "e", 15 0, o0x7fc616b53218;  0 drivers
o0x7fc616b53248 .functor BUFZ 16, c4<zzzzzzzzzzzzzzzz>; HiZ drive
v0x5555758a3dc0_0 .net "f", 15 0, o0x7fc616b53248;  0 drivers
o0x7fc616b53278 .functor BUFZ 16, c4<zzzzzzzzzzzzzzzz>; HiZ drive
v0x5555758a3e90_0 .net "g", 15 0, o0x7fc616b53278;  0 drivers
o0x7fc616b532a8 .functor BUFZ 16, c4<zzzzzzzzzzzzzzzz>; HiZ drive
v0x5555758a3f60_0 .net "h", 15 0, o0x7fc616b532a8;  0 drivers
v0x5555758a4030_0 .net "lower4", 15 0, L_0x5555758fbd50;  1 drivers
v0x5555758a4160_0 .net "out", 15 0, L_0x5555758fc050;  1 drivers
o0x7fc616b53578 .functor BUFZ 3, c4<zzz>; HiZ drive
v0x5555758a4200_0 .net "sel", 2 0, o0x7fc616b53578;  0 drivers
v0x5555758a42c0_0 .net "upper4", 15 0, L_0x5555758fb5e0;  1 drivers
L_0x5555758fb7b0 .part o0x7fc616b53578, 1, 2;
L_0x5555758fbf20 .part o0x7fc616b53578, 1, 2;
L_0x5555758fc260 .part o0x7fc616b53578, 0, 1;
S_0x5555758a1950 .scope module, "m1" "Mux4Way16" 21 32, 22 12 0, S_0x555575836720;
 .timescale -12 -12;
    .port_info 0 /INPUT 16 "a";
    .port_info 1 /INPUT 16 "b";
    .port_info 2 /INPUT 16 "c";
    .port_info 3 /INPUT 16 "d";
    .port_info 4 /INPUT 2 "sel";
    .port_info 5 /OUTPUT 16 "out";
v0x5555758a1b00_0 .net *"_ivl_1", 0 0, L_0x5555758fb090;  1 drivers
v0x5555758a1c00_0 .net *"_ivl_3", 0 0, L_0x5555758fb130;  1 drivers
v0x5555758a1ce0_0 .net *"_ivl_4", 15 0, L_0x5555758fb220;  1 drivers
v0x5555758a1da0_0 .net *"_ivl_7", 0 0, L_0x5555758fb3b0;  1 drivers
v0x5555758a1e80_0 .net *"_ivl_8", 15 0, L_0x5555758fb450;  1 drivers
v0x5555758a1fb0_0 .net "a", 15 0, o0x7fc616b52ee8;  alias, 0 drivers
v0x5555758a2090_0 .net "b", 15 0, o0x7fc616b52f18;  alias, 0 drivers
v0x5555758a2170_0 .net "c", 15 0, o0x7fc616b52f48;  alias, 0 drivers
v0x5555758a2250_0 .net "d", 15 0, o0x7fc616b52f78;  alias, 0 drivers
v0x5555758a2330_0 .net "out", 15 0, L_0x5555758fb5e0;  alias, 1 drivers
v0x5555758a2410_0 .net "sel", 1 0, L_0x5555758fb7b0;  1 drivers
L_0x5555758fb090 .part L_0x5555758fb7b0, 1, 1;
L_0x5555758fb130 .part L_0x5555758fb7b0, 0, 1;
L_0x5555758fb220 .functor MUXZ 16, o0x7fc616b52ee8, o0x7fc616b52f18, L_0x5555758fb130, C4<>;
L_0x5555758fb3b0 .part L_0x5555758fb7b0, 0, 1;
L_0x5555758fb450 .functor MUXZ 16, o0x7fc616b52f48, o0x7fc616b52f78, L_0x5555758fb3b0, C4<>;
L_0x5555758fb5e0 .functor MUXZ 16, L_0x5555758fb450, L_0x5555758fb220, L_0x5555758fb090, C4<>;
S_0x5555758a25f0 .scope module, "m2" "Mux4Way16" 21 33, 22 12 0, S_0x555575836720;
 .timescale -12 -12;
    .port_info 0 /INPUT 16 "a";
    .port_info 1 /INPUT 16 "b";
    .port_info 2 /INPUT 16 "c";
    .port_info 3 /INPUT 16 "d";
    .port_info 4 /INPUT 2 "sel";
    .port_info 5 /OUTPUT 16 "out";
v0x5555758a27a0_0 .net *"_ivl_1", 0 0, L_0x5555758fb850;  1 drivers
v0x5555758a2880_0 .net *"_ivl_3", 0 0, L_0x5555758fb8f0;  1 drivers
v0x5555758a2960_0 .net *"_ivl_4", 15 0, L_0x5555758fb990;  1 drivers
v0x5555758a2a20_0 .net *"_ivl_7", 0 0, L_0x5555758fbb20;  1 drivers
v0x5555758a2b00_0 .net *"_ivl_8", 15 0, L_0x5555758fbbc0;  1 drivers
v0x5555758a2c30_0 .net "a", 15 0, o0x7fc616b53218;  alias, 0 drivers
v0x5555758a2d10_0 .net "b", 15 0, o0x7fc616b53248;  alias, 0 drivers
v0x5555758a2df0_0 .net "c", 15 0, o0x7fc616b53278;  alias, 0 drivers
v0x5555758a2ed0_0 .net "d", 15 0, o0x7fc616b532a8;  alias, 0 drivers
v0x5555758a3040_0 .net "out", 15 0, L_0x5555758fbd50;  alias, 1 drivers
v0x5555758a3120_0 .net "sel", 1 0, L_0x5555758fbf20;  1 drivers
L_0x5555758fb850 .part L_0x5555758fbf20, 1, 1;
L_0x5555758fb8f0 .part L_0x5555758fbf20, 0, 1;
L_0x5555758fb990 .functor MUXZ 16, o0x7fc616b53218, o0x7fc616b53248, L_0x5555758fb8f0, C4<>;
L_0x5555758fbb20 .part L_0x5555758fbf20, 0, 1;
L_0x5555758fbbc0 .functor MUXZ 16, o0x7fc616b53278, o0x7fc616b532a8, L_0x5555758fbb20, C4<>;
L_0x5555758fbd50 .functor MUXZ 16, L_0x5555758fbbc0, L_0x5555758fb990, L_0x5555758fb850, C4<>;
S_0x5555758a3300 .scope module, "m3" "Mux16" 21 35, 23 8 0, S_0x555575836720;
 .timescale -12 -12;
    .port_info 0 /INPUT 16 "a";
    .port_info 1 /INPUT 16 "b";
    .port_info 2 /INPUT 1 "sel";
    .port_info 3 /OUTPUT 16 "out";
v0x5555758a3550_0 .net "a", 15 0, L_0x5555758fb5e0;  alias, 1 drivers
v0x5555758a3640_0 .net "b", 15 0, L_0x5555758fbd50;  alias, 1 drivers
v0x5555758a3710_0 .net "out", 15 0, L_0x5555758fc050;  alias, 1 drivers
v0x5555758a37e0_0 .net "sel", 0 0, L_0x5555758fc260;  1 drivers
L_0x5555758fc050 .functor MUXZ 16, L_0x5555758fb5e0, L_0x5555758fbd50, L_0x5555758fc260, C4<>;
S_0x555575833ab0 .scope module, "Nand" "Nand" 24 8;
 .timescale -12 -12;
    .port_info 0 /INPUT 1 "a";
    .port_info 1 /INPUT 1 "b";
    .port_info 2 /OUTPUT 1 "out";
o0x7fc616b53788 .functor BUFZ 1, c4<z>; HiZ drive
o0x7fc616b537b8 .functor BUFZ 1, c4<z>; HiZ drive
L_0x5555758faf30 .functor NAND 1, o0x7fc616b53788, o0x7fc616b537b8, C4<1>, C4<1>;
v0x5555758a4510_0 .net "a", 0 0, o0x7fc616b53788;  0 drivers
v0x5555758a45f0_0 .net "b", 0 0, o0x7fc616b537b8;  0 drivers
v0x5555758a46b0_0 .net "out", 0 0, L_0x5555758faf30;  1 drivers
S_0x555575805be0 .scope module, "Not" "Not" 25 7;
 .timescale -12 -12;
    .port_info 0 /INPUT 1 "in";
    .port_info 1 /OUTPUT 1 "out";
o0x7fc616b538a8 .functor BUFZ 1, c4<z>; HiZ drive
L_0x5555758fc300 .functor NOT 1, o0x7fc616b538a8, C4<0>, C4<0>, C4<0>;
v0x5555758a47d0_0 .net "in", 0 0, o0x7fc616b538a8;  0 drivers
v0x5555758a4890_0 .net "out", 0 0, L_0x5555758fc300;  1 drivers
S_0x5555758058a0 .scope module, "Not16" "Not16" 26 7;
 .timescale -12 -12;
    .port_info 0 /INPUT 16 "in";
    .port_info 1 /OUTPUT 16 "out";
o0x7fc616b53968 .functor BUFZ 16, c4<zzzzzzzzzzzzzzzz>; HiZ drive
L_0x5555758fc370 .functor NOT 16, o0x7fc616b53968, C4<0000000000000000>, C4<0000000000000000>, C4<0000000000000000>;
v0x5555758a49b0_0 .net "in", 15 0, o0x7fc616b53968;  0 drivers
v0x5555758a4a90_0 .net "out", 15 0, L_0x5555758fc370;  1 drivers
S_0x555575801790 .scope module, "Or" "Or" 27 8;
 .timescale -12 -12;
    .port_info 0 /INPUT 1 "a";
    .port_info 1 /INPUT 1 "b";
    .port_info 2 /OUTPUT 1 "out";
o0x7fc616b53a28 .functor BUFZ 1, c4<z>; HiZ drive
o0x7fc616b53a58 .functor BUFZ 1, c4<z>; HiZ drive
L_0x5555758fc3e0 .functor OR 1, o0x7fc616b53a28, o0x7fc616b53a58, C4<0>, C4<0>;
v0x5555758a4bd0_0 .net "a", 0 0, o0x7fc616b53a28;  0 drivers
v0x5555758a4c90_0 .net "b", 0 0, o0x7fc616b53a58;  0 drivers
v0x5555758a4d50_0 .net "out", 0 0, L_0x5555758fc3e0;  1 drivers
S_0x5555758013d0 .scope module, "Or16" "Or16" 28 7;
 .timescale -12 -12;
    .port_info 0 /INPUT 16 "a";
    .port_info 1 /INPUT 16 "b";
    .port_info 2 /OUTPUT 16 "out";
L_0x5555758fc590 .functor OR 1, L_0x5555758fc450, L_0x5555758fc4f0, C4<0>, C4<0>;
L_0x5555758fc830 .functor OR 1, L_0x5555758fc650, L_0x5555758fc740, C4<0>, C4<0>;
L_0x5555758fcac0 .functor OR 1, L_0x5555758fc940, L_0x5555758fc9e0, C4<0>, C4<0>;
L_0x5555758fce80 .functor OR 1, L_0x5555758fcbd0, L_0x5555758fcd00, C4<0>, C4<0>;
L_0x5555758fd0c0 .functor OR 1, L_0x5555758fcf20, L_0x5555758fcfc0, C4<0>, C4<0>;
L_0x5555758fd330 .functor OR 1, L_0x5555758fd180, L_0x5555758fd220, C4<0>, C4<0>;
L_0x5555758fd2c0 .functor OR 1, L_0x5555758fd440, L_0x5555758fd4e0, C4<0>, C4<0>;
L_0x5555758fd7f0 .functor OR 1, L_0x5555758fd620, L_0x5555758fd6c0, C4<0>, C4<0>;
L_0x5555758fdb30 .functor OR 1, L_0x5555758fd950, L_0x5555758fd9f0, C4<0>, C4<0>;
L_0x5555758fde30 .functor OR 1, L_0x5555758fdc40, L_0x5555758fdce0, C4<0>, C4<0>;
L_0x5555758fe130 .functor OR 1, L_0x5555758fda90, L_0x5555758fdfd0, C4<0>, C4<0>;
L_0x5555758fe430 .functor OR 1, L_0x5555758fe220, L_0x5555758fe2c0, C4<0>, C4<0>;
L_0x5555758fe800 .functor OR 1, L_0x5555758fe5e0, L_0x5555758fe680, C4<0>, C4<0>;
L_0x5555758feb70 .functor OR 1, L_0x5555758fe940, L_0x5555758fe9e0, C4<0>, C4<0>;
L_0x5555758fe570 .functor OR 1, L_0x5555758fecb0, L_0x5555758fed50, C4<0>, C4<0>;
L_0x5555758ff970 .functor OR 1, L_0x5555758ff510, L_0x5555758ff6c0, C4<0>, C4<0>;
v0x5555758a4ea0_0 .net *"_ivl_101", 0 0, L_0x5555758fe680;  1 drivers
v0x5555758a4f80_0 .net *"_ivl_102", 0 0, L_0x5555758fe800;  1 drivers
v0x5555758a5060_0 .net *"_ivl_107", 0 0, L_0x5555758fe940;  1 drivers
v0x5555758a5150_0 .net *"_ivl_109", 0 0, L_0x5555758fe9e0;  1 drivers
v0x5555758a5230_0 .net *"_ivl_11", 0 0, L_0x5555758fc650;  1 drivers
v0x5555758a5360_0 .net *"_ivl_110", 0 0, L_0x5555758feb70;  1 drivers
v0x5555758a5440_0 .net *"_ivl_115", 0 0, L_0x5555758fecb0;  1 drivers
v0x5555758a5520_0 .net *"_ivl_117", 0 0, L_0x5555758fed50;  1 drivers
v0x5555758a5600_0 .net *"_ivl_118", 0 0, L_0x5555758fe570;  1 drivers
v0x5555758a5770_0 .net *"_ivl_124", 0 0, L_0x5555758ff510;  1 drivers
v0x5555758a5850_0 .net *"_ivl_126", 0 0, L_0x5555758ff6c0;  1 drivers
v0x5555758a5930_0 .net *"_ivl_127", 0 0, L_0x5555758ff970;  1 drivers
v0x5555758a5a10_0 .net *"_ivl_13", 0 0, L_0x5555758fc740;  1 drivers
v0x5555758a5af0_0 .net *"_ivl_14", 0 0, L_0x5555758fc830;  1 drivers
v0x5555758a5bd0_0 .net *"_ivl_19", 0 0, L_0x5555758fc940;  1 drivers
v0x5555758a5cb0_0 .net *"_ivl_21", 0 0, L_0x5555758fc9e0;  1 drivers
v0x5555758a5d90_0 .net *"_ivl_22", 0 0, L_0x5555758fcac0;  1 drivers
v0x5555758a5e70_0 .net *"_ivl_27", 0 0, L_0x5555758fcbd0;  1 drivers
v0x5555758a5f50_0 .net *"_ivl_29", 0 0, L_0x5555758fcd00;  1 drivers
v0x5555758a6030_0 .net *"_ivl_3", 0 0, L_0x5555758fc450;  1 drivers
v0x5555758a6110_0 .net *"_ivl_30", 0 0, L_0x5555758fce80;  1 drivers
v0x5555758a61f0_0 .net *"_ivl_35", 0 0, L_0x5555758fcf20;  1 drivers
v0x5555758a62d0_0 .net *"_ivl_37", 0 0, L_0x5555758fcfc0;  1 drivers
v0x5555758a63b0_0 .net *"_ivl_38", 0 0, L_0x5555758fd0c0;  1 drivers
v0x5555758a6490_0 .net *"_ivl_43", 0 0, L_0x5555758fd180;  1 drivers
v0x5555758a6570_0 .net *"_ivl_45", 0 0, L_0x5555758fd220;  1 drivers
v0x5555758a6650_0 .net *"_ivl_46", 0 0, L_0x5555758fd330;  1 drivers
v0x5555758a6730_0 .net *"_ivl_5", 0 0, L_0x5555758fc4f0;  1 drivers
v0x5555758a6810_0 .net *"_ivl_51", 0 0, L_0x5555758fd440;  1 drivers
v0x5555758a68f0_0 .net *"_ivl_53", 0 0, L_0x5555758fd4e0;  1 drivers
v0x5555758a69d0_0 .net *"_ivl_54", 0 0, L_0x5555758fd2c0;  1 drivers
v0x5555758a6ab0_0 .net *"_ivl_59", 0 0, L_0x5555758fd620;  1 drivers
v0x5555758a6b90_0 .net *"_ivl_6", 0 0, L_0x5555758fc590;  1 drivers
v0x5555758a6c70_0 .net *"_ivl_61", 0 0, L_0x5555758fd6c0;  1 drivers
v0x5555758a6d50_0 .net *"_ivl_62", 0 0, L_0x5555758fd7f0;  1 drivers
v0x5555758a6e30_0 .net *"_ivl_67", 0 0, L_0x5555758fd950;  1 drivers
v0x5555758a6f10_0 .net *"_ivl_69", 0 0, L_0x5555758fd9f0;  1 drivers
v0x5555758a6ff0_0 .net *"_ivl_70", 0 0, L_0x5555758fdb30;  1 drivers
v0x5555758a70d0_0 .net *"_ivl_75", 0 0, L_0x5555758fdc40;  1 drivers
v0x5555758a71b0_0 .net *"_ivl_77", 0 0, L_0x5555758fdce0;  1 drivers
v0x5555758a7290_0 .net *"_ivl_78", 0 0, L_0x5555758fde30;  1 drivers
v0x5555758a7370_0 .net *"_ivl_83", 0 0, L_0x5555758fda90;  1 drivers
v0x5555758a7450_0 .net *"_ivl_85", 0 0, L_0x5555758fdfd0;  1 drivers
v0x5555758a7530_0 .net *"_ivl_86", 0 0, L_0x5555758fe130;  1 drivers
v0x5555758a7610_0 .net *"_ivl_91", 0 0, L_0x5555758fe220;  1 drivers
v0x5555758a76f0_0 .net *"_ivl_93", 0 0, L_0x5555758fe2c0;  1 drivers
v0x5555758a77d0_0 .net *"_ivl_94", 0 0, L_0x5555758fe430;  1 drivers
v0x5555758a78b0_0 .net *"_ivl_99", 0 0, L_0x5555758fe5e0;  1 drivers
o0x7fc616b54448 .functor BUFZ 16, c4<zzzzzzzzzzzzzzzz>; HiZ drive
v0x5555758a7990_0 .net "a", 15 0, o0x7fc616b54448;  0 drivers
o0x7fc616b54478 .functor BUFZ 16, c4<zzzzzzzzzzzzzzzz>; HiZ drive
v0x5555758a7a70_0 .net "b", 15 0, o0x7fc616b54478;  0 drivers
v0x5555758a7b50_0 .net "out", 15 0, L_0x5555758fefc0;  1 drivers
L_0x5555758fc450 .part o0x7fc616b54448, 0, 1;
L_0x5555758fc4f0 .part o0x7fc616b54478, 0, 1;
L_0x5555758fc650 .part o0x7fc616b54448, 1, 1;
L_0x5555758fc740 .part o0x7fc616b54478, 1, 1;
L_0x5555758fc940 .part o0x7fc616b54448, 2, 1;
L_0x5555758fc9e0 .part o0x7fc616b54478, 2, 1;
L_0x5555758fcbd0 .part o0x7fc616b54448, 3, 1;
L_0x5555758fcd00 .part o0x7fc616b54478, 3, 1;
L_0x5555758fcf20 .part o0x7fc616b54448, 4, 1;
L_0x5555758fcfc0 .part o0x7fc616b54478, 4, 1;
L_0x5555758fd180 .part o0x7fc616b54448, 5, 1;
L_0x5555758fd220 .part o0x7fc616b54478, 5, 1;
L_0x5555758fd440 .part o0x7fc616b54448, 6, 1;
L_0x5555758fd4e0 .part o0x7fc616b54478, 6, 1;
L_0x5555758fd620 .part o0x7fc616b54448, 7, 1;
L_0x5555758fd6c0 .part o0x7fc616b54478, 7, 1;
L_0x5555758fd950 .part o0x7fc616b54448, 8, 1;
L_0x5555758fd9f0 .part o0x7fc616b54478, 8, 1;
L_0x5555758fdc40 .part o0x7fc616b54448, 9, 1;
L_0x5555758fdce0 .part o0x7fc616b54478, 9, 1;
L_0x5555758fda90 .part o0x7fc616b54448, 10, 1;
L_0x5555758fdfd0 .part o0x7fc616b54478, 10, 1;
L_0x5555758fe220 .part o0x7fc616b54448, 11, 1;
L_0x5555758fe2c0 .part o0x7fc616b54478, 11, 1;
L_0x5555758fe5e0 .part o0x7fc616b54448, 12, 1;
L_0x5555758fe680 .part o0x7fc616b54478, 12, 1;
L_0x5555758fe940 .part o0x7fc616b54448, 13, 1;
L_0x5555758fe9e0 .part o0x7fc616b54478, 13, 1;
L_0x5555758fecb0 .part o0x7fc616b54448, 14, 1;
L_0x5555758fed50 .part o0x7fc616b54478, 14, 1;
LS_0x5555758fefc0_0_0 .concat8 [ 1 1 1 1], L_0x5555758fc590, L_0x5555758fc830, L_0x5555758fcac0, L_0x5555758fce80;
LS_0x5555758fefc0_0_4 .concat8 [ 1 1 1 1], L_0x5555758fd0c0, L_0x5555758fd330, L_0x5555758fd2c0, L_0x5555758fd7f0;
LS_0x5555758fefc0_0_8 .concat8 [ 1 1 1 1], L_0x5555758fdb30, L_0x5555758fde30, L_0x5555758fe130, L_0x5555758fe430;
LS_0x5555758fefc0_0_12 .concat8 [ 1 1 1 1], L_0x5555758fe800, L_0x5555758feb70, L_0x5555758fe570, L_0x5555758ff970;
L_0x5555758fefc0 .concat8 [ 4 4 4 4], LS_0x5555758fefc0_0_0, LS_0x5555758fefc0_0_4, LS_0x5555758fefc0_0_8, LS_0x5555758fefc0_0_12;
L_0x5555758ff510 .part o0x7fc616b54448, 15, 1;
L_0x5555758ff6c0 .part o0x7fc616b54478, 15, 1;
S_0x5555757ee810 .scope module, "Or8Way" "Or8Way" 29 7;
 .timescale -12 -12;
    .port_info 0 /INPUT 8 "in";
    .port_info 1 /OUTPUT 1 "out";
o0x7fc616b54568 .functor BUFZ 8, c4<zzzzzzzz>; HiZ drive
v0x5555758a7cb0_0 .net "in", 7 0, o0x7fc616b54568;  0 drivers
v0x5555758a7d90_0 .net "out", 0 0, L_0x5555758ffb60;  1 drivers
L_0x5555758ffb60 .reduce/or o0x7fc616b54568;
S_0x5555757ee420 .scope module, "PC" "PC" 30 10;
 .timescale -12 -12;
    .port_info 0 /INPUT 1 "clk";
    .port_info 1 /INPUT 16 "in";
    .port_info 2 /INPUT 1 "load";
    .port_info 3 /INPUT 1 "inc";
    .port_info 4 /INPUT 1 "reset";
    .port_info 5 /OUTPUT 16 "out";
o0x7fc616b54628 .functor BUFZ 1, c4<z>; HiZ drive
v0x5555758a7eb0_0 .net "clk", 0 0, o0x7fc616b54628;  0 drivers
o0x7fc616b54658 .functor BUFZ 16, c4<zzzzzzzzzzzzzzzz>; HiZ drive
v0x5555758a7f70_0 .net "in", 15 0, o0x7fc616b54658;  0 drivers
o0x7fc616b54688 .functor BUFZ 1, c4<z>; HiZ drive
v0x5555758a8050_0 .net "inc", 0 0, o0x7fc616b54688;  0 drivers
o0x7fc616b546b8 .functor BUFZ 1, c4<z>; HiZ drive
v0x5555758a80f0_0 .net "load", 0 0, o0x7fc616b546b8;  0 drivers
o0x7fc616b546e8 .functor BUFZ 16, c4<zzzzzzzzzzzzzzzz>; HiZ drive
v0x5555758a81b0_0 .net "out", 15 0, o0x7fc616b546e8;  0 drivers
o0x7fc616b54718 .functor BUFZ 1, c4<z>; HiZ drive
v0x5555758a8290_0 .net "reset", 0 0, o0x7fc616b54718;  0 drivers
S_0x5555757edc50 .scope module, "Register_tb" "Register_tb" 31 2;
 .timescale -12 -12;
v0x5555758a8c70_0 .var "clk", 0 0;
v0x5555758a8d10_0 .var "fail", 0 0;
v0x5555758a8db0_0 .var "in", 15 0;
v0x5555758a8eb0_0 .var "load", 0 0;
v0x5555758a8f80_0 .var "n", 15 0;
v0x5555758a9070_0 .net "out", 15 0, v0x5555758a88e0_0;  1 drivers
v0x5555758a9130_0 .var "out_cmp", 15 0;
S_0x5555758a8410 .scope module, "REGISTER" "Register" 31 11, 32 9 0, S_0x5555757edc50;
 .timescale -12 -12;
    .port_info 0 /INPUT 1 "clk";
    .port_info 1 /INPUT 16 "in";
    .port_info 2 /INPUT 1 "load";
    .port_info 3 /OUTPUT 16 "out";
v0x5555758a8650_0 .net "clk", 0 0, v0x5555758a8c70_0;  1 drivers
v0x5555758a8730_0 .net "in", 15 0, v0x5555758a8db0_0;  1 drivers
v0x5555758a8810_0 .net "load", 0 0, v0x5555758a8eb0_0;  1 drivers
v0x5555758a88e0_0 .var "out", 15 0;
E_0x5555756f8530 .event posedge, v0x5555758a8650_0;
S_0x5555758a8a70 .scope task, "check" "check" 31 29, 31 29 0, S_0x5555757edc50;
 .timescale -12 -12;
TD_Register_tb.check ;
    %delay 1, 0;
    %load/vec4 v0x5555758a9070_0;
    %load/vec4 v0x5555758a9130_0;
    %cmp/ne;
    %jmp/0xz  T_2.4, 4;
    %vpi_call/w 31 33 "$display", "FAIL: clk=%1b, in=%16b, load=%1b, out=%16b", v0x5555758a8c70_0, v0x5555758a8db0_0, v0x5555758a8eb0_0, v0x5555758a9070_0 {0 0 0};
    %pushi/vec4 1, 0, 1;
    %store/vec4 v0x5555758a8d10_0, 0, 1;
T_2.4 ;
    %end;
S_0x5555757eb900 .scope module, "SB_CARRY" "SB_CARRY" 18 228;
 .timescale -12 -12;
    .port_info 0 /OUTPUT 1 "CO";
    .port_info 1 /INPUT 1 "I0";
    .port_info 2 /INPUT 1 "I1";
    .port_info 3 /INPUT 1 "CI";
o0x7fc616b54ad8 .functor BUFZ 1, c4<z>; HiZ drive
o0x7fc616b54b08 .functor BUFZ 1, c4<z>; HiZ drive
L_0x5555758ffc00 .functor AND 1, o0x7fc616b54ad8, o0x7fc616b54b08, C4<1>, C4<1>;
L_0x5555758ffc70 .functor OR 1, o0x7fc616b54ad8, o0x7fc616b54b08, C4<0>, C4<0>;
o0x7fc616b54a78 .functor BUFZ 1, c4<z>; HiZ drive
L_0x5555758ffd80 .functor AND 1, L_0x5555758ffc70, o0x7fc616b54a78, C4<1>, C4<1>;
L_0x5555758ffe40 .functor OR 1, L_0x5555758ffc00, L_0x5555758ffd80, C4<0>, C4<0>;
v0x5555758a91f0_0 .net "CI", 0 0, o0x7fc616b54a78;  0 drivers
v0x5555758a92d0_0 .net "CO", 0 0, L_0x5555758ffe40;  1 drivers
v0x5555758a9390_0 .net "I0", 0 0, o0x7fc616b54ad8;  0 drivers
v0x5555758a9460_0 .net "I1", 0 0, o0x7fc616b54b08;  0 drivers
v0x5555758a9520_0 .net *"_ivl_1", 0 0, L_0x5555758ffc00;  1 drivers
v0x5555758a9630_0 .net *"_ivl_3", 0 0, L_0x5555758ffc70;  1 drivers
v0x5555758a96f0_0 .net *"_ivl_5", 0 0, L_0x5555758ffd80;  1 drivers
S_0x555575895240 .scope module, "SB_DFF" "SB_DFF" 18 265;
 .timescale -12 -12;
    .port_info 0 /OUTPUT 1 "Q";
    .port_info 1 /INPUT 1 "C";
    .port_info 2 /INPUT 1 "D";
o0x7fc616b54c88 .functor BUFZ 1, c4<z>; HiZ drive
v0x5555758a98b0_0 .net "C", 0 0, o0x7fc616b54c88;  0 drivers
o0x7fc616b54cb8 .functor BUFZ 1, c4<z>; HiZ drive
v0x5555758a9990_0 .net "D", 0 0, o0x7fc616b54cb8;  0 drivers
v0x5555758a9a50_0 .var "Q", 0 0;
E_0x5555758a9830 .event posedge, v0x5555758a98b0_0;
S_0x555575882fd0 .scope module, "SB_DFFE" "SB_DFFE" 18 303;
 .timescale -12 -12;
    .port_info 0 /OUTPUT 1 "Q";
    .port_info 1 /INPUT 1 "C";
    .port_info 2 /INPUT 1 "E";
    .port_info 3 /INPUT 1 "D";
o0x7fc616b54da8 .functor BUFZ 1, c4<z>; HiZ drive
v0x5555758a9bd0_0 .net "C", 0 0, o0x7fc616b54da8;  0 drivers
o0x7fc616b54dd8 .functor BUFZ 1, c4<z>; HiZ drive
v0x5555758a9cb0_0 .net "D", 0 0, o0x7fc616b54dd8;  0 drivers
o0x7fc616b54e08 .functor BUFZ 1, c4<z>; HiZ drive
v0x5555758a9d70_0 .net "E", 0 0, o0x7fc616b54e08;  0 drivers
v0x5555758a9e40_0 .var "Q", 0 0;
E_0x5555758a9b70 .event posedge, v0x5555758a9bd0_0;
S_0x555575882bf0 .scope module, "SB_DFFER" "SB_DFFER" 18 653;
 .timescale -12 -12;
    .port_info 0 /OUTPUT 1 "Q";
    .port_info 1 /INPUT 1 "C";
    .port_info 2 /INPUT 1 "E";
    .port_info 3 /INPUT 1 "R";
    .port_info 4 /INPUT 1 "D";
o0x7fc616b54f28 .functor BUFZ 1, c4<z>; HiZ drive
v0x5555758aa030_0 .net "C", 0 0, o0x7fc616b54f28;  0 drivers
o0x7fc616b54f58 .functor BUFZ 1, c4<z>; HiZ drive
v0x5555758aa110_0 .net "D", 0 0, o0x7fc616b54f58;  0 drivers
o0x7fc616b54f88 .functor BUFZ 1, c4<z>; HiZ drive
v0x5555758aa1d0_0 .net "E", 0 0, o0x7fc616b54f88;  0 drivers
v0x5555758aa270_0 .var "Q", 0 0;
o0x7fc616b54fe8 .functor BUFZ 1, c4<z>; HiZ drive
v0x5555758aa330_0 .net "R", 0 0, o0x7fc616b54fe8;  0 drivers
E_0x5555758a9fb0 .event posedge, v0x5555758aa330_0, v0x5555758aa030_0;
S_0x555575871120 .scope module, "SB_DFFES" "SB_DFFES" 18 794;
 .timescale -12 -12;
    .port_info 0 /OUTPUT 1 "Q";
    .port_info 1 /INPUT 1 "C";
    .port_info 2 /INPUT 1 "E";
    .port_info 3 /INPUT 1 "S";
    .port_info 4 /INPUT 1 "D";
o0x7fc616b55108 .functor BUFZ 1, c4<z>; HiZ drive
v0x5555758aa560_0 .net "C", 0 0, o0x7fc616b55108;  0 drivers
o0x7fc616b55138 .functor BUFZ 1, c4<z>; HiZ drive
v0x5555758aa640_0 .net "D", 0 0, o0x7fc616b55138;  0 drivers
o0x7fc616b55168 .functor BUFZ 1, c4<z>; HiZ drive
v0x5555758aa700_0 .net "E", 0 0, o0x7fc616b55168;  0 drivers
v0x5555758aa7a0_0 .var "Q", 0 0;
o0x7fc616b551c8 .functor BUFZ 1, c4<z>; HiZ drive
v0x5555758aa860_0 .net "S", 0 0, o0x7fc616b551c8;  0 drivers
E_0x5555758aa4e0 .event posedge, v0x5555758aa860_0, v0x5555758aa560_0;
S_0x55557584b360 .scope module, "SB_DFFESR" "SB_DFFESR" 18 592;
 .timescale -12 -12;
    .port_info 0 /OUTPUT 1 "Q";
    .port_info 1 /INPUT 1 "C";
    .port_info 2 /INPUT 1 "E";
    .port_info 3 /INPUT 1 "R";
    .port_info 4 /INPUT 1 "D";
o0x7fc616b552e8 .functor BUFZ 1, c4<z>; HiZ drive
v0x5555758aaa90_0 .net "C", 0 0, o0x7fc616b552e8;  0 drivers
o0x7fc616b55318 .functor BUFZ 1, c4<z>; HiZ drive
v0x5555758aab70_0 .net "D", 0 0, o0x7fc616b55318;  0 drivers
o0x7fc616b55348 .functor BUFZ 1, c4<z>; HiZ drive
v0x5555758aac30_0 .net "E", 0 0, o0x7fc616b55348;  0 drivers
v0x5555758aacd0_0 .var "Q", 0 0;
o0x7fc616b553a8 .functor BUFZ 1, c4<z>; HiZ drive
v0x5555758aad90_0 .net "R", 0 0, o0x7fc616b553a8;  0 drivers
E_0x5555758aaa10 .event posedge, v0x5555758aaa90_0;
S_0x55557584a9e0 .scope module, "SB_DFFESS" "SB_DFFESS" 18 733;
 .timescale -12 -12;
    .port_info 0 /OUTPUT 1 "Q";
    .port_info 1 /INPUT 1 "C";
    .port_info 2 /INPUT 1 "E";
    .port_info 3 /INPUT 1 "S";
    .port_info 4 /INPUT 1 "D";
o0x7fc616b554c8 .functor BUFZ 1, c4<z>; HiZ drive
v0x5555758aafc0_0 .net "C", 0 0, o0x7fc616b554c8;  0 drivers
o0x7fc616b554f8 .functor BUFZ 1, c4<z>; HiZ drive
v0x5555758ab0a0_0 .net "D", 0 0, o0x7fc616b554f8;  0 drivers
o0x7fc616b55528 .functor BUFZ 1, c4<z>; HiZ drive
v0x5555758ab160_0 .net "E", 0 0, o0x7fc616b55528;  0 drivers
v0x5555758ab200_0 .var "Q", 0 0;
o0x7fc616b55588 .functor BUFZ 1, c4<z>; HiZ drive
v0x5555758ab2c0_0 .net "S", 0 0, o0x7fc616b55588;  0 drivers
E_0x5555758aaf40 .event posedge, v0x5555758aafc0_0;
S_0x555575846aa0 .scope module, "SB_DFFN" "SB_DFFN" 18 876;
 .timescale -12 -12;
    .port_info 0 /OUTPUT 1 "Q";
    .port_info 1 /INPUT 1 "C";
    .port_info 2 /INPUT 1 "D";
o0x7fc616b556a8 .functor BUFZ 1, c4<z>; HiZ drive
v0x5555758ab4f0_0 .net "C", 0 0, o0x7fc616b556a8;  0 drivers
o0x7fc616b556d8 .functor BUFZ 1, c4<z>; HiZ drive
v0x5555758ab5d0_0 .net "D", 0 0, o0x7fc616b556d8;  0 drivers
v0x5555758ab690_0 .var "Q", 0 0;
E_0x5555758ab470 .event negedge, v0x5555758ab4f0_0;
S_0x555575845d20 .scope module, "SB_DFFNE" "SB_DFFNE" 18 914;
 .timescale -12 -12;
    .port_info 0 /OUTPUT 1 "Q";
    .port_info 1 /INPUT 1 "C";
    .port_info 2 /INPUT 1 "E";
    .port_info 3 /INPUT 1 "D";
o0x7fc616b557c8 .functor BUFZ 1, c4<z>; HiZ drive
v0x5555758ab810_0 .net "C", 0 0, o0x7fc616b557c8;  0 drivers
o0x7fc616b557f8 .functor BUFZ 1, c4<z>; HiZ drive
v0x5555758ab8f0_0 .net "D", 0 0, o0x7fc616b557f8;  0 drivers
o0x7fc616b55828 .functor BUFZ 1, c4<z>; HiZ drive
v0x5555758ab9b0_0 .net "E", 0 0, o0x7fc616b55828;  0 drivers
v0x5555758aba80_0 .var "Q", 0 0;
E_0x5555758ab7b0 .event negedge, v0x5555758ab810_0;
S_0x555575844fa0 .scope module, "SB_DFFNER" "SB_DFFNER" 18 1264;
 .timescale -12 -12;
    .port_info 0 /OUTPUT 1 "Q";
    .port_info 1 /INPUT 1 "C";
    .port_info 2 /INPUT 1 "E";
    .port_info 3 /INPUT 1 "R";
    .port_info 4 /INPUT 1 "D";
o0x7fc616b55948 .functor BUFZ 1, c4<z>; HiZ drive
v0x5555758abc70_0 .net "C", 0 0, o0x7fc616b55948;  0 drivers
o0x7fc616b55978 .functor BUFZ 1, c4<z>; HiZ drive
v0x5555758abd50_0 .net "D", 0 0, o0x7fc616b55978;  0 drivers
o0x7fc616b559a8 .functor BUFZ 1, c4<z>; HiZ drive
v0x5555758abe10_0 .net "E", 0 0, o0x7fc616b559a8;  0 drivers
v0x5555758abeb0_0 .var "Q", 0 0;
o0x7fc616b55a08 .functor BUFZ 1, c4<z>; HiZ drive
v0x5555758abf70_0 .net "R", 0 0, o0x7fc616b55a08;  0 drivers
E_0x5555758abbf0/0 .event negedge, v0x5555758abc70_0;
E_0x5555758abbf0/1 .event posedge, v0x5555758abf70_0;
E_0x5555758abbf0 .event/or E_0x5555758abbf0/0, E_0x5555758abbf0/1;
S_0x555575842390 .scope module, "SB_DFFNES" "SB_DFFNES" 18 1405;
 .timescale -12 -12;
    .port_info 0 /OUTPUT 1 "Q";
    .port_info 1 /INPUT 1 "C";
    .port_info 2 /INPUT 1 "E";
    .port_info 3 /INPUT 1 "S";
    .port_info 4 /INPUT 1 "D";
o0x7fc616b55b28 .functor BUFZ 1, c4<z>; HiZ drive
v0x5555758ac1a0_0 .net "C", 0 0, o0x7fc616b55b28;  0 drivers
o0x7fc616b55b58 .functor BUFZ 1, c4<z>; HiZ drive
v0x5555758ac280_0 .net "D", 0 0, o0x7fc616b55b58;  0 drivers
o0x7fc616b55b88 .functor BUFZ 1, c4<z>; HiZ drive
v0x5555758ac340_0 .net "E", 0 0, o0x7fc616b55b88;  0 drivers
v0x5555758ac3e0_0 .var "Q", 0 0;
o0x7fc616b55be8 .functor BUFZ 1, c4<z>; HiZ drive
v0x5555758ac4a0_0 .net "S", 0 0, o0x7fc616b55be8;  0 drivers
E_0x5555758ac120/0 .event negedge, v0x5555758ac1a0_0;
E_0x5555758ac120/1 .event posedge, v0x5555758ac4a0_0;
E_0x5555758ac120 .event/or E_0x5555758ac120/0, E_0x5555758ac120/1;
S_0x55557585a320 .scope module, "SB_DFFNESR" "SB_DFFNESR" 18 1203;
 .timescale -12 -12;
    .port_info 0 /OUTPUT 1 "Q";
    .port_info 1 /INPUT 1 "C";
    .port_info 2 /INPUT 1 "E";
    .port_info 3 /INPUT 1 "R";
    .port_info 4 /INPUT 1 "D";
o0x7fc616b55d08 .functor BUFZ 1, c4<z>; HiZ drive
v0x5555758ac6d0_0 .net "C", 0 0, o0x7fc616b55d08;  0 drivers
o0x7fc616b55d38 .functor BUFZ 1, c4<z>; HiZ drive
v0x5555758ac7b0_0 .net "D", 0 0, o0x7fc616b55d38;  0 drivers
o0x7fc616b55d68 .functor BUFZ 1, c4<z>; HiZ drive
v0x5555758ac870_0 .net "E", 0 0, o0x7fc616b55d68;  0 drivers
v0x5555758ac910_0 .var "Q", 0 0;
o0x7fc616b55dc8 .functor BUFZ 1, c4<z>; HiZ drive
v0x5555758ac9d0_0 .net "R", 0 0, o0x7fc616b55dc8;  0 drivers
E_0x5555758ac650 .event negedge, v0x5555758ac6d0_0;
S_0x555575855ff0 .scope module, "SB_DFFNESS" "SB_DFFNESS" 18 1344;
 .timescale -12 -12;
    .port_info 0 /OUTPUT 1 "Q";
    .port_info 1 /INPUT 1 "C";
    .port_info 2 /INPUT 1 "E";
    .port_info 3 /INPUT 1 "S";
    .port_info 4 /INPUT 1 "D";
o0x7fc616b55ee8 .functor BUFZ 1, c4<z>; HiZ drive
v0x5555758acc00_0 .net "C", 0 0, o0x7fc616b55ee8;  0 drivers
o0x7fc616b55f18 .functor BUFZ 1, c4<z>; HiZ drive
v0x5555758acce0_0 .net "D", 0 0, o0x7fc616b55f18;  0 drivers
o0x7fc616b55f48 .functor BUFZ 1, c4<z>; HiZ drive
v0x5555758acda0_0 .net "E", 0 0, o0x7fc616b55f48;  0 drivers
v0x5555758ace40_0 .var "Q", 0 0;
o0x7fc616b55fa8 .functor BUFZ 1, c4<z>; HiZ drive
v0x5555758acf00_0 .net "S", 0 0, o0x7fc616b55fa8;  0 drivers
E_0x5555758acb80 .event negedge, v0x5555758acc00_0;
S_0x555575844220 .scope module, "SB_DFFNR" "SB_DFFNR" 18 1011;
 .timescale -12 -12;
    .port_info 0 /OUTPUT 1 "Q";
    .port_info 1 /INPUT 1 "C";
    .port_info 2 /INPUT 1 "R";
    .port_info 3 /INPUT 1 "D";
o0x7fc616b560c8 .functor BUFZ 1, c4<z>; HiZ drive
v0x5555758ad130_0 .net "C", 0 0, o0x7fc616b560c8;  0 drivers
o0x7fc616b560f8 .functor BUFZ 1, c4<z>; HiZ drive
v0x5555758ad210_0 .net "D", 0 0, o0x7fc616b560f8;  0 drivers
v0x5555758ad2d0_0 .var "Q", 0 0;
o0x7fc616b56158 .functor BUFZ 1, c4<z>; HiZ drive
v0x5555758ad370_0 .net "R", 0 0, o0x7fc616b56158;  0 drivers
E_0x5555758ad0b0/0 .event negedge, v0x5555758ad130_0;
E_0x5555758ad0b0/1 .event posedge, v0x5555758ad370_0;
E_0x5555758ad0b0 .event/or E_0x5555758ad0b0/0, E_0x5555758ad0b0/1;
S_0x555575854cd0 .scope module, "SB_DFFNS" "SB_DFFNS" 18 1132;
 .timescale -12 -12;
    .port_info 0 /OUTPUT 1 "Q";
    .port_info 1 /INPUT 1 "C";
    .port_info 2 /INPUT 1 "S";
    .port_info 3 /INPUT 1 "D";
o0x7fc616b56248 .functor BUFZ 1, c4<z>; HiZ drive
v0x5555758ad560_0 .net "C", 0 0, o0x7fc616b56248;  0 drivers
o0x7fc616b56278 .functor BUFZ 1, c4<z>; HiZ drive
v0x5555758ad640_0 .net "D", 0 0, o0x7fc616b56278;  0 drivers
v0x5555758ad700_0 .var "Q", 0 0;
o0x7fc616b562d8 .functor BUFZ 1, c4<z>; HiZ drive
v0x5555758ad7a0_0 .net "S", 0 0, o0x7fc616b562d8;  0 drivers
E_0x5555758ad4e0/0 .event negedge, v0x5555758ad560_0;
E_0x5555758ad4e0/1 .event posedge, v0x5555758ad7a0_0;
E_0x5555758ad4e0 .event/or E_0x5555758ad4e0/0, E_0x5555758ad4e0/1;
S_0x55557584fe50 .scope module, "SB_DFFNSR" "SB_DFFNSR" 18 961;
 .timescale -12 -12;
    .port_info 0 /OUTPUT 1 "Q";
    .port_info 1 /INPUT 1 "C";
    .port_info 2 /INPUT 1 "R";
    .port_info 3 /INPUT 1 "D";
o0x7fc616b563c8 .functor BUFZ 1, c4<z>; HiZ drive
v0x5555758ad990_0 .net "C", 0 0, o0x7fc616b563c8;  0 drivers
o0x7fc616b563f8 .functor BUFZ 1, c4<z>; HiZ drive
v0x5555758ada70_0 .net "D", 0 0, o0x7fc616b563f8;  0 drivers
v0x5555758adb30_0 .var "Q", 0 0;
o0x7fc616b56458 .functor BUFZ 1, c4<z>; HiZ drive
v0x5555758adbd0_0 .net "R", 0 0, o0x7fc616b56458;  0 drivers
E_0x5555758ad910 .event negedge, v0x5555758ad990_0;
S_0x55557583f530 .scope module, "SB_DFFNSS" "SB_DFFNSS" 18 1082;
 .timescale -12 -12;
    .port_info 0 /OUTPUT 1 "Q";
    .port_info 1 /INPUT 1 "C";
    .port_info 2 /INPUT 1 "S";
    .port_info 3 /INPUT 1 "D";
o0x7fc616b56548 .functor BUFZ 1, c4<z>; HiZ drive
v0x5555758addc0_0 .net "C", 0 0, o0x7fc616b56548;  0 drivers
o0x7fc616b56578 .functor BUFZ 1, c4<z>; HiZ drive
v0x5555758adea0_0 .net "D", 0 0, o0x7fc616b56578;  0 drivers
v0x5555758adf60_0 .var "Q", 0 0;
o0x7fc616b565d8 .functor BUFZ 1, c4<z>; HiZ drive
v0x5555758ae000_0 .net "S", 0 0, o0x7fc616b565d8;  0 drivers
E_0x5555758add40 .event negedge, v0x5555758addc0_0;
S_0x555575841c20 .scope module, "SB_DFFR" "SB_DFFR" 18 400;
 .timescale -12 -12;
    .port_info 0 /OUTPUT 1 "Q";
    .port_info 1 /INPUT 1 "C";
    .port_info 2 /INPUT 1 "R";
    .port_info 3 /INPUT 1 "D";
o0x7fc616b566c8 .functor BUFZ 1, c4<z>; HiZ drive
v0x5555758ae1f0_0 .net "C", 0 0, o0x7fc616b566c8;  0 drivers
o0x7fc616b566f8 .functor BUFZ 1, c4<z>; HiZ drive
v0x5555758ae2d0_0 .net "D", 0 0, o0x7fc616b566f8;  0 drivers
v0x5555758ae390_0 .var "Q", 0 0;
o0x7fc616b56758 .functor BUFZ 1, c4<z>; HiZ drive
v0x5555758ae430_0 .net "R", 0 0, o0x7fc616b56758;  0 drivers
E_0x5555758ae170 .event posedge, v0x5555758ae430_0, v0x5555758ae1f0_0;
S_0x555575840ed0 .scope module, "SB_DFFS" "SB_DFFS" 18 521;
 .timescale -12 -12;
    .port_info 0 /OUTPUT 1 "Q";
    .port_info 1 /INPUT 1 "C";
    .port_info 2 /INPUT 1 "S";
    .port_info 3 /INPUT 1 "D";
o0x7fc616b56848 .functor BUFZ 1, c4<z>; HiZ drive
v0x5555758ae620_0 .net "C", 0 0, o0x7fc616b56848;  0 drivers
o0x7fc616b56878 .functor BUFZ 1, c4<z>; HiZ drive
v0x5555758ae700_0 .net "D", 0 0, o0x7fc616b56878;  0 drivers
v0x5555758ae7c0_0 .var "Q", 0 0;
o0x7fc616b568d8 .functor BUFZ 1, c4<z>; HiZ drive
v0x5555758ae860_0 .net "S", 0 0, o0x7fc616b568d8;  0 drivers
E_0x5555758ae5a0 .event posedge, v0x5555758ae860_0, v0x5555758ae620_0;
S_0x555575840200 .scope module, "SB_DFFSR" "SB_DFFSR" 18 350;
 .timescale -12 -12;
    .port_info 0 /OUTPUT 1 "Q";
    .port_info 1 /INPUT 1 "C";
    .port_info 2 /INPUT 1 "R";
    .port_info 3 /INPUT 1 "D";
o0x7fc616b569c8 .functor BUFZ 1, c4<z>; HiZ drive
v0x5555758aea50_0 .net "C", 0 0, o0x7fc616b569c8;  0 drivers
o0x7fc616b569f8 .functor BUFZ 1, c4<z>; HiZ drive
v0x5555758aeb30_0 .net "D", 0 0, o0x7fc616b569f8;  0 drivers
v0x5555758aebf0_0 .var "Q", 0 0;
o0x7fc616b56a58 .functor BUFZ 1, c4<z>; HiZ drive
v0x5555758aec90_0 .net "R", 0 0, o0x7fc616b56a58;  0 drivers
E_0x5555758ae9d0 .event posedge, v0x5555758aea50_0;
S_0x555575817190 .scope module, "SB_DFFSS" "SB_DFFSS" 18 471;
 .timescale -12 -12;
    .port_info 0 /OUTPUT 1 "Q";
    .port_info 1 /INPUT 1 "C";
    .port_info 2 /INPUT 1 "S";
    .port_info 3 /INPUT 1 "D";
o0x7fc616b56b48 .functor BUFZ 1, c4<z>; HiZ drive
v0x5555758aee80_0 .net "C", 0 0, o0x7fc616b56b48;  0 drivers
o0x7fc616b56b78 .functor BUFZ 1, c4<z>; HiZ drive
v0x5555758aef60_0 .net "D", 0 0, o0x7fc616b56b78;  0 drivers
v0x5555758af020_0 .var "Q", 0 0;
o0x7fc616b56bd8 .functor BUFZ 1, c4<z>; HiZ drive
v0x5555758af0c0_0 .net "S", 0 0, o0x7fc616b56bd8;  0 drivers
E_0x5555758aee00 .event posedge, v0x5555758aee80_0;
S_0x555575815640 .scope module, "SB_FILTER_50NS" "SB_FILTER_50NS" 18 2856;
 .timescale -12 -12;
    .port_info 0 /INPUT 1 "FILTERIN";
    .port_info 1 /OUTPUT 1 "FILTEROUT";
o0x7fc616b56cc8 .functor BUFZ 1, c4<z>; HiZ drive
v0x5555758af230_0 .net "FILTERIN", 0 0, o0x7fc616b56cc8;  0 drivers
o0x7fc616b56cf8 .functor BUFZ 1, c4<z>; HiZ drive
v0x5555758af310_0 .net "FILTEROUT", 0 0, o0x7fc616b56cf8;  0 drivers
S_0x555575813510 .scope module, "SB_GB" "SB_GB" 18 162;
 .timescale -12 -12;
    .port_info 0 /INPUT 1 "USER_SIGNAL_TO_GLOBAL_BUFFER";
    .port_info 1 /OUTPUT 1 "GLOBAL_BUFFER_OUTPUT";
o0x7fc616b56db8 .functor BUFZ 1, c4<z>; HiZ drive
L_0x5555758fff50 .functor BUFZ 1, o0x7fc616b56db8, C4<0>, C4<0>, C4<0>;
v0x5555758af430_0 .net "GLOBAL_BUFFER_OUTPUT", 0 0, L_0x5555758fff50;  1 drivers
v0x5555758af4f0_0 .net "USER_SIGNAL_TO_GLOBAL_BUFFER", 0 0, o0x7fc616b56db8;  0 drivers
S_0x555575808b00 .scope module, "SB_GB_IO" "SB_GB_IO" 18 123;
 .timescale -12 -12;
    .port_info 0 /INOUT 1 "PACKAGE_PIN";
    .port_info 1 /OUTPUT 1 "GLOBAL_BUFFER_OUTPUT";
    .port_info 2 /INPUT 1 "LATCH_INPUT_VALUE";
    .port_info 3 /INPUT 1 "CLOCK_ENABLE";
    .port_info 4 /INPUT 1 "INPUT_CLK";
    .port_info 5 /INPUT 1 "OUTPUT_CLK";
    .port_info 6 /INPUT 1 "OUTPUT_ENABLE";
    .port_info 7 /INPUT 1 "D_OUT_0";
    .port_info 8 /INPUT 1 "D_OUT_1";
    .port_info 9 /OUTPUT 1 "D_IN_0";
    .port_info 10 /OUTPUT 1 "D_IN_1";
P_0x555575894ac0 .param/str "IO_STANDARD" 0 18 139, "SB_LVCMOS";
P_0x555575894b00 .param/l "NEG_TRIGGER" 0 18 138, C4<0>;
P_0x555575894b40 .param/l "PIN_TYPE" 0 18 136, C4<000000>;
P_0x555575894b80 .param/l "PULLUP" 0 18 137, C4<0>;
o0x7fc616b56ff8 .functor BUFZ 1, c4<z>; HiZ drive
L_0x5555758fffc0 .functor BUFZ 1, o0x7fc616b56ff8, C4<0>, C4<0>, C4<0>;
o0x7fc616b56e48 .functor BUFZ 1, c4<z>; HiZ drive
v0x5555758b16d0_0 .net "CLOCK_ENABLE", 0 0, o0x7fc616b56e48;  0 drivers
v0x5555758b1790_0 .net "D_IN_0", 0 0, L_0x555575900230;  1 drivers
v0x5555758b1860_0 .net "D_IN_1", 0 0, L_0x5555759002f0;  1 drivers
o0x7fc616b56ed8 .functor BUFZ 1, c4<z>; HiZ drive
v0x5555758b1960_0 .net "D_OUT_0", 0 0, o0x7fc616b56ed8;  0 drivers
o0x7fc616b56f08 .functor BUFZ 1, c4<z>; HiZ drive
v0x5555758b1a30_0 .net "D_OUT_1", 0 0, o0x7fc616b56f08;  0 drivers
v0x5555758b1ad0_0 .net "GLOBAL_BUFFER_OUTPUT", 0 0, L_0x5555758fffc0;  1 drivers
o0x7fc616b56f38 .functor BUFZ 1, c4<z>; HiZ drive
v0x5555758b1b70_0 .net "INPUT_CLK", 0 0, o0x7fc616b56f38;  0 drivers
o0x7fc616b56f68 .functor BUFZ 1, c4<z>; HiZ drive
v0x5555758b1c40_0 .net "LATCH_INPUT_VALUE", 0 0, o0x7fc616b56f68;  0 drivers
o0x7fc616b56f98 .functor BUFZ 1, c4<z>; HiZ drive
v0x5555758b1d10_0 .net "OUTPUT_CLK", 0 0, o0x7fc616b56f98;  0 drivers
o0x7fc616b56fc8 .functor BUFZ 1, c4<z>; HiZ drive
v0x5555758b1de0_0 .net "OUTPUT_ENABLE", 0 0, o0x7fc616b56fc8;  0 drivers
v0x5555758b1eb0_0 .net "PACKAGE_PIN", 0 0, o0x7fc616b56ff8;  0 drivers
S_0x5555758af610 .scope module, "IO" "SB_IO" 18 148, 18 17 0, S_0x555575808b00;
 .timescale -12 -12;
    .port_info 0 /INOUT 1 "PACKAGE_PIN";
    .port_info 1 /INPUT 1 "LATCH_INPUT_VALUE";
    .port_info 2 /INPUT 1 "CLOCK_ENABLE";
    .port_info 3 /INPUT 1 "INPUT_CLK";
    .port_info 4 /INPUT 1 "OUTPUT_CLK";
    .port_info 5 /INPUT 1 "OUTPUT_ENABLE";
    .port_info 6 /INPUT 1 "D_OUT_0";
    .port_info 7 /INPUT 1 "D_OUT_1";
    .port_info 8 /OUTPUT 1 "D_IN_0";
    .port_info 9 /OUTPUT 1 "D_IN_1";
P_0x55557589a0c0 .param/str "IO_STANDARD" 0 18 32, "SB_LVCMOS";
P_0x55557589a100 .param/l "NEG_TRIGGER" 0 18 31, C4<0>;
P_0x55557589a140 .param/l "PIN_TYPE" 0 18 29, C4<000000>;
P_0x55557589a180 .param/l "PULLUP" 0 18 30, C4<0>;
L_0x555575900170 .functor OR 1, o0x7fc616b56e48, L_0x555575900080, C4<0>, C4<0>;
L_0x555575900230 .functor BUFZ 1, v0x5555758b0ca0_0, C4<0>, C4<0>, C4<0>;
L_0x5555759002f0 .functor BUFZ 1, v0x5555758b0d60_0, C4<0>, C4<0>, C4<0>;
v0x5555758b0080_0 .net "CLOCK_ENABLE", 0 0, o0x7fc616b56e48;  alias, 0 drivers
v0x5555758b0140_0 .net "D_IN_0", 0 0, L_0x555575900230;  alias, 1 drivers
v0x5555758b0200_0 .net "D_IN_1", 0 0, L_0x5555759002f0;  alias, 1 drivers
v0x5555758b02a0_0 .net "D_OUT_0", 0 0, o0x7fc616b56ed8;  alias, 0 drivers
v0x5555758b0360_0 .net "D_OUT_1", 0 0, o0x7fc616b56f08;  alias, 0 drivers
v0x5555758b0470_0 .net "INPUT_CLK", 0 0, o0x7fc616b56f38;  alias, 0 drivers
v0x5555758b0530_0 .net "LATCH_INPUT_VALUE", 0 0, o0x7fc616b56f68;  alias, 0 drivers
v0x5555758b05f0_0 .net "OUTPUT_CLK", 0 0, o0x7fc616b56f98;  alias, 0 drivers
v0x5555758b06b0_0 .net "OUTPUT_ENABLE", 0 0, o0x7fc616b56fc8;  alias, 0 drivers
v0x5555758b0800_0 .net "PACKAGE_PIN", 0 0, o0x7fc616b56ff8;  alias, 0 drivers
o0x7fc616b57028 .functor BUFZ 1, c4<z>; HiZ drive
; Elide local net with no drivers, v0x5555758b08c0_0 name=_ivl_0
v0x5555758b09a0_0 .net *"_ivl_2", 0 0, L_0x555575900080;  1 drivers
v0x5555758b0a60_0 .net "clken_pulled", 0 0, L_0x555575900170;  1 drivers
v0x5555758b0b20_0 .var "clken_pulled_ri", 0 0;
v0x5555758b0be0_0 .var "clken_pulled_ro", 0 0;
v0x5555758b0ca0_0 .var "din_0", 0 0;
v0x5555758b0d60_0 .var "din_1", 0 0;
v0x5555758b0f30_0 .var "din_q_0", 0 0;
v0x5555758b0ff0_0 .var "din_q_1", 0 0;
v0x5555758b10b0_0 .var "dout", 0 0;
v0x5555758b1170_0 .var "dout_q_0", 0 0;
v0x5555758b1230_0 .var "dout_q_1", 0 0;
v0x5555758b12f0_0 .var "outclk_delayed_1", 0 0;
v0x5555758b13b0_0 .var "outclk_delayed_2", 0 0;
v0x5555758b1470_0 .var "outena_q", 0 0;
E_0x5555758afb20 .event anyedge, v0x5555758b13b0_0, v0x5555758b1170_0, v0x5555758b1230_0;
E_0x5555758afb80 .event anyedge, v0x5555758b12f0_0;
E_0x5555758afbe0 .event anyedge, v0x5555758b05f0_0;
E_0x5555758afc40 .event anyedge, v0x5555758b0f30_0, v0x5555758b0ff0_0;
L_0x555575900080 .cmp/eeq 1, o0x7fc616b56e48, o0x7fc616b57028;
S_0x5555758afcd0 .scope generate, "genblk1" "genblk1" 18 45, 18 45 0, S_0x5555758af610;
 .timescale -12 -12;
E_0x5555758afeb0 .event posedge, v0x5555758b05f0_0;
E_0x5555758aff30 .event negedge, v0x5555758b05f0_0;
E_0x5555758aff90 .event negedge, v0x5555758b0470_0;
E_0x5555758afff0 .event posedge, v0x5555758b0470_0;
S_0x555575804c50 .scope module, "SB_HFOSC" "SB_HFOSC" 18 2664;
 .timescale -12 -12;
    .port_info 0 /INPUT 1 "TRIM0";
    .port_info 1 /INPUT 1 "TRIM1";
    .port_info 2 /INPUT 1 "TRIM2";
    .port_info 3 /INPUT 1 "TRIM3";
    .port_info 4 /INPUT 1 "TRIM4";
    .port_info 5 /INPUT 1 "TRIM5";
    .port_info 6 /INPUT 1 "TRIM6";
    .port_info 7 /INPUT 1 "TRIM7";
    .port_info 8 /INPUT 1 "TRIM8";
    .port_info 9 /INPUT 1 "TRIM9";
    .port_info 10 /INPUT 1 "CLKHFPU";
    .port_info 11 /INPUT 1 "CLKHFEN";
    .port_info 12 /OUTPUT 1 "CLKHF";
P_0x55557565b0b0 .param/str "CLKHF_DIV" 0 18 2680, "0b00";
P_0x55557565b0f0 .param/str "TRIM_EN" 0 18 2679, "0b0";
o0x7fc616b57718 .functor BUFZ 1, c4<z>; HiZ drive
v0x5555758b1fa0_0 .net "CLKHF", 0 0, o0x7fc616b57718;  0 drivers
o0x7fc616b57748 .functor BUFZ 1, c4<z>; HiZ drive
v0x5555758b2080_0 .net "CLKHFEN", 0 0, o0x7fc616b57748;  0 drivers
o0x7fc616b57778 .functor BUFZ 1, c4<z>; HiZ drive
v0x5555758b2140_0 .net "CLKHFPU", 0 0, o0x7fc616b57778;  0 drivers
o0x7fc616b577a8 .functor BUFZ 1, c4<z>; HiZ drive
v0x5555758b2210_0 .net "TRIM0", 0 0, o0x7fc616b577a8;  0 drivers
o0x7fc616b577d8 .functor BUFZ 1, c4<z>; HiZ drive
v0x5555758b22d0_0 .net "TRIM1", 0 0, o0x7fc616b577d8;  0 drivers
o0x7fc616b57808 .functor BUFZ 1, c4<z>; HiZ drive
v0x5555758b2390_0 .net "TRIM2", 0 0, o0x7fc616b57808;  0 drivers
o0x7fc616b57838 .functor BUFZ 1, c4<z>; HiZ drive
v0x5555758b2450_0 .net "TRIM3", 0 0, o0x7fc616b57838;  0 drivers
o0x7fc616b57868 .functor BUFZ 1, c4<z>; HiZ drive
v0x5555758b2510_0 .net "TRIM4", 0 0, o0x7fc616b57868;  0 drivers
o0x7fc616b57898 .functor BUFZ 1, c4<z>; HiZ drive
v0x5555758b25d0_0 .net "TRIM5", 0 0, o0x7fc616b57898;  0 drivers
o0x7fc616b578c8 .functor BUFZ 1, c4<z>; HiZ drive
v0x5555758b2720_0 .net "TRIM6", 0 0, o0x7fc616b578c8;  0 drivers
o0x7fc616b578f8 .functor BUFZ 1, c4<z>; HiZ drive
v0x5555758b27e0_0 .net "TRIM7", 0 0, o0x7fc616b578f8;  0 drivers
o0x7fc616b57928 .functor BUFZ 1, c4<z>; HiZ drive
v0x5555758b28a0_0 .net "TRIM8", 0 0, o0x7fc616b57928;  0 drivers
o0x7fc616b57958 .functor BUFZ 1, c4<z>; HiZ drive
v0x5555758b2960_0 .net "TRIM9", 0 0, o0x7fc616b57958;  0 drivers
S_0x5555757e7950 .scope module, "SB_I2C" "SB_I2C" 18 2733;
 .timescale -12 -12;
    .port_info 0 /INPUT 1 "SBCLKI";
    .port_info 1 /INPUT 1 "SBRWI";
    .port_info 2 /INPUT 1 "SBSTBI";
    .port_info 3 /INPUT 1 "SBADRI7";
    .port_info 4 /INPUT 1 "SBADRI6";
    .port_info 5 /INPUT 1 "SBADRI5";
    .port_info 6 /INPUT 1 "SBADRI4";
    .port_info 7 /INPUT 1 "SBADRI3";
    .port_info 8 /INPUT 1 "SBADRI2";
    .port_info 9 /INPUT 1 "SBADRI1";
    .port_info 10 /INPUT 1 "SBADRI0";
    .port_info 11 /INPUT 1 "SBDATI7";
    .port_info 12 /INPUT 1 "SBDATI6";
    .port_info 13 /INPUT 1 "SBDATI5";
    .port_info 14 /INPUT 1 "SBDATI4";
    .port_info 15 /INPUT 1 "SBDATI3";
    .port_info 16 /INPUT 1 "SBDATI2";
    .port_info 17 /INPUT 1 "SBDATI1";
    .port_info 18 /INPUT 1 "SBDATI0";
    .port_info 19 /INPUT 1 "SCLI";
    .port_info 20 /INPUT 1 "SDAI";
    .port_info 21 /OUTPUT 1 "SBDATO7";
    .port_info 22 /OUTPUT 1 "SBDATO6";
    .port_info 23 /OUTPUT 1 "SBDATO5";
    .port_info 24 /OUTPUT 1 "SBDATO4";
    .port_info 25 /OUTPUT 1 "SBDATO3";
    .port_info 26 /OUTPUT 1 "SBDATO2";
    .port_info 27 /OUTPUT 1 "SBDATO1";
    .port_info 28 /OUTPUT 1 "SBDATO0";
    .port_info 29 /OUTPUT 1 "SBACKO";
    .port_info 30 /OUTPUT 1 "I2CIRQ";
    .port_info 31 /OUTPUT 1 "I2CWKUP";
    .port_info 32 /OUTPUT 1 "SCLO";
    .port_info 33 /OUTPUT 1 "SCLOE";
    .port_info 34 /OUTPUT 1 "SDAO";
    .port_info 35 /OUTPUT 1 "SDAOE";
P_0x55557565b200 .param/str "BUS_ADDR74" 0 18 2772, "0b0001";
P_0x55557565b240 .param/str "I2C_SLAVE_INIT_ADDR" 0 18 2771, "0b1111100001";
o0x7fc616b57bf8 .functor BUFZ 1, c4<z>; HiZ drive
v0x5555758b2c30_0 .net "I2CIRQ", 0 0, o0x7fc616b57bf8;  0 drivers
o0x7fc616b57c28 .functor BUFZ 1, c4<z>; HiZ drive
v0x5555758b2d10_0 .net "I2CWKUP", 0 0, o0x7fc616b57c28;  0 drivers
o0x7fc616b57c58 .functor BUFZ 1, c4<z>; HiZ drive
v0x5555758b2dd0_0 .net "SBACKO", 0 0, o0x7fc616b57c58;  0 drivers
o0x7fc616b57c88 .functor BUFZ 1, c4<z>; HiZ drive
v0x5555758b2e70_0 .net "SBADRI0", 0 0, o0x7fc616b57c88;  0 drivers
o0x7fc616b57cb8 .functor BUFZ 1, c4<z>; HiZ drive
v0x5555758b2f30_0 .net "SBADRI1", 0 0, o0x7fc616b57cb8;  0 drivers
o0x7fc616b57ce8 .functor BUFZ 1, c4<z>; HiZ drive
v0x5555758b2ff0_0 .net "SBADRI2", 0 0, o0x7fc616b57ce8;  0 drivers
o0x7fc616b57d18 .functor BUFZ 1, c4<z>; HiZ drive
v0x5555758b30b0_0 .net "SBADRI3", 0 0, o0x7fc616b57d18;  0 drivers
o0x7fc616b57d48 .functor BUFZ 1, c4<z>; HiZ drive
v0x5555758b3170_0 .net "SBADRI4", 0 0, o0x7fc616b57d48;  0 drivers
o0x7fc616b57d78 .functor BUFZ 1, c4<z>; HiZ drive
v0x5555758b3230_0 .net "SBADRI5", 0 0, o0x7fc616b57d78;  0 drivers
o0x7fc616b57da8 .functor BUFZ 1, c4<z>; HiZ drive
v0x5555758b3380_0 .net "SBADRI6", 0 0, o0x7fc616b57da8;  0 drivers
o0x7fc616b57dd8 .functor BUFZ 1, c4<z>; HiZ drive
v0x5555758b3440_0 .net "SBADRI7", 0 0, o0x7fc616b57dd8;  0 drivers
o0x7fc616b57e08 .functor BUFZ 1, c4<z>; HiZ drive
v0x5555758b3500_0 .net "SBCLKI", 0 0, o0x7fc616b57e08;  0 drivers
o0x7fc616b57e38 .functor BUFZ 1, c4<z>; HiZ drive
v0x5555758b35c0_0 .net "SBDATI0", 0 0, o0x7fc616b57e38;  0 drivers
o0x7fc616b57e68 .functor BUFZ 1, c4<z>; HiZ drive
v0x5555758b3680_0 .net "SBDATI1", 0 0, o0x7fc616b57e68;  0 drivers
o0x7fc616b57e98 .functor BUFZ 1, c4<z>; HiZ drive
v0x5555758b3740_0 .net "SBDATI2", 0 0, o0x7fc616b57e98;  0 drivers
o0x7fc616b57ec8 .functor BUFZ 1, c4<z>; HiZ drive
v0x5555758b3800_0 .net "SBDATI3", 0 0, o0x7fc616b57ec8;  0 drivers
o0x7fc616b57ef8 .functor BUFZ 1, c4<z>; HiZ drive
v0x5555758b38c0_0 .net "SBDATI4", 0 0, o0x7fc616b57ef8;  0 drivers
o0x7fc616b57f28 .functor BUFZ 1, c4<z>; HiZ drive
v0x5555758b3a90_0 .net "SBDATI5", 0 0, o0x7fc616b57f28;  0 drivers
o0x7fc616b57f58 .functor BUFZ 1, c4<z>; HiZ drive
v0x5555758b3b50_0 .net "SBDATI6", 0 0, o0x7fc616b57f58;  0 drivers
o0x7fc616b57f88 .functor BUFZ 1, c4<z>; HiZ drive
v0x5555758b3c10_0 .net "SBDATI7", 0 0, o0x7fc616b57f88;  0 drivers
o0x7fc616b57fb8 .functor BUFZ 1, c4<z>; HiZ drive
v0x5555758b3cd0_0 .net "SBDATO0", 0 0, o0x7fc616b57fb8;  0 drivers
o0x7fc616b57fe8 .functor BUFZ 1, c4<z>; HiZ drive
v0x5555758b3d90_0 .net "SBDATO1", 0 0, o0x7fc616b57fe8;  0 drivers
o0x7fc616b58018 .functor BUFZ 1, c4<z>; HiZ drive
v0x5555758b3e50_0 .net "SBDATO2", 0 0, o0x7fc616b58018;  0 drivers
o0x7fc616b58048 .functor BUFZ 1, c4<z>; HiZ drive
v0x5555758b3f10_0 .net "SBDATO3", 0 0, o0x7fc616b58048;  0 drivers
o0x7fc616b58078 .functor BUFZ 1, c4<z>; HiZ drive
v0x5555758b3fd0_0 .net "SBDATO4", 0 0, o0x7fc616b58078;  0 drivers
o0x7fc616b580a8 .functor BUFZ 1, c4<z>; HiZ drive
v0x5555758b4090_0 .net "SBDATO5", 0 0, o0x7fc616b580a8;  0 drivers
o0x7fc616b580d8 .functor BUFZ 1, c4<z>; HiZ drive
v0x5555758b4150_0 .net "SBDATO6", 0 0, o0x7fc616b580d8;  0 drivers
o0x7fc616b58108 .functor BUFZ 1, c4<z>; HiZ drive
v0x5555758b4210_0 .net "SBDATO7", 0 0, o0x7fc616b58108;  0 drivers
o0x7fc616b58138 .functor BUFZ 1, c4<z>; HiZ drive
v0x5555758b42d0_0 .net "SBRWI", 0 0, o0x7fc616b58138;  0 drivers
o0x7fc616b58168 .functor BUFZ 1, c4<z>; HiZ drive
v0x5555758b4390_0 .net "SBSTBI", 0 0, o0x7fc616b58168;  0 drivers
o0x7fc616b58198 .functor BUFZ 1, c4<z>; HiZ drive
v0x5555758b4450_0 .net "SCLI", 0 0, o0x7fc616b58198;  0 drivers
o0x7fc616b581c8 .functor BUFZ 1, c4<z>; HiZ drive
v0x5555758b4510_0 .net "SCLO", 0 0, o0x7fc616b581c8;  0 drivers
o0x7fc616b581f8 .functor BUFZ 1, c4<z>; HiZ drive
v0x5555758b45d0_0 .net "SCLOE", 0 0, o0x7fc616b581f8;  0 drivers
o0x7fc616b58228 .functor BUFZ 1, c4<z>; HiZ drive
v0x5555758b48a0_0 .net "SDAI", 0 0, o0x7fc616b58228;  0 drivers
o0x7fc616b58258 .functor BUFZ 1, c4<z>; HiZ drive
v0x5555758b4960_0 .net "SDAO", 0 0, o0x7fc616b58258;  0 drivers
o0x7fc616b58288 .functor BUFZ 1, c4<z>; HiZ drive
v0x5555758b4a20_0 .net "SDAOE", 0 0, o0x7fc616b58288;  0 drivers
S_0x5555757e6a00 .scope module, "SB_IO_I3C" "SB_IO_I3C" 18 2862;
 .timescale -12 -12;
    .port_info 0 /INOUT 1 "PACKAGE_PIN";
    .port_info 1 /INPUT 1 "LATCH_INPUT_VALUE";
    .port_info 2 /INPUT 1 "CLOCK_ENABLE";
    .port_info 3 /INPUT 1 "INPUT_CLK";
    .port_info 4 /INPUT 1 "OUTPUT_CLK";
    .port_info 5 /INPUT 1 "OUTPUT_ENABLE";
    .port_info 6 /INPUT 1 "D_OUT_0";
    .port_info 7 /INPUT 1 "D_OUT_1";
    .port_info 8 /OUTPUT 1 "D_IN_0";
    .port_info 9 /OUTPUT 1 "D_IN_1";
    .port_info 10 /INPUT 1 "PU_ENB";
    .port_info 11 /INPUT 1 "WEAK_PU_ENB";
P_0x5555757e8370 .param/str "IO_STANDARD" 0 18 2880, "SB_LVCMOS";
P_0x5555757e83b0 .param/l "NEG_TRIGGER" 0 18 2879, C4<0>;
P_0x5555757e83f0 .param/l "PIN_TYPE" 0 18 2876, C4<000000>;
P_0x5555757e8430 .param/l "PULLUP" 0 18 2877, C4<0>;
P_0x5555757e8470 .param/l "WEAK_PULLUP" 0 18 2878, C4<0>;
L_0x5555759003b0 .functor BUFZ 1, v0x5555758b5dc0_0, C4<0>, C4<0>, C4<0>;
L_0x555575900420 .functor BUFZ 1, v0x5555758b5e80_0, C4<0>, C4<0>, C4<0>;
o0x7fc616b58978 .functor BUFZ 1, c4<z>; HiZ drive
v0x5555758b5490_0 .net "CLOCK_ENABLE", 0 0, o0x7fc616b58978;  0 drivers
v0x5555758b5550_0 .net "D_IN_0", 0 0, L_0x5555759003b0;  1 drivers
v0x5555758b5610_0 .net "D_IN_1", 0 0, L_0x555575900420;  1 drivers
o0x7fc616b58a08 .functor BUFZ 1, c4<z>; HiZ drive
v0x5555758b56b0_0 .net "D_OUT_0", 0 0, o0x7fc616b58a08;  0 drivers
o0x7fc616b58a38 .functor BUFZ 1, c4<z>; HiZ drive
v0x5555758b5770_0 .net "D_OUT_1", 0 0, o0x7fc616b58a38;  0 drivers
o0x7fc616b58a68 .functor BUFZ 1, c4<z>; HiZ drive
v0x5555758b5880_0 .net "INPUT_CLK", 0 0, o0x7fc616b58a68;  0 drivers
o0x7fc616b58a98 .functor BUFZ 1, c4<z>; HiZ drive
v0x5555758b5940_0 .net "LATCH_INPUT_VALUE", 0 0, o0x7fc616b58a98;  0 drivers
o0x7fc616b58ac8 .functor BUFZ 1, c4<z>; HiZ drive
v0x5555758b5a00_0 .net "OUTPUT_CLK", 0 0, o0x7fc616b58ac8;  0 drivers
o0x7fc616b58af8 .functor BUFZ 1, c4<z>; HiZ drive
v0x5555758b5ac0_0 .net "OUTPUT_ENABLE", 0 0, o0x7fc616b58af8;  0 drivers
o0x7fc616b58b28 .functor BUFZ 1, c4<z>; HiZ drive
v0x5555758b5b80_0 .net "PACKAGE_PIN", 0 0, o0x7fc616b58b28;  0 drivers
o0x7fc616b58b58 .functor BUFZ 1, c4<z>; HiZ drive
v0x5555758b5c40_0 .net "PU_ENB", 0 0, o0x7fc616b58b58;  0 drivers
o0x7fc616b58b88 .functor BUFZ 1, c4<z>; HiZ drive
v0x5555758b5d00_0 .net "WEAK_PU_ENB", 0 0, o0x7fc616b58b88;  0 drivers
v0x5555758b5dc0_0 .var "din_0", 0 0;
v0x5555758b5e80_0 .var "din_1", 0 0;
v0x5555758b5f40_0 .var "din_q_0", 0 0;
v0x5555758b6000_0 .var "din_q_1", 0 0;
v0x5555758b60c0_0 .var "dout", 0 0;
v0x5555758b6180_0 .var "dout_q_0", 0 0;
v0x5555758b6240_0 .var "dout_q_1", 0 0;
v0x5555758b6300_0 .var "outclk_delayed_1", 0 0;
v0x5555758b63c0_0 .var "outclk_delayed_2", 0 0;
v0x5555758b6480_0 .var "outena_q", 0 0;
E_0x5555758b4f60 .event anyedge, v0x5555758b63c0_0, v0x5555758b6180_0, v0x5555758b6240_0;
E_0x5555758b4fe0 .event anyedge, v0x5555758b6300_0;
E_0x5555758b5040 .event anyedge, v0x5555758b5a00_0;
E_0x5555758b50a0 .event anyedge, v0x5555758b5f40_0, v0x5555758b6000_0;
S_0x5555758b5130 .scope generate, "genblk1" "genblk1" 18 2888, 18 2888 0, S_0x5555757e6a00;
 .timescale -12 -12;
E_0x5555758b52c0 .event posedge, v0x5555758b5a00_0;
E_0x5555758b5340 .event negedge, v0x5555758b5a00_0;
E_0x5555758b53a0 .event negedge, v0x5555758b5880_0;
E_0x5555758b5400 .event posedge, v0x5555758b5880_0;
S_0x5555757e4b60 .scope module, "SB_IO_OD" "SB_IO_OD" 18 2931;
 .timescale -12 -12;
    .port_info 0 /INOUT 1 "PACKAGEPIN";
    .port_info 1 /INPUT 1 "LATCHINPUTVALUE";
    .port_info 2 /INPUT 1 "CLOCKENABLE";
    .port_info 3 /INPUT 1 "INPUTCLK";
    .port_info 4 /INPUT 1 "OUTPUTCLK";
    .port_info 5 /INPUT 1 "OUTPUTENABLE";
    .port_info 6 /INPUT 1 "DOUT1";
    .port_info 7 /INPUT 1 "DOUT0";
    .port_info 8 /OUTPUT 1 "DIN1";
    .port_info 9 /OUTPUT 1 "DIN0";
P_0x55557565b350 .param/l "NEG_TRIGGER" 0 18 2944, C4<0>;
P_0x55557565b390 .param/l "PIN_TYPE" 0 18 2943, C4<000000>;
L_0x555575900490 .functor BUFZ 1, v0x5555758b7410_0, C4<0>, C4<0>, C4<0>;
L_0x555575900500 .functor BUFZ 1, v0x5555758b74d0_0, C4<0>, C4<0>, C4<0>;
o0x7fc616b58fd8 .functor BUFZ 1, c4<z>; HiZ drive
v0x5555758b6c60_0 .net "CLOCKENABLE", 0 0, o0x7fc616b58fd8;  0 drivers
v0x5555758b6d20_0 .net "DIN0", 0 0, L_0x555575900490;  1 drivers
v0x5555758b6de0_0 .net "DIN1", 0 0, L_0x555575900500;  1 drivers
o0x7fc616b59068 .functor BUFZ 1, c4<z>; HiZ drive
v0x5555758b6e80_0 .net "DOUT0", 0 0, o0x7fc616b59068;  0 drivers
o0x7fc616b59098 .functor BUFZ 1, c4<z>; HiZ drive
v0x5555758b6f40_0 .net "DOUT1", 0 0, o0x7fc616b59098;  0 drivers
o0x7fc616b590c8 .functor BUFZ 1, c4<z>; HiZ drive
v0x5555758b7050_0 .net "INPUTCLK", 0 0, o0x7fc616b590c8;  0 drivers
o0x7fc616b590f8 .functor BUFZ 1, c4<z>; HiZ drive
v0x5555758b7110_0 .net "LATCHINPUTVALUE", 0 0, o0x7fc616b590f8;  0 drivers
o0x7fc616b59128 .functor BUFZ 1, c4<z>; HiZ drive
v0x5555758b71d0_0 .net "OUTPUTCLK", 0 0, o0x7fc616b59128;  0 drivers
o0x7fc616b59158 .functor BUFZ 1, c4<z>; HiZ drive
v0x5555758b7290_0 .net "OUTPUTENABLE", 0 0, o0x7fc616b59158;  0 drivers
o0x7fc616b59188 .functor BUFZ 1, c4<z>; HiZ drive
v0x5555758b7350_0 .net "PACKAGEPIN", 0 0, o0x7fc616b59188;  0 drivers
v0x5555758b7410_0 .var "din_0", 0 0;
v0x5555758b74d0_0 .var "din_1", 0 0;
v0x5555758b7590_0 .var "din_q_0", 0 0;
v0x5555758b7650_0 .var "din_q_1", 0 0;
v0x5555758b7710_0 .var "dout", 0 0;
v0x5555758b77d0_0 .var "dout_q_0", 0 0;
v0x5555758b7890_0 .var "dout_q_1", 0 0;
v0x5555758b7a60_0 .var "outclk_delayed_1", 0 0;
v0x5555758b7b20_0 .var "outclk_delayed_2", 0 0;
v0x5555758b7be0_0 .var "outena_q", 0 0;
E_0x5555758b6730 .event anyedge, v0x5555758b7b20_0, v0x5555758b77d0_0, v0x5555758b7890_0;
E_0x5555758b67b0 .event anyedge, v0x5555758b7a60_0;
E_0x5555758b6810 .event anyedge, v0x5555758b71d0_0;
E_0x5555758b6870 .event anyedge, v0x5555758b7590_0, v0x5555758b7650_0;
S_0x5555758b6900 .scope generate, "genblk1" "genblk1" 18 2952, 18 2952 0, S_0x5555757e4b60;
 .timescale -12 -12;
E_0x5555758b6a90 .event posedge, v0x5555758b71d0_0;
E_0x5555758b6b10 .event negedge, v0x5555758b71d0_0;
E_0x5555758b6b70 .event negedge, v0x5555758b7050_0;
E_0x5555758b6bd0 .event posedge, v0x5555758b7050_0;
S_0x5555757e3c10 .scope module, "SB_LEDDA_IP" "SB_LEDDA_IP" 18 2830;
 .timescale -12 -12;
    .port_info 0 /INPUT 1 "LEDDCS";
    .port_info 1 /INPUT 1 "LEDDCLK";
    .port_info 2 /INPUT 1 "LEDDDAT7";
    .port_info 3 /INPUT 1 "LEDDDAT6";
    .port_info 4 /INPUT 1 "LEDDDAT5";
    .port_info 5 /INPUT 1 "LEDDDAT4";
    .port_info 6 /INPUT 1 "LEDDDAT3";
    .port_info 7 /INPUT 1 "LEDDDAT2";
    .port_info 8 /INPUT 1 "LEDDDAT1";
    .port_info 9 /INPUT 1 "LEDDDAT0";
    .port_info 10 /INPUT 1 "LEDDADDR3";
    .port_info 11 /INPUT 1 "LEDDADDR2";
    .port_info 12 /INPUT 1 "LEDDADDR1";
    .port_info 13 /INPUT 1 "LEDDADDR0";
    .port_info 14 /INPUT 1 "LEDDDEN";
    .port_info 15 /INPUT 1 "LEDDEXE";
    .port_info 16 /INPUT 1 "LEDDRST";
    .port_info 17 /OUTPUT 1 "PWMOUT0";
    .port_info 18 /OUTPUT 1 "PWMOUT1";
    .port_info 19 /OUTPUT 1 "PWMOUT2";
    .port_info 20 /OUTPUT 1 "LEDDON";
o0x7fc616b59578 .functor BUFZ 1, c4<z>; HiZ drive
v0x5555758b7de0_0 .net "LEDDADDR0", 0 0, o0x7fc616b59578;  0 drivers
o0x7fc616b595a8 .functor BUFZ 1, c4<z>; HiZ drive
v0x5555758b7ec0_0 .net "LEDDADDR1", 0 0, o0x7fc616b595a8;  0 drivers
o0x7fc616b595d8 .functor BUFZ 1, c4<z>; HiZ drive
v0x5555758b7f80_0 .net "LEDDADDR2", 0 0, o0x7fc616b595d8;  0 drivers
o0x7fc616b59608 .functor BUFZ 1, c4<z>; HiZ drive
v0x5555758b8020_0 .net "LEDDADDR3", 0 0, o0x7fc616b59608;  0 drivers
o0x7fc616b59638 .functor BUFZ 1, c4<z>; HiZ drive
v0x5555758b80e0_0 .net "LEDDCLK", 0 0, o0x7fc616b59638;  0 drivers
o0x7fc616b59668 .functor BUFZ 1, c4<z>; HiZ drive
v0x5555758b81a0_0 .net "LEDDCS", 0 0, o0x7fc616b59668;  0 drivers
o0x7fc616b59698 .functor BUFZ 1, c4<z>; HiZ drive
v0x5555758b8260_0 .net "LEDDDAT0", 0 0, o0x7fc616b59698;  0 drivers
o0x7fc616b596c8 .functor BUFZ 1, c4<z>; HiZ drive
v0x5555758b8320_0 .net "LEDDDAT1", 0 0, o0x7fc616b596c8;  0 drivers
o0x7fc616b596f8 .functor BUFZ 1, c4<z>; HiZ drive
v0x5555758b83e0_0 .net "LEDDDAT2", 0 0, o0x7fc616b596f8;  0 drivers
o0x7fc616b59728 .functor BUFZ 1, c4<z>; HiZ drive
v0x5555758b84a0_0 .net "LEDDDAT3", 0 0, o0x7fc616b59728;  0 drivers
o0x7fc616b59758 .functor BUFZ 1, c4<z>; HiZ drive
v0x5555758b8560_0 .net "LEDDDAT4", 0 0, o0x7fc616b59758;  0 drivers
o0x7fc616b59788 .functor BUFZ 1, c4<z>; HiZ drive
v0x5555758b8620_0 .net "LEDDDAT5", 0 0, o0x7fc616b59788;  0 drivers
o0x7fc616b597b8 .functor BUFZ 1, c4<z>; HiZ drive
v0x5555758b86e0_0 .net "LEDDDAT6", 0 0, o0x7fc616b597b8;  0 drivers
o0x7fc616b597e8 .functor BUFZ 1, c4<z>; HiZ drive
v0x5555758b87a0_0 .net "LEDDDAT7", 0 0, o0x7fc616b597e8;  0 drivers
o0x7fc616b59818 .functor BUFZ 1, c4<z>; HiZ drive
v0x5555758b8860_0 .net "LEDDDEN", 0 0, o0x7fc616b59818;  0 drivers
o0x7fc616b59848 .functor BUFZ 1, c4<z>; HiZ drive
v0x5555758b8920_0 .net "LEDDEXE", 0 0, o0x7fc616b59848;  0 drivers
o0x7fc616b59878 .functor BUFZ 1, c4<z>; HiZ drive
v0x5555758b89e0_0 .net "LEDDON", 0 0, o0x7fc616b59878;  0 drivers
o0x7fc616b598a8 .functor BUFZ 1, c4<z>; HiZ drive
v0x5555758b8bb0_0 .net "LEDDRST", 0 0, o0x7fc616b598a8;  0 drivers
o0x7fc616b598d8 .functor BUFZ 1, c4<z>; HiZ drive
v0x5555758b8c70_0 .net "PWMOUT0", 0 0, o0x7fc616b598d8;  0 drivers
o0x7fc616b59908 .functor BUFZ 1, c4<z>; HiZ drive
v0x5555758b8d30_0 .net "PWMOUT1", 0 0, o0x7fc616b59908;  0 drivers
o0x7fc616b59938 .functor BUFZ 1, c4<z>; HiZ drive
v0x5555758b8df0_0 .net "PWMOUT2", 0 0, o0x7fc616b59938;  0 drivers
S_0x5555756d3c50 .scope module, "SB_LED_DRV_CUR" "SB_LED_DRV_CUR" 18 2709;
 .timescale -12 -12;
    .port_info 0 /INPUT 1 "EN";
    .port_info 1 /OUTPUT 1 "LEDPU";
o0x7fc616b59d58 .functor BUFZ 1, c4<z>; HiZ drive
v0x5555758b9200_0 .net "EN", 0 0, o0x7fc616b59d58;  0 drivers
o0x7fc616b59d88 .functor BUFZ 1, c4<z>; HiZ drive
v0x5555758b92e0_0 .net "LEDPU", 0 0, o0x7fc616b59d88;  0 drivers
S_0x5555757e1e70 .scope module, "SB_LFOSC" "SB_LFOSC" 18 2684;
 .timescale -12 -12;
    .port_info 0 /INPUT 1 "CLKLFPU";
    .port_info 1 /INPUT 1 "CLKLFEN";
    .port_info 2 /OUTPUT 1 "CLKLF";
o0x7fc616b59e18 .functor BUFZ 1, c4<z>; HiZ drive
v0x5555758b9400_0 .net "CLKLF", 0 0, o0x7fc616b59e18;  0 drivers
o0x7fc616b59e48 .functor BUFZ 1, c4<z>; HiZ drive
v0x5555758b94c0_0 .net "CLKLFEN", 0 0, o0x7fc616b59e48;  0 drivers
o0x7fc616b59e78 .functor BUFZ 1, c4<z>; HiZ drive
v0x5555758b9580_0 .net "CLKLFPU", 0 0, o0x7fc616b59e78;  0 drivers
S_0x5555757e19e0 .scope module, "SB_LUT4" "SB_LUT4" 18 177;
 .timescale -12 -12;
    .port_info 0 /OUTPUT 1 "O";
    .port_info 1 /INPUT 1 "I0";
    .port_info 2 /INPUT 1 "I1";
    .port_info 3 /INPUT 1 "I2";
    .port_info 4 /INPUT 1 "I3";
P_0x555575668810 .param/l "LUT_INIT" 0 18 184, C4<0000000000000000>;
o0x7fc616b59f38 .functor BUFZ 1, c4<z>; HiZ drive
v0x5555758b96a0_0 .net "I0", 0 0, o0x7fc616b59f38;  0 drivers
o0x7fc616b59f68 .functor BUFZ 1, c4<z>; HiZ drive
v0x5555758b9760_0 .net "I1", 0 0, o0x7fc616b59f68;  0 drivers
o0x7fc616b59f98 .functor BUFZ 1, c4<z>; HiZ drive
v0x5555758b9820_0 .net "I2", 0 0, o0x7fc616b59f98;  0 drivers
o0x7fc616b59fc8 .functor BUFZ 1, c4<z>; HiZ drive
v0x5555758b98f0_0 .net "I3", 0 0, o0x7fc616b59fc8;  0 drivers
v0x5555758b99b0_0 .net "O", 0 0, L_0x555575901160;  1 drivers
L_0x7fc6166d08d0 .functor BUFT 1, C4<00000000>, C4<0>, C4<0>, C4<0>;
v0x5555758b9a70_0 .net/2u *"_ivl_0", 7 0, L_0x7fc6166d08d0;  1 drivers
v0x5555758b9b50_0 .net *"_ivl_13", 1 0, L_0x555575900cb0;  1 drivers
v0x5555758b9c30_0 .net *"_ivl_15", 1 0, L_0x555575900da0;  1 drivers
v0x5555758b9d10_0 .net *"_ivl_19", 0 0, L_0x555575900f80;  1 drivers
L_0x7fc6166d0918 .functor BUFT 1, C4<00000000>, C4<0>, C4<0>, C4<0>;
v0x5555758b9df0_0 .net/2u *"_ivl_2", 7 0, L_0x7fc6166d0918;  1 drivers
v0x5555758b9ed0_0 .net *"_ivl_21", 0 0, L_0x5555759010c0;  1 drivers
v0x5555758b9fb0_0 .net *"_ivl_7", 3 0, L_0x555575900980;  1 drivers
v0x5555758ba090_0 .net *"_ivl_9", 3 0, L_0x555575900a70;  1 drivers
v0x5555758ba170_0 .net "s1", 1 0, L_0x555575900e40;  1 drivers
v0x5555758ba250_0 .net "s2", 3 0, L_0x555575900b10;  1 drivers
v0x5555758ba330_0 .net "s3", 7 0, L_0x5555759007e0;  1 drivers
L_0x5555759007e0 .functor MUXZ 8, L_0x7fc6166d0918, L_0x7fc6166d08d0, o0x7fc616b59fc8, C4<>;
L_0x555575900980 .part L_0x5555759007e0, 4, 4;
L_0x555575900a70 .part L_0x5555759007e0, 0, 4;
L_0x555575900b10 .functor MUXZ 4, L_0x555575900a70, L_0x555575900980, o0x7fc616b59f98, C4<>;
L_0x555575900cb0 .part L_0x555575900b10, 2, 2;
L_0x555575900da0 .part L_0x555575900b10, 0, 2;
L_0x555575900e40 .functor MUXZ 2, L_0x555575900da0, L_0x555575900cb0, o0x7fc616b59f68, C4<>;
L_0x555575900f80 .part L_0x555575900e40, 1, 1;
L_0x5555759010c0 .part L_0x555575900e40, 0, 1;
L_0x555575901160 .functor MUXZ 1, L_0x5555759010c0, L_0x555575900f80, o0x7fc616b59f38, C4<>;
S_0x5555757e15b0 .scope module, "SB_MAC16" "SB_MAC16" 18 2996;
 .timescale -12 -12;
    .port_info 0 /INPUT 1 "CLK";
    .port_info 1 /INPUT 1 "CE";
    .port_info 2 /INPUT 16 "C";
    .port_info 3 /INPUT 16 "A";
    .port_info 4 /INPUT 16 "B";
    .port_info 5 /INPUT 16 "D";
    .port_info 6 /INPUT 1 "AHOLD";
    .port_info 7 /INPUT 1 "BHOLD";
    .port_info 8 /INPUT 1 "CHOLD";
    .port_info 9 /INPUT 1 "DHOLD";
    .port_info 10 /INPUT 1 "IRSTTOP";
    .port_info 11 /INPUT 1 "IRSTBOT";
    .port_info 12 /INPUT 1 "ORSTTOP";
    .port_info 13 /INPUT 1 "ORSTBOT";
    .port_info 14 /INPUT 1 "OLOADTOP";
    .port_info 15 /INPUT 1 "OLOADBOT";
    .port_info 16 /INPUT 1 "ADDSUBTOP";
    .port_info 17 /INPUT 1 "ADDSUBBOT";
    .port_info 18 /INPUT 1 "OHOLDTOP";
    .port_info 19 /INPUT 1 "OHOLDBOT";
    .port_info 20 /INPUT 1 "CI";
    .port_info 21 /INPUT 1 "ACCUMCI";
    .port_info 22 /INPUT 1 "SIGNEXTIN";
    .port_info 23 /OUTPUT 32 "O";
    .port_info 24 /OUTPUT 1 "CO";
    .port_info 25 /OUTPUT 1 "ACCUMCO";
    .port_info 26 /OUTPUT 1 "SIGNEXTOUT";
P_0x55557566c2b0 .param/l "A_REG" 0 18 3011, C4<0>;
P_0x55557566c2f0 .param/l "A_SIGNED" 0 18 3027, C4<0>;
P_0x55557566c330 .param/l "BOTADDSUB_CARRYSELECT" 0 18 3025, C4<00>;
P_0x55557566c370 .param/l "BOTADDSUB_LOWERINPUT" 0 18 3023, C4<00>;
P_0x55557566c3b0 .param/l "BOTADDSUB_UPPERINPUT" 0 18 3024, C4<0>;
P_0x55557566c3f0 .param/l "BOTOUTPUT_SELECT" 0 18 3022, C4<00>;
P_0x55557566c430 .param/l "BOT_8x8_MULT_REG" 0 18 3015, C4<0>;
P_0x55557566c470 .param/l "B_REG" 0 18 3012, C4<0>;
P_0x55557566c4b0 .param/l "B_SIGNED" 0 18 3028, C4<0>;
P_0x55557566c4f0 .param/l "C_REG" 0 18 3010, C4<0>;
P_0x55557566c530 .param/l "D_REG" 0 18 3013, C4<0>;
P_0x55557566c570 .param/l "MODE_8x8" 0 18 3026, C4<0>;
P_0x55557566c5b0 .param/l "NEG_TRIGGER" 0 18 3009, C4<0>;
P_0x55557566c5f0 .param/l "PIPELINE_16x16_MULT_REG1" 0 18 3016, C4<0>;
P_0x55557566c630 .param/l "PIPELINE_16x16_MULT_REG2" 0 18 3017, C4<0>;
P_0x55557566c670 .param/l "TOPADDSUB_CARRYSELECT" 0 18 3021, C4<00>;
P_0x55557566c6b0 .param/l "TOPADDSUB_LOWERINPUT" 0 18 3019, C4<00>;
P_0x55557566c6f0 .param/l "TOPADDSUB_UPPERINPUT" 0 18 3020, C4<0>;
P_0x55557566c730 .param/l "TOPOUTPUT_SELECT" 0 18 3018, C4<00>;
P_0x55557566c770 .param/l "TOP_8x8_MULT_REG" 0 18 3014, C4<0>;
o0x7fc616b5a628 .functor BUFZ 1, c4<z>; HiZ drive
L_0x7fc6166d0960 .functor BUFT 1, C4<0>, C4<0>, C4<0>, C4<0>;
L_0x555575901280 .functor XOR 1, o0x7fc616b5a628, L_0x7fc6166d0960, C4<0>, C4<0>;
o0x7fc616b5a568 .functor BUFZ 16, c4<zzzzzzzzzzzzzzzz>; HiZ drive
L_0x555575901370 .functor BUFZ 16, o0x7fc616b5a568, C4<0000000000000000>, C4<0000000000000000>, C4<0000000000000000>;
o0x7fc616b5a328 .functor BUFZ 16, c4<zzzzzzzzzzzzzzzz>; HiZ drive
L_0x555575901410 .functor BUFZ 16, o0x7fc616b5a328, C4<0000000000000000>, C4<0000000000000000>, C4<0000000000000000>;
o0x7fc616b5a4a8 .functor BUFZ 16, c4<zzzzzzzzzzzzzzzz>; HiZ drive
L_0x5555759014e0 .functor BUFZ 16, o0x7fc616b5a4a8, C4<0000000000000000>, C4<0000000000000000>, C4<0000000000000000>;
o0x7fc616b5a688 .functor BUFZ 16, c4<zzzzzzzzzzzzzzzz>; HiZ drive
L_0x5555759015e0 .functor BUFZ 16, o0x7fc616b5a688, C4<0000000000000000>, C4<0000000000000000>, C4<0000000000000000>;
L_0x555575902450 .functor BUFZ 16, L_0x555575901fe0, C4<0000000000000000>, C4<0000000000000000>, C4<0000000000000000>;
L_0x555575902960 .functor BUFZ 16, L_0x555575902360, C4<0000000000000000>, C4<0000000000000000>, C4<0000000000000000>;
L_0x555575902a20 .functor BUFZ 16, L_0x5555759026f0, C4<0000000000000000>, C4<0000000000000000>, C4<0000000000000000>;
L_0x555575902b30 .functor BUFZ 16, L_0x5555759027e0, C4<0000000000000000>, C4<0000000000000000>, C4<0000000000000000>;
L_0x555575903530 .functor BUFZ 32, L_0x555575904200, C4<00000000000000000000000000000000>, C4<00000000000000000000000000000000>, C4<00000000000000000000000000000000>;
L_0x555575904390 .functor BUFZ 16, v0x5555758c2420_0, C4<0000000000000000>, C4<0000000000000000>, C4<0000000000000000>;
L_0x555575904400 .functor BUFZ 16, L_0x555575901410, C4<0000000000000000>, C4<0000000000000000>, C4<0000000000000000>;
L_0x555575904df0 .functor XOR 17, L_0x555575904940, L_0x555575904c80, C4<00000000000000000>, C4<00000000000000000>;
o0x7fc616b5a3e8 .functor BUFZ 1, c4<z>; HiZ drive
L_0x555575904fa0 .functor XOR 1, L_0x5555759044e0, o0x7fc616b5a3e8, C4<0>, C4<0>;
L_0x555575904470 .functor XOR 16, L_0x555575904690, L_0x555575905290, C4<0000000000000000>, C4<0000000000000000>;
L_0x5555759057b0 .functor BUFZ 16, L_0x555575905520, C4<0000000000000000>, C4<0000000000000000>, C4<0000000000000000>;
L_0x555575905a70 .functor BUFZ 16, v0x5555758c2500_0, C4<0000000000000000>, C4<0000000000000000>, C4<0000000000000000>;
L_0x555575905b80 .functor BUFZ 16, L_0x5555759014e0, C4<0000000000000000>, C4<0000000000000000>, C4<0000000000000000>;
L_0x555575906730 .functor XOR 17, L_0x5555759060a0, L_0x555575906430, C4<00000000000000000>, C4<00000000000000000>;
L_0x5555759068f0 .functor XOR 16, L_0x555575905cf0, L_0x555575906c90, C4<0000000000000000>, C4<0000000000000000>;
L_0x555575907290 .functor BUFZ 16, L_0x555575906e20, C4<0000000000000000>, C4<0000000000000000>, C4<0000000000000000>;
v0x5555758ba680_0 .net "A", 15 0, o0x7fc616b5a328;  0 drivers
o0x7fc616b5a358 .functor BUFZ 1, c4<z>; HiZ drive
v0x5555758ba760_0 .net "ACCUMCI", 0 0, o0x7fc616b5a358;  0 drivers
v0x5555758ba820_0 .net "ACCUMCO", 0 0, L_0x5555759044e0;  1 drivers
o0x7fc616b5a3b8 .functor BUFZ 1, c4<z>; HiZ drive
v0x5555758ba8c0_0 .net "ADDSUBBOT", 0 0, o0x7fc616b5a3b8;  0 drivers
v0x5555758ba980_0 .net "ADDSUBTOP", 0 0, o0x7fc616b5a3e8;  0 drivers
o0x7fc616b5a418 .functor BUFZ 1, c4<z>; HiZ drive
v0x5555758baa40_0 .net "AHOLD", 0 0, o0x7fc616b5a418;  0 drivers
v0x5555758bab00_0 .net "Ah", 15 0, L_0x555575901800;  1 drivers
v0x5555758babe0_0 .net "Al", 15 0, L_0x5555759019e0;  1 drivers
v0x5555758bacc0_0 .net "B", 15 0, o0x7fc616b5a4a8;  0 drivers
o0x7fc616b5a4d8 .functor BUFZ 1, c4<z>; HiZ drive
v0x5555758bae30_0 .net "BHOLD", 0 0, o0x7fc616b5a4d8;  0 drivers
v0x5555758baef0_0 .net "Bh", 15 0, L_0x555575901c70;  1 drivers
v0x5555758bafd0_0 .net "Bl", 15 0, L_0x555575901e50;  1 drivers
v0x5555758bb0b0_0 .net "C", 15 0, o0x7fc616b5a568;  0 drivers
o0x7fc616b5a598 .functor BUFZ 1, c4<z>; HiZ drive
v0x5555758bb190_0 .net "CE", 0 0, o0x7fc616b5a598;  0 drivers
o0x7fc616b5a5c8 .functor BUFZ 1, c4<z>; HiZ drive
v0x5555758bb250_0 .net "CHOLD", 0 0, o0x7fc616b5a5c8;  0 drivers
o0x7fc616b5a5f8 .functor BUFZ 1, c4<z>; HiZ drive
v0x5555758bb310_0 .net "CI", 0 0, o0x7fc616b5a5f8;  0 drivers
v0x5555758bb3d0_0 .net "CLK", 0 0, o0x7fc616b5a628;  0 drivers
v0x5555758bb5a0_0 .net "CO", 0 0, L_0x555575904fa0;  1 drivers
v0x5555758bb660_0 .net "D", 15 0, o0x7fc616b5a688;  0 drivers
o0x7fc616b5a6b8 .functor BUFZ 1, c4<z>; HiZ drive
v0x5555758bb740_0 .net "DHOLD", 0 0, o0x7fc616b5a6b8;  0 drivers
L_0x7fc6166d0eb8 .functor BUFT 1, C4<0>, C4<0>, C4<0>, C4<0>;
v0x5555758bb800_0 .net "HCI", 0 0, L_0x7fc6166d0eb8;  1 drivers
o0x7fc616b5a718 .functor BUFZ 1, c4<z>; HiZ drive
v0x5555758bb8c0_0 .net "IRSTBOT", 0 0, o0x7fc616b5a718;  0 drivers
o0x7fc616b5a748 .functor BUFZ 1, c4<z>; HiZ drive
v0x5555758bb980_0 .net "IRSTTOP", 0 0, o0x7fc616b5a748;  0 drivers
L_0x7fc6166d0fd8 .functor BUFT 1, C4<0>, C4<0>, C4<0>, C4<0>;
v0x5555758bba40_0 .net "LCI", 0 0, L_0x7fc6166d0fd8;  1 drivers
v0x5555758bbb00_0 .net "LCO", 0 0, L_0x555575905bf0;  1 drivers
v0x5555758bbbc0_0 .net "O", 31 0, L_0x555575907350;  1 drivers
o0x7fc616b5a808 .functor BUFZ 1, c4<z>; HiZ drive
v0x5555758bbca0_0 .net "OHOLDBOT", 0 0, o0x7fc616b5a808;  0 drivers
o0x7fc616b5a838 .functor BUFZ 1, c4<z>; HiZ drive
v0x5555758bbd60_0 .net "OHOLDTOP", 0 0, o0x7fc616b5a838;  0 drivers
o0x7fc616b5a868 .functor BUFZ 1, c4<z>; HiZ drive
v0x5555758bbe20_0 .net "OLOADBOT", 0 0, o0x7fc616b5a868;  0 drivers
o0x7fc616b5a898 .functor BUFZ 1, c4<z>; HiZ drive
v0x5555758bbee0_0 .net "OLOADTOP", 0 0, o0x7fc616b5a898;  0 drivers
o0x7fc616b5a8c8 .functor BUFZ 1, c4<z>; HiZ drive
v0x5555758bbfa0_0 .net "ORSTBOT", 0 0, o0x7fc616b5a8c8;  0 drivers
o0x7fc616b5a8f8 .functor BUFZ 1, c4<z>; HiZ drive
v0x5555758bc060_0 .net "ORSTTOP", 0 0, o0x7fc616b5a8f8;  0 drivers
v0x5555758bc120_0 .net "Oh", 15 0, L_0x5555759057b0;  1 drivers
v0x5555758bc410_0 .net "Ol", 15 0, L_0x555575907290;  1 drivers
o0x7fc616b5a988 .functor BUFZ 1, c4<z>; HiZ drive
v0x5555758bc4f0_0 .net "SIGNEXTIN", 0 0, o0x7fc616b5a988;  0 drivers
v0x5555758bc5b0_0 .net "SIGNEXTOUT", 0 0, L_0x555575905870;  1 drivers
v0x5555758bc670_0 .net "XW", 15 0, L_0x555575904690;  1 drivers
v0x5555758bc750_0 .net "YZ", 15 0, L_0x555575905cf0;  1 drivers
v0x5555758bc830_0 .net/2u *"_ivl_0", 0 0, L_0x7fc6166d0960;  1 drivers
v0x5555758bc910_0 .net *"_ivl_100", 31 0, L_0x555575903ca0;  1 drivers
L_0x7fc6166d0d50 .functor BUFT 1, C4<0000000000000000>, C4<0>, C4<0>, C4<0>;
v0x5555758bc9f0_0 .net *"_ivl_103", 15 0, L_0x7fc6166d0d50;  1 drivers
v0x5555758bcad0_0 .net *"_ivl_104", 31 0, L_0x555575903fc0;  1 drivers
v0x5555758bcbb0_0 .net *"_ivl_106", 15 0, L_0x555575903ed0;  1 drivers
L_0x7fc6166d0d98 .functor BUFT 1, C4<0000000000000000>, C4<0>, C4<0>, C4<0>;
v0x5555758bcc90_0 .net *"_ivl_108", 15 0, L_0x7fc6166d0d98;  1 drivers
L_0x7fc6166d09a8 .functor BUFT 1, C4<00000000>, C4<0>, C4<0>, C4<0>;
v0x5555758bcd70_0 .net/2u *"_ivl_12", 7 0, L_0x7fc6166d09a8;  1 drivers
v0x5555758bce50_0 .net *"_ivl_121", 16 0, L_0x555575904730;  1 drivers
L_0x7fc6166d0de0 .functor BUFT 1, C4<0>, C4<0>, C4<0>, C4<0>;
v0x5555758bcf30_0 .net *"_ivl_124", 0 0, L_0x7fc6166d0de0;  1 drivers
v0x5555758bd010_0 .net *"_ivl_125", 16 0, L_0x555575904940;  1 drivers
L_0x7fc6166d0e28 .functor BUFT 1, C4<0>, C4<0>, C4<0>, C4<0>;
v0x5555758bd0f0_0 .net *"_ivl_128", 0 0, L_0x7fc6166d0e28;  1 drivers
v0x5555758bd1d0_0 .net *"_ivl_130", 15 0, L_0x555575904a80;  1 drivers
v0x5555758bd2b0_0 .net *"_ivl_131", 16 0, L_0x555575904c80;  1 drivers
L_0x7fc6166d0e70 .functor BUFT 1, C4<0>, C4<0>, C4<0>, C4<0>;
v0x5555758bd390_0 .net *"_ivl_134", 0 0, L_0x7fc6166d0e70;  1 drivers
v0x5555758bd470_0 .net *"_ivl_135", 16 0, L_0x555575904df0;  1 drivers
v0x5555758bd550_0 .net *"_ivl_137", 16 0, L_0x555575904f00;  1 drivers
L_0x7fc6166d1188 .functor BUFT 1, C4<00000000000000000>, C4<0>, C4<0>, C4<0>;
v0x5555758bd630_0 .net *"_ivl_139", 16 0, L_0x7fc6166d1188;  1 drivers
v0x5555758bd710_0 .net *"_ivl_143", 16 0, L_0x555575904b50;  1 drivers
v0x5555758bd7f0_0 .net *"_ivl_148", 15 0, L_0x555575905290;  1 drivers
v0x5555758bd8d0_0 .net *"_ivl_149", 15 0, L_0x555575904470;  1 drivers
v0x5555758bd9b0_0 .net *"_ivl_15", 7 0, L_0x5555759016e0;  1 drivers
v0x5555758bda90_0 .net *"_ivl_168", 16 0, L_0x555575905f30;  1 drivers
L_0x7fc6166d0f00 .functor BUFT 1, C4<0>, C4<0>, C4<0>, C4<0>;
v0x5555758bdb70_0 .net *"_ivl_171", 0 0, L_0x7fc6166d0f00;  1 drivers
v0x5555758bdc50_0 .net *"_ivl_172", 16 0, L_0x5555759060a0;  1 drivers
L_0x7fc6166d0f48 .functor BUFT 1, C4<0>, C4<0>, C4<0>, C4<0>;
v0x5555758bdd30_0 .net *"_ivl_175", 0 0, L_0x7fc6166d0f48;  1 drivers
v0x5555758bde10_0 .net *"_ivl_177", 15 0, L_0x555575906360;  1 drivers
v0x5555758bdef0_0 .net *"_ivl_178", 16 0, L_0x555575906430;  1 drivers
L_0x7fc6166d09f0 .functor BUFT 1, C4<00000000>, C4<0>, C4<0>, C4<0>;
v0x5555758bdfd0_0 .net/2u *"_ivl_18", 7 0, L_0x7fc6166d09f0;  1 drivers
L_0x7fc6166d0f90 .functor BUFT 1, C4<0>, C4<0>, C4<0>, C4<0>;
v0x5555758be0b0_0 .net *"_ivl_181", 0 0, L_0x7fc6166d0f90;  1 drivers
v0x5555758be190_0 .net *"_ivl_182", 16 0, L_0x555575906730;  1 drivers
v0x5555758be270_0 .net *"_ivl_184", 16 0, L_0x555575905ae0;  1 drivers
L_0x7fc6166d11d0 .functor BUFT 1, C4<00000000000000000>, C4<0>, C4<0>, C4<0>;
v0x5555758be350_0 .net *"_ivl_186", 16 0, L_0x7fc6166d11d0;  1 drivers
v0x5555758be430_0 .net *"_ivl_190", 16 0, L_0x555575906a00;  1 drivers
v0x5555758be510_0 .net *"_ivl_193", 15 0, L_0x555575906c90;  1 drivers
v0x5555758be5f0_0 .net *"_ivl_194", 15 0, L_0x5555759068f0;  1 drivers
v0x5555758be6d0_0 .net *"_ivl_21", 7 0, L_0x555575901940;  1 drivers
L_0x7fc6166d0a38 .functor BUFT 1, C4<00000000>, C4<0>, C4<0>, C4<0>;
v0x5555758be7b0_0 .net/2u *"_ivl_24", 7 0, L_0x7fc6166d0a38;  1 drivers
v0x5555758be890_0 .net *"_ivl_27", 7 0, L_0x555575901b80;  1 drivers
L_0x7fc6166d0a80 .functor BUFT 1, C4<00000000>, C4<0>, C4<0>, C4<0>;
v0x5555758be970_0 .net/2u *"_ivl_30", 7 0, L_0x7fc6166d0a80;  1 drivers
v0x5555758bea50_0 .net *"_ivl_33", 7 0, L_0x555575901db0;  1 drivers
L_0x7fc6166d0ac8 .functor BUFT 1, C4<00000000>, C4<0>, C4<0>, C4<0>;
v0x5555758beb30_0 .net/2u *"_ivl_38", 7 0, L_0x7fc6166d0ac8;  1 drivers
v0x5555758bec10_0 .net *"_ivl_41", 7 0, L_0x555575902120;  1 drivers
v0x5555758becf0_0 .net *"_ivl_42", 15 0, L_0x555575902270;  1 drivers
L_0x7fc6166d0b10 .functor BUFT 1, C4<00000000>, C4<0>, C4<0>, C4<0>;
v0x5555758bedd0_0 .net/2u *"_ivl_46", 7 0, L_0x7fc6166d0b10;  1 drivers
v0x5555758beeb0_0 .net *"_ivl_49", 7 0, L_0x5555759024c0;  1 drivers
v0x5555758bef90_0 .net *"_ivl_50", 15 0, L_0x5555759025b0;  1 drivers
L_0x7fc6166d0b58 .functor BUFT 1, C4<00000000>, C4<0>, C4<0>, C4<0>;
v0x5555758bf070_0 .net/2u *"_ivl_64", 7 0, L_0x7fc6166d0b58;  1 drivers
L_0x7fc6166d0ba0 .functor BUFT 1, C4<00000000>, C4<0>, C4<0>, C4<0>;
v0x5555758bf150_0 .net/2u *"_ivl_68", 7 0, L_0x7fc6166d0ba0;  1 drivers
v0x5555758bf230_0 .net *"_ivl_72", 31 0, L_0x555575902f10;  1 drivers
L_0x7fc6166d0be8 .functor BUFT 1, C4<0000000000000000>, C4<0>, C4<0>, C4<0>;
v0x5555758bf310_0 .net *"_ivl_75", 15 0, L_0x7fc6166d0be8;  1 drivers
v0x5555758bf3f0_0 .net *"_ivl_76", 31 0, L_0x555575903050;  1 drivers
L_0x7fc6166d0c30 .functor BUFT 1, C4<00000000>, C4<0>, C4<0>, C4<0>;
v0x5555758bf4d0_0 .net *"_ivl_79", 7 0, L_0x7fc6166d0c30;  1 drivers
v0x5555758bf5b0_0 .net *"_ivl_80", 31 0, L_0x555575903290;  1 drivers
v0x5555758bf690_0 .net *"_ivl_82", 23 0, L_0x555575902e70;  1 drivers
L_0x7fc6166d0c78 .functor BUFT 1, C4<00000000>, C4<0>, C4<0>, C4<0>;
v0x5555758bf770_0 .net *"_ivl_84", 7 0, L_0x7fc6166d0c78;  1 drivers
v0x5555758bf850_0 .net *"_ivl_86", 31 0, L_0x555575903490;  1 drivers
v0x5555758bf930_0 .net *"_ivl_88", 31 0, L_0x555575903640;  1 drivers
L_0x7fc6166d0cc0 .functor BUFT 1, C4<00000000>, C4<0>, C4<0>, C4<0>;
v0x5555758bfa10_0 .net *"_ivl_91", 7 0, L_0x7fc6166d0cc0;  1 drivers
v0x5555758bfaf0_0 .net *"_ivl_92", 31 0, L_0x555575903940;  1 drivers
v0x5555758bfbd0_0 .net *"_ivl_94", 23 0, L_0x555575903850;  1 drivers
L_0x7fc6166d0d08 .functor BUFT 1, C4<00000000>, C4<0>, C4<0>, C4<0>;
v0x5555758bfcb0_0 .net *"_ivl_96", 7 0, L_0x7fc6166d0d08;  1 drivers
v0x5555758bfd90_0 .net *"_ivl_98", 31 0, L_0x555575903b60;  1 drivers
v0x5555758bfe70_0 .net "clock", 0 0, L_0x555575901280;  1 drivers
v0x5555758bff30_0 .net "iA", 15 0, L_0x555575901410;  1 drivers
v0x5555758c0010_0 .net "iB", 15 0, L_0x5555759014e0;  1 drivers
v0x5555758c00f0_0 .net "iC", 15 0, L_0x555575901370;  1 drivers
v0x5555758c01d0_0 .net "iD", 15 0, L_0x5555759015e0;  1 drivers
v0x5555758c02b0_0 .net "iF", 15 0, L_0x555575902450;  1 drivers
v0x5555758c0390_0 .net "iG", 15 0, L_0x555575902b30;  1 drivers
v0x5555758c0470_0 .net "iH", 31 0, L_0x555575903530;  1 drivers
v0x5555758c0550_0 .net "iJ", 15 0, L_0x555575902960;  1 drivers
v0x5555758c0630_0 .net "iJ_e", 23 0, L_0x555575902d30;  1 drivers
v0x5555758c0710_0 .net "iK", 15 0, L_0x555575902a20;  1 drivers
v0x5555758c07f0_0 .net "iK_e", 23 0, L_0x555575902bf0;  1 drivers
v0x5555758c08d0_0 .net "iL", 31 0, L_0x555575904200;  1 drivers
v0x5555758c09b0_0 .net "iP", 15 0, L_0x555575905520;  1 drivers
v0x5555758c0a90_0 .net "iQ", 15 0, v0x5555758c2420_0;  1 drivers
v0x5555758c0b70_0 .net "iR", 15 0, L_0x555575906e20;  1 drivers
v0x5555758c0c50_0 .net "iS", 15 0, v0x5555758c2500_0;  1 drivers
v0x5555758c0d30_0 .net "iW", 15 0, L_0x555575904390;  1 drivers
v0x5555758c0e10_0 .net "iX", 15 0, L_0x555575904400;  1 drivers
v0x5555758c0ef0_0 .net "iY", 15 0, L_0x555575905a70;  1 drivers
v0x5555758c0fd0_0 .net "iZ", 15 0, L_0x555575905b80;  1 drivers
v0x5555758c10b0_0 .net "p_Ah_Bh", 15 0, L_0x555575901fe0;  1 drivers
v0x5555758c1190_0 .net "p_Ah_Bl", 15 0, L_0x5555759026f0;  1 drivers
v0x5555758c1270_0 .net "p_Al_Bh", 15 0, L_0x555575902360;  1 drivers
v0x5555758c1350_0 .net "p_Al_Bl", 15 0, L_0x5555759027e0;  1 drivers
v0x5555758c1430_0 .var "rA", 15 0;
v0x5555758c1510_0 .var "rB", 15 0;
v0x5555758c15f0_0 .var "rC", 15 0;
v0x5555758c16d0_0 .var "rD", 15 0;
v0x5555758c1fc0_0 .var "rF", 15 0;
v0x5555758c20a0_0 .var "rG", 15 0;
v0x5555758c2180_0 .var "rH", 31 0;
v0x5555758c2260_0 .var "rJ", 15 0;
v0x5555758c2340_0 .var "rK", 15 0;
v0x5555758c2420_0 .var "rQ", 15 0;
v0x5555758c2500_0 .var "rS", 15 0;
E_0x5555758ba4b0 .event posedge, v0x5555758bbfa0_0, v0x5555758bfe70_0;
E_0x5555758ba530 .event posedge, v0x5555758bc060_0, v0x5555758bfe70_0;
E_0x5555758ba590 .event posedge, v0x5555758bb8c0_0, v0x5555758bfe70_0;
E_0x5555758ba5f0 .event posedge, v0x5555758bb980_0, v0x5555758bfe70_0;
L_0x5555759016e0 .part L_0x555575901410, 8, 8;
L_0x555575901800 .concat [ 8 8 0 0], L_0x5555759016e0, L_0x7fc6166d09a8;
L_0x555575901940 .part L_0x555575901410, 0, 8;
L_0x5555759019e0 .concat [ 8 8 0 0], L_0x555575901940, L_0x7fc6166d09f0;
L_0x555575901b80 .part L_0x5555759014e0, 8, 8;
L_0x555575901c70 .concat [ 8 8 0 0], L_0x555575901b80, L_0x7fc6166d0a38;
L_0x555575901db0 .part L_0x5555759014e0, 0, 8;
L_0x555575901e50 .concat [ 8 8 0 0], L_0x555575901db0, L_0x7fc6166d0a80;
L_0x555575901fe0 .arith/mult 16, L_0x555575901800, L_0x555575901c70;
L_0x555575902120 .part L_0x5555759019e0, 0, 8;
L_0x555575902270 .concat [ 8 8 0 0], L_0x555575902120, L_0x7fc6166d0ac8;
L_0x555575902360 .arith/mult 16, L_0x555575902270, L_0x555575901c70;
L_0x5555759024c0 .part L_0x555575901e50, 0, 8;
L_0x5555759025b0 .concat [ 8 8 0 0], L_0x5555759024c0, L_0x7fc6166d0b10;
L_0x5555759026f0 .arith/mult 16, L_0x555575901800, L_0x5555759025b0;
L_0x5555759027e0 .arith/mult 16, L_0x5555759019e0, L_0x555575901e50;
L_0x555575902bf0 .concat [ 16 8 0 0], L_0x555575902a20, L_0x7fc6166d0b58;
L_0x555575902d30 .concat [ 16 8 0 0], L_0x555575902960, L_0x7fc6166d0ba0;
L_0x555575902f10 .concat [ 16 16 0 0], L_0x555575902b30, L_0x7fc6166d0be8;
L_0x555575903050 .concat [ 24 8 0 0], L_0x555575902bf0, L_0x7fc6166d0c30;
L_0x555575902e70 .part L_0x555575903050, 0, 24;
L_0x555575903290 .concat [ 8 24 0 0], L_0x7fc6166d0c78, L_0x555575902e70;
L_0x555575903490 .arith/sum 32, L_0x555575902f10, L_0x555575903290;
L_0x555575903640 .concat [ 24 8 0 0], L_0x555575902d30, L_0x7fc6166d0cc0;
L_0x555575903850 .part L_0x555575903640, 0, 24;
L_0x555575903940 .concat [ 8 24 0 0], L_0x7fc6166d0d08, L_0x555575903850;
L_0x555575903b60 .arith/sum 32, L_0x555575903490, L_0x555575903940;
L_0x555575903ca0 .concat [ 16 16 0 0], L_0x555575902450, L_0x7fc6166d0d50;
L_0x555575903ed0 .part L_0x555575903ca0, 0, 16;
L_0x555575903fc0 .concat [ 16 16 0 0], L_0x7fc6166d0d98, L_0x555575903ed0;
L_0x555575904200 .arith/sum 32, L_0x555575903b60, L_0x555575903fc0;
L_0x5555759044e0 .part L_0x555575904b50, 16, 1;
L_0x555575904690 .part L_0x555575904b50, 0, 16;
L_0x555575904730 .concat [ 16 1 0 0], L_0x555575904400, L_0x7fc6166d0de0;
L_0x555575904940 .concat [ 16 1 0 0], L_0x555575904390, L_0x7fc6166d0e28;
L_0x555575904a80 .repeat 16, 16, o0x7fc616b5a3e8;
L_0x555575904c80 .concat [ 16 1 0 0], L_0x555575904a80, L_0x7fc6166d0e70;
L_0x555575904f00 .arith/sum 17, L_0x555575904730, L_0x555575904df0;
L_0x555575904b50 .arith/sum 17, L_0x555575904f00, L_0x7fc6166d1188;
L_0x555575905290 .repeat 16, 16, o0x7fc616b5a3e8;
L_0x555575905520 .functor MUXZ 16, L_0x555575904470, L_0x555575901370, o0x7fc616b5a898, C4<>;
L_0x555575905870 .part L_0x555575904400, 15, 1;
L_0x555575905bf0 .part L_0x555575906a00, 16, 1;
L_0x555575905cf0 .part L_0x555575906a00, 0, 16;
L_0x555575905f30 .concat [ 16 1 0 0], L_0x555575905b80, L_0x7fc6166d0f00;
L_0x5555759060a0 .concat [ 16 1 0 0], L_0x555575905a70, L_0x7fc6166d0f48;
L_0x555575906360 .repeat 16, 16, o0x7fc616b5a3b8;
L_0x555575906430 .concat [ 16 1 0 0], L_0x555575906360, L_0x7fc6166d0f90;
L_0x555575905ae0 .arith/sum 17, L_0x555575905f30, L_0x555575906730;
L_0x555575906a00 .arith/sum 17, L_0x555575905ae0, L_0x7fc6166d11d0;
L_0x555575906c90 .repeat 16, 16, o0x7fc616b5a3b8;
L_0x555575906e20 .functor MUXZ 16, L_0x5555759068f0, L_0x5555759015e0, o0x7fc616b5a868, C4<>;
L_0x555575907350 .concat [ 16 16 0 0], L_0x555575907290, L_0x5555759057b0;
S_0x5555757df400 .scope module, "SB_PLL40_2F_CORE" "SB_PLL40_2F_CORE" 18 2521;
 .timescale -12 -12;
    .port_info 0 /INPUT 1 "REFERENCECLK";
    .port_info 1 /OUTPUT 1 "PLLOUTCOREA";
    .port_info 2 /OUTPUT 1 "PLLOUTGLOBALA";
    .port_info 3 /OUTPUT 1 "PLLOUTCOREB";
    .port_info 4 /OUTPUT 1 "PLLOUTGLOBALB";
    .port_info 5 /INPUT 1 "EXTFEEDBACK";
    .port_info 6 /INPUT 8 "DYNAMICDELAY";
    .port_info 7 /OUTPUT 1 "LOCK";
    .port_info 8 /INPUT 1 "BYPASS";
    .port_info 9 /INPUT 1 "RESETB";
    .port_info 10 /INPUT 1 "LATCHINPUTVALUE";
    .port_info 11 /OUTPUT 1 "SDO";
    .port_info 12 /INPUT 1 "SDI";
    .port_info 13 /INPUT 1 "SCLK";
P_0x5555756f3b60 .param/str "DELAY_ADJUSTMENT_MODE_FEEDBACK" 0 18 2538, "FIXED";
P_0x5555756f3ba0 .param/str "DELAY_ADJUSTMENT_MODE_RELATIVE" 0 18 2539, "FIXED";
P_0x5555756f3be0 .param/l "DIVF" 0 18 2546, C4<0000000>;
P_0x5555756f3c20 .param/l "DIVQ" 0 18 2547, C4<000>;
P_0x5555756f3c60 .param/l "DIVR" 0 18 2545, C4<0000>;
P_0x5555756f3ca0 .param/l "ENABLE_ICEGATE_PORTA" 0 18 2549, C4<0>;
P_0x5555756f3ce0 .param/l "ENABLE_ICEGATE_PORTB" 0 18 2550, C4<0>;
P_0x5555756f3d20 .param/l "EXTERNAL_DIVIDE_FACTOR" 0 18 2552, +C4<00000000000000000000000000000001>;
P_0x5555756f3d60 .param/l "FDA_FEEDBACK" 0 18 2541, C4<0000>;
P_0x5555756f3da0 .param/l "FDA_RELATIVE" 0 18 2542, C4<0000>;
P_0x5555756f3de0 .param/str "FEEDBACK_PATH" 0 18 2537, "SIMPLE";
P_0x5555756f3e20 .param/l "FILTER_RANGE" 0 18 2548, C4<000>;
P_0x5555756f3e60 .param/str "PLLOUT_SELECT_PORTA" 0 18 2543, "GENCLK";
P_0x5555756f3ea0 .param/str "PLLOUT_SELECT_PORTB" 0 18 2544, "GENCLK";
P_0x5555756f3ee0 .param/l "SHIFTREG_DIV_MODE" 0 18 2540, C4<0>;
P_0x5555756f3f20 .param/l "TEST_MODE" 0 18 2551, C4<0>;
o0x7fc616b5c1b8 .functor BUFZ 1, c4<z>; HiZ drive
v0x5555758c2a20_0 .net "BYPASS", 0 0, o0x7fc616b5c1b8;  0 drivers
o0x7fc616b5c1e8 .functor BUFZ 8, c4<zzzzzzzz>; HiZ drive
v0x5555758c2b00_0 .net "DYNAMICDELAY", 7 0, o0x7fc616b5c1e8;  0 drivers
o0x7fc616b5c218 .functor BUFZ 1, c4<z>; HiZ drive
v0x5555758c2be0_0 .net "EXTFEEDBACK", 0 0, o0x7fc616b5c218;  0 drivers
o0x7fc616b5c248 .functor BUFZ 1, c4<z>; HiZ drive
v0x5555758c2c80_0 .net "LATCHINPUTVALUE", 0 0, o0x7fc616b5c248;  0 drivers
o0x7fc616b5c278 .functor BUFZ 1, c4<z>; HiZ drive
v0x5555758c2d40_0 .net "LOCK", 0 0, o0x7fc616b5c278;  0 drivers
o0x7fc616b5c2a8 .functor BUFZ 1, c4<z>; HiZ drive
v0x5555758c2e00_0 .net "PLLOUTCOREA", 0 0, o0x7fc616b5c2a8;  0 drivers
o0x7fc616b5c2d8 .functor BUFZ 1, c4<z>; HiZ drive
v0x5555758c2ec0_0 .net "PLLOUTCOREB", 0 0, o0x7fc616b5c2d8;  0 drivers
o0x7fc616b5c308 .functor BUFZ 1, c4<z>; HiZ drive
v0x5555758c2f80_0 .net "PLLOUTGLOBALA", 0 0, o0x7fc616b5c308;  0 drivers
o0x7fc616b5c338 .functor BUFZ 1, c4<z>; HiZ drive
v0x5555758c3040_0 .net "PLLOUTGLOBALB", 0 0, o0x7fc616b5c338;  0 drivers
o0x7fc616b5c368 .functor BUFZ 1, c4<z>; HiZ drive
v0x5555758c3100_0 .net "REFERENCECLK", 0 0, o0x7fc616b5c368;  0 drivers
o0x7fc616b5c398 .functor BUFZ 1, c4<z>; HiZ drive
v0x5555758c31c0_0 .net "RESETB", 0 0, o0x7fc616b5c398;  0 drivers
o0x7fc616b5c3c8 .functor BUFZ 1, c4<z>; HiZ drive
v0x5555758c3280_0 .net "SCLK", 0 0, o0x7fc616b5c3c8;  0 drivers
o0x7fc616b5c3f8 .functor BUFZ 1, c4<z>; HiZ drive
v0x5555758c3340_0 .net "SDI", 0 0, o0x7fc616b5c3f8;  0 drivers
o0x7fc616b5c428 .functor BUFZ 1, c4<z>; HiZ drive
v0x5555758c3400_0 .net "SDO", 0 0, o0x7fc616b5c428;  0 drivers
S_0x5555757dec20 .scope module, "SB_PLL40_2F_PAD" "SB_PLL40_2F_PAD" 18 2556;
 .timescale -12 -12;
    .port_info 0 /INPUT 1 "PACKAGEPIN";
    .port_info 1 /OUTPUT 1 "PLLOUTCOREA";
    .port_info 2 /OUTPUT 1 "PLLOUTGLOBALA";
    .port_info 3 /OUTPUT 1 "PLLOUTCOREB";
    .port_info 4 /OUTPUT 1 "PLLOUTGLOBALB";
    .port_info 5 /INPUT 1 "EXTFEEDBACK";
    .port_info 6 /INPUT 8 "DYNAMICDELAY";
    .port_info 7 /OUTPUT 1 "LOCK";
    .port_info 8 /INPUT 1 "BYPASS";
    .port_info 9 /INPUT 1 "RESETB";
    .port_info 10 /INPUT 1 "LATCHINPUTVALUE";
    .port_info 11 /OUTPUT 1 "SDO";
    .port_info 12 /INPUT 1 "SDI";
    .port_info 13 /INPUT 1 "SCLK";
P_0x5555757022d0 .param/str "DELAY_ADJUSTMENT_MODE_FEEDBACK" 0 18 2573, "FIXED";
P_0x555575702310 .param/str "DELAY_ADJUSTMENT_MODE_RELATIVE" 0 18 2574, "FIXED";
P_0x555575702350 .param/l "DIVF" 0 18 2581, C4<0000000>;
P_0x555575702390 .param/l "DIVQ" 0 18 2582, C4<000>;
P_0x5555757023d0 .param/l "DIVR" 0 18 2580, C4<0000>;
P_0x555575702410 .param/l "ENABLE_ICEGATE_PORTA" 0 18 2584, C4<0>;
P_0x555575702450 .param/l "ENABLE_ICEGATE_PORTB" 0 18 2585, C4<0>;
P_0x555575702490 .param/l "EXTERNAL_DIVIDE_FACTOR" 0 18 2587, +C4<00000000000000000000000000000001>;
P_0x5555757024d0 .param/l "FDA_FEEDBACK" 0 18 2576, C4<0000>;
P_0x555575702510 .param/l "FDA_RELATIVE" 0 18 2577, C4<0000>;
P_0x555575702550 .param/str "FEEDBACK_PATH" 0 18 2572, "SIMPLE";
P_0x555575702590 .param/l "FILTER_RANGE" 0 18 2583, C4<000>;
P_0x5555757025d0 .param/str "PLLOUT_SELECT_PORTA" 0 18 2578, "GENCLK";
P_0x555575702610 .param/str "PLLOUT_SELECT_PORTB" 0 18 2579, "GENCLK";
P_0x555575702650 .param/l "SHIFTREG_DIV_MODE" 0 18 2575, C4<00>;
P_0x555575702690 .param/l "TEST_MODE" 0 18 2586, C4<0>;
o0x7fc616b5c6f8 .functor BUFZ 1, c4<z>; HiZ drive
v0x5555758c3680_0 .net "BYPASS", 0 0, o0x7fc616b5c6f8;  0 drivers
o0x7fc616b5c728 .functor BUFZ 8, c4<zzzzzzzz>; HiZ drive
v0x5555758c3760_0 .net "DYNAMICDELAY", 7 0, o0x7fc616b5c728;  0 drivers
o0x7fc616b5c758 .functor BUFZ 1, c4<z>; HiZ drive
v0x5555758c3840_0 .net "EXTFEEDBACK", 0 0, o0x7fc616b5c758;  0 drivers
o0x7fc616b5c788 .functor BUFZ 1, c4<z>; HiZ drive
v0x5555758c38e0_0 .net "LATCHINPUTVALUE", 0 0, o0x7fc616b5c788;  0 drivers
o0x7fc616b5c7b8 .functor BUFZ 1, c4<z>; HiZ drive
v0x5555758c39a0_0 .net "LOCK", 0 0, o0x7fc616b5c7b8;  0 drivers
o0x7fc616b5c7e8 .functor BUFZ 1, c4<z>; HiZ drive
v0x5555758c3a60_0 .net "PACKAGEPIN", 0 0, o0x7fc616b5c7e8;  0 drivers
o0x7fc616b5c818 .functor BUFZ 1, c4<z>; HiZ drive
v0x5555758c3b20_0 .net "PLLOUTCOREA", 0 0, o0x7fc616b5c818;  0 drivers
o0x7fc616b5c848 .functor BUFZ 1, c4<z>; HiZ drive
v0x5555758c3be0_0 .net "PLLOUTCOREB", 0 0, o0x7fc616b5c848;  0 drivers
o0x7fc616b5c878 .functor BUFZ 1, c4<z>; HiZ drive
v0x5555758c3ca0_0 .net "PLLOUTGLOBALA", 0 0, o0x7fc616b5c878;  0 drivers
o0x7fc616b5c8a8 .functor BUFZ 1, c4<z>; HiZ drive
v0x5555758c3df0_0 .net "PLLOUTGLOBALB", 0 0, o0x7fc616b5c8a8;  0 drivers
o0x7fc616b5c8d8 .functor BUFZ 1, c4<z>; HiZ drive
v0x5555758c3eb0_0 .net "RESETB", 0 0, o0x7fc616b5c8d8;  0 drivers
o0x7fc616b5c908 .functor BUFZ 1, c4<z>; HiZ drive
v0x5555758c3f70_0 .net "SCLK", 0 0, o0x7fc616b5c908;  0 drivers
o0x7fc616b5c938 .functor BUFZ 1, c4<z>; HiZ drive
v0x5555758c4030_0 .net "SDI", 0 0, o0x7fc616b5c938;  0 drivers
o0x7fc616b5c968 .functor BUFZ 1, c4<z>; HiZ drive
v0x5555758c40f0_0 .net "SDO", 0 0, o0x7fc616b5c968;  0 drivers
S_0x5555757ddf00 .scope module, "SB_PLL40_2_PAD" "SB_PLL40_2_PAD" 18 2487;
 .timescale -12 -12;
    .port_info 0 /INPUT 1 "PACKAGEPIN";
    .port_info 1 /OUTPUT 1 "PLLOUTCOREA";
    .port_info 2 /OUTPUT 1 "PLLOUTGLOBALA";
    .port_info 3 /OUTPUT 1 "PLLOUTCOREB";
    .port_info 4 /OUTPUT 1 "PLLOUTGLOBALB";
    .port_info 5 /INPUT 1 "EXTFEEDBACK";
    .port_info 6 /INPUT 8 "DYNAMICDELAY";
    .port_info 7 /OUTPUT 1 "LOCK";
    .port_info 8 /INPUT 1 "BYPASS";
    .port_info 9 /INPUT 1 "RESETB";
    .port_info 10 /INPUT 1 "LATCHINPUTVALUE";
    .port_info 11 /OUTPUT 1 "SDO";
    .port_info 12 /INPUT 1 "SDI";
    .port_info 13 /INPUT 1 "SCLK";
P_0x555575703ac0 .param/str "DELAY_ADJUSTMENT_MODE_FEEDBACK" 0 18 2504, "FIXED";
P_0x555575703b00 .param/str "DELAY_ADJUSTMENT_MODE_RELATIVE" 0 18 2505, "FIXED";
P_0x555575703b40 .param/l "DIVF" 0 18 2511, C4<0000000>;
P_0x555575703b80 .param/l "DIVQ" 0 18 2512, C4<000>;
P_0x555575703bc0 .param/l "DIVR" 0 18 2510, C4<0000>;
P_0x555575703c00 .param/l "ENABLE_ICEGATE_PORTA" 0 18 2514, C4<0>;
P_0x555575703c40 .param/l "ENABLE_ICEGATE_PORTB" 0 18 2515, C4<0>;
P_0x555575703c80 .param/l "EXTERNAL_DIVIDE_FACTOR" 0 18 2517, +C4<00000000000000000000000000000001>;
P_0x555575703cc0 .param/l "FDA_FEEDBACK" 0 18 2507, C4<0000>;
P_0x555575703d00 .param/l "FDA_RELATIVE" 0 18 2508, C4<0000>;
P_0x555575703d40 .param/str "FEEDBACK_PATH" 0 18 2503, "SIMPLE";
P_0x555575703d80 .param/l "FILTER_RANGE" 0 18 2513, C4<000>;
P_0x555575703dc0 .param/str "PLLOUT_SELECT_PORTB" 0 18 2509, "GENCLK";
P_0x555575703e00 .param/l "SHIFTREG_DIV_MODE" 0 18 2506, C4<0>;
P_0x555575703e40 .param/l "TEST_MODE" 0 18 2516, C4<0>;
o0x7fc616b5cc38 .functor BUFZ 1, c4<z>; HiZ drive
v0x5555758c4370_0 .net "BYPASS", 0 0, o0x7fc616b5cc38;  0 drivers
o0x7fc616b5cc68 .functor BUFZ 8, c4<zzzzzzzz>; HiZ drive
v0x5555758c4450_0 .net "DYNAMICDELAY", 7 0, o0x7fc616b5cc68;  0 drivers
o0x7fc616b5cc98 .functor BUFZ 1, c4<z>; HiZ drive
v0x5555758c4530_0 .net "EXTFEEDBACK", 0 0, o0x7fc616b5cc98;  0 drivers
o0x7fc616b5ccc8 .functor BUFZ 1, c4<z>; HiZ drive
v0x5555758c45d0_0 .net "LATCHINPUTVALUE", 0 0, o0x7fc616b5ccc8;  0 drivers
o0x7fc616b5ccf8 .functor BUFZ 1, c4<z>; HiZ drive
v0x5555758c4690_0 .net "LOCK", 0 0, o0x7fc616b5ccf8;  0 drivers
o0x7fc616b5cd28 .functor BUFZ 1, c4<z>; HiZ drive
v0x5555758c4750_0 .net "PACKAGEPIN", 0 0, o0x7fc616b5cd28;  0 drivers
o0x7fc616b5cd58 .functor BUFZ 1, c4<z>; HiZ drive
v0x5555758c4810_0 .net "PLLOUTCOREA", 0 0, o0x7fc616b5cd58;  0 drivers
o0x7fc616b5cd88 .functor BUFZ 1, c4<z>; HiZ drive
v0x5555758c48d0_0 .net "PLLOUTCOREB", 0 0, o0x7fc616b5cd88;  0 drivers
o0x7fc616b5cdb8 .functor BUFZ 1, c4<z>; HiZ drive
v0x5555758c4990_0 .net "PLLOUTGLOBALA", 0 0, o0x7fc616b5cdb8;  0 drivers
o0x7fc616b5cde8 .functor BUFZ 1, c4<z>; HiZ drive
v0x5555758c4ae0_0 .net "PLLOUTGLOBALB", 0 0, o0x7fc616b5cde8;  0 drivers
o0x7fc616b5ce18 .functor BUFZ 1, c4<z>; HiZ drive
v0x5555758c4ba0_0 .net "RESETB", 0 0, o0x7fc616b5ce18;  0 drivers
o0x7fc616b5ce48 .functor BUFZ 1, c4<z>; HiZ drive
v0x5555758c4c60_0 .net "SCLK", 0 0, o0x7fc616b5ce48;  0 drivers
o0x7fc616b5ce78 .functor BUFZ 1, c4<z>; HiZ drive
v0x5555758c4d20_0 .net "SDI", 0 0, o0x7fc616b5ce78;  0 drivers
o0x7fc616b5cea8 .functor BUFZ 1, c4<z>; HiZ drive
v0x5555758c4de0_0 .net "SDO", 0 0, o0x7fc616b5cea8;  0 drivers
S_0x5555757dd720 .scope module, "SB_PLL40_CORE" "SB_PLL40_CORE" 18 2425;
 .timescale -12 -12;
    .port_info 0 /INPUT 1 "REFERENCECLK";
    .port_info 1 /OUTPUT 1 "PLLOUTCORE";
    .port_info 2 /OUTPUT 1 "PLLOUTGLOBAL";
    .port_info 3 /INPUT 1 "EXTFEEDBACK";
    .port_info 4 /INPUT 8 "DYNAMICDELAY";
    .port_info 5 /OUTPUT 1 "LOCK";
    .port_info 6 /INPUT 1 "BYPASS";
    .port_info 7 /INPUT 1 "RESETB";
    .port_info 8 /INPUT 1 "LATCHINPUTVALUE";
    .port_info 9 /OUTPUT 1 "SDO";
    .port_info 10 /INPUT 1 "SDI";
    .port_info 11 /INPUT 1 "SCLK";
P_0x5555756c7900 .param/str "DELAY_ADJUSTMENT_MODE_FEEDBACK" 0 18 2440, "FIXED";
P_0x5555756c7940 .param/str "DELAY_ADJUSTMENT_MODE_RELATIVE" 0 18 2441, "FIXED";
P_0x5555756c7980 .param/l "DIVF" 0 18 2447, C4<0000000>;
P_0x5555756c79c0 .param/l "DIVQ" 0 18 2448, C4<000>;
P_0x5555756c7a00 .param/l "DIVR" 0 18 2446, C4<0000>;
P_0x5555756c7a40 .param/l "ENABLE_ICEGATE" 0 18 2450, C4<0>;
P_0x5555756c7a80 .param/l "EXTERNAL_DIVIDE_FACTOR" 0 18 2452, +C4<00000000000000000000000000000001>;
P_0x5555756c7ac0 .param/l "FDA_FEEDBACK" 0 18 2443, C4<0000>;
P_0x5555756c7b00 .param/l "FDA_RELATIVE" 0 18 2444, C4<0000>;
P_0x5555756c7b40 .param/str "FEEDBACK_PATH" 0 18 2439, "SIMPLE";
P_0x5555756c7b80 .param/l "FILTER_RANGE" 0 18 2449, C4<000>;
P_0x5555756c7bc0 .param/str "PLLOUT_SELECT" 0 18 2445, "GENCLK";
P_0x5555756c7c00 .param/l "SHIFTREG_DIV_MODE" 0 18 2442, C4<0>;
P_0x5555756c7c40 .param/l "TEST_MODE" 0 18 2451, C4<0>;
o0x7fc616b5d178 .functor BUFZ 1, c4<z>; HiZ drive
v0x5555758c5060_0 .net "BYPASS", 0 0, o0x7fc616b5d178;  0 drivers
o0x7fc616b5d1a8 .functor BUFZ 8, c4<zzzzzzzz>; HiZ drive
v0x5555758c5140_0 .net "DYNAMICDELAY", 7 0, o0x7fc616b5d1a8;  0 drivers
o0x7fc616b5d1d8 .functor BUFZ 1, c4<z>; HiZ drive
v0x5555758c5220_0 .net "EXTFEEDBACK", 0 0, o0x7fc616b5d1d8;  0 drivers
o0x7fc616b5d208 .functor BUFZ 1, c4<z>; HiZ drive
v0x5555758c52c0_0 .net "LATCHINPUTVALUE", 0 0, o0x7fc616b5d208;  0 drivers
o0x7fc616b5d238 .functor BUFZ 1, c4<z>; HiZ drive
v0x5555758c5380_0 .net "LOCK", 0 0, o0x7fc616b5d238;  0 drivers
o0x7fc616b5d268 .functor BUFZ 1, c4<z>; HiZ drive
v0x5555758c5440_0 .net "PLLOUTCORE", 0 0, o0x7fc616b5d268;  0 drivers
o0x7fc616b5d298 .functor BUFZ 1, c4<z>; HiZ drive
v0x5555758c5500_0 .net "PLLOUTGLOBAL", 0 0, o0x7fc616b5d298;  0 drivers
o0x7fc616b5d2c8 .functor BUFZ 1, c4<z>; HiZ drive
v0x5555758c55c0_0 .net "REFERENCECLK", 0 0, o0x7fc616b5d2c8;  0 drivers
o0x7fc616b5d2f8 .functor BUFZ 1, c4<z>; HiZ drive
v0x5555758c5680_0 .net "RESETB", 0 0, o0x7fc616b5d2f8;  0 drivers
o0x7fc616b5d328 .functor BUFZ 1, c4<z>; HiZ drive
v0x5555758c57d0_0 .net "SCLK", 0 0, o0x7fc616b5d328;  0 drivers
o0x7fc616b5d358 .functor BUFZ 1, c4<z>; HiZ drive
v0x5555758c5890_0 .net "SDI", 0 0, o0x7fc616b5d358;  0 drivers
o0x7fc616b5d388 .functor BUFZ 1, c4<z>; HiZ drive
v0x5555758c5950_0 .net "SDO", 0 0, o0x7fc616b5d388;  0 drivers
S_0x5555757dc220 .scope module, "SB_PLL40_PAD" "SB_PLL40_PAD" 18 2456;
 .timescale -12 -12;
    .port_info 0 /INPUT 1 "PACKAGEPIN";
    .port_info 1 /OUTPUT 1 "PLLOUTCORE";
    .port_info 2 /OUTPUT 1 "PLLOUTGLOBAL";
    .port_info 3 /INPUT 1 "EXTFEEDBACK";
    .port_info 4 /INPUT 8 "DYNAMICDELAY";
    .port_info 5 /OUTPUT 1 "LOCK";
    .port_info 6 /INPUT 1 "BYPASS";
    .port_info 7 /INPUT 1 "RESETB";
    .port_info 8 /INPUT 1 "LATCHINPUTVALUE";
    .port_info 9 /OUTPUT 1 "SDO";
    .port_info 10 /INPUT 1 "SDI";
    .port_info 11 /INPUT 1 "SCLK";
P_0x5555756cf010 .param/str "DELAY_ADJUSTMENT_MODE_FEEDBACK" 0 18 2471, "FIXED";
P_0x5555756cf050 .param/str "DELAY_ADJUSTMENT_MODE_RELATIVE" 0 18 2472, "FIXED";
P_0x5555756cf090 .param/l "DIVF" 0 18 2478, C4<0000000>;
P_0x5555756cf0d0 .param/l "DIVQ" 0 18 2479, C4<000>;
P_0x5555756cf110 .param/l "DIVR" 0 18 2477, C4<0000>;
P_0x5555756cf150 .param/l "ENABLE_ICEGATE" 0 18 2481, C4<0>;
P_0x5555756cf190 .param/l "EXTERNAL_DIVIDE_FACTOR" 0 18 2483, +C4<00000000000000000000000000000001>;
P_0x5555756cf1d0 .param/l "FDA_FEEDBACK" 0 18 2474, C4<0000>;
P_0x5555756cf210 .param/l "FDA_RELATIVE" 0 18 2475, C4<0000>;
P_0x5555756cf250 .param/str "FEEDBACK_PATH" 0 18 2470, "SIMPLE";
P_0x5555756cf290 .param/l "FILTER_RANGE" 0 18 2480, C4<000>;
P_0x5555756cf2d0 .param/str "PLLOUT_SELECT" 0 18 2476, "GENCLK";
P_0x5555756cf310 .param/l "SHIFTREG_DIV_MODE" 0 18 2473, C4<0>;
P_0x5555756cf350 .param/l "TEST_MODE" 0 18 2482, C4<0>;
o0x7fc616b5d5f8 .functor BUFZ 1, c4<z>; HiZ drive
v0x5555758c5c00_0 .net "BYPASS", 0 0, o0x7fc616b5d5f8;  0 drivers
o0x7fc616b5d628 .functor BUFZ 8, c4<zzzzzzzz>; HiZ drive
v0x5555758c5ce0_0 .net "DYNAMICDELAY", 7 0, o0x7fc616b5d628;  0 drivers
o0x7fc616b5d658 .functor BUFZ 1, c4<z>; HiZ drive
v0x5555758c5dc0_0 .net "EXTFEEDBACK", 0 0, o0x7fc616b5d658;  0 drivers
o0x7fc616b5d688 .functor BUFZ 1, c4<z>; HiZ drive
v0x5555758c5e60_0 .net "LATCHINPUTVALUE", 0 0, o0x7fc616b5d688;  0 drivers
o0x7fc616b5d6b8 .functor BUFZ 1, c4<z>; HiZ drive
v0x5555758c5f20_0 .net "LOCK", 0 0, o0x7fc616b5d6b8;  0 drivers
o0x7fc616b5d6e8 .functor BUFZ 1, c4<z>; HiZ drive
v0x5555758c5fe0_0 .net "PACKAGEPIN", 0 0, o0x7fc616b5d6e8;  0 drivers
o0x7fc616b5d718 .functor BUFZ 1, c4<z>; HiZ drive
v0x5555758c60a0_0 .net "PLLOUTCORE", 0 0, o0x7fc616b5d718;  0 drivers
o0x7fc616b5d748 .functor BUFZ 1, c4<z>; HiZ drive
v0x5555758c6160_0 .net "PLLOUTGLOBAL", 0 0, o0x7fc616b5d748;  0 drivers
o0x7fc616b5d778 .functor BUFZ 1, c4<z>; HiZ drive
v0x5555758c6220_0 .net "RESETB", 0 0, o0x7fc616b5d778;  0 drivers
o0x7fc616b5d7a8 .functor BUFZ 1, c4<z>; HiZ drive
v0x5555758c6370_0 .net "SCLK", 0 0, o0x7fc616b5d7a8;  0 drivers
o0x7fc616b5d7d8 .functor BUFZ 1, c4<z>; HiZ drive
v0x5555758c6430_0 .net "SDI", 0 0, o0x7fc616b5d7d8;  0 drivers
o0x7fc616b5d808 .functor BUFZ 1, c4<z>; HiZ drive
v0x5555758c64f0_0 .net "SDO", 0 0, o0x7fc616b5d808;  0 drivers
S_0x5555757dae40 .scope module, "SB_RAM40_4KNR" "SB_RAM40_4KNR" 18 1726;
 .timescale -12 -12;
    .port_info 0 /OUTPUT 16 "RDATA";
    .port_info 1 /INPUT 1 "RCLKN";
    .port_info 2 /INPUT 1 "RCLKE";
    .port_info 3 /INPUT 1 "RE";
    .port_info 4 /INPUT 11 "RADDR";
    .port_info 5 /INPUT 1 "WCLK";
    .port_info 6 /INPUT 1 "WCLKE";
    .port_info 7 /INPUT 1 "WE";
    .port_info 8 /INPUT 11 "WADDR";
    .port_info 9 /INPUT 16 "MASK";
    .port_info 10 /INPUT 16 "WDATA";
P_0x5555756ca460 .param/l "INIT_0" 0 18 1742, C4<0000000000000000000000000000000000000000000000000000000000000000000000000000000000000000000000000000000000000000000000000000000000000000000000000000000000000000000000000000000000000000000000000000000000000000000000000000000000000000000000000000000000000000>;
P_0x5555756ca4a0 .param/l "INIT_1" 0 18 1743, C4<0000000000000000000000000000000000000000000000000000000000000000000000000000000000000000000000000000000000000000000000000000000000000000000000000000000000000000000000000000000000000000000000000000000000000000000000000000000000000000000000000000000000000000>;
P_0x5555756ca4e0 .param/l "INIT_2" 0 18 1744, C4<0000000000000000000000000000000000000000000000000000000000000000000000000000000000000000000000000000000000000000000000000000000000000000000000000000000000000000000000000000000000000000000000000000000000000000000000000000000000000000000000000000000000000000>;
P_0x5555756ca520 .param/l "INIT_3" 0 18 1745, C4<0000000000000000000000000000000000000000000000000000000000000000000000000000000000000000000000000000000000000000000000000000000000000000000000000000000000000000000000000000000000000000000000000000000000000000000000000000000000000000000000000000000000000000>;
P_0x5555756ca560 .param/l "INIT_4" 0 18 1746, C4<0000000000000000000000000000000000000000000000000000000000000000000000000000000000000000000000000000000000000000000000000000000000000000000000000000000000000000000000000000000000000000000000000000000000000000000000000000000000000000000000000000000000000000>;
P_0x5555756ca5a0 .param/l "INIT_5" 0 18 1747, C4<0000000000000000000000000000000000000000000000000000000000000000000000000000000000000000000000000000000000000000000000000000000000000000000000000000000000000000000000000000000000000000000000000000000000000000000000000000000000000000000000000000000000000000>;
P_0x5555756ca5e0 .param/l "INIT_6" 0 18 1748, C4<0000000000000000000000000000000000000000000000000000000000000000000000000000000000000000000000000000000000000000000000000000000000000000000000000000000000000000000000000000000000000000000000000000000000000000000000000000000000000000000000000000000000000000>;
P_0x5555756ca620 .param/l "INIT_7" 0 18 1749, C4<0000000000000000000000000000000000000000000000000000000000000000000000000000000000000000000000000000000000000000000000000000000000000000000000000000000000000000000000000000000000000000000000000000000000000000000000000000000000000000000000000000000000000000>;
P_0x5555756ca660 .param/l "INIT_8" 0 18 1750, C4<0000000000000000000000000000000000000000000000000000000000000000000000000000000000000000000000000000000000000000000000000000000000000000000000000000000000000000000000000000000000000000000000000000000000000000000000000000000000000000000000000000000000000000>;
P_0x5555756ca6a0 .param/l "INIT_9" 0 18 1751, C4<0000000000000000000000000000000000000000000000000000000000000000000000000000000000000000000000000000000000000000000000000000000000000000000000000000000000000000000000000000000000000000000000000000000000000000000000000000000000000000000000000000000000000000>;
P_0x5555756ca6e0 .param/l "INIT_A" 0 18 1752, C4<0000000000000000000000000000000000000000000000000000000000000000000000000000000000000000000000000000000000000000000000000000000000000000000000000000000000000000000000000000000000000000000000000000000000000000000000000000000000000000000000000000000000000000>;
P_0x5555756ca720 .param/l "INIT_B" 0 18 1753, C4<0000000000000000000000000000000000000000000000000000000000000000000000000000000000000000000000000000000000000000000000000000000000000000000000000000000000000000000000000000000000000000000000000000000000000000000000000000000000000000000000000000000000000000>;
P_0x5555756ca760 .param/l "INIT_C" 0 18 1754, C4<0000000000000000000000000000000000000000000000000000000000000000000000000000000000000000000000000000000000000000000000000000000000000000000000000000000000000000000000000000000000000000000000000000000000000000000000000000000000000000000000000000000000000000>;
P_0x5555756ca7a0 .param/l "INIT_D" 0 18 1755, C4<0000000000000000000000000000000000000000000000000000000000000000000000000000000000000000000000000000000000000000000000000000000000000000000000000000000000000000000000000000000000000000000000000000000000000000000000000000000000000000000000000000000000000000>;
P_0x5555756ca7e0 .param/l "INIT_E" 0 18 1756, C4<0000000000000000000000000000000000000000000000000000000000000000000000000000000000000000000000000000000000000000000000000000000000000000000000000000000000000000000000000000000000000000000000000000000000000000000000000000000000000000000000000000000000000000>;
P_0x5555756ca820 .param/l "INIT_F" 0 18 1757, C4<0000000000000000000000000000000000000000000000000000000000000000000000000000000000000000000000000000000000000000000000000000000000000000000000000000000000000000000000000000000000000000000000000000000000000000000000000000000000000000000000000000000000000000>;
P_0x5555756ca860 .param/str "INIT_FILE" 0 18 1759, "\000";
P_0x5555756ca8a0 .param/l "READ_MODE" 0 18 1740, +C4<00000000000000000000000000000000>;
P_0x5555756ca8e0 .param/l "WRITE_MODE" 0 18 1739, +C4<00000000000000000000000000000000>;
o0x7fc616b5df88 .functor BUFZ 1, c4<z>; HiZ drive
L_0x5555759076d0 .functor NOT 1, o0x7fc616b5df88, C4<0>, C4<0>, C4<0>;
o0x7fc616b5da78 .functor BUFZ 16, c4<zzzzzzzzzzzzzzzz>; HiZ drive
v0x5555758c9ec0_0 .net "MASK", 15 0, o0x7fc616b5da78;  0 drivers
o0x7fc616b5daa8 .functor BUFZ 11, c4<zzzzzzzzzzz>; HiZ drive
v0x5555758c9fa0_0 .net "RADDR", 10 0, o0x7fc616b5daa8;  0 drivers
o0x7fc616b5db08 .functor BUFZ 1, c4<z>; HiZ drive
v0x5555758ca070_0 .net "RCLKE", 0 0, o0x7fc616b5db08;  0 drivers
v0x5555758ca170_0 .net "RCLKN", 0 0, o0x7fc616b5df88;  0 drivers
v0x5555758ca210_0 .net "RDATA", 15 0, L_0x555575907610;  1 drivers
o0x7fc616b5db98 .functor BUFZ 1, c4<z>; HiZ drive
v0x5555758ca2b0_0 .net "RE", 0 0, o0x7fc616b5db98;  0 drivers
o0x7fc616b5dbf8 .functor BUFZ 11, c4<zzzzzzzzzzz>; HiZ drive
v0x5555758ca380_0 .net "WADDR", 10 0, o0x7fc616b5dbf8;  0 drivers
o0x7fc616b5dc28 .functor BUFZ 1, c4<z>; HiZ drive
v0x5555758ca450_0 .net "WCLK", 0 0, o0x7fc616b5dc28;  0 drivers
o0x7fc616b5dc58 .functor BUFZ 1, c4<z>; HiZ drive
v0x5555758ca520_0 .net "WCLKE", 0 0, o0x7fc616b5dc58;  0 drivers
o0x7fc616b5dc88 .functor BUFZ 16, c4<zzzzzzzzzzzzzzzz>; HiZ drive
v0x5555758ca5f0_0 .net "WDATA", 15 0, o0x7fc616b5dc88;  0 drivers
o0x7fc616b5dce8 .functor BUFZ 1, c4<z>; HiZ drive
v0x5555758ca6c0_0 .net "WE", 0 0, o0x7fc616b5dce8;  0 drivers
S_0x5555758c67a0 .scope module, "RAM" "SB_RAM40_4K" 18 1781, 18 1487 0, S_0x5555757dae40;
 .timescale -12 -12;
    .port_info 0 /OUTPUT 16 "RDATA";
    .port_info 1 /INPUT 1 "RCLK";
    .port_info 2 /INPUT 1 "RCLKE";
    .port_info 3 /INPUT 1 "RE";
    .port_info 4 /INPUT 11 "RADDR";
    .port_info 5 /INPUT 1 "WCLK";
    .port_info 6 /INPUT 1 "WCLKE";
    .port_info 7 /INPUT 1 "WE";
    .port_info 8 /INPUT 11 "WADDR";
    .port_info 9 /INPUT 16 "MASK";
    .port_info 10 /INPUT 16 "WDATA";
P_0x5555758c6950 .param/l "INIT_0" 0 18 1507, C4<0000000000000000000000000000000000000000000000000000000000000000000000000000000000000000000000000000000000000000000000000000000000000000000000000000000000000000000000000000000000000000000000000000000000000000000000000000000000000000000000000000000000000000>;
P_0x5555758c6990 .param/l "INIT_1" 0 18 1508, C4<0000000000000000000000000000000000000000000000000000000000000000000000000000000000000000000000000000000000000000000000000000000000000000000000000000000000000000000000000000000000000000000000000000000000000000000000000000000000000000000000000000000000000000>;
P_0x5555758c69d0 .param/l "INIT_2" 0 18 1509, C4<0000000000000000000000000000000000000000000000000000000000000000000000000000000000000000000000000000000000000000000000000000000000000000000000000000000000000000000000000000000000000000000000000000000000000000000000000000000000000000000000000000000000000000>;
P_0x5555758c6a10 .param/l "INIT_3" 0 18 1510, C4<0000000000000000000000000000000000000000000000000000000000000000000000000000000000000000000000000000000000000000000000000000000000000000000000000000000000000000000000000000000000000000000000000000000000000000000000000000000000000000000000000000000000000000>;
P_0x5555758c6a50 .param/l "INIT_4" 0 18 1511, C4<0000000000000000000000000000000000000000000000000000000000000000000000000000000000000000000000000000000000000000000000000000000000000000000000000000000000000000000000000000000000000000000000000000000000000000000000000000000000000000000000000000000000000000>;
P_0x5555758c6a90 .param/l "INIT_5" 0 18 1512, C4<0000000000000000000000000000000000000000000000000000000000000000000000000000000000000000000000000000000000000000000000000000000000000000000000000000000000000000000000000000000000000000000000000000000000000000000000000000000000000000000000000000000000000000>;
P_0x5555758c6ad0 .param/l "INIT_6" 0 18 1513, C4<0000000000000000000000000000000000000000000000000000000000000000000000000000000000000000000000000000000000000000000000000000000000000000000000000000000000000000000000000000000000000000000000000000000000000000000000000000000000000000000000000000000000000000>;
P_0x5555758c6b10 .param/l "INIT_7" 0 18 1514, C4<0000000000000000000000000000000000000000000000000000000000000000000000000000000000000000000000000000000000000000000000000000000000000000000000000000000000000000000000000000000000000000000000000000000000000000000000000000000000000000000000000000000000000000>;
P_0x5555758c6b50 .param/l "INIT_8" 0 18 1515, C4<0000000000000000000000000000000000000000000000000000000000000000000000000000000000000000000000000000000000000000000000000000000000000000000000000000000000000000000000000000000000000000000000000000000000000000000000000000000000000000000000000000000000000000>;
P_0x5555758c6b90 .param/l "INIT_9" 0 18 1516, C4<0000000000000000000000000000000000000000000000000000000000000000000000000000000000000000000000000000000000000000000000000000000000000000000000000000000000000000000000000000000000000000000000000000000000000000000000000000000000000000000000000000000000000000>;
P_0x5555758c6bd0 .param/l "INIT_A" 0 18 1517, C4<0000000000000000000000000000000000000000000000000000000000000000000000000000000000000000000000000000000000000000000000000000000000000000000000000000000000000000000000000000000000000000000000000000000000000000000000000000000000000000000000000000000000000000>;
P_0x5555758c6c10 .param/l "INIT_B" 0 18 1518, C4<0000000000000000000000000000000000000000000000000000000000000000000000000000000000000000000000000000000000000000000000000000000000000000000000000000000000000000000000000000000000000000000000000000000000000000000000000000000000000000000000000000000000000000>;
P_0x5555758c6c50 .param/l "INIT_C" 0 18 1519, C4<0000000000000000000000000000000000000000000000000000000000000000000000000000000000000000000000000000000000000000000000000000000000000000000000000000000000000000000000000000000000000000000000000000000000000000000000000000000000000000000000000000000000000000>;
P_0x5555758c6c90 .param/l "INIT_D" 0 18 1520, C4<0000000000000000000000000000000000000000000000000000000000000000000000000000000000000000000000000000000000000000000000000000000000000000000000000000000000000000000000000000000000000000000000000000000000000000000000000000000000000000000000000000000000000000>;
P_0x5555758c6cd0 .param/l "INIT_E" 0 18 1521, C4<0000000000000000000000000000000000000000000000000000000000000000000000000000000000000000000000000000000000000000000000000000000000000000000000000000000000000000000000000000000000000000000000000000000000000000000000000000000000000000000000000000000000000000>;
P_0x5555758c6d10 .param/l "INIT_F" 0 18 1522, C4<0000000000000000000000000000000000000000000000000000000000000000000000000000000000000000000000000000000000000000000000000000000000000000000000000000000000000000000000000000000000000000000000000000000000000000000000000000000000000000000000000000000000000000>;
P_0x5555758c6d50 .param/str "INIT_FILE" 0 18 1524, "\000";
P_0x5555758c6d90 .param/l "READ_MODE" 0 18 1505, +C4<00000000000000000000000000000000>;
P_0x5555758c6dd0 .param/l "WRITE_MODE" 0 18 1504, +C4<00000000000000000000000000000000>;
v0x5555758c8db0_0 .net "MASK", 15 0, o0x7fc616b5da78;  alias, 0 drivers
v0x5555758c8e70_0 .net "RADDR", 10 0, o0x7fc616b5daa8;  alias, 0 drivers
v0x5555758c8f50_0 .net "RCLK", 0 0, L_0x5555759076d0;  1 drivers
v0x5555758c9020_0 .net "RCLKE", 0 0, o0x7fc616b5db08;  alias, 0 drivers
v0x5555758c90e0_0 .net "RDATA", 15 0, L_0x555575907610;  alias, 1 drivers
v0x5555758c9210_0 .var "RDATA_I", 15 0;
v0x5555758c92f0_0 .net "RE", 0 0, o0x7fc616b5db98;  alias, 0 drivers
L_0x7fc6166d1020 .functor BUFT 1, C4<0000000000000000>, C4<0>, C4<0>, C4<0>;
v0x5555758c93b0_0 .net "RMASK_I", 15 0, L_0x7fc6166d1020;  1 drivers
v0x5555758c9490_0 .net "WADDR", 10 0, o0x7fc616b5dbf8;  alias, 0 drivers
v0x5555758c9570_0 .net "WCLK", 0 0, o0x7fc616b5dc28;  alias, 0 drivers
v0x5555758c9630_0 .net "WCLKE", 0 0, o0x7fc616b5dc58;  alias, 0 drivers
v0x5555758c96f0_0 .net "WDATA", 15 0, o0x7fc616b5dc88;  alias, 0 drivers
v0x5555758c97d0_0 .net "WDATA_I", 15 0, L_0x555575907550;  1 drivers
v0x5555758c98b0_0 .net "WE", 0 0, o0x7fc616b5dce8;  alias, 0 drivers
v0x5555758c9970_0 .net "WMASK_I", 15 0, L_0x555575907490;  1 drivers
v0x5555758c9a50_0 .var/i "i", 31 0;
v0x5555758c9b30 .array "memory", 255 0, 15 0;
E_0x5555758c84e0 .event posedge, v0x5555758c8f50_0;
E_0x5555758c8560 .event posedge, v0x5555758c9570_0;
S_0x5555758c85c0 .scope generate, "genblk1" "genblk1" 18 1534, 18 1534 0, S_0x5555758c67a0;
 .timescale -12 -12;
L_0x555575907490 .functor BUFZ 16, o0x7fc616b5da78, C4<0000000000000000>, C4<0000000000000000>, C4<0000000000000000>;
S_0x5555758c87c0 .scope generate, "genblk2" "genblk2" 18 1555, 18 1555 0, S_0x5555758c67a0;
 .timescale -12 -12;
S_0x5555758c89c0 .scope generate, "genblk3" "genblk3" 18 1576, 18 1576 0, S_0x5555758c67a0;
 .timescale -12 -12;
L_0x555575907550 .functor BUFZ 16, o0x7fc616b5dc88, C4<0000000000000000>, C4<0000000000000000>, C4<0000000000000000>;
S_0x5555758c8bd0 .scope generate, "genblk4" "genblk4" 18 1595, 18 1595 0, S_0x5555758c67a0;
 .timescale -12 -12;
L_0x555575907610 .functor BUFZ 16, v0x5555758c9210_0, C4<0000000000000000>, C4<0000000000000000>, C4<0000000000000000>;
S_0x5555757d9cb0 .scope module, "SB_RAM40_4KNRNW" "SB_RAM40_4KNRNW" 18 1998;
 .timescale -12 -12;
    .port_info 0 /OUTPUT 16 "RDATA";
    .port_info 1 /INPUT 1 "RCLKN";
    .port_info 2 /INPUT 1 "RCLKE";
    .port_info 3 /INPUT 1 "RE";
    .port_info 4 /INPUT 11 "RADDR";
    .port_info 5 /INPUT 1 "WCLKN";
    .port_info 6 /INPUT 1 "WCLKE";
    .port_info 7 /INPUT 1 "WE";
    .port_info 8 /INPUT 11 "WADDR";
    .port_info 9 /INPUT 16 "MASK";
    .port_info 10 /INPUT 16 "WDATA";
P_0x55557564bf50 .param/l "INIT_0" 0 18 2014, C4<0000000000000000000000000000000000000000000000000000000000000000000000000000000000000000000000000000000000000000000000000000000000000000000000000000000000000000000000000000000000000000000000000000000000000000000000000000000000000000000000000000000000000000>;
P_0x55557564bf90 .param/l "INIT_1" 0 18 2015, C4<0000000000000000000000000000000000000000000000000000000000000000000000000000000000000000000000000000000000000000000000000000000000000000000000000000000000000000000000000000000000000000000000000000000000000000000000000000000000000000000000000000000000000000>;
P_0x55557564bfd0 .param/l "INIT_2" 0 18 2016, C4<0000000000000000000000000000000000000000000000000000000000000000000000000000000000000000000000000000000000000000000000000000000000000000000000000000000000000000000000000000000000000000000000000000000000000000000000000000000000000000000000000000000000000000>;
P_0x55557564c010 .param/l "INIT_3" 0 18 2017, C4<0000000000000000000000000000000000000000000000000000000000000000000000000000000000000000000000000000000000000000000000000000000000000000000000000000000000000000000000000000000000000000000000000000000000000000000000000000000000000000000000000000000000000000>;
P_0x55557564c050 .param/l "INIT_4" 0 18 2018, C4<0000000000000000000000000000000000000000000000000000000000000000000000000000000000000000000000000000000000000000000000000000000000000000000000000000000000000000000000000000000000000000000000000000000000000000000000000000000000000000000000000000000000000000>;
P_0x55557564c090 .param/l "INIT_5" 0 18 2019, C4<0000000000000000000000000000000000000000000000000000000000000000000000000000000000000000000000000000000000000000000000000000000000000000000000000000000000000000000000000000000000000000000000000000000000000000000000000000000000000000000000000000000000000000>;
P_0x55557564c0d0 .param/l "INIT_6" 0 18 2020, C4<0000000000000000000000000000000000000000000000000000000000000000000000000000000000000000000000000000000000000000000000000000000000000000000000000000000000000000000000000000000000000000000000000000000000000000000000000000000000000000000000000000000000000000>;
P_0x55557564c110 .param/l "INIT_7" 0 18 2021, C4<0000000000000000000000000000000000000000000000000000000000000000000000000000000000000000000000000000000000000000000000000000000000000000000000000000000000000000000000000000000000000000000000000000000000000000000000000000000000000000000000000000000000000000>;
P_0x55557564c150 .param/l "INIT_8" 0 18 2022, C4<0000000000000000000000000000000000000000000000000000000000000000000000000000000000000000000000000000000000000000000000000000000000000000000000000000000000000000000000000000000000000000000000000000000000000000000000000000000000000000000000000000000000000000>;
P_0x55557564c190 .param/l "INIT_9" 0 18 2023, C4<0000000000000000000000000000000000000000000000000000000000000000000000000000000000000000000000000000000000000000000000000000000000000000000000000000000000000000000000000000000000000000000000000000000000000000000000000000000000000000000000000000000000000000>;
P_0x55557564c1d0 .param/l "INIT_A" 0 18 2024, C4<0000000000000000000000000000000000000000000000000000000000000000000000000000000000000000000000000000000000000000000000000000000000000000000000000000000000000000000000000000000000000000000000000000000000000000000000000000000000000000000000000000000000000000>;
P_0x55557564c210 .param/l "INIT_B" 0 18 2025, C4<0000000000000000000000000000000000000000000000000000000000000000000000000000000000000000000000000000000000000000000000000000000000000000000000000000000000000000000000000000000000000000000000000000000000000000000000000000000000000000000000000000000000000000>;
P_0x55557564c250 .param/l "INIT_C" 0 18 2026, C4<0000000000000000000000000000000000000000000000000000000000000000000000000000000000000000000000000000000000000000000000000000000000000000000000000000000000000000000000000000000000000000000000000000000000000000000000000000000000000000000000000000000000000000>;
P_0x55557564c290 .param/l "INIT_D" 0 18 2027, C4<0000000000000000000000000000000000000000000000000000000000000000000000000000000000000000000000000000000000000000000000000000000000000000000000000000000000000000000000000000000000000000000000000000000000000000000000000000000000000000000000000000000000000000>;
P_0x55557564c2d0 .param/l "INIT_E" 0 18 2028, C4<0000000000000000000000000000000000000000000000000000000000000000000000000000000000000000000000000000000000000000000000000000000000000000000000000000000000000000000000000000000000000000000000000000000000000000000000000000000000000000000000000000000000000000>;
P_0x55557564c310 .param/l "INIT_F" 0 18 2029, C4<0000000000000000000000000000000000000000000000000000000000000000000000000000000000000000000000000000000000000000000000000000000000000000000000000000000000000000000000000000000000000000000000000000000000000000000000000000000000000000000000000000000000000000>;
P_0x55557564c350 .param/str "INIT_FILE" 0 18 2031, "\000";
P_0x55557564c390 .param/l "READ_MODE" 0 18 2012, +C4<00000000000000000000000000000000>;
P_0x55557564c3d0 .param/l "WRITE_MODE" 0 18 2011, +C4<00000000000000000000000000000000>;
o0x7fc616b5e6d8 .functor BUFZ 1, c4<z>; HiZ drive
L_0x5555759079b0 .functor NOT 1, o0x7fc616b5e6d8, C4<0>, C4<0>, C4<0>;
o0x7fc616b5e708 .functor BUFZ 1, c4<z>; HiZ drive
L_0x555575907a50 .functor NOT 1, o0x7fc616b5e708, C4<0>, C4<0>, C4<0>;
o0x7fc616b5e1c8 .functor BUFZ 16, c4<zzzzzzzzzzzzzzzz>; HiZ drive
v0x5555758ce200_0 .net "MASK", 15 0, o0x7fc616b5e1c8;  0 drivers
o0x7fc616b5e1f8 .functor BUFZ 11, c4<zzzzzzzzzzz>; HiZ drive
v0x5555758ce2e0_0 .net "RADDR", 10 0, o0x7fc616b5e1f8;  0 drivers
o0x7fc616b5e258 .functor BUFZ 1, c4<z>; HiZ drive
v0x5555758ce3b0_0 .net "RCLKE", 0 0, o0x7fc616b5e258;  0 drivers
v0x5555758ce4b0_0 .net "RCLKN", 0 0, o0x7fc616b5e6d8;  0 drivers
v0x5555758ce550_0 .net "RDATA", 15 0, L_0x5555759078f0;  1 drivers
o0x7fc616b5e2e8 .functor BUFZ 1, c4<z>; HiZ drive
v0x5555758ce5f0_0 .net "RE", 0 0, o0x7fc616b5e2e8;  0 drivers
o0x7fc616b5e348 .functor BUFZ 11, c4<zzzzzzzzzzz>; HiZ drive
v0x5555758ce6c0_0 .net "WADDR", 10 0, o0x7fc616b5e348;  0 drivers
o0x7fc616b5e3a8 .functor BUFZ 1, c4<z>; HiZ drive
v0x5555758ce790_0 .net "WCLKE", 0 0, o0x7fc616b5e3a8;  0 drivers
v0x5555758ce860_0 .net "WCLKN", 0 0, o0x7fc616b5e708;  0 drivers
o0x7fc616b5e3d8 .functor BUFZ 16, c4<zzzzzzzzzzzzzzzz>; HiZ drive
v0x5555758ce900_0 .net "WDATA", 15 0, o0x7fc616b5e3d8;  0 drivers
o0x7fc616b5e438 .functor BUFZ 1, c4<z>; HiZ drive
v0x5555758ce9d0_0 .net "WE", 0 0, o0x7fc616b5e438;  0 drivers
S_0x5555758ca830 .scope module, "RAM" "SB_RAM40_4K" 18 2053, 18 1487 0, S_0x5555757d9cb0;
 .timescale -12 -12;
    .port_info 0 /OUTPUT 16 "RDATA";
    .port_info 1 /INPUT 1 "RCLK";
    .port_info 2 /INPUT 1 "RCLKE";
    .port_info 3 /INPUT 1 "RE";
    .port_info 4 /INPUT 11 "RADDR";
    .port_info 5 /INPUT 1 "WCLK";
    .port_info 6 /INPUT 1 "WCLKE";
    .port_info 7 /INPUT 1 "WE";
    .port_info 8 /INPUT 11 "WADDR";
    .port_info 9 /INPUT 16 "MASK";
    .port_info 10 /INPUT 16 "WDATA";
P_0x5555758ca9e0 .param/l "INIT_0" 0 18 1507, C4<0000000000000000000000000000000000000000000000000000000000000000000000000000000000000000000000000000000000000000000000000000000000000000000000000000000000000000000000000000000000000000000000000000000000000000000000000000000000000000000000000000000000000000>;
P_0x5555758caa20 .param/l "INIT_1" 0 18 1508, C4<0000000000000000000000000000000000000000000000000000000000000000000000000000000000000000000000000000000000000000000000000000000000000000000000000000000000000000000000000000000000000000000000000000000000000000000000000000000000000000000000000000000000000000>;
P_0x5555758caa60 .param/l "INIT_2" 0 18 1509, C4<0000000000000000000000000000000000000000000000000000000000000000000000000000000000000000000000000000000000000000000000000000000000000000000000000000000000000000000000000000000000000000000000000000000000000000000000000000000000000000000000000000000000000000>;
P_0x5555758caaa0 .param/l "INIT_3" 0 18 1510, C4<0000000000000000000000000000000000000000000000000000000000000000000000000000000000000000000000000000000000000000000000000000000000000000000000000000000000000000000000000000000000000000000000000000000000000000000000000000000000000000000000000000000000000000>;
P_0x5555758caae0 .param/l "INIT_4" 0 18 1511, C4<0000000000000000000000000000000000000000000000000000000000000000000000000000000000000000000000000000000000000000000000000000000000000000000000000000000000000000000000000000000000000000000000000000000000000000000000000000000000000000000000000000000000000000>;
P_0x5555758cab20 .param/l "INIT_5" 0 18 1512, C4<0000000000000000000000000000000000000000000000000000000000000000000000000000000000000000000000000000000000000000000000000000000000000000000000000000000000000000000000000000000000000000000000000000000000000000000000000000000000000000000000000000000000000000>;
P_0x5555758cab60 .param/l "INIT_6" 0 18 1513, C4<0000000000000000000000000000000000000000000000000000000000000000000000000000000000000000000000000000000000000000000000000000000000000000000000000000000000000000000000000000000000000000000000000000000000000000000000000000000000000000000000000000000000000000>;
P_0x5555758caba0 .param/l "INIT_7" 0 18 1514, C4<0000000000000000000000000000000000000000000000000000000000000000000000000000000000000000000000000000000000000000000000000000000000000000000000000000000000000000000000000000000000000000000000000000000000000000000000000000000000000000000000000000000000000000>;
P_0x5555758cabe0 .param/l "INIT_8" 0 18 1515, C4<0000000000000000000000000000000000000000000000000000000000000000000000000000000000000000000000000000000000000000000000000000000000000000000000000000000000000000000000000000000000000000000000000000000000000000000000000000000000000000000000000000000000000000>;
P_0x5555758cac20 .param/l "INIT_9" 0 18 1516, C4<0000000000000000000000000000000000000000000000000000000000000000000000000000000000000000000000000000000000000000000000000000000000000000000000000000000000000000000000000000000000000000000000000000000000000000000000000000000000000000000000000000000000000000>;
P_0x5555758cac60 .param/l "INIT_A" 0 18 1517, C4<0000000000000000000000000000000000000000000000000000000000000000000000000000000000000000000000000000000000000000000000000000000000000000000000000000000000000000000000000000000000000000000000000000000000000000000000000000000000000000000000000000000000000000>;
P_0x5555758caca0 .param/l "INIT_B" 0 18 1518, C4<0000000000000000000000000000000000000000000000000000000000000000000000000000000000000000000000000000000000000000000000000000000000000000000000000000000000000000000000000000000000000000000000000000000000000000000000000000000000000000000000000000000000000000>;
P_0x5555758cace0 .param/l "INIT_C" 0 18 1519, C4<0000000000000000000000000000000000000000000000000000000000000000000000000000000000000000000000000000000000000000000000000000000000000000000000000000000000000000000000000000000000000000000000000000000000000000000000000000000000000000000000000000000000000000>;
P_0x5555758cad20 .param/l "INIT_D" 0 18 1520, C4<0000000000000000000000000000000000000000000000000000000000000000000000000000000000000000000000000000000000000000000000000000000000000000000000000000000000000000000000000000000000000000000000000000000000000000000000000000000000000000000000000000000000000000>;
P_0x5555758cad60 .param/l "INIT_E" 0 18 1521, C4<0000000000000000000000000000000000000000000000000000000000000000000000000000000000000000000000000000000000000000000000000000000000000000000000000000000000000000000000000000000000000000000000000000000000000000000000000000000000000000000000000000000000000000>;
P_0x5555758cada0 .param/l "INIT_F" 0 18 1522, C4<0000000000000000000000000000000000000000000000000000000000000000000000000000000000000000000000000000000000000000000000000000000000000000000000000000000000000000000000000000000000000000000000000000000000000000000000000000000000000000000000000000000000000000>;
P_0x5555758cade0 .param/str "INIT_FILE" 0 18 1524, "\000";
P_0x5555758cae20 .param/l "READ_MODE" 0 18 1505, +C4<00000000000000000000000000000000>;
P_0x5555758cae60 .param/l "WRITE_MODE" 0 18 1504, +C4<00000000000000000000000000000000>;
v0x5555758cd0f0_0 .net "MASK", 15 0, o0x7fc616b5e1c8;  alias, 0 drivers
v0x5555758cd1b0_0 .net "RADDR", 10 0, o0x7fc616b5e1f8;  alias, 0 drivers
v0x5555758cd290_0 .net "RCLK", 0 0, L_0x5555759079b0;  1 drivers
v0x5555758cd360_0 .net "RCLKE", 0 0, o0x7fc616b5e258;  alias, 0 drivers
v0x5555758cd420_0 .net "RDATA", 15 0, L_0x5555759078f0;  alias, 1 drivers
v0x5555758cd550_0 .var "RDATA_I", 15 0;
v0x5555758cd630_0 .net "RE", 0 0, o0x7fc616b5e2e8;  alias, 0 drivers
L_0x7fc6166d1068 .functor BUFT 1, C4<0000000000000000>, C4<0>, C4<0>, C4<0>;
v0x5555758cd6f0_0 .net "RMASK_I", 15 0, L_0x7fc6166d1068;  1 drivers
v0x5555758cd7d0_0 .net "WADDR", 10 0, o0x7fc616b5e348;  alias, 0 drivers
v0x5555758cd8b0_0 .net "WCLK", 0 0, L_0x555575907a50;  1 drivers
v0x5555758cd970_0 .net "WCLKE", 0 0, o0x7fc616b5e3a8;  alias, 0 drivers
v0x5555758cda30_0 .net "WDATA", 15 0, o0x7fc616b5e3d8;  alias, 0 drivers
v0x5555758cdb10_0 .net "WDATA_I", 15 0, L_0x555575907800;  1 drivers
v0x5555758cdbf0_0 .net "WE", 0 0, o0x7fc616b5e438;  alias, 0 drivers
v0x5555758cdcb0_0 .net "WMASK_I", 15 0, L_0x555575907740;  1 drivers
v0x5555758cdd90_0 .var/i "i", 31 0;
v0x5555758cde70 .array "memory", 255 0, 15 0;
E_0x5555758cc820 .event posedge, v0x5555758cd290_0;
E_0x5555758cc8a0 .event posedge, v0x5555758cd8b0_0;
S_0x5555758cc900 .scope generate, "genblk1" "genblk1" 18 1534, 18 1534 0, S_0x5555758ca830;
 .timescale -12 -12;
L_0x555575907740 .functor BUFZ 16, o0x7fc616b5e1c8, C4<0000000000000000>, C4<0000000000000000>, C4<0000000000000000>;
S_0x5555758ccb00 .scope generate, "genblk2" "genblk2" 18 1555, 18 1555 0, S_0x5555758ca830;
 .timescale -12 -12;
S_0x5555758ccd00 .scope generate, "genblk3" "genblk3" 18 1576, 18 1576 0, S_0x5555758ca830;
 .timescale -12 -12;
L_0x555575907800 .functor BUFZ 16, o0x7fc616b5e3d8, C4<0000000000000000>, C4<0000000000000000>, C4<0000000000000000>;
S_0x5555758ccf10 .scope generate, "genblk4" "genblk4" 18 1595, 18 1595 0, S_0x5555758ca830;
 .timescale -12 -12;
L_0x5555759078f0 .functor BUFZ 16, v0x5555758cd550_0, C4<0000000000000000>, C4<0000000000000000>, C4<0000000000000000>;
S_0x5555757d7580 .scope module, "SB_RAM40_4KNW" "SB_RAM40_4KNW" 18 1862;
 .timescale -12 -12;
    .port_info 0 /OUTPUT 16 "RDATA";
    .port_info 1 /INPUT 1 "RCLK";
    .port_info 2 /INPUT 1 "RCLKE";
    .port_info 3 /INPUT 1 "RE";
    .port_info 4 /INPUT 11 "RADDR";
    .port_info 5 /INPUT 1 "WCLKN";
    .port_info 6 /INPUT 1 "WCLKE";
    .port_info 7 /INPUT 1 "WE";
    .port_info 8 /INPUT 11 "WADDR";
    .port_info 9 /INPUT 16 "MASK";
    .port_info 10 /INPUT 16 "WDATA";
P_0x555575618b80 .param/l "INIT_0" 0 18 1878, C4<0000000000000000000000000000000000000000000000000000000000000000000000000000000000000000000000000000000000000000000000000000000000000000000000000000000000000000000000000000000000000000000000000000000000000000000000000000000000000000000000000000000000000000>;
P_0x555575618bc0 .param/l "INIT_1" 0 18 1879, C4<0000000000000000000000000000000000000000000000000000000000000000000000000000000000000000000000000000000000000000000000000000000000000000000000000000000000000000000000000000000000000000000000000000000000000000000000000000000000000000000000000000000000000000>;
P_0x555575618c00 .param/l "INIT_2" 0 18 1880, C4<0000000000000000000000000000000000000000000000000000000000000000000000000000000000000000000000000000000000000000000000000000000000000000000000000000000000000000000000000000000000000000000000000000000000000000000000000000000000000000000000000000000000000000>;
P_0x555575618c40 .param/l "INIT_3" 0 18 1881, C4<0000000000000000000000000000000000000000000000000000000000000000000000000000000000000000000000000000000000000000000000000000000000000000000000000000000000000000000000000000000000000000000000000000000000000000000000000000000000000000000000000000000000000000>;
P_0x555575618c80 .param/l "INIT_4" 0 18 1882, C4<0000000000000000000000000000000000000000000000000000000000000000000000000000000000000000000000000000000000000000000000000000000000000000000000000000000000000000000000000000000000000000000000000000000000000000000000000000000000000000000000000000000000000000>;
P_0x555575618cc0 .param/l "INIT_5" 0 18 1883, C4<0000000000000000000000000000000000000000000000000000000000000000000000000000000000000000000000000000000000000000000000000000000000000000000000000000000000000000000000000000000000000000000000000000000000000000000000000000000000000000000000000000000000000000>;
P_0x555575618d00 .param/l "INIT_6" 0 18 1884, C4<0000000000000000000000000000000000000000000000000000000000000000000000000000000000000000000000000000000000000000000000000000000000000000000000000000000000000000000000000000000000000000000000000000000000000000000000000000000000000000000000000000000000000000>;
P_0x555575618d40 .param/l "INIT_7" 0 18 1885, C4<0000000000000000000000000000000000000000000000000000000000000000000000000000000000000000000000000000000000000000000000000000000000000000000000000000000000000000000000000000000000000000000000000000000000000000000000000000000000000000000000000000000000000000>;
P_0x555575618d80 .param/l "INIT_8" 0 18 1886, C4<0000000000000000000000000000000000000000000000000000000000000000000000000000000000000000000000000000000000000000000000000000000000000000000000000000000000000000000000000000000000000000000000000000000000000000000000000000000000000000000000000000000000000000>;
P_0x555575618dc0 .param/l "INIT_9" 0 18 1887, C4<0000000000000000000000000000000000000000000000000000000000000000000000000000000000000000000000000000000000000000000000000000000000000000000000000000000000000000000000000000000000000000000000000000000000000000000000000000000000000000000000000000000000000000>;
P_0x555575618e00 .param/l "INIT_A" 0 18 1888, C4<0000000000000000000000000000000000000000000000000000000000000000000000000000000000000000000000000000000000000000000000000000000000000000000000000000000000000000000000000000000000000000000000000000000000000000000000000000000000000000000000000000000000000000>;
P_0x555575618e40 .param/l "INIT_B" 0 18 1889, C4<0000000000000000000000000000000000000000000000000000000000000000000000000000000000000000000000000000000000000000000000000000000000000000000000000000000000000000000000000000000000000000000000000000000000000000000000000000000000000000000000000000000000000000>;
P_0x555575618e80 .param/l "INIT_C" 0 18 1890, C4<0000000000000000000000000000000000000000000000000000000000000000000000000000000000000000000000000000000000000000000000000000000000000000000000000000000000000000000000000000000000000000000000000000000000000000000000000000000000000000000000000000000000000000>;
P_0x555575618ec0 .param/l "INIT_D" 0 18 1891, C4<0000000000000000000000000000000000000000000000000000000000000000000000000000000000000000000000000000000000000000000000000000000000000000000000000000000000000000000000000000000000000000000000000000000000000000000000000000000000000000000000000000000000000000>;
P_0x555575618f00 .param/l "INIT_E" 0 18 1892, C4<0000000000000000000000000000000000000000000000000000000000000000000000000000000000000000000000000000000000000000000000000000000000000000000000000000000000000000000000000000000000000000000000000000000000000000000000000000000000000000000000000000000000000000>;
P_0x555575618f40 .param/l "INIT_F" 0 18 1893, C4<0000000000000000000000000000000000000000000000000000000000000000000000000000000000000000000000000000000000000000000000000000000000000000000000000000000000000000000000000000000000000000000000000000000000000000000000000000000000000000000000000000000000000000>;
P_0x555575618f80 .param/str "INIT_FILE" 0 18 1895, "\000";
P_0x555575618fc0 .param/l "READ_MODE" 0 18 1876, +C4<00000000000000000000000000000000>;
P_0x555575619000 .param/l "WRITE_MODE" 0 18 1875, +C4<00000000000000000000000000000000>;
o0x7fc616b5ee58 .functor BUFZ 1, c4<z>; HiZ drive
L_0x555575907dc0 .functor NOT 1, o0x7fc616b5ee58, C4<0>, C4<0>, C4<0>;
o0x7fc616b5e948 .functor BUFZ 16, c4<zzzzzzzzzzzzzzzz>; HiZ drive
v0x5555758d2550_0 .net "MASK", 15 0, o0x7fc616b5e948;  0 drivers
o0x7fc616b5e978 .functor BUFZ 11, c4<zzzzzzzzzzz>; HiZ drive
v0x5555758d2630_0 .net "RADDR", 10 0, o0x7fc616b5e978;  0 drivers
o0x7fc616b5e9a8 .functor BUFZ 1, c4<z>; HiZ drive
v0x5555758d2700_0 .net "RCLK", 0 0, o0x7fc616b5e9a8;  0 drivers
o0x7fc616b5e9d8 .functor BUFZ 1, c4<z>; HiZ drive
v0x5555758d2800_0 .net "RCLKE", 0 0, o0x7fc616b5e9d8;  0 drivers
v0x5555758d28d0_0 .net "RDATA", 15 0, L_0x555575907d00;  1 drivers
o0x7fc616b5ea68 .functor BUFZ 1, c4<z>; HiZ drive
v0x5555758d2970_0 .net "RE", 0 0, o0x7fc616b5ea68;  0 drivers
o0x7fc616b5eac8 .functor BUFZ 11, c4<zzzzzzzzzzz>; HiZ drive
v0x5555758d2a40_0 .net "WADDR", 10 0, o0x7fc616b5eac8;  0 drivers
o0x7fc616b5eb28 .functor BUFZ 1, c4<z>; HiZ drive
v0x5555758d2b10_0 .net "WCLKE", 0 0, o0x7fc616b5eb28;  0 drivers
v0x5555758d2be0_0 .net "WCLKN", 0 0, o0x7fc616b5ee58;  0 drivers
o0x7fc616b5eb58 .functor BUFZ 16, c4<zzzzzzzzzzzzzzzz>; HiZ drive
v0x5555758d2c80_0 .net "WDATA", 15 0, o0x7fc616b5eb58;  0 drivers
o0x7fc616b5ebb8 .functor BUFZ 1, c4<z>; HiZ drive
v0x5555758d2d50_0 .net "WE", 0 0, o0x7fc616b5ebb8;  0 drivers
S_0x5555758ceb80 .scope module, "RAM" "SB_RAM40_4K" 18 1917, 18 1487 0, S_0x5555757d7580;
 .timescale -12 -12;
    .port_info 0 /OUTPUT 16 "RDATA";
    .port_info 1 /INPUT 1 "RCLK";
    .port_info 2 /INPUT 1 "RCLKE";
    .port_info 3 /INPUT 1 "RE";
    .port_info 4 /INPUT 11 "RADDR";
    .port_info 5 /INPUT 1 "WCLK";
    .port_info 6 /INPUT 1 "WCLKE";
    .port_info 7 /INPUT 1 "WE";
    .port_info 8 /INPUT 11 "WADDR";
    .port_info 9 /INPUT 16 "MASK";
    .port_info 10 /INPUT 16 "WDATA";
P_0x5555758ced30 .param/l "INIT_0" 0 18 1507, C4<0000000000000000000000000000000000000000000000000000000000000000000000000000000000000000000000000000000000000000000000000000000000000000000000000000000000000000000000000000000000000000000000000000000000000000000000000000000000000000000000000000000000000000>;
P_0x5555758ced70 .param/l "INIT_1" 0 18 1508, C4<0000000000000000000000000000000000000000000000000000000000000000000000000000000000000000000000000000000000000000000000000000000000000000000000000000000000000000000000000000000000000000000000000000000000000000000000000000000000000000000000000000000000000000>;
P_0x5555758cedb0 .param/l "INIT_2" 0 18 1509, C4<0000000000000000000000000000000000000000000000000000000000000000000000000000000000000000000000000000000000000000000000000000000000000000000000000000000000000000000000000000000000000000000000000000000000000000000000000000000000000000000000000000000000000000>;
P_0x5555758cedf0 .param/l "INIT_3" 0 18 1510, C4<0000000000000000000000000000000000000000000000000000000000000000000000000000000000000000000000000000000000000000000000000000000000000000000000000000000000000000000000000000000000000000000000000000000000000000000000000000000000000000000000000000000000000000>;
P_0x5555758cee30 .param/l "INIT_4" 0 18 1511, C4<0000000000000000000000000000000000000000000000000000000000000000000000000000000000000000000000000000000000000000000000000000000000000000000000000000000000000000000000000000000000000000000000000000000000000000000000000000000000000000000000000000000000000000>;
P_0x5555758cee70 .param/l "INIT_5" 0 18 1512, C4<0000000000000000000000000000000000000000000000000000000000000000000000000000000000000000000000000000000000000000000000000000000000000000000000000000000000000000000000000000000000000000000000000000000000000000000000000000000000000000000000000000000000000000>;
P_0x5555758ceeb0 .param/l "INIT_6" 0 18 1513, C4<0000000000000000000000000000000000000000000000000000000000000000000000000000000000000000000000000000000000000000000000000000000000000000000000000000000000000000000000000000000000000000000000000000000000000000000000000000000000000000000000000000000000000000>;
P_0x5555758ceef0 .param/l "INIT_7" 0 18 1514, C4<0000000000000000000000000000000000000000000000000000000000000000000000000000000000000000000000000000000000000000000000000000000000000000000000000000000000000000000000000000000000000000000000000000000000000000000000000000000000000000000000000000000000000000>;
P_0x5555758cef30 .param/l "INIT_8" 0 18 1515, C4<0000000000000000000000000000000000000000000000000000000000000000000000000000000000000000000000000000000000000000000000000000000000000000000000000000000000000000000000000000000000000000000000000000000000000000000000000000000000000000000000000000000000000000>;
P_0x5555758cef70 .param/l "INIT_9" 0 18 1516, C4<0000000000000000000000000000000000000000000000000000000000000000000000000000000000000000000000000000000000000000000000000000000000000000000000000000000000000000000000000000000000000000000000000000000000000000000000000000000000000000000000000000000000000000>;
P_0x5555758cefb0 .param/l "INIT_A" 0 18 1517, C4<0000000000000000000000000000000000000000000000000000000000000000000000000000000000000000000000000000000000000000000000000000000000000000000000000000000000000000000000000000000000000000000000000000000000000000000000000000000000000000000000000000000000000000>;
P_0x5555758ceff0 .param/l "INIT_B" 0 18 1518, C4<0000000000000000000000000000000000000000000000000000000000000000000000000000000000000000000000000000000000000000000000000000000000000000000000000000000000000000000000000000000000000000000000000000000000000000000000000000000000000000000000000000000000000000>;
P_0x5555758cf030 .param/l "INIT_C" 0 18 1519, C4<0000000000000000000000000000000000000000000000000000000000000000000000000000000000000000000000000000000000000000000000000000000000000000000000000000000000000000000000000000000000000000000000000000000000000000000000000000000000000000000000000000000000000000>;
P_0x5555758cf070 .param/l "INIT_D" 0 18 1520, C4<0000000000000000000000000000000000000000000000000000000000000000000000000000000000000000000000000000000000000000000000000000000000000000000000000000000000000000000000000000000000000000000000000000000000000000000000000000000000000000000000000000000000000000>;
P_0x5555758cf0b0 .param/l "INIT_E" 0 18 1521, C4<0000000000000000000000000000000000000000000000000000000000000000000000000000000000000000000000000000000000000000000000000000000000000000000000000000000000000000000000000000000000000000000000000000000000000000000000000000000000000000000000000000000000000000>;
P_0x5555758cf0f0 .param/l "INIT_F" 0 18 1522, C4<0000000000000000000000000000000000000000000000000000000000000000000000000000000000000000000000000000000000000000000000000000000000000000000000000000000000000000000000000000000000000000000000000000000000000000000000000000000000000000000000000000000000000000>;
P_0x5555758cf130 .param/str "INIT_FILE" 0 18 1524, "\000";
P_0x5555758cf170 .param/l "READ_MODE" 0 18 1505, +C4<00000000000000000000000000000000>;
P_0x5555758cf1b0 .param/l "WRITE_MODE" 0 18 1504, +C4<00000000000000000000000000000000>;
v0x5555758d1440_0 .net "MASK", 15 0, o0x7fc616b5e948;  alias, 0 drivers
v0x5555758d1500_0 .net "RADDR", 10 0, o0x7fc616b5e978;  alias, 0 drivers
v0x5555758d15e0_0 .net "RCLK", 0 0, o0x7fc616b5e9a8;  alias, 0 drivers
v0x5555758d16b0_0 .net "RCLKE", 0 0, o0x7fc616b5e9d8;  alias, 0 drivers
v0x5555758d1770_0 .net "RDATA", 15 0, L_0x555575907d00;  alias, 1 drivers
v0x5555758d18a0_0 .var "RDATA_I", 15 0;
v0x5555758d1980_0 .net "RE", 0 0, o0x7fc616b5ea68;  alias, 0 drivers
L_0x7fc6166d10b0 .functor BUFT 1, C4<0000000000000000>, C4<0>, C4<0>, C4<0>;
v0x5555758d1a40_0 .net "RMASK_I", 15 0, L_0x7fc6166d10b0;  1 drivers
v0x5555758d1b20_0 .net "WADDR", 10 0, o0x7fc616b5eac8;  alias, 0 drivers
v0x5555758d1c00_0 .net "WCLK", 0 0, L_0x555575907dc0;  1 drivers
v0x5555758d1cc0_0 .net "WCLKE", 0 0, o0x7fc616b5eb28;  alias, 0 drivers
v0x5555758d1d80_0 .net "WDATA", 15 0, o0x7fc616b5eb58;  alias, 0 drivers
v0x5555758d1e60_0 .net "WDATA_I", 15 0, L_0x555575907c10;  1 drivers
v0x5555758d1f40_0 .net "WE", 0 0, o0x7fc616b5ebb8;  alias, 0 drivers
v0x5555758d2000_0 .net "WMASK_I", 15 0, L_0x555575907b20;  1 drivers
v0x5555758d20e0_0 .var/i "i", 31 0;
v0x5555758d21c0 .array "memory", 255 0, 15 0;
E_0x5555758d0b70 .event posedge, v0x5555758d15e0_0;
E_0x5555758d0bf0 .event posedge, v0x5555758d1c00_0;
S_0x5555758d0c50 .scope generate, "genblk1" "genblk1" 18 1534, 18 1534 0, S_0x5555758ceb80;
 .timescale -12 -12;
L_0x555575907b20 .functor BUFZ 16, o0x7fc616b5e948, C4<0000000000000000>, C4<0000000000000000>, C4<0000000000000000>;
S_0x5555758d0e50 .scope generate, "genblk2" "genblk2" 18 1555, 18 1555 0, S_0x5555758ceb80;
 .timescale -12 -12;
S_0x5555758d1050 .scope generate, "genblk3" "genblk3" 18 1576, 18 1576 0, S_0x5555758ceb80;
 .timescale -12 -12;
L_0x555575907c10 .functor BUFZ 16, o0x7fc616b5eb58, C4<0000000000000000>, C4<0000000000000000>, C4<0000000000000000>;
S_0x5555758d1260 .scope generate, "genblk4" "genblk4" 18 1595, 18 1595 0, S_0x5555758ceb80;
 .timescale -12 -12;
L_0x555575907d00 .functor BUFZ 16, v0x5555758d18a0_0, C4<0000000000000000>, C4<0000000000000000>, C4<0000000000000000>;
S_0x5555756f0b20 .scope module, "SB_RGBA_DRV" "SB_RGBA_DRV" 18 2692;
 .timescale -12 -12;
    .port_info 0 /INPUT 1 "CURREN";
    .port_info 1 /INPUT 1 "RGBLEDEN";
    .port_info 2 /INPUT 1 "RGB0PWM";
    .port_info 3 /INPUT 1 "RGB1PWM";
    .port_info 4 /INPUT 1 "RGB2PWM";
    .port_info 5 /OUTPUT 1 "RGB0";
    .port_info 6 /OUTPUT 1 "RGB1";
    .port_info 7 /OUTPUT 1 "RGB2";
P_0x5555756f0cb0 .param/str "CURRENT_MODE" 0 18 2702, "0b0";
P_0x5555756f0cf0 .param/str "RGB0_CURRENT" 0 18 2703, "0b000000";
P_0x5555756f0d30 .param/str "RGB1_CURRENT" 0 18 2704, "0b000000";
P_0x5555756f0d70 .param/str "RGB2_CURRENT" 0 18 2705, "0b000000";
o0x7fc616b5f098 .functor BUFZ 1, c4<z>; HiZ drive
v0x5555758d2ec0_0 .net "CURREN", 0 0, o0x7fc616b5f098;  0 drivers
o0x7fc616b5f0c8 .functor BUFZ 1, c4<z>; HiZ drive
v0x5555758d2fa0_0 .net "RGB0", 0 0, o0x7fc616b5f0c8;  0 drivers
o0x7fc616b5f0f8 .functor BUFZ 1, c4<z>; HiZ drive
v0x5555758d3060_0 .net "RGB0PWM", 0 0, o0x7fc616b5f0f8;  0 drivers
o0x7fc616b5f128 .functor BUFZ 1, c4<z>; HiZ drive
v0x5555758d3130_0 .net "RGB1", 0 0, o0x7fc616b5f128;  0 drivers
o0x7fc616b5f158 .functor BUFZ 1, c4<z>; HiZ drive
v0x5555758d31f0_0 .net "RGB1PWM", 0 0, o0x7fc616b5f158;  0 drivers
o0x7fc616b5f188 .functor BUFZ 1, c4<z>; HiZ drive
v0x5555758d32b0_0 .net "RGB2", 0 0, o0x7fc616b5f188;  0 drivers
o0x7fc616b5f1b8 .functor BUFZ 1, c4<z>; HiZ drive
v0x5555758d3370_0 .net "RGB2PWM", 0 0, o0x7fc616b5f1b8;  0 drivers
o0x7fc616b5f1e8 .functor BUFZ 1, c4<z>; HiZ drive
v0x5555758d3430_0 .net "RGBLEDEN", 0 0, o0x7fc616b5f1e8;  0 drivers
S_0x55557562d710 .scope module, "SB_RGB_DRV" "SB_RGB_DRV" 18 2716;
 .timescale -12 -12;
    .port_info 0 /INPUT 1 "RGBLEDEN";
    .port_info 1 /INPUT 1 "RGB0PWM";
    .port_info 2 /INPUT 1 "RGB1PWM";
    .port_info 3 /INPUT 1 "RGB2PWM";
    .port_info 4 /INPUT 1 "RGBPU";
    .port_info 5 /OUTPUT 1 "RGB0";
    .port_info 6 /OUTPUT 1 "RGB1";
    .port_info 7 /OUTPUT 1 "RGB2";
P_0x55557562d8a0 .param/str "CURRENT_MODE" 0 18 2726, "0b0";
P_0x55557562d8e0 .param/str "RGB0_CURRENT" 0 18 2727, "0b000000";
P_0x55557562d920 .param/str "RGB1_CURRENT" 0 18 2728, "0b000000";
P_0x55557562d960 .param/str "RGB2_CURRENT" 0 18 2729, "0b000000";
o0x7fc616b5f398 .functor BUFZ 1, c4<z>; HiZ drive
v0x5555758d3640_0 .net "RGB0", 0 0, o0x7fc616b5f398;  0 drivers
o0x7fc616b5f3c8 .functor BUFZ 1, c4<z>; HiZ drive
v0x5555758d3720_0 .net "RGB0PWM", 0 0, o0x7fc616b5f3c8;  0 drivers
o0x7fc616b5f3f8 .functor BUFZ 1, c4<z>; HiZ drive
v0x5555758d37e0_0 .net "RGB1", 0 0, o0x7fc616b5f3f8;  0 drivers
o0x7fc616b5f428 .functor BUFZ 1, c4<z>; HiZ drive
v0x5555758d3880_0 .net "RGB1PWM", 0 0, o0x7fc616b5f428;  0 drivers
o0x7fc616b5f458 .functor BUFZ 1, c4<z>; HiZ drive
v0x5555758d3940_0 .net "RGB2", 0 0, o0x7fc616b5f458;  0 drivers
o0x7fc616b5f488 .functor BUFZ 1, c4<z>; HiZ drive
v0x5555758d3a00_0 .net "RGB2PWM", 0 0, o0x7fc616b5f488;  0 drivers
o0x7fc616b5f4b8 .functor BUFZ 1, c4<z>; HiZ drive
v0x5555758d3ac0_0 .net "RGBLEDEN", 0 0, o0x7fc616b5f4b8;  0 drivers
o0x7fc616b5f4e8 .functor BUFZ 1, c4<z>; HiZ drive
v0x5555758d3b80_0 .net "RGBPU", 0 0, o0x7fc616b5f4e8;  0 drivers
S_0x5555756aaca0 .scope module, "SB_SPI" "SB_SPI" 18 2776;
 .timescale -12 -12;
    .port_info 0 /INPUT 1 "SBCLKI";
    .port_info 1 /INPUT 1 "SBRWI";
    .port_info 2 /INPUT 1 "SBSTBI";
    .port_info 3 /INPUT 1 "SBADRI7";
    .port_info 4 /INPUT 1 "SBADRI6";
    .port_info 5 /INPUT 1 "SBADRI5";
    .port_info 6 /INPUT 1 "SBADRI4";
    .port_info 7 /INPUT 1 "SBADRI3";
    .port_info 8 /INPUT 1 "SBADRI2";
    .port_info 9 /INPUT 1 "SBADRI1";
    .port_info 10 /INPUT 1 "SBADRI0";
    .port_info 11 /INPUT 1 "SBDATI7";
    .port_info 12 /INPUT 1 "SBDATI6";
    .port_info 13 /INPUT 1 "SBDATI5";
    .port_info 14 /INPUT 1 "SBDATI4";
    .port_info 15 /INPUT 1 "SBDATI3";
    .port_info 16 /INPUT 1 "SBDATI2";
    .port_info 17 /INPUT 1 "SBDATI1";
    .port_info 18 /INPUT 1 "SBDATI0";
    .port_info 19 /INPUT 1 "MI";
    .port_info 20 /INPUT 1 "SI";
    .port_info 21 /INPUT 1 "SCKI";
    .port_info 22 /INPUT 1 "SCSNI";
    .port_info 23 /OUTPUT 1 "SBDATO7";
    .port_info 24 /OUTPUT 1 "SBDATO6";
    .port_info 25 /OUTPUT 1 "SBDATO5";
    .port_info 26 /OUTPUT 1 "SBDATO4";
    .port_info 27 /OUTPUT 1 "SBDATO3";
    .port_info 28 /OUTPUT 1 "SBDATO2";
    .port_info 29 /OUTPUT 1 "SBDATO1";
    .port_info 30 /OUTPUT 1 "SBDATO0";
    .port_info 31 /OUTPUT 1 "SBACKO";
    .port_info 32 /OUTPUT 1 "SPIIRQ";
    .port_info 33 /OUTPUT 1 "SPIWKUP";
    .port_info 34 /OUTPUT 1 "SO";
    .port_info 35 /OUTPUT 1 "SOE";
    .port_info 36 /OUTPUT 1 "MO";
    .port_info 37 /OUTPUT 1 "MOE";
    .port_info 38 /OUTPUT 1 "SCKO";
    .port_info 39 /OUTPUT 1 "SCKOE";
    .port_info 40 /OUTPUT 1 "MCSNO3";
    .port_info 41 /OUTPUT 1 "MCSNO2";
    .port_info 42 /OUTPUT 1 "MCSNO1";
    .port_info 43 /OUTPUT 1 "MCSNO0";
    .port_info 44 /OUTPUT 1 "MCSNOE3";
    .port_info 45 /OUTPUT 1 "MCSNOE2";
    .port_info 46 /OUTPUT 1 "MCSNOE1";
    .port_info 47 /OUTPUT 1 "MCSNOE0";
P_0x5555756aae30 .param/str "BUS_ADDR74" 0 18 2826, "0b0000";
o0x7fc616b5f698 .functor BUFZ 1, c4<z>; HiZ drive
v0x5555758d3d90_0 .net "MCSNO0", 0 0, o0x7fc616b5f698;  0 drivers
o0x7fc616b5f6c8 .functor BUFZ 1, c4<z>; HiZ drive
v0x5555758d3e70_0 .net "MCSNO1", 0 0, o0x7fc616b5f6c8;  0 drivers
o0x7fc616b5f6f8 .functor BUFZ 1, c4<z>; HiZ drive
v0x5555758d3f30_0 .net "MCSNO2", 0 0, o0x7fc616b5f6f8;  0 drivers
o0x7fc616b5f728 .functor BUFZ 1, c4<z>; HiZ drive
v0x5555758d3fd0_0 .net "MCSNO3", 0 0, o0x7fc616b5f728;  0 drivers
o0x7fc616b5f758 .functor BUFZ 1, c4<z>; HiZ drive
v0x5555758d4090_0 .net "MCSNOE0", 0 0, o0x7fc616b5f758;  0 drivers
o0x7fc616b5f788 .functor BUFZ 1, c4<z>; HiZ drive
v0x5555758d4150_0 .net "MCSNOE1", 0 0, o0x7fc616b5f788;  0 drivers
o0x7fc616b5f7b8 .functor BUFZ 1, c4<z>; HiZ drive
v0x5555758d4210_0 .net "MCSNOE2", 0 0, o0x7fc616b5f7b8;  0 drivers
o0x7fc616b5f7e8 .functor BUFZ 1, c4<z>; HiZ drive
v0x5555758d42d0_0 .net "MCSNOE3", 0 0, o0x7fc616b5f7e8;  0 drivers
o0x7fc616b5f818 .functor BUFZ 1, c4<z>; HiZ drive
v0x5555758d4390_0 .net "MI", 0 0, o0x7fc616b5f818;  0 drivers
o0x7fc616b5f848 .functor BUFZ 1, c4<z>; HiZ drive
v0x5555758d44e0_0 .net "MO", 0 0, o0x7fc616b5f848;  0 drivers
o0x7fc616b5f878 .functor BUFZ 1, c4<z>; HiZ drive
v0x5555758d45a0_0 .net "MOE", 0 0, o0x7fc616b5f878;  0 drivers
o0x7fc616b5f8a8 .functor BUFZ 1, c4<z>; HiZ drive
v0x5555758d4660_0 .net "SBACKO", 0 0, o0x7fc616b5f8a8;  0 drivers
o0x7fc616b5f8d8 .functor BUFZ 1, c4<z>; HiZ drive
v0x5555758d4720_0 .net "SBADRI0", 0 0, o0x7fc616b5f8d8;  0 drivers
o0x7fc616b5f908 .functor BUFZ 1, c4<z>; HiZ drive
v0x5555758d47e0_0 .net "SBADRI1", 0 0, o0x7fc616b5f908;  0 drivers
o0x7fc616b5f938 .functor BUFZ 1, c4<z>; HiZ drive
v0x5555758d48a0_0 .net "SBADRI2", 0 0, o0x7fc616b5f938;  0 drivers
o0x7fc616b5f968 .functor BUFZ 1, c4<z>; HiZ drive
v0x5555758d4960_0 .net "SBADRI3", 0 0, o0x7fc616b5f968;  0 drivers
o0x7fc616b5f998 .functor BUFZ 1, c4<z>; HiZ drive
v0x5555758d4a20_0 .net "SBADRI4", 0 0, o0x7fc616b5f998;  0 drivers
o0x7fc616b5f9c8 .functor BUFZ 1, c4<z>; HiZ drive
v0x5555758d4bf0_0 .net "SBADRI5", 0 0, o0x7fc616b5f9c8;  0 drivers
o0x7fc616b5f9f8 .functor BUFZ 1, c4<z>; HiZ drive
v0x5555758d4cb0_0 .net "SBADRI6", 0 0, o0x7fc616b5f9f8;  0 drivers
o0x7fc616b5fa28 .functor BUFZ 1, c4<z>; HiZ drive
v0x5555758d4d70_0 .net "SBADRI7", 0 0, o0x7fc616b5fa28;  0 drivers
o0x7fc616b5fa58 .functor BUFZ 1, c4<z>; HiZ drive
v0x5555758d4e30_0 .net "SBCLKI", 0 0, o0x7fc616b5fa58;  0 drivers
o0x7fc616b5fa88 .functor BUFZ 1, c4<z>; HiZ drive
v0x5555758d4ef0_0 .net "SBDATI0", 0 0, o0x7fc616b5fa88;  0 drivers
o0x7fc616b5fab8 .functor BUFZ 1, c4<z>; HiZ drive
v0x5555758d4fb0_0 .net "SBDATI1", 0 0, o0x7fc616b5fab8;  0 drivers
o0x7fc616b5fae8 .functor BUFZ 1, c4<z>; HiZ drive
v0x5555758d5070_0 .net "SBDATI2", 0 0, o0x7fc616b5fae8;  0 drivers
o0x7fc616b5fb18 .functor BUFZ 1, c4<z>; HiZ drive
v0x5555758d5130_0 .net "SBDATI3", 0 0, o0x7fc616b5fb18;  0 drivers
o0x7fc616b5fb48 .functor BUFZ 1, c4<z>; HiZ drive
v0x5555758d51f0_0 .net "SBDATI4", 0 0, o0x7fc616b5fb48;  0 drivers
o0x7fc616b5fb78 .functor BUFZ 1, c4<z>; HiZ drive
v0x5555758d52b0_0 .net "SBDATI5", 0 0, o0x7fc616b5fb78;  0 drivers
o0x7fc616b5fba8 .functor BUFZ 1, c4<z>; HiZ drive
v0x5555758d5370_0 .net "SBDATI6", 0 0, o0x7fc616b5fba8;  0 drivers
o0x7fc616b5fbd8 .functor BUFZ 1, c4<z>; HiZ drive
v0x5555758d5430_0 .net "SBDATI7", 0 0, o0x7fc616b5fbd8;  0 drivers
o0x7fc616b5fc08 .functor BUFZ 1, c4<z>; HiZ drive
v0x5555758d54f0_0 .net "SBDATO0", 0 0, o0x7fc616b5fc08;  0 drivers
o0x7fc616b5fc38 .functor BUFZ 1, c4<z>; HiZ drive
v0x5555758d55b0_0 .net "SBDATO1", 0 0, o0x7fc616b5fc38;  0 drivers
o0x7fc616b5fc68 .functor BUFZ 1, c4<z>; HiZ drive
v0x5555758d5670_0 .net "SBDATO2", 0 0, o0x7fc616b5fc68;  0 drivers
o0x7fc616b5fc98 .functor BUFZ 1, c4<z>; HiZ drive
v0x5555758d5730_0 .net "SBDATO3", 0 0, o0x7fc616b5fc98;  0 drivers
o0x7fc616b5fcc8 .functor BUFZ 1, c4<z>; HiZ drive
v0x5555758d57f0_0 .net "SBDATO4", 0 0, o0x7fc616b5fcc8;  0 drivers
o0x7fc616b5fcf8 .functor BUFZ 1, c4<z>; HiZ drive
v0x5555758d58b0_0 .net "SBDATO5", 0 0, o0x7fc616b5fcf8;  0 drivers
o0x7fc616b5fd28 .functor BUFZ 1, c4<z>; HiZ drive
v0x5555758d5970_0 .net "SBDATO6", 0 0, o0x7fc616b5fd28;  0 drivers
o0x7fc616b5fd58 .functor BUFZ 1, c4<z>; HiZ drive
v0x5555758d5a30_0 .net "SBDATO7", 0 0, o0x7fc616b5fd58;  0 drivers
o0x7fc616b5fd88 .functor BUFZ 1, c4<z>; HiZ drive
v0x5555758d5af0_0 .net "SBRWI", 0 0, o0x7fc616b5fd88;  0 drivers
o0x7fc616b5fdb8 .functor BUFZ 1, c4<z>; HiZ drive
v0x5555758d5bb0_0 .net "SBSTBI", 0 0, o0x7fc616b5fdb8;  0 drivers
o0x7fc616b5fde8 .functor BUFZ 1, c4<z>; HiZ drive
v0x5555758d5c70_0 .net "SCKI", 0 0, o0x7fc616b5fde8;  0 drivers
o0x7fc616b5fe18 .functor BUFZ 1, c4<z>; HiZ drive
v0x5555758d5d30_0 .net "SCKO", 0 0, o0x7fc616b5fe18;  0 drivers
o0x7fc616b5fe48 .functor BUFZ 1, c4<z>; HiZ drive
v0x5555758d5df0_0 .net "SCKOE", 0 0, o0x7fc616b5fe48;  0 drivers
o0x7fc616b5fe78 .functor BUFZ 1, c4<z>; HiZ drive
v0x5555758d5eb0_0 .net "SCSNI", 0 0, o0x7fc616b5fe78;  0 drivers
o0x7fc616b5fea8 .functor BUFZ 1, c4<z>; HiZ drive
v0x5555758d5f70_0 .net "SI", 0 0, o0x7fc616b5fea8;  0 drivers
o0x7fc616b5fed8 .functor BUFZ 1, c4<z>; HiZ drive
v0x5555758d6030_0 .net "SO", 0 0, o0x7fc616b5fed8;  0 drivers
o0x7fc616b5ff08 .functor BUFZ 1, c4<z>; HiZ drive
v0x5555758d60f0_0 .net "SOE", 0 0, o0x7fc616b5ff08;  0 drivers
o0x7fc616b5ff38 .functor BUFZ 1, c4<z>; HiZ drive
v0x5555758d61b0_0 .net "SPIIRQ", 0 0, o0x7fc616b5ff38;  0 drivers
o0x7fc616b5ff68 .functor BUFZ 1, c4<z>; HiZ drive
v0x5555758d6270_0 .net "SPIWKUP", 0 0, o0x7fc616b5ff68;  0 drivers
S_0x5555755976e0 .scope module, "SB_SPRAM256KA" "SB_SPRAM256KA" 18 2600;
 .timescale -12 -12;
    .port_info 0 /INPUT 14 "ADDRESS";
    .port_info 1 /INPUT 16 "DATAIN";
    .port_info 2 /INPUT 4 "MASKWREN";
    .port_info 3 /INPUT 1 "WREN";
    .port_info 4 /INPUT 1 "CHIPSELECT";
    .port_info 5 /INPUT 1 "CLOCK";
    .port_info 6 /INPUT 1 "STANDBY";
    .port_info 7 /INPUT 1 "SLEEP";
    .port_info 8 /INPUT 1 "POWEROFF";
    .port_info 9 /OUTPUT 16 "DATAOUT";
o0x7fc616b609e8 .functor BUFZ 1, c4<z>; HiZ drive
L_0x555575907f60 .functor OR 1, o0x7fc616b609e8, L_0x555575907e60, C4<0>, C4<0>;
o0x7fc616b60898 .functor BUFZ 14, c4<zzzzzzzzzzzzzz>; HiZ drive
v0x5555758d6ba0_0 .net "ADDRESS", 13 0, o0x7fc616b60898;  0 drivers
o0x7fc616b608c8 .functor BUFZ 1, c4<z>; HiZ drive
v0x5555758d6ca0_0 .net "CHIPSELECT", 0 0, o0x7fc616b608c8;  0 drivers
o0x7fc616b608f8 .functor BUFZ 1, c4<z>; HiZ drive
v0x5555758d6d60_0 .net "CLOCK", 0 0, o0x7fc616b608f8;  0 drivers
o0x7fc616b60928 .functor BUFZ 16, c4<zzzzzzzzzzzzzzzz>; HiZ drive
v0x5555758d6e00_0 .net "DATAIN", 15 0, o0x7fc616b60928;  0 drivers
v0x5555758d6ee0_0 .var "DATAOUT", 15 0;
o0x7fc616b60988 .functor BUFZ 4, c4<zzzz>; HiZ drive
v0x5555758d6fc0_0 .net "MASKWREN", 3 0, o0x7fc616b60988;  0 drivers
o0x7fc616b609b8 .functor BUFZ 1, c4<z>; HiZ drive
v0x5555758d70a0_0 .net "POWEROFF", 0 0, o0x7fc616b609b8;  0 drivers
v0x5555758d7160_0 .net "SLEEP", 0 0, o0x7fc616b609e8;  0 drivers
o0x7fc616b60a18 .functor BUFZ 1, c4<z>; HiZ drive
v0x5555758d7220_0 .net "STANDBY", 0 0, o0x7fc616b60a18;  0 drivers
o0x7fc616b60a48 .functor BUFZ 1, c4<z>; HiZ drive
v0x5555758d72e0_0 .net "WREN", 0 0, o0x7fc616b60a48;  0 drivers
v0x5555758d73a0_0 .net *"_ivl_1", 0 0, L_0x555575907e60;  1 drivers
v0x5555758d7460_0 .var/i "i", 31 0;
v0x5555758d7540 .array "mem", 16383 0, 15 0;
v0x5555758d7600_0 .net "off", 0 0, L_0x555575907f60;  1 drivers
E_0x5555758d6ac0 .event posedge, v0x5555758d7600_0, v0x5555758d6d60_0;
E_0x5555758d6b40 .event negedge, v0x5555758d70a0_0;
L_0x555575907e60 .reduce/nor o0x7fc616b609b8;
S_0x5555756f52e0 .scope module, "SB_WARMBOOT" "SB_WARMBOOT" 18 2593;
 .timescale -12 -12;
    .port_info 0 /INPUT 1 "BOOT";
    .port_info 1 /INPUT 1 "S1";
    .port_info 2 /INPUT 1 "S0";
o0x7fc616b60ce8 .functor BUFZ 1, c4<z>; HiZ drive
v0x5555758d7800_0 .net "BOOT", 0 0, o0x7fc616b60ce8;  0 drivers
o0x7fc616b60d18 .functor BUFZ 1, c4<z>; HiZ drive
v0x5555758d78e0_0 .net "S0", 0 0, o0x7fc616b60d18;  0 drivers
o0x7fc616b60d48 .functor BUFZ 1, c4<z>; HiZ drive
v0x5555758d79a0_0 .net "S1", 0 0, o0x7fc616b60d48;  0 drivers
S_0x5555756cb590 .scope module, "Xor" "Xor" 33 7;
 .timescale -12 -12;
    .port_info 0 /INPUT 1 "a";
    .port_info 1 /INPUT 1 "b";
    .port_info 2 /OUTPUT 1 "out";
o0x7fc616b60e98 .functor BUFZ 1, c4<z>; HiZ drive
o0x7fc616b60ec8 .functor BUFZ 1, c4<z>; HiZ drive
L_0x555575908080 .functor XNOR 1, o0x7fc616b60e98, o0x7fc616b60ec8, C4<0>, C4<0>;
v0x5555758d7ac0_0 .net *"_ivl_0", 0 0, L_0x555575908080;  1 drivers
L_0x7fc6166d10f8 .functor BUFT 1, C4<0>, C4<0>, C4<0>, C4<0>;
v0x5555758d7b80_0 .net/2u *"_ivl_2", 0 0, L_0x7fc6166d10f8;  1 drivers
L_0x7fc6166d1140 .functor BUFT 1, C4<1>, C4<0>, C4<0>, C4<0>;
v0x5555758d7c60_0 .net/2u *"_ivl_4", 0 0, L_0x7fc6166d1140;  1 drivers
v0x5555758d7d50_0 .net "a", 0 0, o0x7fc616b60e98;  0 drivers
v0x5555758d7e10_0 .net "b", 0 0, o0x7fc616b60ec8;  0 drivers
v0x5555758d7ed0_0 .net "out", 0 0, L_0x5555759081b0;  1 drivers
L_0x5555759081b0 .functor MUXZ 1, L_0x7fc6166d1140, L_0x7fc6166d10f8, L_0x555575908080, C4<>;
    .scope S_0x5555758721c0;
T_3 ;
    %wait E_0x555575870dd0;
    %load/vec4 v0x5555756fed20_0;
    %flag_set/vec4 8;
    %jmp/0xz  T_3.0, 8;
    %load/vec4 v0x5555756fec60_0;
    %assign/vec4 v0x5555756fedc0_0, 0;
T_3.0 ;
    %jmp T_3;
    .thread T_3;
    .scope S_0x55557585a8b0;
T_4 ;
    %wait E_0x5555756fa390;
    %load/vec4 v0x5555756840e0_0;
    %flag_set/vec4 8;
    %jmp/0xz  T_4.0, 8;
    %pushi/vec4 1, 0, 1;
    %assign/vec4 v0x5555756841a0_0, 0;
    %jmp T_4.1;
T_4.0 ;
    %pushi/vec4 0, 0, 1;
    %assign/vec4 v0x5555756841a0_0, 0;
T_4.1 ;
    %jmp T_4;
    .thread T_4;
    .scope S_0x555575839f70;
T_5 ;
    %pushi/vec4 0, 0, 1;
    %store/vec4 v0x5555755d8890_0, 0, 1;
    %pushi/vec4 0, 0, 1;
    %store/vec4 v0x5555755d8950_0, 0, 1;
    %end;
    .thread T_5, $init;
    .scope S_0x555575839f70;
T_6 ;
    %wait E_0x555575882860;
    %load/vec4 v0x5555755c1f30_0;
    %flag_set/vec4 8;
    %jmp/0xz  T_6.0, 8;
    %load/vec4 v0x5555755c3860_0;
    %flag_set/vec4 8;
    %jmp/0 T_6.2, 8;
    %pushi/vec4 0, 0, 1;
    %jmp/1 T_6.3, 8;
T_6.2 ; End of true expr.
    %load/vec4 v0x5555755dc530_0;
    %jmp/0 T_6.3, 8;
 ; End of false expr.
    %blend;
T_6.3;
    %assign/vec4 v0x5555755d8890_0, 0;
T_6.0 ;
    %jmp T_6;
    .thread T_6;
    .scope S_0x555575839f70;
T_7 ;
    %wait E_0x555575871c20;
    %load/vec4 v0x5555755c3860_0;
    %flag_set/vec4 8;
    %jmp/0xz  T_7.0, 8;
    %pushi/vec4 0, 0, 1;
    %assign/vec4 v0x5555755d8950_0, 0;
    %jmp T_7.1;
T_7.0 ;
    %load/vec4 v0x5555755c1f30_0;
    %flag_set/vec4 8;
    %jmp/0xz  T_7.2, 8;
    %load/vec4 v0x5555755dc530_0;
    %assign/vec4 v0x5555755d8950_0, 0;
T_7.2 ;
T_7.1 ;
    %jmp T_7;
    .thread T_7;
    .scope S_0x5555755de260;
T_8 ;
    %pushi/vec4 0, 0, 32;
    %store/vec4 v0x5555755bf5d0_0, 0, 32;
T_8.0 ; Top of for-loop
    %load/vec4 v0x5555755bf5d0_0;
    %cmpi/s 16, 0, 32;
	  %jmp/0xz T_8.1, 5;
    %pushi/vec4 0, 0, 256;
    %load/vec4 v0x5555755bf5d0_0;
    %muli 16, 0, 32;
    %part/s 16;
    %pushi/vec4 0, 0, 32;
    %load/vec4 v0x5555755bf5d0_0;
    %add;
    %ix/vec4/s 4;
    %store/vec4a v0x5555755bf6b0, 4, 0;
    %pushi/vec4 0, 0, 256;
    %load/vec4 v0x5555755bf5d0_0;
    %muli 16, 0, 32;
    %part/s 16;
    %pushi/vec4 16, 0, 32;
    %load/vec4 v0x5555755bf5d0_0;
    %add;
    %ix/vec4/s 4;
    %store/vec4a v0x5555755bf6b0, 4, 0;
    %pushi/vec4 0, 0, 256;
    %load/vec4 v0x5555755bf5d0_0;
    %muli 16, 0, 32;
    %part/s 16;
    %pushi/vec4 32, 0, 32;
    %load/vec4 v0x5555755bf5d0_0;
    %add;
    %ix/vec4/s 4;
    %store/vec4a v0x5555755bf6b0, 4, 0;
    %pushi/vec4 0, 0, 256;
    %load/vec4 v0x5555755bf5d0_0;
    %muli 16, 0, 32;
    %part/s 16;
    %pushi/vec4 48, 0, 32;
    %load/vec4 v0x5555755bf5d0_0;
    %add;
    %ix/vec4/s 4;
    %store/vec4a v0x5555755bf6b0, 4, 0;
    %pushi/vec4 0, 0, 256;
    %load/vec4 v0x5555755bf5d0_0;
    %muli 16, 0, 32;
    %part/s 16;
    %pushi/vec4 64, 0, 32;
    %load/vec4 v0x5555755bf5d0_0;
    %add;
    %ix/vec4/s 4;
    %store/vec4a v0x5555755bf6b0, 4, 0;
    %pushi/vec4 0, 0, 256;
    %load/vec4 v0x5555755bf5d0_0;
    %muli 16, 0, 32;
    %part/s 16;
    %pushi/vec4 80, 0, 32;
    %load/vec4 v0x5555755bf5d0_0;
    %add;
    %ix/vec4/s 4;
    %store/vec4a v0x5555755bf6b0, 4, 0;
    %pushi/vec4 0, 0, 256;
    %load/vec4 v0x5555755bf5d0_0;
    %muli 16, 0, 32;
    %part/s 16;
    %pushi/vec4 96, 0, 32;
    %load/vec4 v0x5555755bf5d0_0;
    %add;
    %ix/vec4/s 4;
    %store/vec4a v0x5555755bf6b0, 4, 0;
    %pushi/vec4 0, 0, 256;
    %load/vec4 v0x5555755bf5d0_0;
    %muli 16, 0, 32;
    %part/s 16;
    %pushi/vec4 112, 0, 32;
    %load/vec4 v0x5555755bf5d0_0;
    %add;
    %ix/vec4/s 4;
    %store/vec4a v0x5555755bf6b0, 4, 0;
    %pushi/vec4 0, 0, 256;
    %load/vec4 v0x5555755bf5d0_0;
    %muli 16, 0, 32;
    %part/s 16;
    %pushi/vec4 128, 0, 32;
    %load/vec4 v0x5555755bf5d0_0;
    %add;
    %ix/vec4/s 4;
    %store/vec4a v0x5555755bf6b0, 4, 0;
    %pushi/vec4 0, 0, 256;
    %load/vec4 v0x5555755bf5d0_0;
    %muli 16, 0, 32;
    %part/s 16;
    %pushi/vec4 144, 0, 32;
    %load/vec4 v0x5555755bf5d0_0;
    %add;
    %ix/vec4/s 4;
    %store/vec4a v0x5555755bf6b0, 4, 0;
    %pushi/vec4 0, 0, 256;
    %load/vec4 v0x5555755bf5d0_0;
    %muli 16, 0, 32;
    %part/s 16;
    %pushi/vec4 160, 0, 32;
    %load/vec4 v0x5555755bf5d0_0;
    %add;
    %ix/vec4/s 4;
    %store/vec4a v0x5555755bf6b0, 4, 0;
    %pushi/vec4 0, 0, 256;
    %load/vec4 v0x5555755bf5d0_0;
    %muli 16, 0, 32;
    %part/s 16;
    %pushi/vec4 176, 0, 32;
    %load/vec4 v0x5555755bf5d0_0;
    %add;
    %ix/vec4/s 4;
    %store/vec4a v0x5555755bf6b0, 4, 0;
    %pushi/vec4 0, 0, 256;
    %load/vec4 v0x5555755bf5d0_0;
    %muli 16, 0, 32;
    %part/s 16;
    %pushi/vec4 192, 0, 32;
    %load/vec4 v0x5555755bf5d0_0;
    %add;
    %ix/vec4/s 4;
    %store/vec4a v0x5555755bf6b0, 4, 0;
    %pushi/vec4 0, 0, 256;
    %load/vec4 v0x5555755bf5d0_0;
    %muli 16, 0, 32;
    %part/s 16;
    %pushi/vec4 208, 0, 32;
    %load/vec4 v0x5555755bf5d0_0;
    %add;
    %ix/vec4/s 4;
    %store/vec4a v0x5555755bf6b0, 4, 0;
    %pushi/vec4 0, 0, 256;
    %load/vec4 v0x5555755bf5d0_0;
    %muli 16, 0, 32;
    %part/s 16;
    %pushi/vec4 224, 0, 32;
    %load/vec4 v0x5555755bf5d0_0;
    %add;
    %ix/vec4/s 4;
    %store/vec4a v0x5555755bf6b0, 4, 0;
    %pushi/vec4 0, 0, 256;
    %load/vec4 v0x5555755bf5d0_0;
    %muli 16, 0, 32;
    %part/s 16;
    %pushi/vec4 240, 0, 32;
    %load/vec4 v0x5555755bf5d0_0;
    %add;
    %ix/vec4/s 4;
    %store/vec4a v0x5555755bf6b0, 4, 0;
T_8.2 ; for-loop step statement
    %load/vec4 v0x5555755bf5d0_0;
    %addi 1, 0, 32;
    %store/vec4 v0x5555755bf5d0_0, 0, 32;
    %jmp T_8.0;
T_8.1 ; for-loop exit label
    %end;
    .thread T_8;
    .scope S_0x5555755de260;
T_9 ;
    %wait E_0x5555755c84d0;
    %load/vec4 v0x5555755c0bb0_0;
    %flag_set/vec4 9;
    %flag_get/vec4 9;
    %jmp/0 T_9.2, 9;
    %load/vec4 v0x5555755c0930_0;
    %and;
T_9.2;
    %flag_set/vec4 8;
    %jmp/0xz  T_9.0, 8;
    %load/vec4 v0x5555755c0c70_0;
    %parti/s 1, 0, 2;
    %nor/r;
    %flag_set/vec4 8;
    %jmp/0xz  T_9.3, 8;
    %load/vec4 v0x5555755c0ad0_0;
    %parti/s 1, 0, 2;
    %load/vec4 v0x5555755ca5f0_0;
    %parti/s 8, 0, 2;
    %pad/u 10;
    %ix/vec4 3;
    %ix/load 4, 0, 0; Constant delay
    %assign/vec4/a/d v0x5555755bf6b0, 0, 4;
T_9.3 ;
    %load/vec4 v0x5555755c0c70_0;
    %parti/s 1, 1, 2;
    %nor/r;
    %flag_set/vec4 8;
    %jmp/0xz  T_9.5, 8;
    %load/vec4 v0x5555755c0ad0_0;
    %parti/s 1, 1, 2;
    %load/vec4 v0x5555755ca5f0_0;
    %parti/s 8, 0, 2;
    %pad/u 10;
    %ix/vec4 3;
    %ix/load 4, 1, 0; part off
    %ix/load 5, 0, 0; Constant delay
    %assign/vec4/a/d v0x5555755bf6b0, 4, 5;
T_9.5 ;
    %load/vec4 v0x5555755c0c70_0;
    %parti/s 1, 2, 3;
    %nor/r;
    %flag_set/vec4 8;
    %jmp/0xz  T_9.7, 8;
    %load/vec4 v0x5555755c0ad0_0;
    %parti/s 1, 2, 3;
    %load/vec4 v0x5555755ca5f0_0;
    %parti/s 8, 0, 2;
    %pad/u 10;
    %ix/vec4 3;
    %ix/load 4, 2, 0; part off
    %ix/load 5, 0, 0; Constant delay
    %assign/vec4/a/d v0x5555755bf6b0, 4, 5;
T_9.7 ;
    %load/vec4 v0x5555755c0c70_0;
    %parti/s 1, 3, 3;
    %nor/r;
    %flag_set/vec4 8;
    %jmp/0xz  T_9.9, 8;
    %load/vec4 v0x5555755c0ad0_0;
    %parti/s 1, 3, 3;
    %load/vec4 v0x5555755ca5f0_0;
    %parti/s 8, 0, 2;
    %pad/u 10;
    %ix/vec4 3;
    %ix/load 4, 3, 0; part off
    %ix/load 5, 0, 0; Constant delay
    %assign/vec4/a/d v0x5555755bf6b0, 4, 5;
T_9.9 ;
    %load/vec4 v0x5555755c0c70_0;
    %parti/s 1, 4, 4;
    %nor/r;
    %flag_set/vec4 8;
    %jmp/0xz  T_9.11, 8;
    %load/vec4 v0x5555755c0ad0_0;
    %parti/s 1, 4, 4;
    %load/vec4 v0x5555755ca5f0_0;
    %parti/s 8, 0, 2;
    %pad/u 10;
    %ix/vec4 3;
    %ix/load 4, 4, 0; part off
    %ix/load 5, 0, 0; Constant delay
    %assign/vec4/a/d v0x5555755bf6b0, 4, 5;
T_9.11 ;
    %load/vec4 v0x5555755c0c70_0;
    %parti/s 1, 5, 4;
    %nor/r;
    %flag_set/vec4 8;
    %jmp/0xz  T_9.13, 8;
    %load/vec4 v0x5555755c0ad0_0;
    %parti/s 1, 5, 4;
    %load/vec4 v0x5555755ca5f0_0;
    %parti/s 8, 0, 2;
    %pad/u 10;
    %ix/vec4 3;
    %ix/load 4, 5, 0; part off
    %ix/load 5, 0, 0; Constant delay
    %assign/vec4/a/d v0x5555755bf6b0, 4, 5;
T_9.13 ;
    %load/vec4 v0x5555755c0c70_0;
    %parti/s 1, 6, 4;
    %nor/r;
    %flag_set/vec4 8;
    %jmp/0xz  T_9.15, 8;
    %load/vec4 v0x5555755c0ad0_0;
    %parti/s 1, 6, 4;
    %load/vec4 v0x5555755ca5f0_0;
    %parti/s 8, 0, 2;
    %pad/u 10;
    %ix/vec4 3;
    %ix/load 4, 6, 0; part off
    %ix/load 5, 0, 0; Constant delay
    %assign/vec4/a/d v0x5555755bf6b0, 4, 5;
T_9.15 ;
    %load/vec4 v0x5555755c0c70_0;
    %parti/s 1, 7, 4;
    %nor/r;
    %flag_set/vec4 8;
    %jmp/0xz  T_9.17, 8;
    %load/vec4 v0x5555755c0ad0_0;
    %parti/s 1, 7, 4;
    %load/vec4 v0x5555755ca5f0_0;
    %parti/s 8, 0, 2;
    %pad/u 10;
    %ix/vec4 3;
    %ix/load 4, 7, 0; part off
    %ix/load 5, 0, 0; Constant delay
    %assign/vec4/a/d v0x5555755bf6b0, 4, 5;
T_9.17 ;
    %load/vec4 v0x5555755c0c70_0;
    %parti/s 1, 8, 5;
    %nor/r;
    %flag_set/vec4 8;
    %jmp/0xz  T_9.19, 8;
    %load/vec4 v0x5555755c0ad0_0;
    %parti/s 1, 8, 5;
    %load/vec4 v0x5555755ca5f0_0;
    %parti/s 8, 0, 2;
    %pad/u 10;
    %ix/vec4 3;
    %ix/load 4, 8, 0; part off
    %ix/load 5, 0, 0; Constant delay
    %assign/vec4/a/d v0x5555755bf6b0, 4, 5;
T_9.19 ;
    %load/vec4 v0x5555755c0c70_0;
    %parti/s 1, 9, 5;
    %nor/r;
    %flag_set/vec4 8;
    %jmp/0xz  T_9.21, 8;
    %load/vec4 v0x5555755c0ad0_0;
    %parti/s 1, 9, 5;
    %load/vec4 v0x5555755ca5f0_0;
    %parti/s 8, 0, 2;
    %pad/u 10;
    %ix/vec4 3;
    %ix/load 4, 9, 0; part off
    %ix/load 5, 0, 0; Constant delay
    %assign/vec4/a/d v0x5555755bf6b0, 4, 5;
T_9.21 ;
    %load/vec4 v0x5555755c0c70_0;
    %parti/s 1, 10, 5;
    %nor/r;
    %flag_set/vec4 8;
    %jmp/0xz  T_9.23, 8;
    %load/vec4 v0x5555755c0ad0_0;
    %parti/s 1, 10, 5;
    %load/vec4 v0x5555755ca5f0_0;
    %parti/s 8, 0, 2;
    %pad/u 10;
    %ix/vec4 3;
    %ix/load 4, 10, 0; part off
    %ix/load 5, 0, 0; Constant delay
    %assign/vec4/a/d v0x5555755bf6b0, 4, 5;
T_9.23 ;
    %load/vec4 v0x5555755c0c70_0;
    %parti/s 1, 11, 5;
    %nor/r;
    %flag_set/vec4 8;
    %jmp/0xz  T_9.25, 8;
    %load/vec4 v0x5555755c0ad0_0;
    %parti/s 1, 11, 5;
    %load/vec4 v0x5555755ca5f0_0;
    %parti/s 8, 0, 2;
    %pad/u 10;
    %ix/vec4 3;
    %ix/load 4, 11, 0; part off
    %ix/load 5, 0, 0; Constant delay
    %assign/vec4/a/d v0x5555755bf6b0, 4, 5;
T_9.25 ;
    %load/vec4 v0x5555755c0c70_0;
    %parti/s 1, 12, 5;
    %nor/r;
    %flag_set/vec4 8;
    %jmp/0xz  T_9.27, 8;
    %load/vec4 v0x5555755c0ad0_0;
    %parti/s 1, 12, 5;
    %load/vec4 v0x5555755ca5f0_0;
    %parti/s 8, 0, 2;
    %pad/u 10;
    %ix/vec4 3;
    %ix/load 4, 12, 0; part off
    %ix/load 5, 0, 0; Constant delay
    %assign/vec4/a/d v0x5555755bf6b0, 4, 5;
T_9.27 ;
    %load/vec4 v0x5555755c0c70_0;
    %parti/s 1, 13, 5;
    %nor/r;
    %flag_set/vec4 8;
    %jmp/0xz  T_9.29, 8;
    %load/vec4 v0x5555755c0ad0_0;
    %parti/s 1, 13, 5;
    %load/vec4 v0x5555755ca5f0_0;
    %parti/s 8, 0, 2;
    %pad/u 10;
    %ix/vec4 3;
    %ix/load 4, 13, 0; part off
    %ix/load 5, 0, 0; Constant delay
    %assign/vec4/a/d v0x5555755bf6b0, 4, 5;
T_9.29 ;
    %load/vec4 v0x5555755c0c70_0;
    %parti/s 1, 14, 5;
    %nor/r;
    %flag_set/vec4 8;
    %jmp/0xz  T_9.31, 8;
    %load/vec4 v0x5555755c0ad0_0;
    %parti/s 1, 14, 5;
    %load/vec4 v0x5555755ca5f0_0;
    %parti/s 8, 0, 2;
    %pad/u 10;
    %ix/vec4 3;
    %ix/load 4, 14, 0; part off
    %ix/load 5, 0, 0; Constant delay
    %assign/vec4/a/d v0x5555755bf6b0, 4, 5;
T_9.31 ;
    %load/vec4 v0x5555755c0c70_0;
    %parti/s 1, 15, 5;
    %nor/r;
    %flag_set/vec4 8;
    %jmp/0xz  T_9.33, 8;
    %load/vec4 v0x5555755c0ad0_0;
    %parti/s 1, 15, 5;
    %load/vec4 v0x5555755ca5f0_0;
    %parti/s 8, 0, 2;
    %pad/u 10;
    %ix/vec4 3;
    %ix/load 4, 15, 0; part off
    %ix/load 5, 0, 0; Constant delay
    %assign/vec4/a/d v0x5555755bf6b0, 4, 5;
T_9.33 ;
T_9.0 ;
    %jmp T_9;
    .thread T_9;
    .scope S_0x5555755de260;
T_10 ;
    %wait E_0x5555755c3cb0;
    %load/vec4 v0x5555755ca450_0;
    %flag_set/vec4 9;
    %flag_get/vec4 9;
    %jmp/0 T_10.2, 9;
    %load/vec4 v0x5555755ca1f0_0;
    %and;
T_10.2;
    %flag_set/vec4 8;
    %jmp/0xz  T_10.0, 8;
    %load/vec4 v0x5555755d8c30_0;
    %parti/s 8, 0, 2;
    %pad/u 10;
    %ix/vec4 4;
    %load/vec4a v0x5555755bf6b0, 4;
    %load/vec4 v0x5555755ca510_0;
    %inv;
    %and;
    %assign/vec4 v0x5555755ca370_0, 0;
T_10.0 ;
    %jmp T_10;
    .thread T_10;
    .scope S_0x5555758a8410;
T_11 ;
    %wait E_0x5555756f8530;
    %load/vec4 v0x5555758a8810_0;
    %flag_set/vec4 8;
    %jmp/0xz  T_11.0, 8;
    %load/vec4 v0x5555758a8730_0;
    %assign/vec4 v0x5555758a88e0_0, 0;
T_11.0 ;
    %jmp T_11;
    .thread T_11;
    .scope S_0x5555757edc50;
T_12 ;
    %pushi/vec4 1, 0, 1;
    %store/vec4 v0x5555758a8c70_0, 0, 1;
    %pushi/vec4 0, 0, 1;
    %store/vec4 v0x5555758a8d10_0, 0, 1;
    %pushi/vec4 0, 0, 16;
    %store/vec4 v0x5555758a8f80_0, 0, 16;
    %end;
    .thread T_12, $init;
    .scope S_0x5555757edc50;
T_13 ;
    %delay 1, 0;
    %load/vec4 v0x5555758a8c70_0;
    %inv;
    %store/vec4 v0x5555758a8c70_0, 0, 1;
    %jmp T_13;
    .thread T_13;
    .scope S_0x5555757edc50;
T_14 ;
    %wait E_0x5555756f8530;
    %vpi_func 31 21 "$random" 32 {0 0 0};
    %pad/s 16;
    %assign/vec4 v0x5555758a8db0_0, 0;
    %vpi_func 31 22 "$random" 32 {0 0 0};
    %pad/s 1;
    %assign/vec4 v0x5555758a8eb0_0, 0;
    %jmp T_14;
    .thread T_14;
    .scope S_0x5555757edc50;
T_15 ;
    %wait E_0x5555756f8530;
    %load/vec4 v0x5555758a8eb0_0;
    %flag_set/vec4 8;
    %jmp/0 T_15.0, 8;
    %load/vec4 v0x5555758a8db0_0;
    %jmp/1 T_15.1, 8;
T_15.0 ; End of true expr.
    %load/vec4 v0x5555758a9070_0;
    %jmp/0 T_15.1, 8;
 ; End of false expr.
    %blend;
T_15.1;
    %assign/vec4 v0x5555758a9130_0, 0;
    %jmp T_15;
    .thread T_15;
    .scope S_0x5555757edc50;
T_16 ;
    %vpi_call/w 31 39 "$dumpvars", 32'sb00000000000000000000000000000000, S_0x5555757edc50 {0 0 0};
    %vpi_call/w 31 41 "$display", "------------------------" {0 0 0};
    %vpi_call/w 31 42 "$display", "Testbench: Register" {0 0 0};
    %pushi/vec4 0, 0, 16;
    %store/vec4 v0x5555758a8f80_0, 0, 16;
T_16.0 ; Top of for-loop
    %load/vec4 v0x5555758a8f80_0;
    %pad/u 32;
    %cmpi/u 1000, 0, 32;
	  %jmp/0xz T_16.1, 5;
    %fork TD_Register_tb.check, S_0x5555758a8a70;
    %join;
T_16.2 ; for-loop step statement
    %load/vec4 v0x5555758a8f80_0;
    %addi 1, 0, 16;
    %store/vec4 v0x5555758a8f80_0, 0, 16;
    %jmp T_16.0;
T_16.1 ; for-loop exit label
    %load/vec4 v0x5555758a8d10_0;
    %pad/u 32;
    %cmpi/e 0, 0, 32;
    %jmp/0xz  T_16.3, 4;
    %vpi_call/w 31 47 "$display", "passed" {0 0 0};
T_16.3 ;
    %vpi_call/w 31 48 "$display", "------------------------" {0 0 0};
    %vpi_call/w 31 49 "$finish" {0 0 0};
    %end;
    .thread T_16;
    .scope S_0x555575895240;
T_17 ;
    %pushi/vec4 0, 0, 1;
    %store/vec4 v0x5555758a9a50_0, 0, 1;
    %end;
    .thread T_17;
    .scope S_0x555575895240;
T_18 ;
    %wait E_0x5555758a9830;
    %load/vec4 v0x5555758a9990_0;
    %assign/vec4 v0x5555758a9a50_0, 0;
    %jmp T_18;
    .thread T_18;
    .scope S_0x555575882fd0;
T_19 ;
    %pushi/vec4 0, 0, 1;
    %store/vec4 v0x5555758a9e40_0, 0, 1;
    %end;
    .thread T_19;
    .scope S_0x555575882fd0;
T_20 ;
    %wait E_0x5555758a9b70;
    %load/vec4 v0x5555758a9d70_0;
    %flag_set/vec4 8;
    %jmp/0xz  T_20.0, 8;
    %load/vec4 v0x5555758a9cb0_0;
    %assign/vec4 v0x5555758a9e40_0, 0;
T_20.0 ;
    %jmp T_20;
    .thread T_20;
    .scope S_0x555575882bf0;
T_21 ;
    %pushi/vec4 0, 0, 1;
    %store/vec4 v0x5555758aa270_0, 0, 1;
    %end;
    .thread T_21;
    .scope S_0x555575882bf0;
T_22 ;
    %wait E_0x5555758a9fb0;
    %load/vec4 v0x5555758aa330_0;
    %flag_set/vec4 8;
    %jmp/0xz  T_22.0, 8;
    %pushi/vec4 0, 0, 1;
    %assign/vec4 v0x5555758aa270_0, 0;
    %jmp T_22.1;
T_22.0 ;
    %load/vec4 v0x5555758aa1d0_0;
    %flag_set/vec4 8;
    %jmp/0xz  T_22.2, 8;
    %load/vec4 v0x5555758aa110_0;
    %assign/vec4 v0x5555758aa270_0, 0;
T_22.2 ;
T_22.1 ;
    %jmp T_22;
    .thread T_22;
    .scope S_0x555575871120;
T_23 ;
    %pushi/vec4 0, 0, 1;
    %store/vec4 v0x5555758aa7a0_0, 0, 1;
    %end;
    .thread T_23;
    .scope S_0x555575871120;
T_24 ;
    %wait E_0x5555758aa4e0;
    %load/vec4 v0x5555758aa860_0;
    %flag_set/vec4 8;
    %jmp/0xz  T_24.0, 8;
    %pushi/vec4 1, 0, 1;
    %assign/vec4 v0x5555758aa7a0_0, 0;
    %jmp T_24.1;
T_24.0 ;
    %load/vec4 v0x5555758aa700_0;
    %flag_set/vec4 8;
    %jmp/0xz  T_24.2, 8;
    %load/vec4 v0x5555758aa640_0;
    %assign/vec4 v0x5555758aa7a0_0, 0;
T_24.2 ;
T_24.1 ;
    %jmp T_24;
    .thread T_24;
    .scope S_0x55557584b360;
T_25 ;
    %pushi/vec4 0, 0, 1;
    %store/vec4 v0x5555758aacd0_0, 0, 1;
    %end;
    .thread T_25;
    .scope S_0x55557584b360;
T_26 ;
    %wait E_0x5555758aaa10;
    %load/vec4 v0x5555758aac30_0;
    %flag_set/vec4 8;
    %jmp/0xz  T_26.0, 8;
    %load/vec4 v0x5555758aad90_0;
    %flag_set/vec4 8;
    %jmp/0xz  T_26.2, 8;
    %pushi/vec4 0, 0, 1;
    %assign/vec4 v0x5555758aacd0_0, 0;
    %jmp T_26.3;
T_26.2 ;
    %load/vec4 v0x5555758aab70_0;
    %assign/vec4 v0x5555758aacd0_0, 0;
T_26.3 ;
T_26.0 ;
    %jmp T_26;
    .thread T_26;
    .scope S_0x55557584a9e0;
T_27 ;
    %pushi/vec4 0, 0, 1;
    %store/vec4 v0x5555758ab200_0, 0, 1;
    %end;
    .thread T_27;
    .scope S_0x55557584a9e0;
T_28 ;
    %wait E_0x5555758aaf40;
    %load/vec4 v0x5555758ab160_0;
    %flag_set/vec4 8;
    %jmp/0xz  T_28.0, 8;
    %load/vec4 v0x5555758ab2c0_0;
    %flag_set/vec4 8;
    %jmp/0xz  T_28.2, 8;
    %pushi/vec4 1, 0, 1;
    %assign/vec4 v0x5555758ab200_0, 0;
    %jmp T_28.3;
T_28.2 ;
    %load/vec4 v0x5555758ab0a0_0;
    %assign/vec4 v0x5555758ab200_0, 0;
T_28.3 ;
T_28.0 ;
    %jmp T_28;
    .thread T_28;
    .scope S_0x555575846aa0;
T_29 ;
    %pushi/vec4 0, 0, 1;
    %store/vec4 v0x5555758ab690_0, 0, 1;
    %end;
    .thread T_29;
    .scope S_0x555575846aa0;
T_30 ;
    %wait E_0x5555758ab470;
    %load/vec4 v0x5555758ab5d0_0;
    %assign/vec4 v0x5555758ab690_0, 0;
    %jmp T_30;
    .thread T_30;
    .scope S_0x555575845d20;
T_31 ;
    %pushi/vec4 0, 0, 1;
    %store/vec4 v0x5555758aba80_0, 0, 1;
    %end;
    .thread T_31;
    .scope S_0x555575845d20;
T_32 ;
    %wait E_0x5555758ab7b0;
    %load/vec4 v0x5555758ab9b0_0;
    %flag_set/vec4 8;
    %jmp/0xz  T_32.0, 8;
    %load/vec4 v0x5555758ab8f0_0;
    %assign/vec4 v0x5555758aba80_0, 0;
T_32.0 ;
    %jmp T_32;
    .thread T_32;
    .scope S_0x555575844fa0;
T_33 ;
    %pushi/vec4 0, 0, 1;
    %store/vec4 v0x5555758abeb0_0, 0, 1;
    %end;
    .thread T_33;
    .scope S_0x555575844fa0;
T_34 ;
    %wait E_0x5555758abbf0;
    %load/vec4 v0x5555758abf70_0;
    %flag_set/vec4 8;
    %jmp/0xz  T_34.0, 8;
    %pushi/vec4 0, 0, 1;
    %assign/vec4 v0x5555758abeb0_0, 0;
    %jmp T_34.1;
T_34.0 ;
    %load/vec4 v0x5555758abe10_0;
    %flag_set/vec4 8;
    %jmp/0xz  T_34.2, 8;
    %load/vec4 v0x5555758abd50_0;
    %assign/vec4 v0x5555758abeb0_0, 0;
T_34.2 ;
T_34.1 ;
    %jmp T_34;
    .thread T_34;
    .scope S_0x555575842390;
T_35 ;
    %pushi/vec4 0, 0, 1;
    %store/vec4 v0x5555758ac3e0_0, 0, 1;
    %end;
    .thread T_35;
    .scope S_0x555575842390;
T_36 ;
    %wait E_0x5555758ac120;
    %load/vec4 v0x5555758ac4a0_0;
    %flag_set/vec4 8;
    %jmp/0xz  T_36.0, 8;
    %pushi/vec4 1, 0, 1;
    %assign/vec4 v0x5555758ac3e0_0, 0;
    %jmp T_36.1;
T_36.0 ;
    %load/vec4 v0x5555758ac340_0;
    %flag_set/vec4 8;
    %jmp/0xz  T_36.2, 8;
    %load/vec4 v0x5555758ac280_0;
    %assign/vec4 v0x5555758ac3e0_0, 0;
T_36.2 ;
T_36.1 ;
    %jmp T_36;
    .thread T_36;
    .scope S_0x55557585a320;
T_37 ;
    %pushi/vec4 0, 0, 1;
    %store/vec4 v0x5555758ac910_0, 0, 1;
    %end;
    .thread T_37;
    .scope S_0x55557585a320;
T_38 ;
    %wait E_0x5555758ac650;
    %load/vec4 v0x5555758ac870_0;
    %flag_set/vec4 8;
    %jmp/0xz  T_38.0, 8;
    %load/vec4 v0x5555758ac9d0_0;
    %flag_set/vec4 8;
    %jmp/0xz  T_38.2, 8;
    %pushi/vec4 0, 0, 1;
    %assign/vec4 v0x5555758ac910_0, 0;
    %jmp T_38.3;
T_38.2 ;
    %load/vec4 v0x5555758ac7b0_0;
    %assign/vec4 v0x5555758ac910_0, 0;
T_38.3 ;
T_38.0 ;
    %jmp T_38;
    .thread T_38;
    .scope S_0x555575855ff0;
T_39 ;
    %pushi/vec4 0, 0, 1;
    %store/vec4 v0x5555758ace40_0, 0, 1;
    %end;
    .thread T_39;
    .scope S_0x555575855ff0;
T_40 ;
    %wait E_0x5555758acb80;
    %load/vec4 v0x5555758acda0_0;
    %flag_set/vec4 8;
    %jmp/0xz  T_40.0, 8;
    %load/vec4 v0x5555758acf00_0;
    %flag_set/vec4 8;
    %jmp/0xz  T_40.2, 8;
    %pushi/vec4 1, 0, 1;
    %assign/vec4 v0x5555758ace40_0, 0;
    %jmp T_40.3;
T_40.2 ;
    %load/vec4 v0x5555758acce0_0;
    %assign/vec4 v0x5555758ace40_0, 0;
T_40.3 ;
T_40.0 ;
    %jmp T_40;
    .thread T_40;
    .scope S_0x555575844220;
T_41 ;
    %pushi/vec4 0, 0, 1;
    %store/vec4 v0x5555758ad2d0_0, 0, 1;
    %end;
    .thread T_41;
    .scope S_0x555575844220;
T_42 ;
    %wait E_0x5555758ad0b0;
    %load/vec4 v0x5555758ad370_0;
    %flag_set/vec4 8;
    %jmp/0xz  T_42.0, 8;
    %pushi/vec4 0, 0, 1;
    %assign/vec4 v0x5555758ad2d0_0, 0;
    %jmp T_42.1;
T_42.0 ;
    %load/vec4 v0x5555758ad210_0;
    %assign/vec4 v0x5555758ad2d0_0, 0;
T_42.1 ;
    %jmp T_42;
    .thread T_42;
    .scope S_0x555575854cd0;
T_43 ;
    %pushi/vec4 0, 0, 1;
    %store/vec4 v0x5555758ad700_0, 0, 1;
    %end;
    .thread T_43;
    .scope S_0x555575854cd0;
T_44 ;
    %wait E_0x5555758ad4e0;
    %load/vec4 v0x5555758ad7a0_0;
    %flag_set/vec4 8;
    %jmp/0xz  T_44.0, 8;
    %pushi/vec4 1, 0, 1;
    %assign/vec4 v0x5555758ad700_0, 0;
    %jmp T_44.1;
T_44.0 ;
    %load/vec4 v0x5555758ad640_0;
    %assign/vec4 v0x5555758ad700_0, 0;
T_44.1 ;
    %jmp T_44;
    .thread T_44;
    .scope S_0x55557584fe50;
T_45 ;
    %pushi/vec4 0, 0, 1;
    %store/vec4 v0x5555758adb30_0, 0, 1;
    %end;
    .thread T_45;
    .scope S_0x55557584fe50;
T_46 ;
    %wait E_0x5555758ad910;
    %load/vec4 v0x5555758adbd0_0;
    %flag_set/vec4 8;
    %jmp/0xz  T_46.0, 8;
    %pushi/vec4 0, 0, 1;
    %assign/vec4 v0x5555758adb30_0, 0;
    %jmp T_46.1;
T_46.0 ;
    %load/vec4 v0x5555758ada70_0;
    %assign/vec4 v0x5555758adb30_0, 0;
T_46.1 ;
    %jmp T_46;
    .thread T_46;
    .scope S_0x55557583f530;
T_47 ;
    %pushi/vec4 0, 0, 1;
    %store/vec4 v0x5555758adf60_0, 0, 1;
    %end;
    .thread T_47;
    .scope S_0x55557583f530;
T_48 ;
    %wait E_0x5555758add40;
    %load/vec4 v0x5555758ae000_0;
    %flag_set/vec4 8;
    %jmp/0xz  T_48.0, 8;
    %pushi/vec4 1, 0, 1;
    %assign/vec4 v0x5555758adf60_0, 0;
    %jmp T_48.1;
T_48.0 ;
    %load/vec4 v0x5555758adea0_0;
    %assign/vec4 v0x5555758adf60_0, 0;
T_48.1 ;
    %jmp T_48;
    .thread T_48;
    .scope S_0x555575841c20;
T_49 ;
    %pushi/vec4 0, 0, 1;
    %store/vec4 v0x5555758ae390_0, 0, 1;
    %end;
    .thread T_49;
    .scope S_0x555575841c20;
T_50 ;
    %wait E_0x5555758ae170;
    %load/vec4 v0x5555758ae430_0;
    %flag_set/vec4 8;
    %jmp/0xz  T_50.0, 8;
    %pushi/vec4 0, 0, 1;
    %assign/vec4 v0x5555758ae390_0, 0;
    %jmp T_50.1;
T_50.0 ;
    %load/vec4 v0x5555758ae2d0_0;
    %assign/vec4 v0x5555758ae390_0, 0;
T_50.1 ;
    %jmp T_50;
    .thread T_50;
    .scope S_0x555575840ed0;
T_51 ;
    %pushi/vec4 0, 0, 1;
    %store/vec4 v0x5555758ae7c0_0, 0, 1;
    %end;
    .thread T_51;
    .scope S_0x555575840ed0;
T_52 ;
    %wait E_0x5555758ae5a0;
    %load/vec4 v0x5555758ae860_0;
    %flag_set/vec4 8;
    %jmp/0xz  T_52.0, 8;
    %pushi/vec4 1, 0, 1;
    %assign/vec4 v0x5555758ae7c0_0, 0;
    %jmp T_52.1;
T_52.0 ;
    %load/vec4 v0x5555758ae700_0;
    %assign/vec4 v0x5555758ae7c0_0, 0;
T_52.1 ;
    %jmp T_52;
    .thread T_52;
    .scope S_0x555575840200;
T_53 ;
    %pushi/vec4 0, 0, 1;
    %store/vec4 v0x5555758aebf0_0, 0, 1;
    %end;
    .thread T_53;
    .scope S_0x555575840200;
T_54 ;
    %wait E_0x5555758ae9d0;
    %load/vec4 v0x5555758aec90_0;
    %flag_set/vec4 8;
    %jmp/0xz  T_54.0, 8;
    %pushi/vec4 0, 0, 1;
    %assign/vec4 v0x5555758aebf0_0, 0;
    %jmp T_54.1;
T_54.0 ;
    %load/vec4 v0x5555758aeb30_0;
    %assign/vec4 v0x5555758aebf0_0, 0;
T_54.1 ;
    %jmp T_54;
    .thread T_54;
    .scope S_0x555575817190;
T_55 ;
    %pushi/vec4 0, 0, 1;
    %store/vec4 v0x5555758af020_0, 0, 1;
    %end;
    .thread T_55;
    .scope S_0x555575817190;
T_56 ;
    %wait E_0x5555758aee00;
    %load/vec4 v0x5555758af0c0_0;
    %flag_set/vec4 8;
    %jmp/0xz  T_56.0, 8;
    %pushi/vec4 1, 0, 1;
    %assign/vec4 v0x5555758af020_0, 0;
    %jmp T_56.1;
T_56.0 ;
    %load/vec4 v0x5555758aef60_0;
    %assign/vec4 v0x5555758af020_0, 0;
T_56.1 ;
    %jmp T_56;
    .thread T_56;
    .scope S_0x5555758afcd0;
T_57 ;
    %wait E_0x5555758afff0;
    %load/vec4 v0x5555758b0a60_0;
    %assign/vec4 v0x5555758b0b20_0, 0;
    %jmp T_57;
    .thread T_57;
    .scope S_0x5555758afcd0;
T_58 ;
    %wait E_0x5555758afff0;
    %load/vec4 v0x5555758b0a60_0;
    %flag_set/vec4 8;
    %jmp/0xz  T_58.0, 8;
    %load/vec4 v0x5555758b0800_0;
    %assign/vec4 v0x5555758b0f30_0, 0;
T_58.0 ;
    %jmp T_58;
    .thread T_58;
    .scope S_0x5555758afcd0;
T_59 ;
    %wait E_0x5555758aff90;
    %load/vec4 v0x5555758b0b20_0;
    %flag_set/vec4 8;
    %jmp/0xz  T_59.0, 8;
    %load/vec4 v0x5555758b0800_0;
    %assign/vec4 v0x5555758b0ff0_0, 0;
T_59.0 ;
    %jmp T_59;
    .thread T_59;
    .scope S_0x5555758afcd0;
T_60 ;
    %wait E_0x5555758afeb0;
    %load/vec4 v0x5555758b0a60_0;
    %assign/vec4 v0x5555758b0be0_0, 0;
    %jmp T_60;
    .thread T_60;
    .scope S_0x5555758afcd0;
T_61 ;
    %wait E_0x5555758afeb0;
    %load/vec4 v0x5555758b0a60_0;
    %flag_set/vec4 8;
    %jmp/0xz  T_61.0, 8;
    %load/vec4 v0x5555758b02a0_0;
    %assign/vec4 v0x5555758b1170_0, 0;
T_61.0 ;
    %jmp T_61;
    .thread T_61;
    .scope S_0x5555758afcd0;
T_62 ;
    %wait E_0x5555758aff30;
    %load/vec4 v0x5555758b0be0_0;
    %flag_set/vec4 8;
    %jmp/0xz  T_62.0, 8;
    %load/vec4 v0x5555758b0360_0;
    %assign/vec4 v0x5555758b1230_0, 0;
T_62.0 ;
    %jmp T_62;
    .thread T_62;
    .scope S_0x5555758afcd0;
T_63 ;
    %wait E_0x5555758afeb0;
    %load/vec4 v0x5555758b0a60_0;
    %flag_set/vec4 8;
    %jmp/0xz  T_63.0, 8;
    %load/vec4 v0x5555758b06b0_0;
    %assign/vec4 v0x5555758b1470_0, 0;
T_63.0 ;
    %jmp T_63;
    .thread T_63;
    .scope S_0x5555758af610;
T_64 ;
    %wait E_0x5555758afc40;
    %load/vec4 v0x5555758b0f30_0;
    %store/vec4 v0x5555758b0ca0_0, 0, 1;
    %load/vec4 v0x5555758b0ff0_0;
    %store/vec4 v0x5555758b0d60_0, 0, 1;
    %jmp T_64;
    .thread T_64, $push;
    .scope S_0x5555758af610;
T_65 ;
    %wait E_0x5555758afbe0;
    %load/vec4 v0x5555758b05f0_0;
    %assign/vec4 v0x5555758b12f0_0, 0;
    %jmp T_65;
    .thread T_65, $push;
    .scope S_0x5555758af610;
T_66 ;
    %wait E_0x5555758afb80;
    %load/vec4 v0x5555758b12f0_0;
    %assign/vec4 v0x5555758b13b0_0, 0;
    %jmp T_66;
    .thread T_66, $push;
    .scope S_0x5555758af610;
T_67 ;
    %wait E_0x5555758afb20;
    %load/vec4 v0x5555758b13b0_0;
    %pushi/vec4 0, 0, 1;
    %xor;
    %flag_set/vec4 8;
    %jmp/1 T_67.2, 8;
    %pushi/vec4 0, 0, 1;
    %flag_set/vec4 9;
    %flag_or 8, 9;
T_67.2;
    %jmp/0 T_67.0, 8;
    %load/vec4 v0x5555758b1170_0;
    %jmp/1 T_67.1, 8;
T_67.0 ; End of true expr.
    %load/vec4 v0x5555758b1230_0;
    %jmp/0 T_67.1, 8;
 ; End of false expr.
    %blend;
T_67.1;
    %store/vec4 v0x5555758b10b0_0, 0, 1;
    %jmp T_67;
    .thread T_67, $push;
    .scope S_0x5555758b5130;
T_68 ;
    %wait E_0x5555758b5400;
    %load/vec4 v0x5555758b5490_0;
    %flag_set/vec4 8;
    %jmp/0xz  T_68.0, 8;
    %load/vec4 v0x5555758b5b80_0;
    %assign/vec4 v0x5555758b5f40_0, 0;
T_68.0 ;
    %jmp T_68;
    .thread T_68;
    .scope S_0x5555758b5130;
T_69 ;
    %wait E_0x5555758b53a0;
    %load/vec4 v0x5555758b5490_0;
    %flag_set/vec4 8;
    %jmp/0xz  T_69.0, 8;
    %load/vec4 v0x5555758b5b80_0;
    %assign/vec4 v0x5555758b6000_0, 0;
T_69.0 ;
    %jmp T_69;
    .thread T_69;
    .scope S_0x5555758b5130;
T_70 ;
    %wait E_0x5555758b52c0;
    %load/vec4 v0x5555758b5490_0;
    %flag_set/vec4 8;
    %jmp/0xz  T_70.0, 8;
    %load/vec4 v0x5555758b56b0_0;
    %assign/vec4 v0x5555758b6180_0, 0;
T_70.0 ;
    %jmp T_70;
    .thread T_70;
    .scope S_0x5555758b5130;
T_71 ;
    %wait E_0x5555758b5340;
    %load/vec4 v0x5555758b5490_0;
    %flag_set/vec4 8;
    %jmp/0xz  T_71.0, 8;
    %load/vec4 v0x5555758b5770_0;
    %assign/vec4 v0x5555758b6240_0, 0;
T_71.0 ;
    %jmp T_71;
    .thread T_71;
    .scope S_0x5555758b5130;
T_72 ;
    %wait E_0x5555758b52c0;
    %load/vec4 v0x5555758b5490_0;
    %flag_set/vec4 8;
    %jmp/0xz  T_72.0, 8;
    %load/vec4 v0x5555758b5ac0_0;
    %assign/vec4 v0x5555758b6480_0, 0;
T_72.0 ;
    %jmp T_72;
    .thread T_72;
    .scope S_0x5555757e6a00;
T_73 ;
    %wait E_0x5555758b50a0;
    %load/vec4 v0x5555758b5f40_0;
    %store/vec4 v0x5555758b5dc0_0, 0, 1;
    %load/vec4 v0x5555758b6000_0;
    %store/vec4 v0x5555758b5e80_0, 0, 1;
    %jmp T_73;
    .thread T_73, $push;
    .scope S_0x5555757e6a00;
T_74 ;
    %wait E_0x5555758b5040;
    %load/vec4 v0x5555758b5a00_0;
    %assign/vec4 v0x5555758b6300_0, 0;
    %jmp T_74;
    .thread T_74, $push;
    .scope S_0x5555757e6a00;
T_75 ;
    %wait E_0x5555758b4fe0;
    %load/vec4 v0x5555758b6300_0;
    %assign/vec4 v0x5555758b63c0_0, 0;
    %jmp T_75;
    .thread T_75, $push;
    .scope S_0x5555757e6a00;
T_76 ;
    %wait E_0x5555758b4f60;
    %load/vec4 v0x5555758b63c0_0;
    %pushi/vec4 0, 0, 1;
    %xor;
    %flag_set/vec4 8;
    %jmp/1 T_76.2, 8;
    %pushi/vec4 0, 0, 1;
    %flag_set/vec4 9;
    %flag_or 8, 9;
T_76.2;
    %jmp/0 T_76.0, 8;
    %load/vec4 v0x5555758b6180_0;
    %jmp/1 T_76.1, 8;
T_76.0 ; End of true expr.
    %load/vec4 v0x5555758b6240_0;
    %jmp/0 T_76.1, 8;
 ; End of false expr.
    %blend;
T_76.1;
    %store/vec4 v0x5555758b60c0_0, 0, 1;
    %jmp T_76;
    .thread T_76, $push;
    .scope S_0x5555758b6900;
T_77 ;
    %wait E_0x5555758b6bd0;
    %load/vec4 v0x5555758b6c60_0;
    %flag_set/vec4 8;
    %jmp/0xz  T_77.0, 8;
    %load/vec4 v0x5555758b7350_0;
    %assign/vec4 v0x5555758b7590_0, 0;
T_77.0 ;
    %jmp T_77;
    .thread T_77;
    .scope S_0x5555758b6900;
T_78 ;
    %wait E_0x5555758b6b70;
    %load/vec4 v0x5555758b6c60_0;
    %flag_set/vec4 8;
    %jmp/0xz  T_78.0, 8;
    %load/vec4 v0x5555758b7350_0;
    %assign/vec4 v0x5555758b7650_0, 0;
T_78.0 ;
    %jmp T_78;
    .thread T_78;
    .scope S_0x5555758b6900;
T_79 ;
    %wait E_0x5555758b6a90;
    %load/vec4 v0x5555758b6c60_0;
    %flag_set/vec4 8;
    %jmp/0xz  T_79.0, 8;
    %load/vec4 v0x5555758b6e80_0;
    %assign/vec4 v0x5555758b77d0_0, 0;
T_79.0 ;
    %jmp T_79;
    .thread T_79;
    .scope S_0x5555758b6900;
T_80 ;
    %wait E_0x5555758b6b10;
    %load/vec4 v0x5555758b6c60_0;
    %flag_set/vec4 8;
    %jmp/0xz  T_80.0, 8;
    %load/vec4 v0x5555758b6f40_0;
    %assign/vec4 v0x5555758b7890_0, 0;
T_80.0 ;
    %jmp T_80;
    .thread T_80;
    .scope S_0x5555758b6900;
T_81 ;
    %wait E_0x5555758b6a90;
    %load/vec4 v0x5555758b6c60_0;
    %flag_set/vec4 8;
    %jmp/0xz  T_81.0, 8;
    %load/vec4 v0x5555758b7290_0;
    %assign/vec4 v0x5555758b7be0_0, 0;
T_81.0 ;
    %jmp T_81;
    .thread T_81;
    .scope S_0x5555757e4b60;
T_82 ;
    %wait E_0x5555758b6870;
    %load/vec4 v0x5555758b7590_0;
    %store/vec4 v0x5555758b7410_0, 0, 1;
    %load/vec4 v0x5555758b7650_0;
    %store/vec4 v0x5555758b74d0_0, 0, 1;
    %jmp T_82;
    .thread T_82, $push;
    .scope S_0x5555757e4b60;
T_83 ;
    %wait E_0x5555758b6810;
    %load/vec4 v0x5555758b71d0_0;
    %assign/vec4 v0x5555758b7a60_0, 0;
    %jmp T_83;
    .thread T_83, $push;
    .scope S_0x5555757e4b60;
T_84 ;
    %wait E_0x5555758b67b0;
    %load/vec4 v0x5555758b7a60_0;
    %assign/vec4 v0x5555758b7b20_0, 0;
    %jmp T_84;
    .thread T_84, $push;
    .scope S_0x5555757e4b60;
T_85 ;
    %wait E_0x5555758b6730;
    %load/vec4 v0x5555758b7b20_0;
    %pushi/vec4 0, 0, 1;
    %xor;
    %flag_set/vec4 8;
    %jmp/1 T_85.2, 8;
    %pushi/vec4 0, 0, 1;
    %flag_set/vec4 9;
    %flag_or 8, 9;
T_85.2;
    %jmp/0 T_85.0, 8;
    %load/vec4 v0x5555758b77d0_0;
    %jmp/1 T_85.1, 8;
T_85.0 ; End of true expr.
    %load/vec4 v0x5555758b7890_0;
    %jmp/0 T_85.1, 8;
 ; End of false expr.
    %blend;
T_85.1;
    %store/vec4 v0x5555758b7710_0, 0, 1;
    %jmp T_85;
    .thread T_85, $push;
    .scope S_0x5555757e15b0;
T_86 ;
    %wait E_0x5555758ba5f0;
    %load/vec4 v0x5555758bb980_0;
    %flag_set/vec4 8;
    %jmp/0xz  T_86.0, 8;
    %pushi/vec4 0, 0, 16;
    %assign/vec4 v0x5555758c15f0_0, 0;
    %pushi/vec4 0, 0, 16;
    %assign/vec4 v0x5555758c1430_0, 0;
    %jmp T_86.1;
T_86.0 ;
    %load/vec4 v0x5555758bb190_0;
    %flag_set/vec4 8;
    %jmp/0xz  T_86.2, 8;
    %load/vec4 v0x5555758bb250_0;
    %nor/r;
    %flag_set/vec4 8;
    %jmp/0xz  T_86.4, 8;
    %load/vec4 v0x5555758bb0b0_0;
    %assign/vec4 v0x5555758c15f0_0, 0;
T_86.4 ;
    %load/vec4 v0x5555758baa40_0;
    %nor/r;
    %flag_set/vec4 8;
    %jmp/0xz  T_86.6, 8;
    %load/vec4 v0x5555758ba680_0;
    %assign/vec4 v0x5555758c1430_0, 0;
T_86.6 ;
T_86.2 ;
T_86.1 ;
    %jmp T_86;
    .thread T_86;
    .scope S_0x5555757e15b0;
T_87 ;
    %wait E_0x5555758ba590;
    %load/vec4 v0x5555758bb8c0_0;
    %flag_set/vec4 8;
    %jmp/0xz  T_87.0, 8;
    %pushi/vec4 0, 0, 16;
    %assign/vec4 v0x5555758c1510_0, 0;
    %pushi/vec4 0, 0, 16;
    %assign/vec4 v0x5555758c16d0_0, 0;
    %jmp T_87.1;
T_87.0 ;
    %load/vec4 v0x5555758bb190_0;
    %flag_set/vec4 8;
    %jmp/0xz  T_87.2, 8;
    %load/vec4 v0x5555758bae30_0;
    %nor/r;
    %flag_set/vec4 8;
    %jmp/0xz  T_87.4, 8;
    %load/vec4 v0x5555758bacc0_0;
    %assign/vec4 v0x5555758c1510_0, 0;
T_87.4 ;
    %load/vec4 v0x5555758bb740_0;
    %nor/r;
    %flag_set/vec4 8;
    %jmp/0xz  T_87.6, 8;
    %load/vec4 v0x5555758bb660_0;
    %assign/vec4 v0x5555758c16d0_0, 0;
T_87.6 ;
T_87.2 ;
T_87.1 ;
    %jmp T_87;
    .thread T_87;
    .scope S_0x5555757e15b0;
T_88 ;
    %wait E_0x5555758ba5f0;
    %load/vec4 v0x5555758bb980_0;
    %flag_set/vec4 8;
    %jmp/0xz  T_88.0, 8;
    %pushi/vec4 0, 0, 16;
    %assign/vec4 v0x5555758c1fc0_0, 0;
    %pushi/vec4 0, 0, 16;
    %assign/vec4 v0x5555758c2260_0, 0;
    %jmp T_88.1;
T_88.0 ;
    %load/vec4 v0x5555758bb190_0;
    %flag_set/vec4 8;
    %jmp/0xz  T_88.2, 8;
    %load/vec4 v0x5555758c10b0_0;
    %assign/vec4 v0x5555758c1fc0_0, 0;
    %load/vec4 v0x5555758c1270_0;
    %assign/vec4 v0x5555758c2260_0, 0;
T_88.2 ;
T_88.1 ;
    %jmp T_88;
    .thread T_88;
    .scope S_0x5555757e15b0;
T_89 ;
    %wait E_0x5555758ba590;
    %load/vec4 v0x5555758bb8c0_0;
    %flag_set/vec4 8;
    %jmp/0xz  T_89.0, 8;
    %pushi/vec4 0, 0, 16;
    %assign/vec4 v0x5555758c2340_0, 0;
    %pushi/vec4 0, 0, 16;
    %assign/vec4 v0x5555758c20a0_0, 0;
    %jmp T_89.1;
T_89.0 ;
    %load/vec4 v0x5555758bb190_0;
    %flag_set/vec4 8;
    %jmp/0xz  T_89.2, 8;
    %load/vec4 v0x5555758c1190_0;
    %assign/vec4 v0x5555758c2340_0, 0;
    %load/vec4 v0x5555758c1350_0;
    %assign/vec4 v0x5555758c20a0_0, 0;
T_89.2 ;
T_89.1 ;
    %jmp T_89;
    .thread T_89;
    .scope S_0x5555757e15b0;
T_90 ;
    %wait E_0x5555758ba590;
    %load/vec4 v0x5555758bb8c0_0;
    %flag_set/vec4 8;
    %jmp/0xz  T_90.0, 8;
    %pushi/vec4 0, 0, 32;
    %assign/vec4 v0x5555758c2180_0, 0;
    %jmp T_90.1;
T_90.0 ;
    %load/vec4 v0x5555758bb190_0;
    %flag_set/vec4 8;
    %jmp/0xz  T_90.2, 8;
    %load/vec4 v0x5555758c08d0_0;
    %assign/vec4 v0x5555758c2180_0, 0;
T_90.2 ;
T_90.1 ;
    %jmp T_90;
    .thread T_90;
    .scope S_0x5555757e15b0;
T_91 ;
    %wait E_0x5555758ba530;
    %load/vec4 v0x5555758bc060_0;
    %flag_set/vec4 8;
    %jmp/0xz  T_91.0, 8;
    %pushi/vec4 0, 0, 16;
    %assign/vec4 v0x5555758c2420_0, 0;
    %jmp T_91.1;
T_91.0 ;
    %load/vec4 v0x5555758bb190_0;
    %flag_set/vec4 8;
    %jmp/0xz  T_91.2, 8;
    %load/vec4 v0x5555758bbd60_0;
    %nor/r;
    %flag_set/vec4 8;
    %jmp/0xz  T_91.4, 8;
    %load/vec4 v0x5555758c09b0_0;
    %assign/vec4 v0x5555758c2420_0, 0;
T_91.4 ;
T_91.2 ;
T_91.1 ;
    %jmp T_91;
    .thread T_91;
    .scope S_0x5555757e15b0;
T_92 ;
    %wait E_0x5555758ba4b0;
    %load/vec4 v0x5555758bbfa0_0;
    %flag_set/vec4 8;
    %jmp/0xz  T_92.0, 8;
    %pushi/vec4 0, 0, 16;
    %assign/vec4 v0x5555758c2500_0, 0;
    %jmp T_92.1;
T_92.0 ;
    %load/vec4 v0x5555758bb190_0;
    %flag_set/vec4 8;
    %jmp/0xz  T_92.2, 8;
    %load/vec4 v0x5555758bbca0_0;
    %nor/r;
    %flag_set/vec4 8;
    %jmp/0xz  T_92.4, 8;
    %load/vec4 v0x5555758c0b70_0;
    %assign/vec4 v0x5555758c2500_0, 0;
T_92.4 ;
T_92.2 ;
T_92.1 ;
    %jmp T_92;
    .thread T_92;
    .scope S_0x5555758c67a0;
T_93 ;
    %pushi/vec4 0, 0, 32;
    %store/vec4 v0x5555758c9a50_0, 0, 32;
T_93.0 ; Top of for-loop
    %load/vec4 v0x5555758c9a50_0;
    %cmpi/s 16, 0, 32;
	  %jmp/0xz T_93.1, 5;
    %pushi/vec4 0, 0, 256;
    %load/vec4 v0x5555758c9a50_0;
    %muli 16, 0, 32;
    %part/s 16;
    %pushi/vec4 0, 0, 32;
    %load/vec4 v0x5555758c9a50_0;
    %add;
    %ix/vec4/s 4;
    %store/vec4a v0x5555758c9b30, 4, 0;
    %pushi/vec4 0, 0, 256;
    %load/vec4 v0x5555758c9a50_0;
    %muli 16, 0, 32;
    %part/s 16;
    %pushi/vec4 16, 0, 32;
    %load/vec4 v0x5555758c9a50_0;
    %add;
    %ix/vec4/s 4;
    %store/vec4a v0x5555758c9b30, 4, 0;
    %pushi/vec4 0, 0, 256;
    %load/vec4 v0x5555758c9a50_0;
    %muli 16, 0, 32;
    %part/s 16;
    %pushi/vec4 32, 0, 32;
    %load/vec4 v0x5555758c9a50_0;
    %add;
    %ix/vec4/s 4;
    %store/vec4a v0x5555758c9b30, 4, 0;
    %pushi/vec4 0, 0, 256;
    %load/vec4 v0x5555758c9a50_0;
    %muli 16, 0, 32;
    %part/s 16;
    %pushi/vec4 48, 0, 32;
    %load/vec4 v0x5555758c9a50_0;
    %add;
    %ix/vec4/s 4;
    %store/vec4a v0x5555758c9b30, 4, 0;
    %pushi/vec4 0, 0, 256;
    %load/vec4 v0x5555758c9a50_0;
    %muli 16, 0, 32;
    %part/s 16;
    %pushi/vec4 64, 0, 32;
    %load/vec4 v0x5555758c9a50_0;
    %add;
    %ix/vec4/s 4;
    %store/vec4a v0x5555758c9b30, 4, 0;
    %pushi/vec4 0, 0, 256;
    %load/vec4 v0x5555758c9a50_0;
    %muli 16, 0, 32;
    %part/s 16;
    %pushi/vec4 80, 0, 32;
    %load/vec4 v0x5555758c9a50_0;
    %add;
    %ix/vec4/s 4;
    %store/vec4a v0x5555758c9b30, 4, 0;
    %pushi/vec4 0, 0, 256;
    %load/vec4 v0x5555758c9a50_0;
    %muli 16, 0, 32;
    %part/s 16;
    %pushi/vec4 96, 0, 32;
    %load/vec4 v0x5555758c9a50_0;
    %add;
    %ix/vec4/s 4;
    %store/vec4a v0x5555758c9b30, 4, 0;
    %pushi/vec4 0, 0, 256;
    %load/vec4 v0x5555758c9a50_0;
    %muli 16, 0, 32;
    %part/s 16;
    %pushi/vec4 112, 0, 32;
    %load/vec4 v0x5555758c9a50_0;
    %add;
    %ix/vec4/s 4;
    %store/vec4a v0x5555758c9b30, 4, 0;
    %pushi/vec4 0, 0, 256;
    %load/vec4 v0x5555758c9a50_0;
    %muli 16, 0, 32;
    %part/s 16;
    %pushi/vec4 128, 0, 32;
    %load/vec4 v0x5555758c9a50_0;
    %add;
    %ix/vec4/s 4;
    %store/vec4a v0x5555758c9b30, 4, 0;
    %pushi/vec4 0, 0, 256;
    %load/vec4 v0x5555758c9a50_0;
    %muli 16, 0, 32;
    %part/s 16;
    %pushi/vec4 144, 0, 32;
    %load/vec4 v0x5555758c9a50_0;
    %add;
    %ix/vec4/s 4;
    %store/vec4a v0x5555758c9b30, 4, 0;
    %pushi/vec4 0, 0, 256;
    %load/vec4 v0x5555758c9a50_0;
    %muli 16, 0, 32;
    %part/s 16;
    %pushi/vec4 160, 0, 32;
    %load/vec4 v0x5555758c9a50_0;
    %add;
    %ix/vec4/s 4;
    %store/vec4a v0x5555758c9b30, 4, 0;
    %pushi/vec4 0, 0, 256;
    %load/vec4 v0x5555758c9a50_0;
    %muli 16, 0, 32;
    %part/s 16;
    %pushi/vec4 176, 0, 32;
    %load/vec4 v0x5555758c9a50_0;
    %add;
    %ix/vec4/s 4;
    %store/vec4a v0x5555758c9b30, 4, 0;
    %pushi/vec4 0, 0, 256;
    %load/vec4 v0x5555758c9a50_0;
    %muli 16, 0, 32;
    %part/s 16;
    %pushi/vec4 192, 0, 32;
    %load/vec4 v0x5555758c9a50_0;
    %add;
    %ix/vec4/s 4;
    %store/vec4a v0x5555758c9b30, 4, 0;
    %pushi/vec4 0, 0, 256;
    %load/vec4 v0x5555758c9a50_0;
    %muli 16, 0, 32;
    %part/s 16;
    %pushi/vec4 208, 0, 32;
    %load/vec4 v0x5555758c9a50_0;
    %add;
    %ix/vec4/s 4;
    %store/vec4a v0x5555758c9b30, 4, 0;
    %pushi/vec4 0, 0, 256;
    %load/vec4 v0x5555758c9a50_0;
    %muli 16, 0, 32;
    %part/s 16;
    %pushi/vec4 224, 0, 32;
    %load/vec4 v0x5555758c9a50_0;
    %add;
    %ix/vec4/s 4;
    %store/vec4a v0x5555758c9b30, 4, 0;
    %pushi/vec4 0, 0, 256;
    %load/vec4 v0x5555758c9a50_0;
    %muli 16, 0, 32;
    %part/s 16;
    %pushi/vec4 240, 0, 32;
    %load/vec4 v0x5555758c9a50_0;
    %add;
    %ix/vec4/s 4;
    %store/vec4a v0x5555758c9b30, 4, 0;
T_93.2 ; for-loop step statement
    %load/vec4 v0x5555758c9a50_0;
    %addi 1, 0, 32;
    %store/vec4 v0x5555758c9a50_0, 0, 32;
    %jmp T_93.0;
T_93.1 ; for-loop exit label
    %end;
    .thread T_93;
    .scope S_0x5555758c67a0;
T_94 ;
    %wait E_0x5555758c8560;
    %load/vec4 v0x5555758c98b0_0;
    %flag_set/vec4 9;
    %flag_get/vec4 9;
    %jmp/0 T_94.2, 9;
    %load/vec4 v0x5555758c9630_0;
    %and;
T_94.2;
    %flag_set/vec4 8;
    %jmp/0xz  T_94.0, 8;
    %load/vec4 v0x5555758c9970_0;
    %parti/s 1, 0, 2;
    %nor/r;
    %flag_set/vec4 8;
    %jmp/0xz  T_94.3, 8;
    %load/vec4 v0x5555758c97d0_0;
    %parti/s 1, 0, 2;
    %load/vec4 v0x5555758c9490_0;
    %parti/s 8, 0, 2;
    %pad/u 10;
    %ix/vec4 3;
    %ix/load 4, 0, 0; Constant delay
    %assign/vec4/a/d v0x5555758c9b30, 0, 4;
T_94.3 ;
    %load/vec4 v0x5555758c9970_0;
    %parti/s 1, 1, 2;
    %nor/r;
    %flag_set/vec4 8;
    %jmp/0xz  T_94.5, 8;
    %load/vec4 v0x5555758c97d0_0;
    %parti/s 1, 1, 2;
    %load/vec4 v0x5555758c9490_0;
    %parti/s 8, 0, 2;
    %pad/u 10;
    %ix/vec4 3;
    %ix/load 4, 1, 0; part off
    %ix/load 5, 0, 0; Constant delay
    %assign/vec4/a/d v0x5555758c9b30, 4, 5;
T_94.5 ;
    %load/vec4 v0x5555758c9970_0;
    %parti/s 1, 2, 3;
    %nor/r;
    %flag_set/vec4 8;
    %jmp/0xz  T_94.7, 8;
    %load/vec4 v0x5555758c97d0_0;
    %parti/s 1, 2, 3;
    %load/vec4 v0x5555758c9490_0;
    %parti/s 8, 0, 2;
    %pad/u 10;
    %ix/vec4 3;
    %ix/load 4, 2, 0; part off
    %ix/load 5, 0, 0; Constant delay
    %assign/vec4/a/d v0x5555758c9b30, 4, 5;
T_94.7 ;
    %load/vec4 v0x5555758c9970_0;
    %parti/s 1, 3, 3;
    %nor/r;
    %flag_set/vec4 8;
    %jmp/0xz  T_94.9, 8;
    %load/vec4 v0x5555758c97d0_0;
    %parti/s 1, 3, 3;
    %load/vec4 v0x5555758c9490_0;
    %parti/s 8, 0, 2;
    %pad/u 10;
    %ix/vec4 3;
    %ix/load 4, 3, 0; part off
    %ix/load 5, 0, 0; Constant delay
    %assign/vec4/a/d v0x5555758c9b30, 4, 5;
T_94.9 ;
    %load/vec4 v0x5555758c9970_0;
    %parti/s 1, 4, 4;
    %nor/r;
    %flag_set/vec4 8;
    %jmp/0xz  T_94.11, 8;
    %load/vec4 v0x5555758c97d0_0;
    %parti/s 1, 4, 4;
    %load/vec4 v0x5555758c9490_0;
    %parti/s 8, 0, 2;
    %pad/u 10;
    %ix/vec4 3;
    %ix/load 4, 4, 0; part off
    %ix/load 5, 0, 0; Constant delay
    %assign/vec4/a/d v0x5555758c9b30, 4, 5;
T_94.11 ;
    %load/vec4 v0x5555758c9970_0;
    %parti/s 1, 5, 4;
    %nor/r;
    %flag_set/vec4 8;
    %jmp/0xz  T_94.13, 8;
    %load/vec4 v0x5555758c97d0_0;
    %parti/s 1, 5, 4;
    %load/vec4 v0x5555758c9490_0;
    %parti/s 8, 0, 2;
    %pad/u 10;
    %ix/vec4 3;
    %ix/load 4, 5, 0; part off
    %ix/load 5, 0, 0; Constant delay
    %assign/vec4/a/d v0x5555758c9b30, 4, 5;
T_94.13 ;
    %load/vec4 v0x5555758c9970_0;
    %parti/s 1, 6, 4;
    %nor/r;
    %flag_set/vec4 8;
    %jmp/0xz  T_94.15, 8;
    %load/vec4 v0x5555758c97d0_0;
    %parti/s 1, 6, 4;
    %load/vec4 v0x5555758c9490_0;
    %parti/s 8, 0, 2;
    %pad/u 10;
    %ix/vec4 3;
    %ix/load 4, 6, 0; part off
    %ix/load 5, 0, 0; Constant delay
    %assign/vec4/a/d v0x5555758c9b30, 4, 5;
T_94.15 ;
    %load/vec4 v0x5555758c9970_0;
    %parti/s 1, 7, 4;
    %nor/r;
    %flag_set/vec4 8;
    %jmp/0xz  T_94.17, 8;
    %load/vec4 v0x5555758c97d0_0;
    %parti/s 1, 7, 4;
    %load/vec4 v0x5555758c9490_0;
    %parti/s 8, 0, 2;
    %pad/u 10;
    %ix/vec4 3;
    %ix/load 4, 7, 0; part off
    %ix/load 5, 0, 0; Constant delay
    %assign/vec4/a/d v0x5555758c9b30, 4, 5;
T_94.17 ;
    %load/vec4 v0x5555758c9970_0;
    %parti/s 1, 8, 5;
    %nor/r;
    %flag_set/vec4 8;
    %jmp/0xz  T_94.19, 8;
    %load/vec4 v0x5555758c97d0_0;
    %parti/s 1, 8, 5;
    %load/vec4 v0x5555758c9490_0;
    %parti/s 8, 0, 2;
    %pad/u 10;
    %ix/vec4 3;
    %ix/load 4, 8, 0; part off
    %ix/load 5, 0, 0; Constant delay
    %assign/vec4/a/d v0x5555758c9b30, 4, 5;
T_94.19 ;
    %load/vec4 v0x5555758c9970_0;
    %parti/s 1, 9, 5;
    %nor/r;
    %flag_set/vec4 8;
    %jmp/0xz  T_94.21, 8;
    %load/vec4 v0x5555758c97d0_0;
    %parti/s 1, 9, 5;
    %load/vec4 v0x5555758c9490_0;
    %parti/s 8, 0, 2;
    %pad/u 10;
    %ix/vec4 3;
    %ix/load 4, 9, 0; part off
    %ix/load 5, 0, 0; Constant delay
    %assign/vec4/a/d v0x5555758c9b30, 4, 5;
T_94.21 ;
    %load/vec4 v0x5555758c9970_0;
    %parti/s 1, 10, 5;
    %nor/r;
    %flag_set/vec4 8;
    %jmp/0xz  T_94.23, 8;
    %load/vec4 v0x5555758c97d0_0;
    %parti/s 1, 10, 5;
    %load/vec4 v0x5555758c9490_0;
    %parti/s 8, 0, 2;
    %pad/u 10;
    %ix/vec4 3;
    %ix/load 4, 10, 0; part off
    %ix/load 5, 0, 0; Constant delay
    %assign/vec4/a/d v0x5555758c9b30, 4, 5;
T_94.23 ;
    %load/vec4 v0x5555758c9970_0;
    %parti/s 1, 11, 5;
    %nor/r;
    %flag_set/vec4 8;
    %jmp/0xz  T_94.25, 8;
    %load/vec4 v0x5555758c97d0_0;
    %parti/s 1, 11, 5;
    %load/vec4 v0x5555758c9490_0;
    %parti/s 8, 0, 2;
    %pad/u 10;
    %ix/vec4 3;
    %ix/load 4, 11, 0; part off
    %ix/load 5, 0, 0; Constant delay
    %assign/vec4/a/d v0x5555758c9b30, 4, 5;
T_94.25 ;
    %load/vec4 v0x5555758c9970_0;
    %parti/s 1, 12, 5;
    %nor/r;
    %flag_set/vec4 8;
    %jmp/0xz  T_94.27, 8;
    %load/vec4 v0x5555758c97d0_0;
    %parti/s 1, 12, 5;
    %load/vec4 v0x5555758c9490_0;
    %parti/s 8, 0, 2;
    %pad/u 10;
    %ix/vec4 3;
    %ix/load 4, 12, 0; part off
    %ix/load 5, 0, 0; Constant delay
    %assign/vec4/a/d v0x5555758c9b30, 4, 5;
T_94.27 ;
    %load/vec4 v0x5555758c9970_0;
    %parti/s 1, 13, 5;
    %nor/r;
    %flag_set/vec4 8;
    %jmp/0xz  T_94.29, 8;
    %load/vec4 v0x5555758c97d0_0;
    %parti/s 1, 13, 5;
    %load/vec4 v0x5555758c9490_0;
    %parti/s 8, 0, 2;
    %pad/u 10;
    %ix/vec4 3;
    %ix/load 4, 13, 0; part off
    %ix/load 5, 0, 0; Constant delay
    %assign/vec4/a/d v0x5555758c9b30, 4, 5;
T_94.29 ;
    %load/vec4 v0x5555758c9970_0;
    %parti/s 1, 14, 5;
    %nor/r;
    %flag_set/vec4 8;
    %jmp/0xz  T_94.31, 8;
    %load/vec4 v0x5555758c97d0_0;
    %parti/s 1, 14, 5;
    %load/vec4 v0x5555758c9490_0;
    %parti/s 8, 0, 2;
    %pad/u 10;
    %ix/vec4 3;
    %ix/load 4, 14, 0; part off
    %ix/load 5, 0, 0; Constant delay
    %assign/vec4/a/d v0x5555758c9b30, 4, 5;
T_94.31 ;
    %load/vec4 v0x5555758c9970_0;
    %parti/s 1, 15, 5;
    %nor/r;
    %flag_set/vec4 8;
    %jmp/0xz  T_94.33, 8;
    %load/vec4 v0x5555758c97d0_0;
    %parti/s 1, 15, 5;
    %load/vec4 v0x5555758c9490_0;
    %parti/s 8, 0, 2;
    %pad/u 10;
    %ix/vec4 3;
    %ix/load 4, 15, 0; part off
    %ix/load 5, 0, 0; Constant delay
    %assign/vec4/a/d v0x5555758c9b30, 4, 5;
T_94.33 ;
T_94.0 ;
    %jmp T_94;
    .thread T_94;
    .scope S_0x5555758c67a0;
T_95 ;
    %wait E_0x5555758c84e0;
    %load/vec4 v0x5555758c92f0_0;
    %flag_set/vec4 9;
    %flag_get/vec4 9;
    %jmp/0 T_95.2, 9;
    %load/vec4 v0x5555758c9020_0;
    %and;
T_95.2;
    %flag_set/vec4 8;
    %jmp/0xz  T_95.0, 8;
    %load/vec4 v0x5555758c8e70_0;
    %parti/s 8, 0, 2;
    %pad/u 10;
    %ix/vec4 4;
    %load/vec4a v0x5555758c9b30, 4;
    %load/vec4 v0x5555758c93b0_0;
    %inv;
    %and;
    %assign/vec4 v0x5555758c9210_0, 0;
T_95.0 ;
    %jmp T_95;
    .thread T_95;
    .scope S_0x5555758ca830;
T_96 ;
    %pushi/vec4 0, 0, 32;
    %store/vec4 v0x5555758cdd90_0, 0, 32;
T_96.0 ; Top of for-loop
    %load/vec4 v0x5555758cdd90_0;
    %cmpi/s 16, 0, 32;
	  %jmp/0xz T_96.1, 5;
    %pushi/vec4 0, 0, 256;
    %load/vec4 v0x5555758cdd90_0;
    %muli 16, 0, 32;
    %part/s 16;
    %pushi/vec4 0, 0, 32;
    %load/vec4 v0x5555758cdd90_0;
    %add;
    %ix/vec4/s 4;
    %store/vec4a v0x5555758cde70, 4, 0;
    %pushi/vec4 0, 0, 256;
    %load/vec4 v0x5555758cdd90_0;
    %muli 16, 0, 32;
    %part/s 16;
    %pushi/vec4 16, 0, 32;
    %load/vec4 v0x5555758cdd90_0;
    %add;
    %ix/vec4/s 4;
    %store/vec4a v0x5555758cde70, 4, 0;
    %pushi/vec4 0, 0, 256;
    %load/vec4 v0x5555758cdd90_0;
    %muli 16, 0, 32;
    %part/s 16;
    %pushi/vec4 32, 0, 32;
    %load/vec4 v0x5555758cdd90_0;
    %add;
    %ix/vec4/s 4;
    %store/vec4a v0x5555758cde70, 4, 0;
    %pushi/vec4 0, 0, 256;
    %load/vec4 v0x5555758cdd90_0;
    %muli 16, 0, 32;
    %part/s 16;
    %pushi/vec4 48, 0, 32;
    %load/vec4 v0x5555758cdd90_0;
    %add;
    %ix/vec4/s 4;
    %store/vec4a v0x5555758cde70, 4, 0;
    %pushi/vec4 0, 0, 256;
    %load/vec4 v0x5555758cdd90_0;
    %muli 16, 0, 32;
    %part/s 16;
    %pushi/vec4 64, 0, 32;
    %load/vec4 v0x5555758cdd90_0;
    %add;
    %ix/vec4/s 4;
    %store/vec4a v0x5555758cde70, 4, 0;
    %pushi/vec4 0, 0, 256;
    %load/vec4 v0x5555758cdd90_0;
    %muli 16, 0, 32;
    %part/s 16;
    %pushi/vec4 80, 0, 32;
    %load/vec4 v0x5555758cdd90_0;
    %add;
    %ix/vec4/s 4;
    %store/vec4a v0x5555758cde70, 4, 0;
    %pushi/vec4 0, 0, 256;
    %load/vec4 v0x5555758cdd90_0;
    %muli 16, 0, 32;
    %part/s 16;
    %pushi/vec4 96, 0, 32;
    %load/vec4 v0x5555758cdd90_0;
    %add;
    %ix/vec4/s 4;
    %store/vec4a v0x5555758cde70, 4, 0;
    %pushi/vec4 0, 0, 256;
    %load/vec4 v0x5555758cdd90_0;
    %muli 16, 0, 32;
    %part/s 16;
    %pushi/vec4 112, 0, 32;
    %load/vec4 v0x5555758cdd90_0;
    %add;
    %ix/vec4/s 4;
    %store/vec4a v0x5555758cde70, 4, 0;
    %pushi/vec4 0, 0, 256;
    %load/vec4 v0x5555758cdd90_0;
    %muli 16, 0, 32;
    %part/s 16;
    %pushi/vec4 128, 0, 32;
    %load/vec4 v0x5555758cdd90_0;
    %add;
    %ix/vec4/s 4;
    %store/vec4a v0x5555758cde70, 4, 0;
    %pushi/vec4 0, 0, 256;
    %load/vec4 v0x5555758cdd90_0;
    %muli 16, 0, 32;
    %part/s 16;
    %pushi/vec4 144, 0, 32;
    %load/vec4 v0x5555758cdd90_0;
    %add;
    %ix/vec4/s 4;
    %store/vec4a v0x5555758cde70, 4, 0;
    %pushi/vec4 0, 0, 256;
    %load/vec4 v0x5555758cdd90_0;
    %muli 16, 0, 32;
    %part/s 16;
    %pushi/vec4 160, 0, 32;
    %load/vec4 v0x5555758cdd90_0;
    %add;
    %ix/vec4/s 4;
    %store/vec4a v0x5555758cde70, 4, 0;
    %pushi/vec4 0, 0, 256;
    %load/vec4 v0x5555758cdd90_0;
    %muli 16, 0, 32;
    %part/s 16;
    %pushi/vec4 176, 0, 32;
    %load/vec4 v0x5555758cdd90_0;
    %add;
    %ix/vec4/s 4;
    %store/vec4a v0x5555758cde70, 4, 0;
    %pushi/vec4 0, 0, 256;
    %load/vec4 v0x5555758cdd90_0;
    %muli 16, 0, 32;
    %part/s 16;
    %pushi/vec4 192, 0, 32;
    %load/vec4 v0x5555758cdd90_0;
    %add;
    %ix/vec4/s 4;
    %store/vec4a v0x5555758cde70, 4, 0;
    %pushi/vec4 0, 0, 256;
    %load/vec4 v0x5555758cdd90_0;
    %muli 16, 0, 32;
    %part/s 16;
    %pushi/vec4 208, 0, 32;
    %load/vec4 v0x5555758cdd90_0;
    %add;
    %ix/vec4/s 4;
    %store/vec4a v0x5555758cde70, 4, 0;
    %pushi/vec4 0, 0, 256;
    %load/vec4 v0x5555758cdd90_0;
    %muli 16, 0, 32;
    %part/s 16;
    %pushi/vec4 224, 0, 32;
    %load/vec4 v0x5555758cdd90_0;
    %add;
    %ix/vec4/s 4;
    %store/vec4a v0x5555758cde70, 4, 0;
    %pushi/vec4 0, 0, 256;
    %load/vec4 v0x5555758cdd90_0;
    %muli 16, 0, 32;
    %part/s 16;
    %pushi/vec4 240, 0, 32;
    %load/vec4 v0x5555758cdd90_0;
    %add;
    %ix/vec4/s 4;
    %store/vec4a v0x5555758cde70, 4, 0;
T_96.2 ; for-loop step statement
    %load/vec4 v0x5555758cdd90_0;
    %addi 1, 0, 32;
    %store/vec4 v0x5555758cdd90_0, 0, 32;
    %jmp T_96.0;
T_96.1 ; for-loop exit label
    %end;
    .thread T_96;
    .scope S_0x5555758ca830;
T_97 ;
    %wait E_0x5555758cc8a0;
    %load/vec4 v0x5555758cdbf0_0;
    %flag_set/vec4 9;
    %flag_get/vec4 9;
    %jmp/0 T_97.2, 9;
    %load/vec4 v0x5555758cd970_0;
    %and;
T_97.2;
    %flag_set/vec4 8;
    %jmp/0xz  T_97.0, 8;
    %load/vec4 v0x5555758cdcb0_0;
    %parti/s 1, 0, 2;
    %nor/r;
    %flag_set/vec4 8;
    %jmp/0xz  T_97.3, 8;
    %load/vec4 v0x5555758cdb10_0;
    %parti/s 1, 0, 2;
    %load/vec4 v0x5555758cd7d0_0;
    %parti/s 8, 0, 2;
    %pad/u 10;
    %ix/vec4 3;
    %ix/load 4, 0, 0; Constant delay
    %assign/vec4/a/d v0x5555758cde70, 0, 4;
T_97.3 ;
    %load/vec4 v0x5555758cdcb0_0;
    %parti/s 1, 1, 2;
    %nor/r;
    %flag_set/vec4 8;
    %jmp/0xz  T_97.5, 8;
    %load/vec4 v0x5555758cdb10_0;
    %parti/s 1, 1, 2;
    %load/vec4 v0x5555758cd7d0_0;
    %parti/s 8, 0, 2;
    %pad/u 10;
    %ix/vec4 3;
    %ix/load 4, 1, 0; part off
    %ix/load 5, 0, 0; Constant delay
    %assign/vec4/a/d v0x5555758cde70, 4, 5;
T_97.5 ;
    %load/vec4 v0x5555758cdcb0_0;
    %parti/s 1, 2, 3;
    %nor/r;
    %flag_set/vec4 8;
    %jmp/0xz  T_97.7, 8;
    %load/vec4 v0x5555758cdb10_0;
    %parti/s 1, 2, 3;
    %load/vec4 v0x5555758cd7d0_0;
    %parti/s 8, 0, 2;
    %pad/u 10;
    %ix/vec4 3;
    %ix/load 4, 2, 0; part off
    %ix/load 5, 0, 0; Constant delay
    %assign/vec4/a/d v0x5555758cde70, 4, 5;
T_97.7 ;
    %load/vec4 v0x5555758cdcb0_0;
    %parti/s 1, 3, 3;
    %nor/r;
    %flag_set/vec4 8;
    %jmp/0xz  T_97.9, 8;
    %load/vec4 v0x5555758cdb10_0;
    %parti/s 1, 3, 3;
    %load/vec4 v0x5555758cd7d0_0;
    %parti/s 8, 0, 2;
    %pad/u 10;
    %ix/vec4 3;
    %ix/load 4, 3, 0; part off
    %ix/load 5, 0, 0; Constant delay
    %assign/vec4/a/d v0x5555758cde70, 4, 5;
T_97.9 ;
    %load/vec4 v0x5555758cdcb0_0;
    %parti/s 1, 4, 4;
    %nor/r;
    %flag_set/vec4 8;
    %jmp/0xz  T_97.11, 8;
    %load/vec4 v0x5555758cdb10_0;
    %parti/s 1, 4, 4;
    %load/vec4 v0x5555758cd7d0_0;
    %parti/s 8, 0, 2;
    %pad/u 10;
    %ix/vec4 3;
    %ix/load 4, 4, 0; part off
    %ix/load 5, 0, 0; Constant delay
    %assign/vec4/a/d v0x5555758cde70, 4, 5;
T_97.11 ;
    %load/vec4 v0x5555758cdcb0_0;
    %parti/s 1, 5, 4;
    %nor/r;
    %flag_set/vec4 8;
    %jmp/0xz  T_97.13, 8;
    %load/vec4 v0x5555758cdb10_0;
    %parti/s 1, 5, 4;
    %load/vec4 v0x5555758cd7d0_0;
    %parti/s 8, 0, 2;
    %pad/u 10;
    %ix/vec4 3;
    %ix/load 4, 5, 0; part off
    %ix/load 5, 0, 0; Constant delay
    %assign/vec4/a/d v0x5555758cde70, 4, 5;
T_97.13 ;
    %load/vec4 v0x5555758cdcb0_0;
    %parti/s 1, 6, 4;
    %nor/r;
    %flag_set/vec4 8;
    %jmp/0xz  T_97.15, 8;
    %load/vec4 v0x5555758cdb10_0;
    %parti/s 1, 6, 4;
    %load/vec4 v0x5555758cd7d0_0;
    %parti/s 8, 0, 2;
    %pad/u 10;
    %ix/vec4 3;
    %ix/load 4, 6, 0; part off
    %ix/load 5, 0, 0; Constant delay
    %assign/vec4/a/d v0x5555758cde70, 4, 5;
T_97.15 ;
    %load/vec4 v0x5555758cdcb0_0;
    %parti/s 1, 7, 4;
    %nor/r;
    %flag_set/vec4 8;
    %jmp/0xz  T_97.17, 8;
    %load/vec4 v0x5555758cdb10_0;
    %parti/s 1, 7, 4;
    %load/vec4 v0x5555758cd7d0_0;
    %parti/s 8, 0, 2;
    %pad/u 10;
    %ix/vec4 3;
    %ix/load 4, 7, 0; part off
    %ix/load 5, 0, 0; Constant delay
    %assign/vec4/a/d v0x5555758cde70, 4, 5;
T_97.17 ;
    %load/vec4 v0x5555758cdcb0_0;
    %parti/s 1, 8, 5;
    %nor/r;
    %flag_set/vec4 8;
    %jmp/0xz  T_97.19, 8;
    %load/vec4 v0x5555758cdb10_0;
    %parti/s 1, 8, 5;
    %load/vec4 v0x5555758cd7d0_0;
    %parti/s 8, 0, 2;
    %pad/u 10;
    %ix/vec4 3;
    %ix/load 4, 8, 0; part off
    %ix/load 5, 0, 0; Constant delay
    %assign/vec4/a/d v0x5555758cde70, 4, 5;
T_97.19 ;
    %load/vec4 v0x5555758cdcb0_0;
    %parti/s 1, 9, 5;
    %nor/r;
    %flag_set/vec4 8;
    %jmp/0xz  T_97.21, 8;
    %load/vec4 v0x5555758cdb10_0;
    %parti/s 1, 9, 5;
    %load/vec4 v0x5555758cd7d0_0;
    %parti/s 8, 0, 2;
    %pad/u 10;
    %ix/vec4 3;
    %ix/load 4, 9, 0; part off
    %ix/load 5, 0, 0; Constant delay
    %assign/vec4/a/d v0x5555758cde70, 4, 5;
T_97.21 ;
    %load/vec4 v0x5555758cdcb0_0;
    %parti/s 1, 10, 5;
    %nor/r;
    %flag_set/vec4 8;
    %jmp/0xz  T_97.23, 8;
    %load/vec4 v0x5555758cdb10_0;
    %parti/s 1, 10, 5;
    %load/vec4 v0x5555758cd7d0_0;
    %parti/s 8, 0, 2;
    %pad/u 10;
    %ix/vec4 3;
    %ix/load 4, 10, 0; part off
    %ix/load 5, 0, 0; Constant delay
    %assign/vec4/a/d v0x5555758cde70, 4, 5;
T_97.23 ;
    %load/vec4 v0x5555758cdcb0_0;
    %parti/s 1, 11, 5;
    %nor/r;
    %flag_set/vec4 8;
    %jmp/0xz  T_97.25, 8;
    %load/vec4 v0x5555758cdb10_0;
    %parti/s 1, 11, 5;
    %load/vec4 v0x5555758cd7d0_0;
    %parti/s 8, 0, 2;
    %pad/u 10;
    %ix/vec4 3;
    %ix/load 4, 11, 0; part off
    %ix/load 5, 0, 0; Constant delay
    %assign/vec4/a/d v0x5555758cde70, 4, 5;
T_97.25 ;
    %load/vec4 v0x5555758cdcb0_0;
    %parti/s 1, 12, 5;
    %nor/r;
    %flag_set/vec4 8;
    %jmp/0xz  T_97.27, 8;
    %load/vec4 v0x5555758cdb10_0;
    %parti/s 1, 12, 5;
    %load/vec4 v0x5555758cd7d0_0;
    %parti/s 8, 0, 2;
    %pad/u 10;
    %ix/vec4 3;
    %ix/load 4, 12, 0; part off
    %ix/load 5, 0, 0; Constant delay
    %assign/vec4/a/d v0x5555758cde70, 4, 5;
T_97.27 ;
    %load/vec4 v0x5555758cdcb0_0;
    %parti/s 1, 13, 5;
    %nor/r;
    %flag_set/vec4 8;
    %jmp/0xz  T_97.29, 8;
    %load/vec4 v0x5555758cdb10_0;
    %parti/s 1, 13, 5;
    %load/vec4 v0x5555758cd7d0_0;
    %parti/s 8, 0, 2;
    %pad/u 10;
    %ix/vec4 3;
    %ix/load 4, 13, 0; part off
    %ix/load 5, 0, 0; Constant delay
    %assign/vec4/a/d v0x5555758cde70, 4, 5;
T_97.29 ;
    %load/vec4 v0x5555758cdcb0_0;
    %parti/s 1, 14, 5;
    %nor/r;
    %flag_set/vec4 8;
    %jmp/0xz  T_97.31, 8;
    %load/vec4 v0x5555758cdb10_0;
    %parti/s 1, 14, 5;
    %load/vec4 v0x5555758cd7d0_0;
    %parti/s 8, 0, 2;
    %pad/u 10;
    %ix/vec4 3;
    %ix/load 4, 14, 0; part off
    %ix/load 5, 0, 0; Constant delay
    %assign/vec4/a/d v0x5555758cde70, 4, 5;
T_97.31 ;
    %load/vec4 v0x5555758cdcb0_0;
    %parti/s 1, 15, 5;
    %nor/r;
    %flag_set/vec4 8;
    %jmp/0xz  T_97.33, 8;
    %load/vec4 v0x5555758cdb10_0;
    %parti/s 1, 15, 5;
    %load/vec4 v0x5555758cd7d0_0;
    %parti/s 8, 0, 2;
    %pad/u 10;
    %ix/vec4 3;
    %ix/load 4, 15, 0; part off
    %ix/load 5, 0, 0; Constant delay
    %assign/vec4/a/d v0x5555758cde70, 4, 5;
T_97.33 ;
T_97.0 ;
    %jmp T_97;
    .thread T_97;
    .scope S_0x5555758ca830;
T_98 ;
    %wait E_0x5555758cc820;
    %load/vec4 v0x5555758cd630_0;
    %flag_set/vec4 9;
    %flag_get/vec4 9;
    %jmp/0 T_98.2, 9;
    %load/vec4 v0x5555758cd360_0;
    %and;
T_98.2;
    %flag_set/vec4 8;
    %jmp/0xz  T_98.0, 8;
    %load/vec4 v0x5555758cd1b0_0;
    %parti/s 8, 0, 2;
    %pad/u 10;
    %ix/vec4 4;
    %load/vec4a v0x5555758cde70, 4;
    %load/vec4 v0x5555758cd6f0_0;
    %inv;
    %and;
    %assign/vec4 v0x5555758cd550_0, 0;
T_98.0 ;
    %jmp T_98;
    .thread T_98;
    .scope S_0x5555758ceb80;
T_99 ;
    %pushi/vec4 0, 0, 32;
    %store/vec4 v0x5555758d20e0_0, 0, 32;
T_99.0 ; Top of for-loop
    %load/vec4 v0x5555758d20e0_0;
    %cmpi/s 16, 0, 32;
	  %jmp/0xz T_99.1, 5;
    %pushi/vec4 0, 0, 256;
    %load/vec4 v0x5555758d20e0_0;
    %muli 16, 0, 32;
    %part/s 16;
    %pushi/vec4 0, 0, 32;
    %load/vec4 v0x5555758d20e0_0;
    %add;
    %ix/vec4/s 4;
    %store/vec4a v0x5555758d21c0, 4, 0;
    %pushi/vec4 0, 0, 256;
    %load/vec4 v0x5555758d20e0_0;
    %muli 16, 0, 32;
    %part/s 16;
    %pushi/vec4 16, 0, 32;
    %load/vec4 v0x5555758d20e0_0;
    %add;
    %ix/vec4/s 4;
    %store/vec4a v0x5555758d21c0, 4, 0;
    %pushi/vec4 0, 0, 256;
    %load/vec4 v0x5555758d20e0_0;
    %muli 16, 0, 32;
    %part/s 16;
    %pushi/vec4 32, 0, 32;
    %load/vec4 v0x5555758d20e0_0;
    %add;
    %ix/vec4/s 4;
    %store/vec4a v0x5555758d21c0, 4, 0;
    %pushi/vec4 0, 0, 256;
    %load/vec4 v0x5555758d20e0_0;
    %muli 16, 0, 32;
    %part/s 16;
    %pushi/vec4 48, 0, 32;
    %load/vec4 v0x5555758d20e0_0;
    %add;
    %ix/vec4/s 4;
    %store/vec4a v0x5555758d21c0, 4, 0;
    %pushi/vec4 0, 0, 256;
    %load/vec4 v0x5555758d20e0_0;
    %muli 16, 0, 32;
    %part/s 16;
    %pushi/vec4 64, 0, 32;
    %load/vec4 v0x5555758d20e0_0;
    %add;
    %ix/vec4/s 4;
    %store/vec4a v0x5555758d21c0, 4, 0;
    %pushi/vec4 0, 0, 256;
    %load/vec4 v0x5555758d20e0_0;
    %muli 16, 0, 32;
    %part/s 16;
    %pushi/vec4 80, 0, 32;
    %load/vec4 v0x5555758d20e0_0;
    %add;
    %ix/vec4/s 4;
    %store/vec4a v0x5555758d21c0, 4, 0;
    %pushi/vec4 0, 0, 256;
    %load/vec4 v0x5555758d20e0_0;
    %muli 16, 0, 32;
    %part/s 16;
    %pushi/vec4 96, 0, 32;
    %load/vec4 v0x5555758d20e0_0;
    %add;
    %ix/vec4/s 4;
    %store/vec4a v0x5555758d21c0, 4, 0;
    %pushi/vec4 0, 0, 256;
    %load/vec4 v0x5555758d20e0_0;
    %muli 16, 0, 32;
    %part/s 16;
    %pushi/vec4 112, 0, 32;
    %load/vec4 v0x5555758d20e0_0;
    %add;
    %ix/vec4/s 4;
    %store/vec4a v0x5555758d21c0, 4, 0;
    %pushi/vec4 0, 0, 256;
    %load/vec4 v0x5555758d20e0_0;
    %muli 16, 0, 32;
    %part/s 16;
    %pushi/vec4 128, 0, 32;
    %load/vec4 v0x5555758d20e0_0;
    %add;
    %ix/vec4/s 4;
    %store/vec4a v0x5555758d21c0, 4, 0;
    %pushi/vec4 0, 0, 256;
    %load/vec4 v0x5555758d20e0_0;
    %muli 16, 0, 32;
    %part/s 16;
    %pushi/vec4 144, 0, 32;
    %load/vec4 v0x5555758d20e0_0;
    %add;
    %ix/vec4/s 4;
    %store/vec4a v0x5555758d21c0, 4, 0;
    %pushi/vec4 0, 0, 256;
    %load/vec4 v0x5555758d20e0_0;
    %muli 16, 0, 32;
    %part/s 16;
    %pushi/vec4 160, 0, 32;
    %load/vec4 v0x5555758d20e0_0;
    %add;
    %ix/vec4/s 4;
    %store/vec4a v0x5555758d21c0, 4, 0;
    %pushi/vec4 0, 0, 256;
    %load/vec4 v0x5555758d20e0_0;
    %muli 16, 0, 32;
    %part/s 16;
    %pushi/vec4 176, 0, 32;
    %load/vec4 v0x5555758d20e0_0;
    %add;
    %ix/vec4/s 4;
    %store/vec4a v0x5555758d21c0, 4, 0;
    %pushi/vec4 0, 0, 256;
    %load/vec4 v0x5555758d20e0_0;
    %muli 16, 0, 32;
    %part/s 16;
    %pushi/vec4 192, 0, 32;
    %load/vec4 v0x5555758d20e0_0;
    %add;
    %ix/vec4/s 4;
    %store/vec4a v0x5555758d21c0, 4, 0;
    %pushi/vec4 0, 0, 256;
    %load/vec4 v0x5555758d20e0_0;
    %muli 16, 0, 32;
    %part/s 16;
    %pushi/vec4 208, 0, 32;
    %load/vec4 v0x5555758d20e0_0;
    %add;
    %ix/vec4/s 4;
    %store/vec4a v0x5555758d21c0, 4, 0;
    %pushi/vec4 0, 0, 256;
    %load/vec4 v0x5555758d20e0_0;
    %muli 16, 0, 32;
    %part/s 16;
    %pushi/vec4 224, 0, 32;
    %load/vec4 v0x5555758d20e0_0;
    %add;
    %ix/vec4/s 4;
    %store/vec4a v0x5555758d21c0, 4, 0;
    %pushi/vec4 0, 0, 256;
    %load/vec4 v0x5555758d20e0_0;
    %muli 16, 0, 32;
    %part/s 16;
    %pushi/vec4 240, 0, 32;
    %load/vec4 v0x5555758d20e0_0;
    %add;
    %ix/vec4/s 4;
    %store/vec4a v0x5555758d21c0, 4, 0;
T_99.2 ; for-loop step statement
    %load/vec4 v0x5555758d20e0_0;
    %addi 1, 0, 32;
    %store/vec4 v0x5555758d20e0_0, 0, 32;
    %jmp T_99.0;
T_99.1 ; for-loop exit label
    %end;
    .thread T_99;
    .scope S_0x5555758ceb80;
T_100 ;
    %wait E_0x5555758d0bf0;
    %load/vec4 v0x5555758d1f40_0;
    %flag_set/vec4 9;
    %flag_get/vec4 9;
    %jmp/0 T_100.2, 9;
    %load/vec4 v0x5555758d1cc0_0;
    %and;
T_100.2;
    %flag_set/vec4 8;
    %jmp/0xz  T_100.0, 8;
    %load/vec4 v0x5555758d2000_0;
    %parti/s 1, 0, 2;
    %nor/r;
    %flag_set/vec4 8;
    %jmp/0xz  T_100.3, 8;
    %load/vec4 v0x5555758d1e60_0;
    %parti/s 1, 0, 2;
    %load/vec4 v0x5555758d1b20_0;
    %parti/s 8, 0, 2;
    %pad/u 10;
    %ix/vec4 3;
    %ix/load 4, 0, 0; Constant delay
    %assign/vec4/a/d v0x5555758d21c0, 0, 4;
T_100.3 ;
    %load/vec4 v0x5555758d2000_0;
    %parti/s 1, 1, 2;
    %nor/r;
    %flag_set/vec4 8;
    %jmp/0xz  T_100.5, 8;
    %load/vec4 v0x5555758d1e60_0;
    %parti/s 1, 1, 2;
    %load/vec4 v0x5555758d1b20_0;
    %parti/s 8, 0, 2;
    %pad/u 10;
    %ix/vec4 3;
    %ix/load 4, 1, 0; part off
    %ix/load 5, 0, 0; Constant delay
    %assign/vec4/a/d v0x5555758d21c0, 4, 5;
T_100.5 ;
    %load/vec4 v0x5555758d2000_0;
    %parti/s 1, 2, 3;
    %nor/r;
    %flag_set/vec4 8;
    %jmp/0xz  T_100.7, 8;
    %load/vec4 v0x5555758d1e60_0;
    %parti/s 1, 2, 3;
    %load/vec4 v0x5555758d1b20_0;
    %parti/s 8, 0, 2;
    %pad/u 10;
    %ix/vec4 3;
    %ix/load 4, 2, 0; part off
    %ix/load 5, 0, 0; Constant delay
    %assign/vec4/a/d v0x5555758d21c0, 4, 5;
T_100.7 ;
    %load/vec4 v0x5555758d2000_0;
    %parti/s 1, 3, 3;
    %nor/r;
    %flag_set/vec4 8;
    %jmp/0xz  T_100.9, 8;
    %load/vec4 v0x5555758d1e60_0;
    %parti/s 1, 3, 3;
    %load/vec4 v0x5555758d1b20_0;
    %parti/s 8, 0, 2;
    %pad/u 10;
    %ix/vec4 3;
    %ix/load 4, 3, 0; part off
    %ix/load 5, 0, 0; Constant delay
    %assign/vec4/a/d v0x5555758d21c0, 4, 5;
T_100.9 ;
    %load/vec4 v0x5555758d2000_0;
    %parti/s 1, 4, 4;
    %nor/r;
    %flag_set/vec4 8;
    %jmp/0xz  T_100.11, 8;
    %load/vec4 v0x5555758d1e60_0;
    %parti/s 1, 4, 4;
    %load/vec4 v0x5555758d1b20_0;
    %parti/s 8, 0, 2;
    %pad/u 10;
    %ix/vec4 3;
    %ix/load 4, 4, 0; part off
    %ix/load 5, 0, 0; Constant delay
    %assign/vec4/a/d v0x5555758d21c0, 4, 5;
T_100.11 ;
    %load/vec4 v0x5555758d2000_0;
    %parti/s 1, 5, 4;
    %nor/r;
    %flag_set/vec4 8;
    %jmp/0xz  T_100.13, 8;
    %load/vec4 v0x5555758d1e60_0;
    %parti/s 1, 5, 4;
    %load/vec4 v0x5555758d1b20_0;
    %parti/s 8, 0, 2;
    %pad/u 10;
    %ix/vec4 3;
    %ix/load 4, 5, 0; part off
    %ix/load 5, 0, 0; Constant delay
    %assign/vec4/a/d v0x5555758d21c0, 4, 5;
T_100.13 ;
    %load/vec4 v0x5555758d2000_0;
    %parti/s 1, 6, 4;
    %nor/r;
    %flag_set/vec4 8;
    %jmp/0xz  T_100.15, 8;
    %load/vec4 v0x5555758d1e60_0;
    %parti/s 1, 6, 4;
    %load/vec4 v0x5555758d1b20_0;
    %parti/s 8, 0, 2;
    %pad/u 10;
    %ix/vec4 3;
    %ix/load 4, 6, 0; part off
    %ix/load 5, 0, 0; Constant delay
    %assign/vec4/a/d v0x5555758d21c0, 4, 5;
T_100.15 ;
    %load/vec4 v0x5555758d2000_0;
    %parti/s 1, 7, 4;
    %nor/r;
    %flag_set/vec4 8;
    %jmp/0xz  T_100.17, 8;
    %load/vec4 v0x5555758d1e60_0;
    %parti/s 1, 7, 4;
    %load/vec4 v0x5555758d1b20_0;
    %parti/s 8, 0, 2;
    %pad/u 10;
    %ix/vec4 3;
    %ix/load 4, 7, 0; part off
    %ix/load 5, 0, 0; Constant delay
    %assign/vec4/a/d v0x5555758d21c0, 4, 5;
T_100.17 ;
    %load/vec4 v0x5555758d2000_0;
    %parti/s 1, 8, 5;
    %nor/r;
    %flag_set/vec4 8;
    %jmp/0xz  T_100.19, 8;
    %load/vec4 v0x5555758d1e60_0;
    %parti/s 1, 8, 5;
    %load/vec4 v0x5555758d1b20_0;
    %parti/s 8, 0, 2;
    %pad/u 10;
    %ix/vec4 3;
    %ix/load 4, 8, 0; part off
    %ix/load 5, 0, 0; Constant delay
    %assign/vec4/a/d v0x5555758d21c0, 4, 5;
T_100.19 ;
    %load/vec4 v0x5555758d2000_0;
    %parti/s 1, 9, 5;
    %nor/r;
    %flag_set/vec4 8;
    %jmp/0xz  T_100.21, 8;
    %load/vec4 v0x5555758d1e60_0;
    %parti/s 1, 9, 5;
    %load/vec4 v0x5555758d1b20_0;
    %parti/s 8, 0, 2;
    %pad/u 10;
    %ix/vec4 3;
    %ix/load 4, 9, 0; part off
    %ix/load 5, 0, 0; Constant delay
    %assign/vec4/a/d v0x5555758d21c0, 4, 5;
T_100.21 ;
    %load/vec4 v0x5555758d2000_0;
    %parti/s 1, 10, 5;
    %nor/r;
    %flag_set/vec4 8;
    %jmp/0xz  T_100.23, 8;
    %load/vec4 v0x5555758d1e60_0;
    %parti/s 1, 10, 5;
    %load/vec4 v0x5555758d1b20_0;
    %parti/s 8, 0, 2;
    %pad/u 10;
    %ix/vec4 3;
    %ix/load 4, 10, 0; part off
    %ix/load 5, 0, 0; Constant delay
    %assign/vec4/a/d v0x5555758d21c0, 4, 5;
T_100.23 ;
    %load/vec4 v0x5555758d2000_0;
    %parti/s 1, 11, 5;
    %nor/r;
    %flag_set/vec4 8;
    %jmp/0xz  T_100.25, 8;
    %load/vec4 v0x5555758d1e60_0;
    %parti/s 1, 11, 5;
    %load/vec4 v0x5555758d1b20_0;
    %parti/s 8, 0, 2;
    %pad/u 10;
    %ix/vec4 3;
    %ix/load 4, 11, 0; part off
    %ix/load 5, 0, 0; Constant delay
    %assign/vec4/a/d v0x5555758d21c0, 4, 5;
T_100.25 ;
    %load/vec4 v0x5555758d2000_0;
    %parti/s 1, 12, 5;
    %nor/r;
    %flag_set/vec4 8;
    %jmp/0xz  T_100.27, 8;
    %load/vec4 v0x5555758d1e60_0;
    %parti/s 1, 12, 5;
    %load/vec4 v0x5555758d1b20_0;
    %parti/s 8, 0, 2;
    %pad/u 10;
    %ix/vec4 3;
    %ix/load 4, 12, 0; part off
    %ix/load 5, 0, 0; Constant delay
    %assign/vec4/a/d v0x5555758d21c0, 4, 5;
T_100.27 ;
    %load/vec4 v0x5555758d2000_0;
    %parti/s 1, 13, 5;
    %nor/r;
    %flag_set/vec4 8;
    %jmp/0xz  T_100.29, 8;
    %load/vec4 v0x5555758d1e60_0;
    %parti/s 1, 13, 5;
    %load/vec4 v0x5555758d1b20_0;
    %parti/s 8, 0, 2;
    %pad/u 10;
    %ix/vec4 3;
    %ix/load 4, 13, 0; part off
    %ix/load 5, 0, 0; Constant delay
    %assign/vec4/a/d v0x5555758d21c0, 4, 5;
T_100.29 ;
    %load/vec4 v0x5555758d2000_0;
    %parti/s 1, 14, 5;
    %nor/r;
    %flag_set/vec4 8;
    %jmp/0xz  T_100.31, 8;
    %load/vec4 v0x5555758d1e60_0;
    %parti/s 1, 14, 5;
    %load/vec4 v0x5555758d1b20_0;
    %parti/s 8, 0, 2;
    %pad/u 10;
    %ix/vec4 3;
    %ix/load 4, 14, 0; part off
    %ix/load 5, 0, 0; Constant delay
    %assign/vec4/a/d v0x5555758d21c0, 4, 5;
T_100.31 ;
    %load/vec4 v0x5555758d2000_0;
    %parti/s 1, 15, 5;
    %nor/r;
    %flag_set/vec4 8;
    %jmp/0xz  T_100.33, 8;
    %load/vec4 v0x5555758d1e60_0;
    %parti/s 1, 15, 5;
    %load/vec4 v0x5555758d1b20_0;
    %parti/s 8, 0, 2;
    %pad/u 10;
    %ix/vec4 3;
    %ix/load 4, 15, 0; part off
    %ix/load 5, 0, 0; Constant delay
    %assign/vec4/a/d v0x5555758d21c0, 4, 5;
T_100.33 ;
T_100.0 ;
    %jmp T_100;
    .thread T_100;
    .scope S_0x5555758ceb80;
T_101 ;
    %wait E_0x5555758d0b70;
    %load/vec4 v0x5555758d1980_0;
    %flag_set/vec4 9;
    %flag_get/vec4 9;
    %jmp/0 T_101.2, 9;
    %load/vec4 v0x5555758d16b0_0;
    %and;
T_101.2;
    %flag_set/vec4 8;
    %jmp/0xz  T_101.0, 8;
    %load/vec4 v0x5555758d1500_0;
    %parti/s 8, 0, 2;
    %pad/u 10;
    %ix/vec4 4;
    %load/vec4a v0x5555758d21c0, 4;
    %load/vec4 v0x5555758d1a40_0;
    %inv;
    %and;
    %assign/vec4 v0x5555758d18a0_0, 0;
T_101.0 ;
    %jmp T_101;
    .thread T_101;
    .scope S_0x5555755976e0;
T_102 ;
    %wait E_0x5555758d6b40;
    %pushi/vec4 0, 0, 32;
    %store/vec4 v0x5555758d7460_0, 0, 32;
T_102.0 ; Top of for-loop
    %load/vec4 v0x5555758d7460_0;
    %cmpi/s 16383, 0, 32;
    %flag_or 5, 4;
	  %jmp/0xz T_102.1, 5;
    %pushi/vec4 65535, 65535, 16;
    %ix/getv/s 4, v0x5555758d7460_0;
    %store/vec4a v0x5555758d7540, 4, 0;
T_102.2 ; for-loop step statement
    %load/vec4 v0x5555758d7460_0;
    %addi 1, 0, 32;
    %store/vec4 v0x5555758d7460_0, 0, 32;
    %jmp T_102.0;
T_102.1 ; for-loop exit label
    %jmp T_102;
    .thread T_102;
    .scope S_0x5555755976e0;
T_103 ;
    %wait E_0x5555758d6ac0;
    %load/vec4 v0x5555758d7600_0;
    %flag_set/vec4 8;
    %jmp/0xz  T_103.0, 8;
    %pushi/vec4 0, 0, 16;
    %assign/vec4 v0x5555758d6ee0_0, 0;
    %jmp T_103.1;
T_103.0 ;
    %load/vec4 v0x5555758d7220_0;
    %flag_set/vec4 8;
    %jmp/0xz  T_103.2, 8;
    %pushi/vec4 65535, 65535, 16;
    %assign/vec4 v0x5555758d6ee0_0, 0;
    %jmp T_103.3;
T_103.2 ;
    %load/vec4 v0x5555758d6ca0_0;
    %flag_set/vec4 8;
    %jmp/0xz  T_103.4, 8;
    %load/vec4 v0x5555758d72e0_0;
    %nor/r;
    %flag_set/vec4 8;
    %jmp/0xz  T_103.6, 8;
    %load/vec4 v0x5555758d6ba0_0;
    %pad/u 16;
    %ix/vec4 4;
    %load/vec4a v0x5555758d7540, 4;
    %assign/vec4 v0x5555758d6ee0_0, 0;
    %jmp T_103.7;
T_103.6 ;
    %load/vec4 v0x5555758d6fc0_0;
    %parti/s 1, 0, 2;
    %flag_set/vec4 8;
    %jmp/0xz  T_103.8, 8;
    %load/vec4 v0x5555758d6e00_0;
    %parti/s 4, 0, 2;
    %load/vec4 v0x5555758d6ba0_0;
    %pad/u 16;
    %ix/vec4 3;
    %ix/load 4, 0, 0; Constant delay
    %assign/vec4/a/d v0x5555758d7540, 0, 4;
T_103.8 ;
    %load/vec4 v0x5555758d6fc0_0;
    %parti/s 1, 1, 2;
    %flag_set/vec4 8;
    %jmp/0xz  T_103.10, 8;
    %load/vec4 v0x5555758d6e00_0;
    %parti/s 4, 4, 4;
    %load/vec4 v0x5555758d6ba0_0;
    %pad/u 16;
    %ix/vec4 3;
    %ix/load 4, 4, 0; part off
    %ix/load 5, 0, 0; Constant delay
    %assign/vec4/a/d v0x5555758d7540, 4, 5;
T_103.10 ;
    %load/vec4 v0x5555758d6fc0_0;
    %parti/s 1, 2, 3;
    %flag_set/vec4 8;
    %jmp/0xz  T_103.12, 8;
    %load/vec4 v0x5555758d6e00_0;
    %parti/s 4, 8, 5;
    %load/vec4 v0x5555758d6ba0_0;
    %pad/u 16;
    %ix/vec4 3;
    %ix/load 4, 8, 0; part off
    %ix/load 5, 0, 0; Constant delay
    %assign/vec4/a/d v0x5555758d7540, 4, 5;
T_103.12 ;
    %load/vec4 v0x5555758d6fc0_0;
    %parti/s 1, 3, 3;
    %flag_set/vec4 8;
    %jmp/0xz  T_103.14, 8;
    %load/vec4 v0x5555758d6e00_0;
    %parti/s 4, 12, 5;
    %load/vec4 v0x5555758d6ba0_0;
    %pad/u 16;
    %ix/vec4 3;
    %ix/load 4, 12, 0; part off
    %ix/load 5, 0, 0; Constant delay
    %assign/vec4/a/d v0x5555758d7540, 4, 5;
T_103.14 ;
    %pushi/vec4 65535, 65535, 16;
    %assign/vec4 v0x5555758d6ee0_0, 0;
T_103.7 ;
T_103.4 ;
T_103.3 ;
T_103.1 ;
    %jmp T_103;
    .thread T_103;
# The file index is used to find the file name in the following table.
:file_names 34;
    "N/A";
    "<interactive>";
    "-";
    "./../../02_Boolean_Arithmetic/ALU.v";
    "./../../02_Boolean_Arithmetic/Add16.v";
    "./../../01_Boolean_Logic/And.v";
    "./../../01_Boolean_Logic/And16.v";
    "./../../03_Sequential_Logic/Bit.v";
    "./../../03_Sequential_Logic/BitShift8L.v";
    "./../../03_Sequential_Logic/BitShift9R.v";
    "./../../01_Boolean_Logic/Buffer.v";
    "./../../01_Boolean_Logic/Buffer16.v";
    "./../../03_Sequential_Logic/DFF.v";
    "./../../01_Boolean_Logic/DMux8Way.v";
    "./../../01_Boolean_Logic/DMux4Way.v";
    "./../../01_Boolean_Logic/DMux.v";
    "./../../02_Boolean_Arithmetic/FullAdder.v";
    "./../../02_Boolean_Arithmetic/HalfAdder.v";
    "/home/xpektra/.apio/packages/oss-cad-suite/share/yosys/ice40/cells_sim.v";
    "./../../02_Boolean_Arithmetic/Inc16.v";
    "./../../01_Boolean_Logic/Mux.v";
    "./../../01_Boolean_Logic/Mux8Way16.v";
    "./../../01_Boolean_Logic/Mux4Way16.v";
    "./../../01_Boolean_Logic/Mux16.v";
    "./../../01_Boolean_Logic/Nand.v";
    "./../../01_Boolean_Logic/Not.v";
    "./../../01_Boolean_Logic/Not16.v";
    "./../../01_Boolean_Logic/Or.v";
    "./../../01_Boolean_Logic/Or16.v";
    "./../../01_Boolean_Logic/Or8Way.v";
    "./../../03_Sequential_Logic/PC.v";
    "Register_tb.v";
    "./../../03_Sequential_Logic/Register.v";
    "./../../01_Boolean_Logic/Xor.v";
