#! /home/xpektra/.apio/packages/oss-cad-suite/bin/vvp
:ivl_version "13.0 (devel)" "(s20250103-66-gd67d3323a)";
:ivl_delay_selection "TYPICAL";
:vpi_time_precision - 12;
:vpi_module "/home/xpektra/.apio/packages/oss-cad-suite/lib/ivl/system.vpi";
:vpi_module "/home/xpektra/.apio/packages/oss-cad-suite/lib/ivl/vhdl_sys.vpi";
:vpi_module "/home/xpektra/.apio/packages/oss-cad-suite/lib/ivl/vhdl_textio.vpi";
:vpi_module "/home/xpektra/.apio/packages/oss-cad-suite/lib/ivl/v2005_math.vpi";
:vpi_module "/home/xpektra/.apio/packages/oss-cad-suite/lib/ivl/va_math.vpi";
:vpi_module "/home/xpektra/.apio/packages/oss-cad-suite/lib/ivl/v2009.vpi";
S_0x5555949f5890 .scope package, "$unit" "$unit" 2 1;
 .timescale 0 0;
S_0x555594b50d00 .scope module, "ICESTORM_LC" "ICESTORM_LC" 3 2136;
 .timescale -12 -12;
    .port_info 0 /INPUT 1 "I0";
    .port_info 1 /INPUT 1 "I1";
    .port_info 2 /INPUT 1 "I2";
    .port_info 3 /INPUT 1 "I3";
    .port_info 4 /INPUT 1 "CIN";
    .port_info 5 /INPUT 1 "CLK";
    .port_info 6 /INPUT 1 "CEN";
    .port_info 7 /INPUT 1 "SR";
    .port_info 8 /OUTPUT 1 "LO";
    .port_info 9 /OUTPUT 1 "O";
    .port_info 10 /OUTPUT 1 "COUT";
P_0x555594b4e1a0 .param/l "ASYNC_SR" 0 3 2148, C4<0>;
P_0x555594b4e1e0 .param/l "CARRY_ENABLE" 0 3 2145, C4<0>;
P_0x555594b4e220 .param/l "CIN_CONST" 0 3 2150, C4<0>;
P_0x555594b4e260 .param/l "CIN_SET" 0 3 2151, C4<0>;
P_0x555594b4e2a0 .param/l "DFF_ENABLE" 0 3 2146, C4<0>;
P_0x555594b4e2e0 .param/l "LUT_INIT" 0 3 2142, C4<0000000000000000>;
P_0x555594b4e320 .param/l "NEG_CLK" 0 3 2144, C4<0>;
P_0x555594b4e360 .param/l "SET_NORESET" 0 3 2147, C4<0>;
o0x7f167bf67078 .functor BUFZ 1, c4<z>; HiZ drive
L_0x555594bc8c80 .functor BUFZ 1, o0x7f167bf67078, C4<0>, C4<0>, C4<0>;
L_0x555594bc8af0 .functor BUFZ 1, L_0x555594bc98e0, C4<0>, C4<0>, C4<0>;
o0x7f167bf670a8 .functor BUFZ 1, c4<z>; HiZ drive
L_0x7f167bbb72a0 .functor BUFT 1, C4<0>, C4<0>, C4<0>, C4<0>;
L_0x555594bc9b80 .functor XOR 1, o0x7f167bf670a8, L_0x7f167bbb72a0, C4<0>, C4<0>;
L_0x555594bc9c40 .functor BUFZ 1, L_0x555594bc98e0, C4<0>, C4<0>, C4<0>;
o0x7f167bf67018 .functor BUFZ 1, c4<z>; HiZ drive
v0x555594b2aa70_0 .net "CEN", 0 0, o0x7f167bf67018;  0 drivers
v0x555594af2280_0 .net "CEN_pu", 0 0, L_0x555594bc8a50;  1 drivers
v0x555594af1330_0 .net "CIN", 0 0, o0x7f167bf67078;  0 drivers
v0x555594af03e0_0 .net "CLK", 0 0, o0x7f167bf670a8;  0 drivers
L_0x7f167bbb71c8 .functor BUFT 1, C4<x>, C4<0>, C4<0>, C4<0>;
v0x555594aef490_0 .net "COUT", 0 0, L_0x7f167bbb71c8;  1 drivers
o0x7f167bf67108 .functor BUFZ 1, c4<z>; HiZ drive
v0x555594aee540_0 .net "I0", 0 0, o0x7f167bf67108;  0 drivers
v0x555594aed5f0_0 .net "I0_pd", 0 0, L_0x555594bc7c90;  1 drivers
o0x7f167bf67168 .functor BUFZ 1, c4<z>; HiZ drive
v0x5555949657d0_0 .net "I1", 0 0, o0x7f167bf67168;  0 drivers
v0x555594965890_0 .net "I1_pd", 0 0, L_0x555594bc7f20;  1 drivers
o0x7f167bf671c8 .functor BUFZ 1, c4<z>; HiZ drive
v0x5555949659e0_0 .net "I2", 0 0, o0x7f167bf671c8;  0 drivers
v0x555594965aa0_0 .net "I2_pd", 0 0, L_0x555594bc8210;  1 drivers
o0x7f167bf67228 .functor BUFZ 1, c4<z>; HiZ drive
v0x555594965b60_0 .net "I3", 0 0, o0x7f167bf67228;  0 drivers
v0x555594965c20_0 .net "I3_pd", 0 0, L_0x555594bc84b0;  1 drivers
v0x55559496b260_0 .net "LO", 0 0, L_0x555594bc8af0;  1 drivers
v0x55559496b320_0 .net "O", 0 0, L_0x555594bc9c40;  1 drivers
o0x7f167bf672e8 .functor BUFZ 1, c4<z>; HiZ drive
v0x55559496b3e0_0 .net "SR", 0 0, o0x7f167bf672e8;  0 drivers
v0x55559496b4a0_0 .net "SR_pd", 0 0, L_0x555594bc87e0;  1 drivers
o0x7f167bf67348 .functor BUFZ 1, c4<z>; HiZ drive
; Elide local net with no drivers, v0x55559496b670_0 name=_ivl_0
v0x5555949676c0_0 .net *"_ivl_10", 0 0, L_0x555594bc7e50;  1 drivers
L_0x7f167bbb7060 .functor BUFT 1, C4<0>, C4<0>, C4<0>, C4<0>;
v0x555594967780_0 .net/2u *"_ivl_12", 0 0, L_0x7f167bbb7060;  1 drivers
o0x7f167bf673d8 .functor BUFZ 1, c4<z>; HiZ drive
; Elide local net with no drivers, v0x555594967860_0 name=_ivl_16
v0x555594967940_0 .net *"_ivl_18", 0 0, L_0x555594bc8110;  1 drivers
v0x555594967a00_0 .net *"_ivl_2", 0 0, L_0x555594bc7b60;  1 drivers
L_0x7f167bbb70a8 .functor BUFT 1, C4<0>, C4<0>, C4<0>, C4<0>;
v0x555594967ac0_0 .net/2u *"_ivl_20", 0 0, L_0x7f167bbb70a8;  1 drivers
o0x7f167bf67498 .functor BUFZ 1, c4<z>; HiZ drive
; Elide local net with no drivers, v0x55559495dd90_0 name=_ivl_24
v0x55559495de70_0 .net *"_ivl_26", 0 0, L_0x555594bc83e0;  1 drivers
L_0x7f167bbb70f0 .functor BUFT 1, C4<0>, C4<0>, C4<0>, C4<0>;
v0x55559495df30_0 .net/2u *"_ivl_28", 0 0, L_0x7f167bbb70f0;  1 drivers
o0x7f167bf67528 .functor BUFZ 1, c4<z>; HiZ drive
; Elide local net with no drivers, v0x55559495e010_0 name=_ivl_32
v0x55559495e0f0_0 .net *"_ivl_34", 0 0, L_0x555594bc86c0;  1 drivers
L_0x7f167bbb7138 .functor BUFT 1, C4<0>, C4<0>, C4<0>, C4<0>;
v0x55559495e1b0_0 .net/2u *"_ivl_36", 0 0, L_0x7f167bbb7138;  1 drivers
L_0x7f167bbb7018 .functor BUFT 1, C4<0>, C4<0>, C4<0>, C4<0>;
v0x55559495ca40_0 .net/2u *"_ivl_4", 0 0, L_0x7f167bbb7018;  1 drivers
o0x7f167bf675e8 .functor BUFZ 1, c4<z>; HiZ drive
; Elide local net with no drivers, v0x55559495cb20_0 name=_ivl_40
v0x55559495cc00_0 .net *"_ivl_42", 0 0, L_0x555594bc8980;  1 drivers
L_0x7f167bbb7180 .functor BUFT 1, C4<1>, C4<0>, C4<0>, C4<0>;
v0x55559495ced0_0 .net/2u *"_ivl_44", 0 0, L_0x7f167bbb7180;  1 drivers
L_0x7f167bbb7210 .functor BUFT 1, C4<00000000>, C4<0>, C4<0>, C4<0>;
v0x555594958ea0_0 .net/2u *"_ivl_52", 7 0, L_0x7f167bbb7210;  1 drivers
L_0x7f167bbb7258 .functor BUFT 1, C4<00000000>, C4<0>, C4<0>, C4<0>;
v0x555594958f60_0 .net/2u *"_ivl_54", 7 0, L_0x7f167bbb7258;  1 drivers
v0x555594959040_0 .net *"_ivl_59", 3 0, L_0x555594bc8f50;  1 drivers
v0x555594959120_0 .net *"_ivl_61", 3 0, L_0x555594bc90c0;  1 drivers
v0x555594959200_0 .net *"_ivl_65", 1 0, L_0x555594bc9380;  1 drivers
v0x5555949592e0_0 .net *"_ivl_67", 1 0, L_0x555594bc9470;  1 drivers
v0x5555949552b0_0 .net *"_ivl_71", 0 0, L_0x555594bc9740;  1 drivers
v0x555594955390_0 .net *"_ivl_73", 0 0, L_0x555594bc9510;  1 drivers
v0x555594955470_0 .net/2u *"_ivl_78", 0 0, L_0x7f167bbb72a0;  1 drivers
o0x7f167bf67828 .functor BUFZ 1, c4<z>; HiZ drive
; Elide local net with no drivers, v0x555594955550_0 name=_ivl_8
v0x555594955630_0 .net "lut_o", 0 0, L_0x555594bc98e0;  1 drivers
v0x5555949556f0_0 .net "lut_s1", 1 0, L_0x555594bc95b0;  1 drivers
v0x55559495ad90_0 .net "lut_s2", 3 0, L_0x555594bc9160;  1 drivers
v0x55559495ae70_0 .net "lut_s3", 7 0, L_0x555594bc8de0;  1 drivers
v0x55559495af50_0 .net "mux_cin", 0 0, L_0x555594bc8c80;  1 drivers
v0x55559495b010_0 .var "o_reg", 0 0;
v0x55559495b0d0_0 .var "o_reg_async", 0 0;
v0x55559495b190_0 .net "polarized_clk", 0 0, L_0x555594bc9b80;  1 drivers
E_0x555594b55130 .event posedge, v0x55559496b4a0_0, v0x55559495b190_0;
E_0x555594b3e8d0 .event posedge, v0x55559495b190_0;
L_0x555594bc7b60 .cmp/eeq 1, o0x7f167bf67108, o0x7f167bf67348;
L_0x555594bc7c90 .functor MUXZ 1, o0x7f167bf67108, L_0x7f167bbb7018, L_0x555594bc7b60, C4<>;
L_0x555594bc7e50 .cmp/eeq 1, o0x7f167bf67168, o0x7f167bf67828;
L_0x555594bc7f20 .functor MUXZ 1, o0x7f167bf67168, L_0x7f167bbb7060, L_0x555594bc7e50, C4<>;
L_0x555594bc8110 .cmp/eeq 1, o0x7f167bf671c8, o0x7f167bf673d8;
L_0x555594bc8210 .functor MUXZ 1, o0x7f167bf671c8, L_0x7f167bbb70a8, L_0x555594bc8110, C4<>;
L_0x555594bc83e0 .cmp/eeq 1, o0x7f167bf67228, o0x7f167bf67498;
L_0x555594bc84b0 .functor MUXZ 1, o0x7f167bf67228, L_0x7f167bbb70f0, L_0x555594bc83e0, C4<>;
L_0x555594bc86c0 .cmp/eeq 1, o0x7f167bf672e8, o0x7f167bf67528;
L_0x555594bc87e0 .functor MUXZ 1, o0x7f167bf672e8, L_0x7f167bbb7138, L_0x555594bc86c0, C4<>;
L_0x555594bc8980 .cmp/eeq 1, o0x7f167bf67018, o0x7f167bf675e8;
L_0x555594bc8a50 .functor MUXZ 1, o0x7f167bf67018, L_0x7f167bbb7180, L_0x555594bc8980, C4<>;
L_0x555594bc8de0 .functor MUXZ 8, L_0x7f167bbb7258, L_0x7f167bbb7210, L_0x555594bc84b0, C4<>;
L_0x555594bc8f50 .part L_0x555594bc8de0, 4, 4;
L_0x555594bc90c0 .part L_0x555594bc8de0, 0, 4;
L_0x555594bc9160 .functor MUXZ 4, L_0x555594bc90c0, L_0x555594bc8f50, L_0x555594bc8210, C4<>;
L_0x555594bc9380 .part L_0x555594bc9160, 2, 2;
L_0x555594bc9470 .part L_0x555594bc9160, 0, 2;
L_0x555594bc95b0 .functor MUXZ 2, L_0x555594bc9470, L_0x555594bc9380, L_0x555594bc7f20, C4<>;
L_0x555594bc9740 .part L_0x555594bc95b0, 1, 1;
L_0x555594bc9510 .part L_0x555594bc95b0, 0, 1;
L_0x555594bc98e0 .functor MUXZ 1, L_0x555594bc9510, L_0x555594bc9740, L_0x555594bc7c90, C4<>;
S_0x555594b51850 .scope module, "ICESTORM_RAM" "ICESTORM_RAM" 3 3167;
 .timescale -12 -12;
    .port_info 0 /OUTPUT 1 "RDATA_15";
    .port_info 1 /OUTPUT 1 "RDATA_14";
    .port_info 2 /OUTPUT 1 "RDATA_13";
    .port_info 3 /OUTPUT 1 "RDATA_12";
    .port_info 4 /OUTPUT 1 "RDATA_11";
    .port_info 5 /OUTPUT 1 "RDATA_10";
    .port_info 6 /OUTPUT 1 "RDATA_9";
    .port_info 7 /OUTPUT 1 "RDATA_8";
    .port_info 8 /OUTPUT 1 "RDATA_7";
    .port_info 9 /OUTPUT 1 "RDATA_6";
    .port_info 10 /OUTPUT 1 "RDATA_5";
    .port_info 11 /OUTPUT 1 "RDATA_4";
    .port_info 12 /OUTPUT 1 "RDATA_3";
    .port_info 13 /OUTPUT 1 "RDATA_2";
    .port_info 14 /OUTPUT 1 "RDATA_1";
    .port_info 15 /OUTPUT 1 "RDATA_0";
    .port_info 16 /INPUT 1 "RCLK";
    .port_info 17 /INPUT 1 "RCLKE";
    .port_info 18 /INPUT 1 "RE";
    .port_info 19 /INPUT 1 "RADDR_10";
    .port_info 20 /INPUT 1 "RADDR_9";
    .port_info 21 /INPUT 1 "RADDR_8";
    .port_info 22 /INPUT 1 "RADDR_7";
    .port_info 23 /INPUT 1 "RADDR_6";
    .port_info 24 /INPUT 1 "RADDR_5";
    .port_info 25 /INPUT 1 "RADDR_4";
    .port_info 26 /INPUT 1 "RADDR_3";
    .port_info 27 /INPUT 1 "RADDR_2";
    .port_info 28 /INPUT 1 "RADDR_1";
    .port_info 29 /INPUT 1 "RADDR_0";
    .port_info 30 /INPUT 1 "WCLK";
    .port_info 31 /INPUT 1 "WCLKE";
    .port_info 32 /INPUT 1 "WE";
    .port_info 33 /INPUT 1 "WADDR_10";
    .port_info 34 /INPUT 1 "WADDR_9";
    .port_info 35 /INPUT 1 "WADDR_8";
    .port_info 36 /INPUT 1 "WADDR_7";
    .port_info 37 /INPUT 1 "WADDR_6";
    .port_info 38 /INPUT 1 "WADDR_5";
    .port_info 39 /INPUT 1 "WADDR_4";
    .port_info 40 /INPUT 1 "WADDR_3";
    .port_info 41 /INPUT 1 "WADDR_2";
    .port_info 42 /INPUT 1 "WADDR_1";
    .port_info 43 /INPUT 1 "WADDR_0";
    .port_info 44 /INPUT 1 "MASK_15";
    .port_info 45 /INPUT 1 "MASK_14";
    .port_info 46 /INPUT 1 "MASK_13";
    .port_info 47 /INPUT 1 "MASK_12";
    .port_info 48 /INPUT 1 "MASK_11";
    .port_info 49 /INPUT 1 "MASK_10";
    .port_info 50 /INPUT 1 "MASK_9";
    .port_info 51 /INPUT 1 "MASK_8";
    .port_info 52 /INPUT 1 "MASK_7";
    .port_info 53 /INPUT 1 "MASK_6";
    .port_info 54 /INPUT 1 "MASK_5";
    .port_info 55 /INPUT 1 "MASK_4";
    .port_info 56 /INPUT 1 "MASK_3";
    .port_info 57 /INPUT 1 "MASK_2";
    .port_info 58 /INPUT 1 "MASK_1";
    .port_info 59 /INPUT 1 "MASK_0";
    .port_info 60 /INPUT 1 "WDATA_15";
    .port_info 61 /INPUT 1 "WDATA_14";
    .port_info 62 /INPUT 1 "WDATA_13";
    .port_info 63 /INPUT 1 "WDATA_12";
    .port_info 64 /INPUT 1 "WDATA_11";
    .port_info 65 /INPUT 1 "WDATA_10";
    .port_info 66 /INPUT 1 "WDATA_9";
    .port_info 67 /INPUT 1 "WDATA_8";
    .port_info 68 /INPUT 1 "WDATA_7";
    .port_info 69 /INPUT 1 "WDATA_6";
    .port_info 70 /INPUT 1 "WDATA_5";
    .port_info 71 /INPUT 1 "WDATA_4";
    .port_info 72 /INPUT 1 "WDATA_3";
    .port_info 73 /INPUT 1 "WDATA_2";
    .port_info 74 /INPUT 1 "WDATA_1";
    .port_info 75 /INPUT 1 "WDATA_0";
P_0x55559494b100 .param/l "INIT_0" 0 3 3182, C4<0000000000000000000000000000000000000000000000000000000000000000000000000000000000000000000000000000000000000000000000000000000000000000000000000000000000000000000000000000000000000000000000000000000000000000000000000000000000000000000000000000000000000000>;
P_0x55559494b140 .param/l "INIT_1" 0 3 3183, C4<0000000000000000000000000000000000000000000000000000000000000000000000000000000000000000000000000000000000000000000000000000000000000000000000000000000000000000000000000000000000000000000000000000000000000000000000000000000000000000000000000000000000000000>;
P_0x55559494b180 .param/l "INIT_2" 0 3 3184, C4<0000000000000000000000000000000000000000000000000000000000000000000000000000000000000000000000000000000000000000000000000000000000000000000000000000000000000000000000000000000000000000000000000000000000000000000000000000000000000000000000000000000000000000>;
P_0x55559494b1c0 .param/l "INIT_3" 0 3 3185, C4<0000000000000000000000000000000000000000000000000000000000000000000000000000000000000000000000000000000000000000000000000000000000000000000000000000000000000000000000000000000000000000000000000000000000000000000000000000000000000000000000000000000000000000>;
P_0x55559494b200 .param/l "INIT_4" 0 3 3186, C4<0000000000000000000000000000000000000000000000000000000000000000000000000000000000000000000000000000000000000000000000000000000000000000000000000000000000000000000000000000000000000000000000000000000000000000000000000000000000000000000000000000000000000000>;
P_0x55559494b240 .param/l "INIT_5" 0 3 3187, C4<0000000000000000000000000000000000000000000000000000000000000000000000000000000000000000000000000000000000000000000000000000000000000000000000000000000000000000000000000000000000000000000000000000000000000000000000000000000000000000000000000000000000000000>;
P_0x55559494b280 .param/l "INIT_6" 0 3 3188, C4<0000000000000000000000000000000000000000000000000000000000000000000000000000000000000000000000000000000000000000000000000000000000000000000000000000000000000000000000000000000000000000000000000000000000000000000000000000000000000000000000000000000000000000>;
P_0x55559494b2c0 .param/l "INIT_7" 0 3 3189, C4<0000000000000000000000000000000000000000000000000000000000000000000000000000000000000000000000000000000000000000000000000000000000000000000000000000000000000000000000000000000000000000000000000000000000000000000000000000000000000000000000000000000000000000>;
P_0x55559494b300 .param/l "INIT_8" 0 3 3190, C4<0000000000000000000000000000000000000000000000000000000000000000000000000000000000000000000000000000000000000000000000000000000000000000000000000000000000000000000000000000000000000000000000000000000000000000000000000000000000000000000000000000000000000000>;
P_0x55559494b340 .param/l "INIT_9" 0 3 3191, C4<0000000000000000000000000000000000000000000000000000000000000000000000000000000000000000000000000000000000000000000000000000000000000000000000000000000000000000000000000000000000000000000000000000000000000000000000000000000000000000000000000000000000000000>;
P_0x55559494b380 .param/l "INIT_A" 0 3 3192, C4<0000000000000000000000000000000000000000000000000000000000000000000000000000000000000000000000000000000000000000000000000000000000000000000000000000000000000000000000000000000000000000000000000000000000000000000000000000000000000000000000000000000000000000>;
P_0x55559494b3c0 .param/l "INIT_B" 0 3 3193, C4<0000000000000000000000000000000000000000000000000000000000000000000000000000000000000000000000000000000000000000000000000000000000000000000000000000000000000000000000000000000000000000000000000000000000000000000000000000000000000000000000000000000000000000>;
P_0x55559494b400 .param/l "INIT_C" 0 3 3194, C4<0000000000000000000000000000000000000000000000000000000000000000000000000000000000000000000000000000000000000000000000000000000000000000000000000000000000000000000000000000000000000000000000000000000000000000000000000000000000000000000000000000000000000000>;
P_0x55559494b440 .param/l "INIT_D" 0 3 3195, C4<0000000000000000000000000000000000000000000000000000000000000000000000000000000000000000000000000000000000000000000000000000000000000000000000000000000000000000000000000000000000000000000000000000000000000000000000000000000000000000000000000000000000000000>;
P_0x55559494b480 .param/l "INIT_E" 0 3 3196, C4<0000000000000000000000000000000000000000000000000000000000000000000000000000000000000000000000000000000000000000000000000000000000000000000000000000000000000000000000000000000000000000000000000000000000000000000000000000000000000000000000000000000000000000>;
P_0x55559494b4c0 .param/l "INIT_F" 0 3 3197, C4<0000000000000000000000000000000000000000000000000000000000000000000000000000000000000000000000000000000000000000000000000000000000000000000000000000000000000000000000000000000000000000000000000000000000000000000000000000000000000000000000000000000000000000>;
P_0x55559494b500 .param/l "NEG_CLK_R" 0 3 3179, C4<0>;
P_0x55559494b540 .param/l "NEG_CLK_W" 0 3 3180, C4<0>;
P_0x55559494b580 .param/l "READ_MODE" 0 3 3177, +C4<00000000000000000000000000000000>;
P_0x55559494b5c0 .param/l "WRITE_MODE" 0 3 3176, +C4<00000000000000000000000000000000>;
L_0x7f167bbb7330 .functor BUFT 1, C4<0>, C4<0>, C4<0>, C4<0>;
L_0x555594bda970 .functor XOR 1, L_0x555594bdb040, L_0x7f167bbb7330, C4<0>, C4<0>;
L_0x7f167bbb7378 .functor BUFT 1, C4<0>, C4<0>, C4<0>, C4<0>;
L_0x555594bdc9b0 .functor XOR 1, L_0x555594bdc800, L_0x7f167bbb7378, C4<0>, C4<0>;
o0x7f167bf681b8 .functor BUFZ 1, c4<z>; HiZ drive
v0x555594b90010_0 .net "MASK_0", 0 0, o0x7f167bf681b8;  0 drivers
o0x7f167bf681e8 .functor BUFZ 1, c4<z>; HiZ drive
v0x555594b900f0_0 .net "MASK_1", 0 0, o0x7f167bf681e8;  0 drivers
o0x7f167bf68218 .functor BUFZ 1, c4<z>; HiZ drive
v0x555594b901b0_0 .net "MASK_10", 0 0, o0x7f167bf68218;  0 drivers
o0x7f167bf68248 .functor BUFZ 1, c4<z>; HiZ drive
v0x555594b90280_0 .net "MASK_11", 0 0, o0x7f167bf68248;  0 drivers
o0x7f167bf68278 .functor BUFZ 1, c4<z>; HiZ drive
v0x555594b90340_0 .net "MASK_12", 0 0, o0x7f167bf68278;  0 drivers
o0x7f167bf682a8 .functor BUFZ 1, c4<z>; HiZ drive
v0x555594b90450_0 .net "MASK_13", 0 0, o0x7f167bf682a8;  0 drivers
o0x7f167bf682d8 .functor BUFZ 1, c4<z>; HiZ drive
v0x555594b90510_0 .net "MASK_14", 0 0, o0x7f167bf682d8;  0 drivers
o0x7f167bf68308 .functor BUFZ 1, c4<z>; HiZ drive
v0x555594b905d0_0 .net "MASK_15", 0 0, o0x7f167bf68308;  0 drivers
o0x7f167bf68338 .functor BUFZ 1, c4<z>; HiZ drive
v0x555594b90690_0 .net "MASK_2", 0 0, o0x7f167bf68338;  0 drivers
o0x7f167bf68368 .functor BUFZ 1, c4<z>; HiZ drive
v0x555594b90750_0 .net "MASK_3", 0 0, o0x7f167bf68368;  0 drivers
o0x7f167bf68398 .functor BUFZ 1, c4<z>; HiZ drive
v0x555594b90810_0 .net "MASK_4", 0 0, o0x7f167bf68398;  0 drivers
o0x7f167bf683c8 .functor BUFZ 1, c4<z>; HiZ drive
v0x555594b908d0_0 .net "MASK_5", 0 0, o0x7f167bf683c8;  0 drivers
o0x7f167bf683f8 .functor BUFZ 1, c4<z>; HiZ drive
v0x555594b90990_0 .net "MASK_6", 0 0, o0x7f167bf683f8;  0 drivers
o0x7f167bf68428 .functor BUFZ 1, c4<z>; HiZ drive
v0x555594b90a50_0 .net "MASK_7", 0 0, o0x7f167bf68428;  0 drivers
o0x7f167bf68458 .functor BUFZ 1, c4<z>; HiZ drive
v0x555594b90b10_0 .net "MASK_8", 0 0, o0x7f167bf68458;  0 drivers
o0x7f167bf68488 .functor BUFZ 1, c4<z>; HiZ drive
v0x555594b90bd0_0 .net "MASK_9", 0 0, o0x7f167bf68488;  0 drivers
o0x7f167bf684b8 .functor BUFZ 1, c4<z>; HiZ drive
v0x555594b90c90_0 .net "RADDR_0", 0 0, o0x7f167bf684b8;  0 drivers
o0x7f167bf684e8 .functor BUFZ 1, c4<z>; HiZ drive
v0x555594b90e60_0 .net "RADDR_1", 0 0, o0x7f167bf684e8;  0 drivers
o0x7f167bf68518 .functor BUFZ 1, c4<z>; HiZ drive
v0x555594b90f20_0 .net "RADDR_10", 0 0, o0x7f167bf68518;  0 drivers
o0x7f167bf68548 .functor BUFZ 1, c4<z>; HiZ drive
v0x555594b90fe0_0 .net "RADDR_2", 0 0, o0x7f167bf68548;  0 drivers
o0x7f167bf68578 .functor BUFZ 1, c4<z>; HiZ drive
v0x555594b910a0_0 .net "RADDR_3", 0 0, o0x7f167bf68578;  0 drivers
o0x7f167bf685a8 .functor BUFZ 1, c4<z>; HiZ drive
v0x555594b91160_0 .net "RADDR_4", 0 0, o0x7f167bf685a8;  0 drivers
o0x7f167bf685d8 .functor BUFZ 1, c4<z>; HiZ drive
v0x555594b91220_0 .net "RADDR_5", 0 0, o0x7f167bf685d8;  0 drivers
o0x7f167bf68608 .functor BUFZ 1, c4<z>; HiZ drive
v0x555594b912e0_0 .net "RADDR_6", 0 0, o0x7f167bf68608;  0 drivers
o0x7f167bf68638 .functor BUFZ 1, c4<z>; HiZ drive
v0x555594b913a0_0 .net "RADDR_7", 0 0, o0x7f167bf68638;  0 drivers
o0x7f167bf68668 .functor BUFZ 1, c4<z>; HiZ drive
v0x555594b91460_0 .net "RADDR_8", 0 0, o0x7f167bf68668;  0 drivers
o0x7f167bf68698 .functor BUFZ 1, c4<z>; HiZ drive
v0x555594b91520_0 .net "RADDR_9", 0 0, o0x7f167bf68698;  0 drivers
o0x7f167bf686c8 .functor BUFZ 1, c4<z>; HiZ drive
v0x555594b915e0_0 .net "RCLK", 0 0, o0x7f167bf686c8;  0 drivers
o0x7f167bf686f8 .functor BUFZ 1, c4<z>; HiZ drive
v0x555594b916a0_0 .net "RCLKE", 0 0, o0x7f167bf686f8;  0 drivers
v0x555594b91760_0 .net "RDATA_0", 0 0, L_0x555594bdaee0;  1 drivers
v0x555594b91820_0 .net "RDATA_1", 0 0, L_0x555594bdac00;  1 drivers
v0x555594b918e0_0 .net "RDATA_10", 0 0, L_0x555594bda300;  1 drivers
v0x555594b919a0_0 .net "RDATA_11", 0 0, L_0x555594bda230;  1 drivers
v0x555594b91c70_0 .net "RDATA_12", 0 0, L_0x555594bda130;  1 drivers
v0x555594b91d30_0 .net "RDATA_13", 0 0, L_0x555594bda060;  1 drivers
v0x555594b91df0_0 .net "RDATA_14", 0 0, L_0x555594bd9fc0;  1 drivers
v0x555594b91eb0_0 .net "RDATA_15", 0 0, L_0x555594bd9ea0;  1 drivers
v0x555594b91f70_0 .net "RDATA_2", 0 0, L_0x555594bdaab0;  1 drivers
v0x555594b92030_0 .net "RDATA_3", 0 0, L_0x555594bda9e0;  1 drivers
v0x555594b920f0_0 .net "RDATA_4", 0 0, L_0x555594bda8a0;  1 drivers
v0x555594b921b0_0 .net "RDATA_5", 0 0, L_0x555594bda7d0;  1 drivers
v0x555594b92270_0 .net "RDATA_6", 0 0, L_0x555594bda6a0;  1 drivers
v0x555594b92330_0 .net "RDATA_7", 0 0, L_0x555594bda5d0;  1 drivers
v0x555594b923f0_0 .net "RDATA_8", 0 0, L_0x555594bda4b0;  1 drivers
v0x555594b924b0_0 .net "RDATA_9", 0 0, L_0x555594bda410;  1 drivers
o0x7f167bf68a28 .functor BUFZ 1, c4<z>; HiZ drive
v0x555594b92570_0 .net "RE", 0 0, o0x7f167bf68a28;  0 drivers
o0x7f167bf68a58 .functor BUFZ 1, c4<z>; HiZ drive
v0x555594b92630_0 .net "WADDR_0", 0 0, o0x7f167bf68a58;  0 drivers
o0x7f167bf68a88 .functor BUFZ 1, c4<z>; HiZ drive
v0x555594b926f0_0 .net "WADDR_1", 0 0, o0x7f167bf68a88;  0 drivers
o0x7f167bf68ab8 .functor BUFZ 1, c4<z>; HiZ drive
v0x555594b927b0_0 .net "WADDR_10", 0 0, o0x7f167bf68ab8;  0 drivers
o0x7f167bf68ae8 .functor BUFZ 1, c4<z>; HiZ drive
v0x555594b92870_0 .net "WADDR_2", 0 0, o0x7f167bf68ae8;  0 drivers
o0x7f167bf68b18 .functor BUFZ 1, c4<z>; HiZ drive
v0x555594b92930_0 .net "WADDR_3", 0 0, o0x7f167bf68b18;  0 drivers
o0x7f167bf68b48 .functor BUFZ 1, c4<z>; HiZ drive
v0x555594b929f0_0 .net "WADDR_4", 0 0, o0x7f167bf68b48;  0 drivers
o0x7f167bf68b78 .functor BUFZ 1, c4<z>; HiZ drive
v0x555594b92ab0_0 .net "WADDR_5", 0 0, o0x7f167bf68b78;  0 drivers
o0x7f167bf68ba8 .functor BUFZ 1, c4<z>; HiZ drive
v0x555594b92b70_0 .net "WADDR_6", 0 0, o0x7f167bf68ba8;  0 drivers
o0x7f167bf68bd8 .functor BUFZ 1, c4<z>; HiZ drive
v0x555594b92c30_0 .net "WADDR_7", 0 0, o0x7f167bf68bd8;  0 drivers
o0x7f167bf68c08 .functor BUFZ 1, c4<z>; HiZ drive
v0x555594b92cf0_0 .net "WADDR_8", 0 0, o0x7f167bf68c08;  0 drivers
o0x7f167bf68c38 .functor BUFZ 1, c4<z>; HiZ drive
v0x555594b92db0_0 .net "WADDR_9", 0 0, o0x7f167bf68c38;  0 drivers
o0x7f167bf68c68 .functor BUFZ 1, c4<z>; HiZ drive
v0x555594b92e70_0 .net "WCLK", 0 0, o0x7f167bf68c68;  0 drivers
o0x7f167bf68c98 .functor BUFZ 1, c4<z>; HiZ drive
v0x555594b92f30_0 .net "WCLKE", 0 0, o0x7f167bf68c98;  0 drivers
o0x7f167bf68cc8 .functor BUFZ 1, c4<z>; HiZ drive
v0x555594b92ff0_0 .net "WDATA_0", 0 0, o0x7f167bf68cc8;  0 drivers
o0x7f167bf68cf8 .functor BUFZ 1, c4<z>; HiZ drive
v0x555594b930b0_0 .net "WDATA_1", 0 0, o0x7f167bf68cf8;  0 drivers
o0x7f167bf68d28 .functor BUFZ 1, c4<z>; HiZ drive
v0x555594b93170_0 .net "WDATA_10", 0 0, o0x7f167bf68d28;  0 drivers
o0x7f167bf68d58 .functor BUFZ 1, c4<z>; HiZ drive
v0x555594b93230_0 .net "WDATA_11", 0 0, o0x7f167bf68d58;  0 drivers
o0x7f167bf68d88 .functor BUFZ 1, c4<z>; HiZ drive
v0x555594b932f0_0 .net "WDATA_12", 0 0, o0x7f167bf68d88;  0 drivers
o0x7f167bf68db8 .functor BUFZ 1, c4<z>; HiZ drive
v0x555594b933b0_0 .net "WDATA_13", 0 0, o0x7f167bf68db8;  0 drivers
o0x7f167bf68de8 .functor BUFZ 1, c4<z>; HiZ drive
v0x555594b93470_0 .net "WDATA_14", 0 0, o0x7f167bf68de8;  0 drivers
o0x7f167bf68e18 .functor BUFZ 1, c4<z>; HiZ drive
v0x555594b93530_0 .net "WDATA_15", 0 0, o0x7f167bf68e18;  0 drivers
o0x7f167bf68e48 .functor BUFZ 1, c4<z>; HiZ drive
v0x555594b935f0_0 .net "WDATA_2", 0 0, o0x7f167bf68e48;  0 drivers
o0x7f167bf68e78 .functor BUFZ 1, c4<z>; HiZ drive
v0x555594b936b0_0 .net "WDATA_3", 0 0, o0x7f167bf68e78;  0 drivers
o0x7f167bf68ea8 .functor BUFZ 1, c4<z>; HiZ drive
v0x555594b93770_0 .net "WDATA_4", 0 0, o0x7f167bf68ea8;  0 drivers
o0x7f167bf68ed8 .functor BUFZ 1, c4<z>; HiZ drive
v0x555594b93830_0 .net "WDATA_5", 0 0, o0x7f167bf68ed8;  0 drivers
o0x7f167bf68f08 .functor BUFZ 1, c4<z>; HiZ drive
v0x555594b938f0_0 .net "WDATA_6", 0 0, o0x7f167bf68f08;  0 drivers
o0x7f167bf68f38 .functor BUFZ 1, c4<z>; HiZ drive
v0x555594b939b0_0 .net "WDATA_7", 0 0, o0x7f167bf68f38;  0 drivers
o0x7f167bf68f68 .functor BUFZ 1, c4<z>; HiZ drive
v0x555594b93a70_0 .net "WDATA_8", 0 0, o0x7f167bf68f68;  0 drivers
o0x7f167bf68f98 .functor BUFZ 1, c4<z>; HiZ drive
v0x555594b93b30_0 .net "WDATA_9", 0 0, o0x7f167bf68f98;  0 drivers
o0x7f167bf68fc8 .functor BUFZ 1, c4<z>; HiZ drive
v0x555594b93bf0_0 .net "WE", 0 0, o0x7f167bf68fc8;  0 drivers
v0x555594b93cb0_0 .net *"_ivl_100", 0 0, L_0x555594bdedc0;  1 drivers
v0x555594b93d90_0 .net *"_ivl_102", 0 0, L_0x555594bdeb10;  1 drivers
v0x555594b93e70_0 .net *"_ivl_104", 0 0, L_0x555594bdec10;  1 drivers
v0x555594b93f50_0 .net *"_ivl_106", 0 0, L_0x555594bdf2b0;  1 drivers
v0x555594b94030_0 .net *"_ivl_108", 0 0, L_0x555594bdf3b0;  1 drivers
v0x555594b94110_0 .net *"_ivl_110", 0 0, L_0x555594bdf690;  1 drivers
v0x555594b941f0_0 .net *"_ivl_112", 0 0, L_0x555594bdf790;  1 drivers
v0x555594b942d0_0 .net *"_ivl_114", 0 0, L_0x555594bdfa80;  1 drivers
v0x555594b943b0_0 .net *"_ivl_116", 0 0, L_0x555594bdfb80;  1 drivers
v0x555594b94490_0 .net *"_ivl_120", 0 0, L_0x555594be0470;  1 drivers
v0x555594b94570_0 .net *"_ivl_122", 0 0, L_0x555594be0720;  1 drivers
v0x555594b94650_0 .net *"_ivl_124", 0 0, L_0x555594be07c0;  1 drivers
v0x555594b94730_0 .net *"_ivl_126", 0 0, L_0x555594be0a80;  1 drivers
v0x555594b94810_0 .net *"_ivl_128", 0 0, L_0x555594be0b20;  1 drivers
v0x555594b948f0_0 .net *"_ivl_130", 0 0, L_0x555594be0df0;  1 drivers
v0x555594b949d0_0 .net *"_ivl_132", 0 0, L_0x555594be0e90;  1 drivers
v0x555594b94ab0_0 .net *"_ivl_134", 0 0, L_0x555594be1170;  1 drivers
v0x555594b94b90_0 .net *"_ivl_136", 0 0, L_0x555594be1210;  1 drivers
v0x555594b94c70_0 .net *"_ivl_138", 0 0, L_0x555594be1530;  1 drivers
v0x555594b94d50_0 .net *"_ivl_140", 0 0, L_0x555594be1630;  1 drivers
v0x555594b94e30_0 .net *"_ivl_142", 0 0, L_0x555594be1990;  1 drivers
v0x555594b94f10_0 .net *"_ivl_144", 0 0, L_0x555594be1a90;  1 drivers
v0x555594b94ff0_0 .net *"_ivl_146", 0 0, L_0x555594be1e00;  1 drivers
v0x555594b950d0_0 .net *"_ivl_148", 0 0, L_0x555594be1f00;  1 drivers
v0x555594b951b0_0 .net *"_ivl_150", 0 0, L_0x555594be2280;  1 drivers
v0x555594b95290_0 .net *"_ivl_18", 0 0, L_0x555594bdb040;  1 drivers
v0x555594b95370_0 .net/2u *"_ivl_19", 0 0, L_0x7f167bbb7330;  1 drivers
v0x555594b95450_0 .net *"_ivl_28", 0 0, L_0x555594bdb3e0;  1 drivers
v0x555594b95530_0 .net *"_ivl_30", 0 0, L_0x555594bdb240;  1 drivers
v0x555594b95610_0 .net *"_ivl_32", 0 0, L_0x555594bdb5f0;  1 drivers
v0x555594b956f0_0 .net *"_ivl_34", 0 0, L_0x555594bdb7b0;  1 drivers
v0x555594b957d0_0 .net *"_ivl_36", 0 0, L_0x555594bdb8b0;  1 drivers
v0x555594b958b0_0 .net *"_ivl_38", 0 0, L_0x555594bdba80;  1 drivers
v0x555594b95990_0 .net *"_ivl_40", 0 0, L_0x555594bdbb80;  1 drivers
v0x555594b95a70_0 .net *"_ivl_42", 0 0, L_0x555594bdbd60;  1 drivers
v0x555594b95b50_0 .net *"_ivl_44", 0 0, L_0x555594bdbe60;  1 drivers
v0x555594b95c30_0 .net *"_ivl_46", 0 0, L_0x555594bdc050;  1 drivers
v0x555594b95d10_0 .net *"_ivl_48", 0 0, L_0x555594bdc150;  1 drivers
v0x555594b95df0_0 .net *"_ivl_52", 0 0, L_0x555594bdc800;  1 drivers
v0x555594b95ed0_0 .net/2u *"_ivl_53", 0 0, L_0x7f167bbb7378;  1 drivers
v0x555594b95fb0_0 .net *"_ivl_62", 0 0, L_0x555594bdcd20;  1 drivers
v0x555594b96090_0 .net *"_ivl_64", 0 0, L_0x555594bdcdc0;  1 drivers
v0x555594b96170_0 .net *"_ivl_66", 0 0, L_0x555594bdcf90;  1 drivers
v0x555594b96250_0 .net *"_ivl_68", 0 0, L_0x555594bdd060;  1 drivers
v0x555594b96330_0 .net *"_ivl_70", 0 0, L_0x555594bdd2a0;  1 drivers
v0x555594b96410_0 .net *"_ivl_72", 0 0, L_0x555594bdd3a0;  1 drivers
v0x555594b964f0_0 .net *"_ivl_74", 0 0, L_0x555594bdd5f0;  1 drivers
v0x555594b965d0_0 .net *"_ivl_76", 0 0, L_0x555594bdd6f0;  1 drivers
v0x555594b966b0_0 .net *"_ivl_78", 0 0, L_0x555594bdd950;  1 drivers
v0x555594b96790_0 .net *"_ivl_80", 0 0, L_0x555594bdda50;  1 drivers
v0x555594b96870_0 .net *"_ivl_82", 0 0, L_0x555594bddcc0;  1 drivers
v0x555594b96950_0 .net *"_ivl_86", 0 0, L_0x555594bde3f0;  1 drivers
v0x555594b96a30_0 .net *"_ivl_88", 0 0, L_0x555594bde490;  1 drivers
v0x555594b97320_0 .net *"_ivl_90", 0 0, L_0x555594bde6c0;  1 drivers
v0x555594b97400_0 .net *"_ivl_92", 0 0, L_0x555594bde760;  1 drivers
v0x555594b974e0_0 .net *"_ivl_94", 0 0, L_0x555594bde9a0;  1 drivers
v0x555594b975c0_0 .net *"_ivl_96", 0 0, L_0x555594bdea40;  1 drivers
v0x555594b976a0_0 .net *"_ivl_98", 0 0, L_0x555594bdecc0;  1 drivers
L_0x555594bd9ea0 .part v0x555594b8ecd0_0, 15, 1;
L_0x555594bd9fc0 .part v0x555594b8ecd0_0, 14, 1;
L_0x555594bda060 .part v0x555594b8ecd0_0, 13, 1;
L_0x555594bda130 .part v0x555594b8ecd0_0, 12, 1;
L_0x555594bda230 .part v0x555594b8ecd0_0, 11, 1;
L_0x555594bda300 .part v0x555594b8ecd0_0, 10, 1;
L_0x555594bda410 .part v0x555594b8ecd0_0, 9, 1;
L_0x555594bda4b0 .part v0x555594b8ecd0_0, 8, 1;
L_0x555594bda5d0 .part v0x555594b8ecd0_0, 7, 1;
L_0x555594bda6a0 .part v0x555594b8ecd0_0, 6, 1;
L_0x555594bda7d0 .part v0x555594b8ecd0_0, 5, 1;
L_0x555594bda8a0 .part v0x555594b8ecd0_0, 4, 1;
L_0x555594bda9e0 .part v0x555594b8ecd0_0, 3, 1;
L_0x555594bdaab0 .part v0x555594b8ecd0_0, 2, 1;
L_0x555594bdac00 .part v0x555594b8ecd0_0, 1, 1;
L_0x555594bdaee0 .part v0x555594b8ecd0_0, 0, 1;
L_0x555594bdb040 .ufunc/vec4 TD_ICESTORM_RAM.pd, 1, o0x7f167bf686c8 (v0x555594b8fbf0_0) S_0x555594b8f980;
L_0x555594bdb1a0 .ufunc/vec4 TD_ICESTORM_RAM.pu, 1, o0x7f167bf686f8 (v0x555594b8ff50_0) S_0x555594b8fcb0;
L_0x555594bdb2e0 .ufunc/vec4 TD_ICESTORM_RAM.pd, 1, o0x7f167bf68a28 (v0x555594b8fbf0_0) S_0x555594b8f980;
L_0x555594bdb3e0 .ufunc/vec4 TD_ICESTORM_RAM.pd, 1, o0x7f167bf68518 (v0x555594b8fbf0_0) S_0x555594b8f980;
L_0x555594bdb240 .ufunc/vec4 TD_ICESTORM_RAM.pd, 1, o0x7f167bf68698 (v0x555594b8fbf0_0) S_0x555594b8f980;
L_0x555594bdb5f0 .ufunc/vec4 TD_ICESTORM_RAM.pd, 1, o0x7f167bf68668 (v0x555594b8fbf0_0) S_0x555594b8f980;
L_0x555594bdb7b0 .ufunc/vec4 TD_ICESTORM_RAM.pd, 1, o0x7f167bf68638 (v0x555594b8fbf0_0) S_0x555594b8f980;
L_0x555594bdb8b0 .ufunc/vec4 TD_ICESTORM_RAM.pd, 1, o0x7f167bf68608 (v0x555594b8fbf0_0) S_0x555594b8f980;
L_0x555594bdba80 .ufunc/vec4 TD_ICESTORM_RAM.pd, 1, o0x7f167bf685d8 (v0x555594b8fbf0_0) S_0x555594b8f980;
L_0x555594bdbb80 .ufunc/vec4 TD_ICESTORM_RAM.pd, 1, o0x7f167bf685a8 (v0x555594b8fbf0_0) S_0x555594b8f980;
L_0x555594bdbd60 .ufunc/vec4 TD_ICESTORM_RAM.pd, 1, o0x7f167bf68578 (v0x555594b8fbf0_0) S_0x555594b8f980;
L_0x555594bdbe60 .ufunc/vec4 TD_ICESTORM_RAM.pd, 1, o0x7f167bf68548 (v0x555594b8fbf0_0) S_0x555594b8f980;
L_0x555594bdc050 .ufunc/vec4 TD_ICESTORM_RAM.pd, 1, o0x7f167bf684e8 (v0x555594b8fbf0_0) S_0x555594b8f980;
L_0x555594bdc150 .ufunc/vec4 TD_ICESTORM_RAM.pd, 1, o0x7f167bf684b8 (v0x555594b8fbf0_0) S_0x555594b8f980;
LS_0x555594bdc350_0_0 .concat [ 1 1 1 1], L_0x555594bdc150, L_0x555594bdc050, L_0x555594bdbe60, L_0x555594bdbd60;
LS_0x555594bdc350_0_4 .concat [ 1 1 1 1], L_0x555594bdbb80, L_0x555594bdba80, L_0x555594bdb8b0, L_0x555594bdb7b0;
LS_0x555594bdc350_0_8 .concat [ 1 1 1 0], L_0x555594bdb5f0, L_0x555594bdb240, L_0x555594bdb3e0;
L_0x555594bdc350 .concat [ 4 4 3 0], LS_0x555594bdc350_0_0, LS_0x555594bdc350_0_4, LS_0x555594bdc350_0_8;
L_0x555594bdc800 .ufunc/vec4 TD_ICESTORM_RAM.pd, 1, o0x7f167bf68c68 (v0x555594b8fbf0_0) S_0x555594b8f980;
L_0x555594bdcac0 .ufunc/vec4 TD_ICESTORM_RAM.pu, 1, o0x7f167bf68c98 (v0x555594b8ff50_0) S_0x555594b8fcb0;
L_0x555594bdcb60 .ufunc/vec4 TD_ICESTORM_RAM.pd, 1, o0x7f167bf68fc8 (v0x555594b8fbf0_0) S_0x555594b8f980;
L_0x555594bdcd20 .ufunc/vec4 TD_ICESTORM_RAM.pd, 1, o0x7f167bf68ab8 (v0x555594b8fbf0_0) S_0x555594b8f980;
L_0x555594bdcdc0 .ufunc/vec4 TD_ICESTORM_RAM.pd, 1, o0x7f167bf68c38 (v0x555594b8fbf0_0) S_0x555594b8f980;
L_0x555594bdcf90 .ufunc/vec4 TD_ICESTORM_RAM.pd, 1, o0x7f167bf68c08 (v0x555594b8fbf0_0) S_0x555594b8f980;
L_0x555594bdd060 .ufunc/vec4 TD_ICESTORM_RAM.pd, 1, o0x7f167bf68bd8 (v0x555594b8fbf0_0) S_0x555594b8f980;
L_0x555594bdd2a0 .ufunc/vec4 TD_ICESTORM_RAM.pd, 1, o0x7f167bf68ba8 (v0x555594b8fbf0_0) S_0x555594b8f980;
L_0x555594bdd3a0 .ufunc/vec4 TD_ICESTORM_RAM.pd, 1, o0x7f167bf68b78 (v0x555594b8fbf0_0) S_0x555594b8f980;
L_0x555594bdd5f0 .ufunc/vec4 TD_ICESTORM_RAM.pd, 1, o0x7f167bf68b48 (v0x555594b8fbf0_0) S_0x555594b8f980;
L_0x555594bdd6f0 .ufunc/vec4 TD_ICESTORM_RAM.pd, 1, o0x7f167bf68b18 (v0x555594b8fbf0_0) S_0x555594b8f980;
L_0x555594bdd950 .ufunc/vec4 TD_ICESTORM_RAM.pd, 1, o0x7f167bf68ae8 (v0x555594b8fbf0_0) S_0x555594b8f980;
L_0x555594bdda50 .ufunc/vec4 TD_ICESTORM_RAM.pd, 1, o0x7f167bf68a88 (v0x555594b8fbf0_0) S_0x555594b8f980;
L_0x555594bddcc0 .ufunc/vec4 TD_ICESTORM_RAM.pd, 1, o0x7f167bf68a58 (v0x555594b8fbf0_0) S_0x555594b8f980;
LS_0x555594bdddc0_0_0 .concat [ 1 1 1 1], L_0x555594bddcc0, L_0x555594bdda50, L_0x555594bdd950, L_0x555594bdd6f0;
LS_0x555594bdddc0_0_4 .concat [ 1 1 1 1], L_0x555594bdd5f0, L_0x555594bdd3a0, L_0x555594bdd2a0, L_0x555594bdd060;
LS_0x555594bdddc0_0_8 .concat [ 1 1 1 0], L_0x555594bdcf90, L_0x555594bdcdc0, L_0x555594bdcd20;
L_0x555594bdddc0 .concat [ 4 4 3 0], LS_0x555594bdddc0_0_0, LS_0x555594bdddc0_0_4, LS_0x555594bdddc0_0_8;
L_0x555594bde3f0 .ufunc/vec4 TD_ICESTORM_RAM.pd, 1, o0x7f167bf68308 (v0x555594b8fbf0_0) S_0x555594b8f980;
L_0x555594bde490 .ufunc/vec4 TD_ICESTORM_RAM.pd, 1, o0x7f167bf682d8 (v0x555594b8fbf0_0) S_0x555594b8f980;
L_0x555594bde6c0 .ufunc/vec4 TD_ICESTORM_RAM.pd, 1, o0x7f167bf682a8 (v0x555594b8fbf0_0) S_0x555594b8f980;
L_0x555594bde760 .ufunc/vec4 TD_ICESTORM_RAM.pd, 1, o0x7f167bf68278 (v0x555594b8fbf0_0) S_0x555594b8f980;
L_0x555594bde9a0 .ufunc/vec4 TD_ICESTORM_RAM.pd, 1, o0x7f167bf68248 (v0x555594b8fbf0_0) S_0x555594b8f980;
L_0x555594bdea40 .ufunc/vec4 TD_ICESTORM_RAM.pd, 1, o0x7f167bf68218 (v0x555594b8fbf0_0) S_0x555594b8f980;
L_0x555594bdecc0 .ufunc/vec4 TD_ICESTORM_RAM.pd, 1, o0x7f167bf68488 (v0x555594b8fbf0_0) S_0x555594b8f980;
L_0x555594bdedc0 .ufunc/vec4 TD_ICESTORM_RAM.pd, 1, o0x7f167bf68458 (v0x555594b8fbf0_0) S_0x555594b8f980;
L_0x555594bdeb10 .ufunc/vec4 TD_ICESTORM_RAM.pd, 1, o0x7f167bf68428 (v0x555594b8fbf0_0) S_0x555594b8f980;
L_0x555594bdec10 .ufunc/vec4 TD_ICESTORM_RAM.pd, 1, o0x7f167bf683f8 (v0x555594b8fbf0_0) S_0x555594b8f980;
L_0x555594bdf2b0 .ufunc/vec4 TD_ICESTORM_RAM.pd, 1, o0x7f167bf683c8 (v0x555594b8fbf0_0) S_0x555594b8f980;
L_0x555594bdf3b0 .ufunc/vec4 TD_ICESTORM_RAM.pd, 1, o0x7f167bf68398 (v0x555594b8fbf0_0) S_0x555594b8f980;
L_0x555594bdf690 .ufunc/vec4 TD_ICESTORM_RAM.pd, 1, o0x7f167bf68368 (v0x555594b8fbf0_0) S_0x555594b8f980;
L_0x555594bdf790 .ufunc/vec4 TD_ICESTORM_RAM.pd, 1, o0x7f167bf68338 (v0x555594b8fbf0_0) S_0x555594b8f980;
L_0x555594bdfa80 .ufunc/vec4 TD_ICESTORM_RAM.pd, 1, o0x7f167bf681e8 (v0x555594b8fbf0_0) S_0x555594b8f980;
L_0x555594bdfb80 .ufunc/vec4 TD_ICESTORM_RAM.pd, 1, o0x7f167bf681b8 (v0x555594b8fbf0_0) S_0x555594b8f980;
LS_0x555594bdfe80_0_0 .concat [ 1 1 1 1], L_0x555594bdfb80, L_0x555594bdfa80, L_0x555594bdf790, L_0x555594bdf690;
LS_0x555594bdfe80_0_4 .concat [ 1 1 1 1], L_0x555594bdf3b0, L_0x555594bdf2b0, L_0x555594bdec10, L_0x555594bdeb10;
LS_0x555594bdfe80_0_8 .concat [ 1 1 1 1], L_0x555594bdedc0, L_0x555594bdecc0, L_0x555594bdea40, L_0x555594bde9a0;
LS_0x555594bdfe80_0_12 .concat [ 1 1 1 1], L_0x555594bde760, L_0x555594bde6c0, L_0x555594bde490, L_0x555594bde3f0;
L_0x555594bdfe80 .concat [ 4 4 4 4], LS_0x555594bdfe80_0_0, LS_0x555594bdfe80_0_4, LS_0x555594bdfe80_0_8, LS_0x555594bdfe80_0_12;
L_0x555594be0470 .ufunc/vec4 TD_ICESTORM_RAM.pd, 1, o0x7f167bf68e18 (v0x555594b8fbf0_0) S_0x555594b8f980;
L_0x555594be0720 .ufunc/vec4 TD_ICESTORM_RAM.pd, 1, o0x7f167bf68de8 (v0x555594b8fbf0_0) S_0x555594b8f980;
L_0x555594be07c0 .ufunc/vec4 TD_ICESTORM_RAM.pd, 1, o0x7f167bf68db8 (v0x555594b8fbf0_0) S_0x555594b8f980;
L_0x555594be0a80 .ufunc/vec4 TD_ICESTORM_RAM.pd, 1, o0x7f167bf68d88 (v0x555594b8fbf0_0) S_0x555594b8f980;
L_0x555594be0b20 .ufunc/vec4 TD_ICESTORM_RAM.pd, 1, o0x7f167bf68d58 (v0x555594b8fbf0_0) S_0x555594b8f980;
L_0x555594be0df0 .ufunc/vec4 TD_ICESTORM_RAM.pd, 1, o0x7f167bf68d28 (v0x555594b8fbf0_0) S_0x555594b8f980;
L_0x555594be0e90 .ufunc/vec4 TD_ICESTORM_RAM.pd, 1, o0x7f167bf68f98 (v0x555594b8fbf0_0) S_0x555594b8f980;
L_0x555594be1170 .ufunc/vec4 TD_ICESTORM_RAM.pd, 1, o0x7f167bf68f68 (v0x555594b8fbf0_0) S_0x555594b8f980;
L_0x555594be1210 .ufunc/vec4 TD_ICESTORM_RAM.pd, 1, o0x7f167bf68f38 (v0x555594b8fbf0_0) S_0x555594b8f980;
L_0x555594be1530 .ufunc/vec4 TD_ICESTORM_RAM.pd, 1, o0x7f167bf68f08 (v0x555594b8fbf0_0) S_0x555594b8f980;
L_0x555594be1630 .ufunc/vec4 TD_ICESTORM_RAM.pd, 1, o0x7f167bf68ed8 (v0x555594b8fbf0_0) S_0x555594b8f980;
L_0x555594be1990 .ufunc/vec4 TD_ICESTORM_RAM.pd, 1, o0x7f167bf68ea8 (v0x555594b8fbf0_0) S_0x555594b8f980;
L_0x555594be1a90 .ufunc/vec4 TD_ICESTORM_RAM.pd, 1, o0x7f167bf68e78 (v0x555594b8fbf0_0) S_0x555594b8f980;
L_0x555594be1e00 .ufunc/vec4 TD_ICESTORM_RAM.pd, 1, o0x7f167bf68e48 (v0x555594b8fbf0_0) S_0x555594b8f980;
L_0x555594be1f00 .ufunc/vec4 TD_ICESTORM_RAM.pd, 1, o0x7f167bf68cf8 (v0x555594b8fbf0_0) S_0x555594b8f980;
L_0x555594be2280 .ufunc/vec4 TD_ICESTORM_RAM.pd, 1, o0x7f167bf68cc8 (v0x555594b8fbf0_0) S_0x555594b8f980;
LS_0x555594be2380_0_0 .concat [ 1 1 1 1], L_0x555594be2280, L_0x555594be1f00, L_0x555594be1e00, L_0x555594be1a90;
LS_0x555594be2380_0_4 .concat [ 1 1 1 1], L_0x555594be1990, L_0x555594be1630, L_0x555594be1530, L_0x555594be1210;
LS_0x555594be2380_0_8 .concat [ 1 1 1 1], L_0x555594be1170, L_0x555594be0e90, L_0x555594be0df0, L_0x555594be0b20;
LS_0x555594be2380_0_12 .concat [ 1 1 1 1], L_0x555594be0a80, L_0x555594be07c0, L_0x555594be0720, L_0x555594be0470;
L_0x555594be2380 .concat [ 4 4 4 4], LS_0x555594be2380_0_0, LS_0x555594be2380_0_4, LS_0x555594be2380_0_8, LS_0x555594be2380_0_12;
S_0x5555949571f0 .scope module, "RAM" "SB_RAM40_4K" 3 3233, 3 1487 0, S_0x555594b51850;
 .timescale -12 -12;
    .port_info 0 /OUTPUT 16 "RDATA";
    .port_info 1 /INPUT 1 "RCLK";
    .port_info 2 /INPUT 1 "RCLKE";
    .port_info 3 /INPUT 1 "RE";
    .port_info 4 /INPUT 11 "RADDR";
    .port_info 5 /INPUT 1 "WCLK";
    .port_info 6 /INPUT 1 "WCLKE";
    .port_info 7 /INPUT 1 "WE";
    .port_info 8 /INPUT 11 "WADDR";
    .port_info 9 /INPUT 16 "MASK";
    .port_info 10 /INPUT 16 "WDATA";
P_0x55559494d870 .param/l "INIT_0" 0 3 1507, C4<0000000000000000000000000000000000000000000000000000000000000000000000000000000000000000000000000000000000000000000000000000000000000000000000000000000000000000000000000000000000000000000000000000000000000000000000000000000000000000000000000000000000000000>;
P_0x55559494d8b0 .param/l "INIT_1" 0 3 1508, C4<0000000000000000000000000000000000000000000000000000000000000000000000000000000000000000000000000000000000000000000000000000000000000000000000000000000000000000000000000000000000000000000000000000000000000000000000000000000000000000000000000000000000000000>;
P_0x55559494d8f0 .param/l "INIT_2" 0 3 1509, C4<0000000000000000000000000000000000000000000000000000000000000000000000000000000000000000000000000000000000000000000000000000000000000000000000000000000000000000000000000000000000000000000000000000000000000000000000000000000000000000000000000000000000000000>;
P_0x55559494d930 .param/l "INIT_3" 0 3 1510, C4<0000000000000000000000000000000000000000000000000000000000000000000000000000000000000000000000000000000000000000000000000000000000000000000000000000000000000000000000000000000000000000000000000000000000000000000000000000000000000000000000000000000000000000>;
P_0x55559494d970 .param/l "INIT_4" 0 3 1511, C4<0000000000000000000000000000000000000000000000000000000000000000000000000000000000000000000000000000000000000000000000000000000000000000000000000000000000000000000000000000000000000000000000000000000000000000000000000000000000000000000000000000000000000000>;
P_0x55559494d9b0 .param/l "INIT_5" 0 3 1512, C4<0000000000000000000000000000000000000000000000000000000000000000000000000000000000000000000000000000000000000000000000000000000000000000000000000000000000000000000000000000000000000000000000000000000000000000000000000000000000000000000000000000000000000000>;
P_0x55559494d9f0 .param/l "INIT_6" 0 3 1513, C4<0000000000000000000000000000000000000000000000000000000000000000000000000000000000000000000000000000000000000000000000000000000000000000000000000000000000000000000000000000000000000000000000000000000000000000000000000000000000000000000000000000000000000000>;
P_0x55559494da30 .param/l "INIT_7" 0 3 1514, C4<0000000000000000000000000000000000000000000000000000000000000000000000000000000000000000000000000000000000000000000000000000000000000000000000000000000000000000000000000000000000000000000000000000000000000000000000000000000000000000000000000000000000000000>;
P_0x55559494da70 .param/l "INIT_8" 0 3 1515, C4<0000000000000000000000000000000000000000000000000000000000000000000000000000000000000000000000000000000000000000000000000000000000000000000000000000000000000000000000000000000000000000000000000000000000000000000000000000000000000000000000000000000000000000>;
P_0x55559494dab0 .param/l "INIT_9" 0 3 1516, C4<0000000000000000000000000000000000000000000000000000000000000000000000000000000000000000000000000000000000000000000000000000000000000000000000000000000000000000000000000000000000000000000000000000000000000000000000000000000000000000000000000000000000000000>;
P_0x55559494daf0 .param/l "INIT_A" 0 3 1517, C4<0000000000000000000000000000000000000000000000000000000000000000000000000000000000000000000000000000000000000000000000000000000000000000000000000000000000000000000000000000000000000000000000000000000000000000000000000000000000000000000000000000000000000000>;
P_0x55559494db30 .param/l "INIT_B" 0 3 1518, C4<0000000000000000000000000000000000000000000000000000000000000000000000000000000000000000000000000000000000000000000000000000000000000000000000000000000000000000000000000000000000000000000000000000000000000000000000000000000000000000000000000000000000000000>;
P_0x55559494db70 .param/l "INIT_C" 0 3 1519, C4<0000000000000000000000000000000000000000000000000000000000000000000000000000000000000000000000000000000000000000000000000000000000000000000000000000000000000000000000000000000000000000000000000000000000000000000000000000000000000000000000000000000000000000>;
P_0x55559494dbb0 .param/l "INIT_D" 0 3 1520, C4<0000000000000000000000000000000000000000000000000000000000000000000000000000000000000000000000000000000000000000000000000000000000000000000000000000000000000000000000000000000000000000000000000000000000000000000000000000000000000000000000000000000000000000>;
P_0x55559494dbf0 .param/l "INIT_E" 0 3 1521, C4<0000000000000000000000000000000000000000000000000000000000000000000000000000000000000000000000000000000000000000000000000000000000000000000000000000000000000000000000000000000000000000000000000000000000000000000000000000000000000000000000000000000000000000>;
P_0x55559494dc30 .param/l "INIT_F" 0 3 1522, C4<0000000000000000000000000000000000000000000000000000000000000000000000000000000000000000000000000000000000000000000000000000000000000000000000000000000000000000000000000000000000000000000000000000000000000000000000000000000000000000000000000000000000000000>;
P_0x55559494dc70 .param/str "INIT_FILE" 0 3 1524, "\000";
P_0x55559494dcb0 .param/l "READ_MODE" 0 3 1505, +C4<00000000000000000000000000000000>;
P_0x55559494dcf0 .param/l "WRITE_MODE" 0 3 1504, +C4<00000000000000000000000000000000>;
v0x555594b8e8a0_0 .net "MASK", 15 0, L_0x555594bdfe80;  1 drivers
v0x555594b8e960_0 .net "RADDR", 10 0, L_0x555594bdc350;  1 drivers
v0x555594b8ea40_0 .net "RCLK", 0 0, L_0x555594bda970;  1 drivers
v0x555594b8eae0_0 .net "RCLKE", 0 0, L_0x555594bdb1a0;  1 drivers
v0x555594b8eba0_0 .net "RDATA", 15 0, v0x555594b8ecd0_0;  1 drivers
v0x555594b8ecd0_0 .var "RDATA_I", 15 0;
v0x555594b8edb0_0 .net "RE", 0 0, L_0x555594bdb2e0;  1 drivers
L_0x7f167bbb72e8 .functor BUFT 1, C4<0000000000000000>, C4<0>, C4<0>, C4<0>;
v0x555594b8ee70_0 .net "RMASK_I", 15 0, L_0x7f167bbb72e8;  1 drivers
v0x555594b8ef50_0 .net "WADDR", 10 0, L_0x555594bdddc0;  1 drivers
v0x555594b8f030_0 .net "WCLK", 0 0, L_0x555594bdc9b0;  1 drivers
v0x555594b8f0f0_0 .net "WCLKE", 0 0, L_0x555594bdcac0;  1 drivers
v0x555594b8f1b0_0 .net "WDATA", 15 0, L_0x555594be2380;  1 drivers
v0x555594b8f290_0 .net "WDATA_I", 15 0, L_0x555594bd9d60;  1 drivers
v0x555594b8f370_0 .net "WE", 0 0, L_0x555594bdcb60;  1 drivers
v0x555594b8f430_0 .net "WMASK_I", 15 0, L_0x555594bc9ce0;  1 drivers
v0x555594b8f510_0 .var/i "i", 31 0;
v0x555594b8f5f0 .array "memory", 255 0, 15 0;
E_0x555594b3ec60 .event posedge, v0x555594b8ea40_0;
E_0x555594b37750 .event posedge, v0x555594b8f030_0;
S_0x555594b8e120 .scope generate, "genblk1" "genblk1" 3 1534, 3 1534 0, S_0x5555949571f0;
 .timescale -12 -12;
L_0x555594bc9ce0 .functor BUFZ 16, L_0x555594bdfe80, C4<0000000000000000>, C4<0000000000000000>, C4<0000000000000000>;
S_0x555594b8e300 .scope generate, "genblk2" "genblk2" 3 1555, 3 1555 0, S_0x5555949571f0;
 .timescale -12 -12;
S_0x555594b8e4e0 .scope generate, "genblk3" "genblk3" 3 1576, 3 1576 0, S_0x5555949571f0;
 .timescale -12 -12;
L_0x555594bd9d60 .functor BUFZ 16, L_0x555594be2380, C4<0000000000000000>, C4<0000000000000000>, C4<0000000000000000>;
S_0x555594b8e6c0 .scope generate, "genblk4" "genblk4" 3 1595, 3 1595 0, S_0x5555949571f0;
 .timescale -12 -12;
S_0x555594b8f980 .scope function.vec4.s1, "pd" "pd" 3 3200, 3 3200 0, S_0x555594b51850;
 .timescale -12 -12;
; Variable pd is vec4 return value of scope S_0x555594b8f980
v0x555594b8fbf0_0 .var "x", 0 0;
TD_ICESTORM_RAM.pd ;
    %load/vec4 v0x555594b8fbf0_0;
    %cmpi/e 0, 1, 1;
    %flag_mov 8, 6;
    %jmp/0 T_0.0, 8;
    %pushi/vec4 0, 0, 1;
    %jmp/1 T_0.1, 8;
T_0.0 ; End of true expr.
    %load/vec4 v0x555594b8fbf0_0;
    %jmp/0 T_0.1, 8;
 ; End of false expr.
    %blend;
T_0.1;
    %ret/vec4 0, 0, 1;  Assign to pd (store_vec4_to_lval)
    %end;
S_0x555594b8fcb0 .scope function.vec4.s1, "pu" "pu" 3 3207, 3 3207 0, S_0x555594b51850;
 .timescale -12 -12;
; Variable pu is vec4 return value of scope S_0x555594b8fcb0
v0x555594b8ff50_0 .var "x", 0 0;
TD_ICESTORM_RAM.pu ;
    %load/vec4 v0x555594b8ff50_0;
    %cmpi/e 0, 1, 1;
    %flag_mov 8, 6;
    %jmp/0 T_1.2, 8;
    %pushi/vec4 1, 0, 1;
    %jmp/1 T_1.3, 8;
T_1.2 ; End of true expr.
    %load/vec4 v0x555594b8ff50_0;
    %jmp/0 T_1.3, 8;
 ; End of false expr.
    %blend;
T_1.3;
    %ret/vec4 0, 0, 1;  Assign to pu (store_vec4_to_lval)
    %end;
S_0x555594b89770 .scope module, "Nand_tb" "Nand_tb" 4 2;
 .timescale -12 -12;
L_0x555594be2d60 .functor AND 1, v0x555594b98b30_0, v0x555594b98c20_0, C4<1>, C4<1>;
L_0x555594be2dd0 .functor NOT 1, L_0x555594be2d60, C4<0>, C4<0>, C4<0>;
v0x555594b98a50_0 .net *"_ivl_0", 0 0, L_0x555594be2d60;  1 drivers
v0x555594b98b30_0 .var "a", 0 0;
v0x555594b98c20_0 .var "b", 0 0;
v0x555594b98d20_0 .var "fail", 0 0;
v0x555594b98dc0_0 .net "out", 0 0, L_0x555594be2c00;  1 drivers
v0x555594b98eb0_0 .net "out_cmp", 0 0, L_0x555594be2dd0;  1 drivers
S_0x555594b98370 .scope module, "NAND" "Nand" 4 9, 5 8 0, S_0x555594b89770;
 .timescale -12 -12;
    .port_info 0 /INPUT 1 "a";
    .port_info 1 /INPUT 1 "b";
    .port_info 2 /OUTPUT 1 "out";
L_0x555594be2c00 .functor NAND 1, v0x555594b98b30_0, v0x555594b98c20_0, C4<1>, C4<1>;
v0x555594b985b0_0 .net "a", 0 0, v0x555594b98b30_0;  1 drivers
v0x555594b98690_0 .net "b", 0 0, v0x555594b98c20_0;  1 drivers
v0x555594b98750_0 .net "out", 0 0, L_0x555594be2c00;  alias, 1 drivers
S_0x555594b98870 .scope task, "check" "check" 4 20, 4 20 0, S_0x555594b89770;
 .timescale -12 -12;
TD_Nand_tb.check ;
    %delay 1, 0;
    %load/vec4 v0x555594b98dc0_0;
    %load/vec4 v0x555594b98eb0_0;
    %cmp/ne;
    %jmp/0xz  T_2.4, 4;
    %vpi_call/w 4 24 "$display", "FAIL: a=%1b, b=%1b, out=%1b", v0x555594b98b30_0, v0x555594b98c20_0, v0x555594b98dc0_0 {0 0 0};
    %pushi/vec4 1, 0, 1;
    %store/vec4 v0x555594b98d20_0, 0, 1;
T_2.4 ;
    %end;
S_0x555594b52be0 .scope module, "SB_CARRY" "SB_CARRY" 3 228;
 .timescale -12 -12;
    .port_info 0 /OUTPUT 1 "CO";
    .port_info 1 /INPUT 1 "I0";
    .port_info 2 /INPUT 1 "I1";
    .port_info 3 /INPUT 1 "CI";
o0x7f167bf6ab28 .functor BUFZ 1, c4<z>; HiZ drive
o0x7f167bf6ab58 .functor BUFZ 1, c4<z>; HiZ drive
L_0x555594be2e90 .functor AND 1, o0x7f167bf6ab28, o0x7f167bf6ab58, C4<1>, C4<1>;
L_0x555594be2f00 .functor OR 1, o0x7f167bf6ab28, o0x7f167bf6ab58, C4<0>, C4<0>;
o0x7f167bf6aac8 .functor BUFZ 1, c4<z>; HiZ drive
L_0x555594be3010 .functor AND 1, L_0x555594be2f00, o0x7f167bf6aac8, C4<1>, C4<1>;
L_0x555594be30d0 .functor OR 1, L_0x555594be2e90, L_0x555594be3010, C4<0>, C4<0>;
v0x555594b98f50_0 .net "CI", 0 0, o0x7f167bf6aac8;  0 drivers
v0x555594b98ff0_0 .net "CO", 0 0, L_0x555594be30d0;  1 drivers
v0x555594b99090_0 .net "I0", 0 0, o0x7f167bf6ab28;  0 drivers
v0x555594b99160_0 .net "I1", 0 0, o0x7f167bf6ab58;  0 drivers
v0x555594b99220_0 .net *"_ivl_1", 0 0, L_0x555594be2e90;  1 drivers
v0x555594b99330_0 .net *"_ivl_3", 0 0, L_0x555594be2f00;  1 drivers
v0x555594b993f0_0 .net *"_ivl_5", 0 0, L_0x555594be3010;  1 drivers
S_0x555594b66e70 .scope module, "SB_DFF" "SB_DFF" 3 265;
 .timescale -12 -12;
    .port_info 0 /OUTPUT 1 "Q";
    .port_info 1 /INPUT 1 "C";
    .port_info 2 /INPUT 1 "D";
o0x7f167bf6acd8 .functor BUFZ 1, c4<z>; HiZ drive
v0x555594b99570_0 .net "C", 0 0, o0x7f167bf6acd8;  0 drivers
o0x7f167bf6ad08 .functor BUFZ 1, c4<z>; HiZ drive
v0x555594b99650_0 .net "D", 0 0, o0x7f167bf6ad08;  0 drivers
v0x555594b99710_0 .var "Q", 0 0;
E_0x555594b37b10 .event posedge, v0x555594b99570_0;
S_0x555594b66a80 .scope module, "SB_DFFE" "SB_DFFE" 3 303;
 .timescale -12 -12;
    .port_info 0 /OUTPUT 1 "Q";
    .port_info 1 /INPUT 1 "C";
    .port_info 2 /INPUT 1 "E";
    .port_info 3 /INPUT 1 "D";
o0x7f167bf6adf8 .functor BUFZ 1, c4<z>; HiZ drive
v0x555594b99850_0 .net "C", 0 0, o0x7f167bf6adf8;  0 drivers
o0x7f167bf6ae28 .functor BUFZ 1, c4<z>; HiZ drive
v0x555594b99930_0 .net "D", 0 0, o0x7f167bf6ae28;  0 drivers
o0x7f167bf6ae58 .functor BUFZ 1, c4<z>; HiZ drive
v0x555594b999f0_0 .net "E", 0 0, o0x7f167bf6ae58;  0 drivers
v0x555594b99ac0_0 .var "Q", 0 0;
E_0x555594b542b0 .event posedge, v0x555594b99850_0;
S_0x555594b55310 .scope module, "SB_DFFER" "SB_DFFER" 3 653;
 .timescale -12 -12;
    .port_info 0 /OUTPUT 1 "Q";
    .port_info 1 /INPUT 1 "C";
    .port_info 2 /INPUT 1 "E";
    .port_info 3 /INPUT 1 "R";
    .port_info 4 /INPUT 1 "D";
o0x7f167bf6af78 .functor BUFZ 1, c4<z>; HiZ drive
v0x555594b99c70_0 .net "C", 0 0, o0x7f167bf6af78;  0 drivers
o0x7f167bf6afa8 .functor BUFZ 1, c4<z>; HiZ drive
v0x555594b99d50_0 .net "D", 0 0, o0x7f167bf6afa8;  0 drivers
o0x7f167bf6afd8 .functor BUFZ 1, c4<z>; HiZ drive
v0x555594b99e10_0 .net "E", 0 0, o0x7f167bf6afd8;  0 drivers
v0x555594b99eb0_0 .var "Q", 0 0;
o0x7f167bf6b038 .functor BUFZ 1, c4<z>; HiZ drive
v0x555594b99f70_0 .net "R", 0 0, o0x7f167bf6b038;  0 drivers
E_0x555594b54920 .event posedge, v0x555594b99f70_0, v0x555594b99c70_0;
S_0x555594b54f20 .scope module, "SB_DFFES" "SB_DFFES" 3 794;
 .timescale -12 -12;
    .port_info 0 /OUTPUT 1 "Q";
    .port_info 1 /INPUT 1 "C";
    .port_info 2 /INPUT 1 "E";
    .port_info 3 /INPUT 1 "S";
    .port_info 4 /INPUT 1 "D";
o0x7f167bf6b158 .functor BUFZ 1, c4<z>; HiZ drive
v0x555594b9a160_0 .net "C", 0 0, o0x7f167bf6b158;  0 drivers
o0x7f167bf6b188 .functor BUFZ 1, c4<z>; HiZ drive
v0x555594b9a240_0 .net "D", 0 0, o0x7f167bf6b188;  0 drivers
o0x7f167bf6b1b8 .functor BUFZ 1, c4<z>; HiZ drive
v0x555594b9a300_0 .net "E", 0 0, o0x7f167bf6b1b8;  0 drivers
v0x555594b9a3a0_0 .var "Q", 0 0;
o0x7f167bf6b218 .functor BUFZ 1, c4<z>; HiZ drive
v0x555594b9a460_0 .net "S", 0 0, o0x7f167bf6b218;  0 drivers
E_0x555594b54d70 .event posedge, v0x555594b9a460_0, v0x555594b9a160_0;
S_0x555594b54750 .scope module, "SB_DFFESR" "SB_DFFESR" 3 592;
 .timescale -12 -12;
    .port_info 0 /OUTPUT 1 "Q";
    .port_info 1 /INPUT 1 "C";
    .port_info 2 /INPUT 1 "E";
    .port_info 3 /INPUT 1 "R";
    .port_info 4 /INPUT 1 "D";
o0x7f167bf6b338 .functor BUFZ 1, c4<z>; HiZ drive
v0x555594b9a690_0 .net "C", 0 0, o0x7f167bf6b338;  0 drivers
o0x7f167bf6b368 .functor BUFZ 1, c4<z>; HiZ drive
v0x555594b9a770_0 .net "D", 0 0, o0x7f167bf6b368;  0 drivers
o0x7f167bf6b398 .functor BUFZ 1, c4<z>; HiZ drive
v0x555594b9a830_0 .net "E", 0 0, o0x7f167bf6b398;  0 drivers
v0x555594b9a8d0_0 .var "Q", 0 0;
o0x7f167bf6b3f8 .functor BUFZ 1, c4<z>; HiZ drive
v0x555594b9a990_0 .net "R", 0 0, o0x7f167bf6b3f8;  0 drivers
E_0x555594b9a610 .event posedge, v0x555594b9a690_0;
S_0x555594b4f560 .scope module, "SB_DFFESS" "SB_DFFESS" 3 733;
 .timescale -12 -12;
    .port_info 0 /OUTPUT 1 "Q";
    .port_info 1 /INPUT 1 "C";
    .port_info 2 /INPUT 1 "E";
    .port_info 3 /INPUT 1 "S";
    .port_info 4 /INPUT 1 "D";
o0x7f167bf6b518 .functor BUFZ 1, c4<z>; HiZ drive
v0x555594b9abc0_0 .net "C", 0 0, o0x7f167bf6b518;  0 drivers
o0x7f167bf6b548 .functor BUFZ 1, c4<z>; HiZ drive
v0x555594b9aca0_0 .net "D", 0 0, o0x7f167bf6b548;  0 drivers
o0x7f167bf6b578 .functor BUFZ 1, c4<z>; HiZ drive
v0x555594b9ad60_0 .net "E", 0 0, o0x7f167bf6b578;  0 drivers
v0x555594b9ae00_0 .var "Q", 0 0;
o0x7f167bf6b5d8 .functor BUFZ 1, c4<z>; HiZ drive
v0x555594b9aec0_0 .net "S", 0 0, o0x7f167bf6b5d8;  0 drivers
E_0x555594b9ab40 .event posedge, v0x555594b9abc0_0;
S_0x555594b49f10 .scope module, "SB_DFFN" "SB_DFFN" 3 876;
 .timescale -12 -12;
    .port_info 0 /OUTPUT 1 "Q";
    .port_info 1 /INPUT 1 "C";
    .port_info 2 /INPUT 1 "D";
o0x7f167bf6b6f8 .functor BUFZ 1, c4<z>; HiZ drive
v0x555594b9b0f0_0 .net "C", 0 0, o0x7f167bf6b6f8;  0 drivers
o0x7f167bf6b728 .functor BUFZ 1, c4<z>; HiZ drive
v0x555594b9b1d0_0 .net "D", 0 0, o0x7f167bf6b728;  0 drivers
v0x555594b9b290_0 .var "Q", 0 0;
E_0x555594b9b070 .event negedge, v0x555594b9b0f0_0;
S_0x555594b31f10 .scope module, "SB_DFFNE" "SB_DFFNE" 3 914;
 .timescale -12 -12;
    .port_info 0 /OUTPUT 1 "Q";
    .port_info 1 /INPUT 1 "C";
    .port_info 2 /INPUT 1 "E";
    .port_info 3 /INPUT 1 "D";
o0x7f167bf6b818 .functor BUFZ 1, c4<z>; HiZ drive
v0x555594b9b410_0 .net "C", 0 0, o0x7f167bf6b818;  0 drivers
o0x7f167bf6b848 .functor BUFZ 1, c4<z>; HiZ drive
v0x555594b9b4f0_0 .net "D", 0 0, o0x7f167bf6b848;  0 drivers
o0x7f167bf6b878 .functor BUFZ 1, c4<z>; HiZ drive
v0x555594b9b5b0_0 .net "E", 0 0, o0x7f167bf6b878;  0 drivers
v0x555594b9b680_0 .var "Q", 0 0;
E_0x555594b9b3b0 .event negedge, v0x555594b9b410_0;
S_0x555594b31b20 .scope module, "SB_DFFNER" "SB_DFFNER" 3 1264;
 .timescale -12 -12;
    .port_info 0 /OUTPUT 1 "Q";
    .port_info 1 /INPUT 1 "C";
    .port_info 2 /INPUT 1 "E";
    .port_info 3 /INPUT 1 "R";
    .port_info 4 /INPUT 1 "D";
o0x7f167bf6b998 .functor BUFZ 1, c4<z>; HiZ drive
v0x555594b9b870_0 .net "C", 0 0, o0x7f167bf6b998;  0 drivers
o0x7f167bf6b9c8 .functor BUFZ 1, c4<z>; HiZ drive
v0x555594b9b950_0 .net "D", 0 0, o0x7f167bf6b9c8;  0 drivers
o0x7f167bf6b9f8 .functor BUFZ 1, c4<z>; HiZ drive
v0x555594b9ba10_0 .net "E", 0 0, o0x7f167bf6b9f8;  0 drivers
v0x555594b9bab0_0 .var "Q", 0 0;
o0x7f167bf6ba58 .functor BUFZ 1, c4<z>; HiZ drive
v0x555594b9bb70_0 .net "R", 0 0, o0x7f167bf6ba58;  0 drivers
E_0x555594b9b7f0/0 .event negedge, v0x555594b9b870_0;
E_0x555594b9b7f0/1 .event posedge, v0x555594b9bb70_0;
E_0x555594b9b7f0 .event/or E_0x555594b9b7f0/0, E_0x555594b9b7f0/1;
S_0x555594b2ec20 .scope module, "SB_DFFNES" "SB_DFFNES" 3 1405;
 .timescale -12 -12;
    .port_info 0 /OUTPUT 1 "Q";
    .port_info 1 /INPUT 1 "C";
    .port_info 2 /INPUT 1 "E";
    .port_info 3 /INPUT 1 "S";
    .port_info 4 /INPUT 1 "D";
o0x7f167bf6bb78 .functor BUFZ 1, c4<z>; HiZ drive
v0x555594b9bda0_0 .net "C", 0 0, o0x7f167bf6bb78;  0 drivers
o0x7f167bf6bba8 .functor BUFZ 1, c4<z>; HiZ drive
v0x555594b9be80_0 .net "D", 0 0, o0x7f167bf6bba8;  0 drivers
o0x7f167bf6bbd8 .functor BUFZ 1, c4<z>; HiZ drive
v0x555594b9bf40_0 .net "E", 0 0, o0x7f167bf6bbd8;  0 drivers
v0x555594b9bfe0_0 .var "Q", 0 0;
o0x7f167bf6bc38 .functor BUFZ 1, c4<z>; HiZ drive
v0x555594b9c0a0_0 .net "S", 0 0, o0x7f167bf6bc38;  0 drivers
E_0x555594b9bd20/0 .event negedge, v0x555594b9bda0_0;
E_0x555594b9bd20/1 .event posedge, v0x555594b9c0a0_0;
E_0x555594b9bd20 .event/or E_0x555594b9bd20/0, E_0x555594b9bd20/1;
S_0x555594b2e830 .scope module, "SB_DFFNESR" "SB_DFFNESR" 3 1203;
 .timescale -12 -12;
    .port_info 0 /OUTPUT 1 "Q";
    .port_info 1 /INPUT 1 "C";
    .port_info 2 /INPUT 1 "E";
    .port_info 3 /INPUT 1 "R";
    .port_info 4 /INPUT 1 "D";
o0x7f167bf6bd58 .functor BUFZ 1, c4<z>; HiZ drive
v0x555594b9c2d0_0 .net "C", 0 0, o0x7f167bf6bd58;  0 drivers
o0x7f167bf6bd88 .functor BUFZ 1, c4<z>; HiZ drive
v0x555594b9c3b0_0 .net "D", 0 0, o0x7f167bf6bd88;  0 drivers
o0x7f167bf6bdb8 .functor BUFZ 1, c4<z>; HiZ drive
v0x555594b9c470_0 .net "E", 0 0, o0x7f167bf6bdb8;  0 drivers
v0x555594b9c510_0 .var "Q", 0 0;
o0x7f167bf6be18 .functor BUFZ 1, c4<z>; HiZ drive
v0x555594b9c5d0_0 .net "R", 0 0, o0x7f167bf6be18;  0 drivers
E_0x555594b9c250 .event negedge, v0x555594b9c2d0_0;
S_0x555594b28b20 .scope module, "SB_DFFNESS" "SB_DFFNESS" 3 1344;
 .timescale -12 -12;
    .port_info 0 /OUTPUT 1 "Q";
    .port_info 1 /INPUT 1 "C";
    .port_info 2 /INPUT 1 "E";
    .port_info 3 /INPUT 1 "S";
    .port_info 4 /INPUT 1 "D";
o0x7f167bf6bf38 .functor BUFZ 1, c4<z>; HiZ drive
v0x555594b9c800_0 .net "C", 0 0, o0x7f167bf6bf38;  0 drivers
o0x7f167bf6bf68 .functor BUFZ 1, c4<z>; HiZ drive
v0x555594b9c8e0_0 .net "D", 0 0, o0x7f167bf6bf68;  0 drivers
o0x7f167bf6bf98 .functor BUFZ 1, c4<z>; HiZ drive
v0x555594b9c9a0_0 .net "E", 0 0, o0x7f167bf6bf98;  0 drivers
v0x555594b9ca40_0 .var "Q", 0 0;
o0x7f167bf6bff8 .functor BUFZ 1, c4<z>; HiZ drive
v0x555594b9cb00_0 .net "S", 0 0, o0x7f167bf6bff8;  0 drivers
E_0x555594b9c780 .event negedge, v0x555594b9c800_0;
S_0x555594b2b7c0 .scope module, "SB_DFFNR" "SB_DFFNR" 3 1011;
 .timescale -12 -12;
    .port_info 0 /OUTPUT 1 "Q";
    .port_info 1 /INPUT 1 "C";
    .port_info 2 /INPUT 1 "R";
    .port_info 3 /INPUT 1 "D";
o0x7f167bf6c118 .functor BUFZ 1, c4<z>; HiZ drive
v0x555594b9cd30_0 .net "C", 0 0, o0x7f167bf6c118;  0 drivers
o0x7f167bf6c148 .functor BUFZ 1, c4<z>; HiZ drive
v0x555594b9ce10_0 .net "D", 0 0, o0x7f167bf6c148;  0 drivers
v0x555594b9ced0_0 .var "Q", 0 0;
o0x7f167bf6c1a8 .functor BUFZ 1, c4<z>; HiZ drive
v0x555594b9cf70_0 .net "R", 0 0, o0x7f167bf6c1a8;  0 drivers
E_0x555594b9ccb0/0 .event negedge, v0x555594b9cd30_0;
E_0x555594b9ccb0/1 .event posedge, v0x555594b9cf70_0;
E_0x555594b9ccb0 .event/or E_0x555594b9ccb0/0, E_0x555594b9ccb0/1;
S_0x555594b2b3d0 .scope module, "SB_DFFNS" "SB_DFFNS" 3 1132;
 .timescale -12 -12;
    .port_info 0 /OUTPUT 1 "Q";
    .port_info 1 /INPUT 1 "C";
    .port_info 2 /INPUT 1 "S";
    .port_info 3 /INPUT 1 "D";
o0x7f167bf6c298 .functor BUFZ 1, c4<z>; HiZ drive
v0x555594b9d160_0 .net "C", 0 0, o0x7f167bf6c298;  0 drivers
o0x7f167bf6c2c8 .functor BUFZ 1, c4<z>; HiZ drive
v0x555594b9d240_0 .net "D", 0 0, o0x7f167bf6c2c8;  0 drivers
v0x555594b9d300_0 .var "Q", 0 0;
o0x7f167bf6c328 .functor BUFZ 1, c4<z>; HiZ drive
v0x555594b9d3a0_0 .net "S", 0 0, o0x7f167bf6c328;  0 drivers
E_0x555594b9d0e0/0 .event negedge, v0x555594b9d160_0;
E_0x555594b9d0e0/1 .event posedge, v0x555594b9d3a0_0;
E_0x555594b9d0e0 .event/or E_0x555594b9d0e0/0, E_0x555594b9d0e0/1;
S_0x555594b28760 .scope module, "SB_DFFNSR" "SB_DFFNSR" 3 961;
 .timescale -12 -12;
    .port_info 0 /OUTPUT 1 "Q";
    .port_info 1 /INPUT 1 "C";
    .port_info 2 /INPUT 1 "R";
    .port_info 3 /INPUT 1 "D";
o0x7f167bf6c418 .functor BUFZ 1, c4<z>; HiZ drive
v0x555594b9d590_0 .net "C", 0 0, o0x7f167bf6c418;  0 drivers
o0x7f167bf6c448 .functor BUFZ 1, c4<z>; HiZ drive
v0x555594b9d670_0 .net "D", 0 0, o0x7f167bf6c448;  0 drivers
v0x555594b9d730_0 .var "Q", 0 0;
o0x7f167bf6c4a8 .functor BUFZ 1, c4<z>; HiZ drive
v0x555594b9d7d0_0 .net "R", 0 0, o0x7f167bf6c4a8;  0 drivers
E_0x555594b9d510 .event negedge, v0x555594b9d590_0;
S_0x555594b10d50 .scope module, "SB_DFFNSS" "SB_DFFNSS" 3 1082;
 .timescale -12 -12;
    .port_info 0 /OUTPUT 1 "Q";
    .port_info 1 /INPUT 1 "C";
    .port_info 2 /INPUT 1 "S";
    .port_info 3 /INPUT 1 "D";
o0x7f167bf6c598 .functor BUFZ 1, c4<z>; HiZ drive
v0x555594b9d9c0_0 .net "C", 0 0, o0x7f167bf6c598;  0 drivers
o0x7f167bf6c5c8 .functor BUFZ 1, c4<z>; HiZ drive
v0x555594b9daa0_0 .net "D", 0 0, o0x7f167bf6c5c8;  0 drivers
v0x555594b9db60_0 .var "Q", 0 0;
o0x7f167bf6c628 .functor BUFZ 1, c4<z>; HiZ drive
v0x555594b9dc00_0 .net "S", 0 0, o0x7f167bf6c628;  0 drivers
E_0x555594b9d940 .event negedge, v0x555594b9d9c0_0;
S_0x555594b10a10 .scope module, "SB_DFFR" "SB_DFFR" 3 400;
 .timescale -12 -12;
    .port_info 0 /OUTPUT 1 "Q";
    .port_info 1 /INPUT 1 "C";
    .port_info 2 /INPUT 1 "R";
    .port_info 3 /INPUT 1 "D";
o0x7f167bf6c718 .functor BUFZ 1, c4<z>; HiZ drive
v0x555594b9ddf0_0 .net "C", 0 0, o0x7f167bf6c718;  0 drivers
o0x7f167bf6c748 .functor BUFZ 1, c4<z>; HiZ drive
v0x555594b9ded0_0 .net "D", 0 0, o0x7f167bf6c748;  0 drivers
v0x555594b9df90_0 .var "Q", 0 0;
o0x7f167bf6c7a8 .functor BUFZ 1, c4<z>; HiZ drive
v0x555594b9e030_0 .net "R", 0 0, o0x7f167bf6c7a8;  0 drivers
E_0x555594b9dd70 .event posedge, v0x555594b9e030_0, v0x555594b9ddf0_0;
S_0x555594b0c900 .scope module, "SB_DFFS" "SB_DFFS" 3 521;
 .timescale -12 -12;
    .port_info 0 /OUTPUT 1 "Q";
    .port_info 1 /INPUT 1 "C";
    .port_info 2 /INPUT 1 "S";
    .port_info 3 /INPUT 1 "D";
o0x7f167bf6c898 .functor BUFZ 1, c4<z>; HiZ drive
v0x555594b9e220_0 .net "C", 0 0, o0x7f167bf6c898;  0 drivers
o0x7f167bf6c8c8 .functor BUFZ 1, c4<z>; HiZ drive
v0x555594b9e300_0 .net "D", 0 0, o0x7f167bf6c8c8;  0 drivers
v0x555594b9e3c0_0 .var "Q", 0 0;
o0x7f167bf6c928 .functor BUFZ 1, c4<z>; HiZ drive
v0x555594b9e460_0 .net "S", 0 0, o0x7f167bf6c928;  0 drivers
E_0x555594b9e1a0 .event posedge, v0x555594b9e460_0, v0x555594b9e220_0;
S_0x555594b0c540 .scope module, "SB_DFFSR" "SB_DFFSR" 3 350;
 .timescale -12 -12;
    .port_info 0 /OUTPUT 1 "Q";
    .port_info 1 /INPUT 1 "C";
    .port_info 2 /INPUT 1 "R";
    .port_info 3 /INPUT 1 "D";
o0x7f167bf6ca18 .functor BUFZ 1, c4<z>; HiZ drive
v0x555594b9e650_0 .net "C", 0 0, o0x7f167bf6ca18;  0 drivers
o0x7f167bf6ca48 .functor BUFZ 1, c4<z>; HiZ drive
v0x555594b9e730_0 .net "D", 0 0, o0x7f167bf6ca48;  0 drivers
v0x555594b9e7f0_0 .var "Q", 0 0;
o0x7f167bf6caa8 .functor BUFZ 1, c4<z>; HiZ drive
v0x555594b9e890_0 .net "R", 0 0, o0x7f167bf6caa8;  0 drivers
E_0x555594b9e5d0 .event posedge, v0x555594b9e650_0;
S_0x555594af9980 .scope module, "SB_DFFSS" "SB_DFFSS" 3 471;
 .timescale -12 -12;
    .port_info 0 /OUTPUT 1 "Q";
    .port_info 1 /INPUT 1 "C";
    .port_info 2 /INPUT 1 "S";
    .port_info 3 /INPUT 1 "D";
o0x7f167bf6cb98 .functor BUFZ 1, c4<z>; HiZ drive
v0x555594b9ea80_0 .net "C", 0 0, o0x7f167bf6cb98;  0 drivers
o0x7f167bf6cbc8 .functor BUFZ 1, c4<z>; HiZ drive
v0x555594b9eb60_0 .net "D", 0 0, o0x7f167bf6cbc8;  0 drivers
v0x555594b9ec20_0 .var "Q", 0 0;
o0x7f167bf6cc28 .functor BUFZ 1, c4<z>; HiZ drive
v0x555594b9ecc0_0 .net "S", 0 0, o0x7f167bf6cc28;  0 drivers
E_0x555594b9ea00 .event posedge, v0x555594b9ea80_0;
S_0x555594af9590 .scope module, "SB_FILTER_50NS" "SB_FILTER_50NS" 3 2856;
 .timescale -12 -12;
    .port_info 0 /INPUT 1 "FILTERIN";
    .port_info 1 /OUTPUT 1 "FILTEROUT";
o0x7f167bf6cd18 .functor BUFZ 1, c4<z>; HiZ drive
v0x555594b9ee30_0 .net "FILTERIN", 0 0, o0x7f167bf6cd18;  0 drivers
o0x7f167bf6cd48 .functor BUFZ 1, c4<z>; HiZ drive
v0x555594b9ef10_0 .net "FILTEROUT", 0 0, o0x7f167bf6cd48;  0 drivers
S_0x555594af8dc0 .scope module, "SB_GB" "SB_GB" 3 162;
 .timescale -12 -12;
    .port_info 0 /INPUT 1 "USER_SIGNAL_TO_GLOBAL_BUFFER";
    .port_info 1 /OUTPUT 1 "GLOBAL_BUFFER_OUTPUT";
o0x7f167bf6ce08 .functor BUFZ 1, c4<z>; HiZ drive
L_0x555594be31e0 .functor BUFZ 1, o0x7f167bf6ce08, C4<0>, C4<0>, C4<0>;
v0x555594b9f030_0 .net "GLOBAL_BUFFER_OUTPUT", 0 0, L_0x555594be31e0;  1 drivers
v0x555594b9f0f0_0 .net "USER_SIGNAL_TO_GLOBAL_BUFFER", 0 0, o0x7f167bf6ce08;  0 drivers
S_0x555594af6a70 .scope module, "SB_GB_IO" "SB_GB_IO" 3 123;
 .timescale -12 -12;
    .port_info 0 /INOUT 1 "PACKAGE_PIN";
    .port_info 1 /OUTPUT 1 "GLOBAL_BUFFER_OUTPUT";
    .port_info 2 /INPUT 1 "LATCH_INPUT_VALUE";
    .port_info 3 /INPUT 1 "CLOCK_ENABLE";
    .port_info 4 /INPUT 1 "INPUT_CLK";
    .port_info 5 /INPUT 1 "OUTPUT_CLK";
    .port_info 6 /INPUT 1 "OUTPUT_ENABLE";
    .port_info 7 /INPUT 1 "D_OUT_0";
    .port_info 8 /INPUT 1 "D_OUT_1";
    .port_info 9 /OUTPUT 1 "D_IN_0";
    .port_info 10 /OUTPUT 1 "D_IN_1";
P_0x555594af7690 .param/str "IO_STANDARD" 0 3 139, "SB_LVCMOS";
P_0x555594af76d0 .param/l "NEG_TRIGGER" 0 3 138, C4<0>;
P_0x555594af7710 .param/l "PIN_TYPE" 0 3 136, C4<000000>;
P_0x555594af7750 .param/l "PULLUP" 0 3 137, C4<0>;
o0x7f167bf6d048 .functor BUFZ 1, c4<z>; HiZ drive
L_0x555594be3250 .functor BUFZ 1, o0x7f167bf6d048, C4<0>, C4<0>, C4<0>;
o0x7f167bf6ce98 .functor BUFZ 1, c4<z>; HiZ drive
v0x555594ba1240_0 .net "CLOCK_ENABLE", 0 0, o0x7f167bf6ce98;  0 drivers
v0x555594ba1300_0 .net "D_IN_0", 0 0, L_0x555594be34c0;  1 drivers
v0x555594ba13d0_0 .net "D_IN_1", 0 0, L_0x555594be3580;  1 drivers
o0x7f167bf6cf28 .functor BUFZ 1, c4<z>; HiZ drive
v0x555594ba14d0_0 .net "D_OUT_0", 0 0, o0x7f167bf6cf28;  0 drivers
o0x7f167bf6cf58 .functor BUFZ 1, c4<z>; HiZ drive
v0x555594ba15a0_0 .net "D_OUT_1", 0 0, o0x7f167bf6cf58;  0 drivers
v0x555594ba1640_0 .net "GLOBAL_BUFFER_OUTPUT", 0 0, L_0x555594be3250;  1 drivers
o0x7f167bf6cf88 .functor BUFZ 1, c4<z>; HiZ drive
v0x555594ba16e0_0 .net "INPUT_CLK", 0 0, o0x7f167bf6cf88;  0 drivers
o0x7f167bf6cfb8 .functor BUFZ 1, c4<z>; HiZ drive
v0x555594ba17b0_0 .net "LATCH_INPUT_VALUE", 0 0, o0x7f167bf6cfb8;  0 drivers
o0x7f167bf6cfe8 .functor BUFZ 1, c4<z>; HiZ drive
v0x555594ba1880_0 .net "OUTPUT_CLK", 0 0, o0x7f167bf6cfe8;  0 drivers
o0x7f167bf6d018 .functor BUFZ 1, c4<z>; HiZ drive
v0x555594ba1950_0 .net "OUTPUT_ENABLE", 0 0, o0x7f167bf6d018;  0 drivers
v0x555594ba1a20_0 .net "PACKAGE_PIN", 0 0, o0x7f167bf6d048;  0 drivers
S_0x555594b9f210 .scope module, "IO" "SB_IO" 3 148, 3 17 0, S_0x555594af6a70;
 .timescale -12 -12;
    .port_info 0 /INOUT 1 "PACKAGE_PIN";
    .port_info 1 /INPUT 1 "LATCH_INPUT_VALUE";
    .port_info 2 /INPUT 1 "CLOCK_ENABLE";
    .port_info 3 /INPUT 1 "INPUT_CLK";
    .port_info 4 /INPUT 1 "OUTPUT_CLK";
    .port_info 5 /INPUT 1 "OUTPUT_ENABLE";
    .port_info 6 /INPUT 1 "D_OUT_0";
    .port_info 7 /INPUT 1 "D_OUT_1";
    .port_info 8 /OUTPUT 1 "D_IN_0";
    .port_info 9 /OUTPUT 1 "D_IN_1";
P_0x555594b90d30 .param/str "IO_STANDARD" 0 3 32, "SB_LVCMOS";
P_0x555594b90d70 .param/l "NEG_TRIGGER" 0 3 31, C4<0>;
P_0x555594b90db0 .param/l "PIN_TYPE" 0 3 29, C4<000000>;
P_0x555594b90df0 .param/l "PULLUP" 0 3 30, C4<0>;
L_0x555594be3400 .functor OR 1, o0x7f167bf6ce98, L_0x555594be3310, C4<0>, C4<0>;
L_0x555594be34c0 .functor BUFZ 1, v0x555594ba0810_0, C4<0>, C4<0>, C4<0>;
L_0x555594be3580 .functor BUFZ 1, v0x555594ba08d0_0, C4<0>, C4<0>, C4<0>;
v0x555594b9fc80_0 .net "CLOCK_ENABLE", 0 0, o0x7f167bf6ce98;  alias, 0 drivers
v0x555594b9fd40_0 .net "D_IN_0", 0 0, L_0x555594be34c0;  alias, 1 drivers
v0x555594b9fe00_0 .net "D_IN_1", 0 0, L_0x555594be3580;  alias, 1 drivers
v0x555594b9fea0_0 .net "D_OUT_0", 0 0, o0x7f167bf6cf28;  alias, 0 drivers
v0x555594b9ff60_0 .net "D_OUT_1", 0 0, o0x7f167bf6cf58;  alias, 0 drivers
v0x555594ba0070_0 .net "INPUT_CLK", 0 0, o0x7f167bf6cf88;  alias, 0 drivers
v0x555594ba0130_0 .net "LATCH_INPUT_VALUE", 0 0, o0x7f167bf6cfb8;  alias, 0 drivers
v0x555594ba01f0_0 .net "OUTPUT_CLK", 0 0, o0x7f167bf6cfe8;  alias, 0 drivers
v0x555594ba02b0_0 .net "OUTPUT_ENABLE", 0 0, o0x7f167bf6d018;  alias, 0 drivers
v0x555594ba0370_0 .net "PACKAGE_PIN", 0 0, o0x7f167bf6d048;  alias, 0 drivers
o0x7f167bf6d078 .functor BUFZ 1, c4<z>; HiZ drive
; Elide local net with no drivers, v0x555594ba0430_0 name=_ivl_0
v0x555594ba0510_0 .net *"_ivl_2", 0 0, L_0x555594be3310;  1 drivers
v0x555594ba05d0_0 .net "clken_pulled", 0 0, L_0x555594be3400;  1 drivers
v0x555594ba0690_0 .var "clken_pulled_ri", 0 0;
v0x555594ba0750_0 .var "clken_pulled_ro", 0 0;
v0x555594ba0810_0 .var "din_0", 0 0;
v0x555594ba08d0_0 .var "din_1", 0 0;
v0x555594ba0aa0_0 .var "din_q_0", 0 0;
v0x555594ba0b60_0 .var "din_q_1", 0 0;
v0x555594ba0c20_0 .var "dout", 0 0;
v0x555594ba0ce0_0 .var "dout_q_0", 0 0;
v0x555594ba0da0_0 .var "dout_q_1", 0 0;
v0x555594ba0e60_0 .var "outclk_delayed_1", 0 0;
v0x555594ba0f20_0 .var "outclk_delayed_2", 0 0;
v0x555594ba0fe0_0 .var "outena_q", 0 0;
E_0x555594b9f720 .event anyedge, v0x555594ba0f20_0, v0x555594ba0ce0_0, v0x555594ba0da0_0;
E_0x555594b9f780 .event anyedge, v0x555594ba0e60_0;
E_0x555594b9f7e0 .event anyedge, v0x555594ba01f0_0;
E_0x555594b9f840 .event anyedge, v0x555594ba0aa0_0, v0x555594ba0b60_0;
L_0x555594be3310 .cmp/eeq 1, o0x7f167bf6ce98, o0x7f167bf6d078;
S_0x555594b9f8d0 .scope generate, "genblk1" "genblk1" 3 45, 3 45 0, S_0x555594b9f210;
 .timescale -12 -12;
E_0x555594b9fab0 .event posedge, v0x555594ba01f0_0;
E_0x555594b9fb30 .event negedge, v0x555594ba01f0_0;
E_0x555594b9fb90 .event negedge, v0x555594ba0070_0;
E_0x555594b9fbf0 .event posedge, v0x555594ba0070_0;
S_0x555594b89ef0 .scope module, "SB_HFOSC" "SB_HFOSC" 3 2664;
 .timescale -12 -12;
    .port_info 0 /INPUT 1 "TRIM0";
    .port_info 1 /INPUT 1 "TRIM1";
    .port_info 2 /INPUT 1 "TRIM2";
    .port_info 3 /INPUT 1 "TRIM3";
    .port_info 4 /INPUT 1 "TRIM4";
    .port_info 5 /INPUT 1 "TRIM5";
    .port_info 6 /INPUT 1 "TRIM6";
    .port_info 7 /INPUT 1 "TRIM7";
    .port_info 8 /INPUT 1 "TRIM8";
    .port_info 9 /INPUT 1 "TRIM9";
    .port_info 10 /INPUT 1 "CLKHFPU";
    .port_info 11 /INPUT 1 "CLKHFEN";
    .port_info 12 /OUTPUT 1 "CLKHF";
P_0x5555949e8200 .param/str "CLKHF_DIV" 0 3 2680, "0b00";
P_0x5555949e8240 .param/str "TRIM_EN" 0 3 2679, "0b0";
o0x7f167bf6d768 .functor BUFZ 1, c4<z>; HiZ drive
v0x555594ba1b10_0 .net "CLKHF", 0 0, o0x7f167bf6d768;  0 drivers
o0x7f167bf6d798 .functor BUFZ 1, c4<z>; HiZ drive
v0x555594ba1bf0_0 .net "CLKHFEN", 0 0, o0x7f167bf6d798;  0 drivers
o0x7f167bf6d7c8 .functor BUFZ 1, c4<z>; HiZ drive
v0x555594ba1cb0_0 .net "CLKHFPU", 0 0, o0x7f167bf6d7c8;  0 drivers
o0x7f167bf6d7f8 .functor BUFZ 1, c4<z>; HiZ drive
v0x555594ba1d80_0 .net "TRIM0", 0 0, o0x7f167bf6d7f8;  0 drivers
o0x7f167bf6d828 .functor BUFZ 1, c4<z>; HiZ drive
v0x555594ba1e40_0 .net "TRIM1", 0 0, o0x7f167bf6d828;  0 drivers
o0x7f167bf6d858 .functor BUFZ 1, c4<z>; HiZ drive
v0x555594ba1f00_0 .net "TRIM2", 0 0, o0x7f167bf6d858;  0 drivers
o0x7f167bf6d888 .functor BUFZ 1, c4<z>; HiZ drive
v0x555594ba1fc0_0 .net "TRIM3", 0 0, o0x7f167bf6d888;  0 drivers
o0x7f167bf6d8b8 .functor BUFZ 1, c4<z>; HiZ drive
v0x555594ba2080_0 .net "TRIM4", 0 0, o0x7f167bf6d8b8;  0 drivers
o0x7f167bf6d8e8 .functor BUFZ 1, c4<z>; HiZ drive
v0x555594ba2140_0 .net "TRIM5", 0 0, o0x7f167bf6d8e8;  0 drivers
o0x7f167bf6d918 .functor BUFZ 1, c4<z>; HiZ drive
v0x555594ba2290_0 .net "TRIM6", 0 0, o0x7f167bf6d918;  0 drivers
o0x7f167bf6d948 .functor BUFZ 1, c4<z>; HiZ drive
v0x555594ba2350_0 .net "TRIM7", 0 0, o0x7f167bf6d948;  0 drivers
o0x7f167bf6d978 .functor BUFZ 1, c4<z>; HiZ drive
v0x555594ba2410_0 .net "TRIM8", 0 0, o0x7f167bf6d978;  0 drivers
o0x7f167bf6d9a8 .functor BUFZ 1, c4<z>; HiZ drive
v0x555594ba24d0_0 .net "TRIM9", 0 0, o0x7f167bf6d9a8;  0 drivers
S_0x555594b37040 .scope module, "SB_I2C" "SB_I2C" 3 2733;
 .timescale -12 -12;
    .port_info 0 /INPUT 1 "SBCLKI";
    .port_info 1 /INPUT 1 "SBRWI";
    .port_info 2 /INPUT 1 "SBSTBI";
    .port_info 3 /INPUT 1 "SBADRI7";
    .port_info 4 /INPUT 1 "SBADRI6";
    .port_info 5 /INPUT 1 "SBADRI5";
    .port_info 6 /INPUT 1 "SBADRI4";
    .port_info 7 /INPUT 1 "SBADRI3";
    .port_info 8 /INPUT 1 "SBADRI2";
    .port_info 9 /INPUT 1 "SBADRI1";
    .port_info 10 /INPUT 1 "SBADRI0";
    .port_info 11 /INPUT 1 "SBDATI7";
    .port_info 12 /INPUT 1 "SBDATI6";
    .port_info 13 /INPUT 1 "SBDATI5";
    .port_info 14 /INPUT 1 "SBDATI4";
    .port_info 15 /INPUT 1 "SBDATI3";
    .port_info 16 /INPUT 1 "SBDATI2";
    .port_info 17 /INPUT 1 "SBDATI1";
    .port_info 18 /INPUT 1 "SBDATI0";
    .port_info 19 /INPUT 1 "SCLI";
    .port_info 20 /INPUT 1 "SDAI";
    .port_info 21 /OUTPUT 1 "SBDATO7";
    .port_info 22 /OUTPUT 1 "SBDATO6";
    .port_info 23 /OUTPUT 1 "SBDATO5";
    .port_info 24 /OUTPUT 1 "SBDATO4";
    .port_info 25 /OUTPUT 1 "SBDATO3";
    .port_info 26 /OUTPUT 1 "SBDATO2";
    .port_info 27 /OUTPUT 1 "SBDATO1";
    .port_info 28 /OUTPUT 1 "SBDATO0";
    .port_info 29 /OUTPUT 1 "SBACKO";
    .port_info 30 /OUTPUT 1 "I2CIRQ";
    .port_info 31 /OUTPUT 1 "I2CWKUP";
    .port_info 32 /OUTPUT 1 "SCLO";
    .port_info 33 /OUTPUT 1 "SCLOE";
    .port_info 34 /OUTPUT 1 "SDAO";
    .port_info 35 /OUTPUT 1 "SDAOE";
P_0x5555949e8350 .param/str "BUS_ADDR74" 0 3 2772, "0b0001";
P_0x5555949e8390 .param/str "I2C_SLAVE_INIT_ADDR" 0 3 2771, "0b1111100001";
o0x7f167bf6dc48 .functor BUFZ 1, c4<z>; HiZ drive
v0x555594ba27a0_0 .net "I2CIRQ", 0 0, o0x7f167bf6dc48;  0 drivers
o0x7f167bf6dc78 .functor BUFZ 1, c4<z>; HiZ drive
v0x555594ba2880_0 .net "I2CWKUP", 0 0, o0x7f167bf6dc78;  0 drivers
o0x7f167bf6dca8 .functor BUFZ 1, c4<z>; HiZ drive
v0x555594ba2940_0 .net "SBACKO", 0 0, o0x7f167bf6dca8;  0 drivers
o0x7f167bf6dcd8 .functor BUFZ 1, c4<z>; HiZ drive
v0x555594ba29e0_0 .net "SBADRI0", 0 0, o0x7f167bf6dcd8;  0 drivers
o0x7f167bf6dd08 .functor BUFZ 1, c4<z>; HiZ drive
v0x555594ba2aa0_0 .net "SBADRI1", 0 0, o0x7f167bf6dd08;  0 drivers
o0x7f167bf6dd38 .functor BUFZ 1, c4<z>; HiZ drive
v0x555594ba2b60_0 .net "SBADRI2", 0 0, o0x7f167bf6dd38;  0 drivers
o0x7f167bf6dd68 .functor BUFZ 1, c4<z>; HiZ drive
v0x555594ba2c20_0 .net "SBADRI3", 0 0, o0x7f167bf6dd68;  0 drivers
o0x7f167bf6dd98 .functor BUFZ 1, c4<z>; HiZ drive
v0x555594ba2ce0_0 .net "SBADRI4", 0 0, o0x7f167bf6dd98;  0 drivers
o0x7f167bf6ddc8 .functor BUFZ 1, c4<z>; HiZ drive
v0x555594ba2da0_0 .net "SBADRI5", 0 0, o0x7f167bf6ddc8;  0 drivers
o0x7f167bf6ddf8 .functor BUFZ 1, c4<z>; HiZ drive
v0x555594ba2ef0_0 .net "SBADRI6", 0 0, o0x7f167bf6ddf8;  0 drivers
o0x7f167bf6de28 .functor BUFZ 1, c4<z>; HiZ drive
v0x555594ba2fb0_0 .net "SBADRI7", 0 0, o0x7f167bf6de28;  0 drivers
o0x7f167bf6de58 .functor BUFZ 1, c4<z>; HiZ drive
v0x555594ba3070_0 .net "SBCLKI", 0 0, o0x7f167bf6de58;  0 drivers
o0x7f167bf6de88 .functor BUFZ 1, c4<z>; HiZ drive
v0x555594ba3130_0 .net "SBDATI0", 0 0, o0x7f167bf6de88;  0 drivers
o0x7f167bf6deb8 .functor BUFZ 1, c4<z>; HiZ drive
v0x555594ba31f0_0 .net "SBDATI1", 0 0, o0x7f167bf6deb8;  0 drivers
o0x7f167bf6dee8 .functor BUFZ 1, c4<z>; HiZ drive
v0x555594ba32b0_0 .net "SBDATI2", 0 0, o0x7f167bf6dee8;  0 drivers
o0x7f167bf6df18 .functor BUFZ 1, c4<z>; HiZ drive
v0x555594ba3370_0 .net "SBDATI3", 0 0, o0x7f167bf6df18;  0 drivers
o0x7f167bf6df48 .functor BUFZ 1, c4<z>; HiZ drive
v0x555594ba3430_0 .net "SBDATI4", 0 0, o0x7f167bf6df48;  0 drivers
o0x7f167bf6df78 .functor BUFZ 1, c4<z>; HiZ drive
v0x555594ba3600_0 .net "SBDATI5", 0 0, o0x7f167bf6df78;  0 drivers
o0x7f167bf6dfa8 .functor BUFZ 1, c4<z>; HiZ drive
v0x555594ba36c0_0 .net "SBDATI6", 0 0, o0x7f167bf6dfa8;  0 drivers
o0x7f167bf6dfd8 .functor BUFZ 1, c4<z>; HiZ drive
v0x555594ba3780_0 .net "SBDATI7", 0 0, o0x7f167bf6dfd8;  0 drivers
o0x7f167bf6e008 .functor BUFZ 1, c4<z>; HiZ drive
v0x555594ba3840_0 .net "SBDATO0", 0 0, o0x7f167bf6e008;  0 drivers
o0x7f167bf6e038 .functor BUFZ 1, c4<z>; HiZ drive
v0x555594ba3900_0 .net "SBDATO1", 0 0, o0x7f167bf6e038;  0 drivers
o0x7f167bf6e068 .functor BUFZ 1, c4<z>; HiZ drive
v0x555594ba39c0_0 .net "SBDATO2", 0 0, o0x7f167bf6e068;  0 drivers
o0x7f167bf6e098 .functor BUFZ 1, c4<z>; HiZ drive
v0x555594ba3a80_0 .net "SBDATO3", 0 0, o0x7f167bf6e098;  0 drivers
o0x7f167bf6e0c8 .functor BUFZ 1, c4<z>; HiZ drive
v0x555594ba3b40_0 .net "SBDATO4", 0 0, o0x7f167bf6e0c8;  0 drivers
o0x7f167bf6e0f8 .functor BUFZ 1, c4<z>; HiZ drive
v0x555594ba3c00_0 .net "SBDATO5", 0 0, o0x7f167bf6e0f8;  0 drivers
o0x7f167bf6e128 .functor BUFZ 1, c4<z>; HiZ drive
v0x555594ba3cc0_0 .net "SBDATO6", 0 0, o0x7f167bf6e128;  0 drivers
o0x7f167bf6e158 .functor BUFZ 1, c4<z>; HiZ drive
v0x555594ba3d80_0 .net "SBDATO7", 0 0, o0x7f167bf6e158;  0 drivers
o0x7f167bf6e188 .functor BUFZ 1, c4<z>; HiZ drive
v0x555594ba3e40_0 .net "SBRWI", 0 0, o0x7f167bf6e188;  0 drivers
o0x7f167bf6e1b8 .functor BUFZ 1, c4<z>; HiZ drive
v0x555594ba3f00_0 .net "SBSTBI", 0 0, o0x7f167bf6e1b8;  0 drivers
o0x7f167bf6e1e8 .functor BUFZ 1, c4<z>; HiZ drive
v0x555594ba3fc0_0 .net "SCLI", 0 0, o0x7f167bf6e1e8;  0 drivers
o0x7f167bf6e218 .functor BUFZ 1, c4<z>; HiZ drive
v0x555594ba4080_0 .net "SCLO", 0 0, o0x7f167bf6e218;  0 drivers
o0x7f167bf6e248 .functor BUFZ 1, c4<z>; HiZ drive
v0x555594ba4140_0 .net "SCLOE", 0 0, o0x7f167bf6e248;  0 drivers
o0x7f167bf6e278 .functor BUFZ 1, c4<z>; HiZ drive
v0x555594ba4200_0 .net "SDAI", 0 0, o0x7f167bf6e278;  0 drivers
o0x7f167bf6e2a8 .functor BUFZ 1, c4<z>; HiZ drive
v0x555594ba42c0_0 .net "SDAO", 0 0, o0x7f167bf6e2a8;  0 drivers
o0x7f167bf6e2d8 .functor BUFZ 1, c4<z>; HiZ drive
v0x555594ba4380_0 .net "SDAOE", 0 0, o0x7f167bf6e2d8;  0 drivers
S_0x555594b4efd0 .scope module, "SB_IO_I3C" "SB_IO_I3C" 3 2862;
 .timescale -12 -12;
    .port_info 0 /INOUT 1 "PACKAGE_PIN";
    .port_info 1 /INPUT 1 "LATCH_INPUT_VALUE";
    .port_info 2 /INPUT 1 "CLOCK_ENABLE";
    .port_info 3 /INPUT 1 "INPUT_CLK";
    .port_info 4 /INPUT 1 "OUTPUT_CLK";
    .port_info 5 /INPUT 1 "OUTPUT_ENABLE";
    .port_info 6 /INPUT 1 "D_OUT_0";
    .port_info 7 /INPUT 1 "D_OUT_1";
    .port_info 8 /OUTPUT 1 "D_IN_0";
    .port_info 9 /OUTPUT 1 "D_IN_1";
    .port_info 10 /INPUT 1 "PU_ENB";
    .port_info 11 /INPUT 1 "WEAK_PU_ENB";
P_0x555594b37d20 .param/str "IO_STANDARD" 0 3 2880, "SB_LVCMOS";
P_0x555594b37d60 .param/l "NEG_TRIGGER" 0 3 2879, C4<0>;
P_0x555594b37da0 .param/l "PIN_TYPE" 0 3 2876, C4<000000>;
P_0x555594b37de0 .param/l "PULLUP" 0 3 2877, C4<0>;
P_0x555594b37e20 .param/l "WEAK_PULLUP" 0 3 2878, C4<0>;
L_0x555594be3640 .functor BUFZ 1, v0x555594ba5720_0, C4<0>, C4<0>, C4<0>;
L_0x555594be36b0 .functor BUFZ 1, v0x555594ba57e0_0, C4<0>, C4<0>, C4<0>;
o0x7f167bf6e9c8 .functor BUFZ 1, c4<z>; HiZ drive
v0x555594ba4df0_0 .net "CLOCK_ENABLE", 0 0, o0x7f167bf6e9c8;  0 drivers
v0x555594ba4eb0_0 .net "D_IN_0", 0 0, L_0x555594be3640;  1 drivers
v0x555594ba4f70_0 .net "D_IN_1", 0 0, L_0x555594be36b0;  1 drivers
o0x7f167bf6ea58 .functor BUFZ 1, c4<z>; HiZ drive
v0x555594ba5010_0 .net "D_OUT_0", 0 0, o0x7f167bf6ea58;  0 drivers
o0x7f167bf6ea88 .functor BUFZ 1, c4<z>; HiZ drive
v0x555594ba50d0_0 .net "D_OUT_1", 0 0, o0x7f167bf6ea88;  0 drivers
o0x7f167bf6eab8 .functor BUFZ 1, c4<z>; HiZ drive
v0x555594ba51e0_0 .net "INPUT_CLK", 0 0, o0x7f167bf6eab8;  0 drivers
o0x7f167bf6eae8 .functor BUFZ 1, c4<z>; HiZ drive
v0x555594ba52a0_0 .net "LATCH_INPUT_VALUE", 0 0, o0x7f167bf6eae8;  0 drivers
o0x7f167bf6eb18 .functor BUFZ 1, c4<z>; HiZ drive
v0x555594ba5360_0 .net "OUTPUT_CLK", 0 0, o0x7f167bf6eb18;  0 drivers
o0x7f167bf6eb48 .functor BUFZ 1, c4<z>; HiZ drive
v0x555594ba5420_0 .net "OUTPUT_ENABLE", 0 0, o0x7f167bf6eb48;  0 drivers
o0x7f167bf6eb78 .functor BUFZ 1, c4<z>; HiZ drive
v0x555594ba54e0_0 .net "PACKAGE_PIN", 0 0, o0x7f167bf6eb78;  0 drivers
o0x7f167bf6eba8 .functor BUFZ 1, c4<z>; HiZ drive
v0x555594ba55a0_0 .net "PU_ENB", 0 0, o0x7f167bf6eba8;  0 drivers
o0x7f167bf6ebd8 .functor BUFZ 1, c4<z>; HiZ drive
v0x555594ba5660_0 .net "WEAK_PU_ENB", 0 0, o0x7f167bf6ebd8;  0 drivers
v0x555594ba5720_0 .var "din_0", 0 0;
v0x555594ba57e0_0 .var "din_1", 0 0;
v0x555594ba58a0_0 .var "din_q_0", 0 0;
v0x555594ba5960_0 .var "din_q_1", 0 0;
v0x555594ba5a20_0 .var "dout", 0 0;
v0x555594ba5ae0_0 .var "dout_q_0", 0 0;
v0x555594ba5ba0_0 .var "dout_q_1", 0 0;
v0x555594ba5c60_0 .var "outclk_delayed_1", 0 0;
v0x555594ba5d20_0 .var "outclk_delayed_2", 0 0;
v0x555594ba5de0_0 .var "outena_q", 0 0;
E_0x555594ba48c0 .event anyedge, v0x555594ba5d20_0, v0x555594ba5ae0_0, v0x555594ba5ba0_0;
E_0x555594ba4940 .event anyedge, v0x555594ba5c60_0;
E_0x555594ba49a0 .event anyedge, v0x555594ba5360_0;
E_0x555594ba4a00 .event anyedge, v0x555594ba58a0_0, v0x555594ba5960_0;
S_0x555594ba4a90 .scope generate, "genblk1" "genblk1" 3 2888, 3 2888 0, S_0x555594b4efd0;
 .timescale -12 -12;
E_0x555594ba4c20 .event posedge, v0x555594ba5360_0;
E_0x555594ba4ca0 .event negedge, v0x555594ba5360_0;
E_0x555594ba4d00 .event negedge, v0x555594ba51e0_0;
E_0x555594ba4d60 .event posedge, v0x555594ba51e0_0;
S_0x555594b38ed0 .scope module, "SB_IO_OD" "SB_IO_OD" 3 2931;
 .timescale -12 -12;
    .port_info 0 /INOUT 1 "PACKAGEPIN";
    .port_info 1 /INPUT 1 "LATCHINPUTVALUE";
    .port_info 2 /INPUT 1 "CLOCKENABLE";
    .port_info 3 /INPUT 1 "INPUTCLK";
    .port_info 4 /INPUT 1 "OUTPUTCLK";
    .port_info 5 /INPUT 1 "OUTPUTENABLE";
    .port_info 6 /INPUT 1 "DOUT1";
    .port_info 7 /INPUT 1 "DOUT0";
    .port_info 8 /OUTPUT 1 "DIN1";
    .port_info 9 /OUTPUT 1 "DIN0";
P_0x5555949e5770 .param/l "NEG_TRIGGER" 0 3 2944, C4<0>;
P_0x5555949e57b0 .param/l "PIN_TYPE" 0 3 2943, C4<000000>;
L_0x555594be3720 .functor BUFZ 1, v0x555594ba6d00_0, C4<0>, C4<0>, C4<0>;
L_0x555594be3790 .functor BUFZ 1, v0x555594ba6dc0_0, C4<0>, C4<0>, C4<0>;
o0x7f167bf6f028 .functor BUFZ 1, c4<z>; HiZ drive
v0x555594ba6550_0 .net "CLOCKENABLE", 0 0, o0x7f167bf6f028;  0 drivers
v0x555594ba6610_0 .net "DIN0", 0 0, L_0x555594be3720;  1 drivers
v0x555594ba66d0_0 .net "DIN1", 0 0, L_0x555594be3790;  1 drivers
o0x7f167bf6f0b8 .functor BUFZ 1, c4<z>; HiZ drive
v0x555594ba6770_0 .net "DOUT0", 0 0, o0x7f167bf6f0b8;  0 drivers
o0x7f167bf6f0e8 .functor BUFZ 1, c4<z>; HiZ drive
v0x555594ba6830_0 .net "DOUT1", 0 0, o0x7f167bf6f0e8;  0 drivers
o0x7f167bf6f118 .functor BUFZ 1, c4<z>; HiZ drive
v0x555594ba6940_0 .net "INPUTCLK", 0 0, o0x7f167bf6f118;  0 drivers
o0x7f167bf6f148 .functor BUFZ 1, c4<z>; HiZ drive
v0x555594ba6a00_0 .net "LATCHINPUTVALUE", 0 0, o0x7f167bf6f148;  0 drivers
o0x7f167bf6f178 .functor BUFZ 1, c4<z>; HiZ drive
v0x555594ba6ac0_0 .net "OUTPUTCLK", 0 0, o0x7f167bf6f178;  0 drivers
o0x7f167bf6f1a8 .functor BUFZ 1, c4<z>; HiZ drive
v0x555594ba6b80_0 .net "OUTPUTENABLE", 0 0, o0x7f167bf6f1a8;  0 drivers
o0x7f167bf6f1d8 .functor BUFZ 1, c4<z>; HiZ drive
v0x555594ba6c40_0 .net "PACKAGEPIN", 0 0, o0x7f167bf6f1d8;  0 drivers
v0x555594ba6d00_0 .var "din_0", 0 0;
v0x555594ba6dc0_0 .var "din_1", 0 0;
v0x555594ba6e80_0 .var "din_q_0", 0 0;
v0x555594ba6f40_0 .var "din_q_1", 0 0;
v0x555594ba7000_0 .var "dout", 0 0;
v0x555594ba70c0_0 .var "dout_q_0", 0 0;
v0x555594ba7180_0 .var "dout_q_1", 0 0;
v0x555594ba7350_0 .var "outclk_delayed_1", 0 0;
v0x555594ba7410_0 .var "outclk_delayed_2", 0 0;
v0x555594ba74d0_0 .var "outena_q", 0 0;
E_0x555594ba6020 .event anyedge, v0x555594ba7410_0, v0x555594ba70c0_0, v0x555594ba7180_0;
E_0x555594ba60a0 .event anyedge, v0x555594ba7350_0;
E_0x555594ba6100 .event anyedge, v0x555594ba6ac0_0;
E_0x555594ba6160 .event anyedge, v0x555594ba6e80_0, v0x555594ba6f40_0;
S_0x555594ba61f0 .scope generate, "genblk1" "genblk1" 3 2952, 3 2952 0, S_0x555594b38ed0;
 .timescale -12 -12;
E_0x555594ba6380 .event posedge, v0x555594ba6ac0_0;
E_0x555594ba6400 .event negedge, v0x555594ba6ac0_0;
E_0x555594ba6460 .event negedge, v0x555594ba6940_0;
E_0x555594ba64c0 .event posedge, v0x555594ba6940_0;
S_0x555594b49980 .scope module, "SB_LEDDA_IP" "SB_LEDDA_IP" 3 2830;
 .timescale -12 -12;
    .port_info 0 /INPUT 1 "LEDDCS";
    .port_info 1 /INPUT 1 "LEDDCLK";
    .port_info 2 /INPUT 1 "LEDDDAT7";
    .port_info 3 /INPUT 1 "LEDDDAT6";
    .port_info 4 /INPUT 1 "LEDDDAT5";
    .port_info 5 /INPUT 1 "LEDDDAT4";
    .port_info 6 /INPUT 1 "LEDDDAT3";
    .port_info 7 /INPUT 1 "LEDDDAT2";
    .port_info 8 /INPUT 1 "LEDDDAT1";
    .port_info 9 /INPUT 1 "LEDDDAT0";
    .port_info 10 /INPUT 1 "LEDDADDR3";
    .port_info 11 /INPUT 1 "LEDDADDR2";
    .port_info 12 /INPUT 1 "LEDDADDR1";
    .port_info 13 /INPUT 1 "LEDDADDR0";
    .port_info 14 /INPUT 1 "LEDDDEN";
    .port_info 15 /INPUT 1 "LEDDEXE";
    .port_info 16 /INPUT 1 "LEDDRST";
    .port_info 17 /OUTPUT 1 "PWMOUT0";
    .port_info 18 /OUTPUT 1 "PWMOUT1";
    .port_info 19 /OUTPUT 1 "PWMOUT2";
    .port_info 20 /OUTPUT 1 "LEDDON";
o0x7f167bf6f5c8 .functor BUFZ 1, c4<z>; HiZ drive
v0x555594ba76d0_0 .net "LEDDADDR0", 0 0, o0x7f167bf6f5c8;  0 drivers
o0x7f167bf6f5f8 .functor BUFZ 1, c4<z>; HiZ drive
v0x555594ba77b0_0 .net "LEDDADDR1", 0 0, o0x7f167bf6f5f8;  0 drivers
o0x7f167bf6f628 .functor BUFZ 1, c4<z>; HiZ drive
v0x555594ba7870_0 .net "LEDDADDR2", 0 0, o0x7f167bf6f628;  0 drivers
o0x7f167bf6f658 .functor BUFZ 1, c4<z>; HiZ drive
v0x555594ba7910_0 .net "LEDDADDR3", 0 0, o0x7f167bf6f658;  0 drivers
o0x7f167bf6f688 .functor BUFZ 1, c4<z>; HiZ drive
v0x555594ba79d0_0 .net "LEDDCLK", 0 0, o0x7f167bf6f688;  0 drivers
o0x7f167bf6f6b8 .functor BUFZ 1, c4<z>; HiZ drive
v0x555594ba7a90_0 .net "LEDDCS", 0 0, o0x7f167bf6f6b8;  0 drivers
o0x7f167bf6f6e8 .functor BUFZ 1, c4<z>; HiZ drive
v0x555594ba7b50_0 .net "LEDDDAT0", 0 0, o0x7f167bf6f6e8;  0 drivers
o0x7f167bf6f718 .functor BUFZ 1, c4<z>; HiZ drive
v0x555594ba7c10_0 .net "LEDDDAT1", 0 0, o0x7f167bf6f718;  0 drivers
o0x7f167bf6f748 .functor BUFZ 1, c4<z>; HiZ drive
v0x555594ba7cd0_0 .net "LEDDDAT2", 0 0, o0x7f167bf6f748;  0 drivers
o0x7f167bf6f778 .functor BUFZ 1, c4<z>; HiZ drive
v0x555594ba7d90_0 .net "LEDDDAT3", 0 0, o0x7f167bf6f778;  0 drivers
o0x7f167bf6f7a8 .functor BUFZ 1, c4<z>; HiZ drive
v0x555594ba7e50_0 .net "LEDDDAT4", 0 0, o0x7f167bf6f7a8;  0 drivers
o0x7f167bf6f7d8 .functor BUFZ 1, c4<z>; HiZ drive
v0x555594ba7f10_0 .net "LEDDDAT5", 0 0, o0x7f167bf6f7d8;  0 drivers
o0x7f167bf6f808 .functor BUFZ 1, c4<z>; HiZ drive
v0x555594ba7fd0_0 .net "LEDDDAT6", 0 0, o0x7f167bf6f808;  0 drivers
o0x7f167bf6f838 .functor BUFZ 1, c4<z>; HiZ drive
v0x555594ba8090_0 .net "LEDDDAT7", 0 0, o0x7f167bf6f838;  0 drivers
o0x7f167bf6f868 .functor BUFZ 1, c4<z>; HiZ drive
v0x555594ba8150_0 .net "LEDDDEN", 0 0, o0x7f167bf6f868;  0 drivers
o0x7f167bf6f898 .functor BUFZ 1, c4<z>; HiZ drive
v0x555594ba8210_0 .net "LEDDEXE", 0 0, o0x7f167bf6f898;  0 drivers
o0x7f167bf6f8c8 .functor BUFZ 1, c4<z>; HiZ drive
v0x555594ba82d0_0 .net "LEDDON", 0 0, o0x7f167bf6f8c8;  0 drivers
o0x7f167bf6f8f8 .functor BUFZ 1, c4<z>; HiZ drive
v0x555594ba84a0_0 .net "LEDDRST", 0 0, o0x7f167bf6f8f8;  0 drivers
o0x7f167bf6f928 .functor BUFZ 1, c4<z>; HiZ drive
v0x555594ba8560_0 .net "PWMOUT0", 0 0, o0x7f167bf6f928;  0 drivers
o0x7f167bf6f958 .functor BUFZ 1, c4<z>; HiZ drive
v0x555594ba8620_0 .net "PWMOUT1", 0 0, o0x7f167bf6f958;  0 drivers
o0x7f167bf6f988 .functor BUFZ 1, c4<z>; HiZ drive
v0x555594ba86e0_0 .net "PWMOUT2", 0 0, o0x7f167bf6f988;  0 drivers
S_0x555594b44b00 .scope module, "SB_LED_DRV_CUR" "SB_LED_DRV_CUR" 3 2709;
 .timescale -12 -12;
    .port_info 0 /INPUT 1 "EN";
    .port_info 1 /OUTPUT 1 "LEDPU";
o0x7f167bf6fda8 .functor BUFZ 1, c4<z>; HiZ drive
v0x555594ba8af0_0 .net "EN", 0 0, o0x7f167bf6fda8;  0 drivers
o0x7f167bf6fdd8 .functor BUFZ 1, c4<z>; HiZ drive
v0x555594ba8bd0_0 .net "LEDPU", 0 0, o0x7f167bf6fdd8;  0 drivers
S_0x555594b341e0 .scope module, "SB_LFOSC" "SB_LFOSC" 3 2684;
 .timescale -12 -12;
    .port_info 0 /INPUT 1 "CLKLFPU";
    .port_info 1 /INPUT 1 "CLKLFEN";
    .port_info 2 /OUTPUT 1 "CLKLF";
o0x7f167bf6fe68 .functor BUFZ 1, c4<z>; HiZ drive
v0x555594ba8cf0_0 .net "CLKLF", 0 0, o0x7f167bf6fe68;  0 drivers
o0x7f167bf6fe98 .functor BUFZ 1, c4<z>; HiZ drive
v0x555594ba8db0_0 .net "CLKLFEN", 0 0, o0x7f167bf6fe98;  0 drivers
o0x7f167bf6fec8 .functor BUFZ 1, c4<z>; HiZ drive
v0x555594ba8e70_0 .net "CLKLFPU", 0 0, o0x7f167bf6fec8;  0 drivers
S_0x555594b368d0 .scope module, "SB_LUT4" "SB_LUT4" 3 177;
 .timescale -12 -12;
    .port_info 0 /OUTPUT 1 "O";
    .port_info 1 /INPUT 1 "I0";
    .port_info 2 /INPUT 1 "I1";
    .port_info 3 /INPUT 1 "I2";
    .port_info 4 /INPUT 1 "I3";
P_0x555594af2320 .param/l "LUT_INIT" 0 3 184, C4<0000000000000000>;
o0x7f167bf6ff88 .functor BUFZ 1, c4<z>; HiZ drive
v0x555594ba8f90_0 .net "I0", 0 0, o0x7f167bf6ff88;  0 drivers
o0x7f167bf6ffb8 .functor BUFZ 1, c4<z>; HiZ drive
v0x555594ba9050_0 .net "I1", 0 0, o0x7f167bf6ffb8;  0 drivers
o0x7f167bf6ffe8 .functor BUFZ 1, c4<z>; HiZ drive
v0x555594ba9110_0 .net "I2", 0 0, o0x7f167bf6ffe8;  0 drivers
o0x7f167bf70018 .functor BUFZ 1, c4<z>; HiZ drive
v0x555594ba91e0_0 .net "I3", 0 0, o0x7f167bf70018;  0 drivers
v0x555594ba92a0_0 .net "O", 0 0, L_0x555594be4160;  1 drivers
L_0x7f167bbb73c0 .functor BUFT 1, C4<00000000>, C4<0>, C4<0>, C4<0>;
v0x555594ba9360_0 .net/2u *"_ivl_0", 7 0, L_0x7f167bbb73c0;  1 drivers
v0x555594ba9440_0 .net *"_ivl_13", 1 0, L_0x555594be3c70;  1 drivers
v0x555594ba9520_0 .net *"_ivl_15", 1 0, L_0x555594be3d60;  1 drivers
v0x555594ba9600_0 .net *"_ivl_19", 0 0, L_0x555594be3f80;  1 drivers
L_0x7f167bbb7408 .functor BUFT 1, C4<00000000>, C4<0>, C4<0>, C4<0>;
v0x555594ba96e0_0 .net/2u *"_ivl_2", 7 0, L_0x7f167bbb7408;  1 drivers
v0x555594ba97c0_0 .net *"_ivl_21", 0 0, L_0x555594be40c0;  1 drivers
v0x555594ba98a0_0 .net *"_ivl_7", 3 0, L_0x555594be3940;  1 drivers
v0x555594ba9980_0 .net *"_ivl_9", 3 0, L_0x555594be3a30;  1 drivers
v0x555594ba9a60_0 .net "s1", 1 0, L_0x555594be3e40;  1 drivers
v0x555594ba9b40_0 .net "s2", 3 0, L_0x555594be3ad0;  1 drivers
v0x555594ba9c20_0 .net "s3", 7 0, L_0x555594be3800;  1 drivers
L_0x555594be3800 .functor MUXZ 8, L_0x7f167bbb7408, L_0x7f167bbb73c0, o0x7f167bf70018, C4<>;
L_0x555594be3940 .part L_0x555594be3800, 4, 4;
L_0x555594be3a30 .part L_0x555594be3800, 0, 4;
L_0x555594be3ad0 .functor MUXZ 4, L_0x555594be3a30, L_0x555594be3940, o0x7f167bf6ffe8, C4<>;
L_0x555594be3c70 .part L_0x555594be3ad0, 2, 2;
L_0x555594be3d60 .part L_0x555594be3ad0, 0, 2;
L_0x555594be3e40 .functor MUXZ 2, L_0x555594be3d60, L_0x555594be3c70, o0x7f167bf6ffb8, C4<>;
L_0x555594be3f80 .part L_0x555594be3e40, 1, 1;
L_0x555594be40c0 .part L_0x555594be3e40, 0, 1;
L_0x555594be4160 .functor MUXZ 1, L_0x555594be40c0, L_0x555594be3f80, o0x7f167bf6ff88, C4<>;
S_0x555594b35b80 .scope module, "SB_MAC16" "SB_MAC16" 3 2996;
 .timescale -12 -12;
    .port_info 0 /INPUT 1 "CLK";
    .port_info 1 /INPUT 1 "CE";
    .port_info 2 /INPUT 16 "C";
    .port_info 3 /INPUT 16 "A";
    .port_info 4 /INPUT 16 "B";
    .port_info 5 /INPUT 16 "D";
    .port_info 6 /INPUT 1 "AHOLD";
    .port_info 7 /INPUT 1 "BHOLD";
    .port_info 8 /INPUT 1 "CHOLD";
    .port_info 9 /INPUT 1 "DHOLD";
    .port_info 10 /INPUT 1 "IRSTTOP";
    .port_info 11 /INPUT 1 "IRSTBOT";
    .port_info 12 /INPUT 1 "ORSTTOP";
    .port_info 13 /INPUT 1 "ORSTBOT";
    .port_info 14 /INPUT 1 "OLOADTOP";
    .port_info 15 /INPUT 1 "OLOADBOT";
    .port_info 16 /INPUT 1 "ADDSUBTOP";
    .port_info 17 /INPUT 1 "ADDSUBBOT";
    .port_info 18 /INPUT 1 "OHOLDTOP";
    .port_info 19 /INPUT 1 "OHOLDBOT";
    .port_info 20 /INPUT 1 "CI";
    .port_info 21 /INPUT 1 "ACCUMCI";
    .port_info 22 /INPUT 1 "SIGNEXTIN";
    .port_info 23 /OUTPUT 32 "O";
    .port_info 24 /OUTPUT 1 "CO";
    .port_info 25 /OUTPUT 1 "ACCUMCO";
    .port_info 26 /OUTPUT 1 "SIGNEXTOUT";
P_0x5555949f92b0 .param/l "A_REG" 0 3 3011, C4<0>;
P_0x5555949f92f0 .param/l "A_SIGNED" 0 3 3027, C4<0>;
P_0x5555949f9330 .param/l "BOTADDSUB_CARRYSELECT" 0 3 3025, C4<00>;
P_0x5555949f9370 .param/l "BOTADDSUB_LOWERINPUT" 0 3 3023, C4<00>;
P_0x5555949f93b0 .param/l "BOTADDSUB_UPPERINPUT" 0 3 3024, C4<0>;
P_0x5555949f93f0 .param/l "BOTOUTPUT_SELECT" 0 3 3022, C4<00>;
P_0x5555949f9430 .param/l "BOT_8x8_MULT_REG" 0 3 3015, C4<0>;
P_0x5555949f9470 .param/l "B_REG" 0 3 3012, C4<0>;
P_0x5555949f94b0 .param/l "B_SIGNED" 0 3 3028, C4<0>;
P_0x5555949f94f0 .param/l "C_REG" 0 3 3010, C4<0>;
P_0x5555949f9530 .param/l "D_REG" 0 3 3013, C4<0>;
P_0x5555949f9570 .param/l "MODE_8x8" 0 3 3026, C4<0>;
P_0x5555949f95b0 .param/l "NEG_TRIGGER" 0 3 3009, C4<0>;
P_0x5555949f95f0 .param/l "PIPELINE_16x16_MULT_REG1" 0 3 3016, C4<0>;
P_0x5555949f9630 .param/l "PIPELINE_16x16_MULT_REG2" 0 3 3017, C4<0>;
P_0x5555949f9670 .param/l "TOPADDSUB_CARRYSELECT" 0 3 3021, C4<00>;
P_0x5555949f96b0 .param/l "TOPADDSUB_LOWERINPUT" 0 3 3019, C4<00>;
P_0x5555949f96f0 .param/l "TOPADDSUB_UPPERINPUT" 0 3 3020, C4<0>;
P_0x5555949f9730 .param/l "TOPOUTPUT_SELECT" 0 3 3018, C4<00>;
P_0x5555949f9770 .param/l "TOP_8x8_MULT_REG" 0 3 3014, C4<0>;
o0x7f167bf70678 .functor BUFZ 1, c4<z>; HiZ drive
L_0x7f167bbb7450 .functor BUFT 1, C4<0>, C4<0>, C4<0>, C4<0>;
L_0x555594be42e0 .functor XOR 1, o0x7f167bf70678, L_0x7f167bbb7450, C4<0>, C4<0>;
o0x7f167bf705b8 .functor BUFZ 16, c4<zzzzzzzzzzzzzzzz>; HiZ drive
L_0x555594be43d0 .functor BUFZ 16, o0x7f167bf705b8, C4<0000000000000000>, C4<0000000000000000>, C4<0000000000000000>;
o0x7f167bf70378 .functor BUFZ 16, c4<zzzzzzzzzzzzzzzz>; HiZ drive
L_0x555594be4470 .functor BUFZ 16, o0x7f167bf70378, C4<0000000000000000>, C4<0000000000000000>, C4<0000000000000000>;
o0x7f167bf704f8 .functor BUFZ 16, c4<zzzzzzzzzzzzzzzz>; HiZ drive
L_0x555594be4540 .functor BUFZ 16, o0x7f167bf704f8, C4<0000000000000000>, C4<0000000000000000>, C4<0000000000000000>;
o0x7f167bf706d8 .functor BUFZ 16, c4<zzzzzzzzzzzzzzzz>; HiZ drive
L_0x555594be4640 .functor BUFZ 16, o0x7f167bf706d8, C4<0000000000000000>, C4<0000000000000000>, C4<0000000000000000>;
L_0x555594be54f0 .functor BUFZ 16, L_0x555594be5080, C4<0000000000000000>, C4<0000000000000000>, C4<0000000000000000>;
L_0x555594be5ac0 .functor BUFZ 16, L_0x555594be5400, C4<0000000000000000>, C4<0000000000000000>, C4<0000000000000000>;
L_0x555594be5b80 .functor BUFZ 16, L_0x555594be5810, C4<0000000000000000>, C4<0000000000000000>, C4<0000000000000000>;
L_0x555594be5c90 .functor BUFZ 16, L_0x555594be5900, C4<0000000000000000>, C4<0000000000000000>, C4<0000000000000000>;
L_0x555594be6690 .functor BUFZ 32, L_0x555594be7360, C4<00000000000000000000000000000000>, C4<00000000000000000000000000000000>, C4<00000000000000000000000000000000>;
L_0x555594be7550 .functor BUFZ 16, v0x555594bb1d10_0, C4<0000000000000000>, C4<0000000000000000>, C4<0000000000000000>;
L_0x555594be75c0 .functor BUFZ 16, L_0x555594be4470, C4<0000000000000000>, C4<0000000000000000>, C4<0000000000000000>;
L_0x555594be7fb0 .functor XOR 17, L_0x555594be7b00, L_0x555594be7e40, C4<00000000000000000>, C4<00000000000000000>;
o0x7f167bf70438 .functor BUFZ 1, c4<z>; HiZ drive
L_0x555594be8160 .functor XOR 1, L_0x555594be76a0, o0x7f167bf70438, C4<0>, C4<0>;
L_0x555594be7630 .functor XOR 16, L_0x555594be7850, L_0x555594be84d0, C4<0000000000000000>, C4<0000000000000000>;
L_0x555594be89f0 .functor BUFZ 16, L_0x555594be8760, C4<0000000000000000>, C4<0000000000000000>, C4<0000000000000000>;
L_0x555594be8cb0 .functor BUFZ 16, v0x555594bb1df0_0, C4<0000000000000000>, C4<0000000000000000>, C4<0000000000000000>;
L_0x555594be8dc0 .functor BUFZ 16, L_0x555594be4540, C4<0000000000000000>, C4<0000000000000000>, C4<0000000000000000>;
L_0x555594be9970 .functor XOR 17, L_0x555594be92e0, L_0x555594be9670, C4<00000000000000000>, C4<00000000000000000>;
L_0x555594be9b30 .functor XOR 16, L_0x555594be8f30, L_0x555594be9ed0, C4<0000000000000000>, C4<0000000000000000>;
L_0x555594bea4d0 .functor BUFZ 16, L_0x555594bea060, C4<0000000000000000>, C4<0000000000000000>, C4<0000000000000000>;
v0x555594ba9f70_0 .net "A", 15 0, o0x7f167bf70378;  0 drivers
o0x7f167bf703a8 .functor BUFZ 1, c4<z>; HiZ drive
v0x555594baa050_0 .net "ACCUMCI", 0 0, o0x7f167bf703a8;  0 drivers
v0x555594baa110_0 .net "ACCUMCO", 0 0, L_0x555594be76a0;  1 drivers
o0x7f167bf70408 .functor BUFZ 1, c4<z>; HiZ drive
v0x555594baa1b0_0 .net "ADDSUBBOT", 0 0, o0x7f167bf70408;  0 drivers
v0x555594baa270_0 .net "ADDSUBTOP", 0 0, o0x7f167bf70438;  0 drivers
o0x7f167bf70468 .functor BUFZ 1, c4<z>; HiZ drive
v0x555594baa330_0 .net "AHOLD", 0 0, o0x7f167bf70468;  0 drivers
v0x555594baa3f0_0 .net "Ah", 15 0, L_0x555594be4860;  1 drivers
v0x555594baa4d0_0 .net "Al", 15 0, L_0x555594be4a40;  1 drivers
v0x555594baa5b0_0 .net "B", 15 0, o0x7f167bf704f8;  0 drivers
o0x7f167bf70528 .functor BUFZ 1, c4<z>; HiZ drive
v0x555594baa720_0 .net "BHOLD", 0 0, o0x7f167bf70528;  0 drivers
v0x555594baa7e0_0 .net "Bh", 15 0, L_0x555594be4cd0;  1 drivers
v0x555594baa8c0_0 .net "Bl", 15 0, L_0x555594be4ef0;  1 drivers
v0x555594baa9a0_0 .net "C", 15 0, o0x7f167bf705b8;  0 drivers
o0x7f167bf705e8 .functor BUFZ 1, c4<z>; HiZ drive
v0x555594baaa80_0 .net "CE", 0 0, o0x7f167bf705e8;  0 drivers
o0x7f167bf70618 .functor BUFZ 1, c4<z>; HiZ drive
v0x555594baab40_0 .net "CHOLD", 0 0, o0x7f167bf70618;  0 drivers
o0x7f167bf70648 .functor BUFZ 1, c4<z>; HiZ drive
v0x555594baac00_0 .net "CI", 0 0, o0x7f167bf70648;  0 drivers
v0x555594baacc0_0 .net "CLK", 0 0, o0x7f167bf70678;  0 drivers
v0x555594baae90_0 .net "CO", 0 0, L_0x555594be8160;  1 drivers
v0x555594baaf50_0 .net "D", 15 0, o0x7f167bf706d8;  0 drivers
o0x7f167bf70708 .functor BUFZ 1, c4<z>; HiZ drive
v0x555594bab030_0 .net "DHOLD", 0 0, o0x7f167bf70708;  0 drivers
L_0x7f167bbb79a8 .functor BUFT 1, C4<0>, C4<0>, C4<0>, C4<0>;
v0x555594bab0f0_0 .net "HCI", 0 0, L_0x7f167bbb79a8;  1 drivers
o0x7f167bf70768 .functor BUFZ 1, c4<z>; HiZ drive
v0x555594bab1b0_0 .net "IRSTBOT", 0 0, o0x7f167bf70768;  0 drivers
o0x7f167bf70798 .functor BUFZ 1, c4<z>; HiZ drive
v0x555594bab270_0 .net "IRSTTOP", 0 0, o0x7f167bf70798;  0 drivers
L_0x7f167bbb7ac8 .functor BUFT 1, C4<0>, C4<0>, C4<0>, C4<0>;
v0x555594bab330_0 .net "LCI", 0 0, L_0x7f167bbb7ac8;  1 drivers
v0x555594bab3f0_0 .net "LCO", 0 0, L_0x555594be8e30;  1 drivers
v0x555594bab4b0_0 .net "O", 31 0, L_0x555594bea590;  1 drivers
o0x7f167bf70858 .functor BUFZ 1, c4<z>; HiZ drive
v0x555594bab590_0 .net "OHOLDBOT", 0 0, o0x7f167bf70858;  0 drivers
o0x7f167bf70888 .functor BUFZ 1, c4<z>; HiZ drive
v0x555594bab650_0 .net "OHOLDTOP", 0 0, o0x7f167bf70888;  0 drivers
o0x7f167bf708b8 .functor BUFZ 1, c4<z>; HiZ drive
v0x555594bab710_0 .net "OLOADBOT", 0 0, o0x7f167bf708b8;  0 drivers
o0x7f167bf708e8 .functor BUFZ 1, c4<z>; HiZ drive
v0x555594bab7d0_0 .net "OLOADTOP", 0 0, o0x7f167bf708e8;  0 drivers
o0x7f167bf70918 .functor BUFZ 1, c4<z>; HiZ drive
v0x555594bab890_0 .net "ORSTBOT", 0 0, o0x7f167bf70918;  0 drivers
o0x7f167bf70948 .functor BUFZ 1, c4<z>; HiZ drive
v0x555594bab950_0 .net "ORSTTOP", 0 0, o0x7f167bf70948;  0 drivers
v0x555594baba10_0 .net "Oh", 15 0, L_0x555594be89f0;  1 drivers
v0x555594babd00_0 .net "Ol", 15 0, L_0x555594bea4d0;  1 drivers
o0x7f167bf709d8 .functor BUFZ 1, c4<z>; HiZ drive
v0x555594babde0_0 .net "SIGNEXTIN", 0 0, o0x7f167bf709d8;  0 drivers
v0x555594babea0_0 .net "SIGNEXTOUT", 0 0, L_0x555594be8ab0;  1 drivers
v0x555594babf60_0 .net "XW", 15 0, L_0x555594be7850;  1 drivers
v0x555594bac040_0 .net "YZ", 15 0, L_0x555594be8f30;  1 drivers
v0x555594bac120_0 .net/2u *"_ivl_0", 0 0, L_0x7f167bbb7450;  1 drivers
v0x555594bac200_0 .net *"_ivl_100", 31 0, L_0x555594be6e00;  1 drivers
L_0x7f167bbb7840 .functor BUFT 1, C4<0000000000000000>, C4<0>, C4<0>, C4<0>;
v0x555594bac2e0_0 .net *"_ivl_103", 15 0, L_0x7f167bbb7840;  1 drivers
v0x555594bac3c0_0 .net *"_ivl_104", 31 0, L_0x555594be7120;  1 drivers
v0x555594bac4a0_0 .net *"_ivl_106", 15 0, L_0x555594be7030;  1 drivers
L_0x7f167bbb7888 .functor BUFT 1, C4<0000000000000000>, C4<0>, C4<0>, C4<0>;
v0x555594bac580_0 .net *"_ivl_108", 15 0, L_0x7f167bbb7888;  1 drivers
L_0x7f167bbb7498 .functor BUFT 1, C4<00000000>, C4<0>, C4<0>, C4<0>;
v0x555594bac660_0 .net/2u *"_ivl_12", 7 0, L_0x7f167bbb7498;  1 drivers
v0x555594bac740_0 .net *"_ivl_121", 16 0, L_0x555594be78f0;  1 drivers
L_0x7f167bbb78d0 .functor BUFT 1, C4<0>, C4<0>, C4<0>, C4<0>;
v0x555594bac820_0 .net *"_ivl_124", 0 0, L_0x7f167bbb78d0;  1 drivers
v0x555594bac900_0 .net *"_ivl_125", 16 0, L_0x555594be7b00;  1 drivers
L_0x7f167bbb7918 .functor BUFT 1, C4<0>, C4<0>, C4<0>, C4<0>;
v0x555594bac9e0_0 .net *"_ivl_128", 0 0, L_0x7f167bbb7918;  1 drivers
v0x555594bacac0_0 .net *"_ivl_130", 15 0, L_0x555594be7c40;  1 drivers
v0x555594bacba0_0 .net *"_ivl_131", 16 0, L_0x555594be7e40;  1 drivers
L_0x7f167bbb7960 .functor BUFT 1, C4<0>, C4<0>, C4<0>, C4<0>;
v0x555594bacc80_0 .net *"_ivl_134", 0 0, L_0x7f167bbb7960;  1 drivers
v0x555594bacd60_0 .net *"_ivl_135", 16 0, L_0x555594be7fb0;  1 drivers
v0x555594bace40_0 .net *"_ivl_137", 16 0, L_0x555594be80c0;  1 drivers
L_0x7f167bbb7be8 .functor BUFT 1, C4<00000000000000000>, C4<0>, C4<0>, C4<0>;
v0x555594bacf20_0 .net *"_ivl_139", 16 0, L_0x7f167bbb7be8;  1 drivers
v0x555594bad000_0 .net *"_ivl_143", 16 0, L_0x555594be7d10;  1 drivers
v0x555594bad0e0_0 .net *"_ivl_148", 15 0, L_0x555594be84d0;  1 drivers
v0x555594bad1c0_0 .net *"_ivl_149", 15 0, L_0x555594be7630;  1 drivers
v0x555594bad2a0_0 .net *"_ivl_15", 7 0, L_0x555594be4740;  1 drivers
v0x555594bad380_0 .net *"_ivl_168", 16 0, L_0x555594be9170;  1 drivers
L_0x7f167bbb79f0 .functor BUFT 1, C4<0>, C4<0>, C4<0>, C4<0>;
v0x555594bad460_0 .net *"_ivl_171", 0 0, L_0x7f167bbb79f0;  1 drivers
v0x555594bad540_0 .net *"_ivl_172", 16 0, L_0x555594be92e0;  1 drivers
L_0x7f167bbb7a38 .functor BUFT 1, C4<0>, C4<0>, C4<0>, C4<0>;
v0x555594bad620_0 .net *"_ivl_175", 0 0, L_0x7f167bbb7a38;  1 drivers
v0x555594bad700_0 .net *"_ivl_177", 15 0, L_0x555594be95a0;  1 drivers
v0x555594bad7e0_0 .net *"_ivl_178", 16 0, L_0x555594be9670;  1 drivers
L_0x7f167bbb74e0 .functor BUFT 1, C4<00000000>, C4<0>, C4<0>, C4<0>;
v0x555594bad8c0_0 .net/2u *"_ivl_18", 7 0, L_0x7f167bbb74e0;  1 drivers
L_0x7f167bbb7a80 .functor BUFT 1, C4<0>, C4<0>, C4<0>, C4<0>;
v0x555594bad9a0_0 .net *"_ivl_181", 0 0, L_0x7f167bbb7a80;  1 drivers
v0x555594bada80_0 .net *"_ivl_182", 16 0, L_0x555594be9970;  1 drivers
v0x555594badb60_0 .net *"_ivl_184", 16 0, L_0x555594be8d20;  1 drivers
L_0x7f167bbb7c30 .functor BUFT 1, C4<00000000000000000>, C4<0>, C4<0>, C4<0>;
v0x555594badc40_0 .net *"_ivl_186", 16 0, L_0x7f167bbb7c30;  1 drivers
v0x555594badd20_0 .net *"_ivl_190", 16 0, L_0x555594be9c40;  1 drivers
v0x555594bade00_0 .net *"_ivl_193", 15 0, L_0x555594be9ed0;  1 drivers
v0x555594badee0_0 .net *"_ivl_194", 15 0, L_0x555594be9b30;  1 drivers
v0x555594badfc0_0 .net *"_ivl_21", 7 0, L_0x555594be49a0;  1 drivers
L_0x7f167bbb7528 .functor BUFT 1, C4<00000000>, C4<0>, C4<0>, C4<0>;
v0x555594bae0a0_0 .net/2u *"_ivl_24", 7 0, L_0x7f167bbb7528;  1 drivers
v0x555594bae180_0 .net *"_ivl_27", 7 0, L_0x555594be4be0;  1 drivers
L_0x7f167bbb7570 .functor BUFT 1, C4<00000000>, C4<0>, C4<0>, C4<0>;
v0x555594bae260_0 .net/2u *"_ivl_30", 7 0, L_0x7f167bbb7570;  1 drivers
v0x555594bae340_0 .net *"_ivl_33", 7 0, L_0x555594be4e50;  1 drivers
L_0x7f167bbb75b8 .functor BUFT 1, C4<00000000>, C4<0>, C4<0>, C4<0>;
v0x555594bae420_0 .net/2u *"_ivl_38", 7 0, L_0x7f167bbb75b8;  1 drivers
v0x555594bae500_0 .net *"_ivl_41", 7 0, L_0x555594be51c0;  1 drivers
v0x555594bae5e0_0 .net *"_ivl_42", 15 0, L_0x555594be5310;  1 drivers
L_0x7f167bbb7600 .functor BUFT 1, C4<00000000>, C4<0>, C4<0>, C4<0>;
v0x555594bae6c0_0 .net/2u *"_ivl_46", 7 0, L_0x7f167bbb7600;  1 drivers
v0x555594bae7a0_0 .net *"_ivl_49", 7 0, L_0x555594be5560;  1 drivers
v0x555594bae880_0 .net *"_ivl_50", 15 0, L_0x555594be5650;  1 drivers
L_0x7f167bbb7648 .functor BUFT 1, C4<00000000>, C4<0>, C4<0>, C4<0>;
v0x555594bae960_0 .net/2u *"_ivl_64", 7 0, L_0x7f167bbb7648;  1 drivers
L_0x7f167bbb7690 .functor BUFT 1, C4<00000000>, C4<0>, C4<0>, C4<0>;
v0x555594baea40_0 .net/2u *"_ivl_68", 7 0, L_0x7f167bbb7690;  1 drivers
v0x555594baeb20_0 .net *"_ivl_72", 31 0, L_0x555594be6070;  1 drivers
L_0x7f167bbb76d8 .functor BUFT 1, C4<0000000000000000>, C4<0>, C4<0>, C4<0>;
v0x555594baec00_0 .net *"_ivl_75", 15 0, L_0x7f167bbb76d8;  1 drivers
v0x555594baece0_0 .net *"_ivl_76", 31 0, L_0x555594be61b0;  1 drivers
L_0x7f167bbb7720 .functor BUFT 1, C4<00000000>, C4<0>, C4<0>, C4<0>;
v0x555594baedc0_0 .net *"_ivl_79", 7 0, L_0x7f167bbb7720;  1 drivers
v0x555594baeea0_0 .net *"_ivl_80", 31 0, L_0x555594be63f0;  1 drivers
v0x555594baef80_0 .net *"_ivl_82", 23 0, L_0x555594be5fd0;  1 drivers
L_0x7f167bbb7768 .functor BUFT 1, C4<00000000>, C4<0>, C4<0>, C4<0>;
v0x555594baf060_0 .net *"_ivl_84", 7 0, L_0x7f167bbb7768;  1 drivers
v0x555594baf140_0 .net *"_ivl_86", 31 0, L_0x555594be65f0;  1 drivers
v0x555594baf220_0 .net *"_ivl_88", 31 0, L_0x555594be67a0;  1 drivers
L_0x7f167bbb77b0 .functor BUFT 1, C4<00000000>, C4<0>, C4<0>, C4<0>;
v0x555594baf300_0 .net *"_ivl_91", 7 0, L_0x7f167bbb77b0;  1 drivers
v0x555594baf3e0_0 .net *"_ivl_92", 31 0, L_0x555594be6aa0;  1 drivers
v0x555594baf4c0_0 .net *"_ivl_94", 23 0, L_0x555594be69b0;  1 drivers
L_0x7f167bbb77f8 .functor BUFT 1, C4<00000000>, C4<0>, C4<0>, C4<0>;
v0x555594baf5a0_0 .net *"_ivl_96", 7 0, L_0x7f167bbb77f8;  1 drivers
v0x555594baf680_0 .net *"_ivl_98", 31 0, L_0x555594be6cc0;  1 drivers
v0x555594baf760_0 .net "clock", 0 0, L_0x555594be42e0;  1 drivers
v0x555594baf820_0 .net "iA", 15 0, L_0x555594be4470;  1 drivers
v0x555594baf900_0 .net "iB", 15 0, L_0x555594be4540;  1 drivers
v0x555594baf9e0_0 .net "iC", 15 0, L_0x555594be43d0;  1 drivers
v0x555594bafac0_0 .net "iD", 15 0, L_0x555594be4640;  1 drivers
v0x555594bafba0_0 .net "iF", 15 0, L_0x555594be54f0;  1 drivers
v0x555594bafc80_0 .net "iG", 15 0, L_0x555594be5c90;  1 drivers
v0x555594bafd60_0 .net "iH", 31 0, L_0x555594be6690;  1 drivers
v0x555594bafe40_0 .net "iJ", 15 0, L_0x555594be5ac0;  1 drivers
v0x555594baff20_0 .net "iJ_e", 23 0, L_0x555594be5e90;  1 drivers
v0x555594bb0000_0 .net "iK", 15 0, L_0x555594be5b80;  1 drivers
v0x555594bb00e0_0 .net "iK_e", 23 0, L_0x555594be5d50;  1 drivers
v0x555594bb01c0_0 .net "iL", 31 0, L_0x555594be7360;  1 drivers
v0x555594bb02a0_0 .net "iP", 15 0, L_0x555594be8760;  1 drivers
v0x555594bb0380_0 .net "iQ", 15 0, v0x555594bb1d10_0;  1 drivers
v0x555594bb0460_0 .net "iR", 15 0, L_0x555594bea060;  1 drivers
v0x555594bb0540_0 .net "iS", 15 0, v0x555594bb1df0_0;  1 drivers
v0x555594bb0620_0 .net "iW", 15 0, L_0x555594be7550;  1 drivers
v0x555594bb0700_0 .net "iX", 15 0, L_0x555594be75c0;  1 drivers
v0x555594bb07e0_0 .net "iY", 15 0, L_0x555594be8cb0;  1 drivers
v0x555594bb08c0_0 .net "iZ", 15 0, L_0x555594be8dc0;  1 drivers
v0x555594bb09a0_0 .net "p_Ah_Bh", 15 0, L_0x555594be5080;  1 drivers
v0x555594bb0a80_0 .net "p_Ah_Bl", 15 0, L_0x555594be5810;  1 drivers
v0x555594bb0b60_0 .net "p_Al_Bh", 15 0, L_0x555594be5400;  1 drivers
v0x555594bb0c40_0 .net "p_Al_Bl", 15 0, L_0x555594be5900;  1 drivers
v0x555594bb0d20_0 .var "rA", 15 0;
v0x555594bb0e00_0 .var "rB", 15 0;
v0x555594bb0ee0_0 .var "rC", 15 0;
v0x555594bb0fc0_0 .var "rD", 15 0;
v0x555594bb18b0_0 .var "rF", 15 0;
v0x555594bb1990_0 .var "rG", 15 0;
v0x555594bb1a70_0 .var "rH", 31 0;
v0x555594bb1b50_0 .var "rJ", 15 0;
v0x555594bb1c30_0 .var "rK", 15 0;
v0x555594bb1d10_0 .var "rQ", 15 0;
v0x555594bb1df0_0 .var "rS", 15 0;
E_0x555594ba9da0 .event posedge, v0x555594bab890_0, v0x555594baf760_0;
E_0x555594ba9e20 .event posedge, v0x555594bab950_0, v0x555594baf760_0;
E_0x555594ba9e80 .event posedge, v0x555594bab1b0_0, v0x555594baf760_0;
E_0x555594ba9ee0 .event posedge, v0x555594bab270_0, v0x555594baf760_0;
L_0x555594be4740 .part L_0x555594be4470, 8, 8;
L_0x555594be4860 .concat [ 8 8 0 0], L_0x555594be4740, L_0x7f167bbb7498;
L_0x555594be49a0 .part L_0x555594be4470, 0, 8;
L_0x555594be4a40 .concat [ 8 8 0 0], L_0x555594be49a0, L_0x7f167bbb74e0;
L_0x555594be4be0 .part L_0x555594be4540, 8, 8;
L_0x555594be4cd0 .concat [ 8 8 0 0], L_0x555594be4be0, L_0x7f167bbb7528;
L_0x555594be4e50 .part L_0x555594be4540, 0, 8;
L_0x555594be4ef0 .concat [ 8 8 0 0], L_0x555594be4e50, L_0x7f167bbb7570;
L_0x555594be5080 .arith/mult 16, L_0x555594be4860, L_0x555594be4cd0;
L_0x555594be51c0 .part L_0x555594be4a40, 0, 8;
L_0x555594be5310 .concat [ 8 8 0 0], L_0x555594be51c0, L_0x7f167bbb75b8;
L_0x555594be5400 .arith/mult 16, L_0x555594be5310, L_0x555594be4cd0;
L_0x555594be5560 .part L_0x555594be4ef0, 0, 8;
L_0x555594be5650 .concat [ 8 8 0 0], L_0x555594be5560, L_0x7f167bbb7600;
L_0x555594be5810 .arith/mult 16, L_0x555594be4860, L_0x555594be5650;
L_0x555594be5900 .arith/mult 16, L_0x555594be4a40, L_0x555594be4ef0;
L_0x555594be5d50 .concat [ 16 8 0 0], L_0x555594be5b80, L_0x7f167bbb7648;
L_0x555594be5e90 .concat [ 16 8 0 0], L_0x555594be5ac0, L_0x7f167bbb7690;
L_0x555594be6070 .concat [ 16 16 0 0], L_0x555594be5c90, L_0x7f167bbb76d8;
L_0x555594be61b0 .concat [ 24 8 0 0], L_0x555594be5d50, L_0x7f167bbb7720;
L_0x555594be5fd0 .part L_0x555594be61b0, 0, 24;
L_0x555594be63f0 .concat [ 8 24 0 0], L_0x7f167bbb7768, L_0x555594be5fd0;
L_0x555594be65f0 .arith/sum 32, L_0x555594be6070, L_0x555594be63f0;
L_0x555594be67a0 .concat [ 24 8 0 0], L_0x555594be5e90, L_0x7f167bbb77b0;
L_0x555594be69b0 .part L_0x555594be67a0, 0, 24;
L_0x555594be6aa0 .concat [ 8 24 0 0], L_0x7f167bbb77f8, L_0x555594be69b0;
L_0x555594be6cc0 .arith/sum 32, L_0x555594be65f0, L_0x555594be6aa0;
L_0x555594be6e00 .concat [ 16 16 0 0], L_0x555594be54f0, L_0x7f167bbb7840;
L_0x555594be7030 .part L_0x555594be6e00, 0, 16;
L_0x555594be7120 .concat [ 16 16 0 0], L_0x7f167bbb7888, L_0x555594be7030;
L_0x555594be7360 .arith/sum 32, L_0x555594be6cc0, L_0x555594be7120;
L_0x555594be76a0 .part L_0x555594be7d10, 16, 1;
L_0x555594be7850 .part L_0x555594be7d10, 0, 16;
L_0x555594be78f0 .concat [ 16 1 0 0], L_0x555594be75c0, L_0x7f167bbb78d0;
L_0x555594be7b00 .concat [ 16 1 0 0], L_0x555594be7550, L_0x7f167bbb7918;
L_0x555594be7c40 .repeat 16, 16, o0x7f167bf70438;
L_0x555594be7e40 .concat [ 16 1 0 0], L_0x555594be7c40, L_0x7f167bbb7960;
L_0x555594be80c0 .arith/sum 17, L_0x555594be78f0, L_0x555594be7fb0;
L_0x555594be7d10 .arith/sum 17, L_0x555594be80c0, L_0x7f167bbb7be8;
L_0x555594be84d0 .repeat 16, 16, o0x7f167bf70438;
L_0x555594be8760 .functor MUXZ 16, L_0x555594be7630, L_0x555594be43d0, o0x7f167bf708e8, C4<>;
L_0x555594be8ab0 .part L_0x555594be75c0, 15, 1;
L_0x555594be8e30 .part L_0x555594be9c40, 16, 1;
L_0x555594be8f30 .part L_0x555594be9c40, 0, 16;
L_0x555594be9170 .concat [ 16 1 0 0], L_0x555594be8dc0, L_0x7f167bbb79f0;
L_0x555594be92e0 .concat [ 16 1 0 0], L_0x555594be8cb0, L_0x7f167bbb7a38;
L_0x555594be95a0 .repeat 16, 16, o0x7f167bf70408;
L_0x555594be9670 .concat [ 16 1 0 0], L_0x555594be95a0, L_0x7f167bbb7a80;
L_0x555594be8d20 .arith/sum 17, L_0x555594be9170, L_0x555594be9970;
L_0x555594be9c40 .arith/sum 17, L_0x555594be8d20, L_0x7f167bbb7c30;
L_0x555594be9ed0 .repeat 16, 16, o0x7f167bf70408;
L_0x555594bea060 .functor MUXZ 16, L_0x555594be9b30, L_0x555594be4640, o0x7f167bf708b8, C4<>;
L_0x555594bea590 .concat [ 16 16 0 0], L_0x555594bea4d0, L_0x555594be89f0;
S_0x555594b34eb0 .scope module, "SB_PLL40_2F_CORE" "SB_PLL40_2F_CORE" 3 2521;
 .timescale -12 -12;
    .port_info 0 /INPUT 1 "REFERENCECLK";
    .port_info 1 /OUTPUT 1 "PLLOUTCOREA";
    .port_info 2 /OUTPUT 1 "PLLOUTGLOBALA";
    .port_info 3 /OUTPUT 1 "PLLOUTCOREB";
    .port_info 4 /OUTPUT 1 "PLLOUTGLOBALB";
    .port_info 5 /INPUT 1 "EXTFEEDBACK";
    .port_info 6 /INPUT 8 "DYNAMICDELAY";
    .port_info 7 /OUTPUT 1 "LOCK";
    .port_info 8 /INPUT 1 "BYPASS";
    .port_info 9 /INPUT 1 "RESETB";
    .port_info 10 /INPUT 1 "LATCHINPUTVALUE";
    .port_info 11 /OUTPUT 1 "SDO";
    .port_info 12 /INPUT 1 "SDI";
    .port_info 13 /INPUT 1 "SCLK";
P_0x555594a52ef0 .param/str "DELAY_ADJUSTMENT_MODE_FEEDBACK" 0 3 2538, "FIXED";
P_0x555594a52f30 .param/str "DELAY_ADJUSTMENT_MODE_RELATIVE" 0 3 2539, "FIXED";
P_0x555594a52f70 .param/l "DIVF" 0 3 2546, C4<0000000>;
P_0x555594a52fb0 .param/l "DIVQ" 0 3 2547, C4<000>;
P_0x555594a52ff0 .param/l "DIVR" 0 3 2545, C4<0000>;
P_0x555594a53030 .param/l "ENABLE_ICEGATE_PORTA" 0 3 2549, C4<0>;
P_0x555594a53070 .param/l "ENABLE_ICEGATE_PORTB" 0 3 2550, C4<0>;
P_0x555594a530b0 .param/l "EXTERNAL_DIVIDE_FACTOR" 0 3 2552, +C4<00000000000000000000000000000001>;
P_0x555594a530f0 .param/l "FDA_FEEDBACK" 0 3 2541, C4<0000>;
P_0x555594a53130 .param/l "FDA_RELATIVE" 0 3 2542, C4<0000>;
P_0x555594a53170 .param/str "FEEDBACK_PATH" 0 3 2537, "SIMPLE";
P_0x555594a531b0 .param/l "FILTER_RANGE" 0 3 2548, C4<000>;
P_0x555594a531f0 .param/str "PLLOUT_SELECT_PORTA" 0 3 2543, "GENCLK";
P_0x555594a53230 .param/str "PLLOUT_SELECT_PORTB" 0 3 2544, "GENCLK";
P_0x555594a53270 .param/l "SHIFTREG_DIV_MODE" 0 3 2540, C4<0>;
P_0x555594a532b0 .param/l "TEST_MODE" 0 3 2551, C4<0>;
o0x7f167bf72208 .functor BUFZ 1, c4<z>; HiZ drive
v0x555594bb2310_0 .net "BYPASS", 0 0, o0x7f167bf72208;  0 drivers
o0x7f167bf72238 .functor BUFZ 8, c4<zzzzzzzz>; HiZ drive
v0x555594bb23f0_0 .net "DYNAMICDELAY", 7 0, o0x7f167bf72238;  0 drivers
o0x7f167bf72268 .functor BUFZ 1, c4<z>; HiZ drive
v0x555594bb24d0_0 .net "EXTFEEDBACK", 0 0, o0x7f167bf72268;  0 drivers
o0x7f167bf72298 .functor BUFZ 1, c4<z>; HiZ drive
v0x555594bb2570_0 .net "LATCHINPUTVALUE", 0 0, o0x7f167bf72298;  0 drivers
o0x7f167bf722c8 .functor BUFZ 1, c4<z>; HiZ drive
v0x555594bb2630_0 .net "LOCK", 0 0, o0x7f167bf722c8;  0 drivers
o0x7f167bf722f8 .functor BUFZ 1, c4<z>; HiZ drive
v0x555594bb26f0_0 .net "PLLOUTCOREA", 0 0, o0x7f167bf722f8;  0 drivers
o0x7f167bf72328 .functor BUFZ 1, c4<z>; HiZ drive
v0x555594bb27b0_0 .net "PLLOUTCOREB", 0 0, o0x7f167bf72328;  0 drivers
o0x7f167bf72358 .functor BUFZ 1, c4<z>; HiZ drive
v0x555594bb2870_0 .net "PLLOUTGLOBALA", 0 0, o0x7f167bf72358;  0 drivers
o0x7f167bf72388 .functor BUFZ 1, c4<z>; HiZ drive
v0x555594bb2930_0 .net "PLLOUTGLOBALB", 0 0, o0x7f167bf72388;  0 drivers
o0x7f167bf723b8 .functor BUFZ 1, c4<z>; HiZ drive
v0x555594bb29f0_0 .net "REFERENCECLK", 0 0, o0x7f167bf723b8;  0 drivers
o0x7f167bf723e8 .functor BUFZ 1, c4<z>; HiZ drive
v0x555594bb2ab0_0 .net "RESETB", 0 0, o0x7f167bf723e8;  0 drivers
o0x7f167bf72418 .functor BUFZ 1, c4<z>; HiZ drive
v0x555594bb2b70_0 .net "SCLK", 0 0, o0x7f167bf72418;  0 drivers
o0x7f167bf72448 .functor BUFZ 1, c4<z>; HiZ drive
v0x555594bb2c30_0 .net "SDI", 0 0, o0x7f167bf72448;  0 drivers
o0x7f167bf72478 .functor BUFZ 1, c4<z>; HiZ drive
v0x555594bb2cf0_0 .net "SDO", 0 0, o0x7f167bf72478;  0 drivers
S_0x555594b13c70 .scope module, "SB_PLL40_2F_PAD" "SB_PLL40_2F_PAD" 3 2556;
 .timescale -12 -12;
    .port_info 0 /INPUT 1 "PACKAGEPIN";
    .port_info 1 /OUTPUT 1 "PLLOUTCOREA";
    .port_info 2 /OUTPUT 1 "PLLOUTGLOBALA";
    .port_info 3 /OUTPUT 1 "PLLOUTCOREB";
    .port_info 4 /OUTPUT 1 "PLLOUTGLOBALB";
    .port_info 5 /INPUT 1 "EXTFEEDBACK";
    .port_info 6 /INPUT 8 "DYNAMICDELAY";
    .port_info 7 /OUTPUT 1 "LOCK";
    .port_info 8 /INPUT 1 "BYPASS";
    .port_info 9 /INPUT 1 "RESETB";
    .port_info 10 /INPUT 1 "LATCHINPUTVALUE";
    .port_info 11 /OUTPUT 1 "SDO";
    .port_info 12 /INPUT 1 "SDI";
    .port_info 13 /INPUT 1 "SCLK";
P_0x555594946e70 .param/str "DELAY_ADJUSTMENT_MODE_FEEDBACK" 0 3 2573, "FIXED";
P_0x555594946eb0 .param/str "DELAY_ADJUSTMENT_MODE_RELATIVE" 0 3 2574, "FIXED";
P_0x555594946ef0 .param/l "DIVF" 0 3 2581, C4<0000000>;
P_0x555594946f30 .param/l "DIVQ" 0 3 2582, C4<000>;
P_0x555594946f70 .param/l "DIVR" 0 3 2580, C4<0000>;
P_0x555594946fb0 .param/l "ENABLE_ICEGATE_PORTA" 0 3 2584, C4<0>;
P_0x555594946ff0 .param/l "ENABLE_ICEGATE_PORTB" 0 3 2585, C4<0>;
P_0x555594947030 .param/l "EXTERNAL_DIVIDE_FACTOR" 0 3 2587, +C4<00000000000000000000000000000001>;
P_0x555594947070 .param/l "FDA_FEEDBACK" 0 3 2576, C4<0000>;
P_0x5555949470b0 .param/l "FDA_RELATIVE" 0 3 2577, C4<0000>;
P_0x5555949470f0 .param/str "FEEDBACK_PATH" 0 3 2572, "SIMPLE";
P_0x555594947130 .param/l "FILTER_RANGE" 0 3 2583, C4<000>;
P_0x555594947170 .param/str "PLLOUT_SELECT_PORTA" 0 3 2578, "GENCLK";
P_0x5555949471b0 .param/str "PLLOUT_SELECT_PORTB" 0 3 2579, "GENCLK";
P_0x5555949471f0 .param/l "SHIFTREG_DIV_MODE" 0 3 2575, C4<00>;
P_0x555594947230 .param/l "TEST_MODE" 0 3 2586, C4<0>;
o0x7f167bf72748 .functor BUFZ 1, c4<z>; HiZ drive
v0x555594bb2ff0_0 .net "BYPASS", 0 0, o0x7f167bf72748;  0 drivers
o0x7f167bf72778 .functor BUFZ 8, c4<zzzzzzzz>; HiZ drive
v0x555594bb30d0_0 .net "DYNAMICDELAY", 7 0, o0x7f167bf72778;  0 drivers
o0x7f167bf727a8 .functor BUFZ 1, c4<z>; HiZ drive
v0x555594bb31b0_0 .net "EXTFEEDBACK", 0 0, o0x7f167bf727a8;  0 drivers
o0x7f167bf727d8 .functor BUFZ 1, c4<z>; HiZ drive
v0x555594bb3250_0 .net "LATCHINPUTVALUE", 0 0, o0x7f167bf727d8;  0 drivers
o0x7f167bf72808 .functor BUFZ 1, c4<z>; HiZ drive
v0x555594bb3310_0 .net "LOCK", 0 0, o0x7f167bf72808;  0 drivers
o0x7f167bf72838 .functor BUFZ 1, c4<z>; HiZ drive
v0x555594bb33d0_0 .net "PACKAGEPIN", 0 0, o0x7f167bf72838;  0 drivers
o0x7f167bf72868 .functor BUFZ 1, c4<z>; HiZ drive
v0x555594bb3490_0 .net "PLLOUTCOREA", 0 0, o0x7f167bf72868;  0 drivers
o0x7f167bf72898 .functor BUFZ 1, c4<z>; HiZ drive
v0x555594bb3550_0 .net "PLLOUTCOREB", 0 0, o0x7f167bf72898;  0 drivers
o0x7f167bf728c8 .functor BUFZ 1, c4<z>; HiZ drive
v0x555594bb3610_0 .net "PLLOUTGLOBALA", 0 0, o0x7f167bf728c8;  0 drivers
o0x7f167bf728f8 .functor BUFZ 1, c4<z>; HiZ drive
v0x555594bb3760_0 .net "PLLOUTGLOBALB", 0 0, o0x7f167bf728f8;  0 drivers
o0x7f167bf72928 .functor BUFZ 1, c4<z>; HiZ drive
v0x555594bb3820_0 .net "RESETB", 0 0, o0x7f167bf72928;  0 drivers
o0x7f167bf72958 .functor BUFZ 1, c4<z>; HiZ drive
v0x555594bb38e0_0 .net "SCLK", 0 0, o0x7f167bf72958;  0 drivers
o0x7f167bf72988 .functor BUFZ 1, c4<z>; HiZ drive
v0x555594bb39a0_0 .net "SDI", 0 0, o0x7f167bf72988;  0 drivers
o0x7f167bf729b8 .functor BUFZ 1, c4<z>; HiZ drive
v0x555594bb3a60_0 .net "SDO", 0 0, o0x7f167bf729b8;  0 drivers
S_0x555594b0fdc0 .scope module, "SB_PLL40_2_PAD" "SB_PLL40_2_PAD" 3 2487;
 .timescale -12 -12;
    .port_info 0 /INPUT 1 "PACKAGEPIN";
    .port_info 1 /OUTPUT 1 "PLLOUTCOREA";
    .port_info 2 /OUTPUT 1 "PLLOUTGLOBALA";
    .port_info 3 /OUTPUT 1 "PLLOUTCOREB";
    .port_info 4 /OUTPUT 1 "PLLOUTGLOBALB";
    .port_info 5 /INPUT 1 "EXTFEEDBACK";
    .port_info 6 /INPUT 8 "DYNAMICDELAY";
    .port_info 7 /OUTPUT 1 "LOCK";
    .port_info 8 /INPUT 1 "BYPASS";
    .port_info 9 /INPUT 1 "RESETB";
    .port_info 10 /INPUT 1 "LATCHINPUTVALUE";
    .port_info 11 /OUTPUT 1 "SDO";
    .port_info 12 /INPUT 1 "SDI";
    .port_info 13 /INPUT 1 "SCLK";
P_0x555594943170 .param/str "DELAY_ADJUSTMENT_MODE_FEEDBACK" 0 3 2504, "FIXED";
P_0x5555949431b0 .param/str "DELAY_ADJUSTMENT_MODE_RELATIVE" 0 3 2505, "FIXED";
P_0x5555949431f0 .param/l "DIVF" 0 3 2511, C4<0000000>;
P_0x555594943230 .param/l "DIVQ" 0 3 2512, C4<000>;
P_0x555594943270 .param/l "DIVR" 0 3 2510, C4<0000>;
P_0x5555949432b0 .param/l "ENABLE_ICEGATE_PORTA" 0 3 2514, C4<0>;
P_0x5555949432f0 .param/l "ENABLE_ICEGATE_PORTB" 0 3 2515, C4<0>;
P_0x555594943330 .param/l "EXTERNAL_DIVIDE_FACTOR" 0 3 2517, +C4<00000000000000000000000000000001>;
P_0x555594943370 .param/l "FDA_FEEDBACK" 0 3 2507, C4<0000>;
P_0x5555949433b0 .param/l "FDA_RELATIVE" 0 3 2508, C4<0000>;
P_0x5555949433f0 .param/str "FEEDBACK_PATH" 0 3 2503, "SIMPLE";
P_0x555594943430 .param/l "FILTER_RANGE" 0 3 2513, C4<000>;
P_0x555594943470 .param/str "PLLOUT_SELECT_PORTB" 0 3 2509, "GENCLK";
P_0x5555949434b0 .param/l "SHIFTREG_DIV_MODE" 0 3 2506, C4<0>;
P_0x5555949434f0 .param/l "TEST_MODE" 0 3 2516, C4<0>;
o0x7f167bf72c88 .functor BUFZ 1, c4<z>; HiZ drive
v0x555594bb3ce0_0 .net "BYPASS", 0 0, o0x7f167bf72c88;  0 drivers
o0x7f167bf72cb8 .functor BUFZ 8, c4<zzzzzzzz>; HiZ drive
v0x555594bb3dc0_0 .net "DYNAMICDELAY", 7 0, o0x7f167bf72cb8;  0 drivers
o0x7f167bf72ce8 .functor BUFZ 1, c4<z>; HiZ drive
v0x555594bb3ea0_0 .net "EXTFEEDBACK", 0 0, o0x7f167bf72ce8;  0 drivers
o0x7f167bf72d18 .functor BUFZ 1, c4<z>; HiZ drive
v0x555594bb3f40_0 .net "LATCHINPUTVALUE", 0 0, o0x7f167bf72d18;  0 drivers
o0x7f167bf72d48 .functor BUFZ 1, c4<z>; HiZ drive
v0x555594bb4000_0 .net "LOCK", 0 0, o0x7f167bf72d48;  0 drivers
o0x7f167bf72d78 .functor BUFZ 1, c4<z>; HiZ drive
v0x555594bb40c0_0 .net "PACKAGEPIN", 0 0, o0x7f167bf72d78;  0 drivers
o0x7f167bf72da8 .functor BUFZ 1, c4<z>; HiZ drive
v0x555594bb4180_0 .net "PLLOUTCOREA", 0 0, o0x7f167bf72da8;  0 drivers
o0x7f167bf72dd8 .functor BUFZ 1, c4<z>; HiZ drive
v0x555594bb4240_0 .net "PLLOUTCOREB", 0 0, o0x7f167bf72dd8;  0 drivers
o0x7f167bf72e08 .functor BUFZ 1, c4<z>; HiZ drive
v0x555594bb4300_0 .net "PLLOUTGLOBALA", 0 0, o0x7f167bf72e08;  0 drivers
o0x7f167bf72e38 .functor BUFZ 1, c4<z>; HiZ drive
v0x555594bb4450_0 .net "PLLOUTGLOBALB", 0 0, o0x7f167bf72e38;  0 drivers
o0x7f167bf72e68 .functor BUFZ 1, c4<z>; HiZ drive
v0x555594bb4510_0 .net "RESETB", 0 0, o0x7f167bf72e68;  0 drivers
o0x7f167bf72e98 .functor BUFZ 1, c4<z>; HiZ drive
v0x555594bb45d0_0 .net "SCLK", 0 0, o0x7f167bf72e98;  0 drivers
o0x7f167bf72ec8 .functor BUFZ 1, c4<z>; HiZ drive
v0x555594bb4690_0 .net "SDI", 0 0, o0x7f167bf72ec8;  0 drivers
o0x7f167bf72ef8 .functor BUFZ 1, c4<z>; HiZ drive
v0x555594bb4750_0 .net "SDO", 0 0, o0x7f167bf72ef8;  0 drivers
S_0x555594b0c0e0 .scope module, "SB_PLL40_CORE" "SB_PLL40_CORE" 3 2425;
 .timescale -12 -12;
    .port_info 0 /INPUT 1 "REFERENCECLK";
    .port_info 1 /OUTPUT 1 "PLLOUTCORE";
    .port_info 2 /OUTPUT 1 "PLLOUTGLOBAL";
    .port_info 3 /INPUT 1 "EXTFEEDBACK";
    .port_info 4 /INPUT 8 "DYNAMICDELAY";
    .port_info 5 /OUTPUT 1 "LOCK";
    .port_info 6 /INPUT 1 "BYPASS";
    .port_info 7 /INPUT 1 "RESETB";
    .port_info 8 /INPUT 1 "LATCHINPUTVALUE";
    .port_info 9 /OUTPUT 1 "SDO";
    .port_info 10 /INPUT 1 "SDI";
    .port_info 11 /INPUT 1 "SCLK";
P_0x5555948fda00 .param/str "DELAY_ADJUSTMENT_MODE_FEEDBACK" 0 3 2440, "FIXED";
P_0x5555948fda40 .param/str "DELAY_ADJUSTMENT_MODE_RELATIVE" 0 3 2441, "FIXED";
P_0x5555948fda80 .param/l "DIVF" 0 3 2447, C4<0000000>;
P_0x5555948fdac0 .param/l "DIVQ" 0 3 2448, C4<000>;
P_0x5555948fdb00 .param/l "DIVR" 0 3 2446, C4<0000>;
P_0x5555948fdb40 .param/l "ENABLE_ICEGATE" 0 3 2450, C4<0>;
P_0x5555948fdb80 .param/l "EXTERNAL_DIVIDE_FACTOR" 0 3 2452, +C4<00000000000000000000000000000001>;
P_0x5555948fdbc0 .param/l "FDA_FEEDBACK" 0 3 2443, C4<0000>;
P_0x5555948fdc00 .param/l "FDA_RELATIVE" 0 3 2444, C4<0000>;
P_0x5555948fdc40 .param/str "FEEDBACK_PATH" 0 3 2439, "SIMPLE";
P_0x5555948fdc80 .param/l "FILTER_RANGE" 0 3 2449, C4<000>;
P_0x5555948fdcc0 .param/str "PLLOUT_SELECT" 0 3 2445, "GENCLK";
P_0x5555948fdd00 .param/l "SHIFTREG_DIV_MODE" 0 3 2442, C4<0>;
P_0x5555948fdd40 .param/l "TEST_MODE" 0 3 2451, C4<0>;
o0x7f167bf731c8 .functor BUFZ 1, c4<z>; HiZ drive
v0x555594bb49d0_0 .net "BYPASS", 0 0, o0x7f167bf731c8;  0 drivers
o0x7f167bf731f8 .functor BUFZ 8, c4<zzzzzzzz>; HiZ drive
v0x555594bb4ab0_0 .net "DYNAMICDELAY", 7 0, o0x7f167bf731f8;  0 drivers
o0x7f167bf73228 .functor BUFZ 1, c4<z>; HiZ drive
v0x555594bb4b90_0 .net "EXTFEEDBACK", 0 0, o0x7f167bf73228;  0 drivers
o0x7f167bf73258 .functor BUFZ 1, c4<z>; HiZ drive
v0x555594bb4c30_0 .net "LATCHINPUTVALUE", 0 0, o0x7f167bf73258;  0 drivers
o0x7f167bf73288 .functor BUFZ 1, c4<z>; HiZ drive
v0x555594bb4cf0_0 .net "LOCK", 0 0, o0x7f167bf73288;  0 drivers
o0x7f167bf732b8 .functor BUFZ 1, c4<z>; HiZ drive
v0x555594bb4db0_0 .net "PLLOUTCORE", 0 0, o0x7f167bf732b8;  0 drivers
o0x7f167bf732e8 .functor BUFZ 1, c4<z>; HiZ drive
v0x555594bb4e70_0 .net "PLLOUTGLOBAL", 0 0, o0x7f167bf732e8;  0 drivers
o0x7f167bf73318 .functor BUFZ 1, c4<z>; HiZ drive
v0x555594bb4f30_0 .net "REFERENCECLK", 0 0, o0x7f167bf73318;  0 drivers
o0x7f167bf73348 .functor BUFZ 1, c4<z>; HiZ drive
v0x555594bb4ff0_0 .net "RESETB", 0 0, o0x7f167bf73348;  0 drivers
o0x7f167bf73378 .functor BUFZ 1, c4<z>; HiZ drive
v0x555594bb5140_0 .net "SCLK", 0 0, o0x7f167bf73378;  0 drivers
o0x7f167bf733a8 .functor BUFZ 1, c4<z>; HiZ drive
v0x555594bb5200_0 .net "SDI", 0 0, o0x7f167bf733a8;  0 drivers
o0x7f167bf733d8 .functor BUFZ 1, c4<z>; HiZ drive
v0x555594bb52c0_0 .net "SDO", 0 0, o0x7f167bf733d8;  0 drivers
S_0x555594b18160 .scope module, "SB_PLL40_PAD" "SB_PLL40_PAD" 3 2456;
 .timescale -12 -12;
    .port_info 0 /INPUT 1 "PACKAGEPIN";
    .port_info 1 /OUTPUT 1 "PLLOUTCORE";
    .port_info 2 /OUTPUT 1 "PLLOUTGLOBAL";
    .port_info 3 /INPUT 1 "EXTFEEDBACK";
    .port_info 4 /INPUT 8 "DYNAMICDELAY";
    .port_info 5 /OUTPUT 1 "LOCK";
    .port_info 6 /INPUT 1 "BYPASS";
    .port_info 7 /INPUT 1 "RESETB";
    .port_info 8 /INPUT 1 "LATCHINPUTVALUE";
    .port_info 9 /OUTPUT 1 "SDO";
    .port_info 10 /INPUT 1 "SDI";
    .port_info 11 /INPUT 1 "SCLK";
P_0x5555949f9cf0 .param/str "DELAY_ADJUSTMENT_MODE_FEEDBACK" 0 3 2471, "FIXED";
P_0x5555949f9d30 .param/str "DELAY_ADJUSTMENT_MODE_RELATIVE" 0 3 2472, "FIXED";
P_0x5555949f9d70 .param/l "DIVF" 0 3 2478, C4<0000000>;
P_0x5555949f9db0 .param/l "DIVQ" 0 3 2479, C4<000>;
P_0x5555949f9df0 .param/l "DIVR" 0 3 2477, C4<0000>;
P_0x5555949f9e30 .param/l "ENABLE_ICEGATE" 0 3 2481, C4<0>;
P_0x5555949f9e70 .param/l "EXTERNAL_DIVIDE_FACTOR" 0 3 2483, +C4<00000000000000000000000000000001>;
P_0x5555949f9eb0 .param/l "FDA_FEEDBACK" 0 3 2474, C4<0000>;
P_0x5555949f9ef0 .param/l "FDA_RELATIVE" 0 3 2475, C4<0000>;
P_0x5555949f9f30 .param/str "FEEDBACK_PATH" 0 3 2470, "SIMPLE";
P_0x5555949f9f70 .param/l "FILTER_RANGE" 0 3 2480, C4<000>;
P_0x5555949f9fb0 .param/str "PLLOUT_SELECT" 0 3 2476, "GENCLK";
P_0x5555949f9ff0 .param/l "SHIFTREG_DIV_MODE" 0 3 2473, C4<0>;
P_0x5555949fa030 .param/l "TEST_MODE" 0 3 2482, C4<0>;
o0x7f167bf73648 .functor BUFZ 1, c4<z>; HiZ drive
v0x555594bb5500_0 .net "BYPASS", 0 0, o0x7f167bf73648;  0 drivers
o0x7f167bf73678 .functor BUFZ 8, c4<zzzzzzzz>; HiZ drive
v0x555594bb55e0_0 .net "DYNAMICDELAY", 7 0, o0x7f167bf73678;  0 drivers
o0x7f167bf736a8 .functor BUFZ 1, c4<z>; HiZ drive
v0x555594bb56c0_0 .net "EXTFEEDBACK", 0 0, o0x7f167bf736a8;  0 drivers
o0x7f167bf736d8 .functor BUFZ 1, c4<z>; HiZ drive
v0x555594bb5760_0 .net "LATCHINPUTVALUE", 0 0, o0x7f167bf736d8;  0 drivers
o0x7f167bf73708 .functor BUFZ 1, c4<z>; HiZ drive
v0x555594bb5820_0 .net "LOCK", 0 0, o0x7f167bf73708;  0 drivers
o0x7f167bf73738 .functor BUFZ 1, c4<z>; HiZ drive
v0x555594bb58e0_0 .net "PACKAGEPIN", 0 0, o0x7f167bf73738;  0 drivers
o0x7f167bf73768 .functor BUFZ 1, c4<z>; HiZ drive
v0x555594bb59a0_0 .net "PLLOUTCORE", 0 0, o0x7f167bf73768;  0 drivers
o0x7f167bf73798 .functor BUFZ 1, c4<z>; HiZ drive
v0x555594bb5a60_0 .net "PLLOUTGLOBAL", 0 0, o0x7f167bf73798;  0 drivers
o0x7f167bf737c8 .functor BUFZ 1, c4<z>; HiZ drive
v0x555594bb5b20_0 .net "RESETB", 0 0, o0x7f167bf737c8;  0 drivers
o0x7f167bf737f8 .functor BUFZ 1, c4<z>; HiZ drive
v0x555594bb5c70_0 .net "SCLK", 0 0, o0x7f167bf737f8;  0 drivers
o0x7f167bf73828 .functor BUFZ 1, c4<z>; HiZ drive
v0x555594bb5d30_0 .net "SDI", 0 0, o0x7f167bf73828;  0 drivers
o0x7f167bf73858 .functor BUFZ 1, c4<z>; HiZ drive
v0x555594bb5df0_0 .net "SDO", 0 0, o0x7f167bf73858;  0 drivers
S_0x555594af6600 .scope module, "SB_RAM40_4KNR" "SB_RAM40_4KNR" 3 1726;
 .timescale -12 -12;
    .port_info 0 /OUTPUT 16 "RDATA";
    .port_info 1 /INPUT 1 "RCLKN";
    .port_info 2 /INPUT 1 "RCLKE";
    .port_info 3 /INPUT 1 "RE";
    .port_info 4 /INPUT 11 "RADDR";
    .port_info 5 /INPUT 1 "WCLK";
    .port_info 6 /INPUT 1 "WCLKE";
    .port_info 7 /INPUT 1 "WE";
    .port_info 8 /INPUT 11 "WADDR";
    .port_info 9 /INPUT 16 "MASK";
    .port_info 10 /INPUT 16 "WDATA";
P_0x555594a53da0 .param/l "INIT_0" 0 3 1742, C4<0000000000000000000000000000000000000000000000000000000000000000000000000000000000000000000000000000000000000000000000000000000000000000000000000000000000000000000000000000000000000000000000000000000000000000000000000000000000000000000000000000000000000000>;
P_0x555594a53de0 .param/l "INIT_1" 0 3 1743, C4<0000000000000000000000000000000000000000000000000000000000000000000000000000000000000000000000000000000000000000000000000000000000000000000000000000000000000000000000000000000000000000000000000000000000000000000000000000000000000000000000000000000000000000>;
P_0x555594a53e20 .param/l "INIT_2" 0 3 1744, C4<0000000000000000000000000000000000000000000000000000000000000000000000000000000000000000000000000000000000000000000000000000000000000000000000000000000000000000000000000000000000000000000000000000000000000000000000000000000000000000000000000000000000000000>;
P_0x555594a53e60 .param/l "INIT_3" 0 3 1745, C4<0000000000000000000000000000000000000000000000000000000000000000000000000000000000000000000000000000000000000000000000000000000000000000000000000000000000000000000000000000000000000000000000000000000000000000000000000000000000000000000000000000000000000000>;
P_0x555594a53ea0 .param/l "INIT_4" 0 3 1746, C4<0000000000000000000000000000000000000000000000000000000000000000000000000000000000000000000000000000000000000000000000000000000000000000000000000000000000000000000000000000000000000000000000000000000000000000000000000000000000000000000000000000000000000000>;
P_0x555594a53ee0 .param/l "INIT_5" 0 3 1747, C4<0000000000000000000000000000000000000000000000000000000000000000000000000000000000000000000000000000000000000000000000000000000000000000000000000000000000000000000000000000000000000000000000000000000000000000000000000000000000000000000000000000000000000000>;
P_0x555594a53f20 .param/l "INIT_6" 0 3 1748, C4<0000000000000000000000000000000000000000000000000000000000000000000000000000000000000000000000000000000000000000000000000000000000000000000000000000000000000000000000000000000000000000000000000000000000000000000000000000000000000000000000000000000000000000>;
P_0x555594a53f60 .param/l "INIT_7" 0 3 1749, C4<0000000000000000000000000000000000000000000000000000000000000000000000000000000000000000000000000000000000000000000000000000000000000000000000000000000000000000000000000000000000000000000000000000000000000000000000000000000000000000000000000000000000000000>;
P_0x555594a53fa0 .param/l "INIT_8" 0 3 1750, C4<0000000000000000000000000000000000000000000000000000000000000000000000000000000000000000000000000000000000000000000000000000000000000000000000000000000000000000000000000000000000000000000000000000000000000000000000000000000000000000000000000000000000000000>;
P_0x555594a53fe0 .param/l "INIT_9" 0 3 1751, C4<0000000000000000000000000000000000000000000000000000000000000000000000000000000000000000000000000000000000000000000000000000000000000000000000000000000000000000000000000000000000000000000000000000000000000000000000000000000000000000000000000000000000000000>;
P_0x555594a54020 .param/l "INIT_A" 0 3 1752, C4<0000000000000000000000000000000000000000000000000000000000000000000000000000000000000000000000000000000000000000000000000000000000000000000000000000000000000000000000000000000000000000000000000000000000000000000000000000000000000000000000000000000000000000>;
P_0x555594a54060 .param/l "INIT_B" 0 3 1753, C4<0000000000000000000000000000000000000000000000000000000000000000000000000000000000000000000000000000000000000000000000000000000000000000000000000000000000000000000000000000000000000000000000000000000000000000000000000000000000000000000000000000000000000000>;
P_0x555594a540a0 .param/l "INIT_C" 0 3 1754, C4<0000000000000000000000000000000000000000000000000000000000000000000000000000000000000000000000000000000000000000000000000000000000000000000000000000000000000000000000000000000000000000000000000000000000000000000000000000000000000000000000000000000000000000>;
P_0x555594a540e0 .param/l "INIT_D" 0 3 1755, C4<0000000000000000000000000000000000000000000000000000000000000000000000000000000000000000000000000000000000000000000000000000000000000000000000000000000000000000000000000000000000000000000000000000000000000000000000000000000000000000000000000000000000000000>;
P_0x555594a54120 .param/l "INIT_E" 0 3 1756, C4<0000000000000000000000000000000000000000000000000000000000000000000000000000000000000000000000000000000000000000000000000000000000000000000000000000000000000000000000000000000000000000000000000000000000000000000000000000000000000000000000000000000000000000>;
P_0x555594a54160 .param/l "INIT_F" 0 3 1757, C4<0000000000000000000000000000000000000000000000000000000000000000000000000000000000000000000000000000000000000000000000000000000000000000000000000000000000000000000000000000000000000000000000000000000000000000000000000000000000000000000000000000000000000000>;
P_0x555594a541a0 .param/str "INIT_FILE" 0 3 1759, "\000";
P_0x555594a541e0 .param/l "READ_MODE" 0 3 1740, +C4<00000000000000000000000000000000>;
P_0x555594a54220 .param/l "WRITE_MODE" 0 3 1739, +C4<00000000000000000000000000000000>;
o0x7f167bf73fd8 .functor BUFZ 1, c4<z>; HiZ drive
L_0x555594bea910 .functor NOT 1, o0x7f167bf73fd8, C4<0>, C4<0>, C4<0>;
o0x7f167bf73ac8 .functor BUFZ 16, c4<zzzzzzzzzzzzzzzz>; HiZ drive
v0x555594bb98c0_0 .net "MASK", 15 0, o0x7f167bf73ac8;  0 drivers
o0x7f167bf73af8 .functor BUFZ 11, c4<zzzzzzzzzzz>; HiZ drive
v0x555594bb99a0_0 .net "RADDR", 10 0, o0x7f167bf73af8;  0 drivers
o0x7f167bf73b58 .functor BUFZ 1, c4<z>; HiZ drive
v0x555594bb9a70_0 .net "RCLKE", 0 0, o0x7f167bf73b58;  0 drivers
v0x555594bb9b70_0 .net "RCLKN", 0 0, o0x7f167bf73fd8;  0 drivers
v0x555594bb9c10_0 .net "RDATA", 15 0, L_0x555594bea850;  1 drivers
o0x7f167bf73be8 .functor BUFZ 1, c4<z>; HiZ drive
v0x555594bb9cb0_0 .net "RE", 0 0, o0x7f167bf73be8;  0 drivers
o0x7f167bf73c48 .functor BUFZ 11, c4<zzzzzzzzzzz>; HiZ drive
v0x555594bb9d80_0 .net "WADDR", 10 0, o0x7f167bf73c48;  0 drivers
o0x7f167bf73c78 .functor BUFZ 1, c4<z>; HiZ drive
v0x555594bb9e50_0 .net "WCLK", 0 0, o0x7f167bf73c78;  0 drivers
o0x7f167bf73ca8 .functor BUFZ 1, c4<z>; HiZ drive
v0x555594bb9f20_0 .net "WCLKE", 0 0, o0x7f167bf73ca8;  0 drivers
o0x7f167bf73cd8 .functor BUFZ 16, c4<zzzzzzzzzzzzzzzz>; HiZ drive
v0x555594bb9ff0_0 .net "WDATA", 15 0, o0x7f167bf73cd8;  0 drivers
o0x7f167bf73d38 .functor BUFZ 1, c4<z>; HiZ drive
v0x555594bba0c0_0 .net "WE", 0 0, o0x7f167bf73d38;  0 drivers
S_0x555594bb6030 .scope module, "RAM" "SB_RAM40_4K" 3 1781, 3 1487 0, S_0x555594af6600;
 .timescale -12 -12;
    .port_info 0 /OUTPUT 16 "RDATA";
    .port_info 1 /INPUT 1 "RCLK";
    .port_info 2 /INPUT 1 "RCLKE";
    .port_info 3 /INPUT 1 "RE";
    .port_info 4 /INPUT 11 "RADDR";
    .port_info 5 /INPUT 1 "WCLK";
    .port_info 6 /INPUT 1 "WCLKE";
    .port_info 7 /INPUT 1 "WE";
    .port_info 8 /INPUT 11 "WADDR";
    .port_info 9 /INPUT 16 "MASK";
    .port_info 10 /INPUT 16 "WDATA";
P_0x555594bb61e0 .param/l "INIT_0" 0 3 1507, C4<0000000000000000000000000000000000000000000000000000000000000000000000000000000000000000000000000000000000000000000000000000000000000000000000000000000000000000000000000000000000000000000000000000000000000000000000000000000000000000000000000000000000000000>;
P_0x555594bb6220 .param/l "INIT_1" 0 3 1508, C4<0000000000000000000000000000000000000000000000000000000000000000000000000000000000000000000000000000000000000000000000000000000000000000000000000000000000000000000000000000000000000000000000000000000000000000000000000000000000000000000000000000000000000000>;
P_0x555594bb6260 .param/l "INIT_2" 0 3 1509, C4<0000000000000000000000000000000000000000000000000000000000000000000000000000000000000000000000000000000000000000000000000000000000000000000000000000000000000000000000000000000000000000000000000000000000000000000000000000000000000000000000000000000000000000>;
P_0x555594bb62a0 .param/l "INIT_3" 0 3 1510, C4<0000000000000000000000000000000000000000000000000000000000000000000000000000000000000000000000000000000000000000000000000000000000000000000000000000000000000000000000000000000000000000000000000000000000000000000000000000000000000000000000000000000000000000>;
P_0x555594bb62e0 .param/l "INIT_4" 0 3 1511, C4<0000000000000000000000000000000000000000000000000000000000000000000000000000000000000000000000000000000000000000000000000000000000000000000000000000000000000000000000000000000000000000000000000000000000000000000000000000000000000000000000000000000000000000>;
P_0x555594bb6320 .param/l "INIT_5" 0 3 1512, C4<0000000000000000000000000000000000000000000000000000000000000000000000000000000000000000000000000000000000000000000000000000000000000000000000000000000000000000000000000000000000000000000000000000000000000000000000000000000000000000000000000000000000000000>;
P_0x555594bb6360 .param/l "INIT_6" 0 3 1513, C4<0000000000000000000000000000000000000000000000000000000000000000000000000000000000000000000000000000000000000000000000000000000000000000000000000000000000000000000000000000000000000000000000000000000000000000000000000000000000000000000000000000000000000000>;
P_0x555594bb63a0 .param/l "INIT_7" 0 3 1514, C4<0000000000000000000000000000000000000000000000000000000000000000000000000000000000000000000000000000000000000000000000000000000000000000000000000000000000000000000000000000000000000000000000000000000000000000000000000000000000000000000000000000000000000000>;
P_0x555594bb63e0 .param/l "INIT_8" 0 3 1515, C4<0000000000000000000000000000000000000000000000000000000000000000000000000000000000000000000000000000000000000000000000000000000000000000000000000000000000000000000000000000000000000000000000000000000000000000000000000000000000000000000000000000000000000000>;
P_0x555594bb6420 .param/l "INIT_9" 0 3 1516, C4<0000000000000000000000000000000000000000000000000000000000000000000000000000000000000000000000000000000000000000000000000000000000000000000000000000000000000000000000000000000000000000000000000000000000000000000000000000000000000000000000000000000000000000>;
P_0x555594bb6460 .param/l "INIT_A" 0 3 1517, C4<0000000000000000000000000000000000000000000000000000000000000000000000000000000000000000000000000000000000000000000000000000000000000000000000000000000000000000000000000000000000000000000000000000000000000000000000000000000000000000000000000000000000000000>;
P_0x555594bb64a0 .param/l "INIT_B" 0 3 1518, C4<0000000000000000000000000000000000000000000000000000000000000000000000000000000000000000000000000000000000000000000000000000000000000000000000000000000000000000000000000000000000000000000000000000000000000000000000000000000000000000000000000000000000000000>;
P_0x555594bb64e0 .param/l "INIT_C" 0 3 1519, C4<0000000000000000000000000000000000000000000000000000000000000000000000000000000000000000000000000000000000000000000000000000000000000000000000000000000000000000000000000000000000000000000000000000000000000000000000000000000000000000000000000000000000000000>;
P_0x555594bb6520 .param/l "INIT_D" 0 3 1520, C4<0000000000000000000000000000000000000000000000000000000000000000000000000000000000000000000000000000000000000000000000000000000000000000000000000000000000000000000000000000000000000000000000000000000000000000000000000000000000000000000000000000000000000000>;
P_0x555594bb6560 .param/l "INIT_E" 0 3 1521, C4<0000000000000000000000000000000000000000000000000000000000000000000000000000000000000000000000000000000000000000000000000000000000000000000000000000000000000000000000000000000000000000000000000000000000000000000000000000000000000000000000000000000000000000>;
P_0x555594bb65a0 .param/l "INIT_F" 0 3 1522, C4<0000000000000000000000000000000000000000000000000000000000000000000000000000000000000000000000000000000000000000000000000000000000000000000000000000000000000000000000000000000000000000000000000000000000000000000000000000000000000000000000000000000000000000>;
P_0x555594bb65e0 .param/str "INIT_FILE" 0 3 1524, "\000";
P_0x555594bb6620 .param/l "READ_MODE" 0 3 1505, +C4<00000000000000000000000000000000>;
P_0x555594bb6660 .param/l "WRITE_MODE" 0 3 1504, +C4<00000000000000000000000000000000>;
v0x555594bb87b0_0 .net "MASK", 15 0, o0x7f167bf73ac8;  alias, 0 drivers
v0x555594bb8870_0 .net "RADDR", 10 0, o0x7f167bf73af8;  alias, 0 drivers
v0x555594bb8950_0 .net "RCLK", 0 0, L_0x555594bea910;  1 drivers
v0x555594bb8a20_0 .net "RCLKE", 0 0, o0x7f167bf73b58;  alias, 0 drivers
v0x555594bb8ae0_0 .net "RDATA", 15 0, L_0x555594bea850;  alias, 1 drivers
v0x555594bb8c10_0 .var "RDATA_I", 15 0;
v0x555594bb8cf0_0 .net "RE", 0 0, o0x7f167bf73be8;  alias, 0 drivers
L_0x7f167bbb7b10 .functor BUFT 1, C4<0000000000000000>, C4<0>, C4<0>, C4<0>;
v0x555594bb8db0_0 .net "RMASK_I", 15 0, L_0x7f167bbb7b10;  1 drivers
v0x555594bb8e90_0 .net "WADDR", 10 0, o0x7f167bf73c48;  alias, 0 drivers
v0x555594bb8f70_0 .net "WCLK", 0 0, o0x7f167bf73c78;  alias, 0 drivers
v0x555594bb9030_0 .net "WCLKE", 0 0, o0x7f167bf73ca8;  alias, 0 drivers
v0x555594bb90f0_0 .net "WDATA", 15 0, o0x7f167bf73cd8;  alias, 0 drivers
v0x555594bb91d0_0 .net "WDATA_I", 15 0, L_0x555594bea790;  1 drivers
v0x555594bb92b0_0 .net "WE", 0 0, o0x7f167bf73d38;  alias, 0 drivers
v0x555594bb9370_0 .net "WMASK_I", 15 0, L_0x555594bea6d0;  1 drivers
v0x555594bb9450_0 .var/i "i", 31 0;
v0x555594bb9530 .array "memory", 255 0, 15 0;
E_0x555594bb7ee0 .event posedge, v0x555594bb8950_0;
E_0x555594bb7f60 .event posedge, v0x555594bb8f70_0;
S_0x555594bb7fc0 .scope generate, "genblk1" "genblk1" 3 1534, 3 1534 0, S_0x555594bb6030;
 .timescale -12 -12;
L_0x555594bea6d0 .functor BUFZ 16, o0x7f167bf73ac8, C4<0000000000000000>, C4<0000000000000000>, C4<0000000000000000>;
S_0x555594bb81c0 .scope generate, "genblk2" "genblk2" 3 1555, 3 1555 0, S_0x555594bb6030;
 .timescale -12 -12;
S_0x555594bb83c0 .scope generate, "genblk3" "genblk3" 3 1576, 3 1576 0, S_0x555594bb6030;
 .timescale -12 -12;
L_0x555594bea790 .functor BUFZ 16, o0x7f167bf73cd8, C4<0000000000000000>, C4<0000000000000000>, C4<0000000000000000>;
S_0x555594bb85d0 .scope generate, "genblk4" "genblk4" 3 1595, 3 1595 0, S_0x555594bb6030;
 .timescale -12 -12;
L_0x555594bea850 .functor BUFZ 16, v0x555594bb8c10_0, C4<0000000000000000>, C4<0000000000000000>, C4<0000000000000000>;
S_0x555594a11000 .scope module, "SB_RAM40_4KNRNW" "SB_RAM40_4KNRNW" 3 1998;
 .timescale -12 -12;
    .port_info 0 /OUTPUT 16 "RDATA";
    .port_info 1 /INPUT 1 "RCLKN";
    .port_info 2 /INPUT 1 "RCLKE";
    .port_info 3 /INPUT 1 "RE";
    .port_info 4 /INPUT 11 "RADDR";
    .port_info 5 /INPUT 1 "WCLKN";
    .port_info 6 /INPUT 1 "WCLKE";
    .port_info 7 /INPUT 1 "WE";
    .port_info 8 /INPUT 11 "WADDR";
    .port_info 9 /INPUT 16 "MASK";
    .port_info 10 /INPUT 16 "WDATA";
P_0x5555949d8f50 .param/l "INIT_0" 0 3 2014, C4<0000000000000000000000000000000000000000000000000000000000000000000000000000000000000000000000000000000000000000000000000000000000000000000000000000000000000000000000000000000000000000000000000000000000000000000000000000000000000000000000000000000000000000>;
P_0x5555949d8f90 .param/l "INIT_1" 0 3 2015, C4<0000000000000000000000000000000000000000000000000000000000000000000000000000000000000000000000000000000000000000000000000000000000000000000000000000000000000000000000000000000000000000000000000000000000000000000000000000000000000000000000000000000000000000>;
P_0x5555949d8fd0 .param/l "INIT_2" 0 3 2016, C4<0000000000000000000000000000000000000000000000000000000000000000000000000000000000000000000000000000000000000000000000000000000000000000000000000000000000000000000000000000000000000000000000000000000000000000000000000000000000000000000000000000000000000000>;
P_0x5555949d9010 .param/l "INIT_3" 0 3 2017, C4<0000000000000000000000000000000000000000000000000000000000000000000000000000000000000000000000000000000000000000000000000000000000000000000000000000000000000000000000000000000000000000000000000000000000000000000000000000000000000000000000000000000000000000>;
P_0x5555949d9050 .param/l "INIT_4" 0 3 2018, C4<0000000000000000000000000000000000000000000000000000000000000000000000000000000000000000000000000000000000000000000000000000000000000000000000000000000000000000000000000000000000000000000000000000000000000000000000000000000000000000000000000000000000000000>;
P_0x5555949d9090 .param/l "INIT_5" 0 3 2019, C4<0000000000000000000000000000000000000000000000000000000000000000000000000000000000000000000000000000000000000000000000000000000000000000000000000000000000000000000000000000000000000000000000000000000000000000000000000000000000000000000000000000000000000000>;
P_0x5555949d90d0 .param/l "INIT_6" 0 3 2020, C4<0000000000000000000000000000000000000000000000000000000000000000000000000000000000000000000000000000000000000000000000000000000000000000000000000000000000000000000000000000000000000000000000000000000000000000000000000000000000000000000000000000000000000000>;
P_0x5555949d9110 .param/l "INIT_7" 0 3 2021, C4<0000000000000000000000000000000000000000000000000000000000000000000000000000000000000000000000000000000000000000000000000000000000000000000000000000000000000000000000000000000000000000000000000000000000000000000000000000000000000000000000000000000000000000>;
P_0x5555949d9150 .param/l "INIT_8" 0 3 2022, C4<0000000000000000000000000000000000000000000000000000000000000000000000000000000000000000000000000000000000000000000000000000000000000000000000000000000000000000000000000000000000000000000000000000000000000000000000000000000000000000000000000000000000000000>;
P_0x5555949d9190 .param/l "INIT_9" 0 3 2023, C4<0000000000000000000000000000000000000000000000000000000000000000000000000000000000000000000000000000000000000000000000000000000000000000000000000000000000000000000000000000000000000000000000000000000000000000000000000000000000000000000000000000000000000000>;
P_0x5555949d91d0 .param/l "INIT_A" 0 3 2024, C4<0000000000000000000000000000000000000000000000000000000000000000000000000000000000000000000000000000000000000000000000000000000000000000000000000000000000000000000000000000000000000000000000000000000000000000000000000000000000000000000000000000000000000000>;
P_0x5555949d9210 .param/l "INIT_B" 0 3 2025, C4<0000000000000000000000000000000000000000000000000000000000000000000000000000000000000000000000000000000000000000000000000000000000000000000000000000000000000000000000000000000000000000000000000000000000000000000000000000000000000000000000000000000000000000>;
P_0x5555949d9250 .param/l "INIT_C" 0 3 2026, C4<0000000000000000000000000000000000000000000000000000000000000000000000000000000000000000000000000000000000000000000000000000000000000000000000000000000000000000000000000000000000000000000000000000000000000000000000000000000000000000000000000000000000000000>;
P_0x5555949d9290 .param/l "INIT_D" 0 3 2027, C4<0000000000000000000000000000000000000000000000000000000000000000000000000000000000000000000000000000000000000000000000000000000000000000000000000000000000000000000000000000000000000000000000000000000000000000000000000000000000000000000000000000000000000000>;
P_0x5555949d92d0 .param/l "INIT_E" 0 3 2028, C4<0000000000000000000000000000000000000000000000000000000000000000000000000000000000000000000000000000000000000000000000000000000000000000000000000000000000000000000000000000000000000000000000000000000000000000000000000000000000000000000000000000000000000000>;
P_0x5555949d9310 .param/l "INIT_F" 0 3 2029, C4<0000000000000000000000000000000000000000000000000000000000000000000000000000000000000000000000000000000000000000000000000000000000000000000000000000000000000000000000000000000000000000000000000000000000000000000000000000000000000000000000000000000000000000>;
P_0x5555949d9350 .param/str "INIT_FILE" 0 3 2031, "\000";
P_0x5555949d9390 .param/l "READ_MODE" 0 3 2012, +C4<00000000000000000000000000000000>;
P_0x5555949d93d0 .param/l "WRITE_MODE" 0 3 2011, +C4<00000000000000000000000000000000>;
o0x7f167bf74728 .functor BUFZ 1, c4<z>; HiZ drive
L_0x555594beabf0 .functor NOT 1, o0x7f167bf74728, C4<0>, C4<0>, C4<0>;
o0x7f167bf74758 .functor BUFZ 1, c4<z>; HiZ drive
L_0x555594beac90 .functor NOT 1, o0x7f167bf74758, C4<0>, C4<0>, C4<0>;
o0x7f167bf74218 .functor BUFZ 16, c4<zzzzzzzzzzzzzzzz>; HiZ drive
v0x555594bbdc00_0 .net "MASK", 15 0, o0x7f167bf74218;  0 drivers
o0x7f167bf74248 .functor BUFZ 11, c4<zzzzzzzzzzz>; HiZ drive
v0x555594bbdce0_0 .net "RADDR", 10 0, o0x7f167bf74248;  0 drivers
o0x7f167bf742a8 .functor BUFZ 1, c4<z>; HiZ drive
v0x555594bbddb0_0 .net "RCLKE", 0 0, o0x7f167bf742a8;  0 drivers
v0x555594bbdeb0_0 .net "RCLKN", 0 0, o0x7f167bf74728;  0 drivers
v0x555594bbdf50_0 .net "RDATA", 15 0, L_0x555594beab30;  1 drivers
o0x7f167bf74338 .functor BUFZ 1, c4<z>; HiZ drive
v0x555594bbdff0_0 .net "RE", 0 0, o0x7f167bf74338;  0 drivers
o0x7f167bf74398 .functor BUFZ 11, c4<zzzzzzzzzzz>; HiZ drive
v0x555594bbe0c0_0 .net "WADDR", 10 0, o0x7f167bf74398;  0 drivers
o0x7f167bf743f8 .functor BUFZ 1, c4<z>; HiZ drive
v0x555594bbe190_0 .net "WCLKE", 0 0, o0x7f167bf743f8;  0 drivers
v0x555594bbe260_0 .net "WCLKN", 0 0, o0x7f167bf74758;  0 drivers
o0x7f167bf74428 .functor BUFZ 16, c4<zzzzzzzzzzzzzzzz>; HiZ drive
v0x555594bbe300_0 .net "WDATA", 15 0, o0x7f167bf74428;  0 drivers
o0x7f167bf74488 .functor BUFZ 1, c4<z>; HiZ drive
v0x555594bbe3d0_0 .net "WE", 0 0, o0x7f167bf74488;  0 drivers
S_0x555594bba230 .scope module, "RAM" "SB_RAM40_4K" 3 2053, 3 1487 0, S_0x555594a11000;
 .timescale -12 -12;
    .port_info 0 /OUTPUT 16 "RDATA";
    .port_info 1 /INPUT 1 "RCLK";
    .port_info 2 /INPUT 1 "RCLKE";
    .port_info 3 /INPUT 1 "RE";
    .port_info 4 /INPUT 11 "RADDR";
    .port_info 5 /INPUT 1 "WCLK";
    .port_info 6 /INPUT 1 "WCLKE";
    .port_info 7 /INPUT 1 "WE";
    .port_info 8 /INPUT 11 "WADDR";
    .port_info 9 /INPUT 16 "MASK";
    .port_info 10 /INPUT 16 "WDATA";
P_0x555594bba3e0 .param/l "INIT_0" 0 3 1507, C4<0000000000000000000000000000000000000000000000000000000000000000000000000000000000000000000000000000000000000000000000000000000000000000000000000000000000000000000000000000000000000000000000000000000000000000000000000000000000000000000000000000000000000000>;
P_0x555594bba420 .param/l "INIT_1" 0 3 1508, C4<0000000000000000000000000000000000000000000000000000000000000000000000000000000000000000000000000000000000000000000000000000000000000000000000000000000000000000000000000000000000000000000000000000000000000000000000000000000000000000000000000000000000000000>;
P_0x555594bba460 .param/l "INIT_2" 0 3 1509, C4<0000000000000000000000000000000000000000000000000000000000000000000000000000000000000000000000000000000000000000000000000000000000000000000000000000000000000000000000000000000000000000000000000000000000000000000000000000000000000000000000000000000000000000>;
P_0x555594bba4a0 .param/l "INIT_3" 0 3 1510, C4<0000000000000000000000000000000000000000000000000000000000000000000000000000000000000000000000000000000000000000000000000000000000000000000000000000000000000000000000000000000000000000000000000000000000000000000000000000000000000000000000000000000000000000>;
P_0x555594bba4e0 .param/l "INIT_4" 0 3 1511, C4<0000000000000000000000000000000000000000000000000000000000000000000000000000000000000000000000000000000000000000000000000000000000000000000000000000000000000000000000000000000000000000000000000000000000000000000000000000000000000000000000000000000000000000>;
P_0x555594bba520 .param/l "INIT_5" 0 3 1512, C4<0000000000000000000000000000000000000000000000000000000000000000000000000000000000000000000000000000000000000000000000000000000000000000000000000000000000000000000000000000000000000000000000000000000000000000000000000000000000000000000000000000000000000000>;
P_0x555594bba560 .param/l "INIT_6" 0 3 1513, C4<0000000000000000000000000000000000000000000000000000000000000000000000000000000000000000000000000000000000000000000000000000000000000000000000000000000000000000000000000000000000000000000000000000000000000000000000000000000000000000000000000000000000000000>;
P_0x555594bba5a0 .param/l "INIT_7" 0 3 1514, C4<0000000000000000000000000000000000000000000000000000000000000000000000000000000000000000000000000000000000000000000000000000000000000000000000000000000000000000000000000000000000000000000000000000000000000000000000000000000000000000000000000000000000000000>;
P_0x555594bba5e0 .param/l "INIT_8" 0 3 1515, C4<0000000000000000000000000000000000000000000000000000000000000000000000000000000000000000000000000000000000000000000000000000000000000000000000000000000000000000000000000000000000000000000000000000000000000000000000000000000000000000000000000000000000000000>;
P_0x555594bba620 .param/l "INIT_9" 0 3 1516, C4<0000000000000000000000000000000000000000000000000000000000000000000000000000000000000000000000000000000000000000000000000000000000000000000000000000000000000000000000000000000000000000000000000000000000000000000000000000000000000000000000000000000000000000>;
P_0x555594bba660 .param/l "INIT_A" 0 3 1517, C4<0000000000000000000000000000000000000000000000000000000000000000000000000000000000000000000000000000000000000000000000000000000000000000000000000000000000000000000000000000000000000000000000000000000000000000000000000000000000000000000000000000000000000000>;
P_0x555594bba6a0 .param/l "INIT_B" 0 3 1518, C4<0000000000000000000000000000000000000000000000000000000000000000000000000000000000000000000000000000000000000000000000000000000000000000000000000000000000000000000000000000000000000000000000000000000000000000000000000000000000000000000000000000000000000000>;
P_0x555594bba6e0 .param/l "INIT_C" 0 3 1519, C4<0000000000000000000000000000000000000000000000000000000000000000000000000000000000000000000000000000000000000000000000000000000000000000000000000000000000000000000000000000000000000000000000000000000000000000000000000000000000000000000000000000000000000000>;
P_0x555594bba720 .param/l "INIT_D" 0 3 1520, C4<0000000000000000000000000000000000000000000000000000000000000000000000000000000000000000000000000000000000000000000000000000000000000000000000000000000000000000000000000000000000000000000000000000000000000000000000000000000000000000000000000000000000000000>;
P_0x555594bba760 .param/l "INIT_E" 0 3 1521, C4<0000000000000000000000000000000000000000000000000000000000000000000000000000000000000000000000000000000000000000000000000000000000000000000000000000000000000000000000000000000000000000000000000000000000000000000000000000000000000000000000000000000000000000>;
P_0x555594bba7a0 .param/l "INIT_F" 0 3 1522, C4<0000000000000000000000000000000000000000000000000000000000000000000000000000000000000000000000000000000000000000000000000000000000000000000000000000000000000000000000000000000000000000000000000000000000000000000000000000000000000000000000000000000000000000>;
P_0x555594bba7e0 .param/str "INIT_FILE" 0 3 1524, "\000";
P_0x555594bba820 .param/l "READ_MODE" 0 3 1505, +C4<00000000000000000000000000000000>;
P_0x555594bba860 .param/l "WRITE_MODE" 0 3 1504, +C4<00000000000000000000000000000000>;
v0x555594bbcaf0_0 .net "MASK", 15 0, o0x7f167bf74218;  alias, 0 drivers
v0x555594bbcbb0_0 .net "RADDR", 10 0, o0x7f167bf74248;  alias, 0 drivers
v0x555594bbcc90_0 .net "RCLK", 0 0, L_0x555594beabf0;  1 drivers
v0x555594bbcd60_0 .net "RCLKE", 0 0, o0x7f167bf742a8;  alias, 0 drivers
v0x555594bbce20_0 .net "RDATA", 15 0, L_0x555594beab30;  alias, 1 drivers
v0x555594bbcf50_0 .var "RDATA_I", 15 0;
v0x555594bbd030_0 .net "RE", 0 0, o0x7f167bf74338;  alias, 0 drivers
L_0x7f167bbb7b58 .functor BUFT 1, C4<0000000000000000>, C4<0>, C4<0>, C4<0>;
v0x555594bbd0f0_0 .net "RMASK_I", 15 0, L_0x7f167bbb7b58;  1 drivers
v0x555594bbd1d0_0 .net "WADDR", 10 0, o0x7f167bf74398;  alias, 0 drivers
v0x555594bbd2b0_0 .net "WCLK", 0 0, L_0x555594beac90;  1 drivers
v0x555594bbd370_0 .net "WCLKE", 0 0, o0x7f167bf743f8;  alias, 0 drivers
v0x555594bbd430_0 .net "WDATA", 15 0, o0x7f167bf74428;  alias, 0 drivers
v0x555594bbd510_0 .net "WDATA_I", 15 0, L_0x555594beaa40;  1 drivers
v0x555594bbd5f0_0 .net "WE", 0 0, o0x7f167bf74488;  alias, 0 drivers
v0x555594bbd6b0_0 .net "WMASK_I", 15 0, L_0x555594bea980;  1 drivers
v0x555594bbd790_0 .var/i "i", 31 0;
v0x555594bbd870 .array "memory", 255 0, 15 0;
E_0x555594bbc220 .event posedge, v0x555594bbcc90_0;
E_0x555594bbc2a0 .event posedge, v0x555594bbd2b0_0;
S_0x555594bbc300 .scope generate, "genblk1" "genblk1" 3 1534, 3 1534 0, S_0x555594bba230;
 .timescale -12 -12;
L_0x555594bea980 .functor BUFZ 16, o0x7f167bf74218, C4<0000000000000000>, C4<0000000000000000>, C4<0000000000000000>;
S_0x555594bbc500 .scope generate, "genblk2" "genblk2" 3 1555, 3 1555 0, S_0x555594bba230;
 .timescale -12 -12;
S_0x555594bbc700 .scope generate, "genblk3" "genblk3" 3 1576, 3 1576 0, S_0x555594bba230;
 .timescale -12 -12;
L_0x555594beaa40 .functor BUFZ 16, o0x7f167bf74428, C4<0000000000000000>, C4<0000000000000000>, C4<0000000000000000>;
S_0x555594bbc910 .scope generate, "genblk4" "genblk4" 3 1595, 3 1595 0, S_0x555594bba230;
 .timescale -12 -12;
L_0x555594beab30 .functor BUFZ 16, v0x555594bbcf50_0, C4<0000000000000000>, C4<0000000000000000>, C4<0000000000000000>;
S_0x5555949e3ed0 .scope module, "SB_RAM40_4KNW" "SB_RAM40_4KNW" 3 1862;
 .timescale -12 -12;
    .port_info 0 /OUTPUT 16 "RDATA";
    .port_info 1 /INPUT 1 "RCLK";
    .port_info 2 /INPUT 1 "RCLKE";
    .port_info 3 /INPUT 1 "RE";
    .port_info 4 /INPUT 11 "RADDR";
    .port_info 5 /INPUT 1 "WCLKN";
    .port_info 6 /INPUT 1 "WCLKE";
    .port_info 7 /INPUT 1 "WE";
    .port_info 8 /INPUT 11 "WADDR";
    .port_info 9 /INPUT 16 "MASK";
    .port_info 10 /INPUT 16 "WDATA";
P_0x5555949c8f30 .param/l "INIT_0" 0 3 1878, C4<0000000000000000000000000000000000000000000000000000000000000000000000000000000000000000000000000000000000000000000000000000000000000000000000000000000000000000000000000000000000000000000000000000000000000000000000000000000000000000000000000000000000000000>;
P_0x5555949c8f70 .param/l "INIT_1" 0 3 1879, C4<0000000000000000000000000000000000000000000000000000000000000000000000000000000000000000000000000000000000000000000000000000000000000000000000000000000000000000000000000000000000000000000000000000000000000000000000000000000000000000000000000000000000000000>;
P_0x5555949c8fb0 .param/l "INIT_2" 0 3 1880, C4<0000000000000000000000000000000000000000000000000000000000000000000000000000000000000000000000000000000000000000000000000000000000000000000000000000000000000000000000000000000000000000000000000000000000000000000000000000000000000000000000000000000000000000>;
P_0x5555949c8ff0 .param/l "INIT_3" 0 3 1881, C4<0000000000000000000000000000000000000000000000000000000000000000000000000000000000000000000000000000000000000000000000000000000000000000000000000000000000000000000000000000000000000000000000000000000000000000000000000000000000000000000000000000000000000000>;
P_0x5555949c9030 .param/l "INIT_4" 0 3 1882, C4<0000000000000000000000000000000000000000000000000000000000000000000000000000000000000000000000000000000000000000000000000000000000000000000000000000000000000000000000000000000000000000000000000000000000000000000000000000000000000000000000000000000000000000>;
P_0x5555949c9070 .param/l "INIT_5" 0 3 1883, C4<0000000000000000000000000000000000000000000000000000000000000000000000000000000000000000000000000000000000000000000000000000000000000000000000000000000000000000000000000000000000000000000000000000000000000000000000000000000000000000000000000000000000000000>;
P_0x5555949c90b0 .param/l "INIT_6" 0 3 1884, C4<0000000000000000000000000000000000000000000000000000000000000000000000000000000000000000000000000000000000000000000000000000000000000000000000000000000000000000000000000000000000000000000000000000000000000000000000000000000000000000000000000000000000000000>;
P_0x5555949c90f0 .param/l "INIT_7" 0 3 1885, C4<0000000000000000000000000000000000000000000000000000000000000000000000000000000000000000000000000000000000000000000000000000000000000000000000000000000000000000000000000000000000000000000000000000000000000000000000000000000000000000000000000000000000000000>;
P_0x5555949c9130 .param/l "INIT_8" 0 3 1886, C4<0000000000000000000000000000000000000000000000000000000000000000000000000000000000000000000000000000000000000000000000000000000000000000000000000000000000000000000000000000000000000000000000000000000000000000000000000000000000000000000000000000000000000000>;
P_0x5555949c9170 .param/l "INIT_9" 0 3 1887, C4<0000000000000000000000000000000000000000000000000000000000000000000000000000000000000000000000000000000000000000000000000000000000000000000000000000000000000000000000000000000000000000000000000000000000000000000000000000000000000000000000000000000000000000>;
P_0x5555949c91b0 .param/l "INIT_A" 0 3 1888, C4<0000000000000000000000000000000000000000000000000000000000000000000000000000000000000000000000000000000000000000000000000000000000000000000000000000000000000000000000000000000000000000000000000000000000000000000000000000000000000000000000000000000000000000>;
P_0x5555949c91f0 .param/l "INIT_B" 0 3 1889, C4<0000000000000000000000000000000000000000000000000000000000000000000000000000000000000000000000000000000000000000000000000000000000000000000000000000000000000000000000000000000000000000000000000000000000000000000000000000000000000000000000000000000000000000>;
P_0x5555949c9230 .param/l "INIT_C" 0 3 1890, C4<0000000000000000000000000000000000000000000000000000000000000000000000000000000000000000000000000000000000000000000000000000000000000000000000000000000000000000000000000000000000000000000000000000000000000000000000000000000000000000000000000000000000000000>;
P_0x5555949c9270 .param/l "INIT_D" 0 3 1891, C4<0000000000000000000000000000000000000000000000000000000000000000000000000000000000000000000000000000000000000000000000000000000000000000000000000000000000000000000000000000000000000000000000000000000000000000000000000000000000000000000000000000000000000000>;
P_0x5555949c92b0 .param/l "INIT_E" 0 3 1892, C4<0000000000000000000000000000000000000000000000000000000000000000000000000000000000000000000000000000000000000000000000000000000000000000000000000000000000000000000000000000000000000000000000000000000000000000000000000000000000000000000000000000000000000000>;
P_0x5555949c92f0 .param/l "INIT_F" 0 3 1893, C4<0000000000000000000000000000000000000000000000000000000000000000000000000000000000000000000000000000000000000000000000000000000000000000000000000000000000000000000000000000000000000000000000000000000000000000000000000000000000000000000000000000000000000000>;
P_0x5555949c9330 .param/str "INIT_FILE" 0 3 1895, "\000";
P_0x5555949c9370 .param/l "READ_MODE" 0 3 1876, +C4<00000000000000000000000000000000>;
P_0x5555949c93b0 .param/l "WRITE_MODE" 0 3 1875, +C4<00000000000000000000000000000000>;
o0x7f167bf74ea8 .functor BUFZ 1, c4<z>; HiZ drive
L_0x555594beb000 .functor NOT 1, o0x7f167bf74ea8, C4<0>, C4<0>, C4<0>;
o0x7f167bf74998 .functor BUFZ 16, c4<zzzzzzzzzzzzzzzz>; HiZ drive
v0x555594bc1f50_0 .net "MASK", 15 0, o0x7f167bf74998;  0 drivers
o0x7f167bf749c8 .functor BUFZ 11, c4<zzzzzzzzzzz>; HiZ drive
v0x555594bc2030_0 .net "RADDR", 10 0, o0x7f167bf749c8;  0 drivers
o0x7f167bf749f8 .functor BUFZ 1, c4<z>; HiZ drive
v0x555594bc2100_0 .net "RCLK", 0 0, o0x7f167bf749f8;  0 drivers
o0x7f167bf74a28 .functor BUFZ 1, c4<z>; HiZ drive
v0x555594bc2200_0 .net "RCLKE", 0 0, o0x7f167bf74a28;  0 drivers
v0x555594bc22d0_0 .net "RDATA", 15 0, L_0x555594beaf40;  1 drivers
o0x7f167bf74ab8 .functor BUFZ 1, c4<z>; HiZ drive
v0x555594bc2370_0 .net "RE", 0 0, o0x7f167bf74ab8;  0 drivers
o0x7f167bf74b18 .functor BUFZ 11, c4<zzzzzzzzzzz>; HiZ drive
v0x555594bc2440_0 .net "WADDR", 10 0, o0x7f167bf74b18;  0 drivers
o0x7f167bf74b78 .functor BUFZ 1, c4<z>; HiZ drive
v0x555594bc2510_0 .net "WCLKE", 0 0, o0x7f167bf74b78;  0 drivers
v0x555594bc25e0_0 .net "WCLKN", 0 0, o0x7f167bf74ea8;  0 drivers
o0x7f167bf74ba8 .functor BUFZ 16, c4<zzzzzzzzzzzzzzzz>; HiZ drive
v0x555594bc2680_0 .net "WDATA", 15 0, o0x7f167bf74ba8;  0 drivers
o0x7f167bf74c08 .functor BUFZ 1, c4<z>; HiZ drive
v0x555594bc2750_0 .net "WE", 0 0, o0x7f167bf74c08;  0 drivers
S_0x555594bbe580 .scope module, "RAM" "SB_RAM40_4K" 3 1917, 3 1487 0, S_0x5555949e3ed0;
 .timescale -12 -12;
    .port_info 0 /OUTPUT 16 "RDATA";
    .port_info 1 /INPUT 1 "RCLK";
    .port_info 2 /INPUT 1 "RCLKE";
    .port_info 3 /INPUT 1 "RE";
    .port_info 4 /INPUT 11 "RADDR";
    .port_info 5 /INPUT 1 "WCLK";
    .port_info 6 /INPUT 1 "WCLKE";
    .port_info 7 /INPUT 1 "WE";
    .port_info 8 /INPUT 11 "WADDR";
    .port_info 9 /INPUT 16 "MASK";
    .port_info 10 /INPUT 16 "WDATA";
P_0x555594bbe730 .param/l "INIT_0" 0 3 1507, C4<0000000000000000000000000000000000000000000000000000000000000000000000000000000000000000000000000000000000000000000000000000000000000000000000000000000000000000000000000000000000000000000000000000000000000000000000000000000000000000000000000000000000000000>;
P_0x555594bbe770 .param/l "INIT_1" 0 3 1508, C4<0000000000000000000000000000000000000000000000000000000000000000000000000000000000000000000000000000000000000000000000000000000000000000000000000000000000000000000000000000000000000000000000000000000000000000000000000000000000000000000000000000000000000000>;
P_0x555594bbe7b0 .param/l "INIT_2" 0 3 1509, C4<0000000000000000000000000000000000000000000000000000000000000000000000000000000000000000000000000000000000000000000000000000000000000000000000000000000000000000000000000000000000000000000000000000000000000000000000000000000000000000000000000000000000000000>;
P_0x555594bbe7f0 .param/l "INIT_3" 0 3 1510, C4<0000000000000000000000000000000000000000000000000000000000000000000000000000000000000000000000000000000000000000000000000000000000000000000000000000000000000000000000000000000000000000000000000000000000000000000000000000000000000000000000000000000000000000>;
P_0x555594bbe830 .param/l "INIT_4" 0 3 1511, C4<0000000000000000000000000000000000000000000000000000000000000000000000000000000000000000000000000000000000000000000000000000000000000000000000000000000000000000000000000000000000000000000000000000000000000000000000000000000000000000000000000000000000000000>;
P_0x555594bbe870 .param/l "INIT_5" 0 3 1512, C4<0000000000000000000000000000000000000000000000000000000000000000000000000000000000000000000000000000000000000000000000000000000000000000000000000000000000000000000000000000000000000000000000000000000000000000000000000000000000000000000000000000000000000000>;
P_0x555594bbe8b0 .param/l "INIT_6" 0 3 1513, C4<0000000000000000000000000000000000000000000000000000000000000000000000000000000000000000000000000000000000000000000000000000000000000000000000000000000000000000000000000000000000000000000000000000000000000000000000000000000000000000000000000000000000000000>;
P_0x555594bbe8f0 .param/l "INIT_7" 0 3 1514, C4<0000000000000000000000000000000000000000000000000000000000000000000000000000000000000000000000000000000000000000000000000000000000000000000000000000000000000000000000000000000000000000000000000000000000000000000000000000000000000000000000000000000000000000>;
P_0x555594bbe930 .param/l "INIT_8" 0 3 1515, C4<0000000000000000000000000000000000000000000000000000000000000000000000000000000000000000000000000000000000000000000000000000000000000000000000000000000000000000000000000000000000000000000000000000000000000000000000000000000000000000000000000000000000000000>;
P_0x555594bbe970 .param/l "INIT_9" 0 3 1516, C4<0000000000000000000000000000000000000000000000000000000000000000000000000000000000000000000000000000000000000000000000000000000000000000000000000000000000000000000000000000000000000000000000000000000000000000000000000000000000000000000000000000000000000000>;
P_0x555594bbe9b0 .param/l "INIT_A" 0 3 1517, C4<0000000000000000000000000000000000000000000000000000000000000000000000000000000000000000000000000000000000000000000000000000000000000000000000000000000000000000000000000000000000000000000000000000000000000000000000000000000000000000000000000000000000000000>;
P_0x555594bbe9f0 .param/l "INIT_B" 0 3 1518, C4<0000000000000000000000000000000000000000000000000000000000000000000000000000000000000000000000000000000000000000000000000000000000000000000000000000000000000000000000000000000000000000000000000000000000000000000000000000000000000000000000000000000000000000>;
P_0x555594bbea30 .param/l "INIT_C" 0 3 1519, C4<0000000000000000000000000000000000000000000000000000000000000000000000000000000000000000000000000000000000000000000000000000000000000000000000000000000000000000000000000000000000000000000000000000000000000000000000000000000000000000000000000000000000000000>;
P_0x555594bbea70 .param/l "INIT_D" 0 3 1520, C4<0000000000000000000000000000000000000000000000000000000000000000000000000000000000000000000000000000000000000000000000000000000000000000000000000000000000000000000000000000000000000000000000000000000000000000000000000000000000000000000000000000000000000000>;
P_0x555594bbeab0 .param/l "INIT_E" 0 3 1521, C4<0000000000000000000000000000000000000000000000000000000000000000000000000000000000000000000000000000000000000000000000000000000000000000000000000000000000000000000000000000000000000000000000000000000000000000000000000000000000000000000000000000000000000000>;
P_0x555594bbeaf0 .param/l "INIT_F" 0 3 1522, C4<0000000000000000000000000000000000000000000000000000000000000000000000000000000000000000000000000000000000000000000000000000000000000000000000000000000000000000000000000000000000000000000000000000000000000000000000000000000000000000000000000000000000000000>;
P_0x555594bbeb30 .param/str "INIT_FILE" 0 3 1524, "\000";
P_0x555594bbeb70 .param/l "READ_MODE" 0 3 1505, +C4<00000000000000000000000000000000>;
P_0x555594bbebb0 .param/l "WRITE_MODE" 0 3 1504, +C4<00000000000000000000000000000000>;
v0x555594bc0e40_0 .net "MASK", 15 0, o0x7f167bf74998;  alias, 0 drivers
v0x555594bc0f00_0 .net "RADDR", 10 0, o0x7f167bf749c8;  alias, 0 drivers
v0x555594bc0fe0_0 .net "RCLK", 0 0, o0x7f167bf749f8;  alias, 0 drivers
v0x555594bc10b0_0 .net "RCLKE", 0 0, o0x7f167bf74a28;  alias, 0 drivers
v0x555594bc1170_0 .net "RDATA", 15 0, L_0x555594beaf40;  alias, 1 drivers
v0x555594bc12a0_0 .var "RDATA_I", 15 0;
v0x555594bc1380_0 .net "RE", 0 0, o0x7f167bf74ab8;  alias, 0 drivers
L_0x7f167bbb7ba0 .functor BUFT 1, C4<0000000000000000>, C4<0>, C4<0>, C4<0>;
v0x555594bc1440_0 .net "RMASK_I", 15 0, L_0x7f167bbb7ba0;  1 drivers
v0x555594bc1520_0 .net "WADDR", 10 0, o0x7f167bf74b18;  alias, 0 drivers
v0x555594bc1600_0 .net "WCLK", 0 0, L_0x555594beb000;  1 drivers
v0x555594bc16c0_0 .net "WCLKE", 0 0, o0x7f167bf74b78;  alias, 0 drivers
v0x555594bc1780_0 .net "WDATA", 15 0, o0x7f167bf74ba8;  alias, 0 drivers
v0x555594bc1860_0 .net "WDATA_I", 15 0, L_0x555594beae50;  1 drivers
v0x555594bc1940_0 .net "WE", 0 0, o0x7f167bf74c08;  alias, 0 drivers
v0x555594bc1a00_0 .net "WMASK_I", 15 0, L_0x555594bead60;  1 drivers
v0x555594bc1ae0_0 .var/i "i", 31 0;
v0x555594bc1bc0 .array "memory", 255 0, 15 0;
E_0x555594bc0570 .event posedge, v0x555594bc0fe0_0;
E_0x555594bc05f0 .event posedge, v0x555594bc1600_0;
S_0x555594bc0650 .scope generate, "genblk1" "genblk1" 3 1534, 3 1534 0, S_0x555594bbe580;
 .timescale -12 -12;
L_0x555594bead60 .functor BUFZ 16, o0x7f167bf74998, C4<0000000000000000>, C4<0000000000000000>, C4<0000000000000000>;
S_0x555594bc0850 .scope generate, "genblk2" "genblk2" 3 1555, 3 1555 0, S_0x555594bbe580;
 .timescale -12 -12;
S_0x555594bc0a50 .scope generate, "genblk3" "genblk3" 3 1576, 3 1576 0, S_0x555594bbe580;
 .timescale -12 -12;
L_0x555594beae50 .functor BUFZ 16, o0x7f167bf74ba8, C4<0000000000000000>, C4<0000000000000000>, C4<0000000000000000>;
S_0x555594bc0c60 .scope generate, "genblk4" "genblk4" 3 1595, 3 1595 0, S_0x555594bbe580;
 .timescale -12 -12;
L_0x555594beaf40 .functor BUFZ 16, v0x555594bc12a0_0, C4<0000000000000000>, C4<0000000000000000>, C4<0000000000000000>;
S_0x5555949e3430 .scope module, "SB_RGBA_DRV" "SB_RGBA_DRV" 3 2692;
 .timescale -12 -12;
    .port_info 0 /INPUT 1 "CURREN";
    .port_info 1 /INPUT 1 "RGBLEDEN";
    .port_info 2 /INPUT 1 "RGB0PWM";
    .port_info 3 /INPUT 1 "RGB1PWM";
    .port_info 4 /INPUT 1 "RGB2PWM";
    .port_info 5 /OUTPUT 1 "RGB0";
    .port_info 6 /OUTPUT 1 "RGB1";
    .port_info 7 /OUTPUT 1 "RGB2";
P_0x5555949e35c0 .param/str "CURRENT_MODE" 0 3 2702, "0b0";
P_0x5555949e3600 .param/str "RGB0_CURRENT" 0 3 2703, "0b000000";
P_0x5555949e3640 .param/str "RGB1_CURRENT" 0 3 2704, "0b000000";
P_0x5555949e3680 .param/str "RGB2_CURRENT" 0 3 2705, "0b000000";
o0x7f167bf750e8 .functor BUFZ 1, c4<z>; HiZ drive
v0x555594bc28c0_0 .net "CURREN", 0 0, o0x7f167bf750e8;  0 drivers
o0x7f167bf75118 .functor BUFZ 1, c4<z>; HiZ drive
v0x555594bc29a0_0 .net "RGB0", 0 0, o0x7f167bf75118;  0 drivers
o0x7f167bf75148 .functor BUFZ 1, c4<z>; HiZ drive
v0x555594bc2a60_0 .net "RGB0PWM", 0 0, o0x7f167bf75148;  0 drivers
o0x7f167bf75178 .functor BUFZ 1, c4<z>; HiZ drive
v0x555594bc2b30_0 .net "RGB1", 0 0, o0x7f167bf75178;  0 drivers
o0x7f167bf751a8 .functor BUFZ 1, c4<z>; HiZ drive
v0x555594bc2bf0_0 .net "RGB1PWM", 0 0, o0x7f167bf751a8;  0 drivers
o0x7f167bf751d8 .functor BUFZ 1, c4<z>; HiZ drive
v0x555594bc2cb0_0 .net "RGB2", 0 0, o0x7f167bf751d8;  0 drivers
o0x7f167bf75208 .functor BUFZ 1, c4<z>; HiZ drive
v0x555594bc2d70_0 .net "RGB2PWM", 0 0, o0x7f167bf75208;  0 drivers
o0x7f167bf75238 .functor BUFZ 1, c4<z>; HiZ drive
v0x555594bc2e30_0 .net "RGBLEDEN", 0 0, o0x7f167bf75238;  0 drivers
S_0x5555949e5d80 .scope module, "SB_RGB_DRV" "SB_RGB_DRV" 3 2716;
 .timescale -12 -12;
    .port_info 0 /INPUT 1 "RGBLEDEN";
    .port_info 1 /INPUT 1 "RGB0PWM";
    .port_info 2 /INPUT 1 "RGB1PWM";
    .port_info 3 /INPUT 1 "RGB2PWM";
    .port_info 4 /INPUT 1 "RGBPU";
    .port_info 5 /OUTPUT 1 "RGB0";
    .port_info 6 /OUTPUT 1 "RGB1";
    .port_info 7 /OUTPUT 1 "RGB2";
P_0x5555949e5f10 .param/str "CURRENT_MODE" 0 3 2726, "0b0";
P_0x5555949e5f50 .param/str "RGB0_CURRENT" 0 3 2727, "0b000000";
P_0x5555949e5f90 .param/str "RGB1_CURRENT" 0 3 2728, "0b000000";
P_0x5555949e5fd0 .param/str "RGB2_CURRENT" 0 3 2729, "0b000000";
o0x7f167bf753e8 .functor BUFZ 1, c4<z>; HiZ drive
v0x555594bc3040_0 .net "RGB0", 0 0, o0x7f167bf753e8;  0 drivers
o0x7f167bf75418 .functor BUFZ 1, c4<z>; HiZ drive
v0x555594bc3120_0 .net "RGB0PWM", 0 0, o0x7f167bf75418;  0 drivers
o0x7f167bf75448 .functor BUFZ 1, c4<z>; HiZ drive
v0x555594bc31e0_0 .net "RGB1", 0 0, o0x7f167bf75448;  0 drivers
o0x7f167bf75478 .functor BUFZ 1, c4<z>; HiZ drive
v0x555594bc3280_0 .net "RGB1PWM", 0 0, o0x7f167bf75478;  0 drivers
o0x7f167bf754a8 .functor BUFZ 1, c4<z>; HiZ drive
v0x555594bc3340_0 .net "RGB2", 0 0, o0x7f167bf754a8;  0 drivers
o0x7f167bf754d8 .functor BUFZ 1, c4<z>; HiZ drive
v0x555594bc3400_0 .net "RGB2PWM", 0 0, o0x7f167bf754d8;  0 drivers
o0x7f167bf75508 .functor BUFZ 1, c4<z>; HiZ drive
v0x555594bc34c0_0 .net "RGBLEDEN", 0 0, o0x7f167bf75508;  0 drivers
o0x7f167bf75538 .functor BUFZ 1, c4<z>; HiZ drive
v0x555594bc3580_0 .net "RGBPU", 0 0, o0x7f167bf75538;  0 drivers
S_0x5555949f5ca0 .scope module, "SB_SPI" "SB_SPI" 3 2776;
 .timescale -12 -12;
    .port_info 0 /INPUT 1 "SBCLKI";
    .port_info 1 /INPUT 1 "SBRWI";
    .port_info 2 /INPUT 1 "SBSTBI";
    .port_info 3 /INPUT 1 "SBADRI7";
    .port_info 4 /INPUT 1 "SBADRI6";
    .port_info 5 /INPUT 1 "SBADRI5";
    .port_info 6 /INPUT 1 "SBADRI4";
    .port_info 7 /INPUT 1 "SBADRI3";
    .port_info 8 /INPUT 1 "SBADRI2";
    .port_info 9 /INPUT 1 "SBADRI1";
    .port_info 10 /INPUT 1 "SBADRI0";
    .port_info 11 /INPUT 1 "SBDATI7";
    .port_info 12 /INPUT 1 "SBDATI6";
    .port_info 13 /INPUT 1 "SBDATI5";
    .port_info 14 /INPUT 1 "SBDATI4";
    .port_info 15 /INPUT 1 "SBDATI3";
    .port_info 16 /INPUT 1 "SBDATI2";
    .port_info 17 /INPUT 1 "SBDATI1";
    .port_info 18 /INPUT 1 "SBDATI0";
    .port_info 19 /INPUT 1 "MI";
    .port_info 20 /INPUT 1 "SI";
    .port_info 21 /INPUT 1 "SCKI";
    .port_info 22 /INPUT 1 "SCSNI";
    .port_info 23 /OUTPUT 1 "SBDATO7";
    .port_info 24 /OUTPUT 1 "SBDATO6";
    .port_info 25 /OUTPUT 1 "SBDATO5";
    .port_info 26 /OUTPUT 1 "SBDATO4";
    .port_info 27 /OUTPUT 1 "SBDATO3";
    .port_info 28 /OUTPUT 1 "SBDATO2";
    .port_info 29 /OUTPUT 1 "SBDATO1";
    .port_info 30 /OUTPUT 1 "SBDATO0";
    .port_info 31 /OUTPUT 1 "SBACKO";
    .port_info 32 /OUTPUT 1 "SPIIRQ";
    .port_info 33 /OUTPUT 1 "SPIWKUP";
    .port_info 34 /OUTPUT 1 "SO";
    .port_info 35 /OUTPUT 1 "SOE";
    .port_info 36 /OUTPUT 1 "MO";
    .port_info 37 /OUTPUT 1 "MOE";
    .port_info 38 /OUTPUT 1 "SCKO";
    .port_info 39 /OUTPUT 1 "SCKOE";
    .port_info 40 /OUTPUT 1 "MCSNO3";
    .port_info 41 /OUTPUT 1 "MCSNO2";
    .port_info 42 /OUTPUT 1 "MCSNO1";
    .port_info 43 /OUTPUT 1 "MCSNO0";
    .port_info 44 /OUTPUT 1 "MCSNOE3";
    .port_info 45 /OUTPUT 1 "MCSNOE2";
    .port_info 46 /OUTPUT 1 "MCSNOE1";
    .port_info 47 /OUTPUT 1 "MCSNOE0";
P_0x5555949f5e30 .param/str "BUS_ADDR74" 0 3 2826, "0b0000";
o0x7f167bf756e8 .functor BUFZ 1, c4<z>; HiZ drive
v0x555594bc3790_0 .net "MCSNO0", 0 0, o0x7f167bf756e8;  0 drivers
o0x7f167bf75718 .functor BUFZ 1, c4<z>; HiZ drive
v0x555594bc3870_0 .net "MCSNO1", 0 0, o0x7f167bf75718;  0 drivers
o0x7f167bf75748 .functor BUFZ 1, c4<z>; HiZ drive
v0x555594bc3930_0 .net "MCSNO2", 0 0, o0x7f167bf75748;  0 drivers
o0x7f167bf75778 .functor BUFZ 1, c4<z>; HiZ drive
v0x555594bc39d0_0 .net "MCSNO3", 0 0, o0x7f167bf75778;  0 drivers
o0x7f167bf757a8 .functor BUFZ 1, c4<z>; HiZ drive
v0x555594bc3a90_0 .net "MCSNOE0", 0 0, o0x7f167bf757a8;  0 drivers
o0x7f167bf757d8 .functor BUFZ 1, c4<z>; HiZ drive
v0x555594bc3b50_0 .net "MCSNOE1", 0 0, o0x7f167bf757d8;  0 drivers
o0x7f167bf75808 .functor BUFZ 1, c4<z>; HiZ drive
v0x555594bc3c10_0 .net "MCSNOE2", 0 0, o0x7f167bf75808;  0 drivers
o0x7f167bf75838 .functor BUFZ 1, c4<z>; HiZ drive
v0x555594bc3cd0_0 .net "MCSNOE3", 0 0, o0x7f167bf75838;  0 drivers
o0x7f167bf75868 .functor BUFZ 1, c4<z>; HiZ drive
v0x555594bc3d90_0 .net "MI", 0 0, o0x7f167bf75868;  0 drivers
o0x7f167bf75898 .functor BUFZ 1, c4<z>; HiZ drive
v0x555594bc3ee0_0 .net "MO", 0 0, o0x7f167bf75898;  0 drivers
o0x7f167bf758c8 .functor BUFZ 1, c4<z>; HiZ drive
v0x555594bc3fa0_0 .net "MOE", 0 0, o0x7f167bf758c8;  0 drivers
o0x7f167bf758f8 .functor BUFZ 1, c4<z>; HiZ drive
v0x555594bc4060_0 .net "SBACKO", 0 0, o0x7f167bf758f8;  0 drivers
o0x7f167bf75928 .functor BUFZ 1, c4<z>; HiZ drive
v0x555594bc4120_0 .net "SBADRI0", 0 0, o0x7f167bf75928;  0 drivers
o0x7f167bf75958 .functor BUFZ 1, c4<z>; HiZ drive
v0x555594bc41e0_0 .net "SBADRI1", 0 0, o0x7f167bf75958;  0 drivers
o0x7f167bf75988 .functor BUFZ 1, c4<z>; HiZ drive
v0x555594bc42a0_0 .net "SBADRI2", 0 0, o0x7f167bf75988;  0 drivers
o0x7f167bf759b8 .functor BUFZ 1, c4<z>; HiZ drive
v0x555594bc4360_0 .net "SBADRI3", 0 0, o0x7f167bf759b8;  0 drivers
o0x7f167bf759e8 .functor BUFZ 1, c4<z>; HiZ drive
v0x555594bc4420_0 .net "SBADRI4", 0 0, o0x7f167bf759e8;  0 drivers
o0x7f167bf75a18 .functor BUFZ 1, c4<z>; HiZ drive
v0x555594bc45f0_0 .net "SBADRI5", 0 0, o0x7f167bf75a18;  0 drivers
o0x7f167bf75a48 .functor BUFZ 1, c4<z>; HiZ drive
v0x555594bc46b0_0 .net "SBADRI6", 0 0, o0x7f167bf75a48;  0 drivers
o0x7f167bf75a78 .functor BUFZ 1, c4<z>; HiZ drive
v0x555594bc4770_0 .net "SBADRI7", 0 0, o0x7f167bf75a78;  0 drivers
o0x7f167bf75aa8 .functor BUFZ 1, c4<z>; HiZ drive
v0x555594bc4830_0 .net "SBCLKI", 0 0, o0x7f167bf75aa8;  0 drivers
o0x7f167bf75ad8 .functor BUFZ 1, c4<z>; HiZ drive
v0x555594bc48f0_0 .net "SBDATI0", 0 0, o0x7f167bf75ad8;  0 drivers
o0x7f167bf75b08 .functor BUFZ 1, c4<z>; HiZ drive
v0x555594bc49b0_0 .net "SBDATI1", 0 0, o0x7f167bf75b08;  0 drivers
o0x7f167bf75b38 .functor BUFZ 1, c4<z>; HiZ drive
v0x555594bc4a70_0 .net "SBDATI2", 0 0, o0x7f167bf75b38;  0 drivers
o0x7f167bf75b68 .functor BUFZ 1, c4<z>; HiZ drive
v0x555594bc4b30_0 .net "SBDATI3", 0 0, o0x7f167bf75b68;  0 drivers
o0x7f167bf75b98 .functor BUFZ 1, c4<z>; HiZ drive
v0x555594bc4bf0_0 .net "SBDATI4", 0 0, o0x7f167bf75b98;  0 drivers
o0x7f167bf75bc8 .functor BUFZ 1, c4<z>; HiZ drive
v0x555594bc4cb0_0 .net "SBDATI5", 0 0, o0x7f167bf75bc8;  0 drivers
o0x7f167bf75bf8 .functor BUFZ 1, c4<z>; HiZ drive
v0x555594bc4d70_0 .net "SBDATI6", 0 0, o0x7f167bf75bf8;  0 drivers
o0x7f167bf75c28 .functor BUFZ 1, c4<z>; HiZ drive
v0x555594bc4e30_0 .net "SBDATI7", 0 0, o0x7f167bf75c28;  0 drivers
o0x7f167bf75c58 .functor BUFZ 1, c4<z>; HiZ drive
v0x555594bc4ef0_0 .net "SBDATO0", 0 0, o0x7f167bf75c58;  0 drivers
o0x7f167bf75c88 .functor BUFZ 1, c4<z>; HiZ drive
v0x555594bc4fb0_0 .net "SBDATO1", 0 0, o0x7f167bf75c88;  0 drivers
o0x7f167bf75cb8 .functor BUFZ 1, c4<z>; HiZ drive
v0x555594bc5070_0 .net "SBDATO2", 0 0, o0x7f167bf75cb8;  0 drivers
o0x7f167bf75ce8 .functor BUFZ 1, c4<z>; HiZ drive
v0x555594bc5130_0 .net "SBDATO3", 0 0, o0x7f167bf75ce8;  0 drivers
o0x7f167bf75d18 .functor BUFZ 1, c4<z>; HiZ drive
v0x555594bc51f0_0 .net "SBDATO4", 0 0, o0x7f167bf75d18;  0 drivers
o0x7f167bf75d48 .functor BUFZ 1, c4<z>; HiZ drive
v0x555594bc52b0_0 .net "SBDATO5", 0 0, o0x7f167bf75d48;  0 drivers
o0x7f167bf75d78 .functor BUFZ 1, c4<z>; HiZ drive
v0x555594bc5370_0 .net "SBDATO6", 0 0, o0x7f167bf75d78;  0 drivers
o0x7f167bf75da8 .functor BUFZ 1, c4<z>; HiZ drive
v0x555594bc5430_0 .net "SBDATO7", 0 0, o0x7f167bf75da8;  0 drivers
o0x7f167bf75dd8 .functor BUFZ 1, c4<z>; HiZ drive
v0x555594bc54f0_0 .net "SBRWI", 0 0, o0x7f167bf75dd8;  0 drivers
o0x7f167bf75e08 .functor BUFZ 1, c4<z>; HiZ drive
v0x555594bc55b0_0 .net "SBSTBI", 0 0, o0x7f167bf75e08;  0 drivers
o0x7f167bf75e38 .functor BUFZ 1, c4<z>; HiZ drive
v0x555594bc5670_0 .net "SCKI", 0 0, o0x7f167bf75e38;  0 drivers
o0x7f167bf75e68 .functor BUFZ 1, c4<z>; HiZ drive
v0x555594bc5730_0 .net "SCKO", 0 0, o0x7f167bf75e68;  0 drivers
o0x7f167bf75e98 .functor BUFZ 1, c4<z>; HiZ drive
v0x555594bc57f0_0 .net "SCKOE", 0 0, o0x7f167bf75e98;  0 drivers
o0x7f167bf75ec8 .functor BUFZ 1, c4<z>; HiZ drive
v0x555594bc58b0_0 .net "SCSNI", 0 0, o0x7f167bf75ec8;  0 drivers
o0x7f167bf75ef8 .functor BUFZ 1, c4<z>; HiZ drive
v0x555594bc5970_0 .net "SI", 0 0, o0x7f167bf75ef8;  0 drivers
o0x7f167bf75f28 .functor BUFZ 1, c4<z>; HiZ drive
v0x555594bc5a30_0 .net "SO", 0 0, o0x7f167bf75f28;  0 drivers
o0x7f167bf75f58 .functor BUFZ 1, c4<z>; HiZ drive
v0x555594bc5af0_0 .net "SOE", 0 0, o0x7f167bf75f58;  0 drivers
o0x7f167bf75f88 .functor BUFZ 1, c4<z>; HiZ drive
v0x555594bc5bb0_0 .net "SPIIRQ", 0 0, o0x7f167bf75f88;  0 drivers
o0x7f167bf75fb8 .functor BUFZ 1, c4<z>; HiZ drive
v0x555594bc5c70_0 .net "SPIWKUP", 0 0, o0x7f167bf75fb8;  0 drivers
S_0x5555949e8460 .scope module, "SB_SPRAM256KA" "SB_SPRAM256KA" 3 2600;
 .timescale -12 -12;
    .port_info 0 /INPUT 14 "ADDRESS";
    .port_info 1 /INPUT 16 "DATAIN";
    .port_info 2 /INPUT 4 "MASKWREN";
    .port_info 3 /INPUT 1 "WREN";
    .port_info 4 /INPUT 1 "CHIPSELECT";
    .port_info 5 /INPUT 1 "CLOCK";
    .port_info 6 /INPUT 1 "STANDBY";
    .port_info 7 /INPUT 1 "SLEEP";
    .port_info 8 /INPUT 1 "POWEROFF";
    .port_info 9 /OUTPUT 16 "DATAOUT";
o0x7f167bf76a38 .functor BUFZ 1, c4<z>; HiZ drive
L_0x555594beb1a0 .functor OR 1, o0x7f167bf76a38, L_0x555594beb0a0, C4<0>, C4<0>;
o0x7f167bf768e8 .functor BUFZ 14, c4<zzzzzzzzzzzzzz>; HiZ drive
v0x555594bc65a0_0 .net "ADDRESS", 13 0, o0x7f167bf768e8;  0 drivers
o0x7f167bf76918 .functor BUFZ 1, c4<z>; HiZ drive
v0x555594bc66a0_0 .net "CHIPSELECT", 0 0, o0x7f167bf76918;  0 drivers
o0x7f167bf76948 .functor BUFZ 1, c4<z>; HiZ drive
v0x555594bc6760_0 .net "CLOCK", 0 0, o0x7f167bf76948;  0 drivers
o0x7f167bf76978 .functor BUFZ 16, c4<zzzzzzzzzzzzzzzz>; HiZ drive
v0x555594bc6800_0 .net "DATAIN", 15 0, o0x7f167bf76978;  0 drivers
v0x555594bc68e0_0 .var "DATAOUT", 15 0;
o0x7f167bf769d8 .functor BUFZ 4, c4<zzzz>; HiZ drive
v0x555594bc69c0_0 .net "MASKWREN", 3 0, o0x7f167bf769d8;  0 drivers
o0x7f167bf76a08 .functor BUFZ 1, c4<z>; HiZ drive
v0x555594bc6aa0_0 .net "POWEROFF", 0 0, o0x7f167bf76a08;  0 drivers
v0x555594bc6b60_0 .net "SLEEP", 0 0, o0x7f167bf76a38;  0 drivers
o0x7f167bf76a68 .functor BUFZ 1, c4<z>; HiZ drive
v0x555594bc6c20_0 .net "STANDBY", 0 0, o0x7f167bf76a68;  0 drivers
o0x7f167bf76a98 .functor BUFZ 1, c4<z>; HiZ drive
v0x555594bc6ce0_0 .net "WREN", 0 0, o0x7f167bf76a98;  0 drivers
v0x555594bc6da0_0 .net *"_ivl_1", 0 0, L_0x555594beb0a0;  1 drivers
v0x555594bc6e60_0 .var/i "i", 31 0;
v0x555594bc6f40 .array "mem", 16383 0, 15 0;
v0x555594bc7000_0 .net "off", 0 0, L_0x555594beb1a0;  1 drivers
E_0x555594bc64c0 .event posedge, v0x555594bc7000_0, v0x555594bc6760_0;
E_0x555594bc6540 .event negedge, v0x555594bc6aa0_0;
L_0x555594beb0a0 .reduce/nor o0x7f167bf76a08;
S_0x5555949e8740 .scope module, "SB_WARMBOOT" "SB_WARMBOOT" 3 2593;
 .timescale -12 -12;
    .port_info 0 /INPUT 1 "BOOT";
    .port_info 1 /INPUT 1 "S1";
    .port_info 2 /INPUT 1 "S0";
o0x7f167bf76d38 .functor BUFZ 1, c4<z>; HiZ drive
v0x555594bc7200_0 .net "BOOT", 0 0, o0x7f167bf76d38;  0 drivers
o0x7f167bf76d68 .functor BUFZ 1, c4<z>; HiZ drive
v0x555594bc72e0_0 .net "S0", 0 0, o0x7f167bf76d68;  0 drivers
o0x7f167bf76d98 .functor BUFZ 1, c4<z>; HiZ drive
v0x555594bc73a0_0 .net "S1", 0 0, o0x7f167bf76d98;  0 drivers
S_0x5555949e0b60 .scope module, "top" "top" 6 2;
 .timescale -12 -12;
    .port_info 0 /INPUT 1 "BUT1";
    .port_info 1 /INPUT 1 "BUT2";
    .port_info 2 /OUTPUT 1 "LED1";
    .port_info 3 /OUTPUT 1 "LED2";
o0x7f167bf76e58 .functor BUFZ 1, c4<z>; HiZ drive
v0x555594bc77d0_0 .net "BUT1", 0 0, o0x7f167bf76e58;  0 drivers
o0x7f167bf76e88 .functor BUFZ 1, c4<z>; HiZ drive
v0x555594bc78a0_0 .net "BUT2", 0 0, o0x7f167bf76e88;  0 drivers
v0x555594bc7970_0 .net "LED1", 0 0, L_0x555594beb2c0;  1 drivers
o0x7f167bf76f78 .functor BUFZ 1, c4<z>; HiZ drive
v0x555594bc7a70_0 .net "LED2", 0 0, o0x7f167bf76f78;  0 drivers
S_0x5555949f5ed0 .scope module, "NAND" "Nand" 6 9, 5 8 0, S_0x5555949e0b60;
 .timescale -12 -12;
    .port_info 0 /INPUT 1 "a";
    .port_info 1 /INPUT 1 "b";
    .port_info 2 /OUTPUT 1 "out";
L_0x555594beb2c0 .functor NAND 1, o0x7f167bf76e58, o0x7f167bf76e88, C4<1>, C4<1>;
v0x555594bc74e0_0 .net "a", 0 0, o0x7f167bf76e58;  alias, 0 drivers
v0x555594bc75c0_0 .net "b", 0 0, o0x7f167bf76e88;  alias, 0 drivers
v0x555594bc7680_0 .net "out", 0 0, L_0x555594beb2c0;  alias, 1 drivers
    .scope S_0x555594b50d00;
T_3 ;
    %pushi/vec4 0, 0, 1;
    %store/vec4 v0x55559495b010_0, 0, 1;
    %pushi/vec4 0, 0, 1;
    %store/vec4 v0x55559495b0d0_0, 0, 1;
    %end;
    .thread T_3, $init;
    .scope S_0x555594b50d00;
T_4 ;
    %wait E_0x555594b3e8d0;
    %load/vec4 v0x555594af2280_0;
    %flag_set/vec4 8;
    %jmp/0xz  T_4.0, 8;
    %load/vec4 v0x55559496b4a0_0;
    %flag_set/vec4 8;
    %jmp/0 T_4.2, 8;
    %pushi/vec4 0, 0, 1;
    %jmp/1 T_4.3, 8;
T_4.2 ; End of true expr.
    %load/vec4 v0x555594955630_0;
    %jmp/0 T_4.3, 8;
 ; End of false expr.
    %blend;
T_4.3;
    %assign/vec4 v0x55559495b010_0, 0;
T_4.0 ;
    %jmp T_4;
    .thread T_4;
    .scope S_0x555594b50d00;
T_5 ;
    %wait E_0x555594b55130;
    %load/vec4 v0x55559496b4a0_0;
    %flag_set/vec4 8;
    %jmp/0xz  T_5.0, 8;
    %pushi/vec4 0, 0, 1;
    %assign/vec4 v0x55559495b0d0_0, 0;
    %jmp T_5.1;
T_5.0 ;
    %load/vec4 v0x555594af2280_0;
    %flag_set/vec4 8;
    %jmp/0xz  T_5.2, 8;
    %load/vec4 v0x555594955630_0;
    %assign/vec4 v0x55559495b0d0_0, 0;
T_5.2 ;
T_5.1 ;
    %jmp T_5;
    .thread T_5;
    .scope S_0x5555949571f0;
T_6 ;
    %pushi/vec4 0, 0, 32;
    %store/vec4 v0x555594b8f510_0, 0, 32;
T_6.0 ; Top of for-loop
    %load/vec4 v0x555594b8f510_0;
    %cmpi/s 16, 0, 32;
	  %jmp/0xz T_6.1, 5;
    %pushi/vec4 0, 0, 256;
    %load/vec4 v0x555594b8f510_0;
    %muli 16, 0, 32;
    %part/s 16;
    %pushi/vec4 0, 0, 32;
    %load/vec4 v0x555594b8f510_0;
    %add;
    %ix/vec4/s 4;
    %store/vec4a v0x555594b8f5f0, 4, 0;
    %pushi/vec4 0, 0, 256;
    %load/vec4 v0x555594b8f510_0;
    %muli 16, 0, 32;
    %part/s 16;
    %pushi/vec4 16, 0, 32;
    %load/vec4 v0x555594b8f510_0;
    %add;
    %ix/vec4/s 4;
    %store/vec4a v0x555594b8f5f0, 4, 0;
    %pushi/vec4 0, 0, 256;
    %load/vec4 v0x555594b8f510_0;
    %muli 16, 0, 32;
    %part/s 16;
    %pushi/vec4 32, 0, 32;
    %load/vec4 v0x555594b8f510_0;
    %add;
    %ix/vec4/s 4;
    %store/vec4a v0x555594b8f5f0, 4, 0;
    %pushi/vec4 0, 0, 256;
    %load/vec4 v0x555594b8f510_0;
    %muli 16, 0, 32;
    %part/s 16;
    %pushi/vec4 48, 0, 32;
    %load/vec4 v0x555594b8f510_0;
    %add;
    %ix/vec4/s 4;
    %store/vec4a v0x555594b8f5f0, 4, 0;
    %pushi/vec4 0, 0, 256;
    %load/vec4 v0x555594b8f510_0;
    %muli 16, 0, 32;
    %part/s 16;
    %pushi/vec4 64, 0, 32;
    %load/vec4 v0x555594b8f510_0;
    %add;
    %ix/vec4/s 4;
    %store/vec4a v0x555594b8f5f0, 4, 0;
    %pushi/vec4 0, 0, 256;
    %load/vec4 v0x555594b8f510_0;
    %muli 16, 0, 32;
    %part/s 16;
    %pushi/vec4 80, 0, 32;
    %load/vec4 v0x555594b8f510_0;
    %add;
    %ix/vec4/s 4;
    %store/vec4a v0x555594b8f5f0, 4, 0;
    %pushi/vec4 0, 0, 256;
    %load/vec4 v0x555594b8f510_0;
    %muli 16, 0, 32;
    %part/s 16;
    %pushi/vec4 96, 0, 32;
    %load/vec4 v0x555594b8f510_0;
    %add;
    %ix/vec4/s 4;
    %store/vec4a v0x555594b8f5f0, 4, 0;
    %pushi/vec4 0, 0, 256;
    %load/vec4 v0x555594b8f510_0;
    %muli 16, 0, 32;
    %part/s 16;
    %pushi/vec4 112, 0, 32;
    %load/vec4 v0x555594b8f510_0;
    %add;
    %ix/vec4/s 4;
    %store/vec4a v0x555594b8f5f0, 4, 0;
    %pushi/vec4 0, 0, 256;
    %load/vec4 v0x555594b8f510_0;
    %muli 16, 0, 32;
    %part/s 16;
    %pushi/vec4 128, 0, 32;
    %load/vec4 v0x555594b8f510_0;
    %add;
    %ix/vec4/s 4;
    %store/vec4a v0x555594b8f5f0, 4, 0;
    %pushi/vec4 0, 0, 256;
    %load/vec4 v0x555594b8f510_0;
    %muli 16, 0, 32;
    %part/s 16;
    %pushi/vec4 144, 0, 32;
    %load/vec4 v0x555594b8f510_0;
    %add;
    %ix/vec4/s 4;
    %store/vec4a v0x555594b8f5f0, 4, 0;
    %pushi/vec4 0, 0, 256;
    %load/vec4 v0x555594b8f510_0;
    %muli 16, 0, 32;
    %part/s 16;
    %pushi/vec4 160, 0, 32;
    %load/vec4 v0x555594b8f510_0;
    %add;
    %ix/vec4/s 4;
    %store/vec4a v0x555594b8f5f0, 4, 0;
    %pushi/vec4 0, 0, 256;
    %load/vec4 v0x555594b8f510_0;
    %muli 16, 0, 32;
    %part/s 16;
    %pushi/vec4 176, 0, 32;
    %load/vec4 v0x555594b8f510_0;
    %add;
    %ix/vec4/s 4;
    %store/vec4a v0x555594b8f5f0, 4, 0;
    %pushi/vec4 0, 0, 256;
    %load/vec4 v0x555594b8f510_0;
    %muli 16, 0, 32;
    %part/s 16;
    %pushi/vec4 192, 0, 32;
    %load/vec4 v0x555594b8f510_0;
    %add;
    %ix/vec4/s 4;
    %store/vec4a v0x555594b8f5f0, 4, 0;
    %pushi/vec4 0, 0, 256;
    %load/vec4 v0x555594b8f510_0;
    %muli 16, 0, 32;
    %part/s 16;
    %pushi/vec4 208, 0, 32;
    %load/vec4 v0x555594b8f510_0;
    %add;
    %ix/vec4/s 4;
    %store/vec4a v0x555594b8f5f0, 4, 0;
    %pushi/vec4 0, 0, 256;
    %load/vec4 v0x555594b8f510_0;
    %muli 16, 0, 32;
    %part/s 16;
    %pushi/vec4 224, 0, 32;
    %load/vec4 v0x555594b8f510_0;
    %add;
    %ix/vec4/s 4;
    %store/vec4a v0x555594b8f5f0, 4, 0;
    %pushi/vec4 0, 0, 256;
    %load/vec4 v0x555594b8f510_0;
    %muli 16, 0, 32;
    %part/s 16;
    %pushi/vec4 240, 0, 32;
    %load/vec4 v0x555594b8f510_0;
    %add;
    %ix/vec4/s 4;
    %store/vec4a v0x555594b8f5f0, 4, 0;
T_6.2 ; for-loop step statement
    %load/vec4 v0x555594b8f510_0;
    %addi 1, 0, 32;
    %store/vec4 v0x555594b8f510_0, 0, 32;
    %jmp T_6.0;
T_6.1 ; for-loop exit label
    %end;
    .thread T_6;
    .scope S_0x5555949571f0;
T_7 ;
    %wait E_0x555594b37750;
    %load/vec4 v0x555594b8f370_0;
    %flag_set/vec4 9;
    %flag_get/vec4 9;
    %jmp/0 T_7.2, 9;
    %load/vec4 v0x555594b8f0f0_0;
    %and;
T_7.2;
    %flag_set/vec4 8;
    %jmp/0xz  T_7.0, 8;
    %load/vec4 v0x555594b8f430_0;
    %parti/s 1, 0, 2;
    %nor/r;
    %flag_set/vec4 8;
    %jmp/0xz  T_7.3, 8;
    %load/vec4 v0x555594b8f290_0;
    %parti/s 1, 0, 2;
    %load/vec4 v0x555594b8ef50_0;
    %parti/s 8, 0, 2;
    %pad/u 10;
    %ix/vec4 3;
    %ix/load 4, 0, 0; Constant delay
    %assign/vec4/a/d v0x555594b8f5f0, 0, 4;
T_7.3 ;
    %load/vec4 v0x555594b8f430_0;
    %parti/s 1, 1, 2;
    %nor/r;
    %flag_set/vec4 8;
    %jmp/0xz  T_7.5, 8;
    %load/vec4 v0x555594b8f290_0;
    %parti/s 1, 1, 2;
    %load/vec4 v0x555594b8ef50_0;
    %parti/s 8, 0, 2;
    %pad/u 10;
    %ix/vec4 3;
    %ix/load 4, 1, 0; part off
    %ix/load 5, 0, 0; Constant delay
    %assign/vec4/a/d v0x555594b8f5f0, 4, 5;
T_7.5 ;
    %load/vec4 v0x555594b8f430_0;
    %parti/s 1, 2, 3;
    %nor/r;
    %flag_set/vec4 8;
    %jmp/0xz  T_7.7, 8;
    %load/vec4 v0x555594b8f290_0;
    %parti/s 1, 2, 3;
    %load/vec4 v0x555594b8ef50_0;
    %parti/s 8, 0, 2;
    %pad/u 10;
    %ix/vec4 3;
    %ix/load 4, 2, 0; part off
    %ix/load 5, 0, 0; Constant delay
    %assign/vec4/a/d v0x555594b8f5f0, 4, 5;
T_7.7 ;
    %load/vec4 v0x555594b8f430_0;
    %parti/s 1, 3, 3;
    %nor/r;
    %flag_set/vec4 8;
    %jmp/0xz  T_7.9, 8;
    %load/vec4 v0x555594b8f290_0;
    %parti/s 1, 3, 3;
    %load/vec4 v0x555594b8ef50_0;
    %parti/s 8, 0, 2;
    %pad/u 10;
    %ix/vec4 3;
    %ix/load 4, 3, 0; part off
    %ix/load 5, 0, 0; Constant delay
    %assign/vec4/a/d v0x555594b8f5f0, 4, 5;
T_7.9 ;
    %load/vec4 v0x555594b8f430_0;
    %parti/s 1, 4, 4;
    %nor/r;
    %flag_set/vec4 8;
    %jmp/0xz  T_7.11, 8;
    %load/vec4 v0x555594b8f290_0;
    %parti/s 1, 4, 4;
    %load/vec4 v0x555594b8ef50_0;
    %parti/s 8, 0, 2;
    %pad/u 10;
    %ix/vec4 3;
    %ix/load 4, 4, 0; part off
    %ix/load 5, 0, 0; Constant delay
    %assign/vec4/a/d v0x555594b8f5f0, 4, 5;
T_7.11 ;
    %load/vec4 v0x555594b8f430_0;
    %parti/s 1, 5, 4;
    %nor/r;
    %flag_set/vec4 8;
    %jmp/0xz  T_7.13, 8;
    %load/vec4 v0x555594b8f290_0;
    %parti/s 1, 5, 4;
    %load/vec4 v0x555594b8ef50_0;
    %parti/s 8, 0, 2;
    %pad/u 10;
    %ix/vec4 3;
    %ix/load 4, 5, 0; part off
    %ix/load 5, 0, 0; Constant delay
    %assign/vec4/a/d v0x555594b8f5f0, 4, 5;
T_7.13 ;
    %load/vec4 v0x555594b8f430_0;
    %parti/s 1, 6, 4;
    %nor/r;
    %flag_set/vec4 8;
    %jmp/0xz  T_7.15, 8;
    %load/vec4 v0x555594b8f290_0;
    %parti/s 1, 6, 4;
    %load/vec4 v0x555594b8ef50_0;
    %parti/s 8, 0, 2;
    %pad/u 10;
    %ix/vec4 3;
    %ix/load 4, 6, 0; part off
    %ix/load 5, 0, 0; Constant delay
    %assign/vec4/a/d v0x555594b8f5f0, 4, 5;
T_7.15 ;
    %load/vec4 v0x555594b8f430_0;
    %parti/s 1, 7, 4;
    %nor/r;
    %flag_set/vec4 8;
    %jmp/0xz  T_7.17, 8;
    %load/vec4 v0x555594b8f290_0;
    %parti/s 1, 7, 4;
    %load/vec4 v0x555594b8ef50_0;
    %parti/s 8, 0, 2;
    %pad/u 10;
    %ix/vec4 3;
    %ix/load 4, 7, 0; part off
    %ix/load 5, 0, 0; Constant delay
    %assign/vec4/a/d v0x555594b8f5f0, 4, 5;
T_7.17 ;
    %load/vec4 v0x555594b8f430_0;
    %parti/s 1, 8, 5;
    %nor/r;
    %flag_set/vec4 8;
    %jmp/0xz  T_7.19, 8;
    %load/vec4 v0x555594b8f290_0;
    %parti/s 1, 8, 5;
    %load/vec4 v0x555594b8ef50_0;
    %parti/s 8, 0, 2;
    %pad/u 10;
    %ix/vec4 3;
    %ix/load 4, 8, 0; part off
    %ix/load 5, 0, 0; Constant delay
    %assign/vec4/a/d v0x555594b8f5f0, 4, 5;
T_7.19 ;
    %load/vec4 v0x555594b8f430_0;
    %parti/s 1, 9, 5;
    %nor/r;
    %flag_set/vec4 8;
    %jmp/0xz  T_7.21, 8;
    %load/vec4 v0x555594b8f290_0;
    %parti/s 1, 9, 5;
    %load/vec4 v0x555594b8ef50_0;
    %parti/s 8, 0, 2;
    %pad/u 10;
    %ix/vec4 3;
    %ix/load 4, 9, 0; part off
    %ix/load 5, 0, 0; Constant delay
    %assign/vec4/a/d v0x555594b8f5f0, 4, 5;
T_7.21 ;
    %load/vec4 v0x555594b8f430_0;
    %parti/s 1, 10, 5;
    %nor/r;
    %flag_set/vec4 8;
    %jmp/0xz  T_7.23, 8;
    %load/vec4 v0x555594b8f290_0;
    %parti/s 1, 10, 5;
    %load/vec4 v0x555594b8ef50_0;
    %parti/s 8, 0, 2;
    %pad/u 10;
    %ix/vec4 3;
    %ix/load 4, 10, 0; part off
    %ix/load 5, 0, 0; Constant delay
    %assign/vec4/a/d v0x555594b8f5f0, 4, 5;
T_7.23 ;
    %load/vec4 v0x555594b8f430_0;
    %parti/s 1, 11, 5;
    %nor/r;
    %flag_set/vec4 8;
    %jmp/0xz  T_7.25, 8;
    %load/vec4 v0x555594b8f290_0;
    %parti/s 1, 11, 5;
    %load/vec4 v0x555594b8ef50_0;
    %parti/s 8, 0, 2;
    %pad/u 10;
    %ix/vec4 3;
    %ix/load 4, 11, 0; part off
    %ix/load 5, 0, 0; Constant delay
    %assign/vec4/a/d v0x555594b8f5f0, 4, 5;
T_7.25 ;
    %load/vec4 v0x555594b8f430_0;
    %parti/s 1, 12, 5;
    %nor/r;
    %flag_set/vec4 8;
    %jmp/0xz  T_7.27, 8;
    %load/vec4 v0x555594b8f290_0;
    %parti/s 1, 12, 5;
    %load/vec4 v0x555594b8ef50_0;
    %parti/s 8, 0, 2;
    %pad/u 10;
    %ix/vec4 3;
    %ix/load 4, 12, 0; part off
    %ix/load 5, 0, 0; Constant delay
    %assign/vec4/a/d v0x555594b8f5f0, 4, 5;
T_7.27 ;
    %load/vec4 v0x555594b8f430_0;
    %parti/s 1, 13, 5;
    %nor/r;
    %flag_set/vec4 8;
    %jmp/0xz  T_7.29, 8;
    %load/vec4 v0x555594b8f290_0;
    %parti/s 1, 13, 5;
    %load/vec4 v0x555594b8ef50_0;
    %parti/s 8, 0, 2;
    %pad/u 10;
    %ix/vec4 3;
    %ix/load 4, 13, 0; part off
    %ix/load 5, 0, 0; Constant delay
    %assign/vec4/a/d v0x555594b8f5f0, 4, 5;
T_7.29 ;
    %load/vec4 v0x555594b8f430_0;
    %parti/s 1, 14, 5;
    %nor/r;
    %flag_set/vec4 8;
    %jmp/0xz  T_7.31, 8;
    %load/vec4 v0x555594b8f290_0;
    %parti/s 1, 14, 5;
    %load/vec4 v0x555594b8ef50_0;
    %parti/s 8, 0, 2;
    %pad/u 10;
    %ix/vec4 3;
    %ix/load 4, 14, 0; part off
    %ix/load 5, 0, 0; Constant delay
    %assign/vec4/a/d v0x555594b8f5f0, 4, 5;
T_7.31 ;
    %load/vec4 v0x555594b8f430_0;
    %parti/s 1, 15, 5;
    %nor/r;
    %flag_set/vec4 8;
    %jmp/0xz  T_7.33, 8;
    %load/vec4 v0x555594b8f290_0;
    %parti/s 1, 15, 5;
    %load/vec4 v0x555594b8ef50_0;
    %parti/s 8, 0, 2;
    %pad/u 10;
    %ix/vec4 3;
    %ix/load 4, 15, 0; part off
    %ix/load 5, 0, 0; Constant delay
    %assign/vec4/a/d v0x555594b8f5f0, 4, 5;
T_7.33 ;
T_7.0 ;
    %jmp T_7;
    .thread T_7;
    .scope S_0x5555949571f0;
T_8 ;
    %wait E_0x555594b3ec60;
    %load/vec4 v0x555594b8edb0_0;
    %flag_set/vec4 9;
    %flag_get/vec4 9;
    %jmp/0 T_8.2, 9;
    %load/vec4 v0x555594b8eae0_0;
    %and;
T_8.2;
    %flag_set/vec4 8;
    %jmp/0xz  T_8.0, 8;
    %load/vec4 v0x555594b8e960_0;
    %parti/s 8, 0, 2;
    %pad/u 10;
    %ix/vec4 4;
    %load/vec4a v0x555594b8f5f0, 4;
    %load/vec4 v0x555594b8ee70_0;
    %inv;
    %and;
    %assign/vec4 v0x555594b8ecd0_0, 0;
T_8.0 ;
    %jmp T_8;
    .thread T_8;
    .scope S_0x555594b89770;
T_9 ;
    %pushi/vec4 0, 0, 1;
    %store/vec4 v0x555594b98d20_0, 0, 1;
    %end;
    .thread T_9, $init;
    .scope S_0x555594b89770;
T_10 ;
    %vpi_call/w 4 31 "$dumpvars", 32'sb00000000000000000000000000000000, S_0x555594b89770 {0 0 0};
    %vpi_call/w 4 33 "$display", "------------------------" {0 0 0};
    %vpi_call/w 4 34 "$display", "Testbench: Nand" {0 0 0};
    %pushi/vec4 0, 0, 1;
    %store/vec4 v0x555594b98b30_0, 0, 1;
    %pushi/vec4 0, 0, 1;
    %store/vec4 v0x555594b98c20_0, 0, 1;
    %fork TD_Nand_tb.check, S_0x555594b98870;
    %join;
    %pushi/vec4 0, 0, 1;
    %store/vec4 v0x555594b98b30_0, 0, 1;
    %pushi/vec4 1, 0, 1;
    %store/vec4 v0x555594b98c20_0, 0, 1;
    %fork TD_Nand_tb.check, S_0x555594b98870;
    %join;
    %pushi/vec4 1, 0, 1;
    %store/vec4 v0x555594b98b30_0, 0, 1;
    %pushi/vec4 0, 0, 1;
    %store/vec4 v0x555594b98c20_0, 0, 1;
    %fork TD_Nand_tb.check, S_0x555594b98870;
    %join;
    %pushi/vec4 1, 0, 1;
    %store/vec4 v0x555594b98b30_0, 0, 1;
    %pushi/vec4 1, 0, 1;
    %store/vec4 v0x555594b98c20_0, 0, 1;
    %fork TD_Nand_tb.check, S_0x555594b98870;
    %join;
    %load/vec4 v0x555594b98d20_0;
    %pad/u 32;
    %cmpi/e 0, 0, 32;
    %jmp/0xz  T_10.0, 4;
    %vpi_call/w 4 41 "$display", "passed" {0 0 0};
T_10.0 ;
    %vpi_call/w 4 42 "$display", "------------------------" {0 0 0};
    %vpi_call/w 4 43 "$finish" {0 0 0};
    %end;
    .thread T_10;
    .scope S_0x555594b66e70;
T_11 ;
    %pushi/vec4 0, 0, 1;
    %store/vec4 v0x555594b99710_0, 0, 1;
    %end;
    .thread T_11;
    .scope S_0x555594b66e70;
T_12 ;
    %wait E_0x555594b37b10;
    %load/vec4 v0x555594b99650_0;
    %assign/vec4 v0x555594b99710_0, 0;
    %jmp T_12;
    .thread T_12;
    .scope S_0x555594b66a80;
T_13 ;
    %pushi/vec4 0, 0, 1;
    %store/vec4 v0x555594b99ac0_0, 0, 1;
    %end;
    .thread T_13;
    .scope S_0x555594b66a80;
T_14 ;
    %wait E_0x555594b542b0;
    %load/vec4 v0x555594b999f0_0;
    %flag_set/vec4 8;
    %jmp/0xz  T_14.0, 8;
    %load/vec4 v0x555594b99930_0;
    %assign/vec4 v0x555594b99ac0_0, 0;
T_14.0 ;
    %jmp T_14;
    .thread T_14;
    .scope S_0x555594b55310;
T_15 ;
    %pushi/vec4 0, 0, 1;
    %store/vec4 v0x555594b99eb0_0, 0, 1;
    %end;
    .thread T_15;
    .scope S_0x555594b55310;
T_16 ;
    %wait E_0x555594b54920;
    %load/vec4 v0x555594b99f70_0;
    %flag_set/vec4 8;
    %jmp/0xz  T_16.0, 8;
    %pushi/vec4 0, 0, 1;
    %assign/vec4 v0x555594b99eb0_0, 0;
    %jmp T_16.1;
T_16.0 ;
    %load/vec4 v0x555594b99e10_0;
    %flag_set/vec4 8;
    %jmp/0xz  T_16.2, 8;
    %load/vec4 v0x555594b99d50_0;
    %assign/vec4 v0x555594b99eb0_0, 0;
T_16.2 ;
T_16.1 ;
    %jmp T_16;
    .thread T_16;
    .scope S_0x555594b54f20;
T_17 ;
    %pushi/vec4 0, 0, 1;
    %store/vec4 v0x555594b9a3a0_0, 0, 1;
    %end;
    .thread T_17;
    .scope S_0x555594b54f20;
T_18 ;
    %wait E_0x555594b54d70;
    %load/vec4 v0x555594b9a460_0;
    %flag_set/vec4 8;
    %jmp/0xz  T_18.0, 8;
    %pushi/vec4 1, 0, 1;
    %assign/vec4 v0x555594b9a3a0_0, 0;
    %jmp T_18.1;
T_18.0 ;
    %load/vec4 v0x555594b9a300_0;
    %flag_set/vec4 8;
    %jmp/0xz  T_18.2, 8;
    %load/vec4 v0x555594b9a240_0;
    %assign/vec4 v0x555594b9a3a0_0, 0;
T_18.2 ;
T_18.1 ;
    %jmp T_18;
    .thread T_18;
    .scope S_0x555594b54750;
T_19 ;
    %pushi/vec4 0, 0, 1;
    %store/vec4 v0x555594b9a8d0_0, 0, 1;
    %end;
    .thread T_19;
    .scope S_0x555594b54750;
T_20 ;
    %wait E_0x555594b9a610;
    %load/vec4 v0x555594b9a830_0;
    %flag_set/vec4 8;
    %jmp/0xz  T_20.0, 8;
    %load/vec4 v0x555594b9a990_0;
    %flag_set/vec4 8;
    %jmp/0xz  T_20.2, 8;
    %pushi/vec4 0, 0, 1;
    %assign/vec4 v0x555594b9a8d0_0, 0;
    %jmp T_20.3;
T_20.2 ;
    %load/vec4 v0x555594b9a770_0;
    %assign/vec4 v0x555594b9a8d0_0, 0;
T_20.3 ;
T_20.0 ;
    %jmp T_20;
    .thread T_20;
    .scope S_0x555594b4f560;
T_21 ;
    %pushi/vec4 0, 0, 1;
    %store/vec4 v0x555594b9ae00_0, 0, 1;
    %end;
    .thread T_21;
    .scope S_0x555594b4f560;
T_22 ;
    %wait E_0x555594b9ab40;
    %load/vec4 v0x555594b9ad60_0;
    %flag_set/vec4 8;
    %jmp/0xz  T_22.0, 8;
    %load/vec4 v0x555594b9aec0_0;
    %flag_set/vec4 8;
    %jmp/0xz  T_22.2, 8;
    %pushi/vec4 1, 0, 1;
    %assign/vec4 v0x555594b9ae00_0, 0;
    %jmp T_22.3;
T_22.2 ;
    %load/vec4 v0x555594b9aca0_0;
    %assign/vec4 v0x555594b9ae00_0, 0;
T_22.3 ;
T_22.0 ;
    %jmp T_22;
    .thread T_22;
    .scope S_0x555594b49f10;
T_23 ;
    %pushi/vec4 0, 0, 1;
    %store/vec4 v0x555594b9b290_0, 0, 1;
    %end;
    .thread T_23;
    .scope S_0x555594b49f10;
T_24 ;
    %wait E_0x555594b9b070;
    %load/vec4 v0x555594b9b1d0_0;
    %assign/vec4 v0x555594b9b290_0, 0;
    %jmp T_24;
    .thread T_24;
    .scope S_0x555594b31f10;
T_25 ;
    %pushi/vec4 0, 0, 1;
    %store/vec4 v0x555594b9b680_0, 0, 1;
    %end;
    .thread T_25;
    .scope S_0x555594b31f10;
T_26 ;
    %wait E_0x555594b9b3b0;
    %load/vec4 v0x555594b9b5b0_0;
    %flag_set/vec4 8;
    %jmp/0xz  T_26.0, 8;
    %load/vec4 v0x555594b9b4f0_0;
    %assign/vec4 v0x555594b9b680_0, 0;
T_26.0 ;
    %jmp T_26;
    .thread T_26;
    .scope S_0x555594b31b20;
T_27 ;
    %pushi/vec4 0, 0, 1;
    %store/vec4 v0x555594b9bab0_0, 0, 1;
    %end;
    .thread T_27;
    .scope S_0x555594b31b20;
T_28 ;
    %wait E_0x555594b9b7f0;
    %load/vec4 v0x555594b9bb70_0;
    %flag_set/vec4 8;
    %jmp/0xz  T_28.0, 8;
    %pushi/vec4 0, 0, 1;
    %assign/vec4 v0x555594b9bab0_0, 0;
    %jmp T_28.1;
T_28.0 ;
    %load/vec4 v0x555594b9ba10_0;
    %flag_set/vec4 8;
    %jmp/0xz  T_28.2, 8;
    %load/vec4 v0x555594b9b950_0;
    %assign/vec4 v0x555594b9bab0_0, 0;
T_28.2 ;
T_28.1 ;
    %jmp T_28;
    .thread T_28;
    .scope S_0x555594b2ec20;
T_29 ;
    %pushi/vec4 0, 0, 1;
    %store/vec4 v0x555594b9bfe0_0, 0, 1;
    %end;
    .thread T_29;
    .scope S_0x555594b2ec20;
T_30 ;
    %wait E_0x555594b9bd20;
    %load/vec4 v0x555594b9c0a0_0;
    %flag_set/vec4 8;
    %jmp/0xz  T_30.0, 8;
    %pushi/vec4 1, 0, 1;
    %assign/vec4 v0x555594b9bfe0_0, 0;
    %jmp T_30.1;
T_30.0 ;
    %load/vec4 v0x555594b9bf40_0;
    %flag_set/vec4 8;
    %jmp/0xz  T_30.2, 8;
    %load/vec4 v0x555594b9be80_0;
    %assign/vec4 v0x555594b9bfe0_0, 0;
T_30.2 ;
T_30.1 ;
    %jmp T_30;
    .thread T_30;
    .scope S_0x555594b2e830;
T_31 ;
    %pushi/vec4 0, 0, 1;
    %store/vec4 v0x555594b9c510_0, 0, 1;
    %end;
    .thread T_31;
    .scope S_0x555594b2e830;
T_32 ;
    %wait E_0x555594b9c250;
    %load/vec4 v0x555594b9c470_0;
    %flag_set/vec4 8;
    %jmp/0xz  T_32.0, 8;
    %load/vec4 v0x555594b9c5d0_0;
    %flag_set/vec4 8;
    %jmp/0xz  T_32.2, 8;
    %pushi/vec4 0, 0, 1;
    %assign/vec4 v0x555594b9c510_0, 0;
    %jmp T_32.3;
T_32.2 ;
    %load/vec4 v0x555594b9c3b0_0;
    %assign/vec4 v0x555594b9c510_0, 0;
T_32.3 ;
T_32.0 ;
    %jmp T_32;
    .thread T_32;
    .scope S_0x555594b28b20;
T_33 ;
    %pushi/vec4 0, 0, 1;
    %store/vec4 v0x555594b9ca40_0, 0, 1;
    %end;
    .thread T_33;
    .scope S_0x555594b28b20;
T_34 ;
    %wait E_0x555594b9c780;
    %load/vec4 v0x555594b9c9a0_0;
    %flag_set/vec4 8;
    %jmp/0xz  T_34.0, 8;
    %load/vec4 v0x555594b9cb00_0;
    %flag_set/vec4 8;
    %jmp/0xz  T_34.2, 8;
    %pushi/vec4 1, 0, 1;
    %assign/vec4 v0x555594b9ca40_0, 0;
    %jmp T_34.3;
T_34.2 ;
    %load/vec4 v0x555594b9c8e0_0;
    %assign/vec4 v0x555594b9ca40_0, 0;
T_34.3 ;
T_34.0 ;
    %jmp T_34;
    .thread T_34;
    .scope S_0x555594b2b7c0;
T_35 ;
    %pushi/vec4 0, 0, 1;
    %store/vec4 v0x555594b9ced0_0, 0, 1;
    %end;
    .thread T_35;
    .scope S_0x555594b2b7c0;
T_36 ;
    %wait E_0x555594b9ccb0;
    %load/vec4 v0x555594b9cf70_0;
    %flag_set/vec4 8;
    %jmp/0xz  T_36.0, 8;
    %pushi/vec4 0, 0, 1;
    %assign/vec4 v0x555594b9ced0_0, 0;
    %jmp T_36.1;
T_36.0 ;
    %load/vec4 v0x555594b9ce10_0;
    %assign/vec4 v0x555594b9ced0_0, 0;
T_36.1 ;
    %jmp T_36;
    .thread T_36;
    .scope S_0x555594b2b3d0;
T_37 ;
    %pushi/vec4 0, 0, 1;
    %store/vec4 v0x555594b9d300_0, 0, 1;
    %end;
    .thread T_37;
    .scope S_0x555594b2b3d0;
T_38 ;
    %wait E_0x555594b9d0e0;
    %load/vec4 v0x555594b9d3a0_0;
    %flag_set/vec4 8;
    %jmp/0xz  T_38.0, 8;
    %pushi/vec4 1, 0, 1;
    %assign/vec4 v0x555594b9d300_0, 0;
    %jmp T_38.1;
T_38.0 ;
    %load/vec4 v0x555594b9d240_0;
    %assign/vec4 v0x555594b9d300_0, 0;
T_38.1 ;
    %jmp T_38;
    .thread T_38;
    .scope S_0x555594b28760;
T_39 ;
    %pushi/vec4 0, 0, 1;
    %store/vec4 v0x555594b9d730_0, 0, 1;
    %end;
    .thread T_39;
    .scope S_0x555594b28760;
T_40 ;
    %wait E_0x555594b9d510;
    %load/vec4 v0x555594b9d7d0_0;
    %flag_set/vec4 8;
    %jmp/0xz  T_40.0, 8;
    %pushi/vec4 0, 0, 1;
    %assign/vec4 v0x555594b9d730_0, 0;
    %jmp T_40.1;
T_40.0 ;
    %load/vec4 v0x555594b9d670_0;
    %assign/vec4 v0x555594b9d730_0, 0;
T_40.1 ;
    %jmp T_40;
    .thread T_40;
    .scope S_0x555594b10d50;
T_41 ;
    %pushi/vec4 0, 0, 1;
    %store/vec4 v0x555594b9db60_0, 0, 1;
    %end;
    .thread T_41;
    .scope S_0x555594b10d50;
T_42 ;
    %wait E_0x555594b9d940;
    %load/vec4 v0x555594b9dc00_0;
    %flag_set/vec4 8;
    %jmp/0xz  T_42.0, 8;
    %pushi/vec4 1, 0, 1;
    %assign/vec4 v0x555594b9db60_0, 0;
    %jmp T_42.1;
T_42.0 ;
    %load/vec4 v0x555594b9daa0_0;
    %assign/vec4 v0x555594b9db60_0, 0;
T_42.1 ;
    %jmp T_42;
    .thread T_42;
    .scope S_0x555594b10a10;
T_43 ;
    %pushi/vec4 0, 0, 1;
    %store/vec4 v0x555594b9df90_0, 0, 1;
    %end;
    .thread T_43;
    .scope S_0x555594b10a10;
T_44 ;
    %wait E_0x555594b9dd70;
    %load/vec4 v0x555594b9e030_0;
    %flag_set/vec4 8;
    %jmp/0xz  T_44.0, 8;
    %pushi/vec4 0, 0, 1;
    %assign/vec4 v0x555594b9df90_0, 0;
    %jmp T_44.1;
T_44.0 ;
    %load/vec4 v0x555594b9ded0_0;
    %assign/vec4 v0x555594b9df90_0, 0;
T_44.1 ;
    %jmp T_44;
    .thread T_44;
    .scope S_0x555594b0c900;
T_45 ;
    %pushi/vec4 0, 0, 1;
    %store/vec4 v0x555594b9e3c0_0, 0, 1;
    %end;
    .thread T_45;
    .scope S_0x555594b0c900;
T_46 ;
    %wait E_0x555594b9e1a0;
    %load/vec4 v0x555594b9e460_0;
    %flag_set/vec4 8;
    %jmp/0xz  T_46.0, 8;
    %pushi/vec4 1, 0, 1;
    %assign/vec4 v0x555594b9e3c0_0, 0;
    %jmp T_46.1;
T_46.0 ;
    %load/vec4 v0x555594b9e300_0;
    %assign/vec4 v0x555594b9e3c0_0, 0;
T_46.1 ;
    %jmp T_46;
    .thread T_46;
    .scope S_0x555594b0c540;
T_47 ;
    %pushi/vec4 0, 0, 1;
    %store/vec4 v0x555594b9e7f0_0, 0, 1;
    %end;
    .thread T_47;
    .scope S_0x555594b0c540;
T_48 ;
    %wait E_0x555594b9e5d0;
    %load/vec4 v0x555594b9e890_0;
    %flag_set/vec4 8;
    %jmp/0xz  T_48.0, 8;
    %pushi/vec4 0, 0, 1;
    %assign/vec4 v0x555594b9e7f0_0, 0;
    %jmp T_48.1;
T_48.0 ;
    %load/vec4 v0x555594b9e730_0;
    %assign/vec4 v0x555594b9e7f0_0, 0;
T_48.1 ;
    %jmp T_48;
    .thread T_48;
    .scope S_0x555594af9980;
T_49 ;
    %pushi/vec4 0, 0, 1;
    %store/vec4 v0x555594b9ec20_0, 0, 1;
    %end;
    .thread T_49;
    .scope S_0x555594af9980;
T_50 ;
    %wait E_0x555594b9ea00;
    %load/vec4 v0x555594b9ecc0_0;
    %flag_set/vec4 8;
    %jmp/0xz  T_50.0, 8;
    %pushi/vec4 1, 0, 1;
    %assign/vec4 v0x555594b9ec20_0, 0;
    %jmp T_50.1;
T_50.0 ;
    %load/vec4 v0x555594b9eb60_0;
    %assign/vec4 v0x555594b9ec20_0, 0;
T_50.1 ;
    %jmp T_50;
    .thread T_50;
    .scope S_0x555594b9f8d0;
T_51 ;
    %wait E_0x555594b9fbf0;
    %load/vec4 v0x555594ba05d0_0;
    %assign/vec4 v0x555594ba0690_0, 0;
    %jmp T_51;
    .thread T_51;
    .scope S_0x555594b9f8d0;
T_52 ;
    %wait E_0x555594b9fbf0;
    %load/vec4 v0x555594ba05d0_0;
    %flag_set/vec4 8;
    %jmp/0xz  T_52.0, 8;
    %load/vec4 v0x555594ba0370_0;
    %assign/vec4 v0x555594ba0aa0_0, 0;
T_52.0 ;
    %jmp T_52;
    .thread T_52;
    .scope S_0x555594b9f8d0;
T_53 ;
    %wait E_0x555594b9fb90;
    %load/vec4 v0x555594ba0690_0;
    %flag_set/vec4 8;
    %jmp/0xz  T_53.0, 8;
    %load/vec4 v0x555594ba0370_0;
    %assign/vec4 v0x555594ba0b60_0, 0;
T_53.0 ;
    %jmp T_53;
    .thread T_53;
    .scope S_0x555594b9f8d0;
T_54 ;
    %wait E_0x555594b9fab0;
    %load/vec4 v0x555594ba05d0_0;
    %assign/vec4 v0x555594ba0750_0, 0;
    %jmp T_54;
    .thread T_54;
    .scope S_0x555594b9f8d0;
T_55 ;
    %wait E_0x555594b9fab0;
    %load/vec4 v0x555594ba05d0_0;
    %flag_set/vec4 8;
    %jmp/0xz  T_55.0, 8;
    %load/vec4 v0x555594b9fea0_0;
    %assign/vec4 v0x555594ba0ce0_0, 0;
T_55.0 ;
    %jmp T_55;
    .thread T_55;
    .scope S_0x555594b9f8d0;
T_56 ;
    %wait E_0x555594b9fb30;
    %load/vec4 v0x555594ba0750_0;
    %flag_set/vec4 8;
    %jmp/0xz  T_56.0, 8;
    %load/vec4 v0x555594b9ff60_0;
    %assign/vec4 v0x555594ba0da0_0, 0;
T_56.0 ;
    %jmp T_56;
    .thread T_56;
    .scope S_0x555594b9f8d0;
T_57 ;
    %wait E_0x555594b9fab0;
    %load/vec4 v0x555594ba05d0_0;
    %flag_set/vec4 8;
    %jmp/0xz  T_57.0, 8;
    %load/vec4 v0x555594ba02b0_0;
    %assign/vec4 v0x555594ba0fe0_0, 0;
T_57.0 ;
    %jmp T_57;
    .thread T_57;
    .scope S_0x555594b9f210;
T_58 ;
    %wait E_0x555594b9f840;
    %load/vec4 v0x555594ba0aa0_0;
    %store/vec4 v0x555594ba0810_0, 0, 1;
    %load/vec4 v0x555594ba0b60_0;
    %store/vec4 v0x555594ba08d0_0, 0, 1;
    %jmp T_58;
    .thread T_58, $push;
    .scope S_0x555594b9f210;
T_59 ;
    %wait E_0x555594b9f7e0;
    %load/vec4 v0x555594ba01f0_0;
    %assign/vec4 v0x555594ba0e60_0, 0;
    %jmp T_59;
    .thread T_59, $push;
    .scope S_0x555594b9f210;
T_60 ;
    %wait E_0x555594b9f780;
    %load/vec4 v0x555594ba0e60_0;
    %assign/vec4 v0x555594ba0f20_0, 0;
    %jmp T_60;
    .thread T_60, $push;
    .scope S_0x555594b9f210;
T_61 ;
    %wait E_0x555594b9f720;
    %load/vec4 v0x555594ba0f20_0;
    %pushi/vec4 0, 0, 1;
    %xor;
    %flag_set/vec4 8;
    %jmp/1 T_61.2, 8;
    %pushi/vec4 0, 0, 1;
    %flag_set/vec4 9;
    %flag_or 8, 9;
T_61.2;
    %jmp/0 T_61.0, 8;
    %load/vec4 v0x555594ba0ce0_0;
    %jmp/1 T_61.1, 8;
T_61.0 ; End of true expr.
    %load/vec4 v0x555594ba0da0_0;
    %jmp/0 T_61.1, 8;
 ; End of false expr.
    %blend;
T_61.1;
    %store/vec4 v0x555594ba0c20_0, 0, 1;
    %jmp T_61;
    .thread T_61, $push;
    .scope S_0x555594ba4a90;
T_62 ;
    %wait E_0x555594ba4d60;
    %load/vec4 v0x555594ba4df0_0;
    %flag_set/vec4 8;
    %jmp/0xz  T_62.0, 8;
    %load/vec4 v0x555594ba54e0_0;
    %assign/vec4 v0x555594ba58a0_0, 0;
T_62.0 ;
    %jmp T_62;
    .thread T_62;
    .scope S_0x555594ba4a90;
T_63 ;
    %wait E_0x555594ba4d00;
    %load/vec4 v0x555594ba4df0_0;
    %flag_set/vec4 8;
    %jmp/0xz  T_63.0, 8;
    %load/vec4 v0x555594ba54e0_0;
    %assign/vec4 v0x555594ba5960_0, 0;
T_63.0 ;
    %jmp T_63;
    .thread T_63;
    .scope S_0x555594ba4a90;
T_64 ;
    %wait E_0x555594ba4c20;
    %load/vec4 v0x555594ba4df0_0;
    %flag_set/vec4 8;
    %jmp/0xz  T_64.0, 8;
    %load/vec4 v0x555594ba5010_0;
    %assign/vec4 v0x555594ba5ae0_0, 0;
T_64.0 ;
    %jmp T_64;
    .thread T_64;
    .scope S_0x555594ba4a90;
T_65 ;
    %wait E_0x555594ba4ca0;
    %load/vec4 v0x555594ba4df0_0;
    %flag_set/vec4 8;
    %jmp/0xz  T_65.0, 8;
    %load/vec4 v0x555594ba50d0_0;
    %assign/vec4 v0x555594ba5ba0_0, 0;
T_65.0 ;
    %jmp T_65;
    .thread T_65;
    .scope S_0x555594ba4a90;
T_66 ;
    %wait E_0x555594ba4c20;
    %load/vec4 v0x555594ba4df0_0;
    %flag_set/vec4 8;
    %jmp/0xz  T_66.0, 8;
    %load/vec4 v0x555594ba5420_0;
    %assign/vec4 v0x555594ba5de0_0, 0;
T_66.0 ;
    %jmp T_66;
    .thread T_66;
    .scope S_0x555594b4efd0;
T_67 ;
    %wait E_0x555594ba4a00;
    %load/vec4 v0x555594ba58a0_0;
    %store/vec4 v0x555594ba5720_0, 0, 1;
    %load/vec4 v0x555594ba5960_0;
    %store/vec4 v0x555594ba57e0_0, 0, 1;
    %jmp T_67;
    .thread T_67, $push;
    .scope S_0x555594b4efd0;
T_68 ;
    %wait E_0x555594ba49a0;
    %load/vec4 v0x555594ba5360_0;
    %assign/vec4 v0x555594ba5c60_0, 0;
    %jmp T_68;
    .thread T_68, $push;
    .scope S_0x555594b4efd0;
T_69 ;
    %wait E_0x555594ba4940;
    %load/vec4 v0x555594ba5c60_0;
    %assign/vec4 v0x555594ba5d20_0, 0;
    %jmp T_69;
    .thread T_69, $push;
    .scope S_0x555594b4efd0;
T_70 ;
    %wait E_0x555594ba48c0;
    %load/vec4 v0x555594ba5d20_0;
    %pushi/vec4 0, 0, 1;
    %xor;
    %flag_set/vec4 8;
    %jmp/1 T_70.2, 8;
    %pushi/vec4 0, 0, 1;
    %flag_set/vec4 9;
    %flag_or 8, 9;
T_70.2;
    %jmp/0 T_70.0, 8;
    %load/vec4 v0x555594ba5ae0_0;
    %jmp/1 T_70.1, 8;
T_70.0 ; End of true expr.
    %load/vec4 v0x555594ba5ba0_0;
    %jmp/0 T_70.1, 8;
 ; End of false expr.
    %blend;
T_70.1;
    %store/vec4 v0x555594ba5a20_0, 0, 1;
    %jmp T_70;
    .thread T_70, $push;
    .scope S_0x555594ba61f0;
T_71 ;
    %wait E_0x555594ba64c0;
    %load/vec4 v0x555594ba6550_0;
    %flag_set/vec4 8;
    %jmp/0xz  T_71.0, 8;
    %load/vec4 v0x555594ba6c40_0;
    %assign/vec4 v0x555594ba6e80_0, 0;
T_71.0 ;
    %jmp T_71;
    .thread T_71;
    .scope S_0x555594ba61f0;
T_72 ;
    %wait E_0x555594ba6460;
    %load/vec4 v0x555594ba6550_0;
    %flag_set/vec4 8;
    %jmp/0xz  T_72.0, 8;
    %load/vec4 v0x555594ba6c40_0;
    %assign/vec4 v0x555594ba6f40_0, 0;
T_72.0 ;
    %jmp T_72;
    .thread T_72;
    .scope S_0x555594ba61f0;
T_73 ;
    %wait E_0x555594ba6380;
    %load/vec4 v0x555594ba6550_0;
    %flag_set/vec4 8;
    %jmp/0xz  T_73.0, 8;
    %load/vec4 v0x555594ba6770_0;
    %assign/vec4 v0x555594ba70c0_0, 0;
T_73.0 ;
    %jmp T_73;
    .thread T_73;
    .scope S_0x555594ba61f0;
T_74 ;
    %wait E_0x555594ba6400;
    %load/vec4 v0x555594ba6550_0;
    %flag_set/vec4 8;
    %jmp/0xz  T_74.0, 8;
    %load/vec4 v0x555594ba6830_0;
    %assign/vec4 v0x555594ba7180_0, 0;
T_74.0 ;
    %jmp T_74;
    .thread T_74;
    .scope S_0x555594ba61f0;
T_75 ;
    %wait E_0x555594ba6380;
    %load/vec4 v0x555594ba6550_0;
    %flag_set/vec4 8;
    %jmp/0xz  T_75.0, 8;
    %load/vec4 v0x555594ba6b80_0;
    %assign/vec4 v0x555594ba74d0_0, 0;
T_75.0 ;
    %jmp T_75;
    .thread T_75;
    .scope S_0x555594b38ed0;
T_76 ;
    %wait E_0x555594ba6160;
    %load/vec4 v0x555594ba6e80_0;
    %store/vec4 v0x555594ba6d00_0, 0, 1;
    %load/vec4 v0x555594ba6f40_0;
    %store/vec4 v0x555594ba6dc0_0, 0, 1;
    %jmp T_76;
    .thread T_76, $push;
    .scope S_0x555594b38ed0;
T_77 ;
    %wait E_0x555594ba6100;
    %load/vec4 v0x555594ba6ac0_0;
    %assign/vec4 v0x555594ba7350_0, 0;
    %jmp T_77;
    .thread T_77, $push;
    .scope S_0x555594b38ed0;
T_78 ;
    %wait E_0x555594ba60a0;
    %load/vec4 v0x555594ba7350_0;
    %assign/vec4 v0x555594ba7410_0, 0;
    %jmp T_78;
    .thread T_78, $push;
    .scope S_0x555594b38ed0;
T_79 ;
    %wait E_0x555594ba6020;
    %load/vec4 v0x555594ba7410_0;
    %pushi/vec4 0, 0, 1;
    %xor;
    %flag_set/vec4 8;
    %jmp/1 T_79.2, 8;
    %pushi/vec4 0, 0, 1;
    %flag_set/vec4 9;
    %flag_or 8, 9;
T_79.2;
    %jmp/0 T_79.0, 8;
    %load/vec4 v0x555594ba70c0_0;
    %jmp/1 T_79.1, 8;
T_79.0 ; End of true expr.
    %load/vec4 v0x555594ba7180_0;
    %jmp/0 T_79.1, 8;
 ; End of false expr.
    %blend;
T_79.1;
    %store/vec4 v0x555594ba7000_0, 0, 1;
    %jmp T_79;
    .thread T_79, $push;
    .scope S_0x555594b35b80;
T_80 ;
    %wait E_0x555594ba9ee0;
    %load/vec4 v0x555594bab270_0;
    %flag_set/vec4 8;
    %jmp/0xz  T_80.0, 8;
    %pushi/vec4 0, 0, 16;
    %assign/vec4 v0x555594bb0ee0_0, 0;
    %pushi/vec4 0, 0, 16;
    %assign/vec4 v0x555594bb0d20_0, 0;
    %jmp T_80.1;
T_80.0 ;
    %load/vec4 v0x555594baaa80_0;
    %flag_set/vec4 8;
    %jmp/0xz  T_80.2, 8;
    %load/vec4 v0x555594baab40_0;
    %nor/r;
    %flag_set/vec4 8;
    %jmp/0xz  T_80.4, 8;
    %load/vec4 v0x555594baa9a0_0;
    %assign/vec4 v0x555594bb0ee0_0, 0;
T_80.4 ;
    %load/vec4 v0x555594baa330_0;
    %nor/r;
    %flag_set/vec4 8;
    %jmp/0xz  T_80.6, 8;
    %load/vec4 v0x555594ba9f70_0;
    %assign/vec4 v0x555594bb0d20_0, 0;
T_80.6 ;
T_80.2 ;
T_80.1 ;
    %jmp T_80;
    .thread T_80;
    .scope S_0x555594b35b80;
T_81 ;
    %wait E_0x555594ba9e80;
    %load/vec4 v0x555594bab1b0_0;
    %flag_set/vec4 8;
    %jmp/0xz  T_81.0, 8;
    %pushi/vec4 0, 0, 16;
    %assign/vec4 v0x555594bb0e00_0, 0;
    %pushi/vec4 0, 0, 16;
    %assign/vec4 v0x555594bb0fc0_0, 0;
    %jmp T_81.1;
T_81.0 ;
    %load/vec4 v0x555594baaa80_0;
    %flag_set/vec4 8;
    %jmp/0xz  T_81.2, 8;
    %load/vec4 v0x555594baa720_0;
    %nor/r;
    %flag_set/vec4 8;
    %jmp/0xz  T_81.4, 8;
    %load/vec4 v0x555594baa5b0_0;
    %assign/vec4 v0x555594bb0e00_0, 0;
T_81.4 ;
    %load/vec4 v0x555594bab030_0;
    %nor/r;
    %flag_set/vec4 8;
    %jmp/0xz  T_81.6, 8;
    %load/vec4 v0x555594baaf50_0;
    %assign/vec4 v0x555594bb0fc0_0, 0;
T_81.6 ;
T_81.2 ;
T_81.1 ;
    %jmp T_81;
    .thread T_81;
    .scope S_0x555594b35b80;
T_82 ;
    %wait E_0x555594ba9ee0;
    %load/vec4 v0x555594bab270_0;
    %flag_set/vec4 8;
    %jmp/0xz  T_82.0, 8;
    %pushi/vec4 0, 0, 16;
    %assign/vec4 v0x555594bb18b0_0, 0;
    %pushi/vec4 0, 0, 16;
    %assign/vec4 v0x555594bb1b50_0, 0;
    %jmp T_82.1;
T_82.0 ;
    %load/vec4 v0x555594baaa80_0;
    %flag_set/vec4 8;
    %jmp/0xz  T_82.2, 8;
    %load/vec4 v0x555594bb09a0_0;
    %assign/vec4 v0x555594bb18b0_0, 0;
    %load/vec4 v0x555594bb0b60_0;
    %assign/vec4 v0x555594bb1b50_0, 0;
T_82.2 ;
T_82.1 ;
    %jmp T_82;
    .thread T_82;
    .scope S_0x555594b35b80;
T_83 ;
    %wait E_0x555594ba9e80;
    %load/vec4 v0x555594bab1b0_0;
    %flag_set/vec4 8;
    %jmp/0xz  T_83.0, 8;
    %pushi/vec4 0, 0, 16;
    %assign/vec4 v0x555594bb1c30_0, 0;
    %pushi/vec4 0, 0, 16;
    %assign/vec4 v0x555594bb1990_0, 0;
    %jmp T_83.1;
T_83.0 ;
    %load/vec4 v0x555594baaa80_0;
    %flag_set/vec4 8;
    %jmp/0xz  T_83.2, 8;
    %load/vec4 v0x555594bb0a80_0;
    %assign/vec4 v0x555594bb1c30_0, 0;
    %load/vec4 v0x555594bb0c40_0;
    %assign/vec4 v0x555594bb1990_0, 0;
T_83.2 ;
T_83.1 ;
    %jmp T_83;
    .thread T_83;
    .scope S_0x555594b35b80;
T_84 ;
    %wait E_0x555594ba9e80;
    %load/vec4 v0x555594bab1b0_0;
    %flag_set/vec4 8;
    %jmp/0xz  T_84.0, 8;
    %pushi/vec4 0, 0, 32;
    %assign/vec4 v0x555594bb1a70_0, 0;
    %jmp T_84.1;
T_84.0 ;
    %load/vec4 v0x555594baaa80_0;
    %flag_set/vec4 8;
    %jmp/0xz  T_84.2, 8;
    %load/vec4 v0x555594bb01c0_0;
    %assign/vec4 v0x555594bb1a70_0, 0;
T_84.2 ;
T_84.1 ;
    %jmp T_84;
    .thread T_84;
    .scope S_0x555594b35b80;
T_85 ;
    %wait E_0x555594ba9e20;
    %load/vec4 v0x555594bab950_0;
    %flag_set/vec4 8;
    %jmp/0xz  T_85.0, 8;
    %pushi/vec4 0, 0, 16;
    %assign/vec4 v0x555594bb1d10_0, 0;
    %jmp T_85.1;
T_85.0 ;
    %load/vec4 v0x555594baaa80_0;
    %flag_set/vec4 8;
    %jmp/0xz  T_85.2, 8;
    %load/vec4 v0x555594bab650_0;
    %nor/r;
    %flag_set/vec4 8;
    %jmp/0xz  T_85.4, 8;
    %load/vec4 v0x555594bb02a0_0;
    %assign/vec4 v0x555594bb1d10_0, 0;
T_85.4 ;
T_85.2 ;
T_85.1 ;
    %jmp T_85;
    .thread T_85;
    .scope S_0x555594b35b80;
T_86 ;
    %wait E_0x555594ba9da0;
    %load/vec4 v0x555594bab890_0;
    %flag_set/vec4 8;
    %jmp/0xz  T_86.0, 8;
    %pushi/vec4 0, 0, 16;
    %assign/vec4 v0x555594bb1df0_0, 0;
    %jmp T_86.1;
T_86.0 ;
    %load/vec4 v0x555594baaa80_0;
    %flag_set/vec4 8;
    %jmp/0xz  T_86.2, 8;
    %load/vec4 v0x555594bab590_0;
    %nor/r;
    %flag_set/vec4 8;
    %jmp/0xz  T_86.4, 8;
    %load/vec4 v0x555594bb0460_0;
    %assign/vec4 v0x555594bb1df0_0, 0;
T_86.4 ;
T_86.2 ;
T_86.1 ;
    %jmp T_86;
    .thread T_86;
    .scope S_0x555594bb6030;
T_87 ;
    %pushi/vec4 0, 0, 32;
    %store/vec4 v0x555594bb9450_0, 0, 32;
T_87.0 ; Top of for-loop
    %load/vec4 v0x555594bb9450_0;
    %cmpi/s 16, 0, 32;
	  %jmp/0xz T_87.1, 5;
    %pushi/vec4 0, 0, 256;
    %load/vec4 v0x555594bb9450_0;
    %muli 16, 0, 32;
    %part/s 16;
    %pushi/vec4 0, 0, 32;
    %load/vec4 v0x555594bb9450_0;
    %add;
    %ix/vec4/s 4;
    %store/vec4a v0x555594bb9530, 4, 0;
    %pushi/vec4 0, 0, 256;
    %load/vec4 v0x555594bb9450_0;
    %muli 16, 0, 32;
    %part/s 16;
    %pushi/vec4 16, 0, 32;
    %load/vec4 v0x555594bb9450_0;
    %add;
    %ix/vec4/s 4;
    %store/vec4a v0x555594bb9530, 4, 0;
    %pushi/vec4 0, 0, 256;
    %load/vec4 v0x555594bb9450_0;
    %muli 16, 0, 32;
    %part/s 16;
    %pushi/vec4 32, 0, 32;
    %load/vec4 v0x555594bb9450_0;
    %add;
    %ix/vec4/s 4;
    %store/vec4a v0x555594bb9530, 4, 0;
    %pushi/vec4 0, 0, 256;
    %load/vec4 v0x555594bb9450_0;
    %muli 16, 0, 32;
    %part/s 16;
    %pushi/vec4 48, 0, 32;
    %load/vec4 v0x555594bb9450_0;
    %add;
    %ix/vec4/s 4;
    %store/vec4a v0x555594bb9530, 4, 0;
    %pushi/vec4 0, 0, 256;
    %load/vec4 v0x555594bb9450_0;
    %muli 16, 0, 32;
    %part/s 16;
    %pushi/vec4 64, 0, 32;
    %load/vec4 v0x555594bb9450_0;
    %add;
    %ix/vec4/s 4;
    %store/vec4a v0x555594bb9530, 4, 0;
    %pushi/vec4 0, 0, 256;
    %load/vec4 v0x555594bb9450_0;
    %muli 16, 0, 32;
    %part/s 16;
    %pushi/vec4 80, 0, 32;
    %load/vec4 v0x555594bb9450_0;
    %add;
    %ix/vec4/s 4;
    %store/vec4a v0x555594bb9530, 4, 0;
    %pushi/vec4 0, 0, 256;
    %load/vec4 v0x555594bb9450_0;
    %muli 16, 0, 32;
    %part/s 16;
    %pushi/vec4 96, 0, 32;
    %load/vec4 v0x555594bb9450_0;
    %add;
    %ix/vec4/s 4;
    %store/vec4a v0x555594bb9530, 4, 0;
    %pushi/vec4 0, 0, 256;
    %load/vec4 v0x555594bb9450_0;
    %muli 16, 0, 32;
    %part/s 16;
    %pushi/vec4 112, 0, 32;
    %load/vec4 v0x555594bb9450_0;
    %add;
    %ix/vec4/s 4;
    %store/vec4a v0x555594bb9530, 4, 0;
    %pushi/vec4 0, 0, 256;
    %load/vec4 v0x555594bb9450_0;
    %muli 16, 0, 32;
    %part/s 16;
    %pushi/vec4 128, 0, 32;
    %load/vec4 v0x555594bb9450_0;
    %add;
    %ix/vec4/s 4;
    %store/vec4a v0x555594bb9530, 4, 0;
    %pushi/vec4 0, 0, 256;
    %load/vec4 v0x555594bb9450_0;
    %muli 16, 0, 32;
    %part/s 16;
    %pushi/vec4 144, 0, 32;
    %load/vec4 v0x555594bb9450_0;
    %add;
    %ix/vec4/s 4;
    %store/vec4a v0x555594bb9530, 4, 0;
    %pushi/vec4 0, 0, 256;
    %load/vec4 v0x555594bb9450_0;
    %muli 16, 0, 32;
    %part/s 16;
    %pushi/vec4 160, 0, 32;
    %load/vec4 v0x555594bb9450_0;
    %add;
    %ix/vec4/s 4;
    %store/vec4a v0x555594bb9530, 4, 0;
    %pushi/vec4 0, 0, 256;
    %load/vec4 v0x555594bb9450_0;
    %muli 16, 0, 32;
    %part/s 16;
    %pushi/vec4 176, 0, 32;
    %load/vec4 v0x555594bb9450_0;
    %add;
    %ix/vec4/s 4;
    %store/vec4a v0x555594bb9530, 4, 0;
    %pushi/vec4 0, 0, 256;
    %load/vec4 v0x555594bb9450_0;
    %muli 16, 0, 32;
    %part/s 16;
    %pushi/vec4 192, 0, 32;
    %load/vec4 v0x555594bb9450_0;
    %add;
    %ix/vec4/s 4;
    %store/vec4a v0x555594bb9530, 4, 0;
    %pushi/vec4 0, 0, 256;
    %load/vec4 v0x555594bb9450_0;
    %muli 16, 0, 32;
    %part/s 16;
    %pushi/vec4 208, 0, 32;
    %load/vec4 v0x555594bb9450_0;
    %add;
    %ix/vec4/s 4;
    %store/vec4a v0x555594bb9530, 4, 0;
    %pushi/vec4 0, 0, 256;
    %load/vec4 v0x555594bb9450_0;
    %muli 16, 0, 32;
    %part/s 16;
    %pushi/vec4 224, 0, 32;
    %load/vec4 v0x555594bb9450_0;
    %add;
    %ix/vec4/s 4;
    %store/vec4a v0x555594bb9530, 4, 0;
    %pushi/vec4 0, 0, 256;
    %load/vec4 v0x555594bb9450_0;
    %muli 16, 0, 32;
    %part/s 16;
    %pushi/vec4 240, 0, 32;
    %load/vec4 v0x555594bb9450_0;
    %add;
    %ix/vec4/s 4;
    %store/vec4a v0x555594bb9530, 4, 0;
T_87.2 ; for-loop step statement
    %load/vec4 v0x555594bb9450_0;
    %addi 1, 0, 32;
    %store/vec4 v0x555594bb9450_0, 0, 32;
    %jmp T_87.0;
T_87.1 ; for-loop exit label
    %end;
    .thread T_87;
    .scope S_0x555594bb6030;
T_88 ;
    %wait E_0x555594bb7f60;
    %load/vec4 v0x555594bb92b0_0;
    %flag_set/vec4 9;
    %flag_get/vec4 9;
    %jmp/0 T_88.2, 9;
    %load/vec4 v0x555594bb9030_0;
    %and;
T_88.2;
    %flag_set/vec4 8;
    %jmp/0xz  T_88.0, 8;
    %load/vec4 v0x555594bb9370_0;
    %parti/s 1, 0, 2;
    %nor/r;
    %flag_set/vec4 8;
    %jmp/0xz  T_88.3, 8;
    %load/vec4 v0x555594bb91d0_0;
    %parti/s 1, 0, 2;
    %load/vec4 v0x555594bb8e90_0;
    %parti/s 8, 0, 2;
    %pad/u 10;
    %ix/vec4 3;
    %ix/load 4, 0, 0; Constant delay
    %assign/vec4/a/d v0x555594bb9530, 0, 4;
T_88.3 ;
    %load/vec4 v0x555594bb9370_0;
    %parti/s 1, 1, 2;
    %nor/r;
    %flag_set/vec4 8;
    %jmp/0xz  T_88.5, 8;
    %load/vec4 v0x555594bb91d0_0;
    %parti/s 1, 1, 2;
    %load/vec4 v0x555594bb8e90_0;
    %parti/s 8, 0, 2;
    %pad/u 10;
    %ix/vec4 3;
    %ix/load 4, 1, 0; part off
    %ix/load 5, 0, 0; Constant delay
    %assign/vec4/a/d v0x555594bb9530, 4, 5;
T_88.5 ;
    %load/vec4 v0x555594bb9370_0;
    %parti/s 1, 2, 3;
    %nor/r;
    %flag_set/vec4 8;
    %jmp/0xz  T_88.7, 8;
    %load/vec4 v0x555594bb91d0_0;
    %parti/s 1, 2, 3;
    %load/vec4 v0x555594bb8e90_0;
    %parti/s 8, 0, 2;
    %pad/u 10;
    %ix/vec4 3;
    %ix/load 4, 2, 0; part off
    %ix/load 5, 0, 0; Constant delay
    %assign/vec4/a/d v0x555594bb9530, 4, 5;
T_88.7 ;
    %load/vec4 v0x555594bb9370_0;
    %parti/s 1, 3, 3;
    %nor/r;
    %flag_set/vec4 8;
    %jmp/0xz  T_88.9, 8;
    %load/vec4 v0x555594bb91d0_0;
    %parti/s 1, 3, 3;
    %load/vec4 v0x555594bb8e90_0;
    %parti/s 8, 0, 2;
    %pad/u 10;
    %ix/vec4 3;
    %ix/load 4, 3, 0; part off
    %ix/load 5, 0, 0; Constant delay
    %assign/vec4/a/d v0x555594bb9530, 4, 5;
T_88.9 ;
    %load/vec4 v0x555594bb9370_0;
    %parti/s 1, 4, 4;
    %nor/r;
    %flag_set/vec4 8;
    %jmp/0xz  T_88.11, 8;
    %load/vec4 v0x555594bb91d0_0;
    %parti/s 1, 4, 4;
    %load/vec4 v0x555594bb8e90_0;
    %parti/s 8, 0, 2;
    %pad/u 10;
    %ix/vec4 3;
    %ix/load 4, 4, 0; part off
    %ix/load 5, 0, 0; Constant delay
    %assign/vec4/a/d v0x555594bb9530, 4, 5;
T_88.11 ;
    %load/vec4 v0x555594bb9370_0;
    %parti/s 1, 5, 4;
    %nor/r;
    %flag_set/vec4 8;
    %jmp/0xz  T_88.13, 8;
    %load/vec4 v0x555594bb91d0_0;
    %parti/s 1, 5, 4;
    %load/vec4 v0x555594bb8e90_0;
    %parti/s 8, 0, 2;
    %pad/u 10;
    %ix/vec4 3;
    %ix/load 4, 5, 0; part off
    %ix/load 5, 0, 0; Constant delay
    %assign/vec4/a/d v0x555594bb9530, 4, 5;
T_88.13 ;
    %load/vec4 v0x555594bb9370_0;
    %parti/s 1, 6, 4;
    %nor/r;
    %flag_set/vec4 8;
    %jmp/0xz  T_88.15, 8;
    %load/vec4 v0x555594bb91d0_0;
    %parti/s 1, 6, 4;
    %load/vec4 v0x555594bb8e90_0;
    %parti/s 8, 0, 2;
    %pad/u 10;
    %ix/vec4 3;
    %ix/load 4, 6, 0; part off
    %ix/load 5, 0, 0; Constant delay
    %assign/vec4/a/d v0x555594bb9530, 4, 5;
T_88.15 ;
    %load/vec4 v0x555594bb9370_0;
    %parti/s 1, 7, 4;
    %nor/r;
    %flag_set/vec4 8;
    %jmp/0xz  T_88.17, 8;
    %load/vec4 v0x555594bb91d0_0;
    %parti/s 1, 7, 4;
    %load/vec4 v0x555594bb8e90_0;
    %parti/s 8, 0, 2;
    %pad/u 10;
    %ix/vec4 3;
    %ix/load 4, 7, 0; part off
    %ix/load 5, 0, 0; Constant delay
    %assign/vec4/a/d v0x555594bb9530, 4, 5;
T_88.17 ;
    %load/vec4 v0x555594bb9370_0;
    %parti/s 1, 8, 5;
    %nor/r;
    %flag_set/vec4 8;
    %jmp/0xz  T_88.19, 8;
    %load/vec4 v0x555594bb91d0_0;
    %parti/s 1, 8, 5;
    %load/vec4 v0x555594bb8e90_0;
    %parti/s 8, 0, 2;
    %pad/u 10;
    %ix/vec4 3;
    %ix/load 4, 8, 0; part off
    %ix/load 5, 0, 0; Constant delay
    %assign/vec4/a/d v0x555594bb9530, 4, 5;
T_88.19 ;
    %load/vec4 v0x555594bb9370_0;
    %parti/s 1, 9, 5;
    %nor/r;
    %flag_set/vec4 8;
    %jmp/0xz  T_88.21, 8;
    %load/vec4 v0x555594bb91d0_0;
    %parti/s 1, 9, 5;
    %load/vec4 v0x555594bb8e90_0;
    %parti/s 8, 0, 2;
    %pad/u 10;
    %ix/vec4 3;
    %ix/load 4, 9, 0; part off
    %ix/load 5, 0, 0; Constant delay
    %assign/vec4/a/d v0x555594bb9530, 4, 5;
T_88.21 ;
    %load/vec4 v0x555594bb9370_0;
    %parti/s 1, 10, 5;
    %nor/r;
    %flag_set/vec4 8;
    %jmp/0xz  T_88.23, 8;
    %load/vec4 v0x555594bb91d0_0;
    %parti/s 1, 10, 5;
    %load/vec4 v0x555594bb8e90_0;
    %parti/s 8, 0, 2;
    %pad/u 10;
    %ix/vec4 3;
    %ix/load 4, 10, 0; part off
    %ix/load 5, 0, 0; Constant delay
    %assign/vec4/a/d v0x555594bb9530, 4, 5;
T_88.23 ;
    %load/vec4 v0x555594bb9370_0;
    %parti/s 1, 11, 5;
    %nor/r;
    %flag_set/vec4 8;
    %jmp/0xz  T_88.25, 8;
    %load/vec4 v0x555594bb91d0_0;
    %parti/s 1, 11, 5;
    %load/vec4 v0x555594bb8e90_0;
    %parti/s 8, 0, 2;
    %pad/u 10;
    %ix/vec4 3;
    %ix/load 4, 11, 0; part off
    %ix/load 5, 0, 0; Constant delay
    %assign/vec4/a/d v0x555594bb9530, 4, 5;
T_88.25 ;
    %load/vec4 v0x555594bb9370_0;
    %parti/s 1, 12, 5;
    %nor/r;
    %flag_set/vec4 8;
    %jmp/0xz  T_88.27, 8;
    %load/vec4 v0x555594bb91d0_0;
    %parti/s 1, 12, 5;
    %load/vec4 v0x555594bb8e90_0;
    %parti/s 8, 0, 2;
    %pad/u 10;
    %ix/vec4 3;
    %ix/load 4, 12, 0; part off
    %ix/load 5, 0, 0; Constant delay
    %assign/vec4/a/d v0x555594bb9530, 4, 5;
T_88.27 ;
    %load/vec4 v0x555594bb9370_0;
    %parti/s 1, 13, 5;
    %nor/r;
    %flag_set/vec4 8;
    %jmp/0xz  T_88.29, 8;
    %load/vec4 v0x555594bb91d0_0;
    %parti/s 1, 13, 5;
    %load/vec4 v0x555594bb8e90_0;
    %parti/s 8, 0, 2;
    %pad/u 10;
    %ix/vec4 3;
    %ix/load 4, 13, 0; part off
    %ix/load 5, 0, 0; Constant delay
    %assign/vec4/a/d v0x555594bb9530, 4, 5;
T_88.29 ;
    %load/vec4 v0x555594bb9370_0;
    %parti/s 1, 14, 5;
    %nor/r;
    %flag_set/vec4 8;
    %jmp/0xz  T_88.31, 8;
    %load/vec4 v0x555594bb91d0_0;
    %parti/s 1, 14, 5;
    %load/vec4 v0x555594bb8e90_0;
    %parti/s 8, 0, 2;
    %pad/u 10;
    %ix/vec4 3;
    %ix/load 4, 14, 0; part off
    %ix/load 5, 0, 0; Constant delay
    %assign/vec4/a/d v0x555594bb9530, 4, 5;
T_88.31 ;
    %load/vec4 v0x555594bb9370_0;
    %parti/s 1, 15, 5;
    %nor/r;
    %flag_set/vec4 8;
    %jmp/0xz  T_88.33, 8;
    %load/vec4 v0x555594bb91d0_0;
    %parti/s 1, 15, 5;
    %load/vec4 v0x555594bb8e90_0;
    %parti/s 8, 0, 2;
    %pad/u 10;
    %ix/vec4 3;
    %ix/load 4, 15, 0; part off
    %ix/load 5, 0, 0; Constant delay
    %assign/vec4/a/d v0x555594bb9530, 4, 5;
T_88.33 ;
T_88.0 ;
    %jmp T_88;
    .thread T_88;
    .scope S_0x555594bb6030;
T_89 ;
    %wait E_0x555594bb7ee0;
    %load/vec4 v0x555594bb8cf0_0;
    %flag_set/vec4 9;
    %flag_get/vec4 9;
    %jmp/0 T_89.2, 9;
    %load/vec4 v0x555594bb8a20_0;
    %and;
T_89.2;
    %flag_set/vec4 8;
    %jmp/0xz  T_89.0, 8;
    %load/vec4 v0x555594bb8870_0;
    %parti/s 8, 0, 2;
    %pad/u 10;
    %ix/vec4 4;
    %load/vec4a v0x555594bb9530, 4;
    %load/vec4 v0x555594bb8db0_0;
    %inv;
    %and;
    %assign/vec4 v0x555594bb8c10_0, 0;
T_89.0 ;
    %jmp T_89;
    .thread T_89;
    .scope S_0x555594bba230;
T_90 ;
    %pushi/vec4 0, 0, 32;
    %store/vec4 v0x555594bbd790_0, 0, 32;
T_90.0 ; Top of for-loop
    %load/vec4 v0x555594bbd790_0;
    %cmpi/s 16, 0, 32;
	  %jmp/0xz T_90.1, 5;
    %pushi/vec4 0, 0, 256;
    %load/vec4 v0x555594bbd790_0;
    %muli 16, 0, 32;
    %part/s 16;
    %pushi/vec4 0, 0, 32;
    %load/vec4 v0x555594bbd790_0;
    %add;
    %ix/vec4/s 4;
    %store/vec4a v0x555594bbd870, 4, 0;
    %pushi/vec4 0, 0, 256;
    %load/vec4 v0x555594bbd790_0;
    %muli 16, 0, 32;
    %part/s 16;
    %pushi/vec4 16, 0, 32;
    %load/vec4 v0x555594bbd790_0;
    %add;
    %ix/vec4/s 4;
    %store/vec4a v0x555594bbd870, 4, 0;
    %pushi/vec4 0, 0, 256;
    %load/vec4 v0x555594bbd790_0;
    %muli 16, 0, 32;
    %part/s 16;
    %pushi/vec4 32, 0, 32;
    %load/vec4 v0x555594bbd790_0;
    %add;
    %ix/vec4/s 4;
    %store/vec4a v0x555594bbd870, 4, 0;
    %pushi/vec4 0, 0, 256;
    %load/vec4 v0x555594bbd790_0;
    %muli 16, 0, 32;
    %part/s 16;
    %pushi/vec4 48, 0, 32;
    %load/vec4 v0x555594bbd790_0;
    %add;
    %ix/vec4/s 4;
    %store/vec4a v0x555594bbd870, 4, 0;
    %pushi/vec4 0, 0, 256;
    %load/vec4 v0x555594bbd790_0;
    %muli 16, 0, 32;
    %part/s 16;
    %pushi/vec4 64, 0, 32;
    %load/vec4 v0x555594bbd790_0;
    %add;
    %ix/vec4/s 4;
    %store/vec4a v0x555594bbd870, 4, 0;
    %pushi/vec4 0, 0, 256;
    %load/vec4 v0x555594bbd790_0;
    %muli 16, 0, 32;
    %part/s 16;
    %pushi/vec4 80, 0, 32;
    %load/vec4 v0x555594bbd790_0;
    %add;
    %ix/vec4/s 4;
    %store/vec4a v0x555594bbd870, 4, 0;
    %pushi/vec4 0, 0, 256;
    %load/vec4 v0x555594bbd790_0;
    %muli 16, 0, 32;
    %part/s 16;
    %pushi/vec4 96, 0, 32;
    %load/vec4 v0x555594bbd790_0;
    %add;
    %ix/vec4/s 4;
    %store/vec4a v0x555594bbd870, 4, 0;
    %pushi/vec4 0, 0, 256;
    %load/vec4 v0x555594bbd790_0;
    %muli 16, 0, 32;
    %part/s 16;
    %pushi/vec4 112, 0, 32;
    %load/vec4 v0x555594bbd790_0;
    %add;
    %ix/vec4/s 4;
    %store/vec4a v0x555594bbd870, 4, 0;
    %pushi/vec4 0, 0, 256;
    %load/vec4 v0x555594bbd790_0;
    %muli 16, 0, 32;
    %part/s 16;
    %pushi/vec4 128, 0, 32;
    %load/vec4 v0x555594bbd790_0;
    %add;
    %ix/vec4/s 4;
    %store/vec4a v0x555594bbd870, 4, 0;
    %pushi/vec4 0, 0, 256;
    %load/vec4 v0x555594bbd790_0;
    %muli 16, 0, 32;
    %part/s 16;
    %pushi/vec4 144, 0, 32;
    %load/vec4 v0x555594bbd790_0;
    %add;
    %ix/vec4/s 4;
    %store/vec4a v0x555594bbd870, 4, 0;
    %pushi/vec4 0, 0, 256;
    %load/vec4 v0x555594bbd790_0;
    %muli 16, 0, 32;
    %part/s 16;
    %pushi/vec4 160, 0, 32;
    %load/vec4 v0x555594bbd790_0;
    %add;
    %ix/vec4/s 4;
    %store/vec4a v0x555594bbd870, 4, 0;
    %pushi/vec4 0, 0, 256;
    %load/vec4 v0x555594bbd790_0;
    %muli 16, 0, 32;
    %part/s 16;
    %pushi/vec4 176, 0, 32;
    %load/vec4 v0x555594bbd790_0;
    %add;
    %ix/vec4/s 4;
    %store/vec4a v0x555594bbd870, 4, 0;
    %pushi/vec4 0, 0, 256;
    %load/vec4 v0x555594bbd790_0;
    %muli 16, 0, 32;
    %part/s 16;
    %pushi/vec4 192, 0, 32;
    %load/vec4 v0x555594bbd790_0;
    %add;
    %ix/vec4/s 4;
    %store/vec4a v0x555594bbd870, 4, 0;
    %pushi/vec4 0, 0, 256;
    %load/vec4 v0x555594bbd790_0;
    %muli 16, 0, 32;
    %part/s 16;
    %pushi/vec4 208, 0, 32;
    %load/vec4 v0x555594bbd790_0;
    %add;
    %ix/vec4/s 4;
    %store/vec4a v0x555594bbd870, 4, 0;
    %pushi/vec4 0, 0, 256;
    %load/vec4 v0x555594bbd790_0;
    %muli 16, 0, 32;
    %part/s 16;
    %pushi/vec4 224, 0, 32;
    %load/vec4 v0x555594bbd790_0;
    %add;
    %ix/vec4/s 4;
    %store/vec4a v0x555594bbd870, 4, 0;
    %pushi/vec4 0, 0, 256;
    %load/vec4 v0x555594bbd790_0;
    %muli 16, 0, 32;
    %part/s 16;
    %pushi/vec4 240, 0, 32;
    %load/vec4 v0x555594bbd790_0;
    %add;
    %ix/vec4/s 4;
    %store/vec4a v0x555594bbd870, 4, 0;
T_90.2 ; for-loop step statement
    %load/vec4 v0x555594bbd790_0;
    %addi 1, 0, 32;
    %store/vec4 v0x555594bbd790_0, 0, 32;
    %jmp T_90.0;
T_90.1 ; for-loop exit label
    %end;
    .thread T_90;
    .scope S_0x555594bba230;
T_91 ;
    %wait E_0x555594bbc2a0;
    %load/vec4 v0x555594bbd5f0_0;
    %flag_set/vec4 9;
    %flag_get/vec4 9;
    %jmp/0 T_91.2, 9;
    %load/vec4 v0x555594bbd370_0;
    %and;
T_91.2;
    %flag_set/vec4 8;
    %jmp/0xz  T_91.0, 8;
    %load/vec4 v0x555594bbd6b0_0;
    %parti/s 1, 0, 2;
    %nor/r;
    %flag_set/vec4 8;
    %jmp/0xz  T_91.3, 8;
    %load/vec4 v0x555594bbd510_0;
    %parti/s 1, 0, 2;
    %load/vec4 v0x555594bbd1d0_0;
    %parti/s 8, 0, 2;
    %pad/u 10;
    %ix/vec4 3;
    %ix/load 4, 0, 0; Constant delay
    %assign/vec4/a/d v0x555594bbd870, 0, 4;
T_91.3 ;
    %load/vec4 v0x555594bbd6b0_0;
    %parti/s 1, 1, 2;
    %nor/r;
    %flag_set/vec4 8;
    %jmp/0xz  T_91.5, 8;
    %load/vec4 v0x555594bbd510_0;
    %parti/s 1, 1, 2;
    %load/vec4 v0x555594bbd1d0_0;
    %parti/s 8, 0, 2;
    %pad/u 10;
    %ix/vec4 3;
    %ix/load 4, 1, 0; part off
    %ix/load 5, 0, 0; Constant delay
    %assign/vec4/a/d v0x555594bbd870, 4, 5;
T_91.5 ;
    %load/vec4 v0x555594bbd6b0_0;
    %parti/s 1, 2, 3;
    %nor/r;
    %flag_set/vec4 8;
    %jmp/0xz  T_91.7, 8;
    %load/vec4 v0x555594bbd510_0;
    %parti/s 1, 2, 3;
    %load/vec4 v0x555594bbd1d0_0;
    %parti/s 8, 0, 2;
    %pad/u 10;
    %ix/vec4 3;
    %ix/load 4, 2, 0; part off
    %ix/load 5, 0, 0; Constant delay
    %assign/vec4/a/d v0x555594bbd870, 4, 5;
T_91.7 ;
    %load/vec4 v0x555594bbd6b0_0;
    %parti/s 1, 3, 3;
    %nor/r;
    %flag_set/vec4 8;
    %jmp/0xz  T_91.9, 8;
    %load/vec4 v0x555594bbd510_0;
    %parti/s 1, 3, 3;
    %load/vec4 v0x555594bbd1d0_0;
    %parti/s 8, 0, 2;
    %pad/u 10;
    %ix/vec4 3;
    %ix/load 4, 3, 0; part off
    %ix/load 5, 0, 0; Constant delay
    %assign/vec4/a/d v0x555594bbd870, 4, 5;
T_91.9 ;
    %load/vec4 v0x555594bbd6b0_0;
    %parti/s 1, 4, 4;
    %nor/r;
    %flag_set/vec4 8;
    %jmp/0xz  T_91.11, 8;
    %load/vec4 v0x555594bbd510_0;
    %parti/s 1, 4, 4;
    %load/vec4 v0x555594bbd1d0_0;
    %parti/s 8, 0, 2;
    %pad/u 10;
    %ix/vec4 3;
    %ix/load 4, 4, 0; part off
    %ix/load 5, 0, 0; Constant delay
    %assign/vec4/a/d v0x555594bbd870, 4, 5;
T_91.11 ;
    %load/vec4 v0x555594bbd6b0_0;
    %parti/s 1, 5, 4;
    %nor/r;
    %flag_set/vec4 8;
    %jmp/0xz  T_91.13, 8;
    %load/vec4 v0x555594bbd510_0;
    %parti/s 1, 5, 4;
    %load/vec4 v0x555594bbd1d0_0;
    %parti/s 8, 0, 2;
    %pad/u 10;
    %ix/vec4 3;
    %ix/load 4, 5, 0; part off
    %ix/load 5, 0, 0; Constant delay
    %assign/vec4/a/d v0x555594bbd870, 4, 5;
T_91.13 ;
    %load/vec4 v0x555594bbd6b0_0;
    %parti/s 1, 6, 4;
    %nor/r;
    %flag_set/vec4 8;
    %jmp/0xz  T_91.15, 8;
    %load/vec4 v0x555594bbd510_0;
    %parti/s 1, 6, 4;
    %load/vec4 v0x555594bbd1d0_0;
    %parti/s 8, 0, 2;
    %pad/u 10;
    %ix/vec4 3;
    %ix/load 4, 6, 0; part off
    %ix/load 5, 0, 0; Constant delay
    %assign/vec4/a/d v0x555594bbd870, 4, 5;
T_91.15 ;
    %load/vec4 v0x555594bbd6b0_0;
    %parti/s 1, 7, 4;
    %nor/r;
    %flag_set/vec4 8;
    %jmp/0xz  T_91.17, 8;
    %load/vec4 v0x555594bbd510_0;
    %parti/s 1, 7, 4;
    %load/vec4 v0x555594bbd1d0_0;
    %parti/s 8, 0, 2;
    %pad/u 10;
    %ix/vec4 3;
    %ix/load 4, 7, 0; part off
    %ix/load 5, 0, 0; Constant delay
    %assign/vec4/a/d v0x555594bbd870, 4, 5;
T_91.17 ;
    %load/vec4 v0x555594bbd6b0_0;
    %parti/s 1, 8, 5;
    %nor/r;
    %flag_set/vec4 8;
    %jmp/0xz  T_91.19, 8;
    %load/vec4 v0x555594bbd510_0;
    %parti/s 1, 8, 5;
    %load/vec4 v0x555594bbd1d0_0;
    %parti/s 8, 0, 2;
    %pad/u 10;
    %ix/vec4 3;
    %ix/load 4, 8, 0; part off
    %ix/load 5, 0, 0; Constant delay
    %assign/vec4/a/d v0x555594bbd870, 4, 5;
T_91.19 ;
    %load/vec4 v0x555594bbd6b0_0;
    %parti/s 1, 9, 5;
    %nor/r;
    %flag_set/vec4 8;
    %jmp/0xz  T_91.21, 8;
    %load/vec4 v0x555594bbd510_0;
    %parti/s 1, 9, 5;
    %load/vec4 v0x555594bbd1d0_0;
    %parti/s 8, 0, 2;
    %pad/u 10;
    %ix/vec4 3;
    %ix/load 4, 9, 0; part off
    %ix/load 5, 0, 0; Constant delay
    %assign/vec4/a/d v0x555594bbd870, 4, 5;
T_91.21 ;
    %load/vec4 v0x555594bbd6b0_0;
    %parti/s 1, 10, 5;
    %nor/r;
    %flag_set/vec4 8;
    %jmp/0xz  T_91.23, 8;
    %load/vec4 v0x555594bbd510_0;
    %parti/s 1, 10, 5;
    %load/vec4 v0x555594bbd1d0_0;
    %parti/s 8, 0, 2;
    %pad/u 10;
    %ix/vec4 3;
    %ix/load 4, 10, 0; part off
    %ix/load 5, 0, 0; Constant delay
    %assign/vec4/a/d v0x555594bbd870, 4, 5;
T_91.23 ;
    %load/vec4 v0x555594bbd6b0_0;
    %parti/s 1, 11, 5;
    %nor/r;
    %flag_set/vec4 8;
    %jmp/0xz  T_91.25, 8;
    %load/vec4 v0x555594bbd510_0;
    %parti/s 1, 11, 5;
    %load/vec4 v0x555594bbd1d0_0;
    %parti/s 8, 0, 2;
    %pad/u 10;
    %ix/vec4 3;
    %ix/load 4, 11, 0; part off
    %ix/load 5, 0, 0; Constant delay
    %assign/vec4/a/d v0x555594bbd870, 4, 5;
T_91.25 ;
    %load/vec4 v0x555594bbd6b0_0;
    %parti/s 1, 12, 5;
    %nor/r;
    %flag_set/vec4 8;
    %jmp/0xz  T_91.27, 8;
    %load/vec4 v0x555594bbd510_0;
    %parti/s 1, 12, 5;
    %load/vec4 v0x555594bbd1d0_0;
    %parti/s 8, 0, 2;
    %pad/u 10;
    %ix/vec4 3;
    %ix/load 4, 12, 0; part off
    %ix/load 5, 0, 0; Constant delay
    %assign/vec4/a/d v0x555594bbd870, 4, 5;
T_91.27 ;
    %load/vec4 v0x555594bbd6b0_0;
    %parti/s 1, 13, 5;
    %nor/r;
    %flag_set/vec4 8;
    %jmp/0xz  T_91.29, 8;
    %load/vec4 v0x555594bbd510_0;
    %parti/s 1, 13, 5;
    %load/vec4 v0x555594bbd1d0_0;
    %parti/s 8, 0, 2;
    %pad/u 10;
    %ix/vec4 3;
    %ix/load 4, 13, 0; part off
    %ix/load 5, 0, 0; Constant delay
    %assign/vec4/a/d v0x555594bbd870, 4, 5;
T_91.29 ;
    %load/vec4 v0x555594bbd6b0_0;
    %parti/s 1, 14, 5;
    %nor/r;
    %flag_set/vec4 8;
    %jmp/0xz  T_91.31, 8;
    %load/vec4 v0x555594bbd510_0;
    %parti/s 1, 14, 5;
    %load/vec4 v0x555594bbd1d0_0;
    %parti/s 8, 0, 2;
    %pad/u 10;
    %ix/vec4 3;
    %ix/load 4, 14, 0; part off
    %ix/load 5, 0, 0; Constant delay
    %assign/vec4/a/d v0x555594bbd870, 4, 5;
T_91.31 ;
    %load/vec4 v0x555594bbd6b0_0;
    %parti/s 1, 15, 5;
    %nor/r;
    %flag_set/vec4 8;
    %jmp/0xz  T_91.33, 8;
    %load/vec4 v0x555594bbd510_0;
    %parti/s 1, 15, 5;
    %load/vec4 v0x555594bbd1d0_0;
    %parti/s 8, 0, 2;
    %pad/u 10;
    %ix/vec4 3;
    %ix/load 4, 15, 0; part off
    %ix/load 5, 0, 0; Constant delay
    %assign/vec4/a/d v0x555594bbd870, 4, 5;
T_91.33 ;
T_91.0 ;
    %jmp T_91;
    .thread T_91;
    .scope S_0x555594bba230;
T_92 ;
    %wait E_0x555594bbc220;
    %load/vec4 v0x555594bbd030_0;
    %flag_set/vec4 9;
    %flag_get/vec4 9;
    %jmp/0 T_92.2, 9;
    %load/vec4 v0x555594bbcd60_0;
    %and;
T_92.2;
    %flag_set/vec4 8;
    %jmp/0xz  T_92.0, 8;
    %load/vec4 v0x555594bbcbb0_0;
    %parti/s 8, 0, 2;
    %pad/u 10;
    %ix/vec4 4;
    %load/vec4a v0x555594bbd870, 4;
    %load/vec4 v0x555594bbd0f0_0;
    %inv;
    %and;
    %assign/vec4 v0x555594bbcf50_0, 0;
T_92.0 ;
    %jmp T_92;
    .thread T_92;
    .scope S_0x555594bbe580;
T_93 ;
    %pushi/vec4 0, 0, 32;
    %store/vec4 v0x555594bc1ae0_0, 0, 32;
T_93.0 ; Top of for-loop
    %load/vec4 v0x555594bc1ae0_0;
    %cmpi/s 16, 0, 32;
	  %jmp/0xz T_93.1, 5;
    %pushi/vec4 0, 0, 256;
    %load/vec4 v0x555594bc1ae0_0;
    %muli 16, 0, 32;
    %part/s 16;
    %pushi/vec4 0, 0, 32;
    %load/vec4 v0x555594bc1ae0_0;
    %add;
    %ix/vec4/s 4;
    %store/vec4a v0x555594bc1bc0, 4, 0;
    %pushi/vec4 0, 0, 256;
    %load/vec4 v0x555594bc1ae0_0;
    %muli 16, 0, 32;
    %part/s 16;
    %pushi/vec4 16, 0, 32;
    %load/vec4 v0x555594bc1ae0_0;
    %add;
    %ix/vec4/s 4;
    %store/vec4a v0x555594bc1bc0, 4, 0;
    %pushi/vec4 0, 0, 256;
    %load/vec4 v0x555594bc1ae0_0;
    %muli 16, 0, 32;
    %part/s 16;
    %pushi/vec4 32, 0, 32;
    %load/vec4 v0x555594bc1ae0_0;
    %add;
    %ix/vec4/s 4;
    %store/vec4a v0x555594bc1bc0, 4, 0;
    %pushi/vec4 0, 0, 256;
    %load/vec4 v0x555594bc1ae0_0;
    %muli 16, 0, 32;
    %part/s 16;
    %pushi/vec4 48, 0, 32;
    %load/vec4 v0x555594bc1ae0_0;
    %add;
    %ix/vec4/s 4;
    %store/vec4a v0x555594bc1bc0, 4, 0;
    %pushi/vec4 0, 0, 256;
    %load/vec4 v0x555594bc1ae0_0;
    %muli 16, 0, 32;
    %part/s 16;
    %pushi/vec4 64, 0, 32;
    %load/vec4 v0x555594bc1ae0_0;
    %add;
    %ix/vec4/s 4;
    %store/vec4a v0x555594bc1bc0, 4, 0;
    %pushi/vec4 0, 0, 256;
    %load/vec4 v0x555594bc1ae0_0;
    %muli 16, 0, 32;
    %part/s 16;
    %pushi/vec4 80, 0, 32;
    %load/vec4 v0x555594bc1ae0_0;
    %add;
    %ix/vec4/s 4;
    %store/vec4a v0x555594bc1bc0, 4, 0;
    %pushi/vec4 0, 0, 256;
    %load/vec4 v0x555594bc1ae0_0;
    %muli 16, 0, 32;
    %part/s 16;
    %pushi/vec4 96, 0, 32;
    %load/vec4 v0x555594bc1ae0_0;
    %add;
    %ix/vec4/s 4;
    %store/vec4a v0x555594bc1bc0, 4, 0;
    %pushi/vec4 0, 0, 256;
    %load/vec4 v0x555594bc1ae0_0;
    %muli 16, 0, 32;
    %part/s 16;
    %pushi/vec4 112, 0, 32;
    %load/vec4 v0x555594bc1ae0_0;
    %add;
    %ix/vec4/s 4;
    %store/vec4a v0x555594bc1bc0, 4, 0;
    %pushi/vec4 0, 0, 256;
    %load/vec4 v0x555594bc1ae0_0;
    %muli 16, 0, 32;
    %part/s 16;
    %pushi/vec4 128, 0, 32;
    %load/vec4 v0x555594bc1ae0_0;
    %add;
    %ix/vec4/s 4;
    %store/vec4a v0x555594bc1bc0, 4, 0;
    %pushi/vec4 0, 0, 256;
    %load/vec4 v0x555594bc1ae0_0;
    %muli 16, 0, 32;
    %part/s 16;
    %pushi/vec4 144, 0, 32;
    %load/vec4 v0x555594bc1ae0_0;
    %add;
    %ix/vec4/s 4;
    %store/vec4a v0x555594bc1bc0, 4, 0;
    %pushi/vec4 0, 0, 256;
    %load/vec4 v0x555594bc1ae0_0;
    %muli 16, 0, 32;
    %part/s 16;
    %pushi/vec4 160, 0, 32;
    %load/vec4 v0x555594bc1ae0_0;
    %add;
    %ix/vec4/s 4;
    %store/vec4a v0x555594bc1bc0, 4, 0;
    %pushi/vec4 0, 0, 256;
    %load/vec4 v0x555594bc1ae0_0;
    %muli 16, 0, 32;
    %part/s 16;
    %pushi/vec4 176, 0, 32;
    %load/vec4 v0x555594bc1ae0_0;
    %add;
    %ix/vec4/s 4;
    %store/vec4a v0x555594bc1bc0, 4, 0;
    %pushi/vec4 0, 0, 256;
    %load/vec4 v0x555594bc1ae0_0;
    %muli 16, 0, 32;
    %part/s 16;
    %pushi/vec4 192, 0, 32;
    %load/vec4 v0x555594bc1ae0_0;
    %add;
    %ix/vec4/s 4;
    %store/vec4a v0x555594bc1bc0, 4, 0;
    %pushi/vec4 0, 0, 256;
    %load/vec4 v0x555594bc1ae0_0;
    %muli 16, 0, 32;
    %part/s 16;
    %pushi/vec4 208, 0, 32;
    %load/vec4 v0x555594bc1ae0_0;
    %add;
    %ix/vec4/s 4;
    %store/vec4a v0x555594bc1bc0, 4, 0;
    %pushi/vec4 0, 0, 256;
    %load/vec4 v0x555594bc1ae0_0;
    %muli 16, 0, 32;
    %part/s 16;
    %pushi/vec4 224, 0, 32;
    %load/vec4 v0x555594bc1ae0_0;
    %add;
    %ix/vec4/s 4;
    %store/vec4a v0x555594bc1bc0, 4, 0;
    %pushi/vec4 0, 0, 256;
    %load/vec4 v0x555594bc1ae0_0;
    %muli 16, 0, 32;
    %part/s 16;
    %pushi/vec4 240, 0, 32;
    %load/vec4 v0x555594bc1ae0_0;
    %add;
    %ix/vec4/s 4;
    %store/vec4a v0x555594bc1bc0, 4, 0;
T_93.2 ; for-loop step statement
    %load/vec4 v0x555594bc1ae0_0;
    %addi 1, 0, 32;
    %store/vec4 v0x555594bc1ae0_0, 0, 32;
    %jmp T_93.0;
T_93.1 ; for-loop exit label
    %end;
    .thread T_93;
    .scope S_0x555594bbe580;
T_94 ;
    %wait E_0x555594bc05f0;
    %load/vec4 v0x555594bc1940_0;
    %flag_set/vec4 9;
    %flag_get/vec4 9;
    %jmp/0 T_94.2, 9;
    %load/vec4 v0x555594bc16c0_0;
    %and;
T_94.2;
    %flag_set/vec4 8;
    %jmp/0xz  T_94.0, 8;
    %load/vec4 v0x555594bc1a00_0;
    %parti/s 1, 0, 2;
    %nor/r;
    %flag_set/vec4 8;
    %jmp/0xz  T_94.3, 8;
    %load/vec4 v0x555594bc1860_0;
    %parti/s 1, 0, 2;
    %load/vec4 v0x555594bc1520_0;
    %parti/s 8, 0, 2;
    %pad/u 10;
    %ix/vec4 3;
    %ix/load 4, 0, 0; Constant delay
    %assign/vec4/a/d v0x555594bc1bc0, 0, 4;
T_94.3 ;
    %load/vec4 v0x555594bc1a00_0;
    %parti/s 1, 1, 2;
    %nor/r;
    %flag_set/vec4 8;
    %jmp/0xz  T_94.5, 8;
    %load/vec4 v0x555594bc1860_0;
    %parti/s 1, 1, 2;
    %load/vec4 v0x555594bc1520_0;
    %parti/s 8, 0, 2;
    %pad/u 10;
    %ix/vec4 3;
    %ix/load 4, 1, 0; part off
    %ix/load 5, 0, 0; Constant delay
    %assign/vec4/a/d v0x555594bc1bc0, 4, 5;
T_94.5 ;
    %load/vec4 v0x555594bc1a00_0;
    %parti/s 1, 2, 3;
    %nor/r;
    %flag_set/vec4 8;
    %jmp/0xz  T_94.7, 8;
    %load/vec4 v0x555594bc1860_0;
    %parti/s 1, 2, 3;
    %load/vec4 v0x555594bc1520_0;
    %parti/s 8, 0, 2;
    %pad/u 10;
    %ix/vec4 3;
    %ix/load 4, 2, 0; part off
    %ix/load 5, 0, 0; Constant delay
    %assign/vec4/a/d v0x555594bc1bc0, 4, 5;
T_94.7 ;
    %load/vec4 v0x555594bc1a00_0;
    %parti/s 1, 3, 3;
    %nor/r;
    %flag_set/vec4 8;
    %jmp/0xz  T_94.9, 8;
    %load/vec4 v0x555594bc1860_0;
    %parti/s 1, 3, 3;
    %load/vec4 v0x555594bc1520_0;
    %parti/s 8, 0, 2;
    %pad/u 10;
    %ix/vec4 3;
    %ix/load 4, 3, 0; part off
    %ix/load 5, 0, 0; Constant delay
    %assign/vec4/a/d v0x555594bc1bc0, 4, 5;
T_94.9 ;
    %load/vec4 v0x555594bc1a00_0;
    %parti/s 1, 4, 4;
    %nor/r;
    %flag_set/vec4 8;
    %jmp/0xz  T_94.11, 8;
    %load/vec4 v0x555594bc1860_0;
    %parti/s 1, 4, 4;
    %load/vec4 v0x555594bc1520_0;
    %parti/s 8, 0, 2;
    %pad/u 10;
    %ix/vec4 3;
    %ix/load 4, 4, 0; part off
    %ix/load 5, 0, 0; Constant delay
    %assign/vec4/a/d v0x555594bc1bc0, 4, 5;
T_94.11 ;
    %load/vec4 v0x555594bc1a00_0;
    %parti/s 1, 5, 4;
    %nor/r;
    %flag_set/vec4 8;
    %jmp/0xz  T_94.13, 8;
    %load/vec4 v0x555594bc1860_0;
    %parti/s 1, 5, 4;
    %load/vec4 v0x555594bc1520_0;
    %parti/s 8, 0, 2;
    %pad/u 10;
    %ix/vec4 3;
    %ix/load 4, 5, 0; part off
    %ix/load 5, 0, 0; Constant delay
    %assign/vec4/a/d v0x555594bc1bc0, 4, 5;
T_94.13 ;
    %load/vec4 v0x555594bc1a00_0;
    %parti/s 1, 6, 4;
    %nor/r;
    %flag_set/vec4 8;
    %jmp/0xz  T_94.15, 8;
    %load/vec4 v0x555594bc1860_0;
    %parti/s 1, 6, 4;
    %load/vec4 v0x555594bc1520_0;
    %parti/s 8, 0, 2;
    %pad/u 10;
    %ix/vec4 3;
    %ix/load 4, 6, 0; part off
    %ix/load 5, 0, 0; Constant delay
    %assign/vec4/a/d v0x555594bc1bc0, 4, 5;
T_94.15 ;
    %load/vec4 v0x555594bc1a00_0;
    %parti/s 1, 7, 4;
    %nor/r;
    %flag_set/vec4 8;
    %jmp/0xz  T_94.17, 8;
    %load/vec4 v0x555594bc1860_0;
    %parti/s 1, 7, 4;
    %load/vec4 v0x555594bc1520_0;
    %parti/s 8, 0, 2;
    %pad/u 10;
    %ix/vec4 3;
    %ix/load 4, 7, 0; part off
    %ix/load 5, 0, 0; Constant delay
    %assign/vec4/a/d v0x555594bc1bc0, 4, 5;
T_94.17 ;
    %load/vec4 v0x555594bc1a00_0;
    %parti/s 1, 8, 5;
    %nor/r;
    %flag_set/vec4 8;
    %jmp/0xz  T_94.19, 8;
    %load/vec4 v0x555594bc1860_0;
    %parti/s 1, 8, 5;
    %load/vec4 v0x555594bc1520_0;
    %parti/s 8, 0, 2;
    %pad/u 10;
    %ix/vec4 3;
    %ix/load 4, 8, 0; part off
    %ix/load 5, 0, 0; Constant delay
    %assign/vec4/a/d v0x555594bc1bc0, 4, 5;
T_94.19 ;
    %load/vec4 v0x555594bc1a00_0;
    %parti/s 1, 9, 5;
    %nor/r;
    %flag_set/vec4 8;
    %jmp/0xz  T_94.21, 8;
    %load/vec4 v0x555594bc1860_0;
    %parti/s 1, 9, 5;
    %load/vec4 v0x555594bc1520_0;
    %parti/s 8, 0, 2;
    %pad/u 10;
    %ix/vec4 3;
    %ix/load 4, 9, 0; part off
    %ix/load 5, 0, 0; Constant delay
    %assign/vec4/a/d v0x555594bc1bc0, 4, 5;
T_94.21 ;
    %load/vec4 v0x555594bc1a00_0;
    %parti/s 1, 10, 5;
    %nor/r;
    %flag_set/vec4 8;
    %jmp/0xz  T_94.23, 8;
    %load/vec4 v0x555594bc1860_0;
    %parti/s 1, 10, 5;
    %load/vec4 v0x555594bc1520_0;
    %parti/s 8, 0, 2;
    %pad/u 10;
    %ix/vec4 3;
    %ix/load 4, 10, 0; part off
    %ix/load 5, 0, 0; Constant delay
    %assign/vec4/a/d v0x555594bc1bc0, 4, 5;
T_94.23 ;
    %load/vec4 v0x555594bc1a00_0;
    %parti/s 1, 11, 5;
    %nor/r;
    %flag_set/vec4 8;
    %jmp/0xz  T_94.25, 8;
    %load/vec4 v0x555594bc1860_0;
    %parti/s 1, 11, 5;
    %load/vec4 v0x555594bc1520_0;
    %parti/s 8, 0, 2;
    %pad/u 10;
    %ix/vec4 3;
    %ix/load 4, 11, 0; part off
    %ix/load 5, 0, 0; Constant delay
    %assign/vec4/a/d v0x555594bc1bc0, 4, 5;
T_94.25 ;
    %load/vec4 v0x555594bc1a00_0;
    %parti/s 1, 12, 5;
    %nor/r;
    %flag_set/vec4 8;
    %jmp/0xz  T_94.27, 8;
    %load/vec4 v0x555594bc1860_0;
    %parti/s 1, 12, 5;
    %load/vec4 v0x555594bc1520_0;
    %parti/s 8, 0, 2;
    %pad/u 10;
    %ix/vec4 3;
    %ix/load 4, 12, 0; part off
    %ix/load 5, 0, 0; Constant delay
    %assign/vec4/a/d v0x555594bc1bc0, 4, 5;
T_94.27 ;
    %load/vec4 v0x555594bc1a00_0;
    %parti/s 1, 13, 5;
    %nor/r;
    %flag_set/vec4 8;
    %jmp/0xz  T_94.29, 8;
    %load/vec4 v0x555594bc1860_0;
    %parti/s 1, 13, 5;
    %load/vec4 v0x555594bc1520_0;
    %parti/s 8, 0, 2;
    %pad/u 10;
    %ix/vec4 3;
    %ix/load 4, 13, 0; part off
    %ix/load 5, 0, 0; Constant delay
    %assign/vec4/a/d v0x555594bc1bc0, 4, 5;
T_94.29 ;
    %load/vec4 v0x555594bc1a00_0;
    %parti/s 1, 14, 5;
    %nor/r;
    %flag_set/vec4 8;
    %jmp/0xz  T_94.31, 8;
    %load/vec4 v0x555594bc1860_0;
    %parti/s 1, 14, 5;
    %load/vec4 v0x555594bc1520_0;
    %parti/s 8, 0, 2;
    %pad/u 10;
    %ix/vec4 3;
    %ix/load 4, 14, 0; part off
    %ix/load 5, 0, 0; Constant delay
    %assign/vec4/a/d v0x555594bc1bc0, 4, 5;
T_94.31 ;
    %load/vec4 v0x555594bc1a00_0;
    %parti/s 1, 15, 5;
    %nor/r;
    %flag_set/vec4 8;
    %jmp/0xz  T_94.33, 8;
    %load/vec4 v0x555594bc1860_0;
    %parti/s 1, 15, 5;
    %load/vec4 v0x555594bc1520_0;
    %parti/s 8, 0, 2;
    %pad/u 10;
    %ix/vec4 3;
    %ix/load 4, 15, 0; part off
    %ix/load 5, 0, 0; Constant delay
    %assign/vec4/a/d v0x555594bc1bc0, 4, 5;
T_94.33 ;
T_94.0 ;
    %jmp T_94;
    .thread T_94;
    .scope S_0x555594bbe580;
T_95 ;
    %wait E_0x555594bc0570;
    %load/vec4 v0x555594bc1380_0;
    %flag_set/vec4 9;
    %flag_get/vec4 9;
    %jmp/0 T_95.2, 9;
    %load/vec4 v0x555594bc10b0_0;
    %and;
T_95.2;
    %flag_set/vec4 8;
    %jmp/0xz  T_95.0, 8;
    %load/vec4 v0x555594bc0f00_0;
    %parti/s 8, 0, 2;
    %pad/u 10;
    %ix/vec4 4;
    %load/vec4a v0x555594bc1bc0, 4;
    %load/vec4 v0x555594bc1440_0;
    %inv;
    %and;
    %assign/vec4 v0x555594bc12a0_0, 0;
T_95.0 ;
    %jmp T_95;
    .thread T_95;
    .scope S_0x5555949e8460;
T_96 ;
    %wait E_0x555594bc6540;
    %pushi/vec4 0, 0, 32;
    %store/vec4 v0x555594bc6e60_0, 0, 32;
T_96.0 ; Top of for-loop
    %load/vec4 v0x555594bc6e60_0;
    %cmpi/s 16383, 0, 32;
    %flag_or 5, 4;
	  %jmp/0xz T_96.1, 5;
    %pushi/vec4 65535, 65535, 16;
    %ix/getv/s 4, v0x555594bc6e60_0;
    %store/vec4a v0x555594bc6f40, 4, 0;
T_96.2 ; for-loop step statement
    %load/vec4 v0x555594bc6e60_0;
    %addi 1, 0, 32;
    %store/vec4 v0x555594bc6e60_0, 0, 32;
    %jmp T_96.0;
T_96.1 ; for-loop exit label
    %jmp T_96;
    .thread T_96;
    .scope S_0x5555949e8460;
T_97 ;
    %wait E_0x555594bc64c0;
    %load/vec4 v0x555594bc7000_0;
    %flag_set/vec4 8;
    %jmp/0xz  T_97.0, 8;
    %pushi/vec4 0, 0, 16;
    %assign/vec4 v0x555594bc68e0_0, 0;
    %jmp T_97.1;
T_97.0 ;
    %load/vec4 v0x555594bc6c20_0;
    %flag_set/vec4 8;
    %jmp/0xz  T_97.2, 8;
    %pushi/vec4 65535, 65535, 16;
    %assign/vec4 v0x555594bc68e0_0, 0;
    %jmp T_97.3;
T_97.2 ;
    %load/vec4 v0x555594bc66a0_0;
    %flag_set/vec4 8;
    %jmp/0xz  T_97.4, 8;
    %load/vec4 v0x555594bc6ce0_0;
    %nor/r;
    %flag_set/vec4 8;
    %jmp/0xz  T_97.6, 8;
    %load/vec4 v0x555594bc65a0_0;
    %pad/u 16;
    %ix/vec4 4;
    %load/vec4a v0x555594bc6f40, 4;
    %assign/vec4 v0x555594bc68e0_0, 0;
    %jmp T_97.7;
T_97.6 ;
    %load/vec4 v0x555594bc69c0_0;
    %parti/s 1, 0, 2;
    %flag_set/vec4 8;
    %jmp/0xz  T_97.8, 8;
    %load/vec4 v0x555594bc6800_0;
    %parti/s 4, 0, 2;
    %load/vec4 v0x555594bc65a0_0;
    %pad/u 16;
    %ix/vec4 3;
    %ix/load 4, 0, 0; Constant delay
    %assign/vec4/a/d v0x555594bc6f40, 0, 4;
T_97.8 ;
    %load/vec4 v0x555594bc69c0_0;
    %parti/s 1, 1, 2;
    %flag_set/vec4 8;
    %jmp/0xz  T_97.10, 8;
    %load/vec4 v0x555594bc6800_0;
    %parti/s 4, 4, 4;
    %load/vec4 v0x555594bc65a0_0;
    %pad/u 16;
    %ix/vec4 3;
    %ix/load 4, 4, 0; part off
    %ix/load 5, 0, 0; Constant delay
    %assign/vec4/a/d v0x555594bc6f40, 4, 5;
T_97.10 ;
    %load/vec4 v0x555594bc69c0_0;
    %parti/s 1, 2, 3;
    %flag_set/vec4 8;
    %jmp/0xz  T_97.12, 8;
    %load/vec4 v0x555594bc6800_0;
    %parti/s 4, 8, 5;
    %load/vec4 v0x555594bc65a0_0;
    %pad/u 16;
    %ix/vec4 3;
    %ix/load 4, 8, 0; part off
    %ix/load 5, 0, 0; Constant delay
    %assign/vec4/a/d v0x555594bc6f40, 4, 5;
T_97.12 ;
    %load/vec4 v0x555594bc69c0_0;
    %parti/s 1, 3, 3;
    %flag_set/vec4 8;
    %jmp/0xz  T_97.14, 8;
    %load/vec4 v0x555594bc6800_0;
    %parti/s 4, 12, 5;
    %load/vec4 v0x555594bc65a0_0;
    %pad/u 16;
    %ix/vec4 3;
    %ix/load 4, 12, 0; part off
    %ix/load 5, 0, 0; Constant delay
    %assign/vec4/a/d v0x555594bc6f40, 4, 5;
T_97.14 ;
    %pushi/vec4 65535, 65535, 16;
    %assign/vec4 v0x555594bc68e0_0, 0;
T_97.7 ;
T_97.4 ;
T_97.3 ;
T_97.1 ;
    %jmp T_97;
    .thread T_97;
# The file index is used to find the file name in the following table.
:file_names 7;
    "N/A";
    "<interactive>";
    "-";
    "/home/xpektra/.apio/packages/oss-cad-suite/share/yosys/ice40/cells_sim.v";
    "Nand_tb.v";
    "./../../01_Boolean_Logic/Nand.v";
    "top.v";
