#! /home/xpektra/.apio/packages/oss-cad-suite/bin/vvp
:ivl_version "13.0 (devel)" "(s20250103-66-gd67d3323a)";
:ivl_delay_selection "TYPICAL";
:vpi_time_precision - 12;
:vpi_module "/home/xpektra/.apio/packages/oss-cad-suite/lib/ivl/system.vpi";
:vpi_module "/home/xpektra/.apio/packages/oss-cad-suite/lib/ivl/vhdl_sys.vpi";
:vpi_module "/home/xpektra/.apio/packages/oss-cad-suite/lib/ivl/vhdl_textio.vpi";
:vpi_module "/home/xpektra/.apio/packages/oss-cad-suite/lib/ivl/v2005_math.vpi";
:vpi_module "/home/xpektra/.apio/packages/oss-cad-suite/lib/ivl/va_math.vpi";
:vpi_module "/home/xpektra/.apio/packages/oss-cad-suite/lib/ivl/v2009.vpi";
S_0x55558a04d890 .scope package, "$unit" "$unit" 2 1;
 .timescale 0 0;
S_0x55558a1a72b0 .scope module, "ALU" "ALU" 3 25;
 .timescale -12 -12;
    .port_info 0 /INPUT 16 "x";
    .port_info 1 /INPUT 16 "y";
    .port_info 2 /INPUT 1 "zx";
    .port_info 3 /INPUT 1 "nx";
    .port_info 4 /INPUT 1 "zy";
    .port_info 5 /INPUT 1 "ny";
    .port_info 6 /INPUT 1 "f";
    .port_info 7 /INPUT 1 "no";
    .port_info 8 /OUTPUT 16 "out";
    .port_info 9 /OUTPUT 1 "zr";
    .port_info 10 /OUTPUT 1 "ng";
L_0x55558a0b3350 .functor NOT 16, L_0x55558a2d0250, C4<0000000000000000>, C4<0000000000000000>, C4<0000000000000000>;
L_0x55558a0ac200 .functor NOT 16, L_0x55558a2d0500, C4<0000000000000000>, C4<0000000000000000>, C4<0000000000000000>;
L_0x55558a0ab350 .functor AND 16, L_0x55558a2d0410, L_0x55558a2d06d0, C4<1111111111111111>, C4<1111111111111111>;
L_0x55558a2d0ae0 .functor NOT 16, L_0x55558a2d0960, C4<0000000000000000>, C4<0000000000000000>, C4<0000000000000000>;
L_0x55558a2d0cc0 .functor BUFZ 16, L_0x55558a2d0bd0, C4<0000000000000000>, C4<0000000000000000>, C4<0000000000000000>;
L_0x7f2f7e3b7018 .functor BUFT 1, C4<0000000000000000>, C4<0>, C4<0>, C4<0>;
v0x55558a21e1f0_0 .net/2u *"_ivl_0", 15 0, L_0x7f2f7e3b7018;  1 drivers
v0x55558a1d2f40_0 .net *"_ivl_12", 15 0, L_0x55558a0ac200;  1 drivers
v0x55558a1d1ff0_0 .net *"_ivl_16", 15 0, L_0x55558a2d0820;  1 drivers
v0x55558a1d10a0_0 .net *"_ivl_18", 15 0, L_0x55558a0ab350;  1 drivers
v0x55558a1d0150_0 .net *"_ivl_22", 15 0, L_0x55558a2d0ae0;  1 drivers
L_0x7f2f7e3b70a8 .functor BUFT 1, C4<0000000000000000>, C4<0>, C4<0>, C4<0>;
v0x55558a1cf200_0 .net/2u *"_ivl_28", 15 0, L_0x7f2f7e3b70a8;  1 drivers
v0x55558a1ce340_0 .net *"_ivl_4", 15 0, L_0x55558a0b3350;  1 drivers
L_0x7f2f7e3b7060 .functor BUFT 1, C4<0000000000000000>, C4<0>, C4<0>, C4<0>;
v0x55558a0aed90_0 .net/2u *"_ivl_8", 15 0, L_0x7f2f7e3b7060;  1 drivers
o0x7f2f7e75a198 .functor BUFZ 1, c4<z>; HiZ drive
v0x55558a1c2bc0_0 .net "f", 0 0, o0x7f2f7e75a198;  0 drivers
v0x55558a0addc0_0 .net "ng", 0 0, L_0x55558a2d0ef0;  1 drivers
o0x7f2f7e75a1f8 .functor BUFZ 1, c4<z>; HiZ drive
v0x55558a0e1800_0 .net "no", 0 0, o0x7f2f7e75a1f8;  0 drivers
o0x7f2f7e75a228 .functor BUFZ 1, c4<z>; HiZ drive
v0x55558a0ed660_0 .net "nx", 0 0, o0x7f2f7e75a228;  0 drivers
o0x7f2f7e75a258 .functor BUFZ 1, c4<z>; HiZ drive
v0x55558a018750_0 .net "ny", 0 0, o0x7f2f7e75a258;  0 drivers
v0x55558a09b400_0 .net "out", 15 0, L_0x55558a2d0cc0;  1 drivers
v0x55558a09b740_0 .net "out1", 15 0, L_0x55558a2d0bd0;  1 drivers
v0x55558a0ed320_0 .net "out_f", 15 0, L_0x55558a2d0960;  1 drivers
o0x7f2f7e75a318 .functor BUFZ 16, c4<zzzzzzzzzzzzzzzz>; HiZ drive
v0x55558a0b1c90_0 .net "x", 15 0, o0x7f2f7e75a318;  0 drivers
v0x55558a024380_0 .net "x1", 15 0, L_0x55558a2d0250;  1 drivers
v0x55558a020bf0_0 .net "x2", 15 0, L_0x55558a2d0410;  1 drivers
o0x7f2f7e75a3a8 .functor BUFZ 16, c4<zzzzzzzzzzzzzzzz>; HiZ drive
v0x55558a028130_0 .net "y", 15 0, o0x7f2f7e75a3a8;  0 drivers
v0x55558a02ff50_0 .net "y1", 15 0, L_0x55558a2d0500;  1 drivers
v0x55558a0d07c0_0 .net "y2", 15 0, L_0x55558a2d06d0;  1 drivers
v0x55558a0d8f70_0 .net "zr", 0 0, L_0x55558a2d0d80;  1 drivers
o0x7f2f7e75a468 .functor BUFZ 1, c4<z>; HiZ drive
v0x55558a0e8840_0 .net "zx", 0 0, o0x7f2f7e75a468;  0 drivers
o0x7f2f7e75a498 .functor BUFZ 1, c4<z>; HiZ drive
v0x55558a0b4420_0 .net "zy", 0 0, o0x7f2f7e75a498;  0 drivers
L_0x55558a2d0250 .functor MUXZ 16, o0x7f2f7e75a318, L_0x7f2f7e3b7018, o0x7f2f7e75a468, C4<>;
L_0x55558a2d0410 .functor MUXZ 16, L_0x55558a2d0250, L_0x55558a0b3350, o0x7f2f7e75a228, C4<>;
L_0x55558a2d0500 .functor MUXZ 16, o0x7f2f7e75a3a8, L_0x7f2f7e3b7060, o0x7f2f7e75a498, C4<>;
L_0x55558a2d06d0 .functor MUXZ 16, L_0x55558a2d0500, L_0x55558a0ac200, o0x7f2f7e75a258, C4<>;
L_0x55558a2d0820 .arith/sum 16, L_0x55558a2d0410, L_0x55558a2d06d0;
L_0x55558a2d0960 .functor MUXZ 16, L_0x55558a0ab350, L_0x55558a2d0820, o0x7f2f7e75a198, C4<>;
L_0x55558a2d0bd0 .functor MUXZ 16, L_0x55558a2d0960, L_0x55558a2d0ae0, o0x7f2f7e75a1f8, C4<>;
L_0x55558a2d0d80 .cmp/eq 16, L_0x55558a2d0bd0, L_0x7f2f7e3b70a8;
L_0x55558a2d0ef0 .part L_0x55558a2d0bd0, 15, 1;
S_0x55558a244510 .scope module, "Add16" "Add16" 4 8;
 .timescale -12 -12;
    .port_info 0 /INPUT 16 "a";
    .port_info 1 /INPUT 16 "b";
    .port_info 2 /OUTPUT 16 "out";
o0x7f2f7e75a6d8 .functor BUFZ 16, c4<zzzzzzzzzzzzzzzz>; HiZ drive
v0x555589fb8310_0 .net "a", 15 0, o0x7f2f7e75a6d8;  0 drivers
o0x7f2f7e75a708 .functor BUFZ 16, c4<zzzzzzzzzzzzzzzz>; HiZ drive
v0x555589fbcd40_0 .net "b", 15 0, o0x7f2f7e75a708;  0 drivers
v0x555589fb9b80_0 .net "out", 15 0, L_0x55558a2d1020;  1 drivers
L_0x55558a2d1020 .arith/sum 16, o0x7f2f7e75a6d8, o0x7f2f7e75a708;
S_0x55558a245060 .scope module, "And" "And" 5 8;
 .timescale -12 -12;
    .port_info 0 /INPUT 1 "a";
    .port_info 1 /INPUT 1 "b";
    .port_info 2 /OUTPUT 1 "out";
o0x7f2f7e75a7f8 .functor BUFZ 1, c4<z>; HiZ drive
o0x7f2f7e75a828 .functor BUFZ 1, c4<z>; HiZ drive
L_0x55558a2d10c0 .functor AND 1, o0x7f2f7e75a7f8, o0x7f2f7e75a828, C4<1>, C4<1>;
v0x555589fa6730_0 .net "a", 0 0, o0x7f2f7e75a7f8;  0 drivers
v0x55558a012800_0 .net "b", 0 0, o0x7f2f7e75a828;  0 drivers
v0x55558a0128c0_0 .net "out", 0 0, L_0x55558a2d10c0;  1 drivers
S_0x55558a2463f0 .scope module, "And16" "And16" 6 7;
 .timescale -12 -12;
    .port_info 0 /INPUT 16 "a";
    .port_info 1 /INPUT 16 "b";
    .port_info 2 /OUTPUT 16 "out";
L_0x55558a2d13f0 .functor AND 1, L_0x55558a2d11f0, L_0x55558a2d12f0, C4<1>, C4<1>;
L_0x55558a2d16f0 .functor AND 1, L_0x55558a2d14e0, L_0x55558a2d15d0, C4<1>, C4<1>;
L_0x55558a2d1980 .functor AND 1, L_0x55558a2d1800, L_0x55558a2d18a0, C4<1>, C4<1>;
L_0x55558a2d1d40 .functor AND 1, L_0x55558a2d1a90, L_0x55558a2d1bc0, C4<1>, C4<1>;
L_0x55558a2d1f80 .functor AND 1, L_0x55558a2d1de0, L_0x55558a2d1e80, C4<1>, C4<1>;
L_0x55558a2d2220 .functor AND 1, L_0x55558a2d2070, L_0x55558a2d2110, C4<1>, C4<1>;
L_0x55558a2d21b0 .functor AND 1, L_0x55558a2d23a0, L_0x55558a2d2440, C4<1>, C4<1>;
L_0x55558a2d28e0 .functor AND 1, L_0x55558a2d2600, L_0x55558a2d26a0, C4<1>, C4<1>;
L_0x55558a2d2c50 .functor AND 1, L_0x55558a2d2a70, L_0x55558a2d2b10, C4<1>, C4<1>;
L_0x55558a2d2f80 .functor AND 1, L_0x55558a2d2d90, L_0x55558a2d2e30, C4<1>, C4<1>;
L_0x55558a2d3280 .functor AND 1, L_0x55558a2d2bb0, L_0x55558a2d3120, C4<1>, C4<1>;
L_0x55558a2d3580 .functor AND 1, L_0x55558a2d3370, L_0x55558a2d3410, C4<1>, C4<1>;
L_0x55558a2d3950 .functor AND 1, L_0x55558a2d3730, L_0x55558a2d37d0, C4<1>, C4<1>;
L_0x55558a2d3c90 .functor AND 1, L_0x55558a2d3a60, L_0x55558a2d3b00, C4<1>, C4<1>;
L_0x55558a2d36c0 .functor AND 1, L_0x55558a2d3e50, L_0x55558a2d3ef0, C4<1>, C4<1>;
L_0x55558a2d4d20 .functor AND 1, L_0x55558a2d46b0, L_0x55558a2d4a70, C4<1>, C4<1>;
v0x55558a0129e0_0 .net *"_ivl_101", 0 0, L_0x55558a2d37d0;  1 drivers
v0x55558a08fb90_0 .net *"_ivl_102", 0 0, L_0x55558a2d3950;  1 drivers
v0x55558a08fc70_0 .net *"_ivl_107", 0 0, L_0x55558a2d3a60;  1 drivers
v0x55558a08fd30_0 .net *"_ivl_109", 0 0, L_0x55558a2d3b00;  1 drivers
v0x55558a08fe10_0 .net *"_ivl_11", 0 0, L_0x55558a2d14e0;  1 drivers
v0x55558a08ff40_0 .net *"_ivl_110", 0 0, L_0x55558a2d3c90;  1 drivers
v0x55558a0da190_0 .net *"_ivl_115", 0 0, L_0x55558a2d3e50;  1 drivers
v0x55558a0da270_0 .net *"_ivl_117", 0 0, L_0x55558a2d3ef0;  1 drivers
v0x55558a0da350_0 .net *"_ivl_118", 0 0, L_0x55558a2d36c0;  1 drivers
v0x55558a0da430_0 .net *"_ivl_124", 0 0, L_0x55558a2d46b0;  1 drivers
v0x55558a0da510_0 .net *"_ivl_126", 0 0, L_0x55558a2d4a70;  1 drivers
v0x55558a0b0590_0 .net *"_ivl_127", 0 0, L_0x55558a2d4d20;  1 drivers
v0x55558a0b0670_0 .net *"_ivl_13", 0 0, L_0x55558a2d15d0;  1 drivers
v0x55558a0b0750_0 .net *"_ivl_14", 0 0, L_0x55558a2d16f0;  1 drivers
v0x55558a0b0830_0 .net *"_ivl_19", 0 0, L_0x55558a2d1800;  1 drivers
v0x55558a0b0910_0 .net *"_ivl_21", 0 0, L_0x55558a2d18a0;  1 drivers
v0x55558a0c57a0_0 .net *"_ivl_22", 0 0, L_0x55558a2d1980;  1 drivers
v0x55558a0c5990_0 .net *"_ivl_27", 0 0, L_0x55558a2d1a90;  1 drivers
v0x55558a0c5a70_0 .net *"_ivl_29", 0 0, L_0x55558a2d1bc0;  1 drivers
v0x55558a0c5b50_0 .net *"_ivl_3", 0 0, L_0x55558a2d11f0;  1 drivers
v0x55558a0c7fe0_0 .net *"_ivl_30", 0 0, L_0x55558a2d1d40;  1 drivers
v0x55558a0c80c0_0 .net *"_ivl_35", 0 0, L_0x55558a2d1de0;  1 drivers
v0x55558a0c81a0_0 .net *"_ivl_37", 0 0, L_0x55558a2d1e80;  1 drivers
v0x55558a0c8280_0 .net *"_ivl_38", 0 0, L_0x55558a2d1f80;  1 drivers
v0x55558a0c8360_0 .net *"_ivl_43", 0 0, L_0x55558a2d2070;  1 drivers
v0x55558a0ca960_0 .net *"_ivl_45", 0 0, L_0x55558a2d2110;  1 drivers
v0x55558a0caa40_0 .net *"_ivl_46", 0 0, L_0x55558a2d2220;  1 drivers
v0x55558a0cab20_0 .net *"_ivl_5", 0 0, L_0x55558a2d12f0;  1 drivers
v0x55558a0cac00_0 .net *"_ivl_51", 0 0, L_0x55558a2d23a0;  1 drivers
v0x55558a0cace0_0 .net *"_ivl_53", 0 0, L_0x55558a2d2440;  1 drivers
v0x55558a0aaef0_0 .net *"_ivl_54", 0 0, L_0x55558a2d21b0;  1 drivers
v0x55558a0aafd0_0 .net *"_ivl_59", 0 0, L_0x55558a2d2600;  1 drivers
v0x55558a0ab0b0_0 .net *"_ivl_6", 0 0, L_0x55558a2d13f0;  1 drivers
v0x55558a0ab190_0 .net *"_ivl_61", 0 0, L_0x55558a2d26a0;  1 drivers
v0x55558a0ab270_0 .net *"_ivl_62", 0 0, L_0x55558a2d28e0;  1 drivers
v0x55558a0abda0_0 .net *"_ivl_67", 0 0, L_0x55558a2d2a70;  1 drivers
v0x55558a0abe80_0 .net *"_ivl_69", 0 0, L_0x55558a2d2b10;  1 drivers
v0x55558a0abf60_0 .net *"_ivl_70", 0 0, L_0x55558a2d2c50;  1 drivers
v0x55558a0ac040_0 .net *"_ivl_75", 0 0, L_0x55558a2d2d90;  1 drivers
v0x55558a0ac120_0 .net *"_ivl_77", 0 0, L_0x55558a2d2e30;  1 drivers
v0x55558a0b2ef0_0 .net *"_ivl_78", 0 0, L_0x55558a2d2f80;  1 drivers
v0x55558a0b2fd0_0 .net *"_ivl_83", 0 0, L_0x55558a2d2bb0;  1 drivers
v0x55558a0b30b0_0 .net *"_ivl_85", 0 0, L_0x55558a2d3120;  1 drivers
v0x55558a0b3190_0 .net *"_ivl_86", 0 0, L_0x55558a2d3280;  1 drivers
v0x55558a0b3270_0 .net *"_ivl_91", 0 0, L_0x55558a2d3370;  1 drivers
v0x55558a0ae490_0 .net *"_ivl_93", 0 0, L_0x55558a2d3410;  1 drivers
v0x55558a0ae570_0 .net *"_ivl_94", 0 0, L_0x55558a2d3580;  1 drivers
v0x55558a0ae650_0 .net *"_ivl_99", 0 0, L_0x55558a2d3730;  1 drivers
o0x7f2f7e75b218 .functor BUFZ 16, c4<zzzzzzzzzzzzzzzz>; HiZ drive
v0x55558a0ae730_0 .net "a", 15 0, o0x7f2f7e75b218;  0 drivers
o0x7f2f7e75b248 .functor BUFZ 16, c4<zzzzzzzzzzzzzzzz>; HiZ drive
v0x55558a0ae810_0 .net "b", 15 0, o0x7f2f7e75b248;  0 drivers
v0x55558a0bf0a0_0 .net "out", 15 0, L_0x55558a2d4160;  1 drivers
L_0x55558a2d11f0 .part o0x7f2f7e75b218, 0, 1;
L_0x55558a2d12f0 .part o0x7f2f7e75b248, 0, 1;
L_0x55558a2d14e0 .part o0x7f2f7e75b218, 1, 1;
L_0x55558a2d15d0 .part o0x7f2f7e75b248, 1, 1;
L_0x55558a2d1800 .part o0x7f2f7e75b218, 2, 1;
L_0x55558a2d18a0 .part o0x7f2f7e75b248, 2, 1;
L_0x55558a2d1a90 .part o0x7f2f7e75b218, 3, 1;
L_0x55558a2d1bc0 .part o0x7f2f7e75b248, 3, 1;
L_0x55558a2d1de0 .part o0x7f2f7e75b218, 4, 1;
L_0x55558a2d1e80 .part o0x7f2f7e75b248, 4, 1;
L_0x55558a2d2070 .part o0x7f2f7e75b218, 5, 1;
L_0x55558a2d2110 .part o0x7f2f7e75b248, 5, 1;
L_0x55558a2d23a0 .part o0x7f2f7e75b218, 6, 1;
L_0x55558a2d2440 .part o0x7f2f7e75b248, 6, 1;
L_0x55558a2d2600 .part o0x7f2f7e75b218, 7, 1;
L_0x55558a2d26a0 .part o0x7f2f7e75b248, 7, 1;
L_0x55558a2d2a70 .part o0x7f2f7e75b218, 8, 1;
L_0x55558a2d2b10 .part o0x7f2f7e75b248, 8, 1;
L_0x55558a2d2d90 .part o0x7f2f7e75b218, 9, 1;
L_0x55558a2d2e30 .part o0x7f2f7e75b248, 9, 1;
L_0x55558a2d2bb0 .part o0x7f2f7e75b218, 10, 1;
L_0x55558a2d3120 .part o0x7f2f7e75b248, 10, 1;
L_0x55558a2d3370 .part o0x7f2f7e75b218, 11, 1;
L_0x55558a2d3410 .part o0x7f2f7e75b248, 11, 1;
L_0x55558a2d3730 .part o0x7f2f7e75b218, 12, 1;
L_0x55558a2d37d0 .part o0x7f2f7e75b248, 12, 1;
L_0x55558a2d3a60 .part o0x7f2f7e75b218, 13, 1;
L_0x55558a2d3b00 .part o0x7f2f7e75b248, 13, 1;
L_0x55558a2d3e50 .part o0x7f2f7e75b218, 14, 1;
L_0x55558a2d3ef0 .part o0x7f2f7e75b248, 14, 1;
LS_0x55558a2d4160_0_0 .concat8 [ 1 1 1 1], L_0x55558a2d13f0, L_0x55558a2d16f0, L_0x55558a2d1980, L_0x55558a2d1d40;
LS_0x55558a2d4160_0_4 .concat8 [ 1 1 1 1], L_0x55558a2d1f80, L_0x55558a2d2220, L_0x55558a2d21b0, L_0x55558a2d28e0;
LS_0x55558a2d4160_0_8 .concat8 [ 1 1 1 1], L_0x55558a2d2c50, L_0x55558a2d2f80, L_0x55558a2d3280, L_0x55558a2d3580;
LS_0x55558a2d4160_0_12 .concat8 [ 1 1 1 1], L_0x55558a2d3950, L_0x55558a2d3c90, L_0x55558a2d36c0, L_0x55558a2d4d20;
L_0x55558a2d4160 .concat8 [ 4 4 4 4], LS_0x55558a2d4160_0_0, LS_0x55558a2d4160_0_4, LS_0x55558a2d4160_0_8, LS_0x55558a2d4160_0_12;
L_0x55558a2d46b0 .part o0x7f2f7e75b218, 15, 1;
L_0x55558a2d4a70 .part o0x7f2f7e75b248, 15, 1;
S_0x55558a25a680 .scope module, "Bit" "Bit" 7 8;
 .timescale -12 -12;
    .port_info 0 /INPUT 1 "clk";
    .port_info 1 /INPUT 1 "in";
    .port_info 2 /INPUT 1 "load";
    .port_info 3 /OUTPUT 1 "out";
o0x7f2f7e75b338 .functor BUFZ 1, c4<z>; HiZ drive
v0x55558a0bf220_0 .net "clk", 0 0, o0x7f2f7e75b338;  0 drivers
o0x7f2f7e75b368 .functor BUFZ 1, c4<z>; HiZ drive
v0x55558a0bf300_0 .net "in", 0 0, o0x7f2f7e75b368;  0 drivers
o0x7f2f7e75b398 .functor BUFZ 1, c4<z>; HiZ drive
v0x55558a0bf3c0_0 .net "load", 0 0, o0x7f2f7e75b398;  0 drivers
v0x55558a0bf460_0 .var "out", 0 0;
E_0x55558a248940 .event posedge, v0x55558a0bf220_0;
S_0x55558a25a290 .scope module, "BitShift8L" "BitShift8L" 8 9;
 .timescale -12 -12;
    .port_info 0 /INPUT 1 "clk";
    .port_info 1 /INPUT 8 "in";
    .port_info 2 /INPUT 1 "inLSB";
    .port_info 3 /INPUT 1 "load";
    .port_info 4 /INPUT 1 "shift";
    .port_info 5 /OUTPUT 8 "out";
o0x7f2f7e75b4b8 .functor BUFZ 1, c4<z>; HiZ drive
v0x55558a0c70e0_0 .net "clk", 0 0, o0x7f2f7e75b4b8;  0 drivers
o0x7f2f7e75b4e8 .functor BUFZ 8, c4<zzzzzzzz>; HiZ drive
v0x55558a0c71c0_0 .net "in", 7 0, o0x7f2f7e75b4e8;  0 drivers
o0x7f2f7e75b518 .functor BUFZ 1, c4<z>; HiZ drive
v0x55558a0c72a0_0 .net "inLSB", 0 0, o0x7f2f7e75b518;  0 drivers
o0x7f2f7e75b548 .functor BUFZ 1, c4<z>; HiZ drive
v0x55558a0c7340_0 .net "load", 0 0, o0x7f2f7e75b548;  0 drivers
v0x55558a0c7400_0 .var "out", 7 0;
o0x7f2f7e75b5a8 .functor BUFZ 1, c4<z>; HiZ drive
v0x55558a0c74e0_0 .net "shift", 0 0, o0x7f2f7e75b5a8;  0 drivers
E_0x55558a259290 .event posedge, v0x55558a0c70e0_0;
S_0x55558a248b20 .scope module, "BitShift9R" "BitShift9R" 9 9;
 .timescale -12 -12;
    .port_info 0 /INPUT 1 "clk";
    .port_info 1 /INPUT 9 "in";
    .port_info 2 /INPUT 1 "inMSB";
    .port_info 3 /INPUT 1 "load";
    .port_info 4 /INPUT 1 "shift";
    .port_info 5 /OUTPUT 9 "out";
o0x7f2f7e75b6f8 .functor BUFZ 1, c4<z>; HiZ drive
v0x55558a0e57a0_0 .net "clk", 0 0, o0x7f2f7e75b6f8;  0 drivers
o0x7f2f7e75b728 .functor BUFZ 9, c4<zzzzzzzzz>; HiZ drive
v0x55558a0e5880_0 .net "in", 8 0, o0x7f2f7e75b728;  0 drivers
o0x7f2f7e75b758 .functor BUFZ 1, c4<z>; HiZ drive
v0x55558a0e5960_0 .net "inMSB", 0 0, o0x7f2f7e75b758;  0 drivers
o0x7f2f7e75b788 .functor BUFZ 1, c4<z>; HiZ drive
v0x55558a0e5a00_0 .net "load", 0 0, o0x7f2f7e75b788;  0 drivers
v0x55558a0e5ac0_0 .var "out", 8 0;
o0x7f2f7e75b7e8 .functor BUFZ 1, c4<z>; HiZ drive
v0x55558a0e3c60_0 .net "shift", 0 0, o0x7f2f7e75b7e8;  0 drivers
E_0x55558a0dec70 .event posedge, v0x55558a0e57a0_0;
S_0x55558a248730 .scope module, "Buffer" "Buffer" 10 7;
 .timescale -12 -12;
    .port_info 0 /INPUT 1 "in";
    .port_info 1 /OUTPUT 1 "out";
o0x7f2f7e75b938 .functor BUFZ 1, c4<z>; HiZ drive
L_0x55558a2d4f10 .functor BUFZ 1, o0x7f2f7e75b938, C4<0>, C4<0>, C4<0>;
v0x55558a0e3de0_0 .net "in", 0 0, o0x7f2f7e75b938;  0 drivers
v0x55558a0e3ec0_0 .net "out", 0 0, L_0x55558a2d4f10;  1 drivers
S_0x55558a247f60 .scope module, "Buffer16" "Buffer16" 11 7;
 .timescale -12 -12;
    .port_info 0 /INPUT 16 "in";
    .port_info 1 /OUTPUT 16 "out";
v0x55558a0e3fe0_0 .net *"_ivl_11", 0 0, L_0x55558a2d5110;  1 drivers
v0x555589f9ee70_0 .net *"_ivl_15", 0 0, L_0x55558a2d51b0;  1 drivers
v0x555589f9ef50_0 .net *"_ivl_19", 0 0, L_0x55558a2d5250;  1 drivers
v0x555589f9f010_0 .net *"_ivl_23", 0 0, L_0x55558a2d52f0;  1 drivers
v0x555589f9f0f0_0 .net *"_ivl_27", 0 0, L_0x55558a2d53d0;  1 drivers
v0x555589f9f220_0 .net *"_ivl_3", 0 0, L_0x55558a2d4f80;  1 drivers
v0x555589f9b170_0 .net *"_ivl_31", 0 0, L_0x55558a2d5470;  1 drivers
v0x555589f9b250_0 .net *"_ivl_35", 0 0, L_0x55558a2d5560;  1 drivers
v0x555589f9b330_0 .net *"_ivl_39", 0 0, L_0x55558a2d5600;  1 drivers
v0x555589f9b410_0 .net *"_ivl_43", 0 0, L_0x55558a2d5700;  1 drivers
v0x555589f9b4f0_0 .net *"_ivl_47", 0 0, L_0x55558a2d57a0;  1 drivers
v0x555589f55a00_0 .net *"_ivl_51", 0 0, L_0x55558a2d58b0;  1 drivers
v0x555589f55ae0_0 .net *"_ivl_55", 0 0, L_0x55558a2d5950;  1 drivers
v0x555589f55bc0_0 .net *"_ivl_59", 0 0, L_0x55558a2d5a70;  1 drivers
v0x555589f55ca0_0 .net *"_ivl_64", 0 0, L_0x55558a2d60b0;  1 drivers
v0x555589f55d80_0 .net *"_ivl_7", 0 0, L_0x55558a2d5020;  1 drivers
o0x7f2f7e75bcf8 .functor BUFZ 16, c4<zzzzzzzzzzzzzzzz>; HiZ drive
v0x55558a051cf0_0 .net "in", 15 0, o0x7f2f7e75bcf8;  0 drivers
v0x55558a051dd0_0 .net "out", 15 0, L_0x55558a2d5b40;  1 drivers
L_0x55558a2d4f80 .part o0x7f2f7e75bcf8, 0, 1;
L_0x55558a2d5020 .part o0x7f2f7e75bcf8, 1, 1;
L_0x55558a2d5110 .part o0x7f2f7e75bcf8, 2, 1;
L_0x55558a2d51b0 .part o0x7f2f7e75bcf8, 3, 1;
L_0x55558a2d5250 .part o0x7f2f7e75bcf8, 4, 1;
L_0x55558a2d52f0 .part o0x7f2f7e75bcf8, 5, 1;
L_0x55558a2d53d0 .part o0x7f2f7e75bcf8, 6, 1;
L_0x55558a2d5470 .part o0x7f2f7e75bcf8, 7, 1;
L_0x55558a2d5560 .part o0x7f2f7e75bcf8, 8, 1;
L_0x55558a2d5600 .part o0x7f2f7e75bcf8, 9, 1;
L_0x55558a2d5700 .part o0x7f2f7e75bcf8, 10, 1;
L_0x55558a2d57a0 .part o0x7f2f7e75bcf8, 11, 1;
L_0x55558a2d58b0 .part o0x7f2f7e75bcf8, 12, 1;
L_0x55558a2d5950 .part o0x7f2f7e75bcf8, 13, 1;
L_0x55558a2d5a70 .part o0x7f2f7e75bcf8, 14, 1;
LS_0x55558a2d5b40_0_0 .concat8 [ 1 1 1 1], L_0x55558a2d4f80, L_0x55558a2d5020, L_0x55558a2d5110, L_0x55558a2d51b0;
LS_0x55558a2d5b40_0_4 .concat8 [ 1 1 1 1], L_0x55558a2d5250, L_0x55558a2d52f0, L_0x55558a2d53d0, L_0x55558a2d5470;
LS_0x55558a2d5b40_0_8 .concat8 [ 1 1 1 1], L_0x55558a2d5560, L_0x55558a2d5600, L_0x55558a2d5700, L_0x55558a2d57a0;
LS_0x55558a2d5b40_0_12 .concat8 [ 1 1 1 1], L_0x55558a2d58b0, L_0x55558a2d5950, L_0x55558a2d5a70, L_0x55558a2d60b0;
L_0x55558a2d5b40 .concat8 [ 4 4 4 4], LS_0x55558a2d5b40_0_0, LS_0x55558a2d5b40_0_4, LS_0x55558a2d5b40_0_8, LS_0x55558a2d5b40_0_12;
L_0x55558a2d60b0 .part o0x7f2f7e75bcf8, 15, 1;
S_0x55558a242d70 .scope module, "DFF_tb" "DFF_tb" 12 2;
 .timescale -12 -12;
v0x55558a05de30_0 .var "clk", 0 0;
v0x55558a069000_0 .var "fail", 0 0;
v0x55558a0690c0_0 .var "in", 0 0;
v0x55558a069190_0 .var "n", 15 0;
v0x55558a069230_0 .net "out", 0 0, v0x55558a05db30_0;  1 drivers
v0x55558a069320_0 .var "out_cmp", 0 0;
S_0x55558a051f10 .scope module, "DFF" "DFF" 12 10, 13 7 0, S_0x55558a242d70;
 .timescale -12 -12;
    .port_info 0 /INPUT 1 "clk";
    .port_info 1 /INPUT 1 "in";
    .port_info 2 /OUTPUT 1 "out";
v0x55558a052100_0 .net "clk", 0 0, v0x55558a05de30_0;  1 drivers
v0x55558a05da70_0 .net "in", 0 0, v0x55558a0690c0_0;  1 drivers
v0x55558a05db30_0 .var "out", 0 0;
E_0x55558a0df390 .event posedge, v0x55558a052100_0;
S_0x55558a05dc50 .scope task, "check" "check" 12 27, 12 27 0, S_0x55558a242d70;
 .timescale -12 -12;
TD_DFF_tb.check ;
    %delay 1, 0;
    %load/vec4 v0x55558a069230_0;
    %load/vec4 v0x55558a069320_0;
    %cmp/ne;
    %jmp/0xz  T_0.0, 4;
    %vpi_call/w 12 31 "$display", "FAIL: clk=%1b, in=%1b, out=%1b", v0x55558a05de30_0, v0x55558a0690c0_0, v0x55558a069230_0 {0 0 0};
    %pushi/vec4 1, 0, 1;
    %store/vec4 v0x55558a069000_0, 0, 1;
T_0.0 ;
    %end;
S_0x55558a23d720 .scope module, "DMux8Way" "DMux8Way" 14 10;
 .timescale -12 -12;
    .port_info 0 /INPUT 1 "in";
    .port_info 1 /INPUT 3 "sel";
    .port_info 2 /OUTPUT 1 "a";
    .port_info 3 /OUTPUT 1 "b";
    .port_info 4 /OUTPUT 1 "c";
    .port_info 5 /OUTPUT 1 "d";
    .port_info 6 /OUTPUT 1 "e";
    .port_info 7 /OUTPUT 1 "f";
    .port_info 8 /OUTPUT 1 "g";
    .port_info 9 /OUTPUT 1 "h";
v0x55558a040580_0 .net "a", 0 0, L_0x55558a2d7000;  1 drivers
v0x55558a040640_0 .net "b", 0 0, L_0x55558a2d70a0;  1 drivers
v0x55558a0406e0_0 .net "c", 0 0, L_0x55558a2d7320;  1 drivers
v0x55558a040780_0 .net "ch1", 0 0, L_0x55558a2d66d0;  1 drivers
v0x55558a040820_0 .net "ch2", 0 0, L_0x55558a2d6890;  1 drivers
v0x55558a038b60_0 .net "ch3", 0 0, L_0x55558a2d6ab0;  1 drivers
v0x55558a038c00_0 .net "ch4", 0 0, L_0x55558a2d6d00;  1 drivers
v0x55558a038ca0_0 .net "d", 0 0, L_0x55558a2d7460;  1 drivers
v0x55558a038d40_0 .net "e", 0 0, L_0x55558a2d7690;  1 drivers
v0x55558a038ea0_0 .net "f", 0 0, L_0x55558a2d77d0;  1 drivers
v0x55558a038f70_0 .net "g", 0 0, L_0x55558a2d7a90;  1 drivers
v0x55558a046420_0 .net "h", 0 0, L_0x55558a2d7b80;  1 drivers
o0x7f2f7e75c028 .functor BUFZ 1, c4<z>; HiZ drive
v0x55558a0464c0_0 .net "in", 0 0, o0x7f2f7e75c028;  0 drivers
o0x7f2f7e75ccb8 .functor BUFZ 3, c4<zzz>; HiZ drive
v0x55558a046560_0 .net "sel", 2 0, o0x7f2f7e75ccb8;  0 drivers
L_0x55558a2d6ed0 .part o0x7f2f7e75ccb8, 1, 2;
L_0x55558a2d7230 .part o0x7f2f7e75ccb8, 0, 1;
L_0x55558a2d75f0 .part o0x7f2f7e75ccb8, 0, 1;
L_0x55558a2d7960 .part o0x7f2f7e75ccb8, 0, 1;
L_0x55558a2d7d10 .part o0x7f2f7e75ccb8, 0, 1;
S_0x555589fc4ee0 .scope module, "d1" "DMux4Way" 14 34, 15 10 0, S_0x55558a23d720;
 .timescale -12 -12;
    .port_info 0 /INPUT 1 "in";
    .port_info 1 /INPUT 2 "sel";
    .port_info 2 /OUTPUT 1 "a";
    .port_info 3 /OUTPUT 1 "b";
    .port_info 4 /OUTPUT 1 "c";
    .port_info 5 /OUTPUT 1 "d";
v0x55558a021080_0 .net "a", 0 0, L_0x55558a2d66d0;  alias, 1 drivers
v0x55558a021170_0 .net "b", 0 0, L_0x55558a2d6890;  alias, 1 drivers
v0x55558a021240_0 .net "c", 0 0, L_0x55558a2d6ab0;  alias, 1 drivers
v0x55558a021340_0 .net "ch1", 0 0, L_0x55558a2d63b0;  1 drivers
v0x55558a01d730_0 .net "ch2", 0 0, L_0x55558a2d64f0;  1 drivers
v0x55558a01d870_0 .net "d", 0 0, L_0x55558a2d6d00;  alias, 1 drivers
v0x55558a01d910_0 .net "in", 0 0, o0x7f2f7e75c028;  alias, 0 drivers
v0x55558a01d9b0_0 .net "sel", 1 0, L_0x55558a2d6ed0;  1 drivers
L_0x55558a2d6630 .part L_0x55558a2d6ed0, 1, 1;
L_0x55558a2d69c0 .part L_0x55558a2d6ed0, 0, 1;
L_0x55558a2d6e30 .part L_0x55558a2d6ed0, 0, 1;
S_0x555589fc50e0 .scope module, "d1" "DMux" 15 26, 16 8 0, S_0x555589fc4ee0;
 .timescale -12 -12;
    .port_info 0 /INPUT 1 "in";
    .port_info 1 /INPUT 1 "sel";
    .port_info 2 /OUTPUT 1 "a";
    .port_info 3 /OUTPUT 1 "b";
L_0x7f2f7e3b70f0 .functor BUFT 1, C4<0>, C4<0>, C4<0>, C4<0>;
v0x555589fc5310_0 .net/2u *"_ivl_0", 0 0, L_0x7f2f7e3b70f0;  1 drivers
L_0x7f2f7e3b7138 .functor BUFT 1, C4<0>, C4<0>, C4<0>, C4<0>;
v0x55558a0693c0_0 .net/2u *"_ivl_4", 0 0, L_0x7f2f7e3b7138;  1 drivers
v0x555589ff36d0_0 .net "a", 0 0, L_0x55558a2d63b0;  alias, 1 drivers
v0x555589ff37a0_0 .net "b", 0 0, L_0x55558a2d64f0;  alias, 1 drivers
v0x555589ff3860_0 .net "in", 0 0, o0x7f2f7e75c028;  alias, 0 drivers
v0x555589ff3920_0 .net "sel", 0 0, L_0x55558a2d6630;  1 drivers
L_0x55558a2d63b0 .functor MUXZ 1, o0x7f2f7e75c028, L_0x7f2f7e3b70f0, L_0x55558a2d6630, C4<>;
L_0x55558a2d64f0 .functor MUXZ 1, L_0x7f2f7e3b7138, o0x7f2f7e75c028, L_0x55558a2d6630, C4<>;
S_0x55558a0080a0 .scope module, "d2" "DMux" 15 27, 16 8 0, S_0x555589fc4ee0;
 .timescale -12 -12;
    .port_info 0 /INPUT 1 "in";
    .port_info 1 /INPUT 1 "sel";
    .port_info 2 /OUTPUT 1 "a";
    .port_info 3 /OUTPUT 1 "b";
L_0x7f2f7e3b7180 .functor BUFT 1, C4<0>, C4<0>, C4<0>, C4<0>;
v0x55558a008330_0 .net/2u *"_ivl_0", 0 0, L_0x7f2f7e3b7180;  1 drivers
L_0x7f2f7e3b71c8 .functor BUFT 1, C4<0>, C4<0>, C4<0>, C4<0>;
v0x55558a008410_0 .net/2u *"_ivl_4", 0 0, L_0x7f2f7e3b71c8;  1 drivers
v0x555589ff3a60_0 .net "a", 0 0, L_0x55558a2d66d0;  alias, 1 drivers
v0x55558a0db330_0 .net "b", 0 0, L_0x55558a2d6890;  alias, 1 drivers
v0x55558a0db3f0_0 .net "in", 0 0, L_0x55558a2d63b0;  alias, 1 drivers
v0x55558a0db4e0_0 .net "sel", 0 0, L_0x55558a2d69c0;  1 drivers
L_0x55558a2d66d0 .functor MUXZ 1, L_0x55558a2d63b0, L_0x7f2f7e3b7180, L_0x55558a2d69c0, C4<>;
L_0x55558a2d6890 .functor MUXZ 1, L_0x7f2f7e3b71c8, L_0x55558a2d63b0, L_0x55558a2d69c0, C4<>;
S_0x55558a0db630 .scope module, "d3" "DMux" 15 28, 16 8 0, S_0x555589fc4ee0;
 .timescale -12 -12;
    .port_info 0 /INPUT 1 "in";
    .port_info 1 /INPUT 1 "sel";
    .port_info 2 /OUTPUT 1 "a";
    .port_info 3 /OUTPUT 1 "b";
L_0x7f2f7e3b7210 .functor BUFT 1, C4<0>, C4<0>, C4<0>, C4<0>;
v0x55558a03bf60_0 .net/2u *"_ivl_0", 0 0, L_0x7f2f7e3b7210;  1 drivers
L_0x7f2f7e3b7258 .functor BUFT 1, C4<0>, C4<0>, C4<0>, C4<0>;
v0x55558a03c020_0 .net/2u *"_ivl_4", 0 0, L_0x7f2f7e3b7258;  1 drivers
v0x55558a03c100_0 .net "a", 0 0, L_0x55558a2d6ab0;  alias, 1 drivers
v0x55558a03c1d0_0 .net "b", 0 0, L_0x55558a2d6d00;  alias, 1 drivers
v0x55558a03c290_0 .net "in", 0 0, L_0x55558a2d64f0;  alias, 1 drivers
v0x55558a020f30_0 .net "sel", 0 0, L_0x55558a2d6e30;  1 drivers
L_0x55558a2d6ab0 .functor MUXZ 1, L_0x55558a2d64f0, L_0x7f2f7e3b7210, L_0x55558a2d6e30, C4<>;
L_0x55558a2d6d00 .functor MUXZ 1, L_0x7f2f7e3b7258, L_0x55558a2d64f0, L_0x55558a2d6e30, C4<>;
S_0x55558a01da90 .scope module, "d2" "DMux" 14 35, 16 8 0, S_0x55558a23d720;
 .timescale -12 -12;
    .port_info 0 /INPUT 1 "in";
    .port_info 1 /INPUT 1 "sel";
    .port_info 2 /OUTPUT 1 "a";
    .port_info 3 /OUTPUT 1 "b";
L_0x7f2f7e3b72a0 .functor BUFT 1, C4<0>, C4<0>, C4<0>, C4<0>;
v0x55558a024750_0 .net/2u *"_ivl_0", 0 0, L_0x7f2f7e3b72a0;  1 drivers
L_0x7f2f7e3b72e8 .functor BUFT 1, C4<0>, C4<0>, C4<0>, C4<0>;
v0x55558a024830_0 .net/2u *"_ivl_4", 0 0, L_0x7f2f7e3b72e8;  1 drivers
v0x55558a024910_0 .net "a", 0 0, L_0x55558a2d7000;  alias, 1 drivers
v0x55558a0249e0_0 .net "b", 0 0, L_0x55558a2d70a0;  alias, 1 drivers
v0x55558a024aa0_0 .net "in", 0 0, L_0x55558a2d66d0;  alias, 1 drivers
v0x55558a02c370_0 .net "sel", 0 0, L_0x55558a2d7230;  1 drivers
L_0x55558a2d7000 .functor MUXZ 1, L_0x55558a2d66d0, L_0x7f2f7e3b72a0, L_0x55558a2d7230, C4<>;
L_0x55558a2d70a0 .functor MUXZ 1, L_0x7f2f7e3b72e8, L_0x55558a2d66d0, L_0x55558a2d7230, C4<>;
S_0x55558a02c4b0 .scope module, "d3" "DMux" 14 36, 16 8 0, S_0x55558a23d720;
 .timescale -12 -12;
    .port_info 0 /INPUT 1 "in";
    .port_info 1 /INPUT 1 "sel";
    .port_info 2 /OUTPUT 1 "a";
    .port_info 3 /OUTPUT 1 "b";
L_0x7f2f7e3b7330 .functor BUFT 1, C4<0>, C4<0>, C4<0>, C4<0>;
v0x55558a02c720_0 .net/2u *"_ivl_0", 0 0, L_0x7f2f7e3b7330;  1 drivers
L_0x7f2f7e3b7378 .functor BUFT 1, C4<0>, C4<0>, C4<0>, C4<0>;
v0x55558a028470_0 .net/2u *"_ivl_4", 0 0, L_0x7f2f7e3b7378;  1 drivers
v0x55558a028550_0 .net "a", 0 0, L_0x55558a2d7320;  alias, 1 drivers
v0x55558a0285f0_0 .net "b", 0 0, L_0x55558a2d7460;  alias, 1 drivers
v0x55558a0286b0_0 .net "in", 0 0, L_0x55558a2d6890;  alias, 1 drivers
v0x55558a0287f0_0 .net "sel", 0 0, L_0x55558a2d75f0;  1 drivers
L_0x55558a2d7320 .functor MUXZ 1, L_0x55558a2d6890, L_0x7f2f7e3b7330, L_0x55558a2d75f0, C4<>;
L_0x55558a2d7460 .functor MUXZ 1, L_0x7f2f7e3b7378, L_0x55558a2d6890, L_0x55558a2d75f0, C4<>;
S_0x55558a03b230 .scope module, "d4" "DMux" 14 37, 16 8 0, S_0x55558a23d720;
 .timescale -12 -12;
    .port_info 0 /INPUT 1 "in";
    .port_info 1 /INPUT 1 "sel";
    .port_info 2 /OUTPUT 1 "a";
    .port_info 3 /OUTPUT 1 "b";
L_0x7f2f7e3b73c0 .functor BUFT 1, C4<0>, C4<0>, C4<0>, C4<0>;
v0x55558a03b450_0 .net/2u *"_ivl_0", 0 0, L_0x7f2f7e3b73c0;  1 drivers
L_0x7f2f7e3b7408 .functor BUFT 1, C4<0>, C4<0>, C4<0>, C4<0>;
v0x55558a03b550_0 .net/2u *"_ivl_4", 0 0, L_0x7f2f7e3b7408;  1 drivers
v0x55558a03b630_0 .net "a", 0 0, L_0x55558a2d7690;  alias, 1 drivers
v0x55558a03dc70_0 .net "b", 0 0, L_0x55558a2d77d0;  alias, 1 drivers
v0x55558a03dd30_0 .net "in", 0 0, L_0x55558a2d6ab0;  alias, 1 drivers
v0x55558a03de70_0 .net "sel", 0 0, L_0x55558a2d7960;  1 drivers
L_0x55558a2d7690 .functor MUXZ 1, L_0x55558a2d6ab0, L_0x7f2f7e3b73c0, L_0x55558a2d7960, C4<>;
L_0x55558a2d77d0 .functor MUXZ 1, L_0x7f2f7e3b7408, L_0x55558a2d6ab0, L_0x55558a2d7960, C4<>;
S_0x55558a03dfb0 .scope module, "d5" "DMux" 14 40, 16 8 0, S_0x55558a23d720;
 .timescale -12 -12;
    .port_info 0 /INPUT 1 "in";
    .port_info 1 /INPUT 1 "sel";
    .port_info 2 /OUTPUT 1 "a";
    .port_info 3 /OUTPUT 1 "b";
L_0x7f2f7e3b7450 .functor BUFT 1, C4<0>, C4<0>, C4<0>, C4<0>;
v0x55558a04dc20_0 .net/2u *"_ivl_0", 0 0, L_0x7f2f7e3b7450;  1 drivers
L_0x7f2f7e3b7498 .functor BUFT 1, C4<0>, C4<0>, C4<0>, C4<0>;
v0x55558a04dd00_0 .net/2u *"_ivl_4", 0 0, L_0x7f2f7e3b7498;  1 drivers
v0x55558a04dde0_0 .net "a", 0 0, L_0x55558a2d7a90;  alias, 1 drivers
v0x55558a04de80_0 .net "b", 0 0, L_0x55558a2d7b80;  alias, 1 drivers
v0x55558a04df40_0 .net "in", 0 0, L_0x55558a2d6d00;  alias, 1 drivers
v0x55558a040460_0 .net "sel", 0 0, L_0x55558a2d7d10;  1 drivers
L_0x55558a2d7a90 .functor MUXZ 1, L_0x55558a2d6d00, L_0x7f2f7e3b7450, L_0x55558a2d7d10, C4<>;
L_0x55558a2d7b80 .functor MUXZ 1, L_0x7f2f7e3b7498, L_0x55558a2d6d00, L_0x55558a2d7d10, C4<>;
S_0x55558a225720 .scope module, "FullAdder" "FullAdder" 17 6;
 .timescale -12 -12;
    .port_info 0 /INPUT 1 "a";
    .port_info 1 /INPUT 1 "b";
    .port_info 2 /INPUT 1 "c";
    .port_info 3 /OUTPUT 1 "sum";
    .port_info 4 /OUTPUT 1 "carry";
o0x7f2f7e75cfb8 .functor BUFZ 1, c4<z>; HiZ drive
o0x7f2f7e75cfe8 .functor BUFZ 1, c4<z>; HiZ drive
L_0x55558a2d5840 .functor XOR 1, o0x7f2f7e75cfb8, o0x7f2f7e75cfe8, C4<0>, C4<0>;
o0x7f2f7e75d018 .functor BUFZ 1, c4<z>; HiZ drive
L_0x55558a2d7db0 .functor XOR 1, L_0x55558a2d5840, o0x7f2f7e75d018, C4<0>, C4<0>;
L_0x55558a2d7e70 .functor AND 1, o0x7f2f7e75cfb8, o0x7f2f7e75cfe8, C4<1>, C4<1>;
L_0x55558a2d7f80 .functor AND 1, o0x7f2f7e75cfe8, o0x7f2f7e75d018, C4<1>, C4<1>;
L_0x55558a2d8040 .functor OR 1, L_0x55558a2d7e70, L_0x55558a2d7f80, C4<0>, C4<0>;
L_0x55558a2d8150 .functor AND 1, o0x7f2f7e75d018, o0x7f2f7e75cfb8, C4<1>, C4<1>;
L_0x55558a2d8200 .functor OR 1, L_0x55558a2d8040, L_0x55558a2d8150, C4<0>, C4<0>;
v0x55558a046660_0 .net *"_ivl_0", 0 0, L_0x55558a2d5840;  1 drivers
v0x55558a046760_0 .net *"_ivl_10", 0 0, L_0x55558a2d8150;  1 drivers
v0x55558a046840_0 .net *"_ivl_4", 0 0, L_0x55558a2d7e70;  1 drivers
v0x555589f9fa10_0 .net *"_ivl_6", 0 0, L_0x55558a2d7f80;  1 drivers
v0x555589f9faf0_0 .net *"_ivl_8", 0 0, L_0x55558a2d8040;  1 drivers
v0x555589f9fc20_0 .net "a", 0 0, o0x7f2f7e75cfb8;  0 drivers
v0x555589f9fce0_0 .net "b", 0 0, o0x7f2f7e75cfe8;  0 drivers
v0x555589f9fda0_0 .net "c", 0 0, o0x7f2f7e75d018;  0 drivers
v0x555589f9fe60_0 .net "carry", 0 0, L_0x55558a2d8200;  1 drivers
v0x555589faa1a0_0 .net "sum", 0 0, L_0x55558a2d7db0;  1 drivers
S_0x55558a225330 .scope module, "HalfAdder" "HalfAdder" 18 6;
 .timescale -12 -12;
    .port_info 0 /INPUT 1 "a";
    .port_info 1 /INPUT 1 "b";
    .port_info 2 /OUTPUT 1 "sum";
    .port_info 3 /OUTPUT 1 "carry";
o0x7f2f7e75d198 .functor BUFZ 1, c4<z>; HiZ drive
o0x7f2f7e75d1c8 .functor BUFZ 1, c4<z>; HiZ drive
L_0x55558a2d8310 .functor XOR 1, o0x7f2f7e75d198, o0x7f2f7e75d1c8, C4<0>, C4<0>;
L_0x55558a2d8380 .functor AND 1, o0x7f2f7e75d198, o0x7f2f7e75d1c8, C4<1>, C4<1>;
v0x555589faa300_0 .net "a", 0 0, o0x7f2f7e75d198;  0 drivers
v0x555589faa3e0_0 .net "b", 0 0, o0x7f2f7e75d1c8;  0 drivers
v0x555589faa4a0_0 .net "carry", 0 0, L_0x55558a2d8380;  1 drivers
v0x555589faa540_0 .net "sum", 0 0, L_0x55558a2d8310;  1 drivers
S_0x55558a222430 .scope module, "ICESTORM_LC" "ICESTORM_LC" 19 2136;
 .timescale -12 -12;
    .port_info 0 /INPUT 1 "I0";
    .port_info 1 /INPUT 1 "I1";
    .port_info 2 /INPUT 1 "I2";
    .port_info 3 /INPUT 1 "I3";
    .port_info 4 /INPUT 1 "CIN";
    .port_info 5 /INPUT 1 "CLK";
    .port_info 6 /INPUT 1 "CEN";
    .port_info 7 /INPUT 1 "SR";
    .port_info 8 /OUTPUT 1 "LO";
    .port_info 9 /OUTPUT 1 "O";
    .port_info 10 /OUTPUT 1 "COUT";
P_0x55558a2419b0 .param/l "ASYNC_SR" 0 19 2148, C4<0>;
P_0x55558a2419f0 .param/l "CARRY_ENABLE" 0 19 2145, C4<0>;
P_0x55558a241a30 .param/l "CIN_CONST" 0 19 2150, C4<0>;
P_0x55558a241a70 .param/l "CIN_SET" 0 19 2151, C4<0>;
P_0x55558a241ab0 .param/l "DFF_ENABLE" 0 19 2146, C4<0>;
P_0x55558a241af0 .param/l "LUT_INIT" 0 19 2142, C4<0000000000000000>;
P_0x55558a241b30 .param/l "NEG_CLK" 0 19 2144, C4<0>;
P_0x55558a241b70 .param/l "SET_NORESET" 0 19 2147, C4<0>;
o0x7f2f7e75d378 .functor BUFZ 1, c4<z>; HiZ drive
L_0x55558a2d92c0 .functor BUFZ 1, o0x7f2f7e75d378, C4<0>, C4<0>, C4<0>;
L_0x55558a2d9160 .functor BUFZ 1, L_0x55558a2d9e50, C4<0>, C4<0>, C4<0>;
o0x7f2f7e75d3a8 .functor BUFZ 1, c4<z>; HiZ drive
L_0x7f2f7e3b7768 .functor BUFT 1, C4<0>, C4<0>, C4<0>, C4<0>;
L_0x55558a2da0f0 .functor XOR 1, o0x7f2f7e75d3a8, L_0x7f2f7e3b7768, C4<0>, C4<0>;
L_0x55558a2da1b0 .functor BUFZ 1, L_0x55558a2d9e50, C4<0>, C4<0>, C4<0>;
o0x7f2f7e75d318 .functor BUFZ 1, c4<z>; HiZ drive
v0x555589fa6f30_0 .net "CEN", 0 0, o0x7f2f7e75d318;  0 drivers
v0x555589fa7010_0 .net "CEN_pu", 0 0, L_0x55558a2d90c0;  1 drivers
v0x555589fa70d0_0 .net "CIN", 0 0, o0x7f2f7e75d378;  0 drivers
v0x555589fa7170_0 .net "CLK", 0 0, o0x7f2f7e75d3a8;  0 drivers
L_0x7f2f7e3b7690 .functor BUFT 1, C4<x>, C4<0>, C4<0>, C4<0>;
v0x555589fa7230_0 .net "COUT", 0 0, L_0x7f2f7e3b7690;  1 drivers
o0x7f2f7e75d408 .functor BUFZ 1, c4<z>; HiZ drive
v0x555589fa72f0_0 .net "I0", 0 0, o0x7f2f7e75d408;  0 drivers
v0x555589fa73b0_0 .net "I0_pd", 0 0, L_0x55558a2d8530;  1 drivers
o0x7f2f7e75d468 .functor BUFZ 1, c4<z>; HiZ drive
v0x555589fab960_0 .net "I1", 0 0, o0x7f2f7e75d468;  0 drivers
v0x555589faba20_0 .net "I1_pd", 0 0, L_0x55558a2d8760;  1 drivers
o0x7f2f7e75d4c8 .functor BUFZ 1, c4<z>; HiZ drive
v0x555589fabb70_0 .net "I2", 0 0, o0x7f2f7e75d4c8;  0 drivers
v0x555589fabc30_0 .net "I2_pd", 0 0, L_0x55558a2d8990;  1 drivers
o0x7f2f7e75d528 .functor BUFZ 1, c4<z>; HiZ drive
v0x555589fabcf0_0 .net "I3", 0 0, o0x7f2f7e75d528;  0 drivers
v0x555589fabdb0_0 .net "I3_pd", 0 0, L_0x55558a2d8c00;  1 drivers
v0x555589fa87a0_0 .net "LO", 0 0, L_0x55558a2d9160;  1 drivers
v0x555589fa8860_0 .net "O", 0 0, L_0x55558a2da1b0;  1 drivers
o0x7f2f7e75d5e8 .functor BUFZ 1, c4<z>; HiZ drive
v0x555589fa8920_0 .net "SR", 0 0, o0x7f2f7e75d5e8;  0 drivers
v0x555589fa89e0_0 .net "SR_pd", 0 0, L_0x55558a2d8e80;  1 drivers
o0x7f2f7e75d648 .functor BUFZ 1, c4<z>; HiZ drive
; Elide local net with no drivers, v0x555589fa8bb0_0 name=_ivl_0
v0x555589fba610_0 .net *"_ivl_10", 0 0, L_0x55558a2d86c0;  1 drivers
L_0x7f2f7e3b7528 .functor BUFT 1, C4<0>, C4<0>, C4<0>, C4<0>;
v0x555589fba6d0_0 .net/2u *"_ivl_12", 0 0, L_0x7f2f7e3b7528;  1 drivers
o0x7f2f7e75d6d8 .functor BUFZ 1, c4<z>; HiZ drive
; Elide local net with no drivers, v0x555589fba7b0_0 name=_ivl_16
v0x555589fba890_0 .net *"_ivl_18", 0 0, L_0x55558a2d88f0;  1 drivers
v0x555589fba950_0 .net *"_ivl_2", 0 0, L_0x55558a2d8490;  1 drivers
L_0x7f2f7e3b7570 .functor BUFT 1, C4<0>, C4<0>, C4<0>, C4<0>;
v0x555589fbaa10_0 .net/2u *"_ivl_20", 0 0, L_0x7f2f7e3b7570;  1 drivers
o0x7f2f7e75d798 .functor BUFZ 1, c4<z>; HiZ drive
; Elide local net with no drivers, v0x555589fb7450_0 name=_ivl_24
v0x555589fb7530_0 .net *"_ivl_26", 0 0, L_0x55558a2d8b60;  1 drivers
L_0x7f2f7e3b75b8 .functor BUFT 1, C4<0>, C4<0>, C4<0>, C4<0>;
v0x555589fb75f0_0 .net/2u *"_ivl_28", 0 0, L_0x7f2f7e3b75b8;  1 drivers
o0x7f2f7e75d828 .functor BUFZ 1, c4<z>; HiZ drive
; Elide local net with no drivers, v0x555589fb76d0_0 name=_ivl_32
v0x555589fb77b0_0 .net *"_ivl_34", 0 0, L_0x55558a2d8de0;  1 drivers
L_0x7f2f7e3b7600 .functor BUFT 1, C4<0>, C4<0>, C4<0>, C4<0>;
v0x555589fb7870_0 .net/2u *"_ivl_36", 0 0, L_0x7f2f7e3b7600;  1 drivers
L_0x7f2f7e3b74e0 .functor BUFT 1, C4<0>, C4<0>, C4<0>, C4<0>;
v0x555589fbbe80_0 .net/2u *"_ivl_4", 0 0, L_0x7f2f7e3b74e0;  1 drivers
o0x7f2f7e75d8e8 .functor BUFZ 1, c4<z>; HiZ drive
; Elide local net with no drivers, v0x555589fbbf60_0 name=_ivl_40
v0x555589fbc040_0 .net *"_ivl_42", 0 0, L_0x55558a2d9020;  1 drivers
L_0x7f2f7e3b7648 .functor BUFT 1, C4<1>, C4<0>, C4<0>, C4<0>;
v0x555589fbc310_0 .net/2u *"_ivl_44", 0 0, L_0x7f2f7e3b7648;  1 drivers
L_0x7f2f7e3b76d8 .functor BUFT 1, C4<00000000>, C4<0>, C4<0>, C4<0>;
v0x555589fb8cc0_0 .net/2u *"_ivl_52", 7 0, L_0x7f2f7e3b76d8;  1 drivers
L_0x7f2f7e3b7720 .functor BUFT 1, C4<00000000>, C4<0>, C4<0>, C4<0>;
v0x555589fb8d80_0 .net/2u *"_ivl_54", 7 0, L_0x7f2f7e3b7720;  1 drivers
v0x555589fb8e60_0 .net *"_ivl_59", 3 0, L_0x55558a2d94c0;  1 drivers
v0x555589fb8f40_0 .net *"_ivl_61", 3 0, L_0x55558a2d9630;  1 drivers
v0x555589fb9020_0 .net *"_ivl_65", 1 0, L_0x55558a2d98f0;  1 drivers
v0x555589fb9100_0 .net *"_ivl_67", 1 0, L_0x55558a2d99e0;  1 drivers
v0x555589fc1370_0 .net *"_ivl_71", 0 0, L_0x55558a2d9cb0;  1 drivers
v0x555589fc1450_0 .net *"_ivl_73", 0 0, L_0x55558a2d9a80;  1 drivers
v0x555589fc1530_0 .net/2u *"_ivl_78", 0 0, L_0x7f2f7e3b7768;  1 drivers
o0x7f2f7e75db28 .functor BUFZ 1, c4<z>; HiZ drive
; Elide local net with no drivers, v0x555589fc1610_0 name=_ivl_8
v0x555589fc16f0_0 .net "lut_o", 0 0, L_0x55558a2d9e50;  1 drivers
v0x555589fc17b0_0 .net "lut_s1", 1 0, L_0x55558a2d9b20;  1 drivers
v0x555589fbd7d0_0 .net "lut_s2", 3 0, L_0x55558a2d96d0;  1 drivers
v0x555589fbd8b0_0 .net "lut_s3", 7 0, L_0x55558a2d9330;  1 drivers
v0x555589fbd990_0 .net "mux_cin", 0 0, L_0x55558a2d92c0;  1 drivers
v0x555589fbda50_0 .var "o_reg", 0 0;
v0x555589fbdb10_0 .var "o_reg_async", 0 0;
v0x555589fbdbd0_0 .net "polarized_clk", 0 0, L_0x55558a2da0f0;  1 drivers
E_0x55558a25a4a0 .event posedge, v0x555589fa89e0_0, v0x555589fbdbd0_0;
E_0x55558a040910 .event posedge, v0x555589fbdbd0_0;
L_0x55558a2d8490 .cmp/eeq 1, o0x7f2f7e75d408, o0x7f2f7e75d648;
L_0x55558a2d8530 .functor MUXZ 1, o0x7f2f7e75d408, L_0x7f2f7e3b74e0, L_0x55558a2d8490, C4<>;
L_0x55558a2d86c0 .cmp/eeq 1, o0x7f2f7e75d468, o0x7f2f7e75db28;
L_0x55558a2d8760 .functor MUXZ 1, o0x7f2f7e75d468, L_0x7f2f7e3b7528, L_0x55558a2d86c0, C4<>;
L_0x55558a2d88f0 .cmp/eeq 1, o0x7f2f7e75d4c8, o0x7f2f7e75d6d8;
L_0x55558a2d8990 .functor MUXZ 1, o0x7f2f7e75d4c8, L_0x7f2f7e3b7570, L_0x55558a2d88f0, C4<>;
L_0x55558a2d8b60 .cmp/eeq 1, o0x7f2f7e75d528, o0x7f2f7e75d798;
L_0x55558a2d8c00 .functor MUXZ 1, o0x7f2f7e75d528, L_0x7f2f7e3b75b8, L_0x55558a2d8b60, C4<>;
L_0x55558a2d8de0 .cmp/eeq 1, o0x7f2f7e75d5e8, o0x7f2f7e75d828;
L_0x55558a2d8e80 .functor MUXZ 1, o0x7f2f7e75d5e8, L_0x7f2f7e3b7600, L_0x55558a2d8de0, C4<>;
L_0x55558a2d9020 .cmp/eeq 1, o0x7f2f7e75d318, o0x7f2f7e75d8e8;
L_0x55558a2d90c0 .functor MUXZ 1, o0x7f2f7e75d318, L_0x7f2f7e3b7648, L_0x55558a2d9020, C4<>;
L_0x55558a2d9330 .functor MUXZ 8, L_0x7f2f7e3b7720, L_0x7f2f7e3b76d8, L_0x55558a2d8c00, C4<>;
L_0x55558a2d94c0 .part L_0x55558a2d9330, 4, 4;
L_0x55558a2d9630 .part L_0x55558a2d9330, 0, 4;
L_0x55558a2d96d0 .functor MUXZ 4, L_0x55558a2d9630, L_0x55558a2d94c0, L_0x55558a2d8990, C4<>;
L_0x55558a2d98f0 .part L_0x55558a2d96d0, 2, 2;
L_0x55558a2d99e0 .part L_0x55558a2d96d0, 0, 2;
L_0x55558a2d9b20 .functor MUXZ 2, L_0x55558a2d99e0, L_0x55558a2d98f0, L_0x55558a2d8760, C4<>;
L_0x55558a2d9cb0 .part L_0x55558a2d9b20, 1, 1;
L_0x55558a2d9a80 .part L_0x55558a2d9b20, 0, 1;
L_0x55558a2d9e50 .functor MUXZ 1, L_0x55558a2d9a80, L_0x55558a2d9cb0, L_0x55558a2d8530, C4<>;
S_0x55558a222040 .scope module, "ICESTORM_RAM" "ICESTORM_RAM" 19 3167;
 .timescale -12 -12;
    .port_info 0 /OUTPUT 1 "RDATA_15";
    .port_info 1 /OUTPUT 1 "RDATA_14";
    .port_info 2 /OUTPUT 1 "RDATA_13";
    .port_info 3 /OUTPUT 1 "RDATA_12";
    .port_info 4 /OUTPUT 1 "RDATA_11";
    .port_info 5 /OUTPUT 1 "RDATA_10";
    .port_info 6 /OUTPUT 1 "RDATA_9";
    .port_info 7 /OUTPUT 1 "RDATA_8";
    .port_info 8 /OUTPUT 1 "RDATA_7";
    .port_info 9 /OUTPUT 1 "RDATA_6";
    .port_info 10 /OUTPUT 1 "RDATA_5";
    .port_info 11 /OUTPUT 1 "RDATA_4";
    .port_info 12 /OUTPUT 1 "RDATA_3";
    .port_info 13 /OUTPUT 1 "RDATA_2";
    .port_info 14 /OUTPUT 1 "RDATA_1";
    .port_info 15 /OUTPUT 1 "RDATA_0";
    .port_info 16 /INPUT 1 "RCLK";
    .port_info 17 /INPUT 1 "RCLKE";
    .port_info 18 /INPUT 1 "RE";
    .port_info 19 /INPUT 1 "RADDR_10";
    .port_info 20 /INPUT 1 "RADDR_9";
    .port_info 21 /INPUT 1 "RADDR_8";
    .port_info 22 /INPUT 1 "RADDR_7";
    .port_info 23 /INPUT 1 "RADDR_6";
    .port_info 24 /INPUT 1 "RADDR_5";
    .port_info 25 /INPUT 1 "RADDR_4";
    .port_info 26 /INPUT 1 "RADDR_3";
    .port_info 27 /INPUT 1 "RADDR_2";
    .port_info 28 /INPUT 1 "RADDR_1";
    .port_info 29 /INPUT 1 "RADDR_0";
    .port_info 30 /INPUT 1 "WCLK";
    .port_info 31 /INPUT 1 "WCLKE";
    .port_info 32 /INPUT 1 "WE";
    .port_info 33 /INPUT 1 "WADDR_10";
    .port_info 34 /INPUT 1 "WADDR_9";
    .port_info 35 /INPUT 1 "WADDR_8";
    .port_info 36 /INPUT 1 "WADDR_7";
    .port_info 37 /INPUT 1 "WADDR_6";
    .port_info 38 /INPUT 1 "WADDR_5";
    .port_info 39 /INPUT 1 "WADDR_4";
    .port_info 40 /INPUT 1 "WADDR_3";
    .port_info 41 /INPUT 1 "WADDR_2";
    .port_info 42 /INPUT 1 "WADDR_1";
    .port_info 43 /INPUT 1 "WADDR_0";
    .port_info 44 /INPUT 1 "MASK_15";
    .port_info 45 /INPUT 1 "MASK_14";
    .port_info 46 /INPUT 1 "MASK_13";
    .port_info 47 /INPUT 1 "MASK_12";
    .port_info 48 /INPUT 1 "MASK_11";
    .port_info 49 /INPUT 1 "MASK_10";
    .port_info 50 /INPUT 1 "MASK_9";
    .port_info 51 /INPUT 1 "MASK_8";
    .port_info 52 /INPUT 1 "MASK_7";
    .port_info 53 /INPUT 1 "MASK_6";
    .port_info 54 /INPUT 1 "MASK_5";
    .port_info 55 /INPUT 1 "MASK_4";
    .port_info 56 /INPUT 1 "MASK_3";
    .port_info 57 /INPUT 1 "MASK_2";
    .port_info 58 /INPUT 1 "MASK_1";
    .port_info 59 /INPUT 1 "MASK_0";
    .port_info 60 /INPUT 1 "WDATA_15";
    .port_info 61 /INPUT 1 "WDATA_14";
    .port_info 62 /INPUT 1 "WDATA_13";
    .port_info 63 /INPUT 1 "WDATA_12";
    .port_info 64 /INPUT 1 "WDATA_11";
    .port_info 65 /INPUT 1 "WDATA_10";
    .port_info 66 /INPUT 1 "WDATA_9";
    .port_info 67 /INPUT 1 "WDATA_8";
    .port_info 68 /INPUT 1 "WDATA_7";
    .port_info 69 /INPUT 1 "WDATA_6";
    .port_info 70 /INPUT 1 "WDATA_5";
    .port_info 71 /INPUT 1 "WDATA_4";
    .port_info 72 /INPUT 1 "WDATA_3";
    .port_info 73 /INPUT 1 "WDATA_2";
    .port_info 74 /INPUT 1 "WDATA_1";
    .port_info 75 /INPUT 1 "WDATA_0";
P_0x555589fa3100 .param/l "INIT_0" 0 19 3182, C4<0000000000000000000000000000000000000000000000000000000000000000000000000000000000000000000000000000000000000000000000000000000000000000000000000000000000000000000000000000000000000000000000000000000000000000000000000000000000000000000000000000000000000000>;
P_0x555589fa3140 .param/l "INIT_1" 0 19 3183, C4<0000000000000000000000000000000000000000000000000000000000000000000000000000000000000000000000000000000000000000000000000000000000000000000000000000000000000000000000000000000000000000000000000000000000000000000000000000000000000000000000000000000000000000>;
P_0x555589fa3180 .param/l "INIT_2" 0 19 3184, C4<0000000000000000000000000000000000000000000000000000000000000000000000000000000000000000000000000000000000000000000000000000000000000000000000000000000000000000000000000000000000000000000000000000000000000000000000000000000000000000000000000000000000000000>;
P_0x555589fa31c0 .param/l "INIT_3" 0 19 3185, C4<0000000000000000000000000000000000000000000000000000000000000000000000000000000000000000000000000000000000000000000000000000000000000000000000000000000000000000000000000000000000000000000000000000000000000000000000000000000000000000000000000000000000000000>;
P_0x555589fa3200 .param/l "INIT_4" 0 19 3186, C4<0000000000000000000000000000000000000000000000000000000000000000000000000000000000000000000000000000000000000000000000000000000000000000000000000000000000000000000000000000000000000000000000000000000000000000000000000000000000000000000000000000000000000000>;
P_0x555589fa3240 .param/l "INIT_5" 0 19 3187, C4<0000000000000000000000000000000000000000000000000000000000000000000000000000000000000000000000000000000000000000000000000000000000000000000000000000000000000000000000000000000000000000000000000000000000000000000000000000000000000000000000000000000000000000>;
P_0x555589fa3280 .param/l "INIT_6" 0 19 3188, C4<0000000000000000000000000000000000000000000000000000000000000000000000000000000000000000000000000000000000000000000000000000000000000000000000000000000000000000000000000000000000000000000000000000000000000000000000000000000000000000000000000000000000000000>;
P_0x555589fa32c0 .param/l "INIT_7" 0 19 3189, C4<0000000000000000000000000000000000000000000000000000000000000000000000000000000000000000000000000000000000000000000000000000000000000000000000000000000000000000000000000000000000000000000000000000000000000000000000000000000000000000000000000000000000000000>;
P_0x555589fa3300 .param/l "INIT_8" 0 19 3190, C4<0000000000000000000000000000000000000000000000000000000000000000000000000000000000000000000000000000000000000000000000000000000000000000000000000000000000000000000000000000000000000000000000000000000000000000000000000000000000000000000000000000000000000000>;
P_0x555589fa3340 .param/l "INIT_9" 0 19 3191, C4<0000000000000000000000000000000000000000000000000000000000000000000000000000000000000000000000000000000000000000000000000000000000000000000000000000000000000000000000000000000000000000000000000000000000000000000000000000000000000000000000000000000000000000>;
P_0x555589fa3380 .param/l "INIT_A" 0 19 3192, C4<0000000000000000000000000000000000000000000000000000000000000000000000000000000000000000000000000000000000000000000000000000000000000000000000000000000000000000000000000000000000000000000000000000000000000000000000000000000000000000000000000000000000000000>;
P_0x555589fa33c0 .param/l "INIT_B" 0 19 3193, C4<0000000000000000000000000000000000000000000000000000000000000000000000000000000000000000000000000000000000000000000000000000000000000000000000000000000000000000000000000000000000000000000000000000000000000000000000000000000000000000000000000000000000000000>;
P_0x555589fa3400 .param/l "INIT_C" 0 19 3194, C4<0000000000000000000000000000000000000000000000000000000000000000000000000000000000000000000000000000000000000000000000000000000000000000000000000000000000000000000000000000000000000000000000000000000000000000000000000000000000000000000000000000000000000000>;
P_0x555589fa3440 .param/l "INIT_D" 0 19 3195, C4<0000000000000000000000000000000000000000000000000000000000000000000000000000000000000000000000000000000000000000000000000000000000000000000000000000000000000000000000000000000000000000000000000000000000000000000000000000000000000000000000000000000000000000>;
P_0x555589fa3480 .param/l "INIT_E" 0 19 3196, C4<0000000000000000000000000000000000000000000000000000000000000000000000000000000000000000000000000000000000000000000000000000000000000000000000000000000000000000000000000000000000000000000000000000000000000000000000000000000000000000000000000000000000000000>;
P_0x555589fa34c0 .param/l "INIT_F" 0 19 3197, C4<0000000000000000000000000000000000000000000000000000000000000000000000000000000000000000000000000000000000000000000000000000000000000000000000000000000000000000000000000000000000000000000000000000000000000000000000000000000000000000000000000000000000000000>;
P_0x555589fa3500 .param/l "NEG_CLK_R" 0 19 3179, C4<0>;
P_0x555589fa3540 .param/l "NEG_CLK_W" 0 19 3180, C4<0>;
P_0x555589fa3580 .param/l "READ_MODE" 0 19 3177, +C4<00000000000000000000000000000000>;
P_0x555589fa35c0 .param/l "WRITE_MODE" 0 19 3176, +C4<00000000000000000000000000000000>;
L_0x7f2f7e3b77f8 .functor BUFT 1, C4<0>, C4<0>, C4<0>, C4<0>;
L_0x55558a2daed0 .functor XOR 1, L_0x55558a2db520, L_0x7f2f7e3b77f8, C4<0>, C4<0>;
L_0x7f2f7e3b7840 .functor BUFT 1, C4<0>, C4<0>, C4<0>, C4<0>;
L_0x55558a2dce90 .functor XOR 1, L_0x55558a2dcce0, L_0x7f2f7e3b7840, C4<0>, C4<0>;
o0x7f2f7e75e4b8 .functor BUFZ 1, c4<z>; HiZ drive
v0x55558a281bf0_0 .net "MASK_0", 0 0, o0x7f2f7e75e4b8;  0 drivers
o0x7f2f7e75e4e8 .functor BUFZ 1, c4<z>; HiZ drive
v0x55558a281cd0_0 .net "MASK_1", 0 0, o0x7f2f7e75e4e8;  0 drivers
o0x7f2f7e75e518 .functor BUFZ 1, c4<z>; HiZ drive
v0x55558a281d90_0 .net "MASK_10", 0 0, o0x7f2f7e75e518;  0 drivers
o0x7f2f7e75e548 .functor BUFZ 1, c4<z>; HiZ drive
v0x55558a281e60_0 .net "MASK_11", 0 0, o0x7f2f7e75e548;  0 drivers
o0x7f2f7e75e578 .functor BUFZ 1, c4<z>; HiZ drive
v0x55558a281f20_0 .net "MASK_12", 0 0, o0x7f2f7e75e578;  0 drivers
o0x7f2f7e75e5a8 .functor BUFZ 1, c4<z>; HiZ drive
v0x55558a282030_0 .net "MASK_13", 0 0, o0x7f2f7e75e5a8;  0 drivers
o0x7f2f7e75e5d8 .functor BUFZ 1, c4<z>; HiZ drive
v0x55558a2820f0_0 .net "MASK_14", 0 0, o0x7f2f7e75e5d8;  0 drivers
o0x7f2f7e75e608 .functor BUFZ 1, c4<z>; HiZ drive
v0x55558a2821b0_0 .net "MASK_15", 0 0, o0x7f2f7e75e608;  0 drivers
o0x7f2f7e75e638 .functor BUFZ 1, c4<z>; HiZ drive
v0x55558a282270_0 .net "MASK_2", 0 0, o0x7f2f7e75e638;  0 drivers
o0x7f2f7e75e668 .functor BUFZ 1, c4<z>; HiZ drive
v0x55558a282330_0 .net "MASK_3", 0 0, o0x7f2f7e75e668;  0 drivers
o0x7f2f7e75e698 .functor BUFZ 1, c4<z>; HiZ drive
v0x55558a2823f0_0 .net "MASK_4", 0 0, o0x7f2f7e75e698;  0 drivers
o0x7f2f7e75e6c8 .functor BUFZ 1, c4<z>; HiZ drive
v0x55558a2824b0_0 .net "MASK_5", 0 0, o0x7f2f7e75e6c8;  0 drivers
o0x7f2f7e75e6f8 .functor BUFZ 1, c4<z>; HiZ drive
v0x55558a282570_0 .net "MASK_6", 0 0, o0x7f2f7e75e6f8;  0 drivers
o0x7f2f7e75e728 .functor BUFZ 1, c4<z>; HiZ drive
v0x55558a282630_0 .net "MASK_7", 0 0, o0x7f2f7e75e728;  0 drivers
o0x7f2f7e75e758 .functor BUFZ 1, c4<z>; HiZ drive
v0x55558a2826f0_0 .net "MASK_8", 0 0, o0x7f2f7e75e758;  0 drivers
o0x7f2f7e75e788 .functor BUFZ 1, c4<z>; HiZ drive
v0x55558a2827b0_0 .net "MASK_9", 0 0, o0x7f2f7e75e788;  0 drivers
o0x7f2f7e75e7b8 .functor BUFZ 1, c4<z>; HiZ drive
v0x55558a282870_0 .net "RADDR_0", 0 0, o0x7f2f7e75e7b8;  0 drivers
o0x7f2f7e75e7e8 .functor BUFZ 1, c4<z>; HiZ drive
v0x55558a282a40_0 .net "RADDR_1", 0 0, o0x7f2f7e75e7e8;  0 drivers
o0x7f2f7e75e818 .functor BUFZ 1, c4<z>; HiZ drive
v0x55558a282b00_0 .net "RADDR_10", 0 0, o0x7f2f7e75e818;  0 drivers
o0x7f2f7e75e848 .functor BUFZ 1, c4<z>; HiZ drive
v0x55558a282bc0_0 .net "RADDR_2", 0 0, o0x7f2f7e75e848;  0 drivers
o0x7f2f7e75e878 .functor BUFZ 1, c4<z>; HiZ drive
v0x55558a282c80_0 .net "RADDR_3", 0 0, o0x7f2f7e75e878;  0 drivers
o0x7f2f7e75e8a8 .functor BUFZ 1, c4<z>; HiZ drive
v0x55558a282d40_0 .net "RADDR_4", 0 0, o0x7f2f7e75e8a8;  0 drivers
o0x7f2f7e75e8d8 .functor BUFZ 1, c4<z>; HiZ drive
v0x55558a282e00_0 .net "RADDR_5", 0 0, o0x7f2f7e75e8d8;  0 drivers
o0x7f2f7e75e908 .functor BUFZ 1, c4<z>; HiZ drive
v0x55558a282ec0_0 .net "RADDR_6", 0 0, o0x7f2f7e75e908;  0 drivers
o0x7f2f7e75e938 .functor BUFZ 1, c4<z>; HiZ drive
v0x55558a282f80_0 .net "RADDR_7", 0 0, o0x7f2f7e75e938;  0 drivers
o0x7f2f7e75e968 .functor BUFZ 1, c4<z>; HiZ drive
v0x55558a283040_0 .net "RADDR_8", 0 0, o0x7f2f7e75e968;  0 drivers
o0x7f2f7e75e998 .functor BUFZ 1, c4<z>; HiZ drive
v0x55558a283100_0 .net "RADDR_9", 0 0, o0x7f2f7e75e998;  0 drivers
o0x7f2f7e75e9c8 .functor BUFZ 1, c4<z>; HiZ drive
v0x55558a2831c0_0 .net "RCLK", 0 0, o0x7f2f7e75e9c8;  0 drivers
o0x7f2f7e75e9f8 .functor BUFZ 1, c4<z>; HiZ drive
v0x55558a283280_0 .net "RCLKE", 0 0, o0x7f2f7e75e9f8;  0 drivers
v0x55558a283340_0 .net "RDATA_0", 0 0, L_0x55558a2db3c0;  1 drivers
v0x55558a283400_0 .net "RDATA_1", 0 0, L_0x55558a2db0e0;  1 drivers
v0x55558a2834c0_0 .net "RDATA_10", 0 0, L_0x55558a2da860;  1 drivers
v0x55558a283580_0 .net "RDATA_11", 0 0, L_0x55558a2da790;  1 drivers
v0x55558a283850_0 .net "RDATA_12", 0 0, L_0x55558a2da690;  1 drivers
v0x55558a283910_0 .net "RDATA_13", 0 0, L_0x55558a2da5c0;  1 drivers
v0x55558a2839d0_0 .net "RDATA_14", 0 0, L_0x55558a2da520;  1 drivers
v0x55558a283a90_0 .net "RDATA_15", 0 0, L_0x55558a2da400;  1 drivers
v0x55558a283b50_0 .net "RDATA_2", 0 0, L_0x55558a2db010;  1 drivers
v0x55558a283c10_0 .net "RDATA_3", 0 0, L_0x55558a2daf40;  1 drivers
v0x55558a283cd0_0 .net "RDATA_4", 0 0, L_0x55558a2dae00;  1 drivers
v0x55558a283d90_0 .net "RDATA_5", 0 0, L_0x55558a2dad30;  1 drivers
v0x55558a283e50_0 .net "RDATA_6", 0 0, L_0x55558a2dac00;  1 drivers
v0x55558a283f10_0 .net "RDATA_7", 0 0, L_0x55558a2dab30;  1 drivers
v0x55558a283fd0_0 .net "RDATA_8", 0 0, L_0x55558a2daa10;  1 drivers
v0x55558a284090_0 .net "RDATA_9", 0 0, L_0x55558a2da970;  1 drivers
o0x7f2f7e75ed28 .functor BUFZ 1, c4<z>; HiZ drive
v0x55558a284150_0 .net "RE", 0 0, o0x7f2f7e75ed28;  0 drivers
o0x7f2f7e75ed58 .functor BUFZ 1, c4<z>; HiZ drive
v0x55558a284210_0 .net "WADDR_0", 0 0, o0x7f2f7e75ed58;  0 drivers
o0x7f2f7e75ed88 .functor BUFZ 1, c4<z>; HiZ drive
v0x55558a2842d0_0 .net "WADDR_1", 0 0, o0x7f2f7e75ed88;  0 drivers
o0x7f2f7e75edb8 .functor BUFZ 1, c4<z>; HiZ drive
v0x55558a284390_0 .net "WADDR_10", 0 0, o0x7f2f7e75edb8;  0 drivers
o0x7f2f7e75ede8 .functor BUFZ 1, c4<z>; HiZ drive
v0x55558a284450_0 .net "WADDR_2", 0 0, o0x7f2f7e75ede8;  0 drivers
o0x7f2f7e75ee18 .functor BUFZ 1, c4<z>; HiZ drive
v0x55558a284510_0 .net "WADDR_3", 0 0, o0x7f2f7e75ee18;  0 drivers
o0x7f2f7e75ee48 .functor BUFZ 1, c4<z>; HiZ drive
v0x55558a2845d0_0 .net "WADDR_4", 0 0, o0x7f2f7e75ee48;  0 drivers
o0x7f2f7e75ee78 .functor BUFZ 1, c4<z>; HiZ drive
v0x55558a284690_0 .net "WADDR_5", 0 0, o0x7f2f7e75ee78;  0 drivers
o0x7f2f7e75eea8 .functor BUFZ 1, c4<z>; HiZ drive
v0x55558a284750_0 .net "WADDR_6", 0 0, o0x7f2f7e75eea8;  0 drivers
o0x7f2f7e75eed8 .functor BUFZ 1, c4<z>; HiZ drive
v0x55558a284810_0 .net "WADDR_7", 0 0, o0x7f2f7e75eed8;  0 drivers
o0x7f2f7e75ef08 .functor BUFZ 1, c4<z>; HiZ drive
v0x55558a2848d0_0 .net "WADDR_8", 0 0, o0x7f2f7e75ef08;  0 drivers
o0x7f2f7e75ef38 .functor BUFZ 1, c4<z>; HiZ drive
v0x55558a284990_0 .net "WADDR_9", 0 0, o0x7f2f7e75ef38;  0 drivers
o0x7f2f7e75ef68 .functor BUFZ 1, c4<z>; HiZ drive
v0x55558a284a50_0 .net "WCLK", 0 0, o0x7f2f7e75ef68;  0 drivers
o0x7f2f7e75ef98 .functor BUFZ 1, c4<z>; HiZ drive
v0x55558a284b10_0 .net "WCLKE", 0 0, o0x7f2f7e75ef98;  0 drivers
o0x7f2f7e75efc8 .functor BUFZ 1, c4<z>; HiZ drive
v0x55558a284bd0_0 .net "WDATA_0", 0 0, o0x7f2f7e75efc8;  0 drivers
o0x7f2f7e75eff8 .functor BUFZ 1, c4<z>; HiZ drive
v0x55558a284c90_0 .net "WDATA_1", 0 0, o0x7f2f7e75eff8;  0 drivers
o0x7f2f7e75f028 .functor BUFZ 1, c4<z>; HiZ drive
v0x55558a284d50_0 .net "WDATA_10", 0 0, o0x7f2f7e75f028;  0 drivers
o0x7f2f7e75f058 .functor BUFZ 1, c4<z>; HiZ drive
v0x55558a284e10_0 .net "WDATA_11", 0 0, o0x7f2f7e75f058;  0 drivers
o0x7f2f7e75f088 .functor BUFZ 1, c4<z>; HiZ drive
v0x55558a284ed0_0 .net "WDATA_12", 0 0, o0x7f2f7e75f088;  0 drivers
o0x7f2f7e75f0b8 .functor BUFZ 1, c4<z>; HiZ drive
v0x55558a284f90_0 .net "WDATA_13", 0 0, o0x7f2f7e75f0b8;  0 drivers
o0x7f2f7e75f0e8 .functor BUFZ 1, c4<z>; HiZ drive
v0x55558a285050_0 .net "WDATA_14", 0 0, o0x7f2f7e75f0e8;  0 drivers
o0x7f2f7e75f118 .functor BUFZ 1, c4<z>; HiZ drive
v0x55558a285110_0 .net "WDATA_15", 0 0, o0x7f2f7e75f118;  0 drivers
o0x7f2f7e75f148 .functor BUFZ 1, c4<z>; HiZ drive
v0x55558a2851d0_0 .net "WDATA_2", 0 0, o0x7f2f7e75f148;  0 drivers
o0x7f2f7e75f178 .functor BUFZ 1, c4<z>; HiZ drive
v0x55558a285290_0 .net "WDATA_3", 0 0, o0x7f2f7e75f178;  0 drivers
o0x7f2f7e75f1a8 .functor BUFZ 1, c4<z>; HiZ drive
v0x55558a285350_0 .net "WDATA_4", 0 0, o0x7f2f7e75f1a8;  0 drivers
o0x7f2f7e75f1d8 .functor BUFZ 1, c4<z>; HiZ drive
v0x55558a285410_0 .net "WDATA_5", 0 0, o0x7f2f7e75f1d8;  0 drivers
o0x7f2f7e75f208 .functor BUFZ 1, c4<z>; HiZ drive
v0x55558a2854d0_0 .net "WDATA_6", 0 0, o0x7f2f7e75f208;  0 drivers
o0x7f2f7e75f238 .functor BUFZ 1, c4<z>; HiZ drive
v0x55558a285590_0 .net "WDATA_7", 0 0, o0x7f2f7e75f238;  0 drivers
o0x7f2f7e75f268 .functor BUFZ 1, c4<z>; HiZ drive
v0x55558a285650_0 .net "WDATA_8", 0 0, o0x7f2f7e75f268;  0 drivers
o0x7f2f7e75f298 .functor BUFZ 1, c4<z>; HiZ drive
v0x55558a285710_0 .net "WDATA_9", 0 0, o0x7f2f7e75f298;  0 drivers
o0x7f2f7e75f2c8 .functor BUFZ 1, c4<z>; HiZ drive
v0x55558a2857d0_0 .net "WE", 0 0, o0x7f2f7e75f2c8;  0 drivers
v0x55558a285890_0 .net *"_ivl_100", 0 0, L_0x55558a2df2a0;  1 drivers
v0x55558a285970_0 .net *"_ivl_102", 0 0, L_0x55558a2deff0;  1 drivers
v0x55558a285a50_0 .net *"_ivl_104", 0 0, L_0x55558a2df0f0;  1 drivers
v0x55558a285b30_0 .net *"_ivl_106", 0 0, L_0x55558a2df790;  1 drivers
v0x55558a285c10_0 .net *"_ivl_108", 0 0, L_0x55558a2df890;  1 drivers
v0x55558a285cf0_0 .net *"_ivl_110", 0 0, L_0x55558a2dfb70;  1 drivers
v0x55558a285dd0_0 .net *"_ivl_112", 0 0, L_0x55558a2dfc70;  1 drivers
v0x55558a285eb0_0 .net *"_ivl_114", 0 0, L_0x55558a2dff60;  1 drivers
v0x55558a285f90_0 .net *"_ivl_116", 0 0, L_0x55558a2e0060;  1 drivers
v0x55558a286070_0 .net *"_ivl_120", 0 0, L_0x55558a2e0950;  1 drivers
v0x55558a286150_0 .net *"_ivl_122", 0 0, L_0x55558a2e0c00;  1 drivers
v0x55558a286230_0 .net *"_ivl_124", 0 0, L_0x55558a2e0ca0;  1 drivers
v0x55558a286310_0 .net *"_ivl_126", 0 0, L_0x55558a2e0f60;  1 drivers
v0x55558a2863f0_0 .net *"_ivl_128", 0 0, L_0x55558a2e1000;  1 drivers
v0x55558a2864d0_0 .net *"_ivl_130", 0 0, L_0x55558a2e12d0;  1 drivers
v0x55558a2865b0_0 .net *"_ivl_132", 0 0, L_0x55558a2e1370;  1 drivers
v0x55558a286690_0 .net *"_ivl_134", 0 0, L_0x55558a2e1650;  1 drivers
v0x55558a286770_0 .net *"_ivl_136", 0 0, L_0x55558a2e16f0;  1 drivers
v0x55558a286850_0 .net *"_ivl_138", 0 0, L_0x55558a2e1a10;  1 drivers
v0x55558a286930_0 .net *"_ivl_140", 0 0, L_0x55558a2e1b10;  1 drivers
v0x55558a286a10_0 .net *"_ivl_142", 0 0, L_0x55558a2e1e70;  1 drivers
v0x55558a286af0_0 .net *"_ivl_144", 0 0, L_0x55558a2e1f70;  1 drivers
v0x55558a286bd0_0 .net *"_ivl_146", 0 0, L_0x55558a2e22e0;  1 drivers
v0x55558a286cb0_0 .net *"_ivl_148", 0 0, L_0x55558a2e23e0;  1 drivers
v0x55558a286d90_0 .net *"_ivl_150", 0 0, L_0x55558a2e2760;  1 drivers
v0x55558a286e70_0 .net *"_ivl_18", 0 0, L_0x55558a2db520;  1 drivers
v0x55558a286f50_0 .net/2u *"_ivl_19", 0 0, L_0x7f2f7e3b77f8;  1 drivers
v0x55558a287030_0 .net *"_ivl_28", 0 0, L_0x55558a2db8c0;  1 drivers
v0x55558a287110_0 .net *"_ivl_30", 0 0, L_0x55558a2db720;  1 drivers
v0x55558a2871f0_0 .net *"_ivl_32", 0 0, L_0x55558a2dbad0;  1 drivers
v0x55558a2872d0_0 .net *"_ivl_34", 0 0, L_0x55558a2dbc90;  1 drivers
v0x55558a2873b0_0 .net *"_ivl_36", 0 0, L_0x55558a2dbd90;  1 drivers
v0x55558a287490_0 .net *"_ivl_38", 0 0, L_0x55558a2dbf60;  1 drivers
v0x55558a287570_0 .net *"_ivl_40", 0 0, L_0x55558a2dc060;  1 drivers
v0x55558a287650_0 .net *"_ivl_42", 0 0, L_0x55558a2dc240;  1 drivers
v0x55558a287730_0 .net *"_ivl_44", 0 0, L_0x55558a2dc340;  1 drivers
v0x55558a287810_0 .net *"_ivl_46", 0 0, L_0x55558a2dc530;  1 drivers
v0x55558a2878f0_0 .net *"_ivl_48", 0 0, L_0x55558a2dc630;  1 drivers
v0x55558a2879d0_0 .net *"_ivl_52", 0 0, L_0x55558a2dcce0;  1 drivers
v0x55558a287ab0_0 .net/2u *"_ivl_53", 0 0, L_0x7f2f7e3b7840;  1 drivers
v0x55558a287b90_0 .net *"_ivl_62", 0 0, L_0x55558a2dd200;  1 drivers
v0x55558a287c70_0 .net *"_ivl_64", 0 0, L_0x55558a2dd2a0;  1 drivers
v0x55558a287d50_0 .net *"_ivl_66", 0 0, L_0x55558a2dd470;  1 drivers
v0x55558a287e30_0 .net *"_ivl_68", 0 0, L_0x55558a2dd540;  1 drivers
v0x55558a287f10_0 .net *"_ivl_70", 0 0, L_0x55558a2dd780;  1 drivers
v0x55558a287ff0_0 .net *"_ivl_72", 0 0, L_0x55558a2dd880;  1 drivers
v0x55558a2880d0_0 .net *"_ivl_74", 0 0, L_0x55558a2ddad0;  1 drivers
v0x55558a2881b0_0 .net *"_ivl_76", 0 0, L_0x55558a2ddbd0;  1 drivers
v0x55558a288290_0 .net *"_ivl_78", 0 0, L_0x55558a2dde30;  1 drivers
v0x55558a288370_0 .net *"_ivl_80", 0 0, L_0x55558a2ddf30;  1 drivers
v0x55558a288450_0 .net *"_ivl_82", 0 0, L_0x55558a2de1a0;  1 drivers
v0x55558a288530_0 .net *"_ivl_86", 0 0, L_0x55558a2de8d0;  1 drivers
v0x55558a288610_0 .net *"_ivl_88", 0 0, L_0x55558a2de970;  1 drivers
v0x55558a288f00_0 .net *"_ivl_90", 0 0, L_0x55558a2deba0;  1 drivers
v0x55558a288fe0_0 .net *"_ivl_92", 0 0, L_0x55558a2dec40;  1 drivers
v0x55558a2890c0_0 .net *"_ivl_94", 0 0, L_0x55558a2dee80;  1 drivers
v0x55558a2891a0_0 .net *"_ivl_96", 0 0, L_0x55558a2def20;  1 drivers
v0x55558a289280_0 .net *"_ivl_98", 0 0, L_0x55558a2df1a0;  1 drivers
L_0x55558a2da400 .part v0x555589faf570_0, 15, 1;
L_0x55558a2da520 .part v0x555589faf570_0, 14, 1;
L_0x55558a2da5c0 .part v0x555589faf570_0, 13, 1;
L_0x55558a2da690 .part v0x555589faf570_0, 12, 1;
L_0x55558a2da790 .part v0x555589faf570_0, 11, 1;
L_0x55558a2da860 .part v0x555589faf570_0, 10, 1;
L_0x55558a2da970 .part v0x555589faf570_0, 9, 1;
L_0x55558a2daa10 .part v0x555589faf570_0, 8, 1;
L_0x55558a2dab30 .part v0x555589faf570_0, 7, 1;
L_0x55558a2dac00 .part v0x555589faf570_0, 6, 1;
L_0x55558a2dad30 .part v0x555589faf570_0, 5, 1;
L_0x55558a2dae00 .part v0x555589faf570_0, 4, 1;
L_0x55558a2daf40 .part v0x555589faf570_0, 3, 1;
L_0x55558a2db010 .part v0x555589faf570_0, 2, 1;
L_0x55558a2db0e0 .part v0x555589faf570_0, 1, 1;
L_0x55558a2db3c0 .part v0x555589faf570_0, 0, 1;
L_0x55558a2db520 .ufunc/vec4 TD_ICESTORM_RAM.pd, 1, o0x7f2f7e75e9c8 (v0x55558a030540_0) S_0x55558a0302d0;
L_0x55558a2db680 .ufunc/vec4 TD_ICESTORM_RAM.pu, 1, o0x7f2f7e75e9f8 (v0x55558a281b30_0) S_0x55558a030600;
L_0x55558a2db7c0 .ufunc/vec4 TD_ICESTORM_RAM.pd, 1, o0x7f2f7e75ed28 (v0x55558a030540_0) S_0x55558a0302d0;
L_0x55558a2db8c0 .ufunc/vec4 TD_ICESTORM_RAM.pd, 1, o0x7f2f7e75e818 (v0x55558a030540_0) S_0x55558a0302d0;
L_0x55558a2db720 .ufunc/vec4 TD_ICESTORM_RAM.pd, 1, o0x7f2f7e75e998 (v0x55558a030540_0) S_0x55558a0302d0;
L_0x55558a2dbad0 .ufunc/vec4 TD_ICESTORM_RAM.pd, 1, o0x7f2f7e75e968 (v0x55558a030540_0) S_0x55558a0302d0;
L_0x55558a2dbc90 .ufunc/vec4 TD_ICESTORM_RAM.pd, 1, o0x7f2f7e75e938 (v0x55558a030540_0) S_0x55558a0302d0;
L_0x55558a2dbd90 .ufunc/vec4 TD_ICESTORM_RAM.pd, 1, o0x7f2f7e75e908 (v0x55558a030540_0) S_0x55558a0302d0;
L_0x55558a2dbf60 .ufunc/vec4 TD_ICESTORM_RAM.pd, 1, o0x7f2f7e75e8d8 (v0x55558a030540_0) S_0x55558a0302d0;
L_0x55558a2dc060 .ufunc/vec4 TD_ICESTORM_RAM.pd, 1, o0x7f2f7e75e8a8 (v0x55558a030540_0) S_0x55558a0302d0;
L_0x55558a2dc240 .ufunc/vec4 TD_ICESTORM_RAM.pd, 1, o0x7f2f7e75e878 (v0x55558a030540_0) S_0x55558a0302d0;
L_0x55558a2dc340 .ufunc/vec4 TD_ICESTORM_RAM.pd, 1, o0x7f2f7e75e848 (v0x55558a030540_0) S_0x55558a0302d0;
L_0x55558a2dc530 .ufunc/vec4 TD_ICESTORM_RAM.pd, 1, o0x7f2f7e75e7e8 (v0x55558a030540_0) S_0x55558a0302d0;
L_0x55558a2dc630 .ufunc/vec4 TD_ICESTORM_RAM.pd, 1, o0x7f2f7e75e7b8 (v0x55558a030540_0) S_0x55558a0302d0;
LS_0x55558a2dc830_0_0 .concat [ 1 1 1 1], L_0x55558a2dc630, L_0x55558a2dc530, L_0x55558a2dc340, L_0x55558a2dc240;
LS_0x55558a2dc830_0_4 .concat [ 1 1 1 1], L_0x55558a2dc060, L_0x55558a2dbf60, L_0x55558a2dbd90, L_0x55558a2dbc90;
LS_0x55558a2dc830_0_8 .concat [ 1 1 1 0], L_0x55558a2dbad0, L_0x55558a2db720, L_0x55558a2db8c0;
L_0x55558a2dc830 .concat [ 4 4 3 0], LS_0x55558a2dc830_0_0, LS_0x55558a2dc830_0_4, LS_0x55558a2dc830_0_8;
L_0x55558a2dcce0 .ufunc/vec4 TD_ICESTORM_RAM.pd, 1, o0x7f2f7e75ef68 (v0x55558a030540_0) S_0x55558a0302d0;
L_0x55558a2dcfa0 .ufunc/vec4 TD_ICESTORM_RAM.pu, 1, o0x7f2f7e75ef98 (v0x55558a281b30_0) S_0x55558a030600;
L_0x55558a2dd040 .ufunc/vec4 TD_ICESTORM_RAM.pd, 1, o0x7f2f7e75f2c8 (v0x55558a030540_0) S_0x55558a0302d0;
L_0x55558a2dd200 .ufunc/vec4 TD_ICESTORM_RAM.pd, 1, o0x7f2f7e75edb8 (v0x55558a030540_0) S_0x55558a0302d0;
L_0x55558a2dd2a0 .ufunc/vec4 TD_ICESTORM_RAM.pd, 1, o0x7f2f7e75ef38 (v0x55558a030540_0) S_0x55558a0302d0;
L_0x55558a2dd470 .ufunc/vec4 TD_ICESTORM_RAM.pd, 1, o0x7f2f7e75ef08 (v0x55558a030540_0) S_0x55558a0302d0;
L_0x55558a2dd540 .ufunc/vec4 TD_ICESTORM_RAM.pd, 1, o0x7f2f7e75eed8 (v0x55558a030540_0) S_0x55558a0302d0;
L_0x55558a2dd780 .ufunc/vec4 TD_ICESTORM_RAM.pd, 1, o0x7f2f7e75eea8 (v0x55558a030540_0) S_0x55558a0302d0;
L_0x55558a2dd880 .ufunc/vec4 TD_ICESTORM_RAM.pd, 1, o0x7f2f7e75ee78 (v0x55558a030540_0) S_0x55558a0302d0;
L_0x55558a2ddad0 .ufunc/vec4 TD_ICESTORM_RAM.pd, 1, o0x7f2f7e75ee48 (v0x55558a030540_0) S_0x55558a0302d0;
L_0x55558a2ddbd0 .ufunc/vec4 TD_ICESTORM_RAM.pd, 1, o0x7f2f7e75ee18 (v0x55558a030540_0) S_0x55558a0302d0;
L_0x55558a2dde30 .ufunc/vec4 TD_ICESTORM_RAM.pd, 1, o0x7f2f7e75ede8 (v0x55558a030540_0) S_0x55558a0302d0;
L_0x55558a2ddf30 .ufunc/vec4 TD_ICESTORM_RAM.pd, 1, o0x7f2f7e75ed88 (v0x55558a030540_0) S_0x55558a0302d0;
L_0x55558a2de1a0 .ufunc/vec4 TD_ICESTORM_RAM.pd, 1, o0x7f2f7e75ed58 (v0x55558a030540_0) S_0x55558a0302d0;
LS_0x55558a2de2a0_0_0 .concat [ 1 1 1 1], L_0x55558a2de1a0, L_0x55558a2ddf30, L_0x55558a2dde30, L_0x55558a2ddbd0;
LS_0x55558a2de2a0_0_4 .concat [ 1 1 1 1], L_0x55558a2ddad0, L_0x55558a2dd880, L_0x55558a2dd780, L_0x55558a2dd540;
LS_0x55558a2de2a0_0_8 .concat [ 1 1 1 0], L_0x55558a2dd470, L_0x55558a2dd2a0, L_0x55558a2dd200;
L_0x55558a2de2a0 .concat [ 4 4 3 0], LS_0x55558a2de2a0_0_0, LS_0x55558a2de2a0_0_4, LS_0x55558a2de2a0_0_8;
L_0x55558a2de8d0 .ufunc/vec4 TD_ICESTORM_RAM.pd, 1, o0x7f2f7e75e608 (v0x55558a030540_0) S_0x55558a0302d0;
L_0x55558a2de970 .ufunc/vec4 TD_ICESTORM_RAM.pd, 1, o0x7f2f7e75e5d8 (v0x55558a030540_0) S_0x55558a0302d0;
L_0x55558a2deba0 .ufunc/vec4 TD_ICESTORM_RAM.pd, 1, o0x7f2f7e75e5a8 (v0x55558a030540_0) S_0x55558a0302d0;
L_0x55558a2dec40 .ufunc/vec4 TD_ICESTORM_RAM.pd, 1, o0x7f2f7e75e578 (v0x55558a030540_0) S_0x55558a0302d0;
L_0x55558a2dee80 .ufunc/vec4 TD_ICESTORM_RAM.pd, 1, o0x7f2f7e75e548 (v0x55558a030540_0) S_0x55558a0302d0;
L_0x55558a2def20 .ufunc/vec4 TD_ICESTORM_RAM.pd, 1, o0x7f2f7e75e518 (v0x55558a030540_0) S_0x55558a0302d0;
L_0x55558a2df1a0 .ufunc/vec4 TD_ICESTORM_RAM.pd, 1, o0x7f2f7e75e788 (v0x55558a030540_0) S_0x55558a0302d0;
L_0x55558a2df2a0 .ufunc/vec4 TD_ICESTORM_RAM.pd, 1, o0x7f2f7e75e758 (v0x55558a030540_0) S_0x55558a0302d0;
L_0x55558a2deff0 .ufunc/vec4 TD_ICESTORM_RAM.pd, 1, o0x7f2f7e75e728 (v0x55558a030540_0) S_0x55558a0302d0;
L_0x55558a2df0f0 .ufunc/vec4 TD_ICESTORM_RAM.pd, 1, o0x7f2f7e75e6f8 (v0x55558a030540_0) S_0x55558a0302d0;
L_0x55558a2df790 .ufunc/vec4 TD_ICESTORM_RAM.pd, 1, o0x7f2f7e75e6c8 (v0x55558a030540_0) S_0x55558a0302d0;
L_0x55558a2df890 .ufunc/vec4 TD_ICESTORM_RAM.pd, 1, o0x7f2f7e75e698 (v0x55558a030540_0) S_0x55558a0302d0;
L_0x55558a2dfb70 .ufunc/vec4 TD_ICESTORM_RAM.pd, 1, o0x7f2f7e75e668 (v0x55558a030540_0) S_0x55558a0302d0;
L_0x55558a2dfc70 .ufunc/vec4 TD_ICESTORM_RAM.pd, 1, o0x7f2f7e75e638 (v0x55558a030540_0) S_0x55558a0302d0;
L_0x55558a2dff60 .ufunc/vec4 TD_ICESTORM_RAM.pd, 1, o0x7f2f7e75e4e8 (v0x55558a030540_0) S_0x55558a0302d0;
L_0x55558a2e0060 .ufunc/vec4 TD_ICESTORM_RAM.pd, 1, o0x7f2f7e75e4b8 (v0x55558a030540_0) S_0x55558a0302d0;
LS_0x55558a2e0360_0_0 .concat [ 1 1 1 1], L_0x55558a2e0060, L_0x55558a2dff60, L_0x55558a2dfc70, L_0x55558a2dfb70;
LS_0x55558a2e0360_0_4 .concat [ 1 1 1 1], L_0x55558a2df890, L_0x55558a2df790, L_0x55558a2df0f0, L_0x55558a2deff0;
LS_0x55558a2e0360_0_8 .concat [ 1 1 1 1], L_0x55558a2df2a0, L_0x55558a2df1a0, L_0x55558a2def20, L_0x55558a2dee80;
LS_0x55558a2e0360_0_12 .concat [ 1 1 1 1], L_0x55558a2dec40, L_0x55558a2deba0, L_0x55558a2de970, L_0x55558a2de8d0;
L_0x55558a2e0360 .concat [ 4 4 4 4], LS_0x55558a2e0360_0_0, LS_0x55558a2e0360_0_4, LS_0x55558a2e0360_0_8, LS_0x55558a2e0360_0_12;
L_0x55558a2e0950 .ufunc/vec4 TD_ICESTORM_RAM.pd, 1, o0x7f2f7e75f118 (v0x55558a030540_0) S_0x55558a0302d0;
L_0x55558a2e0c00 .ufunc/vec4 TD_ICESTORM_RAM.pd, 1, o0x7f2f7e75f0e8 (v0x55558a030540_0) S_0x55558a0302d0;
L_0x55558a2e0ca0 .ufunc/vec4 TD_ICESTORM_RAM.pd, 1, o0x7f2f7e75f0b8 (v0x55558a030540_0) S_0x55558a0302d0;
L_0x55558a2e0f60 .ufunc/vec4 TD_ICESTORM_RAM.pd, 1, o0x7f2f7e75f088 (v0x55558a030540_0) S_0x55558a0302d0;
L_0x55558a2e1000 .ufunc/vec4 TD_ICESTORM_RAM.pd, 1, o0x7f2f7e75f058 (v0x55558a030540_0) S_0x55558a0302d0;
L_0x55558a2e12d0 .ufunc/vec4 TD_ICESTORM_RAM.pd, 1, o0x7f2f7e75f028 (v0x55558a030540_0) S_0x55558a0302d0;
L_0x55558a2e1370 .ufunc/vec4 TD_ICESTORM_RAM.pd, 1, o0x7f2f7e75f298 (v0x55558a030540_0) S_0x55558a0302d0;
L_0x55558a2e1650 .ufunc/vec4 TD_ICESTORM_RAM.pd, 1, o0x7f2f7e75f268 (v0x55558a030540_0) S_0x55558a0302d0;
L_0x55558a2e16f0 .ufunc/vec4 TD_ICESTORM_RAM.pd, 1, o0x7f2f7e75f238 (v0x55558a030540_0) S_0x55558a0302d0;
L_0x55558a2e1a10 .ufunc/vec4 TD_ICESTORM_RAM.pd, 1, o0x7f2f7e75f208 (v0x55558a030540_0) S_0x55558a0302d0;
L_0x55558a2e1b10 .ufunc/vec4 TD_ICESTORM_RAM.pd, 1, o0x7f2f7e75f1d8 (v0x55558a030540_0) S_0x55558a0302d0;
L_0x55558a2e1e70 .ufunc/vec4 TD_ICESTORM_RAM.pd, 1, o0x7f2f7e75f1a8 (v0x55558a030540_0) S_0x55558a0302d0;
L_0x55558a2e1f70 .ufunc/vec4 TD_ICESTORM_RAM.pd, 1, o0x7f2f7e75f178 (v0x55558a030540_0) S_0x55558a0302d0;
L_0x55558a2e22e0 .ufunc/vec4 TD_ICESTORM_RAM.pd, 1, o0x7f2f7e75f148 (v0x55558a030540_0) S_0x55558a0302d0;
L_0x55558a2e23e0 .ufunc/vec4 TD_ICESTORM_RAM.pd, 1, o0x7f2f7e75eff8 (v0x55558a030540_0) S_0x55558a0302d0;
L_0x55558a2e2760 .ufunc/vec4 TD_ICESTORM_RAM.pd, 1, o0x7f2f7e75efc8 (v0x55558a030540_0) S_0x55558a0302d0;
LS_0x55558a2e2860_0_0 .concat [ 1 1 1 1], L_0x55558a2e2760, L_0x55558a2e23e0, L_0x55558a2e22e0, L_0x55558a2e1f70;
LS_0x55558a2e2860_0_4 .concat [ 1 1 1 1], L_0x55558a2e1e70, L_0x55558a2e1b10, L_0x55558a2e1a10, L_0x55558a2e16f0;
LS_0x55558a2e2860_0_8 .concat [ 1 1 1 1], L_0x55558a2e1650, L_0x55558a2e1370, L_0x55558a2e12d0, L_0x55558a2e1000;
LS_0x55558a2e2860_0_12 .concat [ 1 1 1 1], L_0x55558a2e0f60, L_0x55558a2e0ca0, L_0x55558a2e0c00, L_0x55558a2e0950;
L_0x55558a2e2860 .concat [ 4 4 4 4], LS_0x55558a2e2860_0_0, LS_0x55558a2e2860_0_4, LS_0x55558a2e2860_0_8, LS_0x55558a2e2860_0_12;
S_0x555589fc3260 .scope module, "RAM" "SB_RAM40_4K" 19 3233, 19 1487 0, S_0x55558a222040;
 .timescale -12 -12;
    .port_info 0 /OUTPUT 16 "RDATA";
    .port_info 1 /INPUT 1 "RCLK";
    .port_info 2 /INPUT 1 "RCLKE";
    .port_info 3 /INPUT 1 "RE";
    .port_info 4 /INPUT 11 "RADDR";
    .port_info 5 /INPUT 1 "WCLK";
    .port_info 6 /INPUT 1 "WCLKE";
    .port_info 7 /INPUT 1 "WE";
    .port_info 8 /INPUT 11 "WADDR";
    .port_info 9 /INPUT 16 "MASK";
    .port_info 10 /INPUT 16 "WDATA";
P_0x555589fbf6c0 .param/l "INIT_0" 0 19 1507, C4<0000000000000000000000000000000000000000000000000000000000000000000000000000000000000000000000000000000000000000000000000000000000000000000000000000000000000000000000000000000000000000000000000000000000000000000000000000000000000000000000000000000000000000>;
P_0x555589fbf700 .param/l "INIT_1" 0 19 1508, C4<0000000000000000000000000000000000000000000000000000000000000000000000000000000000000000000000000000000000000000000000000000000000000000000000000000000000000000000000000000000000000000000000000000000000000000000000000000000000000000000000000000000000000000>;
P_0x555589fbf740 .param/l "INIT_2" 0 19 1509, C4<0000000000000000000000000000000000000000000000000000000000000000000000000000000000000000000000000000000000000000000000000000000000000000000000000000000000000000000000000000000000000000000000000000000000000000000000000000000000000000000000000000000000000000>;
P_0x555589fbf780 .param/l "INIT_3" 0 19 1510, C4<0000000000000000000000000000000000000000000000000000000000000000000000000000000000000000000000000000000000000000000000000000000000000000000000000000000000000000000000000000000000000000000000000000000000000000000000000000000000000000000000000000000000000000>;
P_0x555589fbf7c0 .param/l "INIT_4" 0 19 1511, C4<0000000000000000000000000000000000000000000000000000000000000000000000000000000000000000000000000000000000000000000000000000000000000000000000000000000000000000000000000000000000000000000000000000000000000000000000000000000000000000000000000000000000000000>;
P_0x555589fbf800 .param/l "INIT_5" 0 19 1512, C4<0000000000000000000000000000000000000000000000000000000000000000000000000000000000000000000000000000000000000000000000000000000000000000000000000000000000000000000000000000000000000000000000000000000000000000000000000000000000000000000000000000000000000000>;
P_0x555589fbf840 .param/l "INIT_6" 0 19 1513, C4<0000000000000000000000000000000000000000000000000000000000000000000000000000000000000000000000000000000000000000000000000000000000000000000000000000000000000000000000000000000000000000000000000000000000000000000000000000000000000000000000000000000000000000>;
P_0x555589fbf880 .param/l "INIT_7" 0 19 1514, C4<0000000000000000000000000000000000000000000000000000000000000000000000000000000000000000000000000000000000000000000000000000000000000000000000000000000000000000000000000000000000000000000000000000000000000000000000000000000000000000000000000000000000000000>;
P_0x555589fbf8c0 .param/l "INIT_8" 0 19 1515, C4<0000000000000000000000000000000000000000000000000000000000000000000000000000000000000000000000000000000000000000000000000000000000000000000000000000000000000000000000000000000000000000000000000000000000000000000000000000000000000000000000000000000000000000>;
P_0x555589fbf900 .param/l "INIT_9" 0 19 1516, C4<0000000000000000000000000000000000000000000000000000000000000000000000000000000000000000000000000000000000000000000000000000000000000000000000000000000000000000000000000000000000000000000000000000000000000000000000000000000000000000000000000000000000000000>;
P_0x555589fbf940 .param/l "INIT_A" 0 19 1517, C4<0000000000000000000000000000000000000000000000000000000000000000000000000000000000000000000000000000000000000000000000000000000000000000000000000000000000000000000000000000000000000000000000000000000000000000000000000000000000000000000000000000000000000000>;
P_0x555589fbf980 .param/l "INIT_B" 0 19 1518, C4<0000000000000000000000000000000000000000000000000000000000000000000000000000000000000000000000000000000000000000000000000000000000000000000000000000000000000000000000000000000000000000000000000000000000000000000000000000000000000000000000000000000000000000>;
P_0x555589fbf9c0 .param/l "INIT_C" 0 19 1519, C4<0000000000000000000000000000000000000000000000000000000000000000000000000000000000000000000000000000000000000000000000000000000000000000000000000000000000000000000000000000000000000000000000000000000000000000000000000000000000000000000000000000000000000000>;
P_0x555589fbfa00 .param/l "INIT_D" 0 19 1520, C4<0000000000000000000000000000000000000000000000000000000000000000000000000000000000000000000000000000000000000000000000000000000000000000000000000000000000000000000000000000000000000000000000000000000000000000000000000000000000000000000000000000000000000000>;
P_0x555589fbfa40 .param/l "INIT_E" 0 19 1521, C4<0000000000000000000000000000000000000000000000000000000000000000000000000000000000000000000000000000000000000000000000000000000000000000000000000000000000000000000000000000000000000000000000000000000000000000000000000000000000000000000000000000000000000000>;
P_0x555589fbfa80 .param/l "INIT_F" 0 19 1522, C4<0000000000000000000000000000000000000000000000000000000000000000000000000000000000000000000000000000000000000000000000000000000000000000000000000000000000000000000000000000000000000000000000000000000000000000000000000000000000000000000000000000000000000000>;
P_0x555589fbfac0 .param/str "INIT_FILE" 0 19 1524, "\000";
P_0x555589fbfb00 .param/l "READ_MODE" 0 19 1505, +C4<00000000000000000000000000000000>;
P_0x555589fbfb40 .param/l "WRITE_MODE" 0 19 1504, +C4<00000000000000000000000000000000>;
v0x555589fad750_0 .net "MASK", 15 0, L_0x55558a2e0360;  1 drivers
v0x555589faf1f0_0 .net "RADDR", 10 0, L_0x55558a2dc830;  1 drivers
v0x555589faf2b0_0 .net "RCLK", 0 0, L_0x55558a2daed0;  1 drivers
v0x555589faf380_0 .net "RCLKE", 0 0, L_0x55558a2db680;  1 drivers
v0x555589faf440_0 .net "RDATA", 15 0, v0x555589faf570_0;  1 drivers
v0x555589faf570_0 .var "RDATA_I", 15 0;
v0x555589faf650_0 .net "RE", 0 0, L_0x55558a2db7c0;  1 drivers
L_0x7f2f7e3b77b0 .functor BUFT 1, C4<0000000000000000>, C4<0>, C4<0>, C4<0>;
v0x555589fa5870_0 .net "RMASK_I", 15 0, L_0x7f2f7e3b77b0;  1 drivers
v0x555589fa5950_0 .net "WADDR", 10 0, L_0x55558a2de2a0;  1 drivers
v0x555589fa5a30_0 .net "WCLK", 0 0, L_0x55558a2dce90;  1 drivers
v0x555589fa5af0_0 .net "WCLKE", 0 0, L_0x55558a2dcfa0;  1 drivers
v0x555589fa5bb0_0 .net "WDATA", 15 0, L_0x55558a2e2860;  1 drivers
v0x555589fa5c90_0 .net "WDATA_I", 15 0, L_0x55558a2da290;  1 drivers
v0x555589fa45d0_0 .net "WE", 0 0, L_0x55558a2dd040;  1 drivers
v0x555589fa4690_0 .net "WMASK_I", 15 0, L_0x55558a2da220;  1 drivers
v0x555589fa4770_0 .var/i "i", 31 0;
v0x555589fa4850 .array "memory", 255 0, 15 0;
E_0x555589fad4b0 .event posedge, v0x555589faf2b0_0;
E_0x555589fad510 .event posedge, v0x555589fa5a30_0;
S_0x555589fad570 .scope generate, "genblk1" "genblk1" 19 1534, 19 1534 0, S_0x555589fc3260;
 .timescale -12 -12;
L_0x55558a2da220 .functor BUFZ 16, L_0x55558a2e0360, C4<0000000000000000>, C4<0000000000000000>, C4<0000000000000000>;
S_0x555589fb2d90 .scope generate, "genblk2" "genblk2" 19 1555, 19 1555 0, S_0x555589fc3260;
 .timescale -12 -12;
S_0x555589fb2f70 .scope generate, "genblk3" "genblk3" 19 1576, 19 1576 0, S_0x555589fc3260;
 .timescale -12 -12;
L_0x55558a2da290 .functor BUFZ 16, L_0x55558a2e2860, C4<0000000000000000>, C4<0000000000000000>, C4<0000000000000000>;
S_0x555589fb3150 .scope generate, "genblk4" "genblk4" 19 1595, 19 1595 0, S_0x555589fc3260;
 .timescale -12 -12;
S_0x55558a0302d0 .scope function.vec4.s1, "pd" "pd" 19 3200, 19 3200 0, S_0x55558a222040;
 .timescale -12 -12;
; Variable pd is vec4 return value of scope S_0x55558a0302d0
v0x55558a030540_0 .var "x", 0 0;
TD_ICESTORM_RAM.pd ;
    %load/vec4 v0x55558a030540_0;
    %cmpi/e 0, 1, 1;
    %flag_mov 8, 6;
    %jmp/0 T_1.2, 8;
    %pushi/vec4 0, 0, 1;
    %jmp/1 T_1.3, 8;
T_1.2 ; End of true expr.
    %load/vec4 v0x55558a030540_0;
    %jmp/0 T_1.3, 8;
 ; End of false expr.
    %blend;
T_1.3;
    %ret/vec4 0, 0, 1;  Assign to pd (store_vec4_to_lval)
    %end;
S_0x55558a030600 .scope function.vec4.s1, "pu" "pu" 19 3207, 19 3207 0, S_0x55558a222040;
 .timescale -12 -12;
; Variable pu is vec4 return value of scope S_0x55558a030600
v0x55558a281b30_0 .var "x", 0 0;
TD_ICESTORM_RAM.pu ;
    %load/vec4 v0x55558a281b30_0;
    %cmpi/e 0, 1, 1;
    %flag_mov 8, 6;
    %jmp/0 T_2.4, 8;
    %pushi/vec4 1, 0, 1;
    %jmp/1 T_2.5, 8;
T_2.4 ; End of true expr.
    %load/vec4 v0x55558a281b30_0;
    %jmp/0 T_2.5, 8;
 ; End of false expr.
    %blend;
T_2.5;
    %ret/vec4 0, 0, 1;  Assign to pu (store_vec4_to_lval)
    %end;
S_0x55558a21c2a0 .scope module, "Inc16" "Inc16" 20 7;
 .timescale -12 -12;
    .port_info 0 /INPUT 16 "in";
    .port_info 1 /OUTPUT 16 "out";
L_0x7f2f7e3b7888 .functor BUFT 1, C4<0000000000000001>, C4<0>, C4<0>, C4<0>;
v0x55558a289f50_0 .net/2u *"_ivl_0", 15 0, L_0x7f2f7e3b7888;  1 drivers
o0x7f2f7e760c48 .functor BUFZ 16, c4<zzzzzzzzzzzzzzzz>; HiZ drive
v0x55558a28a050_0 .net "in", 15 0, o0x7f2f7e760c48;  0 drivers
v0x55558a28a130_0 .net "out", 15 0, L_0x55558a2e30e0;  1 drivers
L_0x55558a2e30e0 .arith/sum 16, o0x7f2f7e760c48, L_0x7f2f7e3b7888;
S_0x55558a21efd0 .scope module, "Mux" "Mux" 21 8;
 .timescale -12 -12;
    .port_info 0 /INPUT 1 "a";
    .port_info 1 /INPUT 1 "b";
    .port_info 2 /INPUT 1 "sel";
    .port_info 3 /OUTPUT 1 "out";
o0x7f2f7e760d08 .functor BUFZ 1, c4<z>; HiZ drive
v0x55558a28a250_0 .net "a", 0 0, o0x7f2f7e760d08;  0 drivers
o0x7f2f7e760d38 .functor BUFZ 1, c4<z>; HiZ drive
v0x55558a28a310_0 .net "b", 0 0, o0x7f2f7e760d38;  0 drivers
v0x55558a28a3d0_0 .net "out", 0 0, L_0x55558a2e3240;  1 drivers
o0x7f2f7e760d98 .functor BUFZ 1, c4<z>; HiZ drive
v0x55558a28a4a0_0 .net "sel", 0 0, o0x7f2f7e760d98;  0 drivers
L_0x55558a2e3240 .functor MUXZ 1, o0x7f2f7e760d08, o0x7f2f7e760d38, o0x7f2f7e760d98, C4<>;
S_0x55558a21ebe0 .scope module, "Mux8Way16" "Mux8Way16" 22 8;
 .timescale -12 -12;
    .port_info 0 /INPUT 16 "a";
    .port_info 1 /INPUT 16 "b";
    .port_info 2 /INPUT 16 "c";
    .port_info 3 /INPUT 16 "d";
    .port_info 4 /INPUT 16 "e";
    .port_info 5 /INPUT 16 "f";
    .port_info 6 /INPUT 16 "g";
    .port_info 7 /INPUT 16 "h";
    .port_info 8 /INPUT 3 "sel";
    .port_info 9 /OUTPUT 16 "out";
o0x7f2f7e760f78 .functor BUFZ 16, c4<zzzzzzzzzzzzzzzz>; HiZ drive
v0x55558a28c650_0 .net "a", 15 0, o0x7f2f7e760f78;  0 drivers
o0x7f2f7e760fa8 .functor BUFZ 16, c4<zzzzzzzzzzzzzzzz>; HiZ drive
v0x55558a28c730_0 .net "b", 15 0, o0x7f2f7e760fa8;  0 drivers
o0x7f2f7e760fd8 .functor BUFZ 16, c4<zzzzzzzzzzzzzzzz>; HiZ drive
v0x55558a28c800_0 .net "c", 15 0, o0x7f2f7e760fd8;  0 drivers
o0x7f2f7e761008 .functor BUFZ 16, c4<zzzzzzzzzzzzzzzz>; HiZ drive
v0x55558a28c900_0 .net "d", 15 0, o0x7f2f7e761008;  0 drivers
o0x7f2f7e7612a8 .functor BUFZ 16, c4<zzzzzzzzzzzzzzzz>; HiZ drive
v0x55558a28c9d0_0 .net "e", 15 0, o0x7f2f7e7612a8;  0 drivers
o0x7f2f7e7612d8 .functor BUFZ 16, c4<zzzzzzzzzzzzzzzz>; HiZ drive
v0x55558a28cac0_0 .net "f", 15 0, o0x7f2f7e7612d8;  0 drivers
o0x7f2f7e761308 .functor BUFZ 16, c4<zzzzzzzzzzzzzzzz>; HiZ drive
v0x55558a28cb90_0 .net "g", 15 0, o0x7f2f7e761308;  0 drivers
o0x7f2f7e761338 .functor BUFZ 16, c4<zzzzzzzzzzzzzzzz>; HiZ drive
v0x55558a28cc60_0 .net "h", 15 0, o0x7f2f7e761338;  0 drivers
v0x55558a28cd30_0 .net "lower4", 15 0, L_0x55558a2e3fa0;  1 drivers
v0x55558a28ce60_0 .net "out", 15 0, L_0x55558a2e42a0;  1 drivers
o0x7f2f7e761608 .functor BUFZ 3, c4<zzz>; HiZ drive
v0x55558a28cf00_0 .net "sel", 2 0, o0x7f2f7e761608;  0 drivers
v0x55558a28cfc0_0 .net "upper4", 15 0, L_0x55558a2e3830;  1 drivers
L_0x55558a2e3a00 .part o0x7f2f7e761608, 1, 2;
L_0x55558a2e4170 .part o0x7f2f7e761608, 1, 2;
L_0x55558a2e44b0 .part o0x7f2f7e761608, 0, 1;
S_0x55558a28a610 .scope module, "m1" "Mux4Way16" 22 32, 23 12 0, S_0x55558a21ebe0;
 .timescale -12 -12;
    .port_info 0 /INPUT 16 "a";
    .port_info 1 /INPUT 16 "b";
    .port_info 2 /INPUT 16 "c";
    .port_info 3 /INPUT 16 "d";
    .port_info 4 /INPUT 2 "sel";
    .port_info 5 /OUTPUT 16 "out";
v0x55558a28a800_0 .net *"_ivl_1", 0 0, L_0x55558a2e32e0;  1 drivers
v0x55558a28a900_0 .net *"_ivl_3", 0 0, L_0x55558a2e3380;  1 drivers
v0x55558a28a9e0_0 .net *"_ivl_4", 15 0, L_0x55558a2e3470;  1 drivers
v0x55558a28aaa0_0 .net *"_ivl_7", 0 0, L_0x55558a2e3600;  1 drivers
v0x55558a28ab80_0 .net *"_ivl_8", 15 0, L_0x55558a2e36a0;  1 drivers
v0x55558a28acb0_0 .net "a", 15 0, o0x7f2f7e760f78;  alias, 0 drivers
v0x55558a28ad90_0 .net "b", 15 0, o0x7f2f7e760fa8;  alias, 0 drivers
v0x55558a28ae70_0 .net "c", 15 0, o0x7f2f7e760fd8;  alias, 0 drivers
v0x55558a28af50_0 .net "d", 15 0, o0x7f2f7e761008;  alias, 0 drivers
v0x55558a28b030_0 .net "out", 15 0, L_0x55558a2e3830;  alias, 1 drivers
v0x55558a28b110_0 .net "sel", 1 0, L_0x55558a2e3a00;  1 drivers
L_0x55558a2e32e0 .part L_0x55558a2e3a00, 1, 1;
L_0x55558a2e3380 .part L_0x55558a2e3a00, 0, 1;
L_0x55558a2e3470 .functor MUXZ 16, o0x7f2f7e760f78, o0x7f2f7e760fa8, L_0x55558a2e3380, C4<>;
L_0x55558a2e3600 .part L_0x55558a2e3a00, 0, 1;
L_0x55558a2e36a0 .functor MUXZ 16, o0x7f2f7e760fd8, o0x7f2f7e761008, L_0x55558a2e3600, C4<>;
L_0x55558a2e3830 .functor MUXZ 16, L_0x55558a2e36a0, L_0x55558a2e3470, L_0x55558a2e32e0, C4<>;
S_0x55558a28b2f0 .scope module, "m2" "Mux4Way16" 22 33, 23 12 0, S_0x55558a21ebe0;
 .timescale -12 -12;
    .port_info 0 /INPUT 16 "a";
    .port_info 1 /INPUT 16 "b";
    .port_info 2 /INPUT 16 "c";
    .port_info 3 /INPUT 16 "d";
    .port_info 4 /INPUT 2 "sel";
    .port_info 5 /OUTPUT 16 "out";
v0x55558a28b4a0_0 .net *"_ivl_1", 0 0, L_0x55558a2e3aa0;  1 drivers
v0x55558a28b580_0 .net *"_ivl_3", 0 0, L_0x55558a2e3b40;  1 drivers
v0x55558a28b660_0 .net *"_ivl_4", 15 0, L_0x55558a2e3be0;  1 drivers
v0x55558a28b720_0 .net *"_ivl_7", 0 0, L_0x55558a2e3d70;  1 drivers
v0x55558a28b800_0 .net *"_ivl_8", 15 0, L_0x55558a2e3e10;  1 drivers
v0x55558a28b930_0 .net "a", 15 0, o0x7f2f7e7612a8;  alias, 0 drivers
v0x55558a28ba10_0 .net "b", 15 0, o0x7f2f7e7612d8;  alias, 0 drivers
v0x55558a28baf0_0 .net "c", 15 0, o0x7f2f7e761308;  alias, 0 drivers
v0x55558a28bbd0_0 .net "d", 15 0, o0x7f2f7e761338;  alias, 0 drivers
v0x55558a28bd40_0 .net "out", 15 0, L_0x55558a2e3fa0;  alias, 1 drivers
v0x55558a28be20_0 .net "sel", 1 0, L_0x55558a2e4170;  1 drivers
L_0x55558a2e3aa0 .part L_0x55558a2e4170, 1, 1;
L_0x55558a2e3b40 .part L_0x55558a2e4170, 0, 1;
L_0x55558a2e3be0 .functor MUXZ 16, o0x7f2f7e7612a8, o0x7f2f7e7612d8, L_0x55558a2e3b40, C4<>;
L_0x55558a2e3d70 .part L_0x55558a2e4170, 0, 1;
L_0x55558a2e3e10 .functor MUXZ 16, o0x7f2f7e761308, o0x7f2f7e761338, L_0x55558a2e3d70, C4<>;
L_0x55558a2e3fa0 .functor MUXZ 16, L_0x55558a2e3e10, L_0x55558a2e3be0, L_0x55558a2e3aa0, C4<>;
S_0x55558a28c000 .scope module, "m3" "Mux16" 22 35, 24 8 0, S_0x55558a21ebe0;
 .timescale -12 -12;
    .port_info 0 /INPUT 16 "a";
    .port_info 1 /INPUT 16 "b";
    .port_info 2 /INPUT 1 "sel";
    .port_info 3 /OUTPUT 16 "out";
v0x55558a28c250_0 .net "a", 15 0, L_0x55558a2e3830;  alias, 1 drivers
v0x55558a28c340_0 .net "b", 15 0, L_0x55558a2e3fa0;  alias, 1 drivers
v0x55558a28c410_0 .net "out", 15 0, L_0x55558a2e42a0;  alias, 1 drivers
v0x55558a28c4e0_0 .net "sel", 0 0, L_0x55558a2e44b0;  1 drivers
L_0x55558a2e42a0 .functor MUXZ 16, L_0x55558a2e3830, L_0x55558a2e3fa0, L_0x55558a2e44b0, C4<>;
S_0x55558a21bee0 .scope module, "Nand" "Nand" 25 8;
 .timescale -12 -12;
    .port_info 0 /INPUT 1 "a";
    .port_info 1 /INPUT 1 "b";
    .port_info 2 /OUTPUT 1 "out";
o0x7f2f7e761818 .functor BUFZ 1, c4<z>; HiZ drive
o0x7f2f7e761848 .functor BUFZ 1, c4<z>; HiZ drive
L_0x55558a2e3180 .functor NAND 1, o0x7f2f7e761818, o0x7f2f7e761848, C4<1>, C4<1>;
v0x55558a28d210_0 .net "a", 0 0, o0x7f2f7e761818;  0 drivers
v0x55558a28d2f0_0 .net "b", 0 0, o0x7f2f7e761848;  0 drivers
v0x55558a28d3b0_0 .net "out", 0 0, L_0x55558a2e3180;  1 drivers
S_0x55558a211d30 .scope module, "Not" "Not" 26 7;
 .timescale -12 -12;
    .port_info 0 /INPUT 1 "in";
    .port_info 1 /OUTPUT 1 "out";
o0x7f2f7e761938 .functor BUFZ 1, c4<z>; HiZ drive
L_0x55558a2e4550 .functor NOT 1, o0x7f2f7e761938, C4<0>, C4<0>, C4<0>;
v0x55558a28d4d0_0 .net "in", 0 0, o0x7f2f7e761938;  0 drivers
v0x55558a28d590_0 .net "out", 0 0, L_0x55558a2e4550;  1 drivers
S_0x55558a1f1a10 .scope module, "Not16" "Not16" 27 7;
 .timescale -12 -12;
    .port_info 0 /INPUT 16 "in";
    .port_info 1 /OUTPUT 16 "out";
o0x7f2f7e7619f8 .functor BUFZ 16, c4<zzzzzzzzzzzzzzzz>; HiZ drive
L_0x55558a2e45c0 .functor NOT 16, o0x7f2f7e7619f8, C4<0000000000000000>, C4<0000000000000000>, C4<0000000000000000>;
v0x55558a28d6b0_0 .net "in", 15 0, o0x7f2f7e7619f8;  0 drivers
v0x55558a28d790_0 .net "out", 15 0, L_0x55558a2e45c0;  1 drivers
S_0x55558a1f16d0 .scope module, "Or" "Or" 28 8;
 .timescale -12 -12;
    .port_info 0 /INPUT 1 "a";
    .port_info 1 /INPUT 1 "b";
    .port_info 2 /OUTPUT 1 "out";
o0x7f2f7e761ab8 .functor BUFZ 1, c4<z>; HiZ drive
o0x7f2f7e761ae8 .functor BUFZ 1, c4<z>; HiZ drive
L_0x55558a2e4630 .functor OR 1, o0x7f2f7e761ab8, o0x7f2f7e761ae8, C4<0>, C4<0>;
v0x55558a28d8d0_0 .net "a", 0 0, o0x7f2f7e761ab8;  0 drivers
v0x55558a28d990_0 .net "b", 0 0, o0x7f2f7e761ae8;  0 drivers
v0x55558a28da50_0 .net "out", 0 0, L_0x55558a2e4630;  1 drivers
S_0x55558a1ed5c0 .scope module, "Or16" "Or16" 29 7;
 .timescale -12 -12;
    .port_info 0 /INPUT 16 "a";
    .port_info 1 /INPUT 16 "b";
    .port_info 2 /OUTPUT 16 "out";
L_0x55558a2e47e0 .functor OR 1, L_0x55558a2e46a0, L_0x55558a2e4740, C4<0>, C4<0>;
L_0x55558a2e4a80 .functor OR 1, L_0x55558a2e48a0, L_0x55558a2e4990, C4<0>, C4<0>;
L_0x55558a2e4d10 .functor OR 1, L_0x55558a2e4b90, L_0x55558a2e4c30, C4<0>, C4<0>;
L_0x55558a2e50d0 .functor OR 1, L_0x55558a2e4e20, L_0x55558a2e4f50, C4<0>, C4<0>;
L_0x55558a2e5310 .functor OR 1, L_0x55558a2e5170, L_0x55558a2e5210, C4<0>, C4<0>;
L_0x55558a2e5580 .functor OR 1, L_0x55558a2e53d0, L_0x55558a2e5470, C4<0>, C4<0>;
L_0x55558a2e5510 .functor OR 1, L_0x55558a2e56d0, L_0x55558a2e5770, C4<0>, C4<0>;
L_0x55558a2e5a80 .functor OR 1, L_0x55558a2e58b0, L_0x55558a2e5950, C4<0>, C4<0>;
L_0x55558a2e5dc0 .functor OR 1, L_0x55558a2e5be0, L_0x55558a2e5c80, C4<0>, C4<0>;
L_0x55558a2e60c0 .functor OR 1, L_0x55558a2e5ed0, L_0x55558a2e5f70, C4<0>, C4<0>;
L_0x55558a2e6360 .functor OR 1, L_0x55558a2e5d20, L_0x55558a2e6200, C4<0>, C4<0>;
L_0x55558a2e6660 .functor OR 1, L_0x55558a2e6450, L_0x55558a2e64f0, C4<0>, C4<0>;
L_0x55558a2e6a30 .functor OR 1, L_0x55558a2e6810, L_0x55558a2e68b0, C4<0>, C4<0>;
L_0x55558a2e6da0 .functor OR 1, L_0x55558a2e6b70, L_0x55558a2e6c10, C4<0>, C4<0>;
L_0x55558a2e67a0 .functor OR 1, L_0x55558a2e6ee0, L_0x55558a2e6f80, C4<0>, C4<0>;
L_0x55558a2e7ba0 .functor OR 1, L_0x55558a2e7740, L_0x55558a2e78f0, C4<0>, C4<0>;
v0x55558a28dba0_0 .net *"_ivl_101", 0 0, L_0x55558a2e68b0;  1 drivers
v0x55558a28dc80_0 .net *"_ivl_102", 0 0, L_0x55558a2e6a30;  1 drivers
v0x55558a28dd60_0 .net *"_ivl_107", 0 0, L_0x55558a2e6b70;  1 drivers
v0x55558a28de50_0 .net *"_ivl_109", 0 0, L_0x55558a2e6c10;  1 drivers
v0x55558a28df30_0 .net *"_ivl_11", 0 0, L_0x55558a2e48a0;  1 drivers
v0x55558a28e060_0 .net *"_ivl_110", 0 0, L_0x55558a2e6da0;  1 drivers
v0x55558a28e140_0 .net *"_ivl_115", 0 0, L_0x55558a2e6ee0;  1 drivers
v0x55558a28e220_0 .net *"_ivl_117", 0 0, L_0x55558a2e6f80;  1 drivers
v0x55558a28e300_0 .net *"_ivl_118", 0 0, L_0x55558a2e67a0;  1 drivers
v0x55558a28e470_0 .net *"_ivl_124", 0 0, L_0x55558a2e7740;  1 drivers
v0x55558a28e550_0 .net *"_ivl_126", 0 0, L_0x55558a2e78f0;  1 drivers
v0x55558a28e630_0 .net *"_ivl_127", 0 0, L_0x55558a2e7ba0;  1 drivers
v0x55558a28e710_0 .net *"_ivl_13", 0 0, L_0x55558a2e4990;  1 drivers
v0x55558a28e7f0_0 .net *"_ivl_14", 0 0, L_0x55558a2e4a80;  1 drivers
v0x55558a28e8d0_0 .net *"_ivl_19", 0 0, L_0x55558a2e4b90;  1 drivers
v0x55558a28e9b0_0 .net *"_ivl_21", 0 0, L_0x55558a2e4c30;  1 drivers
v0x55558a28ea90_0 .net *"_ivl_22", 0 0, L_0x55558a2e4d10;  1 drivers
v0x55558a28eb70_0 .net *"_ivl_27", 0 0, L_0x55558a2e4e20;  1 drivers
v0x55558a28ec50_0 .net *"_ivl_29", 0 0, L_0x55558a2e4f50;  1 drivers
v0x55558a28ed30_0 .net *"_ivl_3", 0 0, L_0x55558a2e46a0;  1 drivers
v0x55558a28ee10_0 .net *"_ivl_30", 0 0, L_0x55558a2e50d0;  1 drivers
v0x55558a28eef0_0 .net *"_ivl_35", 0 0, L_0x55558a2e5170;  1 drivers
v0x55558a28efd0_0 .net *"_ivl_37", 0 0, L_0x55558a2e5210;  1 drivers
v0x55558a28f0b0_0 .net *"_ivl_38", 0 0, L_0x55558a2e5310;  1 drivers
v0x55558a28f190_0 .net *"_ivl_43", 0 0, L_0x55558a2e53d0;  1 drivers
v0x55558a28f270_0 .net *"_ivl_45", 0 0, L_0x55558a2e5470;  1 drivers
v0x55558a28f350_0 .net *"_ivl_46", 0 0, L_0x55558a2e5580;  1 drivers
v0x55558a28f430_0 .net *"_ivl_5", 0 0, L_0x55558a2e4740;  1 drivers
v0x55558a28f510_0 .net *"_ivl_51", 0 0, L_0x55558a2e56d0;  1 drivers
v0x55558a28f5f0_0 .net *"_ivl_53", 0 0, L_0x55558a2e5770;  1 drivers
v0x55558a28f6d0_0 .net *"_ivl_54", 0 0, L_0x55558a2e5510;  1 drivers
v0x55558a28f7b0_0 .net *"_ivl_59", 0 0, L_0x55558a2e58b0;  1 drivers
v0x55558a28f890_0 .net *"_ivl_6", 0 0, L_0x55558a2e47e0;  1 drivers
v0x55558a28f970_0 .net *"_ivl_61", 0 0, L_0x55558a2e5950;  1 drivers
v0x55558a28fa50_0 .net *"_ivl_62", 0 0, L_0x55558a2e5a80;  1 drivers
v0x55558a28fb30_0 .net *"_ivl_67", 0 0, L_0x55558a2e5be0;  1 drivers
v0x55558a28fc10_0 .net *"_ivl_69", 0 0, L_0x55558a2e5c80;  1 drivers
v0x55558a28fcf0_0 .net *"_ivl_70", 0 0, L_0x55558a2e5dc0;  1 drivers
v0x55558a28fdd0_0 .net *"_ivl_75", 0 0, L_0x55558a2e5ed0;  1 drivers
v0x55558a28feb0_0 .net *"_ivl_77", 0 0, L_0x55558a2e5f70;  1 drivers
v0x55558a28ff90_0 .net *"_ivl_78", 0 0, L_0x55558a2e60c0;  1 drivers
v0x55558a290070_0 .net *"_ivl_83", 0 0, L_0x55558a2e5d20;  1 drivers
v0x55558a290150_0 .net *"_ivl_85", 0 0, L_0x55558a2e6200;  1 drivers
v0x55558a290230_0 .net *"_ivl_86", 0 0, L_0x55558a2e6360;  1 drivers
v0x55558a290310_0 .net *"_ivl_91", 0 0, L_0x55558a2e6450;  1 drivers
v0x55558a2903f0_0 .net *"_ivl_93", 0 0, L_0x55558a2e64f0;  1 drivers
v0x55558a2904d0_0 .net *"_ivl_94", 0 0, L_0x55558a2e6660;  1 drivers
v0x55558a2905b0_0 .net *"_ivl_99", 0 0, L_0x55558a2e6810;  1 drivers
o0x7f2f7e7624d8 .functor BUFZ 16, c4<zzzzzzzzzzzzzzzz>; HiZ drive
v0x55558a290690_0 .net "a", 15 0, o0x7f2f7e7624d8;  0 drivers
o0x7f2f7e762508 .functor BUFZ 16, c4<zzzzzzzzzzzzzzzz>; HiZ drive
v0x55558a290770_0 .net "b", 15 0, o0x7f2f7e762508;  0 drivers
v0x55558a290850_0 .net "out", 15 0, L_0x55558a2e71f0;  1 drivers
L_0x55558a2e46a0 .part o0x7f2f7e7624d8, 0, 1;
L_0x55558a2e4740 .part o0x7f2f7e762508, 0, 1;
L_0x55558a2e48a0 .part o0x7f2f7e7624d8, 1, 1;
L_0x55558a2e4990 .part o0x7f2f7e762508, 1, 1;
L_0x55558a2e4b90 .part o0x7f2f7e7624d8, 2, 1;
L_0x55558a2e4c30 .part o0x7f2f7e762508, 2, 1;
L_0x55558a2e4e20 .part o0x7f2f7e7624d8, 3, 1;
L_0x55558a2e4f50 .part o0x7f2f7e762508, 3, 1;
L_0x55558a2e5170 .part o0x7f2f7e7624d8, 4, 1;
L_0x55558a2e5210 .part o0x7f2f7e762508, 4, 1;
L_0x55558a2e53d0 .part o0x7f2f7e7624d8, 5, 1;
L_0x55558a2e5470 .part o0x7f2f7e762508, 5, 1;
L_0x55558a2e56d0 .part o0x7f2f7e7624d8, 6, 1;
L_0x55558a2e5770 .part o0x7f2f7e762508, 6, 1;
L_0x55558a2e58b0 .part o0x7f2f7e7624d8, 7, 1;
L_0x55558a2e5950 .part o0x7f2f7e762508, 7, 1;
L_0x55558a2e5be0 .part o0x7f2f7e7624d8, 8, 1;
L_0x55558a2e5c80 .part o0x7f2f7e762508, 8, 1;
L_0x55558a2e5ed0 .part o0x7f2f7e7624d8, 9, 1;
L_0x55558a2e5f70 .part o0x7f2f7e762508, 9, 1;
L_0x55558a2e5d20 .part o0x7f2f7e7624d8, 10, 1;
L_0x55558a2e6200 .part o0x7f2f7e762508, 10, 1;
L_0x55558a2e6450 .part o0x7f2f7e7624d8, 11, 1;
L_0x55558a2e64f0 .part o0x7f2f7e762508, 11, 1;
L_0x55558a2e6810 .part o0x7f2f7e7624d8, 12, 1;
L_0x55558a2e68b0 .part o0x7f2f7e762508, 12, 1;
L_0x55558a2e6b70 .part o0x7f2f7e7624d8, 13, 1;
L_0x55558a2e6c10 .part o0x7f2f7e762508, 13, 1;
L_0x55558a2e6ee0 .part o0x7f2f7e7624d8, 14, 1;
L_0x55558a2e6f80 .part o0x7f2f7e762508, 14, 1;
LS_0x55558a2e71f0_0_0 .concat8 [ 1 1 1 1], L_0x55558a2e47e0, L_0x55558a2e4a80, L_0x55558a2e4d10, L_0x55558a2e50d0;
LS_0x55558a2e71f0_0_4 .concat8 [ 1 1 1 1], L_0x55558a2e5310, L_0x55558a2e5580, L_0x55558a2e5510, L_0x55558a2e5a80;
LS_0x55558a2e71f0_0_8 .concat8 [ 1 1 1 1], L_0x55558a2e5dc0, L_0x55558a2e60c0, L_0x55558a2e6360, L_0x55558a2e6660;
LS_0x55558a2e71f0_0_12 .concat8 [ 1 1 1 1], L_0x55558a2e6a30, L_0x55558a2e6da0, L_0x55558a2e67a0, L_0x55558a2e7ba0;
L_0x55558a2e71f0 .concat8 [ 4 4 4 4], LS_0x55558a2e71f0_0_0, LS_0x55558a2e71f0_0_4, LS_0x55558a2e71f0_0_8, LS_0x55558a2e71f0_0_12;
L_0x55558a2e7740 .part o0x7f2f7e7624d8, 15, 1;
L_0x55558a2e78f0 .part o0x7f2f7e762508, 15, 1;
S_0x55558a1ed200 .scope module, "Or8Way" "Or8Way" 30 7;
 .timescale -12 -12;
    .port_info 0 /INPUT 8 "in";
    .port_info 1 /OUTPUT 1 "out";
o0x7f2f7e7625f8 .functor BUFZ 8, c4<zzzzzzzz>; HiZ drive
v0x55558a2909b0_0 .net "in", 7 0, o0x7f2f7e7625f8;  0 drivers
v0x55558a290a90_0 .net "out", 0 0, L_0x55558a2e7d90;  1 drivers
L_0x55558a2e7d90 .reduce/or o0x7f2f7e7625f8;
S_0x55558a1da640 .scope module, "PC" "PC" 31 10;
 .timescale -12 -12;
    .port_info 0 /INPUT 1 "clk";
    .port_info 1 /INPUT 16 "in";
    .port_info 2 /INPUT 1 "load";
    .port_info 3 /INPUT 1 "inc";
    .port_info 4 /INPUT 1 "reset";
    .port_info 5 /OUTPUT 16 "out";
L_0x55558a2e7e30 .functor BUFZ 16, v0x55558a290fd0_0, C4<0000000000000000>, C4<0000000000000000>, C4<0000000000000000>;
o0x7f2f7e7626b8 .functor BUFZ 1, c4<z>; HiZ drive
v0x55558a290bd0_0 .net "clk", 0 0, o0x7f2f7e7626b8;  0 drivers
o0x7f2f7e7626e8 .functor BUFZ 16, c4<zzzzzzzzzzzzzzzz>; HiZ drive
v0x55558a290cb0_0 .net "in", 15 0, o0x7f2f7e7626e8;  0 drivers
o0x7f2f7e762718 .functor BUFZ 1, c4<z>; HiZ drive
v0x55558a290d90_0 .net "inc", 0 0, o0x7f2f7e762718;  0 drivers
o0x7f2f7e762748 .functor BUFZ 1, c4<z>; HiZ drive
v0x55558a290e30_0 .net "load", 0 0, o0x7f2f7e762748;  0 drivers
v0x55558a290ef0_0 .net "out", 15 0, L_0x55558a2e7e30;  1 drivers
v0x55558a290fd0_0 .var "out_reg", 15 0;
o0x7f2f7e7627d8 .functor BUFZ 1, c4<z>; HiZ drive
v0x55558a2910b0_0 .net "reset", 0 0, o0x7f2f7e7627d8;  0 drivers
E_0x55558a28a7c0 .event posedge, v0x55558a290bd0_0;
S_0x55558a1da250 .scope module, "Register" "Register" 32 9;
 .timescale -12 -12;
    .port_info 0 /INPUT 1 "clk";
    .port_info 1 /INPUT 16 "in";
    .port_info 2 /INPUT 1 "load";
    .port_info 3 /OUTPUT 16 "out";
o0x7f2f7e762928 .functor BUFZ 1, c4<z>; HiZ drive
v0x55558a2912b0_0 .net "clk", 0 0, o0x7f2f7e762928;  0 drivers
o0x7f2f7e762958 .functor BUFZ 16, c4<zzzzzzzzzzzzzzzz>; HiZ drive
v0x55558a291390_0 .net "in", 15 0, o0x7f2f7e762958;  0 drivers
o0x7f2f7e762988 .functor BUFZ 1, c4<z>; HiZ drive
v0x55558a291470_0 .net "load", 0 0, o0x7f2f7e762988;  0 drivers
v0x55558a291510_0 .var "out", 15 0;
E_0x55558a0dd530 .event posedge, v0x55558a2912b0_0;
S_0x55558a1d9a80 .scope module, "SB_CARRY" "SB_CARRY" 19 228;
 .timescale -12 -12;
    .port_info 0 /OUTPUT 1 "CO";
    .port_info 1 /INPUT 1 "I0";
    .port_info 2 /INPUT 1 "I1";
    .port_info 3 /INPUT 1 "CI";
o0x7f2f7e762b08 .functor BUFZ 1, c4<z>; HiZ drive
o0x7f2f7e762b38 .functor BUFZ 1, c4<z>; HiZ drive
L_0x55558a2e7ea0 .functor AND 1, o0x7f2f7e762b08, o0x7f2f7e762b38, C4<1>, C4<1>;
L_0x55558a2e7f10 .functor OR 1, o0x7f2f7e762b08, o0x7f2f7e762b38, C4<0>, C4<0>;
o0x7f2f7e762aa8 .functor BUFZ 1, c4<z>; HiZ drive
L_0x55558a2e8020 .functor AND 1, L_0x55558a2e7f10, o0x7f2f7e762aa8, C4<1>, C4<1>;
L_0x55558a2e80e0 .functor OR 1, L_0x55558a2e7ea0, L_0x55558a2e8020, C4<0>, C4<0>;
v0x55558a2916a0_0 .net "CI", 0 0, o0x7f2f7e762aa8;  0 drivers
v0x55558a291780_0 .net "CO", 0 0, L_0x55558a2e80e0;  1 drivers
v0x55558a291840_0 .net "I0", 0 0, o0x7f2f7e762b08;  0 drivers
v0x55558a2918e0_0 .net "I1", 0 0, o0x7f2f7e762b38;  0 drivers
v0x55558a2919a0_0 .net *"_ivl_1", 0 0, L_0x55558a2e7ea0;  1 drivers
v0x55558a291ab0_0 .net *"_ivl_3", 0 0, L_0x55558a2e7f10;  1 drivers
v0x55558a291b70_0 .net *"_ivl_5", 0 0, L_0x55558a2e8020;  1 drivers
S_0x55558a1d7730 .scope module, "SB_DFF" "SB_DFF" 19 265;
 .timescale -12 -12;
    .port_info 0 /OUTPUT 1 "Q";
    .port_info 1 /INPUT 1 "C";
    .port_info 2 /INPUT 1 "D";
o0x7f2f7e762cb8 .functor BUFZ 1, c4<z>; HiZ drive
v0x55558a291d30_0 .net "C", 0 0, o0x7f2f7e762cb8;  0 drivers
o0x7f2f7e762ce8 .functor BUFZ 1, c4<z>; HiZ drive
v0x55558a291e10_0 .net "D", 0 0, o0x7f2f7e762ce8;  0 drivers
v0x55558a291ed0_0 .var "Q", 0 0;
E_0x55558a291cb0 .event posedge, v0x55558a291d30_0;
S_0x55558a27d700 .scope module, "SB_DFFE" "SB_DFFE" 19 303;
 .timescale -12 -12;
    .port_info 0 /OUTPUT 1 "Q";
    .port_info 1 /INPUT 1 "C";
    .port_info 2 /INPUT 1 "E";
    .port_info 3 /INPUT 1 "D";
o0x7f2f7e762dd8 .functor BUFZ 1, c4<z>; HiZ drive
v0x55558a292050_0 .net "C", 0 0, o0x7f2f7e762dd8;  0 drivers
o0x7f2f7e762e08 .functor BUFZ 1, c4<z>; HiZ drive
v0x55558a292130_0 .net "D", 0 0, o0x7f2f7e762e08;  0 drivers
o0x7f2f7e762e38 .functor BUFZ 1, c4<z>; HiZ drive
v0x55558a2921f0_0 .net "E", 0 0, o0x7f2f7e762e38;  0 drivers
v0x55558a2922c0_0 .var "Q", 0 0;
E_0x55558a291ff0 .event posedge, v0x55558a292050_0;
S_0x55558a26b490 .scope module, "SB_DFFER" "SB_DFFER" 19 653;
 .timescale -12 -12;
    .port_info 0 /OUTPUT 1 "Q";
    .port_info 1 /INPUT 1 "C";
    .port_info 2 /INPUT 1 "E";
    .port_info 3 /INPUT 1 "R";
    .port_info 4 /INPUT 1 "D";
o0x7f2f7e762f58 .functor BUFZ 1, c4<z>; HiZ drive
v0x55558a2924b0_0 .net "C", 0 0, o0x7f2f7e762f58;  0 drivers
o0x7f2f7e762f88 .functor BUFZ 1, c4<z>; HiZ drive
v0x55558a292590_0 .net "D", 0 0, o0x7f2f7e762f88;  0 drivers
o0x7f2f7e762fb8 .functor BUFZ 1, c4<z>; HiZ drive
v0x55558a292650_0 .net "E", 0 0, o0x7f2f7e762fb8;  0 drivers
v0x55558a2926f0_0 .var "Q", 0 0;
o0x7f2f7e763018 .functor BUFZ 1, c4<z>; HiZ drive
v0x55558a2927b0_0 .net "R", 0 0, o0x7f2f7e763018;  0 drivers
E_0x55558a292430 .event posedge, v0x55558a2927b0_0, v0x55558a2924b0_0;
S_0x55558a26b0b0 .scope module, "SB_DFFES" "SB_DFFES" 19 794;
 .timescale -12 -12;
    .port_info 0 /OUTPUT 1 "Q";
    .port_info 1 /INPUT 1 "C";
    .port_info 2 /INPUT 1 "E";
    .port_info 3 /INPUT 1 "S";
    .port_info 4 /INPUT 1 "D";
o0x7f2f7e763138 .functor BUFZ 1, c4<z>; HiZ drive
v0x55558a2929e0_0 .net "C", 0 0, o0x7f2f7e763138;  0 drivers
o0x7f2f7e763168 .functor BUFZ 1, c4<z>; HiZ drive
v0x55558a292ac0_0 .net "D", 0 0, o0x7f2f7e763168;  0 drivers
o0x7f2f7e763198 .functor BUFZ 1, c4<z>; HiZ drive
v0x55558a292b80_0 .net "E", 0 0, o0x7f2f7e763198;  0 drivers
v0x55558a292c20_0 .var "Q", 0 0;
o0x7f2f7e7631f8 .functor BUFZ 1, c4<z>; HiZ drive
v0x55558a292ce0_0 .net "S", 0 0, o0x7f2f7e7631f8;  0 drivers
E_0x55558a292960 .event posedge, v0x55558a292ce0_0, v0x55558a2929e0_0;
S_0x55558a2595e0 .scope module, "SB_DFFESR" "SB_DFFESR" 19 592;
 .timescale -12 -12;
    .port_info 0 /OUTPUT 1 "Q";
    .port_info 1 /INPUT 1 "C";
    .port_info 2 /INPUT 1 "E";
    .port_info 3 /INPUT 1 "R";
    .port_info 4 /INPUT 1 "D";
o0x7f2f7e763318 .functor BUFZ 1, c4<z>; HiZ drive
v0x55558a292f10_0 .net "C", 0 0, o0x7f2f7e763318;  0 drivers
o0x7f2f7e763348 .functor BUFZ 1, c4<z>; HiZ drive
v0x55558a292ff0_0 .net "D", 0 0, o0x7f2f7e763348;  0 drivers
o0x7f2f7e763378 .functor BUFZ 1, c4<z>; HiZ drive
v0x55558a2930b0_0 .net "E", 0 0, o0x7f2f7e763378;  0 drivers
v0x55558a293150_0 .var "Q", 0 0;
o0x7f2f7e7633d8 .functor BUFZ 1, c4<z>; HiZ drive
v0x55558a293210_0 .net "R", 0 0, o0x7f2f7e7633d8;  0 drivers
E_0x55558a292e90 .event posedge, v0x55558a292f10_0;
S_0x55558a233820 .scope module, "SB_DFFESS" "SB_DFFESS" 19 733;
 .timescale -12 -12;
    .port_info 0 /OUTPUT 1 "Q";
    .port_info 1 /INPUT 1 "C";
    .port_info 2 /INPUT 1 "E";
    .port_info 3 /INPUT 1 "S";
    .port_info 4 /INPUT 1 "D";
o0x7f2f7e7634f8 .functor BUFZ 1, c4<z>; HiZ drive
v0x55558a293440_0 .net "C", 0 0, o0x7f2f7e7634f8;  0 drivers
o0x7f2f7e763528 .functor BUFZ 1, c4<z>; HiZ drive
v0x55558a293520_0 .net "D", 0 0, o0x7f2f7e763528;  0 drivers
o0x7f2f7e763558 .functor BUFZ 1, c4<z>; HiZ drive
v0x55558a2935e0_0 .net "E", 0 0, o0x7f2f7e763558;  0 drivers
v0x55558a293680_0 .var "Q", 0 0;
o0x7f2f7e7635b8 .functor BUFZ 1, c4<z>; HiZ drive
v0x55558a293740_0 .net "S", 0 0, o0x7f2f7e7635b8;  0 drivers
E_0x55558a2933c0 .event posedge, v0x55558a293440_0;
S_0x55558a232ea0 .scope module, "SB_DFFN" "SB_DFFN" 19 876;
 .timescale -12 -12;
    .port_info 0 /OUTPUT 1 "Q";
    .port_info 1 /INPUT 1 "C";
    .port_info 2 /INPUT 1 "D";
o0x7f2f7e7636d8 .functor BUFZ 1, c4<z>; HiZ drive
v0x55558a293970_0 .net "C", 0 0, o0x7f2f7e7636d8;  0 drivers
o0x7f2f7e763708 .functor BUFZ 1, c4<z>; HiZ drive
v0x55558a293a50_0 .net "D", 0 0, o0x7f2f7e763708;  0 drivers
v0x55558a293b10_0 .var "Q", 0 0;
E_0x55558a2938f0 .event negedge, v0x55558a293970_0;
S_0x55558a22ef60 .scope module, "SB_DFFNE" "SB_DFFNE" 19 914;
 .timescale -12 -12;
    .port_info 0 /OUTPUT 1 "Q";
    .port_info 1 /INPUT 1 "C";
    .port_info 2 /INPUT 1 "E";
    .port_info 3 /INPUT 1 "D";
o0x7f2f7e7637f8 .functor BUFZ 1, c4<z>; HiZ drive
v0x55558a293c90_0 .net "C", 0 0, o0x7f2f7e7637f8;  0 drivers
o0x7f2f7e763828 .functor BUFZ 1, c4<z>; HiZ drive
v0x55558a293d70_0 .net "D", 0 0, o0x7f2f7e763828;  0 drivers
o0x7f2f7e763858 .functor BUFZ 1, c4<z>; HiZ drive
v0x55558a293e30_0 .net "E", 0 0, o0x7f2f7e763858;  0 drivers
v0x55558a293f00_0 .var "Q", 0 0;
E_0x55558a293c30 .event negedge, v0x55558a293c90_0;
S_0x55558a22e1e0 .scope module, "SB_DFFNER" "SB_DFFNER" 19 1264;
 .timescale -12 -12;
    .port_info 0 /OUTPUT 1 "Q";
    .port_info 1 /INPUT 1 "C";
    .port_info 2 /INPUT 1 "E";
    .port_info 3 /INPUT 1 "R";
    .port_info 4 /INPUT 1 "D";
o0x7f2f7e763978 .functor BUFZ 1, c4<z>; HiZ drive
v0x55558a2940f0_0 .net "C", 0 0, o0x7f2f7e763978;  0 drivers
o0x7f2f7e7639a8 .functor BUFZ 1, c4<z>; HiZ drive
v0x55558a2941d0_0 .net "D", 0 0, o0x7f2f7e7639a8;  0 drivers
o0x7f2f7e7639d8 .functor BUFZ 1, c4<z>; HiZ drive
v0x55558a294290_0 .net "E", 0 0, o0x7f2f7e7639d8;  0 drivers
v0x55558a294330_0 .var "Q", 0 0;
o0x7f2f7e763a38 .functor BUFZ 1, c4<z>; HiZ drive
v0x55558a2943f0_0 .net "R", 0 0, o0x7f2f7e763a38;  0 drivers
E_0x55558a294070/0 .event negedge, v0x55558a2940f0_0;
E_0x55558a294070/1 .event posedge, v0x55558a2943f0_0;
E_0x55558a294070 .event/or E_0x55558a294070/0, E_0x55558a294070/1;
S_0x55558a22d460 .scope module, "SB_DFFNES" "SB_DFFNES" 19 1405;
 .timescale -12 -12;
    .port_info 0 /OUTPUT 1 "Q";
    .port_info 1 /INPUT 1 "C";
    .port_info 2 /INPUT 1 "E";
    .port_info 3 /INPUT 1 "S";
    .port_info 4 /INPUT 1 "D";
o0x7f2f7e763b58 .functor BUFZ 1, c4<z>; HiZ drive
v0x55558a294620_0 .net "C", 0 0, o0x7f2f7e763b58;  0 drivers
o0x7f2f7e763b88 .functor BUFZ 1, c4<z>; HiZ drive
v0x55558a294700_0 .net "D", 0 0, o0x7f2f7e763b88;  0 drivers
o0x7f2f7e763bb8 .functor BUFZ 1, c4<z>; HiZ drive
v0x55558a2947c0_0 .net "E", 0 0, o0x7f2f7e763bb8;  0 drivers
v0x55558a294860_0 .var "Q", 0 0;
o0x7f2f7e763c18 .functor BUFZ 1, c4<z>; HiZ drive
v0x55558a294920_0 .net "S", 0 0, o0x7f2f7e763c18;  0 drivers
E_0x55558a2945a0/0 .event negedge, v0x55558a294620_0;
E_0x55558a2945a0/1 .event posedge, v0x55558a294920_0;
E_0x55558a2945a0 .event/or E_0x55558a2945a0/0, E_0x55558a2945a0/1;
S_0x55558a22a850 .scope module, "SB_DFFNESR" "SB_DFFNESR" 19 1203;
 .timescale -12 -12;
    .port_info 0 /OUTPUT 1 "Q";
    .port_info 1 /INPUT 1 "C";
    .port_info 2 /INPUT 1 "E";
    .port_info 3 /INPUT 1 "R";
    .port_info 4 /INPUT 1 "D";
o0x7f2f7e763d38 .functor BUFZ 1, c4<z>; HiZ drive
v0x55558a294b50_0 .net "C", 0 0, o0x7f2f7e763d38;  0 drivers
o0x7f2f7e763d68 .functor BUFZ 1, c4<z>; HiZ drive
v0x55558a294c30_0 .net "D", 0 0, o0x7f2f7e763d68;  0 drivers
o0x7f2f7e763d98 .functor BUFZ 1, c4<z>; HiZ drive
v0x55558a294cf0_0 .net "E", 0 0, o0x7f2f7e763d98;  0 drivers
v0x55558a294d90_0 .var "Q", 0 0;
o0x7f2f7e763df8 .functor BUFZ 1, c4<z>; HiZ drive
v0x55558a294e50_0 .net "R", 0 0, o0x7f2f7e763df8;  0 drivers
E_0x55558a294ad0 .event negedge, v0x55558a294b50_0;
S_0x55558a2427e0 .scope module, "SB_DFFNESS" "SB_DFFNESS" 19 1344;
 .timescale -12 -12;
    .port_info 0 /OUTPUT 1 "Q";
    .port_info 1 /INPUT 1 "C";
    .port_info 2 /INPUT 1 "E";
    .port_info 3 /INPUT 1 "S";
    .port_info 4 /INPUT 1 "D";
o0x7f2f7e763f18 .functor BUFZ 1, c4<z>; HiZ drive
v0x55558a295080_0 .net "C", 0 0, o0x7f2f7e763f18;  0 drivers
o0x7f2f7e763f48 .functor BUFZ 1, c4<z>; HiZ drive
v0x55558a295160_0 .net "D", 0 0, o0x7f2f7e763f48;  0 drivers
o0x7f2f7e763f78 .functor BUFZ 1, c4<z>; HiZ drive
v0x55558a295220_0 .net "E", 0 0, o0x7f2f7e763f78;  0 drivers
v0x55558a2952c0_0 .var "Q", 0 0;
o0x7f2f7e763fd8 .functor BUFZ 1, c4<z>; HiZ drive
v0x55558a295380_0 .net "S", 0 0, o0x7f2f7e763fd8;  0 drivers
E_0x55558a295000 .event negedge, v0x55558a295080_0;
S_0x55558a23e4b0 .scope module, "SB_DFFNR" "SB_DFFNR" 19 1011;
 .timescale -12 -12;
    .port_info 0 /OUTPUT 1 "Q";
    .port_info 1 /INPUT 1 "C";
    .port_info 2 /INPUT 1 "R";
    .port_info 3 /INPUT 1 "D";
o0x7f2f7e7640f8 .functor BUFZ 1, c4<z>; HiZ drive
v0x55558a2955b0_0 .net "C", 0 0, o0x7f2f7e7640f8;  0 drivers
o0x7f2f7e764128 .functor BUFZ 1, c4<z>; HiZ drive
v0x55558a295690_0 .net "D", 0 0, o0x7f2f7e764128;  0 drivers
v0x55558a295750_0 .var "Q", 0 0;
o0x7f2f7e764188 .functor BUFZ 1, c4<z>; HiZ drive
v0x55558a2957f0_0 .net "R", 0 0, o0x7f2f7e764188;  0 drivers
E_0x55558a295530/0 .event negedge, v0x55558a2955b0_0;
E_0x55558a295530/1 .event posedge, v0x55558a2957f0_0;
E_0x55558a295530 .event/or E_0x55558a295530/0, E_0x55558a295530/1;
S_0x55558a22c6e0 .scope module, "SB_DFFNS" "SB_DFFNS" 19 1132;
 .timescale -12 -12;
    .port_info 0 /OUTPUT 1 "Q";
    .port_info 1 /INPUT 1 "C";
    .port_info 2 /INPUT 1 "S";
    .port_info 3 /INPUT 1 "D";
o0x7f2f7e764278 .functor BUFZ 1, c4<z>; HiZ drive
v0x55558a2959e0_0 .net "C", 0 0, o0x7f2f7e764278;  0 drivers
o0x7f2f7e7642a8 .functor BUFZ 1, c4<z>; HiZ drive
v0x55558a295ac0_0 .net "D", 0 0, o0x7f2f7e7642a8;  0 drivers
v0x55558a295b80_0 .var "Q", 0 0;
o0x7f2f7e764308 .functor BUFZ 1, c4<z>; HiZ drive
v0x55558a295c20_0 .net "S", 0 0, o0x7f2f7e764308;  0 drivers
E_0x55558a295960/0 .event negedge, v0x55558a2959e0_0;
E_0x55558a295960/1 .event posedge, v0x55558a295c20_0;
E_0x55558a295960 .event/or E_0x55558a295960/0, E_0x55558a295960/1;
S_0x55558a23d190 .scope module, "SB_DFFNSR" "SB_DFFNSR" 19 961;
 .timescale -12 -12;
    .port_info 0 /OUTPUT 1 "Q";
    .port_info 1 /INPUT 1 "C";
    .port_info 2 /INPUT 1 "R";
    .port_info 3 /INPUT 1 "D";
o0x7f2f7e7643f8 .functor BUFZ 1, c4<z>; HiZ drive
v0x55558a295e10_0 .net "C", 0 0, o0x7f2f7e7643f8;  0 drivers
o0x7f2f7e764428 .functor BUFZ 1, c4<z>; HiZ drive
v0x55558a295ef0_0 .net "D", 0 0, o0x7f2f7e764428;  0 drivers
v0x55558a295fb0_0 .var "Q", 0 0;
o0x7f2f7e764488 .functor BUFZ 1, c4<z>; HiZ drive
v0x55558a296050_0 .net "R", 0 0, o0x7f2f7e764488;  0 drivers
E_0x55558a295d90 .event negedge, v0x55558a295e10_0;
S_0x55558a238310 .scope module, "SB_DFFNSS" "SB_DFFNSS" 19 1082;
 .timescale -12 -12;
    .port_info 0 /OUTPUT 1 "Q";
    .port_info 1 /INPUT 1 "C";
    .port_info 2 /INPUT 1 "S";
    .port_info 3 /INPUT 1 "D";
o0x7f2f7e764578 .functor BUFZ 1, c4<z>; HiZ drive
v0x55558a296240_0 .net "C", 0 0, o0x7f2f7e764578;  0 drivers
o0x7f2f7e7645a8 .functor BUFZ 1, c4<z>; HiZ drive
v0x55558a296320_0 .net "D", 0 0, o0x7f2f7e7645a8;  0 drivers
v0x55558a2963e0_0 .var "Q", 0 0;
o0x7f2f7e764608 .functor BUFZ 1, c4<z>; HiZ drive
v0x55558a296480_0 .net "S", 0 0, o0x7f2f7e764608;  0 drivers
E_0x55558a2961c0 .event negedge, v0x55558a296240_0;
S_0x55558a2279f0 .scope module, "SB_DFFR" "SB_DFFR" 19 400;
 .timescale -12 -12;
    .port_info 0 /OUTPUT 1 "Q";
    .port_info 1 /INPUT 1 "C";
    .port_info 2 /INPUT 1 "R";
    .port_info 3 /INPUT 1 "D";
o0x7f2f7e7646f8 .functor BUFZ 1, c4<z>; HiZ drive
v0x55558a296670_0 .net "C", 0 0, o0x7f2f7e7646f8;  0 drivers
o0x7f2f7e764728 .functor BUFZ 1, c4<z>; HiZ drive
v0x55558a296750_0 .net "D", 0 0, o0x7f2f7e764728;  0 drivers
v0x55558a296810_0 .var "Q", 0 0;
o0x7f2f7e764788 .functor BUFZ 1, c4<z>; HiZ drive
v0x55558a2968b0_0 .net "R", 0 0, o0x7f2f7e764788;  0 drivers
E_0x55558a2965f0 .event posedge, v0x55558a2968b0_0, v0x55558a296670_0;
S_0x55558a22a0e0 .scope module, "SB_DFFS" "SB_DFFS" 19 521;
 .timescale -12 -12;
    .port_info 0 /OUTPUT 1 "Q";
    .port_info 1 /INPUT 1 "C";
    .port_info 2 /INPUT 1 "S";
    .port_info 3 /INPUT 1 "D";
o0x7f2f7e764878 .functor BUFZ 1, c4<z>; HiZ drive
v0x55558a296aa0_0 .net "C", 0 0, o0x7f2f7e764878;  0 drivers
o0x7f2f7e7648a8 .functor BUFZ 1, c4<z>; HiZ drive
v0x55558a296b80_0 .net "D", 0 0, o0x7f2f7e7648a8;  0 drivers
v0x55558a296c40_0 .var "Q", 0 0;
o0x7f2f7e764908 .functor BUFZ 1, c4<z>; HiZ drive
v0x55558a296ce0_0 .net "S", 0 0, o0x7f2f7e764908;  0 drivers
E_0x55558a296a20 .event posedge, v0x55558a296ce0_0, v0x55558a296aa0_0;
S_0x55558a229390 .scope module, "SB_DFFSR" "SB_DFFSR" 19 350;
 .timescale -12 -12;
    .port_info 0 /OUTPUT 1 "Q";
    .port_info 1 /INPUT 1 "C";
    .port_info 2 /INPUT 1 "R";
    .port_info 3 /INPUT 1 "D";
o0x7f2f7e7649f8 .functor BUFZ 1, c4<z>; HiZ drive
v0x55558a296ed0_0 .net "C", 0 0, o0x7f2f7e7649f8;  0 drivers
o0x7f2f7e764a28 .functor BUFZ 1, c4<z>; HiZ drive
v0x55558a296fb0_0 .net "D", 0 0, o0x7f2f7e764a28;  0 drivers
v0x55558a297070_0 .var "Q", 0 0;
o0x7f2f7e764a88 .functor BUFZ 1, c4<z>; HiZ drive
v0x55558a297110_0 .net "R", 0 0, o0x7f2f7e764a88;  0 drivers
E_0x55558a296e50 .event posedge, v0x55558a296ed0_0;
S_0x55558a2286c0 .scope module, "SB_DFFSS" "SB_DFFSS" 19 471;
 .timescale -12 -12;
    .port_info 0 /OUTPUT 1 "Q";
    .port_info 1 /INPUT 1 "C";
    .port_info 2 /INPUT 1 "S";
    .port_info 3 /INPUT 1 "D";
o0x7f2f7e764b78 .functor BUFZ 1, c4<z>; HiZ drive
v0x55558a297300_0 .net "C", 0 0, o0x7f2f7e764b78;  0 drivers
o0x7f2f7e764ba8 .functor BUFZ 1, c4<z>; HiZ drive
v0x55558a2973e0_0 .net "D", 0 0, o0x7f2f7e764ba8;  0 drivers
v0x55558a2974a0_0 .var "Q", 0 0;
o0x7f2f7e764c08 .functor BUFZ 1, c4<z>; HiZ drive
v0x55558a297540_0 .net "S", 0 0, o0x7f2f7e764c08;  0 drivers
E_0x55558a297280 .event posedge, v0x55558a297300_0;
S_0x55558a202c10 .scope module, "SB_FILTER_50NS" "SB_FILTER_50NS" 19 2856;
 .timescale -12 -12;
    .port_info 0 /INPUT 1 "FILTERIN";
    .port_info 1 /OUTPUT 1 "FILTEROUT";
o0x7f2f7e764cf8 .functor BUFZ 1, c4<z>; HiZ drive
v0x55558a2976b0_0 .net "FILTERIN", 0 0, o0x7f2f7e764cf8;  0 drivers
o0x7f2f7e764d28 .functor BUFZ 1, c4<z>; HiZ drive
v0x55558a297790_0 .net "FILTEROUT", 0 0, o0x7f2f7e764d28;  0 drivers
S_0x55558a1ff340 .scope module, "SB_GB" "SB_GB" 19 162;
 .timescale -12 -12;
    .port_info 0 /INPUT 1 "USER_SIGNAL_TO_GLOBAL_BUFFER";
    .port_info 1 /OUTPUT 1 "GLOBAL_BUFFER_OUTPUT";
o0x7f2f7e764de8 .functor BUFZ 1, c4<z>; HiZ drive
L_0x55558a2e81f0 .functor BUFZ 1, o0x7f2f7e764de8, C4<0>, C4<0>, C4<0>;
v0x55558a2978b0_0 .net "GLOBAL_BUFFER_OUTPUT", 0 0, L_0x55558a2e81f0;  1 drivers
v0x55558a297970_0 .net "USER_SIGNAL_TO_GLOBAL_BUFFER", 0 0, o0x7f2f7e764de8;  0 drivers
S_0x55558a1f4930 .scope module, "SB_GB_IO" "SB_GB_IO" 19 123;
 .timescale -12 -12;
    .port_info 0 /INOUT 1 "PACKAGE_PIN";
    .port_info 1 /OUTPUT 1 "GLOBAL_BUFFER_OUTPUT";
    .port_info 2 /INPUT 1 "LATCH_INPUT_VALUE";
    .port_info 3 /INPUT 1 "CLOCK_ENABLE";
    .port_info 4 /INPUT 1 "INPUT_CLK";
    .port_info 5 /INPUT 1 "OUTPUT_CLK";
    .port_info 6 /INPUT 1 "OUTPUT_ENABLE";
    .port_info 7 /INPUT 1 "D_OUT_0";
    .port_info 8 /INPUT 1 "D_OUT_1";
    .port_info 9 /OUTPUT 1 "D_IN_0";
    .port_info 10 /OUTPUT 1 "D_IN_1";
P_0x55558a26c4a0 .param/str "IO_STANDARD" 0 19 139, "SB_LVCMOS";
P_0x55558a26c4e0 .param/l "NEG_TRIGGER" 0 19 138, C4<0>;
P_0x55558a26c520 .param/l "PIN_TYPE" 0 19 136, C4<000000>;
P_0x55558a26c560 .param/l "PULLUP" 0 19 137, C4<0>;
o0x7f2f7e765028 .functor BUFZ 1, c4<z>; HiZ drive
L_0x55558a2e8260 .functor BUFZ 1, o0x7f2f7e765028, C4<0>, C4<0>, C4<0>;
o0x7f2f7e764e78 .functor BUFZ 1, c4<z>; HiZ drive
v0x55558a299ac0_0 .net "CLOCK_ENABLE", 0 0, o0x7f2f7e764e78;  0 drivers
v0x55558a299b80_0 .net "D_IN_0", 0 0, L_0x55558a2e84d0;  1 drivers
v0x55558a299c50_0 .net "D_IN_1", 0 0, L_0x55558a2e8590;  1 drivers
o0x7f2f7e764f08 .functor BUFZ 1, c4<z>; HiZ drive
v0x55558a299d50_0 .net "D_OUT_0", 0 0, o0x7f2f7e764f08;  0 drivers
o0x7f2f7e764f38 .functor BUFZ 1, c4<z>; HiZ drive
v0x55558a299e20_0 .net "D_OUT_1", 0 0, o0x7f2f7e764f38;  0 drivers
v0x55558a299ec0_0 .net "GLOBAL_BUFFER_OUTPUT", 0 0, L_0x55558a2e8260;  1 drivers
o0x7f2f7e764f68 .functor BUFZ 1, c4<z>; HiZ drive
v0x55558a299f60_0 .net "INPUT_CLK", 0 0, o0x7f2f7e764f68;  0 drivers
o0x7f2f7e764f98 .functor BUFZ 1, c4<z>; HiZ drive
v0x55558a29a030_0 .net "LATCH_INPUT_VALUE", 0 0, o0x7f2f7e764f98;  0 drivers
o0x7f2f7e764fc8 .functor BUFZ 1, c4<z>; HiZ drive
v0x55558a29a100_0 .net "OUTPUT_CLK", 0 0, o0x7f2f7e764fc8;  0 drivers
o0x7f2f7e764ff8 .functor BUFZ 1, c4<z>; HiZ drive
v0x55558a29a1d0_0 .net "OUTPUT_ENABLE", 0 0, o0x7f2f7e764ff8;  0 drivers
v0x55558a29a2a0_0 .net "PACKAGE_PIN", 0 0, o0x7f2f7e765028;  0 drivers
S_0x55558a297a90 .scope module, "IO" "SB_IO" 19 148, 19 17 0, S_0x55558a1f4930;
 .timescale -12 -12;
    .port_info 0 /INOUT 1 "PACKAGE_PIN";
    .port_info 1 /INPUT 1 "LATCH_INPUT_VALUE";
    .port_info 2 /INPUT 1 "CLOCK_ENABLE";
    .port_info 3 /INPUT 1 "INPUT_CLK";
    .port_info 4 /INPUT 1 "OUTPUT_CLK";
    .port_info 5 /INPUT 1 "OUTPUT_ENABLE";
    .port_info 6 /INPUT 1 "D_OUT_0";
    .port_info 7 /INPUT 1 "D_OUT_1";
    .port_info 8 /OUTPUT 1 "D_IN_0";
    .port_info 9 /OUTPUT 1 "D_IN_1";
P_0x55558a282910 .param/str "IO_STANDARD" 0 19 32, "SB_LVCMOS";
P_0x55558a282950 .param/l "NEG_TRIGGER" 0 19 31, C4<0>;
P_0x55558a282990 .param/l "PIN_TYPE" 0 19 29, C4<000000>;
P_0x55558a2829d0 .param/l "PULLUP" 0 19 30, C4<0>;
L_0x55558a2e8410 .functor OR 1, o0x7f2f7e764e78, L_0x55558a2e8320, C4<0>, C4<0>;
L_0x55558a2e84d0 .functor BUFZ 1, v0x55558a299090_0, C4<0>, C4<0>, C4<0>;
L_0x55558a2e8590 .functor BUFZ 1, v0x55558a299150_0, C4<0>, C4<0>, C4<0>;
v0x55558a298500_0 .net "CLOCK_ENABLE", 0 0, o0x7f2f7e764e78;  alias, 0 drivers
v0x55558a2985c0_0 .net "D_IN_0", 0 0, L_0x55558a2e84d0;  alias, 1 drivers
v0x55558a298680_0 .net "D_IN_1", 0 0, L_0x55558a2e8590;  alias, 1 drivers
v0x55558a298720_0 .net "D_OUT_0", 0 0, o0x7f2f7e764f08;  alias, 0 drivers
v0x55558a2987e0_0 .net "D_OUT_1", 0 0, o0x7f2f7e764f38;  alias, 0 drivers
v0x55558a2988f0_0 .net "INPUT_CLK", 0 0, o0x7f2f7e764f68;  alias, 0 drivers
v0x55558a2989b0_0 .net "LATCH_INPUT_VALUE", 0 0, o0x7f2f7e764f98;  alias, 0 drivers
v0x55558a298a70_0 .net "OUTPUT_CLK", 0 0, o0x7f2f7e764fc8;  alias, 0 drivers
v0x55558a298b30_0 .net "OUTPUT_ENABLE", 0 0, o0x7f2f7e764ff8;  alias, 0 drivers
v0x55558a298bf0_0 .net "PACKAGE_PIN", 0 0, o0x7f2f7e765028;  alias, 0 drivers
o0x7f2f7e765058 .functor BUFZ 1, c4<z>; HiZ drive
; Elide local net with no drivers, v0x55558a298cb0_0 name=_ivl_0
v0x55558a298d90_0 .net *"_ivl_2", 0 0, L_0x55558a2e8320;  1 drivers
v0x55558a298e50_0 .net "clken_pulled", 0 0, L_0x55558a2e8410;  1 drivers
v0x55558a298f10_0 .var "clken_pulled_ri", 0 0;
v0x55558a298fd0_0 .var "clken_pulled_ro", 0 0;
v0x55558a299090_0 .var "din_0", 0 0;
v0x55558a299150_0 .var "din_1", 0 0;
v0x55558a299320_0 .var "din_q_0", 0 0;
v0x55558a2993e0_0 .var "din_q_1", 0 0;
v0x55558a2994a0_0 .var "dout", 0 0;
v0x55558a299560_0 .var "dout_q_0", 0 0;
v0x55558a299620_0 .var "dout_q_1", 0 0;
v0x55558a2996e0_0 .var "outclk_delayed_1", 0 0;
v0x55558a2997a0_0 .var "outclk_delayed_2", 0 0;
v0x55558a299860_0 .var "outena_q", 0 0;
E_0x55558a297fa0 .event anyedge, v0x55558a2997a0_0, v0x55558a299560_0, v0x55558a299620_0;
E_0x55558a298000 .event anyedge, v0x55558a2996e0_0;
E_0x55558a298060 .event anyedge, v0x55558a298a70_0;
E_0x55558a2980c0 .event anyedge, v0x55558a299320_0, v0x55558a2993e0_0;
L_0x55558a2e8320 .cmp/eeq 1, o0x7f2f7e764e78, o0x7f2f7e765058;
S_0x55558a298150 .scope generate, "genblk1" "genblk1" 19 45, 19 45 0, S_0x55558a297a90;
 .timescale -12 -12;
E_0x55558a298330 .event posedge, v0x55558a298a70_0;
E_0x55558a2983b0 .event negedge, v0x55558a298a70_0;
E_0x55558a298410 .event negedge, v0x55558a2988f0_0;
E_0x55558a298470 .event posedge, v0x55558a2988f0_0;
S_0x55558a1f0a80 .scope module, "SB_HFOSC" "SB_HFOSC" 19 2664;
 .timescale -12 -12;
    .port_info 0 /INPUT 1 "TRIM0";
    .port_info 1 /INPUT 1 "TRIM1";
    .port_info 2 /INPUT 1 "TRIM2";
    .port_info 3 /INPUT 1 "TRIM3";
    .port_info 4 /INPUT 1 "TRIM4";
    .port_info 5 /INPUT 1 "TRIM5";
    .port_info 6 /INPUT 1 "TRIM6";
    .port_info 7 /INPUT 1 "TRIM7";
    .port_info 8 /INPUT 1 "TRIM8";
    .port_info 9 /INPUT 1 "TRIM9";
    .port_info 10 /INPUT 1 "CLKHFPU";
    .port_info 11 /INPUT 1 "CLKHFEN";
    .port_info 12 /OUTPUT 1 "CLKHF";
P_0x55558a040350 .param/str "CLKHF_DIV" 0 19 2680, "0b00";
P_0x55558a040390 .param/str "TRIM_EN" 0 19 2679, "0b0";
o0x7f2f7e765748 .functor BUFZ 1, c4<z>; HiZ drive
v0x55558a29a390_0 .net "CLKHF", 0 0, o0x7f2f7e765748;  0 drivers
o0x7f2f7e765778 .functor BUFZ 1, c4<z>; HiZ drive
v0x55558a29a470_0 .net "CLKHFEN", 0 0, o0x7f2f7e765778;  0 drivers
o0x7f2f7e7657a8 .functor BUFZ 1, c4<z>; HiZ drive
v0x55558a29a530_0 .net "CLKHFPU", 0 0, o0x7f2f7e7657a8;  0 drivers
o0x7f2f7e7657d8 .functor BUFZ 1, c4<z>; HiZ drive
v0x55558a29a600_0 .net "TRIM0", 0 0, o0x7f2f7e7657d8;  0 drivers
o0x7f2f7e765808 .functor BUFZ 1, c4<z>; HiZ drive
v0x55558a29a6c0_0 .net "TRIM1", 0 0, o0x7f2f7e765808;  0 drivers
o0x7f2f7e765838 .functor BUFZ 1, c4<z>; HiZ drive
v0x55558a29a780_0 .net "TRIM2", 0 0, o0x7f2f7e765838;  0 drivers
o0x7f2f7e765868 .functor BUFZ 1, c4<z>; HiZ drive
v0x55558a29a840_0 .net "TRIM3", 0 0, o0x7f2f7e765868;  0 drivers
o0x7f2f7e765898 .functor BUFZ 1, c4<z>; HiZ drive
v0x55558a29a900_0 .net "TRIM4", 0 0, o0x7f2f7e765898;  0 drivers
o0x7f2f7e7658c8 .functor BUFZ 1, c4<z>; HiZ drive
v0x55558a29a9c0_0 .net "TRIM5", 0 0, o0x7f2f7e7658c8;  0 drivers
o0x7f2f7e7658f8 .functor BUFZ 1, c4<z>; HiZ drive
v0x55558a29ab10_0 .net "TRIM6", 0 0, o0x7f2f7e7658f8;  0 drivers
o0x7f2f7e765928 .functor BUFZ 1, c4<z>; HiZ drive
v0x55558a29abd0_0 .net "TRIM7", 0 0, o0x7f2f7e765928;  0 drivers
o0x7f2f7e765958 .functor BUFZ 1, c4<z>; HiZ drive
v0x55558a29ac90_0 .net "TRIM8", 0 0, o0x7f2f7e765958;  0 drivers
o0x7f2f7e765988 .functor BUFZ 1, c4<z>; HiZ drive
v0x55558a29ad50_0 .net "TRIM9", 0 0, o0x7f2f7e765988;  0 drivers
S_0x55558a1d3780 .scope module, "SB_I2C" "SB_I2C" 19 2733;
 .timescale -12 -12;
    .port_info 0 /INPUT 1 "SBCLKI";
    .port_info 1 /INPUT 1 "SBRWI";
    .port_info 2 /INPUT 1 "SBSTBI";
    .port_info 3 /INPUT 1 "SBADRI7";
    .port_info 4 /INPUT 1 "SBADRI6";
    .port_info 5 /INPUT 1 "SBADRI5";
    .port_info 6 /INPUT 1 "SBADRI4";
    .port_info 7 /INPUT 1 "SBADRI3";
    .port_info 8 /INPUT 1 "SBADRI2";
    .port_info 9 /INPUT 1 "SBADRI1";
    .port_info 10 /INPUT 1 "SBADRI0";
    .port_info 11 /INPUT 1 "SBDATI7";
    .port_info 12 /INPUT 1 "SBDATI6";
    .port_info 13 /INPUT 1 "SBDATI5";
    .port_info 14 /INPUT 1 "SBDATI4";
    .port_info 15 /INPUT 1 "SBDATI3";
    .port_info 16 /INPUT 1 "SBDATI2";
    .port_info 17 /INPUT 1 "SBDATI1";
    .port_info 18 /INPUT 1 "SBDATI0";
    .port_info 19 /INPUT 1 "SCLI";
    .port_info 20 /INPUT 1 "SDAI";
    .port_info 21 /OUTPUT 1 "SBDATO7";
    .port_info 22 /OUTPUT 1 "SBDATO6";
    .port_info 23 /OUTPUT 1 "SBDATO5";
    .port_info 24 /OUTPUT 1 "SBDATO4";
    .port_info 25 /OUTPUT 1 "SBDATO3";
    .port_info 26 /OUTPUT 1 "SBDATO2";
    .port_info 27 /OUTPUT 1 "SBDATO1";
    .port_info 28 /OUTPUT 1 "SBDATO0";
    .port_info 29 /OUTPUT 1 "SBACKO";
    .port_info 30 /OUTPUT 1 "I2CIRQ";
    .port_info 31 /OUTPUT 1 "I2CWKUP";
    .port_info 32 /OUTPUT 1 "SCLO";
    .port_info 33 /OUTPUT 1 "SCLOE";
    .port_info 34 /OUTPUT 1 "SDAO";
    .port_info 35 /OUTPUT 1 "SDAOE";
P_0x55558a03d770 .param/str "BUS_ADDR74" 0 19 2772, "0b0001";
P_0x55558a03d7b0 .param/str "I2C_SLAVE_INIT_ADDR" 0 19 2771, "0b1111100001";
o0x7f2f7e765c28 .functor BUFZ 1, c4<z>; HiZ drive
v0x55558a29afb0_0 .net "I2CIRQ", 0 0, o0x7f2f7e765c28;  0 drivers
o0x7f2f7e765c58 .functor BUFZ 1, c4<z>; HiZ drive
v0x55558a29b090_0 .net "I2CWKUP", 0 0, o0x7f2f7e765c58;  0 drivers
o0x7f2f7e765c88 .functor BUFZ 1, c4<z>; HiZ drive
v0x55558a29b150_0 .net "SBACKO", 0 0, o0x7f2f7e765c88;  0 drivers
o0x7f2f7e765cb8 .functor BUFZ 1, c4<z>; HiZ drive
v0x55558a29b1f0_0 .net "SBADRI0", 0 0, o0x7f2f7e765cb8;  0 drivers
o0x7f2f7e765ce8 .functor BUFZ 1, c4<z>; HiZ drive
v0x55558a29b2b0_0 .net "SBADRI1", 0 0, o0x7f2f7e765ce8;  0 drivers
o0x7f2f7e765d18 .functor BUFZ 1, c4<z>; HiZ drive
v0x55558a29b370_0 .net "SBADRI2", 0 0, o0x7f2f7e765d18;  0 drivers
o0x7f2f7e765d48 .functor BUFZ 1, c4<z>; HiZ drive
v0x55558a29b430_0 .net "SBADRI3", 0 0, o0x7f2f7e765d48;  0 drivers
o0x7f2f7e765d78 .functor BUFZ 1, c4<z>; HiZ drive
v0x55558a29b4f0_0 .net "SBADRI4", 0 0, o0x7f2f7e765d78;  0 drivers
o0x7f2f7e765da8 .functor BUFZ 1, c4<z>; HiZ drive
v0x55558a29b5b0_0 .net "SBADRI5", 0 0, o0x7f2f7e765da8;  0 drivers
o0x7f2f7e765dd8 .functor BUFZ 1, c4<z>; HiZ drive
v0x55558a29b700_0 .net "SBADRI6", 0 0, o0x7f2f7e765dd8;  0 drivers
o0x7f2f7e765e08 .functor BUFZ 1, c4<z>; HiZ drive
v0x55558a29b7c0_0 .net "SBADRI7", 0 0, o0x7f2f7e765e08;  0 drivers
o0x7f2f7e765e38 .functor BUFZ 1, c4<z>; HiZ drive
v0x55558a29b880_0 .net "SBCLKI", 0 0, o0x7f2f7e765e38;  0 drivers
o0x7f2f7e765e68 .functor BUFZ 1, c4<z>; HiZ drive
v0x55558a29b940_0 .net "SBDATI0", 0 0, o0x7f2f7e765e68;  0 drivers
o0x7f2f7e765e98 .functor BUFZ 1, c4<z>; HiZ drive
v0x55558a29ba00_0 .net "SBDATI1", 0 0, o0x7f2f7e765e98;  0 drivers
o0x7f2f7e765ec8 .functor BUFZ 1, c4<z>; HiZ drive
v0x55558a29bac0_0 .net "SBDATI2", 0 0, o0x7f2f7e765ec8;  0 drivers
o0x7f2f7e765ef8 .functor BUFZ 1, c4<z>; HiZ drive
v0x55558a29bb80_0 .net "SBDATI3", 0 0, o0x7f2f7e765ef8;  0 drivers
o0x7f2f7e765f28 .functor BUFZ 1, c4<z>; HiZ drive
v0x55558a29bc40_0 .net "SBDATI4", 0 0, o0x7f2f7e765f28;  0 drivers
o0x7f2f7e765f58 .functor BUFZ 1, c4<z>; HiZ drive
v0x55558a29be10_0 .net "SBDATI5", 0 0, o0x7f2f7e765f58;  0 drivers
o0x7f2f7e765f88 .functor BUFZ 1, c4<z>; HiZ drive
v0x55558a29bed0_0 .net "SBDATI6", 0 0, o0x7f2f7e765f88;  0 drivers
o0x7f2f7e765fb8 .functor BUFZ 1, c4<z>; HiZ drive
v0x55558a29bf90_0 .net "SBDATI7", 0 0, o0x7f2f7e765fb8;  0 drivers
o0x7f2f7e765fe8 .functor BUFZ 1, c4<z>; HiZ drive
v0x55558a29c050_0 .net "SBDATO0", 0 0, o0x7f2f7e765fe8;  0 drivers
o0x7f2f7e766018 .functor BUFZ 1, c4<z>; HiZ drive
v0x55558a29c110_0 .net "SBDATO1", 0 0, o0x7f2f7e766018;  0 drivers
o0x7f2f7e766048 .functor BUFZ 1, c4<z>; HiZ drive
v0x55558a29c1d0_0 .net "SBDATO2", 0 0, o0x7f2f7e766048;  0 drivers
o0x7f2f7e766078 .functor BUFZ 1, c4<z>; HiZ drive
v0x55558a29c290_0 .net "SBDATO3", 0 0, o0x7f2f7e766078;  0 drivers
o0x7f2f7e7660a8 .functor BUFZ 1, c4<z>; HiZ drive
v0x55558a29c350_0 .net "SBDATO4", 0 0, o0x7f2f7e7660a8;  0 drivers
o0x7f2f7e7660d8 .functor BUFZ 1, c4<z>; HiZ drive
v0x55558a29c410_0 .net "SBDATO5", 0 0, o0x7f2f7e7660d8;  0 drivers
o0x7f2f7e766108 .functor BUFZ 1, c4<z>; HiZ drive
v0x55558a29c4d0_0 .net "SBDATO6", 0 0, o0x7f2f7e766108;  0 drivers
o0x7f2f7e766138 .functor BUFZ 1, c4<z>; HiZ drive
v0x55558a29c590_0 .net "SBDATO7", 0 0, o0x7f2f7e766138;  0 drivers
o0x7f2f7e766168 .functor BUFZ 1, c4<z>; HiZ drive
v0x55558a29c650_0 .net "SBRWI", 0 0, o0x7f2f7e766168;  0 drivers
o0x7f2f7e766198 .functor BUFZ 1, c4<z>; HiZ drive
v0x55558a29c710_0 .net "SBSTBI", 0 0, o0x7f2f7e766198;  0 drivers
o0x7f2f7e7661c8 .functor BUFZ 1, c4<z>; HiZ drive
v0x55558a29c7d0_0 .net "SCLI", 0 0, o0x7f2f7e7661c8;  0 drivers
o0x7f2f7e7661f8 .functor BUFZ 1, c4<z>; HiZ drive
v0x55558a29c890_0 .net "SCLO", 0 0, o0x7f2f7e7661f8;  0 drivers
o0x7f2f7e766228 .functor BUFZ 1, c4<z>; HiZ drive
v0x55558a29c950_0 .net "SCLOE", 0 0, o0x7f2f7e766228;  0 drivers
o0x7f2f7e766258 .functor BUFZ 1, c4<z>; HiZ drive
v0x55558a29cc20_0 .net "SDAI", 0 0, o0x7f2f7e766258;  0 drivers
o0x7f2f7e766288 .functor BUFZ 1, c4<z>; HiZ drive
v0x55558a29cce0_0 .net "SDAO", 0 0, o0x7f2f7e766288;  0 drivers
o0x7f2f7e7662b8 .functor BUFZ 1, c4<z>; HiZ drive
v0x55558a29cda0_0 .net "SDAOE", 0 0, o0x7f2f7e7662b8;  0 drivers
S_0x55558a1d2830 .scope module, "SB_IO_I3C" "SB_IO_I3C" 19 2862;
 .timescale -12 -12;
    .port_info 0 /INOUT 1 "PACKAGE_PIN";
    .port_info 1 /INPUT 1 "LATCH_INPUT_VALUE";
    .port_info 2 /INPUT 1 "CLOCK_ENABLE";
    .port_info 3 /INPUT 1 "INPUT_CLK";
    .port_info 4 /INPUT 1 "OUTPUT_CLK";
    .port_info 5 /INPUT 1 "OUTPUT_ENABLE";
    .port_info 6 /INPUT 1 "D_OUT_0";
    .port_info 7 /INPUT 1 "D_OUT_1";
    .port_info 8 /OUTPUT 1 "D_IN_0";
    .port_info 9 /OUTPUT 1 "D_IN_1";
    .port_info 10 /INPUT 1 "PU_ENB";
    .port_info 11 /INPUT 1 "WEAK_PU_ENB";
P_0x55558a1d41a0 .param/str "IO_STANDARD" 0 19 2880, "SB_LVCMOS";
P_0x55558a1d41e0 .param/l "NEG_TRIGGER" 0 19 2879, C4<0>;
P_0x55558a1d4220 .param/l "PIN_TYPE" 0 19 2876, C4<000000>;
P_0x55558a1d4260 .param/l "PULLUP" 0 19 2877, C4<0>;
P_0x55558a1d42a0 .param/l "WEAK_PULLUP" 0 19 2878, C4<0>;
L_0x55558a2e8650 .functor BUFZ 1, v0x55558a29e140_0, C4<0>, C4<0>, C4<0>;
L_0x55558a2e86c0 .functor BUFZ 1, v0x55558a29e200_0, C4<0>, C4<0>, C4<0>;
o0x7f2f7e7669a8 .functor BUFZ 1, c4<z>; HiZ drive
v0x55558a29d810_0 .net "CLOCK_ENABLE", 0 0, o0x7f2f7e7669a8;  0 drivers
v0x55558a29d8d0_0 .net "D_IN_0", 0 0, L_0x55558a2e8650;  1 drivers
v0x55558a29d990_0 .net "D_IN_1", 0 0, L_0x55558a2e86c0;  1 drivers
o0x7f2f7e766a38 .functor BUFZ 1, c4<z>; HiZ drive
v0x55558a29da30_0 .net "D_OUT_0", 0 0, o0x7f2f7e766a38;  0 drivers
o0x7f2f7e766a68 .functor BUFZ 1, c4<z>; HiZ drive
v0x55558a29daf0_0 .net "D_OUT_1", 0 0, o0x7f2f7e766a68;  0 drivers
o0x7f2f7e766a98 .functor BUFZ 1, c4<z>; HiZ drive
v0x55558a29dc00_0 .net "INPUT_CLK", 0 0, o0x7f2f7e766a98;  0 drivers
o0x7f2f7e766ac8 .functor BUFZ 1, c4<z>; HiZ drive
v0x55558a29dcc0_0 .net "LATCH_INPUT_VALUE", 0 0, o0x7f2f7e766ac8;  0 drivers
o0x7f2f7e766af8 .functor BUFZ 1, c4<z>; HiZ drive
v0x55558a29dd80_0 .net "OUTPUT_CLK", 0 0, o0x7f2f7e766af8;  0 drivers
o0x7f2f7e766b28 .functor BUFZ 1, c4<z>; HiZ drive
v0x55558a29de40_0 .net "OUTPUT_ENABLE", 0 0, o0x7f2f7e766b28;  0 drivers
o0x7f2f7e766b58 .functor BUFZ 1, c4<z>; HiZ drive
v0x55558a29df00_0 .net "PACKAGE_PIN", 0 0, o0x7f2f7e766b58;  0 drivers
o0x7f2f7e766b88 .functor BUFZ 1, c4<z>; HiZ drive
v0x55558a29dfc0_0 .net "PU_ENB", 0 0, o0x7f2f7e766b88;  0 drivers
o0x7f2f7e766bb8 .functor BUFZ 1, c4<z>; HiZ drive
v0x55558a29e080_0 .net "WEAK_PU_ENB", 0 0, o0x7f2f7e766bb8;  0 drivers
v0x55558a29e140_0 .var "din_0", 0 0;
v0x55558a29e200_0 .var "din_1", 0 0;
v0x55558a29e2c0_0 .var "din_q_0", 0 0;
v0x55558a29e380_0 .var "din_q_1", 0 0;
v0x55558a29e440_0 .var "dout", 0 0;
v0x55558a29e500_0 .var "dout_q_0", 0 0;
v0x55558a29e5c0_0 .var "dout_q_1", 0 0;
v0x55558a29e680_0 .var "outclk_delayed_1", 0 0;
v0x55558a29e740_0 .var "outclk_delayed_2", 0 0;
v0x55558a29e800_0 .var "outena_q", 0 0;
E_0x55558a29d2e0 .event anyedge, v0x55558a29e740_0, v0x55558a29e500_0, v0x55558a29e5c0_0;
E_0x55558a29d360 .event anyedge, v0x55558a29e680_0;
E_0x55558a29d3c0 .event anyedge, v0x55558a29dd80_0;
E_0x55558a29d420 .event anyedge, v0x55558a29e2c0_0, v0x55558a29e380_0;
S_0x55558a29d4b0 .scope generate, "genblk1" "genblk1" 19 2888, 19 2888 0, S_0x55558a1d2830;
 .timescale -12 -12;
E_0x55558a29d640 .event posedge, v0x55558a29dd80_0;
E_0x55558a29d6c0 .event negedge, v0x55558a29dd80_0;
E_0x55558a29d720 .event negedge, v0x55558a29dc00_0;
E_0x55558a29d780 .event posedge, v0x55558a29dc00_0;
S_0x55558a1d0990 .scope module, "SB_IO_OD" "SB_IO_OD" 19 2931;
 .timescale -12 -12;
    .port_info 0 /INOUT 1 "PACKAGEPIN";
    .port_info 1 /INPUT 1 "LATCHINPUTVALUE";
    .port_info 2 /INPUT 1 "CLOCKENABLE";
    .port_info 3 /INPUT 1 "INPUTCLK";
    .port_info 4 /INPUT 1 "OUTPUTCLK";
    .port_info 5 /INPUT 1 "OUTPUTENABLE";
    .port_info 6 /INPUT 1 "DOUT1";
    .port_info 7 /INPUT 1 "DOUT0";
    .port_info 8 /OUTPUT 1 "DIN1";
    .port_info 9 /OUTPUT 1 "DIN0";
P_0x55558a03d8c0 .param/l "NEG_TRIGGER" 0 19 2944, C4<0>;
P_0x55558a03d900 .param/l "PIN_TYPE" 0 19 2943, C4<000000>;
L_0x55558a2e8730 .functor BUFZ 1, v0x55558a29f720_0, C4<0>, C4<0>, C4<0>;
L_0x55558a2e87a0 .functor BUFZ 1, v0x55558a29f7e0_0, C4<0>, C4<0>, C4<0>;
o0x7f2f7e767008 .functor BUFZ 1, c4<z>; HiZ drive
v0x55558a29ef70_0 .net "CLOCKENABLE", 0 0, o0x7f2f7e767008;  0 drivers
v0x55558a29f030_0 .net "DIN0", 0 0, L_0x55558a2e8730;  1 drivers
v0x55558a29f0f0_0 .net "DIN1", 0 0, L_0x55558a2e87a0;  1 drivers
o0x7f2f7e767098 .functor BUFZ 1, c4<z>; HiZ drive
v0x55558a29f190_0 .net "DOUT0", 0 0, o0x7f2f7e767098;  0 drivers
o0x7f2f7e7670c8 .functor BUFZ 1, c4<z>; HiZ drive
v0x55558a29f250_0 .net "DOUT1", 0 0, o0x7f2f7e7670c8;  0 drivers
o0x7f2f7e7670f8 .functor BUFZ 1, c4<z>; HiZ drive
v0x55558a29f360_0 .net "INPUTCLK", 0 0, o0x7f2f7e7670f8;  0 drivers
o0x7f2f7e767128 .functor BUFZ 1, c4<z>; HiZ drive
v0x55558a29f420_0 .net "LATCHINPUTVALUE", 0 0, o0x7f2f7e767128;  0 drivers
o0x7f2f7e767158 .functor BUFZ 1, c4<z>; HiZ drive
v0x55558a29f4e0_0 .net "OUTPUTCLK", 0 0, o0x7f2f7e767158;  0 drivers
o0x7f2f7e767188 .functor BUFZ 1, c4<z>; HiZ drive
v0x55558a29f5a0_0 .net "OUTPUTENABLE", 0 0, o0x7f2f7e767188;  0 drivers
o0x7f2f7e7671b8 .functor BUFZ 1, c4<z>; HiZ drive
v0x55558a29f660_0 .net "PACKAGEPIN", 0 0, o0x7f2f7e7671b8;  0 drivers
v0x55558a29f720_0 .var "din_0", 0 0;
v0x55558a29f7e0_0 .var "din_1", 0 0;
v0x55558a29f8a0_0 .var "din_q_0", 0 0;
v0x55558a29f960_0 .var "din_q_1", 0 0;
v0x55558a29fa20_0 .var "dout", 0 0;
v0x55558a29fae0_0 .var "dout_q_0", 0 0;
v0x55558a29fba0_0 .var "dout_q_1", 0 0;
v0x55558a29fd70_0 .var "outclk_delayed_1", 0 0;
v0x55558a29fe30_0 .var "outclk_delayed_2", 0 0;
v0x55558a29fef0_0 .var "outena_q", 0 0;
E_0x55558a29ea40 .event anyedge, v0x55558a29fe30_0, v0x55558a29fae0_0, v0x55558a29fba0_0;
E_0x55558a29eac0 .event anyedge, v0x55558a29fd70_0;
E_0x55558a29eb20 .event anyedge, v0x55558a29f4e0_0;
E_0x55558a29eb80 .event anyedge, v0x55558a29f8a0_0, v0x55558a29f960_0;
S_0x55558a29ec10 .scope generate, "genblk1" "genblk1" 19 2952, 19 2952 0, S_0x55558a1d0990;
 .timescale -12 -12;
E_0x55558a29eda0 .event posedge, v0x55558a29f4e0_0;
E_0x55558a29ee20 .event negedge, v0x55558a29f4e0_0;
E_0x55558a29ee80 .event negedge, v0x55558a29f360_0;
E_0x55558a29eee0 .event posedge, v0x55558a29f360_0;
S_0x55558a1cfa40 .scope module, "SB_LEDDA_IP" "SB_LEDDA_IP" 19 2830;
 .timescale -12 -12;
    .port_info 0 /INPUT 1 "LEDDCS";
    .port_info 1 /INPUT 1 "LEDDCLK";
    .port_info 2 /INPUT 1 "LEDDDAT7";
    .port_info 3 /INPUT 1 "LEDDDAT6";
    .port_info 4 /INPUT 1 "LEDDDAT5";
    .port_info 5 /INPUT 1 "LEDDDAT4";
    .port_info 6 /INPUT 1 "LEDDDAT3";
    .port_info 7 /INPUT 1 "LEDDDAT2";
    .port_info 8 /INPUT 1 "LEDDDAT1";
    .port_info 9 /INPUT 1 "LEDDDAT0";
    .port_info 10 /INPUT 1 "LEDDADDR3";
    .port_info 11 /INPUT 1 "LEDDADDR2";
    .port_info 12 /INPUT 1 "LEDDADDR1";
    .port_info 13 /INPUT 1 "LEDDADDR0";
    .port_info 14 /INPUT 1 "LEDDDEN";
    .port_info 15 /INPUT 1 "LEDDEXE";
    .port_info 16 /INPUT 1 "LEDDRST";
    .port_info 17 /OUTPUT 1 "PWMOUT0";
    .port_info 18 /OUTPUT 1 "PWMOUT1";
    .port_info 19 /OUTPUT 1 "PWMOUT2";
    .port_info 20 /OUTPUT 1 "LEDDON";
o0x7f2f7e7675a8 .functor BUFZ 1, c4<z>; HiZ drive
v0x55558a2a00f0_0 .net "LEDDADDR0", 0 0, o0x7f2f7e7675a8;  0 drivers
o0x7f2f7e7675d8 .functor BUFZ 1, c4<z>; HiZ drive
v0x55558a2a01d0_0 .net "LEDDADDR1", 0 0, o0x7f2f7e7675d8;  0 drivers
o0x7f2f7e767608 .functor BUFZ 1, c4<z>; HiZ drive
v0x55558a2a0290_0 .net "LEDDADDR2", 0 0, o0x7f2f7e767608;  0 drivers
o0x7f2f7e767638 .functor BUFZ 1, c4<z>; HiZ drive
v0x55558a2a0330_0 .net "LEDDADDR3", 0 0, o0x7f2f7e767638;  0 drivers
o0x7f2f7e767668 .functor BUFZ 1, c4<z>; HiZ drive
v0x55558a2a03f0_0 .net "LEDDCLK", 0 0, o0x7f2f7e767668;  0 drivers
o0x7f2f7e767698 .functor BUFZ 1, c4<z>; HiZ drive
v0x55558a2a04b0_0 .net "LEDDCS", 0 0, o0x7f2f7e767698;  0 drivers
o0x7f2f7e7676c8 .functor BUFZ 1, c4<z>; HiZ drive
v0x55558a2a0570_0 .net "LEDDDAT0", 0 0, o0x7f2f7e7676c8;  0 drivers
o0x7f2f7e7676f8 .functor BUFZ 1, c4<z>; HiZ drive
v0x55558a2a0630_0 .net "LEDDDAT1", 0 0, o0x7f2f7e7676f8;  0 drivers
o0x7f2f7e767728 .functor BUFZ 1, c4<z>; HiZ drive
v0x55558a2a06f0_0 .net "LEDDDAT2", 0 0, o0x7f2f7e767728;  0 drivers
o0x7f2f7e767758 .functor BUFZ 1, c4<z>; HiZ drive
v0x55558a2a07b0_0 .net "LEDDDAT3", 0 0, o0x7f2f7e767758;  0 drivers
o0x7f2f7e767788 .functor BUFZ 1, c4<z>; HiZ drive
v0x55558a2a0870_0 .net "LEDDDAT4", 0 0, o0x7f2f7e767788;  0 drivers
o0x7f2f7e7677b8 .functor BUFZ 1, c4<z>; HiZ drive
v0x55558a2a0930_0 .net "LEDDDAT5", 0 0, o0x7f2f7e7677b8;  0 drivers
o0x7f2f7e7677e8 .functor BUFZ 1, c4<z>; HiZ drive
v0x55558a2a09f0_0 .net "LEDDDAT6", 0 0, o0x7f2f7e7677e8;  0 drivers
o0x7f2f7e767818 .functor BUFZ 1, c4<z>; HiZ drive
v0x55558a2a0ab0_0 .net "LEDDDAT7", 0 0, o0x7f2f7e767818;  0 drivers
o0x7f2f7e767848 .functor BUFZ 1, c4<z>; HiZ drive
v0x55558a2a0b70_0 .net "LEDDDEN", 0 0, o0x7f2f7e767848;  0 drivers
o0x7f2f7e767878 .functor BUFZ 1, c4<z>; HiZ drive
v0x55558a2a0c30_0 .net "LEDDEXE", 0 0, o0x7f2f7e767878;  0 drivers
o0x7f2f7e7678a8 .functor BUFZ 1, c4<z>; HiZ drive
v0x55558a2a0cf0_0 .net "LEDDON", 0 0, o0x7f2f7e7678a8;  0 drivers
o0x7f2f7e7678d8 .functor BUFZ 1, c4<z>; HiZ drive
v0x55558a2a0ec0_0 .net "LEDDRST", 0 0, o0x7f2f7e7678d8;  0 drivers
o0x7f2f7e767908 .functor BUFZ 1, c4<z>; HiZ drive
v0x55558a2a0f80_0 .net "PWMOUT0", 0 0, o0x7f2f7e767908;  0 drivers
o0x7f2f7e767938 .functor BUFZ 1, c4<z>; HiZ drive
v0x55558a2a1040_0 .net "PWMOUT1", 0 0, o0x7f2f7e767938;  0 drivers
o0x7f2f7e767968 .functor BUFZ 1, c4<z>; HiZ drive
v0x55558a2a1100_0 .net "PWMOUT2", 0 0, o0x7f2f7e767968;  0 drivers
S_0x55558a0b8c50 .scope module, "SB_LED_DRV_CUR" "SB_LED_DRV_CUR" 19 2709;
 .timescale -12 -12;
    .port_info 0 /INPUT 1 "EN";
    .port_info 1 /OUTPUT 1 "LEDPU";
o0x7f2f7e767d88 .functor BUFZ 1, c4<z>; HiZ drive
v0x55558a2a1510_0 .net "EN", 0 0, o0x7f2f7e767d88;  0 drivers
o0x7f2f7e767db8 .functor BUFZ 1, c4<z>; HiZ drive
v0x55558a2a15f0_0 .net "LEDPU", 0 0, o0x7f2f7e767db8;  0 drivers
S_0x55558a1cdca0 .scope module, "SB_LFOSC" "SB_LFOSC" 19 2684;
 .timescale -12 -12;
    .port_info 0 /INPUT 1 "CLKLFPU";
    .port_info 1 /INPUT 1 "CLKLFEN";
    .port_info 2 /OUTPUT 1 "CLKLF";
o0x7f2f7e767e48 .functor BUFZ 1, c4<z>; HiZ drive
v0x55558a2a1710_0 .net "CLKLF", 0 0, o0x7f2f7e767e48;  0 drivers
o0x7f2f7e767e78 .functor BUFZ 1, c4<z>; HiZ drive
v0x55558a2a17d0_0 .net "CLKLFEN", 0 0, o0x7f2f7e767e78;  0 drivers
o0x7f2f7e767ea8 .functor BUFZ 1, c4<z>; HiZ drive
v0x55558a2a1890_0 .net "CLKLFPU", 0 0, o0x7f2f7e767ea8;  0 drivers
S_0x55558a1cd810 .scope module, "SB_LUT4" "SB_LUT4" 19 177;
 .timescale -12 -12;
    .port_info 0 /OUTPUT 1 "O";
    .port_info 1 /INPUT 1 "I0";
    .port_info 2 /INPUT 1 "I1";
    .port_info 3 /INPUT 1 "I2";
    .port_info 4 /INPUT 1 "I3";
P_0x55558a033cc0 .param/l "LUT_INIT" 0 19 184, C4<0000000000000000>;
o0x7f2f7e767f68 .functor BUFZ 1, c4<z>; HiZ drive
v0x55558a2a19b0_0 .net "I0", 0 0, o0x7f2f7e767f68;  0 drivers
o0x7f2f7e767f98 .functor BUFZ 1, c4<z>; HiZ drive
v0x55558a2a1a70_0 .net "I1", 0 0, o0x7f2f7e767f98;  0 drivers
o0x7f2f7e767fc8 .functor BUFZ 1, c4<z>; HiZ drive
v0x55558a2a1b30_0 .net "I2", 0 0, o0x7f2f7e767fc8;  0 drivers
o0x7f2f7e767ff8 .functor BUFZ 1, c4<z>; HiZ drive
v0x55558a2a1c00_0 .net "I3", 0 0, o0x7f2f7e767ff8;  0 drivers
v0x55558a2a1cc0_0 .net "O", 0 0, L_0x55558a2e9460;  1 drivers
L_0x7f2f7e3b78d0 .functor BUFT 1, C4<00000000>, C4<0>, C4<0>, C4<0>;
v0x55558a2a1d80_0 .net/2u *"_ivl_0", 7 0, L_0x7f2f7e3b78d0;  1 drivers
v0x55558a2a1e60_0 .net *"_ivl_13", 1 0, L_0x55558a2e8fb0;  1 drivers
v0x55558a2a1f40_0 .net *"_ivl_15", 1 0, L_0x55558a2e90a0;  1 drivers
v0x55558a2a2020_0 .net *"_ivl_19", 0 0, L_0x55558a2e9280;  1 drivers
L_0x7f2f7e3b7918 .functor BUFT 1, C4<00000000>, C4<0>, C4<0>, C4<0>;
v0x55558a2a2100_0 .net/2u *"_ivl_2", 7 0, L_0x7f2f7e3b7918;  1 drivers
v0x55558a2a21e0_0 .net *"_ivl_21", 0 0, L_0x55558a2e93c0;  1 drivers
v0x55558a2a22c0_0 .net *"_ivl_7", 3 0, L_0x55558a2e8c80;  1 drivers
v0x55558a2a23a0_0 .net *"_ivl_9", 3 0, L_0x55558a2e8d70;  1 drivers
v0x55558a2a2480_0 .net "s1", 1 0, L_0x55558a2e9140;  1 drivers
v0x55558a2a2560_0 .net "s2", 3 0, L_0x55558a2e8e10;  1 drivers
v0x55558a2a2640_0 .net "s3", 7 0, L_0x55558a2e8ae0;  1 drivers
L_0x55558a2e8ae0 .functor MUXZ 8, L_0x7f2f7e3b7918, L_0x7f2f7e3b78d0, o0x7f2f7e767ff8, C4<>;
L_0x55558a2e8c80 .part L_0x55558a2e8ae0, 4, 4;
L_0x55558a2e8d70 .part L_0x55558a2e8ae0, 0, 4;
L_0x55558a2e8e10 .functor MUXZ 4, L_0x55558a2e8d70, L_0x55558a2e8c80, o0x7f2f7e767fc8, C4<>;
L_0x55558a2e8fb0 .part L_0x55558a2e8e10, 2, 2;
L_0x55558a2e90a0 .part L_0x55558a2e8e10, 0, 2;
L_0x55558a2e9140 .functor MUXZ 2, L_0x55558a2e90a0, L_0x55558a2e8fb0, o0x7f2f7e767f98, C4<>;
L_0x55558a2e9280 .part L_0x55558a2e9140, 1, 1;
L_0x55558a2e93c0 .part L_0x55558a2e9140, 0, 1;
L_0x55558a2e9460 .functor MUXZ 1, L_0x55558a2e93c0, L_0x55558a2e9280, o0x7f2f7e767f68, C4<>;
S_0x55558a1cd3e0 .scope module, "SB_MAC16" "SB_MAC16" 19 2996;
 .timescale -12 -12;
    .port_info 0 /INPUT 1 "CLK";
    .port_info 1 /INPUT 1 "CE";
    .port_info 2 /INPUT 16 "C";
    .port_info 3 /INPUT 16 "A";
    .port_info 4 /INPUT 16 "B";
    .port_info 5 /INPUT 16 "D";
    .port_info 6 /INPUT 1 "AHOLD";
    .port_info 7 /INPUT 1 "BHOLD";
    .port_info 8 /INPUT 1 "CHOLD";
    .port_info 9 /INPUT 1 "DHOLD";
    .port_info 10 /INPUT 1 "IRSTTOP";
    .port_info 11 /INPUT 1 "IRSTBOT";
    .port_info 12 /INPUT 1 "ORSTTOP";
    .port_info 13 /INPUT 1 "ORSTBOT";
    .port_info 14 /INPUT 1 "OLOADTOP";
    .port_info 15 /INPUT 1 "OLOADBOT";
    .port_info 16 /INPUT 1 "ADDSUBTOP";
    .port_info 17 /INPUT 1 "ADDSUBBOT";
    .port_info 18 /INPUT 1 "OHOLDTOP";
    .port_info 19 /INPUT 1 "OHOLDBOT";
    .port_info 20 /INPUT 1 "CI";
    .port_info 21 /INPUT 1 "ACCUMCI";
    .port_info 22 /INPUT 1 "SIGNEXTIN";
    .port_info 23 /OUTPUT 32 "O";
    .port_info 24 /OUTPUT 1 "CO";
    .port_info 25 /OUTPUT 1 "ACCUMCO";
    .port_info 26 /OUTPUT 1 "SIGNEXTOUT";
P_0x55558a0512b0 .param/l "A_REG" 0 19 3011, C4<0>;
P_0x55558a0512f0 .param/l "A_SIGNED" 0 19 3027, C4<0>;
P_0x55558a051330 .param/l "BOTADDSUB_CARRYSELECT" 0 19 3025, C4<00>;
P_0x55558a051370 .param/l "BOTADDSUB_LOWERINPUT" 0 19 3023, C4<00>;
P_0x55558a0513b0 .param/l "BOTADDSUB_UPPERINPUT" 0 19 3024, C4<0>;
P_0x55558a0513f0 .param/l "BOTOUTPUT_SELECT" 0 19 3022, C4<00>;
P_0x55558a051430 .param/l "BOT_8x8_MULT_REG" 0 19 3015, C4<0>;
P_0x55558a051470 .param/l "B_REG" 0 19 3012, C4<0>;
P_0x55558a0514b0 .param/l "B_SIGNED" 0 19 3028, C4<0>;
P_0x55558a0514f0 .param/l "C_REG" 0 19 3010, C4<0>;
P_0x55558a051530 .param/l "D_REG" 0 19 3013, C4<0>;
P_0x55558a051570 .param/l "MODE_8x8" 0 19 3026, C4<0>;
P_0x55558a0515b0 .param/l "NEG_TRIGGER" 0 19 3009, C4<0>;
P_0x55558a0515f0 .param/l "PIPELINE_16x16_MULT_REG1" 0 19 3016, C4<0>;
P_0x55558a051630 .param/l "PIPELINE_16x16_MULT_REG2" 0 19 3017, C4<0>;
P_0x55558a051670 .param/l "TOPADDSUB_CARRYSELECT" 0 19 3021, C4<00>;
P_0x55558a0516b0 .param/l "TOPADDSUB_LOWERINPUT" 0 19 3019, C4<00>;
P_0x55558a0516f0 .param/l "TOPADDSUB_UPPERINPUT" 0 19 3020, C4<0>;
P_0x55558a051730 .param/l "TOPOUTPUT_SELECT" 0 19 3018, C4<00>;
P_0x55558a051770 .param/l "TOP_8x8_MULT_REG" 0 19 3014, C4<0>;
o0x7f2f7e768658 .functor BUFZ 1, c4<z>; HiZ drive
L_0x7f2f7e3b7960 .functor BUFT 1, C4<0>, C4<0>, C4<0>, C4<0>;
L_0x55558a2e9580 .functor XOR 1, o0x7f2f7e768658, L_0x7f2f7e3b7960, C4<0>, C4<0>;
o0x7f2f7e768598 .functor BUFZ 16, c4<zzzzzzzzzzzzzzzz>; HiZ drive
L_0x55558a2e9670 .functor BUFZ 16, o0x7f2f7e768598, C4<0000000000000000>, C4<0000000000000000>, C4<0000000000000000>;
o0x7f2f7e768358 .functor BUFZ 16, c4<zzzzzzzzzzzzzzzz>; HiZ drive
L_0x55558a2e9710 .functor BUFZ 16, o0x7f2f7e768358, C4<0000000000000000>, C4<0000000000000000>, C4<0000000000000000>;
o0x7f2f7e7684d8 .functor BUFZ 16, c4<zzzzzzzzzzzzzzzz>; HiZ drive
L_0x55558a2e97e0 .functor BUFZ 16, o0x7f2f7e7684d8, C4<0000000000000000>, C4<0000000000000000>, C4<0000000000000000>;
o0x7f2f7e7686b8 .functor BUFZ 16, c4<zzzzzzzzzzzzzzzz>; HiZ drive
L_0x55558a2e98e0 .functor BUFZ 16, o0x7f2f7e7686b8, C4<0000000000000000>, C4<0000000000000000>, C4<0000000000000000>;
L_0x55558a2ea750 .functor BUFZ 16, L_0x55558a2ea2e0, C4<0000000000000000>, C4<0000000000000000>, C4<0000000000000000>;
L_0x55558a2eac60 .functor BUFZ 16, L_0x55558a2ea660, C4<0000000000000000>, C4<0000000000000000>, C4<0000000000000000>;
L_0x55558a2ead20 .functor BUFZ 16, L_0x55558a2ea9f0, C4<0000000000000000>, C4<0000000000000000>, C4<0000000000000000>;
L_0x55558a2eae30 .functor BUFZ 16, L_0x55558a2eaae0, C4<0000000000000000>, C4<0000000000000000>, C4<0000000000000000>;
L_0x55558a2eb830 .functor BUFZ 32, L_0x55558a2ec500, C4<00000000000000000000000000000000>, C4<00000000000000000000000000000000>, C4<00000000000000000000000000000000>;
L_0x55558a2ec690 .functor BUFZ 16, v0x55558a2aa730_0, C4<0000000000000000>, C4<0000000000000000>, C4<0000000000000000>;
L_0x55558a2ec700 .functor BUFZ 16, L_0x55558a2e9710, C4<0000000000000000>, C4<0000000000000000>, C4<0000000000000000>;
L_0x55558a2ed0f0 .functor XOR 17, L_0x55558a2ecc40, L_0x55558a2ecf80, C4<00000000000000000>, C4<00000000000000000>;
o0x7f2f7e768418 .functor BUFZ 1, c4<z>; HiZ drive
L_0x55558a2ed2a0 .functor XOR 1, L_0x55558a2ec7e0, o0x7f2f7e768418, C4<0>, C4<0>;
L_0x55558a2ec770 .functor XOR 16, L_0x55558a2ec990, L_0x55558a2ed590, C4<0000000000000000>, C4<0000000000000000>;
L_0x55558a2edab0 .functor BUFZ 16, L_0x55558a2ed820, C4<0000000000000000>, C4<0000000000000000>, C4<0000000000000000>;
L_0x55558a2edd70 .functor BUFZ 16, v0x55558a2aa810_0, C4<0000000000000000>, C4<0000000000000000>, C4<0000000000000000>;
L_0x55558a2ede80 .functor BUFZ 16, L_0x55558a2e97e0, C4<0000000000000000>, C4<0000000000000000>, C4<0000000000000000>;
L_0x55558a2eea30 .functor XOR 17, L_0x55558a2ee3a0, L_0x55558a2ee730, C4<00000000000000000>, C4<00000000000000000>;
L_0x55558a2eebf0 .functor XOR 16, L_0x55558a2edff0, L_0x55558a2eef90, C4<0000000000000000>, C4<0000000000000000>;
L_0x55558a2ef590 .functor BUFZ 16, L_0x55558a2ef120, C4<0000000000000000>, C4<0000000000000000>, C4<0000000000000000>;
v0x55558a2a2990_0 .net "A", 15 0, o0x7f2f7e768358;  0 drivers
o0x7f2f7e768388 .functor BUFZ 1, c4<z>; HiZ drive
v0x55558a2a2a70_0 .net "ACCUMCI", 0 0, o0x7f2f7e768388;  0 drivers
v0x55558a2a2b30_0 .net "ACCUMCO", 0 0, L_0x55558a2ec7e0;  1 drivers
o0x7f2f7e7683e8 .functor BUFZ 1, c4<z>; HiZ drive
v0x55558a2a2bd0_0 .net "ADDSUBBOT", 0 0, o0x7f2f7e7683e8;  0 drivers
v0x55558a2a2c90_0 .net "ADDSUBTOP", 0 0, o0x7f2f7e768418;  0 drivers
o0x7f2f7e768448 .functor BUFZ 1, c4<z>; HiZ drive
v0x55558a2a2d50_0 .net "AHOLD", 0 0, o0x7f2f7e768448;  0 drivers
v0x55558a2a2e10_0 .net "Ah", 15 0, L_0x55558a2e9b00;  1 drivers
v0x55558a2a2ef0_0 .net "Al", 15 0, L_0x55558a2e9ce0;  1 drivers
v0x55558a2a2fd0_0 .net "B", 15 0, o0x7f2f7e7684d8;  0 drivers
o0x7f2f7e768508 .functor BUFZ 1, c4<z>; HiZ drive
v0x55558a2a3140_0 .net "BHOLD", 0 0, o0x7f2f7e768508;  0 drivers
v0x55558a2a3200_0 .net "Bh", 15 0, L_0x55558a2e9f70;  1 drivers
v0x55558a2a32e0_0 .net "Bl", 15 0, L_0x55558a2ea150;  1 drivers
v0x55558a2a33c0_0 .net "C", 15 0, o0x7f2f7e768598;  0 drivers
o0x7f2f7e7685c8 .functor BUFZ 1, c4<z>; HiZ drive
v0x55558a2a34a0_0 .net "CE", 0 0, o0x7f2f7e7685c8;  0 drivers
o0x7f2f7e7685f8 .functor BUFZ 1, c4<z>; HiZ drive
v0x55558a2a3560_0 .net "CHOLD", 0 0, o0x7f2f7e7685f8;  0 drivers
o0x7f2f7e768628 .functor BUFZ 1, c4<z>; HiZ drive
v0x55558a2a3620_0 .net "CI", 0 0, o0x7f2f7e768628;  0 drivers
v0x55558a2a36e0_0 .net "CLK", 0 0, o0x7f2f7e768658;  0 drivers
v0x55558a2a38b0_0 .net "CO", 0 0, L_0x55558a2ed2a0;  1 drivers
v0x55558a2a3970_0 .net "D", 15 0, o0x7f2f7e7686b8;  0 drivers
o0x7f2f7e7686e8 .functor BUFZ 1, c4<z>; HiZ drive
v0x55558a2a3a50_0 .net "DHOLD", 0 0, o0x7f2f7e7686e8;  0 drivers
L_0x7f2f7e3b7eb8 .functor BUFT 1, C4<0>, C4<0>, C4<0>, C4<0>;
v0x55558a2a3b10_0 .net "HCI", 0 0, L_0x7f2f7e3b7eb8;  1 drivers
o0x7f2f7e768748 .functor BUFZ 1, c4<z>; HiZ drive
v0x55558a2a3bd0_0 .net "IRSTBOT", 0 0, o0x7f2f7e768748;  0 drivers
o0x7f2f7e768778 .functor BUFZ 1, c4<z>; HiZ drive
v0x55558a2a3c90_0 .net "IRSTTOP", 0 0, o0x7f2f7e768778;  0 drivers
L_0x7f2f7e3b7fd8 .functor BUFT 1, C4<0>, C4<0>, C4<0>, C4<0>;
v0x55558a2a3d50_0 .net "LCI", 0 0, L_0x7f2f7e3b7fd8;  1 drivers
v0x55558a2a3e10_0 .net "LCO", 0 0, L_0x55558a2edef0;  1 drivers
v0x55558a2a3ed0_0 .net "O", 31 0, L_0x55558a2ef650;  1 drivers
o0x7f2f7e768838 .functor BUFZ 1, c4<z>; HiZ drive
v0x55558a2a3fb0_0 .net "OHOLDBOT", 0 0, o0x7f2f7e768838;  0 drivers
o0x7f2f7e768868 .functor BUFZ 1, c4<z>; HiZ drive
v0x55558a2a4070_0 .net "OHOLDTOP", 0 0, o0x7f2f7e768868;  0 drivers
o0x7f2f7e768898 .functor BUFZ 1, c4<z>; HiZ drive
v0x55558a2a4130_0 .net "OLOADBOT", 0 0, o0x7f2f7e768898;  0 drivers
o0x7f2f7e7688c8 .functor BUFZ 1, c4<z>; HiZ drive
v0x55558a2a41f0_0 .net "OLOADTOP", 0 0, o0x7f2f7e7688c8;  0 drivers
o0x7f2f7e7688f8 .functor BUFZ 1, c4<z>; HiZ drive
v0x55558a2a42b0_0 .net "ORSTBOT", 0 0, o0x7f2f7e7688f8;  0 drivers
o0x7f2f7e768928 .functor BUFZ 1, c4<z>; HiZ drive
v0x55558a2a4370_0 .net "ORSTTOP", 0 0, o0x7f2f7e768928;  0 drivers
v0x55558a2a4430_0 .net "Oh", 15 0, L_0x55558a2edab0;  1 drivers
v0x55558a2a4720_0 .net "Ol", 15 0, L_0x55558a2ef590;  1 drivers
o0x7f2f7e7689b8 .functor BUFZ 1, c4<z>; HiZ drive
v0x55558a2a4800_0 .net "SIGNEXTIN", 0 0, o0x7f2f7e7689b8;  0 drivers
v0x55558a2a48c0_0 .net "SIGNEXTOUT", 0 0, L_0x55558a2edb70;  1 drivers
v0x55558a2a4980_0 .net "XW", 15 0, L_0x55558a2ec990;  1 drivers
v0x55558a2a4a60_0 .net "YZ", 15 0, L_0x55558a2edff0;  1 drivers
v0x55558a2a4b40_0 .net/2u *"_ivl_0", 0 0, L_0x7f2f7e3b7960;  1 drivers
v0x55558a2a4c20_0 .net *"_ivl_100", 31 0, L_0x55558a2ebfa0;  1 drivers
L_0x7f2f7e3b7d50 .functor BUFT 1, C4<0000000000000000>, C4<0>, C4<0>, C4<0>;
v0x55558a2a4d00_0 .net *"_ivl_103", 15 0, L_0x7f2f7e3b7d50;  1 drivers
v0x55558a2a4de0_0 .net *"_ivl_104", 31 0, L_0x55558a2ec2c0;  1 drivers
v0x55558a2a4ec0_0 .net *"_ivl_106", 15 0, L_0x55558a2ec1d0;  1 drivers
L_0x7f2f7e3b7d98 .functor BUFT 1, C4<0000000000000000>, C4<0>, C4<0>, C4<0>;
v0x55558a2a4fa0_0 .net *"_ivl_108", 15 0, L_0x7f2f7e3b7d98;  1 drivers
L_0x7f2f7e3b79a8 .functor BUFT 1, C4<00000000>, C4<0>, C4<0>, C4<0>;
v0x55558a2a5080_0 .net/2u *"_ivl_12", 7 0, L_0x7f2f7e3b79a8;  1 drivers
v0x55558a2a5160_0 .net *"_ivl_121", 16 0, L_0x55558a2eca30;  1 drivers
L_0x7f2f7e3b7de0 .functor BUFT 1, C4<0>, C4<0>, C4<0>, C4<0>;
v0x55558a2a5240_0 .net *"_ivl_124", 0 0, L_0x7f2f7e3b7de0;  1 drivers
v0x55558a2a5320_0 .net *"_ivl_125", 16 0, L_0x55558a2ecc40;  1 drivers
L_0x7f2f7e3b7e28 .functor BUFT 1, C4<0>, C4<0>, C4<0>, C4<0>;
v0x55558a2a5400_0 .net *"_ivl_128", 0 0, L_0x7f2f7e3b7e28;  1 drivers
v0x55558a2a54e0_0 .net *"_ivl_130", 15 0, L_0x55558a2ecd80;  1 drivers
v0x55558a2a55c0_0 .net *"_ivl_131", 16 0, L_0x55558a2ecf80;  1 drivers
L_0x7f2f7e3b7e70 .functor BUFT 1, C4<0>, C4<0>, C4<0>, C4<0>;
v0x55558a2a56a0_0 .net *"_ivl_134", 0 0, L_0x7f2f7e3b7e70;  1 drivers
v0x55558a2a5780_0 .net *"_ivl_135", 16 0, L_0x55558a2ed0f0;  1 drivers
v0x55558a2a5860_0 .net *"_ivl_137", 16 0, L_0x55558a2ed200;  1 drivers
L_0x7f2f7e3b8188 .functor BUFT 1, C4<00000000000000000>, C4<0>, C4<0>, C4<0>;
v0x55558a2a5940_0 .net *"_ivl_139", 16 0, L_0x7f2f7e3b8188;  1 drivers
v0x55558a2a5a20_0 .net *"_ivl_143", 16 0, L_0x55558a2ece50;  1 drivers
v0x55558a2a5b00_0 .net *"_ivl_148", 15 0, L_0x55558a2ed590;  1 drivers
v0x55558a2a5be0_0 .net *"_ivl_149", 15 0, L_0x55558a2ec770;  1 drivers
v0x55558a2a5cc0_0 .net *"_ivl_15", 7 0, L_0x55558a2e99e0;  1 drivers
v0x55558a2a5da0_0 .net *"_ivl_168", 16 0, L_0x55558a2ee230;  1 drivers
L_0x7f2f7e3b7f00 .functor BUFT 1, C4<0>, C4<0>, C4<0>, C4<0>;
v0x55558a2a5e80_0 .net *"_ivl_171", 0 0, L_0x7f2f7e3b7f00;  1 drivers
v0x55558a2a5f60_0 .net *"_ivl_172", 16 0, L_0x55558a2ee3a0;  1 drivers
L_0x7f2f7e3b7f48 .functor BUFT 1, C4<0>, C4<0>, C4<0>, C4<0>;
v0x55558a2a6040_0 .net *"_ivl_175", 0 0, L_0x7f2f7e3b7f48;  1 drivers
v0x55558a2a6120_0 .net *"_ivl_177", 15 0, L_0x55558a2ee660;  1 drivers
v0x55558a2a6200_0 .net *"_ivl_178", 16 0, L_0x55558a2ee730;  1 drivers
L_0x7f2f7e3b79f0 .functor BUFT 1, C4<00000000>, C4<0>, C4<0>, C4<0>;
v0x55558a2a62e0_0 .net/2u *"_ivl_18", 7 0, L_0x7f2f7e3b79f0;  1 drivers
L_0x7f2f7e3b7f90 .functor BUFT 1, C4<0>, C4<0>, C4<0>, C4<0>;
v0x55558a2a63c0_0 .net *"_ivl_181", 0 0, L_0x7f2f7e3b7f90;  1 drivers
v0x55558a2a64a0_0 .net *"_ivl_182", 16 0, L_0x55558a2eea30;  1 drivers
v0x55558a2a6580_0 .net *"_ivl_184", 16 0, L_0x55558a2edde0;  1 drivers
L_0x7f2f7e3b81d0 .functor BUFT 1, C4<00000000000000000>, C4<0>, C4<0>, C4<0>;
v0x55558a2a6660_0 .net *"_ivl_186", 16 0, L_0x7f2f7e3b81d0;  1 drivers
v0x55558a2a6740_0 .net *"_ivl_190", 16 0, L_0x55558a2eed00;  1 drivers
v0x55558a2a6820_0 .net *"_ivl_193", 15 0, L_0x55558a2eef90;  1 drivers
v0x55558a2a6900_0 .net *"_ivl_194", 15 0, L_0x55558a2eebf0;  1 drivers
v0x55558a2a69e0_0 .net *"_ivl_21", 7 0, L_0x55558a2e9c40;  1 drivers
L_0x7f2f7e3b7a38 .functor BUFT 1, C4<00000000>, C4<0>, C4<0>, C4<0>;
v0x55558a2a6ac0_0 .net/2u *"_ivl_24", 7 0, L_0x7f2f7e3b7a38;  1 drivers
v0x55558a2a6ba0_0 .net *"_ivl_27", 7 0, L_0x55558a2e9e80;  1 drivers
L_0x7f2f7e3b7a80 .functor BUFT 1, C4<00000000>, C4<0>, C4<0>, C4<0>;
v0x55558a2a6c80_0 .net/2u *"_ivl_30", 7 0, L_0x7f2f7e3b7a80;  1 drivers
v0x55558a2a6d60_0 .net *"_ivl_33", 7 0, L_0x55558a2ea0b0;  1 drivers
L_0x7f2f7e3b7ac8 .functor BUFT 1, C4<00000000>, C4<0>, C4<0>, C4<0>;
v0x55558a2a6e40_0 .net/2u *"_ivl_38", 7 0, L_0x7f2f7e3b7ac8;  1 drivers
v0x55558a2a6f20_0 .net *"_ivl_41", 7 0, L_0x55558a2ea420;  1 drivers
v0x55558a2a7000_0 .net *"_ivl_42", 15 0, L_0x55558a2ea570;  1 drivers
L_0x7f2f7e3b7b10 .functor BUFT 1, C4<00000000>, C4<0>, C4<0>, C4<0>;
v0x55558a2a70e0_0 .net/2u *"_ivl_46", 7 0, L_0x7f2f7e3b7b10;  1 drivers
v0x55558a2a71c0_0 .net *"_ivl_49", 7 0, L_0x55558a2ea7c0;  1 drivers
v0x55558a2a72a0_0 .net *"_ivl_50", 15 0, L_0x55558a2ea8b0;  1 drivers
L_0x7f2f7e3b7b58 .functor BUFT 1, C4<00000000>, C4<0>, C4<0>, C4<0>;
v0x55558a2a7380_0 .net/2u *"_ivl_64", 7 0, L_0x7f2f7e3b7b58;  1 drivers
L_0x7f2f7e3b7ba0 .functor BUFT 1, C4<00000000>, C4<0>, C4<0>, C4<0>;
v0x55558a2a7460_0 .net/2u *"_ivl_68", 7 0, L_0x7f2f7e3b7ba0;  1 drivers
v0x55558a2a7540_0 .net *"_ivl_72", 31 0, L_0x55558a2eb210;  1 drivers
L_0x7f2f7e3b7be8 .functor BUFT 1, C4<0000000000000000>, C4<0>, C4<0>, C4<0>;
v0x55558a2a7620_0 .net *"_ivl_75", 15 0, L_0x7f2f7e3b7be8;  1 drivers
v0x55558a2a7700_0 .net *"_ivl_76", 31 0, L_0x55558a2eb350;  1 drivers
L_0x7f2f7e3b7c30 .functor BUFT 1, C4<00000000>, C4<0>, C4<0>, C4<0>;
v0x55558a2a77e0_0 .net *"_ivl_79", 7 0, L_0x7f2f7e3b7c30;  1 drivers
v0x55558a2a78c0_0 .net *"_ivl_80", 31 0, L_0x55558a2eb590;  1 drivers
v0x55558a2a79a0_0 .net *"_ivl_82", 23 0, L_0x55558a2eb170;  1 drivers
L_0x7f2f7e3b7c78 .functor BUFT 1, C4<00000000>, C4<0>, C4<0>, C4<0>;
v0x55558a2a7a80_0 .net *"_ivl_84", 7 0, L_0x7f2f7e3b7c78;  1 drivers
v0x55558a2a7b60_0 .net *"_ivl_86", 31 0, L_0x55558a2eb790;  1 drivers
v0x55558a2a7c40_0 .net *"_ivl_88", 31 0, L_0x55558a2eb940;  1 drivers
L_0x7f2f7e3b7cc0 .functor BUFT 1, C4<00000000>, C4<0>, C4<0>, C4<0>;
v0x55558a2a7d20_0 .net *"_ivl_91", 7 0, L_0x7f2f7e3b7cc0;  1 drivers
v0x55558a2a7e00_0 .net *"_ivl_92", 31 0, L_0x55558a2ebc40;  1 drivers
v0x55558a2a7ee0_0 .net *"_ivl_94", 23 0, L_0x55558a2ebb50;  1 drivers
L_0x7f2f7e3b7d08 .functor BUFT 1, C4<00000000>, C4<0>, C4<0>, C4<0>;
v0x55558a2a7fc0_0 .net *"_ivl_96", 7 0, L_0x7f2f7e3b7d08;  1 drivers
v0x55558a2a80a0_0 .net *"_ivl_98", 31 0, L_0x55558a2ebe60;  1 drivers
v0x55558a2a8180_0 .net "clock", 0 0, L_0x55558a2e9580;  1 drivers
v0x55558a2a8240_0 .net "iA", 15 0, L_0x55558a2e9710;  1 drivers
v0x55558a2a8320_0 .net "iB", 15 0, L_0x55558a2e97e0;  1 drivers
v0x55558a2a8400_0 .net "iC", 15 0, L_0x55558a2e9670;  1 drivers
v0x55558a2a84e0_0 .net "iD", 15 0, L_0x55558a2e98e0;  1 drivers
v0x55558a2a85c0_0 .net "iF", 15 0, L_0x55558a2ea750;  1 drivers
v0x55558a2a86a0_0 .net "iG", 15 0, L_0x55558a2eae30;  1 drivers
v0x55558a2a8780_0 .net "iH", 31 0, L_0x55558a2eb830;  1 drivers
v0x55558a2a8860_0 .net "iJ", 15 0, L_0x55558a2eac60;  1 drivers
v0x55558a2a8940_0 .net "iJ_e", 23 0, L_0x55558a2eb030;  1 drivers
v0x55558a2a8a20_0 .net "iK", 15 0, L_0x55558a2ead20;  1 drivers
v0x55558a2a8b00_0 .net "iK_e", 23 0, L_0x55558a2eaef0;  1 drivers
v0x55558a2a8be0_0 .net "iL", 31 0, L_0x55558a2ec500;  1 drivers
v0x55558a2a8cc0_0 .net "iP", 15 0, L_0x55558a2ed820;  1 drivers
v0x55558a2a8da0_0 .net "iQ", 15 0, v0x55558a2aa730_0;  1 drivers
v0x55558a2a8e80_0 .net "iR", 15 0, L_0x55558a2ef120;  1 drivers
v0x55558a2a8f60_0 .net "iS", 15 0, v0x55558a2aa810_0;  1 drivers
v0x55558a2a9040_0 .net "iW", 15 0, L_0x55558a2ec690;  1 drivers
v0x55558a2a9120_0 .net "iX", 15 0, L_0x55558a2ec700;  1 drivers
v0x55558a2a9200_0 .net "iY", 15 0, L_0x55558a2edd70;  1 drivers
v0x55558a2a92e0_0 .net "iZ", 15 0, L_0x55558a2ede80;  1 drivers
v0x55558a2a93c0_0 .net "p_Ah_Bh", 15 0, L_0x55558a2ea2e0;  1 drivers
v0x55558a2a94a0_0 .net "p_Ah_Bl", 15 0, L_0x55558a2ea9f0;  1 drivers
v0x55558a2a9580_0 .net "p_Al_Bh", 15 0, L_0x55558a2ea660;  1 drivers
v0x55558a2a9660_0 .net "p_Al_Bl", 15 0, L_0x55558a2eaae0;  1 drivers
v0x55558a2a9740_0 .var "rA", 15 0;
v0x55558a2a9820_0 .var "rB", 15 0;
v0x55558a2a9900_0 .var "rC", 15 0;
v0x55558a2a99e0_0 .var "rD", 15 0;
v0x55558a2aa2d0_0 .var "rF", 15 0;
v0x55558a2aa3b0_0 .var "rG", 15 0;
v0x55558a2aa490_0 .var "rH", 31 0;
v0x55558a2aa570_0 .var "rJ", 15 0;
v0x55558a2aa650_0 .var "rK", 15 0;
v0x55558a2aa730_0 .var "rQ", 15 0;
v0x55558a2aa810_0 .var "rS", 15 0;
E_0x55558a2a27c0 .event posedge, v0x55558a2a42b0_0, v0x55558a2a8180_0;
E_0x55558a2a2840 .event posedge, v0x55558a2a4370_0, v0x55558a2a8180_0;
E_0x55558a2a28a0 .event posedge, v0x55558a2a3bd0_0, v0x55558a2a8180_0;
E_0x55558a2a2900 .event posedge, v0x55558a2a3c90_0, v0x55558a2a8180_0;
L_0x55558a2e99e0 .part L_0x55558a2e9710, 8, 8;
L_0x55558a2e9b00 .concat [ 8 8 0 0], L_0x55558a2e99e0, L_0x7f2f7e3b79a8;
L_0x55558a2e9c40 .part L_0x55558a2e9710, 0, 8;
L_0x55558a2e9ce0 .concat [ 8 8 0 0], L_0x55558a2e9c40, L_0x7f2f7e3b79f0;
L_0x55558a2e9e80 .part L_0x55558a2e97e0, 8, 8;
L_0x55558a2e9f70 .concat [ 8 8 0 0], L_0x55558a2e9e80, L_0x7f2f7e3b7a38;
L_0x55558a2ea0b0 .part L_0x55558a2e97e0, 0, 8;
L_0x55558a2ea150 .concat [ 8 8 0 0], L_0x55558a2ea0b0, L_0x7f2f7e3b7a80;
L_0x55558a2ea2e0 .arith/mult 16, L_0x55558a2e9b00, L_0x55558a2e9f70;
L_0x55558a2ea420 .part L_0x55558a2e9ce0, 0, 8;
L_0x55558a2ea570 .concat [ 8 8 0 0], L_0x55558a2ea420, L_0x7f2f7e3b7ac8;
L_0x55558a2ea660 .arith/mult 16, L_0x55558a2ea570, L_0x55558a2e9f70;
L_0x55558a2ea7c0 .part L_0x55558a2ea150, 0, 8;
L_0x55558a2ea8b0 .concat [ 8 8 0 0], L_0x55558a2ea7c0, L_0x7f2f7e3b7b10;
L_0x55558a2ea9f0 .arith/mult 16, L_0x55558a2e9b00, L_0x55558a2ea8b0;
L_0x55558a2eaae0 .arith/mult 16, L_0x55558a2e9ce0, L_0x55558a2ea150;
L_0x55558a2eaef0 .concat [ 16 8 0 0], L_0x55558a2ead20, L_0x7f2f7e3b7b58;
L_0x55558a2eb030 .concat [ 16 8 0 0], L_0x55558a2eac60, L_0x7f2f7e3b7ba0;
L_0x55558a2eb210 .concat [ 16 16 0 0], L_0x55558a2eae30, L_0x7f2f7e3b7be8;
L_0x55558a2eb350 .concat [ 24 8 0 0], L_0x55558a2eaef0, L_0x7f2f7e3b7c30;
L_0x55558a2eb170 .part L_0x55558a2eb350, 0, 24;
L_0x55558a2eb590 .concat [ 8 24 0 0], L_0x7f2f7e3b7c78, L_0x55558a2eb170;
L_0x55558a2eb790 .arith/sum 32, L_0x55558a2eb210, L_0x55558a2eb590;
L_0x55558a2eb940 .concat [ 24 8 0 0], L_0x55558a2eb030, L_0x7f2f7e3b7cc0;
L_0x55558a2ebb50 .part L_0x55558a2eb940, 0, 24;
L_0x55558a2ebc40 .concat [ 8 24 0 0], L_0x7f2f7e3b7d08, L_0x55558a2ebb50;
L_0x55558a2ebe60 .arith/sum 32, L_0x55558a2eb790, L_0x55558a2ebc40;
L_0x55558a2ebfa0 .concat [ 16 16 0 0], L_0x55558a2ea750, L_0x7f2f7e3b7d50;
L_0x55558a2ec1d0 .part L_0x55558a2ebfa0, 0, 16;
L_0x55558a2ec2c0 .concat [ 16 16 0 0], L_0x7f2f7e3b7d98, L_0x55558a2ec1d0;
L_0x55558a2ec500 .arith/sum 32, L_0x55558a2ebe60, L_0x55558a2ec2c0;
L_0x55558a2ec7e0 .part L_0x55558a2ece50, 16, 1;
L_0x55558a2ec990 .part L_0x55558a2ece50, 0, 16;
L_0x55558a2eca30 .concat [ 16 1 0 0], L_0x55558a2ec700, L_0x7f2f7e3b7de0;
L_0x55558a2ecc40 .concat [ 16 1 0 0], L_0x55558a2ec690, L_0x7f2f7e3b7e28;
L_0x55558a2ecd80 .repeat 16, 16, o0x7f2f7e768418;
L_0x55558a2ecf80 .concat [ 16 1 0 0], L_0x55558a2ecd80, L_0x7f2f7e3b7e70;
L_0x55558a2ed200 .arith/sum 17, L_0x55558a2eca30, L_0x55558a2ed0f0;
L_0x55558a2ece50 .arith/sum 17, L_0x55558a2ed200, L_0x7f2f7e3b8188;
L_0x55558a2ed590 .repeat 16, 16, o0x7f2f7e768418;
L_0x55558a2ed820 .functor MUXZ 16, L_0x55558a2ec770, L_0x55558a2e9670, o0x7f2f7e7688c8, C4<>;
L_0x55558a2edb70 .part L_0x55558a2ec700, 15, 1;
L_0x55558a2edef0 .part L_0x55558a2eed00, 16, 1;
L_0x55558a2edff0 .part L_0x55558a2eed00, 0, 16;
L_0x55558a2ee230 .concat [ 16 1 0 0], L_0x55558a2ede80, L_0x7f2f7e3b7f00;
L_0x55558a2ee3a0 .concat [ 16 1 0 0], L_0x55558a2edd70, L_0x7f2f7e3b7f48;
L_0x55558a2ee660 .repeat 16, 16, o0x7f2f7e7683e8;
L_0x55558a2ee730 .concat [ 16 1 0 0], L_0x55558a2ee660, L_0x7f2f7e3b7f90;
L_0x55558a2edde0 .arith/sum 17, L_0x55558a2ee230, L_0x55558a2eea30;
L_0x55558a2eed00 .arith/sum 17, L_0x55558a2edde0, L_0x7f2f7e3b81d0;
L_0x55558a2eef90 .repeat 16, 16, o0x7f2f7e7683e8;
L_0x55558a2ef120 .functor MUXZ 16, L_0x55558a2eebf0, L_0x55558a2e98e0, o0x7f2f7e768898, C4<>;
L_0x55558a2ef650 .concat [ 16 16 0 0], L_0x55558a2ef590, L_0x55558a2edab0;
S_0x55558a1cb230 .scope module, "SB_PLL40_2F_CORE" "SB_PLL40_2F_CORE" 19 2521;
 .timescale -12 -12;
    .port_info 0 /INPUT 1 "REFERENCECLK";
    .port_info 1 /OUTPUT 1 "PLLOUTCOREA";
    .port_info 2 /OUTPUT 1 "PLLOUTGLOBALA";
    .port_info 3 /OUTPUT 1 "PLLOUTCOREB";
    .port_info 4 /OUTPUT 1 "PLLOUTGLOBALB";
    .port_info 5 /INPUT 1 "EXTFEEDBACK";
    .port_info 6 /INPUT 8 "DYNAMICDELAY";
    .port_info 7 /OUTPUT 1 "LOCK";
    .port_info 8 /INPUT 1 "BYPASS";
    .port_info 9 /INPUT 1 "RESETB";
    .port_info 10 /INPUT 1 "LATCHINPUTVALUE";
    .port_info 11 /OUTPUT 1 "SDO";
    .port_info 12 /INPUT 1 "SDI";
    .port_info 13 /INPUT 1 "SCLK";
P_0x55558a0d8b60 .param/str "DELAY_ADJUSTMENT_MODE_FEEDBACK" 0 19 2538, "FIXED";
P_0x55558a0d8ba0 .param/str "DELAY_ADJUSTMENT_MODE_RELATIVE" 0 19 2539, "FIXED";
P_0x55558a0d8be0 .param/l "DIVF" 0 19 2546, C4<0000000>;
P_0x55558a0d8c20 .param/l "DIVQ" 0 19 2547, C4<000>;
P_0x55558a0d8c60 .param/l "DIVR" 0 19 2545, C4<0000>;
P_0x55558a0d8ca0 .param/l "ENABLE_ICEGATE_PORTA" 0 19 2549, C4<0>;
P_0x55558a0d8ce0 .param/l "ENABLE_ICEGATE_PORTB" 0 19 2550, C4<0>;
P_0x55558a0d8d20 .param/l "EXTERNAL_DIVIDE_FACTOR" 0 19 2552, +C4<00000000000000000000000000000001>;
P_0x55558a0d8d60 .param/l "FDA_FEEDBACK" 0 19 2541, C4<0000>;
P_0x55558a0d8da0 .param/l "FDA_RELATIVE" 0 19 2542, C4<0000>;
P_0x55558a0d8de0 .param/str "FEEDBACK_PATH" 0 19 2537, "SIMPLE";
P_0x55558a0d8e20 .param/l "FILTER_RANGE" 0 19 2548, C4<000>;
P_0x55558a0d8e60 .param/str "PLLOUT_SELECT_PORTA" 0 19 2543, "GENCLK";
P_0x55558a0d8ea0 .param/str "PLLOUT_SELECT_PORTB" 0 19 2544, "GENCLK";
P_0x55558a0d8ee0 .param/l "SHIFTREG_DIV_MODE" 0 19 2540, C4<0>;
P_0x55558a0d8f20 .param/l "TEST_MODE" 0 19 2551, C4<0>;
o0x7f2f7e76a1e8 .functor BUFZ 1, c4<z>; HiZ drive
v0x55558a2aad30_0 .net "BYPASS", 0 0, o0x7f2f7e76a1e8;  0 drivers
o0x7f2f7e76a218 .functor BUFZ 8, c4<zzzzzzzz>; HiZ drive
v0x55558a2aae10_0 .net "DYNAMICDELAY", 7 0, o0x7f2f7e76a218;  0 drivers
o0x7f2f7e76a248 .functor BUFZ 1, c4<z>; HiZ drive
v0x55558a2aaef0_0 .net "EXTFEEDBACK", 0 0, o0x7f2f7e76a248;  0 drivers
o0x7f2f7e76a278 .functor BUFZ 1, c4<z>; HiZ drive
v0x55558a2aaf90_0 .net "LATCHINPUTVALUE", 0 0, o0x7f2f7e76a278;  0 drivers
o0x7f2f7e76a2a8 .functor BUFZ 1, c4<z>; HiZ drive
v0x55558a2ab050_0 .net "LOCK", 0 0, o0x7f2f7e76a2a8;  0 drivers
o0x7f2f7e76a2d8 .functor BUFZ 1, c4<z>; HiZ drive
v0x55558a2ab110_0 .net "PLLOUTCOREA", 0 0, o0x7f2f7e76a2d8;  0 drivers
o0x7f2f7e76a308 .functor BUFZ 1, c4<z>; HiZ drive
v0x55558a2ab1d0_0 .net "PLLOUTCOREB", 0 0, o0x7f2f7e76a308;  0 drivers
o0x7f2f7e76a338 .functor BUFZ 1, c4<z>; HiZ drive
v0x55558a2ab290_0 .net "PLLOUTGLOBALA", 0 0, o0x7f2f7e76a338;  0 drivers
o0x7f2f7e76a368 .functor BUFZ 1, c4<z>; HiZ drive
v0x55558a2ab350_0 .net "PLLOUTGLOBALB", 0 0, o0x7f2f7e76a368;  0 drivers
o0x7f2f7e76a398 .functor BUFZ 1, c4<z>; HiZ drive
v0x55558a2ab410_0 .net "REFERENCECLK", 0 0, o0x7f2f7e76a398;  0 drivers
o0x7f2f7e76a3c8 .functor BUFZ 1, c4<z>; HiZ drive
v0x55558a2ab4d0_0 .net "RESETB", 0 0, o0x7f2f7e76a3c8;  0 drivers
o0x7f2f7e76a3f8 .functor BUFZ 1, c4<z>; HiZ drive
v0x55558a2ab590_0 .net "SCLK", 0 0, o0x7f2f7e76a3f8;  0 drivers
o0x7f2f7e76a428 .functor BUFZ 1, c4<z>; HiZ drive
v0x55558a2ab650_0 .net "SDI", 0 0, o0x7f2f7e76a428;  0 drivers
o0x7f2f7e76a458 .functor BUFZ 1, c4<z>; HiZ drive
v0x55558a2ab710_0 .net "SDO", 0 0, o0x7f2f7e76a458;  0 drivers
S_0x55558a1caa50 .scope module, "SB_PLL40_2F_PAD" "SB_PLL40_2F_PAD" 19 2556;
 .timescale -12 -12;
    .port_info 0 /INPUT 1 "PACKAGEPIN";
    .port_info 1 /OUTPUT 1 "PLLOUTCOREA";
    .port_info 2 /OUTPUT 1 "PLLOUTGLOBALA";
    .port_info 3 /OUTPUT 1 "PLLOUTCOREB";
    .port_info 4 /OUTPUT 1 "PLLOUTGLOBALB";
    .port_info 5 /INPUT 1 "EXTFEEDBACK";
    .port_info 6 /INPUT 8 "DYNAMICDELAY";
    .port_info 7 /OUTPUT 1 "LOCK";
    .port_info 8 /INPUT 1 "BYPASS";
    .port_info 9 /INPUT 1 "RESETB";
    .port_info 10 /INPUT 1 "LATCHINPUTVALUE";
    .port_info 11 /OUTPUT 1 "SDO";
    .port_info 12 /INPUT 1 "SDI";
    .port_info 13 /INPUT 1 "SCLK";
P_0x55558a0e8430 .param/str "DELAY_ADJUSTMENT_MODE_FEEDBACK" 0 19 2573, "FIXED";
P_0x55558a0e8470 .param/str "DELAY_ADJUSTMENT_MODE_RELATIVE" 0 19 2574, "FIXED";
P_0x55558a0e84b0 .param/l "DIVF" 0 19 2581, C4<0000000>;
P_0x55558a0e84f0 .param/l "DIVQ" 0 19 2582, C4<000>;
P_0x55558a0e8530 .param/l "DIVR" 0 19 2580, C4<0000>;
P_0x55558a0e8570 .param/l "ENABLE_ICEGATE_PORTA" 0 19 2584, C4<0>;
P_0x55558a0e85b0 .param/l "ENABLE_ICEGATE_PORTB" 0 19 2585, C4<0>;
P_0x55558a0e85f0 .param/l "EXTERNAL_DIVIDE_FACTOR" 0 19 2587, +C4<00000000000000000000000000000001>;
P_0x55558a0e8630 .param/l "FDA_FEEDBACK" 0 19 2576, C4<0000>;
P_0x55558a0e8670 .param/l "FDA_RELATIVE" 0 19 2577, C4<0000>;
P_0x55558a0e86b0 .param/str "FEEDBACK_PATH" 0 19 2572, "SIMPLE";
P_0x55558a0e86f0 .param/l "FILTER_RANGE" 0 19 2583, C4<000>;
P_0x55558a0e8730 .param/str "PLLOUT_SELECT_PORTA" 0 19 2578, "GENCLK";
P_0x55558a0e8770 .param/str "PLLOUT_SELECT_PORTB" 0 19 2579, "GENCLK";
P_0x55558a0e87b0 .param/l "SHIFTREG_DIV_MODE" 0 19 2575, C4<00>;
P_0x55558a0e87f0 .param/l "TEST_MODE" 0 19 2586, C4<0>;
o0x7f2f7e76a728 .functor BUFZ 1, c4<z>; HiZ drive
v0x55558a2ab990_0 .net "BYPASS", 0 0, o0x7f2f7e76a728;  0 drivers
o0x7f2f7e76a758 .functor BUFZ 8, c4<zzzzzzzz>; HiZ drive
v0x55558a2aba70_0 .net "DYNAMICDELAY", 7 0, o0x7f2f7e76a758;  0 drivers
o0x7f2f7e76a788 .functor BUFZ 1, c4<z>; HiZ drive
v0x55558a2abb50_0 .net "EXTFEEDBACK", 0 0, o0x7f2f7e76a788;  0 drivers
o0x7f2f7e76a7b8 .functor BUFZ 1, c4<z>; HiZ drive
v0x55558a2abbf0_0 .net "LATCHINPUTVALUE", 0 0, o0x7f2f7e76a7b8;  0 drivers
o0x7f2f7e76a7e8 .functor BUFZ 1, c4<z>; HiZ drive
v0x55558a2abcb0_0 .net "LOCK", 0 0, o0x7f2f7e76a7e8;  0 drivers
o0x7f2f7e76a818 .functor BUFZ 1, c4<z>; HiZ drive
v0x55558a2abd70_0 .net "PACKAGEPIN", 0 0, o0x7f2f7e76a818;  0 drivers
o0x7f2f7e76a848 .functor BUFZ 1, c4<z>; HiZ drive
v0x55558a2abe30_0 .net "PLLOUTCOREA", 0 0, o0x7f2f7e76a848;  0 drivers
o0x7f2f7e76a878 .functor BUFZ 1, c4<z>; HiZ drive
v0x55558a2abef0_0 .net "PLLOUTCOREB", 0 0, o0x7f2f7e76a878;  0 drivers
o0x7f2f7e76a8a8 .functor BUFZ 1, c4<z>; HiZ drive
v0x55558a2abfb0_0 .net "PLLOUTGLOBALA", 0 0, o0x7f2f7e76a8a8;  0 drivers
o0x7f2f7e76a8d8 .functor BUFZ 1, c4<z>; HiZ drive
v0x55558a2ac100_0 .net "PLLOUTGLOBALB", 0 0, o0x7f2f7e76a8d8;  0 drivers
o0x7f2f7e76a908 .functor BUFZ 1, c4<z>; HiZ drive
v0x55558a2ac1c0_0 .net "RESETB", 0 0, o0x7f2f7e76a908;  0 drivers
o0x7f2f7e76a938 .functor BUFZ 1, c4<z>; HiZ drive
v0x55558a2ac280_0 .net "SCLK", 0 0, o0x7f2f7e76a938;  0 drivers
o0x7f2f7e76a968 .functor BUFZ 1, c4<z>; HiZ drive
v0x55558a2ac340_0 .net "SDI", 0 0, o0x7f2f7e76a968;  0 drivers
o0x7f2f7e76a998 .functor BUFZ 1, c4<z>; HiZ drive
v0x55558a2ac400_0 .net "SDO", 0 0, o0x7f2f7e76a998;  0 drivers
S_0x55558a1c9d30 .scope module, "SB_PLL40_2_PAD" "SB_PLL40_2_PAD" 19 2487;
 .timescale -12 -12;
    .port_info 0 /INPUT 1 "PACKAGEPIN";
    .port_info 1 /OUTPUT 1 "PLLOUTCOREA";
    .port_info 2 /OUTPUT 1 "PLLOUTGLOBALA";
    .port_info 3 /OUTPUT 1 "PLLOUTCOREB";
    .port_info 4 /OUTPUT 1 "PLLOUTGLOBALB";
    .port_info 5 /INPUT 1 "EXTFEEDBACK";
    .port_info 6 /INPUT 8 "DYNAMICDELAY";
    .port_info 7 /OUTPUT 1 "LOCK";
    .port_info 8 /INPUT 1 "BYPASS";
    .port_info 9 /INPUT 1 "RESETB";
    .port_info 10 /INPUT 1 "LATCHINPUTVALUE";
    .port_info 11 /OUTPUT 1 "SDO";
    .port_info 12 /INPUT 1 "SDI";
    .port_info 13 /INPUT 1 "SCLK";
P_0x55558a1be9c0 .param/str "DELAY_ADJUSTMENT_MODE_FEEDBACK" 0 19 2504, "FIXED";
P_0x55558a1bea00 .param/str "DELAY_ADJUSTMENT_MODE_RELATIVE" 0 19 2505, "FIXED";
P_0x55558a1bea40 .param/l "DIVF" 0 19 2511, C4<0000000>;
P_0x55558a1bea80 .param/l "DIVQ" 0 19 2512, C4<000>;
P_0x55558a1beac0 .param/l "DIVR" 0 19 2510, C4<0000>;
P_0x55558a1beb00 .param/l "ENABLE_ICEGATE_PORTA" 0 19 2514, C4<0>;
P_0x55558a1beb40 .param/l "ENABLE_ICEGATE_PORTB" 0 19 2515, C4<0>;
P_0x55558a1beb80 .param/l "EXTERNAL_DIVIDE_FACTOR" 0 19 2517, +C4<00000000000000000000000000000001>;
P_0x55558a1bebc0 .param/l "FDA_FEEDBACK" 0 19 2507, C4<0000>;
P_0x55558a1bec00 .param/l "FDA_RELATIVE" 0 19 2508, C4<0000>;
P_0x55558a1bec40 .param/str "FEEDBACK_PATH" 0 19 2503, "SIMPLE";
P_0x55558a1bec80 .param/l "FILTER_RANGE" 0 19 2513, C4<000>;
P_0x55558a1becc0 .param/str "PLLOUT_SELECT_PORTB" 0 19 2509, "GENCLK";
P_0x55558a1bed00 .param/l "SHIFTREG_DIV_MODE" 0 19 2506, C4<0>;
P_0x55558a1bed40 .param/l "TEST_MODE" 0 19 2516, C4<0>;
o0x7f2f7e76ac68 .functor BUFZ 1, c4<z>; HiZ drive
v0x55558a2ac680_0 .net "BYPASS", 0 0, o0x7f2f7e76ac68;  0 drivers
o0x7f2f7e76ac98 .functor BUFZ 8, c4<zzzzzzzz>; HiZ drive
v0x55558a2ac760_0 .net "DYNAMICDELAY", 7 0, o0x7f2f7e76ac98;  0 drivers
o0x7f2f7e76acc8 .functor BUFZ 1, c4<z>; HiZ drive
v0x55558a2ac840_0 .net "EXTFEEDBACK", 0 0, o0x7f2f7e76acc8;  0 drivers
o0x7f2f7e76acf8 .functor BUFZ 1, c4<z>; HiZ drive
v0x55558a2ac8e0_0 .net "LATCHINPUTVALUE", 0 0, o0x7f2f7e76acf8;  0 drivers
o0x7f2f7e76ad28 .functor BUFZ 1, c4<z>; HiZ drive
v0x55558a2ac9a0_0 .net "LOCK", 0 0, o0x7f2f7e76ad28;  0 drivers
o0x7f2f7e76ad58 .functor BUFZ 1, c4<z>; HiZ drive
v0x55558a2aca60_0 .net "PACKAGEPIN", 0 0, o0x7f2f7e76ad58;  0 drivers
o0x7f2f7e76ad88 .functor BUFZ 1, c4<z>; HiZ drive
v0x55558a2acb20_0 .net "PLLOUTCOREA", 0 0, o0x7f2f7e76ad88;  0 drivers
o0x7f2f7e76adb8 .functor BUFZ 1, c4<z>; HiZ drive
v0x55558a2acbe0_0 .net "PLLOUTCOREB", 0 0, o0x7f2f7e76adb8;  0 drivers
o0x7f2f7e76ade8 .functor BUFZ 1, c4<z>; HiZ drive
v0x55558a2acca0_0 .net "PLLOUTGLOBALA", 0 0, o0x7f2f7e76ade8;  0 drivers
o0x7f2f7e76ae18 .functor BUFZ 1, c4<z>; HiZ drive
v0x55558a2acdf0_0 .net "PLLOUTGLOBALB", 0 0, o0x7f2f7e76ae18;  0 drivers
o0x7f2f7e76ae48 .functor BUFZ 1, c4<z>; HiZ drive
v0x55558a2aceb0_0 .net "RESETB", 0 0, o0x7f2f7e76ae48;  0 drivers
o0x7f2f7e76ae78 .functor BUFZ 1, c4<z>; HiZ drive
v0x55558a2acf70_0 .net "SCLK", 0 0, o0x7f2f7e76ae78;  0 drivers
o0x7f2f7e76aea8 .functor BUFZ 1, c4<z>; HiZ drive
v0x55558a2ad030_0 .net "SDI", 0 0, o0x7f2f7e76aea8;  0 drivers
o0x7f2f7e76aed8 .functor BUFZ 1, c4<z>; HiZ drive
v0x55558a2ad0f0_0 .net "SDO", 0 0, o0x7f2f7e76aed8;  0 drivers
S_0x55558a1c9550 .scope module, "SB_PLL40_CORE" "SB_PLL40_CORE" 19 2425;
 .timescale -12 -12;
    .port_info 0 /INPUT 1 "REFERENCECLK";
    .port_info 1 /OUTPUT 1 "PLLOUTCORE";
    .port_info 2 /OUTPUT 1 "PLLOUTGLOBAL";
    .port_info 3 /INPUT 1 "EXTFEEDBACK";
    .port_info 4 /INPUT 8 "DYNAMICDELAY";
    .port_info 5 /OUTPUT 1 "LOCK";
    .port_info 6 /INPUT 1 "BYPASS";
    .port_info 7 /INPUT 1 "RESETB";
    .port_info 8 /INPUT 1 "LATCHINPUTVALUE";
    .port_info 9 /OUTPUT 1 "SDO";
    .port_info 10 /INPUT 1 "SDI";
    .port_info 11 /INPUT 1 "SCLK";
P_0x55558a0ea9b0 .param/str "DELAY_ADJUSTMENT_MODE_FEEDBACK" 0 19 2440, "FIXED";
P_0x55558a0ea9f0 .param/str "DELAY_ADJUSTMENT_MODE_RELATIVE" 0 19 2441, "FIXED";
P_0x55558a0eaa30 .param/l "DIVF" 0 19 2447, C4<0000000>;
P_0x55558a0eaa70 .param/l "DIVQ" 0 19 2448, C4<000>;
P_0x55558a0eaab0 .param/l "DIVR" 0 19 2446, C4<0000>;
P_0x55558a0eaaf0 .param/l "ENABLE_ICEGATE" 0 19 2450, C4<0>;
P_0x55558a0eab30 .param/l "EXTERNAL_DIVIDE_FACTOR" 0 19 2452, +C4<00000000000000000000000000000001>;
P_0x55558a0eab70 .param/l "FDA_FEEDBACK" 0 19 2443, C4<0000>;
P_0x55558a0eabb0 .param/l "FDA_RELATIVE" 0 19 2444, C4<0000>;
P_0x55558a0eabf0 .param/str "FEEDBACK_PATH" 0 19 2439, "SIMPLE";
P_0x55558a0eac30 .param/l "FILTER_RANGE" 0 19 2449, C4<000>;
P_0x55558a0eac70 .param/str "PLLOUT_SELECT" 0 19 2445, "GENCLK";
P_0x55558a0eacb0 .param/l "SHIFTREG_DIV_MODE" 0 19 2442, C4<0>;
P_0x55558a0eacf0 .param/l "TEST_MODE" 0 19 2451, C4<0>;
o0x7f2f7e76b1a8 .functor BUFZ 1, c4<z>; HiZ drive
v0x55558a2ad370_0 .net "BYPASS", 0 0, o0x7f2f7e76b1a8;  0 drivers
o0x7f2f7e76b1d8 .functor BUFZ 8, c4<zzzzzzzz>; HiZ drive
v0x55558a2ad450_0 .net "DYNAMICDELAY", 7 0, o0x7f2f7e76b1d8;  0 drivers
o0x7f2f7e76b208 .functor BUFZ 1, c4<z>; HiZ drive
v0x55558a2ad530_0 .net "EXTFEEDBACK", 0 0, o0x7f2f7e76b208;  0 drivers
o0x7f2f7e76b238 .functor BUFZ 1, c4<z>; HiZ drive
v0x55558a2ad5d0_0 .net "LATCHINPUTVALUE", 0 0, o0x7f2f7e76b238;  0 drivers
o0x7f2f7e76b268 .functor BUFZ 1, c4<z>; HiZ drive
v0x55558a2ad690_0 .net "LOCK", 0 0, o0x7f2f7e76b268;  0 drivers
o0x7f2f7e76b298 .functor BUFZ 1, c4<z>; HiZ drive
v0x55558a2ad750_0 .net "PLLOUTCORE", 0 0, o0x7f2f7e76b298;  0 drivers
o0x7f2f7e76b2c8 .functor BUFZ 1, c4<z>; HiZ drive
v0x55558a2ad810_0 .net "PLLOUTGLOBAL", 0 0, o0x7f2f7e76b2c8;  0 drivers
o0x7f2f7e76b2f8 .functor BUFZ 1, c4<z>; HiZ drive
v0x55558a2ad8d0_0 .net "REFERENCECLK", 0 0, o0x7f2f7e76b2f8;  0 drivers
o0x7f2f7e76b328 .functor BUFZ 1, c4<z>; HiZ drive
v0x55558a2ad990_0 .net "RESETB", 0 0, o0x7f2f7e76b328;  0 drivers
o0x7f2f7e76b358 .functor BUFZ 1, c4<z>; HiZ drive
v0x55558a2adae0_0 .net "SCLK", 0 0, o0x7f2f7e76b358;  0 drivers
o0x7f2f7e76b388 .functor BUFZ 1, c4<z>; HiZ drive
v0x55558a2adba0_0 .net "SDI", 0 0, o0x7f2f7e76b388;  0 drivers
o0x7f2f7e76b3b8 .functor BUFZ 1, c4<z>; HiZ drive
v0x55558a2adc60_0 .net "SDO", 0 0, o0x7f2f7e76b3b8;  0 drivers
S_0x55558a1c8050 .scope module, "SB_PLL40_PAD" "SB_PLL40_PAD" 19 2456;
 .timescale -12 -12;
    .port_info 0 /INPUT 1 "PACKAGEPIN";
    .port_info 1 /OUTPUT 1 "PLLOUTCORE";
    .port_info 2 /OUTPUT 1 "PLLOUTGLOBAL";
    .port_info 3 /INPUT 1 "EXTFEEDBACK";
    .port_info 4 /INPUT 8 "DYNAMICDELAY";
    .port_info 5 /OUTPUT 1 "LOCK";
    .port_info 6 /INPUT 1 "BYPASS";
    .port_info 7 /INPUT 1 "RESETB";
    .port_info 8 /INPUT 1 "LATCHINPUTVALUE";
    .port_info 9 /OUTPUT 1 "SDO";
    .port_info 10 /INPUT 1 "SDI";
    .port_info 11 /INPUT 1 "SCLK";
P_0x55558a0ac900 .param/str "DELAY_ADJUSTMENT_MODE_FEEDBACK" 0 19 2471, "FIXED";
P_0x55558a0ac940 .param/str "DELAY_ADJUSTMENT_MODE_RELATIVE" 0 19 2472, "FIXED";
P_0x55558a0ac980 .param/l "DIVF" 0 19 2478, C4<0000000>;
P_0x55558a0ac9c0 .param/l "DIVQ" 0 19 2479, C4<000>;
P_0x55558a0aca00 .param/l "DIVR" 0 19 2477, C4<0000>;
P_0x55558a0aca40 .param/l "ENABLE_ICEGATE" 0 19 2481, C4<0>;
P_0x55558a0aca80 .param/l "EXTERNAL_DIVIDE_FACTOR" 0 19 2483, +C4<00000000000000000000000000000001>;
P_0x55558a0acac0 .param/l "FDA_FEEDBACK" 0 19 2474, C4<0000>;
P_0x55558a0acb00 .param/l "FDA_RELATIVE" 0 19 2475, C4<0000>;
P_0x55558a0acb40 .param/str "FEEDBACK_PATH" 0 19 2470, "SIMPLE";
P_0x55558a0acb80 .param/l "FILTER_RANGE" 0 19 2480, C4<000>;
P_0x55558a0acbc0 .param/str "PLLOUT_SELECT" 0 19 2476, "GENCLK";
P_0x55558a0acc00 .param/l "SHIFTREG_DIV_MODE" 0 19 2473, C4<0>;
P_0x55558a0acc40 .param/l "TEST_MODE" 0 19 2482, C4<0>;
o0x7f2f7e76b628 .functor BUFZ 1, c4<z>; HiZ drive
v0x55558a2adea0_0 .net "BYPASS", 0 0, o0x7f2f7e76b628;  0 drivers
o0x7f2f7e76b658 .functor BUFZ 8, c4<zzzzzzzz>; HiZ drive
v0x55558a2adf80_0 .net "DYNAMICDELAY", 7 0, o0x7f2f7e76b658;  0 drivers
o0x7f2f7e76b688 .functor BUFZ 1, c4<z>; HiZ drive
v0x55558a2ae060_0 .net "EXTFEEDBACK", 0 0, o0x7f2f7e76b688;  0 drivers
o0x7f2f7e76b6b8 .functor BUFZ 1, c4<z>; HiZ drive
v0x55558a2ae100_0 .net "LATCHINPUTVALUE", 0 0, o0x7f2f7e76b6b8;  0 drivers
o0x7f2f7e76b6e8 .functor BUFZ 1, c4<z>; HiZ drive
v0x55558a2ae1c0_0 .net "LOCK", 0 0, o0x7f2f7e76b6e8;  0 drivers
o0x7f2f7e76b718 .functor BUFZ 1, c4<z>; HiZ drive
v0x55558a2ae280_0 .net "PACKAGEPIN", 0 0, o0x7f2f7e76b718;  0 drivers
o0x7f2f7e76b748 .functor BUFZ 1, c4<z>; HiZ drive
v0x55558a2ae340_0 .net "PLLOUTCORE", 0 0, o0x7f2f7e76b748;  0 drivers
o0x7f2f7e76b778 .functor BUFZ 1, c4<z>; HiZ drive
v0x55558a2ae400_0 .net "PLLOUTGLOBAL", 0 0, o0x7f2f7e76b778;  0 drivers
o0x7f2f7e76b7a8 .functor BUFZ 1, c4<z>; HiZ drive
v0x55558a2ae4c0_0 .net "RESETB", 0 0, o0x7f2f7e76b7a8;  0 drivers
o0x7f2f7e76b7d8 .functor BUFZ 1, c4<z>; HiZ drive
v0x55558a2ae610_0 .net "SCLK", 0 0, o0x7f2f7e76b7d8;  0 drivers
o0x7f2f7e76b808 .functor BUFZ 1, c4<z>; HiZ drive
v0x55558a2ae6d0_0 .net "SDI", 0 0, o0x7f2f7e76b808;  0 drivers
o0x7f2f7e76b838 .functor BUFZ 1, c4<z>; HiZ drive
v0x55558a2ae790_0 .net "SDO", 0 0, o0x7f2f7e76b838;  0 drivers
S_0x55558a1c6c70 .scope module, "SB_RAM40_4KNR" "SB_RAM40_4KNR" 19 1726;
 .timescale -12 -12;
    .port_info 0 /OUTPUT 16 "RDATA";
    .port_info 1 /INPUT 1 "RCLKN";
    .port_info 2 /INPUT 1 "RCLKE";
    .port_info 3 /INPUT 1 "RE";
    .port_info 4 /INPUT 11 "RADDR";
    .port_info 5 /INPUT 1 "WCLK";
    .port_info 6 /INPUT 1 "WCLKE";
    .port_info 7 /INPUT 1 "WE";
    .port_info 8 /INPUT 11 "WADDR";
    .port_info 9 /INPUT 16 "MASK";
    .port_info 10 /INPUT 16 "WDATA";
P_0x55558a0af460 .param/l "INIT_0" 0 19 1742, C4<0000000000000000000000000000000000000000000000000000000000000000000000000000000000000000000000000000000000000000000000000000000000000000000000000000000000000000000000000000000000000000000000000000000000000000000000000000000000000000000000000000000000000000>;
P_0x55558a0af4a0 .param/l "INIT_1" 0 19 1743, C4<0000000000000000000000000000000000000000000000000000000000000000000000000000000000000000000000000000000000000000000000000000000000000000000000000000000000000000000000000000000000000000000000000000000000000000000000000000000000000000000000000000000000000000>;
P_0x55558a0af4e0 .param/l "INIT_2" 0 19 1744, C4<0000000000000000000000000000000000000000000000000000000000000000000000000000000000000000000000000000000000000000000000000000000000000000000000000000000000000000000000000000000000000000000000000000000000000000000000000000000000000000000000000000000000000000>;
P_0x55558a0af520 .param/l "INIT_3" 0 19 1745, C4<0000000000000000000000000000000000000000000000000000000000000000000000000000000000000000000000000000000000000000000000000000000000000000000000000000000000000000000000000000000000000000000000000000000000000000000000000000000000000000000000000000000000000000>;
P_0x55558a0af560 .param/l "INIT_4" 0 19 1746, C4<0000000000000000000000000000000000000000000000000000000000000000000000000000000000000000000000000000000000000000000000000000000000000000000000000000000000000000000000000000000000000000000000000000000000000000000000000000000000000000000000000000000000000000>;
P_0x55558a0af5a0 .param/l "INIT_5" 0 19 1747, C4<0000000000000000000000000000000000000000000000000000000000000000000000000000000000000000000000000000000000000000000000000000000000000000000000000000000000000000000000000000000000000000000000000000000000000000000000000000000000000000000000000000000000000000>;
P_0x55558a0af5e0 .param/l "INIT_6" 0 19 1748, C4<0000000000000000000000000000000000000000000000000000000000000000000000000000000000000000000000000000000000000000000000000000000000000000000000000000000000000000000000000000000000000000000000000000000000000000000000000000000000000000000000000000000000000000>;
P_0x55558a0af620 .param/l "INIT_7" 0 19 1749, C4<0000000000000000000000000000000000000000000000000000000000000000000000000000000000000000000000000000000000000000000000000000000000000000000000000000000000000000000000000000000000000000000000000000000000000000000000000000000000000000000000000000000000000000>;
P_0x55558a0af660 .param/l "INIT_8" 0 19 1750, C4<0000000000000000000000000000000000000000000000000000000000000000000000000000000000000000000000000000000000000000000000000000000000000000000000000000000000000000000000000000000000000000000000000000000000000000000000000000000000000000000000000000000000000000>;
P_0x55558a0af6a0 .param/l "INIT_9" 0 19 1751, C4<0000000000000000000000000000000000000000000000000000000000000000000000000000000000000000000000000000000000000000000000000000000000000000000000000000000000000000000000000000000000000000000000000000000000000000000000000000000000000000000000000000000000000000>;
P_0x55558a0af6e0 .param/l "INIT_A" 0 19 1752, C4<0000000000000000000000000000000000000000000000000000000000000000000000000000000000000000000000000000000000000000000000000000000000000000000000000000000000000000000000000000000000000000000000000000000000000000000000000000000000000000000000000000000000000000>;
P_0x55558a0af720 .param/l "INIT_B" 0 19 1753, C4<0000000000000000000000000000000000000000000000000000000000000000000000000000000000000000000000000000000000000000000000000000000000000000000000000000000000000000000000000000000000000000000000000000000000000000000000000000000000000000000000000000000000000000>;
P_0x55558a0af760 .param/l "INIT_C" 0 19 1754, C4<0000000000000000000000000000000000000000000000000000000000000000000000000000000000000000000000000000000000000000000000000000000000000000000000000000000000000000000000000000000000000000000000000000000000000000000000000000000000000000000000000000000000000000>;
P_0x55558a0af7a0 .param/l "INIT_D" 0 19 1755, C4<0000000000000000000000000000000000000000000000000000000000000000000000000000000000000000000000000000000000000000000000000000000000000000000000000000000000000000000000000000000000000000000000000000000000000000000000000000000000000000000000000000000000000000>;
P_0x55558a0af7e0 .param/l "INIT_E" 0 19 1756, C4<0000000000000000000000000000000000000000000000000000000000000000000000000000000000000000000000000000000000000000000000000000000000000000000000000000000000000000000000000000000000000000000000000000000000000000000000000000000000000000000000000000000000000000>;
P_0x55558a0af820 .param/l "INIT_F" 0 19 1757, C4<0000000000000000000000000000000000000000000000000000000000000000000000000000000000000000000000000000000000000000000000000000000000000000000000000000000000000000000000000000000000000000000000000000000000000000000000000000000000000000000000000000000000000000>;
P_0x55558a0af860 .param/str "INIT_FILE" 0 19 1759, "\000";
P_0x55558a0af8a0 .param/l "READ_MODE" 0 19 1740, +C4<00000000000000000000000000000000>;
P_0x55558a0af8e0 .param/l "WRITE_MODE" 0 19 1739, +C4<00000000000000000000000000000000>;
o0x7f2f7e76bfb8 .functor BUFZ 1, c4<z>; HiZ drive
L_0x55558a2ef9d0 .functor NOT 1, o0x7f2f7e76bfb8, C4<0>, C4<0>, C4<0>;
o0x7f2f7e76baa8 .functor BUFZ 16, c4<zzzzzzzzzzzzzzzz>; HiZ drive
v0x55558a2b20f0_0 .net "MASK", 15 0, o0x7f2f7e76baa8;  0 drivers
o0x7f2f7e76bad8 .functor BUFZ 11, c4<zzzzzzzzzzz>; HiZ drive
v0x55558a2b21d0_0 .net "RADDR", 10 0, o0x7f2f7e76bad8;  0 drivers
o0x7f2f7e76bb38 .functor BUFZ 1, c4<z>; HiZ drive
v0x55558a2b22a0_0 .net "RCLKE", 0 0, o0x7f2f7e76bb38;  0 drivers
v0x55558a2b23a0_0 .net "RCLKN", 0 0, o0x7f2f7e76bfb8;  0 drivers
v0x55558a2b2440_0 .net "RDATA", 15 0, L_0x55558a2ef910;  1 drivers
o0x7f2f7e76bbc8 .functor BUFZ 1, c4<z>; HiZ drive
v0x55558a2b24e0_0 .net "RE", 0 0, o0x7f2f7e76bbc8;  0 drivers
o0x7f2f7e76bc28 .functor BUFZ 11, c4<zzzzzzzzzzz>; HiZ drive
v0x55558a2b25b0_0 .net "WADDR", 10 0, o0x7f2f7e76bc28;  0 drivers
o0x7f2f7e76bc58 .functor BUFZ 1, c4<z>; HiZ drive
v0x55558a2b2680_0 .net "WCLK", 0 0, o0x7f2f7e76bc58;  0 drivers
o0x7f2f7e76bc88 .functor BUFZ 1, c4<z>; HiZ drive
v0x55558a2b2750_0 .net "WCLKE", 0 0, o0x7f2f7e76bc88;  0 drivers
o0x7f2f7e76bcb8 .functor BUFZ 16, c4<zzzzzzzzzzzzzzzz>; HiZ drive
v0x55558a2b2820_0 .net "WDATA", 15 0, o0x7f2f7e76bcb8;  0 drivers
o0x7f2f7e76bd18 .functor BUFZ 1, c4<z>; HiZ drive
v0x55558a2b28f0_0 .net "WE", 0 0, o0x7f2f7e76bd18;  0 drivers
S_0x55558a2ae9d0 .scope module, "RAM" "SB_RAM40_4K" 19 1781, 19 1487 0, S_0x55558a1c6c70;
 .timescale -12 -12;
    .port_info 0 /OUTPUT 16 "RDATA";
    .port_info 1 /INPUT 1 "RCLK";
    .port_info 2 /INPUT 1 "RCLKE";
    .port_info 3 /INPUT 1 "RE";
    .port_info 4 /INPUT 11 "RADDR";
    .port_info 5 /INPUT 1 "WCLK";
    .port_info 6 /INPUT 1 "WCLKE";
    .port_info 7 /INPUT 1 "WE";
    .port_info 8 /INPUT 11 "WADDR";
    .port_info 9 /INPUT 16 "MASK";
    .port_info 10 /INPUT 16 "WDATA";
P_0x55558a2aeb80 .param/l "INIT_0" 0 19 1507, C4<0000000000000000000000000000000000000000000000000000000000000000000000000000000000000000000000000000000000000000000000000000000000000000000000000000000000000000000000000000000000000000000000000000000000000000000000000000000000000000000000000000000000000000>;
P_0x55558a2aebc0 .param/l "INIT_1" 0 19 1508, C4<0000000000000000000000000000000000000000000000000000000000000000000000000000000000000000000000000000000000000000000000000000000000000000000000000000000000000000000000000000000000000000000000000000000000000000000000000000000000000000000000000000000000000000>;
P_0x55558a2aec00 .param/l "INIT_2" 0 19 1509, C4<0000000000000000000000000000000000000000000000000000000000000000000000000000000000000000000000000000000000000000000000000000000000000000000000000000000000000000000000000000000000000000000000000000000000000000000000000000000000000000000000000000000000000000>;
P_0x55558a2aec40 .param/l "INIT_3" 0 19 1510, C4<0000000000000000000000000000000000000000000000000000000000000000000000000000000000000000000000000000000000000000000000000000000000000000000000000000000000000000000000000000000000000000000000000000000000000000000000000000000000000000000000000000000000000000>;
P_0x55558a2aec80 .param/l "INIT_4" 0 19 1511, C4<0000000000000000000000000000000000000000000000000000000000000000000000000000000000000000000000000000000000000000000000000000000000000000000000000000000000000000000000000000000000000000000000000000000000000000000000000000000000000000000000000000000000000000>;
P_0x55558a2aecc0 .param/l "INIT_5" 0 19 1512, C4<0000000000000000000000000000000000000000000000000000000000000000000000000000000000000000000000000000000000000000000000000000000000000000000000000000000000000000000000000000000000000000000000000000000000000000000000000000000000000000000000000000000000000000>;
P_0x55558a2aed00 .param/l "INIT_6" 0 19 1513, C4<0000000000000000000000000000000000000000000000000000000000000000000000000000000000000000000000000000000000000000000000000000000000000000000000000000000000000000000000000000000000000000000000000000000000000000000000000000000000000000000000000000000000000000>;
P_0x55558a2aed40 .param/l "INIT_7" 0 19 1514, C4<0000000000000000000000000000000000000000000000000000000000000000000000000000000000000000000000000000000000000000000000000000000000000000000000000000000000000000000000000000000000000000000000000000000000000000000000000000000000000000000000000000000000000000>;
P_0x55558a2aed80 .param/l "INIT_8" 0 19 1515, C4<0000000000000000000000000000000000000000000000000000000000000000000000000000000000000000000000000000000000000000000000000000000000000000000000000000000000000000000000000000000000000000000000000000000000000000000000000000000000000000000000000000000000000000>;
P_0x55558a2aedc0 .param/l "INIT_9" 0 19 1516, C4<0000000000000000000000000000000000000000000000000000000000000000000000000000000000000000000000000000000000000000000000000000000000000000000000000000000000000000000000000000000000000000000000000000000000000000000000000000000000000000000000000000000000000000>;
P_0x55558a2aee00 .param/l "INIT_A" 0 19 1517, C4<0000000000000000000000000000000000000000000000000000000000000000000000000000000000000000000000000000000000000000000000000000000000000000000000000000000000000000000000000000000000000000000000000000000000000000000000000000000000000000000000000000000000000000>;
P_0x55558a2aee40 .param/l "INIT_B" 0 19 1518, C4<0000000000000000000000000000000000000000000000000000000000000000000000000000000000000000000000000000000000000000000000000000000000000000000000000000000000000000000000000000000000000000000000000000000000000000000000000000000000000000000000000000000000000000>;
P_0x55558a2aee80 .param/l "INIT_C" 0 19 1519, C4<0000000000000000000000000000000000000000000000000000000000000000000000000000000000000000000000000000000000000000000000000000000000000000000000000000000000000000000000000000000000000000000000000000000000000000000000000000000000000000000000000000000000000000>;
P_0x55558a2aeec0 .param/l "INIT_D" 0 19 1520, C4<0000000000000000000000000000000000000000000000000000000000000000000000000000000000000000000000000000000000000000000000000000000000000000000000000000000000000000000000000000000000000000000000000000000000000000000000000000000000000000000000000000000000000000>;
P_0x55558a2aef00 .param/l "INIT_E" 0 19 1521, C4<0000000000000000000000000000000000000000000000000000000000000000000000000000000000000000000000000000000000000000000000000000000000000000000000000000000000000000000000000000000000000000000000000000000000000000000000000000000000000000000000000000000000000000>;
P_0x55558a2aef40 .param/l "INIT_F" 0 19 1522, C4<0000000000000000000000000000000000000000000000000000000000000000000000000000000000000000000000000000000000000000000000000000000000000000000000000000000000000000000000000000000000000000000000000000000000000000000000000000000000000000000000000000000000000000>;
P_0x55558a2aef80 .param/str "INIT_FILE" 0 19 1524, "\000";
P_0x55558a2aefc0 .param/l "READ_MODE" 0 19 1505, +C4<00000000000000000000000000000000>;
P_0x55558a2af000 .param/l "WRITE_MODE" 0 19 1504, +C4<00000000000000000000000000000000>;
v0x55558a2b0fe0_0 .net "MASK", 15 0, o0x7f2f7e76baa8;  alias, 0 drivers
v0x55558a2b10a0_0 .net "RADDR", 10 0, o0x7f2f7e76bad8;  alias, 0 drivers
v0x55558a2b1180_0 .net "RCLK", 0 0, L_0x55558a2ef9d0;  1 drivers
v0x55558a2b1250_0 .net "RCLKE", 0 0, o0x7f2f7e76bb38;  alias, 0 drivers
v0x55558a2b1310_0 .net "RDATA", 15 0, L_0x55558a2ef910;  alias, 1 drivers
v0x55558a2b1440_0 .var "RDATA_I", 15 0;
v0x55558a2b1520_0 .net "RE", 0 0, o0x7f2f7e76bbc8;  alias, 0 drivers
L_0x7f2f7e3b8020 .functor BUFT 1, C4<0000000000000000>, C4<0>, C4<0>, C4<0>;
v0x55558a2b15e0_0 .net "RMASK_I", 15 0, L_0x7f2f7e3b8020;  1 drivers
v0x55558a2b16c0_0 .net "WADDR", 10 0, o0x7f2f7e76bc28;  alias, 0 drivers
v0x55558a2b17a0_0 .net "WCLK", 0 0, o0x7f2f7e76bc58;  alias, 0 drivers
v0x55558a2b1860_0 .net "WCLKE", 0 0, o0x7f2f7e76bc88;  alias, 0 drivers
v0x55558a2b1920_0 .net "WDATA", 15 0, o0x7f2f7e76bcb8;  alias, 0 drivers
v0x55558a2b1a00_0 .net "WDATA_I", 15 0, L_0x55558a2ef850;  1 drivers
v0x55558a2b1ae0_0 .net "WE", 0 0, o0x7f2f7e76bd18;  alias, 0 drivers
v0x55558a2b1ba0_0 .net "WMASK_I", 15 0, L_0x55558a2ef790;  1 drivers
v0x55558a2b1c80_0 .var/i "i", 31 0;
v0x55558a2b1d60 .array "memory", 255 0, 15 0;
E_0x55558a2b0710 .event posedge, v0x55558a2b1180_0;
E_0x55558a2b0790 .event posedge, v0x55558a2b17a0_0;
S_0x55558a2b07f0 .scope generate, "genblk1" "genblk1" 19 1534, 19 1534 0, S_0x55558a2ae9d0;
 .timescale -12 -12;
L_0x55558a2ef790 .functor BUFZ 16, o0x7f2f7e76baa8, C4<0000000000000000>, C4<0000000000000000>, C4<0000000000000000>;
S_0x55558a2b09f0 .scope generate, "genblk2" "genblk2" 19 1555, 19 1555 0, S_0x55558a2ae9d0;
 .timescale -12 -12;
S_0x55558a2b0bf0 .scope generate, "genblk3" "genblk3" 19 1576, 19 1576 0, S_0x55558a2ae9d0;
 .timescale -12 -12;
L_0x55558a2ef850 .functor BUFZ 16, o0x7f2f7e76bcb8, C4<0000000000000000>, C4<0000000000000000>, C4<0000000000000000>;
S_0x55558a2b0e00 .scope generate, "genblk4" "genblk4" 19 1595, 19 1595 0, S_0x55558a2ae9d0;
 .timescale -12 -12;
L_0x55558a2ef910 .functor BUFZ 16, v0x55558a2b1440_0, C4<0000000000000000>, C4<0000000000000000>, C4<0000000000000000>;
S_0x55558a1c5b10 .scope module, "SB_RAM40_4KNRNW" "SB_RAM40_4KNRNW" 19 1998;
 .timescale -12 -12;
    .port_info 0 /OUTPUT 16 "RDATA";
    .port_info 1 /INPUT 1 "RCLKN";
    .port_info 2 /INPUT 1 "RCLKE";
    .port_info 3 /INPUT 1 "RE";
    .port_info 4 /INPUT 11 "RADDR";
    .port_info 5 /INPUT 1 "WCLKN";
    .port_info 6 /INPUT 1 "WCLKE";
    .port_info 7 /INPUT 1 "WE";
    .port_info 8 /INPUT 11 "WADDR";
    .port_info 9 /INPUT 16 "MASK";
    .port_info 10 /INPUT 16 "WDATA";
P_0x55558a030f50 .param/l "INIT_0" 0 19 2014, C4<0000000000000000000000000000000000000000000000000000000000000000000000000000000000000000000000000000000000000000000000000000000000000000000000000000000000000000000000000000000000000000000000000000000000000000000000000000000000000000000000000000000000000000>;
P_0x55558a030f90 .param/l "INIT_1" 0 19 2015, C4<0000000000000000000000000000000000000000000000000000000000000000000000000000000000000000000000000000000000000000000000000000000000000000000000000000000000000000000000000000000000000000000000000000000000000000000000000000000000000000000000000000000000000000>;
P_0x55558a030fd0 .param/l "INIT_2" 0 19 2016, C4<0000000000000000000000000000000000000000000000000000000000000000000000000000000000000000000000000000000000000000000000000000000000000000000000000000000000000000000000000000000000000000000000000000000000000000000000000000000000000000000000000000000000000000>;
P_0x55558a031010 .param/l "INIT_3" 0 19 2017, C4<0000000000000000000000000000000000000000000000000000000000000000000000000000000000000000000000000000000000000000000000000000000000000000000000000000000000000000000000000000000000000000000000000000000000000000000000000000000000000000000000000000000000000000>;
P_0x55558a031050 .param/l "INIT_4" 0 19 2018, C4<0000000000000000000000000000000000000000000000000000000000000000000000000000000000000000000000000000000000000000000000000000000000000000000000000000000000000000000000000000000000000000000000000000000000000000000000000000000000000000000000000000000000000000>;
P_0x55558a031090 .param/l "INIT_5" 0 19 2019, C4<0000000000000000000000000000000000000000000000000000000000000000000000000000000000000000000000000000000000000000000000000000000000000000000000000000000000000000000000000000000000000000000000000000000000000000000000000000000000000000000000000000000000000000>;
P_0x55558a0310d0 .param/l "INIT_6" 0 19 2020, C4<0000000000000000000000000000000000000000000000000000000000000000000000000000000000000000000000000000000000000000000000000000000000000000000000000000000000000000000000000000000000000000000000000000000000000000000000000000000000000000000000000000000000000000>;
P_0x55558a031110 .param/l "INIT_7" 0 19 2021, C4<0000000000000000000000000000000000000000000000000000000000000000000000000000000000000000000000000000000000000000000000000000000000000000000000000000000000000000000000000000000000000000000000000000000000000000000000000000000000000000000000000000000000000000>;
P_0x55558a031150 .param/l "INIT_8" 0 19 2022, C4<0000000000000000000000000000000000000000000000000000000000000000000000000000000000000000000000000000000000000000000000000000000000000000000000000000000000000000000000000000000000000000000000000000000000000000000000000000000000000000000000000000000000000000>;
P_0x55558a031190 .param/l "INIT_9" 0 19 2023, C4<0000000000000000000000000000000000000000000000000000000000000000000000000000000000000000000000000000000000000000000000000000000000000000000000000000000000000000000000000000000000000000000000000000000000000000000000000000000000000000000000000000000000000000>;
P_0x55558a0311d0 .param/l "INIT_A" 0 19 2024, C4<0000000000000000000000000000000000000000000000000000000000000000000000000000000000000000000000000000000000000000000000000000000000000000000000000000000000000000000000000000000000000000000000000000000000000000000000000000000000000000000000000000000000000000>;
P_0x55558a031210 .param/l "INIT_B" 0 19 2025, C4<0000000000000000000000000000000000000000000000000000000000000000000000000000000000000000000000000000000000000000000000000000000000000000000000000000000000000000000000000000000000000000000000000000000000000000000000000000000000000000000000000000000000000000>;
P_0x55558a031250 .param/l "INIT_C" 0 19 2026, C4<0000000000000000000000000000000000000000000000000000000000000000000000000000000000000000000000000000000000000000000000000000000000000000000000000000000000000000000000000000000000000000000000000000000000000000000000000000000000000000000000000000000000000000>;
P_0x55558a031290 .param/l "INIT_D" 0 19 2027, C4<0000000000000000000000000000000000000000000000000000000000000000000000000000000000000000000000000000000000000000000000000000000000000000000000000000000000000000000000000000000000000000000000000000000000000000000000000000000000000000000000000000000000000000>;
P_0x55558a0312d0 .param/l "INIT_E" 0 19 2028, C4<0000000000000000000000000000000000000000000000000000000000000000000000000000000000000000000000000000000000000000000000000000000000000000000000000000000000000000000000000000000000000000000000000000000000000000000000000000000000000000000000000000000000000000>;
P_0x55558a031310 .param/l "INIT_F" 0 19 2029, C4<0000000000000000000000000000000000000000000000000000000000000000000000000000000000000000000000000000000000000000000000000000000000000000000000000000000000000000000000000000000000000000000000000000000000000000000000000000000000000000000000000000000000000000>;
P_0x55558a031350 .param/str "INIT_FILE" 0 19 2031, "\000";
P_0x55558a031390 .param/l "READ_MODE" 0 19 2012, +C4<00000000000000000000000000000000>;
P_0x55558a0313d0 .param/l "WRITE_MODE" 0 19 2011, +C4<00000000000000000000000000000000>;
o0x7f2f7e76c708 .functor BUFZ 1, c4<z>; HiZ drive
L_0x55558a2efcb0 .functor NOT 1, o0x7f2f7e76c708, C4<0>, C4<0>, C4<0>;
o0x7f2f7e76c738 .functor BUFZ 1, c4<z>; HiZ drive
L_0x55558a2efd50 .functor NOT 1, o0x7f2f7e76c738, C4<0>, C4<0>, C4<0>;
o0x7f2f7e76c1f8 .functor BUFZ 16, c4<zzzzzzzzzzzzzzzz>; HiZ drive
v0x55558a2b6430_0 .net "MASK", 15 0, o0x7f2f7e76c1f8;  0 drivers
o0x7f2f7e76c228 .functor BUFZ 11, c4<zzzzzzzzzzz>; HiZ drive
v0x55558a2b6510_0 .net "RADDR", 10 0, o0x7f2f7e76c228;  0 drivers
o0x7f2f7e76c288 .functor BUFZ 1, c4<z>; HiZ drive
v0x55558a2b65e0_0 .net "RCLKE", 0 0, o0x7f2f7e76c288;  0 drivers
v0x55558a2b66e0_0 .net "RCLKN", 0 0, o0x7f2f7e76c708;  0 drivers
v0x55558a2b6780_0 .net "RDATA", 15 0, L_0x55558a2efbf0;  1 drivers
o0x7f2f7e76c318 .functor BUFZ 1, c4<z>; HiZ drive
v0x55558a2b6820_0 .net "RE", 0 0, o0x7f2f7e76c318;  0 drivers
o0x7f2f7e76c378 .functor BUFZ 11, c4<zzzzzzzzzzz>; HiZ drive
v0x55558a2b68f0_0 .net "WADDR", 10 0, o0x7f2f7e76c378;  0 drivers
o0x7f2f7e76c3d8 .functor BUFZ 1, c4<z>; HiZ drive
v0x55558a2b69c0_0 .net "WCLKE", 0 0, o0x7f2f7e76c3d8;  0 drivers
v0x55558a2b6a90_0 .net "WCLKN", 0 0, o0x7f2f7e76c738;  0 drivers
o0x7f2f7e76c408 .functor BUFZ 16, c4<zzzzzzzzzzzzzzzz>; HiZ drive
v0x55558a2b6b30_0 .net "WDATA", 15 0, o0x7f2f7e76c408;  0 drivers
o0x7f2f7e76c468 .functor BUFZ 1, c4<z>; HiZ drive
v0x55558a2b6c00_0 .net "WE", 0 0, o0x7f2f7e76c468;  0 drivers
S_0x55558a2b2a60 .scope module, "RAM" "SB_RAM40_4K" 19 2053, 19 1487 0, S_0x55558a1c5b10;
 .timescale -12 -12;
    .port_info 0 /OUTPUT 16 "RDATA";
    .port_info 1 /INPUT 1 "RCLK";
    .port_info 2 /INPUT 1 "RCLKE";
    .port_info 3 /INPUT 1 "RE";
    .port_info 4 /INPUT 11 "RADDR";
    .port_info 5 /INPUT 1 "WCLK";
    .port_info 6 /INPUT 1 "WCLKE";
    .port_info 7 /INPUT 1 "WE";
    .port_info 8 /INPUT 11 "WADDR";
    .port_info 9 /INPUT 16 "MASK";
    .port_info 10 /INPUT 16 "WDATA";
P_0x55558a2b2c10 .param/l "INIT_0" 0 19 1507, C4<0000000000000000000000000000000000000000000000000000000000000000000000000000000000000000000000000000000000000000000000000000000000000000000000000000000000000000000000000000000000000000000000000000000000000000000000000000000000000000000000000000000000000000>;
P_0x55558a2b2c50 .param/l "INIT_1" 0 19 1508, C4<0000000000000000000000000000000000000000000000000000000000000000000000000000000000000000000000000000000000000000000000000000000000000000000000000000000000000000000000000000000000000000000000000000000000000000000000000000000000000000000000000000000000000000>;
P_0x55558a2b2c90 .param/l "INIT_2" 0 19 1509, C4<0000000000000000000000000000000000000000000000000000000000000000000000000000000000000000000000000000000000000000000000000000000000000000000000000000000000000000000000000000000000000000000000000000000000000000000000000000000000000000000000000000000000000000>;
P_0x55558a2b2cd0 .param/l "INIT_3" 0 19 1510, C4<0000000000000000000000000000000000000000000000000000000000000000000000000000000000000000000000000000000000000000000000000000000000000000000000000000000000000000000000000000000000000000000000000000000000000000000000000000000000000000000000000000000000000000>;
P_0x55558a2b2d10 .param/l "INIT_4" 0 19 1511, C4<0000000000000000000000000000000000000000000000000000000000000000000000000000000000000000000000000000000000000000000000000000000000000000000000000000000000000000000000000000000000000000000000000000000000000000000000000000000000000000000000000000000000000000>;
P_0x55558a2b2d50 .param/l "INIT_5" 0 19 1512, C4<0000000000000000000000000000000000000000000000000000000000000000000000000000000000000000000000000000000000000000000000000000000000000000000000000000000000000000000000000000000000000000000000000000000000000000000000000000000000000000000000000000000000000000>;
P_0x55558a2b2d90 .param/l "INIT_6" 0 19 1513, C4<0000000000000000000000000000000000000000000000000000000000000000000000000000000000000000000000000000000000000000000000000000000000000000000000000000000000000000000000000000000000000000000000000000000000000000000000000000000000000000000000000000000000000000>;
P_0x55558a2b2dd0 .param/l "INIT_7" 0 19 1514, C4<0000000000000000000000000000000000000000000000000000000000000000000000000000000000000000000000000000000000000000000000000000000000000000000000000000000000000000000000000000000000000000000000000000000000000000000000000000000000000000000000000000000000000000>;
P_0x55558a2b2e10 .param/l "INIT_8" 0 19 1515, C4<0000000000000000000000000000000000000000000000000000000000000000000000000000000000000000000000000000000000000000000000000000000000000000000000000000000000000000000000000000000000000000000000000000000000000000000000000000000000000000000000000000000000000000>;
P_0x55558a2b2e50 .param/l "INIT_9" 0 19 1516, C4<0000000000000000000000000000000000000000000000000000000000000000000000000000000000000000000000000000000000000000000000000000000000000000000000000000000000000000000000000000000000000000000000000000000000000000000000000000000000000000000000000000000000000000>;
P_0x55558a2b2e90 .param/l "INIT_A" 0 19 1517, C4<0000000000000000000000000000000000000000000000000000000000000000000000000000000000000000000000000000000000000000000000000000000000000000000000000000000000000000000000000000000000000000000000000000000000000000000000000000000000000000000000000000000000000000>;
P_0x55558a2b2ed0 .param/l "INIT_B" 0 19 1518, C4<0000000000000000000000000000000000000000000000000000000000000000000000000000000000000000000000000000000000000000000000000000000000000000000000000000000000000000000000000000000000000000000000000000000000000000000000000000000000000000000000000000000000000000>;
P_0x55558a2b2f10 .param/l "INIT_C" 0 19 1519, C4<0000000000000000000000000000000000000000000000000000000000000000000000000000000000000000000000000000000000000000000000000000000000000000000000000000000000000000000000000000000000000000000000000000000000000000000000000000000000000000000000000000000000000000>;
P_0x55558a2b2f50 .param/l "INIT_D" 0 19 1520, C4<0000000000000000000000000000000000000000000000000000000000000000000000000000000000000000000000000000000000000000000000000000000000000000000000000000000000000000000000000000000000000000000000000000000000000000000000000000000000000000000000000000000000000000>;
P_0x55558a2b2f90 .param/l "INIT_E" 0 19 1521, C4<0000000000000000000000000000000000000000000000000000000000000000000000000000000000000000000000000000000000000000000000000000000000000000000000000000000000000000000000000000000000000000000000000000000000000000000000000000000000000000000000000000000000000000>;
P_0x55558a2b2fd0 .param/l "INIT_F" 0 19 1522, C4<0000000000000000000000000000000000000000000000000000000000000000000000000000000000000000000000000000000000000000000000000000000000000000000000000000000000000000000000000000000000000000000000000000000000000000000000000000000000000000000000000000000000000000>;
P_0x55558a2b3010 .param/str "INIT_FILE" 0 19 1524, "\000";
P_0x55558a2b3050 .param/l "READ_MODE" 0 19 1505, +C4<00000000000000000000000000000000>;
P_0x55558a2b3090 .param/l "WRITE_MODE" 0 19 1504, +C4<00000000000000000000000000000000>;
v0x55558a2b5320_0 .net "MASK", 15 0, o0x7f2f7e76c1f8;  alias, 0 drivers
v0x55558a2b53e0_0 .net "RADDR", 10 0, o0x7f2f7e76c228;  alias, 0 drivers
v0x55558a2b54c0_0 .net "RCLK", 0 0, L_0x55558a2efcb0;  1 drivers
v0x55558a2b5590_0 .net "RCLKE", 0 0, o0x7f2f7e76c288;  alias, 0 drivers
v0x55558a2b5650_0 .net "RDATA", 15 0, L_0x55558a2efbf0;  alias, 1 drivers
v0x55558a2b5780_0 .var "RDATA_I", 15 0;
v0x55558a2b5860_0 .net "RE", 0 0, o0x7f2f7e76c318;  alias, 0 drivers
L_0x7f2f7e3b8068 .functor BUFT 1, C4<0000000000000000>, C4<0>, C4<0>, C4<0>;
v0x55558a2b5920_0 .net "RMASK_I", 15 0, L_0x7f2f7e3b8068;  1 drivers
v0x55558a2b5a00_0 .net "WADDR", 10 0, o0x7f2f7e76c378;  alias, 0 drivers
v0x55558a2b5ae0_0 .net "WCLK", 0 0, L_0x55558a2efd50;  1 drivers
v0x55558a2b5ba0_0 .net "WCLKE", 0 0, o0x7f2f7e76c3d8;  alias, 0 drivers
v0x55558a2b5c60_0 .net "WDATA", 15 0, o0x7f2f7e76c408;  alias, 0 drivers
v0x55558a2b5d40_0 .net "WDATA_I", 15 0, L_0x55558a2efb00;  1 drivers
v0x55558a2b5e20_0 .net "WE", 0 0, o0x7f2f7e76c468;  alias, 0 drivers
v0x55558a2b5ee0_0 .net "WMASK_I", 15 0, L_0x55558a2efa40;  1 drivers
v0x55558a2b5fc0_0 .var/i "i", 31 0;
v0x55558a2b60a0 .array "memory", 255 0, 15 0;
E_0x55558a2b4a50 .event posedge, v0x55558a2b54c0_0;
E_0x55558a2b4ad0 .event posedge, v0x55558a2b5ae0_0;
S_0x55558a2b4b30 .scope generate, "genblk1" "genblk1" 19 1534, 19 1534 0, S_0x55558a2b2a60;
 .timescale -12 -12;
L_0x55558a2efa40 .functor BUFZ 16, o0x7f2f7e76c1f8, C4<0000000000000000>, C4<0000000000000000>, C4<0000000000000000>;
S_0x55558a2b4d30 .scope generate, "genblk2" "genblk2" 19 1555, 19 1555 0, S_0x55558a2b2a60;
 .timescale -12 -12;
S_0x55558a2b4f30 .scope generate, "genblk3" "genblk3" 19 1576, 19 1576 0, S_0x55558a2b2a60;
 .timescale -12 -12;
L_0x55558a2efb00 .functor BUFZ 16, o0x7f2f7e76c408, C4<0000000000000000>, C4<0000000000000000>, C4<0000000000000000>;
S_0x55558a2b5140 .scope generate, "genblk4" "genblk4" 19 1595, 19 1595 0, S_0x55558a2b2a60;
 .timescale -12 -12;
L_0x55558a2efbf0 .functor BUFZ 16, v0x55558a2b5780_0, C4<0000000000000000>, C4<0000000000000000>, C4<0000000000000000>;
S_0x55558a1c3e30 .scope module, "SB_RAM40_4KNW" "SB_RAM40_4KNW" 19 1862;
 .timescale -12 -12;
    .port_info 0 /OUTPUT 16 "RDATA";
    .port_info 1 /INPUT 1 "RCLK";
    .port_info 2 /INPUT 1 "RCLKE";
    .port_info 3 /INPUT 1 "RE";
    .port_info 4 /INPUT 11 "RADDR";
    .port_info 5 /INPUT 1 "WCLKN";
    .port_info 6 /INPUT 1 "WCLKE";
    .port_info 7 /INPUT 1 "WE";
    .port_info 8 /INPUT 11 "WADDR";
    .port_info 9 /INPUT 16 "MASK";
    .port_info 10 /INPUT 16 "WDATA";
P_0x555589ffdb80 .param/l "INIT_0" 0 19 1878, C4<0000000000000000000000000000000000000000000000000000000000000000000000000000000000000000000000000000000000000000000000000000000000000000000000000000000000000000000000000000000000000000000000000000000000000000000000000000000000000000000000000000000000000000>;
P_0x555589ffdbc0 .param/l "INIT_1" 0 19 1879, C4<0000000000000000000000000000000000000000000000000000000000000000000000000000000000000000000000000000000000000000000000000000000000000000000000000000000000000000000000000000000000000000000000000000000000000000000000000000000000000000000000000000000000000000>;
P_0x555589ffdc00 .param/l "INIT_2" 0 19 1880, C4<0000000000000000000000000000000000000000000000000000000000000000000000000000000000000000000000000000000000000000000000000000000000000000000000000000000000000000000000000000000000000000000000000000000000000000000000000000000000000000000000000000000000000000>;
P_0x555589ffdc40 .param/l "INIT_3" 0 19 1881, C4<0000000000000000000000000000000000000000000000000000000000000000000000000000000000000000000000000000000000000000000000000000000000000000000000000000000000000000000000000000000000000000000000000000000000000000000000000000000000000000000000000000000000000000>;
P_0x555589ffdc80 .param/l "INIT_4" 0 19 1882, C4<0000000000000000000000000000000000000000000000000000000000000000000000000000000000000000000000000000000000000000000000000000000000000000000000000000000000000000000000000000000000000000000000000000000000000000000000000000000000000000000000000000000000000000>;
P_0x555589ffdcc0 .param/l "INIT_5" 0 19 1883, C4<0000000000000000000000000000000000000000000000000000000000000000000000000000000000000000000000000000000000000000000000000000000000000000000000000000000000000000000000000000000000000000000000000000000000000000000000000000000000000000000000000000000000000000>;
P_0x555589ffdd00 .param/l "INIT_6" 0 19 1884, C4<0000000000000000000000000000000000000000000000000000000000000000000000000000000000000000000000000000000000000000000000000000000000000000000000000000000000000000000000000000000000000000000000000000000000000000000000000000000000000000000000000000000000000000>;
P_0x555589ffdd40 .param/l "INIT_7" 0 19 1885, C4<0000000000000000000000000000000000000000000000000000000000000000000000000000000000000000000000000000000000000000000000000000000000000000000000000000000000000000000000000000000000000000000000000000000000000000000000000000000000000000000000000000000000000000>;
P_0x555589ffdd80 .param/l "INIT_8" 0 19 1886, C4<0000000000000000000000000000000000000000000000000000000000000000000000000000000000000000000000000000000000000000000000000000000000000000000000000000000000000000000000000000000000000000000000000000000000000000000000000000000000000000000000000000000000000000>;
P_0x555589ffddc0 .param/l "INIT_9" 0 19 1887, C4<0000000000000000000000000000000000000000000000000000000000000000000000000000000000000000000000000000000000000000000000000000000000000000000000000000000000000000000000000000000000000000000000000000000000000000000000000000000000000000000000000000000000000000>;
P_0x555589ffde00 .param/l "INIT_A" 0 19 1888, C4<0000000000000000000000000000000000000000000000000000000000000000000000000000000000000000000000000000000000000000000000000000000000000000000000000000000000000000000000000000000000000000000000000000000000000000000000000000000000000000000000000000000000000000>;
P_0x555589ffde40 .param/l "INIT_B" 0 19 1889, C4<0000000000000000000000000000000000000000000000000000000000000000000000000000000000000000000000000000000000000000000000000000000000000000000000000000000000000000000000000000000000000000000000000000000000000000000000000000000000000000000000000000000000000000>;
P_0x555589ffde80 .param/l "INIT_C" 0 19 1890, C4<0000000000000000000000000000000000000000000000000000000000000000000000000000000000000000000000000000000000000000000000000000000000000000000000000000000000000000000000000000000000000000000000000000000000000000000000000000000000000000000000000000000000000000>;
P_0x555589ffdec0 .param/l "INIT_D" 0 19 1891, C4<0000000000000000000000000000000000000000000000000000000000000000000000000000000000000000000000000000000000000000000000000000000000000000000000000000000000000000000000000000000000000000000000000000000000000000000000000000000000000000000000000000000000000000>;
P_0x555589ffdf00 .param/l "INIT_E" 0 19 1892, C4<0000000000000000000000000000000000000000000000000000000000000000000000000000000000000000000000000000000000000000000000000000000000000000000000000000000000000000000000000000000000000000000000000000000000000000000000000000000000000000000000000000000000000000>;
P_0x555589ffdf40 .param/l "INIT_F" 0 19 1893, C4<0000000000000000000000000000000000000000000000000000000000000000000000000000000000000000000000000000000000000000000000000000000000000000000000000000000000000000000000000000000000000000000000000000000000000000000000000000000000000000000000000000000000000000>;
P_0x555589ffdf80 .param/str "INIT_FILE" 0 19 1895, "\000";
P_0x555589ffdfc0 .param/l "READ_MODE" 0 19 1876, +C4<00000000000000000000000000000000>;
P_0x555589ffe000 .param/l "WRITE_MODE" 0 19 1875, +C4<00000000000000000000000000000000>;
o0x7f2f7e76ce88 .functor BUFZ 1, c4<z>; HiZ drive
L_0x55558a2f00c0 .functor NOT 1, o0x7f2f7e76ce88, C4<0>, C4<0>, C4<0>;
o0x7f2f7e76c978 .functor BUFZ 16, c4<zzzzzzzzzzzzzzzz>; HiZ drive
v0x55558a2ba780_0 .net "MASK", 15 0, o0x7f2f7e76c978;  0 drivers
o0x7f2f7e76c9a8 .functor BUFZ 11, c4<zzzzzzzzzzz>; HiZ drive
v0x55558a2ba860_0 .net "RADDR", 10 0, o0x7f2f7e76c9a8;  0 drivers
o0x7f2f7e76c9d8 .functor BUFZ 1, c4<z>; HiZ drive
v0x55558a2ba930_0 .net "RCLK", 0 0, o0x7f2f7e76c9d8;  0 drivers
o0x7f2f7e76ca08 .functor BUFZ 1, c4<z>; HiZ drive
v0x55558a2baa30_0 .net "RCLKE", 0 0, o0x7f2f7e76ca08;  0 drivers
v0x55558a2bab00_0 .net "RDATA", 15 0, L_0x55558a2f0000;  1 drivers
o0x7f2f7e76ca98 .functor BUFZ 1, c4<z>; HiZ drive
v0x55558a2baba0_0 .net "RE", 0 0, o0x7f2f7e76ca98;  0 drivers
o0x7f2f7e76caf8 .functor BUFZ 11, c4<zzzzzzzzzzz>; HiZ drive
v0x55558a2bac70_0 .net "WADDR", 10 0, o0x7f2f7e76caf8;  0 drivers
o0x7f2f7e76cb58 .functor BUFZ 1, c4<z>; HiZ drive
v0x55558a2bad40_0 .net "WCLKE", 0 0, o0x7f2f7e76cb58;  0 drivers
v0x55558a2bae10_0 .net "WCLKN", 0 0, o0x7f2f7e76ce88;  0 drivers
o0x7f2f7e76cb88 .functor BUFZ 16, c4<zzzzzzzzzzzzzzzz>; HiZ drive
v0x55558a2baeb0_0 .net "WDATA", 15 0, o0x7f2f7e76cb88;  0 drivers
o0x7f2f7e76cbe8 .functor BUFZ 1, c4<z>; HiZ drive
v0x55558a2baf80_0 .net "WE", 0 0, o0x7f2f7e76cbe8;  0 drivers
S_0x55558a2b6db0 .scope module, "RAM" "SB_RAM40_4K" 19 1917, 19 1487 0, S_0x55558a1c3e30;
 .timescale -12 -12;
    .port_info 0 /OUTPUT 16 "RDATA";
    .port_info 1 /INPUT 1 "RCLK";
    .port_info 2 /INPUT 1 "RCLKE";
    .port_info 3 /INPUT 1 "RE";
    .port_info 4 /INPUT 11 "RADDR";
    .port_info 5 /INPUT 1 "WCLK";
    .port_info 6 /INPUT 1 "WCLKE";
    .port_info 7 /INPUT 1 "WE";
    .port_info 8 /INPUT 11 "WADDR";
    .port_info 9 /INPUT 16 "MASK";
    .port_info 10 /INPUT 16 "WDATA";
P_0x55558a2b6f60 .param/l "INIT_0" 0 19 1507, C4<0000000000000000000000000000000000000000000000000000000000000000000000000000000000000000000000000000000000000000000000000000000000000000000000000000000000000000000000000000000000000000000000000000000000000000000000000000000000000000000000000000000000000000>;
P_0x55558a2b6fa0 .param/l "INIT_1" 0 19 1508, C4<0000000000000000000000000000000000000000000000000000000000000000000000000000000000000000000000000000000000000000000000000000000000000000000000000000000000000000000000000000000000000000000000000000000000000000000000000000000000000000000000000000000000000000>;
P_0x55558a2b6fe0 .param/l "INIT_2" 0 19 1509, C4<0000000000000000000000000000000000000000000000000000000000000000000000000000000000000000000000000000000000000000000000000000000000000000000000000000000000000000000000000000000000000000000000000000000000000000000000000000000000000000000000000000000000000000>;
P_0x55558a2b7020 .param/l "INIT_3" 0 19 1510, C4<0000000000000000000000000000000000000000000000000000000000000000000000000000000000000000000000000000000000000000000000000000000000000000000000000000000000000000000000000000000000000000000000000000000000000000000000000000000000000000000000000000000000000000>;
P_0x55558a2b7060 .param/l "INIT_4" 0 19 1511, C4<0000000000000000000000000000000000000000000000000000000000000000000000000000000000000000000000000000000000000000000000000000000000000000000000000000000000000000000000000000000000000000000000000000000000000000000000000000000000000000000000000000000000000000>;
P_0x55558a2b70a0 .param/l "INIT_5" 0 19 1512, C4<0000000000000000000000000000000000000000000000000000000000000000000000000000000000000000000000000000000000000000000000000000000000000000000000000000000000000000000000000000000000000000000000000000000000000000000000000000000000000000000000000000000000000000>;
P_0x55558a2b70e0 .param/l "INIT_6" 0 19 1513, C4<0000000000000000000000000000000000000000000000000000000000000000000000000000000000000000000000000000000000000000000000000000000000000000000000000000000000000000000000000000000000000000000000000000000000000000000000000000000000000000000000000000000000000000>;
P_0x55558a2b7120 .param/l "INIT_7" 0 19 1514, C4<0000000000000000000000000000000000000000000000000000000000000000000000000000000000000000000000000000000000000000000000000000000000000000000000000000000000000000000000000000000000000000000000000000000000000000000000000000000000000000000000000000000000000000>;
P_0x55558a2b7160 .param/l "INIT_8" 0 19 1515, C4<0000000000000000000000000000000000000000000000000000000000000000000000000000000000000000000000000000000000000000000000000000000000000000000000000000000000000000000000000000000000000000000000000000000000000000000000000000000000000000000000000000000000000000>;
P_0x55558a2b71a0 .param/l "INIT_9" 0 19 1516, C4<0000000000000000000000000000000000000000000000000000000000000000000000000000000000000000000000000000000000000000000000000000000000000000000000000000000000000000000000000000000000000000000000000000000000000000000000000000000000000000000000000000000000000000>;
P_0x55558a2b71e0 .param/l "INIT_A" 0 19 1517, C4<0000000000000000000000000000000000000000000000000000000000000000000000000000000000000000000000000000000000000000000000000000000000000000000000000000000000000000000000000000000000000000000000000000000000000000000000000000000000000000000000000000000000000000>;
P_0x55558a2b7220 .param/l "INIT_B" 0 19 1518, C4<0000000000000000000000000000000000000000000000000000000000000000000000000000000000000000000000000000000000000000000000000000000000000000000000000000000000000000000000000000000000000000000000000000000000000000000000000000000000000000000000000000000000000000>;
P_0x55558a2b7260 .param/l "INIT_C" 0 19 1519, C4<0000000000000000000000000000000000000000000000000000000000000000000000000000000000000000000000000000000000000000000000000000000000000000000000000000000000000000000000000000000000000000000000000000000000000000000000000000000000000000000000000000000000000000>;
P_0x55558a2b72a0 .param/l "INIT_D" 0 19 1520, C4<0000000000000000000000000000000000000000000000000000000000000000000000000000000000000000000000000000000000000000000000000000000000000000000000000000000000000000000000000000000000000000000000000000000000000000000000000000000000000000000000000000000000000000>;
P_0x55558a2b72e0 .param/l "INIT_E" 0 19 1521, C4<0000000000000000000000000000000000000000000000000000000000000000000000000000000000000000000000000000000000000000000000000000000000000000000000000000000000000000000000000000000000000000000000000000000000000000000000000000000000000000000000000000000000000000>;
P_0x55558a2b7320 .param/l "INIT_F" 0 19 1522, C4<0000000000000000000000000000000000000000000000000000000000000000000000000000000000000000000000000000000000000000000000000000000000000000000000000000000000000000000000000000000000000000000000000000000000000000000000000000000000000000000000000000000000000000>;
P_0x55558a2b7360 .param/str "INIT_FILE" 0 19 1524, "\000";
P_0x55558a2b73a0 .param/l "READ_MODE" 0 19 1505, +C4<00000000000000000000000000000000>;
P_0x55558a2b73e0 .param/l "WRITE_MODE" 0 19 1504, +C4<00000000000000000000000000000000>;
v0x55558a2b9670_0 .net "MASK", 15 0, o0x7f2f7e76c978;  alias, 0 drivers
v0x55558a2b9730_0 .net "RADDR", 10 0, o0x7f2f7e76c9a8;  alias, 0 drivers
v0x55558a2b9810_0 .net "RCLK", 0 0, o0x7f2f7e76c9d8;  alias, 0 drivers
v0x55558a2b98e0_0 .net "RCLKE", 0 0, o0x7f2f7e76ca08;  alias, 0 drivers
v0x55558a2b99a0_0 .net "RDATA", 15 0, L_0x55558a2f0000;  alias, 1 drivers
v0x55558a2b9ad0_0 .var "RDATA_I", 15 0;
v0x55558a2b9bb0_0 .net "RE", 0 0, o0x7f2f7e76ca98;  alias, 0 drivers
L_0x7f2f7e3b80b0 .functor BUFT 1, C4<0000000000000000>, C4<0>, C4<0>, C4<0>;
v0x55558a2b9c70_0 .net "RMASK_I", 15 0, L_0x7f2f7e3b80b0;  1 drivers
v0x55558a2b9d50_0 .net "WADDR", 10 0, o0x7f2f7e76caf8;  alias, 0 drivers
v0x55558a2b9e30_0 .net "WCLK", 0 0, L_0x55558a2f00c0;  1 drivers
v0x55558a2b9ef0_0 .net "WCLKE", 0 0, o0x7f2f7e76cb58;  alias, 0 drivers
v0x55558a2b9fb0_0 .net "WDATA", 15 0, o0x7f2f7e76cb88;  alias, 0 drivers
v0x55558a2ba090_0 .net "WDATA_I", 15 0, L_0x55558a2eff10;  1 drivers
v0x55558a2ba170_0 .net "WE", 0 0, o0x7f2f7e76cbe8;  alias, 0 drivers
v0x55558a2ba230_0 .net "WMASK_I", 15 0, L_0x55558a2efe20;  1 drivers
v0x55558a2ba310_0 .var/i "i", 31 0;
v0x55558a2ba3f0 .array "memory", 255 0, 15 0;
E_0x55558a2b8da0 .event posedge, v0x55558a2b9810_0;
E_0x55558a2b8e20 .event posedge, v0x55558a2b9e30_0;
S_0x55558a2b8e80 .scope generate, "genblk1" "genblk1" 19 1534, 19 1534 0, S_0x55558a2b6db0;
 .timescale -12 -12;
L_0x55558a2efe20 .functor BUFZ 16, o0x7f2f7e76c978, C4<0000000000000000>, C4<0000000000000000>, C4<0000000000000000>;
S_0x55558a2b9080 .scope generate, "genblk2" "genblk2" 19 1555, 19 1555 0, S_0x55558a2b6db0;
 .timescale -12 -12;
S_0x55558a2b9280 .scope generate, "genblk3" "genblk3" 19 1576, 19 1576 0, S_0x55558a2b6db0;
 .timescale -12 -12;
L_0x55558a2eff10 .functor BUFZ 16, o0x7f2f7e76cb88, C4<0000000000000000>, C4<0000000000000000>, C4<0000000000000000>;
S_0x55558a2b9490 .scope generate, "genblk4" "genblk4" 19 1595, 19 1595 0, S_0x55558a2b6db0;
 .timescale -12 -12;
L_0x55558a2f0000 .functor BUFZ 16, v0x55558a2b9ad0_0, C4<0000000000000000>, C4<0000000000000000>, C4<0000000000000000>;
S_0x55558a0cf6e0 .scope module, "SB_RGBA_DRV" "SB_RGBA_DRV" 19 2692;
 .timescale -12 -12;
    .port_info 0 /INPUT 1 "CURREN";
    .port_info 1 /INPUT 1 "RGBLEDEN";
    .port_info 2 /INPUT 1 "RGB0PWM";
    .port_info 3 /INPUT 1 "RGB1PWM";
    .port_info 4 /INPUT 1 "RGB2PWM";
    .port_info 5 /OUTPUT 1 "RGB0";
    .port_info 6 /OUTPUT 1 "RGB1";
    .port_info 7 /OUTPUT 1 "RGB2";
P_0x55558a0cf870 .param/str "CURRENT_MODE" 0 19 2702, "0b0";
P_0x55558a0cf8b0 .param/str "RGB0_CURRENT" 0 19 2703, "0b000000";
P_0x55558a0cf8f0 .param/str "RGB1_CURRENT" 0 19 2704, "0b000000";
P_0x55558a0cf930 .param/str "RGB2_CURRENT" 0 19 2705, "0b000000";
o0x7f2f7e76d0c8 .functor BUFZ 1, c4<z>; HiZ drive
v0x55558a2bb0f0_0 .net "CURREN", 0 0, o0x7f2f7e76d0c8;  0 drivers
o0x7f2f7e76d0f8 .functor BUFZ 1, c4<z>; HiZ drive
v0x55558a2bb1d0_0 .net "RGB0", 0 0, o0x7f2f7e76d0f8;  0 drivers
o0x7f2f7e76d128 .functor BUFZ 1, c4<z>; HiZ drive
v0x55558a2bb290_0 .net "RGB0PWM", 0 0, o0x7f2f7e76d128;  0 drivers
o0x7f2f7e76d158 .functor BUFZ 1, c4<z>; HiZ drive
v0x55558a2bb360_0 .net "RGB1", 0 0, o0x7f2f7e76d158;  0 drivers
o0x7f2f7e76d188 .functor BUFZ 1, c4<z>; HiZ drive
v0x55558a2bb420_0 .net "RGB1PWM", 0 0, o0x7f2f7e76d188;  0 drivers
o0x7f2f7e76d1b8 .functor BUFZ 1, c4<z>; HiZ drive
v0x55558a2bb4e0_0 .net "RGB2", 0 0, o0x7f2f7e76d1b8;  0 drivers
o0x7f2f7e76d1e8 .functor BUFZ 1, c4<z>; HiZ drive
v0x55558a2bb5a0_0 .net "RGB2PWM", 0 0, o0x7f2f7e76d1e8;  0 drivers
o0x7f2f7e76d218 .functor BUFZ 1, c4<z>; HiZ drive
v0x55558a2bb660_0 .net "RGBLEDEN", 0 0, o0x7f2f7e76d218;  0 drivers
S_0x55558a0d1d60 .scope module, "SB_RGB_DRV" "SB_RGB_DRV" 19 2716;
 .timescale -12 -12;
    .port_info 0 /INPUT 1 "RGBLEDEN";
    .port_info 1 /INPUT 1 "RGB0PWM";
    .port_info 2 /INPUT 1 "RGB1PWM";
    .port_info 3 /INPUT 1 "RGB2PWM";
    .port_info 4 /INPUT 1 "RGBPU";
    .port_info 5 /OUTPUT 1 "RGB0";
    .port_info 6 /OUTPUT 1 "RGB1";
    .port_info 7 /OUTPUT 1 "RGB2";
P_0x55558a0d1ef0 .param/str "CURRENT_MODE" 0 19 2726, "0b0";
P_0x55558a0d1f30 .param/str "RGB0_CURRENT" 0 19 2727, "0b000000";
P_0x55558a0d1f70 .param/str "RGB1_CURRENT" 0 19 2728, "0b000000";
P_0x55558a0d1fb0 .param/str "RGB2_CURRENT" 0 19 2729, "0b000000";
o0x7f2f7e76d3c8 .functor BUFZ 1, c4<z>; HiZ drive
v0x55558a2bb870_0 .net "RGB0", 0 0, o0x7f2f7e76d3c8;  0 drivers
o0x7f2f7e76d3f8 .functor BUFZ 1, c4<z>; HiZ drive
v0x55558a2bb950_0 .net "RGB0PWM", 0 0, o0x7f2f7e76d3f8;  0 drivers
o0x7f2f7e76d428 .functor BUFZ 1, c4<z>; HiZ drive
v0x55558a2bba10_0 .net "RGB1", 0 0, o0x7f2f7e76d428;  0 drivers
o0x7f2f7e76d458 .functor BUFZ 1, c4<z>; HiZ drive
v0x55558a2bbab0_0 .net "RGB1PWM", 0 0, o0x7f2f7e76d458;  0 drivers
o0x7f2f7e76d488 .functor BUFZ 1, c4<z>; HiZ drive
v0x55558a2bbb70_0 .net "RGB2", 0 0, o0x7f2f7e76d488;  0 drivers
o0x7f2f7e76d4b8 .functor BUFZ 1, c4<z>; HiZ drive
v0x55558a2bbc30_0 .net "RGB2PWM", 0 0, o0x7f2f7e76d4b8;  0 drivers
o0x7f2f7e76d4e8 .functor BUFZ 1, c4<z>; HiZ drive
v0x55558a2bbcf0_0 .net "RGBLEDEN", 0 0, o0x7f2f7e76d4e8;  0 drivers
o0x7f2f7e76d518 .functor BUFZ 1, c4<z>; HiZ drive
v0x55558a2bbdb0_0 .net "RGBPU", 0 0, o0x7f2f7e76d518;  0 drivers
S_0x55558a0d7060 .scope module, "SB_SPI" "SB_SPI" 19 2776;
 .timescale -12 -12;
    .port_info 0 /INPUT 1 "SBCLKI";
    .port_info 1 /INPUT 1 "SBRWI";
    .port_info 2 /INPUT 1 "SBSTBI";
    .port_info 3 /INPUT 1 "SBADRI7";
    .port_info 4 /INPUT 1 "SBADRI6";
    .port_info 5 /INPUT 1 "SBADRI5";
    .port_info 6 /INPUT 1 "SBADRI4";
    .port_info 7 /INPUT 1 "SBADRI3";
    .port_info 8 /INPUT 1 "SBADRI2";
    .port_info 9 /INPUT 1 "SBADRI1";
    .port_info 10 /INPUT 1 "SBADRI0";
    .port_info 11 /INPUT 1 "SBDATI7";
    .port_info 12 /INPUT 1 "SBDATI6";
    .port_info 13 /INPUT 1 "SBDATI5";
    .port_info 14 /INPUT 1 "SBDATI4";
    .port_info 15 /INPUT 1 "SBDATI3";
    .port_info 16 /INPUT 1 "SBDATI2";
    .port_info 17 /INPUT 1 "SBDATI1";
    .port_info 18 /INPUT 1 "SBDATI0";
    .port_info 19 /INPUT 1 "MI";
    .port_info 20 /INPUT 1 "SI";
    .port_info 21 /INPUT 1 "SCKI";
    .port_info 22 /INPUT 1 "SCSNI";
    .port_info 23 /OUTPUT 1 "SBDATO7";
    .port_info 24 /OUTPUT 1 "SBDATO6";
    .port_info 25 /OUTPUT 1 "SBDATO5";
    .port_info 26 /OUTPUT 1 "SBDATO4";
    .port_info 27 /OUTPUT 1 "SBDATO3";
    .port_info 28 /OUTPUT 1 "SBDATO2";
    .port_info 29 /OUTPUT 1 "SBDATO1";
    .port_info 30 /OUTPUT 1 "SBDATO0";
    .port_info 31 /OUTPUT 1 "SBACKO";
    .port_info 32 /OUTPUT 1 "SPIIRQ";
    .port_info 33 /OUTPUT 1 "SPIWKUP";
    .port_info 34 /OUTPUT 1 "SO";
    .port_info 35 /OUTPUT 1 "SOE";
    .port_info 36 /OUTPUT 1 "MO";
    .port_info 37 /OUTPUT 1 "MOE";
    .port_info 38 /OUTPUT 1 "SCKO";
    .port_info 39 /OUTPUT 1 "SCKOE";
    .port_info 40 /OUTPUT 1 "MCSNO3";
    .port_info 41 /OUTPUT 1 "MCSNO2";
    .port_info 42 /OUTPUT 1 "MCSNO1";
    .port_info 43 /OUTPUT 1 "MCSNO0";
    .port_info 44 /OUTPUT 1 "MCSNOE3";
    .port_info 45 /OUTPUT 1 "MCSNOE2";
    .port_info 46 /OUTPUT 1 "MCSNOE1";
    .port_info 47 /OUTPUT 1 "MCSNOE0";
P_0x55558a0d71f0 .param/str "BUS_ADDR74" 0 19 2826, "0b0000";
o0x7f2f7e76d6c8 .functor BUFZ 1, c4<z>; HiZ drive
v0x55558a2bbfc0_0 .net "MCSNO0", 0 0, o0x7f2f7e76d6c8;  0 drivers
o0x7f2f7e76d6f8 .functor BUFZ 1, c4<z>; HiZ drive
v0x55558a2bc0a0_0 .net "MCSNO1", 0 0, o0x7f2f7e76d6f8;  0 drivers
o0x7f2f7e76d728 .functor BUFZ 1, c4<z>; HiZ drive
v0x55558a2bc160_0 .net "MCSNO2", 0 0, o0x7f2f7e76d728;  0 drivers
o0x7f2f7e76d758 .functor BUFZ 1, c4<z>; HiZ drive
v0x55558a2bc200_0 .net "MCSNO3", 0 0, o0x7f2f7e76d758;  0 drivers
o0x7f2f7e76d788 .functor BUFZ 1, c4<z>; HiZ drive
v0x55558a2bc2c0_0 .net "MCSNOE0", 0 0, o0x7f2f7e76d788;  0 drivers
o0x7f2f7e76d7b8 .functor BUFZ 1, c4<z>; HiZ drive
v0x55558a2bc380_0 .net "MCSNOE1", 0 0, o0x7f2f7e76d7b8;  0 drivers
o0x7f2f7e76d7e8 .functor BUFZ 1, c4<z>; HiZ drive
v0x55558a2bc440_0 .net "MCSNOE2", 0 0, o0x7f2f7e76d7e8;  0 drivers
o0x7f2f7e76d818 .functor BUFZ 1, c4<z>; HiZ drive
v0x55558a2bc500_0 .net "MCSNOE3", 0 0, o0x7f2f7e76d818;  0 drivers
o0x7f2f7e76d848 .functor BUFZ 1, c4<z>; HiZ drive
v0x55558a2bc5c0_0 .net "MI", 0 0, o0x7f2f7e76d848;  0 drivers
o0x7f2f7e76d878 .functor BUFZ 1, c4<z>; HiZ drive
v0x55558a2bc710_0 .net "MO", 0 0, o0x7f2f7e76d878;  0 drivers
o0x7f2f7e76d8a8 .functor BUFZ 1, c4<z>; HiZ drive
v0x55558a2bc7d0_0 .net "MOE", 0 0, o0x7f2f7e76d8a8;  0 drivers
o0x7f2f7e76d8d8 .functor BUFZ 1, c4<z>; HiZ drive
v0x55558a2bc890_0 .net "SBACKO", 0 0, o0x7f2f7e76d8d8;  0 drivers
o0x7f2f7e76d908 .functor BUFZ 1, c4<z>; HiZ drive
v0x55558a2bc950_0 .net "SBADRI0", 0 0, o0x7f2f7e76d908;  0 drivers
o0x7f2f7e76d938 .functor BUFZ 1, c4<z>; HiZ drive
v0x55558a2bca10_0 .net "SBADRI1", 0 0, o0x7f2f7e76d938;  0 drivers
o0x7f2f7e76d968 .functor BUFZ 1, c4<z>; HiZ drive
v0x55558a2bcad0_0 .net "SBADRI2", 0 0, o0x7f2f7e76d968;  0 drivers
o0x7f2f7e76d998 .functor BUFZ 1, c4<z>; HiZ drive
v0x55558a2bcb90_0 .net "SBADRI3", 0 0, o0x7f2f7e76d998;  0 drivers
o0x7f2f7e76d9c8 .functor BUFZ 1, c4<z>; HiZ drive
v0x55558a2bcc50_0 .net "SBADRI4", 0 0, o0x7f2f7e76d9c8;  0 drivers
o0x7f2f7e76d9f8 .functor BUFZ 1, c4<z>; HiZ drive
v0x55558a2bce20_0 .net "SBADRI5", 0 0, o0x7f2f7e76d9f8;  0 drivers
o0x7f2f7e76da28 .functor BUFZ 1, c4<z>; HiZ drive
v0x55558a2bcee0_0 .net "SBADRI6", 0 0, o0x7f2f7e76da28;  0 drivers
o0x7f2f7e76da58 .functor BUFZ 1, c4<z>; HiZ drive
v0x55558a2bcfa0_0 .net "SBADRI7", 0 0, o0x7f2f7e76da58;  0 drivers
o0x7f2f7e76da88 .functor BUFZ 1, c4<z>; HiZ drive
v0x55558a2bd060_0 .net "SBCLKI", 0 0, o0x7f2f7e76da88;  0 drivers
o0x7f2f7e76dab8 .functor BUFZ 1, c4<z>; HiZ drive
v0x55558a2bd120_0 .net "SBDATI0", 0 0, o0x7f2f7e76dab8;  0 drivers
o0x7f2f7e76dae8 .functor BUFZ 1, c4<z>; HiZ drive
v0x55558a2bd1e0_0 .net "SBDATI1", 0 0, o0x7f2f7e76dae8;  0 drivers
o0x7f2f7e76db18 .functor BUFZ 1, c4<z>; HiZ drive
v0x55558a2bd2a0_0 .net "SBDATI2", 0 0, o0x7f2f7e76db18;  0 drivers
o0x7f2f7e76db48 .functor BUFZ 1, c4<z>; HiZ drive
v0x55558a2bd360_0 .net "SBDATI3", 0 0, o0x7f2f7e76db48;  0 drivers
o0x7f2f7e76db78 .functor BUFZ 1, c4<z>; HiZ drive
v0x55558a2bd420_0 .net "SBDATI4", 0 0, o0x7f2f7e76db78;  0 drivers
o0x7f2f7e76dba8 .functor BUFZ 1, c4<z>; HiZ drive
v0x55558a2bd4e0_0 .net "SBDATI5", 0 0, o0x7f2f7e76dba8;  0 drivers
o0x7f2f7e76dbd8 .functor BUFZ 1, c4<z>; HiZ drive
v0x55558a2bd5a0_0 .net "SBDATI6", 0 0, o0x7f2f7e76dbd8;  0 drivers
o0x7f2f7e76dc08 .functor BUFZ 1, c4<z>; HiZ drive
v0x55558a2bd660_0 .net "SBDATI7", 0 0, o0x7f2f7e76dc08;  0 drivers
o0x7f2f7e76dc38 .functor BUFZ 1, c4<z>; HiZ drive
v0x55558a2bd720_0 .net "SBDATO0", 0 0, o0x7f2f7e76dc38;  0 drivers
o0x7f2f7e76dc68 .functor BUFZ 1, c4<z>; HiZ drive
v0x55558a2bd7e0_0 .net "SBDATO1", 0 0, o0x7f2f7e76dc68;  0 drivers
o0x7f2f7e76dc98 .functor BUFZ 1, c4<z>; HiZ drive
v0x55558a2bd8a0_0 .net "SBDATO2", 0 0, o0x7f2f7e76dc98;  0 drivers
o0x7f2f7e76dcc8 .functor BUFZ 1, c4<z>; HiZ drive
v0x55558a2bd960_0 .net "SBDATO3", 0 0, o0x7f2f7e76dcc8;  0 drivers
o0x7f2f7e76dcf8 .functor BUFZ 1, c4<z>; HiZ drive
v0x55558a2bda20_0 .net "SBDATO4", 0 0, o0x7f2f7e76dcf8;  0 drivers
o0x7f2f7e76dd28 .functor BUFZ 1, c4<z>; HiZ drive
v0x55558a2bdae0_0 .net "SBDATO5", 0 0, o0x7f2f7e76dd28;  0 drivers
o0x7f2f7e76dd58 .functor BUFZ 1, c4<z>; HiZ drive
v0x55558a2bdba0_0 .net "SBDATO6", 0 0, o0x7f2f7e76dd58;  0 drivers
o0x7f2f7e76dd88 .functor BUFZ 1, c4<z>; HiZ drive
v0x55558a2bdc60_0 .net "SBDATO7", 0 0, o0x7f2f7e76dd88;  0 drivers
o0x7f2f7e76ddb8 .functor BUFZ 1, c4<z>; HiZ drive
v0x55558a2bdd20_0 .net "SBRWI", 0 0, o0x7f2f7e76ddb8;  0 drivers
o0x7f2f7e76dde8 .functor BUFZ 1, c4<z>; HiZ drive
v0x55558a2bdde0_0 .net "SBSTBI", 0 0, o0x7f2f7e76dde8;  0 drivers
o0x7f2f7e76de18 .functor BUFZ 1, c4<z>; HiZ drive
v0x55558a2bdea0_0 .net "SCKI", 0 0, o0x7f2f7e76de18;  0 drivers
o0x7f2f7e76de48 .functor BUFZ 1, c4<z>; HiZ drive
v0x55558a2bdf60_0 .net "SCKO", 0 0, o0x7f2f7e76de48;  0 drivers
o0x7f2f7e76de78 .functor BUFZ 1, c4<z>; HiZ drive
v0x55558a2be020_0 .net "SCKOE", 0 0, o0x7f2f7e76de78;  0 drivers
o0x7f2f7e76dea8 .functor BUFZ 1, c4<z>; HiZ drive
v0x55558a2be0e0_0 .net "SCSNI", 0 0, o0x7f2f7e76dea8;  0 drivers
o0x7f2f7e76ded8 .functor BUFZ 1, c4<z>; HiZ drive
v0x55558a2be1a0_0 .net "SI", 0 0, o0x7f2f7e76ded8;  0 drivers
o0x7f2f7e76df08 .functor BUFZ 1, c4<z>; HiZ drive
v0x55558a2be260_0 .net "SO", 0 0, o0x7f2f7e76df08;  0 drivers
o0x7f2f7e76df38 .functor BUFZ 1, c4<z>; HiZ drive
v0x55558a2be320_0 .net "SOE", 0 0, o0x7f2f7e76df38;  0 drivers
o0x7f2f7e76df68 .functor BUFZ 1, c4<z>; HiZ drive
v0x55558a2be3e0_0 .net "SPIIRQ", 0 0, o0x7f2f7e76df68;  0 drivers
o0x7f2f7e76df98 .functor BUFZ 1, c4<z>; HiZ drive
v0x55558a2be4a0_0 .net "SPIWKUP", 0 0, o0x7f2f7e76df98;  0 drivers
S_0x555589f7c700 .scope module, "SB_SPRAM256KA" "SB_SPRAM256KA" 19 2600;
 .timescale -12 -12;
    .port_info 0 /INPUT 14 "ADDRESS";
    .port_info 1 /INPUT 16 "DATAIN";
    .port_info 2 /INPUT 4 "MASKWREN";
    .port_info 3 /INPUT 1 "WREN";
    .port_info 4 /INPUT 1 "CHIPSELECT";
    .port_info 5 /INPUT 1 "CLOCK";
    .port_info 6 /INPUT 1 "STANDBY";
    .port_info 7 /INPUT 1 "SLEEP";
    .port_info 8 /INPUT 1 "POWEROFF";
    .port_info 9 /OUTPUT 16 "DATAOUT";
o0x7f2f7e76ea18 .functor BUFZ 1, c4<z>; HiZ drive
L_0x55558a2f0260 .functor OR 1, o0x7f2f7e76ea18, L_0x55558a2f0160, C4<0>, C4<0>;
o0x7f2f7e76e8c8 .functor BUFZ 14, c4<zzzzzzzzzzzzzz>; HiZ drive
v0x55558a2bedd0_0 .net "ADDRESS", 13 0, o0x7f2f7e76e8c8;  0 drivers
o0x7f2f7e76e8f8 .functor BUFZ 1, c4<z>; HiZ drive
v0x55558a2beed0_0 .net "CHIPSELECT", 0 0, o0x7f2f7e76e8f8;  0 drivers
o0x7f2f7e76e928 .functor BUFZ 1, c4<z>; HiZ drive
v0x55558a2bef90_0 .net "CLOCK", 0 0, o0x7f2f7e76e928;  0 drivers
o0x7f2f7e76e958 .functor BUFZ 16, c4<zzzzzzzzzzzzzzzz>; HiZ drive
v0x55558a2bf030_0 .net "DATAIN", 15 0, o0x7f2f7e76e958;  0 drivers
v0x55558a2bf110_0 .var "DATAOUT", 15 0;
o0x7f2f7e76e9b8 .functor BUFZ 4, c4<zzzz>; HiZ drive
v0x55558a2bf1f0_0 .net "MASKWREN", 3 0, o0x7f2f7e76e9b8;  0 drivers
o0x7f2f7e76e9e8 .functor BUFZ 1, c4<z>; HiZ drive
v0x55558a2bf2d0_0 .net "POWEROFF", 0 0, o0x7f2f7e76e9e8;  0 drivers
v0x55558a2bf390_0 .net "SLEEP", 0 0, o0x7f2f7e76ea18;  0 drivers
o0x7f2f7e76ea48 .functor BUFZ 1, c4<z>; HiZ drive
v0x55558a2bf450_0 .net "STANDBY", 0 0, o0x7f2f7e76ea48;  0 drivers
o0x7f2f7e76ea78 .functor BUFZ 1, c4<z>; HiZ drive
v0x55558a2bf510_0 .net "WREN", 0 0, o0x7f2f7e76ea78;  0 drivers
v0x55558a2bf5d0_0 .net *"_ivl_1", 0 0, L_0x55558a2f0160;  1 drivers
v0x55558a2bf690_0 .var/i "i", 31 0;
v0x55558a2bf770 .array "mem", 16383 0, 15 0;
v0x55558a2bf830_0 .net "off", 0 0, L_0x55558a2f0260;  1 drivers
E_0x55558a2becf0 .event posedge, v0x55558a2bf830_0, v0x55558a2bef90_0;
E_0x55558a2bed70 .event negedge, v0x55558a2bf2d0_0;
L_0x55558a2f0160 .reduce/nor o0x7f2f7e76e9e8;
S_0x55558a0d5c70 .scope module, "SB_WARMBOOT" "SB_WARMBOOT" 19 2593;
 .timescale -12 -12;
    .port_info 0 /INPUT 1 "BOOT";
    .port_info 1 /INPUT 1 "S1";
    .port_info 2 /INPUT 1 "S0";
o0x7f2f7e76ed18 .functor BUFZ 1, c4<z>; HiZ drive
v0x55558a2bfa30_0 .net "BOOT", 0 0, o0x7f2f7e76ed18;  0 drivers
o0x7f2f7e76ed48 .functor BUFZ 1, c4<z>; HiZ drive
v0x55558a2bfb10_0 .net "S0", 0 0, o0x7f2f7e76ed48;  0 drivers
o0x7f2f7e76ed78 .functor BUFZ 1, c4<z>; HiZ drive
v0x55558a2bfbd0_0 .net "S1", 0 0, o0x7f2f7e76ed78;  0 drivers
S_0x55558a012600 .scope module, "Xor" "Xor" 33 7;
 .timescale -12 -12;
    .port_info 0 /INPUT 1 "a";
    .port_info 1 /INPUT 1 "b";
    .port_info 2 /OUTPUT 1 "out";
o0x7f2f7e76eec8 .functor BUFZ 1, c4<z>; HiZ drive
o0x7f2f7e76eef8 .functor BUFZ 1, c4<z>; HiZ drive
L_0x55558a2f0380 .functor XNOR 1, o0x7f2f7e76eec8, o0x7f2f7e76eef8, C4<0>, C4<0>;
v0x55558a2bfcf0_0 .net *"_ivl_0", 0 0, L_0x55558a2f0380;  1 drivers
L_0x7f2f7e3b80f8 .functor BUFT 1, C4<0>, C4<0>, C4<0>, C4<0>;
v0x55558a2bfdb0_0 .net/2u *"_ivl_2", 0 0, L_0x7f2f7e3b80f8;  1 drivers
L_0x7f2f7e3b8140 .functor BUFT 1, C4<1>, C4<0>, C4<0>, C4<0>;
v0x55558a2bfe90_0 .net/2u *"_ivl_4", 0 0, L_0x7f2f7e3b8140;  1 drivers
v0x55558a2bff80_0 .net "a", 0 0, o0x7f2f7e76eec8;  0 drivers
v0x55558a2c0040_0 .net "b", 0 0, o0x7f2f7e76eef8;  0 drivers
v0x55558a2c0100_0 .net "out", 0 0, L_0x55558a2f04b0;  1 drivers
L_0x55558a2f04b0 .functor MUXZ 1, L_0x7f2f7e3b8140, L_0x7f2f7e3b80f8, L_0x55558a2f0380, C4<>;
    .scope S_0x55558a25a680;
T_3 ;
    %wait E_0x55558a248940;
    %load/vec4 v0x55558a0bf3c0_0;
    %flag_set/vec4 8;
    %jmp/0xz  T_3.0, 8;
    %load/vec4 v0x55558a0bf300_0;
    %assign/vec4 v0x55558a0bf460_0, 0;
T_3.0 ;
    %jmp T_3;
    .thread T_3;
    .scope S_0x55558a25a290;
T_4 ;
    %wait E_0x55558a259290;
    %load/vec4 v0x55558a0c7340_0;
    %flag_set/vec4 8;
    %jmp/0xz  T_4.0, 8;
    %load/vec4 v0x55558a0c71c0_0;
    %assign/vec4 v0x55558a0c7400_0, 0;
    %jmp T_4.1;
T_4.0 ;
    %load/vec4 v0x55558a0c74e0_0;
    %flag_set/vec4 8;
    %jmp/0xz  T_4.2, 8;
    %load/vec4 v0x55558a0c7400_0;
    %parti/s 7, 0, 2;
    %load/vec4 v0x55558a0c72a0_0;
    %concat/vec4; draw_concat_vec4
    %assign/vec4 v0x55558a0c7400_0, 0;
T_4.2 ;
T_4.1 ;
    %jmp T_4;
    .thread T_4;
    .scope S_0x55558a248b20;
T_5 ;
    %wait E_0x55558a0dec70;
    %load/vec4 v0x55558a0e5a00_0;
    %flag_set/vec4 8;
    %jmp/0xz  T_5.0, 8;
    %load/vec4 v0x55558a0e5880_0;
    %assign/vec4 v0x55558a0e5ac0_0, 0;
    %jmp T_5.1;
T_5.0 ;
    %load/vec4 v0x55558a0e3c60_0;
    %flag_set/vec4 8;
    %jmp/0xz  T_5.2, 8;
    %load/vec4 v0x55558a0e5960_0;
    %load/vec4 v0x55558a0e5ac0_0;
    %parti/s 8, 1, 2;
    %concat/vec4; draw_concat_vec4
    %assign/vec4 v0x55558a0e5ac0_0, 0;
T_5.2 ;
T_5.1 ;
    %jmp T_5;
    .thread T_5;
    .scope S_0x55558a051f10;
T_6 ;
    %wait E_0x55558a0df390;
    %load/vec4 v0x55558a05da70_0;
    %flag_set/vec4 8;
    %jmp/0xz  T_6.0, 8;
    %pushi/vec4 1, 0, 1;
    %assign/vec4 v0x55558a05db30_0, 0;
    %jmp T_6.1;
T_6.0 ;
    %pushi/vec4 0, 0, 1;
    %assign/vec4 v0x55558a05db30_0, 0;
T_6.1 ;
    %jmp T_6;
    .thread T_6;
    .scope S_0x55558a242d70;
T_7 ;
    %pushi/vec4 1, 0, 1;
    %store/vec4 v0x55558a05de30_0, 0, 1;
    %pushi/vec4 0, 0, 1;
    %store/vec4 v0x55558a069000_0, 0, 1;
    %pushi/vec4 0, 0, 16;
    %store/vec4 v0x55558a069190_0, 0, 16;
    %end;
    .thread T_7, $init;
    .scope S_0x55558a242d70;
T_8 ;
    %delay 1, 0;
    %load/vec4 v0x55558a05de30_0;
    %inv;
    %store/vec4 v0x55558a05de30_0, 0, 1;
    %jmp T_8;
    .thread T_8;
    .scope S_0x55558a242d70;
T_9 ;
    %wait E_0x55558a0df390;
    %vpi_func 12 19 "$random" 32 {0 0 0};
    %pad/s 1;
    %assign/vec4 v0x55558a0690c0_0, 0;
    %jmp T_9;
    .thread T_9;
    .scope S_0x55558a242d70;
T_10 ;
    %wait E_0x55558a0df390;
    %load/vec4 v0x55558a0690c0_0;
    %assign/vec4 v0x55558a069320_0, 0;
    %jmp T_10;
    .thread T_10;
    .scope S_0x55558a242d70;
T_11 ;
    %vpi_call/w 12 38 "$dumpvars", 32'sb00000000000000000000000000000000, S_0x55558a242d70 {0 0 0};
    %vpi_call/w 12 40 "$display", "------------------------" {0 0 0};
    %vpi_call/w 12 41 "$display", "Testbench: DFF" {0 0 0};
    %pushi/vec4 0, 0, 16;
    %store/vec4 v0x55558a069190_0, 0, 16;
T_11.0 ; Top of for-loop
    %load/vec4 v0x55558a069190_0;
    %pad/u 32;
    %cmpi/u 1000, 0, 32;
	  %jmp/0xz T_11.1, 5;
    %fork TD_DFF_tb.check, S_0x55558a05dc50;
    %join;
T_11.2 ; for-loop step statement
    %load/vec4 v0x55558a069190_0;
    %addi 1, 0, 16;
    %store/vec4 v0x55558a069190_0, 0, 16;
    %jmp T_11.0;
T_11.1 ; for-loop exit label
    %load/vec4 v0x55558a069000_0;
    %pad/u 32;
    %cmpi/e 0, 0, 32;
    %jmp/0xz  T_11.3, 4;
    %vpi_call/w 12 46 "$display", "passed" {0 0 0};
T_11.3 ;
    %vpi_call/w 12 47 "$display", "------------------------" {0 0 0};
    %vpi_call/w 12 48 "$finish" {0 0 0};
    %end;
    .thread T_11;
    .scope S_0x55558a222430;
T_12 ;
    %pushi/vec4 0, 0, 1;
    %store/vec4 v0x555589fbda50_0, 0, 1;
    %pushi/vec4 0, 0, 1;
    %store/vec4 v0x555589fbdb10_0, 0, 1;
    %end;
    .thread T_12, $init;
    .scope S_0x55558a222430;
T_13 ;
    %wait E_0x55558a040910;
    %load/vec4 v0x555589fa7010_0;
    %flag_set/vec4 8;
    %jmp/0xz  T_13.0, 8;
    %load/vec4 v0x555589fa89e0_0;
    %flag_set/vec4 8;
    %jmp/0 T_13.2, 8;
    %pushi/vec4 0, 0, 1;
    %jmp/1 T_13.3, 8;
T_13.2 ; End of true expr.
    %load/vec4 v0x555589fc16f0_0;
    %jmp/0 T_13.3, 8;
 ; End of false expr.
    %blend;
T_13.3;
    %assign/vec4 v0x555589fbda50_0, 0;
T_13.0 ;
    %jmp T_13;
    .thread T_13;
    .scope S_0x55558a222430;
T_14 ;
    %wait E_0x55558a25a4a0;
    %load/vec4 v0x555589fa89e0_0;
    %flag_set/vec4 8;
    %jmp/0xz  T_14.0, 8;
    %pushi/vec4 0, 0, 1;
    %assign/vec4 v0x555589fbdb10_0, 0;
    %jmp T_14.1;
T_14.0 ;
    %load/vec4 v0x555589fa7010_0;
    %flag_set/vec4 8;
    %jmp/0xz  T_14.2, 8;
    %load/vec4 v0x555589fc16f0_0;
    %assign/vec4 v0x555589fbdb10_0, 0;
T_14.2 ;
T_14.1 ;
    %jmp T_14;
    .thread T_14;
    .scope S_0x555589fc3260;
T_15 ;
    %pushi/vec4 0, 0, 32;
    %store/vec4 v0x555589fa4770_0, 0, 32;
T_15.0 ; Top of for-loop
    %load/vec4 v0x555589fa4770_0;
    %cmpi/s 16, 0, 32;
	  %jmp/0xz T_15.1, 5;
    %pushi/vec4 0, 0, 256;
    %load/vec4 v0x555589fa4770_0;
    %muli 16, 0, 32;
    %part/s 16;
    %pushi/vec4 0, 0, 32;
    %load/vec4 v0x555589fa4770_0;
    %add;
    %ix/vec4/s 4;
    %store/vec4a v0x555589fa4850, 4, 0;
    %pushi/vec4 0, 0, 256;
    %load/vec4 v0x555589fa4770_0;
    %muli 16, 0, 32;
    %part/s 16;
    %pushi/vec4 16, 0, 32;
    %load/vec4 v0x555589fa4770_0;
    %add;
    %ix/vec4/s 4;
    %store/vec4a v0x555589fa4850, 4, 0;
    %pushi/vec4 0, 0, 256;
    %load/vec4 v0x555589fa4770_0;
    %muli 16, 0, 32;
    %part/s 16;
    %pushi/vec4 32, 0, 32;
    %load/vec4 v0x555589fa4770_0;
    %add;
    %ix/vec4/s 4;
    %store/vec4a v0x555589fa4850, 4, 0;
    %pushi/vec4 0, 0, 256;
    %load/vec4 v0x555589fa4770_0;
    %muli 16, 0, 32;
    %part/s 16;
    %pushi/vec4 48, 0, 32;
    %load/vec4 v0x555589fa4770_0;
    %add;
    %ix/vec4/s 4;
    %store/vec4a v0x555589fa4850, 4, 0;
    %pushi/vec4 0, 0, 256;
    %load/vec4 v0x555589fa4770_0;
    %muli 16, 0, 32;
    %part/s 16;
    %pushi/vec4 64, 0, 32;
    %load/vec4 v0x555589fa4770_0;
    %add;
    %ix/vec4/s 4;
    %store/vec4a v0x555589fa4850, 4, 0;
    %pushi/vec4 0, 0, 256;
    %load/vec4 v0x555589fa4770_0;
    %muli 16, 0, 32;
    %part/s 16;
    %pushi/vec4 80, 0, 32;
    %load/vec4 v0x555589fa4770_0;
    %add;
    %ix/vec4/s 4;
    %store/vec4a v0x555589fa4850, 4, 0;
    %pushi/vec4 0, 0, 256;
    %load/vec4 v0x555589fa4770_0;
    %muli 16, 0, 32;
    %part/s 16;
    %pushi/vec4 96, 0, 32;
    %load/vec4 v0x555589fa4770_0;
    %add;
    %ix/vec4/s 4;
    %store/vec4a v0x555589fa4850, 4, 0;
    %pushi/vec4 0, 0, 256;
    %load/vec4 v0x555589fa4770_0;
    %muli 16, 0, 32;
    %part/s 16;
    %pushi/vec4 112, 0, 32;
    %load/vec4 v0x555589fa4770_0;
    %add;
    %ix/vec4/s 4;
    %store/vec4a v0x555589fa4850, 4, 0;
    %pushi/vec4 0, 0, 256;
    %load/vec4 v0x555589fa4770_0;
    %muli 16, 0, 32;
    %part/s 16;
    %pushi/vec4 128, 0, 32;
    %load/vec4 v0x555589fa4770_0;
    %add;
    %ix/vec4/s 4;
    %store/vec4a v0x555589fa4850, 4, 0;
    %pushi/vec4 0, 0, 256;
    %load/vec4 v0x555589fa4770_0;
    %muli 16, 0, 32;
    %part/s 16;
    %pushi/vec4 144, 0, 32;
    %load/vec4 v0x555589fa4770_0;
    %add;
    %ix/vec4/s 4;
    %store/vec4a v0x555589fa4850, 4, 0;
    %pushi/vec4 0, 0, 256;
    %load/vec4 v0x555589fa4770_0;
    %muli 16, 0, 32;
    %part/s 16;
    %pushi/vec4 160, 0, 32;
    %load/vec4 v0x555589fa4770_0;
    %add;
    %ix/vec4/s 4;
    %store/vec4a v0x555589fa4850, 4, 0;
    %pushi/vec4 0, 0, 256;
    %load/vec4 v0x555589fa4770_0;
    %muli 16, 0, 32;
    %part/s 16;
    %pushi/vec4 176, 0, 32;
    %load/vec4 v0x555589fa4770_0;
    %add;
    %ix/vec4/s 4;
    %store/vec4a v0x555589fa4850, 4, 0;
    %pushi/vec4 0, 0, 256;
    %load/vec4 v0x555589fa4770_0;
    %muli 16, 0, 32;
    %part/s 16;
    %pushi/vec4 192, 0, 32;
    %load/vec4 v0x555589fa4770_0;
    %add;
    %ix/vec4/s 4;
    %store/vec4a v0x555589fa4850, 4, 0;
    %pushi/vec4 0, 0, 256;
    %load/vec4 v0x555589fa4770_0;
    %muli 16, 0, 32;
    %part/s 16;
    %pushi/vec4 208, 0, 32;
    %load/vec4 v0x555589fa4770_0;
    %add;
    %ix/vec4/s 4;
    %store/vec4a v0x555589fa4850, 4, 0;
    %pushi/vec4 0, 0, 256;
    %load/vec4 v0x555589fa4770_0;
    %muli 16, 0, 32;
    %part/s 16;
    %pushi/vec4 224, 0, 32;
    %load/vec4 v0x555589fa4770_0;
    %add;
    %ix/vec4/s 4;
    %store/vec4a v0x555589fa4850, 4, 0;
    %pushi/vec4 0, 0, 256;
    %load/vec4 v0x555589fa4770_0;
    %muli 16, 0, 32;
    %part/s 16;
    %pushi/vec4 240, 0, 32;
    %load/vec4 v0x555589fa4770_0;
    %add;
    %ix/vec4/s 4;
    %store/vec4a v0x555589fa4850, 4, 0;
T_15.2 ; for-loop step statement
    %load/vec4 v0x555589fa4770_0;
    %addi 1, 0, 32;
    %store/vec4 v0x555589fa4770_0, 0, 32;
    %jmp T_15.0;
T_15.1 ; for-loop exit label
    %end;
    .thread T_15;
    .scope S_0x555589fc3260;
T_16 ;
    %wait E_0x555589fad510;
    %load/vec4 v0x555589fa45d0_0;
    %flag_set/vec4 9;
    %flag_get/vec4 9;
    %jmp/0 T_16.2, 9;
    %load/vec4 v0x555589fa5af0_0;
    %and;
T_16.2;
    %flag_set/vec4 8;
    %jmp/0xz  T_16.0, 8;
    %load/vec4 v0x555589fa4690_0;
    %parti/s 1, 0, 2;
    %nor/r;
    %flag_set/vec4 8;
    %jmp/0xz  T_16.3, 8;
    %load/vec4 v0x555589fa5c90_0;
    %parti/s 1, 0, 2;
    %load/vec4 v0x555589fa5950_0;
    %parti/s 8, 0, 2;
    %pad/u 10;
    %ix/vec4 3;
    %ix/load 4, 0, 0; Constant delay
    %assign/vec4/a/d v0x555589fa4850, 0, 4;
T_16.3 ;
    %load/vec4 v0x555589fa4690_0;
    %parti/s 1, 1, 2;
    %nor/r;
    %flag_set/vec4 8;
    %jmp/0xz  T_16.5, 8;
    %load/vec4 v0x555589fa5c90_0;
    %parti/s 1, 1, 2;
    %load/vec4 v0x555589fa5950_0;
    %parti/s 8, 0, 2;
    %pad/u 10;
    %ix/vec4 3;
    %ix/load 4, 1, 0; part off
    %ix/load 5, 0, 0; Constant delay
    %assign/vec4/a/d v0x555589fa4850, 4, 5;
T_16.5 ;
    %load/vec4 v0x555589fa4690_0;
    %parti/s 1, 2, 3;
    %nor/r;
    %flag_set/vec4 8;
    %jmp/0xz  T_16.7, 8;
    %load/vec4 v0x555589fa5c90_0;
    %parti/s 1, 2, 3;
    %load/vec4 v0x555589fa5950_0;
    %parti/s 8, 0, 2;
    %pad/u 10;
    %ix/vec4 3;
    %ix/load 4, 2, 0; part off
    %ix/load 5, 0, 0; Constant delay
    %assign/vec4/a/d v0x555589fa4850, 4, 5;
T_16.7 ;
    %load/vec4 v0x555589fa4690_0;
    %parti/s 1, 3, 3;
    %nor/r;
    %flag_set/vec4 8;
    %jmp/0xz  T_16.9, 8;
    %load/vec4 v0x555589fa5c90_0;
    %parti/s 1, 3, 3;
    %load/vec4 v0x555589fa5950_0;
    %parti/s 8, 0, 2;
    %pad/u 10;
    %ix/vec4 3;
    %ix/load 4, 3, 0; part off
    %ix/load 5, 0, 0; Constant delay
    %assign/vec4/a/d v0x555589fa4850, 4, 5;
T_16.9 ;
    %load/vec4 v0x555589fa4690_0;
    %parti/s 1, 4, 4;
    %nor/r;
    %flag_set/vec4 8;
    %jmp/0xz  T_16.11, 8;
    %load/vec4 v0x555589fa5c90_0;
    %parti/s 1, 4, 4;
    %load/vec4 v0x555589fa5950_0;
    %parti/s 8, 0, 2;
    %pad/u 10;
    %ix/vec4 3;
    %ix/load 4, 4, 0; part off
    %ix/load 5, 0, 0; Constant delay
    %assign/vec4/a/d v0x555589fa4850, 4, 5;
T_16.11 ;
    %load/vec4 v0x555589fa4690_0;
    %parti/s 1, 5, 4;
    %nor/r;
    %flag_set/vec4 8;
    %jmp/0xz  T_16.13, 8;
    %load/vec4 v0x555589fa5c90_0;
    %parti/s 1, 5, 4;
    %load/vec4 v0x555589fa5950_0;
    %parti/s 8, 0, 2;
    %pad/u 10;
    %ix/vec4 3;
    %ix/load 4, 5, 0; part off
    %ix/load 5, 0, 0; Constant delay
    %assign/vec4/a/d v0x555589fa4850, 4, 5;
T_16.13 ;
    %load/vec4 v0x555589fa4690_0;
    %parti/s 1, 6, 4;
    %nor/r;
    %flag_set/vec4 8;
    %jmp/0xz  T_16.15, 8;
    %load/vec4 v0x555589fa5c90_0;
    %parti/s 1, 6, 4;
    %load/vec4 v0x555589fa5950_0;
    %parti/s 8, 0, 2;
    %pad/u 10;
    %ix/vec4 3;
    %ix/load 4, 6, 0; part off
    %ix/load 5, 0, 0; Constant delay
    %assign/vec4/a/d v0x555589fa4850, 4, 5;
T_16.15 ;
    %load/vec4 v0x555589fa4690_0;
    %parti/s 1, 7, 4;
    %nor/r;
    %flag_set/vec4 8;
    %jmp/0xz  T_16.17, 8;
    %load/vec4 v0x555589fa5c90_0;
    %parti/s 1, 7, 4;
    %load/vec4 v0x555589fa5950_0;
    %parti/s 8, 0, 2;
    %pad/u 10;
    %ix/vec4 3;
    %ix/load 4, 7, 0; part off
    %ix/load 5, 0, 0; Constant delay
    %assign/vec4/a/d v0x555589fa4850, 4, 5;
T_16.17 ;
    %load/vec4 v0x555589fa4690_0;
    %parti/s 1, 8, 5;
    %nor/r;
    %flag_set/vec4 8;
    %jmp/0xz  T_16.19, 8;
    %load/vec4 v0x555589fa5c90_0;
    %parti/s 1, 8, 5;
    %load/vec4 v0x555589fa5950_0;
    %parti/s 8, 0, 2;
    %pad/u 10;
    %ix/vec4 3;
    %ix/load 4, 8, 0; part off
    %ix/load 5, 0, 0; Constant delay
    %assign/vec4/a/d v0x555589fa4850, 4, 5;
T_16.19 ;
    %load/vec4 v0x555589fa4690_0;
    %parti/s 1, 9, 5;
    %nor/r;
    %flag_set/vec4 8;
    %jmp/0xz  T_16.21, 8;
    %load/vec4 v0x555589fa5c90_0;
    %parti/s 1, 9, 5;
    %load/vec4 v0x555589fa5950_0;
    %parti/s 8, 0, 2;
    %pad/u 10;
    %ix/vec4 3;
    %ix/load 4, 9, 0; part off
    %ix/load 5, 0, 0; Constant delay
    %assign/vec4/a/d v0x555589fa4850, 4, 5;
T_16.21 ;
    %load/vec4 v0x555589fa4690_0;
    %parti/s 1, 10, 5;
    %nor/r;
    %flag_set/vec4 8;
    %jmp/0xz  T_16.23, 8;
    %load/vec4 v0x555589fa5c90_0;
    %parti/s 1, 10, 5;
    %load/vec4 v0x555589fa5950_0;
    %parti/s 8, 0, 2;
    %pad/u 10;
    %ix/vec4 3;
    %ix/load 4, 10, 0; part off
    %ix/load 5, 0, 0; Constant delay
    %assign/vec4/a/d v0x555589fa4850, 4, 5;
T_16.23 ;
    %load/vec4 v0x555589fa4690_0;
    %parti/s 1, 11, 5;
    %nor/r;
    %flag_set/vec4 8;
    %jmp/0xz  T_16.25, 8;
    %load/vec4 v0x555589fa5c90_0;
    %parti/s 1, 11, 5;
    %load/vec4 v0x555589fa5950_0;
    %parti/s 8, 0, 2;
    %pad/u 10;
    %ix/vec4 3;
    %ix/load 4, 11, 0; part off
    %ix/load 5, 0, 0; Constant delay
    %assign/vec4/a/d v0x555589fa4850, 4, 5;
T_16.25 ;
    %load/vec4 v0x555589fa4690_0;
    %parti/s 1, 12, 5;
    %nor/r;
    %flag_set/vec4 8;
    %jmp/0xz  T_16.27, 8;
    %load/vec4 v0x555589fa5c90_0;
    %parti/s 1, 12, 5;
    %load/vec4 v0x555589fa5950_0;
    %parti/s 8, 0, 2;
    %pad/u 10;
    %ix/vec4 3;
    %ix/load 4, 12, 0; part off
    %ix/load 5, 0, 0; Constant delay
    %assign/vec4/a/d v0x555589fa4850, 4, 5;
T_16.27 ;
    %load/vec4 v0x555589fa4690_0;
    %parti/s 1, 13, 5;
    %nor/r;
    %flag_set/vec4 8;
    %jmp/0xz  T_16.29, 8;
    %load/vec4 v0x555589fa5c90_0;
    %parti/s 1, 13, 5;
    %load/vec4 v0x555589fa5950_0;
    %parti/s 8, 0, 2;
    %pad/u 10;
    %ix/vec4 3;
    %ix/load 4, 13, 0; part off
    %ix/load 5, 0, 0; Constant delay
    %assign/vec4/a/d v0x555589fa4850, 4, 5;
T_16.29 ;
    %load/vec4 v0x555589fa4690_0;
    %parti/s 1, 14, 5;
    %nor/r;
    %flag_set/vec4 8;
    %jmp/0xz  T_16.31, 8;
    %load/vec4 v0x555589fa5c90_0;
    %parti/s 1, 14, 5;
    %load/vec4 v0x555589fa5950_0;
    %parti/s 8, 0, 2;
    %pad/u 10;
    %ix/vec4 3;
    %ix/load 4, 14, 0; part off
    %ix/load 5, 0, 0; Constant delay
    %assign/vec4/a/d v0x555589fa4850, 4, 5;
T_16.31 ;
    %load/vec4 v0x555589fa4690_0;
    %parti/s 1, 15, 5;
    %nor/r;
    %flag_set/vec4 8;
    %jmp/0xz  T_16.33, 8;
    %load/vec4 v0x555589fa5c90_0;
    %parti/s 1, 15, 5;
    %load/vec4 v0x555589fa5950_0;
    %parti/s 8, 0, 2;
    %pad/u 10;
    %ix/vec4 3;
    %ix/load 4, 15, 0; part off
    %ix/load 5, 0, 0; Constant delay
    %assign/vec4/a/d v0x555589fa4850, 4, 5;
T_16.33 ;
T_16.0 ;
    %jmp T_16;
    .thread T_16;
    .scope S_0x555589fc3260;
T_17 ;
    %wait E_0x555589fad4b0;
    %load/vec4 v0x555589faf650_0;
    %flag_set/vec4 9;
    %flag_get/vec4 9;
    %jmp/0 T_17.2, 9;
    %load/vec4 v0x555589faf380_0;
    %and;
T_17.2;
    %flag_set/vec4 8;
    %jmp/0xz  T_17.0, 8;
    %load/vec4 v0x555589faf1f0_0;
    %parti/s 8, 0, 2;
    %pad/u 10;
    %ix/vec4 4;
    %load/vec4a v0x555589fa4850, 4;
    %load/vec4 v0x555589fa5870_0;
    %inv;
    %and;
    %assign/vec4 v0x555589faf570_0, 0;
T_17.0 ;
    %jmp T_17;
    .thread T_17;
    .scope S_0x55558a1da640;
T_18 ;
    %wait E_0x55558a28a7c0;
    %load/vec4 v0x55558a2910b0_0;
    %flag_set/vec4 8;
    %jmp/0xz  T_18.0, 8;
    %pushi/vec4 0, 0, 16;
    %assign/vec4 v0x55558a290fd0_0, 0;
    %jmp T_18.1;
T_18.0 ;
    %load/vec4 v0x55558a290e30_0;
    %flag_set/vec4 8;
    %jmp/0xz  T_18.2, 8;
    %load/vec4 v0x55558a290cb0_0;
    %assign/vec4 v0x55558a290fd0_0, 0;
    %jmp T_18.3;
T_18.2 ;
    %load/vec4 v0x55558a290d90_0;
    %flag_set/vec4 8;
    %jmp/0xz  T_18.4, 8;
    %load/vec4 v0x55558a290fd0_0;
    %addi 1, 0, 16;
    %assign/vec4 v0x55558a290fd0_0, 0;
T_18.4 ;
T_18.3 ;
T_18.1 ;
    %jmp T_18;
    .thread T_18;
    .scope S_0x55558a1da250;
T_19 ;
    %wait E_0x55558a0dd530;
    %load/vec4 v0x55558a291470_0;
    %flag_set/vec4 8;
    %jmp/0xz  T_19.0, 8;
    %load/vec4 v0x55558a291390_0;
    %assign/vec4 v0x55558a291510_0, 0;
T_19.0 ;
    %jmp T_19;
    .thread T_19;
    .scope S_0x55558a1d7730;
T_20 ;
    %pushi/vec4 0, 0, 1;
    %store/vec4 v0x55558a291ed0_0, 0, 1;
    %end;
    .thread T_20;
    .scope S_0x55558a1d7730;
T_21 ;
    %wait E_0x55558a291cb0;
    %load/vec4 v0x55558a291e10_0;
    %assign/vec4 v0x55558a291ed0_0, 0;
    %jmp T_21;
    .thread T_21;
    .scope S_0x55558a27d700;
T_22 ;
    %pushi/vec4 0, 0, 1;
    %store/vec4 v0x55558a2922c0_0, 0, 1;
    %end;
    .thread T_22;
    .scope S_0x55558a27d700;
T_23 ;
    %wait E_0x55558a291ff0;
    %load/vec4 v0x55558a2921f0_0;
    %flag_set/vec4 8;
    %jmp/0xz  T_23.0, 8;
    %load/vec4 v0x55558a292130_0;
    %assign/vec4 v0x55558a2922c0_0, 0;
T_23.0 ;
    %jmp T_23;
    .thread T_23;
    .scope S_0x55558a26b490;
T_24 ;
    %pushi/vec4 0, 0, 1;
    %store/vec4 v0x55558a2926f0_0, 0, 1;
    %end;
    .thread T_24;
    .scope S_0x55558a26b490;
T_25 ;
    %wait E_0x55558a292430;
    %load/vec4 v0x55558a2927b0_0;
    %flag_set/vec4 8;
    %jmp/0xz  T_25.0, 8;
    %pushi/vec4 0, 0, 1;
    %assign/vec4 v0x55558a2926f0_0, 0;
    %jmp T_25.1;
T_25.0 ;
    %load/vec4 v0x55558a292650_0;
    %flag_set/vec4 8;
    %jmp/0xz  T_25.2, 8;
    %load/vec4 v0x55558a292590_0;
    %assign/vec4 v0x55558a2926f0_0, 0;
T_25.2 ;
T_25.1 ;
    %jmp T_25;
    .thread T_25;
    .scope S_0x55558a26b0b0;
T_26 ;
    %pushi/vec4 0, 0, 1;
    %store/vec4 v0x55558a292c20_0, 0, 1;
    %end;
    .thread T_26;
    .scope S_0x55558a26b0b0;
T_27 ;
    %wait E_0x55558a292960;
    %load/vec4 v0x55558a292ce0_0;
    %flag_set/vec4 8;
    %jmp/0xz  T_27.0, 8;
    %pushi/vec4 1, 0, 1;
    %assign/vec4 v0x55558a292c20_0, 0;
    %jmp T_27.1;
T_27.0 ;
    %load/vec4 v0x55558a292b80_0;
    %flag_set/vec4 8;
    %jmp/0xz  T_27.2, 8;
    %load/vec4 v0x55558a292ac0_0;
    %assign/vec4 v0x55558a292c20_0, 0;
T_27.2 ;
T_27.1 ;
    %jmp T_27;
    .thread T_27;
    .scope S_0x55558a2595e0;
T_28 ;
    %pushi/vec4 0, 0, 1;
    %store/vec4 v0x55558a293150_0, 0, 1;
    %end;
    .thread T_28;
    .scope S_0x55558a2595e0;
T_29 ;
    %wait E_0x55558a292e90;
    %load/vec4 v0x55558a2930b0_0;
    %flag_set/vec4 8;
    %jmp/0xz  T_29.0, 8;
    %load/vec4 v0x55558a293210_0;
    %flag_set/vec4 8;
    %jmp/0xz  T_29.2, 8;
    %pushi/vec4 0, 0, 1;
    %assign/vec4 v0x55558a293150_0, 0;
    %jmp T_29.3;
T_29.2 ;
    %load/vec4 v0x55558a292ff0_0;
    %assign/vec4 v0x55558a293150_0, 0;
T_29.3 ;
T_29.0 ;
    %jmp T_29;
    .thread T_29;
    .scope S_0x55558a233820;
T_30 ;
    %pushi/vec4 0, 0, 1;
    %store/vec4 v0x55558a293680_0, 0, 1;
    %end;
    .thread T_30;
    .scope S_0x55558a233820;
T_31 ;
    %wait E_0x55558a2933c0;
    %load/vec4 v0x55558a2935e0_0;
    %flag_set/vec4 8;
    %jmp/0xz  T_31.0, 8;
    %load/vec4 v0x55558a293740_0;
    %flag_set/vec4 8;
    %jmp/0xz  T_31.2, 8;
    %pushi/vec4 1, 0, 1;
    %assign/vec4 v0x55558a293680_0, 0;
    %jmp T_31.3;
T_31.2 ;
    %load/vec4 v0x55558a293520_0;
    %assign/vec4 v0x55558a293680_0, 0;
T_31.3 ;
T_31.0 ;
    %jmp T_31;
    .thread T_31;
    .scope S_0x55558a232ea0;
T_32 ;
    %pushi/vec4 0, 0, 1;
    %store/vec4 v0x55558a293b10_0, 0, 1;
    %end;
    .thread T_32;
    .scope S_0x55558a232ea0;
T_33 ;
    %wait E_0x55558a2938f0;
    %load/vec4 v0x55558a293a50_0;
    %assign/vec4 v0x55558a293b10_0, 0;
    %jmp T_33;
    .thread T_33;
    .scope S_0x55558a22ef60;
T_34 ;
    %pushi/vec4 0, 0, 1;
    %store/vec4 v0x55558a293f00_0, 0, 1;
    %end;
    .thread T_34;
    .scope S_0x55558a22ef60;
T_35 ;
    %wait E_0x55558a293c30;
    %load/vec4 v0x55558a293e30_0;
    %flag_set/vec4 8;
    %jmp/0xz  T_35.0, 8;
    %load/vec4 v0x55558a293d70_0;
    %assign/vec4 v0x55558a293f00_0, 0;
T_35.0 ;
    %jmp T_35;
    .thread T_35;
    .scope S_0x55558a22e1e0;
T_36 ;
    %pushi/vec4 0, 0, 1;
    %store/vec4 v0x55558a294330_0, 0, 1;
    %end;
    .thread T_36;
    .scope S_0x55558a22e1e0;
T_37 ;
    %wait E_0x55558a294070;
    %load/vec4 v0x55558a2943f0_0;
    %flag_set/vec4 8;
    %jmp/0xz  T_37.0, 8;
    %pushi/vec4 0, 0, 1;
    %assign/vec4 v0x55558a294330_0, 0;
    %jmp T_37.1;
T_37.0 ;
    %load/vec4 v0x55558a294290_0;
    %flag_set/vec4 8;
    %jmp/0xz  T_37.2, 8;
    %load/vec4 v0x55558a2941d0_0;
    %assign/vec4 v0x55558a294330_0, 0;
T_37.2 ;
T_37.1 ;
    %jmp T_37;
    .thread T_37;
    .scope S_0x55558a22d460;
T_38 ;
    %pushi/vec4 0, 0, 1;
    %store/vec4 v0x55558a294860_0, 0, 1;
    %end;
    .thread T_38;
    .scope S_0x55558a22d460;
T_39 ;
    %wait E_0x55558a2945a0;
    %load/vec4 v0x55558a294920_0;
    %flag_set/vec4 8;
    %jmp/0xz  T_39.0, 8;
    %pushi/vec4 1, 0, 1;
    %assign/vec4 v0x55558a294860_0, 0;
    %jmp T_39.1;
T_39.0 ;
    %load/vec4 v0x55558a2947c0_0;
    %flag_set/vec4 8;
    %jmp/0xz  T_39.2, 8;
    %load/vec4 v0x55558a294700_0;
    %assign/vec4 v0x55558a294860_0, 0;
T_39.2 ;
T_39.1 ;
    %jmp T_39;
    .thread T_39;
    .scope S_0x55558a22a850;
T_40 ;
    %pushi/vec4 0, 0, 1;
    %store/vec4 v0x55558a294d90_0, 0, 1;
    %end;
    .thread T_40;
    .scope S_0x55558a22a850;
T_41 ;
    %wait E_0x55558a294ad0;
    %load/vec4 v0x55558a294cf0_0;
    %flag_set/vec4 8;
    %jmp/0xz  T_41.0, 8;
    %load/vec4 v0x55558a294e50_0;
    %flag_set/vec4 8;
    %jmp/0xz  T_41.2, 8;
    %pushi/vec4 0, 0, 1;
    %assign/vec4 v0x55558a294d90_0, 0;
    %jmp T_41.3;
T_41.2 ;
    %load/vec4 v0x55558a294c30_0;
    %assign/vec4 v0x55558a294d90_0, 0;
T_41.3 ;
T_41.0 ;
    %jmp T_41;
    .thread T_41;
    .scope S_0x55558a2427e0;
T_42 ;
    %pushi/vec4 0, 0, 1;
    %store/vec4 v0x55558a2952c0_0, 0, 1;
    %end;
    .thread T_42;
    .scope S_0x55558a2427e0;
T_43 ;
    %wait E_0x55558a295000;
    %load/vec4 v0x55558a295220_0;
    %flag_set/vec4 8;
    %jmp/0xz  T_43.0, 8;
    %load/vec4 v0x55558a295380_0;
    %flag_set/vec4 8;
    %jmp/0xz  T_43.2, 8;
    %pushi/vec4 1, 0, 1;
    %assign/vec4 v0x55558a2952c0_0, 0;
    %jmp T_43.3;
T_43.2 ;
    %load/vec4 v0x55558a295160_0;
    %assign/vec4 v0x55558a2952c0_0, 0;
T_43.3 ;
T_43.0 ;
    %jmp T_43;
    .thread T_43;
    .scope S_0x55558a23e4b0;
T_44 ;
    %pushi/vec4 0, 0, 1;
    %store/vec4 v0x55558a295750_0, 0, 1;
    %end;
    .thread T_44;
    .scope S_0x55558a23e4b0;
T_45 ;
    %wait E_0x55558a295530;
    %load/vec4 v0x55558a2957f0_0;
    %flag_set/vec4 8;
    %jmp/0xz  T_45.0, 8;
    %pushi/vec4 0, 0, 1;
    %assign/vec4 v0x55558a295750_0, 0;
    %jmp T_45.1;
T_45.0 ;
    %load/vec4 v0x55558a295690_0;
    %assign/vec4 v0x55558a295750_0, 0;
T_45.1 ;
    %jmp T_45;
    .thread T_45;
    .scope S_0x55558a22c6e0;
T_46 ;
    %pushi/vec4 0, 0, 1;
    %store/vec4 v0x55558a295b80_0, 0, 1;
    %end;
    .thread T_46;
    .scope S_0x55558a22c6e0;
T_47 ;
    %wait E_0x55558a295960;
    %load/vec4 v0x55558a295c20_0;
    %flag_set/vec4 8;
    %jmp/0xz  T_47.0, 8;
    %pushi/vec4 1, 0, 1;
    %assign/vec4 v0x55558a295b80_0, 0;
    %jmp T_47.1;
T_47.0 ;
    %load/vec4 v0x55558a295ac0_0;
    %assign/vec4 v0x55558a295b80_0, 0;
T_47.1 ;
    %jmp T_47;
    .thread T_47;
    .scope S_0x55558a23d190;
T_48 ;
    %pushi/vec4 0, 0, 1;
    %store/vec4 v0x55558a295fb0_0, 0, 1;
    %end;
    .thread T_48;
    .scope S_0x55558a23d190;
T_49 ;
    %wait E_0x55558a295d90;
    %load/vec4 v0x55558a296050_0;
    %flag_set/vec4 8;
    %jmp/0xz  T_49.0, 8;
    %pushi/vec4 0, 0, 1;
    %assign/vec4 v0x55558a295fb0_0, 0;
    %jmp T_49.1;
T_49.0 ;
    %load/vec4 v0x55558a295ef0_0;
    %assign/vec4 v0x55558a295fb0_0, 0;
T_49.1 ;
    %jmp T_49;
    .thread T_49;
    .scope S_0x55558a238310;
T_50 ;
    %pushi/vec4 0, 0, 1;
    %store/vec4 v0x55558a2963e0_0, 0, 1;
    %end;
    .thread T_50;
    .scope S_0x55558a238310;
T_51 ;
    %wait E_0x55558a2961c0;
    %load/vec4 v0x55558a296480_0;
    %flag_set/vec4 8;
    %jmp/0xz  T_51.0, 8;
    %pushi/vec4 1, 0, 1;
    %assign/vec4 v0x55558a2963e0_0, 0;
    %jmp T_51.1;
T_51.0 ;
    %load/vec4 v0x55558a296320_0;
    %assign/vec4 v0x55558a2963e0_0, 0;
T_51.1 ;
    %jmp T_51;
    .thread T_51;
    .scope S_0x55558a2279f0;
T_52 ;
    %pushi/vec4 0, 0, 1;
    %store/vec4 v0x55558a296810_0, 0, 1;
    %end;
    .thread T_52;
    .scope S_0x55558a2279f0;
T_53 ;
    %wait E_0x55558a2965f0;
    %load/vec4 v0x55558a2968b0_0;
    %flag_set/vec4 8;
    %jmp/0xz  T_53.0, 8;
    %pushi/vec4 0, 0, 1;
    %assign/vec4 v0x55558a296810_0, 0;
    %jmp T_53.1;
T_53.0 ;
    %load/vec4 v0x55558a296750_0;
    %assign/vec4 v0x55558a296810_0, 0;
T_53.1 ;
    %jmp T_53;
    .thread T_53;
    .scope S_0x55558a22a0e0;
T_54 ;
    %pushi/vec4 0, 0, 1;
    %store/vec4 v0x55558a296c40_0, 0, 1;
    %end;
    .thread T_54;
    .scope S_0x55558a22a0e0;
T_55 ;
    %wait E_0x55558a296a20;
    %load/vec4 v0x55558a296ce0_0;
    %flag_set/vec4 8;
    %jmp/0xz  T_55.0, 8;
    %pushi/vec4 1, 0, 1;
    %assign/vec4 v0x55558a296c40_0, 0;
    %jmp T_55.1;
T_55.0 ;
    %load/vec4 v0x55558a296b80_0;
    %assign/vec4 v0x55558a296c40_0, 0;
T_55.1 ;
    %jmp T_55;
    .thread T_55;
    .scope S_0x55558a229390;
T_56 ;
    %pushi/vec4 0, 0, 1;
    %store/vec4 v0x55558a297070_0, 0, 1;
    %end;
    .thread T_56;
    .scope S_0x55558a229390;
T_57 ;
    %wait E_0x55558a296e50;
    %load/vec4 v0x55558a297110_0;
    %flag_set/vec4 8;
    %jmp/0xz  T_57.0, 8;
    %pushi/vec4 0, 0, 1;
    %assign/vec4 v0x55558a297070_0, 0;
    %jmp T_57.1;
T_57.0 ;
    %load/vec4 v0x55558a296fb0_0;
    %assign/vec4 v0x55558a297070_0, 0;
T_57.1 ;
    %jmp T_57;
    .thread T_57;
    .scope S_0x55558a2286c0;
T_58 ;
    %pushi/vec4 0, 0, 1;
    %store/vec4 v0x55558a2974a0_0, 0, 1;
    %end;
    .thread T_58;
    .scope S_0x55558a2286c0;
T_59 ;
    %wait E_0x55558a297280;
    %load/vec4 v0x55558a297540_0;
    %flag_set/vec4 8;
    %jmp/0xz  T_59.0, 8;
    %pushi/vec4 1, 0, 1;
    %assign/vec4 v0x55558a2974a0_0, 0;
    %jmp T_59.1;
T_59.0 ;
    %load/vec4 v0x55558a2973e0_0;
    %assign/vec4 v0x55558a2974a0_0, 0;
T_59.1 ;
    %jmp T_59;
    .thread T_59;
    .scope S_0x55558a298150;
T_60 ;
    %wait E_0x55558a298470;
    %load/vec4 v0x55558a298e50_0;
    %assign/vec4 v0x55558a298f10_0, 0;
    %jmp T_60;
    .thread T_60;
    .scope S_0x55558a298150;
T_61 ;
    %wait E_0x55558a298470;
    %load/vec4 v0x55558a298e50_0;
    %flag_set/vec4 8;
    %jmp/0xz  T_61.0, 8;
    %load/vec4 v0x55558a298bf0_0;
    %assign/vec4 v0x55558a299320_0, 0;
T_61.0 ;
    %jmp T_61;
    .thread T_61;
    .scope S_0x55558a298150;
T_62 ;
    %wait E_0x55558a298410;
    %load/vec4 v0x55558a298f10_0;
    %flag_set/vec4 8;
    %jmp/0xz  T_62.0, 8;
    %load/vec4 v0x55558a298bf0_0;
    %assign/vec4 v0x55558a2993e0_0, 0;
T_62.0 ;
    %jmp T_62;
    .thread T_62;
    .scope S_0x55558a298150;
T_63 ;
    %wait E_0x55558a298330;
    %load/vec4 v0x55558a298e50_0;
    %assign/vec4 v0x55558a298fd0_0, 0;
    %jmp T_63;
    .thread T_63;
    .scope S_0x55558a298150;
T_64 ;
    %wait E_0x55558a298330;
    %load/vec4 v0x55558a298e50_0;
    %flag_set/vec4 8;
    %jmp/0xz  T_64.0, 8;
    %load/vec4 v0x55558a298720_0;
    %assign/vec4 v0x55558a299560_0, 0;
T_64.0 ;
    %jmp T_64;
    .thread T_64;
    .scope S_0x55558a298150;
T_65 ;
    %wait E_0x55558a2983b0;
    %load/vec4 v0x55558a298fd0_0;
    %flag_set/vec4 8;
    %jmp/0xz  T_65.0, 8;
    %load/vec4 v0x55558a2987e0_0;
    %assign/vec4 v0x55558a299620_0, 0;
T_65.0 ;
    %jmp T_65;
    .thread T_65;
    .scope S_0x55558a298150;
T_66 ;
    %wait E_0x55558a298330;
    %load/vec4 v0x55558a298e50_0;
    %flag_set/vec4 8;
    %jmp/0xz  T_66.0, 8;
    %load/vec4 v0x55558a298b30_0;
    %assign/vec4 v0x55558a299860_0, 0;
T_66.0 ;
    %jmp T_66;
    .thread T_66;
    .scope S_0x55558a297a90;
T_67 ;
    %wait E_0x55558a2980c0;
    %load/vec4 v0x55558a299320_0;
    %store/vec4 v0x55558a299090_0, 0, 1;
    %load/vec4 v0x55558a2993e0_0;
    %store/vec4 v0x55558a299150_0, 0, 1;
    %jmp T_67;
    .thread T_67, $push;
    .scope S_0x55558a297a90;
T_68 ;
    %wait E_0x55558a298060;
    %load/vec4 v0x55558a298a70_0;
    %assign/vec4 v0x55558a2996e0_0, 0;
    %jmp T_68;
    .thread T_68, $push;
    .scope S_0x55558a297a90;
T_69 ;
    %wait E_0x55558a298000;
    %load/vec4 v0x55558a2996e0_0;
    %assign/vec4 v0x55558a2997a0_0, 0;
    %jmp T_69;
    .thread T_69, $push;
    .scope S_0x55558a297a90;
T_70 ;
    %wait E_0x55558a297fa0;
    %load/vec4 v0x55558a2997a0_0;
    %pushi/vec4 0, 0, 1;
    %xor;
    %flag_set/vec4 8;
    %jmp/1 T_70.2, 8;
    %pushi/vec4 0, 0, 1;
    %flag_set/vec4 9;
    %flag_or 8, 9;
T_70.2;
    %jmp/0 T_70.0, 8;
    %load/vec4 v0x55558a299560_0;
    %jmp/1 T_70.1, 8;
T_70.0 ; End of true expr.
    %load/vec4 v0x55558a299620_0;
    %jmp/0 T_70.1, 8;
 ; End of false expr.
    %blend;
T_70.1;
    %store/vec4 v0x55558a2994a0_0, 0, 1;
    %jmp T_70;
    .thread T_70, $push;
    .scope S_0x55558a29d4b0;
T_71 ;
    %wait E_0x55558a29d780;
    %load/vec4 v0x55558a29d810_0;
    %flag_set/vec4 8;
    %jmp/0xz  T_71.0, 8;
    %load/vec4 v0x55558a29df00_0;
    %assign/vec4 v0x55558a29e2c0_0, 0;
T_71.0 ;
    %jmp T_71;
    .thread T_71;
    .scope S_0x55558a29d4b0;
T_72 ;
    %wait E_0x55558a29d720;
    %load/vec4 v0x55558a29d810_0;
    %flag_set/vec4 8;
    %jmp/0xz  T_72.0, 8;
    %load/vec4 v0x55558a29df00_0;
    %assign/vec4 v0x55558a29e380_0, 0;
T_72.0 ;
    %jmp T_72;
    .thread T_72;
    .scope S_0x55558a29d4b0;
T_73 ;
    %wait E_0x55558a29d640;
    %load/vec4 v0x55558a29d810_0;
    %flag_set/vec4 8;
    %jmp/0xz  T_73.0, 8;
    %load/vec4 v0x55558a29da30_0;
    %assign/vec4 v0x55558a29e500_0, 0;
T_73.0 ;
    %jmp T_73;
    .thread T_73;
    .scope S_0x55558a29d4b0;
T_74 ;
    %wait E_0x55558a29d6c0;
    %load/vec4 v0x55558a29d810_0;
    %flag_set/vec4 8;
    %jmp/0xz  T_74.0, 8;
    %load/vec4 v0x55558a29daf0_0;
    %assign/vec4 v0x55558a29e5c0_0, 0;
T_74.0 ;
    %jmp T_74;
    .thread T_74;
    .scope S_0x55558a29d4b0;
T_75 ;
    %wait E_0x55558a29d640;
    %load/vec4 v0x55558a29d810_0;
    %flag_set/vec4 8;
    %jmp/0xz  T_75.0, 8;
    %load/vec4 v0x55558a29de40_0;
    %assign/vec4 v0x55558a29e800_0, 0;
T_75.0 ;
    %jmp T_75;
    .thread T_75;
    .scope S_0x55558a1d2830;
T_76 ;
    %wait E_0x55558a29d420;
    %load/vec4 v0x55558a29e2c0_0;
    %store/vec4 v0x55558a29e140_0, 0, 1;
    %load/vec4 v0x55558a29e380_0;
    %store/vec4 v0x55558a29e200_0, 0, 1;
    %jmp T_76;
    .thread T_76, $push;
    .scope S_0x55558a1d2830;
T_77 ;
    %wait E_0x55558a29d3c0;
    %load/vec4 v0x55558a29dd80_0;
    %assign/vec4 v0x55558a29e680_0, 0;
    %jmp T_77;
    .thread T_77, $push;
    .scope S_0x55558a1d2830;
T_78 ;
    %wait E_0x55558a29d360;
    %load/vec4 v0x55558a29e680_0;
    %assign/vec4 v0x55558a29e740_0, 0;
    %jmp T_78;
    .thread T_78, $push;
    .scope S_0x55558a1d2830;
T_79 ;
    %wait E_0x55558a29d2e0;
    %load/vec4 v0x55558a29e740_0;
    %pushi/vec4 0, 0, 1;
    %xor;
    %flag_set/vec4 8;
    %jmp/1 T_79.2, 8;
    %pushi/vec4 0, 0, 1;
    %flag_set/vec4 9;
    %flag_or 8, 9;
T_79.2;
    %jmp/0 T_79.0, 8;
    %load/vec4 v0x55558a29e500_0;
    %jmp/1 T_79.1, 8;
T_79.0 ; End of true expr.
    %load/vec4 v0x55558a29e5c0_0;
    %jmp/0 T_79.1, 8;
 ; End of false expr.
    %blend;
T_79.1;
    %store/vec4 v0x55558a29e440_0, 0, 1;
    %jmp T_79;
    .thread T_79, $push;
    .scope S_0x55558a29ec10;
T_80 ;
    %wait E_0x55558a29eee0;
    %load/vec4 v0x55558a29ef70_0;
    %flag_set/vec4 8;
    %jmp/0xz  T_80.0, 8;
    %load/vec4 v0x55558a29f660_0;
    %assign/vec4 v0x55558a29f8a0_0, 0;
T_80.0 ;
    %jmp T_80;
    .thread T_80;
    .scope S_0x55558a29ec10;
T_81 ;
    %wait E_0x55558a29ee80;
    %load/vec4 v0x55558a29ef70_0;
    %flag_set/vec4 8;
    %jmp/0xz  T_81.0, 8;
    %load/vec4 v0x55558a29f660_0;
    %assign/vec4 v0x55558a29f960_0, 0;
T_81.0 ;
    %jmp T_81;
    .thread T_81;
    .scope S_0x55558a29ec10;
T_82 ;
    %wait E_0x55558a29eda0;
    %load/vec4 v0x55558a29ef70_0;
    %flag_set/vec4 8;
    %jmp/0xz  T_82.0, 8;
    %load/vec4 v0x55558a29f190_0;
    %assign/vec4 v0x55558a29fae0_0, 0;
T_82.0 ;
    %jmp T_82;
    .thread T_82;
    .scope S_0x55558a29ec10;
T_83 ;
    %wait E_0x55558a29ee20;
    %load/vec4 v0x55558a29ef70_0;
    %flag_set/vec4 8;
    %jmp/0xz  T_83.0, 8;
    %load/vec4 v0x55558a29f250_0;
    %assign/vec4 v0x55558a29fba0_0, 0;
T_83.0 ;
    %jmp T_83;
    .thread T_83;
    .scope S_0x55558a29ec10;
T_84 ;
    %wait E_0x55558a29eda0;
    %load/vec4 v0x55558a29ef70_0;
    %flag_set/vec4 8;
    %jmp/0xz  T_84.0, 8;
    %load/vec4 v0x55558a29f5a0_0;
    %assign/vec4 v0x55558a29fef0_0, 0;
T_84.0 ;
    %jmp T_84;
    .thread T_84;
    .scope S_0x55558a1d0990;
T_85 ;
    %wait E_0x55558a29eb80;
    %load/vec4 v0x55558a29f8a0_0;
    %store/vec4 v0x55558a29f720_0, 0, 1;
    %load/vec4 v0x55558a29f960_0;
    %store/vec4 v0x55558a29f7e0_0, 0, 1;
    %jmp T_85;
    .thread T_85, $push;
    .scope S_0x55558a1d0990;
T_86 ;
    %wait E_0x55558a29eb20;
    %load/vec4 v0x55558a29f4e0_0;
    %assign/vec4 v0x55558a29fd70_0, 0;
    %jmp T_86;
    .thread T_86, $push;
    .scope S_0x55558a1d0990;
T_87 ;
    %wait E_0x55558a29eac0;
    %load/vec4 v0x55558a29fd70_0;
    %assign/vec4 v0x55558a29fe30_0, 0;
    %jmp T_87;
    .thread T_87, $push;
    .scope S_0x55558a1d0990;
T_88 ;
    %wait E_0x55558a29ea40;
    %load/vec4 v0x55558a29fe30_0;
    %pushi/vec4 0, 0, 1;
    %xor;
    %flag_set/vec4 8;
    %jmp/1 T_88.2, 8;
    %pushi/vec4 0, 0, 1;
    %flag_set/vec4 9;
    %flag_or 8, 9;
T_88.2;
    %jmp/0 T_88.0, 8;
    %load/vec4 v0x55558a29fae0_0;
    %jmp/1 T_88.1, 8;
T_88.0 ; End of true expr.
    %load/vec4 v0x55558a29fba0_0;
    %jmp/0 T_88.1, 8;
 ; End of false expr.
    %blend;
T_88.1;
    %store/vec4 v0x55558a29fa20_0, 0, 1;
    %jmp T_88;
    .thread T_88, $push;
    .scope S_0x55558a1cd3e0;
T_89 ;
    %wait E_0x55558a2a2900;
    %load/vec4 v0x55558a2a3c90_0;
    %flag_set/vec4 8;
    %jmp/0xz  T_89.0, 8;
    %pushi/vec4 0, 0, 16;
    %assign/vec4 v0x55558a2a9900_0, 0;
    %pushi/vec4 0, 0, 16;
    %assign/vec4 v0x55558a2a9740_0, 0;
    %jmp T_89.1;
T_89.0 ;
    %load/vec4 v0x55558a2a34a0_0;
    %flag_set/vec4 8;
    %jmp/0xz  T_89.2, 8;
    %load/vec4 v0x55558a2a3560_0;
    %nor/r;
    %flag_set/vec4 8;
    %jmp/0xz  T_89.4, 8;
    %load/vec4 v0x55558a2a33c0_0;
    %assign/vec4 v0x55558a2a9900_0, 0;
T_89.4 ;
    %load/vec4 v0x55558a2a2d50_0;
    %nor/r;
    %flag_set/vec4 8;
    %jmp/0xz  T_89.6, 8;
    %load/vec4 v0x55558a2a2990_0;
    %assign/vec4 v0x55558a2a9740_0, 0;
T_89.6 ;
T_89.2 ;
T_89.1 ;
    %jmp T_89;
    .thread T_89;
    .scope S_0x55558a1cd3e0;
T_90 ;
    %wait E_0x55558a2a28a0;
    %load/vec4 v0x55558a2a3bd0_0;
    %flag_set/vec4 8;
    %jmp/0xz  T_90.0, 8;
    %pushi/vec4 0, 0, 16;
    %assign/vec4 v0x55558a2a9820_0, 0;
    %pushi/vec4 0, 0, 16;
    %assign/vec4 v0x55558a2a99e0_0, 0;
    %jmp T_90.1;
T_90.0 ;
    %load/vec4 v0x55558a2a34a0_0;
    %flag_set/vec4 8;
    %jmp/0xz  T_90.2, 8;
    %load/vec4 v0x55558a2a3140_0;
    %nor/r;
    %flag_set/vec4 8;
    %jmp/0xz  T_90.4, 8;
    %load/vec4 v0x55558a2a2fd0_0;
    %assign/vec4 v0x55558a2a9820_0, 0;
T_90.4 ;
    %load/vec4 v0x55558a2a3a50_0;
    %nor/r;
    %flag_set/vec4 8;
    %jmp/0xz  T_90.6, 8;
    %load/vec4 v0x55558a2a3970_0;
    %assign/vec4 v0x55558a2a99e0_0, 0;
T_90.6 ;
T_90.2 ;
T_90.1 ;
    %jmp T_90;
    .thread T_90;
    .scope S_0x55558a1cd3e0;
T_91 ;
    %wait E_0x55558a2a2900;
    %load/vec4 v0x55558a2a3c90_0;
    %flag_set/vec4 8;
    %jmp/0xz  T_91.0, 8;
    %pushi/vec4 0, 0, 16;
    %assign/vec4 v0x55558a2aa2d0_0, 0;
    %pushi/vec4 0, 0, 16;
    %assign/vec4 v0x55558a2aa570_0, 0;
    %jmp T_91.1;
T_91.0 ;
    %load/vec4 v0x55558a2a34a0_0;
    %flag_set/vec4 8;
    %jmp/0xz  T_91.2, 8;
    %load/vec4 v0x55558a2a93c0_0;
    %assign/vec4 v0x55558a2aa2d0_0, 0;
    %load/vec4 v0x55558a2a9580_0;
    %assign/vec4 v0x55558a2aa570_0, 0;
T_91.2 ;
T_91.1 ;
    %jmp T_91;
    .thread T_91;
    .scope S_0x55558a1cd3e0;
T_92 ;
    %wait E_0x55558a2a28a0;
    %load/vec4 v0x55558a2a3bd0_0;
    %flag_set/vec4 8;
    %jmp/0xz  T_92.0, 8;
    %pushi/vec4 0, 0, 16;
    %assign/vec4 v0x55558a2aa650_0, 0;
    %pushi/vec4 0, 0, 16;
    %assign/vec4 v0x55558a2aa3b0_0, 0;
    %jmp T_92.1;
T_92.0 ;
    %load/vec4 v0x55558a2a34a0_0;
    %flag_set/vec4 8;
    %jmp/0xz  T_92.2, 8;
    %load/vec4 v0x55558a2a94a0_0;
    %assign/vec4 v0x55558a2aa650_0, 0;
    %load/vec4 v0x55558a2a9660_0;
    %assign/vec4 v0x55558a2aa3b0_0, 0;
T_92.2 ;
T_92.1 ;
    %jmp T_92;
    .thread T_92;
    .scope S_0x55558a1cd3e0;
T_93 ;
    %wait E_0x55558a2a28a0;
    %load/vec4 v0x55558a2a3bd0_0;
    %flag_set/vec4 8;
    %jmp/0xz  T_93.0, 8;
    %pushi/vec4 0, 0, 32;
    %assign/vec4 v0x55558a2aa490_0, 0;
    %jmp T_93.1;
T_93.0 ;
    %load/vec4 v0x55558a2a34a0_0;
    %flag_set/vec4 8;
    %jmp/0xz  T_93.2, 8;
    %load/vec4 v0x55558a2a8be0_0;
    %assign/vec4 v0x55558a2aa490_0, 0;
T_93.2 ;
T_93.1 ;
    %jmp T_93;
    .thread T_93;
    .scope S_0x55558a1cd3e0;
T_94 ;
    %wait E_0x55558a2a2840;
    %load/vec4 v0x55558a2a4370_0;
    %flag_set/vec4 8;
    %jmp/0xz  T_94.0, 8;
    %pushi/vec4 0, 0, 16;
    %assign/vec4 v0x55558a2aa730_0, 0;
    %jmp T_94.1;
T_94.0 ;
    %load/vec4 v0x55558a2a34a0_0;
    %flag_set/vec4 8;
    %jmp/0xz  T_94.2, 8;
    %load/vec4 v0x55558a2a4070_0;
    %nor/r;
    %flag_set/vec4 8;
    %jmp/0xz  T_94.4, 8;
    %load/vec4 v0x55558a2a8cc0_0;
    %assign/vec4 v0x55558a2aa730_0, 0;
T_94.4 ;
T_94.2 ;
T_94.1 ;
    %jmp T_94;
    .thread T_94;
    .scope S_0x55558a1cd3e0;
T_95 ;
    %wait E_0x55558a2a27c0;
    %load/vec4 v0x55558a2a42b0_0;
    %flag_set/vec4 8;
    %jmp/0xz  T_95.0, 8;
    %pushi/vec4 0, 0, 16;
    %assign/vec4 v0x55558a2aa810_0, 0;
    %jmp T_95.1;
T_95.0 ;
    %load/vec4 v0x55558a2a34a0_0;
    %flag_set/vec4 8;
    %jmp/0xz  T_95.2, 8;
    %load/vec4 v0x55558a2a3fb0_0;
    %nor/r;
    %flag_set/vec4 8;
    %jmp/0xz  T_95.4, 8;
    %load/vec4 v0x55558a2a8e80_0;
    %assign/vec4 v0x55558a2aa810_0, 0;
T_95.4 ;
T_95.2 ;
T_95.1 ;
    %jmp T_95;
    .thread T_95;
    .scope S_0x55558a2ae9d0;
T_96 ;
    %pushi/vec4 0, 0, 32;
    %store/vec4 v0x55558a2b1c80_0, 0, 32;
T_96.0 ; Top of for-loop
    %load/vec4 v0x55558a2b1c80_0;
    %cmpi/s 16, 0, 32;
	  %jmp/0xz T_96.1, 5;
    %pushi/vec4 0, 0, 256;
    %load/vec4 v0x55558a2b1c80_0;
    %muli 16, 0, 32;
    %part/s 16;
    %pushi/vec4 0, 0, 32;
    %load/vec4 v0x55558a2b1c80_0;
    %add;
    %ix/vec4/s 4;
    %store/vec4a v0x55558a2b1d60, 4, 0;
    %pushi/vec4 0, 0, 256;
    %load/vec4 v0x55558a2b1c80_0;
    %muli 16, 0, 32;
    %part/s 16;
    %pushi/vec4 16, 0, 32;
    %load/vec4 v0x55558a2b1c80_0;
    %add;
    %ix/vec4/s 4;
    %store/vec4a v0x55558a2b1d60, 4, 0;
    %pushi/vec4 0, 0, 256;
    %load/vec4 v0x55558a2b1c80_0;
    %muli 16, 0, 32;
    %part/s 16;
    %pushi/vec4 32, 0, 32;
    %load/vec4 v0x55558a2b1c80_0;
    %add;
    %ix/vec4/s 4;
    %store/vec4a v0x55558a2b1d60, 4, 0;
    %pushi/vec4 0, 0, 256;
    %load/vec4 v0x55558a2b1c80_0;
    %muli 16, 0, 32;
    %part/s 16;
    %pushi/vec4 48, 0, 32;
    %load/vec4 v0x55558a2b1c80_0;
    %add;
    %ix/vec4/s 4;
    %store/vec4a v0x55558a2b1d60, 4, 0;
    %pushi/vec4 0, 0, 256;
    %load/vec4 v0x55558a2b1c80_0;
    %muli 16, 0, 32;
    %part/s 16;
    %pushi/vec4 64, 0, 32;
    %load/vec4 v0x55558a2b1c80_0;
    %add;
    %ix/vec4/s 4;
    %store/vec4a v0x55558a2b1d60, 4, 0;
    %pushi/vec4 0, 0, 256;
    %load/vec4 v0x55558a2b1c80_0;
    %muli 16, 0, 32;
    %part/s 16;
    %pushi/vec4 80, 0, 32;
    %load/vec4 v0x55558a2b1c80_0;
    %add;
    %ix/vec4/s 4;
    %store/vec4a v0x55558a2b1d60, 4, 0;
    %pushi/vec4 0, 0, 256;
    %load/vec4 v0x55558a2b1c80_0;
    %muli 16, 0, 32;
    %part/s 16;
    %pushi/vec4 96, 0, 32;
    %load/vec4 v0x55558a2b1c80_0;
    %add;
    %ix/vec4/s 4;
    %store/vec4a v0x55558a2b1d60, 4, 0;
    %pushi/vec4 0, 0, 256;
    %load/vec4 v0x55558a2b1c80_0;
    %muli 16, 0, 32;
    %part/s 16;
    %pushi/vec4 112, 0, 32;
    %load/vec4 v0x55558a2b1c80_0;
    %add;
    %ix/vec4/s 4;
    %store/vec4a v0x55558a2b1d60, 4, 0;
    %pushi/vec4 0, 0, 256;
    %load/vec4 v0x55558a2b1c80_0;
    %muli 16, 0, 32;
    %part/s 16;
    %pushi/vec4 128, 0, 32;
    %load/vec4 v0x55558a2b1c80_0;
    %add;
    %ix/vec4/s 4;
    %store/vec4a v0x55558a2b1d60, 4, 0;
    %pushi/vec4 0, 0, 256;
    %load/vec4 v0x55558a2b1c80_0;
    %muli 16, 0, 32;
    %part/s 16;
    %pushi/vec4 144, 0, 32;
    %load/vec4 v0x55558a2b1c80_0;
    %add;
    %ix/vec4/s 4;
    %store/vec4a v0x55558a2b1d60, 4, 0;
    %pushi/vec4 0, 0, 256;
    %load/vec4 v0x55558a2b1c80_0;
    %muli 16, 0, 32;
    %part/s 16;
    %pushi/vec4 160, 0, 32;
    %load/vec4 v0x55558a2b1c80_0;
    %add;
    %ix/vec4/s 4;
    %store/vec4a v0x55558a2b1d60, 4, 0;
    %pushi/vec4 0, 0, 256;
    %load/vec4 v0x55558a2b1c80_0;
    %muli 16, 0, 32;
    %part/s 16;
    %pushi/vec4 176, 0, 32;
    %load/vec4 v0x55558a2b1c80_0;
    %add;
    %ix/vec4/s 4;
    %store/vec4a v0x55558a2b1d60, 4, 0;
    %pushi/vec4 0, 0, 256;
    %load/vec4 v0x55558a2b1c80_0;
    %muli 16, 0, 32;
    %part/s 16;
    %pushi/vec4 192, 0, 32;
    %load/vec4 v0x55558a2b1c80_0;
    %add;
    %ix/vec4/s 4;
    %store/vec4a v0x55558a2b1d60, 4, 0;
    %pushi/vec4 0, 0, 256;
    %load/vec4 v0x55558a2b1c80_0;
    %muli 16, 0, 32;
    %part/s 16;
    %pushi/vec4 208, 0, 32;
    %load/vec4 v0x55558a2b1c80_0;
    %add;
    %ix/vec4/s 4;
    %store/vec4a v0x55558a2b1d60, 4, 0;
    %pushi/vec4 0, 0, 256;
    %load/vec4 v0x55558a2b1c80_0;
    %muli 16, 0, 32;
    %part/s 16;
    %pushi/vec4 224, 0, 32;
    %load/vec4 v0x55558a2b1c80_0;
    %add;
    %ix/vec4/s 4;
    %store/vec4a v0x55558a2b1d60, 4, 0;
    %pushi/vec4 0, 0, 256;
    %load/vec4 v0x55558a2b1c80_0;
    %muli 16, 0, 32;
    %part/s 16;
    %pushi/vec4 240, 0, 32;
    %load/vec4 v0x55558a2b1c80_0;
    %add;
    %ix/vec4/s 4;
    %store/vec4a v0x55558a2b1d60, 4, 0;
T_96.2 ; for-loop step statement
    %load/vec4 v0x55558a2b1c80_0;
    %addi 1, 0, 32;
    %store/vec4 v0x55558a2b1c80_0, 0, 32;
    %jmp T_96.0;
T_96.1 ; for-loop exit label
    %end;
    .thread T_96;
    .scope S_0x55558a2ae9d0;
T_97 ;
    %wait E_0x55558a2b0790;
    %load/vec4 v0x55558a2b1ae0_0;
    %flag_set/vec4 9;
    %flag_get/vec4 9;
    %jmp/0 T_97.2, 9;
    %load/vec4 v0x55558a2b1860_0;
    %and;
T_97.2;
    %flag_set/vec4 8;
    %jmp/0xz  T_97.0, 8;
    %load/vec4 v0x55558a2b1ba0_0;
    %parti/s 1, 0, 2;
    %nor/r;
    %flag_set/vec4 8;
    %jmp/0xz  T_97.3, 8;
    %load/vec4 v0x55558a2b1a00_0;
    %parti/s 1, 0, 2;
    %load/vec4 v0x55558a2b16c0_0;
    %parti/s 8, 0, 2;
    %pad/u 10;
    %ix/vec4 3;
    %ix/load 4, 0, 0; Constant delay
    %assign/vec4/a/d v0x55558a2b1d60, 0, 4;
T_97.3 ;
    %load/vec4 v0x55558a2b1ba0_0;
    %parti/s 1, 1, 2;
    %nor/r;
    %flag_set/vec4 8;
    %jmp/0xz  T_97.5, 8;
    %load/vec4 v0x55558a2b1a00_0;
    %parti/s 1, 1, 2;
    %load/vec4 v0x55558a2b16c0_0;
    %parti/s 8, 0, 2;
    %pad/u 10;
    %ix/vec4 3;
    %ix/load 4, 1, 0; part off
    %ix/load 5, 0, 0; Constant delay
    %assign/vec4/a/d v0x55558a2b1d60, 4, 5;
T_97.5 ;
    %load/vec4 v0x55558a2b1ba0_0;
    %parti/s 1, 2, 3;
    %nor/r;
    %flag_set/vec4 8;
    %jmp/0xz  T_97.7, 8;
    %load/vec4 v0x55558a2b1a00_0;
    %parti/s 1, 2, 3;
    %load/vec4 v0x55558a2b16c0_0;
    %parti/s 8, 0, 2;
    %pad/u 10;
    %ix/vec4 3;
    %ix/load 4, 2, 0; part off
    %ix/load 5, 0, 0; Constant delay
    %assign/vec4/a/d v0x55558a2b1d60, 4, 5;
T_97.7 ;
    %load/vec4 v0x55558a2b1ba0_0;
    %parti/s 1, 3, 3;
    %nor/r;
    %flag_set/vec4 8;
    %jmp/0xz  T_97.9, 8;
    %load/vec4 v0x55558a2b1a00_0;
    %parti/s 1, 3, 3;
    %load/vec4 v0x55558a2b16c0_0;
    %parti/s 8, 0, 2;
    %pad/u 10;
    %ix/vec4 3;
    %ix/load 4, 3, 0; part off
    %ix/load 5, 0, 0; Constant delay
    %assign/vec4/a/d v0x55558a2b1d60, 4, 5;
T_97.9 ;
    %load/vec4 v0x55558a2b1ba0_0;
    %parti/s 1, 4, 4;
    %nor/r;
    %flag_set/vec4 8;
    %jmp/0xz  T_97.11, 8;
    %load/vec4 v0x55558a2b1a00_0;
    %parti/s 1, 4, 4;
    %load/vec4 v0x55558a2b16c0_0;
    %parti/s 8, 0, 2;
    %pad/u 10;
    %ix/vec4 3;
    %ix/load 4, 4, 0; part off
    %ix/load 5, 0, 0; Constant delay
    %assign/vec4/a/d v0x55558a2b1d60, 4, 5;
T_97.11 ;
    %load/vec4 v0x55558a2b1ba0_0;
    %parti/s 1, 5, 4;
    %nor/r;
    %flag_set/vec4 8;
    %jmp/0xz  T_97.13, 8;
    %load/vec4 v0x55558a2b1a00_0;
    %parti/s 1, 5, 4;
    %load/vec4 v0x55558a2b16c0_0;
    %parti/s 8, 0, 2;
    %pad/u 10;
    %ix/vec4 3;
    %ix/load 4, 5, 0; part off
    %ix/load 5, 0, 0; Constant delay
    %assign/vec4/a/d v0x55558a2b1d60, 4, 5;
T_97.13 ;
    %load/vec4 v0x55558a2b1ba0_0;
    %parti/s 1, 6, 4;
    %nor/r;
    %flag_set/vec4 8;
    %jmp/0xz  T_97.15, 8;
    %load/vec4 v0x55558a2b1a00_0;
    %parti/s 1, 6, 4;
    %load/vec4 v0x55558a2b16c0_0;
    %parti/s 8, 0, 2;
    %pad/u 10;
    %ix/vec4 3;
    %ix/load 4, 6, 0; part off
    %ix/load 5, 0, 0; Constant delay
    %assign/vec4/a/d v0x55558a2b1d60, 4, 5;
T_97.15 ;
    %load/vec4 v0x55558a2b1ba0_0;
    %parti/s 1, 7, 4;
    %nor/r;
    %flag_set/vec4 8;
    %jmp/0xz  T_97.17, 8;
    %load/vec4 v0x55558a2b1a00_0;
    %parti/s 1, 7, 4;
    %load/vec4 v0x55558a2b16c0_0;
    %parti/s 8, 0, 2;
    %pad/u 10;
    %ix/vec4 3;
    %ix/load 4, 7, 0; part off
    %ix/load 5, 0, 0; Constant delay
    %assign/vec4/a/d v0x55558a2b1d60, 4, 5;
T_97.17 ;
    %load/vec4 v0x55558a2b1ba0_0;
    %parti/s 1, 8, 5;
    %nor/r;
    %flag_set/vec4 8;
    %jmp/0xz  T_97.19, 8;
    %load/vec4 v0x55558a2b1a00_0;
    %parti/s 1, 8, 5;
    %load/vec4 v0x55558a2b16c0_0;
    %parti/s 8, 0, 2;
    %pad/u 10;
    %ix/vec4 3;
    %ix/load 4, 8, 0; part off
    %ix/load 5, 0, 0; Constant delay
    %assign/vec4/a/d v0x55558a2b1d60, 4, 5;
T_97.19 ;
    %load/vec4 v0x55558a2b1ba0_0;
    %parti/s 1, 9, 5;
    %nor/r;
    %flag_set/vec4 8;
    %jmp/0xz  T_97.21, 8;
    %load/vec4 v0x55558a2b1a00_0;
    %parti/s 1, 9, 5;
    %load/vec4 v0x55558a2b16c0_0;
    %parti/s 8, 0, 2;
    %pad/u 10;
    %ix/vec4 3;
    %ix/load 4, 9, 0; part off
    %ix/load 5, 0, 0; Constant delay
    %assign/vec4/a/d v0x55558a2b1d60, 4, 5;
T_97.21 ;
    %load/vec4 v0x55558a2b1ba0_0;
    %parti/s 1, 10, 5;
    %nor/r;
    %flag_set/vec4 8;
    %jmp/0xz  T_97.23, 8;
    %load/vec4 v0x55558a2b1a00_0;
    %parti/s 1, 10, 5;
    %load/vec4 v0x55558a2b16c0_0;
    %parti/s 8, 0, 2;
    %pad/u 10;
    %ix/vec4 3;
    %ix/load 4, 10, 0; part off
    %ix/load 5, 0, 0; Constant delay
    %assign/vec4/a/d v0x55558a2b1d60, 4, 5;
T_97.23 ;
    %load/vec4 v0x55558a2b1ba0_0;
    %parti/s 1, 11, 5;
    %nor/r;
    %flag_set/vec4 8;
    %jmp/0xz  T_97.25, 8;
    %load/vec4 v0x55558a2b1a00_0;
    %parti/s 1, 11, 5;
    %load/vec4 v0x55558a2b16c0_0;
    %parti/s 8, 0, 2;
    %pad/u 10;
    %ix/vec4 3;
    %ix/load 4, 11, 0; part off
    %ix/load 5, 0, 0; Constant delay
    %assign/vec4/a/d v0x55558a2b1d60, 4, 5;
T_97.25 ;
    %load/vec4 v0x55558a2b1ba0_0;
    %parti/s 1, 12, 5;
    %nor/r;
    %flag_set/vec4 8;
    %jmp/0xz  T_97.27, 8;
    %load/vec4 v0x55558a2b1a00_0;
    %parti/s 1, 12, 5;
    %load/vec4 v0x55558a2b16c0_0;
    %parti/s 8, 0, 2;
    %pad/u 10;
    %ix/vec4 3;
    %ix/load 4, 12, 0; part off
    %ix/load 5, 0, 0; Constant delay
    %assign/vec4/a/d v0x55558a2b1d60, 4, 5;
T_97.27 ;
    %load/vec4 v0x55558a2b1ba0_0;
    %parti/s 1, 13, 5;
    %nor/r;
    %flag_set/vec4 8;
    %jmp/0xz  T_97.29, 8;
    %load/vec4 v0x55558a2b1a00_0;
    %parti/s 1, 13, 5;
    %load/vec4 v0x55558a2b16c0_0;
    %parti/s 8, 0, 2;
    %pad/u 10;
    %ix/vec4 3;
    %ix/load 4, 13, 0; part off
    %ix/load 5, 0, 0; Constant delay
    %assign/vec4/a/d v0x55558a2b1d60, 4, 5;
T_97.29 ;
    %load/vec4 v0x55558a2b1ba0_0;
    %parti/s 1, 14, 5;
    %nor/r;
    %flag_set/vec4 8;
    %jmp/0xz  T_97.31, 8;
    %load/vec4 v0x55558a2b1a00_0;
    %parti/s 1, 14, 5;
    %load/vec4 v0x55558a2b16c0_0;
    %parti/s 8, 0, 2;
    %pad/u 10;
    %ix/vec4 3;
    %ix/load 4, 14, 0; part off
    %ix/load 5, 0, 0; Constant delay
    %assign/vec4/a/d v0x55558a2b1d60, 4, 5;
T_97.31 ;
    %load/vec4 v0x55558a2b1ba0_0;
    %parti/s 1, 15, 5;
    %nor/r;
    %flag_set/vec4 8;
    %jmp/0xz  T_97.33, 8;
    %load/vec4 v0x55558a2b1a00_0;
    %parti/s 1, 15, 5;
    %load/vec4 v0x55558a2b16c0_0;
    %parti/s 8, 0, 2;
    %pad/u 10;
    %ix/vec4 3;
    %ix/load 4, 15, 0; part off
    %ix/load 5, 0, 0; Constant delay
    %assign/vec4/a/d v0x55558a2b1d60, 4, 5;
T_97.33 ;
T_97.0 ;
    %jmp T_97;
    .thread T_97;
    .scope S_0x55558a2ae9d0;
T_98 ;
    %wait E_0x55558a2b0710;
    %load/vec4 v0x55558a2b1520_0;
    %flag_set/vec4 9;
    %flag_get/vec4 9;
    %jmp/0 T_98.2, 9;
    %load/vec4 v0x55558a2b1250_0;
    %and;
T_98.2;
    %flag_set/vec4 8;
    %jmp/0xz  T_98.0, 8;
    %load/vec4 v0x55558a2b10a0_0;
    %parti/s 8, 0, 2;
    %pad/u 10;
    %ix/vec4 4;
    %load/vec4a v0x55558a2b1d60, 4;
    %load/vec4 v0x55558a2b15e0_0;
    %inv;
    %and;
    %assign/vec4 v0x55558a2b1440_0, 0;
T_98.0 ;
    %jmp T_98;
    .thread T_98;
    .scope S_0x55558a2b2a60;
T_99 ;
    %pushi/vec4 0, 0, 32;
    %store/vec4 v0x55558a2b5fc0_0, 0, 32;
T_99.0 ; Top of for-loop
    %load/vec4 v0x55558a2b5fc0_0;
    %cmpi/s 16, 0, 32;
	  %jmp/0xz T_99.1, 5;
    %pushi/vec4 0, 0, 256;
    %load/vec4 v0x55558a2b5fc0_0;
    %muli 16, 0, 32;
    %part/s 16;
    %pushi/vec4 0, 0, 32;
    %load/vec4 v0x55558a2b5fc0_0;
    %add;
    %ix/vec4/s 4;
    %store/vec4a v0x55558a2b60a0, 4, 0;
    %pushi/vec4 0, 0, 256;
    %load/vec4 v0x55558a2b5fc0_0;
    %muli 16, 0, 32;
    %part/s 16;
    %pushi/vec4 16, 0, 32;
    %load/vec4 v0x55558a2b5fc0_0;
    %add;
    %ix/vec4/s 4;
    %store/vec4a v0x55558a2b60a0, 4, 0;
    %pushi/vec4 0, 0, 256;
    %load/vec4 v0x55558a2b5fc0_0;
    %muli 16, 0, 32;
    %part/s 16;
    %pushi/vec4 32, 0, 32;
    %load/vec4 v0x55558a2b5fc0_0;
    %add;
    %ix/vec4/s 4;
    %store/vec4a v0x55558a2b60a0, 4, 0;
    %pushi/vec4 0, 0, 256;
    %load/vec4 v0x55558a2b5fc0_0;
    %muli 16, 0, 32;
    %part/s 16;
    %pushi/vec4 48, 0, 32;
    %load/vec4 v0x55558a2b5fc0_0;
    %add;
    %ix/vec4/s 4;
    %store/vec4a v0x55558a2b60a0, 4, 0;
    %pushi/vec4 0, 0, 256;
    %load/vec4 v0x55558a2b5fc0_0;
    %muli 16, 0, 32;
    %part/s 16;
    %pushi/vec4 64, 0, 32;
    %load/vec4 v0x55558a2b5fc0_0;
    %add;
    %ix/vec4/s 4;
    %store/vec4a v0x55558a2b60a0, 4, 0;
    %pushi/vec4 0, 0, 256;
    %load/vec4 v0x55558a2b5fc0_0;
    %muli 16, 0, 32;
    %part/s 16;
    %pushi/vec4 80, 0, 32;
    %load/vec4 v0x55558a2b5fc0_0;
    %add;
    %ix/vec4/s 4;
    %store/vec4a v0x55558a2b60a0, 4, 0;
    %pushi/vec4 0, 0, 256;
    %load/vec4 v0x55558a2b5fc0_0;
    %muli 16, 0, 32;
    %part/s 16;
    %pushi/vec4 96, 0, 32;
    %load/vec4 v0x55558a2b5fc0_0;
    %add;
    %ix/vec4/s 4;
    %store/vec4a v0x55558a2b60a0, 4, 0;
    %pushi/vec4 0, 0, 256;
    %load/vec4 v0x55558a2b5fc0_0;
    %muli 16, 0, 32;
    %part/s 16;
    %pushi/vec4 112, 0, 32;
    %load/vec4 v0x55558a2b5fc0_0;
    %add;
    %ix/vec4/s 4;
    %store/vec4a v0x55558a2b60a0, 4, 0;
    %pushi/vec4 0, 0, 256;
    %load/vec4 v0x55558a2b5fc0_0;
    %muli 16, 0, 32;
    %part/s 16;
    %pushi/vec4 128, 0, 32;
    %load/vec4 v0x55558a2b5fc0_0;
    %add;
    %ix/vec4/s 4;
    %store/vec4a v0x55558a2b60a0, 4, 0;
    %pushi/vec4 0, 0, 256;
    %load/vec4 v0x55558a2b5fc0_0;
    %muli 16, 0, 32;
    %part/s 16;
    %pushi/vec4 144, 0, 32;
    %load/vec4 v0x55558a2b5fc0_0;
    %add;
    %ix/vec4/s 4;
    %store/vec4a v0x55558a2b60a0, 4, 0;
    %pushi/vec4 0, 0, 256;
    %load/vec4 v0x55558a2b5fc0_0;
    %muli 16, 0, 32;
    %part/s 16;
    %pushi/vec4 160, 0, 32;
    %load/vec4 v0x55558a2b5fc0_0;
    %add;
    %ix/vec4/s 4;
    %store/vec4a v0x55558a2b60a0, 4, 0;
    %pushi/vec4 0, 0, 256;
    %load/vec4 v0x55558a2b5fc0_0;
    %muli 16, 0, 32;
    %part/s 16;
    %pushi/vec4 176, 0, 32;
    %load/vec4 v0x55558a2b5fc0_0;
    %add;
    %ix/vec4/s 4;
    %store/vec4a v0x55558a2b60a0, 4, 0;
    %pushi/vec4 0, 0, 256;
    %load/vec4 v0x55558a2b5fc0_0;
    %muli 16, 0, 32;
    %part/s 16;
    %pushi/vec4 192, 0, 32;
    %load/vec4 v0x55558a2b5fc0_0;
    %add;
    %ix/vec4/s 4;
    %store/vec4a v0x55558a2b60a0, 4, 0;
    %pushi/vec4 0, 0, 256;
    %load/vec4 v0x55558a2b5fc0_0;
    %muli 16, 0, 32;
    %part/s 16;
    %pushi/vec4 208, 0, 32;
    %load/vec4 v0x55558a2b5fc0_0;
    %add;
    %ix/vec4/s 4;
    %store/vec4a v0x55558a2b60a0, 4, 0;
    %pushi/vec4 0, 0, 256;
    %load/vec4 v0x55558a2b5fc0_0;
    %muli 16, 0, 32;
    %part/s 16;
    %pushi/vec4 224, 0, 32;
    %load/vec4 v0x55558a2b5fc0_0;
    %add;
    %ix/vec4/s 4;
    %store/vec4a v0x55558a2b60a0, 4, 0;
    %pushi/vec4 0, 0, 256;
    %load/vec4 v0x55558a2b5fc0_0;
    %muli 16, 0, 32;
    %part/s 16;
    %pushi/vec4 240, 0, 32;
    %load/vec4 v0x55558a2b5fc0_0;
    %add;
    %ix/vec4/s 4;
    %store/vec4a v0x55558a2b60a0, 4, 0;
T_99.2 ; for-loop step statement
    %load/vec4 v0x55558a2b5fc0_0;
    %addi 1, 0, 32;
    %store/vec4 v0x55558a2b5fc0_0, 0, 32;
    %jmp T_99.0;
T_99.1 ; for-loop exit label
    %end;
    .thread T_99;
    .scope S_0x55558a2b2a60;
T_100 ;
    %wait E_0x55558a2b4ad0;
    %load/vec4 v0x55558a2b5e20_0;
    %flag_set/vec4 9;
    %flag_get/vec4 9;
    %jmp/0 T_100.2, 9;
    %load/vec4 v0x55558a2b5ba0_0;
    %and;
T_100.2;
    %flag_set/vec4 8;
    %jmp/0xz  T_100.0, 8;
    %load/vec4 v0x55558a2b5ee0_0;
    %parti/s 1, 0, 2;
    %nor/r;
    %flag_set/vec4 8;
    %jmp/0xz  T_100.3, 8;
    %load/vec4 v0x55558a2b5d40_0;
    %parti/s 1, 0, 2;
    %load/vec4 v0x55558a2b5a00_0;
    %parti/s 8, 0, 2;
    %pad/u 10;
    %ix/vec4 3;
    %ix/load 4, 0, 0; Constant delay
    %assign/vec4/a/d v0x55558a2b60a0, 0, 4;
T_100.3 ;
    %load/vec4 v0x55558a2b5ee0_0;
    %parti/s 1, 1, 2;
    %nor/r;
    %flag_set/vec4 8;
    %jmp/0xz  T_100.5, 8;
    %load/vec4 v0x55558a2b5d40_0;
    %parti/s 1, 1, 2;
    %load/vec4 v0x55558a2b5a00_0;
    %parti/s 8, 0, 2;
    %pad/u 10;
    %ix/vec4 3;
    %ix/load 4, 1, 0; part off
    %ix/load 5, 0, 0; Constant delay
    %assign/vec4/a/d v0x55558a2b60a0, 4, 5;
T_100.5 ;
    %load/vec4 v0x55558a2b5ee0_0;
    %parti/s 1, 2, 3;
    %nor/r;
    %flag_set/vec4 8;
    %jmp/0xz  T_100.7, 8;
    %load/vec4 v0x55558a2b5d40_0;
    %parti/s 1, 2, 3;
    %load/vec4 v0x55558a2b5a00_0;
    %parti/s 8, 0, 2;
    %pad/u 10;
    %ix/vec4 3;
    %ix/load 4, 2, 0; part off
    %ix/load 5, 0, 0; Constant delay
    %assign/vec4/a/d v0x55558a2b60a0, 4, 5;
T_100.7 ;
    %load/vec4 v0x55558a2b5ee0_0;
    %parti/s 1, 3, 3;
    %nor/r;
    %flag_set/vec4 8;
    %jmp/0xz  T_100.9, 8;
    %load/vec4 v0x55558a2b5d40_0;
    %parti/s 1, 3, 3;
    %load/vec4 v0x55558a2b5a00_0;
    %parti/s 8, 0, 2;
    %pad/u 10;
    %ix/vec4 3;
    %ix/load 4, 3, 0; part off
    %ix/load 5, 0, 0; Constant delay
    %assign/vec4/a/d v0x55558a2b60a0, 4, 5;
T_100.9 ;
    %load/vec4 v0x55558a2b5ee0_0;
    %parti/s 1, 4, 4;
    %nor/r;
    %flag_set/vec4 8;
    %jmp/0xz  T_100.11, 8;
    %load/vec4 v0x55558a2b5d40_0;
    %parti/s 1, 4, 4;
    %load/vec4 v0x55558a2b5a00_0;
    %parti/s 8, 0, 2;
    %pad/u 10;
    %ix/vec4 3;
    %ix/load 4, 4, 0; part off
    %ix/load 5, 0, 0; Constant delay
    %assign/vec4/a/d v0x55558a2b60a0, 4, 5;
T_100.11 ;
    %load/vec4 v0x55558a2b5ee0_0;
    %parti/s 1, 5, 4;
    %nor/r;
    %flag_set/vec4 8;
    %jmp/0xz  T_100.13, 8;
    %load/vec4 v0x55558a2b5d40_0;
    %parti/s 1, 5, 4;
    %load/vec4 v0x55558a2b5a00_0;
    %parti/s 8, 0, 2;
    %pad/u 10;
    %ix/vec4 3;
    %ix/load 4, 5, 0; part off
    %ix/load 5, 0, 0; Constant delay
    %assign/vec4/a/d v0x55558a2b60a0, 4, 5;
T_100.13 ;
    %load/vec4 v0x55558a2b5ee0_0;
    %parti/s 1, 6, 4;
    %nor/r;
    %flag_set/vec4 8;
    %jmp/0xz  T_100.15, 8;
    %load/vec4 v0x55558a2b5d40_0;
    %parti/s 1, 6, 4;
    %load/vec4 v0x55558a2b5a00_0;
    %parti/s 8, 0, 2;
    %pad/u 10;
    %ix/vec4 3;
    %ix/load 4, 6, 0; part off
    %ix/load 5, 0, 0; Constant delay
    %assign/vec4/a/d v0x55558a2b60a0, 4, 5;
T_100.15 ;
    %load/vec4 v0x55558a2b5ee0_0;
    %parti/s 1, 7, 4;
    %nor/r;
    %flag_set/vec4 8;
    %jmp/0xz  T_100.17, 8;
    %load/vec4 v0x55558a2b5d40_0;
    %parti/s 1, 7, 4;
    %load/vec4 v0x55558a2b5a00_0;
    %parti/s 8, 0, 2;
    %pad/u 10;
    %ix/vec4 3;
    %ix/load 4, 7, 0; part off
    %ix/load 5, 0, 0; Constant delay
    %assign/vec4/a/d v0x55558a2b60a0, 4, 5;
T_100.17 ;
    %load/vec4 v0x55558a2b5ee0_0;
    %parti/s 1, 8, 5;
    %nor/r;
    %flag_set/vec4 8;
    %jmp/0xz  T_100.19, 8;
    %load/vec4 v0x55558a2b5d40_0;
    %parti/s 1, 8, 5;
    %load/vec4 v0x55558a2b5a00_0;
    %parti/s 8, 0, 2;
    %pad/u 10;
    %ix/vec4 3;
    %ix/load 4, 8, 0; part off
    %ix/load 5, 0, 0; Constant delay
    %assign/vec4/a/d v0x55558a2b60a0, 4, 5;
T_100.19 ;
    %load/vec4 v0x55558a2b5ee0_0;
    %parti/s 1, 9, 5;
    %nor/r;
    %flag_set/vec4 8;
    %jmp/0xz  T_100.21, 8;
    %load/vec4 v0x55558a2b5d40_0;
    %parti/s 1, 9, 5;
    %load/vec4 v0x55558a2b5a00_0;
    %parti/s 8, 0, 2;
    %pad/u 10;
    %ix/vec4 3;
    %ix/load 4, 9, 0; part off
    %ix/load 5, 0, 0; Constant delay
    %assign/vec4/a/d v0x55558a2b60a0, 4, 5;
T_100.21 ;
    %load/vec4 v0x55558a2b5ee0_0;
    %parti/s 1, 10, 5;
    %nor/r;
    %flag_set/vec4 8;
    %jmp/0xz  T_100.23, 8;
    %load/vec4 v0x55558a2b5d40_0;
    %parti/s 1, 10, 5;
    %load/vec4 v0x55558a2b5a00_0;
    %parti/s 8, 0, 2;
    %pad/u 10;
    %ix/vec4 3;
    %ix/load 4, 10, 0; part off
    %ix/load 5, 0, 0; Constant delay
    %assign/vec4/a/d v0x55558a2b60a0, 4, 5;
T_100.23 ;
    %load/vec4 v0x55558a2b5ee0_0;
    %parti/s 1, 11, 5;
    %nor/r;
    %flag_set/vec4 8;
    %jmp/0xz  T_100.25, 8;
    %load/vec4 v0x55558a2b5d40_0;
    %parti/s 1, 11, 5;
    %load/vec4 v0x55558a2b5a00_0;
    %parti/s 8, 0, 2;
    %pad/u 10;
    %ix/vec4 3;
    %ix/load 4, 11, 0; part off
    %ix/load 5, 0, 0; Constant delay
    %assign/vec4/a/d v0x55558a2b60a0, 4, 5;
T_100.25 ;
    %load/vec4 v0x55558a2b5ee0_0;
    %parti/s 1, 12, 5;
    %nor/r;
    %flag_set/vec4 8;
    %jmp/0xz  T_100.27, 8;
    %load/vec4 v0x55558a2b5d40_0;
    %parti/s 1, 12, 5;
    %load/vec4 v0x55558a2b5a00_0;
    %parti/s 8, 0, 2;
    %pad/u 10;
    %ix/vec4 3;
    %ix/load 4, 12, 0; part off
    %ix/load 5, 0, 0; Constant delay
    %assign/vec4/a/d v0x55558a2b60a0, 4, 5;
T_100.27 ;
    %load/vec4 v0x55558a2b5ee0_0;
    %parti/s 1, 13, 5;
    %nor/r;
    %flag_set/vec4 8;
    %jmp/0xz  T_100.29, 8;
    %load/vec4 v0x55558a2b5d40_0;
    %parti/s 1, 13, 5;
    %load/vec4 v0x55558a2b5a00_0;
    %parti/s 8, 0, 2;
    %pad/u 10;
    %ix/vec4 3;
    %ix/load 4, 13, 0; part off
    %ix/load 5, 0, 0; Constant delay
    %assign/vec4/a/d v0x55558a2b60a0, 4, 5;
T_100.29 ;
    %load/vec4 v0x55558a2b5ee0_0;
    %parti/s 1, 14, 5;
    %nor/r;
    %flag_set/vec4 8;
    %jmp/0xz  T_100.31, 8;
    %load/vec4 v0x55558a2b5d40_0;
    %parti/s 1, 14, 5;
    %load/vec4 v0x55558a2b5a00_0;
    %parti/s 8, 0, 2;
    %pad/u 10;
    %ix/vec4 3;
    %ix/load 4, 14, 0; part off
    %ix/load 5, 0, 0; Constant delay
    %assign/vec4/a/d v0x55558a2b60a0, 4, 5;
T_100.31 ;
    %load/vec4 v0x55558a2b5ee0_0;
    %parti/s 1, 15, 5;
    %nor/r;
    %flag_set/vec4 8;
    %jmp/0xz  T_100.33, 8;
    %load/vec4 v0x55558a2b5d40_0;
    %parti/s 1, 15, 5;
    %load/vec4 v0x55558a2b5a00_0;
    %parti/s 8, 0, 2;
    %pad/u 10;
    %ix/vec4 3;
    %ix/load 4, 15, 0; part off
    %ix/load 5, 0, 0; Constant delay
    %assign/vec4/a/d v0x55558a2b60a0, 4, 5;
T_100.33 ;
T_100.0 ;
    %jmp T_100;
    .thread T_100;
    .scope S_0x55558a2b2a60;
T_101 ;
    %wait E_0x55558a2b4a50;
    %load/vec4 v0x55558a2b5860_0;
    %flag_set/vec4 9;
    %flag_get/vec4 9;
    %jmp/0 T_101.2, 9;
    %load/vec4 v0x55558a2b5590_0;
    %and;
T_101.2;
    %flag_set/vec4 8;
    %jmp/0xz  T_101.0, 8;
    %load/vec4 v0x55558a2b53e0_0;
    %parti/s 8, 0, 2;
    %pad/u 10;
    %ix/vec4 4;
    %load/vec4a v0x55558a2b60a0, 4;
    %load/vec4 v0x55558a2b5920_0;
    %inv;
    %and;
    %assign/vec4 v0x55558a2b5780_0, 0;
T_101.0 ;
    %jmp T_101;
    .thread T_101;
    .scope S_0x55558a2b6db0;
T_102 ;
    %pushi/vec4 0, 0, 32;
    %store/vec4 v0x55558a2ba310_0, 0, 32;
T_102.0 ; Top of for-loop
    %load/vec4 v0x55558a2ba310_0;
    %cmpi/s 16, 0, 32;
	  %jmp/0xz T_102.1, 5;
    %pushi/vec4 0, 0, 256;
    %load/vec4 v0x55558a2ba310_0;
    %muli 16, 0, 32;
    %part/s 16;
    %pushi/vec4 0, 0, 32;
    %load/vec4 v0x55558a2ba310_0;
    %add;
    %ix/vec4/s 4;
    %store/vec4a v0x55558a2ba3f0, 4, 0;
    %pushi/vec4 0, 0, 256;
    %load/vec4 v0x55558a2ba310_0;
    %muli 16, 0, 32;
    %part/s 16;
    %pushi/vec4 16, 0, 32;
    %load/vec4 v0x55558a2ba310_0;
    %add;
    %ix/vec4/s 4;
    %store/vec4a v0x55558a2ba3f0, 4, 0;
    %pushi/vec4 0, 0, 256;
    %load/vec4 v0x55558a2ba310_0;
    %muli 16, 0, 32;
    %part/s 16;
    %pushi/vec4 32, 0, 32;
    %load/vec4 v0x55558a2ba310_0;
    %add;
    %ix/vec4/s 4;
    %store/vec4a v0x55558a2ba3f0, 4, 0;
    %pushi/vec4 0, 0, 256;
    %load/vec4 v0x55558a2ba310_0;
    %muli 16, 0, 32;
    %part/s 16;
    %pushi/vec4 48, 0, 32;
    %load/vec4 v0x55558a2ba310_0;
    %add;
    %ix/vec4/s 4;
    %store/vec4a v0x55558a2ba3f0, 4, 0;
    %pushi/vec4 0, 0, 256;
    %load/vec4 v0x55558a2ba310_0;
    %muli 16, 0, 32;
    %part/s 16;
    %pushi/vec4 64, 0, 32;
    %load/vec4 v0x55558a2ba310_0;
    %add;
    %ix/vec4/s 4;
    %store/vec4a v0x55558a2ba3f0, 4, 0;
    %pushi/vec4 0, 0, 256;
    %load/vec4 v0x55558a2ba310_0;
    %muli 16, 0, 32;
    %part/s 16;
    %pushi/vec4 80, 0, 32;
    %load/vec4 v0x55558a2ba310_0;
    %add;
    %ix/vec4/s 4;
    %store/vec4a v0x55558a2ba3f0, 4, 0;
    %pushi/vec4 0, 0, 256;
    %load/vec4 v0x55558a2ba310_0;
    %muli 16, 0, 32;
    %part/s 16;
    %pushi/vec4 96, 0, 32;
    %load/vec4 v0x55558a2ba310_0;
    %add;
    %ix/vec4/s 4;
    %store/vec4a v0x55558a2ba3f0, 4, 0;
    %pushi/vec4 0, 0, 256;
    %load/vec4 v0x55558a2ba310_0;
    %muli 16, 0, 32;
    %part/s 16;
    %pushi/vec4 112, 0, 32;
    %load/vec4 v0x55558a2ba310_0;
    %add;
    %ix/vec4/s 4;
    %store/vec4a v0x55558a2ba3f0, 4, 0;
    %pushi/vec4 0, 0, 256;
    %load/vec4 v0x55558a2ba310_0;
    %muli 16, 0, 32;
    %part/s 16;
    %pushi/vec4 128, 0, 32;
    %load/vec4 v0x55558a2ba310_0;
    %add;
    %ix/vec4/s 4;
    %store/vec4a v0x55558a2ba3f0, 4, 0;
    %pushi/vec4 0, 0, 256;
    %load/vec4 v0x55558a2ba310_0;
    %muli 16, 0, 32;
    %part/s 16;
    %pushi/vec4 144, 0, 32;
    %load/vec4 v0x55558a2ba310_0;
    %add;
    %ix/vec4/s 4;
    %store/vec4a v0x55558a2ba3f0, 4, 0;
    %pushi/vec4 0, 0, 256;
    %load/vec4 v0x55558a2ba310_0;
    %muli 16, 0, 32;
    %part/s 16;
    %pushi/vec4 160, 0, 32;
    %load/vec4 v0x55558a2ba310_0;
    %add;
    %ix/vec4/s 4;
    %store/vec4a v0x55558a2ba3f0, 4, 0;
    %pushi/vec4 0, 0, 256;
    %load/vec4 v0x55558a2ba310_0;
    %muli 16, 0, 32;
    %part/s 16;
    %pushi/vec4 176, 0, 32;
    %load/vec4 v0x55558a2ba310_0;
    %add;
    %ix/vec4/s 4;
    %store/vec4a v0x55558a2ba3f0, 4, 0;
    %pushi/vec4 0, 0, 256;
    %load/vec4 v0x55558a2ba310_0;
    %muli 16, 0, 32;
    %part/s 16;
    %pushi/vec4 192, 0, 32;
    %load/vec4 v0x55558a2ba310_0;
    %add;
    %ix/vec4/s 4;
    %store/vec4a v0x55558a2ba3f0, 4, 0;
    %pushi/vec4 0, 0, 256;
    %load/vec4 v0x55558a2ba310_0;
    %muli 16, 0, 32;
    %part/s 16;
    %pushi/vec4 208, 0, 32;
    %load/vec4 v0x55558a2ba310_0;
    %add;
    %ix/vec4/s 4;
    %store/vec4a v0x55558a2ba3f0, 4, 0;
    %pushi/vec4 0, 0, 256;
    %load/vec4 v0x55558a2ba310_0;
    %muli 16, 0, 32;
    %part/s 16;
    %pushi/vec4 224, 0, 32;
    %load/vec4 v0x55558a2ba310_0;
    %add;
    %ix/vec4/s 4;
    %store/vec4a v0x55558a2ba3f0, 4, 0;
    %pushi/vec4 0, 0, 256;
    %load/vec4 v0x55558a2ba310_0;
    %muli 16, 0, 32;
    %part/s 16;
    %pushi/vec4 240, 0, 32;
    %load/vec4 v0x55558a2ba310_0;
    %add;
    %ix/vec4/s 4;
    %store/vec4a v0x55558a2ba3f0, 4, 0;
T_102.2 ; for-loop step statement
    %load/vec4 v0x55558a2ba310_0;
    %addi 1, 0, 32;
    %store/vec4 v0x55558a2ba310_0, 0, 32;
    %jmp T_102.0;
T_102.1 ; for-loop exit label
    %end;
    .thread T_102;
    .scope S_0x55558a2b6db0;
T_103 ;
    %wait E_0x55558a2b8e20;
    %load/vec4 v0x55558a2ba170_0;
    %flag_set/vec4 9;
    %flag_get/vec4 9;
    %jmp/0 T_103.2, 9;
    %load/vec4 v0x55558a2b9ef0_0;
    %and;
T_103.2;
    %flag_set/vec4 8;
    %jmp/0xz  T_103.0, 8;
    %load/vec4 v0x55558a2ba230_0;
    %parti/s 1, 0, 2;
    %nor/r;
    %flag_set/vec4 8;
    %jmp/0xz  T_103.3, 8;
    %load/vec4 v0x55558a2ba090_0;
    %parti/s 1, 0, 2;
    %load/vec4 v0x55558a2b9d50_0;
    %parti/s 8, 0, 2;
    %pad/u 10;
    %ix/vec4 3;
    %ix/load 4, 0, 0; Constant delay
    %assign/vec4/a/d v0x55558a2ba3f0, 0, 4;
T_103.3 ;
    %load/vec4 v0x55558a2ba230_0;
    %parti/s 1, 1, 2;
    %nor/r;
    %flag_set/vec4 8;
    %jmp/0xz  T_103.5, 8;
    %load/vec4 v0x55558a2ba090_0;
    %parti/s 1, 1, 2;
    %load/vec4 v0x55558a2b9d50_0;
    %parti/s 8, 0, 2;
    %pad/u 10;
    %ix/vec4 3;
    %ix/load 4, 1, 0; part off
    %ix/load 5, 0, 0; Constant delay
    %assign/vec4/a/d v0x55558a2ba3f0, 4, 5;
T_103.5 ;
    %load/vec4 v0x55558a2ba230_0;
    %parti/s 1, 2, 3;
    %nor/r;
    %flag_set/vec4 8;
    %jmp/0xz  T_103.7, 8;
    %load/vec4 v0x55558a2ba090_0;
    %parti/s 1, 2, 3;
    %load/vec4 v0x55558a2b9d50_0;
    %parti/s 8, 0, 2;
    %pad/u 10;
    %ix/vec4 3;
    %ix/load 4, 2, 0; part off
    %ix/load 5, 0, 0; Constant delay
    %assign/vec4/a/d v0x55558a2ba3f0, 4, 5;
T_103.7 ;
    %load/vec4 v0x55558a2ba230_0;
    %parti/s 1, 3, 3;
    %nor/r;
    %flag_set/vec4 8;
    %jmp/0xz  T_103.9, 8;
    %load/vec4 v0x55558a2ba090_0;
    %parti/s 1, 3, 3;
    %load/vec4 v0x55558a2b9d50_0;
    %parti/s 8, 0, 2;
    %pad/u 10;
    %ix/vec4 3;
    %ix/load 4, 3, 0; part off
    %ix/load 5, 0, 0; Constant delay
    %assign/vec4/a/d v0x55558a2ba3f0, 4, 5;
T_103.9 ;
    %load/vec4 v0x55558a2ba230_0;
    %parti/s 1, 4, 4;
    %nor/r;
    %flag_set/vec4 8;
    %jmp/0xz  T_103.11, 8;
    %load/vec4 v0x55558a2ba090_0;
    %parti/s 1, 4, 4;
    %load/vec4 v0x55558a2b9d50_0;
    %parti/s 8, 0, 2;
    %pad/u 10;
    %ix/vec4 3;
    %ix/load 4, 4, 0; part off
    %ix/load 5, 0, 0; Constant delay
    %assign/vec4/a/d v0x55558a2ba3f0, 4, 5;
T_103.11 ;
    %load/vec4 v0x55558a2ba230_0;
    %parti/s 1, 5, 4;
    %nor/r;
    %flag_set/vec4 8;
    %jmp/0xz  T_103.13, 8;
    %load/vec4 v0x55558a2ba090_0;
    %parti/s 1, 5, 4;
    %load/vec4 v0x55558a2b9d50_0;
    %parti/s 8, 0, 2;
    %pad/u 10;
    %ix/vec4 3;
    %ix/load 4, 5, 0; part off
    %ix/load 5, 0, 0; Constant delay
    %assign/vec4/a/d v0x55558a2ba3f0, 4, 5;
T_103.13 ;
    %load/vec4 v0x55558a2ba230_0;
    %parti/s 1, 6, 4;
    %nor/r;
    %flag_set/vec4 8;
    %jmp/0xz  T_103.15, 8;
    %load/vec4 v0x55558a2ba090_0;
    %parti/s 1, 6, 4;
    %load/vec4 v0x55558a2b9d50_0;
    %parti/s 8, 0, 2;
    %pad/u 10;
    %ix/vec4 3;
    %ix/load 4, 6, 0; part off
    %ix/load 5, 0, 0; Constant delay
    %assign/vec4/a/d v0x55558a2ba3f0, 4, 5;
T_103.15 ;
    %load/vec4 v0x55558a2ba230_0;
    %parti/s 1, 7, 4;
    %nor/r;
    %flag_set/vec4 8;
    %jmp/0xz  T_103.17, 8;
    %load/vec4 v0x55558a2ba090_0;
    %parti/s 1, 7, 4;
    %load/vec4 v0x55558a2b9d50_0;
    %parti/s 8, 0, 2;
    %pad/u 10;
    %ix/vec4 3;
    %ix/load 4, 7, 0; part off
    %ix/load 5, 0, 0; Constant delay
    %assign/vec4/a/d v0x55558a2ba3f0, 4, 5;
T_103.17 ;
    %load/vec4 v0x55558a2ba230_0;
    %parti/s 1, 8, 5;
    %nor/r;
    %flag_set/vec4 8;
    %jmp/0xz  T_103.19, 8;
    %load/vec4 v0x55558a2ba090_0;
    %parti/s 1, 8, 5;
    %load/vec4 v0x55558a2b9d50_0;
    %parti/s 8, 0, 2;
    %pad/u 10;
    %ix/vec4 3;
    %ix/load 4, 8, 0; part off
    %ix/load 5, 0, 0; Constant delay
    %assign/vec4/a/d v0x55558a2ba3f0, 4, 5;
T_103.19 ;
    %load/vec4 v0x55558a2ba230_0;
    %parti/s 1, 9, 5;
    %nor/r;
    %flag_set/vec4 8;
    %jmp/0xz  T_103.21, 8;
    %load/vec4 v0x55558a2ba090_0;
    %parti/s 1, 9, 5;
    %load/vec4 v0x55558a2b9d50_0;
    %parti/s 8, 0, 2;
    %pad/u 10;
    %ix/vec4 3;
    %ix/load 4, 9, 0; part off
    %ix/load 5, 0, 0; Constant delay
    %assign/vec4/a/d v0x55558a2ba3f0, 4, 5;
T_103.21 ;
    %load/vec4 v0x55558a2ba230_0;
    %parti/s 1, 10, 5;
    %nor/r;
    %flag_set/vec4 8;
    %jmp/0xz  T_103.23, 8;
    %load/vec4 v0x55558a2ba090_0;
    %parti/s 1, 10, 5;
    %load/vec4 v0x55558a2b9d50_0;
    %parti/s 8, 0, 2;
    %pad/u 10;
    %ix/vec4 3;
    %ix/load 4, 10, 0; part off
    %ix/load 5, 0, 0; Constant delay
    %assign/vec4/a/d v0x55558a2ba3f0, 4, 5;
T_103.23 ;
    %load/vec4 v0x55558a2ba230_0;
    %parti/s 1, 11, 5;
    %nor/r;
    %flag_set/vec4 8;
    %jmp/0xz  T_103.25, 8;
    %load/vec4 v0x55558a2ba090_0;
    %parti/s 1, 11, 5;
    %load/vec4 v0x55558a2b9d50_0;
    %parti/s 8, 0, 2;
    %pad/u 10;
    %ix/vec4 3;
    %ix/load 4, 11, 0; part off
    %ix/load 5, 0, 0; Constant delay
    %assign/vec4/a/d v0x55558a2ba3f0, 4, 5;
T_103.25 ;
    %load/vec4 v0x55558a2ba230_0;
    %parti/s 1, 12, 5;
    %nor/r;
    %flag_set/vec4 8;
    %jmp/0xz  T_103.27, 8;
    %load/vec4 v0x55558a2ba090_0;
    %parti/s 1, 12, 5;
    %load/vec4 v0x55558a2b9d50_0;
    %parti/s 8, 0, 2;
    %pad/u 10;
    %ix/vec4 3;
    %ix/load 4, 12, 0; part off
    %ix/load 5, 0, 0; Constant delay
    %assign/vec4/a/d v0x55558a2ba3f0, 4, 5;
T_103.27 ;
    %load/vec4 v0x55558a2ba230_0;
    %parti/s 1, 13, 5;
    %nor/r;
    %flag_set/vec4 8;
    %jmp/0xz  T_103.29, 8;
    %load/vec4 v0x55558a2ba090_0;
    %parti/s 1, 13, 5;
    %load/vec4 v0x55558a2b9d50_0;
    %parti/s 8, 0, 2;
    %pad/u 10;
    %ix/vec4 3;
    %ix/load 4, 13, 0; part off
    %ix/load 5, 0, 0; Constant delay
    %assign/vec4/a/d v0x55558a2ba3f0, 4, 5;
T_103.29 ;
    %load/vec4 v0x55558a2ba230_0;
    %parti/s 1, 14, 5;
    %nor/r;
    %flag_set/vec4 8;
    %jmp/0xz  T_103.31, 8;
    %load/vec4 v0x55558a2ba090_0;
    %parti/s 1, 14, 5;
    %load/vec4 v0x55558a2b9d50_0;
    %parti/s 8, 0, 2;
    %pad/u 10;
    %ix/vec4 3;
    %ix/load 4, 14, 0; part off
    %ix/load 5, 0, 0; Constant delay
    %assign/vec4/a/d v0x55558a2ba3f0, 4, 5;
T_103.31 ;
    %load/vec4 v0x55558a2ba230_0;
    %parti/s 1, 15, 5;
    %nor/r;
    %flag_set/vec4 8;
    %jmp/0xz  T_103.33, 8;
    %load/vec4 v0x55558a2ba090_0;
    %parti/s 1, 15, 5;
    %load/vec4 v0x55558a2b9d50_0;
    %parti/s 8, 0, 2;
    %pad/u 10;
    %ix/vec4 3;
    %ix/load 4, 15, 0; part off
    %ix/load 5, 0, 0; Constant delay
    %assign/vec4/a/d v0x55558a2ba3f0, 4, 5;
T_103.33 ;
T_103.0 ;
    %jmp T_103;
    .thread T_103;
    .scope S_0x55558a2b6db0;
T_104 ;
    %wait E_0x55558a2b8da0;
    %load/vec4 v0x55558a2b9bb0_0;
    %flag_set/vec4 9;
    %flag_get/vec4 9;
    %jmp/0 T_104.2, 9;
    %load/vec4 v0x55558a2b98e0_0;
    %and;
T_104.2;
    %flag_set/vec4 8;
    %jmp/0xz  T_104.0, 8;
    %load/vec4 v0x55558a2b9730_0;
    %parti/s 8, 0, 2;
    %pad/u 10;
    %ix/vec4 4;
    %load/vec4a v0x55558a2ba3f0, 4;
    %load/vec4 v0x55558a2b9c70_0;
    %inv;
    %and;
    %assign/vec4 v0x55558a2b9ad0_0, 0;
T_104.0 ;
    %jmp T_104;
    .thread T_104;
    .scope S_0x555589f7c700;
T_105 ;
    %wait E_0x55558a2bed70;
    %pushi/vec4 0, 0, 32;
    %store/vec4 v0x55558a2bf690_0, 0, 32;
T_105.0 ; Top of for-loop
    %load/vec4 v0x55558a2bf690_0;
    %cmpi/s 16383, 0, 32;
    %flag_or 5, 4;
	  %jmp/0xz T_105.1, 5;
    %pushi/vec4 65535, 65535, 16;
    %ix/getv/s 4, v0x55558a2bf690_0;
    %store/vec4a v0x55558a2bf770, 4, 0;
T_105.2 ; for-loop step statement
    %load/vec4 v0x55558a2bf690_0;
    %addi 1, 0, 32;
    %store/vec4 v0x55558a2bf690_0, 0, 32;
    %jmp T_105.0;
T_105.1 ; for-loop exit label
    %jmp T_105;
    .thread T_105;
    .scope S_0x555589f7c700;
T_106 ;
    %wait E_0x55558a2becf0;
    %load/vec4 v0x55558a2bf830_0;
    %flag_set/vec4 8;
    %jmp/0xz  T_106.0, 8;
    %pushi/vec4 0, 0, 16;
    %assign/vec4 v0x55558a2bf110_0, 0;
    %jmp T_106.1;
T_106.0 ;
    %load/vec4 v0x55558a2bf450_0;
    %flag_set/vec4 8;
    %jmp/0xz  T_106.2, 8;
    %pushi/vec4 65535, 65535, 16;
    %assign/vec4 v0x55558a2bf110_0, 0;
    %jmp T_106.3;
T_106.2 ;
    %load/vec4 v0x55558a2beed0_0;
    %flag_set/vec4 8;
    %jmp/0xz  T_106.4, 8;
    %load/vec4 v0x55558a2bf510_0;
    %nor/r;
    %flag_set/vec4 8;
    %jmp/0xz  T_106.6, 8;
    %load/vec4 v0x55558a2bedd0_0;
    %pad/u 16;
    %ix/vec4 4;
    %load/vec4a v0x55558a2bf770, 4;
    %assign/vec4 v0x55558a2bf110_0, 0;
    %jmp T_106.7;
T_106.6 ;
    %load/vec4 v0x55558a2bf1f0_0;
    %parti/s 1, 0, 2;
    %flag_set/vec4 8;
    %jmp/0xz  T_106.8, 8;
    %load/vec4 v0x55558a2bf030_0;
    %parti/s 4, 0, 2;
    %load/vec4 v0x55558a2bedd0_0;
    %pad/u 16;
    %ix/vec4 3;
    %ix/load 4, 0, 0; Constant delay
    %assign/vec4/a/d v0x55558a2bf770, 0, 4;
T_106.8 ;
    %load/vec4 v0x55558a2bf1f0_0;
    %parti/s 1, 1, 2;
    %flag_set/vec4 8;
    %jmp/0xz  T_106.10, 8;
    %load/vec4 v0x55558a2bf030_0;
    %parti/s 4, 4, 4;
    %load/vec4 v0x55558a2bedd0_0;
    %pad/u 16;
    %ix/vec4 3;
    %ix/load 4, 4, 0; part off
    %ix/load 5, 0, 0; Constant delay
    %assign/vec4/a/d v0x55558a2bf770, 4, 5;
T_106.10 ;
    %load/vec4 v0x55558a2bf1f0_0;
    %parti/s 1, 2, 3;
    %flag_set/vec4 8;
    %jmp/0xz  T_106.12, 8;
    %load/vec4 v0x55558a2bf030_0;
    %parti/s 4, 8, 5;
    %load/vec4 v0x55558a2bedd0_0;
    %pad/u 16;
    %ix/vec4 3;
    %ix/load 4, 8, 0; part off
    %ix/load 5, 0, 0; Constant delay
    %assign/vec4/a/d v0x55558a2bf770, 4, 5;
T_106.12 ;
    %load/vec4 v0x55558a2bf1f0_0;
    %parti/s 1, 3, 3;
    %flag_set/vec4 8;
    %jmp/0xz  T_106.14, 8;
    %load/vec4 v0x55558a2bf030_0;
    %parti/s 4, 12, 5;
    %load/vec4 v0x55558a2bedd0_0;
    %pad/u 16;
    %ix/vec4 3;
    %ix/load 4, 12, 0; part off
    %ix/load 5, 0, 0; Constant delay
    %assign/vec4/a/d v0x55558a2bf770, 4, 5;
T_106.14 ;
    %pushi/vec4 65535, 65535, 16;
    %assign/vec4 v0x55558a2bf110_0, 0;
T_106.7 ;
T_106.4 ;
T_106.3 ;
T_106.1 ;
    %jmp T_106;
    .thread T_106;
# The file index is used to find the file name in the following table.
:file_names 34;
    "N/A";
    "<interactive>";
    "-";
    "./../../02_Boolean_Arithmetic/ALU.v";
    "./../../02_Boolean_Arithmetic/Add16.v";
    "./../../01_Boolean_Logic/And.v";
    "./../../01_Boolean_Logic/And16.v";
    "./../../03_Sequential_Logic/Bit.v";
    "./../../03_Sequential_Logic/BitShift8L.v";
    "./../../03_Sequential_Logic/BitShift9R.v";
    "./../../01_Boolean_Logic/Buffer.v";
    "./../../01_Boolean_Logic/Buffer16.v";
    "DFF_tb.v";
    "./../../03_Sequential_Logic/DFF.v";
    "./../../01_Boolean_Logic/DMux8Way.v";
    "./../../01_Boolean_Logic/DMux4Way.v";
    "./../../01_Boolean_Logic/DMux.v";
    "./../../02_Boolean_Arithmetic/FullAdder.v";
    "./../../02_Boolean_Arithmetic/HalfAdder.v";
    "/home/xpektra/.apio/packages/oss-cad-suite/share/yosys/ice40/cells_sim.v";
    "./../../02_Boolean_Arithmetic/Inc16.v";
    "./../../01_Boolean_Logic/Mux.v";
    "./../../01_Boolean_Logic/Mux8Way16.v";
    "./../../01_Boolean_Logic/Mux4Way16.v";
    "./../../01_Boolean_Logic/Mux16.v";
    "./../../01_Boolean_Logic/Nand.v";
    "./../../01_Boolean_Logic/Not.v";
    "./../../01_Boolean_Logic/Not16.v";
    "./../../01_Boolean_Logic/Or.v";
    "./../../01_Boolean_Logic/Or16.v";
    "./../../01_Boolean_Logic/Or8Way.v";
    "./../../03_Sequential_Logic/PC.v";
    "./../../03_Sequential_Logic/Register.v";
    "./../../01_Boolean_Logic/Xor.v";
