#! /home/xpektra/.apio/packages/oss-cad-suite/bin/vvp
:ivl_version "13.0 (devel)" "(s20250103-66-gd67d3323a)";
:ivl_delay_selection "TYPICAL";
:vpi_time_precision - 12;
:vpi_module "/home/xpektra/.apio/packages/oss-cad-suite/lib/ivl/system.vpi";
:vpi_module "/home/xpektra/.apio/packages/oss-cad-suite/lib/ivl/vhdl_sys.vpi";
:vpi_module "/home/xpektra/.apio/packages/oss-cad-suite/lib/ivl/vhdl_textio.vpi";
:vpi_module "/home/xpektra/.apio/packages/oss-cad-suite/lib/ivl/v2005_math.vpi";
:vpi_module "/home/xpektra/.apio/packages/oss-cad-suite/lib/ivl/va_math.vpi";
:vpi_module "/home/xpektra/.apio/packages/oss-cad-suite/lib/ivl/v2009.vpi";
S_0x55555b4ae890 .scope package, "$unit" "$unit" 2 1;
 .timescale 0 0;
S_0x55555b6d9a80 .scope module, "ALU" "ALU" 3 25;
 .timescale -12 -12;
    .port_info 0 /INPUT 16 "x";
    .port_info 1 /INPUT 16 "y";
    .port_info 2 /INPUT 1 "zx";
    .port_info 3 /INPUT 1 "nx";
    .port_info 4 /INPUT 1 "zy";
    .port_info 5 /INPUT 1 "ny";
    .port_info 6 /INPUT 1 "f";
    .port_info 7 /INPUT 1 "no";
    .port_info 8 /OUTPUT 16 "out";
    .port_info 9 /OUTPUT 1 "zr";
    .port_info 10 /OUTPUT 1 "ng";
L_0x55555b7439b0 .functor NOT 16, L_0x55555b87f8c0, C4<0000000000000000>, C4<0000000000000000>, C4<0000000000000000>;
L_0x55555b87fd50 .functor NOT 16, L_0x55555b87fbd0, C4<0000000000000000>, C4<0000000000000000>, C4<0000000000000000>;
L_0x55555b880000 .functor AND 16, L_0x55555b87fab0, L_0x55555b87fe10, C4<1111111111111111>, C4<1111111111111111>;
L_0x55555b880290 .functor NOT 16, L_0x55555b880110, C4<0000000000000000>, C4<0000000000000000>, C4<0000000000000000>;
L_0x55555b880470 .functor BUFZ 16, L_0x55555b880380, C4<0000000000000000>, C4<0000000000000000>, C4<0000000000000000>;
L_0x7fda0e754018 .functor BUFT 1, C4<0000000000000000>, C4<0>, C4<0>, C4<0>;
v0x55555b7bc0d0_0 .net/2u *"_ivl_0", 15 0, L_0x7fda0e754018;  1 drivers
v0x55555b6ee2a0_0 .net *"_ivl_12", 15 0, L_0x55555b87fd50;  1 drivers
v0x55555b6ed350_0 .net *"_ivl_16", 15 0, L_0x55555b87ff60;  1 drivers
v0x55555b6ec400_0 .net *"_ivl_18", 15 0, L_0x55555b880000;  1 drivers
v0x55555b6eb4b0_0 .net *"_ivl_22", 15 0, L_0x55555b880290;  1 drivers
L_0x7fda0e7540a8 .functor BUFT 1, C4<0000000000000000>, C4<0>, C4<0>, C4<0>;
v0x55555b6ea560_0 .net/2u *"_ivl_28", 15 0, L_0x7fda0e7540a8;  1 drivers
v0x55555b6e96a0_0 .net *"_ivl_4", 15 0, L_0x55555b7439b0;  1 drivers
L_0x7fda0e754060 .functor BUFT 1, C4<0000000000000000>, C4<0>, C4<0>, C4<0>;
v0x55555b7df690_0 .net/2u *"_ivl_8", 15 0, L_0x7fda0e754060;  1 drivers
o0x7fda0e79d198 .functor BUFZ 1, c4<z>; HiZ drive
v0x55555b78de70_0 .net "f", 0 0, o0x7fda0e79d198;  0 drivers
v0x55555b78e990_0 .net "ng", 0 0, L_0x55555b8806d0;  1 drivers
o0x7fda0e79d1f8 .functor BUFZ 1, c4<z>; HiZ drive
v0x55555b78f4b0_0 .net "no", 0 0, o0x7fda0e79d1f8;  0 drivers
o0x7fda0e79d228 .functor BUFZ 1, c4<z>; HiZ drive
v0x55555b78ffd0_0 .net "nx", 0 0, o0x7fda0e79d228;  0 drivers
o0x7fda0e79d258 .functor BUFZ 1, c4<z>; HiZ drive
v0x55555b790af0_0 .net "ny", 0 0, o0x7fda0e79d258;  0 drivers
v0x55555b6d2bf0_0 .net "out", 15 0, L_0x55555b880470;  1 drivers
v0x55555b7c2780_0 .net "out1", 15 0, L_0x55555b880380;  1 drivers
v0x55555b78d350_0 .net "out_f", 15 0, L_0x55555b880110;  1 drivers
o0x7fda0e79d318 .functor BUFZ 16, c4<zzzzzzzzzzzzzzzz>; HiZ drive
v0x55555b788570_0 .net "x", 15 0, o0x7fda0e79d318;  0 drivers
v0x55555b789090_0 .net "x1", 15 0, L_0x55555b87f8c0;  1 drivers
v0x55555b789bb0_0 .net "x2", 15 0, L_0x55555b87fab0;  1 drivers
o0x7fda0e79d3a8 .functor BUFZ 16, c4<zzzzzzzzzzzzzzzz>; HiZ drive
v0x55555b78a6d0_0 .net "y", 15 0, o0x7fda0e79d3a8;  0 drivers
v0x55555b78b1f0_0 .net "y1", 15 0, L_0x55555b87fbd0;  1 drivers
v0x55555b78bd10_0 .net "y2", 15 0, L_0x55555b87fe10;  1 drivers
v0x55555b78c830_0 .net "zr", 0 0, L_0x55555b880560;  1 drivers
o0x7fda0e79d468 .functor BUFZ 1, c4<z>; HiZ drive
v0x55555b787b40_0 .net "zx", 0 0, o0x7fda0e79d468;  0 drivers
o0x7fda0e79d498 .functor BUFZ 1, c4<z>; HiZ drive
v0x55555b4a1200_0 .net "zy", 0 0, o0x7fda0e79d498;  0 drivers
L_0x55555b87f8c0 .functor MUXZ 16, o0x7fda0e79d318, L_0x7fda0e754018, o0x7fda0e79d468, C4<>;
L_0x55555b87fab0 .functor MUXZ 16, L_0x55555b87f8c0, L_0x55555b7439b0, o0x7fda0e79d228, C4<>;
L_0x55555b87fbd0 .functor MUXZ 16, o0x7fda0e79d3a8, L_0x7fda0e754060, o0x7fda0e79d498, C4<>;
L_0x55555b87fe10 .functor MUXZ 16, L_0x55555b87fbd0, L_0x55555b87fd50, o0x7fda0e79d258, C4<>;
L_0x55555b87ff60 .arith/sum 16, L_0x55555b87fab0, L_0x55555b87fe10;
L_0x55555b880110 .functor MUXZ 16, L_0x55555b880000, L_0x55555b87ff60, o0x7fda0e79d198, C4<>;
L_0x55555b880380 .functor MUXZ 16, L_0x55555b880110, L_0x55555b880290, o0x7fda0e79d1f8, C4<>;
L_0x55555b880560 .cmp/eq 16, L_0x55555b880380, L_0x7fda0e7540a8;
L_0x55555b8806d0 .part L_0x55555b880380, 15, 1;
S_0x55555b6da560 .scope module, "Add16" "Add16" 4 8;
 .timescale -12 -12;
    .port_info 0 /INPUT 16 "a";
    .port_info 1 /INPUT 16 "b";
    .port_info 2 /OUTPUT 16 "out";
o0x7fda0e79d6d8 .functor BUFZ 16, c4<zzzzzzzzzzzzzzzz>; HiZ drive
v0x55555b4a10b0_0 .net "a", 15 0, o0x7fda0e79d6d8;  0 drivers
o0x7fda0e79d708 .functor BUFZ 16, c4<zzzzzzzzzzzzzzzz>; HiZ drive
v0x55555b4a0f60_0 .net "b", 15 0, o0x7fda0e79d708;  0 drivers
v0x55555b4a7af0_0 .net "out", 15 0, L_0x55555b880800;  1 drivers
L_0x55555b880800 .arith/sum 16, o0x7fda0e79d6d8, o0x7fda0e79d708;
S_0x55555b6db040 .scope module, "And16" "And16" 5 7;
 .timescale -12 -12;
    .port_info 0 /INPUT 16 "a";
    .port_info 1 /INPUT 16 "b";
    .port_info 2 /OUTPUT 16 "out";
o0x7fda0e79e9f8 .functor BUFZ 16, c4<zzzzzzzzzzzzzzzz>; HiZ drive
v0x55555b490100_0 .net "a", 15 0, o0x7fda0e79e9f8;  0 drivers
o0x7fda0e79ea28 .functor BUFZ 16, c4<zzzzzzzzzzzzzzzz>; HiZ drive
v0x55555b490600_0 .net "b", 15 0, o0x7fda0e79ea28;  0 drivers
v0x55555b490c50_0 .net "out", 15 0, L_0x55555b883d50;  1 drivers
L_0x55555b880a30 .part o0x7fda0e79e9f8, 0, 1;
L_0x55555b880ad0 .part o0x7fda0e79ea28, 0, 1;
L_0x55555b880cc0 .part o0x7fda0e79e9f8, 1, 1;
L_0x55555b880e00 .part o0x7fda0e79ea28, 1, 1;
L_0x55555b880fe0 .part o0x7fda0e79e9f8, 2, 1;
L_0x55555b8810d0 .part o0x7fda0e79ea28, 2, 1;
L_0x55555b881270 .part o0x7fda0e79e9f8, 3, 1;
L_0x55555b8813f0 .part o0x7fda0e79ea28, 3, 1;
L_0x55555b8815e0 .part o0x7fda0e79e9f8, 4, 1;
L_0x55555b881680 .part o0x7fda0e79ea28, 4, 1;
L_0x55555b881840 .part o0x7fda0e79e9f8, 5, 1;
L_0x55555b8818e0 .part o0x7fda0e79ea28, 5, 1;
L_0x55555b881ab0 .part o0x7fda0e79e9f8, 6, 1;
L_0x55555b881ba0 .part o0x7fda0e79ea28, 6, 1;
L_0x55555b881d10 .part o0x7fda0e79e9f8, 7, 1;
L_0x55555b881e00 .part o0x7fda0e79ea28, 7, 1;
L_0x55555b882100 .part o0x7fda0e79e9f8, 8, 1;
L_0x55555b8821f0 .part o0x7fda0e79ea28, 8, 1;
L_0x55555b8823f0 .part o0x7fda0e79e9f8, 9, 1;
L_0x55555b8824e0 .part o0x7fda0e79ea28, 9, 1;
L_0x55555b8822e0 .part o0x7fda0e79e9f8, 10, 1;
L_0x55555b882740 .part o0x7fda0e79ea28, 10, 1;
L_0x55555b882960 .part o0x7fda0e79e9f8, 11, 1;
L_0x55555b882a50 .part o0x7fda0e79ea28, 11, 1;
L_0x55555b882c80 .part o0x7fda0e79e9f8, 12, 1;
L_0x55555b882d70 .part o0x7fda0e79ea28, 12, 1;
L_0x55555b882fb0 .part o0x7fda0e79e9f8, 13, 1;
L_0x55555b8830a0 .part o0x7fda0e79ea28, 13, 1;
L_0x55555b8832f0 .part o0x7fda0e79e9f8, 14, 1;
L_0x55555b8833e0 .part o0x7fda0e79ea28, 14, 1;
L_0x55555b883640 .part o0x7fda0e79e9f8, 15, 1;
L_0x55555b883940 .part o0x7fda0e79ea28, 15, 1;
LS_0x55555b883d50_0_0 .concat8 [ 1 1 1 1], L_0x55555b8808a0, L_0x55555b880bc0, L_0x55555b880f70, L_0x55555b881200;
LS_0x55555b883d50_0_4 .concat8 [ 1 1 1 1], L_0x55555b881570, L_0x55555b8817d0, L_0x55555b881a40, L_0x55555b8819d0;
LS_0x55555b883d50_0_8 .concat8 [ 1 1 1 1], L_0x55555b882090, L_0x55555b882380, L_0x55555b882680, L_0x55555b8828f0;
LS_0x55555b883d50_0_12 .concat8 [ 1 1 1 1], L_0x55555b882c10, L_0x55555b882f40, L_0x55555b883280, L_0x55555b8835d0;
L_0x55555b883d50 .concat8 [ 4 4 4 4], LS_0x55555b883d50_0_0, LS_0x55555b883d50_0_4, LS_0x55555b883d50_0_8, LS_0x55555b883d50_0_12;
S_0x55555b777ba0 .scope generate, "gen_bit[0]" "gen_bit[0]" 5 35, 5 35 0, S_0x55555b6db040;
 .timescale -12 -12;
P_0x55555b511c40 .param/l "i" 1 5 35, +C4<00>;
S_0x55555b767f70 .scope module, "and_inst" "And" 5 36, 6 8 0, S_0x55555b777ba0;
 .timescale -12 -12;
    .port_info 0 /INPUT 1 "a";
    .port_info 1 /INPUT 1 "b";
    .port_info 2 /OUTPUT 1 "out";
L_0x55555b8808a0 .functor AND 1, L_0x55555b880a30, L_0x55555b880ad0, C4<1>, C4<1>;
v0x55555b4aea80_0 .net "a", 0 0, L_0x55555b880a30;  1 drivers
v0x55555b491c10_0 .net "b", 0 0, L_0x55555b880ad0;  1 drivers
v0x55555b510d60_0 .net "out", 0 0, L_0x55555b8808a0;  1 drivers
S_0x55555b758600 .scope generate, "gen_bit[1]" "gen_bit[1]" 5 35, 5 35 0, S_0x55555b6db040;
 .timescale -12 -12;
P_0x55555b4fce20 .param/l "i" 1 5 35, +C4<01>;
S_0x55555b748bd0 .scope module, "and_inst" "And" 5 36, 6 8 0, S_0x55555b758600;
 .timescale -12 -12;
    .port_info 0 /INPUT 1 "a";
    .port_info 1 /INPUT 1 "b";
    .port_info 2 /OUTPUT 1 "out";
L_0x55555b880bc0 .functor AND 1, L_0x55555b880cc0, L_0x55555b880e00, C4<1>, C4<1>;
v0x55555b4a1350_0 .net "a", 0 0, L_0x55555b880cc0;  1 drivers
v0x55555b471290_0 .net "b", 0 0, L_0x55555b880e00;  1 drivers
v0x55555b4614a0_0 .net "out", 0 0, L_0x55555b880bc0;  1 drivers
S_0x55555b738f00 .scope generate, "gen_bit[2]" "gen_bit[2]" 5 35, 5 35 0, S_0x55555b6db040;
 .timescale -12 -12;
P_0x55555b4ff3a0 .param/l "i" 1 5 35, +C4<010>;
S_0x55555b729590 .scope module, "and_inst" "And" 5 36, 6 8 0, S_0x55555b738f00;
 .timescale -12 -12;
    .port_info 0 /INPUT 1 "a";
    .port_info 1 /INPUT 1 "b";
    .port_info 2 /OUTPUT 1 "out";
L_0x55555b880f70 .functor AND 1, L_0x55555b880fe0, L_0x55555b8810d0, C4<1>, C4<1>;
v0x55555b466d70_0 .net "a", 0 0, L_0x55555b880fe0;  1 drivers
v0x55555b49eb60_0 .net "b", 0 0, L_0x55555b8810d0;  1 drivers
v0x55555b49ea10_0 .net "out", 0 0, L_0x55555b880f70;  1 drivers
S_0x55555b79ad10 .scope generate, "gen_bit[3]" "gen_bit[3]" 5 35, 5 35 0, S_0x55555b6db040;
 .timescale -12 -12;
P_0x55555b501940 .param/l "i" 1 5 35, +C4<011>;
S_0x55555b81ec50 .scope module, "and_inst" "And" 5 36, 6 8 0, S_0x55555b79ad10;
 .timescale -12 -12;
    .port_info 0 /INPUT 1 "a";
    .port_info 1 /INPUT 1 "b";
    .port_info 2 /OUTPUT 1 "out";
L_0x55555b881200 .functor AND 1, L_0x55555b881270, L_0x55555b8813f0, C4<1>, C4<1>;
v0x55555b49e8c0_0 .net "a", 0 0, L_0x55555b881270;  1 drivers
v0x55555b49e770_0 .net "b", 0 0, L_0x55555b8813f0;  1 drivers
v0x55555b46b9c0_0 .net "out", 0 0, L_0x55555b881200;  1 drivers
S_0x55555b8092e0 .scope generate, "gen_bit[4]" "gen_bit[4]" 5 35, 5 35 0, S_0x55555b6db040;
 .timescale -12 -12;
P_0x55555b4f8200 .param/l "i" 1 5 35, +C4<0100>;
S_0x55555b808f00 .scope module, "and_inst" "And" 5 36, 6 8 0, S_0x55555b8092e0;
 .timescale -12 -12;
    .port_info 0 /INPUT 1 "a";
    .port_info 1 /INPUT 1 "b";
    .port_info 2 /OUTPUT 1 "out";
L_0x55555b881570 .functor AND 1, L_0x55555b8815e0, L_0x55555b881680, C4<1>, C4<1>;
v0x55555b4850a0_0 .net "a", 0 0, L_0x55555b8815e0;  1 drivers
v0x55555b484600_0 .net "b", 0 0, L_0x55555b881680;  1 drivers
v0x55555b4844b0_0 .net "out", 0 0, L_0x55555b881570;  1 drivers
S_0x55555b7f7430 .scope generate, "gen_bit[5]" "gen_bit[5]" 5 35, 5 35 0, S_0x55555b6db040;
 .timescale -12 -12;
P_0x55555b4f9230 .param/l "i" 1 5 35, +C4<0101>;
S_0x55555b7d1670 .scope module, "and_inst" "And" 5 36, 6 8 0, S_0x55555b7f7430;
 .timescale -12 -12;
    .port_info 0 /INPUT 1 "a";
    .port_info 1 /INPUT 1 "b";
    .port_info 2 /OUTPUT 1 "out";
L_0x55555b8817d0 .functor AND 1, L_0x55555b881840, L_0x55555b8818e0, C4<1>, C4<1>;
v0x55555b428990_0 .net "a", 0 0, L_0x55555b881840;  1 drivers
v0x55555b42e670_0 .net "b", 0 0, L_0x55555b8818e0;  1 drivers
v0x55555b457150_0 .net "out", 0 0, L_0x55555b8817d0;  1 drivers
S_0x55555b7d0cf0 .scope generate, "gen_bit[6]" "gen_bit[6]" 5 35, 5 35 0, S_0x55555b6db040;
 .timescale -12 -12;
P_0x55555b4f53c0 .param/l "i" 1 5 35, +C4<0110>;
S_0x55555b7ccdb0 .scope module, "and_inst" "And" 5 36, 6 8 0, S_0x55555b7d0cf0;
 .timescale -12 -12;
    .port_info 0 /INPUT 1 "a";
    .port_info 1 /INPUT 1 "b";
    .port_info 2 /OUTPUT 1 "out";
L_0x55555b881a40 .functor AND 1, L_0x55555b881ab0, L_0x55555b881ba0, C4<1>, C4<1>;
v0x55555b45ca20_0 .net "a", 0 0, L_0x55555b881ab0;  1 drivers
v0x55555b484980_0 .net "b", 0 0, L_0x55555b881ba0;  1 drivers
v0x55555b4811f0_0 .net "out", 0 0, L_0x55555b881a40;  1 drivers
S_0x55555b7cc030 .scope generate, "gen_bit[7]" "gen_bit[7]" 5 35, 5 35 0, S_0x55555b6db040;
 .timescale -12 -12;
P_0x55555b4f4830 .param/l "i" 1 5 35, +C4<0111>;
S_0x55555b7cb2b0 .scope module, "and_inst" "And" 5 36, 6 8 0, S_0x55555b7cc030;
 .timescale -12 -12;
    .port_info 0 /INPUT 1 "a";
    .port_info 1 /INPUT 1 "b";
    .port_info 2 /OUTPUT 1 "out";
L_0x55555b8819d0 .functor AND 1, L_0x55555b881d10, L_0x55555b881e00, C4<1>, C4<1>;
v0x55555b481910_0 .net "a", 0 0, L_0x55555b881d10;  1 drivers
v0x55555b480e70_0 .net "b", 0 0, L_0x55555b881e00;  1 drivers
v0x55555b480d20_0 .net "out", 0 0, L_0x55555b8819d0;  1 drivers
S_0x55555b7c86a0 .scope generate, "gen_bit[8]" "gen_bit[8]" 5 35, 5 35 0, S_0x55555b6db040;
 .timescale -12 -12;
P_0x55555b4f8450 .param/l "i" 1 5 35, +C4<01000>;
S_0x55555b7e0630 .scope module, "and_inst" "And" 5 36, 6 8 0, S_0x55555b7c86a0;
 .timescale -12 -12;
    .port_info 0 /INPUT 1 "a";
    .port_info 1 /INPUT 1 "b";
    .port_info 2 /OUTPUT 1 "out";
L_0x55555b882090 .functor AND 1, L_0x55555b882100, L_0x55555b8821f0, C4<1>, C4<1>;
v0x55555b484810_0 .net "a", 0 0, L_0x55555b882100;  1 drivers
v0x55555b485210_0 .net "b", 0 0, L_0x55555b8821f0;  1 drivers
v0x55555b484350_0 .net "out", 0 0, L_0x55555b882090;  1 drivers
S_0x55555b7dc300 .scope generate, "gen_bit[9]" "gen_bit[9]" 5 35, 5 35 0, S_0x55555b6db040;
 .timescale -12 -12;
P_0x55555b4f1490 .param/l "i" 1 5 35, +C4<01001>;
S_0x55555b7ca530 .scope module, "and_inst" "And" 5 36, 6 8 0, S_0x55555b7dc300;
 .timescale -12 -12;
    .port_info 0 /INPUT 1 "a";
    .port_info 1 /INPUT 1 "b";
    .port_info 2 /OUTPUT 1 "out";
L_0x55555b882380 .functor AND 1, L_0x55555b8823f0, L_0x55555b8824e0, C4<1>, C4<1>;
v0x55555b480bc0_0 .net "a", 0 0, L_0x55555b8823f0;  1 drivers
v0x55555b4885c0_0 .net "b", 0 0, L_0x55555b8824e0;  1 drivers
v0x55555b488fc0_0 .net "out", 0 0, L_0x55555b882380;  1 drivers
S_0x55555b7dafe0 .scope generate, "gen_bit[10]" "gen_bit[10]" 5 35, 5 35 0, S_0x55555b6db040;
 .timescale -12 -12;
P_0x55555b4f24f0 .param/l "i" 1 5 35, +C4<01010>;
S_0x55555b7d6160 .scope module, "and_inst" "And" 5 36, 6 8 0, S_0x55555b7dafe0;
 .timescale -12 -12;
    .port_info 0 /INPUT 1 "a";
    .port_info 1 /INPUT 1 "b";
    .port_info 2 /OUTPUT 1 "out";
L_0x55555b882680 .functor AND 1, L_0x55555b8822e0, L_0x55555b882740, C4<1>, C4<1>;
v0x55555b488ce0_0 .net "a", 0 0, L_0x55555b8822e0;  1 drivers
v0x55555b488240_0 .net "b", 0 0, L_0x55555b882740;  1 drivers
v0x55555b4880f0_0 .net "out", 0 0, L_0x55555b882680;  1 drivers
S_0x55555b7c5840 .scope generate, "gen_bit[11]" "gen_bit[11]" 5 35, 5 35 0, S_0x55555b6db040;
 .timescale -12 -12;
P_0x55555b4f5f50 .param/l "i" 1 5 35, +C4<01011>;
S_0x55555b7c7f30 .scope module, "and_inst" "And" 5 36, 6 8 0, S_0x55555b7c5840;
 .timescale -12 -12;
    .port_info 0 /INPUT 1 "a";
    .port_info 1 /INPUT 1 "b";
    .port_info 2 /OUTPUT 1 "out";
L_0x55555b8828f0 .functor AND 1, L_0x55555b882960, L_0x55555b882a50, C4<1>, C4<1>;
v0x55555b481080_0 .net "a", 0 0, L_0x55555b882960;  1 drivers
v0x55555b481a80_0 .net "b", 0 0, L_0x55555b882a50;  1 drivers
v0x55555b487f90_0 .net "out", 0 0, L_0x55555b8828f0;  1 drivers
S_0x55555b7c71e0 .scope generate, "gen_bit[12]" "gen_bit[12]" 5 35, 5 35 0, S_0x55555b6db040;
 .timescale -12 -12;
P_0x55555b4f63f0 .param/l "i" 1 5 35, +C4<01100>;
S_0x55555b7c6510 .scope module, "and_inst" "And" 5 36, 6 8 0, S_0x55555b7c71e0;
 .timescale -12 -12;
    .port_info 0 /INPUT 1 "a";
    .port_info 1 /INPUT 1 "b";
    .port_info 2 /OUTPUT 1 "out";
L_0x55555b882c10 .functor AND 1, L_0x55555b882c80, L_0x55555b882d70, C4<1>, C4<1>;
v0x55555b490270_0 .net "a", 0 0, L_0x55555b882c80;  1 drivers
v0x55555b490dc0_0 .net "b", 0 0, L_0x55555b882d70;  1 drivers
v0x55555b490ae0_0 .net "out", 0 0, L_0x55555b882c10;  1 drivers
S_0x55555b75ff20 .scope generate, "gen_bit[13]" "gen_bit[13]" 5 35, 5 35 0, S_0x55555b6db040;
 .timescale -12 -12;
P_0x55555b4fa950 .param/l "i" 1 5 35, +C4<01101>;
S_0x55555b730eb0 .scope module, "and_inst" "And" 5 36, 6 8 0, S_0x55555b75ff20;
 .timescale -12 -12;
    .port_info 0 /INPUT 1 "a";
    .port_info 1 /INPUT 1 "b";
    .port_info 2 /OUTPUT 1 "out";
L_0x55555b882f40 .functor AND 1, L_0x55555b882fb0, L_0x55555b8830a0, C4<1>, C4<1>;
v0x55555b48fef0_0 .net "a", 0 0, L_0x55555b882fb0;  1 drivers
v0x55555b48fda0_0 .net "b", 0 0, L_0x55555b8830a0;  1 drivers
v0x55555b488450_0 .net "out", 0 0, L_0x55555b882f40;  1 drivers
S_0x55555b70fc90 .scope generate, "gen_bit[14]" "gen_bit[14]" 5 35, 5 35 0, S_0x55555b6db040;
 .timescale -12 -12;
P_0x55555b4fb980 .param/l "i" 1 5 35, +C4<01110>;
S_0x55555b70bde0 .scope module, "and_inst" "And" 5 36, 6 8 0, S_0x55555b70fc90;
 .timescale -12 -12;
    .port_info 0 /INPUT 1 "a";
    .port_info 1 /INPUT 1 "b";
    .port_info 2 /OUTPUT 1 "out";
L_0x55555b883280 .functor AND 1, L_0x55555b8832f0, L_0x55555b8833e0, C4<1>, C4<1>;
v0x55555b488e50_0 .net "a", 0 0, L_0x55555b8832f0;  1 drivers
v0x55555b48fc40_0 .net "b", 0 0, L_0x55555b8833e0;  1 drivers
v0x55555b48cec0_0 .net "out", 0 0, L_0x55555b883280;  1 drivers
S_0x55555b708100 .scope generate, "gen_bit[15]" "gen_bit[15]" 5 35, 5 35 0, S_0x55555b6db040;
 .timescale -12 -12;
P_0x55555b4faba0 .param/l "i" 1 5 35, +C4<01111>;
S_0x55555b718270 .scope module, "and_inst" "And" 5 36, 6 8 0, S_0x55555b708100;
 .timescale -12 -12;
    .port_info 0 /INPUT 1 "a";
    .port_info 1 /INPUT 1 "b";
    .port_info 2 /OUTPUT 1 "out";
L_0x55555b8835d0 .functor AND 1, L_0x55555b883640, L_0x55555b883940, C4<1>, C4<1>;
v0x55555b48cbe0_0 .net "a", 0 0, L_0x55555b883640;  1 drivers
v0x55555b48bff0_0 .net "b", 0 0, L_0x55555b883940;  1 drivers
v0x55555b48bea0_0 .net "out", 0 0, L_0x55555b8835d0;  1 drivers
S_0x55555b6dbb20 .scope module, "BitShift8L" "BitShift8L" 7 9;
 .timescale -12 -12;
    .port_info 0 /INPUT 1 "clk";
    .port_info 1 /INPUT 8 "in";
    .port_info 2 /INPUT 1 "inLSB";
    .port_info 3 /INPUT 1 "load";
    .port_info 4 /INPUT 1 "shift";
    .port_info 5 /OUTPUT 8 "out";
o0x7fda0e79eb18 .functor BUFZ 1, c4<z>; HiZ drive
v0x55555b48c370_0 .net "clk", 0 0, o0x7fda0e79eb18;  0 drivers
o0x7fda0e79eb48 .functor BUFZ 8, c4<zzzzzzzz>; HiZ drive
v0x55555b4ec0b0_0 .net "in", 7 0, o0x7fda0e79eb48;  0 drivers
o0x7fda0e79eb78 .functor BUFZ 1, c4<z>; HiZ drive
v0x55555b4e6a40_0 .net "inLSB", 0 0, o0x7fda0e79eb78;  0 drivers
o0x7fda0e79eba8 .functor BUFZ 1, c4<z>; HiZ drive
v0x55555b4d2910_0 .net "load", 0 0, o0x7fda0e79eba8;  0 drivers
v0x55555b48c200_0 .var "out", 7 0;
o0x7fda0e79ec08 .functor BUFZ 1, c4<z>; HiZ drive
v0x55555b48c700_0 .net "shift", 0 0, o0x7fda0e79ec08;  0 drivers
S_0x55555b6dc600 .scope module, "BitShift9R" "BitShift9R" 8 9;
 .timescale -12 -12;
    .port_info 0 /INPUT 1 "clk";
    .port_info 1 /INPUT 9 "in";
    .port_info 2 /INPUT 1 "inMSB";
    .port_info 3 /INPUT 1 "load";
    .port_info 4 /INPUT 1 "shift";
    .port_info 5 /OUTPUT 9 "out";
o0x7fda0e79ed58 .functor BUFZ 1, c4<z>; HiZ drive
v0x55555b48cd50_0 .net "clk", 0 0, o0x7fda0e79ed58;  0 drivers
o0x7fda0e79ed88 .functor BUFZ 9, c4<zzzzzzzzz>; HiZ drive
v0x55555b48bd40_0 .net "in", 8 0, o0x7fda0e79ed88;  0 drivers
o0x7fda0e79edb8 .functor BUFZ 1, c4<z>; HiZ drive
v0x55555b49cb90_0 .net "inMSB", 0 0, o0x7fda0e79edb8;  0 drivers
o0x7fda0e79ede8 .functor BUFZ 1, c4<z>; HiZ drive
v0x55555b49bfd0_0 .net "load", 0 0, o0x7fda0e79ede8;  0 drivers
v0x55555b49c120_0 .var "out", 8 0;
o0x7fda0e79ee48 .functor BUFZ 1, c4<z>; HiZ drive
v0x55555b4a71c0_0 .net "shift", 0 0, o0x7fda0e79ee48;  0 drivers
S_0x55555b6dd0e0 .scope module, "Buffer16" "Buffer16" 9 7;
 .timescale -12 -12;
    .port_info 0 /INPUT 16 "in";
    .port_info 1 /OUTPUT 16 "out";
o0x7fda0e79fb98 .functor BUFZ 16, c4<zzzzzzzzzzzzzzzz>; HiZ drive
v0x55555b729980_0 .net "in", 15 0, o0x7fda0e79fb98;  0 drivers
v0x55555b6d3170_0 .net "out", 15 0, L_0x55555b885cb0;  1 drivers
L_0x55555b884360 .part o0x7fda0e79fb98, 0, 1;
L_0x55555b8844c0 .part o0x7fda0e79fb98, 1, 1;
L_0x55555b884670 .part o0x7fda0e79fb98, 2, 1;
L_0x55555b8847d0 .part o0x7fda0e79fb98, 3, 1;
L_0x55555b884930 .part o0x7fda0e79fb98, 4, 1;
L_0x55555b884a40 .part o0x7fda0e79fb98, 5, 1;
L_0x55555b884be0 .part o0x7fda0e79fb98, 6, 1;
L_0x55555b884d40 .part o0x7fda0e79fb98, 7, 1;
L_0x55555b884ef0 .part o0x7fda0e79fb98, 8, 1;
L_0x55555b885050 .part o0x7fda0e79fb98, 9, 1;
L_0x55555b885210 .part o0x7fda0e79fb98, 10, 1;
L_0x55555b885320 .part o0x7fda0e79fb98, 11, 1;
L_0x55555b8854f0 .part o0x7fda0e79fb98, 12, 1;
L_0x55555b885650 .part o0x7fda0e79fb98, 13, 1;
L_0x55555b8857c0 .part o0x7fda0e79fb98, 14, 1;
L_0x55555b885920 .part o0x7fda0e79fb98, 15, 1;
LS_0x55555b885cb0_0_0 .concat8 [ 1 1 1 1], L_0x55555b8842f0, L_0x55555b884450, L_0x55555b884600, L_0x55555b884760;
LS_0x55555b885cb0_0_4 .concat8 [ 1 1 1 1], L_0x55555b8848c0, L_0x55555b8849d0, L_0x55555b884b70, L_0x55555b884cd0;
LS_0x55555b885cb0_0_8 .concat8 [ 1 1 1 1], L_0x55555b884e80, L_0x55555b884fe0, L_0x55555b8851a0, L_0x55555b8852b0;
LS_0x55555b885cb0_0_12 .concat8 [ 1 1 1 1], L_0x55555b885480, L_0x55555b8855e0, L_0x55555b885410, L_0x55555b8858b0;
L_0x55555b885cb0 .concat8 [ 4 4 4 4], LS_0x55555b885cb0_0_0, LS_0x55555b885cb0_0_4, LS_0x55555b885cb0_0_8, LS_0x55555b885cb0_0_12;
S_0x55555b714180 .scope generate, "gen_buffer[0]" "gen_buffer[0]" 9 32, 9 32 0, S_0x55555b6dd0e0;
 .timescale -12 -12;
P_0x55555b477200 .param/l "i" 1 9 32, +C4<00>;
S_0x55555b6f30f0 .scope module, "buffer_inst" "Buffer" 9 33, 10 7 0, S_0x55555b714180;
 .timescale -12 -12;
    .port_info 0 /INPUT 1 "in";
    .port_info 1 /OUTPUT 1 "out";
L_0x55555b8842f0 .functor BUFZ 1, L_0x55555b884360, C4<0>, C4<0>, C4<0>;
v0x55555b4a7310_0 .net "in", 0 0, L_0x55555b884360;  1 drivers
v0x55555b3f8870_0 .net "out", 0 0, L_0x55555b8842f0;  1 drivers
S_0x55555b6f2620 .scope generate, "gen_buffer[1]" "gen_buffer[1]" 9 32, 9 32 0, S_0x55555b6dd0e0;
 .timescale -12 -12;
P_0x55555b474e60 .param/l "i" 1 9 32, +C4<01>;
S_0x55555b6f1900 .scope module, "buffer_inst" "Buffer" 9 33, 10 7 0, S_0x55555b6f2620;
 .timescale -12 -12;
    .port_info 0 /INPUT 1 "in";
    .port_info 1 /OUTPUT 1 "out";
L_0x55555b884450 .functor BUFZ 1, L_0x55555b8844c0, C4<0>, C4<0>, C4<0>;
v0x55555b4bb0c0_0 .net "in", 0 0, L_0x55555b8844c0;  1 drivers
v0x55555b4c6260_0 .net "out", 0 0, L_0x55555b884450;  1 drivers
S_0x55555b6f0c60 .scope generate, "gen_buffer[2]" "gen_buffer[2]" 9 32, 9 32 0, S_0x55555b6dd0e0;
 .timescale -12 -12;
P_0x55555b47b1b0 .param/l "i" 1 9 32, +C4<010>;
S_0x55555b6e9e50 .scope module, "buffer_inst" "Buffer" 9 33, 10 7 0, S_0x55555b6f0c60;
 .timescale -12 -12;
    .port_info 0 /INPUT 1 "in";
    .port_info 1 /OUTPUT 1 "out";
L_0x55555b884600 .functor BUFZ 1, L_0x55555b884670, C4<0>, C4<0>, C4<0>;
v0x55555b423480_0 .net "in", 0 0, L_0x55555b884670;  1 drivers
v0x55555b411300_0 .net "out", 0 0, L_0x55555b884600;  1 drivers
S_0x55555b6eeae0 .scope generate, "gen_buffer[3]" "gen_buffer[3]" 9 32, 9 32 0, S_0x55555b6dd0e0;
 .timescale -12 -12;
P_0x55555b52faa0 .param/l "i" 1 9 32, +C4<011>;
S_0x55555b6edb90 .scope module, "buffer_inst" "Buffer" 9 33, 10 7 0, S_0x55555b6eeae0;
 .timescale -12 -12;
    .port_info 0 /INPUT 1 "in";
    .port_info 1 /OUTPUT 1 "out";
L_0x55555b884760 .functor BUFZ 1, L_0x55555b8847d0, C4<0>, C4<0>, C4<0>;
v0x55555b414ea0_0 .net "in", 0 0, L_0x55555b8847d0;  1 drivers
v0x55555b412fb0_0 .net "out", 0 0, L_0x55555b884760;  1 drivers
S_0x55555b6ecc40 .scope generate, "gen_buffer[4]" "gen_buffer[4]" 9 32, 9 32 0, S_0x55555b6dd0e0;
 .timescale -12 -12;
P_0x55555b52b4e0 .param/l "i" 1 9 32, +C4<0100>;
S_0x55555b6ebcf0 .scope module, "buffer_inst" "Buffer" 9 33, 10 7 0, S_0x55555b6ecc40;
 .timescale -12 -12;
    .port_info 0 /INPUT 1 "in";
    .port_info 1 /OUTPUT 1 "out";
L_0x55555b8848c0 .functor BUFZ 1, L_0x55555b884930, C4<0>, C4<0>, C4<0>;
v0x55555b416450_0 .net "in", 0 0, L_0x55555b884930;  1 drivers
v0x55555b4217d0_0 .net "out", 0 0, L_0x55555b8848c0;  1 drivers
S_0x55555b6eada0 .scope generate, "gen_buffer[5]" "gen_buffer[5]" 9 32, 9 32 0, S_0x55555b6dd0e0;
 .timescale -12 -12;
P_0x55555b52b950 .param/l "i" 1 9 32, +C4<0101>;
S_0x55555b6e9000 .scope module, "buffer_inst" "Buffer" 9 33, 10 7 0, S_0x55555b6eada0;
 .timescale -12 -12;
    .port_info 0 /INPUT 1 "in";
    .port_info 1 /OUTPUT 1 "out";
L_0x55555b8849d0 .functor BUFZ 1, L_0x55555b884a40, C4<0>, C4<0>, C4<0>;
v0x55555b425370_0 .net "in", 0 0, L_0x55555b884a40;  1 drivers
v0x55555b41f8e0_0 .net "out", 0 0, L_0x55555b8849d0;  1 drivers
S_0x55555b6e8b70 .scope generate, "gen_buffer[6]" "gen_buffer[6]" 9 32, 9 32 0, S_0x55555b6dd0e0;
 .timescale -12 -12;
P_0x55555b52afd0 .param/l "i" 1 9 32, +C4<0110>;
S_0x55555b6e8740 .scope module, "buffer_inst" "Buffer" 9 33, 10 7 0, S_0x55555b6e8b70;
 .timescale -12 -12;
    .port_info 0 /INPUT 1 "in";
    .port_info 1 /OUTPUT 1 "out";
L_0x55555b884b70 .functor BUFZ 1, L_0x55555b884be0, C4<0>, C4<0>, C4<0>;
v0x55555b405fc0_0 .net "in", 0 0, L_0x55555b884be0;  1 drivers
v0x55555b50edc0_0 .net "out", 0 0, L_0x55555b884b70;  1 drivers
S_0x55555b6e6590 .scope generate, "gen_buffer[7]" "gen_buffer[7]" 9 32, 9 32 0, S_0x55555b6dd0e0;
 .timescale -12 -12;
P_0x55555b527ff0 .param/l "i" 1 9 32, +C4<0111>;
S_0x55555b6e5db0 .scope module, "buffer_inst" "Buffer" 9 33, 10 7 0, S_0x55555b6e6590;
 .timescale -12 -12;
    .port_info 0 /INPUT 1 "in";
    .port_info 1 /OUTPUT 1 "out";
L_0x55555b884cd0 .functor BUFZ 1, L_0x55555b884d40, C4<0>, C4<0>, C4<0>;
v0x55555b53ab00_0 .net "in", 0 0, L_0x55555b884d40;  1 drivers
v0x55555b479750_0 .net "out", 0 0, L_0x55555b884cd0;  1 drivers
S_0x55555b6e5090 .scope generate, "gen_buffer[8]" "gen_buffer[8]" 9 32, 9 32 0, S_0x55555b6dd0e0;
 .timescale -12 -12;
P_0x55555b52b280 .param/l "i" 1 9 32, +C4<01000>;
S_0x55555b6e48b0 .scope module, "buffer_inst" "Buffer" 9 33, 10 7 0, S_0x55555b6e5090;
 .timescale -12 -12;
    .port_info 0 /INPUT 1 "in";
    .port_info 1 /OUTPUT 1 "out";
L_0x55555b884e80 .functor BUFZ 1, L_0x55555b884ef0, C4<0>, C4<0>, C4<0>;
v0x55555b4fc400_0 .net "in", 0 0, L_0x55555b884ef0;  1 drivers
v0x55555b4fc740_0 .net "out", 0 0, L_0x55555b884e80;  1 drivers
S_0x55555b6e3b90 .scope generate, "gen_buffer[9]" "gen_buffer[9]" 9 32, 9 32 0, S_0x55555b6dd0e0;
 .timescale -12 -12;
P_0x55555b50df90 .param/l "i" 1 9 32, +C4<01001>;
S_0x55555b6e33b0 .scope module, "buffer_inst" "Buffer" 9 33, 10 7 0, S_0x55555b6e3b90;
 .timescale -12 -12;
    .port_info 0 /INPUT 1 "in";
    .port_info 1 /OUTPUT 1 "out";
L_0x55555b884fe0 .functor BUFZ 1, L_0x55555b885050, C4<0>, C4<0>, C4<0>;
v0x55555b50fd90_0 .net "in", 0 0, L_0x55555b885050;  1 drivers
v0x55555b485380_0 .net "out", 0 0, L_0x55555b884fe0;  1 drivers
S_0x55555b6e27b0 .scope generate, "gen_buffer[10]" "gen_buffer[10]" 9 32, 9 32 0, S_0x55555b6dd0e0;
 .timescale -12 -12;
P_0x55555b544f30 .param/l "i" 1 9 32, +C4<01010>;
S_0x55555b6e1fd0 .scope module, "buffer_inst" "Buffer" 9 33, 10 7 0, S_0x55555b6e27b0;
 .timescale -12 -12;
    .port_info 0 /INPUT 1 "in";
    .port_info 1 /OUTPUT 1 "out";
L_0x55555b8851a0 .functor BUFZ 1, L_0x55555b885210, C4<0>, C4<0>, C4<0>;
v0x55555b481bf0_0 .net "in", 0 0, L_0x55555b885210;  1 drivers
v0x55555b489130_0 .net "out", 0 0, L_0x55555b8851a0;  1 drivers
S_0x55555b6e0ee0 .scope generate, "gen_buffer[11]" "gen_buffer[11]" 9 32, 9 32 0, S_0x55555b6dd0e0;
 .timescale -12 -12;
P_0x55555b5434e0 .param/l "i" 1 9 32, +C4<01011>;
S_0x55555b6e0750 .scope module, "buffer_inst" "Buffer" 9 33, 10 7 0, S_0x55555b6e0ee0;
 .timescale -12 -12;
    .port_info 0 /INPUT 1 "in";
    .port_info 1 /OUTPUT 1 "out";
L_0x55555b8852b0 .functor BUFZ 1, L_0x55555b885320, C4<0>, C4<0>, C4<0>;
v0x55555b490f30_0 .net "in", 0 0, L_0x55555b885320;  1 drivers
v0x55555b48d030_0 .net "out", 0 0, L_0x55555b8852b0;  1 drivers
S_0x55555b6dfad0 .scope generate, "gen_buffer[12]" "gen_buffer[12]" 9 32, 9 32 0, S_0x55555b6dd0e0;
 .timescale -12 -12;
P_0x55555b53c110 .param/l "i" 1 9 32, +C4<01100>;
S_0x55555b6df340 .scope module, "buffer_inst" "Buffer" 9 33, 10 7 0, S_0x55555b6dfad0;
 .timescale -12 -12;
    .port_info 0 /INPUT 1 "in";
    .port_info 1 /OUTPUT 1 "out";
L_0x55555b885480 .functor BUFZ 1, L_0x55555b8854f0, C4<0>, C4<0>, C4<0>;
v0x55555b528d00_0 .net "in", 0 0, L_0x55555b8854f0;  1 drivers
v0x55555b532270_0 .net "out", 0 0, L_0x55555b885480;  1 drivers
S_0x55555b6de850 .scope generate, "gen_buffer[13]" "gen_buffer[13]" 9 32, 9 32 0, S_0x55555b6dd0e0;
 .timescale -12 -12;
P_0x55555b518800 .param/l "i" 1 9 32, +C4<01101>;
S_0x55555b6cecd0 .scope module, "buffer_inst" "Buffer" 9 33, 10 7 0, S_0x55555b6de850;
 .timescale -12 -12;
    .port_info 0 /INPUT 1 "in";
    .port_info 1 /OUTPUT 1 "out";
L_0x55555b8855e0 .functor BUFZ 1, L_0x55555b885650, C4<0>, C4<0>, C4<0>;
v0x55555b53bc20_0 .net "in", 0 0, L_0x55555b885650;  1 drivers
v0x55555b515fa0_0 .net "out", 0 0, L_0x55555b8855e0;  1 drivers
S_0x55555b6c43e0 .scope generate, "gen_buffer[14]" "gen_buffer[14]" 9 32, 9 32 0, S_0x55555b6dd0e0;
 .timescale -12 -12;
P_0x55555b532b40 .param/l "i" 1 9 32, +C4<01110>;
S_0x55555b6c3e60 .scope module, "buffer_inst" "Buffer" 9 33, 10 7 0, S_0x55555b6c43e0;
 .timescale -12 -12;
    .port_info 0 /INPUT 1 "in";
    .port_info 1 /OUTPUT 1 "out";
L_0x55555b885410 .functor BUFZ 1, L_0x55555b8857c0, C4<0>, C4<0>, C4<0>;
v0x55555b7589f0_0 .net "in", 0 0, L_0x55555b8857c0;  1 drivers
v0x55555b756d30_0 .net "out", 0 0, L_0x55555b885410;  1 drivers
S_0x55555b6c0280 .scope generate, "gen_buffer[15]" "gen_buffer[15]" 9 32, 9 32 0, S_0x55555b6dd0e0;
 .timescale -12 -12;
P_0x55555b535820 .param/l "i" 1 9 32, +C4<01111>;
S_0x55555b7bc620 .scope module, "buffer_inst" "Buffer" 9 33, 10 7 0, S_0x55555b6c0280;
 .timescale -12 -12;
    .port_info 0 /INPUT 1 "in";
    .port_info 1 /OUTPUT 1 "out";
L_0x55555b8858b0 .functor BUFZ 1, L_0x55555b885920, C4<0>, C4<0>, C4<0>;
v0x55555b7392f0_0 .net "in", 0 0, L_0x55555b885920;  1 drivers
v0x55555b737650_0 .net "out", 0 0, L_0x55555b8858b0;  1 drivers
S_0x55555b785560 .scope module, "DFF" "DFF" 11 7;
 .timescale -12 -12;
    .port_info 0 /INPUT 1 "clk";
    .port_info 1 /INPUT 1 "in";
    .port_info 2 /OUTPUT 1 "out";
o0x7fda0e79fc58 .functor BUFZ 1, c4<z>; HiZ drive
v0x55555b40bfb0_0 .net "clk", 0 0, o0x7fda0e79fc58;  0 drivers
o0x7fda0e79fc88 .functor BUFZ 1, c4<z>; HiZ drive
v0x55555b408df0_0 .net "in", 0 0, o0x7fda0e79fc88;  0 drivers
v0x55555b40d820_0 .var "out", 0 0;
E_0x55555b538690 .event posedge, v0x55555b40bfb0_0;
S_0x55555b81add0 .scope module, "DMux8Way" "DMux8Way" 12 10;
 .timescale -12 -12;
    .port_info 0 /INPUT 1 "in";
    .port_info 1 /INPUT 3 "sel";
    .port_info 2 /OUTPUT 1 "a";
    .port_info 3 /OUTPUT 1 "b";
    .port_info 4 /OUTPUT 1 "c";
    .port_info 5 /OUTPUT 1 "d";
    .port_info 6 /OUTPUT 1 "e";
    .port_info 7 /OUTPUT 1 "f";
    .port_info 8 /OUTPUT 1 "g";
    .port_info 9 /OUTPUT 1 "h";
v0x55555b744b70_0 .net "a", 0 0, L_0x55555b886e50;  1 drivers
v0x55555b745b70_0 .net "b", 0 0, L_0x55555b886ef0;  1 drivers
v0x55555b746b70_0 .net "c", 0 0, L_0x55555b887170;  1 drivers
v0x55555b73a820_0 .net "ch1", 0 0, L_0x55555b886570;  1 drivers
v0x55555b73b820_0 .net "ch2", 0 0, L_0x55555b886730;  1 drivers
v0x55555b73c820_0 .net "ch3", 0 0, L_0x55555b886900;  1 drivers
v0x55555b738cb0_0 .net "ch4", 0 0, L_0x55555b886b50;  1 drivers
v0x55555b73d820_0 .net "d", 0 0, L_0x55555b8872b0;  1 drivers
v0x55555b73e820_0 .net "e", 0 0, L_0x55555b8874e0;  1 drivers
v0x55555b740820_0 .net "f", 0 0, L_0x55555b887620;  1 drivers
v0x55555b742820_0 .net "g", 0 0, L_0x55555b8878e0;  1 drivers
v0x55555b743820_0 .net "h", 0 0, L_0x55555b8879d0;  1 drivers
o0x7fda0e79fe38 .functor BUFZ 1, c4<z>; HiZ drive
v0x55555b744820_0 .net "in", 0 0, o0x7fda0e79fe38;  0 drivers
o0x7fda0e7a0ac8 .functor BUFZ 3, c4<zzz>; HiZ drive
v0x55555b745820_0 .net "sel", 2 0, o0x7fda0e7a0ac8;  0 drivers
L_0x55555b886d20 .part o0x7fda0e7a0ac8, 1, 2;
L_0x55555b887080 .part o0x7fda0e7a0ac8, 0, 1;
L_0x55555b887440 .part o0x7fda0e7a0ac8, 0, 1;
L_0x55555b8877b0 .part o0x7fda0e7a0ac8, 0, 1;
L_0x55555b887b60 .part o0x7fda0e7a0ac8, 0, 1;
S_0x55555b790570 .scope module, "d1" "DMux4Way" 12 34, 13 10 0, S_0x55555b81add0;
 .timescale -12 -12;
    .port_info 0 /INPUT 1 "in";
    .port_info 1 /INPUT 2 "sel";
    .port_info 2 /OUTPUT 1 "a";
    .port_info 3 /OUTPUT 1 "b";
    .port_info 4 /OUTPUT 1 "c";
    .port_info 5 /OUTPUT 1 "d";
v0x55555b7a83c0_0 .net "a", 0 0, L_0x55555b886570;  alias, 1 drivers
v0x55555b7a77b0_0 .net "b", 0 0, L_0x55555b886730;  alias, 1 drivers
v0x55555b7a6ba0_0 .net "c", 0 0, L_0x55555b886900;  alias, 1 drivers
v0x55555b73f420_0 .net "ch1", 0 0, L_0x55555b886250;  1 drivers
v0x55555b733200_0 .net "ch2", 0 0, L_0x55555b886390;  1 drivers
v0x55555b734200_0 .net "d", 0 0, L_0x55555b886b50;  alias, 1 drivers
v0x55555b735200_0 .net "in", 0 0, o0x7fda0e79fe38;  alias, 0 drivers
v0x55555b736200_0 .net "sel", 1 0, L_0x55555b886d20;  1 drivers
L_0x55555b8864d0 .part L_0x55555b886d20, 1, 1;
L_0x55555b886860 .part L_0x55555b886d20, 0, 1;
L_0x55555b886c80 .part L_0x55555b886d20, 0, 1;
S_0x55555b78fa50 .scope module, "d1" "DMux" 13 26, 14 8 0, S_0x55555b790570;
 .timescale -12 -12;
    .port_info 0 /INPUT 1 "in";
    .port_info 1 /INPUT 1 "sel";
    .port_info 2 /OUTPUT 1 "a";
    .port_info 3 /OUTPUT 1 "b";
L_0x7fda0e7540f0 .functor BUFT 1, C4<0>, C4<0>, C4<0>, C4<0>;
v0x55555b40a660_0 .net/2u *"_ivl_0", 0 0, L_0x7fda0e7540f0;  1 drivers
L_0x7fda0e754138 .functor BUFT 1, C4<0>, C4<0>, C4<0>, C4<0>;
v0x55555b41c4d0_0 .net/2u *"_ivl_4", 0 0, L_0x7fda0e754138;  1 drivers
v0x55555b419310_0 .net "a", 0 0, L_0x55555b886250;  alias, 1 drivers
v0x55555b41dd40_0 .net "b", 0 0, L_0x55555b886390;  alias, 1 drivers
v0x55555b41ab80_0 .net "in", 0 0, o0x7fda0e79fe38;  alias, 0 drivers
v0x55555b417c50_0 .net "sel", 0 0, L_0x55555b8864d0;  1 drivers
L_0x55555b886250 .functor MUXZ 1, o0x7fda0e79fe38, L_0x7fda0e7540f0, L_0x55555b8864d0, C4<>;
L_0x55555b886390 .functor MUXZ 1, L_0x7fda0e754138, o0x7fda0e79fe38, L_0x55555b8864d0, C4<>;
S_0x55555b78d8f0 .scope module, "d2" "DMux" 13 27, 14 8 0, S_0x55555b790570;
 .timescale -12 -12;
    .port_info 0 /INPUT 1 "in";
    .port_info 1 /INPUT 1 "sel";
    .port_info 2 /OUTPUT 1 "a";
    .port_info 3 /OUTPUT 1 "b";
L_0x7fda0e754180 .functor BUFT 1, C4<0>, C4<0>, C4<0>, C4<0>;
v0x55555b407730_0 .net/2u *"_ivl_0", 0 0, L_0x7fda0e754180;  1 drivers
L_0x7fda0e7541c8 .functor BUFT 1, C4<0>, C4<0>, C4<0>, C4<0>;
v0x55555b7b0870_0 .net/2u *"_ivl_4", 0 0, L_0x7fda0e7541c8;  1 drivers
v0x55555b7afc60_0 .net "a", 0 0, L_0x55555b886570;  alias, 1 drivers
v0x55555b7af050_0 .net "b", 0 0, L_0x55555b886730;  alias, 1 drivers
v0x55555b7ae440_0 .net "in", 0 0, L_0x55555b886250;  alias, 1 drivers
v0x55555b7ad830_0 .net "sel", 0 0, L_0x55555b886860;  1 drivers
L_0x55555b886570 .functor MUXZ 1, L_0x55555b886250, L_0x7fda0e754180, L_0x55555b886860, C4<>;
L_0x55555b886730 .functor MUXZ 1, L_0x7fda0e7541c8, L_0x55555b886250, L_0x55555b886860, C4<>;
S_0x55555b78cdd0 .scope module, "d3" "DMux" 13 28, 14 8 0, S_0x55555b790570;
 .timescale -12 -12;
    .port_info 0 /INPUT 1 "in";
    .port_info 1 /INPUT 1 "sel";
    .port_info 2 /OUTPUT 1 "a";
    .port_info 3 /OUTPUT 1 "b";
L_0x7fda0e754210 .functor BUFT 1, C4<0>, C4<0>, C4<0>, C4<0>;
v0x55555b7acc20_0 .net/2u *"_ivl_0", 0 0, L_0x7fda0e754210;  1 drivers
L_0x7fda0e754258 .functor BUFT 1, C4<0>, C4<0>, C4<0>, C4<0>;
v0x55555b7ac010_0 .net/2u *"_ivl_4", 0 0, L_0x7fda0e754258;  1 drivers
v0x55555b7ab400_0 .net "a", 0 0, L_0x55555b886900;  alias, 1 drivers
v0x55555b7aa7f0_0 .net "b", 0 0, L_0x55555b886b50;  alias, 1 drivers
v0x55555b7a9be0_0 .net "in", 0 0, L_0x55555b886390;  alias, 1 drivers
v0x55555b7a8fd0_0 .net "sel", 0 0, L_0x55555b886c80;  1 drivers
L_0x55555b886900 .functor MUXZ 1, L_0x55555b886390, L_0x7fda0e754210, L_0x55555b886c80, C4<>;
L_0x55555b886b50 .functor MUXZ 1, L_0x7fda0e754258, L_0x55555b886390, L_0x55555b886c80, C4<>;
S_0x55555b78c2b0 .scope module, "d2" "DMux" 12 35, 14 8 0, S_0x55555b81add0;
 .timescale -12 -12;
    .port_info 0 /INPUT 1 "in";
    .port_info 1 /INPUT 1 "sel";
    .port_info 2 /OUTPUT 1 "a";
    .port_info 3 /OUTPUT 1 "b";
L_0x7fda0e7542a0 .functor BUFT 1, C4<0>, C4<0>, C4<0>, C4<0>;
v0x55555b737200_0 .net/2u *"_ivl_0", 0 0, L_0x7fda0e7542a0;  1 drivers
L_0x7fda0e7542e8 .functor BUFT 1, C4<0>, C4<0>, C4<0>, C4<0>;
v0x55555b72aeb0_0 .net/2u *"_ivl_4", 0 0, L_0x7fda0e7542e8;  1 drivers
v0x55555b72beb0_0 .net "a", 0 0, L_0x55555b886e50;  alias, 1 drivers
v0x55555b72ceb0_0 .net "b", 0 0, L_0x55555b886ef0;  alias, 1 drivers
v0x55555b729340_0 .net "in", 0 0, L_0x55555b886570;  alias, 1 drivers
v0x55555b72deb0_0 .net "sel", 0 0, L_0x55555b887080;  1 drivers
L_0x55555b886e50 .functor MUXZ 1, L_0x55555b886570, L_0x7fda0e7542a0, L_0x55555b887080, C4<>;
L_0x55555b886ef0 .functor MUXZ 1, L_0x7fda0e7542e8, L_0x55555b886570, L_0x55555b887080, C4<>;
S_0x55555b78ac70 .scope module, "d3" "DMux" 12 36, 14 8 0, S_0x55555b81add0;
 .timescale -12 -12;
    .port_info 0 /INPUT 1 "in";
    .port_info 1 /INPUT 1 "sel";
    .port_info 2 /OUTPUT 1 "a";
    .port_info 3 /OUTPUT 1 "b";
L_0x7fda0e754330 .functor BUFT 1, C4<0>, C4<0>, C4<0>, C4<0>;
v0x55555b72eeb0_0 .net/2u *"_ivl_0", 0 0, L_0x7fda0e754330;  1 drivers
L_0x7fda0e754378 .functor BUFT 1, C4<0>, C4<0>, C4<0>, C4<0>;
v0x55555b72feb0_0 .net/2u *"_ivl_4", 0 0, L_0x7fda0e754378;  1 drivers
v0x55555b732eb0_0 .net "a", 0 0, L_0x55555b887170;  alias, 1 drivers
v0x55555b733eb0_0 .net "b", 0 0, L_0x55555b8872b0;  alias, 1 drivers
v0x55555b734eb0_0 .net "in", 0 0, L_0x55555b886730;  alias, 1 drivers
v0x55555b735eb0_0 .net "sel", 0 0, L_0x55555b887440;  1 drivers
L_0x55555b887170 .functor MUXZ 1, L_0x55555b886730, L_0x7fda0e754330, L_0x55555b887440, C4<>;
L_0x55555b8872b0 .functor MUXZ 1, L_0x7fda0e754378, L_0x55555b886730, L_0x55555b887440, C4<>;
S_0x55555b78a150 .scope module, "d4" "DMux" 12 37, 14 8 0, S_0x55555b81add0;
 .timescale -12 -12;
    .port_info 0 /INPUT 1 "in";
    .port_info 1 /INPUT 1 "sel";
    .port_info 2 /OUTPUT 1 "a";
    .port_info 3 /OUTPUT 1 "b";
L_0x7fda0e7543c0 .functor BUFT 1, C4<0>, C4<0>, C4<0>, C4<0>;
v0x55555b736eb0_0 .net/2u *"_ivl_0", 0 0, L_0x7fda0e7543c0;  1 drivers
L_0x7fda0e754408 .functor BUFT 1, C4<0>, C4<0>, C4<0>, C4<0>;
v0x55555b729fa0_0 .net/2u *"_ivl_4", 0 0, L_0x7fda0e754408;  1 drivers
v0x55555b73ab70_0 .net "a", 0 0, L_0x55555b8874e0;  alias, 1 drivers
v0x55555b73bb70_0 .net "b", 0 0, L_0x55555b887620;  alias, 1 drivers
v0x55555b73cb70_0 .net "in", 0 0, L_0x55555b886900;  alias, 1 drivers
v0x55555b73db70_0 .net "sel", 0 0, L_0x55555b8877b0;  1 drivers
L_0x55555b8874e0 .functor MUXZ 1, L_0x55555b886900, L_0x7fda0e7543c0, L_0x55555b8877b0, C4<>;
L_0x55555b887620 .functor MUXZ 1, L_0x7fda0e754408, L_0x55555b886900, L_0x55555b8877b0, C4<>;
S_0x55555b789630 .scope module, "d5" "DMux" 12 38, 14 8 0, S_0x55555b81add0;
 .timescale -12 -12;
    .port_info 0 /INPUT 1 "in";
    .port_info 1 /INPUT 1 "sel";
    .port_info 2 /OUTPUT 1 "a";
    .port_info 3 /OUTPUT 1 "b";
L_0x7fda0e754450 .functor BUFT 1, C4<0>, C4<0>, C4<0>, C4<0>;
v0x55555b73eb70_0 .net/2u *"_ivl_0", 0 0, L_0x7fda0e754450;  1 drivers
L_0x7fda0e754498 .functor BUFT 1, C4<0>, C4<0>, C4<0>, C4<0>;
v0x55555b73fb70_0 .net/2u *"_ivl_4", 0 0, L_0x7fda0e754498;  1 drivers
v0x55555b740b70_0 .net "a", 0 0, L_0x55555b8878e0;  alias, 1 drivers
v0x55555b741b70_0 .net "b", 0 0, L_0x55555b8879d0;  alias, 1 drivers
v0x55555b742b70_0 .net "in", 0 0, L_0x55555b886b50;  alias, 1 drivers
v0x55555b743b70_0 .net "sel", 0 0, L_0x55555b887b60;  1 drivers
L_0x55555b8878e0 .functor MUXZ 1, L_0x55555b886b50, L_0x7fda0e754450, L_0x55555b887b60, C4<>;
L_0x55555b8879d0 .functor MUXZ 1, L_0x7fda0e754498, L_0x55555b886b50, L_0x55555b887b60, C4<>;
S_0x55555b6c3530 .scope module, "FullAdder" "FullAdder" 15 6;
 .timescale -12 -12;
    .port_info 0 /INPUT 1 "a";
    .port_info 1 /INPUT 1 "b";
    .port_info 2 /INPUT 1 "c";
    .port_info 3 /OUTPUT 1 "sum";
    .port_info 4 /OUTPUT 1 "carry";
o0x7fda0e7a0dc8 .functor BUFZ 1, c4<z>; HiZ drive
o0x7fda0e7a0df8 .functor BUFZ 1, c4<z>; HiZ drive
L_0x55555b887c00 .functor XOR 1, o0x7fda0e7a0dc8, o0x7fda0e7a0df8, C4<0>, C4<0>;
o0x7fda0e7a0e28 .functor BUFZ 1, c4<z>; HiZ drive
L_0x55555b887c70 .functor XOR 1, L_0x55555b887c00, o0x7fda0e7a0e28, C4<0>, C4<0>;
L_0x55555b887d30 .functor AND 1, o0x7fda0e7a0dc8, o0x7fda0e7a0df8, C4<1>, C4<1>;
L_0x55555b887e40 .functor AND 1, o0x7fda0e7a0df8, o0x7fda0e7a0e28, C4<1>, C4<1>;
L_0x55555b887f00 .functor OR 1, L_0x55555b887d30, L_0x55555b887e40, C4<0>, C4<0>;
L_0x55555b888010 .functor AND 1, o0x7fda0e7a0e28, o0x7fda0e7a0dc8, C4<1>, C4<1>;
L_0x55555b8880c0 .functor OR 1, L_0x55555b887f00, L_0x55555b888010, C4<0>, C4<0>;
v0x55555b746820_0 .net *"_ivl_0", 0 0, L_0x55555b887c00;  1 drivers
v0x55555b739910_0 .net *"_ivl_10", 0 0, L_0x55555b888010;  1 drivers
v0x55555b747820_0 .net *"_ivl_4", 0 0, L_0x55555b887d30;  1 drivers
v0x55555b747da0_0 .net *"_ivl_6", 0 0, L_0x55555b887e40;  1 drivers
v0x55555b7498e0_0 .net *"_ivl_8", 0 0, L_0x55555b887f00;  1 drivers
v0x55555b74a8e0_0 .net "a", 0 0, o0x7fda0e7a0dc8;  0 drivers
v0x55555b74b8e0_0 .net "b", 0 0, o0x7fda0e7a0df8;  0 drivers
v0x55555b74c8e0_0 .net "c", 0 0, o0x7fda0e7a0e28;  0 drivers
v0x55555b74d8e0_0 .net "carry", 0 0, L_0x55555b8880c0;  1 drivers
v0x55555b74e8e0_0 .net "sum", 0 0, L_0x55555b887c70;  1 drivers
S_0x55555b6d4eb0 .scope module, "HalfAdder" "HalfAdder" 16 6;
 .timescale -12 -12;
    .port_info 0 /INPUT 1 "a";
    .port_info 1 /INPUT 1 "b";
    .port_info 2 /OUTPUT 1 "sum";
    .port_info 3 /OUTPUT 1 "carry";
o0x7fda0e7a0fa8 .functor BUFZ 1, c4<z>; HiZ drive
o0x7fda0e7a0fd8 .functor BUFZ 1, c4<z>; HiZ drive
L_0x55555b8881d0 .functor XOR 1, o0x7fda0e7a0fa8, o0x7fda0e7a0fd8, C4<0>, C4<0>;
L_0x55555b888240 .functor AND 1, o0x7fda0e7a0fa8, o0x7fda0e7a0fd8, C4<1>, C4<1>;
v0x55555b74f8e0_0 .net "a", 0 0, o0x7fda0e7a0fa8;  0 drivers
v0x55555b7508e0_0 .net "b", 0 0, o0x7fda0e7a0fd8;  0 drivers
v0x55555b7518e0_0 .net "carry", 0 0, L_0x55555b888240;  1 drivers
v0x55555b7528e0_0 .net "sum", 0 0, L_0x55555b8881d0;  1 drivers
S_0x55555b6d5940 .scope module, "ICESTORM_LC" "ICESTORM_LC" 17 2136;
 .timescale -12 -12;
    .port_info 0 /INPUT 1 "I0";
    .port_info 1 /INPUT 1 "I1";
    .port_info 2 /INPUT 1 "I2";
    .port_info 3 /INPUT 1 "I3";
    .port_info 4 /INPUT 1 "CIN";
    .port_info 5 /INPUT 1 "CLK";
    .port_info 6 /INPUT 1 "CEN";
    .port_info 7 /INPUT 1 "SR";
    .port_info 8 /OUTPUT 1 "LO";
    .port_info 9 /OUTPUT 1 "O";
    .port_info 10 /OUTPUT 1 "COUT";
P_0x55555b7df800 .param/l "ASYNC_SR" 0 17 2148, C4<0>;
P_0x55555b7df840 .param/l "CARRY_ENABLE" 0 17 2145, C4<0>;
P_0x55555b7df880 .param/l "CIN_CONST" 0 17 2150, C4<0>;
P_0x55555b7df8c0 .param/l "CIN_SET" 0 17 2151, C4<0>;
P_0x55555b7df900 .param/l "DFF_ENABLE" 0 17 2146, C4<0>;
P_0x55555b7df940 .param/l "LUT_INIT" 0 17 2142, C4<0000000000000000>;
P_0x55555b7df980 .param/l "NEG_CLK" 0 17 2144, C4<0>;
P_0x55555b7df9c0 .param/l "SET_NORESET" 0 17 2147, C4<0>;
o0x7fda0e7a1188 .functor BUFZ 1, c4<z>; HiZ drive
L_0x55555b889180 .functor BUFZ 1, o0x7fda0e7a1188, C4<0>, C4<0>, C4<0>;
L_0x55555b889020 .functor BUFZ 1, L_0x55555b889d10, C4<0>, C4<0>, C4<0>;
o0x7fda0e7a11b8 .functor BUFZ 1, c4<z>; HiZ drive
L_0x7fda0e754768 .functor BUFT 1, C4<0>, C4<0>, C4<0>, C4<0>;
L_0x55555b889fb0 .functor XOR 1, o0x7fda0e7a11b8, L_0x7fda0e754768, C4<0>, C4<0>;
L_0x55555b88a070 .functor BUFZ 1, L_0x55555b889d10, C4<0>, C4<0>, C4<0>;
o0x7fda0e7a1128 .functor BUFZ 1, c4<z>; HiZ drive
v0x55555b7538e0_0 .net "CEN", 0 0, o0x7fda0e7a1128;  0 drivers
v0x55555b7548e0_0 .net "CEN_pu", 0 0, L_0x55555b888f80;  1 drivers
v0x55555b7558e0_0 .net "CIN", 0 0, o0x7fda0e7a1188;  0 drivers
v0x55555b7568e0_0 .net "CLK", 0 0, o0x7fda0e7a11b8;  0 drivers
L_0x7fda0e754690 .functor BUFT 1, C4<x>, C4<0>, C4<0>, C4<0>;
v0x55555b74a590_0 .net "COUT", 0 0, L_0x7fda0e754690;  1 drivers
o0x7fda0e7a1218 .functor BUFZ 1, c4<z>; HiZ drive
v0x55555b74b590_0 .net "I0", 0 0, o0x7fda0e7a1218;  0 drivers
v0x55555b74c590_0 .net "I0_pd", 0 0, L_0x55555b8883f0;  1 drivers
o0x7fda0e7a1278 .functor BUFZ 1, c4<z>; HiZ drive
v0x55555b748980_0 .net "I1", 0 0, o0x7fda0e7a1278;  0 drivers
v0x55555b74d590_0 .net "I1_pd", 0 0, L_0x55555b888620;  1 drivers
o0x7fda0e7a12d8 .functor BUFZ 1, c4<z>; HiZ drive
v0x55555b74e590_0 .net "I2", 0 0, o0x7fda0e7a12d8;  0 drivers
v0x55555b74f590_0 .net "I2_pd", 0 0, L_0x55555b888850;  1 drivers
o0x7fda0e7a1338 .functor BUFZ 1, c4<z>; HiZ drive
v0x55555b750590_0 .net "I3", 0 0, o0x7fda0e7a1338;  0 drivers
v0x55555b751590_0 .net "I3_pd", 0 0, L_0x55555b888ac0;  1 drivers
v0x55555b752590_0 .net "LO", 0 0, L_0x55555b889020;  1 drivers
v0x55555b753590_0 .net "O", 0 0, L_0x55555b88a070;  1 drivers
o0x7fda0e7a13f8 .functor BUFZ 1, c4<z>; HiZ drive
v0x55555b754590_0 .net "SR", 0 0, o0x7fda0e7a13f8;  0 drivers
v0x55555b756590_0 .net "SR_pd", 0 0, L_0x55555b888d40;  1 drivers
o0x7fda0e7a1458 .functor BUFZ 1, c4<z>; HiZ drive
; Elide local net with no drivers, v0x55555b75a270_0 name=_ivl_0
v0x55555b75b270_0 .net *"_ivl_10", 0 0, L_0x55555b888580;  1 drivers
L_0x7fda0e754528 .functor BUFT 1, C4<0>, C4<0>, C4<0>, C4<0>;
v0x55555b75c270_0 .net/2u *"_ivl_12", 0 0, L_0x7fda0e754528;  1 drivers
o0x7fda0e7a14e8 .functor BUFZ 1, c4<z>; HiZ drive
; Elide local net with no drivers, v0x55555b75d270_0 name=_ivl_16
v0x55555b75e270_0 .net *"_ivl_18", 0 0, L_0x55555b8887b0;  1 drivers
v0x55555b75f270_0 .net *"_ivl_2", 0 0, L_0x55555b888350;  1 drivers
L_0x7fda0e754570 .functor BUFT 1, C4<0>, C4<0>, C4<0>, C4<0>;
v0x55555b760270_0 .net/2u *"_ivl_20", 0 0, L_0x7fda0e754570;  1 drivers
o0x7fda0e7a15a8 .functor BUFZ 1, c4<z>; HiZ drive
; Elide local net with no drivers, v0x55555b761270_0 name=_ivl_24
v0x55555b762270_0 .net *"_ivl_26", 0 0, L_0x55555b888a20;  1 drivers
L_0x7fda0e7545b8 .functor BUFT 1, C4<0>, C4<0>, C4<0>, C4<0>;
v0x55555b763270_0 .net/2u *"_ivl_28", 0 0, L_0x7fda0e7545b8;  1 drivers
o0x7fda0e7a1638 .functor BUFZ 1, c4<z>; HiZ drive
; Elide local net with no drivers, v0x55555b764270_0 name=_ivl_32
v0x55555b765270_0 .net *"_ivl_34", 0 0, L_0x55555b888ca0;  1 drivers
L_0x7fda0e754600 .functor BUFT 1, C4<0>, C4<0>, C4<0>, C4<0>;
v0x55555b766270_0 .net/2u *"_ivl_36", 0 0, L_0x7fda0e754600;  1 drivers
L_0x7fda0e7544e0 .functor BUFT 1, C4<0>, C4<0>, C4<0>, C4<0>;
v0x55555b759f20_0 .net/2u *"_ivl_4", 0 0, L_0x7fda0e7544e0;  1 drivers
o0x7fda0e7a16f8 .functor BUFZ 1, c4<z>; HiZ drive
; Elide local net with no drivers, v0x55555b75af20_0 name=_ivl_40
v0x55555b75bf20_0 .net *"_ivl_42", 0 0, L_0x55555b888ee0;  1 drivers
L_0x7fda0e754648 .functor BUFT 1, C4<1>, C4<0>, C4<0>, C4<0>;
v0x55555b7583b0_0 .net/2u *"_ivl_44", 0 0, L_0x7fda0e754648;  1 drivers
L_0x7fda0e7546d8 .functor BUFT 1, C4<00000000>, C4<0>, C4<0>, C4<0>;
v0x55555b75cf20_0 .net/2u *"_ivl_52", 7 0, L_0x7fda0e7546d8;  1 drivers
L_0x7fda0e754720 .functor BUFT 1, C4<00000000>, C4<0>, C4<0>, C4<0>;
v0x55555b75df20_0 .net/2u *"_ivl_54", 7 0, L_0x7fda0e754720;  1 drivers
v0x55555b75ef20_0 .net *"_ivl_59", 3 0, L_0x55555b889380;  1 drivers
v0x55555b761f20_0 .net *"_ivl_61", 3 0, L_0x55555b8894f0;  1 drivers
v0x55555b762f20_0 .net *"_ivl_65", 1 0, L_0x55555b8897b0;  1 drivers
v0x55555b763f20_0 .net *"_ivl_67", 1 0, L_0x55555b8898a0;  1 drivers
v0x55555b764f20_0 .net *"_ivl_71", 0 0, L_0x55555b889b70;  1 drivers
v0x55555b765f20_0 .net *"_ivl_73", 0 0, L_0x55555b889940;  1 drivers
v0x55555b759010_0 .net/2u *"_ivl_78", 0 0, L_0x7fda0e754768;  1 drivers
o0x7fda0e7a1938 .functor BUFZ 1, c4<z>; HiZ drive
; Elide local net with no drivers, v0x55555b769be0_0 name=_ivl_8
v0x55555b76abe0_0 .net "lut_o", 0 0, L_0x55555b889d10;  1 drivers
v0x55555b76bbe0_0 .net "lut_s1", 1 0, L_0x55555b8899e0;  1 drivers
v0x55555b76cbe0_0 .net "lut_s2", 3 0, L_0x55555b889590;  1 drivers
v0x55555b76dbe0_0 .net "lut_s3", 7 0, L_0x55555b8891f0;  1 drivers
v0x55555b76ebe0_0 .net "mux_cin", 0 0, L_0x55555b889180;  1 drivers
v0x55555b76fbe0_0 .var "o_reg", 0 0;
v0x55555b770be0_0 .var "o_reg_async", 0 0;
v0x55555b771be0_0 .net "polarized_clk", 0 0, L_0x55555b889fb0;  1 drivers
E_0x55555b7f82f0 .event posedge, v0x55555b756590_0, v0x55555b771be0_0;
E_0x55555b809920 .event posedge, v0x55555b771be0_0;
L_0x55555b888350 .cmp/eeq 1, o0x7fda0e7a1218, o0x7fda0e7a1458;
L_0x55555b8883f0 .functor MUXZ 1, o0x7fda0e7a1218, L_0x7fda0e7544e0, L_0x55555b888350, C4<>;
L_0x55555b888580 .cmp/eeq 1, o0x7fda0e7a1278, o0x7fda0e7a1938;
L_0x55555b888620 .functor MUXZ 1, o0x7fda0e7a1278, L_0x7fda0e754528, L_0x55555b888580, C4<>;
L_0x55555b8887b0 .cmp/eeq 1, o0x7fda0e7a12d8, o0x7fda0e7a14e8;
L_0x55555b888850 .functor MUXZ 1, o0x7fda0e7a12d8, L_0x7fda0e754570, L_0x55555b8887b0, C4<>;
L_0x55555b888a20 .cmp/eeq 1, o0x7fda0e7a1338, o0x7fda0e7a15a8;
L_0x55555b888ac0 .functor MUXZ 1, o0x7fda0e7a1338, L_0x7fda0e7545b8, L_0x55555b888a20, C4<>;
L_0x55555b888ca0 .cmp/eeq 1, o0x7fda0e7a13f8, o0x7fda0e7a1638;
L_0x55555b888d40 .functor MUXZ 1, o0x7fda0e7a13f8, L_0x7fda0e754600, L_0x55555b888ca0, C4<>;
L_0x55555b888ee0 .cmp/eeq 1, o0x7fda0e7a1128, o0x7fda0e7a16f8;
L_0x55555b888f80 .functor MUXZ 1, o0x7fda0e7a1128, L_0x7fda0e754648, L_0x55555b888ee0, C4<>;
L_0x55555b8891f0 .functor MUXZ 8, L_0x7fda0e754720, L_0x7fda0e7546d8, L_0x55555b888ac0, C4<>;
L_0x55555b889380 .part L_0x55555b8891f0, 4, 4;
L_0x55555b8894f0 .part L_0x55555b8891f0, 0, 4;
L_0x55555b889590 .functor MUXZ 4, L_0x55555b8894f0, L_0x55555b889380, L_0x55555b888850, C4<>;
L_0x55555b8897b0 .part L_0x55555b889590, 2, 2;
L_0x55555b8898a0 .part L_0x55555b889590, 0, 2;
L_0x55555b8899e0 .functor MUXZ 2, L_0x55555b8898a0, L_0x55555b8897b0, L_0x55555b888620, C4<>;
L_0x55555b889b70 .part L_0x55555b8899e0, 1, 1;
L_0x55555b889940 .part L_0x55555b8899e0, 0, 1;
L_0x55555b889d10 .functor MUXZ 1, L_0x55555b889940, L_0x55555b889b70, L_0x55555b8883f0, C4<>;
S_0x55555b6d6420 .scope module, "ICESTORM_RAM" "ICESTORM_RAM" 17 3167;
 .timescale -12 -12;
    .port_info 0 /OUTPUT 1 "RDATA_15";
    .port_info 1 /OUTPUT 1 "RDATA_14";
    .port_info 2 /OUTPUT 1 "RDATA_13";
    .port_info 3 /OUTPUT 1 "RDATA_12";
    .port_info 4 /OUTPUT 1 "RDATA_11";
    .port_info 5 /OUTPUT 1 "RDATA_10";
    .port_info 6 /OUTPUT 1 "RDATA_9";
    .port_info 7 /OUTPUT 1 "RDATA_8";
    .port_info 8 /OUTPUT 1 "RDATA_7";
    .port_info 9 /OUTPUT 1 "RDATA_6";
    .port_info 10 /OUTPUT 1 "RDATA_5";
    .port_info 11 /OUTPUT 1 "RDATA_4";
    .port_info 12 /OUTPUT 1 "RDATA_3";
    .port_info 13 /OUTPUT 1 "RDATA_2";
    .port_info 14 /OUTPUT 1 "RDATA_1";
    .port_info 15 /OUTPUT 1 "RDATA_0";
    .port_info 16 /INPUT 1 "RCLK";
    .port_info 17 /INPUT 1 "RCLKE";
    .port_info 18 /INPUT 1 "RE";
    .port_info 19 /INPUT 1 "RADDR_10";
    .port_info 20 /INPUT 1 "RADDR_9";
    .port_info 21 /INPUT 1 "RADDR_8";
    .port_info 22 /INPUT 1 "RADDR_7";
    .port_info 23 /INPUT 1 "RADDR_6";
    .port_info 24 /INPUT 1 "RADDR_5";
    .port_info 25 /INPUT 1 "RADDR_4";
    .port_info 26 /INPUT 1 "RADDR_3";
    .port_info 27 /INPUT 1 "RADDR_2";
    .port_info 28 /INPUT 1 "RADDR_1";
    .port_info 29 /INPUT 1 "RADDR_0";
    .port_info 30 /INPUT 1 "WCLK";
    .port_info 31 /INPUT 1 "WCLKE";
    .port_info 32 /INPUT 1 "WE";
    .port_info 33 /INPUT 1 "WADDR_10";
    .port_info 34 /INPUT 1 "WADDR_9";
    .port_info 35 /INPUT 1 "WADDR_8";
    .port_info 36 /INPUT 1 "WADDR_7";
    .port_info 37 /INPUT 1 "WADDR_6";
    .port_info 38 /INPUT 1 "WADDR_5";
    .port_info 39 /INPUT 1 "WADDR_4";
    .port_info 40 /INPUT 1 "WADDR_3";
    .port_info 41 /INPUT 1 "WADDR_2";
    .port_info 42 /INPUT 1 "WADDR_1";
    .port_info 43 /INPUT 1 "WADDR_0";
    .port_info 44 /INPUT 1 "MASK_15";
    .port_info 45 /INPUT 1 "MASK_14";
    .port_info 46 /INPUT 1 "MASK_13";
    .port_info 47 /INPUT 1 "MASK_12";
    .port_info 48 /INPUT 1 "MASK_11";
    .port_info 49 /INPUT 1 "MASK_10";
    .port_info 50 /INPUT 1 "MASK_9";
    .port_info 51 /INPUT 1 "MASK_8";
    .port_info 52 /INPUT 1 "MASK_7";
    .port_info 53 /INPUT 1 "MASK_6";
    .port_info 54 /INPUT 1 "MASK_5";
    .port_info 55 /INPUT 1 "MASK_4";
    .port_info 56 /INPUT 1 "MASK_3";
    .port_info 57 /INPUT 1 "MASK_2";
    .port_info 58 /INPUT 1 "MASK_1";
    .port_info 59 /INPUT 1 "MASK_0";
    .port_info 60 /INPUT 1 "WDATA_15";
    .port_info 61 /INPUT 1 "WDATA_14";
    .port_info 62 /INPUT 1 "WDATA_13";
    .port_info 63 /INPUT 1 "WDATA_12";
    .port_info 64 /INPUT 1 "WDATA_11";
    .port_info 65 /INPUT 1 "WDATA_10";
    .port_info 66 /INPUT 1 "WDATA_9";
    .port_info 67 /INPUT 1 "WDATA_8";
    .port_info 68 /INPUT 1 "WDATA_7";
    .port_info 69 /INPUT 1 "WDATA_6";
    .port_info 70 /INPUT 1 "WDATA_5";
    .port_info 71 /INPUT 1 "WDATA_4";
    .port_info 72 /INPUT 1 "WDATA_3";
    .port_info 73 /INPUT 1 "WDATA_2";
    .port_info 74 /INPUT 1 "WDATA_1";
    .port_info 75 /INPUT 1 "WDATA_0";
P_0x55555b404100 .param/l "INIT_0" 0 17 3182, C4<0000000000000000000000000000000000000000000000000000000000000000000000000000000000000000000000000000000000000000000000000000000000000000000000000000000000000000000000000000000000000000000000000000000000000000000000000000000000000000000000000000000000000000>;
P_0x55555b404140 .param/l "INIT_1" 0 17 3183, C4<0000000000000000000000000000000000000000000000000000000000000000000000000000000000000000000000000000000000000000000000000000000000000000000000000000000000000000000000000000000000000000000000000000000000000000000000000000000000000000000000000000000000000000>;
P_0x55555b404180 .param/l "INIT_2" 0 17 3184, C4<0000000000000000000000000000000000000000000000000000000000000000000000000000000000000000000000000000000000000000000000000000000000000000000000000000000000000000000000000000000000000000000000000000000000000000000000000000000000000000000000000000000000000000>;
P_0x55555b4041c0 .param/l "INIT_3" 0 17 3185, C4<0000000000000000000000000000000000000000000000000000000000000000000000000000000000000000000000000000000000000000000000000000000000000000000000000000000000000000000000000000000000000000000000000000000000000000000000000000000000000000000000000000000000000000>;
P_0x55555b404200 .param/l "INIT_4" 0 17 3186, C4<0000000000000000000000000000000000000000000000000000000000000000000000000000000000000000000000000000000000000000000000000000000000000000000000000000000000000000000000000000000000000000000000000000000000000000000000000000000000000000000000000000000000000000>;
P_0x55555b404240 .param/l "INIT_5" 0 17 3187, C4<0000000000000000000000000000000000000000000000000000000000000000000000000000000000000000000000000000000000000000000000000000000000000000000000000000000000000000000000000000000000000000000000000000000000000000000000000000000000000000000000000000000000000000>;
P_0x55555b404280 .param/l "INIT_6" 0 17 3188, C4<0000000000000000000000000000000000000000000000000000000000000000000000000000000000000000000000000000000000000000000000000000000000000000000000000000000000000000000000000000000000000000000000000000000000000000000000000000000000000000000000000000000000000000>;
P_0x55555b4042c0 .param/l "INIT_7" 0 17 3189, C4<0000000000000000000000000000000000000000000000000000000000000000000000000000000000000000000000000000000000000000000000000000000000000000000000000000000000000000000000000000000000000000000000000000000000000000000000000000000000000000000000000000000000000000>;
P_0x55555b404300 .param/l "INIT_8" 0 17 3190, C4<0000000000000000000000000000000000000000000000000000000000000000000000000000000000000000000000000000000000000000000000000000000000000000000000000000000000000000000000000000000000000000000000000000000000000000000000000000000000000000000000000000000000000000>;
P_0x55555b404340 .param/l "INIT_9" 0 17 3191, C4<0000000000000000000000000000000000000000000000000000000000000000000000000000000000000000000000000000000000000000000000000000000000000000000000000000000000000000000000000000000000000000000000000000000000000000000000000000000000000000000000000000000000000000>;
P_0x55555b404380 .param/l "INIT_A" 0 17 3192, C4<0000000000000000000000000000000000000000000000000000000000000000000000000000000000000000000000000000000000000000000000000000000000000000000000000000000000000000000000000000000000000000000000000000000000000000000000000000000000000000000000000000000000000000>;
P_0x55555b4043c0 .param/l "INIT_B" 0 17 3193, C4<0000000000000000000000000000000000000000000000000000000000000000000000000000000000000000000000000000000000000000000000000000000000000000000000000000000000000000000000000000000000000000000000000000000000000000000000000000000000000000000000000000000000000000>;
P_0x55555b404400 .param/l "INIT_C" 0 17 3194, C4<0000000000000000000000000000000000000000000000000000000000000000000000000000000000000000000000000000000000000000000000000000000000000000000000000000000000000000000000000000000000000000000000000000000000000000000000000000000000000000000000000000000000000000>;
P_0x55555b404440 .param/l "INIT_D" 0 17 3195, C4<0000000000000000000000000000000000000000000000000000000000000000000000000000000000000000000000000000000000000000000000000000000000000000000000000000000000000000000000000000000000000000000000000000000000000000000000000000000000000000000000000000000000000000>;
P_0x55555b404480 .param/l "INIT_E" 0 17 3196, C4<0000000000000000000000000000000000000000000000000000000000000000000000000000000000000000000000000000000000000000000000000000000000000000000000000000000000000000000000000000000000000000000000000000000000000000000000000000000000000000000000000000000000000000>;
P_0x55555b4044c0 .param/l "INIT_F" 0 17 3197, C4<0000000000000000000000000000000000000000000000000000000000000000000000000000000000000000000000000000000000000000000000000000000000000000000000000000000000000000000000000000000000000000000000000000000000000000000000000000000000000000000000000000000000000000>;
P_0x55555b404500 .param/l "NEG_CLK_R" 0 17 3179, C4<0>;
P_0x55555b404540 .param/l "NEG_CLK_W" 0 17 3180, C4<0>;
P_0x55555b404580 .param/l "READ_MODE" 0 17 3177, +C4<00000000000000000000000000000000>;
P_0x55555b4045c0 .param/l "WRITE_MODE" 0 17 3176, +C4<00000000000000000000000000000000>;
L_0x7fda0e7547f8 .functor BUFT 1, C4<0>, C4<0>, C4<0>, C4<0>;
L_0x55555b88aaf0 .functor XOR 1, L_0x55555b88b100, L_0x7fda0e7547f8, C4<0>, C4<0>;
L_0x7fda0e754840 .functor BUFT 1, C4<0>, C4<0>, C4<0>, C4<0>;
L_0x55555b88c8e0 .functor XOR 1, L_0x55555b88c730, L_0x7fda0e754840, C4<0>, C4<0>;
o0x7fda0e7a22c8 .functor BUFZ 1, c4<z>; HiZ drive
v0x55555b777950_0 .net "MASK_0", 0 0, o0x7fda0e7a22c8;  0 drivers
o0x7fda0e7a22f8 .functor BUFZ 1, c4<z>; HiZ drive
v0x55555b77c560_0 .net "MASK_1", 0 0, o0x7fda0e7a22f8;  0 drivers
o0x7fda0e7a2328 .functor BUFZ 1, c4<z>; HiZ drive
v0x55555b77d560_0 .net "MASK_10", 0 0, o0x7fda0e7a2328;  0 drivers
o0x7fda0e7a2358 .functor BUFZ 1, c4<z>; HiZ drive
v0x55555b77f560_0 .net "MASK_11", 0 0, o0x7fda0e7a2358;  0 drivers
o0x7fda0e7a2388 .functor BUFZ 1, c4<z>; HiZ drive
v0x55555b781560_0 .net "MASK_12", 0 0, o0x7fda0e7a2388;  0 drivers
o0x7fda0e7a23b8 .functor BUFZ 1, c4<z>; HiZ drive
v0x55555b782560_0 .net "MASK_13", 0 0, o0x7fda0e7a23b8;  0 drivers
o0x7fda0e7a23e8 .functor BUFZ 1, c4<z>; HiZ drive
v0x55555b784560_0 .net "MASK_14", 0 0, o0x7fda0e7a23e8;  0 drivers
o0x7fda0e7a2418 .functor BUFZ 1, c4<z>; HiZ drive
v0x55555b7785b0_0 .net "MASK_15", 0 0, o0x7fda0e7a2418;  0 drivers
o0x7fda0e7a2448 .functor BUFZ 1, c4<z>; HiZ drive
v0x55555b7870e0_0 .net "MASK_2", 0 0, o0x7fda0e7a2448;  0 drivers
o0x7fda0e7a2478 .functor BUFZ 1, c4<z>; HiZ drive
v0x55555b787920_0 .net "MASK_3", 0 0, o0x7fda0e7a2478;  0 drivers
o0x7fda0e7a24a8 .functor BUFZ 1, c4<z>; HiZ drive
v0x55555b7882b0_0 .net "MASK_4", 0 0, o0x7fda0e7a24a8;  0 drivers
o0x7fda0e7a24d8 .functor BUFZ 1, c4<z>; HiZ drive
v0x55555b788dd0_0 .net "MASK_5", 0 0, o0x7fda0e7a24d8;  0 drivers
o0x7fda0e7a2508 .functor BUFZ 1, c4<z>; HiZ drive
v0x55555b7898f0_0 .net "MASK_6", 0 0, o0x7fda0e7a2508;  0 drivers
o0x7fda0e7a2538 .functor BUFZ 1, c4<z>; HiZ drive
v0x55555b78a410_0 .net "MASK_7", 0 0, o0x7fda0e7a2538;  0 drivers
o0x7fda0e7a2568 .functor BUFZ 1, c4<z>; HiZ drive
v0x55555b78af30_0 .net "MASK_8", 0 0, o0x7fda0e7a2568;  0 drivers
o0x7fda0e7a2598 .functor BUFZ 1, c4<z>; HiZ drive
v0x55555b78ba50_0 .net "MASK_9", 0 0, o0x7fda0e7a2598;  0 drivers
o0x7fda0e7a25c8 .functor BUFZ 1, c4<z>; HiZ drive
v0x55555b78c570_0 .net "RADDR_0", 0 0, o0x7fda0e7a25c8;  0 drivers
o0x7fda0e7a25f8 .functor BUFZ 1, c4<z>; HiZ drive
v0x55555b78dbb0_0 .net "RADDR_1", 0 0, o0x7fda0e7a25f8;  0 drivers
o0x7fda0e7a2628 .functor BUFZ 1, c4<z>; HiZ drive
v0x55555b78e6d0_0 .net "RADDR_10", 0 0, o0x7fda0e7a2628;  0 drivers
o0x7fda0e7a2658 .functor BUFZ 1, c4<z>; HiZ drive
v0x55555b78f1f0_0 .net "RADDR_2", 0 0, o0x7fda0e7a2658;  0 drivers
o0x7fda0e7a2688 .functor BUFZ 1, c4<z>; HiZ drive
v0x55555b78fd10_0 .net "RADDR_3", 0 0, o0x7fda0e7a2688;  0 drivers
o0x7fda0e7a26b8 .functor BUFZ 1, c4<z>; HiZ drive
v0x55555b790830_0 .net "RADDR_4", 0 0, o0x7fda0e7a26b8;  0 drivers
o0x7fda0e7a26e8 .functor BUFZ 1, c4<z>; HiZ drive
v0x55555b791bc0_0 .net "RADDR_5", 0 0, o0x7fda0e7a26e8;  0 drivers
o0x7fda0e7a2718 .functor BUFZ 1, c4<z>; HiZ drive
v0x55555b7931e0_0 .net "RADDR_6", 0 0, o0x7fda0e7a2718;  0 drivers
o0x7fda0e7a2748 .functor BUFZ 1, c4<z>; HiZ drive
v0x55555b794100_0 .net "RADDR_7", 0 0, o0x7fda0e7a2748;  0 drivers
o0x7fda0e7a2778 .functor BUFZ 1, c4<z>; HiZ drive
v0x55555b791a00_0 .net "RADDR_8", 0 0, o0x7fda0e7a2778;  0 drivers
o0x7fda0e7a27a8 .functor BUFZ 1, c4<z>; HiZ drive
v0x55555b796f50_0 .net "RADDR_9", 0 0, o0x7fda0e7a27a8;  0 drivers
o0x7fda0e7a27d8 .functor BUFZ 1, c4<z>; HiZ drive
v0x55555b797ec0_0 .net "RCLK", 0 0, o0x7fda0e7a27d8;  0 drivers
o0x7fda0e7a2808 .functor BUFZ 1, c4<z>; HiZ drive
v0x55555b798e30_0 .net "RCLKE", 0 0, o0x7fda0e7a2808;  0 drivers
v0x55555b799da0_0 .net "RDATA_0", 0 0, L_0x55555b88afd0;  1 drivers
v0x55555b79bc80_0 .net "RDATA_1", 0 0, L_0x55555b88ad20;  1 drivers
v0x55555b79cbf0_0 .net "RDATA_10", 0 0, L_0x55555b88a5a0;  1 drivers
v0x55555b79db60_0 .net "RDATA_11", 0 0, L_0x55555b88a500;  1 drivers
v0x55555b79ead0_0 .net "RDATA_12", 0 0, L_0x55555b88a460;  1 drivers
v0x55555b792470_0 .net "RDATA_13", 0 0, L_0x55555b88a3c0;  1 drivers
v0x55555b79ff30_0 .net "RDATA_14", 0 0, L_0x55555b88a320;  1 drivers
v0x55555b7a7ee0_0 .net "RDATA_15", 0 0, L_0x55555b88a230;  1 drivers
v0x55555b7a8af0_0 .net "RDATA_2", 0 0, L_0x55555b88ac00;  1 drivers
v0x55555b7a9700_0 .net "RDATA_3", 0 0, L_0x55555b88ab60;  1 drivers
v0x55555b7aa310_0 .net "RDATA_4", 0 0, L_0x55555b88aa50;  1 drivers
v0x55555b7aaf20_0 .net "RDATA_5", 0 0, L_0x55555b88a9b0;  1 drivers
v0x55555b7abb30_0 .net "RDATA_6", 0 0, L_0x55555b88a8b0;  1 drivers
v0x55555b7ac740_0 .net "RDATA_7", 0 0, L_0x55555b88a810;  1 drivers
v0x55555b7ad350_0 .net "RDATA_8", 0 0, L_0x55555b88a720;  1 drivers
v0x55555b7adf60_0 .net "RDATA_9", 0 0, L_0x55555b88a680;  1 drivers
o0x7fda0e7a2b38 .functor BUFZ 1, c4<z>; HiZ drive
v0x55555b7aeb70_0 .net "RE", 0 0, o0x7fda0e7a2b38;  0 drivers
o0x7fda0e7a2b68 .functor BUFZ 1, c4<z>; HiZ drive
v0x55555b7a66c0_0 .net "WADDR_0", 0 0, o0x7fda0e7a2b68;  0 drivers
o0x7fda0e7a2b98 .functor BUFZ 1, c4<z>; HiZ drive
v0x55555b7af780_0 .net "WADDR_1", 0 0, o0x7fda0e7a2b98;  0 drivers
o0x7fda0e7a2bc8 .functor BUFZ 1, c4<z>; HiZ drive
v0x55555b7b0390_0 .net "WADDR_10", 0 0, o0x7fda0e7a2bc8;  0 drivers
o0x7fda0e7a2bf8 .functor BUFZ 1, c4<z>; HiZ drive
v0x55555b7b0fa0_0 .net "WADDR_2", 0 0, o0x7fda0e7a2bf8;  0 drivers
o0x7fda0e7a2c28 .functor BUFZ 1, c4<z>; HiZ drive
v0x55555b7a72d0_0 .net "WADDR_3", 0 0, o0x7fda0e7a2c28;  0 drivers
o0x7fda0e7a2c58 .functor BUFZ 1, c4<z>; HiZ drive
v0x55555b7d72c0_0 .net "WADDR_4", 0 0, o0x7fda0e7a2c58;  0 drivers
o0x7fda0e7a2c88 .functor BUFZ 1, c4<z>; HiZ drive
v0x55555b7d7420_0 .net "WADDR_5", 0 0, o0x7fda0e7a2c88;  0 drivers
o0x7fda0e7a2cb8 .functor BUFZ 1, c4<z>; HiZ drive
v0x55555b7dbc40_0 .net "WADDR_6", 0 0, o0x7fda0e7a2cb8;  0 drivers
o0x7fda0e7a2ce8 .functor BUFZ 1, c4<z>; HiZ drive
v0x55555b7dbe90_0 .net "WADDR_7", 0 0, o0x7fda0e7a2ce8;  0 drivers
o0x7fda0e7a2d18 .functor BUFZ 1, c4<z>; HiZ drive
v0x55555b7dcd50_0 .net "WADDR_8", 0 0, o0x7fda0e7a2d18;  0 drivers
o0x7fda0e7a2d48 .functor BUFZ 1, c4<z>; HiZ drive
v0x55555b7e1290_0 .net "WADDR_9", 0 0, o0x7fda0e7a2d48;  0 drivers
o0x7fda0e7a2d78 .functor BUFZ 1, c4<z>; HiZ drive
v0x55555b7e14e0_0 .net "WCLK", 0 0, o0x7fda0e7a2d78;  0 drivers
o0x7fda0e7a2da8 .functor BUFZ 1, c4<z>; HiZ drive
v0x55555b7f7c50_0 .net "WCLKE", 0 0, o0x7fda0e7a2da8;  0 drivers
o0x7fda0e7a2dd8 .functor BUFZ 1, c4<z>; HiZ drive
v0x55555b7f80e0_0 .net "WDATA_0", 0 0, o0x7fda0e7a2dd8;  0 drivers
o0x7fda0e7a2e08 .functor BUFZ 1, c4<z>; HiZ drive
v0x55555b809a70_0 .net "WDATA_1", 0 0, o0x7fda0e7a2e08;  0 drivers
o0x7fda0e7a2e38 .functor BUFZ 1, c4<z>; HiZ drive
v0x55555b809790_0 .net "WDATA_10", 0 0, o0x7fda0e7a2e38;  0 drivers
o0x7fda0e7a2e68 .functor BUFZ 1, c4<z>; HiZ drive
v0x55555b809850_0 .net "WDATA_11", 0 0, o0x7fda0e7a2e68;  0 drivers
o0x7fda0e7a2e98 .functor BUFZ 1, c4<z>; HiZ drive
v0x55555b7f7970_0 .net "WDATA_12", 0 0, o0x7fda0e7a2e98;  0 drivers
o0x7fda0e7a2ec8 .functor BUFZ 1, c4<z>; HiZ drive
v0x55555b7f7a30_0 .net "WDATA_13", 0 0, o0x7fda0e7a2ec8;  0 drivers
o0x7fda0e7a2ef8 .functor BUFZ 1, c4<z>; HiZ drive
v0x55555b780560_0 .net "WDATA_14", 0 0, o0x7fda0e7a2ef8;  0 drivers
o0x7fda0e7a2f28 .functor BUFZ 1, c4<z>; HiZ drive
v0x55555b780620_0 .net "WDATA_15", 0 0, o0x7fda0e7a2f28;  0 drivers
o0x7fda0e7a2f58 .functor BUFZ 1, c4<z>; HiZ drive
v0x55555b76f890_0 .net "WDATA_2", 0 0, o0x7fda0e7a2f58;  0 drivers
o0x7fda0e7a2f88 .functor BUFZ 1, c4<z>; HiZ drive
v0x55555b76f950_0 .net "WDATA_3", 0 0, o0x7fda0e7a2f88;  0 drivers
o0x7fda0e7a2fb8 .functor BUFZ 1, c4<z>; HiZ drive
v0x55555b760f20_0 .net "WDATA_4", 0 0, o0x7fda0e7a2fb8;  0 drivers
o0x7fda0e7a2fe8 .functor BUFZ 1, c4<z>; HiZ drive
v0x55555b760fe0_0 .net "WDATA_5", 0 0, o0x7fda0e7a2fe8;  0 drivers
o0x7fda0e7a3018 .functor BUFZ 1, c4<z>; HiZ drive
v0x55555b766f20_0 .net "WDATA_6", 0 0, o0x7fda0e7a3018;  0 drivers
o0x7fda0e7a3048 .functor BUFZ 1, c4<z>; HiZ drive
v0x55555b766fe0_0 .net "WDATA_7", 0 0, o0x7fda0e7a3048;  0 drivers
o0x7fda0e7a3078 .functor BUFZ 1, c4<z>; HiZ drive
v0x55555b757590_0 .net "WDATA_8", 0 0, o0x7fda0e7a3078;  0 drivers
o0x7fda0e7a30a8 .functor BUFZ 1, c4<z>; HiZ drive
v0x55555b757650_0 .net "WDATA_9", 0 0, o0x7fda0e7a30a8;  0 drivers
o0x7fda0e7a30d8 .functor BUFZ 1, c4<z>; HiZ drive
v0x55555b741820_0 .net "WE", 0 0, o0x7fda0e7a30d8;  0 drivers
v0x55555b7418e0_0 .net *"_ivl_100", 0 0, L_0x55555b88ec90;  1 drivers
v0x55555b731eb0_0 .net *"_ivl_102", 0 0, L_0x55555b88ef20;  1 drivers
v0x55555b737eb0_0 .net *"_ivl_104", 0 0, L_0x55555b88f020;  1 drivers
v0x55555b728520_0 .net *"_ivl_106", 0 0, L_0x55555b88f2f0;  1 drivers
v0x55555b6f36b0_0 .net *"_ivl_108", 0 0, L_0x55555b88f3f0;  1 drivers
v0x55555b6ef0c0_0 .net *"_ivl_110", 0 0, L_0x55555b88f6d0;  1 drivers
v0x55555b517ae0_0 .net *"_ivl_112", 0 0, L_0x55555b88f7d0;  1 drivers
v0x55555b79e500_0 .net *"_ivl_114", 0 0, L_0x55555b88fac0;  1 drivers
v0x55555b79d920_0 .net *"_ivl_116", 0 0, L_0x55555b88fbc0;  1 drivers
v0x55555b79d590_0 .net *"_ivl_120", 0 0, L_0x55555b8904b0;  1 drivers
v0x55555b79c9b0_0 .net *"_ivl_122", 0 0, L_0x55555b890760;  1 drivers
v0x55555b79c620_0 .net *"_ivl_124", 0 0, L_0x55555b890800;  1 drivers
v0x55555b79ba40_0 .net *"_ivl_126", 0 0, L_0x55555b890ac0;  1 drivers
v0x55555b79b6b0_0 .net *"_ivl_128", 0 0, L_0x55555b890b60;  1 drivers
v0x55555b79aad0_0 .net *"_ivl_130", 0 0, L_0x55555b890e30;  1 drivers
v0x55555b79a740_0 .net *"_ivl_132", 0 0, L_0x55555b890ed0;  1 drivers
v0x55555b799b60_0 .net *"_ivl_134", 0 0, L_0x55555b8911b0;  1 drivers
v0x55555b7997d0_0 .net *"_ivl_136", 0 0, L_0x55555b891250;  1 drivers
v0x55555b798bf0_0 .net *"_ivl_138", 0 0, L_0x55555b891540;  1 drivers
v0x55555b798860_0 .net *"_ivl_140", 0 0, L_0x55555b8915e0;  1 drivers
v0x55555b797c80_0 .net *"_ivl_142", 0 0, L_0x55555b8918e0;  1 drivers
v0x55555b7978f0_0 .net *"_ivl_144", 0 0, L_0x55555b8919b0;  1 drivers
v0x55555b796d10_0 .net *"_ivl_146", 0 0, L_0x55555b891d20;  1 drivers
v0x55555b796980_0 .net *"_ivl_148", 0 0, L_0x55555b891df0;  1 drivers
v0x55555b795da0_0 .net *"_ivl_150", 0 0, L_0x55555b892170;  1 drivers
v0x55555b795a10_0 .net *"_ivl_18", 0 0, L_0x55555b88b100;  1 drivers
v0x55555b794e30_0 .net/2u *"_ivl_19", 0 0, L_0x7fda0e7547f8;  1 drivers
v0x55555b794aa0_0 .net *"_ivl_28", 0 0, L_0x55555b88b3b0;  1 drivers
v0x55555b793ec0_0 .net *"_ivl_30", 0 0, L_0x55555b88b240;  1 drivers
v0x55555b793b30_0 .net *"_ivl_32", 0 0, L_0x55555b88b5c0;  1 drivers
v0x55555b792fa0_0 .net *"_ivl_34", 0 0, L_0x55555b88b4b0;  1 drivers
v0x55555b792cb0_0 .net *"_ivl_36", 0 0, L_0x55555b88b7e0;  1 drivers
v0x55555b792230_0 .net *"_ivl_38", 0 0, L_0x55555b88b9b0;  1 drivers
v0x55555b791fe0_0 .net *"_ivl_40", 0 0, L_0x55555b88bab0;  1 drivers
v0x55555b790ef0_0 .net *"_ivl_42", 0 0, L_0x55555b88bc90;  1 drivers
v0x55555b7903d0_0 .net *"_ivl_44", 0 0, L_0x55555b88bd90;  1 drivers
v0x55555b78f8b0_0 .net *"_ivl_46", 0 0, L_0x55555b88bf80;  1 drivers
v0x55555b78ed90_0 .net *"_ivl_48", 0 0, L_0x55555b88c080;  1 drivers
v0x55555b78e270_0 .net *"_ivl_52", 0 0, L_0x55555b88c730;  1 drivers
v0x55555b78d750_0 .net/2u *"_ivl_53", 0 0, L_0x7fda0e754840;  1 drivers
v0x55555b78cc30_0 .net *"_ivl_62", 0 0, L_0x55555b88cc50;  1 drivers
v0x55555b78c110_0 .net *"_ivl_64", 0 0, L_0x55555b88ccf0;  1 drivers
v0x55555b78b5f0_0 .net *"_ivl_66", 0 0, L_0x55555b88cec0;  1 drivers
v0x55555b78aad0_0 .net *"_ivl_68", 0 0, L_0x55555b88cf90;  1 drivers
v0x55555b789fb0_0 .net *"_ivl_70", 0 0, L_0x55555b88d1d0;  1 drivers
v0x55555b789490_0 .net *"_ivl_72", 0 0, L_0x55555b88d2d0;  1 drivers
v0x55555b788970_0 .net *"_ivl_74", 0 0, L_0x55555b88d520;  1 drivers
v0x55555b787e50_0 .net *"_ivl_76", 0 0, L_0x55555b88d620;  1 drivers
v0x55555b7874c0_0 .net *"_ivl_78", 0 0, L_0x55555b88d880;  1 drivers
v0x55555b786350_0 .net *"_ivl_80", 0 0, L_0x55555b88d980;  1 drivers
v0x55555b785fc0_0 .net *"_ivl_82", 0 0, L_0x55555b88dbf0;  1 drivers
v0x55555b785350_0 .net *"_ivl_86", 0 0, L_0x55555b88e320;  1 drivers
v0x55555b784fc0_0 .net *"_ivl_88", 0 0, L_0x55555b88e3c0;  1 drivers
v0x55555b785060_0 .net *"_ivl_90", 0 0, L_0x55555b88e5f0;  1 drivers
v0x55555b784350_0 .net *"_ivl_92", 0 0, L_0x55555b88e690;  1 drivers
v0x55555b783fc0_0 .net *"_ivl_94", 0 0, L_0x55555b88e8d0;  1 drivers
v0x55555b783350_0 .net *"_ivl_96", 0 0, L_0x55555b88e970;  1 drivers
v0x55555b782fc0_0 .net *"_ivl_98", 0 0, L_0x55555b88ebc0;  1 drivers
L_0x55555b88a230 .part v0x55555b776e10_0, 15, 1;
L_0x55555b88a320 .part v0x55555b776e10_0, 14, 1;
L_0x55555b88a3c0 .part v0x55555b776e10_0, 13, 1;
L_0x55555b88a460 .part v0x55555b776e10_0, 12, 1;
L_0x55555b88a500 .part v0x55555b776e10_0, 11, 1;
L_0x55555b88a5a0 .part v0x55555b776e10_0, 10, 1;
L_0x55555b88a680 .part v0x55555b776e10_0, 9, 1;
L_0x55555b88a720 .part v0x55555b776e10_0, 8, 1;
L_0x55555b88a810 .part v0x55555b776e10_0, 7, 1;
L_0x55555b88a8b0 .part v0x55555b776e10_0, 6, 1;
L_0x55555b88a9b0 .part v0x55555b776e10_0, 5, 1;
L_0x55555b88aa50 .part v0x55555b776e10_0, 4, 1;
L_0x55555b88ab60 .part v0x55555b776e10_0, 3, 1;
L_0x55555b88ac00 .part v0x55555b776e10_0, 2, 1;
L_0x55555b88ad20 .part v0x55555b776e10_0, 1, 1;
L_0x55555b88afd0 .part v0x55555b776e10_0, 0, 1;
L_0x55555b88b100 .ufunc/vec4 TD_ICESTORM_RAM.pd, 1, o0x7fda0e7a27d8 (v0x55555b779560_0) S_0x55555b795070;
L_0x55555b88b1a0 .ufunc/vec4 TD_ICESTORM_RAM.pu, 1, o0x7fda0e7a2808 (v0x55555b77b560_0) S_0x55555b78e410;
L_0x55555b88b2e0 .ufunc/vec4 TD_ICESTORM_RAM.pd, 1, o0x7fda0e7a2b38 (v0x55555b779560_0) S_0x55555b795070;
L_0x55555b88b3b0 .ufunc/vec4 TD_ICESTORM_RAM.pd, 1, o0x7fda0e7a2628 (v0x55555b779560_0) S_0x55555b795070;
L_0x55555b88b240 .ufunc/vec4 TD_ICESTORM_RAM.pd, 1, o0x7fda0e7a27a8 (v0x55555b779560_0) S_0x55555b795070;
L_0x55555b88b5c0 .ufunc/vec4 TD_ICESTORM_RAM.pd, 1, o0x7fda0e7a2778 (v0x55555b779560_0) S_0x55555b795070;
L_0x55555b88b4b0 .ufunc/vec4 TD_ICESTORM_RAM.pd, 1, o0x7fda0e7a2748 (v0x55555b779560_0) S_0x55555b795070;
L_0x55555b88b7e0 .ufunc/vec4 TD_ICESTORM_RAM.pd, 1, o0x7fda0e7a2718 (v0x55555b779560_0) S_0x55555b795070;
L_0x55555b88b9b0 .ufunc/vec4 TD_ICESTORM_RAM.pd, 1, o0x7fda0e7a26e8 (v0x55555b779560_0) S_0x55555b795070;
L_0x55555b88bab0 .ufunc/vec4 TD_ICESTORM_RAM.pd, 1, o0x7fda0e7a26b8 (v0x55555b779560_0) S_0x55555b795070;
L_0x55555b88bc90 .ufunc/vec4 TD_ICESTORM_RAM.pd, 1, o0x7fda0e7a2688 (v0x55555b779560_0) S_0x55555b795070;
L_0x55555b88bd90 .ufunc/vec4 TD_ICESTORM_RAM.pd, 1, o0x7fda0e7a2658 (v0x55555b779560_0) S_0x55555b795070;
L_0x55555b88bf80 .ufunc/vec4 TD_ICESTORM_RAM.pd, 1, o0x7fda0e7a25f8 (v0x55555b779560_0) S_0x55555b795070;
L_0x55555b88c080 .ufunc/vec4 TD_ICESTORM_RAM.pd, 1, o0x7fda0e7a25c8 (v0x55555b779560_0) S_0x55555b795070;
LS_0x55555b88c280_0_0 .concat [ 1 1 1 1], L_0x55555b88c080, L_0x55555b88bf80, L_0x55555b88bd90, L_0x55555b88bc90;
LS_0x55555b88c280_0_4 .concat [ 1 1 1 1], L_0x55555b88bab0, L_0x55555b88b9b0, L_0x55555b88b7e0, L_0x55555b88b4b0;
LS_0x55555b88c280_0_8 .concat [ 1 1 1 0], L_0x55555b88b5c0, L_0x55555b88b240, L_0x55555b88b3b0;
L_0x55555b88c280 .concat [ 4 4 3 0], LS_0x55555b88c280_0_0, LS_0x55555b88c280_0_4, LS_0x55555b88c280_0_8;
L_0x55555b88c730 .ufunc/vec4 TD_ICESTORM_RAM.pd, 1, o0x7fda0e7a2d78 (v0x55555b779560_0) S_0x55555b795070;
L_0x55555b88c9f0 .ufunc/vec4 TD_ICESTORM_RAM.pu, 1, o0x7fda0e7a2da8 (v0x55555b77b560_0) S_0x55555b78e410;
L_0x55555b88ca90 .ufunc/vec4 TD_ICESTORM_RAM.pd, 1, o0x7fda0e7a30d8 (v0x55555b779560_0) S_0x55555b795070;
L_0x55555b88cc50 .ufunc/vec4 TD_ICESTORM_RAM.pd, 1, o0x7fda0e7a2bc8 (v0x55555b779560_0) S_0x55555b795070;
L_0x55555b88ccf0 .ufunc/vec4 TD_ICESTORM_RAM.pd, 1, o0x7fda0e7a2d48 (v0x55555b779560_0) S_0x55555b795070;
L_0x55555b88cec0 .ufunc/vec4 TD_ICESTORM_RAM.pd, 1, o0x7fda0e7a2d18 (v0x55555b779560_0) S_0x55555b795070;
L_0x55555b88cf90 .ufunc/vec4 TD_ICESTORM_RAM.pd, 1, o0x7fda0e7a2ce8 (v0x55555b779560_0) S_0x55555b795070;
L_0x55555b88d1d0 .ufunc/vec4 TD_ICESTORM_RAM.pd, 1, o0x7fda0e7a2cb8 (v0x55555b779560_0) S_0x55555b795070;
L_0x55555b88d2d0 .ufunc/vec4 TD_ICESTORM_RAM.pd, 1, o0x7fda0e7a2c88 (v0x55555b779560_0) S_0x55555b795070;
L_0x55555b88d520 .ufunc/vec4 TD_ICESTORM_RAM.pd, 1, o0x7fda0e7a2c58 (v0x55555b779560_0) S_0x55555b795070;
L_0x55555b88d620 .ufunc/vec4 TD_ICESTORM_RAM.pd, 1, o0x7fda0e7a2c28 (v0x55555b779560_0) S_0x55555b795070;
L_0x55555b88d880 .ufunc/vec4 TD_ICESTORM_RAM.pd, 1, o0x7fda0e7a2bf8 (v0x55555b779560_0) S_0x55555b795070;
L_0x55555b88d980 .ufunc/vec4 TD_ICESTORM_RAM.pd, 1, o0x7fda0e7a2b98 (v0x55555b779560_0) S_0x55555b795070;
L_0x55555b88dbf0 .ufunc/vec4 TD_ICESTORM_RAM.pd, 1, o0x7fda0e7a2b68 (v0x55555b779560_0) S_0x55555b795070;
LS_0x55555b88dcf0_0_0 .concat [ 1 1 1 1], L_0x55555b88dbf0, L_0x55555b88d980, L_0x55555b88d880, L_0x55555b88d620;
LS_0x55555b88dcf0_0_4 .concat [ 1 1 1 1], L_0x55555b88d520, L_0x55555b88d2d0, L_0x55555b88d1d0, L_0x55555b88cf90;
LS_0x55555b88dcf0_0_8 .concat [ 1 1 1 0], L_0x55555b88cec0, L_0x55555b88ccf0, L_0x55555b88cc50;
L_0x55555b88dcf0 .concat [ 4 4 3 0], LS_0x55555b88dcf0_0_0, LS_0x55555b88dcf0_0_4, LS_0x55555b88dcf0_0_8;
L_0x55555b88e320 .ufunc/vec4 TD_ICESTORM_RAM.pd, 1, o0x7fda0e7a2418 (v0x55555b779560_0) S_0x55555b795070;
L_0x55555b88e3c0 .ufunc/vec4 TD_ICESTORM_RAM.pd, 1, o0x7fda0e7a23e8 (v0x55555b779560_0) S_0x55555b795070;
L_0x55555b88e5f0 .ufunc/vec4 TD_ICESTORM_RAM.pd, 1, o0x7fda0e7a23b8 (v0x55555b779560_0) S_0x55555b795070;
L_0x55555b88e690 .ufunc/vec4 TD_ICESTORM_RAM.pd, 1, o0x7fda0e7a2388 (v0x55555b779560_0) S_0x55555b795070;
L_0x55555b88e8d0 .ufunc/vec4 TD_ICESTORM_RAM.pd, 1, o0x7fda0e7a2358 (v0x55555b779560_0) S_0x55555b795070;
L_0x55555b88e970 .ufunc/vec4 TD_ICESTORM_RAM.pd, 1, o0x7fda0e7a2328 (v0x55555b779560_0) S_0x55555b795070;
L_0x55555b88ebc0 .ufunc/vec4 TD_ICESTORM_RAM.pd, 1, o0x7fda0e7a2598 (v0x55555b779560_0) S_0x55555b795070;
L_0x55555b88ec90 .ufunc/vec4 TD_ICESTORM_RAM.pd, 1, o0x7fda0e7a2568 (v0x55555b779560_0) S_0x55555b795070;
L_0x55555b88ef20 .ufunc/vec4 TD_ICESTORM_RAM.pd, 1, o0x7fda0e7a2538 (v0x55555b779560_0) S_0x55555b795070;
L_0x55555b88f020 .ufunc/vec4 TD_ICESTORM_RAM.pd, 1, o0x7fda0e7a2508 (v0x55555b779560_0) S_0x55555b795070;
L_0x55555b88f2f0 .ufunc/vec4 TD_ICESTORM_RAM.pd, 1, o0x7fda0e7a24d8 (v0x55555b779560_0) S_0x55555b795070;
L_0x55555b88f3f0 .ufunc/vec4 TD_ICESTORM_RAM.pd, 1, o0x7fda0e7a24a8 (v0x55555b779560_0) S_0x55555b795070;
L_0x55555b88f6d0 .ufunc/vec4 TD_ICESTORM_RAM.pd, 1, o0x7fda0e7a2478 (v0x55555b779560_0) S_0x55555b795070;
L_0x55555b88f7d0 .ufunc/vec4 TD_ICESTORM_RAM.pd, 1, o0x7fda0e7a2448 (v0x55555b779560_0) S_0x55555b795070;
L_0x55555b88fac0 .ufunc/vec4 TD_ICESTORM_RAM.pd, 1, o0x7fda0e7a22f8 (v0x55555b779560_0) S_0x55555b795070;
L_0x55555b88fbc0 .ufunc/vec4 TD_ICESTORM_RAM.pd, 1, o0x7fda0e7a22c8 (v0x55555b779560_0) S_0x55555b795070;
LS_0x55555b88fec0_0_0 .concat [ 1 1 1 1], L_0x55555b88fbc0, L_0x55555b88fac0, L_0x55555b88f7d0, L_0x55555b88f6d0;
LS_0x55555b88fec0_0_4 .concat [ 1 1 1 1], L_0x55555b88f3f0, L_0x55555b88f2f0, L_0x55555b88f020, L_0x55555b88ef20;
LS_0x55555b88fec0_0_8 .concat [ 1 1 1 1], L_0x55555b88ec90, L_0x55555b88ebc0, L_0x55555b88e970, L_0x55555b88e8d0;
LS_0x55555b88fec0_0_12 .concat [ 1 1 1 1], L_0x55555b88e690, L_0x55555b88e5f0, L_0x55555b88e3c0, L_0x55555b88e320;
L_0x55555b88fec0 .concat [ 4 4 4 4], LS_0x55555b88fec0_0_0, LS_0x55555b88fec0_0_4, LS_0x55555b88fec0_0_8, LS_0x55555b88fec0_0_12;
L_0x55555b8904b0 .ufunc/vec4 TD_ICESTORM_RAM.pd, 1, o0x7fda0e7a2f28 (v0x55555b779560_0) S_0x55555b795070;
L_0x55555b890760 .ufunc/vec4 TD_ICESTORM_RAM.pd, 1, o0x7fda0e7a2ef8 (v0x55555b779560_0) S_0x55555b795070;
L_0x55555b890800 .ufunc/vec4 TD_ICESTORM_RAM.pd, 1, o0x7fda0e7a2ec8 (v0x55555b779560_0) S_0x55555b795070;
L_0x55555b890ac0 .ufunc/vec4 TD_ICESTORM_RAM.pd, 1, o0x7fda0e7a2e98 (v0x55555b779560_0) S_0x55555b795070;
L_0x55555b890b60 .ufunc/vec4 TD_ICESTORM_RAM.pd, 1, o0x7fda0e7a2e68 (v0x55555b779560_0) S_0x55555b795070;
L_0x55555b890e30 .ufunc/vec4 TD_ICESTORM_RAM.pd, 1, o0x7fda0e7a2e38 (v0x55555b779560_0) S_0x55555b795070;
L_0x55555b890ed0 .ufunc/vec4 TD_ICESTORM_RAM.pd, 1, o0x7fda0e7a30a8 (v0x55555b779560_0) S_0x55555b795070;
L_0x55555b8911b0 .ufunc/vec4 TD_ICESTORM_RAM.pd, 1, o0x7fda0e7a3078 (v0x55555b779560_0) S_0x55555b795070;
L_0x55555b891250 .ufunc/vec4 TD_ICESTORM_RAM.pd, 1, o0x7fda0e7a3048 (v0x55555b779560_0) S_0x55555b795070;
L_0x55555b891540 .ufunc/vec4 TD_ICESTORM_RAM.pd, 1, o0x7fda0e7a3018 (v0x55555b779560_0) S_0x55555b795070;
L_0x55555b8915e0 .ufunc/vec4 TD_ICESTORM_RAM.pd, 1, o0x7fda0e7a2fe8 (v0x55555b779560_0) S_0x55555b795070;
L_0x55555b8918e0 .ufunc/vec4 TD_ICESTORM_RAM.pd, 1, o0x7fda0e7a2fb8 (v0x55555b779560_0) S_0x55555b795070;
L_0x55555b8919b0 .ufunc/vec4 TD_ICESTORM_RAM.pd, 1, o0x7fda0e7a2f88 (v0x55555b779560_0) S_0x55555b795070;
L_0x55555b891d20 .ufunc/vec4 TD_ICESTORM_RAM.pd, 1, o0x7fda0e7a2f58 (v0x55555b779560_0) S_0x55555b795070;
L_0x55555b891df0 .ufunc/vec4 TD_ICESTORM_RAM.pd, 1, o0x7fda0e7a2e08 (v0x55555b779560_0) S_0x55555b795070;
L_0x55555b892170 .ufunc/vec4 TD_ICESTORM_RAM.pd, 1, o0x7fda0e7a2dd8 (v0x55555b779560_0) S_0x55555b795070;
LS_0x55555b892270_0_0 .concat [ 1 1 1 1], L_0x55555b892170, L_0x55555b891df0, L_0x55555b891d20, L_0x55555b8919b0;
LS_0x55555b892270_0_4 .concat [ 1 1 1 1], L_0x55555b8918e0, L_0x55555b8915e0, L_0x55555b891540, L_0x55555b891250;
LS_0x55555b892270_0_8 .concat [ 1 1 1 1], L_0x55555b8911b0, L_0x55555b890ed0, L_0x55555b890e30, L_0x55555b890b60;
LS_0x55555b892270_0_12 .concat [ 1 1 1 1], L_0x55555b890ac0, L_0x55555b890800, L_0x55555b890760, L_0x55555b8904b0;
L_0x55555b892270 .concat [ 4 4 4 4], LS_0x55555b892270_0_0, LS_0x55555b892270_0_4, LS_0x55555b892270_0_8, LS_0x55555b892270_0_12;
S_0x55555b787ff0 .scope module, "RAM" "SB_RAM40_4K" 17 3233, 17 1487 0, S_0x55555b6d6420;
 .timescale -12 -12;
    .port_info 0 /OUTPUT 16 "RDATA";
    .port_info 1 /INPUT 1 "RCLK";
    .port_info 2 /INPUT 1 "RCLKE";
    .port_info 3 /INPUT 1 "RE";
    .port_info 4 /INPUT 11 "RADDR";
    .port_info 5 /INPUT 1 "WCLK";
    .port_info 6 /INPUT 1 "WCLKE";
    .port_info 7 /INPUT 1 "WE";
    .port_info 8 /INPUT 11 "WADDR";
    .port_info 9 /INPUT 16 "MASK";
    .port_info 10 /INPUT 16 "WDATA";
P_0x55555b4690a0 .param/l "INIT_0" 0 17 1507, C4<0000000000000000000000000000000000000000000000000000000000000000000000000000000000000000000000000000000000000000000000000000000000000000000000000000000000000000000000000000000000000000000000000000000000000000000000000000000000000000000000000000000000000000>;
P_0x55555b4690e0 .param/l "INIT_1" 0 17 1508, C4<0000000000000000000000000000000000000000000000000000000000000000000000000000000000000000000000000000000000000000000000000000000000000000000000000000000000000000000000000000000000000000000000000000000000000000000000000000000000000000000000000000000000000000>;
P_0x55555b469120 .param/l "INIT_2" 0 17 1509, C4<0000000000000000000000000000000000000000000000000000000000000000000000000000000000000000000000000000000000000000000000000000000000000000000000000000000000000000000000000000000000000000000000000000000000000000000000000000000000000000000000000000000000000000>;
P_0x55555b469160 .param/l "INIT_3" 0 17 1510, C4<0000000000000000000000000000000000000000000000000000000000000000000000000000000000000000000000000000000000000000000000000000000000000000000000000000000000000000000000000000000000000000000000000000000000000000000000000000000000000000000000000000000000000000>;
P_0x55555b4691a0 .param/l "INIT_4" 0 17 1511, C4<0000000000000000000000000000000000000000000000000000000000000000000000000000000000000000000000000000000000000000000000000000000000000000000000000000000000000000000000000000000000000000000000000000000000000000000000000000000000000000000000000000000000000000>;
P_0x55555b4691e0 .param/l "INIT_5" 0 17 1512, C4<0000000000000000000000000000000000000000000000000000000000000000000000000000000000000000000000000000000000000000000000000000000000000000000000000000000000000000000000000000000000000000000000000000000000000000000000000000000000000000000000000000000000000000>;
P_0x55555b469220 .param/l "INIT_6" 0 17 1513, C4<0000000000000000000000000000000000000000000000000000000000000000000000000000000000000000000000000000000000000000000000000000000000000000000000000000000000000000000000000000000000000000000000000000000000000000000000000000000000000000000000000000000000000000>;
P_0x55555b469260 .param/l "INIT_7" 0 17 1514, C4<0000000000000000000000000000000000000000000000000000000000000000000000000000000000000000000000000000000000000000000000000000000000000000000000000000000000000000000000000000000000000000000000000000000000000000000000000000000000000000000000000000000000000000>;
P_0x55555b4692a0 .param/l "INIT_8" 0 17 1515, C4<0000000000000000000000000000000000000000000000000000000000000000000000000000000000000000000000000000000000000000000000000000000000000000000000000000000000000000000000000000000000000000000000000000000000000000000000000000000000000000000000000000000000000000>;
P_0x55555b4692e0 .param/l "INIT_9" 0 17 1516, C4<0000000000000000000000000000000000000000000000000000000000000000000000000000000000000000000000000000000000000000000000000000000000000000000000000000000000000000000000000000000000000000000000000000000000000000000000000000000000000000000000000000000000000000>;
P_0x55555b469320 .param/l "INIT_A" 0 17 1517, C4<0000000000000000000000000000000000000000000000000000000000000000000000000000000000000000000000000000000000000000000000000000000000000000000000000000000000000000000000000000000000000000000000000000000000000000000000000000000000000000000000000000000000000000>;
P_0x55555b469360 .param/l "INIT_B" 0 17 1518, C4<0000000000000000000000000000000000000000000000000000000000000000000000000000000000000000000000000000000000000000000000000000000000000000000000000000000000000000000000000000000000000000000000000000000000000000000000000000000000000000000000000000000000000000>;
P_0x55555b4693a0 .param/l "INIT_C" 0 17 1519, C4<0000000000000000000000000000000000000000000000000000000000000000000000000000000000000000000000000000000000000000000000000000000000000000000000000000000000000000000000000000000000000000000000000000000000000000000000000000000000000000000000000000000000000000>;
P_0x55555b4693e0 .param/l "INIT_D" 0 17 1520, C4<0000000000000000000000000000000000000000000000000000000000000000000000000000000000000000000000000000000000000000000000000000000000000000000000000000000000000000000000000000000000000000000000000000000000000000000000000000000000000000000000000000000000000000>;
P_0x55555b469420 .param/l "INIT_E" 0 17 1521, C4<0000000000000000000000000000000000000000000000000000000000000000000000000000000000000000000000000000000000000000000000000000000000000000000000000000000000000000000000000000000000000000000000000000000000000000000000000000000000000000000000000000000000000000>;
P_0x55555b469460 .param/l "INIT_F" 0 17 1522, C4<0000000000000000000000000000000000000000000000000000000000000000000000000000000000000000000000000000000000000000000000000000000000000000000000000000000000000000000000000000000000000000000000000000000000000000000000000000000000000000000000000000000000000000>;
P_0x55555b4694a0 .param/str "INIT_FILE" 0 17 1524, "\000";
P_0x55555b4694e0 .param/l "READ_MODE" 0 17 1505, +C4<00000000000000000000000000000000>;
P_0x55555b469520 .param/l "WRITE_MODE" 0 17 1504, +C4<00000000000000000000000000000000>;
v0x55555b53a610_0 .net "MASK", 15 0, L_0x55555b88fec0;  1 drivers
v0x55555b774890_0 .net "RADDR", 10 0, L_0x55555b88c280;  1 drivers
v0x55555b775890_0 .net "RCLK", 0 0, L_0x55555b88aaf0;  1 drivers
v0x55555b768980_0 .net "RCLKE", 0 0, L_0x55555b88b1a0;  1 drivers
v0x55555b776890_0 .net "RDATA", 15 0, v0x55555b776e10_0;  1 drivers
v0x55555b776e10_0 .var "RDATA_I", 15 0;
v0x55555b7798b0_0 .net "RE", 0 0, L_0x55555b88b2e0;  1 drivers
L_0x7fda0e7547b0 .functor BUFT 1, C4<0000000000000000>, C4<0>, C4<0>, C4<0>;
v0x55555b77a8b0_0 .net "RMASK_I", 15 0, L_0x7fda0e7547b0;  1 drivers
v0x55555b77b8b0_0 .net "WADDR", 10 0, L_0x55555b88dcf0;  1 drivers
v0x55555b77c8b0_0 .net "WCLK", 0 0, L_0x55555b88c8e0;  1 drivers
v0x55555b77d8b0_0 .net "WCLKE", 0 0, L_0x55555b88c9f0;  1 drivers
v0x55555b77e8b0_0 .net "WDATA", 15 0, L_0x55555b892270;  1 drivers
v0x55555b77f8b0_0 .net "WDATA_I", 15 0, L_0x55555b88a150;  1 drivers
v0x55555b7808b0_0 .net "WE", 0 0, L_0x55555b88ca90;  1 drivers
v0x55555b7818b0_0 .net "WMASK_I", 15 0, L_0x55555b88a0e0;  1 drivers
v0x55555b7828b0_0 .var/i "i", 31 0;
v0x55555b7838b0 .array "memory", 255 0, 15 0;
E_0x55555b809d50 .event posedge, v0x55555b775890_0;
E_0x55555b80a110 .event posedge, v0x55555b77c8b0_0;
S_0x55555b787660 .scope generate, "genblk1" "genblk1" 17 1534, 17 1534 0, S_0x55555b787ff0;
 .timescale -12 -12;
L_0x55555b88a0e0 .functor BUFZ 16, L_0x55555b88fec0, C4<0000000000000000>, C4<0000000000000000>, C4<0000000000000000>;
S_0x55555b7cd230 .scope generate, "genblk2" "genblk2" 17 1555, 17 1555 0, S_0x55555b787ff0;
 .timescale -12 -12;
S_0x55555b78ef30 .scope generate, "genblk3" "genblk3" 17 1576, 17 1576 0, S_0x55555b787ff0;
 .timescale -12 -12;
L_0x55555b88a150 .functor BUFZ 16, L_0x55555b892270, C4<0000000000000000>, C4<0000000000000000>, C4<0000000000000000>;
S_0x55555b795fe0 .scope generate, "genblk4" "genblk4" 17 1595, 17 1595 0, S_0x55555b787ff0;
 .timescale -12 -12;
S_0x55555b795070 .scope function.vec4.s1, "pd" "pd" 17 3200, 17 3200 0, S_0x55555b6d6420;
 .timescale -12 -12;
; Variable pd is vec4 return value of scope S_0x55555b795070
v0x55555b779560_0 .var "x", 0 0;
TD_ICESTORM_RAM.pd ;
    %load/vec4 v0x55555b779560_0;
    %cmpi/e 0, 1, 1;
    %flag_mov 8, 6;
    %jmp/0 T_0.0, 8;
    %pushi/vec4 0, 0, 1;
    %jmp/1 T_0.1, 8;
T_0.0 ; End of true expr.
    %load/vec4 v0x55555b779560_0;
    %jmp/0 T_0.1, 8;
 ; End of false expr.
    %blend;
T_0.1;
    %ret/vec4 0, 0, 1;  Assign to pd (store_vec4_to_lval)
    %end;
S_0x55555b78e410 .scope function.vec4.s1, "pu" "pu" 17 3207, 17 3207 0, S_0x55555b6d6420;
 .timescale -12 -12;
; Variable pu is vec4 return value of scope S_0x55555b78e410
v0x55555b77b560_0 .var "x", 0 0;
TD_ICESTORM_RAM.pu ;
    %load/vec4 v0x55555b77b560_0;
    %cmpi/e 0, 1, 1;
    %flag_mov 8, 6;
    %jmp/0 T_1.2, 8;
    %pushi/vec4 1, 0, 1;
    %jmp/1 T_1.3, 8;
T_1.2 ; End of true expr.
    %load/vec4 v0x55555b77b560_0;
    %jmp/0 T_1.3, 8;
 ; End of false expr.
    %blend;
T_1.3;
    %ret/vec4 0, 0, 1;  Assign to pu (store_vec4_to_lval)
    %end;
S_0x55555b6d6f00 .scope module, "Inc16" "Inc16" 18 7;
 .timescale -12 -12;
    .port_info 0 /INPUT 16 "in";
    .port_info 1 /OUTPUT 16 "out";
L_0x7fda0e754888 .functor BUFT 1, C4<0000000000000001>, C4<0>, C4<0>, C4<0>;
v0x55555b782350_0 .net/2u *"_ivl_0", 15 0, L_0x7fda0e754888;  1 drivers
o0x7fda0e7a4a58 .functor BUFZ 16, c4<zzzzzzzzzzzzzzzz>; HiZ drive
v0x55555b781fc0_0 .net "in", 15 0, o0x7fda0e7a4a58;  0 drivers
v0x55555b781350_0 .net "out", 15 0, L_0x55555b892af0;  1 drivers
L_0x55555b892af0 .arith/sum 16, o0x7fda0e7a4a58, L_0x7fda0e754888;
S_0x55555b6d79e0 .scope module, "Mux8Way16" "Mux8Way16" 19 8;
 .timescale -12 -12;
    .port_info 0 /INPUT 16 "a";
    .port_info 1 /INPUT 16 "b";
    .port_info 2 /INPUT 16 "c";
    .port_info 3 /INPUT 16 "d";
    .port_info 4 /INPUT 16 "e";
    .port_info 5 /INPUT 16 "f";
    .port_info 6 /INPUT 16 "g";
    .port_info 7 /INPUT 16 "h";
    .port_info 8 /INPUT 3 "sel";
    .port_info 9 /OUTPUT 16 "out";
o0x7fda0e7a6048 .functor BUFZ 16, c4<zzzzzzzzzzzzzzzz>; HiZ drive
v0x55555b82a570_0 .net "a", 15 0, o0x7fda0e7a6048;  0 drivers
o0x7fda0e7a6078 .functor BUFZ 16, c4<zzzzzzzzzzzzzzzz>; HiZ drive
v0x55555b82a610_0 .net "b", 15 0, o0x7fda0e7a6078;  0 drivers
o0x7fda0e7a76c8 .functor BUFZ 16, c4<zzzzzzzzzzzzzzzz>; HiZ drive
v0x55555b82a6b0_0 .net "c", 15 0, o0x7fda0e7a76c8;  0 drivers
o0x7fda0e7a76f8 .functor BUFZ 16, c4<zzzzzzzzzzzzzzzz>; HiZ drive
v0x55555b82a750_0 .net "d", 15 0, o0x7fda0e7a76f8;  0 drivers
o0x7fda0e7aa4b8 .functor BUFZ 16, c4<zzzzzzzzzzzzzzzz>; HiZ drive
v0x55555b82a7f0_0 .net "e", 15 0, o0x7fda0e7aa4b8;  0 drivers
o0x7fda0e7aa4e8 .functor BUFZ 16, c4<zzzzzzzzzzzzzzzz>; HiZ drive
v0x55555b82a890_0 .net "f", 15 0, o0x7fda0e7aa4e8;  0 drivers
o0x7fda0e7abb38 .functor BUFZ 16, c4<zzzzzzzzzzzzzzzz>; HiZ drive
v0x55555b82a930_0 .net "g", 15 0, o0x7fda0e7abb38;  0 drivers
o0x7fda0e7abb68 .functor BUFZ 16, c4<zzzzzzzzzzzzzzzz>; HiZ drive
v0x55555b82a9d0_0 .net "h", 15 0, o0x7fda0e7abb68;  0 drivers
v0x55555b82aa70_0 .net "lower4", 15 0, L_0x55555b8a78c0;  1 drivers
v0x55555b82ab10_0 .net "out", 15 0, L_0x55555b8ab070;  1 drivers
o0x7fda0e7aea18 .functor BUFZ 3, c4<zzz>; HiZ drive
v0x55555b82abb0_0 .net "sel", 2 0, o0x7fda0e7aea18;  0 drivers
v0x55555b82ac50_0 .net "upper4", 15 0, L_0x55555b89d390;  1 drivers
L_0x55555b89d980 .part o0x7fda0e7aea18, 0, 2;
L_0x55555b8a84d0 .part o0x7fda0e7aea18, 0, 2;
L_0x55555b8abc30 .part o0x7fda0e7aea18, 2, 1;
S_0x55555b78b790 .scope module, "m1" "Mux4Way16" 19 32, 20 12 0, S_0x55555b6d79e0;
 .timescale -12 -12;
    .port_info 0 /INPUT 16 "a";
    .port_info 1 /INPUT 16 "b";
    .port_info 2 /INPUT 16 "c";
    .port_info 3 /INPUT 16 "d";
    .port_info 4 /INPUT 2 "sel";
    .port_info 5 /OUTPUT 16 "out";
v0x55555b409a60_0 .net "a", 15 0, o0x7fda0e7a6048;  alias, 0 drivers
v0x55555b409b40_0 .net "b", 15 0, o0x7fda0e7a6078;  alias, 0 drivers
v0x55555b409c10_0 .net "c", 15 0, o0x7fda0e7a76c8;  alias, 0 drivers
v0x55555b73b610_0 .net "d", 15 0, o0x7fda0e7a76f8;  alias, 0 drivers
v0x55555b73b6e0_0 .net "lower2", 15 0, L_0x55555b899960;  1 drivers
v0x55555b73b280_0 .net "out", 15 0, L_0x55555b89d390;  alias, 1 drivers
v0x55555b73b320_0 .net "sel", 1 0, L_0x55555b89d980;  1 drivers
v0x55555b73a610_0 .net "upper2", 15 0, L_0x55555b895e50;  1 drivers
L_0x55555b8963f0 .part L_0x55555b89d980, 0, 1;
L_0x55555b899f00 .part L_0x55555b89d980, 0, 1;
L_0x55555b89d8e0 .part L_0x55555b89d980, 1, 1;
S_0x55555b738430 .scope module, "m1" "Mux16" 20 25, 21 8 0, S_0x55555b78b790;
 .timescale -12 -12;
    .port_info 0 /INPUT 16 "a";
    .port_info 1 /INPUT 16 "b";
    .port_info 2 /INPUT 1 "sel";
    .port_info 3 /OUTPUT 16 "out";
v0x55555b76a680_0 .net "a", 15 0, o0x7fda0e7a6048;  alias, 0 drivers
v0x55555b76a2f0_0 .net "b", 15 0, o0x7fda0e7a6078;  alias, 0 drivers
v0x55555b769680_0 .net "out", 15 0, L_0x55555b895e50;  alias, 1 drivers
v0x55555b769740_0 .net "sel", 0 0, L_0x55555b8963f0;  1 drivers
L_0x55555b892cf0 .part o0x7fda0e7a6048, 0, 1;
L_0x55555b892de0 .part o0x7fda0e7a6078, 0, 1;
L_0x55555b892f70 .part o0x7fda0e7a6048, 1, 1;
L_0x55555b893060 .part o0x7fda0e7a6078, 1, 1;
L_0x55555b893230 .part o0x7fda0e7a6048, 2, 1;
L_0x55555b8932d0 .part o0x7fda0e7a6078, 2, 1;
L_0x55555b8934a0 .part o0x7fda0e7a6048, 3, 1;
L_0x55555b893590 .part o0x7fda0e7a6078, 3, 1;
L_0x55555b893770 .part o0x7fda0e7a6048, 4, 1;
L_0x55555b893860 .part o0x7fda0e7a6078, 4, 1;
L_0x55555b893a50 .part o0x7fda0e7a6048, 5, 1;
L_0x55555b893af0 .part o0x7fda0e7a6078, 5, 1;
L_0x55555b893cf0 .part o0x7fda0e7a6048, 6, 1;
L_0x55555b893de0 .part o0x7fda0e7a6078, 6, 1;
L_0x55555b893ff0 .part o0x7fda0e7a6048, 7, 1;
L_0x55555b8940e0 .part o0x7fda0e7a6078, 7, 1;
L_0x55555b894300 .part o0x7fda0e7a6048, 8, 1;
L_0x55555b8943f0 .part o0x7fda0e7a6078, 8, 1;
L_0x55555b894620 .part o0x7fda0e7a6048, 9, 1;
L_0x55555b894710 .part o0x7fda0e7a6078, 9, 1;
L_0x55555b8948b0 .part o0x7fda0e7a6048, 10, 1;
L_0x55555b8949a0 .part o0x7fda0e7a6078, 10, 1;
L_0x55555b894b50 .part o0x7fda0e7a6048, 11, 1;
L_0x55555b894c40 .part o0x7fda0e7a6078, 11, 1;
L_0x55555b894ea0 .part o0x7fda0e7a6048, 12, 1;
L_0x55555b894f90 .part o0x7fda0e7a6078, 12, 1;
L_0x55555b895200 .part o0x7fda0e7a6048, 13, 1;
L_0x55555b8952f0 .part o0x7fda0e7a6078, 13, 1;
L_0x55555b8957b0 .part o0x7fda0e7a6048, 14, 1;
L_0x55555b8958a0 .part o0x7fda0e7a6078, 14, 1;
L_0x55555b895b60 .part o0x7fda0e7a6048, 15, 1;
L_0x55555b895c50 .part o0x7fda0e7a6078, 15, 1;
LS_0x55555b895e50_0_0 .concat8 [ 1 1 1 1], L_0x55555b892c50, L_0x55555b892ed0, L_0x55555b893190, L_0x55555b893400;
LS_0x55555b895e50_0_4 .concat8 [ 1 1 1 1], L_0x55555b8936d0, L_0x55555b8939b0, L_0x55555b893c50, L_0x55555b893f50;
LS_0x55555b895e50_0_8 .concat8 [ 1 1 1 1], L_0x55555b894260, L_0x55555b894580, L_0x55555b8944e0, L_0x55555b894800;
LS_0x55555b895e50_0_12 .concat8 [ 1 1 1 1], L_0x55555b894e00, L_0x55555b895160, L_0x55555b8956e0, L_0x55555b895a90;
L_0x55555b895e50 .concat8 [ 4 4 4 4], LS_0x55555b895e50_0_0, LS_0x55555b895e50_0_4, LS_0x55555b895e50_0_8, LS_0x55555b895e50_0_12;
S_0x55555b757b10 .scope generate, "gen_mux[0]" "gen_mux[0]" 21 19, 21 19 0, S_0x55555b738430;
 .timescale -12 -12;
P_0x55555b74b650 .param/l "i" 1 21 19, +C4<00>;
S_0x55555b7674a0 .scope module, "mux_inst" "Mux" 21 20, 22 8 0, S_0x55555b757b10;
 .timescale -12 -12;
    .port_info 0 /INPUT 1 "a";
    .port_info 1 /INPUT 1 "b";
    .port_info 2 /INPUT 1 "sel";
    .port_info 3 /OUTPUT 1 "out";
v0x55555b7385e0_0 .net "a", 0 0, L_0x55555b892cf0;  1 drivers
v0x55555b780fc0_0 .net "b", 0 0, L_0x55555b892de0;  1 drivers
v0x55555b780350_0 .net "out", 0 0, L_0x55555b892c50;  1 drivers
v0x55555b7803f0_0 .net "sel", 0 0, L_0x55555b8963f0;  alias, 1 drivers
L_0x55555b892c50 .functor MUXZ 1, L_0x55555b892cf0, L_0x55555b892de0, L_0x55555b8963f0, C4<>;
S_0x55555b747fa0 .scope generate, "gen_mux[1]" "gen_mux[1]" 21 19, 21 19 0, S_0x55555b738430;
 .timescale -12 -12;
P_0x55555b74d650 .param/l "i" 1 21 19, +C4<01>;
S_0x55555b777010 .scope module, "mux_inst" "Mux" 21 20, 22 8 0, S_0x55555b747fa0;
 .timescale -12 -12;
    .port_info 0 /INPUT 1 "a";
    .port_info 1 /INPUT 1 "b";
    .port_info 2 /INPUT 1 "sel";
    .port_info 3 /OUTPUT 1 "out";
v0x55555b77ffc0_0 .net "a", 0 0, L_0x55555b892f70;  1 drivers
v0x55555b780080_0 .net "b", 0 0, L_0x55555b893060;  1 drivers
v0x55555b77f350_0 .net "out", 0 0, L_0x55555b892ed0;  1 drivers
v0x55555b77f410_0 .net "sel", 0 0, L_0x55555b8963f0;  alias, 1 drivers
L_0x55555b892ed0 .functor MUXZ 1, L_0x55555b892f70, L_0x55555b893060, L_0x55555b8963f0, C4<>;
S_0x55555b512870 .scope generate, "gen_mux[2]" "gen_mux[2]" 21 19, 21 19 0, S_0x55555b738430;
 .timescale -12 -12;
P_0x55555b512a70 .param/l "i" 1 21 19, +C4<010>;
S_0x55555b512b30 .scope module, "mux_inst" "Mux" 21 20, 22 8 0, S_0x55555b512870;
 .timescale -12 -12;
    .port_info 0 /INPUT 1 "a";
    .port_info 1 /INPUT 1 "b";
    .port_info 2 /INPUT 1 "sel";
    .port_info 3 /OUTPUT 1 "out";
v0x55555b77efc0_0 .net "a", 0 0, L_0x55555b893230;  1 drivers
v0x55555b77e350_0 .net "b", 0 0, L_0x55555b8932d0;  1 drivers
v0x55555b77e410_0 .net "out", 0 0, L_0x55555b893190;  1 drivers
v0x55555b77dfc0_0 .net "sel", 0 0, L_0x55555b8963f0;  alias, 1 drivers
L_0x55555b893190 .functor MUXZ 1, L_0x55555b893230, L_0x55555b8932d0, L_0x55555b8963f0, C4<>;
S_0x55555b5279c0 .scope generate, "gen_mux[3]" "gen_mux[3]" 21 19, 21 19 0, S_0x55555b738430;
 .timescale -12 -12;
P_0x55555b527bc0 .param/l "i" 1 21 19, +C4<011>;
S_0x55555b527ca0 .scope module, "mux_inst" "Mux" 21 20, 22 8 0, S_0x55555b5279c0;
 .timescale -12 -12;
    .port_info 0 /INPUT 1 "a";
    .port_info 1 /INPUT 1 "b";
    .port_info 2 /INPUT 1 "sel";
    .port_info 3 /OUTPUT 1 "out";
v0x55555b77d350_0 .net "a", 0 0, L_0x55555b8934a0;  1 drivers
v0x55555b77cfc0_0 .net "b", 0 0, L_0x55555b893590;  1 drivers
v0x55555b77d080_0 .net "out", 0 0, L_0x55555b893400;  1 drivers
v0x55555b77c350_0 .net "sel", 0 0, L_0x55555b8963f0;  alias, 1 drivers
L_0x55555b893400 .functor MUXZ 1, L_0x55555b8934a0, L_0x55555b893590, L_0x55555b8963f0, C4<>;
S_0x55555b52a610 .scope generate, "gen_mux[4]" "gen_mux[4]" 21 19, 21 19 0, S_0x55555b738430;
 .timescale -12 -12;
P_0x55555b52a840 .param/l "i" 1 21 19, +C4<0100>;
S_0x55555b52a920 .scope module, "mux_inst" "Mux" 21 20, 22 8 0, S_0x55555b52a610;
 .timescale -12 -12;
    .port_info 0 /INPUT 1 "a";
    .port_info 1 /INPUT 1 "b";
    .port_info 2 /INPUT 1 "sel";
    .port_info 3 /OUTPUT 1 "out";
v0x55555b77bfc0_0 .net "a", 0 0, L_0x55555b893770;  1 drivers
v0x55555b77c080_0 .net "b", 0 0, L_0x55555b893860;  1 drivers
v0x55555b77b350_0 .net "out", 0 0, L_0x55555b8936d0;  1 drivers
v0x55555b77b410_0 .net "sel", 0 0, L_0x55555b8963f0;  alias, 1 drivers
L_0x55555b8936d0 .functor MUXZ 1, L_0x55555b893770, L_0x55555b893860, L_0x55555b8963f0, C4<>;
S_0x55555b530250 .scope generate, "gen_mux[5]" "gen_mux[5]" 21 19, 21 19 0, S_0x55555b738430;
 .timescale -12 -12;
P_0x55555b752670 .param/l "i" 1 21 19, +C4<0101>;
S_0x55555b530490 .scope module, "mux_inst" "Mux" 21 20, 22 8 0, S_0x55555b530250;
 .timescale -12 -12;
    .port_info 0 /INPUT 1 "a";
    .port_info 1 /INPUT 1 "b";
    .port_info 2 /INPUT 1 "sel";
    .port_info 3 /OUTPUT 1 "out";
v0x55555b530670_0 .net "a", 0 0, L_0x55555b893a50;  1 drivers
v0x55555b77afc0_0 .net "b", 0 0, L_0x55555b893af0;  1 drivers
v0x55555b77b080_0 .net "out", 0 0, L_0x55555b8939b0;  1 drivers
v0x55555b77a350_0 .net "sel", 0 0, L_0x55555b8963f0;  alias, 1 drivers
L_0x55555b8939b0 .functor MUXZ 1, L_0x55555b893a50, L_0x55555b893af0, L_0x55555b8963f0, C4<>;
S_0x55555b52edf0 .scope generate, "gen_mux[6]" "gen_mux[6]" 21 19, 21 19 0, S_0x55555b738430;
 .timescale -12 -12;
P_0x55555b52efd0 .param/l "i" 1 21 19, +C4<0110>;
S_0x55555b52f0b0 .scope module, "mux_inst" "Mux" 21 20, 22 8 0, S_0x55555b52edf0;
 .timescale -12 -12;
    .port_info 0 /INPUT 1 "a";
    .port_info 1 /INPUT 1 "b";
    .port_info 2 /INPUT 1 "sel";
    .port_info 3 /OUTPUT 1 "out";
v0x55555b779fc0_0 .net "a", 0 0, L_0x55555b893cf0;  1 drivers
v0x55555b779350_0 .net "b", 0 0, L_0x55555b893de0;  1 drivers
v0x55555b779410_0 .net "out", 0 0, L_0x55555b893c50;  1 drivers
v0x55555b778fc0_0 .net "sel", 0 0, L_0x55555b8963f0;  alias, 1 drivers
L_0x55555b893c50 .functor MUXZ 1, L_0x55555b893cf0, L_0x55555b893de0, L_0x55555b8963f0, C4<>;
S_0x55555b473600 .scope generate, "gen_mux[7]" "gen_mux[7]" 21 19, 21 19 0, S_0x55555b738430;
 .timescale -12 -12;
P_0x55555b4737e0 .param/l "i" 1 21 19, +C4<0111>;
S_0x55555b4738c0 .scope module, "mux_inst" "Mux" 21 20, 22 8 0, S_0x55555b473600;
 .timescale -12 -12;
    .port_info 0 /INPUT 1 "a";
    .port_info 1 /INPUT 1 "b";
    .port_info 2 /INPUT 1 "sel";
    .port_info 3 /OUTPUT 1 "out";
v0x55555b7783b0_0 .net "a", 0 0, L_0x55555b893ff0;  1 drivers
v0x55555b7780c0_0 .net "b", 0 0, L_0x55555b8940e0;  1 drivers
v0x55555b778180_0 .net "out", 0 0, L_0x55555b893f50;  1 drivers
v0x55555b7776e0_0 .net "sel", 0 0, L_0x55555b8963f0;  alias, 1 drivers
L_0x55555b893f50 .functor MUXZ 1, L_0x55555b893ff0, L_0x55555b8940e0, L_0x55555b8963f0, C4<>;
S_0x55555b4f0b90 .scope generate, "gen_mux[8]" "gen_mux[8]" 21 19, 21 19 0, S_0x55555b738430;
 .timescale -12 -12;
P_0x55555b52a7f0 .param/l "i" 1 21 19, +C4<01000>;
S_0x55555b4f0e00 .scope module, "mux_inst" "Mux" 21 20, 22 8 0, S_0x55555b4f0b90;
 .timescale -12 -12;
    .port_info 0 /INPUT 1 "a";
    .port_info 1 /INPUT 1 "b";
    .port_info 2 /INPUT 1 "sel";
    .port_info 3 /OUTPUT 1 "out";
v0x55555b776680_0 .net "a", 0 0, L_0x55555b894300;  1 drivers
v0x55555b7762f0_0 .net "b", 0 0, L_0x55555b8943f0;  1 drivers
v0x55555b7763b0_0 .net "out", 0 0, L_0x55555b894260;  1 drivers
v0x55555b775680_0 .net "sel", 0 0, L_0x55555b8963f0;  alias, 1 drivers
L_0x55555b894260 .functor MUXZ 1, L_0x55555b894300, L_0x55555b8943f0, L_0x55555b8963f0, C4<>;
S_0x55555b533490 .scope generate, "gen_mux[9]" "gen_mux[9]" 21 19, 21 19 0, S_0x55555b738430;
 .timescale -12 -12;
P_0x55555b533670 .param/l "i" 1 21 19, +C4<01001>;
S_0x55555b533750 .scope module, "mux_inst" "Mux" 21 20, 22 8 0, S_0x55555b533490;
 .timescale -12 -12;
    .port_info 0 /INPUT 1 "a";
    .port_info 1 /INPUT 1 "b";
    .port_info 2 /INPUT 1 "sel";
    .port_info 3 /OUTPUT 1 "out";
v0x55555b7752f0_0 .net "a", 0 0, L_0x55555b894620;  1 drivers
v0x55555b774680_0 .net "b", 0 0, L_0x55555b894710;  1 drivers
v0x55555b774740_0 .net "out", 0 0, L_0x55555b894580;  1 drivers
v0x55555b7742f0_0 .net "sel", 0 0, L_0x55555b8963f0;  alias, 1 drivers
L_0x55555b894580 .functor MUXZ 1, L_0x55555b894620, L_0x55555b894710, L_0x55555b8963f0, C4<>;
S_0x55555b511590 .scope generate, "gen_mux[10]" "gen_mux[10]" 21 19, 21 19 0, S_0x55555b738430;
 .timescale -12 -12;
P_0x55555b511770 .param/l "i" 1 21 19, +C4<01010>;
S_0x55555b511850 .scope module, "mux_inst" "Mux" 21 20, 22 8 0, S_0x55555b511590;
 .timescale -12 -12;
    .port_info 0 /INPUT 1 "a";
    .port_info 1 /INPUT 1 "b";
    .port_info 2 /INPUT 1 "sel";
    .port_info 3 /OUTPUT 1 "out";
v0x55555b773680_0 .net "a", 0 0, L_0x55555b8948b0;  1 drivers
v0x55555b7732f0_0 .net "b", 0 0, L_0x55555b8949a0;  1 drivers
v0x55555b7733b0_0 .net "out", 0 0, L_0x55555b8944e0;  1 drivers
v0x55555b772680_0 .net "sel", 0 0, L_0x55555b8963f0;  alias, 1 drivers
L_0x55555b8944e0 .functor MUXZ 1, L_0x55555b8948b0, L_0x55555b8949a0, L_0x55555b8963f0, C4<>;
S_0x55555b51bc30 .scope generate, "gen_mux[11]" "gen_mux[11]" 21 19, 21 19 0, S_0x55555b738430;
 .timescale -12 -12;
P_0x55555b51be10 .param/l "i" 1 21 19, +C4<01011>;
S_0x55555b51bef0 .scope module, "mux_inst" "Mux" 21 20, 22 8 0, S_0x55555b51bc30;
 .timescale -12 -12;
    .port_info 0 /INPUT 1 "a";
    .port_info 1 /INPUT 1 "b";
    .port_info 2 /INPUT 1 "sel";
    .port_info 3 /OUTPUT 1 "out";
v0x55555b7722f0_0 .net "a", 0 0, L_0x55555b894b50;  1 drivers
v0x55555b771680_0 .net "b", 0 0, L_0x55555b894c40;  1 drivers
v0x55555b771740_0 .net "out", 0 0, L_0x55555b894800;  1 drivers
v0x55555b7712f0_0 .net "sel", 0 0, L_0x55555b8963f0;  alias, 1 drivers
L_0x55555b894800 .functor MUXZ 1, L_0x55555b894b50, L_0x55555b894c40, L_0x55555b8963f0, C4<>;
S_0x55555b51efa0 .scope generate, "gen_mux[12]" "gen_mux[12]" 21 19, 21 19 0, S_0x55555b738430;
 .timescale -12 -12;
P_0x55555b51f180 .param/l "i" 1 21 19, +C4<01100>;
S_0x55555b51f260 .scope module, "mux_inst" "Mux" 21 20, 22 8 0, S_0x55555b51efa0;
 .timescale -12 -12;
    .port_info 0 /INPUT 1 "a";
    .port_info 1 /INPUT 1 "b";
    .port_info 2 /INPUT 1 "sel";
    .port_info 3 /OUTPUT 1 "out";
v0x55555b770680_0 .net "a", 0 0, L_0x55555b894ea0;  1 drivers
v0x55555b7702f0_0 .net "b", 0 0, L_0x55555b894f90;  1 drivers
v0x55555b7703b0_0 .net "out", 0 0, L_0x55555b894e00;  1 drivers
v0x55555b76f680_0 .net "sel", 0 0, L_0x55555b8963f0;  alias, 1 drivers
L_0x55555b894e00 .functor MUXZ 1, L_0x55555b894ea0, L_0x55555b894f90, L_0x55555b8963f0, C4<>;
S_0x55555b522990 .scope generate, "gen_mux[13]" "gen_mux[13]" 21 19, 21 19 0, S_0x55555b738430;
 .timescale -12 -12;
P_0x55555b522b70 .param/l "i" 1 21 19, +C4<01101>;
S_0x55555b522c50 .scope module, "mux_inst" "Mux" 21 20, 22 8 0, S_0x55555b522990;
 .timescale -12 -12;
    .port_info 0 /INPUT 1 "a";
    .port_info 1 /INPUT 1 "b";
    .port_info 2 /INPUT 1 "sel";
    .port_info 3 /OUTPUT 1 "out";
v0x55555b76f2f0_0 .net "a", 0 0, L_0x55555b895200;  1 drivers
v0x55555b76e680_0 .net "b", 0 0, L_0x55555b8952f0;  1 drivers
v0x55555b76e740_0 .net "out", 0 0, L_0x55555b895160;  1 drivers
v0x55555b76e2f0_0 .net "sel", 0 0, L_0x55555b8963f0;  alias, 1 drivers
L_0x55555b895160 .functor MUXZ 1, L_0x55555b895200, L_0x55555b8952f0, L_0x55555b8963f0, C4<>;
S_0x55555b50bef0 .scope generate, "gen_mux[14]" "gen_mux[14]" 21 19, 21 19 0, S_0x55555b738430;
 .timescale -12 -12;
P_0x55555b50c0d0 .param/l "i" 1 21 19, +C4<01110>;
S_0x55555b50c1b0 .scope module, "mux_inst" "Mux" 21 20, 22 8 0, S_0x55555b50bef0;
 .timescale -12 -12;
    .port_info 0 /INPUT 1 "a";
    .port_info 1 /INPUT 1 "b";
    .port_info 2 /INPUT 1 "sel";
    .port_info 3 /OUTPUT 1 "out";
v0x55555b76d680_0 .net "a", 0 0, L_0x55555b8957b0;  1 drivers
v0x55555b76d2f0_0 .net "b", 0 0, L_0x55555b8958a0;  1 drivers
v0x55555b76d3b0_0 .net "out", 0 0, L_0x55555b8956e0;  1 drivers
v0x55555b76c680_0 .net "sel", 0 0, L_0x55555b8963f0;  alias, 1 drivers
L_0x55555b8956e0 .functor MUXZ 1, L_0x55555b8957b0, L_0x55555b8958a0, L_0x55555b8963f0, C4<>;
S_0x55555b50cda0 .scope generate, "gen_mux[15]" "gen_mux[15]" 21 19, 21 19 0, S_0x55555b738430;
 .timescale -12 -12;
P_0x55555b50cf80 .param/l "i" 1 21 19, +C4<01111>;
S_0x55555b50d060 .scope module, "mux_inst" "Mux" 21 20, 22 8 0, S_0x55555b50cda0;
 .timescale -12 -12;
    .port_info 0 /INPUT 1 "a";
    .port_info 1 /INPUT 1 "b";
    .port_info 2 /INPUT 1 "sel";
    .port_info 3 /OUTPUT 1 "out";
v0x55555b76c2f0_0 .net "a", 0 0, L_0x55555b895b60;  1 drivers
v0x55555b76b680_0 .net "b", 0 0, L_0x55555b895c50;  1 drivers
v0x55555b76b740_0 .net "out", 0 0, L_0x55555b895a90;  1 drivers
v0x55555b76b2f0_0 .net "sel", 0 0, L_0x55555b8963f0;  alias, 1 drivers
L_0x55555b895a90 .functor MUXZ 1, L_0x55555b895b60, L_0x55555b895c50, L_0x55555b8963f0, C4<>;
S_0x55555b513ef0 .scope module, "m2" "Mux16" 20 26, 21 8 0, S_0x55555b78b790;
 .timescale -12 -12;
    .port_info 0 /INPUT 16 "a";
    .port_info 1 /INPUT 16 "b";
    .port_info 2 /INPUT 1 "sel";
    .port_info 3 /OUTPUT 16 "out";
v0x55555b752ff0_0 .net "a", 15 0, o0x7fda0e7a76c8;  alias, 0 drivers
v0x55555b752380_0 .net "b", 15 0, o0x7fda0e7a76f8;  alias, 0 drivers
v0x55555b751ff0_0 .net "out", 15 0, L_0x55555b899960;  alias, 1 drivers
v0x55555b7520b0_0 .net "sel", 0 0, L_0x55555b899f00;  1 drivers
L_0x55555b896530 .part o0x7fda0e7a76c8, 0, 1;
L_0x55555b896620 .part o0x7fda0e7a76f8, 0, 1;
L_0x55555b8967b0 .part o0x7fda0e7a76c8, 1, 1;
L_0x55555b8968a0 .part o0x7fda0e7a76f8, 1, 1;
L_0x55555b8969e0 .part o0x7fda0e7a76c8, 2, 1;
L_0x55555b896a80 .part o0x7fda0e7a76f8, 2, 1;
L_0x55555b896c50 .part o0x7fda0e7a76c8, 3, 1;
L_0x55555b896d40 .part o0x7fda0e7a76f8, 3, 1;
L_0x55555b896f20 .part o0x7fda0e7a76c8, 4, 1;
L_0x55555b897010 .part o0x7fda0e7a76f8, 4, 1;
L_0x55555b897200 .part o0x7fda0e7a76c8, 5, 1;
L_0x55555b8972a0 .part o0x7fda0e7a76f8, 5, 1;
L_0x55555b8974a0 .part o0x7fda0e7a76c8, 6, 1;
L_0x55555b897590 .part o0x7fda0e7a76f8, 6, 1;
L_0x55555b8977a0 .part o0x7fda0e7a76c8, 7, 1;
L_0x55555b897890 .part o0x7fda0e7a76f8, 7, 1;
L_0x55555b897ab0 .part o0x7fda0e7a76c8, 8, 1;
L_0x55555b897ba0 .part o0x7fda0e7a76f8, 8, 1;
L_0x55555b897dd0 .part o0x7fda0e7a76c8, 9, 1;
L_0x55555b897ec0 .part o0x7fda0e7a76f8, 9, 1;
L_0x55555b898060 .part o0x7fda0e7a76c8, 10, 1;
L_0x55555b898150 .part o0x7fda0e7a76f8, 10, 1;
L_0x55555b898300 .part o0x7fda0e7a76c8, 11, 1;
L_0x55555b8983f0 .part o0x7fda0e7a76f8, 11, 1;
L_0x55555b898650 .part o0x7fda0e7a76c8, 12, 1;
L_0x55555b898740 .part o0x7fda0e7a76f8, 12, 1;
L_0x55555b8989b0 .part o0x7fda0e7a76c8, 13, 1;
L_0x55555b898aa0 .part o0x7fda0e7a76f8, 13, 1;
L_0x55555b898f30 .part o0x7fda0e7a76c8, 14, 1;
L_0x55555b899020 .part o0x7fda0e7a76f8, 14, 1;
L_0x55555b8996c0 .part o0x7fda0e7a76c8, 15, 1;
L_0x55555b899760 .part o0x7fda0e7a76f8, 15, 1;
LS_0x55555b899960_0_0 .concat8 [ 1 1 1 1], L_0x55555b896490, L_0x55555b896710, L_0x55555b896940, L_0x55555b896bb0;
LS_0x55555b899960_0_4 .concat8 [ 1 1 1 1], L_0x55555b896e80, L_0x55555b897160, L_0x55555b897400, L_0x55555b897700;
LS_0x55555b899960_0_8 .concat8 [ 1 1 1 1], L_0x55555b897a10, L_0x55555b897d30, L_0x55555b897c90, L_0x55555b897fb0;
LS_0x55555b899960_0_12 .concat8 [ 1 1 1 1], L_0x55555b8985b0, L_0x55555b898910, L_0x55555b898e90, L_0x55555b899210;
L_0x55555b899960 .concat8 [ 4 4 4 4], LS_0x55555b899960_0_0, LS_0x55555b899960_0_4, LS_0x55555b899960_0_8, LS_0x55555b899960_0_12;
S_0x55555b5140a0 .scope generate, "gen_mux[0]" "gen_mux[0]" 21 19, 21 19 0, S_0x55555b513ef0;
 .timescale -12 -12;
P_0x55555b5142a0 .param/l "i" 1 21 19, +C4<00>;
S_0x55555b50f490 .scope module, "mux_inst" "Mux" 21 20, 22 8 0, S_0x55555b5140a0;
 .timescale -12 -12;
    .port_info 0 /INPUT 1 "a";
    .port_info 1 /INPUT 1 "b";
    .port_info 2 /INPUT 1 "sel";
    .port_info 3 /OUTPUT 1 "out";
v0x55555b50f6a0_0 .net "a", 0 0, L_0x55555b896530;  1 drivers
v0x55555b50f780_0 .net "b", 0 0, L_0x55555b896620;  1 drivers
v0x55555b50f840_0 .net "out", 0 0, L_0x55555b896490;  1 drivers
v0x55555b7692f0_0 .net "sel", 0 0, L_0x55555b899f00;  alias, 1 drivers
L_0x55555b896490 .functor MUXZ 1, L_0x55555b896530, L_0x55555b896620, L_0x55555b899f00, C4<>;
S_0x55555b519a00 .scope generate, "gen_mux[1]" "gen_mux[1]" 21 19, 21 19 0, S_0x55555b513ef0;
 .timescale -12 -12;
P_0x55555b519bd0 .param/l "i" 1 21 19, +C4<01>;
S_0x55555b519c90 .scope module, "mux_inst" "Mux" 21 20, 22 8 0, S_0x55555b519a00;
 .timescale -12 -12;
    .port_info 0 /INPUT 1 "a";
    .port_info 1 /INPUT 1 "b";
    .port_info 2 /INPUT 1 "sel";
    .port_info 3 /OUTPUT 1 "out";
v0x55555b768780_0 .net "a", 0 0, L_0x55555b8967b0;  1 drivers
v0x55555b768490_0 .net "b", 0 0, L_0x55555b8968a0;  1 drivers
v0x55555b768550_0 .net "out", 0 0, L_0x55555b896710;  1 drivers
v0x55555b767ab0_0 .net "sel", 0 0, L_0x55555b899f00;  alias, 1 drivers
L_0x55555b896710 .functor MUXZ 1, L_0x55555b8967b0, L_0x55555b8968a0, L_0x55555b899f00, C4<>;
S_0x55555b51e1c0 .scope generate, "gen_mux[2]" "gen_mux[2]" 21 19, 21 19 0, S_0x55555b513ef0;
 .timescale -12 -12;
P_0x55555b51e3c0 .param/l "i" 1 21 19, +C4<010>;
S_0x55555b51e480 .scope module, "mux_inst" "Mux" 21 20, 22 8 0, S_0x55555b51e1c0;
 .timescale -12 -12;
    .port_info 0 /INPUT 1 "a";
    .port_info 1 /INPUT 1 "b";
    .port_info 2 /INPUT 1 "sel";
    .port_info 3 /OUTPUT 1 "out";
v0x55555b766d10_0 .net "a", 0 0, L_0x55555b8969e0;  1 drivers
v0x55555b766980_0 .net "b", 0 0, L_0x55555b896a80;  1 drivers
v0x55555b766a40_0 .net "out", 0 0, L_0x55555b896940;  1 drivers
v0x55555b765d10_0 .net "sel", 0 0, L_0x55555b899f00;  alias, 1 drivers
L_0x55555b896940 .functor MUXZ 1, L_0x55555b8969e0, L_0x55555b896a80, L_0x55555b899f00, C4<>;
S_0x55555b53f340 .scope generate, "gen_mux[3]" "gen_mux[3]" 21 19, 21 19 0, S_0x55555b513ef0;
 .timescale -12 -12;
P_0x55555b53f520 .param/l "i" 1 21 19, +C4<011>;
S_0x55555b53f600 .scope module, "mux_inst" "Mux" 21 20, 22 8 0, S_0x55555b53f340;
 .timescale -12 -12;
    .port_info 0 /INPUT 1 "a";
    .port_info 1 /INPUT 1 "b";
    .port_info 2 /INPUT 1 "sel";
    .port_info 3 /OUTPUT 1 "out";
v0x55555b765980_0 .net "a", 0 0, L_0x55555b896c50;  1 drivers
v0x55555b764d10_0 .net "b", 0 0, L_0x55555b896d40;  1 drivers
v0x55555b764dd0_0 .net "out", 0 0, L_0x55555b896bb0;  1 drivers
v0x55555b764980_0 .net "sel", 0 0, L_0x55555b899f00;  alias, 1 drivers
L_0x55555b896bb0 .functor MUXZ 1, L_0x55555b896c50, L_0x55555b896d40, L_0x55555b899f00, C4<>;
S_0x55555b545700 .scope generate, "gen_mux[4]" "gen_mux[4]" 21 19, 21 19 0, S_0x55555b513ef0;
 .timescale -12 -12;
P_0x55555b545930 .param/l "i" 1 21 19, +C4<0100>;
S_0x55555b545a10 .scope module, "mux_inst" "Mux" 21 20, 22 8 0, S_0x55555b545700;
 .timescale -12 -12;
    .port_info 0 /INPUT 1 "a";
    .port_info 1 /INPUT 1 "b";
    .port_info 2 /INPUT 1 "sel";
    .port_info 3 /OUTPUT 1 "out";
v0x55555b763d10_0 .net "a", 0 0, L_0x55555b896f20;  1 drivers
v0x55555b763dd0_0 .net "b", 0 0, L_0x55555b897010;  1 drivers
v0x55555b763980_0 .net "out", 0 0, L_0x55555b896e80;  1 drivers
v0x55555b763a40_0 .net "sel", 0 0, L_0x55555b899f00;  alias, 1 drivers
L_0x55555b896e80 .functor MUXZ 1, L_0x55555b896f20, L_0x55555b897010, L_0x55555b899f00, C4<>;
S_0x55555b53cf60 .scope generate, "gen_mux[5]" "gen_mux[5]" 21 19, 21 19 0, S_0x55555b513ef0;
 .timescale -12 -12;
P_0x55555b765350 .param/l "i" 1 21 19, +C4<0101>;
S_0x55555b53d1a0 .scope module, "mux_inst" "Mux" 21 20, 22 8 0, S_0x55555b53cf60;
 .timescale -12 -12;
    .port_info 0 /INPUT 1 "a";
    .port_info 1 /INPUT 1 "b";
    .port_info 2 /INPUT 1 "sel";
    .port_info 3 /OUTPUT 1 "out";
v0x55555b53d380_0 .net "a", 0 0, L_0x55555b897200;  1 drivers
v0x55555b762d10_0 .net "b", 0 0, L_0x55555b8972a0;  1 drivers
v0x55555b762dd0_0 .net "out", 0 0, L_0x55555b897160;  1 drivers
v0x55555b762980_0 .net "sel", 0 0, L_0x55555b899f00;  alias, 1 drivers
L_0x55555b897160 .functor MUXZ 1, L_0x55555b897200, L_0x55555b8972a0, L_0x55555b899f00, C4<>;
S_0x55555b3ffe70 .scope generate, "gen_mux[6]" "gen_mux[6]" 21 19, 21 19 0, S_0x55555b513ef0;
 .timescale -12 -12;
P_0x55555b400050 .param/l "i" 1 21 19, +C4<0110>;
S_0x55555b400130 .scope module, "mux_inst" "Mux" 21 20, 22 8 0, S_0x55555b3ffe70;
 .timescale -12 -12;
    .port_info 0 /INPUT 1 "a";
    .port_info 1 /INPUT 1 "b";
    .port_info 2 /INPUT 1 "sel";
    .port_info 3 /OUTPUT 1 "out";
v0x55555b761d10_0 .net "a", 0 0, L_0x55555b8974a0;  1 drivers
v0x55555b761980_0 .net "b", 0 0, L_0x55555b897590;  1 drivers
v0x55555b761a40_0 .net "out", 0 0, L_0x55555b897400;  1 drivers
v0x55555b760d10_0 .net "sel", 0 0, L_0x55555b899f00;  alias, 1 drivers
L_0x55555b897400 .functor MUXZ 1, L_0x55555b8974a0, L_0x55555b897590, L_0x55555b899f00, C4<>;
S_0x55555b3fc170 .scope generate, "gen_mux[7]" "gen_mux[7]" 21 19, 21 19 0, S_0x55555b513ef0;
 .timescale -12 -12;
P_0x55555b3fc350 .param/l "i" 1 21 19, +C4<0111>;
S_0x55555b3fc430 .scope module, "mux_inst" "Mux" 21 20, 22 8 0, S_0x55555b3fc170;
 .timescale -12 -12;
    .port_info 0 /INPUT 1 "a";
    .port_info 1 /INPUT 1 "b";
    .port_info 2 /INPUT 1 "sel";
    .port_info 3 /OUTPUT 1 "out";
v0x55555b760980_0 .net "a", 0 0, L_0x55555b8977a0;  1 drivers
v0x55555b75fd10_0 .net "b", 0 0, L_0x55555b897890;  1 drivers
v0x55555b75fdd0_0 .net "out", 0 0, L_0x55555b897700;  1 drivers
v0x55555b75f980_0 .net "sel", 0 0, L_0x55555b899f00;  alias, 1 drivers
L_0x55555b897700 .functor MUXZ 1, L_0x55555b8977a0, L_0x55555b897890, L_0x55555b899f00, C4<>;
S_0x55555b3b6a00 .scope generate, "gen_mux[8]" "gen_mux[8]" 21 19, 21 19 0, S_0x55555b513ef0;
 .timescale -12 -12;
P_0x55555b5458e0 .param/l "i" 1 21 19, +C4<01000>;
S_0x55555b3b6c70 .scope module, "mux_inst" "Mux" 21 20, 22 8 0, S_0x55555b3b6a00;
 .timescale -12 -12;
    .port_info 0 /INPUT 1 "a";
    .port_info 1 /INPUT 1 "b";
    .port_info 2 /INPUT 1 "sel";
    .port_info 3 /OUTPUT 1 "out";
v0x55555b75ed10_0 .net "a", 0 0, L_0x55555b897ab0;  1 drivers
v0x55555b75e980_0 .net "b", 0 0, L_0x55555b897ba0;  1 drivers
v0x55555b75ea40_0 .net "out", 0 0, L_0x55555b897a10;  1 drivers
v0x55555b75dd10_0 .net "sel", 0 0, L_0x55555b899f00;  alias, 1 drivers
L_0x55555b897a10 .functor MUXZ 1, L_0x55555b897ab0, L_0x55555b897ba0, L_0x55555b899f00, C4<>;
S_0x55555b4b2cf0 .scope generate, "gen_mux[9]" "gen_mux[9]" 21 19, 21 19 0, S_0x55555b513ef0;
 .timescale -12 -12;
P_0x55555b4b2ed0 .param/l "i" 1 21 19, +C4<01001>;
S_0x55555b4b2fb0 .scope module, "mux_inst" "Mux" 21 20, 22 8 0, S_0x55555b4b2cf0;
 .timescale -12 -12;
    .port_info 0 /INPUT 1 "a";
    .port_info 1 /INPUT 1 "b";
    .port_info 2 /INPUT 1 "sel";
    .port_info 3 /OUTPUT 1 "out";
v0x55555b75d980_0 .net "a", 0 0, L_0x55555b897dd0;  1 drivers
v0x55555b75cd10_0 .net "b", 0 0, L_0x55555b897ec0;  1 drivers
v0x55555b75cdd0_0 .net "out", 0 0, L_0x55555b897d30;  1 drivers
v0x55555b75c980_0 .net "sel", 0 0, L_0x55555b899f00;  alias, 1 drivers
L_0x55555b897d30 .functor MUXZ 1, L_0x55555b897dd0, L_0x55555b897ec0, L_0x55555b899f00, C4<>;
S_0x55555b4bea70 .scope generate, "gen_mux[10]" "gen_mux[10]" 21 19, 21 19 0, S_0x55555b513ef0;
 .timescale -12 -12;
P_0x55555b4bec50 .param/l "i" 1 21 19, +C4<01010>;
S_0x55555b4bed30 .scope module, "mux_inst" "Mux" 21 20, 22 8 0, S_0x55555b4bea70;
 .timescale -12 -12;
    .port_info 0 /INPUT 1 "a";
    .port_info 1 /INPUT 1 "b";
    .port_info 2 /INPUT 1 "sel";
    .port_info 3 /OUTPUT 1 "out";
v0x55555b75bd10_0 .net "a", 0 0, L_0x55555b898060;  1 drivers
v0x55555b75b980_0 .net "b", 0 0, L_0x55555b898150;  1 drivers
v0x55555b75ba40_0 .net "out", 0 0, L_0x55555b897c90;  1 drivers
v0x55555b75ad10_0 .net "sel", 0 0, L_0x55555b899f00;  alias, 1 drivers
L_0x55555b897c90 .functor MUXZ 1, L_0x55555b898060, L_0x55555b898150, L_0x55555b899f00, C4<>;
S_0x55555b4ca000 .scope generate, "gen_mux[11]" "gen_mux[11]" 21 19, 21 19 0, S_0x55555b513ef0;
 .timescale -12 -12;
P_0x55555b4ca1e0 .param/l "i" 1 21 19, +C4<01011>;
S_0x55555b4ca2c0 .scope module, "mux_inst" "Mux" 21 20, 22 8 0, S_0x55555b4ca000;
 .timescale -12 -12;
    .port_info 0 /INPUT 1 "a";
    .port_info 1 /INPUT 1 "b";
    .port_info 2 /INPUT 1 "sel";
    .port_info 3 /OUTPUT 1 "out";
v0x55555b75a980_0 .net "a", 0 0, L_0x55555b898300;  1 drivers
v0x55555b759d10_0 .net "b", 0 0, L_0x55555b8983f0;  1 drivers
v0x55555b759dd0_0 .net "out", 0 0, L_0x55555b897fb0;  1 drivers
v0x55555b759980_0 .net "sel", 0 0, L_0x55555b899f00;  alias, 1 drivers
L_0x55555b897fb0 .functor MUXZ 1, L_0x55555b898300, L_0x55555b8983f0, L_0x55555b899f00, C4<>;
S_0x55555b425ee0 .scope generate, "gen_mux[12]" "gen_mux[12]" 21 19, 21 19 0, S_0x55555b513ef0;
 .timescale -12 -12;
P_0x55555b4260c0 .param/l "i" 1 21 19, +C4<01100>;
S_0x55555b4261a0 .scope module, "mux_inst" "Mux" 21 20, 22 8 0, S_0x55555b425ee0;
 .timescale -12 -12;
    .port_info 0 /INPUT 1 "a";
    .port_info 1 /INPUT 1 "b";
    .port_info 2 /INPUT 1 "sel";
    .port_info 3 /OUTPUT 1 "out";
v0x55555b758e10_0 .net "a", 0 0, L_0x55555b898650;  1 drivers
v0x55555b758b20_0 .net "b", 0 0, L_0x55555b898740;  1 drivers
v0x55555b758be0_0 .net "out", 0 0, L_0x55555b8985b0;  1 drivers
v0x55555b758140_0 .net "sel", 0 0, L_0x55555b899f00;  alias, 1 drivers
L_0x55555b8985b0 .functor MUXZ 1, L_0x55555b898650, L_0x55555b898740, L_0x55555b899f00, C4<>;
S_0x55555b4546d0 .scope generate, "gen_mux[13]" "gen_mux[13]" 21 19, 21 19 0, S_0x55555b513ef0;
 .timescale -12 -12;
P_0x55555b4548b0 .param/l "i" 1 21 19, +C4<01101>;
S_0x55555b454990 .scope module, "mux_inst" "Mux" 21 20, 22 8 0, S_0x55555b4546d0;
 .timescale -12 -12;
    .port_info 0 /INPUT 1 "a";
    .port_info 1 /INPUT 1 "b";
    .port_info 2 /INPUT 1 "sel";
    .port_info 3 /OUTPUT 1 "out";
v0x55555b757380_0 .net "a", 0 0, L_0x55555b8989b0;  1 drivers
v0x55555b756ff0_0 .net "b", 0 0, L_0x55555b898aa0;  1 drivers
v0x55555b7570b0_0 .net "out", 0 0, L_0x55555b898910;  1 drivers
v0x55555b756380_0 .net "sel", 0 0, L_0x55555b899f00;  alias, 1 drivers
L_0x55555b898910 .functor MUXZ 1, L_0x55555b8989b0, L_0x55555b898aa0, L_0x55555b899f00, C4<>;
S_0x55555b534630 .scope generate, "gen_mux[14]" "gen_mux[14]" 21 19, 21 19 0, S_0x55555b513ef0;
 .timescale -12 -12;
P_0x55555b534810 .param/l "i" 1 21 19, +C4<01110>;
S_0x55555b5348f0 .scope module, "mux_inst" "Mux" 21 20, 22 8 0, S_0x55555b534630;
 .timescale -12 -12;
    .port_info 0 /INPUT 1 "a";
    .port_info 1 /INPUT 1 "b";
    .port_info 2 /INPUT 1 "sel";
    .port_info 3 /OUTPUT 1 "out";
v0x55555b755ff0_0 .net "a", 0 0, L_0x55555b898f30;  1 drivers
v0x55555b755380_0 .net "b", 0 0, L_0x55555b899020;  1 drivers
v0x55555b755440_0 .net "out", 0 0, L_0x55555b898e90;  1 drivers
v0x55555b754ff0_0 .net "sel", 0 0, L_0x55555b899f00;  alias, 1 drivers
L_0x55555b898e90 .functor MUXZ 1, L_0x55555b898f30, L_0x55555b899020, L_0x55555b899f00, C4<>;
S_0x55555b786ae0 .scope generate, "gen_mux[15]" "gen_mux[15]" 21 19, 21 19 0, S_0x55555b513ef0;
 .timescale -12 -12;
P_0x55555b786cc0 .param/l "i" 1 21 19, +C4<01111>;
S_0x55555b786da0 .scope module, "mux_inst" "Mux" 21 20, 22 8 0, S_0x55555b786ae0;
 .timescale -12 -12;
    .port_info 0 /INPUT 1 "a";
    .port_info 1 /INPUT 1 "b";
    .port_info 2 /INPUT 1 "sel";
    .port_info 3 /OUTPUT 1 "out";
v0x55555b754380_0 .net "a", 0 0, L_0x55555b8996c0;  1 drivers
v0x55555b753ff0_0 .net "b", 0 0, L_0x55555b899760;  1 drivers
v0x55555b7540b0_0 .net "out", 0 0, L_0x55555b899210;  1 drivers
v0x55555b753380_0 .net "sel", 0 0, L_0x55555b899f00;  alias, 1 drivers
L_0x55555b899210 .functor MUXZ 1, L_0x55555b8996c0, L_0x55555b899760, L_0x55555b899f00, C4<>;
S_0x55555b49f9a0 .scope module, "m3" "Mux16" 20 28, 21 8 0, S_0x55555b78b790;
 .timescale -12 -12;
    .port_info 0 /INPUT 16 "a";
    .port_info 1 /INPUT 16 "b";
    .port_info 2 /INPUT 1 "sel";
    .port_info 3 /OUTPUT 16 "out";
v0x55555b73c610_0 .net "a", 15 0, L_0x55555b895e50;  alias, 1 drivers
v0x55555b73c6d0_0 .net "b", 15 0, L_0x55555b899960;  alias, 1 drivers
v0x55555b73c280_0 .net "out", 15 0, L_0x55555b89d390;  alias, 1 drivers
v0x55555b73c350_0 .net "sel", 0 0, L_0x55555b89d8e0;  1 drivers
L_0x55555b89a090 .part L_0x55555b895e50, 0, 1;
L_0x55555b89a180 .part L_0x55555b899960, 0, 1;
L_0x55555b89a2c0 .part L_0x55555b895e50, 1, 1;
L_0x55555b89a360 .part L_0x55555b899960, 1, 1;
L_0x55555b89a4f0 .part L_0x55555b895e50, 2, 1;
L_0x55555b89a5e0 .part L_0x55555b899960, 2, 1;
L_0x55555b89a770 .part L_0x55555b895e50, 3, 1;
L_0x55555b89a860 .part L_0x55555b899960, 3, 1;
L_0x55555b89aa40 .part L_0x55555b895e50, 4, 1;
L_0x55555b89ab30 .part L_0x55555b899960, 4, 1;
L_0x55555b89ad20 .part L_0x55555b895e50, 5, 1;
L_0x55555b89adc0 .part L_0x55555b899960, 5, 1;
L_0x55555b89afc0 .part L_0x55555b895e50, 6, 1;
L_0x55555b89b0b0 .part L_0x55555b899960, 6, 1;
L_0x55555b89b2c0 .part L_0x55555b895e50, 7, 1;
L_0x55555b89b3b0 .part L_0x55555b899960, 7, 1;
L_0x55555b89b5d0 .part L_0x55555b895e50, 8, 1;
L_0x55555b89b6c0 .part L_0x55555b899960, 8, 1;
L_0x55555b89b8f0 .part L_0x55555b895e50, 9, 1;
L_0x55555b89b9e0 .part L_0x55555b899960, 9, 1;
L_0x55555b89bb80 .part L_0x55555b895e50, 10, 1;
L_0x55555b89bc70 .part L_0x55555b899960, 10, 1;
L_0x55555b89be20 .part L_0x55555b895e50, 11, 1;
L_0x55555b89bf10 .part L_0x55555b899960, 11, 1;
L_0x55555b89c170 .part L_0x55555b895e50, 12, 1;
L_0x55555b89c260 .part L_0x55555b899960, 12, 1;
L_0x55555b89c640 .part L_0x55555b895e50, 13, 1;
L_0x55555b89c730 .part L_0x55555b899960, 13, 1;
L_0x55555b89c9b0 .part L_0x55555b895e50, 14, 1;
L_0x55555b89caa0 .part L_0x55555b899960, 14, 1;
L_0x55555b89d140 .part L_0x55555b895e50, 15, 1;
L_0x55555b89d1e0 .part L_0x55555b899960, 15, 1;
LS_0x55555b89d390_0_0 .concat8 [ 1 1 1 1], L_0x55555b899ff0, L_0x55555b89a220, L_0x55555b89a450, L_0x55555b89a6d0;
LS_0x55555b89d390_0_4 .concat8 [ 1 1 1 1], L_0x55555b89a9a0, L_0x55555b89ac80, L_0x55555b89af20, L_0x55555b89b220;
LS_0x55555b89d390_0_8 .concat8 [ 1 1 1 1], L_0x55555b89b530, L_0x55555b89b850, L_0x55555b89b7b0, L_0x55555b89bad0;
LS_0x55555b89d390_0_12 .concat8 [ 1 1 1 1], L_0x55555b89c0d0, L_0x55555b89c000, L_0x55555b89c910, L_0x55555b89cc90;
L_0x55555b89d390 .concat8 [ 4 4 4 4], LS_0x55555b89d390_0_0, LS_0x55555b89d390_0_4, LS_0x55555b89d390_0_8, LS_0x55555b89d390_0_12;
S_0x55555b49ced0 .scope generate, "gen_mux[0]" "gen_mux[0]" 21 19, 21 19 0, S_0x55555b49f9a0;
 .timescale -12 -12;
P_0x55555b49d0d0 .param/l "i" 1 21 19, +C4<00>;
S_0x55555b49d1b0 .scope module, "mux_inst" "Mux" 21 20, 22 8 0, S_0x55555b49ced0;
 .timescale -12 -12;
    .port_info 0 /INPUT 1 "a";
    .port_info 1 /INPUT 1 "b";
    .port_info 2 /INPUT 1 "sel";
    .port_info 3 /OUTPUT 1 "out";
v0x55555b751380_0 .net "a", 0 0, L_0x55555b89a090;  1 drivers
v0x55555b750ff0_0 .net "b", 0 0, L_0x55555b89a180;  1 drivers
v0x55555b7510b0_0 .net "out", 0 0, L_0x55555b899ff0;  1 drivers
v0x55555b750380_0 .net "sel", 0 0, L_0x55555b89d8e0;  alias, 1 drivers
L_0x55555b899ff0 .functor MUXZ 1, L_0x55555b89a090, L_0x55555b89a180, L_0x55555b89d8e0, C4<>;
S_0x55555b481f30 .scope generate, "gen_mux[1]" "gen_mux[1]" 21 19, 21 19 0, S_0x55555b49f9a0;
 .timescale -12 -12;
P_0x55555b482100 .param/l "i" 1 21 19, +C4<01>;
S_0x55555b4821c0 .scope module, "mux_inst" "Mux" 21 20, 22 8 0, S_0x55555b481f30;
 .timescale -12 -12;
    .port_info 0 /INPUT 1 "a";
    .port_info 1 /INPUT 1 "b";
    .port_info 2 /INPUT 1 "sel";
    .port_info 3 /OUTPUT 1 "out";
v0x55555b74fff0_0 .net "a", 0 0, L_0x55555b89a2c0;  1 drivers
v0x55555b74f380_0 .net "b", 0 0, L_0x55555b89a360;  1 drivers
v0x55555b74f440_0 .net "out", 0 0, L_0x55555b89a220;  1 drivers
v0x55555b74eff0_0 .net "sel", 0 0, L_0x55555b89d8e0;  alias, 1 drivers
L_0x55555b89a220 .functor MUXZ 1, L_0x55555b89a2c0, L_0x55555b89a360, L_0x55555b89d8e0, C4<>;
S_0x55555b47e730 .scope generate, "gen_mux[2]" "gen_mux[2]" 21 19, 21 19 0, S_0x55555b49f9a0;
 .timescale -12 -12;
P_0x55555b47e930 .param/l "i" 1 21 19, +C4<010>;
S_0x55555b47e9f0 .scope module, "mux_inst" "Mux" 21 20, 22 8 0, S_0x55555b47e730;
 .timescale -12 -12;
    .port_info 0 /INPUT 1 "a";
    .port_info 1 /INPUT 1 "b";
    .port_info 2 /INPUT 1 "sel";
    .port_info 3 /OUTPUT 1 "out";
v0x55555b74e380_0 .net "a", 0 0, L_0x55555b89a4f0;  1 drivers
v0x55555b74dff0_0 .net "b", 0 0, L_0x55555b89a5e0;  1 drivers
v0x55555b74e0b0_0 .net "out", 0 0, L_0x55555b89a450;  1 drivers
v0x55555b74d380_0 .net "sel", 0 0, L_0x55555b89d8e0;  alias, 1 drivers
L_0x55555b89a450 .functor MUXZ 1, L_0x55555b89a4f0, L_0x55555b89a5e0, L_0x55555b89d8e0, C4<>;
S_0x55555b4856c0 .scope generate, "gen_mux[3]" "gen_mux[3]" 21 19, 21 19 0, S_0x55555b49f9a0;
 .timescale -12 -12;
P_0x55555b4858c0 .param/l "i" 1 21 19, +C4<011>;
S_0x55555b4859a0 .scope module, "mux_inst" "Mux" 21 20, 22 8 0, S_0x55555b4856c0;
 .timescale -12 -12;
    .port_info 0 /INPUT 1 "a";
    .port_info 1 /INPUT 1 "b";
    .port_info 2 /INPUT 1 "sel";
    .port_info 3 /OUTPUT 1 "out";
v0x55555b74cff0_0 .net "a", 0 0, L_0x55555b89a770;  1 drivers
v0x55555b74c380_0 .net "b", 0 0, L_0x55555b89a860;  1 drivers
v0x55555b74c440_0 .net "out", 0 0, L_0x55555b89a6d0;  1 drivers
v0x55555b74bff0_0 .net "sel", 0 0, L_0x55555b89d8e0;  alias, 1 drivers
L_0x55555b89a6d0 .functor MUXZ 1, L_0x55555b89a770, L_0x55555b89a860, L_0x55555b89d8e0, C4<>;
S_0x55555b48d370 .scope generate, "gen_mux[4]" "gen_mux[4]" 21 19, 21 19 0, S_0x55555b49f9a0;
 .timescale -12 -12;
P_0x55555b48d550 .param/l "i" 1 21 19, +C4<0100>;
S_0x55555b48d630 .scope module, "mux_inst" "Mux" 21 20, 22 8 0, S_0x55555b48d370;
 .timescale -12 -12;
    .port_info 0 /INPUT 1 "a";
    .port_info 1 /INPUT 1 "b";
    .port_info 2 /INPUT 1 "sel";
    .port_info 3 /OUTPUT 1 "out";
v0x55555b74b380_0 .net "a", 0 0, L_0x55555b89aa40;  1 drivers
v0x55555b74aff0_0 .net "b", 0 0, L_0x55555b89ab30;  1 drivers
v0x55555b74b0b0_0 .net "out", 0 0, L_0x55555b89a9a0;  1 drivers
v0x55555b74a380_0 .net "sel", 0 0, L_0x55555b89d8e0;  alias, 1 drivers
L_0x55555b89a9a0 .functor MUXZ 1, L_0x55555b89aa40, L_0x55555b89ab30, L_0x55555b89d8e0, C4<>;
S_0x55555b489470 .scope generate, "gen_mux[5]" "gen_mux[5]" 21 19, 21 19 0, S_0x55555b49f9a0;
 .timescale -12 -12;
P_0x55555b489600 .param/l "i" 1 21 19, +C4<0101>;
S_0x55555b4896e0 .scope module, "mux_inst" "Mux" 21 20, 22 8 0, S_0x55555b489470;
 .timescale -12 -12;
    .port_info 0 /INPUT 1 "a";
    .port_info 1 /INPUT 1 "b";
    .port_info 2 /INPUT 1 "sel";
    .port_info 3 /OUTPUT 1 "out";
v0x55555b4898c0_0 .net "a", 0 0, L_0x55555b89ad20;  1 drivers
v0x55555b749ff0_0 .net "b", 0 0, L_0x55555b89adc0;  1 drivers
v0x55555b74a0b0_0 .net "out", 0 0, L_0x55555b89ac80;  1 drivers
v0x55555b749390_0 .net "sel", 0 0, L_0x55555b89d8e0;  alias, 1 drivers
L_0x55555b89ac80 .functor MUXZ 1, L_0x55555b89ad20, L_0x55555b89adc0, L_0x55555b89d8e0, C4<>;
S_0x55555b49c230 .scope generate, "gen_mux[6]" "gen_mux[6]" 21 19, 21 19 0, S_0x55555b49f9a0;
 .timescale -12 -12;
P_0x55555b49c430 .param/l "i" 1 21 19, +C4<0110>;
S_0x55555b49c510 .scope module, "mux_inst" "Mux" 21 20, 22 8 0, S_0x55555b49c230;
 .timescale -12 -12;
    .port_info 0 /INPUT 1 "a";
    .port_info 1 /INPUT 1 "b";
    .port_info 2 /INPUT 1 "sel";
    .port_info 3 /OUTPUT 1 "out";
v0x55555b748710_0 .net "a", 0 0, L_0x55555b89afc0;  1 drivers
v0x55555b73f820_0 .net "b", 0 0, L_0x55555b89b0b0;  1 drivers
v0x55555b73f8e0_0 .net "out", 0 0, L_0x55555b89af20;  1 drivers
v0x55555b747610_0 .net "sel", 0 0, L_0x55555b89d8e0;  alias, 1 drivers
L_0x55555b89af20 .functor MUXZ 1, L_0x55555b89afc0, L_0x55555b89b0b0, L_0x55555b89d8e0, C4<>;
S_0x55555b49ec70 .scope generate, "gen_mux[7]" "gen_mux[7]" 21 19, 21 19 0, S_0x55555b49f9a0;
 .timescale -12 -12;
P_0x55555b49ee00 .param/l "i" 1 21 19, +C4<0111>;
S_0x55555b49eee0 .scope module, "mux_inst" "Mux" 21 20, 22 8 0, S_0x55555b49ec70;
 .timescale -12 -12;
    .port_info 0 /INPUT 1 "a";
    .port_info 1 /INPUT 1 "b";
    .port_info 2 /INPUT 1 "sel";
    .port_info 3 /OUTPUT 1 "out";
v0x55555b49f0c0_0 .net "a", 0 0, L_0x55555b89b2c0;  1 drivers
v0x55555b747280_0 .net "b", 0 0, L_0x55555b89b3b0;  1 drivers
v0x55555b747340_0 .net "out", 0 0, L_0x55555b89b220;  1 drivers
v0x55555b746610_0 .net "sel", 0 0, L_0x55555b89d8e0;  alias, 1 drivers
L_0x55555b89b220 .functor MUXZ 1, L_0x55555b89b2c0, L_0x55555b89b3b0, L_0x55555b89d8e0, C4<>;
S_0x55555b4aeb90 .scope generate, "gen_mux[8]" "gen_mux[8]" 21 19, 21 19 0, S_0x55555b49f9a0;
 .timescale -12 -12;
P_0x55555b48d500 .param/l "i" 1 21 19, +C4<01000>;
S_0x55555b4aee20 .scope module, "mux_inst" "Mux" 21 20, 22 8 0, S_0x55555b4aeb90;
 .timescale -12 -12;
    .port_info 0 /INPUT 1 "a";
    .port_info 1 /INPUT 1 "b";
    .port_info 2 /INPUT 1 "sel";
    .port_info 3 /OUTPUT 1 "out";
v0x55555b4af000_0 .net "a", 0 0, L_0x55555b89b5d0;  1 drivers
v0x55555b746280_0 .net "b", 0 0, L_0x55555b89b6c0;  1 drivers
v0x55555b746340_0 .net "out", 0 0, L_0x55555b89b530;  1 drivers
v0x55555b745610_0 .net "sel", 0 0, L_0x55555b89d8e0;  alias, 1 drivers
L_0x55555b89b530 .functor MUXZ 1, L_0x55555b89b5d0, L_0x55555b89b6c0, L_0x55555b89d8e0, C4<>;
S_0x55555b4a1460 .scope generate, "gen_mux[9]" "gen_mux[9]" 21 19, 21 19 0, S_0x55555b49f9a0;
 .timescale -12 -12;
P_0x55555b4a1640 .param/l "i" 1 21 19, +C4<01001>;
S_0x55555b4a1720 .scope module, "mux_inst" "Mux" 21 20, 22 8 0, S_0x55555b4a1460;
 .timescale -12 -12;
    .port_info 0 /INPUT 1 "a";
    .port_info 1 /INPUT 1 "b";
    .port_info 2 /INPUT 1 "sel";
    .port_info 3 /OUTPUT 1 "out";
v0x55555b745280_0 .net "a", 0 0, L_0x55555b89b8f0;  1 drivers
v0x55555b744610_0 .net "b", 0 0, L_0x55555b89b9e0;  1 drivers
v0x55555b7446d0_0 .net "out", 0 0, L_0x55555b89b850;  1 drivers
v0x55555b744280_0 .net "sel", 0 0, L_0x55555b89d8e0;  alias, 1 drivers
L_0x55555b89b850 .functor MUXZ 1, L_0x55555b89b8f0, L_0x55555b89b9e0, L_0x55555b89d8e0, C4<>;
S_0x55555b499b60 .scope generate, "gen_mux[10]" "gen_mux[10]" 21 19, 21 19 0, S_0x55555b49f9a0;
 .timescale -12 -12;
P_0x55555b499d40 .param/l "i" 1 21 19, +C4<01010>;
S_0x55555b499e20 .scope module, "mux_inst" "Mux" 21 20, 22 8 0, S_0x55555b499b60;
 .timescale -12 -12;
    .port_info 0 /INPUT 1 "a";
    .port_info 1 /INPUT 1 "b";
    .port_info 2 /INPUT 1 "sel";
    .port_info 3 /OUTPUT 1 "out";
v0x55555b743610_0 .net "a", 0 0, L_0x55555b89bb80;  1 drivers
v0x55555b743280_0 .net "b", 0 0, L_0x55555b89bc70;  1 drivers
v0x55555b743340_0 .net "out", 0 0, L_0x55555b89b7b0;  1 drivers
v0x55555b742610_0 .net "sel", 0 0, L_0x55555b89d8e0;  alias, 1 drivers
L_0x55555b89b7b0 .functor MUXZ 1, L_0x55555b89bb80, L_0x55555b89bc70, L_0x55555b89d8e0, C4<>;
S_0x55555b4a7420 .scope generate, "gen_mux[11]" "gen_mux[11]" 21 19, 21 19 0, S_0x55555b49f9a0;
 .timescale -12 -12;
P_0x55555b4a7600 .param/l "i" 1 21 19, +C4<01011>;
S_0x55555b4a76e0 .scope module, "mux_inst" "Mux" 21 20, 22 8 0, S_0x55555b4a7420;
 .timescale -12 -12;
    .port_info 0 /INPUT 1 "a";
    .port_info 1 /INPUT 1 "b";
    .port_info 2 /INPUT 1 "sel";
    .port_info 3 /OUTPUT 1 "out";
v0x55555b742280_0 .net "a", 0 0, L_0x55555b89be20;  1 drivers
v0x55555b741610_0 .net "b", 0 0, L_0x55555b89bf10;  1 drivers
v0x55555b7416d0_0 .net "out", 0 0, L_0x55555b89bad0;  1 drivers
v0x55555b741280_0 .net "sel", 0 0, L_0x55555b89d8e0;  alias, 1 drivers
L_0x55555b89bad0 .functor MUXZ 1, L_0x55555b89be20, L_0x55555b89bf10, L_0x55555b89d8e0, C4<>;
S_0x55555b400a10 .scope generate, "gen_mux[12]" "gen_mux[12]" 21 19, 21 19 0, S_0x55555b49f9a0;
 .timescale -12 -12;
P_0x55555b400bf0 .param/l "i" 1 21 19, +C4<01100>;
S_0x55555b400cd0 .scope module, "mux_inst" "Mux" 21 20, 22 8 0, S_0x55555b400a10;
 .timescale -12 -12;
    .port_info 0 /INPUT 1 "a";
    .port_info 1 /INPUT 1 "b";
    .port_info 2 /INPUT 1 "sel";
    .port_info 3 /OUTPUT 1 "out";
v0x55555b400eb0_0 .net "a", 0 0, L_0x55555b89c170;  1 drivers
v0x55555b740610_0 .net "b", 0 0, L_0x55555b89c260;  1 drivers
v0x55555b7406d0_0 .net "out", 0 0, L_0x55555b89c0d0;  1 drivers
v0x55555b740280_0 .net "sel", 0 0, L_0x55555b89d8e0;  alias, 1 drivers
L_0x55555b89c0d0 .functor MUXZ 1, L_0x55555b89c170, L_0x55555b89c260, L_0x55555b89d8e0, C4<>;
S_0x55555b40b0f0 .scope generate, "gen_mux[13]" "gen_mux[13]" 21 19, 21 19 0, S_0x55555b49f9a0;
 .timescale -12 -12;
P_0x55555b40b2d0 .param/l "i" 1 21 19, +C4<01101>;
S_0x55555b40b3b0 .scope module, "mux_inst" "Mux" 21 20, 22 8 0, S_0x55555b40b0f0;
 .timescale -12 -12;
    .port_info 0 /INPUT 1 "a";
    .port_info 1 /INPUT 1 "b";
    .port_info 2 /INPUT 1 "sel";
    .port_info 3 /OUTPUT 1 "out";
v0x55555b40b590_0 .net "a", 0 0, L_0x55555b89c640;  1 drivers
v0x55555b73f610_0 .net "b", 0 0, L_0x55555b89c730;  1 drivers
v0x55555b73f6d0_0 .net "out", 0 0, L_0x55555b89c000;  1 drivers
v0x55555b73f280_0 .net "sel", 0 0, L_0x55555b89d8e0;  alias, 1 drivers
L_0x55555b89c000 .functor MUXZ 1, L_0x55555b89c640, L_0x55555b89c730, L_0x55555b89d8e0, C4<>;
S_0x55555b407f30 .scope generate, "gen_mux[14]" "gen_mux[14]" 21 19, 21 19 0, S_0x55555b49f9a0;
 .timescale -12 -12;
P_0x55555b408110 .param/l "i" 1 21 19, +C4<01110>;
S_0x55555b4081f0 .scope module, "mux_inst" "Mux" 21 20, 22 8 0, S_0x55555b407f30;
 .timescale -12 -12;
    .port_info 0 /INPUT 1 "a";
    .port_info 1 /INPUT 1 "b";
    .port_info 2 /INPUT 1 "sel";
    .port_info 3 /OUTPUT 1 "out";
v0x55555b4083d0_0 .net "a", 0 0, L_0x55555b89c9b0;  1 drivers
v0x55555b73e610_0 .net "b", 0 0, L_0x55555b89caa0;  1 drivers
v0x55555b73e6d0_0 .net "out", 0 0, L_0x55555b89c910;  1 drivers
v0x55555b73e280_0 .net "sel", 0 0, L_0x55555b89d8e0;  alias, 1 drivers
L_0x55555b89c910 .functor MUXZ 1, L_0x55555b89c9b0, L_0x55555b89caa0, L_0x55555b89d8e0, C4<>;
S_0x55555b40c960 .scope generate, "gen_mux[15]" "gen_mux[15]" 21 19, 21 19 0, S_0x55555b49f9a0;
 .timescale -12 -12;
P_0x55555b40cb40 .param/l "i" 1 21 19, +C4<01111>;
S_0x55555b40cc20 .scope module, "mux_inst" "Mux" 21 20, 22 8 0, S_0x55555b40c960;
 .timescale -12 -12;
    .port_info 0 /INPUT 1 "a";
    .port_info 1 /INPUT 1 "b";
    .port_info 2 /INPUT 1 "sel";
    .port_info 3 /OUTPUT 1 "out";
v0x55555b40ce00_0 .net "a", 0 0, L_0x55555b89d140;  1 drivers
v0x55555b73d610_0 .net "b", 0 0, L_0x55555b89d1e0;  1 drivers
v0x55555b73d6d0_0 .net "out", 0 0, L_0x55555b89cc90;  1 drivers
v0x55555b73d280_0 .net "sel", 0 0, L_0x55555b89d8e0;  alias, 1 drivers
L_0x55555b89cc90 .functor MUXZ 1, L_0x55555b89d140, L_0x55555b89d1e0, L_0x55555b89d8e0, C4<>;
S_0x55555b41b610 .scope module, "m2" "Mux4Way16" 19 33, 20 12 0, S_0x55555b6d79e0;
 .timescale -12 -12;
    .port_info 0 /INPUT 16 "a";
    .port_info 1 /INPUT 16 "b";
    .port_info 2 /INPUT 16 "c";
    .port_info 3 /INPUT 16 "d";
    .port_info 4 /INPUT 2 "sel";
    .port_info 5 /OUTPUT 16 "out";
v0x55555b796210_0 .net "a", 15 0, o0x7fda0e7aa4b8;  alias, 0 drivers
v0x55555b7952a0_0 .net "b", 15 0, o0x7fda0e7aa4e8;  alias, 0 drivers
v0x55555b795370_0 .net "c", 15 0, o0x7fda0e7abb38;  alias, 0 drivers
v0x55555b794330_0 .net "d", 15 0, o0x7fda0e7abb68;  alias, 0 drivers
v0x55555b794400_0 .net "lower2", 15 0, L_0x55555b8a47d0;  1 drivers
v0x55555b793410_0 .net "out", 15 0, L_0x55555b8a78c0;  alias, 1 drivers
v0x55555b7934e0_0 .net "sel", 1 0, L_0x55555b8a84d0;  1 drivers
v0x55555b7926a0_0 .net "upper2", 15 0, L_0x55555b8a0e90;  1 drivers
L_0x55555b8a1430 .part L_0x55555b8a84d0, 0, 1;
L_0x55555b8a4d70 .part L_0x55555b8a84d0, 0, 1;
L_0x55555b8a8430 .part L_0x55555b8a84d0, 1, 1;
S_0x55555b41b7c0 .scope module, "m1" "Mux16" 20 25, 21 8 0, S_0x55555b41b610;
 .timescale -12 -12;
    .port_info 0 /INPUT 16 "a";
    .port_info 1 /INPUT 16 "b";
    .port_info 2 /INPUT 1 "sel";
    .port_info 3 /OUTPUT 16 "out";
v0x55555b729ab0_0 .net "a", 15 0, o0x7fda0e7aa4b8;  alias, 0 drivers
v0x55555b7290d0_0 .net "b", 15 0, o0x7fda0e7aa4e8;  alias, 0 drivers
v0x55555b728340_0 .net "out", 15 0, L_0x55555b8a0e90;  alias, 1 drivers
v0x55555b728400_0 .net "sel", 0 0, L_0x55555b8a1430;  1 drivers
L_0x55555b89dac0 .part o0x7fda0e7aa4b8, 0, 1;
L_0x55555b89db60 .part o0x7fda0e7aa4e8, 0, 1;
L_0x55555b89dcf0 .part o0x7fda0e7aa4b8, 1, 1;
L_0x55555b89de70 .part o0x7fda0e7aa4e8, 1, 1;
L_0x55555b89e040 .part o0x7fda0e7aa4b8, 2, 1;
L_0x55555b89e0e0 .part o0x7fda0e7aa4e8, 2, 1;
L_0x55555b89e270 .part o0x7fda0e7aa4b8, 3, 1;
L_0x55555b89e360 .part o0x7fda0e7aa4e8, 3, 1;
L_0x55555b89e540 .part o0x7fda0e7aa4b8, 4, 1;
L_0x55555b89e630 .part o0x7fda0e7aa4e8, 4, 1;
L_0x55555b89e820 .part o0x7fda0e7aa4b8, 5, 1;
L_0x55555b89e8c0 .part o0x7fda0e7aa4e8, 5, 1;
L_0x55555b89eac0 .part o0x7fda0e7aa4b8, 6, 1;
L_0x55555b89ebb0 .part o0x7fda0e7aa4e8, 6, 1;
L_0x55555b89edc0 .part o0x7fda0e7aa4b8, 7, 1;
L_0x55555b89eeb0 .part o0x7fda0e7aa4e8, 7, 1;
L_0x55555b89f0d0 .part o0x7fda0e7aa4b8, 8, 1;
L_0x55555b89f1c0 .part o0x7fda0e7aa4e8, 8, 1;
L_0x55555b89f3f0 .part o0x7fda0e7aa4b8, 9, 1;
L_0x55555b89f4e0 .part o0x7fda0e7aa4e8, 9, 1;
L_0x55555b89f680 .part o0x7fda0e7aa4b8, 10, 1;
L_0x55555b89f770 .part o0x7fda0e7aa4e8, 10, 1;
L_0x55555b89f920 .part o0x7fda0e7aa4b8, 11, 1;
L_0x55555b89fa10 .part o0x7fda0e7aa4e8, 11, 1;
L_0x55555b89fc70 .part o0x7fda0e7aa4b8, 12, 1;
L_0x55555b89fd60 .part o0x7fda0e7aa4e8, 12, 1;
L_0x55555b89ff30 .part o0x7fda0e7aa4b8, 13, 1;
L_0x55555b89ffd0 .part o0x7fda0e7aa4e8, 13, 1;
L_0x55555b8a0410 .part o0x7fda0e7aa4b8, 14, 1;
L_0x55555b8a0500 .part o0x7fda0e7aa4e8, 14, 1;
L_0x55555b8a0ba0 .part o0x7fda0e7aa4b8, 15, 1;
L_0x55555b8a0c90 .part o0x7fda0e7aa4e8, 15, 1;
LS_0x55555b8a0e90_0_0 .concat8 [ 1 1 1 1], L_0x55555b89da20, L_0x55555b89dc50, L_0x55555b89dfa0, L_0x55555b89e1d0;
LS_0x55555b8a0e90_0_4 .concat8 [ 1 1 1 1], L_0x55555b89e4a0, L_0x55555b89e780, L_0x55555b89ea20, L_0x55555b89ed20;
LS_0x55555b8a0e90_0_8 .concat8 [ 1 1 1 1], L_0x55555b89f030, L_0x55555b89f350, L_0x55555b89f2b0, L_0x55555b89f5d0;
LS_0x55555b8a0e90_0_12 .concat8 [ 1 1 1 1], L_0x55555b89fbd0, L_0x55555b89fb00, L_0x55555b8a0370, L_0x55555b8a06f0;
L_0x55555b8a0e90 .concat8 [ 4 4 4 4], LS_0x55555b8a0e90_0_0, LS_0x55555b8a0e90_0_4, LS_0x55555b8a0e90_0_8, LS_0x55555b8a0e90_0_12;
S_0x55555b41b9a0 .scope generate, "gen_mux[0]" "gen_mux[0]" 21 19, 21 19 0, S_0x55555b41b7c0;
 .timescale -12 -12;
P_0x55555b781620 .param/l "i" 1 21 19, +C4<00>;
S_0x55555b418450 .scope module, "mux_inst" "Mux" 21 20, 22 8 0, S_0x55555b41b9a0;
 .timescale -12 -12;
    .port_info 0 /INPUT 1 "a";
    .port_info 1 /INPUT 1 "b";
    .port_info 2 /INPUT 1 "sel";
    .port_info 3 /OUTPUT 1 "out";
v0x55555b418660_0 .net "a", 0 0, L_0x55555b89dac0;  1 drivers
v0x55555b418740_0 .net "b", 0 0, L_0x55555b89db60;  1 drivers
v0x55555b418800_0 .net "out", 0 0, L_0x55555b89da20;  1 drivers
v0x55555b4188d0_0 .net "sel", 0 0, L_0x55555b8a1430;  alias, 1 drivers
L_0x55555b89da20 .functor MUXZ 1, L_0x55555b89dac0, L_0x55555b89db60, L_0x55555b8a1430, C4<>;
S_0x55555b41ce80 .scope generate, "gen_mux[1]" "gen_mux[1]" 21 19, 21 19 0, S_0x55555b41b7c0;
 .timescale -12 -12;
P_0x55555b41d0a0 .param/l "i" 1 21 19, +C4<01>;
S_0x55555b41d180 .scope module, "mux_inst" "Mux" 21 20, 22 8 0, S_0x55555b41ce80;
 .timescale -12 -12;
    .port_info 0 /INPUT 1 "a";
    .port_info 1 /INPUT 1 "b";
    .port_info 2 /INPUT 1 "sel";
    .port_info 3 /OUTPUT 1 "out";
v0x55555b73a280_0 .net "a", 0 0, L_0x55555b89dcf0;  1 drivers
v0x55555b739710_0 .net "b", 0 0, L_0x55555b89de70;  1 drivers
v0x55555b7397d0_0 .net "out", 0 0, L_0x55555b89dc50;  1 drivers
v0x55555b739420_0 .net "sel", 0 0, L_0x55555b8a1430;  alias, 1 drivers
L_0x55555b89dc50 .functor MUXZ 1, L_0x55555b89dcf0, L_0x55555b89de70, L_0x55555b8a1430, C4<>;
S_0x55555b419cc0 .scope generate, "gen_mux[2]" "gen_mux[2]" 21 19, 21 19 0, S_0x55555b41b7c0;
 .timescale -12 -12;
P_0x55555b419e70 .param/l "i" 1 21 19, +C4<010>;
S_0x55555b419f30 .scope module, "mux_inst" "Mux" 21 20, 22 8 0, S_0x55555b419cc0;
 .timescale -12 -12;
    .port_info 0 /INPUT 1 "a";
    .port_info 1 /INPUT 1 "b";
    .port_info 2 /INPUT 1 "sel";
    .port_info 3 /OUTPUT 1 "out";
v0x55555b41a140_0 .net "a", 0 0, L_0x55555b89e040;  1 drivers
v0x55555b738a40_0 .net "b", 0 0, L_0x55555b89e0e0;  1 drivers
v0x55555b737ca0_0 .net "out", 0 0, L_0x55555b89dfa0;  1 drivers
v0x55555b737d40_0 .net "sel", 0 0, L_0x55555b8a1430;  alias, 1 drivers
L_0x55555b89dfa0 .functor MUXZ 1, L_0x55555b89e040, L_0x55555b89e0e0, L_0x55555b8a1430, C4<>;
S_0x55555b422370 .scope generate, "gen_mux[3]" "gen_mux[3]" 21 19, 21 19 0, S_0x55555b41b7c0;
 .timescale -12 -12;
P_0x55555b422570 .param/l "i" 1 21 19, +C4<011>;
S_0x55555b422650 .scope module, "mux_inst" "Mux" 21 20, 22 8 0, S_0x55555b422370;
 .timescale -12 -12;
    .port_info 0 /INPUT 1 "a";
    .port_info 1 /INPUT 1 "b";
    .port_info 2 /INPUT 1 "sel";
    .port_info 3 /OUTPUT 1 "out";
v0x55555b737910_0 .net "a", 0 0, L_0x55555b89e270;  1 drivers
v0x55555b736ca0_0 .net "b", 0 0, L_0x55555b89e360;  1 drivers
v0x55555b736d60_0 .net "out", 0 0, L_0x55555b89e1d0;  1 drivers
v0x55555b736910_0 .net "sel", 0 0, L_0x55555b8a1430;  alias, 1 drivers
L_0x55555b89e1d0 .functor MUXZ 1, L_0x55555b89e270, L_0x55555b89e360, L_0x55555b8a1430, C4<>;
S_0x55555b41e7d0 .scope generate, "gen_mux[4]" "gen_mux[4]" 21 19, 21 19 0, S_0x55555b41b7c0;
 .timescale -12 -12;
P_0x55555b41ea00 .param/l "i" 1 21 19, +C4<0100>;
S_0x55555b41eae0 .scope module, "mux_inst" "Mux" 21 20, 22 8 0, S_0x55555b41e7d0;
 .timescale -12 -12;
    .port_info 0 /INPUT 1 "a";
    .port_info 1 /INPUT 1 "b";
    .port_info 2 /INPUT 1 "sel";
    .port_info 3 /OUTPUT 1 "out";
v0x55555b735ca0_0 .net "a", 0 0, L_0x55555b89e540;  1 drivers
v0x55555b735910_0 .net "b", 0 0, L_0x55555b89e630;  1 drivers
v0x55555b7359d0_0 .net "out", 0 0, L_0x55555b89e4a0;  1 drivers
v0x55555b734ca0_0 .net "sel", 0 0, L_0x55555b8a1430;  alias, 1 drivers
L_0x55555b89e4a0 .functor MUXZ 1, L_0x55555b89e540, L_0x55555b89e630, L_0x55555b8a1430, C4<>;
S_0x55555b424260 .scope generate, "gen_mux[5]" "gen_mux[5]" 21 19, 21 19 0, S_0x55555b41b7c0;
 .timescale -12 -12;
P_0x55555b4243f0 .param/l "i" 1 21 19, +C4<0101>;
S_0x55555b4244d0 .scope module, "mux_inst" "Mux" 21 20, 22 8 0, S_0x55555b424260;
 .timescale -12 -12;
    .port_info 0 /INPUT 1 "a";
    .port_info 1 /INPUT 1 "b";
    .port_info 2 /INPUT 1 "sel";
    .port_info 3 /OUTPUT 1 "out";
v0x55555b4246b0_0 .net "a", 0 0, L_0x55555b89e820;  1 drivers
v0x55555b734910_0 .net "b", 0 0, L_0x55555b89e8c0;  1 drivers
v0x55555b7349b0_0 .net "out", 0 0, L_0x55555b89e780;  1 drivers
v0x55555b733ca0_0 .net "sel", 0 0, L_0x55555b8a1430;  alias, 1 drivers
L_0x55555b89e780 .functor MUXZ 1, L_0x55555b89e820, L_0x55555b89e8c0, L_0x55555b8a1430, C4<>;
S_0x55555b4206c0 .scope generate, "gen_mux[6]" "gen_mux[6]" 21 19, 21 19 0, S_0x55555b41b7c0;
 .timescale -12 -12;
P_0x55555b4208a0 .param/l "i" 1 21 19, +C4<0110>;
S_0x55555b420980 .scope module, "mux_inst" "Mux" 21 20, 22 8 0, S_0x55555b4206c0;
 .timescale -12 -12;
    .port_info 0 /INPUT 1 "a";
    .port_info 1 /INPUT 1 "b";
    .port_info 2 /INPUT 1 "sel";
    .port_info 3 /OUTPUT 1 "out";
v0x55555b420b60_0 .net "a", 0 0, L_0x55555b89eac0;  1 drivers
v0x55555b733910_0 .net "b", 0 0, L_0x55555b89ebb0;  1 drivers
v0x55555b7339d0_0 .net "out", 0 0, L_0x55555b89ea20;  1 drivers
v0x55555b732ca0_0 .net "sel", 0 0, L_0x55555b8a1430;  alias, 1 drivers
L_0x55555b89ea20 .functor MUXZ 1, L_0x55555b89eac0, L_0x55555b89ebb0, L_0x55555b8a1430, C4<>;
S_0x55555b416d90 .scope generate, "gen_mux[7]" "gen_mux[7]" 21 19, 21 19 0, S_0x55555b41b7c0;
 .timescale -12 -12;
P_0x55555b416f40 .param/l "i" 1 21 19, +C4<0111>;
S_0x55555b417020 .scope module, "mux_inst" "Mux" 21 20, 22 8 0, S_0x55555b416d90;
 .timescale -12 -12;
    .port_info 0 /INPUT 1 "a";
    .port_info 1 /INPUT 1 "b";
    .port_info 2 /INPUT 1 "sel";
    .port_info 3 /OUTPUT 1 "out";
v0x55555b417200_0 .net "a", 0 0, L_0x55555b89edc0;  1 drivers
v0x55555b732910_0 .net "b", 0 0, L_0x55555b89eeb0;  1 drivers
v0x55555b7329d0_0 .net "out", 0 0, L_0x55555b89ed20;  1 drivers
v0x55555b731ca0_0 .net "sel", 0 0, L_0x55555b8a1430;  alias, 1 drivers
L_0x55555b89ed20 .functor MUXZ 1, L_0x55555b89edc0, L_0x55555b89eeb0, L_0x55555b8a1430, C4<>;
S_0x55555b415a40 .scope generate, "gen_mux[8]" "gen_mux[8]" 21 19, 21 19 0, S_0x55555b41b7c0;
 .timescale -12 -12;
P_0x55555b41e9b0 .param/l "i" 1 21 19, +C4<01000>;
S_0x55555b415cb0 .scope module, "mux_inst" "Mux" 21 20, 22 8 0, S_0x55555b415a40;
 .timescale -12 -12;
    .port_info 0 /INPUT 1 "a";
    .port_info 1 /INPUT 1 "b";
    .port_info 2 /INPUT 1 "sel";
    .port_info 3 /OUTPUT 1 "out";
v0x55555b415e90_0 .net "a", 0 0, L_0x55555b89f0d0;  1 drivers
v0x55555b731910_0 .net "b", 0 0, L_0x55555b89f1c0;  1 drivers
v0x55555b7319b0_0 .net "out", 0 0, L_0x55555b89f030;  1 drivers
v0x55555b730ca0_0 .net "sel", 0 0, L_0x55555b8a1430;  alias, 1 drivers
L_0x55555b89f030 .functor MUXZ 1, L_0x55555b89f0d0, L_0x55555b89f1c0, L_0x55555b8a1430, C4<>;
S_0x55555b411ea0 .scope generate, "gen_mux[9]" "gen_mux[9]" 21 19, 21 19 0, S_0x55555b41b7c0;
 .timescale -12 -12;
P_0x55555b412050 .param/l "i" 1 21 19, +C4<01001>;
S_0x55555b412130 .scope module, "mux_inst" "Mux" 21 20, 22 8 0, S_0x55555b411ea0;
 .timescale -12 -12;
    .port_info 0 /INPUT 1 "a";
    .port_info 1 /INPUT 1 "b";
    .port_info 2 /INPUT 1 "sel";
    .port_info 3 /OUTPUT 1 "out";
v0x55555b412310_0 .net "a", 0 0, L_0x55555b89f3f0;  1 drivers
v0x55555b730d40_0 .net "b", 0 0, L_0x55555b89f4e0;  1 drivers
v0x55555b730910_0 .net "out", 0 0, L_0x55555b89f350;  1 drivers
v0x55555b72fca0_0 .net "sel", 0 0, L_0x55555b8a1430;  alias, 1 drivers
L_0x55555b89f350 .functor MUXZ 1, L_0x55555b89f3f0, L_0x55555b89f4e0, L_0x55555b8a1430, C4<>;
S_0x55555b40e2b0 .scope generate, "gen_mux[10]" "gen_mux[10]" 21 19, 21 19 0, S_0x55555b41b7c0;
 .timescale -12 -12;
P_0x55555b40e460 .param/l "i" 1 21 19, +C4<01010>;
S_0x55555b40e540 .scope module, "mux_inst" "Mux" 21 20, 22 8 0, S_0x55555b40e2b0;
 .timescale -12 -12;
    .port_info 0 /INPUT 1 "a";
    .port_info 1 /INPUT 1 "b";
    .port_info 2 /INPUT 1 "sel";
    .port_info 3 /OUTPUT 1 "out";
v0x55555b40e720_0 .net "a", 0 0, L_0x55555b89f680;  1 drivers
v0x55555b72f910_0 .net "b", 0 0, L_0x55555b89f770;  1 drivers
v0x55555b72f9d0_0 .net "out", 0 0, L_0x55555b89f2b0;  1 drivers
v0x55555b72eca0_0 .net "sel", 0 0, L_0x55555b8a1430;  alias, 1 drivers
L_0x55555b89f2b0 .functor MUXZ 1, L_0x55555b89f680, L_0x55555b89f770, L_0x55555b8a1430, C4<>;
S_0x55555b413d90 .scope generate, "gen_mux[11]" "gen_mux[11]" 21 19, 21 19 0, S_0x55555b41b7c0;
 .timescale -12 -12;
P_0x55555b413f70 .param/l "i" 1 21 19, +C4<01011>;
S_0x55555b414050 .scope module, "mux_inst" "Mux" 21 20, 22 8 0, S_0x55555b413d90;
 .timescale -12 -12;
    .port_info 0 /INPUT 1 "a";
    .port_info 1 /INPUT 1 "b";
    .port_info 2 /INPUT 1 "sel";
    .port_info 3 /OUTPUT 1 "out";
v0x55555b414230_0 .net "a", 0 0, L_0x55555b89f920;  1 drivers
v0x55555b72e910_0 .net "b", 0 0, L_0x55555b89fa10;  1 drivers
v0x55555b72e9d0_0 .net "out", 0 0, L_0x55555b89f5d0;  1 drivers
v0x55555b72dca0_0 .net "sel", 0 0, L_0x55555b8a1430;  alias, 1 drivers
L_0x55555b89f5d0 .functor MUXZ 1, L_0x55555b89f920, L_0x55555b89fa10, L_0x55555b8a1430, C4<>;
S_0x55555b4101f0 .scope generate, "gen_mux[12]" "gen_mux[12]" 21 19, 21 19 0, S_0x55555b41b7c0;
 .timescale -12 -12;
P_0x55555b4103d0 .param/l "i" 1 21 19, +C4<01100>;
S_0x55555b4104b0 .scope module, "mux_inst" "Mux" 21 20, 22 8 0, S_0x55555b4101f0;
 .timescale -12 -12;
    .port_info 0 /INPUT 1 "a";
    .port_info 1 /INPUT 1 "b";
    .port_info 2 /INPUT 1 "sel";
    .port_info 3 /OUTPUT 1 "out";
v0x55555b410690_0 .net "a", 0 0, L_0x55555b89fc70;  1 drivers
v0x55555b72d910_0 .net "b", 0 0, L_0x55555b89fd60;  1 drivers
v0x55555b72d9d0_0 .net "out", 0 0, L_0x55555b89fbd0;  1 drivers
v0x55555b72cca0_0 .net "sel", 0 0, L_0x55555b8a1430;  alias, 1 drivers
L_0x55555b89fbd0 .functor MUXZ 1, L_0x55555b89fc70, L_0x55555b89fd60, L_0x55555b8a1430, C4<>;
S_0x55555b406870 .scope generate, "gen_mux[13]" "gen_mux[13]" 21 19, 21 19 0, S_0x55555b41b7c0;
 .timescale -12 -12;
P_0x55555b406a50 .param/l "i" 1 21 19, +C4<01101>;
S_0x55555b406b30 .scope module, "mux_inst" "Mux" 21 20, 22 8 0, S_0x55555b406870;
 .timescale -12 -12;
    .port_info 0 /INPUT 1 "a";
    .port_info 1 /INPUT 1 "b";
    .port_info 2 /INPUT 1 "sel";
    .port_info 3 /OUTPUT 1 "out";
v0x55555b406d10_0 .net "a", 0 0, L_0x55555b89ff30;  1 drivers
v0x55555b72c910_0 .net "b", 0 0, L_0x55555b89ffd0;  1 drivers
v0x55555b72c9d0_0 .net "out", 0 0, L_0x55555b89fb00;  1 drivers
v0x55555b72bca0_0 .net "sel", 0 0, L_0x55555b8a1430;  alias, 1 drivers
L_0x55555b89fb00 .functor MUXZ 1, L_0x55555b89ff30, L_0x55555b89ffd0, L_0x55555b8a1430, C4<>;
S_0x55555b4055d0 .scope generate, "gen_mux[14]" "gen_mux[14]" 21 19, 21 19 0, S_0x55555b41b7c0;
 .timescale -12 -12;
P_0x55555b4057b0 .param/l "i" 1 21 19, +C4<01110>;
S_0x55555b405890 .scope module, "mux_inst" "Mux" 21 20, 22 8 0, S_0x55555b4055d0;
 .timescale -12 -12;
    .port_info 0 /INPUT 1 "a";
    .port_info 1 /INPUT 1 "b";
    .port_info 2 /INPUT 1 "sel";
    .port_info 3 /OUTPUT 1 "out";
v0x55555b405a70_0 .net "a", 0 0, L_0x55555b8a0410;  1 drivers
v0x55555b72b910_0 .net "b", 0 0, L_0x55555b8a0500;  1 drivers
v0x55555b72b9d0_0 .net "out", 0 0, L_0x55555b8a0370;  1 drivers
v0x55555b72aca0_0 .net "sel", 0 0, L_0x55555b8a1430;  alias, 1 drivers
L_0x55555b8a0370 .functor MUXZ 1, L_0x55555b8a0410, L_0x55555b8a0500, L_0x55555b8a1430, C4<>;
S_0x55555b491270 .scope generate, "gen_mux[15]" "gen_mux[15]" 21 19, 21 19 0, S_0x55555b41b7c0;
 .timescale -12 -12;
P_0x55555b491450 .param/l "i" 1 21 19, +C4<01111>;
S_0x55555b491530 .scope module, "mux_inst" "Mux" 21 20, 22 8 0, S_0x55555b491270;
 .timescale -12 -12;
    .port_info 0 /INPUT 1 "a";
    .port_info 1 /INPUT 1 "b";
    .port_info 2 /INPUT 1 "sel";
    .port_info 3 /OUTPUT 1 "out";
v0x55555b491710_0 .net "a", 0 0, L_0x55555b8a0ba0;  1 drivers
v0x55555b72a910_0 .net "b", 0 0, L_0x55555b8a0c90;  1 drivers
v0x55555b72a9d0_0 .net "out", 0 0, L_0x55555b8a06f0;  1 drivers
v0x55555b729da0_0 .net "sel", 0 0, L_0x55555b8a1430;  alias, 1 drivers
L_0x55555b8a06f0 .functor MUXZ 1, L_0x55555b8a0ba0, L_0x55555b8a0c90, L_0x55555b8a1430, C4<>;
S_0x55555b8202b0 .scope module, "m2" "Mux16" 20 26, 21 8 0, S_0x55555b41b610;
 .timescale -12 -12;
    .port_info 0 /INPUT 16 "a";
    .port_info 1 /INPUT 16 "b";
    .port_info 2 /INPUT 1 "sel";
    .port_info 3 /OUTPUT 16 "out";
v0x55555b6da390_0 .net "a", 15 0, o0x7fda0e7abb38;  alias, 0 drivers
v0x55555b6d98b0_0 .net "b", 15 0, o0x7fda0e7abb68;  alias, 0 drivers
v0x55555b6d8dd0_0 .net "out", 15 0, L_0x55555b8a47d0;  alias, 1 drivers
v0x55555b6d8e90_0 .net "sel", 0 0, L_0x55555b8a4d70;  1 drivers
L_0x55555b8a1570 .part o0x7fda0e7abb38, 0, 1;
L_0x55555b8a1660 .part o0x7fda0e7abb68, 0, 1;
L_0x55555b8a17f0 .part o0x7fda0e7abb38, 1, 1;
L_0x55555b8a18e0 .part o0x7fda0e7abb68, 1, 1;
L_0x55555b8a1a20 .part o0x7fda0e7abb38, 2, 1;
L_0x55555b8a1ac0 .part o0x7fda0e7abb68, 2, 1;
L_0x55555b8a1c50 .part o0x7fda0e7abb38, 3, 1;
L_0x55555b8a1d40 .part o0x7fda0e7abb68, 3, 1;
L_0x55555b8a1f20 .part o0x7fda0e7abb38, 4, 1;
L_0x55555b8a2010 .part o0x7fda0e7abb68, 4, 1;
L_0x55555b8a2200 .part o0x7fda0e7abb38, 5, 1;
L_0x55555b8a22a0 .part o0x7fda0e7abb68, 5, 1;
L_0x55555b8a24a0 .part o0x7fda0e7abb38, 6, 1;
L_0x55555b8a2590 .part o0x7fda0e7abb68, 6, 1;
L_0x55555b8a27a0 .part o0x7fda0e7abb38, 7, 1;
L_0x55555b8a2890 .part o0x7fda0e7abb68, 7, 1;
L_0x55555b8a2ab0 .part o0x7fda0e7abb38, 8, 1;
L_0x55555b8a2ba0 .part o0x7fda0e7abb68, 8, 1;
L_0x55555b8a2dd0 .part o0x7fda0e7abb38, 9, 1;
L_0x55555b8a2ec0 .part o0x7fda0e7abb68, 9, 1;
L_0x55555b8a3060 .part o0x7fda0e7abb38, 10, 1;
L_0x55555b8a3150 .part o0x7fda0e7abb68, 10, 1;
L_0x55555b8a3300 .part o0x7fda0e7abb38, 11, 1;
L_0x55555b8a33f0 .part o0x7fda0e7abb68, 11, 1;
L_0x55555b8a3650 .part o0x7fda0e7abb38, 12, 1;
L_0x55555b8a3740 .part o0x7fda0e7abb68, 12, 1;
L_0x55555b8a3910 .part o0x7fda0e7abb38, 13, 1;
L_0x55555b8a3a00 .part o0x7fda0e7abb68, 13, 1;
L_0x55555b8a3df0 .part o0x7fda0e7abb38, 14, 1;
L_0x55555b8a3ee0 .part o0x7fda0e7abb68, 14, 1;
L_0x55555b8a4580 .part o0x7fda0e7abb38, 15, 1;
L_0x55555b8a4620 .part o0x7fda0e7abb68, 15, 1;
LS_0x55555b8a47d0_0_0 .concat8 [ 1 1 1 1], L_0x55555b8a14d0, L_0x55555b8a1750, L_0x55555b8a1980, L_0x55555b8a1bb0;
LS_0x55555b8a47d0_0_4 .concat8 [ 1 1 1 1], L_0x55555b8a1e80, L_0x55555b8a2160, L_0x55555b8a2400, L_0x55555b8a2700;
LS_0x55555b8a47d0_0_8 .concat8 [ 1 1 1 1], L_0x55555b8a2a10, L_0x55555b8a2d30, L_0x55555b8a2c90, L_0x55555b8a2fb0;
LS_0x55555b8a47d0_0_12 .concat8 [ 1 1 1 1], L_0x55555b8a35b0, L_0x55555b8a34e0, L_0x55555b8a3830, L_0x55555b8a40d0;
L_0x55555b8a47d0 .concat8 [ 4 4 4 4], LS_0x55555b8a47d0_0_0, LS_0x55555b8a47d0_0_4, LS_0x55555b8a47d0_0_8, LS_0x55555b8a47d0_0_12;
S_0x55555b820440 .scope generate, "gen_mux[0]" "gen_mux[0]" 21 19, 21 19 0, S_0x55555b8202b0;
 .timescale -12 -12;
P_0x55555b7941e0 .param/l "i" 1 21 19, +C4<00>;
S_0x55555b8205d0 .scope module, "mux_inst" "Mux" 21 20, 22 8 0, S_0x55555b820440;
 .timescale -12 -12;
    .port_info 0 /INPUT 1 "a";
    .port_info 1 /INPUT 1 "b";
    .port_info 2 /INPUT 1 "sel";
    .port_info 3 /OUTPUT 1 "out";
v0x55555b727700_0 .net "a", 0 0, L_0x55555b8a1570;  1 drivers
v0x55555b727370_0 .net "b", 0 0, L_0x55555b8a1660;  1 drivers
v0x55555b727430_0 .net "out", 0 0, L_0x55555b8a14d0;  1 drivers
v0x55555b726700_0 .net "sel", 0 0, L_0x55555b8a4d70;  alias, 1 drivers
L_0x55555b8a14d0 .functor MUXZ 1, L_0x55555b8a1570, L_0x55555b8a1660, L_0x55555b8a4d70, C4<>;
S_0x55555b820760 .scope generate, "gen_mux[1]" "gen_mux[1]" 21 19, 21 19 0, S_0x55555b8202b0;
 .timescale -12 -12;
P_0x55555b799e80 .param/l "i" 1 21 19, +C4<01>;
S_0x55555b8208f0 .scope module, "mux_inst" "Mux" 21 20, 22 8 0, S_0x55555b820760;
 .timescale -12 -12;
    .port_info 0 /INPUT 1 "a";
    .port_info 1 /INPUT 1 "b";
    .port_info 2 /INPUT 1 "sel";
    .port_info 3 /OUTPUT 1 "out";
v0x55555b726370_0 .net "a", 0 0, L_0x55555b8a17f0;  1 drivers
v0x55555b726430_0 .net "b", 0 0, L_0x55555b8a18e0;  1 drivers
v0x55555b725700_0 .net "out", 0 0, L_0x55555b8a1750;  1 drivers
v0x55555b7257d0_0 .net "sel", 0 0, L_0x55555b8a4d70;  alias, 1 drivers
L_0x55555b8a1750 .functor MUXZ 1, L_0x55555b8a17f0, L_0x55555b8a18e0, L_0x55555b8a4d70, C4<>;
S_0x55555b820a80 .scope generate, "gen_mux[2]" "gen_mux[2]" 21 19, 21 19 0, S_0x55555b8202b0;
 .timescale -12 -12;
P_0x55555b7a7fa0 .param/l "i" 1 21 19, +C4<010>;
S_0x55555b820c10 .scope module, "mux_inst" "Mux" 21 20, 22 8 0, S_0x55555b820a80;
 .timescale -12 -12;
    .port_info 0 /INPUT 1 "a";
    .port_info 1 /INPUT 1 "b";
    .port_info 2 /INPUT 1 "sel";
    .port_info 3 /OUTPUT 1 "out";
v0x55555b725370_0 .net "a", 0 0, L_0x55555b8a1a20;  1 drivers
v0x55555b725410_0 .net "b", 0 0, L_0x55555b8a1ac0;  1 drivers
v0x55555b724700_0 .net "out", 0 0, L_0x55555b8a1980;  1 drivers
v0x55555b724370_0 .net "sel", 0 0, L_0x55555b8a4d70;  alias, 1 drivers
L_0x55555b8a1980 .functor MUXZ 1, L_0x55555b8a1a20, L_0x55555b8a1ac0, L_0x55555b8a4d70, C4<>;
S_0x55555b820da0 .scope generate, "gen_mux[3]" "gen_mux[3]" 21 19, 21 19 0, S_0x55555b8202b0;
 .timescale -12 -12;
P_0x55555b7abbf0 .param/l "i" 1 21 19, +C4<011>;
S_0x55555b820f30 .scope module, "mux_inst" "Mux" 21 20, 22 8 0, S_0x55555b820da0;
 .timescale -12 -12;
    .port_info 0 /INPUT 1 "a";
    .port_info 1 /INPUT 1 "b";
    .port_info 2 /INPUT 1 "sel";
    .port_info 3 /OUTPUT 1 "out";
v0x55555b723700_0 .net "a", 0 0, L_0x55555b8a1c50;  1 drivers
v0x55555b7237c0_0 .net "b", 0 0, L_0x55555b8a1d40;  1 drivers
v0x55555b723370_0 .net "out", 0 0, L_0x55555b8a1bb0;  1 drivers
v0x55555b723410_0 .net "sel", 0 0, L_0x55555b8a4d70;  alias, 1 drivers
L_0x55555b8a1bb0 .functor MUXZ 1, L_0x55555b8a1c50, L_0x55555b8a1d40, L_0x55555b8a4d70, C4<>;
S_0x55555b8210c0 .scope generate, "gen_mux[4]" "gen_mux[4]" 21 19, 21 19 0, S_0x55555b8202b0;
 .timescale -12 -12;
P_0x55555b7af840 .param/l "i" 1 21 19, +C4<0100>;
S_0x55555b821250 .scope module, "mux_inst" "Mux" 21 20, 22 8 0, S_0x55555b8210c0;
 .timescale -12 -12;
    .port_info 0 /INPUT 1 "a";
    .port_info 1 /INPUT 1 "b";
    .port_info 2 /INPUT 1 "sel";
    .port_info 3 /OUTPUT 1 "out";
v0x55555b722700_0 .net "a", 0 0, L_0x55555b8a1f20;  1 drivers
v0x55555b7227a0_0 .net "b", 0 0, L_0x55555b8a2010;  1 drivers
v0x55555b722370_0 .net "out", 0 0, L_0x55555b8a1e80;  1 drivers
v0x55555b722430_0 .net "sel", 0 0, L_0x55555b8a4d70;  alias, 1 drivers
L_0x55555b8a1e80 .functor MUXZ 1, L_0x55555b8a1f20, L_0x55555b8a2010, L_0x55555b8a4d70, C4<>;
S_0x55555b8213e0 .scope generate, "gen_mux[5]" "gen_mux[5]" 21 19, 21 19 0, S_0x55555b8202b0;
 .timescale -12 -12;
P_0x55555b7d74e0 .param/l "i" 1 21 19, +C4<0101>;
S_0x55555b821570 .scope module, "mux_inst" "Mux" 21 20, 22 8 0, S_0x55555b8213e0;
 .timescale -12 -12;
    .port_info 0 /INPUT 1 "a";
    .port_info 1 /INPUT 1 "b";
    .port_info 2 /INPUT 1 "sel";
    .port_info 3 /OUTPUT 1 "out";
v0x55555b721700_0 .net "a", 0 0, L_0x55555b8a2200;  1 drivers
v0x55555b7217c0_0 .net "b", 0 0, L_0x55555b8a22a0;  1 drivers
v0x55555b721370_0 .net "out", 0 0, L_0x55555b8a2160;  1 drivers
v0x55555b720700_0 .net "sel", 0 0, L_0x55555b8a4d70;  alias, 1 drivers
L_0x55555b8a2160 .functor MUXZ 1, L_0x55555b8a2200, L_0x55555b8a22a0, L_0x55555b8a4d70, C4<>;
S_0x55555b821700 .scope generate, "gen_mux[6]" "gen_mux[6]" 21 19, 21 19 0, S_0x55555b8202b0;
 .timescale -12 -12;
P_0x55555b7dce30 .param/l "i" 1 21 19, +C4<0110>;
S_0x55555b821890 .scope module, "mux_inst" "Mux" 21 20, 22 8 0, S_0x55555b821700;
 .timescale -12 -12;
    .port_info 0 /INPUT 1 "a";
    .port_info 1 /INPUT 1 "b";
    .port_info 2 /INPUT 1 "sel";
    .port_info 3 /OUTPUT 1 "out";
v0x55555b720370_0 .net "a", 0 0, L_0x55555b8a24a0;  1 drivers
v0x55555b71f700_0 .net "b", 0 0, L_0x55555b8a2590;  1 drivers
v0x55555b71f7c0_0 .net "out", 0 0, L_0x55555b8a2400;  1 drivers
v0x55555b71f370_0 .net "sel", 0 0, L_0x55555b8a4d70;  alias, 1 drivers
L_0x55555b8a2400 .functor MUXZ 1, L_0x55555b8a24a0, L_0x55555b8a2590, L_0x55555b8a4d70, C4<>;
S_0x55555b821a20 .scope generate, "gen_mux[7]" "gen_mux[7]" 21 19, 21 19 0, S_0x55555b8202b0;
 .timescale -12 -12;
P_0x55555b809b30 .param/l "i" 1 21 19, +C4<0111>;
S_0x55555b821bb0 .scope module, "mux_inst" "Mux" 21 20, 22 8 0, S_0x55555b821a20;
 .timescale -12 -12;
    .port_info 0 /INPUT 1 "a";
    .port_info 1 /INPUT 1 "b";
    .port_info 2 /INPUT 1 "sel";
    .port_info 3 /OUTPUT 1 "out";
v0x55555b71e700_0 .net "a", 0 0, L_0x55555b8a27a0;  1 drivers
v0x55555b71e7a0_0 .net "b", 0 0, L_0x55555b8a2890;  1 drivers
v0x55555b71e370_0 .net "out", 0 0, L_0x55555b8a2700;  1 drivers
v0x55555b71d700_0 .net "sel", 0 0, L_0x55555b8a4d70;  alias, 1 drivers
L_0x55555b8a2700 .functor MUXZ 1, L_0x55555b8a27a0, L_0x55555b8a2890, L_0x55555b8a4d70, C4<>;
S_0x55555b821d40 .scope generate, "gen_mux[8]" "gen_mux[8]" 21 19, 21 19 0, S_0x55555b8202b0;
 .timescale -12 -12;
P_0x55555b7a6780 .param/l "i" 1 21 19, +C4<01000>;
S_0x55555b821ed0 .scope module, "mux_inst" "Mux" 21 20, 22 8 0, S_0x55555b821d40;
 .timescale -12 -12;
    .port_info 0 /INPUT 1 "a";
    .port_info 1 /INPUT 1 "b";
    .port_info 2 /INPUT 1 "sel";
    .port_info 3 /OUTPUT 1 "out";
v0x55555b71d370_0 .net "a", 0 0, L_0x55555b8a2ab0;  1 drivers
v0x55555b71d430_0 .net "b", 0 0, L_0x55555b8a2ba0;  1 drivers
v0x55555b71c700_0 .net "out", 0 0, L_0x55555b8a2a10;  1 drivers
v0x55555b71c7d0_0 .net "sel", 0 0, L_0x55555b8a4d70;  alias, 1 drivers
L_0x55555b8a2a10 .functor MUXZ 1, L_0x55555b8a2ab0, L_0x55555b8a2ba0, L_0x55555b8a4d70, C4<>;
S_0x55555b822060 .scope generate, "gen_mux[9]" "gen_mux[9]" 21 19, 21 19 0, S_0x55555b8202b0;
 .timescale -12 -12;
P_0x55555b731f90 .param/l "i" 1 21 19, +C4<01001>;
S_0x55555b8221f0 .scope module, "mux_inst" "Mux" 21 20, 22 8 0, S_0x55555b822060;
 .timescale -12 -12;
    .port_info 0 /INPUT 1 "a";
    .port_info 1 /INPUT 1 "b";
    .port_info 2 /INPUT 1 "sel";
    .port_info 3 /OUTPUT 1 "out";
v0x55555b71c370_0 .net "a", 0 0, L_0x55555b8a2dd0;  1 drivers
v0x55555b71b700_0 .net "b", 0 0, L_0x55555b8a2ec0;  1 drivers
v0x55555b71b7c0_0 .net "out", 0 0, L_0x55555b8a2d30;  1 drivers
v0x55555b71b370_0 .net "sel", 0 0, L_0x55555b8a4d70;  alias, 1 drivers
L_0x55555b8a2d30 .functor MUXZ 1, L_0x55555b8a2dd0, L_0x55555b8a2ec0, L_0x55555b8a4d70, C4<>;
S_0x55555b822380 .scope generate, "gen_mux[10]" "gen_mux[10]" 21 19, 21 19 0, S_0x55555b8202b0;
 .timescale -12 -12;
P_0x55555b6ef1a0 .param/l "i" 1 21 19, +C4<01010>;
S_0x55555b822510 .scope module, "mux_inst" "Mux" 21 20, 22 8 0, S_0x55555b822380;
 .timescale -12 -12;
    .port_info 0 /INPUT 1 "a";
    .port_info 1 /INPUT 1 "b";
    .port_info 2 /INPUT 1 "sel";
    .port_info 3 /OUTPUT 1 "out";
v0x55555b71a700_0 .net "a", 0 0, L_0x55555b8a3060;  1 drivers
v0x55555b71a370_0 .net "b", 0 0, L_0x55555b8a3150;  1 drivers
v0x55555b71a430_0 .net "out", 0 0, L_0x55555b8a2c90;  1 drivers
v0x55555b7196b0_0 .net "sel", 0 0, L_0x55555b8a4d70;  alias, 1 drivers
L_0x55555b8a2c90 .functor MUXZ 1, L_0x55555b8a3060, L_0x55555b8a3150, L_0x55555b8a4d70, C4<>;
S_0x55555b8226a0 .scope generate, "gen_mux[11]" "gen_mux[11]" 21 19, 21 19 0, S_0x55555b8202b0;
 .timescale -12 -12;
P_0x55555b777210 .param/l "i" 1 21 19, +C4<01011>;
S_0x55555b822830 .scope module, "mux_inst" "Mux" 21 20, 22 8 0, S_0x55555b8226a0;
 .timescale -12 -12;
    .port_info 0 /INPUT 1 "a";
    .port_info 1 /INPUT 1 "b";
    .port_info 2 /INPUT 1 "sel";
    .port_info 3 /OUTPUT 1 "out";
v0x55555b7064f0_0 .net "a", 0 0, L_0x55555b8a3300;  1 drivers
v0x55555b6f5120_0 .net "b", 0 0, L_0x55555b8a33f0;  1 drivers
v0x55555b6f51e0_0 .net "out", 0 0, L_0x55555b8a2fb0;  1 drivers
v0x55555b6f0040_0 .net "sel", 0 0, L_0x55555b8a4d70;  alias, 1 drivers
L_0x55555b8a2fb0 .functor MUXZ 1, L_0x55555b8a3300, L_0x55555b8a33f0, L_0x55555b8a4d70, C4<>;
S_0x55555b8229c0 .scope generate, "gen_mux[12]" "gen_mux[12]" 21 19, 21 19 0, S_0x55555b8202b0;
 .timescale -12 -12;
P_0x55555b7247f0 .param/l "i" 1 21 19, +C4<01100>;
S_0x55555b822b50 .scope module, "mux_inst" "Mux" 21 20, 22 8 0, S_0x55555b8229c0;
 .timescale -12 -12;
    .port_info 0 /INPUT 1 "a";
    .port_info 1 /INPUT 1 "b";
    .port_info 2 /INPUT 1 "sel";
    .port_info 3 /OUTPUT 1 "out";
v0x55555b6e6e00_0 .net "a", 0 0, L_0x55555b8a3650;  1 drivers
v0x55555b6e5900_0 .net "b", 0 0, L_0x55555b8a3740;  1 drivers
v0x55555b6e59c0_0 .net "out", 0 0, L_0x55555b8a35b0;  1 drivers
v0x55555b6e4400_0 .net "sel", 0 0, L_0x55555b8a4d70;  alias, 1 drivers
L_0x55555b8a35b0 .functor MUXZ 1, L_0x55555b8a3650, L_0x55555b8a3740, L_0x55555b8a4d70, C4<>;
S_0x55555b822ce0 .scope generate, "gen_mux[13]" "gen_mux[13]" 21 19, 21 19 0, S_0x55555b8202b0;
 .timescale -12 -12;
P_0x55555b75e6c0 .param/l "i" 1 21 19, +C4<01101>;
S_0x55555b822e70 .scope module, "mux_inst" "Mux" 21 20, 22 8 0, S_0x55555b822ce0;
 .timescale -12 -12;
    .port_info 0 /INPUT 1 "a";
    .port_info 1 /INPUT 1 "b";
    .port_info 2 /INPUT 1 "sel";
    .port_info 3 /OUTPUT 1 "out";
v0x55555b6e2f00_0 .net "a", 0 0, L_0x55555b8a3910;  1 drivers
v0x55555b6e16b0_0 .net "b", 0 0, L_0x55555b8a3a00;  1 drivers
v0x55555b6e1770_0 .net "out", 0 0, L_0x55555b8a34e0;  1 drivers
v0x55555b6e02a0_0 .net "sel", 0 0, L_0x55555b8a4d70;  alias, 1 drivers
L_0x55555b8a34e0 .functor MUXZ 1, L_0x55555b8a3910, L_0x55555b8a3a00, L_0x55555b8a4d70, C4<>;
S_0x55555b823000 .scope generate, "gen_mux[14]" "gen_mux[14]" 21 19, 21 19 0, S_0x55555b8202b0;
 .timescale -12 -12;
P_0x55555b75a6c0 .param/l "i" 1 21 19, +C4<01110>;
S_0x55555b823190 .scope module, "mux_inst" "Mux" 21 20, 22 8 0, S_0x55555b823000;
 .timescale -12 -12;
    .port_info 0 /INPUT 1 "a";
    .port_info 1 /INPUT 1 "b";
    .port_info 2 /INPUT 1 "sel";
    .port_info 3 /OUTPUT 1 "out";
v0x55555b6def10_0 .net "a", 0 0, L_0x55555b8a3df0;  1 drivers
v0x55555b6dd9f0_0 .net "b", 0 0, L_0x55555b8a3ee0;  1 drivers
v0x55555b6ddab0_0 .net "out", 0 0, L_0x55555b8a3830;  1 drivers
v0x55555b6dcf10_0 .net "sel", 0 0, L_0x55555b8a4d70;  alias, 1 drivers
L_0x55555b8a3830 .functor MUXZ 1, L_0x55555b8a3df0, L_0x55555b8a3ee0, L_0x55555b8a4d70, C4<>;
S_0x55555b823320 .scope generate, "gen_mux[15]" "gen_mux[15]" 21 19, 21 19 0, S_0x55555b8202b0;
 .timescale -12 -12;
P_0x55555b74d190 .param/l "i" 1 21 19, +C4<01111>;
S_0x55555b8234b0 .scope module, "mux_inst" "Mux" 21 20, 22 8 0, S_0x55555b823320;
 .timescale -12 -12;
    .port_info 0 /INPUT 1 "a";
    .port_info 1 /INPUT 1 "b";
    .port_info 2 /INPUT 1 "sel";
    .port_info 3 /OUTPUT 1 "out";
v0x55555b6dc430_0 .net "a", 0 0, L_0x55555b8a4580;  1 drivers
v0x55555b6db950_0 .net "b", 0 0, L_0x55555b8a4620;  1 drivers
v0x55555b6dba10_0 .net "out", 0 0, L_0x55555b8a40d0;  1 drivers
v0x55555b6dae70_0 .net "sel", 0 0, L_0x55555b8a4d70;  alias, 1 drivers
L_0x55555b8a40d0 .functor MUXZ 1, L_0x55555b8a4580, L_0x55555b8a4620, L_0x55555b8a4d70, C4<>;
S_0x55555b823850 .scope module, "m3" "Mux16" 20 28, 21 8 0, S_0x55555b41b610;
 .timescale -12 -12;
    .port_info 0 /INPUT 16 "a";
    .port_info 1 /INPUT 16 "b";
    .port_info 2 /INPUT 1 "sel";
    .port_info 3 /OUTPUT 16 "out";
v0x55555b7980f0_0 .net "a", 15 0, L_0x55555b8a0e90;  alias, 1 drivers
v0x55555b7981b0_0 .net "b", 15 0, L_0x55555b8a47d0;  alias, 1 drivers
v0x55555b797180_0 .net "out", 15 0, L_0x55555b8a78c0;  alias, 1 drivers
v0x55555b797250_0 .net "sel", 0 0, L_0x55555b8a8430;  1 drivers
L_0x55555b8a4f00 .part L_0x55555b8a0e90, 0, 1;
L_0x55555b8a4ff0 .part L_0x55555b8a47d0, 0, 1;
L_0x55555b8a5130 .part L_0x55555b8a0e90, 1, 1;
L_0x55555b8a51d0 .part L_0x55555b8a47d0, 1, 1;
L_0x55555b8a5360 .part L_0x55555b8a0e90, 2, 1;
L_0x55555b8a5450 .part L_0x55555b8a47d0, 2, 1;
L_0x55555b8a55e0 .part L_0x55555b8a0e90, 3, 1;
L_0x55555b8a56d0 .part L_0x55555b8a47d0, 3, 1;
L_0x55555b8a58b0 .part L_0x55555b8a0e90, 4, 1;
L_0x55555b8a59a0 .part L_0x55555b8a47d0, 4, 1;
L_0x55555b8a5b90 .part L_0x55555b8a0e90, 5, 1;
L_0x55555b8a5c30 .part L_0x55555b8a47d0, 5, 1;
L_0x55555b8a5e30 .part L_0x55555b8a0e90, 6, 1;
L_0x55555b8a5f20 .part L_0x55555b8a47d0, 6, 1;
L_0x55555b8a6130 .part L_0x55555b8a0e90, 7, 1;
L_0x55555b8a6220 .part L_0x55555b8a47d0, 7, 1;
L_0x55555b8a6440 .part L_0x55555b8a0e90, 8, 1;
L_0x55555b8a6530 .part L_0x55555b8a47d0, 8, 1;
L_0x55555b8a6760 .part L_0x55555b8a0e90, 9, 1;
L_0x55555b8a6850 .part L_0x55555b8a47d0, 9, 1;
L_0x55555b8a69f0 .part L_0x55555b8a0e90, 10, 1;
L_0x55555b8a6ae0 .part L_0x55555b8a47d0, 10, 1;
L_0x55555b8a6c90 .part L_0x55555b8a0e90, 11, 1;
L_0x55555b8a6d80 .part L_0x55555b8a47d0, 11, 1;
L_0x55555b8a6f40 .part L_0x55555b8a0e90, 12, 1;
L_0x55555b8a7030 .part L_0x55555b8a47d0, 12, 1;
L_0x55555b8a7410 .part L_0x55555b8a0e90, 13, 1;
L_0x55555b8a7500 .part L_0x55555b8a47d0, 13, 1;
L_0x55555b8a76e0 .part L_0x55555b8a0e90, 14, 1;
L_0x55555b8a77d0 .part L_0x55555b8a47d0, 14, 1;
L_0x55555b8a7dd0 .part L_0x55555b8a0e90, 15, 1;
L_0x55555b8a7e70 .part L_0x55555b8a47d0, 15, 1;
LS_0x55555b8a78c0_0_0 .concat8 [ 1 1 1 1], L_0x55555b8a4e60, L_0x55555b8a5090, L_0x55555b8a52c0, L_0x55555b8a5540;
LS_0x55555b8a78c0_0_4 .concat8 [ 1 1 1 1], L_0x55555b8a5810, L_0x55555b8a5af0, L_0x55555b8a5d90, L_0x55555b8a6090;
LS_0x55555b8a78c0_0_8 .concat8 [ 1 1 1 1], L_0x55555b8a63a0, L_0x55555b8a66c0, L_0x55555b8a6620, L_0x55555b8a6940;
LS_0x55555b8a78c0_0_12 .concat8 [ 1 1 1 1], L_0x55555b8a6bd0, L_0x55555b8a6e70, L_0x55555b8a7330, L_0x55555b8a75f0;
L_0x55555b8a78c0 .concat8 [ 4 4 4 4], LS_0x55555b8a78c0_0_0, LS_0x55555b8a78c0_0_4, LS_0x55555b8a78c0_0_8, LS_0x55555b8a78c0_0_12;
S_0x55555b8239e0 .scope generate, "gen_mux[0]" "gen_mux[0]" 21 19, 21 19 0, S_0x55555b823850;
 .timescale -12 -12;
P_0x55555b754d30 .param/l "i" 1 21 19, +C4<00>;
S_0x55555b823b70 .scope module, "mux_inst" "Mux" 21 20, 22 8 0, S_0x55555b8239e0;
 .timescale -12 -12;
    .port_info 0 /INPUT 1 "a";
    .port_info 1 /INPUT 1 "b";
    .port_info 2 /INPUT 1 "sel";
    .port_info 3 /OUTPUT 1 "out";
v0x55555b6d82f0_0 .net "a", 0 0, L_0x55555b8a4f00;  1 drivers
v0x55555b6d83b0_0 .net "b", 0 0, L_0x55555b8a4ff0;  1 drivers
v0x55555b6d7810_0 .net "out", 0 0, L_0x55555b8a4e60;  1 drivers
v0x55555b6d78e0_0 .net "sel", 0 0, L_0x55555b8a8430;  alias, 1 drivers
L_0x55555b8a4e60 .functor MUXZ 1, L_0x55555b8a4f00, L_0x55555b8a4ff0, L_0x55555b8a8430, C4<>;
S_0x55555b823d00 .scope generate, "gen_mux[1]" "gen_mux[1]" 21 19, 21 19 0, S_0x55555b823850;
 .timescale -12 -12;
P_0x55555b750d30 .param/l "i" 1 21 19, +C4<01>;
S_0x55555b823e90 .scope module, "mux_inst" "Mux" 21 20, 22 8 0, S_0x55555b823d00;
 .timescale -12 -12;
    .port_info 0 /INPUT 1 "a";
    .port_info 1 /INPUT 1 "b";
    .port_info 2 /INPUT 1 "sel";
    .port_info 3 /OUTPUT 1 "out";
v0x55555b6d6d30_0 .net "a", 0 0, L_0x55555b8a5130;  1 drivers
v0x55555b6d6df0_0 .net "b", 0 0, L_0x55555b8a51d0;  1 drivers
v0x55555b6d6250_0 .net "out", 0 0, L_0x55555b8a5090;  1 drivers
v0x55555b6d6320_0 .net "sel", 0 0, L_0x55555b8a8430;  alias, 1 drivers
L_0x55555b8a5090 .functor MUXZ 1, L_0x55555b8a5130, L_0x55555b8a51d0, L_0x55555b8a8430, C4<>;
S_0x55555b824020 .scope generate, "gen_mux[2]" "gen_mux[2]" 21 19, 21 19 0, S_0x55555b823850;
 .timescale -12 -12;
P_0x55555b74bd60 .param/l "i" 1 21 19, +C4<010>;
S_0x55555b8241b0 .scope module, "mux_inst" "Mux" 21 20, 22 8 0, S_0x55555b824020;
 .timescale -12 -12;
    .port_info 0 /INPUT 1 "a";
    .port_info 1 /INPUT 1 "b";
    .port_info 2 /INPUT 1 "sel";
    .port_info 3 /OUTPUT 1 "out";
v0x55555b6d5770_0 .net "a", 0 0, L_0x55555b8a5360;  1 drivers
v0x55555b6d5830_0 .net "b", 0 0, L_0x55555b8a5450;  1 drivers
v0x55555b6d4ce0_0 .net "out", 0 0, L_0x55555b8a52c0;  1 drivers
v0x55555b6d4db0_0 .net "sel", 0 0, L_0x55555b8a8430;  alias, 1 drivers
L_0x55555b8a52c0 .functor MUXZ 1, L_0x55555b8a5360, L_0x55555b8a5450, L_0x55555b8a8430, C4<>;
S_0x55555b824340 .scope generate, "gen_mux[3]" "gen_mux[3]" 21 19, 21 19 0, S_0x55555b823850;
 .timescale -12 -12;
P_0x55555b744420 .param/l "i" 1 21 19, +C4<011>;
S_0x55555b8244d0 .scope module, "mux_inst" "Mux" 21 20, 22 8 0, S_0x55555b824340;
 .timescale -12 -12;
    .port_info 0 /INPUT 1 "a";
    .port_info 1 /INPUT 1 "b";
    .port_info 2 /INPUT 1 "sel";
    .port_info 3 /OUTPUT 1 "out";
v0x55555b6d44e0_0 .net "a", 0 0, L_0x55555b8a55e0;  1 drivers
v0x55555b6d3430_0 .net "b", 0 0, L_0x55555b8a56d0;  1 drivers
v0x55555b6d34f0_0 .net "out", 0 0, L_0x55555b8a5540;  1 drivers
v0x55555b6d2850_0 .net "sel", 0 0, L_0x55555b8a8430;  alias, 1 drivers
L_0x55555b8a5540 .functor MUXZ 1, L_0x55555b8a55e0, L_0x55555b8a56d0, L_0x55555b8a8430, C4<>;
S_0x55555b824660 .scope generate, "gen_mux[4]" "gen_mux[4]" 21 19, 21 19 0, S_0x55555b823850;
 .timescale -12 -12;
P_0x55555b73e420 .param/l "i" 1 21 19, +C4<0100>;
S_0x55555b8247f0 .scope module, "mux_inst" "Mux" 21 20, 22 8 0, S_0x55555b824660;
 .timescale -12 -12;
    .port_info 0 /INPUT 1 "a";
    .port_info 1 /INPUT 1 "b";
    .port_info 2 /INPUT 1 "sel";
    .port_info 3 /OUTPUT 1 "out";
v0x55555b6d24c0_0 .net "a", 0 0, L_0x55555b8a58b0;  1 drivers
v0x55555b6d18e0_0 .net "b", 0 0, L_0x55555b8a59a0;  1 drivers
v0x55555b6d19a0_0 .net "out", 0 0, L_0x55555b8a5810;  1 drivers
v0x55555b6d1550_0 .net "sel", 0 0, L_0x55555b8a8430;  alias, 1 drivers
L_0x55555b8a5810 .functor MUXZ 1, L_0x55555b8a58b0, L_0x55555b8a59a0, L_0x55555b8a8430, C4<>;
S_0x55555b824980 .scope generate, "gen_mux[5]" "gen_mux[5]" 21 19, 21 19 0, S_0x55555b823850;
 .timescale -12 -12;
P_0x55555b73ffc0 .param/l "i" 1 21 19, +C4<0101>;
S_0x55555b824b10 .scope module, "mux_inst" "Mux" 21 20, 22 8 0, S_0x55555b824980;
 .timescale -12 -12;
    .port_info 0 /INPUT 1 "a";
    .port_info 1 /INPUT 1 "b";
    .port_info 2 /INPUT 1 "sel";
    .port_info 3 /OUTPUT 1 "out";
v0x55555b6d0970_0 .net "a", 0 0, L_0x55555b8a5b90;  1 drivers
v0x55555b6d05e0_0 .net "b", 0 0, L_0x55555b8a5c30;  1 drivers
v0x55555b6d06a0_0 .net "out", 0 0, L_0x55555b8a5af0;  1 drivers
v0x55555b6cfa00_0 .net "sel", 0 0, L_0x55555b8a8430;  alias, 1 drivers
L_0x55555b8a5af0 .functor MUXZ 1, L_0x55555b8a5b90, L_0x55555b8a5c30, L_0x55555b8a8430, C4<>;
S_0x55555b824ca0 .scope generate, "gen_mux[6]" "gen_mux[6]" 21 19, 21 19 0, S_0x55555b823850;
 .timescale -12 -12;
P_0x55555b73bfc0 .param/l "i" 1 21 19, +C4<0110>;
S_0x55555b824e30 .scope module, "mux_inst" "Mux" 21 20, 22 8 0, S_0x55555b824ca0;
 .timescale -12 -12;
    .port_info 0 /INPUT 1 "a";
    .port_info 1 /INPUT 1 "b";
    .port_info 2 /INPUT 1 "sel";
    .port_info 3 /OUTPUT 1 "out";
v0x55555b6cf670_0 .net "a", 0 0, L_0x55555b8a5e30;  1 drivers
v0x55555b6cea90_0 .net "b", 0 0, L_0x55555b8a5f20;  1 drivers
v0x55555b6ceb50_0 .net "out", 0 0, L_0x55555b8a5d90;  1 drivers
v0x55555b6ce700_0 .net "sel", 0 0, L_0x55555b8a8430;  alias, 1 drivers
L_0x55555b8a5d90 .functor MUXZ 1, L_0x55555b8a5e30, L_0x55555b8a5f20, L_0x55555b8a8430, C4<>;
S_0x55555b824fc0 .scope generate, "gen_mux[7]" "gen_mux[7]" 21 19, 21 19 0, S_0x55555b823850;
 .timescale -12 -12;
P_0x55555b736ab0 .param/l "i" 1 21 19, +C4<0111>;
S_0x55555b825150 .scope module, "mux_inst" "Mux" 21 20, 22 8 0, S_0x55555b824fc0;
 .timescale -12 -12;
    .port_info 0 /INPUT 1 "a";
    .port_info 1 /INPUT 1 "b";
    .port_info 2 /INPUT 1 "sel";
    .port_info 3 /OUTPUT 1 "out";
v0x55555b6cdb20_0 .net "a", 0 0, L_0x55555b8a6130;  1 drivers
v0x55555b6cd790_0 .net "b", 0 0, L_0x55555b8a6220;  1 drivers
v0x55555b6cd850_0 .net "out", 0 0, L_0x55555b8a6090;  1 drivers
v0x55555b6ccbb0_0 .net "sel", 0 0, L_0x55555b8a8430;  alias, 1 drivers
L_0x55555b8a6090 .functor MUXZ 1, L_0x55555b8a6130, L_0x55555b8a6220, L_0x55555b8a8430, C4<>;
S_0x55555b8252e0 .scope generate, "gen_mux[8]" "gen_mux[8]" 21 19, 21 19 0, S_0x55555b823850;
 .timescale -12 -12;
P_0x55555b740420 .param/l "i" 1 21 19, +C4<01000>;
S_0x55555b825470 .scope module, "mux_inst" "Mux" 21 20, 22 8 0, S_0x55555b8252e0;
 .timescale -12 -12;
    .port_info 0 /INPUT 1 "a";
    .port_info 1 /INPUT 1 "b";
    .port_info 2 /INPUT 1 "sel";
    .port_info 3 /OUTPUT 1 "out";
v0x55555b6cc820_0 .net "a", 0 0, L_0x55555b8a6440;  1 drivers
v0x55555b6cbc40_0 .net "b", 0 0, L_0x55555b8a6530;  1 drivers
v0x55555b6cbd00_0 .net "out", 0 0, L_0x55555b8a63a0;  1 drivers
v0x55555b6cb8b0_0 .net "sel", 0 0, L_0x55555b8a8430;  alias, 1 drivers
L_0x55555b8a63a0 .functor MUXZ 1, L_0x55555b8a6440, L_0x55555b8a6530, L_0x55555b8a8430, C4<>;
S_0x55555b825600 .scope generate, "gen_mux[9]" "gen_mux[9]" 21 19, 21 19 0, S_0x55555b823850;
 .timescale -12 -12;
P_0x55555b72fab0 .param/l "i" 1 21 19, +C4<01001>;
S_0x55555b825790 .scope module, "mux_inst" "Mux" 21 20, 22 8 0, S_0x55555b825600;
 .timescale -12 -12;
    .port_info 0 /INPUT 1 "a";
    .port_info 1 /INPUT 1 "b";
    .port_info 2 /INPUT 1 "sel";
    .port_info 3 /OUTPUT 1 "out";
v0x55555b6cacd0_0 .net "a", 0 0, L_0x55555b8a6760;  1 drivers
v0x55555b6ca940_0 .net "b", 0 0, L_0x55555b8a6850;  1 drivers
v0x55555b6caa00_0 .net "out", 0 0, L_0x55555b8a66c0;  1 drivers
v0x55555b6c9d60_0 .net "sel", 0 0, L_0x55555b8a8430;  alias, 1 drivers
L_0x55555b8a66c0 .functor MUXZ 1, L_0x55555b8a6760, L_0x55555b8a6850, L_0x55555b8a8430, C4<>;
S_0x55555b825920 .scope generate, "gen_mux[10]" "gen_mux[10]" 21 19, 21 19 0, S_0x55555b823850;
 .timescale -12 -12;
P_0x55555b72bab0 .param/l "i" 1 21 19, +C4<01010>;
S_0x55555b825ab0 .scope module, "mux_inst" "Mux" 21 20, 22 8 0, S_0x55555b825920;
 .timescale -12 -12;
    .port_info 0 /INPUT 1 "a";
    .port_info 1 /INPUT 1 "b";
    .port_info 2 /INPUT 1 "sel";
    .port_info 3 /OUTPUT 1 "out";
v0x55555b6c99d0_0 .net "a", 0 0, L_0x55555b8a69f0;  1 drivers
v0x55555b6c8df0_0 .net "b", 0 0, L_0x55555b8a6ae0;  1 drivers
v0x55555b6c8eb0_0 .net "out", 0 0, L_0x55555b8a6620;  1 drivers
v0x55555b6c8a60_0 .net "sel", 0 0, L_0x55555b8a8430;  alias, 1 drivers
L_0x55555b8a6620 .functor MUXZ 1, L_0x55555b8a69f0, L_0x55555b8a6ae0, L_0x55555b8a8430, C4<>;
S_0x55555b825c40 .scope generate, "gen_mux[11]" "gen_mux[11]" 21 19, 21 19 0, S_0x55555b823850;
 .timescale -12 -12;
P_0x55555b734650 .param/l "i" 1 21 19, +C4<01011>;
S_0x55555b825dd0 .scope module, "mux_inst" "Mux" 21 20, 22 8 0, S_0x55555b825c40;
 .timescale -12 -12;
    .port_info 0 /INPUT 1 "a";
    .port_info 1 /INPUT 1 "b";
    .port_info 2 /INPUT 1 "sel";
    .port_info 3 /OUTPUT 1 "out";
v0x55555b6c7e80_0 .net "a", 0 0, L_0x55555b8a6c90;  1 drivers
v0x55555b6c7af0_0 .net "b", 0 0, L_0x55555b8a6d80;  1 drivers
v0x55555b6c7bb0_0 .net "out", 0 0, L_0x55555b8a6940;  1 drivers
v0x55555b6c6f10_0 .net "sel", 0 0, L_0x55555b8a8430;  alias, 1 drivers
L_0x55555b8a6940 .functor MUXZ 1, L_0x55555b8a6c90, L_0x55555b8a6d80, L_0x55555b8a8430, C4<>;
S_0x55555b825f60 .scope generate, "gen_mux[12]" "gen_mux[12]" 21 19, 21 19 0, S_0x55555b823850;
 .timescale -12 -12;
P_0x55555b730650 .param/l "i" 1 21 19, +C4<01100>;
S_0x55555b8260f0 .scope module, "mux_inst" "Mux" 21 20, 22 8 0, S_0x55555b825f60;
 .timescale -12 -12;
    .port_info 0 /INPUT 1 "a";
    .port_info 1 /INPUT 1 "b";
    .port_info 2 /INPUT 1 "sel";
    .port_info 3 /OUTPUT 1 "out";
v0x55555b6c6b80_0 .net "a", 0 0, L_0x55555b8a6f40;  1 drivers
v0x55555b6c5fa0_0 .net "b", 0 0, L_0x55555b8a7030;  1 drivers
v0x55555b6c6060_0 .net "out", 0 0, L_0x55555b8a6bd0;  1 drivers
v0x55555b6c5c10_0 .net "sel", 0 0, L_0x55555b8a8430;  alias, 1 drivers
L_0x55555b8a6bd0 .functor MUXZ 1, L_0x55555b8a6f40, L_0x55555b8a7030, L_0x55555b8a8430, C4<>;
S_0x55555b826280 .scope generate, "gen_mux[13]" "gen_mux[13]" 21 19, 21 19 0, S_0x55555b823850;
 .timescale -12 -12;
P_0x55555b723510 .param/l "i" 1 21 19, +C4<01101>;
S_0x55555b826410 .scope module, "mux_inst" "Mux" 21 20, 22 8 0, S_0x55555b826280;
 .timescale -12 -12;
    .port_info 0 /INPUT 1 "a";
    .port_info 1 /INPUT 1 "b";
    .port_info 2 /INPUT 1 "sel";
    .port_info 3 /OUTPUT 1 "out";
v0x55555b6c4f40_0 .net "a", 0 0, L_0x55555b8a7410;  1 drivers
v0x55555b6c3c00_0 .net "b", 0 0, L_0x55555b8a7500;  1 drivers
v0x55555b6c3cc0_0 .net "out", 0 0, L_0x55555b8a6e70;  1 drivers
v0x55555b79ed00_0 .net "sel", 0 0, L_0x55555b8a8430;  alias, 1 drivers
L_0x55555b8a6e70 .functor MUXZ 1, L_0x55555b8a7410, L_0x55555b8a7500, L_0x55555b8a8430, C4<>;
S_0x55555b8265a0 .scope generate, "gen_mux[14]" "gen_mux[14]" 21 19, 21 19 0, S_0x55555b823850;
 .timescale -12 -12;
P_0x55555b71f510 .param/l "i" 1 21 19, +C4<01110>;
S_0x55555b826730 .scope module, "mux_inst" "Mux" 21 20, 22 8 0, S_0x55555b8265a0;
 .timescale -12 -12;
    .port_info 0 /INPUT 1 "a";
    .port_info 1 /INPUT 1 "b";
    .port_info 2 /INPUT 1 "sel";
    .port_info 3 /OUTPUT 1 "out";
v0x55555b79dd90_0 .net "a", 0 0, L_0x55555b8a76e0;  1 drivers
v0x55555b79ce20_0 .net "b", 0 0, L_0x55555b8a77d0;  1 drivers
v0x55555b79cee0_0 .net "out", 0 0, L_0x55555b8a7330;  1 drivers
v0x55555b79beb0_0 .net "sel", 0 0, L_0x55555b8a8430;  alias, 1 drivers
L_0x55555b8a7330 .functor MUXZ 1, L_0x55555b8a76e0, L_0x55555b8a77d0, L_0x55555b8a8430, C4<>;
S_0x55555b8268c0 .scope generate, "gen_mux[15]" "gen_mux[15]" 21 19, 21 19 0, S_0x55555b823850;
 .timescale -12 -12;
P_0x55555b71b510 .param/l "i" 1 21 19, +C4<01111>;
S_0x55555b826a50 .scope module, "mux_inst" "Mux" 21 20, 22 8 0, S_0x55555b8268c0;
 .timescale -12 -12;
    .port_info 0 /INPUT 1 "a";
    .port_info 1 /INPUT 1 "b";
    .port_info 2 /INPUT 1 "sel";
    .port_info 3 /OUTPUT 1 "out";
v0x55555b79af40_0 .net "a", 0 0, L_0x55555b8a7dd0;  1 drivers
v0x55555b799fd0_0 .net "b", 0 0, L_0x55555b8a7e70;  1 drivers
v0x55555b79a090_0 .net "out", 0 0, L_0x55555b8a75f0;  1 drivers
v0x55555b799060_0 .net "sel", 0 0, L_0x55555b8a8430;  alias, 1 drivers
L_0x55555b8a75f0 .functor MUXZ 1, L_0x55555b8a7dd0, L_0x55555b8a7e70, L_0x55555b8a8430, C4<>;
S_0x55555b826df0 .scope module, "m3" "Mux16" 19 35, 21 8 0, S_0x55555b6d79e0;
 .timescale -12 -12;
    .port_info 0 /INPUT 16 "a";
    .port_info 1 /INPUT 16 "b";
    .port_info 2 /INPUT 1 "sel";
    .port_info 3 /OUTPUT 16 "out";
v0x55555b6d1b20_0 .net "a", 15 0, L_0x55555b89d390;  alias, 1 drivers
v0x55555b82a180_0 .net "b", 15 0, L_0x55555b8a78c0;  alias, 1 drivers
v0x55555b82a220_0 .net "out", 15 0, L_0x55555b8ab070;  alias, 1 drivers
v0x55555b82a2c0_0 .net "sel", 0 0, L_0x55555b8abc30;  1 drivers
L_0x55555b8a8610 .part L_0x55555b89d390, 0, 1;
L_0x55555b8a8700 .part L_0x55555b8a78c0, 0, 1;
L_0x55555b8a8890 .part L_0x55555b89d390, 1, 1;
L_0x55555b8a8980 .part L_0x55555b8a78c0, 1, 1;
L_0x55555b8a8b10 .part L_0x55555b89d390, 2, 1;
L_0x55555b8a8c00 .part L_0x55555b8a78c0, 2, 1;
L_0x55555b8a8d90 .part L_0x55555b89d390, 3, 1;
L_0x55555b8a8e80 .part L_0x55555b8a78c0, 3, 1;
L_0x55555b8a9060 .part L_0x55555b89d390, 4, 1;
L_0x55555b8a9150 .part L_0x55555b8a78c0, 4, 1;
L_0x55555b8a9340 .part L_0x55555b89d390, 5, 1;
L_0x55555b8a93e0 .part L_0x55555b8a78c0, 5, 1;
L_0x55555b8a95e0 .part L_0x55555b89d390, 6, 1;
L_0x55555b8a96d0 .part L_0x55555b8a78c0, 6, 1;
L_0x55555b8a98e0 .part L_0x55555b89d390, 7, 1;
L_0x55555b8a99d0 .part L_0x55555b8a78c0, 7, 1;
L_0x55555b8a9bf0 .part L_0x55555b89d390, 8, 1;
L_0x55555b8a9ce0 .part L_0x55555b8a78c0, 8, 1;
L_0x55555b8a9f10 .part L_0x55555b89d390, 9, 1;
L_0x55555b8aa000 .part L_0x55555b8a78c0, 9, 1;
L_0x55555b8aa1a0 .part L_0x55555b89d390, 10, 1;
L_0x55555b8aa290 .part L_0x55555b8a78c0, 10, 1;
L_0x55555b8aa440 .part L_0x55555b89d390, 11, 1;
L_0x55555b8aa530 .part L_0x55555b8a78c0, 11, 1;
L_0x55555b8aa900 .part L_0x55555b89d390, 12, 1;
L_0x55555b8aa9f0 .part L_0x55555b8a78c0, 12, 1;
L_0x55555b8aabc0 .part L_0x55555b89d390, 13, 1;
L_0x55555b8aacb0 .part L_0x55555b8a78c0, 13, 1;
L_0x55555b8aae90 .part L_0x55555b89d390, 14, 1;
L_0x55555b8aaf80 .part L_0x55555b8a78c0, 14, 1;
L_0x55555b8ab580 .part L_0x55555b89d390, 15, 1;
L_0x55555b8ab620 .part L_0x55555b8a78c0, 15, 1;
LS_0x55555b8ab070_0_0 .concat8 [ 1 1 1 1], L_0x55555b8a8570, L_0x55555b8a87f0, L_0x55555b8a8a70, L_0x55555b8a8cf0;
LS_0x55555b8ab070_0_4 .concat8 [ 1 1 1 1], L_0x55555b8a8fc0, L_0x55555b8a92a0, L_0x55555b8a9540, L_0x55555b8a9840;
LS_0x55555b8ab070_0_8 .concat8 [ 1 1 1 1], L_0x55555b8a9b50, L_0x55555b8a9e70, L_0x55555b8a9dd0, L_0x55555b8aa0f0;
LS_0x55555b8ab070_0_12 .concat8 [ 1 1 1 1], L_0x55555b8aa380, L_0x55555b8aa830, L_0x55555b8aaae0, L_0x55555b8aada0;
L_0x55555b8ab070 .concat8 [ 4 4 4 4], LS_0x55555b8ab070_0_0, LS_0x55555b8ab070_0_4, LS_0x55555b8ab070_0_8, LS_0x55555b8ab070_0_12;
S_0x55555b826f80 .scope generate, "gen_mux[0]" "gen_mux[0]" 21 19, 21 19 0, S_0x55555b826df0;
 .timescale -12 -12;
P_0x55555b7220b0 .param/l "i" 1 21 19, +C4<00>;
S_0x55555b827110 .scope module, "mux_inst" "Mux" 21 20, 22 8 0, S_0x55555b826f80;
 .timescale -12 -12;
    .port_info 0 /INPUT 1 "a";
    .port_info 1 /INPUT 1 "b";
    .port_info 2 /INPUT 1 "sel";
    .port_info 3 /OUTPUT 1 "out";
v0x55555b786560_0 .net "a", 0 0, L_0x55555b8a8610;  1 drivers
v0x55555b786620_0 .net "b", 0 0, L_0x55555b8a8700;  1 drivers
v0x55555b77e560_0 .net "out", 0 0, L_0x55555b8a8570;  1 drivers
v0x55555b77e630_0 .net "sel", 0 0, L_0x55555b8abc30;  alias, 1 drivers
L_0x55555b8a8570 .functor MUXZ 1, L_0x55555b8a8610, L_0x55555b8a8700, L_0x55555b8abc30, C4<>;
S_0x55555b8272a0 .scope generate, "gen_mux[1]" "gen_mux[1]" 21 19, 21 19 0, S_0x55555b826df0;
 .timescale -12 -12;
P_0x55555b71e0b0 .param/l "i" 1 21 19, +C4<01>;
S_0x55555b827430 .scope module, "mux_inst" "Mux" 21 20, 22 8 0, S_0x55555b8272a0;
 .timescale -12 -12;
    .port_info 0 /INPUT 1 "a";
    .port_info 1 /INPUT 1 "b";
    .port_info 2 /INPUT 1 "sel";
    .port_info 3 /OUTPUT 1 "out";
v0x55555b778870_0 .net "a", 0 0, L_0x55555b8a8890;  1 drivers
v0x55555b778930_0 .net "b", 0 0, L_0x55555b8a8980;  1 drivers
v0x55555b768c40_0 .net "out", 0 0, L_0x55555b8a87f0;  1 drivers
v0x55555b768d10_0 .net "sel", 0 0, L_0x55555b8abc30;  alias, 1 drivers
L_0x55555b8a87f0 .functor MUXZ 1, L_0x55555b8a8890, L_0x55555b8a8980, L_0x55555b8abc30, C4<>;
S_0x55555b8275c0 .scope generate, "gen_mux[2]" "gen_mux[2]" 21 19, 21 19 0, S_0x55555b826df0;
 .timescale -12 -12;
P_0x55555b71a0b0 .param/l "i" 1 21 19, +C4<010>;
S_0x55555b827750 .scope module, "mux_inst" "Mux" 21 20, 22 8 0, S_0x55555b8275c0;
 .timescale -12 -12;
    .port_info 0 /INPUT 1 "a";
    .port_info 1 /INPUT 1 "b";
    .port_info 2 /INPUT 1 "sel";
    .port_info 3 /OUTPUT 1 "out";
v0x55555b7592d0_0 .net "a", 0 0, L_0x55555b8a8b10;  1 drivers
v0x55555b755590_0 .net "b", 0 0, L_0x55555b8a8c00;  1 drivers
v0x55555b755650_0 .net "out", 0 0, L_0x55555b8a8a70;  1 drivers
v0x55555b739bd0_0 .net "sel", 0 0, L_0x55555b8abc30;  alias, 1 drivers
L_0x55555b8a8a70 .functor MUXZ 1, L_0x55555b8a8b10, L_0x55555b8a8c00, L_0x55555b8abc30, C4<>;
S_0x55555b8278e0 .scope generate, "gen_mux[3]" "gen_mux[3]" 21 19, 21 19 0, S_0x55555b826df0;
 .timescale -12 -12;
P_0x55555b6d16f0 .param/l "i" 1 21 19, +C4<011>;
S_0x55555b827a70 .scope module, "mux_inst" "Mux" 21 20, 22 8 0, S_0x55555b8278e0;
 .timescale -12 -12;
    .port_info 0 /INPUT 1 "a";
    .port_info 1 /INPUT 1 "b";
    .port_info 2 /INPUT 1 "sel";
    .port_info 3 /OUTPUT 1 "out";
v0x55555b72a260_0 .net "a", 0 0, L_0x55555b8a8d90;  1 drivers
v0x55555b72a320_0 .net "b", 0 0, L_0x55555b8a8e80;  1 drivers
v0x55555b726910_0 .net "out", 0 0, L_0x55555b8a8cf0;  1 drivers
v0x55555b7269e0_0 .net "sel", 0 0, L_0x55555b8abc30;  alias, 1 drivers
L_0x55555b8a8cf0 .functor MUXZ 1, L_0x55555b8a8d90, L_0x55555b8a8e80, L_0x55555b8abc30, C4<>;
S_0x55555b827c00 .scope generate, "gen_mux[4]" "gen_mux[4]" 21 19, 21 19 0, S_0x55555b826df0;
 .timescale -12 -12;
P_0x55555b6d1290 .param/l "i" 1 21 19, +C4<0100>;
S_0x55555b827d90 .scope module, "mux_inst" "Mux" 21 20, 22 8 0, S_0x55555b827c00;
 .timescale -12 -12;
    .port_info 0 /INPUT 1 "a";
    .port_info 1 /INPUT 1 "b";
    .port_info 2 /INPUT 1 "sel";
    .port_info 3 /OUTPUT 1 "out";
v0x55555b6e73a0_0 .net "a", 0 0, L_0x55555b8a9060;  1 drivers
v0x55555b6de240_0 .net "b", 0 0, L_0x55555b8a9150;  1 drivers
v0x55555b6de300_0 .net "out", 0 0, L_0x55555b8a8fc0;  1 drivers
v0x55555b6d39c0_0 .net "sel", 0 0, L_0x55555b8abc30;  alias, 1 drivers
L_0x55555b8a8fc0 .functor MUXZ 1, L_0x55555b8a9060, L_0x55555b8a9150, L_0x55555b8abc30, C4<>;
S_0x55555b827f20 .scope generate, "gen_mux[5]" "gen_mux[5]" 21 19, 21 19 0, S_0x55555b826df0;
 .timescale -12 -12;
P_0x55555b6ce440 .param/l "i" 1 21 19, +C4<0101>;
S_0x55555b8280b0 .scope module, "mux_inst" "Mux" 21 20, 22 8 0, S_0x55555b827f20;
 .timescale -12 -12;
    .port_info 0 /INPUT 1 "a";
    .port_info 1 /INPUT 1 "b";
    .port_info 2 /INPUT 1 "sel";
    .port_info 3 /OUTPUT 1 "out";
v0x55555b6d2cc0_0 .net "a", 0 0, L_0x55555b8a9340;  1 drivers
v0x55555b6d1d50_0 .net "b", 0 0, L_0x55555b8a93e0;  1 drivers
v0x55555b6d1e10_0 .net "out", 0 0, L_0x55555b8a92a0;  1 drivers
v0x55555b6d0de0_0 .net "sel", 0 0, L_0x55555b8abc30;  alias, 1 drivers
L_0x55555b8a92a0 .functor MUXZ 1, L_0x55555b8a9340, L_0x55555b8a93e0, L_0x55555b8abc30, C4<>;
S_0x55555b828240 .scope generate, "gen_mux[6]" "gen_mux[6]" 21 19, 21 19 0, S_0x55555b826df0;
 .timescale -12 -12;
P_0x55555b6ca680 .param/l "i" 1 21 19, +C4<0110>;
S_0x55555b8283d0 .scope module, "mux_inst" "Mux" 21 20, 22 8 0, S_0x55555b828240;
 .timescale -12 -12;
    .port_info 0 /INPUT 1 "a";
    .port_info 1 /INPUT 1 "b";
    .port_info 2 /INPUT 1 "sel";
    .port_info 3 /OUTPUT 1 "out";
v0x55555b6cfe70_0 .net "a", 0 0, L_0x55555b8a95e0;  1 drivers
v0x55555b6cef00_0 .net "b", 0 0, L_0x55555b8a96d0;  1 drivers
v0x55555b6cefc0_0 .net "out", 0 0, L_0x55555b8a9540;  1 drivers
v0x55555b6cdf90_0 .net "sel", 0 0, L_0x55555b8abc30;  alias, 1 drivers
L_0x55555b8a9540 .functor MUXZ 1, L_0x55555b8a95e0, L_0x55555b8a96d0, L_0x55555b8abc30, C4<>;
S_0x55555b828560 .scope generate, "gen_mux[7]" "gen_mux[7]" 21 19, 21 19 0, S_0x55555b826df0;
 .timescale -12 -12;
P_0x55555b6c68c0 .param/l "i" 1 21 19, +C4<0111>;
S_0x55555b8286f0 .scope module, "mux_inst" "Mux" 21 20, 22 8 0, S_0x55555b828560;
 .timescale -12 -12;
    .port_info 0 /INPUT 1 "a";
    .port_info 1 /INPUT 1 "b";
    .port_info 2 /INPUT 1 "sel";
    .port_info 3 /OUTPUT 1 "out";
v0x55555b6cd020_0 .net "a", 0 0, L_0x55555b8a98e0;  1 drivers
v0x55555b6cc0b0_0 .net "b", 0 0, L_0x55555b8a99d0;  1 drivers
v0x55555b6cc170_0 .net "out", 0 0, L_0x55555b8a9840;  1 drivers
v0x55555b6cb140_0 .net "sel", 0 0, L_0x55555b8abc30;  alias, 1 drivers
L_0x55555b8a9840 .functor MUXZ 1, L_0x55555b8a98e0, L_0x55555b8a99d0, L_0x55555b8abc30, C4<>;
S_0x55555b828880 .scope generate, "gen_mux[8]" "gen_mux[8]" 21 19, 21 19 0, S_0x55555b826df0;
 .timescale -12 -12;
P_0x55555b6d2200 .param/l "i" 1 21 19, +C4<01000>;
S_0x55555b828a10 .scope module, "mux_inst" "Mux" 21 20, 22 8 0, S_0x55555b828880;
 .timescale -12 -12;
    .port_info 0 /INPUT 1 "a";
    .port_info 1 /INPUT 1 "b";
    .port_info 2 /INPUT 1 "sel";
    .port_info 3 /OUTPUT 1 "out";
v0x55555b6ca1d0_0 .net "a", 0 0, L_0x55555b8a9bf0;  1 drivers
v0x55555b6c9260_0 .net "b", 0 0, L_0x55555b8a9ce0;  1 drivers
v0x55555b6c9320_0 .net "out", 0 0, L_0x55555b8a9b50;  1 drivers
v0x55555b6c82f0_0 .net "sel", 0 0, L_0x55555b8abc30;  alias, 1 drivers
L_0x55555b8a9b50 .functor MUXZ 1, L_0x55555b8a9bf0, L_0x55555b8a9ce0, L_0x55555b8abc30, C4<>;
S_0x55555b828ba0 .scope generate, "gen_mux[9]" "gen_mux[9]" 21 19, 21 19 0, S_0x55555b826df0;
 .timescale -12 -12;
P_0x55555b734f50 .param/l "i" 1 21 19, +C4<01001>;
S_0x55555b828d30 .scope module, "mux_inst" "Mux" 21 20, 22 8 0, S_0x55555b828ba0;
 .timescale -12 -12;
    .port_info 0 /INPUT 1 "a";
    .port_info 1 /INPUT 1 "b";
    .port_info 2 /INPUT 1 "sel";
    .port_info 3 /OUTPUT 1 "out";
v0x55555b6c7380_0 .net "a", 0 0, L_0x55555b8a9f10;  1 drivers
v0x55555b6c6410_0 .net "b", 0 0, L_0x55555b8aa000;  1 drivers
v0x55555b6c64d0_0 .net "out", 0 0, L_0x55555b8a9e70;  1 drivers
v0x55555b6c54a0_0 .net "sel", 0 0, L_0x55555b8abc30;  alias, 1 drivers
L_0x55555b8a9e70 .functor MUXZ 1, L_0x55555b8a9f10, L_0x55555b8aa000, L_0x55555b8abc30, C4<>;
S_0x55555b828ec0 .scope generate, "gen_mux[10]" "gen_mux[10]" 21 19, 21 19 0, S_0x55555b826df0;
 .timescale -12 -12;
P_0x55555b742c10 .param/l "i" 1 21 19, +C4<01010>;
S_0x55555b829050 .scope module, "mux_inst" "Mux" 21 20, 22 8 0, S_0x55555b828ec0;
 .timescale -12 -12;
    .port_info 0 /INPUT 1 "a";
    .port_info 1 /INPUT 1 "b";
    .port_info 2 /INPUT 1 "sel";
    .port_info 3 /OUTPUT 1 "out";
v0x55555b7c9380_0 .net "a", 0 0, L_0x55555b8aa1a0;  1 drivers
v0x55555b7c9460_0 .net "b", 0 0, L_0x55555b8aa290;  1 drivers
v0x55555b7c8fc0_0 .net "out", 0 0, L_0x55555b8a9dd0;  1 drivers
v0x55555b7c9090_0 .net "sel", 0 0, L_0x55555b8abc30;  alias, 1 drivers
L_0x55555b8a9dd0 .functor MUXZ 1, L_0x55555b8aa1a0, L_0x55555b8aa290, L_0x55555b8abc30, C4<>;
S_0x55555b8291e0 .scope generate, "gen_mux[11]" "gen_mux[11]" 21 19, 21 19 0, S_0x55555b826df0;
 .timescale -12 -12;
P_0x55555b751980 .param/l "i" 1 21 19, +C4<01011>;
S_0x55555b829370 .scope module, "mux_inst" "Mux" 21 20, 22 8 0, S_0x55555b8291e0;
 .timescale -12 -12;
    .port_info 0 /INPUT 1 "a";
    .port_info 1 /INPUT 1 "b";
    .port_info 2 /INPUT 1 "sel";
    .port_info 3 /OUTPUT 1 "out";
v0x55555b7d04a0_0 .net "a", 0 0, L_0x55555b8aa440;  1 drivers
v0x55555b7d0580_0 .net "b", 0 0, L_0x55555b8aa530;  1 drivers
v0x55555b7d0110_0 .net "out", 0 0, L_0x55555b8aa0f0;  1 drivers
v0x55555b7d01e0_0 .net "sel", 0 0, L_0x55555b8abc30;  alias, 1 drivers
L_0x55555b8aa0f0 .functor MUXZ 1, L_0x55555b8aa440, L_0x55555b8aa530, L_0x55555b8abc30, C4<>;
S_0x55555b829500 .scope generate, "gen_mux[12]" "gen_mux[12]" 21 19, 21 19 0, S_0x55555b826df0;
 .timescale -12 -12;
P_0x55555b775930 .param/l "i" 1 21 19, +C4<01100>;
S_0x55555b829690 .scope module, "mux_inst" "Mux" 21 20, 22 8 0, S_0x55555b829500;
 .timescale -12 -12;
    .port_info 0 /INPUT 1 "a";
    .port_info 1 /INPUT 1 "b";
    .port_info 2 /INPUT 1 "sel";
    .port_info 3 /OUTPUT 1 "out";
v0x55555b7cfd80_0 .net "a", 0 0, L_0x55555b8aa900;  1 drivers
v0x55555b7cfe60_0 .net "b", 0 0, L_0x55555b8aa9f0;  1 drivers
v0x55555b7cf9f0_0 .net "out", 0 0, L_0x55555b8aa380;  1 drivers
v0x55555b7cfac0_0 .net "sel", 0 0, L_0x55555b8abc30;  alias, 1 drivers
L_0x55555b8aa380 .functor MUXZ 1, L_0x55555b8aa900, L_0x55555b8aa9f0, L_0x55555b8abc30, C4<>;
S_0x55555b829820 .scope generate, "gen_mux[13]" "gen_mux[13]" 21 19, 21 19 0, S_0x55555b826df0;
 .timescale -12 -12;
P_0x55555b779950 .param/l "i" 1 21 19, +C4<01101>;
S_0x55555b8299b0 .scope module, "mux_inst" "Mux" 21 20, 22 8 0, S_0x55555b829820;
 .timescale -12 -12;
    .port_info 0 /INPUT 1 "a";
    .port_info 1 /INPUT 1 "b";
    .port_info 2 /INPUT 1 "sel";
    .port_info 3 /OUTPUT 1 "out";
v0x55555b7c8c00_0 .net "a", 0 0, L_0x55555b8aabc0;  1 drivers
v0x55555b7c8ce0_0 .net "b", 0 0, L_0x55555b8aacb0;  1 drivers
v0x55555b7dc660_0 .net "out", 0 0, L_0x55555b8aa830;  1 drivers
v0x55555b7dc730_0 .net "sel", 0 0, L_0x55555b8abc30;  alias, 1 drivers
L_0x55555b8aa830 .functor MUXZ 1, L_0x55555b8aabc0, L_0x55555b8aacb0, L_0x55555b8abc30, C4<>;
S_0x55555b829b40 .scope generate, "gen_mux[14]" "gen_mux[14]" 21 19, 21 19 0, S_0x55555b826df0;
 .timescale -12 -12;
P_0x55555b79dc00 .param/l "i" 1 21 19, +C4<01110>;
S_0x55555b829cd0 .scope module, "mux_inst" "Mux" 21 20, 22 8 0, S_0x55555b829b40;
 .timescale -12 -12;
    .port_info 0 /INPUT 1 "a";
    .port_info 1 /INPUT 1 "b";
    .port_info 2 /INPUT 1 "sel";
    .port_info 3 /OUTPUT 1 "out";
v0x55555b7d6a60_0 .net "a", 0 0, L_0x55555b8aae90;  1 drivers
v0x55555b7d6b40_0 .net "b", 0 0, L_0x55555b8aaf80;  1 drivers
v0x55555b7d66a0_0 .net "out", 0 0, L_0x55555b8aaae0;  1 drivers
v0x55555b7d6770_0 .net "sel", 0 0, L_0x55555b8abc30;  alias, 1 drivers
L_0x55555b8aaae0 .functor MUXZ 1, L_0x55555b8aae90, L_0x55555b8aaf80, L_0x55555b8abc30, C4<>;
S_0x55555b829e60 .scope generate, "gen_mux[15]" "gen_mux[15]" 21 19, 21 19 0, S_0x55555b826df0;
 .timescale -12 -12;
P_0x55555b79ca90 .param/l "i" 1 21 19, +C4<01111>;
S_0x55555b829ff0 .scope module, "mux_inst" "Mux" 21 20, 22 8 0, S_0x55555b829e60;
 .timescale -12 -12;
    .port_info 0 /INPUT 1 "a";
    .port_info 1 /INPUT 1 "b";
    .port_info 2 /INPUT 1 "sel";
    .port_info 3 /OUTPUT 1 "out";
v0x55555b7c9740_0 .net "a", 0 0, L_0x55555b8ab580;  1 drivers
v0x55555b7c9820_0 .net "b", 0 0, L_0x55555b8ab620;  1 drivers
v0x55555b6d46e0_0 .net "out", 0 0, L_0x55555b8aada0;  1 drivers
v0x55555b6d47b0_0 .net "sel", 0 0, L_0x55555b8abc30;  alias, 1 drivers
L_0x55555b8aada0 .functor MUXZ 1, L_0x55555b8ab580, L_0x55555b8ab620, L_0x55555b8abc30, C4<>;
S_0x55555b6d84c0 .scope module, "Nand" "Nand" 23 8;
 .timescale -12 -12;
    .port_info 0 /INPUT 1 "a";
    .port_info 1 /INPUT 1 "b";
    .port_info 2 /OUTPUT 1 "out";
o0x7fda0e7aec28 .functor BUFZ 1, c4<z>; HiZ drive
o0x7fda0e7aec58 .functor BUFZ 1, c4<z>; HiZ drive
L_0x55555b8a5d20 .functor NAND 1, o0x7fda0e7aec28, o0x7fda0e7aec58, C4<1>, C4<1>;
v0x55555b82acf0_0 .net "a", 0 0, o0x7fda0e7aec28;  0 drivers
v0x55555b82ad90_0 .net "b", 0 0, o0x7fda0e7aec58;  0 drivers
v0x55555b82ae30_0 .net "out", 0 0, L_0x55555b8a5d20;  1 drivers
S_0x55555b6d8fa0 .scope module, "Not16" "Not16" 24 7;
 .timescale -12 -12;
    .port_info 0 /INPUT 16 "in";
    .port_info 1 /OUTPUT 16 "out";
o0x7fda0e7af948 .functor BUFZ 16, c4<zzzzzzzzzzzzzzzz>; HiZ drive
v0x55555b82f4d0_0 .net "in", 15 0, o0x7fda0e7af948;  0 drivers
v0x55555b82f570_0 .net "out", 15 0, L_0x55555b8ad1a0;  1 drivers
L_0x55555b8abcd0 .part o0x7fda0e7af948, 0, 1;
L_0x55555b8abdc0 .part o0x7fda0e7af948, 1, 1;
L_0x55555b8abf00 .part o0x7fda0e7af948, 2, 1;
L_0x55555b8abff0 .part o0x7fda0e7af948, 3, 1;
L_0x55555b8ac0e0 .part o0x7fda0e7af948, 4, 1;
L_0x55555b8ac180 .part o0x7fda0e7af948, 5, 1;
L_0x55555b8ac2e0 .part o0x7fda0e7af948, 6, 1;
L_0x55555b8ac440 .part o0x7fda0e7af948, 7, 1;
L_0x55555b8ac5f0 .part o0x7fda0e7af948, 8, 1;
L_0x55555b8ac750 .part o0x7fda0e7af948, 9, 1;
L_0x55555b8ac910 .part o0x7fda0e7af948, 10, 1;
L_0x55555b8aca20 .part o0x7fda0e7af948, 11, 1;
L_0x55555b8acbf0 .part o0x7fda0e7af948, 12, 1;
L_0x55555b8acd50 .part o0x7fda0e7af948, 13, 1;
L_0x55555b8acec0 .part o0x7fda0e7af948, 14, 1;
L_0x55555b8ad020 .part o0x7fda0e7af948, 15, 1;
LS_0x55555b8ad1a0_0_0 .concat8 [ 1 1 1 1], L_0x55555b8a2390, L_0x55555b89e9b0, L_0x55555b89aeb0, L_0x55555b897390;
LS_0x55555b8ad1a0_0_4 .concat8 [ 1 1 1 1], L_0x55555b893be0, L_0x55555b892b90, L_0x55555b8ac270, L_0x55555b8ac3d0;
LS_0x55555b8ad1a0_0_8 .concat8 [ 1 1 1 1], L_0x55555b8ac580, L_0x55555b8ac6e0, L_0x55555b8ac8a0, L_0x55555b8ac9b0;
LS_0x55555b8ad1a0_0_12 .concat8 [ 1 1 1 1], L_0x55555b8acb80, L_0x55555b8acce0, L_0x55555b8acb10, L_0x55555b8acfb0;
L_0x55555b8ad1a0 .concat8 [ 4 4 4 4], LS_0x55555b8ad1a0_0_0, LS_0x55555b8ad1a0_0_4, LS_0x55555b8ad1a0_0_8, LS_0x55555b8ad1a0_0_12;
S_0x55555b82aed0 .scope generate, "gen_not[0]" "gen_not[0]" 24 16, 24 16 0, S_0x55555b6d8fa0;
 .timescale -12 -12;
P_0x55555b794f50 .param/l "i" 1 24 16, +C4<00>;
S_0x55555b82b060 .scope module, "not_inst" "Not" 24 17, 25 7 0, S_0x55555b82aed0;
 .timescale -12 -12;
    .port_info 0 /INPUT 1 "in";
    .port_info 1 /OUTPUT 1 "out";
L_0x55555b8a2390 .functor NOT 1, L_0x55555b8abcd0, C4<0>, C4<0>, C4<0>;
v0x55555b82b1f0_0 .net "in", 0 0, L_0x55555b8abcd0;  1 drivers
v0x55555b82b290_0 .net "out", 0 0, L_0x55555b8a2390;  1 drivers
S_0x55555b82b330 .scope generate, "gen_not[1]" "gen_not[1]" 24 16, 24 16 0, S_0x55555b6d8fa0;
 .timescale -12 -12;
P_0x55555b792310 .param/l "i" 1 24 16, +C4<01>;
S_0x55555b82b4c0 .scope module, "not_inst" "Not" 24 17, 25 7 0, S_0x55555b82b330;
 .timescale -12 -12;
    .port_info 0 /INPUT 1 "in";
    .port_info 1 /OUTPUT 1 "out";
L_0x55555b89e9b0 .functor NOT 1, L_0x55555b8abdc0, C4<0>, C4<0>, C4<0>;
v0x55555b82b650_0 .net "in", 0 0, L_0x55555b8abdc0;  1 drivers
v0x55555b82b6f0_0 .net "out", 0 0, L_0x55555b89e9b0;  1 drivers
S_0x55555b82b790 .scope generate, "gen_not[2]" "gen_not[2]" 24 16, 24 16 0, S_0x55555b6d8fa0;
 .timescale -12 -12;
P_0x55555b78ee70 .param/l "i" 1 24 16, +C4<010>;
S_0x55555b82b920 .scope module, "not_inst" "Not" 24 17, 25 7 0, S_0x55555b82b790;
 .timescale -12 -12;
    .port_info 0 /INPUT 1 "in";
    .port_info 1 /OUTPUT 1 "out";
L_0x55555b89aeb0 .functor NOT 1, L_0x55555b8abf00, C4<0>, C4<0>, C4<0>;
v0x55555b82bab0_0 .net "in", 0 0, L_0x55555b8abf00;  1 drivers
v0x55555b82bb50_0 .net "out", 0 0, L_0x55555b89aeb0;  1 drivers
S_0x55555b82bbf0 .scope generate, "gen_not[3]" "gen_not[3]" 24 16, 24 16 0, S_0x55555b6d8fa0;
 .timescale -12 -12;
P_0x55555b78b6d0 .param/l "i" 1 24 16, +C4<011>;
S_0x55555b82bd80 .scope module, "not_inst" "Not" 24 17, 25 7 0, S_0x55555b82bbf0;
 .timescale -12 -12;
    .port_info 0 /INPUT 1 "in";
    .port_info 1 /OUTPUT 1 "out";
L_0x55555b897390 .functor NOT 1, L_0x55555b8abff0, C4<0>, C4<0>, C4<0>;
v0x55555b82bf10_0 .net "in", 0 0, L_0x55555b8abff0;  1 drivers
v0x55555b82bfb0_0 .net "out", 0 0, L_0x55555b897390;  1 drivers
S_0x55555b82c050 .scope generate, "gen_not[4]" "gen_not[4]" 24 16, 24 16 0, S_0x55555b6d8fa0;
 .timescale -12 -12;
P_0x55555b7875a0 .param/l "i" 1 24 16, +C4<0100>;
S_0x55555b82c1e0 .scope module, "not_inst" "Not" 24 17, 25 7 0, S_0x55555b82c050;
 .timescale -12 -12;
    .port_info 0 /INPUT 1 "in";
    .port_info 1 /OUTPUT 1 "out";
L_0x55555b893be0 .functor NOT 1, L_0x55555b8ac0e0, C4<0>, C4<0>, C4<0>;
v0x55555b82c370_0 .net "in", 0 0, L_0x55555b8ac0e0;  1 drivers
v0x55555b82c410_0 .net "out", 0 0, L_0x55555b893be0;  1 drivers
S_0x55555b82c4b0 .scope generate, "gen_not[5]" "gen_not[5]" 24 16, 24 16 0, S_0x55555b6d8fa0;
 .timescale -12 -12;
P_0x55555b7840a0 .param/l "i" 1 24 16, +C4<0101>;
S_0x55555b82c640 .scope module, "not_inst" "Not" 24 17, 25 7 0, S_0x55555b82c4b0;
 .timescale -12 -12;
    .port_info 0 /INPUT 1 "in";
    .port_info 1 /OUTPUT 1 "out";
L_0x55555b892b90 .functor NOT 1, L_0x55555b8ac180, C4<0>, C4<0>, C4<0>;
v0x55555b82c7d0_0 .net "in", 0 0, L_0x55555b8ac180;  1 drivers
v0x55555b82c870_0 .net "out", 0 0, L_0x55555b892b90;  1 drivers
S_0x55555b82c910 .scope generate, "gen_not[6]" "gen_not[6]" 24 16, 24 16 0, S_0x55555b6d8fa0;
 .timescale -12 -12;
P_0x55555b77f0a0 .param/l "i" 1 24 16, +C4<0110>;
S_0x55555b82caa0 .scope module, "not_inst" "Not" 24 17, 25 7 0, S_0x55555b82c910;
 .timescale -12 -12;
    .port_info 0 /INPUT 1 "in";
    .port_info 1 /OUTPUT 1 "out";
L_0x55555b8ac270 .functor NOT 1, L_0x55555b8ac2e0, C4<0>, C4<0>, C4<0>;
v0x55555b82cc30_0 .net "in", 0 0, L_0x55555b8ac2e0;  1 drivers
v0x55555b82ccd0_0 .net "out", 0 0, L_0x55555b8ac270;  1 drivers
S_0x55555b82cd70 .scope generate, "gen_not[7]" "gen_not[7]" 24 16, 24 16 0, S_0x55555b6d8fa0;
 .timescale -12 -12;
P_0x55555b7753d0 .param/l "i" 1 24 16, +C4<0111>;
S_0x55555b82cf00 .scope module, "not_inst" "Not" 24 17, 25 7 0, S_0x55555b82cd70;
 .timescale -12 -12;
    .port_info 0 /INPUT 1 "in";
    .port_info 1 /OUTPUT 1 "out";
L_0x55555b8ac3d0 .functor NOT 1, L_0x55555b8ac440, C4<0>, C4<0>, C4<0>;
v0x55555b82d090_0 .net "in", 0 0, L_0x55555b8ac440;  1 drivers
v0x55555b82d130_0 .net "out", 0 0, L_0x55555b8ac3d0;  1 drivers
S_0x55555b82d1d0 .scope generate, "gen_not[8]" "gen_not[8]" 24 16, 24 16 0, S_0x55555b6d8fa0;
 .timescale -12 -12;
P_0x55555b787f30 .param/l "i" 1 24 16, +C4<01000>;
S_0x55555b82d360 .scope module, "not_inst" "Not" 24 17, 25 7 0, S_0x55555b82d1d0;
 .timescale -12 -12;
    .port_info 0 /INPUT 1 "in";
    .port_info 1 /OUTPUT 1 "out";
L_0x55555b8ac580 .functor NOT 1, L_0x55555b8ac5f0, C4<0>, C4<0>, C4<0>;
v0x55555b82d4f0_0 .net "in", 0 0, L_0x55555b8ac5f0;  1 drivers
v0x55555b82d590_0 .net "out", 0 0, L_0x55555b8ac580;  1 drivers
S_0x55555b82d630 .scope generate, "gen_not[9]" "gen_not[9]" 24 16, 24 16 0, S_0x55555b6d8fa0;
 .timescale -12 -12;
P_0x55555b768860 .param/l "i" 1 24 16, +C4<01001>;
S_0x55555b82d7c0 .scope module, "not_inst" "Not" 24 17, 25 7 0, S_0x55555b82d630;
 .timescale -12 -12;
    .port_info 0 /INPUT 1 "in";
    .port_info 1 /OUTPUT 1 "out";
L_0x55555b8ac6e0 .functor NOT 1, L_0x55555b8ac750, C4<0>, C4<0>, C4<0>;
v0x55555b82d950_0 .net "in", 0 0, L_0x55555b8ac750;  1 drivers
v0x55555b82d9f0_0 .net "out", 0 0, L_0x55555b8ac6e0;  1 drivers
S_0x55555b82da90 .scope generate, "gen_not[10]" "gen_not[10]" 24 16, 24 16 0, S_0x55555b6d8fa0;
 .timescale -12 -12;
P_0x55555b75edf0 .param/l "i" 1 24 16, +C4<01010>;
S_0x55555b82dc20 .scope module, "not_inst" "Not" 24 17, 25 7 0, S_0x55555b82da90;
 .timescale -12 -12;
    .port_info 0 /INPUT 1 "in";
    .port_info 1 /OUTPUT 1 "out";
L_0x55555b8ac8a0 .functor NOT 1, L_0x55555b8ac910, C4<0>, C4<0>, C4<0>;
v0x55555b82ddb0_0 .net "in", 0 0, L_0x55555b8ac910;  1 drivers
v0x55555b82de50_0 .net "out", 0 0, L_0x55555b8ac8a0;  1 drivers
S_0x55555b82def0 .scope generate, "gen_not[11]" "gen_not[11]" 24 16, 24 16 0, S_0x55555b6d8fa0;
 .timescale -12 -12;
P_0x55555b757460 .param/l "i" 1 24 16, +C4<01011>;
S_0x55555b82e080 .scope module, "not_inst" "Not" 24 17, 25 7 0, S_0x55555b82def0;
 .timescale -12 -12;
    .port_info 0 /INPUT 1 "in";
    .port_info 1 /OUTPUT 1 "out";
L_0x55555b8ac9b0 .functor NOT 1, L_0x55555b8aca20, C4<0>, C4<0>, C4<0>;
v0x55555b82e210_0 .net "in", 0 0, L_0x55555b8aca20;  1 drivers
v0x55555b82e2b0_0 .net "out", 0 0, L_0x55555b8ac9b0;  1 drivers
S_0x55555b82e350 .scope generate, "gen_not[12]" "gen_not[12]" 24 16, 24 16 0, S_0x55555b6d8fa0;
 .timescale -12 -12;
P_0x55555b751460 .param/l "i" 1 24 16, +C4<01100>;
S_0x55555b82e4e0 .scope module, "not_inst" "Not" 24 17, 25 7 0, S_0x55555b82e350;
 .timescale -12 -12;
    .port_info 0 /INPUT 1 "in";
    .port_info 1 /OUTPUT 1 "out";
L_0x55555b8acb80 .functor NOT 1, L_0x55555b8acbf0, C4<0>, C4<0>, C4<0>;
v0x55555b82e670_0 .net "in", 0 0, L_0x55555b8acbf0;  1 drivers
v0x55555b82e710_0 .net "out", 0 0, L_0x55555b8acb80;  1 drivers
S_0x55555b82e7b0 .scope generate, "gen_not[13]" "gen_not[13]" 24 16, 24 16 0, S_0x55555b6d8fa0;
 .timescale -12 -12;
P_0x55555b7487f0 .param/l "i" 1 24 16, +C4<01101>;
S_0x55555b82e940 .scope module, "not_inst" "Not" 24 17, 25 7 0, S_0x55555b82e7b0;
 .timescale -12 -12;
    .port_info 0 /INPUT 1 "in";
    .port_info 1 /OUTPUT 1 "out";
L_0x55555b8acce0 .functor NOT 1, L_0x55555b8acd50, C4<0>, C4<0>, C4<0>;
v0x55555b82ead0_0 .net "in", 0 0, L_0x55555b8acd50;  1 drivers
v0x55555b82eb70_0 .net "out", 0 0, L_0x55555b8acce0;  1 drivers
S_0x55555b82ec10 .scope generate, "gen_not[14]" "gen_not[14]" 24 16, 24 16 0, S_0x55555b6d8fa0;
 .timescale -12 -12;
P_0x55555b738b20 .param/l "i" 1 24 16, +C4<01110>;
S_0x55555b82eda0 .scope module, "not_inst" "Not" 24 17, 25 7 0, S_0x55555b82ec10;
 .timescale -12 -12;
    .port_info 0 /INPUT 1 "in";
    .port_info 1 /OUTPUT 1 "out";
L_0x55555b8acb10 .functor NOT 1, L_0x55555b8acec0, C4<0>, C4<0>, C4<0>;
v0x55555b82ef30_0 .net "in", 0 0, L_0x55555b8acec0;  1 drivers
v0x55555b82efd0_0 .net "out", 0 0, L_0x55555b8acb10;  1 drivers
S_0x55555b82f070 .scope generate, "gen_not[15]" "gen_not[15]" 24 16, 24 16 0, S_0x55555b6d8fa0;
 .timescale -12 -12;
P_0x55555b729b90 .param/l "i" 1 24 16, +C4<01111>;
S_0x55555b82f200 .scope module, "not_inst" "Not" 24 17, 25 7 0, S_0x55555b82f070;
 .timescale -12 -12;
    .port_info 0 /INPUT 1 "in";
    .port_info 1 /OUTPUT 1 "out";
L_0x55555b8acfb0 .functor NOT 1, L_0x55555b8ad020, C4<0>, C4<0>, C4<0>;
v0x55555b82f390_0 .net "in", 0 0, L_0x55555b8ad020;  1 drivers
v0x55555b82f430_0 .net "out", 0 0, L_0x55555b8acfb0;  1 drivers
S_0x55555b7e2360 .scope module, "Or16" "Or16" 26 7;
 .timescale -12 -12;
    .port_info 0 /INPUT 16 "a";
    .port_info 1 /INPUT 16 "b";
    .port_info 2 /OUTPUT 16 "out";
o0x7fda0e7b0c08 .functor BUFZ 16, c4<zzzzzzzzzzzzzzzz>; HiZ drive
v0x55555b8360d0_0 .net "a", 15 0, o0x7fda0e7b0c08;  0 drivers
o0x7fda0e7b0c38 .functor BUFZ 16, c4<zzzzzzzzzzzzzzzz>; HiZ drive
v0x55555b8361b0_0 .net "b", 15 0, o0x7fda0e7b0c38;  0 drivers
v0x55555b836290_0 .net "out", 15 0, L_0x55555b8afc70;  1 drivers
L_0x55555b8ad7b0 .part o0x7fda0e7b0c08, 0, 1;
L_0x55555b8ad8a0 .part o0x7fda0e7b0c38, 0, 1;
L_0x55555b8ada00 .part o0x7fda0e7b0c08, 1, 1;
L_0x55555b8adb40 .part o0x7fda0e7b0c38, 1, 1;
L_0x55555b8adcf0 .part o0x7fda0e7b0c08, 2, 1;
L_0x55555b8adde0 .part o0x7fda0e7b0c38, 2, 1;
L_0x55555b8adf40 .part o0x7fda0e7b0c08, 3, 1;
L_0x55555b8ae030 .part o0x7fda0e7b0c38, 3, 1;
L_0x55555b8ae220 .part o0x7fda0e7b0c08, 4, 1;
L_0x55555b8ae2c0 .part o0x7fda0e7b0c38, 4, 1;
L_0x55555b8ae420 .part o0x7fda0e7b0c08, 5, 1;
L_0x55555b8ae4c0 .part o0x7fda0e7b0c38, 5, 1;
L_0x55555b8ae690 .part o0x7fda0e7b0c08, 6, 1;
L_0x55555b8ae780 .part o0x7fda0e7b0c38, 6, 1;
L_0x55555b8ae870 .part o0x7fda0e7b0c08, 7, 1;
L_0x55555b8ae960 .part o0x7fda0e7b0c38, 7, 1;
L_0x55555b8aeb50 .part o0x7fda0e7b0c08, 8, 1;
L_0x55555b8aec40 .part o0x7fda0e7b0c38, 8, 1;
L_0x55555b8aee40 .part o0x7fda0e7b0c08, 9, 1;
L_0x55555b8aef30 .part o0x7fda0e7b0c38, 9, 1;
L_0x55555b8aed30 .part o0x7fda0e7b0c08, 10, 1;
L_0x55555b8af190 .part o0x7fda0e7b0c38, 10, 1;
L_0x55555b8af340 .part o0x7fda0e7b0c08, 11, 1;
L_0x55555b8af430 .part o0x7fda0e7b0c38, 11, 1;
L_0x55555b8af5f0 .part o0x7fda0e7b0c08, 12, 1;
L_0x55555b8af690 .part o0x7fda0e7b0c38, 12, 1;
L_0x55555b8af860 .part o0x7fda0e7b0c08, 13, 1;
L_0x55555b8af900 .part o0x7fda0e7b0c38, 13, 1;
L_0x55555b8afae0 .part o0x7fda0e7b0c08, 14, 1;
L_0x55555b8afb80 .part o0x7fda0e7b0c38, 14, 1;
L_0x55555b8afd70 .part o0x7fda0e7b0c08, 15, 1;
L_0x55555b8b0020 .part o0x7fda0e7b0c38, 15, 1;
LS_0x55555b8afc70_0_0 .concat8 [ 1 1 1 1], L_0x55555b8ad740, L_0x55555b8ad990, L_0x55555b8adc80, L_0x55555b8aded0;
LS_0x55555b8afc70_0_4 .concat8 [ 1 1 1 1], L_0x55555b8ae1b0, L_0x55555b8ae3b0, L_0x55555b8ae620, L_0x55555b8ae5b0;
LS_0x55555b8afc70_0_8 .concat8 [ 1 1 1 1], L_0x55555b8aeae0, L_0x55555b8aedd0, L_0x55555b8af0d0, L_0x55555b8af020;
LS_0x55555b8afc70_0_12 .concat8 [ 1 1 1 1], L_0x55555b8af280, L_0x55555b8af520, L_0x55555b8af780, L_0x55555b8af9f0;
L_0x55555b8afc70 .concat8 [ 4 4 4 4], LS_0x55555b8afc70_0_0, LS_0x55555b8afc70_0_4, LS_0x55555b8afc70_0_8, LS_0x55555b8afc70_0_12;
S_0x55555b82f610 .scope generate, "gen_or[0]" "gen_or[0]" 26 32, 26 32 0, S_0x55555b7e2360;
 .timescale -12 -12;
P_0x55555b71a7e0 .param/l "i" 1 26 32, +C4<00>;
S_0x55555b82f7a0 .scope module, "or_inst" "Or" 26 33, 27 8 0, S_0x55555b82f610;
 .timescale -12 -12;
    .port_info 0 /INPUT 1 "a";
    .port_info 1 /INPUT 1 "b";
    .port_info 2 /OUTPUT 1 "out";
L_0x55555b8ad740 .functor OR 1, L_0x55555b8ad7b0, L_0x55555b8ad8a0, C4<0>, C4<0>;
v0x55555b82f930_0 .net "a", 0 0, L_0x55555b8ad7b0;  1 drivers
v0x55555b82f9d0_0 .net "b", 0 0, L_0x55555b8ad8a0;  1 drivers
v0x55555b82fa70_0 .net "out", 0 0, L_0x55555b8ad740;  1 drivers
S_0x55555b82fb10 .scope generate, "gen_or[1]" "gen_or[1]" 26 32, 26 32 0, S_0x55555b7e2360;
 .timescale -12 -12;
P_0x55555b6dc510 .param/l "i" 1 26 32, +C4<01>;
S_0x55555b82fca0 .scope module, "or_inst" "Or" 26 33, 27 8 0, S_0x55555b82fb10;
 .timescale -12 -12;
    .port_info 0 /INPUT 1 "a";
    .port_info 1 /INPUT 1 "b";
    .port_info 2 /OUTPUT 1 "out";
L_0x55555b8ad990 .functor OR 1, L_0x55555b8ada00, L_0x55555b8adb40, C4<0>, C4<0>;
v0x55555b82fe30_0 .net "a", 0 0, L_0x55555b8ada00;  1 drivers
v0x55555b82fed0_0 .net "b", 0 0, L_0x55555b8adb40;  1 drivers
v0x55555b82ff70_0 .net "out", 0 0, L_0x55555b8ad990;  1 drivers
S_0x55555b830010 .scope generate, "gen_or[2]" "gen_or[2]" 26 32, 26 32 0, S_0x55555b7e2360;
 .timescale -12 -12;
P_0x55555b6d0a50 .param/l "i" 1 26 32, +C4<010>;
S_0x55555b8301a0 .scope module, "or_inst" "Or" 26 33, 27 8 0, S_0x55555b830010;
 .timescale -12 -12;
    .port_info 0 /INPUT 1 "a";
    .port_info 1 /INPUT 1 "b";
    .port_info 2 /OUTPUT 1 "out";
L_0x55555b8adc80 .functor OR 1, L_0x55555b8adcf0, L_0x55555b8adde0, C4<0>, C4<0>;
v0x55555b830330_0 .net "a", 0 0, L_0x55555b8adcf0;  1 drivers
v0x55555b8303d0_0 .net "b", 0 0, L_0x55555b8adde0;  1 drivers
v0x55555b830470_0 .net "out", 0 0, L_0x55555b8adc80;  1 drivers
S_0x55555b830510 .scope generate, "gen_or[3]" "gen_or[3]" 26 32, 26 32 0, S_0x55555b7e2360;
 .timescale -12 -12;
P_0x55555b6c9ab0 .param/l "i" 1 26 32, +C4<011>;
S_0x55555b8306a0 .scope module, "or_inst" "Or" 26 33, 27 8 0, S_0x55555b830510;
 .timescale -12 -12;
    .port_info 0 /INPUT 1 "a";
    .port_info 1 /INPUT 1 "b";
    .port_info 2 /OUTPUT 1 "out";
L_0x55555b8aded0 .functor OR 1, L_0x55555b8adf40, L_0x55555b8ae030, C4<0>, C4<0>;
v0x55555b830830_0 .net "a", 0 0, L_0x55555b8adf40;  1 drivers
v0x55555b8308d0_0 .net "b", 0 0, L_0x55555b8ae030;  1 drivers
v0x55555b830970_0 .net "out", 0 0, L_0x55555b8aded0;  1 drivers
S_0x55555b830a10 .scope generate, "gen_or[4]" "gen_or[4]" 26 32, 26 32 0, S_0x55555b7e2360;
 .timescale -12 -12;
P_0x55555b7593b0 .param/l "i" 1 26 32, +C4<0100>;
S_0x55555b830ba0 .scope module, "or_inst" "Or" 26 33, 27 8 0, S_0x55555b830a10;
 .timescale -12 -12;
    .port_info 0 /INPUT 1 "a";
    .port_info 1 /INPUT 1 "b";
    .port_info 2 /OUTPUT 1 "out";
L_0x55555b8ae1b0 .functor OR 1, L_0x55555b8ae220, L_0x55555b8ae2c0, C4<0>, C4<0>;
v0x55555b830d30_0 .net "a", 0 0, L_0x55555b8ae220;  1 drivers
v0x55555b830dd0_0 .net "b", 0 0, L_0x55555b8ae2c0;  1 drivers
v0x55555b830e70_0 .net "out", 0 0, L_0x55555b8ae1b0;  1 drivers
S_0x55555b830f10 .scope generate, "gen_or[5]" "gen_or[5]" 26 32, 26 32 0, S_0x55555b7e2360;
 .timescale -12 -12;
P_0x55555b6ca2b0 .param/l "i" 1 26 32, +C4<0101>;
S_0x55555b8310a0 .scope module, "or_inst" "Or" 26 33, 27 8 0, S_0x55555b830f10;
 .timescale -12 -12;
    .port_info 0 /INPUT 1 "a";
    .port_info 1 /INPUT 1 "b";
    .port_info 2 /OUTPUT 1 "out";
L_0x55555b8ae3b0 .functor OR 1, L_0x55555b8ae420, L_0x55555b8ae4c0, C4<0>, C4<0>;
v0x55555b8312f0_0 .net "a", 0 0, L_0x55555b8ae420;  1 drivers
v0x55555b831390_0 .net "b", 0 0, L_0x55555b8ae4c0;  1 drivers
v0x55555b831430_0 .net "out", 0 0, L_0x55555b8ae3b0;  1 drivers
S_0x55555b8314d0 .scope generate, "gen_or[6]" "gen_or[6]" 26 32, 26 32 0, S_0x55555b7e2360;
 .timescale -12 -12;
P_0x55555b8316b0 .param/l "i" 1 26 32, +C4<0110>;
S_0x55555b831750 .scope module, "or_inst" "Or" 26 33, 27 8 0, S_0x55555b8314d0;
 .timescale -12 -12;
    .port_info 0 /INPUT 1 "a";
    .port_info 1 /INPUT 1 "b";
    .port_info 2 /OUTPUT 1 "out";
L_0x55555b8ae620 .functor OR 1, L_0x55555b8ae690, L_0x55555b8ae780, C4<0>, C4<0>;
v0x55555b8319a0_0 .net "a", 0 0, L_0x55555b8ae690;  1 drivers
v0x55555b831a40_0 .net "b", 0 0, L_0x55555b8ae780;  1 drivers
v0x55555b831ae0_0 .net "out", 0 0, L_0x55555b8ae620;  1 drivers
S_0x55555b831b80 .scope generate, "gen_or[7]" "gen_or[7]" 26 32, 26 32 0, S_0x55555b7e2360;
 .timescale -12 -12;
P_0x55555b831d60 .param/l "i" 1 26 32, +C4<0111>;
S_0x55555b831e00 .scope module, "or_inst" "Or" 26 33, 27 8 0, S_0x55555b831b80;
 .timescale -12 -12;
    .port_info 0 /INPUT 1 "a";
    .port_info 1 /INPUT 1 "b";
    .port_info 2 /OUTPUT 1 "out";
L_0x55555b8ae5b0 .functor OR 1, L_0x55555b8ae870, L_0x55555b8ae960, C4<0>, C4<0>;
v0x55555b832050_0 .net "a", 0 0, L_0x55555b8ae870;  1 drivers
v0x55555b8320f0_0 .net "b", 0 0, L_0x55555b8ae960;  1 drivers
v0x55555b832190_0 .net "out", 0 0, L_0x55555b8ae5b0;  1 drivers
S_0x55555b832230 .scope generate, "gen_or[8]" "gen_or[8]" 26 32, 26 32 0, S_0x55555b7e2360;
 .timescale -12 -12;
P_0x55555b79b020 .param/l "i" 1 26 32, +C4<01000>;
S_0x55555b8324f0 .scope module, "or_inst" "Or" 26 33, 27 8 0, S_0x55555b832230;
 .timescale -12 -12;
    .port_info 0 /INPUT 1 "a";
    .port_info 1 /INPUT 1 "b";
    .port_info 2 /OUTPUT 1 "out";
L_0x55555b8aeae0 .functor OR 1, L_0x55555b8aeb50, L_0x55555b8aec40, C4<0>, C4<0>;
v0x55555b832740_0 .net "a", 0 0, L_0x55555b8aeb50;  1 drivers
v0x55555b8327e0_0 .net "b", 0 0, L_0x55555b8aec40;  1 drivers
v0x55555b832880_0 .net "out", 0 0, L_0x55555b8aeae0;  1 drivers
S_0x55555b832920 .scope generate, "gen_or[9]" "gen_or[9]" 26 32, 26 32 0, S_0x55555b7e2360;
 .timescale -12 -12;
P_0x55555b832b00 .param/l "i" 1 26 32, +C4<01001>;
S_0x55555b832ba0 .scope module, "or_inst" "Or" 26 33, 27 8 0, S_0x55555b832920;
 .timescale -12 -12;
    .port_info 0 /INPUT 1 "a";
    .port_info 1 /INPUT 1 "b";
    .port_info 2 /OUTPUT 1 "out";
L_0x55555b8aedd0 .functor OR 1, L_0x55555b8aee40, L_0x55555b8aef30, C4<0>, C4<0>;
v0x55555b832df0_0 .net "a", 0 0, L_0x55555b8aee40;  1 drivers
v0x55555b832e90_0 .net "b", 0 0, L_0x55555b8aef30;  1 drivers
v0x55555b832f30_0 .net "out", 0 0, L_0x55555b8aedd0;  1 drivers
S_0x55555b833010 .scope generate, "gen_or[10]" "gen_or[10]" 26 32, 26 32 0, S_0x55555b7e2360;
 .timescale -12 -12;
P_0x55555b8331f0 .param/l "i" 1 26 32, +C4<01010>;
S_0x55555b8332d0 .scope module, "or_inst" "Or" 26 33, 27 8 0, S_0x55555b833010;
 .timescale -12 -12;
    .port_info 0 /INPUT 1 "a";
    .port_info 1 /INPUT 1 "b";
    .port_info 2 /OUTPUT 1 "out";
L_0x55555b8af0d0 .functor OR 1, L_0x55555b8aed30, L_0x55555b8af190, C4<0>, C4<0>;
v0x55555b833540_0 .net "a", 0 0, L_0x55555b8aed30;  1 drivers
v0x55555b833620_0 .net "b", 0 0, L_0x55555b8af190;  1 drivers
v0x55555b8336e0_0 .net "out", 0 0, L_0x55555b8af0d0;  1 drivers
S_0x55555b833830 .scope generate, "gen_or[11]" "gen_or[11]" 26 32, 26 32 0, S_0x55555b7e2360;
 .timescale -12 -12;
P_0x55555b833a10 .param/l "i" 1 26 32, +C4<01011>;
S_0x55555b833af0 .scope module, "or_inst" "Or" 26 33, 27 8 0, S_0x55555b833830;
 .timescale -12 -12;
    .port_info 0 /INPUT 1 "a";
    .port_info 1 /INPUT 1 "b";
    .port_info 2 /OUTPUT 1 "out";
L_0x55555b8af020 .functor OR 1, L_0x55555b8af340, L_0x55555b8af430, C4<0>, C4<0>;
v0x55555b833d60_0 .net "a", 0 0, L_0x55555b8af340;  1 drivers
v0x55555b833e40_0 .net "b", 0 0, L_0x55555b8af430;  1 drivers
v0x55555b833f00_0 .net "out", 0 0, L_0x55555b8af020;  1 drivers
S_0x55555b834050 .scope generate, "gen_or[12]" "gen_or[12]" 26 32, 26 32 0, S_0x55555b7e2360;
 .timescale -12 -12;
P_0x55555b834230 .param/l "i" 1 26 32, +C4<01100>;
S_0x55555b834310 .scope module, "or_inst" "Or" 26 33, 27 8 0, S_0x55555b834050;
 .timescale -12 -12;
    .port_info 0 /INPUT 1 "a";
    .port_info 1 /INPUT 1 "b";
    .port_info 2 /OUTPUT 1 "out";
L_0x55555b8af280 .functor OR 1, L_0x55555b8af5f0, L_0x55555b8af690, C4<0>, C4<0>;
v0x55555b834580_0 .net "a", 0 0, L_0x55555b8af5f0;  1 drivers
v0x55555b834660_0 .net "b", 0 0, L_0x55555b8af690;  1 drivers
v0x55555b834720_0 .net "out", 0 0, L_0x55555b8af280;  1 drivers
S_0x55555b834870 .scope generate, "gen_or[13]" "gen_or[13]" 26 32, 26 32 0, S_0x55555b7e2360;
 .timescale -12 -12;
P_0x55555b834a50 .param/l "i" 1 26 32, +C4<01101>;
S_0x55555b834b30 .scope module, "or_inst" "Or" 26 33, 27 8 0, S_0x55555b834870;
 .timescale -12 -12;
    .port_info 0 /INPUT 1 "a";
    .port_info 1 /INPUT 1 "b";
    .port_info 2 /OUTPUT 1 "out";
L_0x55555b8af520 .functor OR 1, L_0x55555b8af860, L_0x55555b8af900, C4<0>, C4<0>;
v0x55555b834da0_0 .net "a", 0 0, L_0x55555b8af860;  1 drivers
v0x55555b834e80_0 .net "b", 0 0, L_0x55555b8af900;  1 drivers
v0x55555b834f40_0 .net "out", 0 0, L_0x55555b8af520;  1 drivers
S_0x55555b835090 .scope generate, "gen_or[14]" "gen_or[14]" 26 32, 26 32 0, S_0x55555b7e2360;
 .timescale -12 -12;
P_0x55555b835270 .param/l "i" 1 26 32, +C4<01110>;
S_0x55555b835350 .scope module, "or_inst" "Or" 26 33, 27 8 0, S_0x55555b835090;
 .timescale -12 -12;
    .port_info 0 /INPUT 1 "a";
    .port_info 1 /INPUT 1 "b";
    .port_info 2 /OUTPUT 1 "out";
L_0x55555b8af780 .functor OR 1, L_0x55555b8afae0, L_0x55555b8afb80, C4<0>, C4<0>;
v0x55555b8355c0_0 .net "a", 0 0, L_0x55555b8afae0;  1 drivers
v0x55555b8356a0_0 .net "b", 0 0, L_0x55555b8afb80;  1 drivers
v0x55555b835760_0 .net "out", 0 0, L_0x55555b8af780;  1 drivers
S_0x55555b8358b0 .scope generate, "gen_or[15]" "gen_or[15]" 26 32, 26 32 0, S_0x55555b7e2360;
 .timescale -12 -12;
P_0x55555b835a90 .param/l "i" 1 26 32, +C4<01111>;
S_0x55555b835b70 .scope module, "or_inst" "Or" 26 33, 27 8 0, S_0x55555b8358b0;
 .timescale -12 -12;
    .port_info 0 /INPUT 1 "a";
    .port_info 1 /INPUT 1 "b";
    .port_info 2 /OUTPUT 1 "out";
L_0x55555b8af9f0 .functor OR 1, L_0x55555b8afd70, L_0x55555b8b0020, C4<0>, C4<0>;
v0x55555b835de0_0 .net "a", 0 0, L_0x55555b8afd70;  1 drivers
v0x55555b835ec0_0 .net "b", 0 0, L_0x55555b8b0020;  1 drivers
v0x55555b835f80_0 .net "out", 0 0, L_0x55555b8af9f0;  1 drivers
S_0x55555b7e2eb0 .scope module, "Or8Way" "Or8Way" 28 7;
 .timescale -12 -12;
    .port_info 0 /INPUT 8 "in";
    .port_info 1 /OUTPUT 1 "out";
o0x7fda0e7b0d28 .functor BUFZ 8, c4<zzzzzzzz>; HiZ drive
v0x55555b836400_0 .net "in", 7 0, o0x7fda0e7b0d28;  0 drivers
v0x55555b8364e0_0 .net "out", 0 0, L_0x55555b8b08e0;  1 drivers
L_0x55555b8b08e0 .reduce/or o0x7fda0e7b0d28;
S_0x55555b7e4240 .scope module, "PC_tb" "PC_tb" 29 2;
 .timescale -12 -12;
v0x55555b837020_0 .var "clk", 0 0;
v0x55555b8370c0_0 .var "fail", 0 0;
v0x55555b837160_0 .var "in", 15 0;
v0x55555b837260_0 .var "inc", 0 0;
v0x55555b837330_0 .var "load", 0 0;
v0x55555b837420_0 .var "n", 15 0;
v0x55555b8374c0_0 .net "out", 15 0, v0x55555b836b70_0;  1 drivers
v0x55555b837590_0 .var "out_cmp", 15 0;
v0x55555b837650_0 .var "reset", 0 0;
S_0x55555b836600 .scope module, "PC" "PC" 29 12, 30 10 0, S_0x55555b7e4240;
 .timescale -12 -12;
    .port_info 0 /INPUT 1 "clk";
    .port_info 1 /INPUT 16 "in";
    .port_info 2 /INPUT 1 "load";
    .port_info 3 /INPUT 1 "inc";
    .port_info 4 /INPUT 1 "reset";
    .port_info 5 /OUTPUT 16 "out";
v0x55555b836820_0 .net "clk", 0 0, v0x55555b837020_0;  1 drivers
v0x55555b836900_0 .net "in", 15 0, v0x55555b837160_0;  1 drivers
v0x55555b8369e0_0 .net "inc", 0 0, v0x55555b837260_0;  1 drivers
v0x55555b836ab0_0 .net "load", 0 0, v0x55555b837330_0;  1 drivers
v0x55555b836b70_0 .var "out", 15 0;
v0x55555b836ca0_0 .net "reset", 0 0, v0x55555b837650_0;  1 drivers
E_0x55555b74c1e0 .event posedge, v0x55555b836820_0;
S_0x55555b836e20 .scope task, "check" "check" 29 36, 29 36 0, S_0x55555b7e4240;
 .timescale -12 -12;
TD_PC_tb.check ;
    %delay 1, 0;
    %load/vec4 v0x55555b8374c0_0;
    %load/vec4 v0x55555b837590_0;
    %cmp/ne;
    %jmp/0xz  T_2.4, 4;
    %vpi_call/w 29 40 "$display", "FAIL: clk=%1b, in=%16b, load=%1b, inc=%1b, reset=%1b, out=%16b", v0x55555b837020_0, v0x55555b837160_0, v0x55555b837330_0, v0x55555b837260_0, v0x55555b837650_0, v0x55555b8374c0_0 {0 0 0};
    %pushi/vec4 1, 0, 1;
    %store/vec4 v0x55555b8370c0_0, 0, 1;
T_2.4 ;
    %end;
S_0x55555b7af540 .scope module, "Register" "Register" 31 9;
 .timescale -12 -12;
    .port_info 0 /INPUT 1 "clk";
    .port_info 1 /INPUT 16 "in";
    .port_info 2 /INPUT 1 "load";
    .port_info 3 /OUTPUT 16 "out";
o0x7fda0e7b10b8 .functor BUFZ 1, c4<z>; HiZ drive
v0x55555b840850_0 .net "clk", 0 0, o0x7fda0e7b10b8;  0 drivers
o0x7fda0e7b2318 .functor BUFZ 16, c4<zzzzzzzzzzzzzzzz>; HiZ drive
v0x55555b840b20_0 .net "in", 15 0, o0x7fda0e7b2318;  0 drivers
o0x7fda0e7b1118 .functor BUFZ 1, c4<z>; HiZ drive
v0x55555b840c00_0 .net "load", 0 0, o0x7fda0e7b1118;  0 drivers
v0x55555b840eb0_0 .net "out", 15 0, L_0x55555b8b1730;  1 drivers
L_0x55555b8b0980 .part o0x7fda0e7b2318, 0, 1;
L_0x55555b8b0a20 .part o0x7fda0e7b2318, 1, 1;
L_0x55555b8b0b10 .part o0x7fda0e7b2318, 2, 1;
L_0x55555b8b0bb0 .part o0x7fda0e7b2318, 3, 1;
L_0x55555b8b0c50 .part o0x7fda0e7b2318, 4, 1;
L_0x55555b8b0cf0 .part o0x7fda0e7b2318, 5, 1;
L_0x55555b8b0d90 .part o0x7fda0e7b2318, 6, 1;
L_0x55555b8b0e30 .part o0x7fda0e7b2318, 7, 1;
L_0x55555b8b0f20 .part o0x7fda0e7b2318, 8, 1;
L_0x55555b8b0fc0 .part o0x7fda0e7b2318, 9, 1;
L_0x55555b8b1060 .part o0x7fda0e7b2318, 10, 1;
L_0x55555b8b1100 .part o0x7fda0e7b2318, 11, 1;
L_0x55555b8b1210 .part o0x7fda0e7b2318, 12, 1;
L_0x55555b8b12b0 .part o0x7fda0e7b2318, 13, 1;
L_0x55555b8b1350 .part o0x7fda0e7b2318, 14, 1;
L_0x55555b8b13f0 .part o0x7fda0e7b2318, 15, 1;
LS_0x55555b8b1730_0_0 .concat8 [ 1 1 1 1], v0x55555b837f90_0, v0x55555b8388e0_0, v0x55555b839230_0, v0x55555b839af0_0;
LS_0x55555b8b1730_0_4 .concat8 [ 1 1 1 1], v0x55555b83a520_0, v0x55555b83ad70_0, v0x55555b83b660_0, v0x55555b83bf50_0;
LS_0x55555b8b1730_0_8 .concat8 [ 1 1 1 1], v0x55555b83c990_0, v0x55555b83d1f0_0, v0x55555b83da50_0, v0x55555b83e340_0;
LS_0x55555b8b1730_0_12 .concat8 [ 1 1 1 1], v0x55555b83ec30_0, v0x55555b83f520_0, v0x55555b83fe10_0, v0x55555b840700_0;
L_0x55555b8b1730 .concat8 [ 4 4 4 4], LS_0x55555b8b1730_0_0, LS_0x55555b8b1730_0_4, LS_0x55555b8b1730_0_8, LS_0x55555b8b1730_0_12;
S_0x55555b8377b0 .scope generate, "gen_bit[0]" "gen_bit[0]" 31 24, 31 24 0, S_0x55555b7af540;
 .timescale -12 -12;
P_0x55555b837960 .param/l "i" 1 31 24, +C4<00>;
S_0x55555b837a40 .scope module, "bit_inst" "Bit" 31 25, 32 8 0, S_0x55555b8377b0;
 .timescale -12 -12;
    .port_info 0 /INPUT 1 "clk";
    .port_info 1 /INPUT 1 "in";
    .port_info 2 /INPUT 1 "load";
    .port_info 3 /OUTPUT 1 "out";
v0x55555b837d20_0 .net "clk", 0 0, o0x7fda0e7b10b8;  alias, 0 drivers
v0x55555b837e00_0 .net "in", 0 0, L_0x55555b8b0980;  1 drivers
v0x55555b837ec0_0 .net "load", 0 0, o0x7fda0e7b1118;  alias, 0 drivers
v0x55555b837f90_0 .var "out", 0 0;
E_0x55555b78b920 .event posedge, v0x55555b837d20_0;
S_0x55555b838100 .scope generate, "gen_bit[1]" "gen_bit[1]" 31 24, 31 24 0, S_0x55555b7af540;
 .timescale -12 -12;
P_0x55555b838320 .param/l "i" 1 31 24, +C4<01>;
S_0x55555b8383e0 .scope module, "bit_inst" "Bit" 31 25, 32 8 0, S_0x55555b838100;
 .timescale -12 -12;
    .port_info 0 /INPUT 1 "clk";
    .port_info 1 /INPUT 1 "in";
    .port_info 2 /INPUT 1 "load";
    .port_info 3 /OUTPUT 1 "out";
v0x55555b838650_0 .net "clk", 0 0, o0x7fda0e7b10b8;  alias, 0 drivers
v0x55555b838740_0 .net "in", 0 0, L_0x55555b8b0a20;  1 drivers
v0x55555b8387e0_0 .net "load", 0 0, o0x7fda0e7b1118;  alias, 0 drivers
v0x55555b8388e0_0 .var "out", 0 0;
S_0x55555b838a10 .scope generate, "gen_bit[2]" "gen_bit[2]" 31 24, 31 24 0, S_0x55555b7af540;
 .timescale -12 -12;
P_0x55555b838c10 .param/l "i" 1 31 24, +C4<010>;
S_0x55555b838cd0 .scope module, "bit_inst" "Bit" 31 25, 32 8 0, S_0x55555b838a10;
 .timescale -12 -12;
    .port_info 0 /INPUT 1 "clk";
    .port_info 1 /INPUT 1 "in";
    .port_info 2 /INPUT 1 "load";
    .port_info 3 /OUTPUT 1 "out";
v0x55555b838f70_0 .net "clk", 0 0, o0x7fda0e7b10b8;  alias, 0 drivers
v0x55555b839080_0 .net "in", 0 0, L_0x55555b8b0b10;  1 drivers
v0x55555b839140_0 .net "load", 0 0, o0x7fda0e7b1118;  alias, 0 drivers
v0x55555b839230_0 .var "out", 0 0;
S_0x55555b839350 .scope generate, "gen_bit[3]" "gen_bit[3]" 31 24, 31 24 0, S_0x55555b7af540;
 .timescale -12 -12;
P_0x55555b839550 .param/l "i" 1 31 24, +C4<011>;
S_0x55555b839630 .scope module, "bit_inst" "Bit" 31 25, 32 8 0, S_0x55555b839350;
 .timescale -12 -12;
    .port_info 0 /INPUT 1 "clk";
    .port_info 1 /INPUT 1 "in";
    .port_info 2 /INPUT 1 "load";
    .port_info 3 /OUTPUT 1 "out";
v0x55555b8398a0_0 .net "clk", 0 0, o0x7fda0e7b10b8;  alias, 0 drivers
v0x55555b839960_0 .net "in", 0 0, L_0x55555b8b0bb0;  1 drivers
v0x55555b839a20_0 .net "load", 0 0, o0x7fda0e7b1118;  alias, 0 drivers
v0x55555b839af0_0 .var "out", 0 0;
S_0x55555b839c40 .scope generate, "gen_bit[4]" "gen_bit[4]" 31 24, 31 24 0, S_0x55555b7af540;
 .timescale -12 -12;
P_0x55555b839e90 .param/l "i" 1 31 24, +C4<0100>;
S_0x55555b839f70 .scope module, "bit_inst" "Bit" 31 25, 32 8 0, S_0x55555b839c40;
 .timescale -12 -12;
    .port_info 0 /INPUT 1 "clk";
    .port_info 1 /INPUT 1 "in";
    .port_info 2 /INPUT 1 "load";
    .port_info 3 /OUTPUT 1 "out";
v0x55555b83a1e0_0 .net "clk", 0 0, o0x7fda0e7b10b8;  alias, 0 drivers
v0x55555b83a330_0 .net "in", 0 0, L_0x55555b8b0c50;  1 drivers
v0x55555b83a3f0_0 .net "load", 0 0, o0x7fda0e7b1118;  alias, 0 drivers
v0x55555b83a520_0 .var "out", 0 0;
S_0x55555b83a670 .scope generate, "gen_bit[5]" "gen_bit[5]" 31 24, 31 24 0, S_0x55555b7af540;
 .timescale -12 -12;
P_0x55555b839030 .param/l "i" 1 31 24, +C4<0101>;
S_0x55555b83a8b0 .scope module, "bit_inst" "Bit" 31 25, 32 8 0, S_0x55555b83a670;
 .timescale -12 -12;
    .port_info 0 /INPUT 1 "clk";
    .port_info 1 /INPUT 1 "in";
    .port_info 2 /INPUT 1 "load";
    .port_info 3 /OUTPUT 1 "out";
v0x55555b83ab20_0 .net "clk", 0 0, o0x7fda0e7b10b8;  alias, 0 drivers
v0x55555b83abe0_0 .net "in", 0 0, L_0x55555b8b0cf0;  1 drivers
v0x55555b83aca0_0 .net "load", 0 0, o0x7fda0e7b1118;  alias, 0 drivers
v0x55555b83ad70_0 .var "out", 0 0;
S_0x55555b83aec0 .scope generate, "gen_bit[6]" "gen_bit[6]" 31 24, 31 24 0, S_0x55555b7af540;
 .timescale -12 -12;
P_0x55555b83b0c0 .param/l "i" 1 31 24, +C4<0110>;
S_0x55555b83b1a0 .scope module, "bit_inst" "Bit" 31 25, 32 8 0, S_0x55555b83aec0;
 .timescale -12 -12;
    .port_info 0 /INPUT 1 "clk";
    .port_info 1 /INPUT 1 "in";
    .port_info 2 /INPUT 1 "load";
    .port_info 3 /OUTPUT 1 "out";
v0x55555b83b410_0 .net "clk", 0 0, o0x7fda0e7b10b8;  alias, 0 drivers
v0x55555b83b4d0_0 .net "in", 0 0, L_0x55555b8b0d90;  1 drivers
v0x55555b83b590_0 .net "load", 0 0, o0x7fda0e7b1118;  alias, 0 drivers
v0x55555b83b660_0 .var "out", 0 0;
S_0x55555b83b7b0 .scope generate, "gen_bit[7]" "gen_bit[7]" 31 24, 31 24 0, S_0x55555b7af540;
 .timescale -12 -12;
P_0x55555b83b9b0 .param/l "i" 1 31 24, +C4<0111>;
S_0x55555b83ba90 .scope module, "bit_inst" "Bit" 31 25, 32 8 0, S_0x55555b83b7b0;
 .timescale -12 -12;
    .port_info 0 /INPUT 1 "clk";
    .port_info 1 /INPUT 1 "in";
    .port_info 2 /INPUT 1 "load";
    .port_info 3 /OUTPUT 1 "out";
v0x55555b83bd00_0 .net "clk", 0 0, o0x7fda0e7b10b8;  alias, 0 drivers
v0x55555b83bdc0_0 .net "in", 0 0, L_0x55555b8b0e30;  1 drivers
v0x55555b83be80_0 .net "load", 0 0, o0x7fda0e7b1118;  alias, 0 drivers
v0x55555b83bf50_0 .var "out", 0 0;
S_0x55555b83c0a0 .scope generate, "gen_bit[8]" "gen_bit[8]" 31 24, 31 24 0, S_0x55555b7af540;
 .timescale -12 -12;
P_0x55555b839e40 .param/l "i" 1 31 24, +C4<01000>;
S_0x55555b83c3c0 .scope module, "bit_inst" "Bit" 31 25, 32 8 0, S_0x55555b83c0a0;
 .timescale -12 -12;
    .port_info 0 /INPUT 1 "clk";
    .port_info 1 /INPUT 1 "in";
    .port_info 2 /INPUT 1 "load";
    .port_info 3 /OUTPUT 1 "out";
v0x55555b83c630_0 .net "clk", 0 0, o0x7fda0e7b10b8;  alias, 0 drivers
v0x55555b83c6f0_0 .net "in", 0 0, L_0x55555b8b0f20;  1 drivers
v0x55555b83c7b0_0 .net "load", 0 0, o0x7fda0e7b1118;  alias, 0 drivers
v0x55555b83c990_0 .var "out", 0 0;
S_0x55555b83cae0 .scope generate, "gen_bit[9]" "gen_bit[9]" 31 24, 31 24 0, S_0x55555b7af540;
 .timescale -12 -12;
P_0x55555b83cce0 .param/l "i" 1 31 24, +C4<01001>;
S_0x55555b83cdc0 .scope module, "bit_inst" "Bit" 31 25, 32 8 0, S_0x55555b83cae0;
 .timescale -12 -12;
    .port_info 0 /INPUT 1 "clk";
    .port_info 1 /INPUT 1 "in";
    .port_info 2 /INPUT 1 "load";
    .port_info 3 /OUTPUT 1 "out";
v0x55555b83cfa0_0 .net "clk", 0 0, o0x7fda0e7b10b8;  alias, 0 drivers
v0x55555b83d060_0 .net "in", 0 0, L_0x55555b8b0fc0;  1 drivers
v0x55555b83d120_0 .net "load", 0 0, o0x7fda0e7b1118;  alias, 0 drivers
v0x55555b83d1f0_0 .var "out", 0 0;
S_0x55555b83d340 .scope generate, "gen_bit[10]" "gen_bit[10]" 31 24, 31 24 0, S_0x55555b7af540;
 .timescale -12 -12;
P_0x55555b83d540 .param/l "i" 1 31 24, +C4<01010>;
S_0x55555b83d620 .scope module, "bit_inst" "Bit" 31 25, 32 8 0, S_0x55555b83d340;
 .timescale -12 -12;
    .port_info 0 /INPUT 1 "clk";
    .port_info 1 /INPUT 1 "in";
    .port_info 2 /INPUT 1 "load";
    .port_info 3 /OUTPUT 1 "out";
v0x55555b83d800_0 .net "clk", 0 0, o0x7fda0e7b10b8;  alias, 0 drivers
v0x55555b83d8c0_0 .net "in", 0 0, L_0x55555b8b1060;  1 drivers
v0x55555b83d980_0 .net "load", 0 0, o0x7fda0e7b1118;  alias, 0 drivers
v0x55555b83da50_0 .var "out", 0 0;
S_0x55555b83dba0 .scope generate, "gen_bit[11]" "gen_bit[11]" 31 24, 31 24 0, S_0x55555b7af540;
 .timescale -12 -12;
P_0x55555b83dda0 .param/l "i" 1 31 24, +C4<01011>;
S_0x55555b83de80 .scope module, "bit_inst" "Bit" 31 25, 32 8 0, S_0x55555b83dba0;
 .timescale -12 -12;
    .port_info 0 /INPUT 1 "clk";
    .port_info 1 /INPUT 1 "in";
    .port_info 2 /INPUT 1 "load";
    .port_info 3 /OUTPUT 1 "out";
v0x55555b83e0f0_0 .net "clk", 0 0, o0x7fda0e7b10b8;  alias, 0 drivers
v0x55555b83e1b0_0 .net "in", 0 0, L_0x55555b8b1100;  1 drivers
v0x55555b83e270_0 .net "load", 0 0, o0x7fda0e7b1118;  alias, 0 drivers
v0x55555b83e340_0 .var "out", 0 0;
S_0x55555b83e490 .scope generate, "gen_bit[12]" "gen_bit[12]" 31 24, 31 24 0, S_0x55555b7af540;
 .timescale -12 -12;
P_0x55555b83e690 .param/l "i" 1 31 24, +C4<01100>;
S_0x55555b83e770 .scope module, "bit_inst" "Bit" 31 25, 32 8 0, S_0x55555b83e490;
 .timescale -12 -12;
    .port_info 0 /INPUT 1 "clk";
    .port_info 1 /INPUT 1 "in";
    .port_info 2 /INPUT 1 "load";
    .port_info 3 /OUTPUT 1 "out";
v0x55555b83e9e0_0 .net "clk", 0 0, o0x7fda0e7b10b8;  alias, 0 drivers
v0x55555b83eaa0_0 .net "in", 0 0, L_0x55555b8b1210;  1 drivers
v0x55555b83eb60_0 .net "load", 0 0, o0x7fda0e7b1118;  alias, 0 drivers
v0x55555b83ec30_0 .var "out", 0 0;
S_0x55555b83ed80 .scope generate, "gen_bit[13]" "gen_bit[13]" 31 24, 31 24 0, S_0x55555b7af540;
 .timescale -12 -12;
P_0x55555b83ef80 .param/l "i" 1 31 24, +C4<01101>;
S_0x55555b83f060 .scope module, "bit_inst" "Bit" 31 25, 32 8 0, S_0x55555b83ed80;
 .timescale -12 -12;
    .port_info 0 /INPUT 1 "clk";
    .port_info 1 /INPUT 1 "in";
    .port_info 2 /INPUT 1 "load";
    .port_info 3 /OUTPUT 1 "out";
v0x55555b83f2d0_0 .net "clk", 0 0, o0x7fda0e7b10b8;  alias, 0 drivers
v0x55555b83f390_0 .net "in", 0 0, L_0x55555b8b12b0;  1 drivers
v0x55555b83f450_0 .net "load", 0 0, o0x7fda0e7b1118;  alias, 0 drivers
v0x55555b83f520_0 .var "out", 0 0;
S_0x55555b83f670 .scope generate, "gen_bit[14]" "gen_bit[14]" 31 24, 31 24 0, S_0x55555b7af540;
 .timescale -12 -12;
P_0x55555b83f870 .param/l "i" 1 31 24, +C4<01110>;
S_0x55555b83f950 .scope module, "bit_inst" "Bit" 31 25, 32 8 0, S_0x55555b83f670;
 .timescale -12 -12;
    .port_info 0 /INPUT 1 "clk";
    .port_info 1 /INPUT 1 "in";
    .port_info 2 /INPUT 1 "load";
    .port_info 3 /OUTPUT 1 "out";
v0x55555b83fbc0_0 .net "clk", 0 0, o0x7fda0e7b10b8;  alias, 0 drivers
v0x55555b83fc80_0 .net "in", 0 0, L_0x55555b8b1350;  1 drivers
v0x55555b83fd40_0 .net "load", 0 0, o0x7fda0e7b1118;  alias, 0 drivers
v0x55555b83fe10_0 .var "out", 0 0;
S_0x55555b83ff60 .scope generate, "gen_bit[15]" "gen_bit[15]" 31 24, 31 24 0, S_0x55555b7af540;
 .timescale -12 -12;
P_0x55555b840160 .param/l "i" 1 31 24, +C4<01111>;
S_0x55555b840240 .scope module, "bit_inst" "Bit" 31 25, 32 8 0, S_0x55555b83ff60;
 .timescale -12 -12;
    .port_info 0 /INPUT 1 "clk";
    .port_info 1 /INPUT 1 "in";
    .port_info 2 /INPUT 1 "load";
    .port_info 3 /OUTPUT 1 "out";
v0x55555b8404b0_0 .net "clk", 0 0, o0x7fda0e7b10b8;  alias, 0 drivers
v0x55555b840570_0 .net "in", 0 0, L_0x55555b8b13f0;  1 drivers
v0x55555b840630_0 .net "load", 0 0, o0x7fda0e7b1118;  alias, 0 drivers
v0x55555b840700_0 .var "out", 0 0;
S_0x55555b7ae930 .scope module, "SB_CARRY" "SB_CARRY" 17 228;
 .timescale -12 -12;
    .port_info 0 /OUTPUT 1 "CO";
    .port_info 1 /INPUT 1 "I0";
    .port_info 2 /INPUT 1 "I1";
    .port_info 3 /INPUT 1 "CI";
o0x7fda0e7b2498 .functor BUFZ 1, c4<z>; HiZ drive
o0x7fda0e7b24c8 .functor BUFZ 1, c4<z>; HiZ drive
L_0x55555b8b11a0 .functor AND 1, o0x7fda0e7b2498, o0x7fda0e7b24c8, C4<1>, C4<1>;
L_0x55555b8b18c0 .functor OR 1, o0x7fda0e7b2498, o0x7fda0e7b24c8, C4<0>, C4<0>;
o0x7fda0e7b2438 .functor BUFZ 1, c4<z>; HiZ drive
L_0x55555b8b1960 .functor AND 1, L_0x55555b8b18c0, o0x7fda0e7b2438, C4<1>, C4<1>;
L_0x55555b8b1a20 .functor OR 1, L_0x55555b8b11a0, L_0x55555b8b1960, C4<0>, C4<0>;
v0x55555b841020_0 .net "CI", 0 0, o0x7fda0e7b2438;  0 drivers
v0x55555b841100_0 .net "CO", 0 0, L_0x55555b8b1a20;  1 drivers
v0x55555b8411c0_0 .net "I0", 0 0, o0x7fda0e7b2498;  0 drivers
v0x55555b841260_0 .net "I1", 0 0, o0x7fda0e7b24c8;  0 drivers
v0x55555b841320_0 .net *"_ivl_1", 0 0, L_0x55555b8b11a0;  1 drivers
v0x55555b841430_0 .net *"_ivl_3", 0 0, L_0x55555b8b18c0;  1 drivers
v0x55555b8414f0_0 .net *"_ivl_5", 0 0, L_0x55555b8b1960;  1 drivers
S_0x55555b7add20 .scope module, "SB_DFF" "SB_DFF" 17 265;
 .timescale -12 -12;
    .port_info 0 /OUTPUT 1 "Q";
    .port_info 1 /INPUT 1 "C";
    .port_info 2 /INPUT 1 "D";
o0x7fda0e7b2648 .functor BUFZ 1, c4<z>; HiZ drive
v0x55555b841670_0 .net "C", 0 0, o0x7fda0e7b2648;  0 drivers
o0x7fda0e7b2678 .functor BUFZ 1, c4<z>; HiZ drive
v0x55555b841750_0 .net "D", 0 0, o0x7fda0e7b2678;  0 drivers
v0x55555b841810_0 .var "Q", 0 0;
E_0x55555b749d80 .event posedge, v0x55555b841670_0;
S_0x55555b7ad110 .scope module, "SB_DFFE" "SB_DFFE" 17 303;
 .timescale -12 -12;
    .port_info 0 /OUTPUT 1 "Q";
    .port_info 1 /INPUT 1 "C";
    .port_info 2 /INPUT 1 "E";
    .port_info 3 /INPUT 1 "D";
o0x7fda0e7b2768 .functor BUFZ 1, c4<z>; HiZ drive
v0x55555b841950_0 .net "C", 0 0, o0x7fda0e7b2768;  0 drivers
o0x7fda0e7b2798 .functor BUFZ 1, c4<z>; HiZ drive
v0x55555b841a30_0 .net "D", 0 0, o0x7fda0e7b2798;  0 drivers
o0x7fda0e7b27c8 .functor BUFZ 1, c4<z>; HiZ drive
v0x55555b841af0_0 .net "E", 0 0, o0x7fda0e7b27c8;  0 drivers
v0x55555b841bc0_0 .var "Q", 0 0;
E_0x55555b74fd80 .event posedge, v0x55555b841950_0;
S_0x55555b7ac500 .scope module, "SB_DFFER" "SB_DFFER" 17 653;
 .timescale -12 -12;
    .port_info 0 /OUTPUT 1 "Q";
    .port_info 1 /INPUT 1 "C";
    .port_info 2 /INPUT 1 "E";
    .port_info 3 /INPUT 1 "R";
    .port_info 4 /INPUT 1 "D";
o0x7fda0e7b28e8 .functor BUFZ 1, c4<z>; HiZ drive
v0x55555b841d70_0 .net "C", 0 0, o0x7fda0e7b28e8;  0 drivers
o0x7fda0e7b2918 .functor BUFZ 1, c4<z>; HiZ drive
v0x55555b841e50_0 .net "D", 0 0, o0x7fda0e7b2918;  0 drivers
o0x7fda0e7b2948 .functor BUFZ 1, c4<z>; HiZ drive
v0x55555b841f10_0 .net "E", 0 0, o0x7fda0e7b2948;  0 drivers
v0x55555b841fb0_0 .var "Q", 0 0;
o0x7fda0e7b29a8 .functor BUFZ 1, c4<z>; HiZ drive
v0x55555b842070_0 .net "R", 0 0, o0x7fda0e7b29a8;  0 drivers
E_0x55555b74a1e0 .event posedge, v0x55555b842070_0, v0x55555b841d70_0;
S_0x55555b7ab8f0 .scope module, "SB_DFFES" "SB_DFFES" 17 794;
 .timescale -12 -12;
    .port_info 0 /OUTPUT 1 "Q";
    .port_info 1 /INPUT 1 "C";
    .port_info 2 /INPUT 1 "E";
    .port_info 3 /INPUT 1 "S";
    .port_info 4 /INPUT 1 "D";
o0x7fda0e7b2ac8 .functor BUFZ 1, c4<z>; HiZ drive
v0x55555b842260_0 .net "C", 0 0, o0x7fda0e7b2ac8;  0 drivers
o0x7fda0e7b2af8 .functor BUFZ 1, c4<z>; HiZ drive
v0x55555b842340_0 .net "D", 0 0, o0x7fda0e7b2af8;  0 drivers
o0x7fda0e7b2b28 .functor BUFZ 1, c4<z>; HiZ drive
v0x55555b842400_0 .net "E", 0 0, o0x7fda0e7b2b28;  0 drivers
v0x55555b8424a0_0 .var "Q", 0 0;
o0x7fda0e7b2b88 .functor BUFZ 1, c4<z>; HiZ drive
v0x55555b842560_0 .net "S", 0 0, o0x7fda0e7b2b88;  0 drivers
E_0x55555b7534b0 .event posedge, v0x55555b842560_0, v0x55555b842260_0;
S_0x55555b7aace0 .scope module, "SB_DFFESR" "SB_DFFESR" 17 592;
 .timescale -12 -12;
    .port_info 0 /OUTPUT 1 "Q";
    .port_info 1 /INPUT 1 "C";
    .port_info 2 /INPUT 1 "E";
    .port_info 3 /INPUT 1 "R";
    .port_info 4 /INPUT 1 "D";
o0x7fda0e7b2ca8 .functor BUFZ 1, c4<z>; HiZ drive
v0x55555b842790_0 .net "C", 0 0, o0x7fda0e7b2ca8;  0 drivers
o0x7fda0e7b2cd8 .functor BUFZ 1, c4<z>; HiZ drive
v0x55555b842870_0 .net "D", 0 0, o0x7fda0e7b2cd8;  0 drivers
o0x7fda0e7b2d08 .functor BUFZ 1, c4<z>; HiZ drive
v0x55555b842930_0 .net "E", 0 0, o0x7fda0e7b2d08;  0 drivers
v0x55555b8429d0_0 .var "Q", 0 0;
o0x7fda0e7b2d68 .functor BUFZ 1, c4<z>; HiZ drive
v0x55555b842a90_0 .net "R", 0 0, o0x7fda0e7b2d68;  0 drivers
E_0x55555b842710 .event posedge, v0x55555b842790_0;
S_0x55555b7aa0d0 .scope module, "SB_DFFESS" "SB_DFFESS" 17 733;
 .timescale -12 -12;
    .port_info 0 /OUTPUT 1 "Q";
    .port_info 1 /INPUT 1 "C";
    .port_info 2 /INPUT 1 "E";
    .port_info 3 /INPUT 1 "S";
    .port_info 4 /INPUT 1 "D";
o0x7fda0e7b2e88 .functor BUFZ 1, c4<z>; HiZ drive
v0x55555b842cc0_0 .net "C", 0 0, o0x7fda0e7b2e88;  0 drivers
o0x7fda0e7b2eb8 .functor BUFZ 1, c4<z>; HiZ drive
v0x55555b842da0_0 .net "D", 0 0, o0x7fda0e7b2eb8;  0 drivers
o0x7fda0e7b2ee8 .functor BUFZ 1, c4<z>; HiZ drive
v0x55555b842e60_0 .net "E", 0 0, o0x7fda0e7b2ee8;  0 drivers
v0x55555b842f00_0 .var "Q", 0 0;
o0x7fda0e7b2f48 .functor BUFZ 1, c4<z>; HiZ drive
v0x55555b842fc0_0 .net "S", 0 0, o0x7fda0e7b2f48;  0 drivers
E_0x55555b842c40 .event posedge, v0x55555b842cc0_0;
S_0x55555b7a94c0 .scope module, "SB_DFFN" "SB_DFFN" 17 876;
 .timescale -12 -12;
    .port_info 0 /OUTPUT 1 "Q";
    .port_info 1 /INPUT 1 "C";
    .port_info 2 /INPUT 1 "D";
o0x7fda0e7b3068 .functor BUFZ 1, c4<z>; HiZ drive
v0x55555b8431f0_0 .net "C", 0 0, o0x7fda0e7b3068;  0 drivers
o0x7fda0e7b3098 .functor BUFZ 1, c4<z>; HiZ drive
v0x55555b8432d0_0 .net "D", 0 0, o0x7fda0e7b3098;  0 drivers
v0x55555b843390_0 .var "Q", 0 0;
E_0x55555b843170 .event negedge, v0x55555b8431f0_0;
S_0x55555b7a88b0 .scope module, "SB_DFFNE" "SB_DFFNE" 17 914;
 .timescale -12 -12;
    .port_info 0 /OUTPUT 1 "Q";
    .port_info 1 /INPUT 1 "C";
    .port_info 2 /INPUT 1 "E";
    .port_info 3 /INPUT 1 "D";
o0x7fda0e7b3188 .functor BUFZ 1, c4<z>; HiZ drive
v0x55555b843510_0 .net "C", 0 0, o0x7fda0e7b3188;  0 drivers
o0x7fda0e7b31b8 .functor BUFZ 1, c4<z>; HiZ drive
v0x55555b8435f0_0 .net "D", 0 0, o0x7fda0e7b31b8;  0 drivers
o0x7fda0e7b31e8 .functor BUFZ 1, c4<z>; HiZ drive
v0x55555b8436b0_0 .net "E", 0 0, o0x7fda0e7b31e8;  0 drivers
v0x55555b843780_0 .var "Q", 0 0;
E_0x55555b8434b0 .event negedge, v0x55555b843510_0;
S_0x55555b7a7ca0 .scope module, "SB_DFFNER" "SB_DFFNER" 17 1264;
 .timescale -12 -12;
    .port_info 0 /OUTPUT 1 "Q";
    .port_info 1 /INPUT 1 "C";
    .port_info 2 /INPUT 1 "E";
    .port_info 3 /INPUT 1 "R";
    .port_info 4 /INPUT 1 "D";
o0x7fda0e7b3308 .functor BUFZ 1, c4<z>; HiZ drive
v0x55555b843970_0 .net "C", 0 0, o0x7fda0e7b3308;  0 drivers
o0x7fda0e7b3338 .functor BUFZ 1, c4<z>; HiZ drive
v0x55555b843a50_0 .net "D", 0 0, o0x7fda0e7b3338;  0 drivers
o0x7fda0e7b3368 .functor BUFZ 1, c4<z>; HiZ drive
v0x55555b843b10_0 .net "E", 0 0, o0x7fda0e7b3368;  0 drivers
v0x55555b843bb0_0 .var "Q", 0 0;
o0x7fda0e7b33c8 .functor BUFZ 1, c4<z>; HiZ drive
v0x55555b843c70_0 .net "R", 0 0, o0x7fda0e7b33c8;  0 drivers
E_0x55555b8438f0/0 .event negedge, v0x55555b843970_0;
E_0x55555b8438f0/1 .event posedge, v0x55555b843c70_0;
E_0x55555b8438f0 .event/or E_0x55555b8438f0/0, E_0x55555b8438f0/1;
S_0x55555b7a7090 .scope module, "SB_DFFNES" "SB_DFFNES" 17 1405;
 .timescale -12 -12;
    .port_info 0 /OUTPUT 1 "Q";
    .port_info 1 /INPUT 1 "C";
    .port_info 2 /INPUT 1 "E";
    .port_info 3 /INPUT 1 "S";
    .port_info 4 /INPUT 1 "D";
o0x7fda0e7b34e8 .functor BUFZ 1, c4<z>; HiZ drive
v0x55555b843ea0_0 .net "C", 0 0, o0x7fda0e7b34e8;  0 drivers
o0x7fda0e7b3518 .functor BUFZ 1, c4<z>; HiZ drive
v0x55555b843f80_0 .net "D", 0 0, o0x7fda0e7b3518;  0 drivers
o0x7fda0e7b3548 .functor BUFZ 1, c4<z>; HiZ drive
v0x55555b844040_0 .net "E", 0 0, o0x7fda0e7b3548;  0 drivers
v0x55555b8440e0_0 .var "Q", 0 0;
o0x7fda0e7b35a8 .functor BUFZ 1, c4<z>; HiZ drive
v0x55555b8441a0_0 .net "S", 0 0, o0x7fda0e7b35a8;  0 drivers
E_0x55555b843e20/0 .event negedge, v0x55555b843ea0_0;
E_0x55555b843e20/1 .event posedge, v0x55555b8441a0_0;
E_0x55555b843e20 .event/or E_0x55555b843e20/0, E_0x55555b843e20/1;
S_0x55555b7a6480 .scope module, "SB_DFFNESR" "SB_DFFNESR" 17 1203;
 .timescale -12 -12;
    .port_info 0 /OUTPUT 1 "Q";
    .port_info 1 /INPUT 1 "C";
    .port_info 2 /INPUT 1 "E";
    .port_info 3 /INPUT 1 "R";
    .port_info 4 /INPUT 1 "D";
o0x7fda0e7b36c8 .functor BUFZ 1, c4<z>; HiZ drive
v0x55555b8443d0_0 .net "C", 0 0, o0x7fda0e7b36c8;  0 drivers
o0x7fda0e7b36f8 .functor BUFZ 1, c4<z>; HiZ drive
v0x55555b8444b0_0 .net "D", 0 0, o0x7fda0e7b36f8;  0 drivers
o0x7fda0e7b3728 .functor BUFZ 1, c4<z>; HiZ drive
v0x55555b844570_0 .net "E", 0 0, o0x7fda0e7b3728;  0 drivers
v0x55555b844610_0 .var "Q", 0 0;
o0x7fda0e7b3788 .functor BUFZ 1, c4<z>; HiZ drive
v0x55555b8446d0_0 .net "R", 0 0, o0x7fda0e7b3788;  0 drivers
E_0x55555b844350 .event negedge, v0x55555b8443d0_0;
S_0x55555b80a2f0 .scope module, "SB_DFFNESS" "SB_DFFNESS" 17 1344;
 .timescale -12 -12;
    .port_info 0 /OUTPUT 1 "Q";
    .port_info 1 /INPUT 1 "C";
    .port_info 2 /INPUT 1 "E";
    .port_info 3 /INPUT 1 "S";
    .port_info 4 /INPUT 1 "D";
o0x7fda0e7b38a8 .functor BUFZ 1, c4<z>; HiZ drive
v0x55555b844900_0 .net "C", 0 0, o0x7fda0e7b38a8;  0 drivers
o0x7fda0e7b38d8 .functor BUFZ 1, c4<z>; HiZ drive
v0x55555b8449e0_0 .net "D", 0 0, o0x7fda0e7b38d8;  0 drivers
o0x7fda0e7b3908 .functor BUFZ 1, c4<z>; HiZ drive
v0x55555b844aa0_0 .net "E", 0 0, o0x7fda0e7b3908;  0 drivers
v0x55555b844b40_0 .var "Q", 0 0;
o0x7fda0e7b3968 .functor BUFZ 1, c4<z>; HiZ drive
v0x55555b844c00_0 .net "S", 0 0, o0x7fda0e7b3968;  0 drivers
E_0x55555b844880 .event negedge, v0x55555b844900_0;
S_0x55555b809f00 .scope module, "SB_DFFNR" "SB_DFFNR" 17 1011;
 .timescale -12 -12;
    .port_info 0 /OUTPUT 1 "Q";
    .port_info 1 /INPUT 1 "C";
    .port_info 2 /INPUT 1 "R";
    .port_info 3 /INPUT 1 "D";
o0x7fda0e7b3a88 .functor BUFZ 1, c4<z>; HiZ drive
v0x55555b844e30_0 .net "C", 0 0, o0x7fda0e7b3a88;  0 drivers
o0x7fda0e7b3ab8 .functor BUFZ 1, c4<z>; HiZ drive
v0x55555b844f10_0 .net "D", 0 0, o0x7fda0e7b3ab8;  0 drivers
v0x55555b844fd0_0 .var "Q", 0 0;
o0x7fda0e7b3b18 .functor BUFZ 1, c4<z>; HiZ drive
v0x55555b845070_0 .net "R", 0 0, o0x7fda0e7b3b18;  0 drivers
E_0x55555b844db0/0 .event negedge, v0x55555b844e30_0;
E_0x55555b844db0/1 .event posedge, v0x55555b845070_0;
E_0x55555b844db0 .event/or E_0x55555b844db0/0, E_0x55555b844db0/1;
S_0x55555b7f84d0 .scope module, "SB_DFFNS" "SB_DFFNS" 17 1132;
 .timescale -12 -12;
    .port_info 0 /OUTPUT 1 "Q";
    .port_info 1 /INPUT 1 "C";
    .port_info 2 /INPUT 1 "S";
    .port_info 3 /INPUT 1 "D";
o0x7fda0e7b3c08 .functor BUFZ 1, c4<z>; HiZ drive
v0x55555b845260_0 .net "C", 0 0, o0x7fda0e7b3c08;  0 drivers
o0x7fda0e7b3c38 .functor BUFZ 1, c4<z>; HiZ drive
v0x55555b845340_0 .net "D", 0 0, o0x7fda0e7b3c38;  0 drivers
v0x55555b845400_0 .var "Q", 0 0;
o0x7fda0e7b3c98 .functor BUFZ 1, c4<z>; HiZ drive
v0x55555b8454a0_0 .net "S", 0 0, o0x7fda0e7b3c98;  0 drivers
E_0x55555b8451e0/0 .event negedge, v0x55555b845260_0;
E_0x55555b8451e0/1 .event posedge, v0x55555b8454a0_0;
E_0x55555b8451e0 .event/or E_0x55555b8451e0/0, E_0x55555b8451e0/1;
S_0x55555b7e6970 .scope module, "SB_DFFNSR" "SB_DFFNSR" 17 961;
 .timescale -12 -12;
    .port_info 0 /OUTPUT 1 "Q";
    .port_info 1 /INPUT 1 "C";
    .port_info 2 /INPUT 1 "R";
    .port_info 3 /INPUT 1 "D";
o0x7fda0e7b3d88 .functor BUFZ 1, c4<z>; HiZ drive
v0x55555b845690_0 .net "C", 0 0, o0x7fda0e7b3d88;  0 drivers
o0x7fda0e7b3db8 .functor BUFZ 1, c4<z>; HiZ drive
v0x55555b845770_0 .net "D", 0 0, o0x7fda0e7b3db8;  0 drivers
v0x55555b845830_0 .var "Q", 0 0;
o0x7fda0e7b3e18 .functor BUFZ 1, c4<z>; HiZ drive
v0x55555b8458d0_0 .net "R", 0 0, o0x7fda0e7b3e18;  0 drivers
E_0x55555b845610 .event negedge, v0x55555b845690_0;
S_0x55555b7e6580 .scope module, "SB_DFFNSS" "SB_DFFNSS" 17 1082;
 .timescale -12 -12;
    .port_info 0 /OUTPUT 1 "Q";
    .port_info 1 /INPUT 1 "C";
    .port_info 2 /INPUT 1 "S";
    .port_info 3 /INPUT 1 "D";
o0x7fda0e7b3f08 .functor BUFZ 1, c4<z>; HiZ drive
v0x55555b845ac0_0 .net "C", 0 0, o0x7fda0e7b3f08;  0 drivers
o0x7fda0e7b3f38 .functor BUFZ 1, c4<z>; HiZ drive
v0x55555b845ba0_0 .net "D", 0 0, o0x7fda0e7b3f38;  0 drivers
v0x55555b845c60_0 .var "Q", 0 0;
o0x7fda0e7b3f98 .functor BUFZ 1, c4<z>; HiZ drive
v0x55555b845d00_0 .net "S", 0 0, o0x7fda0e7b3f98;  0 drivers
E_0x55555b845a40 .event negedge, v0x55555b845ac0_0;
S_0x55555b7e5db0 .scope module, "SB_DFFR" "SB_DFFR" 17 400;
 .timescale -12 -12;
    .port_info 0 /OUTPUT 1 "Q";
    .port_info 1 /INPUT 1 "C";
    .port_info 2 /INPUT 1 "R";
    .port_info 3 /INPUT 1 "D";
o0x7fda0e7b4088 .functor BUFZ 1, c4<z>; HiZ drive
v0x55555b845ef0_0 .net "C", 0 0, o0x7fda0e7b4088;  0 drivers
o0x7fda0e7b40b8 .functor BUFZ 1, c4<z>; HiZ drive
v0x55555b845fd0_0 .net "D", 0 0, o0x7fda0e7b40b8;  0 drivers
v0x55555b846090_0 .var "Q", 0 0;
o0x7fda0e7b4118 .functor BUFZ 1, c4<z>; HiZ drive
v0x55555b846130_0 .net "R", 0 0, o0x7fda0e7b4118;  0 drivers
E_0x55555b845e70 .event posedge, v0x55555b846130_0, v0x55555b845ef0_0;
S_0x55555b7e0bc0 .scope module, "SB_DFFS" "SB_DFFS" 17 521;
 .timescale -12 -12;
    .port_info 0 /OUTPUT 1 "Q";
    .port_info 1 /INPUT 1 "C";
    .port_info 2 /INPUT 1 "S";
    .port_info 3 /INPUT 1 "D";
o0x7fda0e7b4208 .functor BUFZ 1, c4<z>; HiZ drive
v0x55555b846320_0 .net "C", 0 0, o0x7fda0e7b4208;  0 drivers
o0x7fda0e7b4238 .functor BUFZ 1, c4<z>; HiZ drive
v0x55555b846400_0 .net "D", 0 0, o0x7fda0e7b4238;  0 drivers
v0x55555b8464c0_0 .var "Q", 0 0;
o0x7fda0e7b4298 .functor BUFZ 1, c4<z>; HiZ drive
v0x55555b846560_0 .net "S", 0 0, o0x7fda0e7b4298;  0 drivers
E_0x55555b8462a0 .event posedge, v0x55555b846560_0, v0x55555b846320_0;
S_0x55555b7db570 .scope module, "SB_DFFSR" "SB_DFFSR" 17 350;
 .timescale -12 -12;
    .port_info 0 /OUTPUT 1 "Q";
    .port_info 1 /INPUT 1 "C";
    .port_info 2 /INPUT 1 "R";
    .port_info 3 /INPUT 1 "D";
o0x7fda0e7b4388 .functor BUFZ 1, c4<z>; HiZ drive
v0x55555b846750_0 .net "C", 0 0, o0x7fda0e7b4388;  0 drivers
o0x7fda0e7b43b8 .functor BUFZ 1, c4<z>; HiZ drive
v0x55555b846830_0 .net "D", 0 0, o0x7fda0e7b43b8;  0 drivers
v0x55555b8468f0_0 .var "Q", 0 0;
o0x7fda0e7b4418 .functor BUFZ 1, c4<z>; HiZ drive
v0x55555b846990_0 .net "R", 0 0, o0x7fda0e7b4418;  0 drivers
E_0x55555b8466d0 .event posedge, v0x55555b846750_0;
S_0x55555b7c3570 .scope module, "SB_DFFSS" "SB_DFFSS" 17 471;
 .timescale -12 -12;
    .port_info 0 /OUTPUT 1 "Q";
    .port_info 1 /INPUT 1 "C";
    .port_info 2 /INPUT 1 "S";
    .port_info 3 /INPUT 1 "D";
o0x7fda0e7b4508 .functor BUFZ 1, c4<z>; HiZ drive
v0x55555b846b80_0 .net "C", 0 0, o0x7fda0e7b4508;  0 drivers
o0x7fda0e7b4538 .functor BUFZ 1, c4<z>; HiZ drive
v0x55555b846c60_0 .net "D", 0 0, o0x7fda0e7b4538;  0 drivers
v0x55555b846d20_0 .var "Q", 0 0;
o0x7fda0e7b4598 .functor BUFZ 1, c4<z>; HiZ drive
v0x55555b846dc0_0 .net "S", 0 0, o0x7fda0e7b4598;  0 drivers
E_0x55555b846b00 .event posedge, v0x55555b846b80_0;
S_0x55555b7c3180 .scope module, "SB_FILTER_50NS" "SB_FILTER_50NS" 17 2856;
 .timescale -12 -12;
    .port_info 0 /INPUT 1 "FILTERIN";
    .port_info 1 /OUTPUT 1 "FILTEROUT";
o0x7fda0e7b4688 .functor BUFZ 1, c4<z>; HiZ drive
v0x55555b846f30_0 .net "FILTERIN", 0 0, o0x7fda0e7b4688;  0 drivers
o0x7fda0e7b46b8 .functor BUFZ 1, c4<z>; HiZ drive
v0x55555b847010_0 .net "FILTEROUT", 0 0, o0x7fda0e7b46b8;  0 drivers
S_0x55555b7c0280 .scope module, "SB_GB" "SB_GB" 17 162;
 .timescale -12 -12;
    .port_info 0 /INPUT 1 "USER_SIGNAL_TO_GLOBAL_BUFFER";
    .port_info 1 /OUTPUT 1 "GLOBAL_BUFFER_OUTPUT";
o0x7fda0e7b4778 .functor BUFZ 1, c4<z>; HiZ drive
L_0x55555b8b1b60 .functor BUFZ 1, o0x7fda0e7b4778, C4<0>, C4<0>, C4<0>;
v0x55555b847130_0 .net "GLOBAL_BUFFER_OUTPUT", 0 0, L_0x55555b8b1b60;  1 drivers
v0x55555b8471f0_0 .net "USER_SIGNAL_TO_GLOBAL_BUFFER", 0 0, o0x7fda0e7b4778;  0 drivers
S_0x55555b7bfe90 .scope module, "SB_GB_IO" "SB_GB_IO" 17 123;
 .timescale -12 -12;
    .port_info 0 /INOUT 1 "PACKAGE_PIN";
    .port_info 1 /OUTPUT 1 "GLOBAL_BUFFER_OUTPUT";
    .port_info 2 /INPUT 1 "LATCH_INPUT_VALUE";
    .port_info 3 /INPUT 1 "CLOCK_ENABLE";
    .port_info 4 /INPUT 1 "INPUT_CLK";
    .port_info 5 /INPUT 1 "OUTPUT_CLK";
    .port_info 6 /INPUT 1 "OUTPUT_ENABLE";
    .port_info 7 /INPUT 1 "D_OUT_0";
    .port_info 8 /INPUT 1 "D_OUT_1";
    .port_info 9 /OUTPUT 1 "D_IN_0";
    .port_info 10 /OUTPUT 1 "D_IN_1";
P_0x55555b6d51e0 .param/str "IO_STANDARD" 0 17 139, "SB_LVCMOS";
P_0x55555b6d5220 .param/l "NEG_TRIGGER" 0 17 138, C4<0>;
P_0x55555b6d5260 .param/l "PIN_TYPE" 0 17 136, C4<000000>;
P_0x55555b6d52a0 .param/l "PULLUP" 0 17 137, C4<0>;
o0x7fda0e7b49b8 .functor BUFZ 1, c4<z>; HiZ drive
L_0x55555b8b1bd0 .functor BUFZ 1, o0x7fda0e7b49b8, C4<0>, C4<0>, C4<0>;
o0x7fda0e7b4808 .functor BUFZ 1, c4<z>; HiZ drive
v0x55555b849170_0 .net "CLOCK_ENABLE", 0 0, o0x7fda0e7b4808;  0 drivers
v0x55555b849230_0 .net "D_IN_0", 0 0, L_0x55555b8b1ea0;  1 drivers
v0x55555b849300_0 .net "D_IN_1", 0 0, L_0x55555b8b1f60;  1 drivers
o0x7fda0e7b4898 .functor BUFZ 1, c4<z>; HiZ drive
v0x55555b849400_0 .net "D_OUT_0", 0 0, o0x7fda0e7b4898;  0 drivers
o0x7fda0e7b48c8 .functor BUFZ 1, c4<z>; HiZ drive
v0x55555b8494d0_0 .net "D_OUT_1", 0 0, o0x7fda0e7b48c8;  0 drivers
v0x55555b849570_0 .net "GLOBAL_BUFFER_OUTPUT", 0 0, L_0x55555b8b1bd0;  1 drivers
o0x7fda0e7b48f8 .functor BUFZ 1, c4<z>; HiZ drive
v0x55555b849610_0 .net "INPUT_CLK", 0 0, o0x7fda0e7b48f8;  0 drivers
o0x7fda0e7b4928 .functor BUFZ 1, c4<z>; HiZ drive
v0x55555b8496e0_0 .net "LATCH_INPUT_VALUE", 0 0, o0x7fda0e7b4928;  0 drivers
o0x7fda0e7b4958 .functor BUFZ 1, c4<z>; HiZ drive
v0x55555b8497b0_0 .net "OUTPUT_CLK", 0 0, o0x7fda0e7b4958;  0 drivers
o0x7fda0e7b4988 .functor BUFZ 1, c4<z>; HiZ drive
v0x55555b849880_0 .net "OUTPUT_ENABLE", 0 0, o0x7fda0e7b4988;  0 drivers
v0x55555b849950_0 .net "PACKAGE_PIN", 0 0, o0x7fda0e7b49b8;  0 drivers
S_0x55555b847310 .scope module, "IO" "SB_IO" 17 148, 17 17 0, S_0x55555b7bfe90;
 .timescale -12 -12;
    .port_info 0 /INOUT 1 "PACKAGE_PIN";
    .port_info 1 /INPUT 1 "LATCH_INPUT_VALUE";
    .port_info 2 /INPUT 1 "CLOCK_ENABLE";
    .port_info 3 /INPUT 1 "INPUT_CLK";
    .port_info 4 /INPUT 1 "OUTPUT_CLK";
    .port_info 5 /INPUT 1 "OUTPUT_ENABLE";
    .port_info 6 /INPUT 1 "D_OUT_0";
    .port_info 7 /INPUT 1 "D_OUT_1";
    .port_info 8 /OUTPUT 1 "D_IN_0";
    .port_info 9 /OUTPUT 1 "D_IN_1";
P_0x55555b83c880 .param/str "IO_STANDARD" 0 17 32, "SB_LVCMOS";
P_0x55555b83c8c0 .param/l "NEG_TRIGGER" 0 17 31, C4<0>;
P_0x55555b83c900 .param/l "PIN_TYPE" 0 17 29, C4<000000>;
P_0x55555b83c940 .param/l "PULLUP" 0 17 30, C4<0>;
L_0x55555b8b1db0 .functor OR 1, o0x7fda0e7b4808, L_0x55555b8b1cc0, C4<0>, C4<0>;
L_0x55555b8b1ea0 .functor BUFZ 1, v0x55555b848850_0, C4<0>, C4<0>, C4<0>;
L_0x55555b8b1f60 .functor BUFZ 1, v0x55555b848910_0, C4<0>, C4<0>, C4<0>;
v0x55555b847c30_0 .net "CLOCK_ENABLE", 0 0, o0x7fda0e7b4808;  alias, 0 drivers
v0x55555b847cf0_0 .net "D_IN_0", 0 0, L_0x55555b8b1ea0;  alias, 1 drivers
v0x55555b847db0_0 .net "D_IN_1", 0 0, L_0x55555b8b1f60;  alias, 1 drivers
v0x55555b847e50_0 .net "D_OUT_0", 0 0, o0x7fda0e7b4898;  alias, 0 drivers
v0x55555b847f10_0 .net "D_OUT_1", 0 0, o0x7fda0e7b48c8;  alias, 0 drivers
v0x55555b848020_0 .net "INPUT_CLK", 0 0, o0x7fda0e7b48f8;  alias, 0 drivers
v0x55555b8480e0_0 .net "LATCH_INPUT_VALUE", 0 0, o0x7fda0e7b4928;  alias, 0 drivers
v0x55555b8481a0_0 .net "OUTPUT_CLK", 0 0, o0x7fda0e7b4958;  alias, 0 drivers
v0x55555b848260_0 .net "OUTPUT_ENABLE", 0 0, o0x7fda0e7b4988;  alias, 0 drivers
v0x55555b8483b0_0 .net "PACKAGE_PIN", 0 0, o0x7fda0e7b49b8;  alias, 0 drivers
o0x7fda0e7b49e8 .functor BUFZ 1, c4<z>; HiZ drive
; Elide local net with no drivers, v0x55555b848470_0 name=_ivl_0
v0x55555b848550_0 .net *"_ivl_2", 0 0, L_0x55555b8b1cc0;  1 drivers
v0x55555b848610_0 .net "clken_pulled", 0 0, L_0x55555b8b1db0;  1 drivers
v0x55555b8486d0_0 .var "clken_pulled_ri", 0 0;
v0x55555b848790_0 .var "clken_pulled_ro", 0 0;
v0x55555b848850_0 .var "din_0", 0 0;
v0x55555b848910_0 .var "din_1", 0 0;
v0x55555b8489d0_0 .var "din_q_0", 0 0;
v0x55555b848a90_0 .var "din_q_1", 0 0;
v0x55555b848b50_0 .var "dout", 0 0;
v0x55555b848c10_0 .var "dout_q_0", 0 0;
v0x55555b848cd0_0 .var "dout_q_1", 0 0;
v0x55555b848d90_0 .var "outclk_delayed_1", 0 0;
v0x55555b848e50_0 .var "outclk_delayed_2", 0 0;
v0x55555b848f10_0 .var "outena_q", 0 0;
E_0x55555b8476d0 .event anyedge, v0x55555b848e50_0, v0x55555b848c10_0, v0x55555b848cd0_0;
E_0x55555b847730 .event anyedge, v0x55555b848d90_0;
E_0x55555b847790 .event anyedge, v0x55555b8481a0_0;
E_0x55555b8477f0 .event anyedge, v0x55555b8489d0_0, v0x55555b848a90_0;
L_0x55555b8b1cc0 .cmp/eeq 1, o0x7fda0e7b4808, o0x7fda0e7b49e8;
S_0x55555b847880 .scope generate, "genblk1" "genblk1" 17 45, 17 45 0, S_0x55555b847310;
 .timescale -12 -12;
E_0x55555b847a60 .event posedge, v0x55555b8481a0_0;
E_0x55555b847ae0 .event negedge, v0x55555b8481a0_0;
E_0x55555b847b40 .event negedge, v0x55555b848020_0;
E_0x55555b847ba0 .event posedge, v0x55555b848020_0;
S_0x55555b7ba180 .scope module, "SB_HFOSC" "SB_HFOSC" 17 2664;
 .timescale -12 -12;
    .port_info 0 /INPUT 1 "TRIM0";
    .port_info 1 /INPUT 1 "TRIM1";
    .port_info 2 /INPUT 1 "TRIM2";
    .port_info 3 /INPUT 1 "TRIM3";
    .port_info 4 /INPUT 1 "TRIM4";
    .port_info 5 /INPUT 1 "TRIM5";
    .port_info 6 /INPUT 1 "TRIM6";
    .port_info 7 /INPUT 1 "TRIM7";
    .port_info 8 /INPUT 1 "TRIM8";
    .port_info 9 /INPUT 1 "TRIM9";
    .port_info 10 /INPUT 1 "CLKHFPU";
    .port_info 11 /INPUT 1 "CLKHFEN";
    .port_info 12 /OUTPUT 1 "CLKHF";
P_0x55555b79f610 .param/str "CLKHF_DIV" 0 17 2680, "0b00";
P_0x55555b79f650 .param/str "TRIM_EN" 0 17 2679, "0b0";
o0x7fda0e7b50d8 .functor BUFZ 1, c4<z>; HiZ drive
v0x55555b849a40_0 .net "CLKHF", 0 0, o0x7fda0e7b50d8;  0 drivers
o0x7fda0e7b5108 .functor BUFZ 1, c4<z>; HiZ drive
v0x55555b849b20_0 .net "CLKHFEN", 0 0, o0x7fda0e7b5108;  0 drivers
o0x7fda0e7b5138 .functor BUFZ 1, c4<z>; HiZ drive
v0x55555b849be0_0 .net "CLKHFPU", 0 0, o0x7fda0e7b5138;  0 drivers
o0x7fda0e7b5168 .functor BUFZ 1, c4<z>; HiZ drive
v0x55555b849cb0_0 .net "TRIM0", 0 0, o0x7fda0e7b5168;  0 drivers
o0x7fda0e7b5198 .functor BUFZ 1, c4<z>; HiZ drive
v0x55555b849d70_0 .net "TRIM1", 0 0, o0x7fda0e7b5198;  0 drivers
o0x7fda0e7b51c8 .functor BUFZ 1, c4<z>; HiZ drive
v0x55555b849e30_0 .net "TRIM2", 0 0, o0x7fda0e7b51c8;  0 drivers
o0x7fda0e7b51f8 .functor BUFZ 1, c4<z>; HiZ drive
v0x55555b849ef0_0 .net "TRIM3", 0 0, o0x7fda0e7b51f8;  0 drivers
o0x7fda0e7b5228 .functor BUFZ 1, c4<z>; HiZ drive
v0x55555b849fb0_0 .net "TRIM4", 0 0, o0x7fda0e7b5228;  0 drivers
o0x7fda0e7b5258 .functor BUFZ 1, c4<z>; HiZ drive
v0x55555b84a070_0 .net "TRIM5", 0 0, o0x7fda0e7b5258;  0 drivers
o0x7fda0e7b5288 .functor BUFZ 1, c4<z>; HiZ drive
v0x55555b84a1c0_0 .net "TRIM6", 0 0, o0x7fda0e7b5288;  0 drivers
o0x7fda0e7b52b8 .functor BUFZ 1, c4<z>; HiZ drive
v0x55555b84a280_0 .net "TRIM7", 0 0, o0x7fda0e7b52b8;  0 drivers
o0x7fda0e7b52e8 .functor BUFZ 1, c4<z>; HiZ drive
v0x55555b84a340_0 .net "TRIM8", 0 0, o0x7fda0e7b52e8;  0 drivers
o0x7fda0e7b5318 .functor BUFZ 1, c4<z>; HiZ drive
v0x55555b84a400_0 .net "TRIM9", 0 0, o0x7fda0e7b5318;  0 drivers
S_0x55555b7bce20 .scope module, "SB_I2C" "SB_I2C" 17 2733;
 .timescale -12 -12;
    .port_info 0 /INPUT 1 "SBCLKI";
    .port_info 1 /INPUT 1 "SBRWI";
    .port_info 2 /INPUT 1 "SBSTBI";
    .port_info 3 /INPUT 1 "SBADRI7";
    .port_info 4 /INPUT 1 "SBADRI6";
    .port_info 5 /INPUT 1 "SBADRI5";
    .port_info 6 /INPUT 1 "SBADRI4";
    .port_info 7 /INPUT 1 "SBADRI3";
    .port_info 8 /INPUT 1 "SBADRI2";
    .port_info 9 /INPUT 1 "SBADRI1";
    .port_info 10 /INPUT 1 "SBADRI0";
    .port_info 11 /INPUT 1 "SBDATI7";
    .port_info 12 /INPUT 1 "SBDATI6";
    .port_info 13 /INPUT 1 "SBDATI5";
    .port_info 14 /INPUT 1 "SBDATI4";
    .port_info 15 /INPUT 1 "SBDATI3";
    .port_info 16 /INPUT 1 "SBDATI2";
    .port_info 17 /INPUT 1 "SBDATI1";
    .port_info 18 /INPUT 1 "SBDATI0";
    .port_info 19 /INPUT 1 "SCLI";
    .port_info 20 /INPUT 1 "SDAI";
    .port_info 21 /OUTPUT 1 "SBDATO7";
    .port_info 22 /OUTPUT 1 "SBDATO6";
    .port_info 23 /OUTPUT 1 "SBDATO5";
    .port_info 24 /OUTPUT 1 "SBDATO4";
    .port_info 25 /OUTPUT 1 "SBDATO3";
    .port_info 26 /OUTPUT 1 "SBDATO2";
    .port_info 27 /OUTPUT 1 "SBDATO1";
    .port_info 28 /OUTPUT 1 "SBDATO0";
    .port_info 29 /OUTPUT 1 "SBACKO";
    .port_info 30 /OUTPUT 1 "I2CIRQ";
    .port_info 31 /OUTPUT 1 "I2CWKUP";
    .port_info 32 /OUTPUT 1 "SCLO";
    .port_info 33 /OUTPUT 1 "SCLOE";
    .port_info 34 /OUTPUT 1 "SDAO";
    .port_info 35 /OUTPUT 1 "SDAOE";
P_0x55555b6d4a10 .param/str "BUS_ADDR74" 0 17 2772, "0b0001";
P_0x55555b6d4a50 .param/str "I2C_SLAVE_INIT_ADDR" 0 17 2771, "0b1111100001";
o0x7fda0e7b55b8 .functor BUFZ 1, c4<z>; HiZ drive
v0x55555b84a6d0_0 .net "I2CIRQ", 0 0, o0x7fda0e7b55b8;  0 drivers
o0x7fda0e7b55e8 .functor BUFZ 1, c4<z>; HiZ drive
v0x55555b84a7b0_0 .net "I2CWKUP", 0 0, o0x7fda0e7b55e8;  0 drivers
o0x7fda0e7b5618 .functor BUFZ 1, c4<z>; HiZ drive
v0x55555b84a870_0 .net "SBACKO", 0 0, o0x7fda0e7b5618;  0 drivers
o0x7fda0e7b5648 .functor BUFZ 1, c4<z>; HiZ drive
v0x55555b84a910_0 .net "SBADRI0", 0 0, o0x7fda0e7b5648;  0 drivers
o0x7fda0e7b5678 .functor BUFZ 1, c4<z>; HiZ drive
v0x55555b84a9d0_0 .net "SBADRI1", 0 0, o0x7fda0e7b5678;  0 drivers
o0x7fda0e7b56a8 .functor BUFZ 1, c4<z>; HiZ drive
v0x55555b84aa90_0 .net "SBADRI2", 0 0, o0x7fda0e7b56a8;  0 drivers
o0x7fda0e7b56d8 .functor BUFZ 1, c4<z>; HiZ drive
v0x55555b84ab50_0 .net "SBADRI3", 0 0, o0x7fda0e7b56d8;  0 drivers
o0x7fda0e7b5708 .functor BUFZ 1, c4<z>; HiZ drive
v0x55555b84ac10_0 .net "SBADRI4", 0 0, o0x7fda0e7b5708;  0 drivers
o0x7fda0e7b5738 .functor BUFZ 1, c4<z>; HiZ drive
v0x55555b84acd0_0 .net "SBADRI5", 0 0, o0x7fda0e7b5738;  0 drivers
o0x7fda0e7b5768 .functor BUFZ 1, c4<z>; HiZ drive
v0x55555b84ae20_0 .net "SBADRI6", 0 0, o0x7fda0e7b5768;  0 drivers
o0x7fda0e7b5798 .functor BUFZ 1, c4<z>; HiZ drive
v0x55555b84aee0_0 .net "SBADRI7", 0 0, o0x7fda0e7b5798;  0 drivers
o0x7fda0e7b57c8 .functor BUFZ 1, c4<z>; HiZ drive
v0x55555b84afa0_0 .net "SBCLKI", 0 0, o0x7fda0e7b57c8;  0 drivers
o0x7fda0e7b57f8 .functor BUFZ 1, c4<z>; HiZ drive
v0x55555b84b060_0 .net "SBDATI0", 0 0, o0x7fda0e7b57f8;  0 drivers
o0x7fda0e7b5828 .functor BUFZ 1, c4<z>; HiZ drive
v0x55555b84b120_0 .net "SBDATI1", 0 0, o0x7fda0e7b5828;  0 drivers
o0x7fda0e7b5858 .functor BUFZ 1, c4<z>; HiZ drive
v0x55555b84b1e0_0 .net "SBDATI2", 0 0, o0x7fda0e7b5858;  0 drivers
o0x7fda0e7b5888 .functor BUFZ 1, c4<z>; HiZ drive
v0x55555b84b2a0_0 .net "SBDATI3", 0 0, o0x7fda0e7b5888;  0 drivers
o0x7fda0e7b58b8 .functor BUFZ 1, c4<z>; HiZ drive
v0x55555b84b360_0 .net "SBDATI4", 0 0, o0x7fda0e7b58b8;  0 drivers
o0x7fda0e7b58e8 .functor BUFZ 1, c4<z>; HiZ drive
v0x55555b84b530_0 .net "SBDATI5", 0 0, o0x7fda0e7b58e8;  0 drivers
o0x7fda0e7b5918 .functor BUFZ 1, c4<z>; HiZ drive
v0x55555b84b5f0_0 .net "SBDATI6", 0 0, o0x7fda0e7b5918;  0 drivers
o0x7fda0e7b5948 .functor BUFZ 1, c4<z>; HiZ drive
v0x55555b84b6b0_0 .net "SBDATI7", 0 0, o0x7fda0e7b5948;  0 drivers
o0x7fda0e7b5978 .functor BUFZ 1, c4<z>; HiZ drive
v0x55555b84b770_0 .net "SBDATO0", 0 0, o0x7fda0e7b5978;  0 drivers
o0x7fda0e7b59a8 .functor BUFZ 1, c4<z>; HiZ drive
v0x55555b84b830_0 .net "SBDATO1", 0 0, o0x7fda0e7b59a8;  0 drivers
o0x7fda0e7b59d8 .functor BUFZ 1, c4<z>; HiZ drive
v0x55555b84b8f0_0 .net "SBDATO2", 0 0, o0x7fda0e7b59d8;  0 drivers
o0x7fda0e7b5a08 .functor BUFZ 1, c4<z>; HiZ drive
v0x55555b84b9b0_0 .net "SBDATO3", 0 0, o0x7fda0e7b5a08;  0 drivers
o0x7fda0e7b5a38 .functor BUFZ 1, c4<z>; HiZ drive
v0x55555b84ba70_0 .net "SBDATO4", 0 0, o0x7fda0e7b5a38;  0 drivers
o0x7fda0e7b5a68 .functor BUFZ 1, c4<z>; HiZ drive
v0x55555b84bb30_0 .net "SBDATO5", 0 0, o0x7fda0e7b5a68;  0 drivers
o0x7fda0e7b5a98 .functor BUFZ 1, c4<z>; HiZ drive
v0x55555b84bbf0_0 .net "SBDATO6", 0 0, o0x7fda0e7b5a98;  0 drivers
o0x7fda0e7b5ac8 .functor BUFZ 1, c4<z>; HiZ drive
v0x55555b84bcb0_0 .net "SBDATO7", 0 0, o0x7fda0e7b5ac8;  0 drivers
o0x7fda0e7b5af8 .functor BUFZ 1, c4<z>; HiZ drive
v0x55555b84bd70_0 .net "SBRWI", 0 0, o0x7fda0e7b5af8;  0 drivers
o0x7fda0e7b5b28 .functor BUFZ 1, c4<z>; HiZ drive
v0x55555b84be30_0 .net "SBSTBI", 0 0, o0x7fda0e7b5b28;  0 drivers
o0x7fda0e7b5b58 .functor BUFZ 1, c4<z>; HiZ drive
v0x55555b84bef0_0 .net "SCLI", 0 0, o0x7fda0e7b5b58;  0 drivers
o0x7fda0e7b5b88 .functor BUFZ 1, c4<z>; HiZ drive
v0x55555b84bfb0_0 .net "SCLO", 0 0, o0x7fda0e7b5b88;  0 drivers
o0x7fda0e7b5bb8 .functor BUFZ 1, c4<z>; HiZ drive
v0x55555b84c070_0 .net "SCLOE", 0 0, o0x7fda0e7b5bb8;  0 drivers
o0x7fda0e7b5be8 .functor BUFZ 1, c4<z>; HiZ drive
v0x55555b84c340_0 .net "SDAI", 0 0, o0x7fda0e7b5be8;  0 drivers
o0x7fda0e7b5c18 .functor BUFZ 1, c4<z>; HiZ drive
v0x55555b84c400_0 .net "SDAO", 0 0, o0x7fda0e7b5c18;  0 drivers
o0x7fda0e7b5c48 .functor BUFZ 1, c4<z>; HiZ drive
v0x55555b84c4c0_0 .net "SDAOE", 0 0, o0x7fda0e7b5c48;  0 drivers
S_0x55555b7bca30 .scope module, "SB_IO_I3C" "SB_IO_I3C" 17 2862;
 .timescale -12 -12;
    .port_info 0 /INOUT 1 "PACKAGE_PIN";
    .port_info 1 /INPUT 1 "LATCH_INPUT_VALUE";
    .port_info 2 /INPUT 1 "CLOCK_ENABLE";
    .port_info 3 /INPUT 1 "INPUT_CLK";
    .port_info 4 /INPUT 1 "OUTPUT_CLK";
    .port_info 5 /INPUT 1 "OUTPUT_ENABLE";
    .port_info 6 /INPUT 1 "D_OUT_0";
    .port_info 7 /INPUT 1 "D_OUT_1";
    .port_info 8 /OUTPUT 1 "D_IN_0";
    .port_info 9 /OUTPUT 1 "D_IN_1";
    .port_info 10 /INPUT 1 "PU_ENB";
    .port_info 11 /INPUT 1 "WEAK_PU_ENB";
P_0x55555b6ccdf0 .param/str "IO_STANDARD" 0 17 2880, "SB_LVCMOS";
P_0x55555b6cce30 .param/l "NEG_TRIGGER" 0 17 2879, C4<0>;
P_0x55555b6cce70 .param/l "PIN_TYPE" 0 17 2876, C4<000000>;
P_0x55555b6cceb0 .param/l "PULLUP" 0 17 2877, C4<0>;
P_0x55555b6ccef0 .param/l "WEAK_PULLUP" 0 17 2878, C4<0>;
L_0x55555b8b2020 .functor BUFZ 1, v0x55555b84d860_0, C4<0>, C4<0>, C4<0>;
L_0x55555b8b20c0 .functor BUFZ 1, v0x55555b84d920_0, C4<0>, C4<0>, C4<0>;
o0x7fda0e7b6338 .functor BUFZ 1, c4<z>; HiZ drive
v0x55555b84cf30_0 .net "CLOCK_ENABLE", 0 0, o0x7fda0e7b6338;  0 drivers
v0x55555b84cff0_0 .net "D_IN_0", 0 0, L_0x55555b8b2020;  1 drivers
v0x55555b84d0b0_0 .net "D_IN_1", 0 0, L_0x55555b8b20c0;  1 drivers
o0x7fda0e7b63c8 .functor BUFZ 1, c4<z>; HiZ drive
v0x55555b84d150_0 .net "D_OUT_0", 0 0, o0x7fda0e7b63c8;  0 drivers
o0x7fda0e7b63f8 .functor BUFZ 1, c4<z>; HiZ drive
v0x55555b84d210_0 .net "D_OUT_1", 0 0, o0x7fda0e7b63f8;  0 drivers
o0x7fda0e7b6428 .functor BUFZ 1, c4<z>; HiZ drive
v0x55555b84d320_0 .net "INPUT_CLK", 0 0, o0x7fda0e7b6428;  0 drivers
o0x7fda0e7b6458 .functor BUFZ 1, c4<z>; HiZ drive
v0x55555b84d3e0_0 .net "LATCH_INPUT_VALUE", 0 0, o0x7fda0e7b6458;  0 drivers
o0x7fda0e7b6488 .functor BUFZ 1, c4<z>; HiZ drive
v0x55555b84d4a0_0 .net "OUTPUT_CLK", 0 0, o0x7fda0e7b6488;  0 drivers
o0x7fda0e7b64b8 .functor BUFZ 1, c4<z>; HiZ drive
v0x55555b84d560_0 .net "OUTPUT_ENABLE", 0 0, o0x7fda0e7b64b8;  0 drivers
o0x7fda0e7b64e8 .functor BUFZ 1, c4<z>; HiZ drive
v0x55555b84d620_0 .net "PACKAGE_PIN", 0 0, o0x7fda0e7b64e8;  0 drivers
o0x7fda0e7b6518 .functor BUFZ 1, c4<z>; HiZ drive
v0x55555b84d6e0_0 .net "PU_ENB", 0 0, o0x7fda0e7b6518;  0 drivers
o0x7fda0e7b6548 .functor BUFZ 1, c4<z>; HiZ drive
v0x55555b84d7a0_0 .net "WEAK_PU_ENB", 0 0, o0x7fda0e7b6548;  0 drivers
v0x55555b84d860_0 .var "din_0", 0 0;
v0x55555b84d920_0 .var "din_1", 0 0;
v0x55555b84d9e0_0 .var "din_q_0", 0 0;
v0x55555b84daa0_0 .var "din_q_1", 0 0;
v0x55555b84db60_0 .var "dout", 0 0;
v0x55555b84dc20_0 .var "dout_q_0", 0 0;
v0x55555b84dce0_0 .var "dout_q_1", 0 0;
v0x55555b84dda0_0 .var "outclk_delayed_1", 0 0;
v0x55555b84de60_0 .var "outclk_delayed_2", 0 0;
v0x55555b84df20_0 .var "outena_q", 0 0;
E_0x55555b84ca00 .event anyedge, v0x55555b84de60_0, v0x55555b84dc20_0, v0x55555b84dce0_0;
E_0x55555b84ca80 .event anyedge, v0x55555b84dda0_0;
E_0x55555b84cae0 .event anyedge, v0x55555b84d4a0_0;
E_0x55555b84cb40 .event anyedge, v0x55555b84d9e0_0, v0x55555b84daa0_0;
S_0x55555b84cbd0 .scope generate, "genblk1" "genblk1" 17 2888, 17 2888 0, S_0x55555b7bca30;
 .timescale -12 -12;
E_0x55555b84cd60 .event posedge, v0x55555b84d4a0_0;
E_0x55555b84cde0 .event negedge, v0x55555b84d4a0_0;
E_0x55555b84ce40 .event negedge, v0x55555b84d320_0;
E_0x55555b84cea0 .event posedge, v0x55555b84d320_0;
S_0x55555b777460 .scope module, "SB_IO_OD" "SB_IO_OD" 17 2931;
 .timescale -12 -12;
    .port_info 0 /INOUT 1 "PACKAGEPIN";
    .port_info 1 /INPUT 1 "LATCHINPUTVALUE";
    .port_info 2 /INPUT 1 "CLOCKENABLE";
    .port_info 3 /INPUT 1 "INPUTCLK";
    .port_info 4 /INPUT 1 "OUTPUTCLK";
    .port_info 5 /INPUT 1 "OUTPUTENABLE";
    .port_info 6 /INPUT 1 "DOUT1";
    .port_info 7 /INPUT 1 "DOUT0";
    .port_info 8 /OUTPUT 1 "DIN1";
    .port_info 9 /OUTPUT 1 "DIN0";
P_0x55555b6d53b0 .param/l "NEG_TRIGGER" 0 17 2944, C4<0>;
P_0x55555b6d53f0 .param/l "PIN_TYPE" 0 17 2943, C4<000000>;
L_0x55555b8b2190 .functor BUFZ 1, v0x55555b84ee40_0, C4<0>, C4<0>, C4<0>;
L_0x55555b8b2260 .functor BUFZ 1, v0x55555b84ef00_0, C4<0>, C4<0>, C4<0>;
o0x7fda0e7b6998 .functor BUFZ 1, c4<z>; HiZ drive
v0x55555b84e690_0 .net "CLOCKENABLE", 0 0, o0x7fda0e7b6998;  0 drivers
v0x55555b84e750_0 .net "DIN0", 0 0, L_0x55555b8b2190;  1 drivers
v0x55555b84e810_0 .net "DIN1", 0 0, L_0x55555b8b2260;  1 drivers
o0x7fda0e7b6a28 .functor BUFZ 1, c4<z>; HiZ drive
v0x55555b84e8b0_0 .net "DOUT0", 0 0, o0x7fda0e7b6a28;  0 drivers
o0x7fda0e7b6a58 .functor BUFZ 1, c4<z>; HiZ drive
v0x55555b84e970_0 .net "DOUT1", 0 0, o0x7fda0e7b6a58;  0 drivers
o0x7fda0e7b6a88 .functor BUFZ 1, c4<z>; HiZ drive
v0x55555b84ea80_0 .net "INPUTCLK", 0 0, o0x7fda0e7b6a88;  0 drivers
o0x7fda0e7b6ab8 .functor BUFZ 1, c4<z>; HiZ drive
v0x55555b84eb40_0 .net "LATCHINPUTVALUE", 0 0, o0x7fda0e7b6ab8;  0 drivers
o0x7fda0e7b6ae8 .functor BUFZ 1, c4<z>; HiZ drive
v0x55555b84ec00_0 .net "OUTPUTCLK", 0 0, o0x7fda0e7b6ae8;  0 drivers
o0x7fda0e7b6b18 .functor BUFZ 1, c4<z>; HiZ drive
v0x55555b84ecc0_0 .net "OUTPUTENABLE", 0 0, o0x7fda0e7b6b18;  0 drivers
o0x7fda0e7b6b48 .functor BUFZ 1, c4<z>; HiZ drive
v0x55555b84ed80_0 .net "PACKAGEPIN", 0 0, o0x7fda0e7b6b48;  0 drivers
v0x55555b84ee40_0 .var "din_0", 0 0;
v0x55555b84ef00_0 .var "din_1", 0 0;
v0x55555b84efc0_0 .var "din_q_0", 0 0;
v0x55555b84f080_0 .var "din_q_1", 0 0;
v0x55555b84f140_0 .var "dout", 0 0;
v0x55555b84f200_0 .var "dout_q_0", 0 0;
v0x55555b84f2c0_0 .var "dout_q_1", 0 0;
v0x55555b84f490_0 .var "outclk_delayed_1", 0 0;
v0x55555b84f550_0 .var "outclk_delayed_2", 0 0;
v0x55555b84f610_0 .var "outena_q", 0 0;
E_0x55555b84e160 .event anyedge, v0x55555b84f550_0, v0x55555b84f200_0, v0x55555b84f2c0_0;
E_0x55555b84e1e0 .event anyedge, v0x55555b84f490_0;
E_0x55555b84e240 .event anyedge, v0x55555b84ec00_0;
E_0x55555b84e2a0 .event anyedge, v0x55555b84efc0_0, v0x55555b84f080_0;
S_0x55555b84e330 .scope generate, "genblk1" "genblk1" 17 2952, 17 2952 0, S_0x55555b777460;
 .timescale -12 -12;
E_0x55555b84e4c0 .event posedge, v0x55555b84ec00_0;
E_0x55555b84e540 .event negedge, v0x55555b84ec00_0;
E_0x55555b84e5a0 .event negedge, v0x55555b84ea80_0;
E_0x55555b84e600 .event posedge, v0x55555b84ea80_0;
S_0x55555b767830 .scope module, "SB_LEDDA_IP" "SB_LEDDA_IP" 17 2830;
 .timescale -12 -12;
    .port_info 0 /INPUT 1 "LEDDCS";
    .port_info 1 /INPUT 1 "LEDDCLK";
    .port_info 2 /INPUT 1 "LEDDDAT7";
    .port_info 3 /INPUT 1 "LEDDDAT6";
    .port_info 4 /INPUT 1 "LEDDDAT5";
    .port_info 5 /INPUT 1 "LEDDDAT4";
    .port_info 6 /INPUT 1 "LEDDDAT3";
    .port_info 7 /INPUT 1 "LEDDDAT2";
    .port_info 8 /INPUT 1 "LEDDDAT1";
    .port_info 9 /INPUT 1 "LEDDDAT0";
    .port_info 10 /INPUT 1 "LEDDADDR3";
    .port_info 11 /INPUT 1 "LEDDADDR2";
    .port_info 12 /INPUT 1 "LEDDADDR1";
    .port_info 13 /INPUT 1 "LEDDADDR0";
    .port_info 14 /INPUT 1 "LEDDDEN";
    .port_info 15 /INPUT 1 "LEDDEXE";
    .port_info 16 /INPUT 1 "LEDDRST";
    .port_info 17 /OUTPUT 1 "PWMOUT0";
    .port_info 18 /OUTPUT 1 "PWMOUT1";
    .port_info 19 /OUTPUT 1 "PWMOUT2";
    .port_info 20 /OUTPUT 1 "LEDDON";
o0x7fda0e7b6f38 .functor BUFZ 1, c4<z>; HiZ drive
v0x55555b84f810_0 .net "LEDDADDR0", 0 0, o0x7fda0e7b6f38;  0 drivers
o0x7fda0e7b6f68 .functor BUFZ 1, c4<z>; HiZ drive
v0x55555b84f8f0_0 .net "LEDDADDR1", 0 0, o0x7fda0e7b6f68;  0 drivers
o0x7fda0e7b6f98 .functor BUFZ 1, c4<z>; HiZ drive
v0x55555b84f9b0_0 .net "LEDDADDR2", 0 0, o0x7fda0e7b6f98;  0 drivers
o0x7fda0e7b6fc8 .functor BUFZ 1, c4<z>; HiZ drive
v0x55555b84fa50_0 .net "LEDDADDR3", 0 0, o0x7fda0e7b6fc8;  0 drivers
o0x7fda0e7b6ff8 .functor BUFZ 1, c4<z>; HiZ drive
v0x55555b84fb10_0 .net "LEDDCLK", 0 0, o0x7fda0e7b6ff8;  0 drivers
o0x7fda0e7b7028 .functor BUFZ 1, c4<z>; HiZ drive
v0x55555b84fbd0_0 .net "LEDDCS", 0 0, o0x7fda0e7b7028;  0 drivers
o0x7fda0e7b7058 .functor BUFZ 1, c4<z>; HiZ drive
v0x55555b84fc90_0 .net "LEDDDAT0", 0 0, o0x7fda0e7b7058;  0 drivers
o0x7fda0e7b7088 .functor BUFZ 1, c4<z>; HiZ drive
v0x55555b84fd50_0 .net "LEDDDAT1", 0 0, o0x7fda0e7b7088;  0 drivers
o0x7fda0e7b70b8 .functor BUFZ 1, c4<z>; HiZ drive
v0x55555b84fe10_0 .net "LEDDDAT2", 0 0, o0x7fda0e7b70b8;  0 drivers
o0x7fda0e7b70e8 .functor BUFZ 1, c4<z>; HiZ drive
v0x55555b84fed0_0 .net "LEDDDAT3", 0 0, o0x7fda0e7b70e8;  0 drivers
o0x7fda0e7b7118 .functor BUFZ 1, c4<z>; HiZ drive
v0x55555b84ff90_0 .net "LEDDDAT4", 0 0, o0x7fda0e7b7118;  0 drivers
o0x7fda0e7b7148 .functor BUFZ 1, c4<z>; HiZ drive
v0x55555b850050_0 .net "LEDDDAT5", 0 0, o0x7fda0e7b7148;  0 drivers
o0x7fda0e7b7178 .functor BUFZ 1, c4<z>; HiZ drive
v0x55555b850110_0 .net "LEDDDAT6", 0 0, o0x7fda0e7b7178;  0 drivers
o0x7fda0e7b71a8 .functor BUFZ 1, c4<z>; HiZ drive
v0x55555b8501d0_0 .net "LEDDDAT7", 0 0, o0x7fda0e7b71a8;  0 drivers
o0x7fda0e7b71d8 .functor BUFZ 1, c4<z>; HiZ drive
v0x55555b850290_0 .net "LEDDDEN", 0 0, o0x7fda0e7b71d8;  0 drivers
o0x7fda0e7b7208 .functor BUFZ 1, c4<z>; HiZ drive
v0x55555b850350_0 .net "LEDDEXE", 0 0, o0x7fda0e7b7208;  0 drivers
o0x7fda0e7b7238 .functor BUFZ 1, c4<z>; HiZ drive
v0x55555b850410_0 .net "LEDDON", 0 0, o0x7fda0e7b7238;  0 drivers
o0x7fda0e7b7268 .functor BUFZ 1, c4<z>; HiZ drive
v0x55555b8505e0_0 .net "LEDDRST", 0 0, o0x7fda0e7b7268;  0 drivers
o0x7fda0e7b7298 .functor BUFZ 1, c4<z>; HiZ drive
v0x55555b8506a0_0 .net "PWMOUT0", 0 0, o0x7fda0e7b7298;  0 drivers
o0x7fda0e7b72c8 .functor BUFZ 1, c4<z>; HiZ drive
v0x55555b850760_0 .net "PWMOUT1", 0 0, o0x7fda0e7b72c8;  0 drivers
o0x7fda0e7b72f8 .functor BUFZ 1, c4<z>; HiZ drive
v0x55555b850820_0 .net "PWMOUT2", 0 0, o0x7fda0e7b72f8;  0 drivers
S_0x55555b757ec0 .scope module, "SB_LED_DRV_CUR" "SB_LED_DRV_CUR" 17 2709;
 .timescale -12 -12;
    .port_info 0 /INPUT 1 "EN";
    .port_info 1 /OUTPUT 1 "LEDPU";
o0x7fda0e7b7718 .functor BUFZ 1, c4<z>; HiZ drive
v0x55555b850b80_0 .net "EN", 0 0, o0x7fda0e7b7718;  0 drivers
o0x7fda0e7b7748 .functor BUFZ 1, c4<z>; HiZ drive
v0x55555b850c60_0 .net "LEDPU", 0 0, o0x7fda0e7b7748;  0 drivers
S_0x55555b7490d0 .scope module, "SB_LFOSC" "SB_LFOSC" 17 2684;
 .timescale -12 -12;
    .port_info 0 /INPUT 1 "CLKLFPU";
    .port_info 1 /INPUT 1 "CLKLFEN";
    .port_info 2 /OUTPUT 1 "CLKLF";
o0x7fda0e7b77d8 .functor BUFZ 1, c4<z>; HiZ drive
v0x55555b850d80_0 .net "CLKLF", 0 0, o0x7fda0e7b77d8;  0 drivers
o0x7fda0e7b7808 .functor BUFZ 1, c4<z>; HiZ drive
v0x55555b850e40_0 .net "CLKLFEN", 0 0, o0x7fda0e7b7808;  0 drivers
o0x7fda0e7b7838 .functor BUFZ 1, c4<z>; HiZ drive
v0x55555b850f00_0 .net "CLKLFPU", 0 0, o0x7fda0e7b7838;  0 drivers
S_0x55555b748490 .scope module, "SB_LUT4" "SB_LUT4" 17 177;
 .timescale -12 -12;
    .port_info 0 /OUTPUT 1 "O";
    .port_info 1 /INPUT 1 "I0";
    .port_info 2 /INPUT 1 "I1";
    .port_info 3 /INPUT 1 "I2";
    .port_info 4 /INPUT 1 "I3";
P_0x55555b7459d0 .param/l "LUT_INIT" 0 17 184, C4<0000000000000000>;
o0x7fda0e7b78f8 .functor BUFZ 1, c4<z>; HiZ drive
v0x55555b851020_0 .net "I0", 0 0, o0x7fda0e7b78f8;  0 drivers
o0x7fda0e7b7928 .functor BUFZ 1, c4<z>; HiZ drive
v0x55555b8510e0_0 .net "I1", 0 0, o0x7fda0e7b7928;  0 drivers
o0x7fda0e7b7958 .functor BUFZ 1, c4<z>; HiZ drive
v0x55555b8511a0_0 .net "I2", 0 0, o0x7fda0e7b7958;  0 drivers
o0x7fda0e7b7988 .functor BUFZ 1, c4<z>; HiZ drive
v0x55555b851270_0 .net "I3", 0 0, o0x7fda0e7b7988;  0 drivers
v0x55555b851330_0 .net "O", 0 0, L_0x55555b8b2f20;  1 drivers
L_0x7fda0e7548d0 .functor BUFT 1, C4<00000000>, C4<0>, C4<0>, C4<0>;
v0x55555b8513f0_0 .net/2u *"_ivl_0", 7 0, L_0x7fda0e7548d0;  1 drivers
v0x55555b8514d0_0 .net *"_ivl_13", 1 0, L_0x55555b8b2a70;  1 drivers
v0x55555b8515b0_0 .net *"_ivl_15", 1 0, L_0x55555b8b2b60;  1 drivers
v0x55555b851690_0 .net *"_ivl_19", 0 0, L_0x55555b8b2d40;  1 drivers
L_0x7fda0e754918 .functor BUFT 1, C4<00000000>, C4<0>, C4<0>, C4<0>;
v0x55555b851770_0 .net/2u *"_ivl_2", 7 0, L_0x7fda0e754918;  1 drivers
v0x55555b851850_0 .net *"_ivl_21", 0 0, L_0x55555b8b2e80;  1 drivers
v0x55555b851930_0 .net *"_ivl_7", 3 0, L_0x55555b8b2740;  1 drivers
v0x55555b851a10_0 .net *"_ivl_9", 3 0, L_0x55555b8b2830;  1 drivers
v0x55555b851af0_0 .net "s1", 1 0, L_0x55555b8b2c00;  1 drivers
v0x55555b851bd0_0 .net "s2", 3 0, L_0x55555b8b28d0;  1 drivers
v0x55555b851cb0_0 .net "s3", 7 0, L_0x55555b8b25a0;  1 drivers
L_0x55555b8b25a0 .functor MUXZ 8, L_0x7fda0e754918, L_0x7fda0e7548d0, o0x7fda0e7b7988, C4<>;
L_0x55555b8b2740 .part L_0x55555b8b25a0, 4, 4;
L_0x55555b8b2830 .part L_0x55555b8b25a0, 0, 4;
L_0x55555b8b28d0 .functor MUXZ 4, L_0x55555b8b2830, L_0x55555b8b2740, o0x7fda0e7b7958, C4<>;
L_0x55555b8b2a70 .part L_0x55555b8b28d0, 2, 2;
L_0x55555b8b2b60 .part L_0x55555b8b28d0, 0, 2;
L_0x55555b8b2c00 .functor MUXZ 2, L_0x55555b8b2b60, L_0x55555b8b2a70, o0x7fda0e7b7928, C4<>;
L_0x55555b8b2d40 .part L_0x55555b8b2c00, 1, 1;
L_0x55555b8b2e80 .part L_0x55555b8b2c00, 0, 1;
L_0x55555b8b2f20 .functor MUXZ 1, L_0x55555b8b2e80, L_0x55555b8b2d40, o0x7fda0e7b78f8, C4<>;
S_0x55555b7387c0 .scope module, "SB_MAC16" "SB_MAC16" 17 2996;
 .timescale -12 -12;
    .port_info 0 /INPUT 1 "CLK";
    .port_info 1 /INPUT 1 "CE";
    .port_info 2 /INPUT 16 "C";
    .port_info 3 /INPUT 16 "A";
    .port_info 4 /INPUT 16 "B";
    .port_info 5 /INPUT 16 "D";
    .port_info 6 /INPUT 1 "AHOLD";
    .port_info 7 /INPUT 1 "BHOLD";
    .port_info 8 /INPUT 1 "CHOLD";
    .port_info 9 /INPUT 1 "DHOLD";
    .port_info 10 /INPUT 1 "IRSTTOP";
    .port_info 11 /INPUT 1 "IRSTBOT";
    .port_info 12 /INPUT 1 "ORSTTOP";
    .port_info 13 /INPUT 1 "ORSTBOT";
    .port_info 14 /INPUT 1 "OLOADTOP";
    .port_info 15 /INPUT 1 "OLOADBOT";
    .port_info 16 /INPUT 1 "ADDSUBTOP";
    .port_info 17 /INPUT 1 "ADDSUBBOT";
    .port_info 18 /INPUT 1 "OHOLDTOP";
    .port_info 19 /INPUT 1 "OHOLDBOT";
    .port_info 20 /INPUT 1 "CI";
    .port_info 21 /INPUT 1 "ACCUMCI";
    .port_info 22 /INPUT 1 "SIGNEXTIN";
    .port_info 23 /OUTPUT 32 "O";
    .port_info 24 /OUTPUT 1 "CO";
    .port_info 25 /OUTPUT 1 "ACCUMCO";
    .port_info 26 /OUTPUT 1 "SIGNEXTOUT";
P_0x55555b4b22b0 .param/l "A_REG" 0 17 3011, C4<0>;
P_0x55555b4b22f0 .param/l "A_SIGNED" 0 17 3027, C4<0>;
P_0x55555b4b2330 .param/l "BOTADDSUB_CARRYSELECT" 0 17 3025, C4<00>;
P_0x55555b4b2370 .param/l "BOTADDSUB_LOWERINPUT" 0 17 3023, C4<00>;
P_0x55555b4b23b0 .param/l "BOTADDSUB_UPPERINPUT" 0 17 3024, C4<0>;
P_0x55555b4b23f0 .param/l "BOTOUTPUT_SELECT" 0 17 3022, C4<00>;
P_0x55555b4b2430 .param/l "BOT_8x8_MULT_REG" 0 17 3015, C4<0>;
P_0x55555b4b2470 .param/l "B_REG" 0 17 3012, C4<0>;
P_0x55555b4b24b0 .param/l "B_SIGNED" 0 17 3028, C4<0>;
P_0x55555b4b24f0 .param/l "C_REG" 0 17 3010, C4<0>;
P_0x55555b4b2530 .param/l "D_REG" 0 17 3013, C4<0>;
P_0x55555b4b2570 .param/l "MODE_8x8" 0 17 3026, C4<0>;
P_0x55555b4b25b0 .param/l "NEG_TRIGGER" 0 17 3009, C4<0>;
P_0x55555b4b25f0 .param/l "PIPELINE_16x16_MULT_REG1" 0 17 3016, C4<0>;
P_0x55555b4b2630 .param/l "PIPELINE_16x16_MULT_REG2" 0 17 3017, C4<0>;
P_0x55555b4b2670 .param/l "TOPADDSUB_CARRYSELECT" 0 17 3021, C4<00>;
P_0x55555b4b26b0 .param/l "TOPADDSUB_LOWERINPUT" 0 17 3019, C4<00>;
P_0x55555b4b26f0 .param/l "TOPADDSUB_UPPERINPUT" 0 17 3020, C4<0>;
P_0x55555b4b2730 .param/l "TOPOUTPUT_SELECT" 0 17 3018, C4<00>;
P_0x55555b4b2770 .param/l "TOP_8x8_MULT_REG" 0 17 3014, C4<0>;
o0x7fda0e7b7fe8 .functor BUFZ 1, c4<z>; HiZ drive
L_0x7fda0e754960 .functor BUFT 1, C4<0>, C4<0>, C4<0>, C4<0>;
L_0x55555b8b3040 .functor XOR 1, o0x7fda0e7b7fe8, L_0x7fda0e754960, C4<0>, C4<0>;
o0x7fda0e7b7f28 .functor BUFZ 16, c4<zzzzzzzzzzzzzzzz>; HiZ drive
L_0x55555b8b3130 .functor BUFZ 16, o0x7fda0e7b7f28, C4<0000000000000000>, C4<0000000000000000>, C4<0000000000000000>;
o0x7fda0e7b7ce8 .functor BUFZ 16, c4<zzzzzzzzzzzzzzzz>; HiZ drive
L_0x55555b8b31d0 .functor BUFZ 16, o0x7fda0e7b7ce8, C4<0000000000000000>, C4<0000000000000000>, C4<0000000000000000>;
o0x7fda0e7b7e68 .functor BUFZ 16, c4<zzzzzzzzzzzzzzzz>; HiZ drive
L_0x55555b8b32a0 .functor BUFZ 16, o0x7fda0e7b7e68, C4<0000000000000000>, C4<0000000000000000>, C4<0000000000000000>;
o0x7fda0e7b8048 .functor BUFZ 16, c4<zzzzzzzzzzzzzzzz>; HiZ drive
L_0x55555b8b33a0 .functor BUFZ 16, o0x7fda0e7b8048, C4<0000000000000000>, C4<0000000000000000>, C4<0000000000000000>;
L_0x55555b8b4210 .functor BUFZ 16, L_0x55555b8b3da0, C4<0000000000000000>, C4<0000000000000000>, C4<0000000000000000>;
L_0x55555b8b4720 .functor BUFZ 16, L_0x55555b8b4120, C4<0000000000000000>, C4<0000000000000000>, C4<0000000000000000>;
L_0x55555b8b47e0 .functor BUFZ 16, L_0x55555b8b44b0, C4<0000000000000000>, C4<0000000000000000>, C4<0000000000000000>;
L_0x55555b8b48f0 .functor BUFZ 16, L_0x55555b8b45a0, C4<0000000000000000>, C4<0000000000000000>, C4<0000000000000000>;
L_0x55555b8b5250 .functor BUFZ 32, L_0x55555b8b5970, C4<00000000000000000000000000000000>, C4<00000000000000000000000000000000>, C4<00000000000000000000000000000000>;
L_0x55555b8b5de0 .functor BUFZ 16, v0x55555b859da0_0, C4<0000000000000000>, C4<0000000000000000>, C4<0000000000000000>;
L_0x55555b8b5e50 .functor BUFZ 16, L_0x55555b8b31d0, C4<0000000000000000>, C4<0000000000000000>, C4<0000000000000000>;
L_0x55555b8b66f0 .functor XOR 17, L_0x55555b8b62a0, L_0x55555b8b65b0, C4<00000000000000000>, C4<00000000000000000>;
o0x7fda0e7b7da8 .functor BUFZ 1, c4<z>; HiZ drive
L_0x55555b8b68a0 .functor XOR 1, L_0x55555b8b5f30, o0x7fda0e7b7da8, C4<0>, C4<0>;
L_0x55555b8b5ec0 .functor XOR 16, L_0x55555b8b5c40, L_0x55555b8b6b90, C4<0000000000000000>, C4<0000000000000000>;
L_0x55555b8b70b0 .functor BUFZ 16, L_0x55555b8b6e20, C4<0000000000000000>, C4<0000000000000000>, C4<0000000000000000>;
L_0x55555b8b7370 .functor BUFZ 16, v0x55555b859e80_0, C4<0000000000000000>, C4<0000000000000000>, C4<0000000000000000>;
L_0x55555b8b7480 .functor BUFZ 16, L_0x55555b8b32a0, C4<0000000000000000>, C4<0000000000000000>, C4<0000000000000000>;
L_0x55555b8b8030 .functor XOR 17, L_0x55555b8b79a0, L_0x55555b8b7d30, C4<00000000000000000>, C4<00000000000000000>;
L_0x55555b8b81f0 .functor XOR 16, L_0x55555b8b7620, L_0x55555b8b8590, C4<0000000000000000>, C4<0000000000000000>;
L_0x55555b8b8140 .functor BUFZ 16, L_0x55555b8b8720, C4<0000000000000000>, C4<0000000000000000>, C4<0000000000000000>;
v0x55555b852000_0 .net "A", 15 0, o0x7fda0e7b7ce8;  0 drivers
o0x7fda0e7b7d18 .functor BUFZ 1, c4<z>; HiZ drive
v0x55555b8520e0_0 .net "ACCUMCI", 0 0, o0x7fda0e7b7d18;  0 drivers
v0x55555b8521a0_0 .net "ACCUMCO", 0 0, L_0x55555b8b5f30;  1 drivers
o0x7fda0e7b7d78 .functor BUFZ 1, c4<z>; HiZ drive
v0x55555b852240_0 .net "ADDSUBBOT", 0 0, o0x7fda0e7b7d78;  0 drivers
v0x55555b852300_0 .net "ADDSUBTOP", 0 0, o0x7fda0e7b7da8;  0 drivers
o0x7fda0e7b7dd8 .functor BUFZ 1, c4<z>; HiZ drive
v0x55555b8523c0_0 .net "AHOLD", 0 0, o0x7fda0e7b7dd8;  0 drivers
v0x55555b852480_0 .net "Ah", 15 0, L_0x55555b8b35c0;  1 drivers
v0x55555b852560_0 .net "Al", 15 0, L_0x55555b8b37a0;  1 drivers
v0x55555b852640_0 .net "B", 15 0, o0x7fda0e7b7e68;  0 drivers
o0x7fda0e7b7e98 .functor BUFZ 1, c4<z>; HiZ drive
v0x55555b8527b0_0 .net "BHOLD", 0 0, o0x7fda0e7b7e98;  0 drivers
v0x55555b852870_0 .net "Bh", 15 0, L_0x55555b8b3a30;  1 drivers
v0x55555b852950_0 .net "Bl", 15 0, L_0x55555b8b3c10;  1 drivers
v0x55555b852a30_0 .net "C", 15 0, o0x7fda0e7b7f28;  0 drivers
o0x7fda0e7b7f58 .functor BUFZ 1, c4<z>; HiZ drive
v0x55555b852b10_0 .net "CE", 0 0, o0x7fda0e7b7f58;  0 drivers
o0x7fda0e7b7f88 .functor BUFZ 1, c4<z>; HiZ drive
v0x55555b852bd0_0 .net "CHOLD", 0 0, o0x7fda0e7b7f88;  0 drivers
o0x7fda0e7b7fb8 .functor BUFZ 1, c4<z>; HiZ drive
v0x55555b852c90_0 .net "CI", 0 0, o0x7fda0e7b7fb8;  0 drivers
v0x55555b852d50_0 .net "CLK", 0 0, o0x7fda0e7b7fe8;  0 drivers
v0x55555b852f20_0 .net "CO", 0 0, L_0x55555b8b68a0;  1 drivers
v0x55555b852fe0_0 .net "D", 15 0, o0x7fda0e7b8048;  0 drivers
o0x7fda0e7b8078 .functor BUFZ 1, c4<z>; HiZ drive
v0x55555b8530c0_0 .net "DHOLD", 0 0, o0x7fda0e7b8078;  0 drivers
L_0x7fda0e754eb8 .functor BUFT 1, C4<0>, C4<0>, C4<0>, C4<0>;
v0x55555b853180_0 .net "HCI", 0 0, L_0x7fda0e754eb8;  1 drivers
o0x7fda0e7b80d8 .functor BUFZ 1, c4<z>; HiZ drive
v0x55555b853240_0 .net "IRSTBOT", 0 0, o0x7fda0e7b80d8;  0 drivers
o0x7fda0e7b8108 .functor BUFZ 1, c4<z>; HiZ drive
v0x55555b853300_0 .net "IRSTTOP", 0 0, o0x7fda0e7b8108;  0 drivers
L_0x7fda0e754fd8 .functor BUFT 1, C4<0>, C4<0>, C4<0>, C4<0>;
v0x55555b8533c0_0 .net "LCI", 0 0, L_0x7fda0e754fd8;  1 drivers
v0x55555b853480_0 .net "LCO", 0 0, L_0x55555b8b7520;  1 drivers
v0x55555b853540_0 .net "O", 31 0, L_0x55555b8b8be0;  1 drivers
o0x7fda0e7b81c8 .functor BUFZ 1, c4<z>; HiZ drive
v0x55555b853620_0 .net "OHOLDBOT", 0 0, o0x7fda0e7b81c8;  0 drivers
o0x7fda0e7b81f8 .functor BUFZ 1, c4<z>; HiZ drive
v0x55555b8536e0_0 .net "OHOLDTOP", 0 0, o0x7fda0e7b81f8;  0 drivers
o0x7fda0e7b8228 .functor BUFZ 1, c4<z>; HiZ drive
v0x55555b8537a0_0 .net "OLOADBOT", 0 0, o0x7fda0e7b8228;  0 drivers
o0x7fda0e7b8258 .functor BUFZ 1, c4<z>; HiZ drive
v0x55555b853860_0 .net "OLOADTOP", 0 0, o0x7fda0e7b8258;  0 drivers
o0x7fda0e7b8288 .functor BUFZ 1, c4<z>; HiZ drive
v0x55555b853920_0 .net "ORSTBOT", 0 0, o0x7fda0e7b8288;  0 drivers
o0x7fda0e7b82b8 .functor BUFZ 1, c4<z>; HiZ drive
v0x55555b8539e0_0 .net "ORSTTOP", 0 0, o0x7fda0e7b82b8;  0 drivers
v0x55555b853aa0_0 .net "Oh", 15 0, L_0x55555b8b70b0;  1 drivers
v0x55555b853d90_0 .net "Ol", 15 0, L_0x55555b8b8140;  1 drivers
o0x7fda0e7b8348 .functor BUFZ 1, c4<z>; HiZ drive
v0x55555b853e70_0 .net "SIGNEXTIN", 0 0, o0x7fda0e7b8348;  0 drivers
v0x55555b853f30_0 .net "SIGNEXTOUT", 0 0, L_0x55555b8b7170;  1 drivers
v0x55555b853ff0_0 .net "XW", 15 0, L_0x55555b8b5c40;  1 drivers
v0x55555b8540d0_0 .net "YZ", 15 0, L_0x55555b8b7620;  1 drivers
v0x55555b8541b0_0 .net/2u *"_ivl_0", 0 0, L_0x7fda0e754960;  1 drivers
v0x55555b854290_0 .net *"_ivl_100", 31 0, L_0x55555b8b5880;  1 drivers
L_0x7fda0e754d50 .functor BUFT 1, C4<0000000000000000>, C4<0>, C4<0>, C4<0>;
v0x55555b854370_0 .net *"_ivl_103", 15 0, L_0x7fda0e754d50;  1 drivers
v0x55555b854450_0 .net *"_ivl_104", 31 0, L_0x55555b8b5b00;  1 drivers
v0x55555b854530_0 .net *"_ivl_106", 15 0, L_0x55555b8b5a60;  1 drivers
L_0x7fda0e754d98 .functor BUFT 1, C4<0000000000000000>, C4<0>, C4<0>, C4<0>;
v0x55555b854610_0 .net *"_ivl_108", 15 0, L_0x7fda0e754d98;  1 drivers
L_0x7fda0e7549a8 .functor BUFT 1, C4<00000000>, C4<0>, C4<0>, C4<0>;
v0x55555b8546f0_0 .net/2u *"_ivl_12", 7 0, L_0x7fda0e7549a8;  1 drivers
v0x55555b8547d0_0 .net *"_ivl_121", 16 0, L_0x55555b8b60e0;  1 drivers
L_0x7fda0e754de0 .functor BUFT 1, C4<0>, C4<0>, C4<0>, C4<0>;
v0x55555b8548b0_0 .net *"_ivl_124", 0 0, L_0x7fda0e754de0;  1 drivers
v0x55555b854990_0 .net *"_ivl_125", 16 0, L_0x55555b8b62a0;  1 drivers
L_0x7fda0e754e28 .functor BUFT 1, C4<0>, C4<0>, C4<0>, C4<0>;
v0x55555b854a70_0 .net *"_ivl_128", 0 0, L_0x7fda0e754e28;  1 drivers
v0x55555b854b50_0 .net *"_ivl_130", 15 0, L_0x55555b8b63e0;  1 drivers
v0x55555b854c30_0 .net *"_ivl_131", 16 0, L_0x55555b8b65b0;  1 drivers
L_0x7fda0e754e70 .functor BUFT 1, C4<0>, C4<0>, C4<0>, C4<0>;
v0x55555b854d10_0 .net *"_ivl_134", 0 0, L_0x7fda0e754e70;  1 drivers
v0x55555b854df0_0 .net *"_ivl_135", 16 0, L_0x55555b8b66f0;  1 drivers
v0x55555b854ed0_0 .net *"_ivl_137", 16 0, L_0x55555b8b6800;  1 drivers
L_0x7fda0e755188 .functor BUFT 1, C4<00000000000000000>, C4<0>, C4<0>, C4<0>;
v0x55555b854fb0_0 .net *"_ivl_139", 16 0, L_0x7fda0e755188;  1 drivers
v0x55555b855090_0 .net *"_ivl_143", 16 0, L_0x55555b8b6480;  1 drivers
v0x55555b855170_0 .net *"_ivl_148", 15 0, L_0x55555b8b6b90;  1 drivers
v0x55555b855250_0 .net *"_ivl_149", 15 0, L_0x55555b8b5ec0;  1 drivers
v0x55555b855330_0 .net *"_ivl_15", 7 0, L_0x55555b8b34a0;  1 drivers
v0x55555b855410_0 .net *"_ivl_168", 16 0, L_0x55555b8b7860;  1 drivers
L_0x7fda0e754f00 .functor BUFT 1, C4<0>, C4<0>, C4<0>, C4<0>;
v0x55555b8554f0_0 .net *"_ivl_171", 0 0, L_0x7fda0e754f00;  1 drivers
v0x55555b8555d0_0 .net *"_ivl_172", 16 0, L_0x55555b8b79a0;  1 drivers
L_0x7fda0e754f48 .functor BUFT 1, C4<0>, C4<0>, C4<0>, C4<0>;
v0x55555b8556b0_0 .net *"_ivl_175", 0 0, L_0x7fda0e754f48;  1 drivers
v0x55555b855790_0 .net *"_ivl_177", 15 0, L_0x55555b8b7c60;  1 drivers
v0x55555b855870_0 .net *"_ivl_178", 16 0, L_0x55555b8b7d30;  1 drivers
L_0x7fda0e7549f0 .functor BUFT 1, C4<00000000>, C4<0>, C4<0>, C4<0>;
v0x55555b855950_0 .net/2u *"_ivl_18", 7 0, L_0x7fda0e7549f0;  1 drivers
L_0x7fda0e754f90 .functor BUFT 1, C4<0>, C4<0>, C4<0>, C4<0>;
v0x55555b855a30_0 .net *"_ivl_181", 0 0, L_0x7fda0e754f90;  1 drivers
v0x55555b855b10_0 .net *"_ivl_182", 16 0, L_0x55555b8b8030;  1 drivers
v0x55555b855bf0_0 .net *"_ivl_184", 16 0, L_0x55555b8b73e0;  1 drivers
L_0x7fda0e7551d0 .functor BUFT 1, C4<00000000000000000>, C4<0>, C4<0>, C4<0>;
v0x55555b855cd0_0 .net *"_ivl_186", 16 0, L_0x7fda0e7551d0;  1 drivers
v0x55555b855db0_0 .net *"_ivl_190", 16 0, L_0x55555b8b8300;  1 drivers
v0x55555b855e90_0 .net *"_ivl_193", 15 0, L_0x55555b8b8590;  1 drivers
v0x55555b855f70_0 .net *"_ivl_194", 15 0, L_0x55555b8b81f0;  1 drivers
v0x55555b856050_0 .net *"_ivl_21", 7 0, L_0x55555b8b3700;  1 drivers
L_0x7fda0e754a38 .functor BUFT 1, C4<00000000>, C4<0>, C4<0>, C4<0>;
v0x55555b856130_0 .net/2u *"_ivl_24", 7 0, L_0x7fda0e754a38;  1 drivers
v0x55555b856210_0 .net *"_ivl_27", 7 0, L_0x55555b8b3940;  1 drivers
L_0x7fda0e754a80 .functor BUFT 1, C4<00000000>, C4<0>, C4<0>, C4<0>;
v0x55555b8562f0_0 .net/2u *"_ivl_30", 7 0, L_0x7fda0e754a80;  1 drivers
v0x55555b8563d0_0 .net *"_ivl_33", 7 0, L_0x55555b8b3b70;  1 drivers
L_0x7fda0e754ac8 .functor BUFT 1, C4<00000000>, C4<0>, C4<0>, C4<0>;
v0x55555b8564b0_0 .net/2u *"_ivl_38", 7 0, L_0x7fda0e754ac8;  1 drivers
v0x55555b856590_0 .net *"_ivl_41", 7 0, L_0x55555b8b3ee0;  1 drivers
v0x55555b856670_0 .net *"_ivl_42", 15 0, L_0x55555b8b4030;  1 drivers
L_0x7fda0e754b10 .functor BUFT 1, C4<00000000>, C4<0>, C4<0>, C4<0>;
v0x55555b856750_0 .net/2u *"_ivl_46", 7 0, L_0x7fda0e754b10;  1 drivers
v0x55555b856830_0 .net *"_ivl_49", 7 0, L_0x55555b8b4280;  1 drivers
v0x55555b856910_0 .net *"_ivl_50", 15 0, L_0x55555b8b4370;  1 drivers
L_0x7fda0e754b58 .functor BUFT 1, C4<00000000>, C4<0>, C4<0>, C4<0>;
v0x55555b8569f0_0 .net/2u *"_ivl_64", 7 0, L_0x7fda0e754b58;  1 drivers
L_0x7fda0e754ba0 .functor BUFT 1, C4<00000000>, C4<0>, C4<0>, C4<0>;
v0x55555b856ad0_0 .net/2u *"_ivl_68", 7 0, L_0x7fda0e754ba0;  1 drivers
v0x55555b856bb0_0 .net *"_ivl_72", 31 0, L_0x55555b8b4cd0;  1 drivers
L_0x7fda0e754be8 .functor BUFT 1, C4<0000000000000000>, C4<0>, C4<0>, C4<0>;
v0x55555b856c90_0 .net *"_ivl_75", 15 0, L_0x7fda0e754be8;  1 drivers
v0x55555b856d70_0 .net *"_ivl_76", 31 0, L_0x55555b8b4e10;  1 drivers
L_0x7fda0e754c30 .functor BUFT 1, C4<00000000>, C4<0>, C4<0>, C4<0>;
v0x55555b856e50_0 .net *"_ivl_79", 7 0, L_0x7fda0e754c30;  1 drivers
v0x55555b856f30_0 .net *"_ivl_80", 31 0, L_0x55555b8b5050;  1 drivers
v0x55555b857010_0 .net *"_ivl_82", 23 0, L_0x55555b8b4c30;  1 drivers
L_0x7fda0e754c78 .functor BUFT 1, C4<00000000>, C4<0>, C4<0>, C4<0>;
v0x55555b8570f0_0 .net *"_ivl_84", 7 0, L_0x7fda0e754c78;  1 drivers
v0x55555b8571d0_0 .net *"_ivl_86", 31 0, L_0x55555b8b4f00;  1 drivers
v0x55555b8572b0_0 .net *"_ivl_88", 31 0, L_0x55555b8b5360;  1 drivers
L_0x7fda0e754cc0 .functor BUFT 1, C4<00000000>, C4<0>, C4<0>, C4<0>;
v0x55555b857390_0 .net *"_ivl_91", 7 0, L_0x7fda0e754cc0;  1 drivers
v0x55555b857470_0 .net *"_ivl_92", 31 0, L_0x55555b8b55c0;  1 drivers
v0x55555b857550_0 .net *"_ivl_94", 23 0, L_0x55555b8b5520;  1 drivers
L_0x7fda0e754d08 .functor BUFT 1, C4<00000000>, C4<0>, C4<0>, C4<0>;
v0x55555b857630_0 .net *"_ivl_96", 7 0, L_0x7fda0e754d08;  1 drivers
v0x55555b857710_0 .net *"_ivl_98", 31 0, L_0x55555b8b5450;  1 drivers
v0x55555b8577f0_0 .net "clock", 0 0, L_0x55555b8b3040;  1 drivers
v0x55555b8578b0_0 .net "iA", 15 0, L_0x55555b8b31d0;  1 drivers
v0x55555b857990_0 .net "iB", 15 0, L_0x55555b8b32a0;  1 drivers
v0x55555b857a70_0 .net "iC", 15 0, L_0x55555b8b3130;  1 drivers
v0x55555b857b50_0 .net "iD", 15 0, L_0x55555b8b33a0;  1 drivers
v0x55555b857c30_0 .net "iF", 15 0, L_0x55555b8b4210;  1 drivers
v0x55555b857d10_0 .net "iG", 15 0, L_0x55555b8b48f0;  1 drivers
v0x55555b857df0_0 .net "iH", 31 0, L_0x55555b8b5250;  1 drivers
v0x55555b857ed0_0 .net "iJ", 15 0, L_0x55555b8b4720;  1 drivers
v0x55555b857fb0_0 .net "iJ_e", 23 0, L_0x55555b8b4af0;  1 drivers
v0x55555b858090_0 .net "iK", 15 0, L_0x55555b8b47e0;  1 drivers
v0x55555b858170_0 .net "iK_e", 23 0, L_0x55555b8b49b0;  1 drivers
v0x55555b858250_0 .net "iL", 31 0, L_0x55555b8b5970;  1 drivers
v0x55555b858330_0 .net "iP", 15 0, L_0x55555b8b6e20;  1 drivers
v0x55555b858410_0 .net "iQ", 15 0, v0x55555b859da0_0;  1 drivers
v0x55555b8584f0_0 .net "iR", 15 0, L_0x55555b8b8720;  1 drivers
v0x55555b8585d0_0 .net "iS", 15 0, v0x55555b859e80_0;  1 drivers
v0x55555b8586b0_0 .net "iW", 15 0, L_0x55555b8b5de0;  1 drivers
v0x55555b858790_0 .net "iX", 15 0, L_0x55555b8b5e50;  1 drivers
v0x55555b858870_0 .net "iY", 15 0, L_0x55555b8b7370;  1 drivers
v0x55555b858950_0 .net "iZ", 15 0, L_0x55555b8b7480;  1 drivers
v0x55555b858a30_0 .net "p_Ah_Bh", 15 0, L_0x55555b8b3da0;  1 drivers
v0x55555b858b10_0 .net "p_Ah_Bl", 15 0, L_0x55555b8b44b0;  1 drivers
v0x55555b858bf0_0 .net "p_Al_Bh", 15 0, L_0x55555b8b4120;  1 drivers
v0x55555b858cd0_0 .net "p_Al_Bl", 15 0, L_0x55555b8b45a0;  1 drivers
v0x55555b858db0_0 .var "rA", 15 0;
v0x55555b858e90_0 .var "rB", 15 0;
v0x55555b858f70_0 .var "rC", 15 0;
v0x55555b859050_0 .var "rD", 15 0;
v0x55555b859940_0 .var "rF", 15 0;
v0x55555b859a20_0 .var "rG", 15 0;
v0x55555b859b00_0 .var "rH", 31 0;
v0x55555b859be0_0 .var "rJ", 15 0;
v0x55555b859cc0_0 .var "rK", 15 0;
v0x55555b859da0_0 .var "rQ", 15 0;
v0x55555b859e80_0 .var "rS", 15 0;
E_0x55555b851e30 .event posedge, v0x55555b853920_0, v0x55555b8577f0_0;
E_0x55555b851eb0 .event posedge, v0x55555b8539e0_0, v0x55555b8577f0_0;
E_0x55555b851f10 .event posedge, v0x55555b853240_0, v0x55555b8577f0_0;
E_0x55555b851f70 .event posedge, v0x55555b853300_0, v0x55555b8577f0_0;
L_0x55555b8b34a0 .part L_0x55555b8b31d0, 8, 8;
L_0x55555b8b35c0 .concat [ 8 8 0 0], L_0x55555b8b34a0, L_0x7fda0e7549a8;
L_0x55555b8b3700 .part L_0x55555b8b31d0, 0, 8;
L_0x55555b8b37a0 .concat [ 8 8 0 0], L_0x55555b8b3700, L_0x7fda0e7549f0;
L_0x55555b8b3940 .part L_0x55555b8b32a0, 8, 8;
L_0x55555b8b3a30 .concat [ 8 8 0 0], L_0x55555b8b3940, L_0x7fda0e754a38;
L_0x55555b8b3b70 .part L_0x55555b8b32a0, 0, 8;
L_0x55555b8b3c10 .concat [ 8 8 0 0], L_0x55555b8b3b70, L_0x7fda0e754a80;
L_0x55555b8b3da0 .arith/mult 16, L_0x55555b8b35c0, L_0x55555b8b3a30;
L_0x55555b8b3ee0 .part L_0x55555b8b37a0, 0, 8;
L_0x55555b8b4030 .concat [ 8 8 0 0], L_0x55555b8b3ee0, L_0x7fda0e754ac8;
L_0x55555b8b4120 .arith/mult 16, L_0x55555b8b4030, L_0x55555b8b3a30;
L_0x55555b8b4280 .part L_0x55555b8b3c10, 0, 8;
L_0x55555b8b4370 .concat [ 8 8 0 0], L_0x55555b8b4280, L_0x7fda0e754b10;
L_0x55555b8b44b0 .arith/mult 16, L_0x55555b8b35c0, L_0x55555b8b4370;
L_0x55555b8b45a0 .arith/mult 16, L_0x55555b8b37a0, L_0x55555b8b3c10;
L_0x55555b8b49b0 .concat [ 16 8 0 0], L_0x55555b8b47e0, L_0x7fda0e754b58;
L_0x55555b8b4af0 .concat [ 16 8 0 0], L_0x55555b8b4720, L_0x7fda0e754ba0;
L_0x55555b8b4cd0 .concat [ 16 16 0 0], L_0x55555b8b48f0, L_0x7fda0e754be8;
L_0x55555b8b4e10 .concat [ 24 8 0 0], L_0x55555b8b49b0, L_0x7fda0e754c30;
L_0x55555b8b4c30 .part L_0x55555b8b4e10, 0, 24;
L_0x55555b8b5050 .concat [ 8 24 0 0], L_0x7fda0e754c78, L_0x55555b8b4c30;
L_0x55555b8b4f00 .arith/sum 32, L_0x55555b8b4cd0, L_0x55555b8b5050;
L_0x55555b8b5360 .concat [ 24 8 0 0], L_0x55555b8b4af0, L_0x7fda0e754cc0;
L_0x55555b8b5520 .part L_0x55555b8b5360, 0, 24;
L_0x55555b8b55c0 .concat [ 8 24 0 0], L_0x7fda0e754d08, L_0x55555b8b5520;
L_0x55555b8b5450 .arith/sum 32, L_0x55555b8b4f00, L_0x55555b8b55c0;
L_0x55555b8b5880 .concat [ 16 16 0 0], L_0x55555b8b4210, L_0x7fda0e754d50;
L_0x55555b8b5a60 .part L_0x55555b8b5880, 0, 16;
L_0x55555b8b5b00 .concat [ 16 16 0 0], L_0x7fda0e754d98, L_0x55555b8b5a60;
L_0x55555b8b5970 .arith/sum 32, L_0x55555b8b5450, L_0x55555b8b5b00;
L_0x55555b8b5f30 .part L_0x55555b8b6480, 16, 1;
L_0x55555b8b5c40 .part L_0x55555b8b6480, 0, 16;
L_0x55555b8b60e0 .concat [ 16 1 0 0], L_0x55555b8b5e50, L_0x7fda0e754de0;
L_0x55555b8b62a0 .concat [ 16 1 0 0], L_0x55555b8b5de0, L_0x7fda0e754e28;
L_0x55555b8b63e0 .repeat 16, 16, o0x7fda0e7b7da8;
L_0x55555b8b65b0 .concat [ 16 1 0 0], L_0x55555b8b63e0, L_0x7fda0e754e70;
L_0x55555b8b6800 .arith/sum 17, L_0x55555b8b60e0, L_0x55555b8b66f0;
L_0x55555b8b6480 .arith/sum 17, L_0x55555b8b6800, L_0x7fda0e755188;
L_0x55555b8b6b90 .repeat 16, 16, o0x7fda0e7b7da8;
L_0x55555b8b6e20 .functor MUXZ 16, L_0x55555b8b5ec0, L_0x55555b8b3130, o0x7fda0e7b8258, C4<>;
L_0x55555b8b7170 .part L_0x55555b8b5e50, 15, 1;
L_0x55555b8b7520 .part L_0x55555b8b8300, 16, 1;
L_0x55555b8b7620 .part L_0x55555b8b8300, 0, 16;
L_0x55555b8b7860 .concat [ 16 1 0 0], L_0x55555b8b7480, L_0x7fda0e754f00;
L_0x55555b8b79a0 .concat [ 16 1 0 0], L_0x55555b8b7370, L_0x7fda0e754f48;
L_0x55555b8b7c60 .repeat 16, 16, o0x7fda0e7b7d78;
L_0x55555b8b7d30 .concat [ 16 1 0 0], L_0x55555b8b7c60, L_0x7fda0e754f90;
L_0x55555b8b73e0 .arith/sum 17, L_0x55555b8b7860, L_0x55555b8b8030;
L_0x55555b8b8300 .arith/sum 17, L_0x55555b8b73e0, L_0x7fda0e7551d0;
L_0x55555b8b8590 .repeat 16, 16, o0x7fda0e7b7d78;
L_0x55555b8b8720 .functor MUXZ 16, L_0x55555b8b81f0, L_0x55555b8b33a0, o0x7fda0e7b8228, C4<>;
L_0x55555b8b8be0 .concat [ 16 16 0 0], L_0x55555b8b8140, L_0x55555b8b70b0;
S_0x55555b728e50 .scope module, "SB_PLL40_2F_CORE" "SB_PLL40_2F_CORE" 17 2521;
 .timescale -12 -12;
    .port_info 0 /INPUT 1 "REFERENCECLK";
    .port_info 1 /OUTPUT 1 "PLLOUTCOREA";
    .port_info 2 /OUTPUT 1 "PLLOUTGLOBALA";
    .port_info 3 /OUTPUT 1 "PLLOUTCOREB";
    .port_info 4 /OUTPUT 1 "PLLOUTGLOBALB";
    .port_info 5 /INPUT 1 "EXTFEEDBACK";
    .port_info 6 /INPUT 8 "DYNAMICDELAY";
    .port_info 7 /OUTPUT 1 "LOCK";
    .port_info 8 /INPUT 1 "BYPASS";
    .port_info 9 /INPUT 1 "RESETB";
    .port_info 10 /INPUT 1 "LATCHINPUTVALUE";
    .port_info 11 /OUTPUT 1 "SDO";
    .port_info 12 /INPUT 1 "SDI";
    .port_info 13 /INPUT 1 "SCLK";
P_0x55555b531e60 .param/str "DELAY_ADJUSTMENT_MODE_FEEDBACK" 0 17 2538, "FIXED";
P_0x55555b531ea0 .param/str "DELAY_ADJUSTMENT_MODE_RELATIVE" 0 17 2539, "FIXED";
P_0x55555b531ee0 .param/l "DIVF" 0 17 2546, C4<0000000>;
P_0x55555b531f20 .param/l "DIVQ" 0 17 2547, C4<000>;
P_0x55555b531f60 .param/l "DIVR" 0 17 2545, C4<0000>;
P_0x55555b531fa0 .param/l "ENABLE_ICEGATE_PORTA" 0 17 2549, C4<0>;
P_0x55555b531fe0 .param/l "ENABLE_ICEGATE_PORTB" 0 17 2550, C4<0>;
P_0x55555b532020 .param/l "EXTERNAL_DIVIDE_FACTOR" 0 17 2552, +C4<00000000000000000000000000000001>;
P_0x55555b532060 .param/l "FDA_FEEDBACK" 0 17 2541, C4<0000>;
P_0x55555b5320a0 .param/l "FDA_RELATIVE" 0 17 2542, C4<0000>;
P_0x55555b5320e0 .param/str "FEEDBACK_PATH" 0 17 2537, "SIMPLE";
P_0x55555b532120 .param/l "FILTER_RANGE" 0 17 2548, C4<000>;
P_0x55555b532160 .param/str "PLLOUT_SELECT_PORTA" 0 17 2543, "GENCLK";
P_0x55555b5321a0 .param/str "PLLOUT_SELECT_PORTB" 0 17 2544, "GENCLK";
P_0x55555b5321e0 .param/l "SHIFTREG_DIV_MODE" 0 17 2540, C4<0>;
P_0x55555b532220 .param/l "TEST_MODE" 0 17 2551, C4<0>;
o0x7fda0e7b9b78 .functor BUFZ 1, c4<z>; HiZ drive
v0x55555b85a3a0_0 .net "BYPASS", 0 0, o0x7fda0e7b9b78;  0 drivers
o0x7fda0e7b9ba8 .functor BUFZ 8, c4<zzzzzzzz>; HiZ drive
v0x55555b85a480_0 .net "DYNAMICDELAY", 7 0, o0x7fda0e7b9ba8;  0 drivers
o0x7fda0e7b9bd8 .functor BUFZ 1, c4<z>; HiZ drive
v0x55555b85a560_0 .net "EXTFEEDBACK", 0 0, o0x7fda0e7b9bd8;  0 drivers
o0x7fda0e7b9c08 .functor BUFZ 1, c4<z>; HiZ drive
v0x55555b85a600_0 .net "LATCHINPUTVALUE", 0 0, o0x7fda0e7b9c08;  0 drivers
o0x7fda0e7b9c38 .functor BUFZ 1, c4<z>; HiZ drive
v0x55555b85a6c0_0 .net "LOCK", 0 0, o0x7fda0e7b9c38;  0 drivers
o0x7fda0e7b9c68 .functor BUFZ 1, c4<z>; HiZ drive
v0x55555b85a780_0 .net "PLLOUTCOREA", 0 0, o0x7fda0e7b9c68;  0 drivers
o0x7fda0e7b9c98 .functor BUFZ 1, c4<z>; HiZ drive
v0x55555b85a840_0 .net "PLLOUTCOREB", 0 0, o0x7fda0e7b9c98;  0 drivers
o0x7fda0e7b9cc8 .functor BUFZ 1, c4<z>; HiZ drive
v0x55555b85a900_0 .net "PLLOUTGLOBALA", 0 0, o0x7fda0e7b9cc8;  0 drivers
o0x7fda0e7b9cf8 .functor BUFZ 1, c4<z>; HiZ drive
v0x55555b85a9c0_0 .net "PLLOUTGLOBALB", 0 0, o0x7fda0e7b9cf8;  0 drivers
o0x7fda0e7b9d28 .functor BUFZ 1, c4<z>; HiZ drive
v0x55555b85aa80_0 .net "REFERENCECLK", 0 0, o0x7fda0e7b9d28;  0 drivers
o0x7fda0e7b9d58 .functor BUFZ 1, c4<z>; HiZ drive
v0x55555b85ab40_0 .net "RESETB", 0 0, o0x7fda0e7b9d58;  0 drivers
o0x7fda0e7b9d88 .functor BUFZ 1, c4<z>; HiZ drive
v0x55555b85ac00_0 .net "SCLK", 0 0, o0x7fda0e7b9d88;  0 drivers
o0x7fda0e7b9db8 .functor BUFZ 1, c4<z>; HiZ drive
v0x55555b85acc0_0 .net "SDI", 0 0, o0x7fda0e7b9db8;  0 drivers
o0x7fda0e7b9de8 .functor BUFZ 1, c4<z>; HiZ drive
v0x55555b85ad80_0 .net "SDO", 0 0, o0x7fda0e7b9de8;  0 drivers
S_0x55555b719330 .scope module, "SB_PLL40_2F_PAD" "SB_PLL40_2F_PAD" 17 2556;
 .timescale -12 -12;
    .port_info 0 /INPUT 1 "PACKAGEPIN";
    .port_info 1 /OUTPUT 1 "PLLOUTCOREA";
    .port_info 2 /OUTPUT 1 "PLLOUTGLOBALA";
    .port_info 3 /OUTPUT 1 "PLLOUTCOREB";
    .port_info 4 /OUTPUT 1 "PLLOUTGLOBALB";
    .port_info 5 /INPUT 1 "EXTFEEDBACK";
    .port_info 6 /INPUT 8 "DYNAMICDELAY";
    .port_info 7 /OUTPUT 1 "LOCK";
    .port_info 8 /INPUT 1 "BYPASS";
    .port_info 9 /INPUT 1 "RESETB";
    .port_info 10 /INPUT 1 "LATCHINPUTVALUE";
    .port_info 11 /OUTPUT 1 "SDO";
    .port_info 12 /INPUT 1 "SDI";
    .port_info 13 /INPUT 1 "SCLK";
P_0x55555b53b810 .param/str "DELAY_ADJUSTMENT_MODE_FEEDBACK" 0 17 2573, "FIXED";
P_0x55555b53b850 .param/str "DELAY_ADJUSTMENT_MODE_RELATIVE" 0 17 2574, "FIXED";
P_0x55555b53b890 .param/l "DIVF" 0 17 2581, C4<0000000>;
P_0x55555b53b8d0 .param/l "DIVQ" 0 17 2582, C4<000>;
P_0x55555b53b910 .param/l "DIVR" 0 17 2580, C4<0000>;
P_0x55555b53b950 .param/l "ENABLE_ICEGATE_PORTA" 0 17 2584, C4<0>;
P_0x55555b53b990 .param/l "ENABLE_ICEGATE_PORTB" 0 17 2585, C4<0>;
P_0x55555b53b9d0 .param/l "EXTERNAL_DIVIDE_FACTOR" 0 17 2587, +C4<00000000000000000000000000000001>;
P_0x55555b53ba10 .param/l "FDA_FEEDBACK" 0 17 2576, C4<0000>;
P_0x55555b53ba50 .param/l "FDA_RELATIVE" 0 17 2577, C4<0000>;
P_0x55555b53ba90 .param/str "FEEDBACK_PATH" 0 17 2572, "SIMPLE";
P_0x55555b53bad0 .param/l "FILTER_RANGE" 0 17 2583, C4<000>;
P_0x55555b53bb10 .param/str "PLLOUT_SELECT_PORTA" 0 17 2578, "GENCLK";
P_0x55555b53bb50 .param/str "PLLOUT_SELECT_PORTB" 0 17 2579, "GENCLK";
P_0x55555b53bb90 .param/l "SHIFTREG_DIV_MODE" 0 17 2575, C4<00>;
P_0x55555b53bbd0 .param/l "TEST_MODE" 0 17 2586, C4<0>;
o0x7fda0e7ba0b8 .functor BUFZ 1, c4<z>; HiZ drive
v0x55555b85b000_0 .net "BYPASS", 0 0, o0x7fda0e7ba0b8;  0 drivers
o0x7fda0e7ba0e8 .functor BUFZ 8, c4<zzzzzzzz>; HiZ drive
v0x55555b85b0e0_0 .net "DYNAMICDELAY", 7 0, o0x7fda0e7ba0e8;  0 drivers
o0x7fda0e7ba118 .functor BUFZ 1, c4<z>; HiZ drive
v0x55555b85b1c0_0 .net "EXTFEEDBACK", 0 0, o0x7fda0e7ba118;  0 drivers
o0x7fda0e7ba148 .functor BUFZ 1, c4<z>; HiZ drive
v0x55555b85b260_0 .net "LATCHINPUTVALUE", 0 0, o0x7fda0e7ba148;  0 drivers
o0x7fda0e7ba178 .functor BUFZ 1, c4<z>; HiZ drive
v0x55555b85b320_0 .net "LOCK", 0 0, o0x7fda0e7ba178;  0 drivers
o0x7fda0e7ba1a8 .functor BUFZ 1, c4<z>; HiZ drive
v0x55555b85b3e0_0 .net "PACKAGEPIN", 0 0, o0x7fda0e7ba1a8;  0 drivers
o0x7fda0e7ba1d8 .functor BUFZ 1, c4<z>; HiZ drive
v0x55555b85b4a0_0 .net "PLLOUTCOREA", 0 0, o0x7fda0e7ba1d8;  0 drivers
o0x7fda0e7ba208 .functor BUFZ 1, c4<z>; HiZ drive
v0x55555b85b560_0 .net "PLLOUTCOREB", 0 0, o0x7fda0e7ba208;  0 drivers
o0x7fda0e7ba238 .functor BUFZ 1, c4<z>; HiZ drive
v0x55555b85b620_0 .net "PLLOUTGLOBALA", 0 0, o0x7fda0e7ba238;  0 drivers
o0x7fda0e7ba268 .functor BUFZ 1, c4<z>; HiZ drive
v0x55555b85b770_0 .net "PLLOUTGLOBALB", 0 0, o0x7fda0e7ba268;  0 drivers
o0x7fda0e7ba298 .functor BUFZ 1, c4<z>; HiZ drive
v0x55555b85b830_0 .net "RESETB", 0 0, o0x7fda0e7ba298;  0 drivers
o0x7fda0e7ba2c8 .functor BUFZ 1, c4<z>; HiZ drive
v0x55555b85b8f0_0 .net "SCLK", 0 0, o0x7fda0e7ba2c8;  0 drivers
o0x7fda0e7ba2f8 .functor BUFZ 1, c4<z>; HiZ drive
v0x55555b85b9b0_0 .net "SDI", 0 0, o0x7fda0e7ba2f8;  0 drivers
o0x7fda0e7ba328 .functor BUFZ 1, c4<z>; HiZ drive
v0x55555b85ba70_0 .net "SDO", 0 0, o0x7fda0e7ba328;  0 drivers
S_0x55555b70cd70 .scope module, "SB_PLL40_2_PAD" "SB_PLL40_2_PAD" 17 2487;
 .timescale -12 -12;
    .port_info 0 /INPUT 1 "PACKAGEPIN";
    .port_info 1 /OUTPUT 1 "PLLOUTCOREA";
    .port_info 2 /OUTPUT 1 "PLLOUTGLOBALA";
    .port_info 3 /OUTPUT 1 "PLLOUTCOREB";
    .port_info 4 /OUTPUT 1 "PLLOUTGLOBALB";
    .port_info 5 /INPUT 1 "EXTFEEDBACK";
    .port_info 6 /INPUT 8 "DYNAMICDELAY";
    .port_info 7 /OUTPUT 1 "LOCK";
    .port_info 8 /INPUT 1 "BYPASS";
    .port_info 9 /INPUT 1 "RESETB";
    .port_info 10 /INPUT 1 "LATCHINPUTVALUE";
    .port_info 11 /OUTPUT 1 "SDO";
    .port_info 12 /INPUT 1 "SDI";
    .port_info 13 /INPUT 1 "SCLK";
P_0x55555b542750 .param/str "DELAY_ADJUSTMENT_MODE_FEEDBACK" 0 17 2504, "FIXED";
P_0x55555b542790 .param/str "DELAY_ADJUSTMENT_MODE_RELATIVE" 0 17 2505, "FIXED";
P_0x55555b5427d0 .param/l "DIVF" 0 17 2511, C4<0000000>;
P_0x55555b542810 .param/l "DIVQ" 0 17 2512, C4<000>;
P_0x55555b542850 .param/l "DIVR" 0 17 2510, C4<0000>;
P_0x55555b542890 .param/l "ENABLE_ICEGATE_PORTA" 0 17 2514, C4<0>;
P_0x55555b5428d0 .param/l "ENABLE_ICEGATE_PORTB" 0 17 2515, C4<0>;
P_0x55555b542910 .param/l "EXTERNAL_DIVIDE_FACTOR" 0 17 2517, +C4<00000000000000000000000000000001>;
P_0x55555b542950 .param/l "FDA_FEEDBACK" 0 17 2507, C4<0000>;
P_0x55555b542990 .param/l "FDA_RELATIVE" 0 17 2508, C4<0000>;
P_0x55555b5429d0 .param/str "FEEDBACK_PATH" 0 17 2503, "SIMPLE";
P_0x55555b542a10 .param/l "FILTER_RANGE" 0 17 2513, C4<000>;
P_0x55555b542a50 .param/str "PLLOUT_SELECT_PORTB" 0 17 2509, "GENCLK";
P_0x55555b542a90 .param/l "SHIFTREG_DIV_MODE" 0 17 2506, C4<0>;
P_0x55555b542ad0 .param/l "TEST_MODE" 0 17 2516, C4<0>;
o0x7fda0e7ba5f8 .functor BUFZ 1, c4<z>; HiZ drive
v0x55555b85bcf0_0 .net "BYPASS", 0 0, o0x7fda0e7ba5f8;  0 drivers
o0x7fda0e7ba628 .functor BUFZ 8, c4<zzzzzzzz>; HiZ drive
v0x55555b85bdd0_0 .net "DYNAMICDELAY", 7 0, o0x7fda0e7ba628;  0 drivers
o0x7fda0e7ba658 .functor BUFZ 1, c4<z>; HiZ drive
v0x55555b85beb0_0 .net "EXTFEEDBACK", 0 0, o0x7fda0e7ba658;  0 drivers
o0x7fda0e7ba688 .functor BUFZ 1, c4<z>; HiZ drive
v0x55555b85bf50_0 .net "LATCHINPUTVALUE", 0 0, o0x7fda0e7ba688;  0 drivers
o0x7fda0e7ba6b8 .functor BUFZ 1, c4<z>; HiZ drive
v0x55555b85c010_0 .net "LOCK", 0 0, o0x7fda0e7ba6b8;  0 drivers
o0x7fda0e7ba6e8 .functor BUFZ 1, c4<z>; HiZ drive
v0x55555b85c0d0_0 .net "PACKAGEPIN", 0 0, o0x7fda0e7ba6e8;  0 drivers
o0x7fda0e7ba718 .functor BUFZ 1, c4<z>; HiZ drive
v0x55555b85c190_0 .net "PLLOUTCOREA", 0 0, o0x7fda0e7ba718;  0 drivers
o0x7fda0e7ba748 .functor BUFZ 1, c4<z>; HiZ drive
v0x55555b85c250_0 .net "PLLOUTCOREB", 0 0, o0x7fda0e7ba748;  0 drivers
o0x7fda0e7ba778 .functor BUFZ 1, c4<z>; HiZ drive
v0x55555b85c310_0 .net "PLLOUTGLOBALA", 0 0, o0x7fda0e7ba778;  0 drivers
o0x7fda0e7ba7a8 .functor BUFZ 1, c4<z>; HiZ drive
v0x55555b85c460_0 .net "PLLOUTGLOBALB", 0 0, o0x7fda0e7ba7a8;  0 drivers
o0x7fda0e7ba7d8 .functor BUFZ 1, c4<z>; HiZ drive
v0x55555b85c520_0 .net "RESETB", 0 0, o0x7fda0e7ba7d8;  0 drivers
o0x7fda0e7ba808 .functor BUFZ 1, c4<z>; HiZ drive
v0x55555b85c5e0_0 .net "SCLK", 0 0, o0x7fda0e7ba808;  0 drivers
o0x7fda0e7ba838 .functor BUFZ 1, c4<z>; HiZ drive
v0x55555b85c6a0_0 .net "SDI", 0 0, o0x7fda0e7ba838;  0 drivers
o0x7fda0e7ba868 .functor BUFZ 1, c4<z>; HiZ drive
v0x55555b85c760_0 .net "SDO", 0 0, o0x7fda0e7ba868;  0 drivers
S_0x55555b70ca30 .scope module, "SB_PLL40_CORE" "SB_PLL40_CORE" 17 2425;
 .timescale -12 -12;
    .port_info 0 /INPUT 1 "REFERENCECLK";
    .port_info 1 /OUTPUT 1 "PLLOUTCORE";
    .port_info 2 /OUTPUT 1 "PLLOUTGLOBAL";
    .port_info 3 /INPUT 1 "EXTFEEDBACK";
    .port_info 4 /INPUT 8 "DYNAMICDELAY";
    .port_info 5 /OUTPUT 1 "LOCK";
    .port_info 6 /INPUT 1 "BYPASS";
    .port_info 7 /INPUT 1 "RESETB";
    .port_info 8 /INPUT 1 "LATCHINPUTVALUE";
    .port_info 9 /OUTPUT 1 "SDO";
    .port_info 10 /INPUT 1 "SDI";
    .port_info 11 /INPUT 1 "SCLK";
P_0x55555b543f10 .param/str "DELAY_ADJUSTMENT_MODE_FEEDBACK" 0 17 2440, "FIXED";
P_0x55555b543f50 .param/str "DELAY_ADJUSTMENT_MODE_RELATIVE" 0 17 2441, "FIXED";
P_0x55555b543f90 .param/l "DIVF" 0 17 2447, C4<0000000>;
P_0x55555b543fd0 .param/l "DIVQ" 0 17 2448, C4<000>;
P_0x55555b544010 .param/l "DIVR" 0 17 2446, C4<0000>;
P_0x55555b544050 .param/l "ENABLE_ICEGATE" 0 17 2450, C4<0>;
P_0x55555b544090 .param/l "EXTERNAL_DIVIDE_FACTOR" 0 17 2452, +C4<00000000000000000000000000000001>;
P_0x55555b5440d0 .param/l "FDA_FEEDBACK" 0 17 2443, C4<0000>;
P_0x55555b544110 .param/l "FDA_RELATIVE" 0 17 2444, C4<0000>;
P_0x55555b544150 .param/str "FEEDBACK_PATH" 0 17 2439, "SIMPLE";
P_0x55555b544190 .param/l "FILTER_RANGE" 0 17 2449, C4<000>;
P_0x55555b5441d0 .param/str "PLLOUT_SELECT" 0 17 2445, "GENCLK";
P_0x55555b544210 .param/l "SHIFTREG_DIV_MODE" 0 17 2442, C4<0>;
P_0x55555b544250 .param/l "TEST_MODE" 0 17 2451, C4<0>;
o0x7fda0e7bab38 .functor BUFZ 1, c4<z>; HiZ drive
v0x55555b85c9e0_0 .net "BYPASS", 0 0, o0x7fda0e7bab38;  0 drivers
o0x7fda0e7bab68 .functor BUFZ 8, c4<zzzzzzzz>; HiZ drive
v0x55555b85cac0_0 .net "DYNAMICDELAY", 7 0, o0x7fda0e7bab68;  0 drivers
o0x7fda0e7bab98 .functor BUFZ 1, c4<z>; HiZ drive
v0x55555b85cba0_0 .net "EXTFEEDBACK", 0 0, o0x7fda0e7bab98;  0 drivers
o0x7fda0e7babc8 .functor BUFZ 1, c4<z>; HiZ drive
v0x55555b85cc40_0 .net "LATCHINPUTVALUE", 0 0, o0x7fda0e7babc8;  0 drivers
o0x7fda0e7babf8 .functor BUFZ 1, c4<z>; HiZ drive
v0x55555b85cd00_0 .net "LOCK", 0 0, o0x7fda0e7babf8;  0 drivers
o0x7fda0e7bac28 .functor BUFZ 1, c4<z>; HiZ drive
v0x55555b85cdc0_0 .net "PLLOUTCORE", 0 0, o0x7fda0e7bac28;  0 drivers
o0x7fda0e7bac58 .functor BUFZ 1, c4<z>; HiZ drive
v0x55555b85ce80_0 .net "PLLOUTGLOBAL", 0 0, o0x7fda0e7bac58;  0 drivers
o0x7fda0e7bac88 .functor BUFZ 1, c4<z>; HiZ drive
v0x55555b85cf40_0 .net "REFERENCECLK", 0 0, o0x7fda0e7bac88;  0 drivers
o0x7fda0e7bacb8 .functor BUFZ 1, c4<z>; HiZ drive
v0x55555b85d000_0 .net "RESETB", 0 0, o0x7fda0e7bacb8;  0 drivers
o0x7fda0e7bace8 .functor BUFZ 1, c4<z>; HiZ drive
v0x55555b85d150_0 .net "SCLK", 0 0, o0x7fda0e7bace8;  0 drivers
o0x7fda0e7bad18 .functor BUFZ 1, c4<z>; HiZ drive
v0x55555b85d210_0 .net "SDI", 0 0, o0x7fda0e7bad18;  0 drivers
o0x7fda0e7bad48 .functor BUFZ 1, c4<z>; HiZ drive
v0x55555b85d2d0_0 .net "SDO", 0 0, o0x7fda0e7bad48;  0 drivers
S_0x55555b708560 .scope module, "SB_PLL40_PAD" "SB_PLL40_PAD" 17 2456;
 .timescale -12 -12;
    .port_info 0 /INPUT 1 "PACKAGEPIN";
    .port_info 1 /OUTPUT 1 "PLLOUTCORE";
    .port_info 2 /OUTPUT 1 "PLLOUTGLOBAL";
    .port_info 3 /INPUT 1 "EXTFEEDBACK";
    .port_info 4 /INPUT 8 "DYNAMICDELAY";
    .port_info 5 /OUTPUT 1 "LOCK";
    .port_info 6 /INPUT 1 "BYPASS";
    .port_info 7 /INPUT 1 "RESETB";
    .port_info 8 /INPUT 1 "LATCHINPUTVALUE";
    .port_info 9 /OUTPUT 1 "SDO";
    .port_info 10 /INPUT 1 "SDI";
    .port_info 11 /INPUT 1 "SCLK";
P_0x55555b50d900 .param/str "DELAY_ADJUSTMENT_MODE_FEEDBACK" 0 17 2471, "FIXED";
P_0x55555b50d940 .param/str "DELAY_ADJUSTMENT_MODE_RELATIVE" 0 17 2472, "FIXED";
P_0x55555b50d980 .param/l "DIVF" 0 17 2478, C4<0000000>;
P_0x55555b50d9c0 .param/l "DIVQ" 0 17 2479, C4<000>;
P_0x55555b50da00 .param/l "DIVR" 0 17 2477, C4<0000>;
P_0x55555b50da40 .param/l "ENABLE_ICEGATE" 0 17 2481, C4<0>;
P_0x55555b50da80 .param/l "EXTERNAL_DIVIDE_FACTOR" 0 17 2483, +C4<00000000000000000000000000000001>;
P_0x55555b50dac0 .param/l "FDA_FEEDBACK" 0 17 2474, C4<0000>;
P_0x55555b50db00 .param/l "FDA_RELATIVE" 0 17 2475, C4<0000>;
P_0x55555b50db40 .param/str "FEEDBACK_PATH" 0 17 2470, "SIMPLE";
P_0x55555b50db80 .param/l "FILTER_RANGE" 0 17 2480, C4<000>;
P_0x55555b50dbc0 .param/str "PLLOUT_SELECT" 0 17 2476, "GENCLK";
P_0x55555b50dc00 .param/l "SHIFTREG_DIV_MODE" 0 17 2473, C4<0>;
P_0x55555b50dc40 .param/l "TEST_MODE" 0 17 2482, C4<0>;
o0x7fda0e7bafb8 .functor BUFZ 1, c4<z>; HiZ drive
v0x55555b85d510_0 .net "BYPASS", 0 0, o0x7fda0e7bafb8;  0 drivers
o0x7fda0e7bafe8 .functor BUFZ 8, c4<zzzzzzzz>; HiZ drive
v0x55555b85d5f0_0 .net "DYNAMICDELAY", 7 0, o0x7fda0e7bafe8;  0 drivers
o0x7fda0e7bb018 .functor BUFZ 1, c4<z>; HiZ drive
v0x55555b85d6d0_0 .net "EXTFEEDBACK", 0 0, o0x7fda0e7bb018;  0 drivers
o0x7fda0e7bb048 .functor BUFZ 1, c4<z>; HiZ drive
v0x55555b85d770_0 .net "LATCHINPUTVALUE", 0 0, o0x7fda0e7bb048;  0 drivers
o0x7fda0e7bb078 .functor BUFZ 1, c4<z>; HiZ drive
v0x55555b85d830_0 .net "LOCK", 0 0, o0x7fda0e7bb078;  0 drivers
o0x7fda0e7bb0a8 .functor BUFZ 1, c4<z>; HiZ drive
v0x55555b85d8f0_0 .net "PACKAGEPIN", 0 0, o0x7fda0e7bb0a8;  0 drivers
o0x7fda0e7bb0d8 .functor BUFZ 1, c4<z>; HiZ drive
v0x55555b85d9b0_0 .net "PLLOUTCORE", 0 0, o0x7fda0e7bb0d8;  0 drivers
o0x7fda0e7bb108 .functor BUFZ 1, c4<z>; HiZ drive
v0x55555b85da70_0 .net "PLLOUTGLOBAL", 0 0, o0x7fda0e7bb108;  0 drivers
o0x7fda0e7bb138 .functor BUFZ 1, c4<z>; HiZ drive
v0x55555b85db30_0 .net "RESETB", 0 0, o0x7fda0e7bb138;  0 drivers
o0x7fda0e7bb168 .functor BUFZ 1, c4<z>; HiZ drive
v0x55555b85dc80_0 .net "SCLK", 0 0, o0x7fda0e7bb168;  0 drivers
o0x7fda0e7bb198 .functor BUFZ 1, c4<z>; HiZ drive
v0x55555b85dd40_0 .net "SDI", 0 0, o0x7fda0e7bb198;  0 drivers
o0x7fda0e7bb1c8 .functor BUFZ 1, c4<z>; HiZ drive
v0x55555b85de00_0 .net "SDO", 0 0, o0x7fda0e7bb1c8;  0 drivers
S_0x55555b6f55b0 .scope module, "SB_RAM40_4KNR" "SB_RAM40_4KNR" 17 1726;
 .timescale -12 -12;
    .port_info 0 /OUTPUT 16 "RDATA";
    .port_info 1 /INPUT 1 "RCLKN";
    .port_info 2 /INPUT 1 "RCLKE";
    .port_info 3 /INPUT 1 "RE";
    .port_info 4 /INPUT 11 "RADDR";
    .port_info 5 /INPUT 1 "WCLK";
    .port_info 6 /INPUT 1 "WCLKE";
    .port_info 7 /INPUT 1 "WE";
    .port_info 8 /INPUT 11 "WADDR";
    .port_info 9 /INPUT 16 "MASK";
    .port_info 10 /INPUT 16 "WDATA";
P_0x55555b510460 .param/l "INIT_0" 0 17 1742, C4<0000000000000000000000000000000000000000000000000000000000000000000000000000000000000000000000000000000000000000000000000000000000000000000000000000000000000000000000000000000000000000000000000000000000000000000000000000000000000000000000000000000000000000>;
P_0x55555b5104a0 .param/l "INIT_1" 0 17 1743, C4<0000000000000000000000000000000000000000000000000000000000000000000000000000000000000000000000000000000000000000000000000000000000000000000000000000000000000000000000000000000000000000000000000000000000000000000000000000000000000000000000000000000000000000>;
P_0x55555b5104e0 .param/l "INIT_2" 0 17 1744, C4<0000000000000000000000000000000000000000000000000000000000000000000000000000000000000000000000000000000000000000000000000000000000000000000000000000000000000000000000000000000000000000000000000000000000000000000000000000000000000000000000000000000000000000>;
P_0x55555b510520 .param/l "INIT_3" 0 17 1745, C4<0000000000000000000000000000000000000000000000000000000000000000000000000000000000000000000000000000000000000000000000000000000000000000000000000000000000000000000000000000000000000000000000000000000000000000000000000000000000000000000000000000000000000000>;
P_0x55555b510560 .param/l "INIT_4" 0 17 1746, C4<0000000000000000000000000000000000000000000000000000000000000000000000000000000000000000000000000000000000000000000000000000000000000000000000000000000000000000000000000000000000000000000000000000000000000000000000000000000000000000000000000000000000000000>;
P_0x55555b5105a0 .param/l "INIT_5" 0 17 1747, C4<0000000000000000000000000000000000000000000000000000000000000000000000000000000000000000000000000000000000000000000000000000000000000000000000000000000000000000000000000000000000000000000000000000000000000000000000000000000000000000000000000000000000000000>;
P_0x55555b5105e0 .param/l "INIT_6" 0 17 1748, C4<0000000000000000000000000000000000000000000000000000000000000000000000000000000000000000000000000000000000000000000000000000000000000000000000000000000000000000000000000000000000000000000000000000000000000000000000000000000000000000000000000000000000000000>;
P_0x55555b510620 .param/l "INIT_7" 0 17 1749, C4<0000000000000000000000000000000000000000000000000000000000000000000000000000000000000000000000000000000000000000000000000000000000000000000000000000000000000000000000000000000000000000000000000000000000000000000000000000000000000000000000000000000000000000>;
P_0x55555b510660 .param/l "INIT_8" 0 17 1750, C4<0000000000000000000000000000000000000000000000000000000000000000000000000000000000000000000000000000000000000000000000000000000000000000000000000000000000000000000000000000000000000000000000000000000000000000000000000000000000000000000000000000000000000000>;
P_0x55555b5106a0 .param/l "INIT_9" 0 17 1751, C4<0000000000000000000000000000000000000000000000000000000000000000000000000000000000000000000000000000000000000000000000000000000000000000000000000000000000000000000000000000000000000000000000000000000000000000000000000000000000000000000000000000000000000000>;
P_0x55555b5106e0 .param/l "INIT_A" 0 17 1752, C4<0000000000000000000000000000000000000000000000000000000000000000000000000000000000000000000000000000000000000000000000000000000000000000000000000000000000000000000000000000000000000000000000000000000000000000000000000000000000000000000000000000000000000000>;
P_0x55555b510720 .param/l "INIT_B" 0 17 1753, C4<0000000000000000000000000000000000000000000000000000000000000000000000000000000000000000000000000000000000000000000000000000000000000000000000000000000000000000000000000000000000000000000000000000000000000000000000000000000000000000000000000000000000000000>;
P_0x55555b510760 .param/l "INIT_C" 0 17 1754, C4<0000000000000000000000000000000000000000000000000000000000000000000000000000000000000000000000000000000000000000000000000000000000000000000000000000000000000000000000000000000000000000000000000000000000000000000000000000000000000000000000000000000000000000>;
P_0x55555b5107a0 .param/l "INIT_D" 0 17 1755, C4<0000000000000000000000000000000000000000000000000000000000000000000000000000000000000000000000000000000000000000000000000000000000000000000000000000000000000000000000000000000000000000000000000000000000000000000000000000000000000000000000000000000000000000>;
P_0x55555b5107e0 .param/l "INIT_E" 0 17 1756, C4<0000000000000000000000000000000000000000000000000000000000000000000000000000000000000000000000000000000000000000000000000000000000000000000000000000000000000000000000000000000000000000000000000000000000000000000000000000000000000000000000000000000000000000>;
P_0x55555b510820 .param/l "INIT_F" 0 17 1757, C4<0000000000000000000000000000000000000000000000000000000000000000000000000000000000000000000000000000000000000000000000000000000000000000000000000000000000000000000000000000000000000000000000000000000000000000000000000000000000000000000000000000000000000000>;
P_0x55555b510860 .param/str "INIT_FILE" 0 17 1759, "\000";
P_0x55555b5108a0 .param/l "READ_MODE" 0 17 1740, +C4<00000000000000000000000000000000>;
P_0x55555b5108e0 .param/l "WRITE_MODE" 0 17 1739, +C4<00000000000000000000000000000000>;
o0x7fda0e7bb948 .functor BUFZ 1, c4<z>; HiZ drive
L_0x55555b8b8f60 .functor NOT 1, o0x7fda0e7bb948, C4<0>, C4<0>, C4<0>;
o0x7fda0e7bb438 .functor BUFZ 16, c4<zzzzzzzzzzzzzzzz>; HiZ drive
v0x55555b861760_0 .net "MASK", 15 0, o0x7fda0e7bb438;  0 drivers
o0x7fda0e7bb468 .functor BUFZ 11, c4<zzzzzzzzzzz>; HiZ drive
v0x55555b861840_0 .net "RADDR", 10 0, o0x7fda0e7bb468;  0 drivers
o0x7fda0e7bb4c8 .functor BUFZ 1, c4<z>; HiZ drive
v0x55555b861910_0 .net "RCLKE", 0 0, o0x7fda0e7bb4c8;  0 drivers
v0x55555b861a10_0 .net "RCLKN", 0 0, o0x7fda0e7bb948;  0 drivers
v0x55555b861ab0_0 .net "RDATA", 15 0, L_0x55555b8b8ea0;  1 drivers
o0x7fda0e7bb558 .functor BUFZ 1, c4<z>; HiZ drive
v0x55555b861b50_0 .net "RE", 0 0, o0x7fda0e7bb558;  0 drivers
o0x7fda0e7bb5b8 .functor BUFZ 11, c4<zzzzzzzzzzz>; HiZ drive
v0x55555b861c20_0 .net "WADDR", 10 0, o0x7fda0e7bb5b8;  0 drivers
o0x7fda0e7bb5e8 .functor BUFZ 1, c4<z>; HiZ drive
v0x55555b861cf0_0 .net "WCLK", 0 0, o0x7fda0e7bb5e8;  0 drivers
o0x7fda0e7bb618 .functor BUFZ 1, c4<z>; HiZ drive
v0x55555b861dc0_0 .net "WCLKE", 0 0, o0x7fda0e7bb618;  0 drivers
o0x7fda0e7bb648 .functor BUFZ 16, c4<zzzzzzzzzzzzzzzz>; HiZ drive
v0x55555b861e90_0 .net "WDATA", 15 0, o0x7fda0e7bb648;  0 drivers
o0x7fda0e7bb6a8 .functor BUFZ 1, c4<z>; HiZ drive
v0x55555b861f60_0 .net "WE", 0 0, o0x7fda0e7bb6a8;  0 drivers
S_0x55555b85e040 .scope module, "RAM" "SB_RAM40_4K" 17 1781, 17 1487 0, S_0x55555b6f55b0;
 .timescale -12 -12;
    .port_info 0 /OUTPUT 16 "RDATA";
    .port_info 1 /INPUT 1 "RCLK";
    .port_info 2 /INPUT 1 "RCLKE";
    .port_info 3 /INPUT 1 "RE";
    .port_info 4 /INPUT 11 "RADDR";
    .port_info 5 /INPUT 1 "WCLK";
    .port_info 6 /INPUT 1 "WCLKE";
    .port_info 7 /INPUT 1 "WE";
    .port_info 8 /INPUT 11 "WADDR";
    .port_info 9 /INPUT 16 "MASK";
    .port_info 10 /INPUT 16 "WDATA";
P_0x55555b85e1f0 .param/l "INIT_0" 0 17 1507, C4<0000000000000000000000000000000000000000000000000000000000000000000000000000000000000000000000000000000000000000000000000000000000000000000000000000000000000000000000000000000000000000000000000000000000000000000000000000000000000000000000000000000000000000>;
P_0x55555b85e230 .param/l "INIT_1" 0 17 1508, C4<0000000000000000000000000000000000000000000000000000000000000000000000000000000000000000000000000000000000000000000000000000000000000000000000000000000000000000000000000000000000000000000000000000000000000000000000000000000000000000000000000000000000000000>;
P_0x55555b85e270 .param/l "INIT_2" 0 17 1509, C4<0000000000000000000000000000000000000000000000000000000000000000000000000000000000000000000000000000000000000000000000000000000000000000000000000000000000000000000000000000000000000000000000000000000000000000000000000000000000000000000000000000000000000000>;
P_0x55555b85e2b0 .param/l "INIT_3" 0 17 1510, C4<0000000000000000000000000000000000000000000000000000000000000000000000000000000000000000000000000000000000000000000000000000000000000000000000000000000000000000000000000000000000000000000000000000000000000000000000000000000000000000000000000000000000000000>;
P_0x55555b85e2f0 .param/l "INIT_4" 0 17 1511, C4<0000000000000000000000000000000000000000000000000000000000000000000000000000000000000000000000000000000000000000000000000000000000000000000000000000000000000000000000000000000000000000000000000000000000000000000000000000000000000000000000000000000000000000>;
P_0x55555b85e330 .param/l "INIT_5" 0 17 1512, C4<0000000000000000000000000000000000000000000000000000000000000000000000000000000000000000000000000000000000000000000000000000000000000000000000000000000000000000000000000000000000000000000000000000000000000000000000000000000000000000000000000000000000000000>;
P_0x55555b85e370 .param/l "INIT_6" 0 17 1513, C4<0000000000000000000000000000000000000000000000000000000000000000000000000000000000000000000000000000000000000000000000000000000000000000000000000000000000000000000000000000000000000000000000000000000000000000000000000000000000000000000000000000000000000000>;
P_0x55555b85e3b0 .param/l "INIT_7" 0 17 1514, C4<0000000000000000000000000000000000000000000000000000000000000000000000000000000000000000000000000000000000000000000000000000000000000000000000000000000000000000000000000000000000000000000000000000000000000000000000000000000000000000000000000000000000000000>;
P_0x55555b85e3f0 .param/l "INIT_8" 0 17 1515, C4<0000000000000000000000000000000000000000000000000000000000000000000000000000000000000000000000000000000000000000000000000000000000000000000000000000000000000000000000000000000000000000000000000000000000000000000000000000000000000000000000000000000000000000>;
P_0x55555b85e430 .param/l "INIT_9" 0 17 1516, C4<0000000000000000000000000000000000000000000000000000000000000000000000000000000000000000000000000000000000000000000000000000000000000000000000000000000000000000000000000000000000000000000000000000000000000000000000000000000000000000000000000000000000000000>;
P_0x55555b85e470 .param/l "INIT_A" 0 17 1517, C4<0000000000000000000000000000000000000000000000000000000000000000000000000000000000000000000000000000000000000000000000000000000000000000000000000000000000000000000000000000000000000000000000000000000000000000000000000000000000000000000000000000000000000000>;
P_0x55555b85e4b0 .param/l "INIT_B" 0 17 1518, C4<0000000000000000000000000000000000000000000000000000000000000000000000000000000000000000000000000000000000000000000000000000000000000000000000000000000000000000000000000000000000000000000000000000000000000000000000000000000000000000000000000000000000000000>;
P_0x55555b85e4f0 .param/l "INIT_C" 0 17 1519, C4<0000000000000000000000000000000000000000000000000000000000000000000000000000000000000000000000000000000000000000000000000000000000000000000000000000000000000000000000000000000000000000000000000000000000000000000000000000000000000000000000000000000000000000>;
P_0x55555b85e530 .param/l "INIT_D" 0 17 1520, C4<0000000000000000000000000000000000000000000000000000000000000000000000000000000000000000000000000000000000000000000000000000000000000000000000000000000000000000000000000000000000000000000000000000000000000000000000000000000000000000000000000000000000000000>;
P_0x55555b85e570 .param/l "INIT_E" 0 17 1521, C4<0000000000000000000000000000000000000000000000000000000000000000000000000000000000000000000000000000000000000000000000000000000000000000000000000000000000000000000000000000000000000000000000000000000000000000000000000000000000000000000000000000000000000000>;
P_0x55555b85e5b0 .param/l "INIT_F" 0 17 1522, C4<0000000000000000000000000000000000000000000000000000000000000000000000000000000000000000000000000000000000000000000000000000000000000000000000000000000000000000000000000000000000000000000000000000000000000000000000000000000000000000000000000000000000000000>;
P_0x55555b85e5f0 .param/str "INIT_FILE" 0 17 1524, "\000";
P_0x55555b85e630 .param/l "READ_MODE" 0 17 1505, +C4<00000000000000000000000000000000>;
P_0x55555b85e670 .param/l "WRITE_MODE" 0 17 1504, +C4<00000000000000000000000000000000>;
v0x55555b860650_0 .net "MASK", 15 0, o0x7fda0e7bb438;  alias, 0 drivers
v0x55555b860710_0 .net "RADDR", 10 0, o0x7fda0e7bb468;  alias, 0 drivers
v0x55555b8607f0_0 .net "RCLK", 0 0, L_0x55555b8b8f60;  1 drivers
v0x55555b8608c0_0 .net "RCLKE", 0 0, o0x7fda0e7bb4c8;  alias, 0 drivers
v0x55555b860980_0 .net "RDATA", 15 0, L_0x55555b8b8ea0;  alias, 1 drivers
v0x55555b860ab0_0 .var "RDATA_I", 15 0;
v0x55555b860b90_0 .net "RE", 0 0, o0x7fda0e7bb558;  alias, 0 drivers
L_0x7fda0e755020 .functor BUFT 1, C4<0000000000000000>, C4<0>, C4<0>, C4<0>;
v0x55555b860c50_0 .net "RMASK_I", 15 0, L_0x7fda0e755020;  1 drivers
v0x55555b860d30_0 .net "WADDR", 10 0, o0x7fda0e7bb5b8;  alias, 0 drivers
v0x55555b860e10_0 .net "WCLK", 0 0, o0x7fda0e7bb5e8;  alias, 0 drivers
v0x55555b860ed0_0 .net "WCLKE", 0 0, o0x7fda0e7bb618;  alias, 0 drivers
v0x55555b860f90_0 .net "WDATA", 15 0, o0x7fda0e7bb648;  alias, 0 drivers
v0x55555b861070_0 .net "WDATA_I", 15 0, L_0x55555b8b8de0;  1 drivers
v0x55555b861150_0 .net "WE", 0 0, o0x7fda0e7bb6a8;  alias, 0 drivers
v0x55555b861210_0 .net "WMASK_I", 15 0, L_0x55555b8b8d20;  1 drivers
v0x55555b8612f0_0 .var/i "i", 31 0;
v0x55555b8613d0 .array "memory", 255 0, 15 0;
E_0x55555b85fd80 .event posedge, v0x55555b8607f0_0;
E_0x55555b85fe00 .event posedge, v0x55555b860e10_0;
S_0x55555b85fe60 .scope generate, "genblk1" "genblk1" 17 1534, 17 1534 0, S_0x55555b85e040;
 .timescale -12 -12;
L_0x55555b8b8d20 .functor BUFZ 16, o0x7fda0e7bb438, C4<0000000000000000>, C4<0000000000000000>, C4<0000000000000000>;
S_0x55555b860060 .scope generate, "genblk2" "genblk2" 17 1555, 17 1555 0, S_0x55555b85e040;
 .timescale -12 -12;
S_0x55555b860260 .scope generate, "genblk3" "genblk3" 17 1576, 17 1576 0, S_0x55555b85e040;
 .timescale -12 -12;
L_0x55555b8b8de0 .functor BUFZ 16, o0x7fda0e7bb648, C4<0000000000000000>, C4<0000000000000000>, C4<0000000000000000>;
S_0x55555b860470 .scope generate, "genblk4" "genblk4" 17 1595, 17 1595 0, S_0x55555b85e040;
 .timescale -12 -12;
L_0x55555b8b8ea0 .functor BUFZ 16, v0x55555b860ab0_0, C4<0000000000000000>, C4<0000000000000000>, C4<0000000000000000>;
S_0x55555b6f4de0 .scope module, "SB_RAM40_4KNRNW" "SB_RAM40_4KNRNW" 17 1998;
 .timescale -12 -12;
    .port_info 0 /OUTPUT 16 "RDATA";
    .port_info 1 /INPUT 1 "RCLKN";
    .port_info 2 /INPUT 1 "RCLKE";
    .port_info 3 /INPUT 1 "RE";
    .port_info 4 /INPUT 11 "RADDR";
    .port_info 5 /INPUT 1 "WCLKN";
    .port_info 6 /INPUT 1 "WCLKE";
    .port_info 7 /INPUT 1 "WE";
    .port_info 8 /INPUT 11 "WADDR";
    .port_info 9 /INPUT 16 "MASK";
    .port_info 10 /INPUT 16 "WDATA";
P_0x55555b491f50 .param/l "INIT_0" 0 17 2014, C4<0000000000000000000000000000000000000000000000000000000000000000000000000000000000000000000000000000000000000000000000000000000000000000000000000000000000000000000000000000000000000000000000000000000000000000000000000000000000000000000000000000000000000000>;
P_0x55555b491f90 .param/l "INIT_1" 0 17 2015, C4<0000000000000000000000000000000000000000000000000000000000000000000000000000000000000000000000000000000000000000000000000000000000000000000000000000000000000000000000000000000000000000000000000000000000000000000000000000000000000000000000000000000000000000>;
P_0x55555b491fd0 .param/l "INIT_2" 0 17 2016, C4<0000000000000000000000000000000000000000000000000000000000000000000000000000000000000000000000000000000000000000000000000000000000000000000000000000000000000000000000000000000000000000000000000000000000000000000000000000000000000000000000000000000000000000>;
P_0x55555b492010 .param/l "INIT_3" 0 17 2017, C4<0000000000000000000000000000000000000000000000000000000000000000000000000000000000000000000000000000000000000000000000000000000000000000000000000000000000000000000000000000000000000000000000000000000000000000000000000000000000000000000000000000000000000000>;
P_0x55555b492050 .param/l "INIT_4" 0 17 2018, C4<0000000000000000000000000000000000000000000000000000000000000000000000000000000000000000000000000000000000000000000000000000000000000000000000000000000000000000000000000000000000000000000000000000000000000000000000000000000000000000000000000000000000000000>;
P_0x55555b492090 .param/l "INIT_5" 0 17 2019, C4<0000000000000000000000000000000000000000000000000000000000000000000000000000000000000000000000000000000000000000000000000000000000000000000000000000000000000000000000000000000000000000000000000000000000000000000000000000000000000000000000000000000000000000>;
P_0x55555b4920d0 .param/l "INIT_6" 0 17 2020, C4<0000000000000000000000000000000000000000000000000000000000000000000000000000000000000000000000000000000000000000000000000000000000000000000000000000000000000000000000000000000000000000000000000000000000000000000000000000000000000000000000000000000000000000>;
P_0x55555b492110 .param/l "INIT_7" 0 17 2021, C4<0000000000000000000000000000000000000000000000000000000000000000000000000000000000000000000000000000000000000000000000000000000000000000000000000000000000000000000000000000000000000000000000000000000000000000000000000000000000000000000000000000000000000000>;
P_0x55555b492150 .param/l "INIT_8" 0 17 2022, C4<0000000000000000000000000000000000000000000000000000000000000000000000000000000000000000000000000000000000000000000000000000000000000000000000000000000000000000000000000000000000000000000000000000000000000000000000000000000000000000000000000000000000000000>;
P_0x55555b492190 .param/l "INIT_9" 0 17 2023, C4<0000000000000000000000000000000000000000000000000000000000000000000000000000000000000000000000000000000000000000000000000000000000000000000000000000000000000000000000000000000000000000000000000000000000000000000000000000000000000000000000000000000000000000>;
P_0x55555b4921d0 .param/l "INIT_A" 0 17 2024, C4<0000000000000000000000000000000000000000000000000000000000000000000000000000000000000000000000000000000000000000000000000000000000000000000000000000000000000000000000000000000000000000000000000000000000000000000000000000000000000000000000000000000000000000>;
P_0x55555b492210 .param/l "INIT_B" 0 17 2025, C4<0000000000000000000000000000000000000000000000000000000000000000000000000000000000000000000000000000000000000000000000000000000000000000000000000000000000000000000000000000000000000000000000000000000000000000000000000000000000000000000000000000000000000000>;
P_0x55555b492250 .param/l "INIT_C" 0 17 2026, C4<0000000000000000000000000000000000000000000000000000000000000000000000000000000000000000000000000000000000000000000000000000000000000000000000000000000000000000000000000000000000000000000000000000000000000000000000000000000000000000000000000000000000000000>;
P_0x55555b492290 .param/l "INIT_D" 0 17 2027, C4<0000000000000000000000000000000000000000000000000000000000000000000000000000000000000000000000000000000000000000000000000000000000000000000000000000000000000000000000000000000000000000000000000000000000000000000000000000000000000000000000000000000000000000>;
P_0x55555b4922d0 .param/l "INIT_E" 0 17 2028, C4<0000000000000000000000000000000000000000000000000000000000000000000000000000000000000000000000000000000000000000000000000000000000000000000000000000000000000000000000000000000000000000000000000000000000000000000000000000000000000000000000000000000000000000>;
P_0x55555b492310 .param/l "INIT_F" 0 17 2029, C4<0000000000000000000000000000000000000000000000000000000000000000000000000000000000000000000000000000000000000000000000000000000000000000000000000000000000000000000000000000000000000000000000000000000000000000000000000000000000000000000000000000000000000000>;
P_0x55555b492350 .param/str "INIT_FILE" 0 17 2031, "\000";
P_0x55555b492390 .param/l "READ_MODE" 0 17 2012, +C4<00000000000000000000000000000000>;
P_0x55555b4923d0 .param/l "WRITE_MODE" 0 17 2011, +C4<00000000000000000000000000000000>;
o0x7fda0e7bc098 .functor BUFZ 1, c4<z>; HiZ drive
L_0x55555b8b9240 .functor NOT 1, o0x7fda0e7bc098, C4<0>, C4<0>, C4<0>;
o0x7fda0e7bc0c8 .functor BUFZ 1, c4<z>; HiZ drive
L_0x55555b8b92e0 .functor NOT 1, o0x7fda0e7bc0c8, C4<0>, C4<0>, C4<0>;
o0x7fda0e7bbb88 .functor BUFZ 16, c4<zzzzzzzzzzzzzzzz>; HiZ drive
v0x55555b865aa0_0 .net "MASK", 15 0, o0x7fda0e7bbb88;  0 drivers
o0x7fda0e7bbbb8 .functor BUFZ 11, c4<zzzzzzzzzzz>; HiZ drive
v0x55555b865b80_0 .net "RADDR", 10 0, o0x7fda0e7bbbb8;  0 drivers
o0x7fda0e7bbc18 .functor BUFZ 1, c4<z>; HiZ drive
v0x55555b865c50_0 .net "RCLKE", 0 0, o0x7fda0e7bbc18;  0 drivers
v0x55555b865d50_0 .net "RCLKN", 0 0, o0x7fda0e7bc098;  0 drivers
v0x55555b865df0_0 .net "RDATA", 15 0, L_0x55555b8b9180;  1 drivers
o0x7fda0e7bbca8 .functor BUFZ 1, c4<z>; HiZ drive
v0x55555b865e90_0 .net "RE", 0 0, o0x7fda0e7bbca8;  0 drivers
o0x7fda0e7bbd08 .functor BUFZ 11, c4<zzzzzzzzzzz>; HiZ drive
v0x55555b865f60_0 .net "WADDR", 10 0, o0x7fda0e7bbd08;  0 drivers
o0x7fda0e7bbd68 .functor BUFZ 1, c4<z>; HiZ drive
v0x55555b866030_0 .net "WCLKE", 0 0, o0x7fda0e7bbd68;  0 drivers
v0x55555b866100_0 .net "WCLKN", 0 0, o0x7fda0e7bc0c8;  0 drivers
o0x7fda0e7bbd98 .functor BUFZ 16, c4<zzzzzzzzzzzzzzzz>; HiZ drive
v0x55555b8661a0_0 .net "WDATA", 15 0, o0x7fda0e7bbd98;  0 drivers
o0x7fda0e7bbdf8 .functor BUFZ 1, c4<z>; HiZ drive
v0x55555b866270_0 .net "WE", 0 0, o0x7fda0e7bbdf8;  0 drivers
S_0x55555b8620d0 .scope module, "RAM" "SB_RAM40_4K" 17 2053, 17 1487 0, S_0x55555b6f4de0;
 .timescale -12 -12;
    .port_info 0 /OUTPUT 16 "RDATA";
    .port_info 1 /INPUT 1 "RCLK";
    .port_info 2 /INPUT 1 "RCLKE";
    .port_info 3 /INPUT 1 "RE";
    .port_info 4 /INPUT 11 "RADDR";
    .port_info 5 /INPUT 1 "WCLK";
    .port_info 6 /INPUT 1 "WCLKE";
    .port_info 7 /INPUT 1 "WE";
    .port_info 8 /INPUT 11 "WADDR";
    .port_info 9 /INPUT 16 "MASK";
    .port_info 10 /INPUT 16 "WDATA";
P_0x55555b862280 .param/l "INIT_0" 0 17 1507, C4<0000000000000000000000000000000000000000000000000000000000000000000000000000000000000000000000000000000000000000000000000000000000000000000000000000000000000000000000000000000000000000000000000000000000000000000000000000000000000000000000000000000000000000>;
P_0x55555b8622c0 .param/l "INIT_1" 0 17 1508, C4<0000000000000000000000000000000000000000000000000000000000000000000000000000000000000000000000000000000000000000000000000000000000000000000000000000000000000000000000000000000000000000000000000000000000000000000000000000000000000000000000000000000000000000>;
P_0x55555b862300 .param/l "INIT_2" 0 17 1509, C4<0000000000000000000000000000000000000000000000000000000000000000000000000000000000000000000000000000000000000000000000000000000000000000000000000000000000000000000000000000000000000000000000000000000000000000000000000000000000000000000000000000000000000000>;
P_0x55555b862340 .param/l "INIT_3" 0 17 1510, C4<0000000000000000000000000000000000000000000000000000000000000000000000000000000000000000000000000000000000000000000000000000000000000000000000000000000000000000000000000000000000000000000000000000000000000000000000000000000000000000000000000000000000000000>;
P_0x55555b862380 .param/l "INIT_4" 0 17 1511, C4<0000000000000000000000000000000000000000000000000000000000000000000000000000000000000000000000000000000000000000000000000000000000000000000000000000000000000000000000000000000000000000000000000000000000000000000000000000000000000000000000000000000000000000>;
P_0x55555b8623c0 .param/l "INIT_5" 0 17 1512, C4<0000000000000000000000000000000000000000000000000000000000000000000000000000000000000000000000000000000000000000000000000000000000000000000000000000000000000000000000000000000000000000000000000000000000000000000000000000000000000000000000000000000000000000>;
P_0x55555b862400 .param/l "INIT_6" 0 17 1513, C4<0000000000000000000000000000000000000000000000000000000000000000000000000000000000000000000000000000000000000000000000000000000000000000000000000000000000000000000000000000000000000000000000000000000000000000000000000000000000000000000000000000000000000000>;
P_0x55555b862440 .param/l "INIT_7" 0 17 1514, C4<0000000000000000000000000000000000000000000000000000000000000000000000000000000000000000000000000000000000000000000000000000000000000000000000000000000000000000000000000000000000000000000000000000000000000000000000000000000000000000000000000000000000000000>;
P_0x55555b862480 .param/l "INIT_8" 0 17 1515, C4<0000000000000000000000000000000000000000000000000000000000000000000000000000000000000000000000000000000000000000000000000000000000000000000000000000000000000000000000000000000000000000000000000000000000000000000000000000000000000000000000000000000000000000>;
P_0x55555b8624c0 .param/l "INIT_9" 0 17 1516, C4<0000000000000000000000000000000000000000000000000000000000000000000000000000000000000000000000000000000000000000000000000000000000000000000000000000000000000000000000000000000000000000000000000000000000000000000000000000000000000000000000000000000000000000>;
P_0x55555b862500 .param/l "INIT_A" 0 17 1517, C4<0000000000000000000000000000000000000000000000000000000000000000000000000000000000000000000000000000000000000000000000000000000000000000000000000000000000000000000000000000000000000000000000000000000000000000000000000000000000000000000000000000000000000000>;
P_0x55555b862540 .param/l "INIT_B" 0 17 1518, C4<0000000000000000000000000000000000000000000000000000000000000000000000000000000000000000000000000000000000000000000000000000000000000000000000000000000000000000000000000000000000000000000000000000000000000000000000000000000000000000000000000000000000000000>;
P_0x55555b862580 .param/l "INIT_C" 0 17 1519, C4<0000000000000000000000000000000000000000000000000000000000000000000000000000000000000000000000000000000000000000000000000000000000000000000000000000000000000000000000000000000000000000000000000000000000000000000000000000000000000000000000000000000000000000>;
P_0x55555b8625c0 .param/l "INIT_D" 0 17 1520, C4<0000000000000000000000000000000000000000000000000000000000000000000000000000000000000000000000000000000000000000000000000000000000000000000000000000000000000000000000000000000000000000000000000000000000000000000000000000000000000000000000000000000000000000>;
P_0x55555b862600 .param/l "INIT_E" 0 17 1521, C4<0000000000000000000000000000000000000000000000000000000000000000000000000000000000000000000000000000000000000000000000000000000000000000000000000000000000000000000000000000000000000000000000000000000000000000000000000000000000000000000000000000000000000000>;
P_0x55555b862640 .param/l "INIT_F" 0 17 1522, C4<0000000000000000000000000000000000000000000000000000000000000000000000000000000000000000000000000000000000000000000000000000000000000000000000000000000000000000000000000000000000000000000000000000000000000000000000000000000000000000000000000000000000000000>;
P_0x55555b862680 .param/str "INIT_FILE" 0 17 1524, "\000";
P_0x55555b8626c0 .param/l "READ_MODE" 0 17 1505, +C4<00000000000000000000000000000000>;
P_0x55555b862700 .param/l "WRITE_MODE" 0 17 1504, +C4<00000000000000000000000000000000>;
v0x55555b864990_0 .net "MASK", 15 0, o0x7fda0e7bbb88;  alias, 0 drivers
v0x55555b864a50_0 .net "RADDR", 10 0, o0x7fda0e7bbbb8;  alias, 0 drivers
v0x55555b864b30_0 .net "RCLK", 0 0, L_0x55555b8b9240;  1 drivers
v0x55555b864c00_0 .net "RCLKE", 0 0, o0x7fda0e7bbc18;  alias, 0 drivers
v0x55555b864cc0_0 .net "RDATA", 15 0, L_0x55555b8b9180;  alias, 1 drivers
v0x55555b864df0_0 .var "RDATA_I", 15 0;
v0x55555b864ed0_0 .net "RE", 0 0, o0x7fda0e7bbca8;  alias, 0 drivers
L_0x7fda0e755068 .functor BUFT 1, C4<0000000000000000>, C4<0>, C4<0>, C4<0>;
v0x55555b864f90_0 .net "RMASK_I", 15 0, L_0x7fda0e755068;  1 drivers
v0x55555b865070_0 .net "WADDR", 10 0, o0x7fda0e7bbd08;  alias, 0 drivers
v0x55555b865150_0 .net "WCLK", 0 0, L_0x55555b8b92e0;  1 drivers
v0x55555b865210_0 .net "WCLKE", 0 0, o0x7fda0e7bbd68;  alias, 0 drivers
v0x55555b8652d0_0 .net "WDATA", 15 0, o0x7fda0e7bbd98;  alias, 0 drivers
v0x55555b8653b0_0 .net "WDATA_I", 15 0, L_0x55555b8b9090;  1 drivers
v0x55555b865490_0 .net "WE", 0 0, o0x7fda0e7bbdf8;  alias, 0 drivers
v0x55555b865550_0 .net "WMASK_I", 15 0, L_0x55555b8b8fd0;  1 drivers
v0x55555b865630_0 .var/i "i", 31 0;
v0x55555b865710 .array "memory", 255 0, 15 0;
E_0x55555b8640c0 .event posedge, v0x55555b864b30_0;
E_0x55555b864140 .event posedge, v0x55555b865150_0;
S_0x55555b8641a0 .scope generate, "genblk1" "genblk1" 17 1534, 17 1534 0, S_0x55555b8620d0;
 .timescale -12 -12;
L_0x55555b8b8fd0 .functor BUFZ 16, o0x7fda0e7bbb88, C4<0000000000000000>, C4<0000000000000000>, C4<0000000000000000>;
S_0x55555b8643a0 .scope generate, "genblk2" "genblk2" 17 1555, 17 1555 0, S_0x55555b8620d0;
 .timescale -12 -12;
S_0x55555b8645a0 .scope generate, "genblk3" "genblk3" 17 1576, 17 1576 0, S_0x55555b8620d0;
 .timescale -12 -12;
L_0x55555b8b9090 .functor BUFZ 16, o0x7fda0e7bbd98, C4<0000000000000000>, C4<0000000000000000>, C4<0000000000000000>;
S_0x55555b8647b0 .scope generate, "genblk4" "genblk4" 17 1595, 17 1595 0, S_0x55555b8620d0;
 .timescale -12 -12;
L_0x55555b8b9180 .functor BUFZ 16, v0x55555b864df0_0, C4<0000000000000000>, C4<0000000000000000>, C4<0000000000000000>;
S_0x55555b6f2a90 .scope module, "SB_RAM40_4KNW" "SB_RAM40_4KNW" 17 1862;
 .timescale -12 -12;
    .port_info 0 /OUTPUT 16 "RDATA";
    .port_info 1 /INPUT 1 "RCLK";
    .port_info 2 /INPUT 1 "RCLKE";
    .port_info 3 /INPUT 1 "RE";
    .port_info 4 /INPUT 11 "RADDR";
    .port_info 5 /INPUT 1 "WCLKN";
    .port_info 6 /INPUT 1 "WCLKE";
    .port_info 7 /INPUT 1 "WE";
    .port_info 8 /INPUT 11 "WADDR";
    .port_info 9 /INPUT 16 "MASK";
    .port_info 10 /INPUT 16 "WDATA";
P_0x55555b45eb80 .param/l "INIT_0" 0 17 1878, C4<0000000000000000000000000000000000000000000000000000000000000000000000000000000000000000000000000000000000000000000000000000000000000000000000000000000000000000000000000000000000000000000000000000000000000000000000000000000000000000000000000000000000000000>;
P_0x55555b45ebc0 .param/l "INIT_1" 0 17 1879, C4<0000000000000000000000000000000000000000000000000000000000000000000000000000000000000000000000000000000000000000000000000000000000000000000000000000000000000000000000000000000000000000000000000000000000000000000000000000000000000000000000000000000000000000>;
P_0x55555b45ec00 .param/l "INIT_2" 0 17 1880, C4<0000000000000000000000000000000000000000000000000000000000000000000000000000000000000000000000000000000000000000000000000000000000000000000000000000000000000000000000000000000000000000000000000000000000000000000000000000000000000000000000000000000000000000>;
P_0x55555b45ec40 .param/l "INIT_3" 0 17 1881, C4<0000000000000000000000000000000000000000000000000000000000000000000000000000000000000000000000000000000000000000000000000000000000000000000000000000000000000000000000000000000000000000000000000000000000000000000000000000000000000000000000000000000000000000>;
P_0x55555b45ec80 .param/l "INIT_4" 0 17 1882, C4<0000000000000000000000000000000000000000000000000000000000000000000000000000000000000000000000000000000000000000000000000000000000000000000000000000000000000000000000000000000000000000000000000000000000000000000000000000000000000000000000000000000000000000>;
P_0x55555b45ecc0 .param/l "INIT_5" 0 17 1883, C4<0000000000000000000000000000000000000000000000000000000000000000000000000000000000000000000000000000000000000000000000000000000000000000000000000000000000000000000000000000000000000000000000000000000000000000000000000000000000000000000000000000000000000000>;
P_0x55555b45ed00 .param/l "INIT_6" 0 17 1884, C4<0000000000000000000000000000000000000000000000000000000000000000000000000000000000000000000000000000000000000000000000000000000000000000000000000000000000000000000000000000000000000000000000000000000000000000000000000000000000000000000000000000000000000000>;
P_0x55555b45ed40 .param/l "INIT_7" 0 17 1885, C4<0000000000000000000000000000000000000000000000000000000000000000000000000000000000000000000000000000000000000000000000000000000000000000000000000000000000000000000000000000000000000000000000000000000000000000000000000000000000000000000000000000000000000000>;
P_0x55555b45ed80 .param/l "INIT_8" 0 17 1886, C4<0000000000000000000000000000000000000000000000000000000000000000000000000000000000000000000000000000000000000000000000000000000000000000000000000000000000000000000000000000000000000000000000000000000000000000000000000000000000000000000000000000000000000000>;
P_0x55555b45edc0 .param/l "INIT_9" 0 17 1887, C4<0000000000000000000000000000000000000000000000000000000000000000000000000000000000000000000000000000000000000000000000000000000000000000000000000000000000000000000000000000000000000000000000000000000000000000000000000000000000000000000000000000000000000000>;
P_0x55555b45ee00 .param/l "INIT_A" 0 17 1888, C4<0000000000000000000000000000000000000000000000000000000000000000000000000000000000000000000000000000000000000000000000000000000000000000000000000000000000000000000000000000000000000000000000000000000000000000000000000000000000000000000000000000000000000000>;
P_0x55555b45ee40 .param/l "INIT_B" 0 17 1889, C4<0000000000000000000000000000000000000000000000000000000000000000000000000000000000000000000000000000000000000000000000000000000000000000000000000000000000000000000000000000000000000000000000000000000000000000000000000000000000000000000000000000000000000000>;
P_0x55555b45ee80 .param/l "INIT_C" 0 17 1890, C4<0000000000000000000000000000000000000000000000000000000000000000000000000000000000000000000000000000000000000000000000000000000000000000000000000000000000000000000000000000000000000000000000000000000000000000000000000000000000000000000000000000000000000000>;
P_0x55555b45eec0 .param/l "INIT_D" 0 17 1891, C4<0000000000000000000000000000000000000000000000000000000000000000000000000000000000000000000000000000000000000000000000000000000000000000000000000000000000000000000000000000000000000000000000000000000000000000000000000000000000000000000000000000000000000000>;
P_0x55555b45ef00 .param/l "INIT_E" 0 17 1892, C4<0000000000000000000000000000000000000000000000000000000000000000000000000000000000000000000000000000000000000000000000000000000000000000000000000000000000000000000000000000000000000000000000000000000000000000000000000000000000000000000000000000000000000000>;
P_0x55555b45ef40 .param/l "INIT_F" 0 17 1893, C4<0000000000000000000000000000000000000000000000000000000000000000000000000000000000000000000000000000000000000000000000000000000000000000000000000000000000000000000000000000000000000000000000000000000000000000000000000000000000000000000000000000000000000000>;
P_0x55555b45ef80 .param/str "INIT_FILE" 0 17 1895, "\000";
P_0x55555b45efc0 .param/l "READ_MODE" 0 17 1876, +C4<00000000000000000000000000000000>;
P_0x55555b45f000 .param/l "WRITE_MODE" 0 17 1875, +C4<00000000000000000000000000000000>;
o0x7fda0e7bc818 .functor BUFZ 1, c4<z>; HiZ drive
L_0x55555b8b9650 .functor NOT 1, o0x7fda0e7bc818, C4<0>, C4<0>, C4<0>;
o0x7fda0e7bc308 .functor BUFZ 16, c4<zzzzzzzzzzzzzzzz>; HiZ drive
v0x55555b869df0_0 .net "MASK", 15 0, o0x7fda0e7bc308;  0 drivers
o0x7fda0e7bc338 .functor BUFZ 11, c4<zzzzzzzzzzz>; HiZ drive
v0x55555b869ed0_0 .net "RADDR", 10 0, o0x7fda0e7bc338;  0 drivers
o0x7fda0e7bc368 .functor BUFZ 1, c4<z>; HiZ drive
v0x55555b869fa0_0 .net "RCLK", 0 0, o0x7fda0e7bc368;  0 drivers
o0x7fda0e7bc398 .functor BUFZ 1, c4<z>; HiZ drive
v0x55555b86a0a0_0 .net "RCLKE", 0 0, o0x7fda0e7bc398;  0 drivers
v0x55555b86a170_0 .net "RDATA", 15 0, L_0x55555b8b9590;  1 drivers
o0x7fda0e7bc428 .functor BUFZ 1, c4<z>; HiZ drive
v0x55555b86a210_0 .net "RE", 0 0, o0x7fda0e7bc428;  0 drivers
o0x7fda0e7bc488 .functor BUFZ 11, c4<zzzzzzzzzzz>; HiZ drive
v0x55555b86a2e0_0 .net "WADDR", 10 0, o0x7fda0e7bc488;  0 drivers
o0x7fda0e7bc4e8 .functor BUFZ 1, c4<z>; HiZ drive
v0x55555b86a3b0_0 .net "WCLKE", 0 0, o0x7fda0e7bc4e8;  0 drivers
v0x55555b86a480_0 .net "WCLKN", 0 0, o0x7fda0e7bc818;  0 drivers
o0x7fda0e7bc518 .functor BUFZ 16, c4<zzzzzzzzzzzzzzzz>; HiZ drive
v0x55555b86a520_0 .net "WDATA", 15 0, o0x7fda0e7bc518;  0 drivers
o0x7fda0e7bc578 .functor BUFZ 1, c4<z>; HiZ drive
v0x55555b86a5f0_0 .net "WE", 0 0, o0x7fda0e7bc578;  0 drivers
S_0x55555b866420 .scope module, "RAM" "SB_RAM40_4K" 17 1917, 17 1487 0, S_0x55555b6f2a90;
 .timescale -12 -12;
    .port_info 0 /OUTPUT 16 "RDATA";
    .port_info 1 /INPUT 1 "RCLK";
    .port_info 2 /INPUT 1 "RCLKE";
    .port_info 3 /INPUT 1 "RE";
    .port_info 4 /INPUT 11 "RADDR";
    .port_info 5 /INPUT 1 "WCLK";
    .port_info 6 /INPUT 1 "WCLKE";
    .port_info 7 /INPUT 1 "WE";
    .port_info 8 /INPUT 11 "WADDR";
    .port_info 9 /INPUT 16 "MASK";
    .port_info 10 /INPUT 16 "WDATA";
P_0x55555b8665d0 .param/l "INIT_0" 0 17 1507, C4<0000000000000000000000000000000000000000000000000000000000000000000000000000000000000000000000000000000000000000000000000000000000000000000000000000000000000000000000000000000000000000000000000000000000000000000000000000000000000000000000000000000000000000>;
P_0x55555b866610 .param/l "INIT_1" 0 17 1508, C4<0000000000000000000000000000000000000000000000000000000000000000000000000000000000000000000000000000000000000000000000000000000000000000000000000000000000000000000000000000000000000000000000000000000000000000000000000000000000000000000000000000000000000000>;
P_0x55555b866650 .param/l "INIT_2" 0 17 1509, C4<0000000000000000000000000000000000000000000000000000000000000000000000000000000000000000000000000000000000000000000000000000000000000000000000000000000000000000000000000000000000000000000000000000000000000000000000000000000000000000000000000000000000000000>;
P_0x55555b866690 .param/l "INIT_3" 0 17 1510, C4<0000000000000000000000000000000000000000000000000000000000000000000000000000000000000000000000000000000000000000000000000000000000000000000000000000000000000000000000000000000000000000000000000000000000000000000000000000000000000000000000000000000000000000>;
P_0x55555b8666d0 .param/l "INIT_4" 0 17 1511, C4<0000000000000000000000000000000000000000000000000000000000000000000000000000000000000000000000000000000000000000000000000000000000000000000000000000000000000000000000000000000000000000000000000000000000000000000000000000000000000000000000000000000000000000>;
P_0x55555b866710 .param/l "INIT_5" 0 17 1512, C4<0000000000000000000000000000000000000000000000000000000000000000000000000000000000000000000000000000000000000000000000000000000000000000000000000000000000000000000000000000000000000000000000000000000000000000000000000000000000000000000000000000000000000000>;
P_0x55555b866750 .param/l "INIT_6" 0 17 1513, C4<0000000000000000000000000000000000000000000000000000000000000000000000000000000000000000000000000000000000000000000000000000000000000000000000000000000000000000000000000000000000000000000000000000000000000000000000000000000000000000000000000000000000000000>;
P_0x55555b866790 .param/l "INIT_7" 0 17 1514, C4<0000000000000000000000000000000000000000000000000000000000000000000000000000000000000000000000000000000000000000000000000000000000000000000000000000000000000000000000000000000000000000000000000000000000000000000000000000000000000000000000000000000000000000>;
P_0x55555b8667d0 .param/l "INIT_8" 0 17 1515, C4<0000000000000000000000000000000000000000000000000000000000000000000000000000000000000000000000000000000000000000000000000000000000000000000000000000000000000000000000000000000000000000000000000000000000000000000000000000000000000000000000000000000000000000>;
P_0x55555b866810 .param/l "INIT_9" 0 17 1516, C4<0000000000000000000000000000000000000000000000000000000000000000000000000000000000000000000000000000000000000000000000000000000000000000000000000000000000000000000000000000000000000000000000000000000000000000000000000000000000000000000000000000000000000000>;
P_0x55555b866850 .param/l "INIT_A" 0 17 1517, C4<0000000000000000000000000000000000000000000000000000000000000000000000000000000000000000000000000000000000000000000000000000000000000000000000000000000000000000000000000000000000000000000000000000000000000000000000000000000000000000000000000000000000000000>;
P_0x55555b866890 .param/l "INIT_B" 0 17 1518, C4<0000000000000000000000000000000000000000000000000000000000000000000000000000000000000000000000000000000000000000000000000000000000000000000000000000000000000000000000000000000000000000000000000000000000000000000000000000000000000000000000000000000000000000>;
P_0x55555b8668d0 .param/l "INIT_C" 0 17 1519, C4<0000000000000000000000000000000000000000000000000000000000000000000000000000000000000000000000000000000000000000000000000000000000000000000000000000000000000000000000000000000000000000000000000000000000000000000000000000000000000000000000000000000000000000>;
P_0x55555b866910 .param/l "INIT_D" 0 17 1520, C4<0000000000000000000000000000000000000000000000000000000000000000000000000000000000000000000000000000000000000000000000000000000000000000000000000000000000000000000000000000000000000000000000000000000000000000000000000000000000000000000000000000000000000000>;
P_0x55555b866950 .param/l "INIT_E" 0 17 1521, C4<0000000000000000000000000000000000000000000000000000000000000000000000000000000000000000000000000000000000000000000000000000000000000000000000000000000000000000000000000000000000000000000000000000000000000000000000000000000000000000000000000000000000000000>;
P_0x55555b866990 .param/l "INIT_F" 0 17 1522, C4<0000000000000000000000000000000000000000000000000000000000000000000000000000000000000000000000000000000000000000000000000000000000000000000000000000000000000000000000000000000000000000000000000000000000000000000000000000000000000000000000000000000000000000>;
P_0x55555b8669d0 .param/str "INIT_FILE" 0 17 1524, "\000";
P_0x55555b866a10 .param/l "READ_MODE" 0 17 1505, +C4<00000000000000000000000000000000>;
P_0x55555b866a50 .param/l "WRITE_MODE" 0 17 1504, +C4<00000000000000000000000000000000>;
v0x55555b868ce0_0 .net "MASK", 15 0, o0x7fda0e7bc308;  alias, 0 drivers
v0x55555b868da0_0 .net "RADDR", 10 0, o0x7fda0e7bc338;  alias, 0 drivers
v0x55555b868e80_0 .net "RCLK", 0 0, o0x7fda0e7bc368;  alias, 0 drivers
v0x55555b868f50_0 .net "RCLKE", 0 0, o0x7fda0e7bc398;  alias, 0 drivers
v0x55555b869010_0 .net "RDATA", 15 0, L_0x55555b8b9590;  alias, 1 drivers
v0x55555b869140_0 .var "RDATA_I", 15 0;
v0x55555b869220_0 .net "RE", 0 0, o0x7fda0e7bc428;  alias, 0 drivers
L_0x7fda0e7550b0 .functor BUFT 1, C4<0000000000000000>, C4<0>, C4<0>, C4<0>;
v0x55555b8692e0_0 .net "RMASK_I", 15 0, L_0x7fda0e7550b0;  1 drivers
v0x55555b8693c0_0 .net "WADDR", 10 0, o0x7fda0e7bc488;  alias, 0 drivers
v0x55555b8694a0_0 .net "WCLK", 0 0, L_0x55555b8b9650;  1 drivers
v0x55555b869560_0 .net "WCLKE", 0 0, o0x7fda0e7bc4e8;  alias, 0 drivers
v0x55555b869620_0 .net "WDATA", 15 0, o0x7fda0e7bc518;  alias, 0 drivers
v0x55555b869700_0 .net "WDATA_I", 15 0, L_0x55555b8b94a0;  1 drivers
v0x55555b8697e0_0 .net "WE", 0 0, o0x7fda0e7bc578;  alias, 0 drivers
v0x55555b8698a0_0 .net "WMASK_I", 15 0, L_0x55555b8b93b0;  1 drivers
v0x55555b869980_0 .var/i "i", 31 0;
v0x55555b869a60 .array "memory", 255 0, 15 0;
E_0x55555b868410 .event posedge, v0x55555b868e80_0;
E_0x55555b868490 .event posedge, v0x55555b8694a0_0;
S_0x55555b8684f0 .scope generate, "genblk1" "genblk1" 17 1534, 17 1534 0, S_0x55555b866420;
 .timescale -12 -12;
L_0x55555b8b93b0 .functor BUFZ 16, o0x7fda0e7bc308, C4<0000000000000000>, C4<0000000000000000>, C4<0000000000000000>;
S_0x55555b8686f0 .scope generate, "genblk2" "genblk2" 17 1555, 17 1555 0, S_0x55555b866420;
 .timescale -12 -12;
S_0x55555b8688f0 .scope generate, "genblk3" "genblk3" 17 1576, 17 1576 0, S_0x55555b866420;
 .timescale -12 -12;
L_0x55555b8b94a0 .functor BUFZ 16, o0x7fda0e7bc518, C4<0000000000000000>, C4<0000000000000000>, C4<0000000000000000>;
S_0x55555b868b00 .scope generate, "genblk4" "genblk4" 17 1595, 17 1595 0, S_0x55555b866420;
 .timescale -12 -12;
L_0x55555b8b9590 .functor BUFZ 16, v0x55555b869140_0, C4<0000000000000000>, C4<0000000000000000>, C4<0000000000000000>;
S_0x55555b6d37c0 .scope module, "SB_RGBA_DRV" "SB_RGBA_DRV" 17 2692;
 .timescale -12 -12;
    .port_info 0 /INPUT 1 "CURREN";
    .port_info 1 /INPUT 1 "RGBLEDEN";
    .port_info 2 /INPUT 1 "RGB0PWM";
    .port_info 3 /INPUT 1 "RGB1PWM";
    .port_info 4 /INPUT 1 "RGB2PWM";
    .port_info 5 /OUTPUT 1 "RGB0";
    .port_info 6 /OUTPUT 1 "RGB1";
    .port_info 7 /OUTPUT 1 "RGB2";
P_0x55555b72e200 .param/str "CURRENT_MODE" 0 17 2702, "0b0";
P_0x55555b72e240 .param/str "RGB0_CURRENT" 0 17 2703, "0b000000";
P_0x55555b72e280 .param/str "RGB1_CURRENT" 0 17 2704, "0b000000";
P_0x55555b72e2c0 .param/str "RGB2_CURRENT" 0 17 2705, "0b000000";
o0x7fda0e7bca58 .functor BUFZ 1, c4<z>; HiZ drive
v0x55555b86a760_0 .net "CURREN", 0 0, o0x7fda0e7bca58;  0 drivers
o0x7fda0e7bca88 .functor BUFZ 1, c4<z>; HiZ drive
v0x55555b86a840_0 .net "RGB0", 0 0, o0x7fda0e7bca88;  0 drivers
o0x7fda0e7bcab8 .functor BUFZ 1, c4<z>; HiZ drive
v0x55555b86a900_0 .net "RGB0PWM", 0 0, o0x7fda0e7bcab8;  0 drivers
o0x7fda0e7bcae8 .functor BUFZ 1, c4<z>; HiZ drive
v0x55555b86a9d0_0 .net "RGB1", 0 0, o0x7fda0e7bcae8;  0 drivers
o0x7fda0e7bcb18 .functor BUFZ 1, c4<z>; HiZ drive
v0x55555b86aa90_0 .net "RGB1PWM", 0 0, o0x7fda0e7bcb18;  0 drivers
o0x7fda0e7bcb48 .functor BUFZ 1, c4<z>; HiZ drive
v0x55555b86ab50_0 .net "RGB2", 0 0, o0x7fda0e7bcb48;  0 drivers
o0x7fda0e7bcb78 .functor BUFZ 1, c4<z>; HiZ drive
v0x55555b86ac10_0 .net "RGB2PWM", 0 0, o0x7fda0e7bcb78;  0 drivers
o0x7fda0e7bcba8 .functor BUFZ 1, c4<z>; HiZ drive
v0x55555b86acd0_0 .net "RGBLEDEN", 0 0, o0x7fda0e7bcba8;  0 drivers
S_0x55555b6c4b80 .scope module, "SB_RGB_DRV" "SB_RGB_DRV" 17 2716;
 .timescale -12 -12;
    .port_info 0 /INPUT 1 "RGBLEDEN";
    .port_info 1 /INPUT 1 "RGB0PWM";
    .port_info 2 /INPUT 1 "RGB1PWM";
    .port_info 3 /INPUT 1 "RGB2PWM";
    .port_info 4 /INPUT 1 "RGBPU";
    .port_info 5 /OUTPUT 1 "RGB0";
    .port_info 6 /OUTPUT 1 "RGB1";
    .port_info 7 /OUTPUT 1 "RGB2";
P_0x55555b730200 .param/str "CURRENT_MODE" 0 17 2726, "0b0";
P_0x55555b730240 .param/str "RGB0_CURRENT" 0 17 2727, "0b000000";
P_0x55555b730280 .param/str "RGB1_CURRENT" 0 17 2728, "0b000000";
P_0x55555b7302c0 .param/str "RGB2_CURRENT" 0 17 2729, "0b000000";
o0x7fda0e7bcd58 .functor BUFZ 1, c4<z>; HiZ drive
v0x55555b86aee0_0 .net "RGB0", 0 0, o0x7fda0e7bcd58;  0 drivers
o0x7fda0e7bcd88 .functor BUFZ 1, c4<z>; HiZ drive
v0x55555b86afc0_0 .net "RGB0PWM", 0 0, o0x7fda0e7bcd88;  0 drivers
o0x7fda0e7bcdb8 .functor BUFZ 1, c4<z>; HiZ drive
v0x55555b86b080_0 .net "RGB1", 0 0, o0x7fda0e7bcdb8;  0 drivers
o0x7fda0e7bcde8 .functor BUFZ 1, c4<z>; HiZ drive
v0x55555b86b120_0 .net "RGB1PWM", 0 0, o0x7fda0e7bcde8;  0 drivers
o0x7fda0e7bce18 .functor BUFZ 1, c4<z>; HiZ drive
v0x55555b86b1e0_0 .net "RGB2", 0 0, o0x7fda0e7bce18;  0 drivers
o0x7fda0e7bce48 .functor BUFZ 1, c4<z>; HiZ drive
v0x55555b86b2a0_0 .net "RGB2PWM", 0 0, o0x7fda0e7bce48;  0 drivers
o0x7fda0e7bce78 .functor BUFZ 1, c4<z>; HiZ drive
v0x55555b86b360_0 .net "RGBLEDEN", 0 0, o0x7fda0e7bce78;  0 drivers
o0x7fda0e7bcea8 .functor BUFZ 1, c4<z>; HiZ drive
v0x55555b86b420_0 .net "RGBPU", 0 0, o0x7fda0e7bcea8;  0 drivers
S_0x55555b81b550 .scope module, "SB_SPI" "SB_SPI" 17 2776;
 .timescale -12 -12;
    .port_info 0 /INPUT 1 "SBCLKI";
    .port_info 1 /INPUT 1 "SBRWI";
    .port_info 2 /INPUT 1 "SBSTBI";
    .port_info 3 /INPUT 1 "SBADRI7";
    .port_info 4 /INPUT 1 "SBADRI6";
    .port_info 5 /INPUT 1 "SBADRI5";
    .port_info 6 /INPUT 1 "SBADRI4";
    .port_info 7 /INPUT 1 "SBADRI3";
    .port_info 8 /INPUT 1 "SBADRI2";
    .port_info 9 /INPUT 1 "SBADRI1";
    .port_info 10 /INPUT 1 "SBADRI0";
    .port_info 11 /INPUT 1 "SBDATI7";
    .port_info 12 /INPUT 1 "SBDATI6";
    .port_info 13 /INPUT 1 "SBDATI5";
    .port_info 14 /INPUT 1 "SBDATI4";
    .port_info 15 /INPUT 1 "SBDATI3";
    .port_info 16 /INPUT 1 "SBDATI2";
    .port_info 17 /INPUT 1 "SBDATI1";
    .port_info 18 /INPUT 1 "SBDATI0";
    .port_info 19 /INPUT 1 "MI";
    .port_info 20 /INPUT 1 "SI";
    .port_info 21 /INPUT 1 "SCKI";
    .port_info 22 /INPUT 1 "SCSNI";
    .port_info 23 /OUTPUT 1 "SBDATO7";
    .port_info 24 /OUTPUT 1 "SBDATO6";
    .port_info 25 /OUTPUT 1 "SBDATO5";
    .port_info 26 /OUTPUT 1 "SBDATO4";
    .port_info 27 /OUTPUT 1 "SBDATO3";
    .port_info 28 /OUTPUT 1 "SBDATO2";
    .port_info 29 /OUTPUT 1 "SBDATO1";
    .port_info 30 /OUTPUT 1 "SBDATO0";
    .port_info 31 /OUTPUT 1 "SBACKO";
    .port_info 32 /OUTPUT 1 "SPIIRQ";
    .port_info 33 /OUTPUT 1 "SPIWKUP";
    .port_info 34 /OUTPUT 1 "SO";
    .port_info 35 /OUTPUT 1 "SOE";
    .port_info 36 /OUTPUT 1 "MO";
    .port_info 37 /OUTPUT 1 "MOE";
    .port_info 38 /OUTPUT 1 "SCKO";
    .port_info 39 /OUTPUT 1 "SCKOE";
    .port_info 40 /OUTPUT 1 "MCSNO3";
    .port_info 41 /OUTPUT 1 "MCSNO2";
    .port_info 42 /OUTPUT 1 "MCSNO1";
    .port_info 43 /OUTPUT 1 "MCSNO0";
    .port_info 44 /OUTPUT 1 "MCSNOE3";
    .port_info 45 /OUTPUT 1 "MCSNOE2";
    .port_info 46 /OUTPUT 1 "MCSNOE1";
    .port_info 47 /OUTPUT 1 "MCSNOE0";
P_0x55555b6d5fe0 .param/str "BUS_ADDR74" 0 17 2826, "0b0000";
o0x7fda0e7bd058 .functor BUFZ 1, c4<z>; HiZ drive
v0x55555b86b630_0 .net "MCSNO0", 0 0, o0x7fda0e7bd058;  0 drivers
o0x7fda0e7bd088 .functor BUFZ 1, c4<z>; HiZ drive
v0x55555b86b710_0 .net "MCSNO1", 0 0, o0x7fda0e7bd088;  0 drivers
o0x7fda0e7bd0b8 .functor BUFZ 1, c4<z>; HiZ drive
v0x55555b86b7d0_0 .net "MCSNO2", 0 0, o0x7fda0e7bd0b8;  0 drivers
o0x7fda0e7bd0e8 .functor BUFZ 1, c4<z>; HiZ drive
v0x55555b86b870_0 .net "MCSNO3", 0 0, o0x7fda0e7bd0e8;  0 drivers
o0x7fda0e7bd118 .functor BUFZ 1, c4<z>; HiZ drive
v0x55555b86b930_0 .net "MCSNOE0", 0 0, o0x7fda0e7bd118;  0 drivers
o0x7fda0e7bd148 .functor BUFZ 1, c4<z>; HiZ drive
v0x55555b86b9f0_0 .net "MCSNOE1", 0 0, o0x7fda0e7bd148;  0 drivers
o0x7fda0e7bd178 .functor BUFZ 1, c4<z>; HiZ drive
v0x55555b86bab0_0 .net "MCSNOE2", 0 0, o0x7fda0e7bd178;  0 drivers
o0x7fda0e7bd1a8 .functor BUFZ 1, c4<z>; HiZ drive
v0x55555b86bb70_0 .net "MCSNOE3", 0 0, o0x7fda0e7bd1a8;  0 drivers
o0x7fda0e7bd1d8 .functor BUFZ 1, c4<z>; HiZ drive
v0x55555b86bc30_0 .net "MI", 0 0, o0x7fda0e7bd1d8;  0 drivers
o0x7fda0e7bd208 .functor BUFZ 1, c4<z>; HiZ drive
v0x55555b86bd80_0 .net "MO", 0 0, o0x7fda0e7bd208;  0 drivers
o0x7fda0e7bd238 .functor BUFZ 1, c4<z>; HiZ drive
v0x55555b86be40_0 .net "MOE", 0 0, o0x7fda0e7bd238;  0 drivers
o0x7fda0e7bd268 .functor BUFZ 1, c4<z>; HiZ drive
v0x55555b86bf00_0 .net "SBACKO", 0 0, o0x7fda0e7bd268;  0 drivers
o0x7fda0e7bd298 .functor BUFZ 1, c4<z>; HiZ drive
v0x55555b86bfc0_0 .net "SBADRI0", 0 0, o0x7fda0e7bd298;  0 drivers
o0x7fda0e7bd2c8 .functor BUFZ 1, c4<z>; HiZ drive
v0x55555b86c080_0 .net "SBADRI1", 0 0, o0x7fda0e7bd2c8;  0 drivers
o0x7fda0e7bd2f8 .functor BUFZ 1, c4<z>; HiZ drive
v0x55555b86c140_0 .net "SBADRI2", 0 0, o0x7fda0e7bd2f8;  0 drivers
o0x7fda0e7bd328 .functor BUFZ 1, c4<z>; HiZ drive
v0x55555b86c200_0 .net "SBADRI3", 0 0, o0x7fda0e7bd328;  0 drivers
o0x7fda0e7bd358 .functor BUFZ 1, c4<z>; HiZ drive
v0x55555b86c2c0_0 .net "SBADRI4", 0 0, o0x7fda0e7bd358;  0 drivers
o0x7fda0e7bd388 .functor BUFZ 1, c4<z>; HiZ drive
v0x55555b86c490_0 .net "SBADRI5", 0 0, o0x7fda0e7bd388;  0 drivers
o0x7fda0e7bd3b8 .functor BUFZ 1, c4<z>; HiZ drive
v0x55555b86c550_0 .net "SBADRI6", 0 0, o0x7fda0e7bd3b8;  0 drivers
o0x7fda0e7bd3e8 .functor BUFZ 1, c4<z>; HiZ drive
v0x55555b86c610_0 .net "SBADRI7", 0 0, o0x7fda0e7bd3e8;  0 drivers
o0x7fda0e7bd418 .functor BUFZ 1, c4<z>; HiZ drive
v0x55555b86c6d0_0 .net "SBCLKI", 0 0, o0x7fda0e7bd418;  0 drivers
o0x7fda0e7bd448 .functor BUFZ 1, c4<z>; HiZ drive
v0x55555b86c790_0 .net "SBDATI0", 0 0, o0x7fda0e7bd448;  0 drivers
o0x7fda0e7bd478 .functor BUFZ 1, c4<z>; HiZ drive
v0x55555b86c850_0 .net "SBDATI1", 0 0, o0x7fda0e7bd478;  0 drivers
o0x7fda0e7bd4a8 .functor BUFZ 1, c4<z>; HiZ drive
v0x55555b86c910_0 .net "SBDATI2", 0 0, o0x7fda0e7bd4a8;  0 drivers
o0x7fda0e7bd4d8 .functor BUFZ 1, c4<z>; HiZ drive
v0x55555b86c9d0_0 .net "SBDATI3", 0 0, o0x7fda0e7bd4d8;  0 drivers
o0x7fda0e7bd508 .functor BUFZ 1, c4<z>; HiZ drive
v0x55555b86ca90_0 .net "SBDATI4", 0 0, o0x7fda0e7bd508;  0 drivers
o0x7fda0e7bd538 .functor BUFZ 1, c4<z>; HiZ drive
v0x55555b86cb50_0 .net "SBDATI5", 0 0, o0x7fda0e7bd538;  0 drivers
o0x7fda0e7bd568 .functor BUFZ 1, c4<z>; HiZ drive
v0x55555b86cc10_0 .net "SBDATI6", 0 0, o0x7fda0e7bd568;  0 drivers
o0x7fda0e7bd598 .functor BUFZ 1, c4<z>; HiZ drive
v0x55555b86ccd0_0 .net "SBDATI7", 0 0, o0x7fda0e7bd598;  0 drivers
o0x7fda0e7bd5c8 .functor BUFZ 1, c4<z>; HiZ drive
v0x55555b86cd90_0 .net "SBDATO0", 0 0, o0x7fda0e7bd5c8;  0 drivers
o0x7fda0e7bd5f8 .functor BUFZ 1, c4<z>; HiZ drive
v0x55555b86ce50_0 .net "SBDATO1", 0 0, o0x7fda0e7bd5f8;  0 drivers
o0x7fda0e7bd628 .functor BUFZ 1, c4<z>; HiZ drive
v0x55555b86cf10_0 .net "SBDATO2", 0 0, o0x7fda0e7bd628;  0 drivers
o0x7fda0e7bd658 .functor BUFZ 1, c4<z>; HiZ drive
v0x55555b86cfd0_0 .net "SBDATO3", 0 0, o0x7fda0e7bd658;  0 drivers
o0x7fda0e7bd688 .functor BUFZ 1, c4<z>; HiZ drive
v0x55555b86d090_0 .net "SBDATO4", 0 0, o0x7fda0e7bd688;  0 drivers
o0x7fda0e7bd6b8 .functor BUFZ 1, c4<z>; HiZ drive
v0x55555b86d150_0 .net "SBDATO5", 0 0, o0x7fda0e7bd6b8;  0 drivers
o0x7fda0e7bd6e8 .functor BUFZ 1, c4<z>; HiZ drive
v0x55555b86d210_0 .net "SBDATO6", 0 0, o0x7fda0e7bd6e8;  0 drivers
o0x7fda0e7bd718 .functor BUFZ 1, c4<z>; HiZ drive
v0x55555b86d2d0_0 .net "SBDATO7", 0 0, o0x7fda0e7bd718;  0 drivers
o0x7fda0e7bd748 .functor BUFZ 1, c4<z>; HiZ drive
v0x55555b86d390_0 .net "SBRWI", 0 0, o0x7fda0e7bd748;  0 drivers
o0x7fda0e7bd778 .functor BUFZ 1, c4<z>; HiZ drive
v0x55555b86d450_0 .net "SBSTBI", 0 0, o0x7fda0e7bd778;  0 drivers
o0x7fda0e7bd7a8 .functor BUFZ 1, c4<z>; HiZ drive
v0x55555b86d510_0 .net "SCKI", 0 0, o0x7fda0e7bd7a8;  0 drivers
o0x7fda0e7bd7d8 .functor BUFZ 1, c4<z>; HiZ drive
v0x55555b86d5d0_0 .net "SCKO", 0 0, o0x7fda0e7bd7d8;  0 drivers
o0x7fda0e7bd808 .functor BUFZ 1, c4<z>; HiZ drive
v0x55555b86d690_0 .net "SCKOE", 0 0, o0x7fda0e7bd808;  0 drivers
o0x7fda0e7bd838 .functor BUFZ 1, c4<z>; HiZ drive
v0x55555b86d750_0 .net "SCSNI", 0 0, o0x7fda0e7bd838;  0 drivers
o0x7fda0e7bd868 .functor BUFZ 1, c4<z>; HiZ drive
v0x55555b86d810_0 .net "SI", 0 0, o0x7fda0e7bd868;  0 drivers
o0x7fda0e7bd898 .functor BUFZ 1, c4<z>; HiZ drive
v0x55555b86d8d0_0 .net "SO", 0 0, o0x7fda0e7bd898;  0 drivers
o0x7fda0e7bd8c8 .functor BUFZ 1, c4<z>; HiZ drive
v0x55555b86d990_0 .net "SOE", 0 0, o0x7fda0e7bd8c8;  0 drivers
o0x7fda0e7bd8f8 .functor BUFZ 1, c4<z>; HiZ drive
v0x55555b86da50_0 .net "SPIIRQ", 0 0, o0x7fda0e7bd8f8;  0 drivers
o0x7fda0e7bd928 .functor BUFZ 1, c4<z>; HiZ drive
v0x55555b86db10_0 .net "SPIWKUP", 0 0, o0x7fda0e7bd928;  0 drivers
S_0x55555b3dd620 .scope module, "SB_SPRAM256KA" "SB_SPRAM256KA" 17 2600;
 .timescale -12 -12;
    .port_info 0 /INPUT 14 "ADDRESS";
    .port_info 1 /INPUT 16 "DATAIN";
    .port_info 2 /INPUT 4 "MASKWREN";
    .port_info 3 /INPUT 1 "WREN";
    .port_info 4 /INPUT 1 "CHIPSELECT";
    .port_info 5 /INPUT 1 "CLOCK";
    .port_info 6 /INPUT 1 "STANDBY";
    .port_info 7 /INPUT 1 "SLEEP";
    .port_info 8 /INPUT 1 "POWEROFF";
    .port_info 9 /OUTPUT 16 "DATAOUT";
o0x7fda0e7be3a8 .functor BUFZ 1, c4<z>; HiZ drive
L_0x55555b8b97f0 .functor OR 1, o0x7fda0e7be3a8, L_0x55555b8b96f0, C4<0>, C4<0>;
o0x7fda0e7be258 .functor BUFZ 14, c4<zzzzzzzzzzzzzz>; HiZ drive
v0x55555b86e440_0 .net "ADDRESS", 13 0, o0x7fda0e7be258;  0 drivers
o0x7fda0e7be288 .functor BUFZ 1, c4<z>; HiZ drive
v0x55555b86e540_0 .net "CHIPSELECT", 0 0, o0x7fda0e7be288;  0 drivers
o0x7fda0e7be2b8 .functor BUFZ 1, c4<z>; HiZ drive
v0x55555b86e600_0 .net "CLOCK", 0 0, o0x7fda0e7be2b8;  0 drivers
o0x7fda0e7be2e8 .functor BUFZ 16, c4<zzzzzzzzzzzzzzzz>; HiZ drive
v0x55555b86e6a0_0 .net "DATAIN", 15 0, o0x7fda0e7be2e8;  0 drivers
v0x55555b86e780_0 .var "DATAOUT", 15 0;
o0x7fda0e7be348 .functor BUFZ 4, c4<zzzz>; HiZ drive
v0x55555b86e860_0 .net "MASKWREN", 3 0, o0x7fda0e7be348;  0 drivers
o0x7fda0e7be378 .functor BUFZ 1, c4<z>; HiZ drive
v0x55555b86e940_0 .net "POWEROFF", 0 0, o0x7fda0e7be378;  0 drivers
v0x55555b86ea00_0 .net "SLEEP", 0 0, o0x7fda0e7be3a8;  0 drivers
o0x7fda0e7be3d8 .functor BUFZ 1, c4<z>; HiZ drive
v0x55555b86eac0_0 .net "STANDBY", 0 0, o0x7fda0e7be3d8;  0 drivers
o0x7fda0e7be408 .functor BUFZ 1, c4<z>; HiZ drive
v0x55555b86eb80_0 .net "WREN", 0 0, o0x7fda0e7be408;  0 drivers
v0x55555b86ec40_0 .net *"_ivl_1", 0 0, L_0x55555b8b96f0;  1 drivers
v0x55555b86ed00_0 .var/i "i", 31 0;
v0x55555b86ede0 .array "mem", 16383 0, 15 0;
v0x55555b86eea0_0 .net "off", 0 0, L_0x55555b8b97f0;  1 drivers
E_0x55555b86e360 .event posedge, v0x55555b86eea0_0, v0x55555b86e600_0;
E_0x55555b86e3e0 .event negedge, v0x55555b86e940_0;
L_0x55555b8b96f0 .reduce/nor o0x7fda0e7be378;
S_0x55555b79f9d0 .scope module, "SB_WARMBOOT" "SB_WARMBOOT" 17 2593;
 .timescale -12 -12;
    .port_info 0 /INPUT 1 "BOOT";
    .port_info 1 /INPUT 1 "S1";
    .port_info 2 /INPUT 1 "S0";
o0x7fda0e7be6a8 .functor BUFZ 1, c4<z>; HiZ drive
v0x55555b86f0a0_0 .net "BOOT", 0 0, o0x7fda0e7be6a8;  0 drivers
o0x7fda0e7be6d8 .functor BUFZ 1, c4<z>; HiZ drive
v0x55555b86f180_0 .net "S0", 0 0, o0x7fda0e7be6d8;  0 drivers
o0x7fda0e7be708 .functor BUFZ 1, c4<z>; HiZ drive
v0x55555b86f240_0 .net "S1", 0 0, o0x7fda0e7be708;  0 drivers
S_0x55555b783560 .scope module, "Xor" "Xor" 33 7;
 .timescale -12 -12;
    .port_info 0 /INPUT 1 "a";
    .port_info 1 /INPUT 1 "b";
    .port_info 2 /OUTPUT 1 "out";
o0x7fda0e7be858 .functor BUFZ 1, c4<z>; HiZ drive
o0x7fda0e7be888 .functor BUFZ 1, c4<z>; HiZ drive
L_0x55555b8b9910 .functor XNOR 1, o0x7fda0e7be858, o0x7fda0e7be888, C4<0>, C4<0>;
v0x55555b86f360_0 .net *"_ivl_0", 0 0, L_0x55555b8b9910;  1 drivers
L_0x7fda0e7550f8 .functor BUFT 1, C4<0>, C4<0>, C4<0>, C4<0>;
v0x55555b86f420_0 .net/2u *"_ivl_2", 0 0, L_0x7fda0e7550f8;  1 drivers
L_0x7fda0e755140 .functor BUFT 1, C4<1>, C4<0>, C4<0>, C4<0>;
v0x55555b86f500_0 .net/2u *"_ivl_4", 0 0, L_0x7fda0e755140;  1 drivers
v0x55555b86f5f0_0 .net "a", 0 0, o0x7fda0e7be858;  0 drivers
v0x55555b86f6b0_0 .net "b", 0 0, o0x7fda0e7be888;  0 drivers
v0x55555b86f770_0 .net "out", 0 0, L_0x55555b8b9a40;  1 drivers
L_0x55555b8b9a40 .functor MUXZ 1, L_0x7fda0e755140, L_0x7fda0e7550f8, L_0x55555b8b9910, C4<>;
    .scope S_0x55555b785560;
T_3 ;
    %wait E_0x55555b538690;
    %load/vec4 v0x55555b408df0_0;
    %flag_set/vec4 8;
    %jmp/0xz  T_3.0, 8;
    %pushi/vec4 1, 0, 1;
    %assign/vec4 v0x55555b40d820_0, 0;
    %jmp T_3.1;
T_3.0 ;
    %pushi/vec4 0, 0, 1;
    %assign/vec4 v0x55555b40d820_0, 0;
T_3.1 ;
    %jmp T_3;
    .thread T_3;
    .scope S_0x55555b6d5940;
T_4 ;
    %pushi/vec4 0, 0, 1;
    %store/vec4 v0x55555b76fbe0_0, 0, 1;
    %pushi/vec4 0, 0, 1;
    %store/vec4 v0x55555b770be0_0, 0, 1;
    %end;
    .thread T_4, $init;
    .scope S_0x55555b6d5940;
T_5 ;
    %wait E_0x55555b809920;
    %load/vec4 v0x55555b7548e0_0;
    %flag_set/vec4 8;
    %jmp/0xz  T_5.0, 8;
    %load/vec4 v0x55555b756590_0;
    %flag_set/vec4 8;
    %jmp/0 T_5.2, 8;
    %pushi/vec4 0, 0, 1;
    %jmp/1 T_5.3, 8;
T_5.2 ; End of true expr.
    %load/vec4 v0x55555b76abe0_0;
    %jmp/0 T_5.3, 8;
 ; End of false expr.
    %blend;
T_5.3;
    %assign/vec4 v0x55555b76fbe0_0, 0;
T_5.0 ;
    %jmp T_5;
    .thread T_5;
    .scope S_0x55555b6d5940;
T_6 ;
    %wait E_0x55555b7f82f0;
    %load/vec4 v0x55555b756590_0;
    %flag_set/vec4 8;
    %jmp/0xz  T_6.0, 8;
    %pushi/vec4 0, 0, 1;
    %assign/vec4 v0x55555b770be0_0, 0;
    %jmp T_6.1;
T_6.0 ;
    %load/vec4 v0x55555b7548e0_0;
    %flag_set/vec4 8;
    %jmp/0xz  T_6.2, 8;
    %load/vec4 v0x55555b76abe0_0;
    %assign/vec4 v0x55555b770be0_0, 0;
T_6.2 ;
T_6.1 ;
    %jmp T_6;
    .thread T_6;
    .scope S_0x55555b787ff0;
T_7 ;
    %pushi/vec4 0, 0, 32;
    %store/vec4 v0x55555b7828b0_0, 0, 32;
T_7.0 ; Top of for-loop
    %load/vec4 v0x55555b7828b0_0;
    %cmpi/s 16, 0, 32;
	  %jmp/0xz T_7.1, 5;
    %pushi/vec4 0, 0, 256;
    %load/vec4 v0x55555b7828b0_0;
    %muli 16, 0, 32;
    %part/s 16;
    %pushi/vec4 0, 0, 32;
    %load/vec4 v0x55555b7828b0_0;
    %add;
    %ix/vec4/s 4;
    %store/vec4a v0x55555b7838b0, 4, 0;
    %pushi/vec4 0, 0, 256;
    %load/vec4 v0x55555b7828b0_0;
    %muli 16, 0, 32;
    %part/s 16;
    %pushi/vec4 16, 0, 32;
    %load/vec4 v0x55555b7828b0_0;
    %add;
    %ix/vec4/s 4;
    %store/vec4a v0x55555b7838b0, 4, 0;
    %pushi/vec4 0, 0, 256;
    %load/vec4 v0x55555b7828b0_0;
    %muli 16, 0, 32;
    %part/s 16;
    %pushi/vec4 32, 0, 32;
    %load/vec4 v0x55555b7828b0_0;
    %add;
    %ix/vec4/s 4;
    %store/vec4a v0x55555b7838b0, 4, 0;
    %pushi/vec4 0, 0, 256;
    %load/vec4 v0x55555b7828b0_0;
    %muli 16, 0, 32;
    %part/s 16;
    %pushi/vec4 48, 0, 32;
    %load/vec4 v0x55555b7828b0_0;
    %add;
    %ix/vec4/s 4;
    %store/vec4a v0x55555b7838b0, 4, 0;
    %pushi/vec4 0, 0, 256;
    %load/vec4 v0x55555b7828b0_0;
    %muli 16, 0, 32;
    %part/s 16;
    %pushi/vec4 64, 0, 32;
    %load/vec4 v0x55555b7828b0_0;
    %add;
    %ix/vec4/s 4;
    %store/vec4a v0x55555b7838b0, 4, 0;
    %pushi/vec4 0, 0, 256;
    %load/vec4 v0x55555b7828b0_0;
    %muli 16, 0, 32;
    %part/s 16;
    %pushi/vec4 80, 0, 32;
    %load/vec4 v0x55555b7828b0_0;
    %add;
    %ix/vec4/s 4;
    %store/vec4a v0x55555b7838b0, 4, 0;
    %pushi/vec4 0, 0, 256;
    %load/vec4 v0x55555b7828b0_0;
    %muli 16, 0, 32;
    %part/s 16;
    %pushi/vec4 96, 0, 32;
    %load/vec4 v0x55555b7828b0_0;
    %add;
    %ix/vec4/s 4;
    %store/vec4a v0x55555b7838b0, 4, 0;
    %pushi/vec4 0, 0, 256;
    %load/vec4 v0x55555b7828b0_0;
    %muli 16, 0, 32;
    %part/s 16;
    %pushi/vec4 112, 0, 32;
    %load/vec4 v0x55555b7828b0_0;
    %add;
    %ix/vec4/s 4;
    %store/vec4a v0x55555b7838b0, 4, 0;
    %pushi/vec4 0, 0, 256;
    %load/vec4 v0x55555b7828b0_0;
    %muli 16, 0, 32;
    %part/s 16;
    %pushi/vec4 128, 0, 32;
    %load/vec4 v0x55555b7828b0_0;
    %add;
    %ix/vec4/s 4;
    %store/vec4a v0x55555b7838b0, 4, 0;
    %pushi/vec4 0, 0, 256;
    %load/vec4 v0x55555b7828b0_0;
    %muli 16, 0, 32;
    %part/s 16;
    %pushi/vec4 144, 0, 32;
    %load/vec4 v0x55555b7828b0_0;
    %add;
    %ix/vec4/s 4;
    %store/vec4a v0x55555b7838b0, 4, 0;
    %pushi/vec4 0, 0, 256;
    %load/vec4 v0x55555b7828b0_0;
    %muli 16, 0, 32;
    %part/s 16;
    %pushi/vec4 160, 0, 32;
    %load/vec4 v0x55555b7828b0_0;
    %add;
    %ix/vec4/s 4;
    %store/vec4a v0x55555b7838b0, 4, 0;
    %pushi/vec4 0, 0, 256;
    %load/vec4 v0x55555b7828b0_0;
    %muli 16, 0, 32;
    %part/s 16;
    %pushi/vec4 176, 0, 32;
    %load/vec4 v0x55555b7828b0_0;
    %add;
    %ix/vec4/s 4;
    %store/vec4a v0x55555b7838b0, 4, 0;
    %pushi/vec4 0, 0, 256;
    %load/vec4 v0x55555b7828b0_0;
    %muli 16, 0, 32;
    %part/s 16;
    %pushi/vec4 192, 0, 32;
    %load/vec4 v0x55555b7828b0_0;
    %add;
    %ix/vec4/s 4;
    %store/vec4a v0x55555b7838b0, 4, 0;
    %pushi/vec4 0, 0, 256;
    %load/vec4 v0x55555b7828b0_0;
    %muli 16, 0, 32;
    %part/s 16;
    %pushi/vec4 208, 0, 32;
    %load/vec4 v0x55555b7828b0_0;
    %add;
    %ix/vec4/s 4;
    %store/vec4a v0x55555b7838b0, 4, 0;
    %pushi/vec4 0, 0, 256;
    %load/vec4 v0x55555b7828b0_0;
    %muli 16, 0, 32;
    %part/s 16;
    %pushi/vec4 224, 0, 32;
    %load/vec4 v0x55555b7828b0_0;
    %add;
    %ix/vec4/s 4;
    %store/vec4a v0x55555b7838b0, 4, 0;
    %pushi/vec4 0, 0, 256;
    %load/vec4 v0x55555b7828b0_0;
    %muli 16, 0, 32;
    %part/s 16;
    %pushi/vec4 240, 0, 32;
    %load/vec4 v0x55555b7828b0_0;
    %add;
    %ix/vec4/s 4;
    %store/vec4a v0x55555b7838b0, 4, 0;
T_7.2 ; for-loop step statement
    %load/vec4 v0x55555b7828b0_0;
    %addi 1, 0, 32;
    %store/vec4 v0x55555b7828b0_0, 0, 32;
    %jmp T_7.0;
T_7.1 ; for-loop exit label
    %end;
    .thread T_7;
    .scope S_0x55555b787ff0;
T_8 ;
    %wait E_0x55555b80a110;
    %load/vec4 v0x55555b7808b0_0;
    %flag_set/vec4 9;
    %flag_get/vec4 9;
    %jmp/0 T_8.2, 9;
    %load/vec4 v0x55555b77d8b0_0;
    %and;
T_8.2;
    %flag_set/vec4 8;
    %jmp/0xz  T_8.0, 8;
    %load/vec4 v0x55555b7818b0_0;
    %parti/s 1, 0, 2;
    %nor/r;
    %flag_set/vec4 8;
    %jmp/0xz  T_8.3, 8;
    %load/vec4 v0x55555b77f8b0_0;
    %parti/s 1, 0, 2;
    %load/vec4 v0x55555b77b8b0_0;
    %parti/s 8, 0, 2;
    %pad/u 10;
    %ix/vec4 3;
    %ix/load 4, 0, 0; Constant delay
    %assign/vec4/a/d v0x55555b7838b0, 0, 4;
T_8.3 ;
    %load/vec4 v0x55555b7818b0_0;
    %parti/s 1, 1, 2;
    %nor/r;
    %flag_set/vec4 8;
    %jmp/0xz  T_8.5, 8;
    %load/vec4 v0x55555b77f8b0_0;
    %parti/s 1, 1, 2;
    %load/vec4 v0x55555b77b8b0_0;
    %parti/s 8, 0, 2;
    %pad/u 10;
    %ix/vec4 3;
    %ix/load 4, 1, 0; part off
    %ix/load 5, 0, 0; Constant delay
    %assign/vec4/a/d v0x55555b7838b0, 4, 5;
T_8.5 ;
    %load/vec4 v0x55555b7818b0_0;
    %parti/s 1, 2, 3;
    %nor/r;
    %flag_set/vec4 8;
    %jmp/0xz  T_8.7, 8;
    %load/vec4 v0x55555b77f8b0_0;
    %parti/s 1, 2, 3;
    %load/vec4 v0x55555b77b8b0_0;
    %parti/s 8, 0, 2;
    %pad/u 10;
    %ix/vec4 3;
    %ix/load 4, 2, 0; part off
    %ix/load 5, 0, 0; Constant delay
    %assign/vec4/a/d v0x55555b7838b0, 4, 5;
T_8.7 ;
    %load/vec4 v0x55555b7818b0_0;
    %parti/s 1, 3, 3;
    %nor/r;
    %flag_set/vec4 8;
    %jmp/0xz  T_8.9, 8;
    %load/vec4 v0x55555b77f8b0_0;
    %parti/s 1, 3, 3;
    %load/vec4 v0x55555b77b8b0_0;
    %parti/s 8, 0, 2;
    %pad/u 10;
    %ix/vec4 3;
    %ix/load 4, 3, 0; part off
    %ix/load 5, 0, 0; Constant delay
    %assign/vec4/a/d v0x55555b7838b0, 4, 5;
T_8.9 ;
    %load/vec4 v0x55555b7818b0_0;
    %parti/s 1, 4, 4;
    %nor/r;
    %flag_set/vec4 8;
    %jmp/0xz  T_8.11, 8;
    %load/vec4 v0x55555b77f8b0_0;
    %parti/s 1, 4, 4;
    %load/vec4 v0x55555b77b8b0_0;
    %parti/s 8, 0, 2;
    %pad/u 10;
    %ix/vec4 3;
    %ix/load 4, 4, 0; part off
    %ix/load 5, 0, 0; Constant delay
    %assign/vec4/a/d v0x55555b7838b0, 4, 5;
T_8.11 ;
    %load/vec4 v0x55555b7818b0_0;
    %parti/s 1, 5, 4;
    %nor/r;
    %flag_set/vec4 8;
    %jmp/0xz  T_8.13, 8;
    %load/vec4 v0x55555b77f8b0_0;
    %parti/s 1, 5, 4;
    %load/vec4 v0x55555b77b8b0_0;
    %parti/s 8, 0, 2;
    %pad/u 10;
    %ix/vec4 3;
    %ix/load 4, 5, 0; part off
    %ix/load 5, 0, 0; Constant delay
    %assign/vec4/a/d v0x55555b7838b0, 4, 5;
T_8.13 ;
    %load/vec4 v0x55555b7818b0_0;
    %parti/s 1, 6, 4;
    %nor/r;
    %flag_set/vec4 8;
    %jmp/0xz  T_8.15, 8;
    %load/vec4 v0x55555b77f8b0_0;
    %parti/s 1, 6, 4;
    %load/vec4 v0x55555b77b8b0_0;
    %parti/s 8, 0, 2;
    %pad/u 10;
    %ix/vec4 3;
    %ix/load 4, 6, 0; part off
    %ix/load 5, 0, 0; Constant delay
    %assign/vec4/a/d v0x55555b7838b0, 4, 5;
T_8.15 ;
    %load/vec4 v0x55555b7818b0_0;
    %parti/s 1, 7, 4;
    %nor/r;
    %flag_set/vec4 8;
    %jmp/0xz  T_8.17, 8;
    %load/vec4 v0x55555b77f8b0_0;
    %parti/s 1, 7, 4;
    %load/vec4 v0x55555b77b8b0_0;
    %parti/s 8, 0, 2;
    %pad/u 10;
    %ix/vec4 3;
    %ix/load 4, 7, 0; part off
    %ix/load 5, 0, 0; Constant delay
    %assign/vec4/a/d v0x55555b7838b0, 4, 5;
T_8.17 ;
    %load/vec4 v0x55555b7818b0_0;
    %parti/s 1, 8, 5;
    %nor/r;
    %flag_set/vec4 8;
    %jmp/0xz  T_8.19, 8;
    %load/vec4 v0x55555b77f8b0_0;
    %parti/s 1, 8, 5;
    %load/vec4 v0x55555b77b8b0_0;
    %parti/s 8, 0, 2;
    %pad/u 10;
    %ix/vec4 3;
    %ix/load 4, 8, 0; part off
    %ix/load 5, 0, 0; Constant delay
    %assign/vec4/a/d v0x55555b7838b0, 4, 5;
T_8.19 ;
    %load/vec4 v0x55555b7818b0_0;
    %parti/s 1, 9, 5;
    %nor/r;
    %flag_set/vec4 8;
    %jmp/0xz  T_8.21, 8;
    %load/vec4 v0x55555b77f8b0_0;
    %parti/s 1, 9, 5;
    %load/vec4 v0x55555b77b8b0_0;
    %parti/s 8, 0, 2;
    %pad/u 10;
    %ix/vec4 3;
    %ix/load 4, 9, 0; part off
    %ix/load 5, 0, 0; Constant delay
    %assign/vec4/a/d v0x55555b7838b0, 4, 5;
T_8.21 ;
    %load/vec4 v0x55555b7818b0_0;
    %parti/s 1, 10, 5;
    %nor/r;
    %flag_set/vec4 8;
    %jmp/0xz  T_8.23, 8;
    %load/vec4 v0x55555b77f8b0_0;
    %parti/s 1, 10, 5;
    %load/vec4 v0x55555b77b8b0_0;
    %parti/s 8, 0, 2;
    %pad/u 10;
    %ix/vec4 3;
    %ix/load 4, 10, 0; part off
    %ix/load 5, 0, 0; Constant delay
    %assign/vec4/a/d v0x55555b7838b0, 4, 5;
T_8.23 ;
    %load/vec4 v0x55555b7818b0_0;
    %parti/s 1, 11, 5;
    %nor/r;
    %flag_set/vec4 8;
    %jmp/0xz  T_8.25, 8;
    %load/vec4 v0x55555b77f8b0_0;
    %parti/s 1, 11, 5;
    %load/vec4 v0x55555b77b8b0_0;
    %parti/s 8, 0, 2;
    %pad/u 10;
    %ix/vec4 3;
    %ix/load 4, 11, 0; part off
    %ix/load 5, 0, 0; Constant delay
    %assign/vec4/a/d v0x55555b7838b0, 4, 5;
T_8.25 ;
    %load/vec4 v0x55555b7818b0_0;
    %parti/s 1, 12, 5;
    %nor/r;
    %flag_set/vec4 8;
    %jmp/0xz  T_8.27, 8;
    %load/vec4 v0x55555b77f8b0_0;
    %parti/s 1, 12, 5;
    %load/vec4 v0x55555b77b8b0_0;
    %parti/s 8, 0, 2;
    %pad/u 10;
    %ix/vec4 3;
    %ix/load 4, 12, 0; part off
    %ix/load 5, 0, 0; Constant delay
    %assign/vec4/a/d v0x55555b7838b0, 4, 5;
T_8.27 ;
    %load/vec4 v0x55555b7818b0_0;
    %parti/s 1, 13, 5;
    %nor/r;
    %flag_set/vec4 8;
    %jmp/0xz  T_8.29, 8;
    %load/vec4 v0x55555b77f8b0_0;
    %parti/s 1, 13, 5;
    %load/vec4 v0x55555b77b8b0_0;
    %parti/s 8, 0, 2;
    %pad/u 10;
    %ix/vec4 3;
    %ix/load 4, 13, 0; part off
    %ix/load 5, 0, 0; Constant delay
    %assign/vec4/a/d v0x55555b7838b0, 4, 5;
T_8.29 ;
    %load/vec4 v0x55555b7818b0_0;
    %parti/s 1, 14, 5;
    %nor/r;
    %flag_set/vec4 8;
    %jmp/0xz  T_8.31, 8;
    %load/vec4 v0x55555b77f8b0_0;
    %parti/s 1, 14, 5;
    %load/vec4 v0x55555b77b8b0_0;
    %parti/s 8, 0, 2;
    %pad/u 10;
    %ix/vec4 3;
    %ix/load 4, 14, 0; part off
    %ix/load 5, 0, 0; Constant delay
    %assign/vec4/a/d v0x55555b7838b0, 4, 5;
T_8.31 ;
    %load/vec4 v0x55555b7818b0_0;
    %parti/s 1, 15, 5;
    %nor/r;
    %flag_set/vec4 8;
    %jmp/0xz  T_8.33, 8;
    %load/vec4 v0x55555b77f8b0_0;
    %parti/s 1, 15, 5;
    %load/vec4 v0x55555b77b8b0_0;
    %parti/s 8, 0, 2;
    %pad/u 10;
    %ix/vec4 3;
    %ix/load 4, 15, 0; part off
    %ix/load 5, 0, 0; Constant delay
    %assign/vec4/a/d v0x55555b7838b0, 4, 5;
T_8.33 ;
T_8.0 ;
    %jmp T_8;
    .thread T_8;
    .scope S_0x55555b787ff0;
T_9 ;
    %wait E_0x55555b809d50;
    %load/vec4 v0x55555b7798b0_0;
    %flag_set/vec4 9;
    %flag_get/vec4 9;
    %jmp/0 T_9.2, 9;
    %load/vec4 v0x55555b768980_0;
    %and;
T_9.2;
    %flag_set/vec4 8;
    %jmp/0xz  T_9.0, 8;
    %load/vec4 v0x55555b774890_0;
    %parti/s 8, 0, 2;
    %pad/u 10;
    %ix/vec4 4;
    %load/vec4a v0x55555b7838b0, 4;
    %load/vec4 v0x55555b77a8b0_0;
    %inv;
    %and;
    %assign/vec4 v0x55555b776e10_0, 0;
T_9.0 ;
    %jmp T_9;
    .thread T_9;
    .scope S_0x55555b836600;
T_10 ;
    %wait E_0x55555b74c1e0;
    %load/vec4 v0x55555b836ca0_0;
    %flag_set/vec4 8;
    %jmp/0xz  T_10.0, 8;
    %pushi/vec4 0, 0, 16;
    %assign/vec4 v0x55555b836b70_0, 0;
    %jmp T_10.1;
T_10.0 ;
    %load/vec4 v0x55555b836ab0_0;
    %flag_set/vec4 8;
    %jmp/0xz  T_10.2, 8;
    %load/vec4 v0x55555b836900_0;
    %assign/vec4 v0x55555b836b70_0, 0;
    %jmp T_10.3;
T_10.2 ;
    %load/vec4 v0x55555b8369e0_0;
    %flag_set/vec4 8;
    %jmp/0xz  T_10.4, 8;
    %load/vec4 v0x55555b836b70_0;
    %addi 1, 0, 16;
    %assign/vec4 v0x55555b836b70_0, 0;
    %jmp T_10.5;
T_10.4 ;
    %load/vec4 v0x55555b836b70_0;
    %assign/vec4 v0x55555b836b70_0, 0;
T_10.5 ;
T_10.3 ;
T_10.1 ;
    %jmp T_10;
    .thread T_10;
    .scope S_0x55555b7e4240;
T_11 ;
    %pushi/vec4 1, 0, 1;
    %store/vec4 v0x55555b837020_0, 0, 1;
    %pushi/vec4 0, 0, 16;
    %store/vec4 v0x55555b837420_0, 0, 16;
    %pushi/vec4 0, 0, 1;
    %store/vec4 v0x55555b8370c0_0, 0, 1;
    %end;
    .thread T_11, $init;
    .scope S_0x55555b7e4240;
T_12 ;
    %delay 1, 0;
    %load/vec4 v0x55555b837020_0;
    %inv;
    %store/vec4 v0x55555b837020_0, 0, 1;
    %jmp T_12;
    .thread T_12;
    .scope S_0x55555b7e4240;
T_13 ;
    %wait E_0x55555b74c1e0;
    %vpi_func 29 24 "$random" 32 {0 0 0};
    %pad/s 16;
    %assign/vec4 v0x55555b837160_0, 0;
    %load/vec4 v0x55555b837420_0;
    %pad/u 32;
    %cmpi/e 10, 0, 32;
    %jmp/1 T_13.1, 4;
    %flag_mov 8, 4;
    %load/vec4 v0x55555b837420_0;
    %pad/u 32;
    %cmpi/e 24, 0, 32;
    %flag_or 4, 8;
T_13.1;
    %flag_get/vec4 4;
    %jmp/1 T_13.0, 4;
    %load/vec4 v0x55555b837420_0;
    %pad/u 32;
    %pushi/vec4 44, 0, 32;
    %cmp/e;
    %flag_get/vec4 4;
    %or;
T_13.0;
    %assign/vec4 v0x55555b837650_0, 0;
    %vpi_func 29 26 "$random" 32 {0 0 0};
    %pad/s 1;
    %assign/vec4 v0x55555b837260_0, 0;
    %vpi_func 29 27 "$random" 32 {0 0 0};
    %pad/s 1;
    %assign/vec4 v0x55555b837330_0, 0;
    %jmp T_13;
    .thread T_13;
    .scope S_0x55555b7e4240;
T_14 ;
    %wait E_0x55555b74c1e0;
    %load/vec4 v0x55555b837650_0;
    %flag_set/vec4 8;
    %jmp/0 T_14.0, 8;
    %pushi/vec4 0, 0, 16;
    %jmp/1 T_14.1, 8;
T_14.0 ; End of true expr.
    %load/vec4 v0x55555b837330_0;
    %flag_set/vec4 9;
    %jmp/0 T_14.2, 9;
    %load/vec4 v0x55555b837160_0;
    %jmp/1 T_14.3, 9;
T_14.2 ; End of true expr.
    %load/vec4 v0x55555b837260_0;
    %flag_set/vec4 10;
    %jmp/0 T_14.4, 10;
    %load/vec4 v0x55555b8374c0_0;
    %addi 1, 0, 16;
    %jmp/1 T_14.5, 10;
T_14.4 ; End of true expr.
    %load/vec4 v0x55555b8374c0_0;
    %jmp/0 T_14.5, 10;
 ; End of false expr.
    %blend;
T_14.5;
    %jmp/0 T_14.3, 9;
 ; End of false expr.
    %blend;
T_14.3;
    %jmp/0 T_14.1, 8;
 ; End of false expr.
    %blend;
T_14.1;
    %assign/vec4 v0x55555b837590_0, 0;
    %jmp T_14;
    .thread T_14;
    .scope S_0x55555b7e4240;
T_15 ;
    %vpi_call/w 29 46 "$dumpvars", 32'sb00000000000000000000000000000000, S_0x55555b7e4240 {0 0 0};
    %vpi_call/w 29 48 "$display", "------------------------" {0 0 0};
    %vpi_call/w 29 49 "$display", "Testbench: PC" {0 0 0};
    %pushi/vec4 0, 0, 16;
    %store/vec4 v0x55555b837420_0, 0, 16;
T_15.0 ; Top of for-loop
    %load/vec4 v0x55555b837420_0;
    %pad/u 32;
    %cmpi/u 1000, 0, 32;
	  %jmp/0xz T_15.1, 5;
    %fork TD_PC_tb.check, S_0x55555b836e20;
    %join;
T_15.2 ; for-loop step statement
    %load/vec4 v0x55555b837420_0;
    %addi 1, 0, 16;
    %store/vec4 v0x55555b837420_0, 0, 16;
    %jmp T_15.0;
T_15.1 ; for-loop exit label
    %load/vec4 v0x55555b8370c0_0;
    %pad/u 32;
    %cmpi/e 0, 0, 32;
    %jmp/0xz  T_15.3, 4;
    %vpi_call/w 29 54 "$display", "passed" {0 0 0};
T_15.3 ;
    %vpi_call/w 29 55 "$display", "------------------------" {0 0 0};
    %vpi_call/w 29 56 "$finish" {0 0 0};
    %end;
    .thread T_15;
    .scope S_0x55555b837a40;
T_16 ;
    %wait E_0x55555b78b920;
    %load/vec4 v0x55555b837ec0_0;
    %flag_set/vec4 8;
    %jmp/0xz  T_16.0, 8;
    %load/vec4 v0x55555b837e00_0;
    %assign/vec4 v0x55555b837f90_0, 0;
T_16.0 ;
    %jmp T_16;
    .thread T_16;
    .scope S_0x55555b8383e0;
T_17 ;
    %wait E_0x55555b78b920;
    %load/vec4 v0x55555b8387e0_0;
    %flag_set/vec4 8;
    %jmp/0xz  T_17.0, 8;
    %load/vec4 v0x55555b838740_0;
    %assign/vec4 v0x55555b8388e0_0, 0;
T_17.0 ;
    %jmp T_17;
    .thread T_17;
    .scope S_0x55555b838cd0;
T_18 ;
    %wait E_0x55555b78b920;
    %load/vec4 v0x55555b839140_0;
    %flag_set/vec4 8;
    %jmp/0xz  T_18.0, 8;
    %load/vec4 v0x55555b839080_0;
    %assign/vec4 v0x55555b839230_0, 0;
T_18.0 ;
    %jmp T_18;
    .thread T_18;
    .scope S_0x55555b839630;
T_19 ;
    %wait E_0x55555b78b920;
    %load/vec4 v0x55555b839a20_0;
    %flag_set/vec4 8;
    %jmp/0xz  T_19.0, 8;
    %load/vec4 v0x55555b839960_0;
    %assign/vec4 v0x55555b839af0_0, 0;
T_19.0 ;
    %jmp T_19;
    .thread T_19;
    .scope S_0x55555b839f70;
T_20 ;
    %wait E_0x55555b78b920;
    %load/vec4 v0x55555b83a3f0_0;
    %flag_set/vec4 8;
    %jmp/0xz  T_20.0, 8;
    %load/vec4 v0x55555b83a330_0;
    %assign/vec4 v0x55555b83a520_0, 0;
T_20.0 ;
    %jmp T_20;
    .thread T_20;
    .scope S_0x55555b83a8b0;
T_21 ;
    %wait E_0x55555b78b920;
    %load/vec4 v0x55555b83aca0_0;
    %flag_set/vec4 8;
    %jmp/0xz  T_21.0, 8;
    %load/vec4 v0x55555b83abe0_0;
    %assign/vec4 v0x55555b83ad70_0, 0;
T_21.0 ;
    %jmp T_21;
    .thread T_21;
    .scope S_0x55555b83b1a0;
T_22 ;
    %wait E_0x55555b78b920;
    %load/vec4 v0x55555b83b590_0;
    %flag_set/vec4 8;
    %jmp/0xz  T_22.0, 8;
    %load/vec4 v0x55555b83b4d0_0;
    %assign/vec4 v0x55555b83b660_0, 0;
T_22.0 ;
    %jmp T_22;
    .thread T_22;
    .scope S_0x55555b83ba90;
T_23 ;
    %wait E_0x55555b78b920;
    %load/vec4 v0x55555b83be80_0;
    %flag_set/vec4 8;
    %jmp/0xz  T_23.0, 8;
    %load/vec4 v0x55555b83bdc0_0;
    %assign/vec4 v0x55555b83bf50_0, 0;
T_23.0 ;
    %jmp T_23;
    .thread T_23;
    .scope S_0x55555b83c3c0;
T_24 ;
    %wait E_0x55555b78b920;
    %load/vec4 v0x55555b83c7b0_0;
    %flag_set/vec4 8;
    %jmp/0xz  T_24.0, 8;
    %load/vec4 v0x55555b83c6f0_0;
    %assign/vec4 v0x55555b83c990_0, 0;
T_24.0 ;
    %jmp T_24;
    .thread T_24;
    .scope S_0x55555b83cdc0;
T_25 ;
    %wait E_0x55555b78b920;
    %load/vec4 v0x55555b83d120_0;
    %flag_set/vec4 8;
    %jmp/0xz  T_25.0, 8;
    %load/vec4 v0x55555b83d060_0;
    %assign/vec4 v0x55555b83d1f0_0, 0;
T_25.0 ;
    %jmp T_25;
    .thread T_25;
    .scope S_0x55555b83d620;
T_26 ;
    %wait E_0x55555b78b920;
    %load/vec4 v0x55555b83d980_0;
    %flag_set/vec4 8;
    %jmp/0xz  T_26.0, 8;
    %load/vec4 v0x55555b83d8c0_0;
    %assign/vec4 v0x55555b83da50_0, 0;
T_26.0 ;
    %jmp T_26;
    .thread T_26;
    .scope S_0x55555b83de80;
T_27 ;
    %wait E_0x55555b78b920;
    %load/vec4 v0x55555b83e270_0;
    %flag_set/vec4 8;
    %jmp/0xz  T_27.0, 8;
    %load/vec4 v0x55555b83e1b0_0;
    %assign/vec4 v0x55555b83e340_0, 0;
T_27.0 ;
    %jmp T_27;
    .thread T_27;
    .scope S_0x55555b83e770;
T_28 ;
    %wait E_0x55555b78b920;
    %load/vec4 v0x55555b83eb60_0;
    %flag_set/vec4 8;
    %jmp/0xz  T_28.0, 8;
    %load/vec4 v0x55555b83eaa0_0;
    %assign/vec4 v0x55555b83ec30_0, 0;
T_28.0 ;
    %jmp T_28;
    .thread T_28;
    .scope S_0x55555b83f060;
T_29 ;
    %wait E_0x55555b78b920;
    %load/vec4 v0x55555b83f450_0;
    %flag_set/vec4 8;
    %jmp/0xz  T_29.0, 8;
    %load/vec4 v0x55555b83f390_0;
    %assign/vec4 v0x55555b83f520_0, 0;
T_29.0 ;
    %jmp T_29;
    .thread T_29;
    .scope S_0x55555b83f950;
T_30 ;
    %wait E_0x55555b78b920;
    %load/vec4 v0x55555b83fd40_0;
    %flag_set/vec4 8;
    %jmp/0xz  T_30.0, 8;
    %load/vec4 v0x55555b83fc80_0;
    %assign/vec4 v0x55555b83fe10_0, 0;
T_30.0 ;
    %jmp T_30;
    .thread T_30;
    .scope S_0x55555b840240;
T_31 ;
    %wait E_0x55555b78b920;
    %load/vec4 v0x55555b840630_0;
    %flag_set/vec4 8;
    %jmp/0xz  T_31.0, 8;
    %load/vec4 v0x55555b840570_0;
    %assign/vec4 v0x55555b840700_0, 0;
T_31.0 ;
    %jmp T_31;
    .thread T_31;
    .scope S_0x55555b7add20;
T_32 ;
    %pushi/vec4 0, 0, 1;
    %store/vec4 v0x55555b841810_0, 0, 1;
    %end;
    .thread T_32;
    .scope S_0x55555b7add20;
T_33 ;
    %wait E_0x55555b749d80;
    %load/vec4 v0x55555b841750_0;
    %assign/vec4 v0x55555b841810_0, 0;
    %jmp T_33;
    .thread T_33;
    .scope S_0x55555b7ad110;
T_34 ;
    %pushi/vec4 0, 0, 1;
    %store/vec4 v0x55555b841bc0_0, 0, 1;
    %end;
    .thread T_34;
    .scope S_0x55555b7ad110;
T_35 ;
    %wait E_0x55555b74fd80;
    %load/vec4 v0x55555b841af0_0;
    %flag_set/vec4 8;
    %jmp/0xz  T_35.0, 8;
    %load/vec4 v0x55555b841a30_0;
    %assign/vec4 v0x55555b841bc0_0, 0;
T_35.0 ;
    %jmp T_35;
    .thread T_35;
    .scope S_0x55555b7ac500;
T_36 ;
    %pushi/vec4 0, 0, 1;
    %store/vec4 v0x55555b841fb0_0, 0, 1;
    %end;
    .thread T_36;
    .scope S_0x55555b7ac500;
T_37 ;
    %wait E_0x55555b74a1e0;
    %load/vec4 v0x55555b842070_0;
    %flag_set/vec4 8;
    %jmp/0xz  T_37.0, 8;
    %pushi/vec4 0, 0, 1;
    %assign/vec4 v0x55555b841fb0_0, 0;
    %jmp T_37.1;
T_37.0 ;
    %load/vec4 v0x55555b841f10_0;
    %flag_set/vec4 8;
    %jmp/0xz  T_37.2, 8;
    %load/vec4 v0x55555b841e50_0;
    %assign/vec4 v0x55555b841fb0_0, 0;
T_37.2 ;
T_37.1 ;
    %jmp T_37;
    .thread T_37;
    .scope S_0x55555b7ab8f0;
T_38 ;
    %pushi/vec4 0, 0, 1;
    %store/vec4 v0x55555b8424a0_0, 0, 1;
    %end;
    .thread T_38;
    .scope S_0x55555b7ab8f0;
T_39 ;
    %wait E_0x55555b7534b0;
    %load/vec4 v0x55555b842560_0;
    %flag_set/vec4 8;
    %jmp/0xz  T_39.0, 8;
    %pushi/vec4 1, 0, 1;
    %assign/vec4 v0x55555b8424a0_0, 0;
    %jmp T_39.1;
T_39.0 ;
    %load/vec4 v0x55555b842400_0;
    %flag_set/vec4 8;
    %jmp/0xz  T_39.2, 8;
    %load/vec4 v0x55555b842340_0;
    %assign/vec4 v0x55555b8424a0_0, 0;
T_39.2 ;
T_39.1 ;
    %jmp T_39;
    .thread T_39;
    .scope S_0x55555b7aace0;
T_40 ;
    %pushi/vec4 0, 0, 1;
    %store/vec4 v0x55555b8429d0_0, 0, 1;
    %end;
    .thread T_40;
    .scope S_0x55555b7aace0;
T_41 ;
    %wait E_0x55555b842710;
    %load/vec4 v0x55555b842930_0;
    %flag_set/vec4 8;
    %jmp/0xz  T_41.0, 8;
    %load/vec4 v0x55555b842a90_0;
    %flag_set/vec4 8;
    %jmp/0xz  T_41.2, 8;
    %pushi/vec4 0, 0, 1;
    %assign/vec4 v0x55555b8429d0_0, 0;
    %jmp T_41.3;
T_41.2 ;
    %load/vec4 v0x55555b842870_0;
    %assign/vec4 v0x55555b8429d0_0, 0;
T_41.3 ;
T_41.0 ;
    %jmp T_41;
    .thread T_41;
    .scope S_0x55555b7aa0d0;
T_42 ;
    %pushi/vec4 0, 0, 1;
    %store/vec4 v0x55555b842f00_0, 0, 1;
    %end;
    .thread T_42;
    .scope S_0x55555b7aa0d0;
T_43 ;
    %wait E_0x55555b842c40;
    %load/vec4 v0x55555b842e60_0;
    %flag_set/vec4 8;
    %jmp/0xz  T_43.0, 8;
    %load/vec4 v0x55555b842fc0_0;
    %flag_set/vec4 8;
    %jmp/0xz  T_43.2, 8;
    %pushi/vec4 1, 0, 1;
    %assign/vec4 v0x55555b842f00_0, 0;
    %jmp T_43.3;
T_43.2 ;
    %load/vec4 v0x55555b842da0_0;
    %assign/vec4 v0x55555b842f00_0, 0;
T_43.3 ;
T_43.0 ;
    %jmp T_43;
    .thread T_43;
    .scope S_0x55555b7a94c0;
T_44 ;
    %pushi/vec4 0, 0, 1;
    %store/vec4 v0x55555b843390_0, 0, 1;
    %end;
    .thread T_44;
    .scope S_0x55555b7a94c0;
T_45 ;
    %wait E_0x55555b843170;
    %load/vec4 v0x55555b8432d0_0;
    %assign/vec4 v0x55555b843390_0, 0;
    %jmp T_45;
    .thread T_45;
    .scope S_0x55555b7a88b0;
T_46 ;
    %pushi/vec4 0, 0, 1;
    %store/vec4 v0x55555b843780_0, 0, 1;
    %end;
    .thread T_46;
    .scope S_0x55555b7a88b0;
T_47 ;
    %wait E_0x55555b8434b0;
    %load/vec4 v0x55555b8436b0_0;
    %flag_set/vec4 8;
    %jmp/0xz  T_47.0, 8;
    %load/vec4 v0x55555b8435f0_0;
    %assign/vec4 v0x55555b843780_0, 0;
T_47.0 ;
    %jmp T_47;
    .thread T_47;
    .scope S_0x55555b7a7ca0;
T_48 ;
    %pushi/vec4 0, 0, 1;
    %store/vec4 v0x55555b843bb0_0, 0, 1;
    %end;
    .thread T_48;
    .scope S_0x55555b7a7ca0;
T_49 ;
    %wait E_0x55555b8438f0;
    %load/vec4 v0x55555b843c70_0;
    %flag_set/vec4 8;
    %jmp/0xz  T_49.0, 8;
    %pushi/vec4 0, 0, 1;
    %assign/vec4 v0x55555b843bb0_0, 0;
    %jmp T_49.1;
T_49.0 ;
    %load/vec4 v0x55555b843b10_0;
    %flag_set/vec4 8;
    %jmp/0xz  T_49.2, 8;
    %load/vec4 v0x55555b843a50_0;
    %assign/vec4 v0x55555b843bb0_0, 0;
T_49.2 ;
T_49.1 ;
    %jmp T_49;
    .thread T_49;
    .scope S_0x55555b7a7090;
T_50 ;
    %pushi/vec4 0, 0, 1;
    %store/vec4 v0x55555b8440e0_0, 0, 1;
    %end;
    .thread T_50;
    .scope S_0x55555b7a7090;
T_51 ;
    %wait E_0x55555b843e20;
    %load/vec4 v0x55555b8441a0_0;
    %flag_set/vec4 8;
    %jmp/0xz  T_51.0, 8;
    %pushi/vec4 1, 0, 1;
    %assign/vec4 v0x55555b8440e0_0, 0;
    %jmp T_51.1;
T_51.0 ;
    %load/vec4 v0x55555b844040_0;
    %flag_set/vec4 8;
    %jmp/0xz  T_51.2, 8;
    %load/vec4 v0x55555b843f80_0;
    %assign/vec4 v0x55555b8440e0_0, 0;
T_51.2 ;
T_51.1 ;
    %jmp T_51;
    .thread T_51;
    .scope S_0x55555b7a6480;
T_52 ;
    %pushi/vec4 0, 0, 1;
    %store/vec4 v0x55555b844610_0, 0, 1;
    %end;
    .thread T_52;
    .scope S_0x55555b7a6480;
T_53 ;
    %wait E_0x55555b844350;
    %load/vec4 v0x55555b844570_0;
    %flag_set/vec4 8;
    %jmp/0xz  T_53.0, 8;
    %load/vec4 v0x55555b8446d0_0;
    %flag_set/vec4 8;
    %jmp/0xz  T_53.2, 8;
    %pushi/vec4 0, 0, 1;
    %assign/vec4 v0x55555b844610_0, 0;
    %jmp T_53.3;
T_53.2 ;
    %load/vec4 v0x55555b8444b0_0;
    %assign/vec4 v0x55555b844610_0, 0;
T_53.3 ;
T_53.0 ;
    %jmp T_53;
    .thread T_53;
    .scope S_0x55555b80a2f0;
T_54 ;
    %pushi/vec4 0, 0, 1;
    %store/vec4 v0x55555b844b40_0, 0, 1;
    %end;
    .thread T_54;
    .scope S_0x55555b80a2f0;
T_55 ;
    %wait E_0x55555b844880;
    %load/vec4 v0x55555b844aa0_0;
    %flag_set/vec4 8;
    %jmp/0xz  T_55.0, 8;
    %load/vec4 v0x55555b844c00_0;
    %flag_set/vec4 8;
    %jmp/0xz  T_55.2, 8;
    %pushi/vec4 1, 0, 1;
    %assign/vec4 v0x55555b844b40_0, 0;
    %jmp T_55.3;
T_55.2 ;
    %load/vec4 v0x55555b8449e0_0;
    %assign/vec4 v0x55555b844b40_0, 0;
T_55.3 ;
T_55.0 ;
    %jmp T_55;
    .thread T_55;
    .scope S_0x55555b809f00;
T_56 ;
    %pushi/vec4 0, 0, 1;
    %store/vec4 v0x55555b844fd0_0, 0, 1;
    %end;
    .thread T_56;
    .scope S_0x55555b809f00;
T_57 ;
    %wait E_0x55555b844db0;
    %load/vec4 v0x55555b845070_0;
    %flag_set/vec4 8;
    %jmp/0xz  T_57.0, 8;
    %pushi/vec4 0, 0, 1;
    %assign/vec4 v0x55555b844fd0_0, 0;
    %jmp T_57.1;
T_57.0 ;
    %load/vec4 v0x55555b844f10_0;
    %assign/vec4 v0x55555b844fd0_0, 0;
T_57.1 ;
    %jmp T_57;
    .thread T_57;
    .scope S_0x55555b7f84d0;
T_58 ;
    %pushi/vec4 0, 0, 1;
    %store/vec4 v0x55555b845400_0, 0, 1;
    %end;
    .thread T_58;
    .scope S_0x55555b7f84d0;
T_59 ;
    %wait E_0x55555b8451e0;
    %load/vec4 v0x55555b8454a0_0;
    %flag_set/vec4 8;
    %jmp/0xz  T_59.0, 8;
    %pushi/vec4 1, 0, 1;
    %assign/vec4 v0x55555b845400_0, 0;
    %jmp T_59.1;
T_59.0 ;
    %load/vec4 v0x55555b845340_0;
    %assign/vec4 v0x55555b845400_0, 0;
T_59.1 ;
    %jmp T_59;
    .thread T_59;
    .scope S_0x55555b7e6970;
T_60 ;
    %pushi/vec4 0, 0, 1;
    %store/vec4 v0x55555b845830_0, 0, 1;
    %end;
    .thread T_60;
    .scope S_0x55555b7e6970;
T_61 ;
    %wait E_0x55555b845610;
    %load/vec4 v0x55555b8458d0_0;
    %flag_set/vec4 8;
    %jmp/0xz  T_61.0, 8;
    %pushi/vec4 0, 0, 1;
    %assign/vec4 v0x55555b845830_0, 0;
    %jmp T_61.1;
T_61.0 ;
    %load/vec4 v0x55555b845770_0;
    %assign/vec4 v0x55555b845830_0, 0;
T_61.1 ;
    %jmp T_61;
    .thread T_61;
    .scope S_0x55555b7e6580;
T_62 ;
    %pushi/vec4 0, 0, 1;
    %store/vec4 v0x55555b845c60_0, 0, 1;
    %end;
    .thread T_62;
    .scope S_0x55555b7e6580;
T_63 ;
    %wait E_0x55555b845a40;
    %load/vec4 v0x55555b845d00_0;
    %flag_set/vec4 8;
    %jmp/0xz  T_63.0, 8;
    %pushi/vec4 1, 0, 1;
    %assign/vec4 v0x55555b845c60_0, 0;
    %jmp T_63.1;
T_63.0 ;
    %load/vec4 v0x55555b845ba0_0;
    %assign/vec4 v0x55555b845c60_0, 0;
T_63.1 ;
    %jmp T_63;
    .thread T_63;
    .scope S_0x55555b7e5db0;
T_64 ;
    %pushi/vec4 0, 0, 1;
    %store/vec4 v0x55555b846090_0, 0, 1;
    %end;
    .thread T_64;
    .scope S_0x55555b7e5db0;
T_65 ;
    %wait E_0x55555b845e70;
    %load/vec4 v0x55555b846130_0;
    %flag_set/vec4 8;
    %jmp/0xz  T_65.0, 8;
    %pushi/vec4 0, 0, 1;
    %assign/vec4 v0x55555b846090_0, 0;
    %jmp T_65.1;
T_65.0 ;
    %load/vec4 v0x55555b845fd0_0;
    %assign/vec4 v0x55555b846090_0, 0;
T_65.1 ;
    %jmp T_65;
    .thread T_65;
    .scope S_0x55555b7e0bc0;
T_66 ;
    %pushi/vec4 0, 0, 1;
    %store/vec4 v0x55555b8464c0_0, 0, 1;
    %end;
    .thread T_66;
    .scope S_0x55555b7e0bc0;
T_67 ;
    %wait E_0x55555b8462a0;
    %load/vec4 v0x55555b846560_0;
    %flag_set/vec4 8;
    %jmp/0xz  T_67.0, 8;
    %pushi/vec4 1, 0, 1;
    %assign/vec4 v0x55555b8464c0_0, 0;
    %jmp T_67.1;
T_67.0 ;
    %load/vec4 v0x55555b846400_0;
    %assign/vec4 v0x55555b8464c0_0, 0;
T_67.1 ;
    %jmp T_67;
    .thread T_67;
    .scope S_0x55555b7db570;
T_68 ;
    %pushi/vec4 0, 0, 1;
    %store/vec4 v0x55555b8468f0_0, 0, 1;
    %end;
    .thread T_68;
    .scope S_0x55555b7db570;
T_69 ;
    %wait E_0x55555b8466d0;
    %load/vec4 v0x55555b846990_0;
    %flag_set/vec4 8;
    %jmp/0xz  T_69.0, 8;
    %pushi/vec4 0, 0, 1;
    %assign/vec4 v0x55555b8468f0_0, 0;
    %jmp T_69.1;
T_69.0 ;
    %load/vec4 v0x55555b846830_0;
    %assign/vec4 v0x55555b8468f0_0, 0;
T_69.1 ;
    %jmp T_69;
    .thread T_69;
    .scope S_0x55555b7c3570;
T_70 ;
    %pushi/vec4 0, 0, 1;
    %store/vec4 v0x55555b846d20_0, 0, 1;
    %end;
    .thread T_70;
    .scope S_0x55555b7c3570;
T_71 ;
    %wait E_0x55555b846b00;
    %load/vec4 v0x55555b846dc0_0;
    %flag_set/vec4 8;
    %jmp/0xz  T_71.0, 8;
    %pushi/vec4 1, 0, 1;
    %assign/vec4 v0x55555b846d20_0, 0;
    %jmp T_71.1;
T_71.0 ;
    %load/vec4 v0x55555b846c60_0;
    %assign/vec4 v0x55555b846d20_0, 0;
T_71.1 ;
    %jmp T_71;
    .thread T_71;
    .scope S_0x55555b847880;
T_72 ;
    %wait E_0x55555b847ba0;
    %load/vec4 v0x55555b848610_0;
    %assign/vec4 v0x55555b8486d0_0, 0;
    %jmp T_72;
    .thread T_72;
    .scope S_0x55555b847880;
T_73 ;
    %wait E_0x55555b847ba0;
    %load/vec4 v0x55555b848610_0;
    %flag_set/vec4 8;
    %jmp/0xz  T_73.0, 8;
    %load/vec4 v0x55555b8483b0_0;
    %assign/vec4 v0x55555b8489d0_0, 0;
T_73.0 ;
    %jmp T_73;
    .thread T_73;
    .scope S_0x55555b847880;
T_74 ;
    %wait E_0x55555b847b40;
    %load/vec4 v0x55555b8486d0_0;
    %flag_set/vec4 8;
    %jmp/0xz  T_74.0, 8;
    %load/vec4 v0x55555b8483b0_0;
    %assign/vec4 v0x55555b848a90_0, 0;
T_74.0 ;
    %jmp T_74;
    .thread T_74;
    .scope S_0x55555b847880;
T_75 ;
    %wait E_0x55555b847a60;
    %load/vec4 v0x55555b848610_0;
    %assign/vec4 v0x55555b848790_0, 0;
    %jmp T_75;
    .thread T_75;
    .scope S_0x55555b847880;
T_76 ;
    %wait E_0x55555b847a60;
    %load/vec4 v0x55555b848610_0;
    %flag_set/vec4 8;
    %jmp/0xz  T_76.0, 8;
    %load/vec4 v0x55555b847e50_0;
    %assign/vec4 v0x55555b848c10_0, 0;
T_76.0 ;
    %jmp T_76;
    .thread T_76;
    .scope S_0x55555b847880;
T_77 ;
    %wait E_0x55555b847ae0;
    %load/vec4 v0x55555b848790_0;
    %flag_set/vec4 8;
    %jmp/0xz  T_77.0, 8;
    %load/vec4 v0x55555b847f10_0;
    %assign/vec4 v0x55555b848cd0_0, 0;
T_77.0 ;
    %jmp T_77;
    .thread T_77;
    .scope S_0x55555b847880;
T_78 ;
    %wait E_0x55555b847a60;
    %load/vec4 v0x55555b848610_0;
    %flag_set/vec4 8;
    %jmp/0xz  T_78.0, 8;
    %load/vec4 v0x55555b848260_0;
    %assign/vec4 v0x55555b848f10_0, 0;
T_78.0 ;
    %jmp T_78;
    .thread T_78;
    .scope S_0x55555b847310;
T_79 ;
    %wait E_0x55555b8477f0;
    %load/vec4 v0x55555b8489d0_0;
    %store/vec4 v0x55555b848850_0, 0, 1;
    %load/vec4 v0x55555b848a90_0;
    %store/vec4 v0x55555b848910_0, 0, 1;
    %jmp T_79;
    .thread T_79, $push;
    .scope S_0x55555b847310;
T_80 ;
    %wait E_0x55555b847790;
    %load/vec4 v0x55555b8481a0_0;
    %assign/vec4 v0x55555b848d90_0, 0;
    %jmp T_80;
    .thread T_80, $push;
    .scope S_0x55555b847310;
T_81 ;
    %wait E_0x55555b847730;
    %load/vec4 v0x55555b848d90_0;
    %assign/vec4 v0x55555b848e50_0, 0;
    %jmp T_81;
    .thread T_81, $push;
    .scope S_0x55555b847310;
T_82 ;
    %wait E_0x55555b8476d0;
    %load/vec4 v0x55555b848e50_0;
    %pushi/vec4 0, 0, 1;
    %xor;
    %flag_set/vec4 8;
    %jmp/1 T_82.2, 8;
    %pushi/vec4 0, 0, 1;
    %flag_set/vec4 9;
    %flag_or 8, 9;
T_82.2;
    %jmp/0 T_82.0, 8;
    %load/vec4 v0x55555b848c10_0;
    %jmp/1 T_82.1, 8;
T_82.0 ; End of true expr.
    %load/vec4 v0x55555b848cd0_0;
    %jmp/0 T_82.1, 8;
 ; End of false expr.
    %blend;
T_82.1;
    %store/vec4 v0x55555b848b50_0, 0, 1;
    %jmp T_82;
    .thread T_82, $push;
    .scope S_0x55555b84cbd0;
T_83 ;
    %wait E_0x55555b84cea0;
    %load/vec4 v0x55555b84cf30_0;
    %flag_set/vec4 8;
    %jmp/0xz  T_83.0, 8;
    %load/vec4 v0x55555b84d620_0;
    %assign/vec4 v0x55555b84d9e0_0, 0;
T_83.0 ;
    %jmp T_83;
    .thread T_83;
    .scope S_0x55555b84cbd0;
T_84 ;
    %wait E_0x55555b84ce40;
    %load/vec4 v0x55555b84cf30_0;
    %flag_set/vec4 8;
    %jmp/0xz  T_84.0, 8;
    %load/vec4 v0x55555b84d620_0;
    %assign/vec4 v0x55555b84daa0_0, 0;
T_84.0 ;
    %jmp T_84;
    .thread T_84;
    .scope S_0x55555b84cbd0;
T_85 ;
    %wait E_0x55555b84cd60;
    %load/vec4 v0x55555b84cf30_0;
    %flag_set/vec4 8;
    %jmp/0xz  T_85.0, 8;
    %load/vec4 v0x55555b84d150_0;
    %assign/vec4 v0x55555b84dc20_0, 0;
T_85.0 ;
    %jmp T_85;
    .thread T_85;
    .scope S_0x55555b84cbd0;
T_86 ;
    %wait E_0x55555b84cde0;
    %load/vec4 v0x55555b84cf30_0;
    %flag_set/vec4 8;
    %jmp/0xz  T_86.0, 8;
    %load/vec4 v0x55555b84d210_0;
    %assign/vec4 v0x55555b84dce0_0, 0;
T_86.0 ;
    %jmp T_86;
    .thread T_86;
    .scope S_0x55555b84cbd0;
T_87 ;
    %wait E_0x55555b84cd60;
    %load/vec4 v0x55555b84cf30_0;
    %flag_set/vec4 8;
    %jmp/0xz  T_87.0, 8;
    %load/vec4 v0x55555b84d560_0;
    %assign/vec4 v0x55555b84df20_0, 0;
T_87.0 ;
    %jmp T_87;
    .thread T_87;
    .scope S_0x55555b7bca30;
T_88 ;
    %wait E_0x55555b84cb40;
    %load/vec4 v0x55555b84d9e0_0;
    %store/vec4 v0x55555b84d860_0, 0, 1;
    %load/vec4 v0x55555b84daa0_0;
    %store/vec4 v0x55555b84d920_0, 0, 1;
    %jmp T_88;
    .thread T_88, $push;
    .scope S_0x55555b7bca30;
T_89 ;
    %wait E_0x55555b84cae0;
    %load/vec4 v0x55555b84d4a0_0;
    %assign/vec4 v0x55555b84dda0_0, 0;
    %jmp T_89;
    .thread T_89, $push;
    .scope S_0x55555b7bca30;
T_90 ;
    %wait E_0x55555b84ca80;
    %load/vec4 v0x55555b84dda0_0;
    %assign/vec4 v0x55555b84de60_0, 0;
    %jmp T_90;
    .thread T_90, $push;
    .scope S_0x55555b7bca30;
T_91 ;
    %wait E_0x55555b84ca00;
    %load/vec4 v0x55555b84de60_0;
    %pushi/vec4 0, 0, 1;
    %xor;
    %flag_set/vec4 8;
    %jmp/1 T_91.2, 8;
    %pushi/vec4 0, 0, 1;
    %flag_set/vec4 9;
    %flag_or 8, 9;
T_91.2;
    %jmp/0 T_91.0, 8;
    %load/vec4 v0x55555b84dc20_0;
    %jmp/1 T_91.1, 8;
T_91.0 ; End of true expr.
    %load/vec4 v0x55555b84dce0_0;
    %jmp/0 T_91.1, 8;
 ; End of false expr.
    %blend;
T_91.1;
    %store/vec4 v0x55555b84db60_0, 0, 1;
    %jmp T_91;
    .thread T_91, $push;
    .scope S_0x55555b84e330;
T_92 ;
    %wait E_0x55555b84e600;
    %load/vec4 v0x55555b84e690_0;
    %flag_set/vec4 8;
    %jmp/0xz  T_92.0, 8;
    %load/vec4 v0x55555b84ed80_0;
    %assign/vec4 v0x55555b84efc0_0, 0;
T_92.0 ;
    %jmp T_92;
    .thread T_92;
    .scope S_0x55555b84e330;
T_93 ;
    %wait E_0x55555b84e5a0;
    %load/vec4 v0x55555b84e690_0;
    %flag_set/vec4 8;
    %jmp/0xz  T_93.0, 8;
    %load/vec4 v0x55555b84ed80_0;
    %assign/vec4 v0x55555b84f080_0, 0;
T_93.0 ;
    %jmp T_93;
    .thread T_93;
    .scope S_0x55555b84e330;
T_94 ;
    %wait E_0x55555b84e4c0;
    %load/vec4 v0x55555b84e690_0;
    %flag_set/vec4 8;
    %jmp/0xz  T_94.0, 8;
    %load/vec4 v0x55555b84e8b0_0;
    %assign/vec4 v0x55555b84f200_0, 0;
T_94.0 ;
    %jmp T_94;
    .thread T_94;
    .scope S_0x55555b84e330;
T_95 ;
    %wait E_0x55555b84e540;
    %load/vec4 v0x55555b84e690_0;
    %flag_set/vec4 8;
    %jmp/0xz  T_95.0, 8;
    %load/vec4 v0x55555b84e970_0;
    %assign/vec4 v0x55555b84f2c0_0, 0;
T_95.0 ;
    %jmp T_95;
    .thread T_95;
    .scope S_0x55555b84e330;
T_96 ;
    %wait E_0x55555b84e4c0;
    %load/vec4 v0x55555b84e690_0;
    %flag_set/vec4 8;
    %jmp/0xz  T_96.0, 8;
    %load/vec4 v0x55555b84ecc0_0;
    %assign/vec4 v0x55555b84f610_0, 0;
T_96.0 ;
    %jmp T_96;
    .thread T_96;
    .scope S_0x55555b777460;
T_97 ;
    %wait E_0x55555b84e2a0;
    %load/vec4 v0x55555b84efc0_0;
    %store/vec4 v0x55555b84ee40_0, 0, 1;
    %load/vec4 v0x55555b84f080_0;
    %store/vec4 v0x55555b84ef00_0, 0, 1;
    %jmp T_97;
    .thread T_97, $push;
    .scope S_0x55555b777460;
T_98 ;
    %wait E_0x55555b84e240;
    %load/vec4 v0x55555b84ec00_0;
    %assign/vec4 v0x55555b84f490_0, 0;
    %jmp T_98;
    .thread T_98, $push;
    .scope S_0x55555b777460;
T_99 ;
    %wait E_0x55555b84e1e0;
    %load/vec4 v0x55555b84f490_0;
    %assign/vec4 v0x55555b84f550_0, 0;
    %jmp T_99;
    .thread T_99, $push;
    .scope S_0x55555b777460;
T_100 ;
    %wait E_0x55555b84e160;
    %load/vec4 v0x55555b84f550_0;
    %pushi/vec4 0, 0, 1;
    %xor;
    %flag_set/vec4 8;
    %jmp/1 T_100.2, 8;
    %pushi/vec4 0, 0, 1;
    %flag_set/vec4 9;
    %flag_or 8, 9;
T_100.2;
    %jmp/0 T_100.0, 8;
    %load/vec4 v0x55555b84f200_0;
    %jmp/1 T_100.1, 8;
T_100.0 ; End of true expr.
    %load/vec4 v0x55555b84f2c0_0;
    %jmp/0 T_100.1, 8;
 ; End of false expr.
    %blend;
T_100.1;
    %store/vec4 v0x55555b84f140_0, 0, 1;
    %jmp T_100;
    .thread T_100, $push;
    .scope S_0x55555b7387c0;
T_101 ;
    %wait E_0x55555b851f70;
    %load/vec4 v0x55555b853300_0;
    %flag_set/vec4 8;
    %jmp/0xz  T_101.0, 8;
    %pushi/vec4 0, 0, 16;
    %assign/vec4 v0x55555b858f70_0, 0;
    %pushi/vec4 0, 0, 16;
    %assign/vec4 v0x55555b858db0_0, 0;
    %jmp T_101.1;
T_101.0 ;
    %load/vec4 v0x55555b852b10_0;
    %flag_set/vec4 8;
    %jmp/0xz  T_101.2, 8;
    %load/vec4 v0x55555b852bd0_0;
    %nor/r;
    %flag_set/vec4 8;
    %jmp/0xz  T_101.4, 8;
    %load/vec4 v0x55555b852a30_0;
    %assign/vec4 v0x55555b858f70_0, 0;
T_101.4 ;
    %load/vec4 v0x55555b8523c0_0;
    %nor/r;
    %flag_set/vec4 8;
    %jmp/0xz  T_101.6, 8;
    %load/vec4 v0x55555b852000_0;
    %assign/vec4 v0x55555b858db0_0, 0;
T_101.6 ;
T_101.2 ;
T_101.1 ;
    %jmp T_101;
    .thread T_101;
    .scope S_0x55555b7387c0;
T_102 ;
    %wait E_0x55555b851f10;
    %load/vec4 v0x55555b853240_0;
    %flag_set/vec4 8;
    %jmp/0xz  T_102.0, 8;
    %pushi/vec4 0, 0, 16;
    %assign/vec4 v0x55555b858e90_0, 0;
    %pushi/vec4 0, 0, 16;
    %assign/vec4 v0x55555b859050_0, 0;
    %jmp T_102.1;
T_102.0 ;
    %load/vec4 v0x55555b852b10_0;
    %flag_set/vec4 8;
    %jmp/0xz  T_102.2, 8;
    %load/vec4 v0x55555b8527b0_0;
    %nor/r;
    %flag_set/vec4 8;
    %jmp/0xz  T_102.4, 8;
    %load/vec4 v0x55555b852640_0;
    %assign/vec4 v0x55555b858e90_0, 0;
T_102.4 ;
    %load/vec4 v0x55555b8530c0_0;
    %nor/r;
    %flag_set/vec4 8;
    %jmp/0xz  T_102.6, 8;
    %load/vec4 v0x55555b852fe0_0;
    %assign/vec4 v0x55555b859050_0, 0;
T_102.6 ;
T_102.2 ;
T_102.1 ;
    %jmp T_102;
    .thread T_102;
    .scope S_0x55555b7387c0;
T_103 ;
    %wait E_0x55555b851f70;
    %load/vec4 v0x55555b853300_0;
    %flag_set/vec4 8;
    %jmp/0xz  T_103.0, 8;
    %pushi/vec4 0, 0, 16;
    %assign/vec4 v0x55555b859940_0, 0;
    %pushi/vec4 0, 0, 16;
    %assign/vec4 v0x55555b859be0_0, 0;
    %jmp T_103.1;
T_103.0 ;
    %load/vec4 v0x55555b852b10_0;
    %flag_set/vec4 8;
    %jmp/0xz  T_103.2, 8;
    %load/vec4 v0x55555b858a30_0;
    %assign/vec4 v0x55555b859940_0, 0;
    %load/vec4 v0x55555b858bf0_0;
    %assign/vec4 v0x55555b859be0_0, 0;
T_103.2 ;
T_103.1 ;
    %jmp T_103;
    .thread T_103;
    .scope S_0x55555b7387c0;
T_104 ;
    %wait E_0x55555b851f10;
    %load/vec4 v0x55555b853240_0;
    %flag_set/vec4 8;
    %jmp/0xz  T_104.0, 8;
    %pushi/vec4 0, 0, 16;
    %assign/vec4 v0x55555b859cc0_0, 0;
    %pushi/vec4 0, 0, 16;
    %assign/vec4 v0x55555b859a20_0, 0;
    %jmp T_104.1;
T_104.0 ;
    %load/vec4 v0x55555b852b10_0;
    %flag_set/vec4 8;
    %jmp/0xz  T_104.2, 8;
    %load/vec4 v0x55555b858b10_0;
    %assign/vec4 v0x55555b859cc0_0, 0;
    %load/vec4 v0x55555b858cd0_0;
    %assign/vec4 v0x55555b859a20_0, 0;
T_104.2 ;
T_104.1 ;
    %jmp T_104;
    .thread T_104;
    .scope S_0x55555b7387c0;
T_105 ;
    %wait E_0x55555b851f10;
    %load/vec4 v0x55555b853240_0;
    %flag_set/vec4 8;
    %jmp/0xz  T_105.0, 8;
    %pushi/vec4 0, 0, 32;
    %assign/vec4 v0x55555b859b00_0, 0;
    %jmp T_105.1;
T_105.0 ;
    %load/vec4 v0x55555b852b10_0;
    %flag_set/vec4 8;
    %jmp/0xz  T_105.2, 8;
    %load/vec4 v0x55555b858250_0;
    %assign/vec4 v0x55555b859b00_0, 0;
T_105.2 ;
T_105.1 ;
    %jmp T_105;
    .thread T_105;
    .scope S_0x55555b7387c0;
T_106 ;
    %wait E_0x55555b851eb0;
    %load/vec4 v0x55555b8539e0_0;
    %flag_set/vec4 8;
    %jmp/0xz  T_106.0, 8;
    %pushi/vec4 0, 0, 16;
    %assign/vec4 v0x55555b859da0_0, 0;
    %jmp T_106.1;
T_106.0 ;
    %load/vec4 v0x55555b852b10_0;
    %flag_set/vec4 8;
    %jmp/0xz  T_106.2, 8;
    %load/vec4 v0x55555b8536e0_0;
    %nor/r;
    %flag_set/vec4 8;
    %jmp/0xz  T_106.4, 8;
    %load/vec4 v0x55555b858330_0;
    %assign/vec4 v0x55555b859da0_0, 0;
T_106.4 ;
T_106.2 ;
T_106.1 ;
    %jmp T_106;
    .thread T_106;
    .scope S_0x55555b7387c0;
T_107 ;
    %wait E_0x55555b851e30;
    %load/vec4 v0x55555b853920_0;
    %flag_set/vec4 8;
    %jmp/0xz  T_107.0, 8;
    %pushi/vec4 0, 0, 16;
    %assign/vec4 v0x55555b859e80_0, 0;
    %jmp T_107.1;
T_107.0 ;
    %load/vec4 v0x55555b852b10_0;
    %flag_set/vec4 8;
    %jmp/0xz  T_107.2, 8;
    %load/vec4 v0x55555b853620_0;
    %nor/r;
    %flag_set/vec4 8;
    %jmp/0xz  T_107.4, 8;
    %load/vec4 v0x55555b8584f0_0;
    %assign/vec4 v0x55555b859e80_0, 0;
T_107.4 ;
T_107.2 ;
T_107.1 ;
    %jmp T_107;
    .thread T_107;
    .scope S_0x55555b85e040;
T_108 ;
    %pushi/vec4 0, 0, 32;
    %store/vec4 v0x55555b8612f0_0, 0, 32;
T_108.0 ; Top of for-loop
    %load/vec4 v0x55555b8612f0_0;
    %cmpi/s 16, 0, 32;
	  %jmp/0xz T_108.1, 5;
    %pushi/vec4 0, 0, 256;
    %load/vec4 v0x55555b8612f0_0;
    %muli 16, 0, 32;
    %part/s 16;
    %pushi/vec4 0, 0, 32;
    %load/vec4 v0x55555b8612f0_0;
    %add;
    %ix/vec4/s 4;
    %store/vec4a v0x55555b8613d0, 4, 0;
    %pushi/vec4 0, 0, 256;
    %load/vec4 v0x55555b8612f0_0;
    %muli 16, 0, 32;
    %part/s 16;
    %pushi/vec4 16, 0, 32;
    %load/vec4 v0x55555b8612f0_0;
    %add;
    %ix/vec4/s 4;
    %store/vec4a v0x55555b8613d0, 4, 0;
    %pushi/vec4 0, 0, 256;
    %load/vec4 v0x55555b8612f0_0;
    %muli 16, 0, 32;
    %part/s 16;
    %pushi/vec4 32, 0, 32;
    %load/vec4 v0x55555b8612f0_0;
    %add;
    %ix/vec4/s 4;
    %store/vec4a v0x55555b8613d0, 4, 0;
    %pushi/vec4 0, 0, 256;
    %load/vec4 v0x55555b8612f0_0;
    %muli 16, 0, 32;
    %part/s 16;
    %pushi/vec4 48, 0, 32;
    %load/vec4 v0x55555b8612f0_0;
    %add;
    %ix/vec4/s 4;
    %store/vec4a v0x55555b8613d0, 4, 0;
    %pushi/vec4 0, 0, 256;
    %load/vec4 v0x55555b8612f0_0;
    %muli 16, 0, 32;
    %part/s 16;
    %pushi/vec4 64, 0, 32;
    %load/vec4 v0x55555b8612f0_0;
    %add;
    %ix/vec4/s 4;
    %store/vec4a v0x55555b8613d0, 4, 0;
    %pushi/vec4 0, 0, 256;
    %load/vec4 v0x55555b8612f0_0;
    %muli 16, 0, 32;
    %part/s 16;
    %pushi/vec4 80, 0, 32;
    %load/vec4 v0x55555b8612f0_0;
    %add;
    %ix/vec4/s 4;
    %store/vec4a v0x55555b8613d0, 4, 0;
    %pushi/vec4 0, 0, 256;
    %load/vec4 v0x55555b8612f0_0;
    %muli 16, 0, 32;
    %part/s 16;
    %pushi/vec4 96, 0, 32;
    %load/vec4 v0x55555b8612f0_0;
    %add;
    %ix/vec4/s 4;
    %store/vec4a v0x55555b8613d0, 4, 0;
    %pushi/vec4 0, 0, 256;
    %load/vec4 v0x55555b8612f0_0;
    %muli 16, 0, 32;
    %part/s 16;
    %pushi/vec4 112, 0, 32;
    %load/vec4 v0x55555b8612f0_0;
    %add;
    %ix/vec4/s 4;
    %store/vec4a v0x55555b8613d0, 4, 0;
    %pushi/vec4 0, 0, 256;
    %load/vec4 v0x55555b8612f0_0;
    %muli 16, 0, 32;
    %part/s 16;
    %pushi/vec4 128, 0, 32;
    %load/vec4 v0x55555b8612f0_0;
    %add;
    %ix/vec4/s 4;
    %store/vec4a v0x55555b8613d0, 4, 0;
    %pushi/vec4 0, 0, 256;
    %load/vec4 v0x55555b8612f0_0;
    %muli 16, 0, 32;
    %part/s 16;
    %pushi/vec4 144, 0, 32;
    %load/vec4 v0x55555b8612f0_0;
    %add;
    %ix/vec4/s 4;
    %store/vec4a v0x55555b8613d0, 4, 0;
    %pushi/vec4 0, 0, 256;
    %load/vec4 v0x55555b8612f0_0;
    %muli 16, 0, 32;
    %part/s 16;
    %pushi/vec4 160, 0, 32;
    %load/vec4 v0x55555b8612f0_0;
    %add;
    %ix/vec4/s 4;
    %store/vec4a v0x55555b8613d0, 4, 0;
    %pushi/vec4 0, 0, 256;
    %load/vec4 v0x55555b8612f0_0;
    %muli 16, 0, 32;
    %part/s 16;
    %pushi/vec4 176, 0, 32;
    %load/vec4 v0x55555b8612f0_0;
    %add;
    %ix/vec4/s 4;
    %store/vec4a v0x55555b8613d0, 4, 0;
    %pushi/vec4 0, 0, 256;
    %load/vec4 v0x55555b8612f0_0;
    %muli 16, 0, 32;
    %part/s 16;
    %pushi/vec4 192, 0, 32;
    %load/vec4 v0x55555b8612f0_0;
    %add;
    %ix/vec4/s 4;
    %store/vec4a v0x55555b8613d0, 4, 0;
    %pushi/vec4 0, 0, 256;
    %load/vec4 v0x55555b8612f0_0;
    %muli 16, 0, 32;
    %part/s 16;
    %pushi/vec4 208, 0, 32;
    %load/vec4 v0x55555b8612f0_0;
    %add;
    %ix/vec4/s 4;
    %store/vec4a v0x55555b8613d0, 4, 0;
    %pushi/vec4 0, 0, 256;
    %load/vec4 v0x55555b8612f0_0;
    %muli 16, 0, 32;
    %part/s 16;
    %pushi/vec4 224, 0, 32;
    %load/vec4 v0x55555b8612f0_0;
    %add;
    %ix/vec4/s 4;
    %store/vec4a v0x55555b8613d0, 4, 0;
    %pushi/vec4 0, 0, 256;
    %load/vec4 v0x55555b8612f0_0;
    %muli 16, 0, 32;
    %part/s 16;
    %pushi/vec4 240, 0, 32;
    %load/vec4 v0x55555b8612f0_0;
    %add;
    %ix/vec4/s 4;
    %store/vec4a v0x55555b8613d0, 4, 0;
T_108.2 ; for-loop step statement
    %load/vec4 v0x55555b8612f0_0;
    %addi 1, 0, 32;
    %store/vec4 v0x55555b8612f0_0, 0, 32;
    %jmp T_108.0;
T_108.1 ; for-loop exit label
    %end;
    .thread T_108;
    .scope S_0x55555b85e040;
T_109 ;
    %wait E_0x55555b85fe00;
    %load/vec4 v0x55555b861150_0;
    %flag_set/vec4 9;
    %flag_get/vec4 9;
    %jmp/0 T_109.2, 9;
    %load/vec4 v0x55555b860ed0_0;
    %and;
T_109.2;
    %flag_set/vec4 8;
    %jmp/0xz  T_109.0, 8;
    %load/vec4 v0x55555b861210_0;
    %parti/s 1, 0, 2;
    %nor/r;
    %flag_set/vec4 8;
    %jmp/0xz  T_109.3, 8;
    %load/vec4 v0x55555b861070_0;
    %parti/s 1, 0, 2;
    %load/vec4 v0x55555b860d30_0;
    %parti/s 8, 0, 2;
    %pad/u 10;
    %ix/vec4 3;
    %ix/load 4, 0, 0; Constant delay
    %assign/vec4/a/d v0x55555b8613d0, 0, 4;
T_109.3 ;
    %load/vec4 v0x55555b861210_0;
    %parti/s 1, 1, 2;
    %nor/r;
    %flag_set/vec4 8;
    %jmp/0xz  T_109.5, 8;
    %load/vec4 v0x55555b861070_0;
    %parti/s 1, 1, 2;
    %load/vec4 v0x55555b860d30_0;
    %parti/s 8, 0, 2;
    %pad/u 10;
    %ix/vec4 3;
    %ix/load 4, 1, 0; part off
    %ix/load 5, 0, 0; Constant delay
    %assign/vec4/a/d v0x55555b8613d0, 4, 5;
T_109.5 ;
    %load/vec4 v0x55555b861210_0;
    %parti/s 1, 2, 3;
    %nor/r;
    %flag_set/vec4 8;
    %jmp/0xz  T_109.7, 8;
    %load/vec4 v0x55555b861070_0;
    %parti/s 1, 2, 3;
    %load/vec4 v0x55555b860d30_0;
    %parti/s 8, 0, 2;
    %pad/u 10;
    %ix/vec4 3;
    %ix/load 4, 2, 0; part off
    %ix/load 5, 0, 0; Constant delay
    %assign/vec4/a/d v0x55555b8613d0, 4, 5;
T_109.7 ;
    %load/vec4 v0x55555b861210_0;
    %parti/s 1, 3, 3;
    %nor/r;
    %flag_set/vec4 8;
    %jmp/0xz  T_109.9, 8;
    %load/vec4 v0x55555b861070_0;
    %parti/s 1, 3, 3;
    %load/vec4 v0x55555b860d30_0;
    %parti/s 8, 0, 2;
    %pad/u 10;
    %ix/vec4 3;
    %ix/load 4, 3, 0; part off
    %ix/load 5, 0, 0; Constant delay
    %assign/vec4/a/d v0x55555b8613d0, 4, 5;
T_109.9 ;
    %load/vec4 v0x55555b861210_0;
    %parti/s 1, 4, 4;
    %nor/r;
    %flag_set/vec4 8;
    %jmp/0xz  T_109.11, 8;
    %load/vec4 v0x55555b861070_0;
    %parti/s 1, 4, 4;
    %load/vec4 v0x55555b860d30_0;
    %parti/s 8, 0, 2;
    %pad/u 10;
    %ix/vec4 3;
    %ix/load 4, 4, 0; part off
    %ix/load 5, 0, 0; Constant delay
    %assign/vec4/a/d v0x55555b8613d0, 4, 5;
T_109.11 ;
    %load/vec4 v0x55555b861210_0;
    %parti/s 1, 5, 4;
    %nor/r;
    %flag_set/vec4 8;
    %jmp/0xz  T_109.13, 8;
    %load/vec4 v0x55555b861070_0;
    %parti/s 1, 5, 4;
    %load/vec4 v0x55555b860d30_0;
    %parti/s 8, 0, 2;
    %pad/u 10;
    %ix/vec4 3;
    %ix/load 4, 5, 0; part off
    %ix/load 5, 0, 0; Constant delay
    %assign/vec4/a/d v0x55555b8613d0, 4, 5;
T_109.13 ;
    %load/vec4 v0x55555b861210_0;
    %parti/s 1, 6, 4;
    %nor/r;
    %flag_set/vec4 8;
    %jmp/0xz  T_109.15, 8;
    %load/vec4 v0x55555b861070_0;
    %parti/s 1, 6, 4;
    %load/vec4 v0x55555b860d30_0;
    %parti/s 8, 0, 2;
    %pad/u 10;
    %ix/vec4 3;
    %ix/load 4, 6, 0; part off
    %ix/load 5, 0, 0; Constant delay
    %assign/vec4/a/d v0x55555b8613d0, 4, 5;
T_109.15 ;
    %load/vec4 v0x55555b861210_0;
    %parti/s 1, 7, 4;
    %nor/r;
    %flag_set/vec4 8;
    %jmp/0xz  T_109.17, 8;
    %load/vec4 v0x55555b861070_0;
    %parti/s 1, 7, 4;
    %load/vec4 v0x55555b860d30_0;
    %parti/s 8, 0, 2;
    %pad/u 10;
    %ix/vec4 3;
    %ix/load 4, 7, 0; part off
    %ix/load 5, 0, 0; Constant delay
    %assign/vec4/a/d v0x55555b8613d0, 4, 5;
T_109.17 ;
    %load/vec4 v0x55555b861210_0;
    %parti/s 1, 8, 5;
    %nor/r;
    %flag_set/vec4 8;
    %jmp/0xz  T_109.19, 8;
    %load/vec4 v0x55555b861070_0;
    %parti/s 1, 8, 5;
    %load/vec4 v0x55555b860d30_0;
    %parti/s 8, 0, 2;
    %pad/u 10;
    %ix/vec4 3;
    %ix/load 4, 8, 0; part off
    %ix/load 5, 0, 0; Constant delay
    %assign/vec4/a/d v0x55555b8613d0, 4, 5;
T_109.19 ;
    %load/vec4 v0x55555b861210_0;
    %parti/s 1, 9, 5;
    %nor/r;
    %flag_set/vec4 8;
    %jmp/0xz  T_109.21, 8;
    %load/vec4 v0x55555b861070_0;
    %parti/s 1, 9, 5;
    %load/vec4 v0x55555b860d30_0;
    %parti/s 8, 0, 2;
    %pad/u 10;
    %ix/vec4 3;
    %ix/load 4, 9, 0; part off
    %ix/load 5, 0, 0; Constant delay
    %assign/vec4/a/d v0x55555b8613d0, 4, 5;
T_109.21 ;
    %load/vec4 v0x55555b861210_0;
    %parti/s 1, 10, 5;
    %nor/r;
    %flag_set/vec4 8;
    %jmp/0xz  T_109.23, 8;
    %load/vec4 v0x55555b861070_0;
    %parti/s 1, 10, 5;
    %load/vec4 v0x55555b860d30_0;
    %parti/s 8, 0, 2;
    %pad/u 10;
    %ix/vec4 3;
    %ix/load 4, 10, 0; part off
    %ix/load 5, 0, 0; Constant delay
    %assign/vec4/a/d v0x55555b8613d0, 4, 5;
T_109.23 ;
    %load/vec4 v0x55555b861210_0;
    %parti/s 1, 11, 5;
    %nor/r;
    %flag_set/vec4 8;
    %jmp/0xz  T_109.25, 8;
    %load/vec4 v0x55555b861070_0;
    %parti/s 1, 11, 5;
    %load/vec4 v0x55555b860d30_0;
    %parti/s 8, 0, 2;
    %pad/u 10;
    %ix/vec4 3;
    %ix/load 4, 11, 0; part off
    %ix/load 5, 0, 0; Constant delay
    %assign/vec4/a/d v0x55555b8613d0, 4, 5;
T_109.25 ;
    %load/vec4 v0x55555b861210_0;
    %parti/s 1, 12, 5;
    %nor/r;
    %flag_set/vec4 8;
    %jmp/0xz  T_109.27, 8;
    %load/vec4 v0x55555b861070_0;
    %parti/s 1, 12, 5;
    %load/vec4 v0x55555b860d30_0;
    %parti/s 8, 0, 2;
    %pad/u 10;
    %ix/vec4 3;
    %ix/load 4, 12, 0; part off
    %ix/load 5, 0, 0; Constant delay
    %assign/vec4/a/d v0x55555b8613d0, 4, 5;
T_109.27 ;
    %load/vec4 v0x55555b861210_0;
    %parti/s 1, 13, 5;
    %nor/r;
    %flag_set/vec4 8;
    %jmp/0xz  T_109.29, 8;
    %load/vec4 v0x55555b861070_0;
    %parti/s 1, 13, 5;
    %load/vec4 v0x55555b860d30_0;
    %parti/s 8, 0, 2;
    %pad/u 10;
    %ix/vec4 3;
    %ix/load 4, 13, 0; part off
    %ix/load 5, 0, 0; Constant delay
    %assign/vec4/a/d v0x55555b8613d0, 4, 5;
T_109.29 ;
    %load/vec4 v0x55555b861210_0;
    %parti/s 1, 14, 5;
    %nor/r;
    %flag_set/vec4 8;
    %jmp/0xz  T_109.31, 8;
    %load/vec4 v0x55555b861070_0;
    %parti/s 1, 14, 5;
    %load/vec4 v0x55555b860d30_0;
    %parti/s 8, 0, 2;
    %pad/u 10;
    %ix/vec4 3;
    %ix/load 4, 14, 0; part off
    %ix/load 5, 0, 0; Constant delay
    %assign/vec4/a/d v0x55555b8613d0, 4, 5;
T_109.31 ;
    %load/vec4 v0x55555b861210_0;
    %parti/s 1, 15, 5;
    %nor/r;
    %flag_set/vec4 8;
    %jmp/0xz  T_109.33, 8;
    %load/vec4 v0x55555b861070_0;
    %parti/s 1, 15, 5;
    %load/vec4 v0x55555b860d30_0;
    %parti/s 8, 0, 2;
    %pad/u 10;
    %ix/vec4 3;
    %ix/load 4, 15, 0; part off
    %ix/load 5, 0, 0; Constant delay
    %assign/vec4/a/d v0x55555b8613d0, 4, 5;
T_109.33 ;
T_109.0 ;
    %jmp T_109;
    .thread T_109;
    .scope S_0x55555b85e040;
T_110 ;
    %wait E_0x55555b85fd80;
    %load/vec4 v0x55555b860b90_0;
    %flag_set/vec4 9;
    %flag_get/vec4 9;
    %jmp/0 T_110.2, 9;
    %load/vec4 v0x55555b8608c0_0;
    %and;
T_110.2;
    %flag_set/vec4 8;
    %jmp/0xz  T_110.0, 8;
    %load/vec4 v0x55555b860710_0;
    %parti/s 8, 0, 2;
    %pad/u 10;
    %ix/vec4 4;
    %load/vec4a v0x55555b8613d0, 4;
    %load/vec4 v0x55555b860c50_0;
    %inv;
    %and;
    %assign/vec4 v0x55555b860ab0_0, 0;
T_110.0 ;
    %jmp T_110;
    .thread T_110;
    .scope S_0x55555b8620d0;
T_111 ;
    %pushi/vec4 0, 0, 32;
    %store/vec4 v0x55555b865630_0, 0, 32;
T_111.0 ; Top of for-loop
    %load/vec4 v0x55555b865630_0;
    %cmpi/s 16, 0, 32;
	  %jmp/0xz T_111.1, 5;
    %pushi/vec4 0, 0, 256;
    %load/vec4 v0x55555b865630_0;
    %muli 16, 0, 32;
    %part/s 16;
    %pushi/vec4 0, 0, 32;
    %load/vec4 v0x55555b865630_0;
    %add;
    %ix/vec4/s 4;
    %store/vec4a v0x55555b865710, 4, 0;
    %pushi/vec4 0, 0, 256;
    %load/vec4 v0x55555b865630_0;
    %muli 16, 0, 32;
    %part/s 16;
    %pushi/vec4 16, 0, 32;
    %load/vec4 v0x55555b865630_0;
    %add;
    %ix/vec4/s 4;
    %store/vec4a v0x55555b865710, 4, 0;
    %pushi/vec4 0, 0, 256;
    %load/vec4 v0x55555b865630_0;
    %muli 16, 0, 32;
    %part/s 16;
    %pushi/vec4 32, 0, 32;
    %load/vec4 v0x55555b865630_0;
    %add;
    %ix/vec4/s 4;
    %store/vec4a v0x55555b865710, 4, 0;
    %pushi/vec4 0, 0, 256;
    %load/vec4 v0x55555b865630_0;
    %muli 16, 0, 32;
    %part/s 16;
    %pushi/vec4 48, 0, 32;
    %load/vec4 v0x55555b865630_0;
    %add;
    %ix/vec4/s 4;
    %store/vec4a v0x55555b865710, 4, 0;
    %pushi/vec4 0, 0, 256;
    %load/vec4 v0x55555b865630_0;
    %muli 16, 0, 32;
    %part/s 16;
    %pushi/vec4 64, 0, 32;
    %load/vec4 v0x55555b865630_0;
    %add;
    %ix/vec4/s 4;
    %store/vec4a v0x55555b865710, 4, 0;
    %pushi/vec4 0, 0, 256;
    %load/vec4 v0x55555b865630_0;
    %muli 16, 0, 32;
    %part/s 16;
    %pushi/vec4 80, 0, 32;
    %load/vec4 v0x55555b865630_0;
    %add;
    %ix/vec4/s 4;
    %store/vec4a v0x55555b865710, 4, 0;
    %pushi/vec4 0, 0, 256;
    %load/vec4 v0x55555b865630_0;
    %muli 16, 0, 32;
    %part/s 16;
    %pushi/vec4 96, 0, 32;
    %load/vec4 v0x55555b865630_0;
    %add;
    %ix/vec4/s 4;
    %store/vec4a v0x55555b865710, 4, 0;
    %pushi/vec4 0, 0, 256;
    %load/vec4 v0x55555b865630_0;
    %muli 16, 0, 32;
    %part/s 16;
    %pushi/vec4 112, 0, 32;
    %load/vec4 v0x55555b865630_0;
    %add;
    %ix/vec4/s 4;
    %store/vec4a v0x55555b865710, 4, 0;
    %pushi/vec4 0, 0, 256;
    %load/vec4 v0x55555b865630_0;
    %muli 16, 0, 32;
    %part/s 16;
    %pushi/vec4 128, 0, 32;
    %load/vec4 v0x55555b865630_0;
    %add;
    %ix/vec4/s 4;
    %store/vec4a v0x55555b865710, 4, 0;
    %pushi/vec4 0, 0, 256;
    %load/vec4 v0x55555b865630_0;
    %muli 16, 0, 32;
    %part/s 16;
    %pushi/vec4 144, 0, 32;
    %load/vec4 v0x55555b865630_0;
    %add;
    %ix/vec4/s 4;
    %store/vec4a v0x55555b865710, 4, 0;
    %pushi/vec4 0, 0, 256;
    %load/vec4 v0x55555b865630_0;
    %muli 16, 0, 32;
    %part/s 16;
    %pushi/vec4 160, 0, 32;
    %load/vec4 v0x55555b865630_0;
    %add;
    %ix/vec4/s 4;
    %store/vec4a v0x55555b865710, 4, 0;
    %pushi/vec4 0, 0, 256;
    %load/vec4 v0x55555b865630_0;
    %muli 16, 0, 32;
    %part/s 16;
    %pushi/vec4 176, 0, 32;
    %load/vec4 v0x55555b865630_0;
    %add;
    %ix/vec4/s 4;
    %store/vec4a v0x55555b865710, 4, 0;
    %pushi/vec4 0, 0, 256;
    %load/vec4 v0x55555b865630_0;
    %muli 16, 0, 32;
    %part/s 16;
    %pushi/vec4 192, 0, 32;
    %load/vec4 v0x55555b865630_0;
    %add;
    %ix/vec4/s 4;
    %store/vec4a v0x55555b865710, 4, 0;
    %pushi/vec4 0, 0, 256;
    %load/vec4 v0x55555b865630_0;
    %muli 16, 0, 32;
    %part/s 16;
    %pushi/vec4 208, 0, 32;
    %load/vec4 v0x55555b865630_0;
    %add;
    %ix/vec4/s 4;
    %store/vec4a v0x55555b865710, 4, 0;
    %pushi/vec4 0, 0, 256;
    %load/vec4 v0x55555b865630_0;
    %muli 16, 0, 32;
    %part/s 16;
    %pushi/vec4 224, 0, 32;
    %load/vec4 v0x55555b865630_0;
    %add;
    %ix/vec4/s 4;
    %store/vec4a v0x55555b865710, 4, 0;
    %pushi/vec4 0, 0, 256;
    %load/vec4 v0x55555b865630_0;
    %muli 16, 0, 32;
    %part/s 16;
    %pushi/vec4 240, 0, 32;
    %load/vec4 v0x55555b865630_0;
    %add;
    %ix/vec4/s 4;
    %store/vec4a v0x55555b865710, 4, 0;
T_111.2 ; for-loop step statement
    %load/vec4 v0x55555b865630_0;
    %addi 1, 0, 32;
    %store/vec4 v0x55555b865630_0, 0, 32;
    %jmp T_111.0;
T_111.1 ; for-loop exit label
    %end;
    .thread T_111;
    .scope S_0x55555b8620d0;
T_112 ;
    %wait E_0x55555b864140;
    %load/vec4 v0x55555b865490_0;
    %flag_set/vec4 9;
    %flag_get/vec4 9;
    %jmp/0 T_112.2, 9;
    %load/vec4 v0x55555b865210_0;
    %and;
T_112.2;
    %flag_set/vec4 8;
    %jmp/0xz  T_112.0, 8;
    %load/vec4 v0x55555b865550_0;
    %parti/s 1, 0, 2;
    %nor/r;
    %flag_set/vec4 8;
    %jmp/0xz  T_112.3, 8;
    %load/vec4 v0x55555b8653b0_0;
    %parti/s 1, 0, 2;
    %load/vec4 v0x55555b865070_0;
    %parti/s 8, 0, 2;
    %pad/u 10;
    %ix/vec4 3;
    %ix/load 4, 0, 0; Constant delay
    %assign/vec4/a/d v0x55555b865710, 0, 4;
T_112.3 ;
    %load/vec4 v0x55555b865550_0;
    %parti/s 1, 1, 2;
    %nor/r;
    %flag_set/vec4 8;
    %jmp/0xz  T_112.5, 8;
    %load/vec4 v0x55555b8653b0_0;
    %parti/s 1, 1, 2;
    %load/vec4 v0x55555b865070_0;
    %parti/s 8, 0, 2;
    %pad/u 10;
    %ix/vec4 3;
    %ix/load 4, 1, 0; part off
    %ix/load 5, 0, 0; Constant delay
    %assign/vec4/a/d v0x55555b865710, 4, 5;
T_112.5 ;
    %load/vec4 v0x55555b865550_0;
    %parti/s 1, 2, 3;
    %nor/r;
    %flag_set/vec4 8;
    %jmp/0xz  T_112.7, 8;
    %load/vec4 v0x55555b8653b0_0;
    %parti/s 1, 2, 3;
    %load/vec4 v0x55555b865070_0;
    %parti/s 8, 0, 2;
    %pad/u 10;
    %ix/vec4 3;
    %ix/load 4, 2, 0; part off
    %ix/load 5, 0, 0; Constant delay
    %assign/vec4/a/d v0x55555b865710, 4, 5;
T_112.7 ;
    %load/vec4 v0x55555b865550_0;
    %parti/s 1, 3, 3;
    %nor/r;
    %flag_set/vec4 8;
    %jmp/0xz  T_112.9, 8;
    %load/vec4 v0x55555b8653b0_0;
    %parti/s 1, 3, 3;
    %load/vec4 v0x55555b865070_0;
    %parti/s 8, 0, 2;
    %pad/u 10;
    %ix/vec4 3;
    %ix/load 4, 3, 0; part off
    %ix/load 5, 0, 0; Constant delay
    %assign/vec4/a/d v0x55555b865710, 4, 5;
T_112.9 ;
    %load/vec4 v0x55555b865550_0;
    %parti/s 1, 4, 4;
    %nor/r;
    %flag_set/vec4 8;
    %jmp/0xz  T_112.11, 8;
    %load/vec4 v0x55555b8653b0_0;
    %parti/s 1, 4, 4;
    %load/vec4 v0x55555b865070_0;
    %parti/s 8, 0, 2;
    %pad/u 10;
    %ix/vec4 3;
    %ix/load 4, 4, 0; part off
    %ix/load 5, 0, 0; Constant delay
    %assign/vec4/a/d v0x55555b865710, 4, 5;
T_112.11 ;
    %load/vec4 v0x55555b865550_0;
    %parti/s 1, 5, 4;
    %nor/r;
    %flag_set/vec4 8;
    %jmp/0xz  T_112.13, 8;
    %load/vec4 v0x55555b8653b0_0;
    %parti/s 1, 5, 4;
    %load/vec4 v0x55555b865070_0;
    %parti/s 8, 0, 2;
    %pad/u 10;
    %ix/vec4 3;
    %ix/load 4, 5, 0; part off
    %ix/load 5, 0, 0; Constant delay
    %assign/vec4/a/d v0x55555b865710, 4, 5;
T_112.13 ;
    %load/vec4 v0x55555b865550_0;
    %parti/s 1, 6, 4;
    %nor/r;
    %flag_set/vec4 8;
    %jmp/0xz  T_112.15, 8;
    %load/vec4 v0x55555b8653b0_0;
    %parti/s 1, 6, 4;
    %load/vec4 v0x55555b865070_0;
    %parti/s 8, 0, 2;
    %pad/u 10;
    %ix/vec4 3;
    %ix/load 4, 6, 0; part off
    %ix/load 5, 0, 0; Constant delay
    %assign/vec4/a/d v0x55555b865710, 4, 5;
T_112.15 ;
    %load/vec4 v0x55555b865550_0;
    %parti/s 1, 7, 4;
    %nor/r;
    %flag_set/vec4 8;
    %jmp/0xz  T_112.17, 8;
    %load/vec4 v0x55555b8653b0_0;
    %parti/s 1, 7, 4;
    %load/vec4 v0x55555b865070_0;
    %parti/s 8, 0, 2;
    %pad/u 10;
    %ix/vec4 3;
    %ix/load 4, 7, 0; part off
    %ix/load 5, 0, 0; Constant delay
    %assign/vec4/a/d v0x55555b865710, 4, 5;
T_112.17 ;
    %load/vec4 v0x55555b865550_0;
    %parti/s 1, 8, 5;
    %nor/r;
    %flag_set/vec4 8;
    %jmp/0xz  T_112.19, 8;
    %load/vec4 v0x55555b8653b0_0;
    %parti/s 1, 8, 5;
    %load/vec4 v0x55555b865070_0;
    %parti/s 8, 0, 2;
    %pad/u 10;
    %ix/vec4 3;
    %ix/load 4, 8, 0; part off
    %ix/load 5, 0, 0; Constant delay
    %assign/vec4/a/d v0x55555b865710, 4, 5;
T_112.19 ;
    %load/vec4 v0x55555b865550_0;
    %parti/s 1, 9, 5;
    %nor/r;
    %flag_set/vec4 8;
    %jmp/0xz  T_112.21, 8;
    %load/vec4 v0x55555b8653b0_0;
    %parti/s 1, 9, 5;
    %load/vec4 v0x55555b865070_0;
    %parti/s 8, 0, 2;
    %pad/u 10;
    %ix/vec4 3;
    %ix/load 4, 9, 0; part off
    %ix/load 5, 0, 0; Constant delay
    %assign/vec4/a/d v0x55555b865710, 4, 5;
T_112.21 ;
    %load/vec4 v0x55555b865550_0;
    %parti/s 1, 10, 5;
    %nor/r;
    %flag_set/vec4 8;
    %jmp/0xz  T_112.23, 8;
    %load/vec4 v0x55555b8653b0_0;
    %parti/s 1, 10, 5;
    %load/vec4 v0x55555b865070_0;
    %parti/s 8, 0, 2;
    %pad/u 10;
    %ix/vec4 3;
    %ix/load 4, 10, 0; part off
    %ix/load 5, 0, 0; Constant delay
    %assign/vec4/a/d v0x55555b865710, 4, 5;
T_112.23 ;
    %load/vec4 v0x55555b865550_0;
    %parti/s 1, 11, 5;
    %nor/r;
    %flag_set/vec4 8;
    %jmp/0xz  T_112.25, 8;
    %load/vec4 v0x55555b8653b0_0;
    %parti/s 1, 11, 5;
    %load/vec4 v0x55555b865070_0;
    %parti/s 8, 0, 2;
    %pad/u 10;
    %ix/vec4 3;
    %ix/load 4, 11, 0; part off
    %ix/load 5, 0, 0; Constant delay
    %assign/vec4/a/d v0x55555b865710, 4, 5;
T_112.25 ;
    %load/vec4 v0x55555b865550_0;
    %parti/s 1, 12, 5;
    %nor/r;
    %flag_set/vec4 8;
    %jmp/0xz  T_112.27, 8;
    %load/vec4 v0x55555b8653b0_0;
    %parti/s 1, 12, 5;
    %load/vec4 v0x55555b865070_0;
    %parti/s 8, 0, 2;
    %pad/u 10;
    %ix/vec4 3;
    %ix/load 4, 12, 0; part off
    %ix/load 5, 0, 0; Constant delay
    %assign/vec4/a/d v0x55555b865710, 4, 5;
T_112.27 ;
    %load/vec4 v0x55555b865550_0;
    %parti/s 1, 13, 5;
    %nor/r;
    %flag_set/vec4 8;
    %jmp/0xz  T_112.29, 8;
    %load/vec4 v0x55555b8653b0_0;
    %parti/s 1, 13, 5;
    %load/vec4 v0x55555b865070_0;
    %parti/s 8, 0, 2;
    %pad/u 10;
    %ix/vec4 3;
    %ix/load 4, 13, 0; part off
    %ix/load 5, 0, 0; Constant delay
    %assign/vec4/a/d v0x55555b865710, 4, 5;
T_112.29 ;
    %load/vec4 v0x55555b865550_0;
    %parti/s 1, 14, 5;
    %nor/r;
    %flag_set/vec4 8;
    %jmp/0xz  T_112.31, 8;
    %load/vec4 v0x55555b8653b0_0;
    %parti/s 1, 14, 5;
    %load/vec4 v0x55555b865070_0;
    %parti/s 8, 0, 2;
    %pad/u 10;
    %ix/vec4 3;
    %ix/load 4, 14, 0; part off
    %ix/load 5, 0, 0; Constant delay
    %assign/vec4/a/d v0x55555b865710, 4, 5;
T_112.31 ;
    %load/vec4 v0x55555b865550_0;
    %parti/s 1, 15, 5;
    %nor/r;
    %flag_set/vec4 8;
    %jmp/0xz  T_112.33, 8;
    %load/vec4 v0x55555b8653b0_0;
    %parti/s 1, 15, 5;
    %load/vec4 v0x55555b865070_0;
    %parti/s 8, 0, 2;
    %pad/u 10;
    %ix/vec4 3;
    %ix/load 4, 15, 0; part off
    %ix/load 5, 0, 0; Constant delay
    %assign/vec4/a/d v0x55555b865710, 4, 5;
T_112.33 ;
T_112.0 ;
    %jmp T_112;
    .thread T_112;
    .scope S_0x55555b8620d0;
T_113 ;
    %wait E_0x55555b8640c0;
    %load/vec4 v0x55555b864ed0_0;
    %flag_set/vec4 9;
    %flag_get/vec4 9;
    %jmp/0 T_113.2, 9;
    %load/vec4 v0x55555b864c00_0;
    %and;
T_113.2;
    %flag_set/vec4 8;
    %jmp/0xz  T_113.0, 8;
    %load/vec4 v0x55555b864a50_0;
    %parti/s 8, 0, 2;
    %pad/u 10;
    %ix/vec4 4;
    %load/vec4a v0x55555b865710, 4;
    %load/vec4 v0x55555b864f90_0;
    %inv;
    %and;
    %assign/vec4 v0x55555b864df0_0, 0;
T_113.0 ;
    %jmp T_113;
    .thread T_113;
    .scope S_0x55555b866420;
T_114 ;
    %pushi/vec4 0, 0, 32;
    %store/vec4 v0x55555b869980_0, 0, 32;
T_114.0 ; Top of for-loop
    %load/vec4 v0x55555b869980_0;
    %cmpi/s 16, 0, 32;
	  %jmp/0xz T_114.1, 5;
    %pushi/vec4 0, 0, 256;
    %load/vec4 v0x55555b869980_0;
    %muli 16, 0, 32;
    %part/s 16;
    %pushi/vec4 0, 0, 32;
    %load/vec4 v0x55555b869980_0;
    %add;
    %ix/vec4/s 4;
    %store/vec4a v0x55555b869a60, 4, 0;
    %pushi/vec4 0, 0, 256;
    %load/vec4 v0x55555b869980_0;
    %muli 16, 0, 32;
    %part/s 16;
    %pushi/vec4 16, 0, 32;
    %load/vec4 v0x55555b869980_0;
    %add;
    %ix/vec4/s 4;
    %store/vec4a v0x55555b869a60, 4, 0;
    %pushi/vec4 0, 0, 256;
    %load/vec4 v0x55555b869980_0;
    %muli 16, 0, 32;
    %part/s 16;
    %pushi/vec4 32, 0, 32;
    %load/vec4 v0x55555b869980_0;
    %add;
    %ix/vec4/s 4;
    %store/vec4a v0x55555b869a60, 4, 0;
    %pushi/vec4 0, 0, 256;
    %load/vec4 v0x55555b869980_0;
    %muli 16, 0, 32;
    %part/s 16;
    %pushi/vec4 48, 0, 32;
    %load/vec4 v0x55555b869980_0;
    %add;
    %ix/vec4/s 4;
    %store/vec4a v0x55555b869a60, 4, 0;
    %pushi/vec4 0, 0, 256;
    %load/vec4 v0x55555b869980_0;
    %muli 16, 0, 32;
    %part/s 16;
    %pushi/vec4 64, 0, 32;
    %load/vec4 v0x55555b869980_0;
    %add;
    %ix/vec4/s 4;
    %store/vec4a v0x55555b869a60, 4, 0;
    %pushi/vec4 0, 0, 256;
    %load/vec4 v0x55555b869980_0;
    %muli 16, 0, 32;
    %part/s 16;
    %pushi/vec4 80, 0, 32;
    %load/vec4 v0x55555b869980_0;
    %add;
    %ix/vec4/s 4;
    %store/vec4a v0x55555b869a60, 4, 0;
    %pushi/vec4 0, 0, 256;
    %load/vec4 v0x55555b869980_0;
    %muli 16, 0, 32;
    %part/s 16;
    %pushi/vec4 96, 0, 32;
    %load/vec4 v0x55555b869980_0;
    %add;
    %ix/vec4/s 4;
    %store/vec4a v0x55555b869a60, 4, 0;
    %pushi/vec4 0, 0, 256;
    %load/vec4 v0x55555b869980_0;
    %muli 16, 0, 32;
    %part/s 16;
    %pushi/vec4 112, 0, 32;
    %load/vec4 v0x55555b869980_0;
    %add;
    %ix/vec4/s 4;
    %store/vec4a v0x55555b869a60, 4, 0;
    %pushi/vec4 0, 0, 256;
    %load/vec4 v0x55555b869980_0;
    %muli 16, 0, 32;
    %part/s 16;
    %pushi/vec4 128, 0, 32;
    %load/vec4 v0x55555b869980_0;
    %add;
    %ix/vec4/s 4;
    %store/vec4a v0x55555b869a60, 4, 0;
    %pushi/vec4 0, 0, 256;
    %load/vec4 v0x55555b869980_0;
    %muli 16, 0, 32;
    %part/s 16;
    %pushi/vec4 144, 0, 32;
    %load/vec4 v0x55555b869980_0;
    %add;
    %ix/vec4/s 4;
    %store/vec4a v0x55555b869a60, 4, 0;
    %pushi/vec4 0, 0, 256;
    %load/vec4 v0x55555b869980_0;
    %muli 16, 0, 32;
    %part/s 16;
    %pushi/vec4 160, 0, 32;
    %load/vec4 v0x55555b869980_0;
    %add;
    %ix/vec4/s 4;
    %store/vec4a v0x55555b869a60, 4, 0;
    %pushi/vec4 0, 0, 256;
    %load/vec4 v0x55555b869980_0;
    %muli 16, 0, 32;
    %part/s 16;
    %pushi/vec4 176, 0, 32;
    %load/vec4 v0x55555b869980_0;
    %add;
    %ix/vec4/s 4;
    %store/vec4a v0x55555b869a60, 4, 0;
    %pushi/vec4 0, 0, 256;
    %load/vec4 v0x55555b869980_0;
    %muli 16, 0, 32;
    %part/s 16;
    %pushi/vec4 192, 0, 32;
    %load/vec4 v0x55555b869980_0;
    %add;
    %ix/vec4/s 4;
    %store/vec4a v0x55555b869a60, 4, 0;
    %pushi/vec4 0, 0, 256;
    %load/vec4 v0x55555b869980_0;
    %muli 16, 0, 32;
    %part/s 16;
    %pushi/vec4 208, 0, 32;
    %load/vec4 v0x55555b869980_0;
    %add;
    %ix/vec4/s 4;
    %store/vec4a v0x55555b869a60, 4, 0;
    %pushi/vec4 0, 0, 256;
    %load/vec4 v0x55555b869980_0;
    %muli 16, 0, 32;
    %part/s 16;
    %pushi/vec4 224, 0, 32;
    %load/vec4 v0x55555b869980_0;
    %add;
    %ix/vec4/s 4;
    %store/vec4a v0x55555b869a60, 4, 0;
    %pushi/vec4 0, 0, 256;
    %load/vec4 v0x55555b869980_0;
    %muli 16, 0, 32;
    %part/s 16;
    %pushi/vec4 240, 0, 32;
    %load/vec4 v0x55555b869980_0;
    %add;
    %ix/vec4/s 4;
    %store/vec4a v0x55555b869a60, 4, 0;
T_114.2 ; for-loop step statement
    %load/vec4 v0x55555b869980_0;
    %addi 1, 0, 32;
    %store/vec4 v0x55555b869980_0, 0, 32;
    %jmp T_114.0;
T_114.1 ; for-loop exit label
    %end;
    .thread T_114;
    .scope S_0x55555b866420;
T_115 ;
    %wait E_0x55555b868490;
    %load/vec4 v0x55555b8697e0_0;
    %flag_set/vec4 9;
    %flag_get/vec4 9;
    %jmp/0 T_115.2, 9;
    %load/vec4 v0x55555b869560_0;
    %and;
T_115.2;
    %flag_set/vec4 8;
    %jmp/0xz  T_115.0, 8;
    %load/vec4 v0x55555b8698a0_0;
    %parti/s 1, 0, 2;
    %nor/r;
    %flag_set/vec4 8;
    %jmp/0xz  T_115.3, 8;
    %load/vec4 v0x55555b869700_0;
    %parti/s 1, 0, 2;
    %load/vec4 v0x55555b8693c0_0;
    %parti/s 8, 0, 2;
    %pad/u 10;
    %ix/vec4 3;
    %ix/load 4, 0, 0; Constant delay
    %assign/vec4/a/d v0x55555b869a60, 0, 4;
T_115.3 ;
    %load/vec4 v0x55555b8698a0_0;
    %parti/s 1, 1, 2;
    %nor/r;
    %flag_set/vec4 8;
    %jmp/0xz  T_115.5, 8;
    %load/vec4 v0x55555b869700_0;
    %parti/s 1, 1, 2;
    %load/vec4 v0x55555b8693c0_0;
    %parti/s 8, 0, 2;
    %pad/u 10;
    %ix/vec4 3;
    %ix/load 4, 1, 0; part off
    %ix/load 5, 0, 0; Constant delay
    %assign/vec4/a/d v0x55555b869a60, 4, 5;
T_115.5 ;
    %load/vec4 v0x55555b8698a0_0;
    %parti/s 1, 2, 3;
    %nor/r;
    %flag_set/vec4 8;
    %jmp/0xz  T_115.7, 8;
    %load/vec4 v0x55555b869700_0;
    %parti/s 1, 2, 3;
    %load/vec4 v0x55555b8693c0_0;
    %parti/s 8, 0, 2;
    %pad/u 10;
    %ix/vec4 3;
    %ix/load 4, 2, 0; part off
    %ix/load 5, 0, 0; Constant delay
    %assign/vec4/a/d v0x55555b869a60, 4, 5;
T_115.7 ;
    %load/vec4 v0x55555b8698a0_0;
    %parti/s 1, 3, 3;
    %nor/r;
    %flag_set/vec4 8;
    %jmp/0xz  T_115.9, 8;
    %load/vec4 v0x55555b869700_0;
    %parti/s 1, 3, 3;
    %load/vec4 v0x55555b8693c0_0;
    %parti/s 8, 0, 2;
    %pad/u 10;
    %ix/vec4 3;
    %ix/load 4, 3, 0; part off
    %ix/load 5, 0, 0; Constant delay
    %assign/vec4/a/d v0x55555b869a60, 4, 5;
T_115.9 ;
    %load/vec4 v0x55555b8698a0_0;
    %parti/s 1, 4, 4;
    %nor/r;
    %flag_set/vec4 8;
    %jmp/0xz  T_115.11, 8;
    %load/vec4 v0x55555b869700_0;
    %parti/s 1, 4, 4;
    %load/vec4 v0x55555b8693c0_0;
    %parti/s 8, 0, 2;
    %pad/u 10;
    %ix/vec4 3;
    %ix/load 4, 4, 0; part off
    %ix/load 5, 0, 0; Constant delay
    %assign/vec4/a/d v0x55555b869a60, 4, 5;
T_115.11 ;
    %load/vec4 v0x55555b8698a0_0;
    %parti/s 1, 5, 4;
    %nor/r;
    %flag_set/vec4 8;
    %jmp/0xz  T_115.13, 8;
    %load/vec4 v0x55555b869700_0;
    %parti/s 1, 5, 4;
    %load/vec4 v0x55555b8693c0_0;
    %parti/s 8, 0, 2;
    %pad/u 10;
    %ix/vec4 3;
    %ix/load 4, 5, 0; part off
    %ix/load 5, 0, 0; Constant delay
    %assign/vec4/a/d v0x55555b869a60, 4, 5;
T_115.13 ;
    %load/vec4 v0x55555b8698a0_0;
    %parti/s 1, 6, 4;
    %nor/r;
    %flag_set/vec4 8;
    %jmp/0xz  T_115.15, 8;
    %load/vec4 v0x55555b869700_0;
    %parti/s 1, 6, 4;
    %load/vec4 v0x55555b8693c0_0;
    %parti/s 8, 0, 2;
    %pad/u 10;
    %ix/vec4 3;
    %ix/load 4, 6, 0; part off
    %ix/load 5, 0, 0; Constant delay
    %assign/vec4/a/d v0x55555b869a60, 4, 5;
T_115.15 ;
    %load/vec4 v0x55555b8698a0_0;
    %parti/s 1, 7, 4;
    %nor/r;
    %flag_set/vec4 8;
    %jmp/0xz  T_115.17, 8;
    %load/vec4 v0x55555b869700_0;
    %parti/s 1, 7, 4;
    %load/vec4 v0x55555b8693c0_0;
    %parti/s 8, 0, 2;
    %pad/u 10;
    %ix/vec4 3;
    %ix/load 4, 7, 0; part off
    %ix/load 5, 0, 0; Constant delay
    %assign/vec4/a/d v0x55555b869a60, 4, 5;
T_115.17 ;
    %load/vec4 v0x55555b8698a0_0;
    %parti/s 1, 8, 5;
    %nor/r;
    %flag_set/vec4 8;
    %jmp/0xz  T_115.19, 8;
    %load/vec4 v0x55555b869700_0;
    %parti/s 1, 8, 5;
    %load/vec4 v0x55555b8693c0_0;
    %parti/s 8, 0, 2;
    %pad/u 10;
    %ix/vec4 3;
    %ix/load 4, 8, 0; part off
    %ix/load 5, 0, 0; Constant delay
    %assign/vec4/a/d v0x55555b869a60, 4, 5;
T_115.19 ;
    %load/vec4 v0x55555b8698a0_0;
    %parti/s 1, 9, 5;
    %nor/r;
    %flag_set/vec4 8;
    %jmp/0xz  T_115.21, 8;
    %load/vec4 v0x55555b869700_0;
    %parti/s 1, 9, 5;
    %load/vec4 v0x55555b8693c0_0;
    %parti/s 8, 0, 2;
    %pad/u 10;
    %ix/vec4 3;
    %ix/load 4, 9, 0; part off
    %ix/load 5, 0, 0; Constant delay
    %assign/vec4/a/d v0x55555b869a60, 4, 5;
T_115.21 ;
    %load/vec4 v0x55555b8698a0_0;
    %parti/s 1, 10, 5;
    %nor/r;
    %flag_set/vec4 8;
    %jmp/0xz  T_115.23, 8;
    %load/vec4 v0x55555b869700_0;
    %parti/s 1, 10, 5;
    %load/vec4 v0x55555b8693c0_0;
    %parti/s 8, 0, 2;
    %pad/u 10;
    %ix/vec4 3;
    %ix/load 4, 10, 0; part off
    %ix/load 5, 0, 0; Constant delay
    %assign/vec4/a/d v0x55555b869a60, 4, 5;
T_115.23 ;
    %load/vec4 v0x55555b8698a0_0;
    %parti/s 1, 11, 5;
    %nor/r;
    %flag_set/vec4 8;
    %jmp/0xz  T_115.25, 8;
    %load/vec4 v0x55555b869700_0;
    %parti/s 1, 11, 5;
    %load/vec4 v0x55555b8693c0_0;
    %parti/s 8, 0, 2;
    %pad/u 10;
    %ix/vec4 3;
    %ix/load 4, 11, 0; part off
    %ix/load 5, 0, 0; Constant delay
    %assign/vec4/a/d v0x55555b869a60, 4, 5;
T_115.25 ;
    %load/vec4 v0x55555b8698a0_0;
    %parti/s 1, 12, 5;
    %nor/r;
    %flag_set/vec4 8;
    %jmp/0xz  T_115.27, 8;
    %load/vec4 v0x55555b869700_0;
    %parti/s 1, 12, 5;
    %load/vec4 v0x55555b8693c0_0;
    %parti/s 8, 0, 2;
    %pad/u 10;
    %ix/vec4 3;
    %ix/load 4, 12, 0; part off
    %ix/load 5, 0, 0; Constant delay
    %assign/vec4/a/d v0x55555b869a60, 4, 5;
T_115.27 ;
    %load/vec4 v0x55555b8698a0_0;
    %parti/s 1, 13, 5;
    %nor/r;
    %flag_set/vec4 8;
    %jmp/0xz  T_115.29, 8;
    %load/vec4 v0x55555b869700_0;
    %parti/s 1, 13, 5;
    %load/vec4 v0x55555b8693c0_0;
    %parti/s 8, 0, 2;
    %pad/u 10;
    %ix/vec4 3;
    %ix/load 4, 13, 0; part off
    %ix/load 5, 0, 0; Constant delay
    %assign/vec4/a/d v0x55555b869a60, 4, 5;
T_115.29 ;
    %load/vec4 v0x55555b8698a0_0;
    %parti/s 1, 14, 5;
    %nor/r;
    %flag_set/vec4 8;
    %jmp/0xz  T_115.31, 8;
    %load/vec4 v0x55555b869700_0;
    %parti/s 1, 14, 5;
    %load/vec4 v0x55555b8693c0_0;
    %parti/s 8, 0, 2;
    %pad/u 10;
    %ix/vec4 3;
    %ix/load 4, 14, 0; part off
    %ix/load 5, 0, 0; Constant delay
    %assign/vec4/a/d v0x55555b869a60, 4, 5;
T_115.31 ;
    %load/vec4 v0x55555b8698a0_0;
    %parti/s 1, 15, 5;
    %nor/r;
    %flag_set/vec4 8;
    %jmp/0xz  T_115.33, 8;
    %load/vec4 v0x55555b869700_0;
    %parti/s 1, 15, 5;
    %load/vec4 v0x55555b8693c0_0;
    %parti/s 8, 0, 2;
    %pad/u 10;
    %ix/vec4 3;
    %ix/load 4, 15, 0; part off
    %ix/load 5, 0, 0; Constant delay
    %assign/vec4/a/d v0x55555b869a60, 4, 5;
T_115.33 ;
T_115.0 ;
    %jmp T_115;
    .thread T_115;
    .scope S_0x55555b866420;
T_116 ;
    %wait E_0x55555b868410;
    %load/vec4 v0x55555b869220_0;
    %flag_set/vec4 9;
    %flag_get/vec4 9;
    %jmp/0 T_116.2, 9;
    %load/vec4 v0x55555b868f50_0;
    %and;
T_116.2;
    %flag_set/vec4 8;
    %jmp/0xz  T_116.0, 8;
    %load/vec4 v0x55555b868da0_0;
    %parti/s 8, 0, 2;
    %pad/u 10;
    %ix/vec4 4;
    %load/vec4a v0x55555b869a60, 4;
    %load/vec4 v0x55555b8692e0_0;
    %inv;
    %and;
    %assign/vec4 v0x55555b869140_0, 0;
T_116.0 ;
    %jmp T_116;
    .thread T_116;
    .scope S_0x55555b3dd620;
T_117 ;
    %wait E_0x55555b86e3e0;
    %pushi/vec4 0, 0, 32;
    %store/vec4 v0x55555b86ed00_0, 0, 32;
T_117.0 ; Top of for-loop
    %load/vec4 v0x55555b86ed00_0;
    %cmpi/s 16383, 0, 32;
    %flag_or 5, 4;
	  %jmp/0xz T_117.1, 5;
    %pushi/vec4 65535, 65535, 16;
    %ix/getv/s 4, v0x55555b86ed00_0;
    %store/vec4a v0x55555b86ede0, 4, 0;
T_117.2 ; for-loop step statement
    %load/vec4 v0x55555b86ed00_0;
    %addi 1, 0, 32;
    %store/vec4 v0x55555b86ed00_0, 0, 32;
    %jmp T_117.0;
T_117.1 ; for-loop exit label
    %jmp T_117;
    .thread T_117;
    .scope S_0x55555b3dd620;
T_118 ;
    %wait E_0x55555b86e360;
    %load/vec4 v0x55555b86eea0_0;
    %flag_set/vec4 8;
    %jmp/0xz  T_118.0, 8;
    %pushi/vec4 0, 0, 16;
    %assign/vec4 v0x55555b86e780_0, 0;
    %jmp T_118.1;
T_118.0 ;
    %load/vec4 v0x55555b86eac0_0;
    %flag_set/vec4 8;
    %jmp/0xz  T_118.2, 8;
    %pushi/vec4 65535, 65535, 16;
    %assign/vec4 v0x55555b86e780_0, 0;
    %jmp T_118.3;
T_118.2 ;
    %load/vec4 v0x55555b86e540_0;
    %flag_set/vec4 8;
    %jmp/0xz  T_118.4, 8;
    %load/vec4 v0x55555b86eb80_0;
    %nor/r;
    %flag_set/vec4 8;
    %jmp/0xz  T_118.6, 8;
    %load/vec4 v0x55555b86e440_0;
    %pad/u 16;
    %ix/vec4 4;
    %load/vec4a v0x55555b86ede0, 4;
    %assign/vec4 v0x55555b86e780_0, 0;
    %jmp T_118.7;
T_118.6 ;
    %load/vec4 v0x55555b86e860_0;
    %parti/s 1, 0, 2;
    %flag_set/vec4 8;
    %jmp/0xz  T_118.8, 8;
    %load/vec4 v0x55555b86e6a0_0;
    %parti/s 4, 0, 2;
    %load/vec4 v0x55555b86e440_0;
    %pad/u 16;
    %ix/vec4 3;
    %ix/load 4, 0, 0; Constant delay
    %assign/vec4/a/d v0x55555b86ede0, 0, 4;
T_118.8 ;
    %load/vec4 v0x55555b86e860_0;
    %parti/s 1, 1, 2;
    %flag_set/vec4 8;
    %jmp/0xz  T_118.10, 8;
    %load/vec4 v0x55555b86e6a0_0;
    %parti/s 4, 4, 4;
    %load/vec4 v0x55555b86e440_0;
    %pad/u 16;
    %ix/vec4 3;
    %ix/load 4, 4, 0; part off
    %ix/load 5, 0, 0; Constant delay
    %assign/vec4/a/d v0x55555b86ede0, 4, 5;
T_118.10 ;
    %load/vec4 v0x55555b86e860_0;
    %parti/s 1, 2, 3;
    %flag_set/vec4 8;
    %jmp/0xz  T_118.12, 8;
    %load/vec4 v0x55555b86e6a0_0;
    %parti/s 4, 8, 5;
    %load/vec4 v0x55555b86e440_0;
    %pad/u 16;
    %ix/vec4 3;
    %ix/load 4, 8, 0; part off
    %ix/load 5, 0, 0; Constant delay
    %assign/vec4/a/d v0x55555b86ede0, 4, 5;
T_118.12 ;
    %load/vec4 v0x55555b86e860_0;
    %parti/s 1, 3, 3;
    %flag_set/vec4 8;
    %jmp/0xz  T_118.14, 8;
    %load/vec4 v0x55555b86e6a0_0;
    %parti/s 4, 12, 5;
    %load/vec4 v0x55555b86e440_0;
    %pad/u 16;
    %ix/vec4 3;
    %ix/load 4, 12, 0; part off
    %ix/load 5, 0, 0; Constant delay
    %assign/vec4/a/d v0x55555b86ede0, 4, 5;
T_118.14 ;
    %pushi/vec4 65535, 65535, 16;
    %assign/vec4 v0x55555b86e780_0, 0;
T_118.7 ;
T_118.4 ;
T_118.3 ;
T_118.1 ;
    %jmp T_118;
    .thread T_118;
# The file index is used to find the file name in the following table.
:file_names 34;
    "N/A";
    "<interactive>";
    "-";
    "./../../02_Boolean_Arithmetic/ALU.v";
    "./../../02_Boolean_Arithmetic/Add16.v";
    "./../../01_Boolean_Logic/And16.v";
    "./../../01_Boolean_Logic/And.v";
    "./../../03_Sequential_Logic/BitShift8L.v";
    "./../../03_Sequential_Logic/BitShift9R.v";
    "./../../01_Boolean_Logic/Buffer16.v";
    "./../../01_Boolean_Logic/Buffer.v";
    "./../../03_Sequential_Logic/DFF.v";
    "./../../01_Boolean_Logic/DMux8Way.v";
    "./../../01_Boolean_Logic/DMux4Way.v";
    "./../../01_Boolean_Logic/DMux.v";
    "./../../02_Boolean_Arithmetic/FullAdder.v";
    "./../../02_Boolean_Arithmetic/HalfAdder.v";
    "/home/xpektra/.apio/packages/oss-cad-suite/share/yosys/ice40/cells_sim.v";
    "./../../02_Boolean_Arithmetic/Inc16.v";
    "./../../01_Boolean_Logic/Mux8Way16.v";
    "./../../01_Boolean_Logic/Mux4Way16.v";
    "./../../01_Boolean_Logic/Mux16.v";
    "./../../01_Boolean_Logic/Mux.v";
    "./../../01_Boolean_Logic/Nand.v";
    "./../../01_Boolean_Logic/Not16.v";
    "./../../01_Boolean_Logic/Not.v";
    "./../../01_Boolean_Logic/Or16.v";
    "./../../01_Boolean_Logic/Or.v";
    "./../../01_Boolean_Logic/Or8Way.v";
    "PC_tb.v";
    "./../../03_Sequential_Logic/PC.v";
    "./../../03_Sequential_Logic/Register.v";
    "./../../03_Sequential_Logic/Bit.v";
    "./../../01_Boolean_Logic/Xor.v";
