$date
	Sat Apr 18 23:14:24 2026
$end
$version
	Icarus Verilog
$end
$timescale
	1ps
$end
$scope module Add16_tb $end
$var wire 16 ! out_cmp [15:0] $end
$var wire 16 " out [15:0] $end
$var reg 16 # a [15:0] $end
$var reg 16 $ b [15:0] $end
$var reg 1 % fail $end
$var reg 16 & n [15:0] $end
$scope module ADD16 $end
$var wire 16 ' a [15:0] $end
$var wire 16 ( b [15:0] $end
$var wire 1 ) carry0 $end
$var wire 1 * carry1 $end
$var wire 1 + carry10 $end
$var wire 1 , carry11 $end
$var wire 1 - carry12 $end
$var wire 1 . carry13 $end
$var wire 1 / carry14 $end
$var wire 1 0 carry2 $end
$var wire 1 1 carry3 $end
$var wire 1 2 carry4 $end
$var wire 1 3 carry5 $end
$var wire 1 4 carry6 $end
$var wire 1 5 carry7 $end
$var wire 1 6 carry8 $end
$var wire 1 7 carry9 $end
$var wire 16 8 out [15:0] $end
$upscope $end
$scope task check $end
$upscope $end
$upscope $end
$enddefinitions $end
$comment Show the parameter values. $end
$dumpall
$end
#0
$dumpvars
b1001001110100101 8
07
06
05
04
03
02
01
00
1/
1.
1-
1,
1+
0*
0)
b101111010000001 (
b11010100100100 '
b0 &
0%
b101111010000001 $
b11010100100100 #
b1001001110100101 "
b1001001110100101 !
$end
#1
0,
1*
0.
b10110001101100 "
b10110001101100 8
17
1)
b101011001100011 $
b101011001100011 (
b10110001101100 !
b1101011000001001 #
b1101011000001001 '
b1 &
#2
b1010010011010 "
b1010010011010 8
0*
1.
11
1/
10
16
0+
1,
b1001100110001101 $
b1001100110001101 (
b1010010011010 !
b111101100001101 #
b111101100001101 '
b10 &
#3
0/
07
0-
b1101011001110111 "
b1101011001110111 8
0+
0.
00
01
06
0,
0)
b101001000010010 $
b101001000010010 (
b1101011001110111 !
b1000010001100101 #
b1000010001100101 '
b11 &
#4
1,
1+
17
b1011000000001110 "
b1011000000001110 8
16
1/
1)
b1100110100001101 $
b1100110100001101 (
b1011000000001110 !
b1110001100000001 #
b1110001100000001 '
b100 &
#5
0,
0+
0.
11
14
07
0-
b1011111010110011 "
b1011111010110011 8
10
12
13
0)
b1100110100111101 $
b1100110100111101 (
b1011111010110011 !
b1111000101110110 #
b1111000101110110 '
b101 &
#6
04
1.
b100111101111001 "
b100111101111001 8
03
1-
02
15
17
1+
b1111011110001100 $
b1111011110001100 (
b100111101111001 !
b101011111101101 #
b101011111101101 '
b110 &
#7
03
0+
b111010111111 "
b111010111111 8
02
0,
01
14
00
07
0-
b10010011000110 $
b10010011000110 (
b111010111111 !
b1110100111111001 #
b1110100111111001 '
b111 &
#8
0+
0/
b101011101101111 "
b101011101101111 8
07
06
04
0.
b1101001010101010 $
b1101001010101010 (
b101011101101111 !
b1000010011000101 #
b1000010011000101 '
b1000 &
#9
1+
1*
b110101001011100 "
b110101001011100 8
16
10
14
15
13
17
1-
1.
1/
1)
b111001001110111 $
b111001001110111 (
b110101001011100 !
b1111011111100101 #
b1111011111100101 '
b1001 &
#10
06
12
05
11
1,
b1011000110100001 "
b1011000110100001 8
03
04
0.
0)
b1101101110001111 $
b1101101110001111 (
b1011000110100001 !
b1101011000010010 #
b1101011000010010 '
b1010 &
#11
1-
1,
16
1+
b11000000 "
b11000000 8
13
1.
1/
14
15
17
b1001011011001110 $
b1001011011001110 (
b11000000 !
b110100111110010 #
b110100111110010 '
b1011 &
#12
01
03
00
b1100100110101101 "
b1100100110101101 8
02
06
0*
b100111011000101 $
b100111011000101 (
b1100100110101101 !
b111101011101000 #
b111101011101000 '
b1100 &
#13
0/
0.
15
13
b111001000011001 "
b111001000011001 8
0+
16
0-
11
14
10
12
07
b10100010111101 $
b10100010111101 (
b111001000011001 !
b100100101011100 #
b100100101011100 '
b1101 &
#14
0/
0+
0.
05
07
06
0-
b111111010010010 "
b111111010010010 8
0,
02
1)
b10011001100101 $
b10011001100101 (
b111111010010010 !
b101100000101101 #
b101100000101101 '
b1110 &
#15
04
01
1+
b1110100101101101 "
b1110100101101101 8
03
1*
00
17
0)
b1000011100001010 $
b1000011100001010 (
b1110100101101101 !
b110001001100011 #
b110001001100011 '
b1111 &
#16
0+
b100001110100000 "
b100001110100000 8
07
1.
0*
b10000100100000 $
b10000100100000 (
b100001110100000 !
b10001010000000 #
b10001010000000 '
b10000 &
#17
13
16
12
1,
b1001001000111 "
b1001001000111 8
15
11
1+
0.
1/
b1100110010011101 $
b1100110010011101 (
b1001001000111 !
b100010110101010 #
b100010110101010 '
b10001 &
#18
10
b1111011010101001 "
b1111011010101001 8
03
06
07
1*
05
0+
01
1-
1.
0/
b1011100000010011 $
b1011100000010011 (
b1111011010101001 !
b11111010010110 #
b11111010010110 '
b10010 &
#19
1/
11
b111001100000 "
b111001100000 8
0,
12
1)
b1101011001010011 $
b1101011001010011 (
b111001100000 !
b11100000001101 #
b11100000001101 '
b10011 &
#20
1+
17
1/
16
1.
b100001000000 "
b100001000000 8
15
13
1,
1-
14
b10101011010101 $
b10101011010101 (
b100001000000 !
b1101110101101011 #
b1101110101101011 '
b10100 &
#21
03
05
b1000100010110000 "
b1000100010110000 8
02
06
04
0)
b11111010101110 $
b11111010101110 (
b1000100010110000 !
b100101000000010 #
b100101000000010 '
b10101 &
#22
0-
0,
b101101111101100 "
b101101111101100 8
0+
12
07
1)
b111001011001111 $
b111001011001111 (
b101101111101100 !
b1110100100011101 #
b1110100100011101 '
b10110 &
#23
01
b1010111000101101 "
b1010111000101101 8
02
03
16
00
0.
0)
b110010100001010 $
b110010100001010 (
b1010111000101101 !
b100100100100011 #
b100100100100011 '
b10111 &
#24
15
14
13
0+
00
12
07
b101011100000110 "
b101011100000110 8
0*
1,
11
06
0/
b100110000111100 $
b100110000111100 (
b101011100000110 !
b101011001010 #
b101011001010 '
b11000 &
#25
04
03
02
1/
b1111101111100 "
b1111101111100 8
0-
1*
0,
01
16
1.
b110000110001010 $
b110000110001010 (
b1111101111100 !
b1011110111110010 #
b1011110111110010 '
b11001 &
#26
1+
0/
17
b1110100000011001 "
b1110100000011001 8
14
16
1-
0*
15
b11010011011000 $
b11010011011000 (
b1110100000011001 !
b1011001101000001 #
b1011001101000001 '
b11010 &
#27
16
13
15
12
b11000000001 "
b11000000001 8
0+
1/
14
11
b1001010001001 $
b1001010001001 (
b11000000001 !
b1111001101111000 #
b1111001101111000 '
b11011 &
#28
0/
12
1,
0.
b111001110100001 "
b111001110100001 8
10
11
1*
07
1+
0-
b110010110110110 $
b110010110110110 (
b111001110100001 !
b110111101011 #
b110111101011 '
b11100 &
#29
04
1/
03
0,
1.
02
17
b110101110100 "
b110101110100 8
0+
1-
b1001110101110 $
b1001110101110 (
b110101110100 !
b1111100111000110 #
b1111100111000110 '
b11101 &
#30
07
0,
0/
06
b1101111111100110 "
b1101111111100110 8
0+
12
0.
00
05
0*
13
0-
b1101110100101010 $
b1101110100101010 (
b1101111111100110 !
b1010111100 #
b1010111100 '
b11110 &
#31
03
02
1+
b101100001111100 "
b101100001111100 8
04
1.
1*
01
17
1,
1-
1)
b1011111001110001 $
b1011111001110001 (
b101100001111100 !
b1001101000001011 #
b1001101000001011 '
b11111 &
#32
11
0+
0-
b1001011011010100 "
b1001011011010100 8
0.
10
16
07
0,
1/
b101010101001111 $
b101010101001111 (
b1001011011010100 !
b100000110000101 #
b100000110000101 '
b100000 &
#33
b1001001101110101 "
b1001001101110101 8
00
12
13
06
1.
0)
b11001100111010 $
b11001100111010 (
b1001001101110101 !
b110000000111011 #
b110000000111011 '
b100001 &
#34
0/
b111110110010011 "
b111110110010011 8
14
0*
0.
10
17
b100101100010101 $
b100101100010101 (
b111110110010011 !
b11001001111110 #
b11001001111110 '
b100010 &
#35
01
1-
b1110011111001010 "
b1110011111001010 8
00
15
16
1,
1)
b100101111011001 $
b100101111011001 (
b1110011111001010 !
b1001101111110001 #
b1001101111110001 '
b100011 &
#36
1/
03
1-
b1010101110 "
b1010101110 8
1.
1+
02
05
1,
0)
b1111101101001100 $
b1111101101001100 (
b1010101110 !
b11101100010 #
b11101100010 '
b100100 &
#37
0/
0.
0-
12
0+
b1111011100101110 "
b1111011100101110 8
0,
1*
10
11
04
15
07
1)
b1010000110001111 $
b1010000110001111 (
b1111011100101110 !
b101010110011111 #
b101010110011111 '
b100101 &
#38
01
00
14
1/
b101010101111 "
b101010101111 8
0*
13
1.
0)
b110000010110111 $
b110000010110111 (
b101010101111 !
b1010100111111000 #
b1010100111111000 '
b100110 &
#39
05
04
0/
b1110101011111011 "
b1110101011111011 8
06
07
11
10
03
1+
1-
0.
b1001010001011100 $
b1001010001011100 (
b1110101011111011 !
b101011010011111 #
b101011010011111 '
b100111 &
#40
1*
b1111011111100100 "
b1111011111100100 8
00
0+
0-
1)
b11011110001001 $
b11011110001001 (
b1111011111100100 !
b1100000001011011 #
b1100000001011011 '
b101000 &
#41
1,
02
15
1+
b111000100011001 "
b111000100011001 8
0*
01
14
17
1-
1.
0)
b11111011010000 $
b11111011010000 (
b111000100011001 !
b11001001001001 #
b11001001001001 '
b101001 &
#42
0.
0-
0,
10
0+
b1011110100101000 "
b1011110100101000 8
1*
12
07
1/
1)
b1111110001010001 $
b1111110001010001 (
b1011110100101000 !
b1100000011010111 #
b1100000011010111 '
b101010 &
#43
05
1-
b1010111010100010 "
b1010111010100010 8
11
0*
12
04
16
17
1+
1,
1.
1/
0)
b111111100001100 $
b111111100001100 (
b1010111010100010 !
b10111110010110 #
b10111110010110 '
b101011 &
#44
0.
01
b1011110010001010 "
b1011110010001010 8
0-
02
15
17
00
14
16
b1110110111001000 $
b1110110111001000 (
b1011110010001010 !
b1100111011000010 #
b1100111011000010 '
b101100 &
#45
0+
07
1.
11
06
b100011110110100 "
b100011110110100 8
1*
1-
10
12
13
05
1)
b1110110100111101 $
b1110110100111101 (
b100011110110100 !
b101101001110111 #
b101101001110111 '
b101101 &
#46
0/
0-
b1101101110010000 "
b1101101110010000 8
0.
0,
0)
b1111110 $
b1111110 (
b1101101110010000 !
b1101101100010010 #
b1101101100010010 '
b101110 &
#47
1+
17
00
b110100010100110 "
b110100010100110 8
16
0*
1)
b1110011100111001 $
b1110011100111001 (
b110100010100110 !
b1000000101101101 #
b1000000101101101 '
b101111 &
#48
1/
1.
1-
10
04
b1000010111110010 "
b1000010111110010 8
05
1,
11
06
1*
03
b1111011011010011 $
b1111011011010011 (
b1000010111110010 !
b1000111100011111 #
b1000111100011111 '
b110000 &
#49
06
02
05
01
04
0.
0+
00
03
0-
0/
b1011011111111101 "
b1011011111111101 8
07
0*
0)
b1000100001111000 $
b1000100001111000 (
b1011011111111101 !
b10111110000101 #
b10111110000101 '
b110001 &
#50
17
12
b1010010010100100 "
b1010010010100100 8
1*
1-
16
11
14
1/
1)
b100101101001001 $
b100101101001001 (
b1010010010100100 !
b101100101011011 #
b101100101011011 '
b110010 &
#51
b101110101101001 "
b101110101101001 8
10
0-
13
04
06
1+
1.
0/
0)
b1010111100101010 $
b1010111100101010 (
b101110101101001 !
b1010111000111111 #
b1010111000111111 '
b110011 &
#52
02
06
01
05
00
0,
0-
04
1/
b1001101111011110 "
b1001101111011110 8
07
0*
03
0+
b11100010000110 $
b11100010000110 (
b1001101111011110 !
b110001101011000 #
b110001101011000 '
b110100 &
#53
12
0/
b1111111100101010 "
b1111111100101010 8
11
10
15
0.
b1111001010011100 $
b1111001010011100 (
b1111111100101010 !
b110010001110 #
b110010001110 '
b110101 &
#54
12
14
1.
b101011000100000 "
b101011000100000 8
16
1*
11
15
1,
10
13
1-
b1011110000100110 $
b1011110000100110 (
b101011000100000 !
b1001100111111010 #
b1001100111111010 '
b110110 &
#55
02
b1100110000010110 "
b1100110000010110 8
00
01
17
1+
0,
1)
b1011010010100011 $
b1011010010100011 (
b1100110000010110 !
b1011101110011 #
b1011101110011 '
b110111 &
#56
12
11
05
07
0.
b11101011100010 "
b11101011100010 8
10
04
06
0,
0+
0-
b1001001010110011 $
b1001001010110011 (
b11101011100010 !
b1010100000101111 #
b1010100000101111 '
b111000 &
#57
1-
1,
b110001110100011 "
b110001110100011 8
0*
03
14
1+
0)
b110101000100 $
b110101000100 (
b110001110100011 !
b101011001011111 #
b101011001011111 '
b111001 &
#58
12
17
11
16
1/
b11010011000010 "
b11010011000010 8
13
1*
10
15
1.
1)
b11011011001011 $
b11011011001011 (
b11010011000010 !
b1111110111110111 #
b1111110111110111 '
b111010 &
#59
0/
b1111011001000000 "
b1111011001000000 8
0+
0.
0)
b1101101101011010 $
b1101101101011010 (
b1111011001000000 !
b1101011100110 #
b1101011100110 '
b111011 &
#60
00
b1010010000010110 "
b1010010000010110 8
02
0*
0,
0-
1/
1)
b1110001011101101 $
b1110001011101101 (
b1010010000010110 !
b1100000100101001 #
b1100000100101001 '
b111100 &
#61
1-
07
1,
02
06
b10001100111111 "
b10001100111111 8
01
03
1+
1.
0)
b1011011001100101 $
b1011011001100101 (
b10001100111111 !
b110110011011010 #
b110110011011010 '
b111101 &
#62
0/
0.
0-
13
11
1*
0,
b111011110010100 "
b111011110010100 8
12
10
14
0+
1)
b1001010011011111 $
b1001010011011111 (
b111011110010100 !
b1110001010110101 #
b1110001010110101 '
b111110 &
#63
03
02
01
1+
1/
00
17
1.
0*
b1100010111101 "
b1100010111101 8
05
16
1,
1-
0)
b1111111101000100 $
b1111111101000100 (
b1100010111101 !
b1100101111001 #
b1100101111001 '
b111111 &
#64
0+
07
0.
0/
05
b1011111111010 "
b1011111111010 8
04
06
0-
b101100101010 $
b101100101010 (
b1011111111010 !
b110011010000 #
b110011010000 '
b1000000 &
#65
17
10
b111110010111001 "
b111110010111001 8
1+
1*
11
16
b1100111100001110 $
b1100111100001110 (
b111110010111001 !
b1010110110101011 #
b1010110110101011 '
b1000001 &
#66
00
07
1-
b110101001110110 "
b110101001110110 8
15
16
1.
0*
12
b1011110010011010 $
b1011110010011010 (
b110101001110110 !
b1010110111011100 #
b1010110111011100 '
b1000010 &
#67
0.
10
12
0-
b111010111000000 "
b111010111000000 8
1*
13
06
0/
11
14
17
0+
0,
1)
b1011000011 $
b1011000011 (
b111010111000000 !
b111001011111101 #
b111001011111101 '
b1000011 &
#68
b1101011010100100 "
b1101011010100100 8
03
0+
1.
1/
05
16
07
1,
0)
b1110100101001110 $
b1110100101001110 (
b1101011010100100 !
b1110110101010110 #
b1110110101010110 '
b1000100 &
#69
02
03
07
b1010101001110001 "
b1010101001110001 8
04
1+
06
0,
1-
b11010000001010 $
b11010000001010 (
b1010101001110001 !
b111011001100111 #
b111011001100111 '
b1000101 &
#70
01
00
0/
b100001111101110 "
b100001111101110 8
0*
13
12
0+
1,
b1000101000111000 $
b1000101000111000 (
b100001111101110 !
b1011100110110110 #
b1011100110110110 '
b1000110 &
#71
17
16
15
0/
14
0-
0.
b100110000110001 "
b100110000110001 8
11
1+
0,
b1100010010111000 $
b1100010010111000 (
b100110000110001 !
b1000011101111001 #
b1000011101111001 '
b1000111 &
#72
1/
1.
b1110100100111 "
b1110100100111 8
04
01
03
1,
1-
b101110110010011 $
b101110110010011 (
b1110100100111 !
b1011111110010100 #
b1011111110010100 '
b1001000 &
#73
0+
0/
07
0.
b1111011001011101 "
b1111011001011101 8
02
05
06
0-
b1100101001011001 $
b1100101001011001 (
b1111011001011101 !
b10110000000100 #
b10110000000100 '
b1001001 &
#74
1+
17
16
1.
10
12
15
1-
1*
b100100000101000 "
b100100000101000 8
11
14
1/
1)
b1101111001001101 $
b1101111001001101 (
b100100000101000 !
b110100111011011 #
b110100111011011 '
b1001010 &
#75
00
0-
b1101111001000110 "
b1101111001000110 8
13
0*
0,
0/
b10011001101101 $
b10011001101101 (
b1101111001000110 !
b1011011111011001 #
b1011011111011001 '
b1001011 &
#76
13
10
12
b10110001000000 "
b10110001000000 8
0.
1*
11
0+
1/
0)
b100100111001010 $
b100100111001010 (
b10110001000000 !
b1110001001110110 #
b1110001001110110 '
b1001100 &
#77
0-
0,
01
b1001111101001011 "
b1001111101001011 8
07
0+
0*
1.
04
1/
b111000110010101 $
b111000110010101 (
b1001111101001011 !
b10110110110110 #
b10110110110110 '
b1001101 &
#78
06
0/
b1011010101001010 "
b1011010101001010 8
03
04
1,
02
05
17
1-
0.
b1001101100000100 $
b1001101100000100 (
b1011010101001010 !
b1101001000110 #
b1101001000110 '
b1001110 &
#79
1+
12
0/
15
b110100101100000 "
b110100101100000 8
11
1*
0.
10
14
13
16
17
0,
0-
1)
b11101101001 $
b11101101001 (
b110100101100000 !
b110000111110111 #
b110000111110111 '
b1001111 &
#80
03
02
01
1.
00
1-
b100100000111100 "
b100100000111100 8
0*
04
1,
0)
b1000110110001000 $
b1000110110001000 (
b100100000111100 !
b1011101010110100 #
b1011101010110100 '
b1010000 &
#81
0-
0,
0+
06
b1101110101010101 "
b1101110101010101 8
07
0.
0/
13
11
05
b10000101101 $
b10000101101 (
b1101110101010101 !
b1101100100101000 #
b1101100100101000 '
b1010001 &
#82
05
1.
b1100110011110101 "
b1100110011110101 8
04
1-
1*
10
11
03
b1001110000101110 $
b1001110000101110 (
b1100110011110101 !
b11000011000111 #
b11000011000111 '
b1010010 &
#83
00
0.
12
b10100100100100 "
b10100100100100 8
0*
1+
0-
1/
b100010100011100 $
b100010100011100 (
b10100100100100 !
b1110010000001000 #
b1110010000001000 '
b1010011 &
#84
16
15
14
b1010111000100110 "
b1010111000100110 8
13
17
0/
1)
b11100101001 $
b11100101001 (
b1010111000100110 !
b1010011011111101 #
b1010011011111101 '
b1010100 &
#85
0+
07
06
05
12
b1111011110100010 "
b1111011110100010 8
04
10
11
03
0)
b110011110000110 $
b110011110000110 (
b1111011110100010 !
b1001000000011100 #
b1001000000011100 '
b1010101 &
#86
15
14
13
b1100111100010111 "
b1100111100010111 8
00
b1100011000111101 $
b1100011000111101 (
b1100111100010111 !
b100011011010 #
b100011011010 '
b1010110 &
#87
07
02
b110101111010110 "
b110101111010110 8
05
06
01
1+
b1100010001110000 $
b1100010001110000 (
b110101111010110 !
b1010011101100110 #
b1010011101100110 '
b1010111 &
#88
16
0-
15
0,
b1001111000101101 "
b1001111000101101 8
1*
0+
12
b1001100110111010 $
b1001100110111010 (
b1001111000101101 !
b10001110011 #
b10001110011 '
b1011000 &
#89
1/
10
17
b10110101011000 "
b10110101011000 8
11
1-
1.
b111100111111010 $
b111100111111010 (
b10110101011000 !
b1011001101011110 #
b1011001101011110 '
b1011001 &
#90
07
06
05
01
0/
04
00
0.
03
b1111101111101111 "
b1111101111101111 8
0*
1+
0-
b1111011000011010 $
b1111011000011010 (
b1111101111101111 !
b10111010101 #
b10111010101 '
b1011010 &
#91
11
10
1*
b110000111110000 "
b110000111110000 8
13
0+
1)
b110000100110111 $
b110000100110111 (
b110000111110000 !
b10111001 #
b10111001 '
b1011011 &
#92
1+
00
02
17
b101100101010110 "
b101100101010110 8
0*
01
15
03
16
1.
0)
b10000111000000 $
b10000111000000 (
b101100101010110 !
b11011110010110 #
b11011110010110 '
b1011100 &
#93
b1011100111011100 "
b1011100111011100 8
1*
10
06
1-
13
05
1,
0.
b1101010110110 $
b1101010110110 (
b1011100111011100 !
b1001111100100110 #
b1001111100100110 '
b1011101 &
#94
15
b1001001101011001 "
b1001001101011001 8
16
0*
11
12
14
0-
b111111011100 $
b111111011100 (
b1001001101011001 !
b1000001101111101 #
b1000001101111101 '
b1011110 &
#95
05
04
03
02
01
1.
b101011011111110 "
b101011011111110 8
00
1-
1/
b1111111101111000 $
b1111111101111000 (
b101011011111110 !
b101011110000110 #
b101011110000110 '
b1011111 &
#96
0-
10
17
13
15
0,
0.
b1110001011001 "
b1110001011001 8
1*
16
11
12
14
0+
0/
b1000000011011011 $
b1000000011011011 (
b1110001011001 !
b1001101101111110 #
b1001101101111110 '
b1100000 &
#97
1-
1,
1+
b1110001001001000 "
b1110001001001000 8
1.
1)
b10101101111001 $
b10101101111001 (
b1110001001001000 !
b1011011011001111 #
b1011011011001111 '
b1100001 &
#98
02
07
01
06
0*
00
0-
b1101001101011011 "
b1101001101011011 8
1/
0)
b1110111001100001 $
b1110111001100001 (
b1101001101011011 !
b1110010011111010 #
b1110010011111010 '
b1100010 &
#99
10
05
1/
1-
1*
06
b1000000110111000 "
b1000000110111000 8
03
04
0+
1.
1)
b111100010100001 $
b111100010100001 (
b1000000110111000 !
b100100010111 #
b100100010111 '
b1100011 &
#100
00
b10011111010110 "
b10011111010110 8
0.
0/
0*
0,
0)
b1001011001010000 $
b1001011001010000 (
b10011111010110 !
b1001000110000110 #
b1001000110000110 '
b1100100 &
#101
16
15
14
b1110001000101010 "
b1110001000101010 8
10
12
13
1,
1)
b1000100000110101 $
b1000100000110101 (
b1110001000101010 !
b101100111110101 #
b101100111110101 '
b1100101 &
#102
06
05
0/
0+
04
0-
b1111111111101010 "
b1111111111101010 8
0.
01
07
03
0,
00
02
b111010111000001 $
b111010111000001 (
b1111111111101010 !
b1000101000101001 #
b1000101000101001 '
b1100110 &
#103
1/
b10100101011101 "
b10100101011101 8
15
1+
1-
1.
0)
b1011010010011000 $
b1011010010011000 (
b10100101011101 !
b111010011000101 #
b111010011000101 '
b1100111 &
#104
0.
b1011110110111110 "
b1011110110111110 8
06
0,
14
0-
1*
05
17
0+
1)
b100001001110011 $
b100001001110011 (
b1011110110111110 !
b111101101001011 #
b111101101001011 '
b1101000 &
#105
b1111110101110110 "
b1111110101110110 8
00
11
04
0/
0*
15
1+
0)
b1011010001010 $
b1011010001010 (
b1111110101110110 !
b1110011011101100 #
b1110011011101100 '
b1101001 &
#106
b101000111110110 "
b101000111110110 8
06
05
07
0+
b1000000010101000 $
b1000000010101000 (
b101000111110110 !
b1101000101001110 #
b1101000101001110 '
b1101010 &
#107
1/
1.
16
1-
b1000101001001010 "
b1000101001001010 8
01
13
15
1+
1,
1)
b1000110010100001 $
b1000110010100001 (
b1000101001001010 !
b1111110110101001 #
b1111110110101001 '
b1101011 &
#108
0-
11
06
b1111111110100 "
b1111111110100 8
07
0,
1*
10
03
05
0+
0)
b110011011100110 $
b110011011100110 (
b1111111110100 !
b1011100100001110 #
b1011100100001110 '
b1101100 &
#109
13
0/
12
b111010111001001 "
b111010111001001 8
0.
b1011010100101010 $
b1011010100101010 (
b111010111001001 !
b1100000010011111 #
b1100000010011111 '
b1101101 &
#110
1/
03
00
1,
1.
b1000110110111 "
b1000110110111 8
02
0*
1+
1-
b1111010010001101 $
b1111010010001101 (
b1000110110111 !
b1110100101010 #
b1110100101010 '
b1101110 &
#111
13
b1110010111010110 "
b1110010111010110 8
12
17
b1110011000111000 $
b1110011000111000 (
b1110010111010110 !
b1111111110011110 #
b1111111110011110 '
b1101111 &
#112
16
15
0,
0-
b1000110001000001 "
b1000110001000001 8
14
17
0+
b1110001111001000 $
b1110001111001000 (
b1000110001000001 !
b1010100001111001 #
b1010100001111001 '
b1110000 &
#113
05
04
02
b1000011011011101 "
b1000011011011101 8
07
03
0+
01
1*
0.
b100000100010011 $
b100000100010011 (
b1000011011011101 !
b100010111001010 #
b100010111001010 '
b1110001 &
#114
11
1+
15
10
17
b111100000110010 "
b111100000110010 8
14
16
0/
1,
1)
b1010111011000111 $
b1010111011000111 (
b111100000110010 !
b1100100101101011 #
b1100100101101011 '
b1110010 &
#115
b111101101110000 "
b111101101110000 8
07
13
12
04
1-
0)
b1001110110111010 $
b1001110110111010 (
b111101101110000 !
b1101110110110110 #
b1101110110110110 '
b1110011 &
#116
03
02
01
1-
00
b100000101111101 "
b100000101111101 8
04
17
1.
1,
0*
1+
b1001010110111001 $
b1001010110111001 (
b100000101111101 !
b1010101111000100 #
b1010101111000100 '
b1110100 &
#117
0,
13
0+
b110111001000110 "
b110111001000110 8
0.
0/
12
b1001101010110100 $
b1001101010110100 (
b110111001000110 !
b1101001110010010 #
b1101001110010010 '
b1110101 &
#118
17
13
11
16
14
1.
b1100110000000101 "
b1100110000000101 8
1*
12
10
15
b1001000010000110 $
b1001000010000110 (
b1100110000000101 !
b11101101111111 #
b11101101111111 '
b1110110 &
#119
01
07
1/
b1000101011101100 "
b1000101011101100 8
00
1+
b1001010011110010 $
b1001010011110010 (
b1000101011101100 !
b1111010111111010 #
b1111010111111010 '
b1110111 &
#120
0,
06
0/
01
05
0.
00
07
b111111111101111 "
b111111111101111 8
0*
04
0+
0-
b101111010111101 $
b101111010111101 (
b111111111101111 !
b10000100110010 #
b10000100110010 '
b1111000 &
#121
03
16
1,
04
b111001001101000 "
b111001001101000 8
10
02
15
1+
b1010010011100100 $
b1010010011100100 (
b111001001101000 !
b1100110110000100 #
b1100110110000100 '
b1111001 &
#122
1.
1-
b100100101110011 "
b100100101110011 8
17
1+
1/
00
11
b111100110101001 $
b111100110101001 (
b100100101110011 !
b1100111111001010 #
b1100111111001010 '
b1111010 &
#123
b101001000101111 "
b101001000101111 8
0-
07
0+
01
0/
b1010100110001110 $
b1010100110001110 (
b101001000101111 !
b1010100010100001 #
b1010100010100001 '
b1111011 &
#124
14
13
12
06
1+
1-
b1000100100000110 "
b1000100100000110 8
1/
15
1.
1*
11
17
1)
b1111000001011 $
b1111000001011 (
b1000100100000110 !
b110101011111011 #
b110101011111011 '
b1111100 &
#125
0,
03
0+
b1100111010111000 "
b1100111010111000 8
16
10
02
0/
07
b11110111001001 $
b11110111001001 (
b1100111010111000 !
b1001000011101111 #
b1001000011101111 '
b1111101 &
#126
06
0.
0*
b10110110101011 "
b10110110101011 8
13
01
12
14
05
0-
1/
0)
b100100001110101 $
b100100001110101 (
b10110110101011 !
b1110010100110110 #
b1110010100110110 '
b1111110 &
#127
04
06
1,
03
1.
05
b1010111111010 "
b1010111111010 8
1*
10
1+
1/
11
02
17
1-
1)
b1011111101101011 $
b1011111101101011 (
b1010111111010 !
b101011010001111 #
b101011010001111 '
b1111111 &
#128
0-
16
00
b1001110000110110 "
b1001110000110110 8
0,
15
17
0*
0)
b1011010010101110 $
b1011010010101110 (
b1001110000110110 !
b1110011110001000 #
b1110011110001000 '
b10000000 &
#129
0+
0/
07
b1100011100101101 "
b1100011100101101 8
01
1*
12
0.
b100010110010010 $
b100010110010010 (
b1100011100101101 !
b1000000110011011 #
b1000000110011011 '
b10000001 &
#130
0.
0-
0,
0+
b1011111101010101 "
b1011111101010101 8
07
11
06
0*
02
13
05
1/
b1110000000101101 $
b1110000000101101 (
b1011111101010101 !
b1101111100101000 #
b1101111100101000 '
b10000010 &
#131
1,
1+
17
16
1.
b1000000001101 "
b1000000001101 8
15
01
1-
1/
1*
03
14
b1011000011000010 $
b1011000011000010 (
b1000000001101 !
b101111101001011 #
b101111101001011 '
b10000011 &
#132
0/
07
0.
06
0-
12
b1111101100101011 "
b1111101100101011 8
05
0,
0*
11
10
04
b10100001101 $
b10100001101 (
b1111101100101011 !
b1111011000011110 #
b1111011000011110 '
b10000100 &
#133
15
1/
14
1.
b1001101100000100 "
b1001101100000100 8
13
00
1-
16
1,
b1001110100011000 $
b1001110100011000 (
b1001101100000100 !
b1111110111101100 #
b1111110111101100 '
b10000101 &
#134
04
02
03
17
0.
0/
b11100001010111 "
b11100001010111 8
01
1+
b1110010000110 $
b1110010000110 (
b11100001010111 !
b1101111010001 #
b1101111010001 '
b10000110 &
#135
1*
1/
b1000100001111100 "
b1000100001111100 8
06
07
05
0,
0-
1.
1)
b110010000111011 $
b110010000111011 (
b1000100001111100 !
b10010001000001 #
b10010001000001 '
b10000111 &
#136
15
1-
0*
b1110001100101011 "
b1110001100101011 8
14
12
16
0+
1,
0)
b1110100101010011 $
b1110100101010011 (
b1110001100101011 !
b1111100111011000 #
b1111100111011000 '
b10001000 &
#137
11
10
b1000010010110001 "
b1000010010110001 8
05
0-
1*
06
17
0,
b10001001011011 $
b10001001011011 (
b1000010010110001 !
b110001001010110 #
b110001001010110 '
b10001001 &
#138
00
01
b1101110011100110 "
b1101110011100110 8
03
05
0*
04
02
b1110001000000100 $
b1110001000000100 (
b1101110011100110 !
b1111101011100010 #
b1111101011100010 '
b10001010 &
#139
16
15
13
1+
b1011100001001011 "
b1011100001001011 8
14
17
12
0.
0/
b1011010011011000 $
b1011010011011000 (
b1011100001001011 !
b1101110011 #
b1101110011 '
b10001011 &
#140
06
05
07
1,
b1001000111001010 "
b1001000111001010 8
04
1/
b100010010111000 $
b100010010111000 (
b1001000111001010 !
b100110100010010 #
b100110100010010 '
b10001100 &
#141
15
b1100100100011110 "
b1100100100011110 8
14
1.
0,
02
17
1+
1-
0/
1)
b1011011011100101 $
b1011011011100101 (
b1100100100011110 !
b1001000111001 #
b1001000111001 '
b10001101 &
#142
05
b1110101111001100 "
b1110101111001100 8
1*
04
06
0.
0/
07
1,
b111100101011 $
b111100101011 (
b1110101111001100 !
b1101110010100001 #
b1101110010100001 '
b10001110 &
#143
0*
b1110001101001001 "
b1110001101001001 8
15
03
16
0)
b1000010111001000 $
b1000010111001000 (
b1110001101001001 !
b101110110000001 #
b101110110000001 '
b10001111 &
#144
10
0,
1.
b100111011001000 "
b100111011001000 8
1*
0+
1/
13
05
1)
b1111100110100001 $
b1111100110100001 (
b100111011001000 !
b101010100100111 #
b101010100100111 '
b10010000 &
#145
12
1+
0*
b1010100000100011 "
b1010100000100011 8
11
03
06
17
1,
1-
0)
b11101000000100 $
b11101000000100 (
b1010100000100011 !
b110111000011111 #
b110111000011111 '
b10010001 &
#146
0.
01
0-
0+
0/
b1010001111101110 "
b1010001111101110 8
07
00
0,
b1000000010010110 $
b1000000010010110 (
b1010001111101110 !
b10001101011000 #
b10001101011000 '
b10010010 &
#147
1.
b100011100100110 "
b100011100100110 8
1-
b1011010000010010 $
b1011010000010010 (
b100011100100110 !
b1001001100010100 #
b1001001100010100 '
b10010011 &
#148
13
b101001101000111 "
b101001101000111 8
0-
15
1/
b1110001010110001 $
b1110001010110001 (
b101001101000111 !
b111000010010110 #
b111000010010110 '
b10010100 &
#149
1-
17
11
13
1,
16
b110010001000010 "
b110010001000010 8
10
12
0/
14
15
1+
0.
1)
b1000111011101101 $
b1000111011101101 (
b110010001000010 !
b1101010101010101 #
b1101010101010101 '
b10010101 &
#150
12
11
b100011100100000 "
b100011100100000 8
1*
1.
10
0+
b1101111110101 $
b1101111110101 (
b100011100100000 !
b10101100101011 #
b10101100101011 '
b10010110 &
#151
06
05
0.
b10010111010100 "
b10010111010100 8
02
04
0-
0,
b10001000100111 $
b10001000100111 (
b10010111010100 !
b1110101101 #
b1110101101 '
b10010111 &
#152
1-
16
1,
0*
01
b1110010000101011 "
b1110010000101011 8
15
17
03
1+
1.
1/
0)
b1110010010100111 $
b1110010010100111 (
b1110010000101011 !
b1111111110000100 #
b1111111110000100 '
b10011000 &
#153
0+
0.
12
07
0-
14
11
1*
06
0,
b11011110100000 "
b11011110100000 8
10
13
0/
1)
b1001000010111001 $
b1001000010111001 (
b11011110100000 !
b1010011011100111 #
b1010011011100111 '
b10011001 &
#154
1,
1/
1+
1.
b1001000100100 "
b1001000100100 8
16
00
17
03
1-
b1011101111011011 $
b1011101111011011 (
b1001000100100 !
b101011001001001 #
b101011001001001 '
b10011010 &
#155
02
b1100000100011010 "
b1100000100011010 8
0*
0/
01
b1011000101010001 $
b1011000101010001 (
b1100000100011010 !
b111111001001 #
b111111001001 '
b10011011 &
#156
07
06
05
0.
b11101111001011 "
b11101111001011 8
13
04
1/
0)
b1101110100101010 $
b1101110100101010 (
b11101111001011 !
b101111010100001 #
b101111010100001 '
b10011100 &
#157
16
15
b110011000111111 "
b110011000111111 8
03
0+
0/
14
0,
0-
b10000001000101 $
b10000001000101 (
b110011000111111 !
b100010111111010 #
b100010111111010 '
b10011101 &
#158
06
0+
05
b100011111111111 "
b100011111111111 8
07
04
b100001001111100 $
b100001001111100 (
b100011111111111 !
b10110000011 #
b10110000011 '
b10011110 &
#159
11
10
1,
15
1.
b101000101110000 "
b101000101110000 8
1*
1+
12
13
14
1-
b11110011111110 $
b11110011111110 (
b101000101110000 !
b1010001110010 #
b1010001110010 '
b10011111 &
#160
0-
00
0,
05
b1001110011010111 "
b1001110011010111 8
1/
0*
02
17
0+
b1010101001101111 $
b1010101001101111 (
b1001110011010111 !
b1111001001101000 #
b1111001001101000 '
b10100000 &
#161
0,
04
b10111101110110 "
b10111101110110 8
0+
0/
01
03
15
16
07
0.
b10000111110000 $
b10000111110000 (
b10111101110110 !
b110110000110 #
b110110000110 '
b10100001 &
#162
1+
b10100001111000 "
b10100001111000 8
17
05
1-
b1001000101000000 $
b1001000101000000 (
b10100001111000 !
b1001011100111000 #
b1001011100111000 '
b10100010 &
#163
15
1+
14
17
1/
b10000000011110 "
b10000000011110 8
1,
13
1-
16
1.
b1010100111110110 $
b1010100111110110 (
b10000000011110 !
b111011000101000 #
b111011000101000 '
b10100011 &
#164
0,
0+
0/
b100110010000101 "
b100110010000101 8
03
b11000111000000 $
b11000111000000 (
b100110010000101 !
b1101011000101 #
b1101011000101 '
b10100100 &
#165
1,
b1101000010101101 "
b1101000010101101 8
1+
12
13
05
1/
b111000100111001 $
b111000100111001 (
b1101000010101101 !
b101111101110100 #
b101111101110100 '
b10100101 &
#166
0/
0.
b1111000111101100 "
b1111000111101100 8
04
05
06
0-
b1000011100111100 $
b1000011100111100 (
b1111000111101100 !
b110101010110000 #
b110101010110000 '
b10100110 &
#167
b110011010001100 "
b110011010001100 8
14
0+
0,
1*
02
16
1-
b1101001101100010 $
b1101001101100010 (
b110011010001100 !
b1001001100101010 #
b1001001100101010 '
b10100111 &
#168
1/
07
04
b1000001111110110 "
b1000001111110110 8
05
1,
00
1.
06
1-
0*
03
1+
1)
b100111011100001 $
b100111011100001 (
b1000001111110110 !
b11010100010101 #
b11010100010101 '
b10101000 &
#169
10
b1000101101011010 "
b1000101101011010 8
1*
b1110111001000011 $
b1110111001000011 (
b1000101101011010 !
b1001110100010111 #
b1001110100010111 '
b10101001 &
#170
0/
17
0.
00
16
b1110100001001111 "
b1110100001001111 8
01
0-
0*
15
1+
0,
0)
b10010000110 $
b10010000110 (
b1110100001001111 !
b1110001111001001 #
b1110001111001001 '
b10101010 &
#171
1-
b110100011100110 "
b110100011100110 8
05
1,
1)
b1001110111000001 $
b1001110111000001 (
b110100011100110 !
b1100101100100101 #
b1100101100100101 '
b10101011 &
#172
1/
12
0+
0-
b1000010011100111 "
b1000010011100111 8
11
06
0,
1.
0)
b1110001001011010 $
b1110001001011010 (
b1000010011100111 !
b1010001010001101 #
b1010001010001101 '
b10101100 &
#173
1-
1,
b1010001000110011 "
b1010001000110011 8
02
03
1+
10
11
16
b111101100101100 $
b111101100101100 (
b1010001000110011 !
b10011100000111 #
b10011100000111 '
b10101101 &
#174
04
03
01
07
b100001101111101 "
b100001101111101 8
02
00
06
b1110011001110001 $
b1110011001110001 (
b100001101111101 !
b101110100001100 #
b101110100001100 '
b10101110 &
#175
11
10
b110000111110001 "
b110000111110001 8
1*
12
13
b1110010110110110 $
b1110010110110110 (
b110000111110001 !
b111110000111011 #
b111110000111011 '
b10101111 &
#176
1,
b1001000110010101 "
b1001000110010101 8
14
0-
15
17
1+
0.
b1100111010011110 $
b1100111010011110 (
b1001000110010101 !
b1100001011110111 #
b1100001011110111 '
b10110000 &
#177
0,
0+
b100111110110001 "
b100111110110001 8
1.
03
0*
05
07
1-
b1111011101010101 $
b1111011101010101 (
b100111110110001 !
b101100001011100 #
b101100001011100 '
b10110001 &
#178
b100110011000000 "
b100110011000000 8
01
00
02
13
04
17
0/
b1001010100000 $
b1001010100000 (
b100110011000000 !
b11101000100000 #
b11101000100000 '
b10110010 &
#179
16
15
b1001011000100110 "
b1001011000100110 8
14
0.
1,
12
07
0-
b1000110010110100 $
b1000110010110100 (
b1001011000100110 !
b100101110010 #
b100101110010 '
b10110011 &
#180
06
05
04
b1110010111101010 "
b1110010111101010 8
10
11
03
0,
1-
1.
1/
1)
b1111000000001101 $
b1111000000001101 (
b1110010111101010 !
b1111010111011101 #
b1111010111011101 '
b10110100 &
#181
0/
b1101101111000100 "
b1101101111000100 8
13
1*
14
0-
00
0.
b100001001111001 $
b100001001111001 (
b1101101111000100 !
b1001100101001011 #
b1001100101001011 '
b10110101 &
#182
0*
b11111110011011 "
b11111110011011 8
10
15
1/
0)
b110010011111101 $
b110010011111101 (
b11111110011011 !
b1101101010011110 #
b1101101010011110 '
b10110110 &
#183
1.
16
b100011000001010 "
b100011000001010 8
1*
17
1-
10
1)
b111001110001111 $
b111001110001111 (
b100011000001010 !
b1101001001111011 #
b1101001001111011 '
b10110111 &
#184
07
06
05
04
03
b1100001111100110 "
b1100001111100110 8
00
02
01
1,
0/
b10100111100011 $
b10100111100011 (
b1100001111100110 !
b1001101000000011 #
b1001101000000011 '
b10111000 &
#185
1+
1.
01
13
17
1-
b1000000011001110 "
b1000000011001110 8
00
1/
0*
12
16
1,
b11110110110001 $
b11110110110001 (
b1000000011001110 !
b100001100011101 #
b100001100011101 '
b10111001 &
#186
05
07
03
04
0/
b101101111011001 "
b101101111011001 8
10
06
02
0)
b1011110010010101 $
b1011110010010101 (
b101101111011001 !
b1001111101000100 #
b1001111101000100 '
b10111010 &
#187
0,
b1010110111001101 "
b1010110111001101 8
1/
14
0+
00
13
15
b111100011101101 $
b111100011101101 (
b1010110111001101 !
b11010011100000 #
b11010011100000 '
b10111011 &
#188
1,
1+
0/
17
b111000101001010 "
b111000101001010 8
12
13
16
0.
b101101111111000 $
b101101111111000 (
b111000101001010 !
b1010101010010 #
b1010101010010 '
b10111100 &
#189
07
06
05
04
0-
0/
03
0,
0.
b111101111011111 "
b111101111011111 8
02
b1100010001010010 $
b1100010001010010 (
b111101111011111 !
b1011011110001101 #
b1011011110001101 '
b10111101 &
#190
1-
17
1,
b1110010011001010 "
b1110010011001010 8
10
16
1.
1/
b1111110101000110 $
b1111110101000110 (
b1110010011001010 !
b1110011110000100 #
b1110011110000100 '
b10111110 &
#191
1,
1+
02
17
b1000000011100 "
b1000000011100 8
01
00
15
16
b111110110010000 $
b111110110010000 (
b1000000011100 !
b1001001010001100 #
b1001001010001100 '
b10111111 &
#192
14
13
12
11
10
0.
0+
0,
07
b10001010000001 "
b10001010000001 8
1*
05
0-
b110000101101010 $
b110000101101010 (
b10001010000001 !
b1100000100010111 #
b1100000100010111 '
b11000000 &
#193
01
03
00
1.
04
1,
02
17
b1010000101110 "
b1010000101110 8
1/
0*
15
1+
1-
b1011110010101010 $
b1011110010101010 (
b1010000101110 !
b101011110000100 #
b101011110000100 '
b11000001 &
#194
06
b1000111011100 "
b1000111011100 8
0.
0/
13
14
05
0-
b1001100000 $
b1001100000 (
b1000111011100 !
b111101111100 #
b111101111100 '
b11000010 &
#195
0,
12
16
0+
b1010111001000101 "
b1010111001000101 8
11
13
1*
04
15
07
1/
b110000010001011 $
b110000010001011 (
b1010111001000101 !
b100110110111010 #
b100110110111010 '
b11000011 &
#196
1.
b1110011001011 "
b1110011001011 8
02
06
0*
05
1+
1,
1/
10
01
17
1-
b1111000100101 $
b1111000100101 (
b1110011001011 !
b1111111010100110 #
b1111111010100110 '
b11000100 &
#197
0+
b1000011111010100 "
b1000011111010100 8
0.
0/
1*
07
00
0,
0-
b10010100010 $
b10010100010 (
b1000011111010100 !
b1000001100110010 #
b1000001100110010 '
b11000101 &
#198
1/
04
b10110001011101 "
b10110001011101 8
0*
03
1-
1.
b1011000000010100 $
b1011000000010100 (
b10110001011101 !
b111110001001001 #
b111110001001001 '
b11000110 &
#199
14
13
10
12
0/
1*
b1100001110001000 "
b1100001110001000 8
11
0-
0.
1)
b1101001011 $
b1101001011 (
b1100001110001000 !
b1100000000111101 #
b1100000000111101 '
b11000111 &
#200
1/
0*
03
b1010010110100011 "
b1010010110100011 8
1-
1.
0)
b111010101000111 $
b111010101000111 (
b1010010110100011 !
b11000001011100 #
b11000001011100 '
b11001000 &
#201
02
1,
06
01
1+
b1000110111111 "
b1000110111111 8
03
05
00
04
17
b111101000111001 $
b111101000111001 (
b1000110111111 !
b1001011110000110 #
b1001011110000110 '
b11001001 &
#202
1,
14
0/
16
1+
13
0.
b111000010000100 "
b111000010000100 8
15
17
12
0-
b1110010111010000 $
b1110010111010000 (
b111000010000100 !
b1000101010110100 #
b1000101010110100 '
b11001010 &
#203
06
05
0+
03
b1001010110111000 "
b1001010110111000 8
04
07
0,
0-
10
11
02
1/
b100010110001100 $
b100010110001100 (
b1001010110111000 !
b101000000101100 #
b101000000101100 '
b11001011 &
#204
b1111011101110001 "
b1111011101110001 8
1*
0/
b100000001101010 $
b100000001101010 (
b1111011101110001 !
b1011011100000111 #
b1011011100000111 '
b11001100 &
#205
05
04
1+
01
03
17
b1111100011111001 "
b1111100011111001 8
00
02
16
1-
1.
0*
1,
1/
b1111111111101000 $
b1111111111101000 (
b1111100011111001 !
b1111100100010001 #
b1111100100010001 '
b11001101 &
#206
0-
0,
0+
07
b1111110111110 "
b1111110111110 8
1*
14
06
0.
0/
1)
b1000000101110011 $
b1000000101110011 (
b1111110111110 !
b1001111001001011 #
b1001111001001011 '
b11001110 &
#207
1-
1,
1+
01
17
00
15
b110000100001111 "
b110000100001111 8
0*
13
16
0)
b10100100011 $
b10100100011 (
b110000100001111 !
b101101111101100 #
b101101111101100 '
b11001111 &
#208
04
b101010101101101 "
b101010101101101 8
0-
03
1/
1.
b110010111001001 $
b110010111001001 (
b101010101101101 !
b1110111110100100 #
b1110111110100100 '
b11010000 &
#209
14
0+
10
13
07
0/
0-
1*
0,
b111011100011000 "
b111011100011000 8
11
12
15
06
0.
1)
b111001011011111 $
b111001011011111 (
b111011100011000 !
b10000111001 #
b10000111001 '
b11010001 &
#210
03
16
0*
b111101000111011 "
b111101000111011 8
02
1+
01
0)
b110010101100111 $
b110010101100111 (
b111101000111011 !
b1010011010100 #
b1010011010100 '
b11010010 &
#211
13
b110011101001101 "
b110011101001101 8
01
00
12
04
0+
b10010110110000 $
b10010110110000 (
b110011101001101 !
b100000110011101 #
b100000110011101 '
b11010011 &
#212
1+
b1111100011001011 "
b1111100011001011 8
03
04
17
05
02
1,
1-
1.
b1011111101001001 $
b1011111101001001 (
b1111100011001011 !
b11100110000010 #
b11100110000010 '
b11010100 &
#213
b1101000111111001 "
b1101000111111001 8
06
b1011011100100000 $
b1011011100100000 (
b1101000111111001 !
b1101011011001 #
b1101011011001 '
b11010101 &
#214
0.
b1011101110101111 "
b1011101110101111 8
12
07
0-
1/
b110111110010011 $
b110111110010011 (
b1011101110101111 !
b100110000011100 #
b100110000011100 '
b11010110 &
#215
17
16
15
14
b1110010000001101 "
b1110010000001101 8
0/
1*
02
13
0+
0,
b1000001000101010 $
b1000001000101010 (
b1110010000001101 !
b110000111100011 #
b110000111100011 '
b11010111 &
#216
07
1/
1-
b10011100100101 "
b10011100100101 8
12
0+
06
1.
0*
11
03
1,
b10111001011101 $
b10111001011101 (
b10011100100101 !
b1111100011001000 #
b1111100011001000 '
b11011000 &
#217
02
05
b100011010111110 "
b100011010111110 8
03
0/
01
04
16
b1010100110000100 $
b1010100110000100 (
b100011010111110 !
b1001110100111010 #
b1001110100111010 '
b11011001 &
#218
12
b10011101100100 "
b10011101100100 8
1/
1*
11
13
06
1)
b111111100111001 $
b111111100111001 (
b10011101100100 !
b1010100000101011 #
b1010100000101011 '
b11011010 &
#219
0-
b1110001100100 "
b1110001100100 8
0/
0,
01
03
0.
0)
b1010010 $
b1010010 (
b1110001100100 !
b1110000010010 #
b1110000010010 '
b11011011 &
#220
1-
1,
1+
17
16
15
b10000000101001 "
b10000000101001 8
0*
14
b1001011011010000 $
b1001011011010000 (
b10000000101001 !
b1000100101011001 #
b1000100101011001 '
b11011100 &
#221
17
16
15
11
1/
b1010000000101 "
b1010000000101 8
0+
0-
13
14
1*
10
12
1.
b10100110010111 $
b10100110010111 (
b1010000000101 !
b1110101001101110 #
b1110101001101110 '
b11011101 &
#222
0/
b1111111110000001 "
b1111111110000001 8
1+
0,
0.
b111011110100110 $
b111011110100110 (
b1111111110000001 !
b1000011111011011 #
b1000011111011011 '
b11011110 &
#223
0+
03
07
02
06
01
05
1.
b100111110111011 "
b100111110111011 8
00
0,
04
0*
1-
1/
b111110000000000 $
b111110000000000 (
b100111110111011 !
b1101001110111011 #
b1101001110111011 '
b11011111 &
#224
10
1,
1*
0.
b10001001111000 "
b10001001111000 8
11
1+
1-
1)
b1101011001101001 $
b1101011001101001 (
b10001001111000 !
b100110000001111 #
b100110000001111 '
b11100000 &
#225
0-
00
0,
12
0*
0.
b111101101100101 "
b111101101100101 8
0/
0+
0)
b1100101011001 $
b1100101011001 (
b111101101100101 !
b110001000001100 #
b110001000001100 '
b11100001 &
#226
02
1*
b111111110010100 "
b111111110010100 8
10
11
14
15
16
1)
b11010111001111 $
b11010111001111 (
b111111110010100 !
b100100111000101 #
b100100111000101 '
b11100010 &
#227
06
01
0*
b1011110111100001 "
b1011110111100001 8
05
1/
00
12
04
0)
b1101100001010001 $
b1101100001010001 (
b1011110111100001 !
b1110010110010000 #
b1110010110010000 '
b11100011 &
#228
11
10
1,
1*
b111000111100000 "
b111000111100000 8
1+
12
13
14
0/
1)
b1100110101110111 $
b1100110101110111 (
b111000111100000 !
b1010010001101001 #
b1010010001101001 '
b11100100 &
#229
16
0.
0,
b1011111000100010 "
b1011111000100010 8
00
15
0-
0*
0+
03
1/
0)
b101100011011000 $
b101100011011000 (
b1011111000100010 !
b110010101001010 #
b110010101001010 '
b11100101 &
#230
1+
02
1-
17
b1110100001011111 "
b1110100001011111 8
01
0/
04
1,
b1001101011000100 $
b1001101011000100 (
b1110100001011111 !
b100110110011011 #
b100110110011011 '
b11100110 &
#231
1/
b1010010001101111 "
b1010010001101111 8
0+
12
13
0,
1.
b1111001010110111 $
b1111001010110111 (
b1010010001101111 !
b1011000110111000 #
b1011000110111000 '
b11100111 &
#232
03
b100100010110110 "
b100100010110110 8
06
1+
05
1.
02
1,
1-
b101101000110000 $
b101101000110000 (
b100100010110110 !
b1110111010000110 #
b1110111010000110 '
b11101000 &
#233
15
14
0-
b1101100101100 "
b1101100101100 8
1*
0.
10
12
13
16
0,
1)
b1100011110110101 $
b1100011110110101 (
b1101100101100 !
b101001101110111 #
b101001101110111 '
b11101001 &
#234
05
04
0*
b111110011011011 "
b111110011011011 8
02
0/
03
0)
b1000011100000111 $
b1000011100000111 (
b111110011011011 !
b1111010111010100 #
b1111010111010100 '
b11101010 &
#235
1.
02
1-
15
b100010101011111 "
b100010101011111 8
01
1,
00
14
13
b1010110111101001 $
b1010110111101001 (
b100010101011111 !
b1001011101110110 #
b1001011101110110 '
b11101011 &
#236
05
0.
0/
1*
b1110101010001100 "
b1110101010001100 8
03
04
1)
b101111100000001 $
b101111100000001 (
b1110101010001100 !
b1000101110001011 #
b1000101110001011 '
b11101100 &
#237
0,
0*
0+
0-
b1100111001011011 "
b1100111001011011 8
15
16
0)
b100001010000000 $
b100001010000000 (
b1100111001011011 !
b1000101111011011 #
b1000101111011011 '
b11101101 &
#238
b111101010000111 "
b111101010000111 8
1+
14
1,
1-
b1101101011000101 $
b1101101011000101 (
b111101010000111 !
b1001111111000010 #
b1001111111000010 '
b11101110 &
#239
0-
0,
0+
07
05
b1101111011011111 "
b1101111011011111 8
06
13
04
1.
1/
b1110010010101111 $
b1110010010101111 (
b1101111011011111 !
b1111101000110000 #
b1111101000110000 '
b11101111 &
#240
17
16
15
11
b1001010000010101 "
b1001010000010101 8
14
1,
1-
1/
1*
10
1.
b1011100110101111 $
b1011100110101111 (
b1001010000010101 !
b1101101001100110 #
b1101101001100110 '
b11110000 &
#241
b1111011100001 "
b1111011100001 8
12
0*
00
1+
0-
b1010111111111000 $
b1010111111111000 (
b1111011100001 !
b110111011101001 #
b110111011101001 '
b11110001 &
#242
05
04
03
07
b10001011110101 "
b10001011110101 8
02
06
1-
1*
10
11
b111011011101111 $
b111011011101111 (
b10001011110101 !
b1010110000000110 #
b1010110000000110 '
b11110010 &
#243
04
17
03
00
16
01
02
b1011010001110110 "
b1011010001110110 8
0*
15
1)
b111110010010101 $
b111110010010101 (
b1011010001110110 !
b11011111100001 #
b11011111100001 '
b11110011 &
#244
17
16
b1000110001001110 "
b1000110001001110 8
13
14
15
0)
b100110101100000 $
b100110101100000 (
b1000110001001110 !
b11111011101110 #
b11111011101110 '
b11110100 &
#245
06
b100100100001101 "
b100100100001101 8
b1110101000101000 $
b1110101000101000 (
b100100100001101 !
b101111011100101 #
b101111011100101 '
b11110101 &
#246
b1011010010001101 "
b1011010010001101 8
05
16
17
b11011100101001 $
b11011100101001 (
b1011010010001101 !
b111110101100100 #
b111110101100100 '
b11110110 &
#247
10
1*
15
b101011000 "
b101011000 8
06
1)
b101001001110111 $
b101001001110111 (
b101011000 !
b1010111011100001 #
b1010111011100001 '
b11110111 &
#248
05
00
04
0*
01
0,
b101011101111 "
b101011101111 8
03
16
07
0)
b1111010110000001 $
b1111010110000001 (
b101011101111 !
b1010101101110 #
b1010101101110 '
b11111000 &
#249
15
b1000111100111101 "
b1000111100111101 8
0,
14
0+
b1101010101101000 $
b1101010101101000 (
b1000111100111101 !
b1011100111010101 #
b1011100111010101 '
b11111001 &
#250
0/
0.
b111001010011010 "
b111001010011010 8
0-
13
b10101010 $
b10101010 (
b111001010011010 !
b111000111110000 #
b111000111110000 '
b11111010 &
#251
12
16
11
15
10
14
b110000000000 "
b110000000000 8
1*
17
1/
13
1)
b100100011110001 $
b100100011110001 (
b110000000000 !
b1100001100001111 #
b1100001100001111 '
b11111011 &
#252
1,
1.
0*
b101001000001011 "
b101001000001011 8
07
1+
1-
0/
0)
b1001010110001110 $
b1001010110001110 (
b101001000001011 !
b1011110001111101 #
b1011110001111101 '
b11111100 &
#253
02
01
0.
b10101000011110 "
b10101000011110 8
00
1/
b100110100111100 $
b100110100111100 (
b10101000011110 !
b1101110011100010 #
b1101110011100010 '
b11111101 &
#254
10
0-
b1001100010011000 "
b1001100010011000 8
1*
17
1+
11
0,
1.
1)
b1011000111101111 $
b1011000111101111 (
b1001100010011000 !
b1110011010101001 #
b1110011010101001 '
b11111110 &
#255
15
0+
14
1/
b110100001010 "
b110100001010 8
06
0,
12
07
13
1-
1.
b11110010101111 $
b11110010101111 (
b110100001010 !
b1101000001011011 #
b1101000001011011 '
b11111111 &
#256
1+
17
00
0.
0/
b1010100100000011 "
b1010100100000011 8
0*
16
1,
0)
b110110111001 $
b110110111001 (
b1010100100000011 !
b1001101101001010 #
b1001101101001010 '
b100000000 &
#257
03
05
04
07
b110001000100110 "
b110001000100110 8
1*
01
1.
1)
b11010100010011 $
b11010100010011 (
b110001000100110 !
b10110100010011 #
b10110100010011 '
b100000001 &
#258
0.
b110100010110110 "
b110100010110110 8
17
0-
00
03
0,
0/
0*
02
14
1+
b10011101010001 $
b10011101010001 (
b110100010110110 !
b100000101100101 #
b100000101100101 '
b100000010 &
#259
11
10
13
07
1.
b100101101010000 "
b100101101010000 8
0+
1*
0,
12
04
15
06
1-
b1000010011001 $
b1000010011001 (
b100101101010000 !
b11101010110111 #
b11101010110111 '
b100000011 &
#260
01
1.
14
0*
00
b100001010101011 "
b100001010101011 8
1,
05
1-
0)
b11101001110001 $
b11101001110001 (
b100001010101011 !
b100000111010 #
b100000111010 '
b100000100 &
#261
16
0.
1+
15
0-
0/
b111001001000110 "
b111001001000110 8
02
17
1,
b110101011100100 $
b110101011100100 (
b111001001000110 !
b11101100010 #
b11101100010 '
b100000101 &
#262
06
12
05
b10000110100111 "
b10000110100111 8
1-
11
07
1/
b100010001111101 $
b100010001111101 (
b10000110100111 !
b1101110100101010 #
b1101110100101010 '
b100000110 &
#263
03
02
15
1.
b1100111110 "
b1100111110 8
01
16
1/
17
1)
b1010001111100101 $
b1010001111100101 (
b1100111110 !
b101111101011001 #
b101111101011001 '
b100000111 &
#264
0/
0,
0.
b110110010110110 "
b110110010110110 8
0+
0-
11
b11001001 $
b11001001 (
b110110010110110 !
b110101111101101 #
b110101111101101 '
b100001000 &
#265
0-
06
10
0,
05
b1001110111110000 "
b1001110111110000 8
1*
07
0+
04
1/
11
b1101000110101111 $
b1101000110101111 (
b1001110111110000 !
b1100110001000001 #
b1100110001000001 '
b100001001 &
#266
1.
1-
b10110101000 "
b10110101000 8
12
14
1,
15
1/
b1110100011001101 $
b1110100011001101 (
b10110101000 !
b1110011011011 #
b1110011011011 '
b100001010 &
#267
0/
00
07
02
b111001101110110 "
b111001101110110 8
0.
0*
03
06
04
1+
1,
01
05
0)
b1101010000000110 $
b1101010000000110 (
b111001101110110 !
b1001111101110000 #
b1001111101110000 '
b100001011 &
#268
0-
16
0,
b101111001011111 "
b101111001011111 8
13
15
0+
1.
b11110110111101 $
b11110110111101 (
b101111001011111 !
b10000010100010 #
b10000010100010 '
b100001100 &
#269
1-
12
16
1,
b10011001000110 "
b10011001000110 8
13
11
14
15
17
1+
0.
1/
b100011111011100 $
b100011111011100 (
b10011001000110 !
b1101111001101010 #
b1101111001101010 '
b100001101 &
#270
07
05
06
1.
b101001011001011 "
b101001011001011 8
01
b1111010001111011 $
b1111010001111011 (
b101001011001011 !
b101111001010000 #
b101111001010000 '
b100001110 &
#271
0-
0/
0,
b1101110010011101 "
b1101110010011101 8
0.
02
0+
b1000010001111000 $
b1000010001111000 (
b1101110010011101 !
b101100000100101 #
b101100000100101 '
b100001111 &
#272
1+
17
16
11
15
b101100001010010 "
b101100001010010 8
10
1,
12
b1100111001011100 $
b1100111001011100 (
b101100001010010 !
b1000100111110110 #
b1000100111110110 '
b100010000 &
#273
02
1.
01
b100011010011100 "
b100011010011100 8
0+
1*
05
1-
00
1)
b1010101101111001 $
b1010101101111001 (
b100011010011100 !
b1001101100100011 #
b1001101100100011 '
b100010001 &
#274
12
14
0.
0/
0*
0-
b100110010000011 "
b100110010000011 8
11
13
15
1+
0,
0)
b100011010111011 $
b100011010111011 (
b100110010000011 !
b10111001000 #
b10111001000 '
b100010010 &
#275
1/
14
1.
13
07
1-
12
10
b1000001010000001 "
b1000001010000001 8
06
1,
11
1*
05
b1001010001110011 $
b1001010001110011 (
b1000001010000001 !
b1110111000001110 #
b1110111000001110 '
b100010011 &
#276
07
0-
04
06
0,
02
03
05
b1001101111011010 "
b1001101111011010 8
0.
0/
0*
0+
b1001100011001110 $
b1001100011001110 (
b1001101111011010 !
b1100001100 #
b1100001100 '
b100010100 &
#277
16
01
15
b11111000101101 "
b11111000101101 8
00
12
14
1/
b1101110001011001 $
b1101110001011001 (
b11111000101101 !
b110000111010100 #
b110000111010100 '
b100010101 &
#278
1,
1+
1*
17
b11000001101100 "
b11000001101100 8
13
04
1)
b1100000010110011 $
b1100000010110011 (
b11000001101100 !
b110111110111001 #
b110111110111001 '
b100010110 &
#279
0*
1-
b1010001001101001 "
b1010001001101001 8
1.
10
14
1/
0)
b1110001001110101 $
b1110001001110101 (
b1010001001101001 !
b1011111111110100 #
b1011111111110100 '
b100010111 &
#280
07
06
0,
13
b110101101000101 "
b110101101000101 8
05
0+
00
11
12
04
b111101000111001 $
b111101000111001 (
b110101101000101 !
b1111000100001100 #
b1111000100001100 '
b100011000 &
#281
1,
02
b101000100010111 "
b101000100010111 8
03
1+
01
17
0/
b1011111000010101 $
b1011111000010101 (
b101000100010111 !
b1001001100000010 #
b1001001100000010 '
b100011001 &
#282
0.
0-
0,
b11110001010011 "
b11110001010011 8
11
0+
16
10
17
1/
b100001101001110 $
b100001101001110 (
b11110001010011 !
b1111100100000101 #
b1111100100000101 '
b100011010 &
#283
03
01
02
07
b111101010111010 "
b111101010111010 8
00
0/
b101000110111000 $
b101000110111000 (
b111101010111010 !
b10100100000010 #
b10100100000010 '
b100011011 &
#284
1/
1.
b10110010101 "
b10110010101 8
11
06
17
1-
b101001110001101 $
b101001110001101 (
b10110010101 !
b1011001000001000 #
b1011001000001000 '
b100011100 &
#285
1,
16
1.
b1100000010010111 "
b1100000010010111 8
14
0/
1+
17
13
15
1-
b11000111101000 $
b11000111101000 (
b1100000010010111 !
b1000111010101111 #
b1000111010101111 '
b100011101 &
#286
0.
14
b1011010110000101 "
b1011010110000101 8
0-
0+
01
12
13
b1010101111110101 $
b1010101111110101 (
b1011010110000101 !
b100110010000 #
b100110010000 '
b100011110 &
#287
13
06
1.
b100110111000111 "
b100110111000111 8
07
0+
11
12
05
0,
1-
b1011110101111011 $
b1011110101111011 (
b100110111000111 !
b1001000001001100 #
b1001000001001100 '
b100011111 &
#288
04
03
b1010100101100101 "
b1010100101100101 8
1+
0.
02
01
17
0-
b1100100101 $
b1100100101 (
b1010100101100101 !
b1010011001000000 #
b1010011001000000 '
b100100000 &
#289
0+
1.
b1100011001111101 "
b1100011001111101 8
07
1-
b1000001110000 $
b1000001110000 (
b1100011001111101 !
b1011011000001101 #
b1011011000001101 '
b100100001 &
#290
b1101000101010110 "
b1101000101010110 8
11
13
1,
1/
1)
b1101100000101001 $
b1101100000101001 (
b1101000101010110 !
b1111100100101101 #
b1111100100101101 '
b100100010 &
#291
0/
b101100111101100 "
b101100111101100 8
0.
01
0-
12
0,
0)
b100000110000 $
b100000110000 (
b101100111101100 !
b101000110111100 #
b101000110111100 '
b100100011 &
#292
15
1/
b1001011100010000 "
b1001011100010000 8
16
02
03
14
1,
1.
b110100101010000 $
b110100101010000 (
b1001011100010000 !
b10110111000000 #
b10110111000000 '
b100100100 &
#293
06
05
1+
b1010100111101110 "
b1010100111101110 8
1-
04
17
1)
b11111101001101 $
b11111101001101 (
b1010100111101110 !
b110101010100001 #
b110101010100001 '
b100100101 &
#294
16
b1101111011101010 "
b1101111011101010 8
0-
0/
13
15
10
12
14
b1010111111110101 $
b1010111111110101 (
b1101111011101010 !
b10111011110101 #
b10111011110101 '
b100100110 &
#295
0,
0+
07
05
06
0-
b1101111011110001 "
b1101111011110001 8
11
0/
04
03
0.
0)
b1001010010100 $
b1001010010100 (
b1101111011110001 !
b1100110001011101 #
b1100110001011101 '
b100100111 &
#296
17
16
15
14
1/
b110000100110 "
b110000100110 8
1+
00
13
1.
b110010110111100 $
b110010110111100 (
b110000100110 !
b1010011001101010 #
b1010011001101010 '
b100101000 &
#297
0+
b1010010101010110 "
b1010010101010110 8
06
1-
0/
04
07
1,
0.
b1001110010011110 $
b1001110010011110 (
b1010010101010110 !
b100010111000 #
b100010111000 '
b100101001 &
#298
13
12
10
1+
b1001001000000 "
b1001001000000 8
16
0-
11
1*
14
17
1,
b101101000110 $
b101101000110 (
b1001001000000 !
b11011111010 #
b11011111010 '
b100101010 &
#299
02
05
1/
b10000010011010 "
b10000010011010 8
06
1-
01
03
04
07
1.
1)
b1011110010010011 $
b1011110010010011 (
b10000010011010 !
b110010000000111 #
b110010000000111 '
b100101011 &
#300
17
16
15
14
1,
b101000000001100 "
b101000000001100 8
13
1+
12
b1101101110110111 $
b1101101110110111 (
b101000000001100 !
b111010001010101 #
b111010001010101 '
b100101100 &
#301
0/
0.
07
0-
06
0,
03
b1111101110101000 "
b1111101110101000 8
05
0+
02
b101001100011 $
b101001100011 (
b1111101110101000 !
b1111000101000101 #
b1111000101000101 '
b100101101 &
#302
03
00
02
0*
b1010111001111111 "
b1010111001111111 8
01
04
1/
0)
b1100111000100110 $
b1100111000100110 (
b1010111001111111 !
b1110000001011001 #
b1110000001011001 '
b100101110 &
#303
14
13
12
b101101010000110 "
b101101010000110 8
11
1.
1+
b1110010000011110 $
b1110010000011110 (
b101101010000110 !
b111011001101000 #
b111011001101000 '
b100101111 &
#304
04
06
b1001100111101010 "
b1001100111101010 8
03
05
01
b1010010101011010 $
b1010010101011010 (
b1001100111101010 !
b1111010010010000 #
b1111010010010000 '
b100110000 &
#305
0/
13
17
b1110110011010101 "
b1110110011010101 8
11
16
0.
b110011110111001 $
b110011110111001 (
b1110110011010101 !
b1000010100011100 #
b1000010100011100 '
b100110001 &
#306
03
02
b1111100101111011 "
b1111100101111011 8
04
01
15
1,
1-
b1101100111010000 $
b1101100111010000 (
b1111100101111011 !
b1111110101011 #
b1111110101011 '
b100110010 &
#307
13
12
b1101001101000111 "
b1101001101000111 8
07
11
14
15
0-
1.
1/
b110110111011000 $
b110110111011000 (
b1101001101000111 !
b110010101101111 #
b110010101101111 '
b100110011 &
#308
06
05
04
0,
02
07
b10111111010010 "
b10111111010010 8
03
10
11
0+
0.
0/
1)
b1010011110001101 $
b1010011110001101 (
b10111111010010 !
b1000100001000101 #
b1000100001000101 '
b100110100 &
#309
14
13
17
12
b1011010110000111 "
b1011010110000111 8
00
15
16
0)
b1001000111111100 $
b1001000111111100 (
b1011010110000111 !
b10001110001011 #
b10001110001011 '
b100110101 &
#310
1-
1+
b10101010000000 "
b10101010000000 8
10
1,
b101010100100 $
b101010100100 (
b10101010000000 !
b1111111011100 #
b1111111011100 '
b100110110 &
#311
03
02
05
01
b1100000010111110 "
b1100000010111110 8
1.
04
00
1)
b11001110100101 $
b11001110100101 (
b1100000010111110 !
b1000110100011001 #
b1000110100011001 '
b100110111 &
#312
0,
11
0+
15
10
07
14
0-
0.
0/
b100111100110001 "
b100111100110001 8
12
1*
13
06
0)
b1100000011110011 $
b1100000011110011 (
b100111100110001 !
b1000111000111110 #
b1000111000111110 '
b100111000 &
#313
02
1+
01
17
00
1/
16
b1001100000011100 "
b1001100000011100 8
1,
0*
03
1.
b110101111000100 $
b110101111000100 (
b1001100000011100 !
b10110001011000 #
b10110001011000 '
b100111001 &
#314
12
11
b1000100001100010 "
b1000100001100010 8
05
04
10
0,
0.
b100010100000110 $
b100010100000110 (
b1000100001100010 !
b100001101011100 #
b100001101011100 '
b100111010 &
#315
b110100110110010 "
b110100110110010 8
0+
0,
07
0/
00
06
1-
b1100100011000 $
b1100100011000 (
b110100110110010 !
b101000010011010 #
b101000010011010 '
b100111011 &
#316
1+
17
16
0.
b11100001101111 "
b11100001101111 8
15
1/
01
02
0-
b1101000110101010 $
b1101000110101010 (
b11100001101111 !
b110011011000101 #
b110011011000101 '
b100111100 &
#317
b1101100011011101 "
b1101100011011101 8
1*
05
0/
b1101010111000011 $
b1101010111000011 (
b1101100011011101 !
b1100011010 #
b1100011010 '
b100111101 &
#318
03
02
01
00
0+
b100110010111110 "
b100110010111110 8
0,
0*
1.
1/
b110001100001100 $
b110001100001100 (
b100110010111110 !
b1110100110110010 #
b1110100110110010 '
b100111110 &
#319
1-
17
1/
b110010101100 "
b110010101100 8
1*
15
1,
14
16
1+
1.
1)
b1111110111000011 $
b1111110111000011 (
b110010101100 !
b111011101001 #
b111011101001 '
b100111111 &
#320
12
0,
0*
b10110111100011 "
b10110111100011 8
11
13
0+
0)
b1011100111111000 $
b1011100111111000 (
b10110111100011 !
b111001111101011 #
b111001111101011 '
b101000000 &
#321
04
03
1,
02
0.
b1011000101111011 "
b1011000101111011 8
1+
0/
01
0-
b1010110110001001 $
b1010110110001001 (
b1011000101111011 !
b1111110010 #
b1111110010 '
b101000001 &
#322
14
13
0,
0.
10
12
0+
0-
b1011111010001010 "
b1011111010001010 8
1*
11
05
1/
1)
b100101100011011 $
b100101100011011 (
b1011111010001010 !
b111001101101111 #
b111001101101111 '
b101000010 &
#323
00
02
b1110101000010101 "
b1110101000010101 8
15
0*
16
07
0/
0)
b1100000101101000 $
b1100000101101000 (
b1110101000010101 !
b10100010101101 #
b10100010101101 '
b101000011 &
#324
06
05
04
1*
1+
b110100111110100 "
b110100111110100 8
10
03
11
17
1-
1)
b101011111001111 $
b101011111001111 (
b110100111110100 !
b1001000100101 #
b1001000100101 '
b101000100 &
#325
13
0+
b101111111000110 "
b101111111000110 8
12
0,
00
07
0-
b1101001000011011 $
b1101001000011011 (
b101111111000110 !
b1000110110101011 #
b1000110110101011 '
b101000101 &
#326
0+
07
06
1/
05
02
1.
04
03
b1011111011101 "
b1011111011101 8
1,
0*
01
1-
0)
b1101100101011101 $
b1101100101011101 (
b1011111011101 !
b11111010000000 #
b11111010000000 '
b101000110 &
#327
0.
0-
b11111110000110 "
b11111110000110 8
0,
b100001000000100 $
b100001000000100 (
b11111110000110 !
b1111110110000010 #
b1111110110000010 '
b101000111 &
#328
1,
1+
14
17
13
b11000010001101 "
b11000010001101 8
1*
16
10
12
0/
b1000101100110110 $
b1000101100110110 (
b11000010001101 !
b1010010101010111 #
b1010010101010111 '
b101001000 &
#329
0,
07
b10101110101011 "
b10101110101011 8
0+
0*
06
00
b10100001111001 $
b10100001111001 (
b10101110101011 !
b1100110010 #
b1100110010 '
b101001001 &
#330
04
1/
b1001101011111010 "
b1001101011111010 8
05
03
10
02
1+
1,
1.
b1110110000010110 $
b1110110000010110 (
b1001101011111010 !
b1010111011100100 #
b1010111011100100 '
b101001010 &
#331
16
b101001001101010 "
b101001001101010 8
01
15
00
b110010111000000 $
b110010111000000 (
b101001001101010 !
b1110110010101010 #
b1110110010101010 '
b101001011 &
#332
06
0,
b1011111110111010 "
b1011111110111010 8
07
0-
11
10
05
0+
0.
0/
b11011110001100 $
b11011110001100 (
b1011111110111010 !
b1000100000101110 #
b1000100000101110 '
b101001100 &
#333
16
1,
01
15
1+
b101001001101100 "
b101001001101100 8
1*
13
00
12
14
17
1)
b1000111111111011 $
b1000111111111011 (
b101001001101100 !
b1100001001110001 #
b1100001001110001 '
b101001101 &
#334
0,
1/
b1000101010011000 "
b1000101010011000 8
0+
0*
10
11
07
1.
0)
b110100011011100 $
b110100011011100 (
b1000101010011000 !
b10000110111100 #
b10000110111100 '
b101001110 &
#335
06
05
04
0/
b101101111011000 "
b101101111011000 8
1*
03
07
10
02
01
1+
0.
1)
b10011000001 $
b10011000001 (
b101101111011000 !
b101011100010111 #
b101011100010111 '
b101001111 &
#336
12
17
14
b101110110100000 "
b101110110100000 8
11
16
13
15
0+
1.
b11101110110101 $
b11101110110101 (
b101110110100000 !
b10000111101011 #
b10000111101011 '
b101010000 &
#337
1,
b1000100011000 "
b1000100011000 8
02
1/
04
1+
03
06
b1110001010001111 $
b1110001010001111 (
b1000100011000 !
b10111010001001 #
b10111010001001 '
b101010001 &
#338
01
00
0*
b10000101101111 "
b10000101101111 8
1-
12
13
0)
b10101010110000 $
b10101010110000 (
b10000101101111 !
b1111011010111111 #
b1111011010111111 '
b101010010 &
#339
0-
0,
10
b1001110110101001 "
b1001110110101001 8
0+
0/
1*
03
14
0.
b1011010110 $
b1011010110 (
b1001110110101001 !
b1001101011010011 #
b1001101011010011 '
b101010011 &
#340
1.
1-
1,
00
01
06
b100000110011100 "
b100000110011100 8
05
02
04
07
1+
1/
b111010100011010 $
b111010100011010 (
b100000110011100 !
b1100110010000010 #
b1100110010000010 '
b101010100 &
#341
17
16
0.
13
15
b1010110001001000 "
b1010110001001000 8
10
0-
0,
12
14
0/
1)
b10011010111 $
b10011010111 (
b1010110001001000 !
b1010011101110001 #
b1010011101110001 '
b101010101 &
#342
05
04
00
07
1-
03
0*
01
06
1,
b1010001011111111 "
b1010001011111111 8
02
0)
b1010011110001 $
b1010011110001 (
b1010001011111111 !
b1000111000001110 #
b1000111000001110 '
b101010110 &
#343
1-
11
1,
17
b110000011010010 "
b110000011010010 8
10
1+
16
1)
b100001100000101 $
b100001100000101 (
b110000011010010 !
b1110111001101 #
b1110111001101 '
b101010111 &
#344
b1011001010110100 "
b1011001010110100 8
0-
0.
00
12
1/
0)
b1100011110011000 $
b1100011110011000 (
b1011001010110100 !
b1110101100011100 #
b1110101100011100 '
b101011000 &
#345
0,
15
0+
14
07
b101111100010110 "
b101111100010110 8
0-
02
13
06
0/
b1101011000101010 $
b1101011000101010 (
b101111100010110 !
b1000100011101100 #
b1000100011101100 '
b101011001 &
#346
0,
0+
07
b100111110011100 "
b100111110011100 8
06
1*
05
10
01
1)
b10100110111 $
b10100110111 (
b100111110011100 !
b100101001100101 #
b100101001100101 '
b101011010 &
#347
12
14
1,
1.
11
15
b1101010100000001 "
b1101010100000001 8
17
13
1+
1-
0)
b1001111011111110 $
b1001111011111110 (
b1101010100000001 !
b11011000000011 #
b11011000000011 '
b101011011 &
#348
b1110101100111011 "
b1110101100111011 8
0.
0/
0*
07
b111000111110 $
b111000111110 (
b1110101100111011 !
b1101110011111101 #
b1101110011111101 '
b101011100 &
#349
02
0,
b110110101011100 "
b110110101011100 8
01
0+
00
1.
b11100001110100 $
b11100001110100 (
b110110101011100 !
b11010011101000 #
b11010011101000 '
b101011101 &
#350
05
b110010110110110 "
b110010110110110 8
06
03
04
1,
1-
0.
b1101110000000110 $
b1101110000000110 (
b110010110110110 !
b1000100110110000 #
b1000100110110000 '
b101011110 &
#351
b100100101111010 "
b100100101111010 8
1.
1+
1/
b1111110001101000 $
b1111110001101000 (
b100100101111010 !
b100110100010010 #
b100110100010010 '
b101011111 &
#352
13
12
0.
11
0,
0-
b10111111000011 "
b10111111000011 8
10
14
15
0+
0/
b10111011111110 $
b10111011111110 (
b10111111000011 !
b11000101 #
b11000101 '
b101100000 &
#353
b1011100101001 "
b1011100101001 8
01
1*
16
1,
b100111110011 $
b100111110011 (
b1011100101001 !
b110100110110 #
b110100110110 '
b101100001 &
#354
1+
1-
1/
00
17
b10100001100110 "
b10100001100110 8
11
1.
1)
b111110001101011 $
b111110001101011 (
b10100001100110 !
b1010101111111011 #
b1010101111111011 '
b101100010 &
#355
06
12
b1111010100100110 "
b1111010100100110 8
0/
05
10
11
03
04
b11011000001111 $
b11011000001111 (
b1111010100100110 !
b1011111100010111 #
b1011111100010111 '
b101100011 &
#356
0.
02
0-
01
b1011101100111110 "
b1011101100111110 8
03
0,
00
07
0*
0)
b10100101010 $
b10100101010 (
b1011101100111110 !
b1011011000010100 #
b1011011000010100 '
b101100100 &
#357
1/
b1001010101111010 "
b1001010101111010 8
1,
10
17
1.
15
b10011011010100 $
b10011011010100 (
b1001010101111010 !
b110111010100110 #
b110111010100110 '
b101100101 &
#358
0/
b1101001100110110 "
b1101001100110110 8
0,
0-
1*
00
11
14
07
0+
0.
1)
b1100001001101011 $
b1100001001101011 (
b1101001100110110 !
b1000011001011 #
b1000011001011 '
b101100110 &
#359
05
1/
b1110111111000 "
b1110111111000 8
06
0*
10
01
04
17
1.
0)
b11001011110100 $
b11001011110100 (
b1110111111000 !
b1110101100000100 #
b1110101100000100 '
b101100111 &
#360
16
b1101001001101110 "
b1101001001101110 8
01
00
15
07
1)
b111000011100001 $
b111000011100001 (
b1101001001101110 !
b110000110001101 #
b110000110001101 '
b101101000 &
#361
1,
b11001000111110 "
b11001000111110 8
1+
1-
b111010010111001 $
b111010010111001 (
b11001000111110 !
b1011110110000101 #
b1011110110000101 '
b101101001 &
#362
0/
b1010010100101001 "
b1010010100101001 8
06
14
17
0.
0)
b1000111001100000 $
b1000111001100000 (
b1010010100101001 !
b1011011001001 #
b1011011001001 '
b101101010 &
#363
13
12
0-
0/
11
0,
06
05
0.
b1111110110000010 "
b1111110110000010 8
14
10
0+
b1100101100111100 $
b1100101100111100 (
b1111110110000010 !
b11001001000110 #
b11001001000110 '
b101101011 &
#364
01
1,
b1011010010001111 "
b1011010010001111 8
00
1-
16
1+
1/
b101010101011000 $
b101010101011000 (
b1011010010001111 !
b101111100110111 #
b101111100110111 '
b101101100 &
#365
11
14
10
13
b10100110000001 "
b10100110000001 8
0,
1*
12
06
b1101001000001110 $
b1101001000001110 (
b10100110000001 !
b101011101110011 #
b101011101110011 '
b101101101 &
#366
01
00
15
0+
0.
b1110011100001100 "
b1110011100001100 8
16
0*
0-
0/
b1100001100110000 $
b1100001100110000 (
b1110011100001100 !
b10001111011100 #
b10001111011100 '
b101101110 &
#367
05
04
b1101101011010000 "
b1101101011010000 8
03
02
1.
07
1+
1/
b1110010100000000 $
b1110010100000000 (
b1101101011010000 !
b1111010111010000 #
b1111010111010000 '
b101101111 &
#368
1-
15
17
1,
b1010000100111011 "
b1010000100111011 8
14
1+
0.
0/
b1001000111111000 $
b1001000111111000 (
b1010000100111011 !
b111101000011 #
b111101000011 '
b101110000 &
#369
06
05
1*
b1011100111110100 "
b1011100111110100 8
04
1)
b1111101010011 $
b1111101010011 (
b1011100111110100 !
b1001101010100001 #
b1001101010100001 '
b101110001 &
#370
00
1.
0*
b1100110011110111 "
b1100110011110111 8
11
12
16
0)
b11110101011111 $
b11110101011111 (
b1100110011110111 !
b1000111110011000 #
b1000111110011000 '
b101110010 &
#371
14
10
12
0,
b1110110110000001 "
b1110110110000001 8
13
0.
0/
15
1*
11
06
0+
b101101011111010 $
b101101011111010 (
b1110110110000001 !
b1001001010000111 #
b1001001010000111 '
b101110011 &
#372
02
01
00
b1101001110011101 "
b1101001110011101 8
06
0-
0*
05
07
b1001110000 $
b1001110000 (
b1101001110011101 !
b1101000100101101 #
b1101000100101101 '
b101110100 &
#373
1-
1/
b10000010011100 "
b10000010011100 8
1*
1,
1.
1)
b11100000110001 $
b11100000110001 (
b10000010011100 !
b1110100001101011 #
b1110100001101011 '
b101110101 &
#374
02
01
0-
b1001111100011110 "
b1001111100011110 8
00
0*
04
03
0,
0.
0)
b1101111100001100 $
b1101111100001100 (
b1001111100011110 !
b1100000000010010 #
b1100000000010010 '
b101110110 &
#375
12
11
b111111000100010 "
b111111000100010 8
0/
10
16
17
1)
b1001100010101 $
b1001100010101 (
b111111000100010 !
b110101100001101 #
b110101100001101 '
b101110111 &
#376
02
1,
b1001010011010100 "
b1001010011010100 8
01
00
1+
0)
b1000110110010100 $
b1000110110010100 (
b1001010011010100 !
b11101000000 #
b11101000000 '
b101111000 &
#377
b1010010111010100 "
b1010010111010100 8
0,
06
0+
b1010000000 $
b1010000000 (
b1010010111010100 !
b1010001101010100 #
b1010001101010100 '
b101111001 &
#378
b1001101111010110 "
b1001101111010110 8
1*
07
1+
1)
b1000011011000011 $
b1000011011000011 (
b1001101111010110 !
b1010100010011 #
b1010100010011 '
b101111010 &
#379
1.
13
1-
12
b1100010111001001 "
b1100010111001001 8
1,
0*
10
11
14
15
17
1/
0)
b1110011011011100 $
b1110011011011100 (
b1100010111001001 !
b1101111011101101 #
b1101111011101101 '
b101111011 &
#380
0-
0,
02
0+
b1110110011111 "
b1110110011111 8
0.
01
00
05
07
0/
b110100100111 $
b110100100111 (
b1110110011111 !
b1000001111000 #
b1000001111000 '
b101111100 &
#381
1/
1.
12
1-
11
1,
10
14
1+
b1000000110000010 "
b1000000110000010 8
1*
13
17
1)
b101101100100011 $
b101101100100011 (
b1000000110000010 !
b10011001011111 #
b10011001011111 '
b101111101 &
#382
b1011100011 "
b1011100011 8
00
04
05
0*
16
0)
b1011100111000 $
b1011100111000 (
b1011100011 !
b1110101110101011 #
b1110101110101011 '
b101111110 &
#383
03
05
b101011101011 "
b101011101011 8
02
04
01
07
b1011110111001001 $
b1011110111001001 (
b101011101011 !
b100110100100010 #
b100110100100010 '
b101111111 &
#384
0.
10
0,
b1010111101001001 "
b1010111101001001 8
0-
1*
0+
15
06
b110001010000010 $
b110001010000010 (
b1010111101001001 !
b100110011000111 #
b100110011000111 '
b110000000 &
#385
1+
b1111101010010101 "
b1111101010010101 8
11
16
14
0/
17
b10001011000111 $
b10001011000111 (
b1111101010010101 !
b1101011111001110 #
b1101011111001110 '
b110000001 &
#386
07
06
03
01
05
1/
b1001111111111 "
b1001111111111 8
02
1,
00
0*
04
1.
b110111111011011 $
b110111111011011 (
b1001111111111 !
b1010010000100100 #
b1010010000100100 '
b110000010 &
#387
1/
b1000001101111101 "
b1000001101111101 8
1-
1.
b110111101110101 $
b110111101110101 (
b1000001101111101 !
b1010000001000 #
b1010000001000 '
b110000011 &
#388
0,
13
b1000111111001111 "
b1000111111001111 8
0+
12
b111001000011010 $
b111001000011010 (
b1000111111001111 !
b1110110110101 #
b1110110110101 '
b110000100 &
#389
03
0/
b100110110111010 "
b100110110111010 8
02
17
b11101010000010 $
b11101010000010 (
b100110110111010 !
b1001100111000 #
b1001100111000 '
b110000101 &
#390
b101010101000 "
b101010101000 8
1/
12
14
07
0-
b110101001010000 $
b110101001010000 (
b101010101000 !
b1010000001011000 #
b1010000001011000 '
b110000110 &
#391
0/
16
b111111001000111 "
b111111001000111 8
02
13
04
15
17
0.
b1110001110100100 $
b1110001110100100 (
b111111001000111 !
b1001101010100011 #
b1001101010100011 '
b110000111 &
#392
1,
b1111011101001111 "
b1111011101001111 8
1-
14
15
1+
b1011111101010 $
b1011111101010 (
b1111011101001111 !
b1101111101100101 #
b1101111101100101 '
b110001000 &
#393
0-
06
04
0,
05
0.
b1011100101011010 "
b1011100101011010 8
10
03
07
0+
b1000000001010100 $
b1000000001010100 (
b1011100101011010 !
b11100100000110 #
b11100100000110 '
b110001001 &
#394
12
15
b11000100100011 "
b11000100100011 8
00
11
14
1/
b1111000011001000 $
b1111000011001000 (
b11000100100011 !
b100000001011011 #
b100000001011011 '
b110001010 &
#395
07
02
b10101101111111 "
b10101101111111 8
03
05
06
01
04
1-
1.
1/
b1111001000110111 $
b1111001000110111 (
b10101101111111 !
b11100101001000 #
b11100101001000 '
b110001011 &
#396
14
16
b10011010101101 "
b10011010101101 8
12
13
15
17
b11001010110101 $
b11001010110101 (
b10011010101101 !
b1111001111111000 #
b1111001111111000 '
b110001100 &
#397
05
0/
04
1*
b111111011010100 "
b111111011010100 8
02
0.
03
07
0-
1)
b1101010110000011 $
b1101010110000011 (
b111111011010100 !
b1010100101010001 #
b1010100101010001 '
b110001101 &
#398
1.
1-
1,
11
1+
13
b1100000011010000 "
b1100000011010000 8
10
17
12
1/
b1101110100110101 $
b1101110100110101 (
b1100000011010000 !
b1110001110011011 #
b1110001110011011 '
b110001110 &
#399
01
0-
0/
00
14
0+
0,
0*
0.
b1101011010101011 "
b1101011010101011 8
15
16
0)
b1000001011111011 $
b1000001011111011 (
b1101011010101011 !
b101001110110000 #
b101001110110000 '
b110001111 &
#400
1-
04
1,
03
06
b110000101111111 "
b110000101111111 8
1+
02
05
1.
b1010011000110000 $
b1010011000110000 (
b110000101111111 !
b1011101101001111 #
b1011101101001111 '
b110010000 &
#401
0-
0,
0+
b1101110011110101 "
b1101110011110101 8
0/
11
12
07
0.
b1100011011101 $
b1100011011101 (
b1101110011110101 !
b1100010000011000 #
b1100010000011000 '
b110010001 &
#402
b1111011110100111 "
b1111011110100111 8
01
02
14
1,
b111101100001 $
b111101100001 (
b1111011110100111 !
b1110100001000110 #
b1110100001000110 '
b110010010 &
#403
0.
0-
b1011101110101110 "
b1011101110101110 8
0,
1/
12
1)
b111001101010101 $
b111001101010101 (
b1011101110101110 !
b100100001011001 #
b100100001011001 '
b110010011 &
#404
10
b1110011100111010 "
b1110011100111010 8
03
11
1*
02
04
1-
0/
b101000000001011 $
b101000000001011 (
b1110011100111010 !
b1001011100101111 #
b1001011100101111 '
b110010100 &
#405
1/
b1011110110001 "
b1011110110001 8
12
14
15
1,
0-
1.
0)
b10110011010011 $
b10110011010011 (
b1011110110001 !
b1110101011011110 #
b1110101011011110 '
b110010101 &
#406
15
b1101100010001 "
b1101100010001 8
00
0-
0*
02
13
14
16
0,
b110100111101001 $
b110100111101001 (
b1101100010001 !
b1011000100101000 #
b1011000100101000 '
b110010110 &
#407
b1101100101101 "
b1101100101101 8
01
12
03
b1010000111010101 $
b1010000111010101 (
b1101100101101 !
b111100101011000 #
b111100101011000 '
b110010111 &
#408
1+
0/
b1111100110010111 "
b1111100110010111 8
17
0.
02
b1001111010100 $
b1001111010100 (
b1111100110010111 !
b1110010111000011 #
b1110010111000011 '
b110011000 &
#409
12
1-
11
b110110100100010 "
b110110100100010 8
15
1.
1/
10
13
14
1,
b1110111101111110 $
b1110111101111110 (
b110110100100010 !
b111110110100100 #
b111110110100100 '
b110011001 &
#410
06
05
0+
04
0/
07
b110010111100101 "
b110010111100101 8
1*
03
0.
b1100100000001111 $
b1100100000001111 (
b110010111100101 !
b1001110111010110 #
b1001110111010110 '
b110011010 &
#411
17
16
b11010000100011 "
b11010000100011 8
01
03
0.
02
0-
0*
15
1+
00
1,
1/
b1110111110100000 $
b1110111110100000 (
b11010000100011 !
b100010010000011 #
b100010010000011 '
b110011011 &
#412
13
12
11
10
b1101000001000001 "
b1101000001000001 8
1*
0/
b1100101110111111 $
b1100101110111111 (
b1101000001000001 !
b10010000010 #
b10010000010 '
b110011100 &
#413
03
02
1/
06
01
1.
b1100110111100 "
b1100110111100 8
14
05
1-
1)
b11111001110111 $
b11111001110111 (
b1100110111100 !
b1101101101000101 #
b1101101101000101 '
b110011101 &
#414
0-
0,
b1101110111010 "
b1101110111010 8
0*
0+
0.
0/
07
b1000001110101 $
b1000001110101 (
b1101110111010 !
b101101000101 #
b101101000101 '
b110011110 &
#415
03
1.
02
1-
16
b100011010111110 "
b100011010111110 8
01
17
1,
00
15
0)
b11101111000110 $
b11101111000110 (
b100011010111110 !
b101011111000 #
b101011111000 '
b110011111 &
#416
06
b1011000110111100 "
b1011000110111100 8
0.
05
07
1/
b101100001010000 $
b101100001010000 (
b1011000110111100 !
b101100101101100 #
b101100101101100 '
b110100000 &
#417
13
1-
1+
b110000111001101 "
b110000111001101 8
12
04
17
1,
1.
b1111111010011100 $
b1111111010011100 (
b110000111001101 !
b110001100110001 #
b110001100110001 '
b110100001 &
#418
b111101101101011 "
b111101101101011 8
0/
10
11
15
07
0.
b1111010101111 $
b1111010101111 (
b111101101101011 !
b101110010111100 #
b101110010111100 '
b110100010 &
#419
03
1/
b1001001001110111 "
b1001001001110111 8
04
02
00
05
0-
1.
b110011001101001 $
b110011001101001 (
b1001001001110111 !
b10110000001110 #
b10110000001110 '
b110100011 &
#420
14
10
13
0,
0/
0-
b1101111110010000 "
b1101111110010000 8
1*
11
12
15
0+
0.
b1001111011011110 $
b1001111011011110 (
b1101111110010000 !
b100000010110010 #
b100000010110010 '
b110100100 &
#421
1/
1.
01
1-
17
00
03
1,
04
16
b1000010000101111 "
b1000010000101111 8
0*
02
1+
b111110101010 $
b111110101010 (
b1000010000101111 !
b111010010000101 #
b111010010000101 '
b110100101 &
#422
0+
07
0,
b1100011011101010 "
b1100011011101010 8
05
b1101010111000010 $
b1101010111000010 (
b1100011011101010 !
b1111000100101000 #
b1111000100101000 '
b110100110 &
#423
0/
b101101101101101 "
b101101101101101 8
0.
1*
12
15
0-
b101000111010011 $
b101000111010011 (
b101101101101101 !
b100110011010 #
b100110011010 '
b110100111 &
#424
1/
0+
14
b1001011110110101 "
b1001011110110101 8
1.
07
11
1,
13
06
1-
b111110011111011 $
b111110011111011 (
b1001011110110101 !
b1101010111010 #
b1101010111010 '
b110101000 &
#425
1+
17
1.
04
b1100000001001101 "
b1100000001001101 8
16
01
1-
02
03
1,
b100110111000010 $
b100110111000010 (
b1100000001001101 !
b111001010001011 #
b111001010001011 '
b110101001 &
#426
0.
03
0-
02
0,
01
b11110000111101 "
b11110000111101 8
0+
00
0*
14
0/
b1001101110001 $
b1001101110001 (
b11110000111101 !
b10100011001100 #
b10100011001100 '
b110101010 &
#427
05
b1101110011111111 "
b1101110011111111 8
04
b1101101101100001 $
b1101101101100001 (
b1101110011111111 !
b110011110 #
b110011110 '
b110101011 &
#428
15
10
14
07
b1100100111010 "
b1100100111010 8
1*
11
12
13
06
1/
1)
b1101000010111111 $
b1101000010111111 (
b1100100111010 !
b100100001111011 #
b100100001111011 '
b110101100 &
#429
04
1.
00
b101010101010001 "
b101010101010001 8
02
1,
0*
01
03
1-
0/
0)
b1001100011000000 $
b1001100011000000 (
b101010101010001 !
b1011110010010001 #
b1011110010010001 '
b110101101 &
#430
0+
07
13
0-
b1011111010111 "
b1011111010111 8
06
1/
12
11
14
05
0,
b1011010001111110 $
b1011010001111110 (
b1011111010111 !
b110001101011001 #
b110001101011001 '
b110101110 &
#431
b101010110100101 "
b101010110100101 8
03
17
01
b1110001001010001 $
b1110001001010001 (
b101010110100101 !
b111001101010100 #
b111001101010100 '
b110101111 &
#432
11
16
10
1-
15
1*
b1010011000110000 "
b1010011000110000 8
02
07
1,
1)
b111110111100111 $
b111110111100111 (
b1010011000110000 !
b10100001001001 #
b10100001001001 '
b110110000 &
#433
00
05
0*
01
17
b1000010010100111 "
b1000010010100111 8
04
1+
0)
b1101010110000011 $
b1101010110000011 (
b1000010010100111 !
b1010111100100100 #
b1010111100100100 '
b110110001 &
#434
15
14
0.
13
0-
0/
1*
07
0,
b1010001000010100 "
b1010001000010100 8
11
12
16
0+
1)
b1010000110111001 $
b1010000110111001 (
b1010001000010100 !
b1011011 #
b1011011 '
b110110010 &
#435
1/
1.
1+
1-
b101000001100 "
b101000001100 8
10
01
17
1,
b100101001110111 $
b100101001110111 (
b101000001100 !
b1011111110010101 #
b1011111110010101 '
b110110011 &
#436
00
0/
0*
b111101011010111 "
b111101011010111 8
0.
02
0)
b101111111100110 $
b101111111100110 (
b111101011010111 !
b1101011110001 #
b1101011110001 '
b110110100 &
#437
0,
0+
07
06
11
1/
b1000111110110011 "
b1000111110110011 8
03
05
10
04
0-
1.
b1110000100000100 $
b1110000100000100 (
b1000111110110011 !
b1010111010101111 #
b1010111010101111 '
b110110101 &
#438
17
16
15
14
01
13
b1010000001110 "
b1010000001110 8
00
12
b1011001111111100 $
b1011001111111100 (
b1010000001110 !
b110000000010010 #
b110000000010010 '
b110110110 &
#439
04
03
06
07
b11100101101111 "
b11100101101111 8
02
0.
b1111000011000100 $
b1111000011000100 (
b11100101101111 !
b100100010101011 #
b100100010101011 '
b110110111 &
#440
14
13
12
1+
11
17
10
b1101100000000001 "
b1101100000000001 8
16
1*
15
0/
b101011011000010 $
b101011011000010 (
b1101100000000001 !
b1000000100111111 #
b1000000100111111 '
b110111000 &
#441
01
b1011010011001101 "
b1011010011001101 8
05
0+
00
1,
1-
b1001101101011010 $
b1001101101011010 (
b1011010011001101 !
b1100101110011 #
b1100101110011 '
b110111001 &
#442
07
0+
0.
b1010111110011110 "
b1010111110011110 8
0*
02
15
06
0,
0-
1/
b1100101011111110 $
b1100101011111110 (
b1010111110011110 !
b1110010010100000 #
b1110010010100000 '
b110111010 &
#443
1-
1,
1+
b10001100101111 "
b10001100101111 8
1.
1/
12
16
17
b1011011110111011 $
b1011011110111011 (
b10001100101111 !
b110101101110100 #
b110101101110100 '
b110111011 &
#444
0+
b10011000100 "
b10011000100 8
1*
02
b100100011100010 $
b100100011100010 (
b10011000100 !
b1011101111100010 #
b1011101111100010 '
b110111100 &
#445
07
0.
00
06
0+
0-
b10111101110111 "
b10111101110111 8
0*
04
0,
11
12
03
b1110001010011000 $
b1110001010011000 (
b10111101110111 !
b100110011011111 #
b100110011011111 '
b110111101 &
#446
1+
17
b1011100010101111 "
b1011100010101111 8
01
05
1,
16
b1100101100010000 $
b1100101100010000 (
b1011100010101111 !
b1110110110011111 #
b1110110110011111 '
b110111110 &
#447
1.
14
b10110101111 "
b10110101111 8
1-
0+
15
13
1/
b111101110111101 $
b111101110111101 (
b10110101111 !
b1000100111110010 #
b1000100111110010 '
b110111111 &
#448
0.
b11011101011111 "
b11011101011111 8
0-
0/
04
02
1+
1,
b111110110100 $
b111110110100 (
b11011101011111 !
b10011110101011 #
b10011110101011 '
b111000000 &
#449
0+
07
1.
06
b100011111011101 "
b100011111011101 8
1-
04
03
05
b1001101110001001 $
b1001101110001001 (
b100011111011101 !
b1010110001010100 #
b1010110001010100 '
b111000001 &
#450
b110010110111111 "
b110010110111111 8
0.
0/
0,
b1001000110101100 $
b1001000110101100 (
b110010110111111 !
b1101010000010011 #
b1101010000010011 '
b111000010 &
#451
11
1,
10
1+
1*
b10001001110000 "
b10001001110000 8
12
13
16
17
1-
1)
b1111100111011 $
b1111100111011 (
b10001001110000 !
b1100110101 #
b1100110101 '
b111000011 &
#452
b1011000101100100 "
b1011000101100100 8
0-
0.
06
07
b1000110100101111 $
b1000110100101111 (
b1011000101100100 !
b10010000110101 #
b10010000110101 '
b111000100 &
#453
0.
0,
01
14
0*
0-
b11101110001001 "
b11101110001001 8
0+
0)
b1010001001010101 $
b1010001001010101 (
b11101110001001 !
b1001100100110100 #
b1001100100110100 '
b111000101 &
#454
1/
1.
1-
1,
1+
b110101110 "
b110101110 8
01
00
15
17
b1111111011110010 $
b1111111011110010 (
b110101110 !
b1010111100 #
b1010111100 '
b111000110 &
#455
0.
0-
10
04
0+
b1011011101101000 "
b1011011101101000 8
0,
0/
1*
03
07
02
1)
b1000000011000001 $
b1000000011000001 (
b1011011101101000 !
b11011010100111 #
b11011010100111 '
b111000111 &
#456
00
1+
0*
b1011100100100101 "
b1011100100100101 8
17
14
0)
b1010001001000001 $
b1010001001000001 (
b1011100100100101 !
b1011011100100 #
b1011011100100 '
b111001000 &
#457
1.
0+
1-
b100010101100011 "
b100010101100011 8
12
13
11
07
1,
1/
b1101100011111010 $
b1101100011111010 (
b100010101100011 !
b110110001101001 #
b110110001101001 '
b111001001 &
#458
17
1*
16
b1100010011001100 "
b1100010011001100 8
10
0,
1)
b1111001111111111 $
b1111001111111111 (
b1100010011001100 !
b1101000011001101 #
b1101000011001101 '
b111001010 &
#459
02
01
00
0*
06
0.
b100110011101 "
b100110011101 8
1+
0-
0/
0)
b1000001011101000 $
b1000001011101000 (
b100110011101 !
b1000011010110101 #
b1000011010110101 '
b111001011 &
#460
1/
1.
04
1-
b1000101001011101 "
b1000101001011101 8
1*
03
05
07
1,
b10111000010010 $
b10111000010010 (
b1000101001011101 !
b101110001001011 #
b101110001001011 '
b111001100 &
#461
12
11
17
b1010110011100101 "
b1010110011100101 8
0.
0/
10
13
16
b1110110101110 $
b1110110101110 (
b1010110011100101 !
b1000111100110111 #
b1000111100110111 '
b111001101 &
#462
02
15
0/
01
07
0-
14
0.
b1111001100011000 "
b1111001100011000 8
0*
00
06
b100111000100000 $
b100111000100000 (
b1111001100011000 !
b1010010011111000 #
b1010010011111000 '
b111001110 &
#463
05
04
b101001011111100 "
b101001011111100 8
0,
0-
1*
03
0+
b1000100010 $
b1000100010 (
b101001011111100 !
b101000011011010 #
b101000011011010 '
b111001111 &
#464
1+
17
16
15
14
b110100000010110 "
b110100000010110 8
00
11
1-
0*
13
b1001000101010 $
b1001000101010 (
b110100000010110 !
b101010111101100 #
b101010111101100 '
b111010000 &
#465
10
b1010110010011000 "
b1010110010011000 8
05
0+
0,
1/
1*
12
b101000100011110 $
b101000100011110 (
b1010110010011000 !
b101101101111010 #
b101101101111010 '
b111010001 &
#466
b1100110111010100 "
b1100110111010100 8
00
1.
02
15
06
1)
b1111001011101011 $
b1111001011101011 (
b1100110111010100 !
b1101101011101001 #
b1101101011101001 '
b111010010 &
#467
04
10
b1101100101111001 "
b1101100101111001 8
06
1+
0-
03
05
0)
b1110001001101110 $
b1110001001101110 (
b1101100101111001 !
b1111011100001011 #
b1111011100001011 '
b111010011 &
#468
13
1-
b1000101111011010 "
b1000101111011010 8
0*
07
1/
12
14
1,
1.
b10110101111100 $
b10110101111100 (
b1000101111011010 !
b101111001011110 #
b101111001011110 '
b111010100 &
#469
04
06
11
b1000010111010000 "
b1000010111010000 8
03
05
1*
10
02
0+
0,
1)
b101010010001011 $
b101010010001011 (
b1000010111010000 !
b11000101000101 #
b11000101000101 '
b111010101 &
#470
1,
1+
17
01
13
b1001000001001001 "
b1001000001001001 8
16
12
0)
b1011110100110111 $
b1011110100110111 (
b1001000001001001 !
b1101001100010010 #
b1101001100010010 '
b111010110 &
#471
0+
0-
0/
03
07
00
04
0,
0.
b1101011101100100 "
b1101011101100100 8
02
15
06
1)
b11100001 $
b11100001 (
b1101011101100100 !
b1101011010000011 #
b1101011010000011 '
b111010111 &
#472
17
b11110000011000 "
b11110000011000 8
10
16
1+
1-
1/
11
14
1,
0)
b101110001001010 $
b101110001001010 (
b11110000011000 !
b1101111111001110 #
b1101111111001110 '
b111011000 &
#473
b111101110100010 "
b111101110100010 8
12
0.
0-
0/
0*
0,
1)
b11111001101 $
b11111001101 (
b111101110100010 !
b111001111010101 #
b111001111010101 '
b111011001 &
#474
02
b111101111011000 "
b111101111011000 8
01
07
13
06
1,
0)
b1000110011110100 $
b1000110011110100 (
b111101111011000 !
b1110111011100100 #
b1110111011100100 '
b111011010 &
#475
15
1/
14
12
1,
1.
b1001001100000110 "
b1001001100000110 8
00
13
17
11
16
1+
1-
b11111100011010 $
b11111100011010 (
b1001001100000110 !
b101001111101100 #
b101001111101100 '
b111011011 &
#476
0.
02
0/
b1011001111001111 "
b1011001111001111 8
07
01
06
0-
b1000010011101100 $
b1000010011101100 (
b1011001111001111 !
b10111011100011 #
b10111011100011 '
b111011100 &
#477
12
11
10
17
1*
b1100100100100000 "
b1100100100100000 8
0,
16
1+
1)
b100011100101101 $
b100011100101101 (
b1100100100100000 !
b1000000111110011 #
b1000000111110011 '
b111011101 &
#478
07
0*
1,
b1101001100111001 "
b1101001100111001 8
03
0)
b100010111011101 $
b100010111011101 (
b1101001100111001 !
b1000110101011100 #
b1000110101011100 '
b111011110 &
#479
1.
b100001101111011 "
b100001101111011 8
1-
03
04
02
06
0+
1/
b111101010001111 $
b111101010001111 (
b100001101111011 !
b1100100011101100 #
b1100100011101100 '
b111011111 &
#480
1+
0.
b11100101110111 "
b11100101110111 8
17
0-
00
13
14
15
12
16
0,
0/
b1000010101111000 $
b1000010101111000 (
b11100101110111 !
b1011001111111111 #
b1011001111111111 '
b111100000 &
#481
10
1/
05
b1011000011010010 "
b1011000011010010 8
1,
1*
11
1-
1.
02
04
1)
b1111011100100111 $
b1111011100100111 (
b1011000011010010 !
b1011100110101011 #
b1011100110101011 '
b111100001 &
#482
01
15
0/
b1101001100001110 "
b1101001100001110 8
00
14
12
0-
0.
b1100001100010011 $
b1100001100010011 (
b1101001100001110 !
b111111111011 #
b111111111011 '
b111100010 &
#483
05
13
00
04
b11001011000111 "
b11001011000111 8
11
0*
12
1-
0)
b1001011110111011 $
b1001011110111011 (
b11001011000111 !
b1001101100001100 #
b1001101100001100 '
b111100011 &
#484
03
1/
15
b10100101111 "
b10100101111 8
02
0+
1.
01
14
06
b11101001001001 $
b11101001001001 (
b10100101111 !
b1100101011100110 #
b1100101011100110 '
b111100100 &
#485
1+
b111000101110100 "
b111000101110100 8
05
06
1*
04
1,
11
b1111011000001010 $
b1111011000001010 (
b111000101110100 !
b111101101101010 #
b111101101101010 '
b111100101 &
#486
0.
0-
0,
b1011101110101110 "
b1011101110101110 8
0+
01
07
0*
12
b1110100110010110 $
b1110100110010110 (
b1011101110101110 !
b1101001000011000 #
b1101001000011000 '
b111100110 &
#487
b1001011100110111 "
b1001011100110111 8
11
02
1.
1/
b111000100101110 $
b111000100101110 (
b1001011100110111 !
b10011000001001 #
b10011000001001 '
b111100111 &
#488
16
15
0/
b101111000100011 "
b101111000100011 8
14
12
10
13
0.
b1000100101100110 $
b1000100101100110 (
b101111000100011 !
b1101010010111101 #
b1101010010111101 '
b111101000 &
#489
06
b100110111101011 "
b100110111101011 8
01
05
1.
b10010101110101 $
b10010101110101 (
b100110111101011 !
b10100001110110 #
b10100001110110 '
b111101001 &
#490
1,
1+
17
16
1*
11
b1101000000100100 "
b1101000000100100 8
12
03
04
15
1-
1)
b1001010110010101 $
b1001010110010101 (
b1101000000100100 !
b11101010001111 #
b11101010001111 '
b111101010 &
#491
0+
07
00
06
0.
0*
b1011011111110111 "
b1011011111110111 8
13
14
05
0-
1/
0)
b1110101001111100 $
b1110101001111100 (
b1011011111110111 !
b1100110101111011 #
b1100110101111011 '
b111101011 &
#492
10
0.
1*
15
b111110100111000 "
b111110100111000 8
0-
03
02
0,
0/
1)
b100110011001001 $
b100110011001001 (
b111110100111000 !
b11000001101111 #
b11000001101111 '
b111101100 &
#493
01
03
00
1/
02
16
b1000001001111101 "
b1000001001111101 8
0*
04
1.
0)
b110000110110100 $
b110000110110100 (
b1000001001111101 !
b10000011001001 #
b10000011001001 '
b111101101 &
#494
14
13
12
b100111010000111 "
b100111010000111 8
0/
11
b1010100010101101 $
b1010100010101101 (
b100111010000111 !
b1010010111011010 #
b1010010111011010 '
b111101110 &
#495
05
04
03
17
1*
b1101010011101100 "
b1101010011101100 8
10
1/
1)
b1110001100001101 $
b1110001100001101 (
b1101010011101100 !
b1111000111011111 #
b1111000111011111 '
b111101111 &
#496
05
04
02
1+
0*
03
b1010100011110011 "
b1010100011110011 8
00
01
0.
0)
b110011110000011 $
b110011110000011 (
b1010100011110011 !
b100000101110000 #
b100000101110000 '
b111110000 &
#497
b101000101010101 "
b101000101010101 8
07
1,
0/
06
b1000110100000100 $
b1000110100000100 (
b101000101010101 !
b1100010001010001 #
b1100010001010001 '
b111110001 &
#498
0/
0.
b111011101111001 "
b111011101111001 8
0,
0-
15
0+
b10011111001 $
b10011111001 (
b111011101111001 !
b111001010000000 #
b111001010000000 '
b111110010 &
#499
0+
11
07
1/
10
1-
b10011111010000 "
b10011111010000 8
06
1.
1*
05
1,
b11101011001010 $
b11101011001010 (
b10011111010000 !
b1110110100000110 #
b1110110100000110 '
b111110011 &
#500
1+
17
16
1-
b10000010101000 "
b10000010101000 8
12
14
15
1,
1)
b1011101111001001 $
b1011101111001001 (
b10000010101000 !
b110010011011111 #
b110010011011111 '
b111110100 &
#501
0/
0.
0-
0,
0+
00
b1111111000110100 "
b1111111000110100 8
02
03
07
0*
01
04
0)
b1000100010110000 $
b1000100010110000 (
b1111111000110100 !
b111010110000100 #
b111010110000100 '
b111110101 &
#502
1+
17
b1000100011111001 "
b1000100011111001 8
05
b1000010100010000 $
b1000010100010000 (
b1000100011111001 !
b1111101001 #
b1111101001 '
b111110110 &
#503
14
13
0+
12
07
b1111011010001010 "
b1111011010001010 8
11
15
16
10
b1101000010101100 $
b1101000010101100 (
b1111011010001010 !
b10010111011110 #
b10010111011110 '
b111110111 &
#504
05
04
12
1/
b1111011100000 "
b1111011100000 8
03
1*
11
1.
10
17
1)
b10001111010111 $
b10001111010111 (
b1111011100000 !
b1111101100001001 #
b1111101100001001 '
b111111000 &
#505
01
1-
00
04
1,
b1100000101101110 "
b1100000101101110 8
0*
02
03
1+
0/
06
1.
b11001000001101 $
b11001000001101 (
b1100000101101110 !
b1000111101100001 #
b1000111101100001 '
b111111001 &
#506
16
b1100011001100100 "
b1100011001100100 8
1*
12
15
b111011010011 $
b111011010011 (
b1100011001100100 !
b1011011110010001 #
b1011011110010001 '
b111111010 &
#507
10
13
1/
b1000000011001001 "
b1000000011001001 8
05
11
0)
b1000011100101111 $
b1000011100101111 (
b1000000011001001 !
b1111100110011010 #
b1111100110011010 '
b111111011 &
#508
0/
15
0.
b1110011100000101 "
b1110011100000101 8
0+
14
0,
0-
b1000001110110111 $
b1000001110110111 (
b1110011100000101 !
b110001101001110 #
b110001101001110 '
b111111100 &
#509
b1101111000100011 "
b1101111000100011 8
03
0*
1.
1/
b110101101011101 $
b110101101011101 (
b1101111000100011 !
b111001011000110 #
b111001011000110 '
b111111101 &
#510
07
06
05
1-
b110101111001011 "
b110101111001011 8
13
04
1+
1,
b111111100101111 $
b111111100101111 (
b110101111001011 !
b1110110010011100 #
b1110110010011100 '
b111111110 &
#511
02
05
01
b11011111 "
b11011111 8
03
04
00
17
b11101010011011 $
b11101010011011 (
b11011111 !
b1100011001000100 #
b1100011001000100 '
b111111111 &
#512
0.
0-
16
0,
15
b1011110001001011 "
b1011110001001011 8
0+
0/
14
13
17
b1011101111101001 $
b1011101111101001 (
b1011110001001011 !
b1100010 #
b1100010 '
b1000000000 &
#513
06
05
b1001010110111011 "
b1001010110111011 8
03
10
11
04
b1001010001101 $
b1001010001101 (
b1001010110111011 !
b1000001100101110 #
b1000001100101110 '
b1000000001 &
#514
11
16
b1011110001110000 "
b1011110001110000 8
1*
10
17
15
1+
b1011010010101010 $
b1011010010101010 (
b1011110001110000 !
b11111000110 #
b11111000110 '
b1000000010 &
#515
0+
0.
07
0-
06
00
01
02
0,
b1011111111010111 "
b1011111111010111 8
05
0*
13
1/
b1100111100110111 $
b1100111100110111 (
b1011111111010111 !
b1111000010100000 #
b1111000010100000 '
b1000000011 &
#516
b1101011111011000 "
b1101011111011000 8
15
1.
14
1,
0/
b1010100011101000 $
b1010100011101000 (
b1101011111011000 !
b10111011110000 #
b10111011110000 '
b1000000100 &
#517
b10011010011110 "
b10011010011110 8
16
1-
03
0.
1)
b100111010001 $
b100111010001 (
b10011010011110 !
b1110011001101 #
b1110011001101 '
b1000000101 &
#518
0/
10
13
0-
b1111011010011010 "
b1111011010011010 8
0.
11
1*
12
14
17
0,
b1001001011011111 $
b1001001011011111 (
b1111011010011010 !
b110001110111011 #
b110001110111011 '
b1000000110 &
#519
00
b1111011011010101 "
b1111011011010101 8
0+
0*
05
07
0)
b10000101011000 $
b10000101011000 (
b1111011011010101 !
b1101010101111101 #
b1101010101111101 '
b1000000111 &
#520
1/
1.
1-
1,
1+
17
b1000000000110110 "
b1000000000110110 8
03
10
11
1*
04
15
16
1)
b10111110010111 $
b10111110010111 (
b1000000000110110 !
b101000010011111 #
b101000010011111 '
b1000001000 &
#521
01
00
06
0-
0/
b1101000000101111 "
b1101000000101111 8
0*
02
05
0)
b10111000101001 $
b10111000101001 (
b1101000000101111 !
b1010001000000110 #
b1010001000000110 '
b1000001001 &
#522
16
b101101010011011 "
b101101010011011 8
0,
0-
10
14
15
1/
b1111011011010111 $
b1111011011010111 (
b101101010011011 !
b110001111000100 #
b110001111000100 '
b1000001010 &
#523
0+
07
12
06
b1110011110101010 "
b1110011110101010 8
0/
11
05
1-
0.
1)
b1001101001101 $
b1001101001101 (
b1110011110101010 !
b1101010001011101 #
b1101010001011101 '
b1000001011 &
#524
1,
11
1+
b1111000111110010 "
b1111000111110010 8
1*
10
13
17
0-
b10101001111111 $
b10101001111111 (
b1111000111110010 !
b1100011101110011 #
b1100011101110011 '
b1000001100 &
#525
16
00
15
0,
0-
b1101101000000111 "
b1101101000000111 8
0*
1/
07
1.
0)
b110010110111001 $
b110010110111001 (
b1101101000000111 !
b111010001001110 #
b111010001001110 '
b1000001101 &
#526
02
b10011100011001 "
b10011100011001 8
06
07
0+
0.
01
b1100001000111001 $
b1100001000111001 (
b10011100011001 !
b110010011100000 #
b110010011100000 '
b1000001110 &
#527
1,
05
1+
04
b1101001010110010 "
b1101001010110010 8
0/
03
16
17
1)
b1000001100110001 $
b1000001100110001 (
b1101001010110010 !
b100111110000001 #
b100111110000001 '
b1000001111 &
#528
14
13
12
1-
b110110110001101 "
b110110110001101 8
15
1/
1*
10
11
1.
0)
b111110111111110 $
b111110111111110 (
b110110110001101 !
b1110111110001111 #
b1110111110001111 '
b1000010000 &
#529
0/
0.
0-
04
0,
03
b111100001101100 "
b111100001101100 8
07
05
06
0+
1)
b1000100000001111 $
b1000100000001111 (
b111100001101100 !
b1111000001011101 #
b1111000001011101 '
b1000010001 &
#530
1-
1,
02
1+
01
14
17
b1010000010011100 "
b1010000010011100 8
1/
00
13
16
b1101010101101001 $
b1101010101101001 (
b1010000010011100 !
b1100101100110011 #
b1100101100110011 '
b1000010010 &
#531
0+
11
0-
07
04
b1111011111110000 "
b1111011111110000 8
05
10
0,
0.
12
06
03
0/
0)
b101001010011010 $
b101001010011010 (
b1111011111110000 !
b1010010101010110 #
b1010010101010110 '
b1000010011 &
#532
1,
1+
17
00
b11000010100101 "
b11000010100101 8
14
16
0*
b11101001001 $
b11101001001 (
b11000010100101 !
b10100101011100 #
b10100101011100 '
b1000010100 &
#533
b1111001000001101 "
b1111001000001101 8
13
15
14
16
1.
1*
01
1-
1/
b111101000111010 $
b111101000111010 (
b1111001000001101 !
b111011111010011 #
b111011111010011 '
b1000010101 &
#534
b10001010000 "
b10001010000 8
0*
11
b111001111000 $
b111001111000 (
b10001010000 !
b1111010111011000 #
b1111010111011000 '
b1000010110 &
#535
0+
0-
06
02
b1001010101011110 "
b1001010101011110 8
07
0,
05
01
04
1)
b110000000100101 $
b110000000100101 (
b1001010101011110 !
b11010100111001 #
b11010100111001 '
b1000010111 &
#536
0/
b111111001011111 "
b111111001011111 8
03
0.
0)
b1010100001010110 $
b1010100001010110 (
b111111001011111 !
b1101011000001001 #
b1101011000001001 '
b1000011000 &
#537
1/
1.
1-
b1000010011111111 "
b1000010011111111 8
1,
b1110011010011 $
b1110011010011 (
b1000010011111111 !
b110100000101100 #
b110100000101100 '
b1000011001 &
#538
1+
17
b1001000000011010 "
b1001000000011010 8
1,
16
b101000100000000 $
b101000100000000 (
b1001000000011010 !
b11111100011010 #
b11111100011010 '
b1000011010 &
#539
0/
b1110111010010100 "
b1110111010010100 8
14
0.
11
13
15
b1000111011101000 $
b1000111011101000 (
b1110111010010100 !
b101111110101100 #
b101111110101100 '
b1000011011 &
#540
0-
b1001100100001100 "
b1001100100001100 8
06
01
0,
1/
07
0+
b100000010100000 $
b100000010100000 (
b1001100100001100 !
b101100001101100 #
b101100001101100 '
b1000011100 &
#541
05
04
1,
b111010011101110 "
b111010011101110 8
17
12
03
16
1+
0/
1)
b100111111010001 $
b100111111010001 (
b111010011101110 !
b10010100011101 #
b10010100011101 '
b1000011101 &
#542
1/
0+
1.
07
b1000011111011010 "
b1000011111011010 8
1-
06
02
0)
b111100011011010 $
b111100011011010 (
b1000011111011010 !
b111100000000 #
b111100000000 '
b1000011110 &
#543
1.
1+
1-
b100001110011000 "
b100001110011000 8
0/
16
17
14
15
1,
b1011101111000000 $
b1011101111000000 (
b100001110011000 !
b1000011111011000 #
b1000011111011000 '
b1000011111 &
#544
0.
0-
0,
0+
b1011110100011101 "
b1011110100011101 8
06
07
b1011000011010001 $
b1011000011010001 (
b1011110100011101 !
b110001001100 #
b110001001100 '
b1000100000 &
#545
05
b1111101010100010 "
b1111101010100010 8
1+
1,
12
1)
b1110111001010001 $
b1110111001010001 (
b1111101010100010 !
b110001010001 #
b110001010001 '
b1000100001 &
#546
10
06
1/
b10010111111000 "
b10010111111000 8
1*
05
1-
04
02
17
1.
b110011110110011 $
b110011110110011 (
b10010111111000 !
b1011111001000101 #
b1011111001000101 '
b1000100010 &
#547
05
04
03
00
02
0/
b1100110011111110 "
b1100110011111110 8
0*
01
0,
0-
0.
0)
b1100011010000000 $
b1100011010000000 (
b1100110011111110 !
b11001111110 #
b11001111110 '
b1000100011 &
#548
13
12
15
b10101101000100 "
b10101101000100 8
11
14
16
1-
1/
b1101011101001000 $
b1101011101001000 (
b10101101000100 !
b101001111111100 #
b101001111111100 '
b1000100100 &
#549
03
02
05
0+
b101110010110010 "
b101110010110010 8
0,
01
04
06
07
0-
0/
1)
b1101110000110001 $
b1101110000110001 (
b101110010110010 !
b1000000010000001 #
b1000000010000001 '
b1000100101 &
#550
10
1,
1/
b1011001100101010 "
b1011001100101010 8
15
1*
16
1+
1-
1.
b1111110110000011 $
b1111110110000011 (
b1011001100101010 !
b1011010110100111 #
b1011010110100111 '
b1000100110 &
#551
03
0-
02
00
06
0/
0,
b1101001100111111 "
b1101001100111111 8
01
07
0*
05
0+
0.
0)
b1001000100000000 $
b1001000100000000 (
b1101001100111111 !
b100001000111111 #
b100001000111111 '
b1000100111 &
#552
12
11
b1111111100010 "
b1111111100010 8
10
13
14
b1001001101111110 $
b1001001101111110 (
b1111111100010 !
b1000110001100100 #
b1000110001100100 '
b1000101000 &
#553
04
03
02
01
1+
1.
b1101101101111111 "
b1101101101111111 8
1,
00
15
16
17
1-
1/
b1111101110001110 $
b1111101110001110 (
b1101101101111111 !
b1101111111110001 #
b1101111111110001 '
b1000101001 &
#554
14
13
0/
12
0+
0.
b110011110000110 "
b110011110000110 8
11
07
b1100111101000 $
b1100111101000 (
b110011110000110 !
b100110110011110 #
b100110110011110 '
b1000101010 &
#555
04
1/
03
1.
02
b1001010101010011 "
b1001010101010011 8
06
05
17
b1111101000001010 $
b1111101000001010 (
b1001010101010011 !
b1001101101001001 #
b1001101101001001 '
b1000101011 &
#556
10
0/
1*
0.
b1110001110110000 "
b1110001110110000 8
11
14
07
12
1)
b1100100001010001 $
b1100100001010001 (
b1110001110110000 !
b1101101011111 #
b1101101011111 '
b1000101100 &
#557
01
00
b1010111001101110 "
b1010111001101110 8
0.
0*
0-
04
02
0,
b10100000100101 $
b10100000100101 (
b1010111001101110 !
b1000011001001001 #
b1000011001001001 '
b1000101101 &
#558
1/
1.
13
1-
12
1,
b1000001011000100 "
b1000001011000100 8
11
14
1+
0)
b1001110001011000 $
b1001110001011000 (
b1000001011000100 !
b1110011001101100 #
b1110011001101100 '
b1000101110 &
#559
0,
0-
b100111010001101 "
b100111010001101 8
10
0+
1*
b1110001000101111 $
b1110001000101111 (
b100111010001101 !
b110110001011110 #
b110110001011110 '
b1000101111 &
#560
03
06
02
04
05
b1010110110101010 "
b1010110110101010 8
01
17
1-
0.
1)
b101001100100111 $
b101001100100111 (
b1010110110101010 !
b101101010000011 #
b101101010000011 '
b1000110000 &
#561
1,
16
b10000001101000 "
b10000001101000 8
1+
15
17
1-
0*
12
0)
b100010010010100 $
b100010010010100 (
b10000001101000 !
b1101101111010100 #
b1101101111010100 '
b1000110001 &
#562
07
06
b100101111001110 "
b100101111001110 8
13
0,
0-
05
00
1.
b110011100111100 $
b110011100111100 (
b100101111001110 !
b1110010010010010 #
b1110010010010010 '
b1000110010 &
#563
11
03
1-
b100010110110101 "
b100010110110101 8
1*
10
02
14
17
0+
1,
1.
0/
b10101001101111 $
b10101001101111 (
b100010110110101 !
b1101101000110 #
b1101101000110 '
b1000110011 &
#564
03
16
01
02
15
b1100010000111000 "
b1100010000111000 8
17
1+
1)
b1010111110111 $
b1010111110111 (
b1100010000111000 !
b1010111001000001 #
b1010111001000001 '
b1000110100 &
#565
0+
07
06
13
b110011110001000 "
b110011110001000 8
05
12
14
0)
b10111101110010 $
b10111101110010 (
b110011110001000 !
b11100000010110 #
b11100000010110 '
b1000110101 &
#566
0.
0-
0/
b1111111110000101 "
b1111111110000101 8
00
02
15
16
0,
b101100111100011 $
b101100111100011 (
b1111111110000101 !
b1010010110100010 #
b1010010110100010 '
b1000110110 &
#567
04
b1011001101011101 "
b1011001101011101 8
07
03
06
b1011000011001011 $
b1011000011001011 (
b1011001101011101 !
b1010010010 #
b1010010010 '
b1000110111 &
#568
1-
07
14
b110001110011001 "
b110001110011001 8
1,
06
0*
13
05
1+
1.
1/
b1110111000110001 $
b1110111000110001 (
b110001110011001 !
b111010101101000 #
b111010101101000 '
b1000111000 &
#569
12
11
17
10
16
0,
0/
1*
15
0-
b1100110000100000 "
b1100110000100000 8
03
0+
0.
1)
b1100100001010101 $
b1100100001010101 (
b1100110000100000 !
b1111001011 #
b1111001011 '
b1000111001 &
#570
01
00
0*
b1101110011001111 "
b1101110011001111 8
13
05
0)
b101001101011110 $
b101001101011110 (
b1101110011001111 !
b1000100101110001 #
b1000100101110001 '
b1000111010 &
#571
14
11
13
b1101110110000010 "
b1101110110000010 8
10
12
15
06
1+
1)
b101011010110101 $
b101011010110101 (
b1101110110000010 !
b1000011011001101 #
b1000011011001101 '
b1000111011 &
#572
1.
05
01
1-
b1100101110001010 "
b1100101110001010 8
02
03
04
06
00
07
1,
0)
b1011111010000010 $
b1011111010000010 (
b1100101110001010 !
b110100001000 #
b110100001000 '
b1000111100 &
#573
1/
b1000101011101111 "
b1000101011101111 8
0,
12
13
0+
b1111001010110000 $
b1111001010110000 (
b1000101011101111 !
b1001100000111111 #
b1001100000111111 '
b1000111101 &
#574
b1111111011110 "
b1111111011110 8
02
0-
b11000000110010 $
b11000000110010 (
b1111111011110 !
b1110111110101100 #
b1110111110101100 '
b1000111110 &
#575
1-
1,
12
1+
11
17
1/
b1100011 "
b1100011 8
10
16
03
1.
b1111101101011110 $
b1111101101011110 (
b1100011 !
b10100000101 #
b10100000101 '
b1000111111 &
#576
1.
1-
1,
15
1+
14
17
b100000000110101 "
b100000000110101 8
00
13
16
b110011101111101 $
b110011101111101 (
b100000000110101 !
b1101100010111000 #
b1101100010111000 '
b1001000000 &
#577
05
07
0/
b1110001010010111 "
b1110001010010111 8
04
06
0+
0.
02
03
b1000101010001101 $
b1000101010001101 (
b1110001010010111 !
b101100000001010 #
b101100000001010 '
b1001000001 &
#578
03
1/
16
02
1.
b1001010111010 "
b1001010111010 8
01
14
15
1)
b1101100011110001 $
b1101100011110001 (
b1001010111010 !
b11100111001001 #
b11100111001001 '
b1001000010 &
#579
b101111010011001 "
b101111010011001 8
10
13
14
17
1+
0)
b111111111100101 $
b111111111100101 (
b101111010011001 !
b1101111010110100 #
b1101111010110100 '
b1001000011 &
#580
0/
0.
0-
0,
0+
b1111111001010111 "
b1111111001010111 8
04
00
05
07
b1100010100100011 $
b1100010100100011 (
b1111111001010111 !
b11100100110100 #
b11100100110100 '
b1001000100 &
#581
1/
17
b1010001011110 "
b1010001011110 8
1.
1)
b111000100110001 $
b111000100110001 (
b1010001011110 !
b1010001100101101 #
b1010001100101101 '
b1001000101 &
#582
15
11
0/
b1110110100010010 "
b1110110100010010 8
14
10
12
13
1+
0.
0)
b10011110110100 $
b10011110110100 (
b1110110100010010 !
b1100010101011110 #
b1100010101011110 '
b1001000110 &
#583
04
03
b11010001110010 "
b11010001110010 8
05
1/
02
0+
b1100000101100100 $
b1100000101100100 (
b11010001110010 !
b111001100001110 #
b111001100001110 '
b1001000111 &
#584
1.
01
1-
b100010010101100 "
b100010010101100 8
00
14
1,
0/
b1011100101001000 $
b1011100101001000 (
b100010010101100 !
b1000101101100100 #
b1000101101100100 '
b1001001000 &
#585
1-
17
12
1+
0.
b110000000100101 "
b110000000100101 8
0/
1,
1*
11
04
15
16
b1000011110011011 $
b1000011110011011 (
b110000000100101 !
b1101100010001010 #
b1101100010001010 '
b1001001001 &
#586
0,
0+
07
02
03
06
10
b1110111100111000 "
b1110111100111000 8
1/
14
1.
1)
b1111101001101011 $
b1111101001101011 (
b1110111100111000 !
b1111010011001101 #
b1111010011001101 '
b1001001010 &
#587
01
b1100011010001110 "
b1100011010001110 8
00
16
13
14
17
0-
0/
b1010001011100011 $
b1010001011100011 (
b1100011010001110 !
b10001110101011 #
b10001110101011 '
b1001001011 &
#588
1,
b101010010010110 "
b101010010010110 8
00
11
0*
12
1+
b10010011011001 $
b10010011011001 (
b101010010010110 !
b10111110111101 #
b10111110111101 '
b1001001100 &
#589
0+
03
b10110100010 "
b10110100010 8
06
07
1-
1/
01
02
1.
0)
b1010110011100000 $
b1010110011100000 (
b10110100010 !
b101100011000010 #
b101100011000010 '
b1001001101 &
#590
0-
b101110001111100 "
b101110001111100 8
1*
0/
04
10
11
12
05
17
1+
0,
1)
b11011000011101 $
b11011000011101 (
b101110001111100 !
b10011001011111 #
b10011001011111 '
b1001001110 &
#591
03
b100111110111001 "
b100111110111001 8
0,
0/
02
0+
01
07
0.
0)
b1100100110 $
b1100100110 (
b100111110111001 !
b100110010010011 #
b100110010010011 '
b1001001111 &
#592
00
01
b110111000001110 "
b110111000001110 8
0*
1)
b1110100000001001 $
b1110100000001001 (
b110111000001110 !
b1000011000000101 #
b1000011000000101 '
b1001010000 &
#593
b100010011010111 "
b100010011010111 8
11
13
14
0)
b1100000001101011 $
b1100000001101011 (
b100010011010111 !
b1000010001101100 #
b1000010001101100 '
b1001010001 &
#594
16
b111011010100111 "
b111011010100111 8
01
12
15
1,
1-
1.
b1011100011110111 $
b1011100011110111 (
b111011010100111 !
b1011110110110000 #
b1011110110110000 '
b1001010010 &
#595
06
05
04
1*
b1000111111100 "
b1000111111100 8
03
0-
10
02
0,
0.
1/
1)
b1100000001010111 $
b1100000001010111 (
b1000111111100 !
b101000110100101 #
b101000110100101 '
b1001010011 &
#596
13
12
11
b1101011011000101 "
b1101011011000101 8
16
14
17
1.
0)
b1110001101001111 $
b1110001101001111 (
b1101011011000101 !
b1111001101110110 #
b1111001101110110 '
b1001010100 &
#597
0-
0,
07
b101111111010001 "
b101111111010001 8
05
0+
06
0*
04
0/
b1010001000011101 $
b1010001000011101 (
b101111111010001 !
b1011110110110100 #
b1011110110110100 '
b1001010101 &
#598
1+
05
17
b111100011001101 "
b111100011001101 8
01
04
03
16
1*
02
0.
b110001101000110 $
b110001101000110 (
b111100011001101 !
b1010110000111 #
b1010110000111 '
b1001010110 &
#599
15
14
13
12
11
0+
b101010100000100 "
b101010100000100 8
b1100000110011110 $
b1100000110011110 (
b101010100000100 !
b1001001101100110 #
b1001001101100110 '
b1001010111 &
#600
1.
05
0+
07
b1100011010010011 "
b1100011010010011 8
0*
1-
1/
b1111010101010100 $
b1111010101010100 (
b1100011010010011 !
b1101000100111111 #
b1101000100111111 '
b1001011000 &
#601
1,
03
07
b1001001110100000 "
b1001001110100000 8
06
1+
b11010001001100 $
b11010001001100 (
b1001001110100000 !
b101111101010100 #
b101111101010100 '
b1001011001 &
#602
02
b1010001101010110 "
b1010001101010110 8
01
0.
0,
0/
00
04
0+
b1001101010000 $
b1001101010000 (
b1010001101010110 !
b1001000000000110 #
b1001000000000110 '
b1001011010 &
#603
11
1.
b100100110110011 "
b100100110110011 8
10
1+
1,
1-
1/
b1101110010000110 $
b1101110010000110 (
b100100110110011 !
b110110100101101 #
b110110100101101 '
b1001011011 &
#604
1/
1.
15
1-
14
17
1,
12
b1000000100100010 "
b1000000100100010 8
13
16
00
1+
b1111110110111000 $
b1111110110111000 (
b1000000100100010 !
b1000001101101010 #
b1000001101101010 '
b1001011100 &
#605
02
0.
b10001010001111 "
b10001010001111 8
01
b101011110100000 $
b101011110100000 (
b10001010001111 !
b1100101011101111 #
b1100101011101111 '
b1001011101 &
#606
10
12
06
1*
0-
0.
b11100101001000 "
b11100101001000 8
04
11
13
05
0/
1)
b1010101000001001 $
b1010101000001001 (
b11100101001000 !
b1000111100111111 #
b1000111100111111 '
b1001011110 &
#607
03
02
01
05
0.
00
0,
04
0-
0*
0+
b11110011111101 "
b11110011111101 8
1/
0)
b1111101001010101 $
b1111101001010101 (
b11110011111101 !
b100001010101000 #
b100001010101000 '
b1001011111 &
#608
1.
1-
13
1,
b100001011010110 "
b100001011010110 8
11
07
12
1+
b1101110010111000 $
b1101110010111000 (
b100001011010110 !
b110011000011110 #
b110011000011110 '
b1001100000 &
#609
12
b100100110100100 "
b100100110100100 8
03
0,
0-
1*
10
11
17
14
15
1+
b1110011011010110 $
b1110011011010110 (
b100100110100100 !
b110001011001110 #
b110001011001110 '
b1001100001 &
#610
0-
01
0/
05
b111101011001110 "
b111101011001110 8
02
0+
0,
00
0.
0*
13
04
07
1)
b101010101001 $
b101010101001 (
b111101011001110 !
b111000000100101 #
b111000000100101 '
b1001100010 &
#611
16
12
15
11
b110101000000100 "
b110101000000100 8
1*
14
10
1-
1.
1/
13
1+
b1111010100110101 $
b1111010100110101 (
b110101000000100 !
b111010011001111 #
b111010011001111 '
b1001100011 &
#612
05
04
03
00
02
b101000011110110 "
b101000011110110 8
17
0*
01
1,
1+
0)
b111001110110110 $
b111001110110110 (
b101000011110110 !
b1101110101000000 #
b1101110101000000 '
b1001100100 &
#613
0/
15
13
07
0.
0,
b100100101001111 "
b100100101001111 8
14
12
06
0-
b1100010001011010 $
b1100010001011010 (
b100100101001111 !
b1000010011110101 #
b1000010011110101 '
b1001100101 &
#614
17
b1010100100000110 "
b1010100100000110 8
1+
02
16
1-
1)
b1000100100101 $
b1000100100101 (
b1010100100000110 !
b1001011111100001 #
b1001011111100001 '
b1001100110 &
#615
06
04
1/
b1000101101011 "
b1000101101011 8
05
07
0+
03
10
0-
1.
0)
b1011000101000100 $
b1011000101000100 (
b1000101101011 !
b110000000100111 #
b110000000100111 '
b1001100111 &
#616
15
14
1-
13
0/
1*
1,
b1110010100011000 "
b1110010100011000 8
10
11
12
17
1+
0.
1)
b1001111010011111 $
b1001111010011111 (
b1110010100011000 !
b100011001111001 #
b100011001111001 '
b1001101000 &
#617
04
03
00
0,
0*
b110011101110001 "
b110011101110001 8
02
16
0+
0)
b1101001111001001 $
b1101001111001001 (
b110011101110001 !
b1001001110101000 #
b1001001110101000 '
b1001101001 &
#618
b1111101100001010 "
b1111101100001010 8
10
01
07
1+
1,
1)
b1001110110000101 $
b1001110110000101 (
b1111101100001010 !
b101110110000101 #
b101110110000101 '
b1001101010 &
#619
0/
06
b111000111111011 "
b111000111111011 8
0.
00
05
0+
0-
0)
b100110001000 $
b100110001000 (
b111000111111011 !
b110100001110011 #
b110100001110011 '
b1001101011 &
#620
13
b100011111001010 "
b100011111001010 8
12
10
0,
b100001000110100 $
b100001000110100 (
b100011111001010 !
b10110010110 #
b10110010110 '
b1001101100 &
#621
b1101111010001110 "
b1101111010001110 8
14
01
00
16
1.
1/
1)
b1111000101010001 $
b1111000101010001 (
b1101111010001110 !
b1110110100111101 #
b1110110100111101 '
b1001101101 &
#622
04
b1011100000110111 "
b1011100000110111 8
03
11
0.
06
0/
0)
b1001000000011100 $
b1001000000011100 (
b1011100000110111 !
b10100000011011 #
b10100000011011 '
b1001101110 &
#623
16
b1100111001110001 "
b1100111001110001 8
1.
10
13
15
17
1/
b1110001010110100 $
b1110001010110100 (
b1100111001110001 !
b1110101110111101 #
b1110101110111101 '
b1001101111 &
#624
03
1,
b1011010001111101 "
b1011010001111101 8
04
1*
02
05
1+
1-
b11111100101111 $
b11111100101111 (
b1011010001111101 !
b111010101001110 #
b111010101001110 '
b1001110000 &
#625
0,
0+
13
15
00
b1110111001000101 "
b1110111001000101 8
07
12
14
16
0*
b1111110011101100 $
b1111110011101100 (
b1110111001000101 !
b1111000101011001 #
b1111000101011001 '
b1001110001 &
#626
0,
06
0+
05
b1111110111011 "
b1111110111011 8
03
07
0-
10
04
0.
b1100101010011101 $
b1100101010011101 (
b1111110111011 !
b101010100011110 #
b101010100011110 '
b1001110010 &
#627
16
1-
b110001010100011 "
b110001010100011 8
0/
00
01
02
14
15
1,
b1100111100011 $
b1100111100011 (
b110001010100011 !
b100100011000000 #
b100100011000000 '
b1001110011 &
#628
0+
b110011010101111 "
b110011010101111 8
06
07
1/
05
0,
1.
b111000001001011 $
b111000001001011 (
b110011010101111 !
b1111011001100100 #
b1111011001100100 '
b1001110100 &
#629
1,
b1101011100010101 "
b1101011100010101 8
17
1+
04
15
16
b1101011110000100 $
b1101011110000100 (
b1101011100010101 !
b1111111110010001 #
b1111111110010001 '
b1001110101 &
#630
0/
07
0.
1*
b111001101011100 "
b111001101011100 8
06
05
0-
1)
b10110000010011 $
b10110000010011 (
b111001101011100 !
b100011101001001 #
b100011101001001 '
b1001110110 &
#631
0/
01
0.
13
0*
00
0,
0-
b111000111001111 "
b111000111001111 8
12
0+
0)
b1001000100011100 $
b1001000100011100 (
b111000111001111 !
b1110000010110011 #
b1110000010110011 '
b1001110111 &
#632
1+
1/
1-
17
b1010100001010010 "
b1010100001010010 8
1.
11
02
16
1,
b1011101100101010 $
b1011101100101010 (
b1010100001010010 !
b1110110100101000 #
b1110110100101000 '
b1001111000 &
#633
0-
0,
15
07
12
0+
b1101101101001011 "
b1101101101001011 8
10
13
14
b110000111101110 $
b110000111101110 (
b1101101101001011 !
b111100101011101 #
b111100101011101 '
b1001111001 &
#634
1,
1+
b1111000110000111 "
b1111000110000111 8
17
00
1-
0/
0.
b1001010110111011 $
b1001010110111011 (
b1111000110000111 !
b101101111001100 #
b101101111001100 '
b1001111010 &
#635
0-
0.
b11101001000010 "
b11101001000010 8
07
0,
b10010111001010 $
b10010111001010 (
b11101001000010 !
b1010001111000 #
b1010001111000 '
b1001111011 &
#636
06
04
05
1,
1/
03
b1011000101111011 "
b1011000101111011 8
1-
10
17
1.
b1111101000011110 $
b1111101000011110 (
b1011000101111011 !
b1011011101011101 #
b1011011101011101 '
b1001111100 &
#637
15
0+
b11011101000001 "
b11011101000001 8
13
14
16
1*
07
b111100111001011 $
b111100111001011 (
b11011101000001 !
b1011110101110110 #
b1011110101110110 '
b1001111101 &
#638
01
00
b1101011010001111 "
b1101011010001111 8
0*
0-
0,
b1110010010110100 $
b1110010010110100 (
b1101011010001111 !
b1111000111011011 #
b1111000111011011 '
b1001111110 &
#639
03
04
b1111111000100100 "
b1111111000100100 8
0/
02
05
17
0.
b1011101100000100 $
b1011101100000100 (
b1111111000100100 !
b100001100100000 #
b100001100100000 '
b1001111111 &
#640
13
12
1.
b1100001101000110 "
b1100001101000110 8
15
07
11
14
06
1-
1)
b1000011001101 $
b1000011001101 (
b1100001101000110 !
b1011001001111001 #
b1011001001111001 '
b1010000000 &
#641
05
04
02
0.
03
b10110011010111 "
b10110011010111 8
01
0-
0)
b1000101 $
b1000101 (
b10110011010111 !
b10110010010010 #
b10110010010010 '
b1010000001 &
#642
13
1-
12
b110011101000111 "
b110011101000111 8
15
1,
1.
11
1/
b1111110010011110 $
b1111110010011110 (
b110011101000111 !
b110101010101001 #
b110101010101001 '
b1010000010 &
#643
0/
1+
0.
02
17
b1111100110011101 "
b1111100110011101 8
0-
03
01
14
16
b10110111000000 $
b10110111000000 (
b1111100110011101 !
b1100101111011101 #
b1100101111011101 '
b1010000011 &
#644
17
13
16
12
15
0+
b10010000000110 "
b10010000000110 8
11
14
1/
1*
0,
1)
b1110000110111011 $
b1110000110111011 (
b10010000000110 !
b100001001001011 #
b100001001001011 '
b1010000100 &
#645
03
1.
02
1-
b1000110011 "
b1000110011 8
04
07
0*
01
1,
1/
0)
b1101100010110010 $
b1101100010110010 (
b1000110011 !
b10100110000001 #
b10100110000001 '
b1010000101 &
#646
1+
1-
0/
b1110000010111110 "
b1110000010111110 8
17
05
1*
1,
1)
b1011100100001011 $
b1011100100001011 (
b1110000010111110 !
b10011110110011 #
b10011110110011 '
b1010000110 &
#647
0.
0-
15
0,
0/
07
0+
b111001000101001 "
b111001000101001 8
16
0*
14
0)
b110000011100001 $
b110000011100001 (
b111001000101001 !
b1000101001000 #
b1000101001000 '
b1010000111 &
#648
12
b101010101011 "
b101010101011 8
11
10
13
1+
1/
b100010010101111 $
b100010010101111 (
b101010101011 !
b1100010111111100 #
b1100010111111100 '
b1010001000 &
#649
06
03
05
01
1-
b1110110110101110 "
b1110110110101110 8
02
04
00
17
1,
0/
b1101111100001110 $
b1101111100001110 (
b1110110110101110 !
b111010100000 #
b111010100000 '
b1010001001 &
#650
1/
13
15
b1000011101001110 "
b1000011101001110 8
1.
12
14
16
1)
b1111111111011001 $
b1111111111011001 (
b1000011101001110 !
b1000011101110101 #
b1000011101110101 '
b1010001010 &
#651
0-
0,
0+
07
06
11
03
b1001111100110100 "
b1001111100110100 8
1*
05
10
02
04
b11000100100111 $
b11000100100111 (
b1001111100110100 !
b110111000001101 #
b110111000001101 '
b1010001011 &
#652
b1011101101110000 "
b1011101101110000 8
15
0*
0/
12
13
14
16
0.
0)
b10000111111100 $
b10000111111100 (
b1011101101110000 !
b1001100101110100 #
b1001100101110100 '
b1010001100 &
#653
1,
1+
b11000100011110 "
b11000100011110 8
1/
1-
1*
06
17
1.
1)
b1111001001011111 $
b1111001001011111 (
b11000100011110 !
b11111010111111 #
b11111010111111 '
b1010001101 &
#654
05
04
01
03
b1001001011101001 "
b1001001011101001 8
0+
0*
00
02
07
0-
0)
b1010101001101000 $
b1010101001101000 (
b1001001011101001 !
b1110100010000001 #
b1110100010000001 '
b1010001110 &
#655
0/
b1100100111110101 "
b1100100111110101 8
15
0,
1*
11
12
13
14
0.
b1000000011111011 $
b1000000011111011 (
b1100100111110101 !
b100100011111010 #
b100100011111010 '
b1010001111 &
#656
03
02
05
b111010110111111 "
b111010110111111 8
06
01
0*
04
b101010010100110 $
b101010010100110 (
b111010110111111 !
b10000100011001 #
b10000100011001 '
b1010010000 &
#657
13
12
11
16
1,
1/
10
15
1+
1.
b1001001000010 "
b1001001000010 8
1*
14
17
1-
1)
b1111011011101111 $
b1111011011101111 (
b1001001000010 !
b1101101010011 #
b1101101010011 '
b1010010001 &
#658
02
01
00
b100110010011110 "
b100110010011110 8
0/
0*
b1001110110110001 $
b1001110110110001 (
b100110010011110 !
b1010111011101101 #
b1010111011101101 '
b1010010010 &
#659
0,
0+
07
06
1/
b10111010000101 "
b10111010000101 8
05
0)
b11000000100001 $
b11000000100001 (
b10111010000101 !
b1111111001100100 #
b1111111001100100 '
b1010010011 &
#660
17
b111110101011110 "
b111110101011110 8
15
0/
1+
1,
16
b1011111101101000 $
b1011111101101000 (
b111110101011110 !
b1011110111110110 #
b1011110111110110 '
b1010010100 &
#661
12
11
14
07
0,
b1100101010000011 "
b1100101010000011 8
05
10
13
06
0+
0-
0.
b1100101001101111 $
b1100101001101111 (
b1100101010000011 !
b10100 #
b10100 '
b1010010101 &
#662
04
b1110110101101000 "
b1110110101101000 8
1*
10
17
1+
1-
1.
b1011011100111110 $
b1011011100111110 (
b1110110101101000 !
b11011000101010 #
b11011000101010 '
b1010010110 &
#663
03
16
02
15
1/
b111000111101 "
b111000111101 8
1.
01
14
1,
1-
b1111101000110 $
b1111101000110 (
b111000111101 !
b1110111011110111 #
b1110111011110111 '
b1010010111 &
#664
07
02
05
b101011011101 "
b101011011101 8
06
0-
01
0.
00
13
0,
0*
04
0+
b100000010100000 $
b100000010100000 (
b101011011101 !
b1100101000111101 #
b1100101000111101 '
b1010011000 &
#665
1-
1,
1+
17
b1010000111101110 "
b1010000111101110 8
12
14
15
16
b100110111110100 $
b100110111110100 (
b1010000111101110 !
b101001111111010 #
b101001111111010 '
b1010011001 &
#666
0-
03
0,
0.
b1011101000110011 "
b1011101000110011 8
02
04
05
b1101011100000000 $
b1101011100000000 (
b1011101000110011 !
b1110001100110011 #
b1110001100110011 '
b1010011010 &
#667
13
15
1-
b1010100101001100 "
b1010100101001100 8
12
1.
1/
14
1,
b10110101110000 $
b10110101110000 (
b1010100101001100 !
b111101111011100 #
b111101111011100 '
b1010011011 &
#668
07
10
06
03
b110001100111000 "
b110001100111000 8
0+
1*
05
0/
11
02
04
1)
b1011100100001111 $
b1011100100001111 (
b110001100111000 !
b1010101000101001 #
b1010101000101001 '
b1010011100 &
#669
b1100111101101101 "
b1100111101101101 8
01
12
15
16
0,
1/
0)
b101110111010111 $
b101110111010111 (
b1100111101101101 !
b111000110010110 #
b111000110010110 '
b1010011101 &
#670
0,
0+
0/
b1110111100101001 "
b1110111100101001 8
07
03
0.
06
02
05
b1101111000000110 $
b1101111000000110 (
b1110111100101001 !
b1000100100011 #
b1000100100011 '
b1010011110 &
#671
00
b11100110010100 "
b11100110010100 8
11
14
0-
b11100101001010 $
b11100101001010 (
b11100110010100 !
b1001010 #
b1001010 '
b1010011111 &
#672
1.
1-
1,
05
b1100011011001001 "
b1100011011001001 8
04
0*
01
16
17
1+
b11110001000 $
b11110001000 (
b1100011011001001 !
b1011111101000001 #
b1011111101000001 '
b1010100000 &
#673
15
0+
1/
b1001011000111110 "
b1001011000111110 8
14
16
07
1)
b1101110101110001 $
b1101110101110001 (
b1001011000111110 !
b1011100011001101 #
b1011100011001101 '
b1010100001 &
#674
0+
06
0/
05
07
b1100111000111011 "
b1100111000111011 8
04
0,
0-
0)
b1010110000010011 $
b1010110000010011 (
b1100111000111011 !
b10001000101000 #
b10001000101000 '
b1010100010 &
#675
13
12
11
b11011000001 "
b11011000001 8
1/
10
14
b10010001010101 $
b10010001010101 (
b11011000001 !
b1110001001101100 #
b1110001001101100 '
b1010100011 &
#676
0/
17
b111010101101101 "
b111010101101101 8
1,
15
0.
1*
16
1+
b110101101111 $
b110101101111 (
b111010101101101 !
b110011111111110 #
b110011111111110 '
b1010100100 &
#677
03
02
b11100010110101 "
b11100010110101 8
00
0*
01
b1010110011000001 $
b1010110011000001 (
b11100010110101 !
b1000101111110100 #
b1000101111110100 '
b1010100101 &
#678
05
1/
b1001100011101011 "
b1001100011101011 8
06
0-
12
04
0,
1.
b10001000011000 $
b10001000011000 (
b1001100011101011 !
b111011011010011 #
b111011011010011 '
b1010100110 &
#679
14
1-
b100111110100110 "
b100111110100110 8
15
1.
11
12
13
16
1,
1)
b1100111111111001 $
b1100111111111001 (
b100111110100110 !
b111111110101101 #
b111111110101101 '
b1010100111 &
#680
07
06
05
04
03
0.
0,
02
0-
b1010101111101101 "
b1010101111101101 8
01
0+
0/
0)
b1010101000100101 $
b1010101000100101 (
b1010101111101101 !
b111001000 #
b111001000 '
b1010101000 &
#681
17
16
15
b1111010000101011 "
b1111010000101011 8
14
1,
b1010101111100011 $
b1010101111100011 (
b1111010000101011 !
b100100001001000 #
b100100001001000 '
b1010101001 &
#682
1/
b1001000101011010 "
b1001000101011010 8
1+
04
1,
1.
b10000110001010 $
b10000110001010 (
b1001000101011010 !
b110111111010000 #
b110111111010000 '
b1010101010 &
#683
0,
0+
07
0/
b100111011010111 "
b100111011010111 8
14
13
05
06
1-
b1100001110000 $
b1100001110000 (
b100111011010111 !
b11011001100111 #
b11011001100111 '
b1010101011 &
#684
1/
b1010111010101110 "
b1010111010101110 8
03
17
1+
16
1,
1-
b1011111101001110 $
b1011111101001110 (
b1010111010101110 !
b1110111101100000 #
b1110111101100000 '
b1010101100 &
#685
13
12
11
10
15
b101001000001 "
b101001000001 8
16
1*
0,
b1011011001110010 $
b1011011001110010 (
b101001000001 !
b101001111001111 #
b101001111001111 '
b1010101101 &
#686
0/
00
0.
0+
01
0,
b1110110010000110 "
b1110110010000110 8
0*
0-
b1000001010010100 $
b1000001010010100 (
b1110110010000110 !
b110100111110010 #
b110100111110010 '
b1010101110 &
#687
14
13
b100101010000000 "
b100101010000000 8
07
1.
1/
11
12
b1110000110011000 $
b1110000110011000 (
b100101010000000 !
b110100011101000 #
b110100011101000 '
b1010101111 &
#688
1+
b1011101110010110 "
b1011101110010110 8
1,
17
0.
0/
b10101111111000 $
b10101111111000 (
b1011101110010110 !
b1000111110011110 #
b1000111110011110 '
b1010110000 &
#689
0+
04
10
07
b1011011101011000 "
b1011011101011000 8
03
1*
02
06
0,
1)
b1011001011001011 $
b1011001011001011 (
b1011011101011000 !
b10010001101 #
b10010001101 '
b1010110001 &
#690
00
1,
0*
12
06
b1111010111100111 "
b1111010111100111 8
05
1+
13
17
0)
b10111100111000 $
b10111100111000 (
b1111010111100111 !
b1100011010101111 #
b1100011010101111 '
b1010110010 &
#691
0/
0.
0,
b111111110000001 "
b111111110000001 8
02
14
0-
15
0+
01
16
07
b100110100001 $
b100110100001 (
b111111110000001 !
b111010111100000 #
b111010111100000 '
b1010110011 &
#692
b110100110101 "
b110100110101 8
04
1/
03
06
b1100110010100001 $
b1100110010100001 (
b110100110101 !
b100000010010100 #
b100000010010100 '
b1010110100 &
#693
1.
1-
1,
17
b100010001000110 "
b100010001000110 8
13
05
16
1+
1)
b111111100100101 $
b111111100100101 (
b100010001000110 !
b1100010100100001 #
b1100010100100001 '
b1010110101 &
#694
0/
1+
0.
15
17
b1110100000100110 "
b1110100000100110 8
12
0,
0-
14
1*
11
16
b100111011 $
b100111011 (
b1110100000100110 !
b1110011011101011 #
b1110011011101011 '
b1010110110 &
#695
06
05
1/
1-
b10110111001010 "
b10110111001010 8
04
0*
1.
10
1,
0)
b110111110011100 $
b110111110011100 (
b10110111001010 !
b1011111000101110 #
b1011111000101110 '
b1010110111 &
#696
0/
03
0.
02
b1110101100110110 "
b1110101100110110 8
0-
00
07
01
0,
b1000010000100000 $
b1000010000100000 (
b1110101100110110 !
b110011100010110 #
b110011100010110 '
b1010111000 &
#697
1-
b1110011101010111 "
b1110011101010111 8
0+
1.
1/
15
1,
b1111100010010101 $
b1111100010010101 (
b1110011101010111 !
b1110111011000010 #
b1110111011000010 '
b1010111001 &
#698
11
b1100110010 "
b1100110010 8
10
05
1)
b1101100100000101 $
b1101100100000101 (
b1100110010 !
b10101000101101 #
b10101000101101 '
b1010111010 &
#699
01
0-
b1001010111101111 "
b1001010111101111 8
00
0,
0)
b1111010111101000 $
b1111010111101000 (
b1001010111101111 !
b1010000000000111 #
b1010000000000111 '
b1010111011 &
#700
1+
17
16
15
14
13
12
b1001100000000000 "
b1001100000000000 8
11
b11011101101000 $
b11011101101000 (
b1001100000000000 !
b110000010011000 #
b110000010011000 '
b1010111100 &
#701
14
13
0/
10
12
b1110010010000010 "
b1110010010000010 8
0+
0.
1*
11
1)
b111101011 $
b111101011 (
b1110010010000010 !
b1110001010010111 #
b1110001010010111 '
b1010111101 &
#702
07
1/
06
1.
01
b1000101110001001 "
b1000101110001001 8
05
1-
0)
b1001100101010010 $
b1001100101010010 (
b1000101110001001 !
b1111001000110111 #
b1111001000110111 '
b1010111110 &
#703
1+
17
16
b1111100000001001 "
b1111100000001001 8
04
03
02
15
1,
b111100010000110 $
b111100010000110 (
b1111100000001001 !
b111111110000011 #
b111111110000011 '
b1010111111 &
#704
00
14
06
b100100110100101 "
b100100110100101 8
07
0*
12
13
05
0/
b1011110000110100 $
b1011110000110100 (
b100100110100101 !
b1000110101110001 #
b1000110101110001 '
b1011000000 &
#705
0.
0-
0,
0/
b111101011100110 "
b111101011100110 8
0+
b111100001110010 $
b111100001110010 (
b111101011100110 !
b1001110100 #
b1001110100 '
b1011000001 &
#706
03
1+
b1011101010111110 "
b1011101010111110 8
16
02
17
15
1,
1-
b1111111001100 $
b1111111001100 (
b1011101010111110 !
b1001101011110010 #
b1001101011110010 '
b1011000010 &
#707
1/
06
0+
b1001010111001100 "
b1001010111001100 8
1.
05
04
07
b1101110101000100 $
b1101110101000100 (
b1001010111001100 !
b1011100010001000 #
b1011100010001000 '
b1011000011 &
#708
16
b100011000001110 "
b100011000001110 8
15
17
b1111101010001100 $
b1111101010001100 (
b100011000001110 !
b100101110000010 #
b100101110000010 '
b1011000100 &
#709
14
13
0/
12
0.
07
11
0-
b1110111110000011 "
b1110111110000011 8
06
0+
0,
10
b100000010001111 $
b100000010001111 (
b1110111110000011 !
b1010111011110100 #
b1010111011110100 '
b1011000101 &
#710
04
01
02
03
b1101010101000110 "
b1101010101000110 8
00
1,
1)
b100110010000001 $
b100110010000001 (
b1101010101000110 !
b1000100011000101 #
b1000100011000101 '
b1011000110 &
#711
12
11
10
1/
b1010101111100000 "
b1010101111100000 8
1*
1-
05
1+
1.
b1111111111001011 $
b1111111111001011 (
b1010101111100000 !
b1010110000010101 #
b1010110000010101 '
b1011000111 &
#712
0,
b1100111001100000 "
b1100111001100000 8
0+
13
16
0)
b1101000100101010 $
b1101000100101010 (
b1100111001100000 !
b1111110100110110 #
b1111110100110110 '
b1011001000 &
#713
0/
15
1+
0.
b111100100110010 "
b111100100110010 8
14
0*
06
17
0-
1)
b11011000111101 $
b11011000111101 (
b111100100110010 !
b100001011110101 #
b100001011110101 '
b1011001001 &
#714
0+
05
06
b1011110000001 "
b1011110000001 8
07
1*
0)
b111011 $
b111011 (
b1011110000001 !
b1011101000110 #
b1011101000110 '
b1011001010 &
#715
16
b111111010000001 "
b111111010000001 8
15
b1100000110010011 $
b1100000110010011 (
b111111010000001 !
b1011110011101110 #
b1011110011101110 '
b1011001011 &
#716
0-
0,
03
0+
02
06
b1111110101000 "
b1111110101000 8
01
07
0*
b1110011000100 $
b1110011000100 (
b1111110101000 !
b1011100100 #
b1011100100 '
b1011001100 &
#717
b101111111100100 "
b101111111100100 8
13
1*
00
12
05
1.
b11101101110010 $
b11101101110010 (
b101111111100100 !
b10010001110010 #
b10010001110010 '
b1011001101 &
#718
1+
17
16
1-
b1100100000000110 "
b1100100000000110 8
15
1.
0*
1,
1)
b1110110110101 $
b1110110110101 (
b1100100000000110 !
b1010101001010001 #
b1010101001010001 '
b1011001110 &
#719
0-
b100100101001111 "
b100100101001111 8
04
0.
0/
02
0,
0)
b110101100 $
b110101100 (
b100100101001111 !
b100011110100011 #
b100011110100011 '
b1011001111 &
#720
0/
0.
10
0-
07
1*
b111101011001000 "
b111101011001000 8
0+
0,
05
12
13
06
1)
b1100000000110001 $
b1100000000110001 (
b111101011001000 !
b1011101010010111 #
b1011101010010111 '
b1011010000 &
#721
15
14
11
b1101111100010101 "
b1101111100010101 8
1.
0)
b10111001010111 $
b10111001010111 (
b1101111100010101 !
b1011000010111110 #
b1011000010111110 '
b1011010001 &
#722
b10001100101010 "
b10001100101010 8
01
0*
0.
16
b1000000110110100 $
b1000000110110100 (
b10001100101010 !
b1010000101110110 #
b1010000101110110 '
b1011010010 &
#723
04
03
05
b100110001110011 "
b100110001110011 8
1.
00
02
06
b1010000001110011 $
b1010000001110011 (
b100110001110011 !
b1010110000000000 #
b1010110000000000 '
b1011010011 &
#724
14
b1111110011011 "
b1111110011011 8
13
0.
b1001101101110010 $
b1001101101110010 (
b1111110011011 !
b1000010000101001 #
b1000010000101001 '
b1011010100 &
#725
12
14
1+
b11100110001011 "
b11100110001011 8
11
10
13
17
1/
b1111001101101101 $
b1111001101101101 (
b11100110001011 !
b100011000011110 #
b100011000011110 '
b1011010101 &
#726
1-
0+
b110010111001010 "
b110010111001010 8
0/
15
16
17
1,
1)
b101111111101 $
b101111111101 (
b110010111001010 !
b101100111001101 #
b101100111001101 '
b1011010110 &
#727
05
04
b1100110011110010 "
b1100110011110010 8
03
1.
1/
1*
1+
b111111100011011 $
b111111100011011 (
b1100110011110010 !
b100110111010111 #
b100110111010111 '
b1011010111 &
#728
0/
b101000101100100 "
b101000101100100 8
0-
0.
15
0)
b1000101110010110 $
b1000101110010110 (
b101000101100100 !
b1100010111001110 #
b1100010111001110 '
b1011011000 &
#729
0,
0+
02
07
b1010111001010001 "
b1010111001010001 8
1/
b110010110000111 $
b110010110000111 (
b1010111001010001 !
b100100011001010 #
b100100011001010 '
b1011011001 &
#730
0,
0+
06
1.
b1100111101011001 "
b1100111101011001 8
07
0*
13
05
1-
0/
b1001101100101100 $
b1001101100101100 (
b1100111101011001 !
b11010000101101 #
b11010000101101 '
b1011011010 &
#731
1.
b11001000111 "
b11001000111 8
1/
00
01
16
1,
1-
b111110100100010 $
b111110100100010 (
b11001000111 !
b1000100100100101 #
b1000100100100101 '
b1011011011 &
#732
1+
17
b100100001110110 "
b100100001110110 8
04
03
1*
15
16
0,
1)
b111001110000011 $
b111001110000011 (
b100100001110110 !
b1101010011110011 #
b1101010011110011 '
b1011011100 &
#733
0/
01
0.
b111110011101101 "
b111110011101101 8
00
12
13
0-
0*
05
0)
b110010110110000 $
b110010110110000 (
b111110011101101 !
b1011100111101 #
b1011100111101 '
b1011011101 &
#734
15
b1010011100100101 "
b1010011100100101 8
14
11
12
1-
0+
b1001101101100 $
b1001101101100 (
b1010011100100101 !
b1001001110111001 #
b1001001110111001 '
b1011011110 &
#735
04
1/
1+
b11100101000010 "
b11100101000010 8
1,
1.
b111100110011010 $
b111100110011010 (
b11100101000010 !
b1011111110101000 #
b1011111110101000 '
b1011011111 &
#736
0,
02
0/
b100110100011111 "
b100110100011111 8
03
0+
01
b11001110011101 $
b11001110011101 (
b100110100011111 !
b1100110000010 #
b1100110000010 '
b1011100000 &
#737
13
1,
b1110010011011011 "
b1110010011011011 8
0.
0/
10
11
12
14
1+
1-
b1101010011011111 $
b1101010011011111 (
b1110010011011011 !
b111111111100 #
b111111111100 '
b1011100001 &
#738
05
04
0+
b10010011100101 "
b10010011100101 8
03
06
07
0,
00
1/
b101000000001100 $
b101000000001100 (
b10010011100101 !
b1101010011011001 #
b1101010011011001 '
b1011100010 &
#739
16
15
02
b1010011000011100 "
b1010011000011100 8
14
01
b101010001011100 $
b101010001011100 (
b1010011000011100 !
b101000111000000 #
b101000111000000 '
b1011100011 &
#740
11
06
10
05
b1001100111010000 "
b1001100111010000 8
1*
0-
04
1.
1)
b1010100001001111 $
b1010100001001111 (
b1001100111010000 !
b1111000110000001 #
b1111000110000001 '
b1011100100 &
#741
01
16
00
0*
0/
b10011001001011 "
b10011001001011 8
15
1-
13
0.
0)
b1001010110100011 $
b1001010110100011 (
b10011001001011 !
b1001000010101000 #
b1001000010101000 '
b1011100101 &
#742
14
1,
1+
1/
12
b1001000010000001 "
b1001000010000001 8
17
1.
11
13
b11011111111001 $
b11011111111001 (
b1001000010000001 !
b101100010001000 #
b101100010001000 '
b1011100110 &
#743
07
06
05
b1000101111010101 "
b1000101111010101 8
04
b1110111100011000 $
b1110111100011000 (
b1000101111010101 !
b1001110010111101 #
b1001110010111101 '
b1011100111 &
#744
10
14
0/
b111001010001010 "
b111001010001010 8
1,
1*
16
17
1+
1)
b1011011101101011 $
b1011011101101011 (
b111001010001010 !
b1011101100011111 #
b1011101100011111 '
b1011101000 &
#745
15
b1000001000010011 "
b1000001000010011 8
1/
0*
16
0)
b1000001110010110 $
b1000001110010110 (
b1000001000010011 !
b1111111001111101 #
b1111111001111101 '
b1011101001 &
#746
07
02
06
0.
01
1*
05
b10001100011100 "
b10001100011100 8
03
04
0+
0,
0-
0/
00
1)
b1010001100010001 $
b1010001100010001 (
b10001100011100 !
b1000000000001011 #
b1000000000001011 '
b1011101010 &
#747
13
12
b10101011001110 "
b10101011001110 8
11
10
b10100000111111 $
b10100000111111 (
b10101011001110 !
b1010001111 #
b1010001111 '
b1011101011 &
#748
1,
1/
1+
1.
14
b1000110000101 "
b1000110000101 8
17
00
1-
0)
b11101001111011 $
b11101001111011 (
b1000110000101 !
b1101011100001010 #
b1101011100001010 '
b1011101100 &
#749
04
03
02
05
b11010011110010 "
b11010011110010 8
0*
10
1)
b111111011000101 $
b111111011000101 (
b11010011110010 !
b1011011000101101 #
b1011011000101101 '
b1011101101 &
#750
13
15
b10000101011100 "
b10000101011100 8
1*
12
14
b111011001011101 $
b111011001011101 (
b10000101011100 !
b1010101011111111 #
b1010101011111111 '
b1011101110 &
#751
1+
16
0-
03
0,
b1100100010100001 "
b1100100010100001 8
17
0)
b1110000111010111 $
b1110000111010111 (
b1100100010100001 !
b1110011011001010 #
b1110011011001010 '
b1011101111 &
#752
15
13
b1011110100011010 "
b1011110100011010 8
0.
0*
14
0/
1)
b1010111011101 $
b1010111011101 (
b1011110100011010 !
b1010011100111101 #
b1010011100111101 '
b1011110000 &
#753
1/
1.
1-
b1000011000000101 "
b1000011000000101 8
1*
00
0+
1,
0)
b110101011101011 $
b110101011101011 (
b1000011000000101 !
b1101100011010 #
b1101100011010 '
b1011110001 &
#754
05
04
03
02
b1100110011111011 "
b1100110011111011 8
0/
0*
0,
01
b1001001100101001 $
b1001001100101001 (
b1100110011111011 !
b11100111010010 #
b11100111010010 '
b1011110010 &
#755
10
07
b1001101100111001 "
b1001101100111001 8
1/
1*
06
0-
b1111100000100110 $
b1111100000100110 (
b1001101100111001 !
b1010001100010011 #
b1010001100010011 '
b1011110011 &
#756
b1011001011110011 "
b1011001011110011 8
0/
11
12
0*
1,
0.
b10100011010110 $
b10100011010110 (
b1011001011110011 !
b1000101000011101 #
b1000101000011101 '
b1011110100 &
#757
12
14
1+
11
16
13
b1011001010000000 "
b1011001010000000 8
17
1,
1*
10
15
b10011010001110 $
b10011010001110 (
b1011001010000000 !
b1000101111110010 #
b1000101111110010 '
b1011110101 &
#758
0,
07
01
0+
0-
b101101110001001 "
b101101110001001 8
06
b1101001011110111 $
b1101001011110111 (
b101101110001001 !
b1000100010010010 #
b1000100010010010 '
b1011110110 &
#759
1-
03
b1110100100110011 "
b1110100100110011 8
1+
11
0*
1,
02
17
b100111001000101 $
b100111001000101 (
b1110100100110011 !
b1001101011101110 #
b1001101011101110 '
b1011110111 &
#760
0-
b11001001101011 "
b11001001101011 8
0+
12
16
0.
13
07
0,
1/
b101000001101101 $
b101000001101101 (
b11001001101011 !
b1110000111111110 #
b1110000111111110 '
b1011111000 &
#761
03
05
b1111010010101011 "
b1111010010101011 8
02
06
0/
01
04
b1001000000000100 $
b1001000000000100 (
b1111010010101011 !
b110010010100111 #
b110010010100111 '
b1011111001 &
#762
1/
1.
b1100001111011 "
b1100001111011 8
1+
00
1,
1-
b1110001011001 $
b1110001011001 (
b1100001111011 !
b1111110000100010 #
b1111110000100010 '
b1011111010 &
#763
0/
11
0.
b1111001101110011 "
b1111001101110011 8
10
15
0-
b1100010010001101 $
b1100010010001101 (
b1111001101110011 !
b10111011100110 #
b10111011100110 '
b1011111011 &
#764
0/
13
0.
11
0,
12
0-
1*
b111101001000000 "
b111101001000000 8
10
05
16
0+
1)
b111000100111011 $
b111000100111011 (
b111101001000000 !
b100100000101 #
b100100000101 '
b1011111100 &
#765
15
0*
02
03
b1001001000011011 "
b1001001000011011 8
16
1,
14
0)
b1000100001001100 $
b1000100001001100 (
b1001001000011011 !
b100111001111 #
b100111001111 '
b1011111101 &
#766
1+
1.
b100000001110010 "
b100000001110010 8
17
1-
1*
11
04
10
1,
1/
1)
b100110010100111 $
b100110010100111 (
b100000001110010 !
b1111001111001011 #
b1111001111001011 '
b1011111110 &
#767
04
01
03
0+
06
00
02
07
b1111010111111011 "
b1111010111111011 8
0*
05
0/
0)
b11100011100011 $
b11100011100011 (
b1111010111111011 !
b1011110100011000 #
b1011110100011000 '
b1011111111 &
#768
b1100111101111011 "
b1100111101111011 8
11
10
0,
0-
1/
b110100000001111 $
b110100000001111 (
b1100111101111011 !
b110011101101100 #
b110011101101100 '
b1100000000 &
#769
15
b1100101100101011 "
b1100101100101011 8
01
14
16
00
12
1-
1.
b1111000111010000 $
b1111000111010000 (
b1100101100101011 !
b1101100101011011 #
b1101100101011011 '
b1100000001 &
#770
0,
06
0+
11
05
07
0.
b111111000110 "
b111111000110 8
13
1*
10
12
04
0-
1)
b100001010010111 $
b100001010010111 (
b111111000110 !
b1100110100101111 #
b1100110100101111 '
b1100000010 &
#771
17
16
01
15
1,
00
b11010000001110 "
b11010000001110 8
02
14
1+
0*
0/
0)
b1000110011101110 $
b1000110011101110 (
b11010000001110 !
b1010011100100000 #
b1010011100100000 '
b1100000011 &
#772
07
06
05
0,
b110101110010111 "
b110101110010111 8
1-
b1011101110010 $
b1011101110010 (
b110101110010111 !
b101010000100101 #
b101010000100101 '
b1100000100 &
#773
06
04
05
b1101100110111000 "
b1101100110111000 8
10
03
0-
17
1+
1.
b1010011100000100 $
b1010011100000100 (
b1101100110111000 !
b11001010110100 #
b11001010110100 '
b1100000101 &
#774
16
0+
b1100101001010011 "
b1100101001010011 8
0,
13
15
00
07
1/
b1110000110110011 $
b1110000110110011 (
b1100101001010011 !
b1110100010100000 #
b1110100010100000 '
b1100000110 &
#775
12
11
1-
06
10
1+
14
b1110100110000010 "
b1110100110000010 8
13
1,
0/
1*
05
17
0.
1)
b1001111000011111 $
b1001111000011111 (
b1110100110000010 !
b100101101100011 #
b100101101100011 '
b1100000111 &
#776
04
06
1/
b1001001111110000 "
b1001001111110000 8
03
05
1.
07
0*
0)
b101110000010100 $
b101110000010100 (
b1001001111110000 !
b11011111011100 #
b11011111011100 '
b1100001000 &
#777
15
02
14
01
b10100011001 "
b10100011001 8
13
0+
b1000110011100100 $
b1000110011100100 (
b10100011001 !
b111100000110101 #
b111100000110101 '
b1100001001 &
#778
0.
04
16
0-
0/
b1010111001111100 "
b1010111001111100 8
0,
1*
11
03
b10010101110 $
b10010101110 (
b1010111001111100 !
b1010100111001110 #
b1010100111001110 '
b1100001010 &
#779
01
00
02
17
b101110101011101 "
b101110101011101 8
0*
13
b101000110100100 $
b101000110100100 (
b101110101011101 !
b101110111001 #
b101110111001 '
b1100001011 &
#780
1/
1.
12
1-
b1000010001100111 "
b1000010001100111 8
04
07
0+
11
1,
03
05
06
b1100000001101 $
b1100000001101 (
b1000010001100111 !
b110110001011010 #
b110110001011010 '
b1100001100 &
#781
02
0-
b1000110101011010 "
b1000110101011010 8
0.
0/
0,
10
01
17
b1000001101010100 $
b1000001101010100 (
b1000110101011010 !
b101000000110 #
b101000000110 '
b1100001101 &
#782
04
03
02
b1111101101111101 "
b1111101101111101 8
01
00
07
15
b1001000010100001 $
b1001000010100001 (
b1111101101111101 !
b110101011011100 #
b110101011011100 '
b1100001110 &
#783
11
10
14
b1100010110110001 "
b1100010110110001 8
06
12
1*
13
05
b1000000000110111 $
b1000000000110111 (
b1100010110110001 !
b100010101111010 #
b100010101111010 '
b1100001111 &
#784
04
b111111101010010 "
b111111101010010 8
02
03
1)
b10101100000111 $
b10101100000111 (
b111111101010010 !
b101010001001011 #
b101010001001011 '
b1100010000 &
#785
00
b1010110110110111 "
b1010110110110111 8
14
1+
1/
0*
12
17
0)
b110011101011110 $
b110011101011110 (
b1010110110110111 !
b100011001011001 #
b100011001011001 '
b1100010001 &
#786
10
b1111010011110001 "
b1111010011110001 8
05
04
1*
11
16
17
0+
0/
b110001100011011 $
b110001100011011 (
b1111010011110001 !
b1001000111010110 #
b1001000111010110 '
b1100010010 &
#787
01
00
17
b110110010101111 "
b110110010101111 8
03
14
15
1-
0*
02
16
b1000111001010 $
b1000111001010 (
b110110010101111 !
b101101011100101 #
b101101011100101 '
b1100010011 &
#788
1.
12
1,
b1100010010100011 "
b1100010010100011 8
1/
11
05
1+
1-
b111010101001000 $
b111010101001000 (
b1100010010100011 !
b100111101011011 #
b100111101011011 '
b1100010100 &
#789
0+
02
b1010011001010001 "
b1010011001010001 8
0.
07
01
04
0/
b1100101010001 $
b1100101010001 (
b1010011001010001 !
b1000110100000000 #
b1000110100000000 '
b1100010101 &
#790
14
0+
13
b1101011110011001 "
b1101011110011001 8
07
1.
10
11
12
06
1/
b101110100011101 $
b101110100011101 (
b1101011110011001 !
b111101001111100 #
b111101001111100 '
b1100010110 &
#791
1+
01
15
b1000101100001010 "
b1000101100001010 8
17
00
16
1)
b1101111100011001 $
b1101111100011001 (
b1000101100001010 !
b1010101111110001 #
b1010101111110001 '
b1100010111 &
#792
11
10
b1001010001010000 "
b1001010001010000 8
1*
04
b1101011110010001 $
b1101011110010001 (
b1001010001010000 !
b1011110010111111 #
b1011110010111111 '
b1100011000 &
#793
03
06
b1011100100110001 "
b1011100100110001 8
02
14
15
0)
b111101011000010 $
b111101011000010 (
b1011100100110001 !
b11111001101111 #
b11111001101111 '
b1100011001 &
#794
01
00
0/
b1110001101101111 "
b1110001101101111 8
0*
13
12
07
0.
b101111011110000 $
b101111011110000 (
b1110001101101111 !
b1000010001111111 #
b1000010001111111 '
b1100011010 &
#795
b110000110001101 "
b110000110001101 8
05
06
b1100110100011000 $
b1100110100011000 (
b110000110001101 !
b1001010001110101 #
b1001010001110101 '
b1100011011 &
#796
14
16
11
13
1/
b10111000000101 "
b10111000000101 8
15
10
12
1*
17
1.
b10111111101110 $
b10111111101110 (
b10111000000101 !
b1111111000010111 #
b1111111000010111 '
b1100011100 &
#797
04
03
0+
02
07
01
05
06
b10011001111000 "
b10011001111000 8
1)
b110110001100111 $
b110110001100111 (
b10011001111000 !
b1011101000010001 #
b1011101000010001 '
b1100011101 &
#798
00
12
0-
0/
0*
b101101011100101 "
b101101011100101 8
11
1+
0,
0.
0)
b100011011011000 $
b100011011011000 (
b101101011100101 !
b1010000001101 #
b1010000001101 '
b1100011110 &
#799
06
05
04
10
1/
b11010111110001 "
b11010111110001 8
02
03
11
0+
1-
1*
1,
1.
b1011100001000010 $
b1011100001000010 (
b11010111110001 !
b111110110101111 #
b111110110101111 '
b1100011111 &
#800
06
05
04
01
03
00
1+
b1101000111111111 "
b1101000111111111 8
02
0*
17
1,
b101111101010100 $
b101111101010100 (
b1101000111111111 !
b111001010101011 #
b111001010101011 '
b1100100000 &
#801
0,
12
0+
11
0.
b10111111100010 "
b10111111100010 8
07
10
0-
b1100110111011100 $
b1100110111011100 (
b10111111100010 !
b110001000000110 #
b110001000000110 '
b1100100001 &
#802
02
04
b111100101110110 "
b111100101110110 8
01
03
00
15
1+
0/
1)
b1111010010110001 $
b1111010010110001 (
b111100101110110 !
b1000010011000101 #
b1000010011000101 '
b1100100010 &
#803
1.
1-
b100001011111111 "
b100001011111111 8
1,
05
16
0)
b1000010111001000 $
b1000010111001000 (
b100001011111111 !
b1011110100110111 #
b1011110100110111 '
b1100100011 &
#804
0.
0-
10
13
0,
b1011110101001001 "
b1011110101001001 8
1*
12
06
0+
1/
b100010000110010 $
b100010000110010 (
b1011110101001001 !
b111100100010111 #
b111100100010111 '
b1100100100 &
#805
1,
1.
1+
b1000101111001 "
b1000101111001 8
1-
11
17
1/
b111101100111011 $
b111101100111011 (
b1000101111001 !
b1001011000111110 #
b1001011000111110 '
b1100100101 &
#806
01
00
03
b1000010101101111 "
b1000010101101111 8
04
0+
0*
02
b100101001100010 $
b100101001100010 (
b1000010101101111 !
b11101100001101 #
b11101100001101 '
b1100100110 &
#807
12
11
b1100011111100011 "
b1100011111100011 8
0/
10
07
b111010011111 $
b111010011111 (
b1100011111100011 !
b1011100101000100 #
b1011100101000100 '
b1100100111 &
#808
0.
15
17
0-
b11010100010111 "
b11010100010111 8
02
14
16
00
0,
1/
b1100000111001111 $
b1100000111001111 (
b11010100010111 !
b111001101001000 #
b111001101001000 '
b1100101000 &
#809
0,
1.
b110110010010 "
b110110010010 8
02
07
0+
1-
01
13
06
1/
b101100010100000 $
b101100010100000 (
b110110010010 !
b1011010011110010 #
b1011010011110010 '
b1100101001 &
#810
05
10
0.
04
1+
b1011101011111000 "
b1011101011111000 8
0/
1*
0-
03
16
17
1)
b10011100110111 $
b10011100110111 (
b1011101011111000 !
b1001001111000001 #
b1001001111000001 '
b1100101010 &
#811
1/
1.
13
b100011001010 "
b100011001010 8
0*
00
0+
0,
01
14
1-
12
06
07
b11100001110001 $
b11100001110001 (
b100011001010 !
b1101000001011001 #
b1101000001011001 '
b1100101011 &
#812
0/
04
11
0.
03
b111011101110101 "
b111011101110101 8
1*
10
15
0-
0)
b1011011010010110 $
b1011011010010110 (
b111011101110101 !
b1100000011011111 #
b1100000011011111 '
b1100101100 &
#813
1-
17
1,
b110010000001001 "
b110010000001001 8
16
01
02
1+
b100011110000110 $
b100011110000110 (
b110010000001001 !
b1110010000011 #
b1110010000011 '
b1100101101 &
#814
0+
07
02
00
b101011001011111 "
b101011001011111 8
06
01
0-
0*
05
1.
1/
b110101000010011 $
b110101000010011 (
b101011001011111 !
b1110110001001100 #
b1110110001001100 '
b1100101110 &
#815
b100001010111100 "
b100001010111100 8
14
0,
b1110000001101100 $
b1110000001101100 (
b100001010111100 !
b110001001010000 #
b110001001010000 '
b1100101111 &
#816
b1100001100110100 "
b1100001100110100 8
1*
15
12
0/
11
13
16
0.
1)
b100111011 $
b100111011 (
b1100001100110100 !
b1100000111111001 #
b1100000111111001 '
b1100110000 &
#817
05
b101001010110110 "
b101001010110110 8
0*
00
04
03
02
06
1.
0)
b10001000001000 $
b10001000001000 (
b101001010110110 !
b11000010101110 #
b11000010101110 '
b1100110001 &
#818
1/
b1001111110011111 "
b1001111110011111 8
02
01
b1111010010001101 $
b1111010010001101 (
b1001111110011111 !
b1010101100010010 #
b1010101100010010 '
b1100110010 &
#819
11
16
b1011101010110001 "
b1011101010110001 8
10
14
15
0.
b1110100111101101 $
b1110100111101101 (
b1011101010110001 !
b1101000011000100 #
b1101000011000100 '
b1100110011 &
#820
0+
01
b101011100001111 "
b101011100001111 8
06
07
0/
00
b1000001011000100 $
b1000001011000100 (
b101011100001111 !
b1101010001001011 #
b1101010001001011 '
b1100110100 &
#821
12
15
17
1*
b1110100101100 "
b1110100101100 8
11
1+
1/
10
13
14
16
1,
1)
b1100110111111101 $
b1100110111111101 (
b1110100101100 !
b100111100101111 #
b100111100101111 '
b1100110101 &
#822
01
03
00
02
0*
b1101000100101111 "
b1101000100101111 8
06
1.
0/
0)
b1010011011100011 $
b1010011011100011 (
b1101000100101111 !
b10101001001100 #
b10101001001100 '
b1100110110 &
#823
11
05
0+
06
1*
1-
1/
b1010011111110100 "
b1010011111110100 8
10
04
12
07
1)
b10111100010101 $
b10111100010101 (
b1010011111110100 !
b111100011011111 #
b111100011011111 '
b1100110111 &
#824
1+
17
16
15
b111100000011010 "
b111100000011010 8
14
0/
0*
02
13
0.
0)
b1110101101110 $
b1110101101110 (
b111100000011010 !
b101101010101100 #
b101101010101100 '
b1100111000 &
#825
1/
11
b110110000 "
b110110000 8
1.
1*
10
12
1)
b10011111111001 $
b10011111111001 (
b110110000 !
b1101100110110111 #
b1101100110110111 '
b1100111001 &
#826
0.
01
0-
b11000000001001 "
b11000000001001 8
0)
b110000011010011 $
b110000011010011 (
b11000000001001 !
b1100111100110110 #
b1100111100110110 '
b1100111010 &
#827
06
05
03
1.
b101000110110011 "
b101000110110011 8
04
00
07
0*
02
1-
0/
b1001010100110011 $
b1001010100110011 (
b101000110110011 !
b1011110010000000 #
b1011110010000000 '
b1100111011 &
#828
0-
15
0,
b101111101100110 "
b101111101100110 8
12
13
14
0+
1)
b1010110001110101 $
b1010110001110101 (
b101111101100110 !
b1011001011110001 #
b1011001011110001 '
b1100111100 &
#829
0-
0,
0+
04
07
03
b11111101110011 "
b11111101110011 8
05
06
0.
11
02
0)
b1000000101010 $
b1000000101010 (
b11111101110011 !
b10111101001001 #
b10111101001001 '
b1100111101 &
#830
17
1,
b1111010011110010 "
b1111010011110010 8
16
1+
1.
01
1-
1/
b1111111101010000 $
b1111111101010000 (
b1111010011110010 !
b1111010110100010 #
b1111010110100010 '
b1100111110 &
#831
12
11
10
07
b1111001111100000 "
b1111001111100000 8
1*
06
0+
1)
b1111100100010101 $
b1111100100010101 (
b1111001111100000 !
b1111101011001011 #
b1111101011001011 '
b1100111111 &
#832
b101001011110000 "
b101001011110000 8
13
1+
0/
b1010010111001 $
b1010010111001 (
b101001011110000 !
b11111000110111 #
b11111000110111 '
b1101000000 &
#833
17
16
01
15
1/
b1100000001101 "
b1100000001101 8
00
14
1+
0-
0)
b110100100011010 $
b110100100011010 (
b1100000001101 !
b1010111011110011 #
b1010111011110011 '
b1101000001 &
#834
15
14
13
1-
b110011100001000 "
b110011100001000 8
0*
10
11
12
b110011100011100 $
b110011100011100 (
b110011100001000 !
b1111111111101100 #
b1111111111101100 '
b1101000010 &
#835
06
01
b1101000101001011 "
b1101000101001011 8
04
05
00
07
0/
b11110100111001 $
b11110100111001 (
b1101000101001011 !
b1001010000010010 #
b1001010000010010 '
b1101000011 &
#836
06
05
03
04
b1001000111001010 "
b1001000111001010 8
1/
02
17
b11001001001010 $
b11001001001010 (
b1001000111001010 !
b101111110000000 #
b101111110000000 '
b1101000100 &
#837
16
15
1+
10
0/
b1100100000111001 "
b1100100000111001 8
1*
11
14
17
b111001001110 $
b111001001110 (
b1100100000111001 !
b1011100111101011 #
b1011100111101011 '
b1101000101 &
#838
0.
0-
0,
0+
07
01
06
13
b1011111110001011 "
b1011111110001011 8
00
05
14
0*
12
1/
b111010000111011 $
b111010000111011 (
b1011111110001011 !
b100101101010000 #
b100101101010000 '
b1101000110 &
#839
1+
04
17
1-
b10100011110101 "
b10100011110101 8
03
05
16
1,
11
1.
b11111111011000 $
b11111111011000 (
b10100011110101 !
b1110100100011101 #
b1110100100011101 '
b1101000111 &
#840
0+
14
07
0-
b101011110000011 "
b101011110000011 8
13
15
06
0,
b1110011011001000 $
b1110011011001000 (
b101011110000011 !
b111000010111011 #
b111000010111011 '
b1101001000 &
#841
05
04
07
1,
b1001001111001011 "
b1001001111001011 8
02
03
06
01
1+
b1110010011000000 $
b1110010011000000 (
b1001001111001011 !
b1010111100001011 #
b1010111100001011 '
b1101001001 &
#842
12
11
b100001011100101 "
b100001011100101 8
0/
1-
1*
1.
10
0+
b100001001110 $
b100001001110 (
b100001011100101 !
b11101010010111 #
b11101010010111 '
b1101001010 &
#843
0.
16
0-
b11101010110010 "
b11101010110010 8
15
0,
0*
14
1/
b1110000011010110 $
b1110000011010110 (
b11101010110010 !
b101100111011100 #
b101100111011100 '
b1101001011 &
#844
0+
02
05
b1110011011010100 "
b1110011011010100 8
07
01
06
1-
0/
1*
00
13
04
b1001010110010 $
b1001010110010 (
b1110011011010100 !
b1101010000100010 #
b1101010000100010 '
b1101001100 &
#845
05
1+
04
b1011101011101011 "
b1011101011101011 8
0.
03
1/
0*
16
17
1,
0-
b1100101101000011 $
b1100101101000011 (
b1011101011101011 !
b1110111110101000 #
b1110111110101000 '
b1101001101 &
#846
11
b11001011110101 "
b11001011110101 8
1*
10
07
0/
b10111000111 $
b10111000111 (
b11001011110101 !
b10110100101110 #
b10110100101110 '
b1101001110 &
#847
15
14
13
12
b100010100000000 "
b100010100000000 8
17
0,
0+
b110010110 $
b110010110 (
b100010100000000 !
b100001101101010 #
b100001101101010 '
b1101001111 &
#848
1/
07
1.
06
1-
05
00
1,
02
01
03
04
b1000001110000101 "
b1000001110000101 8
0*
1+
b1001011110000100 $
b1001011110000100 (
b1000001110000101 !
b1110110000000001 #
b1110110000000001 '
b1101010000 &
#849
0/
16
b111101010010001 "
b111101010010001 8
0.
14
15
17
1+
b1001111011000001 $
b1001111011000001 (
b111101010010001 !
b1101101111010000 #
b1101101111010000 '
b1101010001 &
#850
b1100100010011011 "
b1100100010011011 8
06
05
04
0,
0-
b100011000000010 $
b100011000000010 (
b1100100010011011 !
b1000001010011001 #
b1000001010011001 '
b1101010010 &
#851
1/
16
1.
15
1-
14
b1000011000011111 "
b1000011000011111 8
1,
13
b111111010100001 $
b111111010100001 (
b1000011000011111 !
b11101111110 #
b11101111110 '
b1101010011 &
#852
0/
0,
0.
b110100110011110 "
b110100110011110 8
06
03
07
0+
b101000011000110 $
b101000011000110 (
b110100110011110 !
b1100011011000 #
b1100011011000 '
b1101010100 &
#853
17
b1010000111101 "
b1010000111101 8
16
0-
1/
b100000001011001 $
b100000001011001 (
b1010000111101 !
b1101001111100100 #
b1101001111100100 '
b1101010101 &
#854
13
12
07
11
1.
b100101010000000 "
b100101010000000 8
05
06
10
14
1-
0/
b1011000000111100 $
b1011000000111100 (
b100101010000000 !
b1001101001000100 #
b1001101001000100 '
b1101010110 &
#855
1+
01
17
1.
b100100001101110 "
b100100001101110 8
04
00
1,
16
1-
b11111100111010 $
b11111100111010 (
b100100001101110 !
b100100110100 #
b100100110100 '
b1101010111 &
#856
0-
b1101101111001011 "
b1101101111001011 8
10
11
14
15
0,
b10001111101111 $
b10001111101111 (
b1101101111001011 !
b1011011111011100 #
b1011011111011100 '
b1101011000 &
#857
05
04
03
02
b1100100011110101 "
b1100100011110101 8
00
1-
1.
01
b1001001101100000 $
b1001001101100000 (
b1100100011110101 !
b11010110010101 #
b11010110010101 '
b1101011001 &
#858
15
0.
14
b1111100100011110 "
b1111100100011110 8
0/
10
0-
1*
13
1)
b10000101100111 $
b10000101100111 (
b1111100100011110 !
b1101011110110111 #
b1101011110110111 '
b1101011010 &
#859
16
0.
15
12
0-
14
b1011111000000100 "
b1011111000000100 8
11
0,
0+
13
0)
b1101011001110 $
b1101011001110 (
b1011111000000100 !
b1010001100110110 #
b1010001100110110 '
b1101011011 &
#860
1/
b1010100001010 "
b1010100001010 8
0*
1.
1,
b1110101100101100 $
b1110101100101100 (
b1010100001010 !
b10100111011110 #
b10100111011110 '
b1101011100 &
#861
06
b1101010101110110 "
b1101010101110110 8
07
0+
04
05
00
0,
b111010100111010 $
b111010100111010 (
b1101010101110110 !
b110000000111100 #
b110000000111100 '
b1101011101 &
#862
16
15
1/
14
b111000001111 "
b111000001111 8
01
02
1-
1.
b111100011100101 $
b111100011100101 (
b111000001111 !
b1001010100101010 #
b1001010100101010 '
b1101011110 &
#863
06
10
12
14
b11000110001001 "
b11000110001001 8
05
1*
11
13
1,
b1111100000111110 $
b1111100000111110 (
b11000110001001 !
b11100101001011 #
b11100101001011 '
b1101011111 &
#864
0+
07
06
0/
b101011110010011 "
b101011110010011 8
00
02
03
04
05
0*
0-
0.
b1000101100001001 $
b1000101100001001 (
b101011110010011 !
b1100110010001010 #
b1100110010001010 '
b1101100000 &
#865
0/
03
0.
10
02
0-
b111110110111010 "
b111110110111010 8
1*
0,
01
1)
b1100010100100011 $
b1100010100100011 (
b111110110111010 !
b1011100010010111 #
b1011100010010111 '
b1101100001 &
#866
14
13
1.
11
b1100111010010011 "
b1100111010010011 8
0*
12
1-
0)
b1001100000011100 $
b1001100000011100 (
b1100111010010011 !
b11011001110111 #
b11011001110111 '
b1101100010 &
#867
11
04
b1101111001010000 "
b1101111001010000 8
1*
10
17
16
0-
b1011001100010010 $
b1011001100010010 (
b1101111001010000 !
b10101100111110 #
b10101100111110 '
b1101100011 &
#868
03
02
01
05
00
04
b1110001011111111 "
b1110001011111111 8
0*
07
06
0.
b1110000011110101 $
b1110000011110101 (
b1110001011111111 !
b1000001010 #
b1000001010 '
b1101100100 &
#869
b1111111110100111 "
b1111111110100111 8
17
14
15
16
b110001111000101 $
b110001111000101 (
b1111111110100111 !
b1001101111100010 #
b1001101111100010 '
b1101100101 &
#870
07
b111101101011101 "
b111101101011101 8
13
1,
1-
06
1+
b101111011110001 $
b101111011110001 (
b111101101011101 !
b1110001101100 #
b1110001101100 '
b1101100110 &
#871
1/
05
1.
06
b10110110110 "
b10110110110 8
11
03
04
17
1)
b10111010001001 $
b10111010001001 (
b10110110110 !
b1101011100101101 #
b1101011100101101 '
b1101100111 &
#872
0/
0.
10
b1111100110111010 "
b1111100110111010 8
0-
1*
07
b1100110010101011 $
b1100110010101011 (
b1111100110111010 !
b10110100001111 #
b10110100001111 '
b1101101000 &
#873
15
01
14
1/
00
13
0-
b1001100100001111 "
b1001100100001111 8
0,
1.
0*
12
0+
0)
b11000010111011 $
b11000010111011 (
b1001100100001111 !
b110100001010100 #
b110100001010100 '
b1101101001 &
#874
05
b100110110010111 "
b100110110010111 8
03
06
04
0/
02
17
b1010101100010111 $
b1010101100010111 (
b100110110010111 !
b1010001010000000 #
b1010001010000000 '
b1101101010 &
#875
11
1-
10
1,
b1110010110110010 "
b1110010110110010 8
1*
1+
0.
1)
b100011010000011 $
b100011010000011 (
b1110010110110010 !
b1001111100101111 #
b1001111100101111 '
b1101101011 &
#876
0-
14
b1101101110101000 "
b1101101110101000 8
0,
12
13
07
0*
0+
1.
0)
b11000001111100 $
b11000001111100 (
b1101101110101000 !
b1010101100101100 #
b1010101100101100 '
b1101101100 &
#877
1,
1+
16
b1001001011101100 "
b1001001011101100 8
1*
01
17
00
15
0.
1)
b111111110001 $
b111111110001 (
b1001001011101100 !
b1000001011111011 #
b1000001011111011 '
b1101101101 &
#878
1/
1.
06
1-
0*
00
b1000110100110111 "
b1000110100110111 8
03
02
0)
b101111001010001 $
b101111001010001 (
b1000110100110111 !
b10111011100110 #
b10111011100110 '
b1101101110 &
#879
b1100000010111001 "
b1100000010111001 8
0-
05
10
07
0+
0,
b1110000001010100 $
b1110000001010100 (
b1100000010111001 !
b1110000001100101 #
b1110000001100101 '
b1101101111 &
#880
1+
17
13
16
12
1-
b1100100000001001 "
b1100100000001001 8
15
11
14
1,
1.
b1110110001101101 $
b1110110001101101 (
b1100100000001001 !
b1101101110011100 #
b1101101110011100 '
b1101110000 &
#881
02
b10000111010011 "
b10000111010011 8
0.
06
00
01
b1101101011100000 $
b1101101011100000 (
b10000111010011 !
b100011011110011 #
b100011011110011 '
b1101110001 &
#882
b111010001111011 "
b111010001111011 8
16
0+
12
17
10
11
0/
b101100101111111 $
b101100101111111 (
b111010001111011 !
b1101011111100 #
b1101011111100 '
b1101110010 &
#883
02
b1101011011010011 "
b1101011011010011 8
05
1.
00
01
1+
1/
b1101011101110011 $
b1101011101110011 (
b1101011011010011 !
b1111111101100000 #
b1111111101100000 '
b1101110011 &
#884
0/
07
b1111101010110011 "
b1111101010110011 8
0.
03
11
06
b1101111001001001 $
b1101111001001001 (
b1111101010110011 !
b1110001101010 #
b1110001101010 '
b1101110100 &
#885
1/
b1000100110110011 "
b1000100110110011 8
1.
10
11
04
0,
b111010110101110 $
b111010110101110 (
b1000100110110011 !
b1010000000101 #
b1010000000101 '
b1101110101 &
#886
13
11
1.
1*
12
b100011011000000 "
b100011011000000 8
10
0+
1,
1-
1)
b111101010011011 $
b111101010011011 (
b100011011000000 !
b1100110000100101 #
b1100110000100101 '
b1101110110 &
#887
06
03
0/
05
1-
b110010111110100 "
b110010111110100 8
02
0.
04
1+
17
1,
b111000000111 $
b111000000111 (
b110010111110100 !
b101011111101101 #
b101011111101101 '
b1101110111 &
#888
16
0-
15
0,
b1011110001101010 "
b1011110001101010 8
12
0.
13
14
17
1/
0+
b1110100001111111 $
b1110100001111111 (
b1011110001101010 !
b1101001111101011 #
b1101001111101011 '
b1101111000 &
#889
1.
05
1-
b110011001101 "
b110011001101 8
06
1/
04
1+
1,
0)
b1011111000101110 $
b1011111000101110 (
b110011001101 !
b100111010011111 #
b100111010011111 '
b1101111001 &
#890
16
0-
b100010010000100 "
b100010010000100 8
14
0/
15
17
0+
0,
1)
b1010001110001111 $
b1010001110001111 (
b100010010000100 !
b1010000011110101 #
b1010000011110101 '
b1101111010 &
#891
02
06
b1010110110011010 "
b1010110110011010 8
01
03
05
0.
1/
b110001101010111 $
b110001101010111 (
b1010110110011010 !
b100101001000011 #
b100101001000011 '
b1101111011 &
#892
1.
00
1-
16
b100011010010111 "
b100011010010111 8
0+
0*
1,
13
14
15
07
0)
b1110100111110000 $
b1110100111110000 (
b100011010010111 !
b101110010100111 #
b101110010100111 '
b1101111100 &
#893
06
05
0/
04
1+
0.
b1110100111110010 "
b1110100111110010 8
03
17
0,
1)
b1001011011000001 $
b1001011011000001 (
b1110100111110010 !
b101001100110001 #
b101001100110001 '
b1101111101 &
#894
16
1/
b1010101010110010 "
b1010101010110010 8
11
14
15
1.
b1011001111101001 $
b1011001111101001 (
b1010101010110010 !
b1111011011001001 #
b1111011011001001 '
b1101111110 &
#895
06
b1111000110100100 "
b1111000110100100 8
12
0+
0/
05
1*
04
07
1,
0)
b1011100000011010 $
b1011100000011010 (
b1111000110100100 !
b11100110001010 #
b11100110001010 '
b1101111111 &
#896
1+
17
16
b1101100000101100 "
b1101100000101100 8
15
10
1)
b1011111010001111 $
b1011111010001111 (
b1101100000101100 !
b1100110011101 #
b1100110011101 '
b1110000000 &
#897
00
04
06
0.
0/
0*
02
03
b110000111110101 "
b110000111110101 8
05
0)
b1101111100001101 $
b1101111100001101 (
b110000111110101 !
b1000001011101000 #
b1000001011101000 '
b1110000001 &
#898
0-
15
0,
14
b1011110100101101 "
b1011110100101101 8
0+
0.
13
1*
10
01
12
16
17
b1000101101110110 $
b1000101101110110 (
b1011110100101101 !
b11000110110111 #
b11000110110111 '
b1110000010 &
#899
04
03
b110110001101011 "
b110110001101011 8
01
0*
00
02
b1110101010100010 $
b1110101010100010 (
b110110001101011 !
b1000000111001001 #
b1000000111001001 '
b1110000011 &
#900
13
07
12
b1011011111001101 "
b1011011111001101 8
0+
06
11
14
1*
10
1,
1/
b100111011101110 $
b100111011101110 (
b1011011111001101 !
b110100011011111 #
b110100011011111 '
b1110000100 &
#901
04
01
03
00
b1011011001101111 "
b1011011001101111 8
02
16
0*
1.
17
1+
1-
1/
b111011010101000 $
b111011010101000 (
b1011011001101111 !
b11111111000111 #
b11111111000111 '
b1110000101 &
#902
10
14
0/
b1011010010011000 "
b1011010010011000 8
1*
0.
13
0-
b11110110110 $
b11110110110 (
b1011010010011000 !
b1010110011100010 #
b1010110011100010 '
b1110000110 &
#903
b110011000100010 "
b110011000100010 8
00
1-
0*
12
b1101111011110010 $
b1101111011110010 (
b110011000100010 !
b1000011100110000 #
b1000011100110000 '
b1110000111 &
#904
0-
13
11
0,
1/
b1110101000010 "
b1110101000010 8
04
06
12
10
0+
1.
b111001010100100 $
b111001010100100 (
b1110101000010 !
b1010101010011110 #
b1010101010011110 '
b1110001000 &
#905
1-
03
01
1,
b10000110101111 "
b10000110101111 8
02
00
05
07
1+
b11110110001011 $
b11110110001011 (
b10000110101111 !
b1110010000100100 #
b1110010000100100 '
b1110001001 &
#906
12
11
0/
b1101100101100101 "
b1101100101100101 8
0-
10
13
1*
0.
b110000110110 $
b110000110110 (
b1101100101100101 !
b1100110100101111 #
b1100110100101111 '
b1110001010 &
#907
03
00
1/
b1001101100111 "
b1001101100111 8
02
01
04
0*
15
1.
b110111010100110 $
b110111010100110 (
b1001101100111 !
b1010010011000001 #
b1010010011000001 '
b1110001011 &
#908
b100111000010101 "
b100111000010101 8
11
16
0/
1-
1.
1*
10
17
b111110001111 $
b111110001111 (
b100111000010101 !
b11111010000110 #
b11111010000110 '
b1110001100 &
#909
04
03
06
01
02
0.
0/
b1110010111111100 "
b1110010111111100 8
05
0+
00
07
0,
1)
b1000001111001 $
b1000001111001 (
b1110010111111100 !
b1101010110000011 #
b1101010110000011 '
b1110001101 &
#910
1+
17
16
15
0*
00
b110100000010111 "
b110100000010111 8
1/
14
1,
1-
1.
0)
b111100111000100 $
b111100111000100 (
b110100000010111 !
b1110111001010011 #
b1110111001010011 '
b1110001110 &
#911
06
b1011110100100110 "
b1011110100100110 8
b111111011000110 $
b111111011000110 (
b1011110100100110 !
b11111001100000 #
b11111001100000 '
b1110001111 &
#912
10
05
b1000100110001000 "
b1000100110001000 8
0/
1*
06
04
0,
0-
0.
1)
b1000000011 $
b1000000011 (
b1000100110001000 !
b1000011110000101 #
b1000011110000101 '
b1110010000 &
#913
16
15
14
13
0+
1.
0*
12
b100011000001011 "
b100011000001011 8
11
07
1-
1/
0)
b1101010100111100 $
b1101010100111100 (
b100011000001011 !
b111000011001111 #
b111000011001111 '
b1110010001 &
#914
05
0,
04
0+
02
03
06
07
b1001111011010010 "
b1001111011010010 8
0-
b10101010000110 $
b10101010000110 (
b1001111011010010 !
b111010001001100 #
b111010001001100 '
b1110010010 &
#915
1-
1,
14
01
b1010001110101011 "
b1010001110101011 8
1+
12
13
b1110111101110100 $
b1110111101110100 (
b1010001110101011 !
b1011010000110111 #
b1011010000110111 '
b1110010011 &
#916
17
1,
b1000110110011 "
b1000110110011 8
0-
03
00
11
02
15
16
1+
b10110111001000 $
b10110111001000 (
b1000110110011 !
b1110001111101011 #
b1110001111101011 '
b1110010100 &
#917
10
03
1/
1*
b1000000010111000 "
b1000000010111000 8
02
1-
01
1.
1)
b110100011000001 $
b110100011000001 (
b1000000010111000 !
b1011111110111 #
b1011111110111 '
b1110010101 &
#918
16
00
15
0/
0*
07
b1100001000100101 "
b1100001000100101 8
12
13
14
0)
b10011110101 $
b10011110101 (
b1100001000100101 !
b1011110100110000 #
b1011110100110000 '
b1110010110 &
#919
15
14
13
b1100000101 "
b1100000101 8
1/
11
12
b1001110101111100 $
b1001110101111100 (
b1100000101 !
b110010110001001 #
b110010110001001 '
b1110010111 &
#920
06
05
04
03
0-
02
0,
1*
07
b1111111111100 "
b1111111111100 8
01
0+
1)
b110111000001011 $
b110111000001011 (
b1111111111100 !
b1011000111110001 #
b1011000111110001 '
b1110011000 &
#921
17
16
15
14
13
12
b1101010000000110 "
b1101010000000110 8
00
0/
0*
11
1,
0)
b1010101100011100 $
b1010101100011100 (
b1101010000000110 !
b10100011101010 #
b10100011101010 '
b1110011001 &
#922
b111100001110 "
b111100001110 8
02
07
0+
1/
0,
01
b1110010110101110 $
b1110010110101110 (
b111100001110 !
b10100101100000 #
b10100101100000 '
b1110011010 &
#923
17
b1110010010101 "
b1110010010101 8
03
b110101111000000 $
b110101111000000 (
b1110010010101 !
b1011000011010101 #
b1011000011010101 '
b1110011011 &
#924
11
07
10
0/
06
0+
b1111011010110000 "
b1111011010110000 8
12
05
1*
04
0.
b1010011000011010 $
b1010011000011010 (
b1111011010110000 !
b101000010010110 #
b101000010010110 '
b1110011100 &
#925
1/
1.
1-
1,
15
1+
b1000001101010000 "
b1000001101010000 8
0*
02
13
14
16
17
b111101101100100 $
b111101101100100 (
b1000001101010000 !
b11111101100 #
b11111101100 '
b1110011101 &
#926
01
b1100001001001110 "
b1100001001001110 8
0/
05
00
07
12
13
04
06
b1010110000110000 $
b1010110000110000 (
b1100001001001110 !
b1011000011110 #
b1011000011110 '
b1110011110 &
#927
11
06
10
05
03
b10110111110000 "
b10110111110000 8
0,
1*
04
1/
17
02
1)
b11011010001001 $
b11011010001001 (
b10110111110000 !
b1111011101100111 #
b1111011101100111 '
b1110011111 &
#928
06
05
01
04
00
03
0*
02
b1101100111111111 "
b1101100111111111 8
0/
07
0-
0)
b1011010100010110 $
b1011010100010110 (
b1101100111111111 !
b10010011101001 #
b10010011101001 '
b1110100000 &
#929
13
1-
1*
b1100101011001100 "
b1100101011001100 8
14
12
16
17
1,
1.
1)
b1011101101110001 $
b1011101101110001 (
b1100101011001100 !
b111101011011 #
b111101011011 '
b1110100001 &
#930
07
b10001011101000 "
b10001011101000 8
0*
0+
1/
11
12
10
06
0)
b11101001101100 $
b11101001101100 (
b10001011101000 !
b1110100001111100 #
b1110100001111100 '
b1110100010 &
#931
04
0/
03
0.
02
0-
01
05
b111101011111001 "
b111101011111001 8
0,
00
b1110001010111000 $
b1110001010111000 (
b111101011111001 !
b1001100001000001 #
b1001100001000001 '
b1110100011 &
#932
1+
17
1/
16
1.
15
1-
14
b100000011010 "
b100000011010 8
1,
13
b111101001110010 $
b111101001110010 (
b100000011010 !
b1000110110101000 #
b1000110110101000 '
b1110100100 &
#933
0/
0.
0,
b1110110000111110 "
b1110110000111110 8
0-
0+
03
b100101101111110 $
b100101101111110 (
b1110110000111110 !
b1010000011000000 #
b1010000011000000 '
b1110100101 &
#934
06
0,
05
07
0+
b110110111110011 "
b110110111110011 8
1.
04
1-
1/
b111000101000000 $
b111000101000000 (
b110110111110011 !
b1111110010110011 #
b1111110010110011 '
b1110100110 &
#935
1,
1.
15
b100000100110110 "
b100000100110110 8
1+
1-
14
b100110011010010 $
b100110011010010 (
b100000100110110 !
b1111010001100100 #
b1111010001100100 '
b1110100111 &
#936
1.
1-
1,
17
b1100000010011110 "
b1100000010011110 8
05
1+
16
1)
b1101100101011101 $
b1101100101011101 (
b1100000010011110 !
b1110011101000001 #
b1110011101000001 '
b1110101000 &
#937
11
b10100011110100 "
b10100011110100 8
05
1*
0.
04
10
0/
b100110100101 $
b100110100101 (
b10100011110100 !
b1111101001111 #
b1111101001111 '
b1110101001 &
#938
b1110010110100010 "
b1110010110100010 8
12
14
15
1.
b10111111001111 $
b10111111001111 (
b1110010110100010 !
b1011010111010011 #
b1011010111010011 '
b1110101010 &
#939
b1100010001101110 "
b1100010001101110 8
13
1/
b101011111101111 $
b101011111101111 (
b1100010001101110 !
b110110001111111 #
b110110001111111 '
b1110101011 &
#940
06
05
07
b100000101000011 "
b100000101000011 8
0*
00
04
0/
0)
b1010110100001000 $
b1010110100001000 (
b100000101000011 !
b1001010000111011 #
b1001010000111011 '
b1110101100 &
#941
0.
0-
15
0,
b1011111100000101 "
b1011111100000101 8
02
03
1*
01
14
16
0+
1/
b1101010101000010 $
b1101010101000010 (
b1011111100000101 !
b1110100111000011 #
b1110100111000011 '
b1110101101 &
#942
1.
1-
1,
1+
b1100000110001011 "
b1100000110001011 8
13
17
14
0*
12
b101000110110011 $
b101000110110011 (
b1100000110001011 !
b110111111011000 #
b110111111011000 '
b1110101110 &
#943
14
11
13
10
0.
b11111010000010 "
b11111010000010 8
12
1*
1)
b1101111010001011 $
b1101111010001011 (
b11111010000010 !
b101111111110111 #
b101111111110111 '
b1110101111 &
#944
0,
00
b1100111111000100 "
b1100111111000100 8
01
1.
0+
0*
07
0)
b1101100111010000 $
b1101100111010000 (
b1100111111000100 !
b1111010111110100 #
b1111010111110100 '
b1110110000 &
#945
0/
11
13
06
07
0.
b1110101111000011 "
b1110101111000011 8
10
12
05
04
b1001000000101100 $
b1001000000101100 (
b1110101111000011 !
b101101110010111 #
b101101110010111 '
b1110110001 &
#946
1.
b100100000110111 "
b100100000110111 8
03
00
1,
1+
1-
b1011110000011011 $
b1011110000011011 (
b100100000110111 !
b1000110000011100 #
b1000110000011100 '
b1110110010 &
#947
14
0.
13
0-
0/
b1111001010000110 "
b1111001010000110 8
1,
01
16
17
1+
b1100011100110100 $
b1100011100110100 (
b1111001010000110 !
b10101101010010 #
b10101101010010 '
b1110110011 &
#948
1/
b1010001100000110 "
b1010001100000110 8
03
1-
15
1.
02
b11101101000000 $
b11101101000000 (
b1010001100000110 !
b110011111000110 #
b110011111000110 '
b1110110100 &
#949
0/
b1111100101111011 "
b1111100101111011 8
04
0.
b1110111011011 $
b1110111011011 (
b1111100101111011 !
b1101101110100000 #
b1101101110100000 '
b1110110101 &
#950
12
11
07
10
06
0.
b1011101111100010 "
b1011101111100010 8
13
1/
1*
05
0-
1)
b100111110111011 $
b100111110111011 (
b1011101111100010 !
b110110000100111 #
b110110000100111 '
b1110110110 &
#951
02
01
00
b10000100011100 "
b10000100011100 8
1-
1.
0*
03
1/
0)
b1110110100011000 $
b1110110100011000 (
b10000100011100 !
b11010000000100 #
b11010000000100 '
b1110110111 &
#952
14
0/
13
0.
12
0-
11
0,
b1111111110000011 "
b1111111110000011 8
10
0+
15
b1011001011111100 $
b1011001011111100 (
b1111111110000011 !
b100110010000111 #
b100110010000111 '
b1110111000 &
#953
04
03
01
1*
02
b1101001101100 "
b1101001101100 8
1+
1/
00
05
1)
b101011001100001 $
b101011001100001 (
b1101001101100 !
b1100010000001011 #
b1100010000001011 '
b1110111001 &
#954
17
14
0*
16
b101100010010011 "
b101100010010011 8
11
13
15
1+
1.
0)
b1110011110101000 $
b1110011110101000 (
b101100010010011 !
b111000011101011 #
b111000011101011 '
b1110111010 &
#955
16
15
14
b101000001111 "
b101000001111 8
01
1-
1/
12
13
1.
b11001001110110 $
b11001001110110 (
b101000001111 !
b1101011110011001 #
b1101011110011001 '
b1110111011 &
#956
05
04
07
03
0.
06
0/
b10101011111100 "
b10101011111100 8
02
0-
b10010010001000 $
b10010010001000 (
b10101011111100 !
b11001110100 #
b11001110100 '
b1110111100 &
#957
15
14
13
12
1/
11
17
1.
b1001100100000000 "
b1001100100000000 8
10
16
1+
1,
1-
b1111101001100 $
b1111101001100 (
b1001100100000000 !
b111100110110100 #
b111100110110100 '
b1110111101 &
#958
0-
0,
0+
07
04
06
b101111101011000 "
b101111101011000 8
1*
02
03
05
10
1)
b110011100001101 $
b110011100001101 (
b101111101011000 !
b1111100001001011 #
b1111100001001011 '
b1110111110 &
#959
15
14
b1110101100101010 "
b1110101100101010 8
12
1-
13
1+
b111011011101011 $
b111011011101011 (
b1110101100101010 !
b111010000111111 #
b111010000111111 '
b1110111111 &
#960
00
b101111101010101 "
b101111101010101 8
02
0-
0*
16
17
0+
0)
b110101111101100 $
b110101111101100 (
b101111101010101 !
b1111001101101001 #
b1111001101101001 '
b1111000000 &
#961
0,
07
b1010111101001011 "
b1010111101001011 8
0+
1-
10
01
06
0.
b101011001100101 $
b101011001100101 (
b1010111101001011 !
b101100011100110 #
b101100011100110 '
b1111000001 &
#962
05
02
04
01
b111011011010 "
b111011011010 8
00
03
16
0-
1.
1)
b1010110111000001 $
b1010110111000001 (
b111011011010 !
b110000100011001 #
b110000100011001 '
b1111000010 &
#963
1/
1+
b101001010110 "
b101001010110 8
1-
1.
13
15
16
17
1,
0)
b1001101110100100 $
b1001101110100100 (
b101001010110 !
b110111010110010 #
b110111010110010 '
b1111000011 &
#964
0-
0,
12
b1101101011001010 "
b1101101011001010 8
0+
05
10
11
13
07
b110100100111100 $
b110100100111100 (
b1101101011001010 !
b111000110001110 #
b111000110001110 '
b1111000100 &
#965
13
12
1-
11
1,
b1010001111000000 "
b1010001111000000 8
07
1*
06
10
14
1+
0.
b1101111001001110 $
b1101111001001110 (
b1010001111000000 !
b1100010101110010 #
b1100010101110010 '
b1111000101 &
#966
03
b1010101100100010 "
b1010101100100010 8
00
01
15
02
16
0*
17
0/
1)
b1001101111000001 $
b1001101111000001 (
b1010101100100010 !
b111101100001 #
b111101100001 '
b1111000110 &
#967
05
1/
b1010000011101111 "
b1010000011101111 8
04
1.
0)
b111110101101001 $
b111110101101001 (
b1010000011101111 !
b10001110000110 #
b10001110000110 '
b1111000111 &
#968
b1110000101010100 "
b1110000101010100 8
1*
06
b1111111100000010 $
b1111111100000010 (
b1110000101010100 !
b1110001001010010 #
b1110001001010010 '
b1111001000 &
#969
0,
0+
b1010110100101101 "
b1010110100101101 8
07
0.
0/
b1001010100000010 $
b1001010100000010 (
b1010110100101101 !
b1100000101011 #
b1100000101011 '
b1111001001 &
#970
17
b110110010100100 "
b110110010100100 8
1,
1-
0*
16
1+
b111110000100 $
b111110000100 (
b110110010100100 !
b101110100100000 #
b101110100100000 '
b1111001010 &
#971
12
b1111001001100100 "
b1111001001100100 8
11
1/
1*
10
15
1.
b1111111010001110 $
b1111111010001110 (
b1111001001100100 !
b1111001111010110 #
b1111001111010110 '
b1111001011 &
#972
02
b1011010101010110 "
b1011010101010110 8
01
0+
00
0.
0*
0-
0/
b101110000010 $
b101110000010 (
b1011010101010110 !
b1010100111010100 #
b1010100111010100 '
b1111001100 &
#973
07
1/
06
1.
b1001111110110 "
b1001111110110 8
05
1*
1-
1)
b101100000110011 $
b101100000110011 (
b1001111110110 !
b1011101111000011 #
b1011101111000011 '
b1111001101 &
#974
14
17
13
b1001110010001010 "
b1001110010001010 8
10
16
0-
12
0,
b1110101100110011 $
b1110101100110011 (
b1001110010001010 !
b1011000101010111 #
b1011000101010111 '
b1111001110 &
#975
17
03
15
00
01
b11110000001011 "
b11110000001011 8
16
1-
0*
02
1+
1,
0)
b1111111011000011 $
b1111111011000011 (
b11110000001011 !
b11110101001000 #
b11110101001000 '
b1111001111 &
#976
0,
0+
07
b1000111110000100 "
b1000111110000100 8
06
13
14
0-
b110111011100000 $
b110111011100000 (
b1000111110000100 !
b10000010100100 #
b10000010100100 '
b1111010000 &
#977
05
17
1,
b1010010001100 "
b1010010001100 8
04
0/
1*
03
16
1+
0.
b110110001010 $
b110110001010 (
b1010010001100 !
b11100000010 #
b11100000010 '
b1111010001 &
#978
15
b111011000111101 "
b111011000111101 8
16
14
b111011000010 $
b111011000010 (
b111011000111101 !
b110011101111011 #
b110011101111011 '
b1111010010 &
#979
03
02
1.
01
b1100001000111101 "
b1100001000111101 8
1-
00
1/
0*
b101111011000000 $
b101111011000000 (
b1100001000111101 !
b110001101111101 #
b110001101111101 '
b1111010011 &
#980
17
16
0.
15
b1011010000001101 "
b1011010000001101 8
0+
0-
13
14
1*
0/
b100000101011 $
b100000101011 (
b1011010000001101 !
b1010101111100010 #
b1010101111100010 '
b1111010100 &
#981
b1110110100101001 "
b1110110100101001 8
06
07
0+
03
0,
0*
10
1-
b1001000011000100 $
b1001000011000100 (
b1110110100101001 !
b101110001100101 #
b101110001100101 '
b1111010101 &
#982
1+
17
b11100000101111 "
b11100000101111 8
01
16
00
1,
1/
b101100011100011 $
b101100011100011 (
b11100000101111 !
b1101111101001100 #
b1101111101001100 '
b1111010110 &
#983
b1100000010110111 "
b1100000010110111 8
1.
11
12
b1111110111011010 $
b1111110111011010 (
b1100000010110111 !
b1100001011011101 #
b1100001011011101 '
b1111010111 &
#984
b110010100001001 "
b110010100001001 8
0+
01
02
0/
b1011100101000000 $
b1011100101000000 (
b110010100001001 !
b1010101111001001 #
b1010101111001001 '
b1111011000 &
#985
1-
05
b1110001011001011 "
b1110001011001011 8
13
1+
1,
10
12
04
0.
b1100001110110100 $
b1100001110110100 (
b1110001011001011 !
b1111100010111 #
b1111100010111 '
b1111011001 &
#986
05
07
03
1/
b10001111100111 "
b10001111100111 8
04
0+
00
06
02
1.
b1010100011100001 $
b1010100011100001 (
b10001111100111 !
b111101100000110 #
b111101100000110 '
b1111011010 &
#987
16
15
1+
12
14
b111101000100111 "
b111101000100111 8
0/
17
11
13
b1011101101101001 $
b1011101101101001 (
b111101000100111 !
b1011111010111110 #
b1011111010111110 '
b1111011011 &
#988
0-
0,
02
04
b1101110000011110 "
b1101110000011110 8
0+
01
03
1/
b110000110010100 $
b110000110010100 (
b1101110000011110 !
b111101010001010 #
b111101010001010 '
b1111011100 &
#989
07
0,
06
0+
b10111101101101 "
b10111101101101 8
0.
05
0/
b1000001000100000 $
b1000001000100000 (
b10111101101101 !
b1010110101001101 #
b1010110101001101 '
b1111011101 &
#990
15
13
b111101101000111 "
b111101101000111 8
14
16
12
b1110000101010100 $
b1110000101010100 (
b111101101000111 !
b1001100111110011 #
b1001100111110011 '
b1111011110 &
#991
1/
b10101100010000 "
b10101100010000 8
02
1-
06
1+
1.
b111011000100000 $
b111011000100000 (
b10101100010000 !
b1011010011110000 #
b1011010011110000 '
b1111011111 &
#992
11
10
04
17
b110000101110000 "
b110000101110000 8
1,
12
1+
1-
1*
03
16
b1110000111011010 $
b1110000111011010 (
b110000101110000 !
b111111110010110 #
b111111110010110 '
b1111100000 &
#993
02
01
04
0-
00
b1100101111111 "
b1100101111111 8
03
0,
0*
b1011001110000001 $
b1011001110000001 (
b1100101111111 !
b110010111111110 #
b110010111111110 '
b1111100001 &
#994
14
10
13
0/
b111101100011001 "
b111101100011001 8
1*
11
12
15
1,
1-
0.
b1101111110111010 $
b1101111110111010 (
b111101100011001 !
b1001101101011111 #
b1001101101011111 '
b1111100010 &
#995
06
05
0-
04
b1100111100000 "
b1100111100000 8
0,
b1001100110110 $
b1001100110110 (
b1100111100000 !
b11010101010 #
b11010101010 '
b1111100011 &
#996
b10110111000010 "
b10110111000010 8
1-
1)
b1011010000111 $
b1011010000111 (
b10110111000010 !
b1011100111011 #
b1011100111011 '
b1111100100 &
#997
03
b1101100010100100 "
b1101100010100100 8
00
01
02
0-
1.
b11001010100001 $
b11001010100001 (
b1101100010100100 !
b1010011000000011 #
b1010011000000011 '
b1111100101 &
#998
1-
16
b110010011011010 "
b110010011011010 8
0*
1,
0/
17
10
11
13
14
15
0.
b1000010011101101 $
b1000010011101101 (
b110010011011010 !
b1101111111101101 #
b1101111111101101 '
b1111100110 &
#999
1/
1.
b1000000001001011 "
b1000000001001011 8
01
12
13
0)
b110110101110110 $
b110110101110110 (
b1000000001001011 !
b1001011010101 #
b1001011010101 '
b1111100111 &
#1000
b1111101000 &
