#! /home/xpektra/.apio/packages/oss-cad-suite/bin/vvp
:ivl_version "13.0 (devel)" "(s20250103-66-gd67d3323a)";
:ivl_delay_selection "TYPICAL";
:vpi_time_precision - 12;
:vpi_module "/home/xpektra/.apio/packages/oss-cad-suite/lib/ivl/system.vpi";
:vpi_module "/home/xpektra/.apio/packages/oss-cad-suite/lib/ivl/vhdl_sys.vpi";
:vpi_module "/home/xpektra/.apio/packages/oss-cad-suite/lib/ivl/vhdl_textio.vpi";
:vpi_module "/home/xpektra/.apio/packages/oss-cad-suite/lib/ivl/v2005_math.vpi";
:vpi_module "/home/xpektra/.apio/packages/oss-cad-suite/lib/ivl/va_math.vpi";
:vpi_module "/home/xpektra/.apio/packages/oss-cad-suite/lib/ivl/v2009.vpi";
S_0x5555905e8890 .scope package, "$unit" "$unit" 2 1;
 .timescale 0 0;
S_0x555590748e00 .scope module, "ALU" "ALU" 3 25;
 .timescale -12 -12;
    .port_info 0 /INPUT 16 "x";
    .port_info 1 /INPUT 16 "y";
    .port_info 2 /INPUT 1 "zx";
    .port_info 3 /INPUT 1 "nx";
    .port_info 4 /INPUT 1 "zy";
    .port_info 5 /INPUT 1 "ny";
    .port_info 6 /INPUT 1 "f";
    .port_info 7 /INPUT 1 "no";
    .port_info 8 /OUTPUT 16 "out";
    .port_info 9 /OUTPUT 1 "zr";
    .port_info 10 /OUTPUT 1 "ng";
L_0x5555908b6030 .functor NOT 16, L_0x5555908b5e90, C4<0000000000000000>, C4<0000000000000000>, C4<0000000000000000>;
L_0x5555908b6390 .functor NOT 16, L_0x5555908b6210, C4<0000000000000000>, C4<0000000000000000>, C4<0000000000000000>;
L_0x5555908b6640 .functor AND 16, L_0x5555908b60f0, L_0x5555908b6450, C4<1111111111111111>, C4<1111111111111111>;
L_0x5555908b68d0 .functor NOT 16, L_0x5555908b6750, C4<0000000000000000>, C4<0000000000000000>, C4<0000000000000000>;
L_0x5555908b6ab0 .functor BUFZ 16, L_0x5555908b69c0, C4<0000000000000000>, C4<0000000000000000>, C4<0000000000000000>;
L_0x7fcc3a44d018 .functor BUFT 1, C4<0000000000000000>, C4<0>, C4<0>, C4<0>;
v0x5555907fb530_0 .net/2u *"_ivl_0", 15 0, L_0x7fcc3a44d018;  1 drivers
v0x55559079ece0_0 .net *"_ivl_12", 15 0, L_0x5555908b6390;  1 drivers
v0x55559079dd90_0 .net *"_ivl_16", 15 0, L_0x5555908b65a0;  1 drivers
v0x55559079ce40_0 .net *"_ivl_18", 15 0, L_0x5555908b6640;  1 drivers
v0x55559079bef0_0 .net *"_ivl_22", 15 0, L_0x5555908b68d0;  1 drivers
L_0x7fcc3a44d0a8 .functor BUFT 1, C4<0000000000000000>, C4<0>, C4<0>, C4<0>;
v0x55559079afa0_0 .net/2u *"_ivl_28", 15 0, L_0x7fcc3a44d0a8;  1 drivers
v0x55559079a0e0_0 .net *"_ivl_4", 15 0, L_0x5555908b6030;  1 drivers
L_0x7fcc3a44d060 .functor BUFT 1, C4<0000000000000000>, C4<0>, C4<0>, C4<0>;
v0x5555905e11c0_0 .net/2u *"_ivl_8", 15 0, L_0x7fcc3a44d060;  1 drivers
o0x7fcc3a496198 .functor BUFZ 1, c4<z>; HiZ drive
v0x555590550450_0 .net "f", 0 0, o0x7fcc3a496198;  0 drivers
v0x55559055b7d0_0 .net "ng", 0 0, L_0x5555908b6d10;  1 drivers
o0x7fcc3a4961f8 .functor BUFZ 1, c4<z>; HiZ drive
v0x55559055f370_0 .net "no", 0 0, o0x7fcc3a4961f8;  0 drivers
o0x7fcc3a496228 .functor BUFZ 1, c4<z>; HiZ drive
v0x5555905598e0_0 .net "nx", 0 0, o0x7fcc3a496228;  0 drivers
o0x7fcc3a496258 .functor BUFZ 1, c4<z>; HiZ drive
v0x55559055d480_0 .net "ny", 0 0, o0x7fcc3a496258;  0 drivers
v0x5555905d5fd0_0 .net "out", 15 0, L_0x5555908b6ab0;  1 drivers
v0x5555905d6120_0 .net "out1", 15 0, L_0x5555908b69c0;  1 drivers
v0x55559054b300_0 .net "out_f", 15 0, L_0x5555908b6750;  1 drivers
o0x7fcc3a496318 .functor BUFZ 16, c4<zzzzzzzzzzzzzzzz>; HiZ drive
v0x55559079a9a0_0 .net "x", 15 0, o0x7fcc3a496318;  0 drivers
v0x555590648dc0_0 .net "x1", 15 0, L_0x5555908b5e90;  1 drivers
v0x5555905b3750_0 .net "x2", 15 0, L_0x5555908b60f0;  1 drivers
o0x7fcc3a4963a8 .functor BUFZ 16, c4<zzzzzzzzzzzzzzzz>; HiZ drive
v0x555590636400_0 .net "y", 15 0, o0x7fcc3a4963a8;  0 drivers
v0x555590636740_0 .net "y1", 15 0, L_0x5555908b6210;  1 drivers
v0x555590649d90_0 .net "y2", 15 0, L_0x5555908b6450;  1 drivers
v0x55559053ffc0_0 .net "zr", 0 0, L_0x5555908b6ba0;  1 drivers
o0x7fcc3a496468 .functor BUFZ 1, c4<z>; HiZ drive
v0x555590799b50_0 .net "zx", 0 0, o0x7fcc3a496468;  0 drivers
o0x7fcc3a496498 .functor BUFZ 1, c4<z>; HiZ drive
v0x55559078ff10_0 .net "zy", 0 0, o0x7fcc3a496498;  0 drivers
L_0x5555908b5e90 .functor MUXZ 16, o0x7fcc3a496318, L_0x7fcc3a44d018, o0x7fcc3a496468, C4<>;
L_0x5555908b60f0 .functor MUXZ 16, L_0x5555908b5e90, L_0x5555908b6030, o0x7fcc3a496228, C4<>;
L_0x5555908b6210 .functor MUXZ 16, o0x7fcc3a4963a8, L_0x7fcc3a44d060, o0x7fcc3a496498, C4<>;
L_0x5555908b6450 .functor MUXZ 16, L_0x5555908b6210, L_0x5555908b6390, o0x7fcc3a496258, C4<>;
L_0x5555908b65a0 .arith/sum 16, L_0x5555908b60f0, L_0x5555908b6450;
L_0x5555908b6750 .functor MUXZ 16, L_0x5555908b6640, L_0x5555908b65a0, o0x7fcc3a496198, C4<>;
L_0x5555908b69c0 .functor MUXZ 16, L_0x5555908b6750, L_0x5555908b68d0, o0x7fcc3a4961f8, C4<>;
L_0x5555908b6ba0 .cmp/eq 16, L_0x5555908b69c0, L_0x7fcc3a44d0a8;
L_0x5555908b6d10 .part L_0x5555908b69c0, 15, 1;
S_0x555590821850 .scope module, "Add16_tb" "Add16_tb" 4 2;
 .timescale -12 -12;
v0x5555905b8ba0_0 .var "a", 15 0;
v0x5555905bf6c0_0 .var "b", 15 0;
v0x5555905bf760_0 .var "fail", 0 0;
v0x5555905bf800_0 .var "n", 15 0;
v0x5555905bf8c0_0 .net "out", 15 0, L_0x5555908c7eb0;  1 drivers
v0x5555905bf9d0_0 .net "out_cmp", 15 0, L_0x5555908c8db0;  1 drivers
L_0x5555908c8db0 .arith/sum 16, v0x5555905b8ba0_0, v0x5555905bf6c0_0;
S_0x55559074af90 .scope module, "ADD16" "Add16" 4 9, 5 8 0, S_0x555590821850;
 .timescale -12 -12;
    .port_info 0 /INPUT 16 "a";
    .port_info 1 /INPUT 16 "b";
    .port_info 2 /OUTPUT 16 "out";
L_0x5555908b7000 .functor AND 1, L_0x5555908b6e40, L_0x5555908b6f10, C4<1>, C4<1>;
L_0x5555908b7280 .functor AND 1, L_0x5555908b7110, L_0x5555908b71b0, C4<1>, C4<1>;
L_0x5555908b7660 .functor XOR 1, L_0x5555908b73c0, L_0x5555908b74f0, C4<0>, C4<0>;
L_0x5555908b76d0 .functor AND 1, L_0x5555908b7000, L_0x5555908b7660, C4<1>, C4<1>;
L_0x5555908b7810 .functor OR 1, L_0x5555908b7280, L_0x5555908b76d0, C4<0>, C4<0>;
L_0x5555908b7ab0 .functor AND 1, L_0x5555908b7920, L_0x5555908b79c0, C4<1>, C4<1>;
L_0x5555908b7da0 .functor XOR 1, L_0x5555908b7c00, L_0x5555908b7ca0, C4<0>, C4<0>;
L_0x5555908b7e60 .functor AND 1, L_0x5555908b7810, L_0x5555908b7da0, C4<1>, C4<1>;
L_0x5555908b7fc0 .functor OR 1, L_0x5555908b7ab0, L_0x5555908b7e60, C4<0>, C4<0>;
L_0x5555908b8280 .functor AND 1, L_0x5555908b80d0, L_0x5555908b8170, C4<1>, C4<1>;
L_0x5555908b8210 .functor XOR 1, L_0x5555908b83f0, L_0x5555908b8490, C4<0>, C4<0>;
L_0x5555908b8710 .functor AND 1, L_0x5555908b7fc0, L_0x5555908b8210, C4<1>, C4<1>;
L_0x5555908b8890 .functor OR 1, L_0x5555908b8280, L_0x5555908b8710, C4<0>, C4<0>;
L_0x5555908b8b70 .functor AND 1, L_0x5555908b89a0, L_0x5555908b8a40, C4<1>, C4<1>;
L_0x5555908b8820 .functor XOR 1, L_0x5555908b8d00, L_0x5555908b8da0, C4<0>, C4<0>;
L_0x5555908b8f80 .functor AND 1, L_0x5555908b8890, L_0x5555908b8820, C4<1>, C4<1>;
L_0x5555908b9120 .functor OR 1, L_0x5555908b8b70, L_0x5555908b8f80, C4<0>, C4<0>;
L_0x5555908b9420 .functor AND 1, L_0x5555908b9230, L_0x5555908b92d0, C4<1>, C4<1>;
L_0x5555908b9730 .functor XOR 1, L_0x5555908b8e40, L_0x5555908b95d0, C4<0>, C4<0>;
L_0x5555908b9840 .functor AND 1, L_0x5555908b9120, L_0x5555908b9730, C4<1>, C4<1>;
L_0x5555908b9a00 .functor OR 1, L_0x5555908b9420, L_0x5555908b9840, C4<0>, C4<0>;
L_0x5555908b9c80 .functor AND 1, L_0x5555908b9530, L_0x5555908b9b10, C4<1>, C4<1>;
L_0x5555908ba070 .functor XOR 1, L_0x5555908b9e50, L_0x5555908b9ef0, C4<0>, C4<0>;
L_0x5555908ba180 .functor AND 1, L_0x5555908b9a00, L_0x5555908ba070, C4<1>, C4<1>;
L_0x5555908ba360 .functor OR 1, L_0x5555908b9c80, L_0x5555908ba180, C4<0>, C4<0>;
L_0x5555908ba6a0 .functor AND 1, L_0x5555908ba470, L_0x5555908ba510, C4<1>, C4<1>;
L_0x5555908baef0 .functor XOR 1, L_0x5555908ba890, L_0x5555908bab40, C4<0>, C4<0>;
L_0x5555908bb000 .functor AND 1, L_0x5555908ba360, L_0x5555908baef0, C4<1>, C4<1>;
L_0x5555908bb200 .functor OR 1, L_0x5555908ba6a0, L_0x5555908bb000, C4<0>, C4<0>;
L_0x5555908bb560 .functor AND 1, L_0x5555908bb310, L_0x5555908bb3b0, C4<1>, C4<1>;
L_0x5555908bb9d0 .functor XOR 1, L_0x5555908bb770, L_0x5555908bb810, C4<0>, C4<0>;
L_0x5555908bbae0 .functor AND 1, L_0x5555908bb200, L_0x5555908bb9d0, C4<1>, C4<1>;
L_0x5555908bbd00 .functor OR 1, L_0x5555908bb560, L_0x5555908bbae0, C4<0>, C4<0>;
L_0x5555908bc080 .functor AND 1, L_0x5555908bbe10, L_0x5555908bbeb0, C4<1>, C4<1>;
L_0x5555908bc530 .functor XOR 1, L_0x5555908bc2b0, L_0x5555908bc350, C4<0>, C4<0>;
L_0x5555908bc640 .functor AND 1, L_0x5555908bbd00, L_0x5555908bc530, C4<1>, C4<1>;
L_0x5555908bc880 .functor OR 1, L_0x5555908bc080, L_0x5555908bc640, C4<0>, C4<0>;
L_0x5555908bcc20 .functor AND 1, L_0x5555908bc990, L_0x5555908bca30, C4<1>, C4<1>;
L_0x5555908bc7f0 .functor XOR 1, L_0x5555908bc750, L_0x5555908bce70, C4<0>, C4<0>;
L_0x5555908bd110 .functor AND 1, L_0x5555908bc880, L_0x5555908bc7f0, C4<1>, C4<1>;
L_0x5555908bd370 .functor OR 1, L_0x5555908bcc20, L_0x5555908bd110, C4<0>, C4<0>;
L_0x5555908bd730 .functor AND 1, L_0x5555908bd480, L_0x5555908bd520, C4<1>, C4<1>;
L_0x5555908bdc60 .functor XOR 1, L_0x5555908bd9a0, L_0x5555908bda40, C4<0>, C4<0>;
L_0x5555908bdd70 .functor AND 1, L_0x5555908bd370, L_0x5555908bdc60, C4<1>, C4<1>;
L_0x5555908bdff0 .functor OR 1, L_0x5555908bd730, L_0x5555908bdd70, C4<0>, C4<0>;
L_0x5555908be3d0 .functor AND 1, L_0x5555908be100, L_0x5555908be1a0, C4<1>, C4<1>;
L_0x5555908be940 .functor XOR 1, L_0x5555908be660, L_0x5555908be700, C4<0>, C4<0>;
L_0x5555908bea50 .functor AND 1, L_0x5555908bdff0, L_0x5555908be940, C4<1>, C4<1>;
L_0x5555908becf0 .functor OR 1, L_0x5555908be3d0, L_0x5555908bea50, C4<0>, C4<0>;
L_0x5555908bf0f0 .functor AND 1, L_0x5555908bee00, L_0x5555908beea0, C4<1>, C4<1>;
L_0x5555908bef40 .functor XOR 1, L_0x5555908bf3a0, L_0x5555908bf440, C4<0>, C4<0>;
L_0x5555908bf050 .functor AND 1, L_0x5555908becf0, L_0x5555908bef40, C4<1>, C4<1>;
L_0x5555908bf8f0 .functor OR 1, L_0x5555908bf0f0, L_0x5555908bf050, C4<0>, C4<0>;
L_0x5555908bfd10 .functor AND 1, L_0x5555908bfa00, L_0x5555908bfaa0, C4<1>, C4<1>;
L_0x5555908bf880 .functor XOR 1, L_0x5555908bf740, L_0x5555908bf7e0, C4<0>, C4<0>;
L_0x5555908c0260 .functor AND 1, L_0x5555908bf8f0, L_0x5555908bf880, C4<1>, C4<1>;
L_0x5555908c0540 .functor OR 1, L_0x5555908bfd10, L_0x5555908c0260, C4<0>, C4<0>;
L_0x5555908c0980 .functor XOR 1, L_0x5555908c0650, L_0x5555908c06f0, C4<0>, C4<0>;
L_0x5555908c13c0 .functor XOR 1, L_0x5555908c0c70, L_0x5555908c0d10, C4<0>, C4<0>;
L_0x5555908c1480 .functor XOR 1, L_0x5555908c13c0, L_0x5555908b7000, C4<0>, C4<0>;
L_0x5555908c1a80 .functor XOR 1, L_0x5555908c1730, L_0x5555908c17d0, C4<0>, C4<0>;
L_0x5555908c1b90 .functor XOR 1, L_0x5555908c1a80, L_0x5555908b7810, C4<0>, C4<0>;
L_0x5555908c21b0 .functor XOR 1, L_0x5555908c1e50, L_0x5555908c1ef0, C4<0>, C4<0>;
L_0x5555908c22c0 .functor XOR 1, L_0x5555908c21b0, L_0x5555908b7fc0, C4<0>, C4<0>;
L_0x5555908c2900 .functor XOR 1, L_0x5555908c2590, L_0x5555908c2630, C4<0>, C4<0>;
L_0x5555908c2a10 .functor XOR 1, L_0x5555908c2900, L_0x5555908b8890, C4<0>, C4<0>;
L_0x5555908c3070 .functor XOR 1, L_0x5555908c2cf0, L_0x5555908c2d90, C4<0>, C4<0>;
L_0x5555908c3180 .functor XOR 1, L_0x5555908c3070, L_0x5555908b9120, C4<0>, C4<0>;
L_0x5555908c3800 .functor XOR 1, L_0x5555908c3470, L_0x5555908c3510, C4<0>, C4<0>;
L_0x5555908c3910 .functor XOR 1, L_0x5555908c3800, L_0x5555908b9a00, C4<0>, C4<0>;
L_0x5555908c3fb0 .functor XOR 1, L_0x5555908c3c10, L_0x5555908c3cb0, C4<0>, C4<0>;
L_0x5555908c40c0 .functor XOR 1, L_0x5555908c3fb0, L_0x5555908ba360, C4<0>, C4<0>;
L_0x5555908c4780 .functor XOR 1, L_0x5555908c43d0, L_0x5555908c4470, C4<0>, C4<0>;
L_0x5555908c4890 .functor XOR 1, L_0x5555908c4780, L_0x5555908bb200, C4<0>, C4<0>;
L_0x5555908c4f70 .functor XOR 1, L_0x5555908c4bb0, L_0x5555908c4c50, C4<0>, C4<0>;
L_0x5555908c5080 .functor XOR 1, L_0x5555908c4f70, L_0x5555908bbd00, C4<0>, C4<0>;
L_0x5555908c5780 .functor XOR 1, L_0x5555908c53b0, L_0x5555908c5450, C4<0>, C4<0>;
L_0x5555908c5890 .functor XOR 1, L_0x5555908c5780, L_0x5555908bc880, C4<0>, C4<0>;
L_0x5555908c5fe0 .functor XOR 1, L_0x5555908c5bd0, L_0x5555908c5c70, C4<0>, C4<0>;
L_0x5555908c6120 .functor XOR 1, L_0x5555908c5fe0, L_0x5555908bd370, C4<0>, C4<0>;
L_0x5555908c6890 .functor XOR 1, L_0x5555908c6470, L_0x5555908c6510, C4<0>, C4<0>;
L_0x5555908c69d0 .functor XOR 1, L_0x5555908c6890, L_0x5555908bdff0, C4<0>, C4<0>;
L_0x5555908c7130 .functor XOR 1, L_0x5555908c6d30, L_0x5555908c6dd0, C4<0>, C4<0>;
L_0x5555908c7270 .functor XOR 1, L_0x5555908c7130, L_0x5555908becf0, C4<0>, C4<0>;
L_0x5555908c79f0 .functor XOR 1, L_0x5555908c75e0, L_0x5555908c7680, C4<0>, C4<0>;
L_0x5555908c7b30 .functor XOR 1, L_0x5555908c79f0, L_0x5555908bf8f0, C4<0>, C4<0>;
L_0x5555908c8870 .functor XOR 1, L_0x5555908c8450, L_0x5555908c87d0, C4<0>, C4<0>;
L_0x5555908c8980 .functor XOR 1, L_0x5555908c8870, L_0x5555908c0540, C4<0>, C4<0>;
v0x555590791ab0_0 .net *"_ivl_1", 0 0, L_0x5555908b6e40;  1 drivers
v0x555590795400_0 .net *"_ivl_10", 0 0, L_0x5555908b7280;  1 drivers
v0x555590796900_0 .net *"_ivl_103", 0 0, L_0x5555908ba470;  1 drivers
v0x555590799290_0 .net *"_ivl_105", 0 0, L_0x5555908ba510;  1 drivers
v0x555590647d10_0 .net *"_ivl_106", 0 0, L_0x5555908ba6a0;  1 drivers
v0x5555907fe920_0 .net *"_ivl_109", 0 0, L_0x5555908ba890;  1 drivers
v0x5555907f9a90_0 .net *"_ivl_111", 0 0, L_0x5555908bab40;  1 drivers
v0x5555907fa570_0 .net *"_ivl_112", 0 0, L_0x5555908baef0;  1 drivers
v0x5555907fa960_0 .net *"_ivl_114", 0 0, L_0x5555908bb000;  1 drivers
v0x555590545fb0_0 .net *"_ivl_119", 0 0, L_0x5555908bb310;  1 drivers
v0x555590542e10_0 .net *"_ivl_121", 0 0, L_0x5555908bb3b0;  1 drivers
v0x555590544660_0 .net *"_ivl_122", 0 0, L_0x5555908bb560;  1 drivers
v0x5555905564d0_0 .net *"_ivl_125", 0 0, L_0x5555908bb770;  1 drivers
v0x555590553310_0 .net *"_ivl_127", 0 0, L_0x5555908bb810;  1 drivers
v0x555590557d40_0 .net *"_ivl_128", 0 0, L_0x5555908bb9d0;  1 drivers
v0x555590554b80_0 .net *"_ivl_13", 0 0, L_0x5555908b73c0;  1 drivers
v0x555590551c70_0 .net *"_ivl_130", 0 0, L_0x5555908bbae0;  1 drivers
v0x555590769d10_0 .net *"_ivl_135", 0 0, L_0x5555908bbe10;  1 drivers
v0x555590769df0_0 .net *"_ivl_137", 0 0, L_0x5555908bbeb0;  1 drivers
v0x5555907679d0_0 .net *"_ivl_138", 0 0, L_0x5555908bc080;  1 drivers
v0x555590767ab0_0 .net *"_ivl_141", 0 0, L_0x5555908bc2b0;  1 drivers
v0x55559074d2d0_0 .net *"_ivl_143", 0 0, L_0x5555908bc350;  1 drivers
v0x55559074d390_0 .net *"_ivl_144", 0 0, L_0x5555908bc530;  1 drivers
v0x555590765690_0 .net *"_ivl_146", 0 0, L_0x5555908bc640;  1 drivers
v0x555590765770_0 .net *"_ivl_15", 0 0, L_0x5555908b74f0;  1 drivers
v0x555590763370_0 .net *"_ivl_151", 0 0, L_0x5555908bc990;  1 drivers
v0x555590763450_0 .net *"_ivl_153", 0 0, L_0x5555908bca30;  1 drivers
v0x555590761050_0 .net *"_ivl_154", 0 0, L_0x5555908bcc20;  1 drivers
v0x55559075ecd0_0 .net *"_ivl_157", 0 0, L_0x5555908bc750;  1 drivers
v0x55559075edb0_0 .net *"_ivl_159", 0 0, L_0x5555908bce70;  1 drivers
v0x55559075c990_0 .net *"_ivl_16", 0 0, L_0x5555908b7660;  1 drivers
v0x55559075ca70_0 .net *"_ivl_160", 0 0, L_0x5555908bc7f0;  1 drivers
v0x55559075a650_0 .net *"_ivl_162", 0 0, L_0x5555908bd110;  1 drivers
v0x55559075a730_0 .net *"_ivl_167", 0 0, L_0x5555908bd480;  1 drivers
v0x555590758310_0 .net *"_ivl_169", 0 0, L_0x5555908bd520;  1 drivers
v0x5555907583f0_0 .net *"_ivl_170", 0 0, L_0x5555908bd730;  1 drivers
v0x555590745b50_0 .net *"_ivl_173", 0 0, L_0x5555908bd9a0;  1 drivers
v0x555590745c30_0 .net *"_ivl_175", 0 0, L_0x5555908bda40;  1 drivers
v0x5555907fbb30_0 .net *"_ivl_176", 0 0, L_0x5555908bdc60;  1 drivers
v0x5555907fbc10_0 .net *"_ivl_178", 0 0, L_0x5555908bdd70;  1 drivers
v0x5555907f0b10_0 .net *"_ivl_18", 0 0, L_0x5555908b76d0;  1 drivers
v0x5555907f0bf0_0 .net *"_ivl_183", 0 0, L_0x5555908be100;  1 drivers
v0x55559080c740_0 .net *"_ivl_185", 0 0, L_0x5555908be1a0;  1 drivers
v0x55559080c820_0 .net *"_ivl_186", 0 0, L_0x5555908be3d0;  1 drivers
v0x55559066d5c0_0 .net *"_ivl_189", 0 0, L_0x5555908be660;  1 drivers
v0x55559066d6a0_0 .net *"_ivl_191", 0 0, L_0x5555908be700;  1 drivers
v0x55559066d780_0 .net *"_ivl_192", 0 0, L_0x5555908be940;  1 drivers
v0x55559066d860_0 .net *"_ivl_194", 0 0, L_0x5555908bea50;  1 drivers
v0x55559066d940_0 .net *"_ivl_199", 0 0, L_0x5555908bee00;  1 drivers
v0x55559066c190_0 .net *"_ivl_201", 0 0, L_0x5555908beea0;  1 drivers
v0x55559066c270_0 .net *"_ivl_202", 0 0, L_0x5555908bf0f0;  1 drivers
v0x55559066c350_0 .net *"_ivl_205", 0 0, L_0x5555908bf3a0;  1 drivers
v0x55559066c430_0 .net *"_ivl_207", 0 0, L_0x5555908bf440;  1 drivers
v0x55559066c510_0 .net *"_ivl_208", 0 0, L_0x5555908bef40;  1 drivers
v0x5555905ad600_0 .net *"_ivl_210", 0 0, L_0x5555908bf050;  1 drivers
v0x5555905ad6e0_0 .net *"_ivl_215", 0 0, L_0x5555908bfa00;  1 drivers
v0x5555905ad7c0_0 .net *"_ivl_217", 0 0, L_0x5555908bfaa0;  1 drivers
v0x5555905ad8a0_0 .net *"_ivl_218", 0 0, L_0x5555908bfd10;  1 drivers
v0x5555905ad980_0 .net *"_ivl_221", 0 0, L_0x5555908bf740;  1 drivers
v0x55559062ab90_0 .net *"_ivl_223", 0 0, L_0x5555908bf7e0;  1 drivers
v0x55559062ac70_0 .net *"_ivl_224", 0 0, L_0x5555908bf880;  1 drivers
v0x55559062ad50_0 .net *"_ivl_226", 0 0, L_0x5555908c0260;  1 drivers
v0x55559062ae30_0 .net *"_ivl_23", 0 0, L_0x5555908b7920;  1 drivers
v0x55559062af10_0 .net *"_ivl_233", 0 0, L_0x5555908c0650;  1 drivers
v0x55559067fd90_0 .net *"_ivl_235", 0 0, L_0x5555908c06f0;  1 drivers
v0x55559064b590_0 .net *"_ivl_236", 0 0, L_0x5555908c0980;  1 drivers
v0x55559064b670_0 .net *"_ivl_241", 0 0, L_0x5555908c0c70;  1 drivers
v0x55559064b750_0 .net *"_ivl_243", 0 0, L_0x5555908c0d10;  1 drivers
v0x55559064b830_0 .net *"_ivl_244", 0 0, L_0x5555908c13c0;  1 drivers
v0x55559064b910_0 .net *"_ivl_246", 0 0, L_0x5555908c1480;  1 drivers
v0x55559065be10_0 .net *"_ivl_25", 0 0, L_0x5555908b79c0;  1 drivers
v0x55559065bef0_0 .net *"_ivl_251", 0 0, L_0x5555908c1730;  1 drivers
v0x55559065bfd0_0 .net *"_ivl_253", 0 0, L_0x5555908c17d0;  1 drivers
v0x55559065c0b0_0 .net *"_ivl_254", 0 0, L_0x5555908c1a80;  1 drivers
v0x55559065c190_0 .net *"_ivl_256", 0 0, L_0x5555908c1b90;  1 drivers
v0x55559065e650_0 .net *"_ivl_26", 0 0, L_0x5555908b7ab0;  1 drivers
v0x55559065e730_0 .net *"_ivl_261", 0 0, L_0x5555908c1e50;  1 drivers
v0x55559065e810_0 .net *"_ivl_263", 0 0, L_0x5555908c1ef0;  1 drivers
v0x55559065e8f0_0 .net *"_ivl_264", 0 0, L_0x5555908c21b0;  1 drivers
v0x55559065e9d0_0 .net *"_ivl_266", 0 0, L_0x5555908c22c0;  1 drivers
v0x555590660fd0_0 .net *"_ivl_271", 0 0, L_0x5555908c2590;  1 drivers
v0x5555906610b0_0 .net *"_ivl_273", 0 0, L_0x5555908c2630;  1 drivers
v0x555590661190_0 .net *"_ivl_274", 0 0, L_0x5555908c2900;  1 drivers
v0x555590661270_0 .net *"_ivl_276", 0 0, L_0x5555908c2a10;  1 drivers
v0x555590661350_0 .net *"_ivl_281", 0 0, L_0x5555908c2cf0;  1 drivers
v0x555590645ef0_0 .net *"_ivl_283", 0 0, L_0x5555908c2d90;  1 drivers
v0x555590645fd0_0 .net *"_ivl_284", 0 0, L_0x5555908c3070;  1 drivers
v0x5555906460b0_0 .net *"_ivl_286", 0 0, L_0x5555908c3180;  1 drivers
v0x555590646190_0 .net *"_ivl_29", 0 0, L_0x5555908b7c00;  1 drivers
v0x555590646270_0 .net *"_ivl_291", 0 0, L_0x5555908c3470;  1 drivers
v0x555590646da0_0 .net *"_ivl_293", 0 0, L_0x5555908c3510;  1 drivers
v0x555590646e80_0 .net *"_ivl_294", 0 0, L_0x5555908c3800;  1 drivers
v0x555590646f60_0 .net *"_ivl_296", 0 0, L_0x5555908c3910;  1 drivers
v0x555590647040_0 .net *"_ivl_3", 0 0, L_0x5555908b6f10;  1 drivers
v0x555590647120_0 .net *"_ivl_301", 0 0, L_0x5555908c3c10;  1 drivers
v0x55559064def0_0 .net *"_ivl_303", 0 0, L_0x5555908c3cb0;  1 drivers
v0x55559064dfd0_0 .net *"_ivl_304", 0 0, L_0x5555908c3fb0;  1 drivers
v0x55559064e0b0_0 .net *"_ivl_306", 0 0, L_0x5555908c40c0;  1 drivers
v0x55559064e190_0 .net *"_ivl_31", 0 0, L_0x5555908b7ca0;  1 drivers
v0x55559064e270_0 .net *"_ivl_311", 0 0, L_0x5555908c43d0;  1 drivers
v0x555590649490_0 .net *"_ivl_313", 0 0, L_0x5555908c4470;  1 drivers
v0x555590649570_0 .net *"_ivl_314", 0 0, L_0x5555908c4780;  1 drivers
v0x555590649650_0 .net *"_ivl_316", 0 0, L_0x5555908c4890;  1 drivers
v0x555590649730_0 .net *"_ivl_32", 0 0, L_0x5555908b7da0;  1 drivers
v0x555590649810_0 .net *"_ivl_321", 0 0, L_0x5555908c4bb0;  1 drivers
v0x555590655710_0 .net *"_ivl_323", 0 0, L_0x5555908c4c50;  1 drivers
v0x5555906557f0_0 .net *"_ivl_324", 0 0, L_0x5555908c4f70;  1 drivers
v0x5555906558d0_0 .net *"_ivl_326", 0 0, L_0x5555908c5080;  1 drivers
v0x5555906559b0_0 .net *"_ivl_331", 0 0, L_0x5555908c53b0;  1 drivers
v0x555590655a90_0 .net *"_ivl_333", 0 0, L_0x5555908c5450;  1 drivers
v0x55559065d750_0 .net *"_ivl_334", 0 0, L_0x5555908c5780;  1 drivers
v0x55559065d830_0 .net *"_ivl_336", 0 0, L_0x5555908c5890;  1 drivers
v0x55559065d910_0 .net *"_ivl_34", 0 0, L_0x5555908b7e60;  1 drivers
v0x55559065d9f0_0 .net *"_ivl_341", 0 0, L_0x5555908c5bd0;  1 drivers
v0x55559065dad0_0 .net *"_ivl_343", 0 0, L_0x5555908c5c70;  1 drivers
v0x555590539e70_0 .net *"_ivl_344", 0 0, L_0x5555908c5fe0;  1 drivers
v0x555590539f50_0 .net *"_ivl_346", 0 0, L_0x5555908c6120;  1 drivers
v0x55559053a030_0 .net *"_ivl_351", 0 0, L_0x5555908c6470;  1 drivers
v0x55559053a110_0 .net *"_ivl_353", 0 0, L_0x5555908c6510;  1 drivers
v0x55559053a1f0_0 .net *"_ivl_354", 0 0, L_0x5555908c6890;  1 drivers
v0x555590536170_0 .net *"_ivl_356", 0 0, L_0x5555908c69d0;  1 drivers
v0x555590536250_0 .net *"_ivl_361", 0 0, L_0x5555908c6d30;  1 drivers
v0x555590536330_0 .net *"_ivl_363", 0 0, L_0x5555908c6dd0;  1 drivers
v0x555590536410_0 .net *"_ivl_364", 0 0, L_0x5555908c7130;  1 drivers
v0x5555905364f0_0 .net *"_ivl_366", 0 0, L_0x5555908c7270;  1 drivers
v0x5555904f0a00_0 .net *"_ivl_371", 0 0, L_0x5555908c75e0;  1 drivers
v0x5555904f0ae0_0 .net *"_ivl_373", 0 0, L_0x5555908c7680;  1 drivers
v0x5555904f0bc0_0 .net *"_ivl_374", 0 0, L_0x5555908c79f0;  1 drivers
v0x5555904f0ca0_0 .net *"_ivl_376", 0 0, L_0x5555908c7b30;  1 drivers
v0x5555904f0d40_0 .net *"_ivl_382", 0 0, L_0x5555908c8450;  1 drivers
v0x5555904f0e20_0 .net *"_ivl_384", 0 0, L_0x5555908c87d0;  1 drivers
v0x5555905eccf0_0 .net *"_ivl_385", 0 0, L_0x5555908c8870;  1 drivers
v0x5555905ecdd0_0 .net *"_ivl_387", 0 0, L_0x5555908c8980;  1 drivers
v0x5555905eceb0_0 .net *"_ivl_39", 0 0, L_0x5555908b80d0;  1 drivers
v0x5555905ecf90_0 .net *"_ivl_41", 0 0, L_0x5555908b8170;  1 drivers
v0x5555905ed070_0 .net *"_ivl_42", 0 0, L_0x5555908b8280;  1 drivers
v0x5555905f8a70_0 .net *"_ivl_45", 0 0, L_0x5555908b83f0;  1 drivers
v0x5555905f8b50_0 .net *"_ivl_47", 0 0, L_0x5555908b8490;  1 drivers
v0x5555905f8c30_0 .net *"_ivl_48", 0 0, L_0x5555908b8210;  1 drivers
v0x5555905f8d10_0 .net *"_ivl_50", 0 0, L_0x5555908b8710;  1 drivers
v0x5555905f8df0_0 .net *"_ivl_55", 0 0, L_0x5555908b89a0;  1 drivers
v0x555590604000_0 .net *"_ivl_57", 0 0, L_0x5555908b8a40;  1 drivers
v0x5555906040e0_0 .net *"_ivl_58", 0 0, L_0x5555908b8b70;  1 drivers
v0x5555906041c0_0 .net *"_ivl_61", 0 0, L_0x5555908b8d00;  1 drivers
v0x5555906042a0_0 .net *"_ivl_63", 0 0, L_0x5555908b8da0;  1 drivers
v0x555590604380_0 .net *"_ivl_64", 0 0, L_0x5555908b8820;  1 drivers
v0x55559055fee0_0 .net *"_ivl_66", 0 0, L_0x5555908b8f80;  1 drivers
v0x55559055ffc0_0 .net *"_ivl_7", 0 0, L_0x5555908b7110;  1 drivers
v0x5555905600a0_0 .net *"_ivl_71", 0 0, L_0x5555908b9230;  1 drivers
v0x555590560180_0 .net *"_ivl_73", 0 0, L_0x5555908b92d0;  1 drivers
v0x555590560260_0 .net *"_ivl_74", 0 0, L_0x5555908b9420;  1 drivers
v0x55559058e6d0_0 .net *"_ivl_77", 0 0, L_0x5555908b8e40;  1 drivers
v0x55559058e7b0_0 .net *"_ivl_79", 0 0, L_0x5555908b95d0;  1 drivers
v0x55559058e890_0 .net *"_ivl_80", 0 0, L_0x5555908b9730;  1 drivers
v0x55559058e970_0 .net *"_ivl_82", 0 0, L_0x5555908b9840;  1 drivers
v0x55559058ea50_0 .net *"_ivl_87", 0 0, L_0x5555908b9530;  1 drivers
v0x5555905a30a0_0 .net *"_ivl_89", 0 0, L_0x5555908b9b10;  1 drivers
v0x5555905a3180_0 .net *"_ivl_9", 0 0, L_0x5555908b71b0;  1 drivers
v0x5555905a3260_0 .net *"_ivl_90", 0 0, L_0x5555908b9c80;  1 drivers
v0x5555905a3340_0 .net *"_ivl_93", 0 0, L_0x5555908b9e50;  1 drivers
v0x5555905a3420_0 .net *"_ivl_95", 0 0, L_0x5555908b9ef0;  1 drivers
v0x55559068afe0_0 .net *"_ivl_96", 0 0, L_0x5555908ba070;  1 drivers
v0x55559068b0c0_0 .net *"_ivl_98", 0 0, L_0x5555908ba180;  1 drivers
v0x55559068b1a0_0 .net "a", 15 0, v0x5555905b8ba0_0;  1 drivers
v0x55559068b280_0 .net "b", 15 0, v0x5555905bf6c0_0;  1 drivers
v0x55559068b360_0 .net "carry0", 0 0, L_0x5555908b7000;  1 drivers
v0x5555905d6ed0_0 .net "carry1", 0 0, L_0x5555908b7810;  1 drivers
v0x5555905d6f90_0 .net "carry10", 0 0, L_0x5555908bd370;  1 drivers
v0x5555905d7050_0 .net "carry11", 0 0, L_0x5555908bdff0;  1 drivers
v0x5555905d7110_0 .net "carry12", 0 0, L_0x5555908becf0;  1 drivers
v0x5555905d71d0_0 .net "carry13", 0 0, L_0x5555908bf8f0;  1 drivers
v0x5555905d7290_0 .net "carry14", 0 0, L_0x5555908c0540;  1 drivers
v0x5555905bbf30_0 .net "carry2", 0 0, L_0x5555908b7fc0;  1 drivers
v0x5555905bbff0_0 .net "carry3", 0 0, L_0x5555908b8890;  1 drivers
v0x5555905bc0b0_0 .net "carry4", 0 0, L_0x5555908b9120;  1 drivers
v0x5555905bc170_0 .net "carry5", 0 0, L_0x5555908b9a00;  1 drivers
v0x5555905bc230_0 .net "carry6", 0 0, L_0x5555908ba360;  1 drivers
v0x5555905bc2f0_0 .net "carry7", 0 0, L_0x5555908bb200;  1 drivers
v0x5555905b8730_0 .net "carry8", 0 0, L_0x5555908bbd00;  1 drivers
v0x5555905b87f0_0 .net "carry9", 0 0, L_0x5555908bc880;  1 drivers
v0x5555905b88b0_0 .net "out", 15 0, L_0x5555908c7eb0;  alias, 1 drivers
L_0x5555908b6e40 .part v0x5555905b8ba0_0, 0, 1;
L_0x5555908b6f10 .part v0x5555905bf6c0_0, 0, 1;
L_0x5555908b7110 .part v0x5555905b8ba0_0, 1, 1;
L_0x5555908b71b0 .part v0x5555905bf6c0_0, 1, 1;
L_0x5555908b73c0 .part v0x5555905b8ba0_0, 1, 1;
L_0x5555908b74f0 .part v0x5555905bf6c0_0, 1, 1;
L_0x5555908b7920 .part v0x5555905b8ba0_0, 2, 1;
L_0x5555908b79c0 .part v0x5555905bf6c0_0, 2, 1;
L_0x5555908b7c00 .part v0x5555905b8ba0_0, 2, 1;
L_0x5555908b7ca0 .part v0x5555905bf6c0_0, 2, 1;
L_0x5555908b80d0 .part v0x5555905b8ba0_0, 3, 1;
L_0x5555908b8170 .part v0x5555905bf6c0_0, 3, 1;
L_0x5555908b83f0 .part v0x5555905b8ba0_0, 3, 1;
L_0x5555908b8490 .part v0x5555905bf6c0_0, 3, 1;
L_0x5555908b89a0 .part v0x5555905b8ba0_0, 4, 1;
L_0x5555908b8a40 .part v0x5555905bf6c0_0, 4, 1;
L_0x5555908b8d00 .part v0x5555905b8ba0_0, 4, 1;
L_0x5555908b8da0 .part v0x5555905bf6c0_0, 4, 1;
L_0x5555908b9230 .part v0x5555905b8ba0_0, 5, 1;
L_0x5555908b92d0 .part v0x5555905bf6c0_0, 5, 1;
L_0x5555908b8e40 .part v0x5555905b8ba0_0, 5, 1;
L_0x5555908b95d0 .part v0x5555905bf6c0_0, 5, 1;
L_0x5555908b9530 .part v0x5555905b8ba0_0, 6, 1;
L_0x5555908b9b10 .part v0x5555905bf6c0_0, 6, 1;
L_0x5555908b9e50 .part v0x5555905b8ba0_0, 6, 1;
L_0x5555908b9ef0 .part v0x5555905bf6c0_0, 6, 1;
L_0x5555908ba470 .part v0x5555905b8ba0_0, 7, 1;
L_0x5555908ba510 .part v0x5555905bf6c0_0, 7, 1;
L_0x5555908ba890 .part v0x5555905b8ba0_0, 7, 1;
L_0x5555908bab40 .part v0x5555905bf6c0_0, 7, 1;
L_0x5555908bb310 .part v0x5555905b8ba0_0, 8, 1;
L_0x5555908bb3b0 .part v0x5555905bf6c0_0, 8, 1;
L_0x5555908bb770 .part v0x5555905b8ba0_0, 8, 1;
L_0x5555908bb810 .part v0x5555905bf6c0_0, 8, 1;
L_0x5555908bbe10 .part v0x5555905b8ba0_0, 9, 1;
L_0x5555908bbeb0 .part v0x5555905bf6c0_0, 9, 1;
L_0x5555908bc2b0 .part v0x5555905b8ba0_0, 9, 1;
L_0x5555908bc350 .part v0x5555905bf6c0_0, 9, 1;
L_0x5555908bc990 .part v0x5555905b8ba0_0, 10, 1;
L_0x5555908bca30 .part v0x5555905bf6c0_0, 10, 1;
L_0x5555908bc750 .part v0x5555905b8ba0_0, 10, 1;
L_0x5555908bce70 .part v0x5555905bf6c0_0, 10, 1;
L_0x5555908bd480 .part v0x5555905b8ba0_0, 11, 1;
L_0x5555908bd520 .part v0x5555905bf6c0_0, 11, 1;
L_0x5555908bd9a0 .part v0x5555905b8ba0_0, 11, 1;
L_0x5555908bda40 .part v0x5555905bf6c0_0, 11, 1;
L_0x5555908be100 .part v0x5555905b8ba0_0, 12, 1;
L_0x5555908be1a0 .part v0x5555905bf6c0_0, 12, 1;
L_0x5555908be660 .part v0x5555905b8ba0_0, 12, 1;
L_0x5555908be700 .part v0x5555905bf6c0_0, 12, 1;
L_0x5555908bee00 .part v0x5555905b8ba0_0, 13, 1;
L_0x5555908beea0 .part v0x5555905bf6c0_0, 13, 1;
L_0x5555908bf3a0 .part v0x5555905b8ba0_0, 13, 1;
L_0x5555908bf440 .part v0x5555905bf6c0_0, 13, 1;
L_0x5555908bfa00 .part v0x5555905b8ba0_0, 14, 1;
L_0x5555908bfaa0 .part v0x5555905bf6c0_0, 14, 1;
L_0x5555908bf740 .part v0x5555905b8ba0_0, 14, 1;
L_0x5555908bf7e0 .part v0x5555905bf6c0_0, 14, 1;
L_0x5555908c0650 .part v0x5555905b8ba0_0, 0, 1;
L_0x5555908c06f0 .part v0x5555905bf6c0_0, 0, 1;
L_0x5555908c0c70 .part v0x5555905b8ba0_0, 1, 1;
L_0x5555908c0d10 .part v0x5555905bf6c0_0, 1, 1;
L_0x5555908c1730 .part v0x5555905b8ba0_0, 2, 1;
L_0x5555908c17d0 .part v0x5555905bf6c0_0, 2, 1;
L_0x5555908c1e50 .part v0x5555905b8ba0_0, 3, 1;
L_0x5555908c1ef0 .part v0x5555905bf6c0_0, 3, 1;
L_0x5555908c2590 .part v0x5555905b8ba0_0, 4, 1;
L_0x5555908c2630 .part v0x5555905bf6c0_0, 4, 1;
L_0x5555908c2cf0 .part v0x5555905b8ba0_0, 5, 1;
L_0x5555908c2d90 .part v0x5555905bf6c0_0, 5, 1;
L_0x5555908c3470 .part v0x5555905b8ba0_0, 6, 1;
L_0x5555908c3510 .part v0x5555905bf6c0_0, 6, 1;
L_0x5555908c3c10 .part v0x5555905b8ba0_0, 7, 1;
L_0x5555908c3cb0 .part v0x5555905bf6c0_0, 7, 1;
L_0x5555908c43d0 .part v0x5555905b8ba0_0, 8, 1;
L_0x5555908c4470 .part v0x5555905bf6c0_0, 8, 1;
L_0x5555908c4bb0 .part v0x5555905b8ba0_0, 9, 1;
L_0x5555908c4c50 .part v0x5555905bf6c0_0, 9, 1;
L_0x5555908c53b0 .part v0x5555905b8ba0_0, 10, 1;
L_0x5555908c5450 .part v0x5555905bf6c0_0, 10, 1;
L_0x5555908c5bd0 .part v0x5555905b8ba0_0, 11, 1;
L_0x5555908c5c70 .part v0x5555905bf6c0_0, 11, 1;
L_0x5555908c6470 .part v0x5555905b8ba0_0, 12, 1;
L_0x5555908c6510 .part v0x5555905bf6c0_0, 12, 1;
L_0x5555908c6d30 .part v0x5555905b8ba0_0, 13, 1;
L_0x5555908c6dd0 .part v0x5555905bf6c0_0, 13, 1;
L_0x5555908c75e0 .part v0x5555905b8ba0_0, 14, 1;
L_0x5555908c7680 .part v0x5555905bf6c0_0, 14, 1;
LS_0x5555908c7eb0_0_0 .concat8 [ 1 1 1 1], L_0x5555908c0980, L_0x5555908c1480, L_0x5555908c1b90, L_0x5555908c22c0;
LS_0x5555908c7eb0_0_4 .concat8 [ 1 1 1 1], L_0x5555908c2a10, L_0x5555908c3180, L_0x5555908c3910, L_0x5555908c40c0;
LS_0x5555908c7eb0_0_8 .concat8 [ 1 1 1 1], L_0x5555908c4890, L_0x5555908c5080, L_0x5555908c5890, L_0x5555908c6120;
LS_0x5555908c7eb0_0_12 .concat8 [ 1 1 1 1], L_0x5555908c69d0, L_0x5555908c7270, L_0x5555908c7b30, L_0x5555908c8980;
L_0x5555908c7eb0 .concat8 [ 4 4 4 4], LS_0x5555908c7eb0_0_0, LS_0x5555908c7eb0_0_4, LS_0x5555908c7eb0_0_8, LS_0x5555908c7eb0_0_12;
L_0x5555908c8450 .part v0x5555905b8ba0_0, 15, 1;
L_0x5555908c87d0 .part v0x5555905bf6c0_0, 15, 1;
S_0x5555905b8a10 .scope task, "check" "check" 4 21, 4 21 0, S_0x555590821850;
 .timescale -12 -12;
TD_Add16_tb.check ;
    %delay 1, 0;
    %load/vec4 v0x5555905bf8c0_0;
    %load/vec4 v0x5555905bf9d0_0;
    %cmp/ne;
    %jmp/0xz  T_0.0, 4;
    %vpi_call/w 4 25 "$display", "FAIL: a=%16b, b=%16b, out=%16b", v0x5555905b8ba0_0, v0x5555905bf6c0_0, v0x5555905bf8c0_0 {0 0 0};
    %pushi/vec4 1, 0, 1;
    %store/vec4 v0x5555905bf760_0, 0, 1;
T_0.0 ;
    %end;
S_0x5555908223a0 .scope module, "And" "And" 6 8;
 .timescale -12 -12;
    .port_info 0 /INPUT 1 "a";
    .port_info 1 /INPUT 1 "b";
    .port_info 2 /OUTPUT 1 "out";
o0x7fcc3a4989e8 .functor BUFZ 1, c4<z>; HiZ drive
o0x7fcc3a498a18 .functor BUFZ 1, c4<z>; HiZ drive
L_0x5555908c8e50 .functor AND 1, o0x7fcc3a4989e8, o0x7fcc3a498a18, C4<1>, C4<1>;
v0x5555905bfa90_0 .net "a", 0 0, o0x7fcc3a4989e8;  0 drivers
v0x5555905c7370_0 .net "b", 0 0, o0x7fcc3a498a18;  0 drivers
v0x5555905c7430_0 .net "out", 0 0, L_0x5555908c8e50;  1 drivers
S_0x555590823730 .scope module, "And16" "And16" 7 7;
 .timescale -12 -12;
    .port_info 0 /INPUT 16 "a";
    .port_info 1 /INPUT 16 "b";
    .port_info 2 /OUTPUT 16 "out";
L_0x5555908c9000 .functor AND 1, L_0x5555908c8ec0, L_0x5555908c8f60, C4<1>, C4<1>;
L_0x5555908c92f0 .functor AND 1, L_0x5555908c9110, L_0x5555908c9200, C4<1>, C4<1>;
L_0x5555908c9580 .functor AND 1, L_0x5555908c9400, L_0x5555908c94a0, C4<1>, C4<1>;
L_0x5555908c9820 .functor AND 1, L_0x5555908c9690, L_0x5555908c9730, C4<1>, C4<1>;
L_0x5555908c9a30 .functor AND 1, L_0x5555908c9890, L_0x5555908c9930, C4<1>, C4<1>;
L_0x5555908c9ca0 .functor AND 1, L_0x5555908c9af0, L_0x5555908c9b90, C4<1>, C4<1>;
L_0x5555908c9c30 .functor AND 1, L_0x5555908c9db0, L_0x5555908c9e50, C4<1>, C4<1>;
L_0x5555908ca1e0 .functor AND 1, L_0x5555908ca010, L_0x5555908ca0b0, C4<1>, C4<1>;
L_0x5555908ca520 .functor AND 1, L_0x5555908ca340, L_0x5555908ca3e0, C4<1>, C4<1>;
L_0x5555908ca820 .functor AND 1, L_0x5555908ca630, L_0x5555908ca6d0, C4<1>, C4<1>;
L_0x5555908caaf0 .functor AND 1, L_0x5555908ca480, L_0x5555908ca990, C4<1>, C4<1>;
L_0x5555908cadc0 .functor AND 1, L_0x5555908cabb0, L_0x5555908cac50, C4<1>, C4<1>;
L_0x5555908cb160 .functor AND 1, L_0x5555908caf40, L_0x5555908cafe0, C4<1>, C4<1>;
L_0x5555908cb4a0 .functor AND 1, L_0x5555908cb270, L_0x5555908cb310, C4<1>, C4<1>;
L_0x5555908caed0 .functor AND 1, L_0x5555908cb630, L_0x5555908cb6d0, C4<1>, C4<1>;
L_0x5555908cc0b0 .functor AND 1, L_0x5555908cbe60, L_0x5555908cc010, C4<1>, C4<1>;
v0x5555905c7580_0 .net *"_ivl_101", 0 0, L_0x5555908cafe0;  1 drivers
v0x5555905c7660_0 .net *"_ivl_102", 0 0, L_0x5555908cb160;  1 drivers
v0x5555905c7740_0 .net *"_ivl_107", 0 0, L_0x5555908cb270;  1 drivers
v0x5555905c3470_0 .net *"_ivl_109", 0 0, L_0x5555908cb310;  1 drivers
v0x5555905c3550_0 .net *"_ivl_11", 0 0, L_0x5555908c9110;  1 drivers
v0x5555905c3630_0 .net *"_ivl_110", 0 0, L_0x5555908cb4a0;  1 drivers
v0x5555905c3710_0 .net *"_ivl_115", 0 0, L_0x5555908cb630;  1 drivers
v0x5555905c37f0_0 .net *"_ivl_117", 0 0, L_0x5555908cb6d0;  1 drivers
v0x5555905c38d0_0 .net *"_ivl_118", 0 0, L_0x5555908caed0;  1 drivers
v0x5555905d6230_0 .net *"_ivl_124", 0 0, L_0x5555908cbe60;  1 drivers
v0x5555905d62f0_0 .net *"_ivl_126", 0 0, L_0x5555908cc010;  1 drivers
v0x5555905d63d0_0 .net *"_ivl_127", 0 0, L_0x5555908cc0b0;  1 drivers
v0x5555905d64b0_0 .net *"_ivl_13", 0 0, L_0x5555908c9200;  1 drivers
v0x5555905d6590_0 .net *"_ivl_14", 0 0, L_0x5555908c92f0;  1 drivers
v0x5555905d6670_0 .net *"_ivl_19", 0 0, L_0x5555908c9400;  1 drivers
v0x5555905d8c70_0 .net *"_ivl_21", 0 0, L_0x5555908c94a0;  1 drivers
v0x5555905d8d50_0 .net *"_ivl_22", 0 0, L_0x5555908c9580;  1 drivers
v0x5555905d8e30_0 .net *"_ivl_27", 0 0, L_0x5555908c9690;  1 drivers
v0x5555905d8f10_0 .net *"_ivl_29", 0 0, L_0x5555908c9730;  1 drivers
v0x5555905d8ff0_0 .net *"_ivl_3", 0 0, L_0x5555908c8ec0;  1 drivers
v0x5555905d90d0_0 .net *"_ivl_30", 0 0, L_0x5555908c9820;  1 drivers
v0x5555905e8b90_0 .net *"_ivl_35", 0 0, L_0x5555908c9890;  1 drivers
v0x5555905e8c70_0 .net *"_ivl_37", 0 0, L_0x5555908c9930;  1 drivers
v0x5555905e8d50_0 .net *"_ivl_38", 0 0, L_0x5555908c9a30;  1 drivers
v0x5555905e8e30_0 .net *"_ivl_43", 0 0, L_0x5555908c9af0;  1 drivers
v0x5555905e8f10_0 .net *"_ivl_45", 0 0, L_0x5555908c9b90;  1 drivers
v0x5555905e8ff0_0 .net *"_ivl_46", 0 0, L_0x5555908c9ca0;  1 drivers
v0x5555905db460_0 .net *"_ivl_5", 0 0, L_0x5555908c8f60;  1 drivers
v0x5555905db540_0 .net *"_ivl_51", 0 0, L_0x5555908c9db0;  1 drivers
v0x5555905db620_0 .net *"_ivl_53", 0 0, L_0x5555908c9e50;  1 drivers
v0x5555905db700_0 .net *"_ivl_54", 0 0, L_0x5555908c9c30;  1 drivers
v0x5555905db7e0_0 .net *"_ivl_59", 0 0, L_0x5555908ca010;  1 drivers
v0x5555905db8c0_0 .net *"_ivl_6", 0 0, L_0x5555908c9000;  1 drivers
v0x5555905d3b60_0 .net *"_ivl_61", 0 0, L_0x5555908ca0b0;  1 drivers
v0x5555905d3c40_0 .net *"_ivl_62", 0 0, L_0x5555908ca1e0;  1 drivers
v0x5555905d3d20_0 .net *"_ivl_67", 0 0, L_0x5555908ca340;  1 drivers
v0x5555905d3e00_0 .net *"_ivl_69", 0 0, L_0x5555908ca3e0;  1 drivers
v0x5555905d3ee0_0 .net *"_ivl_70", 0 0, L_0x5555908ca520;  1 drivers
v0x5555905d3fc0_0 .net *"_ivl_75", 0 0, L_0x5555908ca630;  1 drivers
v0x5555905e1420_0 .net *"_ivl_77", 0 0, L_0x5555908ca6d0;  1 drivers
v0x5555905e1500_0 .net *"_ivl_78", 0 0, L_0x5555908ca820;  1 drivers
v0x5555905e15e0_0 .net *"_ivl_83", 0 0, L_0x5555908ca480;  1 drivers
v0x5555905e16c0_0 .net *"_ivl_85", 0 0, L_0x5555908ca990;  1 drivers
v0x5555905e17a0_0 .net *"_ivl_86", 0 0, L_0x5555908caaf0;  1 drivers
v0x5555905e1880_0 .net *"_ivl_91", 0 0, L_0x5555908cabb0;  1 drivers
v0x55559053aa10_0 .net *"_ivl_93", 0 0, L_0x5555908cac50;  1 drivers
v0x55559053aaf0_0 .net *"_ivl_94", 0 0, L_0x5555908cadc0;  1 drivers
v0x55559053abd0_0 .net *"_ivl_99", 0 0, L_0x5555908caf40;  1 drivers
o0x7fcc3a499408 .functor BUFZ 16, c4<zzzzzzzzzzzzzzzz>; HiZ drive
v0x55559053acb0_0 .net "a", 15 0, o0x7fcc3a499408;  0 drivers
o0x7fcc3a499438 .functor BUFZ 16, c4<zzzzzzzzzzzzzzzz>; HiZ drive
v0x55559053ad90_0 .net "b", 15 0, o0x7fcc3a499438;  0 drivers
v0x55559053ae70_0 .net "out", 15 0, L_0x5555908cb910;  1 drivers
L_0x5555908c8ec0 .part o0x7fcc3a499408, 0, 1;
L_0x5555908c8f60 .part o0x7fcc3a499438, 0, 1;
L_0x5555908c9110 .part o0x7fcc3a499408, 1, 1;
L_0x5555908c9200 .part o0x7fcc3a499438, 1, 1;
L_0x5555908c9400 .part o0x7fcc3a499408, 2, 1;
L_0x5555908c94a0 .part o0x7fcc3a499438, 2, 1;
L_0x5555908c9690 .part o0x7fcc3a499408, 3, 1;
L_0x5555908c9730 .part o0x7fcc3a499438, 3, 1;
L_0x5555908c9890 .part o0x7fcc3a499408, 4, 1;
L_0x5555908c9930 .part o0x7fcc3a499438, 4, 1;
L_0x5555908c9af0 .part o0x7fcc3a499408, 5, 1;
L_0x5555908c9b90 .part o0x7fcc3a499438, 5, 1;
L_0x5555908c9db0 .part o0x7fcc3a499408, 6, 1;
L_0x5555908c9e50 .part o0x7fcc3a499438, 6, 1;
L_0x5555908ca010 .part o0x7fcc3a499408, 7, 1;
L_0x5555908ca0b0 .part o0x7fcc3a499438, 7, 1;
L_0x5555908ca340 .part o0x7fcc3a499408, 8, 1;
L_0x5555908ca3e0 .part o0x7fcc3a499438, 8, 1;
L_0x5555908ca630 .part o0x7fcc3a499408, 9, 1;
L_0x5555908ca6d0 .part o0x7fcc3a499438, 9, 1;
L_0x5555908ca480 .part o0x7fcc3a499408, 10, 1;
L_0x5555908ca990 .part o0x7fcc3a499438, 10, 1;
L_0x5555908cabb0 .part o0x7fcc3a499408, 11, 1;
L_0x5555908cac50 .part o0x7fcc3a499438, 11, 1;
L_0x5555908caf40 .part o0x7fcc3a499408, 12, 1;
L_0x5555908cafe0 .part o0x7fcc3a499438, 12, 1;
L_0x5555908cb270 .part o0x7fcc3a499408, 13, 1;
L_0x5555908cb310 .part o0x7fcc3a499438, 13, 1;
L_0x5555908cb630 .part o0x7fcc3a499408, 14, 1;
L_0x5555908cb6d0 .part o0x7fcc3a499438, 14, 1;
LS_0x5555908cb910_0_0 .concat8 [ 1 1 1 1], L_0x5555908c9000, L_0x5555908c92f0, L_0x5555908c9580, L_0x5555908c9820;
LS_0x5555908cb910_0_4 .concat8 [ 1 1 1 1], L_0x5555908c9a30, L_0x5555908c9ca0, L_0x5555908c9c30, L_0x5555908ca1e0;
LS_0x5555908cb910_0_8 .concat8 [ 1 1 1 1], L_0x5555908ca520, L_0x5555908ca820, L_0x5555908caaf0, L_0x5555908cadc0;
LS_0x5555908cb910_0_12 .concat8 [ 1 1 1 1], L_0x5555908cb160, L_0x5555908cb4a0, L_0x5555908caed0, L_0x5555908cc0b0;
L_0x5555908cb910 .concat8 [ 4 4 4 4], LS_0x5555908cb910_0_0, LS_0x5555908cb910_0_4, LS_0x5555908cb910_0_8, LS_0x5555908cb910_0_12;
L_0x5555908cbe60 .part o0x7fcc3a499408, 15, 1;
L_0x5555908cc010 .part o0x7fcc3a499438, 15, 1;
S_0x5555908379c0 .scope module, "Buffer" "Buffer" 8 7;
 .timescale -12 -12;
    .port_info 0 /INPUT 1 "in";
    .port_info 1 /OUTPUT 1 "out";
o0x7fcc3a499528 .functor BUFZ 1, c4<z>; HiZ drive
L_0x5555908cc2a0 .functor BUFZ 1, o0x7fcc3a499528, C4<0>, C4<0>, C4<0>;
v0x5555905450f0_0 .net "in", 0 0, o0x7fcc3a499528;  0 drivers
v0x5555905451b0_0 .net "out", 0 0, L_0x5555908cc2a0;  1 drivers
S_0x5555908375d0 .scope module, "DMux8Way" "DMux8Way" 9 10;
 .timescale -12 -12;
    .port_info 0 /INPUT 1 "in";
    .port_info 1 /INPUT 3 "sel";
    .port_info 2 /OUTPUT 1 "a";
    .port_info 3 /OUTPUT 1 "b";
    .port_info 4 /OUTPUT 1 "c";
    .port_info 5 /OUTPUT 1 "d";
    .port_info 6 /OUTPUT 1 "e";
    .port_info 7 /OUTPUT 1 "f";
    .port_info 8 /OUTPUT 1 "g";
    .port_info 9 /OUTPUT 1 "h";
v0x555590550e90_0 .net "a", 0 0, L_0x5555908ccdf0;  1 drivers
v0x555590550f50_0 .net "b", 0 0, L_0x5555908cce90;  1 drivers
v0x555590550ff0_0 .net "c", 0 0, L_0x5555908cd110;  1 drivers
v0x555590551090_0 .net "ch1", 0 0, L_0x5555908cc630;  1 drivers
v0x555590551130_0 .net "ch2", 0 0, L_0x5555908cc6d0;  1 drivers
v0x555590551220_0 .net "ch3", 0 0, L_0x5555908cc8a0;  1 drivers
v0x55559054fa40_0 .net "ch4", 0 0, L_0x5555908ccaf0;  1 drivers
v0x55559054fae0_0 .net "d", 0 0, L_0x5555908cd250;  1 drivers
v0x55559054fb80_0 .net "e", 0 0, L_0x5555908cd480;  1 drivers
v0x55559054fce0_0 .net "f", 0 0, L_0x5555908cd5c0;  1 drivers
v0x55559054fdb0_0 .net "g", 0 0, L_0x5555908cd880;  1 drivers
v0x55559054fe80_0 .net "h", 0 0, L_0x5555908cd970;  1 drivers
o0x7fcc3a4996a8 .functor BUFZ 1, c4<z>; HiZ drive
v0x55559054bea0_0 .net "in", 0 0, o0x7fcc3a4996a8;  0 drivers
o0x7fcc3a49a338 .functor BUFZ 3, c4<zzz>; HiZ drive
v0x55559054bf40_0 .net "sel", 2 0, o0x7fcc3a49a338;  0 drivers
L_0x5555908cccc0 .part o0x7fcc3a49a338, 1, 2;
L_0x5555908cd020 .part o0x7fcc3a49a338, 0, 1;
L_0x5555908cd3e0 .part o0x7fcc3a49a338, 0, 1;
L_0x5555908cd750 .part o0x7fcc3a49a338, 0, 1;
L_0x5555908cdb00 .part o0x7fcc3a49a338, 0, 1;
S_0x5555905452d0 .scope module, "d1" "DMux4Way" 9 34, 10 10 0, S_0x5555908375d0;
 .timescale -12 -12;
    .port_info 0 /INPUT 1 "in";
    .port_info 1 /INPUT 2 "sel";
    .port_info 2 /OUTPUT 1 "a";
    .port_info 3 /OUTPUT 1 "b";
    .port_info 4 /OUTPUT 1 "c";
    .port_info 5 /OUTPUT 1 "d";
v0x555590552450_0 .net "a", 0 0, L_0x5555908cc630;  alias, 1 drivers
v0x555590552540_0 .net "b", 0 0, L_0x5555908cc6d0;  alias, 1 drivers
v0x555590552610_0 .net "c", 0 0, L_0x5555908cc8a0;  alias, 1 drivers
v0x555590552710_0 .net "ch1", 0 0, L_0x5555908cc310;  1 drivers
v0x5555905527b0_0 .net "ch2", 0 0, L_0x5555908cc450;  1 drivers
v0x5555905528f0_0 .net "d", 0 0, L_0x5555908ccaf0;  alias, 1 drivers
v0x555590556e80_0 .net "in", 0 0, o0x7fcc3a4996a8;  alias, 0 drivers
v0x555590556f20_0 .net "sel", 1 0, L_0x5555908cccc0;  1 drivers
L_0x5555908cc590 .part L_0x5555908cccc0, 1, 1;
L_0x5555908cc800 .part L_0x5555908cccc0, 0, 1;
L_0x5555908ccc20 .part L_0x5555908cccc0, 0, 1;
S_0x555590541f30 .scope module, "d1" "DMux" 10 26, 11 8 0, S_0x5555905452d0;
 .timescale -12 -12;
    .port_info 0 /INPUT 1 "in";
    .port_info 1 /INPUT 1 "sel";
    .port_info 2 /OUTPUT 1 "a";
    .port_info 3 /OUTPUT 1 "b";
L_0x7fcc3a44d0f0 .functor BUFT 1, C4<0>, C4<0>, C4<0>, C4<0>;
v0x555590542130_0 .net/2u *"_ivl_0", 0 0, L_0x7fcc3a44d0f0;  1 drivers
L_0x7fcc3a44d138 .functor BUFT 1, C4<0>, C4<0>, C4<0>, C4<0>;
v0x555590542230_0 .net/2u *"_ivl_4", 0 0, L_0x7fcc3a44d138;  1 drivers
v0x555590542310_0 .net "a", 0 0, L_0x5555908cc310;  alias, 1 drivers
v0x5555905423e0_0 .net "b", 0 0, L_0x5555908cc450;  alias, 1 drivers
v0x555590545570_0 .net "in", 0 0, o0x7fcc3a4996a8;  alias, 0 drivers
v0x555590546960_0 .net "sel", 0 0, L_0x5555908cc590;  1 drivers
L_0x5555908cc310 .functor MUXZ 1, o0x7fcc3a4996a8, L_0x7fcc3a44d0f0, L_0x5555908cc590, C4<>;
L_0x5555908cc450 .functor MUXZ 1, L_0x7fcc3a44d138, o0x7fcc3a4996a8, L_0x5555908cc590, C4<>;
S_0x555590546aa0 .scope module, "d2" "DMux" 10 27, 11 8 0, S_0x5555905452d0;
 .timescale -12 -12;
    .port_info 0 /INPUT 1 "in";
    .port_info 1 /INPUT 1 "sel";
    .port_info 2 /OUTPUT 1 "a";
    .port_info 3 /OUTPUT 1 "b";
L_0x7fcc3a44d180 .functor BUFT 1, C4<0>, C4<0>, C4<0>, C4<0>;
v0x555590546ca0_0 .net/2u *"_ivl_0", 0 0, L_0x7fcc3a44d180;  1 drivers
L_0x7fcc3a44d1c8 .functor BUFT 1, C4<0>, C4<0>, C4<0>, C4<0>;
v0x555590546d80_0 .net/2u *"_ivl_4", 0 0, L_0x7fcc3a44d1c8;  1 drivers
v0x5555905437a0_0 .net "a", 0 0, L_0x5555908cc630;  alias, 1 drivers
v0x555590543870_0 .net "b", 0 0, L_0x5555908cc6d0;  alias, 1 drivers
v0x555590543930_0 .net "in", 0 0, L_0x5555908cc310;  alias, 1 drivers
v0x5555905439d0_0 .net "sel", 0 0, L_0x5555908cc800;  1 drivers
L_0x5555908cc630 .functor MUXZ 1, L_0x5555908cc310, L_0x7fcc3a44d180, L_0x5555908cc800, C4<>;
L_0x5555908cc6d0 .functor MUXZ 1, L_0x7fcc3a44d1c8, L_0x5555908cc310, L_0x5555908cc800, C4<>;
S_0x555590543b20 .scope module, "d3" "DMux" 10 28, 11 8 0, S_0x5555905452d0;
 .timescale -12 -12;
    .port_info 0 /INPUT 1 "in";
    .port_info 1 /INPUT 1 "sel";
    .port_info 2 /OUTPUT 1 "a";
    .port_info 3 /OUTPUT 1 "b";
L_0x7fcc3a44d210 .functor BUFT 1, C4<0>, C4<0>, C4<0>, C4<0>;
v0x555590555610_0 .net/2u *"_ivl_0", 0 0, L_0x7fcc3a44d210;  1 drivers
L_0x7fcc3a44d258 .functor BUFT 1, C4<0>, C4<0>, C4<0>, C4<0>;
v0x5555905556d0_0 .net/2u *"_ivl_4", 0 0, L_0x7fcc3a44d258;  1 drivers
v0x5555905557b0_0 .net "a", 0 0, L_0x5555908cc8a0;  alias, 1 drivers
v0x555590555880_0 .net "b", 0 0, L_0x5555908ccaf0;  alias, 1 drivers
v0x555590555940_0 .net "in", 0 0, L_0x5555908cc450;  alias, 1 drivers
v0x555590555a30_0 .net "sel", 0 0, L_0x5555908ccc20;  1 drivers
L_0x5555908cc8a0 .functor MUXZ 1, L_0x5555908cc450, L_0x7fcc3a44d210, L_0x5555908ccc20, C4<>;
L_0x5555908ccaf0 .functor MUXZ 1, L_0x7fcc3a44d258, L_0x5555908cc450, L_0x5555908ccc20, C4<>;
S_0x555590557020 .scope module, "d2" "DMux" 9 35, 11 8 0, S_0x5555908375d0;
 .timescale -12 -12;
    .port_info 0 /INPUT 1 "in";
    .port_info 1 /INPUT 1 "sel";
    .port_info 2 /OUTPUT 1 "a";
    .port_info 3 /OUTPUT 1 "b";
L_0x7fcc3a44d2a0 .functor BUFT 1, C4<0>, C4<0>, C4<0>, C4<0>;
v0x555590557220_0 .net/2u *"_ivl_0", 0 0, L_0x7fcc3a44d2a0;  1 drivers
L_0x7fcc3a44d2e8 .functor BUFT 1, C4<0>, C4<0>, C4<0>, C4<0>;
v0x555590557300_0 .net/2u *"_ivl_4", 0 0, L_0x7fcc3a44d2e8;  1 drivers
v0x555590553cc0_0 .net "a", 0 0, L_0x5555908ccdf0;  alias, 1 drivers
v0x555590553d80_0 .net "b", 0 0, L_0x5555908cce90;  alias, 1 drivers
v0x555590553e40_0 .net "in", 0 0, L_0x5555908cc630;  alias, 1 drivers
v0x555590553f30_0 .net "sel", 0 0, L_0x5555908cd020;  1 drivers
L_0x5555908ccdf0 .functor MUXZ 1, L_0x5555908cc630, L_0x7fcc3a44d2a0, L_0x5555908cd020, C4<>;
L_0x5555908cce90 .functor MUXZ 1, L_0x7fcc3a44d2e8, L_0x5555908cc630, L_0x5555908cd020, C4<>;
S_0x555590554070 .scope module, "d3" "DMux" 9 36, 11 8 0, S_0x5555908375d0;
 .timescale -12 -12;
    .port_info 0 /INPUT 1 "in";
    .port_info 1 /INPUT 1 "sel";
    .port_info 2 /OUTPUT 1 "a";
    .port_info 3 /OUTPUT 1 "b";
L_0x7fcc3a44d330 .functor BUFT 1, C4<0>, C4<0>, C4<0>, C4<0>;
v0x55559055c400_0 .net/2u *"_ivl_0", 0 0, L_0x7fcc3a44d330;  1 drivers
L_0x7fcc3a44d378 .functor BUFT 1, C4<0>, C4<0>, C4<0>, C4<0>;
v0x55559055c4c0_0 .net/2u *"_ivl_4", 0 0, L_0x7fcc3a44d378;  1 drivers
v0x55559055c5a0_0 .net "a", 0 0, L_0x5555908cd110;  alias, 1 drivers
v0x55559055c640_0 .net "b", 0 0, L_0x5555908cd250;  alias, 1 drivers
v0x55559055c700_0 .net "in", 0 0, L_0x5555908cc6d0;  alias, 1 drivers
v0x5555905587d0_0 .net "sel", 0 0, L_0x5555908cd3e0;  1 drivers
L_0x5555908cd110 .functor MUXZ 1, L_0x5555908cc6d0, L_0x7fcc3a44d330, L_0x5555908cd3e0, C4<>;
L_0x5555908cd250 .functor MUXZ 1, L_0x7fcc3a44d378, L_0x5555908cc6d0, L_0x5555908cd3e0, C4<>;
S_0x555590558910 .scope module, "d4" "DMux" 9 37, 11 8 0, S_0x5555908375d0;
 .timescale -12 -12;
    .port_info 0 /INPUT 1 "in";
    .port_info 1 /INPUT 1 "sel";
    .port_info 2 /OUTPUT 1 "a";
    .port_info 3 /OUTPUT 1 "b";
L_0x7fcc3a44d3c0 .functor BUFT 1, C4<0>, C4<0>, C4<0>, C4<0>;
v0x555590558b80_0 .net/2u *"_ivl_0", 0 0, L_0x7fcc3a44d3c0;  1 drivers
L_0x7fcc3a44d408 .functor BUFT 1, C4<0>, C4<0>, C4<0>, C4<0>;
v0x555590558c80_0 .net/2u *"_ivl_4", 0 0, L_0x7fcc3a44d408;  1 drivers
v0x55559055e260_0 .net "a", 0 0, L_0x5555908cd480;  alias, 1 drivers
v0x55559055e300_0 .net "b", 0 0, L_0x5555908cd5c0;  alias, 1 drivers
v0x55559055e3c0_0 .net "in", 0 0, L_0x5555908cc8a0;  alias, 1 drivers
v0x55559055e500_0 .net "sel", 0 0, L_0x5555908cd750;  1 drivers
L_0x5555908cd480 .functor MUXZ 1, L_0x5555908cc8a0, L_0x7fcc3a44d3c0, L_0x5555908cd750, C4<>;
L_0x5555908cd5c0 .functor MUXZ 1, L_0x7fcc3a44d408, L_0x5555908cc8a0, L_0x5555908cd750, C4<>;
S_0x55559055a6c0 .scope module, "d5" "DMux" 9 38, 11 8 0, S_0x5555908375d0;
 .timescale -12 -12;
    .port_info 0 /INPUT 1 "in";
    .port_info 1 /INPUT 1 "sel";
    .port_info 2 /OUTPUT 1 "a";
    .port_info 3 /OUTPUT 1 "b";
L_0x7fcc3a44d450 .functor BUFT 1, C4<0>, C4<0>, C4<0>, C4<0>;
v0x55559055a980_0 .net/2u *"_ivl_0", 0 0, L_0x7fcc3a44d450;  1 drivers
L_0x7fcc3a44d498 .functor BUFT 1, C4<0>, C4<0>, C4<0>, C4<0>;
v0x55559055aa80_0 .net/2u *"_ivl_4", 0 0, L_0x7fcc3a44d498;  1 drivers
v0x55559055ab60_0 .net "a", 0 0, L_0x5555908cd880;  alias, 1 drivers
v0x55559055e640_0 .net "b", 0 0, L_0x5555908cd970;  alias, 1 drivers
v0x55559055e700_0 .net "in", 0 0, L_0x5555908ccaf0;  alias, 1 drivers
v0x555590550d90_0 .net "sel", 0 0, L_0x5555908cdb00;  1 drivers
L_0x5555908cd880 .functor MUXZ 1, L_0x5555908ccaf0, L_0x7fcc3a44d450, L_0x5555908cdb00, C4<>;
L_0x5555908cd970 .functor MUXZ 1, L_0x7fcc3a44d498, L_0x5555908ccaf0, L_0x5555908cdb00, C4<>;
S_0x555590825e60 .scope module, "FullAdder" "FullAdder" 12 6;
 .timescale -12 -12;
    .port_info 0 /INPUT 1 "a";
    .port_info 1 /INPUT 1 "b";
    .port_info 2 /INPUT 1 "c";
    .port_info 3 /OUTPUT 1 "sum";
    .port_info 4 /OUTPUT 1 "carry";
o0x7fcc3a49a638 .functor BUFZ 1, c4<z>; HiZ drive
o0x7fcc3a49a668 .functor BUFZ 1, c4<z>; HiZ drive
L_0x5555908cdba0 .functor XOR 1, o0x7fcc3a49a638, o0x7fcc3a49a668, C4<0>, C4<0>;
o0x7fcc3a49a698 .functor BUFZ 1, c4<z>; HiZ drive
L_0x5555908cdc10 .functor XOR 1, L_0x5555908cdba0, o0x7fcc3a49a698, C4<0>, C4<0>;
L_0x5555908cdcd0 .functor AND 1, o0x7fcc3a49a638, o0x7fcc3a49a668, C4<1>, C4<1>;
L_0x5555908cdde0 .functor AND 1, o0x7fcc3a49a668, o0x7fcc3a49a698, C4<1>, C4<1>;
L_0x5555908cdea0 .functor OR 1, L_0x5555908cdcd0, L_0x5555908cdde0, C4<0>, C4<0>;
L_0x5555908cdfb0 .functor AND 1, o0x7fcc3a49a698, o0x7fcc3a49a638, C4<1>, C4<1>;
L_0x5555908ce020 .functor OR 1, L_0x5555908cdea0, L_0x5555908cdfb0, C4<0>, C4<0>;
v0x55559054c020_0 .net *"_ivl_0", 0 0, L_0x5555908cdba0;  1 drivers
v0x55559054c120_0 .net *"_ivl_10", 0 0, L_0x5555908cdfb0;  1 drivers
v0x55559054c200_0 .net *"_ivl_4", 0 0, L_0x5555908cdcd0;  1 drivers
v0x55559054c2c0_0 .net *"_ivl_6", 0 0, L_0x5555908cdde0;  1 drivers
v0x5555905482b0_0 .net *"_ivl_8", 0 0, L_0x5555908cdea0;  1 drivers
v0x555590548390_0 .net "a", 0 0, o0x7fcc3a49a638;  0 drivers
v0x555590548450_0 .net "b", 0 0, o0x7fcc3a49a668;  0 drivers
v0x555590548510_0 .net "c", 0 0, o0x7fcc3a49a698;  0 drivers
v0x5555905485d0_0 .net "carry", 0 0, L_0x5555908ce020;  1 drivers
v0x555590548720_0 .net "sum", 0 0, L_0x5555908cdc10;  1 drivers
S_0x555590825a70 .scope module, "HalfAdder" "HalfAdder" 13 6;
 .timescale -12 -12;
    .port_info 0 /INPUT 1 "a";
    .port_info 1 /INPUT 1 "b";
    .port_info 2 /OUTPUT 1 "sum";
    .port_info 3 /OUTPUT 1 "carry";
o0x7fcc3a49a818 .functor BUFZ 1, c4<z>; HiZ drive
o0x7fcc3a49a848 .functor BUFZ 1, c4<z>; HiZ drive
L_0x5555908ce130 .functor XOR 1, o0x7fcc3a49a818, o0x7fcc3a49a848, C4<0>, C4<0>;
L_0x5555908ce1a0 .functor AND 1, o0x7fcc3a49a818, o0x7fcc3a49a848, C4<1>, C4<1>;
v0x55559054dd90_0 .net "a", 0 0, o0x7fcc3a49a818;  0 drivers
v0x55559054de70_0 .net "b", 0 0, o0x7fcc3a49a848;  0 drivers
v0x55559054df30_0 .net "carry", 0 0, L_0x5555908ce1a0;  1 drivers
v0x55559054dfd0_0 .net "sum", 0 0, L_0x5555908ce130;  1 drivers
S_0x5555908252a0 .scope module, "ICESTORM_LC" "ICESTORM_LC" 14 2136;
 .timescale -12 -12;
    .port_info 0 /INPUT 1 "I0";
    .port_info 1 /INPUT 1 "I1";
    .port_info 2 /INPUT 1 "I2";
    .port_info 3 /INPUT 1 "I3";
    .port_info 4 /INPUT 1 "CIN";
    .port_info 5 /INPUT 1 "CLK";
    .port_info 6 /INPUT 1 "CEN";
    .port_info 7 /INPUT 1 "SR";
    .port_info 8 /OUTPUT 1 "LO";
    .port_info 9 /OUTPUT 1 "O";
    .port_info 10 /OUTPUT 1 "COUT";
P_0x55559077d6c0 .param/l "ASYNC_SR" 0 14 2148, C4<0>;
P_0x55559077d700 .param/l "CARRY_ENABLE" 0 14 2145, C4<0>;
P_0x55559077d740 .param/l "CIN_CONST" 0 14 2150, C4<0>;
P_0x55559077d780 .param/l "CIN_SET" 0 14 2151, C4<0>;
P_0x55559077d7c0 .param/l "DFF_ENABLE" 0 14 2146, C4<0>;
P_0x55559077d800 .param/l "LUT_INIT" 0 14 2142, C4<0000000000000000>;
P_0x55559077d840 .param/l "NEG_CLK" 0 14 2144, C4<0>;
P_0x55559077d880 .param/l "SET_NORESET" 0 14 2147, C4<0>;
o0x7fcc3a49a9f8 .functor BUFZ 1, c4<z>; HiZ drive
L_0x5555908cf0e0 .functor BUFZ 1, o0x7fcc3a49a9f8, C4<0>, C4<0>, C4<0>;
L_0x5555908cef80 .functor BUFZ 1, L_0x5555908cfbf0, C4<0>, C4<0>, C4<0>;
o0x7fcc3a49aa28 .functor BUFZ 1, c4<z>; HiZ drive
L_0x7fcc3a44d768 .functor BUFT 1, C4<0>, C4<0>, C4<0>, C4<0>;
L_0x5555908cfe90 .functor XOR 1, o0x7fcc3a49aa28, L_0x7fcc3a44d768, C4<0>, C4<0>;
L_0x5555908cff50 .functor BUFZ 1, L_0x5555908cfbf0, C4<0>, C4<0>, C4<0>;
o0x7fcc3a49a998 .functor BUFZ 1, c4<z>; HiZ drive
v0x55559054e1b0_0 .net "CEN", 0 0, o0x7fcc3a49a998;  0 drivers
v0x55559054a1f0_0 .net "CEN_pu", 0 0, L_0x5555908ceee0;  1 drivers
v0x55559054a2b0_0 .net "CIN", 0 0, o0x7fcc3a49a9f8;  0 drivers
v0x55559054a350_0 .net "CLK", 0 0, o0x7fcc3a49aa28;  0 drivers
L_0x7fcc3a44d690 .functor BUFT 1, C4<x>, C4<0>, C4<0>, C4<0>;
v0x55559054a410_0 .net "COUT", 0 0, L_0x7fcc3a44d690;  1 drivers
o0x7fcc3a49aa88 .functor BUFZ 1, c4<z>; HiZ drive
v0x55559054a4d0_0 .net "I0", 0 0, o0x7fcc3a49aa88;  0 drivers
v0x55559054a590_0 .net "I0_pd", 0 0, L_0x5555908ce350;  1 drivers
o0x7fcc3a49aae8 .functor BUFZ 1, c4<z>; HiZ drive
v0x55559054a650_0 .net "I1", 0 0, o0x7fcc3a49aae8;  0 drivers
v0x555590540870_0 .net "I1_pd", 0 0, L_0x5555908ce580;  1 drivers
o0x7fcc3a49ab48 .functor BUFZ 1, c4<z>; HiZ drive
v0x5555905409c0_0 .net "I2", 0 0, o0x7fcc3a49ab48;  0 drivers
v0x555590540a80_0 .net "I2_pd", 0 0, L_0x5555908ce7b0;  1 drivers
o0x7fcc3a49aba8 .functor BUFZ 1, c4<z>; HiZ drive
v0x555590540b40_0 .net "I3", 0 0, o0x7fcc3a49aba8;  0 drivers
v0x555590540c00_0 .net "I3_pd", 0 0, L_0x5555908cea20;  1 drivers
v0x555590540cc0_0 .net "LO", 0 0, L_0x5555908cef80;  1 drivers
v0x55559053f5d0_0 .net "O", 0 0, L_0x5555908cff50;  1 drivers
o0x7fcc3a49ac68 .functor BUFZ 1, c4<z>; HiZ drive
v0x55559053f690_0 .net "SR", 0 0, o0x7fcc3a49ac68;  0 drivers
v0x55559053f750_0 .net "SR_pd", 0 0, L_0x5555908ceca0;  1 drivers
o0x7fcc3a49acc8 .functor BUFZ 1, c4<z>; HiZ drive
; Elide local net with no drivers, v0x55559053f810_0 name=_ivl_0
v0x55559053f8f0_0 .net *"_ivl_10", 0 0, L_0x5555908ce4e0;  1 drivers
L_0x7fcc3a44d528 .functor BUFT 1, C4<0>, C4<0>, C4<0>, C4<0>;
v0x55559053f9b0_0 .net/2u *"_ivl_12", 0 0, L_0x7fcc3a44d528;  1 drivers
o0x7fcc3a49ad58 .functor BUFZ 1, c4<z>; HiZ drive
; Elide local net with no drivers, v0x5555905cb270_0 name=_ivl_16
v0x5555905cb350_0 .net *"_ivl_18", 0 0, L_0x5555908ce710;  1 drivers
v0x5555905cb410_0 .net *"_ivl_2", 0 0, L_0x5555908ce2b0;  1 drivers
L_0x7fcc3a44d570 .functor BUFT 1, C4<0>, C4<0>, C4<0>, C4<0>;
v0x5555905cb4d0_0 .net/2u *"_ivl_20", 0 0, L_0x7fcc3a44d570;  1 drivers
o0x7fcc3a49ae18 .functor BUFZ 1, c4<z>; HiZ drive
; Elide local net with no drivers, v0x5555905cb5b0_0 name=_ivl_24
v0x5555905cb690_0 .net *"_ivl_26", 0 0, L_0x5555908ce980;  1 drivers
L_0x7fcc3a44d5b8 .functor BUFT 1, C4<0>, C4<0>, C4<0>, C4<0>;
v0x55559085f590_0 .net/2u *"_ivl_28", 0 0, L_0x7fcc3a44d5b8;  1 drivers
o0x7fcc3a49aea8 .functor BUFZ 1, c4<z>; HiZ drive
; Elide local net with no drivers, v0x55559085f630_0 name=_ivl_32
v0x55559085f6d0_0 .net *"_ivl_34", 0 0, L_0x5555908cec00;  1 drivers
L_0x7fcc3a44d600 .functor BUFT 1, C4<0>, C4<0>, C4<0>, C4<0>;
v0x55559085f770_0 .net/2u *"_ivl_36", 0 0, L_0x7fcc3a44d600;  1 drivers
L_0x7fcc3a44d4e0 .functor BUFT 1, C4<0>, C4<0>, C4<0>, C4<0>;
v0x55559085f810_0 .net/2u *"_ivl_4", 0 0, L_0x7fcc3a44d4e0;  1 drivers
o0x7fcc3a49af68 .functor BUFZ 1, c4<z>; HiZ drive
; Elide local net with no drivers, v0x55559085f8b0_0 name=_ivl_40
v0x55559085f950_0 .net *"_ivl_42", 0 0, L_0x5555908cee40;  1 drivers
L_0x7fcc3a44d648 .functor BUFT 1, C4<1>, C4<0>, C4<0>, C4<0>;
v0x55559085f9f0_0 .net/2u *"_ivl_44", 0 0, L_0x7fcc3a44d648;  1 drivers
L_0x7fcc3a44d6d8 .functor BUFT 1, C4<00000000>, C4<0>, C4<0>, C4<0>;
v0x55559085fa90_0 .net/2u *"_ivl_52", 7 0, L_0x7fcc3a44d6d8;  1 drivers
L_0x7fcc3a44d720 .functor BUFT 1, C4<00000000>, C4<0>, C4<0>, C4<0>;
v0x55559085fb30_0 .net/2u *"_ivl_54", 7 0, L_0x7fcc3a44d720;  1 drivers
v0x55559085fbd0_0 .net *"_ivl_59", 3 0, L_0x5555908cf2e0;  1 drivers
v0x55559085fc70_0 .net *"_ivl_61", 3 0, L_0x5555908cf3d0;  1 drivers
v0x55559085fd10_0 .net *"_ivl_65", 1 0, L_0x5555908cf690;  1 drivers
v0x55559085fdb0_0 .net *"_ivl_67", 1 0, L_0x5555908cf780;  1 drivers
v0x55559085fe50_0 .net *"_ivl_71", 0 0, L_0x5555908cfa50;  1 drivers
v0x55559085fef0_0 .net *"_ivl_73", 0 0, L_0x5555908cf820;  1 drivers
v0x55559085ff90_0 .net/2u *"_ivl_78", 0 0, L_0x7fcc3a44d768;  1 drivers
o0x7fcc3a49b1a8 .functor BUFZ 1, c4<z>; HiZ drive
; Elide local net with no drivers, v0x555590860030_0 name=_ivl_8
v0x5555908600d0_0 .net "lut_o", 0 0, L_0x5555908cfbf0;  1 drivers
v0x555590860190_0 .net "lut_s1", 1 0, L_0x5555908cf8c0;  1 drivers
v0x555590860270_0 .net "lut_s2", 3 0, L_0x5555908cf470;  1 drivers
v0x555590860350_0 .net "lut_s3", 7 0, L_0x5555908cf150;  1 drivers
v0x555590860430_0 .net "mux_cin", 0 0, L_0x5555908cf0e0;  1 drivers
v0x5555908604f0_0 .var "o_reg", 0 0;
v0x5555908605b0_0 .var "o_reg_async", 0 0;
v0x555590860670_0 .net "polarized_clk", 0 0, L_0x5555908cfe90;  1 drivers
E_0x555590545460 .event posedge, v0x55559053f750_0, v0x555590860670_0;
E_0x55559054e150 .event posedge, v0x555590860670_0;
L_0x5555908ce2b0 .cmp/eeq 1, o0x7fcc3a49aa88, o0x7fcc3a49acc8;
L_0x5555908ce350 .functor MUXZ 1, o0x7fcc3a49aa88, L_0x7fcc3a44d4e0, L_0x5555908ce2b0, C4<>;
L_0x5555908ce4e0 .cmp/eeq 1, o0x7fcc3a49aae8, o0x7fcc3a49b1a8;
L_0x5555908ce580 .functor MUXZ 1, o0x7fcc3a49aae8, L_0x7fcc3a44d528, L_0x5555908ce4e0, C4<>;
L_0x5555908ce710 .cmp/eeq 1, o0x7fcc3a49ab48, o0x7fcc3a49ad58;
L_0x5555908ce7b0 .functor MUXZ 1, o0x7fcc3a49ab48, L_0x7fcc3a44d570, L_0x5555908ce710, C4<>;
L_0x5555908ce980 .cmp/eeq 1, o0x7fcc3a49aba8, o0x7fcc3a49ae18;
L_0x5555908cea20 .functor MUXZ 1, o0x7fcc3a49aba8, L_0x7fcc3a44d5b8, L_0x5555908ce980, C4<>;
L_0x5555908cec00 .cmp/eeq 1, o0x7fcc3a49ac68, o0x7fcc3a49aea8;
L_0x5555908ceca0 .functor MUXZ 1, o0x7fcc3a49ac68, L_0x7fcc3a44d600, L_0x5555908cec00, C4<>;
L_0x5555908cee40 .cmp/eeq 1, o0x7fcc3a49a998, o0x7fcc3a49af68;
L_0x5555908ceee0 .functor MUXZ 1, o0x7fcc3a49a998, L_0x7fcc3a44d648, L_0x5555908cee40, C4<>;
L_0x5555908cf150 .functor MUXZ 8, L_0x7fcc3a44d720, L_0x7fcc3a44d6d8, L_0x5555908cea20, C4<>;
L_0x5555908cf2e0 .part L_0x5555908cf150, 4, 4;
L_0x5555908cf3d0 .part L_0x5555908cf150, 0, 4;
L_0x5555908cf470 .functor MUXZ 4, L_0x5555908cf3d0, L_0x5555908cf2e0, L_0x5555908ce7b0, C4<>;
L_0x5555908cf690 .part L_0x5555908cf470, 2, 2;
L_0x5555908cf780 .part L_0x5555908cf470, 0, 2;
L_0x5555908cf8c0 .functor MUXZ 2, L_0x5555908cf780, L_0x5555908cf690, L_0x5555908ce580, C4<>;
L_0x5555908cfa50 .part L_0x5555908cf8c0, 1, 1;
L_0x5555908cf820 .part L_0x5555908cf8c0, 0, 1;
L_0x5555908cfbf0 .functor MUXZ 1, L_0x5555908cf820, L_0x5555908cfa50, L_0x5555908ce350, C4<>;
S_0x5555908200b0 .scope module, "ICESTORM_RAM" "ICESTORM_RAM" 14 3167;
 .timescale -12 -12;
    .port_info 0 /OUTPUT 1 "RDATA_15";
    .port_info 1 /OUTPUT 1 "RDATA_14";
    .port_info 2 /OUTPUT 1 "RDATA_13";
    .port_info 3 /OUTPUT 1 "RDATA_12";
    .port_info 4 /OUTPUT 1 "RDATA_11";
    .port_info 5 /OUTPUT 1 "RDATA_10";
    .port_info 6 /OUTPUT 1 "RDATA_9";
    .port_info 7 /OUTPUT 1 "RDATA_8";
    .port_info 8 /OUTPUT 1 "RDATA_7";
    .port_info 9 /OUTPUT 1 "RDATA_6";
    .port_info 10 /OUTPUT 1 "RDATA_5";
    .port_info 11 /OUTPUT 1 "RDATA_4";
    .port_info 12 /OUTPUT 1 "RDATA_3";
    .port_info 13 /OUTPUT 1 "RDATA_2";
    .port_info 14 /OUTPUT 1 "RDATA_1";
    .port_info 15 /OUTPUT 1 "RDATA_0";
    .port_info 16 /INPUT 1 "RCLK";
    .port_info 17 /INPUT 1 "RCLKE";
    .port_info 18 /INPUT 1 "RE";
    .port_info 19 /INPUT 1 "RADDR_10";
    .port_info 20 /INPUT 1 "RADDR_9";
    .port_info 21 /INPUT 1 "RADDR_8";
    .port_info 22 /INPUT 1 "RADDR_7";
    .port_info 23 /INPUT 1 "RADDR_6";
    .port_info 24 /INPUT 1 "RADDR_5";
    .port_info 25 /INPUT 1 "RADDR_4";
    .port_info 26 /INPUT 1 "RADDR_3";
    .port_info 27 /INPUT 1 "RADDR_2";
    .port_info 28 /INPUT 1 "RADDR_1";
    .port_info 29 /INPUT 1 "RADDR_0";
    .port_info 30 /INPUT 1 "WCLK";
    .port_info 31 /INPUT 1 "WCLKE";
    .port_info 32 /INPUT 1 "WE";
    .port_info 33 /INPUT 1 "WADDR_10";
    .port_info 34 /INPUT 1 "WADDR_9";
    .port_info 35 /INPUT 1 "WADDR_8";
    .port_info 36 /INPUT 1 "WADDR_7";
    .port_info 37 /INPUT 1 "WADDR_6";
    .port_info 38 /INPUT 1 "WADDR_5";
    .port_info 39 /INPUT 1 "WADDR_4";
    .port_info 40 /INPUT 1 "WADDR_3";
    .port_info 41 /INPUT 1 "WADDR_2";
    .port_info 42 /INPUT 1 "WADDR_1";
    .port_info 43 /INPUT 1 "WADDR_0";
    .port_info 44 /INPUT 1 "MASK_15";
    .port_info 45 /INPUT 1 "MASK_14";
    .port_info 46 /INPUT 1 "MASK_13";
    .port_info 47 /INPUT 1 "MASK_12";
    .port_info 48 /INPUT 1 "MASK_11";
    .port_info 49 /INPUT 1 "MASK_10";
    .port_info 50 /INPUT 1 "MASK_9";
    .port_info 51 /INPUT 1 "MASK_8";
    .port_info 52 /INPUT 1 "MASK_7";
    .port_info 53 /INPUT 1 "MASK_6";
    .port_info 54 /INPUT 1 "MASK_5";
    .port_info 55 /INPUT 1 "MASK_4";
    .port_info 56 /INPUT 1 "MASK_3";
    .port_info 57 /INPUT 1 "MASK_2";
    .port_info 58 /INPUT 1 "MASK_1";
    .port_info 59 /INPUT 1 "MASK_0";
    .port_info 60 /INPUT 1 "WDATA_15";
    .port_info 61 /INPUT 1 "WDATA_14";
    .port_info 62 /INPUT 1 "WDATA_13";
    .port_info 63 /INPUT 1 "WDATA_12";
    .port_info 64 /INPUT 1 "WDATA_11";
    .port_info 65 /INPUT 1 "WDATA_10";
    .port_info 66 /INPUT 1 "WDATA_9";
    .port_info 67 /INPUT 1 "WDATA_8";
    .port_info 68 /INPUT 1 "WDATA_7";
    .port_info 69 /INPUT 1 "WDATA_6";
    .port_info 70 /INPUT 1 "WDATA_5";
    .port_info 71 /INPUT 1 "WDATA_4";
    .port_info 72 /INPUT 1 "WDATA_3";
    .port_info 73 /INPUT 1 "WDATA_2";
    .port_info 74 /INPUT 1 "WDATA_1";
    .port_info 75 /INPUT 1 "WDATA_0";
P_0x55559053e100 .param/l "INIT_0" 0 14 3182, C4<0000000000000000000000000000000000000000000000000000000000000000000000000000000000000000000000000000000000000000000000000000000000000000000000000000000000000000000000000000000000000000000000000000000000000000000000000000000000000000000000000000000000000000>;
P_0x55559053e140 .param/l "INIT_1" 0 14 3183, C4<0000000000000000000000000000000000000000000000000000000000000000000000000000000000000000000000000000000000000000000000000000000000000000000000000000000000000000000000000000000000000000000000000000000000000000000000000000000000000000000000000000000000000000>;
P_0x55559053e180 .param/l "INIT_2" 0 14 3184, C4<0000000000000000000000000000000000000000000000000000000000000000000000000000000000000000000000000000000000000000000000000000000000000000000000000000000000000000000000000000000000000000000000000000000000000000000000000000000000000000000000000000000000000000>;
P_0x55559053e1c0 .param/l "INIT_3" 0 14 3185, C4<0000000000000000000000000000000000000000000000000000000000000000000000000000000000000000000000000000000000000000000000000000000000000000000000000000000000000000000000000000000000000000000000000000000000000000000000000000000000000000000000000000000000000000>;
P_0x55559053e200 .param/l "INIT_4" 0 14 3186, C4<0000000000000000000000000000000000000000000000000000000000000000000000000000000000000000000000000000000000000000000000000000000000000000000000000000000000000000000000000000000000000000000000000000000000000000000000000000000000000000000000000000000000000000>;
P_0x55559053e240 .param/l "INIT_5" 0 14 3187, C4<0000000000000000000000000000000000000000000000000000000000000000000000000000000000000000000000000000000000000000000000000000000000000000000000000000000000000000000000000000000000000000000000000000000000000000000000000000000000000000000000000000000000000000>;
P_0x55559053e280 .param/l "INIT_6" 0 14 3188, C4<0000000000000000000000000000000000000000000000000000000000000000000000000000000000000000000000000000000000000000000000000000000000000000000000000000000000000000000000000000000000000000000000000000000000000000000000000000000000000000000000000000000000000000>;
P_0x55559053e2c0 .param/l "INIT_7" 0 14 3189, C4<0000000000000000000000000000000000000000000000000000000000000000000000000000000000000000000000000000000000000000000000000000000000000000000000000000000000000000000000000000000000000000000000000000000000000000000000000000000000000000000000000000000000000000>;
P_0x55559053e300 .param/l "INIT_8" 0 14 3190, C4<0000000000000000000000000000000000000000000000000000000000000000000000000000000000000000000000000000000000000000000000000000000000000000000000000000000000000000000000000000000000000000000000000000000000000000000000000000000000000000000000000000000000000000>;
P_0x55559053e340 .param/l "INIT_9" 0 14 3191, C4<0000000000000000000000000000000000000000000000000000000000000000000000000000000000000000000000000000000000000000000000000000000000000000000000000000000000000000000000000000000000000000000000000000000000000000000000000000000000000000000000000000000000000000>;
P_0x55559053e380 .param/l "INIT_A" 0 14 3192, C4<0000000000000000000000000000000000000000000000000000000000000000000000000000000000000000000000000000000000000000000000000000000000000000000000000000000000000000000000000000000000000000000000000000000000000000000000000000000000000000000000000000000000000000>;
P_0x55559053e3c0 .param/l "INIT_B" 0 14 3193, C4<0000000000000000000000000000000000000000000000000000000000000000000000000000000000000000000000000000000000000000000000000000000000000000000000000000000000000000000000000000000000000000000000000000000000000000000000000000000000000000000000000000000000000000>;
P_0x55559053e400 .param/l "INIT_C" 0 14 3194, C4<0000000000000000000000000000000000000000000000000000000000000000000000000000000000000000000000000000000000000000000000000000000000000000000000000000000000000000000000000000000000000000000000000000000000000000000000000000000000000000000000000000000000000000>;
P_0x55559053e440 .param/l "INIT_D" 0 14 3195, C4<0000000000000000000000000000000000000000000000000000000000000000000000000000000000000000000000000000000000000000000000000000000000000000000000000000000000000000000000000000000000000000000000000000000000000000000000000000000000000000000000000000000000000000>;
P_0x55559053e480 .param/l "INIT_E" 0 14 3196, C4<0000000000000000000000000000000000000000000000000000000000000000000000000000000000000000000000000000000000000000000000000000000000000000000000000000000000000000000000000000000000000000000000000000000000000000000000000000000000000000000000000000000000000000>;
P_0x55559053e4c0 .param/l "INIT_F" 0 14 3197, C4<0000000000000000000000000000000000000000000000000000000000000000000000000000000000000000000000000000000000000000000000000000000000000000000000000000000000000000000000000000000000000000000000000000000000000000000000000000000000000000000000000000000000000000>;
P_0x55559053e500 .param/l "NEG_CLK_R" 0 14 3179, C4<0>;
P_0x55559053e540 .param/l "NEG_CLK_W" 0 14 3180, C4<0>;
P_0x55559053e580 .param/l "READ_MODE" 0 14 3177, +C4<00000000000000000000000000000000>;
P_0x55559053e5c0 .param/l "WRITE_MODE" 0 14 3176, +C4<00000000000000000000000000000000>;
L_0x7fcc3a44d7f8 .functor BUFT 1, C4<0>, C4<0>, C4<0>, C4<0>;
L_0x5555908d0b10 .functor XOR 1, L_0x5555908d0f50, L_0x7fcc3a44d7f8, C4<0>, C4<0>;
L_0x7fcc3a44d840 .functor BUFT 1, C4<0>, C4<0>, C4<0>, C4<0>;
L_0x5555908d28c0 .functor XOR 1, L_0x5555908d2710, L_0x7fcc3a44d840, C4<0>, C4<0>;
o0x7fcc3a49bb38 .functor BUFZ 1, c4<z>; HiZ drive
v0x5555908645b0_0 .net "MASK_0", 0 0, o0x7fcc3a49bb38;  0 drivers
o0x7fcc3a49bb68 .functor BUFZ 1, c4<z>; HiZ drive
v0x555590864690_0 .net "MASK_1", 0 0, o0x7fcc3a49bb68;  0 drivers
o0x7fcc3a49bb98 .functor BUFZ 1, c4<z>; HiZ drive
v0x555590864750_0 .net "MASK_10", 0 0, o0x7fcc3a49bb98;  0 drivers
o0x7fcc3a49bbc8 .functor BUFZ 1, c4<z>; HiZ drive
v0x555590864820_0 .net "MASK_11", 0 0, o0x7fcc3a49bbc8;  0 drivers
o0x7fcc3a49bbf8 .functor BUFZ 1, c4<z>; HiZ drive
v0x5555908648e0_0 .net "MASK_12", 0 0, o0x7fcc3a49bbf8;  0 drivers
o0x7fcc3a49bc28 .functor BUFZ 1, c4<z>; HiZ drive
v0x5555908649f0_0 .net "MASK_13", 0 0, o0x7fcc3a49bc28;  0 drivers
o0x7fcc3a49bc58 .functor BUFZ 1, c4<z>; HiZ drive
v0x555590864ab0_0 .net "MASK_14", 0 0, o0x7fcc3a49bc58;  0 drivers
o0x7fcc3a49bc88 .functor BUFZ 1, c4<z>; HiZ drive
v0x555590864b70_0 .net "MASK_15", 0 0, o0x7fcc3a49bc88;  0 drivers
o0x7fcc3a49bcb8 .functor BUFZ 1, c4<z>; HiZ drive
v0x555590864c30_0 .net "MASK_2", 0 0, o0x7fcc3a49bcb8;  0 drivers
o0x7fcc3a49bce8 .functor BUFZ 1, c4<z>; HiZ drive
v0x555590864cf0_0 .net "MASK_3", 0 0, o0x7fcc3a49bce8;  0 drivers
o0x7fcc3a49bd18 .functor BUFZ 1, c4<z>; HiZ drive
v0x555590864db0_0 .net "MASK_4", 0 0, o0x7fcc3a49bd18;  0 drivers
o0x7fcc3a49bd48 .functor BUFZ 1, c4<z>; HiZ drive
v0x555590864e70_0 .net "MASK_5", 0 0, o0x7fcc3a49bd48;  0 drivers
o0x7fcc3a49bd78 .functor BUFZ 1, c4<z>; HiZ drive
v0x555590864f30_0 .net "MASK_6", 0 0, o0x7fcc3a49bd78;  0 drivers
o0x7fcc3a49bda8 .functor BUFZ 1, c4<z>; HiZ drive
v0x555590864ff0_0 .net "MASK_7", 0 0, o0x7fcc3a49bda8;  0 drivers
o0x7fcc3a49bdd8 .functor BUFZ 1, c4<z>; HiZ drive
v0x5555908650b0_0 .net "MASK_8", 0 0, o0x7fcc3a49bdd8;  0 drivers
o0x7fcc3a49be08 .functor BUFZ 1, c4<z>; HiZ drive
v0x555590865170_0 .net "MASK_9", 0 0, o0x7fcc3a49be08;  0 drivers
o0x7fcc3a49be38 .functor BUFZ 1, c4<z>; HiZ drive
v0x555590865230_0 .net "RADDR_0", 0 0, o0x7fcc3a49be38;  0 drivers
o0x7fcc3a49be68 .functor BUFZ 1, c4<z>; HiZ drive
v0x555590865400_0 .net "RADDR_1", 0 0, o0x7fcc3a49be68;  0 drivers
o0x7fcc3a49be98 .functor BUFZ 1, c4<z>; HiZ drive
v0x5555908654c0_0 .net "RADDR_10", 0 0, o0x7fcc3a49be98;  0 drivers
o0x7fcc3a49bec8 .functor BUFZ 1, c4<z>; HiZ drive
v0x555590865580_0 .net "RADDR_2", 0 0, o0x7fcc3a49bec8;  0 drivers
o0x7fcc3a49bef8 .functor BUFZ 1, c4<z>; HiZ drive
v0x555590865640_0 .net "RADDR_3", 0 0, o0x7fcc3a49bef8;  0 drivers
o0x7fcc3a49bf28 .functor BUFZ 1, c4<z>; HiZ drive
v0x555590865700_0 .net "RADDR_4", 0 0, o0x7fcc3a49bf28;  0 drivers
o0x7fcc3a49bf58 .functor BUFZ 1, c4<z>; HiZ drive
v0x5555908657c0_0 .net "RADDR_5", 0 0, o0x7fcc3a49bf58;  0 drivers
o0x7fcc3a49bf88 .functor BUFZ 1, c4<z>; HiZ drive
v0x555590865880_0 .net "RADDR_6", 0 0, o0x7fcc3a49bf88;  0 drivers
o0x7fcc3a49bfb8 .functor BUFZ 1, c4<z>; HiZ drive
v0x555590865940_0 .net "RADDR_7", 0 0, o0x7fcc3a49bfb8;  0 drivers
o0x7fcc3a49bfe8 .functor BUFZ 1, c4<z>; HiZ drive
v0x555590865a00_0 .net "RADDR_8", 0 0, o0x7fcc3a49bfe8;  0 drivers
o0x7fcc3a49c018 .functor BUFZ 1, c4<z>; HiZ drive
v0x555590865ac0_0 .net "RADDR_9", 0 0, o0x7fcc3a49c018;  0 drivers
o0x7fcc3a49c048 .functor BUFZ 1, c4<z>; HiZ drive
v0x555590865b80_0 .net "RCLK", 0 0, o0x7fcc3a49c048;  0 drivers
o0x7fcc3a49c078 .functor BUFZ 1, c4<z>; HiZ drive
v0x555590865c40_0 .net "RCLKE", 0 0, o0x7fcc3a49c078;  0 drivers
v0x555590865d00_0 .net "RDATA_0", 0 0, L_0x5555908d0df0;  1 drivers
v0x555590865dc0_0 .net "RDATA_1", 0 0, L_0x5555908d0d20;  1 drivers
v0x555590865e80_0 .net "RDATA_10", 0 0, L_0x5555908d04e0;  1 drivers
v0x555590865f40_0 .net "RDATA_11", 0 0, L_0x5555908d0410;  1 drivers
v0x555590866210_0 .net "RDATA_12", 0 0, L_0x5555908d0340;  1 drivers
v0x5555908662d0_0 .net "RDATA_13", 0 0, L_0x5555908d02a0;  1 drivers
v0x555590866390_0 .net "RDATA_14", 0 0, L_0x5555908d0200;  1 drivers
v0x555590866450_0 .net "RDATA_15", 0 0, L_0x5555908d0110;  1 drivers
v0x555590866510_0 .net "RDATA_2", 0 0, L_0x5555908d0c50;  1 drivers
v0x5555908665d0_0 .net "RDATA_3", 0 0, L_0x5555908d0b80;  1 drivers
v0x555590866690_0 .net "RDATA_4", 0 0, L_0x5555908d0a40;  1 drivers
v0x555590866750_0 .net "RDATA_5", 0 0, L_0x5555908d0970;  1 drivers
v0x555590866810_0 .net "RDATA_6", 0 0, L_0x5555908d0840;  1 drivers
v0x5555908668d0_0 .net "RDATA_7", 0 0, L_0x5555908d0770;  1 drivers
v0x555590866990_0 .net "RDATA_8", 0 0, L_0x5555908d0650;  1 drivers
v0x555590866a50_0 .net "RDATA_9", 0 0, L_0x5555908d05b0;  1 drivers
o0x7fcc3a49c3a8 .functor BUFZ 1, c4<z>; HiZ drive
v0x555590866b10_0 .net "RE", 0 0, o0x7fcc3a49c3a8;  0 drivers
o0x7fcc3a49c3d8 .functor BUFZ 1, c4<z>; HiZ drive
v0x555590866bd0_0 .net "WADDR_0", 0 0, o0x7fcc3a49c3d8;  0 drivers
o0x7fcc3a49c408 .functor BUFZ 1, c4<z>; HiZ drive
v0x555590866c90_0 .net "WADDR_1", 0 0, o0x7fcc3a49c408;  0 drivers
o0x7fcc3a49c438 .functor BUFZ 1, c4<z>; HiZ drive
v0x555590866d50_0 .net "WADDR_10", 0 0, o0x7fcc3a49c438;  0 drivers
o0x7fcc3a49c468 .functor BUFZ 1, c4<z>; HiZ drive
v0x555590866e10_0 .net "WADDR_2", 0 0, o0x7fcc3a49c468;  0 drivers
o0x7fcc3a49c498 .functor BUFZ 1, c4<z>; HiZ drive
v0x555590866ed0_0 .net "WADDR_3", 0 0, o0x7fcc3a49c498;  0 drivers
o0x7fcc3a49c4c8 .functor BUFZ 1, c4<z>; HiZ drive
v0x555590866f90_0 .net "WADDR_4", 0 0, o0x7fcc3a49c4c8;  0 drivers
o0x7fcc3a49c4f8 .functor BUFZ 1, c4<z>; HiZ drive
v0x555590867050_0 .net "WADDR_5", 0 0, o0x7fcc3a49c4f8;  0 drivers
o0x7fcc3a49c528 .functor BUFZ 1, c4<z>; HiZ drive
v0x555590867110_0 .net "WADDR_6", 0 0, o0x7fcc3a49c528;  0 drivers
o0x7fcc3a49c558 .functor BUFZ 1, c4<z>; HiZ drive
v0x5555908671d0_0 .net "WADDR_7", 0 0, o0x7fcc3a49c558;  0 drivers
o0x7fcc3a49c588 .functor BUFZ 1, c4<z>; HiZ drive
v0x555590867290_0 .net "WADDR_8", 0 0, o0x7fcc3a49c588;  0 drivers
o0x7fcc3a49c5b8 .functor BUFZ 1, c4<z>; HiZ drive
v0x555590867350_0 .net "WADDR_9", 0 0, o0x7fcc3a49c5b8;  0 drivers
o0x7fcc3a49c5e8 .functor BUFZ 1, c4<z>; HiZ drive
v0x555590867410_0 .net "WCLK", 0 0, o0x7fcc3a49c5e8;  0 drivers
o0x7fcc3a49c618 .functor BUFZ 1, c4<z>; HiZ drive
v0x5555908674d0_0 .net "WCLKE", 0 0, o0x7fcc3a49c618;  0 drivers
o0x7fcc3a49c648 .functor BUFZ 1, c4<z>; HiZ drive
v0x555590867590_0 .net "WDATA_0", 0 0, o0x7fcc3a49c648;  0 drivers
o0x7fcc3a49c678 .functor BUFZ 1, c4<z>; HiZ drive
v0x555590867650_0 .net "WDATA_1", 0 0, o0x7fcc3a49c678;  0 drivers
o0x7fcc3a49c6a8 .functor BUFZ 1, c4<z>; HiZ drive
v0x555590867710_0 .net "WDATA_10", 0 0, o0x7fcc3a49c6a8;  0 drivers
o0x7fcc3a49c6d8 .functor BUFZ 1, c4<z>; HiZ drive
v0x5555908677d0_0 .net "WDATA_11", 0 0, o0x7fcc3a49c6d8;  0 drivers
o0x7fcc3a49c708 .functor BUFZ 1, c4<z>; HiZ drive
v0x555590867890_0 .net "WDATA_12", 0 0, o0x7fcc3a49c708;  0 drivers
o0x7fcc3a49c738 .functor BUFZ 1, c4<z>; HiZ drive
v0x555590867950_0 .net "WDATA_13", 0 0, o0x7fcc3a49c738;  0 drivers
o0x7fcc3a49c768 .functor BUFZ 1, c4<z>; HiZ drive
v0x555590867a10_0 .net "WDATA_14", 0 0, o0x7fcc3a49c768;  0 drivers
o0x7fcc3a49c798 .functor BUFZ 1, c4<z>; HiZ drive
v0x555590867ad0_0 .net "WDATA_15", 0 0, o0x7fcc3a49c798;  0 drivers
o0x7fcc3a49c7c8 .functor BUFZ 1, c4<z>; HiZ drive
v0x555590867b90_0 .net "WDATA_2", 0 0, o0x7fcc3a49c7c8;  0 drivers
o0x7fcc3a49c7f8 .functor BUFZ 1, c4<z>; HiZ drive
v0x555590867c50_0 .net "WDATA_3", 0 0, o0x7fcc3a49c7f8;  0 drivers
o0x7fcc3a49c828 .functor BUFZ 1, c4<z>; HiZ drive
v0x555590867d10_0 .net "WDATA_4", 0 0, o0x7fcc3a49c828;  0 drivers
o0x7fcc3a49c858 .functor BUFZ 1, c4<z>; HiZ drive
v0x555590867dd0_0 .net "WDATA_5", 0 0, o0x7fcc3a49c858;  0 drivers
o0x7fcc3a49c888 .functor BUFZ 1, c4<z>; HiZ drive
v0x555590867e90_0 .net "WDATA_6", 0 0, o0x7fcc3a49c888;  0 drivers
o0x7fcc3a49c8b8 .functor BUFZ 1, c4<z>; HiZ drive
v0x555590867f50_0 .net "WDATA_7", 0 0, o0x7fcc3a49c8b8;  0 drivers
o0x7fcc3a49c8e8 .functor BUFZ 1, c4<z>; HiZ drive
v0x555590868010_0 .net "WDATA_8", 0 0, o0x7fcc3a49c8e8;  0 drivers
o0x7fcc3a49c918 .functor BUFZ 1, c4<z>; HiZ drive
v0x5555908680d0_0 .net "WDATA_9", 0 0, o0x7fcc3a49c918;  0 drivers
o0x7fcc3a49c948 .functor BUFZ 1, c4<z>; HiZ drive
v0x555590868190_0 .net "WE", 0 0, o0x7fcc3a49c948;  0 drivers
v0x555590868250_0 .net *"_ivl_100", 0 0, L_0x5555908d4ba0;  1 drivers
v0x555590868330_0 .net *"_ivl_102", 0 0, L_0x5555908d48f0;  1 drivers
v0x555590868410_0 .net *"_ivl_104", 0 0, L_0x5555908d49f0;  1 drivers
v0x5555908684f0_0 .net *"_ivl_106", 0 0, L_0x5555908d5090;  1 drivers
v0x5555908685d0_0 .net *"_ivl_108", 0 0, L_0x5555908d5190;  1 drivers
v0x5555908686b0_0 .net *"_ivl_110", 0 0, L_0x5555908d5470;  1 drivers
v0x555590868790_0 .net *"_ivl_112", 0 0, L_0x5555908d5570;  1 drivers
v0x555590868870_0 .net *"_ivl_114", 0 0, L_0x5555908d5860;  1 drivers
v0x555590868950_0 .net *"_ivl_116", 0 0, L_0x5555908d5960;  1 drivers
v0x555590868a30_0 .net *"_ivl_120", 0 0, L_0x5555908d6250;  1 drivers
v0x555590868b10_0 .net *"_ivl_122", 0 0, L_0x5555908d6500;  1 drivers
v0x555590868bf0_0 .net *"_ivl_124", 0 0, L_0x5555908d65a0;  1 drivers
v0x555590868cd0_0 .net *"_ivl_126", 0 0, L_0x5555908d6860;  1 drivers
v0x555590868db0_0 .net *"_ivl_128", 0 0, L_0x5555908d6900;  1 drivers
v0x555590868e90_0 .net *"_ivl_130", 0 0, L_0x5555908d6bd0;  1 drivers
v0x555590868f70_0 .net *"_ivl_132", 0 0, L_0x5555908d6c70;  1 drivers
v0x555590869050_0 .net *"_ivl_134", 0 0, L_0x5555908d6f50;  1 drivers
v0x555590869130_0 .net *"_ivl_136", 0 0, L_0x5555908d6ff0;  1 drivers
v0x555590869210_0 .net *"_ivl_138", 0 0, L_0x5555908d7310;  1 drivers
v0x5555908692f0_0 .net *"_ivl_140", 0 0, L_0x5555908d7410;  1 drivers
v0x5555908693d0_0 .net *"_ivl_142", 0 0, L_0x5555908d7770;  1 drivers
v0x5555908694b0_0 .net *"_ivl_144", 0 0, L_0x5555908d7870;  1 drivers
v0x555590869590_0 .net *"_ivl_146", 0 0, L_0x5555908d7be0;  1 drivers
v0x555590869670_0 .net *"_ivl_148", 0 0, L_0x5555908d7ce0;  1 drivers
v0x555590869750_0 .net *"_ivl_150", 0 0, L_0x5555908d8060;  1 drivers
v0x555590869830_0 .net *"_ivl_18", 0 0, L_0x5555908d0f50;  1 drivers
v0x555590869910_0 .net/2u *"_ivl_19", 0 0, L_0x7fcc3a44d7f8;  1 drivers
v0x5555908699f0_0 .net *"_ivl_28", 0 0, L_0x5555908d12f0;  1 drivers
v0x555590869ad0_0 .net *"_ivl_30", 0 0, L_0x5555908d1150;  1 drivers
v0x555590869bb0_0 .net *"_ivl_32", 0 0, L_0x5555908d1500;  1 drivers
v0x555590869c90_0 .net *"_ivl_34", 0 0, L_0x5555908d16c0;  1 drivers
v0x555590869d70_0 .net *"_ivl_36", 0 0, L_0x5555908d17c0;  1 drivers
v0x555590869e50_0 .net *"_ivl_38", 0 0, L_0x5555908d1990;  1 drivers
v0x555590869f30_0 .net *"_ivl_40", 0 0, L_0x5555908d1a90;  1 drivers
v0x55559086a010_0 .net *"_ivl_42", 0 0, L_0x5555908d1c70;  1 drivers
v0x55559086a0f0_0 .net *"_ivl_44", 0 0, L_0x5555908d1d70;  1 drivers
v0x55559086a1d0_0 .net *"_ivl_46", 0 0, L_0x5555908d1f60;  1 drivers
v0x55559086a2b0_0 .net *"_ivl_48", 0 0, L_0x5555908d2060;  1 drivers
v0x55559086a390_0 .net *"_ivl_52", 0 0, L_0x5555908d2710;  1 drivers
v0x55559086a470_0 .net/2u *"_ivl_53", 0 0, L_0x7fcc3a44d840;  1 drivers
v0x55559086a550_0 .net *"_ivl_62", 0 0, L_0x5555908d2c30;  1 drivers
v0x55559086a630_0 .net *"_ivl_64", 0 0, L_0x5555908d2cd0;  1 drivers
v0x55559086a710_0 .net *"_ivl_66", 0 0, L_0x5555908d2ea0;  1 drivers
v0x55559086a7f0_0 .net *"_ivl_68", 0 0, L_0x5555908d2f70;  1 drivers
v0x55559086a8d0_0 .net *"_ivl_70", 0 0, L_0x5555908d2d70;  1 drivers
v0x55559086a9b0_0 .net *"_ivl_72", 0 0, L_0x5555908d31b0;  1 drivers
v0x55559086aa90_0 .net *"_ivl_74", 0 0, L_0x5555908d33d0;  1 drivers
v0x55559086ab70_0 .net *"_ivl_76", 0 0, L_0x5555908d34d0;  1 drivers
v0x55559086ac50_0 .net *"_ivl_78", 0 0, L_0x5555908d3730;  1 drivers
v0x55559086ad30_0 .net *"_ivl_80", 0 0, L_0x5555908d3830;  1 drivers
v0x55559086ae10_0 .net *"_ivl_82", 0 0, L_0x5555908d3aa0;  1 drivers
v0x55559086aef0_0 .net *"_ivl_86", 0 0, L_0x5555908d41d0;  1 drivers
v0x55559086afd0_0 .net *"_ivl_88", 0 0, L_0x5555908d4270;  1 drivers
v0x55559086b8c0_0 .net *"_ivl_90", 0 0, L_0x5555908d44a0;  1 drivers
v0x55559086b9a0_0 .net *"_ivl_92", 0 0, L_0x5555908d4540;  1 drivers
v0x55559086ba80_0 .net *"_ivl_94", 0 0, L_0x5555908d4780;  1 drivers
v0x55559086bb60_0 .net *"_ivl_96", 0 0, L_0x5555908d4820;  1 drivers
v0x55559086bc40_0 .net *"_ivl_98", 0 0, L_0x5555908d4aa0;  1 drivers
L_0x5555908d0110 .part v0x555590863270_0, 15, 1;
L_0x5555908d0200 .part v0x555590863270_0, 14, 1;
L_0x5555908d02a0 .part v0x555590863270_0, 13, 1;
L_0x5555908d0340 .part v0x555590863270_0, 12, 1;
L_0x5555908d0410 .part v0x555590863270_0, 11, 1;
L_0x5555908d04e0 .part v0x555590863270_0, 10, 1;
L_0x5555908d05b0 .part v0x555590863270_0, 9, 1;
L_0x5555908d0650 .part v0x555590863270_0, 8, 1;
L_0x5555908d0770 .part v0x555590863270_0, 7, 1;
L_0x5555908d0840 .part v0x555590863270_0, 6, 1;
L_0x5555908d0970 .part v0x555590863270_0, 5, 1;
L_0x5555908d0a40 .part v0x555590863270_0, 4, 1;
L_0x5555908d0b80 .part v0x555590863270_0, 3, 1;
L_0x5555908d0c50 .part v0x555590863270_0, 2, 1;
L_0x5555908d0d20 .part v0x555590863270_0, 1, 1;
L_0x5555908d0df0 .part v0x555590863270_0, 0, 1;
L_0x5555908d0f50 .ufunc/vec4 TD_ICESTORM_RAM.pd, 1, o0x7fcc3a49c048 (v0x555590864190_0) S_0x555590863f20;
L_0x5555908d10b0 .ufunc/vec4 TD_ICESTORM_RAM.pu, 1, o0x7fcc3a49c078 (v0x5555908644f0_0) S_0x555590864250;
L_0x5555908d11f0 .ufunc/vec4 TD_ICESTORM_RAM.pd, 1, o0x7fcc3a49c3a8 (v0x555590864190_0) S_0x555590863f20;
L_0x5555908d12f0 .ufunc/vec4 TD_ICESTORM_RAM.pd, 1, o0x7fcc3a49be98 (v0x555590864190_0) S_0x555590863f20;
L_0x5555908d1150 .ufunc/vec4 TD_ICESTORM_RAM.pd, 1, o0x7fcc3a49c018 (v0x555590864190_0) S_0x555590863f20;
L_0x5555908d1500 .ufunc/vec4 TD_ICESTORM_RAM.pd, 1, o0x7fcc3a49bfe8 (v0x555590864190_0) S_0x555590863f20;
L_0x5555908d16c0 .ufunc/vec4 TD_ICESTORM_RAM.pd, 1, o0x7fcc3a49bfb8 (v0x555590864190_0) S_0x555590863f20;
L_0x5555908d17c0 .ufunc/vec4 TD_ICESTORM_RAM.pd, 1, o0x7fcc3a49bf88 (v0x555590864190_0) S_0x555590863f20;
L_0x5555908d1990 .ufunc/vec4 TD_ICESTORM_RAM.pd, 1, o0x7fcc3a49bf58 (v0x555590864190_0) S_0x555590863f20;
L_0x5555908d1a90 .ufunc/vec4 TD_ICESTORM_RAM.pd, 1, o0x7fcc3a49bf28 (v0x555590864190_0) S_0x555590863f20;
L_0x5555908d1c70 .ufunc/vec4 TD_ICESTORM_RAM.pd, 1, o0x7fcc3a49bef8 (v0x555590864190_0) S_0x555590863f20;
L_0x5555908d1d70 .ufunc/vec4 TD_ICESTORM_RAM.pd, 1, o0x7fcc3a49bec8 (v0x555590864190_0) S_0x555590863f20;
L_0x5555908d1f60 .ufunc/vec4 TD_ICESTORM_RAM.pd, 1, o0x7fcc3a49be68 (v0x555590864190_0) S_0x555590863f20;
L_0x5555908d2060 .ufunc/vec4 TD_ICESTORM_RAM.pd, 1, o0x7fcc3a49be38 (v0x555590864190_0) S_0x555590863f20;
LS_0x5555908d2260_0_0 .concat [ 1 1 1 1], L_0x5555908d2060, L_0x5555908d1f60, L_0x5555908d1d70, L_0x5555908d1c70;
LS_0x5555908d2260_0_4 .concat [ 1 1 1 1], L_0x5555908d1a90, L_0x5555908d1990, L_0x5555908d17c0, L_0x5555908d16c0;
LS_0x5555908d2260_0_8 .concat [ 1 1 1 0], L_0x5555908d1500, L_0x5555908d1150, L_0x5555908d12f0;
L_0x5555908d2260 .concat [ 4 4 3 0], LS_0x5555908d2260_0_0, LS_0x5555908d2260_0_4, LS_0x5555908d2260_0_8;
L_0x5555908d2710 .ufunc/vec4 TD_ICESTORM_RAM.pd, 1, o0x7fcc3a49c5e8 (v0x555590864190_0) S_0x555590863f20;
L_0x5555908d29d0 .ufunc/vec4 TD_ICESTORM_RAM.pu, 1, o0x7fcc3a49c618 (v0x5555908644f0_0) S_0x555590864250;
L_0x5555908d2a70 .ufunc/vec4 TD_ICESTORM_RAM.pd, 1, o0x7fcc3a49c948 (v0x555590864190_0) S_0x555590863f20;
L_0x5555908d2c30 .ufunc/vec4 TD_ICESTORM_RAM.pd, 1, o0x7fcc3a49c438 (v0x555590864190_0) S_0x555590863f20;
L_0x5555908d2cd0 .ufunc/vec4 TD_ICESTORM_RAM.pd, 1, o0x7fcc3a49c5b8 (v0x555590864190_0) S_0x555590863f20;
L_0x5555908d2ea0 .ufunc/vec4 TD_ICESTORM_RAM.pd, 1, o0x7fcc3a49c588 (v0x555590864190_0) S_0x555590863f20;
L_0x5555908d2f70 .ufunc/vec4 TD_ICESTORM_RAM.pd, 1, o0x7fcc3a49c558 (v0x555590864190_0) S_0x555590863f20;
L_0x5555908d2d70 .ufunc/vec4 TD_ICESTORM_RAM.pd, 1, o0x7fcc3a49c528 (v0x555590864190_0) S_0x555590863f20;
L_0x5555908d31b0 .ufunc/vec4 TD_ICESTORM_RAM.pd, 1, o0x7fcc3a49c4f8 (v0x555590864190_0) S_0x555590863f20;
L_0x5555908d33d0 .ufunc/vec4 TD_ICESTORM_RAM.pd, 1, o0x7fcc3a49c4c8 (v0x555590864190_0) S_0x555590863f20;
L_0x5555908d34d0 .ufunc/vec4 TD_ICESTORM_RAM.pd, 1, o0x7fcc3a49c498 (v0x555590864190_0) S_0x555590863f20;
L_0x5555908d3730 .ufunc/vec4 TD_ICESTORM_RAM.pd, 1, o0x7fcc3a49c468 (v0x555590864190_0) S_0x555590863f20;
L_0x5555908d3830 .ufunc/vec4 TD_ICESTORM_RAM.pd, 1, o0x7fcc3a49c408 (v0x555590864190_0) S_0x555590863f20;
L_0x5555908d3aa0 .ufunc/vec4 TD_ICESTORM_RAM.pd, 1, o0x7fcc3a49c3d8 (v0x555590864190_0) S_0x555590863f20;
LS_0x5555908d3ba0_0_0 .concat [ 1 1 1 1], L_0x5555908d3aa0, L_0x5555908d3830, L_0x5555908d3730, L_0x5555908d34d0;
LS_0x5555908d3ba0_0_4 .concat [ 1 1 1 1], L_0x5555908d33d0, L_0x5555908d31b0, L_0x5555908d2d70, L_0x5555908d2f70;
LS_0x5555908d3ba0_0_8 .concat [ 1 1 1 0], L_0x5555908d2ea0, L_0x5555908d2cd0, L_0x5555908d2c30;
L_0x5555908d3ba0 .concat [ 4 4 3 0], LS_0x5555908d3ba0_0_0, LS_0x5555908d3ba0_0_4, LS_0x5555908d3ba0_0_8;
L_0x5555908d41d0 .ufunc/vec4 TD_ICESTORM_RAM.pd, 1, o0x7fcc3a49bc88 (v0x555590864190_0) S_0x555590863f20;
L_0x5555908d4270 .ufunc/vec4 TD_ICESTORM_RAM.pd, 1, o0x7fcc3a49bc58 (v0x555590864190_0) S_0x555590863f20;
L_0x5555908d44a0 .ufunc/vec4 TD_ICESTORM_RAM.pd, 1, o0x7fcc3a49bc28 (v0x555590864190_0) S_0x555590863f20;
L_0x5555908d4540 .ufunc/vec4 TD_ICESTORM_RAM.pd, 1, o0x7fcc3a49bbf8 (v0x555590864190_0) S_0x555590863f20;
L_0x5555908d4780 .ufunc/vec4 TD_ICESTORM_RAM.pd, 1, o0x7fcc3a49bbc8 (v0x555590864190_0) S_0x555590863f20;
L_0x5555908d4820 .ufunc/vec4 TD_ICESTORM_RAM.pd, 1, o0x7fcc3a49bb98 (v0x555590864190_0) S_0x555590863f20;
L_0x5555908d4aa0 .ufunc/vec4 TD_ICESTORM_RAM.pd, 1, o0x7fcc3a49be08 (v0x555590864190_0) S_0x555590863f20;
L_0x5555908d4ba0 .ufunc/vec4 TD_ICESTORM_RAM.pd, 1, o0x7fcc3a49bdd8 (v0x555590864190_0) S_0x555590863f20;
L_0x5555908d48f0 .ufunc/vec4 TD_ICESTORM_RAM.pd, 1, o0x7fcc3a49bda8 (v0x555590864190_0) S_0x555590863f20;
L_0x5555908d49f0 .ufunc/vec4 TD_ICESTORM_RAM.pd, 1, o0x7fcc3a49bd78 (v0x555590864190_0) S_0x555590863f20;
L_0x5555908d5090 .ufunc/vec4 TD_ICESTORM_RAM.pd, 1, o0x7fcc3a49bd48 (v0x555590864190_0) S_0x555590863f20;
L_0x5555908d5190 .ufunc/vec4 TD_ICESTORM_RAM.pd, 1, o0x7fcc3a49bd18 (v0x555590864190_0) S_0x555590863f20;
L_0x5555908d5470 .ufunc/vec4 TD_ICESTORM_RAM.pd, 1, o0x7fcc3a49bce8 (v0x555590864190_0) S_0x555590863f20;
L_0x5555908d5570 .ufunc/vec4 TD_ICESTORM_RAM.pd, 1, o0x7fcc3a49bcb8 (v0x555590864190_0) S_0x555590863f20;
L_0x5555908d5860 .ufunc/vec4 TD_ICESTORM_RAM.pd, 1, o0x7fcc3a49bb68 (v0x555590864190_0) S_0x555590863f20;
L_0x5555908d5960 .ufunc/vec4 TD_ICESTORM_RAM.pd, 1, o0x7fcc3a49bb38 (v0x555590864190_0) S_0x555590863f20;
LS_0x5555908d5c60_0_0 .concat [ 1 1 1 1], L_0x5555908d5960, L_0x5555908d5860, L_0x5555908d5570, L_0x5555908d5470;
LS_0x5555908d5c60_0_4 .concat [ 1 1 1 1], L_0x5555908d5190, L_0x5555908d5090, L_0x5555908d49f0, L_0x5555908d48f0;
LS_0x5555908d5c60_0_8 .concat [ 1 1 1 1], L_0x5555908d4ba0, L_0x5555908d4aa0, L_0x5555908d4820, L_0x5555908d4780;
LS_0x5555908d5c60_0_12 .concat [ 1 1 1 1], L_0x5555908d4540, L_0x5555908d44a0, L_0x5555908d4270, L_0x5555908d41d0;
L_0x5555908d5c60 .concat [ 4 4 4 4], LS_0x5555908d5c60_0_0, LS_0x5555908d5c60_0_4, LS_0x5555908d5c60_0_8, LS_0x5555908d5c60_0_12;
L_0x5555908d6250 .ufunc/vec4 TD_ICESTORM_RAM.pd, 1, o0x7fcc3a49c798 (v0x555590864190_0) S_0x555590863f20;
L_0x5555908d6500 .ufunc/vec4 TD_ICESTORM_RAM.pd, 1, o0x7fcc3a49c768 (v0x555590864190_0) S_0x555590863f20;
L_0x5555908d65a0 .ufunc/vec4 TD_ICESTORM_RAM.pd, 1, o0x7fcc3a49c738 (v0x555590864190_0) S_0x555590863f20;
L_0x5555908d6860 .ufunc/vec4 TD_ICESTORM_RAM.pd, 1, o0x7fcc3a49c708 (v0x555590864190_0) S_0x555590863f20;
L_0x5555908d6900 .ufunc/vec4 TD_ICESTORM_RAM.pd, 1, o0x7fcc3a49c6d8 (v0x555590864190_0) S_0x555590863f20;
L_0x5555908d6bd0 .ufunc/vec4 TD_ICESTORM_RAM.pd, 1, o0x7fcc3a49c6a8 (v0x555590864190_0) S_0x555590863f20;
L_0x5555908d6c70 .ufunc/vec4 TD_ICESTORM_RAM.pd, 1, o0x7fcc3a49c918 (v0x555590864190_0) S_0x555590863f20;
L_0x5555908d6f50 .ufunc/vec4 TD_ICESTORM_RAM.pd, 1, o0x7fcc3a49c8e8 (v0x555590864190_0) S_0x555590863f20;
L_0x5555908d6ff0 .ufunc/vec4 TD_ICESTORM_RAM.pd, 1, o0x7fcc3a49c8b8 (v0x555590864190_0) S_0x555590863f20;
L_0x5555908d7310 .ufunc/vec4 TD_ICESTORM_RAM.pd, 1, o0x7fcc3a49c888 (v0x555590864190_0) S_0x555590863f20;
L_0x5555908d7410 .ufunc/vec4 TD_ICESTORM_RAM.pd, 1, o0x7fcc3a49c858 (v0x555590864190_0) S_0x555590863f20;
L_0x5555908d7770 .ufunc/vec4 TD_ICESTORM_RAM.pd, 1, o0x7fcc3a49c828 (v0x555590864190_0) S_0x555590863f20;
L_0x5555908d7870 .ufunc/vec4 TD_ICESTORM_RAM.pd, 1, o0x7fcc3a49c7f8 (v0x555590864190_0) S_0x555590863f20;
L_0x5555908d7be0 .ufunc/vec4 TD_ICESTORM_RAM.pd, 1, o0x7fcc3a49c7c8 (v0x555590864190_0) S_0x555590863f20;
L_0x5555908d7ce0 .ufunc/vec4 TD_ICESTORM_RAM.pd, 1, o0x7fcc3a49c678 (v0x555590864190_0) S_0x555590863f20;
L_0x5555908d8060 .ufunc/vec4 TD_ICESTORM_RAM.pd, 1, o0x7fcc3a49c648 (v0x555590864190_0) S_0x555590863f20;
LS_0x5555908d8160_0_0 .concat [ 1 1 1 1], L_0x5555908d8060, L_0x5555908d7ce0, L_0x5555908d7be0, L_0x5555908d7870;
LS_0x5555908d8160_0_4 .concat [ 1 1 1 1], L_0x5555908d7770, L_0x5555908d7410, L_0x5555908d7310, L_0x5555908d6ff0;
LS_0x5555908d8160_0_8 .concat [ 1 1 1 1], L_0x5555908d6f50, L_0x5555908d6c70, L_0x5555908d6bd0, L_0x5555908d6900;
LS_0x5555908d8160_0_12 .concat [ 1 1 1 1], L_0x5555908d6860, L_0x5555908d65a0, L_0x5555908d6500, L_0x5555908d6250;
L_0x5555908d8160 .concat [ 4 4 4 4], LS_0x5555908d8160_0_0, LS_0x5555908d8160_0_4, LS_0x5555908d8160_0_8, LS_0x5555908d8160_0_12;
S_0x555590860890 .scope module, "RAM" "SB_RAM40_4K" 14 3233, 14 1487 0, S_0x5555908200b0;
 .timescale -12 -12;
    .port_info 0 /OUTPUT 16 "RDATA";
    .port_info 1 /INPUT 1 "RCLK";
    .port_info 2 /INPUT 1 "RCLKE";
    .port_info 3 /INPUT 1 "RE";
    .port_info 4 /INPUT 11 "RADDR";
    .port_info 5 /INPUT 1 "WCLK";
    .port_info 6 /INPUT 1 "WCLKE";
    .port_info 7 /INPUT 1 "WE";
    .port_info 8 /INPUT 11 "WADDR";
    .port_info 9 /INPUT 16 "MASK";
    .port_info 10 /INPUT 16 "WDATA";
P_0x555590860a40 .param/l "INIT_0" 0 14 1507, C4<0000000000000000000000000000000000000000000000000000000000000000000000000000000000000000000000000000000000000000000000000000000000000000000000000000000000000000000000000000000000000000000000000000000000000000000000000000000000000000000000000000000000000000>;
P_0x555590860a80 .param/l "INIT_1" 0 14 1508, C4<0000000000000000000000000000000000000000000000000000000000000000000000000000000000000000000000000000000000000000000000000000000000000000000000000000000000000000000000000000000000000000000000000000000000000000000000000000000000000000000000000000000000000000>;
P_0x555590860ac0 .param/l "INIT_2" 0 14 1509, C4<0000000000000000000000000000000000000000000000000000000000000000000000000000000000000000000000000000000000000000000000000000000000000000000000000000000000000000000000000000000000000000000000000000000000000000000000000000000000000000000000000000000000000000>;
P_0x555590860b00 .param/l "INIT_3" 0 14 1510, C4<0000000000000000000000000000000000000000000000000000000000000000000000000000000000000000000000000000000000000000000000000000000000000000000000000000000000000000000000000000000000000000000000000000000000000000000000000000000000000000000000000000000000000000>;
P_0x555590860b40 .param/l "INIT_4" 0 14 1511, C4<0000000000000000000000000000000000000000000000000000000000000000000000000000000000000000000000000000000000000000000000000000000000000000000000000000000000000000000000000000000000000000000000000000000000000000000000000000000000000000000000000000000000000000>;
P_0x555590860b80 .param/l "INIT_5" 0 14 1512, C4<0000000000000000000000000000000000000000000000000000000000000000000000000000000000000000000000000000000000000000000000000000000000000000000000000000000000000000000000000000000000000000000000000000000000000000000000000000000000000000000000000000000000000000>;
P_0x555590860bc0 .param/l "INIT_6" 0 14 1513, C4<0000000000000000000000000000000000000000000000000000000000000000000000000000000000000000000000000000000000000000000000000000000000000000000000000000000000000000000000000000000000000000000000000000000000000000000000000000000000000000000000000000000000000000>;
P_0x555590860c00 .param/l "INIT_7" 0 14 1514, C4<0000000000000000000000000000000000000000000000000000000000000000000000000000000000000000000000000000000000000000000000000000000000000000000000000000000000000000000000000000000000000000000000000000000000000000000000000000000000000000000000000000000000000000>;
P_0x555590860c40 .param/l "INIT_8" 0 14 1515, C4<0000000000000000000000000000000000000000000000000000000000000000000000000000000000000000000000000000000000000000000000000000000000000000000000000000000000000000000000000000000000000000000000000000000000000000000000000000000000000000000000000000000000000000>;
P_0x555590860c80 .param/l "INIT_9" 0 14 1516, C4<0000000000000000000000000000000000000000000000000000000000000000000000000000000000000000000000000000000000000000000000000000000000000000000000000000000000000000000000000000000000000000000000000000000000000000000000000000000000000000000000000000000000000000>;
P_0x555590860cc0 .param/l "INIT_A" 0 14 1517, C4<0000000000000000000000000000000000000000000000000000000000000000000000000000000000000000000000000000000000000000000000000000000000000000000000000000000000000000000000000000000000000000000000000000000000000000000000000000000000000000000000000000000000000000>;
P_0x555590860d00 .param/l "INIT_B" 0 14 1518, C4<0000000000000000000000000000000000000000000000000000000000000000000000000000000000000000000000000000000000000000000000000000000000000000000000000000000000000000000000000000000000000000000000000000000000000000000000000000000000000000000000000000000000000000>;
P_0x555590860d40 .param/l "INIT_C" 0 14 1519, C4<0000000000000000000000000000000000000000000000000000000000000000000000000000000000000000000000000000000000000000000000000000000000000000000000000000000000000000000000000000000000000000000000000000000000000000000000000000000000000000000000000000000000000000>;
P_0x555590860d80 .param/l "INIT_D" 0 14 1520, C4<0000000000000000000000000000000000000000000000000000000000000000000000000000000000000000000000000000000000000000000000000000000000000000000000000000000000000000000000000000000000000000000000000000000000000000000000000000000000000000000000000000000000000000>;
P_0x555590860dc0 .param/l "INIT_E" 0 14 1521, C4<0000000000000000000000000000000000000000000000000000000000000000000000000000000000000000000000000000000000000000000000000000000000000000000000000000000000000000000000000000000000000000000000000000000000000000000000000000000000000000000000000000000000000000>;
P_0x555590860e00 .param/l "INIT_F" 0 14 1522, C4<0000000000000000000000000000000000000000000000000000000000000000000000000000000000000000000000000000000000000000000000000000000000000000000000000000000000000000000000000000000000000000000000000000000000000000000000000000000000000000000000000000000000000000>;
P_0x555590860e40 .param/str "INIT_FILE" 0 14 1524, "\000";
P_0x555590860e80 .param/l "READ_MODE" 0 14 1505, +C4<00000000000000000000000000000000>;
P_0x555590860ec0 .param/l "WRITE_MODE" 0 14 1504, +C4<00000000000000000000000000000000>;
v0x555590862e10_0 .net "MASK", 15 0, L_0x5555908d5c60;  1 drivers
v0x555590862ed0_0 .net "RADDR", 10 0, L_0x5555908d2260;  1 drivers
v0x555590862fb0_0 .net "RCLK", 0 0, L_0x5555908d0b10;  1 drivers
v0x555590863080_0 .net "RCLKE", 0 0, L_0x5555908d10b0;  1 drivers
v0x555590863140_0 .net "RDATA", 15 0, v0x555590863270_0;  1 drivers
v0x555590863270_0 .var "RDATA_I", 15 0;
v0x555590863350_0 .net "RE", 0 0, L_0x5555908d11f0;  1 drivers
L_0x7fcc3a44d7b0 .functor BUFT 1, C4<0000000000000000>, C4<0>, C4<0>, C4<0>;
v0x555590863410_0 .net "RMASK_I", 15 0, L_0x7fcc3a44d7b0;  1 drivers
v0x5555908634f0_0 .net "WADDR", 10 0, L_0x5555908d3ba0;  1 drivers
v0x5555908635d0_0 .net "WCLK", 0 0, L_0x5555908d28c0;  1 drivers
v0x555590863690_0 .net "WCLKE", 0 0, L_0x5555908d29d0;  1 drivers
v0x555590863750_0 .net "WDATA", 15 0, L_0x5555908d8160;  1 drivers
v0x555590863830_0 .net "WDATA_I", 15 0, L_0x5555908d0030;  1 drivers
v0x555590863910_0 .net "WE", 0 0, L_0x5555908d2a70;  1 drivers
v0x5555908639d0_0 .net "WMASK_I", 15 0, L_0x5555908cffc0;  1 drivers
v0x555590863ab0_0 .var/i "i", 31 0;
v0x555590863b90 .array "memory", 255 0, 15 0;
E_0x555590862540 .event posedge, v0x555590862fb0_0;
E_0x5555908625c0 .event posedge, v0x5555908635d0_0;
S_0x555590862620 .scope generate, "genblk1" "genblk1" 14 1534, 14 1534 0, S_0x555590860890;
 .timescale -12 -12;
L_0x5555908cffc0 .functor BUFZ 16, L_0x5555908d5c60, C4<0000000000000000>, C4<0000000000000000>, C4<0000000000000000>;
S_0x555590862820 .scope generate, "genblk2" "genblk2" 14 1555, 14 1555 0, S_0x555590860890;
 .timescale -12 -12;
S_0x555590862a20 .scope generate, "genblk3" "genblk3" 14 1576, 14 1576 0, S_0x555590860890;
 .timescale -12 -12;
L_0x5555908d0030 .functor BUFZ 16, L_0x5555908d8160, C4<0000000000000000>, C4<0000000000000000>, C4<0000000000000000>;
S_0x555590862c30 .scope generate, "genblk4" "genblk4" 14 1595, 14 1595 0, S_0x555590860890;
 .timescale -12 -12;
S_0x555590863f20 .scope function.vec4.s1, "pd" "pd" 14 3200, 14 3200 0, S_0x5555908200b0;
 .timescale -12 -12;
; Variable pd is vec4 return value of scope S_0x555590863f20
v0x555590864190_0 .var "x", 0 0;
TD_ICESTORM_RAM.pd ;
    %load/vec4 v0x555590864190_0;
    %cmpi/e 0, 1, 1;
    %flag_mov 8, 6;
    %jmp/0 T_1.2, 8;
    %pushi/vec4 0, 0, 1;
    %jmp/1 T_1.3, 8;
T_1.2 ; End of true expr.
    %load/vec4 v0x555590864190_0;
    %jmp/0 T_1.3, 8;
 ; End of false expr.
    %blend;
T_1.3;
    %ret/vec4 0, 0, 1;  Assign to pd (store_vec4_to_lval)
    %end;
S_0x555590864250 .scope function.vec4.s1, "pu" "pu" 14 3207, 14 3207 0, S_0x5555908200b0;
 .timescale -12 -12;
; Variable pu is vec4 return value of scope S_0x555590864250
v0x5555908644f0_0 .var "x", 0 0;
TD_ICESTORM_RAM.pu ;
    %load/vec4 v0x5555908644f0_0;
    %cmpi/e 0, 1, 1;
    %flag_mov 8, 6;
    %jmp/0 T_2.4, 8;
    %pushi/vec4 1, 0, 1;
    %jmp/1 T_2.5, 8;
T_2.4 ; End of true expr.
    %load/vec4 v0x5555908644f0_0;
    %jmp/0 T_2.5, 8;
 ; End of false expr.
    %blend;
T_2.5;
    %ret/vec4 0, 0, 1;  Assign to pu (store_vec4_to_lval)
    %end;
S_0x55559081aa60 .scope module, "Inc16" "Inc16" 15 7;
 .timescale -12 -12;
    .port_info 0 /INPUT 16 "in";
    .port_info 1 /OUTPUT 16 "out";
L_0x7fcc3a44d888 .functor BUFT 1, C4<1>, C4<0>, C4<0>, C4<0>;
L_0x5555908d8a80 .functor AND 1, L_0x5555908d89e0, L_0x7fcc3a44d888, C4<1>, C4<1>;
L_0x5555908d8c80 .functor AND 1, L_0x5555908d8b90, L_0x5555908d8a80, C4<1>, C4<1>;
L_0x5555908d8e30 .functor AND 1, L_0x5555908d8d90, L_0x5555908d8c80, C4<1>, C4<1>;
L_0x5555908d8fe0 .functor AND 1, L_0x5555908d8f40, L_0x5555908d8e30, C4<1>, C4<1>;
L_0x5555908d9140 .functor AND 1, L_0x5555908d90a0, L_0x5555908d8fe0, C4<1>, C4<1>;
L_0x5555908d92f0 .functor AND 1, L_0x5555908d9250, L_0x5555908d9140, C4<1>, C4<1>;
L_0x5555908d94e0 .functor AND 1, L_0x5555908d9440, L_0x5555908d92f0, C4<1>, C4<1>;
L_0x5555908d96e0 .functor AND 1, L_0x5555908d95f0, L_0x5555908d94e0, C4<1>, C4<1>;
L_0x5555908d98e0 .functor AND 1, L_0x5555908d9840, L_0x5555908d96e0, C4<1>, C4<1>;
L_0x5555908d9af0 .functor AND 1, L_0x5555908d99f0, L_0x5555908d98e0, C4<1>, C4<1>;
L_0x5555908d9cb0 .functor AND 1, L_0x5555908d9c10, L_0x5555908d9af0, C4<1>, C4<1>;
L_0x5555908d9e80 .functor AND 1, L_0x5555908d9d70, L_0x5555908d9cb0, C4<1>, C4<1>;
L_0x5555908da0a0 .functor AND 1, L_0x5555908da000, L_0x5555908d9e80, C4<1>, C4<1>;
L_0x5555908d9e10 .functor AND 1, L_0x5555908da1b0, L_0x5555908da0a0, C4<1>, C4<1>;
L_0x5555908d9f90 .functor AND 1, L_0x5555908da370, L_0x5555908d9e10, C4<1>, C4<1>;
L_0x5555908da5e0 .functor AND 1, L_0x5555908da4b0, L_0x5555908d9f90, C4<1>, C4<1>;
L_0x7fcc3a44d8d0 .functor BUFT 1, C4<1>, C4<0>, C4<0>, C4<0>;
L_0x5555908da820 .functor XOR 1, L_0x5555908da780, L_0x7fcc3a44d8d0, C4<0>, C4<0>;
L_0x5555908daa70 .functor XOR 1, L_0x5555908da930, L_0x5555908d8a80, C4<0>, C4<0>;
L_0x5555908dac70 .functor XOR 1, L_0x5555908dabd0, L_0x5555908d8c80, C4<0>, C4<0>;
L_0x5555908dae80 .functor XOR 1, L_0x5555908dad30, L_0x5555908d8e30, C4<0>, C4<0>;
L_0x5555908daff0 .functor XOR 1, L_0x5555908dab30, L_0x5555908d8fe0, C4<0>, C4<0>;
L_0x5555908db170 .functor XOR 1, L_0x5555908da9d0, L_0x5555908d9140, C4<0>, C4<0>;
L_0x5555908db2f0 .functor XOR 1, L_0x5555908daf40, L_0x5555908d92f0, C4<0>, C4<0>;
L_0x5555908db520 .functor XOR 1, L_0x5555908db3b0, L_0x5555908d94e0, C4<0>, C4<0>;
L_0x5555908db750 .functor XOR 1, L_0x5555908db6b0, L_0x5555908d96e0, C4<0>, C4<0>;
L_0x5555908db990 .functor XOR 1, L_0x5555908db810, L_0x5555908d98e0, C4<0>, C4<0>;
L_0x5555908dbbd0 .functor XOR 1, L_0x5555908dbb30, L_0x5555908d9af0, C4<0>, C4<0>;
L_0x5555908dbe20 .functor XOR 1, L_0x5555908dbc90, L_0x5555908d9cb0, C4<0>, C4<0>;
L_0x5555908dc070 .functor XOR 1, L_0x5555908dbfd0, L_0x5555908d9e80, C4<0>, C4<0>;
L_0x5555908dc2d0 .functor XOR 1, L_0x5555908dc130, L_0x5555908da0a0, C4<0>, C4<0>;
L_0x5555908dc530 .functor XOR 1, L_0x5555908dc490, L_0x5555908d9e10, C4<0>, C4<0>;
L_0x5555908da2f0 .functor XOR 1, L_0x5555908dcc50, L_0x5555908d9f90, C4<0>, C4<0>;
v0x55559086c910_0 .net *"_ivl_1", 0 0, L_0x5555908d89e0;  1 drivers
v0x55559086ca10_0 .net *"_ivl_101", 0 0, L_0x5555908da9d0;  1 drivers
v0x55559086caf0_0 .net *"_ivl_102", 0 0, L_0x5555908db170;  1 drivers
v0x55559086cbb0_0 .net *"_ivl_107", 0 0, L_0x5555908daf40;  1 drivers
v0x55559086cc90_0 .net *"_ivl_108", 0 0, L_0x5555908db2f0;  1 drivers
v0x55559086cd70_0 .net *"_ivl_11", 0 0, L_0x5555908d8d90;  1 drivers
v0x55559086ce50_0 .net *"_ivl_113", 0 0, L_0x5555908db3b0;  1 drivers
v0x55559086cf30_0 .net *"_ivl_114", 0 0, L_0x5555908db520;  1 drivers
v0x55559086d010_0 .net *"_ivl_119", 0 0, L_0x5555908db6b0;  1 drivers
v0x55559086d0f0_0 .net *"_ivl_120", 0 0, L_0x5555908db750;  1 drivers
v0x55559086d1d0_0 .net *"_ivl_125", 0 0, L_0x5555908db810;  1 drivers
v0x55559086d2b0_0 .net *"_ivl_126", 0 0, L_0x5555908db990;  1 drivers
v0x55559086d390_0 .net *"_ivl_131", 0 0, L_0x5555908dbb30;  1 drivers
v0x55559086d470_0 .net *"_ivl_132", 0 0, L_0x5555908dbbd0;  1 drivers
v0x55559086d550_0 .net *"_ivl_137", 0 0, L_0x5555908dbc90;  1 drivers
v0x55559086d630_0 .net *"_ivl_138", 0 0, L_0x5555908dbe20;  1 drivers
v0x55559086d710_0 .net *"_ivl_143", 0 0, L_0x5555908dbfd0;  1 drivers
v0x55559086d7f0_0 .net *"_ivl_144", 0 0, L_0x5555908dc070;  1 drivers
v0x55559086d8d0_0 .net *"_ivl_149", 0 0, L_0x5555908dc130;  1 drivers
v0x55559086d9b0_0 .net *"_ivl_15", 0 0, L_0x5555908d8f40;  1 drivers
v0x55559086da90_0 .net *"_ivl_150", 0 0, L_0x5555908dc2d0;  1 drivers
v0x55559086db70_0 .net *"_ivl_155", 0 0, L_0x5555908dc490;  1 drivers
v0x55559086dc50_0 .net *"_ivl_156", 0 0, L_0x5555908dc530;  1 drivers
v0x55559086dd30_0 .net *"_ivl_162", 0 0, L_0x5555908dcc50;  1 drivers
v0x55559086de10_0 .net *"_ivl_163", 0 0, L_0x5555908da2f0;  1 drivers
v0x55559086def0_0 .net *"_ivl_19", 0 0, L_0x5555908d90a0;  1 drivers
v0x55559086dfd0_0 .net/2u *"_ivl_2", 0 0, L_0x7fcc3a44d888;  1 drivers
v0x55559086e0b0_0 .net *"_ivl_23", 0 0, L_0x5555908d9250;  1 drivers
v0x55559086e190_0 .net *"_ivl_27", 0 0, L_0x5555908d9440;  1 drivers
v0x55559086e270_0 .net *"_ivl_31", 0 0, L_0x5555908d95f0;  1 drivers
v0x55559086e350_0 .net *"_ivl_35", 0 0, L_0x5555908d9840;  1 drivers
v0x55559086e430_0 .net *"_ivl_39", 0 0, L_0x5555908d99f0;  1 drivers
v0x55559086e510_0 .net *"_ivl_43", 0 0, L_0x5555908d9c10;  1 drivers
v0x55559086e5f0_0 .net *"_ivl_47", 0 0, L_0x5555908d9d70;  1 drivers
v0x55559086e6d0_0 .net *"_ivl_51", 0 0, L_0x5555908da000;  1 drivers
v0x55559086e7b0_0 .net *"_ivl_55", 0 0, L_0x5555908da1b0;  1 drivers
v0x55559086e890_0 .net *"_ivl_59", 0 0, L_0x5555908da370;  1 drivers
v0x55559086e970_0 .net *"_ivl_63", 0 0, L_0x5555908da4b0;  1 drivers
v0x55559086ea50_0 .net *"_ivl_69", 0 0, L_0x5555908da780;  1 drivers
v0x55559086eb30_0 .net *"_ivl_7", 0 0, L_0x5555908d8b90;  1 drivers
v0x55559086ec10_0 .net/2u *"_ivl_70", 0 0, L_0x7fcc3a44d8d0;  1 drivers
v0x55559086ecf0_0 .net *"_ivl_72", 0 0, L_0x5555908da820;  1 drivers
v0x55559086edd0_0 .net *"_ivl_77", 0 0, L_0x5555908da930;  1 drivers
v0x55559086eeb0_0 .net *"_ivl_78", 0 0, L_0x5555908daa70;  1 drivers
v0x55559086ef90_0 .net *"_ivl_83", 0 0, L_0x5555908dabd0;  1 drivers
v0x55559086f070_0 .net *"_ivl_84", 0 0, L_0x5555908dac70;  1 drivers
v0x55559086f150_0 .net *"_ivl_89", 0 0, L_0x5555908dad30;  1 drivers
v0x55559086f230_0 .net *"_ivl_90", 0 0, L_0x5555908dae80;  1 drivers
v0x55559086f310_0 .net *"_ivl_95", 0 0, L_0x5555908dab30;  1 drivers
v0x55559086f3f0_0 .net *"_ivl_96", 0 0, L_0x5555908daff0;  1 drivers
v0x55559086f4d0_0 .net "carry0", 0 0, L_0x5555908d8a80;  1 drivers
v0x55559086f590_0 .net "carry1", 0 0, L_0x5555908d8c80;  1 drivers
v0x55559086f650_0 .net "carry10", 0 0, L_0x5555908d9cb0;  1 drivers
v0x55559086f710_0 .net "carry11", 0 0, L_0x5555908d9e80;  1 drivers
v0x55559086f7d0_0 .net "carry12", 0 0, L_0x5555908da0a0;  1 drivers
v0x55559086f890_0 .net "carry13", 0 0, L_0x5555908d9e10;  1 drivers
v0x55559086f950_0 .net "carry14", 0 0, L_0x5555908d9f90;  1 drivers
v0x55559086fa10_0 .net "carry15", 0 0, L_0x5555908da5e0;  1 drivers
v0x55559086fad0_0 .net "carry2", 0 0, L_0x5555908d8e30;  1 drivers
v0x55559086fb90_0 .net "carry3", 0 0, L_0x5555908d8fe0;  1 drivers
v0x55559086fc50_0 .net "carry4", 0 0, L_0x5555908d9140;  1 drivers
v0x55559086fd10_0 .net "carry5", 0 0, L_0x5555908d92f0;  1 drivers
v0x55559086fdd0_0 .net "carry6", 0 0, L_0x5555908d94e0;  1 drivers
v0x55559086fe90_0 .net "carry7", 0 0, L_0x5555908d96e0;  1 drivers
v0x55559086ff50_0 .net "carry8", 0 0, L_0x5555908d98e0;  1 drivers
v0x555590870010_0 .net "carry9", 0 0, L_0x5555908d9af0;  1 drivers
o0x7fcc3a49eef8 .functor BUFZ 16, c4<zzzzzzzzzzzzzzzz>; HiZ drive
v0x5555908700d0_0 .net "in", 15 0, o0x7fcc3a49eef8;  0 drivers
v0x5555908701b0_0 .net "out", 15 0, L_0x5555908dc5f0;  1 drivers
L_0x5555908d89e0 .part o0x7fcc3a49eef8, 0, 1;
L_0x5555908d8b90 .part o0x7fcc3a49eef8, 1, 1;
L_0x5555908d8d90 .part o0x7fcc3a49eef8, 2, 1;
L_0x5555908d8f40 .part o0x7fcc3a49eef8, 3, 1;
L_0x5555908d90a0 .part o0x7fcc3a49eef8, 4, 1;
L_0x5555908d9250 .part o0x7fcc3a49eef8, 5, 1;
L_0x5555908d9440 .part o0x7fcc3a49eef8, 6, 1;
L_0x5555908d95f0 .part o0x7fcc3a49eef8, 7, 1;
L_0x5555908d9840 .part o0x7fcc3a49eef8, 8, 1;
L_0x5555908d99f0 .part o0x7fcc3a49eef8, 9, 1;
L_0x5555908d9c10 .part o0x7fcc3a49eef8, 10, 1;
L_0x5555908d9d70 .part o0x7fcc3a49eef8, 11, 1;
L_0x5555908da000 .part o0x7fcc3a49eef8, 12, 1;
L_0x5555908da1b0 .part o0x7fcc3a49eef8, 13, 1;
L_0x5555908da370 .part o0x7fcc3a49eef8, 14, 1;
L_0x5555908da4b0 .part o0x7fcc3a49eef8, 15, 1;
L_0x5555908da780 .part o0x7fcc3a49eef8, 0, 1;
L_0x5555908da930 .part o0x7fcc3a49eef8, 1, 1;
L_0x5555908dabd0 .part o0x7fcc3a49eef8, 2, 1;
L_0x5555908dad30 .part o0x7fcc3a49eef8, 3, 1;
L_0x5555908dab30 .part o0x7fcc3a49eef8, 4, 1;
L_0x5555908da9d0 .part o0x7fcc3a49eef8, 5, 1;
L_0x5555908daf40 .part o0x7fcc3a49eef8, 6, 1;
L_0x5555908db3b0 .part o0x7fcc3a49eef8, 7, 1;
L_0x5555908db6b0 .part o0x7fcc3a49eef8, 8, 1;
L_0x5555908db810 .part o0x7fcc3a49eef8, 9, 1;
L_0x5555908dbb30 .part o0x7fcc3a49eef8, 10, 1;
L_0x5555908dbc90 .part o0x7fcc3a49eef8, 11, 1;
L_0x5555908dbfd0 .part o0x7fcc3a49eef8, 12, 1;
L_0x5555908dc130 .part o0x7fcc3a49eef8, 13, 1;
L_0x5555908dc490 .part o0x7fcc3a49eef8, 14, 1;
LS_0x5555908dc5f0_0_0 .concat8 [ 1 1 1 1], L_0x5555908da820, L_0x5555908daa70, L_0x5555908dac70, L_0x5555908dae80;
LS_0x5555908dc5f0_0_4 .concat8 [ 1 1 1 1], L_0x5555908daff0, L_0x5555908db170, L_0x5555908db2f0, L_0x5555908db520;
LS_0x5555908dc5f0_0_8 .concat8 [ 1 1 1 1], L_0x5555908db750, L_0x5555908db990, L_0x5555908dbbd0, L_0x5555908dbe20;
LS_0x5555908dc5f0_0_12 .concat8 [ 1 1 1 1], L_0x5555908dc070, L_0x5555908dc2d0, L_0x5555908dc530, L_0x5555908da2f0;
L_0x5555908dc5f0 .concat8 [ 4 4 4 4], LS_0x5555908dc5f0_0_0, LS_0x5555908dc5f0_0_4, LS_0x5555908dc5f0_0_8, LS_0x5555908dc5f0_0_12;
L_0x5555908dcc50 .part o0x7fcc3a49eef8, 15, 1;
S_0x555590802a60 .scope module, "Mux" "Mux" 16 8;
 .timescale -12 -12;
    .port_info 0 /INPUT 1 "a";
    .port_info 1 /INPUT 1 "b";
    .port_info 2 /INPUT 1 "sel";
    .port_info 3 /OUTPUT 1 "out";
o0x7fcc3a49efb8 .functor BUFZ 1, c4<z>; HiZ drive
v0x5555908702f0_0 .net "a", 0 0, o0x7fcc3a49efb8;  0 drivers
o0x7fcc3a49efe8 .functor BUFZ 1, c4<z>; HiZ drive
v0x5555908703b0_0 .net "b", 0 0, o0x7fcc3a49efe8;  0 drivers
v0x555590870470_0 .net "out", 0 0, L_0x5555908dd210;  1 drivers
o0x7fcc3a49f048 .functor BUFZ 1, c4<z>; HiZ drive
v0x555590870510_0 .net "sel", 0 0, o0x7fcc3a49f048;  0 drivers
L_0x5555908dd210 .functor MUXZ 1, o0x7fcc3a49efb8, o0x7fcc3a49efe8, o0x7fcc3a49f048, C4<>;
S_0x555590802670 .scope module, "Mux8Way16" "Mux8Way16" 17 8;
 .timescale -12 -12;
    .port_info 0 /INPUT 16 "a";
    .port_info 1 /INPUT 16 "b";
    .port_info 2 /INPUT 16 "c";
    .port_info 3 /INPUT 16 "d";
    .port_info 4 /INPUT 16 "e";
    .port_info 5 /INPUT 16 "f";
    .port_info 6 /INPUT 16 "g";
    .port_info 7 /INPUT 16 "h";
    .port_info 8 /INPUT 3 "sel";
    .port_info 9 /OUTPUT 16 "out";
o0x7fcc3a49f228 .functor BUFZ 16, c4<zzzzzzzzzzzzzzzz>; HiZ drive
v0x555590872860_0 .net "a", 15 0, o0x7fcc3a49f228;  0 drivers
o0x7fcc3a49f258 .functor BUFZ 16, c4<zzzzzzzzzzzzzzzz>; HiZ drive
v0x555590872940_0 .net "b", 15 0, o0x7fcc3a49f258;  0 drivers
o0x7fcc3a49f288 .functor BUFZ 16, c4<zzzzzzzzzzzzzzzz>; HiZ drive
v0x555590872a10_0 .net "c", 15 0, o0x7fcc3a49f288;  0 drivers
o0x7fcc3a49f2b8 .functor BUFZ 16, c4<zzzzzzzzzzzzzzzz>; HiZ drive
v0x555590872b10_0 .net "d", 15 0, o0x7fcc3a49f2b8;  0 drivers
o0x7fcc3a49f558 .functor BUFZ 16, c4<zzzzzzzzzzzzzzzz>; HiZ drive
v0x555590872be0_0 .net "e", 15 0, o0x7fcc3a49f558;  0 drivers
o0x7fcc3a49f588 .functor BUFZ 16, c4<zzzzzzzzzzzzzzzz>; HiZ drive
v0x555590872cd0_0 .net "f", 15 0, o0x7fcc3a49f588;  0 drivers
o0x7fcc3a49f5b8 .functor BUFZ 16, c4<zzzzzzzzzzzzzzzz>; HiZ drive
v0x555590872da0_0 .net "g", 15 0, o0x7fcc3a49f5b8;  0 drivers
o0x7fcc3a49f5e8 .functor BUFZ 16, c4<zzzzzzzzzzzzzzzz>; HiZ drive
v0x555590872e70_0 .net "h", 15 0, o0x7fcc3a49f5e8;  0 drivers
v0x555590872f40_0 .net "lower4", 15 0, L_0x5555908ddee0;  1 drivers
v0x555590873070_0 .net "out", 15 0, L_0x5555908de110;  1 drivers
o0x7fcc3a49f8b8 .functor BUFZ 3, c4<zzz>; HiZ drive
v0x555590873110_0 .net "sel", 2 0, o0x7fcc3a49f8b8;  0 drivers
v0x5555908731d0_0 .net "upper4", 15 0, L_0x5555908dd7b0;  1 drivers
L_0x5555908dd940 .part o0x7fcc3a49f8b8, 1, 2;
L_0x5555908de070 .part o0x7fcc3a49f8b8, 1, 2;
L_0x5555908de320 .part o0x7fcc3a49f8b8, 0, 1;
S_0x555590870680 .scope module, "m1" "Mux4Way16" 17 32, 18 12 0, S_0x555590802670;
 .timescale -12 -12;
    .port_info 0 /INPUT 16 "a";
    .port_info 1 /INPUT 16 "b";
    .port_info 2 /INPUT 16 "c";
    .port_info 3 /INPUT 16 "d";
    .port_info 4 /INPUT 2 "sel";
    .port_info 5 /OUTPUT 16 "out";
v0x555590870940_0 .net *"_ivl_1", 0 0, L_0x5555908dd2b0;  1 drivers
v0x555590870a40_0 .net *"_ivl_3", 0 0, L_0x5555908dd350;  1 drivers
v0x555590870b20_0 .net *"_ivl_4", 15 0, L_0x5555908dd3f0;  1 drivers
v0x555590870be0_0 .net *"_ivl_7", 0 0, L_0x5555908dd580;  1 drivers
v0x555590870cc0_0 .net *"_ivl_8", 15 0, L_0x5555908dd620;  1 drivers
v0x555590870df0_0 .net "a", 15 0, o0x7fcc3a49f228;  alias, 0 drivers
v0x555590870ed0_0 .net "b", 15 0, o0x7fcc3a49f258;  alias, 0 drivers
v0x555590870fb0_0 .net "c", 15 0, o0x7fcc3a49f288;  alias, 0 drivers
v0x555590871090_0 .net "d", 15 0, o0x7fcc3a49f2b8;  alias, 0 drivers
v0x555590871170_0 .net "out", 15 0, L_0x5555908dd7b0;  alias, 1 drivers
v0x555590871250_0 .net "sel", 1 0, L_0x5555908dd940;  1 drivers
L_0x5555908dd2b0 .part L_0x5555908dd940, 1, 1;
L_0x5555908dd350 .part L_0x5555908dd940, 0, 1;
L_0x5555908dd3f0 .functor MUXZ 16, o0x7fcc3a49f228, o0x7fcc3a49f258, L_0x5555908dd350, C4<>;
L_0x5555908dd580 .part L_0x5555908dd940, 0, 1;
L_0x5555908dd620 .functor MUXZ 16, o0x7fcc3a49f288, o0x7fcc3a49f2b8, L_0x5555908dd580, C4<>;
L_0x5555908dd7b0 .functor MUXZ 16, L_0x5555908dd620, L_0x5555908dd3f0, L_0x5555908dd2b0, C4<>;
S_0x555590871430 .scope module, "m2" "Mux4Way16" 17 33, 18 12 0, S_0x555590802670;
 .timescale -12 -12;
    .port_info 0 /INPUT 16 "a";
    .port_info 1 /INPUT 16 "b";
    .port_info 2 /INPUT 16 "c";
    .port_info 3 /INPUT 16 "d";
    .port_info 4 /INPUT 2 "sel";
    .port_info 5 /OUTPUT 16 "out";
v0x5555908716b0_0 .net *"_ivl_1", 0 0, L_0x5555908dd9e0;  1 drivers
v0x555590871790_0 .net *"_ivl_3", 0 0, L_0x5555908dda80;  1 drivers
v0x555590871870_0 .net *"_ivl_4", 15 0, L_0x5555908ddb20;  1 drivers
v0x555590871930_0 .net *"_ivl_7", 0 0, L_0x5555908ddcb0;  1 drivers
v0x555590871a10_0 .net *"_ivl_8", 15 0, L_0x5555908ddd50;  1 drivers
v0x555590871b40_0 .net "a", 15 0, o0x7fcc3a49f558;  alias, 0 drivers
v0x555590871c20_0 .net "b", 15 0, o0x7fcc3a49f588;  alias, 0 drivers
v0x555590871d00_0 .net "c", 15 0, o0x7fcc3a49f5b8;  alias, 0 drivers
v0x555590871de0_0 .net "d", 15 0, o0x7fcc3a49f5e8;  alias, 0 drivers
v0x555590871f50_0 .net "out", 15 0, L_0x5555908ddee0;  alias, 1 drivers
v0x555590872030_0 .net "sel", 1 0, L_0x5555908de070;  1 drivers
L_0x5555908dd9e0 .part L_0x5555908de070, 1, 1;
L_0x5555908dda80 .part L_0x5555908de070, 0, 1;
L_0x5555908ddb20 .functor MUXZ 16, o0x7fcc3a49f558, o0x7fcc3a49f588, L_0x5555908dda80, C4<>;
L_0x5555908ddcb0 .part L_0x5555908de070, 0, 1;
L_0x5555908ddd50 .functor MUXZ 16, o0x7fcc3a49f5b8, o0x7fcc3a49f5e8, L_0x5555908ddcb0, C4<>;
L_0x5555908ddee0 .functor MUXZ 16, L_0x5555908ddd50, L_0x5555908ddb20, L_0x5555908dd9e0, C4<>;
S_0x555590872210 .scope module, "m3" "Mux16" 17 35, 19 8 0, S_0x555590802670;
 .timescale -12 -12;
    .port_info 0 /INPUT 16 "a";
    .port_info 1 /INPUT 16 "b";
    .port_info 2 /INPUT 1 "sel";
    .port_info 3 /OUTPUT 16 "out";
v0x555590872460_0 .net "a", 15 0, L_0x5555908dd7b0;  alias, 1 drivers
v0x555590872550_0 .net "b", 15 0, L_0x5555908ddee0;  alias, 1 drivers
v0x555590872620_0 .net "out", 15 0, L_0x5555908de110;  alias, 1 drivers
v0x5555908726f0_0 .net "sel", 0 0, L_0x5555908de320;  1 drivers
L_0x5555908de110 .functor MUXZ 16, L_0x5555908dd7b0, L_0x5555908ddee0, L_0x5555908de320, C4<>;
S_0x5555907ff770 .scope module, "Nand" "Nand" 20 8;
 .timescale -12 -12;
    .port_info 0 /INPUT 1 "a";
    .port_info 1 /INPUT 1 "b";
    .port_info 2 /OUTPUT 1 "out";
o0x7fcc3a49fac8 .functor BUFZ 1, c4<z>; HiZ drive
o0x7fcc3a49faf8 .functor BUFZ 1, c4<z>; HiZ drive
L_0x5555908de3c0 .functor NAND 1, o0x7fcc3a49fac8, o0x7fcc3a49faf8, C4<1>, C4<1>;
v0x555590873420_0 .net "a", 0 0, o0x7fcc3a49fac8;  0 drivers
v0x555590873500_0 .net "b", 0 0, o0x7fcc3a49faf8;  0 drivers
v0x5555908735c0_0 .net "out", 0 0, L_0x5555908de3c0;  1 drivers
S_0x5555907ff380 .scope module, "Not" "Not" 21 7;
 .timescale -12 -12;
    .port_info 0 /INPUT 1 "in";
    .port_info 1 /OUTPUT 1 "out";
o0x7fcc3a49fbe8 .functor BUFZ 1, c4<z>; HiZ drive
L_0x5555908de430 .functor NOT 1, o0x7fcc3a49fbe8, C4<0>, C4<0>, C4<0>;
v0x5555908736e0_0 .net "in", 0 0, o0x7fcc3a49fbe8;  0 drivers
v0x5555908737a0_0 .net "out", 0 0, L_0x5555908de430;  1 drivers
S_0x5555907f95e0 .scope module, "Not16" "Not16" 22 7;
 .timescale -12 -12;
    .port_info 0 /INPUT 16 "in";
    .port_info 1 /OUTPUT 16 "out";
o0x7fcc3a49fca8 .functor BUFZ 16, c4<zzzzzzzzzzzzzzzz>; HiZ drive
L_0x5555908de4a0 .functor NOT 16, o0x7fcc3a49fca8, C4<0000000000000000>, C4<0000000000000000>, C4<0000000000000000>;
v0x5555908738c0_0 .net "in", 15 0, o0x7fcc3a49fca8;  0 drivers
v0x5555908739a0_0 .net "out", 15 0, L_0x5555908de4a0;  1 drivers
S_0x5555907fc310 .scope module, "Or" "Or" 23 8;
 .timescale -12 -12;
    .port_info 0 /INPUT 1 "a";
    .port_info 1 /INPUT 1 "b";
    .port_info 2 /OUTPUT 1 "out";
o0x7fcc3a49fd68 .functor BUFZ 1, c4<z>; HiZ drive
o0x7fcc3a49fd98 .functor BUFZ 1, c4<z>; HiZ drive
L_0x5555908de510 .functor OR 1, o0x7fcc3a49fd68, o0x7fcc3a49fd98, C4<0>, C4<0>;
v0x555590873ae0_0 .net "a", 0 0, o0x7fcc3a49fd68;  0 drivers
v0x555590873ba0_0 .net "b", 0 0, o0x7fcc3a49fd98;  0 drivers
v0x555590873c60_0 .net "out", 0 0, L_0x5555908de510;  1 drivers
S_0x5555907fbf20 .scope module, "Or16" "Or16" 24 7;
 .timescale -12 -12;
    .port_info 0 /INPUT 16 "a";
    .port_info 1 /INPUT 16 "b";
    .port_info 2 /OUTPUT 16 "out";
L_0x5555908de6c0 .functor OR 1, L_0x5555908de580, L_0x5555908de620, C4<0>, C4<0>;
L_0x5555908de960 .functor OR 1, L_0x5555908de780, L_0x5555908de870, C4<0>, C4<0>;
L_0x5555908debb0 .functor OR 1, L_0x5555908dea70, L_0x5555908deb10, C4<0>, C4<0>;
L_0x5555908def70 .functor OR 1, L_0x5555908decc0, L_0x5555908dedf0, C4<0>, C4<0>;
L_0x5555908df180 .functor OR 1, L_0x5555908defe0, L_0x5555908df080, C4<0>, C4<0>;
L_0x5555908df3f0 .functor OR 1, L_0x5555908df240, L_0x5555908df2e0, C4<0>, C4<0>;
L_0x5555908df380 .functor OR 1, L_0x5555908df500, L_0x5555908df5a0, C4<0>, C4<0>;
L_0x5555908df930 .functor OR 1, L_0x5555908df760, L_0x5555908df800, C4<0>, C4<0>;
L_0x5555908dfc70 .functor OR 1, L_0x5555908dfa90, L_0x5555908dfb30, C4<0>, C4<0>;
L_0x5555908dff70 .functor OR 1, L_0x5555908dfd80, L_0x5555908dfe20, C4<0>, C4<0>;
L_0x5555908dfec0 .functor OR 1, L_0x5555908dfbd0, L_0x5555908e0080, C4<0>, C4<0>;
L_0x5555908e0440 .functor OR 1, L_0x5555908e0230, L_0x5555908e02d0, C4<0>, C4<0>;
L_0x5555908e07e0 .functor OR 1, L_0x5555908e05c0, L_0x5555908e0660, C4<0>, C4<0>;
L_0x5555908e0700 .functor OR 1, L_0x5555908e08f0, L_0x5555908e0990, C4<0>, C4<0>;
L_0x5555908e0550 .functor OR 1, L_0x5555908e0bc0, L_0x5555908e0c60, C4<0>, C4<0>;
L_0x5555908e1640 .functor OR 1, L_0x5555908e13f0, L_0x5555908e15a0, C4<0>, C4<0>;
v0x555590873db0_0 .net *"_ivl_101", 0 0, L_0x5555908e0660;  1 drivers
v0x555590873e90_0 .net *"_ivl_102", 0 0, L_0x5555908e07e0;  1 drivers
v0x555590873f70_0 .net *"_ivl_107", 0 0, L_0x5555908e08f0;  1 drivers
v0x555590874060_0 .net *"_ivl_109", 0 0, L_0x5555908e0990;  1 drivers
v0x555590874140_0 .net *"_ivl_11", 0 0, L_0x5555908de780;  1 drivers
v0x555590874270_0 .net *"_ivl_110", 0 0, L_0x5555908e0700;  1 drivers
v0x555590874350_0 .net *"_ivl_115", 0 0, L_0x5555908e0bc0;  1 drivers
v0x555590874430_0 .net *"_ivl_117", 0 0, L_0x5555908e0c60;  1 drivers
v0x555590874510_0 .net *"_ivl_118", 0 0, L_0x5555908e0550;  1 drivers
v0x555590874680_0 .net *"_ivl_124", 0 0, L_0x5555908e13f0;  1 drivers
v0x555590874760_0 .net *"_ivl_126", 0 0, L_0x5555908e15a0;  1 drivers
v0x555590874840_0 .net *"_ivl_127", 0 0, L_0x5555908e1640;  1 drivers
v0x555590874920_0 .net *"_ivl_13", 0 0, L_0x5555908de870;  1 drivers
v0x555590874a00_0 .net *"_ivl_14", 0 0, L_0x5555908de960;  1 drivers
v0x555590874ae0_0 .net *"_ivl_19", 0 0, L_0x5555908dea70;  1 drivers
v0x555590874bc0_0 .net *"_ivl_21", 0 0, L_0x5555908deb10;  1 drivers
v0x555590874ca0_0 .net *"_ivl_22", 0 0, L_0x5555908debb0;  1 drivers
v0x555590874d80_0 .net *"_ivl_27", 0 0, L_0x5555908decc0;  1 drivers
v0x555590874e60_0 .net *"_ivl_29", 0 0, L_0x5555908dedf0;  1 drivers
v0x555590874f40_0 .net *"_ivl_3", 0 0, L_0x5555908de580;  1 drivers
v0x555590875020_0 .net *"_ivl_30", 0 0, L_0x5555908def70;  1 drivers
v0x555590875100_0 .net *"_ivl_35", 0 0, L_0x5555908defe0;  1 drivers
v0x5555908751e0_0 .net *"_ivl_37", 0 0, L_0x5555908df080;  1 drivers
v0x5555908752c0_0 .net *"_ivl_38", 0 0, L_0x5555908df180;  1 drivers
v0x5555908753a0_0 .net *"_ivl_43", 0 0, L_0x5555908df240;  1 drivers
v0x555590875480_0 .net *"_ivl_45", 0 0, L_0x5555908df2e0;  1 drivers
v0x555590875560_0 .net *"_ivl_46", 0 0, L_0x5555908df3f0;  1 drivers
v0x555590875640_0 .net *"_ivl_5", 0 0, L_0x5555908de620;  1 drivers
v0x555590875720_0 .net *"_ivl_51", 0 0, L_0x5555908df500;  1 drivers
v0x555590875800_0 .net *"_ivl_53", 0 0, L_0x5555908df5a0;  1 drivers
v0x5555908758e0_0 .net *"_ivl_54", 0 0, L_0x5555908df380;  1 drivers
v0x5555908759c0_0 .net *"_ivl_59", 0 0, L_0x5555908df760;  1 drivers
v0x555590875aa0_0 .net *"_ivl_6", 0 0, L_0x5555908de6c0;  1 drivers
v0x555590875b80_0 .net *"_ivl_61", 0 0, L_0x5555908df800;  1 drivers
v0x555590875c60_0 .net *"_ivl_62", 0 0, L_0x5555908df930;  1 drivers
v0x555590875d40_0 .net *"_ivl_67", 0 0, L_0x5555908dfa90;  1 drivers
v0x555590875e20_0 .net *"_ivl_69", 0 0, L_0x5555908dfb30;  1 drivers
v0x555590875f00_0 .net *"_ivl_70", 0 0, L_0x5555908dfc70;  1 drivers
v0x555590875fe0_0 .net *"_ivl_75", 0 0, L_0x5555908dfd80;  1 drivers
v0x5555908760c0_0 .net *"_ivl_77", 0 0, L_0x5555908dfe20;  1 drivers
v0x5555908761a0_0 .net *"_ivl_78", 0 0, L_0x5555908dff70;  1 drivers
v0x555590876280_0 .net *"_ivl_83", 0 0, L_0x5555908dfbd0;  1 drivers
v0x555590876360_0 .net *"_ivl_85", 0 0, L_0x5555908e0080;  1 drivers
v0x555590876440_0 .net *"_ivl_86", 0 0, L_0x5555908dfec0;  1 drivers
v0x555590876520_0 .net *"_ivl_91", 0 0, L_0x5555908e0230;  1 drivers
v0x555590876600_0 .net *"_ivl_93", 0 0, L_0x5555908e02d0;  1 drivers
v0x5555908766e0_0 .net *"_ivl_94", 0 0, L_0x5555908e0440;  1 drivers
v0x5555908767c0_0 .net *"_ivl_99", 0 0, L_0x5555908e05c0;  1 drivers
o0x7fcc3a4a0788 .functor BUFZ 16, c4<zzzzzzzzzzzzzzzz>; HiZ drive
v0x5555908768a0_0 .net "a", 15 0, o0x7fcc3a4a0788;  0 drivers
o0x7fcc3a4a07b8 .functor BUFZ 16, c4<zzzzzzzzzzzzzzzz>; HiZ drive
v0x555590876980_0 .net "b", 15 0, o0x7fcc3a4a07b8;  0 drivers
v0x555590876a60_0 .net "out", 15 0, L_0x5555908e0ea0;  1 drivers
L_0x5555908de580 .part o0x7fcc3a4a0788, 0, 1;
L_0x5555908de620 .part o0x7fcc3a4a07b8, 0, 1;
L_0x5555908de780 .part o0x7fcc3a4a0788, 1, 1;
L_0x5555908de870 .part o0x7fcc3a4a07b8, 1, 1;
L_0x5555908dea70 .part o0x7fcc3a4a0788, 2, 1;
L_0x5555908deb10 .part o0x7fcc3a4a07b8, 2, 1;
L_0x5555908decc0 .part o0x7fcc3a4a0788, 3, 1;
L_0x5555908dedf0 .part o0x7fcc3a4a07b8, 3, 1;
L_0x5555908defe0 .part o0x7fcc3a4a0788, 4, 1;
L_0x5555908df080 .part o0x7fcc3a4a07b8, 4, 1;
L_0x5555908df240 .part o0x7fcc3a4a0788, 5, 1;
L_0x5555908df2e0 .part o0x7fcc3a4a07b8, 5, 1;
L_0x5555908df500 .part o0x7fcc3a4a0788, 6, 1;
L_0x5555908df5a0 .part o0x7fcc3a4a07b8, 6, 1;
L_0x5555908df760 .part o0x7fcc3a4a0788, 7, 1;
L_0x5555908df800 .part o0x7fcc3a4a07b8, 7, 1;
L_0x5555908dfa90 .part o0x7fcc3a4a0788, 8, 1;
L_0x5555908dfb30 .part o0x7fcc3a4a07b8, 8, 1;
L_0x5555908dfd80 .part o0x7fcc3a4a0788, 9, 1;
L_0x5555908dfe20 .part o0x7fcc3a4a07b8, 9, 1;
L_0x5555908dfbd0 .part o0x7fcc3a4a0788, 10, 1;
L_0x5555908e0080 .part o0x7fcc3a4a07b8, 10, 1;
L_0x5555908e0230 .part o0x7fcc3a4a0788, 11, 1;
L_0x5555908e02d0 .part o0x7fcc3a4a07b8, 11, 1;
L_0x5555908e05c0 .part o0x7fcc3a4a0788, 12, 1;
L_0x5555908e0660 .part o0x7fcc3a4a07b8, 12, 1;
L_0x5555908e08f0 .part o0x7fcc3a4a0788, 13, 1;
L_0x5555908e0990 .part o0x7fcc3a4a07b8, 13, 1;
L_0x5555908e0bc0 .part o0x7fcc3a4a0788, 14, 1;
L_0x5555908e0c60 .part o0x7fcc3a4a07b8, 14, 1;
LS_0x5555908e0ea0_0_0 .concat8 [ 1 1 1 1], L_0x5555908de6c0, L_0x5555908de960, L_0x5555908debb0, L_0x5555908def70;
LS_0x5555908e0ea0_0_4 .concat8 [ 1 1 1 1], L_0x5555908df180, L_0x5555908df3f0, L_0x5555908df380, L_0x5555908df930;
LS_0x5555908e0ea0_0_8 .concat8 [ 1 1 1 1], L_0x5555908dfc70, L_0x5555908dff70, L_0x5555908dfec0, L_0x5555908e0440;
LS_0x5555908e0ea0_0_12 .concat8 [ 1 1 1 1], L_0x5555908e07e0, L_0x5555908e0700, L_0x5555908e0550, L_0x5555908e1640;
L_0x5555908e0ea0 .concat8 [ 4 4 4 4], LS_0x5555908e0ea0_0_0, LS_0x5555908e0ea0_0_4, LS_0x5555908e0ea0_0_8, LS_0x5555908e0ea0_0_12;
L_0x5555908e13f0 .part o0x7fcc3a4a0788, 15, 1;
L_0x5555908e15a0 .part o0x7fcc3a4a07b8, 15, 1;
S_0x5555907f9220 .scope module, "Or8Way" "Or8Way" 25 7;
 .timescale -12 -12;
    .port_info 0 /INPUT 8 "in";
    .port_info 1 /OUTPUT 1 "out";
o0x7fcc3a4a08a8 .functor BUFZ 8, c4<zzzzzzzz>; HiZ drive
v0x555590876bc0_0 .net "in", 7 0, o0x7fcc3a4a08a8;  0 drivers
v0x555590876ca0_0 .net "out", 0 0, L_0x5555908e1830;  1 drivers
L_0x5555908e1830 .reduce/or o0x7fcc3a4a08a8;
S_0x5555907bd590 .scope module, "SB_CARRY" "SB_CARRY" 14 228;
 .timescale -12 -12;
    .port_info 0 /OUTPUT 1 "CO";
    .port_info 1 /INPUT 1 "I0";
    .port_info 2 /INPUT 1 "I1";
    .port_info 3 /INPUT 1 "CI";
o0x7fcc3a4a09c8 .functor BUFZ 1, c4<z>; HiZ drive
o0x7fcc3a4a09f8 .functor BUFZ 1, c4<z>; HiZ drive
L_0x5555908e18d0 .functor AND 1, o0x7fcc3a4a09c8, o0x7fcc3a4a09f8, C4<1>, C4<1>;
L_0x5555908e1940 .functor OR 1, o0x7fcc3a4a09c8, o0x7fcc3a4a09f8, C4<0>, C4<0>;
o0x7fcc3a4a0968 .functor BUFZ 1, c4<z>; HiZ drive
L_0x5555908e1a50 .functor AND 1, L_0x5555908e1940, o0x7fcc3a4a0968, C4<1>, C4<1>;
L_0x5555908e1b10 .functor OR 1, L_0x5555908e18d0, L_0x5555908e1a50, C4<0>, C4<0>;
v0x555590876dc0_0 .net "CI", 0 0, o0x7fcc3a4a0968;  0 drivers
v0x555590876e80_0 .net "CO", 0 0, L_0x5555908e1b10;  1 drivers
v0x555590876f40_0 .net "I0", 0 0, o0x7fcc3a4a09c8;  0 drivers
v0x555590876fe0_0 .net "I1", 0 0, o0x7fcc3a4a09f8;  0 drivers
v0x5555908770a0_0 .net *"_ivl_1", 0 0, L_0x5555908e18d0;  1 drivers
v0x555590877160_0 .net *"_ivl_3", 0 0, L_0x5555908e1940;  1 drivers
v0x555590877220_0 .net *"_ivl_5", 0 0, L_0x5555908e1a50;  1 drivers
S_0x5555907bd1d0 .scope module, "SB_DFF" "SB_DFF" 14 265;
 .timescale -12 -12;
    .port_info 0 /OUTPUT 1 "Q";
    .port_info 1 /INPUT 1 "C";
    .port_info 2 /INPUT 1 "D";
o0x7fcc3a4a0b78 .functor BUFZ 1, c4<z>; HiZ drive
v0x5555908773a0_0 .net "C", 0 0, o0x7fcc3a4a0b78;  0 drivers
o0x7fcc3a4a0ba8 .functor BUFZ 1, c4<z>; HiZ drive
v0x555590877480_0 .net "D", 0 0, o0x7fcc3a4a0ba8;  0 drivers
v0x555590877540_0 .var "Q", 0 0;
E_0x555590870830 .event posedge, v0x5555908773a0_0;
S_0x5555907b9360 .scope module, "SB_DFFE" "SB_DFFE" 14 303;
 .timescale -12 -12;
    .port_info 0 /OUTPUT 1 "Q";
    .port_info 1 /INPUT 1 "C";
    .port_info 2 /INPUT 1 "E";
    .port_info 3 /INPUT 1 "D";
o0x7fcc3a4a0c98 .functor BUFZ 1, c4<z>; HiZ drive
v0x5555908776c0_0 .net "C", 0 0, o0x7fcc3a4a0c98;  0 drivers
o0x7fcc3a4a0cc8 .functor BUFZ 1, c4<z>; HiZ drive
v0x5555908777a0_0 .net "D", 0 0, o0x7fcc3a4a0cc8;  0 drivers
o0x7fcc3a4a0cf8 .functor BUFZ 1, c4<z>; HiZ drive
v0x555590877860_0 .net "E", 0 0, o0x7fcc3a4a0cf8;  0 drivers
v0x555590877930_0 .var "Q", 0 0;
E_0x555590877660 .event posedge, v0x5555908776c0_0;
S_0x5555907b8fa0 .scope module, "SB_DFFER" "SB_DFFER" 14 653;
 .timescale -12 -12;
    .port_info 0 /OUTPUT 1 "Q";
    .port_info 1 /INPUT 1 "C";
    .port_info 2 /INPUT 1 "E";
    .port_info 3 /INPUT 1 "R";
    .port_info 4 /INPUT 1 "D";
o0x7fcc3a4a0e18 .functor BUFZ 1, c4<z>; HiZ drive
v0x555590877b20_0 .net "C", 0 0, o0x7fcc3a4a0e18;  0 drivers
o0x7fcc3a4a0e48 .functor BUFZ 1, c4<z>; HiZ drive
v0x555590877c00_0 .net "D", 0 0, o0x7fcc3a4a0e48;  0 drivers
o0x7fcc3a4a0e78 .functor BUFZ 1, c4<z>; HiZ drive
v0x555590877cc0_0 .net "E", 0 0, o0x7fcc3a4a0e78;  0 drivers
v0x555590877d60_0 .var "Q", 0 0;
o0x7fcc3a4a0ed8 .functor BUFZ 1, c4<z>; HiZ drive
v0x555590877e20_0 .net "R", 0 0, o0x7fcc3a4a0ed8;  0 drivers
E_0x555590877aa0 .event posedge, v0x555590877e20_0, v0x555590877b20_0;
S_0x5555907a63e0 .scope module, "SB_DFFES" "SB_DFFES" 14 794;
 .timescale -12 -12;
    .port_info 0 /OUTPUT 1 "Q";
    .port_info 1 /INPUT 1 "C";
    .port_info 2 /INPUT 1 "E";
    .port_info 3 /INPUT 1 "S";
    .port_info 4 /INPUT 1 "D";
o0x7fcc3a4a0ff8 .functor BUFZ 1, c4<z>; HiZ drive
v0x555590878050_0 .net "C", 0 0, o0x7fcc3a4a0ff8;  0 drivers
o0x7fcc3a4a1028 .functor BUFZ 1, c4<z>; HiZ drive
v0x555590878130_0 .net "D", 0 0, o0x7fcc3a4a1028;  0 drivers
o0x7fcc3a4a1058 .functor BUFZ 1, c4<z>; HiZ drive
v0x5555908781f0_0 .net "E", 0 0, o0x7fcc3a4a1058;  0 drivers
v0x555590878290_0 .var "Q", 0 0;
o0x7fcc3a4a10b8 .functor BUFZ 1, c4<z>; HiZ drive
v0x555590878350_0 .net "S", 0 0, o0x7fcc3a4a10b8;  0 drivers
E_0x555590877fd0 .event posedge, v0x555590878350_0, v0x555590878050_0;
S_0x5555907a5ff0 .scope module, "SB_DFFESR" "SB_DFFESR" 14 592;
 .timescale -12 -12;
    .port_info 0 /OUTPUT 1 "Q";
    .port_info 1 /INPUT 1 "C";
    .port_info 2 /INPUT 1 "E";
    .port_info 3 /INPUT 1 "R";
    .port_info 4 /INPUT 1 "D";
o0x7fcc3a4a11d8 .functor BUFZ 1, c4<z>; HiZ drive
v0x555590878580_0 .net "C", 0 0, o0x7fcc3a4a11d8;  0 drivers
o0x7fcc3a4a1208 .functor BUFZ 1, c4<z>; HiZ drive
v0x555590878660_0 .net "D", 0 0, o0x7fcc3a4a1208;  0 drivers
o0x7fcc3a4a1238 .functor BUFZ 1, c4<z>; HiZ drive
v0x555590878720_0 .net "E", 0 0, o0x7fcc3a4a1238;  0 drivers
v0x5555908787c0_0 .var "Q", 0 0;
o0x7fcc3a4a1298 .functor BUFZ 1, c4<z>; HiZ drive
v0x555590878880_0 .net "R", 0 0, o0x7fcc3a4a1298;  0 drivers
E_0x555590878500 .event posedge, v0x555590878580_0;
S_0x5555907a5820 .scope module, "SB_DFFESS" "SB_DFFESS" 14 733;
 .timescale -12 -12;
    .port_info 0 /OUTPUT 1 "Q";
    .port_info 1 /INPUT 1 "C";
    .port_info 2 /INPUT 1 "E";
    .port_info 3 /INPUT 1 "S";
    .port_info 4 /INPUT 1 "D";
o0x7fcc3a4a13b8 .functor BUFZ 1, c4<z>; HiZ drive
v0x555590878ab0_0 .net "C", 0 0, o0x7fcc3a4a13b8;  0 drivers
o0x7fcc3a4a13e8 .functor BUFZ 1, c4<z>; HiZ drive
v0x555590878b90_0 .net "D", 0 0, o0x7fcc3a4a13e8;  0 drivers
o0x7fcc3a4a1418 .functor BUFZ 1, c4<z>; HiZ drive
v0x555590878c50_0 .net "E", 0 0, o0x7fcc3a4a1418;  0 drivers
v0x555590878cf0_0 .var "Q", 0 0;
o0x7fcc3a4a1478 .functor BUFZ 1, c4<z>; HiZ drive
v0x555590878db0_0 .net "S", 0 0, o0x7fcc3a4a1478;  0 drivers
E_0x555590878a30 .event posedge, v0x555590878ab0_0;
S_0x5555907a34d0 .scope module, "SB_DFFN" "SB_DFFN" 14 876;
 .timescale -12 -12;
    .port_info 0 /OUTPUT 1 "Q";
    .port_info 1 /INPUT 1 "C";
    .port_info 2 /INPUT 1 "D";
o0x7fcc3a4a1598 .functor BUFZ 1, c4<z>; HiZ drive
v0x555590878fe0_0 .net "C", 0 0, o0x7fcc3a4a1598;  0 drivers
o0x7fcc3a4a15c8 .functor BUFZ 1, c4<z>; HiZ drive
v0x5555908790c0_0 .net "D", 0 0, o0x7fcc3a4a15c8;  0 drivers
v0x555590879180_0 .var "Q", 0 0;
E_0x555590878f60 .event negedge, v0x555590878fe0_0;
S_0x55559085aa40 .scope module, "SB_DFFNE" "SB_DFFNE" 14 914;
 .timescale -12 -12;
    .port_info 0 /OUTPUT 1 "Q";
    .port_info 1 /INPUT 1 "C";
    .port_info 2 /INPUT 1 "E";
    .port_info 3 /INPUT 1 "D";
o0x7fcc3a4a16b8 .functor BUFZ 1, c4<z>; HiZ drive
v0x555590879300_0 .net "C", 0 0, o0x7fcc3a4a16b8;  0 drivers
o0x7fcc3a4a16e8 .functor BUFZ 1, c4<z>; HiZ drive
v0x5555908793e0_0 .net "D", 0 0, o0x7fcc3a4a16e8;  0 drivers
o0x7fcc3a4a1718 .functor BUFZ 1, c4<z>; HiZ drive
v0x5555908794a0_0 .net "E", 0 0, o0x7fcc3a4a1718;  0 drivers
v0x555590879570_0 .var "Q", 0 0;
E_0x5555908792a0 .event negedge, v0x555590879300_0;
S_0x5555908487d0 .scope module, "SB_DFFNER" "SB_DFFNER" 14 1264;
 .timescale -12 -12;
    .port_info 0 /OUTPUT 1 "Q";
    .port_info 1 /INPUT 1 "C";
    .port_info 2 /INPUT 1 "E";
    .port_info 3 /INPUT 1 "R";
    .port_info 4 /INPUT 1 "D";
o0x7fcc3a4a1838 .functor BUFZ 1, c4<z>; HiZ drive
v0x555590879760_0 .net "C", 0 0, o0x7fcc3a4a1838;  0 drivers
o0x7fcc3a4a1868 .functor BUFZ 1, c4<z>; HiZ drive
v0x555590879840_0 .net "D", 0 0, o0x7fcc3a4a1868;  0 drivers
o0x7fcc3a4a1898 .functor BUFZ 1, c4<z>; HiZ drive
v0x555590879900_0 .net "E", 0 0, o0x7fcc3a4a1898;  0 drivers
v0x5555908799a0_0 .var "Q", 0 0;
o0x7fcc3a4a18f8 .functor BUFZ 1, c4<z>; HiZ drive
v0x555590879a60_0 .net "R", 0 0, o0x7fcc3a4a18f8;  0 drivers
E_0x5555908796e0/0 .event negedge, v0x555590879760_0;
E_0x5555908796e0/1 .event posedge, v0x555590879a60_0;
E_0x5555908796e0 .event/or E_0x5555908796e0/0, E_0x5555908796e0/1;
S_0x5555908483f0 .scope module, "SB_DFFNES" "SB_DFFNES" 14 1405;
 .timescale -12 -12;
    .port_info 0 /OUTPUT 1 "Q";
    .port_info 1 /INPUT 1 "C";
    .port_info 2 /INPUT 1 "E";
    .port_info 3 /INPUT 1 "S";
    .port_info 4 /INPUT 1 "D";
o0x7fcc3a4a1a18 .functor BUFZ 1, c4<z>; HiZ drive
v0x555590879c90_0 .net "C", 0 0, o0x7fcc3a4a1a18;  0 drivers
o0x7fcc3a4a1a48 .functor BUFZ 1, c4<z>; HiZ drive
v0x555590879d70_0 .net "D", 0 0, o0x7fcc3a4a1a48;  0 drivers
o0x7fcc3a4a1a78 .functor BUFZ 1, c4<z>; HiZ drive
v0x555590879e30_0 .net "E", 0 0, o0x7fcc3a4a1a78;  0 drivers
v0x555590879ed0_0 .var "Q", 0 0;
o0x7fcc3a4a1ad8 .functor BUFZ 1, c4<z>; HiZ drive
v0x555590879f90_0 .net "S", 0 0, o0x7fcc3a4a1ad8;  0 drivers
E_0x555590879c10/0 .event negedge, v0x555590879c90_0;
E_0x555590879c10/1 .event posedge, v0x555590879f90_0;
E_0x555590879c10 .event/or E_0x555590879c10/0, E_0x555590879c10/1;
S_0x555590836920 .scope module, "SB_DFFNESR" "SB_DFFNESR" 14 1203;
 .timescale -12 -12;
    .port_info 0 /OUTPUT 1 "Q";
    .port_info 1 /INPUT 1 "C";
    .port_info 2 /INPUT 1 "E";
    .port_info 3 /INPUT 1 "R";
    .port_info 4 /INPUT 1 "D";
o0x7fcc3a4a1bf8 .functor BUFZ 1, c4<z>; HiZ drive
v0x55559087a1c0_0 .net "C", 0 0, o0x7fcc3a4a1bf8;  0 drivers
o0x7fcc3a4a1c28 .functor BUFZ 1, c4<z>; HiZ drive
v0x55559087a2a0_0 .net "D", 0 0, o0x7fcc3a4a1c28;  0 drivers
o0x7fcc3a4a1c58 .functor BUFZ 1, c4<z>; HiZ drive
v0x55559087a360_0 .net "E", 0 0, o0x7fcc3a4a1c58;  0 drivers
v0x55559087a400_0 .var "Q", 0 0;
o0x7fcc3a4a1cb8 .functor BUFZ 1, c4<z>; HiZ drive
v0x55559087a4c0_0 .net "R", 0 0, o0x7fcc3a4a1cb8;  0 drivers
E_0x55559087a140 .event negedge, v0x55559087a1c0_0;
S_0x555590810b60 .scope module, "SB_DFFNESS" "SB_DFFNESS" 14 1344;
 .timescale -12 -12;
    .port_info 0 /OUTPUT 1 "Q";
    .port_info 1 /INPUT 1 "C";
    .port_info 2 /INPUT 1 "E";
    .port_info 3 /INPUT 1 "S";
    .port_info 4 /INPUT 1 "D";
o0x7fcc3a4a1dd8 .functor BUFZ 1, c4<z>; HiZ drive
v0x55559087a6f0_0 .net "C", 0 0, o0x7fcc3a4a1dd8;  0 drivers
o0x7fcc3a4a1e08 .functor BUFZ 1, c4<z>; HiZ drive
v0x55559087a7d0_0 .net "D", 0 0, o0x7fcc3a4a1e08;  0 drivers
o0x7fcc3a4a1e38 .functor BUFZ 1, c4<z>; HiZ drive
v0x55559087a890_0 .net "E", 0 0, o0x7fcc3a4a1e38;  0 drivers
v0x55559087a930_0 .var "Q", 0 0;
o0x7fcc3a4a1e98 .functor BUFZ 1, c4<z>; HiZ drive
v0x55559087a9f0_0 .net "S", 0 0, o0x7fcc3a4a1e98;  0 drivers
E_0x55559087a670 .event negedge, v0x55559087a6f0_0;
S_0x5555908101e0 .scope module, "SB_DFFNR" "SB_DFFNR" 14 1011;
 .timescale -12 -12;
    .port_info 0 /OUTPUT 1 "Q";
    .port_info 1 /INPUT 1 "C";
    .port_info 2 /INPUT 1 "R";
    .port_info 3 /INPUT 1 "D";
o0x7fcc3a4a1fb8 .functor BUFZ 1, c4<z>; HiZ drive
v0x55559087ac20_0 .net "C", 0 0, o0x7fcc3a4a1fb8;  0 drivers
o0x7fcc3a4a1fe8 .functor BUFZ 1, c4<z>; HiZ drive
v0x55559087ad00_0 .net "D", 0 0, o0x7fcc3a4a1fe8;  0 drivers
v0x55559087adc0_0 .var "Q", 0 0;
o0x7fcc3a4a2048 .functor BUFZ 1, c4<z>; HiZ drive
v0x55559087ae60_0 .net "R", 0 0, o0x7fcc3a4a2048;  0 drivers
E_0x55559087aba0/0 .event negedge, v0x55559087ac20_0;
E_0x55559087aba0/1 .event posedge, v0x55559087ae60_0;
E_0x55559087aba0 .event/or E_0x55559087aba0/0, E_0x55559087aba0/1;
S_0x55559080c2a0 .scope module, "SB_DFFNS" "SB_DFFNS" 14 1132;
 .timescale -12 -12;
    .port_info 0 /OUTPUT 1 "Q";
    .port_info 1 /INPUT 1 "C";
    .port_info 2 /INPUT 1 "S";
    .port_info 3 /INPUT 1 "D";
o0x7fcc3a4a2138 .functor BUFZ 1, c4<z>; HiZ drive
v0x55559087b050_0 .net "C", 0 0, o0x7fcc3a4a2138;  0 drivers
o0x7fcc3a4a2168 .functor BUFZ 1, c4<z>; HiZ drive
v0x55559087b130_0 .net "D", 0 0, o0x7fcc3a4a2168;  0 drivers
v0x55559087b1f0_0 .var "Q", 0 0;
o0x7fcc3a4a21c8 .functor BUFZ 1, c4<z>; HiZ drive
v0x55559087b290_0 .net "S", 0 0, o0x7fcc3a4a21c8;  0 drivers
E_0x55559087afd0/0 .event negedge, v0x55559087b050_0;
E_0x55559087afd0/1 .event posedge, v0x55559087b290_0;
E_0x55559087afd0 .event/or E_0x55559087afd0/0, E_0x55559087afd0/1;
S_0x55559080b520 .scope module, "SB_DFFNSR" "SB_DFFNSR" 14 961;
 .timescale -12 -12;
    .port_info 0 /OUTPUT 1 "Q";
    .port_info 1 /INPUT 1 "C";
    .port_info 2 /INPUT 1 "R";
    .port_info 3 /INPUT 1 "D";
o0x7fcc3a4a22b8 .functor BUFZ 1, c4<z>; HiZ drive
v0x55559087b480_0 .net "C", 0 0, o0x7fcc3a4a22b8;  0 drivers
o0x7fcc3a4a22e8 .functor BUFZ 1, c4<z>; HiZ drive
v0x55559087b560_0 .net "D", 0 0, o0x7fcc3a4a22e8;  0 drivers
v0x55559087b620_0 .var "Q", 0 0;
o0x7fcc3a4a2348 .functor BUFZ 1, c4<z>; HiZ drive
v0x55559087b6c0_0 .net "R", 0 0, o0x7fcc3a4a2348;  0 drivers
E_0x55559087b400 .event negedge, v0x55559087b480_0;
S_0x55559080a7a0 .scope module, "SB_DFFNSS" "SB_DFFNSS" 14 1082;
 .timescale -12 -12;
    .port_info 0 /OUTPUT 1 "Q";
    .port_info 1 /INPUT 1 "C";
    .port_info 2 /INPUT 1 "S";
    .port_info 3 /INPUT 1 "D";
o0x7fcc3a4a2438 .functor BUFZ 1, c4<z>; HiZ drive
v0x55559087b8b0_0 .net "C", 0 0, o0x7fcc3a4a2438;  0 drivers
o0x7fcc3a4a2468 .functor BUFZ 1, c4<z>; HiZ drive
v0x55559087b990_0 .net "D", 0 0, o0x7fcc3a4a2468;  0 drivers
v0x55559087ba50_0 .var "Q", 0 0;
o0x7fcc3a4a24c8 .functor BUFZ 1, c4<z>; HiZ drive
v0x55559087baf0_0 .net "S", 0 0, o0x7fcc3a4a24c8;  0 drivers
E_0x55559087b830 .event negedge, v0x55559087b8b0_0;
S_0x555590807b90 .scope module, "SB_DFFR" "SB_DFFR" 14 400;
 .timescale -12 -12;
    .port_info 0 /OUTPUT 1 "Q";
    .port_info 1 /INPUT 1 "C";
    .port_info 2 /INPUT 1 "R";
    .port_info 3 /INPUT 1 "D";
o0x7fcc3a4a25b8 .functor BUFZ 1, c4<z>; HiZ drive
v0x55559087bce0_0 .net "C", 0 0, o0x7fcc3a4a25b8;  0 drivers
o0x7fcc3a4a25e8 .functor BUFZ 1, c4<z>; HiZ drive
v0x55559087bdc0_0 .net "D", 0 0, o0x7fcc3a4a25e8;  0 drivers
v0x55559087be80_0 .var "Q", 0 0;
o0x7fcc3a4a2648 .functor BUFZ 1, c4<z>; HiZ drive
v0x55559087bf20_0 .net "R", 0 0, o0x7fcc3a4a2648;  0 drivers
E_0x55559087bc60 .event posedge, v0x55559087bf20_0, v0x55559087bce0_0;
S_0x55559081fb20 .scope module, "SB_DFFS" "SB_DFFS" 14 521;
 .timescale -12 -12;
    .port_info 0 /OUTPUT 1 "Q";
    .port_info 1 /INPUT 1 "C";
    .port_info 2 /INPUT 1 "S";
    .port_info 3 /INPUT 1 "D";
o0x7fcc3a4a2738 .functor BUFZ 1, c4<z>; HiZ drive
v0x55559087c110_0 .net "C", 0 0, o0x7fcc3a4a2738;  0 drivers
o0x7fcc3a4a2768 .functor BUFZ 1, c4<z>; HiZ drive
v0x55559087c1f0_0 .net "D", 0 0, o0x7fcc3a4a2768;  0 drivers
v0x55559087c2b0_0 .var "Q", 0 0;
o0x7fcc3a4a27c8 .functor BUFZ 1, c4<z>; HiZ drive
v0x55559087c350_0 .net "S", 0 0, o0x7fcc3a4a27c8;  0 drivers
E_0x55559087c090 .event posedge, v0x55559087c350_0, v0x55559087c110_0;
S_0x55559081b7f0 .scope module, "SB_DFFSR" "SB_DFFSR" 14 350;
 .timescale -12 -12;
    .port_info 0 /OUTPUT 1 "Q";
    .port_info 1 /INPUT 1 "C";
    .port_info 2 /INPUT 1 "R";
    .port_info 3 /INPUT 1 "D";
o0x7fcc3a4a28b8 .functor BUFZ 1, c4<z>; HiZ drive
v0x55559087c540_0 .net "C", 0 0, o0x7fcc3a4a28b8;  0 drivers
o0x7fcc3a4a28e8 .functor BUFZ 1, c4<z>; HiZ drive
v0x55559087c620_0 .net "D", 0 0, o0x7fcc3a4a28e8;  0 drivers
v0x55559087c6e0_0 .var "Q", 0 0;
o0x7fcc3a4a2948 .functor BUFZ 1, c4<z>; HiZ drive
v0x55559087c780_0 .net "R", 0 0, o0x7fcc3a4a2948;  0 drivers
E_0x55559087c4c0 .event posedge, v0x55559087c540_0;
S_0x555590809a20 .scope module, "SB_DFFSS" "SB_DFFSS" 14 471;
 .timescale -12 -12;
    .port_info 0 /OUTPUT 1 "Q";
    .port_info 1 /INPUT 1 "C";
    .port_info 2 /INPUT 1 "S";
    .port_info 3 /INPUT 1 "D";
o0x7fcc3a4a2a38 .functor BUFZ 1, c4<z>; HiZ drive
v0x55559087c970_0 .net "C", 0 0, o0x7fcc3a4a2a38;  0 drivers
o0x7fcc3a4a2a68 .functor BUFZ 1, c4<z>; HiZ drive
v0x55559087ca50_0 .net "D", 0 0, o0x7fcc3a4a2a68;  0 drivers
v0x55559087cb10_0 .var "Q", 0 0;
o0x7fcc3a4a2ac8 .functor BUFZ 1, c4<z>; HiZ drive
v0x55559087cbb0_0 .net "S", 0 0, o0x7fcc3a4a2ac8;  0 drivers
E_0x55559087c8f0 .event posedge, v0x55559087c970_0;
S_0x55559081a4d0 .scope module, "SB_FILTER_50NS" "SB_FILTER_50NS" 14 2856;
 .timescale -12 -12;
    .port_info 0 /INPUT 1 "FILTERIN";
    .port_info 1 /OUTPUT 1 "FILTEROUT";
o0x7fcc3a4a2bb8 .functor BUFZ 1, c4<z>; HiZ drive
v0x55559087cd20_0 .net "FILTERIN", 0 0, o0x7fcc3a4a2bb8;  0 drivers
o0x7fcc3a4a2be8 .functor BUFZ 1, c4<z>; HiZ drive
v0x55559087ce00_0 .net "FILTEROUT", 0 0, o0x7fcc3a4a2be8;  0 drivers
S_0x555590815650 .scope module, "SB_GB" "SB_GB" 14 162;
 .timescale -12 -12;
    .port_info 0 /INPUT 1 "USER_SIGNAL_TO_GLOBAL_BUFFER";
    .port_info 1 /OUTPUT 1 "GLOBAL_BUFFER_OUTPUT";
o0x7fcc3a4a2ca8 .functor BUFZ 1, c4<z>; HiZ drive
L_0x5555908e1c20 .functor BUFZ 1, o0x7fcc3a4a2ca8, C4<0>, C4<0>, C4<0>;
v0x55559087cf20_0 .net "GLOBAL_BUFFER_OUTPUT", 0 0, L_0x5555908e1c20;  1 drivers
v0x55559087cfe0_0 .net "USER_SIGNAL_TO_GLOBAL_BUFFER", 0 0, o0x7fcc3a4a2ca8;  0 drivers
S_0x555590804d30 .scope module, "SB_GB_IO" "SB_GB_IO" 14 123;
 .timescale -12 -12;
    .port_info 0 /INOUT 1 "PACKAGE_PIN";
    .port_info 1 /OUTPUT 1 "GLOBAL_BUFFER_OUTPUT";
    .port_info 2 /INPUT 1 "LATCH_INPUT_VALUE";
    .port_info 3 /INPUT 1 "CLOCK_ENABLE";
    .port_info 4 /INPUT 1 "INPUT_CLK";
    .port_info 5 /INPUT 1 "OUTPUT_CLK";
    .port_info 6 /INPUT 1 "OUTPUT_ENABLE";
    .port_info 7 /INPUT 1 "D_OUT_0";
    .port_info 8 /INPUT 1 "D_OUT_1";
    .port_info 9 /OUTPUT 1 "D_IN_0";
    .port_info 10 /OUTPUT 1 "D_IN_1";
P_0x5555908209d0 .param/str "IO_STANDARD" 0 14 139, "SB_LVCMOS";
P_0x555590820a10 .param/l "NEG_TRIGGER" 0 14 138, C4<0>;
P_0x555590820a50 .param/l "PIN_TYPE" 0 14 136, C4<000000>;
P_0x555590820a90 .param/l "PULLUP" 0 14 137, C4<0>;
o0x7fcc3a4a2ee8 .functor BUFZ 1, c4<z>; HiZ drive
L_0x5555908e1c90 .functor BUFZ 1, o0x7fcc3a4a2ee8, C4<0>, C4<0>, C4<0>;
o0x7fcc3a4a2d38 .functor BUFZ 1, c4<z>; HiZ drive
v0x55559087f130_0 .net "CLOCK_ENABLE", 0 0, o0x7fcc3a4a2d38;  0 drivers
v0x55559087f1f0_0 .net "D_IN_0", 0 0, L_0x5555908e1f00;  1 drivers
v0x55559087f2c0_0 .net "D_IN_1", 0 0, L_0x5555908e1fc0;  1 drivers
o0x7fcc3a4a2dc8 .functor BUFZ 1, c4<z>; HiZ drive
v0x55559087f3c0_0 .net "D_OUT_0", 0 0, o0x7fcc3a4a2dc8;  0 drivers
o0x7fcc3a4a2df8 .functor BUFZ 1, c4<z>; HiZ drive
v0x55559087f490_0 .net "D_OUT_1", 0 0, o0x7fcc3a4a2df8;  0 drivers
v0x55559087f530_0 .net "GLOBAL_BUFFER_OUTPUT", 0 0, L_0x5555908e1c90;  1 drivers
o0x7fcc3a4a2e28 .functor BUFZ 1, c4<z>; HiZ drive
v0x55559087f5d0_0 .net "INPUT_CLK", 0 0, o0x7fcc3a4a2e28;  0 drivers
o0x7fcc3a4a2e58 .functor BUFZ 1, c4<z>; HiZ drive
v0x55559087f6a0_0 .net "LATCH_INPUT_VALUE", 0 0, o0x7fcc3a4a2e58;  0 drivers
o0x7fcc3a4a2e88 .functor BUFZ 1, c4<z>; HiZ drive
v0x55559087f770_0 .net "OUTPUT_CLK", 0 0, o0x7fcc3a4a2e88;  0 drivers
o0x7fcc3a4a2eb8 .functor BUFZ 1, c4<z>; HiZ drive
v0x55559087f840_0 .net "OUTPUT_ENABLE", 0 0, o0x7fcc3a4a2eb8;  0 drivers
v0x55559087f910_0 .net "PACKAGE_PIN", 0 0, o0x7fcc3a4a2ee8;  0 drivers
S_0x55559087d100 .scope module, "IO" "SB_IO" 14 148, 14 17 0, S_0x555590804d30;
 .timescale -12 -12;
    .port_info 0 /INOUT 1 "PACKAGE_PIN";
    .port_info 1 /INPUT 1 "LATCH_INPUT_VALUE";
    .port_info 2 /INPUT 1 "CLOCK_ENABLE";
    .port_info 3 /INPUT 1 "INPUT_CLK";
    .port_info 4 /INPUT 1 "OUTPUT_CLK";
    .port_info 5 /INPUT 1 "OUTPUT_ENABLE";
    .port_info 6 /INPUT 1 "D_OUT_0";
    .port_info 7 /INPUT 1 "D_OUT_1";
    .port_info 8 /OUTPUT 1 "D_IN_0";
    .port_info 9 /OUTPUT 1 "D_IN_1";
P_0x5555908652d0 .param/str "IO_STANDARD" 0 14 32, "SB_LVCMOS";
P_0x555590865310 .param/l "NEG_TRIGGER" 0 14 31, C4<0>;
P_0x555590865350 .param/l "PIN_TYPE" 0 14 29, C4<000000>;
P_0x555590865390 .param/l "PULLUP" 0 14 30, C4<0>;
L_0x5555908e1e40 .functor OR 1, o0x7fcc3a4a2d38, L_0x5555908e1d50, C4<0>, C4<0>;
L_0x5555908e1f00 .functor BUFZ 1, v0x55559087e700_0, C4<0>, C4<0>, C4<0>;
L_0x5555908e1fc0 .functor BUFZ 1, v0x55559087e7c0_0, C4<0>, C4<0>, C4<0>;
v0x55559087db70_0 .net "CLOCK_ENABLE", 0 0, o0x7fcc3a4a2d38;  alias, 0 drivers
v0x55559087dc30_0 .net "D_IN_0", 0 0, L_0x5555908e1f00;  alias, 1 drivers
v0x55559087dcf0_0 .net "D_IN_1", 0 0, L_0x5555908e1fc0;  alias, 1 drivers
v0x55559087dd90_0 .net "D_OUT_0", 0 0, o0x7fcc3a4a2dc8;  alias, 0 drivers
v0x55559087de50_0 .net "D_OUT_1", 0 0, o0x7fcc3a4a2df8;  alias, 0 drivers
v0x55559087df60_0 .net "INPUT_CLK", 0 0, o0x7fcc3a4a2e28;  alias, 0 drivers
v0x55559087e020_0 .net "LATCH_INPUT_VALUE", 0 0, o0x7fcc3a4a2e58;  alias, 0 drivers
v0x55559087e0e0_0 .net "OUTPUT_CLK", 0 0, o0x7fcc3a4a2e88;  alias, 0 drivers
v0x55559087e1a0_0 .net "OUTPUT_ENABLE", 0 0, o0x7fcc3a4a2eb8;  alias, 0 drivers
v0x55559087e260_0 .net "PACKAGE_PIN", 0 0, o0x7fcc3a4a2ee8;  alias, 0 drivers
o0x7fcc3a4a2f18 .functor BUFZ 1, c4<z>; HiZ drive
; Elide local net with no drivers, v0x55559087e320_0 name=_ivl_0
v0x55559087e400_0 .net *"_ivl_2", 0 0, L_0x5555908e1d50;  1 drivers
v0x55559087e4c0_0 .net "clken_pulled", 0 0, L_0x5555908e1e40;  1 drivers
v0x55559087e580_0 .var "clken_pulled_ri", 0 0;
v0x55559087e640_0 .var "clken_pulled_ro", 0 0;
v0x55559087e700_0 .var "din_0", 0 0;
v0x55559087e7c0_0 .var "din_1", 0 0;
v0x55559087e990_0 .var "din_q_0", 0 0;
v0x55559087ea50_0 .var "din_q_1", 0 0;
v0x55559087eb10_0 .var "dout", 0 0;
v0x55559087ebd0_0 .var "dout_q_0", 0 0;
v0x55559087ec90_0 .var "dout_q_1", 0 0;
v0x55559087ed50_0 .var "outclk_delayed_1", 0 0;
v0x55559087ee10_0 .var "outclk_delayed_2", 0 0;
v0x55559087eed0_0 .var "outena_q", 0 0;
E_0x55559087d610 .event anyedge, v0x55559087ee10_0, v0x55559087ebd0_0, v0x55559087ec90_0;
E_0x55559087d670 .event anyedge, v0x55559087ed50_0;
E_0x55559087d6d0 .event anyedge, v0x55559087e0e0_0;
E_0x55559087d730 .event anyedge, v0x55559087e990_0, v0x55559087ea50_0;
L_0x5555908e1d50 .cmp/eeq 1, o0x7fcc3a4a2d38, o0x7fcc3a4a2f18;
S_0x55559087d7c0 .scope generate, "genblk1" "genblk1" 14 45, 14 45 0, S_0x55559087d100;
 .timescale -12 -12;
E_0x55559087d9a0 .event posedge, v0x55559087e0e0_0;
E_0x55559087da20 .event negedge, v0x55559087e0e0_0;
E_0x55559087da80 .event negedge, v0x55559087df60_0;
E_0x55559087dae0 .event posedge, v0x55559087df60_0;
S_0x555590807420 .scope module, "SB_HFOSC" "SB_HFOSC" 14 2664;
 .timescale -12 -12;
    .port_info 0 /INPUT 1 "TRIM0";
    .port_info 1 /INPUT 1 "TRIM1";
    .port_info 2 /INPUT 1 "TRIM2";
    .port_info 3 /INPUT 1 "TRIM3";
    .port_info 4 /INPUT 1 "TRIM4";
    .port_info 5 /INPUT 1 "TRIM5";
    .port_info 6 /INPUT 1 "TRIM6";
    .port_info 7 /INPUT 1 "TRIM7";
    .port_info 8 /INPUT 1 "TRIM8";
    .port_info 9 /INPUT 1 "TRIM9";
    .port_info 10 /INPUT 1 "CLKHFPU";
    .port_info 11 /INPUT 1 "CLKHFEN";
    .port_info 12 /OUTPUT 1 "CLKHF";
P_0x5555905daf60 .param/str "CLKHF_DIV" 0 14 2680, "0b00";
P_0x5555905dafa0 .param/str "TRIM_EN" 0 14 2679, "0b0";
o0x7fcc3a4a3608 .functor BUFZ 1, c4<z>; HiZ drive
v0x55559087fa00_0 .net "CLKHF", 0 0, o0x7fcc3a4a3608;  0 drivers
o0x7fcc3a4a3638 .functor BUFZ 1, c4<z>; HiZ drive
v0x55559087fae0_0 .net "CLKHFEN", 0 0, o0x7fcc3a4a3638;  0 drivers
o0x7fcc3a4a3668 .functor BUFZ 1, c4<z>; HiZ drive
v0x55559087fba0_0 .net "CLKHFPU", 0 0, o0x7fcc3a4a3668;  0 drivers
o0x7fcc3a4a3698 .functor BUFZ 1, c4<z>; HiZ drive
v0x55559087fc70_0 .net "TRIM0", 0 0, o0x7fcc3a4a3698;  0 drivers
o0x7fcc3a4a36c8 .functor BUFZ 1, c4<z>; HiZ drive
v0x55559087fd30_0 .net "TRIM1", 0 0, o0x7fcc3a4a36c8;  0 drivers
o0x7fcc3a4a36f8 .functor BUFZ 1, c4<z>; HiZ drive
v0x55559087fdf0_0 .net "TRIM2", 0 0, o0x7fcc3a4a36f8;  0 drivers
o0x7fcc3a4a3728 .functor BUFZ 1, c4<z>; HiZ drive
v0x55559087feb0_0 .net "TRIM3", 0 0, o0x7fcc3a4a3728;  0 drivers
o0x7fcc3a4a3758 .functor BUFZ 1, c4<z>; HiZ drive
v0x55559087ff70_0 .net "TRIM4", 0 0, o0x7fcc3a4a3758;  0 drivers
o0x7fcc3a4a3788 .functor BUFZ 1, c4<z>; HiZ drive
v0x555590880030_0 .net "TRIM5", 0 0, o0x7fcc3a4a3788;  0 drivers
o0x7fcc3a4a37b8 .functor BUFZ 1, c4<z>; HiZ drive
v0x555590880180_0 .net "TRIM6", 0 0, o0x7fcc3a4a37b8;  0 drivers
o0x7fcc3a4a37e8 .functor BUFZ 1, c4<z>; HiZ drive
v0x555590880240_0 .net "TRIM7", 0 0, o0x7fcc3a4a37e8;  0 drivers
o0x7fcc3a4a3818 .functor BUFZ 1, c4<z>; HiZ drive
v0x555590880300_0 .net "TRIM8", 0 0, o0x7fcc3a4a3818;  0 drivers
o0x7fcc3a4a3848 .functor BUFZ 1, c4<z>; HiZ drive
v0x5555908803c0_0 .net "TRIM9", 0 0, o0x7fcc3a4a3848;  0 drivers
S_0x5555907cfa30 .scope module, "SB_I2C" "SB_I2C" 14 2733;
 .timescale -12 -12;
    .port_info 0 /INPUT 1 "SBCLKI";
    .port_info 1 /INPUT 1 "SBRWI";
    .port_info 2 /INPUT 1 "SBSTBI";
    .port_info 3 /INPUT 1 "SBADRI7";
    .port_info 4 /INPUT 1 "SBADRI6";
    .port_info 5 /INPUT 1 "SBADRI5";
    .port_info 6 /INPUT 1 "SBADRI4";
    .port_info 7 /INPUT 1 "SBADRI3";
    .port_info 8 /INPUT 1 "SBADRI2";
    .port_info 9 /INPUT 1 "SBADRI1";
    .port_info 10 /INPUT 1 "SBADRI0";
    .port_info 11 /INPUT 1 "SBDATI7";
    .port_info 12 /INPUT 1 "SBDATI6";
    .port_info 13 /INPUT 1 "SBDATI5";
    .port_info 14 /INPUT 1 "SBDATI4";
    .port_info 15 /INPUT 1 "SBDATI3";
    .port_info 16 /INPUT 1 "SBDATI2";
    .port_info 17 /INPUT 1 "SBDATI1";
    .port_info 18 /INPUT 1 "SBDATI0";
    .port_info 19 /INPUT 1 "SCLI";
    .port_info 20 /INPUT 1 "SDAI";
    .port_info 21 /OUTPUT 1 "SBDATO7";
    .port_info 22 /OUTPUT 1 "SBDATO6";
    .port_info 23 /OUTPUT 1 "SBDATO5";
    .port_info 24 /OUTPUT 1 "SBDATO4";
    .port_info 25 /OUTPUT 1 "SBDATO3";
    .port_info 26 /OUTPUT 1 "SBDATO2";
    .port_info 27 /OUTPUT 1 "SBDATO1";
    .port_info 28 /OUTPUT 1 "SBDATO0";
    .port_info 29 /OUTPUT 1 "SBACKO";
    .port_info 30 /OUTPUT 1 "I2CIRQ";
    .port_info 31 /OUTPUT 1 "I2CWKUP";
    .port_info 32 /OUTPUT 1 "SCLO";
    .port_info 33 /OUTPUT 1 "SCLOE";
    .port_info 34 /OUTPUT 1 "SDAO";
    .port_info 35 /OUTPUT 1 "SDAOE";
P_0x5555905db0b0 .param/str "BUS_ADDR74" 0 14 2772, "0b0001";
P_0x5555905db0f0 .param/str "I2C_SLAVE_INIT_ADDR" 0 14 2771, "0b1111100001";
o0x7fcc3a4a3ae8 .functor BUFZ 1, c4<z>; HiZ drive
v0x555590880690_0 .net "I2CIRQ", 0 0, o0x7fcc3a4a3ae8;  0 drivers
o0x7fcc3a4a3b18 .functor BUFZ 1, c4<z>; HiZ drive
v0x555590880770_0 .net "I2CWKUP", 0 0, o0x7fcc3a4a3b18;  0 drivers
o0x7fcc3a4a3b48 .functor BUFZ 1, c4<z>; HiZ drive
v0x555590880830_0 .net "SBACKO", 0 0, o0x7fcc3a4a3b48;  0 drivers
o0x7fcc3a4a3b78 .functor BUFZ 1, c4<z>; HiZ drive
v0x5555908808d0_0 .net "SBADRI0", 0 0, o0x7fcc3a4a3b78;  0 drivers
o0x7fcc3a4a3ba8 .functor BUFZ 1, c4<z>; HiZ drive
v0x555590880990_0 .net "SBADRI1", 0 0, o0x7fcc3a4a3ba8;  0 drivers
o0x7fcc3a4a3bd8 .functor BUFZ 1, c4<z>; HiZ drive
v0x555590880a50_0 .net "SBADRI2", 0 0, o0x7fcc3a4a3bd8;  0 drivers
o0x7fcc3a4a3c08 .functor BUFZ 1, c4<z>; HiZ drive
v0x555590880b10_0 .net "SBADRI3", 0 0, o0x7fcc3a4a3c08;  0 drivers
o0x7fcc3a4a3c38 .functor BUFZ 1, c4<z>; HiZ drive
v0x555590880bd0_0 .net "SBADRI4", 0 0, o0x7fcc3a4a3c38;  0 drivers
o0x7fcc3a4a3c68 .functor BUFZ 1, c4<z>; HiZ drive
v0x555590880c90_0 .net "SBADRI5", 0 0, o0x7fcc3a4a3c68;  0 drivers
o0x7fcc3a4a3c98 .functor BUFZ 1, c4<z>; HiZ drive
v0x555590880de0_0 .net "SBADRI6", 0 0, o0x7fcc3a4a3c98;  0 drivers
o0x7fcc3a4a3cc8 .functor BUFZ 1, c4<z>; HiZ drive
v0x555590880ea0_0 .net "SBADRI7", 0 0, o0x7fcc3a4a3cc8;  0 drivers
o0x7fcc3a4a3cf8 .functor BUFZ 1, c4<z>; HiZ drive
v0x555590880f60_0 .net "SBCLKI", 0 0, o0x7fcc3a4a3cf8;  0 drivers
o0x7fcc3a4a3d28 .functor BUFZ 1, c4<z>; HiZ drive
v0x555590881020_0 .net "SBDATI0", 0 0, o0x7fcc3a4a3d28;  0 drivers
o0x7fcc3a4a3d58 .functor BUFZ 1, c4<z>; HiZ drive
v0x5555908810e0_0 .net "SBDATI1", 0 0, o0x7fcc3a4a3d58;  0 drivers
o0x7fcc3a4a3d88 .functor BUFZ 1, c4<z>; HiZ drive
v0x5555908811a0_0 .net "SBDATI2", 0 0, o0x7fcc3a4a3d88;  0 drivers
o0x7fcc3a4a3db8 .functor BUFZ 1, c4<z>; HiZ drive
v0x555590881260_0 .net "SBDATI3", 0 0, o0x7fcc3a4a3db8;  0 drivers
o0x7fcc3a4a3de8 .functor BUFZ 1, c4<z>; HiZ drive
v0x555590881320_0 .net "SBDATI4", 0 0, o0x7fcc3a4a3de8;  0 drivers
o0x7fcc3a4a3e18 .functor BUFZ 1, c4<z>; HiZ drive
v0x5555908814f0_0 .net "SBDATI5", 0 0, o0x7fcc3a4a3e18;  0 drivers
o0x7fcc3a4a3e48 .functor BUFZ 1, c4<z>; HiZ drive
v0x5555908815b0_0 .net "SBDATI6", 0 0, o0x7fcc3a4a3e48;  0 drivers
o0x7fcc3a4a3e78 .functor BUFZ 1, c4<z>; HiZ drive
v0x555590881670_0 .net "SBDATI7", 0 0, o0x7fcc3a4a3e78;  0 drivers
o0x7fcc3a4a3ea8 .functor BUFZ 1, c4<z>; HiZ drive
v0x555590881730_0 .net "SBDATO0", 0 0, o0x7fcc3a4a3ea8;  0 drivers
o0x7fcc3a4a3ed8 .functor BUFZ 1, c4<z>; HiZ drive
v0x5555908817f0_0 .net "SBDATO1", 0 0, o0x7fcc3a4a3ed8;  0 drivers
o0x7fcc3a4a3f08 .functor BUFZ 1, c4<z>; HiZ drive
v0x5555908818b0_0 .net "SBDATO2", 0 0, o0x7fcc3a4a3f08;  0 drivers
o0x7fcc3a4a3f38 .functor BUFZ 1, c4<z>; HiZ drive
v0x555590881970_0 .net "SBDATO3", 0 0, o0x7fcc3a4a3f38;  0 drivers
o0x7fcc3a4a3f68 .functor BUFZ 1, c4<z>; HiZ drive
v0x555590881a30_0 .net "SBDATO4", 0 0, o0x7fcc3a4a3f68;  0 drivers
o0x7fcc3a4a3f98 .functor BUFZ 1, c4<z>; HiZ drive
v0x555590881af0_0 .net "SBDATO5", 0 0, o0x7fcc3a4a3f98;  0 drivers
o0x7fcc3a4a3fc8 .functor BUFZ 1, c4<z>; HiZ drive
v0x555590881bb0_0 .net "SBDATO6", 0 0, o0x7fcc3a4a3fc8;  0 drivers
o0x7fcc3a4a3ff8 .functor BUFZ 1, c4<z>; HiZ drive
v0x555590881c70_0 .net "SBDATO7", 0 0, o0x7fcc3a4a3ff8;  0 drivers
o0x7fcc3a4a4028 .functor BUFZ 1, c4<z>; HiZ drive
v0x555590881d30_0 .net "SBRWI", 0 0, o0x7fcc3a4a4028;  0 drivers
o0x7fcc3a4a4058 .functor BUFZ 1, c4<z>; HiZ drive
v0x555590881df0_0 .net "SBSTBI", 0 0, o0x7fcc3a4a4058;  0 drivers
o0x7fcc3a4a4088 .functor BUFZ 1, c4<z>; HiZ drive
v0x555590881eb0_0 .net "SCLI", 0 0, o0x7fcc3a4a4088;  0 drivers
o0x7fcc3a4a40b8 .functor BUFZ 1, c4<z>; HiZ drive
v0x555590881f70_0 .net "SCLO", 0 0, o0x7fcc3a4a40b8;  0 drivers
o0x7fcc3a4a40e8 .functor BUFZ 1, c4<z>; HiZ drive
v0x555590882030_0 .net "SCLOE", 0 0, o0x7fcc3a4a40e8;  0 drivers
o0x7fcc3a4a4118 .functor BUFZ 1, c4<z>; HiZ drive
v0x555590882300_0 .net "SDAI", 0 0, o0x7fcc3a4a4118;  0 drivers
o0x7fcc3a4a4148 .functor BUFZ 1, c4<z>; HiZ drive
v0x5555908823c0_0 .net "SDAO", 0 0, o0x7fcc3a4a4148;  0 drivers
o0x7fcc3a4a4178 .functor BUFZ 1, c4<z>; HiZ drive
v0x555590882480_0 .net "SDAOE", 0 0, o0x7fcc3a4a4178;  0 drivers
S_0x5555907cf1a0 .scope module, "SB_IO_I3C" "SB_IO_I3C" 14 2862;
 .timescale -12 -12;
    .port_info 0 /INOUT 1 "PACKAGE_PIN";
    .port_info 1 /INPUT 1 "LATCH_INPUT_VALUE";
    .port_info 2 /INPUT 1 "CLOCK_ENABLE";
    .port_info 3 /INPUT 1 "INPUT_CLK";
    .port_info 4 /INPUT 1 "OUTPUT_CLK";
    .port_info 5 /INPUT 1 "OUTPUT_ENABLE";
    .port_info 6 /INPUT 1 "D_OUT_0";
    .port_info 7 /INPUT 1 "D_OUT_1";
    .port_info 8 /OUTPUT 1 "D_IN_0";
    .port_info 9 /OUTPUT 1 "D_IN_1";
    .port_info 10 /INPUT 1 "PU_ENB";
    .port_info 11 /INPUT 1 "WEAK_PU_ENB";
P_0x55559079ff40 .param/str "IO_STANDARD" 0 14 2880, "SB_LVCMOS";
P_0x55559079ff80 .param/l "NEG_TRIGGER" 0 14 2879, C4<0>;
P_0x55559079ffc0 .param/l "PIN_TYPE" 0 14 2876, C4<000000>;
P_0x5555907a0000 .param/l "PULLUP" 0 14 2877, C4<0>;
P_0x5555907a0040 .param/l "WEAK_PULLUP" 0 14 2878, C4<0>;
L_0x5555908e2080 .functor BUFZ 1, v0x555590883820_0, C4<0>, C4<0>, C4<0>;
L_0x5555908e20f0 .functor BUFZ 1, v0x5555908838e0_0, C4<0>, C4<0>, C4<0>;
o0x7fcc3a4a4868 .functor BUFZ 1, c4<z>; HiZ drive
v0x555590882ef0_0 .net "CLOCK_ENABLE", 0 0, o0x7fcc3a4a4868;  0 drivers
v0x555590882fb0_0 .net "D_IN_0", 0 0, L_0x5555908e2080;  1 drivers
v0x555590883070_0 .net "D_IN_1", 0 0, L_0x5555908e20f0;  1 drivers
o0x7fcc3a4a48f8 .functor BUFZ 1, c4<z>; HiZ drive
v0x555590883110_0 .net "D_OUT_0", 0 0, o0x7fcc3a4a48f8;  0 drivers
o0x7fcc3a4a4928 .functor BUFZ 1, c4<z>; HiZ drive
v0x5555908831d0_0 .net "D_OUT_1", 0 0, o0x7fcc3a4a4928;  0 drivers
o0x7fcc3a4a4958 .functor BUFZ 1, c4<z>; HiZ drive
v0x5555908832e0_0 .net "INPUT_CLK", 0 0, o0x7fcc3a4a4958;  0 drivers
o0x7fcc3a4a4988 .functor BUFZ 1, c4<z>; HiZ drive
v0x5555908833a0_0 .net "LATCH_INPUT_VALUE", 0 0, o0x7fcc3a4a4988;  0 drivers
o0x7fcc3a4a49b8 .functor BUFZ 1, c4<z>; HiZ drive
v0x555590883460_0 .net "OUTPUT_CLK", 0 0, o0x7fcc3a4a49b8;  0 drivers
o0x7fcc3a4a49e8 .functor BUFZ 1, c4<z>; HiZ drive
v0x555590883520_0 .net "OUTPUT_ENABLE", 0 0, o0x7fcc3a4a49e8;  0 drivers
o0x7fcc3a4a4a18 .functor BUFZ 1, c4<z>; HiZ drive
v0x5555908835e0_0 .net "PACKAGE_PIN", 0 0, o0x7fcc3a4a4a18;  0 drivers
o0x7fcc3a4a4a48 .functor BUFZ 1, c4<z>; HiZ drive
v0x5555908836a0_0 .net "PU_ENB", 0 0, o0x7fcc3a4a4a48;  0 drivers
o0x7fcc3a4a4a78 .functor BUFZ 1, c4<z>; HiZ drive
v0x555590883760_0 .net "WEAK_PU_ENB", 0 0, o0x7fcc3a4a4a78;  0 drivers
v0x555590883820_0 .var "din_0", 0 0;
v0x5555908838e0_0 .var "din_1", 0 0;
v0x5555908839a0_0 .var "din_q_0", 0 0;
v0x555590883a60_0 .var "din_q_1", 0 0;
v0x555590883b20_0 .var "dout", 0 0;
v0x555590883be0_0 .var "dout_q_0", 0 0;
v0x555590883ca0_0 .var "dout_q_1", 0 0;
v0x555590883d60_0 .var "outclk_delayed_1", 0 0;
v0x555590883e20_0 .var "outclk_delayed_2", 0 0;
v0x555590883ee0_0 .var "outena_q", 0 0;
E_0x5555908829c0 .event anyedge, v0x555590883e20_0, v0x555590883be0_0, v0x555590883ca0_0;
E_0x555590882a40 .event anyedge, v0x555590883d60_0;
E_0x555590882aa0 .event anyedge, v0x555590883460_0;
E_0x555590882b00 .event anyedge, v0x5555908839a0_0, v0x555590883a60_0;
S_0x555590882b90 .scope generate, "genblk1" "genblk1" 14 2888, 14 2888 0, S_0x5555907cf1a0;
 .timescale -12 -12;
E_0x555590882d20 .event posedge, v0x555590883460_0;
E_0x555590882da0 .event negedge, v0x555590883460_0;
E_0x555590882e00 .event negedge, v0x5555908832e0_0;
E_0x555590882e60 .event posedge, v0x5555908832e0_0;
S_0x5555907ce080 .scope module, "SB_IO_OD" "SB_IO_OD" 14 2931;
 .timescale -12 -12;
    .port_info 0 /INOUT 1 "PACKAGEPIN";
    .port_info 1 /INPUT 1 "LATCHINPUTVALUE";
    .port_info 2 /INPUT 1 "CLOCKENABLE";
    .port_info 3 /INPUT 1 "INPUTCLK";
    .port_info 4 /INPUT 1 "OUTPUTCLK";
    .port_info 5 /INPUT 1 "OUTPUTENABLE";
    .port_info 6 /INPUT 1 "DOUT1";
    .port_info 7 /INPUT 1 "DOUT0";
    .port_info 8 /OUTPUT 1 "DIN1";
    .port_info 9 /OUTPUT 1 "DIN0";
P_0x5555905db200 .param/l "NEG_TRIGGER" 0 14 2944, C4<0>;
P_0x5555905db240 .param/l "PIN_TYPE" 0 14 2943, C4<000000>;
L_0x5555908e2190 .functor BUFZ 1, v0x555590884e70_0, C4<0>, C4<0>, C4<0>;
L_0x5555908e2260 .functor BUFZ 1, v0x555590884f30_0, C4<0>, C4<0>, C4<0>;
o0x7fcc3a4a4ec8 .functor BUFZ 1, c4<z>; HiZ drive
v0x5555908846c0_0 .net "CLOCKENABLE", 0 0, o0x7fcc3a4a4ec8;  0 drivers
v0x555590884780_0 .net "DIN0", 0 0, L_0x5555908e2190;  1 drivers
v0x555590884840_0 .net "DIN1", 0 0, L_0x5555908e2260;  1 drivers
o0x7fcc3a4a4f58 .functor BUFZ 1, c4<z>; HiZ drive
v0x5555908848e0_0 .net "DOUT0", 0 0, o0x7fcc3a4a4f58;  0 drivers
o0x7fcc3a4a4f88 .functor BUFZ 1, c4<z>; HiZ drive
v0x5555908849a0_0 .net "DOUT1", 0 0, o0x7fcc3a4a4f88;  0 drivers
o0x7fcc3a4a4fb8 .functor BUFZ 1, c4<z>; HiZ drive
v0x555590884ab0_0 .net "INPUTCLK", 0 0, o0x7fcc3a4a4fb8;  0 drivers
o0x7fcc3a4a4fe8 .functor BUFZ 1, c4<z>; HiZ drive
v0x555590884b70_0 .net "LATCHINPUTVALUE", 0 0, o0x7fcc3a4a4fe8;  0 drivers
o0x7fcc3a4a5018 .functor BUFZ 1, c4<z>; HiZ drive
v0x555590884c30_0 .net "OUTPUTCLK", 0 0, o0x7fcc3a4a5018;  0 drivers
o0x7fcc3a4a5048 .functor BUFZ 1, c4<z>; HiZ drive
v0x555590884cf0_0 .net "OUTPUTENABLE", 0 0, o0x7fcc3a4a5048;  0 drivers
o0x7fcc3a4a5078 .functor BUFZ 1, c4<z>; HiZ drive
v0x555590884db0_0 .net "PACKAGEPIN", 0 0, o0x7fcc3a4a5078;  0 drivers
v0x555590884e70_0 .var "din_0", 0 0;
v0x555590884f30_0 .var "din_1", 0 0;
v0x555590884ff0_0 .var "din_q_0", 0 0;
v0x5555908850b0_0 .var "din_q_1", 0 0;
v0x555590885170_0 .var "dout", 0 0;
v0x555590885230_0 .var "dout_q_0", 0 0;
v0x5555908852f0_0 .var "dout_q_1", 0 0;
v0x5555908854c0_0 .var "outclk_delayed_1", 0 0;
v0x555590885580_0 .var "outclk_delayed_2", 0 0;
v0x555590885640_0 .var "outena_q", 0 0;
E_0x555590884190 .event anyedge, v0x555590885580_0, v0x555590885230_0, v0x5555908852f0_0;
E_0x555590884210 .event anyedge, v0x5555908854c0_0;
E_0x555590884270 .event anyedge, v0x555590884c30_0;
E_0x5555908842d0 .event anyedge, v0x555590884ff0_0, v0x5555908850b0_0;
S_0x555590884360 .scope generate, "genblk1" "genblk1" 14 2952, 14 2952 0, S_0x5555907ce080;
 .timescale -12 -12;
E_0x5555908844f0 .event posedge, v0x555590884c30_0;
E_0x555590884570 .event negedge, v0x555590884c30_0;
E_0x5555908845d0 .event negedge, v0x555590884ab0_0;
E_0x555590884630 .event posedge, v0x555590884ab0_0;
S_0x5555907cd7f0 .scope module, "SB_LEDDA_IP" "SB_LEDDA_IP" 14 2830;
 .timescale -12 -12;
    .port_info 0 /INPUT 1 "LEDDCS";
    .port_info 1 /INPUT 1 "LEDDCLK";
    .port_info 2 /INPUT 1 "LEDDDAT7";
    .port_info 3 /INPUT 1 "LEDDDAT6";
    .port_info 4 /INPUT 1 "LEDDDAT5";
    .port_info 5 /INPUT 1 "LEDDDAT4";
    .port_info 6 /INPUT 1 "LEDDDAT3";
    .port_info 7 /INPUT 1 "LEDDDAT2";
    .port_info 8 /INPUT 1 "LEDDDAT1";
    .port_info 9 /INPUT 1 "LEDDDAT0";
    .port_info 10 /INPUT 1 "LEDDADDR3";
    .port_info 11 /INPUT 1 "LEDDADDR2";
    .port_info 12 /INPUT 1 "LEDDADDR1";
    .port_info 13 /INPUT 1 "LEDDADDR0";
    .port_info 14 /INPUT 1 "LEDDDEN";
    .port_info 15 /INPUT 1 "LEDDEXE";
    .port_info 16 /INPUT 1 "LEDDRST";
    .port_info 17 /OUTPUT 1 "PWMOUT0";
    .port_info 18 /OUTPUT 1 "PWMOUT1";
    .port_info 19 /OUTPUT 1 "PWMOUT2";
    .port_info 20 /OUTPUT 1 "LEDDON";
o0x7fcc3a4a5468 .functor BUFZ 1, c4<z>; HiZ drive
v0x555590885840_0 .net "LEDDADDR0", 0 0, o0x7fcc3a4a5468;  0 drivers
o0x7fcc3a4a5498 .functor BUFZ 1, c4<z>; HiZ drive
v0x555590885920_0 .net "LEDDADDR1", 0 0, o0x7fcc3a4a5498;  0 drivers
o0x7fcc3a4a54c8 .functor BUFZ 1, c4<z>; HiZ drive
v0x5555908859e0_0 .net "LEDDADDR2", 0 0, o0x7fcc3a4a54c8;  0 drivers
o0x7fcc3a4a54f8 .functor BUFZ 1, c4<z>; HiZ drive
v0x555590885a80_0 .net "LEDDADDR3", 0 0, o0x7fcc3a4a54f8;  0 drivers
o0x7fcc3a4a5528 .functor BUFZ 1, c4<z>; HiZ drive
v0x555590885b40_0 .net "LEDDCLK", 0 0, o0x7fcc3a4a5528;  0 drivers
o0x7fcc3a4a5558 .functor BUFZ 1, c4<z>; HiZ drive
v0x555590885c00_0 .net "LEDDCS", 0 0, o0x7fcc3a4a5558;  0 drivers
o0x7fcc3a4a5588 .functor BUFZ 1, c4<z>; HiZ drive
v0x555590885cc0_0 .net "LEDDDAT0", 0 0, o0x7fcc3a4a5588;  0 drivers
o0x7fcc3a4a55b8 .functor BUFZ 1, c4<z>; HiZ drive
v0x555590885d80_0 .net "LEDDDAT1", 0 0, o0x7fcc3a4a55b8;  0 drivers
o0x7fcc3a4a55e8 .functor BUFZ 1, c4<z>; HiZ drive
v0x555590885e40_0 .net "LEDDDAT2", 0 0, o0x7fcc3a4a55e8;  0 drivers
o0x7fcc3a4a5618 .functor BUFZ 1, c4<z>; HiZ drive
v0x555590885f00_0 .net "LEDDDAT3", 0 0, o0x7fcc3a4a5618;  0 drivers
o0x7fcc3a4a5648 .functor BUFZ 1, c4<z>; HiZ drive
v0x555590885fc0_0 .net "LEDDDAT4", 0 0, o0x7fcc3a4a5648;  0 drivers
o0x7fcc3a4a5678 .functor BUFZ 1, c4<z>; HiZ drive
v0x555590886080_0 .net "LEDDDAT5", 0 0, o0x7fcc3a4a5678;  0 drivers
o0x7fcc3a4a56a8 .functor BUFZ 1, c4<z>; HiZ drive
v0x555590886140_0 .net "LEDDDAT6", 0 0, o0x7fcc3a4a56a8;  0 drivers
o0x7fcc3a4a56d8 .functor BUFZ 1, c4<z>; HiZ drive
v0x555590886200_0 .net "LEDDDAT7", 0 0, o0x7fcc3a4a56d8;  0 drivers
o0x7fcc3a4a5708 .functor BUFZ 1, c4<z>; HiZ drive
v0x5555908862c0_0 .net "LEDDDEN", 0 0, o0x7fcc3a4a5708;  0 drivers
o0x7fcc3a4a5738 .functor BUFZ 1, c4<z>; HiZ drive
v0x555590886380_0 .net "LEDDEXE", 0 0, o0x7fcc3a4a5738;  0 drivers
o0x7fcc3a4a5768 .functor BUFZ 1, c4<z>; HiZ drive
v0x555590886440_0 .net "LEDDON", 0 0, o0x7fcc3a4a5768;  0 drivers
o0x7fcc3a4a5798 .functor BUFZ 1, c4<z>; HiZ drive
v0x555590886610_0 .net "LEDDRST", 0 0, o0x7fcc3a4a5798;  0 drivers
o0x7fcc3a4a57c8 .functor BUFZ 1, c4<z>; HiZ drive
v0x5555908866d0_0 .net "PWMOUT0", 0 0, o0x7fcc3a4a57c8;  0 drivers
o0x7fcc3a4a57f8 .functor BUFZ 1, c4<z>; HiZ drive
v0x555590886790_0 .net "PWMOUT1", 0 0, o0x7fcc3a4a57f8;  0 drivers
o0x7fcc3a4a5828 .functor BUFZ 1, c4<z>; HiZ drive
v0x555590886850_0 .net "PWMOUT2", 0 0, o0x7fcc3a4a5828;  0 drivers
S_0x555590648790 .scope module, "SB_LED_DRV_CUR" "SB_LED_DRV_CUR" 14 2709;
 .timescale -12 -12;
    .port_info 0 /INPUT 1 "EN";
    .port_info 1 /OUTPUT 1 "LEDPU";
o0x7fcc3a4a5c48 .functor BUFZ 1, c4<z>; HiZ drive
v0x555590886c60_0 .net "EN", 0 0, o0x7fcc3a4a5c48;  0 drivers
o0x7fcc3a4a5c78 .functor BUFZ 1, c4<z>; HiZ drive
v0x555590886d40_0 .net "LEDPU", 0 0, o0x7fcc3a4a5c78;  0 drivers
S_0x5555907ccf60 .scope module, "SB_LFOSC" "SB_LFOSC" 14 2684;
 .timescale -12 -12;
    .port_info 0 /INPUT 1 "CLKLFPU";
    .port_info 1 /INPUT 1 "CLKLFEN";
    .port_info 2 /OUTPUT 1 "CLKLF";
o0x7fcc3a4a5d08 .functor BUFZ 1, c4<z>; HiZ drive
v0x555590886e60_0 .net "CLKLF", 0 0, o0x7fcc3a4a5d08;  0 drivers
o0x7fcc3a4a5d38 .functor BUFZ 1, c4<z>; HiZ drive
v0x555590886f20_0 .net "CLKLFEN", 0 0, o0x7fcc3a4a5d38;  0 drivers
o0x7fcc3a4a5d68 .functor BUFZ 1, c4<z>; HiZ drive
v0x555590886fe0_0 .net "CLKLFPU", 0 0, o0x7fcc3a4a5d68;  0 drivers
S_0x5555907cc6d0 .scope module, "SB_LUT4" "SB_LUT4" 14 177;
 .timescale -12 -12;
    .port_info 0 /OUTPUT 1 "O";
    .port_info 1 /INPUT 1 "I0";
    .port_info 2 /INPUT 1 "I1";
    .port_info 3 /INPUT 1 "I2";
    .port_info 4 /INPUT 1 "I3";
P_0x5555905e85c0 .param/l "LUT_INIT" 0 14 184, C4<0000000000000000>;
o0x7fcc3a4a5e28 .functor BUFZ 1, c4<z>; HiZ drive
v0x555590887100_0 .net "I0", 0 0, o0x7fcc3a4a5e28;  0 drivers
o0x7fcc3a4a5e58 .functor BUFZ 1, c4<z>; HiZ drive
v0x5555908871c0_0 .net "I1", 0 0, o0x7fcc3a4a5e58;  0 drivers
o0x7fcc3a4a5e88 .functor BUFZ 1, c4<z>; HiZ drive
v0x555590887280_0 .net "I2", 0 0, o0x7fcc3a4a5e88;  0 drivers
o0x7fcc3a4a5eb8 .functor BUFZ 1, c4<z>; HiZ drive
v0x555590887350_0 .net "I3", 0 0, o0x7fcc3a4a5eb8;  0 drivers
v0x555590887410_0 .net "O", 0 0, L_0x5555908e2f20;  1 drivers
L_0x7fcc3a44d918 .functor BUFT 1, C4<00000000>, C4<0>, C4<0>, C4<0>;
v0x5555908874d0_0 .net/2u *"_ivl_0", 7 0, L_0x7fcc3a44d918;  1 drivers
v0x5555908875b0_0 .net *"_ivl_13", 1 0, L_0x5555908e2a70;  1 drivers
v0x555590887690_0 .net *"_ivl_15", 1 0, L_0x5555908e2b60;  1 drivers
v0x555590887770_0 .net *"_ivl_19", 0 0, L_0x5555908e2d40;  1 drivers
L_0x7fcc3a44d960 .functor BUFT 1, C4<00000000>, C4<0>, C4<0>, C4<0>;
v0x555590887850_0 .net/2u *"_ivl_2", 7 0, L_0x7fcc3a44d960;  1 drivers
v0x555590887930_0 .net *"_ivl_21", 0 0, L_0x5555908e2e80;  1 drivers
v0x555590887a10_0 .net *"_ivl_7", 3 0, L_0x5555908e2740;  1 drivers
v0x555590887af0_0 .net *"_ivl_9", 3 0, L_0x5555908e2830;  1 drivers
v0x555590887bd0_0 .net "s1", 1 0, L_0x5555908e2c00;  1 drivers
v0x555590887cb0_0 .net "s2", 3 0, L_0x5555908e28d0;  1 drivers
v0x555590887d90_0 .net "s3", 7 0, L_0x5555908e25a0;  1 drivers
L_0x5555908e25a0 .functor MUXZ 8, L_0x7fcc3a44d960, L_0x7fcc3a44d918, o0x7fcc3a4a5eb8, C4<>;
L_0x5555908e2740 .part L_0x5555908e25a0, 4, 4;
L_0x5555908e2830 .part L_0x5555908e25a0, 0, 4;
L_0x5555908e28d0 .functor MUXZ 4, L_0x5555908e2830, L_0x5555908e2740, o0x7fcc3a4a5e88, C4<>;
L_0x5555908e2a70 .part L_0x5555908e28d0, 2, 2;
L_0x5555908e2b60 .part L_0x5555908e28d0, 0, 2;
L_0x5555908e2c00 .functor MUXZ 2, L_0x5555908e2b60, L_0x5555908e2a70, o0x7fcc3a4a5e58, C4<>;
L_0x5555908e2d40 .part L_0x5555908e2c00, 1, 1;
L_0x5555908e2e80 .part L_0x5555908e2c00, 0, 1;
L_0x5555908e2f20 .functor MUXZ 1, L_0x5555908e2e80, L_0x5555908e2d40, o0x7fcc3a4a5e28, C4<>;
S_0x5555907cbe40 .scope module, "SB_MAC16" "SB_MAC16" 14 2996;
 .timescale -12 -12;
    .port_info 0 /INPUT 1 "CLK";
    .port_info 1 /INPUT 1 "CE";
    .port_info 2 /INPUT 16 "C";
    .port_info 3 /INPUT 16 "A";
    .port_info 4 /INPUT 16 "B";
    .port_info 5 /INPUT 16 "D";
    .port_info 6 /INPUT 1 "AHOLD";
    .port_info 7 /INPUT 1 "BHOLD";
    .port_info 8 /INPUT 1 "CHOLD";
    .port_info 9 /INPUT 1 "DHOLD";
    .port_info 10 /INPUT 1 "IRSTTOP";
    .port_info 11 /INPUT 1 "IRSTBOT";
    .port_info 12 /INPUT 1 "ORSTTOP";
    .port_info 13 /INPUT 1 "ORSTBOT";
    .port_info 14 /INPUT 1 "OLOADTOP";
    .port_info 15 /INPUT 1 "OLOADBOT";
    .port_info 16 /INPUT 1 "ADDSUBTOP";
    .port_info 17 /INPUT 1 "ADDSUBBOT";
    .port_info 18 /INPUT 1 "OHOLDTOP";
    .port_info 19 /INPUT 1 "OHOLDBOT";
    .port_info 20 /INPUT 1 "CI";
    .port_info 21 /INPUT 1 "ACCUMCI";
    .port_info 22 /INPUT 1 "SIGNEXTIN";
    .port_info 23 /OUTPUT 32 "O";
    .port_info 24 /OUTPUT 1 "CO";
    .port_info 25 /OUTPUT 1 "ACCUMCO";
    .port_info 26 /OUTPUT 1 "SIGNEXTOUT";
P_0x5555905ec2b0 .param/l "A_REG" 0 14 3011, C4<0>;
P_0x5555905ec2f0 .param/l "A_SIGNED" 0 14 3027, C4<0>;
P_0x5555905ec330 .param/l "BOTADDSUB_CARRYSELECT" 0 14 3025, C4<00>;
P_0x5555905ec370 .param/l "BOTADDSUB_LOWERINPUT" 0 14 3023, C4<00>;
P_0x5555905ec3b0 .param/l "BOTADDSUB_UPPERINPUT" 0 14 3024, C4<0>;
P_0x5555905ec3f0 .param/l "BOTOUTPUT_SELECT" 0 14 3022, C4<00>;
P_0x5555905ec430 .param/l "BOT_8x8_MULT_REG" 0 14 3015, C4<0>;
P_0x5555905ec470 .param/l "B_REG" 0 14 3012, C4<0>;
P_0x5555905ec4b0 .param/l "B_SIGNED" 0 14 3028, C4<0>;
P_0x5555905ec4f0 .param/l "C_REG" 0 14 3010, C4<0>;
P_0x5555905ec530 .param/l "D_REG" 0 14 3013, C4<0>;
P_0x5555905ec570 .param/l "MODE_8x8" 0 14 3026, C4<0>;
P_0x5555905ec5b0 .param/l "NEG_TRIGGER" 0 14 3009, C4<0>;
P_0x5555905ec5f0 .param/l "PIPELINE_16x16_MULT_REG1" 0 14 3016, C4<0>;
P_0x5555905ec630 .param/l "PIPELINE_16x16_MULT_REG2" 0 14 3017, C4<0>;
P_0x5555905ec670 .param/l "TOPADDSUB_CARRYSELECT" 0 14 3021, C4<00>;
P_0x5555905ec6b0 .param/l "TOPADDSUB_LOWERINPUT" 0 14 3019, C4<00>;
P_0x5555905ec6f0 .param/l "TOPADDSUB_UPPERINPUT" 0 14 3020, C4<0>;
P_0x5555905ec730 .param/l "TOPOUTPUT_SELECT" 0 14 3018, C4<00>;
P_0x5555905ec770 .param/l "TOP_8x8_MULT_REG" 0 14 3014, C4<0>;
o0x7fcc3a4a6518 .functor BUFZ 1, c4<z>; HiZ drive
L_0x7fcc3a44d9a8 .functor BUFT 1, C4<0>, C4<0>, C4<0>, C4<0>;
L_0x5555908e3040 .functor XOR 1, o0x7fcc3a4a6518, L_0x7fcc3a44d9a8, C4<0>, C4<0>;
o0x7fcc3a4a6458 .functor BUFZ 16, c4<zzzzzzzzzzzzzzzz>; HiZ drive
L_0x5555908e3130 .functor BUFZ 16, o0x7fcc3a4a6458, C4<0000000000000000>, C4<0000000000000000>, C4<0000000000000000>;
o0x7fcc3a4a6218 .functor BUFZ 16, c4<zzzzzzzzzzzzzzzz>; HiZ drive
L_0x5555908e31d0 .functor BUFZ 16, o0x7fcc3a4a6218, C4<0000000000000000>, C4<0000000000000000>, C4<0000000000000000>;
o0x7fcc3a4a6398 .functor BUFZ 16, c4<zzzzzzzzzzzzzzzz>; HiZ drive
L_0x5555908e32a0 .functor BUFZ 16, o0x7fcc3a4a6398, C4<0000000000000000>, C4<0000000000000000>, C4<0000000000000000>;
o0x7fcc3a4a6578 .functor BUFZ 16, c4<zzzzzzzzzzzzzzzz>; HiZ drive
L_0x5555908e33a0 .functor BUFZ 16, o0x7fcc3a4a6578, C4<0000000000000000>, C4<0000000000000000>, C4<0000000000000000>;
L_0x5555908e4210 .functor BUFZ 16, L_0x5555908e3da0, C4<0000000000000000>, C4<0000000000000000>, C4<0000000000000000>;
L_0x5555908e4720 .functor BUFZ 16, L_0x5555908e4120, C4<0000000000000000>, C4<0000000000000000>, C4<0000000000000000>;
L_0x5555908e47e0 .functor BUFZ 16, L_0x5555908e44b0, C4<0000000000000000>, C4<0000000000000000>, C4<0000000000000000>;
L_0x5555908e48f0 .functor BUFZ 16, L_0x5555908e45a0, C4<0000000000000000>, C4<0000000000000000>, C4<0000000000000000>;
L_0x5555908e5250 .functor BUFZ 32, L_0x5555908e5970, C4<00000000000000000000000000000000>, C4<00000000000000000000000000000000>, C4<00000000000000000000000000000000>;
L_0x5555908e5de0 .functor BUFZ 16, v0x555590890290_0, C4<0000000000000000>, C4<0000000000000000>, C4<0000000000000000>;
L_0x5555908e5e50 .functor BUFZ 16, L_0x5555908e31d0, C4<0000000000000000>, C4<0000000000000000>, C4<0000000000000000>;
L_0x5555908e6650 .functor XOR 17, L_0x5555908e62a0, L_0x5555908e6510, C4<00000000000000000>, C4<00000000000000000>;
o0x7fcc3a4a62d8 .functor BUFZ 1, c4<z>; HiZ drive
L_0x5555908e6800 .functor XOR 1, L_0x5555908e5f30, o0x7fcc3a4a62d8, C4<0>, C4<0>;
L_0x5555908e5ec0 .functor XOR 16, L_0x5555908e5c40, L_0x5555908e6b70, C4<0000000000000000>, C4<0000000000000000>;
L_0x5555908e7090 .functor BUFZ 16, L_0x5555908e6e00, C4<0000000000000000>, C4<0000000000000000>, C4<0000000000000000>;
L_0x5555908e7350 .functor BUFZ 16, v0x555590890370_0, C4<0000000000000000>, C4<0000000000000000>, C4<0000000000000000>;
L_0x5555908e7460 .functor BUFZ 16, L_0x5555908e32a0, C4<0000000000000000>, C4<0000000000000000>, C4<0000000000000000>;
L_0x5555908e7f20 .functor XOR 17, L_0x5555908e78c0, L_0x5555908e7c20, C4<00000000000000000>, C4<00000000000000000>;
L_0x5555908e80e0 .functor XOR 16, L_0x5555908e7570, L_0x5555908e8480, C4<0000000000000000>, C4<0000000000000000>;
L_0x5555908e8030 .functor BUFZ 16, L_0x5555908e8640, C4<0000000000000000>, C4<0000000000000000>, C4<0000000000000000>;
v0x5555908880e0_0 .net "A", 15 0, o0x7fcc3a4a6218;  0 drivers
o0x7fcc3a4a6248 .functor BUFZ 1, c4<z>; HiZ drive
v0x5555908881c0_0 .net "ACCUMCI", 0 0, o0x7fcc3a4a6248;  0 drivers
v0x555590888280_0 .net "ACCUMCO", 0 0, L_0x5555908e5f30;  1 drivers
o0x7fcc3a4a62a8 .functor BUFZ 1, c4<z>; HiZ drive
v0x555590888320_0 .net "ADDSUBBOT", 0 0, o0x7fcc3a4a62a8;  0 drivers
v0x5555908883e0_0 .net "ADDSUBTOP", 0 0, o0x7fcc3a4a62d8;  0 drivers
o0x7fcc3a4a6308 .functor BUFZ 1, c4<z>; HiZ drive
v0x5555908884a0_0 .net "AHOLD", 0 0, o0x7fcc3a4a6308;  0 drivers
v0x555590888560_0 .net "Ah", 15 0, L_0x5555908e35c0;  1 drivers
v0x555590888640_0 .net "Al", 15 0, L_0x5555908e37a0;  1 drivers
v0x555590888720_0 .net "B", 15 0, o0x7fcc3a4a6398;  0 drivers
o0x7fcc3a4a63c8 .functor BUFZ 1, c4<z>; HiZ drive
v0x555590888890_0 .net "BHOLD", 0 0, o0x7fcc3a4a63c8;  0 drivers
v0x555590888950_0 .net "Bh", 15 0, L_0x5555908e3a30;  1 drivers
v0x555590888a30_0 .net "Bl", 15 0, L_0x5555908e3c10;  1 drivers
v0x555590888b10_0 .net "C", 15 0, o0x7fcc3a4a6458;  0 drivers
o0x7fcc3a4a6488 .functor BUFZ 1, c4<z>; HiZ drive
v0x555590888bf0_0 .net "CE", 0 0, o0x7fcc3a4a6488;  0 drivers
o0x7fcc3a4a64b8 .functor BUFZ 1, c4<z>; HiZ drive
v0x555590888cb0_0 .net "CHOLD", 0 0, o0x7fcc3a4a64b8;  0 drivers
o0x7fcc3a4a64e8 .functor BUFZ 1, c4<z>; HiZ drive
v0x555590888d70_0 .net "CI", 0 0, o0x7fcc3a4a64e8;  0 drivers
v0x555590888e30_0 .net "CLK", 0 0, o0x7fcc3a4a6518;  0 drivers
v0x555590889000_0 .net "CO", 0 0, L_0x5555908e6800;  1 drivers
v0x5555908890c0_0 .net "D", 15 0, o0x7fcc3a4a6578;  0 drivers
o0x7fcc3a4a65a8 .functor BUFZ 1, c4<z>; HiZ drive
v0x5555908891a0_0 .net "DHOLD", 0 0, o0x7fcc3a4a65a8;  0 drivers
L_0x7fcc3a44df00 .functor BUFT 1, C4<0>, C4<0>, C4<0>, C4<0>;
v0x555590889260_0 .net "HCI", 0 0, L_0x7fcc3a44df00;  1 drivers
o0x7fcc3a4a6608 .functor BUFZ 1, c4<z>; HiZ drive
v0x555590889320_0 .net "IRSTBOT", 0 0, o0x7fcc3a4a6608;  0 drivers
o0x7fcc3a4a6638 .functor BUFZ 1, c4<z>; HiZ drive
v0x5555908893e0_0 .net "IRSTTOP", 0 0, o0x7fcc3a4a6638;  0 drivers
L_0x7fcc3a44e020 .functor BUFT 1, C4<0>, C4<0>, C4<0>, C4<0>;
v0x5555908894a0_0 .net "LCI", 0 0, L_0x7fcc3a44e020;  1 drivers
v0x555590889560_0 .net "LCO", 0 0, L_0x5555908e74d0;  1 drivers
v0x555590889620_0 .net "O", 31 0, L_0x5555908e8b30;  1 drivers
o0x7fcc3a4a66f8 .functor BUFZ 1, c4<z>; HiZ drive
v0x555590889700_0 .net "OHOLDBOT", 0 0, o0x7fcc3a4a66f8;  0 drivers
o0x7fcc3a4a6728 .functor BUFZ 1, c4<z>; HiZ drive
v0x5555908897c0_0 .net "OHOLDTOP", 0 0, o0x7fcc3a4a6728;  0 drivers
o0x7fcc3a4a6758 .functor BUFZ 1, c4<z>; HiZ drive
v0x555590889880_0 .net "OLOADBOT", 0 0, o0x7fcc3a4a6758;  0 drivers
o0x7fcc3a4a6788 .functor BUFZ 1, c4<z>; HiZ drive
v0x555590889940_0 .net "OLOADTOP", 0 0, o0x7fcc3a4a6788;  0 drivers
o0x7fcc3a4a67b8 .functor BUFZ 1, c4<z>; HiZ drive
v0x555590889a00_0 .net "ORSTBOT", 0 0, o0x7fcc3a4a67b8;  0 drivers
o0x7fcc3a4a67e8 .functor BUFZ 1, c4<z>; HiZ drive
v0x555590889ac0_0 .net "ORSTTOP", 0 0, o0x7fcc3a4a67e8;  0 drivers
v0x555590889b80_0 .net "Oh", 15 0, L_0x5555908e7090;  1 drivers
v0x555590889e70_0 .net "Ol", 15 0, L_0x5555908e8030;  1 drivers
o0x7fcc3a4a6878 .functor BUFZ 1, c4<z>; HiZ drive
v0x555590889f50_0 .net "SIGNEXTIN", 0 0, o0x7fcc3a4a6878;  0 drivers
v0x55559088a010_0 .net "SIGNEXTOUT", 0 0, L_0x5555908e7150;  1 drivers
v0x55559088a0d0_0 .net "XW", 15 0, L_0x5555908e5c40;  1 drivers
v0x55559088a1b0_0 .net "YZ", 15 0, L_0x5555908e7570;  1 drivers
v0x55559088a290_0 .net/2u *"_ivl_0", 0 0, L_0x7fcc3a44d9a8;  1 drivers
v0x55559088a370_0 .net *"_ivl_100", 31 0, L_0x5555908e5880;  1 drivers
L_0x7fcc3a44dd98 .functor BUFT 1, C4<0000000000000000>, C4<0>, C4<0>, C4<0>;
v0x55559088a450_0 .net *"_ivl_103", 15 0, L_0x7fcc3a44dd98;  1 drivers
v0x55559088a530_0 .net *"_ivl_104", 31 0, L_0x5555908e5b00;  1 drivers
v0x55559088a610_0 .net *"_ivl_106", 15 0, L_0x5555908e5a60;  1 drivers
L_0x7fcc3a44dde0 .functor BUFT 1, C4<0000000000000000>, C4<0>, C4<0>, C4<0>;
v0x55559088a6f0_0 .net *"_ivl_108", 15 0, L_0x7fcc3a44dde0;  1 drivers
L_0x7fcc3a44d9f0 .functor BUFT 1, C4<00000000>, C4<0>, C4<0>, C4<0>;
v0x55559088a7d0_0 .net/2u *"_ivl_12", 7 0, L_0x7fcc3a44d9f0;  1 drivers
v0x55559088a8b0_0 .net *"_ivl_121", 16 0, L_0x5555908e60e0;  1 drivers
L_0x7fcc3a44de28 .functor BUFT 1, C4<0>, C4<0>, C4<0>, C4<0>;
v0x55559088a990_0 .net *"_ivl_124", 0 0, L_0x7fcc3a44de28;  1 drivers
v0x55559088aa70_0 .net *"_ivl_125", 16 0, L_0x5555908e62a0;  1 drivers
L_0x7fcc3a44de70 .functor BUFT 1, C4<0>, C4<0>, C4<0>, C4<0>;
v0x55559088ab50_0 .net *"_ivl_128", 0 0, L_0x7fcc3a44de70;  1 drivers
v0x55559088ac30_0 .net *"_ivl_130", 15 0, L_0x5555908e6340;  1 drivers
v0x55559088ad10_0 .net *"_ivl_131", 16 0, L_0x5555908e6510;  1 drivers
L_0x7fcc3a44deb8 .functor BUFT 1, C4<0>, C4<0>, C4<0>, C4<0>;
v0x55559088adf0_0 .net *"_ivl_134", 0 0, L_0x7fcc3a44deb8;  1 drivers
v0x55559088aed0_0 .net *"_ivl_135", 16 0, L_0x5555908e6650;  1 drivers
v0x55559088afb0_0 .net *"_ivl_137", 16 0, L_0x5555908e6760;  1 drivers
L_0x7fcc3a44e1d0 .functor BUFT 1, C4<00000000000000000>, C4<0>, C4<0>, C4<0>;
v0x55559088b090_0 .net *"_ivl_139", 16 0, L_0x7fcc3a44e1d0;  1 drivers
v0x55559088b170_0 .net *"_ivl_143", 16 0, L_0x5555908e63e0;  1 drivers
v0x55559088b250_0 .net *"_ivl_148", 15 0, L_0x5555908e6b70;  1 drivers
v0x55559088b330_0 .net *"_ivl_149", 15 0, L_0x5555908e5ec0;  1 drivers
v0x55559088b410_0 .net *"_ivl_15", 7 0, L_0x5555908e34a0;  1 drivers
v0x55559088b4f0_0 .net *"_ivl_168", 16 0, L_0x5555908e7780;  1 drivers
L_0x7fcc3a44df48 .functor BUFT 1, C4<0>, C4<0>, C4<0>, C4<0>;
v0x55559088b5d0_0 .net *"_ivl_171", 0 0, L_0x7fcc3a44df48;  1 drivers
v0x55559088b6b0_0 .net *"_ivl_172", 16 0, L_0x5555908e78c0;  1 drivers
L_0x7fcc3a44df90 .functor BUFT 1, C4<0>, C4<0>, C4<0>, C4<0>;
v0x55559088b790_0 .net *"_ivl_175", 0 0, L_0x7fcc3a44df90;  1 drivers
v0x55559088b870_0 .net *"_ivl_177", 15 0, L_0x5555908e7b80;  1 drivers
v0x55559088b950_0 .net *"_ivl_178", 16 0, L_0x5555908e7c20;  1 drivers
L_0x7fcc3a44da38 .functor BUFT 1, C4<00000000>, C4<0>, C4<0>, C4<0>;
v0x55559088be40_0 .net/2u *"_ivl_18", 7 0, L_0x7fcc3a44da38;  1 drivers
L_0x7fcc3a44dfd8 .functor BUFT 1, C4<0>, C4<0>, C4<0>, C4<0>;
v0x55559088bf20_0 .net *"_ivl_181", 0 0, L_0x7fcc3a44dfd8;  1 drivers
v0x55559088c000_0 .net *"_ivl_182", 16 0, L_0x5555908e7f20;  1 drivers
v0x55559088c0e0_0 .net *"_ivl_184", 16 0, L_0x5555908e73c0;  1 drivers
L_0x7fcc3a44e218 .functor BUFT 1, C4<00000000000000000>, C4<0>, C4<0>, C4<0>;
v0x55559088c1c0_0 .net *"_ivl_186", 16 0, L_0x7fcc3a44e218;  1 drivers
v0x55559088c2a0_0 .net *"_ivl_190", 16 0, L_0x5555908e81f0;  1 drivers
v0x55559088c380_0 .net *"_ivl_193", 15 0, L_0x5555908e8480;  1 drivers
v0x55559088c460_0 .net *"_ivl_194", 15 0, L_0x5555908e80e0;  1 drivers
v0x55559088c540_0 .net *"_ivl_21", 7 0, L_0x5555908e3700;  1 drivers
L_0x7fcc3a44da80 .functor BUFT 1, C4<00000000>, C4<0>, C4<0>, C4<0>;
v0x55559088c620_0 .net/2u *"_ivl_24", 7 0, L_0x7fcc3a44da80;  1 drivers
v0x55559088c700_0 .net *"_ivl_27", 7 0, L_0x5555908e3940;  1 drivers
L_0x7fcc3a44dac8 .functor BUFT 1, C4<00000000>, C4<0>, C4<0>, C4<0>;
v0x55559088c7e0_0 .net/2u *"_ivl_30", 7 0, L_0x7fcc3a44dac8;  1 drivers
v0x55559088c8c0_0 .net *"_ivl_33", 7 0, L_0x5555908e3b70;  1 drivers
L_0x7fcc3a44db10 .functor BUFT 1, C4<00000000>, C4<0>, C4<0>, C4<0>;
v0x55559088c9a0_0 .net/2u *"_ivl_38", 7 0, L_0x7fcc3a44db10;  1 drivers
v0x55559088ca80_0 .net *"_ivl_41", 7 0, L_0x5555908e3ee0;  1 drivers
v0x55559088cb60_0 .net *"_ivl_42", 15 0, L_0x5555908e4030;  1 drivers
L_0x7fcc3a44db58 .functor BUFT 1, C4<00000000>, C4<0>, C4<0>, C4<0>;
v0x55559088cc40_0 .net/2u *"_ivl_46", 7 0, L_0x7fcc3a44db58;  1 drivers
v0x55559088cd20_0 .net *"_ivl_49", 7 0, L_0x5555908e4280;  1 drivers
v0x55559088ce00_0 .net *"_ivl_50", 15 0, L_0x5555908e4370;  1 drivers
L_0x7fcc3a44dba0 .functor BUFT 1, C4<00000000>, C4<0>, C4<0>, C4<0>;
v0x55559088cee0_0 .net/2u *"_ivl_64", 7 0, L_0x7fcc3a44dba0;  1 drivers
L_0x7fcc3a44dbe8 .functor BUFT 1, C4<00000000>, C4<0>, C4<0>, C4<0>;
v0x55559088cfc0_0 .net/2u *"_ivl_68", 7 0, L_0x7fcc3a44dbe8;  1 drivers
v0x55559088d0a0_0 .net *"_ivl_72", 31 0, L_0x5555908e4cd0;  1 drivers
L_0x7fcc3a44dc30 .functor BUFT 1, C4<0000000000000000>, C4<0>, C4<0>, C4<0>;
v0x55559088d180_0 .net *"_ivl_75", 15 0, L_0x7fcc3a44dc30;  1 drivers
v0x55559088d260_0 .net *"_ivl_76", 31 0, L_0x5555908e4e10;  1 drivers
L_0x7fcc3a44dc78 .functor BUFT 1, C4<00000000>, C4<0>, C4<0>, C4<0>;
v0x55559088d340_0 .net *"_ivl_79", 7 0, L_0x7fcc3a44dc78;  1 drivers
v0x55559088d420_0 .net *"_ivl_80", 31 0, L_0x5555908e5050;  1 drivers
v0x55559088d500_0 .net *"_ivl_82", 23 0, L_0x5555908e4c30;  1 drivers
L_0x7fcc3a44dcc0 .functor BUFT 1, C4<00000000>, C4<0>, C4<0>, C4<0>;
v0x55559088d5e0_0 .net *"_ivl_84", 7 0, L_0x7fcc3a44dcc0;  1 drivers
v0x55559088d6c0_0 .net *"_ivl_86", 31 0, L_0x5555908e4f00;  1 drivers
v0x55559088d7a0_0 .net *"_ivl_88", 31 0, L_0x5555908e5360;  1 drivers
L_0x7fcc3a44dd08 .functor BUFT 1, C4<00000000>, C4<0>, C4<0>, C4<0>;
v0x55559088d880_0 .net *"_ivl_91", 7 0, L_0x7fcc3a44dd08;  1 drivers
v0x55559088d960_0 .net *"_ivl_92", 31 0, L_0x5555908e55c0;  1 drivers
v0x55559088da40_0 .net *"_ivl_94", 23 0, L_0x5555908e5520;  1 drivers
L_0x7fcc3a44dd50 .functor BUFT 1, C4<00000000>, C4<0>, C4<0>, C4<0>;
v0x55559088db20_0 .net *"_ivl_96", 7 0, L_0x7fcc3a44dd50;  1 drivers
v0x55559088dc00_0 .net *"_ivl_98", 31 0, L_0x5555908e5450;  1 drivers
v0x55559088dce0_0 .net "clock", 0 0, L_0x5555908e3040;  1 drivers
v0x55559088dda0_0 .net "iA", 15 0, L_0x5555908e31d0;  1 drivers
v0x55559088de80_0 .net "iB", 15 0, L_0x5555908e32a0;  1 drivers
v0x55559088df60_0 .net "iC", 15 0, L_0x5555908e3130;  1 drivers
v0x55559088e040_0 .net "iD", 15 0, L_0x5555908e33a0;  1 drivers
v0x55559088e120_0 .net "iF", 15 0, L_0x5555908e4210;  1 drivers
v0x55559088e200_0 .net "iG", 15 0, L_0x5555908e48f0;  1 drivers
v0x55559088e2e0_0 .net "iH", 31 0, L_0x5555908e5250;  1 drivers
v0x55559088e3c0_0 .net "iJ", 15 0, L_0x5555908e4720;  1 drivers
v0x55559088e4a0_0 .net "iJ_e", 23 0, L_0x5555908e4af0;  1 drivers
v0x55559088e580_0 .net "iK", 15 0, L_0x5555908e47e0;  1 drivers
v0x55559088e660_0 .net "iK_e", 23 0, L_0x5555908e49b0;  1 drivers
v0x55559088e740_0 .net "iL", 31 0, L_0x5555908e5970;  1 drivers
v0x55559088e820_0 .net "iP", 15 0, L_0x5555908e6e00;  1 drivers
v0x55559088e900_0 .net "iQ", 15 0, v0x555590890290_0;  1 drivers
v0x55559088e9e0_0 .net "iR", 15 0, L_0x5555908e8640;  1 drivers
v0x55559088eac0_0 .net "iS", 15 0, v0x555590890370_0;  1 drivers
v0x55559088eba0_0 .net "iW", 15 0, L_0x5555908e5de0;  1 drivers
v0x55559088ec80_0 .net "iX", 15 0, L_0x5555908e5e50;  1 drivers
v0x55559088ed60_0 .net "iY", 15 0, L_0x5555908e7350;  1 drivers
v0x55559088ee40_0 .net "iZ", 15 0, L_0x5555908e7460;  1 drivers
v0x55559088ef20_0 .net "p_Ah_Bh", 15 0, L_0x5555908e3da0;  1 drivers
v0x55559088f000_0 .net "p_Ah_Bl", 15 0, L_0x5555908e44b0;  1 drivers
v0x55559088f0e0_0 .net "p_Al_Bh", 15 0, L_0x5555908e4120;  1 drivers
v0x55559088f1c0_0 .net "p_Al_Bl", 15 0, L_0x5555908e45a0;  1 drivers
v0x55559088f2a0_0 .var "rA", 15 0;
v0x55559088f380_0 .var "rB", 15 0;
v0x55559088f460_0 .var "rC", 15 0;
v0x55559088f540_0 .var "rD", 15 0;
v0x55559088fe30_0 .var "rF", 15 0;
v0x55559088ff10_0 .var "rG", 15 0;
v0x55559088fff0_0 .var "rH", 31 0;
v0x5555908900d0_0 .var "rJ", 15 0;
v0x5555908901b0_0 .var "rK", 15 0;
v0x555590890290_0 .var "rQ", 15 0;
v0x555590890370_0 .var "rS", 15 0;
E_0x555590887f10 .event posedge, v0x555590889a00_0, v0x55559088dce0_0;
E_0x555590887f90 .event posedge, v0x555590889ac0_0, v0x55559088dce0_0;
E_0x555590887ff0 .event posedge, v0x555590889320_0, v0x55559088dce0_0;
E_0x555590888050 .event posedge, v0x5555908893e0_0, v0x55559088dce0_0;
L_0x5555908e34a0 .part L_0x5555908e31d0, 8, 8;
L_0x5555908e35c0 .concat [ 8 8 0 0], L_0x5555908e34a0, L_0x7fcc3a44d9f0;
L_0x5555908e3700 .part L_0x5555908e31d0, 0, 8;
L_0x5555908e37a0 .concat [ 8 8 0 0], L_0x5555908e3700, L_0x7fcc3a44da38;
L_0x5555908e3940 .part L_0x5555908e32a0, 8, 8;
L_0x5555908e3a30 .concat [ 8 8 0 0], L_0x5555908e3940, L_0x7fcc3a44da80;
L_0x5555908e3b70 .part L_0x5555908e32a0, 0, 8;
L_0x5555908e3c10 .concat [ 8 8 0 0], L_0x5555908e3b70, L_0x7fcc3a44dac8;
L_0x5555908e3da0 .arith/mult 16, L_0x5555908e35c0, L_0x5555908e3a30;
L_0x5555908e3ee0 .part L_0x5555908e37a0, 0, 8;
L_0x5555908e4030 .concat [ 8 8 0 0], L_0x5555908e3ee0, L_0x7fcc3a44db10;
L_0x5555908e4120 .arith/mult 16, L_0x5555908e4030, L_0x5555908e3a30;
L_0x5555908e4280 .part L_0x5555908e3c10, 0, 8;
L_0x5555908e4370 .concat [ 8 8 0 0], L_0x5555908e4280, L_0x7fcc3a44db58;
L_0x5555908e44b0 .arith/mult 16, L_0x5555908e35c0, L_0x5555908e4370;
L_0x5555908e45a0 .arith/mult 16, L_0x5555908e37a0, L_0x5555908e3c10;
L_0x5555908e49b0 .concat [ 16 8 0 0], L_0x5555908e47e0, L_0x7fcc3a44dba0;
L_0x5555908e4af0 .concat [ 16 8 0 0], L_0x5555908e4720, L_0x7fcc3a44dbe8;
L_0x5555908e4cd0 .concat [ 16 16 0 0], L_0x5555908e48f0, L_0x7fcc3a44dc30;
L_0x5555908e4e10 .concat [ 24 8 0 0], L_0x5555908e49b0, L_0x7fcc3a44dc78;
L_0x5555908e4c30 .part L_0x5555908e4e10, 0, 24;
L_0x5555908e5050 .concat [ 8 24 0 0], L_0x7fcc3a44dcc0, L_0x5555908e4c30;
L_0x5555908e4f00 .arith/sum 32, L_0x5555908e4cd0, L_0x5555908e5050;
L_0x5555908e5360 .concat [ 24 8 0 0], L_0x5555908e4af0, L_0x7fcc3a44dd08;
L_0x5555908e5520 .part L_0x5555908e5360, 0, 24;
L_0x5555908e55c0 .concat [ 8 24 0 0], L_0x7fcc3a44dd50, L_0x5555908e5520;
L_0x5555908e5450 .arith/sum 32, L_0x5555908e4f00, L_0x5555908e55c0;
L_0x5555908e5880 .concat [ 16 16 0 0], L_0x5555908e4210, L_0x7fcc3a44dd98;
L_0x5555908e5a60 .part L_0x5555908e5880, 0, 16;
L_0x5555908e5b00 .concat [ 16 16 0 0], L_0x7fcc3a44dde0, L_0x5555908e5a60;
L_0x5555908e5970 .arith/sum 32, L_0x5555908e5450, L_0x5555908e5b00;
L_0x5555908e5f30 .part L_0x5555908e63e0, 16, 1;
L_0x5555908e5c40 .part L_0x5555908e63e0, 0, 16;
L_0x5555908e60e0 .concat [ 16 1 0 0], L_0x5555908e5e50, L_0x7fcc3a44de28;
L_0x5555908e62a0 .concat [ 16 1 0 0], L_0x5555908e5de0, L_0x7fcc3a44de70;
L_0x5555908e6340 .repeat 16, 16, o0x7fcc3a4a62d8;
L_0x5555908e6510 .concat [ 16 1 0 0], L_0x5555908e6340, L_0x7fcc3a44deb8;
L_0x5555908e6760 .arith/sum 17, L_0x5555908e60e0, L_0x5555908e6650;
L_0x5555908e63e0 .arith/sum 17, L_0x5555908e6760, L_0x7fcc3a44e1d0;
L_0x5555908e6b70 .repeat 16, 16, o0x7fcc3a4a62d8;
L_0x5555908e6e00 .functor MUXZ 16, L_0x5555908e5ec0, L_0x5555908e3130, o0x7fcc3a4a6788, C4<>;
L_0x5555908e7150 .part L_0x5555908e5e50, 15, 1;
L_0x5555908e74d0 .part L_0x5555908e81f0, 16, 1;
L_0x5555908e7570 .part L_0x5555908e81f0, 0, 16;
L_0x5555908e7780 .concat [ 16 1 0 0], L_0x5555908e7460, L_0x7fcc3a44df48;
L_0x5555908e78c0 .concat [ 16 1 0 0], L_0x5555908e7350, L_0x7fcc3a44df90;
L_0x5555908e7b80 .repeat 16, 16, o0x7fcc3a4a62a8;
L_0x5555908e7c20 .concat [ 16 1 0 0], L_0x5555908e7b80, L_0x7fcc3a44dfd8;
L_0x5555908e73c0 .arith/sum 17, L_0x5555908e7780, L_0x5555908e7f20;
L_0x5555908e81f0 .arith/sum 17, L_0x5555908e73c0, L_0x7fcc3a44e218;
L_0x5555908e8480 .repeat 16, 16, o0x7fcc3a4a62a8;
L_0x5555908e8640 .functor MUXZ 16, L_0x5555908e80e0, L_0x5555908e33a0, o0x7fcc3a4a6758, C4<>;
L_0x5555908e8b30 .concat [ 16 16 0 0], L_0x5555908e8030, L_0x5555908e7090;
S_0x5555907cb5b0 .scope module, "SB_PLL40_2F_CORE" "SB_PLL40_2F_CORE" 14 2521;
 .timescale -12 -12;
    .port_info 0 /INPUT 1 "REFERENCECLK";
    .port_info 1 /OUTPUT 1 "PLLOUTCOREA";
    .port_info 2 /OUTPUT 1 "PLLOUTGLOBALA";
    .port_info 3 /OUTPUT 1 "PLLOUTCOREB";
    .port_info 4 /OUTPUT 1 "PLLOUTGLOBALB";
    .port_info 5 /INPUT 1 "EXTFEEDBACK";
    .port_info 6 /INPUT 8 "DYNAMICDELAY";
    .port_info 7 /OUTPUT 1 "LOCK";
    .port_info 8 /INPUT 1 "BYPASS";
    .port_info 9 /INPUT 1 "RESETB";
    .port_info 10 /INPUT 1 "LATCHINPUTVALUE";
    .port_info 11 /OUTPUT 1 "SDO";
    .port_info 12 /INPUT 1 "SDI";
    .port_info 13 /INPUT 1 "SCLK";
P_0x55559066f270 .param/str "DELAY_ADJUSTMENT_MODE_FEEDBACK" 0 14 2538, "FIXED";
P_0x55559066f2b0 .param/str "DELAY_ADJUSTMENT_MODE_RELATIVE" 0 14 2539, "FIXED";
P_0x55559066f2f0 .param/l "DIVF" 0 14 2546, C4<0000000>;
P_0x55559066f330 .param/l "DIVQ" 0 14 2547, C4<000>;
P_0x55559066f370 .param/l "DIVR" 0 14 2545, C4<0000>;
P_0x55559066f3b0 .param/l "ENABLE_ICEGATE_PORTA" 0 14 2549, C4<0>;
P_0x55559066f3f0 .param/l "ENABLE_ICEGATE_PORTB" 0 14 2550, C4<0>;
P_0x55559066f430 .param/l "EXTERNAL_DIVIDE_FACTOR" 0 14 2552, +C4<00000000000000000000000000000001>;
P_0x55559066f470 .param/l "FDA_FEEDBACK" 0 14 2541, C4<0000>;
P_0x55559066f4b0 .param/l "FDA_RELATIVE" 0 14 2542, C4<0000>;
P_0x55559066f4f0 .param/str "FEEDBACK_PATH" 0 14 2537, "SIMPLE";
P_0x55559066f530 .param/l "FILTER_RANGE" 0 14 2548, C4<000>;
P_0x55559066f570 .param/str "PLLOUT_SELECT_PORTA" 0 14 2543, "GENCLK";
P_0x55559066f5b0 .param/str "PLLOUT_SELECT_PORTB" 0 14 2544, "GENCLK";
P_0x55559066f5f0 .param/l "SHIFTREG_DIV_MODE" 0 14 2540, C4<0>;
P_0x55559066f630 .param/l "TEST_MODE" 0 14 2551, C4<0>;
o0x7fcc3a4a80a8 .functor BUFZ 1, c4<z>; HiZ drive
v0x555590890890_0 .net "BYPASS", 0 0, o0x7fcc3a4a80a8;  0 drivers
o0x7fcc3a4a80d8 .functor BUFZ 8, c4<zzzzzzzz>; HiZ drive
v0x555590890970_0 .net "DYNAMICDELAY", 7 0, o0x7fcc3a4a80d8;  0 drivers
o0x7fcc3a4a8108 .functor BUFZ 1, c4<z>; HiZ drive
v0x555590890a50_0 .net "EXTFEEDBACK", 0 0, o0x7fcc3a4a8108;  0 drivers
o0x7fcc3a4a8138 .functor BUFZ 1, c4<z>; HiZ drive
v0x555590890af0_0 .net "LATCHINPUTVALUE", 0 0, o0x7fcc3a4a8138;  0 drivers
o0x7fcc3a4a8168 .functor BUFZ 1, c4<z>; HiZ drive
v0x555590890bb0_0 .net "LOCK", 0 0, o0x7fcc3a4a8168;  0 drivers
o0x7fcc3a4a8198 .functor BUFZ 1, c4<z>; HiZ drive
v0x555590890c70_0 .net "PLLOUTCOREA", 0 0, o0x7fcc3a4a8198;  0 drivers
o0x7fcc3a4a81c8 .functor BUFZ 1, c4<z>; HiZ drive
v0x555590890d30_0 .net "PLLOUTCOREB", 0 0, o0x7fcc3a4a81c8;  0 drivers
o0x7fcc3a4a81f8 .functor BUFZ 1, c4<z>; HiZ drive
v0x555590890df0_0 .net "PLLOUTGLOBALA", 0 0, o0x7fcc3a4a81f8;  0 drivers
o0x7fcc3a4a8228 .functor BUFZ 1, c4<z>; HiZ drive
v0x555590890eb0_0 .net "PLLOUTGLOBALB", 0 0, o0x7fcc3a4a8228;  0 drivers
o0x7fcc3a4a8258 .functor BUFZ 1, c4<z>; HiZ drive
v0x555590890f70_0 .net "REFERENCECLK", 0 0, o0x7fcc3a4a8258;  0 drivers
o0x7fcc3a4a8288 .functor BUFZ 1, c4<z>; HiZ drive
v0x555590891030_0 .net "RESETB", 0 0, o0x7fcc3a4a8288;  0 drivers
o0x7fcc3a4a82b8 .functor BUFZ 1, c4<z>; HiZ drive
v0x5555908910f0_0 .net "SCLK", 0 0, o0x7fcc3a4a82b8;  0 drivers
o0x7fcc3a4a82e8 .functor BUFZ 1, c4<z>; HiZ drive
v0x5555908911b0_0 .net "SDI", 0 0, o0x7fcc3a4a82e8;  0 drivers
o0x7fcc3a4a8318 .functor BUFZ 1, c4<z>; HiZ drive
v0x555590891270_0 .net "SDO", 0 0, o0x7fcc3a4a8318;  0 drivers
S_0x5555907cad20 .scope module, "SB_PLL40_2F_PAD" "SB_PLL40_2F_PAD" 14 2556;
 .timescale -12 -12;
    .port_info 0 /INPUT 1 "PACKAGEPIN";
    .port_info 1 /OUTPUT 1 "PLLOUTCOREA";
    .port_info 2 /OUTPUT 1 "PLLOUTGLOBALA";
    .port_info 3 /OUTPUT 1 "PLLOUTCOREB";
    .port_info 4 /OUTPUT 1 "PLLOUTGLOBALB";
    .port_info 5 /INPUT 1 "EXTFEEDBACK";
    .port_info 6 /INPUT 8 "DYNAMICDELAY";
    .port_info 7 /OUTPUT 1 "LOCK";
    .port_info 8 /INPUT 1 "BYPASS";
    .port_info 9 /INPUT 1 "RESETB";
    .port_info 10 /INPUT 1 "LATCHINPUTVALUE";
    .port_info 11 /OUTPUT 1 "SDO";
    .port_info 12 /INPUT 1 "SDI";
    .port_info 13 /INPUT 1 "SCLK";
P_0x555590647900 .param/str "DELAY_ADJUSTMENT_MODE_FEEDBACK" 0 14 2573, "FIXED";
P_0x555590647940 .param/str "DELAY_ADJUSTMENT_MODE_RELATIVE" 0 14 2574, "FIXED";
P_0x555590647980 .param/l "DIVF" 0 14 2581, C4<0000000>;
P_0x5555906479c0 .param/l "DIVQ" 0 14 2582, C4<000>;
P_0x555590647a00 .param/l "DIVR" 0 14 2580, C4<0000>;
P_0x555590647a40 .param/l "ENABLE_ICEGATE_PORTA" 0 14 2584, C4<0>;
P_0x555590647a80 .param/l "ENABLE_ICEGATE_PORTB" 0 14 2585, C4<0>;
P_0x555590647ac0 .param/l "EXTERNAL_DIVIDE_FACTOR" 0 14 2587, +C4<00000000000000000000000000000001>;
P_0x555590647b00 .param/l "FDA_FEEDBACK" 0 14 2576, C4<0000>;
P_0x555590647b40 .param/l "FDA_RELATIVE" 0 14 2577, C4<0000>;
P_0x555590647b80 .param/str "FEEDBACK_PATH" 0 14 2572, "SIMPLE";
P_0x555590647bc0 .param/l "FILTER_RANGE" 0 14 2583, C4<000>;
P_0x555590647c00 .param/str "PLLOUT_SELECT_PORTA" 0 14 2578, "GENCLK";
P_0x555590647c40 .param/str "PLLOUT_SELECT_PORTB" 0 14 2579, "GENCLK";
P_0x555590647c80 .param/l "SHIFTREG_DIV_MODE" 0 14 2575, C4<00>;
P_0x555590647cc0 .param/l "TEST_MODE" 0 14 2586, C4<0>;
o0x7fcc3a4a85e8 .functor BUFZ 1, c4<z>; HiZ drive
v0x5555908914f0_0 .net "BYPASS", 0 0, o0x7fcc3a4a85e8;  0 drivers
o0x7fcc3a4a8618 .functor BUFZ 8, c4<zzzzzzzz>; HiZ drive
v0x5555908915d0_0 .net "DYNAMICDELAY", 7 0, o0x7fcc3a4a8618;  0 drivers
o0x7fcc3a4a8648 .functor BUFZ 1, c4<z>; HiZ drive
v0x5555908916b0_0 .net "EXTFEEDBACK", 0 0, o0x7fcc3a4a8648;  0 drivers
o0x7fcc3a4a8678 .functor BUFZ 1, c4<z>; HiZ drive
v0x555590891750_0 .net "LATCHINPUTVALUE", 0 0, o0x7fcc3a4a8678;  0 drivers
o0x7fcc3a4a86a8 .functor BUFZ 1, c4<z>; HiZ drive
v0x555590891810_0 .net "LOCK", 0 0, o0x7fcc3a4a86a8;  0 drivers
o0x7fcc3a4a86d8 .functor BUFZ 1, c4<z>; HiZ drive
v0x5555908918d0_0 .net "PACKAGEPIN", 0 0, o0x7fcc3a4a86d8;  0 drivers
o0x7fcc3a4a8708 .functor BUFZ 1, c4<z>; HiZ drive
v0x555590891990_0 .net "PLLOUTCOREA", 0 0, o0x7fcc3a4a8708;  0 drivers
o0x7fcc3a4a8738 .functor BUFZ 1, c4<z>; HiZ drive
v0x555590891a50_0 .net "PLLOUTCOREB", 0 0, o0x7fcc3a4a8738;  0 drivers
o0x7fcc3a4a8768 .functor BUFZ 1, c4<z>; HiZ drive
v0x555590891b10_0 .net "PLLOUTGLOBALA", 0 0, o0x7fcc3a4a8768;  0 drivers
o0x7fcc3a4a8798 .functor BUFZ 1, c4<z>; HiZ drive
v0x555590891c60_0 .net "PLLOUTGLOBALB", 0 0, o0x7fcc3a4a8798;  0 drivers
o0x7fcc3a4a87c8 .functor BUFZ 1, c4<z>; HiZ drive
v0x555590891d20_0 .net "RESETB", 0 0, o0x7fcc3a4a87c8;  0 drivers
o0x7fcc3a4a87f8 .functor BUFZ 1, c4<z>; HiZ drive
v0x555590891de0_0 .net "SCLK", 0 0, o0x7fcc3a4a87f8;  0 drivers
o0x7fcc3a4a8828 .functor BUFZ 1, c4<z>; HiZ drive
v0x555590891ea0_0 .net "SDI", 0 0, o0x7fcc3a4a8828;  0 drivers
o0x7fcc3a4a8858 .functor BUFZ 1, c4<z>; HiZ drive
v0x555590891f60_0 .net "SDO", 0 0, o0x7fcc3a4a8858;  0 drivers
S_0x5555907ca490 .scope module, "SB_PLL40_2_PAD" "SB_PLL40_2_PAD" 14 2487;
 .timescale -12 -12;
    .port_info 0 /INPUT 1 "PACKAGEPIN";
    .port_info 1 /OUTPUT 1 "PLLOUTCOREA";
    .port_info 2 /OUTPUT 1 "PLLOUTGLOBALA";
    .port_info 3 /OUTPUT 1 "PLLOUTCOREB";
    .port_info 4 /OUTPUT 1 "PLLOUTGLOBALB";
    .port_info 5 /INPUT 1 "EXTFEEDBACK";
    .port_info 6 /INPUT 8 "DYNAMICDELAY";
    .port_info 7 /OUTPUT 1 "LOCK";
    .port_info 8 /INPUT 1 "BYPASS";
    .port_info 9 /INPUT 1 "RESETB";
    .port_info 10 /INPUT 1 "LATCHINPUTVALUE";
    .port_info 11 /OUTPUT 1 "SDO";
    .port_info 12 /INPUT 1 "SDI";
    .port_info 13 /INPUT 1 "SCLK";
P_0x555590749c20 .param/str "DELAY_ADJUSTMENT_MODE_FEEDBACK" 0 14 2504, "FIXED";
P_0x555590749c60 .param/str "DELAY_ADJUSTMENT_MODE_RELATIVE" 0 14 2505, "FIXED";
P_0x555590749ca0 .param/l "DIVF" 0 14 2511, C4<0000000>;
P_0x555590749ce0 .param/l "DIVQ" 0 14 2512, C4<000>;
P_0x555590749d20 .param/l "DIVR" 0 14 2510, C4<0000>;
P_0x555590749d60 .param/l "ENABLE_ICEGATE_PORTA" 0 14 2514, C4<0>;
P_0x555590749da0 .param/l "ENABLE_ICEGATE_PORTB" 0 14 2515, C4<0>;
P_0x555590749de0 .param/l "EXTERNAL_DIVIDE_FACTOR" 0 14 2517, +C4<00000000000000000000000000000001>;
P_0x555590749e20 .param/l "FDA_FEEDBACK" 0 14 2507, C4<0000>;
P_0x555590749e60 .param/l "FDA_RELATIVE" 0 14 2508, C4<0000>;
P_0x555590749ea0 .param/str "FEEDBACK_PATH" 0 14 2503, "SIMPLE";
P_0x555590749ee0 .param/l "FILTER_RANGE" 0 14 2513, C4<000>;
P_0x555590749f20 .param/str "PLLOUT_SELECT_PORTB" 0 14 2509, "GENCLK";
P_0x555590749f60 .param/l "SHIFTREG_DIV_MODE" 0 14 2506, C4<0>;
P_0x555590749fa0 .param/l "TEST_MODE" 0 14 2516, C4<0>;
o0x7fcc3a4a8b28 .functor BUFZ 1, c4<z>; HiZ drive
v0x5555908921e0_0 .net "BYPASS", 0 0, o0x7fcc3a4a8b28;  0 drivers
o0x7fcc3a4a8b58 .functor BUFZ 8, c4<zzzzzzzz>; HiZ drive
v0x5555908922c0_0 .net "DYNAMICDELAY", 7 0, o0x7fcc3a4a8b58;  0 drivers
o0x7fcc3a4a8b88 .functor BUFZ 1, c4<z>; HiZ drive
v0x5555908923a0_0 .net "EXTFEEDBACK", 0 0, o0x7fcc3a4a8b88;  0 drivers
o0x7fcc3a4a8bb8 .functor BUFZ 1, c4<z>; HiZ drive
v0x555590892440_0 .net "LATCHINPUTVALUE", 0 0, o0x7fcc3a4a8bb8;  0 drivers
o0x7fcc3a4a8be8 .functor BUFZ 1, c4<z>; HiZ drive
v0x555590892500_0 .net "LOCK", 0 0, o0x7fcc3a4a8be8;  0 drivers
o0x7fcc3a4a8c18 .functor BUFZ 1, c4<z>; HiZ drive
v0x5555908925c0_0 .net "PACKAGEPIN", 0 0, o0x7fcc3a4a8c18;  0 drivers
o0x7fcc3a4a8c48 .functor BUFZ 1, c4<z>; HiZ drive
v0x555590892680_0 .net "PLLOUTCOREA", 0 0, o0x7fcc3a4a8c48;  0 drivers
o0x7fcc3a4a8c78 .functor BUFZ 1, c4<z>; HiZ drive
v0x555590892740_0 .net "PLLOUTCOREB", 0 0, o0x7fcc3a4a8c78;  0 drivers
o0x7fcc3a4a8ca8 .functor BUFZ 1, c4<z>; HiZ drive
v0x555590892800_0 .net "PLLOUTGLOBALA", 0 0, o0x7fcc3a4a8ca8;  0 drivers
o0x7fcc3a4a8cd8 .functor BUFZ 1, c4<z>; HiZ drive
v0x555590892950_0 .net "PLLOUTGLOBALB", 0 0, o0x7fcc3a4a8cd8;  0 drivers
o0x7fcc3a4a8d08 .functor BUFZ 1, c4<z>; HiZ drive
v0x555590892a10_0 .net "RESETB", 0 0, o0x7fcc3a4a8d08;  0 drivers
o0x7fcc3a4a8d38 .functor BUFZ 1, c4<z>; HiZ drive
v0x555590892ad0_0 .net "SCLK", 0 0, o0x7fcc3a4a8d38;  0 drivers
o0x7fcc3a4a8d68 .functor BUFZ 1, c4<z>; HiZ drive
v0x555590892b90_0 .net "SDI", 0 0, o0x7fcc3a4a8d68;  0 drivers
o0x7fcc3a4a8d98 .functor BUFZ 1, c4<z>; HiZ drive
v0x555590892c50_0 .net "SDO", 0 0, o0x7fcc3a4a8d98;  0 drivers
S_0x5555907c06f0 .scope module, "SB_PLL40_CORE" "SB_PLL40_CORE" 14 2425;
 .timescale -12 -12;
    .port_info 0 /INPUT 1 "REFERENCECLK";
    .port_info 1 /OUTPUT 1 "PLLOUTCORE";
    .port_info 2 /OUTPUT 1 "PLLOUTGLOBAL";
    .port_info 3 /INPUT 1 "EXTFEEDBACK";
    .port_info 4 /INPUT 8 "DYNAMICDELAY";
    .port_info 5 /OUTPUT 1 "LOCK";
    .port_info 6 /INPUT 1 "BYPASS";
    .port_info 7 /INPUT 1 "RESETB";
    .port_info 8 /INPUT 1 "LATCHINPUTVALUE";
    .port_info 9 /OUTPUT 1 "SDO";
    .port_info 10 /INPUT 1 "SDI";
    .port_info 11 /INPUT 1 "SCLK";
P_0x55559064c870 .param/str "DELAY_ADJUSTMENT_MODE_FEEDBACK" 0 14 2440, "FIXED";
P_0x55559064c8b0 .param/str "DELAY_ADJUSTMENT_MODE_RELATIVE" 0 14 2441, "FIXED";
P_0x55559064c8f0 .param/l "DIVF" 0 14 2447, C4<0000000>;
P_0x55559064c930 .param/l "DIVQ" 0 14 2448, C4<000>;
P_0x55559064c970 .param/l "DIVR" 0 14 2446, C4<0000>;
P_0x55559064c9b0 .param/l "ENABLE_ICEGATE" 0 14 2450, C4<0>;
P_0x55559064c9f0 .param/l "EXTERNAL_DIVIDE_FACTOR" 0 14 2452, +C4<00000000000000000000000000000001>;
P_0x55559064ca30 .param/l "FDA_FEEDBACK" 0 14 2443, C4<0000>;
P_0x55559064ca70 .param/l "FDA_RELATIVE" 0 14 2444, C4<0000>;
P_0x55559064cab0 .param/str "FEEDBACK_PATH" 0 14 2439, "SIMPLE";
P_0x55559064caf0 .param/l "FILTER_RANGE" 0 14 2449, C4<000>;
P_0x55559064cb30 .param/str "PLLOUT_SELECT" 0 14 2445, "GENCLK";
P_0x55559064cb70 .param/l "SHIFTREG_DIV_MODE" 0 14 2442, C4<0>;
P_0x55559064cbb0 .param/l "TEST_MODE" 0 14 2451, C4<0>;
o0x7fcc3a4a9068 .functor BUFZ 1, c4<z>; HiZ drive
v0x555590892ed0_0 .net "BYPASS", 0 0, o0x7fcc3a4a9068;  0 drivers
o0x7fcc3a4a9098 .functor BUFZ 8, c4<zzzzzzzz>; HiZ drive
v0x555590892fb0_0 .net "DYNAMICDELAY", 7 0, o0x7fcc3a4a9098;  0 drivers
o0x7fcc3a4a90c8 .functor BUFZ 1, c4<z>; HiZ drive
v0x555590893090_0 .net "EXTFEEDBACK", 0 0, o0x7fcc3a4a90c8;  0 drivers
o0x7fcc3a4a90f8 .functor BUFZ 1, c4<z>; HiZ drive
v0x555590893130_0 .net "LATCHINPUTVALUE", 0 0, o0x7fcc3a4a90f8;  0 drivers
o0x7fcc3a4a9128 .functor BUFZ 1, c4<z>; HiZ drive
v0x5555908931f0_0 .net "LOCK", 0 0, o0x7fcc3a4a9128;  0 drivers
o0x7fcc3a4a9158 .functor BUFZ 1, c4<z>; HiZ drive
v0x5555908932b0_0 .net "PLLOUTCORE", 0 0, o0x7fcc3a4a9158;  0 drivers
o0x7fcc3a4a9188 .functor BUFZ 1, c4<z>; HiZ drive
v0x555590893370_0 .net "PLLOUTGLOBAL", 0 0, o0x7fcc3a4a9188;  0 drivers
o0x7fcc3a4a91b8 .functor BUFZ 1, c4<z>; HiZ drive
v0x555590893430_0 .net "REFERENCECLK", 0 0, o0x7fcc3a4a91b8;  0 drivers
o0x7fcc3a4a91e8 .functor BUFZ 1, c4<z>; HiZ drive
v0x5555908934f0_0 .net "RESETB", 0 0, o0x7fcc3a4a91e8;  0 drivers
o0x7fcc3a4a9218 .functor BUFZ 1, c4<z>; HiZ drive
v0x555590893640_0 .net "SCLK", 0 0, o0x7fcc3a4a9218;  0 drivers
o0x7fcc3a4a9248 .functor BUFZ 1, c4<z>; HiZ drive
v0x555590893700_0 .net "SDI", 0 0, o0x7fcc3a4a9248;  0 drivers
o0x7fcc3a4a9278 .functor BUFZ 1, c4<z>; HiZ drive
v0x5555908937c0_0 .net "SDO", 0 0, o0x7fcc3a4a9278;  0 drivers
S_0x5555907b8b40 .scope module, "SB_PLL40_PAD" "SB_PLL40_PAD" 14 2456;
 .timescale -12 -12;
    .port_info 0 /INPUT 1 "PACKAGEPIN";
    .port_info 1 /OUTPUT 1 "PLLOUTCORE";
    .port_info 2 /OUTPUT 1 "PLLOUTGLOBAL";
    .port_info 3 /INPUT 1 "EXTFEEDBACK";
    .port_info 4 /INPUT 8 "DYNAMICDELAY";
    .port_info 5 /OUTPUT 1 "LOCK";
    .port_info 6 /INPUT 1 "BYPASS";
    .port_info 7 /INPUT 1 "RESETB";
    .port_info 8 /INPUT 1 "LATCHINPUTVALUE";
    .port_info 9 /OUTPUT 1 "SDO";
    .port_info 10 /INPUT 1 "SDI";
    .port_info 11 /INPUT 1 "SCLK";
P_0x555590665b50 .param/str "DELAY_ADJUSTMENT_MODE_FEEDBACK" 0 14 2471, "FIXED";
P_0x555590665b90 .param/str "DELAY_ADJUSTMENT_MODE_RELATIVE" 0 14 2472, "FIXED";
P_0x555590665bd0 .param/l "DIVF" 0 14 2478, C4<0000000>;
P_0x555590665c10 .param/l "DIVQ" 0 14 2479, C4<000>;
P_0x555590665c50 .param/l "DIVR" 0 14 2477, C4<0000>;
P_0x555590665c90 .param/l "ENABLE_ICEGATE" 0 14 2481, C4<0>;
P_0x555590665cd0 .param/l "EXTERNAL_DIVIDE_FACTOR" 0 14 2483, +C4<00000000000000000000000000000001>;
P_0x555590665d10 .param/l "FDA_FEEDBACK" 0 14 2474, C4<0000>;
P_0x555590665d50 .param/l "FDA_RELATIVE" 0 14 2475, C4<0000>;
P_0x555590665d90 .param/str "FEEDBACK_PATH" 0 14 2470, "SIMPLE";
P_0x555590665dd0 .param/l "FILTER_RANGE" 0 14 2480, C4<000>;
P_0x555590665e10 .param/str "PLLOUT_SELECT" 0 14 2476, "GENCLK";
P_0x555590665e50 .param/l "SHIFTREG_DIV_MODE" 0 14 2473, C4<0>;
P_0x555590665e90 .param/l "TEST_MODE" 0 14 2482, C4<0>;
o0x7fcc3a4a94e8 .functor BUFZ 1, c4<z>; HiZ drive
v0x555590893a70_0 .net "BYPASS", 0 0, o0x7fcc3a4a94e8;  0 drivers
o0x7fcc3a4a9518 .functor BUFZ 8, c4<zzzzzzzz>; HiZ drive
v0x555590893b50_0 .net "DYNAMICDELAY", 7 0, o0x7fcc3a4a9518;  0 drivers
o0x7fcc3a4a9548 .functor BUFZ 1, c4<z>; HiZ drive
v0x555590893c30_0 .net "EXTFEEDBACK", 0 0, o0x7fcc3a4a9548;  0 drivers
o0x7fcc3a4a9578 .functor BUFZ 1, c4<z>; HiZ drive
v0x555590893cd0_0 .net "LATCHINPUTVALUE", 0 0, o0x7fcc3a4a9578;  0 drivers
o0x7fcc3a4a95a8 .functor BUFZ 1, c4<z>; HiZ drive
v0x555590893d90_0 .net "LOCK", 0 0, o0x7fcc3a4a95a8;  0 drivers
o0x7fcc3a4a95d8 .functor BUFZ 1, c4<z>; HiZ drive
v0x555590893e50_0 .net "PACKAGEPIN", 0 0, o0x7fcc3a4a95d8;  0 drivers
o0x7fcc3a4a9608 .functor BUFZ 1, c4<z>; HiZ drive
v0x555590893f10_0 .net "PLLOUTCORE", 0 0, o0x7fcc3a4a9608;  0 drivers
o0x7fcc3a4a9638 .functor BUFZ 1, c4<z>; HiZ drive
v0x555590893fd0_0 .net "PLLOUTGLOBAL", 0 0, o0x7fcc3a4a9638;  0 drivers
o0x7fcc3a4a9668 .functor BUFZ 1, c4<z>; HiZ drive
v0x555590894090_0 .net "RESETB", 0 0, o0x7fcc3a4a9668;  0 drivers
o0x7fcc3a4a9698 .functor BUFZ 1, c4<z>; HiZ drive
v0x5555908941e0_0 .net "SCLK", 0 0, o0x7fcc3a4a9698;  0 drivers
o0x7fcc3a4a96c8 .functor BUFZ 1, c4<z>; HiZ drive
v0x5555908942a0_0 .net "SDI", 0 0, o0x7fcc3a4a96c8;  0 drivers
o0x7fcc3a4a96f8 .functor BUFZ 1, c4<z>; HiZ drive
v0x555590894360_0 .net "SDO", 0 0, o0x7fcc3a4a96f8;  0 drivers
S_0x5555907c4be0 .scope module, "SB_RAM40_4KNR" "SB_RAM40_4KNR" 14 1726;
 .timescale -12 -12;
    .port_info 0 /OUTPUT 16 "RDATA";
    .port_info 1 /INPUT 1 "RCLKN";
    .port_info 2 /INPUT 1 "RCLKE";
    .port_info 3 /INPUT 1 "RE";
    .port_info 4 /INPUT 11 "RADDR";
    .port_info 5 /INPUT 1 "WCLK";
    .port_info 6 /INPUT 1 "WCLKE";
    .port_info 7 /INPUT 1 "WE";
    .port_info 8 /INPUT 11 "WADDR";
    .port_info 9 /INPUT 16 "MASK";
    .port_info 10 /INPUT 16 "WDATA";
P_0x55559064a460 .param/l "INIT_0" 0 14 1742, C4<0000000000000000000000000000000000000000000000000000000000000000000000000000000000000000000000000000000000000000000000000000000000000000000000000000000000000000000000000000000000000000000000000000000000000000000000000000000000000000000000000000000000000000>;
P_0x55559064a4a0 .param/l "INIT_1" 0 14 1743, C4<0000000000000000000000000000000000000000000000000000000000000000000000000000000000000000000000000000000000000000000000000000000000000000000000000000000000000000000000000000000000000000000000000000000000000000000000000000000000000000000000000000000000000000>;
P_0x55559064a4e0 .param/l "INIT_2" 0 14 1744, C4<0000000000000000000000000000000000000000000000000000000000000000000000000000000000000000000000000000000000000000000000000000000000000000000000000000000000000000000000000000000000000000000000000000000000000000000000000000000000000000000000000000000000000000>;
P_0x55559064a520 .param/l "INIT_3" 0 14 1745, C4<0000000000000000000000000000000000000000000000000000000000000000000000000000000000000000000000000000000000000000000000000000000000000000000000000000000000000000000000000000000000000000000000000000000000000000000000000000000000000000000000000000000000000000>;
P_0x55559064a560 .param/l "INIT_4" 0 14 1746, C4<0000000000000000000000000000000000000000000000000000000000000000000000000000000000000000000000000000000000000000000000000000000000000000000000000000000000000000000000000000000000000000000000000000000000000000000000000000000000000000000000000000000000000000>;
P_0x55559064a5a0 .param/l "INIT_5" 0 14 1747, C4<0000000000000000000000000000000000000000000000000000000000000000000000000000000000000000000000000000000000000000000000000000000000000000000000000000000000000000000000000000000000000000000000000000000000000000000000000000000000000000000000000000000000000000>;
P_0x55559064a5e0 .param/l "INIT_6" 0 14 1748, C4<0000000000000000000000000000000000000000000000000000000000000000000000000000000000000000000000000000000000000000000000000000000000000000000000000000000000000000000000000000000000000000000000000000000000000000000000000000000000000000000000000000000000000000>;
P_0x55559064a620 .param/l "INIT_7" 0 14 1749, C4<0000000000000000000000000000000000000000000000000000000000000000000000000000000000000000000000000000000000000000000000000000000000000000000000000000000000000000000000000000000000000000000000000000000000000000000000000000000000000000000000000000000000000000>;
P_0x55559064a660 .param/l "INIT_8" 0 14 1750, C4<0000000000000000000000000000000000000000000000000000000000000000000000000000000000000000000000000000000000000000000000000000000000000000000000000000000000000000000000000000000000000000000000000000000000000000000000000000000000000000000000000000000000000000>;
P_0x55559064a6a0 .param/l "INIT_9" 0 14 1751, C4<0000000000000000000000000000000000000000000000000000000000000000000000000000000000000000000000000000000000000000000000000000000000000000000000000000000000000000000000000000000000000000000000000000000000000000000000000000000000000000000000000000000000000000>;
P_0x55559064a6e0 .param/l "INIT_A" 0 14 1752, C4<0000000000000000000000000000000000000000000000000000000000000000000000000000000000000000000000000000000000000000000000000000000000000000000000000000000000000000000000000000000000000000000000000000000000000000000000000000000000000000000000000000000000000000>;
P_0x55559064a720 .param/l "INIT_B" 0 14 1753, C4<0000000000000000000000000000000000000000000000000000000000000000000000000000000000000000000000000000000000000000000000000000000000000000000000000000000000000000000000000000000000000000000000000000000000000000000000000000000000000000000000000000000000000000>;
P_0x55559064a760 .param/l "INIT_C" 0 14 1754, C4<0000000000000000000000000000000000000000000000000000000000000000000000000000000000000000000000000000000000000000000000000000000000000000000000000000000000000000000000000000000000000000000000000000000000000000000000000000000000000000000000000000000000000000>;
P_0x55559064a7a0 .param/l "INIT_D" 0 14 1755, C4<0000000000000000000000000000000000000000000000000000000000000000000000000000000000000000000000000000000000000000000000000000000000000000000000000000000000000000000000000000000000000000000000000000000000000000000000000000000000000000000000000000000000000000>;
P_0x55559064a7e0 .param/l "INIT_E" 0 14 1756, C4<0000000000000000000000000000000000000000000000000000000000000000000000000000000000000000000000000000000000000000000000000000000000000000000000000000000000000000000000000000000000000000000000000000000000000000000000000000000000000000000000000000000000000000>;
P_0x55559064a820 .param/l "INIT_F" 0 14 1757, C4<0000000000000000000000000000000000000000000000000000000000000000000000000000000000000000000000000000000000000000000000000000000000000000000000000000000000000000000000000000000000000000000000000000000000000000000000000000000000000000000000000000000000000000>;
P_0x55559064a860 .param/str "INIT_FILE" 0 14 1759, "\000";
P_0x55559064a8a0 .param/l "READ_MODE" 0 14 1740, +C4<00000000000000000000000000000000>;
P_0x55559064a8e0 .param/l "WRITE_MODE" 0 14 1739, +C4<00000000000000000000000000000000>;
o0x7fcc3a4a9e78 .functor BUFZ 1, c4<z>; HiZ drive
L_0x5555908e8eb0 .functor NOT 1, o0x7fcc3a4a9e78, C4<0>, C4<0>, C4<0>;
o0x7fcc3a4a9968 .functor BUFZ 16, c4<zzzzzzzzzzzzzzzz>; HiZ drive
v0x555590897d30_0 .net "MASK", 15 0, o0x7fcc3a4a9968;  0 drivers
o0x7fcc3a4a9998 .functor BUFZ 11, c4<zzzzzzzzzzz>; HiZ drive
v0x555590897e10_0 .net "RADDR", 10 0, o0x7fcc3a4a9998;  0 drivers
o0x7fcc3a4a99f8 .functor BUFZ 1, c4<z>; HiZ drive
v0x555590897ee0_0 .net "RCLKE", 0 0, o0x7fcc3a4a99f8;  0 drivers
v0x555590897fe0_0 .net "RCLKN", 0 0, o0x7fcc3a4a9e78;  0 drivers
v0x555590898080_0 .net "RDATA", 15 0, L_0x5555908e8df0;  1 drivers
o0x7fcc3a4a9a88 .functor BUFZ 1, c4<z>; HiZ drive
v0x555590898120_0 .net "RE", 0 0, o0x7fcc3a4a9a88;  0 drivers
o0x7fcc3a4a9ae8 .functor BUFZ 11, c4<zzzzzzzzzzz>; HiZ drive
v0x5555908981f0_0 .net "WADDR", 10 0, o0x7fcc3a4a9ae8;  0 drivers
o0x7fcc3a4a9b18 .functor BUFZ 1, c4<z>; HiZ drive
v0x5555908982c0_0 .net "WCLK", 0 0, o0x7fcc3a4a9b18;  0 drivers
o0x7fcc3a4a9b48 .functor BUFZ 1, c4<z>; HiZ drive
v0x555590898390_0 .net "WCLKE", 0 0, o0x7fcc3a4a9b48;  0 drivers
o0x7fcc3a4a9b78 .functor BUFZ 16, c4<zzzzzzzzzzzzzzzz>; HiZ drive
v0x555590898460_0 .net "WDATA", 15 0, o0x7fcc3a4a9b78;  0 drivers
o0x7fcc3a4a9bd8 .functor BUFZ 1, c4<z>; HiZ drive
v0x555590898530_0 .net "WE", 0 0, o0x7fcc3a4a9bd8;  0 drivers
S_0x555590894610 .scope module, "RAM" "SB_RAM40_4K" 14 1781, 14 1487 0, S_0x5555907c4be0;
 .timescale -12 -12;
    .port_info 0 /OUTPUT 16 "RDATA";
    .port_info 1 /INPUT 1 "RCLK";
    .port_info 2 /INPUT 1 "RCLKE";
    .port_info 3 /INPUT 1 "RE";
    .port_info 4 /INPUT 11 "RADDR";
    .port_info 5 /INPUT 1 "WCLK";
    .port_info 6 /INPUT 1 "WCLKE";
    .port_info 7 /INPUT 1 "WE";
    .port_info 8 /INPUT 11 "WADDR";
    .port_info 9 /INPUT 16 "MASK";
    .port_info 10 /INPUT 16 "WDATA";
P_0x5555908947c0 .param/l "INIT_0" 0 14 1507, C4<0000000000000000000000000000000000000000000000000000000000000000000000000000000000000000000000000000000000000000000000000000000000000000000000000000000000000000000000000000000000000000000000000000000000000000000000000000000000000000000000000000000000000000>;
P_0x555590894800 .param/l "INIT_1" 0 14 1508, C4<0000000000000000000000000000000000000000000000000000000000000000000000000000000000000000000000000000000000000000000000000000000000000000000000000000000000000000000000000000000000000000000000000000000000000000000000000000000000000000000000000000000000000000>;
P_0x555590894840 .param/l "INIT_2" 0 14 1509, C4<0000000000000000000000000000000000000000000000000000000000000000000000000000000000000000000000000000000000000000000000000000000000000000000000000000000000000000000000000000000000000000000000000000000000000000000000000000000000000000000000000000000000000000>;
P_0x555590894880 .param/l "INIT_3" 0 14 1510, C4<0000000000000000000000000000000000000000000000000000000000000000000000000000000000000000000000000000000000000000000000000000000000000000000000000000000000000000000000000000000000000000000000000000000000000000000000000000000000000000000000000000000000000000>;
P_0x5555908948c0 .param/l "INIT_4" 0 14 1511, C4<0000000000000000000000000000000000000000000000000000000000000000000000000000000000000000000000000000000000000000000000000000000000000000000000000000000000000000000000000000000000000000000000000000000000000000000000000000000000000000000000000000000000000000>;
P_0x555590894900 .param/l "INIT_5" 0 14 1512, C4<0000000000000000000000000000000000000000000000000000000000000000000000000000000000000000000000000000000000000000000000000000000000000000000000000000000000000000000000000000000000000000000000000000000000000000000000000000000000000000000000000000000000000000>;
P_0x555590894940 .param/l "INIT_6" 0 14 1513, C4<0000000000000000000000000000000000000000000000000000000000000000000000000000000000000000000000000000000000000000000000000000000000000000000000000000000000000000000000000000000000000000000000000000000000000000000000000000000000000000000000000000000000000000>;
P_0x555590894980 .param/l "INIT_7" 0 14 1514, C4<0000000000000000000000000000000000000000000000000000000000000000000000000000000000000000000000000000000000000000000000000000000000000000000000000000000000000000000000000000000000000000000000000000000000000000000000000000000000000000000000000000000000000000>;
P_0x5555908949c0 .param/l "INIT_8" 0 14 1515, C4<0000000000000000000000000000000000000000000000000000000000000000000000000000000000000000000000000000000000000000000000000000000000000000000000000000000000000000000000000000000000000000000000000000000000000000000000000000000000000000000000000000000000000000>;
P_0x555590894a00 .param/l "INIT_9" 0 14 1516, C4<0000000000000000000000000000000000000000000000000000000000000000000000000000000000000000000000000000000000000000000000000000000000000000000000000000000000000000000000000000000000000000000000000000000000000000000000000000000000000000000000000000000000000000>;
P_0x555590894a40 .param/l "INIT_A" 0 14 1517, C4<0000000000000000000000000000000000000000000000000000000000000000000000000000000000000000000000000000000000000000000000000000000000000000000000000000000000000000000000000000000000000000000000000000000000000000000000000000000000000000000000000000000000000000>;
P_0x555590894a80 .param/l "INIT_B" 0 14 1518, C4<0000000000000000000000000000000000000000000000000000000000000000000000000000000000000000000000000000000000000000000000000000000000000000000000000000000000000000000000000000000000000000000000000000000000000000000000000000000000000000000000000000000000000000>;
P_0x555590894ac0 .param/l "INIT_C" 0 14 1519, C4<0000000000000000000000000000000000000000000000000000000000000000000000000000000000000000000000000000000000000000000000000000000000000000000000000000000000000000000000000000000000000000000000000000000000000000000000000000000000000000000000000000000000000000>;
P_0x555590894b00 .param/l "INIT_D" 0 14 1520, C4<0000000000000000000000000000000000000000000000000000000000000000000000000000000000000000000000000000000000000000000000000000000000000000000000000000000000000000000000000000000000000000000000000000000000000000000000000000000000000000000000000000000000000000>;
P_0x555590894b40 .param/l "INIT_E" 0 14 1521, C4<0000000000000000000000000000000000000000000000000000000000000000000000000000000000000000000000000000000000000000000000000000000000000000000000000000000000000000000000000000000000000000000000000000000000000000000000000000000000000000000000000000000000000000>;
P_0x555590894b80 .param/l "INIT_F" 0 14 1522, C4<0000000000000000000000000000000000000000000000000000000000000000000000000000000000000000000000000000000000000000000000000000000000000000000000000000000000000000000000000000000000000000000000000000000000000000000000000000000000000000000000000000000000000000>;
P_0x555590894bc0 .param/str "INIT_FILE" 0 14 1524, "\000";
P_0x555590894c00 .param/l "READ_MODE" 0 14 1505, +C4<00000000000000000000000000000000>;
P_0x555590894c40 .param/l "WRITE_MODE" 0 14 1504, +C4<00000000000000000000000000000000>;
v0x555590896c20_0 .net "MASK", 15 0, o0x7fcc3a4a9968;  alias, 0 drivers
v0x555590896ce0_0 .net "RADDR", 10 0, o0x7fcc3a4a9998;  alias, 0 drivers
v0x555590896dc0_0 .net "RCLK", 0 0, L_0x5555908e8eb0;  1 drivers
v0x555590896e90_0 .net "RCLKE", 0 0, o0x7fcc3a4a99f8;  alias, 0 drivers
v0x555590896f50_0 .net "RDATA", 15 0, L_0x5555908e8df0;  alias, 1 drivers
v0x555590897080_0 .var "RDATA_I", 15 0;
v0x555590897160_0 .net "RE", 0 0, o0x7fcc3a4a9a88;  alias, 0 drivers
L_0x7fcc3a44e068 .functor BUFT 1, C4<0000000000000000>, C4<0>, C4<0>, C4<0>;
v0x555590897220_0 .net "RMASK_I", 15 0, L_0x7fcc3a44e068;  1 drivers
v0x555590897300_0 .net "WADDR", 10 0, o0x7fcc3a4a9ae8;  alias, 0 drivers
v0x5555908973e0_0 .net "WCLK", 0 0, o0x7fcc3a4a9b18;  alias, 0 drivers
v0x5555908974a0_0 .net "WCLKE", 0 0, o0x7fcc3a4a9b48;  alias, 0 drivers
v0x555590897560_0 .net "WDATA", 15 0, o0x7fcc3a4a9b78;  alias, 0 drivers
v0x555590897640_0 .net "WDATA_I", 15 0, L_0x5555908e8d30;  1 drivers
v0x555590897720_0 .net "WE", 0 0, o0x7fcc3a4a9bd8;  alias, 0 drivers
v0x5555908977e0_0 .net "WMASK_I", 15 0, L_0x5555908e8c70;  1 drivers
v0x5555908978c0_0 .var/i "i", 31 0;
v0x5555908979a0 .array "memory", 255 0, 15 0;
E_0x555590896350 .event posedge, v0x555590896dc0_0;
E_0x5555908963d0 .event posedge, v0x5555908973e0_0;
S_0x555590896430 .scope generate, "genblk1" "genblk1" 14 1534, 14 1534 0, S_0x555590894610;
 .timescale -12 -12;
L_0x5555908e8c70 .functor BUFZ 16, o0x7fcc3a4a9968, C4<0000000000000000>, C4<0000000000000000>, C4<0000000000000000>;
S_0x555590896630 .scope generate, "genblk2" "genblk2" 14 1555, 14 1555 0, S_0x555590894610;
 .timescale -12 -12;
S_0x555590896830 .scope generate, "genblk3" "genblk3" 14 1576, 14 1576 0, S_0x555590894610;
 .timescale -12 -12;
L_0x5555908e8d30 .functor BUFZ 16, o0x7fcc3a4a9b78, C4<0000000000000000>, C4<0000000000000000>, C4<0000000000000000>;
S_0x555590896a40 .scope generate, "genblk4" "genblk4" 14 1595, 14 1595 0, S_0x555590894610;
 .timescale -12 -12;
L_0x5555908e8df0 .functor BUFZ 16, v0x555590897080_0, C4<0000000000000000>, C4<0000000000000000>, C4<0000000000000000>;
S_0x5555907a3b30 .scope module, "SB_RAM40_4KNRNW" "SB_RAM40_4KNRNW" 14 1998;
 .timescale -12 -12;
    .port_info 0 /OUTPUT 16 "RDATA";
    .port_info 1 /INPUT 1 "RCLKN";
    .port_info 2 /INPUT 1 "RCLKE";
    .port_info 3 /INPUT 1 "RE";
    .port_info 4 /INPUT 11 "RADDR";
    .port_info 5 /INPUT 1 "WCLKN";
    .port_info 6 /INPUT 1 "WCLKE";
    .port_info 7 /INPUT 1 "WE";
    .port_info 8 /INPUT 11 "WADDR";
    .port_info 9 /INPUT 16 "MASK";
    .port_info 10 /INPUT 16 "WDATA";
P_0x5555905cbf50 .param/l "INIT_0" 0 14 2014, C4<0000000000000000000000000000000000000000000000000000000000000000000000000000000000000000000000000000000000000000000000000000000000000000000000000000000000000000000000000000000000000000000000000000000000000000000000000000000000000000000000000000000000000000>;
P_0x5555905cbf90 .param/l "INIT_1" 0 14 2015, C4<0000000000000000000000000000000000000000000000000000000000000000000000000000000000000000000000000000000000000000000000000000000000000000000000000000000000000000000000000000000000000000000000000000000000000000000000000000000000000000000000000000000000000000>;
P_0x5555905cbfd0 .param/l "INIT_2" 0 14 2016, C4<0000000000000000000000000000000000000000000000000000000000000000000000000000000000000000000000000000000000000000000000000000000000000000000000000000000000000000000000000000000000000000000000000000000000000000000000000000000000000000000000000000000000000000>;
P_0x5555905cc010 .param/l "INIT_3" 0 14 2017, C4<0000000000000000000000000000000000000000000000000000000000000000000000000000000000000000000000000000000000000000000000000000000000000000000000000000000000000000000000000000000000000000000000000000000000000000000000000000000000000000000000000000000000000000>;
P_0x5555905cc050 .param/l "INIT_4" 0 14 2018, C4<0000000000000000000000000000000000000000000000000000000000000000000000000000000000000000000000000000000000000000000000000000000000000000000000000000000000000000000000000000000000000000000000000000000000000000000000000000000000000000000000000000000000000000>;
P_0x5555905cc090 .param/l "INIT_5" 0 14 2019, C4<0000000000000000000000000000000000000000000000000000000000000000000000000000000000000000000000000000000000000000000000000000000000000000000000000000000000000000000000000000000000000000000000000000000000000000000000000000000000000000000000000000000000000000>;
P_0x5555905cc0d0 .param/l "INIT_6" 0 14 2020, C4<0000000000000000000000000000000000000000000000000000000000000000000000000000000000000000000000000000000000000000000000000000000000000000000000000000000000000000000000000000000000000000000000000000000000000000000000000000000000000000000000000000000000000000>;
P_0x5555905cc110 .param/l "INIT_7" 0 14 2021, C4<0000000000000000000000000000000000000000000000000000000000000000000000000000000000000000000000000000000000000000000000000000000000000000000000000000000000000000000000000000000000000000000000000000000000000000000000000000000000000000000000000000000000000000>;
P_0x5555905cc150 .param/l "INIT_8" 0 14 2022, C4<0000000000000000000000000000000000000000000000000000000000000000000000000000000000000000000000000000000000000000000000000000000000000000000000000000000000000000000000000000000000000000000000000000000000000000000000000000000000000000000000000000000000000000>;
P_0x5555905cc190 .param/l "INIT_9" 0 14 2023, C4<0000000000000000000000000000000000000000000000000000000000000000000000000000000000000000000000000000000000000000000000000000000000000000000000000000000000000000000000000000000000000000000000000000000000000000000000000000000000000000000000000000000000000000>;
P_0x5555905cc1d0 .param/l "INIT_A" 0 14 2024, C4<0000000000000000000000000000000000000000000000000000000000000000000000000000000000000000000000000000000000000000000000000000000000000000000000000000000000000000000000000000000000000000000000000000000000000000000000000000000000000000000000000000000000000000>;
P_0x5555905cc210 .param/l "INIT_B" 0 14 2025, C4<0000000000000000000000000000000000000000000000000000000000000000000000000000000000000000000000000000000000000000000000000000000000000000000000000000000000000000000000000000000000000000000000000000000000000000000000000000000000000000000000000000000000000000>;
P_0x5555905cc250 .param/l "INIT_C" 0 14 2026, C4<0000000000000000000000000000000000000000000000000000000000000000000000000000000000000000000000000000000000000000000000000000000000000000000000000000000000000000000000000000000000000000000000000000000000000000000000000000000000000000000000000000000000000000>;
P_0x5555905cc290 .param/l "INIT_D" 0 14 2027, C4<0000000000000000000000000000000000000000000000000000000000000000000000000000000000000000000000000000000000000000000000000000000000000000000000000000000000000000000000000000000000000000000000000000000000000000000000000000000000000000000000000000000000000000>;
P_0x5555905cc2d0 .param/l "INIT_E" 0 14 2028, C4<0000000000000000000000000000000000000000000000000000000000000000000000000000000000000000000000000000000000000000000000000000000000000000000000000000000000000000000000000000000000000000000000000000000000000000000000000000000000000000000000000000000000000000>;
P_0x5555905cc310 .param/l "INIT_F" 0 14 2029, C4<0000000000000000000000000000000000000000000000000000000000000000000000000000000000000000000000000000000000000000000000000000000000000000000000000000000000000000000000000000000000000000000000000000000000000000000000000000000000000000000000000000000000000000>;
P_0x5555905cc350 .param/str "INIT_FILE" 0 14 2031, "\000";
P_0x5555905cc390 .param/l "READ_MODE" 0 14 2012, +C4<00000000000000000000000000000000>;
P_0x5555905cc3d0 .param/l "WRITE_MODE" 0 14 2011, +C4<00000000000000000000000000000000>;
o0x7fcc3a4aa5c8 .functor BUFZ 1, c4<z>; HiZ drive
L_0x5555908e91c0 .functor NOT 1, o0x7fcc3a4aa5c8, C4<0>, C4<0>, C4<0>;
o0x7fcc3a4aa5f8 .functor BUFZ 1, c4<z>; HiZ drive
L_0x5555908e9260 .functor NOT 1, o0x7fcc3a4aa5f8, C4<0>, C4<0>, C4<0>;
o0x7fcc3a4aa0b8 .functor BUFZ 16, c4<zzzzzzzzzzzzzzzz>; HiZ drive
v0x55559089c070_0 .net "MASK", 15 0, o0x7fcc3a4aa0b8;  0 drivers
o0x7fcc3a4aa0e8 .functor BUFZ 11, c4<zzzzzzzzzzz>; HiZ drive
v0x55559089c150_0 .net "RADDR", 10 0, o0x7fcc3a4aa0e8;  0 drivers
o0x7fcc3a4aa148 .functor BUFZ 1, c4<z>; HiZ drive
v0x55559089c220_0 .net "RCLKE", 0 0, o0x7fcc3a4aa148;  0 drivers
v0x55559089c320_0 .net "RCLKN", 0 0, o0x7fcc3a4aa5c8;  0 drivers
v0x55559089c3c0_0 .net "RDATA", 15 0, L_0x5555908e9100;  1 drivers
o0x7fcc3a4aa1d8 .functor BUFZ 1, c4<z>; HiZ drive
v0x55559089c460_0 .net "RE", 0 0, o0x7fcc3a4aa1d8;  0 drivers
o0x7fcc3a4aa238 .functor BUFZ 11, c4<zzzzzzzzzzz>; HiZ drive
v0x55559089c530_0 .net "WADDR", 10 0, o0x7fcc3a4aa238;  0 drivers
o0x7fcc3a4aa298 .functor BUFZ 1, c4<z>; HiZ drive
v0x55559089c600_0 .net "WCLKE", 0 0, o0x7fcc3a4aa298;  0 drivers
v0x55559089c6d0_0 .net "WCLKN", 0 0, o0x7fcc3a4aa5f8;  0 drivers
o0x7fcc3a4aa2c8 .functor BUFZ 16, c4<zzzzzzzzzzzzzzzz>; HiZ drive
v0x55559089c770_0 .net "WDATA", 15 0, o0x7fcc3a4aa2c8;  0 drivers
o0x7fcc3a4aa328 .functor BUFZ 1, c4<z>; HiZ drive
v0x55559089c840_0 .net "WE", 0 0, o0x7fcc3a4aa328;  0 drivers
S_0x5555908986a0 .scope module, "RAM" "SB_RAM40_4K" 14 2053, 14 1487 0, S_0x5555907a3b30;
 .timescale -12 -12;
    .port_info 0 /OUTPUT 16 "RDATA";
    .port_info 1 /INPUT 1 "RCLK";
    .port_info 2 /INPUT 1 "RCLKE";
    .port_info 3 /INPUT 1 "RE";
    .port_info 4 /INPUT 11 "RADDR";
    .port_info 5 /INPUT 1 "WCLK";
    .port_info 6 /INPUT 1 "WCLKE";
    .port_info 7 /INPUT 1 "WE";
    .port_info 8 /INPUT 11 "WADDR";
    .port_info 9 /INPUT 16 "MASK";
    .port_info 10 /INPUT 16 "WDATA";
P_0x555590898850 .param/l "INIT_0" 0 14 1507, C4<0000000000000000000000000000000000000000000000000000000000000000000000000000000000000000000000000000000000000000000000000000000000000000000000000000000000000000000000000000000000000000000000000000000000000000000000000000000000000000000000000000000000000000>;
P_0x555590898890 .param/l "INIT_1" 0 14 1508, C4<0000000000000000000000000000000000000000000000000000000000000000000000000000000000000000000000000000000000000000000000000000000000000000000000000000000000000000000000000000000000000000000000000000000000000000000000000000000000000000000000000000000000000000>;
P_0x5555908988d0 .param/l "INIT_2" 0 14 1509, C4<0000000000000000000000000000000000000000000000000000000000000000000000000000000000000000000000000000000000000000000000000000000000000000000000000000000000000000000000000000000000000000000000000000000000000000000000000000000000000000000000000000000000000000>;
P_0x555590898910 .param/l "INIT_3" 0 14 1510, C4<0000000000000000000000000000000000000000000000000000000000000000000000000000000000000000000000000000000000000000000000000000000000000000000000000000000000000000000000000000000000000000000000000000000000000000000000000000000000000000000000000000000000000000>;
P_0x555590898950 .param/l "INIT_4" 0 14 1511, C4<0000000000000000000000000000000000000000000000000000000000000000000000000000000000000000000000000000000000000000000000000000000000000000000000000000000000000000000000000000000000000000000000000000000000000000000000000000000000000000000000000000000000000000>;
P_0x555590898990 .param/l "INIT_5" 0 14 1512, C4<0000000000000000000000000000000000000000000000000000000000000000000000000000000000000000000000000000000000000000000000000000000000000000000000000000000000000000000000000000000000000000000000000000000000000000000000000000000000000000000000000000000000000000>;
P_0x5555908989d0 .param/l "INIT_6" 0 14 1513, C4<0000000000000000000000000000000000000000000000000000000000000000000000000000000000000000000000000000000000000000000000000000000000000000000000000000000000000000000000000000000000000000000000000000000000000000000000000000000000000000000000000000000000000000>;
P_0x555590898a10 .param/l "INIT_7" 0 14 1514, C4<0000000000000000000000000000000000000000000000000000000000000000000000000000000000000000000000000000000000000000000000000000000000000000000000000000000000000000000000000000000000000000000000000000000000000000000000000000000000000000000000000000000000000000>;
P_0x555590898a50 .param/l "INIT_8" 0 14 1515, C4<0000000000000000000000000000000000000000000000000000000000000000000000000000000000000000000000000000000000000000000000000000000000000000000000000000000000000000000000000000000000000000000000000000000000000000000000000000000000000000000000000000000000000000>;
P_0x555590898a90 .param/l "INIT_9" 0 14 1516, C4<0000000000000000000000000000000000000000000000000000000000000000000000000000000000000000000000000000000000000000000000000000000000000000000000000000000000000000000000000000000000000000000000000000000000000000000000000000000000000000000000000000000000000000>;
P_0x555590898ad0 .param/l "INIT_A" 0 14 1517, C4<0000000000000000000000000000000000000000000000000000000000000000000000000000000000000000000000000000000000000000000000000000000000000000000000000000000000000000000000000000000000000000000000000000000000000000000000000000000000000000000000000000000000000000>;
P_0x555590898b10 .param/l "INIT_B" 0 14 1518, C4<0000000000000000000000000000000000000000000000000000000000000000000000000000000000000000000000000000000000000000000000000000000000000000000000000000000000000000000000000000000000000000000000000000000000000000000000000000000000000000000000000000000000000000>;
P_0x555590898b50 .param/l "INIT_C" 0 14 1519, C4<0000000000000000000000000000000000000000000000000000000000000000000000000000000000000000000000000000000000000000000000000000000000000000000000000000000000000000000000000000000000000000000000000000000000000000000000000000000000000000000000000000000000000000>;
P_0x555590898b90 .param/l "INIT_D" 0 14 1520, C4<0000000000000000000000000000000000000000000000000000000000000000000000000000000000000000000000000000000000000000000000000000000000000000000000000000000000000000000000000000000000000000000000000000000000000000000000000000000000000000000000000000000000000000>;
P_0x555590898bd0 .param/l "INIT_E" 0 14 1521, C4<0000000000000000000000000000000000000000000000000000000000000000000000000000000000000000000000000000000000000000000000000000000000000000000000000000000000000000000000000000000000000000000000000000000000000000000000000000000000000000000000000000000000000000>;
P_0x555590898c10 .param/l "INIT_F" 0 14 1522, C4<0000000000000000000000000000000000000000000000000000000000000000000000000000000000000000000000000000000000000000000000000000000000000000000000000000000000000000000000000000000000000000000000000000000000000000000000000000000000000000000000000000000000000000>;
P_0x555590898c50 .param/str "INIT_FILE" 0 14 1524, "\000";
P_0x555590898c90 .param/l "READ_MODE" 0 14 1505, +C4<00000000000000000000000000000000>;
P_0x555590898cd0 .param/l "WRITE_MODE" 0 14 1504, +C4<00000000000000000000000000000000>;
v0x55559089af60_0 .net "MASK", 15 0, o0x7fcc3a4aa0b8;  alias, 0 drivers
v0x55559089b020_0 .net "RADDR", 10 0, o0x7fcc3a4aa0e8;  alias, 0 drivers
v0x55559089b100_0 .net "RCLK", 0 0, L_0x5555908e91c0;  1 drivers
v0x55559089b1d0_0 .net "RCLKE", 0 0, o0x7fcc3a4aa148;  alias, 0 drivers
v0x55559089b290_0 .net "RDATA", 15 0, L_0x5555908e9100;  alias, 1 drivers
v0x55559089b3c0_0 .var "RDATA_I", 15 0;
v0x55559089b4a0_0 .net "RE", 0 0, o0x7fcc3a4aa1d8;  alias, 0 drivers
L_0x7fcc3a44e0b0 .functor BUFT 1, C4<0000000000000000>, C4<0>, C4<0>, C4<0>;
v0x55559089b560_0 .net "RMASK_I", 15 0, L_0x7fcc3a44e0b0;  1 drivers
v0x55559089b640_0 .net "WADDR", 10 0, o0x7fcc3a4aa238;  alias, 0 drivers
v0x55559089b720_0 .net "WCLK", 0 0, L_0x5555908e9260;  1 drivers
v0x55559089b7e0_0 .net "WCLKE", 0 0, o0x7fcc3a4aa298;  alias, 0 drivers
v0x55559089b8a0_0 .net "WDATA", 15 0, o0x7fcc3a4aa2c8;  alias, 0 drivers
v0x55559089b980_0 .net "WDATA_I", 15 0, L_0x5555908e9010;  1 drivers
v0x55559089ba60_0 .net "WE", 0 0, o0x7fcc3a4aa328;  alias, 0 drivers
v0x55559089bb20_0 .net "WMASK_I", 15 0, L_0x5555908e8f20;  1 drivers
v0x55559089bc00_0 .var/i "i", 31 0;
v0x55559089bce0 .array "memory", 255 0, 15 0;
E_0x55559089a690 .event posedge, v0x55559089b100_0;
E_0x55559089a710 .event posedge, v0x55559089b720_0;
S_0x55559089a770 .scope generate, "genblk1" "genblk1" 14 1534, 14 1534 0, S_0x5555908986a0;
 .timescale -12 -12;
L_0x5555908e8f20 .functor BUFZ 16, o0x7fcc3a4aa0b8, C4<0000000000000000>, C4<0000000000000000>, C4<0000000000000000>;
S_0x55559089a970 .scope generate, "genblk2" "genblk2" 14 1555, 14 1555 0, S_0x5555908986a0;
 .timescale -12 -12;
S_0x55559089ab70 .scope generate, "genblk3" "genblk3" 14 1576, 14 1576 0, S_0x5555908986a0;
 .timescale -12 -12;
L_0x5555908e9010 .functor BUFZ 16, o0x7fcc3a4aa2c8, C4<0000000000000000>, C4<0000000000000000>, C4<0000000000000000>;
S_0x55559089ad80 .scope generate, "genblk4" "genblk4" 14 1595, 14 1595 0, S_0x5555908986a0;
 .timescale -12 -12;
L_0x5555908e9100 .functor BUFZ 16, v0x55559089b3c0_0, C4<0000000000000000>, C4<0000000000000000>, C4<0000000000000000>;
S_0x5555907a2340 .scope module, "SB_RAM40_4KNW" "SB_RAM40_4KNW" 14 1862;
 .timescale -12 -12;
    .port_info 0 /OUTPUT 16 "RDATA";
    .port_info 1 /INPUT 1 "RCLK";
    .port_info 2 /INPUT 1 "RCLKE";
    .port_info 3 /INPUT 1 "RE";
    .port_info 4 /INPUT 11 "RADDR";
    .port_info 5 /INPUT 1 "WCLKN";
    .port_info 6 /INPUT 1 "WCLKE";
    .port_info 7 /INPUT 1 "WE";
    .port_info 8 /INPUT 11 "WADDR";
    .port_info 9 /INPUT 16 "MASK";
    .port_info 10 /INPUT 16 "WDATA";
P_0x555590598b80 .param/l "INIT_0" 0 14 1878, C4<0000000000000000000000000000000000000000000000000000000000000000000000000000000000000000000000000000000000000000000000000000000000000000000000000000000000000000000000000000000000000000000000000000000000000000000000000000000000000000000000000000000000000000>;
P_0x555590598bc0 .param/l "INIT_1" 0 14 1879, C4<0000000000000000000000000000000000000000000000000000000000000000000000000000000000000000000000000000000000000000000000000000000000000000000000000000000000000000000000000000000000000000000000000000000000000000000000000000000000000000000000000000000000000000>;
P_0x555590598c00 .param/l "INIT_2" 0 14 1880, C4<0000000000000000000000000000000000000000000000000000000000000000000000000000000000000000000000000000000000000000000000000000000000000000000000000000000000000000000000000000000000000000000000000000000000000000000000000000000000000000000000000000000000000000>;
P_0x555590598c40 .param/l "INIT_3" 0 14 1881, C4<0000000000000000000000000000000000000000000000000000000000000000000000000000000000000000000000000000000000000000000000000000000000000000000000000000000000000000000000000000000000000000000000000000000000000000000000000000000000000000000000000000000000000000>;
P_0x555590598c80 .param/l "INIT_4" 0 14 1882, C4<0000000000000000000000000000000000000000000000000000000000000000000000000000000000000000000000000000000000000000000000000000000000000000000000000000000000000000000000000000000000000000000000000000000000000000000000000000000000000000000000000000000000000000>;
P_0x555590598cc0 .param/l "INIT_5" 0 14 1883, C4<0000000000000000000000000000000000000000000000000000000000000000000000000000000000000000000000000000000000000000000000000000000000000000000000000000000000000000000000000000000000000000000000000000000000000000000000000000000000000000000000000000000000000000>;
P_0x555590598d00 .param/l "INIT_6" 0 14 1884, C4<0000000000000000000000000000000000000000000000000000000000000000000000000000000000000000000000000000000000000000000000000000000000000000000000000000000000000000000000000000000000000000000000000000000000000000000000000000000000000000000000000000000000000000>;
P_0x555590598d40 .param/l "INIT_7" 0 14 1885, C4<0000000000000000000000000000000000000000000000000000000000000000000000000000000000000000000000000000000000000000000000000000000000000000000000000000000000000000000000000000000000000000000000000000000000000000000000000000000000000000000000000000000000000000>;
P_0x555590598d80 .param/l "INIT_8" 0 14 1886, C4<0000000000000000000000000000000000000000000000000000000000000000000000000000000000000000000000000000000000000000000000000000000000000000000000000000000000000000000000000000000000000000000000000000000000000000000000000000000000000000000000000000000000000000>;
P_0x555590598dc0 .param/l "INIT_9" 0 14 1887, C4<0000000000000000000000000000000000000000000000000000000000000000000000000000000000000000000000000000000000000000000000000000000000000000000000000000000000000000000000000000000000000000000000000000000000000000000000000000000000000000000000000000000000000000>;
P_0x555590598e00 .param/l "INIT_A" 0 14 1888, C4<0000000000000000000000000000000000000000000000000000000000000000000000000000000000000000000000000000000000000000000000000000000000000000000000000000000000000000000000000000000000000000000000000000000000000000000000000000000000000000000000000000000000000000>;
P_0x555590598e40 .param/l "INIT_B" 0 14 1889, C4<0000000000000000000000000000000000000000000000000000000000000000000000000000000000000000000000000000000000000000000000000000000000000000000000000000000000000000000000000000000000000000000000000000000000000000000000000000000000000000000000000000000000000000>;
P_0x555590598e80 .param/l "INIT_C" 0 14 1890, C4<0000000000000000000000000000000000000000000000000000000000000000000000000000000000000000000000000000000000000000000000000000000000000000000000000000000000000000000000000000000000000000000000000000000000000000000000000000000000000000000000000000000000000000>;
P_0x555590598ec0 .param/l "INIT_D" 0 14 1891, C4<0000000000000000000000000000000000000000000000000000000000000000000000000000000000000000000000000000000000000000000000000000000000000000000000000000000000000000000000000000000000000000000000000000000000000000000000000000000000000000000000000000000000000000>;
P_0x555590598f00 .param/l "INIT_E" 0 14 1892, C4<0000000000000000000000000000000000000000000000000000000000000000000000000000000000000000000000000000000000000000000000000000000000000000000000000000000000000000000000000000000000000000000000000000000000000000000000000000000000000000000000000000000000000000>;
P_0x555590598f40 .param/l "INIT_F" 0 14 1893, C4<0000000000000000000000000000000000000000000000000000000000000000000000000000000000000000000000000000000000000000000000000000000000000000000000000000000000000000000000000000000000000000000000000000000000000000000000000000000000000000000000000000000000000000>;
P_0x555590598f80 .param/str "INIT_FILE" 0 14 1895, "\000";
P_0x555590598fc0 .param/l "READ_MODE" 0 14 1876, +C4<00000000000000000000000000000000>;
P_0x555590599000 .param/l "WRITE_MODE" 0 14 1875, +C4<00000000000000000000000000000000>;
o0x7fcc3a4aad48 .functor BUFZ 1, c4<z>; HiZ drive
L_0x5555908e95d0 .functor NOT 1, o0x7fcc3a4aad48, C4<0>, C4<0>, C4<0>;
o0x7fcc3a4aa838 .functor BUFZ 16, c4<zzzzzzzzzzzzzzzz>; HiZ drive
v0x5555908a03c0_0 .net "MASK", 15 0, o0x7fcc3a4aa838;  0 drivers
o0x7fcc3a4aa868 .functor BUFZ 11, c4<zzzzzzzzzzz>; HiZ drive
v0x5555908a04a0_0 .net "RADDR", 10 0, o0x7fcc3a4aa868;  0 drivers
o0x7fcc3a4aa898 .functor BUFZ 1, c4<z>; HiZ drive
v0x5555908a0570_0 .net "RCLK", 0 0, o0x7fcc3a4aa898;  0 drivers
o0x7fcc3a4aa8c8 .functor BUFZ 1, c4<z>; HiZ drive
v0x5555908a0670_0 .net "RCLKE", 0 0, o0x7fcc3a4aa8c8;  0 drivers
v0x5555908a0740_0 .net "RDATA", 15 0, L_0x5555908e9510;  1 drivers
o0x7fcc3a4aa958 .functor BUFZ 1, c4<z>; HiZ drive
v0x5555908a07e0_0 .net "RE", 0 0, o0x7fcc3a4aa958;  0 drivers
o0x7fcc3a4aa9b8 .functor BUFZ 11, c4<zzzzzzzzzzz>; HiZ drive
v0x5555908a08b0_0 .net "WADDR", 10 0, o0x7fcc3a4aa9b8;  0 drivers
o0x7fcc3a4aaa18 .functor BUFZ 1, c4<z>; HiZ drive
v0x5555908a0980_0 .net "WCLKE", 0 0, o0x7fcc3a4aaa18;  0 drivers
v0x5555908a0a50_0 .net "WCLKN", 0 0, o0x7fcc3a4aad48;  0 drivers
o0x7fcc3a4aaa48 .functor BUFZ 16, c4<zzzzzzzzzzzzzzzz>; HiZ drive
v0x5555908a0af0_0 .net "WDATA", 15 0, o0x7fcc3a4aaa48;  0 drivers
o0x7fcc3a4aaaa8 .functor BUFZ 1, c4<z>; HiZ drive
v0x5555908a0bc0_0 .net "WE", 0 0, o0x7fcc3a4aaaa8;  0 drivers
S_0x55559089c9f0 .scope module, "RAM" "SB_RAM40_4K" 14 1917, 14 1487 0, S_0x5555907a2340;
 .timescale -12 -12;
    .port_info 0 /OUTPUT 16 "RDATA";
    .port_info 1 /INPUT 1 "RCLK";
    .port_info 2 /INPUT 1 "RCLKE";
    .port_info 3 /INPUT 1 "RE";
    .port_info 4 /INPUT 11 "RADDR";
    .port_info 5 /INPUT 1 "WCLK";
    .port_info 6 /INPUT 1 "WCLKE";
    .port_info 7 /INPUT 1 "WE";
    .port_info 8 /INPUT 11 "WADDR";
    .port_info 9 /INPUT 16 "MASK";
    .port_info 10 /INPUT 16 "WDATA";
P_0x55559089cba0 .param/l "INIT_0" 0 14 1507, C4<0000000000000000000000000000000000000000000000000000000000000000000000000000000000000000000000000000000000000000000000000000000000000000000000000000000000000000000000000000000000000000000000000000000000000000000000000000000000000000000000000000000000000000>;
P_0x55559089cbe0 .param/l "INIT_1" 0 14 1508, C4<0000000000000000000000000000000000000000000000000000000000000000000000000000000000000000000000000000000000000000000000000000000000000000000000000000000000000000000000000000000000000000000000000000000000000000000000000000000000000000000000000000000000000000>;
P_0x55559089cc20 .param/l "INIT_2" 0 14 1509, C4<0000000000000000000000000000000000000000000000000000000000000000000000000000000000000000000000000000000000000000000000000000000000000000000000000000000000000000000000000000000000000000000000000000000000000000000000000000000000000000000000000000000000000000>;
P_0x55559089cc60 .param/l "INIT_3" 0 14 1510, C4<0000000000000000000000000000000000000000000000000000000000000000000000000000000000000000000000000000000000000000000000000000000000000000000000000000000000000000000000000000000000000000000000000000000000000000000000000000000000000000000000000000000000000000>;
P_0x55559089cca0 .param/l "INIT_4" 0 14 1511, C4<0000000000000000000000000000000000000000000000000000000000000000000000000000000000000000000000000000000000000000000000000000000000000000000000000000000000000000000000000000000000000000000000000000000000000000000000000000000000000000000000000000000000000000>;
P_0x55559089cce0 .param/l "INIT_5" 0 14 1512, C4<0000000000000000000000000000000000000000000000000000000000000000000000000000000000000000000000000000000000000000000000000000000000000000000000000000000000000000000000000000000000000000000000000000000000000000000000000000000000000000000000000000000000000000>;
P_0x55559089cd20 .param/l "INIT_6" 0 14 1513, C4<0000000000000000000000000000000000000000000000000000000000000000000000000000000000000000000000000000000000000000000000000000000000000000000000000000000000000000000000000000000000000000000000000000000000000000000000000000000000000000000000000000000000000000>;
P_0x55559089cd60 .param/l "INIT_7" 0 14 1514, C4<0000000000000000000000000000000000000000000000000000000000000000000000000000000000000000000000000000000000000000000000000000000000000000000000000000000000000000000000000000000000000000000000000000000000000000000000000000000000000000000000000000000000000000>;
P_0x55559089cda0 .param/l "INIT_8" 0 14 1515, C4<0000000000000000000000000000000000000000000000000000000000000000000000000000000000000000000000000000000000000000000000000000000000000000000000000000000000000000000000000000000000000000000000000000000000000000000000000000000000000000000000000000000000000000>;
P_0x55559089cde0 .param/l "INIT_9" 0 14 1516, C4<0000000000000000000000000000000000000000000000000000000000000000000000000000000000000000000000000000000000000000000000000000000000000000000000000000000000000000000000000000000000000000000000000000000000000000000000000000000000000000000000000000000000000000>;
P_0x55559089ce20 .param/l "INIT_A" 0 14 1517, C4<0000000000000000000000000000000000000000000000000000000000000000000000000000000000000000000000000000000000000000000000000000000000000000000000000000000000000000000000000000000000000000000000000000000000000000000000000000000000000000000000000000000000000000>;
P_0x55559089ce60 .param/l "INIT_B" 0 14 1518, C4<0000000000000000000000000000000000000000000000000000000000000000000000000000000000000000000000000000000000000000000000000000000000000000000000000000000000000000000000000000000000000000000000000000000000000000000000000000000000000000000000000000000000000000>;
P_0x55559089cea0 .param/l "INIT_C" 0 14 1519, C4<0000000000000000000000000000000000000000000000000000000000000000000000000000000000000000000000000000000000000000000000000000000000000000000000000000000000000000000000000000000000000000000000000000000000000000000000000000000000000000000000000000000000000000>;
P_0x55559089cee0 .param/l "INIT_D" 0 14 1520, C4<0000000000000000000000000000000000000000000000000000000000000000000000000000000000000000000000000000000000000000000000000000000000000000000000000000000000000000000000000000000000000000000000000000000000000000000000000000000000000000000000000000000000000000>;
P_0x55559089cf20 .param/l "INIT_E" 0 14 1521, C4<0000000000000000000000000000000000000000000000000000000000000000000000000000000000000000000000000000000000000000000000000000000000000000000000000000000000000000000000000000000000000000000000000000000000000000000000000000000000000000000000000000000000000000>;
P_0x55559089cf60 .param/l "INIT_F" 0 14 1522, C4<0000000000000000000000000000000000000000000000000000000000000000000000000000000000000000000000000000000000000000000000000000000000000000000000000000000000000000000000000000000000000000000000000000000000000000000000000000000000000000000000000000000000000000>;
P_0x55559089cfa0 .param/str "INIT_FILE" 0 14 1524, "\000";
P_0x55559089cfe0 .param/l "READ_MODE" 0 14 1505, +C4<00000000000000000000000000000000>;
P_0x55559089d020 .param/l "WRITE_MODE" 0 14 1504, +C4<00000000000000000000000000000000>;
v0x55559089f2b0_0 .net "MASK", 15 0, o0x7fcc3a4aa838;  alias, 0 drivers
v0x55559089f370_0 .net "RADDR", 10 0, o0x7fcc3a4aa868;  alias, 0 drivers
v0x55559089f450_0 .net "RCLK", 0 0, o0x7fcc3a4aa898;  alias, 0 drivers
v0x55559089f520_0 .net "RCLKE", 0 0, o0x7fcc3a4aa8c8;  alias, 0 drivers
v0x55559089f5e0_0 .net "RDATA", 15 0, L_0x5555908e9510;  alias, 1 drivers
v0x55559089f710_0 .var "RDATA_I", 15 0;
v0x55559089f7f0_0 .net "RE", 0 0, o0x7fcc3a4aa958;  alias, 0 drivers
L_0x7fcc3a44e0f8 .functor BUFT 1, C4<0000000000000000>, C4<0>, C4<0>, C4<0>;
v0x55559089f8b0_0 .net "RMASK_I", 15 0, L_0x7fcc3a44e0f8;  1 drivers
v0x55559089f990_0 .net "WADDR", 10 0, o0x7fcc3a4aa9b8;  alias, 0 drivers
v0x55559089fa70_0 .net "WCLK", 0 0, L_0x5555908e95d0;  1 drivers
v0x55559089fb30_0 .net "WCLKE", 0 0, o0x7fcc3a4aaa18;  alias, 0 drivers
v0x55559089fbf0_0 .net "WDATA", 15 0, o0x7fcc3a4aaa48;  alias, 0 drivers
v0x55559089fcd0_0 .net "WDATA_I", 15 0, L_0x5555908e9420;  1 drivers
v0x55559089fdb0_0 .net "WE", 0 0, o0x7fcc3a4aaaa8;  alias, 0 drivers
v0x55559089fe70_0 .net "WMASK_I", 15 0, L_0x5555908e9330;  1 drivers
v0x55559089ff50_0 .var/i "i", 31 0;
v0x5555908a0030 .array "memory", 255 0, 15 0;
E_0x55559089e9e0 .event posedge, v0x55559089f450_0;
E_0x55559089ea60 .event posedge, v0x55559089fa70_0;
S_0x55559089eac0 .scope generate, "genblk1" "genblk1" 14 1534, 14 1534 0, S_0x55559089c9f0;
 .timescale -12 -12;
L_0x5555908e9330 .functor BUFZ 16, o0x7fcc3a4aa838, C4<0000000000000000>, C4<0000000000000000>, C4<0000000000000000>;
S_0x55559089ecc0 .scope generate, "genblk2" "genblk2" 14 1555, 14 1555 0, S_0x55559089c9f0;
 .timescale -12 -12;
S_0x55559089eec0 .scope generate, "genblk3" "genblk3" 14 1576, 14 1576 0, S_0x55559089c9f0;
 .timescale -12 -12;
L_0x5555908e9420 .functor BUFZ 16, o0x7fcc3a4aaa48, C4<0000000000000000>, C4<0000000000000000>, C4<0000000000000000>;
S_0x55559089f0d0 .scope generate, "genblk4" "genblk4" 14 1595, 14 1595 0, S_0x55559089c9f0;
 .timescale -12 -12;
L_0x5555908e9510 .functor BUFZ 16, v0x55559089f710_0, C4<0000000000000000>, C4<0000000000000000>, C4<0000000000000000>;
S_0x5555907931f0 .scope module, "SB_RGBA_DRV" "SB_RGBA_DRV" 14 2692;
 .timescale -12 -12;
    .port_info 0 /INPUT 1 "CURREN";
    .port_info 1 /INPUT 1 "RGBLEDEN";
    .port_info 2 /INPUT 1 "RGB0PWM";
    .port_info 3 /INPUT 1 "RGB1PWM";
    .port_info 4 /INPUT 1 "RGB2PWM";
    .port_info 5 /OUTPUT 1 "RGB0";
    .port_info 6 /OUTPUT 1 "RGB1";
    .port_info 7 /OUTPUT 1 "RGB2";
P_0x555590792a10 .param/str "CURRENT_MODE" 0 14 2702, "0b0";
P_0x555590792a50 .param/str "RGB0_CURRENT" 0 14 2703, "0b000000";
P_0x555590792a90 .param/str "RGB1_CURRENT" 0 14 2704, "0b000000";
P_0x555590792ad0 .param/str "RGB2_CURRENT" 0 14 2705, "0b000000";
o0x7fcc3a4aaf88 .functor BUFZ 1, c4<z>; HiZ drive
v0x5555908a0d30_0 .net "CURREN", 0 0, o0x7fcc3a4aaf88;  0 drivers
o0x7fcc3a4aafb8 .functor BUFZ 1, c4<z>; HiZ drive
v0x5555908a0e10_0 .net "RGB0", 0 0, o0x7fcc3a4aafb8;  0 drivers
o0x7fcc3a4aafe8 .functor BUFZ 1, c4<z>; HiZ drive
v0x5555908a0ed0_0 .net "RGB0PWM", 0 0, o0x7fcc3a4aafe8;  0 drivers
o0x7fcc3a4ab018 .functor BUFZ 1, c4<z>; HiZ drive
v0x5555908a0fa0_0 .net "RGB1", 0 0, o0x7fcc3a4ab018;  0 drivers
o0x7fcc3a4ab048 .functor BUFZ 1, c4<z>; HiZ drive
v0x5555908a1060_0 .net "RGB1PWM", 0 0, o0x7fcc3a4ab048;  0 drivers
o0x7fcc3a4ab078 .functor BUFZ 1, c4<z>; HiZ drive
v0x5555908a1120_0 .net "RGB2", 0 0, o0x7fcc3a4ab078;  0 drivers
o0x7fcc3a4ab0a8 .functor BUFZ 1, c4<z>; HiZ drive
v0x5555908a11e0_0 .net "RGB2PWM", 0 0, o0x7fcc3a4ab0a8;  0 drivers
o0x7fcc3a4ab0d8 .functor BUFZ 1, c4<z>; HiZ drive
v0x5555908a12a0_0 .net "RGBLEDEN", 0 0, o0x7fcc3a4ab0d8;  0 drivers
S_0x555590791210 .scope module, "SB_RGB_DRV" "SB_RGB_DRV" 14 2716;
 .timescale -12 -12;
    .port_info 0 /INPUT 1 "RGBLEDEN";
    .port_info 1 /INPUT 1 "RGB0PWM";
    .port_info 2 /INPUT 1 "RGB1PWM";
    .port_info 3 /INPUT 1 "RGB2PWM";
    .port_info 4 /INPUT 1 "RGBPU";
    .port_info 5 /OUTPUT 1 "RGB0";
    .port_info 6 /OUTPUT 1 "RGB1";
    .port_info 7 /OUTPUT 1 "RGB2";
P_0x555590790590 .param/str "CURRENT_MODE" 0 14 2726, "0b0";
P_0x5555907905d0 .param/str "RGB0_CURRENT" 0 14 2727, "0b000000";
P_0x555590790610 .param/str "RGB1_CURRENT" 0 14 2728, "0b000000";
P_0x555590790650 .param/str "RGB2_CURRENT" 0 14 2729, "0b000000";
o0x7fcc3a4ab288 .functor BUFZ 1, c4<z>; HiZ drive
v0x5555908a14b0_0 .net "RGB0", 0 0, o0x7fcc3a4ab288;  0 drivers
o0x7fcc3a4ab2b8 .functor BUFZ 1, c4<z>; HiZ drive
v0x5555908a1590_0 .net "RGB0PWM", 0 0, o0x7fcc3a4ab2b8;  0 drivers
o0x7fcc3a4ab2e8 .functor BUFZ 1, c4<z>; HiZ drive
v0x5555908a1650_0 .net "RGB1", 0 0, o0x7fcc3a4ab2e8;  0 drivers
o0x7fcc3a4ab318 .functor BUFZ 1, c4<z>; HiZ drive
v0x5555908a16f0_0 .net "RGB1PWM", 0 0, o0x7fcc3a4ab318;  0 drivers
o0x7fcc3a4ab348 .functor BUFZ 1, c4<z>; HiZ drive
v0x5555908a17b0_0 .net "RGB2", 0 0, o0x7fcc3a4ab348;  0 drivers
o0x7fcc3a4ab378 .functor BUFZ 1, c4<z>; HiZ drive
v0x5555908a1870_0 .net "RGB2PWM", 0 0, o0x7fcc3a4ab378;  0 drivers
o0x7fcc3a4ab3a8 .functor BUFZ 1, c4<z>; HiZ drive
v0x5555908a1930_0 .net "RGBLEDEN", 0 0, o0x7fcc3a4ab3a8;  0 drivers
o0x7fcc3a4ab3d8 .functor BUFZ 1, c4<z>; HiZ drive
v0x5555908a19f0_0 .net "RGBPU", 0 0, o0x7fcc3a4ab3d8;  0 drivers
S_0x55559078f120 .scope module, "SB_SPI" "SB_SPI" 14 2776;
 .timescale -12 -12;
    .port_info 0 /INPUT 1 "SBCLKI";
    .port_info 1 /INPUT 1 "SBRWI";
    .port_info 2 /INPUT 1 "SBSTBI";
    .port_info 3 /INPUT 1 "SBADRI7";
    .port_info 4 /INPUT 1 "SBADRI6";
    .port_info 5 /INPUT 1 "SBADRI5";
    .port_info 6 /INPUT 1 "SBADRI4";
    .port_info 7 /INPUT 1 "SBADRI3";
    .port_info 8 /INPUT 1 "SBADRI2";
    .port_info 9 /INPUT 1 "SBADRI1";
    .port_info 10 /INPUT 1 "SBADRI0";
    .port_info 11 /INPUT 1 "SBDATI7";
    .port_info 12 /INPUT 1 "SBDATI6";
    .port_info 13 /INPUT 1 "SBDATI5";
    .port_info 14 /INPUT 1 "SBDATI4";
    .port_info 15 /INPUT 1 "SBDATI3";
    .port_info 16 /INPUT 1 "SBDATI2";
    .port_info 17 /INPUT 1 "SBDATI1";
    .port_info 18 /INPUT 1 "SBDATI0";
    .port_info 19 /INPUT 1 "MI";
    .port_info 20 /INPUT 1 "SI";
    .port_info 21 /INPUT 1 "SCKI";
    .port_info 22 /INPUT 1 "SCSNI";
    .port_info 23 /OUTPUT 1 "SBDATO7";
    .port_info 24 /OUTPUT 1 "SBDATO6";
    .port_info 25 /OUTPUT 1 "SBDATO5";
    .port_info 26 /OUTPUT 1 "SBDATO4";
    .port_info 27 /OUTPUT 1 "SBDATO3";
    .port_info 28 /OUTPUT 1 "SBDATO2";
    .port_info 29 /OUTPUT 1 "SBDATO1";
    .port_info 30 /OUTPUT 1 "SBDATO0";
    .port_info 31 /OUTPUT 1 "SBACKO";
    .port_info 32 /OUTPUT 1 "SPIIRQ";
    .port_info 33 /OUTPUT 1 "SPIWKUP";
    .port_info 34 /OUTPUT 1 "SO";
    .port_info 35 /OUTPUT 1 "SOE";
    .port_info 36 /OUTPUT 1 "MO";
    .port_info 37 /OUTPUT 1 "MOE";
    .port_info 38 /OUTPUT 1 "SCKO";
    .port_info 39 /OUTPUT 1 "SCKOE";
    .port_info 40 /OUTPUT 1 "MCSNO3";
    .port_info 41 /OUTPUT 1 "MCSNO2";
    .port_info 42 /OUTPUT 1 "MCSNO1";
    .port_info 43 /OUTPUT 1 "MCSNO0";
    .port_info 44 /OUTPUT 1 "MCSNOE3";
    .port_info 45 /OUTPUT 1 "MCSNOE2";
    .port_info 46 /OUTPUT 1 "MCSNOE1";
    .port_info 47 /OUTPUT 1 "MCSNOE0";
P_0x5555905a3f70 .param/str "BUS_ADDR74" 0 14 2826, "0b0000";
o0x7fcc3a4ab588 .functor BUFZ 1, c4<z>; HiZ drive
v0x5555908a1c00_0 .net "MCSNO0", 0 0, o0x7fcc3a4ab588;  0 drivers
o0x7fcc3a4ab5b8 .functor BUFZ 1, c4<z>; HiZ drive
v0x5555908a1ce0_0 .net "MCSNO1", 0 0, o0x7fcc3a4ab5b8;  0 drivers
o0x7fcc3a4ab5e8 .functor BUFZ 1, c4<z>; HiZ drive
v0x5555908a1da0_0 .net "MCSNO2", 0 0, o0x7fcc3a4ab5e8;  0 drivers
o0x7fcc3a4ab618 .functor BUFZ 1, c4<z>; HiZ drive
v0x5555908a1e40_0 .net "MCSNO3", 0 0, o0x7fcc3a4ab618;  0 drivers
o0x7fcc3a4ab648 .functor BUFZ 1, c4<z>; HiZ drive
v0x5555908a1f00_0 .net "MCSNOE0", 0 0, o0x7fcc3a4ab648;  0 drivers
o0x7fcc3a4ab678 .functor BUFZ 1, c4<z>; HiZ drive
v0x5555908a1fc0_0 .net "MCSNOE1", 0 0, o0x7fcc3a4ab678;  0 drivers
o0x7fcc3a4ab6a8 .functor BUFZ 1, c4<z>; HiZ drive
v0x5555908a2080_0 .net "MCSNOE2", 0 0, o0x7fcc3a4ab6a8;  0 drivers
o0x7fcc3a4ab6d8 .functor BUFZ 1, c4<z>; HiZ drive
v0x5555908a2140_0 .net "MCSNOE3", 0 0, o0x7fcc3a4ab6d8;  0 drivers
o0x7fcc3a4ab708 .functor BUFZ 1, c4<z>; HiZ drive
v0x5555908a2200_0 .net "MI", 0 0, o0x7fcc3a4ab708;  0 drivers
o0x7fcc3a4ab738 .functor BUFZ 1, c4<z>; HiZ drive
v0x5555908a2350_0 .net "MO", 0 0, o0x7fcc3a4ab738;  0 drivers
o0x7fcc3a4ab768 .functor BUFZ 1, c4<z>; HiZ drive
v0x5555908a2410_0 .net "MOE", 0 0, o0x7fcc3a4ab768;  0 drivers
o0x7fcc3a4ab798 .functor BUFZ 1, c4<z>; HiZ drive
v0x5555908a24d0_0 .net "SBACKO", 0 0, o0x7fcc3a4ab798;  0 drivers
o0x7fcc3a4ab7c8 .functor BUFZ 1, c4<z>; HiZ drive
v0x5555908a2590_0 .net "SBADRI0", 0 0, o0x7fcc3a4ab7c8;  0 drivers
o0x7fcc3a4ab7f8 .functor BUFZ 1, c4<z>; HiZ drive
v0x5555908a2650_0 .net "SBADRI1", 0 0, o0x7fcc3a4ab7f8;  0 drivers
o0x7fcc3a4ab828 .functor BUFZ 1, c4<z>; HiZ drive
v0x5555908a2710_0 .net "SBADRI2", 0 0, o0x7fcc3a4ab828;  0 drivers
o0x7fcc3a4ab858 .functor BUFZ 1, c4<z>; HiZ drive
v0x5555908a27d0_0 .net "SBADRI3", 0 0, o0x7fcc3a4ab858;  0 drivers
o0x7fcc3a4ab888 .functor BUFZ 1, c4<z>; HiZ drive
v0x5555908a2890_0 .net "SBADRI4", 0 0, o0x7fcc3a4ab888;  0 drivers
o0x7fcc3a4ab8b8 .functor BUFZ 1, c4<z>; HiZ drive
v0x5555908a2a60_0 .net "SBADRI5", 0 0, o0x7fcc3a4ab8b8;  0 drivers
o0x7fcc3a4ab8e8 .functor BUFZ 1, c4<z>; HiZ drive
v0x5555908a2b20_0 .net "SBADRI6", 0 0, o0x7fcc3a4ab8e8;  0 drivers
o0x7fcc3a4ab918 .functor BUFZ 1, c4<z>; HiZ drive
v0x5555908a2be0_0 .net "SBADRI7", 0 0, o0x7fcc3a4ab918;  0 drivers
o0x7fcc3a4ab948 .functor BUFZ 1, c4<z>; HiZ drive
v0x5555908a2ca0_0 .net "SBCLKI", 0 0, o0x7fcc3a4ab948;  0 drivers
o0x7fcc3a4ab978 .functor BUFZ 1, c4<z>; HiZ drive
v0x5555908a2d60_0 .net "SBDATI0", 0 0, o0x7fcc3a4ab978;  0 drivers
o0x7fcc3a4ab9a8 .functor BUFZ 1, c4<z>; HiZ drive
v0x5555908a2e20_0 .net "SBDATI1", 0 0, o0x7fcc3a4ab9a8;  0 drivers
o0x7fcc3a4ab9d8 .functor BUFZ 1, c4<z>; HiZ drive
v0x5555908a2ee0_0 .net "SBDATI2", 0 0, o0x7fcc3a4ab9d8;  0 drivers
o0x7fcc3a4aba08 .functor BUFZ 1, c4<z>; HiZ drive
v0x5555908a2fa0_0 .net "SBDATI3", 0 0, o0x7fcc3a4aba08;  0 drivers
o0x7fcc3a4aba38 .functor BUFZ 1, c4<z>; HiZ drive
v0x5555908a3060_0 .net "SBDATI4", 0 0, o0x7fcc3a4aba38;  0 drivers
o0x7fcc3a4aba68 .functor BUFZ 1, c4<z>; HiZ drive
v0x5555908a3120_0 .net "SBDATI5", 0 0, o0x7fcc3a4aba68;  0 drivers
o0x7fcc3a4aba98 .functor BUFZ 1, c4<z>; HiZ drive
v0x5555908a31e0_0 .net "SBDATI6", 0 0, o0x7fcc3a4aba98;  0 drivers
o0x7fcc3a4abac8 .functor BUFZ 1, c4<z>; HiZ drive
v0x5555908a32a0_0 .net "SBDATI7", 0 0, o0x7fcc3a4abac8;  0 drivers
o0x7fcc3a4abaf8 .functor BUFZ 1, c4<z>; HiZ drive
v0x5555908a3360_0 .net "SBDATO0", 0 0, o0x7fcc3a4abaf8;  0 drivers
o0x7fcc3a4abb28 .functor BUFZ 1, c4<z>; HiZ drive
v0x5555908a3420_0 .net "SBDATO1", 0 0, o0x7fcc3a4abb28;  0 drivers
o0x7fcc3a4abb58 .functor BUFZ 1, c4<z>; HiZ drive
v0x5555908a34e0_0 .net "SBDATO2", 0 0, o0x7fcc3a4abb58;  0 drivers
o0x7fcc3a4abb88 .functor BUFZ 1, c4<z>; HiZ drive
v0x5555908a35a0_0 .net "SBDATO3", 0 0, o0x7fcc3a4abb88;  0 drivers
o0x7fcc3a4abbb8 .functor BUFZ 1, c4<z>; HiZ drive
v0x5555908a3660_0 .net "SBDATO4", 0 0, o0x7fcc3a4abbb8;  0 drivers
o0x7fcc3a4abbe8 .functor BUFZ 1, c4<z>; HiZ drive
v0x5555908a3720_0 .net "SBDATO5", 0 0, o0x7fcc3a4abbe8;  0 drivers
o0x7fcc3a4abc18 .functor BUFZ 1, c4<z>; HiZ drive
v0x5555908a37e0_0 .net "SBDATO6", 0 0, o0x7fcc3a4abc18;  0 drivers
o0x7fcc3a4abc48 .functor BUFZ 1, c4<z>; HiZ drive
v0x5555908a38a0_0 .net "SBDATO7", 0 0, o0x7fcc3a4abc48;  0 drivers
o0x7fcc3a4abc78 .functor BUFZ 1, c4<z>; HiZ drive
v0x5555908a3960_0 .net "SBRWI", 0 0, o0x7fcc3a4abc78;  0 drivers
o0x7fcc3a4abca8 .functor BUFZ 1, c4<z>; HiZ drive
v0x5555908a3a20_0 .net "SBSTBI", 0 0, o0x7fcc3a4abca8;  0 drivers
o0x7fcc3a4abcd8 .functor BUFZ 1, c4<z>; HiZ drive
v0x5555908a3ae0_0 .net "SCKI", 0 0, o0x7fcc3a4abcd8;  0 drivers
o0x7fcc3a4abd08 .functor BUFZ 1, c4<z>; HiZ drive
v0x5555908a3ba0_0 .net "SCKO", 0 0, o0x7fcc3a4abd08;  0 drivers
o0x7fcc3a4abd38 .functor BUFZ 1, c4<z>; HiZ drive
v0x5555908a3c60_0 .net "SCKOE", 0 0, o0x7fcc3a4abd38;  0 drivers
o0x7fcc3a4abd68 .functor BUFZ 1, c4<z>; HiZ drive
v0x5555908a3d20_0 .net "SCSNI", 0 0, o0x7fcc3a4abd68;  0 drivers
o0x7fcc3a4abd98 .functor BUFZ 1, c4<z>; HiZ drive
v0x5555908a3de0_0 .net "SI", 0 0, o0x7fcc3a4abd98;  0 drivers
o0x7fcc3a4abdc8 .functor BUFZ 1, c4<z>; HiZ drive
v0x5555908a3ea0_0 .net "SO", 0 0, o0x7fcc3a4abdc8;  0 drivers
o0x7fcc3a4abdf8 .functor BUFZ 1, c4<z>; HiZ drive
v0x5555908a3f60_0 .net "SOE", 0 0, o0x7fcc3a4abdf8;  0 drivers
o0x7fcc3a4abe28 .functor BUFZ 1, c4<z>; HiZ drive
v0x5555908a4020_0 .net "SPIIRQ", 0 0, o0x7fcc3a4abe28;  0 drivers
o0x7fcc3a4abe58 .functor BUFZ 1, c4<z>; HiZ drive
v0x5555908a40e0_0 .net "SPIWKUP", 0 0, o0x7fcc3a4abe58;  0 drivers
S_0x55559077f690 .scope module, "SB_SPRAM256KA" "SB_SPRAM256KA" 14 2600;
 .timescale -12 -12;
    .port_info 0 /INPUT 14 "ADDRESS";
    .port_info 1 /INPUT 16 "DATAIN";
    .port_info 2 /INPUT 4 "MASKWREN";
    .port_info 3 /INPUT 1 "WREN";
    .port_info 4 /INPUT 1 "CHIPSELECT";
    .port_info 5 /INPUT 1 "CLOCK";
    .port_info 6 /INPUT 1 "STANDBY";
    .port_info 7 /INPUT 1 "SLEEP";
    .port_info 8 /INPUT 1 "POWEROFF";
    .port_info 9 /OUTPUT 16 "DATAOUT";
o0x7fcc3a4ac8d8 .functor BUFZ 1, c4<z>; HiZ drive
L_0x5555908e9770 .functor OR 1, o0x7fcc3a4ac8d8, L_0x5555908e9670, C4<0>, C4<0>;
o0x7fcc3a4ac788 .functor BUFZ 14, c4<zzzzzzzzzzzzzz>; HiZ drive
v0x5555908a4a10_0 .net "ADDRESS", 13 0, o0x7fcc3a4ac788;  0 drivers
o0x7fcc3a4ac7b8 .functor BUFZ 1, c4<z>; HiZ drive
v0x5555908a4b10_0 .net "CHIPSELECT", 0 0, o0x7fcc3a4ac7b8;  0 drivers
o0x7fcc3a4ac7e8 .functor BUFZ 1, c4<z>; HiZ drive
v0x5555908a4bd0_0 .net "CLOCK", 0 0, o0x7fcc3a4ac7e8;  0 drivers
o0x7fcc3a4ac818 .functor BUFZ 16, c4<zzzzzzzzzzzzzzzz>; HiZ drive
v0x5555908a4c70_0 .net "DATAIN", 15 0, o0x7fcc3a4ac818;  0 drivers
v0x5555908a4d50_0 .var "DATAOUT", 15 0;
o0x7fcc3a4ac878 .functor BUFZ 4, c4<zzzz>; HiZ drive
v0x5555908a4e30_0 .net "MASKWREN", 3 0, o0x7fcc3a4ac878;  0 drivers
o0x7fcc3a4ac8a8 .functor BUFZ 1, c4<z>; HiZ drive
v0x5555908a4f10_0 .net "POWEROFF", 0 0, o0x7fcc3a4ac8a8;  0 drivers
v0x5555908a4fd0_0 .net "SLEEP", 0 0, o0x7fcc3a4ac8d8;  0 drivers
o0x7fcc3a4ac908 .functor BUFZ 1, c4<z>; HiZ drive
v0x5555908a5090_0 .net "STANDBY", 0 0, o0x7fcc3a4ac908;  0 drivers
o0x7fcc3a4ac938 .functor BUFZ 1, c4<z>; HiZ drive
v0x5555908a5150_0 .net "WREN", 0 0, o0x7fcc3a4ac938;  0 drivers
v0x5555908a5210_0 .net *"_ivl_1", 0 0, L_0x5555908e9670;  1 drivers
v0x5555908a52d0_0 .var/i "i", 31 0;
v0x5555908a53b0 .array "mem", 16383 0, 15 0;
v0x5555908a5470_0 .net "off", 0 0, L_0x5555908e9770;  1 drivers
E_0x5555908a4930 .event posedge, v0x5555908a5470_0, v0x5555908a4bd0_0;
E_0x5555908a49b0 .event negedge, v0x5555908a4f10_0;
L_0x5555908e9670 .reduce/nor o0x7fcc3a4ac8a8;
S_0x555590755fd0 .scope module, "SB_WARMBOOT" "SB_WARMBOOT" 14 2593;
 .timescale -12 -12;
    .port_info 0 /INPUT 1 "BOOT";
    .port_info 1 /INPUT 1 "S1";
    .port_info 2 /INPUT 1 "S0";
o0x7fcc3a4acbd8 .functor BUFZ 1, c4<z>; HiZ drive
v0x5555908a5670_0 .net "BOOT", 0 0, o0x7fcc3a4acbd8;  0 drivers
o0x7fcc3a4acc08 .functor BUFZ 1, c4<z>; HiZ drive
v0x5555908a5750_0 .net "S0", 0 0, o0x7fcc3a4acc08;  0 drivers
o0x7fcc3a4acc38 .functor BUFZ 1, c4<z>; HiZ drive
v0x5555908a5810_0 .net "S1", 0 0, o0x7fcc3a4acc38;  0 drivers
S_0x555590753c90 .scope module, "Xor" "Xor" 26 7;
 .timescale -12 -12;
    .port_info 0 /INPUT 1 "a";
    .port_info 1 /INPUT 1 "b";
    .port_info 2 /OUTPUT 1 "out";
o0x7fcc3a4acd88 .functor BUFZ 1, c4<z>; HiZ drive
o0x7fcc3a4acdb8 .functor BUFZ 1, c4<z>; HiZ drive
L_0x5555908e9890 .functor XNOR 1, o0x7fcc3a4acd88, o0x7fcc3a4acdb8, C4<0>, C4<0>;
v0x5555908a5930_0 .net *"_ivl_0", 0 0, L_0x5555908e9890;  1 drivers
L_0x7fcc3a44e140 .functor BUFT 1, C4<0>, C4<0>, C4<0>, C4<0>;
v0x5555908a59f0_0 .net/2u *"_ivl_2", 0 0, L_0x7fcc3a44e140;  1 drivers
L_0x7fcc3a44e188 .functor BUFT 1, C4<1>, C4<0>, C4<0>, C4<0>;
v0x5555908a5ad0_0 .net/2u *"_ivl_4", 0 0, L_0x7fcc3a44e188;  1 drivers
v0x5555908a5bc0_0 .net "a", 0 0, o0x7fcc3a4acd88;  0 drivers
v0x5555908a5c80_0 .net "b", 0 0, o0x7fcc3a4acdb8;  0 drivers
v0x5555908a5d40_0 .net "out", 0 0, L_0x5555908e99c0;  1 drivers
L_0x5555908e99c0 .functor MUXZ 1, L_0x7fcc3a44e188, L_0x7fcc3a44e140, L_0x5555908e9890, C4<>;
    .scope S_0x555590821850;
T_3 ;
    %pushi/vec4 0, 0, 1;
    %store/vec4 v0x5555905bf760_0, 0, 1;
    %pushi/vec4 0, 0, 16;
    %store/vec4 v0x5555905bf800_0, 0, 16;
    %end;
    .thread T_3, $init;
    .scope S_0x555590821850;
T_4 ;
    %vpi_call/w 4 31 "$dumpvars", 32'sb00000000000000000000000000000000, S_0x555590821850 {0 0 0};
    %vpi_call/w 4 33 "$display", "------------------------" {0 0 0};
    %vpi_call/w 4 34 "$display", "Testbench: Add16" {0 0 0};
    %pushi/vec4 0, 0, 16;
    %store/vec4 v0x5555905bf800_0, 0, 16;
T_4.0 ; Top of for-loop
    %load/vec4 v0x5555905bf800_0;
    %pad/u 32;
    %cmpi/u 1000, 0, 32;
	  %jmp/0xz T_4.1, 5;
    %vpi_func 4 38 "$random" 32 {0 0 0};
    %pad/s 16;
    %store/vec4 v0x5555905b8ba0_0, 0, 16;
    %vpi_func 4 39 "$random" 32 {0 0 0};
    %pad/s 16;
    %store/vec4 v0x5555905bf6c0_0, 0, 16;
    %fork TD_Add16_tb.check, S_0x5555905b8a10;
    %join;
T_4.2 ; for-loop step statement
    %load/vec4 v0x5555905bf800_0;
    %addi 1, 0, 16;
    %store/vec4 v0x5555905bf800_0, 0, 16;
    %jmp T_4.0;
T_4.1 ; for-loop exit label
    %load/vec4 v0x5555905bf760_0;
    %pad/u 32;
    %cmpi/e 0, 0, 32;
    %jmp/0xz  T_4.3, 4;
    %vpi_call/w 4 43 "$display", "passed" {0 0 0};
T_4.3 ;
    %vpi_call/w 4 44 "$display", "------------------------" {0 0 0};
    %vpi_call/w 4 45 "$finish" {0 0 0};
    %end;
    .thread T_4;
    .scope S_0x5555908252a0;
T_5 ;
    %pushi/vec4 0, 0, 1;
    %store/vec4 v0x5555908604f0_0, 0, 1;
    %pushi/vec4 0, 0, 1;
    %store/vec4 v0x5555908605b0_0, 0, 1;
    %end;
    .thread T_5, $init;
    .scope S_0x5555908252a0;
T_6 ;
    %wait E_0x55559054e150;
    %load/vec4 v0x55559054a1f0_0;
    %flag_set/vec4 8;
    %jmp/0xz  T_6.0, 8;
    %load/vec4 v0x55559053f750_0;
    %flag_set/vec4 8;
    %jmp/0 T_6.2, 8;
    %pushi/vec4 0, 0, 1;
    %jmp/1 T_6.3, 8;
T_6.2 ; End of true expr.
    %load/vec4 v0x5555908600d0_0;
    %jmp/0 T_6.3, 8;
 ; End of false expr.
    %blend;
T_6.3;
    %assign/vec4 v0x5555908604f0_0, 0;
T_6.0 ;
    %jmp T_6;
    .thread T_6;
    .scope S_0x5555908252a0;
T_7 ;
    %wait E_0x555590545460;
    %load/vec4 v0x55559053f750_0;
    %flag_set/vec4 8;
    %jmp/0xz  T_7.0, 8;
    %pushi/vec4 0, 0, 1;
    %assign/vec4 v0x5555908605b0_0, 0;
    %jmp T_7.1;
T_7.0 ;
    %load/vec4 v0x55559054a1f0_0;
    %flag_set/vec4 8;
    %jmp/0xz  T_7.2, 8;
    %load/vec4 v0x5555908600d0_0;
    %assign/vec4 v0x5555908605b0_0, 0;
T_7.2 ;
T_7.1 ;
    %jmp T_7;
    .thread T_7;
    .scope S_0x555590860890;
T_8 ;
    %pushi/vec4 0, 0, 32;
    %store/vec4 v0x555590863ab0_0, 0, 32;
T_8.0 ; Top of for-loop
    %load/vec4 v0x555590863ab0_0;
    %cmpi/s 16, 0, 32;
	  %jmp/0xz T_8.1, 5;
    %pushi/vec4 0, 0, 256;
    %load/vec4 v0x555590863ab0_0;
    %muli 16, 0, 32;
    %part/s 16;
    %pushi/vec4 0, 0, 32;
    %load/vec4 v0x555590863ab0_0;
    %add;
    %ix/vec4/s 4;
    %store/vec4a v0x555590863b90, 4, 0;
    %pushi/vec4 0, 0, 256;
    %load/vec4 v0x555590863ab0_0;
    %muli 16, 0, 32;
    %part/s 16;
    %pushi/vec4 16, 0, 32;
    %load/vec4 v0x555590863ab0_0;
    %add;
    %ix/vec4/s 4;
    %store/vec4a v0x555590863b90, 4, 0;
    %pushi/vec4 0, 0, 256;
    %load/vec4 v0x555590863ab0_0;
    %muli 16, 0, 32;
    %part/s 16;
    %pushi/vec4 32, 0, 32;
    %load/vec4 v0x555590863ab0_0;
    %add;
    %ix/vec4/s 4;
    %store/vec4a v0x555590863b90, 4, 0;
    %pushi/vec4 0, 0, 256;
    %load/vec4 v0x555590863ab0_0;
    %muli 16, 0, 32;
    %part/s 16;
    %pushi/vec4 48, 0, 32;
    %load/vec4 v0x555590863ab0_0;
    %add;
    %ix/vec4/s 4;
    %store/vec4a v0x555590863b90, 4, 0;
    %pushi/vec4 0, 0, 256;
    %load/vec4 v0x555590863ab0_0;
    %muli 16, 0, 32;
    %part/s 16;
    %pushi/vec4 64, 0, 32;
    %load/vec4 v0x555590863ab0_0;
    %add;
    %ix/vec4/s 4;
    %store/vec4a v0x555590863b90, 4, 0;
    %pushi/vec4 0, 0, 256;
    %load/vec4 v0x555590863ab0_0;
    %muli 16, 0, 32;
    %part/s 16;
    %pushi/vec4 80, 0, 32;
    %load/vec4 v0x555590863ab0_0;
    %add;
    %ix/vec4/s 4;
    %store/vec4a v0x555590863b90, 4, 0;
    %pushi/vec4 0, 0, 256;
    %load/vec4 v0x555590863ab0_0;
    %muli 16, 0, 32;
    %part/s 16;
    %pushi/vec4 96, 0, 32;
    %load/vec4 v0x555590863ab0_0;
    %add;
    %ix/vec4/s 4;
    %store/vec4a v0x555590863b90, 4, 0;
    %pushi/vec4 0, 0, 256;
    %load/vec4 v0x555590863ab0_0;
    %muli 16, 0, 32;
    %part/s 16;
    %pushi/vec4 112, 0, 32;
    %load/vec4 v0x555590863ab0_0;
    %add;
    %ix/vec4/s 4;
    %store/vec4a v0x555590863b90, 4, 0;
    %pushi/vec4 0, 0, 256;
    %load/vec4 v0x555590863ab0_0;
    %muli 16, 0, 32;
    %part/s 16;
    %pushi/vec4 128, 0, 32;
    %load/vec4 v0x555590863ab0_0;
    %add;
    %ix/vec4/s 4;
    %store/vec4a v0x555590863b90, 4, 0;
    %pushi/vec4 0, 0, 256;
    %load/vec4 v0x555590863ab0_0;
    %muli 16, 0, 32;
    %part/s 16;
    %pushi/vec4 144, 0, 32;
    %load/vec4 v0x555590863ab0_0;
    %add;
    %ix/vec4/s 4;
    %store/vec4a v0x555590863b90, 4, 0;
    %pushi/vec4 0, 0, 256;
    %load/vec4 v0x555590863ab0_0;
    %muli 16, 0, 32;
    %part/s 16;
    %pushi/vec4 160, 0, 32;
    %load/vec4 v0x555590863ab0_0;
    %add;
    %ix/vec4/s 4;
    %store/vec4a v0x555590863b90, 4, 0;
    %pushi/vec4 0, 0, 256;
    %load/vec4 v0x555590863ab0_0;
    %muli 16, 0, 32;
    %part/s 16;
    %pushi/vec4 176, 0, 32;
    %load/vec4 v0x555590863ab0_0;
    %add;
    %ix/vec4/s 4;
    %store/vec4a v0x555590863b90, 4, 0;
    %pushi/vec4 0, 0, 256;
    %load/vec4 v0x555590863ab0_0;
    %muli 16, 0, 32;
    %part/s 16;
    %pushi/vec4 192, 0, 32;
    %load/vec4 v0x555590863ab0_0;
    %add;
    %ix/vec4/s 4;
    %store/vec4a v0x555590863b90, 4, 0;
    %pushi/vec4 0, 0, 256;
    %load/vec4 v0x555590863ab0_0;
    %muli 16, 0, 32;
    %part/s 16;
    %pushi/vec4 208, 0, 32;
    %load/vec4 v0x555590863ab0_0;
    %add;
    %ix/vec4/s 4;
    %store/vec4a v0x555590863b90, 4, 0;
    %pushi/vec4 0, 0, 256;
    %load/vec4 v0x555590863ab0_0;
    %muli 16, 0, 32;
    %part/s 16;
    %pushi/vec4 224, 0, 32;
    %load/vec4 v0x555590863ab0_0;
    %add;
    %ix/vec4/s 4;
    %store/vec4a v0x555590863b90, 4, 0;
    %pushi/vec4 0, 0, 256;
    %load/vec4 v0x555590863ab0_0;
    %muli 16, 0, 32;
    %part/s 16;
    %pushi/vec4 240, 0, 32;
    %load/vec4 v0x555590863ab0_0;
    %add;
    %ix/vec4/s 4;
    %store/vec4a v0x555590863b90, 4, 0;
T_8.2 ; for-loop step statement
    %load/vec4 v0x555590863ab0_0;
    %addi 1, 0, 32;
    %store/vec4 v0x555590863ab0_0, 0, 32;
    %jmp T_8.0;
T_8.1 ; for-loop exit label
    %end;
    .thread T_8;
    .scope S_0x555590860890;
T_9 ;
    %wait E_0x5555908625c0;
    %load/vec4 v0x555590863910_0;
    %flag_set/vec4 9;
    %flag_get/vec4 9;
    %jmp/0 T_9.2, 9;
    %load/vec4 v0x555590863690_0;
    %and;
T_9.2;
    %flag_set/vec4 8;
    %jmp/0xz  T_9.0, 8;
    %load/vec4 v0x5555908639d0_0;
    %parti/s 1, 0, 2;
    %nor/r;
    %flag_set/vec4 8;
    %jmp/0xz  T_9.3, 8;
    %load/vec4 v0x555590863830_0;
    %parti/s 1, 0, 2;
    %load/vec4 v0x5555908634f0_0;
    %parti/s 8, 0, 2;
    %pad/u 10;
    %ix/vec4 3;
    %ix/load 4, 0, 0; Constant delay
    %assign/vec4/a/d v0x555590863b90, 0, 4;
T_9.3 ;
    %load/vec4 v0x5555908639d0_0;
    %parti/s 1, 1, 2;
    %nor/r;
    %flag_set/vec4 8;
    %jmp/0xz  T_9.5, 8;
    %load/vec4 v0x555590863830_0;
    %parti/s 1, 1, 2;
    %load/vec4 v0x5555908634f0_0;
    %parti/s 8, 0, 2;
    %pad/u 10;
    %ix/vec4 3;
    %ix/load 4, 1, 0; part off
    %ix/load 5, 0, 0; Constant delay
    %assign/vec4/a/d v0x555590863b90, 4, 5;
T_9.5 ;
    %load/vec4 v0x5555908639d0_0;
    %parti/s 1, 2, 3;
    %nor/r;
    %flag_set/vec4 8;
    %jmp/0xz  T_9.7, 8;
    %load/vec4 v0x555590863830_0;
    %parti/s 1, 2, 3;
    %load/vec4 v0x5555908634f0_0;
    %parti/s 8, 0, 2;
    %pad/u 10;
    %ix/vec4 3;
    %ix/load 4, 2, 0; part off
    %ix/load 5, 0, 0; Constant delay
    %assign/vec4/a/d v0x555590863b90, 4, 5;
T_9.7 ;
    %load/vec4 v0x5555908639d0_0;
    %parti/s 1, 3, 3;
    %nor/r;
    %flag_set/vec4 8;
    %jmp/0xz  T_9.9, 8;
    %load/vec4 v0x555590863830_0;
    %parti/s 1, 3, 3;
    %load/vec4 v0x5555908634f0_0;
    %parti/s 8, 0, 2;
    %pad/u 10;
    %ix/vec4 3;
    %ix/load 4, 3, 0; part off
    %ix/load 5, 0, 0; Constant delay
    %assign/vec4/a/d v0x555590863b90, 4, 5;
T_9.9 ;
    %load/vec4 v0x5555908639d0_0;
    %parti/s 1, 4, 4;
    %nor/r;
    %flag_set/vec4 8;
    %jmp/0xz  T_9.11, 8;
    %load/vec4 v0x555590863830_0;
    %parti/s 1, 4, 4;
    %load/vec4 v0x5555908634f0_0;
    %parti/s 8, 0, 2;
    %pad/u 10;
    %ix/vec4 3;
    %ix/load 4, 4, 0; part off
    %ix/load 5, 0, 0; Constant delay
    %assign/vec4/a/d v0x555590863b90, 4, 5;
T_9.11 ;
    %load/vec4 v0x5555908639d0_0;
    %parti/s 1, 5, 4;
    %nor/r;
    %flag_set/vec4 8;
    %jmp/0xz  T_9.13, 8;
    %load/vec4 v0x555590863830_0;
    %parti/s 1, 5, 4;
    %load/vec4 v0x5555908634f0_0;
    %parti/s 8, 0, 2;
    %pad/u 10;
    %ix/vec4 3;
    %ix/load 4, 5, 0; part off
    %ix/load 5, 0, 0; Constant delay
    %assign/vec4/a/d v0x555590863b90, 4, 5;
T_9.13 ;
    %load/vec4 v0x5555908639d0_0;
    %parti/s 1, 6, 4;
    %nor/r;
    %flag_set/vec4 8;
    %jmp/0xz  T_9.15, 8;
    %load/vec4 v0x555590863830_0;
    %parti/s 1, 6, 4;
    %load/vec4 v0x5555908634f0_0;
    %parti/s 8, 0, 2;
    %pad/u 10;
    %ix/vec4 3;
    %ix/load 4, 6, 0; part off
    %ix/load 5, 0, 0; Constant delay
    %assign/vec4/a/d v0x555590863b90, 4, 5;
T_9.15 ;
    %load/vec4 v0x5555908639d0_0;
    %parti/s 1, 7, 4;
    %nor/r;
    %flag_set/vec4 8;
    %jmp/0xz  T_9.17, 8;
    %load/vec4 v0x555590863830_0;
    %parti/s 1, 7, 4;
    %load/vec4 v0x5555908634f0_0;
    %parti/s 8, 0, 2;
    %pad/u 10;
    %ix/vec4 3;
    %ix/load 4, 7, 0; part off
    %ix/load 5, 0, 0; Constant delay
    %assign/vec4/a/d v0x555590863b90, 4, 5;
T_9.17 ;
    %load/vec4 v0x5555908639d0_0;
    %parti/s 1, 8, 5;
    %nor/r;
    %flag_set/vec4 8;
    %jmp/0xz  T_9.19, 8;
    %load/vec4 v0x555590863830_0;
    %parti/s 1, 8, 5;
    %load/vec4 v0x5555908634f0_0;
    %parti/s 8, 0, 2;
    %pad/u 10;
    %ix/vec4 3;
    %ix/load 4, 8, 0; part off
    %ix/load 5, 0, 0; Constant delay
    %assign/vec4/a/d v0x555590863b90, 4, 5;
T_9.19 ;
    %load/vec4 v0x5555908639d0_0;
    %parti/s 1, 9, 5;
    %nor/r;
    %flag_set/vec4 8;
    %jmp/0xz  T_9.21, 8;
    %load/vec4 v0x555590863830_0;
    %parti/s 1, 9, 5;
    %load/vec4 v0x5555908634f0_0;
    %parti/s 8, 0, 2;
    %pad/u 10;
    %ix/vec4 3;
    %ix/load 4, 9, 0; part off
    %ix/load 5, 0, 0; Constant delay
    %assign/vec4/a/d v0x555590863b90, 4, 5;
T_9.21 ;
    %load/vec4 v0x5555908639d0_0;
    %parti/s 1, 10, 5;
    %nor/r;
    %flag_set/vec4 8;
    %jmp/0xz  T_9.23, 8;
    %load/vec4 v0x555590863830_0;
    %parti/s 1, 10, 5;
    %load/vec4 v0x5555908634f0_0;
    %parti/s 8, 0, 2;
    %pad/u 10;
    %ix/vec4 3;
    %ix/load 4, 10, 0; part off
    %ix/load 5, 0, 0; Constant delay
    %assign/vec4/a/d v0x555590863b90, 4, 5;
T_9.23 ;
    %load/vec4 v0x5555908639d0_0;
    %parti/s 1, 11, 5;
    %nor/r;
    %flag_set/vec4 8;
    %jmp/0xz  T_9.25, 8;
    %load/vec4 v0x555590863830_0;
    %parti/s 1, 11, 5;
    %load/vec4 v0x5555908634f0_0;
    %parti/s 8, 0, 2;
    %pad/u 10;
    %ix/vec4 3;
    %ix/load 4, 11, 0; part off
    %ix/load 5, 0, 0; Constant delay
    %assign/vec4/a/d v0x555590863b90, 4, 5;
T_9.25 ;
    %load/vec4 v0x5555908639d0_0;
    %parti/s 1, 12, 5;
    %nor/r;
    %flag_set/vec4 8;
    %jmp/0xz  T_9.27, 8;
    %load/vec4 v0x555590863830_0;
    %parti/s 1, 12, 5;
    %load/vec4 v0x5555908634f0_0;
    %parti/s 8, 0, 2;
    %pad/u 10;
    %ix/vec4 3;
    %ix/load 4, 12, 0; part off
    %ix/load 5, 0, 0; Constant delay
    %assign/vec4/a/d v0x555590863b90, 4, 5;
T_9.27 ;
    %load/vec4 v0x5555908639d0_0;
    %parti/s 1, 13, 5;
    %nor/r;
    %flag_set/vec4 8;
    %jmp/0xz  T_9.29, 8;
    %load/vec4 v0x555590863830_0;
    %parti/s 1, 13, 5;
    %load/vec4 v0x5555908634f0_0;
    %parti/s 8, 0, 2;
    %pad/u 10;
    %ix/vec4 3;
    %ix/load 4, 13, 0; part off
    %ix/load 5, 0, 0; Constant delay
    %assign/vec4/a/d v0x555590863b90, 4, 5;
T_9.29 ;
    %load/vec4 v0x5555908639d0_0;
    %parti/s 1, 14, 5;
    %nor/r;
    %flag_set/vec4 8;
    %jmp/0xz  T_9.31, 8;
    %load/vec4 v0x555590863830_0;
    %parti/s 1, 14, 5;
    %load/vec4 v0x5555908634f0_0;
    %parti/s 8, 0, 2;
    %pad/u 10;
    %ix/vec4 3;
    %ix/load 4, 14, 0; part off
    %ix/load 5, 0, 0; Constant delay
    %assign/vec4/a/d v0x555590863b90, 4, 5;
T_9.31 ;
    %load/vec4 v0x5555908639d0_0;
    %parti/s 1, 15, 5;
    %nor/r;
    %flag_set/vec4 8;
    %jmp/0xz  T_9.33, 8;
    %load/vec4 v0x555590863830_0;
    %parti/s 1, 15, 5;
    %load/vec4 v0x5555908634f0_0;
    %parti/s 8, 0, 2;
    %pad/u 10;
    %ix/vec4 3;
    %ix/load 4, 15, 0; part off
    %ix/load 5, 0, 0; Constant delay
    %assign/vec4/a/d v0x555590863b90, 4, 5;
T_9.33 ;
T_9.0 ;
    %jmp T_9;
    .thread T_9;
    .scope S_0x555590860890;
T_10 ;
    %wait E_0x555590862540;
    %load/vec4 v0x555590863350_0;
    %flag_set/vec4 9;
    %flag_get/vec4 9;
    %jmp/0 T_10.2, 9;
    %load/vec4 v0x555590863080_0;
    %and;
T_10.2;
    %flag_set/vec4 8;
    %jmp/0xz  T_10.0, 8;
    %load/vec4 v0x555590862ed0_0;
    %parti/s 8, 0, 2;
    %pad/u 10;
    %ix/vec4 4;
    %load/vec4a v0x555590863b90, 4;
    %load/vec4 v0x555590863410_0;
    %inv;
    %and;
    %assign/vec4 v0x555590863270_0, 0;
T_10.0 ;
    %jmp T_10;
    .thread T_10;
    .scope S_0x5555907bd1d0;
T_11 ;
    %pushi/vec4 0, 0, 1;
    %store/vec4 v0x555590877540_0, 0, 1;
    %end;
    .thread T_11;
    .scope S_0x5555907bd1d0;
T_12 ;
    %wait E_0x555590870830;
    %load/vec4 v0x555590877480_0;
    %assign/vec4 v0x555590877540_0, 0;
    %jmp T_12;
    .thread T_12;
    .scope S_0x5555907b9360;
T_13 ;
    %pushi/vec4 0, 0, 1;
    %store/vec4 v0x555590877930_0, 0, 1;
    %end;
    .thread T_13;
    .scope S_0x5555907b9360;
T_14 ;
    %wait E_0x555590877660;
    %load/vec4 v0x555590877860_0;
    %flag_set/vec4 8;
    %jmp/0xz  T_14.0, 8;
    %load/vec4 v0x5555908777a0_0;
    %assign/vec4 v0x555590877930_0, 0;
T_14.0 ;
    %jmp T_14;
    .thread T_14;
    .scope S_0x5555907b8fa0;
T_15 ;
    %pushi/vec4 0, 0, 1;
    %store/vec4 v0x555590877d60_0, 0, 1;
    %end;
    .thread T_15;
    .scope S_0x5555907b8fa0;
T_16 ;
    %wait E_0x555590877aa0;
    %load/vec4 v0x555590877e20_0;
    %flag_set/vec4 8;
    %jmp/0xz  T_16.0, 8;
    %pushi/vec4 0, 0, 1;
    %assign/vec4 v0x555590877d60_0, 0;
    %jmp T_16.1;
T_16.0 ;
    %load/vec4 v0x555590877cc0_0;
    %flag_set/vec4 8;
    %jmp/0xz  T_16.2, 8;
    %load/vec4 v0x555590877c00_0;
    %assign/vec4 v0x555590877d60_0, 0;
T_16.2 ;
T_16.1 ;
    %jmp T_16;
    .thread T_16;
    .scope S_0x5555907a63e0;
T_17 ;
    %pushi/vec4 0, 0, 1;
    %store/vec4 v0x555590878290_0, 0, 1;
    %end;
    .thread T_17;
    .scope S_0x5555907a63e0;
T_18 ;
    %wait E_0x555590877fd0;
    %load/vec4 v0x555590878350_0;
    %flag_set/vec4 8;
    %jmp/0xz  T_18.0, 8;
    %pushi/vec4 1, 0, 1;
    %assign/vec4 v0x555590878290_0, 0;
    %jmp T_18.1;
T_18.0 ;
    %load/vec4 v0x5555908781f0_0;
    %flag_set/vec4 8;
    %jmp/0xz  T_18.2, 8;
    %load/vec4 v0x555590878130_0;
    %assign/vec4 v0x555590878290_0, 0;
T_18.2 ;
T_18.1 ;
    %jmp T_18;
    .thread T_18;
    .scope S_0x5555907a5ff0;
T_19 ;
    %pushi/vec4 0, 0, 1;
    %store/vec4 v0x5555908787c0_0, 0, 1;
    %end;
    .thread T_19;
    .scope S_0x5555907a5ff0;
T_20 ;
    %wait E_0x555590878500;
    %load/vec4 v0x555590878720_0;
    %flag_set/vec4 8;
    %jmp/0xz  T_20.0, 8;
    %load/vec4 v0x555590878880_0;
    %flag_set/vec4 8;
    %jmp/0xz  T_20.2, 8;
    %pushi/vec4 0, 0, 1;
    %assign/vec4 v0x5555908787c0_0, 0;
    %jmp T_20.3;
T_20.2 ;
    %load/vec4 v0x555590878660_0;
    %assign/vec4 v0x5555908787c0_0, 0;
T_20.3 ;
T_20.0 ;
    %jmp T_20;
    .thread T_20;
    .scope S_0x5555907a5820;
T_21 ;
    %pushi/vec4 0, 0, 1;
    %store/vec4 v0x555590878cf0_0, 0, 1;
    %end;
    .thread T_21;
    .scope S_0x5555907a5820;
T_22 ;
    %wait E_0x555590878a30;
    %load/vec4 v0x555590878c50_0;
    %flag_set/vec4 8;
    %jmp/0xz  T_22.0, 8;
    %load/vec4 v0x555590878db0_0;
    %flag_set/vec4 8;
    %jmp/0xz  T_22.2, 8;
    %pushi/vec4 1, 0, 1;
    %assign/vec4 v0x555590878cf0_0, 0;
    %jmp T_22.3;
T_22.2 ;
    %load/vec4 v0x555590878b90_0;
    %assign/vec4 v0x555590878cf0_0, 0;
T_22.3 ;
T_22.0 ;
    %jmp T_22;
    .thread T_22;
    .scope S_0x5555907a34d0;
T_23 ;
    %pushi/vec4 0, 0, 1;
    %store/vec4 v0x555590879180_0, 0, 1;
    %end;
    .thread T_23;
    .scope S_0x5555907a34d0;
T_24 ;
    %wait E_0x555590878f60;
    %load/vec4 v0x5555908790c0_0;
    %assign/vec4 v0x555590879180_0, 0;
    %jmp T_24;
    .thread T_24;
    .scope S_0x55559085aa40;
T_25 ;
    %pushi/vec4 0, 0, 1;
    %store/vec4 v0x555590879570_0, 0, 1;
    %end;
    .thread T_25;
    .scope S_0x55559085aa40;
T_26 ;
    %wait E_0x5555908792a0;
    %load/vec4 v0x5555908794a0_0;
    %flag_set/vec4 8;
    %jmp/0xz  T_26.0, 8;
    %load/vec4 v0x5555908793e0_0;
    %assign/vec4 v0x555590879570_0, 0;
T_26.0 ;
    %jmp T_26;
    .thread T_26;
    .scope S_0x5555908487d0;
T_27 ;
    %pushi/vec4 0, 0, 1;
    %store/vec4 v0x5555908799a0_0, 0, 1;
    %end;
    .thread T_27;
    .scope S_0x5555908487d0;
T_28 ;
    %wait E_0x5555908796e0;
    %load/vec4 v0x555590879a60_0;
    %flag_set/vec4 8;
    %jmp/0xz  T_28.0, 8;
    %pushi/vec4 0, 0, 1;
    %assign/vec4 v0x5555908799a0_0, 0;
    %jmp T_28.1;
T_28.0 ;
    %load/vec4 v0x555590879900_0;
    %flag_set/vec4 8;
    %jmp/0xz  T_28.2, 8;
    %load/vec4 v0x555590879840_0;
    %assign/vec4 v0x5555908799a0_0, 0;
T_28.2 ;
T_28.1 ;
    %jmp T_28;
    .thread T_28;
    .scope S_0x5555908483f0;
T_29 ;
    %pushi/vec4 0, 0, 1;
    %store/vec4 v0x555590879ed0_0, 0, 1;
    %end;
    .thread T_29;
    .scope S_0x5555908483f0;
T_30 ;
    %wait E_0x555590879c10;
    %load/vec4 v0x555590879f90_0;
    %flag_set/vec4 8;
    %jmp/0xz  T_30.0, 8;
    %pushi/vec4 1, 0, 1;
    %assign/vec4 v0x555590879ed0_0, 0;
    %jmp T_30.1;
T_30.0 ;
    %load/vec4 v0x555590879e30_0;
    %flag_set/vec4 8;
    %jmp/0xz  T_30.2, 8;
    %load/vec4 v0x555590879d70_0;
    %assign/vec4 v0x555590879ed0_0, 0;
T_30.2 ;
T_30.1 ;
    %jmp T_30;
    .thread T_30;
    .scope S_0x555590836920;
T_31 ;
    %pushi/vec4 0, 0, 1;
    %store/vec4 v0x55559087a400_0, 0, 1;
    %end;
    .thread T_31;
    .scope S_0x555590836920;
T_32 ;
    %wait E_0x55559087a140;
    %load/vec4 v0x55559087a360_0;
    %flag_set/vec4 8;
    %jmp/0xz  T_32.0, 8;
    %load/vec4 v0x55559087a4c0_0;
    %flag_set/vec4 8;
    %jmp/0xz  T_32.2, 8;
    %pushi/vec4 0, 0, 1;
    %assign/vec4 v0x55559087a400_0, 0;
    %jmp T_32.3;
T_32.2 ;
    %load/vec4 v0x55559087a2a0_0;
    %assign/vec4 v0x55559087a400_0, 0;
T_32.3 ;
T_32.0 ;
    %jmp T_32;
    .thread T_32;
    .scope S_0x555590810b60;
T_33 ;
    %pushi/vec4 0, 0, 1;
    %store/vec4 v0x55559087a930_0, 0, 1;
    %end;
    .thread T_33;
    .scope S_0x555590810b60;
T_34 ;
    %wait E_0x55559087a670;
    %load/vec4 v0x55559087a890_0;
    %flag_set/vec4 8;
    %jmp/0xz  T_34.0, 8;
    %load/vec4 v0x55559087a9f0_0;
    %flag_set/vec4 8;
    %jmp/0xz  T_34.2, 8;
    %pushi/vec4 1, 0, 1;
    %assign/vec4 v0x55559087a930_0, 0;
    %jmp T_34.3;
T_34.2 ;
    %load/vec4 v0x55559087a7d0_0;
    %assign/vec4 v0x55559087a930_0, 0;
T_34.3 ;
T_34.0 ;
    %jmp T_34;
    .thread T_34;
    .scope S_0x5555908101e0;
T_35 ;
    %pushi/vec4 0, 0, 1;
    %store/vec4 v0x55559087adc0_0, 0, 1;
    %end;
    .thread T_35;
    .scope S_0x5555908101e0;
T_36 ;
    %wait E_0x55559087aba0;
    %load/vec4 v0x55559087ae60_0;
    %flag_set/vec4 8;
    %jmp/0xz  T_36.0, 8;
    %pushi/vec4 0, 0, 1;
    %assign/vec4 v0x55559087adc0_0, 0;
    %jmp T_36.1;
T_36.0 ;
    %load/vec4 v0x55559087ad00_0;
    %assign/vec4 v0x55559087adc0_0, 0;
T_36.1 ;
    %jmp T_36;
    .thread T_36;
    .scope S_0x55559080c2a0;
T_37 ;
    %pushi/vec4 0, 0, 1;
    %store/vec4 v0x55559087b1f0_0, 0, 1;
    %end;
    .thread T_37;
    .scope S_0x55559080c2a0;
T_38 ;
    %wait E_0x55559087afd0;
    %load/vec4 v0x55559087b290_0;
    %flag_set/vec4 8;
    %jmp/0xz  T_38.0, 8;
    %pushi/vec4 1, 0, 1;
    %assign/vec4 v0x55559087b1f0_0, 0;
    %jmp T_38.1;
T_38.0 ;
    %load/vec4 v0x55559087b130_0;
    %assign/vec4 v0x55559087b1f0_0, 0;
T_38.1 ;
    %jmp T_38;
    .thread T_38;
    .scope S_0x55559080b520;
T_39 ;
    %pushi/vec4 0, 0, 1;
    %store/vec4 v0x55559087b620_0, 0, 1;
    %end;
    .thread T_39;
    .scope S_0x55559080b520;
T_40 ;
    %wait E_0x55559087b400;
    %load/vec4 v0x55559087b6c0_0;
    %flag_set/vec4 8;
    %jmp/0xz  T_40.0, 8;
    %pushi/vec4 0, 0, 1;
    %assign/vec4 v0x55559087b620_0, 0;
    %jmp T_40.1;
T_40.0 ;
    %load/vec4 v0x55559087b560_0;
    %assign/vec4 v0x55559087b620_0, 0;
T_40.1 ;
    %jmp T_40;
    .thread T_40;
    .scope S_0x55559080a7a0;
T_41 ;
    %pushi/vec4 0, 0, 1;
    %store/vec4 v0x55559087ba50_0, 0, 1;
    %end;
    .thread T_41;
    .scope S_0x55559080a7a0;
T_42 ;
    %wait E_0x55559087b830;
    %load/vec4 v0x55559087baf0_0;
    %flag_set/vec4 8;
    %jmp/0xz  T_42.0, 8;
    %pushi/vec4 1, 0, 1;
    %assign/vec4 v0x55559087ba50_0, 0;
    %jmp T_42.1;
T_42.0 ;
    %load/vec4 v0x55559087b990_0;
    %assign/vec4 v0x55559087ba50_0, 0;
T_42.1 ;
    %jmp T_42;
    .thread T_42;
    .scope S_0x555590807b90;
T_43 ;
    %pushi/vec4 0, 0, 1;
    %store/vec4 v0x55559087be80_0, 0, 1;
    %end;
    .thread T_43;
    .scope S_0x555590807b90;
T_44 ;
    %wait E_0x55559087bc60;
    %load/vec4 v0x55559087bf20_0;
    %flag_set/vec4 8;
    %jmp/0xz  T_44.0, 8;
    %pushi/vec4 0, 0, 1;
    %assign/vec4 v0x55559087be80_0, 0;
    %jmp T_44.1;
T_44.0 ;
    %load/vec4 v0x55559087bdc0_0;
    %assign/vec4 v0x55559087be80_0, 0;
T_44.1 ;
    %jmp T_44;
    .thread T_44;
    .scope S_0x55559081fb20;
T_45 ;
    %pushi/vec4 0, 0, 1;
    %store/vec4 v0x55559087c2b0_0, 0, 1;
    %end;
    .thread T_45;
    .scope S_0x55559081fb20;
T_46 ;
    %wait E_0x55559087c090;
    %load/vec4 v0x55559087c350_0;
    %flag_set/vec4 8;
    %jmp/0xz  T_46.0, 8;
    %pushi/vec4 1, 0, 1;
    %assign/vec4 v0x55559087c2b0_0, 0;
    %jmp T_46.1;
T_46.0 ;
    %load/vec4 v0x55559087c1f0_0;
    %assign/vec4 v0x55559087c2b0_0, 0;
T_46.1 ;
    %jmp T_46;
    .thread T_46;
    .scope S_0x55559081b7f0;
T_47 ;
    %pushi/vec4 0, 0, 1;
    %store/vec4 v0x55559087c6e0_0, 0, 1;
    %end;
    .thread T_47;
    .scope S_0x55559081b7f0;
T_48 ;
    %wait E_0x55559087c4c0;
    %load/vec4 v0x55559087c780_0;
    %flag_set/vec4 8;
    %jmp/0xz  T_48.0, 8;
    %pushi/vec4 0, 0, 1;
    %assign/vec4 v0x55559087c6e0_0, 0;
    %jmp T_48.1;
T_48.0 ;
    %load/vec4 v0x55559087c620_0;
    %assign/vec4 v0x55559087c6e0_0, 0;
T_48.1 ;
    %jmp T_48;
    .thread T_48;
    .scope S_0x555590809a20;
T_49 ;
    %pushi/vec4 0, 0, 1;
    %store/vec4 v0x55559087cb10_0, 0, 1;
    %end;
    .thread T_49;
    .scope S_0x555590809a20;
T_50 ;
    %wait E_0x55559087c8f0;
    %load/vec4 v0x55559087cbb0_0;
    %flag_set/vec4 8;
    %jmp/0xz  T_50.0, 8;
    %pushi/vec4 1, 0, 1;
    %assign/vec4 v0x55559087cb10_0, 0;
    %jmp T_50.1;
T_50.0 ;
    %load/vec4 v0x55559087ca50_0;
    %assign/vec4 v0x55559087cb10_0, 0;
T_50.1 ;
    %jmp T_50;
    .thread T_50;
    .scope S_0x55559087d7c0;
T_51 ;
    %wait E_0x55559087dae0;
    %load/vec4 v0x55559087e4c0_0;
    %assign/vec4 v0x55559087e580_0, 0;
    %jmp T_51;
    .thread T_51;
    .scope S_0x55559087d7c0;
T_52 ;
    %wait E_0x55559087dae0;
    %load/vec4 v0x55559087e4c0_0;
    %flag_set/vec4 8;
    %jmp/0xz  T_52.0, 8;
    %load/vec4 v0x55559087e260_0;
    %assign/vec4 v0x55559087e990_0, 0;
T_52.0 ;
    %jmp T_52;
    .thread T_52;
    .scope S_0x55559087d7c0;
T_53 ;
    %wait E_0x55559087da80;
    %load/vec4 v0x55559087e580_0;
    %flag_set/vec4 8;
    %jmp/0xz  T_53.0, 8;
    %load/vec4 v0x55559087e260_0;
    %assign/vec4 v0x55559087ea50_0, 0;
T_53.0 ;
    %jmp T_53;
    .thread T_53;
    .scope S_0x55559087d7c0;
T_54 ;
    %wait E_0x55559087d9a0;
    %load/vec4 v0x55559087e4c0_0;
    %assign/vec4 v0x55559087e640_0, 0;
    %jmp T_54;
    .thread T_54;
    .scope S_0x55559087d7c0;
T_55 ;
    %wait E_0x55559087d9a0;
    %load/vec4 v0x55559087e4c0_0;
    %flag_set/vec4 8;
    %jmp/0xz  T_55.0, 8;
    %load/vec4 v0x55559087dd90_0;
    %assign/vec4 v0x55559087ebd0_0, 0;
T_55.0 ;
    %jmp T_55;
    .thread T_55;
    .scope S_0x55559087d7c0;
T_56 ;
    %wait E_0x55559087da20;
    %load/vec4 v0x55559087e640_0;
    %flag_set/vec4 8;
    %jmp/0xz  T_56.0, 8;
    %load/vec4 v0x55559087de50_0;
    %assign/vec4 v0x55559087ec90_0, 0;
T_56.0 ;
    %jmp T_56;
    .thread T_56;
    .scope S_0x55559087d7c0;
T_57 ;
    %wait E_0x55559087d9a0;
    %load/vec4 v0x55559087e4c0_0;
    %flag_set/vec4 8;
    %jmp/0xz  T_57.0, 8;
    %load/vec4 v0x55559087e1a0_0;
    %assign/vec4 v0x55559087eed0_0, 0;
T_57.0 ;
    %jmp T_57;
    .thread T_57;
    .scope S_0x55559087d100;
T_58 ;
    %wait E_0x55559087d730;
    %load/vec4 v0x55559087e990_0;
    %store/vec4 v0x55559087e700_0, 0, 1;
    %load/vec4 v0x55559087ea50_0;
    %store/vec4 v0x55559087e7c0_0, 0, 1;
    %jmp T_58;
    .thread T_58, $push;
    .scope S_0x55559087d100;
T_59 ;
    %wait E_0x55559087d6d0;
    %load/vec4 v0x55559087e0e0_0;
    %assign/vec4 v0x55559087ed50_0, 0;
    %jmp T_59;
    .thread T_59, $push;
    .scope S_0x55559087d100;
T_60 ;
    %wait E_0x55559087d670;
    %load/vec4 v0x55559087ed50_0;
    %assign/vec4 v0x55559087ee10_0, 0;
    %jmp T_60;
    .thread T_60, $push;
    .scope S_0x55559087d100;
T_61 ;
    %wait E_0x55559087d610;
    %load/vec4 v0x55559087ee10_0;
    %pushi/vec4 0, 0, 1;
    %xor;
    %flag_set/vec4 8;
    %jmp/1 T_61.2, 8;
    %pushi/vec4 0, 0, 1;
    %flag_set/vec4 9;
    %flag_or 8, 9;
T_61.2;
    %jmp/0 T_61.0, 8;
    %load/vec4 v0x55559087ebd0_0;
    %jmp/1 T_61.1, 8;
T_61.0 ; End of true expr.
    %load/vec4 v0x55559087ec90_0;
    %jmp/0 T_61.1, 8;
 ; End of false expr.
    %blend;
T_61.1;
    %store/vec4 v0x55559087eb10_0, 0, 1;
    %jmp T_61;
    .thread T_61, $push;
    .scope S_0x555590882b90;
T_62 ;
    %wait E_0x555590882e60;
    %load/vec4 v0x555590882ef0_0;
    %flag_set/vec4 8;
    %jmp/0xz  T_62.0, 8;
    %load/vec4 v0x5555908835e0_0;
    %assign/vec4 v0x5555908839a0_0, 0;
T_62.0 ;
    %jmp T_62;
    .thread T_62;
    .scope S_0x555590882b90;
T_63 ;
    %wait E_0x555590882e00;
    %load/vec4 v0x555590882ef0_0;
    %flag_set/vec4 8;
    %jmp/0xz  T_63.0, 8;
    %load/vec4 v0x5555908835e0_0;
    %assign/vec4 v0x555590883a60_0, 0;
T_63.0 ;
    %jmp T_63;
    .thread T_63;
    .scope S_0x555590882b90;
T_64 ;
    %wait E_0x555590882d20;
    %load/vec4 v0x555590882ef0_0;
    %flag_set/vec4 8;
    %jmp/0xz  T_64.0, 8;
    %load/vec4 v0x555590883110_0;
    %assign/vec4 v0x555590883be0_0, 0;
T_64.0 ;
    %jmp T_64;
    .thread T_64;
    .scope S_0x555590882b90;
T_65 ;
    %wait E_0x555590882da0;
    %load/vec4 v0x555590882ef0_0;
    %flag_set/vec4 8;
    %jmp/0xz  T_65.0, 8;
    %load/vec4 v0x5555908831d0_0;
    %assign/vec4 v0x555590883ca0_0, 0;
T_65.0 ;
    %jmp T_65;
    .thread T_65;
    .scope S_0x555590882b90;
T_66 ;
    %wait E_0x555590882d20;
    %load/vec4 v0x555590882ef0_0;
    %flag_set/vec4 8;
    %jmp/0xz  T_66.0, 8;
    %load/vec4 v0x555590883520_0;
    %assign/vec4 v0x555590883ee0_0, 0;
T_66.0 ;
    %jmp T_66;
    .thread T_66;
    .scope S_0x5555907cf1a0;
T_67 ;
    %wait E_0x555590882b00;
    %load/vec4 v0x5555908839a0_0;
    %store/vec4 v0x555590883820_0, 0, 1;
    %load/vec4 v0x555590883a60_0;
    %store/vec4 v0x5555908838e0_0, 0, 1;
    %jmp T_67;
    .thread T_67, $push;
    .scope S_0x5555907cf1a0;
T_68 ;
    %wait E_0x555590882aa0;
    %load/vec4 v0x555590883460_0;
    %assign/vec4 v0x555590883d60_0, 0;
    %jmp T_68;
    .thread T_68, $push;
    .scope S_0x5555907cf1a0;
T_69 ;
    %wait E_0x555590882a40;
    %load/vec4 v0x555590883d60_0;
    %assign/vec4 v0x555590883e20_0, 0;
    %jmp T_69;
    .thread T_69, $push;
    .scope S_0x5555907cf1a0;
T_70 ;
    %wait E_0x5555908829c0;
    %load/vec4 v0x555590883e20_0;
    %pushi/vec4 0, 0, 1;
    %xor;
    %flag_set/vec4 8;
    %jmp/1 T_70.2, 8;
    %pushi/vec4 0, 0, 1;
    %flag_set/vec4 9;
    %flag_or 8, 9;
T_70.2;
    %jmp/0 T_70.0, 8;
    %load/vec4 v0x555590883be0_0;
    %jmp/1 T_70.1, 8;
T_70.0 ; End of true expr.
    %load/vec4 v0x555590883ca0_0;
    %jmp/0 T_70.1, 8;
 ; End of false expr.
    %blend;
T_70.1;
    %store/vec4 v0x555590883b20_0, 0, 1;
    %jmp T_70;
    .thread T_70, $push;
    .scope S_0x555590884360;
T_71 ;
    %wait E_0x555590884630;
    %load/vec4 v0x5555908846c0_0;
    %flag_set/vec4 8;
    %jmp/0xz  T_71.0, 8;
    %load/vec4 v0x555590884db0_0;
    %assign/vec4 v0x555590884ff0_0, 0;
T_71.0 ;
    %jmp T_71;
    .thread T_71;
    .scope S_0x555590884360;
T_72 ;
    %wait E_0x5555908845d0;
    %load/vec4 v0x5555908846c0_0;
    %flag_set/vec4 8;
    %jmp/0xz  T_72.0, 8;
    %load/vec4 v0x555590884db0_0;
    %assign/vec4 v0x5555908850b0_0, 0;
T_72.0 ;
    %jmp T_72;
    .thread T_72;
    .scope S_0x555590884360;
T_73 ;
    %wait E_0x5555908844f0;
    %load/vec4 v0x5555908846c0_0;
    %flag_set/vec4 8;
    %jmp/0xz  T_73.0, 8;
    %load/vec4 v0x5555908848e0_0;
    %assign/vec4 v0x555590885230_0, 0;
T_73.0 ;
    %jmp T_73;
    .thread T_73;
    .scope S_0x555590884360;
T_74 ;
    %wait E_0x555590884570;
    %load/vec4 v0x5555908846c0_0;
    %flag_set/vec4 8;
    %jmp/0xz  T_74.0, 8;
    %load/vec4 v0x5555908849a0_0;
    %assign/vec4 v0x5555908852f0_0, 0;
T_74.0 ;
    %jmp T_74;
    .thread T_74;
    .scope S_0x555590884360;
T_75 ;
    %wait E_0x5555908844f0;
    %load/vec4 v0x5555908846c0_0;
    %flag_set/vec4 8;
    %jmp/0xz  T_75.0, 8;
    %load/vec4 v0x555590884cf0_0;
    %assign/vec4 v0x555590885640_0, 0;
T_75.0 ;
    %jmp T_75;
    .thread T_75;
    .scope S_0x5555907ce080;
T_76 ;
    %wait E_0x5555908842d0;
    %load/vec4 v0x555590884ff0_0;
    %store/vec4 v0x555590884e70_0, 0, 1;
    %load/vec4 v0x5555908850b0_0;
    %store/vec4 v0x555590884f30_0, 0, 1;
    %jmp T_76;
    .thread T_76, $push;
    .scope S_0x5555907ce080;
T_77 ;
    %wait E_0x555590884270;
    %load/vec4 v0x555590884c30_0;
    %assign/vec4 v0x5555908854c0_0, 0;
    %jmp T_77;
    .thread T_77, $push;
    .scope S_0x5555907ce080;
T_78 ;
    %wait E_0x555590884210;
    %load/vec4 v0x5555908854c0_0;
    %assign/vec4 v0x555590885580_0, 0;
    %jmp T_78;
    .thread T_78, $push;
    .scope S_0x5555907ce080;
T_79 ;
    %wait E_0x555590884190;
    %load/vec4 v0x555590885580_0;
    %pushi/vec4 0, 0, 1;
    %xor;
    %flag_set/vec4 8;
    %jmp/1 T_79.2, 8;
    %pushi/vec4 0, 0, 1;
    %flag_set/vec4 9;
    %flag_or 8, 9;
T_79.2;
    %jmp/0 T_79.0, 8;
    %load/vec4 v0x555590885230_0;
    %jmp/1 T_79.1, 8;
T_79.0 ; End of true expr.
    %load/vec4 v0x5555908852f0_0;
    %jmp/0 T_79.1, 8;
 ; End of false expr.
    %blend;
T_79.1;
    %store/vec4 v0x555590885170_0, 0, 1;
    %jmp T_79;
    .thread T_79, $push;
    .scope S_0x5555907cbe40;
T_80 ;
    %wait E_0x555590888050;
    %load/vec4 v0x5555908893e0_0;
    %flag_set/vec4 8;
    %jmp/0xz  T_80.0, 8;
    %pushi/vec4 0, 0, 16;
    %assign/vec4 v0x55559088f460_0, 0;
    %pushi/vec4 0, 0, 16;
    %assign/vec4 v0x55559088f2a0_0, 0;
    %jmp T_80.1;
T_80.0 ;
    %load/vec4 v0x555590888bf0_0;
    %flag_set/vec4 8;
    %jmp/0xz  T_80.2, 8;
    %load/vec4 v0x555590888cb0_0;
    %nor/r;
    %flag_set/vec4 8;
    %jmp/0xz  T_80.4, 8;
    %load/vec4 v0x555590888b10_0;
    %assign/vec4 v0x55559088f460_0, 0;
T_80.4 ;
    %load/vec4 v0x5555908884a0_0;
    %nor/r;
    %flag_set/vec4 8;
    %jmp/0xz  T_80.6, 8;
    %load/vec4 v0x5555908880e0_0;
    %assign/vec4 v0x55559088f2a0_0, 0;
T_80.6 ;
T_80.2 ;
T_80.1 ;
    %jmp T_80;
    .thread T_80;
    .scope S_0x5555907cbe40;
T_81 ;
    %wait E_0x555590887ff0;
    %load/vec4 v0x555590889320_0;
    %flag_set/vec4 8;
    %jmp/0xz  T_81.0, 8;
    %pushi/vec4 0, 0, 16;
    %assign/vec4 v0x55559088f380_0, 0;
    %pushi/vec4 0, 0, 16;
    %assign/vec4 v0x55559088f540_0, 0;
    %jmp T_81.1;
T_81.0 ;
    %load/vec4 v0x555590888bf0_0;
    %flag_set/vec4 8;
    %jmp/0xz  T_81.2, 8;
    %load/vec4 v0x555590888890_0;
    %nor/r;
    %flag_set/vec4 8;
    %jmp/0xz  T_81.4, 8;
    %load/vec4 v0x555590888720_0;
    %assign/vec4 v0x55559088f380_0, 0;
T_81.4 ;
    %load/vec4 v0x5555908891a0_0;
    %nor/r;
    %flag_set/vec4 8;
    %jmp/0xz  T_81.6, 8;
    %load/vec4 v0x5555908890c0_0;
    %assign/vec4 v0x55559088f540_0, 0;
T_81.6 ;
T_81.2 ;
T_81.1 ;
    %jmp T_81;
    .thread T_81;
    .scope S_0x5555907cbe40;
T_82 ;
    %wait E_0x555590888050;
    %load/vec4 v0x5555908893e0_0;
    %flag_set/vec4 8;
    %jmp/0xz  T_82.0, 8;
    %pushi/vec4 0, 0, 16;
    %assign/vec4 v0x55559088fe30_0, 0;
    %pushi/vec4 0, 0, 16;
    %assign/vec4 v0x5555908900d0_0, 0;
    %jmp T_82.1;
T_82.0 ;
    %load/vec4 v0x555590888bf0_0;
    %flag_set/vec4 8;
    %jmp/0xz  T_82.2, 8;
    %load/vec4 v0x55559088ef20_0;
    %assign/vec4 v0x55559088fe30_0, 0;
    %load/vec4 v0x55559088f0e0_0;
    %assign/vec4 v0x5555908900d0_0, 0;
T_82.2 ;
T_82.1 ;
    %jmp T_82;
    .thread T_82;
    .scope S_0x5555907cbe40;
T_83 ;
    %wait E_0x555590887ff0;
    %load/vec4 v0x555590889320_0;
    %flag_set/vec4 8;
    %jmp/0xz  T_83.0, 8;
    %pushi/vec4 0, 0, 16;
    %assign/vec4 v0x5555908901b0_0, 0;
    %pushi/vec4 0, 0, 16;
    %assign/vec4 v0x55559088ff10_0, 0;
    %jmp T_83.1;
T_83.0 ;
    %load/vec4 v0x555590888bf0_0;
    %flag_set/vec4 8;
    %jmp/0xz  T_83.2, 8;
    %load/vec4 v0x55559088f000_0;
    %assign/vec4 v0x5555908901b0_0, 0;
    %load/vec4 v0x55559088f1c0_0;
    %assign/vec4 v0x55559088ff10_0, 0;
T_83.2 ;
T_83.1 ;
    %jmp T_83;
    .thread T_83;
    .scope S_0x5555907cbe40;
T_84 ;
    %wait E_0x555590887ff0;
    %load/vec4 v0x555590889320_0;
    %flag_set/vec4 8;
    %jmp/0xz  T_84.0, 8;
    %pushi/vec4 0, 0, 32;
    %assign/vec4 v0x55559088fff0_0, 0;
    %jmp T_84.1;
T_84.0 ;
    %load/vec4 v0x555590888bf0_0;
    %flag_set/vec4 8;
    %jmp/0xz  T_84.2, 8;
    %load/vec4 v0x55559088e740_0;
    %assign/vec4 v0x55559088fff0_0, 0;
T_84.2 ;
T_84.1 ;
    %jmp T_84;
    .thread T_84;
    .scope S_0x5555907cbe40;
T_85 ;
    %wait E_0x555590887f90;
    %load/vec4 v0x555590889ac0_0;
    %flag_set/vec4 8;
    %jmp/0xz  T_85.0, 8;
    %pushi/vec4 0, 0, 16;
    %assign/vec4 v0x555590890290_0, 0;
    %jmp T_85.1;
T_85.0 ;
    %load/vec4 v0x555590888bf0_0;
    %flag_set/vec4 8;
    %jmp/0xz  T_85.2, 8;
    %load/vec4 v0x5555908897c0_0;
    %nor/r;
    %flag_set/vec4 8;
    %jmp/0xz  T_85.4, 8;
    %load/vec4 v0x55559088e820_0;
    %assign/vec4 v0x555590890290_0, 0;
T_85.4 ;
T_85.2 ;
T_85.1 ;
    %jmp T_85;
    .thread T_85;
    .scope S_0x5555907cbe40;
T_86 ;
    %wait E_0x555590887f10;
    %load/vec4 v0x555590889a00_0;
    %flag_set/vec4 8;
    %jmp/0xz  T_86.0, 8;
    %pushi/vec4 0, 0, 16;
    %assign/vec4 v0x555590890370_0, 0;
    %jmp T_86.1;
T_86.0 ;
    %load/vec4 v0x555590888bf0_0;
    %flag_set/vec4 8;
    %jmp/0xz  T_86.2, 8;
    %load/vec4 v0x555590889700_0;
    %nor/r;
    %flag_set/vec4 8;
    %jmp/0xz  T_86.4, 8;
    %load/vec4 v0x55559088e9e0_0;
    %assign/vec4 v0x555590890370_0, 0;
T_86.4 ;
T_86.2 ;
T_86.1 ;
    %jmp T_86;
    .thread T_86;
    .scope S_0x555590894610;
T_87 ;
    %pushi/vec4 0, 0, 32;
    %store/vec4 v0x5555908978c0_0, 0, 32;
T_87.0 ; Top of for-loop
    %load/vec4 v0x5555908978c0_0;
    %cmpi/s 16, 0, 32;
	  %jmp/0xz T_87.1, 5;
    %pushi/vec4 0, 0, 256;
    %load/vec4 v0x5555908978c0_0;
    %muli 16, 0, 32;
    %part/s 16;
    %pushi/vec4 0, 0, 32;
    %load/vec4 v0x5555908978c0_0;
    %add;
    %ix/vec4/s 4;
    %store/vec4a v0x5555908979a0, 4, 0;
    %pushi/vec4 0, 0, 256;
    %load/vec4 v0x5555908978c0_0;
    %muli 16, 0, 32;
    %part/s 16;
    %pushi/vec4 16, 0, 32;
    %load/vec4 v0x5555908978c0_0;
    %add;
    %ix/vec4/s 4;
    %store/vec4a v0x5555908979a0, 4, 0;
    %pushi/vec4 0, 0, 256;
    %load/vec4 v0x5555908978c0_0;
    %muli 16, 0, 32;
    %part/s 16;
    %pushi/vec4 32, 0, 32;
    %load/vec4 v0x5555908978c0_0;
    %add;
    %ix/vec4/s 4;
    %store/vec4a v0x5555908979a0, 4, 0;
    %pushi/vec4 0, 0, 256;
    %load/vec4 v0x5555908978c0_0;
    %muli 16, 0, 32;
    %part/s 16;
    %pushi/vec4 48, 0, 32;
    %load/vec4 v0x5555908978c0_0;
    %add;
    %ix/vec4/s 4;
    %store/vec4a v0x5555908979a0, 4, 0;
    %pushi/vec4 0, 0, 256;
    %load/vec4 v0x5555908978c0_0;
    %muli 16, 0, 32;
    %part/s 16;
    %pushi/vec4 64, 0, 32;
    %load/vec4 v0x5555908978c0_0;
    %add;
    %ix/vec4/s 4;
    %store/vec4a v0x5555908979a0, 4, 0;
    %pushi/vec4 0, 0, 256;
    %load/vec4 v0x5555908978c0_0;
    %muli 16, 0, 32;
    %part/s 16;
    %pushi/vec4 80, 0, 32;
    %load/vec4 v0x5555908978c0_0;
    %add;
    %ix/vec4/s 4;
    %store/vec4a v0x5555908979a0, 4, 0;
    %pushi/vec4 0, 0, 256;
    %load/vec4 v0x5555908978c0_0;
    %muli 16, 0, 32;
    %part/s 16;
    %pushi/vec4 96, 0, 32;
    %load/vec4 v0x5555908978c0_0;
    %add;
    %ix/vec4/s 4;
    %store/vec4a v0x5555908979a0, 4, 0;
    %pushi/vec4 0, 0, 256;
    %load/vec4 v0x5555908978c0_0;
    %muli 16, 0, 32;
    %part/s 16;
    %pushi/vec4 112, 0, 32;
    %load/vec4 v0x5555908978c0_0;
    %add;
    %ix/vec4/s 4;
    %store/vec4a v0x5555908979a0, 4, 0;
    %pushi/vec4 0, 0, 256;
    %load/vec4 v0x5555908978c0_0;
    %muli 16, 0, 32;
    %part/s 16;
    %pushi/vec4 128, 0, 32;
    %load/vec4 v0x5555908978c0_0;
    %add;
    %ix/vec4/s 4;
    %store/vec4a v0x5555908979a0, 4, 0;
    %pushi/vec4 0, 0, 256;
    %load/vec4 v0x5555908978c0_0;
    %muli 16, 0, 32;
    %part/s 16;
    %pushi/vec4 144, 0, 32;
    %load/vec4 v0x5555908978c0_0;
    %add;
    %ix/vec4/s 4;
    %store/vec4a v0x5555908979a0, 4, 0;
    %pushi/vec4 0, 0, 256;
    %load/vec4 v0x5555908978c0_0;
    %muli 16, 0, 32;
    %part/s 16;
    %pushi/vec4 160, 0, 32;
    %load/vec4 v0x5555908978c0_0;
    %add;
    %ix/vec4/s 4;
    %store/vec4a v0x5555908979a0, 4, 0;
    %pushi/vec4 0, 0, 256;
    %load/vec4 v0x5555908978c0_0;
    %muli 16, 0, 32;
    %part/s 16;
    %pushi/vec4 176, 0, 32;
    %load/vec4 v0x5555908978c0_0;
    %add;
    %ix/vec4/s 4;
    %store/vec4a v0x5555908979a0, 4, 0;
    %pushi/vec4 0, 0, 256;
    %load/vec4 v0x5555908978c0_0;
    %muli 16, 0, 32;
    %part/s 16;
    %pushi/vec4 192, 0, 32;
    %load/vec4 v0x5555908978c0_0;
    %add;
    %ix/vec4/s 4;
    %store/vec4a v0x5555908979a0, 4, 0;
    %pushi/vec4 0, 0, 256;
    %load/vec4 v0x5555908978c0_0;
    %muli 16, 0, 32;
    %part/s 16;
    %pushi/vec4 208, 0, 32;
    %load/vec4 v0x5555908978c0_0;
    %add;
    %ix/vec4/s 4;
    %store/vec4a v0x5555908979a0, 4, 0;
    %pushi/vec4 0, 0, 256;
    %load/vec4 v0x5555908978c0_0;
    %muli 16, 0, 32;
    %part/s 16;
    %pushi/vec4 224, 0, 32;
    %load/vec4 v0x5555908978c0_0;
    %add;
    %ix/vec4/s 4;
    %store/vec4a v0x5555908979a0, 4, 0;
    %pushi/vec4 0, 0, 256;
    %load/vec4 v0x5555908978c0_0;
    %muli 16, 0, 32;
    %part/s 16;
    %pushi/vec4 240, 0, 32;
    %load/vec4 v0x5555908978c0_0;
    %add;
    %ix/vec4/s 4;
    %store/vec4a v0x5555908979a0, 4, 0;
T_87.2 ; for-loop step statement
    %load/vec4 v0x5555908978c0_0;
    %addi 1, 0, 32;
    %store/vec4 v0x5555908978c0_0, 0, 32;
    %jmp T_87.0;
T_87.1 ; for-loop exit label
    %end;
    .thread T_87;
    .scope S_0x555590894610;
T_88 ;
    %wait E_0x5555908963d0;
    %load/vec4 v0x555590897720_0;
    %flag_set/vec4 9;
    %flag_get/vec4 9;
    %jmp/0 T_88.2, 9;
    %load/vec4 v0x5555908974a0_0;
    %and;
T_88.2;
    %flag_set/vec4 8;
    %jmp/0xz  T_88.0, 8;
    %load/vec4 v0x5555908977e0_0;
    %parti/s 1, 0, 2;
    %nor/r;
    %flag_set/vec4 8;
    %jmp/0xz  T_88.3, 8;
    %load/vec4 v0x555590897640_0;
    %parti/s 1, 0, 2;
    %load/vec4 v0x555590897300_0;
    %parti/s 8, 0, 2;
    %pad/u 10;
    %ix/vec4 3;
    %ix/load 4, 0, 0; Constant delay
    %assign/vec4/a/d v0x5555908979a0, 0, 4;
T_88.3 ;
    %load/vec4 v0x5555908977e0_0;
    %parti/s 1, 1, 2;
    %nor/r;
    %flag_set/vec4 8;
    %jmp/0xz  T_88.5, 8;
    %load/vec4 v0x555590897640_0;
    %parti/s 1, 1, 2;
    %load/vec4 v0x555590897300_0;
    %parti/s 8, 0, 2;
    %pad/u 10;
    %ix/vec4 3;
    %ix/load 4, 1, 0; part off
    %ix/load 5, 0, 0; Constant delay
    %assign/vec4/a/d v0x5555908979a0, 4, 5;
T_88.5 ;
    %load/vec4 v0x5555908977e0_0;
    %parti/s 1, 2, 3;
    %nor/r;
    %flag_set/vec4 8;
    %jmp/0xz  T_88.7, 8;
    %load/vec4 v0x555590897640_0;
    %parti/s 1, 2, 3;
    %load/vec4 v0x555590897300_0;
    %parti/s 8, 0, 2;
    %pad/u 10;
    %ix/vec4 3;
    %ix/load 4, 2, 0; part off
    %ix/load 5, 0, 0; Constant delay
    %assign/vec4/a/d v0x5555908979a0, 4, 5;
T_88.7 ;
    %load/vec4 v0x5555908977e0_0;
    %parti/s 1, 3, 3;
    %nor/r;
    %flag_set/vec4 8;
    %jmp/0xz  T_88.9, 8;
    %load/vec4 v0x555590897640_0;
    %parti/s 1, 3, 3;
    %load/vec4 v0x555590897300_0;
    %parti/s 8, 0, 2;
    %pad/u 10;
    %ix/vec4 3;
    %ix/load 4, 3, 0; part off
    %ix/load 5, 0, 0; Constant delay
    %assign/vec4/a/d v0x5555908979a0, 4, 5;
T_88.9 ;
    %load/vec4 v0x5555908977e0_0;
    %parti/s 1, 4, 4;
    %nor/r;
    %flag_set/vec4 8;
    %jmp/0xz  T_88.11, 8;
    %load/vec4 v0x555590897640_0;
    %parti/s 1, 4, 4;
    %load/vec4 v0x555590897300_0;
    %parti/s 8, 0, 2;
    %pad/u 10;
    %ix/vec4 3;
    %ix/load 4, 4, 0; part off
    %ix/load 5, 0, 0; Constant delay
    %assign/vec4/a/d v0x5555908979a0, 4, 5;
T_88.11 ;
    %load/vec4 v0x5555908977e0_0;
    %parti/s 1, 5, 4;
    %nor/r;
    %flag_set/vec4 8;
    %jmp/0xz  T_88.13, 8;
    %load/vec4 v0x555590897640_0;
    %parti/s 1, 5, 4;
    %load/vec4 v0x555590897300_0;
    %parti/s 8, 0, 2;
    %pad/u 10;
    %ix/vec4 3;
    %ix/load 4, 5, 0; part off
    %ix/load 5, 0, 0; Constant delay
    %assign/vec4/a/d v0x5555908979a0, 4, 5;
T_88.13 ;
    %load/vec4 v0x5555908977e0_0;
    %parti/s 1, 6, 4;
    %nor/r;
    %flag_set/vec4 8;
    %jmp/0xz  T_88.15, 8;
    %load/vec4 v0x555590897640_0;
    %parti/s 1, 6, 4;
    %load/vec4 v0x555590897300_0;
    %parti/s 8, 0, 2;
    %pad/u 10;
    %ix/vec4 3;
    %ix/load 4, 6, 0; part off
    %ix/load 5, 0, 0; Constant delay
    %assign/vec4/a/d v0x5555908979a0, 4, 5;
T_88.15 ;
    %load/vec4 v0x5555908977e0_0;
    %parti/s 1, 7, 4;
    %nor/r;
    %flag_set/vec4 8;
    %jmp/0xz  T_88.17, 8;
    %load/vec4 v0x555590897640_0;
    %parti/s 1, 7, 4;
    %load/vec4 v0x555590897300_0;
    %parti/s 8, 0, 2;
    %pad/u 10;
    %ix/vec4 3;
    %ix/load 4, 7, 0; part off
    %ix/load 5, 0, 0; Constant delay
    %assign/vec4/a/d v0x5555908979a0, 4, 5;
T_88.17 ;
    %load/vec4 v0x5555908977e0_0;
    %parti/s 1, 8, 5;
    %nor/r;
    %flag_set/vec4 8;
    %jmp/0xz  T_88.19, 8;
    %load/vec4 v0x555590897640_0;
    %parti/s 1, 8, 5;
    %load/vec4 v0x555590897300_0;
    %parti/s 8, 0, 2;
    %pad/u 10;
    %ix/vec4 3;
    %ix/load 4, 8, 0; part off
    %ix/load 5, 0, 0; Constant delay
    %assign/vec4/a/d v0x5555908979a0, 4, 5;
T_88.19 ;
    %load/vec4 v0x5555908977e0_0;
    %parti/s 1, 9, 5;
    %nor/r;
    %flag_set/vec4 8;
    %jmp/0xz  T_88.21, 8;
    %load/vec4 v0x555590897640_0;
    %parti/s 1, 9, 5;
    %load/vec4 v0x555590897300_0;
    %parti/s 8, 0, 2;
    %pad/u 10;
    %ix/vec4 3;
    %ix/load 4, 9, 0; part off
    %ix/load 5, 0, 0; Constant delay
    %assign/vec4/a/d v0x5555908979a0, 4, 5;
T_88.21 ;
    %load/vec4 v0x5555908977e0_0;
    %parti/s 1, 10, 5;
    %nor/r;
    %flag_set/vec4 8;
    %jmp/0xz  T_88.23, 8;
    %load/vec4 v0x555590897640_0;
    %parti/s 1, 10, 5;
    %load/vec4 v0x555590897300_0;
    %parti/s 8, 0, 2;
    %pad/u 10;
    %ix/vec4 3;
    %ix/load 4, 10, 0; part off
    %ix/load 5, 0, 0; Constant delay
    %assign/vec4/a/d v0x5555908979a0, 4, 5;
T_88.23 ;
    %load/vec4 v0x5555908977e0_0;
    %parti/s 1, 11, 5;
    %nor/r;
    %flag_set/vec4 8;
    %jmp/0xz  T_88.25, 8;
    %load/vec4 v0x555590897640_0;
    %parti/s 1, 11, 5;
    %load/vec4 v0x555590897300_0;
    %parti/s 8, 0, 2;
    %pad/u 10;
    %ix/vec4 3;
    %ix/load 4, 11, 0; part off
    %ix/load 5, 0, 0; Constant delay
    %assign/vec4/a/d v0x5555908979a0, 4, 5;
T_88.25 ;
    %load/vec4 v0x5555908977e0_0;
    %parti/s 1, 12, 5;
    %nor/r;
    %flag_set/vec4 8;
    %jmp/0xz  T_88.27, 8;
    %load/vec4 v0x555590897640_0;
    %parti/s 1, 12, 5;
    %load/vec4 v0x555590897300_0;
    %parti/s 8, 0, 2;
    %pad/u 10;
    %ix/vec4 3;
    %ix/load 4, 12, 0; part off
    %ix/load 5, 0, 0; Constant delay
    %assign/vec4/a/d v0x5555908979a0, 4, 5;
T_88.27 ;
    %load/vec4 v0x5555908977e0_0;
    %parti/s 1, 13, 5;
    %nor/r;
    %flag_set/vec4 8;
    %jmp/0xz  T_88.29, 8;
    %load/vec4 v0x555590897640_0;
    %parti/s 1, 13, 5;
    %load/vec4 v0x555590897300_0;
    %parti/s 8, 0, 2;
    %pad/u 10;
    %ix/vec4 3;
    %ix/load 4, 13, 0; part off
    %ix/load 5, 0, 0; Constant delay
    %assign/vec4/a/d v0x5555908979a0, 4, 5;
T_88.29 ;
    %load/vec4 v0x5555908977e0_0;
    %parti/s 1, 14, 5;
    %nor/r;
    %flag_set/vec4 8;
    %jmp/0xz  T_88.31, 8;
    %load/vec4 v0x555590897640_0;
    %parti/s 1, 14, 5;
    %load/vec4 v0x555590897300_0;
    %parti/s 8, 0, 2;
    %pad/u 10;
    %ix/vec4 3;
    %ix/load 4, 14, 0; part off
    %ix/load 5, 0, 0; Constant delay
    %assign/vec4/a/d v0x5555908979a0, 4, 5;
T_88.31 ;
    %load/vec4 v0x5555908977e0_0;
    %parti/s 1, 15, 5;
    %nor/r;
    %flag_set/vec4 8;
    %jmp/0xz  T_88.33, 8;
    %load/vec4 v0x555590897640_0;
    %parti/s 1, 15, 5;
    %load/vec4 v0x555590897300_0;
    %parti/s 8, 0, 2;
    %pad/u 10;
    %ix/vec4 3;
    %ix/load 4, 15, 0; part off
    %ix/load 5, 0, 0; Constant delay
    %assign/vec4/a/d v0x5555908979a0, 4, 5;
T_88.33 ;
T_88.0 ;
    %jmp T_88;
    .thread T_88;
    .scope S_0x555590894610;
T_89 ;
    %wait E_0x555590896350;
    %load/vec4 v0x555590897160_0;
    %flag_set/vec4 9;
    %flag_get/vec4 9;
    %jmp/0 T_89.2, 9;
    %load/vec4 v0x555590896e90_0;
    %and;
T_89.2;
    %flag_set/vec4 8;
    %jmp/0xz  T_89.0, 8;
    %load/vec4 v0x555590896ce0_0;
    %parti/s 8, 0, 2;
    %pad/u 10;
    %ix/vec4 4;
    %load/vec4a v0x5555908979a0, 4;
    %load/vec4 v0x555590897220_0;
    %inv;
    %and;
    %assign/vec4 v0x555590897080_0, 0;
T_89.0 ;
    %jmp T_89;
    .thread T_89;
    .scope S_0x5555908986a0;
T_90 ;
    %pushi/vec4 0, 0, 32;
    %store/vec4 v0x55559089bc00_0, 0, 32;
T_90.0 ; Top of for-loop
    %load/vec4 v0x55559089bc00_0;
    %cmpi/s 16, 0, 32;
	  %jmp/0xz T_90.1, 5;
    %pushi/vec4 0, 0, 256;
    %load/vec4 v0x55559089bc00_0;
    %muli 16, 0, 32;
    %part/s 16;
    %pushi/vec4 0, 0, 32;
    %load/vec4 v0x55559089bc00_0;
    %add;
    %ix/vec4/s 4;
    %store/vec4a v0x55559089bce0, 4, 0;
    %pushi/vec4 0, 0, 256;
    %load/vec4 v0x55559089bc00_0;
    %muli 16, 0, 32;
    %part/s 16;
    %pushi/vec4 16, 0, 32;
    %load/vec4 v0x55559089bc00_0;
    %add;
    %ix/vec4/s 4;
    %store/vec4a v0x55559089bce0, 4, 0;
    %pushi/vec4 0, 0, 256;
    %load/vec4 v0x55559089bc00_0;
    %muli 16, 0, 32;
    %part/s 16;
    %pushi/vec4 32, 0, 32;
    %load/vec4 v0x55559089bc00_0;
    %add;
    %ix/vec4/s 4;
    %store/vec4a v0x55559089bce0, 4, 0;
    %pushi/vec4 0, 0, 256;
    %load/vec4 v0x55559089bc00_0;
    %muli 16, 0, 32;
    %part/s 16;
    %pushi/vec4 48, 0, 32;
    %load/vec4 v0x55559089bc00_0;
    %add;
    %ix/vec4/s 4;
    %store/vec4a v0x55559089bce0, 4, 0;
    %pushi/vec4 0, 0, 256;
    %load/vec4 v0x55559089bc00_0;
    %muli 16, 0, 32;
    %part/s 16;
    %pushi/vec4 64, 0, 32;
    %load/vec4 v0x55559089bc00_0;
    %add;
    %ix/vec4/s 4;
    %store/vec4a v0x55559089bce0, 4, 0;
    %pushi/vec4 0, 0, 256;
    %load/vec4 v0x55559089bc00_0;
    %muli 16, 0, 32;
    %part/s 16;
    %pushi/vec4 80, 0, 32;
    %load/vec4 v0x55559089bc00_0;
    %add;
    %ix/vec4/s 4;
    %store/vec4a v0x55559089bce0, 4, 0;
    %pushi/vec4 0, 0, 256;
    %load/vec4 v0x55559089bc00_0;
    %muli 16, 0, 32;
    %part/s 16;
    %pushi/vec4 96, 0, 32;
    %load/vec4 v0x55559089bc00_0;
    %add;
    %ix/vec4/s 4;
    %store/vec4a v0x55559089bce0, 4, 0;
    %pushi/vec4 0, 0, 256;
    %load/vec4 v0x55559089bc00_0;
    %muli 16, 0, 32;
    %part/s 16;
    %pushi/vec4 112, 0, 32;
    %load/vec4 v0x55559089bc00_0;
    %add;
    %ix/vec4/s 4;
    %store/vec4a v0x55559089bce0, 4, 0;
    %pushi/vec4 0, 0, 256;
    %load/vec4 v0x55559089bc00_0;
    %muli 16, 0, 32;
    %part/s 16;
    %pushi/vec4 128, 0, 32;
    %load/vec4 v0x55559089bc00_0;
    %add;
    %ix/vec4/s 4;
    %store/vec4a v0x55559089bce0, 4, 0;
    %pushi/vec4 0, 0, 256;
    %load/vec4 v0x55559089bc00_0;
    %muli 16, 0, 32;
    %part/s 16;
    %pushi/vec4 144, 0, 32;
    %load/vec4 v0x55559089bc00_0;
    %add;
    %ix/vec4/s 4;
    %store/vec4a v0x55559089bce0, 4, 0;
    %pushi/vec4 0, 0, 256;
    %load/vec4 v0x55559089bc00_0;
    %muli 16, 0, 32;
    %part/s 16;
    %pushi/vec4 160, 0, 32;
    %load/vec4 v0x55559089bc00_0;
    %add;
    %ix/vec4/s 4;
    %store/vec4a v0x55559089bce0, 4, 0;
    %pushi/vec4 0, 0, 256;
    %load/vec4 v0x55559089bc00_0;
    %muli 16, 0, 32;
    %part/s 16;
    %pushi/vec4 176, 0, 32;
    %load/vec4 v0x55559089bc00_0;
    %add;
    %ix/vec4/s 4;
    %store/vec4a v0x55559089bce0, 4, 0;
    %pushi/vec4 0, 0, 256;
    %load/vec4 v0x55559089bc00_0;
    %muli 16, 0, 32;
    %part/s 16;
    %pushi/vec4 192, 0, 32;
    %load/vec4 v0x55559089bc00_0;
    %add;
    %ix/vec4/s 4;
    %store/vec4a v0x55559089bce0, 4, 0;
    %pushi/vec4 0, 0, 256;
    %load/vec4 v0x55559089bc00_0;
    %muli 16, 0, 32;
    %part/s 16;
    %pushi/vec4 208, 0, 32;
    %load/vec4 v0x55559089bc00_0;
    %add;
    %ix/vec4/s 4;
    %store/vec4a v0x55559089bce0, 4, 0;
    %pushi/vec4 0, 0, 256;
    %load/vec4 v0x55559089bc00_0;
    %muli 16, 0, 32;
    %part/s 16;
    %pushi/vec4 224, 0, 32;
    %load/vec4 v0x55559089bc00_0;
    %add;
    %ix/vec4/s 4;
    %store/vec4a v0x55559089bce0, 4, 0;
    %pushi/vec4 0, 0, 256;
    %load/vec4 v0x55559089bc00_0;
    %muli 16, 0, 32;
    %part/s 16;
    %pushi/vec4 240, 0, 32;
    %load/vec4 v0x55559089bc00_0;
    %add;
    %ix/vec4/s 4;
    %store/vec4a v0x55559089bce0, 4, 0;
T_90.2 ; for-loop step statement
    %load/vec4 v0x55559089bc00_0;
    %addi 1, 0, 32;
    %store/vec4 v0x55559089bc00_0, 0, 32;
    %jmp T_90.0;
T_90.1 ; for-loop exit label
    %end;
    .thread T_90;
    .scope S_0x5555908986a0;
T_91 ;
    %wait E_0x55559089a710;
    %load/vec4 v0x55559089ba60_0;
    %flag_set/vec4 9;
    %flag_get/vec4 9;
    %jmp/0 T_91.2, 9;
    %load/vec4 v0x55559089b7e0_0;
    %and;
T_91.2;
    %flag_set/vec4 8;
    %jmp/0xz  T_91.0, 8;
    %load/vec4 v0x55559089bb20_0;
    %parti/s 1, 0, 2;
    %nor/r;
    %flag_set/vec4 8;
    %jmp/0xz  T_91.3, 8;
    %load/vec4 v0x55559089b980_0;
    %parti/s 1, 0, 2;
    %load/vec4 v0x55559089b640_0;
    %parti/s 8, 0, 2;
    %pad/u 10;
    %ix/vec4 3;
    %ix/load 4, 0, 0; Constant delay
    %assign/vec4/a/d v0x55559089bce0, 0, 4;
T_91.3 ;
    %load/vec4 v0x55559089bb20_0;
    %parti/s 1, 1, 2;
    %nor/r;
    %flag_set/vec4 8;
    %jmp/0xz  T_91.5, 8;
    %load/vec4 v0x55559089b980_0;
    %parti/s 1, 1, 2;
    %load/vec4 v0x55559089b640_0;
    %parti/s 8, 0, 2;
    %pad/u 10;
    %ix/vec4 3;
    %ix/load 4, 1, 0; part off
    %ix/load 5, 0, 0; Constant delay
    %assign/vec4/a/d v0x55559089bce0, 4, 5;
T_91.5 ;
    %load/vec4 v0x55559089bb20_0;
    %parti/s 1, 2, 3;
    %nor/r;
    %flag_set/vec4 8;
    %jmp/0xz  T_91.7, 8;
    %load/vec4 v0x55559089b980_0;
    %parti/s 1, 2, 3;
    %load/vec4 v0x55559089b640_0;
    %parti/s 8, 0, 2;
    %pad/u 10;
    %ix/vec4 3;
    %ix/load 4, 2, 0; part off
    %ix/load 5, 0, 0; Constant delay
    %assign/vec4/a/d v0x55559089bce0, 4, 5;
T_91.7 ;
    %load/vec4 v0x55559089bb20_0;
    %parti/s 1, 3, 3;
    %nor/r;
    %flag_set/vec4 8;
    %jmp/0xz  T_91.9, 8;
    %load/vec4 v0x55559089b980_0;
    %parti/s 1, 3, 3;
    %load/vec4 v0x55559089b640_0;
    %parti/s 8, 0, 2;
    %pad/u 10;
    %ix/vec4 3;
    %ix/load 4, 3, 0; part off
    %ix/load 5, 0, 0; Constant delay
    %assign/vec4/a/d v0x55559089bce0, 4, 5;
T_91.9 ;
    %load/vec4 v0x55559089bb20_0;
    %parti/s 1, 4, 4;
    %nor/r;
    %flag_set/vec4 8;
    %jmp/0xz  T_91.11, 8;
    %load/vec4 v0x55559089b980_0;
    %parti/s 1, 4, 4;
    %load/vec4 v0x55559089b640_0;
    %parti/s 8, 0, 2;
    %pad/u 10;
    %ix/vec4 3;
    %ix/load 4, 4, 0; part off
    %ix/load 5, 0, 0; Constant delay
    %assign/vec4/a/d v0x55559089bce0, 4, 5;
T_91.11 ;
    %load/vec4 v0x55559089bb20_0;
    %parti/s 1, 5, 4;
    %nor/r;
    %flag_set/vec4 8;
    %jmp/0xz  T_91.13, 8;
    %load/vec4 v0x55559089b980_0;
    %parti/s 1, 5, 4;
    %load/vec4 v0x55559089b640_0;
    %parti/s 8, 0, 2;
    %pad/u 10;
    %ix/vec4 3;
    %ix/load 4, 5, 0; part off
    %ix/load 5, 0, 0; Constant delay
    %assign/vec4/a/d v0x55559089bce0, 4, 5;
T_91.13 ;
    %load/vec4 v0x55559089bb20_0;
    %parti/s 1, 6, 4;
    %nor/r;
    %flag_set/vec4 8;
    %jmp/0xz  T_91.15, 8;
    %load/vec4 v0x55559089b980_0;
    %parti/s 1, 6, 4;
    %load/vec4 v0x55559089b640_0;
    %parti/s 8, 0, 2;
    %pad/u 10;
    %ix/vec4 3;
    %ix/load 4, 6, 0; part off
    %ix/load 5, 0, 0; Constant delay
    %assign/vec4/a/d v0x55559089bce0, 4, 5;
T_91.15 ;
    %load/vec4 v0x55559089bb20_0;
    %parti/s 1, 7, 4;
    %nor/r;
    %flag_set/vec4 8;
    %jmp/0xz  T_91.17, 8;
    %load/vec4 v0x55559089b980_0;
    %parti/s 1, 7, 4;
    %load/vec4 v0x55559089b640_0;
    %parti/s 8, 0, 2;
    %pad/u 10;
    %ix/vec4 3;
    %ix/load 4, 7, 0; part off
    %ix/load 5, 0, 0; Constant delay
    %assign/vec4/a/d v0x55559089bce0, 4, 5;
T_91.17 ;
    %load/vec4 v0x55559089bb20_0;
    %parti/s 1, 8, 5;
    %nor/r;
    %flag_set/vec4 8;
    %jmp/0xz  T_91.19, 8;
    %load/vec4 v0x55559089b980_0;
    %parti/s 1, 8, 5;
    %load/vec4 v0x55559089b640_0;
    %parti/s 8, 0, 2;
    %pad/u 10;
    %ix/vec4 3;
    %ix/load 4, 8, 0; part off
    %ix/load 5, 0, 0; Constant delay
    %assign/vec4/a/d v0x55559089bce0, 4, 5;
T_91.19 ;
    %load/vec4 v0x55559089bb20_0;
    %parti/s 1, 9, 5;
    %nor/r;
    %flag_set/vec4 8;
    %jmp/0xz  T_91.21, 8;
    %load/vec4 v0x55559089b980_0;
    %parti/s 1, 9, 5;
    %load/vec4 v0x55559089b640_0;
    %parti/s 8, 0, 2;
    %pad/u 10;
    %ix/vec4 3;
    %ix/load 4, 9, 0; part off
    %ix/load 5, 0, 0; Constant delay
    %assign/vec4/a/d v0x55559089bce0, 4, 5;
T_91.21 ;
    %load/vec4 v0x55559089bb20_0;
    %parti/s 1, 10, 5;
    %nor/r;
    %flag_set/vec4 8;
    %jmp/0xz  T_91.23, 8;
    %load/vec4 v0x55559089b980_0;
    %parti/s 1, 10, 5;
    %load/vec4 v0x55559089b640_0;
    %parti/s 8, 0, 2;
    %pad/u 10;
    %ix/vec4 3;
    %ix/load 4, 10, 0; part off
    %ix/load 5, 0, 0; Constant delay
    %assign/vec4/a/d v0x55559089bce0, 4, 5;
T_91.23 ;
    %load/vec4 v0x55559089bb20_0;
    %parti/s 1, 11, 5;
    %nor/r;
    %flag_set/vec4 8;
    %jmp/0xz  T_91.25, 8;
    %load/vec4 v0x55559089b980_0;
    %parti/s 1, 11, 5;
    %load/vec4 v0x55559089b640_0;
    %parti/s 8, 0, 2;
    %pad/u 10;
    %ix/vec4 3;
    %ix/load 4, 11, 0; part off
    %ix/load 5, 0, 0; Constant delay
    %assign/vec4/a/d v0x55559089bce0, 4, 5;
T_91.25 ;
    %load/vec4 v0x55559089bb20_0;
    %parti/s 1, 12, 5;
    %nor/r;
    %flag_set/vec4 8;
    %jmp/0xz  T_91.27, 8;
    %load/vec4 v0x55559089b980_0;
    %parti/s 1, 12, 5;
    %load/vec4 v0x55559089b640_0;
    %parti/s 8, 0, 2;
    %pad/u 10;
    %ix/vec4 3;
    %ix/load 4, 12, 0; part off
    %ix/load 5, 0, 0; Constant delay
    %assign/vec4/a/d v0x55559089bce0, 4, 5;
T_91.27 ;
    %load/vec4 v0x55559089bb20_0;
    %parti/s 1, 13, 5;
    %nor/r;
    %flag_set/vec4 8;
    %jmp/0xz  T_91.29, 8;
    %load/vec4 v0x55559089b980_0;
    %parti/s 1, 13, 5;
    %load/vec4 v0x55559089b640_0;
    %parti/s 8, 0, 2;
    %pad/u 10;
    %ix/vec4 3;
    %ix/load 4, 13, 0; part off
    %ix/load 5, 0, 0; Constant delay
    %assign/vec4/a/d v0x55559089bce0, 4, 5;
T_91.29 ;
    %load/vec4 v0x55559089bb20_0;
    %parti/s 1, 14, 5;
    %nor/r;
    %flag_set/vec4 8;
    %jmp/0xz  T_91.31, 8;
    %load/vec4 v0x55559089b980_0;
    %parti/s 1, 14, 5;
    %load/vec4 v0x55559089b640_0;
    %parti/s 8, 0, 2;
    %pad/u 10;
    %ix/vec4 3;
    %ix/load 4, 14, 0; part off
    %ix/load 5, 0, 0; Constant delay
    %assign/vec4/a/d v0x55559089bce0, 4, 5;
T_91.31 ;
    %load/vec4 v0x55559089bb20_0;
    %parti/s 1, 15, 5;
    %nor/r;
    %flag_set/vec4 8;
    %jmp/0xz  T_91.33, 8;
    %load/vec4 v0x55559089b980_0;
    %parti/s 1, 15, 5;
    %load/vec4 v0x55559089b640_0;
    %parti/s 8, 0, 2;
    %pad/u 10;
    %ix/vec4 3;
    %ix/load 4, 15, 0; part off
    %ix/load 5, 0, 0; Constant delay
    %assign/vec4/a/d v0x55559089bce0, 4, 5;
T_91.33 ;
T_91.0 ;
    %jmp T_91;
    .thread T_91;
    .scope S_0x5555908986a0;
T_92 ;
    %wait E_0x55559089a690;
    %load/vec4 v0x55559089b4a0_0;
    %flag_set/vec4 9;
    %flag_get/vec4 9;
    %jmp/0 T_92.2, 9;
    %load/vec4 v0x55559089b1d0_0;
    %and;
T_92.2;
    %flag_set/vec4 8;
    %jmp/0xz  T_92.0, 8;
    %load/vec4 v0x55559089b020_0;
    %parti/s 8, 0, 2;
    %pad/u 10;
    %ix/vec4 4;
    %load/vec4a v0x55559089bce0, 4;
    %load/vec4 v0x55559089b560_0;
    %inv;
    %and;
    %assign/vec4 v0x55559089b3c0_0, 0;
T_92.0 ;
    %jmp T_92;
    .thread T_92;
    .scope S_0x55559089c9f0;
T_93 ;
    %pushi/vec4 0, 0, 32;
    %store/vec4 v0x55559089ff50_0, 0, 32;
T_93.0 ; Top of for-loop
    %load/vec4 v0x55559089ff50_0;
    %cmpi/s 16, 0, 32;
	  %jmp/0xz T_93.1, 5;
    %pushi/vec4 0, 0, 256;
    %load/vec4 v0x55559089ff50_0;
    %muli 16, 0, 32;
    %part/s 16;
    %pushi/vec4 0, 0, 32;
    %load/vec4 v0x55559089ff50_0;
    %add;
    %ix/vec4/s 4;
    %store/vec4a v0x5555908a0030, 4, 0;
    %pushi/vec4 0, 0, 256;
    %load/vec4 v0x55559089ff50_0;
    %muli 16, 0, 32;
    %part/s 16;
    %pushi/vec4 16, 0, 32;
    %load/vec4 v0x55559089ff50_0;
    %add;
    %ix/vec4/s 4;
    %store/vec4a v0x5555908a0030, 4, 0;
    %pushi/vec4 0, 0, 256;
    %load/vec4 v0x55559089ff50_0;
    %muli 16, 0, 32;
    %part/s 16;
    %pushi/vec4 32, 0, 32;
    %load/vec4 v0x55559089ff50_0;
    %add;
    %ix/vec4/s 4;
    %store/vec4a v0x5555908a0030, 4, 0;
    %pushi/vec4 0, 0, 256;
    %load/vec4 v0x55559089ff50_0;
    %muli 16, 0, 32;
    %part/s 16;
    %pushi/vec4 48, 0, 32;
    %load/vec4 v0x55559089ff50_0;
    %add;
    %ix/vec4/s 4;
    %store/vec4a v0x5555908a0030, 4, 0;
    %pushi/vec4 0, 0, 256;
    %load/vec4 v0x55559089ff50_0;
    %muli 16, 0, 32;
    %part/s 16;
    %pushi/vec4 64, 0, 32;
    %load/vec4 v0x55559089ff50_0;
    %add;
    %ix/vec4/s 4;
    %store/vec4a v0x5555908a0030, 4, 0;
    %pushi/vec4 0, 0, 256;
    %load/vec4 v0x55559089ff50_0;
    %muli 16, 0, 32;
    %part/s 16;
    %pushi/vec4 80, 0, 32;
    %load/vec4 v0x55559089ff50_0;
    %add;
    %ix/vec4/s 4;
    %store/vec4a v0x5555908a0030, 4, 0;
    %pushi/vec4 0, 0, 256;
    %load/vec4 v0x55559089ff50_0;
    %muli 16, 0, 32;
    %part/s 16;
    %pushi/vec4 96, 0, 32;
    %load/vec4 v0x55559089ff50_0;
    %add;
    %ix/vec4/s 4;
    %store/vec4a v0x5555908a0030, 4, 0;
    %pushi/vec4 0, 0, 256;
    %load/vec4 v0x55559089ff50_0;
    %muli 16, 0, 32;
    %part/s 16;
    %pushi/vec4 112, 0, 32;
    %load/vec4 v0x55559089ff50_0;
    %add;
    %ix/vec4/s 4;
    %store/vec4a v0x5555908a0030, 4, 0;
    %pushi/vec4 0, 0, 256;
    %load/vec4 v0x55559089ff50_0;
    %muli 16, 0, 32;
    %part/s 16;
    %pushi/vec4 128, 0, 32;
    %load/vec4 v0x55559089ff50_0;
    %add;
    %ix/vec4/s 4;
    %store/vec4a v0x5555908a0030, 4, 0;
    %pushi/vec4 0, 0, 256;
    %load/vec4 v0x55559089ff50_0;
    %muli 16, 0, 32;
    %part/s 16;
    %pushi/vec4 144, 0, 32;
    %load/vec4 v0x55559089ff50_0;
    %add;
    %ix/vec4/s 4;
    %store/vec4a v0x5555908a0030, 4, 0;
    %pushi/vec4 0, 0, 256;
    %load/vec4 v0x55559089ff50_0;
    %muli 16, 0, 32;
    %part/s 16;
    %pushi/vec4 160, 0, 32;
    %load/vec4 v0x55559089ff50_0;
    %add;
    %ix/vec4/s 4;
    %store/vec4a v0x5555908a0030, 4, 0;
    %pushi/vec4 0, 0, 256;
    %load/vec4 v0x55559089ff50_0;
    %muli 16, 0, 32;
    %part/s 16;
    %pushi/vec4 176, 0, 32;
    %load/vec4 v0x55559089ff50_0;
    %add;
    %ix/vec4/s 4;
    %store/vec4a v0x5555908a0030, 4, 0;
    %pushi/vec4 0, 0, 256;
    %load/vec4 v0x55559089ff50_0;
    %muli 16, 0, 32;
    %part/s 16;
    %pushi/vec4 192, 0, 32;
    %load/vec4 v0x55559089ff50_0;
    %add;
    %ix/vec4/s 4;
    %store/vec4a v0x5555908a0030, 4, 0;
    %pushi/vec4 0, 0, 256;
    %load/vec4 v0x55559089ff50_0;
    %muli 16, 0, 32;
    %part/s 16;
    %pushi/vec4 208, 0, 32;
    %load/vec4 v0x55559089ff50_0;
    %add;
    %ix/vec4/s 4;
    %store/vec4a v0x5555908a0030, 4, 0;
    %pushi/vec4 0, 0, 256;
    %load/vec4 v0x55559089ff50_0;
    %muli 16, 0, 32;
    %part/s 16;
    %pushi/vec4 224, 0, 32;
    %load/vec4 v0x55559089ff50_0;
    %add;
    %ix/vec4/s 4;
    %store/vec4a v0x5555908a0030, 4, 0;
    %pushi/vec4 0, 0, 256;
    %load/vec4 v0x55559089ff50_0;
    %muli 16, 0, 32;
    %part/s 16;
    %pushi/vec4 240, 0, 32;
    %load/vec4 v0x55559089ff50_0;
    %add;
    %ix/vec4/s 4;
    %store/vec4a v0x5555908a0030, 4, 0;
T_93.2 ; for-loop step statement
    %load/vec4 v0x55559089ff50_0;
    %addi 1, 0, 32;
    %store/vec4 v0x55559089ff50_0, 0, 32;
    %jmp T_93.0;
T_93.1 ; for-loop exit label
    %end;
    .thread T_93;
    .scope S_0x55559089c9f0;
T_94 ;
    %wait E_0x55559089ea60;
    %load/vec4 v0x55559089fdb0_0;
    %flag_set/vec4 9;
    %flag_get/vec4 9;
    %jmp/0 T_94.2, 9;
    %load/vec4 v0x55559089fb30_0;
    %and;
T_94.2;
    %flag_set/vec4 8;
    %jmp/0xz  T_94.0, 8;
    %load/vec4 v0x55559089fe70_0;
    %parti/s 1, 0, 2;
    %nor/r;
    %flag_set/vec4 8;
    %jmp/0xz  T_94.3, 8;
    %load/vec4 v0x55559089fcd0_0;
    %parti/s 1, 0, 2;
    %load/vec4 v0x55559089f990_0;
    %parti/s 8, 0, 2;
    %pad/u 10;
    %ix/vec4 3;
    %ix/load 4, 0, 0; Constant delay
    %assign/vec4/a/d v0x5555908a0030, 0, 4;
T_94.3 ;
    %load/vec4 v0x55559089fe70_0;
    %parti/s 1, 1, 2;
    %nor/r;
    %flag_set/vec4 8;
    %jmp/0xz  T_94.5, 8;
    %load/vec4 v0x55559089fcd0_0;
    %parti/s 1, 1, 2;
    %load/vec4 v0x55559089f990_0;
    %parti/s 8, 0, 2;
    %pad/u 10;
    %ix/vec4 3;
    %ix/load 4, 1, 0; part off
    %ix/load 5, 0, 0; Constant delay
    %assign/vec4/a/d v0x5555908a0030, 4, 5;
T_94.5 ;
    %load/vec4 v0x55559089fe70_0;
    %parti/s 1, 2, 3;
    %nor/r;
    %flag_set/vec4 8;
    %jmp/0xz  T_94.7, 8;
    %load/vec4 v0x55559089fcd0_0;
    %parti/s 1, 2, 3;
    %load/vec4 v0x55559089f990_0;
    %parti/s 8, 0, 2;
    %pad/u 10;
    %ix/vec4 3;
    %ix/load 4, 2, 0; part off
    %ix/load 5, 0, 0; Constant delay
    %assign/vec4/a/d v0x5555908a0030, 4, 5;
T_94.7 ;
    %load/vec4 v0x55559089fe70_0;
    %parti/s 1, 3, 3;
    %nor/r;
    %flag_set/vec4 8;
    %jmp/0xz  T_94.9, 8;
    %load/vec4 v0x55559089fcd0_0;
    %parti/s 1, 3, 3;
    %load/vec4 v0x55559089f990_0;
    %parti/s 8, 0, 2;
    %pad/u 10;
    %ix/vec4 3;
    %ix/load 4, 3, 0; part off
    %ix/load 5, 0, 0; Constant delay
    %assign/vec4/a/d v0x5555908a0030, 4, 5;
T_94.9 ;
    %load/vec4 v0x55559089fe70_0;
    %parti/s 1, 4, 4;
    %nor/r;
    %flag_set/vec4 8;
    %jmp/0xz  T_94.11, 8;
    %load/vec4 v0x55559089fcd0_0;
    %parti/s 1, 4, 4;
    %load/vec4 v0x55559089f990_0;
    %parti/s 8, 0, 2;
    %pad/u 10;
    %ix/vec4 3;
    %ix/load 4, 4, 0; part off
    %ix/load 5, 0, 0; Constant delay
    %assign/vec4/a/d v0x5555908a0030, 4, 5;
T_94.11 ;
    %load/vec4 v0x55559089fe70_0;
    %parti/s 1, 5, 4;
    %nor/r;
    %flag_set/vec4 8;
    %jmp/0xz  T_94.13, 8;
    %load/vec4 v0x55559089fcd0_0;
    %parti/s 1, 5, 4;
    %load/vec4 v0x55559089f990_0;
    %parti/s 8, 0, 2;
    %pad/u 10;
    %ix/vec4 3;
    %ix/load 4, 5, 0; part off
    %ix/load 5, 0, 0; Constant delay
    %assign/vec4/a/d v0x5555908a0030, 4, 5;
T_94.13 ;
    %load/vec4 v0x55559089fe70_0;
    %parti/s 1, 6, 4;
    %nor/r;
    %flag_set/vec4 8;
    %jmp/0xz  T_94.15, 8;
    %load/vec4 v0x55559089fcd0_0;
    %parti/s 1, 6, 4;
    %load/vec4 v0x55559089f990_0;
    %parti/s 8, 0, 2;
    %pad/u 10;
    %ix/vec4 3;
    %ix/load 4, 6, 0; part off
    %ix/load 5, 0, 0; Constant delay
    %assign/vec4/a/d v0x5555908a0030, 4, 5;
T_94.15 ;
    %load/vec4 v0x55559089fe70_0;
    %parti/s 1, 7, 4;
    %nor/r;
    %flag_set/vec4 8;
    %jmp/0xz  T_94.17, 8;
    %load/vec4 v0x55559089fcd0_0;
    %parti/s 1, 7, 4;
    %load/vec4 v0x55559089f990_0;
    %parti/s 8, 0, 2;
    %pad/u 10;
    %ix/vec4 3;
    %ix/load 4, 7, 0; part off
    %ix/load 5, 0, 0; Constant delay
    %assign/vec4/a/d v0x5555908a0030, 4, 5;
T_94.17 ;
    %load/vec4 v0x55559089fe70_0;
    %parti/s 1, 8, 5;
    %nor/r;
    %flag_set/vec4 8;
    %jmp/0xz  T_94.19, 8;
    %load/vec4 v0x55559089fcd0_0;
    %parti/s 1, 8, 5;
    %load/vec4 v0x55559089f990_0;
    %parti/s 8, 0, 2;
    %pad/u 10;
    %ix/vec4 3;
    %ix/load 4, 8, 0; part off
    %ix/load 5, 0, 0; Constant delay
    %assign/vec4/a/d v0x5555908a0030, 4, 5;
T_94.19 ;
    %load/vec4 v0x55559089fe70_0;
    %parti/s 1, 9, 5;
    %nor/r;
    %flag_set/vec4 8;
    %jmp/0xz  T_94.21, 8;
    %load/vec4 v0x55559089fcd0_0;
    %parti/s 1, 9, 5;
    %load/vec4 v0x55559089f990_0;
    %parti/s 8, 0, 2;
    %pad/u 10;
    %ix/vec4 3;
    %ix/load 4, 9, 0; part off
    %ix/load 5, 0, 0; Constant delay
    %assign/vec4/a/d v0x5555908a0030, 4, 5;
T_94.21 ;
    %load/vec4 v0x55559089fe70_0;
    %parti/s 1, 10, 5;
    %nor/r;
    %flag_set/vec4 8;
    %jmp/0xz  T_94.23, 8;
    %load/vec4 v0x55559089fcd0_0;
    %parti/s 1, 10, 5;
    %load/vec4 v0x55559089f990_0;
    %parti/s 8, 0, 2;
    %pad/u 10;
    %ix/vec4 3;
    %ix/load 4, 10, 0; part off
    %ix/load 5, 0, 0; Constant delay
    %assign/vec4/a/d v0x5555908a0030, 4, 5;
T_94.23 ;
    %load/vec4 v0x55559089fe70_0;
    %parti/s 1, 11, 5;
    %nor/r;
    %flag_set/vec4 8;
    %jmp/0xz  T_94.25, 8;
    %load/vec4 v0x55559089fcd0_0;
    %parti/s 1, 11, 5;
    %load/vec4 v0x55559089f990_0;
    %parti/s 8, 0, 2;
    %pad/u 10;
    %ix/vec4 3;
    %ix/load 4, 11, 0; part off
    %ix/load 5, 0, 0; Constant delay
    %assign/vec4/a/d v0x5555908a0030, 4, 5;
T_94.25 ;
    %load/vec4 v0x55559089fe70_0;
    %parti/s 1, 12, 5;
    %nor/r;
    %flag_set/vec4 8;
    %jmp/0xz  T_94.27, 8;
    %load/vec4 v0x55559089fcd0_0;
    %parti/s 1, 12, 5;
    %load/vec4 v0x55559089f990_0;
    %parti/s 8, 0, 2;
    %pad/u 10;
    %ix/vec4 3;
    %ix/load 4, 12, 0; part off
    %ix/load 5, 0, 0; Constant delay
    %assign/vec4/a/d v0x5555908a0030, 4, 5;
T_94.27 ;
    %load/vec4 v0x55559089fe70_0;
    %parti/s 1, 13, 5;
    %nor/r;
    %flag_set/vec4 8;
    %jmp/0xz  T_94.29, 8;
    %load/vec4 v0x55559089fcd0_0;
    %parti/s 1, 13, 5;
    %load/vec4 v0x55559089f990_0;
    %parti/s 8, 0, 2;
    %pad/u 10;
    %ix/vec4 3;
    %ix/load 4, 13, 0; part off
    %ix/load 5, 0, 0; Constant delay
    %assign/vec4/a/d v0x5555908a0030, 4, 5;
T_94.29 ;
    %load/vec4 v0x55559089fe70_0;
    %parti/s 1, 14, 5;
    %nor/r;
    %flag_set/vec4 8;
    %jmp/0xz  T_94.31, 8;
    %load/vec4 v0x55559089fcd0_0;
    %parti/s 1, 14, 5;
    %load/vec4 v0x55559089f990_0;
    %parti/s 8, 0, 2;
    %pad/u 10;
    %ix/vec4 3;
    %ix/load 4, 14, 0; part off
    %ix/load 5, 0, 0; Constant delay
    %assign/vec4/a/d v0x5555908a0030, 4, 5;
T_94.31 ;
    %load/vec4 v0x55559089fe70_0;
    %parti/s 1, 15, 5;
    %nor/r;
    %flag_set/vec4 8;
    %jmp/0xz  T_94.33, 8;
    %load/vec4 v0x55559089fcd0_0;
    %parti/s 1, 15, 5;
    %load/vec4 v0x55559089f990_0;
    %parti/s 8, 0, 2;
    %pad/u 10;
    %ix/vec4 3;
    %ix/load 4, 15, 0; part off
    %ix/load 5, 0, 0; Constant delay
    %assign/vec4/a/d v0x5555908a0030, 4, 5;
T_94.33 ;
T_94.0 ;
    %jmp T_94;
    .thread T_94;
    .scope S_0x55559089c9f0;
T_95 ;
    %wait E_0x55559089e9e0;
    %load/vec4 v0x55559089f7f0_0;
    %flag_set/vec4 9;
    %flag_get/vec4 9;
    %jmp/0 T_95.2, 9;
    %load/vec4 v0x55559089f520_0;
    %and;
T_95.2;
    %flag_set/vec4 8;
    %jmp/0xz  T_95.0, 8;
    %load/vec4 v0x55559089f370_0;
    %parti/s 8, 0, 2;
    %pad/u 10;
    %ix/vec4 4;
    %load/vec4a v0x5555908a0030, 4;
    %load/vec4 v0x55559089f8b0_0;
    %inv;
    %and;
    %assign/vec4 v0x55559089f710_0, 0;
T_95.0 ;
    %jmp T_95;
    .thread T_95;
    .scope S_0x55559077f690;
T_96 ;
    %wait E_0x5555908a49b0;
    %pushi/vec4 0, 0, 32;
    %store/vec4 v0x5555908a52d0_0, 0, 32;
T_96.0 ; Top of for-loop
    %load/vec4 v0x5555908a52d0_0;
    %cmpi/s 16383, 0, 32;
    %flag_or 5, 4;
	  %jmp/0xz T_96.1, 5;
    %pushi/vec4 65535, 65535, 16;
    %ix/getv/s 4, v0x5555908a52d0_0;
    %store/vec4a v0x5555908a53b0, 4, 0;
T_96.2 ; for-loop step statement
    %load/vec4 v0x5555908a52d0_0;
    %addi 1, 0, 32;
    %store/vec4 v0x5555908a52d0_0, 0, 32;
    %jmp T_96.0;
T_96.1 ; for-loop exit label
    %jmp T_96;
    .thread T_96;
    .scope S_0x55559077f690;
T_97 ;
    %wait E_0x5555908a4930;
    %load/vec4 v0x5555908a5470_0;
    %flag_set/vec4 8;
    %jmp/0xz  T_97.0, 8;
    %pushi/vec4 0, 0, 16;
    %assign/vec4 v0x5555908a4d50_0, 0;
    %jmp T_97.1;
T_97.0 ;
    %load/vec4 v0x5555908a5090_0;
    %flag_set/vec4 8;
    %jmp/0xz  T_97.2, 8;
    %pushi/vec4 65535, 65535, 16;
    %assign/vec4 v0x5555908a4d50_0, 0;
    %jmp T_97.3;
T_97.2 ;
    %load/vec4 v0x5555908a4b10_0;
    %flag_set/vec4 8;
    %jmp/0xz  T_97.4, 8;
    %load/vec4 v0x5555908a5150_0;
    %nor/r;
    %flag_set/vec4 8;
    %jmp/0xz  T_97.6, 8;
    %load/vec4 v0x5555908a4a10_0;
    %pad/u 16;
    %ix/vec4 4;
    %load/vec4a v0x5555908a53b0, 4;
    %assign/vec4 v0x5555908a4d50_0, 0;
    %jmp T_97.7;
T_97.6 ;
    %load/vec4 v0x5555908a4e30_0;
    %parti/s 1, 0, 2;
    %flag_set/vec4 8;
    %jmp/0xz  T_97.8, 8;
    %load/vec4 v0x5555908a4c70_0;
    %parti/s 4, 0, 2;
    %load/vec4 v0x5555908a4a10_0;
    %pad/u 16;
    %ix/vec4 3;
    %ix/load 4, 0, 0; Constant delay
    %assign/vec4/a/d v0x5555908a53b0, 0, 4;
T_97.8 ;
    %load/vec4 v0x5555908a4e30_0;
    %parti/s 1, 1, 2;
    %flag_set/vec4 8;
    %jmp/0xz  T_97.10, 8;
    %load/vec4 v0x5555908a4c70_0;
    %parti/s 4, 4, 4;
    %load/vec4 v0x5555908a4a10_0;
    %pad/u 16;
    %ix/vec4 3;
    %ix/load 4, 4, 0; part off
    %ix/load 5, 0, 0; Constant delay
    %assign/vec4/a/d v0x5555908a53b0, 4, 5;
T_97.10 ;
    %load/vec4 v0x5555908a4e30_0;
    %parti/s 1, 2, 3;
    %flag_set/vec4 8;
    %jmp/0xz  T_97.12, 8;
    %load/vec4 v0x5555908a4c70_0;
    %parti/s 4, 8, 5;
    %load/vec4 v0x5555908a4a10_0;
    %pad/u 16;
    %ix/vec4 3;
    %ix/load 4, 8, 0; part off
    %ix/load 5, 0, 0; Constant delay
    %assign/vec4/a/d v0x5555908a53b0, 4, 5;
T_97.12 ;
    %load/vec4 v0x5555908a4e30_0;
    %parti/s 1, 3, 3;
    %flag_set/vec4 8;
    %jmp/0xz  T_97.14, 8;
    %load/vec4 v0x5555908a4c70_0;
    %parti/s 4, 12, 5;
    %load/vec4 v0x5555908a4a10_0;
    %pad/u 16;
    %ix/vec4 3;
    %ix/load 4, 12, 0; part off
    %ix/load 5, 0, 0; Constant delay
    %assign/vec4/a/d v0x5555908a53b0, 4, 5;
T_97.14 ;
    %pushi/vec4 65535, 65535, 16;
    %assign/vec4 v0x5555908a4d50_0, 0;
T_97.7 ;
T_97.4 ;
T_97.3 ;
T_97.1 ;
    %jmp T_97;
    .thread T_97;
# The file index is used to find the file name in the following table.
:file_names 27;
    "N/A";
    "<interactive>";
    "-";
    "./../../02_Boolean_Arithmetic/ALU.v";
    "Add16_tb.v";
    "./../../02_Boolean_Arithmetic/Add16.v";
    "./../../01_Boolean_Logic/And.v";
    "./../../01_Boolean_Logic/And16.v";
    "./../../01_Boolean_Logic/Buffer.v";
    "./../../01_Boolean_Logic/DMux8Way.v";
    "./../../01_Boolean_Logic/DMux4Way.v";
    "./../../01_Boolean_Logic/DMux.v";
    "./../../02_Boolean_Arithmetic/FullAdder.v";
    "./../../02_Boolean_Arithmetic/HalfAdder.v";
    "/home/xpektra/.apio/packages/oss-cad-suite/share/yosys/ice40/cells_sim.v";
    "./../../02_Boolean_Arithmetic/Inc16.v";
    "./../../01_Boolean_Logic/Mux.v";
    "./../../01_Boolean_Logic/Mux8Way16.v";
    "./../../01_Boolean_Logic/Mux4Way16.v";
    "./../../01_Boolean_Logic/Mux16.v";
    "./../../01_Boolean_Logic/Nand.v";
    "./../../01_Boolean_Logic/Not.v";
    "./../../01_Boolean_Logic/Not16.v";
    "./../../01_Boolean_Logic/Or.v";
    "./../../01_Boolean_Logic/Or16.v";
    "./../../01_Boolean_Logic/Or8Way.v";
    "./../../01_Boolean_Logic/Xor.v";
