#! /home/xpektra/.apio/packages/oss-cad-suite/bin/vvp
:ivl_version "13.0 (devel)" "(s20250103-66-gd67d3323a)";
:ivl_delay_selection "TYPICAL";
:vpi_time_precision - 12;
:vpi_module "/home/xpektra/.apio/packages/oss-cad-suite/lib/ivl/system.vpi";
:vpi_module "/home/xpektra/.apio/packages/oss-cad-suite/lib/ivl/vhdl_sys.vpi";
:vpi_module "/home/xpektra/.apio/packages/oss-cad-suite/lib/ivl/vhdl_textio.vpi";
:vpi_module "/home/xpektra/.apio/packages/oss-cad-suite/lib/ivl/v2005_math.vpi";
:vpi_module "/home/xpektra/.apio/packages/oss-cad-suite/lib/ivl/va_math.vpi";
:vpi_module "/home/xpektra/.apio/packages/oss-cad-suite/lib/ivl/v2009.vpi";
S_0x555594be7890 .scope package, "$unit" "$unit" 2 1;
 .timescale 0 0;
S_0x555594dac580 .scope module, "And" "And" 3 8;
 .timescale -12 -12;
    .port_info 0 /INPUT 1 "a";
    .port_info 1 /INPUT 1 "b";
    .port_info 2 /OUTPUT 1 "out";
o0x7fc0f76b6018 .functor BUFZ 1, c4<z>; HiZ drive
o0x7fc0f76b6048 .functor BUFZ 1, c4<z>; HiZ drive
L_0x555594e29db0 .functor AND 1, o0x7fc0f76b6018, o0x7fc0f76b6048, C4<1>, C4<1>;
v0x555594d86260_0 .net "a", 0 0, o0x7fc0f76b6018;  0 drivers
v0x555594d3ca30_0 .net "b", 0 0, o0x7fc0f76b6048;  0 drivers
v0x555594d3bae0_0 .net "out", 0 0, L_0x555594e29db0;  1 drivers
S_0x555594dad0d0 .scope module, "And16" "And16" 4 7;
 .timescale -12 -12;
    .port_info 0 /INPUT 16 "a";
    .port_info 1 /INPUT 16 "b";
    .port_info 2 /OUTPUT 16 "out";
L_0x555594e2a080 .functor AND 1, L_0x555594e29e80, L_0x555594e29f80, C4<1>, C4<1>;
L_0x555594e2a3d0 .functor AND 1, L_0x555594e2a1c0, L_0x555594e2a2b0, C4<1>, C4<1>;
L_0x555594e2a660 .functor AND 1, L_0x555594e2a4e0, L_0x555594e2a580, C4<1>, C4<1>;
L_0x555594e2aa20 .functor AND 1, L_0x555594e2a770, L_0x555594e2a8a0, C4<1>, C4<1>;
L_0x555594e2ac60 .functor AND 1, L_0x555594e2aac0, L_0x555594e2ab60, C4<1>, C4<1>;
L_0x555594e2af00 .functor AND 1, L_0x555594e2ad50, L_0x555594e2adf0, C4<1>, C4<1>;
L_0x555594e2ae90 .functor AND 1, L_0x555594e2b080, L_0x555594e2b120, C4<1>, C4<1>;
L_0x555594e2b5c0 .functor AND 1, L_0x555594e2b2e0, L_0x555594e2b380, C4<1>, C4<1>;
L_0x555594e2b930 .functor AND 1, L_0x555594e2b750, L_0x555594e2b7f0, C4<1>, C4<1>;
L_0x555594e2bc60 .functor AND 1, L_0x555594e2ba70, L_0x555594e2bb10, C4<1>, C4<1>;
L_0x555594e2bf60 .functor AND 1, L_0x555594e2b890, L_0x555594e2be00, C4<1>, C4<1>;
L_0x555594e2c230 .functor AND 1, L_0x555594e2c020, L_0x555594e2c0c0, C4<1>, C4<1>;
L_0x555594e2c600 .functor AND 1, L_0x555594e2c3e0, L_0x555594e2c480, C4<1>, C4<1>;
L_0x555594e2c970 .functor AND 1, L_0x555594e2c740, L_0x555594e2c7e0, C4<1>, C4<1>;
L_0x555594e2c370 .functor AND 1, L_0x555594e2cb30, L_0x555594e2cbd0, C4<1>, C4<1>;
L_0x555594e2da00 .functor AND 1, L_0x555594e2d390, L_0x555594e2d750, C4<1>, C4<1>;
v0x555594d3ab90_0 .net *"_ivl_101", 0 0, L_0x555594e2c480;  1 drivers
v0x555594d39c40_0 .net *"_ivl_102", 0 0, L_0x555594e2c600;  1 drivers
v0x555594d38cf0_0 .net *"_ivl_107", 0 0, L_0x555594e2c740;  1 drivers
v0x555594d37e90_0 .net *"_ivl_109", 0 0, L_0x555594e2c7e0;  1 drivers
v0x555594b5f1e0_0 .net *"_ivl_11", 0 0, L_0x555594e2a1c0;  1 drivers
v0x555594b5f310_0 .net *"_ivl_110", 0 0, L_0x555594e2c970;  1 drivers
v0x555594b8d710_0 .net *"_ivl_115", 0 0, L_0x555594e2cb30;  1 drivers
v0x555594b8d7f0_0 .net *"_ivl_117", 0 0, L_0x555594e2cbd0;  1 drivers
v0x555594b8d8d0_0 .net *"_ivl_118", 0 0, L_0x555594e2c370;  1 drivers
v0x555594b8d9b0_0 .net *"_ivl_124", 0 0, L_0x555594e2d390;  1 drivers
v0x555594b8da90_0 .net *"_ivl_126", 0 0, L_0x555594e2d750;  1 drivers
v0x555594ba20a0_0 .net *"_ivl_127", 0 0, L_0x555594e2da00;  1 drivers
v0x555594ba2180_0 .net *"_ivl_13", 0 0, L_0x555594e2a2b0;  1 drivers
v0x555594ba2260_0 .net *"_ivl_14", 0 0, L_0x555594e2a3d0;  1 drivers
v0x555594ba2340_0 .net *"_ivl_19", 0 0, L_0x555594e2a4e0;  1 drivers
v0x555594ba2420_0 .net *"_ivl_21", 0 0, L_0x555594e2a580;  1 drivers
v0x555594c474e0_0 .net *"_ivl_22", 0 0, L_0x555594e2a660;  1 drivers
v0x555594c476d0_0 .net *"_ivl_27", 0 0, L_0x555594e2a770;  1 drivers
v0x555594c477b0_0 .net *"_ivl_29", 0 0, L_0x555594e2a8a0;  1 drivers
v0x555594c47890_0 .net *"_ivl_3", 0 0, L_0x555594e29e80;  1 drivers
v0x555594bd5ed0_0 .net *"_ivl_30", 0 0, L_0x555594e2aa20;  1 drivers
v0x555594bd5fb0_0 .net *"_ivl_35", 0 0, L_0x555594e2aac0;  1 drivers
v0x555594bd6090_0 .net *"_ivl_37", 0 0, L_0x555594e2ab60;  1 drivers
v0x555594bd6170_0 .net *"_ivl_38", 0 0, L_0x555594e2ac60;  1 drivers
v0x555594bd6250_0 .net *"_ivl_43", 0 0, L_0x555594e2ad50;  1 drivers
v0x555594bd6330_0 .net *"_ivl_45", 0 0, L_0x555594e2adf0;  1 drivers
v0x555594bbaf30_0 .net *"_ivl_46", 0 0, L_0x555594e2af00;  1 drivers
v0x555594bbaff0_0 .net *"_ivl_5", 0 0, L_0x555594e29f80;  1 drivers
v0x555594bbb0d0_0 .net *"_ivl_51", 0 0, L_0x555594e2b080;  1 drivers
v0x555594bbb1b0_0 .net *"_ivl_53", 0 0, L_0x555594e2b120;  1 drivers
v0x555594bbb290_0 .net *"_ivl_54", 0 0, L_0x555594e2ae90;  1 drivers
v0x555594bbb370_0 .net *"_ivl_59", 0 0, L_0x555594e2b2e0;  1 drivers
v0x555594bb7730_0 .net *"_ivl_6", 0 0, L_0x555594e2a080;  1 drivers
v0x555594bb7a20_0 .net *"_ivl_61", 0 0, L_0x555594e2b380;  1 drivers
v0x555594bb7b00_0 .net *"_ivl_62", 0 0, L_0x555594e2b5c0;  1 drivers
v0x555594bbe6c0_0 .net *"_ivl_67", 0 0, L_0x555594e2b750;  1 drivers
v0x555594bbe7a0_0 .net *"_ivl_69", 0 0, L_0x555594e2b7f0;  1 drivers
v0x555594bbe880_0 .net *"_ivl_70", 0 0, L_0x555594e2b930;  1 drivers
v0x555594bbe960_0 .net *"_ivl_75", 0 0, L_0x555594e2ba70;  1 drivers
v0x555594bbea40_0 .net *"_ivl_77", 0 0, L_0x555594e2bb10;  1 drivers
v0x555594bbeb20_0 .net *"_ivl_78", 0 0, L_0x555594e2bc60;  1 drivers
v0x555594bc6370_0 .net *"_ivl_83", 0 0, L_0x555594e2b890;  1 drivers
v0x555594bc6450_0 .net *"_ivl_85", 0 0, L_0x555594e2be00;  1 drivers
v0x555594bc6530_0 .net *"_ivl_86", 0 0, L_0x555594e2bf60;  1 drivers
v0x555594bc6610_0 .net *"_ivl_91", 0 0, L_0x555594e2c020;  1 drivers
v0x555594bc66f0_0 .net *"_ivl_93", 0 0, L_0x555594e2c0c0;  1 drivers
v0x555594bc67d0_0 .net *"_ivl_94", 0 0, L_0x555594e2c230;  1 drivers
v0x555594bc2470_0 .net *"_ivl_99", 0 0, L_0x555594e2c3e0;  1 drivers
o0x7fc0f76b6a38 .functor BUFZ 16, c4<zzzzzzzzzzzzzzzz>; HiZ drive
v0x555594bc2530_0 .net "a", 15 0, o0x7fc0f76b6a38;  0 drivers
o0x7fc0f76b6a68 .functor BUFZ 16, c4<zzzzzzzzzzzzzzzz>; HiZ drive
v0x555594bc2610_0 .net "b", 15 0, o0x7fc0f76b6a68;  0 drivers
v0x555594bc26f0_0 .net "out", 15 0, L_0x555594e2ce40;  1 drivers
L_0x555594e29e80 .part o0x7fc0f76b6a38, 0, 1;
L_0x555594e29f80 .part o0x7fc0f76b6a68, 0, 1;
L_0x555594e2a1c0 .part o0x7fc0f76b6a38, 1, 1;
L_0x555594e2a2b0 .part o0x7fc0f76b6a68, 1, 1;
L_0x555594e2a4e0 .part o0x7fc0f76b6a38, 2, 1;
L_0x555594e2a580 .part o0x7fc0f76b6a68, 2, 1;
L_0x555594e2a770 .part o0x7fc0f76b6a38, 3, 1;
L_0x555594e2a8a0 .part o0x7fc0f76b6a68, 3, 1;
L_0x555594e2aac0 .part o0x7fc0f76b6a38, 4, 1;
L_0x555594e2ab60 .part o0x7fc0f76b6a68, 4, 1;
L_0x555594e2ad50 .part o0x7fc0f76b6a38, 5, 1;
L_0x555594e2adf0 .part o0x7fc0f76b6a68, 5, 1;
L_0x555594e2b080 .part o0x7fc0f76b6a38, 6, 1;
L_0x555594e2b120 .part o0x7fc0f76b6a68, 6, 1;
L_0x555594e2b2e0 .part o0x7fc0f76b6a38, 7, 1;
L_0x555594e2b380 .part o0x7fc0f76b6a68, 7, 1;
L_0x555594e2b750 .part o0x7fc0f76b6a38, 8, 1;
L_0x555594e2b7f0 .part o0x7fc0f76b6a68, 8, 1;
L_0x555594e2ba70 .part o0x7fc0f76b6a38, 9, 1;
L_0x555594e2bb10 .part o0x7fc0f76b6a68, 9, 1;
L_0x555594e2b890 .part o0x7fc0f76b6a38, 10, 1;
L_0x555594e2be00 .part o0x7fc0f76b6a68, 10, 1;
L_0x555594e2c020 .part o0x7fc0f76b6a38, 11, 1;
L_0x555594e2c0c0 .part o0x7fc0f76b6a68, 11, 1;
L_0x555594e2c3e0 .part o0x7fc0f76b6a38, 12, 1;
L_0x555594e2c480 .part o0x7fc0f76b6a68, 12, 1;
L_0x555594e2c740 .part o0x7fc0f76b6a38, 13, 1;
L_0x555594e2c7e0 .part o0x7fc0f76b6a68, 13, 1;
L_0x555594e2cb30 .part o0x7fc0f76b6a38, 14, 1;
L_0x555594e2cbd0 .part o0x7fc0f76b6a68, 14, 1;
LS_0x555594e2ce40_0_0 .concat8 [ 1 1 1 1], L_0x555594e2a080, L_0x555594e2a3d0, L_0x555594e2a660, L_0x555594e2aa20;
LS_0x555594e2ce40_0_4 .concat8 [ 1 1 1 1], L_0x555594e2ac60, L_0x555594e2af00, L_0x555594e2ae90, L_0x555594e2b5c0;
LS_0x555594e2ce40_0_8 .concat8 [ 1 1 1 1], L_0x555594e2b930, L_0x555594e2bc60, L_0x555594e2bf60, L_0x555594e2c230;
LS_0x555594e2ce40_0_12 .concat8 [ 1 1 1 1], L_0x555594e2c600, L_0x555594e2c970, L_0x555594e2c370, L_0x555594e2da00;
L_0x555594e2ce40 .concat8 [ 4 4 4 4], LS_0x555594e2ce40_0_0, LS_0x555594e2ce40_0_4, LS_0x555594e2ce40_0_8, LS_0x555594e2ce40_0_12;
L_0x555594e2d390 .part o0x7fc0f76b6a38, 15, 1;
L_0x555594e2d750 .part o0x7fc0f76b6a68, 15, 1;
S_0x555594dae460 .scope module, "Buffer" "Buffer" 5 7;
 .timescale -12 -12;
    .port_info 0 /INPUT 1 "in";
    .port_info 1 /OUTPUT 1 "out";
o0x7fc0f76b6b58 .functor BUFZ 1, c4<z>; HiZ drive
L_0x555594e2dbf0 .functor BUFZ 1, o0x7fc0f76b6b58, C4<0>, C4<0>, C4<0>;
v0x555594bc2850_0 .net "in", 0 0, o0x7fc0f76b6b58;  0 drivers
v0x555594bd5230_0 .net "out", 0 0, L_0x555594e2dbf0;  1 drivers
S_0x555594dc26f0 .scope module, "Buffer16" "Buffer16" 6 7;
 .timescale -12 -12;
    .port_info 0 /INPUT 16 "in";
    .port_info 1 /OUTPUT 16 "out";
v0x555594bd5350_0 .net *"_ivl_11", 0 0, L_0x555594e2ddf0;  1 drivers
v0x555594bd5430_0 .net *"_ivl_15", 0 0, L_0x555594e2de90;  1 drivers
v0x555594bd5510_0 .net *"_ivl_19", 0 0, L_0x555594e2df30;  1 drivers
v0x555594bd55d0_0 .net *"_ivl_23", 0 0, L_0x555594e2dfd0;  1 drivers
v0x555594bd7c70_0 .net *"_ivl_27", 0 0, L_0x555594e2e0b0;  1 drivers
v0x555594bd7d50_0 .net *"_ivl_3", 0 0, L_0x555594e2dc60;  1 drivers
v0x555594bd7e30_0 .net *"_ivl_31", 0 0, L_0x555594e2e150;  1 drivers
v0x555594bd7f10_0 .net *"_ivl_35", 0 0, L_0x555594e2e240;  1 drivers
v0x555594bd7ff0_0 .net *"_ivl_39", 0 0, L_0x555594e2e2e0;  1 drivers
v0x555594bd80d0_0 .net *"_ivl_43", 0 0, L_0x555594e2e3e0;  1 drivers
v0x555594be7b90_0 .net *"_ivl_47", 0 0, L_0x555594e2e480;  1 drivers
v0x555594be7c70_0 .net *"_ivl_51", 0 0, L_0x555594e2e590;  1 drivers
v0x555594be7d50_0 .net *"_ivl_55", 0 0, L_0x555594e2e630;  1 drivers
v0x555594be7e30_0 .net *"_ivl_59", 0 0, L_0x555594e2e750;  1 drivers
v0x555594be7f10_0 .net *"_ivl_64", 0 0, L_0x555594e2ed90;  1 drivers
v0x555594be7ff0_0 .net *"_ivl_7", 0 0, L_0x555594e2dd00;  1 drivers
o0x7fc0f76b6f18 .functor BUFZ 16, c4<zzzzzzzzzzzzzzzz>; HiZ drive
v0x555594bda460_0 .net "in", 15 0, o0x7fc0f76b6f18;  0 drivers
v0x555594bda540_0 .net "out", 15 0, L_0x555594e2e820;  1 drivers
L_0x555594e2dc60 .part o0x7fc0f76b6f18, 0, 1;
L_0x555594e2dd00 .part o0x7fc0f76b6f18, 1, 1;
L_0x555594e2ddf0 .part o0x7fc0f76b6f18, 2, 1;
L_0x555594e2de90 .part o0x7fc0f76b6f18, 3, 1;
L_0x555594e2df30 .part o0x7fc0f76b6f18, 4, 1;
L_0x555594e2dfd0 .part o0x7fc0f76b6f18, 5, 1;
L_0x555594e2e0b0 .part o0x7fc0f76b6f18, 6, 1;
L_0x555594e2e150 .part o0x7fc0f76b6f18, 7, 1;
L_0x555594e2e240 .part o0x7fc0f76b6f18, 8, 1;
L_0x555594e2e2e0 .part o0x7fc0f76b6f18, 9, 1;
L_0x555594e2e3e0 .part o0x7fc0f76b6f18, 10, 1;
L_0x555594e2e480 .part o0x7fc0f76b6f18, 11, 1;
L_0x555594e2e590 .part o0x7fc0f76b6f18, 12, 1;
L_0x555594e2e630 .part o0x7fc0f76b6f18, 13, 1;
L_0x555594e2e750 .part o0x7fc0f76b6f18, 14, 1;
LS_0x555594e2e820_0_0 .concat8 [ 1 1 1 1], L_0x555594e2dc60, L_0x555594e2dd00, L_0x555594e2ddf0, L_0x555594e2de90;
LS_0x555594e2e820_0_4 .concat8 [ 1 1 1 1], L_0x555594e2df30, L_0x555594e2dfd0, L_0x555594e2e0b0, L_0x555594e2e150;
LS_0x555594e2e820_0_8 .concat8 [ 1 1 1 1], L_0x555594e2e240, L_0x555594e2e2e0, L_0x555594e2e3e0, L_0x555594e2e480;
LS_0x555594e2e820_0_12 .concat8 [ 1 1 1 1], L_0x555594e2e590, L_0x555594e2e630, L_0x555594e2e750, L_0x555594e2ed90;
L_0x555594e2e820 .concat8 [ 4 4 4 4], LS_0x555594e2e820_0_0, LS_0x555594e2e820_0_4, LS_0x555594e2e820_0_8, LS_0x555594e2e820_0_12;
L_0x555594e2ed90 .part o0x7fc0f76b6f18, 15, 1;
S_0x555594dc2300 .scope module, "DMux4Way_tb" "DMux4Way_tb" 7 2;
 .timescale -12 -12;
v0x555594b429a0_0 .net *"_ivl_0", 31 0, L_0x555594e2fa10;  1 drivers
v0x555594b42a80_0 .net *"_ivl_12", 31 0, L_0x555594e3fd80;  1 drivers
L_0x7fc0f766d2a0 .functor BUFT 1, C4<000000000000000000000000000000>, C4<0>, C4<0>, C4<0>;
v0x555594b42b60_0 .net *"_ivl_15", 29 0, L_0x7fc0f766d2a0;  1 drivers
L_0x7fc0f766d2e8 .functor BUFT 1, C4<00000000000000000000000000000001>, C4<0>, C4<0>, C4<0>;
v0x555594b42c50_0 .net/2u *"_ivl_16", 31 0, L_0x7fc0f766d2e8;  1 drivers
v0x555594b45db0_0 .net *"_ivl_18", 0 0, L_0x555594e3fe70;  1 drivers
L_0x7fc0f766d330 .functor BUFT 1, C4<0>, C4<0>, C4<0>, C4<0>;
v0x555594b54630_0 .net/2u *"_ivl_20", 0 0, L_0x7fc0f766d330;  1 drivers
v0x555594b54710_0 .net *"_ivl_24", 31 0, L_0x555594e400f0;  1 drivers
L_0x7fc0f766d378 .functor BUFT 1, C4<000000000000000000000000000000>, C4<0>, C4<0>, C4<0>;
v0x555594b547f0_0 .net *"_ivl_27", 29 0, L_0x7fc0f766d378;  1 drivers
L_0x7fc0f766d3c0 .functor BUFT 1, C4<00000000000000000000000000000010>, C4<0>, C4<0>, C4<0>;
v0x555594b548d0_0 .net/2u *"_ivl_28", 31 0, L_0x7fc0f766d3c0;  1 drivers
L_0x7fc0f766d1c8 .functor BUFT 1, C4<000000000000000000000000000000>, C4<0>, C4<0>, C4<0>;
v0x555594b54a40_0 .net *"_ivl_3", 29 0, L_0x7fc0f766d1c8;  1 drivers
v0x555594b51450_0 .net *"_ivl_30", 0 0, L_0x555594e401e0;  1 drivers
L_0x7fc0f766d408 .functor BUFT 1, C4<0>, C4<0>, C4<0>, C4<0>;
v0x555594b51510_0 .net/2u *"_ivl_32", 0 0, L_0x7fc0f766d408;  1 drivers
v0x555594b515f0_0 .net *"_ivl_36", 31 0, L_0x555594e404b0;  1 drivers
L_0x7fc0f766d450 .functor BUFT 1, C4<000000000000000000000000000000>, C4<0>, C4<0>, C4<0>;
v0x555594b516d0_0 .net *"_ivl_39", 29 0, L_0x7fc0f766d450;  1 drivers
L_0x7fc0f766d210 .functor BUFT 1, C4<00000000000000000000000000000000>, C4<0>, C4<0>, C4<0>;
v0x555594b517b0_0 .net/2u *"_ivl_4", 31 0, L_0x7fc0f766d210;  1 drivers
L_0x7fc0f766d498 .functor BUFT 1, C4<00000000000000000000000000000011>, C4<0>, C4<0>, C4<0>;
v0x555594b51890_0 .net/2u *"_ivl_40", 31 0, L_0x7fc0f766d498;  1 drivers
v0x555594b55e80_0 .net *"_ivl_42", 0 0, L_0x555594e405b0;  1 drivers
L_0x7fc0f766d4e0 .functor BUFT 1, C4<0>, C4<0>, C4<0>, C4<0>;
v0x555594b56050_0 .net/2u *"_ivl_44", 0 0, L_0x7fc0f766d4e0;  1 drivers
v0x555594b56130_0 .net *"_ivl_6", 0 0, L_0x555594e3fac0;  1 drivers
L_0x7fc0f766d258 .functor BUFT 1, C4<0>, C4<0>, C4<0>, C4<0>;
v0x555594b561f0_0 .net/2u *"_ivl_8", 0 0, L_0x7fc0f766d258;  1 drivers
v0x555594b562d0_0 .net "a", 0 0, L_0x555594e2f310;  1 drivers
v0x555594b52cc0_0 .net "a_cmp", 0 0, L_0x555594e3fc90;  1 drivers
v0x555594b52d80_0 .net "b", 0 0, L_0x555594e2f440;  1 drivers
v0x555594b52e70_0 .net "b_cmp", 0 0, L_0x555594e3ffb0;  1 drivers
v0x555594b52f30_0 .net "c", 0 0, L_0x555594e2f670;  1 drivers
v0x555594b53020_0 .net "c_cmp", 0 0, L_0x555594e40370;  1 drivers
v0x555594b530e0_0 .net "d", 0 0, L_0x555594e2f7a0;  1 drivers
v0x555594b5b370_0 .net "d_cmp", 0 0, L_0x555594e406f0;  1 drivers
v0x555594b5b430_0 .var "fail", 0 0;
v0x555594b5b4f0_0 .var "in", 0 0;
v0x555594b5b5e0_0 .var "sel", 1 0;
L_0x555594e2fa10 .concat [ 2 30 0 0], v0x555594b5b5e0_0, L_0x7fc0f766d1c8;
L_0x555594e3fac0 .cmp/eq 32, L_0x555594e2fa10, L_0x7fc0f766d210;
L_0x555594e3fc90 .functor MUXZ 1, L_0x7fc0f766d258, v0x555594b5b4f0_0, L_0x555594e3fac0, C4<>;
L_0x555594e3fd80 .concat [ 2 30 0 0], v0x555594b5b5e0_0, L_0x7fc0f766d2a0;
L_0x555594e3fe70 .cmp/eq 32, L_0x555594e3fd80, L_0x7fc0f766d2e8;
L_0x555594e3ffb0 .functor MUXZ 1, L_0x7fc0f766d330, v0x555594b5b4f0_0, L_0x555594e3fe70, C4<>;
L_0x555594e400f0 .concat [ 2 30 0 0], v0x555594b5b5e0_0, L_0x7fc0f766d378;
L_0x555594e401e0 .cmp/eq 32, L_0x555594e400f0, L_0x7fc0f766d3c0;
L_0x555594e40370 .functor MUXZ 1, L_0x7fc0f766d408, v0x555594b5b4f0_0, L_0x555594e401e0, C4<>;
L_0x555594e404b0 .concat [ 2 30 0 0], v0x555594b5b5e0_0, L_0x7fc0f766d450;
L_0x555594e405b0 .cmp/eq 32, L_0x555594e404b0, L_0x7fc0f766d498;
L_0x555594e406f0 .functor MUXZ 1, L_0x7fc0f766d4e0, v0x555594b5b4f0_0, L_0x555594e405b0, C4<>;
S_0x555594bda680 .scope module, "DMUX4WAY" "DMux4Way" 7 10, 8 10 0, S_0x555594dc2300;
 .timescale -12 -12;
    .port_info 0 /INPUT 1 "in";
    .port_info 1 /INPUT 2 "sel";
    .port_info 2 /OUTPUT 1 "a";
    .port_info 3 /OUTPUT 1 "b";
    .port_info 4 /OUTPUT 1 "c";
    .port_info 5 /OUTPUT 1 "d";
v0x555594b41210_0 .net "a", 0 0, L_0x555594e2f310;  alias, 1 drivers
v0x555594b412d0_0 .net "b", 0 0, L_0x555594e2f440;  alias, 1 drivers
v0x555594b413a0_0 .net "c", 0 0, L_0x555594e2f670;  alias, 1 drivers
v0x555594b45960_0 .net "ch1", 0 0, L_0x555594e2f090;  1 drivers
v0x555594b45a50_0 .net "ch2", 0 0, L_0x555594e2f130;  1 drivers
v0x555594b45b90_0 .net "d", 0 0, L_0x555594e2f7a0;  alias, 1 drivers
v0x555594b45c30_0 .net "in", 0 0, v0x555594b5b4f0_0;  1 drivers
v0x555594b45cd0_0 .net "sel", 1 0, v0x555594b5b5e0_0;  1 drivers
L_0x555594e2f270 .part v0x555594b5b5e0_0, 1, 1;
L_0x555594e2f580 .part v0x555594b5b5e0_0, 0, 1;
L_0x555594e2f8e0 .part v0x555594b5b5e0_0, 0, 1;
S_0x555594bd2b60 .scope module, "d1" "DMux" 8 26, 9 8 0, S_0x555594bda680;
 .timescale -12 -12;
    .port_info 0 /INPUT 1 "in";
    .port_info 1 /INPUT 1 "sel";
    .port_info 2 /OUTPUT 1 "a";
    .port_info 3 /OUTPUT 1 "b";
L_0x7fc0f766d018 .functor BUFT 1, C4<0>, C4<0>, C4<0>, C4<0>;
v0x555594bd2d10_0 .net/2u *"_ivl_0", 0 0, L_0x7fc0f766d018;  1 drivers
L_0x7fc0f766d060 .functor BUFT 1, C4<0>, C4<0>, C4<0>, C4<0>;
v0x555594bd2e10_0 .net/2u *"_ivl_4", 0 0, L_0x7fc0f766d060;  1 drivers
v0x555594bd2ef0_0 .net "a", 0 0, L_0x555594e2f090;  alias, 1 drivers
v0x555594bd2f90_0 .net "b", 0 0, L_0x555594e2f130;  alias, 1 drivers
v0x555594be0420_0 .net "in", 0 0, v0x555594b5b4f0_0;  alias, 1 drivers
v0x555594be0510_0 .net "sel", 0 0, L_0x555594e2f270;  1 drivers
L_0x555594e2f090 .functor MUXZ 1, v0x555594b5b4f0_0, L_0x7fc0f766d018, L_0x555594e2f270, C4<>;
L_0x555594e2f130 .functor MUXZ 1, L_0x7fc0f766d060, v0x555594b5b4f0_0, L_0x555594e2f270, C4<>;
S_0x555594be0650 .scope module, "d2" "DMux" 8 27, 9 8 0, S_0x555594bda680;
 .timescale -12 -12;
    .port_info 0 /INPUT 1 "in";
    .port_info 1 /INPUT 1 "sel";
    .port_info 2 /OUTPUT 1 "a";
    .port_info 3 /OUTPUT 1 "b";
L_0x7fc0f766d0a8 .functor BUFT 1, C4<0>, C4<0>, C4<0>, C4<0>;
v0x555594b39a10_0 .net/2u *"_ivl_0", 0 0, L_0x7fc0f766d0a8;  1 drivers
L_0x7fc0f766d0f0 .functor BUFT 1, C4<0>, C4<0>, C4<0>, C4<0>;
v0x555594b39af0_0 .net/2u *"_ivl_4", 0 0, L_0x7fc0f766d0f0;  1 drivers
v0x555594b39bd0_0 .net "a", 0 0, L_0x555594e2f310;  alias, 1 drivers
v0x555594b39c70_0 .net "b", 0 0, L_0x555594e2f440;  alias, 1 drivers
v0x555594b39d30_0 .net "in", 0 0, L_0x555594e2f090;  alias, 1 drivers
v0x555594b39dd0_0 .net "sel", 0 0, L_0x555594e2f580;  1 drivers
L_0x555594e2f310 .functor MUXZ 1, L_0x555594e2f090, L_0x7fc0f766d0a8, L_0x555594e2f580, C4<>;
L_0x555594e2f440 .functor MUXZ 1, L_0x7fc0f766d0f0, L_0x555594e2f090, L_0x555594e2f580, C4<>;
S_0x555594b440f0 .scope module, "d3" "DMux" 8 28, 9 8 0, S_0x555594bda680;
 .timescale -12 -12;
    .port_info 0 /INPUT 1 "in";
    .port_info 1 /INPUT 1 "sel";
    .port_info 2 /OUTPUT 1 "a";
    .port_info 3 /OUTPUT 1 "b";
L_0x7fc0f766d138 .functor BUFT 1, C4<0>, C4<0>, C4<0>, C4<0>;
v0x555594b44390_0 .net/2u *"_ivl_0", 0 0, L_0x7fc0f766d138;  1 drivers
L_0x7fc0f766d180 .functor BUFT 1, C4<0>, C4<0>, C4<0>, C4<0>;
v0x555594b44470_0 .net/2u *"_ivl_4", 0 0, L_0x7fc0f766d180;  1 drivers
v0x555594b44550_0 .net "a", 0 0, L_0x555594e2f670;  alias, 1 drivers
v0x555594b40f30_0 .net "b", 0 0, L_0x555594e2f7a0;  alias, 1 drivers
v0x555594b40ff0_0 .net "in", 0 0, L_0x555594e2f130;  alias, 1 drivers
v0x555594b410c0_0 .net "sel", 0 0, L_0x555594e2f8e0;  1 drivers
L_0x555594e2f670 .functor MUXZ 1, L_0x555594e2f130, L_0x7fc0f766d138, L_0x555594e2f8e0, C4<>;
L_0x555594e2f7a0 .functor MUXZ 1, L_0x7fc0f766d180, L_0x555594e2f130, L_0x555594e2f8e0, C4<>;
S_0x555594b427a0 .scope task, "check" "check" 7 27, 7 27 0, S_0x555594dc2300;
 .timescale -12 -12;
TD_DMux4Way_tb.check ;
    %delay 1, 0;
    %load/vec4 v0x555594b562d0_0;
    %load/vec4 v0x555594b52cc0_0;
    %cmp/ne;
    %jmp/1 T_0.4, 4;
    %flag_mov 8, 4;
    %load/vec4 v0x555594b52d80_0;
    %load/vec4 v0x555594b52e70_0;
    %cmp/ne;
    %flag_or 4, 8;
T_0.4;
    %jmp/1 T_0.3, 4;
    %flag_mov 8, 4;
    %load/vec4 v0x555594b52f30_0;
    %load/vec4 v0x555594b53020_0;
    %cmp/ne;
    %flag_or 4, 8;
T_0.3;
    %jmp/1 T_0.2, 4;
    %flag_mov 8, 4;
    %load/vec4 v0x555594b530e0_0;
    %load/vec4 v0x555594b5b370_0;
    %cmp/ne;
    %flag_or 4, 8;
T_0.2;
    %jmp/0xz  T_0.0, 4;
    %vpi_call/w 7 31 "$display", "FAIL: in=%1b, sel=%1b, a=%1b, b=%1b, c=%1b, d=%1b", v0x555594b5b4f0_0, v0x555594b5b5e0_0, v0x555594b562d0_0, v0x555594b52d80_0, v0x555594b52f30_0, v0x555594b530e0_0 {0 0 0};
    %pushi/vec4 1, 0, 1;
    %store/vec4 v0x555594b5b430_0, 0, 1;
T_0.0 ;
    %end;
S_0x555594db0b90 .scope module, "ICESTORM_LC" "ICESTORM_LC" 10 2136;
 .timescale -12 -12;
    .port_info 0 /INPUT 1 "I0";
    .port_info 1 /INPUT 1 "I1";
    .port_info 2 /INPUT 1 "I2";
    .port_info 3 /INPUT 1 "I3";
    .port_info 4 /INPUT 1 "CIN";
    .port_info 5 /INPUT 1 "CLK";
    .port_info 6 /INPUT 1 "CEN";
    .port_info 7 /INPUT 1 "SR";
    .port_info 8 /OUTPUT 1 "LO";
    .port_info 9 /OUTPUT 1 "O";
    .port_info 10 /OUTPUT 1 "COUT";
P_0x555594da9a20 .param/l "ASYNC_SR" 0 10 2148, C4<0>;
P_0x555594da9a60 .param/l "CARRY_ENABLE" 0 10 2145, C4<0>;
P_0x555594da9aa0 .param/l "CIN_CONST" 0 10 2150, C4<0>;
P_0x555594da9ae0 .param/l "CIN_SET" 0 10 2151, C4<0>;
P_0x555594da9b20 .param/l "DFF_ENABLE" 0 10 2146, C4<0>;
P_0x555594da9b60 .param/l "LUT_INIT" 0 10 2142, C4<0000000000000000>;
P_0x555594da9ba0 .param/l "NEG_CLK" 0 10 2144, C4<0>;
P_0x555594da9be0 .param/l "SET_NORESET" 0 10 2147, C4<0>;
o0x7fc0f76b7b78 .functor BUFZ 1, c4<z>; HiZ drive
L_0x555594e2e520 .functor BUFZ 1, o0x7fc0f76b7b78, C4<0>, C4<0>, C4<0>;
L_0x555594e41680 .functor BUFZ 1, L_0x555594e423c0, C4<0>, C4<0>, C4<0>;
o0x7fc0f76b7ba8 .functor BUFZ 1, c4<z>; HiZ drive
L_0x7fc0f766d7b0 .functor BUFT 1, C4<0>, C4<0>, C4<0>, C4<0>;
L_0x555594e42660 .functor XOR 1, o0x7fc0f76b7ba8, L_0x7fc0f766d7b0, C4<0>, C4<0>;
L_0x555594e42720 .functor BUFZ 1, L_0x555594e423c0, C4<0>, C4<0>, C4<0>;
o0x7fc0f76b7b18 .functor BUFZ 1, c4<z>; HiZ drive
v0x555594b5b6e0_0 .net "CEN", 0 0, o0x7fc0f76b7b18;  0 drivers
v0x555594b5b7c0_0 .net "CEN_pu", 0 0, L_0x555594e415e0;  1 drivers
v0x555594b577d0_0 .net "CIN", 0 0, o0x7fc0f76b7b78;  0 drivers
v0x555594b57870_0 .net "CLK", 0 0, o0x7fc0f76b7ba8;  0 drivers
L_0x7fc0f766d6d8 .functor BUFT 1, C4<x>, C4<0>, C4<0>, C4<0>;
v0x555594b57930_0 .net "COUT", 0 0, L_0x7fc0f766d6d8;  1 drivers
o0x7fc0f76b7c08 .functor BUFZ 1, c4<z>; HiZ drive
v0x555594b57a40_0 .net "I0", 0 0, o0x7fc0f76b7c08;  0 drivers
v0x555594b57b00_0 .net "I0_pd", 0 0, L_0x555594e40a50;  1 drivers
o0x7fc0f76b7c68 .functor BUFZ 1, c4<z>; HiZ drive
v0x555594b57bc0_0 .net "I1", 0 0, o0x7fc0f76b7c68;  0 drivers
v0x555594b57c80_0 .net "I1_pd", 0 0, L_0x555594e40c80;  1 drivers
o0x7fc0f76b7cc8 .functor BUFZ 1, c4<z>; HiZ drive
v0x555594b5d260_0 .net "I2", 0 0, o0x7fc0f76b7cc8;  0 drivers
v0x555594b5d320_0 .net "I2_pd", 0 0, L_0x555594e40eb0;  1 drivers
o0x7fc0f76b7d28 .functor BUFZ 1, c4<z>; HiZ drive
v0x555594b5d3e0_0 .net "I3", 0 0, o0x7fc0f76b7d28;  0 drivers
v0x555594b5d4a0_0 .net "I3_pd", 0 0, L_0x555594e41120;  1 drivers
v0x555594b5d560_0 .net "LO", 0 0, L_0x555594e41680;  1 drivers
v0x555594b5d620_0 .net "O", 0 0, L_0x555594e42720;  1 drivers
o0x7fc0f76b7de8 .functor BUFZ 1, c4<z>; HiZ drive
v0x555594b5d6e0_0 .net "SR", 0 0, o0x7fc0f76b7de8;  0 drivers
v0x555594b596c0_0 .net "SR_pd", 0 0, L_0x555594e413a0;  1 drivers
o0x7fc0f76b7e48 .functor BUFZ 1, c4<z>; HiZ drive
; Elide local net with no drivers, v0x555594b59890_0 name=_ivl_0
v0x555594b59970_0 .net *"_ivl_10", 0 0, L_0x555594e40be0;  1 drivers
L_0x7fc0f766d570 .functor BUFT 1, C4<0>, C4<0>, C4<0>, C4<0>;
v0x555594b59a30_0 .net/2u *"_ivl_12", 0 0, L_0x7fc0f766d570;  1 drivers
o0x7fc0f76b7ed8 .functor BUFZ 1, c4<z>; HiZ drive
; Elide local net with no drivers, v0x555594b59b10_0 name=_ivl_16
v0x555594b4fd90_0 .net *"_ivl_18", 0 0, L_0x555594e40e10;  1 drivers
v0x555594b4fe30_0 .net *"_ivl_2", 0 0, L_0x555594e409b0;  1 drivers
L_0x7fc0f766d5b8 .functor BUFT 1, C4<0>, C4<0>, C4<0>, C4<0>;
v0x555594b4fef0_0 .net/2u *"_ivl_20", 0 0, L_0x7fc0f766d5b8;  1 drivers
o0x7fc0f76b7f98 .functor BUFZ 1, c4<z>; HiZ drive
; Elide local net with no drivers, v0x555594b4ffd0_0 name=_ivl_24
v0x555594b500b0_0 .net *"_ivl_26", 0 0, L_0x555594e41080;  1 drivers
L_0x7fc0f766d600 .functor BUFT 1, C4<0>, C4<0>, C4<0>, C4<0>;
v0x555594b50170_0 .net/2u *"_ivl_28", 0 0, L_0x7fc0f766d600;  1 drivers
o0x7fc0f76b8028 .functor BUFZ 1, c4<z>; HiZ drive
; Elide local net with no drivers, v0x555594b4ea40_0 name=_ivl_32
v0x555594b4eb20_0 .net *"_ivl_34", 0 0, L_0x555594e41300;  1 drivers
L_0x7fc0f766d648 .functor BUFT 1, C4<0>, C4<0>, C4<0>, C4<0>;
v0x555594b4ebe0_0 .net/2u *"_ivl_36", 0 0, L_0x7fc0f766d648;  1 drivers
L_0x7fc0f766d528 .functor BUFT 1, C4<0>, C4<0>, C4<0>, C4<0>;
v0x555594b4ecc0_0 .net/2u *"_ivl_4", 0 0, L_0x7fc0f766d528;  1 drivers
o0x7fc0f76b80e8 .functor BUFZ 1, c4<z>; HiZ drive
; Elide local net with no drivers, v0x555594b4eda0_0 name=_ivl_40
v0x555594b4ee80_0 .net *"_ivl_42", 0 0, L_0x555594e41540;  1 drivers
L_0x7fc0f766d690 .functor BUFT 1, C4<1>, C4<0>, C4<0>, C4<0>;
v0x555594b4b0d0_0 .net/2u *"_ivl_44", 0 0, L_0x7fc0f766d690;  1 drivers
L_0x7fc0f766d720 .functor BUFT 1, C4<00000000>, C4<0>, C4<0>, C4<0>;
v0x555594b4b1b0_0 .net/2u *"_ivl_52", 7 0, L_0x7fc0f766d720;  1 drivers
L_0x7fc0f766d768 .functor BUFT 1, C4<00000000>, C4<0>, C4<0>, C4<0>;
v0x555594b4b290_0 .net/2u *"_ivl_54", 7 0, L_0x7fc0f766d768;  1 drivers
v0x555594b472b0_0 .net *"_ivl_59", 3 0, L_0x555594e41a30;  1 drivers
v0x555594b47390_0 .net *"_ivl_61", 3 0, L_0x555594e41ba0;  1 drivers
v0x555594b47470_0 .net *"_ivl_65", 1 0, L_0x555594e41e60;  1 drivers
v0x555594b47550_0 .net *"_ivl_67", 1 0, L_0x555594e41f50;  1 drivers
v0x555594b47630_0 .net *"_ivl_71", 0 0, L_0x555594e42220;  1 drivers
v0x555594b47710_0 .net *"_ivl_73", 0 0, L_0x555594e41ff0;  1 drivers
v0x555594b4cd90_0 .net/2u *"_ivl_78", 0 0, L_0x7fc0f766d7b0;  1 drivers
o0x7fc0f76b8328 .functor BUFZ 1, c4<z>; HiZ drive
; Elide local net with no drivers, v0x555594b4ce70_0 name=_ivl_8
v0x555594b4cf50_0 .net "lut_o", 0 0, L_0x555594e423c0;  1 drivers
v0x555594b4d010_0 .net "lut_s1", 1 0, L_0x555594e42090;  1 drivers
v0x555594b4d0f0_0 .net "lut_s2", 3 0, L_0x555594e41c40;  1 drivers
v0x555594b4d1d0_0 .net "lut_s3", 7 0, L_0x555594e41870;  1 drivers
v0x555594b491f0_0 .net "mux_cin", 0 0, L_0x555594e2e520;  1 drivers
v0x555594b492b0_0 .var "o_reg", 0 0;
v0x555594b49370_0 .var "o_reg_async", 0 0;
v0x555594b49430_0 .net "polarized_clk", 0 0, L_0x555594e42660;  1 drivers
E_0x555594bda810 .event posedge, v0x555594b596c0_0, v0x555594b49430_0;
E_0x555594b39f20 .event posedge, v0x555594b49430_0;
L_0x555594e409b0 .cmp/eeq 1, o0x7fc0f76b7c08, o0x7fc0f76b7e48;
L_0x555594e40a50 .functor MUXZ 1, o0x7fc0f76b7c08, L_0x7fc0f766d528, L_0x555594e409b0, C4<>;
L_0x555594e40be0 .cmp/eeq 1, o0x7fc0f76b7c68, o0x7fc0f76b8328;
L_0x555594e40c80 .functor MUXZ 1, o0x7fc0f76b7c68, L_0x7fc0f766d570, L_0x555594e40be0, C4<>;
L_0x555594e40e10 .cmp/eeq 1, o0x7fc0f76b7cc8, o0x7fc0f76b7ed8;
L_0x555594e40eb0 .functor MUXZ 1, o0x7fc0f76b7cc8, L_0x7fc0f766d5b8, L_0x555594e40e10, C4<>;
L_0x555594e41080 .cmp/eeq 1, o0x7fc0f76b7d28, o0x7fc0f76b7f98;
L_0x555594e41120 .functor MUXZ 1, o0x7fc0f76b7d28, L_0x7fc0f766d600, L_0x555594e41080, C4<>;
L_0x555594e41300 .cmp/eeq 1, o0x7fc0f76b7de8, o0x7fc0f76b8028;
L_0x555594e413a0 .functor MUXZ 1, o0x7fc0f76b7de8, L_0x7fc0f766d648, L_0x555594e41300, C4<>;
L_0x555594e41540 .cmp/eeq 1, o0x7fc0f76b7b18, o0x7fc0f76b80e8;
L_0x555594e415e0 .functor MUXZ 1, o0x7fc0f76b7b18, L_0x7fc0f766d690, L_0x555594e41540, C4<>;
L_0x555594e41870 .functor MUXZ 8, L_0x7fc0f766d768, L_0x7fc0f766d720, L_0x555594e41120, C4<>;
L_0x555594e41a30 .part L_0x555594e41870, 4, 4;
L_0x555594e41ba0 .part L_0x555594e41870, 0, 4;
L_0x555594e41c40 .functor MUXZ 4, L_0x555594e41ba0, L_0x555594e41a30, L_0x555594e40eb0, C4<>;
L_0x555594e41e60 .part L_0x555594e41c40, 2, 2;
L_0x555594e41f50 .part L_0x555594e41c40, 0, 2;
L_0x555594e42090 .functor MUXZ 2, L_0x555594e41f50, L_0x555594e41e60, L_0x555594e40c80, C4<>;
L_0x555594e42220 .part L_0x555594e42090, 1, 1;
L_0x555594e41ff0 .part L_0x555594e42090, 0, 1;
L_0x555594e423c0 .functor MUXZ 1, L_0x555594e41ff0, L_0x555594e42220, L_0x555594e40a50, C4<>;
S_0x555594db07a0 .scope module, "ICESTORM_RAM" "ICESTORM_RAM" 10 3167;
 .timescale -12 -12;
    .port_info 0 /OUTPUT 1 "RDATA_15";
    .port_info 1 /OUTPUT 1 "RDATA_14";
    .port_info 2 /OUTPUT 1 "RDATA_13";
    .port_info 3 /OUTPUT 1 "RDATA_12";
    .port_info 4 /OUTPUT 1 "RDATA_11";
    .port_info 5 /OUTPUT 1 "RDATA_10";
    .port_info 6 /OUTPUT 1 "RDATA_9";
    .port_info 7 /OUTPUT 1 "RDATA_8";
    .port_info 8 /OUTPUT 1 "RDATA_7";
    .port_info 9 /OUTPUT 1 "RDATA_6";
    .port_info 10 /OUTPUT 1 "RDATA_5";
    .port_info 11 /OUTPUT 1 "RDATA_4";
    .port_info 12 /OUTPUT 1 "RDATA_3";
    .port_info 13 /OUTPUT 1 "RDATA_2";
    .port_info 14 /OUTPUT 1 "RDATA_1";
    .port_info 15 /OUTPUT 1 "RDATA_0";
    .port_info 16 /INPUT 1 "RCLK";
    .port_info 17 /INPUT 1 "RCLKE";
    .port_info 18 /INPUT 1 "RE";
    .port_info 19 /INPUT 1 "RADDR_10";
    .port_info 20 /INPUT 1 "RADDR_9";
    .port_info 21 /INPUT 1 "RADDR_8";
    .port_info 22 /INPUT 1 "RADDR_7";
    .port_info 23 /INPUT 1 "RADDR_6";
    .port_info 24 /INPUT 1 "RADDR_5";
    .port_info 25 /INPUT 1 "RADDR_4";
    .port_info 26 /INPUT 1 "RADDR_3";
    .port_info 27 /INPUT 1 "RADDR_2";
    .port_info 28 /INPUT 1 "RADDR_1";
    .port_info 29 /INPUT 1 "RADDR_0";
    .port_info 30 /INPUT 1 "WCLK";
    .port_info 31 /INPUT 1 "WCLKE";
    .port_info 32 /INPUT 1 "WE";
    .port_info 33 /INPUT 1 "WADDR_10";
    .port_info 34 /INPUT 1 "WADDR_9";
    .port_info 35 /INPUT 1 "WADDR_8";
    .port_info 36 /INPUT 1 "WADDR_7";
    .port_info 37 /INPUT 1 "WADDR_6";
    .port_info 38 /INPUT 1 "WADDR_5";
    .port_info 39 /INPUT 1 "WADDR_4";
    .port_info 40 /INPUT 1 "WADDR_3";
    .port_info 41 /INPUT 1 "WADDR_2";
    .port_info 42 /INPUT 1 "WADDR_1";
    .port_info 43 /INPUT 1 "WADDR_0";
    .port_info 44 /INPUT 1 "MASK_15";
    .port_info 45 /INPUT 1 "MASK_14";
    .port_info 46 /INPUT 1 "MASK_13";
    .port_info 47 /INPUT 1 "MASK_12";
    .port_info 48 /INPUT 1 "MASK_11";
    .port_info 49 /INPUT 1 "MASK_10";
    .port_info 50 /INPUT 1 "MASK_9";
    .port_info 51 /INPUT 1 "MASK_8";
    .port_info 52 /INPUT 1 "MASK_7";
    .port_info 53 /INPUT 1 "MASK_6";
    .port_info 54 /INPUT 1 "MASK_5";
    .port_info 55 /INPUT 1 "MASK_4";
    .port_info 56 /INPUT 1 "MASK_3";
    .port_info 57 /INPUT 1 "MASK_2";
    .port_info 58 /INPUT 1 "MASK_1";
    .port_info 59 /INPUT 1 "MASK_0";
    .port_info 60 /INPUT 1 "WDATA_15";
    .port_info 61 /INPUT 1 "WDATA_14";
    .port_info 62 /INPUT 1 "WDATA_13";
    .port_info 63 /INPUT 1 "WDATA_12";
    .port_info 64 /INPUT 1 "WDATA_11";
    .port_info 65 /INPUT 1 "WDATA_10";
    .port_info 66 /INPUT 1 "WDATA_9";
    .port_info 67 /INPUT 1 "WDATA_8";
    .port_info 68 /INPUT 1 "WDATA_7";
    .port_info 69 /INPUT 1 "WDATA_6";
    .port_info 70 /INPUT 1 "WDATA_5";
    .port_info 71 /INPUT 1 "WDATA_4";
    .port_info 72 /INPUT 1 "WDATA_3";
    .port_info 73 /INPUT 1 "WDATA_2";
    .port_info 74 /INPUT 1 "WDATA_1";
    .port_info 75 /INPUT 1 "WDATA_0";
P_0x555594b3d100 .param/l "INIT_0" 0 10 3182, C4<0000000000000000000000000000000000000000000000000000000000000000000000000000000000000000000000000000000000000000000000000000000000000000000000000000000000000000000000000000000000000000000000000000000000000000000000000000000000000000000000000000000000000000>;
P_0x555594b3d140 .param/l "INIT_1" 0 10 3183, C4<0000000000000000000000000000000000000000000000000000000000000000000000000000000000000000000000000000000000000000000000000000000000000000000000000000000000000000000000000000000000000000000000000000000000000000000000000000000000000000000000000000000000000000>;
P_0x555594b3d180 .param/l "INIT_2" 0 10 3184, C4<0000000000000000000000000000000000000000000000000000000000000000000000000000000000000000000000000000000000000000000000000000000000000000000000000000000000000000000000000000000000000000000000000000000000000000000000000000000000000000000000000000000000000000>;
P_0x555594b3d1c0 .param/l "INIT_3" 0 10 3185, C4<0000000000000000000000000000000000000000000000000000000000000000000000000000000000000000000000000000000000000000000000000000000000000000000000000000000000000000000000000000000000000000000000000000000000000000000000000000000000000000000000000000000000000000>;
P_0x555594b3d200 .param/l "INIT_4" 0 10 3186, C4<0000000000000000000000000000000000000000000000000000000000000000000000000000000000000000000000000000000000000000000000000000000000000000000000000000000000000000000000000000000000000000000000000000000000000000000000000000000000000000000000000000000000000000>;
P_0x555594b3d240 .param/l "INIT_5" 0 10 3187, C4<0000000000000000000000000000000000000000000000000000000000000000000000000000000000000000000000000000000000000000000000000000000000000000000000000000000000000000000000000000000000000000000000000000000000000000000000000000000000000000000000000000000000000000>;
P_0x555594b3d280 .param/l "INIT_6" 0 10 3188, C4<0000000000000000000000000000000000000000000000000000000000000000000000000000000000000000000000000000000000000000000000000000000000000000000000000000000000000000000000000000000000000000000000000000000000000000000000000000000000000000000000000000000000000000>;
P_0x555594b3d2c0 .param/l "INIT_7" 0 10 3189, C4<0000000000000000000000000000000000000000000000000000000000000000000000000000000000000000000000000000000000000000000000000000000000000000000000000000000000000000000000000000000000000000000000000000000000000000000000000000000000000000000000000000000000000000>;
P_0x555594b3d300 .param/l "INIT_8" 0 10 3190, C4<0000000000000000000000000000000000000000000000000000000000000000000000000000000000000000000000000000000000000000000000000000000000000000000000000000000000000000000000000000000000000000000000000000000000000000000000000000000000000000000000000000000000000000>;
P_0x555594b3d340 .param/l "INIT_9" 0 10 3191, C4<0000000000000000000000000000000000000000000000000000000000000000000000000000000000000000000000000000000000000000000000000000000000000000000000000000000000000000000000000000000000000000000000000000000000000000000000000000000000000000000000000000000000000000>;
P_0x555594b3d380 .param/l "INIT_A" 0 10 3192, C4<0000000000000000000000000000000000000000000000000000000000000000000000000000000000000000000000000000000000000000000000000000000000000000000000000000000000000000000000000000000000000000000000000000000000000000000000000000000000000000000000000000000000000000>;
P_0x555594b3d3c0 .param/l "INIT_B" 0 10 3193, C4<0000000000000000000000000000000000000000000000000000000000000000000000000000000000000000000000000000000000000000000000000000000000000000000000000000000000000000000000000000000000000000000000000000000000000000000000000000000000000000000000000000000000000000>;
P_0x555594b3d400 .param/l "INIT_C" 0 10 3194, C4<0000000000000000000000000000000000000000000000000000000000000000000000000000000000000000000000000000000000000000000000000000000000000000000000000000000000000000000000000000000000000000000000000000000000000000000000000000000000000000000000000000000000000000>;
P_0x555594b3d440 .param/l "INIT_D" 0 10 3195, C4<0000000000000000000000000000000000000000000000000000000000000000000000000000000000000000000000000000000000000000000000000000000000000000000000000000000000000000000000000000000000000000000000000000000000000000000000000000000000000000000000000000000000000000>;
P_0x555594b3d480 .param/l "INIT_E" 0 10 3196, C4<0000000000000000000000000000000000000000000000000000000000000000000000000000000000000000000000000000000000000000000000000000000000000000000000000000000000000000000000000000000000000000000000000000000000000000000000000000000000000000000000000000000000000000>;
P_0x555594b3d4c0 .param/l "INIT_F" 0 10 3197, C4<0000000000000000000000000000000000000000000000000000000000000000000000000000000000000000000000000000000000000000000000000000000000000000000000000000000000000000000000000000000000000000000000000000000000000000000000000000000000000000000000000000000000000000>;
P_0x555594b3d500 .param/l "NEG_CLK_R" 0 10 3179, C4<0>;
P_0x555594b3d540 .param/l "NEG_CLK_W" 0 10 3180, C4<0>;
P_0x555594b3d580 .param/l "READ_MODE" 0 10 3177, +C4<00000000000000000000000000000000>;
P_0x555594b3d5c0 .param/l "WRITE_MODE" 0 10 3176, +C4<00000000000000000000000000000000>;
L_0x7fc0f766d840 .functor BUFT 1, C4<0>, C4<0>, C4<0>, C4<0>;
L_0x555594e43580 .functor XOR 1, L_0x555594e43bd0, L_0x7fc0f766d840, C4<0>, C4<0>;
L_0x7fc0f766d888 .functor BUFT 1, C4<0>, C4<0>, C4<0>, C4<0>;
L_0x555594e45540 .functor XOR 1, L_0x555594e45390, L_0x7fc0f766d888, C4<0>, C4<0>;
o0x7fc0f76b8cb8 .functor BUFZ 1, c4<z>; HiZ drive
v0x555594dec7b0_0 .net "MASK_0", 0 0, o0x7fc0f76b8cb8;  0 drivers
o0x7fc0f76b8ce8 .functor BUFZ 1, c4<z>; HiZ drive
v0x555594dec890_0 .net "MASK_1", 0 0, o0x7fc0f76b8ce8;  0 drivers
o0x7fc0f76b8d18 .functor BUFZ 1, c4<z>; HiZ drive
v0x555594dec950_0 .net "MASK_10", 0 0, o0x7fc0f76b8d18;  0 drivers
o0x7fc0f76b8d48 .functor BUFZ 1, c4<z>; HiZ drive
v0x555594dec9f0_0 .net "MASK_11", 0 0, o0x7fc0f76b8d48;  0 drivers
o0x7fc0f76b8d78 .functor BUFZ 1, c4<z>; HiZ drive
v0x555594decab0_0 .net "MASK_12", 0 0, o0x7fc0f76b8d78;  0 drivers
o0x7fc0f76b8da8 .functor BUFZ 1, c4<z>; HiZ drive
v0x555594decbc0_0 .net "MASK_13", 0 0, o0x7fc0f76b8da8;  0 drivers
o0x7fc0f76b8dd8 .functor BUFZ 1, c4<z>; HiZ drive
v0x555594decc80_0 .net "MASK_14", 0 0, o0x7fc0f76b8dd8;  0 drivers
o0x7fc0f76b8e08 .functor BUFZ 1, c4<z>; HiZ drive
v0x555594decd40_0 .net "MASK_15", 0 0, o0x7fc0f76b8e08;  0 drivers
o0x7fc0f76b8e38 .functor BUFZ 1, c4<z>; HiZ drive
v0x555594dece00_0 .net "MASK_2", 0 0, o0x7fc0f76b8e38;  0 drivers
o0x7fc0f76b8e68 .functor BUFZ 1, c4<z>; HiZ drive
v0x555594decec0_0 .net "MASK_3", 0 0, o0x7fc0f76b8e68;  0 drivers
o0x7fc0f76b8e98 .functor BUFZ 1, c4<z>; HiZ drive
v0x555594decf80_0 .net "MASK_4", 0 0, o0x7fc0f76b8e98;  0 drivers
o0x7fc0f76b8ec8 .functor BUFZ 1, c4<z>; HiZ drive
v0x555594ded040_0 .net "MASK_5", 0 0, o0x7fc0f76b8ec8;  0 drivers
o0x7fc0f76b8ef8 .functor BUFZ 1, c4<z>; HiZ drive
v0x555594ded100_0 .net "MASK_6", 0 0, o0x7fc0f76b8ef8;  0 drivers
o0x7fc0f76b8f28 .functor BUFZ 1, c4<z>; HiZ drive
v0x555594ded1c0_0 .net "MASK_7", 0 0, o0x7fc0f76b8f28;  0 drivers
o0x7fc0f76b8f58 .functor BUFZ 1, c4<z>; HiZ drive
v0x555594ded280_0 .net "MASK_8", 0 0, o0x7fc0f76b8f58;  0 drivers
o0x7fc0f76b8f88 .functor BUFZ 1, c4<z>; HiZ drive
v0x555594ded340_0 .net "MASK_9", 0 0, o0x7fc0f76b8f88;  0 drivers
o0x7fc0f76b8fb8 .functor BUFZ 1, c4<z>; HiZ drive
v0x555594ded400_0 .net "RADDR_0", 0 0, o0x7fc0f76b8fb8;  0 drivers
o0x7fc0f76b8fe8 .functor BUFZ 1, c4<z>; HiZ drive
v0x555594ded5d0_0 .net "RADDR_1", 0 0, o0x7fc0f76b8fe8;  0 drivers
o0x7fc0f76b9018 .functor BUFZ 1, c4<z>; HiZ drive
v0x555594ded690_0 .net "RADDR_10", 0 0, o0x7fc0f76b9018;  0 drivers
o0x7fc0f76b9048 .functor BUFZ 1, c4<z>; HiZ drive
v0x555594ded750_0 .net "RADDR_2", 0 0, o0x7fc0f76b9048;  0 drivers
o0x7fc0f76b9078 .functor BUFZ 1, c4<z>; HiZ drive
v0x555594ded810_0 .net "RADDR_3", 0 0, o0x7fc0f76b9078;  0 drivers
o0x7fc0f76b90a8 .functor BUFZ 1, c4<z>; HiZ drive
v0x555594ded8d0_0 .net "RADDR_4", 0 0, o0x7fc0f76b90a8;  0 drivers
o0x7fc0f76b90d8 .functor BUFZ 1, c4<z>; HiZ drive
v0x555594ded990_0 .net "RADDR_5", 0 0, o0x7fc0f76b90d8;  0 drivers
o0x7fc0f76b9108 .functor BUFZ 1, c4<z>; HiZ drive
v0x555594deda50_0 .net "RADDR_6", 0 0, o0x7fc0f76b9108;  0 drivers
o0x7fc0f76b9138 .functor BUFZ 1, c4<z>; HiZ drive
v0x555594dedb10_0 .net "RADDR_7", 0 0, o0x7fc0f76b9138;  0 drivers
o0x7fc0f76b9168 .functor BUFZ 1, c4<z>; HiZ drive
v0x555594dedbd0_0 .net "RADDR_8", 0 0, o0x7fc0f76b9168;  0 drivers
o0x7fc0f76b9198 .functor BUFZ 1, c4<z>; HiZ drive
v0x555594dedc90_0 .net "RADDR_9", 0 0, o0x7fc0f76b9198;  0 drivers
o0x7fc0f76b91c8 .functor BUFZ 1, c4<z>; HiZ drive
v0x555594dedd50_0 .net "RCLK", 0 0, o0x7fc0f76b91c8;  0 drivers
o0x7fc0f76b91f8 .functor BUFZ 1, c4<z>; HiZ drive
v0x555594dede10_0 .net "RCLKE", 0 0, o0x7fc0f76b91f8;  0 drivers
v0x555594deded0_0 .net "RDATA_0", 0 0, L_0x555594e43a70;  1 drivers
v0x555594dedf90_0 .net "RDATA_1", 0 0, L_0x555594e43790;  1 drivers
v0x555594dee050_0 .net "RDATA_10", 0 0, L_0x555594e42e00;  1 drivers
v0x555594dee110_0 .net "RDATA_11", 0 0, L_0x555594e42d30;  1 drivers
v0x555594dee3e0_0 .net "RDATA_12", 0 0, L_0x555594e42c30;  1 drivers
v0x555594dee4a0_0 .net "RDATA_13", 0 0, L_0x555594e42b60;  1 drivers
v0x555594dee560_0 .net "RDATA_14", 0 0, L_0x555594e42ac0;  1 drivers
v0x555594dee620_0 .net "RDATA_15", 0 0, L_0x555594e429a0;  1 drivers
v0x555594dee6e0_0 .net "RDATA_2", 0 0, L_0x555594e436c0;  1 drivers
v0x555594dee7a0_0 .net "RDATA_3", 0 0, L_0x555594e435f0;  1 drivers
v0x555594dee860_0 .net "RDATA_4", 0 0, L_0x555594e434b0;  1 drivers
v0x555594dee920_0 .net "RDATA_5", 0 0, L_0x555594e433e0;  1 drivers
v0x555594dee9e0_0 .net "RDATA_6", 0 0, L_0x555594e432b0;  1 drivers
v0x555594deeaa0_0 .net "RDATA_7", 0 0, L_0x555594e431e0;  1 drivers
v0x555594deeb60_0 .net "RDATA_8", 0 0, L_0x555594e430c0;  1 drivers
v0x555594deec20_0 .net "RDATA_9", 0 0, L_0x555594e42f10;  1 drivers
o0x7fc0f76b9528 .functor BUFZ 1, c4<z>; HiZ drive
v0x555594deece0_0 .net "RE", 0 0, o0x7fc0f76b9528;  0 drivers
o0x7fc0f76b9558 .functor BUFZ 1, c4<z>; HiZ drive
v0x555594deeda0_0 .net "WADDR_0", 0 0, o0x7fc0f76b9558;  0 drivers
o0x7fc0f76b9588 .functor BUFZ 1, c4<z>; HiZ drive
v0x555594deee60_0 .net "WADDR_1", 0 0, o0x7fc0f76b9588;  0 drivers
o0x7fc0f76b95b8 .functor BUFZ 1, c4<z>; HiZ drive
v0x555594deef20_0 .net "WADDR_10", 0 0, o0x7fc0f76b95b8;  0 drivers
o0x7fc0f76b95e8 .functor BUFZ 1, c4<z>; HiZ drive
v0x555594deefe0_0 .net "WADDR_2", 0 0, o0x7fc0f76b95e8;  0 drivers
o0x7fc0f76b9618 .functor BUFZ 1, c4<z>; HiZ drive
v0x555594def0a0_0 .net "WADDR_3", 0 0, o0x7fc0f76b9618;  0 drivers
o0x7fc0f76b9648 .functor BUFZ 1, c4<z>; HiZ drive
v0x555594def160_0 .net "WADDR_4", 0 0, o0x7fc0f76b9648;  0 drivers
o0x7fc0f76b9678 .functor BUFZ 1, c4<z>; HiZ drive
v0x555594def220_0 .net "WADDR_5", 0 0, o0x7fc0f76b9678;  0 drivers
o0x7fc0f76b96a8 .functor BUFZ 1, c4<z>; HiZ drive
v0x555594def2e0_0 .net "WADDR_6", 0 0, o0x7fc0f76b96a8;  0 drivers
o0x7fc0f76b96d8 .functor BUFZ 1, c4<z>; HiZ drive
v0x555594def3a0_0 .net "WADDR_7", 0 0, o0x7fc0f76b96d8;  0 drivers
o0x7fc0f76b9708 .functor BUFZ 1, c4<z>; HiZ drive
v0x555594def460_0 .net "WADDR_8", 0 0, o0x7fc0f76b9708;  0 drivers
o0x7fc0f76b9738 .functor BUFZ 1, c4<z>; HiZ drive
v0x555594def520_0 .net "WADDR_9", 0 0, o0x7fc0f76b9738;  0 drivers
o0x7fc0f76b9768 .functor BUFZ 1, c4<z>; HiZ drive
v0x555594def5e0_0 .net "WCLK", 0 0, o0x7fc0f76b9768;  0 drivers
o0x7fc0f76b9798 .functor BUFZ 1, c4<z>; HiZ drive
v0x555594def6a0_0 .net "WCLKE", 0 0, o0x7fc0f76b9798;  0 drivers
o0x7fc0f76b97c8 .functor BUFZ 1, c4<z>; HiZ drive
v0x555594def760_0 .net "WDATA_0", 0 0, o0x7fc0f76b97c8;  0 drivers
o0x7fc0f76b97f8 .functor BUFZ 1, c4<z>; HiZ drive
v0x555594def820_0 .net "WDATA_1", 0 0, o0x7fc0f76b97f8;  0 drivers
o0x7fc0f76b9828 .functor BUFZ 1, c4<z>; HiZ drive
v0x555594def8e0_0 .net "WDATA_10", 0 0, o0x7fc0f76b9828;  0 drivers
o0x7fc0f76b9858 .functor BUFZ 1, c4<z>; HiZ drive
v0x555594def9a0_0 .net "WDATA_11", 0 0, o0x7fc0f76b9858;  0 drivers
o0x7fc0f76b9888 .functor BUFZ 1, c4<z>; HiZ drive
v0x555594defa60_0 .net "WDATA_12", 0 0, o0x7fc0f76b9888;  0 drivers
o0x7fc0f76b98b8 .functor BUFZ 1, c4<z>; HiZ drive
v0x555594defb20_0 .net "WDATA_13", 0 0, o0x7fc0f76b98b8;  0 drivers
o0x7fc0f76b98e8 .functor BUFZ 1, c4<z>; HiZ drive
v0x555594defbe0_0 .net "WDATA_14", 0 0, o0x7fc0f76b98e8;  0 drivers
o0x7fc0f76b9918 .functor BUFZ 1, c4<z>; HiZ drive
v0x555594defca0_0 .net "WDATA_15", 0 0, o0x7fc0f76b9918;  0 drivers
o0x7fc0f76b9948 .functor BUFZ 1, c4<z>; HiZ drive
v0x555594defd60_0 .net "WDATA_2", 0 0, o0x7fc0f76b9948;  0 drivers
o0x7fc0f76b9978 .functor BUFZ 1, c4<z>; HiZ drive
v0x555594defe20_0 .net "WDATA_3", 0 0, o0x7fc0f76b9978;  0 drivers
o0x7fc0f76b99a8 .functor BUFZ 1, c4<z>; HiZ drive
v0x555594defee0_0 .net "WDATA_4", 0 0, o0x7fc0f76b99a8;  0 drivers
o0x7fc0f76b99d8 .functor BUFZ 1, c4<z>; HiZ drive
v0x555594deffa0_0 .net "WDATA_5", 0 0, o0x7fc0f76b99d8;  0 drivers
o0x7fc0f76b9a08 .functor BUFZ 1, c4<z>; HiZ drive
v0x555594df0060_0 .net "WDATA_6", 0 0, o0x7fc0f76b9a08;  0 drivers
o0x7fc0f76b9a38 .functor BUFZ 1, c4<z>; HiZ drive
v0x555594df0120_0 .net "WDATA_7", 0 0, o0x7fc0f76b9a38;  0 drivers
o0x7fc0f76b9a68 .functor BUFZ 1, c4<z>; HiZ drive
v0x555594df01e0_0 .net "WDATA_8", 0 0, o0x7fc0f76b9a68;  0 drivers
o0x7fc0f76b9a98 .functor BUFZ 1, c4<z>; HiZ drive
v0x555594df02a0_0 .net "WDATA_9", 0 0, o0x7fc0f76b9a98;  0 drivers
o0x7fc0f76b9ac8 .functor BUFZ 1, c4<z>; HiZ drive
v0x555594df0360_0 .net "WE", 0 0, o0x7fc0f76b9ac8;  0 drivers
v0x555594df0420_0 .net *"_ivl_100", 0 0, L_0x555594e47950;  1 drivers
v0x555594df0500_0 .net *"_ivl_102", 0 0, L_0x555594e476a0;  1 drivers
v0x555594df05e0_0 .net *"_ivl_104", 0 0, L_0x555594e477a0;  1 drivers
v0x555594df06c0_0 .net *"_ivl_106", 0 0, L_0x555594e47e40;  1 drivers
v0x555594df07a0_0 .net *"_ivl_108", 0 0, L_0x555594e47f40;  1 drivers
v0x555594df0880_0 .net *"_ivl_110", 0 0, L_0x555594e48220;  1 drivers
v0x555594df0960_0 .net *"_ivl_112", 0 0, L_0x555594e48320;  1 drivers
v0x555594df0a40_0 .net *"_ivl_114", 0 0, L_0x555594e48610;  1 drivers
v0x555594df0b20_0 .net *"_ivl_116", 0 0, L_0x555594e48710;  1 drivers
v0x555594df0c00_0 .net *"_ivl_120", 0 0, L_0x555594e49000;  1 drivers
v0x555594df0ce0_0 .net *"_ivl_122", 0 0, L_0x555594e492b0;  1 drivers
v0x555594df0dc0_0 .net *"_ivl_124", 0 0, L_0x555594e49350;  1 drivers
v0x555594df0ea0_0 .net *"_ivl_126", 0 0, L_0x555594e49610;  1 drivers
v0x555594df0f80_0 .net *"_ivl_128", 0 0, L_0x555594e496b0;  1 drivers
v0x555594df1060_0 .net *"_ivl_130", 0 0, L_0x555594e49980;  1 drivers
v0x555594df1140_0 .net *"_ivl_132", 0 0, L_0x555594e49a20;  1 drivers
v0x555594df1220_0 .net *"_ivl_134", 0 0, L_0x555594e49d00;  1 drivers
v0x555594df1300_0 .net *"_ivl_136", 0 0, L_0x555594e49da0;  1 drivers
v0x555594df13e0_0 .net *"_ivl_138", 0 0, L_0x555594e4a0c0;  1 drivers
v0x555594df14c0_0 .net *"_ivl_140", 0 0, L_0x555594e4a1c0;  1 drivers
v0x555594df15a0_0 .net *"_ivl_142", 0 0, L_0x555594e4a520;  1 drivers
v0x555594df1680_0 .net *"_ivl_144", 0 0, L_0x555594e4a620;  1 drivers
v0x555594df1760_0 .net *"_ivl_146", 0 0, L_0x555594e4a990;  1 drivers
v0x555594df1840_0 .net *"_ivl_148", 0 0, L_0x555594e4aa90;  1 drivers
v0x555594df1920_0 .net *"_ivl_150", 0 0, L_0x555594e4ae10;  1 drivers
v0x555594df1a00_0 .net *"_ivl_18", 0 0, L_0x555594e43bd0;  1 drivers
v0x555594df1ae0_0 .net/2u *"_ivl_19", 0 0, L_0x7fc0f766d840;  1 drivers
v0x555594df1bc0_0 .net *"_ivl_28", 0 0, L_0x555594e43f70;  1 drivers
v0x555594df1ca0_0 .net *"_ivl_30", 0 0, L_0x555594e43dd0;  1 drivers
v0x555594df1d80_0 .net *"_ivl_32", 0 0, L_0x555594e44180;  1 drivers
v0x555594df1e60_0 .net *"_ivl_34", 0 0, L_0x555594e44340;  1 drivers
v0x555594df1f40_0 .net *"_ivl_36", 0 0, L_0x555594e44440;  1 drivers
v0x555594df2020_0 .net *"_ivl_38", 0 0, L_0x555594e44610;  1 drivers
v0x555594df2100_0 .net *"_ivl_40", 0 0, L_0x555594e44710;  1 drivers
v0x555594df21e0_0 .net *"_ivl_42", 0 0, L_0x555594e448f0;  1 drivers
v0x555594df22c0_0 .net *"_ivl_44", 0 0, L_0x555594e449f0;  1 drivers
v0x555594df23a0_0 .net *"_ivl_46", 0 0, L_0x555594e44be0;  1 drivers
v0x555594df2480_0 .net *"_ivl_48", 0 0, L_0x555594e44ce0;  1 drivers
v0x555594df2560_0 .net *"_ivl_52", 0 0, L_0x555594e45390;  1 drivers
v0x555594df2640_0 .net/2u *"_ivl_53", 0 0, L_0x7fc0f766d888;  1 drivers
v0x555594df2720_0 .net *"_ivl_62", 0 0, L_0x555594e458b0;  1 drivers
v0x555594df2800_0 .net *"_ivl_64", 0 0, L_0x555594e45950;  1 drivers
v0x555594df28e0_0 .net *"_ivl_66", 0 0, L_0x555594e45b20;  1 drivers
v0x555594df29c0_0 .net *"_ivl_68", 0 0, L_0x555594e45bf0;  1 drivers
v0x555594df2aa0_0 .net *"_ivl_70", 0 0, L_0x555594e45e30;  1 drivers
v0x555594df2b80_0 .net *"_ivl_72", 0 0, L_0x555594e45f30;  1 drivers
v0x555594df2c60_0 .net *"_ivl_74", 0 0, L_0x555594e46180;  1 drivers
v0x555594df2d40_0 .net *"_ivl_76", 0 0, L_0x555594e46280;  1 drivers
v0x555594df2e20_0 .net *"_ivl_78", 0 0, L_0x555594e464e0;  1 drivers
v0x555594df2f00_0 .net *"_ivl_80", 0 0, L_0x555594e465e0;  1 drivers
v0x555594df2fe0_0 .net *"_ivl_82", 0 0, L_0x555594e46850;  1 drivers
v0x555594df30c0_0 .net *"_ivl_86", 0 0, L_0x555594e46f80;  1 drivers
v0x555594df31a0_0 .net *"_ivl_88", 0 0, L_0x555594e47020;  1 drivers
v0x555594df3a90_0 .net *"_ivl_90", 0 0, L_0x555594e47250;  1 drivers
v0x555594df3b70_0 .net *"_ivl_92", 0 0, L_0x555594e472f0;  1 drivers
v0x555594df3c50_0 .net *"_ivl_94", 0 0, L_0x555594e47530;  1 drivers
v0x555594df3d30_0 .net *"_ivl_96", 0 0, L_0x555594e475d0;  1 drivers
v0x555594df3e10_0 .net *"_ivl_98", 0 0, L_0x555594e47850;  1 drivers
L_0x555594e429a0 .part v0x555594deb470_0, 15, 1;
L_0x555594e42ac0 .part v0x555594deb470_0, 14, 1;
L_0x555594e42b60 .part v0x555594deb470_0, 13, 1;
L_0x555594e42c30 .part v0x555594deb470_0, 12, 1;
L_0x555594e42d30 .part v0x555594deb470_0, 11, 1;
L_0x555594e42e00 .part v0x555594deb470_0, 10, 1;
L_0x555594e42f10 .part v0x555594deb470_0, 9, 1;
L_0x555594e430c0 .part v0x555594deb470_0, 8, 1;
L_0x555594e431e0 .part v0x555594deb470_0, 7, 1;
L_0x555594e432b0 .part v0x555594deb470_0, 6, 1;
L_0x555594e433e0 .part v0x555594deb470_0, 5, 1;
L_0x555594e434b0 .part v0x555594deb470_0, 4, 1;
L_0x555594e435f0 .part v0x555594deb470_0, 3, 1;
L_0x555594e436c0 .part v0x555594deb470_0, 2, 1;
L_0x555594e43790 .part v0x555594deb470_0, 1, 1;
L_0x555594e43a70 .part v0x555594deb470_0, 0, 1;
L_0x555594e43bd0 .ufunc/vec4 TD_ICESTORM_RAM.pd, 1, o0x7fc0f76b91c8 (v0x555594dec390_0) S_0x555594dec120;
L_0x555594e43d30 .ufunc/vec4 TD_ICESTORM_RAM.pu, 1, o0x7fc0f76b91f8 (v0x555594dec6f0_0) S_0x555594dec450;
L_0x555594e43e70 .ufunc/vec4 TD_ICESTORM_RAM.pd, 1, o0x7fc0f76b9528 (v0x555594dec390_0) S_0x555594dec120;
L_0x555594e43f70 .ufunc/vec4 TD_ICESTORM_RAM.pd, 1, o0x7fc0f76b9018 (v0x555594dec390_0) S_0x555594dec120;
L_0x555594e43dd0 .ufunc/vec4 TD_ICESTORM_RAM.pd, 1, o0x7fc0f76b9198 (v0x555594dec390_0) S_0x555594dec120;
L_0x555594e44180 .ufunc/vec4 TD_ICESTORM_RAM.pd, 1, o0x7fc0f76b9168 (v0x555594dec390_0) S_0x555594dec120;
L_0x555594e44340 .ufunc/vec4 TD_ICESTORM_RAM.pd, 1, o0x7fc0f76b9138 (v0x555594dec390_0) S_0x555594dec120;
L_0x555594e44440 .ufunc/vec4 TD_ICESTORM_RAM.pd, 1, o0x7fc0f76b9108 (v0x555594dec390_0) S_0x555594dec120;
L_0x555594e44610 .ufunc/vec4 TD_ICESTORM_RAM.pd, 1, o0x7fc0f76b90d8 (v0x555594dec390_0) S_0x555594dec120;
L_0x555594e44710 .ufunc/vec4 TD_ICESTORM_RAM.pd, 1, o0x7fc0f76b90a8 (v0x555594dec390_0) S_0x555594dec120;
L_0x555594e448f0 .ufunc/vec4 TD_ICESTORM_RAM.pd, 1, o0x7fc0f76b9078 (v0x555594dec390_0) S_0x555594dec120;
L_0x555594e449f0 .ufunc/vec4 TD_ICESTORM_RAM.pd, 1, o0x7fc0f76b9048 (v0x555594dec390_0) S_0x555594dec120;
L_0x555594e44be0 .ufunc/vec4 TD_ICESTORM_RAM.pd, 1, o0x7fc0f76b8fe8 (v0x555594dec390_0) S_0x555594dec120;
L_0x555594e44ce0 .ufunc/vec4 TD_ICESTORM_RAM.pd, 1, o0x7fc0f76b8fb8 (v0x555594dec390_0) S_0x555594dec120;
LS_0x555594e44ee0_0_0 .concat [ 1 1 1 1], L_0x555594e44ce0, L_0x555594e44be0, L_0x555594e449f0, L_0x555594e448f0;
LS_0x555594e44ee0_0_4 .concat [ 1 1 1 1], L_0x555594e44710, L_0x555594e44610, L_0x555594e44440, L_0x555594e44340;
LS_0x555594e44ee0_0_8 .concat [ 1 1 1 0], L_0x555594e44180, L_0x555594e43dd0, L_0x555594e43f70;
L_0x555594e44ee0 .concat [ 4 4 3 0], LS_0x555594e44ee0_0_0, LS_0x555594e44ee0_0_4, LS_0x555594e44ee0_0_8;
L_0x555594e45390 .ufunc/vec4 TD_ICESTORM_RAM.pd, 1, o0x7fc0f76b9768 (v0x555594dec390_0) S_0x555594dec120;
L_0x555594e45650 .ufunc/vec4 TD_ICESTORM_RAM.pu, 1, o0x7fc0f76b9798 (v0x555594dec6f0_0) S_0x555594dec450;
L_0x555594e456f0 .ufunc/vec4 TD_ICESTORM_RAM.pd, 1, o0x7fc0f76b9ac8 (v0x555594dec390_0) S_0x555594dec120;
L_0x555594e458b0 .ufunc/vec4 TD_ICESTORM_RAM.pd, 1, o0x7fc0f76b95b8 (v0x555594dec390_0) S_0x555594dec120;
L_0x555594e45950 .ufunc/vec4 TD_ICESTORM_RAM.pd, 1, o0x7fc0f76b9738 (v0x555594dec390_0) S_0x555594dec120;
L_0x555594e45b20 .ufunc/vec4 TD_ICESTORM_RAM.pd, 1, o0x7fc0f76b9708 (v0x555594dec390_0) S_0x555594dec120;
L_0x555594e45bf0 .ufunc/vec4 TD_ICESTORM_RAM.pd, 1, o0x7fc0f76b96d8 (v0x555594dec390_0) S_0x555594dec120;
L_0x555594e45e30 .ufunc/vec4 TD_ICESTORM_RAM.pd, 1, o0x7fc0f76b96a8 (v0x555594dec390_0) S_0x555594dec120;
L_0x555594e45f30 .ufunc/vec4 TD_ICESTORM_RAM.pd, 1, o0x7fc0f76b9678 (v0x555594dec390_0) S_0x555594dec120;
L_0x555594e46180 .ufunc/vec4 TD_ICESTORM_RAM.pd, 1, o0x7fc0f76b9648 (v0x555594dec390_0) S_0x555594dec120;
L_0x555594e46280 .ufunc/vec4 TD_ICESTORM_RAM.pd, 1, o0x7fc0f76b9618 (v0x555594dec390_0) S_0x555594dec120;
L_0x555594e464e0 .ufunc/vec4 TD_ICESTORM_RAM.pd, 1, o0x7fc0f76b95e8 (v0x555594dec390_0) S_0x555594dec120;
L_0x555594e465e0 .ufunc/vec4 TD_ICESTORM_RAM.pd, 1, o0x7fc0f76b9588 (v0x555594dec390_0) S_0x555594dec120;
L_0x555594e46850 .ufunc/vec4 TD_ICESTORM_RAM.pd, 1, o0x7fc0f76b9558 (v0x555594dec390_0) S_0x555594dec120;
LS_0x555594e46950_0_0 .concat [ 1 1 1 1], L_0x555594e46850, L_0x555594e465e0, L_0x555594e464e0, L_0x555594e46280;
LS_0x555594e46950_0_4 .concat [ 1 1 1 1], L_0x555594e46180, L_0x555594e45f30, L_0x555594e45e30, L_0x555594e45bf0;
LS_0x555594e46950_0_8 .concat [ 1 1 1 0], L_0x555594e45b20, L_0x555594e45950, L_0x555594e458b0;
L_0x555594e46950 .concat [ 4 4 3 0], LS_0x555594e46950_0_0, LS_0x555594e46950_0_4, LS_0x555594e46950_0_8;
L_0x555594e46f80 .ufunc/vec4 TD_ICESTORM_RAM.pd, 1, o0x7fc0f76b8e08 (v0x555594dec390_0) S_0x555594dec120;
L_0x555594e47020 .ufunc/vec4 TD_ICESTORM_RAM.pd, 1, o0x7fc0f76b8dd8 (v0x555594dec390_0) S_0x555594dec120;
L_0x555594e47250 .ufunc/vec4 TD_ICESTORM_RAM.pd, 1, o0x7fc0f76b8da8 (v0x555594dec390_0) S_0x555594dec120;
L_0x555594e472f0 .ufunc/vec4 TD_ICESTORM_RAM.pd, 1, o0x7fc0f76b8d78 (v0x555594dec390_0) S_0x555594dec120;
L_0x555594e47530 .ufunc/vec4 TD_ICESTORM_RAM.pd, 1, o0x7fc0f76b8d48 (v0x555594dec390_0) S_0x555594dec120;
L_0x555594e475d0 .ufunc/vec4 TD_ICESTORM_RAM.pd, 1, o0x7fc0f76b8d18 (v0x555594dec390_0) S_0x555594dec120;
L_0x555594e47850 .ufunc/vec4 TD_ICESTORM_RAM.pd, 1, o0x7fc0f76b8f88 (v0x555594dec390_0) S_0x555594dec120;
L_0x555594e47950 .ufunc/vec4 TD_ICESTORM_RAM.pd, 1, o0x7fc0f76b8f58 (v0x555594dec390_0) S_0x555594dec120;
L_0x555594e476a0 .ufunc/vec4 TD_ICESTORM_RAM.pd, 1, o0x7fc0f76b8f28 (v0x555594dec390_0) S_0x555594dec120;
L_0x555594e477a0 .ufunc/vec4 TD_ICESTORM_RAM.pd, 1, o0x7fc0f76b8ef8 (v0x555594dec390_0) S_0x555594dec120;
L_0x555594e47e40 .ufunc/vec4 TD_ICESTORM_RAM.pd, 1, o0x7fc0f76b8ec8 (v0x555594dec390_0) S_0x555594dec120;
L_0x555594e47f40 .ufunc/vec4 TD_ICESTORM_RAM.pd, 1, o0x7fc0f76b8e98 (v0x555594dec390_0) S_0x555594dec120;
L_0x555594e48220 .ufunc/vec4 TD_ICESTORM_RAM.pd, 1, o0x7fc0f76b8e68 (v0x555594dec390_0) S_0x555594dec120;
L_0x555594e48320 .ufunc/vec4 TD_ICESTORM_RAM.pd, 1, o0x7fc0f76b8e38 (v0x555594dec390_0) S_0x555594dec120;
L_0x555594e48610 .ufunc/vec4 TD_ICESTORM_RAM.pd, 1, o0x7fc0f76b8ce8 (v0x555594dec390_0) S_0x555594dec120;
L_0x555594e48710 .ufunc/vec4 TD_ICESTORM_RAM.pd, 1, o0x7fc0f76b8cb8 (v0x555594dec390_0) S_0x555594dec120;
LS_0x555594e48a10_0_0 .concat [ 1 1 1 1], L_0x555594e48710, L_0x555594e48610, L_0x555594e48320, L_0x555594e48220;
LS_0x555594e48a10_0_4 .concat [ 1 1 1 1], L_0x555594e47f40, L_0x555594e47e40, L_0x555594e477a0, L_0x555594e476a0;
LS_0x555594e48a10_0_8 .concat [ 1 1 1 1], L_0x555594e47950, L_0x555594e47850, L_0x555594e475d0, L_0x555594e47530;
LS_0x555594e48a10_0_12 .concat [ 1 1 1 1], L_0x555594e472f0, L_0x555594e47250, L_0x555594e47020, L_0x555594e46f80;
L_0x555594e48a10 .concat [ 4 4 4 4], LS_0x555594e48a10_0_0, LS_0x555594e48a10_0_4, LS_0x555594e48a10_0_8, LS_0x555594e48a10_0_12;
L_0x555594e49000 .ufunc/vec4 TD_ICESTORM_RAM.pd, 1, o0x7fc0f76b9918 (v0x555594dec390_0) S_0x555594dec120;
L_0x555594e492b0 .ufunc/vec4 TD_ICESTORM_RAM.pd, 1, o0x7fc0f76b98e8 (v0x555594dec390_0) S_0x555594dec120;
L_0x555594e49350 .ufunc/vec4 TD_ICESTORM_RAM.pd, 1, o0x7fc0f76b98b8 (v0x555594dec390_0) S_0x555594dec120;
L_0x555594e49610 .ufunc/vec4 TD_ICESTORM_RAM.pd, 1, o0x7fc0f76b9888 (v0x555594dec390_0) S_0x555594dec120;
L_0x555594e496b0 .ufunc/vec4 TD_ICESTORM_RAM.pd, 1, o0x7fc0f76b9858 (v0x555594dec390_0) S_0x555594dec120;
L_0x555594e49980 .ufunc/vec4 TD_ICESTORM_RAM.pd, 1, o0x7fc0f76b9828 (v0x555594dec390_0) S_0x555594dec120;
L_0x555594e49a20 .ufunc/vec4 TD_ICESTORM_RAM.pd, 1, o0x7fc0f76b9a98 (v0x555594dec390_0) S_0x555594dec120;
L_0x555594e49d00 .ufunc/vec4 TD_ICESTORM_RAM.pd, 1, o0x7fc0f76b9a68 (v0x555594dec390_0) S_0x555594dec120;
L_0x555594e49da0 .ufunc/vec4 TD_ICESTORM_RAM.pd, 1, o0x7fc0f76b9a38 (v0x555594dec390_0) S_0x555594dec120;
L_0x555594e4a0c0 .ufunc/vec4 TD_ICESTORM_RAM.pd, 1, o0x7fc0f76b9a08 (v0x555594dec390_0) S_0x555594dec120;
L_0x555594e4a1c0 .ufunc/vec4 TD_ICESTORM_RAM.pd, 1, o0x7fc0f76b99d8 (v0x555594dec390_0) S_0x555594dec120;
L_0x555594e4a520 .ufunc/vec4 TD_ICESTORM_RAM.pd, 1, o0x7fc0f76b99a8 (v0x555594dec390_0) S_0x555594dec120;
L_0x555594e4a620 .ufunc/vec4 TD_ICESTORM_RAM.pd, 1, o0x7fc0f76b9978 (v0x555594dec390_0) S_0x555594dec120;
L_0x555594e4a990 .ufunc/vec4 TD_ICESTORM_RAM.pd, 1, o0x7fc0f76b9948 (v0x555594dec390_0) S_0x555594dec120;
L_0x555594e4aa90 .ufunc/vec4 TD_ICESTORM_RAM.pd, 1, o0x7fc0f76b97f8 (v0x555594dec390_0) S_0x555594dec120;
L_0x555594e4ae10 .ufunc/vec4 TD_ICESTORM_RAM.pd, 1, o0x7fc0f76b97c8 (v0x555594dec390_0) S_0x555594dec120;
LS_0x555594e4af10_0_0 .concat [ 1 1 1 1], L_0x555594e4ae10, L_0x555594e4aa90, L_0x555594e4a990, L_0x555594e4a620;
LS_0x555594e4af10_0_4 .concat [ 1 1 1 1], L_0x555594e4a520, L_0x555594e4a1c0, L_0x555594e4a0c0, L_0x555594e49da0;
LS_0x555594e4af10_0_8 .concat [ 1 1 1 1], L_0x555594e49d00, L_0x555594e49a20, L_0x555594e49980, L_0x555594e496b0;
LS_0x555594e4af10_0_12 .concat [ 1 1 1 1], L_0x555594e49610, L_0x555594e49350, L_0x555594e492b0, L_0x555594e49000;
L_0x555594e4af10 .concat [ 4 4 4 4], LS_0x555594e4af10_0_0, LS_0x555594e4af10_0_4, LS_0x555594e4af10_0_8, LS_0x555594e4af10_0_12;
S_0x555594b3f870 .scope module, "RAM" "SB_RAM40_4K" 10 3233, 10 1487 0, S_0x555594db07a0;
 .timescale -12 -12;
    .port_info 0 /OUTPUT 16 "RDATA";
    .port_info 1 /INPUT 1 "RCLK";
    .port_info 2 /INPUT 1 "RCLKE";
    .port_info 3 /INPUT 1 "RE";
    .port_info 4 /INPUT 11 "RADDR";
    .port_info 5 /INPUT 1 "WCLK";
    .port_info 6 /INPUT 1 "WCLKE";
    .port_info 7 /INPUT 1 "WE";
    .port_info 8 /INPUT 11 "WADDR";
    .port_info 9 /INPUT 16 "MASK";
    .port_info 10 /INPUT 16 "WDATA";
P_0x555594b3e5d0 .param/l "INIT_0" 0 10 1507, C4<0000000000000000000000000000000000000000000000000000000000000000000000000000000000000000000000000000000000000000000000000000000000000000000000000000000000000000000000000000000000000000000000000000000000000000000000000000000000000000000000000000000000000000>;
P_0x555594b3e610 .param/l "INIT_1" 0 10 1508, C4<0000000000000000000000000000000000000000000000000000000000000000000000000000000000000000000000000000000000000000000000000000000000000000000000000000000000000000000000000000000000000000000000000000000000000000000000000000000000000000000000000000000000000000>;
P_0x555594b3e650 .param/l "INIT_2" 0 10 1509, C4<0000000000000000000000000000000000000000000000000000000000000000000000000000000000000000000000000000000000000000000000000000000000000000000000000000000000000000000000000000000000000000000000000000000000000000000000000000000000000000000000000000000000000000>;
P_0x555594b3e690 .param/l "INIT_3" 0 10 1510, C4<0000000000000000000000000000000000000000000000000000000000000000000000000000000000000000000000000000000000000000000000000000000000000000000000000000000000000000000000000000000000000000000000000000000000000000000000000000000000000000000000000000000000000000>;
P_0x555594b3e6d0 .param/l "INIT_4" 0 10 1511, C4<0000000000000000000000000000000000000000000000000000000000000000000000000000000000000000000000000000000000000000000000000000000000000000000000000000000000000000000000000000000000000000000000000000000000000000000000000000000000000000000000000000000000000000>;
P_0x555594b3e710 .param/l "INIT_5" 0 10 1512, C4<0000000000000000000000000000000000000000000000000000000000000000000000000000000000000000000000000000000000000000000000000000000000000000000000000000000000000000000000000000000000000000000000000000000000000000000000000000000000000000000000000000000000000000>;
P_0x555594b3e750 .param/l "INIT_6" 0 10 1513, C4<0000000000000000000000000000000000000000000000000000000000000000000000000000000000000000000000000000000000000000000000000000000000000000000000000000000000000000000000000000000000000000000000000000000000000000000000000000000000000000000000000000000000000000>;
P_0x555594b3e790 .param/l "INIT_7" 0 10 1514, C4<0000000000000000000000000000000000000000000000000000000000000000000000000000000000000000000000000000000000000000000000000000000000000000000000000000000000000000000000000000000000000000000000000000000000000000000000000000000000000000000000000000000000000000>;
P_0x555594b3e7d0 .param/l "INIT_8" 0 10 1515, C4<0000000000000000000000000000000000000000000000000000000000000000000000000000000000000000000000000000000000000000000000000000000000000000000000000000000000000000000000000000000000000000000000000000000000000000000000000000000000000000000000000000000000000000>;
P_0x555594b3e810 .param/l "INIT_9" 0 10 1516, C4<0000000000000000000000000000000000000000000000000000000000000000000000000000000000000000000000000000000000000000000000000000000000000000000000000000000000000000000000000000000000000000000000000000000000000000000000000000000000000000000000000000000000000000>;
P_0x555594b3e850 .param/l "INIT_A" 0 10 1517, C4<0000000000000000000000000000000000000000000000000000000000000000000000000000000000000000000000000000000000000000000000000000000000000000000000000000000000000000000000000000000000000000000000000000000000000000000000000000000000000000000000000000000000000000>;
P_0x555594b3e890 .param/l "INIT_B" 0 10 1518, C4<0000000000000000000000000000000000000000000000000000000000000000000000000000000000000000000000000000000000000000000000000000000000000000000000000000000000000000000000000000000000000000000000000000000000000000000000000000000000000000000000000000000000000000>;
P_0x555594b3e8d0 .param/l "INIT_C" 0 10 1519, C4<0000000000000000000000000000000000000000000000000000000000000000000000000000000000000000000000000000000000000000000000000000000000000000000000000000000000000000000000000000000000000000000000000000000000000000000000000000000000000000000000000000000000000000>;
P_0x555594b3e910 .param/l "INIT_D" 0 10 1520, C4<0000000000000000000000000000000000000000000000000000000000000000000000000000000000000000000000000000000000000000000000000000000000000000000000000000000000000000000000000000000000000000000000000000000000000000000000000000000000000000000000000000000000000000>;
P_0x555594b3e950 .param/l "INIT_E" 0 10 1521, C4<0000000000000000000000000000000000000000000000000000000000000000000000000000000000000000000000000000000000000000000000000000000000000000000000000000000000000000000000000000000000000000000000000000000000000000000000000000000000000000000000000000000000000000>;
P_0x555594b3e990 .param/l "INIT_F" 0 10 1522, C4<0000000000000000000000000000000000000000000000000000000000000000000000000000000000000000000000000000000000000000000000000000000000000000000000000000000000000000000000000000000000000000000000000000000000000000000000000000000000000000000000000000000000000000>;
P_0x555594b3e9d0 .param/str "INIT_FILE" 0 10 1524, "\000";
P_0x555594b3ea10 .param/l "READ_MODE" 0 10 1505, +C4<00000000000000000000000000000000>;
P_0x555594b3ea50 .param/l "WRITE_MODE" 0 10 1504, +C4<00000000000000000000000000000000>;
v0x555594deb020_0 .net "MASK", 15 0, L_0x555594e48a10;  1 drivers
v0x555594deb100_0 .net "RADDR", 10 0, L_0x555594e44ee0;  1 drivers
v0x555594deb1e0_0 .net "RCLK", 0 0, L_0x555594e43580;  1 drivers
v0x555594deb280_0 .net "RCLKE", 0 0, L_0x555594e43d30;  1 drivers
v0x555594deb340_0 .net "RDATA", 15 0, v0x555594deb470_0;  1 drivers
v0x555594deb470_0 .var "RDATA_I", 15 0;
v0x555594deb550_0 .net "RE", 0 0, L_0x555594e43e70;  1 drivers
L_0x7fc0f766d7f8 .functor BUFT 1, C4<0000000000000000>, C4<0>, C4<0>, C4<0>;
v0x555594deb610_0 .net "RMASK_I", 15 0, L_0x7fc0f766d7f8;  1 drivers
v0x555594deb6f0_0 .net "WADDR", 10 0, L_0x555594e46950;  1 drivers
v0x555594deb7d0_0 .net "WCLK", 0 0, L_0x555594e45540;  1 drivers
v0x555594deb890_0 .net "WCLKE", 0 0, L_0x555594e45650;  1 drivers
v0x555594deb950_0 .net "WDATA", 15 0, L_0x555594e4af10;  1 drivers
v0x555594deba30_0 .net "WDATA_I", 15 0, L_0x555594e42830;  1 drivers
v0x555594debb10_0 .net "WE", 0 0, L_0x555594e456f0;  1 drivers
v0x555594debbd0_0 .net "WMASK_I", 15 0, L_0x555594e427c0;  1 drivers
v0x555594debcb0_0 .var/i "i", 31 0;
v0x555594debd90 .array "memory", 255 0, 15 0;
E_0x555594b531d0 .event posedge, v0x555594deb1e0_0;
E_0x555594b3fd80 .event posedge, v0x555594deb7d0_0;
S_0x555594dea880 .scope generate, "genblk1" "genblk1" 10 1534, 10 1534 0, S_0x555594b3f870;
 .timescale -12 -12;
L_0x555594e427c0 .functor BUFZ 16, L_0x555594e48a10, C4<0000000000000000>, C4<0000000000000000>, C4<0000000000000000>;
S_0x555594deaa60 .scope generate, "genblk2" "genblk2" 10 1555, 10 1555 0, S_0x555594b3f870;
 .timescale -12 -12;
S_0x555594deac60 .scope generate, "genblk3" "genblk3" 10 1576, 10 1576 0, S_0x555594b3f870;
 .timescale -12 -12;
L_0x555594e42830 .functor BUFZ 16, L_0x555594e4af10, C4<0000000000000000>, C4<0000000000000000>, C4<0000000000000000>;
S_0x555594deae40 .scope generate, "genblk4" "genblk4" 10 1595, 10 1595 0, S_0x555594b3f870;
 .timescale -12 -12;
S_0x555594dec120 .scope function.vec4.s1, "pd" "pd" 10 3200, 10 3200 0, S_0x555594db07a0;
 .timescale -12 -12;
; Variable pd is vec4 return value of scope S_0x555594dec120
v0x555594dec390_0 .var "x", 0 0;
TD_ICESTORM_RAM.pd ;
    %load/vec4 v0x555594dec390_0;
    %cmpi/e 0, 1, 1;
    %flag_mov 8, 6;
    %jmp/0 T_1.5, 8;
    %pushi/vec4 0, 0, 1;
    %jmp/1 T_1.6, 8;
T_1.5 ; End of true expr.
    %load/vec4 v0x555594dec390_0;
    %jmp/0 T_1.6, 8;
 ; End of false expr.
    %blend;
T_1.6;
    %ret/vec4 0, 0, 1;  Assign to pd (store_vec4_to_lval)
    %end;
S_0x555594dec450 .scope function.vec4.s1, "pu" "pu" 10 3207, 10 3207 0, S_0x555594db07a0;
 .timescale -12 -12;
; Variable pu is vec4 return value of scope S_0x555594dec450
v0x555594dec6f0_0 .var "x", 0 0;
TD_ICESTORM_RAM.pu ;
    %load/vec4 v0x555594dec6f0_0;
    %cmpi/e 0, 1, 1;
    %flag_mov 8, 6;
    %jmp/0 T_2.7, 8;
    %pushi/vec4 1, 0, 1;
    %jmp/1 T_2.8, 8;
T_2.7 ; End of true expr.
    %load/vec4 v0x555594dec6f0_0;
    %jmp/0 T_2.8, 8;
 ; End of false expr.
    %blend;
T_2.8;
    %ret/vec4 0, 0, 1;  Assign to pu (store_vec4_to_lval)
    %end;
S_0x555594daffd0 .scope module, "Mux" "Mux" 11 8;
 .timescale -12 -12;
    .port_info 0 /INPUT 1 "a";
    .port_info 1 /INPUT 1 "b";
    .port_info 2 /INPUT 1 "sel";
    .port_info 3 /OUTPUT 1 "out";
o0x7fc0f76bb418 .functor BUFZ 1, c4<z>; HiZ drive
v0x555594df4870_0 .net "a", 0 0, o0x7fc0f76bb418;  0 drivers
o0x7fc0f76bb448 .functor BUFZ 1, c4<z>; HiZ drive
v0x555594df4950_0 .net "b", 0 0, o0x7fc0f76bb448;  0 drivers
v0x555594df4a10_0 .net "out", 0 0, L_0x555594e4b790;  1 drivers
o0x7fc0f76bb4a8 .functor BUFZ 1, c4<z>; HiZ drive
v0x555594df4ab0_0 .net "sel", 0 0, o0x7fc0f76bb4a8;  0 drivers
L_0x555594e4b790 .functor MUXZ 1, o0x7fc0f76bb418, o0x7fc0f76bb448, o0x7fc0f76bb4a8, C4<>;
S_0x555594daade0 .scope module, "Mux8Way16" "Mux8Way16" 12 8;
 .timescale -12 -12;
    .port_info 0 /INPUT 16 "a";
    .port_info 1 /INPUT 16 "b";
    .port_info 2 /INPUT 16 "c";
    .port_info 3 /INPUT 16 "d";
    .port_info 4 /INPUT 16 "e";
    .port_info 5 /INPUT 16 "f";
    .port_info 6 /INPUT 16 "g";
    .port_info 7 /INPUT 16 "h";
    .port_info 8 /INPUT 3 "sel";
    .port_info 9 /OUTPUT 16 "out";
o0x7fc0f76bb688 .functor BUFZ 16, c4<zzzzzzzzzzzzzzzz>; HiZ drive
v0x555594df6d10_0 .net "a", 15 0, o0x7fc0f76bb688;  0 drivers
o0x7fc0f76bb6b8 .functor BUFZ 16, c4<zzzzzzzzzzzzzzzz>; HiZ drive
v0x555594df6df0_0 .net "b", 15 0, o0x7fc0f76bb6b8;  0 drivers
o0x7fc0f76bb6e8 .functor BUFZ 16, c4<zzzzzzzzzzzzzzzz>; HiZ drive
v0x555594df6ec0_0 .net "c", 15 0, o0x7fc0f76bb6e8;  0 drivers
o0x7fc0f76bb718 .functor BUFZ 16, c4<zzzzzzzzzzzzzzzz>; HiZ drive
v0x555594df6fc0_0 .net "d", 15 0, o0x7fc0f76bb718;  0 drivers
o0x7fc0f76bb9b8 .functor BUFZ 16, c4<zzzzzzzzzzzzzzzz>; HiZ drive
v0x555594df7090_0 .net "e", 15 0, o0x7fc0f76bb9b8;  0 drivers
o0x7fc0f76bb9e8 .functor BUFZ 16, c4<zzzzzzzzzzzzzzzz>; HiZ drive
v0x555594df7180_0 .net "f", 15 0, o0x7fc0f76bb9e8;  0 drivers
o0x7fc0f76bba18 .functor BUFZ 16, c4<zzzzzzzzzzzzzzzz>; HiZ drive
v0x555594df7250_0 .net "g", 15 0, o0x7fc0f76bba18;  0 drivers
o0x7fc0f76bba48 .functor BUFZ 16, c4<zzzzzzzzzzzzzzzz>; HiZ drive
v0x555594df7320_0 .net "h", 15 0, o0x7fc0f76bba48;  0 drivers
v0x555594df73f0_0 .net "lower4", 15 0, L_0x555594e4c4f0;  1 drivers
v0x555594df7520_0 .net "out", 15 0, L_0x555594e4c760;  1 drivers
o0x7fc0f76bbd18 .functor BUFZ 3, c4<zzz>; HiZ drive
v0x555594df75c0_0 .net "sel", 2 0, o0x7fc0f76bbd18;  0 drivers
v0x555594df7680_0 .net "upper4", 15 0, L_0x555594e4bd80;  1 drivers
L_0x555594e4bf50 .part o0x7fc0f76bbd18, 1, 2;
L_0x555594e4c6c0 .part o0x7fc0f76bbd18, 1, 2;
L_0x555594e4c8e0 .part o0x7fc0f76bbd18, 0, 1;
S_0x555594df4bf0 .scope module, "m1" "Mux4Way16" 12 32, 13 12 0, S_0x555594daade0;
 .timescale -12 -12;
    .port_info 0 /INPUT 16 "a";
    .port_info 1 /INPUT 16 "b";
    .port_info 2 /INPUT 16 "c";
    .port_info 3 /INPUT 16 "d";
    .port_info 4 /INPUT 2 "sel";
    .port_info 5 /OUTPUT 16 "out";
v0x555594df4e70_0 .net *"_ivl_1", 0 0, L_0x555594e4b830;  1 drivers
v0x555594df4f70_0 .net *"_ivl_3", 0 0, L_0x555594e4b8d0;  1 drivers
v0x555594df5050_0 .net *"_ivl_4", 15 0, L_0x555594e4b9c0;  1 drivers
v0x555594df5110_0 .net *"_ivl_7", 0 0, L_0x555594e4bb50;  1 drivers
v0x555594df51f0_0 .net *"_ivl_8", 15 0, L_0x555594e4bbf0;  1 drivers
v0x555594df5320_0 .net "a", 15 0, o0x7fc0f76bb688;  alias, 0 drivers
v0x555594df5400_0 .net "b", 15 0, o0x7fc0f76bb6b8;  alias, 0 drivers
v0x555594df54e0_0 .net "c", 15 0, o0x7fc0f76bb6e8;  alias, 0 drivers
v0x555594df55c0_0 .net "d", 15 0, o0x7fc0f76bb718;  alias, 0 drivers
v0x555594df56a0_0 .net "out", 15 0, L_0x555594e4bd80;  alias, 1 drivers
v0x555594df5780_0 .net "sel", 1 0, L_0x555594e4bf50;  1 drivers
L_0x555594e4b830 .part L_0x555594e4bf50, 1, 1;
L_0x555594e4b8d0 .part L_0x555594e4bf50, 0, 1;
L_0x555594e4b9c0 .functor MUXZ 16, o0x7fc0f76bb688, o0x7fc0f76bb6b8, L_0x555594e4b8d0, C4<>;
L_0x555594e4bb50 .part L_0x555594e4bf50, 0, 1;
L_0x555594e4bbf0 .functor MUXZ 16, o0x7fc0f76bb6e8, o0x7fc0f76bb718, L_0x555594e4bb50, C4<>;
L_0x555594e4bd80 .functor MUXZ 16, L_0x555594e4bbf0, L_0x555594e4b9c0, L_0x555594e4b830, C4<>;
S_0x555594df5920 .scope module, "m2" "Mux4Way16" 12 33, 13 12 0, S_0x555594daade0;
 .timescale -12 -12;
    .port_info 0 /INPUT 16 "a";
    .port_info 1 /INPUT 16 "b";
    .port_info 2 /INPUT 16 "c";
    .port_info 3 /INPUT 16 "d";
    .port_info 4 /INPUT 2 "sel";
    .port_info 5 /OUTPUT 16 "out";
v0x555594df5ba0_0 .net *"_ivl_1", 0 0, L_0x555594e4bff0;  1 drivers
v0x555594df5c80_0 .net *"_ivl_3", 0 0, L_0x555594e4c090;  1 drivers
v0x555594df5d60_0 .net *"_ivl_4", 15 0, L_0x555594e4c130;  1 drivers
v0x555594df5e20_0 .net *"_ivl_7", 0 0, L_0x555594e4c2c0;  1 drivers
v0x555594df5f00_0 .net *"_ivl_8", 15 0, L_0x555594e4c360;  1 drivers
v0x555594df6030_0 .net "a", 15 0, o0x7fc0f76bb9b8;  alias, 0 drivers
v0x555594df6110_0 .net "b", 15 0, o0x7fc0f76bb9e8;  alias, 0 drivers
v0x555594df61f0_0 .net "c", 15 0, o0x7fc0f76bba18;  alias, 0 drivers
v0x555594df62d0_0 .net "d", 15 0, o0x7fc0f76bba48;  alias, 0 drivers
v0x555594df6440_0 .net "out", 15 0, L_0x555594e4c4f0;  alias, 1 drivers
v0x555594df6520_0 .net "sel", 1 0, L_0x555594e4c6c0;  1 drivers
L_0x555594e4bff0 .part L_0x555594e4c6c0, 1, 1;
L_0x555594e4c090 .part L_0x555594e4c6c0, 0, 1;
L_0x555594e4c130 .functor MUXZ 16, o0x7fc0f76bb9b8, o0x7fc0f76bb9e8, L_0x555594e4c090, C4<>;
L_0x555594e4c2c0 .part L_0x555594e4c6c0, 0, 1;
L_0x555594e4c360 .functor MUXZ 16, o0x7fc0f76bba18, o0x7fc0f76bba48, L_0x555594e4c2c0, C4<>;
L_0x555594e4c4f0 .functor MUXZ 16, L_0x555594e4c360, L_0x555594e4c130, L_0x555594e4bff0, C4<>;
S_0x555594df66c0 .scope module, "m3" "Mux16" 12 35, 14 8 0, S_0x555594daade0;
 .timescale -12 -12;
    .port_info 0 /INPUT 16 "a";
    .port_info 1 /INPUT 16 "b";
    .port_info 2 /INPUT 1 "sel";
    .port_info 3 /OUTPUT 16 "out";
v0x555594df6910_0 .net "a", 15 0, L_0x555594e4bd80;  alias, 1 drivers
v0x555594df6a00_0 .net "b", 15 0, L_0x555594e4c4f0;  alias, 1 drivers
v0x555594df6ad0_0 .net "out", 15 0, L_0x555594e4c760;  alias, 1 drivers
v0x555594df6ba0_0 .net "sel", 0 0, L_0x555594e4c8e0;  1 drivers
L_0x555594e4c760 .functor MUXZ 16, L_0x555594e4bd80, L_0x555594e4c4f0, L_0x555594e4c8e0, C4<>;
S_0x555594da5790 .scope module, "Nand" "Nand" 15 8;
 .timescale -12 -12;
    .port_info 0 /INPUT 1 "a";
    .port_info 1 /INPUT 1 "b";
    .port_info 2 /OUTPUT 1 "out";
o0x7fc0f76bbf28 .functor BUFZ 1, c4<z>; HiZ drive
o0x7fc0f76bbf58 .functor BUFZ 1, c4<z>; HiZ drive
L_0x555594e4c980 .functor NAND 1, o0x7fc0f76bbf28, o0x7fc0f76bbf58, C4<1>, C4<1>;
v0x555594df78d0_0 .net "a", 0 0, o0x7fc0f76bbf28;  0 drivers
v0x555594df79b0_0 .net "b", 0 0, o0x7fc0f76bbf58;  0 drivers
v0x555594df7a70_0 .net "out", 0 0, L_0x555594e4c980;  1 drivers
S_0x555594d8d790 .scope module, "Not" "Not" 16 7;
 .timescale -12 -12;
    .port_info 0 /INPUT 1 "in";
    .port_info 1 /OUTPUT 1 "out";
o0x7fc0f76bc048 .functor BUFZ 1, c4<z>; HiZ drive
L_0x555594e4c9f0 .functor NOT 1, o0x7fc0f76bc048, C4<0>, C4<0>, C4<0>;
v0x555594df7b90_0 .net "in", 0 0, o0x7fc0f76bc048;  0 drivers
v0x555594df7c50_0 .net "out", 0 0, L_0x555594e4c9f0;  1 drivers
S_0x555594d8d3a0 .scope module, "Not16" "Not16" 17 7;
 .timescale -12 -12;
    .port_info 0 /INPUT 16 "in";
    .port_info 1 /OUTPUT 16 "out";
o0x7fc0f76bc108 .functor BUFZ 16, c4<zzzzzzzzzzzzzzzz>; HiZ drive
L_0x555594e4ca60 .functor NOT 16, o0x7fc0f76bc108, C4<0000000000000000>, C4<0000000000000000>, C4<0000000000000000>;
v0x555594df7d70_0 .net "in", 15 0, o0x7fc0f76bc108;  0 drivers
v0x555594df7e50_0 .net "out", 15 0, L_0x555594e4ca60;  1 drivers
S_0x555594d8a4a0 .scope module, "Or" "Or" 18 8;
 .timescale -12 -12;
    .port_info 0 /INPUT 1 "a";
    .port_info 1 /INPUT 1 "b";
    .port_info 2 /OUTPUT 1 "out";
o0x7fc0f76bc1c8 .functor BUFZ 1, c4<z>; HiZ drive
o0x7fc0f76bc1f8 .functor BUFZ 1, c4<z>; HiZ drive
L_0x555594e4cad0 .functor OR 1, o0x7fc0f76bc1c8, o0x7fc0f76bc1f8, C4<0>, C4<0>;
v0x555594df7f90_0 .net "a", 0 0, o0x7fc0f76bc1c8;  0 drivers
v0x555594df8050_0 .net "b", 0 0, o0x7fc0f76bc1f8;  0 drivers
v0x555594df8110_0 .net "out", 0 0, L_0x555594e4cad0;  1 drivers
S_0x555594d8a0b0 .scope module, "Or16" "Or16" 19 7;
 .timescale -12 -12;
    .port_info 0 /INPUT 16 "a";
    .port_info 1 /INPUT 16 "b";
    .port_info 2 /OUTPUT 16 "out";
L_0x555594e4cc80 .functor OR 1, L_0x555594e4cb40, L_0x555594e4cbe0, C4<0>, C4<0>;
L_0x555594e4cf20 .functor OR 1, L_0x555594e4cd40, L_0x555594e4ce30, C4<0>, C4<0>;
L_0x555594e4d1b0 .functor OR 1, L_0x555594e4d030, L_0x555594e4d0d0, C4<0>, C4<0>;
L_0x555594e4d570 .functor OR 1, L_0x555594e4d2c0, L_0x555594e4d3f0, C4<0>, C4<0>;
L_0x555594e4d780 .functor OR 1, L_0x555594e4d5e0, L_0x555594e4d680, C4<0>, C4<0>;
L_0x555594e4d9f0 .functor OR 1, L_0x555594e4d840, L_0x555594e4d8e0, C4<0>, C4<0>;
L_0x555594e4d980 .functor OR 1, L_0x555594e4db40, L_0x555594e4dbe0, C4<0>, C4<0>;
L_0x555594e4def0 .functor OR 1, L_0x555594e4dd20, L_0x555594e4ddc0, C4<0>, C4<0>;
L_0x555594e4e230 .functor OR 1, L_0x555594e4e050, L_0x555594e4e0f0, C4<0>, C4<0>;
L_0x555594e4e530 .functor OR 1, L_0x555594e4e340, L_0x555594e4e3e0, C4<0>, C4<0>;
L_0x555594e4e7a0 .functor OR 1, L_0x555594e4e190, L_0x555594e4e640, C4<0>, C4<0>;
L_0x555594e4eaa0 .functor OR 1, L_0x555594e4e890, L_0x555594e4e930, C4<0>, C4<0>;
L_0x555594e4ee70 .functor OR 1, L_0x555594e4ec50, L_0x555594e4ecf0, C4<0>, C4<0>;
L_0x555594e4f1e0 .functor OR 1, L_0x555594e4efb0, L_0x555594e4f050, C4<0>, C4<0>;
L_0x555594e4ebe0 .functor OR 1, L_0x555594e4f320, L_0x555594e4f3c0, C4<0>, C4<0>;
L_0x555594e4ffe0 .functor OR 1, L_0x555594e4fb80, L_0x555594e4fd30, C4<0>, C4<0>;
v0x555594df8260_0 .net *"_ivl_101", 0 0, L_0x555594e4ecf0;  1 drivers
v0x555594df8340_0 .net *"_ivl_102", 0 0, L_0x555594e4ee70;  1 drivers
v0x555594df8420_0 .net *"_ivl_107", 0 0, L_0x555594e4efb0;  1 drivers
v0x555594df8510_0 .net *"_ivl_109", 0 0, L_0x555594e4f050;  1 drivers
v0x555594df85f0_0 .net *"_ivl_11", 0 0, L_0x555594e4cd40;  1 drivers
v0x555594df8720_0 .net *"_ivl_110", 0 0, L_0x555594e4f1e0;  1 drivers
v0x555594df8800_0 .net *"_ivl_115", 0 0, L_0x555594e4f320;  1 drivers
v0x555594df88e0_0 .net *"_ivl_117", 0 0, L_0x555594e4f3c0;  1 drivers
v0x555594df89c0_0 .net *"_ivl_118", 0 0, L_0x555594e4ebe0;  1 drivers
v0x555594df8b30_0 .net *"_ivl_124", 0 0, L_0x555594e4fb80;  1 drivers
v0x555594df8c10_0 .net *"_ivl_126", 0 0, L_0x555594e4fd30;  1 drivers
v0x555594df8cf0_0 .net *"_ivl_127", 0 0, L_0x555594e4ffe0;  1 drivers
v0x555594df8dd0_0 .net *"_ivl_13", 0 0, L_0x555594e4ce30;  1 drivers
v0x555594df8eb0_0 .net *"_ivl_14", 0 0, L_0x555594e4cf20;  1 drivers
v0x555594df8f90_0 .net *"_ivl_19", 0 0, L_0x555594e4d030;  1 drivers
v0x555594df9070_0 .net *"_ivl_21", 0 0, L_0x555594e4d0d0;  1 drivers
v0x555594df9150_0 .net *"_ivl_22", 0 0, L_0x555594e4d1b0;  1 drivers
v0x555594df9230_0 .net *"_ivl_27", 0 0, L_0x555594e4d2c0;  1 drivers
v0x555594df9310_0 .net *"_ivl_29", 0 0, L_0x555594e4d3f0;  1 drivers
v0x555594df93f0_0 .net *"_ivl_3", 0 0, L_0x555594e4cb40;  1 drivers
v0x555594df94d0_0 .net *"_ivl_30", 0 0, L_0x555594e4d570;  1 drivers
v0x555594df95b0_0 .net *"_ivl_35", 0 0, L_0x555594e4d5e0;  1 drivers
v0x555594df9690_0 .net *"_ivl_37", 0 0, L_0x555594e4d680;  1 drivers
v0x555594df9770_0 .net *"_ivl_38", 0 0, L_0x555594e4d780;  1 drivers
v0x555594df9850_0 .net *"_ivl_43", 0 0, L_0x555594e4d840;  1 drivers
v0x555594df9930_0 .net *"_ivl_45", 0 0, L_0x555594e4d8e0;  1 drivers
v0x555594df9a10_0 .net *"_ivl_46", 0 0, L_0x555594e4d9f0;  1 drivers
v0x555594df9af0_0 .net *"_ivl_5", 0 0, L_0x555594e4cbe0;  1 drivers
v0x555594df9bd0_0 .net *"_ivl_51", 0 0, L_0x555594e4db40;  1 drivers
v0x555594df9cb0_0 .net *"_ivl_53", 0 0, L_0x555594e4dbe0;  1 drivers
v0x555594df9d90_0 .net *"_ivl_54", 0 0, L_0x555594e4d980;  1 drivers
v0x555594df9e70_0 .net *"_ivl_59", 0 0, L_0x555594e4dd20;  1 drivers
v0x555594df9f50_0 .net *"_ivl_6", 0 0, L_0x555594e4cc80;  1 drivers
v0x555594dfa030_0 .net *"_ivl_61", 0 0, L_0x555594e4ddc0;  1 drivers
v0x555594dfa110_0 .net *"_ivl_62", 0 0, L_0x555594e4def0;  1 drivers
v0x555594dfa1f0_0 .net *"_ivl_67", 0 0, L_0x555594e4e050;  1 drivers
v0x555594dfa2d0_0 .net *"_ivl_69", 0 0, L_0x555594e4e0f0;  1 drivers
v0x555594dfa3b0_0 .net *"_ivl_70", 0 0, L_0x555594e4e230;  1 drivers
v0x555594dfa490_0 .net *"_ivl_75", 0 0, L_0x555594e4e340;  1 drivers
v0x555594dfa570_0 .net *"_ivl_77", 0 0, L_0x555594e4e3e0;  1 drivers
v0x555594dfa650_0 .net *"_ivl_78", 0 0, L_0x555594e4e530;  1 drivers
v0x555594dfa730_0 .net *"_ivl_83", 0 0, L_0x555594e4e190;  1 drivers
v0x555594dfa810_0 .net *"_ivl_85", 0 0, L_0x555594e4e640;  1 drivers
v0x555594dfa8f0_0 .net *"_ivl_86", 0 0, L_0x555594e4e7a0;  1 drivers
v0x555594dfa9d0_0 .net *"_ivl_91", 0 0, L_0x555594e4e890;  1 drivers
v0x555594dfaab0_0 .net *"_ivl_93", 0 0, L_0x555594e4e930;  1 drivers
v0x555594dfab90_0 .net *"_ivl_94", 0 0, L_0x555594e4eaa0;  1 drivers
v0x555594dfac70_0 .net *"_ivl_99", 0 0, L_0x555594e4ec50;  1 drivers
o0x7fc0f76bcbe8 .functor BUFZ 16, c4<zzzzzzzzzzzzzzzz>; HiZ drive
v0x555594dfad50_0 .net "a", 15 0, o0x7fc0f76bcbe8;  0 drivers
o0x7fc0f76bcc18 .functor BUFZ 16, c4<zzzzzzzzzzzzzzzz>; HiZ drive
v0x555594dfae30_0 .net "b", 15 0, o0x7fc0f76bcc18;  0 drivers
v0x555594dfaf10_0 .net "out", 15 0, L_0x555594e4f630;  1 drivers
L_0x555594e4cb40 .part o0x7fc0f76bcbe8, 0, 1;
L_0x555594e4cbe0 .part o0x7fc0f76bcc18, 0, 1;
L_0x555594e4cd40 .part o0x7fc0f76bcbe8, 1, 1;
L_0x555594e4ce30 .part o0x7fc0f76bcc18, 1, 1;
L_0x555594e4d030 .part o0x7fc0f76bcbe8, 2, 1;
L_0x555594e4d0d0 .part o0x7fc0f76bcc18, 2, 1;
L_0x555594e4d2c0 .part o0x7fc0f76bcbe8, 3, 1;
L_0x555594e4d3f0 .part o0x7fc0f76bcc18, 3, 1;
L_0x555594e4d5e0 .part o0x7fc0f76bcbe8, 4, 1;
L_0x555594e4d680 .part o0x7fc0f76bcc18, 4, 1;
L_0x555594e4d840 .part o0x7fc0f76bcbe8, 5, 1;
L_0x555594e4d8e0 .part o0x7fc0f76bcc18, 5, 1;
L_0x555594e4db40 .part o0x7fc0f76bcbe8, 6, 1;
L_0x555594e4dbe0 .part o0x7fc0f76bcc18, 6, 1;
L_0x555594e4dd20 .part o0x7fc0f76bcbe8, 7, 1;
L_0x555594e4ddc0 .part o0x7fc0f76bcc18, 7, 1;
L_0x555594e4e050 .part o0x7fc0f76bcbe8, 8, 1;
L_0x555594e4e0f0 .part o0x7fc0f76bcc18, 8, 1;
L_0x555594e4e340 .part o0x7fc0f76bcbe8, 9, 1;
L_0x555594e4e3e0 .part o0x7fc0f76bcc18, 9, 1;
L_0x555594e4e190 .part o0x7fc0f76bcbe8, 10, 1;
L_0x555594e4e640 .part o0x7fc0f76bcc18, 10, 1;
L_0x555594e4e890 .part o0x7fc0f76bcbe8, 11, 1;
L_0x555594e4e930 .part o0x7fc0f76bcc18, 11, 1;
L_0x555594e4ec50 .part o0x7fc0f76bcbe8, 12, 1;
L_0x555594e4ecf0 .part o0x7fc0f76bcc18, 12, 1;
L_0x555594e4efb0 .part o0x7fc0f76bcbe8, 13, 1;
L_0x555594e4f050 .part o0x7fc0f76bcc18, 13, 1;
L_0x555594e4f320 .part o0x7fc0f76bcbe8, 14, 1;
L_0x555594e4f3c0 .part o0x7fc0f76bcc18, 14, 1;
LS_0x555594e4f630_0_0 .concat8 [ 1 1 1 1], L_0x555594e4cc80, L_0x555594e4cf20, L_0x555594e4d1b0, L_0x555594e4d570;
LS_0x555594e4f630_0_4 .concat8 [ 1 1 1 1], L_0x555594e4d780, L_0x555594e4d9f0, L_0x555594e4d980, L_0x555594e4def0;
LS_0x555594e4f630_0_8 .concat8 [ 1 1 1 1], L_0x555594e4e230, L_0x555594e4e530, L_0x555594e4e7a0, L_0x555594e4eaa0;
LS_0x555594e4f630_0_12 .concat8 [ 1 1 1 1], L_0x555594e4ee70, L_0x555594e4f1e0, L_0x555594e4ebe0, L_0x555594e4ffe0;
L_0x555594e4f630 .concat8 [ 4 4 4 4], LS_0x555594e4f630_0_0, LS_0x555594e4f630_0_4, LS_0x555594e4f630_0_8, LS_0x555594e4f630_0_12;
L_0x555594e4fb80 .part o0x7fc0f76bcbe8, 15, 1;
L_0x555594e4fd30 .part o0x7fc0f76bcc18, 15, 1;
S_0x555594d84310 .scope module, "Or8Way" "Or8Way" 20 7;
 .timescale -12 -12;
    .port_info 0 /INPUT 8 "in";
    .port_info 1 /OUTPUT 1 "out";
o0x7fc0f76bcd08 .functor BUFZ 8, c4<zzzzzzzz>; HiZ drive
v0x555594dfb070_0 .net "in", 7 0, o0x7fc0f76bcd08;  0 drivers
v0x555594dfb150_0 .net "out", 0 0, L_0x555594e501d0;  1 drivers
L_0x555594e501d0 .reduce/or o0x7fc0f76bcd08;
S_0x555594d87040 .scope module, "SB_CARRY" "SB_CARRY" 10 228;
 .timescale -12 -12;
    .port_info 0 /OUTPUT 1 "CO";
    .port_info 1 /INPUT 1 "I0";
    .port_info 2 /INPUT 1 "I1";
    .port_info 3 /INPUT 1 "CI";
o0x7fc0f76bce28 .functor BUFZ 1, c4<z>; HiZ drive
o0x7fc0f76bce58 .functor BUFZ 1, c4<z>; HiZ drive
L_0x555594e50270 .functor AND 1, o0x7fc0f76bce28, o0x7fc0f76bce58, C4<1>, C4<1>;
L_0x555594e502e0 .functor OR 1, o0x7fc0f76bce28, o0x7fc0f76bce58, C4<0>, C4<0>;
o0x7fc0f76bcdc8 .functor BUFZ 1, c4<z>; HiZ drive
L_0x555594e503f0 .functor AND 1, L_0x555594e502e0, o0x7fc0f76bcdc8, C4<1>, C4<1>;
L_0x555594e504b0 .functor OR 1, L_0x555594e50270, L_0x555594e503f0, C4<0>, C4<0>;
v0x555594dfb270_0 .net "CI", 0 0, o0x7fc0f76bcdc8;  0 drivers
v0x555594dfb330_0 .net "CO", 0 0, L_0x555594e504b0;  1 drivers
v0x555594dfb3f0_0 .net "I0", 0 0, o0x7fc0f76bce28;  0 drivers
v0x555594dfb490_0 .net "I1", 0 0, o0x7fc0f76bce58;  0 drivers
v0x555594dfb550_0 .net *"_ivl_1", 0 0, L_0x555594e50270;  1 drivers
v0x555594dfb610_0 .net *"_ivl_3", 0 0, L_0x555594e502e0;  1 drivers
v0x555594dfb6d0_0 .net *"_ivl_5", 0 0, L_0x555594e503f0;  1 drivers
S_0x555594d86c50 .scope module, "SB_DFF" "SB_DFF" 10 265;
 .timescale -12 -12;
    .port_info 0 /OUTPUT 1 "Q";
    .port_info 1 /INPUT 1 "C";
    .port_info 2 /INPUT 1 "D";
o0x7fc0f76bcfd8 .functor BUFZ 1, c4<z>; HiZ drive
v0x555594dfb850_0 .net "C", 0 0, o0x7fc0f76bcfd8;  0 drivers
o0x7fc0f76bd008 .functor BUFZ 1, c4<z>; HiZ drive
v0x555594dfb930_0 .net "D", 0 0, o0x7fc0f76bd008;  0 drivers
v0x555594dfb9f0_0 .var "Q", 0 0;
E_0x555594b502a0 .event posedge, v0x555594dfb850_0;
S_0x555594d83f50 .scope module, "SB_DFFE" "SB_DFFE" 10 303;
 .timescale -12 -12;
    .port_info 0 /OUTPUT 1 "Q";
    .port_info 1 /INPUT 1 "C";
    .port_info 2 /INPUT 1 "E";
    .port_info 3 /INPUT 1 "D";
o0x7fc0f76bd0f8 .functor BUFZ 1, c4<z>; HiZ drive
v0x555594dfbb70_0 .net "C", 0 0, o0x7fc0f76bd0f8;  0 drivers
o0x7fc0f76bd128 .functor BUFZ 1, c4<z>; HiZ drive
v0x555594dfbc50_0 .net "D", 0 0, o0x7fc0f76bd128;  0 drivers
o0x7fc0f76bd158 .functor BUFZ 1, c4<z>; HiZ drive
v0x555594dfbd10_0 .net "E", 0 0, o0x7fc0f76bd158;  0 drivers
v0x555594dfbde0_0 .var "Q", 0 0;
E_0x555594dfbb10 .event posedge, v0x555594dfbb70_0;
S_0x555594d5b500 .scope module, "SB_DFFER" "SB_DFFER" 10 653;
 .timescale -12 -12;
    .port_info 0 /OUTPUT 1 "Q";
    .port_info 1 /INPUT 1 "C";
    .port_info 2 /INPUT 1 "E";
    .port_info 3 /INPUT 1 "R";
    .port_info 4 /INPUT 1 "D";
o0x7fc0f76bd278 .functor BUFZ 1, c4<z>; HiZ drive
v0x555594dfbfd0_0 .net "C", 0 0, o0x7fc0f76bd278;  0 drivers
o0x7fc0f76bd2a8 .functor BUFZ 1, c4<z>; HiZ drive
v0x555594dfc0b0_0 .net "D", 0 0, o0x7fc0f76bd2a8;  0 drivers
o0x7fc0f76bd2d8 .functor BUFZ 1, c4<z>; HiZ drive
v0x555594dfc170_0 .net "E", 0 0, o0x7fc0f76bd2d8;  0 drivers
v0x555594dfc210_0 .var "Q", 0 0;
o0x7fc0f76bd338 .functor BUFZ 1, c4<z>; HiZ drive
v0x555594dfc2d0_0 .net "R", 0 0, o0x7fc0f76bd338;  0 drivers
E_0x555594dfbf50 .event posedge, v0x555594dfc2d0_0, v0x555594dfbfd0_0;
S_0x555594d5b1c0 .scope module, "SB_DFFES" "SB_DFFES" 10 794;
 .timescale -12 -12;
    .port_info 0 /OUTPUT 1 "Q";
    .port_info 1 /INPUT 1 "C";
    .port_info 2 /INPUT 1 "E";
    .port_info 3 /INPUT 1 "S";
    .port_info 4 /INPUT 1 "D";
o0x7fc0f76bd458 .functor BUFZ 1, c4<z>; HiZ drive
v0x555594dfc500_0 .net "C", 0 0, o0x7fc0f76bd458;  0 drivers
o0x7fc0f76bd488 .functor BUFZ 1, c4<z>; HiZ drive
v0x555594dfc5e0_0 .net "D", 0 0, o0x7fc0f76bd488;  0 drivers
o0x7fc0f76bd4b8 .functor BUFZ 1, c4<z>; HiZ drive
v0x555594dfc6a0_0 .net "E", 0 0, o0x7fc0f76bd4b8;  0 drivers
v0x555594dfc740_0 .var "Q", 0 0;
o0x7fc0f76bd518 .functor BUFZ 1, c4<z>; HiZ drive
v0x555594dfc800_0 .net "S", 0 0, o0x7fc0f76bd518;  0 drivers
E_0x555594dfc480 .event posedge, v0x555594dfc800_0, v0x555594dfc500_0;
S_0x555594d570b0 .scope module, "SB_DFFESR" "SB_DFFESR" 10 592;
 .timescale -12 -12;
    .port_info 0 /OUTPUT 1 "Q";
    .port_info 1 /INPUT 1 "C";
    .port_info 2 /INPUT 1 "E";
    .port_info 3 /INPUT 1 "R";
    .port_info 4 /INPUT 1 "D";
o0x7fc0f76bd638 .functor BUFZ 1, c4<z>; HiZ drive
v0x555594dfca30_0 .net "C", 0 0, o0x7fc0f76bd638;  0 drivers
o0x7fc0f76bd668 .functor BUFZ 1, c4<z>; HiZ drive
v0x555594dfcb10_0 .net "D", 0 0, o0x7fc0f76bd668;  0 drivers
o0x7fc0f76bd698 .functor BUFZ 1, c4<z>; HiZ drive
v0x555594dfcbd0_0 .net "E", 0 0, o0x7fc0f76bd698;  0 drivers
v0x555594dfcc70_0 .var "Q", 0 0;
o0x7fc0f76bd6f8 .functor BUFZ 1, c4<z>; HiZ drive
v0x555594dfcd30_0 .net "R", 0 0, o0x7fc0f76bd6f8;  0 drivers
E_0x555594dfc9b0 .event posedge, v0x555594dfca30_0;
S_0x555594d56cf0 .scope module, "SB_DFFESS" "SB_DFFESS" 10 733;
 .timescale -12 -12;
    .port_info 0 /OUTPUT 1 "Q";
    .port_info 1 /INPUT 1 "C";
    .port_info 2 /INPUT 1 "E";
    .port_info 3 /INPUT 1 "S";
    .port_info 4 /INPUT 1 "D";
o0x7fc0f76bd818 .functor BUFZ 1, c4<z>; HiZ drive
v0x555594dfcf60_0 .net "C", 0 0, o0x7fc0f76bd818;  0 drivers
o0x7fc0f76bd848 .functor BUFZ 1, c4<z>; HiZ drive
v0x555594dfd040_0 .net "D", 0 0, o0x7fc0f76bd848;  0 drivers
o0x7fc0f76bd878 .functor BUFZ 1, c4<z>; HiZ drive
v0x555594dfd100_0 .net "E", 0 0, o0x7fc0f76bd878;  0 drivers
v0x555594dfd1a0_0 .var "Q", 0 0;
o0x7fc0f76bd8d8 .functor BUFZ 1, c4<z>; HiZ drive
v0x555594dfd260_0 .net "S", 0 0, o0x7fc0f76bd8d8;  0 drivers
E_0x555594dfcee0 .event posedge, v0x555594dfcf60_0;
S_0x555594d44130 .scope module, "SB_DFFN" "SB_DFFN" 10 876;
 .timescale -12 -12;
    .port_info 0 /OUTPUT 1 "Q";
    .port_info 1 /INPUT 1 "C";
    .port_info 2 /INPUT 1 "D";
o0x7fc0f76bd9f8 .functor BUFZ 1, c4<z>; HiZ drive
v0x555594dfd490_0 .net "C", 0 0, o0x7fc0f76bd9f8;  0 drivers
o0x7fc0f76bda28 .functor BUFZ 1, c4<z>; HiZ drive
v0x555594dfd570_0 .net "D", 0 0, o0x7fc0f76bda28;  0 drivers
v0x555594dfd630_0 .var "Q", 0 0;
E_0x555594dfd410 .event negedge, v0x555594dfd490_0;
S_0x555594d43d40 .scope module, "SB_DFFNE" "SB_DFFNE" 10 914;
 .timescale -12 -12;
    .port_info 0 /OUTPUT 1 "Q";
    .port_info 1 /INPUT 1 "C";
    .port_info 2 /INPUT 1 "E";
    .port_info 3 /INPUT 1 "D";
o0x7fc0f76bdb18 .functor BUFZ 1, c4<z>; HiZ drive
v0x555594dfd7b0_0 .net "C", 0 0, o0x7fc0f76bdb18;  0 drivers
o0x7fc0f76bdb48 .functor BUFZ 1, c4<z>; HiZ drive
v0x555594dfd890_0 .net "D", 0 0, o0x7fc0f76bdb48;  0 drivers
o0x7fc0f76bdb78 .functor BUFZ 1, c4<z>; HiZ drive
v0x555594dfd950_0 .net "E", 0 0, o0x7fc0f76bdb78;  0 drivers
v0x555594dfda20_0 .var "Q", 0 0;
E_0x555594dfd750 .event negedge, v0x555594dfd7b0_0;
S_0x555594d43570 .scope module, "SB_DFFNER" "SB_DFFNER" 10 1264;
 .timescale -12 -12;
    .port_info 0 /OUTPUT 1 "Q";
    .port_info 1 /INPUT 1 "C";
    .port_info 2 /INPUT 1 "E";
    .port_info 3 /INPUT 1 "R";
    .port_info 4 /INPUT 1 "D";
o0x7fc0f76bdc98 .functor BUFZ 1, c4<z>; HiZ drive
v0x555594dfdc10_0 .net "C", 0 0, o0x7fc0f76bdc98;  0 drivers
o0x7fc0f76bdcc8 .functor BUFZ 1, c4<z>; HiZ drive
v0x555594dfdcf0_0 .net "D", 0 0, o0x7fc0f76bdcc8;  0 drivers
o0x7fc0f76bdcf8 .functor BUFZ 1, c4<z>; HiZ drive
v0x555594dfddb0_0 .net "E", 0 0, o0x7fc0f76bdcf8;  0 drivers
v0x555594dfde50_0 .var "Q", 0 0;
o0x7fc0f76bdd58 .functor BUFZ 1, c4<z>; HiZ drive
v0x555594dfdf10_0 .net "R", 0 0, o0x7fc0f76bdd58;  0 drivers
E_0x555594dfdb90/0 .event negedge, v0x555594dfdc10_0;
E_0x555594dfdb90/1 .event posedge, v0x555594dfdf10_0;
E_0x555594dfdb90 .event/or E_0x555594dfdb90/0, E_0x555594dfdb90/1;
S_0x555594d41220 .scope module, "SB_DFFNES" "SB_DFFNES" 10 1405;
 .timescale -12 -12;
    .port_info 0 /OUTPUT 1 "Q";
    .port_info 1 /INPUT 1 "C";
    .port_info 2 /INPUT 1 "E";
    .port_info 3 /INPUT 1 "S";
    .port_info 4 /INPUT 1 "D";
o0x7fc0f76bde78 .functor BUFZ 1, c4<z>; HiZ drive
v0x555594dfe140_0 .net "C", 0 0, o0x7fc0f76bde78;  0 drivers
o0x7fc0f76bdea8 .functor BUFZ 1, c4<z>; HiZ drive
v0x555594dfe220_0 .net "D", 0 0, o0x7fc0f76bdea8;  0 drivers
o0x7fc0f76bded8 .functor BUFZ 1, c4<z>; HiZ drive
v0x555594dfe2e0_0 .net "E", 0 0, o0x7fc0f76bded8;  0 drivers
v0x555594dfe380_0 .var "Q", 0 0;
o0x7fc0f76bdf38 .functor BUFZ 1, c4<z>; HiZ drive
v0x555594dfe440_0 .net "S", 0 0, o0x7fc0f76bdf38;  0 drivers
E_0x555594dfe0c0/0 .event negedge, v0x555594dfe140_0;
E_0x555594dfe0c0/1 .event posedge, v0x555594dfe440_0;
E_0x555594dfe0c0 .event/or E_0x555594dfe0c0/0, E_0x555594dfe0c0/1;
S_0x555594de5770 .scope module, "SB_DFFNESR" "SB_DFFNESR" 10 1203;
 .timescale -12 -12;
    .port_info 0 /OUTPUT 1 "Q";
    .port_info 1 /INPUT 1 "C";
    .port_info 2 /INPUT 1 "E";
    .port_info 3 /INPUT 1 "R";
    .port_info 4 /INPUT 1 "D";
o0x7fc0f76be058 .functor BUFZ 1, c4<z>; HiZ drive
v0x555594dfe670_0 .net "C", 0 0, o0x7fc0f76be058;  0 drivers
o0x7fc0f76be088 .functor BUFZ 1, c4<z>; HiZ drive
v0x555594dfe750_0 .net "D", 0 0, o0x7fc0f76be088;  0 drivers
o0x7fc0f76be0b8 .functor BUFZ 1, c4<z>; HiZ drive
v0x555594dfe810_0 .net "E", 0 0, o0x7fc0f76be0b8;  0 drivers
v0x555594dfe8b0_0 .var "Q", 0 0;
o0x7fc0f76be118 .functor BUFZ 1, c4<z>; HiZ drive
v0x555594dfe970_0 .net "R", 0 0, o0x7fc0f76be118;  0 drivers
E_0x555594dfe5f0 .event negedge, v0x555594dfe670_0;
S_0x555594dd3500 .scope module, "SB_DFFNESS" "SB_DFFNESS" 10 1344;
 .timescale -12 -12;
    .port_info 0 /OUTPUT 1 "Q";
    .port_info 1 /INPUT 1 "C";
    .port_info 2 /INPUT 1 "E";
    .port_info 3 /INPUT 1 "S";
    .port_info 4 /INPUT 1 "D";
o0x7fc0f76be238 .functor BUFZ 1, c4<z>; HiZ drive
v0x555594dfeba0_0 .net "C", 0 0, o0x7fc0f76be238;  0 drivers
o0x7fc0f76be268 .functor BUFZ 1, c4<z>; HiZ drive
v0x555594dfec80_0 .net "D", 0 0, o0x7fc0f76be268;  0 drivers
o0x7fc0f76be298 .functor BUFZ 1, c4<z>; HiZ drive
v0x555594dfed40_0 .net "E", 0 0, o0x7fc0f76be298;  0 drivers
v0x555594dfede0_0 .var "Q", 0 0;
o0x7fc0f76be2f8 .functor BUFZ 1, c4<z>; HiZ drive
v0x555594dfeea0_0 .net "S", 0 0, o0x7fc0f76be2f8;  0 drivers
E_0x555594dfeb20 .event negedge, v0x555594dfeba0_0;
S_0x555594dd3120 .scope module, "SB_DFFNR" "SB_DFFNR" 10 1011;
 .timescale -12 -12;
    .port_info 0 /OUTPUT 1 "Q";
    .port_info 1 /INPUT 1 "C";
    .port_info 2 /INPUT 1 "R";
    .port_info 3 /INPUT 1 "D";
o0x7fc0f76be418 .functor BUFZ 1, c4<z>; HiZ drive
v0x555594dff0d0_0 .net "C", 0 0, o0x7fc0f76be418;  0 drivers
o0x7fc0f76be448 .functor BUFZ 1, c4<z>; HiZ drive
v0x555594dff1b0_0 .net "D", 0 0, o0x7fc0f76be448;  0 drivers
v0x555594dff270_0 .var "Q", 0 0;
o0x7fc0f76be4a8 .functor BUFZ 1, c4<z>; HiZ drive
v0x555594dff310_0 .net "R", 0 0, o0x7fc0f76be4a8;  0 drivers
E_0x555594dff050/0 .event negedge, v0x555594dff0d0_0;
E_0x555594dff050/1 .event posedge, v0x555594dff310_0;
E_0x555594dff050 .event/or E_0x555594dff050/0, E_0x555594dff050/1;
S_0x555594dc1650 .scope module, "SB_DFFNS" "SB_DFFNS" 10 1132;
 .timescale -12 -12;
    .port_info 0 /OUTPUT 1 "Q";
    .port_info 1 /INPUT 1 "C";
    .port_info 2 /INPUT 1 "S";
    .port_info 3 /INPUT 1 "D";
o0x7fc0f76be598 .functor BUFZ 1, c4<z>; HiZ drive
v0x555594dff500_0 .net "C", 0 0, o0x7fc0f76be598;  0 drivers
o0x7fc0f76be5c8 .functor BUFZ 1, c4<z>; HiZ drive
v0x555594dff5e0_0 .net "D", 0 0, o0x7fc0f76be5c8;  0 drivers
v0x555594dff6a0_0 .var "Q", 0 0;
o0x7fc0f76be628 .functor BUFZ 1, c4<z>; HiZ drive
v0x555594dff740_0 .net "S", 0 0, o0x7fc0f76be628;  0 drivers
E_0x555594dff480/0 .event negedge, v0x555594dff500_0;
E_0x555594dff480/1 .event posedge, v0x555594dff740_0;
E_0x555594dff480 .event/or E_0x555594dff480/0, E_0x555594dff480/1;
S_0x555594d9b890 .scope module, "SB_DFFNSR" "SB_DFFNSR" 10 961;
 .timescale -12 -12;
    .port_info 0 /OUTPUT 1 "Q";
    .port_info 1 /INPUT 1 "C";
    .port_info 2 /INPUT 1 "R";
    .port_info 3 /INPUT 1 "D";
o0x7fc0f76be718 .functor BUFZ 1, c4<z>; HiZ drive
v0x555594dff930_0 .net "C", 0 0, o0x7fc0f76be718;  0 drivers
o0x7fc0f76be748 .functor BUFZ 1, c4<z>; HiZ drive
v0x555594dffa10_0 .net "D", 0 0, o0x7fc0f76be748;  0 drivers
v0x555594dffad0_0 .var "Q", 0 0;
o0x7fc0f76be7a8 .functor BUFZ 1, c4<z>; HiZ drive
v0x555594dffb70_0 .net "R", 0 0, o0x7fc0f76be7a8;  0 drivers
E_0x555594dff8b0 .event negedge, v0x555594dff930_0;
S_0x555594d9af10 .scope module, "SB_DFFNSS" "SB_DFFNSS" 10 1082;
 .timescale -12 -12;
    .port_info 0 /OUTPUT 1 "Q";
    .port_info 1 /INPUT 1 "C";
    .port_info 2 /INPUT 1 "S";
    .port_info 3 /INPUT 1 "D";
o0x7fc0f76be898 .functor BUFZ 1, c4<z>; HiZ drive
v0x555594dffd60_0 .net "C", 0 0, o0x7fc0f76be898;  0 drivers
o0x7fc0f76be8c8 .functor BUFZ 1, c4<z>; HiZ drive
v0x555594dffe40_0 .net "D", 0 0, o0x7fc0f76be8c8;  0 drivers
v0x555594dfff00_0 .var "Q", 0 0;
o0x7fc0f76be928 .functor BUFZ 1, c4<z>; HiZ drive
v0x555594dfffa0_0 .net "S", 0 0, o0x7fc0f76be928;  0 drivers
E_0x555594dffce0 .event negedge, v0x555594dffd60_0;
S_0x555594d96fd0 .scope module, "SB_DFFR" "SB_DFFR" 10 400;
 .timescale -12 -12;
    .port_info 0 /OUTPUT 1 "Q";
    .port_info 1 /INPUT 1 "C";
    .port_info 2 /INPUT 1 "R";
    .port_info 3 /INPUT 1 "D";
o0x7fc0f76bea18 .functor BUFZ 1, c4<z>; HiZ drive
v0x555594e00190_0 .net "C", 0 0, o0x7fc0f76bea18;  0 drivers
o0x7fc0f76bea48 .functor BUFZ 1, c4<z>; HiZ drive
v0x555594e00270_0 .net "D", 0 0, o0x7fc0f76bea48;  0 drivers
v0x555594e00330_0 .var "Q", 0 0;
o0x7fc0f76beaa8 .functor BUFZ 1, c4<z>; HiZ drive
v0x555594e003d0_0 .net "R", 0 0, o0x7fc0f76beaa8;  0 drivers
E_0x555594e00110 .event posedge, v0x555594e003d0_0, v0x555594e00190_0;
S_0x555594d96250 .scope module, "SB_DFFS" "SB_DFFS" 10 521;
 .timescale -12 -12;
    .port_info 0 /OUTPUT 1 "Q";
    .port_info 1 /INPUT 1 "C";
    .port_info 2 /INPUT 1 "S";
    .port_info 3 /INPUT 1 "D";
o0x7fc0f76beb98 .functor BUFZ 1, c4<z>; HiZ drive
v0x555594e005c0_0 .net "C", 0 0, o0x7fc0f76beb98;  0 drivers
o0x7fc0f76bebc8 .functor BUFZ 1, c4<z>; HiZ drive
v0x555594e006a0_0 .net "D", 0 0, o0x7fc0f76bebc8;  0 drivers
v0x555594e00760_0 .var "Q", 0 0;
o0x7fc0f76bec28 .functor BUFZ 1, c4<z>; HiZ drive
v0x555594e00800_0 .net "S", 0 0, o0x7fc0f76bec28;  0 drivers
E_0x555594e00540 .event posedge, v0x555594e00800_0, v0x555594e005c0_0;
S_0x555594d954d0 .scope module, "SB_DFFSR" "SB_DFFSR" 10 350;
 .timescale -12 -12;
    .port_info 0 /OUTPUT 1 "Q";
    .port_info 1 /INPUT 1 "C";
    .port_info 2 /INPUT 1 "R";
    .port_info 3 /INPUT 1 "D";
o0x7fc0f76bed18 .functor BUFZ 1, c4<z>; HiZ drive
v0x555594e009f0_0 .net "C", 0 0, o0x7fc0f76bed18;  0 drivers
o0x7fc0f76bed48 .functor BUFZ 1, c4<z>; HiZ drive
v0x555594e00ad0_0 .net "D", 0 0, o0x7fc0f76bed48;  0 drivers
v0x555594e00b90_0 .var "Q", 0 0;
o0x7fc0f76beda8 .functor BUFZ 1, c4<z>; HiZ drive
v0x555594e00c30_0 .net "R", 0 0, o0x7fc0f76beda8;  0 drivers
E_0x555594e00970 .event posedge, v0x555594e009f0_0;
S_0x555594d928c0 .scope module, "SB_DFFSS" "SB_DFFSS" 10 471;
 .timescale -12 -12;
    .port_info 0 /OUTPUT 1 "Q";
    .port_info 1 /INPUT 1 "C";
    .port_info 2 /INPUT 1 "S";
    .port_info 3 /INPUT 1 "D";
o0x7fc0f76bee98 .functor BUFZ 1, c4<z>; HiZ drive
v0x555594e00e20_0 .net "C", 0 0, o0x7fc0f76bee98;  0 drivers
o0x7fc0f76beec8 .functor BUFZ 1, c4<z>; HiZ drive
v0x555594e00f00_0 .net "D", 0 0, o0x7fc0f76beec8;  0 drivers
v0x555594e00fc0_0 .var "Q", 0 0;
o0x7fc0f76bef28 .functor BUFZ 1, c4<z>; HiZ drive
v0x555594e01060_0 .net "S", 0 0, o0x7fc0f76bef28;  0 drivers
E_0x555594e00da0 .event posedge, v0x555594e00e20_0;
S_0x555594daa850 .scope module, "SB_FILTER_50NS" "SB_FILTER_50NS" 10 2856;
 .timescale -12 -12;
    .port_info 0 /INPUT 1 "FILTERIN";
    .port_info 1 /OUTPUT 1 "FILTEROUT";
o0x7fc0f76bf018 .functor BUFZ 1, c4<z>; HiZ drive
v0x555594e011d0_0 .net "FILTERIN", 0 0, o0x7fc0f76bf018;  0 drivers
o0x7fc0f76bf048 .functor BUFZ 1, c4<z>; HiZ drive
v0x555594e012b0_0 .net "FILTEROUT", 0 0, o0x7fc0f76bf048;  0 drivers
S_0x555594da6520 .scope module, "SB_GB" "SB_GB" 10 162;
 .timescale -12 -12;
    .port_info 0 /INPUT 1 "USER_SIGNAL_TO_GLOBAL_BUFFER";
    .port_info 1 /OUTPUT 1 "GLOBAL_BUFFER_OUTPUT";
o0x7fc0f76bf108 .functor BUFZ 1, c4<z>; HiZ drive
L_0x555594e505c0 .functor BUFZ 1, o0x7fc0f76bf108, C4<0>, C4<0>, C4<0>;
v0x555594e013d0_0 .net "GLOBAL_BUFFER_OUTPUT", 0 0, L_0x555594e505c0;  1 drivers
v0x555594e01490_0 .net "USER_SIGNAL_TO_GLOBAL_BUFFER", 0 0, o0x7fc0f76bf108;  0 drivers
S_0x555594d94750 .scope module, "SB_GB_IO" "SB_GB_IO" 10 123;
 .timescale -12 -12;
    .port_info 0 /INOUT 1 "PACKAGE_PIN";
    .port_info 1 /OUTPUT 1 "GLOBAL_BUFFER_OUTPUT";
    .port_info 2 /INPUT 1 "LATCH_INPUT_VALUE";
    .port_info 3 /INPUT 1 "CLOCK_ENABLE";
    .port_info 4 /INPUT 1 "INPUT_CLK";
    .port_info 5 /INPUT 1 "OUTPUT_CLK";
    .port_info 6 /INPUT 1 "OUTPUT_ENABLE";
    .port_info 7 /INPUT 1 "D_OUT_0";
    .port_info 8 /INPUT 1 "D_OUT_1";
    .port_info 9 /OUTPUT 1 "D_IN_0";
    .port_info 10 /OUTPUT 1 "D_IN_1";
P_0x555594dc1b90 .param/str "IO_STANDARD" 0 10 139, "SB_LVCMOS";
P_0x555594dc1bd0 .param/l "NEG_TRIGGER" 0 10 138, C4<0>;
P_0x555594dc1c10 .param/l "PIN_TYPE" 0 10 136, C4<000000>;
P_0x555594dc1c50 .param/l "PULLUP" 0 10 137, C4<0>;
o0x7fc0f76bf348 .functor BUFZ 1, c4<z>; HiZ drive
L_0x555594e50630 .functor BUFZ 1, o0x7fc0f76bf348, C4<0>, C4<0>, C4<0>;
o0x7fc0f76bf198 .functor BUFZ 1, c4<z>; HiZ drive
v0x555594e035e0_0 .net "CLOCK_ENABLE", 0 0, o0x7fc0f76bf198;  0 drivers
v0x555594e036a0_0 .net "D_IN_0", 0 0, L_0x555594e508a0;  1 drivers
v0x555594e03770_0 .net "D_IN_1", 0 0, L_0x555594e50960;  1 drivers
o0x7fc0f76bf228 .functor BUFZ 1, c4<z>; HiZ drive
v0x555594e03870_0 .net "D_OUT_0", 0 0, o0x7fc0f76bf228;  0 drivers
o0x7fc0f76bf258 .functor BUFZ 1, c4<z>; HiZ drive
v0x555594e03940_0 .net "D_OUT_1", 0 0, o0x7fc0f76bf258;  0 drivers
v0x555594e039e0_0 .net "GLOBAL_BUFFER_OUTPUT", 0 0, L_0x555594e50630;  1 drivers
o0x7fc0f76bf288 .functor BUFZ 1, c4<z>; HiZ drive
v0x555594e03a80_0 .net "INPUT_CLK", 0 0, o0x7fc0f76bf288;  0 drivers
o0x7fc0f76bf2b8 .functor BUFZ 1, c4<z>; HiZ drive
v0x555594e03b50_0 .net "LATCH_INPUT_VALUE", 0 0, o0x7fc0f76bf2b8;  0 drivers
o0x7fc0f76bf2e8 .functor BUFZ 1, c4<z>; HiZ drive
v0x555594e03c20_0 .net "OUTPUT_CLK", 0 0, o0x7fc0f76bf2e8;  0 drivers
o0x7fc0f76bf318 .functor BUFZ 1, c4<z>; HiZ drive
v0x555594e03cf0_0 .net "OUTPUT_ENABLE", 0 0, o0x7fc0f76bf318;  0 drivers
v0x555594e03dc0_0 .net "PACKAGE_PIN", 0 0, o0x7fc0f76bf348;  0 drivers
S_0x555594e015b0 .scope module, "IO" "SB_IO" 10 148, 10 17 0, S_0x555594d94750;
 .timescale -12 -12;
    .port_info 0 /INOUT 1 "PACKAGE_PIN";
    .port_info 1 /INPUT 1 "LATCH_INPUT_VALUE";
    .port_info 2 /INPUT 1 "CLOCK_ENABLE";
    .port_info 3 /INPUT 1 "INPUT_CLK";
    .port_info 4 /INPUT 1 "OUTPUT_CLK";
    .port_info 5 /INPUT 1 "OUTPUT_ENABLE";
    .port_info 6 /INPUT 1 "D_OUT_0";
    .port_info 7 /INPUT 1 "D_OUT_1";
    .port_info 8 /OUTPUT 1 "D_IN_0";
    .port_info 9 /OUTPUT 1 "D_IN_1";
P_0x555594ded4a0 .param/str "IO_STANDARD" 0 10 32, "SB_LVCMOS";
P_0x555594ded4e0 .param/l "NEG_TRIGGER" 0 10 31, C4<0>;
P_0x555594ded520 .param/l "PIN_TYPE" 0 10 29, C4<000000>;
P_0x555594ded560 .param/l "PULLUP" 0 10 30, C4<0>;
L_0x555594e507e0 .functor OR 1, o0x7fc0f76bf198, L_0x555594e506f0, C4<0>, C4<0>;
L_0x555594e508a0 .functor BUFZ 1, v0x555594e02bb0_0, C4<0>, C4<0>, C4<0>;
L_0x555594e50960 .functor BUFZ 1, v0x555594e02c70_0, C4<0>, C4<0>, C4<0>;
v0x555594e02020_0 .net "CLOCK_ENABLE", 0 0, o0x7fc0f76bf198;  alias, 0 drivers
v0x555594e020e0_0 .net "D_IN_0", 0 0, L_0x555594e508a0;  alias, 1 drivers
v0x555594e021a0_0 .net "D_IN_1", 0 0, L_0x555594e50960;  alias, 1 drivers
v0x555594e02240_0 .net "D_OUT_0", 0 0, o0x7fc0f76bf228;  alias, 0 drivers
v0x555594e02300_0 .net "D_OUT_1", 0 0, o0x7fc0f76bf258;  alias, 0 drivers
v0x555594e02410_0 .net "INPUT_CLK", 0 0, o0x7fc0f76bf288;  alias, 0 drivers
v0x555594e024d0_0 .net "LATCH_INPUT_VALUE", 0 0, o0x7fc0f76bf2b8;  alias, 0 drivers
v0x555594e02590_0 .net "OUTPUT_CLK", 0 0, o0x7fc0f76bf2e8;  alias, 0 drivers
v0x555594e02650_0 .net "OUTPUT_ENABLE", 0 0, o0x7fc0f76bf318;  alias, 0 drivers
v0x555594e02710_0 .net "PACKAGE_PIN", 0 0, o0x7fc0f76bf348;  alias, 0 drivers
o0x7fc0f76bf378 .functor BUFZ 1, c4<z>; HiZ drive
; Elide local net with no drivers, v0x555594e027d0_0 name=_ivl_0
v0x555594e028b0_0 .net *"_ivl_2", 0 0, L_0x555594e506f0;  1 drivers
v0x555594e02970_0 .net "clken_pulled", 0 0, L_0x555594e507e0;  1 drivers
v0x555594e02a30_0 .var "clken_pulled_ri", 0 0;
v0x555594e02af0_0 .var "clken_pulled_ro", 0 0;
v0x555594e02bb0_0 .var "din_0", 0 0;
v0x555594e02c70_0 .var "din_1", 0 0;
v0x555594e02e40_0 .var "din_q_0", 0 0;
v0x555594e02f00_0 .var "din_q_1", 0 0;
v0x555594e02fc0_0 .var "dout", 0 0;
v0x555594e03080_0 .var "dout_q_0", 0 0;
v0x555594e03140_0 .var "dout_q_1", 0 0;
v0x555594e03200_0 .var "outclk_delayed_1", 0 0;
v0x555594e032c0_0 .var "outclk_delayed_2", 0 0;
v0x555594e03380_0 .var "outena_q", 0 0;
E_0x555594e01ac0 .event anyedge, v0x555594e032c0_0, v0x555594e03080_0, v0x555594e03140_0;
E_0x555594e01b20 .event anyedge, v0x555594e03200_0;
E_0x555594e01b80 .event anyedge, v0x555594e02590_0;
E_0x555594e01be0 .event anyedge, v0x555594e02e40_0, v0x555594e02f00_0;
L_0x555594e506f0 .cmp/eeq 1, o0x7fc0f76bf198, o0x7fc0f76bf378;
S_0x555594e01c70 .scope generate, "genblk1" "genblk1" 10 45, 10 45 0, S_0x555594e015b0;
 .timescale -12 -12;
E_0x555594e01e50 .event posedge, v0x555594e02590_0;
E_0x555594e01ed0 .event negedge, v0x555594e02590_0;
E_0x555594e01f30 .event negedge, v0x555594e02410_0;
E_0x555594e01f90 .event posedge, v0x555594e02410_0;
S_0x555594da5200 .scope module, "SB_HFOSC" "SB_HFOSC" 10 2664;
 .timescale -12 -12;
    .port_info 0 /INPUT 1 "TRIM0";
    .port_info 1 /INPUT 1 "TRIM1";
    .port_info 2 /INPUT 1 "TRIM2";
    .port_info 3 /INPUT 1 "TRIM3";
    .port_info 4 /INPUT 1 "TRIM4";
    .port_info 5 /INPUT 1 "TRIM5";
    .port_info 6 /INPUT 1 "TRIM6";
    .port_info 7 /INPUT 1 "TRIM7";
    .port_info 8 /INPUT 1 "TRIM8";
    .port_info 9 /INPUT 1 "TRIM9";
    .port_info 10 /INPUT 1 "CLKHFPU";
    .port_info 11 /INPUT 1 "CLKHFEN";
    .port_info 12 /OUTPUT 1 "CLKHF";
P_0x555594bd9f60 .param/str "CLKHF_DIV" 0 10 2680, "0b00";
P_0x555594bd9fa0 .param/str "TRIM_EN" 0 10 2679, "0b0";
o0x7fc0f76bfa68 .functor BUFZ 1, c4<z>; HiZ drive
v0x555594e03eb0_0 .net "CLKHF", 0 0, o0x7fc0f76bfa68;  0 drivers
o0x7fc0f76bfa98 .functor BUFZ 1, c4<z>; HiZ drive
v0x555594e03f90_0 .net "CLKHFEN", 0 0, o0x7fc0f76bfa98;  0 drivers
o0x7fc0f76bfac8 .functor BUFZ 1, c4<z>; HiZ drive
v0x555594e04050_0 .net "CLKHFPU", 0 0, o0x7fc0f76bfac8;  0 drivers
o0x7fc0f76bfaf8 .functor BUFZ 1, c4<z>; HiZ drive
v0x555594e04120_0 .net "TRIM0", 0 0, o0x7fc0f76bfaf8;  0 drivers
o0x7fc0f76bfb28 .functor BUFZ 1, c4<z>; HiZ drive
v0x555594e041e0_0 .net "TRIM1", 0 0, o0x7fc0f76bfb28;  0 drivers
o0x7fc0f76bfb58 .functor BUFZ 1, c4<z>; HiZ drive
v0x555594e042a0_0 .net "TRIM2", 0 0, o0x7fc0f76bfb58;  0 drivers
o0x7fc0f76bfb88 .functor BUFZ 1, c4<z>; HiZ drive
v0x555594e04360_0 .net "TRIM3", 0 0, o0x7fc0f76bfb88;  0 drivers
o0x7fc0f76bfbb8 .functor BUFZ 1, c4<z>; HiZ drive
v0x555594e04420_0 .net "TRIM4", 0 0, o0x7fc0f76bfbb8;  0 drivers
o0x7fc0f76bfbe8 .functor BUFZ 1, c4<z>; HiZ drive
v0x555594e044e0_0 .net "TRIM5", 0 0, o0x7fc0f76bfbe8;  0 drivers
o0x7fc0f76bfc18 .functor BUFZ 1, c4<z>; HiZ drive
v0x555594e04630_0 .net "TRIM6", 0 0, o0x7fc0f76bfc18;  0 drivers
o0x7fc0f76bfc48 .functor BUFZ 1, c4<z>; HiZ drive
v0x555594e046f0_0 .net "TRIM7", 0 0, o0x7fc0f76bfc48;  0 drivers
o0x7fc0f76bfc78 .functor BUFZ 1, c4<z>; HiZ drive
v0x555594e047b0_0 .net "TRIM8", 0 0, o0x7fc0f76bfc78;  0 drivers
o0x7fc0f76bfca8 .functor BUFZ 1, c4<z>; HiZ drive
v0x555594e04870_0 .net "TRIM9", 0 0, o0x7fc0f76bfca8;  0 drivers
S_0x555594d5e420 .scope module, "SB_I2C" "SB_I2C" 10 2733;
 .timescale -12 -12;
    .port_info 0 /INPUT 1 "SBCLKI";
    .port_info 1 /INPUT 1 "SBRWI";
    .port_info 2 /INPUT 1 "SBSTBI";
    .port_info 3 /INPUT 1 "SBADRI7";
    .port_info 4 /INPUT 1 "SBADRI6";
    .port_info 5 /INPUT 1 "SBADRI5";
    .port_info 6 /INPUT 1 "SBADRI4";
    .port_info 7 /INPUT 1 "SBADRI3";
    .port_info 8 /INPUT 1 "SBADRI2";
    .port_info 9 /INPUT 1 "SBADRI1";
    .port_info 10 /INPUT 1 "SBADRI0";
    .port_info 11 /INPUT 1 "SBDATI7";
    .port_info 12 /INPUT 1 "SBDATI6";
    .port_info 13 /INPUT 1 "SBDATI5";
    .port_info 14 /INPUT 1 "SBDATI4";
    .port_info 15 /INPUT 1 "SBDATI3";
    .port_info 16 /INPUT 1 "SBDATI2";
    .port_info 17 /INPUT 1 "SBDATI1";
    .port_info 18 /INPUT 1 "SBDATI0";
    .port_info 19 /INPUT 1 "SCLI";
    .port_info 20 /INPUT 1 "SDAI";
    .port_info 21 /OUTPUT 1 "SBDATO7";
    .port_info 22 /OUTPUT 1 "SBDATO6";
    .port_info 23 /OUTPUT 1 "SBDATO5";
    .port_info 24 /OUTPUT 1 "SBDATO4";
    .port_info 25 /OUTPUT 1 "SBDATO3";
    .port_info 26 /OUTPUT 1 "SBDATO2";
    .port_info 27 /OUTPUT 1 "SBDATO1";
    .port_info 28 /OUTPUT 1 "SBDATO0";
    .port_info 29 /OUTPUT 1 "SBACKO";
    .port_info 30 /OUTPUT 1 "I2CIRQ";
    .port_info 31 /OUTPUT 1 "I2CWKUP";
    .port_info 32 /OUTPUT 1 "SCLO";
    .port_info 33 /OUTPUT 1 "SCLOE";
    .port_info 34 /OUTPUT 1 "SDAO";
    .port_info 35 /OUTPUT 1 "SDAOE";
P_0x555594bda0b0 .param/str "BUS_ADDR74" 0 10 2772, "0b0001";
P_0x555594bda0f0 .param/str "I2C_SLAVE_INIT_ADDR" 0 10 2771, "0b1111100001";
o0x7fc0f76bff48 .functor BUFZ 1, c4<z>; HiZ drive
v0x555594e04b40_0 .net "I2CIRQ", 0 0, o0x7fc0f76bff48;  0 drivers
o0x7fc0f76bff78 .functor BUFZ 1, c4<z>; HiZ drive
v0x555594e04c20_0 .net "I2CWKUP", 0 0, o0x7fc0f76bff78;  0 drivers
o0x7fc0f76bffa8 .functor BUFZ 1, c4<z>; HiZ drive
v0x555594e04ce0_0 .net "SBACKO", 0 0, o0x7fc0f76bffa8;  0 drivers
o0x7fc0f76bffd8 .functor BUFZ 1, c4<z>; HiZ drive
v0x555594e04d80_0 .net "SBADRI0", 0 0, o0x7fc0f76bffd8;  0 drivers
o0x7fc0f76c0008 .functor BUFZ 1, c4<z>; HiZ drive
v0x555594e04e40_0 .net "SBADRI1", 0 0, o0x7fc0f76c0008;  0 drivers
o0x7fc0f76c0038 .functor BUFZ 1, c4<z>; HiZ drive
v0x555594e04f00_0 .net "SBADRI2", 0 0, o0x7fc0f76c0038;  0 drivers
o0x7fc0f76c0068 .functor BUFZ 1, c4<z>; HiZ drive
v0x555594e04fc0_0 .net "SBADRI3", 0 0, o0x7fc0f76c0068;  0 drivers
o0x7fc0f76c0098 .functor BUFZ 1, c4<z>; HiZ drive
v0x555594e05080_0 .net "SBADRI4", 0 0, o0x7fc0f76c0098;  0 drivers
o0x7fc0f76c00c8 .functor BUFZ 1, c4<z>; HiZ drive
v0x555594e05140_0 .net "SBADRI5", 0 0, o0x7fc0f76c00c8;  0 drivers
o0x7fc0f76c00f8 .functor BUFZ 1, c4<z>; HiZ drive
v0x555594e05290_0 .net "SBADRI6", 0 0, o0x7fc0f76c00f8;  0 drivers
o0x7fc0f76c0128 .functor BUFZ 1, c4<z>; HiZ drive
v0x555594e05350_0 .net "SBADRI7", 0 0, o0x7fc0f76c0128;  0 drivers
o0x7fc0f76c0158 .functor BUFZ 1, c4<z>; HiZ drive
v0x555594e05410_0 .net "SBCLKI", 0 0, o0x7fc0f76c0158;  0 drivers
o0x7fc0f76c0188 .functor BUFZ 1, c4<z>; HiZ drive
v0x555594e054d0_0 .net "SBDATI0", 0 0, o0x7fc0f76c0188;  0 drivers
o0x7fc0f76c01b8 .functor BUFZ 1, c4<z>; HiZ drive
v0x555594e05590_0 .net "SBDATI1", 0 0, o0x7fc0f76c01b8;  0 drivers
o0x7fc0f76c01e8 .functor BUFZ 1, c4<z>; HiZ drive
v0x555594e05650_0 .net "SBDATI2", 0 0, o0x7fc0f76c01e8;  0 drivers
o0x7fc0f76c0218 .functor BUFZ 1, c4<z>; HiZ drive
v0x555594e05710_0 .net "SBDATI3", 0 0, o0x7fc0f76c0218;  0 drivers
o0x7fc0f76c0248 .functor BUFZ 1, c4<z>; HiZ drive
v0x555594e057d0_0 .net "SBDATI4", 0 0, o0x7fc0f76c0248;  0 drivers
o0x7fc0f76c0278 .functor BUFZ 1, c4<z>; HiZ drive
v0x555594e059a0_0 .net "SBDATI5", 0 0, o0x7fc0f76c0278;  0 drivers
o0x7fc0f76c02a8 .functor BUFZ 1, c4<z>; HiZ drive
v0x555594e05a60_0 .net "SBDATI6", 0 0, o0x7fc0f76c02a8;  0 drivers
o0x7fc0f76c02d8 .functor BUFZ 1, c4<z>; HiZ drive
v0x555594e05b20_0 .net "SBDATI7", 0 0, o0x7fc0f76c02d8;  0 drivers
o0x7fc0f76c0308 .functor BUFZ 1, c4<z>; HiZ drive
v0x555594e05be0_0 .net "SBDATO0", 0 0, o0x7fc0f76c0308;  0 drivers
o0x7fc0f76c0338 .functor BUFZ 1, c4<z>; HiZ drive
v0x555594e05ca0_0 .net "SBDATO1", 0 0, o0x7fc0f76c0338;  0 drivers
o0x7fc0f76c0368 .functor BUFZ 1, c4<z>; HiZ drive
v0x555594e05d60_0 .net "SBDATO2", 0 0, o0x7fc0f76c0368;  0 drivers
o0x7fc0f76c0398 .functor BUFZ 1, c4<z>; HiZ drive
v0x555594e05e20_0 .net "SBDATO3", 0 0, o0x7fc0f76c0398;  0 drivers
o0x7fc0f76c03c8 .functor BUFZ 1, c4<z>; HiZ drive
v0x555594e05ee0_0 .net "SBDATO4", 0 0, o0x7fc0f76c03c8;  0 drivers
o0x7fc0f76c03f8 .functor BUFZ 1, c4<z>; HiZ drive
v0x555594e05fa0_0 .net "SBDATO5", 0 0, o0x7fc0f76c03f8;  0 drivers
o0x7fc0f76c0428 .functor BUFZ 1, c4<z>; HiZ drive
v0x555594e06060_0 .net "SBDATO6", 0 0, o0x7fc0f76c0428;  0 drivers
o0x7fc0f76c0458 .functor BUFZ 1, c4<z>; HiZ drive
v0x555594e06120_0 .net "SBDATO7", 0 0, o0x7fc0f76c0458;  0 drivers
o0x7fc0f76c0488 .functor BUFZ 1, c4<z>; HiZ drive
v0x555594e061e0_0 .net "SBRWI", 0 0, o0x7fc0f76c0488;  0 drivers
o0x7fc0f76c04b8 .functor BUFZ 1, c4<z>; HiZ drive
v0x555594e062a0_0 .net "SBSTBI", 0 0, o0x7fc0f76c04b8;  0 drivers
o0x7fc0f76c04e8 .functor BUFZ 1, c4<z>; HiZ drive
v0x555594e06360_0 .net "SCLI", 0 0, o0x7fc0f76c04e8;  0 drivers
o0x7fc0f76c0518 .functor BUFZ 1, c4<z>; HiZ drive
v0x555594e06420_0 .net "SCLO", 0 0, o0x7fc0f76c0518;  0 drivers
o0x7fc0f76c0548 .functor BUFZ 1, c4<z>; HiZ drive
v0x555594e064e0_0 .net "SCLOE", 0 0, o0x7fc0f76c0548;  0 drivers
o0x7fc0f76c0578 .functor BUFZ 1, c4<z>; HiZ drive
v0x555594e067b0_0 .net "SDAI", 0 0, o0x7fc0f76c0578;  0 drivers
o0x7fc0f76c05a8 .functor BUFZ 1, c4<z>; HiZ drive
v0x555594e06870_0 .net "SDAO", 0 0, o0x7fc0f76c05a8;  0 drivers
o0x7fc0f76c05d8 .functor BUFZ 1, c4<z>; HiZ drive
v0x555594e06930_0 .net "SDAOE", 0 0, o0x7fc0f76c05d8;  0 drivers
S_0x555594d5a570 .scope module, "SB_IO_I3C" "SB_IO_I3C" 10 2862;
 .timescale -12 -12;
    .port_info 0 /INOUT 1 "PACKAGE_PIN";
    .port_info 1 /INPUT 1 "LATCH_INPUT_VALUE";
    .port_info 2 /INPUT 1 "CLOCK_ENABLE";
    .port_info 3 /INPUT 1 "INPUT_CLK";
    .port_info 4 /INPUT 1 "OUTPUT_CLK";
    .port_info 5 /INPUT 1 "OUTPUT_ENABLE";
    .port_info 6 /INPUT 1 "D_OUT_0";
    .port_info 7 /INPUT 1 "D_OUT_1";
    .port_info 8 /OUTPUT 1 "D_IN_0";
    .port_info 9 /OUTPUT 1 "D_IN_1";
    .port_info 10 /INPUT 1 "PU_ENB";
    .port_info 11 /INPUT 1 "WEAK_PU_ENB";
P_0x555594d41e40 .param/str "IO_STANDARD" 0 10 2880, "SB_LVCMOS";
P_0x555594d41e80 .param/l "NEG_TRIGGER" 0 10 2879, C4<0>;
P_0x555594d41ec0 .param/l "PIN_TYPE" 0 10 2876, C4<000000>;
P_0x555594d41f00 .param/l "PULLUP" 0 10 2877, C4<0>;
P_0x555594d41f40 .param/l "WEAK_PULLUP" 0 10 2878, C4<0>;
L_0x555594e50a20 .functor BUFZ 1, v0x555594e07cd0_0, C4<0>, C4<0>, C4<0>;
L_0x555594e50a90 .functor BUFZ 1, v0x555594e07d90_0, C4<0>, C4<0>, C4<0>;
o0x7fc0f76c0cc8 .functor BUFZ 1, c4<z>; HiZ drive
v0x555594e073a0_0 .net "CLOCK_ENABLE", 0 0, o0x7fc0f76c0cc8;  0 drivers
v0x555594e07460_0 .net "D_IN_0", 0 0, L_0x555594e50a20;  1 drivers
v0x555594e07520_0 .net "D_IN_1", 0 0, L_0x555594e50a90;  1 drivers
o0x7fc0f76c0d58 .functor BUFZ 1, c4<z>; HiZ drive
v0x555594e075c0_0 .net "D_OUT_0", 0 0, o0x7fc0f76c0d58;  0 drivers
o0x7fc0f76c0d88 .functor BUFZ 1, c4<z>; HiZ drive
v0x555594e07680_0 .net "D_OUT_1", 0 0, o0x7fc0f76c0d88;  0 drivers
o0x7fc0f76c0db8 .functor BUFZ 1, c4<z>; HiZ drive
v0x555594e07790_0 .net "INPUT_CLK", 0 0, o0x7fc0f76c0db8;  0 drivers
o0x7fc0f76c0de8 .functor BUFZ 1, c4<z>; HiZ drive
v0x555594e07850_0 .net "LATCH_INPUT_VALUE", 0 0, o0x7fc0f76c0de8;  0 drivers
o0x7fc0f76c0e18 .functor BUFZ 1, c4<z>; HiZ drive
v0x555594e07910_0 .net "OUTPUT_CLK", 0 0, o0x7fc0f76c0e18;  0 drivers
o0x7fc0f76c0e48 .functor BUFZ 1, c4<z>; HiZ drive
v0x555594e079d0_0 .net "OUTPUT_ENABLE", 0 0, o0x7fc0f76c0e48;  0 drivers
o0x7fc0f76c0e78 .functor BUFZ 1, c4<z>; HiZ drive
v0x555594e07a90_0 .net "PACKAGE_PIN", 0 0, o0x7fc0f76c0e78;  0 drivers
o0x7fc0f76c0ea8 .functor BUFZ 1, c4<z>; HiZ drive
v0x555594e07b50_0 .net "PU_ENB", 0 0, o0x7fc0f76c0ea8;  0 drivers
o0x7fc0f76c0ed8 .functor BUFZ 1, c4<z>; HiZ drive
v0x555594e07c10_0 .net "WEAK_PU_ENB", 0 0, o0x7fc0f76c0ed8;  0 drivers
v0x555594e07cd0_0 .var "din_0", 0 0;
v0x555594e07d90_0 .var "din_1", 0 0;
v0x555594e07e50_0 .var "din_q_0", 0 0;
v0x555594e07f10_0 .var "din_q_1", 0 0;
v0x555594e07fd0_0 .var "dout", 0 0;
v0x555594e08090_0 .var "dout_q_0", 0 0;
v0x555594e08150_0 .var "dout_q_1", 0 0;
v0x555594e08210_0 .var "outclk_delayed_1", 0 0;
v0x555594e082d0_0 .var "outclk_delayed_2", 0 0;
v0x555594e08390_0 .var "outena_q", 0 0;
E_0x555594e06e70 .event anyedge, v0x555594e082d0_0, v0x555594e08090_0, v0x555594e08150_0;
E_0x555594e06ef0 .event anyedge, v0x555594e08210_0;
E_0x555594e06f50 .event anyedge, v0x555594e07910_0;
E_0x555594e06fb0 .event anyedge, v0x555594e07e50_0, v0x555594e07f10_0;
S_0x555594e07040 .scope generate, "genblk1" "genblk1" 10 2888, 10 2888 0, S_0x555594d5a570;
 .timescale -12 -12;
E_0x555594e071d0 .event posedge, v0x555594e07910_0;
E_0x555594e07250 .event negedge, v0x555594e07910_0;
E_0x555594e072b0 .event negedge, v0x555594e07790_0;
E_0x555594e07310 .event posedge, v0x555594e07790_0;
S_0x555594d66a00 .scope module, "SB_IO_OD" "SB_IO_OD" 10 2931;
 .timescale -12 -12;
    .port_info 0 /INOUT 1 "PACKAGEPIN";
    .port_info 1 /INPUT 1 "LATCHINPUTVALUE";
    .port_info 2 /INPUT 1 "CLOCKENABLE";
    .port_info 3 /INPUT 1 "INPUTCLK";
    .port_info 4 /INPUT 1 "OUTPUTCLK";
    .port_info 5 /INPUT 1 "OUTPUTENABLE";
    .port_info 6 /INPUT 1 "DOUT1";
    .port_info 7 /INPUT 1 "DOUT0";
    .port_info 8 /OUTPUT 1 "DIN1";
    .port_info 9 /OUTPUT 1 "DIN0";
P_0x555594bda200 .param/l "NEG_TRIGGER" 0 10 2944, C4<0>;
P_0x555594bda240 .param/l "PIN_TYPE" 0 10 2943, C4<000000>;
L_0x555594e50b00 .functor BUFZ 1, v0x555594e09320_0, C4<0>, C4<0>, C4<0>;
L_0x555594e50b70 .functor BUFZ 1, v0x555594e093e0_0, C4<0>, C4<0>, C4<0>;
o0x7fc0f76c1328 .functor BUFZ 1, c4<z>; HiZ drive
v0x555594e08b70_0 .net "CLOCKENABLE", 0 0, o0x7fc0f76c1328;  0 drivers
v0x555594e08c30_0 .net "DIN0", 0 0, L_0x555594e50b00;  1 drivers
v0x555594e08cf0_0 .net "DIN1", 0 0, L_0x555594e50b70;  1 drivers
o0x7fc0f76c13b8 .functor BUFZ 1, c4<z>; HiZ drive
v0x555594e08d90_0 .net "DOUT0", 0 0, o0x7fc0f76c13b8;  0 drivers
o0x7fc0f76c13e8 .functor BUFZ 1, c4<z>; HiZ drive
v0x555594e08e50_0 .net "DOUT1", 0 0, o0x7fc0f76c13e8;  0 drivers
o0x7fc0f76c1418 .functor BUFZ 1, c4<z>; HiZ drive
v0x555594e08f60_0 .net "INPUTCLK", 0 0, o0x7fc0f76c1418;  0 drivers
o0x7fc0f76c1448 .functor BUFZ 1, c4<z>; HiZ drive
v0x555594e09020_0 .net "LATCHINPUTVALUE", 0 0, o0x7fc0f76c1448;  0 drivers
o0x7fc0f76c1478 .functor BUFZ 1, c4<z>; HiZ drive
v0x555594e090e0_0 .net "OUTPUTCLK", 0 0, o0x7fc0f76c1478;  0 drivers
o0x7fc0f76c14a8 .functor BUFZ 1, c4<z>; HiZ drive
v0x555594e091a0_0 .net "OUTPUTENABLE", 0 0, o0x7fc0f76c14a8;  0 drivers
o0x7fc0f76c14d8 .functor BUFZ 1, c4<z>; HiZ drive
v0x555594e09260_0 .net "PACKAGEPIN", 0 0, o0x7fc0f76c14d8;  0 drivers
v0x555594e09320_0 .var "din_0", 0 0;
v0x555594e093e0_0 .var "din_1", 0 0;
v0x555594e094a0_0 .var "din_q_0", 0 0;
v0x555594e09560_0 .var "din_q_1", 0 0;
v0x555594e09620_0 .var "dout", 0 0;
v0x555594e096e0_0 .var "dout_q_0", 0 0;
v0x555594e097a0_0 .var "dout_q_1", 0 0;
v0x555594e09970_0 .var "outclk_delayed_1", 0 0;
v0x555594e09a30_0 .var "outclk_delayed_2", 0 0;
v0x555594e09af0_0 .var "outena_q", 0 0;
E_0x555594e08640 .event anyedge, v0x555594e09a30_0, v0x555594e096e0_0, v0x555594e097a0_0;
E_0x555594e086c0 .event anyedge, v0x555594e09970_0;
E_0x555594e08720 .event anyedge, v0x555594e090e0_0;
E_0x555594e08780 .event anyedge, v0x555594e094a0_0, v0x555594e09560_0;
S_0x555594e08810 .scope generate, "genblk1" "genblk1" 10 2952, 10 2952 0, S_0x555594d66a00;
 .timescale -12 -12;
E_0x555594e089a0 .event posedge, v0x555594e090e0_0;
E_0x555594e08a20 .event negedge, v0x555594e090e0_0;
E_0x555594e08a80 .event negedge, v0x555594e08f60_0;
E_0x555594e08ae0 .event posedge, v0x555594e08f60_0;
S_0x555594d62910 .scope module, "SB_LEDDA_IP" "SB_LEDDA_IP" 10 2830;
 .timescale -12 -12;
    .port_info 0 /INPUT 1 "LEDDCS";
    .port_info 1 /INPUT 1 "LEDDCLK";
    .port_info 2 /INPUT 1 "LEDDDAT7";
    .port_info 3 /INPUT 1 "LEDDDAT6";
    .port_info 4 /INPUT 1 "LEDDDAT5";
    .port_info 5 /INPUT 1 "LEDDDAT4";
    .port_info 6 /INPUT 1 "LEDDDAT3";
    .port_info 7 /INPUT 1 "LEDDDAT2";
    .port_info 8 /INPUT 1 "LEDDDAT1";
    .port_info 9 /INPUT 1 "LEDDDAT0";
    .port_info 10 /INPUT 1 "LEDDADDR3";
    .port_info 11 /INPUT 1 "LEDDADDR2";
    .port_info 12 /INPUT 1 "LEDDADDR1";
    .port_info 13 /INPUT 1 "LEDDADDR0";
    .port_info 14 /INPUT 1 "LEDDDEN";
    .port_info 15 /INPUT 1 "LEDDEXE";
    .port_info 16 /INPUT 1 "LEDDRST";
    .port_info 17 /OUTPUT 1 "PWMOUT0";
    .port_info 18 /OUTPUT 1 "PWMOUT1";
    .port_info 19 /OUTPUT 1 "PWMOUT2";
    .port_info 20 /OUTPUT 1 "LEDDON";
o0x7fc0f76c18c8 .functor BUFZ 1, c4<z>; HiZ drive
v0x555594e09cf0_0 .net "LEDDADDR0", 0 0, o0x7fc0f76c18c8;  0 drivers
o0x7fc0f76c18f8 .functor BUFZ 1, c4<z>; HiZ drive
v0x555594e09dd0_0 .net "LEDDADDR1", 0 0, o0x7fc0f76c18f8;  0 drivers
o0x7fc0f76c1928 .functor BUFZ 1, c4<z>; HiZ drive
v0x555594e09e90_0 .net "LEDDADDR2", 0 0, o0x7fc0f76c1928;  0 drivers
o0x7fc0f76c1958 .functor BUFZ 1, c4<z>; HiZ drive
v0x555594e09f30_0 .net "LEDDADDR3", 0 0, o0x7fc0f76c1958;  0 drivers
o0x7fc0f76c1988 .functor BUFZ 1, c4<z>; HiZ drive
v0x555594e09ff0_0 .net "LEDDCLK", 0 0, o0x7fc0f76c1988;  0 drivers
o0x7fc0f76c19b8 .functor BUFZ 1, c4<z>; HiZ drive
v0x555594e0a0b0_0 .net "LEDDCS", 0 0, o0x7fc0f76c19b8;  0 drivers
o0x7fc0f76c19e8 .functor BUFZ 1, c4<z>; HiZ drive
v0x555594e0a170_0 .net "LEDDDAT0", 0 0, o0x7fc0f76c19e8;  0 drivers
o0x7fc0f76c1a18 .functor BUFZ 1, c4<z>; HiZ drive
v0x555594e0a230_0 .net "LEDDDAT1", 0 0, o0x7fc0f76c1a18;  0 drivers
o0x7fc0f76c1a48 .functor BUFZ 1, c4<z>; HiZ drive
v0x555594e0a2f0_0 .net "LEDDDAT2", 0 0, o0x7fc0f76c1a48;  0 drivers
o0x7fc0f76c1a78 .functor BUFZ 1, c4<z>; HiZ drive
v0x555594e0a3b0_0 .net "LEDDDAT3", 0 0, o0x7fc0f76c1a78;  0 drivers
o0x7fc0f76c1aa8 .functor BUFZ 1, c4<z>; HiZ drive
v0x555594e0a470_0 .net "LEDDDAT4", 0 0, o0x7fc0f76c1aa8;  0 drivers
o0x7fc0f76c1ad8 .functor BUFZ 1, c4<z>; HiZ drive
v0x555594e0a530_0 .net "LEDDDAT5", 0 0, o0x7fc0f76c1ad8;  0 drivers
o0x7fc0f76c1b08 .functor BUFZ 1, c4<z>; HiZ drive
v0x555594e0a5f0_0 .net "LEDDDAT6", 0 0, o0x7fc0f76c1b08;  0 drivers
o0x7fc0f76c1b38 .functor BUFZ 1, c4<z>; HiZ drive
v0x555594e0a6b0_0 .net "LEDDDAT7", 0 0, o0x7fc0f76c1b38;  0 drivers
o0x7fc0f76c1b68 .functor BUFZ 1, c4<z>; HiZ drive
v0x555594e0a770_0 .net "LEDDDEN", 0 0, o0x7fc0f76c1b68;  0 drivers
o0x7fc0f76c1b98 .functor BUFZ 1, c4<z>; HiZ drive
v0x555594e0a830_0 .net "LEDDEXE", 0 0, o0x7fc0f76c1b98;  0 drivers
o0x7fc0f76c1bc8 .functor BUFZ 1, c4<z>; HiZ drive
v0x555594e0a8f0_0 .net "LEDDON", 0 0, o0x7fc0f76c1bc8;  0 drivers
o0x7fc0f76c1bf8 .functor BUFZ 1, c4<z>; HiZ drive
v0x555594e0aac0_0 .net "LEDDRST", 0 0, o0x7fc0f76c1bf8;  0 drivers
o0x7fc0f76c1c28 .functor BUFZ 1, c4<z>; HiZ drive
v0x555594e0ab80_0 .net "PWMOUT0", 0 0, o0x7fc0f76c1c28;  0 drivers
o0x7fc0f76c1c58 .functor BUFZ 1, c4<z>; HiZ drive
v0x555594e0ac40_0 .net "PWMOUT1", 0 0, o0x7fc0f76c1c58;  0 drivers
o0x7fc0f76c1c88 .functor BUFZ 1, c4<z>; HiZ drive
v0x555594e0ad00_0 .net "PWMOUT2", 0 0, o0x7fc0f76c1c88;  0 drivers
S_0x555594d41880 .scope module, "SB_LED_DRV_CUR" "SB_LED_DRV_CUR" 10 2709;
 .timescale -12 -12;
    .port_info 0 /INPUT 1 "EN";
    .port_info 1 /OUTPUT 1 "LEDPU";
o0x7fc0f76c20a8 .functor BUFZ 1, c4<z>; HiZ drive
v0x555594e0b110_0 .net "EN", 0 0, o0x7fc0f76c20a8;  0 drivers
o0x7fc0f76c20d8 .functor BUFZ 1, c4<z>; HiZ drive
v0x555594e0b1f0_0 .net "LEDPU", 0 0, o0x7fc0f76c20d8;  0 drivers
S_0x555594d40db0 .scope module, "SB_LFOSC" "SB_LFOSC" 10 2684;
 .timescale -12 -12;
    .port_info 0 /INPUT 1 "CLKLFPU";
    .port_info 1 /INPUT 1 "CLKLFEN";
    .port_info 2 /OUTPUT 1 "CLKLF";
o0x7fc0f76c2168 .functor BUFZ 1, c4<z>; HiZ drive
v0x555594e0b310_0 .net "CLKLF", 0 0, o0x7fc0f76c2168;  0 drivers
o0x7fc0f76c2198 .functor BUFZ 1, c4<z>; HiZ drive
v0x555594e0b3d0_0 .net "CLKLFEN", 0 0, o0x7fc0f76c2198;  0 drivers
o0x7fc0f76c21c8 .functor BUFZ 1, c4<z>; HiZ drive
v0x555594e0b490_0 .net "CLKLFPU", 0 0, o0x7fc0f76c21c8;  0 drivers
S_0x555594d40090 .scope module, "SB_LUT4" "SB_LUT4" 10 177;
 .timescale -12 -12;
    .port_info 0 /OUTPUT 1 "O";
    .port_info 1 /INPUT 1 "I0";
    .port_info 2 /INPUT 1 "I1";
    .port_info 3 /INPUT 1 "I2";
    .port_info 4 /INPUT 1 "I3";
P_0x555594be5ea0 .param/l "LUT_INIT" 0 10 184, C4<0000000000000000>;
o0x7fc0f76c2288 .functor BUFZ 1, c4<z>; HiZ drive
v0x555594e0b5b0_0 .net "I0", 0 0, o0x7fc0f76c2288;  0 drivers
o0x7fc0f76c22b8 .functor BUFZ 1, c4<z>; HiZ drive
v0x555594e0b670_0 .net "I1", 0 0, o0x7fc0f76c22b8;  0 drivers
o0x7fc0f76c22e8 .functor BUFZ 1, c4<z>; HiZ drive
v0x555594e0b730_0 .net "I2", 0 0, o0x7fc0f76c22e8;  0 drivers
o0x7fc0f76c2318 .functor BUFZ 1, c4<z>; HiZ drive
v0x555594e0b800_0 .net "I3", 0 0, o0x7fc0f76c2318;  0 drivers
v0x555594e0b8c0_0 .net "O", 0 0, L_0x555594e517d0;  1 drivers
L_0x7fc0f766d8d0 .functor BUFT 1, C4<00000000>, C4<0>, C4<0>, C4<0>;
v0x555594e0b980_0 .net/2u *"_ivl_0", 7 0, L_0x7fc0f766d8d0;  1 drivers
v0x555594e0ba60_0 .net *"_ivl_13", 1 0, L_0x555594e51320;  1 drivers
v0x555594e0bb40_0 .net *"_ivl_15", 1 0, L_0x555594e51410;  1 drivers
v0x555594e0bc20_0 .net *"_ivl_19", 0 0, L_0x555594e515f0;  1 drivers
L_0x7fc0f766d918 .functor BUFT 1, C4<00000000>, C4<0>, C4<0>, C4<0>;
v0x555594e0bd00_0 .net/2u *"_ivl_2", 7 0, L_0x7fc0f766d918;  1 drivers
v0x555594e0bde0_0 .net *"_ivl_21", 0 0, L_0x555594e51730;  1 drivers
v0x555594e0bec0_0 .net *"_ivl_7", 3 0, L_0x555594e50ff0;  1 drivers
v0x555594e0bfa0_0 .net *"_ivl_9", 3 0, L_0x555594e510e0;  1 drivers
v0x555594e0c080_0 .net "s1", 1 0, L_0x555594e514b0;  1 drivers
v0x555594e0c160_0 .net "s2", 3 0, L_0x555594e51180;  1 drivers
v0x555594e0c240_0 .net "s3", 7 0, L_0x555594e50e50;  1 drivers
L_0x555594e50e50 .functor MUXZ 8, L_0x7fc0f766d918, L_0x7fc0f766d8d0, o0x7fc0f76c2318, C4<>;
L_0x555594e50ff0 .part L_0x555594e50e50, 4, 4;
L_0x555594e510e0 .part L_0x555594e50e50, 0, 4;
L_0x555594e51180 .functor MUXZ 4, L_0x555594e510e0, L_0x555594e50ff0, o0x7fc0f76c22e8, C4<>;
L_0x555594e51320 .part L_0x555594e51180, 2, 2;
L_0x555594e51410 .part L_0x555594e51180, 0, 2;
L_0x555594e514b0 .functor MUXZ 2, L_0x555594e51410, L_0x555594e51320, o0x7fc0f76c22b8, C4<>;
L_0x555594e515f0 .part L_0x555594e514b0, 1, 1;
L_0x555594e51730 .part L_0x555594e514b0, 0, 1;
L_0x555594e517d0 .functor MUXZ 1, L_0x555594e51730, L_0x555594e515f0, o0x7fc0f76c2288, C4<>;
S_0x555594d3f3f0 .scope module, "SB_MAC16" "SB_MAC16" 10 2996;
 .timescale -12 -12;
    .port_info 0 /INPUT 1 "CLK";
    .port_info 1 /INPUT 1 "CE";
    .port_info 2 /INPUT 16 "C";
    .port_info 3 /INPUT 16 "A";
    .port_info 4 /INPUT 16 "B";
    .port_info 5 /INPUT 16 "D";
    .port_info 6 /INPUT 1 "AHOLD";
    .port_info 7 /INPUT 1 "BHOLD";
    .port_info 8 /INPUT 1 "CHOLD";
    .port_info 9 /INPUT 1 "DHOLD";
    .port_info 10 /INPUT 1 "IRSTTOP";
    .port_info 11 /INPUT 1 "IRSTBOT";
    .port_info 12 /INPUT 1 "ORSTTOP";
    .port_info 13 /INPUT 1 "ORSTBOT";
    .port_info 14 /INPUT 1 "OLOADTOP";
    .port_info 15 /INPUT 1 "OLOADBOT";
    .port_info 16 /INPUT 1 "ADDSUBTOP";
    .port_info 17 /INPUT 1 "ADDSUBBOT";
    .port_info 18 /INPUT 1 "OHOLDTOP";
    .port_info 19 /INPUT 1 "OHOLDBOT";
    .port_info 20 /INPUT 1 "CI";
    .port_info 21 /INPUT 1 "ACCUMCI";
    .port_info 22 /INPUT 1 "SIGNEXTIN";
    .port_info 23 /OUTPUT 32 "O";
    .port_info 24 /OUTPUT 1 "CO";
    .port_info 25 /OUTPUT 1 "ACCUMCO";
    .port_info 26 /OUTPUT 1 "SIGNEXTOUT";
P_0x555594beb2b0 .param/l "A_REG" 0 10 3011, C4<0>;
P_0x555594beb2f0 .param/l "A_SIGNED" 0 10 3027, C4<0>;
P_0x555594beb330 .param/l "BOTADDSUB_CARRYSELECT" 0 10 3025, C4<00>;
P_0x555594beb370 .param/l "BOTADDSUB_LOWERINPUT" 0 10 3023, C4<00>;
P_0x555594beb3b0 .param/l "BOTADDSUB_UPPERINPUT" 0 10 3024, C4<0>;
P_0x555594beb3f0 .param/l "BOTOUTPUT_SELECT" 0 10 3022, C4<00>;
P_0x555594beb430 .param/l "BOT_8x8_MULT_REG" 0 10 3015, C4<0>;
P_0x555594beb470 .param/l "B_REG" 0 10 3012, C4<0>;
P_0x555594beb4b0 .param/l "B_SIGNED" 0 10 3028, C4<0>;
P_0x555594beb4f0 .param/l "C_REG" 0 10 3010, C4<0>;
P_0x555594beb530 .param/l "D_REG" 0 10 3013, C4<0>;
P_0x555594beb570 .param/l "MODE_8x8" 0 10 3026, C4<0>;
P_0x555594beb5b0 .param/l "NEG_TRIGGER" 0 10 3009, C4<0>;
P_0x555594beb5f0 .param/l "PIPELINE_16x16_MULT_REG1" 0 10 3016, C4<0>;
P_0x555594beb630 .param/l "PIPELINE_16x16_MULT_REG2" 0 10 3017, C4<0>;
P_0x555594beb670 .param/l "TOPADDSUB_CARRYSELECT" 0 10 3021, C4<00>;
P_0x555594beb6b0 .param/l "TOPADDSUB_LOWERINPUT" 0 10 3019, C4<00>;
P_0x555594beb6f0 .param/l "TOPADDSUB_UPPERINPUT" 0 10 3020, C4<0>;
P_0x555594beb730 .param/l "TOPOUTPUT_SELECT" 0 10 3018, C4<00>;
P_0x555594beb770 .param/l "TOP_8x8_MULT_REG" 0 10 3014, C4<0>;
o0x7fc0f76c2978 .functor BUFZ 1, c4<z>; HiZ drive
L_0x7fc0f766d960 .functor BUFT 1, C4<0>, C4<0>, C4<0>, C4<0>;
L_0x555594e518f0 .functor XOR 1, o0x7fc0f76c2978, L_0x7fc0f766d960, C4<0>, C4<0>;
o0x7fc0f76c28b8 .functor BUFZ 16, c4<zzzzzzzzzzzzzzzz>; HiZ drive
L_0x555594e519e0 .functor BUFZ 16, o0x7fc0f76c28b8, C4<0000000000000000>, C4<0000000000000000>, C4<0000000000000000>;
o0x7fc0f76c2678 .functor BUFZ 16, c4<zzzzzzzzzzzzzzzz>; HiZ drive
L_0x555594e51a80 .functor BUFZ 16, o0x7fc0f76c2678, C4<0000000000000000>, C4<0000000000000000>, C4<0000000000000000>;
o0x7fc0f76c27f8 .functor BUFZ 16, c4<zzzzzzzzzzzzzzzz>; HiZ drive
L_0x555594e51b50 .functor BUFZ 16, o0x7fc0f76c27f8, C4<0000000000000000>, C4<0000000000000000>, C4<0000000000000000>;
o0x7fc0f76c29d8 .functor BUFZ 16, c4<zzzzzzzzzzzzzzzz>; HiZ drive
L_0x555594e51c50 .functor BUFZ 16, o0x7fc0f76c29d8, C4<0000000000000000>, C4<0000000000000000>, C4<0000000000000000>;
L_0x555594e52ac0 .functor BUFZ 16, L_0x555594e52650, C4<0000000000000000>, C4<0000000000000000>, C4<0000000000000000>;
L_0x555594e52fd0 .functor BUFZ 16, L_0x555594e529d0, C4<0000000000000000>, C4<0000000000000000>, C4<0000000000000000>;
L_0x555594e53090 .functor BUFZ 16, L_0x555594e52d60, C4<0000000000000000>, C4<0000000000000000>, C4<0000000000000000>;
L_0x555594e531a0 .functor BUFZ 16, L_0x555594e52e50, C4<0000000000000000>, C4<0000000000000000>, C4<0000000000000000>;
L_0x555594e53ba0 .functor BUFZ 32, L_0x555594e54870, C4<00000000000000000000000000000000>, C4<00000000000000000000000000000000>, C4<00000000000000000000000000000000>;
L_0x555594e54a00 .functor BUFZ 16, v0x555594e14330_0, C4<0000000000000000>, C4<0000000000000000>, C4<0000000000000000>;
L_0x555594e54a70 .functor BUFZ 16, L_0x555594e51a80, C4<0000000000000000>, C4<0000000000000000>, C4<0000000000000000>;
L_0x555594e55460 .functor XOR 17, L_0x555594e54fb0, L_0x555594e552f0, C4<00000000000000000>, C4<00000000000000000>;
o0x7fc0f76c2738 .functor BUFZ 1, c4<z>; HiZ drive
L_0x555594e55610 .functor XOR 1, L_0x555594e54b50, o0x7fc0f76c2738, C4<0>, C4<0>;
L_0x555594e54ae0 .functor XOR 16, L_0x555594e54d00, L_0x555594e55900, C4<0000000000000000>, C4<0000000000000000>;
L_0x555594e55e20 .functor BUFZ 16, L_0x555594e55b90, C4<0000000000000000>, C4<0000000000000000>, C4<0000000000000000>;
L_0x555594e560e0 .functor BUFZ 16, v0x555594e14410_0, C4<0000000000000000>, C4<0000000000000000>, C4<0000000000000000>;
L_0x555594e561f0 .functor BUFZ 16, L_0x555594e51b50, C4<0000000000000000>, C4<0000000000000000>, C4<0000000000000000>;
L_0x555594e56da0 .functor XOR 17, L_0x555594e56710, L_0x555594e56aa0, C4<00000000000000000>, C4<00000000000000000>;
L_0x555594e56f60 .functor XOR 16, L_0x555594e56360, L_0x555594e57300, C4<0000000000000000>, C4<0000000000000000>;
L_0x555594e57900 .functor BUFZ 16, L_0x555594e57490, C4<0000000000000000>, C4<0000000000000000>, C4<0000000000000000>;
v0x555594e0c590_0 .net "A", 15 0, o0x7fc0f76c2678;  0 drivers
o0x7fc0f76c26a8 .functor BUFZ 1, c4<z>; HiZ drive
v0x555594e0c670_0 .net "ACCUMCI", 0 0, o0x7fc0f76c26a8;  0 drivers
v0x555594e0c730_0 .net "ACCUMCO", 0 0, L_0x555594e54b50;  1 drivers
o0x7fc0f76c2708 .functor BUFZ 1, c4<z>; HiZ drive
v0x555594e0c7d0_0 .net "ADDSUBBOT", 0 0, o0x7fc0f76c2708;  0 drivers
v0x555594e0c890_0 .net "ADDSUBTOP", 0 0, o0x7fc0f76c2738;  0 drivers
o0x7fc0f76c2768 .functor BUFZ 1, c4<z>; HiZ drive
v0x555594e0c950_0 .net "AHOLD", 0 0, o0x7fc0f76c2768;  0 drivers
v0x555594e0ca10_0 .net "Ah", 15 0, L_0x555594e51e70;  1 drivers
v0x555594e0caf0_0 .net "Al", 15 0, L_0x555594e52050;  1 drivers
v0x555594e0cbd0_0 .net "B", 15 0, o0x7fc0f76c27f8;  0 drivers
o0x7fc0f76c2828 .functor BUFZ 1, c4<z>; HiZ drive
v0x555594e0cd40_0 .net "BHOLD", 0 0, o0x7fc0f76c2828;  0 drivers
v0x555594e0ce00_0 .net "Bh", 15 0, L_0x555594e522e0;  1 drivers
v0x555594e0cee0_0 .net "Bl", 15 0, L_0x555594e524c0;  1 drivers
v0x555594e0cfc0_0 .net "C", 15 0, o0x7fc0f76c28b8;  0 drivers
o0x7fc0f76c28e8 .functor BUFZ 1, c4<z>; HiZ drive
v0x555594e0d0a0_0 .net "CE", 0 0, o0x7fc0f76c28e8;  0 drivers
o0x7fc0f76c2918 .functor BUFZ 1, c4<z>; HiZ drive
v0x555594e0d160_0 .net "CHOLD", 0 0, o0x7fc0f76c2918;  0 drivers
o0x7fc0f76c2948 .functor BUFZ 1, c4<z>; HiZ drive
v0x555594e0d220_0 .net "CI", 0 0, o0x7fc0f76c2948;  0 drivers
v0x555594e0d2e0_0 .net "CLK", 0 0, o0x7fc0f76c2978;  0 drivers
v0x555594e0d4b0_0 .net "CO", 0 0, L_0x555594e55610;  1 drivers
v0x555594e0d570_0 .net "D", 15 0, o0x7fc0f76c29d8;  0 drivers
o0x7fc0f76c2a08 .functor BUFZ 1, c4<z>; HiZ drive
v0x555594e0d650_0 .net "DHOLD", 0 0, o0x7fc0f76c2a08;  0 drivers
L_0x7fc0f766deb8 .functor BUFT 1, C4<0>, C4<0>, C4<0>, C4<0>;
v0x555594e0d710_0 .net "HCI", 0 0, L_0x7fc0f766deb8;  1 drivers
o0x7fc0f76c2a68 .functor BUFZ 1, c4<z>; HiZ drive
v0x555594e0d7d0_0 .net "IRSTBOT", 0 0, o0x7fc0f76c2a68;  0 drivers
o0x7fc0f76c2a98 .functor BUFZ 1, c4<z>; HiZ drive
v0x555594e0d890_0 .net "IRSTTOP", 0 0, o0x7fc0f76c2a98;  0 drivers
L_0x7fc0f766dfd8 .functor BUFT 1, C4<0>, C4<0>, C4<0>, C4<0>;
v0x555594e0d950_0 .net "LCI", 0 0, L_0x7fc0f766dfd8;  1 drivers
v0x555594e0da10_0 .net "LCO", 0 0, L_0x555594e56260;  1 drivers
v0x555594e0dad0_0 .net "O", 31 0, L_0x555594e579c0;  1 drivers
o0x7fc0f76c2b58 .functor BUFZ 1, c4<z>; HiZ drive
v0x555594e0dbb0_0 .net "OHOLDBOT", 0 0, o0x7fc0f76c2b58;  0 drivers
o0x7fc0f76c2b88 .functor BUFZ 1, c4<z>; HiZ drive
v0x555594e0dc70_0 .net "OHOLDTOP", 0 0, o0x7fc0f76c2b88;  0 drivers
o0x7fc0f76c2bb8 .functor BUFZ 1, c4<z>; HiZ drive
v0x555594e0dd30_0 .net "OLOADBOT", 0 0, o0x7fc0f76c2bb8;  0 drivers
o0x7fc0f76c2be8 .functor BUFZ 1, c4<z>; HiZ drive
v0x555594e0ddf0_0 .net "OLOADTOP", 0 0, o0x7fc0f76c2be8;  0 drivers
o0x7fc0f76c2c18 .functor BUFZ 1, c4<z>; HiZ drive
v0x555594e0deb0_0 .net "ORSTBOT", 0 0, o0x7fc0f76c2c18;  0 drivers
o0x7fc0f76c2c48 .functor BUFZ 1, c4<z>; HiZ drive
v0x555594e0df70_0 .net "ORSTTOP", 0 0, o0x7fc0f76c2c48;  0 drivers
v0x555594e0e030_0 .net "Oh", 15 0, L_0x555594e55e20;  1 drivers
v0x555594e0e320_0 .net "Ol", 15 0, L_0x555594e57900;  1 drivers
o0x7fc0f76c2cd8 .functor BUFZ 1, c4<z>; HiZ drive
v0x555594e0e400_0 .net "SIGNEXTIN", 0 0, o0x7fc0f76c2cd8;  0 drivers
v0x555594e0e4c0_0 .net "SIGNEXTOUT", 0 0, L_0x555594e55ee0;  1 drivers
v0x555594e0e580_0 .net "XW", 15 0, L_0x555594e54d00;  1 drivers
v0x555594e0e660_0 .net "YZ", 15 0, L_0x555594e56360;  1 drivers
v0x555594e0e740_0 .net/2u *"_ivl_0", 0 0, L_0x7fc0f766d960;  1 drivers
v0x555594e0e820_0 .net *"_ivl_100", 31 0, L_0x555594e54310;  1 drivers
L_0x7fc0f766dd50 .functor BUFT 1, C4<0000000000000000>, C4<0>, C4<0>, C4<0>;
v0x555594e0e900_0 .net *"_ivl_103", 15 0, L_0x7fc0f766dd50;  1 drivers
v0x555594e0e9e0_0 .net *"_ivl_104", 31 0, L_0x555594e54630;  1 drivers
v0x555594e0eac0_0 .net *"_ivl_106", 15 0, L_0x555594e54540;  1 drivers
L_0x7fc0f766dd98 .functor BUFT 1, C4<0000000000000000>, C4<0>, C4<0>, C4<0>;
v0x555594e0eba0_0 .net *"_ivl_108", 15 0, L_0x7fc0f766dd98;  1 drivers
L_0x7fc0f766d9a8 .functor BUFT 1, C4<00000000>, C4<0>, C4<0>, C4<0>;
v0x555594e0ec80_0 .net/2u *"_ivl_12", 7 0, L_0x7fc0f766d9a8;  1 drivers
v0x555594e0ed60_0 .net *"_ivl_121", 16 0, L_0x555594e54da0;  1 drivers
L_0x7fc0f766dde0 .functor BUFT 1, C4<0>, C4<0>, C4<0>, C4<0>;
v0x555594e0ee40_0 .net *"_ivl_124", 0 0, L_0x7fc0f766dde0;  1 drivers
v0x555594e0ef20_0 .net *"_ivl_125", 16 0, L_0x555594e54fb0;  1 drivers
L_0x7fc0f766de28 .functor BUFT 1, C4<0>, C4<0>, C4<0>, C4<0>;
v0x555594e0f000_0 .net *"_ivl_128", 0 0, L_0x7fc0f766de28;  1 drivers
v0x555594e0f0e0_0 .net *"_ivl_130", 15 0, L_0x555594e550f0;  1 drivers
v0x555594e0f1c0_0 .net *"_ivl_131", 16 0, L_0x555594e552f0;  1 drivers
L_0x7fc0f766de70 .functor BUFT 1, C4<0>, C4<0>, C4<0>, C4<0>;
v0x555594e0f2a0_0 .net *"_ivl_134", 0 0, L_0x7fc0f766de70;  1 drivers
v0x555594e0f380_0 .net *"_ivl_135", 16 0, L_0x555594e55460;  1 drivers
v0x555594e0f460_0 .net *"_ivl_137", 16 0, L_0x555594e55570;  1 drivers
L_0x7fc0f766e188 .functor BUFT 1, C4<00000000000000000>, C4<0>, C4<0>, C4<0>;
v0x555594e0f540_0 .net *"_ivl_139", 16 0, L_0x7fc0f766e188;  1 drivers
v0x555594e0f620_0 .net *"_ivl_143", 16 0, L_0x555594e551c0;  1 drivers
v0x555594e0f700_0 .net *"_ivl_148", 15 0, L_0x555594e55900;  1 drivers
v0x555594e0f7e0_0 .net *"_ivl_149", 15 0, L_0x555594e54ae0;  1 drivers
v0x555594e0f8c0_0 .net *"_ivl_15", 7 0, L_0x555594e51d50;  1 drivers
v0x555594e0f9a0_0 .net *"_ivl_168", 16 0, L_0x555594e565a0;  1 drivers
L_0x7fc0f766df00 .functor BUFT 1, C4<0>, C4<0>, C4<0>, C4<0>;
v0x555594e0fa80_0 .net *"_ivl_171", 0 0, L_0x7fc0f766df00;  1 drivers
v0x555594e0fb60_0 .net *"_ivl_172", 16 0, L_0x555594e56710;  1 drivers
L_0x7fc0f766df48 .functor BUFT 1, C4<0>, C4<0>, C4<0>, C4<0>;
v0x555594e0fc40_0 .net *"_ivl_175", 0 0, L_0x7fc0f766df48;  1 drivers
v0x555594e0fd20_0 .net *"_ivl_177", 15 0, L_0x555594e569d0;  1 drivers
v0x555594e0fe00_0 .net *"_ivl_178", 16 0, L_0x555594e56aa0;  1 drivers
L_0x7fc0f766d9f0 .functor BUFT 1, C4<00000000>, C4<0>, C4<0>, C4<0>;
v0x555594e0fee0_0 .net/2u *"_ivl_18", 7 0, L_0x7fc0f766d9f0;  1 drivers
L_0x7fc0f766df90 .functor BUFT 1, C4<0>, C4<0>, C4<0>, C4<0>;
v0x555594e0ffc0_0 .net *"_ivl_181", 0 0, L_0x7fc0f766df90;  1 drivers
v0x555594e100a0_0 .net *"_ivl_182", 16 0, L_0x555594e56da0;  1 drivers
v0x555594e10180_0 .net *"_ivl_184", 16 0, L_0x555594e56150;  1 drivers
L_0x7fc0f766e1d0 .functor BUFT 1, C4<00000000000000000>, C4<0>, C4<0>, C4<0>;
v0x555594e10260_0 .net *"_ivl_186", 16 0, L_0x7fc0f766e1d0;  1 drivers
v0x555594e10340_0 .net *"_ivl_190", 16 0, L_0x555594e57070;  1 drivers
v0x555594e10420_0 .net *"_ivl_193", 15 0, L_0x555594e57300;  1 drivers
v0x555594e10500_0 .net *"_ivl_194", 15 0, L_0x555594e56f60;  1 drivers
v0x555594e105e0_0 .net *"_ivl_21", 7 0, L_0x555594e51fb0;  1 drivers
L_0x7fc0f766da38 .functor BUFT 1, C4<00000000>, C4<0>, C4<0>, C4<0>;
v0x555594e106c0_0 .net/2u *"_ivl_24", 7 0, L_0x7fc0f766da38;  1 drivers
v0x555594e107a0_0 .net *"_ivl_27", 7 0, L_0x555594e521f0;  1 drivers
L_0x7fc0f766da80 .functor BUFT 1, C4<00000000>, C4<0>, C4<0>, C4<0>;
v0x555594e10880_0 .net/2u *"_ivl_30", 7 0, L_0x7fc0f766da80;  1 drivers
v0x555594e10960_0 .net *"_ivl_33", 7 0, L_0x555594e52420;  1 drivers
L_0x7fc0f766dac8 .functor BUFT 1, C4<00000000>, C4<0>, C4<0>, C4<0>;
v0x555594e10a40_0 .net/2u *"_ivl_38", 7 0, L_0x7fc0f766dac8;  1 drivers
v0x555594e10b20_0 .net *"_ivl_41", 7 0, L_0x555594e52790;  1 drivers
v0x555594e10c00_0 .net *"_ivl_42", 15 0, L_0x555594e528e0;  1 drivers
L_0x7fc0f766db10 .functor BUFT 1, C4<00000000>, C4<0>, C4<0>, C4<0>;
v0x555594e10ce0_0 .net/2u *"_ivl_46", 7 0, L_0x7fc0f766db10;  1 drivers
v0x555594e10dc0_0 .net *"_ivl_49", 7 0, L_0x555594e52b30;  1 drivers
v0x555594e10ea0_0 .net *"_ivl_50", 15 0, L_0x555594e52c20;  1 drivers
L_0x7fc0f766db58 .functor BUFT 1, C4<00000000>, C4<0>, C4<0>, C4<0>;
v0x555594e10f80_0 .net/2u *"_ivl_64", 7 0, L_0x7fc0f766db58;  1 drivers
L_0x7fc0f766dba0 .functor BUFT 1, C4<00000000>, C4<0>, C4<0>, C4<0>;
v0x555594e11060_0 .net/2u *"_ivl_68", 7 0, L_0x7fc0f766dba0;  1 drivers
v0x555594e11140_0 .net *"_ivl_72", 31 0, L_0x555594e53580;  1 drivers
L_0x7fc0f766dbe8 .functor BUFT 1, C4<0000000000000000>, C4<0>, C4<0>, C4<0>;
v0x555594e11220_0 .net *"_ivl_75", 15 0, L_0x7fc0f766dbe8;  1 drivers
v0x555594e11300_0 .net *"_ivl_76", 31 0, L_0x555594e536c0;  1 drivers
L_0x7fc0f766dc30 .functor BUFT 1, C4<00000000>, C4<0>, C4<0>, C4<0>;
v0x555594e113e0_0 .net *"_ivl_79", 7 0, L_0x7fc0f766dc30;  1 drivers
v0x555594e114c0_0 .net *"_ivl_80", 31 0, L_0x555594e53900;  1 drivers
v0x555594e115a0_0 .net *"_ivl_82", 23 0, L_0x555594e534e0;  1 drivers
L_0x7fc0f766dc78 .functor BUFT 1, C4<00000000>, C4<0>, C4<0>, C4<0>;
v0x555594e11680_0 .net *"_ivl_84", 7 0, L_0x7fc0f766dc78;  1 drivers
v0x555594e11760_0 .net *"_ivl_86", 31 0, L_0x555594e53b00;  1 drivers
v0x555594e11840_0 .net *"_ivl_88", 31 0, L_0x555594e53cb0;  1 drivers
L_0x7fc0f766dcc0 .functor BUFT 1, C4<00000000>, C4<0>, C4<0>, C4<0>;
v0x555594e11920_0 .net *"_ivl_91", 7 0, L_0x7fc0f766dcc0;  1 drivers
v0x555594e11a00_0 .net *"_ivl_92", 31 0, L_0x555594e53fb0;  1 drivers
v0x555594e11ae0_0 .net *"_ivl_94", 23 0, L_0x555594e53ec0;  1 drivers
L_0x7fc0f766dd08 .functor BUFT 1, C4<00000000>, C4<0>, C4<0>, C4<0>;
v0x555594e11bc0_0 .net *"_ivl_96", 7 0, L_0x7fc0f766dd08;  1 drivers
v0x555594e11ca0_0 .net *"_ivl_98", 31 0, L_0x555594e541d0;  1 drivers
v0x555594e11d80_0 .net "clock", 0 0, L_0x555594e518f0;  1 drivers
v0x555594e11e40_0 .net "iA", 15 0, L_0x555594e51a80;  1 drivers
v0x555594e11f20_0 .net "iB", 15 0, L_0x555594e51b50;  1 drivers
v0x555594e12000_0 .net "iC", 15 0, L_0x555594e519e0;  1 drivers
v0x555594e120e0_0 .net "iD", 15 0, L_0x555594e51c50;  1 drivers
v0x555594e121c0_0 .net "iF", 15 0, L_0x555594e52ac0;  1 drivers
v0x555594e122a0_0 .net "iG", 15 0, L_0x555594e531a0;  1 drivers
v0x555594e12380_0 .net "iH", 31 0, L_0x555594e53ba0;  1 drivers
v0x555594e12460_0 .net "iJ", 15 0, L_0x555594e52fd0;  1 drivers
v0x555594e12540_0 .net "iJ_e", 23 0, L_0x555594e533a0;  1 drivers
v0x555594e12620_0 .net "iK", 15 0, L_0x555594e53090;  1 drivers
v0x555594e12700_0 .net "iK_e", 23 0, L_0x555594e53260;  1 drivers
v0x555594e127e0_0 .net "iL", 31 0, L_0x555594e54870;  1 drivers
v0x555594e128c0_0 .net "iP", 15 0, L_0x555594e55b90;  1 drivers
v0x555594e129a0_0 .net "iQ", 15 0, v0x555594e14330_0;  1 drivers
v0x555594e12a80_0 .net "iR", 15 0, L_0x555594e57490;  1 drivers
v0x555594e12b60_0 .net "iS", 15 0, v0x555594e14410_0;  1 drivers
v0x555594e12c40_0 .net "iW", 15 0, L_0x555594e54a00;  1 drivers
v0x555594e12d20_0 .net "iX", 15 0, L_0x555594e54a70;  1 drivers
v0x555594e12e00_0 .net "iY", 15 0, L_0x555594e560e0;  1 drivers
v0x555594e12ee0_0 .net "iZ", 15 0, L_0x555594e561f0;  1 drivers
v0x555594e12fc0_0 .net "p_Ah_Bh", 15 0, L_0x555594e52650;  1 drivers
v0x555594e130a0_0 .net "p_Ah_Bl", 15 0, L_0x555594e52d60;  1 drivers
v0x555594e13180_0 .net "p_Al_Bh", 15 0, L_0x555594e529d0;  1 drivers
v0x555594e13260_0 .net "p_Al_Bl", 15 0, L_0x555594e52e50;  1 drivers
v0x555594e13340_0 .var "rA", 15 0;
v0x555594e13420_0 .var "rB", 15 0;
v0x555594e13500_0 .var "rC", 15 0;
v0x555594e135e0_0 .var "rD", 15 0;
v0x555594e13ed0_0 .var "rF", 15 0;
v0x555594e13fb0_0 .var "rG", 15 0;
v0x555594e14090_0 .var "rH", 31 0;
v0x555594e14170_0 .var "rJ", 15 0;
v0x555594e14250_0 .var "rK", 15 0;
v0x555594e14330_0 .var "rQ", 15 0;
v0x555594e14410_0 .var "rS", 15 0;
E_0x555594e0c3c0 .event posedge, v0x555594e0deb0_0, v0x555594e11d80_0;
E_0x555594e0c440 .event posedge, v0x555594e0df70_0, v0x555594e11d80_0;
E_0x555594e0c4a0 .event posedge, v0x555594e0d7d0_0, v0x555594e11d80_0;
E_0x555594e0c500 .event posedge, v0x555594e0d890_0, v0x555594e11d80_0;
L_0x555594e51d50 .part L_0x555594e51a80, 8, 8;
L_0x555594e51e70 .concat [ 8 8 0 0], L_0x555594e51d50, L_0x7fc0f766d9a8;
L_0x555594e51fb0 .part L_0x555594e51a80, 0, 8;
L_0x555594e52050 .concat [ 8 8 0 0], L_0x555594e51fb0, L_0x7fc0f766d9f0;
L_0x555594e521f0 .part L_0x555594e51b50, 8, 8;
L_0x555594e522e0 .concat [ 8 8 0 0], L_0x555594e521f0, L_0x7fc0f766da38;
L_0x555594e52420 .part L_0x555594e51b50, 0, 8;
L_0x555594e524c0 .concat [ 8 8 0 0], L_0x555594e52420, L_0x7fc0f766da80;
L_0x555594e52650 .arith/mult 16, L_0x555594e51e70, L_0x555594e522e0;
L_0x555594e52790 .part L_0x555594e52050, 0, 8;
L_0x555594e528e0 .concat [ 8 8 0 0], L_0x555594e52790, L_0x7fc0f766dac8;
L_0x555594e529d0 .arith/mult 16, L_0x555594e528e0, L_0x555594e522e0;
L_0x555594e52b30 .part L_0x555594e524c0, 0, 8;
L_0x555594e52c20 .concat [ 8 8 0 0], L_0x555594e52b30, L_0x7fc0f766db10;
L_0x555594e52d60 .arith/mult 16, L_0x555594e51e70, L_0x555594e52c20;
L_0x555594e52e50 .arith/mult 16, L_0x555594e52050, L_0x555594e524c0;
L_0x555594e53260 .concat [ 16 8 0 0], L_0x555594e53090, L_0x7fc0f766db58;
L_0x555594e533a0 .concat [ 16 8 0 0], L_0x555594e52fd0, L_0x7fc0f766dba0;
L_0x555594e53580 .concat [ 16 16 0 0], L_0x555594e531a0, L_0x7fc0f766dbe8;
L_0x555594e536c0 .concat [ 24 8 0 0], L_0x555594e53260, L_0x7fc0f766dc30;
L_0x555594e534e0 .part L_0x555594e536c0, 0, 24;
L_0x555594e53900 .concat [ 8 24 0 0], L_0x7fc0f766dc78, L_0x555594e534e0;
L_0x555594e53b00 .arith/sum 32, L_0x555594e53580, L_0x555594e53900;
L_0x555594e53cb0 .concat [ 24 8 0 0], L_0x555594e533a0, L_0x7fc0f766dcc0;
L_0x555594e53ec0 .part L_0x555594e53cb0, 0, 24;
L_0x555594e53fb0 .concat [ 8 24 0 0], L_0x7fc0f766dd08, L_0x555594e53ec0;
L_0x555594e541d0 .arith/sum 32, L_0x555594e53b00, L_0x555594e53fb0;
L_0x555594e54310 .concat [ 16 16 0 0], L_0x555594e52ac0, L_0x7fc0f766dd50;
L_0x555594e54540 .part L_0x555594e54310, 0, 16;
L_0x555594e54630 .concat [ 16 16 0 0], L_0x7fc0f766dd98, L_0x555594e54540;
L_0x555594e54870 .arith/sum 32, L_0x555594e541d0, L_0x555594e54630;
L_0x555594e54b50 .part L_0x555594e551c0, 16, 1;
L_0x555594e54d00 .part L_0x555594e551c0, 0, 16;
L_0x555594e54da0 .concat [ 16 1 0 0], L_0x555594e54a70, L_0x7fc0f766dde0;
L_0x555594e54fb0 .concat [ 16 1 0 0], L_0x555594e54a00, L_0x7fc0f766de28;
L_0x555594e550f0 .repeat 16, 16, o0x7fc0f76c2738;
L_0x555594e552f0 .concat [ 16 1 0 0], L_0x555594e550f0, L_0x7fc0f766de70;
L_0x555594e55570 .arith/sum 17, L_0x555594e54da0, L_0x555594e55460;
L_0x555594e551c0 .arith/sum 17, L_0x555594e55570, L_0x7fc0f766e188;
L_0x555594e55900 .repeat 16, 16, o0x7fc0f76c2738;
L_0x555594e55b90 .functor MUXZ 16, L_0x555594e54ae0, L_0x555594e519e0, o0x7fc0f76c2be8, C4<>;
L_0x555594e55ee0 .part L_0x555594e54a70, 15, 1;
L_0x555594e56260 .part L_0x555594e57070, 16, 1;
L_0x555594e56360 .part L_0x555594e57070, 0, 16;
L_0x555594e565a0 .concat [ 16 1 0 0], L_0x555594e561f0, L_0x7fc0f766df00;
L_0x555594e56710 .concat [ 16 1 0 0], L_0x555594e560e0, L_0x7fc0f766df48;
L_0x555594e569d0 .repeat 16, 16, o0x7fc0f76c2708;
L_0x555594e56aa0 .concat [ 16 1 0 0], L_0x555594e569d0, L_0x7fc0f766df90;
L_0x555594e56150 .arith/sum 17, L_0x555594e565a0, L_0x555594e56da0;
L_0x555594e57070 .arith/sum 17, L_0x555594e56150, L_0x7fc0f766e1d0;
L_0x555594e57300 .repeat 16, 16, o0x7fc0f76c2708;
L_0x555594e57490 .functor MUXZ 16, L_0x555594e56f60, L_0x555594e51c50, o0x7fc0f76c2bb8, C4<>;
L_0x555594e579c0 .concat [ 16 16 0 0], L_0x555594e57900, L_0x555594e55e20;
S_0x555594d385e0 .scope module, "SB_PLL40_2F_CORE" "SB_PLL40_2F_CORE" 10 2521;
 .timescale -12 -12;
    .port_info 0 /INPUT 1 "REFERENCECLK";
    .port_info 1 /OUTPUT 1 "PLLOUTCOREA";
    .port_info 2 /OUTPUT 1 "PLLOUTGLOBALA";
    .port_info 3 /OUTPUT 1 "PLLOUTCOREB";
    .port_info 4 /OUTPUT 1 "PLLOUTGLOBALB";
    .port_info 5 /INPUT 1 "EXTFEEDBACK";
    .port_info 6 /INPUT 8 "DYNAMICDELAY";
    .port_info 7 /OUTPUT 1 "LOCK";
    .port_info 8 /INPUT 1 "BYPASS";
    .port_info 9 /INPUT 1 "RESETB";
    .port_info 10 /INPUT 1 "LATCHINPUTVALUE";
    .port_info 11 /OUTPUT 1 "SDO";
    .port_info 12 /INPUT 1 "SDI";
    .port_info 13 /INPUT 1 "SCLK";
P_0x555594c46900 .param/str "DELAY_ADJUSTMENT_MODE_FEEDBACK" 0 10 2538, "FIXED";
P_0x555594c46940 .param/str "DELAY_ADJUSTMENT_MODE_RELATIVE" 0 10 2539, "FIXED";
P_0x555594c46980 .param/l "DIVF" 0 10 2546, C4<0000000>;
P_0x555594c469c0 .param/l "DIVQ" 0 10 2547, C4<000>;
P_0x555594c46a00 .param/l "DIVR" 0 10 2545, C4<0000>;
P_0x555594c46a40 .param/l "ENABLE_ICEGATE_PORTA" 0 10 2549, C4<0>;
P_0x555594c46a80 .param/l "ENABLE_ICEGATE_PORTB" 0 10 2550, C4<0>;
P_0x555594c46ac0 .param/l "EXTERNAL_DIVIDE_FACTOR" 0 10 2552, +C4<00000000000000000000000000000001>;
P_0x555594c46b00 .param/l "FDA_FEEDBACK" 0 10 2541, C4<0000>;
P_0x555594c46b40 .param/l "FDA_RELATIVE" 0 10 2542, C4<0000>;
P_0x555594c46b80 .param/str "FEEDBACK_PATH" 0 10 2537, "SIMPLE";
P_0x555594c46bc0 .param/l "FILTER_RANGE" 0 10 2548, C4<000>;
P_0x555594c46c00 .param/str "PLLOUT_SELECT_PORTA" 0 10 2543, "GENCLK";
P_0x555594c46c40 .param/str "PLLOUT_SELECT_PORTB" 0 10 2544, "GENCLK";
P_0x555594c46c80 .param/l "SHIFTREG_DIV_MODE" 0 10 2540, C4<0>;
P_0x555594c46cc0 .param/l "TEST_MODE" 0 10 2551, C4<0>;
o0x7fc0f76c4508 .functor BUFZ 1, c4<z>; HiZ drive
v0x555594e14930_0 .net "BYPASS", 0 0, o0x7fc0f76c4508;  0 drivers
o0x7fc0f76c4538 .functor BUFZ 8, c4<zzzzzzzz>; HiZ drive
v0x555594e14a10_0 .net "DYNAMICDELAY", 7 0, o0x7fc0f76c4538;  0 drivers
o0x7fc0f76c4568 .functor BUFZ 1, c4<z>; HiZ drive
v0x555594e14af0_0 .net "EXTFEEDBACK", 0 0, o0x7fc0f76c4568;  0 drivers
o0x7fc0f76c4598 .functor BUFZ 1, c4<z>; HiZ drive
v0x555594e14b90_0 .net "LATCHINPUTVALUE", 0 0, o0x7fc0f76c4598;  0 drivers
o0x7fc0f76c45c8 .functor BUFZ 1, c4<z>; HiZ drive
v0x555594e14c50_0 .net "LOCK", 0 0, o0x7fc0f76c45c8;  0 drivers
o0x7fc0f76c45f8 .functor BUFZ 1, c4<z>; HiZ drive
v0x555594e14d10_0 .net "PLLOUTCOREA", 0 0, o0x7fc0f76c45f8;  0 drivers
o0x7fc0f76c4628 .functor BUFZ 1, c4<z>; HiZ drive
v0x555594e14dd0_0 .net "PLLOUTCOREB", 0 0, o0x7fc0f76c4628;  0 drivers
o0x7fc0f76c4658 .functor BUFZ 1, c4<z>; HiZ drive
v0x555594e14e90_0 .net "PLLOUTGLOBALA", 0 0, o0x7fc0f76c4658;  0 drivers
o0x7fc0f76c4688 .functor BUFZ 1, c4<z>; HiZ drive
v0x555594e14f50_0 .net "PLLOUTGLOBALB", 0 0, o0x7fc0f76c4688;  0 drivers
o0x7fc0f76c46b8 .functor BUFZ 1, c4<z>; HiZ drive
v0x555594e15010_0 .net "REFERENCECLK", 0 0, o0x7fc0f76c46b8;  0 drivers
o0x7fc0f76c46e8 .functor BUFZ 1, c4<z>; HiZ drive
v0x555594e150d0_0 .net "RESETB", 0 0, o0x7fc0f76c46e8;  0 drivers
o0x7fc0f76c4718 .functor BUFZ 1, c4<z>; HiZ drive
v0x555594e15190_0 .net "SCLK", 0 0, o0x7fc0f76c4718;  0 drivers
o0x7fc0f76c4748 .functor BUFZ 1, c4<z>; HiZ drive
v0x555594e15250_0 .net "SDI", 0 0, o0x7fc0f76c4748;  0 drivers
o0x7fc0f76c4778 .functor BUFZ 1, c4<z>; HiZ drive
v0x555594e15310_0 .net "SDO", 0 0, o0x7fc0f76c4778;  0 drivers
S_0x555594d3d270 .scope module, "SB_PLL40_2F_PAD" "SB_PLL40_2F_PAD" 10 2556;
 .timescale -12 -12;
    .port_info 0 /INPUT 1 "PACKAGEPIN";
    .port_info 1 /OUTPUT 1 "PLLOUTCOREA";
    .port_info 2 /OUTPUT 1 "PLLOUTGLOBALA";
    .port_info 3 /OUTPUT 1 "PLLOUTCOREB";
    .port_info 4 /OUTPUT 1 "PLLOUTGLOBALB";
    .port_info 5 /INPUT 1 "EXTFEEDBACK";
    .port_info 6 /INPUT 8 "DYNAMICDELAY";
    .port_info 7 /OUTPUT 1 "LOCK";
    .port_info 8 /INPUT 1 "BYPASS";
    .port_info 9 /INPUT 1 "RESETB";
    .port_info 10 /INPUT 1 "LATCHINPUTVALUE";
    .port_info 11 /OUTPUT 1 "SDO";
    .port_info 12 /INPUT 1 "SDI";
    .port_info 13 /INPUT 1 "SCLK";
P_0x555594c694e0 .param/str "DELAY_ADJUSTMENT_MODE_FEEDBACK" 0 10 2573, "FIXED";
P_0x555594c69520 .param/str "DELAY_ADJUSTMENT_MODE_RELATIVE" 0 10 2574, "FIXED";
P_0x555594c69560 .param/l "DIVF" 0 10 2581, C4<0000000>;
P_0x555594c695a0 .param/l "DIVQ" 0 10 2582, C4<000>;
P_0x555594c695e0 .param/l "DIVR" 0 10 2580, C4<0000>;
P_0x555594c69620 .param/l "ENABLE_ICEGATE_PORTA" 0 10 2584, C4<0>;
P_0x555594c69660 .param/l "ENABLE_ICEGATE_PORTB" 0 10 2585, C4<0>;
P_0x555594c696a0 .param/l "EXTERNAL_DIVIDE_FACTOR" 0 10 2587, +C4<00000000000000000000000000000001>;
P_0x555594c696e0 .param/l "FDA_FEEDBACK" 0 10 2576, C4<0000>;
P_0x555594c69720 .param/l "FDA_RELATIVE" 0 10 2577, C4<0000>;
P_0x555594c69760 .param/str "FEEDBACK_PATH" 0 10 2572, "SIMPLE";
P_0x555594c697a0 .param/l "FILTER_RANGE" 0 10 2583, C4<000>;
P_0x555594c697e0 .param/str "PLLOUT_SELECT_PORTA" 0 10 2578, "GENCLK";
P_0x555594c69820 .param/str "PLLOUT_SELECT_PORTB" 0 10 2579, "GENCLK";
P_0x555594c69860 .param/l "SHIFTREG_DIV_MODE" 0 10 2575, C4<00>;
P_0x555594c698a0 .param/l "TEST_MODE" 0 10 2586, C4<0>;
o0x7fc0f76c4a48 .functor BUFZ 1, c4<z>; HiZ drive
v0x555594e15590_0 .net "BYPASS", 0 0, o0x7fc0f76c4a48;  0 drivers
o0x7fc0f76c4a78 .functor BUFZ 8, c4<zzzzzzzz>; HiZ drive
v0x555594e15670_0 .net "DYNAMICDELAY", 7 0, o0x7fc0f76c4a78;  0 drivers
o0x7fc0f76c4aa8 .functor BUFZ 1, c4<z>; HiZ drive
v0x555594e15750_0 .net "EXTFEEDBACK", 0 0, o0x7fc0f76c4aa8;  0 drivers
o0x7fc0f76c4ad8 .functor BUFZ 1, c4<z>; HiZ drive
v0x555594e157f0_0 .net "LATCHINPUTVALUE", 0 0, o0x7fc0f76c4ad8;  0 drivers
o0x7fc0f76c4b08 .functor BUFZ 1, c4<z>; HiZ drive
v0x555594e158b0_0 .net "LOCK", 0 0, o0x7fc0f76c4b08;  0 drivers
o0x7fc0f76c4b38 .functor BUFZ 1, c4<z>; HiZ drive
v0x555594e15970_0 .net "PACKAGEPIN", 0 0, o0x7fc0f76c4b38;  0 drivers
o0x7fc0f76c4b68 .functor BUFZ 1, c4<z>; HiZ drive
v0x555594e15a30_0 .net "PLLOUTCOREA", 0 0, o0x7fc0f76c4b68;  0 drivers
o0x7fc0f76c4b98 .functor BUFZ 1, c4<z>; HiZ drive
v0x555594e15af0_0 .net "PLLOUTCOREB", 0 0, o0x7fc0f76c4b98;  0 drivers
o0x7fc0f76c4bc8 .functor BUFZ 1, c4<z>; HiZ drive
v0x555594e15bb0_0 .net "PLLOUTGLOBALA", 0 0, o0x7fc0f76c4bc8;  0 drivers
o0x7fc0f76c4bf8 .functor BUFZ 1, c4<z>; HiZ drive
v0x555594e15d00_0 .net "PLLOUTGLOBALB", 0 0, o0x7fc0f76c4bf8;  0 drivers
o0x7fc0f76c4c28 .functor BUFZ 1, c4<z>; HiZ drive
v0x555594e15dc0_0 .net "RESETB", 0 0, o0x7fc0f76c4c28;  0 drivers
o0x7fc0f76c4c58 .functor BUFZ 1, c4<z>; HiZ drive
v0x555594e15e80_0 .net "SCLK", 0 0, o0x7fc0f76c4c58;  0 drivers
o0x7fc0f76c4c88 .functor BUFZ 1, c4<z>; HiZ drive
v0x555594e15f40_0 .net "SDI", 0 0, o0x7fc0f76c4c88;  0 drivers
o0x7fc0f76c4cb8 .functor BUFZ 1, c4<z>; HiZ drive
v0x555594e16000_0 .net "SDO", 0 0, o0x7fc0f76c4cb8;  0 drivers
S_0x555594d3c320 .scope module, "SB_PLL40_2_PAD" "SB_PLL40_2_PAD" 10 2487;
 .timescale -12 -12;
    .port_info 0 /INPUT 1 "PACKAGEPIN";
    .port_info 1 /OUTPUT 1 "PLLOUTCOREA";
    .port_info 2 /OUTPUT 1 "PLLOUTGLOBALA";
    .port_info 3 /OUTPUT 1 "PLLOUTCOREB";
    .port_info 4 /OUTPUT 1 "PLLOUTGLOBALB";
    .port_info 5 /INPUT 1 "EXTFEEDBACK";
    .port_info 6 /INPUT 8 "DYNAMICDELAY";
    .port_info 7 /OUTPUT 1 "LOCK";
    .port_info 8 /INPUT 1 "BYPASS";
    .port_info 9 /INPUT 1 "RESETB";
    .port_info 10 /INPUT 1 "LATCHINPUTVALUE";
    .port_info 11 /OUTPUT 1 "SDO";
    .port_info 12 /INPUT 1 "SDI";
    .port_info 13 /INPUT 1 "SCLK";
P_0x555594c6bc20 .param/str "DELAY_ADJUSTMENT_MODE_FEEDBACK" 0 10 2504, "FIXED";
P_0x555594c6bc60 .param/str "DELAY_ADJUSTMENT_MODE_RELATIVE" 0 10 2505, "FIXED";
P_0x555594c6bca0 .param/l "DIVF" 0 10 2511, C4<0000000>;
P_0x555594c6bce0 .param/l "DIVQ" 0 10 2512, C4<000>;
P_0x555594c6bd20 .param/l "DIVR" 0 10 2510, C4<0000>;
P_0x555594c6bd60 .param/l "ENABLE_ICEGATE_PORTA" 0 10 2514, C4<0>;
P_0x555594c6bda0 .param/l "ENABLE_ICEGATE_PORTB" 0 10 2515, C4<0>;
P_0x555594c6bde0 .param/l "EXTERNAL_DIVIDE_FACTOR" 0 10 2517, +C4<00000000000000000000000000000001>;
P_0x555594c6be20 .param/l "FDA_FEEDBACK" 0 10 2507, C4<0000>;
P_0x555594c6be60 .param/l "FDA_RELATIVE" 0 10 2508, C4<0000>;
P_0x555594c6bea0 .param/str "FEEDBACK_PATH" 0 10 2503, "SIMPLE";
P_0x555594c6bee0 .param/l "FILTER_RANGE" 0 10 2513, C4<000>;
P_0x555594c6bf20 .param/str "PLLOUT_SELECT_PORTB" 0 10 2509, "GENCLK";
P_0x555594c6bf60 .param/l "SHIFTREG_DIV_MODE" 0 10 2506, C4<0>;
P_0x555594c6bfa0 .param/l "TEST_MODE" 0 10 2516, C4<0>;
o0x7fc0f76c4f88 .functor BUFZ 1, c4<z>; HiZ drive
v0x555594e16280_0 .net "BYPASS", 0 0, o0x7fc0f76c4f88;  0 drivers
o0x7fc0f76c4fb8 .functor BUFZ 8, c4<zzzzzzzz>; HiZ drive
v0x555594e16360_0 .net "DYNAMICDELAY", 7 0, o0x7fc0f76c4fb8;  0 drivers
o0x7fc0f76c4fe8 .functor BUFZ 1, c4<z>; HiZ drive
v0x555594e16440_0 .net "EXTFEEDBACK", 0 0, o0x7fc0f76c4fe8;  0 drivers
o0x7fc0f76c5018 .functor BUFZ 1, c4<z>; HiZ drive
v0x555594e164e0_0 .net "LATCHINPUTVALUE", 0 0, o0x7fc0f76c5018;  0 drivers
o0x7fc0f76c5048 .functor BUFZ 1, c4<z>; HiZ drive
v0x555594e165a0_0 .net "LOCK", 0 0, o0x7fc0f76c5048;  0 drivers
o0x7fc0f76c5078 .functor BUFZ 1, c4<z>; HiZ drive
v0x555594e16660_0 .net "PACKAGEPIN", 0 0, o0x7fc0f76c5078;  0 drivers
o0x7fc0f76c50a8 .functor BUFZ 1, c4<z>; HiZ drive
v0x555594e16720_0 .net "PLLOUTCOREA", 0 0, o0x7fc0f76c50a8;  0 drivers
o0x7fc0f76c50d8 .functor BUFZ 1, c4<z>; HiZ drive
v0x555594e167e0_0 .net "PLLOUTCOREB", 0 0, o0x7fc0f76c50d8;  0 drivers
o0x7fc0f76c5108 .functor BUFZ 1, c4<z>; HiZ drive
v0x555594e168a0_0 .net "PLLOUTGLOBALA", 0 0, o0x7fc0f76c5108;  0 drivers
o0x7fc0f76c5138 .functor BUFZ 1, c4<z>; HiZ drive
v0x555594e169f0_0 .net "PLLOUTGLOBALB", 0 0, o0x7fc0f76c5138;  0 drivers
o0x7fc0f76c5168 .functor BUFZ 1, c4<z>; HiZ drive
v0x555594e16ab0_0 .net "RESETB", 0 0, o0x7fc0f76c5168;  0 drivers
o0x7fc0f76c5198 .functor BUFZ 1, c4<z>; HiZ drive
v0x555594e16b70_0 .net "SCLK", 0 0, o0x7fc0f76c5198;  0 drivers
o0x7fc0f76c51c8 .functor BUFZ 1, c4<z>; HiZ drive
v0x555594e16c30_0 .net "SDI", 0 0, o0x7fc0f76c51c8;  0 drivers
o0x7fc0f76c51f8 .functor BUFZ 1, c4<z>; HiZ drive
v0x555594e16cf0_0 .net "SDO", 0 0, o0x7fc0f76c51f8;  0 drivers
S_0x555594d3b3d0 .scope module, "SB_PLL40_CORE" "SB_PLL40_CORE" 10 2425;
 .timescale -12 -12;
    .port_info 0 /INPUT 1 "REFERENCECLK";
    .port_info 1 /OUTPUT 1 "PLLOUTCORE";
    .port_info 2 /OUTPUT 1 "PLLOUTGLOBAL";
    .port_info 3 /INPUT 1 "EXTFEEDBACK";
    .port_info 4 /INPUT 8 "DYNAMICDELAY";
    .port_info 5 /OUTPUT 1 "LOCK";
    .port_info 6 /INPUT 1 "BYPASS";
    .port_info 7 /INPUT 1 "RESETB";
    .port_info 8 /INPUT 1 "LATCHINPUTVALUE";
    .port_info 9 /OUTPUT 1 "SDO";
    .port_info 10 /INPUT 1 "SDI";
    .port_info 11 /INPUT 1 "SCLK";
P_0x555594bac600 .param/str "DELAY_ADJUSTMENT_MODE_FEEDBACK" 0 10 2440, "FIXED";
P_0x555594bac640 .param/str "DELAY_ADJUSTMENT_MODE_RELATIVE" 0 10 2441, "FIXED";
P_0x555594bac680 .param/l "DIVF" 0 10 2447, C4<0000000>;
P_0x555594bac6c0 .param/l "DIVQ" 0 10 2448, C4<000>;
P_0x555594bac700 .param/l "DIVR" 0 10 2446, C4<0000>;
P_0x555594bac740 .param/l "ENABLE_ICEGATE" 0 10 2450, C4<0>;
P_0x555594bac780 .param/l "EXTERNAL_DIVIDE_FACTOR" 0 10 2452, +C4<00000000000000000000000000000001>;
P_0x555594bac7c0 .param/l "FDA_FEEDBACK" 0 10 2443, C4<0000>;
P_0x555594bac800 .param/l "FDA_RELATIVE" 0 10 2444, C4<0000>;
P_0x555594bac840 .param/str "FEEDBACK_PATH" 0 10 2439, "SIMPLE";
P_0x555594bac880 .param/l "FILTER_RANGE" 0 10 2449, C4<000>;
P_0x555594bac8c0 .param/str "PLLOUT_SELECT" 0 10 2445, "GENCLK";
P_0x555594bac900 .param/l "SHIFTREG_DIV_MODE" 0 10 2442, C4<0>;
P_0x555594bac940 .param/l "TEST_MODE" 0 10 2451, C4<0>;
o0x7fc0f76c54c8 .functor BUFZ 1, c4<z>; HiZ drive
v0x555594e16f70_0 .net "BYPASS", 0 0, o0x7fc0f76c54c8;  0 drivers
o0x7fc0f76c54f8 .functor BUFZ 8, c4<zzzzzzzz>; HiZ drive
v0x555594e17050_0 .net "DYNAMICDELAY", 7 0, o0x7fc0f76c54f8;  0 drivers
o0x7fc0f76c5528 .functor BUFZ 1, c4<z>; HiZ drive
v0x555594e17130_0 .net "EXTFEEDBACK", 0 0, o0x7fc0f76c5528;  0 drivers
o0x7fc0f76c5558 .functor BUFZ 1, c4<z>; HiZ drive
v0x555594e171d0_0 .net "LATCHINPUTVALUE", 0 0, o0x7fc0f76c5558;  0 drivers
o0x7fc0f76c5588 .functor BUFZ 1, c4<z>; HiZ drive
v0x555594e17290_0 .net "LOCK", 0 0, o0x7fc0f76c5588;  0 drivers
o0x7fc0f76c55b8 .functor BUFZ 1, c4<z>; HiZ drive
v0x555594e17350_0 .net "PLLOUTCORE", 0 0, o0x7fc0f76c55b8;  0 drivers
o0x7fc0f76c55e8 .functor BUFZ 1, c4<z>; HiZ drive
v0x555594e17410_0 .net "PLLOUTGLOBAL", 0 0, o0x7fc0f76c55e8;  0 drivers
o0x7fc0f76c5618 .functor BUFZ 1, c4<z>; HiZ drive
v0x555594e174d0_0 .net "REFERENCECLK", 0 0, o0x7fc0f76c5618;  0 drivers
o0x7fc0f76c5648 .functor BUFZ 1, c4<z>; HiZ drive
v0x555594e17590_0 .net "RESETB", 0 0, o0x7fc0f76c5648;  0 drivers
o0x7fc0f76c5678 .functor BUFZ 1, c4<z>; HiZ drive
v0x555594e176e0_0 .net "SCLK", 0 0, o0x7fc0f76c5678;  0 drivers
o0x7fc0f76c56a8 .functor BUFZ 1, c4<z>; HiZ drive
v0x555594e177a0_0 .net "SDI", 0 0, o0x7fc0f76c56a8;  0 drivers
o0x7fc0f76c56d8 .functor BUFZ 1, c4<z>; HiZ drive
v0x555594e17860_0 .net "SDO", 0 0, o0x7fc0f76c56d8;  0 drivers
S_0x555594d39530 .scope module, "SB_PLL40_PAD" "SB_PLL40_PAD" 10 2456;
 .timescale -12 -12;
    .port_info 0 /INPUT 1 "PACKAGEPIN";
    .port_info 1 /OUTPUT 1 "PLLOUTCORE";
    .port_info 2 /OUTPUT 1 "PLLOUTGLOBAL";
    .port_info 3 /INPUT 1 "EXTFEEDBACK";
    .port_info 4 /INPUT 8 "DYNAMICDELAY";
    .port_info 5 /OUTPUT 1 "LOCK";
    .port_info 6 /INPUT 1 "BYPASS";
    .port_info 7 /INPUT 1 "RESETB";
    .port_info 8 /INPUT 1 "LATCHINPUTVALUE";
    .port_info 9 /OUTPUT 1 "SDO";
    .port_info 10 /INPUT 1 "SDI";
    .port_info 11 /INPUT 1 "SCLK";
P_0x555594c29b90 .param/str "DELAY_ADJUSTMENT_MODE_FEEDBACK" 0 10 2471, "FIXED";
P_0x555594c29bd0 .param/str "DELAY_ADJUSTMENT_MODE_RELATIVE" 0 10 2472, "FIXED";
P_0x555594c29c10 .param/l "DIVF" 0 10 2478, C4<0000000>;
P_0x555594c29c50 .param/l "DIVQ" 0 10 2479, C4<000>;
P_0x555594c29c90 .param/l "DIVR" 0 10 2477, C4<0000>;
P_0x555594c29cd0 .param/l "ENABLE_ICEGATE" 0 10 2481, C4<0>;
P_0x555594c29d10 .param/l "EXTERNAL_DIVIDE_FACTOR" 0 10 2483, +C4<00000000000000000000000000000001>;
P_0x555594c29d50 .param/l "FDA_FEEDBACK" 0 10 2474, C4<0000>;
P_0x555594c29d90 .param/l "FDA_RELATIVE" 0 10 2475, C4<0000>;
P_0x555594c29dd0 .param/str "FEEDBACK_PATH" 0 10 2470, "SIMPLE";
P_0x555594c29e10 .param/l "FILTER_RANGE" 0 10 2480, C4<000>;
P_0x555594c29e50 .param/str "PLLOUT_SELECT" 0 10 2476, "GENCLK";
P_0x555594c29e90 .param/l "SHIFTREG_DIV_MODE" 0 10 2473, C4<0>;
P_0x555594c29ed0 .param/l "TEST_MODE" 0 10 2482, C4<0>;
o0x7fc0f76c5948 .functor BUFZ 1, c4<z>; HiZ drive
v0x555594e17b10_0 .net "BYPASS", 0 0, o0x7fc0f76c5948;  0 drivers
o0x7fc0f76c5978 .functor BUFZ 8, c4<zzzzzzzz>; HiZ drive
v0x555594e17bf0_0 .net "DYNAMICDELAY", 7 0, o0x7fc0f76c5978;  0 drivers
o0x7fc0f76c59a8 .functor BUFZ 1, c4<z>; HiZ drive
v0x555594e17cd0_0 .net "EXTFEEDBACK", 0 0, o0x7fc0f76c59a8;  0 drivers
o0x7fc0f76c59d8 .functor BUFZ 1, c4<z>; HiZ drive
v0x555594e17d70_0 .net "LATCHINPUTVALUE", 0 0, o0x7fc0f76c59d8;  0 drivers
o0x7fc0f76c5a08 .functor BUFZ 1, c4<z>; HiZ drive
v0x555594e17e30_0 .net "LOCK", 0 0, o0x7fc0f76c5a08;  0 drivers
o0x7fc0f76c5a38 .functor BUFZ 1, c4<z>; HiZ drive
v0x555594e17ef0_0 .net "PACKAGEPIN", 0 0, o0x7fc0f76c5a38;  0 drivers
o0x7fc0f76c5a68 .functor BUFZ 1, c4<z>; HiZ drive
v0x555594e17fb0_0 .net "PLLOUTCORE", 0 0, o0x7fc0f76c5a68;  0 drivers
o0x7fc0f76c5a98 .functor BUFZ 1, c4<z>; HiZ drive
v0x555594e18070_0 .net "PLLOUTGLOBAL", 0 0, o0x7fc0f76c5a98;  0 drivers
o0x7fc0f76c5ac8 .functor BUFZ 1, c4<z>; HiZ drive
v0x555594e18130_0 .net "RESETB", 0 0, o0x7fc0f76c5ac8;  0 drivers
o0x7fc0f76c5af8 .functor BUFZ 1, c4<z>; HiZ drive
v0x555594e18280_0 .net "SCLK", 0 0, o0x7fc0f76c5af8;  0 drivers
o0x7fc0f76c5b28 .functor BUFZ 1, c4<z>; HiZ drive
v0x555594e18340_0 .net "SDI", 0 0, o0x7fc0f76c5b28;  0 drivers
o0x7fc0f76c5b58 .functor BUFZ 1, c4<z>; HiZ drive
v0x555594e18400_0 .net "SDO", 0 0, o0x7fc0f76c5b58;  0 drivers
S_0x555594d33400 .scope module, "SB_RAM40_4KNR" "SB_RAM40_4KNR" 10 1726;
 .timescale -12 -12;
    .port_info 0 /OUTPUT 16 "RDATA";
    .port_info 1 /INPUT 1 "RCLKN";
    .port_info 2 /INPUT 1 "RCLKE";
    .port_info 3 /INPUT 1 "RE";
    .port_info 4 /INPUT 11 "RADDR";
    .port_info 5 /INPUT 1 "WCLK";
    .port_info 6 /INPUT 1 "WCLKE";
    .port_info 7 /INPUT 1 "WE";
    .port_info 8 /INPUT 11 "WADDR";
    .port_info 9 /INPUT 16 "MASK";
    .port_info 10 /INPUT 16 "WDATA";
P_0x555594c49460 .param/l "INIT_0" 0 10 1742, C4<0000000000000000000000000000000000000000000000000000000000000000000000000000000000000000000000000000000000000000000000000000000000000000000000000000000000000000000000000000000000000000000000000000000000000000000000000000000000000000000000000000000000000000>;
P_0x555594c494a0 .param/l "INIT_1" 0 10 1743, C4<0000000000000000000000000000000000000000000000000000000000000000000000000000000000000000000000000000000000000000000000000000000000000000000000000000000000000000000000000000000000000000000000000000000000000000000000000000000000000000000000000000000000000000>;
P_0x555594c494e0 .param/l "INIT_2" 0 10 1744, C4<0000000000000000000000000000000000000000000000000000000000000000000000000000000000000000000000000000000000000000000000000000000000000000000000000000000000000000000000000000000000000000000000000000000000000000000000000000000000000000000000000000000000000000>;
P_0x555594c49520 .param/l "INIT_3" 0 10 1745, C4<0000000000000000000000000000000000000000000000000000000000000000000000000000000000000000000000000000000000000000000000000000000000000000000000000000000000000000000000000000000000000000000000000000000000000000000000000000000000000000000000000000000000000000>;
P_0x555594c49560 .param/l "INIT_4" 0 10 1746, C4<0000000000000000000000000000000000000000000000000000000000000000000000000000000000000000000000000000000000000000000000000000000000000000000000000000000000000000000000000000000000000000000000000000000000000000000000000000000000000000000000000000000000000000>;
P_0x555594c495a0 .param/l "INIT_5" 0 10 1747, C4<0000000000000000000000000000000000000000000000000000000000000000000000000000000000000000000000000000000000000000000000000000000000000000000000000000000000000000000000000000000000000000000000000000000000000000000000000000000000000000000000000000000000000000>;
P_0x555594c495e0 .param/l "INIT_6" 0 10 1748, C4<0000000000000000000000000000000000000000000000000000000000000000000000000000000000000000000000000000000000000000000000000000000000000000000000000000000000000000000000000000000000000000000000000000000000000000000000000000000000000000000000000000000000000000>;
P_0x555594c49620 .param/l "INIT_7" 0 10 1749, C4<0000000000000000000000000000000000000000000000000000000000000000000000000000000000000000000000000000000000000000000000000000000000000000000000000000000000000000000000000000000000000000000000000000000000000000000000000000000000000000000000000000000000000000>;
P_0x555594c49660 .param/l "INIT_8" 0 10 1750, C4<0000000000000000000000000000000000000000000000000000000000000000000000000000000000000000000000000000000000000000000000000000000000000000000000000000000000000000000000000000000000000000000000000000000000000000000000000000000000000000000000000000000000000000>;
P_0x555594c496a0 .param/l "INIT_9" 0 10 1751, C4<0000000000000000000000000000000000000000000000000000000000000000000000000000000000000000000000000000000000000000000000000000000000000000000000000000000000000000000000000000000000000000000000000000000000000000000000000000000000000000000000000000000000000000>;
P_0x555594c496e0 .param/l "INIT_A" 0 10 1752, C4<0000000000000000000000000000000000000000000000000000000000000000000000000000000000000000000000000000000000000000000000000000000000000000000000000000000000000000000000000000000000000000000000000000000000000000000000000000000000000000000000000000000000000000>;
P_0x555594c49720 .param/l "INIT_B" 0 10 1753, C4<0000000000000000000000000000000000000000000000000000000000000000000000000000000000000000000000000000000000000000000000000000000000000000000000000000000000000000000000000000000000000000000000000000000000000000000000000000000000000000000000000000000000000000>;
P_0x555594c49760 .param/l "INIT_C" 0 10 1754, C4<0000000000000000000000000000000000000000000000000000000000000000000000000000000000000000000000000000000000000000000000000000000000000000000000000000000000000000000000000000000000000000000000000000000000000000000000000000000000000000000000000000000000000000>;
P_0x555594c497a0 .param/l "INIT_D" 0 10 1755, C4<0000000000000000000000000000000000000000000000000000000000000000000000000000000000000000000000000000000000000000000000000000000000000000000000000000000000000000000000000000000000000000000000000000000000000000000000000000000000000000000000000000000000000000>;
P_0x555594c497e0 .param/l "INIT_E" 0 10 1756, C4<0000000000000000000000000000000000000000000000000000000000000000000000000000000000000000000000000000000000000000000000000000000000000000000000000000000000000000000000000000000000000000000000000000000000000000000000000000000000000000000000000000000000000000>;
P_0x555594c49820 .param/l "INIT_F" 0 10 1757, C4<0000000000000000000000000000000000000000000000000000000000000000000000000000000000000000000000000000000000000000000000000000000000000000000000000000000000000000000000000000000000000000000000000000000000000000000000000000000000000000000000000000000000000000>;
P_0x555594c49860 .param/str "INIT_FILE" 0 10 1759, "\000";
P_0x555594c498a0 .param/l "READ_MODE" 0 10 1740, +C4<00000000000000000000000000000000>;
P_0x555594c498e0 .param/l "WRITE_MODE" 0 10 1739, +C4<00000000000000000000000000000000>;
o0x7fc0f76c62d8 .functor BUFZ 1, c4<z>; HiZ drive
L_0x555594e57d40 .functor NOT 1, o0x7fc0f76c62d8, C4<0>, C4<0>, C4<0>;
o0x7fc0f76c5dc8 .functor BUFZ 16, c4<zzzzzzzzzzzzzzzz>; HiZ drive
v0x555594e1bdd0_0 .net "MASK", 15 0, o0x7fc0f76c5dc8;  0 drivers
o0x7fc0f76c5df8 .functor BUFZ 11, c4<zzzzzzzzzzz>; HiZ drive
v0x555594e1beb0_0 .net "RADDR", 10 0, o0x7fc0f76c5df8;  0 drivers
o0x7fc0f76c5e58 .functor BUFZ 1, c4<z>; HiZ drive
v0x555594e1bf80_0 .net "RCLKE", 0 0, o0x7fc0f76c5e58;  0 drivers
v0x555594e1c080_0 .net "RCLKN", 0 0, o0x7fc0f76c62d8;  0 drivers
v0x555594e1c120_0 .net "RDATA", 15 0, L_0x555594e57c80;  1 drivers
o0x7fc0f76c5ee8 .functor BUFZ 1, c4<z>; HiZ drive
v0x555594e1c1c0_0 .net "RE", 0 0, o0x7fc0f76c5ee8;  0 drivers
o0x7fc0f76c5f48 .functor BUFZ 11, c4<zzzzzzzzzzz>; HiZ drive
v0x555594e1c290_0 .net "WADDR", 10 0, o0x7fc0f76c5f48;  0 drivers
o0x7fc0f76c5f78 .functor BUFZ 1, c4<z>; HiZ drive
v0x555594e1c360_0 .net "WCLK", 0 0, o0x7fc0f76c5f78;  0 drivers
o0x7fc0f76c5fa8 .functor BUFZ 1, c4<z>; HiZ drive
v0x555594e1c430_0 .net "WCLKE", 0 0, o0x7fc0f76c5fa8;  0 drivers
o0x7fc0f76c5fd8 .functor BUFZ 16, c4<zzzzzzzzzzzzzzzz>; HiZ drive
v0x555594e1c500_0 .net "WDATA", 15 0, o0x7fc0f76c5fd8;  0 drivers
o0x7fc0f76c6038 .functor BUFZ 1, c4<z>; HiZ drive
v0x555594e1c5d0_0 .net "WE", 0 0, o0x7fc0f76c6038;  0 drivers
S_0x555594e186b0 .scope module, "RAM" "SB_RAM40_4K" 10 1781, 10 1487 0, S_0x555594d33400;
 .timescale -12 -12;
    .port_info 0 /OUTPUT 16 "RDATA";
    .port_info 1 /INPUT 1 "RCLK";
    .port_info 2 /INPUT 1 "RCLKE";
    .port_info 3 /INPUT 1 "RE";
    .port_info 4 /INPUT 11 "RADDR";
    .port_info 5 /INPUT 1 "WCLK";
    .port_info 6 /INPUT 1 "WCLKE";
    .port_info 7 /INPUT 1 "WE";
    .port_info 8 /INPUT 11 "WADDR";
    .port_info 9 /INPUT 16 "MASK";
    .port_info 10 /INPUT 16 "WDATA";
P_0x555594e18860 .param/l "INIT_0" 0 10 1507, C4<0000000000000000000000000000000000000000000000000000000000000000000000000000000000000000000000000000000000000000000000000000000000000000000000000000000000000000000000000000000000000000000000000000000000000000000000000000000000000000000000000000000000000000>;
P_0x555594e188a0 .param/l "INIT_1" 0 10 1508, C4<0000000000000000000000000000000000000000000000000000000000000000000000000000000000000000000000000000000000000000000000000000000000000000000000000000000000000000000000000000000000000000000000000000000000000000000000000000000000000000000000000000000000000000>;
P_0x555594e188e0 .param/l "INIT_2" 0 10 1509, C4<0000000000000000000000000000000000000000000000000000000000000000000000000000000000000000000000000000000000000000000000000000000000000000000000000000000000000000000000000000000000000000000000000000000000000000000000000000000000000000000000000000000000000000>;
P_0x555594e18920 .param/l "INIT_3" 0 10 1510, C4<0000000000000000000000000000000000000000000000000000000000000000000000000000000000000000000000000000000000000000000000000000000000000000000000000000000000000000000000000000000000000000000000000000000000000000000000000000000000000000000000000000000000000000>;
P_0x555594e18960 .param/l "INIT_4" 0 10 1511, C4<0000000000000000000000000000000000000000000000000000000000000000000000000000000000000000000000000000000000000000000000000000000000000000000000000000000000000000000000000000000000000000000000000000000000000000000000000000000000000000000000000000000000000000>;
P_0x555594e189a0 .param/l "INIT_5" 0 10 1512, C4<0000000000000000000000000000000000000000000000000000000000000000000000000000000000000000000000000000000000000000000000000000000000000000000000000000000000000000000000000000000000000000000000000000000000000000000000000000000000000000000000000000000000000000>;
P_0x555594e189e0 .param/l "INIT_6" 0 10 1513, C4<0000000000000000000000000000000000000000000000000000000000000000000000000000000000000000000000000000000000000000000000000000000000000000000000000000000000000000000000000000000000000000000000000000000000000000000000000000000000000000000000000000000000000000>;
P_0x555594e18a20 .param/l "INIT_7" 0 10 1514, C4<0000000000000000000000000000000000000000000000000000000000000000000000000000000000000000000000000000000000000000000000000000000000000000000000000000000000000000000000000000000000000000000000000000000000000000000000000000000000000000000000000000000000000000>;
P_0x555594e18a60 .param/l "INIT_8" 0 10 1515, C4<0000000000000000000000000000000000000000000000000000000000000000000000000000000000000000000000000000000000000000000000000000000000000000000000000000000000000000000000000000000000000000000000000000000000000000000000000000000000000000000000000000000000000000>;
P_0x555594e18aa0 .param/l "INIT_9" 0 10 1516, C4<0000000000000000000000000000000000000000000000000000000000000000000000000000000000000000000000000000000000000000000000000000000000000000000000000000000000000000000000000000000000000000000000000000000000000000000000000000000000000000000000000000000000000000>;
P_0x555594e18ae0 .param/l "INIT_A" 0 10 1517, C4<0000000000000000000000000000000000000000000000000000000000000000000000000000000000000000000000000000000000000000000000000000000000000000000000000000000000000000000000000000000000000000000000000000000000000000000000000000000000000000000000000000000000000000>;
P_0x555594e18b20 .param/l "INIT_B" 0 10 1518, C4<0000000000000000000000000000000000000000000000000000000000000000000000000000000000000000000000000000000000000000000000000000000000000000000000000000000000000000000000000000000000000000000000000000000000000000000000000000000000000000000000000000000000000000>;
P_0x555594e18b60 .param/l "INIT_C" 0 10 1519, C4<0000000000000000000000000000000000000000000000000000000000000000000000000000000000000000000000000000000000000000000000000000000000000000000000000000000000000000000000000000000000000000000000000000000000000000000000000000000000000000000000000000000000000000>;
P_0x555594e18ba0 .param/l "INIT_D" 0 10 1520, C4<0000000000000000000000000000000000000000000000000000000000000000000000000000000000000000000000000000000000000000000000000000000000000000000000000000000000000000000000000000000000000000000000000000000000000000000000000000000000000000000000000000000000000000>;
P_0x555594e18be0 .param/l "INIT_E" 0 10 1521, C4<0000000000000000000000000000000000000000000000000000000000000000000000000000000000000000000000000000000000000000000000000000000000000000000000000000000000000000000000000000000000000000000000000000000000000000000000000000000000000000000000000000000000000000>;
P_0x555594e18c20 .param/l "INIT_F" 0 10 1522, C4<0000000000000000000000000000000000000000000000000000000000000000000000000000000000000000000000000000000000000000000000000000000000000000000000000000000000000000000000000000000000000000000000000000000000000000000000000000000000000000000000000000000000000000>;
P_0x555594e18c60 .param/str "INIT_FILE" 0 10 1524, "\000";
P_0x555594e18ca0 .param/l "READ_MODE" 0 10 1505, +C4<00000000000000000000000000000000>;
P_0x555594e18ce0 .param/l "WRITE_MODE" 0 10 1504, +C4<00000000000000000000000000000000>;
v0x555594e1acc0_0 .net "MASK", 15 0, o0x7fc0f76c5dc8;  alias, 0 drivers
v0x555594e1ad80_0 .net "RADDR", 10 0, o0x7fc0f76c5df8;  alias, 0 drivers
v0x555594e1ae60_0 .net "RCLK", 0 0, L_0x555594e57d40;  1 drivers
v0x555594e1af30_0 .net "RCLKE", 0 0, o0x7fc0f76c5e58;  alias, 0 drivers
v0x555594e1aff0_0 .net "RDATA", 15 0, L_0x555594e57c80;  alias, 1 drivers
v0x555594e1b120_0 .var "RDATA_I", 15 0;
v0x555594e1b200_0 .net "RE", 0 0, o0x7fc0f76c5ee8;  alias, 0 drivers
L_0x7fc0f766e020 .functor BUFT 1, C4<0000000000000000>, C4<0>, C4<0>, C4<0>;
v0x555594e1b2c0_0 .net "RMASK_I", 15 0, L_0x7fc0f766e020;  1 drivers
v0x555594e1b3a0_0 .net "WADDR", 10 0, o0x7fc0f76c5f48;  alias, 0 drivers
v0x555594e1b480_0 .net "WCLK", 0 0, o0x7fc0f76c5f78;  alias, 0 drivers
v0x555594e1b540_0 .net "WCLKE", 0 0, o0x7fc0f76c5fa8;  alias, 0 drivers
v0x555594e1b600_0 .net "WDATA", 15 0, o0x7fc0f76c5fd8;  alias, 0 drivers
v0x555594e1b6e0_0 .net "WDATA_I", 15 0, L_0x555594e57bc0;  1 drivers
v0x555594e1b7c0_0 .net "WE", 0 0, o0x7fc0f76c6038;  alias, 0 drivers
v0x555594e1b880_0 .net "WMASK_I", 15 0, L_0x555594e57b00;  1 drivers
v0x555594e1b960_0 .var/i "i", 31 0;
v0x555594e1ba40 .array "memory", 255 0, 15 0;
E_0x555594e1a3f0 .event posedge, v0x555594e1ae60_0;
E_0x555594e1a470 .event posedge, v0x555594e1b480_0;
S_0x555594e1a4d0 .scope generate, "genblk1" "genblk1" 10 1534, 10 1534 0, S_0x555594e186b0;
 .timescale -12 -12;
L_0x555594e57b00 .functor BUFZ 16, o0x7fc0f76c5dc8, C4<0000000000000000>, C4<0000000000000000>, C4<0000000000000000>;
S_0x555594e1a6d0 .scope generate, "genblk2" "genblk2" 10 1555, 10 1555 0, S_0x555594e186b0;
 .timescale -12 -12;
S_0x555594e1a8d0 .scope generate, "genblk3" "genblk3" 10 1576, 10 1576 0, S_0x555594e186b0;
 .timescale -12 -12;
L_0x555594e57bc0 .functor BUFZ 16, o0x7fc0f76c5fd8, C4<0000000000000000>, C4<0000000000000000>, C4<0000000000000000>;
S_0x555594e1aae0 .scope generate, "genblk4" "genblk4" 10 1595, 10 1595 0, S_0x555594e186b0;
 .timescale -12 -12;
L_0x555594e57c80 .functor BUFZ 16, v0x555594e1b120_0, C4<0000000000000000>, C4<0000000000000000>, C4<0000000000000000>;
S_0x555594d31c00 .scope module, "SB_RAM40_4KNRNW" "SB_RAM40_4KNRNW" 10 1998;
 .timescale -12 -12;
    .port_info 0 /OUTPUT 16 "RDATA";
    .port_info 1 /INPUT 1 "RCLKN";
    .port_info 2 /INPUT 1 "RCLKE";
    .port_info 3 /INPUT 1 "RE";
    .port_info 4 /INPUT 11 "RADDR";
    .port_info 5 /INPUT 1 "WCLKN";
    .port_info 6 /INPUT 1 "WCLKE";
    .port_info 7 /INPUT 1 "WE";
    .port_info 8 /INPUT 11 "WADDR";
    .port_info 9 /INPUT 16 "MASK";
    .port_info 10 /INPUT 16 "WDATA";
P_0x555594bcaf50 .param/l "INIT_0" 0 10 2014, C4<0000000000000000000000000000000000000000000000000000000000000000000000000000000000000000000000000000000000000000000000000000000000000000000000000000000000000000000000000000000000000000000000000000000000000000000000000000000000000000000000000000000000000000>;
P_0x555594bcaf90 .param/l "INIT_1" 0 10 2015, C4<0000000000000000000000000000000000000000000000000000000000000000000000000000000000000000000000000000000000000000000000000000000000000000000000000000000000000000000000000000000000000000000000000000000000000000000000000000000000000000000000000000000000000000>;
P_0x555594bcafd0 .param/l "INIT_2" 0 10 2016, C4<0000000000000000000000000000000000000000000000000000000000000000000000000000000000000000000000000000000000000000000000000000000000000000000000000000000000000000000000000000000000000000000000000000000000000000000000000000000000000000000000000000000000000000>;
P_0x555594bcb010 .param/l "INIT_3" 0 10 2017, C4<0000000000000000000000000000000000000000000000000000000000000000000000000000000000000000000000000000000000000000000000000000000000000000000000000000000000000000000000000000000000000000000000000000000000000000000000000000000000000000000000000000000000000000>;
P_0x555594bcb050 .param/l "INIT_4" 0 10 2018, C4<0000000000000000000000000000000000000000000000000000000000000000000000000000000000000000000000000000000000000000000000000000000000000000000000000000000000000000000000000000000000000000000000000000000000000000000000000000000000000000000000000000000000000000>;
P_0x555594bcb090 .param/l "INIT_5" 0 10 2019, C4<0000000000000000000000000000000000000000000000000000000000000000000000000000000000000000000000000000000000000000000000000000000000000000000000000000000000000000000000000000000000000000000000000000000000000000000000000000000000000000000000000000000000000000>;
P_0x555594bcb0d0 .param/l "INIT_6" 0 10 2020, C4<0000000000000000000000000000000000000000000000000000000000000000000000000000000000000000000000000000000000000000000000000000000000000000000000000000000000000000000000000000000000000000000000000000000000000000000000000000000000000000000000000000000000000000>;
P_0x555594bcb110 .param/l "INIT_7" 0 10 2021, C4<0000000000000000000000000000000000000000000000000000000000000000000000000000000000000000000000000000000000000000000000000000000000000000000000000000000000000000000000000000000000000000000000000000000000000000000000000000000000000000000000000000000000000000>;
P_0x555594bcb150 .param/l "INIT_8" 0 10 2022, C4<0000000000000000000000000000000000000000000000000000000000000000000000000000000000000000000000000000000000000000000000000000000000000000000000000000000000000000000000000000000000000000000000000000000000000000000000000000000000000000000000000000000000000000>;
P_0x555594bcb190 .param/l "INIT_9" 0 10 2023, C4<0000000000000000000000000000000000000000000000000000000000000000000000000000000000000000000000000000000000000000000000000000000000000000000000000000000000000000000000000000000000000000000000000000000000000000000000000000000000000000000000000000000000000000>;
P_0x555594bcb1d0 .param/l "INIT_A" 0 10 2024, C4<0000000000000000000000000000000000000000000000000000000000000000000000000000000000000000000000000000000000000000000000000000000000000000000000000000000000000000000000000000000000000000000000000000000000000000000000000000000000000000000000000000000000000000>;
P_0x555594bcb210 .param/l "INIT_B" 0 10 2025, C4<0000000000000000000000000000000000000000000000000000000000000000000000000000000000000000000000000000000000000000000000000000000000000000000000000000000000000000000000000000000000000000000000000000000000000000000000000000000000000000000000000000000000000000>;
P_0x555594bcb250 .param/l "INIT_C" 0 10 2026, C4<0000000000000000000000000000000000000000000000000000000000000000000000000000000000000000000000000000000000000000000000000000000000000000000000000000000000000000000000000000000000000000000000000000000000000000000000000000000000000000000000000000000000000000>;
P_0x555594bcb290 .param/l "INIT_D" 0 10 2027, C4<0000000000000000000000000000000000000000000000000000000000000000000000000000000000000000000000000000000000000000000000000000000000000000000000000000000000000000000000000000000000000000000000000000000000000000000000000000000000000000000000000000000000000000>;
P_0x555594bcb2d0 .param/l "INIT_E" 0 10 2028, C4<0000000000000000000000000000000000000000000000000000000000000000000000000000000000000000000000000000000000000000000000000000000000000000000000000000000000000000000000000000000000000000000000000000000000000000000000000000000000000000000000000000000000000000>;
P_0x555594bcb310 .param/l "INIT_F" 0 10 2029, C4<0000000000000000000000000000000000000000000000000000000000000000000000000000000000000000000000000000000000000000000000000000000000000000000000000000000000000000000000000000000000000000000000000000000000000000000000000000000000000000000000000000000000000000>;
P_0x555594bcb350 .param/str "INIT_FILE" 0 10 2031, "\000";
P_0x555594bcb390 .param/l "READ_MODE" 0 10 2012, +C4<00000000000000000000000000000000>;
P_0x555594bcb3d0 .param/l "WRITE_MODE" 0 10 2011, +C4<00000000000000000000000000000000>;
o0x7fc0f76c6a28 .functor BUFZ 1, c4<z>; HiZ drive
L_0x555594e58020 .functor NOT 1, o0x7fc0f76c6a28, C4<0>, C4<0>, C4<0>;
o0x7fc0f76c6a58 .functor BUFZ 1, c4<z>; HiZ drive
L_0x555594e580c0 .functor NOT 1, o0x7fc0f76c6a58, C4<0>, C4<0>, C4<0>;
o0x7fc0f76c6518 .functor BUFZ 16, c4<zzzzzzzzzzzzzzzz>; HiZ drive
v0x555594e1ffa0_0 .net "MASK", 15 0, o0x7fc0f76c6518;  0 drivers
o0x7fc0f76c6548 .functor BUFZ 11, c4<zzzzzzzzzzz>; HiZ drive
v0x555594e20080_0 .net "RADDR", 10 0, o0x7fc0f76c6548;  0 drivers
o0x7fc0f76c65a8 .functor BUFZ 1, c4<z>; HiZ drive
v0x555594e20150_0 .net "RCLKE", 0 0, o0x7fc0f76c65a8;  0 drivers
v0x555594e20250_0 .net "RCLKN", 0 0, o0x7fc0f76c6a28;  0 drivers
v0x555594e202f0_0 .net "RDATA", 15 0, L_0x555594e57f60;  1 drivers
o0x7fc0f76c6638 .functor BUFZ 1, c4<z>; HiZ drive
v0x555594e20390_0 .net "RE", 0 0, o0x7fc0f76c6638;  0 drivers
o0x7fc0f76c6698 .functor BUFZ 11, c4<zzzzzzzzzzz>; HiZ drive
v0x555594e20460_0 .net "WADDR", 10 0, o0x7fc0f76c6698;  0 drivers
o0x7fc0f76c66f8 .functor BUFZ 1, c4<z>; HiZ drive
v0x555594e20530_0 .net "WCLKE", 0 0, o0x7fc0f76c66f8;  0 drivers
v0x555594e20600_0 .net "WCLKN", 0 0, o0x7fc0f76c6a58;  0 drivers
o0x7fc0f76c6728 .functor BUFZ 16, c4<zzzzzzzzzzzzzzzz>; HiZ drive
v0x555594e206a0_0 .net "WDATA", 15 0, o0x7fc0f76c6728;  0 drivers
o0x7fc0f76c6788 .functor BUFZ 1, c4<z>; HiZ drive
v0x555594e20770_0 .net "WE", 0 0, o0x7fc0f76c6788;  0 drivers
S_0x555594e1c740 .scope module, "RAM" "SB_RAM40_4K" 10 2053, 10 1487 0, S_0x555594d31c00;
 .timescale -12 -12;
    .port_info 0 /OUTPUT 16 "RDATA";
    .port_info 1 /INPUT 1 "RCLK";
    .port_info 2 /INPUT 1 "RCLKE";
    .port_info 3 /INPUT 1 "RE";
    .port_info 4 /INPUT 11 "RADDR";
    .port_info 5 /INPUT 1 "WCLK";
    .port_info 6 /INPUT 1 "WCLKE";
    .port_info 7 /INPUT 1 "WE";
    .port_info 8 /INPUT 11 "WADDR";
    .port_info 9 /INPUT 16 "MASK";
    .port_info 10 /INPUT 16 "WDATA";
P_0x555594e1c8f0 .param/l "INIT_0" 0 10 1507, C4<0000000000000000000000000000000000000000000000000000000000000000000000000000000000000000000000000000000000000000000000000000000000000000000000000000000000000000000000000000000000000000000000000000000000000000000000000000000000000000000000000000000000000000>;
P_0x555594e1c930 .param/l "INIT_1" 0 10 1508, C4<0000000000000000000000000000000000000000000000000000000000000000000000000000000000000000000000000000000000000000000000000000000000000000000000000000000000000000000000000000000000000000000000000000000000000000000000000000000000000000000000000000000000000000>;
P_0x555594e1c970 .param/l "INIT_2" 0 10 1509, C4<0000000000000000000000000000000000000000000000000000000000000000000000000000000000000000000000000000000000000000000000000000000000000000000000000000000000000000000000000000000000000000000000000000000000000000000000000000000000000000000000000000000000000000>;
P_0x555594e1c9b0 .param/l "INIT_3" 0 10 1510, C4<0000000000000000000000000000000000000000000000000000000000000000000000000000000000000000000000000000000000000000000000000000000000000000000000000000000000000000000000000000000000000000000000000000000000000000000000000000000000000000000000000000000000000000>;
P_0x555594e1c9f0 .param/l "INIT_4" 0 10 1511, C4<0000000000000000000000000000000000000000000000000000000000000000000000000000000000000000000000000000000000000000000000000000000000000000000000000000000000000000000000000000000000000000000000000000000000000000000000000000000000000000000000000000000000000000>;
P_0x555594e1ca30 .param/l "INIT_5" 0 10 1512, C4<0000000000000000000000000000000000000000000000000000000000000000000000000000000000000000000000000000000000000000000000000000000000000000000000000000000000000000000000000000000000000000000000000000000000000000000000000000000000000000000000000000000000000000>;
P_0x555594e1ca70 .param/l "INIT_6" 0 10 1513, C4<0000000000000000000000000000000000000000000000000000000000000000000000000000000000000000000000000000000000000000000000000000000000000000000000000000000000000000000000000000000000000000000000000000000000000000000000000000000000000000000000000000000000000000>;
P_0x555594e1cab0 .param/l "INIT_7" 0 10 1514, C4<0000000000000000000000000000000000000000000000000000000000000000000000000000000000000000000000000000000000000000000000000000000000000000000000000000000000000000000000000000000000000000000000000000000000000000000000000000000000000000000000000000000000000000>;
P_0x555594e1caf0 .param/l "INIT_8" 0 10 1515, C4<0000000000000000000000000000000000000000000000000000000000000000000000000000000000000000000000000000000000000000000000000000000000000000000000000000000000000000000000000000000000000000000000000000000000000000000000000000000000000000000000000000000000000000>;
P_0x555594e1cb30 .param/l "INIT_9" 0 10 1516, C4<0000000000000000000000000000000000000000000000000000000000000000000000000000000000000000000000000000000000000000000000000000000000000000000000000000000000000000000000000000000000000000000000000000000000000000000000000000000000000000000000000000000000000000>;
P_0x555594e1cb70 .param/l "INIT_A" 0 10 1517, C4<0000000000000000000000000000000000000000000000000000000000000000000000000000000000000000000000000000000000000000000000000000000000000000000000000000000000000000000000000000000000000000000000000000000000000000000000000000000000000000000000000000000000000000>;
P_0x555594e1cbb0 .param/l "INIT_B" 0 10 1518, C4<0000000000000000000000000000000000000000000000000000000000000000000000000000000000000000000000000000000000000000000000000000000000000000000000000000000000000000000000000000000000000000000000000000000000000000000000000000000000000000000000000000000000000000>;
P_0x555594e1cbf0 .param/l "INIT_C" 0 10 1519, C4<0000000000000000000000000000000000000000000000000000000000000000000000000000000000000000000000000000000000000000000000000000000000000000000000000000000000000000000000000000000000000000000000000000000000000000000000000000000000000000000000000000000000000000>;
P_0x555594e1cc30 .param/l "INIT_D" 0 10 1520, C4<0000000000000000000000000000000000000000000000000000000000000000000000000000000000000000000000000000000000000000000000000000000000000000000000000000000000000000000000000000000000000000000000000000000000000000000000000000000000000000000000000000000000000000>;
P_0x555594e1cc70 .param/l "INIT_E" 0 10 1521, C4<0000000000000000000000000000000000000000000000000000000000000000000000000000000000000000000000000000000000000000000000000000000000000000000000000000000000000000000000000000000000000000000000000000000000000000000000000000000000000000000000000000000000000000>;
P_0x555594e1ccb0 .param/l "INIT_F" 0 10 1522, C4<0000000000000000000000000000000000000000000000000000000000000000000000000000000000000000000000000000000000000000000000000000000000000000000000000000000000000000000000000000000000000000000000000000000000000000000000000000000000000000000000000000000000000000>;
P_0x555594e1ccf0 .param/str "INIT_FILE" 0 10 1524, "\000";
P_0x555594e1cd30 .param/l "READ_MODE" 0 10 1505, +C4<00000000000000000000000000000000>;
P_0x555594e1cd70 .param/l "WRITE_MODE" 0 10 1504, +C4<00000000000000000000000000000000>;
v0x555594e1ee90_0 .net "MASK", 15 0, o0x7fc0f76c6518;  alias, 0 drivers
v0x555594e1ef50_0 .net "RADDR", 10 0, o0x7fc0f76c6548;  alias, 0 drivers
v0x555594e1f030_0 .net "RCLK", 0 0, L_0x555594e58020;  1 drivers
v0x555594e1f100_0 .net "RCLKE", 0 0, o0x7fc0f76c65a8;  alias, 0 drivers
v0x555594e1f1c0_0 .net "RDATA", 15 0, L_0x555594e57f60;  alias, 1 drivers
v0x555594e1f2f0_0 .var "RDATA_I", 15 0;
v0x555594e1f3d0_0 .net "RE", 0 0, o0x7fc0f76c6638;  alias, 0 drivers
L_0x7fc0f766e068 .functor BUFT 1, C4<0000000000000000>, C4<0>, C4<0>, C4<0>;
v0x555594e1f490_0 .net "RMASK_I", 15 0, L_0x7fc0f766e068;  1 drivers
v0x555594e1f570_0 .net "WADDR", 10 0, o0x7fc0f76c6698;  alias, 0 drivers
v0x555594e1f650_0 .net "WCLK", 0 0, L_0x555594e580c0;  1 drivers
v0x555594e1f710_0 .net "WCLKE", 0 0, o0x7fc0f76c66f8;  alias, 0 drivers
v0x555594e1f7d0_0 .net "WDATA", 15 0, o0x7fc0f76c6728;  alias, 0 drivers
v0x555594e1f8b0_0 .net "WDATA_I", 15 0, L_0x555594e57e70;  1 drivers
v0x555594e1f990_0 .net "WE", 0 0, o0x7fc0f76c6788;  alias, 0 drivers
v0x555594e1fa50_0 .net "WMASK_I", 15 0, L_0x555594e57db0;  1 drivers
v0x555594e1fb30_0 .var/i "i", 31 0;
v0x555594e1fc10 .array "memory", 255 0, 15 0;
E_0x555594e1e5c0 .event posedge, v0x555594e1f030_0;
E_0x555594e1e640 .event posedge, v0x555594e1f650_0;
S_0x555594e1e6a0 .scope generate, "genblk1" "genblk1" 10 1534, 10 1534 0, S_0x555594e1c740;
 .timescale -12 -12;
L_0x555594e57db0 .functor BUFZ 16, o0x7fc0f76c6518, C4<0000000000000000>, C4<0000000000000000>, C4<0000000000000000>;
S_0x555594e1e8a0 .scope generate, "genblk2" "genblk2" 10 1555, 10 1555 0, S_0x555594e1c740;
 .timescale -12 -12;
S_0x555594e1eaa0 .scope generate, "genblk3" "genblk3" 10 1576, 10 1576 0, S_0x555594e1c740;
 .timescale -12 -12;
L_0x555594e57e70 .functor BUFZ 16, o0x7fc0f76c6728, C4<0000000000000000>, C4<0000000000000000>, C4<0000000000000000>;
S_0x555594e1ecb0 .scope generate, "genblk4" "genblk4" 10 1595, 10 1595 0, S_0x555594e1c740;
 .timescale -12 -12;
L_0x555594e57f60 .functor BUFZ 16, v0x555594e1f2f0_0, C4<0000000000000000>, C4<0000000000000000>, C4<0000000000000000>;
S_0x555594c64b60 .scope module, "SB_RAM40_4KNW" "SB_RAM40_4KNW" 10 1862;
 .timescale -12 -12;
    .port_info 0 /OUTPUT 16 "RDATA";
    .port_info 1 /INPUT 1 "RCLK";
    .port_info 2 /INPUT 1 "RCLKE";
    .port_info 3 /INPUT 1 "RE";
    .port_info 4 /INPUT 11 "RADDR";
    .port_info 5 /INPUT 1 "WCLKN";
    .port_info 6 /INPUT 1 "WCLKE";
    .port_info 7 /INPUT 1 "WE";
    .port_info 8 /INPUT 11 "WADDR";
    .port_info 9 /INPUT 16 "MASK";
    .port_info 10 /INPUT 16 "WDATA";
P_0x555594b97b80 .param/l "INIT_0" 0 10 1878, C4<0000000000000000000000000000000000000000000000000000000000000000000000000000000000000000000000000000000000000000000000000000000000000000000000000000000000000000000000000000000000000000000000000000000000000000000000000000000000000000000000000000000000000000>;
P_0x555594b97bc0 .param/l "INIT_1" 0 10 1879, C4<0000000000000000000000000000000000000000000000000000000000000000000000000000000000000000000000000000000000000000000000000000000000000000000000000000000000000000000000000000000000000000000000000000000000000000000000000000000000000000000000000000000000000000>;
P_0x555594b97c00 .param/l "INIT_2" 0 10 1880, C4<0000000000000000000000000000000000000000000000000000000000000000000000000000000000000000000000000000000000000000000000000000000000000000000000000000000000000000000000000000000000000000000000000000000000000000000000000000000000000000000000000000000000000000>;
P_0x555594b97c40 .param/l "INIT_3" 0 10 1881, C4<0000000000000000000000000000000000000000000000000000000000000000000000000000000000000000000000000000000000000000000000000000000000000000000000000000000000000000000000000000000000000000000000000000000000000000000000000000000000000000000000000000000000000000>;
P_0x555594b97c80 .param/l "INIT_4" 0 10 1882, C4<0000000000000000000000000000000000000000000000000000000000000000000000000000000000000000000000000000000000000000000000000000000000000000000000000000000000000000000000000000000000000000000000000000000000000000000000000000000000000000000000000000000000000000>;
P_0x555594b97cc0 .param/l "INIT_5" 0 10 1883, C4<0000000000000000000000000000000000000000000000000000000000000000000000000000000000000000000000000000000000000000000000000000000000000000000000000000000000000000000000000000000000000000000000000000000000000000000000000000000000000000000000000000000000000000>;
P_0x555594b97d00 .param/l "INIT_6" 0 10 1884, C4<0000000000000000000000000000000000000000000000000000000000000000000000000000000000000000000000000000000000000000000000000000000000000000000000000000000000000000000000000000000000000000000000000000000000000000000000000000000000000000000000000000000000000000>;
P_0x555594b97d40 .param/l "INIT_7" 0 10 1885, C4<0000000000000000000000000000000000000000000000000000000000000000000000000000000000000000000000000000000000000000000000000000000000000000000000000000000000000000000000000000000000000000000000000000000000000000000000000000000000000000000000000000000000000000>;
P_0x555594b97d80 .param/l "INIT_8" 0 10 1886, C4<0000000000000000000000000000000000000000000000000000000000000000000000000000000000000000000000000000000000000000000000000000000000000000000000000000000000000000000000000000000000000000000000000000000000000000000000000000000000000000000000000000000000000000>;
P_0x555594b97dc0 .param/l "INIT_9" 0 10 1887, C4<0000000000000000000000000000000000000000000000000000000000000000000000000000000000000000000000000000000000000000000000000000000000000000000000000000000000000000000000000000000000000000000000000000000000000000000000000000000000000000000000000000000000000000>;
P_0x555594b97e00 .param/l "INIT_A" 0 10 1888, C4<0000000000000000000000000000000000000000000000000000000000000000000000000000000000000000000000000000000000000000000000000000000000000000000000000000000000000000000000000000000000000000000000000000000000000000000000000000000000000000000000000000000000000000>;
P_0x555594b97e40 .param/l "INIT_B" 0 10 1889, C4<0000000000000000000000000000000000000000000000000000000000000000000000000000000000000000000000000000000000000000000000000000000000000000000000000000000000000000000000000000000000000000000000000000000000000000000000000000000000000000000000000000000000000000>;
P_0x555594b97e80 .param/l "INIT_C" 0 10 1890, C4<0000000000000000000000000000000000000000000000000000000000000000000000000000000000000000000000000000000000000000000000000000000000000000000000000000000000000000000000000000000000000000000000000000000000000000000000000000000000000000000000000000000000000000>;
P_0x555594b97ec0 .param/l "INIT_D" 0 10 1891, C4<0000000000000000000000000000000000000000000000000000000000000000000000000000000000000000000000000000000000000000000000000000000000000000000000000000000000000000000000000000000000000000000000000000000000000000000000000000000000000000000000000000000000000000>;
P_0x555594b97f00 .param/l "INIT_E" 0 10 1892, C4<0000000000000000000000000000000000000000000000000000000000000000000000000000000000000000000000000000000000000000000000000000000000000000000000000000000000000000000000000000000000000000000000000000000000000000000000000000000000000000000000000000000000000000>;
P_0x555594b97f40 .param/l "INIT_F" 0 10 1893, C4<0000000000000000000000000000000000000000000000000000000000000000000000000000000000000000000000000000000000000000000000000000000000000000000000000000000000000000000000000000000000000000000000000000000000000000000000000000000000000000000000000000000000000000>;
P_0x555594b97f80 .param/str "INIT_FILE" 0 10 1895, "\000";
P_0x555594b97fc0 .param/l "READ_MODE" 0 10 1876, +C4<00000000000000000000000000000000>;
P_0x555594b98000 .param/l "WRITE_MODE" 0 10 1875, +C4<00000000000000000000000000000000>;
o0x7fc0f76c71a8 .functor BUFZ 1, c4<z>; HiZ drive
L_0x555594e58430 .functor NOT 1, o0x7fc0f76c71a8, C4<0>, C4<0>, C4<0>;
o0x7fc0f76c6c98 .functor BUFZ 16, c4<zzzzzzzzzzzzzzzz>; HiZ drive
v0x555594e242f0_0 .net "MASK", 15 0, o0x7fc0f76c6c98;  0 drivers
o0x7fc0f76c6cc8 .functor BUFZ 11, c4<zzzzzzzzzzz>; HiZ drive
v0x555594e243d0_0 .net "RADDR", 10 0, o0x7fc0f76c6cc8;  0 drivers
o0x7fc0f76c6cf8 .functor BUFZ 1, c4<z>; HiZ drive
v0x555594e244a0_0 .net "RCLK", 0 0, o0x7fc0f76c6cf8;  0 drivers
o0x7fc0f76c6d28 .functor BUFZ 1, c4<z>; HiZ drive
v0x555594e245a0_0 .net "RCLKE", 0 0, o0x7fc0f76c6d28;  0 drivers
v0x555594e24670_0 .net "RDATA", 15 0, L_0x555594e58370;  1 drivers
o0x7fc0f76c6db8 .functor BUFZ 1, c4<z>; HiZ drive
v0x555594e24710_0 .net "RE", 0 0, o0x7fc0f76c6db8;  0 drivers
o0x7fc0f76c6e18 .functor BUFZ 11, c4<zzzzzzzzzzz>; HiZ drive
v0x555594e247e0_0 .net "WADDR", 10 0, o0x7fc0f76c6e18;  0 drivers
o0x7fc0f76c6e78 .functor BUFZ 1, c4<z>; HiZ drive
v0x555594e248b0_0 .net "WCLKE", 0 0, o0x7fc0f76c6e78;  0 drivers
v0x555594e24980_0 .net "WCLKN", 0 0, o0x7fc0f76c71a8;  0 drivers
o0x7fc0f76c6ea8 .functor BUFZ 16, c4<zzzzzzzzzzzzzzzz>; HiZ drive
v0x555594e24a20_0 .net "WDATA", 15 0, o0x7fc0f76c6ea8;  0 drivers
o0x7fc0f76c6f08 .functor BUFZ 1, c4<z>; HiZ drive
v0x555594e24af0_0 .net "WE", 0 0, o0x7fc0f76c6f08;  0 drivers
S_0x555594e20920 .scope module, "RAM" "SB_RAM40_4K" 10 1917, 10 1487 0, S_0x555594c64b60;
 .timescale -12 -12;
    .port_info 0 /OUTPUT 16 "RDATA";
    .port_info 1 /INPUT 1 "RCLK";
    .port_info 2 /INPUT 1 "RCLKE";
    .port_info 3 /INPUT 1 "RE";
    .port_info 4 /INPUT 11 "RADDR";
    .port_info 5 /INPUT 1 "WCLK";
    .port_info 6 /INPUT 1 "WCLKE";
    .port_info 7 /INPUT 1 "WE";
    .port_info 8 /INPUT 11 "WADDR";
    .port_info 9 /INPUT 16 "MASK";
    .port_info 10 /INPUT 16 "WDATA";
P_0x555594e20ad0 .param/l "INIT_0" 0 10 1507, C4<0000000000000000000000000000000000000000000000000000000000000000000000000000000000000000000000000000000000000000000000000000000000000000000000000000000000000000000000000000000000000000000000000000000000000000000000000000000000000000000000000000000000000000>;
P_0x555594e20b10 .param/l "INIT_1" 0 10 1508, C4<0000000000000000000000000000000000000000000000000000000000000000000000000000000000000000000000000000000000000000000000000000000000000000000000000000000000000000000000000000000000000000000000000000000000000000000000000000000000000000000000000000000000000000>;
P_0x555594e20b50 .param/l "INIT_2" 0 10 1509, C4<0000000000000000000000000000000000000000000000000000000000000000000000000000000000000000000000000000000000000000000000000000000000000000000000000000000000000000000000000000000000000000000000000000000000000000000000000000000000000000000000000000000000000000>;
P_0x555594e20b90 .param/l "INIT_3" 0 10 1510, C4<0000000000000000000000000000000000000000000000000000000000000000000000000000000000000000000000000000000000000000000000000000000000000000000000000000000000000000000000000000000000000000000000000000000000000000000000000000000000000000000000000000000000000000>;
P_0x555594e20bd0 .param/l "INIT_4" 0 10 1511, C4<0000000000000000000000000000000000000000000000000000000000000000000000000000000000000000000000000000000000000000000000000000000000000000000000000000000000000000000000000000000000000000000000000000000000000000000000000000000000000000000000000000000000000000>;
P_0x555594e20c10 .param/l "INIT_5" 0 10 1512, C4<0000000000000000000000000000000000000000000000000000000000000000000000000000000000000000000000000000000000000000000000000000000000000000000000000000000000000000000000000000000000000000000000000000000000000000000000000000000000000000000000000000000000000000>;
P_0x555594e20c50 .param/l "INIT_6" 0 10 1513, C4<0000000000000000000000000000000000000000000000000000000000000000000000000000000000000000000000000000000000000000000000000000000000000000000000000000000000000000000000000000000000000000000000000000000000000000000000000000000000000000000000000000000000000000>;
P_0x555594e20c90 .param/l "INIT_7" 0 10 1514, C4<0000000000000000000000000000000000000000000000000000000000000000000000000000000000000000000000000000000000000000000000000000000000000000000000000000000000000000000000000000000000000000000000000000000000000000000000000000000000000000000000000000000000000000>;
P_0x555594e20cd0 .param/l "INIT_8" 0 10 1515, C4<0000000000000000000000000000000000000000000000000000000000000000000000000000000000000000000000000000000000000000000000000000000000000000000000000000000000000000000000000000000000000000000000000000000000000000000000000000000000000000000000000000000000000000>;
P_0x555594e20d10 .param/l "INIT_9" 0 10 1516, C4<0000000000000000000000000000000000000000000000000000000000000000000000000000000000000000000000000000000000000000000000000000000000000000000000000000000000000000000000000000000000000000000000000000000000000000000000000000000000000000000000000000000000000000>;
P_0x555594e20d50 .param/l "INIT_A" 0 10 1517, C4<0000000000000000000000000000000000000000000000000000000000000000000000000000000000000000000000000000000000000000000000000000000000000000000000000000000000000000000000000000000000000000000000000000000000000000000000000000000000000000000000000000000000000000>;
P_0x555594e20d90 .param/l "INIT_B" 0 10 1518, C4<0000000000000000000000000000000000000000000000000000000000000000000000000000000000000000000000000000000000000000000000000000000000000000000000000000000000000000000000000000000000000000000000000000000000000000000000000000000000000000000000000000000000000000>;
P_0x555594e20dd0 .param/l "INIT_C" 0 10 1519, C4<0000000000000000000000000000000000000000000000000000000000000000000000000000000000000000000000000000000000000000000000000000000000000000000000000000000000000000000000000000000000000000000000000000000000000000000000000000000000000000000000000000000000000000>;
P_0x555594e20e10 .param/l "INIT_D" 0 10 1520, C4<0000000000000000000000000000000000000000000000000000000000000000000000000000000000000000000000000000000000000000000000000000000000000000000000000000000000000000000000000000000000000000000000000000000000000000000000000000000000000000000000000000000000000000>;
P_0x555594e20e50 .param/l "INIT_E" 0 10 1521, C4<0000000000000000000000000000000000000000000000000000000000000000000000000000000000000000000000000000000000000000000000000000000000000000000000000000000000000000000000000000000000000000000000000000000000000000000000000000000000000000000000000000000000000000>;
P_0x555594e20e90 .param/l "INIT_F" 0 10 1522, C4<0000000000000000000000000000000000000000000000000000000000000000000000000000000000000000000000000000000000000000000000000000000000000000000000000000000000000000000000000000000000000000000000000000000000000000000000000000000000000000000000000000000000000000>;
P_0x555594e20ed0 .param/str "INIT_FILE" 0 10 1524, "\000";
P_0x555594e20f10 .param/l "READ_MODE" 0 10 1505, +C4<00000000000000000000000000000000>;
P_0x555594e20f50 .param/l "WRITE_MODE" 0 10 1504, +C4<00000000000000000000000000000000>;
v0x555594e231e0_0 .net "MASK", 15 0, o0x7fc0f76c6c98;  alias, 0 drivers
v0x555594e232a0_0 .net "RADDR", 10 0, o0x7fc0f76c6cc8;  alias, 0 drivers
v0x555594e23380_0 .net "RCLK", 0 0, o0x7fc0f76c6cf8;  alias, 0 drivers
v0x555594e23450_0 .net "RCLKE", 0 0, o0x7fc0f76c6d28;  alias, 0 drivers
v0x555594e23510_0 .net "RDATA", 15 0, L_0x555594e58370;  alias, 1 drivers
v0x555594e23640_0 .var "RDATA_I", 15 0;
v0x555594e23720_0 .net "RE", 0 0, o0x7fc0f76c6db8;  alias, 0 drivers
L_0x7fc0f766e0b0 .functor BUFT 1, C4<0000000000000000>, C4<0>, C4<0>, C4<0>;
v0x555594e237e0_0 .net "RMASK_I", 15 0, L_0x7fc0f766e0b0;  1 drivers
v0x555594e238c0_0 .net "WADDR", 10 0, o0x7fc0f76c6e18;  alias, 0 drivers
v0x555594e239a0_0 .net "WCLK", 0 0, L_0x555594e58430;  1 drivers
v0x555594e23a60_0 .net "WCLKE", 0 0, o0x7fc0f76c6e78;  alias, 0 drivers
v0x555594e23b20_0 .net "WDATA", 15 0, o0x7fc0f76c6ea8;  alias, 0 drivers
v0x555594e23c00_0 .net "WDATA_I", 15 0, L_0x555594e58280;  1 drivers
v0x555594e23ce0_0 .net "WE", 0 0, o0x7fc0f76c6f08;  alias, 0 drivers
v0x555594e23da0_0 .net "WMASK_I", 15 0, L_0x555594e58190;  1 drivers
v0x555594e23e80_0 .var/i "i", 31 0;
v0x555594e23f60 .array "memory", 255 0, 15 0;
E_0x555594e22910 .event posedge, v0x555594e23380_0;
E_0x555594e22990 .event posedge, v0x555594e239a0_0;
S_0x555594e229f0 .scope generate, "genblk1" "genblk1" 10 1534, 10 1534 0, S_0x555594e20920;
 .timescale -12 -12;
L_0x555594e58190 .functor BUFZ 16, o0x7fc0f76c6c98, C4<0000000000000000>, C4<0000000000000000>, C4<0000000000000000>;
S_0x555594e22bf0 .scope generate, "genblk2" "genblk2" 10 1555, 10 1555 0, S_0x555594e20920;
 .timescale -12 -12;
S_0x555594e22df0 .scope generate, "genblk3" "genblk3" 10 1576, 10 1576 0, S_0x555594e20920;
 .timescale -12 -12;
L_0x555594e58280 .functor BUFZ 16, o0x7fc0f76c6ea8, C4<0000000000000000>, C4<0000000000000000>, C4<0000000000000000>;
S_0x555594e23000 .scope generate, "genblk4" "genblk4" 10 1595, 10 1595 0, S_0x555594e20920;
 .timescale -12 -12;
L_0x555594e58370 .functor BUFZ 16, v0x555594e23640_0, C4<0000000000000000>, C4<0000000000000000>, C4<0000000000000000>;
S_0x555594c610e0 .scope module, "SB_RGBA_DRV" "SB_RGBA_DRV" 10 2692;
 .timescale -12 -12;
    .port_info 0 /INPUT 1 "CURREN";
    .port_info 1 /INPUT 1 "RGBLEDEN";
    .port_info 2 /INPUT 1 "RGB0PWM";
    .port_info 3 /INPUT 1 "RGB1PWM";
    .port_info 4 /INPUT 1 "RGB2PWM";
    .port_info 5 /OUTPUT 1 "RGB0";
    .port_info 6 /OUTPUT 1 "RGB1";
    .port_info 7 /OUTPUT 1 "RGB2";
P_0x555594c61270 .param/str "CURRENT_MODE" 0 10 2702, "0b0";
P_0x555594c612b0 .param/str "RGB0_CURRENT" 0 10 2703, "0b000000";
P_0x555594c612f0 .param/str "RGB1_CURRENT" 0 10 2704, "0b000000";
P_0x555594c61330 .param/str "RGB2_CURRENT" 0 10 2705, "0b000000";
o0x7fc0f76c73e8 .functor BUFZ 1, c4<z>; HiZ drive
v0x555594e24c60_0 .net "CURREN", 0 0, o0x7fc0f76c73e8;  0 drivers
o0x7fc0f76c7418 .functor BUFZ 1, c4<z>; HiZ drive
v0x555594e24d40_0 .net "RGB0", 0 0, o0x7fc0f76c7418;  0 drivers
o0x7fc0f76c7448 .functor BUFZ 1, c4<z>; HiZ drive
v0x555594e24e00_0 .net "RGB0PWM", 0 0, o0x7fc0f76c7448;  0 drivers
o0x7fc0f76c7478 .functor BUFZ 1, c4<z>; HiZ drive
v0x555594e24ed0_0 .net "RGB1", 0 0, o0x7fc0f76c7478;  0 drivers
o0x7fc0f76c74a8 .functor BUFZ 1, c4<z>; HiZ drive
v0x555594e24f90_0 .net "RGB1PWM", 0 0, o0x7fc0f76c74a8;  0 drivers
o0x7fc0f76c74d8 .functor BUFZ 1, c4<z>; HiZ drive
v0x555594e25050_0 .net "RGB2", 0 0, o0x7fc0f76c74d8;  0 drivers
o0x7fc0f76c7508 .functor BUFZ 1, c4<z>; HiZ drive
v0x555594e25110_0 .net "RGB2PWM", 0 0, o0x7fc0f76c7508;  0 drivers
o0x7fc0f76c7538 .functor BUFZ 1, c4<z>; HiZ drive
v0x555594e251d0_0 .net "RGBLEDEN", 0 0, o0x7fc0f76c7538;  0 drivers
S_0x555594b38f80 .scope module, "SB_RGB_DRV" "SB_RGB_DRV" 10 2716;
 .timescale -12 -12;
    .port_info 0 /INPUT 1 "RGBLEDEN";
    .port_info 1 /INPUT 1 "RGB0PWM";
    .port_info 2 /INPUT 1 "RGB1PWM";
    .port_info 3 /INPUT 1 "RGB2PWM";
    .port_info 4 /INPUT 1 "RGBPU";
    .port_info 5 /OUTPUT 1 "RGB0";
    .port_info 6 /OUTPUT 1 "RGB1";
    .port_info 7 /OUTPUT 1 "RGB2";
P_0x555594b39110 .param/str "CURRENT_MODE" 0 10 2726, "0b0";
P_0x555594b39150 .param/str "RGB0_CURRENT" 0 10 2727, "0b000000";
P_0x555594b39190 .param/str "RGB1_CURRENT" 0 10 2728, "0b000000";
P_0x555594b391d0 .param/str "RGB2_CURRENT" 0 10 2729, "0b000000";
o0x7fc0f76c76e8 .functor BUFZ 1, c4<z>; HiZ drive
v0x555594e253e0_0 .net "RGB0", 0 0, o0x7fc0f76c76e8;  0 drivers
o0x7fc0f76c7718 .functor BUFZ 1, c4<z>; HiZ drive
v0x555594e254c0_0 .net "RGB0PWM", 0 0, o0x7fc0f76c7718;  0 drivers
o0x7fc0f76c7748 .functor BUFZ 1, c4<z>; HiZ drive
v0x555594e25580_0 .net "RGB1", 0 0, o0x7fc0f76c7748;  0 drivers
o0x7fc0f76c7778 .functor BUFZ 1, c4<z>; HiZ drive
v0x555594e25620_0 .net "RGB1PWM", 0 0, o0x7fc0f76c7778;  0 drivers
o0x7fc0f76c77a8 .functor BUFZ 1, c4<z>; HiZ drive
v0x555594e256e0_0 .net "RGB2", 0 0, o0x7fc0f76c77a8;  0 drivers
o0x7fc0f76c77d8 .functor BUFZ 1, c4<z>; HiZ drive
v0x555594e257a0_0 .net "RGB2PWM", 0 0, o0x7fc0f76c77d8;  0 drivers
o0x7fc0f76c7808 .functor BUFZ 1, c4<z>; HiZ drive
v0x555594e25860_0 .net "RGBLEDEN", 0 0, o0x7fc0f76c7808;  0 drivers
o0x7fc0f76c7838 .functor BUFZ 1, c4<z>; HiZ drive
v0x555594e25920_0 .net "RGBPU", 0 0, o0x7fc0f76c7838;  0 drivers
S_0x555594b35280 .scope module, "SB_SPI" "SB_SPI" 10 2776;
 .timescale -12 -12;
    .port_info 0 /INPUT 1 "SBCLKI";
    .port_info 1 /INPUT 1 "SBRWI";
    .port_info 2 /INPUT 1 "SBSTBI";
    .port_info 3 /INPUT 1 "SBADRI7";
    .port_info 4 /INPUT 1 "SBADRI6";
    .port_info 5 /INPUT 1 "SBADRI5";
    .port_info 6 /INPUT 1 "SBADRI4";
    .port_info 7 /INPUT 1 "SBADRI3";
    .port_info 8 /INPUT 1 "SBADRI2";
    .port_info 9 /INPUT 1 "SBADRI1";
    .port_info 10 /INPUT 1 "SBADRI0";
    .port_info 11 /INPUT 1 "SBDATI7";
    .port_info 12 /INPUT 1 "SBDATI6";
    .port_info 13 /INPUT 1 "SBDATI5";
    .port_info 14 /INPUT 1 "SBDATI4";
    .port_info 15 /INPUT 1 "SBDATI3";
    .port_info 16 /INPUT 1 "SBDATI2";
    .port_info 17 /INPUT 1 "SBDATI1";
    .port_info 18 /INPUT 1 "SBDATI0";
    .port_info 19 /INPUT 1 "MI";
    .port_info 20 /INPUT 1 "SI";
    .port_info 21 /INPUT 1 "SCKI";
    .port_info 22 /INPUT 1 "SCSNI";
    .port_info 23 /OUTPUT 1 "SBDATO7";
    .port_info 24 /OUTPUT 1 "SBDATO6";
    .port_info 25 /OUTPUT 1 "SBDATO5";
    .port_info 26 /OUTPUT 1 "SBDATO4";
    .port_info 27 /OUTPUT 1 "SBDATO3";
    .port_info 28 /OUTPUT 1 "SBDATO2";
    .port_info 29 /OUTPUT 1 "SBDATO1";
    .port_info 30 /OUTPUT 1 "SBDATO0";
    .port_info 31 /OUTPUT 1 "SBACKO";
    .port_info 32 /OUTPUT 1 "SPIIRQ";
    .port_info 33 /OUTPUT 1 "SPIWKUP";
    .port_info 34 /OUTPUT 1 "SO";
    .port_info 35 /OUTPUT 1 "SOE";
    .port_info 36 /OUTPUT 1 "MO";
    .port_info 37 /OUTPUT 1 "MOE";
    .port_info 38 /OUTPUT 1 "SCKO";
    .port_info 39 /OUTPUT 1 "SCKOE";
    .port_info 40 /OUTPUT 1 "MCSNO3";
    .port_info 41 /OUTPUT 1 "MCSNO2";
    .port_info 42 /OUTPUT 1 "MCSNO1";
    .port_info 43 /OUTPUT 1 "MCSNO0";
    .port_info 44 /OUTPUT 1 "MCSNOE3";
    .port_info 45 /OUTPUT 1 "MCSNOE2";
    .port_info 46 /OUTPUT 1 "MCSNOE1";
    .port_info 47 /OUTPUT 1 "MCSNOE0";
P_0x555594b35410 .param/str "BUS_ADDR74" 0 10 2826, "0b0000";
o0x7fc0f76c79e8 .functor BUFZ 1, c4<z>; HiZ drive
v0x555594e25b30_0 .net "MCSNO0", 0 0, o0x7fc0f76c79e8;  0 drivers
o0x7fc0f76c7a18 .functor BUFZ 1, c4<z>; HiZ drive
v0x555594e25c10_0 .net "MCSNO1", 0 0, o0x7fc0f76c7a18;  0 drivers
o0x7fc0f76c7a48 .functor BUFZ 1, c4<z>; HiZ drive
v0x555594e25cd0_0 .net "MCSNO2", 0 0, o0x7fc0f76c7a48;  0 drivers
o0x7fc0f76c7a78 .functor BUFZ 1, c4<z>; HiZ drive
v0x555594e25d70_0 .net "MCSNO3", 0 0, o0x7fc0f76c7a78;  0 drivers
o0x7fc0f76c7aa8 .functor BUFZ 1, c4<z>; HiZ drive
v0x555594e25e30_0 .net "MCSNOE0", 0 0, o0x7fc0f76c7aa8;  0 drivers
o0x7fc0f76c7ad8 .functor BUFZ 1, c4<z>; HiZ drive
v0x555594e25ef0_0 .net "MCSNOE1", 0 0, o0x7fc0f76c7ad8;  0 drivers
o0x7fc0f76c7b08 .functor BUFZ 1, c4<z>; HiZ drive
v0x555594e25fb0_0 .net "MCSNOE2", 0 0, o0x7fc0f76c7b08;  0 drivers
o0x7fc0f76c7b38 .functor BUFZ 1, c4<z>; HiZ drive
v0x555594e26070_0 .net "MCSNOE3", 0 0, o0x7fc0f76c7b38;  0 drivers
o0x7fc0f76c7b68 .functor BUFZ 1, c4<z>; HiZ drive
v0x555594e26130_0 .net "MI", 0 0, o0x7fc0f76c7b68;  0 drivers
o0x7fc0f76c7b98 .functor BUFZ 1, c4<z>; HiZ drive
v0x555594e26280_0 .net "MO", 0 0, o0x7fc0f76c7b98;  0 drivers
o0x7fc0f76c7bc8 .functor BUFZ 1, c4<z>; HiZ drive
v0x555594e26340_0 .net "MOE", 0 0, o0x7fc0f76c7bc8;  0 drivers
o0x7fc0f76c7bf8 .functor BUFZ 1, c4<z>; HiZ drive
v0x555594e26400_0 .net "SBACKO", 0 0, o0x7fc0f76c7bf8;  0 drivers
o0x7fc0f76c7c28 .functor BUFZ 1, c4<z>; HiZ drive
v0x555594e264c0_0 .net "SBADRI0", 0 0, o0x7fc0f76c7c28;  0 drivers
o0x7fc0f76c7c58 .functor BUFZ 1, c4<z>; HiZ drive
v0x555594e26580_0 .net "SBADRI1", 0 0, o0x7fc0f76c7c58;  0 drivers
o0x7fc0f76c7c88 .functor BUFZ 1, c4<z>; HiZ drive
v0x555594e26640_0 .net "SBADRI2", 0 0, o0x7fc0f76c7c88;  0 drivers
o0x7fc0f76c7cb8 .functor BUFZ 1, c4<z>; HiZ drive
v0x555594e26700_0 .net "SBADRI3", 0 0, o0x7fc0f76c7cb8;  0 drivers
o0x7fc0f76c7ce8 .functor BUFZ 1, c4<z>; HiZ drive
v0x555594e267c0_0 .net "SBADRI4", 0 0, o0x7fc0f76c7ce8;  0 drivers
o0x7fc0f76c7d18 .functor BUFZ 1, c4<z>; HiZ drive
v0x555594e26990_0 .net "SBADRI5", 0 0, o0x7fc0f76c7d18;  0 drivers
o0x7fc0f76c7d48 .functor BUFZ 1, c4<z>; HiZ drive
v0x555594e26a50_0 .net "SBADRI6", 0 0, o0x7fc0f76c7d48;  0 drivers
o0x7fc0f76c7d78 .functor BUFZ 1, c4<z>; HiZ drive
v0x555594e26b10_0 .net "SBADRI7", 0 0, o0x7fc0f76c7d78;  0 drivers
o0x7fc0f76c7da8 .functor BUFZ 1, c4<z>; HiZ drive
v0x555594e26bd0_0 .net "SBCLKI", 0 0, o0x7fc0f76c7da8;  0 drivers
o0x7fc0f76c7dd8 .functor BUFZ 1, c4<z>; HiZ drive
v0x555594e26c90_0 .net "SBDATI0", 0 0, o0x7fc0f76c7dd8;  0 drivers
o0x7fc0f76c7e08 .functor BUFZ 1, c4<z>; HiZ drive
v0x555594e26d50_0 .net "SBDATI1", 0 0, o0x7fc0f76c7e08;  0 drivers
o0x7fc0f76c7e38 .functor BUFZ 1, c4<z>; HiZ drive
v0x555594e26e10_0 .net "SBDATI2", 0 0, o0x7fc0f76c7e38;  0 drivers
o0x7fc0f76c7e68 .functor BUFZ 1, c4<z>; HiZ drive
v0x555594e26ed0_0 .net "SBDATI3", 0 0, o0x7fc0f76c7e68;  0 drivers
o0x7fc0f76c7e98 .functor BUFZ 1, c4<z>; HiZ drive
v0x555594e26f90_0 .net "SBDATI4", 0 0, o0x7fc0f76c7e98;  0 drivers
o0x7fc0f76c7ec8 .functor BUFZ 1, c4<z>; HiZ drive
v0x555594e27050_0 .net "SBDATI5", 0 0, o0x7fc0f76c7ec8;  0 drivers
o0x7fc0f76c7ef8 .functor BUFZ 1, c4<z>; HiZ drive
v0x555594e27110_0 .net "SBDATI6", 0 0, o0x7fc0f76c7ef8;  0 drivers
o0x7fc0f76c7f28 .functor BUFZ 1, c4<z>; HiZ drive
v0x555594e271d0_0 .net "SBDATI7", 0 0, o0x7fc0f76c7f28;  0 drivers
o0x7fc0f76c7f58 .functor BUFZ 1, c4<z>; HiZ drive
v0x555594e27290_0 .net "SBDATO0", 0 0, o0x7fc0f76c7f58;  0 drivers
o0x7fc0f76c7f88 .functor BUFZ 1, c4<z>; HiZ drive
v0x555594e27350_0 .net "SBDATO1", 0 0, o0x7fc0f76c7f88;  0 drivers
o0x7fc0f76c7fb8 .functor BUFZ 1, c4<z>; HiZ drive
v0x555594e27410_0 .net "SBDATO2", 0 0, o0x7fc0f76c7fb8;  0 drivers
o0x7fc0f76c7fe8 .functor BUFZ 1, c4<z>; HiZ drive
v0x555594e274d0_0 .net "SBDATO3", 0 0, o0x7fc0f76c7fe8;  0 drivers
o0x7fc0f76c8018 .functor BUFZ 1, c4<z>; HiZ drive
v0x555594e27590_0 .net "SBDATO4", 0 0, o0x7fc0f76c8018;  0 drivers
o0x7fc0f76c8048 .functor BUFZ 1, c4<z>; HiZ drive
v0x555594e27650_0 .net "SBDATO5", 0 0, o0x7fc0f76c8048;  0 drivers
o0x7fc0f76c8078 .functor BUFZ 1, c4<z>; HiZ drive
v0x555594e27710_0 .net "SBDATO6", 0 0, o0x7fc0f76c8078;  0 drivers
o0x7fc0f76c80a8 .functor BUFZ 1, c4<z>; HiZ drive
v0x555594e277d0_0 .net "SBDATO7", 0 0, o0x7fc0f76c80a8;  0 drivers
o0x7fc0f76c80d8 .functor BUFZ 1, c4<z>; HiZ drive
v0x555594e27890_0 .net "SBRWI", 0 0, o0x7fc0f76c80d8;  0 drivers
o0x7fc0f76c8108 .functor BUFZ 1, c4<z>; HiZ drive
v0x555594e27950_0 .net "SBSTBI", 0 0, o0x7fc0f76c8108;  0 drivers
o0x7fc0f76c8138 .functor BUFZ 1, c4<z>; HiZ drive
v0x555594e27a10_0 .net "SCKI", 0 0, o0x7fc0f76c8138;  0 drivers
o0x7fc0f76c8168 .functor BUFZ 1, c4<z>; HiZ drive
v0x555594e27ad0_0 .net "SCKO", 0 0, o0x7fc0f76c8168;  0 drivers
o0x7fc0f76c8198 .functor BUFZ 1, c4<z>; HiZ drive
v0x555594e27b90_0 .net "SCKOE", 0 0, o0x7fc0f76c8198;  0 drivers
o0x7fc0f76c81c8 .functor BUFZ 1, c4<z>; HiZ drive
v0x555594e27c50_0 .net "SCSNI", 0 0, o0x7fc0f76c81c8;  0 drivers
o0x7fc0f76c81f8 .functor BUFZ 1, c4<z>; HiZ drive
v0x555594e27d10_0 .net "SI", 0 0, o0x7fc0f76c81f8;  0 drivers
o0x7fc0f76c8228 .functor BUFZ 1, c4<z>; HiZ drive
v0x555594e27dd0_0 .net "SO", 0 0, o0x7fc0f76c8228;  0 drivers
o0x7fc0f76c8258 .functor BUFZ 1, c4<z>; HiZ drive
v0x555594e27e90_0 .net "SOE", 0 0, o0x7fc0f76c8258;  0 drivers
o0x7fc0f76c8288 .functor BUFZ 1, c4<z>; HiZ drive
v0x555594e27f50_0 .net "SPIIRQ", 0 0, o0x7fc0f76c8288;  0 drivers
o0x7fc0f76c82b8 .functor BUFZ 1, c4<z>; HiZ drive
v0x555594e28010_0 .net "SPIWKUP", 0 0, o0x7fc0f76c82b8;  0 drivers
S_0x555594aefa00 .scope module, "SB_SPRAM256KA" "SB_SPRAM256KA" 10 2600;
 .timescale -12 -12;
    .port_info 0 /INPUT 14 "ADDRESS";
    .port_info 1 /INPUT 16 "DATAIN";
    .port_info 2 /INPUT 4 "MASKWREN";
    .port_info 3 /INPUT 1 "WREN";
    .port_info 4 /INPUT 1 "CHIPSELECT";
    .port_info 5 /INPUT 1 "CLOCK";
    .port_info 6 /INPUT 1 "STANDBY";
    .port_info 7 /INPUT 1 "SLEEP";
    .port_info 8 /INPUT 1 "POWEROFF";
    .port_info 9 /OUTPUT 16 "DATAOUT";
o0x7fc0f76c8d38 .functor BUFZ 1, c4<z>; HiZ drive
L_0x555594e585d0 .functor OR 1, o0x7fc0f76c8d38, L_0x555594e584d0, C4<0>, C4<0>;
o0x7fc0f76c8be8 .functor BUFZ 14, c4<zzzzzzzzzzzzzz>; HiZ drive
v0x555594e28940_0 .net "ADDRESS", 13 0, o0x7fc0f76c8be8;  0 drivers
o0x7fc0f76c8c18 .functor BUFZ 1, c4<z>; HiZ drive
v0x555594e28a40_0 .net "CHIPSELECT", 0 0, o0x7fc0f76c8c18;  0 drivers
o0x7fc0f76c8c48 .functor BUFZ 1, c4<z>; HiZ drive
v0x555594e28b00_0 .net "CLOCK", 0 0, o0x7fc0f76c8c48;  0 drivers
o0x7fc0f76c8c78 .functor BUFZ 16, c4<zzzzzzzzzzzzzzzz>; HiZ drive
v0x555594e28ba0_0 .net "DATAIN", 15 0, o0x7fc0f76c8c78;  0 drivers
v0x555594e28c80_0 .var "DATAOUT", 15 0;
o0x7fc0f76c8cd8 .functor BUFZ 4, c4<zzzz>; HiZ drive
v0x555594e28d60_0 .net "MASKWREN", 3 0, o0x7fc0f76c8cd8;  0 drivers
o0x7fc0f76c8d08 .functor BUFZ 1, c4<z>; HiZ drive
v0x555594e28e40_0 .net "POWEROFF", 0 0, o0x7fc0f76c8d08;  0 drivers
v0x555594e28f00_0 .net "SLEEP", 0 0, o0x7fc0f76c8d38;  0 drivers
o0x7fc0f76c8d68 .functor BUFZ 1, c4<z>; HiZ drive
v0x555594e28fc0_0 .net "STANDBY", 0 0, o0x7fc0f76c8d68;  0 drivers
o0x7fc0f76c8d98 .functor BUFZ 1, c4<z>; HiZ drive
v0x555594e29080_0 .net "WREN", 0 0, o0x7fc0f76c8d98;  0 drivers
v0x555594e29140_0 .net *"_ivl_1", 0 0, L_0x555594e584d0;  1 drivers
v0x555594e29200_0 .var/i "i", 31 0;
v0x555594e292e0 .array "mem", 16383 0, 15 0;
v0x555594e293a0_0 .net "off", 0 0, L_0x555594e585d0;  1 drivers
E_0x555594e28860 .event posedge, v0x555594e293a0_0, v0x555594e28b00_0;
E_0x555594e288e0 .event negedge, v0x555594e28e40_0;
L_0x555594e584d0 .reduce/nor o0x7fc0f76c8d08;
S_0x555594aefd40 .scope module, "SB_WARMBOOT" "SB_WARMBOOT" 10 2593;
 .timescale -12 -12;
    .port_info 0 /INPUT 1 "BOOT";
    .port_info 1 /INPUT 1 "S1";
    .port_info 2 /INPUT 1 "S0";
o0x7fc0f76c9038 .functor BUFZ 1, c4<z>; HiZ drive
v0x555594e295a0_0 .net "BOOT", 0 0, o0x7fc0f76c9038;  0 drivers
o0x7fc0f76c9068 .functor BUFZ 1, c4<z>; HiZ drive
v0x555594e29680_0 .net "S0", 0 0, o0x7fc0f76c9068;  0 drivers
o0x7fc0f76c9098 .functor BUFZ 1, c4<z>; HiZ drive
v0x555594e29740_0 .net "S1", 0 0, o0x7fc0f76c9098;  0 drivers
S_0x555594bebcf0 .scope module, "Xor" "Xor" 21 7;
 .timescale -12 -12;
    .port_info 0 /INPUT 1 "a";
    .port_info 1 /INPUT 1 "b";
    .port_info 2 /OUTPUT 1 "out";
o0x7fc0f76c91e8 .functor BUFZ 1, c4<z>; HiZ drive
o0x7fc0f76c9218 .functor BUFZ 1, c4<z>; HiZ drive
L_0x555594e586f0 .functor XNOR 1, o0x7fc0f76c91e8, o0x7fc0f76c9218, C4<0>, C4<0>;
v0x555594e29860_0 .net *"_ivl_0", 0 0, L_0x555594e586f0;  1 drivers
L_0x7fc0f766e0f8 .functor BUFT 1, C4<0>, C4<0>, C4<0>, C4<0>;
v0x555594e29920_0 .net/2u *"_ivl_2", 0 0, L_0x7fc0f766e0f8;  1 drivers
L_0x7fc0f766e140 .functor BUFT 1, C4<1>, C4<0>, C4<0>, C4<0>;
v0x555594e29a00_0 .net/2u *"_ivl_4", 0 0, L_0x7fc0f766e140;  1 drivers
v0x555594e29af0_0 .net "a", 0 0, o0x7fc0f76c91e8;  0 drivers
v0x555594e29bb0_0 .net "b", 0 0, o0x7fc0f76c9218;  0 drivers
v0x555594e29c70_0 .net "out", 0 0, L_0x555594e58820;  1 drivers
L_0x555594e58820 .functor MUXZ 1, L_0x7fc0f766e140, L_0x7fc0f766e0f8, L_0x555594e586f0, C4<>;
    .scope S_0x555594dc2300;
T_3 ;
    %pushi/vec4 0, 0, 1;
    %store/vec4 v0x555594b5b430_0, 0, 1;
    %end;
    .thread T_3, $init;
    .scope S_0x555594dc2300;
T_4 ;
    %vpi_call/w 7 37 "$dumpvars", 32'sb00000000000000000000000000000000, S_0x555594dc2300 {0 0 0};
    %vpi_call/w 7 39 "$display", "------------------------" {0 0 0};
    %vpi_call/w 7 40 "$display", "Testbench: DMux4Way" {0 0 0};
    %pushi/vec4 0, 0, 1;
    %store/vec4 v0x555594b5b4f0_0, 0, 1;
    %pushi/vec4 0, 0, 2;
    %store/vec4 v0x555594b5b5e0_0, 0, 2;
    %fork TD_DMux4Way_tb.check, S_0x555594b427a0;
    %join;
    %pushi/vec4 0, 0, 1;
    %store/vec4 v0x555594b5b4f0_0, 0, 1;
    %pushi/vec4 1, 0, 2;
    %store/vec4 v0x555594b5b5e0_0, 0, 2;
    %fork TD_DMux4Way_tb.check, S_0x555594b427a0;
    %join;
    %pushi/vec4 0, 0, 1;
    %store/vec4 v0x555594b5b4f0_0, 0, 1;
    %pushi/vec4 2, 0, 2;
    %store/vec4 v0x555594b5b5e0_0, 0, 2;
    %fork TD_DMux4Way_tb.check, S_0x555594b427a0;
    %join;
    %pushi/vec4 0, 0, 1;
    %store/vec4 v0x555594b5b4f0_0, 0, 1;
    %pushi/vec4 3, 0, 2;
    %store/vec4 v0x555594b5b5e0_0, 0, 2;
    %fork TD_DMux4Way_tb.check, S_0x555594b427a0;
    %join;
    %pushi/vec4 1, 0, 1;
    %store/vec4 v0x555594b5b4f0_0, 0, 1;
    %pushi/vec4 0, 0, 2;
    %store/vec4 v0x555594b5b5e0_0, 0, 2;
    %fork TD_DMux4Way_tb.check, S_0x555594b427a0;
    %join;
    %pushi/vec4 1, 0, 1;
    %store/vec4 v0x555594b5b4f0_0, 0, 1;
    %pushi/vec4 1, 0, 2;
    %store/vec4 v0x555594b5b5e0_0, 0, 2;
    %fork TD_DMux4Way_tb.check, S_0x555594b427a0;
    %join;
    %pushi/vec4 1, 0, 1;
    %store/vec4 v0x555594b5b4f0_0, 0, 1;
    %pushi/vec4 2, 0, 2;
    %store/vec4 v0x555594b5b5e0_0, 0, 2;
    %fork TD_DMux4Way_tb.check, S_0x555594b427a0;
    %join;
    %pushi/vec4 1, 0, 1;
    %store/vec4 v0x555594b5b4f0_0, 0, 1;
    %pushi/vec4 3, 0, 2;
    %store/vec4 v0x555594b5b5e0_0, 0, 2;
    %fork TD_DMux4Way_tb.check, S_0x555594b427a0;
    %join;
    %load/vec4 v0x555594b5b430_0;
    %pad/u 32;
    %cmpi/e 0, 0, 32;
    %jmp/0xz  T_4.0, 4;
    %vpi_call/w 7 51 "$display", "passed" {0 0 0};
T_4.0 ;
    %vpi_call/w 7 52 "$display", "------------------------" {0 0 0};
    %vpi_call/w 7 53 "$finish" {0 0 0};
    %end;
    .thread T_4;
    .scope S_0x555594db0b90;
T_5 ;
    %pushi/vec4 0, 0, 1;
    %store/vec4 v0x555594b492b0_0, 0, 1;
    %pushi/vec4 0, 0, 1;
    %store/vec4 v0x555594b49370_0, 0, 1;
    %end;
    .thread T_5, $init;
    .scope S_0x555594db0b90;
T_6 ;
    %wait E_0x555594b39f20;
    %load/vec4 v0x555594b5b7c0_0;
    %flag_set/vec4 8;
    %jmp/0xz  T_6.0, 8;
    %load/vec4 v0x555594b596c0_0;
    %flag_set/vec4 8;
    %jmp/0 T_6.2, 8;
    %pushi/vec4 0, 0, 1;
    %jmp/1 T_6.3, 8;
T_6.2 ; End of true expr.
    %load/vec4 v0x555594b4cf50_0;
    %jmp/0 T_6.3, 8;
 ; End of false expr.
    %blend;
T_6.3;
    %assign/vec4 v0x555594b492b0_0, 0;
T_6.0 ;
    %jmp T_6;
    .thread T_6;
    .scope S_0x555594db0b90;
T_7 ;
    %wait E_0x555594bda810;
    %load/vec4 v0x555594b596c0_0;
    %flag_set/vec4 8;
    %jmp/0xz  T_7.0, 8;
    %pushi/vec4 0, 0, 1;
    %assign/vec4 v0x555594b49370_0, 0;
    %jmp T_7.1;
T_7.0 ;
    %load/vec4 v0x555594b5b7c0_0;
    %flag_set/vec4 8;
    %jmp/0xz  T_7.2, 8;
    %load/vec4 v0x555594b4cf50_0;
    %assign/vec4 v0x555594b49370_0, 0;
T_7.2 ;
T_7.1 ;
    %jmp T_7;
    .thread T_7;
    .scope S_0x555594b3f870;
T_8 ;
    %pushi/vec4 0, 0, 32;
    %store/vec4 v0x555594debcb0_0, 0, 32;
T_8.0 ; Top of for-loop
    %load/vec4 v0x555594debcb0_0;
    %cmpi/s 16, 0, 32;
	  %jmp/0xz T_8.1, 5;
    %pushi/vec4 0, 0, 256;
    %load/vec4 v0x555594debcb0_0;
    %muli 16, 0, 32;
    %part/s 16;
    %pushi/vec4 0, 0, 32;
    %load/vec4 v0x555594debcb0_0;
    %add;
    %ix/vec4/s 4;
    %store/vec4a v0x555594debd90, 4, 0;
    %pushi/vec4 0, 0, 256;
    %load/vec4 v0x555594debcb0_0;
    %muli 16, 0, 32;
    %part/s 16;
    %pushi/vec4 16, 0, 32;
    %load/vec4 v0x555594debcb0_0;
    %add;
    %ix/vec4/s 4;
    %store/vec4a v0x555594debd90, 4, 0;
    %pushi/vec4 0, 0, 256;
    %load/vec4 v0x555594debcb0_0;
    %muli 16, 0, 32;
    %part/s 16;
    %pushi/vec4 32, 0, 32;
    %load/vec4 v0x555594debcb0_0;
    %add;
    %ix/vec4/s 4;
    %store/vec4a v0x555594debd90, 4, 0;
    %pushi/vec4 0, 0, 256;
    %load/vec4 v0x555594debcb0_0;
    %muli 16, 0, 32;
    %part/s 16;
    %pushi/vec4 48, 0, 32;
    %load/vec4 v0x555594debcb0_0;
    %add;
    %ix/vec4/s 4;
    %store/vec4a v0x555594debd90, 4, 0;
    %pushi/vec4 0, 0, 256;
    %load/vec4 v0x555594debcb0_0;
    %muli 16, 0, 32;
    %part/s 16;
    %pushi/vec4 64, 0, 32;
    %load/vec4 v0x555594debcb0_0;
    %add;
    %ix/vec4/s 4;
    %store/vec4a v0x555594debd90, 4, 0;
    %pushi/vec4 0, 0, 256;
    %load/vec4 v0x555594debcb0_0;
    %muli 16, 0, 32;
    %part/s 16;
    %pushi/vec4 80, 0, 32;
    %load/vec4 v0x555594debcb0_0;
    %add;
    %ix/vec4/s 4;
    %store/vec4a v0x555594debd90, 4, 0;
    %pushi/vec4 0, 0, 256;
    %load/vec4 v0x555594debcb0_0;
    %muli 16, 0, 32;
    %part/s 16;
    %pushi/vec4 96, 0, 32;
    %load/vec4 v0x555594debcb0_0;
    %add;
    %ix/vec4/s 4;
    %store/vec4a v0x555594debd90, 4, 0;
    %pushi/vec4 0, 0, 256;
    %load/vec4 v0x555594debcb0_0;
    %muli 16, 0, 32;
    %part/s 16;
    %pushi/vec4 112, 0, 32;
    %load/vec4 v0x555594debcb0_0;
    %add;
    %ix/vec4/s 4;
    %store/vec4a v0x555594debd90, 4, 0;
    %pushi/vec4 0, 0, 256;
    %load/vec4 v0x555594debcb0_0;
    %muli 16, 0, 32;
    %part/s 16;
    %pushi/vec4 128, 0, 32;
    %load/vec4 v0x555594debcb0_0;
    %add;
    %ix/vec4/s 4;
    %store/vec4a v0x555594debd90, 4, 0;
    %pushi/vec4 0, 0, 256;
    %load/vec4 v0x555594debcb0_0;
    %muli 16, 0, 32;
    %part/s 16;
    %pushi/vec4 144, 0, 32;
    %load/vec4 v0x555594debcb0_0;
    %add;
    %ix/vec4/s 4;
    %store/vec4a v0x555594debd90, 4, 0;
    %pushi/vec4 0, 0, 256;
    %load/vec4 v0x555594debcb0_0;
    %muli 16, 0, 32;
    %part/s 16;
    %pushi/vec4 160, 0, 32;
    %load/vec4 v0x555594debcb0_0;
    %add;
    %ix/vec4/s 4;
    %store/vec4a v0x555594debd90, 4, 0;
    %pushi/vec4 0, 0, 256;
    %load/vec4 v0x555594debcb0_0;
    %muli 16, 0, 32;
    %part/s 16;
    %pushi/vec4 176, 0, 32;
    %load/vec4 v0x555594debcb0_0;
    %add;
    %ix/vec4/s 4;
    %store/vec4a v0x555594debd90, 4, 0;
    %pushi/vec4 0, 0, 256;
    %load/vec4 v0x555594debcb0_0;
    %muli 16, 0, 32;
    %part/s 16;
    %pushi/vec4 192, 0, 32;
    %load/vec4 v0x555594debcb0_0;
    %add;
    %ix/vec4/s 4;
    %store/vec4a v0x555594debd90, 4, 0;
    %pushi/vec4 0, 0, 256;
    %load/vec4 v0x555594debcb0_0;
    %muli 16, 0, 32;
    %part/s 16;
    %pushi/vec4 208, 0, 32;
    %load/vec4 v0x555594debcb0_0;
    %add;
    %ix/vec4/s 4;
    %store/vec4a v0x555594debd90, 4, 0;
    %pushi/vec4 0, 0, 256;
    %load/vec4 v0x555594debcb0_0;
    %muli 16, 0, 32;
    %part/s 16;
    %pushi/vec4 224, 0, 32;
    %load/vec4 v0x555594debcb0_0;
    %add;
    %ix/vec4/s 4;
    %store/vec4a v0x555594debd90, 4, 0;
    %pushi/vec4 0, 0, 256;
    %load/vec4 v0x555594debcb0_0;
    %muli 16, 0, 32;
    %part/s 16;
    %pushi/vec4 240, 0, 32;
    %load/vec4 v0x555594debcb0_0;
    %add;
    %ix/vec4/s 4;
    %store/vec4a v0x555594debd90, 4, 0;
T_8.2 ; for-loop step statement
    %load/vec4 v0x555594debcb0_0;
    %addi 1, 0, 32;
    %store/vec4 v0x555594debcb0_0, 0, 32;
    %jmp T_8.0;
T_8.1 ; for-loop exit label
    %end;
    .thread T_8;
    .scope S_0x555594b3f870;
T_9 ;
    %wait E_0x555594b3fd80;
    %load/vec4 v0x555594debb10_0;
    %flag_set/vec4 9;
    %flag_get/vec4 9;
    %jmp/0 T_9.2, 9;
    %load/vec4 v0x555594deb890_0;
    %and;
T_9.2;
    %flag_set/vec4 8;
    %jmp/0xz  T_9.0, 8;
    %load/vec4 v0x555594debbd0_0;
    %parti/s 1, 0, 2;
    %nor/r;
    %flag_set/vec4 8;
    %jmp/0xz  T_9.3, 8;
    %load/vec4 v0x555594deba30_0;
    %parti/s 1, 0, 2;
    %load/vec4 v0x555594deb6f0_0;
    %parti/s 8, 0, 2;
    %pad/u 10;
    %ix/vec4 3;
    %ix/load 4, 0, 0; Constant delay
    %assign/vec4/a/d v0x555594debd90, 0, 4;
T_9.3 ;
    %load/vec4 v0x555594debbd0_0;
    %parti/s 1, 1, 2;
    %nor/r;
    %flag_set/vec4 8;
    %jmp/0xz  T_9.5, 8;
    %load/vec4 v0x555594deba30_0;
    %parti/s 1, 1, 2;
    %load/vec4 v0x555594deb6f0_0;
    %parti/s 8, 0, 2;
    %pad/u 10;
    %ix/vec4 3;
    %ix/load 4, 1, 0; part off
    %ix/load 5, 0, 0; Constant delay
    %assign/vec4/a/d v0x555594debd90, 4, 5;
T_9.5 ;
    %load/vec4 v0x555594debbd0_0;
    %parti/s 1, 2, 3;
    %nor/r;
    %flag_set/vec4 8;
    %jmp/0xz  T_9.7, 8;
    %load/vec4 v0x555594deba30_0;
    %parti/s 1, 2, 3;
    %load/vec4 v0x555594deb6f0_0;
    %parti/s 8, 0, 2;
    %pad/u 10;
    %ix/vec4 3;
    %ix/load 4, 2, 0; part off
    %ix/load 5, 0, 0; Constant delay
    %assign/vec4/a/d v0x555594debd90, 4, 5;
T_9.7 ;
    %load/vec4 v0x555594debbd0_0;
    %parti/s 1, 3, 3;
    %nor/r;
    %flag_set/vec4 8;
    %jmp/0xz  T_9.9, 8;
    %load/vec4 v0x555594deba30_0;
    %parti/s 1, 3, 3;
    %load/vec4 v0x555594deb6f0_0;
    %parti/s 8, 0, 2;
    %pad/u 10;
    %ix/vec4 3;
    %ix/load 4, 3, 0; part off
    %ix/load 5, 0, 0; Constant delay
    %assign/vec4/a/d v0x555594debd90, 4, 5;
T_9.9 ;
    %load/vec4 v0x555594debbd0_0;
    %parti/s 1, 4, 4;
    %nor/r;
    %flag_set/vec4 8;
    %jmp/0xz  T_9.11, 8;
    %load/vec4 v0x555594deba30_0;
    %parti/s 1, 4, 4;
    %load/vec4 v0x555594deb6f0_0;
    %parti/s 8, 0, 2;
    %pad/u 10;
    %ix/vec4 3;
    %ix/load 4, 4, 0; part off
    %ix/load 5, 0, 0; Constant delay
    %assign/vec4/a/d v0x555594debd90, 4, 5;
T_9.11 ;
    %load/vec4 v0x555594debbd0_0;
    %parti/s 1, 5, 4;
    %nor/r;
    %flag_set/vec4 8;
    %jmp/0xz  T_9.13, 8;
    %load/vec4 v0x555594deba30_0;
    %parti/s 1, 5, 4;
    %load/vec4 v0x555594deb6f0_0;
    %parti/s 8, 0, 2;
    %pad/u 10;
    %ix/vec4 3;
    %ix/load 4, 5, 0; part off
    %ix/load 5, 0, 0; Constant delay
    %assign/vec4/a/d v0x555594debd90, 4, 5;
T_9.13 ;
    %load/vec4 v0x555594debbd0_0;
    %parti/s 1, 6, 4;
    %nor/r;
    %flag_set/vec4 8;
    %jmp/0xz  T_9.15, 8;
    %load/vec4 v0x555594deba30_0;
    %parti/s 1, 6, 4;
    %load/vec4 v0x555594deb6f0_0;
    %parti/s 8, 0, 2;
    %pad/u 10;
    %ix/vec4 3;
    %ix/load 4, 6, 0; part off
    %ix/load 5, 0, 0; Constant delay
    %assign/vec4/a/d v0x555594debd90, 4, 5;
T_9.15 ;
    %load/vec4 v0x555594debbd0_0;
    %parti/s 1, 7, 4;
    %nor/r;
    %flag_set/vec4 8;
    %jmp/0xz  T_9.17, 8;
    %load/vec4 v0x555594deba30_0;
    %parti/s 1, 7, 4;
    %load/vec4 v0x555594deb6f0_0;
    %parti/s 8, 0, 2;
    %pad/u 10;
    %ix/vec4 3;
    %ix/load 4, 7, 0; part off
    %ix/load 5, 0, 0; Constant delay
    %assign/vec4/a/d v0x555594debd90, 4, 5;
T_9.17 ;
    %load/vec4 v0x555594debbd0_0;
    %parti/s 1, 8, 5;
    %nor/r;
    %flag_set/vec4 8;
    %jmp/0xz  T_9.19, 8;
    %load/vec4 v0x555594deba30_0;
    %parti/s 1, 8, 5;
    %load/vec4 v0x555594deb6f0_0;
    %parti/s 8, 0, 2;
    %pad/u 10;
    %ix/vec4 3;
    %ix/load 4, 8, 0; part off
    %ix/load 5, 0, 0; Constant delay
    %assign/vec4/a/d v0x555594debd90, 4, 5;
T_9.19 ;
    %load/vec4 v0x555594debbd0_0;
    %parti/s 1, 9, 5;
    %nor/r;
    %flag_set/vec4 8;
    %jmp/0xz  T_9.21, 8;
    %load/vec4 v0x555594deba30_0;
    %parti/s 1, 9, 5;
    %load/vec4 v0x555594deb6f0_0;
    %parti/s 8, 0, 2;
    %pad/u 10;
    %ix/vec4 3;
    %ix/load 4, 9, 0; part off
    %ix/load 5, 0, 0; Constant delay
    %assign/vec4/a/d v0x555594debd90, 4, 5;
T_9.21 ;
    %load/vec4 v0x555594debbd0_0;
    %parti/s 1, 10, 5;
    %nor/r;
    %flag_set/vec4 8;
    %jmp/0xz  T_9.23, 8;
    %load/vec4 v0x555594deba30_0;
    %parti/s 1, 10, 5;
    %load/vec4 v0x555594deb6f0_0;
    %parti/s 8, 0, 2;
    %pad/u 10;
    %ix/vec4 3;
    %ix/load 4, 10, 0; part off
    %ix/load 5, 0, 0; Constant delay
    %assign/vec4/a/d v0x555594debd90, 4, 5;
T_9.23 ;
    %load/vec4 v0x555594debbd0_0;
    %parti/s 1, 11, 5;
    %nor/r;
    %flag_set/vec4 8;
    %jmp/0xz  T_9.25, 8;
    %load/vec4 v0x555594deba30_0;
    %parti/s 1, 11, 5;
    %load/vec4 v0x555594deb6f0_0;
    %parti/s 8, 0, 2;
    %pad/u 10;
    %ix/vec4 3;
    %ix/load 4, 11, 0; part off
    %ix/load 5, 0, 0; Constant delay
    %assign/vec4/a/d v0x555594debd90, 4, 5;
T_9.25 ;
    %load/vec4 v0x555594debbd0_0;
    %parti/s 1, 12, 5;
    %nor/r;
    %flag_set/vec4 8;
    %jmp/0xz  T_9.27, 8;
    %load/vec4 v0x555594deba30_0;
    %parti/s 1, 12, 5;
    %load/vec4 v0x555594deb6f0_0;
    %parti/s 8, 0, 2;
    %pad/u 10;
    %ix/vec4 3;
    %ix/load 4, 12, 0; part off
    %ix/load 5, 0, 0; Constant delay
    %assign/vec4/a/d v0x555594debd90, 4, 5;
T_9.27 ;
    %load/vec4 v0x555594debbd0_0;
    %parti/s 1, 13, 5;
    %nor/r;
    %flag_set/vec4 8;
    %jmp/0xz  T_9.29, 8;
    %load/vec4 v0x555594deba30_0;
    %parti/s 1, 13, 5;
    %load/vec4 v0x555594deb6f0_0;
    %parti/s 8, 0, 2;
    %pad/u 10;
    %ix/vec4 3;
    %ix/load 4, 13, 0; part off
    %ix/load 5, 0, 0; Constant delay
    %assign/vec4/a/d v0x555594debd90, 4, 5;
T_9.29 ;
    %load/vec4 v0x555594debbd0_0;
    %parti/s 1, 14, 5;
    %nor/r;
    %flag_set/vec4 8;
    %jmp/0xz  T_9.31, 8;
    %load/vec4 v0x555594deba30_0;
    %parti/s 1, 14, 5;
    %load/vec4 v0x555594deb6f0_0;
    %parti/s 8, 0, 2;
    %pad/u 10;
    %ix/vec4 3;
    %ix/load 4, 14, 0; part off
    %ix/load 5, 0, 0; Constant delay
    %assign/vec4/a/d v0x555594debd90, 4, 5;
T_9.31 ;
    %load/vec4 v0x555594debbd0_0;
    %parti/s 1, 15, 5;
    %nor/r;
    %flag_set/vec4 8;
    %jmp/0xz  T_9.33, 8;
    %load/vec4 v0x555594deba30_0;
    %parti/s 1, 15, 5;
    %load/vec4 v0x555594deb6f0_0;
    %parti/s 8, 0, 2;
    %pad/u 10;
    %ix/vec4 3;
    %ix/load 4, 15, 0; part off
    %ix/load 5, 0, 0; Constant delay
    %assign/vec4/a/d v0x555594debd90, 4, 5;
T_9.33 ;
T_9.0 ;
    %jmp T_9;
    .thread T_9;
    .scope S_0x555594b3f870;
T_10 ;
    %wait E_0x555594b531d0;
    %load/vec4 v0x555594deb550_0;
    %flag_set/vec4 9;
    %flag_get/vec4 9;
    %jmp/0 T_10.2, 9;
    %load/vec4 v0x555594deb280_0;
    %and;
T_10.2;
    %flag_set/vec4 8;
    %jmp/0xz  T_10.0, 8;
    %load/vec4 v0x555594deb100_0;
    %parti/s 8, 0, 2;
    %pad/u 10;
    %ix/vec4 4;
    %load/vec4a v0x555594debd90, 4;
    %load/vec4 v0x555594deb610_0;
    %inv;
    %and;
    %assign/vec4 v0x555594deb470_0, 0;
T_10.0 ;
    %jmp T_10;
    .thread T_10;
    .scope S_0x555594d86c50;
T_11 ;
    %pushi/vec4 0, 0, 1;
    %store/vec4 v0x555594dfb9f0_0, 0, 1;
    %end;
    .thread T_11;
    .scope S_0x555594d86c50;
T_12 ;
    %wait E_0x555594b502a0;
    %load/vec4 v0x555594dfb930_0;
    %assign/vec4 v0x555594dfb9f0_0, 0;
    %jmp T_12;
    .thread T_12;
    .scope S_0x555594d83f50;
T_13 ;
    %pushi/vec4 0, 0, 1;
    %store/vec4 v0x555594dfbde0_0, 0, 1;
    %end;
    .thread T_13;
    .scope S_0x555594d83f50;
T_14 ;
    %wait E_0x555594dfbb10;
    %load/vec4 v0x555594dfbd10_0;
    %flag_set/vec4 8;
    %jmp/0xz  T_14.0, 8;
    %load/vec4 v0x555594dfbc50_0;
    %assign/vec4 v0x555594dfbde0_0, 0;
T_14.0 ;
    %jmp T_14;
    .thread T_14;
    .scope S_0x555594d5b500;
T_15 ;
    %pushi/vec4 0, 0, 1;
    %store/vec4 v0x555594dfc210_0, 0, 1;
    %end;
    .thread T_15;
    .scope S_0x555594d5b500;
T_16 ;
    %wait E_0x555594dfbf50;
    %load/vec4 v0x555594dfc2d0_0;
    %flag_set/vec4 8;
    %jmp/0xz  T_16.0, 8;
    %pushi/vec4 0, 0, 1;
    %assign/vec4 v0x555594dfc210_0, 0;
    %jmp T_16.1;
T_16.0 ;
    %load/vec4 v0x555594dfc170_0;
    %flag_set/vec4 8;
    %jmp/0xz  T_16.2, 8;
    %load/vec4 v0x555594dfc0b0_0;
    %assign/vec4 v0x555594dfc210_0, 0;
T_16.2 ;
T_16.1 ;
    %jmp T_16;
    .thread T_16;
    .scope S_0x555594d5b1c0;
T_17 ;
    %pushi/vec4 0, 0, 1;
    %store/vec4 v0x555594dfc740_0, 0, 1;
    %end;
    .thread T_17;
    .scope S_0x555594d5b1c0;
T_18 ;
    %wait E_0x555594dfc480;
    %load/vec4 v0x555594dfc800_0;
    %flag_set/vec4 8;
    %jmp/0xz  T_18.0, 8;
    %pushi/vec4 1, 0, 1;
    %assign/vec4 v0x555594dfc740_0, 0;
    %jmp T_18.1;
T_18.0 ;
    %load/vec4 v0x555594dfc6a0_0;
    %flag_set/vec4 8;
    %jmp/0xz  T_18.2, 8;
    %load/vec4 v0x555594dfc5e0_0;
    %assign/vec4 v0x555594dfc740_0, 0;
T_18.2 ;
T_18.1 ;
    %jmp T_18;
    .thread T_18;
    .scope S_0x555594d570b0;
T_19 ;
    %pushi/vec4 0, 0, 1;
    %store/vec4 v0x555594dfcc70_0, 0, 1;
    %end;
    .thread T_19;
    .scope S_0x555594d570b0;
T_20 ;
    %wait E_0x555594dfc9b0;
    %load/vec4 v0x555594dfcbd0_0;
    %flag_set/vec4 8;
    %jmp/0xz  T_20.0, 8;
    %load/vec4 v0x555594dfcd30_0;
    %flag_set/vec4 8;
    %jmp/0xz  T_20.2, 8;
    %pushi/vec4 0, 0, 1;
    %assign/vec4 v0x555594dfcc70_0, 0;
    %jmp T_20.3;
T_20.2 ;
    %load/vec4 v0x555594dfcb10_0;
    %assign/vec4 v0x555594dfcc70_0, 0;
T_20.3 ;
T_20.0 ;
    %jmp T_20;
    .thread T_20;
    .scope S_0x555594d56cf0;
T_21 ;
    %pushi/vec4 0, 0, 1;
    %store/vec4 v0x555594dfd1a0_0, 0, 1;
    %end;
    .thread T_21;
    .scope S_0x555594d56cf0;
T_22 ;
    %wait E_0x555594dfcee0;
    %load/vec4 v0x555594dfd100_0;
    %flag_set/vec4 8;
    %jmp/0xz  T_22.0, 8;
    %load/vec4 v0x555594dfd260_0;
    %flag_set/vec4 8;
    %jmp/0xz  T_22.2, 8;
    %pushi/vec4 1, 0, 1;
    %assign/vec4 v0x555594dfd1a0_0, 0;
    %jmp T_22.3;
T_22.2 ;
    %load/vec4 v0x555594dfd040_0;
    %assign/vec4 v0x555594dfd1a0_0, 0;
T_22.3 ;
T_22.0 ;
    %jmp T_22;
    .thread T_22;
    .scope S_0x555594d44130;
T_23 ;
    %pushi/vec4 0, 0, 1;
    %store/vec4 v0x555594dfd630_0, 0, 1;
    %end;
    .thread T_23;
    .scope S_0x555594d44130;
T_24 ;
    %wait E_0x555594dfd410;
    %load/vec4 v0x555594dfd570_0;
    %assign/vec4 v0x555594dfd630_0, 0;
    %jmp T_24;
    .thread T_24;
    .scope S_0x555594d43d40;
T_25 ;
    %pushi/vec4 0, 0, 1;
    %store/vec4 v0x555594dfda20_0, 0, 1;
    %end;
    .thread T_25;
    .scope S_0x555594d43d40;
T_26 ;
    %wait E_0x555594dfd750;
    %load/vec4 v0x555594dfd950_0;
    %flag_set/vec4 8;
    %jmp/0xz  T_26.0, 8;
    %load/vec4 v0x555594dfd890_0;
    %assign/vec4 v0x555594dfda20_0, 0;
T_26.0 ;
    %jmp T_26;
    .thread T_26;
    .scope S_0x555594d43570;
T_27 ;
    %pushi/vec4 0, 0, 1;
    %store/vec4 v0x555594dfde50_0, 0, 1;
    %end;
    .thread T_27;
    .scope S_0x555594d43570;
T_28 ;
    %wait E_0x555594dfdb90;
    %load/vec4 v0x555594dfdf10_0;
    %flag_set/vec4 8;
    %jmp/0xz  T_28.0, 8;
    %pushi/vec4 0, 0, 1;
    %assign/vec4 v0x555594dfde50_0, 0;
    %jmp T_28.1;
T_28.0 ;
    %load/vec4 v0x555594dfddb0_0;
    %flag_set/vec4 8;
    %jmp/0xz  T_28.2, 8;
    %load/vec4 v0x555594dfdcf0_0;
    %assign/vec4 v0x555594dfde50_0, 0;
T_28.2 ;
T_28.1 ;
    %jmp T_28;
    .thread T_28;
    .scope S_0x555594d41220;
T_29 ;
    %pushi/vec4 0, 0, 1;
    %store/vec4 v0x555594dfe380_0, 0, 1;
    %end;
    .thread T_29;
    .scope S_0x555594d41220;
T_30 ;
    %wait E_0x555594dfe0c0;
    %load/vec4 v0x555594dfe440_0;
    %flag_set/vec4 8;
    %jmp/0xz  T_30.0, 8;
    %pushi/vec4 1, 0, 1;
    %assign/vec4 v0x555594dfe380_0, 0;
    %jmp T_30.1;
T_30.0 ;
    %load/vec4 v0x555594dfe2e0_0;
    %flag_set/vec4 8;
    %jmp/0xz  T_30.2, 8;
    %load/vec4 v0x555594dfe220_0;
    %assign/vec4 v0x555594dfe380_0, 0;
T_30.2 ;
T_30.1 ;
    %jmp T_30;
    .thread T_30;
    .scope S_0x555594de5770;
T_31 ;
    %pushi/vec4 0, 0, 1;
    %store/vec4 v0x555594dfe8b0_0, 0, 1;
    %end;
    .thread T_31;
    .scope S_0x555594de5770;
T_32 ;
    %wait E_0x555594dfe5f0;
    %load/vec4 v0x555594dfe810_0;
    %flag_set/vec4 8;
    %jmp/0xz  T_32.0, 8;
    %load/vec4 v0x555594dfe970_0;
    %flag_set/vec4 8;
    %jmp/0xz  T_32.2, 8;
    %pushi/vec4 0, 0, 1;
    %assign/vec4 v0x555594dfe8b0_0, 0;
    %jmp T_32.3;
T_32.2 ;
    %load/vec4 v0x555594dfe750_0;
    %assign/vec4 v0x555594dfe8b0_0, 0;
T_32.3 ;
T_32.0 ;
    %jmp T_32;
    .thread T_32;
    .scope S_0x555594dd3500;
T_33 ;
    %pushi/vec4 0, 0, 1;
    %store/vec4 v0x555594dfede0_0, 0, 1;
    %end;
    .thread T_33;
    .scope S_0x555594dd3500;
T_34 ;
    %wait E_0x555594dfeb20;
    %load/vec4 v0x555594dfed40_0;
    %flag_set/vec4 8;
    %jmp/0xz  T_34.0, 8;
    %load/vec4 v0x555594dfeea0_0;
    %flag_set/vec4 8;
    %jmp/0xz  T_34.2, 8;
    %pushi/vec4 1, 0, 1;
    %assign/vec4 v0x555594dfede0_0, 0;
    %jmp T_34.3;
T_34.2 ;
    %load/vec4 v0x555594dfec80_0;
    %assign/vec4 v0x555594dfede0_0, 0;
T_34.3 ;
T_34.0 ;
    %jmp T_34;
    .thread T_34;
    .scope S_0x555594dd3120;
T_35 ;
    %pushi/vec4 0, 0, 1;
    %store/vec4 v0x555594dff270_0, 0, 1;
    %end;
    .thread T_35;
    .scope S_0x555594dd3120;
T_36 ;
    %wait E_0x555594dff050;
    %load/vec4 v0x555594dff310_0;
    %flag_set/vec4 8;
    %jmp/0xz  T_36.0, 8;
    %pushi/vec4 0, 0, 1;
    %assign/vec4 v0x555594dff270_0, 0;
    %jmp T_36.1;
T_36.0 ;
    %load/vec4 v0x555594dff1b0_0;
    %assign/vec4 v0x555594dff270_0, 0;
T_36.1 ;
    %jmp T_36;
    .thread T_36;
    .scope S_0x555594dc1650;
T_37 ;
    %pushi/vec4 0, 0, 1;
    %store/vec4 v0x555594dff6a0_0, 0, 1;
    %end;
    .thread T_37;
    .scope S_0x555594dc1650;
T_38 ;
    %wait E_0x555594dff480;
    %load/vec4 v0x555594dff740_0;
    %flag_set/vec4 8;
    %jmp/0xz  T_38.0, 8;
    %pushi/vec4 1, 0, 1;
    %assign/vec4 v0x555594dff6a0_0, 0;
    %jmp T_38.1;
T_38.0 ;
    %load/vec4 v0x555594dff5e0_0;
    %assign/vec4 v0x555594dff6a0_0, 0;
T_38.1 ;
    %jmp T_38;
    .thread T_38;
    .scope S_0x555594d9b890;
T_39 ;
    %pushi/vec4 0, 0, 1;
    %store/vec4 v0x555594dffad0_0, 0, 1;
    %end;
    .thread T_39;
    .scope S_0x555594d9b890;
T_40 ;
    %wait E_0x555594dff8b0;
    %load/vec4 v0x555594dffb70_0;
    %flag_set/vec4 8;
    %jmp/0xz  T_40.0, 8;
    %pushi/vec4 0, 0, 1;
    %assign/vec4 v0x555594dffad0_0, 0;
    %jmp T_40.1;
T_40.0 ;
    %load/vec4 v0x555594dffa10_0;
    %assign/vec4 v0x555594dffad0_0, 0;
T_40.1 ;
    %jmp T_40;
    .thread T_40;
    .scope S_0x555594d9af10;
T_41 ;
    %pushi/vec4 0, 0, 1;
    %store/vec4 v0x555594dfff00_0, 0, 1;
    %end;
    .thread T_41;
    .scope S_0x555594d9af10;
T_42 ;
    %wait E_0x555594dffce0;
    %load/vec4 v0x555594dfffa0_0;
    %flag_set/vec4 8;
    %jmp/0xz  T_42.0, 8;
    %pushi/vec4 1, 0, 1;
    %assign/vec4 v0x555594dfff00_0, 0;
    %jmp T_42.1;
T_42.0 ;
    %load/vec4 v0x555594dffe40_0;
    %assign/vec4 v0x555594dfff00_0, 0;
T_42.1 ;
    %jmp T_42;
    .thread T_42;
    .scope S_0x555594d96fd0;
T_43 ;
    %pushi/vec4 0, 0, 1;
    %store/vec4 v0x555594e00330_0, 0, 1;
    %end;
    .thread T_43;
    .scope S_0x555594d96fd0;
T_44 ;
    %wait E_0x555594e00110;
    %load/vec4 v0x555594e003d0_0;
    %flag_set/vec4 8;
    %jmp/0xz  T_44.0, 8;
    %pushi/vec4 0, 0, 1;
    %assign/vec4 v0x555594e00330_0, 0;
    %jmp T_44.1;
T_44.0 ;
    %load/vec4 v0x555594e00270_0;
    %assign/vec4 v0x555594e00330_0, 0;
T_44.1 ;
    %jmp T_44;
    .thread T_44;
    .scope S_0x555594d96250;
T_45 ;
    %pushi/vec4 0, 0, 1;
    %store/vec4 v0x555594e00760_0, 0, 1;
    %end;
    .thread T_45;
    .scope S_0x555594d96250;
T_46 ;
    %wait E_0x555594e00540;
    %load/vec4 v0x555594e00800_0;
    %flag_set/vec4 8;
    %jmp/0xz  T_46.0, 8;
    %pushi/vec4 1, 0, 1;
    %assign/vec4 v0x555594e00760_0, 0;
    %jmp T_46.1;
T_46.0 ;
    %load/vec4 v0x555594e006a0_0;
    %assign/vec4 v0x555594e00760_0, 0;
T_46.1 ;
    %jmp T_46;
    .thread T_46;
    .scope S_0x555594d954d0;
T_47 ;
    %pushi/vec4 0, 0, 1;
    %store/vec4 v0x555594e00b90_0, 0, 1;
    %end;
    .thread T_47;
    .scope S_0x555594d954d0;
T_48 ;
    %wait E_0x555594e00970;
    %load/vec4 v0x555594e00c30_0;
    %flag_set/vec4 8;
    %jmp/0xz  T_48.0, 8;
    %pushi/vec4 0, 0, 1;
    %assign/vec4 v0x555594e00b90_0, 0;
    %jmp T_48.1;
T_48.0 ;
    %load/vec4 v0x555594e00ad0_0;
    %assign/vec4 v0x555594e00b90_0, 0;
T_48.1 ;
    %jmp T_48;
    .thread T_48;
    .scope S_0x555594d928c0;
T_49 ;
    %pushi/vec4 0, 0, 1;
    %store/vec4 v0x555594e00fc0_0, 0, 1;
    %end;
    .thread T_49;
    .scope S_0x555594d928c0;
T_50 ;
    %wait E_0x555594e00da0;
    %load/vec4 v0x555594e01060_0;
    %flag_set/vec4 8;
    %jmp/0xz  T_50.0, 8;
    %pushi/vec4 1, 0, 1;
    %assign/vec4 v0x555594e00fc0_0, 0;
    %jmp T_50.1;
T_50.0 ;
    %load/vec4 v0x555594e00f00_0;
    %assign/vec4 v0x555594e00fc0_0, 0;
T_50.1 ;
    %jmp T_50;
    .thread T_50;
    .scope S_0x555594e01c70;
T_51 ;
    %wait E_0x555594e01f90;
    %load/vec4 v0x555594e02970_0;
    %assign/vec4 v0x555594e02a30_0, 0;
    %jmp T_51;
    .thread T_51;
    .scope S_0x555594e01c70;
T_52 ;
    %wait E_0x555594e01f90;
    %load/vec4 v0x555594e02970_0;
    %flag_set/vec4 8;
    %jmp/0xz  T_52.0, 8;
    %load/vec4 v0x555594e02710_0;
    %assign/vec4 v0x555594e02e40_0, 0;
T_52.0 ;
    %jmp T_52;
    .thread T_52;
    .scope S_0x555594e01c70;
T_53 ;
    %wait E_0x555594e01f30;
    %load/vec4 v0x555594e02a30_0;
    %flag_set/vec4 8;
    %jmp/0xz  T_53.0, 8;
    %load/vec4 v0x555594e02710_0;
    %assign/vec4 v0x555594e02f00_0, 0;
T_53.0 ;
    %jmp T_53;
    .thread T_53;
    .scope S_0x555594e01c70;
T_54 ;
    %wait E_0x555594e01e50;
    %load/vec4 v0x555594e02970_0;
    %assign/vec4 v0x555594e02af0_0, 0;
    %jmp T_54;
    .thread T_54;
    .scope S_0x555594e01c70;
T_55 ;
    %wait E_0x555594e01e50;
    %load/vec4 v0x555594e02970_0;
    %flag_set/vec4 8;
    %jmp/0xz  T_55.0, 8;
    %load/vec4 v0x555594e02240_0;
    %assign/vec4 v0x555594e03080_0, 0;
T_55.0 ;
    %jmp T_55;
    .thread T_55;
    .scope S_0x555594e01c70;
T_56 ;
    %wait E_0x555594e01ed0;
    %load/vec4 v0x555594e02af0_0;
    %flag_set/vec4 8;
    %jmp/0xz  T_56.0, 8;
    %load/vec4 v0x555594e02300_0;
    %assign/vec4 v0x555594e03140_0, 0;
T_56.0 ;
    %jmp T_56;
    .thread T_56;
    .scope S_0x555594e01c70;
T_57 ;
    %wait E_0x555594e01e50;
    %load/vec4 v0x555594e02970_0;
    %flag_set/vec4 8;
    %jmp/0xz  T_57.0, 8;
    %load/vec4 v0x555594e02650_0;
    %assign/vec4 v0x555594e03380_0, 0;
T_57.0 ;
    %jmp T_57;
    .thread T_57;
    .scope S_0x555594e015b0;
T_58 ;
    %wait E_0x555594e01be0;
    %load/vec4 v0x555594e02e40_0;
    %store/vec4 v0x555594e02bb0_0, 0, 1;
    %load/vec4 v0x555594e02f00_0;
    %store/vec4 v0x555594e02c70_0, 0, 1;
    %jmp T_58;
    .thread T_58, $push;
    .scope S_0x555594e015b0;
T_59 ;
    %wait E_0x555594e01b80;
    %load/vec4 v0x555594e02590_0;
    %assign/vec4 v0x555594e03200_0, 0;
    %jmp T_59;
    .thread T_59, $push;
    .scope S_0x555594e015b0;
T_60 ;
    %wait E_0x555594e01b20;
    %load/vec4 v0x555594e03200_0;
    %assign/vec4 v0x555594e032c0_0, 0;
    %jmp T_60;
    .thread T_60, $push;
    .scope S_0x555594e015b0;
T_61 ;
    %wait E_0x555594e01ac0;
    %load/vec4 v0x555594e032c0_0;
    %pushi/vec4 0, 0, 1;
    %xor;
    %flag_set/vec4 8;
    %jmp/1 T_61.2, 8;
    %pushi/vec4 0, 0, 1;
    %flag_set/vec4 9;
    %flag_or 8, 9;
T_61.2;
    %jmp/0 T_61.0, 8;
    %load/vec4 v0x555594e03080_0;
    %jmp/1 T_61.1, 8;
T_61.0 ; End of true expr.
    %load/vec4 v0x555594e03140_0;
    %jmp/0 T_61.1, 8;
 ; End of false expr.
    %blend;
T_61.1;
    %store/vec4 v0x555594e02fc0_0, 0, 1;
    %jmp T_61;
    .thread T_61, $push;
    .scope S_0x555594e07040;
T_62 ;
    %wait E_0x555594e07310;
    %load/vec4 v0x555594e073a0_0;
    %flag_set/vec4 8;
    %jmp/0xz  T_62.0, 8;
    %load/vec4 v0x555594e07a90_0;
    %assign/vec4 v0x555594e07e50_0, 0;
T_62.0 ;
    %jmp T_62;
    .thread T_62;
    .scope S_0x555594e07040;
T_63 ;
    %wait E_0x555594e072b0;
    %load/vec4 v0x555594e073a0_0;
    %flag_set/vec4 8;
    %jmp/0xz  T_63.0, 8;
    %load/vec4 v0x555594e07a90_0;
    %assign/vec4 v0x555594e07f10_0, 0;
T_63.0 ;
    %jmp T_63;
    .thread T_63;
    .scope S_0x555594e07040;
T_64 ;
    %wait E_0x555594e071d0;
    %load/vec4 v0x555594e073a0_0;
    %flag_set/vec4 8;
    %jmp/0xz  T_64.0, 8;
    %load/vec4 v0x555594e075c0_0;
    %assign/vec4 v0x555594e08090_0, 0;
T_64.0 ;
    %jmp T_64;
    .thread T_64;
    .scope S_0x555594e07040;
T_65 ;
    %wait E_0x555594e07250;
    %load/vec4 v0x555594e073a0_0;
    %flag_set/vec4 8;
    %jmp/0xz  T_65.0, 8;
    %load/vec4 v0x555594e07680_0;
    %assign/vec4 v0x555594e08150_0, 0;
T_65.0 ;
    %jmp T_65;
    .thread T_65;
    .scope S_0x555594e07040;
T_66 ;
    %wait E_0x555594e071d0;
    %load/vec4 v0x555594e073a0_0;
    %flag_set/vec4 8;
    %jmp/0xz  T_66.0, 8;
    %load/vec4 v0x555594e079d0_0;
    %assign/vec4 v0x555594e08390_0, 0;
T_66.0 ;
    %jmp T_66;
    .thread T_66;
    .scope S_0x555594d5a570;
T_67 ;
    %wait E_0x555594e06fb0;
    %load/vec4 v0x555594e07e50_0;
    %store/vec4 v0x555594e07cd0_0, 0, 1;
    %load/vec4 v0x555594e07f10_0;
    %store/vec4 v0x555594e07d90_0, 0, 1;
    %jmp T_67;
    .thread T_67, $push;
    .scope S_0x555594d5a570;
T_68 ;
    %wait E_0x555594e06f50;
    %load/vec4 v0x555594e07910_0;
    %assign/vec4 v0x555594e08210_0, 0;
    %jmp T_68;
    .thread T_68, $push;
    .scope S_0x555594d5a570;
T_69 ;
    %wait E_0x555594e06ef0;
    %load/vec4 v0x555594e08210_0;
    %assign/vec4 v0x555594e082d0_0, 0;
    %jmp T_69;
    .thread T_69, $push;
    .scope S_0x555594d5a570;
T_70 ;
    %wait E_0x555594e06e70;
    %load/vec4 v0x555594e082d0_0;
    %pushi/vec4 0, 0, 1;
    %xor;
    %flag_set/vec4 8;
    %jmp/1 T_70.2, 8;
    %pushi/vec4 0, 0, 1;
    %flag_set/vec4 9;
    %flag_or 8, 9;
T_70.2;
    %jmp/0 T_70.0, 8;
    %load/vec4 v0x555594e08090_0;
    %jmp/1 T_70.1, 8;
T_70.0 ; End of true expr.
    %load/vec4 v0x555594e08150_0;
    %jmp/0 T_70.1, 8;
 ; End of false expr.
    %blend;
T_70.1;
    %store/vec4 v0x555594e07fd0_0, 0, 1;
    %jmp T_70;
    .thread T_70, $push;
    .scope S_0x555594e08810;
T_71 ;
    %wait E_0x555594e08ae0;
    %load/vec4 v0x555594e08b70_0;
    %flag_set/vec4 8;
    %jmp/0xz  T_71.0, 8;
    %load/vec4 v0x555594e09260_0;
    %assign/vec4 v0x555594e094a0_0, 0;
T_71.0 ;
    %jmp T_71;
    .thread T_71;
    .scope S_0x555594e08810;
T_72 ;
    %wait E_0x555594e08a80;
    %load/vec4 v0x555594e08b70_0;
    %flag_set/vec4 8;
    %jmp/0xz  T_72.0, 8;
    %load/vec4 v0x555594e09260_0;
    %assign/vec4 v0x555594e09560_0, 0;
T_72.0 ;
    %jmp T_72;
    .thread T_72;
    .scope S_0x555594e08810;
T_73 ;
    %wait E_0x555594e089a0;
    %load/vec4 v0x555594e08b70_0;
    %flag_set/vec4 8;
    %jmp/0xz  T_73.0, 8;
    %load/vec4 v0x555594e08d90_0;
    %assign/vec4 v0x555594e096e0_0, 0;
T_73.0 ;
    %jmp T_73;
    .thread T_73;
    .scope S_0x555594e08810;
T_74 ;
    %wait E_0x555594e08a20;
    %load/vec4 v0x555594e08b70_0;
    %flag_set/vec4 8;
    %jmp/0xz  T_74.0, 8;
    %load/vec4 v0x555594e08e50_0;
    %assign/vec4 v0x555594e097a0_0, 0;
T_74.0 ;
    %jmp T_74;
    .thread T_74;
    .scope S_0x555594e08810;
T_75 ;
    %wait E_0x555594e089a0;
    %load/vec4 v0x555594e08b70_0;
    %flag_set/vec4 8;
    %jmp/0xz  T_75.0, 8;
    %load/vec4 v0x555594e091a0_0;
    %assign/vec4 v0x555594e09af0_0, 0;
T_75.0 ;
    %jmp T_75;
    .thread T_75;
    .scope S_0x555594d66a00;
T_76 ;
    %wait E_0x555594e08780;
    %load/vec4 v0x555594e094a0_0;
    %store/vec4 v0x555594e09320_0, 0, 1;
    %load/vec4 v0x555594e09560_0;
    %store/vec4 v0x555594e093e0_0, 0, 1;
    %jmp T_76;
    .thread T_76, $push;
    .scope S_0x555594d66a00;
T_77 ;
    %wait E_0x555594e08720;
    %load/vec4 v0x555594e090e0_0;
    %assign/vec4 v0x555594e09970_0, 0;
    %jmp T_77;
    .thread T_77, $push;
    .scope S_0x555594d66a00;
T_78 ;
    %wait E_0x555594e086c0;
    %load/vec4 v0x555594e09970_0;
    %assign/vec4 v0x555594e09a30_0, 0;
    %jmp T_78;
    .thread T_78, $push;
    .scope S_0x555594d66a00;
T_79 ;
    %wait E_0x555594e08640;
    %load/vec4 v0x555594e09a30_0;
    %pushi/vec4 0, 0, 1;
    %xor;
    %flag_set/vec4 8;
    %jmp/1 T_79.2, 8;
    %pushi/vec4 0, 0, 1;
    %flag_set/vec4 9;
    %flag_or 8, 9;
T_79.2;
    %jmp/0 T_79.0, 8;
    %load/vec4 v0x555594e096e0_0;
    %jmp/1 T_79.1, 8;
T_79.0 ; End of true expr.
    %load/vec4 v0x555594e097a0_0;
    %jmp/0 T_79.1, 8;
 ; End of false expr.
    %blend;
T_79.1;
    %store/vec4 v0x555594e09620_0, 0, 1;
    %jmp T_79;
    .thread T_79, $push;
    .scope S_0x555594d3f3f0;
T_80 ;
    %wait E_0x555594e0c500;
    %load/vec4 v0x555594e0d890_0;
    %flag_set/vec4 8;
    %jmp/0xz  T_80.0, 8;
    %pushi/vec4 0, 0, 16;
    %assign/vec4 v0x555594e13500_0, 0;
    %pushi/vec4 0, 0, 16;
    %assign/vec4 v0x555594e13340_0, 0;
    %jmp T_80.1;
T_80.0 ;
    %load/vec4 v0x555594e0d0a0_0;
    %flag_set/vec4 8;
    %jmp/0xz  T_80.2, 8;
    %load/vec4 v0x555594e0d160_0;
    %nor/r;
    %flag_set/vec4 8;
    %jmp/0xz  T_80.4, 8;
    %load/vec4 v0x555594e0cfc0_0;
    %assign/vec4 v0x555594e13500_0, 0;
T_80.4 ;
    %load/vec4 v0x555594e0c950_0;
    %nor/r;
    %flag_set/vec4 8;
    %jmp/0xz  T_80.6, 8;
    %load/vec4 v0x555594e0c590_0;
    %assign/vec4 v0x555594e13340_0, 0;
T_80.6 ;
T_80.2 ;
T_80.1 ;
    %jmp T_80;
    .thread T_80;
    .scope S_0x555594d3f3f0;
T_81 ;
    %wait E_0x555594e0c4a0;
    %load/vec4 v0x555594e0d7d0_0;
    %flag_set/vec4 8;
    %jmp/0xz  T_81.0, 8;
    %pushi/vec4 0, 0, 16;
    %assign/vec4 v0x555594e13420_0, 0;
    %pushi/vec4 0, 0, 16;
    %assign/vec4 v0x555594e135e0_0, 0;
    %jmp T_81.1;
T_81.0 ;
    %load/vec4 v0x555594e0d0a0_0;
    %flag_set/vec4 8;
    %jmp/0xz  T_81.2, 8;
    %load/vec4 v0x555594e0cd40_0;
    %nor/r;
    %flag_set/vec4 8;
    %jmp/0xz  T_81.4, 8;
    %load/vec4 v0x555594e0cbd0_0;
    %assign/vec4 v0x555594e13420_0, 0;
T_81.4 ;
    %load/vec4 v0x555594e0d650_0;
    %nor/r;
    %flag_set/vec4 8;
    %jmp/0xz  T_81.6, 8;
    %load/vec4 v0x555594e0d570_0;
    %assign/vec4 v0x555594e135e0_0, 0;
T_81.6 ;
T_81.2 ;
T_81.1 ;
    %jmp T_81;
    .thread T_81;
    .scope S_0x555594d3f3f0;
T_82 ;
    %wait E_0x555594e0c500;
    %load/vec4 v0x555594e0d890_0;
    %flag_set/vec4 8;
    %jmp/0xz  T_82.0, 8;
    %pushi/vec4 0, 0, 16;
    %assign/vec4 v0x555594e13ed0_0, 0;
    %pushi/vec4 0, 0, 16;
    %assign/vec4 v0x555594e14170_0, 0;
    %jmp T_82.1;
T_82.0 ;
    %load/vec4 v0x555594e0d0a0_0;
    %flag_set/vec4 8;
    %jmp/0xz  T_82.2, 8;
    %load/vec4 v0x555594e12fc0_0;
    %assign/vec4 v0x555594e13ed0_0, 0;
    %load/vec4 v0x555594e13180_0;
    %assign/vec4 v0x555594e14170_0, 0;
T_82.2 ;
T_82.1 ;
    %jmp T_82;
    .thread T_82;
    .scope S_0x555594d3f3f0;
T_83 ;
    %wait E_0x555594e0c4a0;
    %load/vec4 v0x555594e0d7d0_0;
    %flag_set/vec4 8;
    %jmp/0xz  T_83.0, 8;
    %pushi/vec4 0, 0, 16;
    %assign/vec4 v0x555594e14250_0, 0;
    %pushi/vec4 0, 0, 16;
    %assign/vec4 v0x555594e13fb0_0, 0;
    %jmp T_83.1;
T_83.0 ;
    %load/vec4 v0x555594e0d0a0_0;
    %flag_set/vec4 8;
    %jmp/0xz  T_83.2, 8;
    %load/vec4 v0x555594e130a0_0;
    %assign/vec4 v0x555594e14250_0, 0;
    %load/vec4 v0x555594e13260_0;
    %assign/vec4 v0x555594e13fb0_0, 0;
T_83.2 ;
T_83.1 ;
    %jmp T_83;
    .thread T_83;
    .scope S_0x555594d3f3f0;
T_84 ;
    %wait E_0x555594e0c4a0;
    %load/vec4 v0x555594e0d7d0_0;
    %flag_set/vec4 8;
    %jmp/0xz  T_84.0, 8;
    %pushi/vec4 0, 0, 32;
    %assign/vec4 v0x555594e14090_0, 0;
    %jmp T_84.1;
T_84.0 ;
    %load/vec4 v0x555594e0d0a0_0;
    %flag_set/vec4 8;
    %jmp/0xz  T_84.2, 8;
    %load/vec4 v0x555594e127e0_0;
    %assign/vec4 v0x555594e14090_0, 0;
T_84.2 ;
T_84.1 ;
    %jmp T_84;
    .thread T_84;
    .scope S_0x555594d3f3f0;
T_85 ;
    %wait E_0x555594e0c440;
    %load/vec4 v0x555594e0df70_0;
    %flag_set/vec4 8;
    %jmp/0xz  T_85.0, 8;
    %pushi/vec4 0, 0, 16;
    %assign/vec4 v0x555594e14330_0, 0;
    %jmp T_85.1;
T_85.0 ;
    %load/vec4 v0x555594e0d0a0_0;
    %flag_set/vec4 8;
    %jmp/0xz  T_85.2, 8;
    %load/vec4 v0x555594e0dc70_0;
    %nor/r;
    %flag_set/vec4 8;
    %jmp/0xz  T_85.4, 8;
    %load/vec4 v0x555594e128c0_0;
    %assign/vec4 v0x555594e14330_0, 0;
T_85.4 ;
T_85.2 ;
T_85.1 ;
    %jmp T_85;
    .thread T_85;
    .scope S_0x555594d3f3f0;
T_86 ;
    %wait E_0x555594e0c3c0;
    %load/vec4 v0x555594e0deb0_0;
    %flag_set/vec4 8;
    %jmp/0xz  T_86.0, 8;
    %pushi/vec4 0, 0, 16;
    %assign/vec4 v0x555594e14410_0, 0;
    %jmp T_86.1;
T_86.0 ;
    %load/vec4 v0x555594e0d0a0_0;
    %flag_set/vec4 8;
    %jmp/0xz  T_86.2, 8;
    %load/vec4 v0x555594e0dbb0_0;
    %nor/r;
    %flag_set/vec4 8;
    %jmp/0xz  T_86.4, 8;
    %load/vec4 v0x555594e12a80_0;
    %assign/vec4 v0x555594e14410_0, 0;
T_86.4 ;
T_86.2 ;
T_86.1 ;
    %jmp T_86;
    .thread T_86;
    .scope S_0x555594e186b0;
T_87 ;
    %pushi/vec4 0, 0, 32;
    %store/vec4 v0x555594e1b960_0, 0, 32;
T_87.0 ; Top of for-loop
    %load/vec4 v0x555594e1b960_0;
    %cmpi/s 16, 0, 32;
	  %jmp/0xz T_87.1, 5;
    %pushi/vec4 0, 0, 256;
    %load/vec4 v0x555594e1b960_0;
    %muli 16, 0, 32;
    %part/s 16;
    %pushi/vec4 0, 0, 32;
    %load/vec4 v0x555594e1b960_0;
    %add;
    %ix/vec4/s 4;
    %store/vec4a v0x555594e1ba40, 4, 0;
    %pushi/vec4 0, 0, 256;
    %load/vec4 v0x555594e1b960_0;
    %muli 16, 0, 32;
    %part/s 16;
    %pushi/vec4 16, 0, 32;
    %load/vec4 v0x555594e1b960_0;
    %add;
    %ix/vec4/s 4;
    %store/vec4a v0x555594e1ba40, 4, 0;
    %pushi/vec4 0, 0, 256;
    %load/vec4 v0x555594e1b960_0;
    %muli 16, 0, 32;
    %part/s 16;
    %pushi/vec4 32, 0, 32;
    %load/vec4 v0x555594e1b960_0;
    %add;
    %ix/vec4/s 4;
    %store/vec4a v0x555594e1ba40, 4, 0;
    %pushi/vec4 0, 0, 256;
    %load/vec4 v0x555594e1b960_0;
    %muli 16, 0, 32;
    %part/s 16;
    %pushi/vec4 48, 0, 32;
    %load/vec4 v0x555594e1b960_0;
    %add;
    %ix/vec4/s 4;
    %store/vec4a v0x555594e1ba40, 4, 0;
    %pushi/vec4 0, 0, 256;
    %load/vec4 v0x555594e1b960_0;
    %muli 16, 0, 32;
    %part/s 16;
    %pushi/vec4 64, 0, 32;
    %load/vec4 v0x555594e1b960_0;
    %add;
    %ix/vec4/s 4;
    %store/vec4a v0x555594e1ba40, 4, 0;
    %pushi/vec4 0, 0, 256;
    %load/vec4 v0x555594e1b960_0;
    %muli 16, 0, 32;
    %part/s 16;
    %pushi/vec4 80, 0, 32;
    %load/vec4 v0x555594e1b960_0;
    %add;
    %ix/vec4/s 4;
    %store/vec4a v0x555594e1ba40, 4, 0;
    %pushi/vec4 0, 0, 256;
    %load/vec4 v0x555594e1b960_0;
    %muli 16, 0, 32;
    %part/s 16;
    %pushi/vec4 96, 0, 32;
    %load/vec4 v0x555594e1b960_0;
    %add;
    %ix/vec4/s 4;
    %store/vec4a v0x555594e1ba40, 4, 0;
    %pushi/vec4 0, 0, 256;
    %load/vec4 v0x555594e1b960_0;
    %muli 16, 0, 32;
    %part/s 16;
    %pushi/vec4 112, 0, 32;
    %load/vec4 v0x555594e1b960_0;
    %add;
    %ix/vec4/s 4;
    %store/vec4a v0x555594e1ba40, 4, 0;
    %pushi/vec4 0, 0, 256;
    %load/vec4 v0x555594e1b960_0;
    %muli 16, 0, 32;
    %part/s 16;
    %pushi/vec4 128, 0, 32;
    %load/vec4 v0x555594e1b960_0;
    %add;
    %ix/vec4/s 4;
    %store/vec4a v0x555594e1ba40, 4, 0;
    %pushi/vec4 0, 0, 256;
    %load/vec4 v0x555594e1b960_0;
    %muli 16, 0, 32;
    %part/s 16;
    %pushi/vec4 144, 0, 32;
    %load/vec4 v0x555594e1b960_0;
    %add;
    %ix/vec4/s 4;
    %store/vec4a v0x555594e1ba40, 4, 0;
    %pushi/vec4 0, 0, 256;
    %load/vec4 v0x555594e1b960_0;
    %muli 16, 0, 32;
    %part/s 16;
    %pushi/vec4 160, 0, 32;
    %load/vec4 v0x555594e1b960_0;
    %add;
    %ix/vec4/s 4;
    %store/vec4a v0x555594e1ba40, 4, 0;
    %pushi/vec4 0, 0, 256;
    %load/vec4 v0x555594e1b960_0;
    %muli 16, 0, 32;
    %part/s 16;
    %pushi/vec4 176, 0, 32;
    %load/vec4 v0x555594e1b960_0;
    %add;
    %ix/vec4/s 4;
    %store/vec4a v0x555594e1ba40, 4, 0;
    %pushi/vec4 0, 0, 256;
    %load/vec4 v0x555594e1b960_0;
    %muli 16, 0, 32;
    %part/s 16;
    %pushi/vec4 192, 0, 32;
    %load/vec4 v0x555594e1b960_0;
    %add;
    %ix/vec4/s 4;
    %store/vec4a v0x555594e1ba40, 4, 0;
    %pushi/vec4 0, 0, 256;
    %load/vec4 v0x555594e1b960_0;
    %muli 16, 0, 32;
    %part/s 16;
    %pushi/vec4 208, 0, 32;
    %load/vec4 v0x555594e1b960_0;
    %add;
    %ix/vec4/s 4;
    %store/vec4a v0x555594e1ba40, 4, 0;
    %pushi/vec4 0, 0, 256;
    %load/vec4 v0x555594e1b960_0;
    %muli 16, 0, 32;
    %part/s 16;
    %pushi/vec4 224, 0, 32;
    %load/vec4 v0x555594e1b960_0;
    %add;
    %ix/vec4/s 4;
    %store/vec4a v0x555594e1ba40, 4, 0;
    %pushi/vec4 0, 0, 256;
    %load/vec4 v0x555594e1b960_0;
    %muli 16, 0, 32;
    %part/s 16;
    %pushi/vec4 240, 0, 32;
    %load/vec4 v0x555594e1b960_0;
    %add;
    %ix/vec4/s 4;
    %store/vec4a v0x555594e1ba40, 4, 0;
T_87.2 ; for-loop step statement
    %load/vec4 v0x555594e1b960_0;
    %addi 1, 0, 32;
    %store/vec4 v0x555594e1b960_0, 0, 32;
    %jmp T_87.0;
T_87.1 ; for-loop exit label
    %end;
    .thread T_87;
    .scope S_0x555594e186b0;
T_88 ;
    %wait E_0x555594e1a470;
    %load/vec4 v0x555594e1b7c0_0;
    %flag_set/vec4 9;
    %flag_get/vec4 9;
    %jmp/0 T_88.2, 9;
    %load/vec4 v0x555594e1b540_0;
    %and;
T_88.2;
    %flag_set/vec4 8;
    %jmp/0xz  T_88.0, 8;
    %load/vec4 v0x555594e1b880_0;
    %parti/s 1, 0, 2;
    %nor/r;
    %flag_set/vec4 8;
    %jmp/0xz  T_88.3, 8;
    %load/vec4 v0x555594e1b6e0_0;
    %parti/s 1, 0, 2;
    %load/vec4 v0x555594e1b3a0_0;
    %parti/s 8, 0, 2;
    %pad/u 10;
    %ix/vec4 3;
    %ix/load 4, 0, 0; Constant delay
    %assign/vec4/a/d v0x555594e1ba40, 0, 4;
T_88.3 ;
    %load/vec4 v0x555594e1b880_0;
    %parti/s 1, 1, 2;
    %nor/r;
    %flag_set/vec4 8;
    %jmp/0xz  T_88.5, 8;
    %load/vec4 v0x555594e1b6e0_0;
    %parti/s 1, 1, 2;
    %load/vec4 v0x555594e1b3a0_0;
    %parti/s 8, 0, 2;
    %pad/u 10;
    %ix/vec4 3;
    %ix/load 4, 1, 0; part off
    %ix/load 5, 0, 0; Constant delay
    %assign/vec4/a/d v0x555594e1ba40, 4, 5;
T_88.5 ;
    %load/vec4 v0x555594e1b880_0;
    %parti/s 1, 2, 3;
    %nor/r;
    %flag_set/vec4 8;
    %jmp/0xz  T_88.7, 8;
    %load/vec4 v0x555594e1b6e0_0;
    %parti/s 1, 2, 3;
    %load/vec4 v0x555594e1b3a0_0;
    %parti/s 8, 0, 2;
    %pad/u 10;
    %ix/vec4 3;
    %ix/load 4, 2, 0; part off
    %ix/load 5, 0, 0; Constant delay
    %assign/vec4/a/d v0x555594e1ba40, 4, 5;
T_88.7 ;
    %load/vec4 v0x555594e1b880_0;
    %parti/s 1, 3, 3;
    %nor/r;
    %flag_set/vec4 8;
    %jmp/0xz  T_88.9, 8;
    %load/vec4 v0x555594e1b6e0_0;
    %parti/s 1, 3, 3;
    %load/vec4 v0x555594e1b3a0_0;
    %parti/s 8, 0, 2;
    %pad/u 10;
    %ix/vec4 3;
    %ix/load 4, 3, 0; part off
    %ix/load 5, 0, 0; Constant delay
    %assign/vec4/a/d v0x555594e1ba40, 4, 5;
T_88.9 ;
    %load/vec4 v0x555594e1b880_0;
    %parti/s 1, 4, 4;
    %nor/r;
    %flag_set/vec4 8;
    %jmp/0xz  T_88.11, 8;
    %load/vec4 v0x555594e1b6e0_0;
    %parti/s 1, 4, 4;
    %load/vec4 v0x555594e1b3a0_0;
    %parti/s 8, 0, 2;
    %pad/u 10;
    %ix/vec4 3;
    %ix/load 4, 4, 0; part off
    %ix/load 5, 0, 0; Constant delay
    %assign/vec4/a/d v0x555594e1ba40, 4, 5;
T_88.11 ;
    %load/vec4 v0x555594e1b880_0;
    %parti/s 1, 5, 4;
    %nor/r;
    %flag_set/vec4 8;
    %jmp/0xz  T_88.13, 8;
    %load/vec4 v0x555594e1b6e0_0;
    %parti/s 1, 5, 4;
    %load/vec4 v0x555594e1b3a0_0;
    %parti/s 8, 0, 2;
    %pad/u 10;
    %ix/vec4 3;
    %ix/load 4, 5, 0; part off
    %ix/load 5, 0, 0; Constant delay
    %assign/vec4/a/d v0x555594e1ba40, 4, 5;
T_88.13 ;
    %load/vec4 v0x555594e1b880_0;
    %parti/s 1, 6, 4;
    %nor/r;
    %flag_set/vec4 8;
    %jmp/0xz  T_88.15, 8;
    %load/vec4 v0x555594e1b6e0_0;
    %parti/s 1, 6, 4;
    %load/vec4 v0x555594e1b3a0_0;
    %parti/s 8, 0, 2;
    %pad/u 10;
    %ix/vec4 3;
    %ix/load 4, 6, 0; part off
    %ix/load 5, 0, 0; Constant delay
    %assign/vec4/a/d v0x555594e1ba40, 4, 5;
T_88.15 ;
    %load/vec4 v0x555594e1b880_0;
    %parti/s 1, 7, 4;
    %nor/r;
    %flag_set/vec4 8;
    %jmp/0xz  T_88.17, 8;
    %load/vec4 v0x555594e1b6e0_0;
    %parti/s 1, 7, 4;
    %load/vec4 v0x555594e1b3a0_0;
    %parti/s 8, 0, 2;
    %pad/u 10;
    %ix/vec4 3;
    %ix/load 4, 7, 0; part off
    %ix/load 5, 0, 0; Constant delay
    %assign/vec4/a/d v0x555594e1ba40, 4, 5;
T_88.17 ;
    %load/vec4 v0x555594e1b880_0;
    %parti/s 1, 8, 5;
    %nor/r;
    %flag_set/vec4 8;
    %jmp/0xz  T_88.19, 8;
    %load/vec4 v0x555594e1b6e0_0;
    %parti/s 1, 8, 5;
    %load/vec4 v0x555594e1b3a0_0;
    %parti/s 8, 0, 2;
    %pad/u 10;
    %ix/vec4 3;
    %ix/load 4, 8, 0; part off
    %ix/load 5, 0, 0; Constant delay
    %assign/vec4/a/d v0x555594e1ba40, 4, 5;
T_88.19 ;
    %load/vec4 v0x555594e1b880_0;
    %parti/s 1, 9, 5;
    %nor/r;
    %flag_set/vec4 8;
    %jmp/0xz  T_88.21, 8;
    %load/vec4 v0x555594e1b6e0_0;
    %parti/s 1, 9, 5;
    %load/vec4 v0x555594e1b3a0_0;
    %parti/s 8, 0, 2;
    %pad/u 10;
    %ix/vec4 3;
    %ix/load 4, 9, 0; part off
    %ix/load 5, 0, 0; Constant delay
    %assign/vec4/a/d v0x555594e1ba40, 4, 5;
T_88.21 ;
    %load/vec4 v0x555594e1b880_0;
    %parti/s 1, 10, 5;
    %nor/r;
    %flag_set/vec4 8;
    %jmp/0xz  T_88.23, 8;
    %load/vec4 v0x555594e1b6e0_0;
    %parti/s 1, 10, 5;
    %load/vec4 v0x555594e1b3a0_0;
    %parti/s 8, 0, 2;
    %pad/u 10;
    %ix/vec4 3;
    %ix/load 4, 10, 0; part off
    %ix/load 5, 0, 0; Constant delay
    %assign/vec4/a/d v0x555594e1ba40, 4, 5;
T_88.23 ;
    %load/vec4 v0x555594e1b880_0;
    %parti/s 1, 11, 5;
    %nor/r;
    %flag_set/vec4 8;
    %jmp/0xz  T_88.25, 8;
    %load/vec4 v0x555594e1b6e0_0;
    %parti/s 1, 11, 5;
    %load/vec4 v0x555594e1b3a0_0;
    %parti/s 8, 0, 2;
    %pad/u 10;
    %ix/vec4 3;
    %ix/load 4, 11, 0; part off
    %ix/load 5, 0, 0; Constant delay
    %assign/vec4/a/d v0x555594e1ba40, 4, 5;
T_88.25 ;
    %load/vec4 v0x555594e1b880_0;
    %parti/s 1, 12, 5;
    %nor/r;
    %flag_set/vec4 8;
    %jmp/0xz  T_88.27, 8;
    %load/vec4 v0x555594e1b6e0_0;
    %parti/s 1, 12, 5;
    %load/vec4 v0x555594e1b3a0_0;
    %parti/s 8, 0, 2;
    %pad/u 10;
    %ix/vec4 3;
    %ix/load 4, 12, 0; part off
    %ix/load 5, 0, 0; Constant delay
    %assign/vec4/a/d v0x555594e1ba40, 4, 5;
T_88.27 ;
    %load/vec4 v0x555594e1b880_0;
    %parti/s 1, 13, 5;
    %nor/r;
    %flag_set/vec4 8;
    %jmp/0xz  T_88.29, 8;
    %load/vec4 v0x555594e1b6e0_0;
    %parti/s 1, 13, 5;
    %load/vec4 v0x555594e1b3a0_0;
    %parti/s 8, 0, 2;
    %pad/u 10;
    %ix/vec4 3;
    %ix/load 4, 13, 0; part off
    %ix/load 5, 0, 0; Constant delay
    %assign/vec4/a/d v0x555594e1ba40, 4, 5;
T_88.29 ;
    %load/vec4 v0x555594e1b880_0;
    %parti/s 1, 14, 5;
    %nor/r;
    %flag_set/vec4 8;
    %jmp/0xz  T_88.31, 8;
    %load/vec4 v0x555594e1b6e0_0;
    %parti/s 1, 14, 5;
    %load/vec4 v0x555594e1b3a0_0;
    %parti/s 8, 0, 2;
    %pad/u 10;
    %ix/vec4 3;
    %ix/load 4, 14, 0; part off
    %ix/load 5, 0, 0; Constant delay
    %assign/vec4/a/d v0x555594e1ba40, 4, 5;
T_88.31 ;
    %load/vec4 v0x555594e1b880_0;
    %parti/s 1, 15, 5;
    %nor/r;
    %flag_set/vec4 8;
    %jmp/0xz  T_88.33, 8;
    %load/vec4 v0x555594e1b6e0_0;
    %parti/s 1, 15, 5;
    %load/vec4 v0x555594e1b3a0_0;
    %parti/s 8, 0, 2;
    %pad/u 10;
    %ix/vec4 3;
    %ix/load 4, 15, 0; part off
    %ix/load 5, 0, 0; Constant delay
    %assign/vec4/a/d v0x555594e1ba40, 4, 5;
T_88.33 ;
T_88.0 ;
    %jmp T_88;
    .thread T_88;
    .scope S_0x555594e186b0;
T_89 ;
    %wait E_0x555594e1a3f0;
    %load/vec4 v0x555594e1b200_0;
    %flag_set/vec4 9;
    %flag_get/vec4 9;
    %jmp/0 T_89.2, 9;
    %load/vec4 v0x555594e1af30_0;
    %and;
T_89.2;
    %flag_set/vec4 8;
    %jmp/0xz  T_89.0, 8;
    %load/vec4 v0x555594e1ad80_0;
    %parti/s 8, 0, 2;
    %pad/u 10;
    %ix/vec4 4;
    %load/vec4a v0x555594e1ba40, 4;
    %load/vec4 v0x555594e1b2c0_0;
    %inv;
    %and;
    %assign/vec4 v0x555594e1b120_0, 0;
T_89.0 ;
    %jmp T_89;
    .thread T_89;
    .scope S_0x555594e1c740;
T_90 ;
    %pushi/vec4 0, 0, 32;
    %store/vec4 v0x555594e1fb30_0, 0, 32;
T_90.0 ; Top of for-loop
    %load/vec4 v0x555594e1fb30_0;
    %cmpi/s 16, 0, 32;
	  %jmp/0xz T_90.1, 5;
    %pushi/vec4 0, 0, 256;
    %load/vec4 v0x555594e1fb30_0;
    %muli 16, 0, 32;
    %part/s 16;
    %pushi/vec4 0, 0, 32;
    %load/vec4 v0x555594e1fb30_0;
    %add;
    %ix/vec4/s 4;
    %store/vec4a v0x555594e1fc10, 4, 0;
    %pushi/vec4 0, 0, 256;
    %load/vec4 v0x555594e1fb30_0;
    %muli 16, 0, 32;
    %part/s 16;
    %pushi/vec4 16, 0, 32;
    %load/vec4 v0x555594e1fb30_0;
    %add;
    %ix/vec4/s 4;
    %store/vec4a v0x555594e1fc10, 4, 0;
    %pushi/vec4 0, 0, 256;
    %load/vec4 v0x555594e1fb30_0;
    %muli 16, 0, 32;
    %part/s 16;
    %pushi/vec4 32, 0, 32;
    %load/vec4 v0x555594e1fb30_0;
    %add;
    %ix/vec4/s 4;
    %store/vec4a v0x555594e1fc10, 4, 0;
    %pushi/vec4 0, 0, 256;
    %load/vec4 v0x555594e1fb30_0;
    %muli 16, 0, 32;
    %part/s 16;
    %pushi/vec4 48, 0, 32;
    %load/vec4 v0x555594e1fb30_0;
    %add;
    %ix/vec4/s 4;
    %store/vec4a v0x555594e1fc10, 4, 0;
    %pushi/vec4 0, 0, 256;
    %load/vec4 v0x555594e1fb30_0;
    %muli 16, 0, 32;
    %part/s 16;
    %pushi/vec4 64, 0, 32;
    %load/vec4 v0x555594e1fb30_0;
    %add;
    %ix/vec4/s 4;
    %store/vec4a v0x555594e1fc10, 4, 0;
    %pushi/vec4 0, 0, 256;
    %load/vec4 v0x555594e1fb30_0;
    %muli 16, 0, 32;
    %part/s 16;
    %pushi/vec4 80, 0, 32;
    %load/vec4 v0x555594e1fb30_0;
    %add;
    %ix/vec4/s 4;
    %store/vec4a v0x555594e1fc10, 4, 0;
    %pushi/vec4 0, 0, 256;
    %load/vec4 v0x555594e1fb30_0;
    %muli 16, 0, 32;
    %part/s 16;
    %pushi/vec4 96, 0, 32;
    %load/vec4 v0x555594e1fb30_0;
    %add;
    %ix/vec4/s 4;
    %store/vec4a v0x555594e1fc10, 4, 0;
    %pushi/vec4 0, 0, 256;
    %load/vec4 v0x555594e1fb30_0;
    %muli 16, 0, 32;
    %part/s 16;
    %pushi/vec4 112, 0, 32;
    %load/vec4 v0x555594e1fb30_0;
    %add;
    %ix/vec4/s 4;
    %store/vec4a v0x555594e1fc10, 4, 0;
    %pushi/vec4 0, 0, 256;
    %load/vec4 v0x555594e1fb30_0;
    %muli 16, 0, 32;
    %part/s 16;
    %pushi/vec4 128, 0, 32;
    %load/vec4 v0x555594e1fb30_0;
    %add;
    %ix/vec4/s 4;
    %store/vec4a v0x555594e1fc10, 4, 0;
    %pushi/vec4 0, 0, 256;
    %load/vec4 v0x555594e1fb30_0;
    %muli 16, 0, 32;
    %part/s 16;
    %pushi/vec4 144, 0, 32;
    %load/vec4 v0x555594e1fb30_0;
    %add;
    %ix/vec4/s 4;
    %store/vec4a v0x555594e1fc10, 4, 0;
    %pushi/vec4 0, 0, 256;
    %load/vec4 v0x555594e1fb30_0;
    %muli 16, 0, 32;
    %part/s 16;
    %pushi/vec4 160, 0, 32;
    %load/vec4 v0x555594e1fb30_0;
    %add;
    %ix/vec4/s 4;
    %store/vec4a v0x555594e1fc10, 4, 0;
    %pushi/vec4 0, 0, 256;
    %load/vec4 v0x555594e1fb30_0;
    %muli 16, 0, 32;
    %part/s 16;
    %pushi/vec4 176, 0, 32;
    %load/vec4 v0x555594e1fb30_0;
    %add;
    %ix/vec4/s 4;
    %store/vec4a v0x555594e1fc10, 4, 0;
    %pushi/vec4 0, 0, 256;
    %load/vec4 v0x555594e1fb30_0;
    %muli 16, 0, 32;
    %part/s 16;
    %pushi/vec4 192, 0, 32;
    %load/vec4 v0x555594e1fb30_0;
    %add;
    %ix/vec4/s 4;
    %store/vec4a v0x555594e1fc10, 4, 0;
    %pushi/vec4 0, 0, 256;
    %load/vec4 v0x555594e1fb30_0;
    %muli 16, 0, 32;
    %part/s 16;
    %pushi/vec4 208, 0, 32;
    %load/vec4 v0x555594e1fb30_0;
    %add;
    %ix/vec4/s 4;
    %store/vec4a v0x555594e1fc10, 4, 0;
    %pushi/vec4 0, 0, 256;
    %load/vec4 v0x555594e1fb30_0;
    %muli 16, 0, 32;
    %part/s 16;
    %pushi/vec4 224, 0, 32;
    %load/vec4 v0x555594e1fb30_0;
    %add;
    %ix/vec4/s 4;
    %store/vec4a v0x555594e1fc10, 4, 0;
    %pushi/vec4 0, 0, 256;
    %load/vec4 v0x555594e1fb30_0;
    %muli 16, 0, 32;
    %part/s 16;
    %pushi/vec4 240, 0, 32;
    %load/vec4 v0x555594e1fb30_0;
    %add;
    %ix/vec4/s 4;
    %store/vec4a v0x555594e1fc10, 4, 0;
T_90.2 ; for-loop step statement
    %load/vec4 v0x555594e1fb30_0;
    %addi 1, 0, 32;
    %store/vec4 v0x555594e1fb30_0, 0, 32;
    %jmp T_90.0;
T_90.1 ; for-loop exit label
    %end;
    .thread T_90;
    .scope S_0x555594e1c740;
T_91 ;
    %wait E_0x555594e1e640;
    %load/vec4 v0x555594e1f990_0;
    %flag_set/vec4 9;
    %flag_get/vec4 9;
    %jmp/0 T_91.2, 9;
    %load/vec4 v0x555594e1f710_0;
    %and;
T_91.2;
    %flag_set/vec4 8;
    %jmp/0xz  T_91.0, 8;
    %load/vec4 v0x555594e1fa50_0;
    %parti/s 1, 0, 2;
    %nor/r;
    %flag_set/vec4 8;
    %jmp/0xz  T_91.3, 8;
    %load/vec4 v0x555594e1f8b0_0;
    %parti/s 1, 0, 2;
    %load/vec4 v0x555594e1f570_0;
    %parti/s 8, 0, 2;
    %pad/u 10;
    %ix/vec4 3;
    %ix/load 4, 0, 0; Constant delay
    %assign/vec4/a/d v0x555594e1fc10, 0, 4;
T_91.3 ;
    %load/vec4 v0x555594e1fa50_0;
    %parti/s 1, 1, 2;
    %nor/r;
    %flag_set/vec4 8;
    %jmp/0xz  T_91.5, 8;
    %load/vec4 v0x555594e1f8b0_0;
    %parti/s 1, 1, 2;
    %load/vec4 v0x555594e1f570_0;
    %parti/s 8, 0, 2;
    %pad/u 10;
    %ix/vec4 3;
    %ix/load 4, 1, 0; part off
    %ix/load 5, 0, 0; Constant delay
    %assign/vec4/a/d v0x555594e1fc10, 4, 5;
T_91.5 ;
    %load/vec4 v0x555594e1fa50_0;
    %parti/s 1, 2, 3;
    %nor/r;
    %flag_set/vec4 8;
    %jmp/0xz  T_91.7, 8;
    %load/vec4 v0x555594e1f8b0_0;
    %parti/s 1, 2, 3;
    %load/vec4 v0x555594e1f570_0;
    %parti/s 8, 0, 2;
    %pad/u 10;
    %ix/vec4 3;
    %ix/load 4, 2, 0; part off
    %ix/load 5, 0, 0; Constant delay
    %assign/vec4/a/d v0x555594e1fc10, 4, 5;
T_91.7 ;
    %load/vec4 v0x555594e1fa50_0;
    %parti/s 1, 3, 3;
    %nor/r;
    %flag_set/vec4 8;
    %jmp/0xz  T_91.9, 8;
    %load/vec4 v0x555594e1f8b0_0;
    %parti/s 1, 3, 3;
    %load/vec4 v0x555594e1f570_0;
    %parti/s 8, 0, 2;
    %pad/u 10;
    %ix/vec4 3;
    %ix/load 4, 3, 0; part off
    %ix/load 5, 0, 0; Constant delay
    %assign/vec4/a/d v0x555594e1fc10, 4, 5;
T_91.9 ;
    %load/vec4 v0x555594e1fa50_0;
    %parti/s 1, 4, 4;
    %nor/r;
    %flag_set/vec4 8;
    %jmp/0xz  T_91.11, 8;
    %load/vec4 v0x555594e1f8b0_0;
    %parti/s 1, 4, 4;
    %load/vec4 v0x555594e1f570_0;
    %parti/s 8, 0, 2;
    %pad/u 10;
    %ix/vec4 3;
    %ix/load 4, 4, 0; part off
    %ix/load 5, 0, 0; Constant delay
    %assign/vec4/a/d v0x555594e1fc10, 4, 5;
T_91.11 ;
    %load/vec4 v0x555594e1fa50_0;
    %parti/s 1, 5, 4;
    %nor/r;
    %flag_set/vec4 8;
    %jmp/0xz  T_91.13, 8;
    %load/vec4 v0x555594e1f8b0_0;
    %parti/s 1, 5, 4;
    %load/vec4 v0x555594e1f570_0;
    %parti/s 8, 0, 2;
    %pad/u 10;
    %ix/vec4 3;
    %ix/load 4, 5, 0; part off
    %ix/load 5, 0, 0; Constant delay
    %assign/vec4/a/d v0x555594e1fc10, 4, 5;
T_91.13 ;
    %load/vec4 v0x555594e1fa50_0;
    %parti/s 1, 6, 4;
    %nor/r;
    %flag_set/vec4 8;
    %jmp/0xz  T_91.15, 8;
    %load/vec4 v0x555594e1f8b0_0;
    %parti/s 1, 6, 4;
    %load/vec4 v0x555594e1f570_0;
    %parti/s 8, 0, 2;
    %pad/u 10;
    %ix/vec4 3;
    %ix/load 4, 6, 0; part off
    %ix/load 5, 0, 0; Constant delay
    %assign/vec4/a/d v0x555594e1fc10, 4, 5;
T_91.15 ;
    %load/vec4 v0x555594e1fa50_0;
    %parti/s 1, 7, 4;
    %nor/r;
    %flag_set/vec4 8;
    %jmp/0xz  T_91.17, 8;
    %load/vec4 v0x555594e1f8b0_0;
    %parti/s 1, 7, 4;
    %load/vec4 v0x555594e1f570_0;
    %parti/s 8, 0, 2;
    %pad/u 10;
    %ix/vec4 3;
    %ix/load 4, 7, 0; part off
    %ix/load 5, 0, 0; Constant delay
    %assign/vec4/a/d v0x555594e1fc10, 4, 5;
T_91.17 ;
    %load/vec4 v0x555594e1fa50_0;
    %parti/s 1, 8, 5;
    %nor/r;
    %flag_set/vec4 8;
    %jmp/0xz  T_91.19, 8;
    %load/vec4 v0x555594e1f8b0_0;
    %parti/s 1, 8, 5;
    %load/vec4 v0x555594e1f570_0;
    %parti/s 8, 0, 2;
    %pad/u 10;
    %ix/vec4 3;
    %ix/load 4, 8, 0; part off
    %ix/load 5, 0, 0; Constant delay
    %assign/vec4/a/d v0x555594e1fc10, 4, 5;
T_91.19 ;
    %load/vec4 v0x555594e1fa50_0;
    %parti/s 1, 9, 5;
    %nor/r;
    %flag_set/vec4 8;
    %jmp/0xz  T_91.21, 8;
    %load/vec4 v0x555594e1f8b0_0;
    %parti/s 1, 9, 5;
    %load/vec4 v0x555594e1f570_0;
    %parti/s 8, 0, 2;
    %pad/u 10;
    %ix/vec4 3;
    %ix/load 4, 9, 0; part off
    %ix/load 5, 0, 0; Constant delay
    %assign/vec4/a/d v0x555594e1fc10, 4, 5;
T_91.21 ;
    %load/vec4 v0x555594e1fa50_0;
    %parti/s 1, 10, 5;
    %nor/r;
    %flag_set/vec4 8;
    %jmp/0xz  T_91.23, 8;
    %load/vec4 v0x555594e1f8b0_0;
    %parti/s 1, 10, 5;
    %load/vec4 v0x555594e1f570_0;
    %parti/s 8, 0, 2;
    %pad/u 10;
    %ix/vec4 3;
    %ix/load 4, 10, 0; part off
    %ix/load 5, 0, 0; Constant delay
    %assign/vec4/a/d v0x555594e1fc10, 4, 5;
T_91.23 ;
    %load/vec4 v0x555594e1fa50_0;
    %parti/s 1, 11, 5;
    %nor/r;
    %flag_set/vec4 8;
    %jmp/0xz  T_91.25, 8;
    %load/vec4 v0x555594e1f8b0_0;
    %parti/s 1, 11, 5;
    %load/vec4 v0x555594e1f570_0;
    %parti/s 8, 0, 2;
    %pad/u 10;
    %ix/vec4 3;
    %ix/load 4, 11, 0; part off
    %ix/load 5, 0, 0; Constant delay
    %assign/vec4/a/d v0x555594e1fc10, 4, 5;
T_91.25 ;
    %load/vec4 v0x555594e1fa50_0;
    %parti/s 1, 12, 5;
    %nor/r;
    %flag_set/vec4 8;
    %jmp/0xz  T_91.27, 8;
    %load/vec4 v0x555594e1f8b0_0;
    %parti/s 1, 12, 5;
    %load/vec4 v0x555594e1f570_0;
    %parti/s 8, 0, 2;
    %pad/u 10;
    %ix/vec4 3;
    %ix/load 4, 12, 0; part off
    %ix/load 5, 0, 0; Constant delay
    %assign/vec4/a/d v0x555594e1fc10, 4, 5;
T_91.27 ;
    %load/vec4 v0x555594e1fa50_0;
    %parti/s 1, 13, 5;
    %nor/r;
    %flag_set/vec4 8;
    %jmp/0xz  T_91.29, 8;
    %load/vec4 v0x555594e1f8b0_0;
    %parti/s 1, 13, 5;
    %load/vec4 v0x555594e1f570_0;
    %parti/s 8, 0, 2;
    %pad/u 10;
    %ix/vec4 3;
    %ix/load 4, 13, 0; part off
    %ix/load 5, 0, 0; Constant delay
    %assign/vec4/a/d v0x555594e1fc10, 4, 5;
T_91.29 ;
    %load/vec4 v0x555594e1fa50_0;
    %parti/s 1, 14, 5;
    %nor/r;
    %flag_set/vec4 8;
    %jmp/0xz  T_91.31, 8;
    %load/vec4 v0x555594e1f8b0_0;
    %parti/s 1, 14, 5;
    %load/vec4 v0x555594e1f570_0;
    %parti/s 8, 0, 2;
    %pad/u 10;
    %ix/vec4 3;
    %ix/load 4, 14, 0; part off
    %ix/load 5, 0, 0; Constant delay
    %assign/vec4/a/d v0x555594e1fc10, 4, 5;
T_91.31 ;
    %load/vec4 v0x555594e1fa50_0;
    %parti/s 1, 15, 5;
    %nor/r;
    %flag_set/vec4 8;
    %jmp/0xz  T_91.33, 8;
    %load/vec4 v0x555594e1f8b0_0;
    %parti/s 1, 15, 5;
    %load/vec4 v0x555594e1f570_0;
    %parti/s 8, 0, 2;
    %pad/u 10;
    %ix/vec4 3;
    %ix/load 4, 15, 0; part off
    %ix/load 5, 0, 0; Constant delay
    %assign/vec4/a/d v0x555594e1fc10, 4, 5;
T_91.33 ;
T_91.0 ;
    %jmp T_91;
    .thread T_91;
    .scope S_0x555594e1c740;
T_92 ;
    %wait E_0x555594e1e5c0;
    %load/vec4 v0x555594e1f3d0_0;
    %flag_set/vec4 9;
    %flag_get/vec4 9;
    %jmp/0 T_92.2, 9;
    %load/vec4 v0x555594e1f100_0;
    %and;
T_92.2;
    %flag_set/vec4 8;
    %jmp/0xz  T_92.0, 8;
    %load/vec4 v0x555594e1ef50_0;
    %parti/s 8, 0, 2;
    %pad/u 10;
    %ix/vec4 4;
    %load/vec4a v0x555594e1fc10, 4;
    %load/vec4 v0x555594e1f490_0;
    %inv;
    %and;
    %assign/vec4 v0x555594e1f2f0_0, 0;
T_92.0 ;
    %jmp T_92;
    .thread T_92;
    .scope S_0x555594e20920;
T_93 ;
    %pushi/vec4 0, 0, 32;
    %store/vec4 v0x555594e23e80_0, 0, 32;
T_93.0 ; Top of for-loop
    %load/vec4 v0x555594e23e80_0;
    %cmpi/s 16, 0, 32;
	  %jmp/0xz T_93.1, 5;
    %pushi/vec4 0, 0, 256;
    %load/vec4 v0x555594e23e80_0;
    %muli 16, 0, 32;
    %part/s 16;
    %pushi/vec4 0, 0, 32;
    %load/vec4 v0x555594e23e80_0;
    %add;
    %ix/vec4/s 4;
    %store/vec4a v0x555594e23f60, 4, 0;
    %pushi/vec4 0, 0, 256;
    %load/vec4 v0x555594e23e80_0;
    %muli 16, 0, 32;
    %part/s 16;
    %pushi/vec4 16, 0, 32;
    %load/vec4 v0x555594e23e80_0;
    %add;
    %ix/vec4/s 4;
    %store/vec4a v0x555594e23f60, 4, 0;
    %pushi/vec4 0, 0, 256;
    %load/vec4 v0x555594e23e80_0;
    %muli 16, 0, 32;
    %part/s 16;
    %pushi/vec4 32, 0, 32;
    %load/vec4 v0x555594e23e80_0;
    %add;
    %ix/vec4/s 4;
    %store/vec4a v0x555594e23f60, 4, 0;
    %pushi/vec4 0, 0, 256;
    %load/vec4 v0x555594e23e80_0;
    %muli 16, 0, 32;
    %part/s 16;
    %pushi/vec4 48, 0, 32;
    %load/vec4 v0x555594e23e80_0;
    %add;
    %ix/vec4/s 4;
    %store/vec4a v0x555594e23f60, 4, 0;
    %pushi/vec4 0, 0, 256;
    %load/vec4 v0x555594e23e80_0;
    %muli 16, 0, 32;
    %part/s 16;
    %pushi/vec4 64, 0, 32;
    %load/vec4 v0x555594e23e80_0;
    %add;
    %ix/vec4/s 4;
    %store/vec4a v0x555594e23f60, 4, 0;
    %pushi/vec4 0, 0, 256;
    %load/vec4 v0x555594e23e80_0;
    %muli 16, 0, 32;
    %part/s 16;
    %pushi/vec4 80, 0, 32;
    %load/vec4 v0x555594e23e80_0;
    %add;
    %ix/vec4/s 4;
    %store/vec4a v0x555594e23f60, 4, 0;
    %pushi/vec4 0, 0, 256;
    %load/vec4 v0x555594e23e80_0;
    %muli 16, 0, 32;
    %part/s 16;
    %pushi/vec4 96, 0, 32;
    %load/vec4 v0x555594e23e80_0;
    %add;
    %ix/vec4/s 4;
    %store/vec4a v0x555594e23f60, 4, 0;
    %pushi/vec4 0, 0, 256;
    %load/vec4 v0x555594e23e80_0;
    %muli 16, 0, 32;
    %part/s 16;
    %pushi/vec4 112, 0, 32;
    %load/vec4 v0x555594e23e80_0;
    %add;
    %ix/vec4/s 4;
    %store/vec4a v0x555594e23f60, 4, 0;
    %pushi/vec4 0, 0, 256;
    %load/vec4 v0x555594e23e80_0;
    %muli 16, 0, 32;
    %part/s 16;
    %pushi/vec4 128, 0, 32;
    %load/vec4 v0x555594e23e80_0;
    %add;
    %ix/vec4/s 4;
    %store/vec4a v0x555594e23f60, 4, 0;
    %pushi/vec4 0, 0, 256;
    %load/vec4 v0x555594e23e80_0;
    %muli 16, 0, 32;
    %part/s 16;
    %pushi/vec4 144, 0, 32;
    %load/vec4 v0x555594e23e80_0;
    %add;
    %ix/vec4/s 4;
    %store/vec4a v0x555594e23f60, 4, 0;
    %pushi/vec4 0, 0, 256;
    %load/vec4 v0x555594e23e80_0;
    %muli 16, 0, 32;
    %part/s 16;
    %pushi/vec4 160, 0, 32;
    %load/vec4 v0x555594e23e80_0;
    %add;
    %ix/vec4/s 4;
    %store/vec4a v0x555594e23f60, 4, 0;
    %pushi/vec4 0, 0, 256;
    %load/vec4 v0x555594e23e80_0;
    %muli 16, 0, 32;
    %part/s 16;
    %pushi/vec4 176, 0, 32;
    %load/vec4 v0x555594e23e80_0;
    %add;
    %ix/vec4/s 4;
    %store/vec4a v0x555594e23f60, 4, 0;
    %pushi/vec4 0, 0, 256;
    %load/vec4 v0x555594e23e80_0;
    %muli 16, 0, 32;
    %part/s 16;
    %pushi/vec4 192, 0, 32;
    %load/vec4 v0x555594e23e80_0;
    %add;
    %ix/vec4/s 4;
    %store/vec4a v0x555594e23f60, 4, 0;
    %pushi/vec4 0, 0, 256;
    %load/vec4 v0x555594e23e80_0;
    %muli 16, 0, 32;
    %part/s 16;
    %pushi/vec4 208, 0, 32;
    %load/vec4 v0x555594e23e80_0;
    %add;
    %ix/vec4/s 4;
    %store/vec4a v0x555594e23f60, 4, 0;
    %pushi/vec4 0, 0, 256;
    %load/vec4 v0x555594e23e80_0;
    %muli 16, 0, 32;
    %part/s 16;
    %pushi/vec4 224, 0, 32;
    %load/vec4 v0x555594e23e80_0;
    %add;
    %ix/vec4/s 4;
    %store/vec4a v0x555594e23f60, 4, 0;
    %pushi/vec4 0, 0, 256;
    %load/vec4 v0x555594e23e80_0;
    %muli 16, 0, 32;
    %part/s 16;
    %pushi/vec4 240, 0, 32;
    %load/vec4 v0x555594e23e80_0;
    %add;
    %ix/vec4/s 4;
    %store/vec4a v0x555594e23f60, 4, 0;
T_93.2 ; for-loop step statement
    %load/vec4 v0x555594e23e80_0;
    %addi 1, 0, 32;
    %store/vec4 v0x555594e23e80_0, 0, 32;
    %jmp T_93.0;
T_93.1 ; for-loop exit label
    %end;
    .thread T_93;
    .scope S_0x555594e20920;
T_94 ;
    %wait E_0x555594e22990;
    %load/vec4 v0x555594e23ce0_0;
    %flag_set/vec4 9;
    %flag_get/vec4 9;
    %jmp/0 T_94.2, 9;
    %load/vec4 v0x555594e23a60_0;
    %and;
T_94.2;
    %flag_set/vec4 8;
    %jmp/0xz  T_94.0, 8;
    %load/vec4 v0x555594e23da0_0;
    %parti/s 1, 0, 2;
    %nor/r;
    %flag_set/vec4 8;
    %jmp/0xz  T_94.3, 8;
    %load/vec4 v0x555594e23c00_0;
    %parti/s 1, 0, 2;
    %load/vec4 v0x555594e238c0_0;
    %parti/s 8, 0, 2;
    %pad/u 10;
    %ix/vec4 3;
    %ix/load 4, 0, 0; Constant delay
    %assign/vec4/a/d v0x555594e23f60, 0, 4;
T_94.3 ;
    %load/vec4 v0x555594e23da0_0;
    %parti/s 1, 1, 2;
    %nor/r;
    %flag_set/vec4 8;
    %jmp/0xz  T_94.5, 8;
    %load/vec4 v0x555594e23c00_0;
    %parti/s 1, 1, 2;
    %load/vec4 v0x555594e238c0_0;
    %parti/s 8, 0, 2;
    %pad/u 10;
    %ix/vec4 3;
    %ix/load 4, 1, 0; part off
    %ix/load 5, 0, 0; Constant delay
    %assign/vec4/a/d v0x555594e23f60, 4, 5;
T_94.5 ;
    %load/vec4 v0x555594e23da0_0;
    %parti/s 1, 2, 3;
    %nor/r;
    %flag_set/vec4 8;
    %jmp/0xz  T_94.7, 8;
    %load/vec4 v0x555594e23c00_0;
    %parti/s 1, 2, 3;
    %load/vec4 v0x555594e238c0_0;
    %parti/s 8, 0, 2;
    %pad/u 10;
    %ix/vec4 3;
    %ix/load 4, 2, 0; part off
    %ix/load 5, 0, 0; Constant delay
    %assign/vec4/a/d v0x555594e23f60, 4, 5;
T_94.7 ;
    %load/vec4 v0x555594e23da0_0;
    %parti/s 1, 3, 3;
    %nor/r;
    %flag_set/vec4 8;
    %jmp/0xz  T_94.9, 8;
    %load/vec4 v0x555594e23c00_0;
    %parti/s 1, 3, 3;
    %load/vec4 v0x555594e238c0_0;
    %parti/s 8, 0, 2;
    %pad/u 10;
    %ix/vec4 3;
    %ix/load 4, 3, 0; part off
    %ix/load 5, 0, 0; Constant delay
    %assign/vec4/a/d v0x555594e23f60, 4, 5;
T_94.9 ;
    %load/vec4 v0x555594e23da0_0;
    %parti/s 1, 4, 4;
    %nor/r;
    %flag_set/vec4 8;
    %jmp/0xz  T_94.11, 8;
    %load/vec4 v0x555594e23c00_0;
    %parti/s 1, 4, 4;
    %load/vec4 v0x555594e238c0_0;
    %parti/s 8, 0, 2;
    %pad/u 10;
    %ix/vec4 3;
    %ix/load 4, 4, 0; part off
    %ix/load 5, 0, 0; Constant delay
    %assign/vec4/a/d v0x555594e23f60, 4, 5;
T_94.11 ;
    %load/vec4 v0x555594e23da0_0;
    %parti/s 1, 5, 4;
    %nor/r;
    %flag_set/vec4 8;
    %jmp/0xz  T_94.13, 8;
    %load/vec4 v0x555594e23c00_0;
    %parti/s 1, 5, 4;
    %load/vec4 v0x555594e238c0_0;
    %parti/s 8, 0, 2;
    %pad/u 10;
    %ix/vec4 3;
    %ix/load 4, 5, 0; part off
    %ix/load 5, 0, 0; Constant delay
    %assign/vec4/a/d v0x555594e23f60, 4, 5;
T_94.13 ;
    %load/vec4 v0x555594e23da0_0;
    %parti/s 1, 6, 4;
    %nor/r;
    %flag_set/vec4 8;
    %jmp/0xz  T_94.15, 8;
    %load/vec4 v0x555594e23c00_0;
    %parti/s 1, 6, 4;
    %load/vec4 v0x555594e238c0_0;
    %parti/s 8, 0, 2;
    %pad/u 10;
    %ix/vec4 3;
    %ix/load 4, 6, 0; part off
    %ix/load 5, 0, 0; Constant delay
    %assign/vec4/a/d v0x555594e23f60, 4, 5;
T_94.15 ;
    %load/vec4 v0x555594e23da0_0;
    %parti/s 1, 7, 4;
    %nor/r;
    %flag_set/vec4 8;
    %jmp/0xz  T_94.17, 8;
    %load/vec4 v0x555594e23c00_0;
    %parti/s 1, 7, 4;
    %load/vec4 v0x555594e238c0_0;
    %parti/s 8, 0, 2;
    %pad/u 10;
    %ix/vec4 3;
    %ix/load 4, 7, 0; part off
    %ix/load 5, 0, 0; Constant delay
    %assign/vec4/a/d v0x555594e23f60, 4, 5;
T_94.17 ;
    %load/vec4 v0x555594e23da0_0;
    %parti/s 1, 8, 5;
    %nor/r;
    %flag_set/vec4 8;
    %jmp/0xz  T_94.19, 8;
    %load/vec4 v0x555594e23c00_0;
    %parti/s 1, 8, 5;
    %load/vec4 v0x555594e238c0_0;
    %parti/s 8, 0, 2;
    %pad/u 10;
    %ix/vec4 3;
    %ix/load 4, 8, 0; part off
    %ix/load 5, 0, 0; Constant delay
    %assign/vec4/a/d v0x555594e23f60, 4, 5;
T_94.19 ;
    %load/vec4 v0x555594e23da0_0;
    %parti/s 1, 9, 5;
    %nor/r;
    %flag_set/vec4 8;
    %jmp/0xz  T_94.21, 8;
    %load/vec4 v0x555594e23c00_0;
    %parti/s 1, 9, 5;
    %load/vec4 v0x555594e238c0_0;
    %parti/s 8, 0, 2;
    %pad/u 10;
    %ix/vec4 3;
    %ix/load 4, 9, 0; part off
    %ix/load 5, 0, 0; Constant delay
    %assign/vec4/a/d v0x555594e23f60, 4, 5;
T_94.21 ;
    %load/vec4 v0x555594e23da0_0;
    %parti/s 1, 10, 5;
    %nor/r;
    %flag_set/vec4 8;
    %jmp/0xz  T_94.23, 8;
    %load/vec4 v0x555594e23c00_0;
    %parti/s 1, 10, 5;
    %load/vec4 v0x555594e238c0_0;
    %parti/s 8, 0, 2;
    %pad/u 10;
    %ix/vec4 3;
    %ix/load 4, 10, 0; part off
    %ix/load 5, 0, 0; Constant delay
    %assign/vec4/a/d v0x555594e23f60, 4, 5;
T_94.23 ;
    %load/vec4 v0x555594e23da0_0;
    %parti/s 1, 11, 5;
    %nor/r;
    %flag_set/vec4 8;
    %jmp/0xz  T_94.25, 8;
    %load/vec4 v0x555594e23c00_0;
    %parti/s 1, 11, 5;
    %load/vec4 v0x555594e238c0_0;
    %parti/s 8, 0, 2;
    %pad/u 10;
    %ix/vec4 3;
    %ix/load 4, 11, 0; part off
    %ix/load 5, 0, 0; Constant delay
    %assign/vec4/a/d v0x555594e23f60, 4, 5;
T_94.25 ;
    %load/vec4 v0x555594e23da0_0;
    %parti/s 1, 12, 5;
    %nor/r;
    %flag_set/vec4 8;
    %jmp/0xz  T_94.27, 8;
    %load/vec4 v0x555594e23c00_0;
    %parti/s 1, 12, 5;
    %load/vec4 v0x555594e238c0_0;
    %parti/s 8, 0, 2;
    %pad/u 10;
    %ix/vec4 3;
    %ix/load 4, 12, 0; part off
    %ix/load 5, 0, 0; Constant delay
    %assign/vec4/a/d v0x555594e23f60, 4, 5;
T_94.27 ;
    %load/vec4 v0x555594e23da0_0;
    %parti/s 1, 13, 5;
    %nor/r;
    %flag_set/vec4 8;
    %jmp/0xz  T_94.29, 8;
    %load/vec4 v0x555594e23c00_0;
    %parti/s 1, 13, 5;
    %load/vec4 v0x555594e238c0_0;
    %parti/s 8, 0, 2;
    %pad/u 10;
    %ix/vec4 3;
    %ix/load 4, 13, 0; part off
    %ix/load 5, 0, 0; Constant delay
    %assign/vec4/a/d v0x555594e23f60, 4, 5;
T_94.29 ;
    %load/vec4 v0x555594e23da0_0;
    %parti/s 1, 14, 5;
    %nor/r;
    %flag_set/vec4 8;
    %jmp/0xz  T_94.31, 8;
    %load/vec4 v0x555594e23c00_0;
    %parti/s 1, 14, 5;
    %load/vec4 v0x555594e238c0_0;
    %parti/s 8, 0, 2;
    %pad/u 10;
    %ix/vec4 3;
    %ix/load 4, 14, 0; part off
    %ix/load 5, 0, 0; Constant delay
    %assign/vec4/a/d v0x555594e23f60, 4, 5;
T_94.31 ;
    %load/vec4 v0x555594e23da0_0;
    %parti/s 1, 15, 5;
    %nor/r;
    %flag_set/vec4 8;
    %jmp/0xz  T_94.33, 8;
    %load/vec4 v0x555594e23c00_0;
    %parti/s 1, 15, 5;
    %load/vec4 v0x555594e238c0_0;
    %parti/s 8, 0, 2;
    %pad/u 10;
    %ix/vec4 3;
    %ix/load 4, 15, 0; part off
    %ix/load 5, 0, 0; Constant delay
    %assign/vec4/a/d v0x555594e23f60, 4, 5;
T_94.33 ;
T_94.0 ;
    %jmp T_94;
    .thread T_94;
    .scope S_0x555594e20920;
T_95 ;
    %wait E_0x555594e22910;
    %load/vec4 v0x555594e23720_0;
    %flag_set/vec4 9;
    %flag_get/vec4 9;
    %jmp/0 T_95.2, 9;
    %load/vec4 v0x555594e23450_0;
    %and;
T_95.2;
    %flag_set/vec4 8;
    %jmp/0xz  T_95.0, 8;
    %load/vec4 v0x555594e232a0_0;
    %parti/s 8, 0, 2;
    %pad/u 10;
    %ix/vec4 4;
    %load/vec4a v0x555594e23f60, 4;
    %load/vec4 v0x555594e237e0_0;
    %inv;
    %and;
    %assign/vec4 v0x555594e23640_0, 0;
T_95.0 ;
    %jmp T_95;
    .thread T_95;
    .scope S_0x555594aefa00;
T_96 ;
    %wait E_0x555594e288e0;
    %pushi/vec4 0, 0, 32;
    %store/vec4 v0x555594e29200_0, 0, 32;
T_96.0 ; Top of for-loop
    %load/vec4 v0x555594e29200_0;
    %cmpi/s 16383, 0, 32;
    %flag_or 5, 4;
	  %jmp/0xz T_96.1, 5;
    %pushi/vec4 65535, 65535, 16;
    %ix/getv/s 4, v0x555594e29200_0;
    %store/vec4a v0x555594e292e0, 4, 0;
T_96.2 ; for-loop step statement
    %load/vec4 v0x555594e29200_0;
    %addi 1, 0, 32;
    %store/vec4 v0x555594e29200_0, 0, 32;
    %jmp T_96.0;
T_96.1 ; for-loop exit label
    %jmp T_96;
    .thread T_96;
    .scope S_0x555594aefa00;
T_97 ;
    %wait E_0x555594e28860;
    %load/vec4 v0x555594e293a0_0;
    %flag_set/vec4 8;
    %jmp/0xz  T_97.0, 8;
    %pushi/vec4 0, 0, 16;
    %assign/vec4 v0x555594e28c80_0, 0;
    %jmp T_97.1;
T_97.0 ;
    %load/vec4 v0x555594e28fc0_0;
    %flag_set/vec4 8;
    %jmp/0xz  T_97.2, 8;
    %pushi/vec4 65535, 65535, 16;
    %assign/vec4 v0x555594e28c80_0, 0;
    %jmp T_97.3;
T_97.2 ;
    %load/vec4 v0x555594e28a40_0;
    %flag_set/vec4 8;
    %jmp/0xz  T_97.4, 8;
    %load/vec4 v0x555594e29080_0;
    %nor/r;
    %flag_set/vec4 8;
    %jmp/0xz  T_97.6, 8;
    %load/vec4 v0x555594e28940_0;
    %pad/u 16;
    %ix/vec4 4;
    %load/vec4a v0x555594e292e0, 4;
    %assign/vec4 v0x555594e28c80_0, 0;
    %jmp T_97.7;
T_97.6 ;
    %load/vec4 v0x555594e28d60_0;
    %parti/s 1, 0, 2;
    %flag_set/vec4 8;
    %jmp/0xz  T_97.8, 8;
    %load/vec4 v0x555594e28ba0_0;
    %parti/s 4, 0, 2;
    %load/vec4 v0x555594e28940_0;
    %pad/u 16;
    %ix/vec4 3;
    %ix/load 4, 0, 0; Constant delay
    %assign/vec4/a/d v0x555594e292e0, 0, 4;
T_97.8 ;
    %load/vec4 v0x555594e28d60_0;
    %parti/s 1, 1, 2;
    %flag_set/vec4 8;
    %jmp/0xz  T_97.10, 8;
    %load/vec4 v0x555594e28ba0_0;
    %parti/s 4, 4, 4;
    %load/vec4 v0x555594e28940_0;
    %pad/u 16;
    %ix/vec4 3;
    %ix/load 4, 4, 0; part off
    %ix/load 5, 0, 0; Constant delay
    %assign/vec4/a/d v0x555594e292e0, 4, 5;
T_97.10 ;
    %load/vec4 v0x555594e28d60_0;
    %parti/s 1, 2, 3;
    %flag_set/vec4 8;
    %jmp/0xz  T_97.12, 8;
    %load/vec4 v0x555594e28ba0_0;
    %parti/s 4, 8, 5;
    %load/vec4 v0x555594e28940_0;
    %pad/u 16;
    %ix/vec4 3;
    %ix/load 4, 8, 0; part off
    %ix/load 5, 0, 0; Constant delay
    %assign/vec4/a/d v0x555594e292e0, 4, 5;
T_97.12 ;
    %load/vec4 v0x555594e28d60_0;
    %parti/s 1, 3, 3;
    %flag_set/vec4 8;
    %jmp/0xz  T_97.14, 8;
    %load/vec4 v0x555594e28ba0_0;
    %parti/s 4, 12, 5;
    %load/vec4 v0x555594e28940_0;
    %pad/u 16;
    %ix/vec4 3;
    %ix/load 4, 12, 0; part off
    %ix/load 5, 0, 0; Constant delay
    %assign/vec4/a/d v0x555594e292e0, 4, 5;
T_97.14 ;
    %pushi/vec4 65535, 65535, 16;
    %assign/vec4 v0x555594e28c80_0, 0;
T_97.7 ;
T_97.4 ;
T_97.3 ;
T_97.1 ;
    %jmp T_97;
    .thread T_97;
# The file index is used to find the file name in the following table.
:file_names 22;
    "N/A";
    "<interactive>";
    "-";
    "./../../01_Boolean_Logic/And.v";
    "./../../01_Boolean_Logic/And16.v";
    "./../../01_Boolean_Logic/Buffer.v";
    "./../../01_Boolean_Logic/Buffer16.v";
    "DMux4Way_tb.v";
    "./../../01_Boolean_Logic/DMux4Way.v";
    "./../../01_Boolean_Logic/DMux.v";
    "/home/xpektra/.apio/packages/oss-cad-suite/share/yosys/ice40/cells_sim.v";
    "./../../01_Boolean_Logic/Mux.v";
    "./../../01_Boolean_Logic/Mux8Way16.v";
    "./../../01_Boolean_Logic/Mux4Way16.v";
    "./../../01_Boolean_Logic/Mux16.v";
    "./../../01_Boolean_Logic/Nand.v";
    "./../../01_Boolean_Logic/Not.v";
    "./../../01_Boolean_Logic/Not16.v";
    "./../../01_Boolean_Logic/Or.v";
    "./../../01_Boolean_Logic/Or16.v";
    "./../../01_Boolean_Logic/Or8Way.v";
    "./../../01_Boolean_Logic/Xor.v";
